security_id,symbol,timestamps,session_id,segment_id,open,high,low,close,volume,amount,amount_source
UPCOM_ABB,ABB,2020-12-28 09:00:00,599,0,7.48,7.72,6.42,6.46,3124600,21934692.0,derived_ohlc4
UPCOM_ABB,ABB,2020-12-29 09:00:00,600,0,6.66,6.8,6.51,6.51,1886191,12486584.419999998,derived_ohlc4
UPCOM_ABB,ABB,2020-12-30 09:00:00,601,0,6.71,6.76,6.51,6.56,1396514,9265870.389999999,derived_ohlc4
UPCOM_ABB,ABB,2020-12-31 09:00:00,602,0,6.56,6.56,6.42,6.51,1188032,7737058.399999999,derived_ohlc4
UPCOM_ABB,ABB,2021-01-04 09:00:00,603,0,6.51,6.56,6.32,6.32,1668474,10724116.635,derived_ohlc4
UPCOM_ABB,ABB,2021-01-05 09:00:00,604,0,6.42,6.42,6.03,6.37,2694485,17002200.35,derived_ohlc4
UPCOM_ABB,ABB,2021-01-06 09:00:00,605,0,6.27,6.71,6.27,6.56,1600793,10329116.8325,derived_ohlc4
UPCOM_ABB,ABB,2021-01-07 09:00:00,606,0,6.56,6.66,6.46,6.51,1282512,8397247.319999998,derived_ohlc4
UPCOM_ABB,ABB,2021-01-08 09:00:00,607,0,6.56,6.66,6.51,6.61,1895056,12478943.759999998,derived_ohlc4
UPCOM_ABB,ABB,2021-01-11 09:00:00,608,0,6.61,6.66,6.56,6.61,1430979,9458771.19,derived_ohlc4
UPCOM_ABB,ABB,2021-01-12 09:00:00,609,0,6.61,6.66,6.46,6.56,1199367,7882839.6075,derived_ohlc4
UPCOM_ABB,ABB,2021-01-13 09:00:00,610,0,6.56,6.66,6.46,6.51,1344451,8802792.9225,derived_ohlc4
UPCOM_ABB,ABB,2021-01-14 09:00:00,611,0,6.51,6.56,6.46,6.56,1011050,6594573.625,derived_ohlc4
UPCOM_ABB,ABB,2021-01-15 09:00:00,612,0,6.51,6.85,6.51,6.8,3513332,23425141.11,derived_ohlc4
UPCOM_ABB,ABB,2021-01-18 09:00:00,613,0,6.8,7.09,6.8,6.9,1699857,11724763.6575,derived_ohlc4
UPCOM_ABB,ABB,2021-01-19 09:00:00,614,0,6.95,7.0,6.27,6.51,1669363,11155518.247499999,derived_ohlc4
UPCOM_ABB,ABB,2021-01-20 09:00:00,615,0,6.51,6.61,6.03,6.46,1809537,11585560.642500002,derived_ohlc4
UPCOM_ABB,ABB,2021-01-21 09:00:00,616,0,6.51,6.61,6.42,6.61,968994,6334798.274999999,derived_ohlc4
UPCOM_ABB,ABB,2021-01-22 09:00:00,617,0,6.61,6.71,6.46,6.51,768123,5048488.4174999995,derived_ohlc4
UPCOM_ABB,ABB,2021-01-25 09:00:00,618,0,6.51,6.51,6.32,6.42,634245,4084537.8,derived_ohlc4
UPCOM_ABB,ABB,2021-01-26 09:00:00,619,0,6.42,6.42,6.03,6.08,1887092,11770736.350000001,derived_ohlc4
UPCOM_ABB,ABB,2021-01-27 09:00:00,620,0,6.13,6.27,5.94,5.98,795936,4839290.88,derived_ohlc4
UPCOM_ABB,ABB,2021-01-28 09:00:00,621,0,5.94,5.98,5.16,5.21,3779320,21060260.700000003,derived_ohlc4
UPCOM_ABB,ABB,2021-01-29 09:00:00,622,0,5.16,5.84,5.07,5.79,864558,4724809.47,derived_ohlc4
UPCOM_ABB,ABB,2021-02-01 09:00:00,623,0,5.79,5.94,5.55,5.6,427872,2447427.8400000003,derived_ohlc4
UPCOM_ABB,ABB,2021-02-02 09:00:00,624,0,5.69,5.79,5.4,5.74,1788081,10111598.055000002,derived_ohlc4
UPCOM_ABB,ABB,2021-02-03 09:00:00,625,0,5.69,5.98,5.64,5.94,957886,5567712.375000001,derived_ohlc4
UPCOM_ABB,ABB,2021-02-04 09:00:00,626,0,5.94,6.08,5.79,6.03,1986722,11840863.12,derived_ohlc4
UPCOM_ABB,ABB,2021-02-05 09:00:00,627,0,5.98,6.18,5.94,6.18,1295769,7865317.83,derived_ohlc4
UPCOM_ABB,ABB,2021-02-08 09:00:00,628,0,6.13,6.22,5.89,6.13,1463214,8914631.295,derived_ohlc4
UPCOM_ABB,ABB,2021-02-09 09:00:00,629,0,6.03,6.13,5.98,6.13,628355,3812543.9625,derived_ohlc4
UPCOM_ABB,ABB,2021-02-17 09:00:00,630,0,6.13,6.18,6.03,6.18,2926458,17939187.54,derived_ohlc4
UPCOM_ABB,ABB,2021-02-18 09:00:00,631,0,6.18,6.37,6.13,6.27,852997,5320568.7875,derived_ohlc4
UPCOM_ABB,ABB,2021-02-19 09:00:00,632,0,6.32,6.37,6.22,6.27,541969,3411694.855,derived_ohlc4
UPCOM_ABB,ABB,2021-02-22 09:00:00,633,0,6.27,6.32,6.22,6.22,729909,4567405.5675,derived_ohlc4
UPCOM_ABB,ABB,2021-02-23 09:00:00,634,0,6.22,6.22,6.13,6.22,605861,3754823.5475,derived_ohlc4
UPCOM_ABB,ABB,2021-02-24 09:00:00,635,0,6.22,6.27,6.13,6.18,655957,4066933.3999999994,derived_ohlc4
UPCOM_ABB,ABB,2021-02-25 09:00:00,636,0,6.22,6.22,6.13,6.13,372620,2300928.5,derived_ohlc4
UPCOM_ABB,ABB,2021-02-26 09:00:00,637,0,6.13,6.18,6.08,6.13,679000,4162270.0,derived_ohlc4
UPCOM_ABB,ABB,2021-03-01 09:00:00,638,0,6.13,6.22,6.13,6.18,1004444,6192397.26,derived_ohlc4
UPCOM_ABB,ABB,2021-03-02 09:00:00,639,0,6.27,6.27,6.18,6.18,1097250,6830381.25,derived_ohlc4
UPCOM_ABB,ABB,2021-03-03 09:00:00,640,0,6.22,6.22,6.13,6.18,1338919,8284561.3125,derived_ohlc4
UPCOM_ABB,ABB,2021-03-04 09:00:00,641,0,6.18,6.37,6.18,6.27,2346474,14665462.5,derived_ohlc4
UPCOM_ABB,ABB,2021-03-05 09:00:00,642,0,6.27,6.32,6.18,6.22,1283697,8019897.007499999,derived_ohlc4
UPCOM_ABB,ABB,2021-03-08 09:00:00,643,0,6.27,6.37,6.22,6.32,2594485,16332283.075,derived_ohlc4
UPCOM_ABB,ABB,2021-03-09 09:00:00,644,0,6.32,6.85,6.32,6.76,6415601,42102381.5625,derived_ohlc4
UPCOM_ABB,ABB,2021-03-10 09:00:00,645,0,6.8,7.0,6.66,6.8,2289910,15605736.65,derived_ohlc4
UPCOM_ABB,ABB,2021-03-11 09:00:00,646,0,6.85,6.9,6.66,6.71,2180547,14784108.66,derived_ohlc4
UPCOM_ABB,ABB,2021-03-12 09:00:00,647,0,6.66,6.8,6.66,6.76,2372801,15945222.72,derived_ohlc4
UPCOM_ABB,ABB,2021-03-15 09:00:00,648,0,6.76,6.8,6.71,6.8,2448443,16569838.0025,derived_ohlc4
UPCOM_ABB,ABB,2021-03-16 09:00:00,649,0,6.8,7.04,6.76,7.04,6346277,43852774.07,derived_ohlc4
UPCOM_ABB,ABB,2021-03-17 09:00:00,650,0,7.0,7.38,7.0,7.24,4548460,32544231.299999997,derived_ohlc4
UPCOM_ABB,ABB,2021-03-18 09:00:00,651,0,7.24,7.38,7.14,7.24,3639299,26384917.75,derived_ohlc4
UPCOM_ABB,ABB,2021-03-19 09:00:00,652,0,7.24,7.24,7.04,7.14,3632585,26027471.525,derived_ohlc4
UPCOM_ABB,ABB,2021-03-22 09:00:00,653,0,7.09,7.14,7.0,7.04,2044043,14446273.9025,derived_ohlc4
UPCOM_ABB,ABB,2021-03-23 09:00:00,654,0,7.04,7.09,6.85,7.0,2299036,16081756.819999998,derived_ohlc4
UPCOM_ABB,ABB,2021-03-24 09:00:00,655,0,6.9,6.9,6.56,6.76,2921161,19805471.58,derived_ohlc4
UPCOM_ABB,ABB,2021-03-25 09:00:00,656,0,6.76,6.85,6.66,6.76,1734031,11717714.4825,derived_ohlc4
UPCOM_ABB,ABB,2021-03-26 09:00:00,657,0,6.76,6.76,6.46,6.76,1565814,10467466.59,derived_ohlc4
UPCOM_ABB,ABB,2021-03-29 09:00:00,658,0,6.76,6.95,6.71,6.9,1616109,11038024.47,derived_ohlc4
UPCOM_ABB,ABB,2021-03-30 09:00:00,659,0,7.0,7.09,6.9,7.0,3520350,24633649.125,derived_ohlc4
UPCOM_ABB,ABB,2021-03-31 09:00:00,660,0,7.14,7.19,7.04,7.04,3160686,22448772.315,derived_ohlc4
UPCOM_ABB,ABB,2021-04-01 09:00:00,661,0,7.14,7.24,6.9,7.19,6379211,45404034.292500004,derived_ohlc4
UPCOM_ABB,ABB,2021-04-02 09:00:00,662,0,7.19,7.96,7.19,7.77,8148379,61336922.9225,derived_ohlc4
UPCOM_ABB,ABB,2021-04-05 09:00:00,663,0,7.82,8.44,7.72,8.3,6477154,52270632.78,derived_ohlc4
UPCOM_ABB,ABB,2021-04-06 09:00:00,664,0,8.4,8.44,7.96,8.15,4994357,41141015.7875,derived_ohlc4
UPCOM_ABB,ABB,2021-04-07 09:00:00,665,0,8.25,8.68,8.06,8.49,6305788,52779445.56000001,derived_ohlc4
UPCOM_ABB,ABB,2021-04-08 09:00:00,666,0,9.75,9.75,8.49,8.64,7216754,66087424.755,derived_ohlc4
UPCOM_ABB,ABB,2021-04-09 09:00:00,667,0,8.68,9.65,8.44,8.59,2497067,22074072.28,derived_ohlc4
UPCOM_ABB,ABB,2021-04-12 09:00:00,668,0,8.59,8.93,8.59,8.88,6079610,53181388.475,derived_ohlc4
UPCOM_ABB,ABB,2021-04-13 09:00:00,669,0,8.93,8.97,8.4,8.54,5918919,51553784.489999995,derived_ohlc4
UPCOM_ABB,ABB,2021-04-14 09:00:00,670,0,8.64,8.64,8.35,8.64,3147210,26963721.675,derived_ohlc4
UPCOM_ABB,ABB,2021-04-15 09:00:00,671,0,8.59,8.68,8.44,8.49,3043022,26017838.1,derived_ohlc4
UPCOM_ABB,ABB,2021-04-16 09:00:00,672,0,8.54,8.54,7.91,8.2,6027301,50011530.0475,derived_ohlc4
UPCOM_ABB,ABB,2021-04-19 09:00:00,673,0,8.25,8.35,7.96,8.3,1752980,14400730.7,derived_ohlc4
UPCOM_ABB,ABB,2021-04-20 09:00:00,674,0,8.44,8.49,8.15,8.25,2242837,18688439.3025,derived_ohlc4
UPCOM_ABB,ABB,2021-04-22 09:00:00,675,0,8.25,8.3,7.86,7.91,2855735,23074338.8,derived_ohlc4
UPCOM_ABB,ABB,2021-04-23 09:00:00,676,0,7.91,8.15,7.72,8.06,3079570,24513377.200000003,derived_ohlc4
UPCOM_ABB,ABB,2021-04-26 09:00:00,677,0,7.96,8.2,7.72,7.82,2083817,16514249.725,derived_ohlc4
UPCOM_ABB,ABB,2021-04-27 09:00:00,678,0,7.86,7.91,7.72,7.86,1122140,8794772.25,derived_ohlc4
UPCOM_ABB,ABB,2021-04-28 09:00:00,679,0,7.86,8.11,7.82,8.06,1867030,14866226.375,derived_ohlc4
UPCOM_ABB,ABB,2021-04-29 09:00:00,680,0,8.06,8.3,8.06,8.25,3091510,25249907.925,derived_ohlc4
UPCOM_ABB,ABB,2021-05-04 09:00:00,681,0,7.96,8.3,7.86,8.2,2519480,20357398.4,derived_ohlc4
UPCOM_ABB,ABB,2021-05-05 09:00:00,682,0,8.15,8.44,8.15,8.35,3356560,27767142.6,derived_ohlc4
UPCOM_ABB,ABB,2021-05-06 09:00:00,683,0,8.3,8.78,8.2,8.68,9123091,77455042.58999999,derived_ohlc4
UPCOM_ABB,ABB,2021-05-07 09:00:00,684,0,8.64,8.78,8.44,8.59,5115141,44054151.862500004,derived_ohlc4
UPCOM_ABB,ABB,2021-05-10 09:00:00,685,0,8.59,8.88,8.44,8.73,5881726,50935747.160000004,derived_ohlc4
UPCOM_ABB,ABB,2021-05-11 09:00:00,686,0,8.73,8.83,8.59,8.59,3986339,34621354.215,derived_ohlc4
UPCOM_ABB,ABB,2021-05-12 09:00:00,687,0,8.64,8.68,8.49,8.64,3235146,27862694.925,derived_ohlc4
UPCOM_ABB,ABB,2021-05-13 09:00:00,688,0,8.64,8.83,8.54,8.68,4826484,41857682.489999995,derived_ohlc4
UPCOM_ABB,ABB,2021-05-14 09:00:00,689,0,8.68,9.22,8.68,9.07,6584869,58687644.9625,derived_ohlc4
UPCOM_ABB,ABB,2021-05-17 09:00:00,690,0,9.02,9.17,8.83,8.93,3731120,33533440.999999996,derived_ohlc4
UPCOM_ABB,ABB,2021-05-18 09:00:00,691,0,8.93,8.97,8.68,8.83,3279691,29033464.577499997,derived_ohlc4
UPCOM_ABB,ABB,2021-05-19 09:00:00,692,0,8.83,8.93,8.73,8.93,3022172,26761333.060000002,derived_ohlc4
UPCOM_ABB,ABB,2021-05-20 09:00:00,693,0,8.88,9.36,8.83,9.22,6307742,57226989.295,derived_ohlc4
UPCOM_ABB,ABB,2021-05-21 09:00:00,694,0,9.22,9.6,9.17,9.41,5010102,46844453.70000001,derived_ohlc4
UPCOM_ABB,ABB,2021-05-24 09:00:00,695,0,9.51,9.51,9.26,9.36,3551158,33416396.78,derived_ohlc4
UPCOM_ABB,ABB,2021-05-25 09:00:00,696,0,9.36,9.55,9.26,9.46,4302393,40474762.1475,derived_ohlc4
UPCOM_ABB,ABB,2021-05-26 09:00:00,697,0,9.41,9.84,9.41,9.65,5979051,57264360.9525,derived_ohlc4
UPCOM_ABB,ABB,2021-05-27 09:00:00,698,0,9.75,10.86,9.65,10.37,10970976,111437688.71999998,derived_ohlc4
UPCOM_ABB,ABB,2021-05-28 09:00:00,699,0,10.37,11.05,10.23,10.95,8030163,85521235.95,derived_ohlc4
UPCOM_ABB,ABB,2021-05-31 09:00:00,700,0,10.95,12.3,10.71,12.06,12708209,146207944.54500002,derived_ohlc4
UPCOM_ABB,ABB,2021-06-01 09:00:00,701,0,12.3,12.45,11.34,11.77,11380879,136172217.23499998,derived_ohlc4
UPCOM_ABB,ABB,2021-06-02 09:00:00,702,0,11.77,11.77,11.1,11.39,8133179,93592557.3425,derived_ohlc4
UPCOM_ABB,ABB,2021-06-03 09:00:00,703,0,11.39,12.4,11.24,12.06,8006045,94251164.7625,derived_ohlc4
UPCOM_ABB,ABB,2021-06-04 09:00:00,704,0,11.97,12.5,11.72,11.92,5990691,72053036.0025,derived_ohlc4
UPCOM_ABB,ABB,2021-06-07 09:00:00,705,0,11.97,12.01,10.95,11.1,6443115,74144145.8625,derived_ohlc4
UPCOM_ABB,ABB,2021-06-08 09:00:00,706,0,11.05,11.34,10.08,10.23,6273536,66969996.800000004,derived_ohlc4
UPCOM_ABB,ABB,2021-06-09 09:00:00,707,0,10.13,10.95,9.8,10.62,5587021,57965342.875,derived_ohlc4
UPCOM_ABB,ABB,2021-06-10 09:00:00,708,0,10.62,10.76,10.18,10.28,3337254,34907676.839999996,derived_ohlc4
UPCOM_ABB,ABB,2021-06-11 09:00:00,709,0,10.28,11.15,10.28,10.86,3141491,33433317.9675,derived_ohlc4
UPCOM_ABB,ABB,2021-06-14 09:00:00,710,0,10.9,11.05,10.62,10.76,3419709,37043997.7425,derived_ohlc4
UPCOM_ABB,ABB,2021-06-15 09:00:00,711,0,10.86,10.86,10.37,10.62,2407856,25709882.439999998,derived_ohlc4
UPCOM_ABB,ABB,2021-06-16 09:00:00,712,0,10.62,10.62,10.32,10.47,2240017,23536978.6275,derived_ohlc4
UPCOM_ABB,ABB,2021-06-17 09:00:00,713,0,10.47,10.47,10.13,10.42,2385688,24745548.78,derived_ohlc4
UPCOM_ABB,ABB,2021-06-18 09:00:00,714,0,10.42,10.62,10.37,10.57,2043605,21447634.474999998,derived_ohlc4
UPCOM_ABB,ABB,2021-06-21 09:00:00,715,0,10.57,10.81,10.32,10.42,1566222,16492317.660000002,derived_ohlc4
UPCOM_ABB,ABB,2021-06-22 09:00:00,716,0,10.42,10.81,10.32,10.71,4251778,44920034.57000001,derived_ohlc4
UPCOM_ABB,ABB,2021-06-23 09:00:00,717,0,10.71,11.24,10.71,10.95,4238488,46210115.42,derived_ohlc4
UPCOM_ABB,ABB,2021-06-24 09:00:00,718,0,10.95,11.24,10.81,10.86,1624247,17809868.355,derived_ohlc4
UPCOM_ABB,ABB,2021-06-25 09:00:00,719,0,10.86,10.9,10.62,10.86,1733334,18737340.54,derived_ohlc4
UPCOM_ABB,ABB,2021-06-28 09:00:00,720,0,10.9,11.15,10.86,11.15,4464844,49180256.66,derived_ohlc4
UPCOM_ABB,ABB,2021-06-29 09:00:00,721,0,11.15,11.53,11.15,11.24,4105325,46256749.4375,derived_ohlc4
UPCOM_ABB,ABB,2021-06-30 09:00:00,722,0,11.29,11.39,11.1,11.19,2413082,27129074.384999998,derived_ohlc4
UPCOM_ABB,ABB,2021-07-01 09:00:00,723,0,11.1,11.34,10.95,11.29,3566154,39833940.18,derived_ohlc4
UPCOM_ABB,ABB,2021-07-02 09:00:00,724,0,11.29,11.48,11.29,11.39,3225907,36654368.2875,derived_ohlc4
UPCOM_ABB,ABB,2021-07-05 09:00:00,725,0,11.44,11.68,11.24,11.58,5270616,60533024.76,derived_ohlc4
UPCOM_ABB,ABB,2021-07-06 09:00:00,726,0,11.58,11.97,10.62,11.05,5271799,59597687.695,derived_ohlc4
UPCOM_ABB,ABB,2021-07-07 09:00:00,727,0,11.05,11.24,10.71,11.24,3432010,37958030.6,derived_ohlc4
UPCOM_ABB,ABB,2021-07-08 09:00:00,728,0,11.24,11.24,10.81,10.86,2408492,26583730.45,derived_ohlc4
UPCOM_ABB,ABB,2021-07-09 09:00:00,729,0,10.86,11.72,10.66,11.34,7478023,83342566.335,derived_ohlc4
UPCOM_ABB,ABB,2021-07-12 09:00:00,730,0,11.34,11.39,9.65,10.42,4378431,46849211.7,derived_ohlc4
UPCOM_ABB,ABB,2021-07-13 09:00:00,731,0,10.57,10.81,10.18,10.52,2448132,25754348.64,derived_ohlc4
UPCOM_ABB,ABB,2021-07-14 09:00:00,732,0,10.52,10.57,9.75,9.99,3117444,31821309.63,derived_ohlc4
UPCOM_ABB,ABB,2021-07-15 09:00:00,733,0,9.89,10.37,9.84,10.28,1554309,15690749.354999999,derived_ohlc4
UPCOM_ABB,ABB,2021-07-16 09:00:00,734,0,10.28,10.37,10.08,10.13,1384386,14141502.99,derived_ohlc4
UPCOM_ABB,ABB,2021-07-19 09:00:00,735,0,10.04,10.08,8.78,8.93,4841235,45785980.012499996,derived_ohlc4
UPCOM_ABB,ABB,2021-07-20 09:00:00,736,0,8.68,9.41,8.64,9.31,2781242,25058990.419999998,derived_ohlc4
UPCOM_ABB,ABB,2021-07-21 09:00:00,737,0,8.68,9.51,8.68,9.26,1264744,11423800.179999998,derived_ohlc4
UPCOM_ABB,ABB,2021-07-22 09:00:00,738,0,9.31,9.51,9.07,9.51,1509569,14114470.15,derived_ohlc4
UPCOM_ABB,ABB,2021-07-23 09:00:00,739,0,9.51,9.55,9.17,9.26,1554394,14568557.765,derived_ohlc4
UPCOM_ABB,ABB,2021-07-26 09:00:00,740,0,9.17,9.22,8.93,9.12,1263142,11507223.62,derived_ohlc4
UPCOM_ABB,ABB,2021-07-27 09:00:00,741,0,9.12,9.36,9.12,9.31,1118235,10318513.462499999,derived_ohlc4
UPCOM_ABB,ABB,2021-07-28 09:00:00,742,0,9.31,9.31,9.12,9.17,832637,7683157.9175,derived_ohlc4
UPCOM_ABB,ABB,2021-07-29 09:00:00,743,0,9.17,9.75,9.17,9.75,2329717,22039122.82,derived_ohlc4
UPCOM_ABB,ABB,2021-07-30 09:00:00,744,0,9.7,9.99,9.7,9.99,2167381,21337865.944999997,derived_ohlc4
UPCOM_ABB,ABB,2021-08-02 09:00:00,745,0,9.99,10.13,9.75,10.04,2258126,22530452.165,derived_ohlc4
UPCOM_ABB,ABB,2021-08-03 09:00:00,746,0,10.04,10.32,9.89,10.28,3199606,32420007.795,derived_ohlc4
UPCOM_ABB,ABB,2021-08-04 09:00:00,747,0,10.18,10.28,10.08,10.18,1607435,16363688.299999999,derived_ohlc4
UPCOM_ABB,ABB,2021-08-05 09:00:00,748,0,10.08,10.28,10.04,10.23,1216091,12352444.332499998,derived_ohlc4
UPCOM_ABB,ABB,2021-08-06 09:00:00,749,0,10.23,10.28,10.13,10.18,2064740,21070671.7,derived_ohlc4
UPCOM_ABB,ABB,2021-08-09 09:00:00,750,0,10.13,10.28,9.99,10.18,1790083,18160392.035,derived_ohlc4
UPCOM_ABB,ABB,2021-08-10 09:00:00,751,0,10.23,10.62,10.18,10.62,3098059,32258539.3375,derived_ohlc4
UPCOM_ABB,ABB,2021-08-11 09:00:00,752,0,10.62,10.76,10.47,10.57,2454317,26028031.785,derived_ohlc4
UPCOM_ABB,ABB,2021-08-12 09:00:00,753,0,10.57,10.66,10.47,10.57,1754540,18541101.450000003,derived_ohlc4
UPCOM_ABB,ABB,2021-08-13 09:00:00,754,0,10.57,10.57,10.13,10.47,2317528,24183404.68,derived_ohlc4
UPCOM_ABB,ABB,2021-08-16 09:00:00,755,0,10.32,10.71,10.28,10.66,2438889,25590042.8325,derived_ohlc4
UPCOM_ABB,ABB,2021-08-17 09:00:00,756,0,10.66,10.95,10.62,10.81,2728245,29355916.2,derived_ohlc4
UPCOM_ABB,ABB,2021-08-18 09:00:00,757,0,10.81,10.81,10.62,10.76,1163721,12510000.75,derived_ohlc4
UPCOM_ABB,ABB,2021-08-19 09:00:00,758,0,10.71,10.71,10.47,10.62,2105819,22379591.4225,derived_ohlc4
UPCOM_ABB,ABB,2021-08-20 09:00:00,759,0,10.62,10.62,9.8,9.99,3606154,36990124.655,derived_ohlc4
UPCOM_ABB,ABB,2021-08-23 09:00:00,760,0,9.99,9.99,9.7,9.75,2733229,26942804.8675,derived_ohlc4
UPCOM_ABB,ABB,2021-08-24 09:00:00,761,0,9.75,9.89,9.65,9.8,1672258,16342141.305000002,derived_ohlc4
UPCOM_ABB,ABB,2021-08-25 09:00:00,762,0,9.8,9.89,9.65,9.89,878912,8619929.440000001,derived_ohlc4
UPCOM_ABB,ABB,2021-08-26 09:00:00,763,0,9.89,10.08,9.7,9.84,981496,9694726.74,derived_ohlc4
UPCOM_ABB,ABB,2021-08-27 09:00:00,764,0,9.65,9.84,9.55,9.8,1801449,17492069.790000003,derived_ohlc4
UPCOM_ABB,ABB,2021-08-30 09:00:00,765,0,9.8,9.89,9.65,9.89,1454097,14261056.3275,derived_ohlc4
UPCOM_ABB,ABB,2021-08-31 09:00:00,766,0,9.89,10.04,9.75,9.8,1389468,13714049.160000002,derived_ohlc4
UPCOM_ABB,ABB,2021-09-01 09:00:00,767,0,9.8,9.84,9.65,9.75,1651735,16120933.6,derived_ohlc4
UPCOM_ABB,ABB,2021-09-06 09:00:00,768,0,9.75,9.84,9.7,9.8,2021081,19751014.0725,derived_ohlc4
UPCOM_ABB,ABB,2021-09-07 09:00:00,769,0,9.84,10.32,9.84,10.13,3923538,39362894.985,derived_ohlc4
UPCOM_ABB,ABB,2021-09-08 09:00:00,770,0,10.32,10.86,10.04,10.08,1270371,13116580.575,derived_ohlc4
UPCOM_ABB,ABB,2021-09-09 09:00:00,771,0,10.08,10.08,9.94,10.04,1401505,14064102.675,derived_ohlc4
UPCOM_ABB,ABB,2021-09-10 09:00:00,772,0,10.23,10.37,9.94,9.99,1618521,16399664.0325,derived_ohlc4
UPCOM_ABB,ABB,2021-09-13 09:00:00,773,0,9.99,9.99,9.75,9.84,1300468,12864879.69,derived_ohlc4
UPCOM_ABB,ABB,2021-09-14 09:00:00,774,0,9.8,9.84,9.7,9.75,959367,9375414.0075,derived_ohlc4
UPCOM_ABB,ABB,2021-09-15 09:00:00,775,0,9.7,9.94,9.65,9.84,1178072,11524489.339999998,derived_ohlc4
UPCOM_ABB,ABB,2021-09-16 09:00:00,776,0,9.89,9.99,9.8,9.99,992052,9838675.71,derived_ohlc4
UPCOM_ABB,ABB,2021-09-17 09:00:00,777,0,9.89,10.18,9.89,10.08,2199215,22014142.15,derived_ohlc4
UPCOM_ABB,ABB,2021-09-20 09:00:00,778,0,10.13,10.57,10.08,10.32,3371542,34642594.050000004,derived_ohlc4
UPCOM_ABB,ABB,2021-09-21 09:00:00,779,0,10.32,10.32,10.04,10.13,2124766,21677925.115000002,derived_ohlc4
UPCOM_ABB,ABB,2021-09-22 09:00:00,780,0,10.08,10.28,10.08,10.28,1265745,12885284.1,derived_ohlc4
UPCOM_ABB,ABB,2021-09-23 09:00:00,781,0,10.32,10.62,10.18,10.52,4084514,42519790.74,derived_ohlc4
UPCOM_ABB,ABB,2021-09-24 09:00:00,782,0,10.52,10.81,10.47,10.62,4323552,45851268.95999999,derived_ohlc4
UPCOM_ABB,ABB,2021-09-27 09:00:00,783,0,10.62,10.81,10.13,10.18,1798475,18767086.625,derived_ohlc4
UPCOM_ABB,ABB,2021-09-28 09:00:00,784,0,10.13,10.28,9.89,10.28,1585885,16088803.325,derived_ohlc4
UPCOM_ABB,ABB,2021-09-29 09:00:00,785,0,10.13,10.18,9.94,10.04,1209946,12187181.084999999,derived_ohlc4
UPCOM_ABB,ABB,2021-09-30 09:00:00,786,0,10.04,10.23,10.04,10.18,1064206,10772425.235,derived_ohlc4
UPCOM_ABB,ABB,2021-10-01 09:00:00,787,0,10.13,10.13,9.89,9.94,1924284,19286136.39,derived_ohlc4
UPCOM_ABB,ABB,2021-10-04 09:00:00,788,0,9.94,9.99,9.8,9.89,2499832,24760835.960000005,derived_ohlc4
UPCOM_ABB,ABB,2021-10-05 09:00:00,789,0,9.84,9.99,9.8,9.94,784574,7761398.295,derived_ohlc4
UPCOM_ABB,ABB,2021-10-06 09:00:00,790,0,9.94,9.99,9.84,9.99,722082,7177495.08,derived_ohlc4
UPCOM_ABB,ABB,2021-10-07 09:00:00,791,0,10.04,10.08,9.94,9.99,663189,6640179.8625,derived_ohlc4
UPCOM_ABB,ABB,2021-10-08 09:00:00,792,0,9.89,10.04,8.49,9.99,782347,7512487.067500001,derived_ohlc4
UPCOM_ABB,ABB,2021-10-11 09:00:00,793,0,9.94,10.23,9.94,10.23,1348518,13599804.030000001,derived_ohlc4
UPCOM_ABB,ABB,2021-10-12 09:00:00,794,0,8.59,10.37,8.59,10.18,809702,7637514.115000001,derived_ohlc4
UPCOM_ABB,ABB,2021-10-13 09:00:00,795,0,8.68,10.23,8.68,10.18,785298,7415176.364999999,derived_ohlc4
UPCOM_ABB,ABB,2021-10-14 09:00:00,796,0,9.65,10.32,9.65,10.18,1576654,15687707.299999999,derived_ohlc4
UPCOM_ABB,ABB,2021-10-15 09:00:00,797,0,9.65,10.28,9.65,10.23,1620327,16126304.467500001,derived_ohlc4
UPCOM_ABB,ABB,2021-10-18 09:00:00,798,0,9.89,10.28,9.89,10.13,1029405,10342946.7375,derived_ohlc4
UPCOM_ABB,ABB,2021-10-19 09:00:00,799,0,9.89,10.18,9.89,10.08,770584,7713545.84,derived_ohlc4
UPCOM_ABB,ABB,2021-10-20 09:00:00,800,0,9.89,10.23,9.89,10.13,1382027,13868640.945,derived_ohlc4
UPCOM_ABB,ABB,2021-10-21 09:00:00,801,0,10.04,10.23,10.04,10.18,922848,9341528.879999999,derived_ohlc4
UPCOM_ABB,ABB,2021-10-22 09:00:00,802,0,9.89,10.23,9.89,10.13,938393,9416773.755,derived_ohlc4
UPCOM_ABB,ABB,2021-10-25 09:00:00,803,0,9.89,10.13,9.89,9.94,1186289,11818404.1625,derived_ohlc4
UPCOM_ABB,ABB,2021-10-26 09:00:00,804,0,10.04,10.04,9.89,10.04,1239893,12402029.7325,derived_ohlc4
UPCOM_ABB,ABB,2021-10-27 09:00:00,805,0,8.59,10.62,8.59,10.37,2600085,24811311.1125,derived_ohlc4
UPCOM_ABB,ABB,2021-10-28 09:00:00,806,0,10.42,10.57,10.28,10.32,2252543,23420815.8425,derived_ohlc4
UPCOM_ABB,ABB,2021-10-29 09:00:00,807,0,9.7,10.47,9.7,10.37,2171755,21847855.3,derived_ohlc4
UPCOM_ABB,ABB,2021-11-01 09:00:00,808,0,10.37,10.52,10.32,10.47,2903547,30254959.74,derived_ohlc4
UPCOM_ABB,ABB,2021-11-02 09:00:00,809,0,10.62,10.81,10.42,10.62,5279714,56057363.394999996,derived_ohlc4
UPCOM_ABB,ABB,2021-11-03 09:00:00,810,0,10.76,11.72,10.62,11.24,8675121,96163716.28500001,derived_ohlc4
UPCOM_ABB,ABB,2021-11-04 09:00:00,811,0,11.58,11.58,11.15,11.24,3339916,38033293.45,derived_ohlc4
UPCOM_ABB,ABB,2021-11-05 09:00:00,812,0,11.1,11.34,10.95,11.05,2347852,26084635.72,derived_ohlc4
UPCOM_ABB,ABB,2021-11-08 09:00:00,813,0,11.05,11.19,10.81,11.0,5122248,56408756.10000001,derived_ohlc4
UPCOM_ABB,ABB,2021-11-09 09:00:00,814,0,11.95,12.0,11.36,11.52,3071611,35960885.7825,derived_ohlc4
UPCOM_ABB,ABB,2021-11-10 09:00:00,815,0,11.52,11.58,11.21,11.36,1800883,20561581.6525,derived_ohlc4
UPCOM_ABB,ABB,2021-11-11 09:00:00,816,0,11.36,11.36,10.94,11.15,2920142,32712890.754999995,derived_ohlc4
UPCOM_ABB,ABB,2021-11-12 09:00:00,817,0,10.94,11.31,10.94,11.31,1484280,16512615.0,derived_ohlc4
UPCOM_ABB,ABB,2021-11-15 09:00:00,818,0,9.45,11.36,9.45,11.15,1394029,14431685.222499998,derived_ohlc4
UPCOM_ABB,ABB,2021-11-16 09:00:00,819,0,9.82,11.31,9.82,11.1,1259536,13240872.200000001,derived_ohlc4
UPCOM_ABB,ABB,2021-11-17 09:00:00,820,0,11.21,11.21,11.05,11.15,1162710,12970030.049999999,derived_ohlc4
UPCOM_ABB,ABB,2021-11-18 09:00:00,821,0,11.05,11.31,11.05,11.1,1706396,18987921.49,derived_ohlc4
UPCOM_ABB,ABB,2021-11-19 09:00:00,822,0,11.05,11.68,11.05,11.42,3821388,43181684.400000006,derived_ohlc4
UPCOM_ABB,ABB,2021-11-22 09:00:00,823,0,11.26,12.43,11.26,12.06,7425098,87263464.24499999,derived_ohlc4
UPCOM_ABB,ABB,2021-11-23 09:00:00,824,0,12.22,12.22,11.58,11.9,1953114,23398305.720000003,derived_ohlc4
UPCOM_ABB,ABB,2021-11-24 09:00:00,825,0,12.22,13.01,11.74,12.85,11773565,146639752.075,derived_ohlc4
UPCOM_ABB,ABB,2021-11-25 09:00:00,826,0,13.01,13.01,12.53,12.75,4011387,51446038.275,derived_ohlc4
UPCOM_ABB,ABB,2021-11-26 09:00:00,827,0,11.68,12.85,11.68,12.48,3107531,37826421.0975,derived_ohlc4
UPCOM_ABB,ABB,2021-11-29 09:00:00,828,0,12.0,12.27,11.95,12.16,3617859,43758004.605,derived_ohlc4
UPCOM_ABB,ABB,2021-11-30 09:00:00,829,0,12.11,12.37,11.68,11.79,4849477,58133105.537499994,derived_ohlc4
UPCOM_ABB,ABB,2021-12-01 09:00:00,830,0,10.36,12.0,10.36,11.95,2977215,33248048.512500003,derived_ohlc4
UPCOM_ABB,ABB,2021-12-02 09:00:00,831,0,11.74,12.0,11.74,11.79,987045,11664404.287500001,derived_ohlc4
UPCOM_ABB,ABB,2021-12-03 09:00:00,832,0,10.14,11.9,10.14,11.36,3213269,34976433.065,derived_ohlc4
UPCOM_ABB,ABB,2021-12-06 09:00:00,833,0,11.42,11.47,10.73,10.94,3236798,36057929.72,derived_ohlc4
UPCOM_ABB,ABB,2021-12-07 09:00:00,834,0,10.36,11.31,10.36,11.21,1396883,15100305.23,derived_ohlc4
UPCOM_ABB,ABB,2021-12-08 09:00:00,835,0,11.15,11.42,11.05,11.15,3263119,36522459.407500006,derived_ohlc4
UPCOM_ABB,ABB,2021-12-09 09:00:00,836,0,11.63,11.63,11.1,11.26,877812,10011445.86,derived_ohlc4
UPCOM_ABB,ABB,2021-12-10 09:00:00,837,0,9.82,11.42,9.82,11.21,1212060,12808444.05,derived_ohlc4
UPCOM_ABB,ABB,2021-12-13 09:00:00,838,0,11.05,11.26,11.05,11.15,1714745,19080824.9875,derived_ohlc4
UPCOM_ABB,ABB,2021-12-14 09:00:00,839,0,11.15,11.21,10.99,11.1,1767901,19645799.8625,derived_ohlc4
UPCOM_ABB,ABB,2021-12-15 09:00:00,840,0,10.94,11.26,10.94,11.1,1406692,15558013.520000001,derived_ohlc4
UPCOM_ABB,ABB,2021-12-16 09:00:00,841,0,10.94,11.15,10.94,11.05,1387817,15293743.34,derived_ohlc4
UPCOM_ABB,ABB,2021-12-17 09:00:00,842,0,10.89,11.1,10.89,11.1,1793895,19723875.525000002,derived_ohlc4
UPCOM_ABB,ABB,2021-12-20 09:00:00,843,0,11.1,11.26,11.05,11.21,1498049,16710736.594999999,derived_ohlc4
UPCOM_ABB,ABB,2021-12-21 09:00:00,844,0,11.26,11.26,11.05,11.15,1119431,12515238.58,derived_ohlc4
UPCOM_ABB,ABB,2021-12-22 09:00:00,845,0,11.68,11.68,10.99,11.1,1399073,15896966.9625,derived_ohlc4
UPCOM_ABB,ABB,2021-12-23 09:00:00,846,0,11.26,11.26,10.73,10.89,3309859,36524294.065,derived_ohlc4
UPCOM_ABB,ABB,2021-12-24 09:00:00,847,0,11.15,11.36,10.89,11.31,3437579,38423539.2725,derived_ohlc4
UPCOM_ABB,ABB,2021-12-27 09:00:00,848,0,11.31,12.75,11.31,11.9,5589501,66053928.0675,derived_ohlc4
UPCOM_ABB,ABB,2021-12-28 09:00:00,849,0,12.22,12.48,11.9,12.22,4801813,58606127.665,derived_ohlc4
UPCOM_ABB,ABB,2021-12-29 09:00:00,850,0,12.22,12.32,11.9,11.95,3042459,36806147.7525,derived_ohlc4
UPCOM_ABB,ABB,2021-12-30 09:00:00,851,0,12.06,12.16,11.42,11.52,4669777,55056670.83,derived_ohlc4
UPCOM_ABB,ABB,2021-12-31 09:00:00,852,0,11.68,11.95,11.52,11.68,2315161,27104747.4075,derived_ohlc4
UPCOM_ABB,ABB,2022-01-04 09:00:00,853,0,11.9,11.95,11.58,11.74,2677870,31578781.975,derived_ohlc4
UPCOM_ABB,ABB,2022-01-05 09:00:00,854,0,11.95,12.0,11.68,11.74,4339612,51391855.11,derived_ohlc4
UPCOM_ABB,ABB,2022-01-06 09:00:00,855,0,11.79,11.95,11.42,11.52,2683357,31314776.189999994,derived_ohlc4
UPCOM_ABB,ABB,2022-01-07 09:00:00,856,0,11.68,11.68,11.47,11.68,2356401,27399052.627499998,derived_ohlc4
UPCOM_ABB,ABB,2022-01-10 09:00:00,857,0,11.68,11.68,11.21,11.26,3292396,37722627.17,derived_ohlc4
UPCOM_ABB,ABB,2022-01-11 09:00:00,858,0,11.42,11.42,11.1,11.15,2111110,23797487.474999998,derived_ohlc4
UPCOM_ABB,ABB,2022-01-12 09:00:00,859,0,11.26,11.47,10.94,11.42,3346275,37720884.9375,derived_ohlc4
UPCOM_ABB,ABB,2022-01-13 09:00:00,860,0,11.42,11.74,11.31,11.36,2867623,32855790.522499997,derived_ohlc4
UPCOM_ABB,ABB,2022-01-14 09:00:00,861,0,11.52,11.74,11.42,11.63,3185278,36877556.045,derived_ohlc4
UPCOM_ABB,ABB,2022-01-17 09:00:00,862,0,11.63,11.68,11.21,11.21,3639020,41603096.150000006,derived_ohlc4
UPCOM_ABB,ABB,2022-01-18 09:00:00,863,0,11.21,11.42,10.94,11.05,2371280,26451628.400000002,derived_ohlc4
UPCOM_ABB,ABB,2022-01-19 09:00:00,864,0,11.1,11.21,10.99,11.15,1026169,11403303.012500001,derived_ohlc4
UPCOM_ABB,ABB,2022-01-20 09:00:00,865,0,11.31,11.42,10.99,11.21,1406080,15793793.6,derived_ohlc4
UPCOM_ABB,ABB,2022-01-21 09:00:00,866,0,11.21,11.42,11.1,11.31,2478109,27903507.340000004,derived_ohlc4
UPCOM_ABB,ABB,2022-01-24 09:00:00,867,0,11.42,11.42,11.1,11.15,2146739,24199115.377499998,derived_ohlc4
UPCOM_ABB,ABB,2022-01-25 09:00:00,868,0,11.31,11.52,11.1,11.47,2160994,24527281.9,derived_ohlc4
UPCOM_ABB,ABB,2022-01-26 09:00:00,869,0,11.52,12.22,11.52,12.0,5025759,59379342.58500001,derived_ohlc4
UPCOM_ABB,ABB,2022-01-27 09:00:00,870,0,12.06,12.16,11.95,12.0,2045522,24633198.685000002,derived_ohlc4
UPCOM_ABB,ABB,2022-01-28 09:00:00,871,0,12.06,12.32,12.0,12.22,3045134,36998378.1,derived_ohlc4
UPCOM_ABB,ABB,2022-02-07 09:00:00,872,0,12.22,12.48,12.16,12.32,3806624,46802442.08,derived_ohlc4
UPCOM_ABB,ABB,2022-02-08 09:00:00,873,0,12.48,12.48,12.16,12.27,3861386,47678463.635,derived_ohlc4
UPCOM_ABB,ABB,2022-02-09 09:00:00,874,0,12.32,12.32,12.11,12.22,5550187,67948164.3475,derived_ohlc4
UPCOM_ABB,ABB,2022-02-10 09:00:00,875,0,12.22,13.65,12.22,13.08,7924417,101373104.4725,derived_ohlc4
UPCOM_ABB,ABB,2022-02-11 09:00:00,876,0,13.08,13.29,12.86,13.01,2766652,36132475.12,derived_ohlc4
UPCOM_ABB,ABB,2022-02-14 09:00:00,877,0,13.01,13.08,12.43,12.58,4203103,53694640.824999996,derived_ohlc4
UPCOM_ABB,ABB,2022-02-15 09:00:00,878,0,12.58,12.65,12.29,12.5,2810120,35140550.599999994,derived_ohlc4
UPCOM_ABB,ABB,2022-02-16 09:00:00,879,0,12.5,12.58,12.36,12.58,1762053,22034472.764999997,derived_ohlc4
UPCOM_ABB,ABB,2022-02-17 09:00:00,880,0,12.58,12.58,12.43,12.5,1329928,16654023.38,derived_ohlc4
UPCOM_ABB,ABB,2022-02-18 09:00:00,881,0,12.5,12.5,12.36,12.43,1369386,17045432.235,derived_ohlc4
UPCOM_ABB,ABB,2022-02-21 09:00:00,882,0,12.5,12.5,12.29,12.43,2014775,25043653.25,derived_ohlc4
UPCOM_ABB,ABB,2022-02-22 09:00:00,883,0,12.29,12.43,12.07,12.22,3366573,41248935.6825,derived_ohlc4
UPCOM_ABB,ABB,2022-02-23 09:00:00,884,0,12.29,12.43,12.22,12.29,1199752,14765947.739999998,derived_ohlc4
UPCOM_ABB,ABB,2022-02-24 09:00:00,885,0,12.29,12.29,11.86,12.0,3115059,37723364.489999995,derived_ohlc4
UPCOM_ABB,ABB,2022-02-25 09:00:00,886,0,12.07,12.22,12.0,12.14,1505363,18226182.5225,derived_ohlc4
UPCOM_ABB,ABB,2022-02-28 09:00:00,887,0,12.14,12.14,11.93,12.07,1104659,13333234.13,derived_ohlc4
UPCOM_ABB,ABB,2022-03-01 09:00:00,888,0,12.07,12.07,11.93,12.07,1337649,16098605.715,derived_ohlc4
UPCOM_ABB,ABB,2022-03-02 09:00:00,889,0,12.0,12.07,11.78,11.93,1442080,17225645.6,derived_ohlc4
UPCOM_ABB,ABB,2022-03-03 09:00:00,890,0,11.93,12.0,11.78,12.0,1133404,13518676.21,derived_ohlc4
UPCOM_ABB,ABB,2022-03-04 09:00:00,891,0,12.0,12.14,11.86,12.0,2039626,24475512.0,derived_ohlc4
UPCOM_ABB,ABB,2022-03-07 09:00:00,892,0,12.0,12.07,11.78,11.86,1629613,19437209.0575,derived_ohlc4
UPCOM_ABB,ABB,2022-03-08 09:00:00,893,0,11.86,11.93,11.57,11.71,1494881,17591012.1675,derived_ohlc4
UPCOM_ABB,ABB,2022-03-09 09:00:00,894,0,11.57,11.78,11.5,11.64,2066914,24022707.965,derived_ohlc4
UPCOM_ABB,ABB,2022-03-10 09:00:00,895,0,11.64,11.78,11.57,11.71,887186,10357896.55,derived_ohlc4
UPCOM_ABB,ABB,2022-03-11 09:00:00,896,0,11.71,11.71,11.42,11.5,1354011,15686217.435,derived_ohlc4
UPCOM_ABB,ABB,2022-03-14 09:00:00,897,0,11.57,11.57,11.28,11.35,1832258,20965612.165000003,derived_ohlc4
UPCOM_ABB,ABB,2022-03-15 09:00:00,898,0,11.35,11.5,11.35,11.5,906564,10357493.700000001,derived_ohlc4
UPCOM_ABB,ABB,2022-03-16 09:00:00,899,0,11.42,11.57,11.35,11.5,782793,8970807.780000001,derived_ohlc4
UPCOM_ABB,ABB,2022-03-17 09:00:00,900,0,11.5,11.57,11.42,11.57,959873,11052937.595,derived_ohlc4
UPCOM_ABB,ABB,2022-03-18 09:00:00,901,0,11.64,11.64,11.5,11.57,640594,7422882.975000001,derived_ohlc4
UPCOM_ABB,ABB,2022-03-21 09:00:00,902,0,11.57,11.64,11.5,11.5,802850,9274924.625,derived_ohlc4
UPCOM_ABB,ABB,2022-03-22 09:00:00,903,0,11.57,11.86,11.5,11.78,1871646,21856146.165,derived_ohlc4
UPCOM_ABB,ABB,2022-03-23 09:00:00,904,0,11.78,12.07,11.78,11.93,2518602,29946177.78,derived_ohlc4
UPCOM_ABB,ABB,2022-03-24 09:00:00,905,0,12.07,12.07,11.78,11.86,691019,8254221.955,derived_ohlc4
UPCOM_ABB,ABB,2022-03-25 09:00:00,906,0,11.86,11.93,11.71,11.71,1039082,12263765.305,derived_ohlc4
UPCOM_ABB,ABB,2022-03-28 09:00:00,907,0,11.57,11.71,11.42,11.57,3161745,36573485.2875,derived_ohlc4
UPCOM_ABB,ABB,2022-03-29 09:00:00,908,0,11.71,11.71,11.42,11.57,1568362,18196920.105,derived_ohlc4
UPCOM_ABB,ABB,2022-03-30 09:00:00,909,0,11.5,11.57,11.28,11.5,2649586,30370879.525000002,derived_ohlc4
UPCOM_ABB,ABB,2022-03-31 09:00:00,910,0,11.35,11.57,11.35,11.42,1592587,18191325.0075,derived_ohlc4
UPCOM_ABB,ABB,2022-04-01 09:00:00,911,0,11.42,11.57,11.35,11.57,1627468,18679263.970000003,derived_ohlc4
UPCOM_ABB,ABB,2022-04-04 09:00:00,912,0,11.57,11.86,11.5,11.71,1798478,20970253.48,derived_ohlc4
UPCOM_ABB,ABB,2022-04-05 09:00:00,913,0,11.64,11.71,11.5,11.64,1032172,11996419.07,derived_ohlc4
UPCOM_ABB,ABB,2022-04-06 09:00:00,914,0,11.57,11.64,11.42,11.57,1345653,15542292.15,derived_ohlc4
UPCOM_ABB,ABB,2022-04-07 09:00:00,915,0,11.64,11.64,11.42,11.5,1164870,13454248.5,derived_ohlc4
UPCOM_ABB,ABB,2022-04-08 09:00:00,916,0,11.5,11.57,11.28,11.35,2171420,24808473.5,derived_ohlc4
UPCOM_ABB,ABB,2022-04-12 09:00:00,917,0,11.35,11.35,10.85,10.92,4288156,47673574.33,derived_ohlc4
UPCOM_ABB,ABB,2022-04-13 09:00:00,918,0,10.85,10.99,10.49,10.85,2516547,27166124.865,derived_ohlc4
UPCOM_ABB,ABB,2022-04-14 09:00:00,919,0,10.78,10.92,10.71,10.78,1192102,12871721.344999999,derived_ohlc4
UPCOM_ABB,ABB,2022-04-15 09:00:00,920,0,10.78,10.78,10.35,10.49,2247093,23819185.8,derived_ohlc4
UPCOM_ABB,ABB,2022-04-18 09:00:00,921,0,10.56,10.63,9.84,9.99,3115187,31946242.685000002,derived_ohlc4
UPCOM_ABB,ABB,2022-04-19 09:00:00,922,0,9.99,10.06,9.63,9.7,2573891,25339956.894999996,derived_ohlc4
UPCOM_ABB,ABB,2022-04-20 09:00:00,923,0,9.63,9.7,9.34,9.41,2584779,24607096.08,derived_ohlc4
UPCOM_ABB,ABB,2022-04-21 09:00:00,924,0,9.34,9.41,8.48,9.13,3678393,33436592.37,derived_ohlc4
UPCOM_ABB,ABB,2022-04-22 09:00:00,925,0,9.05,9.63,9.05,9.48,1981252,18430596.73,derived_ohlc4
UPCOM_ABB,ABB,2022-04-25 09:00:00,926,0,9.48,9.63,8.84,8.98,2107119,19453976.1675,derived_ohlc4
UPCOM_ABB,ABB,2022-04-26 09:00:00,927,0,9.2,9.48,8.62,9.27,2043791,18685359.217499997,derived_ohlc4
UPCOM_ABB,ABB,2022-04-27 09:00:00,928,0,9.34,9.34,8.91,9.2,1417787,13040095.9325,derived_ohlc4
UPCOM_ABB,ABB,2022-04-28 09:00:00,929,0,9.34,9.41,9.2,9.27,1133300,10545356.5,derived_ohlc4
UPCOM_ABB,ABB,2022-04-29 09:00:00,930,0,9.27,9.34,9.13,9.34,1600291,14834697.569999998,derived_ohlc4
UPCOM_ABB,ABB,2022-05-04 09:00:00,931,0,9.27,9.41,9.13,9.2,1475000,13647437.500000002,derived_ohlc4
UPCOM_ABB,ABB,2022-05-05 09:00:00,932,0,9.27,9.41,9.13,9.27,1565102,14508495.54,derived_ohlc4
UPCOM_ABB,ABB,2022-05-06 09:00:00,933,0,9.2,9.2,8.84,8.91,1503821,13590782.2875,derived_ohlc4
UPCOM_ABB,ABB,2022-05-09 09:00:00,934,0,8.91,8.91,8.12,8.19,2541878,21688574.034999996,derived_ohlc4
UPCOM_ABB,ABB,2022-05-10 09:00:00,935,0,8.26,8.55,7.9,8.41,1803861,14935969.080000002,derived_ohlc4
UPCOM_ABB,ABB,2022-05-11 09:00:00,936,0,8.41,8.55,8.26,8.34,1151843,9663962.770000001,derived_ohlc4
UPCOM_ABB,ABB,2022-05-12 09:00:00,937,0,8.34,8.41,7.9,8.05,2590510,21177419.25,derived_ohlc4
UPCOM_ABB,ABB,2022-05-13 09:00:00,938,0,8.05,8.05,7.47,7.62,2532768,19749258.48,derived_ohlc4
UPCOM_ABB,ABB,2022-05-16 09:00:00,939,0,8.34,8.34,7.62,7.76,1411642,11314310.63,derived_ohlc4
UPCOM_ABB,ABB,2022-05-17 09:00:00,940,0,7.76,8.41,7.62,8.41,2628672,21160809.6,derived_ohlc4
UPCOM_ABB,ABB,2022-05-18 09:00:00,941,0,8.62,8.62,8.26,8.41,1822680,15451769.7,derived_ohlc4
UPCOM_ABB,ABB,2022-05-19 09:00:00,942,0,8.34,8.41,8.12,8.41,1383966,11514597.120000001,derived_ohlc4
UPCOM_ABB,ABB,2022-05-20 09:00:00,943,0,8.98,8.98,8.26,8.41,1367755,11841338.912499998,derived_ohlc4
UPCOM_ABB,ABB,2022-05-23 09:00:00,944,0,8.91,8.91,8.12,8.19,1437567,12266040.427499998,derived_ohlc4
UPCOM_ABB,ABB,2022-05-24 09:00:00,945,0,9.48,9.48,8.05,8.34,1254292,11084805.55,derived_ohlc4
UPCOM_ABB,ABB,2022-05-25 09:00:00,946,0,8.55,8.77,8.26,8.69,5139331,44031218.342499994,derived_ohlc4
UPCOM_ABB,ABB,2022-05-26 09:00:00,947,0,8.62,8.84,8.55,8.69,3129371,27147293.425,derived_ohlc4
UPCOM_ABB,ABB,2022-05-27 09:00:00,948,0,8.62,8.77,8.55,8.69,1717686,14870866.545000002,derived_ohlc4
UPCOM_ABB,ABB,2022-05-30 09:00:00,949,0,8.69,8.77,8.62,8.69,1353479,11765116.2075,derived_ohlc4
UPCOM_ABB,ABB,2022-05-31 09:00:00,950,0,8.69,8.69,8.48,8.55,1493276,12845906.79,derived_ohlc4
UPCOM_ABB,ABB,2022-06-01 09:00:00,951,0,8.55,8.62,8.34,8.55,1307350,11132085.25,derived_ohlc4
UPCOM_ABB,ABB,2022-06-02 09:00:00,952,0,8.41,8.48,8.34,8.41,854281,7184503.21,derived_ohlc4
UPCOM_ABB,ABB,2022-06-03 09:00:00,953,0,8.19,8.41,8.19,8.34,657011,5441693.607499999,derived_ohlc4
UPCOM_ABB,ABB,2022-06-06 09:00:00,954,0,8.19,8.34,8.12,8.12,804597,6591660.922499999,derived_ohlc4
UPCOM_ABB,ABB,2022-06-07 09:00:00,955,0,8.12,8.26,7.98,8.12,1152230,9356107.6,derived_ohlc4
UPCOM_ABB,ABB,2022-06-08 09:00:00,956,0,8.12,8.48,8.12,8.41,1713808,14194614.759999998,derived_ohlc4
UPCOM_ABB,ABB,2022-06-09 09:00:00,957,0,7.11,8.48,7.11,8.41,474488,3690330.42,derived_ohlc4
UPCOM_ABB,ABB,2022-06-10 09:00:00,958,0,8.12,8.41,8.12,8.19,896998,7364353.579999999,derived_ohlc4
UPCOM_ABB,ABB,2022-06-13 09:00:00,959,0,8.19,8.19,7.76,7.83,1861916,14881363.629999999,derived_ohlc4
UPCOM_ABB,ABB,2022-06-14 09:00:00,960,0,7.62,7.9,7.54,7.69,1494534,11489230.125,derived_ohlc4
UPCOM_ABB,ABB,2022-06-15 09:00:00,961,0,7.47,7.76,7.33,7.47,1765037,13251015.2775,derived_ohlc4
UPCOM_ABB,ABB,2022-06-16 09:00:00,962,0,6.4,7.69,6.4,7.47,667835,4668166.65,derived_ohlc4
UPCOM_ABB,ABB,2022-06-17 09:00:00,963,0,7.26,7.47,7.04,7.26,2368859,17191994.1925,derived_ohlc4
UPCOM_ABB,ABB,2022-06-20 09:00:00,964,0,6.18,7.33,6.18,7.04,1394829,9320944.792499999,derived_ohlc4
UPCOM_ABB,ABB,2022-06-21 09:00:00,965,0,6.9,7.18,6.9,7.04,1022225,7160686.125,derived_ohlc4
UPCOM_ABB,ABB,2022-06-22 09:00:00,966,0,7.11,7.33,7.04,7.18,1537322,11014912.13,derived_ohlc4
UPCOM_ABB,ABB,2022-06-23 09:00:00,967,0,7.18,7.33,7.11,7.26,586040,4231208.800000001,derived_ohlc4
UPCOM_ABB,ABB,2022-06-24 09:00:00,968,0,7.26,7.47,7.26,7.47,1688965,12439227.225,derived_ohlc4
UPCOM_ABB,ABB,2022-06-27 09:00:00,969,0,7.33,7.54,7.26,7.54,944086,7002757.905,derived_ohlc4
UPCOM_ABB,ABB,2022-06-28 09:00:00,970,0,7.47,7.69,7.47,7.62,1335164,10097177.75,derived_ohlc4
UPCOM_ABB,ABB,2022-06-29 09:00:00,971,0,7.69,7.76,7.54,7.69,1079073,8276489.91,derived_ohlc4
UPCOM_ABB,ABB,2022-06-30 09:00:00,972,0,7.62,7.69,7.4,7.47,864182,6520253.1899999995,derived_ohlc4
UPCOM_ABB,ABB,2022-07-01 09:00:00,973,0,7.47,7.47,7.18,7.4,948831,7002372.779999999,derived_ohlc4
UPCOM_ABB,ABB,2022-07-04 09:00:00,974,0,7.4,7.47,7.33,7.4,654715,4844891.0,derived_ohlc4
UPCOM_ABB,ABB,2022-07-05 09:00:00,975,0,7.4,7.54,7.18,7.4,1285825,9489388.500000002,derived_ohlc4
UPCOM_ABB,ABB,2022-07-06 09:00:00,976,0,7.4,7.47,7.33,7.4,1123871,8316645.4,derived_ohlc4
UPCOM_ABB,ABB,2022-07-07 09:00:00,977,0,7.4,7.4,7.18,7.33,869354,6370191.4350000005,derived_ohlc4
UPCOM_ABB,ABB,2022-07-08 09:00:00,978,0,7.33,7.4,7.26,7.4,594798,4370278.305,derived_ohlc4
UPCOM_ABB,ABB,2022-07-11 09:00:00,979,0,7.33,7.4,7.18,7.26,1214316,8855399.43,derived_ohlc4
UPCOM_ABB,ABB,2022-07-12 09:00:00,980,0,7.4,7.4,7.18,7.4,697724,5124782.78,derived_ohlc4
UPCOM_ABB,ABB,2022-07-13 09:00:00,981,0,7.33,7.76,7.26,7.62,3183252,23850515.610000003,derived_ohlc4
UPCOM_ABB,ABB,2022-07-14 09:00:00,982,0,7.54,7.83,7.47,7.69,2260269,17251503.142500002,derived_ohlc4
UPCOM_ABB,ABB,2022-07-15 09:00:00,983,0,7.62,7.83,7.62,7.62,1164560,8935086.6,derived_ohlc4
UPCOM_ABB,ABB,2022-07-18 09:00:00,984,0,7.76,7.76,7.54,7.62,2156414,16539695.379999999,derived_ohlc4
UPCOM_ABB,ABB,2022-07-19 09:00:00,985,0,7.62,7.62,7.4,7.54,1238382,9343592.19,derived_ohlc4
UPCOM_ABB,ABB,2022-07-20 09:00:00,986,0,7.54,7.76,7.47,7.69,1069381,8143336.315,derived_ohlc4
UPCOM_ABB,ABB,2022-07-21 09:00:00,987,0,7.62,7.9,7.62,7.9,3836789,29773482.64,derived_ohlc4
UPCOM_ABB,ABB,2022-07-22 09:00:00,988,0,7.83,8.12,7.83,7.98,2627683,20863803.02,derived_ohlc4
UPCOM_ABB,ABB,2022-07-25 09:00:00,989,0,7.98,7.98,7.76,7.76,1133417,8919991.79,derived_ohlc4
UPCOM_ABB,ABB,2022-07-26 09:00:00,990,0,7.83,7.83,7.69,7.69,1618276,12557821.760000002,derived_ohlc4
UPCOM_ABB,ABB,2022-07-27 09:00:00,991,0,7.69,7.9,7.62,7.9,1984296,15432862.14,derived_ohlc4
UPCOM_ABB,ABB,2022-07-28 09:00:00,992,0,7.83,8.26,7.83,8.19,4203073,33740168.5075,derived_ohlc4
UPCOM_ABB,ABB,2022-07-29 09:00:00,993,0,8.19,8.34,8.12,8.19,2121824,17420175.04,derived_ohlc4
UPCOM_ABB,ABB,2022-08-01 09:00:00,994,0,8.19,8.48,8.19,8.48,2756757,22977569.595000003,derived_ohlc4
UPCOM_ABB,ABB,2022-08-02 09:00:00,995,0,8.41,8.48,8.34,8.48,2114470,17819695.925,derived_ohlc4
UPCOM_ABB,ABB,2022-08-03 09:00:00,996,0,8.41,8.48,8.12,8.48,2192391,18355793.647499997,derived_ohlc4
UPCOM_ABB,ABB,2022-08-04 09:00:00,997,0,8.48,8.48,8.34,8.41,2147377,18097019.6675,derived_ohlc4
UPCOM_ABB,ABB,2022-08-05 09:00:00,998,0,8.41,8.48,8.34,8.48,921518,7766092.945,derived_ohlc4
UPCOM_ABB,ABB,2022-08-08 09:00:00,999,0,8.41,8.48,8.34,8.48,1546607,13034030.4925,derived_ohlc4
UPCOM_ABB,ABB,2022-08-09 09:00:00,1000,0,8.34,8.48,8.34,8.41,1618066,13579618.905,derived_ohlc4
UPCOM_ABB,ABB,2022-08-10 09:00:00,1001,0,8.41,8.48,8.34,8.41,1351071,11362507.11,derived_ohlc4
UPCOM_ABB,ABB,2022-08-11 09:00:00,1002,0,8.48,8.69,8.41,8.48,2707203,23051833.545,derived_ohlc4
UPCOM_ABB,ABB,2022-08-12 09:00:00,1003,0,8.48,8.48,8.34,8.48,946412,7992449.34,derived_ohlc4
UPCOM_ABB,ABB,2022-08-15 09:00:00,1004,0,8.41,8.69,8.41,8.62,2165789,18479594.642500002,derived_ohlc4
UPCOM_ABB,ABB,2022-08-16 09:00:00,1005,0,8.62,8.62,8.48,8.55,1103965,9458220.1375,derived_ohlc4
UPCOM_ABB,ABB,2022-08-17 09:00:00,1006,0,8.55,8.62,8.41,8.48,939135,7996734.525,derived_ohlc4
UPCOM_ABB,ABB,2022-08-18 09:00:00,1007,0,8.41,8.48,8.34,8.41,1160118,9756592.38,derived_ohlc4
UPCOM_ABB,ABB,2022-08-19 09:00:00,1008,0,8.48,8.48,8.34,8.41,1123156,9465397.19,derived_ohlc4
UPCOM_ABB,ABB,2022-08-22 09:00:00,1009,0,8.41,8.41,8.26,8.26,1491085,12428193.474999998,derived_ohlc4
UPCOM_ABB,ABB,2022-08-23 09:00:00,1010,0,8.34,8.41,8.19,8.41,1156533,9642593.8875,derived_ohlc4
UPCOM_ABB,ABB,2022-08-24 09:00:00,1011,0,8.41,8.48,8.26,8.48,1067809,8977604.167499999,derived_ohlc4
UPCOM_ABB,ABB,2022-08-25 09:00:00,1012,0,8.41,8.55,8.34,8.48,936385,7907771.325,derived_ohlc4
UPCOM_ABB,ABB,2022-08-26 09:00:00,1013,0,8.48,8.55,8.34,8.48,1463961,12388769.9625,derived_ohlc4
UPCOM_ABB,ABB,2022-08-29 09:00:00,1014,0,8.41,8.41,8.19,8.34,2038304,16994359.599999998,derived_ohlc4
UPCOM_ABB,ABB,2022-08-30 09:00:00,1015,0,8.26,8.48,8.26,8.34,825822,6883226.370000001,derived_ohlc4
UPCOM_ABB,ABB,2022-08-31 09:00:00,1016,0,8.34,8.34,8.19,8.26,848989,7031751.392499999,derived_ohlc4
UPCOM_ABB,ABB,2022-09-05 09:00:00,1017,0,8.26,8.41,8.26,8.34,618225,5142086.437499999,derived_ohlc4
UPCOM_ABB,ABB,2022-09-06 09:00:00,1018,0,8.34,8.41,8.19,8.26,946944,7859635.199999999,derived_ohlc4
UPCOM_ABB,ABB,2022-09-07 09:00:00,1019,0,8.26,8.26,7.98,8.05,1836992,14948522.399999999,derived_ohlc4
UPCOM_ABB,ABB,2022-09-08 09:00:00,1020,0,8.05,8.12,7.9,7.98,1493234,11964537.424999999,derived_ohlc4
UPCOM_ABB,ABB,2022-09-09 09:00:00,1021,0,8.05,8.12,7.9,8.05,842579,6765909.370000001,derived_ohlc4
UPCOM_ABB,ABB,2022-09-12 09:00:00,1022,0,8.05,8.12,7.98,7.98,566418,4549752.585,derived_ohlc4
UPCOM_ABB,ABB,2022-09-13 09:00:00,1023,0,8.05,8.05,7.83,7.9,634392,5048174.34,derived_ohlc4
UPCOM_ABB,ABB,2022-09-14 09:00:00,1024,0,7.83,7.9,7.76,7.83,1158845,9073756.35,derived_ohlc4
UPCOM_ABB,ABB,2022-09-15 09:00:00,1025,0,7.76,7.9,7.76,7.83,497596,3887468.75,derived_ohlc4
UPCOM_ABB,ABB,2022-09-16 09:00:00,1026,0,7.76,7.9,7.69,7.69,917286,7118139.36,derived_ohlc4
UPCOM_ABB,ABB,2022-09-19 09:00:00,1027,0,7.76,7.83,7.47,7.54,1457428,11149324.2,derived_ohlc4
UPCOM_ABB,ABB,2022-09-20 09:00:00,1028,0,7.54,7.69,7.54,7.69,699732,5328459.18,derived_ohlc4
UPCOM_ABB,ABB,2022-09-21 09:00:00,1029,0,7.62,7.62,7.47,7.62,839582,6366130.515000001,derived_ohlc4
UPCOM_ABB,ABB,2022-09-22 09:00:00,1030,0,7.54,7.62,7.47,7.62,648199,4902004.9375,derived_ohlc4
UPCOM_ABB,ABB,2022-09-23 09:00:00,1031,0,7.62,7.69,7.47,7.47,657957,4975799.8125,derived_ohlc4
UPCOM_ABB,ABB,2022-09-26 09:00:00,1032,0,7.47,7.54,7.26,7.26,1802742,13308742.815000001,derived_ohlc4
UPCOM_ABB,ABB,2022-09-27 09:00:00,1033,0,7.26,7.4,7.18,7.33,646315,4713252.1375,derived_ohlc4
UPCOM_ABB,ABB,2022-09-28 09:00:00,1034,0,7.33,7.33,7.18,7.18,887864,6441453.32,derived_ohlc4
UPCOM_ABB,ABB,2022-09-29 09:00:00,1035,0,7.26,7.4,7.18,7.18,523238,3796091.69,derived_ohlc4
UPCOM_ABB,ABB,2022-09-30 09:00:00,1036,0,7.18,7.33,7.04,7.33,1403834,10135681.48,derived_ohlc4
UPCOM_ABB,ABB,2022-10-03 09:00:00,1037,0,7.26,7.26,6.83,6.97,1585269,11223704.52,derived_ohlc4
UPCOM_ABB,ABB,2022-10-04 09:00:00,1038,0,7.04,7.4,6.9,6.97,940773,6658320.907500001,derived_ohlc4
UPCOM_ABB,ABB,2022-10-05 09:00:00,1039,0,7.04,7.11,6.97,7.04,982811,6918989.44,derived_ohlc4
UPCOM_ABB,ABB,2022-10-06 09:00:00,1040,0,7.11,7.11,6.54,6.68,1581047,10845982.42,derived_ohlc4
UPCOM_ABB,ABB,2022-10-07 09:00:00,1041,0,6.83,6.83,6.11,6.11,2953622,19109934.34,derived_ohlc4
UPCOM_ABB,ABB,2022-10-10 09:00:00,1042,0,6.11,6.32,5.96,6.32,2006551,12395468.8025,derived_ohlc4
UPCOM_ABB,ABB,2022-10-11 09:00:00,1043,0,6.25,6.32,5.82,5.96,1316353,8013298.8875,derived_ohlc4
UPCOM_ABB,ABB,2022-10-12 09:00:00,1044,0,5.96,6.32,5.82,6.18,1543655,9369985.85,derived_ohlc4
UPCOM_ABB,ABB,2022-10-13 09:00:00,1045,0,6.25,6.25,6.11,6.18,589953,3656233.7175,derived_ohlc4
UPCOM_ABB,ABB,2022-10-14 09:00:00,1046,0,6.25,6.68,6.25,6.54,2228700,14330541.0,derived_ohlc4
UPCOM_ABB,ABB,2022-10-17 09:00:00,1047,0,6.47,6.61,6.25,6.4,653724,4205079.63,derived_ohlc4
UPCOM_ABB,ABB,2022-10-18 09:00:00,1048,0,6.4,6.61,6.4,6.47,517314,3347021.5800000005,derived_ohlc4
UPCOM_ABB,ABB,2022-10-19 09:00:00,1049,0,6.47,6.47,6.32,6.4,765020,4907603.299999999,derived_ohlc4
UPCOM_ABB,ABB,2022-10-20 09:00:00,1050,0,6.47,6.47,6.25,6.32,539296,3439360.2399999998,derived_ohlc4
UPCOM_ABB,ABB,2022-10-21 09:00:00,1051,0,6.4,6.4,5.96,5.96,1136587,7024107.660000001,derived_ohlc4
UPCOM_ABB,ABB,2022-10-24 09:00:00,1052,0,6.11,6.18,5.53,5.6,2007713,11755159.615,derived_ohlc4
UPCOM_ABB,ABB,2022-10-25 09:00:00,1053,0,5.75,5.89,5.39,5.75,989473,5635048.735,derived_ohlc4
UPCOM_ABB,ABB,2022-10-26 09:00:00,1054,0,5.82,5.89,5.6,5.75,1098630,6333601.95,derived_ohlc4
UPCOM_ABB,ABB,2022-10-27 09:00:00,1055,0,5.75,6.04,5.6,6.04,1480517,8672128.3275,derived_ohlc4
UPCOM_ABB,ABB,2022-10-28 09:00:00,1056,0,5.96,6.18,5.96,6.04,840419,5071928.665,derived_ohlc4
UPCOM_ABB,ABB,2022-10-31 09:00:00,1057,0,6.11,6.25,5.89,6.04,889220,5399788.45,derived_ohlc4
UPCOM_ABB,ABB,2022-11-01 09:00:00,1058,0,5.96,6.11,5.89,6.04,1100567,6603402.0,derived_ohlc4
UPCOM_ABB,ABB,2022-11-02 09:00:00,1059,0,6.04,6.11,5.96,6.04,513969,3103087.8375,derived_ohlc4
UPCOM_ABB,ABB,2022-11-03 09:00:00,1060,0,5.96,6.04,5.89,5.96,562578,3354371.325,derived_ohlc4
UPCOM_ABB,ABB,2022-11-04 09:00:00,1061,0,5.96,5.96,5.68,5.82,951296,5569838.08,derived_ohlc4
UPCOM_ABB,ABB,2022-11-07 09:00:00,1062,0,5.82,5.96,5.6,5.6,523232,3005967.8400000003,derived_ohlc4
UPCOM_ABB,ABB,2022-11-08 09:00:00,1063,0,5.6,5.75,5.6,5.75,669078,3797017.65,derived_ohlc4
UPCOM_ABB,ABB,2022-11-09 09:00:00,1064,0,5.68,5.82,5.68,5.75,336516,1929077.97,derived_ohlc4
UPCOM_ABB,ABB,2022-11-10 09:00:00,1065,0,5.75,5.75,5.24,5.32,1252501,6907543.015000001,derived_ohlc4
UPCOM_ABB,ABB,2022-11-11 09:00:00,1066,0,5.46,5.6,5.03,5.1,1352181,7163178.847499999,derived_ohlc4
UPCOM_ABB,ABB,2022-11-14 09:00:00,1067,0,5.24,5.24,4.74,4.89,1183644,5950770.21,derived_ohlc4
UPCOM_ABB,ABB,2022-11-15 09:00:00,1068,0,4.67,4.96,4.31,4.38,2198904,10070980.319999998,derived_ohlc4
UPCOM_ABB,ABB,2022-11-16 09:00:00,1069,0,4.31,4.89,4.17,4.81,1988285,9036755.325,derived_ohlc4
UPCOM_ABB,ABB,2022-11-17 09:00:00,1070,0,4.81,5.1,4.74,5.1,2132540,10529416.25,derived_ohlc4
UPCOM_ABB,ABB,2022-11-18 09:00:00,1071,0,5.1,5.24,4.81,5.1,1279387,6476896.6875,derived_ohlc4
UPCOM_ABB,ABB,2022-11-21 09:00:00,1072,0,5.1,5.32,4.89,5.1,1915387,9773262.167499999,derived_ohlc4
UPCOM_ABB,ABB,2022-11-22 09:00:00,1073,0,5.17,5.53,5.1,5.39,2137973,11325911.9675,derived_ohlc4
UPCOM_ABB,ABB,2022-11-23 09:00:00,1074,0,5.39,5.46,5.17,5.24,1012691,5382452.664999999,derived_ohlc4
UPCOM_ABB,ABB,2022-11-24 09:00:00,1075,0,5.17,5.32,5.03,5.17,1176948,6087763.529999999,derived_ohlc4
UPCOM_ABB,ABB,2022-11-25 09:00:00,1076,0,5.24,5.46,5.17,5.46,1535142,8186144.714999999,derived_ohlc4
UPCOM_ABB,ABB,2022-11-28 09:00:00,1077,0,5.53,5.82,5.46,5.75,1580790,8915655.600000001,derived_ohlc4
UPCOM_ABB,ABB,2022-11-29 09:00:00,1078,0,5.89,5.89,5.6,5.82,1394039,8085426.2,derived_ohlc4
UPCOM_ABB,ABB,2022-11-30 09:00:00,1079,0,5.82,5.89,5.75,5.82,1060035,6169403.7,derived_ohlc4
UPCOM_ABB,ABB,2022-12-01 09:00:00,1080,0,5.89,6.4,5.82,6.18,4473372,27164551.47,derived_ohlc4
UPCOM_ABB,ABB,2022-12-02 09:00:00,1081,0,6.18,6.4,6.04,6.4,1585564,9917702.820000002,derived_ohlc4
UPCOM_ABB,ABB,2022-12-05 09:00:00,1082,0,6.4,6.68,6.25,6.4,2222285,14294848.262499997,derived_ohlc4
UPCOM_ABB,ABB,2022-12-06 09:00:00,1083,0,6.54,6.75,5.96,6.11,3488206,22115226.04,derived_ohlc4
UPCOM_ABB,ABB,2022-12-07 09:00:00,1084,0,6.11,6.32,5.53,5.89,3102457,18498399.8625,derived_ohlc4
UPCOM_ABB,ABB,2022-12-08 09:00:00,1085,0,5.89,6.32,5.75,6.18,1567836,9461890.26,derived_ohlc4
UPCOM_ABB,ABB,2022-12-09 09:00:00,1086,0,6.18,6.18,5.89,6.04,892305,5418522.1125,derived_ohlc4
UPCOM_ABB,ABB,2022-12-12 09:00:00,1087,0,5.89,6.18,5.89,5.96,1474284,8816218.32,derived_ohlc4
UPCOM_ABB,ABB,2022-12-13 09:00:00,1088,0,5.96,6.11,5.89,6.11,933760,5618900.8,derived_ohlc4
UPCOM_ABB,ABB,2022-12-14 09:00:00,1089,0,6.11,6.18,5.96,5.96,879943,5325855.0075,derived_ohlc4
UPCOM_ABB,ABB,2022-12-15 09:00:00,1090,0,6.11,6.25,6.04,6.18,1041482,6399906.89,derived_ohlc4
UPCOM_ABB,ABB,2022-12-16 09:00:00,1091,0,6.11,6.18,6.04,6.11,657670,4018363.6999999997,derived_ohlc4
UPCOM_ABB,ABB,2022-12-19 09:00:00,1092,0,6.11,6.18,5.96,6.04,942607,5723981.007499999,derived_ohlc4
UPCOM_ABB,ABB,2022-12-20 09:00:00,1093,0,6.04,6.04,5.75,5.89,1263007,7489631.51,derived_ohlc4
UPCOM_ABB,ABB,2022-12-21 09:00:00,1094,0,5.89,5.96,5.68,5.82,816552,4766622.300000001,derived_ohlc4
UPCOM_ABB,ABB,2022-12-22 09:00:00,1095,0,5.82,5.89,5.68,5.89,448869,2612417.58,derived_ohlc4
UPCOM_ABB,ABB,2022-12-23 09:00:00,1096,0,5.82,5.89,5.75,5.75,812707,4715732.367500001,derived_ohlc4
UPCOM_ABB,ABB,2022-12-26 09:00:00,1097,0,5.82,5.82,5.53,5.53,894000,5073450.000000001,derived_ohlc4
UPCOM_ABB,ABB,2022-12-27 09:00:00,1098,0,5.6,5.75,5.53,5.75,434710,2459371.8249999997,derived_ohlc4
UPCOM_ABB,ABB,2022-12-28 09:00:00,1099,0,5.75,5.82,5.6,5.82,448539,2577977.9025000003,derived_ohlc4
UPCOM_ABB,ABB,2022-12-29 09:00:00,1100,0,5.75,5.82,5.68,5.75,219565,1262498.75,derived_ohlc4
UPCOM_ABB,ABB,2022-12-30 09:00:00,1101,0,5.75,5.75,5.68,5.75,294937,1690726.3525,derived_ohlc4
UPCOM_ABB,ABB,2023-01-03 09:00:00,1102,0,5.75,6.04,5.75,6.04,881520,5196560.399999999,derived_ohlc4
UPCOM_ABB,ABB,2023-01-04 09:00:00,1103,0,6.04,6.04,5.89,6.04,1181054,7089276.635,derived_ohlc4
UPCOM_ABB,ABB,2023-01-05 09:00:00,1104,0,6.04,6.04,5.89,6.04,420999,2527046.4974999996,derived_ohlc4
UPCOM_ABB,ABB,2023-01-06 09:00:00,1105,0,6.04,6.11,5.89,6.04,1194942,7193550.84,derived_ohlc4
UPCOM_ABB,ABB,2023-01-09 09:00:00,1106,0,5.96,6.11,5.96,6.04,443754,2670289.695,derived_ohlc4
UPCOM_ABB,ABB,2023-01-10 09:00:00,1107,0,6.04,6.04,5.89,6.04,530166,3182321.4149999996,derived_ohlc4
UPCOM_ABB,ABB,2023-01-11 09:00:00,1108,0,6.04,6.04,5.96,6.04,685226,4125060.5199999996,derived_ohlc4
UPCOM_ABB,ABB,2023-01-12 09:00:00,1109,0,5.96,6.04,5.96,6.04,408436,2450616.0,derived_ohlc4
UPCOM_ABB,ABB,2023-01-13 09:00:00,1110,0,5.96,6.11,5.96,6.04,730314,4394664.495,derived_ohlc4
UPCOM_ABB,ABB,2023-01-16 09:00:00,1111,0,6.04,6.11,5.96,6.04,635447,3836511.2624999997,derived_ohlc4
UPCOM_ABB,ABB,2023-01-17 09:00:00,1112,0,6.04,6.18,6.04,6.18,1119533,6840346.629999999,derived_ohlc4
UPCOM_ABB,ABB,2023-01-18 09:00:00,1113,0,6.11,6.25,6.11,6.18,1145458,7058884.925,derived_ohlc4
UPCOM_ABB,ABB,2023-01-19 09:00:00,1114,0,6.18,6.25,6.18,6.25,897049,5575159.535,derived_ohlc4
UPCOM_ABB,ABB,2023-01-27 09:00:00,1115,0,6.18,6.4,6.18,6.32,2149117,13474963.59,derived_ohlc4
UPCOM_ABB,ABB,2023-01-30 09:00:00,1116,0,6.32,6.4,6.18,6.25,1308526,8227357.225,derived_ohlc4
UPCOM_ABB,ABB,2023-01-31 09:00:00,1117,0,6.25,6.32,6.11,6.32,1485444,9284025.0,derived_ohlc4
UPCOM_ABB,ABB,2023-02-01 09:00:00,1118,0,6.32,6.32,6.11,6.11,1591284,9889830.06,derived_ohlc4
UPCOM_ABB,ABB,2023-02-02 09:00:00,1119,0,6.11,6.25,6.11,6.18,773516,4766792.35,derived_ohlc4
UPCOM_ABB,ABB,2023-02-03 09:00:00,1120,0,6.11,6.18,6.04,6.11,753156,4601783.159999999,derived_ohlc4
UPCOM_ABB,ABB,2023-02-06 09:00:00,1121,0,6.04,6.11,5.96,6.04,1043380,6299406.75,derived_ohlc4
UPCOM_ABB,ABB,2023-02-07 09:00:00,1122,0,6.11,6.11,5.75,5.89,1748585,10430309.525,derived_ohlc4
UPCOM_ABB,ABB,2023-02-08 09:00:00,1123,0,5.89,5.89,5.75,5.82,951765,5555928.1875,derived_ohlc4
UPCOM_ABB,ABB,2023-02-09 09:00:00,1124,0,5.82,5.96,5.82,5.89,304212,1786484.9700000002,derived_ohlc4
UPCOM_ABB,ABB,2023-02-10 09:00:00,1125,0,5.89,5.96,5.68,5.75,1473975,8578534.5,derived_ohlc4
UPCOM_ABB,ABB,2023-02-13 09:00:00,1126,0,5.75,5.82,5.6,5.68,1151661,6578863.4625,derived_ohlc4
UPCOM_ABB,ABB,2023-02-14 09:00:00,1127,0,5.68,5.75,5.68,5.68,292815,1668313.4625,derived_ohlc4
UPCOM_ABB,ABB,2023-02-15 09:00:00,1128,0,5.68,5.82,5.6,5.75,564225,3223135.3125,derived_ohlc4
UPCOM_ABB,ABB,2023-02-16 09:00:00,1129,0,5.68,5.82,5.68,5.82,734305,4222253.75,derived_ohlc4
UPCOM_ABB,ABB,2023-02-17 09:00:00,1130,0,5.82,5.82,5.68,5.82,422236,2442635.2600000002,derived_ohlc4
UPCOM_ABB,ABB,2023-02-20 09:00:00,1131,0,5.82,5.89,5.75,5.89,1327330,7748288.875000001,derived_ohlc4
UPCOM_ABB,ABB,2023-02-21 09:00:00,1132,0,5.82,5.96,5.82,5.89,1082291,6355753.897500001,derived_ohlc4
UPCOM_ABB,ABB,2023-02-22 09:00:00,1133,0,5.89,5.89,5.75,5.82,813029,4746056.787500001,derived_ohlc4
UPCOM_ABB,ABB,2023-02-23 09:00:00,1134,0,5.82,5.89,5.68,5.82,808574,4691750.635,derived_ohlc4
UPCOM_ABB,ABB,2023-02-24 09:00:00,1135,0,5.82,5.82,5.68,5.68,213446,1227314.5,derived_ohlc4
UPCOM_ABB,ABB,2023-02-27 09:00:00,1136,0,5.75,5.75,5.6,5.68,1069452,6090529.140000001,derived_ohlc4
UPCOM_ABB,ABB,2023-02-28 09:00:00,1137,0,5.68,5.75,5.6,5.68,365349,2074268.9475,derived_ohlc4
UPCOM_ABB,ABB,2023-03-01 09:00:00,1138,0,5.68,5.75,5.6,5.75,282569,1609230.455,derived_ohlc4
UPCOM_ABB,ABB,2023-03-02 09:00:00,1139,0,5.75,5.75,5.68,5.68,368383,2105308.8449999997,derived_ohlc4
UPCOM_ABB,ABB,2023-03-03 09:00:00,1140,0,5.68,5.68,5.6,5.6,681790,3845295.6000000006,derived_ohlc4
UPCOM_ABB,ABB,2023-03-06 09:00:00,1141,0,5.68,5.75,5.6,5.6,558650,3160562.3750000005,derived_ohlc4
UPCOM_ABB,ABB,2023-03-07 09:00:00,1142,0,5.68,5.75,5.6,5.68,326068,1851251.07,derived_ohlc4
UPCOM_ABB,ABB,2023-03-08 09:00:00,1143,0,5.68,5.75,5.6,5.75,1154685,6575931.075,derived_ohlc4
UPCOM_ABB,ABB,2023-03-09 09:00:00,1144,0,5.75,5.82,5.68,5.75,1012721,5823145.75,derived_ohlc4
UPCOM_ABB,ABB,2023-03-10 09:00:00,1145,0,5.75,5.75,5.68,5.75,163169,935366.2925,derived_ohlc4
UPCOM_ABB,ABB,2023-03-13 09:00:00,1146,0,5.68,5.75,5.6,5.68,783203,4446635.0325,derived_ohlc4
UPCOM_ABB,ABB,2023-03-14 09:00:00,1147,0,5.68,5.68,5.6,5.6,470860,2655650.4000000004,derived_ohlc4
UPCOM_ABB,ABB,2023-03-15 09:00:00,1148,0,5.68,5.75,5.68,5.75,447495,2557433.925,derived_ohlc4
UPCOM_ABB,ABB,2023-03-16 09:00:00,1149,0,5.68,5.75,5.6,5.68,451836,2565298.89,derived_ohlc4
UPCOM_ABB,ABB,2023-03-17 09:00:00,1150,0,5.68,5.75,5.6,5.68,514000,2918235.0,derived_ohlc4
UPCOM_ABB,ABB,2023-03-20 09:00:00,1151,0,5.68,5.68,5.6,5.6,515548,2907690.72,derived_ohlc4
UPCOM_ABB,ABB,2023-03-21 09:00:00,1152,0,5.6,5.68,5.6,5.68,448962,2532145.6799999997,derived_ohlc4
UPCOM_ABB,ABB,2023-03-22 09:00:00,1153,0,5.68,5.68,5.6,5.68,163529,925574.14,derived_ohlc4
UPCOM_ABB,ABB,2023-03-23 09:00:00,1154,0,5.6,5.68,5.53,5.6,375851,2105705.2274999996,derived_ohlc4
UPCOM_ABB,ABB,2023-03-24 09:00:00,1155,0,5.6,5.68,5.6,5.6,197509,1110000.5799999998,derived_ohlc4
UPCOM_ABB,ABB,2023-03-27 09:00:00,1156,0,5.6,5.68,5.53,5.68,384693,2162936.3925,derived_ohlc4
UPCOM_ABB,ABB,2023-03-28 09:00:00,1157,0,5.75,5.82,5.6,5.75,983748,5636876.04,derived_ohlc4
UPCOM_ABB,ABB,2023-03-29 09:00:00,1158,0,5.75,5.75,5.6,5.68,409842,2334050.19,derived_ohlc4
UPCOM_ABB,ABB,2023-03-30 09:00:00,1159,0,5.75,5.82,5.68,5.75,851631,4896878.25,derived_ohlc4
UPCOM_ABB,ABB,2023-03-31 09:00:00,1160,0,5.68,5.75,5.6,5.75,545182,3104811.49,derived_ohlc4
UPCOM_ABB,ABB,2023-04-03 09:00:00,1161,0,5.75,5.82,5.68,5.82,1258404,7257845.07,derived_ohlc4
UPCOM_ABB,ABB,2023-04-04 09:00:00,1162,0,5.82,5.82,5.75,5.82,784868,4554196.57,derived_ohlc4
UPCOM_ABB,ABB,2023-04-05 09:00:00,1163,0,5.75,6.04,5.75,5.96,2411984,14170406.0,derived_ohlc4
UPCOM_ABB,ABB,2023-04-06 09:00:00,1164,0,6.04,6.25,5.96,6.11,2431445,14807500.049999999,derived_ohlc4
UPCOM_ABB,ABB,2023-04-07 09:00:00,1165,0,6.11,6.11,5.89,6.04,1112052,6714013.949999999,derived_ohlc4
UPCOM_ABB,ABB,2023-04-10 09:00:00,1166,0,6.04,6.25,6.04,6.11,1701603,10396794.329999998,derived_ohlc4
UPCOM_ABB,ABB,2023-04-11 09:00:00,1167,0,6.11,6.18,5.96,6.18,1419081,8667037.2075,derived_ohlc4
UPCOM_ABB,ABB,2023-04-12 09:00:00,1168,0,6.18,6.25,6.11,6.18,1574507,9730453.26,derived_ohlc4
UPCOM_ABB,ABB,2023-04-13 09:00:00,1169,0,6.18,6.25,6.04,6.18,1454624,8964120.4,derived_ohlc4
UPCOM_ABB,ABB,2023-04-14 09:00:00,1170,0,6.11,6.25,6.04,6.11,1375282,8427040.455,derived_ohlc4
UPCOM_ABB,ABB,2023-04-17 09:00:00,1171,0,6.04,6.11,6.04,6.11,269299,1635991.425,derived_ohlc4
UPCOM_ABB,ABB,2023-04-18 09:00:00,1172,0,6.04,6.18,6.04,6.18,885655,5411352.05,derived_ohlc4
UPCOM_ABB,ABB,2023-04-19 09:00:00,1173,0,6.11,6.18,6.04,6.04,427581,2605037.2424999997,derived_ohlc4
UPCOM_ABB,ABB,2023-04-20 09:00:00,1174,0,6.04,6.11,5.96,6.04,509356,3075236.8499999996,derived_ohlc4
UPCOM_ABB,ABB,2023-04-21 09:00:00,1175,0,5.96,6.11,5.96,6.04,370899,2231884.7325,derived_ohlc4
UPCOM_ABB,ABB,2023-04-24 09:00:00,1176,0,6.04,6.11,5.96,6.04,611762,3693513.0749999997,derived_ohlc4
UPCOM_ABB,ABB,2023-04-25 09:00:00,1177,0,6.11,6.11,5.96,6.04,738353,4470727.415,derived_ohlc4
UPCOM_ABB,ABB,2023-04-26 09:00:00,1178,0,6.04,6.11,5.96,6.11,456837,2766148.0349999997,derived_ohlc4
UPCOM_ABB,ABB,2023-04-27 09:00:00,1179,0,6.11,6.18,6.04,6.11,1195659,7305476.489999999,derived_ohlc4
UPCOM_ABB,ABB,2023-04-28 09:00:00,1180,0,6.11,6.18,6.11,6.18,779927,4792651.415,derived_ohlc4
UPCOM_ABB,ABB,2023-05-04 09:00:00,1181,0,6.11,6.18,6.04,6.04,506998,3088885.3149999995,derived_ohlc4
UPCOM_ABB,ABB,2023-05-05 09:00:00,1182,0,6.04,6.11,5.96,6.11,786474,4762100.069999999,derived_ohlc4
UPCOM_ABB,ABB,2023-05-08 09:00:00,1183,0,6.04,6.25,5.96,6.25,2069698,12676900.25,derived_ohlc4
UPCOM_ABB,ABB,2023-05-09 09:00:00,1184,0,6.18,6.4,6.18,6.32,1726090,10822584.299999999,derived_ohlc4
UPCOM_ABB,ABB,2023-05-10 09:00:00,1185,0,6.32,6.4,6.25,6.4,1242798,7882446.3149999995,derived_ohlc4
UPCOM_ABB,ABB,2023-05-11 09:00:00,1186,0,6.32,6.4,6.25,6.32,1095537,6926532.6825,derived_ohlc4
UPCOM_ABB,ABB,2023-05-12 09:00:00,1187,0,6.32,6.4,6.25,6.32,1056290,6678393.524999999,derived_ohlc4
UPCOM_ABB,ABB,2023-05-15 09:00:00,1188,0,6.4,6.83,6.32,6.68,4380539,28725384.4925,derived_ohlc4
UPCOM_ABB,ABB,2023-05-16 09:00:00,1189,0,6.68,6.75,6.61,6.68,2010305,13428837.399999999,derived_ohlc4
UPCOM_ABB,ABB,2023-05-17 09:00:00,1190,0,6.68,6.68,6.47,6.54,1606336,10589770.079999998,derived_ohlc4
UPCOM_ABB,ABB,2023-05-18 09:00:00,1191,0,6.54,6.61,6.47,6.61,973351,6382749.1825,derived_ohlc4
UPCOM_ABB,ABB,2023-05-19 09:00:00,1192,0,6.61,6.61,6.32,6.47,3328652,21644559.63,derived_ohlc4
UPCOM_ABB,ABB,2023-05-22 09:00:00,1193,0,6.47,6.54,6.32,6.47,2033613,13116803.849999998,derived_ohlc4
UPCOM_ABB,ABB,2023-05-23 09:00:00,1194,0,6.47,6.61,6.47,6.54,2155444,14058883.49,derived_ohlc4
UPCOM_ABB,ABB,2023-05-24 09:00:00,1195,0,6.54,6.61,6.47,6.54,1109708,7257490.32,derived_ohlc4
UPCOM_ABB,ABB,2023-05-25 09:00:00,1196,0,6.47,6.54,6.4,6.47,1184936,7666535.92,derived_ohlc4
UPCOM_ABB,ABB,2023-05-26 09:00:00,1197,0,6.47,6.54,6.4,6.47,1706658,11042077.26,derived_ohlc4
UPCOM_ABB,ABB,2023-05-29 09:00:00,1198,0,6.4,6.68,6.32,6.61,3690115,23994972.787499998,derived_ohlc4
UPCOM_ABB,ABB,2023-05-30 09:00:00,1199,0,7.21,7.21,6.65,6.89,3014285,21069852.150000002,derived_ohlc4
UPCOM_ABB,ABB,2023-05-31 09:00:00,1200,0,6.81,6.89,6.65,6.73,2210378,14964259.06,derived_ohlc4
UPCOM_ABB,ABB,2023-06-01 09:00:00,1201,0,6.73,6.97,6.65,6.97,2725255,18613491.65,derived_ohlc4
UPCOM_ABB,ABB,2023-06-02 09:00:00,1202,0,6.97,7.29,6.89,7.21,6134157,43491173.13,derived_ohlc4
UPCOM_ABB,ABB,2023-06-05 09:00:00,1203,0,7.29,7.36,7.05,7.21,3119194,22543974.635,derived_ohlc4
UPCOM_ABB,ABB,2023-06-06 09:00:00,1204,0,7.21,7.29,7.05,7.21,2885420,20746169.8,derived_ohlc4
UPCOM_ABB,ABB,2023-06-07 09:00:00,1205,0,7.13,7.21,7.05,7.13,2430840,17331889.2,derived_ohlc4
UPCOM_ABB,ABB,2023-06-08 09:00:00,1206,0,7.13,7.21,6.97,6.97,2321085,16410070.95,derived_ohlc4
UPCOM_ABB,ABB,2023-06-09 09:00:00,1207,0,6.97,7.05,6.73,6.89,5019925,34687681.75,derived_ohlc4
UPCOM_ABB,ABB,2023-06-12 09:00:00,1208,0,6.81,7.05,6.81,7.05,1781500,12345795.0,derived_ohlc4
UPCOM_ABB,ABB,2023-06-13 09:00:00,1209,0,7.05,7.05,6.89,7.05,1030745,7225522.45,derived_ohlc4
UPCOM_ABB,ABB,2023-06-14 09:00:00,1210,0,7.05,7.13,6.89,6.97,2741901,19220726.009999998,derived_ohlc4
UPCOM_ABB,ABB,2023-06-15 09:00:00,1211,0,6.97,6.97,6.89,6.97,950149,6603535.549999999,derived_ohlc4
UPCOM_ABB,ABB,2023-06-16 09:00:00,1212,0,6.97,7.13,6.89,6.97,3418361,23894343.389999997,derived_ohlc4
UPCOM_ABB,ABB,2023-06-19 09:00:00,1213,0,6.97,7.05,6.81,6.89,1146657,7946333.01,derived_ohlc4
UPCOM_ABB,ABB,2023-06-20 09:00:00,1214,0,6.89,6.97,6.81,6.97,716704,4952424.64,derived_ohlc4
UPCOM_ABB,ABB,2023-06-21 09:00:00,1215,0,6.97,7.13,6.89,7.13,2639174,18553393.22,derived_ohlc4
UPCOM_ABB,ABB,2023-06-22 09:00:00,1216,0,7.13,7.13,6.97,7.13,1252209,8878161.81,derived_ohlc4
UPCOM_ABB,ABB,2023-06-23 09:00:00,1217,0,7.13,7.13,6.97,7.05,1532404,10834096.280000001,derived_ohlc4
UPCOM_ABB,ABB,2023-06-26 09:00:00,1218,0,7.05,7.13,6.89,7.05,1901966,13370820.98,derived_ohlc4
UPCOM_ABB,ABB,2023-06-27 09:00:00,1219,0,7.05,7.05,6.89,7.05,1348817,9455207.17,derived_ohlc4
UPCOM_ABB,ABB,2023-06-28 09:00:00,1220,0,6.97,7.05,6.89,6.97,1909479,13309068.629999999,derived_ohlc4
UPCOM_ABB,ABB,2023-06-29 09:00:00,1221,0,6.89,7.05,6.89,6.97,1984839,13794631.049999999,derived_ohlc4
UPCOM_ABB,ABB,2023-06-30 09:00:00,1222,0,6.97,6.97,6.89,6.97,750165,5213646.749999999,derived_ohlc4
UPCOM_ABB,ABB,2023-07-03 09:00:00,1223,0,6.97,6.97,6.89,6.97,905216,6291251.199999999,derived_ohlc4
UPCOM_ABB,ABB,2023-07-04 09:00:00,1224,0,6.97,7.05,6.89,7.05,1319312,9221990.88,derived_ohlc4
UPCOM_ABB,ABB,2023-07-05 09:00:00,1225,0,7.05,7.05,6.97,7.05,1682927,11830976.81,derived_ohlc4
UPCOM_ABB,ABB,2023-07-06 09:00:00,1226,0,7.05,7.05,6.89,6.97,1046583,7315615.169999999,derived_ohlc4
UPCOM_ABB,ABB,2023-07-07 09:00:00,1227,0,6.89,6.97,6.81,6.89,959030,6607716.699999999,derived_ohlc4
UPCOM_ABB,ABB,2023-07-10 09:00:00,1228,0,6.89,6.97,6.89,6.97,1293076,8961016.68,derived_ohlc4
UPCOM_ABB,ABB,2023-07-11 09:00:00,1229,0,6.97,7.21,6.97,7.13,4893172,34594726.04,derived_ohlc4
UPCOM_ABB,ABB,2023-07-12 09:00:00,1230,0,7.13,7.21,7.05,7.13,1504608,10727855.04,derived_ohlc4
UPCOM_ABB,ABB,2023-07-13 09:00:00,1231,0,7.13,7.21,6.97,7.13,1997691,14203583.01,derived_ohlc4
UPCOM_ABB,ABB,2023-07-14 09:00:00,1232,0,7.13,7.13,6.97,6.97,1773997,12506678.85,derived_ohlc4
UPCOM_ABB,ABB,2023-07-17 09:00:00,1233,0,6.97,7.13,6.97,7.05,1841807,12947903.21,derived_ohlc4
UPCOM_ABB,ABB,2023-07-18 09:00:00,1234,0,7.05,7.13,6.97,7.13,1635542,11563281.94,derived_ohlc4
UPCOM_ABB,ABB,2023-07-19 09:00:00,1235,0,7.05,7.21,6.97,7.13,4351185,30849901.65,derived_ohlc4
UPCOM_ABB,ABB,2023-07-20 09:00:00,1236,0,7.05,7.13,6.97,7.13,1229069,8689517.83,derived_ohlc4
UPCOM_ABB,ABB,2023-07-21 09:00:00,1237,0,7.05,7.13,6.89,7.05,3193516,22450417.48,derived_ohlc4
UPCOM_ABB,ABB,2023-07-24 09:00:00,1238,0,6.97,7.05,6.97,6.97,1756175,12275663.249999998,derived_ohlc4
UPCOM_ABB,ABB,2023-07-25 09:00:00,1239,0,6.97,7.13,6.97,6.97,2878736,20179939.36,derived_ohlc4
UPCOM_ABB,ABB,2023-07-26 09:00:00,1240,0,6.97,7.05,6.89,6.97,2404007,16755928.79,derived_ohlc4
UPCOM_ABB,ABB,2023-07-27 09:00:00,1241,0,6.97,7.05,6.81,6.89,3000755,20795232.15,derived_ohlc4
UPCOM_ABB,ABB,2023-07-28 09:00:00,1242,0,6.89,6.97,6.81,6.89,2475779,17058117.31,derived_ohlc4
UPCOM_ABB,ABB,2023-07-31 09:00:00,1243,0,6.89,7.05,6.89,6.97,3029338,21053899.099999998,derived_ohlc4
UPCOM_ABB,ABB,2023-08-01 09:00:00,1244,0,6.97,7.36,6.97,7.13,8729316,62043613.47,derived_ohlc4
UPCOM_ABB,ABB,2023-08-02 09:00:00,1245,0,7.05,7.21,7.05,7.21,2070253,14760903.89,derived_ohlc4
UPCOM_ABB,ABB,2023-08-03 09:00:00,1246,0,7.21,7.29,7.05,7.13,3118570,22360146.9,derived_ohlc4
UPCOM_ABB,ABB,2023-08-04 09:00:00,1247,0,7.21,7.21,7.05,7.13,2620985,18740042.75,derived_ohlc4
UPCOM_ABB,ABB,2023-08-07 09:00:00,1248,0,7.13,7.36,7.13,7.29,6346257,45867572.4675,derived_ohlc4
UPCOM_ABB,ABB,2023-08-08 09:00:00,1249,0,7.29,7.68,7.21,7.52,6025271,44737637.175,derived_ohlc4
UPCOM_ABB,ABB,2023-08-09 09:00:00,1250,0,7.52,7.6,7.29,7.44,3904754,29139226.725,derived_ohlc4
UPCOM_ABB,ABB,2023-08-10 09:00:00,1251,0,7.36,7.44,7.13,7.29,4285380,31304700.9,derived_ohlc4
UPCOM_ABB,ABB,2023-08-11 09:00:00,1252,0,7.29,7.36,7.05,7.21,3169598,22908269.545,derived_ohlc4
UPCOM_ABB,ABB,2023-08-14 09:00:00,1253,0,7.21,7.29,7.13,7.21,2431957,17534409.97,derived_ohlc4
UPCOM_ABB,ABB,2023-08-15 09:00:00,1254,0,7.21,7.29,7.13,7.21,1747390,12598681.9,derived_ohlc4
UPCOM_ABB,ABB,2023-08-16 09:00:00,1255,0,7.21,7.29,7.13,7.21,2161385,15583585.85,derived_ohlc4
UPCOM_ABB,ABB,2023-08-17 09:00:00,1256,0,7.21,7.29,7.13,7.13,1670067,12007781.729999999,derived_ohlc4
UPCOM_ABB,ABB,2023-08-18 09:00:00,1257,0,7.13,7.13,6.57,6.81,5456444,37704028.04,derived_ohlc4
UPCOM_ABB,ABB,2023-08-21 09:00:00,1258,0,6.81,6.89,6.65,6.81,2369323,16087703.17,derived_ohlc4
UPCOM_ABB,ABB,2023-08-22 09:00:00,1259,0,6.81,6.81,6.57,6.73,1980614,13329532.219999999,derived_ohlc4
UPCOM_ABB,ABB,2023-08-23 09:00:00,1260,0,6.73,6.89,6.73,6.73,1103883,7473287.91,derived_ohlc4
UPCOM_ABB,ABB,2023-08-24 09:00:00,1261,0,6.73,6.81,6.65,6.81,714537,4823124.749999999,derived_ohlc4
UPCOM_ABB,ABB,2023-08-25 09:00:00,1262,0,6.81,6.89,6.73,6.81,1100696,7495739.76,derived_ohlc4
UPCOM_ABB,ABB,2023-08-28 09:00:00,1263,0,6.81,6.89,6.73,6.81,669881,4561889.609999999,derived_ohlc4
UPCOM_ABB,ABB,2023-08-29 09:00:00,1264,0,6.81,6.89,6.81,6.89,804990,5514181.5,derived_ohlc4
UPCOM_ABB,ABB,2023-08-30 09:00:00,1265,0,6.89,6.89,6.81,6.89,955780,6566208.600000001,derived_ohlc4
UPCOM_ABB,ABB,2023-08-31 09:00:00,1266,0,6.81,6.97,6.81,6.89,1320123,9069245.01,derived_ohlc4
UPCOM_ABB,ABB,2023-09-05 09:00:00,1267,0,6.89,7.13,6.89,7.05,2096124,14651906.76,derived_ohlc4
UPCOM_ABB,ABB,2023-09-06 09:00:00,1268,0,7.05,7.92,6.97,7.44,5067898,37223710.81,derived_ohlc4
UPCOM_ABB,ABB,2023-09-07 09:00:00,1269,0,7.52,7.92,7.29,7.52,5545034,41934319.625,derived_ohlc4
UPCOM_ABB,ABB,2023-09-08 09:00:00,1270,0,7.6,7.6,7.29,7.44,3785485,28324891.5125,derived_ohlc4
UPCOM_ABB,ABB,2023-09-11 09:00:00,1271,0,8.08,8.08,7.21,7.29,4143271,31758172.215,derived_ohlc4
UPCOM_ABB,ABB,2023-09-12 09:00:00,1272,0,7.36,7.36,7.21,7.36,1779730,13032072.924999999,derived_ohlc4
UPCOM_ABB,ABB,2023-09-13 09:00:00,1273,0,7.29,7.36,7.13,7.29,2825198,20532126.465,derived_ohlc4
UPCOM_ABB,ABB,2023-09-14 09:00:00,1274,0,7.21,7.29,7.13,7.21,1666371,12014534.91,derived_ohlc4
UPCOM_ABB,ABB,2023-09-15 09:00:00,1275,0,7.21,7.36,7.13,7.21,1269685,9176648.3375,derived_ohlc4
UPCOM_ABB,ABB,2023-09-18 09:00:00,1276,0,7.21,7.21,7.05,7.05,1406083,10025371.79,derived_ohlc4
UPCOM_ABB,ABB,2023-09-19 09:00:00,1277,0,7.13,7.21,6.97,7.13,1230113,8746103.43,derived_ohlc4
UPCOM_ABB,ABB,2023-09-20 09:00:00,1278,0,7.05,7.21,7.05,7.21,646564,4610001.32,derived_ohlc4
UPCOM_ABB,ABB,2023-09-21 09:00:00,1279,0,7.21,7.21,7.05,7.13,835510,5973896.5,derived_ohlc4
UPCOM_ABB,ABB,2023-09-22 09:00:00,1280,0,7.13,7.13,6.81,6.97,2561871,17958715.71,derived_ohlc4
UPCOM_ABB,ABB,2023-09-25 09:00:00,1281,0,6.97,6.97,6.65,6.73,2452560,16750984.8,derived_ohlc4
UPCOM_ABB,ABB,2023-09-26 09:00:00,1282,0,6.73,6.81,6.65,6.73,1653147,11125679.309999999,derived_ohlc4
UPCOM_ABB,ABB,2023-09-27 09:00:00,1283,0,6.73,6.81,6.65,6.81,1133415,7650551.249999999,derived_ohlc4
UPCOM_ABB,ABB,2023-09-28 09:00:00,1284,0,6.81,6.81,6.65,6.81,635119,4299755.63,derived_ohlc4
UPCOM_ABB,ABB,2023-09-29 09:00:00,1285,0,6.73,6.81,6.73,6.81,399067,2701683.59,derived_ohlc4
UPCOM_ABB,ABB,2023-10-02 09:00:00,1286,0,6.81,6.81,6.73,6.81,480082,3259756.78,derived_ohlc4
UPCOM_ABB,ABB,2023-10-03 09:00:00,1287,0,6.81,6.81,6.49,6.57,1649902,11004846.34,derived_ohlc4
UPCOM_ABB,ABB,2023-10-04 09:00:00,1288,0,6.57,6.65,6.49,6.57,1696593,11146616.01,derived_ohlc4
UPCOM_ABB,ABB,2023-10-05 09:00:00,1289,0,6.57,6.65,6.34,6.42,1254775,8149763.625000001,derived_ohlc4
UPCOM_ABB,ABB,2023-10-06 09:00:00,1290,0,6.42,6.57,6.34,6.57,1205894,7808163.649999999,derived_ohlc4
UPCOM_ABB,ABB,2023-10-09 09:00:00,1291,0,6.49,6.49,6.42,6.49,781812,5060278.17,derived_ohlc4
UPCOM_ABB,ABB,2023-10-10 09:00:00,1292,0,6.49,6.57,6.42,6.49,1083584,7035169.12,derived_ohlc4
UPCOM_ABB,ABB,2023-10-11 09:00:00,1293,0,6.49,6.57,6.42,6.49,672087,4363524.8475,derived_ohlc4
UPCOM_ABB,ABB,2023-10-12 09:00:00,1294,0,6.49,6.57,6.49,6.57,825905,5393159.65,derived_ohlc4
UPCOM_ABB,ABB,2023-10-13 09:00:00,1295,0,6.57,6.57,6.42,6.49,464311,3023825.3875000007,derived_ohlc4
UPCOM_ABB,ABB,2023-10-16 09:00:00,1296,0,6.42,6.57,6.42,6.49,554347,3589396.8249999997,derived_ohlc4
UPCOM_ABB,ABB,2023-10-17 09:00:00,1297,0,6.42,6.49,6.34,6.42,748444,4803139.37,derived_ohlc4
UPCOM_ABB,ABB,2023-10-18 09:00:00,1298,0,6.42,6.42,6.18,6.42,1068800,6797567.999999999,derived_ohlc4
UPCOM_ABB,ABB,2023-10-19 09:00:00,1299,0,6.34,6.42,6.18,6.26,493276,3107638.7999999993,derived_ohlc4
UPCOM_ABB,ABB,2023-10-20 09:00:00,1300,0,6.26,6.42,6.18,6.42,755551,4775082.32,derived_ohlc4
UPCOM_ABB,ABB,2023-10-23 09:00:00,1301,0,6.34,6.42,6.26,6.34,262911,1666855.74,derived_ohlc4
UPCOM_ABB,ABB,2023-10-24 09:00:00,1302,0,6.26,6.34,6.26,6.34,523435,3297640.5,derived_ohlc4
UPCOM_ABB,ABB,2023-10-25 09:00:00,1303,0,6.34,6.42,6.26,6.34,511959,3245820.06,derived_ohlc4
UPCOM_ABB,ABB,2023-10-26 09:00:00,1304,0,6.34,6.34,5.94,6.1,2132155,13176717.899999999,derived_ohlc4
UPCOM_ABB,ABB,2023-10-27 09:00:00,1305,0,6.02,6.18,6.02,6.18,615136,3752329.5999999996,derived_ohlc4
UPCOM_ABB,ABB,2023-10-30 09:00:00,1306,0,6.18,6.18,6.02,6.02,422667,2578268.6999999997,derived_ohlc4
UPCOM_ABB,ABB,2023-10-31 09:00:00,1307,0,6.02,6.1,5.86,6.02,832697,4996182.0,derived_ohlc4
UPCOM_ABB,ABB,2023-11-01 09:00:00,1308,0,5.94,6.02,5.94,6.02,595421,3560617.58,derived_ohlc4
UPCOM_ABB,ABB,2023-11-02 09:00:00,1309,0,6.02,6.18,5.94,6.18,1219581,7415052.48,derived_ohlc4
UPCOM_ABB,ABB,2023-11-03 09:00:00,1310,0,6.18,6.18,6.1,6.1,558441,3428827.74,derived_ohlc4
UPCOM_ABB,ABB,2023-11-06 09:00:00,1311,0,6.18,6.18,6.1,6.18,541713,3336952.08,derived_ohlc4
UPCOM_ABB,ABB,2023-11-07 09:00:00,1312,0,6.1,6.18,6.02,6.1,1326681,8092754.1,derived_ohlc4
UPCOM_ABB,ABB,2023-11-08 09:00:00,1313,0,6.1,6.34,6.02,6.26,1404594,8680390.92,derived_ohlc4
UPCOM_ABB,ABB,2023-11-09 09:00:00,1314,0,6.34,6.42,6.18,6.26,1202719,7577129.699999998,derived_ohlc4
UPCOM_ABB,ABB,2023-11-10 09:00:00,1315,0,6.34,6.34,6.18,6.26,613110,3850330.8,derived_ohlc4
UPCOM_ABB,ABB,2023-11-13 09:00:00,1316,0,6.26,6.34,6.18,6.26,575077,3599982.02,derived_ohlc4
UPCOM_ABB,ABB,2023-11-14 09:00:00,1317,0,6.26,6.49,6.26,6.34,2087407,13228941.862499999,derived_ohlc4
UPCOM_ABB,ABB,2023-11-15 09:00:00,1318,0,6.42,6.57,6.34,6.42,797830,5136030.625,derived_ohlc4
UPCOM_ABB,ABB,2023-11-16 09:00:00,1319,0,6.42,6.42,6.26,6.42,634039,4045168.8200000003,derived_ohlc4
UPCOM_ABB,ABB,2023-11-17 09:00:00,1320,0,6.26,6.42,6.18,6.18,1029851,6446867.26,derived_ohlc4
UPCOM_ABB,ABB,2023-11-20 09:00:00,1321,0,6.18,6.26,6.1,6.26,413061,2560978.1999999997,derived_ohlc4
UPCOM_ABB,ABB,2023-11-21 09:00:00,1322,0,6.18,6.34,6.18,6.34,451065,2823666.9,derived_ohlc4
UPCOM_ABB,ABB,2023-11-22 09:00:00,1323,0,6.34,6.34,6.18,6.26,517738,3251394.6399999997,derived_ohlc4
UPCOM_ABB,ABB,2023-11-23 09:00:00,1324,0,6.26,6.34,6.1,6.18,938797,5839317.34,derived_ohlc4
UPCOM_ABB,ABB,2023-11-24 09:00:00,1325,0,6.18,6.18,6.02,6.18,1158993,7116217.02,derived_ohlc4
UPCOM_ABB,ABB,2023-11-27 09:00:00,1326,0,6.1,6.18,6.1,6.1,322785,1975444.1999999997,derived_ohlc4
UPCOM_ABB,ABB,2023-11-28 09:00:00,1327,0,6.1,6.18,6.02,6.18,373891,2288212.92,derived_ohlc4
UPCOM_ABB,ABB,2023-11-29 09:00:00,1328,0,6.1,6.18,6.1,6.1,382079,2338323.4799999995,derived_ohlc4
UPCOM_ABB,ABB,2023-11-30 09:00:00,1329,0,6.18,6.18,6.02,6.1,307350,1880981.9999999998,derived_ohlc4
UPCOM_ABB,ABB,2023-12-01 09:00:00,1330,0,6.02,6.18,6.02,6.1,662158,4025920.64,derived_ohlc4
UPCOM_ABB,ABB,2023-12-04 09:00:00,1331,0,6.1,6.26,6.1,6.18,749333,4615891.28,derived_ohlc4
UPCOM_ABB,ABB,2023-12-05 09:00:00,1332,0,6.18,6.26,6.1,6.18,349452,2159613.36,derived_ohlc4
UPCOM_ABB,ABB,2023-12-06 09:00:00,1333,0,6.18,6.26,6.1,6.26,536923,3328922.5999999996,derived_ohlc4
UPCOM_ABB,ABB,2023-12-07 09:00:00,1334,0,6.26,6.26,6.18,6.26,734312,4582106.88,derived_ohlc4
UPCOM_ABB,ABB,2023-12-08 09:00:00,1335,0,6.26,6.26,6.18,6.26,325602,2031756.48,derived_ohlc4
UPCOM_ABB,ABB,2023-12-11 09:00:00,1336,0,6.26,6.26,6.1,6.18,635047,3937291.3999999994,derived_ohlc4
UPCOM_ABB,ABB,2023-12-12 09:00:00,1337,0,6.18,6.26,6.1,6.1,723597,4457357.5200000005,derived_ohlc4
UPCOM_ABB,ABB,2023-12-13 09:00:00,1338,0,6.18,6.26,6.1,6.18,518136,3202080.48,derived_ohlc4
UPCOM_ABB,ABB,2023-12-14 09:00:00,1339,0,6.1,6.26,6.1,6.18,607028,3739292.48,derived_ohlc4
UPCOM_ABB,ABB,2023-12-15 09:00:00,1340,0,6.1,6.26,6.1,6.1,523464,3214068.9600000004,derived_ohlc4
UPCOM_ABB,ABB,2023-12-18 09:00:00,1341,0,6.18,6.26,6.1,6.1,564466,3477110.56,derived_ohlc4
UPCOM_ABB,ABB,2023-12-19 09:00:00,1342,0,6.18,6.34,6.02,6.34,2759931,17166770.82,derived_ohlc4
UPCOM_ABB,ABB,2023-12-20 09:00:00,1343,0,6.34,6.34,6.26,6.34,420890,2660024.8,derived_ohlc4
UPCOM_ABB,ABB,2023-12-21 09:00:00,1344,0,6.26,6.34,6.26,6.34,480339,3026135.6999999997,derived_ohlc4
UPCOM_ABB,ABB,2023-12-22 09:00:00,1345,0,6.34,6.34,6.18,6.26,402789,2529514.92,derived_ohlc4
UPCOM_ABB,ABB,2023-12-25 09:00:00,1346,0,6.26,6.34,6.18,6.34,775091,4867571.48,derived_ohlc4
UPCOM_ABB,ABB,2023-12-26 09:00:00,1347,0,6.34,6.34,6.26,6.34,537196,3395078.7199999997,derived_ohlc4
UPCOM_ABB,ABB,2023-12-27 09:00:00,1348,0,6.34,6.34,6.26,6.26,263946,1662859.7999999998,derived_ohlc4
UPCOM_ABB,ABB,2023-12-28 09:00:00,1349,0,6.26,6.34,6.18,6.26,776098,4858373.4799999995,derived_ohlc4
UPCOM_ABB,ABB,2023-12-29 09:00:00,1350,0,6.26,6.34,6.26,6.34,623931,3930765.3,derived_ohlc4
UPCOM_ABB,ABB,2024-01-02 09:00:00,1351,0,6.34,6.81,6.26,6.49,5601666,36270787.35,derived_ohlc4
UPCOM_ABB,ABB,2024-01-03 09:00:00,1352,0,6.49,6.57,6.42,6.57,1637046,10661262.075000001,derived_ohlc4
UPCOM_ABB,ABB,2024-01-04 09:00:00,1353,0,6.57,6.73,6.49,6.57,4623006,30465609.54,derived_ohlc4
UPCOM_ABB,ABB,2024-01-05 09:00:00,1354,0,6.57,6.57,6.42,6.49,1200962,7821265.025000001,derived_ohlc4
UPCOM_ABB,ABB,2024-01-08 09:00:00,1355,0,6.57,6.57,6.42,6.49,962879,6270749.487500001,derived_ohlc4
UPCOM_ABB,ABB,2024-01-09 09:00:00,1356,0,6.57,6.57,6.42,6.42,1638752,10643694.240000002,derived_ohlc4
UPCOM_ABB,ABB,2024-01-10 09:00:00,1357,0,6.42,6.65,6.42,6.57,2748710,17907845.650000002,derived_ohlc4
UPCOM_ABB,ABB,2024-01-11 09:00:00,1358,0,6.57,6.97,6.49,6.73,6136154,41050870.260000005,derived_ohlc4
UPCOM_ABB,ABB,2024-01-12 09:00:00,1359,0,6.73,6.81,6.57,6.73,3054970,20498848.7,derived_ohlc4
UPCOM_ABB,ABB,2024-01-15 09:00:00,1360,0,6.73,6.73,6.49,6.57,2271431,15059587.530000001,derived_ohlc4
UPCOM_ABB,ABB,2024-01-16 09:00:00,1361,0,6.57,6.65,6.49,6.65,1152701,7596299.59,derived_ohlc4
UPCOM_ABB,ABB,2024-01-17 09:00:00,1362,0,6.65,6.65,6.49,6.57,1826651,12037630.09,derived_ohlc4
UPCOM_ABB,ABB,2024-01-18 09:00:00,1363,0,6.49,6.57,6.42,6.57,1447788,9428719.35,derived_ohlc4
UPCOM_ABB,ABB,2024-01-19 09:00:00,1364,0,6.57,6.57,6.42,6.57,2654475,17340357.9375,derived_ohlc4
UPCOM_ABB,ABB,2024-01-22 09:00:00,1365,0,6.57,6.65,6.49,6.57,1616804,10622402.280000001,derived_ohlc4
UPCOM_ABB,ABB,2024-01-23 09:00:00,1366,0,6.57,6.57,6.49,6.49,2264829,14789333.370000003,derived_ohlc4
UPCOM_ABB,ABB,2024-01-24 09:00:00,1367,0,6.49,6.57,6.49,6.57,1580648,10321631.44,derived_ohlc4
UPCOM_ABB,ABB,2024-01-25 09:00:00,1368,0,6.57,6.57,6.42,6.42,499665,3245324.1750000003,derived_ohlc4
UPCOM_ABB,ABB,2024-01-26 09:00:00,1369,0,6.49,6.57,6.42,6.57,841775,5482059.6875,derived_ohlc4
UPCOM_ABB,ABB,2024-01-29 09:00:00,1370,0,6.49,6.57,6.42,6.42,550855,3566786.125,derived_ohlc4
UPCOM_ABB,ABB,2024-01-30 09:00:00,1371,0,6.42,6.49,6.42,6.49,1724142,11129336.61,derived_ohlc4
UPCOM_ABB,ABB,2024-01-31 09:00:00,1372,0,6.42,6.49,6.34,6.42,1194754,7667333.795000001,derived_ohlc4
UPCOM_ABB,ABB,2024-02-01 09:00:00,1373,0,6.34,6.49,6.34,6.42,910463,5824687.0425,derived_ohlc4
UPCOM_ABB,ABB,2024-02-02 09:00:00,1374,0,6.42,6.49,6.34,6.42,496082,3183606.2350000003,derived_ohlc4
UPCOM_ABB,ABB,2024-02-05 09:00:00,1375,0,6.42,6.57,6.34,6.49,1377688,8892976.040000001,derived_ohlc4
UPCOM_ABB,ABB,2024-02-06 09:00:00,1376,0,6.49,6.57,6.42,6.49,512015,3324257.3874999997,derived_ohlc4
UPCOM_ABB,ABB,2024-02-07 09:00:00,1377,0,6.49,6.57,6.42,6.57,853468,5558210.350000001,derived_ohlc4
UPCOM_ABB,ABB,2024-02-15 09:00:00,1378,0,6.57,6.81,6.49,6.73,3671430,24415009.499999996,derived_ohlc4
UPCOM_ABB,ABB,2024-02-16 09:00:00,1379,0,6.73,6.73,6.57,6.73,1345596,9002037.24,derived_ohlc4
UPCOM_ABB,ABB,2024-02-19 09:00:00,1380,0,6.65,6.73,6.57,6.65,1383385,9199510.25,derived_ohlc4
UPCOM_ABB,ABB,2024-02-20 09:00:00,1381,0,6.65,6.65,6.57,6.65,862573,5718858.99,derived_ohlc4
UPCOM_ABB,ABB,2024-02-21 09:00:00,1382,0,6.65,6.73,6.57,6.65,1458861,9701425.65,derived_ohlc4
UPCOM_ABB,ABB,2024-02-22 09:00:00,1383,0,6.65,6.73,6.57,6.65,1874476,12465265.4,derived_ohlc4
UPCOM_ABB,ABB,2024-02-23 09:00:00,1384,0,6.65,6.81,6.57,6.65,4788089,31936553.63,derived_ohlc4
UPCOM_ABB,ABB,2024-02-26 09:00:00,1385,0,6.65,6.73,6.57,6.65,683508,4545328.2,derived_ohlc4
UPCOM_ABB,ABB,2024-02-27 09:00:00,1386,0,6.65,6.65,6.49,6.57,1621447,10685335.73,derived_ohlc4
UPCOM_ABB,ABB,2024-02-28 09:00:00,1387,0,6.65,6.65,6.57,6.65,1048821,6953683.23,derived_ohlc4
UPCOM_ABB,ABB,2024-02-29 09:00:00,1388,0,6.65,6.65,6.57,6.57,577321,3816091.81,derived_ohlc4
UPCOM_ABB,ABB,2024-03-01 09:00:00,1389,0,6.57,6.81,6.57,6.65,3380881,22482858.650000002,derived_ohlc4
UPCOM_ABB,ABB,2024-03-04 09:00:00,1390,0,6.65,6.73,6.57,6.65,826578,5496743.7,derived_ohlc4
UPCOM_ABB,ABB,2024-03-05 09:00:00,1391,0,6.65,6.65,6.49,6.65,2399183,15858599.629999999,derived_ohlc4
UPCOM_ABB,ABB,2024-03-06 09:00:00,1392,0,6.65,6.65,6.49,6.57,2610300,17201877.0,derived_ohlc4
UPCOM_ABB,ABB,2024-03-07 09:00:00,1393,0,6.49,6.57,6.42,6.57,1630431,10618181.887500001,derived_ohlc4
UPCOM_ABB,ABB,2024-03-08 09:00:00,1394,0,6.57,6.57,6.42,6.49,1116536,7271440.700000001,derived_ohlc4
UPCOM_ABB,ABB,2024-03-11 09:00:00,1395,0,6.49,6.49,6.34,6.42,1231759,7926369.165000001,derived_ohlc4
UPCOM_ABB,ABB,2024-03-12 09:00:00,1396,0,6.42,6.49,6.34,6.42,554564,3558914.47,derived_ohlc4
UPCOM_ABB,ABB,2024-03-13 09:00:00,1397,0,6.42,6.49,6.34,6.49,1277562,8221111.470000001,derived_ohlc4
UPCOM_ABB,ABB,2024-03-14 09:00:00,1398,0,6.42,6.49,6.34,6.49,929536,5981564.16,derived_ohlc4
UPCOM_ABB,ABB,2024-03-15 09:00:00,1399,0,6.42,6.49,6.34,6.49,1116857,7186974.795000001,derived_ohlc4
UPCOM_ABB,ABB,2024-03-18 09:00:00,1400,0,6.49,6.49,6.26,6.26,1931497,12313293.375,derived_ohlc4
UPCOM_ABB,ABB,2024-03-19 09:00:00,1401,0,6.34,6.42,6.26,6.26,515732,3259426.24,derived_ohlc4
UPCOM_ABB,ABB,2024-03-20 09:00:00,1402,0,6.34,6.42,6.26,6.34,396002,2510652.68,derived_ohlc4
UPCOM_ABB,ABB,2024-03-21 09:00:00,1403,0,6.34,6.42,6.34,6.34,1114370,7087393.2,derived_ohlc4
UPCOM_ABB,ABB,2024-03-22 09:00:00,1404,0,6.34,6.49,6.34,6.42,1526277,9764357.107500002,derived_ohlc4
UPCOM_ABB,ABB,2024-03-25 09:00:00,1405,0,6.42,6.42,6.26,6.42,1164813,7431506.940000001,derived_ohlc4
UPCOM_ABB,ABB,2024-03-26 09:00:00,1406,0,6.34,6.42,6.26,6.42,1074368,6832980.4799999995,derived_ohlc4
UPCOM_ABB,ABB,2024-03-27 09:00:00,1407,0,6.34,6.42,6.26,6.34,955763,6059537.42,derived_ohlc4
UPCOM_ABB,ABB,2024-03-28 09:00:00,1408,0,6.34,6.42,6.26,6.42,2444673,15548120.28,derived_ohlc4
UPCOM_ABB,ABB,2024-03-29 09:00:00,1409,0,6.42,6.42,6.26,6.42,1077938,6877244.44,derived_ohlc4
UPCOM_ABB,ABB,2024-04-01 09:00:00,1410,0,6.34,6.42,6.26,6.34,997861,6326438.74,derived_ohlc4
UPCOM_ABB,ABB,2024-04-02 09:00:00,1411,0,6.34,6.34,6.18,6.34,1317390,8299557.0,derived_ohlc4
UPCOM_ABB,ABB,2024-04-03 09:00:00,1412,0,6.26,6.34,6.26,6.34,1327146,8361019.8,derived_ohlc4
UPCOM_ABB,ABB,2024-04-04 09:00:00,1413,0,6.34,6.34,6.18,6.34,1112154,7006570.2,derived_ohlc4
UPCOM_ABB,ABB,2024-04-05 09:00:00,1414,0,6.34,6.34,6.18,6.26,974311,6118673.079999999,derived_ohlc4
UPCOM_ABB,ABB,2024-04-08 09:00:00,1415,0,6.26,6.26,6.18,6.26,817717,5102554.08,derived_ohlc4
UPCOM_ABB,ABB,2024-04-09 09:00:00,1416,0,6.18,6.26,6.1,6.26,1300250,8061549.999999999,derived_ohlc4
UPCOM_ABB,ABB,2024-04-10 09:00:00,1417,0,6.26,6.49,6.18,6.42,4682103,29672827.762500003,derived_ohlc4
UPCOM_ABB,ABB,2024-04-11 09:00:00,1418,0,6.34,6.49,6.34,6.49,2687623,17241101.545,derived_ohlc4
UPCOM_ABB,ABB,2024-04-12 09:00:00,1419,0,6.49,6.49,6.26,6.49,2499514,16078123.805000002,derived_ohlc4
UPCOM_ABB,ABB,2024-04-15 09:00:00,1420,0,6.42,6.42,6.18,6.34,4056223,25716453.82,derived_ohlc4
UPCOM_ABB,ABB,2024-04-16 09:00:00,1421,0,6.34,6.34,6.1,6.26,2450456,15339854.559999999,derived_ohlc4
UPCOM_ABB,ABB,2024-04-17 09:00:00,1422,0,6.18,6.26,6.1,6.18,1708191,10556620.379999999,derived_ohlc4
UPCOM_ABB,ABB,2024-04-19 09:00:00,1423,0,6.18,6.18,5.94,5.94,1419991,8605145.46,derived_ohlc4
UPCOM_ABB,ABB,2024-04-22 09:00:00,1424,0,6.02,6.1,5.94,6.02,1071222,6448756.4399999995,derived_ohlc4
UPCOM_ABB,ABB,2024-04-23 09:00:00,1425,0,6.1,6.1,5.94,6.02,676628,4086833.12,derived_ohlc4
UPCOM_ABB,ABB,2024-04-24 09:00:00,1426,0,6.02,6.1,5.94,6.02,754524,4542234.4799999995,derived_ohlc4
UPCOM_ABB,ABB,2024-04-25 09:00:00,1427,0,6.1,6.18,6.02,6.18,1053983,6450375.959999999,derived_ohlc4
UPCOM_ABB,ABB,2024-04-26 09:00:00,1428,0,6.18,6.18,6.02,6.1,856832,5243811.839999999,derived_ohlc4
UPCOM_ABB,ABB,2024-05-02 09:00:00,1429,0,6.1,6.18,6.02,6.1,316222,1928954.2,derived_ohlc4
UPCOM_ABB,ABB,2024-05-03 09:00:00,1430,0,6.02,6.18,6.02,6.1,750944,4565739.5200000005,derived_ohlc4
UPCOM_ABB,ABB,2024-05-06 09:00:00,1431,0,6.1,6.18,6.02,6.18,727443,4451951.159999999,derived_ohlc4
UPCOM_ABB,ABB,2024-05-07 09:00:00,1432,0,6.18,6.18,6.1,6.1,254033,1559762.62,derived_ohlc4
UPCOM_ABB,ABB,2024-05-08 09:00:00,1433,0,6.1,6.18,6.1,6.18,1374915,8441978.1,derived_ohlc4
UPCOM_ABB,ABB,2024-05-09 09:00:00,1434,0,6.1,6.34,6.1,6.26,2527280,15669135.999999998,derived_ohlc4
UPCOM_ABB,ABB,2024-05-10 09:00:00,1435,0,6.34,6.34,6.18,6.26,1001991,6292503.4799999995,derived_ohlc4
UPCOM_ABB,ABB,2024-05-13 09:00:00,1436,0,6.18,6.26,6.1,6.1,708253,4362838.48,derived_ohlc4
UPCOM_ABB,ABB,2024-05-14 09:00:00,1437,0,6.1,6.18,6.1,6.18,548025,3364873.5,derived_ohlc4
UPCOM_ABB,ABB,2024-05-15 09:00:00,1438,0,6.18,6.18,6.1,6.18,1126339,6938248.24,derived_ohlc4
UPCOM_ABB,ABB,2024-05-16 09:00:00,1439,0,6.18,6.26,6.1,6.1,2043183,12586007.280000001,derived_ohlc4
UPCOM_ABB,ABB,2024-05-17 09:00:00,1440,0,6.18,6.26,6.1,6.18,965251,5965251.18,derived_ohlc4
UPCOM_ABB,ABB,2024-05-20 09:00:00,1441,0,6.18,6.57,6.18,6.49,11447105,72746352.275,derived_ohlc4
UPCOM_ABB,ABB,2024-05-21 09:00:00,1442,0,6.42,7.36,6.42,7.21,68718379,470892692.0975001,derived_ohlc4
UPCOM_ABB,ABB,2024-05-22 09:00:00,1443,0,7.21,7.36,6.73,6.73,15769715,110506277.86250001,derived_ohlc4
UPCOM_ABB,ABB,2024-05-23 09:00:00,1444,0,6.81,6.89,6.57,6.73,8082882,54559453.5,derived_ohlc4
UPCOM_ABB,ABB,2024-05-24 09:00:00,1445,0,6.81,7.13,6.65,6.81,5527617,37864176.449999996,derived_ohlc4
UPCOM_ABB,ABB,2024-05-27 09:00:00,1446,0,6.89,6.89,6.65,6.81,2376879,16186545.989999998,derived_ohlc4
UPCOM_ABB,ABB,2024-05-28 09:00:00,1447,0,6.73,6.81,6.57,6.73,3561446,23897302.66,derived_ohlc4
UPCOM_ABB,ABB,2024-05-29 09:00:00,1448,0,6.73,7.21,6.65,6.97,7527986,51867823.54000001,derived_ohlc4
UPCOM_ABB,ABB,2024-05-30 09:00:00,1449,0,6.97,6.97,6.73,6.89,2564341,17668309.490000002,derived_ohlc4
UPCOM_ABB,ABB,2024-05-31 09:00:00,1450,0,6.81,6.89,6.73,6.81,1913126,13028388.059999999,derived_ohlc4
UPCOM_ABB,ABB,2024-06-03 09:00:00,1451,0,6.81,6.97,6.73,6.97,2865689,19687283.429999996,derived_ohlc4
UPCOM_ABB,ABB,2024-06-04 09:00:00,1452,0,6.81,6.97,6.81,6.89,2184025,15004251.75,derived_ohlc4
UPCOM_ABB,ABB,2024-06-05 09:00:00,1453,0,6.89,6.97,6.73,6.81,2174616,14896119.6,derived_ohlc4
UPCOM_ABB,ABB,2024-06-06 09:00:00,1454,0,6.81,6.89,6.65,6.81,2363845,16050507.55,derived_ohlc4
UPCOM_ABB,ABB,2024-06-07 09:00:00,1455,0,6.81,6.89,6.73,6.89,2185267,14925373.61,derived_ohlc4
UPCOM_ABB,ABB,2024-06-10 09:00:00,1456,0,6.89,6.97,6.81,6.89,2468147,17005532.83,derived_ohlc4
UPCOM_ABB,ABB,2024-06-11 09:00:00,1457,0,6.81,6.97,6.73,6.81,1809540,12359158.2,derived_ohlc4
UPCOM_ABB,ABB,2024-06-12 09:00:00,1458,0,6.81,6.89,6.73,6.89,1970944,13461547.52,derived_ohlc4
UPCOM_ABB,ABB,2024-06-13 09:00:00,1459,0,6.89,6.97,6.73,6.89,1743768,11979686.16,derived_ohlc4
UPCOM_ABB,ABB,2024-06-14 09:00:00,1460,0,6.89,6.89,6.65,6.73,3159498,21452991.42,derived_ohlc4
UPCOM_ABB,ABB,2024-06-17 09:00:00,1461,0,6.73,6.73,6.57,6.65,1570280,10473767.6,derived_ohlc4
UPCOM_ABB,ABB,2024-06-18 09:00:00,1462,0,6.65,6.73,6.65,6.65,1063813,7095632.71,derived_ohlc4
UPCOM_ABB,ABB,2024-06-19 09:00:00,1463,0,6.65,6.73,6.57,6.65,927578,6168393.7,derived_ohlc4
UPCOM_ABB,ABB,2024-06-20 09:00:00,1464,0,6.73,6.73,6.57,6.65,1234770,8235915.9,derived_ohlc4
UPCOM_ABB,ABB,2024-06-21 09:00:00,1465,0,6.57,6.73,6.49,6.57,1068435,7040986.649999999,derived_ohlc4
UPCOM_ABB,ABB,2024-06-24 09:00:00,1466,0,6.65,6.65,6.42,6.49,1766192,11572973.08,derived_ohlc4
UPCOM_ABB,ABB,2024-06-25 09:00:00,1467,0,6.49,6.57,6.42,6.49,915849,5946149.632499999,derived_ohlc4
UPCOM_ABB,ABB,2024-06-26 09:00:00,1468,0,6.49,6.49,6.34,6.49,1247241,8047822.552500001,derived_ohlc4
UPCOM_ABB,ABB,2024-06-27 09:00:00,1469,0,6.42,6.49,6.34,6.49,795494,5119003.890000001,derived_ohlc4
UPCOM_ABB,ABB,2024-06-28 09:00:00,1470,0,6.49,6.49,6.34,6.42,965097,6210399.195,derived_ohlc4
UPCOM_ABB,ABB,2024-07-01 09:00:00,1471,0,6.42,6.42,6.26,6.34,907384,5770962.24,derived_ohlc4
UPCOM_ABB,ABB,2024-07-02 09:00:00,1472,0,6.34,6.42,6.26,6.42,695003,4420219.079999999,derived_ohlc4
UPCOM_ABB,ABB,2024-07-03 09:00:00,1473,0,6.42,6.49,6.34,6.42,808924,5191269.7700000005,derived_ohlc4
UPCOM_ABB,ABB,2024-07-04 09:00:00,1474,0,6.42,6.49,6.34,6.42,618796,3971123.33,derived_ohlc4
UPCOM_ABB,ABB,2024-07-05 09:00:00,1475,0,6.42,6.49,6.34,6.49,553864,3564114.8400000003,derived_ohlc4
UPCOM_ABB,ABB,2024-07-08 09:00:00,1476,0,6.42,6.49,6.34,6.49,602355,3876154.4250000003,derived_ohlc4
UPCOM_ABB,ABB,2024-07-09 09:00:00,1477,0,6.42,6.49,6.34,6.49,805097,5180799.195,derived_ohlc4
UPCOM_ABB,ABB,2024-07-10 09:00:00,1478,0,6.49,6.49,6.34,6.42,564437,3632152.095,derived_ohlc4
UPCOM_ABB,ABB,2024-07-11 09:00:00,1479,0,6.42,6.49,6.34,6.49,644888,4149854.2800000003,derived_ohlc4
UPCOM_ABB,ABB,2024-07-12 09:00:00,1480,0,6.42,6.42,6.34,6.42,383747,2455980.8000000003,derived_ohlc4
UPCOM_ABB,ABB,2024-07-15 09:00:00,1481,0,6.42,6.49,6.34,6.42,769622,4939049.1850000005,derived_ohlc4
UPCOM_ABB,ABB,2024-07-16 09:00:00,1482,0,6.34,6.49,6.34,6.42,962570,6158041.575000001,derived_ohlc4
UPCOM_ABB,ABB,2024-07-17 09:00:00,1483,0,6.42,6.73,6.42,6.57,4622139,30205678.365000002,derived_ohlc4
UPCOM_ABB,ABB,2024-07-18 09:00:00,1484,0,6.57,6.57,6.42,6.57,766058,5004273.885000001,derived_ohlc4
UPCOM_ABB,ABB,2024-07-19 09:00:00,1485,0,6.57,6.57,6.34,6.42,1682032,10891157.2,derived_ohlc4
UPCOM_ABB,ABB,2024-07-22 09:00:00,1486,0,6.42,6.49,6.26,6.42,1905705,12191747.7375,derived_ohlc4
UPCOM_ABB,ABB,2024-07-23 09:00:00,1487,0,6.34,6.42,6.18,6.26,1286074,8102266.199999998,derived_ohlc4
UPCOM_ABB,ABB,2024-07-24 09:00:00,1488,0,6.26,6.34,6.18,6.26,1128643,7065305.18,derived_ohlc4
UPCOM_ABB,ABB,2024-07-25 09:00:00,1489,0,6.18,6.26,6.18,6.26,1200457,7466842.539999998,derived_ohlc4
UPCOM_ABB,ABB,2024-07-26 09:00:00,1490,0,6.18,6.34,6.18,6.26,924577,5769360.48,derived_ohlc4
UPCOM_ABB,ABB,2024-07-29 09:00:00,1491,0,6.18,6.34,6.18,6.26,652464,4071375.3600000003,derived_ohlc4
UPCOM_ABB,ABB,2024-07-30 09:00:00,1492,0,6.26,6.34,6.26,6.26,651156,4089259.6799999997,derived_ohlc4
UPCOM_ABB,ABB,2024-07-31 09:00:00,1493,0,6.26,6.34,6.18,6.34,1087806,6831421.680000001,derived_ohlc4
UPCOM_ABB,ABB,2024-08-01 09:00:00,1494,0,6.26,6.34,6.1,6.26,1884762,11760914.88,derived_ohlc4
UPCOM_ABB,ABB,2024-08-02 09:00:00,1495,0,6.18,6.26,6.02,6.18,2458788,15146134.08,derived_ohlc4
UPCOM_ABB,ABB,2024-08-05 09:00:00,1496,0,6.18,6.18,5.94,6.02,3048976,18537774.080000002,derived_ohlc4
UPCOM_ABB,ABB,2024-08-06 09:00:00,1497,0,5.94,6.1,5.94,6.1,1024253,6166003.06,derived_ohlc4
UPCOM_ABB,ABB,2024-08-07 09:00:00,1498,0,6.1,6.1,6.02,6.1,388017,2359143.36,derived_ohlc4
UPCOM_ABB,ABB,2024-08-08 09:00:00,1499,0,6.1,6.1,5.94,6.02,850771,5138656.84,derived_ohlc4
UPCOM_ABB,ABB,2024-08-09 09:00:00,1500,0,6.02,6.1,6.02,6.02,276019,1667154.76,derived_ohlc4
UPCOM_ABB,ABB,2024-08-12 09:00:00,1501,0,6.02,6.1,6.02,6.1,599966,3635793.9600000004,derived_ohlc4
UPCOM_ABB,ABB,2024-08-13 09:00:00,1502,0,6.02,6.1,5.94,6.1,609114,3679048.5599999996,derived_ohlc4
UPCOM_ABB,ABB,2024-08-14 09:00:00,1503,0,6.02,6.1,6.02,6.1,555778,3368014.68,derived_ohlc4
UPCOM_ABB,ABB,2024-08-15 09:00:00,1504,0,6.1,6.1,5.94,6.1,390481,2366314.8600000003,derived_ohlc4
UPCOM_ABB,ABB,2024-08-16 09:00:00,1505,0,6.1,6.18,6.02,6.1,759091,4630455.1,derived_ohlc4
UPCOM_ABB,ABB,2024-08-19 09:00:00,1506,0,6.1,6.18,6.1,6.18,544809,3345127.26,derived_ohlc4
UPCOM_ABB,ABB,2024-08-20 09:00:00,1507,0,6.18,6.18,6.1,6.18,657750,4051740.0,derived_ohlc4
UPCOM_ABB,ABB,2024-08-21 09:00:00,1508,0,6.18,6.18,6.1,6.18,1158366,7135534.5600000005,derived_ohlc4
UPCOM_ABB,ABB,2024-08-22 09:00:00,1509,0,6.18,6.26,6.18,6.18,1238941,7681434.199999999,derived_ohlc4
UPCOM_ABB,ABB,2024-08-23 09:00:00,1510,0,6.18,6.26,6.1,6.18,776531,4798961.58,derived_ohlc4
UPCOM_ABB,ABB,2024-08-26 09:00:00,1511,0,6.26,6.26,6.1,6.26,1568916,9758657.519999998,derived_ohlc4
UPCOM_ABB,ABB,2024-08-27 09:00:00,1512,0,6.18,6.26,6.1,6.26,427923,2653122.5999999996,derived_ohlc4
UPCOM_ABB,ABB,2024-08-28 09:00:00,1513,0,6.18,6.26,6.1,6.26,709429,4398459.8,derived_ohlc4
UPCOM_ABB,ABB,2024-08-29 09:00:00,1514,0,6.1,6.26,6.1,6.18,561268,3457410.88,derived_ohlc4
UPCOM_ABB,ABB,2024-08-30 09:00:00,1515,0,6.18,6.26,6.1,6.26,614724,3811288.7999999993,derived_ohlc4
UPCOM_ABB,ABB,2024-09-04 09:00:00,1516,0,6.26,6.26,6.1,6.18,202535,1255716.9999999998,derived_ohlc4
UPCOM_ABB,ABB,2024-09-05 09:00:00,1517,0,6.1,6.18,6.1,6.18,953397,5853857.58,derived_ohlc4
UPCOM_ABB,ABB,2024-09-06 09:00:00,1518,0,6.18,6.18,6.02,6.18,831960,5108234.399999999,derived_ohlc4
UPCOM_ABB,ABB,2024-09-09 09:00:00,1519,0,6.18,6.18,5.94,6.1,1083527,6609514.699999999,derived_ohlc4
UPCOM_ABB,ABB,2024-09-10 09:00:00,1520,0,6.02,6.1,5.94,6.02,455667,2743115.34,derived_ohlc4
UPCOM_ABB,ABB,2024-09-11 09:00:00,1521,0,6.02,6.1,5.94,6.02,1111040,6688460.8,derived_ohlc4
UPCOM_ABB,ABB,2024-09-12 09:00:00,1522,0,6.1,6.1,6.02,6.1,352531,2143388.48,derived_ohlc4
UPCOM_ABB,ABB,2024-09-13 09:00:00,1523,0,6.1,6.1,5.94,6.02,576468,3481866.72,derived_ohlc4
UPCOM_ABB,ABB,2024-09-16 09:00:00,1524,0,6.02,6.1,5.94,6.02,600021,3612126.42,derived_ohlc4
UPCOM_ABB,ABB,2024-09-17 09:00:00,1525,0,6.02,6.1,5.94,6.1,505709,3054482.3599999994,derived_ohlc4
UPCOM_ABB,ABB,2024-09-18 09:00:00,1526,0,6.1,6.1,6.02,6.1,505802,3075276.16,derived_ohlc4
UPCOM_ABB,ABB,2024-09-19 09:00:00,1527,0,6.1,6.1,6.02,6.1,212952,1294748.16,derived_ohlc4
UPCOM_ABB,ABB,2024-09-20 09:00:00,1528,0,6.02,6.18,6.02,6.1,1431875,8705800.0,derived_ohlc4
UPCOM_ABB,ABB,2024-09-23 09:00:00,1529,0,6.1,6.1,6.02,6.1,260077,1581268.16,derived_ohlc4
UPCOM_ABB,ABB,2024-09-24 09:00:00,1530,0,5.78,6.1,5.78,6.1,418045,2483187.3,derived_ohlc4
UPCOM_ABB,ABB,2024-09-25 09:00:00,1531,0,6.1,6.18,6.02,6.18,1136561,6955753.319999999,derived_ohlc4
UPCOM_ABB,ABB,2024-09-26 09:00:00,1532,0,6.1,6.26,6.1,6.26,2184419,13499709.42,derived_ohlc4
UPCOM_ABB,ABB,2024-09-27 09:00:00,1533,0,6.26,6.57,6.18,6.42,3456474,21974533.455,derived_ohlc4
UPCOM_ABB,ABB,2024-09-30 09:00:00,1534,0,6.34,6.42,6.26,6.42,1737725,11051930.999999998,derived_ohlc4
UPCOM_ABB,ABB,2024-10-01 09:00:00,1535,0,6.42,6.42,6.26,6.34,1292921,8222977.5600000005,derived_ohlc4
UPCOM_ABB,ABB,2024-10-02 09:00:00,1536,0,6.34,6.34,6.18,6.34,1576882,9934356.6,derived_ohlc4
UPCOM_ABB,ABB,2024-10-03 09:00:00,1537,0,6.34,6.49,6.26,6.34,4402793,27990756.4975,derived_ohlc4
UPCOM_ABB,ABB,2024-10-04 09:00:00,1538,0,6.42,6.42,6.18,6.34,1016650,6445561.0,derived_ohlc4
UPCOM_ABB,ABB,2024-10-07 09:00:00,1539,0,6.34,6.34,6.1,6.26,1879953,11768505.78,derived_ohlc4
UPCOM_ABB,ABB,2024-10-08 09:00:00,1540,0,6.26,6.34,6.18,6.26,1093523,6845453.9799999995,derived_ohlc4
UPCOM_ABB,ABB,2024-10-09 09:00:00,1541,0,6.26,6.26,6.1,6.18,988867,6130975.399999999,derived_ohlc4
UPCOM_ABB,ABB,2024-10-10 09:00:00,1542,0,6.18,6.26,6.18,6.26,1051698,6541561.559999999,derived_ohlc4
UPCOM_ABB,ABB,2024-10-11 09:00:00,1543,0,6.26,6.26,6.18,6.26,1172907,7318939.680000001,derived_ohlc4
UPCOM_ABB,ABB,2024-10-14 09:00:00,1544,0,6.18,6.26,6.1,6.18,1342466,8296439.88,derived_ohlc4
UPCOM_ABB,ABB,2024-10-15 09:00:00,1545,0,6.18,6.26,6.1,6.18,829684,5127447.12,derived_ohlc4
UPCOM_ABB,ABB,2024-10-16 09:00:00,1546,0,6.18,6.26,6.1,6.18,864463,5342381.34,derived_ohlc4
UPCOM_ABB,ABB,2024-10-17 09:00:00,1547,0,6.18,6.26,6.1,6.26,654860,4060131.9999999995,derived_ohlc4
UPCOM_ABB,ABB,2024-10-18 09:00:00,1548,0,6.18,6.26,6.18,6.26,573615,3567885.2999999993,derived_ohlc4
UPCOM_ABB,ABB,2024-10-21 09:00:00,1549,0,6.18,6.18,6.02,6.18,1459448,8961010.719999999,derived_ohlc4
UPCOM_ABB,ABB,2024-10-22 09:00:00,1550,0,6.1,6.18,6.02,6.18,948732,5806239.839999999,derived_ohlc4
UPCOM_ABB,ABB,2024-10-23 09:00:00,1551,0,6.02,6.1,6.02,6.1,765778,4640614.680000001,derived_ohlc4
UPCOM_ABB,ABB,2024-10-24 09:00:00,1552,0,6.1,6.18,6.02,6.18,2377906,14552784.719999999,derived_ohlc4
UPCOM_ABB,ABB,2024-10-25 09:00:00,1553,0,6.1,6.18,6.02,6.18,758077,4639431.239999999,derived_ohlc4
UPCOM_ABB,ABB,2024-10-28 09:00:00,1554,0,6.18,6.18,6.1,6.1,285299,1751735.86,derived_ohlc4
UPCOM_ABB,ABB,2024-10-29 09:00:00,1555,0,6.1,6.18,6.1,6.1,386909,2367883.0799999996,derived_ohlc4
UPCOM_ABB,ABB,2024-10-30 09:00:00,1556,0,6.1,6.18,6.02,6.1,744609,4542114.899999999,derived_ohlc4
UPCOM_ABB,ABB,2024-10-31 09:00:00,1557,0,6.1,6.18,6.02,6.1,1839831,11222969.1,derived_ohlc4
UPCOM_ABB,ABB,2024-11-01 09:00:00,1558,0,6.1,6.1,5.94,6.02,1065834,6437637.36,derived_ohlc4
UPCOM_ABB,ABB,2024-11-04 09:00:00,1559,0,6.02,6.02,5.94,5.94,502159,3002910.8200000003,derived_ohlc4
UPCOM_ABB,ABB,2024-11-05 09:00:00,1560,0,6.02,6.02,5.94,6.02,213905,1283430.0,derived_ohlc4
UPCOM_ABB,ABB,2024-11-06 09:00:00,1561,0,5.94,6.1,5.94,6.02,1111938,6671628.0,derived_ohlc4
UPCOM_ABB,ABB,2024-11-07 09:00:00,1562,0,6.1,6.1,6.02,6.02,453153,2746107.1799999997,derived_ohlc4
UPCOM_ABB,ABB,2024-11-08 09:00:00,1563,0,6.02,6.1,5.94,6.02,379590,2285131.8,derived_ohlc4
UPCOM_ABB,ABB,2024-11-11 09:00:00,1564,0,5.94,6.02,5.94,5.94,585269,3488203.2400000007,derived_ohlc4
UPCOM_ABB,ABB,2024-11-12 09:00:00,1565,0,6.02,6.02,5.94,6.02,833551,5001306.0,derived_ohlc4
UPCOM_ABB,ABB,2024-11-13 09:00:00,1566,0,5.94,6.02,5.86,5.94,676616,4019099.04,derived_ohlc4
UPCOM_ABB,ABB,2024-11-14 09:00:00,1567,0,5.94,6.02,5.86,5.86,286994,1699004.48,derived_ohlc4
UPCOM_ABB,ABB,2024-11-15 09:00:00,1568,0,5.86,5.94,5.86,5.86,591961,3480730.68,derived_ohlc4
UPCOM_ABB,ABB,2024-11-18 09:00:00,1569,0,5.86,5.94,5.78,5.86,412208,2415538.8800000004,derived_ohlc4
UPCOM_ABB,ABB,2024-11-19 09:00:00,1570,0,5.86,5.94,5.78,5.86,462541,2710490.2600000002,derived_ohlc4
UPCOM_ABB,ABB,2024-11-20 09:00:00,1571,0,5.86,5.94,5.78,5.94,965311,5676028.680000001,derived_ohlc4
UPCOM_ABB,ABB,2024-11-21 09:00:00,1572,0,5.86,5.94,5.78,5.86,419631,2459037.66,derived_ohlc4
UPCOM_ABB,ABB,2024-11-22 09:00:00,1573,0,5.86,5.86,5.78,5.86,109337,638528.08,derived_ohlc4
UPCOM_ABB,ABB,2024-11-25 09:00:00,1574,0,5.78,5.86,5.78,5.78,751630,4359454.000000001,derived_ohlc4
UPCOM_ABB,ABB,2024-11-26 09:00:00,1575,0,5.86,5.86,5.78,5.86,442293,2582991.12,derived_ohlc4
UPCOM_ABB,ABB,2024-11-27 09:00:00,1576,0,5.86,5.86,5.7,5.78,762284,4421247.2,derived_ohlc4
UPCOM_ABB,ABB,2024-11-28 09:00:00,1577,0,5.78,5.86,5.7,5.78,1048773,6061907.94,derived_ohlc4
UPCOM_ABB,ABB,2024-11-29 09:00:00,1578,0,5.78,5.86,5.7,5.78,616749,3564809.22,derived_ohlc4
UPCOM_ABB,ABB,2024-12-02 09:00:00,1579,0,5.78,5.86,5.7,5.86,838697,4864442.6,derived_ohlc4
UPCOM_ABB,ABB,2024-12-03 09:00:00,1580,0,5.78,5.86,5.7,5.78,356047,2057951.6600000001,derived_ohlc4
UPCOM_ABB,ABB,2024-12-04 09:00:00,1581,0,5.78,5.78,5.7,5.78,280475,1615536.0000000002,derived_ohlc4
UPCOM_ABB,ABB,2024-12-05 09:00:00,1582,0,5.78,5.86,5.7,5.78,1074861,6212696.58,derived_ohlc4
UPCOM_ABB,ABB,2024-12-06 09:00:00,1583,0,5.86,5.86,5.7,5.78,1051052,6096101.600000001,derived_ohlc4
UPCOM_ABB,ABB,2024-12-09 09:00:00,1584,0,5.78,5.86,5.78,5.86,105032,611286.24,derived_ohlc4
UPCOM_ABB,ABB,2024-12-10 09:00:00,1585,0,5.86,5.86,5.78,5.86,320893,1874015.1199999999,derived_ohlc4
UPCOM_ABB,ABB,2024-12-11 09:00:00,1586,0,5.86,5.86,5.78,5.86,172864,1009525.76,derived_ohlc4
UPCOM_ABB,ABB,2024-12-12 09:00:00,1587,0,5.78,5.86,5.7,5.78,725794,4195089.32,derived_ohlc4
UPCOM_ABB,ABB,2024-12-13 09:00:00,1588,0,5.78,5.78,5.7,5.78,336253,1936817.2800000003,derived_ohlc4
UPCOM_ABB,ABB,2024-12-16 09:00:00,1589,0,5.78,5.78,5.7,5.78,229031,1319218.56,derived_ohlc4
UPCOM_ABB,ABB,2024-12-17 09:00:00,1590,0,5.78,5.78,5.7,5.78,377245,2172931.2,derived_ohlc4
UPCOM_ABB,ABB,2024-12-18 09:00:00,1591,0,5.7,5.78,5.7,5.78,292031,1676257.9400000002,derived_ohlc4
UPCOM_ABB,ABB,2024-12-19 09:00:00,1592,0,5.78,5.78,5.62,5.7,935427,5350642.4399999995,derived_ohlc4
UPCOM_ABB,ABB,2024-12-20 09:00:00,1593,0,5.7,5.7,5.62,5.7,239582,1360825.76,derived_ohlc4
UPCOM_ABB,ABB,2024-12-23 09:00:00,1594,0,5.7,5.78,5.7,5.78,453961,2605736.14,derived_ohlc4
UPCOM_ABB,ABB,2024-12-24 09:00:00,1595,0,5.7,5.78,5.7,5.78,1630317,9358019.58,derived_ohlc4
UPCOM_ABB,ABB,2024-12-25 09:00:00,1596,0,5.7,5.94,5.7,5.94,1363555,7935890.100000001,derived_ohlc4
UPCOM_ABB,ABB,2024-12-26 09:00:00,1597,0,5.86,5.94,5.78,5.86,162756,953750.16,derived_ohlc4
UPCOM_ABB,ABB,2024-12-27 09:00:00,1598,0,5.86,5.86,5.78,5.86,395475,2309574.0,derived_ohlc4
UPCOM_ABB,ABB,2024-12-30 09:00:00,1599,0,5.78,5.86,5.7,5.86,287974,1670249.2,derived_ohlc4
UPCOM_ABB,ABB,2024-12-31 09:00:00,1600,0,5.78,5.86,5.7,5.86,347244,2014015.2,derived_ohlc4
UPCOM_ABB,ABB,2025-01-02 09:00:00,1601,0,5.86,5.86,5.7,5.86,266815,1552863.3,derived_ohlc4
UPCOM_ABB,ABB,2025-01-03 09:00:00,1602,0,5.86,5.86,5.7,5.78,778858,4517376.4,derived_ohlc4
UPCOM_ABB,ABB,2025-01-06 09:00:00,1603,0,5.78,5.78,5.7,5.78,395284,2276835.8400000003,derived_ohlc4
UPCOM_ABB,ABB,2025-01-07 09:00:00,1604,0,5.78,5.78,5.62,5.7,437914,2504868.08,derived_ohlc4
UPCOM_ABB,ABB,2025-01-08 09:00:00,1605,0,5.7,5.78,5.62,5.7,346559,1975386.3,derived_ohlc4
UPCOM_ABB,ABB,2025-01-09 09:00:00,1606,0,5.7,5.78,5.62,5.62,390419,2217579.9200000004,derived_ohlc4
UPCOM_ABB,ABB,2025-01-10 09:00:00,1607,0,5.62,5.7,5.62,5.7,192770,1091078.2,derived_ohlc4
UPCOM_ABB,ABB,2025-01-13 09:00:00,1608,0,5.7,5.7,5.62,5.62,636415,3602108.9,derived_ohlc4
UPCOM_ABB,ABB,2025-01-14 09:00:00,1609,0,5.62,5.62,5.62,5.62,438705,2465522.1,derived_ohlc4
UPCOM_ABB,ABB,2025-01-15 09:00:00,1610,0,5.62,5.7,5.54,5.7,370164,2087724.96,derived_ohlc4
UPCOM_ABB,ABB,2025-01-16 09:00:00,1611,0,5.7,5.7,5.62,5.7,122339,694885.52,derived_ohlc4
UPCOM_ABB,ABB,2025-01-17 09:00:00,1612,0,5.7,5.7,5.54,5.7,477318,2701619.88,derived_ohlc4
UPCOM_ABB,ABB,2025-01-20 09:00:00,1613,0,5.7,5.7,5.54,5.62,581148,3277674.72,derived_ohlc4
UPCOM_ABB,ABB,2025-01-21 09:00:00,1614,0,5.62,5.7,5.62,5.62,175093,987524.5200000001,derived_ohlc4
UPCOM_ABB,ABB,2025-01-22 09:00:00,1615,0,5.62,5.7,5.54,5.62,445858,2505721.96,derived_ohlc4
UPCOM_ABB,ABB,2025-01-23 09:00:00,1616,0,5.62,5.7,5.62,5.62,213073,1201731.7200000002,derived_ohlc4
UPCOM_ABB,ABB,2025-01-24 09:00:00,1617,0,5.62,5.7,5.62,5.62,184629,1041307.56,derived_ohlc4
UPCOM_ABB,ABB,2025-02-03 09:00:00,1618,0,5.7,5.78,5.62,5.78,748907,4283748.04,derived_ohlc4
UPCOM_ABB,ABB,2025-02-04 09:00:00,1619,0,5.78,5.86,5.7,5.86,969355,5622259.0,derived_ohlc4
UPCOM_ABB,ABB,2025-02-05 09:00:00,1620,0,5.86,5.86,5.78,5.86,248446,1450924.64,derived_ohlc4
UPCOM_ABB,ABB,2025-02-06 09:00:00,1621,0,5.78,5.86,5.7,5.86,884879,5132298.2,derived_ohlc4
UPCOM_ABB,ABB,2025-02-07 09:00:00,1622,0,5.86,5.94,5.78,5.94,1149195,6757266.600000001,derived_ohlc4
UPCOM_ABB,ABB,2025-02-10 09:00:00,1623,0,5.94,5.94,5.78,5.86,721617,4243107.96,derived_ohlc4
UPCOM_ABB,ABB,2025-02-11 09:00:00,1624,0,5.78,5.94,5.78,5.94,531644,3115433.8400000003,derived_ohlc4
UPCOM_ABB,ABB,2025-02-12 09:00:00,1625,0,5.86,5.94,5.78,5.86,400538,2347152.68,derived_ohlc4
UPCOM_ABB,ABB,2025-02-13 09:00:00,1626,0,5.86,5.86,5.7,5.86,721994,4202005.08,derived_ohlc4
UPCOM_ABB,ABB,2025-02-14 09:00:00,1627,0,5.7,6.1,5.7,6.1,2489065,14685483.5,derived_ohlc4
UPCOM_ABB,ABB,2025-02-17 09:00:00,1628,0,6.1,6.34,6.02,6.26,2936316,18146432.88,derived_ohlc4
UPCOM_ABB,ABB,2025-02-18 09:00:00,1629,0,6.26,6.26,6.1,6.18,1340165,8309022.999999999,derived_ohlc4
UPCOM_ABB,ABB,2025-02-19 09:00:00,1630,0,6.18,6.18,5.94,6.1,1733652,10575277.2,derived_ohlc4
UPCOM_ABB,ABB,2025-02-20 09:00:00,1631,0,6.1,6.26,6.02,6.18,2062320,12662644.799999999,derived_ohlc4
UPCOM_ABB,ABB,2025-02-21 09:00:00,1632,0,6.18,6.34,6.1,6.26,1865805,11605307.099999998,derived_ohlc4
UPCOM_ABB,ABB,2025-02-24 09:00:00,1633,0,6.26,6.26,6.1,6.26,1052716,6547893.519999999,derived_ohlc4
UPCOM_ABB,ABB,2025-02-25 09:00:00,1634,0,6.18,6.26,6.1,6.26,906837,5622389.399999999,derived_ohlc4
UPCOM_ABB,ABB,2025-02-26 09:00:00,1635,0,6.18,6.26,6.02,6.1,1969282,12091391.48,derived_ohlc4
UPCOM_ABB,ABB,2025-02-27 09:00:00,1636,0,6.1,6.18,6.02,6.1,559803,3414798.3,derived_ohlc4
UPCOM_ABB,ABB,2025-02-28 09:00:00,1637,0,6.1,6.1,5.94,6.02,1292755,7808240.2,derived_ohlc4
UPCOM_ABB,ABB,2025-03-03 09:00:00,1638,0,6.02,6.02,5.94,5.94,742032,4437351.36,derived_ohlc4
UPCOM_ABB,ABB,2025-03-04 09:00:00,1639,0,6.02,6.02,5.86,6.02,683695,4088496.0999999996,derived_ohlc4
UPCOM_ABB,ABB,2025-03-05 09:00:00,1640,0,5.94,6.1,5.94,6.02,1006391,6038346.0,derived_ohlc4
UPCOM_ABB,ABB,2025-03-06 09:00:00,1641,0,6.02,6.1,5.94,6.1,638892,3858907.6799999992,derived_ohlc4
UPCOM_ABB,ABB,2025-03-07 09:00:00,1642,0,6.02,6.42,6.02,6.26,6830747,42214016.46,derived_ohlc4
UPCOM_ABB,ABB,2025-03-10 09:00:00,1643,0,6.26,6.65,6.26,6.49,9494409,60906633.73500001,derived_ohlc4
UPCOM_ABB,ABB,2025-03-11 09:00:00,1644,0,6.49,6.49,6.34,6.49,1282131,8272950.277500001,derived_ohlc4
UPCOM_ABB,ABB,2025-03-12 09:00:00,1645,0,6.49,6.57,6.26,6.34,10458204,67089378.660000004,derived_ohlc4
UPCOM_ABB,ABB,2025-03-13 09:00:00,1646,0,6.34,6.34,6.18,6.34,1558082,9815916.6,derived_ohlc4
UPCOM_ABB,ABB,2025-03-14 09:00:00,1647,0,6.26,6.49,6.26,6.49,3097747,19748137.125,derived_ohlc4
UPCOM_ABB,ABB,2025-03-17 09:00:00,1648,0,6.42,6.65,6.42,6.65,5395303,35258305.105000004,derived_ohlc4
UPCOM_ABB,ABB,2025-03-18 09:00:00,1649,0,7.52,7.52,6.57,6.81,20722023,147229973.415,derived_ohlc4
UPCOM_ABB,ABB,2025-03-19 09:00:00,1650,0,7.84,7.84,6.42,6.57,4368360,31310220.3,derived_ohlc4
UPCOM_ABB,ABB,2025-03-20 09:00:00,1651,0,6.57,6.65,6.18,6.26,6012296,38568878.839999996,derived_ohlc4
UPCOM_ABB,ABB,2025-03-21 09:00:00,1652,0,6.97,6.97,6.26,6.49,2614842,17447533.244999997,derived_ohlc4
UPCOM_ABB,ABB,2025-03-24 09:00:00,1653,0,6.57,6.57,6.26,6.42,1193082,7701344.3100000005,derived_ohlc4
UPCOM_ABB,ABB,2025-03-25 09:00:00,1654,0,6.42,6.49,6.26,6.42,1922783,12301004.242500002,derived_ohlc4
UPCOM_ABB,ABB,2025-03-26 09:00:00,1655,0,6.42,6.42,6.18,6.26,1997006,12621077.92,derived_ohlc4
UPCOM_ABB,ABB,2025-03-27 09:00:00,1656,0,6.26,6.34,6.18,6.26,1486243,9303881.18,derived_ohlc4
UPCOM_ABB,ABB,2025-03-28 09:00:00,1657,0,6.26,6.26,6.1,6.26,1492578,9283835.159999998,derived_ohlc4
UPCOM_ABB,ABB,2025-03-31 09:00:00,1658,0,6.18,6.26,6.1,6.18,1441900,8910942.0,derived_ohlc4
UPCOM_ABB,ABB,2025-04-01 09:00:00,1659,0,6.26,6.26,6.18,6.26,596406,3721573.44,derived_ohlc4
UPCOM_ABB,ABB,2025-04-02 09:00:00,1660,0,6.26,6.42,6.26,6.42,3361239,21310255.259999998,derived_ohlc4
UPCOM_ABB,ABB,2025-04-03 09:00:00,1661,0,6.26,6.34,5.62,5.86,8472241,51002890.81999999,derived_ohlc4
UPCOM_ABB,ABB,2025-04-04 09:00:00,1662,0,5.86,5.86,5.38,5.7,4865285,27732124.5,derived_ohlc4
UPCOM_ABB,ABB,2025-04-08 09:00:00,1663,0,5.62,5.78,5.15,5.38,4687149,25697294.3925,derived_ohlc4
UPCOM_ABB,ABB,2025-04-09 09:00:00,1664,0,4.83,5.46,4.83,5.31,2674757,13661321.3775,derived_ohlc4
UPCOM_ABB,ABB,2025-04-10 09:00:00,1665,0,5.54,6.1,5.54,6.1,4817837,28039811.34,derived_ohlc4
UPCOM_ABB,ABB,2025-04-11 09:00:00,1666,0,6.1,6.26,5.78,6.02,3223005,19466950.2,derived_ohlc4
UPCOM_ABB,ABB,2025-04-14 09:00:00,1667,0,6.02,6.02,5.7,5.78,1761447,10357308.36,derived_ohlc4
UPCOM_ABB,ABB,2025-04-15 09:00:00,1668,0,5.86,5.86,5.7,5.7,1004435,5805634.3,derived_ohlc4
UPCOM_ABB,ABB,2025-04-16 09:00:00,1669,0,5.7,5.78,5.62,5.78,1444765,8264055.800000001,derived_ohlc4
UPCOM_ABB,ABB,2025-04-17 09:00:00,1670,0,5.7,5.78,5.62,5.78,1156002,6612331.44,derived_ohlc4
UPCOM_ABB,ABB,2025-04-18 09:00:00,1671,0,5.78,5.94,5.78,5.94,2415594,14155380.84,derived_ohlc4
UPCOM_ABB,ABB,2025-04-21 09:00:00,1672,0,5.86,6.02,5.78,5.86,839020,4933437.6,derived_ohlc4
UPCOM_ABB,ABB,2025-04-22 09:00:00,1673,0,5.86,5.86,5.38,5.62,3329580,18912014.400000002,derived_ohlc4
UPCOM_ABB,ABB,2025-04-23 09:00:00,1674,0,5.7,5.86,5.7,5.78,698182,4021528.3200000003,derived_ohlc4
UPCOM_ABB,ABB,2025-04-24 09:00:00,1675,0,5.78,5.86,5.7,5.78,1067833,6172074.74,derived_ohlc4
UPCOM_ABB,ABB,2025-04-25 09:00:00,1676,0,5.78,5.86,5.7,5.86,1215572,7050317.6,derived_ohlc4
UPCOM_ABB,ABB,2025-04-28 09:00:00,1677,0,5.78,5.86,5.7,5.78,794542,4592452.76,derived_ohlc4
UPCOM_ABB,ABB,2025-04-29 09:00:00,1678,0,5.78,5.86,5.7,5.86,868676,5038320.8,derived_ohlc4
UPCOM_ABB,ABB,2025-05-05 09:00:00,1679,0,5.86,5.94,5.78,5.94,1113900,6549732.000000001,derived_ohlc4
UPCOM_ABB,ABB,2025-05-06 09:00:00,1680,0,5.94,5.94,5.78,5.94,1414900,8347910.000000001,derived_ohlc4
UPCOM_ABB,ABB,2025-05-07 09:00:00,1681,0,5.94,5.94,5.78,5.86,792000,4656960.0,derived_ohlc4
UPCOM_ABB,ABB,2025-05-08 09:00:00,1682,0,5.86,5.94,5.78,5.94,1454600,8553048.000000002,derived_ohlc4
UPCOM_ABB,ABB,2025-05-09 09:00:00,1683,0,5.86,5.94,5.78,5.94,862700,5072676.000000001,derived_ohlc4
UPCOM_ABB,ABB,2025-05-12 09:00:00,1684,0,5.94,5.94,5.78,5.94,748600,4416740.0,derived_ohlc4
UPCOM_ABB,ABB,2025-05-13 09:00:00,1685,0,5.86,5.94,5.86,5.94,1175700,6936630.0,derived_ohlc4
UPCOM_ABB,ABB,2025-05-14 09:00:00,1686,0,5.86,6.02,5.86,6.02,2509400,14905835.999999998,derived_ohlc4
UPCOM_ABB,ABB,2025-05-15 09:00:00,1687,0,6.02,6.18,5.94,6.18,4009300,24376544.0,derived_ohlc4
UPCOM_ABB,ABB,2025-05-16 09:00:00,1688,0,6.1,6.18,5.94,6.1,1793900,10906912.0,derived_ohlc4
UPCOM_ABB,ABB,2025-05-19 09:00:00,1689,0,6.02,6.1,5.94,6.02,1491200,8977024.0,derived_ohlc4
UPCOM_ABB,ABB,2025-05-20 09:00:00,1690,0,6.02,6.1,5.94,6.02,1561500,9400230.0,derived_ohlc4
UPCOM_ABB,ABB,2025-05-21 09:00:00,1691,0,6.02,6.18,5.94,6.1,2959500,17934570.0,derived_ohlc4
UPCOM_ABB,ABB,2025-05-22 09:00:00,1692,0,6.1,6.1,5.94,6.02,1551800,9372872.0,derived_ohlc4
UPCOM_ABB,ABB,2025-05-23 09:00:00,1693,0,6.02,6.02,5.94,6.02,1124600,6747600.0,derived_ohlc4
UPCOM_ABB,ABB,2025-05-26 09:00:00,1694,0,6.02,6.1,5.86,6.1,3431800,20659436.0,derived_ohlc4
UPCOM_ABB,ABB,2025-05-27 09:00:00,1695,0,6.02,6.42,6.02,6.34,6121000,37950200.0,derived_ohlc4
UPCOM_ABB,ABB,2025-05-28 09:00:00,1696,0,6.34,6.57,6.26,6.49,7970000,51127550.00000001,derived_ohlc4
UPCOM_ABB,ABB,2025-05-29 09:00:00,1697,0,6.42,6.57,6.34,6.42,3498100,22519018.75,derived_ohlc4
UPCOM_ABB,ABB,2025-05-30 09:00:00,1698,0,6.42,6.49,6.26,6.34,2732400,17425881.0,derived_ohlc4
UPCOM_ABB,ABB,2025-06-02 09:00:00,1699,0,6.34,6.42,6.18,6.42,2988300,18945822.0,derived_ohlc4
UPCOM_ABB,ABB,2025-06-03 09:00:00,1700,0,6.42,6.49,6.26,6.42,2716400,17378169.000000004,derived_ohlc4
UPCOM_ABB,ABB,2025-06-04 09:00:00,1701,0,6.42,6.57,6.34,6.42,3129900,20148731.25,derived_ohlc4
UPCOM_ABB,ABB,2025-06-05 09:00:00,1702,0,6.42,6.49,6.34,6.42,2031500,13037151.25,derived_ohlc4
UPCOM_ABB,ABB,2025-06-06 09:00:00,1703,0,6.42,6.42,6.26,6.34,2012100,12796956.0,derived_ohlc4
UPCOM_ABB,ABB,2025-06-09 09:00:00,1704,0,6.34,6.34,6.18,6.26,2373100,14903067.999999998,derived_ohlc4
UPCOM_ABB,ABB,2025-06-10 09:00:00,1705,0,6.26,6.42,6.18,6.34,3051500,19224450.0,derived_ohlc4
UPCOM_ABB,ABB,2025-06-11 09:00:00,1706,0,6.34,6.73,6.34,6.57,6889300,44746003.5,derived_ohlc4
UPCOM_ABB,ABB,2025-06-12 09:00:00,1707,0,6.57,6.73,6.49,6.65,2947900,19485619.0,derived_ohlc4
UPCOM_ABB,ABB,2025-06-13 09:00:00,1708,0,6.57,6.65,6.42,6.49,3266900,21341024.250000004,derived_ohlc4
UPCOM_ABB,ABB,2025-06-16 09:00:00,1709,0,6.49,6.65,6.42,6.65,2653700,17388369.25,derived_ohlc4
UPCOM_ABB,ABB,2025-06-17 09:00:00,1710,0,6.65,6.89,6.57,6.73,3831400,25708694.0,derived_ohlc4
UPCOM_ABB,ABB,2025-06-18 09:00:00,1711,0,6.73,6.73,6.57,6.65,2733800,18234446.0,derived_ohlc4
UPCOM_ABB,ABB,2025-06-19 09:00:00,1712,0,6.65,6.73,6.49,6.65,2321900,15394197.000000002,derived_ohlc4
UPCOM_ABB,ABB,2025-06-20 09:00:00,1713,0,6.57,6.73,6.49,6.73,2654900,17601987.0,derived_ohlc4
UPCOM_ABB,ABB,2025-06-23 09:00:00,1714,0,6.65,6.73,6.49,6.65,1950600,12932478.000000002,derived_ohlc4
UPCOM_ABB,ABB,2025-06-24 09:00:00,1715,0,6.57,6.65,6.57,6.65,1879100,12420850.999999998,derived_ohlc4
UPCOM_ABB,ABB,2025-06-25 09:00:00,1716,0,6.65,6.73,6.49,6.65,3212900,21301527.000000004,derived_ohlc4
UPCOM_ABB,ABB,2025-06-26 09:00:00,1717,0,6.65,6.65,6.49,6.57,1904500,12550655.0,derived_ohlc4
UPCOM_ABB,ABB,2025-06-27 09:00:00,1718,0,6.57,6.73,6.57,6.65,2144300,14216709.000000002,derived_ohlc4
UPCOM_ABB,ABB,2025-06-30 09:00:00,1719,0,6.65,6.73,6.57,6.65,1226900,8158885.0,derived_ohlc4
UPCOM_ABB,ABB,2025-07-01 09:00:00,1720,0,6.57,6.65,6.49,6.65,1854100,12218519.0,derived_ohlc4
UPCOM_ABB,ABB,2025-07-02 09:00:00,1721,0,6.57,6.65,6.49,6.65,1069700,7049323.0,derived_ohlc4
UPCOM_ABB,ABB,2025-07-03 09:00:00,1722,0,6.57,6.65,6.49,6.57,1893000,12437010.0,derived_ohlc4
UPCOM_ABB,ABB,2025-07-04 09:00:00,1723,0,6.57,6.65,6.49,6.65,1306600,8610494.0,derived_ohlc4
UPCOM_ABB,ABB,2025-07-07 09:00:00,1724,0,6.89,6.89,6.57,6.73,5678700,38444799.0,derived_ohlc4
UPCOM_ABB,ABB,2025-07-08 09:00:00,1725,0,6.73,6.89,6.57,6.81,4260500,28758375.0,derived_ohlc4
UPCOM_ABB,ABB,2025-07-09 09:00:00,1726,0,6.81,7.13,6.73,7.05,6703800,46457334.00000001,derived_ohlc4
UPCOM_ABB,ABB,2025-07-10 09:00:00,1727,0,7.05,7.13,6.89,6.97,3154100,22110241.0,derived_ohlc4
UPCOM_ABB,ABB,2025-07-11 09:00:00,1728,0,6.97,7.05,6.89,7.05,3988400,27878916.0,derived_ohlc4
UPCOM_ABB,ABB,2025-07-14 09:00:00,1729,0,7.05,7.13,6.89,7.13,2969600,20935680.0,derived_ohlc4
UPCOM_ABB,ABB,2025-07-15 09:00:00,1730,0,7.13,7.21,7.05,7.13,4004300,28550659.0,derived_ohlc4
UPCOM_ABB,ABB,2025-07-16 09:00:00,1731,0,7.13,7.13,6.97,7.13,2290100,16236809.0,derived_ohlc4
UPCOM_ABB,ABB,2025-07-17 09:00:00,1732,0,7.05,7.29,7.05,7.21,4016200,28715830.0,derived_ohlc4
UPCOM_ABB,ABB,2025-07-18 09:00:00,1733,0,7.21,7.29,7.13,7.21,3478100,25077101.0,derived_ohlc4
UPCOM_ABB,ABB,2025-07-21 09:00:00,1734,0,7.21,7.29,7.05,7.13,3313900,23760663.0,derived_ohlc4
UPCOM_ABB,ABB,2025-07-22 09:00:00,1735,0,7.13,7.21,6.97,7.21,3600900,25674417.0,derived_ohlc4
UPCOM_ABB,ABB,2025-07-23 09:00:00,1736,0,7.21,8.08,7.13,7.84,13457800,101808257.0,derived_ohlc4
UPCOM_ABB,ABB,2025-07-24 09:00:00,1737,0,7.84,8.08,7.76,7.92,4756300,37574770.0,derived_ohlc4
UPCOM_ABB,ABB,2025-07-25 09:00:00,1738,0,7.92,8.16,7.92,8.08,6646500,53304930.0,derived_ohlc4
UPCOM_ABB,ABB,2025-07-28 09:00:00,1739,0,8.08,9.11,8.08,9.03,17912000,153595400.0,derived_ohlc4
UPCOM_ABB,ABB,2025-07-29 09:00:00,1740,0,9.11,9.42,8.4,8.55,14781300,131110131.00000001,derived_ohlc4
UPCOM_ABB,ABB,2025-07-30 09:00:00,1741,0,8.47,9.5,8.47,9.5,13980100,125611198.49999999,derived_ohlc4
UPCOM_ABB,ABB,2025-07-31 09:00:00,1742,0,9.9,10.38,9.58,10.38,28340200,285102412.0,derived_ohlc4
UPCOM_ABB,ABB,2025-08-01 09:00:00,1743,0,10.45,11.01,10.14,10.3,12167600,127455610.00000001,derived_ohlc4
UPCOM_ABB,ABB,2025-08-04 09:00:00,1744,0,10.38,10.38,9.98,10.3,10521500,107950590.00000001,derived_ohlc4
UPCOM_ABB,ABB,2025-08-05 09:00:00,1745,0,10.3,10.61,9.58,10.06,16637900,168666711.25000003,derived_ohlc4
UPCOM_ABB,ABB,2025-08-06 09:00:00,1746,0,10.22,10.3,9.82,10.14,9673800,97898856.00000001,derived_ohlc4
UPCOM_ABB,ABB,2025-08-07 09:00:00,1747,0,10.06,10.22,9.82,10.06,7426300,74560052.0,derived_ohlc4
UPCOM_ABB,ABB,2025-08-08 09:00:00,1748,0,10.06,10.61,10.06,10.22,11640800,119172690.00000001,derived_ohlc4
UPCOM_ABB,ABB,2025-08-11 09:00:00,1749,0,10.22,10.38,9.98,10.3,9262300,94660706.0,derived_ohlc4
UPCOM_ABB,ABB,2025-08-12 09:00:00,1750,0,10.3,10.45,10.14,10.3,8773800,90348205.5,derived_ohlc4
UPCOM_ABB,ABB,2025-08-13 09:00:00,1751,0,10.3,10.93,10.3,10.61,14722800,155104698.0,derived_ohlc4
UPCOM_ABB,ABB,2025-08-14 09:00:00,1752,0,10.93,10.93,10.45,10.85,14400300,155379237.0,derived_ohlc4
UPCOM_ABB,ABB,2025-08-15 09:00:00,1753,0,10.85,10.93,10.3,10.45,11271500,119844223.75,derived_ohlc4
UPCOM_ABB,ABB,2025-08-18 09:00:00,1754,0,10.45,10.53,10.14,10.3,9693800,100379299.0,derived_ohlc4
UPCOM_ABB,ABB,2025-08-19 09:00:00,1755,0,10.3,10.45,10.14,10.3,9054200,93235624.5,derived_ohlc4
UPCOM_ABB,ABB,2025-08-20 09:00:00,1756,0,10.3,11.09,10.22,10.69,19773400,209103705.0,derived_ohlc4
UPCOM_ABB,ABB,2025-08-21 09:00:00,1757,0,10.77,11.32,10.69,11.01,15887200,173925122.0,derived_ohlc4
UPCOM_ABB,ABB,2025-08-22 09:00:00,1758,0,11.09,11.09,10.14,10.38,15808100,168751467.5,derived_ohlc4
UPCOM_ABB,ABB,2025-08-25 09:00:00,1759,0,10.53,10.61,9.35,9.58,15258700,152854027.25,derived_ohlc4
UPCOM_ABB,ABB,2025-08-26 09:00:00,1760,0,9.58,10.06,9.5,9.98,8003900,78278142.00000001,derived_ohlc4
UPCOM_ABB,ABB,2025-08-27 09:00:00,1761,0,10.06,10.3,9.82,9.98,4392200,44097687.99999999,derived_ohlc4
UPCOM_ABB,ABB,2025-08-28 09:00:00,1762,0,9.98,10.06,9.74,9.98,5252300,52207862.00000001,derived_ohlc4
UPCOM_ABB,ABB,2025-08-29 09:00:00,1763,0,9.9,10.14,9.9,9.98,5265800,52552684.0,derived_ohlc4
UPCOM_ABB,ABB,2025-09-03 09:00:00,1764,0,10.14,10.22,9.9,10.06,2746600,27685728.0,derived_ohlc4
UPCOM_ABB,ABB,2025-09-04 09:00:00,1765,0,10.06,10.22,9.98,10.22,4043800,40923256.00000001,derived_ohlc4
UPCOM_ABB,ABB,2025-09-05 09:00:00,1766,0,10.14,10.53,9.98,10.06,8627400,87805363.5,derived_ohlc4
UPCOM_ABB,ABB,2025-09-08 09:00:00,1767,0,10.14,10.22,9.5,9.74,6952800,68832720.0,derived_ohlc4
UPCOM_ABB,ABB,2025-09-09 09:00:00,1768,0,9.74,9.82,9.58,9.82,4150200,40422948.0,derived_ohlc4
UPCOM_ABB,ABB,2025-09-10 09:00:00,1769,0,9.82,9.82,9.58,9.74,1654600,16115804.0,derived_ohlc4
UPCOM_ABB,ABB,2025-09-11 09:00:00,1770,0,9.74,9.74,9.11,9.5,5422100,51631947.25000001,derived_ohlc4
UPCOM_ABB,ABB,2025-09-12 09:00:00,1771,0,9.42,9.66,9.42,9.66,2054500,19599930.0,derived_ohlc4
UPCOM_ABB,ABB,2025-09-15 09:00:00,1772,0,9.66,9.66,9.5,9.58,2145500,20596800.0,derived_ohlc4
UPCOM_ABB,ABB,2025-09-16 09:00:00,1773,0,9.58,9.82,9.58,9.82,3359000,32582299.999999996,derived_ohlc4
UPCOM_ABB,ABB,2025-09-17 09:00:00,1774,0,9.82,10.22,9.74,9.98,6422700,63841638.00000001,derived_ohlc4
UPCOM_ABB,ABB,2025-09-18 09:00:00,1775,0,9.98,10.14,9.74,9.82,2377800,23587776.0,derived_ohlc4
UPCOM_ABB,ABB,2025-09-19 09:00:00,1776,0,9.82,9.9,9.66,9.82,1923600,18851280.0,derived_ohlc4
UPCOM_ABB,ABB,2025-09-22 09:00:00,1777,0,9.74,9.9,9.42,9.5,3661900,35300716.0,derived_ohlc4
UPCOM_ABB,ABB,2025-09-23 09:00:00,1778,0,9.58,9.66,9.5,9.66,1315600,12629760.000000002,derived_ohlc4
UPCOM_ABB,ABB,2025-09-24 09:00:00,1779,0,9.58,9.82,9.58,9.82,2117300,20537810.0,derived_ohlc4
UPCOM_ABB,ABB,2025-09-25 09:00:00,1780,0,9.66,9.9,9.66,9.74,2392000,23298080.0,derived_ohlc4
UPCOM_ABB,ABB,2025-09-26 09:00:00,1781,0,9.74,9.9,9.66,9.66,2305400,22454596.0,derived_ohlc4
UPCOM_ABB,ABB,2025-09-29 09:00:00,1782,0,9.74,9.74,9.58,9.74,2671200,25910640.000000004,derived_ohlc4
UPCOM_ABB,ABB,2025-09-30 09:00:00,1783,0,9.74,9.82,9.58,9.74,2365200,22989744.0,derived_ohlc4
UPCOM_ABB,ABB,2025-10-01 09:00:00,1784,0,9.66,9.9,9.66,9.82,1424100,13899216.000000002,derived_ohlc4
UPCOM_ABB,ABB,2025-10-02 09:00:00,1785,0,9.82,10.06,9.74,9.9,3672600,36285288.0,derived_ohlc4
UPCOM_ABB,ABB,2025-10-03 09:00:00,1786,0,9.9,9.9,9.74,9.82,1836600,18072144.0,derived_ohlc4
UPCOM_ABB,ABB,2025-10-06 09:00:00,1787,0,9.82,10.14,9.74,10.06,3717200,36948968.00000001,derived_ohlc4
UPCOM_ABB,ABB,2025-10-07 09:00:00,1788,0,10.14,10.22,9.9,10.06,2302900,23213232.0,derived_ohlc4
UPCOM_ABB,ABB,2025-10-08 09:00:00,1789,0,10.14,10.3,9.9,10.06,2220800,22430080.000000004,derived_ohlc4
UPCOM_ABB,ABB,2025-10-09 09:00:00,1790,0,10.06,10.14,9.9,10.06,3578000,35923120.0,derived_ohlc4
UPCOM_ABB,ABB,2025-10-10 09:00:00,1791,0,9.98,10.22,9.98,10.14,4042800,40751424.00000001,derived_ohlc4
UPCOM_ABB,ABB,2025-10-13 09:00:00,1792,0,10.06,10.14,9.9,10.14,3413300,34337798.0,derived_ohlc4
UPCOM_ABB,ABB,2025-10-14 09:00:00,1793,0,10.14,10.22,9.98,10.06,4702000,47490200.0,derived_ohlc4
UPCOM_ABB,ABB,2025-10-15 09:00:00,1794,0,10.06,10.14,9.98,10.14,3446700,34742736.00000001,derived_ohlc4
UPCOM_ABB,ABB,2025-10-16 09:00:00,1795,0,10.14,10.22,10.06,10.22,5030100,51105816.0,derived_ohlc4
UPCOM_ABB,ABB,2025-10-17 09:00:00,1796,0,10.22,10.93,10.14,10.53,9134300,95499106.5,derived_ohlc4
UPCOM_ABB,ABB,2025-10-20 09:00:00,1797,0,10.61,10.69,9.9,10.06,9166400,94551416.0,derived_ohlc4
UPCOM_ABB,ABB,2025-10-21 09:00:00,1798,0,10.06,10.22,9.82,9.98,5020900,50309418.0,derived_ohlc4
UPCOM_ABB,ABB,2025-10-22 09:00:00,1799,0,10.06,10.53,9.98,10.53,4670100,47985277.5,derived_ohlc4
UPCOM_ABB,ABB,2025-10-23 09:00:00,1800,0,10.53,10.77,10.45,10.61,7170200,75932418.0,derived_ohlc4
UPCOM_ABB,ABB,2025-10-24 09:00:00,1801,0,10.61,10.93,10.3,10.61,5934300,62977758.75000001,derived_ohlc4
UPCOM_ABB,ABB,2025-10-27 09:00:00,1802,0,10.69,10.85,10.06,10.14,5331900,55638376.5,derived_ohlc4
UPCOM_ABB,ABB,2025-10-28 09:00:00,1803,0,10.22,10.38,10.06,10.3,4027300,41239552.00000001,derived_ohlc4
UPCOM_ABB,ABB,2025-10-29 09:00:00,1804,0,10.22,10.69,10.22,10.61,4095200,42733412.0,derived_ohlc4
UPCOM_ABB,ABB,2025-10-30 09:00:00,1805,0,11.09,11.09,10.38,10.53,3415700,36795628.25,derived_ohlc4
UPCOM_ABB,ABB,2025-10-31 09:00:00,1806,0,10.53,10.53,10.22,10.3,2122100,22059229.5,derived_ohlc4
UPCOM_ABB,ABB,2025-11-03 09:00:00,1807,0,10.3,10.3,10.06,10.06,3864400,39339592.00000001,derived_ohlc4
UPCOM_ABB,ABB,2025-11-04 09:00:00,1808,0,10.06,10.38,9.98,10.3,4787200,48733696.0,derived_ohlc4
UPCOM_ABB,ABB,2025-11-05 09:00:00,1809,0,10.3,10.38,10.14,10.22,1608600,16504236.0,derived_ohlc4
UPCOM_ABB,ABB,2025-11-06 09:00:00,1810,0,10.22,10.38,10.14,10.14,970800,9921576.0,derived_ohlc4
UPCOM_ABB,ABB,2025-11-07 09:00:00,1811,0,10.14,10.22,9.98,10.06,2493700,25186370.0,derived_ohlc4
UPCOM_ABB,ABB,2025-11-10 09:00:00,1812,0,10.14,10.45,10.06,10.22,1619500,16547241.249999998,derived_ohlc4
UPCOM_ABB,ABB,2025-11-11 09:00:00,1813,0,10.14,10.53,10.14,10.38,2302200,23706904.500000004,derived_ohlc4
UPCOM_ABB,ABB,2025-11-12 09:00:00,1814,0,10.38,10.53,10.3,10.45,2060600,21461149.0,derived_ohlc4
UPCOM_ABB,ABB,2025-11-13 09:00:00,1815,0,10.77,11.09,10.45,10.77,10818400,116514168.0,derived_ohlc4
UPCOM_ABB,ABB,2025-11-14 09:00:00,1816,0,10.77,11.01,10.77,11.01,3590000,39095099.99999999,derived_ohlc4
UPCOM_ABB,ABB,2025-11-17 09:00:00,1817,0,11.01,11.8,11.01,11.72,12444100,141676078.5,derived_ohlc4
UPCOM_ABB,ABB,2025-11-18 09:00:00,1818,0,11.72,11.88,11.56,11.72,4040800,47358176.0,derived_ohlc4
UPCOM_ABB,ABB,2025-11-19 09:00:00,1819,0,11.72,11.72,11.25,11.4,4214000,48555814.99999999,derived_ohlc4
UPCOM_ABB,ABB,2025-11-20 09:00:00,1820,0,11.4,11.88,11.25,11.72,3771600,43609125.0,derived_ohlc4
UPCOM_ABB,ABB,2025-11-21 09:00:00,1821,0,11.64,11.8,11.48,11.72,2847600,33203016.0,derived_ohlc4
UPCOM_ABB,ABB,2025-11-24 09:00:00,1822,0,11.8,11.88,11.56,11.64,3640000,42660800.0,derived_ohlc4
UPCOM_ABB,ABB,2025-11-25 09:00:00,1823,0,11.64,11.72,11.25,11.25,5530400,63406036.0,derived_ohlc4
UPCOM_ABB,ABB,2025-11-26 09:00:00,1824,0,11.25,11.64,11.17,11.56,4045300,46136646.50000001,derived_ohlc4
UPCOM_ABB,ABB,2025-11-27 09:00:00,1825,0,11.48,11.64,11.4,11.48,1530400,17599600.0,derived_ohlc4
UPCOM_ABB,ABB,2025-11-28 09:00:00,1826,0,11.56,11.64,11.01,11.4,5621500,64099153.75,derived_ohlc4
UPCOM_ABB,ABB,2025-12-01 09:00:00,1827,0,11.25,11.48,11.09,11.25,3708000,41779890.0,derived_ohlc4
UPCOM_ABB,ABB,2025-12-02 09:00:00,1828,0,11.32,11.56,11.17,11.48,3338300,37998199.75,derived_ohlc4
UPCOM_ABB,ABB,2025-12-03 09:00:00,1829,0,11.4,12.2,11.4,12.12,8667000,102097260.0,derived_ohlc4
UPCOM_ABB,ABB,2025-12-04 09:00:00,1830,0,12.12,12.36,11.96,12.2,3803700,46252992.0,derived_ohlc4
UPCOM_ABB,ABB,2025-12-05 09:00:00,1831,0,12.12,12.28,12.04,12.2,4908400,59686144.0,derived_ohlc4
UPCOM_ABB,ABB,2025-12-08 09:00:00,1832,0,12.2,12.43,12.04,12.2,2554600,31210825.500000004,derived_ohlc4
UPCOM_ABB,ABB,2025-12-09 09:00:00,1833,0,12.2,12.43,12.12,12.28,4108000,50353810.0,derived_ohlc4
UPCOM_ABB,ABB,2025-12-10 09:00:00,1834,0,11.88,12.43,11.88,12.43,3472800,42211884.00000001,derived_ohlc4
UPCOM_ABB,ABB,2025-12-11 09:00:00,1835,0,12.36,12.83,12.28,12.51,4219600,52723902.0,derived_ohlc4
UPCOM_ABB,ABB,2025-12-12 09:00:00,1836,0,12.59,12.59,11.8,12.2,9232800,113517276.00000001,derived_ohlc4
UPCOM_ABB,ABB,2025-12-15 09:00:00,1837,0,12.2,12.2,11.72,11.8,3274300,39226114.0,derived_ohlc4
UPCOM_ABB,ABB,2025-12-16 09:00:00,1838,0,11.8,12.28,11.8,12.28,2725900,32819835.999999996,derived_ohlc4
UPCOM_ABB,ABB,2025-12-17 09:00:00,1839,0,12.36,12.36,12.12,12.28,2087400,25633272.0,derived_ohlc4
UPCOM_ABB,ABB,2025-12-18 09:00:00,1840,0,12.28,12.51,12.2,12.43,2615000,32308324.999999996,derived_ohlc4
UPCOM_ABB,ABB,2025-12-19 09:00:00,1841,0,12.43,12.51,12.28,12.43,2355500,29237643.75,derived_ohlc4
UPCOM_ABB,ABB,2025-12-22 09:00:00,1842,0,12.43,12.75,12.43,12.67,8073600,101485152.0,derived_ohlc4
UPCOM_ABB,ABB,2025-12-23 09:00:00,1843,0,12.67,12.75,12.28,12.51,3123600,39208989.0,derived_ohlc4
UPCOM_ABB,ABB,2025-12-24 09:00:00,1844,0,12.51,12.59,12.36,12.51,1615300,20179135.25,derived_ohlc4
UPCOM_ABB,ABB,2025-12-25 09:00:00,1845,0,12.59,12.67,12.36,12.43,5485000,68631062.5,derived_ohlc4
UPCOM_ABB,ABB,2025-12-26 09:00:00,1846,0,12.43,12.51,12.2,12.51,5801700,72013601.25,derived_ohlc4
UPCOM_ABB,ABB,2025-12-29 09:00:00,1847,0,12.51,12.59,12.36,12.59,3348500,41898106.25,derived_ohlc4
UPCOM_ABB,ABB,2025-12-30 09:00:00,1848,0,12.59,12.59,12.43,12.59,3367800,42265890.0,derived_ohlc4
UPCOM_ABB,ABB,2025-12-31 09:00:00,1849,0,12.51,12.75,12.36,12.75,17255200,217286106.0,derived_ohlc4
UPCOM_ABB,ABB,2026-01-05 09:00:00,1850,0,12.75,12.83,12.51,12.51,3326000,42073899.99999999,derived_ohlc4
UPCOM_ABB,ABB,2026-01-06 09:00:00,1851,0,12.51,12.67,12.28,12.67,6834300,85650864.75,derived_ohlc4
UPCOM_ABB,ABB,2026-01-07 09:00:00,1852,0,12.67,12.67,12.51,12.59,9995400,126041994.0,derived_ohlc4
UPCOM_ABB,ABB,2026-01-08 09:00:00,1853,0,12.59,12.67,12.36,12.51,4212300,52790649.74999999,derived_ohlc4
UPCOM_ABB,ABB,2026-01-09 09:00:00,1854,0,12.51,12.59,12.2,12.51,8869800,110451184.49999999,derived_ohlc4
UPCOM_ABB,ABB,2026-01-12 09:00:00,1855,0,12.59,12.59,12.2,12.51,23721400,295865161.49999994,derived_ohlc4
UPCOM_ABB,ABB,2026-01-13 09:00:00,1856,0,12.51,13.07,12.28,12.91,32171100,408331686.74999994,derived_ohlc4
UPCOM_ABB,ABB,2026-01-14 09:00:00,1857,0,14.24,14.24,13.11,13.37,4080700,56068818.0,derived_ohlc4
UPCOM_ABB,ABB,2026-01-15 09:00:00,1858,0,13.37,13.46,13.03,13.11,1293600,17130498.0,derived_ohlc4
UPCOM_ABB,ABB,2026-01-16 09:00:00,1859,0,13.11,13.2,12.85,12.94,1648400,21470409.999999996,derived_ohlc4
UPCOM_ABB,ABB,2026-01-19 09:00:00,1860,0,12.94,12.94,12.59,12.59,1811600,23125074.0,derived_ohlc4
UPCOM_ABB,ABB,2026-01-20 09:00:00,1861,0,12.59,12.77,12.59,12.68,1170500,14815603.75,derived_ohlc4
UPCOM_ABB,ABB,2026-01-21 09:00:00,1862,0,12.68,12.68,12.33,12.42,1992700,24963549.25,derived_ohlc4
UPCOM_ABB,ABB,2026-01-22 09:00:00,1863,0,12.5,12.5,12.24,12.24,1728600,21382782.0,derived_ohlc4
UPCOM_ABB,ABB,2026-01-23 09:00:00,1864,0,12.24,12.5,12.16,12.33,719800,8858938.5,derived_ohlc4
UPCOM_ABB,ABB,2026-01-26 09:00:00,1865,0,12.33,12.59,12.07,12.07,1797700,22048790.5,derived_ohlc4
UPCOM_ABB,ABB,2026-01-27 09:00:00,1866,0,12.07,12.16,11.64,11.98,3216200,38473792.50000001,derived_ohlc4
UPCOM_ABB,ABB,2026-01-28 09:00:00,1867,0,11.98,12.07,11.81,11.98,834100,9975836.0,derived_ohlc4
UPCOM_ABB,ABB,2026-01-29 09:00:00,1868,0,11.9,12.07,11.81,12.07,1688900,20203466.25,derived_ohlc4
UPCOM_ABB,ABB,2026-01-30 09:00:00,1869,0,11.98,12.16,11.98,12.07,775800,9346450.500000002,derived_ohlc4
UPCOM_ABB,ABB,2026-02-02 09:00:00,1870,0,12.16,12.33,11.98,12.16,1334200,16220536.499999998,derived_ohlc4
UPCOM_ABB,ABB,2026-02-03 09:00:00,1871,0,12.16,12.59,12.07,12.42,1971500,24269165.0,derived_ohlc4
UPCOM_ABB,ABB,2026-02-04 09:00:00,1872,0,12.42,12.5,12.24,12.24,787900,9730565.000000002,derived_ohlc4
UPCOM_ABB,ABB,2026-02-05 09:00:00,1873,0,12.33,12.33,11.98,12.07,1715800,20894154.5,derived_ohlc4
UPCOM_ABB,ABB,2026-02-06 09:00:00,1874,0,12.07,12.07,11.81,11.98,1893200,22685269.000000004,derived_ohlc4
UPCOM_ABB,ABB,2026-02-09 09:00:00,1875,0,11.98,11.98,11.81,11.9,1718300,20477840.25,derived_ohlc4
UPCOM_ABB,ABB,2026-02-10 09:00:00,1876,0,11.98,12.07,11.81,11.81,1671500,19920101.25,derived_ohlc4
UPCOM_ABB,ABB,2026-02-11 09:00:00,1877,0,11.98,12.07,11.98,12.07,387600,4660890.0,derived_ohlc4
UPCOM_ABB,ABB,2026-02-12 09:00:00,1878,0,12.16,12.16,11.9,12.16,733300,8869263.5,derived_ohlc4
UPCOM_ABB,ABB,2026-02-13 09:00:00,1879,0,12.16,12.24,11.98,12.24,829200,10078926.0,derived_ohlc4
UPCOM_ABB,ABB,2026-02-23 09:00:00,1880,0,12.24,12.24,12.07,12.07,399100,4851060.5,derived_ohlc4
UPCOM_ABB,ABB,2026-02-24 09:00:00,1881,0,12.16,12.16,11.98,12.07,465200,5625431.0,derived_ohlc4
UPCOM_ABB,ABB,2026-02-25 09:00:00,1882,0,12.33,12.33,12.07,12.16,679300,8302744.25,derived_ohlc4
UPCOM_ABB,ABB,2026-02-26 09:00:00,1883,0,12.16,12.16,11.98,12.16,935800,11337216.999999998,derived_ohlc4
UPCOM_ABB,ABB,2026-02-27 09:00:00,1884,0,12.16,12.16,11.98,12.07,1193500,14432398.75,derived_ohlc4
UPCOM_ABB,ABB,2026-03-02 09:00:00,1885,0,11.98,12.07,10.68,11.98,1356600,15841696.500000002,derived_ohlc4
UPCOM_ABB,ABB,2026-03-03 09:00:00,1886,0,11.98,12.07,11.81,11.9,1298900,15508866.0,derived_ohlc4
UPCOM_ABB,ABB,2026-03-04 09:00:00,1887,0,11.9,11.98,11.72,11.9,3196500,37958437.5,derived_ohlc4
UPCOM_ABB,ABB,2026-03-05 09:00:00,1888,0,11.9,12.07,11.81,11.9,662800,7900576.0,derived_ohlc4
UPCOM_ABB,ABB,2026-03-06 09:00:00,1889,0,11.9,12.07,11.72,11.98,364700,4346312.25,derived_ohlc4
UPCOM_ABB,ABB,2026-03-09 09:00:00,1890,0,11.9,11.9,11.03,11.38,7227800,83499159.5,derived_ohlc4
UPCOM_ABB,ABB,2026-03-10 09:00:00,1891,0,11.29,11.72,11.29,11.64,628600,7219471.0,derived_ohlc4
UPCOM_ABB,ABB,2026-03-11 09:00:00,1892,0,11.55,11.9,11.55,11.9,182600,2140985.0,derived_ohlc4
UPCOM_ABB,ABB,2026-03-12 09:00:00,1893,0,11.9,11.9,11.55,11.64,627700,7373905.75,derived_ohlc4
UPCOM_ABB,ABB,2026-03-13 09:00:00,1894,0,11.64,11.72,11.55,11.72,254400,2965667.9999999995,derived_ohlc4
UPCOM_ABB,ABB,2026-03-16 09:00:00,1895,0,11.64,11.81,11.64,11.72,123500,1445258.75,derived_ohlc4
UPCOM_ABB,ABB,2026-03-17 09:00:00,1896,0,11.81,11.81,11.64,11.81,605300,7122867.750000001,derived_ohlc4
UPCOM_ABB,ABB,2026-03-18 09:00:00,1897,0,11.81,11.98,11.81,11.9,622600,7393375.0,derived_ohlc4
UPCOM_ABB,ABB,2026-03-19 09:00:00,1898,0,11.29,11.98,11.29,11.98,689500,8022332.500000001,derived_ohlc4
UPCOM_ABB,ABB,2026-03-20 09:00:00,1899,0,11.9,11.98,11.81,11.98,1431000,17053942.5,derived_ohlc4
UPCOM_ABB,ABB,2026-03-23 09:00:00,1900,0,11.9,12.07,11.81,11.98,1542400,18416256.000000004,derived_ohlc4
UPCOM_ABB,ABB,2026-03-24 09:00:00,1901,0,11.98,12.07,11.9,11.98,842800,10098851.000000002,derived_ohlc4
UPCOM_ABB,ABB,2026-03-25 09:00:00,1902,0,12.16,12.16,11.9,12.07,549100,6629009.75,derived_ohlc4
UPCOM_ABB,ABB,2026-03-26 09:00:00,1903,0,11.98,12.07,11.9,11.98,605200,7251809.000000001,derived_ohlc4
UPCOM_ABB,ABB,2026-03-27 09:00:00,1904,0,11.98,12.5,11.9,12.5,1544100,18868902.0,derived_ohlc4
UPCOM_ABB,ABB,2026-03-30 09:00:00,1905,0,12.5,12.68,12.24,12.68,640800,8026020.0,derived_ohlc4
UPCOM_ABB,ABB,2026-03-31 09:00:00,1906,0,12.59,13.03,12.59,12.85,1953200,24932597.999999996,derived_ohlc4
UPCOM_ABB,ABB,2026-04-01 09:00:00,1907,0,12.85,12.94,12.77,12.77,1507700,19347560.25,derived_ohlc4
UPCOM_ABB,ABB,2026-04-02 09:00:00,1908,0,12.77,12.85,12.42,12.59,1878300,23774582.249999996,derived_ohlc4
UPCOM_ABB,ABB,2026-04-03 09:00:00,1909,0,12.59,12.77,12.59,12.59,663800,8387113.000000001,derived_ohlc4
UPCOM_ABB,ABB,2026-04-06 09:00:00,1910,0,12.59,12.68,12.59,12.68,956600,12086641.0,derived_ohlc4
UPCOM_ABB,ABB,2026-04-07 09:00:00,1911,0,12.59,12.77,12.5,12.68,1569400,19829369.0,derived_ohlc4
UPCOM_ABB,ABB,2026-04-08 09:00:00,1912,0,12.77,13.29,12.77,12.94,861300,11147375.25,derived_ohlc4
UPCOM_ABB,ABB,2026-04-09 09:00:00,1913,0,12.94,13.03,12.68,12.68,435500,5588553.75,derived_ohlc4
UPCOM_ABB,ABB,2026-04-10 09:00:00,1914,0,12.68,12.85,12.68,12.77,550500,7016122.500000001,derived_ohlc4
UPCOM_ABB,ABB,2026-04-13 09:00:00,1915,0,12.77,13.03,12.5,12.68,680400,8671698.0,derived_ohlc4
UPCOM_ABB,ABB,2026-04-14 09:00:00,1916,0,12.85,12.85,12.68,12.68,284200,3627812.9999999995,derived_ohlc4
UPCOM_ABB,ABB,2026-04-15 09:00:00,1917,0,12.68,12.77,12.59,12.59,463800,5870548.499999999,derived_ohlc4
UPCOM_ABB,ABB,2026-04-16 09:00:00,1918,0,12.59,12.68,12.59,12.68,604400,7636594.0,derived_ohlc4
UPCOM_ABB,ABB,2026-04-17 09:00:00,1919,0,12.68,12.77,12.59,12.68,554600,7032328.0,derived_ohlc4
UPCOM_ABB,ABB,2026-04-20 09:00:00,1920,0,12.68,13.03,12.59,13.03,1631700,20938790.25,derived_ohlc4
UPCOM_ABB,ABB,2026-04-21 09:00:00,1921,0,13.2,13.2,12.77,12.94,630700,8216444.25,derived_ohlc4
UPCOM_ABB,ABB,2026-04-22 09:00:00,1922,0,12.94,12.94,12.77,12.94,225400,2907096.5,derived_ohlc4
UPCOM_ABB,ABB,2026-04-23 09:00:00,1923,0,12.94,13.03,12.77,12.94,439200,5674463.999999999,derived_ohlc4
UPCOM_ABB,ABB,2026-04-24 09:00:00,1924,0,13.03,13.03,12.85,12.85,126200,1633028.0,derived_ohlc4
UPCOM_ABB,ABB,2026-04-28 09:00:00,1925,0,12.94,13.03,12.85,13.03,670600,8692652.5,derived_ohlc4
UPCOM_ABB,ABB,2026-04-29 09:00:00,1926,0,13.03,13.11,12.85,12.94,1094200,14205451.5,derived_ohlc4
UPCOM_ABB,ABB,2026-05-04 09:00:00,1927,0,12.94,13.03,12.85,13.03,609500,7900643.75,derived_ohlc4
UPCOM_ABB,ABB,2026-05-05 09:00:00,1928,0,12.94,13.03,12.94,12.94,872700,11312373.749999998,derived_ohlc4
UPCOM_ABB,ABB,2026-05-06 09:00:00,1929,0,13.03,13.03,12.94,13.03,595400,7744665.5,derived_ohlc4
UPCOM_ABB,ABB,2026-05-07 09:00:00,1930,0,12.94,13.9,12.94,13.29,1868700,24792977.25,derived_ohlc4
UPCOM_ABB,ABB,2026-05-08 09:00:00,1931,0,13.29,13.46,13.11,13.2,482600,6401689.0,derived_ohlc4
UPCOM_ABB,ABB,2026-05-11 09:00:00,1932,0,13.2,13.37,13.11,13.2,1230800,16271175.999999998,derived_ohlc4
UPCOM_ABB,ABB,2026-05-12 09:00:00,1933,0,13.2,13.37,13.11,13.2,632600,8362971.999999999,derived_ohlc4
UPCOM_ABB,ABB,2026-05-13 09:00:00,1934,0,13.2,13.29,13.11,13.2,345000,4554000.0,derived_ohlc4
UPCOM_ABB,ABB,2026-05-14 09:00:00,1935,0,13.2,13.29,13.11,13.2,504900,6664680.0,derived_ohlc4
UPCOM_ABB,ABB,2026-05-15 09:00:00,1936,0,13.29,13.37,13.2,13.2,726400,9635696.0,derived_ohlc4
UPCOM_ABB,ABB,2026-05-18 09:00:00,1937,0,13.2,13.29,13.11,13.29,686500,9077246.249999998,derived_ohlc4
UPCOM_ABB,ABB,2026-05-19 09:00:00,1938,0,13.29,13.37,13.2,13.2,937800,12439917.0,derived_ohlc4
UPCOM_ABB,ABB,2026-05-20 09:00:00,1939,0,13.37,13.37,13.2,13.29,1531600,20381767.0,derived_ohlc4
UPCOM_ABB,ABB,2026-05-21 09:00:00,1940,0,13.29,13.37,13.2,13.29,296500,3939743.75,derived_ohlc4
UPCOM_ABB,ABB,2026-05-22 09:00:00,1941,0,13.37,13.37,13.2,13.29,351800,4681578.5,derived_ohlc4
UPCOM_ABB,ABB,2026-05-25 09:00:00,1942,0,13.29,13.46,13.29,13.46,532500,7122187.5,derived_ohlc4
UPCOM_ABB,ABB,2026-05-26 09:00:00,1943,0,13.46,13.46,13.29,13.46,795900,10678988.25,derived_ohlc4
UPCOM_ABB,ABB,2026-05-27 09:00:00,1944,0,13.37,13.72,13.37,13.55,670300,9050725.75,derived_ohlc4
UPCOM_ABB,ABB,2026-05-28 09:00:00,1945,0,13.55,13.63,13.46,13.46,522300,7064107.5,derived_ohlc4
UPCOM_ABB,ABB,2026-05-29 09:00:00,1946,0,13.46,13.55,13.37,13.55,512400,6908433.000000001,derived_ohlc4
UPCOM_ABB,ABB,2026-06-01 09:00:00,1947,0,13.63,13.81,13.46,13.55,1110800,15120765.0,derived_ohlc4
UPCOM_ABB,ABB,2026-06-02 09:00:00,1948,0,13.55,13.81,13.55,13.72,1443200,19710504.0,derived_ohlc4
UPCOM_ABB,ABB,2026-06-03 09:00:00,1949,0,13.72,13.81,13.63,13.81,1084400,14902367.000000002,derived_ohlc4
UPCOM_ABB,ABB,2026-06-04 09:00:00,1950,0,13.81,14.16,13.81,13.9,1542300,21468816.0,derived_ohlc4
UPCOM_ABB,ABB,2026-06-05 09:00:00,1951,0,13.98,14.07,13.81,13.81,786900,10951680.75,derived_ohlc4
UPCOM_ABB,ABB,2026-06-08 09:00:00,1952,0,13.81,13.98,13.72,13.9,1189600,16478933.999999998,derived_ohlc4
UPCOM_ABB,ABB,2026-06-09 09:00:00,1953,0,13.98,14.07,13.9,13.98,1733400,24237265.500000004,derived_ohlc4
UPCOM_ABB,ABB,2026-06-10 09:00:00,1954,0,13.9,14.68,13.9,14.68,2850800,40737932.0,derived_ohlc4
UPCOM_ABB,ABB,2026-06-11 09:00:00,1955,0,14.68,14.85,14.5,14.68,1772100,26009997.75,derived_ohlc4
UPCOM_ABB,ABB,2026-06-12 09:00:00,1956,0,14.76,14.76,14.5,14.5,1060500,15515114.999999998,derived_ohlc4
UPCOM_ABB,ABB,2026-06-15 09:00:00,1957,0,14.5,14.76,14.5,14.76,652000,9538760.0,derived_ohlc4
UPCOM_ABB,ABB,2026-06-16 09:00:00,1958,0,14.76,14.94,14.59,14.76,1598300,23594903.75,derived_ohlc4
UPCOM_ABB,ABB,2026-06-17 09:00:00,1959,0,14.68,14.76,14.42,14.68,1719600,25166346.0,derived_ohlc4
UPCOM_ABB,ABB,2026-06-18 09:00:00,1960,0,14.68,14.94,14.68,14.94,1628200,24113641.999999996,derived_ohlc4
UPCOM_ABB,ABB,2026-06-19 09:00:00,1961,0,14.85,15.11,14.59,15.11,4190000,62493850.0,derived_ohlc4
UPCOM_ABB,ABB,2026-06-22 09:00:00,1962,0,15.11,15.11,14.76,14.94,1460000,21870799.999999996,derived_ohlc4
UPCOM_ABB,ABB,2026-06-23 09:00:00,1963,0,14.94,15.28,14.85,15.2,2592100,39056466.75,derived_ohlc4
UPCOM_ABB,ABB,2026-06-24 09:00:00,1964,0,15.11,15.72,15.11,15.54,2943500,45241595.0,derived_ohlc4
UPCOM_ABB,ABB,2026-06-25 09:00:00,1965,0,15.54,15.8,15.54,15.8,1366300,21409920.999999996,derived_ohlc4
UPCOM_ABB,ABB,2026-06-26 09:00:00,1966,0,15.8,15.8,15.46,15.63,1078800,16907493.0,derived_ohlc4
UPCOM_ABB,ABB,2026-06-29 09:00:00,1967,0,15.54,15.72,15.54,15.72,905000,14145150.0,derived_ohlc4
UPCOM_ABB,ABB,2026-06-30 09:00:00,1968,0,15.63,16.07,15.63,16.07,1025600,16255760.000000002,derived_ohlc4
UPCOM_ABB,ABB,2026-07-01 09:00:00,1969,0,15.98,16.07,15.89,15.98,479900,7668802.0,derived_ohlc4
UPCOM_ABB,ABB,2026-07-02 09:00:00,1970,0,15.98,16.24,15.72,16.15,961400,15404031.5,derived_ohlc4
UPCOM_ABB,ABB,2026-07-03 09:00:00,1971,0,16.15,16.5,16.07,16.24,1084700,17615528.0,derived_ohlc4
UPCOM_ABB,ABB,2026-07-06 09:00:00,1972,0,16.15,16.5,15.98,16.15,1782900,28874065.5,derived_ohlc4
UPCOM_ABB,ABB,2026-07-07 09:00:00,1973,0,16.15,16.33,16.15,16.24,1870400,30333211.999999996,derived_ohlc4
UPCOM_ABB,ABB,2026-07-08 09:00:00,1974,0,16.24,16.67,16.24,16.5,5514600,90508372.49999999,derived_ohlc4
UPCOM_ABB,ABB,2026-07-09 09:00:00,1975,0,18.9,18.9,16.5,17.2,2643800,47257925.0,derived_ohlc4
UPCOM_ABB,ABB,2026-07-10 09:00:00,1976,0,17.2,18.0,17.1,17.6,2003200,35005920.0,derived_ohlc4
UPCOM_ABB,ABB,2026-07-13 09:00:00,1977,0,17.6,17.6,16.9,17.0,2025600,34992240.0,derived_ohlc4
UPCOM_ABB,ABB,2026-07-14 09:00:00,1978,0,17.0,17.0,16.5,17.0,2606400,43983000.0,derived_ohlc4
UPCOM_ABB,ABB,2026-07-15 09:00:00,1979,0,17.0,17.0,16.8,17.0,780300,13226085.0,derived_ohlc4
UPCOM_ABB,ABB,2026-07-16 09:00:00,1980,0,17.0,17.8,17.0,17.7,2463000,42794625.0,derived_ohlc4
UPCOM_ABB,ABB,2026-07-17 09:00:00,1981,0,17.7,17.7,17.3,17.5,1084400,19031220.0,derived_ohlc4
UPCOM_ABB,ABB,2026-07-20 09:00:00,1982,0,17.5,17.5,17.1,17.2,900600,15602895.0,derived_ohlc4
UPCOM_ABB,ABB,2026-07-21 09:00:00,1983,0,17.2,17.3,16.9,17.0,991400,16952940.0,derived_ohlc4
UPCOM_ABB,ABB,2026-07-22 09:00:00,1984,0,17.0,17.2,16.7,16.9,3545700,60099615.00000001,derived_ohlc4
UPCOM_ABB,ABB,2026-07-23 09:00:00,1985,0,16.9,17.0,16.7,16.9,1641200,27695250.0,derived_ohlc4
UPCOM_ABB,ABB,2026-07-24 09:00:00,1986,0,16.9,17.3,16.8,17.3,709800,12119835.0,derived_ohlc4
UPCOM_ABB,ABB,2026-07-27 09:00:00,1987,0,17.0,17.5,17.0,17.2,1620400,27830370.0,derived_ohlc4
UPCOM_ABB,ABB,2026-07-28 09:00:00,1988,0,17.2,17.6,17.2,17.5,1220500,21206187.5,derived_ohlc4
UPCOM_ABB,ABB,2026-07-29 09:00:00,1989,0,17.5,17.6,17.3,17.4,2701100,47134195.00000001,derived_ohlc4
UPCOM_ABB,ABB,2026-07-30 09:00:00,1990,0,17.4,17.5,17.3,17.4,3861300,67186620.0,derived_ohlc4
UPCOM_ABB,ABB,2026-07-31 09:00:00,1991,0,17.5,17.5,17.3,17.4,3537000,61632224.99999999,derived_ohlc4
UPCOM_ABB,ABB,2026-08-03 09:00:00,1992,0,17.4,17.5,16.9,17.3,8711000,150482525.0,derived_ohlc4
UPCOM_ABB,ABB,2026-08-04 09:00:00,1993,0,17.6,17.6,17.1,17.1,690200,11974970.000000002,derived_ohlc4
UPCOM_ABB,ABB,2026-08-05 09:00:00,1994,0,17.2,17.3,16.7,16.7,1788800,30364880.000000004,derived_ohlc4
UPCOM_ABB,ABB,2026-08-06 09:00:00,1995,0,16.8,16.8,16.6,16.6,1267500,21167250.000000004,derived_ohlc4
UPCOM_ABB,ABB,2026-08-07 09:00:00,1996,0,16.6,16.9,16.6,16.9,675200,11309600.0,derived_ohlc4
