security_id,symbol,timestamps,session_id,segment_id,open,high,low,close,volume,amount,amount_source
HNX_CEO,CEO,2018-08-09 09:00:00,0,0,6.94,7.0,6.83,6.83,389220,2685618.0,derived_ohlc4
HNX_CEO,CEO,2018-08-10 09:00:00,1,0,6.83,6.94,6.72,6.83,557002,3804323.66,derived_ohlc4
HNX_CEO,CEO,2018-08-13 09:00:00,2,0,6.78,6.88,6.72,6.88,595941,4061337.9149999996,derived_ohlc4
HNX_CEO,CEO,2018-08-14 09:00:00,3,0,6.94,7.27,6.88,7.16,844182,5962035.375,derived_ohlc4
HNX_CEO,CEO,2018-08-15 09:00:00,4,0,7.16,7.16,6.94,6.94,529189,3730782.45,derived_ohlc4
HNX_CEO,CEO,2018-08-16 09:00:00,5,0,6.88,7.1,6.88,7.0,724900,5048928.5,derived_ohlc4
HNX_CEO,CEO,2018-08-17 09:00:00,6,0,7.05,7.05,6.94,6.94,329703,2306272.485,derived_ohlc4
HNX_CEO,CEO,2018-08-20 09:00:00,7,0,7.05,7.05,6.94,6.94,385940,2699650.3,derived_ohlc4
HNX_CEO,CEO,2018-08-21 09:00:00,8,0,7.0,7.6,7.0,7.6,3631718,26511541.400000002,derived_ohlc4
HNX_CEO,CEO,2018-08-22 09:00:00,9,0,7.65,7.92,7.6,7.6,1152200,8863298.5,derived_ohlc4
HNX_CEO,CEO,2018-08-23 09:00:00,10,0,7.76,7.76,7.49,7.7,947480,7274277.699999999,derived_ohlc4
HNX_CEO,CEO,2018-08-24 09:00:00,11,0,7.7,8.47,7.7,8.36,3915973,31552952.447500005,derived_ohlc4
HNX_CEO,CEO,2018-08-27 09:00:00,12,0,8.18,8.18,7.72,8.07,2131850,17134744.375,derived_ohlc4
HNX_CEO,CEO,2018-08-28 09:00:00,13,0,8.07,8.18,7.95,8.13,798379,6452898.2675,derived_ohlc4
HNX_CEO,CEO,2018-08-29 09:00:00,14,0,8.13,8.13,7.84,7.84,1269070,10133523.950000001,derived_ohlc4
HNX_CEO,CEO,2018-08-30 09:00:00,15,0,7.78,8.07,7.78,8.01,760267,6013711.97,derived_ohlc4
HNX_CEO,CEO,2018-08-31 09:00:00,16,0,7.89,8.3,7.89,8.07,1040955,8366675.812500002,derived_ohlc4
HNX_CEO,CEO,2018-09-04 09:00:00,17,0,8.07,8.13,7.84,7.84,758243,6043196.710000001,derived_ohlc4
HNX_CEO,CEO,2018-09-05 09:00:00,18,0,7.84,8.01,7.78,7.89,602599,4748480.12,derived_ohlc4
HNX_CEO,CEO,2018-09-06 09:00:00,19,0,7.89,7.95,7.72,7.78,797560,6248882.6,derived_ohlc4
HNX_CEO,CEO,2018-09-07 09:00:00,20,0,7.31,7.78,7.31,7.72,760939,5729870.67,derived_ohlc4
HNX_CEO,CEO,2018-09-10 09:00:00,21,0,7.72,7.78,7.48,7.48,561941,4279180.715,derived_ohlc4
HNX_CEO,CEO,2018-09-11 09:00:00,22,0,7.48,7.66,7.48,7.66,955590,7233816.3,derived_ohlc4
HNX_CEO,CEO,2018-09-12 09:00:00,23,0,7.66,7.84,7.6,7.78,704320,5437350.4,derived_ohlc4
HNX_CEO,CEO,2018-09-13 09:00:00,24,0,7.72,8.13,7.48,8.07,1259423,9886470.55,derived_ohlc4
HNX_CEO,CEO,2018-09-14 09:00:00,25,0,8.07,8.13,7.95,7.95,466540,3743983.5,derived_ohlc4
HNX_CEO,CEO,2018-09-17 09:00:00,26,0,7.89,7.95,7.78,7.84,418650,3292682.25,derived_ohlc4
HNX_CEO,CEO,2018-09-18 09:00:00,27,0,7.84,8.24,7.66,8.24,2511405,20078682.974999998,derived_ohlc4
HNX_CEO,CEO,2018-09-19 09:00:00,28,0,8.13,8.36,8.07,8.24,1180582,9680772.4,derived_ohlc4
HNX_CEO,CEO,2018-09-20 09:00:00,29,0,8.24,8.24,8.13,8.24,781390,6417165.375,derived_ohlc4
HNX_CEO,CEO,2018-09-21 09:00:00,30,0,8.24,8.42,8.07,8.13,1176086,9661546.49,derived_ohlc4
HNX_CEO,CEO,2018-09-24 09:00:00,31,0,8.13,8.24,8.07,8.18,685942,5593857.010000001,derived_ohlc4
HNX_CEO,CEO,2018-09-25 09:00:00,32,0,8.18,8.54,8.13,8.3,1397512,11581880.700000001,derived_ohlc4
HNX_CEO,CEO,2018-09-26 09:00:00,33,0,8.3,8.48,8.3,8.3,1682515,14040587.675,derived_ohlc4
HNX_CEO,CEO,2018-09-27 09:00:00,34,0,8.36,8.42,8.18,8.18,909221,7532895.985,derived_ohlc4
HNX_CEO,CEO,2018-09-28 09:00:00,35,0,8.24,8.42,8.13,8.18,1647494,13579469.295,derived_ohlc4
HNX_CEO,CEO,2018-10-01 09:00:00,36,0,8.18,8.3,8.07,8.07,1127975,9198636.125000002,derived_ohlc4
HNX_CEO,CEO,2018-10-02 09:00:00,37,0,8.07,8.13,7.89,7.89,984505,7871117.475000001,derived_ohlc4
HNX_CEO,CEO,2018-10-03 09:00:00,38,0,7.95,8.18,7.95,7.95,882514,7066730.855,derived_ohlc4
HNX_CEO,CEO,2018-10-04 09:00:00,39,0,7.95,8.13,7.95,8.13,535640,4306545.600000001,derived_ohlc4
HNX_CEO,CEO,2018-10-05 09:00:00,40,0,8.13,8.13,8.01,8.01,686423,5539433.61,derived_ohlc4
HNX_CEO,CEO,2018-10-08 09:00:00,41,0,7.95,8.13,7.89,8.01,1088886,8705643.57,derived_ohlc4
HNX_CEO,CEO,2018-10-09 09:00:00,42,0,8.13,8.13,7.95,7.95,303307,2438588.2800000003,derived_ohlc4
HNX_CEO,CEO,2018-10-10 09:00:00,43,0,8.01,8.01,7.89,7.89,569510,4527604.5,derived_ohlc4
HNX_CEO,CEO,2018-10-11 09:00:00,44,0,7.78,7.78,7.13,7.19,2865050,21401923.5,derived_ohlc4
HNX_CEO,CEO,2018-10-12 09:00:00,45,0,7.19,7.78,7.13,7.66,999127,7433504.880000001,derived_ohlc4
HNX_CEO,CEO,2018-10-15 09:00:00,46,0,7.72,7.72,7.48,7.6,507310,3870775.3000000003,derived_ohlc4
HNX_CEO,CEO,2018-10-16 09:00:00,47,0,7.54,7.6,7.48,7.54,479255,3613582.7,derived_ohlc4
HNX_CEO,CEO,2018-10-17 09:00:00,48,0,7.72,7.78,7.54,7.54,426960,3264109.1999999997,derived_ohlc4
HNX_CEO,CEO,2018-10-18 09:00:00,49,0,7.54,7.66,7.42,7.42,500307,3757305.57,derived_ohlc4
HNX_CEO,CEO,2018-10-19 09:00:00,50,0,7.37,7.72,7.31,7.72,558865,4208253.449999999,derived_ohlc4
HNX_CEO,CEO,2018-10-22 09:00:00,51,0,7.72,7.78,7.6,7.6,662000,5080850.000000001,derived_ohlc4
HNX_CEO,CEO,2018-10-23 09:00:00,52,0,7.6,7.72,7.31,7.66,1128930,8548822.424999999,derived_ohlc4
HNX_CEO,CEO,2018-10-24 09:00:00,53,0,7.66,7.72,7.48,7.48,265575,2014386.375,derived_ohlc4
HNX_CEO,CEO,2018-10-25 09:00:00,54,0,7.48,7.6,7.07,7.6,698443,5194669.8125,derived_ohlc4
HNX_CEO,CEO,2018-10-26 09:00:00,55,0,7.6,7.72,7.42,7.42,312800,2358512.0000000005,derived_ohlc4
HNX_CEO,CEO,2018-10-29 09:00:00,56,0,7.48,7.48,7.19,7.19,476200,3492927.0000000005,derived_ohlc4
HNX_CEO,CEO,2018-10-30 09:00:00,57,0,7.25,7.37,7.25,7.25,256820,1869649.6,derived_ohlc4
HNX_CEO,CEO,2018-10-31 09:00:00,58,0,7.25,7.6,7.25,7.48,580452,4292442.54,derived_ohlc4
HNX_CEO,CEO,2018-11-01 09:00:00,59,0,7.48,7.48,7.31,7.42,454820,3375901.4499999997,derived_ohlc4
HNX_CEO,CEO,2018-11-02 09:00:00,60,0,7.54,7.66,7.42,7.6,629940,4759196.7,derived_ohlc4
HNX_CEO,CEO,2018-11-05 09:00:00,61,0,7.78,7.78,7.42,7.42,147290,1119404.0,derived_ohlc4
HNX_CEO,CEO,2018-11-06 09:00:00,62,0,7.48,7.48,7.42,7.48,392151,2927407.2150000003,derived_ohlc4
HNX_CEO,CEO,2018-11-07 09:00:00,63,0,7.42,7.48,7.42,7.42,121930,906549.55,derived_ohlc4
HNX_CEO,CEO,2018-11-08 09:00:00,64,0,7.42,7.6,7.37,7.42,339360,2529080.4000000004,derived_ohlc4
HNX_CEO,CEO,2018-11-09 09:00:00,65,0,7.42,7.48,7.37,7.37,124700,924027.0,derived_ohlc4
HNX_CEO,CEO,2018-11-12 09:00:00,66,0,7.37,7.78,7.31,7.66,1272907,9584989.71,derived_ohlc4
HNX_CEO,CEO,2018-11-13 09:00:00,67,0,7.66,7.66,7.48,7.66,333763,2541605.245,derived_ohlc4
HNX_CEO,CEO,2018-11-14 09:00:00,68,0,7.66,7.72,7.54,7.6,385485,2941250.55,derived_ohlc4
HNX_CEO,CEO,2018-11-15 09:00:00,69,0,7.6,7.66,7.42,7.42,275210,2070955.25,derived_ohlc4
HNX_CEO,CEO,2018-11-16 09:00:00,70,0,7.48,7.6,7.42,7.48,365780,2741521.1,derived_ohlc4
HNX_CEO,CEO,2018-11-19 09:00:00,71,0,7.54,7.66,7.54,7.6,138623,1051455.4549999998,derived_ohlc4
HNX_CEO,CEO,2018-11-20 09:00:00,72,0,7.66,7.66,7.48,7.54,383100,2905813.5,derived_ohlc4
HNX_CEO,CEO,2018-11-21 09:00:00,73,0,7.42,7.54,7.37,7.54,343332,2563831.71,derived_ohlc4
HNX_CEO,CEO,2018-11-22 09:00:00,74,0,7.54,8.01,7.54,7.89,2042678,15820541.11,derived_ohlc4
HNX_CEO,CEO,2018-11-23 09:00:00,75,0,7.89,8.01,7.78,7.78,564850,4442545.25,derived_ohlc4
HNX_CEO,CEO,2018-11-26 09:00:00,76,0,7.78,8.18,7.78,8.07,1299268,10332428.770000001,derived_ohlc4
HNX_CEO,CEO,2018-11-27 09:00:00,77,0,8.07,8.13,7.84,7.95,993779,7947747.5525,derived_ohlc4
HNX_CEO,CEO,2018-11-28 09:00:00,78,0,8.01,8.01,7.89,7.89,368970,2933311.5,derived_ohlc4
HNX_CEO,CEO,2018-11-29 09:00:00,79,0,7.95,8.07,7.84,7.84,763210,6048439.25,derived_ohlc4
HNX_CEO,CEO,2018-11-30 09:00:00,80,0,7.84,7.89,7.72,7.72,500190,3897730.5749999997,derived_ohlc4
HNX_CEO,CEO,2018-12-03 09:00:00,81,0,8.07,8.07,7.72,8.01,743099,5920641.2825,derived_ohlc4
HNX_CEO,CEO,2018-12-04 09:00:00,82,0,8.01,8.07,7.89,7.89,513599,4090816.035,derived_ohlc4
HNX_CEO,CEO,2018-12-05 09:00:00,83,0,7.89,8.3,7.84,8.13,2599483,20899843.320000004,derived_ohlc4
HNX_CEO,CEO,2018-12-06 09:00:00,84,0,8.18,8.24,8.01,8.07,899130,7305431.25,derived_ohlc4
HNX_CEO,CEO,2018-12-07 09:00:00,85,0,8.01,8.18,8.01,8.13,1138520,9202087.9,derived_ohlc4
HNX_CEO,CEO,2018-12-10 09:00:00,86,0,8.18,8.18,8.07,8.07,660260,5364612.5,derived_ohlc4
HNX_CEO,CEO,2018-12-11 09:00:00,87,0,8.07,8.18,8.01,8.13,558773,4524664.3675,derived_ohlc4
HNX_CEO,CEO,2018-12-12 09:00:00,88,0,8.18,8.48,8.13,8.36,1860400,15418065.0,derived_ohlc4
HNX_CEO,CEO,2018-12-13 09:00:00,89,0,8.36,8.65,8.36,8.54,3005285,25477303.5875,derived_ohlc4
HNX_CEO,CEO,2018-12-14 09:00:00,90,0,8.54,8.6,8.36,8.36,671730,5686194.45,derived_ohlc4
HNX_CEO,CEO,2018-12-17 09:00:00,91,0,8.36,8.54,8.13,8.13,1346340,11161158.600000001,derived_ohlc4
HNX_CEO,CEO,2018-12-18 09:00:00,92,0,8.07,8.13,7.72,7.95,2006506,15986836.555,derived_ohlc4
HNX_CEO,CEO,2018-12-19 09:00:00,93,0,7.95,8.07,7.89,8.01,738170,5890596.600000001,derived_ohlc4
HNX_CEO,CEO,2018-12-20 09:00:00,94,0,7.95,8.3,7.95,8.07,852471,6877309.7924999995,derived_ohlc4
HNX_CEO,CEO,2018-12-21 09:00:00,95,0,8.01,8.13,7.95,8.13,929240,7485028.2,derived_ohlc4
HNX_CEO,CEO,2018-12-24 09:00:00,96,0,8.07,8.13,7.95,7.95,523420,4200445.5,derived_ohlc4
HNX_CEO,CEO,2018-12-25 09:00:00,97,0,7.89,7.89,7.37,7.48,1798609,13772848.4175,derived_ohlc4
HNX_CEO,CEO,2018-12-26 09:00:00,98,0,7.48,7.6,7.37,7.42,444882,3322156.3349999995,derived_ohlc4
HNX_CEO,CEO,2018-12-27 09:00:00,99,0,7.66,7.72,7.6,7.66,799210,6121948.6,derived_ohlc4
HNX_CEO,CEO,2018-12-28 09:00:00,100,0,7.6,7.66,7.48,7.48,508700,3843228.5000000005,derived_ohlc4
HNX_CEO,CEO,2019-01-02 09:00:00,101,0,7.48,7.6,7.37,7.37,476342,3551129.61,derived_ohlc4
HNX_CEO,CEO,2019-01-03 09:00:00,102,0,7.42,7.42,7.25,7.31,801660,5892201.0,derived_ohlc4
HNX_CEO,CEO,2019-01-04 09:00:00,103,0,7.31,7.48,7.25,7.37,662275,4869376.9375,derived_ohlc4
HNX_CEO,CEO,2019-01-07 09:00:00,104,0,7.48,7.6,7.42,7.48,278470,2087132.6500000001,derived_ohlc4
HNX_CEO,CEO,2019-01-08 09:00:00,105,0,6.84,7.6,6.84,7.42,211360,1516508.0000000002,derived_ohlc4
HNX_CEO,CEO,2019-01-09 09:00:00,106,0,7.54,7.72,7.42,7.72,974730,7407948.0,derived_ohlc4
HNX_CEO,CEO,2019-01-10 09:00:00,107,0,7.72,7.72,7.54,7.54,479255,3656715.65,derived_ohlc4
HNX_CEO,CEO,2019-01-11 09:00:00,108,0,7.6,7.72,7.54,7.54,410380,3118888.0,derived_ohlc4
HNX_CEO,CEO,2019-01-14 09:00:00,109,0,7.54,7.54,7.42,7.48,364310,2730503.45,derived_ohlc4
HNX_CEO,CEO,2019-01-15 09:00:00,110,0,7.48,7.66,7.48,7.54,332950,2510443.0,derived_ohlc4
HNX_CEO,CEO,2019-01-16 09:00:00,111,0,7.6,7.66,7.54,7.66,439510,3346868.65,derived_ohlc4
HNX_CEO,CEO,2019-01-17 09:00:00,112,0,7.66,7.72,7.6,7.6,391450,2992635.25,derived_ohlc4
HNX_CEO,CEO,2019-01-18 09:00:00,113,0,7.6,7.66,7.6,7.6,272295,2073526.425,derived_ohlc4
HNX_CEO,CEO,2019-01-21 09:00:00,114,0,7.66,7.89,7.66,7.72,666285,5152048.7625,derived_ohlc4
HNX_CEO,CEO,2019-01-22 09:00:00,115,0,7.72,7.84,7.66,7.66,313220,2418058.4,derived_ohlc4
HNX_CEO,CEO,2019-01-23 09:00:00,116,0,7.72,7.72,7.66,7.66,260135,2000438.1500000001,derived_ohlc4
HNX_CEO,CEO,2019-01-24 09:00:00,117,0,7.72,7.78,7.66,7.72,194545,1501887.4,derived_ohlc4
HNX_CEO,CEO,2019-01-25 09:00:00,118,0,7.72,7.78,7.66,7.66,303510,2338544.55,derived_ohlc4
HNX_CEO,CEO,2019-01-28 09:00:00,119,0,7.66,7.72,7.6,7.66,216520,1658543.2,derived_ohlc4
HNX_CEO,CEO,2019-01-29 09:00:00,120,0,7.66,7.66,7.6,7.6,274150,2091764.5000000002,derived_ohlc4
HNX_CEO,CEO,2019-01-30 09:00:00,121,0,7.6,7.66,7.54,7.6,238030,1809028.0,derived_ohlc4
HNX_CEO,CEO,2019-01-31 09:00:00,122,0,7.6,7.6,7.42,7.48,1157570,8710714.25,derived_ohlc4
HNX_CEO,CEO,2019-02-01 09:00:00,123,0,7.48,7.6,7.48,7.48,234669,1762364.1900000002,derived_ohlc4
HNX_CEO,CEO,2019-02-11 09:00:00,124,0,7.6,7.72,7.6,7.66,306558,2343635.91,derived_ohlc4
HNX_CEO,CEO,2019-02-12 09:00:00,125,0,7.72,7.84,7.66,7.78,780089,6045689.75,derived_ohlc4
HNX_CEO,CEO,2019-02-13 09:00:00,126,0,7.84,7.84,7.72,7.78,570730,4448840.35,derived_ohlc4
HNX_CEO,CEO,2019-02-14 09:00:00,127,0,7.78,8.01,7.78,7.89,1443881,11356124.065,derived_ohlc4
HNX_CEO,CEO,2019-02-15 09:00:00,128,0,7.89,8.01,7.84,7.84,1125566,8886343.57,derived_ohlc4
HNX_CEO,CEO,2019-02-18 09:00:00,129,0,7.89,8.13,7.89,8.01,789666,6301534.680000001,derived_ohlc4
HNX_CEO,CEO,2019-02-19 09:00:00,130,0,8.07,8.07,7.84,7.84,1018391,8101300.405,derived_ohlc4
HNX_CEO,CEO,2019-02-20 09:00:00,131,0,7.84,8.01,7.84,7.84,1043410,8224679.324999999,derived_ohlc4
HNX_CEO,CEO,2019-02-21 09:00:00,132,0,7.84,7.89,7.78,7.78,332820,2603484.45,derived_ohlc4
HNX_CEO,CEO,2019-02-22 09:00:00,133,0,7.78,7.89,7.72,7.78,639920,4986576.600000001,derived_ohlc4
HNX_CEO,CEO,2019-02-25 09:00:00,134,0,7.84,7.95,7.78,7.84,759850,5966722.125,derived_ohlc4
HNX_CEO,CEO,2019-02-26 09:00:00,135,0,7.89,7.89,7.72,7.72,769210,6003684.05,derived_ohlc4
HNX_CEO,CEO,2019-02-27 09:00:00,136,0,7.78,7.95,7.72,7.89,1246620,9767267.7,derived_ohlc4
HNX_CEO,CEO,2019-02-28 09:00:00,137,0,7.48,7.89,7.48,7.72,908626,6944174.205,derived_ohlc4
HNX_CEO,CEO,2019-03-01 09:00:00,138,0,7.72,7.89,7.72,7.89,210401,1642179.805,derived_ohlc4
HNX_CEO,CEO,2019-03-04 09:00:00,139,0,7.95,8.42,7.89,8.36,3475727,28344553.685000002,derived_ohlc4
HNX_CEO,CEO,2019-03-05 09:00:00,140,0,8.36,8.48,8.18,8.18,1393770,11568291.000000002,derived_ohlc4
HNX_CEO,CEO,2019-03-06 09:00:00,141,0,8.36,8.36,8.07,8.13,1548495,12744113.850000001,derived_ohlc4
HNX_CEO,CEO,2019-03-07 09:00:00,142,0,8.13,8.3,8.07,8.07,2102464,17119313.12,derived_ohlc4
HNX_CEO,CEO,2019-03-08 09:00:00,143,0,8.01,8.07,7.84,7.89,1492769,11871245.4725,derived_ohlc4
HNX_CEO,CEO,2019-03-11 09:00:00,144,0,7.89,7.95,7.78,7.95,641293,5061405.0025,derived_ohlc4
HNX_CEO,CEO,2019-03-12 09:00:00,145,0,7.95,8.13,7.89,7.89,623650,4967372.25,derived_ohlc4
HNX_CEO,CEO,2019-03-13 09:00:00,146,0,7.89,8.01,7.89,7.89,895350,7091172.0,derived_ohlc4
HNX_CEO,CEO,2019-03-14 09:00:00,147,0,7.95,7.95,7.84,7.89,433560,3428375.7,derived_ohlc4
HNX_CEO,CEO,2019-03-15 09:00:00,148,0,7.89,7.95,7.78,7.84,652080,5128609.2,derived_ohlc4
HNX_CEO,CEO,2019-03-18 09:00:00,149,0,8.01,8.01,7.48,7.6,2237512,17396655.8,derived_ohlc4
HNX_CEO,CEO,2019-03-19 09:00:00,150,0,7.6,7.72,7.54,7.54,441000,3351600.0,derived_ohlc4
HNX_CEO,CEO,2019-03-20 09:00:00,151,0,7.54,7.54,7.48,7.54,479123,3605400.575,derived_ohlc4
HNX_CEO,CEO,2019-03-21 09:00:00,152,0,7.54,7.54,7.37,7.37,758225,5652567.375,derived_ohlc4
HNX_CEO,CEO,2019-03-22 09:00:00,153,0,7.37,7.42,7.31,7.37,387122,2852121.335,derived_ohlc4
HNX_CEO,CEO,2019-03-25 09:00:00,154,0,7.31,7.37,7.13,7.13,703524,5089996.14,derived_ohlc4
HNX_CEO,CEO,2019-03-26 09:00:00,155,0,7.13,7.31,7.13,7.19,441911,3177340.0900000003,derived_ohlc4
HNX_CEO,CEO,2019-03-27 09:00:00,156,0,7.31,7.31,7.25,7.25,83123,605135.44,derived_ohlc4
HNX_CEO,CEO,2019-03-28 09:00:00,157,0,7.25,7.31,7.19,7.31,246980,1794309.7,derived_ohlc4
HNX_CEO,CEO,2019-03-29 09:00:00,158,0,7.31,7.31,7.19,7.25,159165,1156333.7249999999,derived_ohlc4
HNX_CEO,CEO,2019-04-01 09:00:00,159,0,7.25,7.25,7.19,7.25,150550,1089229.25,derived_ohlc4
HNX_CEO,CEO,2019-04-02 09:00:00,160,0,7.31,7.31,7.07,7.13,688590,4961290.949999999,derived_ohlc4
HNX_CEO,CEO,2019-04-03 09:00:00,161,0,7.13,7.13,7.02,7.02,417930,2956854.75,derived_ohlc4
HNX_CEO,CEO,2019-04-04 09:00:00,162,0,7.07,7.19,7.02,7.13,242210,1720296.525,derived_ohlc4
HNX_CEO,CEO,2019-04-05 09:00:00,163,0,7.19,7.31,7.13,7.25,298235,2153256.6999999997,derived_ohlc4
HNX_CEO,CEO,2019-04-08 09:00:00,164,0,7.25,7.25,7.19,7.25,117706,851602.91,derived_ohlc4
HNX_CEO,CEO,2019-04-09 09:00:00,165,0,7.25,7.25,7.07,7.19,295309,2123271.71,derived_ohlc4
HNX_CEO,CEO,2019-04-10 09:00:00,166,0,7.13,7.13,7.02,7.07,320260,2269842.75,derived_ohlc4
HNX_CEO,CEO,2019-04-11 09:00:00,167,0,7.07,7.07,6.9,6.96,394520,2761640.0,derived_ohlc4
HNX_CEO,CEO,2019-04-12 09:00:00,168,0,6.96,7.07,6.96,7.02,327110,2290587.775,derived_ohlc4
HNX_CEO,CEO,2019-04-16 09:00:00,169,0,7.02,7.07,6.84,7.02,526095,3676088.8125,derived_ohlc4
HNX_CEO,CEO,2019-04-17 09:00:00,170,0,7.02,7.07,6.9,6.9,236830,1651297.175,derived_ohlc4
HNX_CEO,CEO,2019-04-18 09:00:00,171,0,6.84,6.9,6.72,6.78,458723,3123903.6300000004,derived_ohlc4
HNX_CEO,CEO,2019-04-19 09:00:00,172,0,6.72,6.84,6.72,6.78,221342,1497378.63,derived_ohlc4
HNX_CEO,CEO,2019-04-22 09:00:00,173,0,6.78,6.84,6.72,6.78,428708,2906640.24,derived_ohlc4
HNX_CEO,CEO,2019-04-23 09:00:00,174,0,6.72,6.9,6.72,6.84,187464,1273817.88,derived_ohlc4
HNX_CEO,CEO,2019-04-24 09:00:00,175,0,6.9,7.02,6.84,7.02,216010,1500189.45,derived_ohlc4
HNX_CEO,CEO,2019-04-25 09:00:00,176,0,7.02,7.02,6.9,6.9,146396,1018916.1599999999,derived_ohlc4
HNX_CEO,CEO,2019-04-26 09:00:00,177,0,6.9,7.13,6.9,7.07,283184,1982288.0,derived_ohlc4
HNX_CEO,CEO,2019-05-02 09:00:00,178,0,7.13,7.13,6.96,7.02,61360,433201.6,derived_ohlc4
HNX_CEO,CEO,2019-05-03 09:00:00,179,0,7.02,7.07,6.96,6.96,164030,1148620.075,derived_ohlc4
HNX_CEO,CEO,2019-05-06 09:00:00,180,0,7.02,7.02,6.9,6.9,293118,2040101.2799999998,derived_ohlc4
HNX_CEO,CEO,2019-05-07 09:00:00,181,0,6.96,6.96,6.84,6.9,267340,1848656.0999999999,derived_ohlc4
HNX_CEO,CEO,2019-05-08 09:00:00,182,0,6.84,6.96,6.84,6.9,89960,619374.6,derived_ohlc4
HNX_CEO,CEO,2019-05-09 09:00:00,183,0,6.96,6.96,6.84,6.9,103951,718821.1649999999,derived_ohlc4
HNX_CEO,CEO,2019-05-10 09:00:00,184,0,6.84,6.9,6.78,6.84,138012,944002.08,derived_ohlc4
HNX_CEO,CEO,2019-05-13 09:00:00,185,0,6.9,7.02,6.9,6.9,280634,1944793.6199999999,derived_ohlc4
HNX_CEO,CEO,2019-05-14 09:00:00,186,0,6.9,7.02,6.9,7.02,90101,627102.96,derived_ohlc4
HNX_CEO,CEO,2019-05-15 09:00:00,187,0,7.02,7.13,7.02,7.07,223312,1576582.72,derived_ohlc4
HNX_CEO,CEO,2019-05-16 09:00:00,188,0,7.13,7.25,7.02,7.13,157004,1119831.0299999998,derived_ohlc4
HNX_CEO,CEO,2019-05-17 09:00:00,189,0,7.07,7.07,7.02,7.02,235930,1662126.85,derived_ohlc4
HNX_CEO,CEO,2019-05-20 09:00:00,190,0,6.96,7.07,6.96,6.96,218900,1529563.7500000002,derived_ohlc4
HNX_CEO,CEO,2019-05-21 09:00:00,191,0,6.96,7.02,6.9,6.9,214450,1489355.25,derived_ohlc4
HNX_CEO,CEO,2019-05-22 09:00:00,192,0,6.96,6.96,6.9,6.96,191000,1326495.0,derived_ohlc4
HNX_CEO,CEO,2019-05-23 09:00:00,193,0,6.9,6.96,6.9,6.9,92400,638945.9999999999,derived_ohlc4
HNX_CEO,CEO,2019-05-24 09:00:00,194,0,6.9,7.07,6.84,6.96,519664,3607767.3200000003,derived_ohlc4
HNX_CEO,CEO,2019-05-27 09:00:00,195,0,6.96,7.02,6.9,6.96,27844,193794.24000000002,derived_ohlc4
HNX_CEO,CEO,2019-05-28 09:00:00,196,0,6.96,6.96,6.9,6.96,166400,1155648.0,derived_ohlc4
HNX_CEO,CEO,2019-05-29 09:00:00,197,0,6.9,6.96,6.9,6.9,138500,957727.4999999999,derived_ohlc4
HNX_CEO,CEO,2019-05-30 09:00:00,198,0,6.9,6.9,6.84,6.9,122700,844789.5,derived_ohlc4
HNX_CEO,CEO,2019-05-31 09:00:00,199,0,6.84,6.9,6.72,6.72,217010,1474582.95,derived_ohlc4
HNX_CEO,CEO,2019-06-03 09:00:00,200,0,6.78,6.84,6.72,6.72,204900,1386148.5,derived_ohlc4
HNX_CEO,CEO,2019-06-04 09:00:00,201,0,6.78,6.78,6.66,6.66,328850,2209872.0,derived_ohlc4
HNX_CEO,CEO,2019-06-05 09:00:00,202,0,6.66,6.78,6.61,6.61,182450,1216029.25,derived_ohlc4
HNX_CEO,CEO,2019-06-06 09:00:00,203,0,6.66,6.66,6.49,6.49,596510,3922053.2500000005,derived_ohlc4
HNX_CEO,CEO,2019-06-07 09:00:00,204,0,6.55,6.66,6.49,6.66,159200,1049128.0000000002,derived_ohlc4
HNX_CEO,CEO,2019-06-10 09:00:00,205,0,6.66,6.66,6.61,6.66,79500,528476.25,derived_ohlc4
HNX_CEO,CEO,2019-06-11 09:00:00,206,0,6.66,6.84,6.61,6.66,298425,1997209.3125,derived_ohlc4
HNX_CEO,CEO,2019-06-12 09:00:00,207,0,6.66,7.13,6.66,6.96,694070,4756114.675,derived_ohlc4
HNX_CEO,CEO,2019-06-13 09:00:00,208,0,7.02,7.02,6.9,6.96,356110,2483867.25,derived_ohlc4
HNX_CEO,CEO,2019-06-14 09:00:00,209,0,6.9,6.9,6.84,6.84,143699,987212.13,derived_ohlc4
HNX_CEO,CEO,2019-06-17 09:00:00,210,0,6.78,6.84,6.72,6.72,403902,2732397.03,derived_ohlc4
HNX_CEO,CEO,2019-06-18 09:00:00,211,0,6.78,6.78,6.66,6.72,135730,914141.5499999999,derived_ohlc4
HNX_CEO,CEO,2019-06-19 09:00:00,212,0,6.78,6.9,6.72,6.78,231200,1571004.0,derived_ohlc4
HNX_CEO,CEO,2019-06-20 09:00:00,213,0,6.78,6.84,6.78,6.78,142001,964896.7950000002,derived_ohlc4
HNX_CEO,CEO,2019-06-21 09:00:00,214,0,6.78,6.84,6.61,6.72,240140,1617943.25,derived_ohlc4
HNX_CEO,CEO,2019-06-24 09:00:00,215,0,6.72,6.72,6.55,6.55,342800,2274478.0,derived_ohlc4
HNX_CEO,CEO,2019-06-25 09:00:00,216,0,6.55,6.72,6.55,6.61,360493,2381957.4975,derived_ohlc4
HNX_CEO,CEO,2019-06-26 09:00:00,217,0,6.61,6.66,6.55,6.55,256300,1689657.75,derived_ohlc4
HNX_CEO,CEO,2019-06-27 09:00:00,218,0,6.55,6.61,6.43,6.55,326552,2134017.32,derived_ohlc4
HNX_CEO,CEO,2019-06-28 09:00:00,219,0,6.55,6.55,6.49,6.55,167840,1096834.4000000001,derived_ohlc4
HNX_CEO,CEO,2019-07-01 09:00:00,220,0,6.61,6.66,6.49,6.61,243400,1604614.4999999998,derived_ohlc4
HNX_CEO,CEO,2019-07-02 09:00:00,221,0,6.61,6.66,6.55,6.61,374845,2476788.3375,derived_ohlc4
HNX_CEO,CEO,2019-07-03 09:00:00,222,0,6.61,6.66,6.55,6.55,209700,1382447.25,derived_ohlc4
HNX_CEO,CEO,2019-07-04 09:00:00,223,0,6.81,7.13,6.55,6.68,399485,2713501.8625,derived_ohlc4
HNX_CEO,CEO,2019-07-05 09:00:00,224,0,6.68,6.68,6.55,6.55,250830,1659240.45,derived_ohlc4
HNX_CEO,CEO,2019-07-08 09:00:00,225,0,6.55,6.61,6.55,6.55,230359,1512306.8350000002,derived_ohlc4
HNX_CEO,CEO,2019-07-09 09:00:00,226,0,6.55,6.61,6.55,6.55,276920,1817979.8,derived_ohlc4
HNX_CEO,CEO,2019-07-10 09:00:00,227,0,6.61,6.87,6.61,6.74,675610,4531654.074999999,derived_ohlc4
HNX_CEO,CEO,2019-07-11 09:00:00,228,0,6.74,6.81,6.68,6.74,510755,3443765.5875,derived_ohlc4
HNX_CEO,CEO,2019-07-12 09:00:00,229,0,6.74,6.94,6.74,6.94,795264,5439605.760000001,derived_ohlc4
HNX_CEO,CEO,2019-07-15 09:00:00,230,0,6.94,6.94,6.81,6.87,624152,4300407.28,derived_ohlc4
HNX_CEO,CEO,2019-07-16 09:00:00,231,0,6.94,7.13,6.94,7.13,1496930,10530902.55,derived_ohlc4
HNX_CEO,CEO,2019-07-17 09:00:00,232,0,7.13,7.2,7.07,7.13,866160,6177886.199999999,derived_ohlc4
HNX_CEO,CEO,2019-07-18 09:00:00,233,0,7.13,7.26,7.07,7.13,1253242,8957547.195,derived_ohlc4
HNX_CEO,CEO,2019-07-19 09:00:00,234,0,7.13,7.13,6.94,7.07,1149897,8126897.0475,derived_ohlc4
HNX_CEO,CEO,2019-07-22 09:00:00,235,0,7.07,7.13,6.81,7.07,1681510,11804200.2,derived_ohlc4
HNX_CEO,CEO,2019-07-23 09:00:00,236,0,7.07,7.13,6.81,6.81,1655910,11516854.049999999,derived_ohlc4
HNX_CEO,CEO,2019-07-24 09:00:00,237,0,6.81,6.87,6.74,6.81,903050,6147512.875,derived_ohlc4
HNX_CEO,CEO,2019-07-25 09:00:00,238,0,6.81,6.81,6.68,6.81,1681030,11393180.824999997,derived_ohlc4
HNX_CEO,CEO,2019-07-26 09:00:00,239,0,6.81,6.81,6.61,6.81,2211207,14947759.32,derived_ohlc4
HNX_CEO,CEO,2019-07-29 09:00:00,240,0,6.81,6.81,6.61,6.61,1246740,8365625.4,derived_ohlc4
HNX_CEO,CEO,2019-07-30 09:00:00,241,0,6.68,6.68,6.55,6.61,2076290,13765802.7,derived_ohlc4
HNX_CEO,CEO,2019-07-31 09:00:00,242,0,6.61,6.87,6.61,6.74,3739086,25079919.345,derived_ohlc4
HNX_CEO,CEO,2019-08-01 09:00:00,243,0,6.81,6.81,6.61,6.68,980330,6595170.075,derived_ohlc4
HNX_CEO,CEO,2019-08-02 09:00:00,244,0,6.74,6.74,6.61,6.61,530230,3539285.25,derived_ohlc4
HNX_CEO,CEO,2019-08-05 09:00:00,245,0,6.68,6.68,6.55,6.61,936695,6210287.85,derived_ohlc4
HNX_CEO,CEO,2019-08-06 09:00:00,246,0,6.61,6.68,6.48,6.55,1352272,8897949.76,derived_ohlc4
HNX_CEO,CEO,2019-08-07 09:00:00,247,0,6.61,6.68,6.55,6.61,925113,6117309.712499999,derived_ohlc4
HNX_CEO,CEO,2019-08-08 09:00:00,248,0,6.61,6.74,6.55,6.74,1081490,7202723.4,derived_ohlc4
HNX_CEO,CEO,2019-08-09 09:00:00,249,0,6.68,6.81,6.68,6.74,888870,5979872.924999999,derived_ohlc4
HNX_CEO,CEO,2019-08-12 09:00:00,250,0,6.74,6.87,6.68,6.87,1566190,10634430.1,derived_ohlc4
HNX_CEO,CEO,2019-08-13 09:00:00,251,0,6.87,6.94,6.68,6.68,752625,5112205.3125,derived_ohlc4
HNX_CEO,CEO,2019-08-14 09:00:00,252,0,6.68,6.81,6.61,6.68,867380,5807109.1,derived_ohlc4
HNX_CEO,CEO,2019-08-15 09:00:00,253,0,6.68,6.68,6.55,6.61,995880,6602684.399999999,derived_ohlc4
HNX_CEO,CEO,2019-08-16 09:00:00,254,0,6.61,6.74,6.61,6.74,510802,3409603.3500000006,derived_ohlc4
HNX_CEO,CEO,2019-08-19 09:00:00,255,0,6.74,6.74,6.61,6.74,292960,1965029.2,derived_ohlc4
HNX_CEO,CEO,2019-08-20 09:00:00,256,0,6.74,6.74,6.61,6.68,289341,1936414.6425,derived_ohlc4
HNX_CEO,CEO,2019-08-21 09:00:00,257,0,6.68,6.68,6.55,6.68,781770,5196816.075,derived_ohlc4
HNX_CEO,CEO,2019-08-22 09:00:00,258,0,6.61,6.68,6.55,6.61,317530,2099667.125,derived_ohlc4
HNX_CEO,CEO,2019-08-23 09:00:00,259,0,6.61,6.68,6.61,6.61,194208,1287113.52,derived_ohlc4
HNX_CEO,CEO,2019-08-26 09:00:00,260,0,6.61,6.61,6.48,6.61,618500,4068183.7500000005,derived_ohlc4
HNX_CEO,CEO,2019-08-27 09:00:00,261,0,6.55,6.61,6.48,6.48,376260,2456977.8000000003,derived_ohlc4
HNX_CEO,CEO,2019-08-28 09:00:00,262,0,6.48,6.55,6.48,6.55,320615,2088806.725,derived_ohlc4
HNX_CEO,CEO,2019-08-29 09:00:00,263,0,6.55,6.61,6.48,6.55,491052,3215162.97,derived_ohlc4
HNX_CEO,CEO,2019-08-30 09:00:00,264,0,6.55,6.61,6.48,6.55,291978,1911725.955,derived_ohlc4
HNX_CEO,CEO,2019-09-03 09:00:00,265,0,6.61,6.61,6.42,6.42,591725,3855088.3750000005,derived_ohlc4
HNX_CEO,CEO,2019-09-04 09:00:00,266,0,6.48,6.55,6.42,6.42,3214020,20786674.350000005,derived_ohlc4
HNX_CEO,CEO,2019-09-05 09:00:00,267,0,6.48,6.55,6.42,6.48,318271,2063191.7575000003,derived_ohlc4
HNX_CEO,CEO,2019-09-06 09:00:00,268,0,6.48,6.48,6.42,6.48,234458,1515770.9700000002,derived_ohlc4
HNX_CEO,CEO,2019-09-09 09:00:00,269,0,6.48,6.48,6.42,6.48,376071,2431299.015,derived_ohlc4
HNX_CEO,CEO,2019-09-10 09:00:00,270,0,6.48,6.48,6.35,6.48,1126450,7262786.375000001,derived_ohlc4
HNX_CEO,CEO,2019-09-11 09:00:00,271,0,6.48,6.55,6.42,6.55,1643917,10685460.500000002,derived_ohlc4
HNX_CEO,CEO,2019-09-12 09:00:00,272,0,6.55,6.68,6.48,6.68,2139038,14112303.205,derived_ohlc4
HNX_CEO,CEO,2019-09-13 09:00:00,273,0,6.68,6.68,6.55,6.68,1551560,10313995.1,derived_ohlc4
HNX_CEO,CEO,2019-09-16 09:00:00,274,0,6.68,6.68,6.55,6.68,619304,4116823.34,derived_ohlc4
HNX_CEO,CEO,2019-09-17 09:00:00,275,0,6.61,6.61,6.55,6.61,766441,5054678.395,derived_ohlc4
HNX_CEO,CEO,2019-09-18 09:00:00,276,0,6.61,6.68,5.96,6.68,1433121,9290206.8825,derived_ohlc4
HNX_CEO,CEO,2019-09-19 09:00:00,277,0,6.68,6.68,6.55,6.61,602926,3997399.38,derived_ohlc4
HNX_CEO,CEO,2019-09-20 09:00:00,278,0,6.61,6.61,6.48,6.55,2110931,13852984.687500002,derived_ohlc4
HNX_CEO,CEO,2019-09-23 09:00:00,279,0,6.61,6.61,6.48,6.55,1276100,8374406.250000001,derived_ohlc4
HNX_CEO,CEO,2019-09-24 09:00:00,280,0,6.55,6.61,6.48,6.55,1363463,8927273.9925,derived_ohlc4
HNX_CEO,CEO,2019-09-25 09:00:00,281,0,6.48,6.55,6.48,6.55,1112945,7250836.675000001,derived_ohlc4
HNX_CEO,CEO,2019-09-26 09:00:00,282,0,6.48,6.55,6.48,6.55,312730,2037435.9500000002,derived_ohlc4
HNX_CEO,CEO,2019-09-27 09:00:00,283,0,6.48,6.55,6.48,6.48,280410,1821963.975,derived_ohlc4
HNX_CEO,CEO,2019-09-30 09:00:00,284,0,6.48,6.55,6.48,6.48,985034,6400258.415,derived_ohlc4
HNX_CEO,CEO,2019-10-01 09:00:00,285,0,6.48,6.55,6.42,6.55,831735,5406277.500000001,derived_ohlc4
HNX_CEO,CEO,2019-10-02 09:00:00,286,0,6.55,6.61,6.48,6.55,902040,5906106.9,derived_ohlc4
HNX_CEO,CEO,2019-10-03 09:00:00,287,0,6.48,6.55,6.42,6.55,719100,4674150.000000001,derived_ohlc4
HNX_CEO,CEO,2019-10-04 09:00:00,288,0,6.48,6.55,6.42,6.48,430790,2792596.1750000003,derived_ohlc4
HNX_CEO,CEO,2019-10-07 09:00:00,289,0,6.48,6.48,6.42,6.42,717121,4625430.450000001,derived_ohlc4
HNX_CEO,CEO,2019-10-08 09:00:00,290,0,6.42,6.42,6.16,6.35,3034360,19230256.5,derived_ohlc4
HNX_CEO,CEO,2019-10-09 09:00:00,291,0,6.35,6.42,6.22,6.42,2243861,14254127.002499998,derived_ohlc4
HNX_CEO,CEO,2019-10-10 09:00:00,292,0,6.42,6.42,6.22,6.35,1321737,8396334.292499999,derived_ohlc4
HNX_CEO,CEO,2019-10-11 09:00:00,293,0,6.35,6.35,6.22,6.29,1324562,8348052.004999999,derived_ohlc4
HNX_CEO,CEO,2019-10-14 09:00:00,294,0,6.22,6.29,6.16,6.16,666915,4139874.8625000003,derived_ohlc4
HNX_CEO,CEO,2019-10-15 09:00:00,295,0,6.16,6.74,6.16,6.16,379460,2392495.3000000003,derived_ohlc4
HNX_CEO,CEO,2019-10-16 09:00:00,296,0,6.16,6.29,6.16,6.29,357950,2228238.75,derived_ohlc4
HNX_CEO,CEO,2019-10-17 09:00:00,297,0,6.29,6.29,6.16,6.22,221735,1383626.4000000001,derived_ohlc4
HNX_CEO,CEO,2019-10-18 09:00:00,298,0,6.16,6.29,5.7,6.22,133850,815481.1249999999,derived_ohlc4
HNX_CEO,CEO,2019-10-21 09:00:00,299,0,6.16,6.22,6.09,6.16,572729,3526578.8175,derived_ohlc4
HNX_CEO,CEO,2019-10-22 09:00:00,300,0,6.16,6.22,6.09,6.22,260425,1607473.3124999998,derived_ohlc4
HNX_CEO,CEO,2019-10-23 09:00:00,301,0,6.22,6.22,6.09,6.16,331540,2046430.6500000001,derived_ohlc4
HNX_CEO,CEO,2019-10-24 09:00:00,302,0,6.22,6.22,6.09,6.16,441930,2727812.9250000003,derived_ohlc4
HNX_CEO,CEO,2019-10-25 09:00:00,303,0,6.16,6.61,6.03,6.03,395050,2452272.875,derived_ohlc4
HNX_CEO,CEO,2019-10-28 09:00:00,304,0,6.03,6.22,6.03,6.16,377151,2304392.6100000003,derived_ohlc4
HNX_CEO,CEO,2019-10-29 09:00:00,305,0,6.09,6.16,6.03,6.16,269436,1646253.9600000002,derived_ohlc4
HNX_CEO,CEO,2019-10-30 09:00:00,306,0,6.09,6.61,6.03,6.09,366728,2275547.24,derived_ohlc4
HNX_CEO,CEO,2019-10-31 09:00:00,307,0,6.22,6.29,5.96,6.03,788095,4827081.875,derived_ohlc4
HNX_CEO,CEO,2019-11-01 09:00:00,308,0,6.03,6.16,6.03,6.16,800336,4878047.920000001,derived_ohlc4
HNX_CEO,CEO,2019-11-04 09:00:00,309,0,6.16,6.16,6.03,6.09,383818,2345127.98,derived_ohlc4
HNX_CEO,CEO,2019-11-05 09:00:00,310,0,6.09,6.09,5.96,6.03,719680,4348666.4,derived_ohlc4
HNX_CEO,CEO,2019-11-06 09:00:00,311,0,6.03,6.09,5.96,5.96,211220,1269432.2000000002,derived_ohlc4
HNX_CEO,CEO,2019-11-07 09:00:00,312,0,6.03,6.16,6.03,6.16,1560328,9510199.16,derived_ohlc4
HNX_CEO,CEO,2019-11-08 09:00:00,313,0,6.09,6.22,6.09,6.16,388900,2387846.0,derived_ohlc4
HNX_CEO,CEO,2019-11-11 09:00:00,314,0,6.16,6.16,5.96,6.09,620640,3781249.2,derived_ohlc4
HNX_CEO,CEO,2019-11-12 09:00:00,315,0,6.03,6.48,6.03,6.16,239280,1477554.0000000002,derived_ohlc4
HNX_CEO,CEO,2019-11-13 09:00:00,316,0,6.09,6.42,6.03,6.09,140633,865947.6975,derived_ohlc4
HNX_CEO,CEO,2019-11-14 09:00:00,317,0,6.09,6.09,6.03,6.03,264866,1605087.9600000002,derived_ohlc4
HNX_CEO,CEO,2019-11-15 09:00:00,318,0,6.03,6.48,6.03,6.03,547550,3363325.8750000005,derived_ohlc4
HNX_CEO,CEO,2019-11-18 09:00:00,319,0,6.09,6.09,6.03,6.09,133032,808169.4,derived_ohlc4
HNX_CEO,CEO,2019-11-19 09:00:00,320,0,6.09,6.68,6.03,6.03,106890,663519.675,derived_ohlc4
HNX_CEO,CEO,2019-11-20 09:00:00,321,0,6.03,6.09,6.03,6.03,361430,2184844.35,derived_ohlc4
HNX_CEO,CEO,2019-11-21 09:00:00,322,0,6.03,6.03,5.96,5.96,622035,3729099.825,derived_ohlc4
HNX_CEO,CEO,2019-11-22 09:00:00,323,0,6.03,6.55,5.96,6.03,832405,5113047.7125,derived_ohlc4
HNX_CEO,CEO,2019-11-25 09:00:00,324,0,6.03,6.03,5.96,5.96,274900,1648025.5,derived_ohlc4
HNX_CEO,CEO,2019-11-26 09:00:00,325,0,5.96,6.03,5.96,5.96,126900,758544.75,derived_ohlc4
HNX_CEO,CEO,2019-11-27 09:00:00,326,0,5.96,6.55,5.96,5.96,195186,1192098.4949999999,derived_ohlc4
HNX_CEO,CEO,2019-11-28 09:00:00,327,0,5.96,6.03,5.9,5.96,240450,1433683.125,derived_ohlc4
HNX_CEO,CEO,2019-11-29 09:00:00,328,0,6.03,6.03,5.9,6.03,86100,516384.75000000006,derived_ohlc4
HNX_CEO,CEO,2019-12-02 09:00:00,329,0,5.96,5.96,5.45,5.84,522910,3034185.275,derived_ohlc4
HNX_CEO,CEO,2019-12-03 09:00:00,330,0,5.9,5.9,5.77,5.84,173730,1016754.825,derived_ohlc4
HNX_CEO,CEO,2019-12-04 09:00:00,331,0,5.84,5.84,5.77,5.77,257678,1495820.79,derived_ohlc4
HNX_CEO,CEO,2019-12-05 09:00:00,332,0,5.84,6.29,5.7,5.7,354730,2086699.2249999999,derived_ohlc4
HNX_CEO,CEO,2019-12-06 09:00:00,333,0,5.7,5.77,5.7,5.77,468200,2685126.9999999995,derived_ohlc4
HNX_CEO,CEO,2019-12-09 09:00:00,334,0,5.77,5.84,5.77,5.77,101950,590035.625,derived_ohlc4
HNX_CEO,CEO,2019-12-10 09:00:00,335,0,5.77,5.77,5.25,5.7,156166,878043.335,derived_ohlc4
HNX_CEO,CEO,2019-12-11 09:00:00,336,0,5.7,5.77,5.58,5.7,252873,1438215.1874999998,derived_ohlc4
HNX_CEO,CEO,2019-12-12 09:00:00,337,0,5.9,6.22,5.64,5.7,207251,1215527.115,derived_ohlc4
HNX_CEO,CEO,2019-12-13 09:00:00,338,0,5.84,6.22,5.77,6.03,899550,5365815.75,derived_ohlc4
HNX_CEO,CEO,2019-12-16 09:00:00,339,0,6.09,6.09,5.96,5.96,248120,1494923.0,derived_ohlc4
HNX_CEO,CEO,2019-12-17 09:00:00,340,0,5.96,5.96,5.38,5.96,229512,1334612.28,derived_ohlc4
HNX_CEO,CEO,2019-12-18 09:00:00,341,0,5.96,6.03,5.84,5.84,424770,2513576.4749999996,derived_ohlc4
HNX_CEO,CEO,2019-12-19 09:00:00,342,0,5.96,5.96,5.77,5.9,336328,1983494.3799999997,derived_ohlc4
HNX_CEO,CEO,2019-12-20 09:00:00,343,0,5.9,6.48,5.9,5.96,277704,1682886.2400000002,derived_ohlc4
HNX_CEO,CEO,2019-12-23 09:00:00,344,0,5.96,6.29,5.9,6.16,1390820,8452708.549999999,derived_ohlc4
HNX_CEO,CEO,2019-12-24 09:00:00,345,0,6.16,6.29,6.09,6.16,487625,3011084.375,derived_ohlc4
HNX_CEO,CEO,2019-12-25 09:00:00,346,0,6.22,6.22,5.58,6.22,534580,3239554.8,derived_ohlc4
HNX_CEO,CEO,2019-12-26 09:00:00,347,0,6.22,6.29,6.09,6.22,794132,4927589.0600000005,derived_ohlc4
HNX_CEO,CEO,2019-12-27 09:00:00,348,0,6.22,6.22,6.09,6.16,493710,3047424.975,derived_ohlc4
HNX_CEO,CEO,2019-12-30 09:00:00,349,0,6.22,6.22,6.03,6.16,349036,2149189.17,derived_ohlc4
HNX_CEO,CEO,2019-12-31 09:00:00,350,0,6.16,6.16,6.03,6.09,459820,2809500.2,derived_ohlc4
HNX_CEO,CEO,2020-01-02 09:00:00,351,0,6.09,6.09,6.03,6.09,196058,1191052.35,derived_ohlc4
HNX_CEO,CEO,2020-01-03 09:00:00,352,0,6.09,6.09,5.9,5.96,292541,1758171.41,derived_ohlc4
HNX_CEO,CEO,2020-01-06 09:00:00,353,0,5.9,5.96,5.77,5.77,605544,3542432.4,derived_ohlc4
HNX_CEO,CEO,2020-01-07 09:00:00,354,0,5.84,5.84,5.77,5.77,420210,2439319.05,derived_ohlc4
HNX_CEO,CEO,2020-01-08 09:00:00,355,0,6.03,6.03,5.64,5.64,572340,3339603.9,derived_ohlc4
HNX_CEO,CEO,2020-01-09 09:00:00,356,0,5.77,5.77,5.64,5.77,525500,3015056.25,derived_ohlc4
HNX_CEO,CEO,2020-01-10 09:00:00,357,0,5.7,5.77,5.7,5.77,135050,774511.7499999999,derived_ohlc4
HNX_CEO,CEO,2020-01-13 09:00:00,358,0,5.77,5.77,5.64,5.64,195909,1117660.845,derived_ohlc4
HNX_CEO,CEO,2020-01-14 09:00:00,359,0,5.7,6.16,5.7,5.77,135148,788250.71,derived_ohlc4
HNX_CEO,CEO,2020-01-15 09:00:00,360,0,5.77,5.84,5.7,5.84,544293,3150095.7375,derived_ohlc4
HNX_CEO,CEO,2020-01-16 09:00:00,361,0,5.84,5.9,5.7,5.7,410900,2377056.5,derived_ohlc4
HNX_CEO,CEO,2020-01-17 09:00:00,362,0,5.84,5.84,5.7,5.7,120300,694131.0,derived_ohlc4
HNX_CEO,CEO,2020-01-20 09:00:00,363,0,5.77,5.77,5.7,5.77,127005,730596.2625,derived_ohlc4
HNX_CEO,CEO,2020-01-21 09:00:00,364,0,5.77,5.9,5.77,5.9,219020,1277981.6999999997,derived_ohlc4
HNX_CEO,CEO,2020-01-22 09:00:00,365,0,5.9,6.03,5.84,5.9,351360,2079172.8,derived_ohlc4
HNX_CEO,CEO,2020-01-30 09:00:00,366,0,5.84,5.84,5.64,5.64,512310,2940659.4,derived_ohlc4
HNX_CEO,CEO,2020-01-31 09:00:00,367,0,5.64,5.7,5.45,5.45,483000,2685480.0,derived_ohlc4
HNX_CEO,CEO,2020-02-03 09:00:00,368,0,5.38,5.45,4.93,5.45,972923,5158924.2075000005,derived_ohlc4
HNX_CEO,CEO,2020-02-04 09:00:00,369,0,5.38,5.45,5.25,5.32,484730,2593305.5,derived_ohlc4
HNX_CEO,CEO,2020-02-05 09:00:00,370,0,5.32,5.45,5.25,5.45,393979,2114682.2824999997,derived_ohlc4
HNX_CEO,CEO,2020-02-06 09:00:00,371,0,5.45,5.45,5.32,5.38,678613,3664510.1999999997,derived_ohlc4
HNX_CEO,CEO,2020-02-07 09:00:00,372,0,5.45,5.64,5.38,5.51,817239,4490728.305,derived_ohlc4
HNX_CEO,CEO,2020-02-10 09:00:00,373,0,5.51,5.58,5.38,5.58,224960,1240091.9999999998,derived_ohlc4
HNX_CEO,CEO,2020-02-11 09:00:00,374,0,5.51,5.64,5.45,5.45,370191,2040677.8874999997,derived_ohlc4
HNX_CEO,CEO,2020-02-12 09:00:00,375,0,5.51,5.64,5.45,5.58,314710,1745066.95,derived_ohlc4
HNX_CEO,CEO,2020-02-13 09:00:00,376,0,5.51,5.58,5.45,5.51,306210,1687982.6249999998,derived_ohlc4
HNX_CEO,CEO,2020-02-14 09:00:00,377,0,5.58,5.58,5.45,5.51,80030,442565.89999999997,derived_ohlc4
HNX_CEO,CEO,2020-02-17 09:00:00,378,0,5.58,5.9,5.51,5.7,1552467,8806369.057500001,derived_ohlc4
HNX_CEO,CEO,2020-02-18 09:00:00,379,0,5.77,5.77,5.64,5.7,290240,1660172.7999999998,derived_ohlc4
HNX_CEO,CEO,2020-02-19 09:00:00,380,0,5.7,5.77,5.64,5.7,121443,692528.7075,derived_ohlc4
HNX_CEO,CEO,2020-02-20 09:00:00,381,0,5.7,5.7,5.51,5.64,784580,4423069.75,derived_ohlc4
HNX_CEO,CEO,2020-02-21 09:00:00,382,0,5.64,6.16,5.51,5.51,410620,2342587.1,derived_ohlc4
HNX_CEO,CEO,2020-02-24 09:00:00,383,0,5.51,5.58,5.12,5.12,1057260,5637838.95,derived_ohlc4
HNX_CEO,CEO,2020-02-25 09:00:00,384,0,5.12,5.32,5.06,5.32,409569,2131806.645,derived_ohlc4
HNX_CEO,CEO,2020-02-26 09:00:00,385,0,5.19,5.32,4.8,5.25,214900,1104586.0000000002,derived_ohlc4
HNX_CEO,CEO,2020-02-27 09:00:00,386,0,5.25,5.38,5.19,5.32,348031,1839343.835,derived_ohlc4
HNX_CEO,CEO,2020-02-28 09:00:00,387,0,5.19,5.25,5.12,5.25,349987,1820807.3675000002,derived_ohlc4
HNX_CEO,CEO,2020-03-02 09:00:00,388,0,5.25,5.32,5.19,5.25,132500,695956.25,derived_ohlc4
HNX_CEO,CEO,2020-03-03 09:00:00,389,0,5.32,5.38,5.25,5.25,246111,1304388.3,derived_ohlc4
HNX_CEO,CEO,2020-03-04 09:00:00,390,0,5.32,5.32,5.12,5.32,342060,1802656.2000000002,derived_ohlc4
HNX_CEO,CEO,2020-03-05 09:00:00,391,0,5.32,5.51,5.25,5.45,912270,4910293.274999999,derived_ohlc4
HNX_CEO,CEO,2020-03-06 09:00:00,392,0,5.45,5.45,5.32,5.38,296300,1600019.9999999998,derived_ohlc4
HNX_CEO,CEO,2020-03-09 09:00:00,393,0,5.25,5.32,4.86,4.86,1408050,7142333.625,derived_ohlc4
HNX_CEO,CEO,2020-03-10 09:00:00,394,0,4.86,4.93,4.47,4.86,849210,4059223.7999999993,derived_ohlc4
HNX_CEO,CEO,2020-03-11 09:00:00,395,0,4.99,5.06,4.67,4.93,754145,3704737.3124999995,derived_ohlc4
HNX_CEO,CEO,2020-03-12 09:00:00,396,0,4.93,4.93,4.47,4.47,852051,4004639.6999999993,derived_ohlc4
HNX_CEO,CEO,2020-03-13 09:00:00,397,0,4.08,4.54,4.08,4.54,866448,3734390.8800000004,derived_ohlc4
HNX_CEO,CEO,2020-03-16 09:00:00,398,0,4.54,4.6,4.41,4.54,290180,1312339.05,derived_ohlc4
HNX_CEO,CEO,2020-03-17 09:00:00,399,0,4.47,4.54,4.34,4.54,324603,1451786.9175,derived_ohlc4
HNX_CEO,CEO,2020-03-18 09:00:00,400,0,4.67,4.67,4.47,4.54,286510,1314364.6249999998,derived_ohlc4
HNX_CEO,CEO,2020-03-19 09:00:00,401,0,4.67,4.67,4.34,4.47,355725,1614102.1874999998,derived_ohlc4
HNX_CEO,CEO,2020-03-20 09:00:00,402,0,4.47,4.47,4.34,4.47,198865,882463.4375,derived_ohlc4
HNX_CEO,CEO,2020-03-23 09:00:00,403,0,4.15,4.47,4.08,4.21,1192043,5039361.7825,derived_ohlc4
HNX_CEO,CEO,2020-03-24 09:00:00,404,0,4.28,4.28,4.08,4.15,334413,1403698.5675,derived_ohlc4
HNX_CEO,CEO,2020-03-25 09:00:00,405,0,4.41,4.41,4.08,4.28,1189350,5108258.25,derived_ohlc4
HNX_CEO,CEO,2020-03-26 09:00:00,406,0,4.28,4.28,4.08,4.08,276701,1156610.18,derived_ohlc4
HNX_CEO,CEO,2020-03-27 09:00:00,407,0,4.15,4.47,3.89,4.02,493886,2040983.8950000003,derived_ohlc4
HNX_CEO,CEO,2020-03-30 09:00:00,408,0,4.02,4.02,3.63,3.89,1505738,5857320.819999999,derived_ohlc4
HNX_CEO,CEO,2020-03-31 09:00:00,409,0,3.89,4.02,3.63,3.82,455559,1749346.5599999998,derived_ohlc4
HNX_CEO,CEO,2020-04-01 09:00:00,410,0,3.96,3.96,3.76,3.96,453560,1773419.6,derived_ohlc4
HNX_CEO,CEO,2020-04-03 09:00:00,411,0,3.96,4.02,3.89,4.02,1409051,5597455.097499999,derived_ohlc4
HNX_CEO,CEO,2020-04-06 09:00:00,412,0,4.08,4.34,4.02,4.34,1006167,4220870.565,derived_ohlc4
HNX_CEO,CEO,2020-04-07 09:00:00,413,0,4.41,4.41,4.15,4.34,918260,3973770.1500000004,derived_ohlc4
HNX_CEO,CEO,2020-04-08 09:00:00,414,0,4.34,4.34,4.08,4.34,660840,2825091.0000000005,derived_ohlc4
HNX_CEO,CEO,2020-04-09 09:00:00,415,0,4.34,4.41,4.21,4.28,1203623,5187615.130000001,derived_ohlc4
HNX_CEO,CEO,2020-04-10 09:00:00,416,0,4.28,4.28,4.15,4.28,550100,2336549.7500000005,derived_ohlc4
HNX_CEO,CEO,2020-04-13 09:00:00,417,0,4.28,4.41,4.15,4.41,1422485,6134466.5625,derived_ohlc4
HNX_CEO,CEO,2020-04-14 09:00:00,418,0,4.41,4.41,4.28,4.34,493960,2153665.6,derived_ohlc4
HNX_CEO,CEO,2020-04-15 09:00:00,419,0,4.34,4.54,4.28,4.47,1192540,5256120.05,derived_ohlc4
HNX_CEO,CEO,2020-04-16 09:00:00,420,0,4.47,4.47,4.34,4.34,693736,3055907.0799999996,derived_ohlc4
HNX_CEO,CEO,2020-04-17 09:00:00,421,0,4.34,4.67,4.34,4.6,2277785,10221560.1875,derived_ohlc4
HNX_CEO,CEO,2020-04-20 09:00:00,422,0,4.6,4.8,4.6,4.6,764161,3553348.6499999994,derived_ohlc4
HNX_CEO,CEO,2020-04-21 09:00:00,423,0,4.67,4.67,4.34,4.47,1006835,4568513.8125,derived_ohlc4
HNX_CEO,CEO,2020-04-22 09:00:00,424,0,4.41,4.47,4.21,4.47,1071056,4701935.84,derived_ohlc4
HNX_CEO,CEO,2020-04-23 09:00:00,425,0,4.47,4.54,4.41,4.41,439795,1960386.2125,derived_ohlc4
HNX_CEO,CEO,2020-04-24 09:00:00,426,0,4.41,4.54,4.34,4.54,1497125,6673434.687499999,derived_ohlc4
HNX_CEO,CEO,2020-04-27 09:00:00,427,0,4.54,4.54,4.41,4.54,494893,2230730.1975000002,derived_ohlc4
HNX_CEO,CEO,2020-04-28 09:00:00,428,0,4.54,4.54,4.41,4.54,441950,1992089.6250000002,derived_ohlc4
HNX_CEO,CEO,2020-04-29 09:00:00,429,0,4.54,4.54,4.41,4.41,286590,1282490.25,derived_ohlc4
HNX_CEO,CEO,2020-05-04 09:00:00,430,0,4.41,4.47,4.28,4.34,732559,3204945.625,derived_ohlc4
HNX_CEO,CEO,2020-05-05 09:00:00,431,0,4.41,4.41,4.28,4.34,83930,365934.80000000005,derived_ohlc4
HNX_CEO,CEO,2020-05-06 09:00:00,432,0,4.28,4.41,4.21,4.41,713700,3088536.7500000005,derived_ohlc4
HNX_CEO,CEO,2020-05-07 09:00:00,433,0,4.41,4.6,4.34,4.54,1848711,8268359.947500001,derived_ohlc4
HNX_CEO,CEO,2020-05-08 09:00:00,434,0,4.54,4.6,4.47,4.54,1070350,4856713.125,derived_ohlc4
HNX_CEO,CEO,2020-05-11 09:00:00,435,0,4.54,4.67,4.47,4.67,1278039,5863003.912500001,derived_ohlc4
HNX_CEO,CEO,2020-05-12 09:00:00,436,0,4.6,4.67,4.54,4.6,814391,3748234.577499999,derived_ohlc4
HNX_CEO,CEO,2020-05-13 09:00:00,437,0,4.6,4.99,4.54,4.99,2223810,10629811.799999999,derived_ohlc4
HNX_CEO,CEO,2020-05-14 09:00:00,438,0,4.99,4.99,4.86,4.86,883390,4350695.75,derived_ohlc4
HNX_CEO,CEO,2020-05-15 09:00:00,439,0,4.86,4.93,4.8,4.86,976833,4749850.462499999,derived_ohlc4
HNX_CEO,CEO,2020-05-18 09:00:00,440,0,4.86,4.93,4.73,4.86,494101,2393919.3449999997,derived_ohlc4
HNX_CEO,CEO,2020-05-19 09:00:00,441,0,4.86,4.93,4.8,4.93,1014909,4952755.92,derived_ohlc4
HNX_CEO,CEO,2020-05-20 09:00:00,442,0,4.93,4.93,4.8,4.86,476074,2323241.12,derived_ohlc4
HNX_CEO,CEO,2020-05-21 09:00:00,443,0,4.86,4.99,4.86,4.99,2720089,13396438.325000001,derived_ohlc4
HNX_CEO,CEO,2020-05-22 09:00:00,444,0,4.99,5.06,4.93,4.99,893803,4462311.4775,derived_ohlc4
HNX_CEO,CEO,2020-05-25 09:00:00,445,0,4.99,4.99,4.86,4.93,334250,1652030.625,derived_ohlc4
HNX_CEO,CEO,2020-05-26 09:00:00,446,0,4.93,4.99,4.86,4.99,1376493,6803316.652500001,derived_ohlc4
HNX_CEO,CEO,2020-05-27 09:00:00,447,0,4.99,4.99,4.8,4.8,768052,3759614.5400000005,derived_ohlc4
HNX_CEO,CEO,2020-05-28 09:00:00,448,0,4.8,4.86,4.8,4.8,270505,1302481.5750000002,derived_ohlc4
HNX_CEO,CEO,2020-05-29 09:00:00,449,0,4.8,4.93,4.8,4.93,2131400,10369261.0,derived_ohlc4
HNX_CEO,CEO,2020-06-01 09:00:00,450,0,4.93,5.06,4.86,4.99,1987912,9860043.519999998,derived_ohlc4
HNX_CEO,CEO,2020-06-02 09:00:00,451,0,4.99,5.06,4.93,4.99,617440,3082569.1999999997,derived_ohlc4
HNX_CEO,CEO,2020-06-03 09:00:00,452,0,4.99,4.99,4.93,4.93,329078,1632226.88,derived_ohlc4
HNX_CEO,CEO,2020-06-04 09:00:00,453,0,4.99,5.06,4.93,4.99,1742721,8700534.5925,derived_ohlc4
HNX_CEO,CEO,2020-06-05 09:00:00,454,0,5.06,5.12,4.93,5.12,2067986,10458839.195,derived_ohlc4
HNX_CEO,CEO,2020-06-08 09:00:00,455,0,5.12,5.58,5.12,5.58,4805471,25709269.849999998,derived_ohlc4
HNX_CEO,CEO,2020-06-09 09:00:00,456,0,5.58,6.09,5.45,6.09,4526776,26266617.740000002,derived_ohlc4
HNX_CEO,CEO,2020-06-10 09:00:00,457,0,6.16,6.68,5.96,6.68,5182966,33015493.42,derived_ohlc4
HNX_CEO,CEO,2020-06-11 09:00:00,458,0,6.68,6.68,6.03,6.22,4374374,28006929.535,derived_ohlc4
HNX_CEO,CEO,2020-06-12 09:00:00,459,0,6.22,6.29,5.64,6.29,3449577,21076915.47,derived_ohlc4
HNX_CEO,CEO,2020-06-15 09:00:00,460,0,6.35,6.35,5.84,6.03,1944771,11945755.8675,derived_ohlc4
HNX_CEO,CEO,2020-06-16 09:00:00,461,0,5.96,6.16,5.9,5.96,2002981,12007871.095000003,derived_ohlc4
HNX_CEO,CEO,2020-06-17 09:00:00,462,0,6.03,6.03,5.58,5.96,2306992,13611252.8,derived_ohlc4
HNX_CEO,CEO,2020-06-18 09:00:00,463,0,5.9,5.9,5.7,5.77,1063831,6188836.8425,derived_ohlc4
HNX_CEO,CEO,2020-06-19 09:00:00,464,0,5.77,6.22,5.7,6.03,4310636,25562071.48,derived_ohlc4
HNX_CEO,CEO,2020-06-22 09:00:00,465,0,6.09,6.29,6.03,6.03,3750463,22915328.93,derived_ohlc4
HNX_CEO,CEO,2020-06-23 09:00:00,466,0,6.03,6.09,5.77,5.96,2880552,17175291.3,derived_ohlc4
HNX_CEO,CEO,2020-06-24 09:00:00,467,0,5.96,5.96,5.45,5.51,3431018,19625422.96,derived_ohlc4
HNX_CEO,CEO,2020-06-25 09:00:00,468,0,5.51,5.58,5.19,5.51,2007063,10933475.692499999,derived_ohlc4
HNX_CEO,CEO,2020-06-26 09:00:00,469,0,5.51,5.64,5.25,5.25,1077692,5833007.949999999,derived_ohlc4
HNX_CEO,CEO,2020-06-29 09:00:00,470,0,5.25,5.25,4.86,4.99,2630558,13382963.825000001,derived_ohlc4
HNX_CEO,CEO,2020-06-30 09:00:00,471,0,4.99,5.19,4.54,4.73,2555746,12427314.924999999,derived_ohlc4
HNX_CEO,CEO,2020-07-01 09:00:00,472,0,4.8,5.19,4.67,5.19,2267827,11254091.4875,derived_ohlc4
HNX_CEO,CEO,2020-07-02 09:00:00,473,0,5.19,5.19,4.99,5.06,1262991,6450726.5325,derived_ohlc4
HNX_CEO,CEO,2020-07-03 09:00:00,474,0,5.06,5.12,4.93,5.06,953986,4810474.404999999,derived_ohlc4
HNX_CEO,CEO,2020-07-06 09:00:00,475,0,5.12,5.12,4.99,5.12,706850,3596099.3750000005,derived_ohlc4
HNX_CEO,CEO,2020-07-07 09:00:00,476,0,5.12,5.25,5.06,5.06,1485856,7611297.359999999,derived_ohlc4
HNX_CEO,CEO,2020-07-08 09:00:00,477,0,5.06,5.12,4.99,5.06,463938,2346366.435,derived_ohlc4
HNX_CEO,CEO,2020-07-09 09:00:00,478,0,5.12,5.51,5.06,5.51,3350416,17757204.799999997,derived_ohlc4
HNX_CEO,CEO,2020-07-10 09:00:00,479,0,5.51,5.51,5.19,5.19,1704238,9117673.3,derived_ohlc4
HNX_CEO,CEO,2020-07-13 09:00:00,480,0,5.19,5.45,5.19,5.19,1002050,5265772.750000001,derived_ohlc4
HNX_CEO,CEO,2020-07-14 09:00:00,481,0,5.19,5.32,5.19,5.19,1695435,8854409.287500001,derived_ohlc4
HNX_CEO,CEO,2020-07-15 09:00:00,482,0,5.19,5.38,5.19,5.32,1752164,9233904.280000001,derived_ohlc4
HNX_CEO,CEO,2020-07-16 09:00:00,483,0,5.32,5.38,5.25,5.25,653279,3462378.6999999997,derived_ohlc4
HNX_CEO,CEO,2020-07-17 09:00:00,484,0,5.25,5.32,5.19,5.25,1045620,5492119.050000001,derived_ohlc4
HNX_CEO,CEO,2020-07-20 09:00:00,485,0,5.25,5.25,5.06,5.19,1638625,8500367.1875,derived_ohlc4
HNX_CEO,CEO,2020-07-21 09:00:00,486,0,5.19,5.19,5.06,5.06,1081290,5541611.25,derived_ohlc4
HNX_CEO,CEO,2020-07-22 09:00:00,487,0,5.06,5.19,5.06,5.06,1171740,5967085.949999999,derived_ohlc4
HNX_CEO,CEO,2020-07-23 09:00:00,488,0,5.06,5.06,4.93,4.93,751201,3752248.994999999,derived_ohlc4
HNX_CEO,CEO,2020-07-24 09:00:00,489,0,4.93,4.99,4.54,4.67,3809620,18219507.650000002,derived_ohlc4
HNX_CEO,CEO,2020-07-27 09:00:00,490,0,4.54,4.67,4.21,4.21,2872560,12660808.200000001,derived_ohlc4
HNX_CEO,CEO,2020-07-28 09:00:00,491,0,4.21,4.6,4.15,4.54,2351565,10288096.875,derived_ohlc4
HNX_CEO,CEO,2020-07-29 09:00:00,492,0,4.34,4.47,4.21,4.47,2054983,8985413.167499999,derived_ohlc4
HNX_CEO,CEO,2020-07-30 09:00:00,493,0,4.47,4.47,4.34,4.41,1111300,4914724.249999999,derived_ohlc4
HNX_CEO,CEO,2020-07-31 09:00:00,494,0,4.28,4.41,4.08,4.41,1577290,6774460.55,derived_ohlc4
HNX_CEO,CEO,2020-08-03 09:00:00,495,0,4.34,4.54,4.28,4.47,3148575,13877344.3125,derived_ohlc4
HNX_CEO,CEO,2020-08-04 09:00:00,496,0,4.47,4.73,4.47,4.6,1660250,7583191.874999998,derived_ohlc4
HNX_CEO,CEO,2020-08-05 09:00:00,497,0,4.6,4.67,4.54,4.67,1661549,7676356.379999999,derived_ohlc4
HNX_CEO,CEO,2020-08-06 09:00:00,498,0,4.67,4.67,4.47,4.54,1653967,7587573.612499999,derived_ohlc4
HNX_CEO,CEO,2020-08-07 09:00:00,499,0,4.54,4.54,4.41,4.47,1170837,5257058.13,derived_ohlc4
HNX_CEO,CEO,2020-08-10 09:00:00,500,0,4.54,4.6,4.47,4.54,1577949,7159943.587499999,derived_ohlc4
HNX_CEO,CEO,2020-08-11 09:00:00,501,0,4.6,4.6,4.41,4.47,1172249,5298565.4799999995,derived_ohlc4
HNX_CEO,CEO,2020-08-12 09:00:00,502,0,4.54,4.54,4.41,4.47,1085130,4872233.7,derived_ohlc4
HNX_CEO,CEO,2020-08-13 09:00:00,503,0,4.54,4.6,4.41,4.54,3202340,14482582.65,derived_ohlc4
HNX_CEO,CEO,2020-08-14 09:00:00,504,0,4.54,4.54,4.41,4.47,1509170,6776173.300000001,derived_ohlc4
HNX_CEO,CEO,2020-08-17 09:00:00,505,0,4.47,4.47,4.34,4.41,618109,2733587.0524999998,derived_ohlc4
HNX_CEO,CEO,2020-08-18 09:00:00,506,0,4.41,4.47,4.41,4.47,938742,4168014.4799999995,derived_ohlc4
HNX_CEO,CEO,2020-08-19 09:00:00,507,0,4.47,4.47,4.41,4.47,973428,4336621.74,derived_ohlc4
HNX_CEO,CEO,2020-08-20 09:00:00,508,0,4.47,4.47,4.41,4.47,1133850,5051301.75,derived_ohlc4
HNX_CEO,CEO,2020-08-21 09:00:00,509,0,4.47,4.6,4.41,4.54,2084217,9389397.584999999,derived_ohlc4
HNX_CEO,CEO,2020-08-24 09:00:00,510,0,4.54,4.73,4.54,4.6,2427272,11171519.379999997,derived_ohlc4
HNX_CEO,CEO,2020-08-25 09:00:00,511,0,4.67,4.99,4.6,4.86,4673285,22338302.3,derived_ohlc4
HNX_CEO,CEO,2020-08-26 09:00:00,512,0,4.86,4.93,4.73,4.8,1539768,7437079.44,derived_ohlc4
HNX_CEO,CEO,2020-08-27 09:00:00,513,0,4.8,4.86,4.73,4.73,1143238,5464677.640000001,derived_ohlc4
HNX_CEO,CEO,2020-08-28 09:00:00,514,0,4.8,4.86,4.73,4.8,1284473,6162259.2175,derived_ohlc4
HNX_CEO,CEO,2020-08-31 09:00:00,515,0,4.8,4.86,4.6,4.67,2440090,11547725.925,derived_ohlc4
HNX_CEO,CEO,2020-09-01 09:00:00,516,0,4.67,4.73,4.6,4.67,863101,4028523.9175000004,derived_ohlc4
HNX_CEO,CEO,2020-09-03 09:00:00,517,0,4.73,4.8,4.6,4.6,1088789,5098254.4925,derived_ohlc4
HNX_CEO,CEO,2020-09-04 09:00:00,518,0,4.6,4.67,4.54,4.6,1918753,8831060.6825,derived_ohlc4
HNX_CEO,CEO,2020-09-07 09:00:00,519,0,4.6,4.8,4.6,4.6,2581530,12004114.499999998,derived_ohlc4
HNX_CEO,CEO,2020-09-08 09:00:00,520,0,4.6,4.73,4.6,4.67,1125255,5232435.75,derived_ohlc4
HNX_CEO,CEO,2020-09-09 09:00:00,521,0,4.6,4.67,4.54,4.67,629430,2907966.5999999996,derived_ohlc4
HNX_CEO,CEO,2020-09-10 09:00:00,522,0,4.73,4.73,4.6,4.6,1185717,5531369.805,derived_ohlc4
HNX_CEO,CEO,2020-09-11 09:00:00,523,0,4.6,4.67,4.54,4.54,1660419,7617172.162499999,derived_ohlc4
HNX_CEO,CEO,2020-09-14 09:00:00,524,0,4.6,4.73,4.54,4.67,2229777,10335016.395,derived_ohlc4
HNX_CEO,CEO,2020-09-15 09:00:00,525,0,4.73,4.73,4.6,4.6,1048185,4889783.025,derived_ohlc4
HNX_CEO,CEO,2020-09-16 09:00:00,526,0,4.6,4.67,4.54,4.67,1126100,5202581.999999999,derived_ohlc4
HNX_CEO,CEO,2020-09-17 09:00:00,527,0,4.67,4.67,4.54,4.6,2233591,10319190.419999998,derived_ohlc4
HNX_CEO,CEO,2020-09-18 09:00:00,528,0,4.6,4.86,4.6,4.73,3468912,16295214.12,derived_ohlc4
HNX_CEO,CEO,2020-09-21 09:00:00,529,0,4.73,4.93,4.67,4.73,2979152,14195659.280000001,derived_ohlc4
HNX_CEO,CEO,2020-09-22 09:00:00,530,0,4.73,4.86,4.67,4.73,1557113,7392393.967500001,derived_ohlc4
HNX_CEO,CEO,2020-09-23 09:00:00,531,0,4.8,4.86,4.73,4.73,916749,4382060.220000001,derived_ohlc4
HNX_CEO,CEO,2020-09-24 09:00:00,532,0,4.73,4.8,4.67,4.67,1685070,7949317.725000001,derived_ohlc4
HNX_CEO,CEO,2020-09-25 09:00:00,533,0,4.67,4.73,4.6,4.6,1536162,7143153.300000001,derived_ohlc4
HNX_CEO,CEO,2020-09-28 09:00:00,534,0,4.67,4.99,4.67,4.8,4226755,20214455.787499998,derived_ohlc4
HNX_CEO,CEO,2020-09-29 09:00:00,535,0,4.8,4.99,4.73,4.73,2542816,12237302.0,derived_ohlc4
HNX_CEO,CEO,2020-09-30 09:00:00,536,0,4.73,4.8,4.67,4.73,1413419,6689005.4174999995,derived_ohlc4
HNX_CEO,CEO,2020-10-01 09:00:00,537,0,4.73,4.86,4.73,4.8,1215665,5810878.7,derived_ohlc4
HNX_CEO,CEO,2020-10-02 09:00:00,538,0,4.8,4.86,4.6,4.8,2797450,13329849.25,derived_ohlc4
HNX_CEO,CEO,2020-10-05 09:00:00,539,0,4.8,5.12,4.8,4.99,5835042,28752169.455000002,derived_ohlc4
HNX_CEO,CEO,2020-10-06 09:00:00,540,0,5.06,5.06,4.93,4.93,2339813,11687365.934999999,derived_ohlc4
HNX_CEO,CEO,2020-10-07 09:00:00,541,0,4.93,4.99,4.86,4.86,1770589,8693591.99,derived_ohlc4
HNX_CEO,CEO,2020-10-08 09:00:00,542,0,4.93,4.93,4.8,4.86,2040754,9958879.52,derived_ohlc4
HNX_CEO,CEO,2020-10-09 09:00:00,543,0,4.86,4.93,4.8,4.93,1123623,5483280.24,derived_ohlc4
HNX_CEO,CEO,2020-10-12 09:00:00,544,0,4.93,4.93,4.73,4.8,1506310,7301837.725000001,derived_ohlc4
HNX_CEO,CEO,2020-10-13 09:00:00,545,0,4.8,4.8,4.73,4.8,669243,3200654.6475,derived_ohlc4
HNX_CEO,CEO,2020-10-14 09:00:00,546,0,4.8,4.8,4.73,4.73,1498825,7141901.125000001,derived_ohlc4
HNX_CEO,CEO,2020-10-15 09:00:00,547,0,4.73,4.8,4.67,4.73,1666406,7886266.395,derived_ohlc4
HNX_CEO,CEO,2020-10-16 09:00:00,548,0,4.73,4.86,4.67,4.8,1620400,7721205.999999999,derived_ohlc4
HNX_CEO,CEO,2020-10-19 09:00:00,549,0,4.8,4.99,4.8,4.86,3230278,15707226.774999999,derived_ohlc4
HNX_CEO,CEO,2020-10-20 09:00:00,550,0,4.86,4.93,4.8,4.86,952775,4632868.4375,derived_ohlc4
HNX_CEO,CEO,2020-10-21 09:00:00,551,0,4.86,4.93,4.8,4.8,1452813,7042511.0175,derived_ohlc4
HNX_CEO,CEO,2020-10-22 09:00:00,552,0,4.8,4.86,4.67,4.8,1758393,8409514.522499999,derived_ohlc4
HNX_CEO,CEO,2020-10-23 09:00:00,553,0,4.8,4.86,4.73,4.8,766395,3676780.0125,derived_ohlc4
HNX_CEO,CEO,2020-10-26 09:00:00,554,0,4.8,4.8,4.67,4.67,1715993,8125226.854999999,derived_ohlc4
HNX_CEO,CEO,2020-10-27 09:00:00,555,0,4.67,4.67,4.54,4.54,1453907,6695241.734999999,derived_ohlc4
HNX_CEO,CEO,2020-10-28 09:00:00,556,0,4.54,4.6,4.41,4.54,1505750,6809754.375,derived_ohlc4
HNX_CEO,CEO,2020-10-29 09:00:00,557,0,4.47,4.54,4.41,4.47,718870,3215146.075,derived_ohlc4
HNX_CEO,CEO,2020-10-30 09:00:00,558,0,4.47,4.54,4.41,4.41,714480,3184794.5999999996,derived_ohlc4
HNX_CEO,CEO,2020-11-02 09:00:00,559,0,4.41,4.6,4.34,4.54,968681,4332425.7725,derived_ohlc4
HNX_CEO,CEO,2020-11-03 09:00:00,560,0,4.54,4.54,4.47,4.54,322010,1456290.225,derived_ohlc4
HNX_CEO,CEO,2020-11-04 09:00:00,561,0,4.47,4.6,4.47,4.54,1807610,8170397.199999999,derived_ohlc4
HNX_CEO,CEO,2020-11-05 09:00:00,562,0,4.54,4.6,4.47,4.54,358660,1627419.7499999998,derived_ohlc4
HNX_CEO,CEO,2020-11-06 09:00:00,563,0,4.54,4.54,4.47,4.47,712620,3210353.1,derived_ohlc4
HNX_CEO,CEO,2020-11-09 09:00:00,564,0,4.47,4.6,4.47,4.54,501219,2265509.88,derived_ohlc4
HNX_CEO,CEO,2020-11-10 09:00:00,565,0,4.6,4.73,4.54,4.73,1969349,9157472.850000001,derived_ohlc4
HNX_CEO,CEO,2020-11-11 09:00:00,566,0,4.73,4.73,4.6,4.67,505335,2366231.1375,derived_ohlc4
HNX_CEO,CEO,2020-11-12 09:00:00,567,0,4.67,4.67,4.6,4.67,274781,1278418.6025,derived_ohlc4
HNX_CEO,CEO,2020-11-13 09:00:00,568,0,4.67,4.67,4.6,4.6,635006,2943252.81,derived_ohlc4
HNX_CEO,CEO,2020-11-16 09:00:00,569,0,4.6,4.67,4.54,4.54,911329,4180721.7874999996,derived_ohlc4
HNX_CEO,CEO,2020-11-17 09:00:00,570,0,4.54,4.6,4.54,4.6,404710,1849524.7000000002,derived_ohlc4
HNX_CEO,CEO,2020-11-18 09:00:00,571,0,4.6,4.73,4.54,4.73,1293188,6013324.2,derived_ohlc4
HNX_CEO,CEO,2020-11-19 09:00:00,572,0,4.73,4.73,4.6,4.67,1698901,7955103.9325,derived_ohlc4
HNX_CEO,CEO,2020-11-20 09:00:00,573,0,4.67,4.73,4.6,4.67,1266879,5913157.732500001,derived_ohlc4
HNX_CEO,CEO,2020-11-23 09:00:00,574,0,4.67,4.67,4.67,4.67,1334665,6232885.55,derived_ohlc4
HNX_CEO,CEO,2020-11-24 09:00:00,575,0,4.67,4.73,4.6,4.67,1623478,7577583.565,derived_ohlc4
HNX_CEO,CEO,2020-11-25 09:00:00,576,0,4.73,4.73,4.67,4.73,2129776,10041893.84,derived_ohlc4
HNX_CEO,CEO,2020-11-26 09:00:00,577,0,4.73,4.93,4.67,4.86,3154631,15134342.2225,derived_ohlc4
HNX_CEO,CEO,2020-11-27 09:00:00,578,0,4.86,4.86,4.73,4.73,680720,3264052.4,derived_ohlc4
HNX_CEO,CEO,2020-11-30 09:00:00,579,0,4.73,4.8,4.73,4.73,1047850,4974667.875000001,derived_ohlc4
HNX_CEO,CEO,2020-12-01 09:00:00,580,0,4.73,4.73,4.6,4.67,1538627,7204620.9275,derived_ohlc4
HNX_CEO,CEO,2020-12-02 09:00:00,581,0,4.67,4.86,4.67,4.8,1747880,8302430.0,derived_ohlc4
HNX_CEO,CEO,2020-12-03 09:00:00,582,0,4.8,4.8,4.67,4.73,1181650,5612837.5,derived_ohlc4
HNX_CEO,CEO,2020-12-04 09:00:00,583,0,4.73,5.19,4.73,5.06,6024064,29683575.360000003,derived_ohlc4
HNX_CEO,CEO,2020-12-07 09:00:00,584,0,5.06,5.32,5.06,5.12,5397622,27743777.08,derived_ohlc4
HNX_CEO,CEO,2020-12-08 09:00:00,585,0,5.19,5.19,4.99,5.06,1892772,9667332.99,derived_ohlc4
HNX_CEO,CEO,2020-12-09 09:00:00,586,0,5.06,5.25,4.99,5.12,4490393,22923456.264999997,derived_ohlc4
HNX_CEO,CEO,2020-12-10 09:00:00,587,0,5.19,5.58,5.19,5.38,10119830,53989293.05,derived_ohlc4
HNX_CEO,CEO,2020-12-11 09:00:00,588,0,5.38,5.45,5.32,5.38,2207079,11879602.7175,derived_ohlc4
HNX_CEO,CEO,2020-12-14 09:00:00,589,0,5.38,5.45,5.32,5.38,3213753,17298025.522499997,derived_ohlc4
HNX_CEO,CEO,2020-12-15 09:00:00,590,0,5.38,5.64,5.25,5.45,6131541,33294267.63,derived_ohlc4
HNX_CEO,CEO,2020-12-16 09:00:00,591,0,5.45,5.58,5.45,5.51,2973353,16346008.117500002,derived_ohlc4
HNX_CEO,CEO,2020-12-17 09:00:00,592,0,5.51,6.03,5.45,6.03,9612930,55322412.15,derived_ohlc4
HNX_CEO,CEO,2020-12-18 09:00:00,593,0,6.16,6.61,5.96,6.22,6979443,43534275.7125,derived_ohlc4
HNX_CEO,CEO,2020-12-21 09:00:00,594,0,6.29,6.61,6.22,6.48,9288055,59443552.0,derived_ohlc4
HNX_CEO,CEO,2020-12-22 09:00:00,595,0,6.48,6.87,6.35,6.87,9053709,60139262.032500006,derived_ohlc4
HNX_CEO,CEO,2020-12-23 09:00:00,596,0,6.87,7.52,6.61,7.52,12069246,86053723.98,derived_ohlc4
HNX_CEO,CEO,2020-12-24 09:00:00,597,0,7.59,8.17,7.46,8.1,8212595,64304618.85,derived_ohlc4
HNX_CEO,CEO,2020-12-25 09:00:00,598,0,8.04,8.36,7.78,8.04,6993786,56334946.23,derived_ohlc4
HNX_CEO,CEO,2020-12-28 09:00:00,599,0,8.04,8.1,7.78,7.98,4573278,36471892.050000004,derived_ohlc4
HNX_CEO,CEO,2020-12-29 09:00:00,600,0,7.98,8.3,7.98,8.1,3435688,27794715.919999998,derived_ohlc4
HNX_CEO,CEO,2020-12-30 09:00:00,601,0,8.1,8.49,7.98,7.98,3727815,30335094.562499996,derived_ohlc4
HNX_CEO,CEO,2020-12-31 09:00:00,602,0,7.98,8.17,7.98,8.1,2724886,21955768.944999997,derived_ohlc4
HNX_CEO,CEO,2021-01-04 09:00:00,603,0,8.1,8.88,8.1,8.75,6543318,55340111.985,derived_ohlc4
HNX_CEO,CEO,2021-01-05 09:00:00,604,0,8.88,9.27,8.69,8.95,3800560,34005510.599999994,derived_ohlc4
HNX_CEO,CEO,2021-01-06 09:00:00,605,0,8.95,9.08,8.62,8.82,4435458,39331423.815,derived_ohlc4
HNX_CEO,CEO,2021-01-07 09:00:00,606,0,8.82,8.82,7.98,7.98,11020006,92568050.4,derived_ohlc4
HNX_CEO,CEO,2021-01-08 09:00:00,607,0,7.98,8.36,7.2,7.98,6892581,54313538.28,derived_ohlc4
HNX_CEO,CEO,2021-01-11 09:00:00,608,0,8.04,8.23,7.78,7.84,3330392,26551550.22,derived_ohlc4
HNX_CEO,CEO,2021-01-12 09:00:00,609,0,7.84,7.98,7.52,7.84,4716350,36763948.25,derived_ohlc4
HNX_CEO,CEO,2021-01-13 09:00:00,610,0,7.84,8.1,7.65,7.78,3960405,31059476.212500002,derived_ohlc4
HNX_CEO,CEO,2021-01-14 09:00:00,611,0,7.72,7.78,7.52,7.72,3598091,27651329.334999997,derived_ohlc4
HNX_CEO,CEO,2021-01-15 09:00:00,612,0,7.78,8.04,7.59,7.84,5146140,40204218.75,derived_ohlc4
HNX_CEO,CEO,2021-01-18 09:00:00,613,0,7.91,8.1,7.72,7.78,3713268,29251268.669999998,derived_ohlc4
HNX_CEO,CEO,2021-01-19 09:00:00,614,0,7.78,7.84,7.0,7.0,8021350,59398096.75,derived_ohlc4
HNX_CEO,CEO,2021-01-20 09:00:00,615,0,6.55,7.07,6.35,6.74,6514401,43499912.6775,derived_ohlc4
HNX_CEO,CEO,2021-01-21 09:00:00,616,0,6.81,7.39,6.61,7.39,3650546,25736349.3,derived_ohlc4
HNX_CEO,CEO,2021-01-22 09:00:00,617,0,7.46,7.72,7.33,7.46,5900712,44211084.66,derived_ohlc4
HNX_CEO,CEO,2021-01-25 09:00:00,618,0,7.46,7.78,7.2,7.46,5620483,42013110.425000004,derived_ohlc4
HNX_CEO,CEO,2021-01-26 09:00:00,619,0,7.46,7.52,6.94,7.2,4884134,35556495.52,derived_ohlc4
HNX_CEO,CEO,2021-01-27 09:00:00,620,0,7.13,7.26,6.48,6.48,3847826,26309510.275000002,derived_ohlc4
HNX_CEO,CEO,2021-01-28 09:00:00,621,0,6.42,6.42,5.84,5.84,4711632,28882304.16,derived_ohlc4
HNX_CEO,CEO,2021-01-29 09:00:00,622,0,5.32,6.42,5.25,6.35,4431150,25855760.250000004,derived_ohlc4
HNX_CEO,CEO,2021-02-01 09:00:00,623,0,6.29,6.29,5.77,5.77,4805760,28978732.8,derived_ohlc4
HNX_CEO,CEO,2021-02-02 09:00:00,624,0,5.32,5.77,5.25,5.77,4131915,22839160.162499998,derived_ohlc4
HNX_CEO,CEO,2021-02-03 09:00:00,625,0,5.77,6.29,5.51,6.29,5853768,34917726.12,derived_ohlc4
HNX_CEO,CEO,2021-02-04 09:00:00,626,0,6.29,6.55,6.22,6.29,1322685,8382516.187499999,derived_ohlc4
HNX_CEO,CEO,2021-02-05 09:00:00,627,0,6.22,6.42,6.09,6.22,1611482,10051618.975,derived_ohlc4
HNX_CEO,CEO,2021-02-08 09:00:00,628,0,6.29,6.29,5.77,5.77,3759505,22669815.150000002,derived_ohlc4
HNX_CEO,CEO,2021-02-09 09:00:00,629,0,5.25,6.29,5.25,6.03,1109148,6327689.34,derived_ohlc4
HNX_CEO,CEO,2021-02-17 09:00:00,630,0,6.03,6.35,6.03,6.35,2018816,12496471.04,derived_ohlc4
HNX_CEO,CEO,2021-02-18 09:00:00,631,0,6.35,6.94,6.16,6.94,7710339,50868961.5525,derived_ohlc4
HNX_CEO,CEO,2021-02-19 09:00:00,632,0,7.0,7.52,6.94,7.26,5262698,37786171.64,derived_ohlc4
HNX_CEO,CEO,2021-02-22 09:00:00,633,0,7.26,7.39,6.87,7.0,3839450,27375278.5,derived_ohlc4
HNX_CEO,CEO,2021-02-23 09:00:00,634,0,7.2,7.59,6.87,7.26,6012524,43470548.52,derived_ohlc4
HNX_CEO,CEO,2021-02-24 09:00:00,635,0,7.46,7.46,6.87,6.94,5582504,40096334.980000004,derived_ohlc4
HNX_CEO,CEO,2021-02-25 09:00:00,636,0,6.94,7.07,6.81,6.87,3808298,26362942.905,derived_ohlc4
HNX_CEO,CEO,2021-02-26 09:00:00,637,0,6.87,7.2,6.61,7.0,2873191,19882481.72,derived_ohlc4
HNX_CEO,CEO,2021-03-01 09:00:00,638,0,6.94,7.33,6.94,7.13,5527164,39159956.94,derived_ohlc4
HNX_CEO,CEO,2021-03-02 09:00:00,639,0,7.26,7.33,7.07,7.13,2755924,19835762.99,derived_ohlc4
HNX_CEO,CEO,2021-03-03 09:00:00,640,0,7.13,7.39,6.94,7.33,7067539,50868611.9525,derived_ohlc4
HNX_CEO,CEO,2021-03-04 09:00:00,641,0,7.33,7.46,6.94,7.13,5307810,38295849.15,derived_ohlc4
HNX_CEO,CEO,2021-03-05 09:00:00,642,0,7.33,7.84,6.94,7.84,13571151,101613993.1125,derived_ohlc4
HNX_CEO,CEO,2021-03-08 09:00:00,643,0,8.1,8.43,7.84,8.1,8689640,70538152.7,derived_ohlc4
HNX_CEO,CEO,2021-03-09 09:00:00,644,0,8.1,8.1,7.72,7.72,5988410,47368323.099999994,derived_ohlc4
HNX_CEO,CEO,2021-03-10 09:00:00,645,0,7.72,7.84,7.59,7.72,5464770,42174362.474999994,derived_ohlc4
HNX_CEO,CEO,2021-03-11 09:00:00,646,0,7.78,7.98,7.72,7.84,3972385,31103774.55,derived_ohlc4
HNX_CEO,CEO,2021-03-12 09:00:00,647,0,7.84,7.98,7.72,7.78,2997187,23467974.21,derived_ohlc4
HNX_CEO,CEO,2021-03-15 09:00:00,648,0,7.78,8.17,7.78,7.91,5298814,41913618.74,derived_ohlc4
HNX_CEO,CEO,2021-03-16 09:00:00,649,0,7.91,7.98,7.72,7.91,3862976,30440250.88,derived_ohlc4
HNX_CEO,CEO,2021-03-17 09:00:00,650,0,7.91,8.3,7.84,8.1,6622477,53228158.887499996,derived_ohlc4
HNX_CEO,CEO,2021-03-18 09:00:00,651,0,8.1,8.43,7.98,8.04,3084325,25098694.687499996,derived_ohlc4
HNX_CEO,CEO,2021-03-19 09:00:00,652,0,8.04,8.04,7.78,7.84,5002605,39645644.625,derived_ohlc4
HNX_CEO,CEO,2021-03-22 09:00:00,653,0,7.84,7.98,7.78,7.84,4007472,31498729.92,derived_ohlc4
HNX_CEO,CEO,2021-03-23 09:00:00,654,0,7.91,8.17,7.78,7.98,6566486,52269228.56,derived_ohlc4
HNX_CEO,CEO,2021-03-24 09:00:00,655,0,7.91,8.3,7.78,8.23,9256728,74562944.03999999,derived_ohlc4
HNX_CEO,CEO,2021-03-25 09:00:00,656,0,8.23,8.3,7.84,7.84,4188487,33727791.5675,derived_ohlc4
HNX_CEO,CEO,2021-03-26 09:00:00,657,0,7.84,8.04,7.39,7.91,7307033,56958322.235,derived_ohlc4
HNX_CEO,CEO,2021-03-29 09:00:00,658,0,7.91,8.1,7.84,7.98,4221210,33590278.574999996,derived_ohlc4
HNX_CEO,CEO,2021-03-30 09:00:00,659,0,7.98,8.17,7.91,7.98,4548188,36430985.88,derived_ohlc4
HNX_CEO,CEO,2021-03-31 09:00:00,660,0,7.98,8.1,7.78,7.84,5029575,39859381.875,derived_ohlc4
HNX_CEO,CEO,2021-04-01 09:00:00,661,0,7.84,8.43,7.84,8.23,11796103,95371492.75500001,derived_ohlc4
HNX_CEO,CEO,2021-04-02 09:00:00,662,0,8.3,8.36,8.1,8.17,3925543,32317032.7475,derived_ohlc4
HNX_CEO,CEO,2021-04-05 09:00:00,663,0,8.23,8.49,8.17,8.3,5813283,48235715.692499995,derived_ohlc4
HNX_CEO,CEO,2021-04-06 09:00:00,664,0,8.17,8.88,8.17,8.75,13981501,118737897.24249999,derived_ohlc4
HNX_CEO,CEO,2021-04-07 09:00:00,665,0,8.75,8.88,8.56,8.62,4994341,43463252.5525,derived_ohlc4
HNX_CEO,CEO,2021-04-08 09:00:00,666,0,8.62,8.88,8.43,8.43,7563339,64969082.01,derived_ohlc4
HNX_CEO,CEO,2021-04-09 09:00:00,667,0,8.43,8.56,8.3,8.43,5665086,47756674.98,derived_ohlc4
HNX_CEO,CEO,2021-04-12 09:00:00,668,0,8.43,8.62,8.36,8.62,5346003,45481120.52249999,derived_ohlc4
HNX_CEO,CEO,2021-04-13 09:00:00,669,0,8.56,8.69,8.04,8.1,9421639,78647131.5525,derived_ohlc4
HNX_CEO,CEO,2021-04-14 09:00:00,670,0,8.1,8.3,7.98,8.1,5083005,41274000.599999994,derived_ohlc4
HNX_CEO,CEO,2021-04-15 09:00:00,671,0,8.1,8.23,7.84,7.84,5704296,45648628.739999995,derived_ohlc4
HNX_CEO,CEO,2021-04-16 09:00:00,672,0,7.78,7.91,7.2,7.39,13825398,104658262.86,derived_ohlc4
HNX_CEO,CEO,2021-04-19 09:00:00,673,0,7.39,7.39,6.74,7.07,9128371,65245031.7225,derived_ohlc4
HNX_CEO,CEO,2021-04-20 09:00:00,674,0,7.07,7.39,7.0,7.13,3700567,26449802.6325,derived_ohlc4
HNX_CEO,CEO,2021-04-22 09:00:00,675,0,7.13,7.2,6.42,6.42,5804337,39425959.072500005,derived_ohlc4
HNX_CEO,CEO,2021-04-23 09:00:00,676,0,6.42,6.68,6.16,6.61,4956533,32056377.1775,derived_ohlc4
HNX_CEO,CEO,2021-04-26 09:00:00,677,0,6.61,6.68,6.09,6.16,3767104,24052959.04,derived_ohlc4
HNX_CEO,CEO,2021-04-27 09:00:00,678,0,6.09,6.22,5.9,6.22,2954518,18044718.685,derived_ohlc4
HNX_CEO,CEO,2021-04-28 09:00:00,679,0,6.29,6.42,6.09,6.35,1860143,11695649.112499999,derived_ohlc4
HNX_CEO,CEO,2021-04-29 09:00:00,680,0,6.35,6.94,6.35,6.74,4291602,28303115.19,derived_ohlc4
HNX_CEO,CEO,2021-05-04 09:00:00,681,0,6.81,6.81,6.16,6.42,2106850,13799867.500000002,derived_ohlc4
HNX_CEO,CEO,2021-05-05 09:00:00,682,0,6.42,6.81,6.42,6.55,2912378,19076075.9,derived_ohlc4
HNX_CEO,CEO,2021-05-06 09:00:00,683,0,6.55,6.61,6.29,6.35,2479456,15992491.199999997,derived_ohlc4
HNX_CEO,CEO,2021-05-07 09:00:00,684,0,6.35,6.42,6.03,6.16,3314615,20683197.6,derived_ohlc4
HNX_CEO,CEO,2021-05-10 09:00:00,685,0,6.16,6.22,6.03,6.09,2637651,16155612.375,derived_ohlc4
HNX_CEO,CEO,2021-05-11 09:00:00,686,0,6.09,6.35,6.09,6.22,2651400,16405537.5,derived_ohlc4
HNX_CEO,CEO,2021-05-12 09:00:00,687,0,6.22,6.42,6.16,6.42,1587789,10011009.645,derived_ohlc4
HNX_CEO,CEO,2021-05-13 09:00:00,688,0,6.42,6.55,6.29,6.35,1969393,12609038.6825,derived_ohlc4
HNX_CEO,CEO,2021-05-14 09:00:00,689,0,6.35,6.74,6.22,6.42,3554534,22864539.955,derived_ohlc4
HNX_CEO,CEO,2021-05-17 09:00:00,690,0,6.48,6.55,6.29,6.29,1385121,8868237.2025,derived_ohlc4
HNX_CEO,CEO,2021-05-18 09:00:00,691,0,6.29,6.35,6.09,6.22,2577680,16078279.0,derived_ohlc4
HNX_CEO,CEO,2021-05-19 09:00:00,692,0,6.09,6.22,6.03,6.09,2195000,13405962.5,derived_ohlc4
HNX_CEO,CEO,2021-05-20 09:00:00,693,0,6.09,6.16,5.9,5.9,3569059,21458967.237499997,derived_ohlc4
HNX_CEO,CEO,2021-05-21 09:00:00,694,0,5.84,6.16,5.7,6.03,2646023,15697531.4475,derived_ohlc4
HNX_CEO,CEO,2021-05-24 09:00:00,695,0,6.03,6.48,5.96,6.42,3689202,22956059.445,derived_ohlc4
HNX_CEO,CEO,2021-05-25 09:00:00,696,0,6.48,6.55,6.22,6.29,1870674,11944253.49,derived_ohlc4
HNX_CEO,CEO,2021-05-26 09:00:00,697,0,6.29,6.29,6.09,6.16,2166240,13446934.8,derived_ohlc4
HNX_CEO,CEO,2021-05-27 09:00:00,698,0,6.22,6.29,6.03,6.09,2447205,15068664.7875,derived_ohlc4
HNX_CEO,CEO,2021-05-28 09:00:00,699,0,6.09,6.22,6.03,6.16,4152864,25436292.0,derived_ohlc4
HNX_CEO,CEO,2021-05-31 09:00:00,700,0,6.16,6.68,6.09,6.55,7646401,48707574.37,derived_ohlc4
HNX_CEO,CEO,2021-06-01 09:00:00,701,0,6.42,7.0,6.42,6.81,5853108,38996332.05,derived_ohlc4
HNX_CEO,CEO,2021-06-02 09:00:00,702,0,6.81,6.94,6.55,6.74,5172524,34966262.24,derived_ohlc4
HNX_CEO,CEO,2021-06-03 09:00:00,703,0,6.22,6.94,6.22,6.74,4749792,31016141.759999998,derived_ohlc4
HNX_CEO,CEO,2021-06-04 09:00:00,704,0,6.81,7.2,6.68,7.0,8899954,61609931.565,derived_ohlc4
HNX_CEO,CEO,2021-06-07 09:00:00,705,0,7.0,7.59,7.0,7.33,7365339,53251400.970000006,derived_ohlc4
HNX_CEO,CEO,2021-06-08 09:00:00,706,0,7.33,7.72,6.61,6.61,6397331,45213136.8425,derived_ohlc4
HNX_CEO,CEO,2021-06-09 09:00:00,707,0,6.61,6.94,6.48,6.74,4179140,27968894.450000003,derived_ohlc4
HNX_CEO,CEO,2021-06-10 09:00:00,708,0,6.74,7.0,6.61,6.68,3879293,26214322.4475,derived_ohlc4
HNX_CEO,CEO,2021-06-11 09:00:00,709,0,6.68,6.87,6.48,6.74,2047632,13703777.160000002,derived_ohlc4
HNX_CEO,CEO,2021-06-14 09:00:00,710,0,6.81,6.94,6.61,6.74,3627452,24575987.3,derived_ohlc4
HNX_CEO,CEO,2021-06-15 09:00:00,711,0,6.22,6.87,6.22,6.61,2384550,15451883.999999998,derived_ohlc4
HNX_CEO,CEO,2021-06-16 09:00:00,712,0,6.61,6.87,6.55,6.74,3892252,26048896.51,derived_ohlc4
HNX_CEO,CEO,2021-06-17 09:00:00,713,0,6.74,6.74,6.55,6.74,2535231,16967033.4675,derived_ohlc4
HNX_CEO,CEO,2021-06-18 09:00:00,714,0,6.68,7.13,6.68,7.0,7247477,49808285.6825,derived_ohlc4
HNX_CEO,CEO,2021-06-21 09:00:00,715,0,7.0,7.13,6.87,7.0,3856114,26992798.0,derived_ohlc4
HNX_CEO,CEO,2021-06-22 09:00:00,716,0,7.0,7.33,6.94,7.13,6902094,49004867.4,derived_ohlc4
HNX_CEO,CEO,2021-06-23 09:00:00,717,0,7.13,7.2,6.81,6.81,2949786,20611629.675,derived_ohlc4
HNX_CEO,CEO,2021-06-24 09:00:00,718,0,6.87,6.94,6.68,6.68,2529534,17181859.695,derived_ohlc4
HNX_CEO,CEO,2021-06-25 09:00:00,719,0,6.68,6.87,6.55,6.68,3217800,21543171.0,derived_ohlc4
HNX_CEO,CEO,2021-06-28 09:00:00,720,0,6.68,6.81,6.61,6.68,2514713,16836003.535,derived_ohlc4
HNX_CEO,CEO,2021-06-29 09:00:00,721,0,6.48,6.81,6.16,6.55,3013906,19590389.0,derived_ohlc4
HNX_CEO,CEO,2021-06-30 09:00:00,722,0,6.55,6.61,6.35,6.42,4335540,28105138.05,derived_ohlc4
HNX_CEO,CEO,2021-07-01 09:00:00,723,0,6.42,6.48,6.29,6.48,4078065,26170982.137500003,derived_ohlc4
HNX_CEO,CEO,2021-07-02 09:00:00,724,0,6.48,6.61,6.29,6.35,4403027,28322471.1775,derived_ohlc4
HNX_CEO,CEO,2021-07-05 09:00:00,725,0,6.48,6.48,6.09,6.09,4094061,25731173.385,derived_ohlc4
HNX_CEO,CEO,2021-07-06 09:00:00,726,0,6.09,6.22,5.9,5.9,4333535,26120382.2125,derived_ohlc4
HNX_CEO,CEO,2021-07-07 09:00:00,727,0,5.9,5.96,5.58,5.77,2936649,17039905.822499998,derived_ohlc4
HNX_CEO,CEO,2021-07-08 09:00:00,728,0,5.77,5.96,5.77,5.84,1661242,9693347.07,derived_ohlc4
HNX_CEO,CEO,2021-07-09 09:00:00,729,0,5.84,5.84,5.45,5.51,2199394,12448570.040000001,derived_ohlc4
HNX_CEO,CEO,2021-07-12 09:00:00,730,0,5.51,5.58,4.99,5.12,4650649,24648439.7,derived_ohlc4
HNX_CEO,CEO,2021-07-13 09:00:00,731,0,5.12,5.32,5.12,5.32,1909019,9965079.180000002,derived_ohlc4
HNX_CEO,CEO,2021-07-14 09:00:00,732,0,5.32,5.38,5.12,5.25,1454715,7662711.2625,derived_ohlc4
HNX_CEO,CEO,2021-07-15 09:00:00,733,0,5.25,5.45,5.19,5.45,2006833,10706454.055,derived_ohlc4
HNX_CEO,CEO,2021-07-16 09:00:00,734,0,5.45,5.45,5.32,5.32,1060548,5711050.9799999995,derived_ohlc4
HNX_CEO,CEO,2021-07-19 09:00:00,735,0,5.38,5.38,4.99,4.99,2005502,10398527.870000001,derived_ohlc4
HNX_CEO,CEO,2021-07-20 09:00:00,736,0,4.99,5.25,4.99,5.25,2127607,10893347.84,derived_ohlc4
HNX_CEO,CEO,2021-07-21 09:00:00,737,0,5.25,5.32,5.12,5.12,1038808,5404398.620000001,derived_ohlc4
HNX_CEO,CEO,2021-07-22 09:00:00,738,0,5.12,5.58,5.12,5.58,4199564,22467667.4,derived_ohlc4
HNX_CEO,CEO,2021-07-23 09:00:00,739,0,5.84,5.9,5.51,5.58,3718659,21224246.2425,derived_ohlc4
HNX_CEO,CEO,2021-07-26 09:00:00,740,0,5.58,5.64,5.45,5.58,1674160,9312515.0,derived_ohlc4
HNX_CEO,CEO,2021-07-27 09:00:00,741,0,5.58,5.64,5.45,5.64,3134286,17481480.165,derived_ohlc4
HNX_CEO,CEO,2021-07-28 09:00:00,742,0,5.64,5.64,5.51,5.51,1150625,6414734.374999999,derived_ohlc4
HNX_CEO,CEO,2021-07-29 09:00:00,743,0,5.51,5.64,5.51,5.58,2259362,12562052.719999997,derived_ohlc4
HNX_CEO,CEO,2021-07-30 09:00:00,744,0,5.58,5.64,5.51,5.58,2109857,11767727.417499997,derived_ohlc4
HNX_CEO,CEO,2021-08-02 09:00:00,745,0,5.51,5.51,5.32,5.38,3007413,16330252.59,derived_ohlc4
HNX_CEO,CEO,2021-08-03 09:00:00,746,0,5.38,5.7,5.32,5.58,3164514,17389004.429999996,derived_ohlc4
HNX_CEO,CEO,2021-08-04 09:00:00,747,0,5.58,5.58,5.45,5.45,1850296,10204382.44,derived_ohlc4
HNX_CEO,CEO,2021-08-05 09:00:00,748,0,5.51,5.7,5.38,5.64,3460994,19234474.155,derived_ohlc4
HNX_CEO,CEO,2021-08-06 09:00:00,749,0,5.64,6.03,5.64,5.84,7417671,42929770.912499994,derived_ohlc4
HNX_CEO,CEO,2021-08-09 09:00:00,750,0,5.84,6.09,5.77,6.03,3248349,19270830.4425,derived_ohlc4
HNX_CEO,CEO,2021-08-10 09:00:00,751,0,6.03,6.09,5.84,5.9,2751590,16413234.35,derived_ohlc4
HNX_CEO,CEO,2021-08-11 09:00:00,752,0,5.9,6.03,5.84,5.84,3843217,22684588.3425,derived_ohlc4
HNX_CEO,CEO,2021-08-12 09:00:00,753,0,5.84,6.29,5.84,6.16,5608367,33832473.9275,derived_ohlc4
HNX_CEO,CEO,2021-08-13 09:00:00,754,0,6.16,6.16,5.9,6.09,2285697,13891323.5175,derived_ohlc4
HNX_CEO,CEO,2021-08-16 09:00:00,755,0,6.09,6.29,6.03,6.22,4251057,26175883.4775,derived_ohlc4
HNX_CEO,CEO,2021-08-17 09:00:00,756,0,6.22,6.35,6.09,6.16,2917428,18102640.74,derived_ohlc4
HNX_CEO,CEO,2021-08-18 09:00:00,757,0,6.16,6.22,6.09,6.09,2164300,13288802.0,derived_ohlc4
HNX_CEO,CEO,2021-08-19 09:00:00,758,0,6.09,6.09,5.96,6.03,2609159,15765843.2575,derived_ohlc4
HNX_CEO,CEO,2021-08-20 09:00:00,759,0,6.03,6.03,5.64,5.7,5869428,34336153.8,derived_ohlc4
HNX_CEO,CEO,2021-08-23 09:00:00,760,0,5.7,5.77,5.51,5.51,2366084,13303307.289999997,derived_ohlc4
HNX_CEO,CEO,2021-08-24 09:00:00,761,0,5.51,5.64,5.45,5.58,2061979,11433673.555,derived_ohlc4
HNX_CEO,CEO,2021-08-25 09:00:00,762,0,5.64,5.64,5.38,5.58,1653609,9194066.040000001,derived_ohlc4
HNX_CEO,CEO,2021-08-26 09:00:00,763,0,5.58,5.64,5.51,5.58,1052305,5869231.137499998,derived_ohlc4
HNX_CEO,CEO,2021-08-27 09:00:00,764,0,5.51,5.84,5.45,5.84,2800321,15849816.860000001,derived_ohlc4
HNX_CEO,CEO,2021-08-30 09:00:00,765,0,5.84,5.96,5.7,5.84,2651805,15473282.175,derived_ohlc4
HNX_CEO,CEO,2021-08-31 09:00:00,766,0,5.84,6.16,5.77,6.03,3580986,21306866.7,derived_ohlc4
HNX_CEO,CEO,2021-09-01 09:00:00,767,0,6.03,6.09,5.9,6.03,2139382,12863034.275000002,derived_ohlc4
HNX_CEO,CEO,2021-09-06 09:00:00,768,0,6.03,6.61,6.03,6.55,13855682,87360075.01,derived_ohlc4
HNX_CEO,CEO,2021-09-07 09:00:00,769,0,6.61,6.68,6.22,6.29,4744241,30600354.449999996,derived_ohlc4
HNX_CEO,CEO,2021-09-08 09:00:00,770,0,6.22,6.42,6.16,6.22,2595682,16235990.91,derived_ohlc4
HNX_CEO,CEO,2021-09-09 09:00:00,771,0,6.22,6.81,6.22,6.81,12383751,80680137.765,derived_ohlc4
HNX_CEO,CEO,2021-09-10 09:00:00,772,0,6.81,7.2,6.81,6.81,7204402,49764406.815,derived_ohlc4
HNX_CEO,CEO,2021-09-13 09:00:00,773,0,6.81,6.94,6.55,6.61,6811913,45827144.7075,derived_ohlc4
HNX_CEO,CEO,2021-09-14 09:00:00,774,0,6.61,6.81,6.48,6.74,4858447,32357257.02,derived_ohlc4
HNX_CEO,CEO,2021-09-15 09:00:00,775,0,6.74,7.13,6.68,6.81,5281108,36122778.72,derived_ohlc4
HNX_CEO,CEO,2021-09-16 09:00:00,776,0,6.81,6.94,6.74,6.94,3333722,22860998.615000002,derived_ohlc4
HNX_CEO,CEO,2021-09-17 09:00:00,777,0,6.87,7.46,6.87,7.13,11968275,84765307.6875,derived_ohlc4
HNX_CEO,CEO,2021-09-20 09:00:00,778,0,7.2,7.39,6.94,6.94,6097331,43397753.392500006,derived_ohlc4
HNX_CEO,CEO,2021-09-21 09:00:00,779,0,6.94,6.94,6.55,6.81,7493800,51032778.0,derived_ohlc4
HNX_CEO,CEO,2021-09-22 09:00:00,780,0,6.74,7.2,6.61,7.2,8517118,59087506.125,derived_ohlc4
HNX_CEO,CEO,2021-09-23 09:00:00,781,0,7.2,7.46,6.81,6.94,4087798,29033585.295,derived_ohlc4
HNX_CEO,CEO,2021-09-24 09:00:00,782,0,6.94,7.0,6.68,6.74,3330507,22780667.88,derived_ohlc4
HNX_CEO,CEO,2021-09-27 09:00:00,783,0,6.74,6.81,6.29,6.29,6934283,45298203.6975,derived_ohlc4
HNX_CEO,CEO,2021-09-28 09:00:00,784,0,6.29,6.48,6.09,6.48,3988979,25270181.965,derived_ohlc4
HNX_CEO,CEO,2021-09-29 09:00:00,785,0,6.48,6.61,6.29,6.48,2096580,13554389.7,derived_ohlc4
HNX_CEO,CEO,2021-09-30 09:00:00,786,0,6.48,6.74,6.42,6.68,2017272,13273649.76,derived_ohlc4
HNX_CEO,CEO,2021-10-01 09:00:00,787,0,6.61,6.68,6.48,6.48,2680404,17590151.25,derived_ohlc4
HNX_CEO,CEO,2021-10-04 09:00:00,788,0,6.55,6.74,6.48,6.61,3378875,22283680.625,derived_ohlc4
HNX_CEO,CEO,2021-10-05 09:00:00,789,0,6.68,7.0,6.55,7.0,7395370,50343981.275,derived_ohlc4
HNX_CEO,CEO,2021-10-06 09:00:00,790,0,7.0,7.2,6.87,7.0,5902861,41423327.0675,derived_ohlc4
HNX_CEO,CEO,2021-10-07 09:00:00,791,0,7.0,7.33,7.0,7.26,7906957,56514975.15749999,derived_ohlc4
HNX_CEO,CEO,2021-10-08 09:00:00,792,0,7.26,7.33,6.94,7.0,6303049,44956496.9925,derived_ohlc4
HNX_CEO,CEO,2021-10-11 09:00:00,793,0,6.42,7.13,6.42,7.0,2206790,14879281.575,derived_ohlc4
HNX_CEO,CEO,2021-10-12 09:00:00,794,0,7.0,7.07,6.87,7.0,2524595,17634296.075,derived_ohlc4
HNX_CEO,CEO,2021-10-13 09:00:00,795,0,6.81,7.26,6.81,7.0,4058764,28289585.08,derived_ohlc4
HNX_CEO,CEO,2021-10-14 09:00:00,796,0,7.0,7.46,7.0,7.26,8734971,62717091.78,derived_ohlc4
HNX_CEO,CEO,2021-10-15 09:00:00,797,0,7.26,7.39,7.13,7.26,2950496,21420600.96,derived_ohlc4
HNX_CEO,CEO,2021-10-18 09:00:00,798,0,7.26,7.39,7.13,7.13,3755015,27139370.912499998,derived_ohlc4
HNX_CEO,CEO,2021-10-19 09:00:00,799,0,7.07,7.2,7.0,7.07,3692112,26158613.52,derived_ohlc4
HNX_CEO,CEO,2021-10-20 09:00:00,800,0,7.13,7.13,6.87,7.0,4729567,33260679.9275,derived_ohlc4
HNX_CEO,CEO,2021-10-21 09:00:00,801,0,7.0,7.13,6.87,6.94,2950418,20608669.73,derived_ohlc4
HNX_CEO,CEO,2021-10-22 09:00:00,802,0,7.0,7.52,6.94,7.46,11585114,83760374.22,derived_ohlc4
HNX_CEO,CEO,2021-10-25 09:00:00,803,0,7.46,7.78,7.46,7.52,6070870,45865422.85,derived_ohlc4
HNX_CEO,CEO,2021-10-26 09:00:00,804,0,7.52,7.52,7.33,7.52,3589759,26824474.127499998,derived_ohlc4
HNX_CEO,CEO,2021-10-27 09:00:00,805,0,7.52,7.65,7.46,7.52,6319161,47630676.037499994,derived_ohlc4
HNX_CEO,CEO,2021-10-28 09:00:00,806,0,7.52,7.72,7.52,7.65,5499798,41812214.294999994,derived_ohlc4
HNX_CEO,CEO,2021-10-29 09:00:00,807,0,7.65,8.17,7.52,7.98,12717745,99579943.35,derived_ohlc4
HNX_CEO,CEO,2021-11-01 09:00:00,808,0,8.1,8.17,7.84,7.84,7689189,61417397.137499996,derived_ohlc4
HNX_CEO,CEO,2021-11-02 09:00:00,809,0,7.84,8.56,7.78,8.43,10684861,87108329.3025,derived_ohlc4
HNX_CEO,CEO,2021-11-03 09:00:00,810,0,8.49,8.95,7.65,7.78,15848411,130234317.39249998,derived_ohlc4
HNX_CEO,CEO,2021-11-04 09:00:00,811,0,7.78,8.17,7.72,8.04,6593933,52273403.857499994,derived_ohlc4
HNX_CEO,CEO,2021-11-05 09:00:00,812,0,8.1,8.23,7.98,8.1,3712382,30079575.154999997,derived_ohlc4
HNX_CEO,CEO,2021-11-08 09:00:00,813,0,8.1,8.88,8.1,8.88,13383489,113625821.61,derived_ohlc4
HNX_CEO,CEO,2021-11-09 09:00:00,814,0,8.95,9.72,8.95,9.72,17022766,158907520.61,derived_ohlc4
HNX_CEO,CEO,2021-11-10 09:00:00,815,0,9.72,10.7,9.72,10.7,6425683,65606223.43000001,derived_ohlc4
HNX_CEO,CEO,2021-11-11 09:00:00,816,0,11.74,11.74,11.35,11.74,13161534,153233159.595,derived_ohlc4
HNX_CEO,CEO,2021-11-12 09:00:00,817,0,12.9,12.9,12.64,12.9,4461806,57267280.01,derived_ohlc4
HNX_CEO,CEO,2021-11-15 09:00:00,818,0,14.13,14.13,14.13,14.13,3043078,42998692.14,derived_ohlc4
HNX_CEO,CEO,2021-11-16 09:00:00,819,0,15.5,15.5,14.13,15.5,19569277,296621316.1275,derived_ohlc4
HNX_CEO,CEO,2021-11-17 09:00:00,820,0,16.99,16.99,15.5,16.99,7294799,121221322.3825,derived_ohlc4
HNX_CEO,CEO,2021-11-18 09:00:00,821,0,18.67,18.67,17.18,18.67,3416188,62507699.93,derived_ohlc4
HNX_CEO,CEO,2021-11-19 09:00:00,822,0,20.49,20.49,18.8,20.42,13201336,264686786.8,derived_ohlc4
HNX_CEO,CEO,2021-11-22 09:00:00,823,0,21.72,22.43,18.41,19.06,11165428,227830558.34,derived_ohlc4
HNX_CEO,CEO,2021-11-23 09:00:00,824,0,18.93,20.94,17.5,20.75,5309551,103695531.03,derived_ohlc4
HNX_CEO,CEO,2021-11-24 09:00:00,825,0,20.75,22.82,20.75,22.82,3524375,76778509.37499999,derived_ohlc4
HNX_CEO,CEO,2021-11-25 09:00:00,826,0,25.09,25.09,23.54,25.09,1681538,41538192.445,derived_ohlc4
HNX_CEO,CEO,2021-11-26 09:00:00,827,0,27.56,27.56,25.93,27.56,5712234,155101433.685,derived_ohlc4
HNX_CEO,CEO,2021-11-29 09:00:00,828,0,29.18,30.21,26.32,29.18,10762221,309117892.6725,derived_ohlc4
HNX_CEO,CEO,2021-11-30 09:00:00,829,0,29.18,31.44,26.26,26.26,10305268,291484505.38000005,derived_ohlc4
HNX_CEO,CEO,2021-12-01 09:00:00,830,0,23.66,27.23,23.66,24.9,6603180,164171562.74999997,derived_ohlc4
HNX_CEO,CEO,2021-12-02 09:00:00,831,0,24.9,27.36,24.9,27.36,4923884,128661088.92,derived_ohlc4
HNX_CEO,CEO,2021-12-03 09:00:00,832,0,29.82,30.08,26.91,28.2,7541814,216846007.035,derived_ohlc4
HNX_CEO,CEO,2021-12-06 09:00:00,833,0,28.2,28.2,25.42,25.42,5692400,152613244.0,derived_ohlc4
HNX_CEO,CEO,2021-12-07 09:00:00,834,0,24.7,27.62,23.73,27.17,6101415,157447014.075,derived_ohlc4
HNX_CEO,CEO,2021-12-08 09:00:00,835,0,27.23,27.94,25.87,25.87,2869127,76684591.89250001,derived_ohlc4
HNX_CEO,CEO,2021-12-09 09:00:00,836,0,25.93,26.58,25.16,25.48,2353922,60701763.575,derived_ohlc4
HNX_CEO,CEO,2021-12-10 09:00:00,837,0,25.48,26.52,24.64,24.7,3543005,89762031.675,derived_ohlc4
HNX_CEO,CEO,2021-12-13 09:00:00,838,0,24.96,27.1,23.86,26.58,4685845,120074778.125,derived_ohlc4
HNX_CEO,CEO,2021-12-14 09:00:00,839,0,27.81,27.94,26.39,26.71,3675957,100031979.8625,derived_ohlc4
HNX_CEO,CEO,2021-12-15 09:00:00,840,0,26.71,29.37,26.71,29.37,7808623,218953788.92,derived_ohlc4
HNX_CEO,CEO,2021-12-16 09:00:00,841,0,30.15,32.29,29.82,32.22,10031258,312172748.96,derived_ohlc4
HNX_CEO,CEO,2021-12-17 09:00:00,842,0,33.71,35.08,32.55,34.36,8520407,289054807.47499996,derived_ohlc4
HNX_CEO,CEO,2021-12-20 09:00:00,843,0,34.36,36.63,32.22,36.31,7672375,267612440.00000003,derived_ohlc4
HNX_CEO,CEO,2021-12-21 09:00:00,844,0,37.73,39.94,35.27,39.94,9370475,358139554.5,derived_ohlc4
HNX_CEO,CEO,2021-12-22 09:00:00,845,0,40.2,43.89,40.13,42.66,11348001,473438601.71999997,derived_ohlc4
HNX_CEO,CEO,2021-12-23 09:00:00,846,0,42.79,44.74,38.45,38.45,13356546,549054214.695,derived_ohlc4
HNX_CEO,CEO,2021-12-24 09:00:00,847,0,38.45,40.07,36.05,37.6,9537493,362830077.45250005,derived_ohlc4
HNX_CEO,CEO,2021-12-27 09:00:00,848,0,38.25,41.36,37.47,41.36,8924462,353497939.82,derived_ohlc4
HNX_CEO,CEO,2021-12-28 09:00:00,849,0,42.73,45.45,42.14,45.45,9852259,432932891.10749996,derived_ohlc4
HNX_CEO,CEO,2021-12-29 09:00:00,850,0,48.63,49.6,44.41,45.9,9805210,462168573.34999996,derived_ohlc4
HNX_CEO,CEO,2021-12-30 09:00:00,851,0,46.03,47.2,44.28,45.84,5402587,247641081.61249998,derived_ohlc4
HNX_CEO,CEO,2021-12-31 09:00:00,852,0,46.03,47.14,43.44,45.97,6625338,302413553.01000005,derived_ohlc4
HNX_CEO,CEO,2022-01-04 09:00:00,853,0,46.03,50.51,46.03,50.51,4285793,206875228.10999998,derived_ohlc4
HNX_CEO,CEO,2022-01-05 09:00:00,854,0,50.57,55.5,50.57,55.5,6618058,350988706.03,derived_ohlc4
HNX_CEO,CEO,2022-01-06 09:00:00,855,0,55.89,59.26,51.87,56.02,8924650,497638484.00000006,derived_ohlc4
HNX_CEO,CEO,2022-01-07 09:00:00,856,0,57.05,60.94,54.46,59.97,6759445,392757551.72499996,derived_ohlc4
HNX_CEO,CEO,2022-01-10 09:00:00,857,0,59.97,64.83,54.01,54.01,9699352,564550783.16,derived_ohlc4
HNX_CEO,CEO,2022-01-11 09:00:00,858,0,54.01,59.39,51.93,59.39,9345198,525013223.64000005,derived_ohlc4
HNX_CEO,CEO,2022-01-12 09:00:00,859,0,53.49,60.94,53.49,53.49,11170803,618331873.0575001,derived_ohlc4
HNX_CEO,CEO,2022-01-13 09:00:00,860,0,53.49,55.11,48.17,48.17,5791411,296722942.585,derived_ohlc4
HNX_CEO,CEO,2022-01-14 09:00:00,861,0,43.37,50.57,43.37,46.1,11441525,524622525.0625,derived_ohlc4
HNX_CEO,CEO,2022-01-17 09:00:00,862,0,46.36,48.95,41.49,41.49,7706641,343504255.9725,derived_ohlc4
HNX_CEO,CEO,2022-01-18 09:00:00,863,0,37.34,41.36,37.34,37.34,3375090,129417826.05,derived_ohlc4
HNX_CEO,CEO,2022-01-19 09:00:00,864,0,33.65,33.78,33.65,33.65,737127,24828280.177500002,derived_ohlc4
HNX_CEO,CEO,2022-01-20 09:00:00,865,0,30.34,36.96,30.34,36.96,11359839,382258582.34999996,derived_ohlc4
HNX_CEO,CEO,2022-01-21 09:00:00,866,0,40.65,40.65,40.52,40.65,3555688,144423157.34,derived_ohlc4
HNX_CEO,CEO,2022-01-24 09:00:00,867,0,44.67,44.67,36.96,36.96,10548732,430546496.58000004,derived_ohlc4
HNX_CEO,CEO,2022-01-25 09:00:00,868,0,35.66,40.65,33.58,40.65,7706226,290023815.51,derived_ohlc4
HNX_CEO,CEO,2022-01-26 09:00:00,869,0,43.12,44.67,40.85,44.41,5969069,258236847.61249998,derived_ohlc4
HNX_CEO,CEO,2022-01-27 09:00:00,870,0,44.41,46.03,40.0,40.2,5729606,244424991.95999998,derived_ohlc4
HNX_CEO,CEO,2022-01-28 09:00:00,871,0,40.2,41.1,36.31,40.2,6641804,262035772.31,derived_ohlc4
HNX_CEO,CEO,2022-02-07 09:00:00,872,0,40.52,42.21,36.18,36.18,4895488,189810308.48000002,derived_ohlc4
HNX_CEO,CEO,2022-02-08 09:00:00,873,0,32.94,36.24,32.61,32.61,6916337,232388923.20000002,derived_ohlc4
HNX_CEO,CEO,2022-02-09 09:00:00,874,0,29.5,35.85,29.37,35.85,9170327,299342399.09749997,derived_ohlc4
HNX_CEO,CEO,2022-02-10 09:00:00,875,0,37.6,39.42,37.02,39.42,5510922,211426522.53000006,derived_ohlc4
HNX_CEO,CEO,2022-02-11 09:00:00,876,0,39.48,40.2,35.66,35.98,4632485,175246907.54999998,derived_ohlc4
HNX_CEO,CEO,2022-02-14 09:00:00,877,0,36.05,39.22,33.07,37.93,5591849,204479938.3075,derived_ohlc4
HNX_CEO,CEO,2022-02-15 09:00:00,878,0,38.58,40.39,37.6,39.48,4230967,165060600.08749998,derived_ohlc4
HNX_CEO,CEO,2022-02-16 09:00:00,879,0,39.68,43.37,39.68,43.37,6304829,261808024.225,derived_ohlc4
HNX_CEO,CEO,2022-02-17 09:00:00,880,0,43.37,47.26,42.14,43.18,6319033,277958464.0875,derived_ohlc4
HNX_CEO,CEO,2022-02-18 09:00:00,881,0,43.12,47.33,41.17,46.36,5756266,256125055.67000002,derived_ohlc4
HNX_CEO,CEO,2022-02-21 09:00:00,882,0,46.55,50.31,46.36,47.72,5582032,266458297.52,derived_ohlc4
HNX_CEO,CEO,2022-02-22 09:00:00,883,0,47.72,47.98,42.98,42.98,14956046,679228829.0899999,derived_ohlc4
HNX_CEO,CEO,2022-02-23 09:00:00,884,0,41.49,46.42,38.9,45.19,5504330,236686190.0,derived_ohlc4
HNX_CEO,CEO,2022-02-24 09:00:00,885,0,44.74,45.51,40.72,42.01,13472391,582613548.795,derived_ohlc4
HNX_CEO,CEO,2022-02-25 09:00:00,886,0,42.01,44.09,42.01,42.98,3892091,166474462.29749998,derived_ohlc4
HNX_CEO,CEO,2022-02-28 09:00:00,887,0,43.31,43.76,41.3,42.6,3740591,159882210.8175,derived_ohlc4
HNX_CEO,CEO,2022-03-01 09:00:00,888,0,42.66,46.62,42.27,46.55,8169767,363758875.6750001,derived_ohlc4
HNX_CEO,CEO,2022-03-02 09:00:00,889,0,46.55,47.14,44.8,45.38,5977069,274750919.2575,derived_ohlc4
HNX_CEO,CEO,2022-03-03 09:00:00,890,0,45.38,46.49,44.74,45.45,4216129,191897111.435,derived_ohlc4
HNX_CEO,CEO,2022-03-04 09:00:00,891,0,45.45,47.98,44.93,45.84,6595432,303719643.6,derived_ohlc4
HNX_CEO,CEO,2022-03-07 09:00:00,892,0,45.84,46.62,44.93,45.38,4806397,219616294.9225,derived_ohlc4
HNX_CEO,CEO,2022-03-08 09:00:00,893,0,45.06,45.38,41.1,41.82,8916240,386429841.59999996,derived_ohlc4
HNX_CEO,CEO,2022-03-09 09:00:00,894,0,41.69,43.44,40.26,42.21,5986082,250816835.79999998,derived_ohlc4
HNX_CEO,CEO,2022-03-10 09:00:00,895,0,42.79,44.61,42.79,43.18,3178429,137761058.9325,derived_ohlc4
HNX_CEO,CEO,2022-03-11 09:00:00,896,0,43.44,43.44,40.85,41.75,4243020,179776757.39999998,derived_ohlc4
HNX_CEO,CEO,2022-03-14 09:00:00,897,0,41.75,45.38,40.52,43.5,6716469,287380917.33750004,derived_ohlc4
HNX_CEO,CEO,2022-03-15 09:00:00,898,0,43.5,45.12,43.5,44.74,3989480,176394858.20000002,derived_ohlc4
HNX_CEO,CEO,2022-03-16 09:00:00,899,0,44.74,46.68,44.22,44.28,4307959,193771995.82,derived_ohlc4
HNX_CEO,CEO,2022-03-17 09:00:00,900,0,44.74,47.33,44.15,44.41,3870835,174797231.5125,derived_ohlc4
HNX_CEO,CEO,2022-03-18 09:00:00,901,0,44.41,46.62,44.28,45.38,7476724,337742314.89,derived_ohlc4
HNX_CEO,CEO,2022-03-21 09:00:00,902,0,45.45,48.56,45.38,48.11,7640759,358160578.125,derived_ohlc4
HNX_CEO,CEO,2022-03-22 09:00:00,903,0,49.66,49.66,47.33,47.46,7937295,385177083.11249995,derived_ohlc4
HNX_CEO,CEO,2022-03-23 09:00:00,904,0,47.72,48.11,46.68,47.26,6337804,300681266.27,derived_ohlc4
HNX_CEO,CEO,2022-03-24 09:00:00,905,0,47.26,48.63,46.68,47.0,7023978,332883877.365,derived_ohlc4
HNX_CEO,CEO,2022-03-25 09:00:00,906,0,47.0,47.26,46.03,46.03,5668769,264051260.01999998,derived_ohlc4
HNX_CEO,CEO,2022-03-28 09:00:00,907,0,46.03,46.03,41.43,42.79,14004870,617194620.9,derived_ohlc4
HNX_CEO,CEO,2022-03-29 09:00:00,908,0,42.66,46.55,41.82,45.45,4258188,187871254.56000003,derived_ohlc4
HNX_CEO,CEO,2022-03-30 09:00:00,909,0,44.74,45.71,41.49,42.73,6646766,290247654.305,derived_ohlc4
HNX_CEO,CEO,2022-03-31 09:00:00,910,0,40.26,43.44,40.26,41.49,3911429,161786482.0125,derived_ohlc4
HNX_CEO,CEO,2022-04-01 09:00:00,911,0,41.49,43.44,40.39,43.37,3786975,159706203.1875,derived_ohlc4
HNX_CEO,CEO,2022-04-04 09:00:00,912,0,43.44,44.41,42.14,42.14,3601065,154962829.61249998,derived_ohlc4
HNX_CEO,CEO,2022-04-05 09:00:00,913,0,42.14,43.31,41.24,42.14,2676768,112979685.35999998,derived_ohlc4
HNX_CEO,CEO,2022-04-06 09:00:00,914,0,40.98,42.47,39.16,40.13,5463664,222289169.83999997,derived_ohlc4
HNX_CEO,CEO,2022-04-07 09:00:00,915,0,40.13,40.2,36.83,38.06,5463731,212020081.45500004,derived_ohlc4
HNX_CEO,CEO,2022-04-08 09:00:00,916,0,37.99,39.55,37.93,38.64,2781865,107178303.78750001,derived_ohlc4
HNX_CEO,CEO,2022-04-12 09:00:00,917,0,38.9,39.16,35.01,35.01,3511044,129978848.87999998,derived_ohlc4
HNX_CEO,CEO,2022-04-13 09:00:00,918,0,34.95,36.76,33.07,36.63,5050899,178561906.8975,derived_ohlc4
HNX_CEO,CEO,2022-04-14 09:00:00,919,0,36.96,37.86,35.66,35.66,2317185,84658353.975,derived_ohlc4
HNX_CEO,CEO,2022-04-15 09:00:00,920,0,35.66,35.66,33.07,33.71,2753514,95065070.85,derived_ohlc4
HNX_CEO,CEO,2022-04-18 09:00:00,921,0,34.36,36.96,30.8,33.71,4510296,153158376.42,derived_ohlc4
HNX_CEO,CEO,2022-04-19 09:00:00,922,0,33.71,35.01,32.87,33.2,2474368,83380015.68,derived_ohlc4
HNX_CEO,CEO,2022-04-20 09:00:00,923,0,33.39,33.58,30.47,30.47,2768940,88543778.85,derived_ohlc4
HNX_CEO,CEO,2022-04-21 09:00:00,924,0,27.81,30.47,27.42,27.42,5507476,155751421.28,derived_ohlc4
HNX_CEO,CEO,2022-04-22 09:00:00,925,0,24.77,27.88,24.7,24.7,6144539,156762551.23749998,derived_ohlc4
HNX_CEO,CEO,2022-04-25 09:00:00,926,0,24.7,25.93,22.24,22.24,3858712,91750524.57999998,derived_ohlc4
HNX_CEO,CEO,2022-04-26 09:00:00,927,0,20.75,24.44,20.03,24.44,6952626,155843111.79,derived_ohlc4
HNX_CEO,CEO,2022-04-27 09:00:00,928,0,24.64,26.84,24.51,26.84,4542081,116765547.30750002,derived_ohlc4
HNX_CEO,CEO,2022-04-28 09:00:00,929,0,27.88,27.88,25.35,25.48,4464434,118966005.015,derived_ohlc4
HNX_CEO,CEO,2022-04-29 09:00:00,930,0,25.48,27.75,24.7,26.71,5697485,149046207.60000002,derived_ohlc4
HNX_CEO,CEO,2022-05-04 09:00:00,931,0,26.71,26.97,24.64,24.64,3349960,86227970.39999999,derived_ohlc4
HNX_CEO,CEO,2022-05-05 09:00:00,932,0,24.7,25.87,22.24,23.66,3334728,80425302.53999999,derived_ohlc4
HNX_CEO,CEO,2022-05-06 09:00:00,933,0,23.66,23.66,21.59,21.59,3419462,77365327.75,derived_ohlc4
HNX_CEO,CEO,2022-05-09 09:00:00,934,0,21.59,21.59,19.45,19.45,6047941,124103749.32,derived_ohlc4
HNX_CEO,CEO,2022-05-10 09:00:00,935,0,19.45,21.4,17.83,21.4,4430546,88699530.91999999,derived_ohlc4
HNX_CEO,CEO,2022-05-11 09:00:00,936,0,21.4,23.54,21.4,23.54,2789148,62672155.559999995,derived_ohlc4
HNX_CEO,CEO,2022-05-12 09:00:00,937,0,23.79,24.44,21.2,21.2,6143898,139205368.935,derived_ohlc4
HNX_CEO,CEO,2022-05-13 09:00:00,938,0,21.2,21.66,19.19,19.97,6600518,135343621.59,derived_ohlc4
HNX_CEO,CEO,2022-05-16 09:00:00,939,0,19.45,21.91,19.45,21.91,4672798,96633462.64,derived_ohlc4
HNX_CEO,CEO,2022-05-17 09:00:00,940,0,21.91,24.05,21.52,24.05,3682111,84255904.9575,derived_ohlc4
HNX_CEO,CEO,2022-05-18 09:00:00,941,0,24.12,26.06,24.12,24.7,5164946,127832413.5,derived_ohlc4
HNX_CEO,CEO,2022-05-19 09:00:00,942,0,24.83,25.22,22.69,24.77,4591759,111935605.0225,derived_ohlc4
HNX_CEO,CEO,2022-05-20 09:00:00,943,0,24.64,26.91,24.64,25.61,4627547,117771071.14999999,derived_ohlc4
HNX_CEO,CEO,2022-05-23 09:00:00,944,0,25.67,26.84,23.08,23.73,5280038,131103343.54,derived_ohlc4
HNX_CEO,CEO,2022-05-24 09:00:00,945,0,23.73,26.06,22.76,26.06,5185440,127834059.6,derived_ohlc4
HNX_CEO,CEO,2022-05-25 09:00:00,946,0,26.26,28.66,26.19,28.66,7024067,192757958.64749998,derived_ohlc4
HNX_CEO,CEO,2022-05-26 09:00:00,947,0,28.72,29.18,27.81,28.07,4575530,130150950.85,derived_ohlc4
HNX_CEO,CEO,2022-05-27 09:00:00,948,0,28.07,29.76,27.68,28.46,4873614,138861446.895,derived_ohlc4
HNX_CEO,CEO,2022-05-30 09:00:00,949,0,28.46,29.44,27.94,28.59,3780452,108149280.59,derived_ohlc4
HNX_CEO,CEO,2022-05-31 09:00:00,950,0,28.72,29.11,27.42,28.66,6139808,174846382.32,derived_ohlc4
HNX_CEO,CEO,2022-06-01 09:00:00,951,0,28.66,28.66,26.91,27.56,5666286,158358527.985,derived_ohlc4
HNX_CEO,CEO,2022-06-02 09:00:00,952,0,27.56,28.27,25.93,25.93,6167009,166031299.8025,derived_ohlc4
HNX_CEO,CEO,2022-06-03 09:00:00,953,0,25.87,28.14,25.48,27.75,5691829,152597935.49,derived_ohlc4
HNX_CEO,CEO,2022-06-06 09:00:00,954,0,27.75,28.2,26.0,26.0,3544205,95649232.4375,derived_ohlc4
HNX_CEO,CEO,2022-06-07 09:00:00,955,0,25.8,25.93,23.99,25.35,5491393,138753772.6275,derived_ohlc4
HNX_CEO,CEO,2022-06-08 09:00:00,956,0,25.42,27.56,25.42,26.58,4178846,109673813.27000001,derived_ohlc4
HNX_CEO,CEO,2022-06-09 09:00:00,957,0,26.71,27.04,26.19,26.19,2071459,54960985.9175,derived_ohlc4
HNX_CEO,CEO,2022-06-10 09:00:00,958,0,25.8,26.19,24.7,24.7,3751496,95091044.86,derived_ohlc4
HNX_CEO,CEO,2022-06-13 09:00:00,959,0,24.7,24.7,22.24,22.24,6022172,141340376.84,derived_ohlc4
HNX_CEO,CEO,2022-06-14 09:00:00,960,0,22.04,23.34,20.81,22.3,3975437,87946605.0325,derived_ohlc4
HNX_CEO,CEO,2022-06-15 09:00:00,961,0,22.37,22.82,20.1,20.42,4476555,95921382.26249999,derived_ohlc4
HNX_CEO,CEO,2022-06-16 09:00:00,962,0,20.42,22.04,19.77,20.42,3562035,73600548.1875,derived_ohlc4
HNX_CEO,CEO,2022-06-17 09:00:00,963,0,20.42,20.42,18.41,18.41,7113035,138099574.525,derived_ohlc4
HNX_CEO,CEO,2022-06-20 09:00:00,964,0,18.41,19.13,16.6,16.6,5500562,97277438.97000001,derived_ohlc4
HNX_CEO,CEO,2022-06-21 09:00:00,965,0,15.3,16.79,14.98,14.98,5684007,88173158.58750002,derived_ohlc4
HNX_CEO,CEO,2022-06-22 09:00:00,966,0,14.0,16.47,14.0,16.47,3479507,53010289.144999996,derived_ohlc4
HNX_CEO,CEO,2022-06-23 09:00:00,967,0,16.6,18.09,16.6,18.09,3715463,64444705.735,derived_ohlc4
HNX_CEO,CEO,2022-06-24 09:00:00,968,0,18.15,19.26,17.25,17.31,4881372,87828085.71,derived_ohlc4
HNX_CEO,CEO,2022-06-27 09:00:00,969,0,17.25,18.41,16.86,17.64,3476795,60982984.3,derived_ohlc4
HNX_CEO,CEO,2022-06-28 09:00:00,970,0,17.76,19.39,17.64,19.39,6382794,118368914.73,derived_ohlc4
HNX_CEO,CEO,2022-06-29 09:00:00,971,0,19.39,19.9,18.54,18.87,3185260,61077360.5,derived_ohlc4
HNX_CEO,CEO,2022-06-30 09:00:00,972,0,18.87,19.19,16.99,17.05,4436493,79967786.32499999,derived_ohlc4
HNX_CEO,CEO,2022-07-01 09:00:00,973,0,16.66,18.74,15.62,18.15,6278725,108574852.06249999,derived_ohlc4
HNX_CEO,CEO,2022-07-04 09:00:00,974,0,18.8,18.93,17.64,17.96,2383445,43694505.462500006,derived_ohlc4
HNX_CEO,CEO,2022-07-05 09:00:00,975,0,17.96,18.15,16.92,16.99,3085457,54010924.785,derived_ohlc4
HNX_CEO,CEO,2022-07-06 09:00:00,976,0,16.86,18.15,16.21,16.86,4716492,80274693.84,derived_ohlc4
HNX_CEO,CEO,2022-07-07 09:00:00,977,0,17.18,17.57,16.53,17.31,2449842,42008665.695,derived_ohlc4
HNX_CEO,CEO,2022-07-08 09:00:00,978,0,18.15,19.0,17.5,18.93,6385693,117464822.735,derived_ohlc4
HNX_CEO,CEO,2022-07-11 09:00:00,979,0,18.8,19.64,18.15,18.74,6485979,122147199.5175,derived_ohlc4
HNX_CEO,CEO,2022-07-12 09:00:00,980,0,18.74,20.03,18.28,19.45,6968918,133280556.75,derived_ohlc4
HNX_CEO,CEO,2022-07-13 09:00:00,981,0,18.87,19.9,18.48,18.67,5873986,111488254.28,derived_ohlc4
HNX_CEO,CEO,2022-07-14 09:00:00,982,0,18.67,19.32,18.15,19.0,4373031,82147387.335,derived_ohlc4
HNX_CEO,CEO,2022-07-15 09:00:00,983,0,19.13,20.29,18.8,19.71,9800076,190929980.67000002,derived_ohlc4
HNX_CEO,CEO,2022-07-18 09:00:00,984,0,19.9,20.23,18.87,19.13,6750277,131849785.5025,derived_ohlc4
HNX_CEO,CEO,2022-07-19 09:00:00,985,0,19.13,20.1,18.67,19.45,4672045,90345670.18750001,derived_ohlc4
HNX_CEO,CEO,2022-07-20 09:00:00,986,0,19.77,21.33,19.77,21.07,10185385,208647611.725,derived_ohlc4
HNX_CEO,CEO,2022-07-21 09:00:00,987,0,21.01,21.4,20.42,20.55,6023042,125550310.49,derived_ohlc4
HNX_CEO,CEO,2022-07-22 09:00:00,988,0,20.75,20.75,19.84,19.9,4936023,100250627.13000001,derived_ohlc4
HNX_CEO,CEO,2022-07-25 09:00:00,989,0,19.9,20.42,19.13,19.84,5719128,113367414.78000002,derived_ohlc4
HNX_CEO,CEO,2022-07-26 09:00:00,990,0,19.9,20.29,19.39,19.45,4417449,87277748.6175,derived_ohlc4
HNX_CEO,CEO,2022-07-27 09:00:00,991,0,19.32,19.9,19.13,19.84,3949108,77195188.63,derived_ohlc4
HNX_CEO,CEO,2022-07-28 09:00:00,992,0,20.03,21.59,20.03,20.62,9963545,204925211.78750002,derived_ohlc4
HNX_CEO,CEO,2022-07-29 09:00:00,993,0,20.75,21.07,20.29,20.36,4380073,90306155.0775,derived_ohlc4
HNX_CEO,CEO,2022-08-01 09:00:00,994,0,20.1,21.33,20.1,21.27,7136503,147725612.1,derived_ohlc4
HNX_CEO,CEO,2022-08-02 09:00:00,995,0,21.33,22.3,21.33,21.66,9107936,197232354.07999998,derived_ohlc4
HNX_CEO,CEO,2022-08-03 09:00:00,996,0,21.27,21.72,21.07,21.59,5611420,120154530.75000001,derived_ohlc4
HNX_CEO,CEO,2022-08-04 09:00:00,997,0,21.66,22.24,21.07,21.27,7261612,156560354.72,derived_ohlc4
HNX_CEO,CEO,2022-08-05 09:00:00,998,0,21.27,22.69,21.07,22.24,7458566,162727263.70499998,derived_ohlc4
HNX_CEO,CEO,2022-08-08 09:00:00,999,0,22.24,23.02,22.04,22.3,5811201,130170902.39999999,derived_ohlc4
HNX_CEO,CEO,2022-08-09 09:00:00,1000,0,22.3,22.95,22.11,22.56,5381640,120979267.2,derived_ohlc4
HNX_CEO,CEO,2022-08-10 09:00:00,1001,0,22.56,23.99,22.3,23.54,9837969,227232488.97749996,derived_ohlc4
HNX_CEO,CEO,2022-08-11 09:00:00,1002,0,23.66,24.18,22.11,22.37,10381198,239598049.84000003,derived_ohlc4
HNX_CEO,CEO,2022-08-12 09:00:00,1003,0,22.37,22.89,22.04,22.76,4913299,110622926.98500001,derived_ohlc4
HNX_CEO,CEO,2022-08-15 09:00:00,1004,0,22.82,23.15,22.56,22.63,4241541,96664719.39,derived_ohlc4
HNX_CEO,CEO,2022-08-16 09:00:00,1005,0,22.37,22.89,22.37,22.76,4439410,100319567.47500002,derived_ohlc4
HNX_CEO,CEO,2022-08-17 09:00:00,1006,0,22.82,23.6,22.63,22.69,7700160,176603169.6,derived_ohlc4
HNX_CEO,CEO,2022-08-18 09:00:00,1007,0,22.69,22.82,22.17,22.43,4266731,96118782.60250002,derived_ohlc4
HNX_CEO,CEO,2022-08-19 09:00:00,1008,0,22.43,22.76,22.11,22.24,3932375,88026214.37499999,derived_ohlc4
HNX_CEO,CEO,2022-08-22 09:00:00,1009,0,22.24,22.24,20.62,20.75,9436296,202526502.89999998,derived_ohlc4
HNX_CEO,CEO,2022-08-23 09:00:00,1010,0,20.68,21.91,20.1,21.91,4643601,98212161.15,derived_ohlc4
HNX_CEO,CEO,2022-08-24 09:00:00,1011,0,22.04,22.17,21.4,21.59,3147342,68612055.60000001,derived_ohlc4
HNX_CEO,CEO,2022-08-25 09:00:00,1012,0,21.59,22.04,21.46,21.66,3298651,71539493.5625,derived_ohlc4
HNX_CEO,CEO,2022-08-26 09:00:00,1013,0,21.66,22.17,21.01,21.4,4712125,101593415.00000001,derived_ohlc4
HNX_CEO,CEO,2022-08-29 09:00:00,1014,0,20.75,21.2,19.77,20.75,6277456,129425449.08,derived_ohlc4
HNX_CEO,CEO,2022-08-30 09:00:00,1015,0,20.75,21.2,20.23,20.29,3674006,75748818.705,derived_ohlc4
HNX_CEO,CEO,2022-08-31 09:00:00,1016,0,20.23,20.68,19.97,20.49,2798897,56936562.2225,derived_ohlc4
HNX_CEO,CEO,2022-09-05 09:00:00,1017,0,20.49,20.68,20.29,20.29,2086172,42636140.25,derived_ohlc4
HNX_CEO,CEO,2022-09-06 09:00:00,1018,0,20.29,21.07,20.1,20.75,3552497,73012694.5925,derived_ohlc4
HNX_CEO,CEO,2022-09-07 09:00:00,1019,0,20.75,20.88,19.45,19.45,4168389,83920091.5425,derived_ohlc4
HNX_CEO,CEO,2022-09-08 09:00:00,1020,0,19.45,19.9,19.13,19.26,4244787,82497435.345,derived_ohlc4
HNX_CEO,CEO,2022-09-09 09:00:00,1021,0,19.45,19.52,18.02,19.45,5245787,100246989.57,derived_ohlc4
HNX_CEO,CEO,2022-09-12 09:00:00,1022,0,19.45,19.84,19.13,19.13,1930464,37426870.8,derived_ohlc4
HNX_CEO,CEO,2022-09-13 09:00:00,1023,0,19.26,19.26,18.54,19.06,2463919,46888378.57,derived_ohlc4
HNX_CEO,CEO,2022-09-14 09:00:00,1024,0,18.15,19.45,18.15,19.06,4263899,79745571.04749998,derived_ohlc4
HNX_CEO,CEO,2022-09-15 09:00:00,1025,0,19.19,19.32,18.93,18.93,2052390,39185256.075,derived_ohlc4
HNX_CEO,CEO,2022-09-16 09:00:00,1026,0,18.93,18.93,17.31,17.31,5811507,105304506.84,derived_ohlc4
HNX_CEO,CEO,2022-09-19 09:00:00,1027,0,17.31,18.09,16.4,16.73,4867015,83384134.4875,derived_ohlc4
HNX_CEO,CEO,2022-09-20 09:00:00,1028,0,16.86,17.31,16.4,17.31,3166377,53733417.69,derived_ohlc4
HNX_CEO,CEO,2022-09-21 09:00:00,1029,0,17.31,17.5,16.99,17.18,1677715,28932195.174999997,derived_ohlc4
HNX_CEO,CEO,2022-09-22 09:00:00,1030,0,16.73,17.7,16.73,17.5,2428939,41692737.934999995,derived_ohlc4
HNX_CEO,CEO,2022-09-23 09:00:00,1031,0,17.5,17.64,16.86,17.12,2551612,44091855.36,derived_ohlc4
HNX_CEO,CEO,2022-09-26 09:00:00,1032,0,16.79,16.86,15.43,15.5,5195730,83885060.85,derived_ohlc4
HNX_CEO,CEO,2022-09-27 09:00:00,1033,0,15.5,15.88,15.11,15.17,2145005,33065252.075000003,derived_ohlc4
HNX_CEO,CEO,2022-09-28 09:00:00,1034,0,14.91,15.62,14.07,15.04,3122750,46560202.5,derived_ohlc4
HNX_CEO,CEO,2022-09-29 09:00:00,1035,0,15.04,15.69,14.85,14.85,2761569,41720403.6675,derived_ohlc4
HNX_CEO,CEO,2022-09-30 09:00:00,1036,0,14.85,14.85,13.42,14.07,5440842,77790438.49499999,derived_ohlc4
HNX_CEO,CEO,2022-10-03 09:00:00,1037,0,14.07,14.2,12.71,12.71,3784004,50790793.690000005,derived_ohlc4
HNX_CEO,CEO,2022-10-04 09:00:00,1038,0,12.97,13.1,11.54,11.54,5696506,69995817.475,derived_ohlc4
HNX_CEO,CEO,2022-10-05 09:00:00,1039,0,10.44,12.64,10.44,12.64,4145313,47836912.019999996,derived_ohlc4
HNX_CEO,CEO,2022-10-06 09:00:00,1040,0,12.64,13.1,11.67,11.67,3441550,42227818.50000001,derived_ohlc4
HNX_CEO,CEO,2022-10-07 09:00:00,1041,0,11.6,11.74,10.57,10.7,5045728,56272481.519999996,derived_ohlc4
HNX_CEO,CEO,2022-10-10 09:00:00,1042,0,10.7,11.28,9.72,10.76,3956991,42003459.464999996,derived_ohlc4
HNX_CEO,CEO,2022-10-11 09:00:00,1043,0,10.83,10.89,9.72,9.72,4506851,46375496.79,derived_ohlc4
HNX_CEO,CEO,2022-10-12 09:00:00,1044,0,9.14,10.44,9.08,9.72,4643501,44554392.09499999,derived_ohlc4
HNX_CEO,CEO,2022-10-13 09:00:00,1045,0,10.05,10.37,9.86,10.11,3054304,30840834.64,derived_ohlc4
HNX_CEO,CEO,2022-10-14 09:00:00,1046,0,10.24,10.7,10.24,10.44,3676353,38252452.964999996,derived_ohlc4
HNX_CEO,CEO,2022-10-17 09:00:00,1047,0,10.5,10.5,9.79,10.05,2658190,27140119.900000002,derived_ohlc4
HNX_CEO,CEO,2022-10-18 09:00:00,1048,0,9.08,11.02,9.08,11.02,6338551,63702437.550000004,derived_ohlc4
HNX_CEO,CEO,2022-10-19 09:00:00,1049,0,11.09,11.28,10.83,10.83,2873039,31624976.792499997,derived_ohlc4
HNX_CEO,CEO,2022-10-20 09:00:00,1050,0,10.83,10.96,10.37,10.57,2363553,25248654.9225,derived_ohlc4
HNX_CEO,CEO,2022-10-21 09:00:00,1051,0,10.57,10.63,9.53,9.53,5780374,58179464.31000001,derived_ohlc4
HNX_CEO,CEO,2022-10-24 09:00:00,1052,0,9.53,9.86,8.62,8.62,4315067,39515226.052499995,derived_ohlc4
HNX_CEO,CEO,2022-10-25 09:00:00,1053,0,8.62,9.08,7.78,7.78,8979306,74662929.39,derived_ohlc4
HNX_CEO,CEO,2022-10-26 09:00:00,1054,0,7.78,8.3,7.0,7.0,9288026,69845955.52000001,derived_ohlc4
HNX_CEO,CEO,2022-10-27 09:00:00,1055,0,6.35,7.65,6.35,7.65,5334036,37338252.0,derived_ohlc4
HNX_CEO,CEO,2022-10-28 09:00:00,1056,0,6.94,8.36,6.94,8.23,8811525,67121791.6875,derived_ohlc4
HNX_CEO,CEO,2022-10-31 09:00:00,1057,0,8.69,8.82,7.59,8.75,8038131,68022683.58749999,derived_ohlc4
HNX_CEO,CEO,2022-11-01 09:00:00,1058,0,8.62,9.4,8.49,9.21,5418176,48384311.68,derived_ohlc4
HNX_CEO,CEO,2022-11-02 09:00:00,1059,0,9.27,9.34,8.75,8.82,5522973,49955290.785,derived_ohlc4
HNX_CEO,CEO,2022-11-03 09:00:00,1060,0,8.82,9.21,8.36,8.82,5293894,46599501.935,derived_ohlc4
HNX_CEO,CEO,2022-11-04 09:00:00,1061,0,7.98,8.82,7.98,7.98,6971779,57098870.010000005,derived_ohlc4
HNX_CEO,CEO,2022-11-07 09:00:00,1062,0,7.2,7.98,7.2,7.2,5990536,44300013.72,derived_ohlc4
HNX_CEO,CEO,2022-11-08 09:00:00,1063,0,7.2,7.65,6.48,7.46,7542010,54283616.975,derived_ohlc4
HNX_CEO,CEO,2022-11-09 09:00:00,1064,0,7.13,8.17,6.74,7.91,6045994,45269380.074999996,derived_ohlc4
HNX_CEO,CEO,2022-11-10 09:00:00,1065,0,7.78,7.91,7.13,7.13,4688033,35101647.0875,derived_ohlc4
HNX_CEO,CEO,2022-11-11 09:00:00,1066,0,6.42,7.59,6.42,6.48,10103964,67974417.81,derived_ohlc4
HNX_CEO,CEO,2022-11-14 09:00:00,1067,0,6.29,6.55,5.84,5.84,5495233,33685778.29,derived_ohlc4
HNX_CEO,CEO,2022-11-15 09:00:00,1068,0,5.84,5.84,5.25,5.25,4356681,24157796.145,derived_ohlc4
HNX_CEO,CEO,2022-11-16 09:00:00,1069,0,4.73,5.77,4.73,5.77,11028615,57900228.75,derived_ohlc4
HNX_CEO,CEO,2022-11-17 09:00:00,1070,0,6.29,6.29,5.77,6.29,6981872,43008331.52,derived_ohlc4
HNX_CEO,CEO,2022-11-18 09:00:00,1071,0,6.29,6.87,5.7,6.87,12362526,79521948.495,derived_ohlc4
HNX_CEO,CEO,2022-11-21 09:00:00,1072,0,7.0,7.52,7.0,7.52,4180000,30346800.0,derived_ohlc4
HNX_CEO,CEO,2022-11-22 09:00:00,1073,0,8.23,8.23,7.59,8.17,14976238,120633597.08999999,derived_ohlc4
HNX_CEO,CEO,2022-11-23 09:00:00,1074,0,8.04,8.36,7.39,7.46,10479133,81868226.5625,derived_ohlc4
HNX_CEO,CEO,2022-11-24 09:00:00,1075,0,7.2,8.17,7.07,8.17,10866400,83155126.0,derived_ohlc4
HNX_CEO,CEO,2022-11-25 09:00:00,1076,0,8.49,8.95,8.43,8.95,3775925,32869427.124999993,derived_ohlc4
HNX_CEO,CEO,2022-11-28 09:00:00,1077,0,9.08,9.79,9.08,9.79,2068471,19516023.884999998,derived_ohlc4
HNX_CEO,CEO,2022-11-29 09:00:00,1078,0,10.76,10.76,9.79,10.76,22602721,237724118.1175,derived_ohlc4
HNX_CEO,CEO,2022-11-30 09:00:00,1079,0,11.35,11.8,10.89,11.8,7665732,87849288.72000001,derived_ohlc4
HNX_CEO,CEO,2022-12-01 09:00:00,1080,0,12.84,12.97,12.12,12.97,11389821,144935472.225,derived_ohlc4
HNX_CEO,CEO,2022-12-02 09:00:00,1081,0,14.2,14.26,12.19,14.26,17586247,241415205.6925,derived_ohlc4
HNX_CEO,CEO,2022-12-05 09:00:00,1082,0,15.5,15.69,14.26,15.69,7126938,108935247.32999998,derived_ohlc4
HNX_CEO,CEO,2022-12-06 09:00:00,1083,0,17.25,17.25,14.13,14.13,26895274,421986849.06000006,derived_ohlc4
HNX_CEO,CEO,2022-12-07 09:00:00,1084,0,13.23,14.33,12.77,12.77,19622352,260486722.79999998,derived_ohlc4
HNX_CEO,CEO,2022-12-08 09:00:00,1085,0,11.67,14.0,11.67,14.0,3529005,45294779.175000004,derived_ohlc4
HNX_CEO,CEO,2022-12-09 09:00:00,1086,0,14.0,15.37,14.0,15.37,21668346,318199661.01,derived_ohlc4
HNX_CEO,CEO,2022-12-12 09:00:00,1087,0,16.08,16.73,13.88,13.88,13399944,202908652.02,derived_ohlc4
HNX_CEO,CEO,2022-12-13 09:00:00,1088,0,13.62,15.11,12.51,15.11,15685076,220963508.14999998,derived_ohlc4
HNX_CEO,CEO,2022-12-14 09:00:00,1089,0,15.56,16.21,14.59,14.65,7144262,108967856.155,derived_ohlc4
HNX_CEO,CEO,2022-12-15 09:00:00,1090,0,14.65,15.5,13.74,14.91,9625773,141498863.1,derived_ohlc4
HNX_CEO,CEO,2022-12-16 09:00:00,1091,0,15.11,15.43,14.2,15.04,8944970,133682576.64999999,derived_ohlc4
HNX_CEO,CEO,2022-12-19 09:00:00,1092,0,15.04,15.95,14.59,14.59,11717126,176254867.85500002,derived_ohlc4
HNX_CEO,CEO,2022-12-20 09:00:00,1093,0,14.59,14.72,13.16,13.49,14559747,203690860.53,derived_ohlc4
HNX_CEO,CEO,2022-12-21 09:00:00,1094,0,13.49,13.94,12.19,12.19,13951461,180706298.6025,derived_ohlc4
HNX_CEO,CEO,2022-12-22 09:00:00,1095,0,12.19,12.97,11.74,12.77,8997282,111723749.235,derived_ohlc4
HNX_CEO,CEO,2022-12-23 09:00:00,1096,0,12.97,12.97,12.19,12.19,4445157,55920075.06,derived_ohlc4
HNX_CEO,CEO,2022-12-26 09:00:00,1097,0,12.25,12.32,11.02,11.02,11952080,139271612.2,derived_ohlc4
HNX_CEO,CEO,2022-12-27 09:00:00,1098,0,9.98,12.12,9.98,12.12,9202066,101682829.3,derived_ohlc4
HNX_CEO,CEO,2022-12-28 09:00:00,1099,0,12.58,13.1,12.32,12.9,9253467,117750367.575,derived_ohlc4
HNX_CEO,CEO,2022-12-29 09:00:00,1100,0,12.77,13.1,12.06,12.06,8488652,106086928.37,derived_ohlc4
HNX_CEO,CEO,2022-12-30 09:00:00,1101,0,11.99,12.45,11.48,11.54,5414011,64237240.515,derived_ohlc4
HNX_CEO,CEO,2023-01-03 09:00:00,1102,0,11.02,12.64,11.02,12.64,5987838,70836123.54,derived_ohlc4
HNX_CEO,CEO,2023-01-04 09:00:00,1103,0,12.97,13.81,12.9,13.23,11017377,145732354.26749998,derived_ohlc4
HNX_CEO,CEO,2023-01-05 09:00:00,1104,0,13.23,13.88,12.71,13.62,9327643,124617310.47999999,derived_ohlc4
HNX_CEO,CEO,2023-01-06 09:00:00,1105,0,13.62,13.94,12.97,13.03,6320747,84634802.33,derived_ohlc4
HNX_CEO,CEO,2023-01-09 09:00:00,1106,0,13.16,13.62,12.38,12.51,7445711,96179971.8425,derived_ohlc4
HNX_CEO,CEO,2023-01-10 09:00:00,1107,0,11.28,13.36,11.28,13.1,6884540,84370037.7,derived_ohlc4
HNX_CEO,CEO,2023-01-11 09:00:00,1108,0,13.29,13.81,13.03,13.23,7260873,96860045.82,derived_ohlc4
HNX_CEO,CEO,2023-01-12 09:00:00,1109,0,13.23,13.42,12.77,12.97,4625621,60584071.0475,derived_ohlc4
HNX_CEO,CEO,2023-01-13 09:00:00,1110,0,12.97,13.29,12.71,12.77,5472120,70781872.19999999,derived_ohlc4
HNX_CEO,CEO,2023-01-16 09:00:00,1111,0,12.84,12.97,12.45,12.58,3733794,47456521.74,derived_ohlc4
HNX_CEO,CEO,2023-01-17 09:00:00,1112,0,12.58,13.29,12.51,13.29,5936020,76678538.35,derived_ohlc4
HNX_CEO,CEO,2023-01-18 09:00:00,1113,0,13.55,14.59,13.29,14.59,13685207,191661324.035,derived_ohlc4
HNX_CEO,CEO,2023-01-19 09:00:00,1114,0,14.59,15.17,14.2,14.72,8319179,122042355.92999998,derived_ohlc4
HNX_CEO,CEO,2023-01-27 09:00:00,1115,0,14.72,15.37,14.26,14.33,6837910,100312139.7,derived_ohlc4
HNX_CEO,CEO,2023-01-30 09:00:00,1116,0,14.39,15.56,14.07,14.78,12121661,178188416.70000002,derived_ohlc4
HNX_CEO,CEO,2023-01-31 09:00:00,1117,0,14.85,15.95,14.65,15.95,12088692,185561422.2,derived_ohlc4
HNX_CEO,CEO,2023-02-01 09:00:00,1118,0,15.95,17.18,14.39,14.39,15018823,232453832.9825,derived_ohlc4
HNX_CEO,CEO,2023-02-02 09:00:00,1119,0,14.39,14.78,13.94,14.65,11908079,171952660.76,derived_ohlc4
HNX_CEO,CEO,2023-02-03 09:00:00,1120,0,14.65,15.17,14.39,14.65,8261230,121563999.45,derived_ohlc4
HNX_CEO,CEO,2023-02-06 09:00:00,1121,0,14.65,15.04,14.2,14.91,6806328,100053021.6,derived_ohlc4
HNX_CEO,CEO,2023-02-07 09:00:00,1122,0,13.94,14.98,13.94,14.07,10121335,144051900.3875,derived_ohlc4
HNX_CEO,CEO,2023-02-08 09:00:00,1123,0,13.68,14.72,13.36,14.2,9716095,135928169.04999998,derived_ohlc4
HNX_CEO,CEO,2023-02-09 09:00:00,1124,0,13.81,14.39,13.68,13.88,3522188,49099300.720000006,derived_ohlc4
HNX_CEO,CEO,2023-02-10 09:00:00,1125,0,13.88,14.2,13.49,13.74,6564157,90765880.9175,derived_ohlc4
HNX_CEO,CEO,2023-02-13 09:00:00,1126,0,13.62,13.74,12.51,12.58,11503385,150838135.8125,derived_ohlc4
HNX_CEO,CEO,2023-02-14 09:00:00,1127,0,12.64,12.97,12.51,12.77,4227034,53778440.065,derived_ohlc4
HNX_CEO,CEO,2023-02-15 09:00:00,1128,0,12.77,14.0,12.51,13.68,7853484,103980128.16,derived_ohlc4
HNX_CEO,CEO,2023-02-16 09:00:00,1129,0,13.74,13.88,13.42,13.81,5682302,77918566.175,derived_ohlc4
HNX_CEO,CEO,2023-02-17 09:00:00,1130,0,13.81,14.59,13.62,13.81,9008735,125739418.7625,derived_ohlc4
HNX_CEO,CEO,2023-02-20 09:00:00,1131,0,13.68,15.17,13.68,15.17,14388698,207556968.65,derived_ohlc4
HNX_CEO,CEO,2023-02-21 09:00:00,1132,0,15.17,15.62,14.78,14.78,10347231,156113847.7125,derived_ohlc4
HNX_CEO,CEO,2023-02-22 09:00:00,1133,0,14.78,14.91,13.94,13.94,13412784,193043493.71999997,derived_ohlc4
HNX_CEO,CEO,2023-02-23 09:00:00,1134,0,13.94,14.13,12.97,13.94,10572049,145312813.505,derived_ohlc4
HNX_CEO,CEO,2023-02-24 09:00:00,1135,0,13.94,14.26,13.42,13.49,3665272,50498284.98,derived_ohlc4
HNX_CEO,CEO,2023-02-27 09:00:00,1136,0,13.03,13.49,12.64,12.64,7447638,96446912.1,derived_ohlc4
HNX_CEO,CEO,2023-02-28 09:00:00,1137,0,12.71,13.16,12.64,13.1,5260388,67872156.17,derived_ohlc4
HNX_CEO,CEO,2023-03-01 09:00:00,1138,0,12.97,13.29,11.99,13.23,8161201,105034656.87,derived_ohlc4
HNX_CEO,CEO,2023-03-02 09:00:00,1139,0,12.97,13.49,12.97,13.03,2693431,35324347.565,derived_ohlc4
HNX_CEO,CEO,2023-03-03 09:00:00,1140,0,13.03,13.16,12.51,12.51,5476645,70114747.6125,derived_ohlc4
HNX_CEO,CEO,2023-03-06 09:00:00,1141,0,12.64,13.74,12.64,13.36,7358582,96360631.29,derived_ohlc4
HNX_CEO,CEO,2023-03-07 09:00:00,1142,0,13.62,13.62,13.03,13.23,4696240,62812210.0,derived_ohlc4
HNX_CEO,CEO,2023-03-08 09:00:00,1143,0,13.1,13.74,12.77,13.55,6162978,81905977.61999999,derived_ohlc4
HNX_CEO,CEO,2023-03-09 09:00:00,1144,0,12.25,13.74,12.25,13.42,4159924,53725418.46,derived_ohlc4
HNX_CEO,CEO,2023-03-10 09:00:00,1145,0,13.36,13.42,13.1,13.16,3927563,52079485.38,derived_ohlc4
HNX_CEO,CEO,2023-03-13 09:00:00,1146,0,13.1,13.42,12.71,12.97,3229902,42150221.1,derived_ohlc4
HNX_CEO,CEO,2023-03-14 09:00:00,1147,0,12.64,13.29,12.64,12.71,6186850,79315417.0,derived_ohlc4
HNX_CEO,CEO,2023-03-15 09:00:00,1148,0,12.97,13.88,12.97,13.74,7701007,103116483.73,derived_ohlc4
HNX_CEO,CEO,2023-03-16 09:00:00,1149,0,13.68,13.68,13.23,13.36,4295589,57936756.6375,derived_ohlc4
HNX_CEO,CEO,2023-03-17 09:00:00,1150,0,13.49,13.74,13.23,13.29,4742761,63730850.9375,derived_ohlc4
HNX_CEO,CEO,2023-03-20 09:00:00,1151,0,13.16,13.74,13.16,13.29,5025656,67029686.9,derived_ohlc4
HNX_CEO,CEO,2023-03-21 09:00:00,1152,0,13.36,13.62,13.29,13.62,3554391,47886532.747499995,derived_ohlc4
HNX_CEO,CEO,2023-03-22 09:00:00,1153,0,13.74,14.52,13.62,13.88,11769277,164063721.38,derived_ohlc4
HNX_CEO,CEO,2023-03-23 09:00:00,1154,0,13.88,14.07,13.68,14.07,6482349,90266709.825,derived_ohlc4
HNX_CEO,CEO,2023-03-24 09:00:00,1155,0,14.13,14.52,14.07,14.07,8111688,115165690.38,derived_ohlc4
HNX_CEO,CEO,2023-03-27 09:00:00,1156,0,14.07,14.39,14.0,14.13,5647444,79897213.99000001,derived_ohlc4
HNX_CEO,CEO,2023-03-28 09:00:00,1157,0,14.26,14.46,13.88,13.88,7471593,105498893.16000001,derived_ohlc4
HNX_CEO,CEO,2023-03-29 09:00:00,1158,0,13.88,14.07,13.74,14.07,4680395,65244706.300000004,derived_ohlc4
HNX_CEO,CEO,2023-03-30 09:00:00,1159,0,14.26,14.46,14.07,14.07,7607650,108142744.75,derived_ohlc4
HNX_CEO,CEO,2023-03-31 09:00:00,1160,0,14.07,14.39,13.94,14.39,7441610,105652257.975,derived_ohlc4
HNX_CEO,CEO,2023-04-03 09:00:00,1161,0,14.72,15.56,14.59,15.5,14105497,212887213.47250003,derived_ohlc4
HNX_CEO,CEO,2023-04-04 09:00:00,1162,0,15.5,15.76,15.3,15.37,8841956,136895583.77,derived_ohlc4
HNX_CEO,CEO,2023-04-05 09:00:00,1163,0,15.04,16.21,15.04,15.88,12078924,187736676.27,derived_ohlc4
HNX_CEO,CEO,2023-04-06 09:00:00,1164,0,15.56,17.18,15.56,15.88,19072990,306026124.55,derived_ohlc4
HNX_CEO,CEO,2023-04-07 09:00:00,1165,0,15.88,16.53,15.76,16.53,11657589,188561502.07500002,derived_ohlc4
HNX_CEO,CEO,2023-04-10 09:00:00,1166,0,16.53,17.25,16.01,16.21,11776515,194312497.5,derived_ohlc4
HNX_CEO,CEO,2023-04-11 09:00:00,1167,0,16.21,16.53,15.37,16.47,15408534,248770781.43,derived_ohlc4
HNX_CEO,CEO,2023-04-12 09:00:00,1168,0,16.53,16.79,16.21,16.4,6440979,106163436.3675,derived_ohlc4
HNX_CEO,CEO,2023-04-13 09:00:00,1169,0,16.6,16.73,16.08,16.14,7870234,128973459.675,derived_ohlc4
HNX_CEO,CEO,2023-04-14 09:00:00,1170,0,16.21,16.27,14.98,14.98,13977468,218188275.48000005,derived_ohlc4
HNX_CEO,CEO,2023-04-17 09:00:00,1171,0,14.98,15.17,14.78,14.91,5243787,78447053.52000001,derived_ohlc4
HNX_CEO,CEO,2023-04-18 09:00:00,1172,0,15.11,15.76,14.85,15.62,10043820,154021979.7,derived_ohlc4
HNX_CEO,CEO,2023-04-19 09:00:00,1173,0,15.69,15.82,15.11,15.17,5249520,81091960.2,derived_ohlc4
HNX_CEO,CEO,2023-04-20 09:00:00,1174,0,15.17,15.37,14.91,15.24,4284267,65003041.057500005,derived_ohlc4
HNX_CEO,CEO,2023-04-21 09:00:00,1175,0,15.3,15.5,15.04,15.17,4434529,67637653.5725,derived_ohlc4
HNX_CEO,CEO,2023-04-24 09:00:00,1176,0,15.24,15.3,14.85,15.17,3885914,58832737.96,derived_ohlc4
HNX_CEO,CEO,2023-04-25 09:00:00,1177,0,15.3,15.69,15.11,15.17,6553030,100376037.025,derived_ohlc4
HNX_CEO,CEO,2023-04-26 09:00:00,1178,0,15.17,15.56,15.04,15.56,4430623,67932527.1475,derived_ohlc4
HNX_CEO,CEO,2023-04-27 09:00:00,1179,0,15.76,16.14,15.56,15.82,10499721,166105586.22,derived_ohlc4
HNX_CEO,CEO,2023-04-28 09:00:00,1180,0,15.82,16.53,15.82,16.4,10844589,175058777.93249997,derived_ohlc4
HNX_CEO,CEO,2023-05-04 09:00:00,1181,0,16.4,16.79,15.88,16.14,8308853,135455076.03250003,derived_ohlc4
HNX_CEO,CEO,2023-05-05 09:00:00,1182,0,14.59,16.14,14.59,15.88,7806524,119439817.2,derived_ohlc4
HNX_CEO,CEO,2023-05-08 09:00:00,1183,0,16.01,16.27,15.88,16.14,5939910,95484053.25000001,derived_ohlc4
HNX_CEO,CEO,2023-05-09 09:00:00,1184,0,16.14,16.27,15.76,15.95,6222404,99745136.11999999,derived_ohlc4
HNX_CEO,CEO,2023-05-10 09:00:00,1185,0,15.76,16.86,15.76,16.6,11760379,191047356.85499996,derived_ohlc4
HNX_CEO,CEO,2023-05-11 09:00:00,1186,0,16.66,17.89,16.47,17.44,16058662,274844000.13,derived_ohlc4
HNX_CEO,CEO,2023-05-12 09:00:00,1187,0,17.44,17.64,17.18,17.5,7398644,129032351.35999998,derived_ohlc4
HNX_CEO,CEO,2023-05-15 09:00:00,1188,0,17.5,17.89,16.86,16.86,10510729,181599120.29749998,derived_ohlc4
HNX_CEO,CEO,2023-05-16 09:00:00,1189,0,15.17,17.12,15.17,16.99,6593493,106237655.9625,derived_ohlc4
HNX_CEO,CEO,2023-05-17 09:00:00,1190,0,16.99,17.31,16.34,16.4,9569868,160390987.67999998,derived_ohlc4
HNX_CEO,CEO,2023-05-18 09:00:00,1191,0,16.4,16.79,16.21,16.21,7004697,114894542.5425,derived_ohlc4
HNX_CEO,CEO,2023-05-19 09:00:00,1192,0,16.27,16.53,16.08,16.47,5825404,95172537.85,derived_ohlc4
HNX_CEO,CEO,2023-05-22 09:00:00,1193,0,16.53,16.86,16.27,16.86,5015921,83414766.22999999,derived_ohlc4
HNX_CEO,CEO,2023-05-23 09:00:00,1194,0,16.99,17.31,16.73,16.92,7440555,126396428.0625,derived_ohlc4
HNX_CEO,CEO,2023-05-24 09:00:00,1195,0,17.05,17.38,16.73,16.79,7066666,120044988.67499998,derived_ohlc4
HNX_CEO,CEO,2023-05-25 09:00:00,1196,0,16.73,16.79,16.34,16.47,6225072,103227256.44,derived_ohlc4
HNX_CEO,CEO,2023-05-26 09:00:00,1197,0,16.66,16.99,16.34,16.79,5189651,86641223.44500001,derived_ohlc4
HNX_CEO,CEO,2023-05-29 09:00:00,1198,0,16.86,17.18,16.86,17.12,5912911,100549051.55499999,derived_ohlc4
HNX_CEO,CEO,2023-05-30 09:00:00,1199,0,17.25,18.15,17.18,17.64,13184262,231449719.41,derived_ohlc4
HNX_CEO,CEO,2023-05-31 09:00:00,1200,0,17.76,17.83,17.31,17.5,7483326,131706537.60000001,derived_ohlc4
HNX_CEO,CEO,2023-06-01 09:00:00,1201,0,17.5,17.76,17.25,17.44,6748914,118021633.575,derived_ohlc4
HNX_CEO,CEO,2023-06-02 09:00:00,1202,0,17.5,17.83,17.31,17.44,7795951,136585061.52,derived_ohlc4
HNX_CEO,CEO,2023-06-05 09:00:00,1203,0,17.5,17.76,17.25,17.25,7397408,129010795.52000001,derived_ohlc4
HNX_CEO,CEO,2023-06-06 09:00:00,1204,0,17.44,17.44,16.92,17.25,7949296,137224722.20000002,derived_ohlc4
HNX_CEO,CEO,2023-06-07 09:00:00,1205,0,17.25,18.02,17.25,17.89,11274333,198456446.6325,derived_ohlc4
HNX_CEO,CEO,2023-06-08 09:00:00,1206,0,18.02,18.09,16.99,16.99,10403400,182293576.49999997,derived_ohlc4
HNX_CEO,CEO,2023-06-09 09:00:00,1207,0,16.99,17.12,16.21,16.86,13118171,220319681.94500002,derived_ohlc4
HNX_CEO,CEO,2023-06-12 09:00:00,1208,0,16.86,16.99,16.27,16.4,8316347,138300850.60999995,derived_ohlc4
HNX_CEO,CEO,2023-06-13 09:00:00,1209,0,16.4,16.86,16.4,16.6,6626072,109760882.67999999,derived_ohlc4
HNX_CEO,CEO,2023-06-14 09:00:00,1210,0,16.6,16.79,16.27,16.34,5235718,86389347.0,derived_ohlc4
HNX_CEO,CEO,2023-06-15 09:00:00,1211,0,16.34,16.4,16.08,16.14,5543757,90030613.67999999,derived_ohlc4
HNX_CEO,CEO,2023-06-16 09:00:00,1212,0,16.21,16.66,16.14,16.27,7000557,114249090.24,derived_ohlc4
HNX_CEO,CEO,2023-06-19 09:00:00,1213,0,16.47,16.47,16.01,16.21,5199958,84707315.82,derived_ohlc4
HNX_CEO,CEO,2023-06-20 09:00:00,1214,0,16.21,16.66,16.21,16.66,4650550,76431789.25000001,derived_ohlc4
HNX_CEO,CEO,2023-06-21 09:00:00,1215,0,16.66,16.86,16.47,16.73,5153996,85968653.28,derived_ohlc4
HNX_CEO,CEO,2023-06-22 09:00:00,1216,0,16.79,17.5,16.73,17.18,11228498,191445890.89999998,derived_ohlc4
HNX_CEO,CEO,2023-06-23 09:00:00,1217,0,17.31,17.31,16.92,16.99,6100164,104511059.73,derived_ohlc4
HNX_CEO,CEO,2023-06-26 09:00:00,1218,0,17.12,17.12,16.4,16.79,10115289,170518484.31750003,derived_ohlc4
HNX_CEO,CEO,2023-06-27 09:00:00,1219,0,16.6,16.86,16.53,16.66,3690745,61497038.56250001,derived_ohlc4
HNX_CEO,CEO,2023-06-28 09:00:00,1220,0,16.79,17.05,16.6,16.66,4347803,72934395.325,derived_ohlc4
HNX_CEO,CEO,2023-06-29 09:00:00,1221,0,16.66,16.73,16.14,16.14,5514164,90528787.47,derived_ohlc4
HNX_CEO,CEO,2023-06-30 09:00:00,1222,0,14.59,16.27,14.59,15.43,12216023,185927870.06,derived_ohlc4
HNX_CEO,CEO,2023-07-03 09:00:00,1223,0,15.43,15.76,15.11,15.24,4119623,63380399.855,derived_ohlc4
HNX_CEO,CEO,2023-07-04 09:00:00,1224,0,15.24,15.5,15.24,15.5,3627598,55756181.260000005,derived_ohlc4
HNX_CEO,CEO,2023-07-05 09:00:00,1225,0,15.56,15.76,15.43,15.43,3587781,55772055.645,derived_ohlc4
HNX_CEO,CEO,2023-07-06 09:00:00,1226,0,15.43,15.5,14.85,14.98,5901499,89643769.81,derived_ohlc4
HNX_CEO,CEO,2023-07-07 09:00:00,1227,0,14.98,14.98,13.68,14.39,11049454,160299953.905,derived_ohlc4
HNX_CEO,CEO,2023-07-10 09:00:00,1228,0,14.33,14.52,13.68,14.2,12539637,177843401.7525,derived_ohlc4
HNX_CEO,CEO,2023-07-11 09:00:00,1229,0,14.2,14.39,13.94,14.07,5801955,82097663.25,derived_ohlc4
HNX_CEO,CEO,2023-07-12 09:00:00,1230,0,14.07,14.13,13.29,13.36,14427314,197834543.225,derived_ohlc4
HNX_CEO,CEO,2023-07-13 09:00:00,1231,0,13.29,14.2,12.84,13.88,18292271,247906002.7275,derived_ohlc4
HNX_CEO,CEO,2023-07-14 09:00:00,1232,0,13.88,14.26,13.68,13.74,7743683,107559756.87,derived_ohlc4
HNX_CEO,CEO,2023-07-17 09:00:00,1233,0,13.74,13.94,13.49,13.55,11554001,158058733.68,derived_ohlc4
HNX_CEO,CEO,2023-07-18 09:00:00,1234,0,13.49,13.62,13.16,13.23,14757765,197385106.875,derived_ohlc4
HNX_CEO,CEO,2023-07-19 09:00:00,1235,0,14.52,14.52,14.52,14.52,1263115,18340429.8,derived_ohlc4
HNX_CEO,CEO,2023-07-20 09:00:00,1236,0,15.47,15.91,14.87,15.47,17001583,262334425.69,derived_ohlc4
HNX_CEO,CEO,2023-07-21 09:00:00,1237,0,15.47,15.73,15.21,15.56,7702330,119328347.525,derived_ohlc4
HNX_CEO,CEO,2023-07-24 09:00:00,1238,0,15.39,15.73,14.0,15.56,9906537,150282166.29000002,derived_ohlc4
HNX_CEO,CEO,2023-07-25 09:00:00,1239,0,14.0,16.77,14.0,16.16,13317752,202862657.33999997,derived_ohlc4
HNX_CEO,CEO,2023-07-26 09:00:00,1240,0,15.91,16.25,15.65,15.91,7547408,120230209.44,derived_ohlc4
HNX_CEO,CEO,2023-07-27 09:00:00,1241,0,16.08,16.42,15.73,16.16,9312126,149901948.285,derived_ohlc4
HNX_CEO,CEO,2023-07-28 09:00:00,1242,0,16.25,16.86,15.99,16.6,13565690,222816458.25,derived_ohlc4
HNX_CEO,CEO,2023-07-31 09:00:00,1243,0,16.68,17.29,16.51,17.03,9761808,164754914.52,derived_ohlc4
HNX_CEO,CEO,2023-08-01 09:00:00,1244,0,17.03,17.38,16.25,16.25,10814531,180900067.30249998,derived_ohlc4
HNX_CEO,CEO,2023-08-02 09:00:00,1245,0,16.25,16.6,16.16,16.51,6822176,111747242.88000001,derived_ohlc4
HNX_CEO,CEO,2023-08-03 09:00:00,1246,0,16.51,16.94,16.34,16.68,9627808,159990099.44,derived_ohlc4
HNX_CEO,CEO,2023-08-04 09:00:00,1247,0,16.77,17.29,16.68,17.2,11928824,202611075.64,derived_ohlc4
HNX_CEO,CEO,2023-08-07 09:00:00,1248,0,17.12,17.89,17.03,17.46,8853043,153821622.125,derived_ohlc4
HNX_CEO,CEO,2023-08-08 09:00:00,1249,0,17.55,17.64,16.94,16.94,9661819,166835459.58249998,derived_ohlc4
HNX_CEO,CEO,2023-08-09 09:00:00,1250,0,16.94,17.12,16.6,16.6,7166359,120502326.58500001,derived_ohlc4
HNX_CEO,CEO,2023-08-10 09:00:00,1251,0,16.68,17.03,16.6,16.68,5763336,96521469.66000001,derived_ohlc4
HNX_CEO,CEO,2023-08-11 09:00:00,1252,0,16.68,16.94,16.25,16.77,6553665,109184058.9,derived_ohlc4
HNX_CEO,CEO,2023-08-14 09:00:00,1253,0,16.77,18.41,16.77,18.41,15792630,277792361.7,derived_ohlc4
HNX_CEO,CEO,2023-08-15 09:00:00,1254,0,19.02,20.23,19.02,20.23,28485217,559022383.625,derived_ohlc4
HNX_CEO,CEO,2023-08-16 09:00:00,1255,0,22.04,22.13,20.14,21.87,21155869,455803197.605,derived_ohlc4
HNX_CEO,CEO,2023-08-17 09:00:00,1256,0,21.87,22.39,21.35,21.7,16970045,370413657.2375001,derived_ohlc4
HNX_CEO,CEO,2023-08-18 09:00:00,1257,0,21.52,22.91,19.88,20.75,31397070,667658693.5500001,derived_ohlc4
HNX_CEO,CEO,2023-08-21 09:00:00,1258,0,20.75,22.39,18.67,22.13,17815617,373860722.745,derived_ohlc4
HNX_CEO,CEO,2023-08-22 09:00:00,1259,0,22.13,22.65,20.4,21.52,16453769,356635443.075,derived_ohlc4
HNX_CEO,CEO,2023-08-23 09:00:00,1260,0,21.78,21.96,20.57,20.75,11571814,246074624.71,derived_ohlc4
HNX_CEO,CEO,2023-08-24 09:00:00,1261,0,20.75,22.56,20.49,22.56,18008270,388798549.3,derived_ohlc4
HNX_CEO,CEO,2023-08-25 09:00:00,1262,0,22.74,23.34,22.48,22.56,18218180,415010140.40000004,derived_ohlc4
HNX_CEO,CEO,2023-08-28 09:00:00,1263,0,22.74,22.82,21.96,22.65,15099470,340379802.4750001,derived_ohlc4
HNX_CEO,CEO,2023-08-29 09:00:00,1264,0,22.82,23.34,22.13,22.13,12754759,288321327.19499993,derived_ohlc4
HNX_CEO,CEO,2023-08-30 09:00:00,1265,0,22.13,22.3,21.61,21.87,15126322,332438741.755,derived_ohlc4
HNX_CEO,CEO,2023-08-31 09:00:00,1266,0,21.87,22.91,21.78,22.56,13255367,295329576.76,derived_ohlc4
HNX_CEO,CEO,2023-09-05 09:00:00,1267,0,22.48,24.03,20.32,23.51,16948963,382792329.3550001,derived_ohlc4
HNX_CEO,CEO,2023-09-06 09:00:00,1268,0,23.25,23.86,23.0,23.77,9612018,225594062.45999998,derived_ohlc4
HNX_CEO,CEO,2023-09-07 09:00:00,1269,0,23.77,24.46,23.43,23.6,10605767,252576341.105,derived_ohlc4
HNX_CEO,CEO,2023-09-08 09:00:00,1270,0,23.69,23.86,23.17,23.43,11421124,268824706.15000004,derived_ohlc4
HNX_CEO,CEO,2023-09-11 09:00:00,1271,0,23.77,24.2,23.08,23.08,12008927,282600074.6275,derived_ohlc4
HNX_CEO,CEO,2023-09-12 09:00:00,1272,0,23.08,23.86,22.82,23.86,8324275,194829656.37499997,derived_ohlc4
HNX_CEO,CEO,2023-09-13 09:00:00,1273,0,24.12,25.59,23.86,24.55,14638639,359085814.66999996,derived_ohlc4
HNX_CEO,CEO,2023-09-14 09:00:00,1274,0,24.55,24.72,23.34,23.34,10061518,241350663.025,derived_ohlc4
HNX_CEO,CEO,2023-09-15 09:00:00,1275,0,23.34,23.86,23.0,23.43,6141561,143758589.1075,derived_ohlc4
HNX_CEO,CEO,2023-09-18 09:00:00,1276,0,23.34,23.51,22.56,22.82,6894578,158971732.23499998,derived_ohlc4
HNX_CEO,CEO,2023-09-19 09:00:00,1277,0,21.7,23.08,21.52,21.7,14234247,313153434.0,derived_ohlc4
HNX_CEO,CEO,2023-09-20 09:00:00,1278,0,21.7,22.91,21.52,22.91,10221397,227528297.21999997,derived_ohlc4
HNX_CEO,CEO,2023-09-21 09:00:00,1279,0,23.08,23.34,22.3,22.39,6874657,156587499.8175,derived_ohlc4
HNX_CEO,CEO,2023-09-22 09:00:00,1280,0,22.3,22.39,20.32,20.66,12549443,268777695.4525,derived_ohlc4
HNX_CEO,CEO,2023-09-25 09:00:00,1281,0,20.57,20.92,18.67,18.67,12234822,241117754.56500003,derived_ohlc4
HNX_CEO,CEO,2023-09-26 09:00:00,1282,0,18.76,19.28,17.46,17.89,11109817,203837367.40750003,derived_ohlc4
HNX_CEO,CEO,2023-09-27 09:00:00,1283,0,17.81,18.84,17.38,18.84,8707649,158631595.6575,derived_ohlc4
HNX_CEO,CEO,2023-09-28 09:00:00,1284,0,19.02,19.19,17.98,18.15,5060235,94044467.47500001,derived_ohlc4
HNX_CEO,CEO,2023-09-29 09:00:00,1285,0,18.33,18.84,18.24,18.41,6053644,111720000.02,derived_ohlc4
HNX_CEO,CEO,2023-10-02 09:00:00,1286,0,18.41,19.19,18.41,18.67,6882049,128487854.83000001,derived_ohlc4
HNX_CEO,CEO,2023-10-03 09:00:00,1287,0,18.67,18.76,16.86,16.86,14171219,252070557.9625,derived_ohlc4
HNX_CEO,CEO,2023-10-04 09:00:00,1288,0,16.6,17.46,15.65,16.94,8025282,133721261.32500002,derived_ohlc4
HNX_CEO,CEO,2023-10-05 09:00:00,1289,0,17.03,17.38,15.73,15.82,7369644,121525429.56000002,derived_ohlc4
HNX_CEO,CEO,2023-10-06 09:00:00,1290,0,15.82,16.34,15.13,15.99,8738334,138240443.88,derived_ohlc4
HNX_CEO,CEO,2023-10-09 09:00:00,1291,0,16.25,17.2,15.99,17.12,7764334,129198517.76,derived_ohlc4
HNX_CEO,CEO,2023-10-10 09:00:00,1292,0,17.29,17.81,16.94,16.94,7171004,123663963.97999997,derived_ohlc4
HNX_CEO,CEO,2023-10-11 09:00:00,1293,0,16.94,17.29,16.42,17.29,6619141,112426109.88499999,derived_ohlc4
HNX_CEO,CEO,2023-10-12 09:00:00,1294,0,17.38,18.33,17.38,17.81,11334191,200898535.47499996,derived_ohlc4
HNX_CEO,CEO,2023-10-13 09:00:00,1295,0,17.81,18.15,17.12,18.07,8621291,153351213.66250002,derived_ohlc4
HNX_CEO,CEO,2023-10-16 09:00:00,1296,0,18.07,18.59,17.72,17.72,8724225,157254155.625,derived_ohlc4
HNX_CEO,CEO,2023-10-17 09:00:00,1297,0,17.89,18.07,16.42,16.42,5554165,95531638.00000001,derived_ohlc4
HNX_CEO,CEO,2023-10-18 09:00:00,1298,0,16.68,16.86,15.13,15.73,10867376,174964753.60000002,derived_ohlc4
HNX_CEO,CEO,2023-10-19 09:00:00,1299,0,15.73,16.42,15.13,15.73,8983183,141507590.2075,derived_ohlc4
HNX_CEO,CEO,2023-10-20 09:00:00,1300,0,15.73,17.29,15.56,17.29,11377635,187361204.3625,derived_ohlc4
HNX_CEO,CEO,2023-10-23 09:00:00,1301,0,15.56,18.33,15.56,17.55,12738156,213364113.0,derived_ohlc4
HNX_CEO,CEO,2023-10-24 09:00:00,1302,0,17.12,18.15,17.12,18.15,8905742,157052760.17,derived_ohlc4
HNX_CEO,CEO,2023-10-25 09:00:00,1303,0,18.24,18.5,17.38,17.46,9573246,171313237.16999996,derived_ohlc4
HNX_CEO,CEO,2023-10-26 09:00:00,1304,0,17.46,17.46,15.73,15.99,20852383,347400700.78000003,derived_ohlc4
HNX_CEO,CEO,2023-10-27 09:00:00,1305,0,15.99,17.55,15.73,17.55,9752679,162918502.695,derived_ohlc4
HNX_CEO,CEO,2023-10-30 09:00:00,1306,0,17.38,17.64,16.77,16.94,9770085,167874485.5125,derived_ohlc4
HNX_CEO,CEO,2023-10-31 09:00:00,1307,0,17.03,17.81,16.86,17.03,14236635,244620980.88750002,derived_ohlc4
HNX_CEO,CEO,2023-11-01 09:00:00,1308,0,17.03,17.46,16.25,17.46,10760413,183465041.65,derived_ohlc4
HNX_CEO,CEO,2023-11-02 09:00:00,1309,0,17.72,19.19,17.38,19.1,18154138,333083046.9549999,derived_ohlc4
HNX_CEO,CEO,2023-11-03 09:00:00,1310,0,19.1,19.45,18.59,18.93,12490448,237537094.83999997,derived_ohlc4
HNX_CEO,CEO,2023-11-06 09:00:00,1311,0,19.02,19.45,18.5,19.19,10068538,191704963.51999998,derived_ohlc4
HNX_CEO,CEO,2023-11-07 09:00:00,1312,0,19.19,19.45,18.67,18.84,11215293,213511140.4875,derived_ohlc4
HNX_CEO,CEO,2023-11-08 09:00:00,1313,0,18.84,20.66,18.67,20.66,20798138,409879304.635,derived_ohlc4
HNX_CEO,CEO,2023-11-09 09:00:00,1314,0,21.18,22.04,20.75,20.83,14727762,312228554.4,derived_ohlc4
HNX_CEO,CEO,2023-11-10 09:00:00,1315,0,20.83,21.61,20.14,20.32,23598705,489083161.12500006,derived_ohlc4
HNX_CEO,CEO,2023-11-13 09:00:00,1316,0,20.4,20.83,19.54,19.97,14125299,285119160.315,derived_ohlc4
HNX_CEO,CEO,2023-11-14 09:00:00,1317,0,20.32,20.57,19.45,19.62,14293800,285733062.0,derived_ohlc4
HNX_CEO,CEO,2023-11-15 09:00:00,1318,0,19.8,20.66,19.45,19.54,16995446,337572046.17499995,derived_ohlc4
HNX_CEO,CEO,2023-11-16 09:00:00,1319,0,19.1,20.49,18.5,20.32,46940585,920152817.4625,derived_ohlc4
HNX_CEO,CEO,2023-11-17 09:00:00,1320,0,20.32,20.83,19.54,19.71,26139595,525405859.50000006,derived_ohlc4
HNX_CEO,CEO,2023-11-20 09:00:00,1321,0,19.88,20.06,18.84,19.8,17824665,350165543.925,derived_ohlc4
HNX_CEO,CEO,2023-11-21 09:00:00,1322,0,17.89,20.32,17.89,19.97,16432028,312496092.48999995,derived_ohlc4
HNX_CEO,CEO,2023-11-22 09:00:00,1323,0,19.71,20.49,19.54,20.23,20220451,404257366.6175,derived_ohlc4
HNX_CEO,CEO,2023-11-23 09:00:00,1324,0,20.23,21.01,19.02,19.02,33006034,654179593.88,derived_ohlc4
HNX_CEO,CEO,2023-11-24 09:00:00,1325,0,18.84,19.45,17.12,19.36,23606344,441261585.21999997,derived_ohlc4
HNX_CEO,CEO,2023-11-27 09:00:00,1326,0,19.02,19.54,18.67,18.67,11521525,218620936.87500003,derived_ohlc4
HNX_CEO,CEO,2023-11-28 09:00:00,1327,0,17.72,18.84,17.72,18.67,17235960,314340820.5,derived_ohlc4
HNX_CEO,CEO,2023-11-29 09:00:00,1328,0,18.76,19.1,18.67,18.93,10159152,191652402.48000002,derived_ohlc4
HNX_CEO,CEO,2023-11-30 09:00:00,1329,0,18.93,19.45,18.67,18.67,12968147,245487022.71,derived_ohlc4
HNX_CEO,CEO,2023-12-01 09:00:00,1330,0,18.67,19.02,18.41,18.67,9652051,180420963.3175,derived_ohlc4
HNX_CEO,CEO,2023-12-04 09:00:00,1331,0,18.41,20.14,18.41,19.8,21340997,409533732.42999995,derived_ohlc4
HNX_CEO,CEO,2023-12-05 09:00:00,1332,0,19.8,20.14,19.62,19.71,15539506,307954160.15500003,derived_ohlc4
HNX_CEO,CEO,2023-12-06 09:00:00,1333,0,19.62,20.57,19.62,20.4,20791558,416922716.795,derived_ohlc4
HNX_CEO,CEO,2023-12-07 09:00:00,1334,0,18.41,21.09,18.41,20.23,28360957,554031294.995,derived_ohlc4
HNX_CEO,CEO,2023-12-08 09:00:00,1335,0,21.44,21.44,19.97,20.23,16076922,333917669.94,derived_ohlc4
HNX_CEO,CEO,2023-12-11 09:00:00,1336,0,19.97,20.75,19.97,20.66,15399352,313184321.29999995,derived_ohlc4
HNX_CEO,CEO,2023-12-12 09:00:00,1337,0,18.76,21.01,18.67,20.57,12338828,243722700.07000002,derived_ohlc4
HNX_CEO,CEO,2023-12-13 09:00:00,1338,0,19.97,20.92,18.67,19.88,16126308,320268476.88,derived_ohlc4
HNX_CEO,CEO,2023-12-14 09:00:00,1339,0,19.88,20.32,19.45,19.54,14368276,284455944.11,derived_ohlc4
HNX_CEO,CEO,2023-12-15 09:00:00,1340,0,19.28,19.97,19.02,19.71,15058563,293566685.68499994,derived_ohlc4
HNX_CEO,CEO,2023-12-18 09:00:00,1341,0,19.54,20.06,17.98,19.28,6782798,130331463.57,derived_ohlc4
HNX_CEO,CEO,2023-12-19 09:00:00,1342,0,18.33,19.54,17.38,19.54,10176411,190273444.67249998,derived_ohlc4
HNX_CEO,CEO,2023-12-20 09:00:00,1343,0,19.19,19.8,19.19,19.45,4613358,89533745.385,derived_ohlc4
HNX_CEO,CEO,2023-12-21 09:00:00,1344,0,19.28,19.62,19.19,19.54,5572479,108147886.1925,derived_ohlc4
HNX_CEO,CEO,2023-12-22 09:00:00,1345,0,19.62,19.97,19.45,19.62,9448885,185812323.52500004,derived_ohlc4
HNX_CEO,CEO,2023-12-25 09:00:00,1346,0,18.59,20.14,17.72,19.88,8829755,168493799.7875,derived_ohlc4
HNX_CEO,CEO,2023-12-26 09:00:00,1347,0,17.89,20.14,17.89,19.88,6381009,120920120.55,derived_ohlc4
HNX_CEO,CEO,2023-12-27 09:00:00,1348,0,20.06,20.06,19.71,19.71,8090760,160884762.6,derived_ohlc4
HNX_CEO,CEO,2023-12-28 09:00:00,1349,0,19.88,19.88,19.54,19.54,7419177,146231978.67000002,derived_ohlc4
HNX_CEO,CEO,2023-12-29 09:00:00,1350,0,19.62,19.8,19.54,19.62,6518709,128060038.30499999,derived_ohlc4
HNX_CEO,CEO,2024-01-02 09:00:00,1351,0,19.8,19.97,19.45,19.45,6949166,136672722.305,derived_ohlc4
HNX_CEO,CEO,2024-01-03 09:00:00,1352,0,19.36,19.71,19.36,19.62,4681307,91344002.83749999,derived_ohlc4
HNX_CEO,CEO,2024-01-04 09:00:00,1353,0,19.71,20.23,19.62,19.71,17510437,347013085.24750006,derived_ohlc4
HNX_CEO,CEO,2024-01-05 09:00:00,1354,0,19.8,20.06,19.71,19.8,8607853,170801323.1525,derived_ohlc4
HNX_CEO,CEO,2024-01-08 09:00:00,1355,0,19.88,20.4,19.8,20.14,15180351,304441939.305,derived_ohlc4
HNX_CEO,CEO,2024-01-09 09:00:00,1356,0,20.06,20.23,19.8,19.8,9843985,196608990.4125,derived_ohlc4
HNX_CEO,CEO,2024-01-10 09:00:00,1357,0,19.62,19.97,19.28,19.36,13977672,273368320.14,derived_ohlc4
HNX_CEO,CEO,2024-01-11 09:00:00,1358,0,19.45,19.71,19.19,19.54,7479203,145638780.4175,derived_ohlc4
HNX_CEO,CEO,2024-01-12 09:00:00,1359,0,19.36,19.62,18.84,19.02,16179428,310806811.88,derived_ohlc4
HNX_CEO,CEO,2024-01-15 09:00:00,1360,0,18.59,19.28,18.59,18.59,7223186,135525027.32500002,derived_ohlc4
HNX_CEO,CEO,2024-01-16 09:00:00,1361,0,17.81,18.84,17.81,18.84,5843595,107083878.375,derived_ohlc4
HNX_CEO,CEO,2024-01-17 09:00:00,1362,0,19.02,19.19,18.84,18.84,5242101,99455761.2225,derived_ohlc4
HNX_CEO,CEO,2024-01-18 09:00:00,1363,0,18.93,19.28,18.84,19.02,6272216,119281867.77999999,derived_ohlc4
HNX_CEO,CEO,2024-01-19 09:00:00,1364,0,19.28,19.28,18.76,18.84,5681085,108167858.40000002,derived_ohlc4
HNX_CEO,CEO,2024-01-22 09:00:00,1365,0,18.84,19.19,18.59,19.19,7013691,132926978.67750001,derived_ohlc4
HNX_CEO,CEO,2024-01-23 09:00:00,1366,0,19.45,19.45,18.84,18.84,4322253,82749533.685,derived_ohlc4
HNX_CEO,CEO,2024-01-24 09:00:00,1367,0,19.1,19.1,18.76,18.76,4037889,76437238.77000001,derived_ohlc4
HNX_CEO,CEO,2024-01-25 09:00:00,1368,0,18.84,18.93,18.67,18.67,3817719,71687218.5225,derived_ohlc4
HNX_CEO,CEO,2024-01-26 09:00:00,1369,0,18.67,19.02,18.67,18.76,4219559,79243318.02000001,derived_ohlc4
HNX_CEO,CEO,2024-01-29 09:00:00,1370,0,18.76,18.93,18.41,18.67,4394421,82142714.54249999,derived_ohlc4
HNX_CEO,CEO,2024-01-30 09:00:00,1371,0,18.76,18.76,18.59,18.67,3351141,62649580.995,derived_ohlc4
HNX_CEO,CEO,2024-01-31 09:00:00,1372,0,18.67,18.84,18.41,18.5,7974038,148356976.99,derived_ohlc4
HNX_CEO,CEO,2024-02-01 09:00:00,1373,0,18.5,18.67,18.5,18.5,3440645,63798159.9125,derived_ohlc4
HNX_CEO,CEO,2024-02-02 09:00:00,1374,0,18.59,19.28,18.59,18.67,8730317,163977179.0525,derived_ohlc4
HNX_CEO,CEO,2024-02-05 09:00:00,1375,0,18.84,19.02,18.59,18.59,4092217,76769990.92,derived_ohlc4
HNX_CEO,CEO,2024-02-06 09:00:00,1376,0,18.59,18.76,18.5,18.5,5258695,97745993.31249999,derived_ohlc4
HNX_CEO,CEO,2024-02-07 09:00:00,1377,0,18.41,18.59,18.24,18.24,10316894,189521342.77999997,derived_ohlc4
HNX_CEO,CEO,2024-02-15 09:00:00,1378,0,18.07,18.59,18.07,18.41,7445165,136134842.025,derived_ohlc4
HNX_CEO,CEO,2024-02-16 09:00:00,1379,0,18.07,19.19,17.38,18.76,10835527,198831920.45000002,derived_ohlc4
HNX_CEO,CEO,2024-02-19 09:00:00,1380,0,18.67,18.84,18.5,18.76,7077587,132297794.99750002,derived_ohlc4
HNX_CEO,CEO,2024-02-20 09:00:00,1381,0,18.59,19.19,18.59,18.93,16036963,301895828.475,derived_ohlc4
HNX_CEO,CEO,2024-02-21 09:00:00,1382,0,18.93,19.1,18.76,18.84,6221578,117634486.03500001,derived_ohlc4
HNX_CEO,CEO,2024-02-22 09:00:00,1383,0,18.93,18.93,18.59,18.59,6078453,114031778.28000002,derived_ohlc4
HNX_CEO,CEO,2024-02-23 09:00:00,1384,0,18.59,18.76,18.15,18.33,10830509,199904119.8675,derived_ohlc4
HNX_CEO,CEO,2024-02-26 09:00:00,1385,0,18.33,18.5,18.15,18.5,5363479,98527109.22999999,derived_ohlc4
HNX_CEO,CEO,2024-02-27 09:00:00,1386,0,18.41,19.45,18.41,19.28,23002798,434465347.22499996,derived_ohlc4
HNX_CEO,CEO,2024-02-28 09:00:00,1387,0,19.36,19.45,18.84,19.02,7428209,142380196.0075,derived_ohlc4
HNX_CEO,CEO,2024-02-29 09:00:00,1388,0,19.19,19.71,18.93,19.19,15436421,297228286.355,derived_ohlc4
HNX_CEO,CEO,2024-03-01 09:00:00,1389,0,19.28,19.8,19.19,19.54,18660388,362991197.57,derived_ohlc4
HNX_CEO,CEO,2024-03-04 09:00:00,1390,0,19.8,20.14,19.45,19.54,16513403,325850724.69750005,derived_ohlc4
HNX_CEO,CEO,2024-03-05 09:00:00,1391,0,19.54,19.62,19.19,19.45,11990493,233215088.85,derived_ohlc4
HNX_CEO,CEO,2024-03-06 09:00:00,1392,0,19.36,19.54,18.76,19.02,16081020,308273153.4,derived_ohlc4
HNX_CEO,CEO,2024-03-07 09:00:00,1393,0,18.84,19.28,18.76,19.28,10001219,190423209.76000002,derived_ohlc4
HNX_CEO,CEO,2024-03-08 09:00:00,1394,0,19.28,19.45,18.76,18.76,10704761,204059506.56250003,derived_ohlc4
HNX_CEO,CEO,2024-03-11 09:00:00,1395,0,18.76,18.84,18.24,18.41,7935150,147296221.875,derived_ohlc4
HNX_CEO,CEO,2024-03-12 09:00:00,1396,0,18.41,18.67,18.33,18.41,6579942,121432829.60999998,derived_ohlc4
HNX_CEO,CEO,2024-03-13 09:00:00,1397,0,17.38,18.76,17.38,18.76,9901411,178918496.77,derived_ohlc4
HNX_CEO,CEO,2024-03-14 09:00:00,1398,0,18.76,19.19,18.67,19.02,13709078,259238664.98,derived_ohlc4
HNX_CEO,CEO,2024-03-15 09:00:00,1399,0,19.02,19.71,18.84,19.1,17736529,339964919.6075001,derived_ohlc4
HNX_CEO,CEO,2024-03-18 09:00:00,1400,0,19.1,20.57,19.02,19.8,35310322,692876793.4449999,derived_ohlc4
HNX_CEO,CEO,2024-03-19 09:00:00,1401,0,19.88,20.49,19.36,19.62,12579375,249543351.56249997,derived_ohlc4
HNX_CEO,CEO,2024-03-20 09:00:00,1402,0,19.62,19.8,19.36,19.54,12165699,238204386.42,derived_ohlc4
HNX_CEO,CEO,2024-03-21 09:00:00,1403,0,19.8,20.49,19.54,20.23,32623065,652950645.975,derived_ohlc4
HNX_CEO,CEO,2024-03-22 09:00:00,1404,0,20.32,21.01,20.23,20.4,24151470,494863620.3000001,derived_ohlc4
HNX_CEO,CEO,2024-03-25 09:00:00,1405,0,20.49,21.01,20.06,20.23,20331389,415726076.57750005,derived_ohlc4
HNX_CEO,CEO,2024-03-26 09:00:00,1406,0,18.24,20.49,18.24,20.4,11675113,225825873.20250002,derived_ohlc4
HNX_CEO,CEO,2024-03-27 09:00:00,1407,0,20.49,20.57,20.06,20.4,13286089,270770493.82000005,derived_ohlc4
HNX_CEO,CEO,2024-03-28 09:00:00,1408,0,20.4,20.75,20.14,20.23,9915909,202086225.42,derived_ohlc4
HNX_CEO,CEO,2024-03-29 09:00:00,1409,0,20.23,20.32,19.8,19.8,11322713,226878861.73749998,derived_ohlc4
HNX_CEO,CEO,2024-04-01 09:00:00,1410,0,19.71,20.32,19.62,19.97,11328411,225492020.955,derived_ohlc4
HNX_CEO,CEO,2024-04-02 09:00:00,1411,0,19.1,20.57,19.1,20.49,18008355,356835554.32500005,derived_ohlc4
HNX_CEO,CEO,2024-04-03 09:00:00,1412,0,20.57,21.18,20.4,20.49,25672746,530398932.36,derived_ohlc4
HNX_CEO,CEO,2024-04-04 09:00:00,1413,0,20.57,20.66,19.97,20.23,16015868,326043032.81,derived_ohlc4
HNX_CEO,CEO,2024-04-05 09:00:00,1414,0,20.23,20.4,19.8,19.8,18091771,362875696.8325,derived_ohlc4
HNX_CEO,CEO,2024-04-08 09:00:00,1415,0,19.45,19.97,19.45,19.54,10758579,210895044.8475,derived_ohlc4
HNX_CEO,CEO,2024-04-09 09:00:00,1416,0,19.62,19.8,19.36,19.8,5912136,116143911.72,derived_ohlc4
HNX_CEO,CEO,2024-04-10 09:00:00,1417,0,19.8,19.97,19.45,19.45,6774444,133236377.37,derived_ohlc4
HNX_CEO,CEO,2024-04-11 09:00:00,1418,0,18.84,19.54,18.84,19.28,9879686,188948994.75,derived_ohlc4
HNX_CEO,CEO,2024-04-12 09:00:00,1419,0,19.19,19.62,19.1,19.45,6288644,121622374.96,derived_ohlc4
HNX_CEO,CEO,2024-04-15 09:00:00,1420,0,19.45,19.54,17.55,17.55,20951640,388076751.8999999,derived_ohlc4
HNX_CEO,CEO,2024-04-16 09:00:00,1421,0,17.55,17.55,16.16,17.12,19075261,326091586.795,derived_ohlc4
HNX_CEO,CEO,2024-04-17 09:00:00,1422,0,17.12,17.38,16.42,16.42,8027177,135137524.79500002,derived_ohlc4
HNX_CEO,CEO,2024-04-19 09:00:00,1423,0,14.78,16.42,14.78,15.3,14570926,223226586.32,derived_ohlc4
HNX_CEO,CEO,2024-04-22 09:00:00,1424,0,15.21,15.99,15.21,15.82,8734589,135888368.3675,derived_ohlc4
HNX_CEO,CEO,2024-04-23 09:00:00,1425,0,15.91,15.91,14.87,15.04,7925660,122312747.94999999,derived_ohlc4
HNX_CEO,CEO,2024-04-24 09:00:00,1426,0,15.13,16.42,15.13,16.16,11694057,183713635.47,derived_ohlc4
HNX_CEO,CEO,2024-04-25 09:00:00,1427,0,16.16,16.25,15.65,15.82,4761267,76037433.99,derived_ohlc4
HNX_CEO,CEO,2024-04-26 09:00:00,1428,0,15.73,15.99,15.47,15.65,6955607,109272585.97,derived_ohlc4
HNX_CEO,CEO,2024-05-02 09:00:00,1429,0,15.56,15.65,15.3,15.47,4704068,72889533.66000001,derived_ohlc4
HNX_CEO,CEO,2024-05-03 09:00:00,1430,0,15.56,15.99,15.47,15.73,5657420,88750776.25,derived_ohlc4
HNX_CEO,CEO,2024-05-06 09:00:00,1431,0,15.82,16.25,15.82,16.25,8431429,135197964.01500002,derived_ohlc4
HNX_CEO,CEO,2024-05-07 09:00:00,1432,0,16.25,16.34,15.91,15.99,4846402,78136116.24499999,derived_ohlc4
HNX_CEO,CEO,2024-05-08 09:00:00,1433,0,15.99,15.99,15.65,15.99,8590725,136635481.125,derived_ohlc4
HNX_CEO,CEO,2024-05-09 09:00:00,1434,0,16.08,16.25,15.82,15.82,5998780,95935489.14999999,derived_ohlc4
HNX_CEO,CEO,2024-05-10 09:00:00,1435,0,15.91,16.08,15.73,15.91,5352768,85149156.96,derived_ohlc4
HNX_CEO,CEO,2024-05-13 09:00:00,1436,0,15.91,16.16,15.82,15.99,4421489,70611179.33,derived_ohlc4
HNX_CEO,CEO,2024-05-14 09:00:00,1437,0,15.99,16.16,15.91,15.91,3627845,58018311.1625,derived_ohlc4
HNX_CEO,CEO,2024-05-15 09:00:00,1438,0,15.91,16.6,15.91,16.34,11112722,179914969.18,derived_ohlc4
HNX_CEO,CEO,2024-05-16 09:00:00,1439,0,16.51,16.94,16.51,16.6,8896445,148036844.8,derived_ohlc4
HNX_CEO,CEO,2024-05-17 09:00:00,1440,0,16.6,16.86,16.42,16.68,6223687,103562151.68,derived_ohlc4
HNX_CEO,CEO,2024-05-20 09:00:00,1441,0,16.77,17.12,16.6,16.6,7387088,123899933.48,derived_ohlc4
HNX_CEO,CEO,2024-05-21 09:00:00,1442,0,14.96,16.68,14.96,16.42,7683939,121060458.94500001,derived_ohlc4
HNX_CEO,CEO,2024-05-22 09:00:00,1443,0,16.42,16.94,16.42,16.6,8313006,137954334.57,derived_ohlc4
HNX_CEO,CEO,2024-05-23 09:00:00,1444,0,16.6,16.77,16.34,16.6,4716334,78185026.885,derived_ohlc4
HNX_CEO,CEO,2024-05-24 09:00:00,1445,0,16.6,16.86,15.91,15.99,9703514,158555418.76,derived_ohlc4
HNX_CEO,CEO,2024-05-27 09:00:00,1446,0,16.08,16.16,15.82,15.99,4189957,67091686.4625,derived_ohlc4
HNX_CEO,CEO,2024-05-28 09:00:00,1447,0,15.99,16.34,15.56,16.25,4002593,64181578.755,derived_ohlc4
HNX_CEO,CEO,2024-05-29 09:00:00,1448,0,16.25,16.42,15.99,15.99,5501505,88918074.56250001,derived_ohlc4
HNX_CEO,CEO,2024-05-30 09:00:00,1449,0,15.99,16.68,15.82,16.51,11106108,180474255.0,derived_ohlc4
HNX_CEO,CEO,2024-05-31 09:00:00,1450,0,16.6,16.6,16.25,16.25,3251337,53403210.225,derived_ohlc4
HNX_CEO,CEO,2024-06-03 09:00:00,1451,0,16.34,16.77,16.34,16.51,6814034,112363420.66000001,derived_ohlc4
HNX_CEO,CEO,2024-06-04 09:00:00,1452,0,16.42,16.68,16.42,16.51,4544311,75015213.8325,derived_ohlc4
HNX_CEO,CEO,2024-06-05 09:00:00,1453,0,16.51,16.77,16.34,16.34,5311130,87580533.70000002,derived_ohlc4
HNX_CEO,CEO,2024-06-06 09:00:00,1454,0,15.65,16.51,15.65,16.16,4330497,69255473.2725,derived_ohlc4
HNX_CEO,CEO,2024-06-07 09:00:00,1455,0,16.16,16.34,16.08,16.08,4473304,72310959.16,derived_ohlc4
HNX_CEO,CEO,2024-06-10 09:00:00,1456,0,14.61,16.25,14.61,15.99,3572980,54898837.7,derived_ohlc4
HNX_CEO,CEO,2024-06-11 09:00:00,1457,0,16.08,16.25,15.82,15.91,4582253,73384781.795,derived_ohlc4
HNX_CEO,CEO,2024-06-12 09:00:00,1458,0,15.99,16.16,15.82,16.16,4396684,70489836.22999999,derived_ohlc4
HNX_CEO,CEO,2024-06-13 09:00:00,1459,0,16.08,16.51,16.08,16.16,5751791,93222152.6325,derived_ohlc4
HNX_CEO,CEO,2024-06-14 09:00:00,1460,0,16.25,16.34,15.82,15.82,4844136,77784713.82000001,derived_ohlc4
HNX_CEO,CEO,2024-06-17 09:00:00,1461,0,15.82,15.91,15.65,15.65,4435658,69894880.935,derived_ohlc4
HNX_CEO,CEO,2024-06-18 09:00:00,1462,0,15.65,15.82,15.56,15.65,3727371,58407903.57,derived_ohlc4
HNX_CEO,CEO,2024-06-19 09:00:00,1463,0,15.73,15.73,15.3,15.39,4931175,76618131.5625,derived_ohlc4
HNX_CEO,CEO,2024-06-20 09:00:00,1464,0,15.39,15.56,15.04,15.21,5159073,78933816.9,derived_ohlc4
HNX_CEO,CEO,2024-06-21 09:00:00,1465,0,15.21,15.39,14.96,15.04,3854429,58394599.35,derived_ohlc4
HNX_CEO,CEO,2024-06-24 09:00:00,1466,0,13.57,15.39,13.57,14.87,5426618,77871968.3,derived_ohlc4
HNX_CEO,CEO,2024-06-25 09:00:00,1467,0,14.26,15.04,14.26,14.87,3329695,48638519.71249999,derived_ohlc4
HNX_CEO,CEO,2024-06-26 09:00:00,1468,0,14.35,15.04,14.35,14.61,3620136,52808733.9,derived_ohlc4
HNX_CEO,CEO,2024-06-27 09:00:00,1469,0,13.23,14.96,13.23,14.78,3833700,53863485.0,derived_ohlc4
HNX_CEO,CEO,2024-06-28 09:00:00,1470,0,14.87,14.96,14.26,14.26,2926974,42697233.224999994,derived_ohlc4
HNX_CEO,CEO,2024-07-01 09:00:00,1471,0,13.92,14.52,13.92,14.44,2037472,28932102.4,derived_ohlc4
HNX_CEO,CEO,2024-07-02 09:00:00,1472,0,13.92,14.78,13.92,14.7,3015544,43212745.519999996,derived_ohlc4
HNX_CEO,CEO,2024-07-03 09:00:00,1473,0,14.35,14.78,14.35,14.61,1836240,26666795.4,derived_ohlc4
HNX_CEO,CEO,2024-07-04 09:00:00,1474,0,14.44,14.78,14.44,14.61,1988487,28967284.3725,derived_ohlc4
HNX_CEO,CEO,2024-07-05 09:00:00,1475,0,14.7,14.78,14.44,14.44,3061468,44666818.12,derived_ohlc4
HNX_CEO,CEO,2024-07-08 09:00:00,1476,0,14.26,14.7,14.26,14.35,2713630,39055919.775,derived_ohlc4
HNX_CEO,CEO,2024-07-09 09:00:00,1477,0,14.18,14.52,13.92,14.44,2805938,40026705.57,derived_ohlc4
HNX_CEO,CEO,2024-07-10 09:00:00,1478,0,14.44,14.7,14.44,14.52,3433951,49878138.275,derived_ohlc4
HNX_CEO,CEO,2024-07-11 09:00:00,1479,0,14.61,15.91,14.61,15.56,13464796,204294617.31,derived_ohlc4
HNX_CEO,CEO,2024-07-12 09:00:00,1480,0,15.65,15.73,15.21,15.21,3425474,52923573.300000004,derived_ohlc4
HNX_CEO,CEO,2024-07-15 09:00:00,1481,0,14.0,15.47,14.0,15.04,4334086,63396842.964999996,derived_ohlc4
HNX_CEO,CEO,2024-07-16 09:00:00,1482,0,13.92,15.3,13.92,14.78,4034799,58423889.52,derived_ohlc4
HNX_CEO,CEO,2024-07-17 09:00:00,1483,0,14.87,15.21,14.18,14.61,9460898,139240766.315,derived_ohlc4
HNX_CEO,CEO,2024-07-18 09:00:00,1484,0,14.26,14.87,14.26,14.78,2950993,42914815.7025,derived_ohlc4
HNX_CEO,CEO,2024-07-19 09:00:00,1485,0,14.78,14.87,14.26,14.35,5813426,84672549.69,derived_ohlc4
HNX_CEO,CEO,2024-07-22 09:00:00,1486,0,14.26,14.44,13.05,13.92,6312939,87860328.5325,derived_ohlc4
HNX_CEO,CEO,2024-07-23 09:00:00,1487,0,13.57,14.09,13.05,13.57,3023067,41023019.19,derived_ohlc4
HNX_CEO,CEO,2024-07-24 09:00:00,1488,0,13.23,14.18,13.05,13.83,6085124,82590345.49,derived_ohlc4
HNX_CEO,CEO,2024-07-25 09:00:00,1489,0,13.92,14.29,12.74,14.1,2495637,34346204.212500006,derived_ohlc4
HNX_CEO,CEO,2024-07-26 09:00:00,1490,0,13.01,14.29,12.74,13.92,2103894,28381530.06,derived_ohlc4
HNX_CEO,CEO,2024-07-29 09:00:00,1491,0,13.92,14.38,13.92,14.01,2861291,40222598.232499994,derived_ohlc4
HNX_CEO,CEO,2024-07-30 09:00:00,1492,0,13.65,14.2,12.74,13.74,3682198,50013454.33500001,derived_ohlc4
HNX_CEO,CEO,2024-07-31 09:00:00,1493,0,13.83,14.38,13.74,14.01,3891158,54437300.42,derived_ohlc4
HNX_CEO,CEO,2024-08-01 09:00:00,1494,0,13.74,14.2,13.01,13.28,5754076,78010885.36999999,derived_ohlc4
HNX_CEO,CEO,2024-08-02 09:00:00,1495,0,12.28,13.56,12.28,13.38,3474053,44728432.375,derived_ohlc4
HNX_CEO,CEO,2024-08-05 09:00:00,1496,0,13.38,13.38,12.1,12.19,10066349,128471779.1125,derived_ohlc4
HNX_CEO,CEO,2024-08-06 09:00:00,1497,0,12.19,12.74,11.01,12.74,5842988,71109163.96,derived_ohlc4
HNX_CEO,CEO,2024-08-07 09:00:00,1498,0,12.74,13.01,12.47,12.92,3139279,40135682.015,derived_ohlc4
HNX_CEO,CEO,2024-08-08 09:00:00,1499,0,12.47,13.1,12.47,12.65,3600317,45625017.1825,derived_ohlc4
HNX_CEO,CEO,2024-08-09 09:00:00,1500,0,12.38,12.92,12.38,12.65,3622708,45582723.41,derived_ohlc4
HNX_CEO,CEO,2024-08-12 09:00:00,1501,0,12.74,12.83,12.38,12.65,2343833,29649487.45,derived_ohlc4
HNX_CEO,CEO,2024-08-13 09:00:00,1502,0,12.28,13.19,12.28,12.92,4571547,57910071.6225,derived_ohlc4
HNX_CEO,CEO,2024-08-14 09:00:00,1503,0,12.92,13.1,12.74,12.74,1897291,24427621.625,derived_ohlc4
HNX_CEO,CEO,2024-08-15 09:00:00,1504,0,12.83,12.83,12.56,12.56,1791882,22747941.990000002,derived_ohlc4
HNX_CEO,CEO,2024-08-16 09:00:00,1505,0,12.65,13.74,12.56,13.74,13942427,183656619.65750003,derived_ohlc4
HNX_CEO,CEO,2024-08-19 09:00:00,1506,0,13.74,14.56,13.74,14.1,7252299,101786016.465,derived_ohlc4
HNX_CEO,CEO,2024-08-20 09:00:00,1507,0,13.83,15.38,13.19,15.29,15131247,218230409.8575,derived_ohlc4
HNX_CEO,CEO,2024-08-21 09:00:00,1508,0,15.38,15.65,14.92,15.2,8703592,133056162.70000002,derived_ohlc4
HNX_CEO,CEO,2024-08-22 09:00:00,1509,0,13.74,15.65,13.74,15.2,8643891,126049540.5075,derived_ohlc4
HNX_CEO,CEO,2024-08-23 09:00:00,1510,0,15.29,15.56,15.01,15.38,8281842,126795001.02000001,derived_ohlc4
HNX_CEO,CEO,2024-08-26 09:00:00,1511,0,15.56,15.74,15.2,15.2,6076734,93733621.95,derived_ohlc4
HNX_CEO,CEO,2024-08-27 09:00:00,1512,0,13.74,15.38,13.74,15.2,5520048,80123496.72,derived_ohlc4
HNX_CEO,CEO,2024-08-28 09:00:00,1513,0,15.2,15.38,14.29,15.01,10363255,155137927.35,derived_ohlc4
HNX_CEO,CEO,2024-08-29 09:00:00,1514,0,14.56,15.1,14.56,14.74,2557515,37697771.1,derived_ohlc4
HNX_CEO,CEO,2024-08-30 09:00:00,1515,0,14.2,14.92,14.2,14.65,5077499,73585654.2575,derived_ohlc4
HNX_CEO,CEO,2024-09-04 09:00:00,1516,0,14.56,15.2,14.38,15.1,8070730,119527511.3,derived_ohlc4
HNX_CEO,CEO,2024-09-05 09:00:00,1517,0,14.65,15.29,13.74,14.83,4720555,69049918.2625,derived_ohlc4
HNX_CEO,CEO,2024-09-06 09:00:00,1518,0,14.38,14.92,14.38,14.65,3486282,50838707.265,derived_ohlc4
HNX_CEO,CEO,2024-09-09 09:00:00,1519,0,14.29,14.83,14.29,14.47,4139010,59891474.699999996,derived_ohlc4
HNX_CEO,CEO,2024-09-10 09:00:00,1520,0,13.1,14.74,13.1,14.01,8957878,123058849.02499999,derived_ohlc4
HNX_CEO,CEO,2024-09-11 09:00:00,1521,0,13.74,14.2,13.56,13.92,4976436,68948520.78,derived_ohlc4
HNX_CEO,CEO,2024-09-12 09:00:00,1522,0,13.74,14.29,13.56,13.74,2347324,32469359.230000004,derived_ohlc4
HNX_CEO,CEO,2024-09-13 09:00:00,1523,0,12.38,14.01,12.38,13.92,3624265,47740630.712500006,derived_ohlc4
HNX_CEO,CEO,2024-09-16 09:00:00,1524,0,13.74,14.01,13.38,13.65,2587910,35441427.45,derived_ohlc4
HNX_CEO,CEO,2024-09-17 09:00:00,1525,0,13.65,14.2,13.19,14.1,4245424,58523169.84,derived_ohlc4
HNX_CEO,CEO,2024-09-18 09:00:00,1526,0,13.74,14.29,13.56,14.01,3321389,46167307.1,derived_ohlc4
HNX_CEO,CEO,2024-09-19 09:00:00,1527,0,14.1,14.74,14.01,14.29,6894668,98490332.38,derived_ohlc4
HNX_CEO,CEO,2024-09-20 09:00:00,1528,0,14.38,14.65,14.1,14.29,5678362,81512886.51,derived_ohlc4
HNX_CEO,CEO,2024-09-23 09:00:00,1529,0,14.2,14.38,14.01,14.1,2888326,40934800.235,derived_ohlc4
HNX_CEO,CEO,2024-09-24 09:00:00,1530,0,13.92,14.38,13.92,14.2,2505370,35338243.85,derived_ohlc4
HNX_CEO,CEO,2024-09-25 09:00:00,1531,0,14.38,15.01,14.29,14.65,11177244,162992160.63,derived_ohlc4
HNX_CEO,CEO,2024-09-26 09:00:00,1532,0,14.65,14.83,14.56,14.65,3926638,57613596.055,derived_ohlc4
HNX_CEO,CEO,2024-09-27 09:00:00,1533,0,14.74,15.01,14.56,14.65,7751463,114256564.62,derived_ohlc4
HNX_CEO,CEO,2024-09-30 09:00:00,1534,0,14.65,14.65,14.47,14.56,3634083,52994015.347500004,derived_ohlc4
HNX_CEO,CEO,2024-10-01 09:00:00,1535,0,14.38,14.92,14.1,14.65,7474549,108474392.3625,derived_ohlc4
HNX_CEO,CEO,2024-10-02 09:00:00,1536,0,14.47,14.65,14.2,14.29,5571942,80249894.655,derived_ohlc4
HNX_CEO,CEO,2024-10-03 09:00:00,1537,0,14.29,14.47,13.92,14.01,6443211,91316407.8975,derived_ohlc4
HNX_CEO,CEO,2024-10-04 09:00:00,1538,0,14.01,14.1,13.83,13.83,3460018,48241300.964999996,derived_ohlc4
HNX_CEO,CEO,2024-10-07 09:00:00,1539,0,13.56,14.01,13.38,13.83,2118256,29009515.92,derived_ohlc4
HNX_CEO,CEO,2024-10-08 09:00:00,1540,0,13.74,13.92,13.56,13.74,3772887,51839467.38,derived_ohlc4
HNX_CEO,CEO,2024-10-09 09:00:00,1541,0,13.74,14.01,13.74,13.92,2006858,27800000.445,derived_ohlc4
HNX_CEO,CEO,2024-10-10 09:00:00,1542,0,14.01,14.2,13.83,13.83,2330557,32552054.897499997,derived_ohlc4
HNX_CEO,CEO,2024-10-11 09:00:00,1543,0,13.74,14.01,13.74,13.92,2473669,34266499.822500005,derived_ohlc4
HNX_CEO,CEO,2024-10-14 09:00:00,1544,0,13.92,14.1,13.74,13.74,4434742,61532045.25,derived_ohlc4
HNX_CEO,CEO,2024-10-15 09:00:00,1545,0,13.74,13.92,13.28,13.38,7823560,106243944.8,derived_ohlc4
HNX_CEO,CEO,2024-10-16 09:00:00,1546,0,13.19,13.56,13.19,13.19,2638735,35048997.637499996,derived_ohlc4
HNX_CEO,CEO,2024-10-17 09:00:00,1547,0,13.1,14.1,12.92,14.01,7633558,103301123.63499999,derived_ohlc4
HNX_CEO,CEO,2024-10-18 09:00:00,1548,0,14.01,14.29,13.74,13.74,2874063,40078808.535000004,derived_ohlc4
HNX_CEO,CEO,2024-10-21 09:00:00,1549,0,12.65,14.01,12.65,13.74,4300364,57033577.550000004,derived_ohlc4
HNX_CEO,CEO,2024-10-22 09:00:00,1550,0,13.47,14.1,13.28,13.74,5465354,74588418.715,derived_ohlc4
HNX_CEO,CEO,2024-10-23 09:00:00,1551,0,13.28,14.2,13.28,13.92,5344196,73055159.32,derived_ohlc4
HNX_CEO,CEO,2024-10-24 09:00:00,1552,0,12.56,14.1,12.56,13.74,3028090,40091911.6,derived_ohlc4
HNX_CEO,CEO,2024-10-25 09:00:00,1553,0,13.65,14.29,13.56,14.01,9531532,132273835.33,derived_ohlc4
HNX_CEO,CEO,2024-10-28 09:00:00,1554,0,12.65,14.1,12.65,14.01,2109364,28165282.81,derived_ohlc4
HNX_CEO,CEO,2024-10-29 09:00:00,1555,0,14.01,14.2,13.74,13.83,4084810,56962675.45,derived_ohlc4
HNX_CEO,CEO,2024-10-30 09:00:00,1556,0,13.56,13.92,13.47,13.83,2652709,36328849.755,derived_ohlc4
HNX_CEO,CEO,2024-10-31 09:00:00,1557,0,13.83,13.92,13.65,13.74,1846594,25455298.29,derived_ohlc4
HNX_CEO,CEO,2024-11-01 09:00:00,1558,0,13.74,13.92,13.56,13.65,3363303,46136108.902499996,derived_ohlc4
HNX_CEO,CEO,2024-11-04 09:00:00,1559,0,13.65,13.74,13.38,13.47,2886475,39140601.0,derived_ohlc4
HNX_CEO,CEO,2024-11-05 09:00:00,1560,0,13.47,13.74,13.47,13.65,2391053,32476477.3725,derived_ohlc4
HNX_CEO,CEO,2024-11-06 09:00:00,1561,0,13.65,13.83,13.56,13.83,2435551,33409670.842499997,derived_ohlc4
HNX_CEO,CEO,2024-11-07 09:00:00,1562,0,13.92,14.2,13.74,13.83,7346398,102280226.155,derived_ohlc4
HNX_CEO,CEO,2024-11-08 09:00:00,1563,0,13.83,14.01,13.65,13.65,2557282,35252132.37,derived_ohlc4
HNX_CEO,CEO,2024-11-11 09:00:00,1564,0,13.47,13.74,13.28,13.47,3560033,48024845.17,derived_ohlc4
HNX_CEO,CEO,2024-11-12 09:00:00,1565,0,13.47,13.74,13.47,13.56,2100912,28488366.720000003,derived_ohlc4
HNX_CEO,CEO,2024-11-13 09:00:00,1566,0,13.56,13.74,13.38,13.56,3096211,41984621.160000004,derived_ohlc4
HNX_CEO,CEO,2024-11-14 09:00:00,1567,0,13.38,13.65,13.19,13.19,2856370,38139680.425,derived_ohlc4
HNX_CEO,CEO,2024-11-15 09:00:00,1568,0,12.56,13.38,12.38,12.83,4612560,58983111.0,derived_ohlc4
HNX_CEO,CEO,2024-11-18 09:00:00,1569,0,12.83,13.19,12.74,13.01,2935175,37988502.4375,derived_ohlc4
HNX_CEO,CEO,2024-11-19 09:00:00,1570,0,13.01,13.1,12.65,12.65,2001644,25726129.509999998,derived_ohlc4
HNX_CEO,CEO,2024-11-20 09:00:00,1571,0,11.46,13.47,11.46,13.1,7508535,92899349.28750001,derived_ohlc4
HNX_CEO,CEO,2024-11-21 09:00:00,1572,0,13.1,13.28,13.1,13.19,1688243,22229939.702499997,derived_ohlc4
HNX_CEO,CEO,2024-11-22 09:00:00,1573,0,13.19,13.28,12.92,12.92,2993689,39149967.8975,derived_ohlc4
HNX_CEO,CEO,2024-11-25 09:00:00,1574,0,11.92,13.1,11.92,12.74,3379152,41969067.839999996,derived_ohlc4
HNX_CEO,CEO,2024-11-26 09:00:00,1575,0,12.65,13.28,12.38,13.01,3603984,46239114.72,derived_ohlc4
HNX_CEO,CEO,2024-11-27 09:00:00,1576,0,11.92,13.19,11.74,12.92,1648326,20509296.255000003,derived_ohlc4
HNX_CEO,CEO,2024-11-28 09:00:00,1577,0,12.92,13.1,12.83,12.92,1810655,23434402.337500002,derived_ohlc4
HNX_CEO,CEO,2024-11-29 09:00:00,1578,0,12.92,13.01,12.74,12.92,2591349,33421923.727500003,derived_ohlc4
HNX_CEO,CEO,2024-12-02 09:00:00,1579,0,12.92,13.1,12.74,12.83,1866725,24076085.6875,derived_ohlc4
HNX_CEO,CEO,2024-12-03 09:00:00,1580,0,12.74,12.92,12.47,12.74,2352150,29913467.625000004,derived_ohlc4
HNX_CEO,CEO,2024-12-04 09:00:00,1581,0,12.65,13.1,12.38,12.83,4434539,56496026.86,derived_ohlc4
HNX_CEO,CEO,2024-12-05 09:00:00,1582,0,11.56,13.47,11.56,13.28,8270096,103107421.88000001,derived_ohlc4
HNX_CEO,CEO,2024-12-06 09:00:00,1583,0,13.28,13.47,13.1,13.1,3252234,43051447.575,derived_ohlc4
HNX_CEO,CEO,2024-12-09 09:00:00,1584,0,12.92,13.38,12.92,13.19,3379083,44274435.0075,derived_ohlc4
HNX_CEO,CEO,2024-12-10 09:00:00,1585,0,13.19,13.28,13.1,13.19,2318328,30578746.32,derived_ohlc4
HNX_CEO,CEO,2024-12-11 09:00:00,1586,0,13.19,13.28,13.01,13.01,2700803,35441287.3675,derived_ohlc4
HNX_CEO,CEO,2024-12-12 09:00:00,1587,0,12.74,13.1,12.56,12.83,3116849,39919043.567499995,derived_ohlc4
HNX_CEO,CEO,2024-12-13 09:00:00,1588,0,12.74,12.92,12.65,12.74,3216136,41045935.7,derived_ohlc4
HNX_CEO,CEO,2024-12-16 09:00:00,1589,0,12.74,12.92,12.65,12.74,2611366,33327558.575000003,derived_ohlc4
HNX_CEO,CEO,2024-12-17 09:00:00,1590,0,12.74,12.83,12.65,12.65,1772685,22544121.487499997,derived_ohlc4
HNX_CEO,CEO,2024-12-18 09:00:00,1591,0,12.38,12.74,12.38,12.74,1563670,19639695.2,derived_ohlc4
HNX_CEO,CEO,2024-12-19 09:00:00,1592,0,12.74,12.74,12.28,12.47,4513323,56676053.5725,derived_ohlc4
HNX_CEO,CEO,2024-12-20 09:00:00,1593,0,12.38,12.56,12.38,12.47,2838344,35330286.94,derived_ohlc4
HNX_CEO,CEO,2024-12-23 09:00:00,1594,0,11.56,12.65,11.56,12.47,1719624,20738665.44,derived_ohlc4
HNX_CEO,CEO,2024-12-24 09:00:00,1595,0,11.92,12.56,11.56,12.28,5000014,60400169.12,derived_ohlc4
HNX_CEO,CEO,2024-12-25 09:00:00,1596,0,11.1,12.56,11.1,12.38,3157436,37210383.26,derived_ohlc4
HNX_CEO,CEO,2024-12-26 09:00:00,1597,0,12.28,12.56,12.28,12.38,2326831,28794533.625,derived_ohlc4
HNX_CEO,CEO,2024-12-27 09:00:00,1598,0,12.38,12.47,12.19,12.28,2115605,26085409.65,derived_ohlc4
HNX_CEO,CEO,2024-12-30 09:00:00,1599,0,11.92,12.38,11.92,12.19,2031138,24581847.645,derived_ohlc4
HNX_CEO,CEO,2024-12-31 09:00:00,1600,0,12.19,12.28,12.01,12.01,2222678,26944414.054999996,derived_ohlc4
HNX_CEO,CEO,2025-01-02 09:00:00,1601,0,11.74,12.19,11.74,12.1,1155734,13802353.295000002,derived_ohlc4
HNX_CEO,CEO,2025-01-03 09:00:00,1602,0,11.74,12.19,10.92,11.83,2319068,27063523.56,derived_ohlc4
HNX_CEO,CEO,2025-01-06 09:00:00,1603,0,11.01,11.92,11.01,11.37,3883874,43994582.73499999,derived_ohlc4
HNX_CEO,CEO,2025-01-07 09:00:00,1604,0,11.01,11.46,10.74,10.92,5126353,56556489.472500004,derived_ohlc4
HNX_CEO,CEO,2025-01-08 09:00:00,1605,0,10.46,11.28,10.1,11.1,4181731,44890882.285000004,derived_ohlc4
HNX_CEO,CEO,2025-01-09 09:00:00,1606,0,11.1,11.19,10.92,11.01,1397163,15445636.965,derived_ohlc4
HNX_CEO,CEO,2025-01-10 09:00:00,1607,0,10.74,11.1,10.56,10.74,2959688,31920235.080000002,derived_ohlc4
HNX_CEO,CEO,2025-01-13 09:00:00,1608,0,10.46,10.83,10.28,10.74,3804284,40239814.010000005,derived_ohlc4
HNX_CEO,CEO,2025-01-14 09:00:00,1609,0,10.37,10.92,10.28,10.56,2629946,27699906.245,derived_ohlc4
HNX_CEO,CEO,2025-01-15 09:00:00,1610,0,9.56,11.01,9.56,10.92,3836130,39368284.12500001,derived_ohlc4
HNX_CEO,CEO,2025-01-16 09:00:00,1611,0,10.1,11.28,10.1,11.01,2274355,24159335.987499997,derived_ohlc4
HNX_CEO,CEO,2025-01-17 09:00:00,1612,0,11.01,11.83,10.92,11.46,5492911,62097358.855,derived_ohlc4
HNX_CEO,CEO,2025-01-20 09:00:00,1613,0,11.1,11.65,10.65,11.19,1825012,20344321.27,derived_ohlc4
HNX_CEO,CEO,2025-01-21 09:00:00,1614,0,11.01,11.46,10.37,11.28,2495634,27526843.02,derived_ohlc4
HNX_CEO,CEO,2025-01-22 09:00:00,1615,0,11.1,11.46,10.92,11.1,2192773,24438455.085000005,derived_ohlc4
HNX_CEO,CEO,2025-01-23 09:00:00,1616,0,10.28,11.37,10.28,11.28,1538728,16622109.22,derived_ohlc4
HNX_CEO,CEO,2025-01-24 09:00:00,1617,0,11.1,11.56,10.19,11.28,2861378,31568152.785,derived_ohlc4
HNX_CEO,CEO,2025-02-03 09:00:00,1618,0,11.19,11.46,11.19,11.37,2277569,25742223.622499995,derived_ohlc4
HNX_CEO,CEO,2025-02-04 09:00:00,1619,0,10.28,11.83,10.28,11.83,4044972,44717165.46,derived_ohlc4
HNX_CEO,CEO,2025-02-05 09:00:00,1620,0,11.01,12.65,11.01,12.38,10797346,127003782.32500002,derived_ohlc4
HNX_CEO,CEO,2025-02-06 09:00:00,1621,0,11.19,12.47,11.19,12.1,2829926,33216256.425,derived_ohlc4
HNX_CEO,CEO,2025-02-07 09:00:00,1622,0,12.01,12.47,12.01,12.1,6141390,74602535.025,derived_ohlc4
HNX_CEO,CEO,2025-02-10 09:00:00,1623,0,11.74,12.19,11.74,11.74,4879502,57834297.455000006,derived_ohlc4
HNX_CEO,CEO,2025-02-11 09:00:00,1624,0,11.46,11.92,11.46,11.74,2935126,34179542.27,derived_ohlc4
HNX_CEO,CEO,2025-02-12 09:00:00,1625,0,10.65,11.92,10.65,11.65,2135996,23960535.13,derived_ohlc4
HNX_CEO,CEO,2025-02-13 09:00:00,1626,0,10.56,11.83,10.56,11.74,1899646,21223794.935000002,derived_ohlc4
HNX_CEO,CEO,2025-02-14 09:00:00,1627,0,10.65,12.01,10.65,11.92,3141278,35520000.985,derived_ohlc4
HNX_CEO,CEO,2025-02-17 09:00:00,1628,0,11.83,12.56,11.65,12.1,5756701,69281896.535,derived_ohlc4
HNX_CEO,CEO,2025-02-18 09:00:00,1629,0,11.83,12.74,11.83,12.47,10224829,124921848.30749999,derived_ohlc4
HNX_CEO,CEO,2025-02-19 09:00:00,1630,0,12.19,13.38,12.19,13.28,15197162,193915787.12,derived_ohlc4
HNX_CEO,CEO,2025-02-20 09:00:00,1631,0,12.01,13.47,12.01,12.92,6740802,84950957.20500001,derived_ohlc4
HNX_CEO,CEO,2025-02-21 09:00:00,1632,0,12.74,13.38,12.65,13.19,8391970,109011690.3,derived_ohlc4
HNX_CEO,CEO,2025-02-24 09:00:00,1633,0,12.92,13.38,12.92,13.19,4155424,54446442.95999999,derived_ohlc4
HNX_CEO,CEO,2025-02-25 09:00:00,1634,0,12.01,13.65,12.01,13.19,7458748,94837980.82,derived_ohlc4
HNX_CEO,CEO,2025-02-26 09:00:00,1635,0,12.92,13.38,12.92,13.19,4094433,53647308.38249999,derived_ohlc4
HNX_CEO,CEO,2025-02-27 09:00:00,1636,0,13.19,13.56,12.92,13.47,8282031,110026781.83500001,derived_ohlc4
HNX_CEO,CEO,2025-02-28 09:00:00,1637,0,13.1,13.56,13.1,13.28,5533167,73369794.42,derived_ohlc4
HNX_CEO,CEO,2025-03-03 09:00:00,1638,0,13.38,13.56,13.28,13.28,6060898,81064510.75,derived_ohlc4
HNX_CEO,CEO,2025-03-04 09:00:00,1639,0,12.83,13.56,12.83,13.28,6129935,80455396.875,derived_ohlc4
HNX_CEO,CEO,2025-03-05 09:00:00,1640,0,12.1,13.47,12.1,13.01,4868473,61683552.91,derived_ohlc4
HNX_CEO,CEO,2025-03-06 09:00:00,1641,0,12.83,13.28,12.83,13.28,6432745,83979485.975,derived_ohlc4
HNX_CEO,CEO,2025-03-07 09:00:00,1642,0,12.1,14.1,12.1,13.65,15268486,198299461.92499998,derived_ohlc4
HNX_CEO,CEO,2025-03-10 09:00:00,1643,0,13.65,13.92,13.56,13.56,5042114,68938303.665,derived_ohlc4
HNX_CEO,CEO,2025-03-11 09:00:00,1644,0,13.38,13.65,13.28,13.65,7164900,96654501.0,derived_ohlc4
HNX_CEO,CEO,2025-03-12 09:00:00,1645,0,13.65,13.83,13.38,13.56,7560480,102860330.4,derived_ohlc4
HNX_CEO,CEO,2025-03-13 09:00:00,1646,0,13.19,13.83,13.19,13.38,7014434,93975879.515,derived_ohlc4
HNX_CEO,CEO,2025-03-14 09:00:00,1647,0,13.38,13.92,13.28,13.56,10457505,141542330.175,derived_ohlc4
HNX_CEO,CEO,2025-03-17 09:00:00,1648,0,13.74,14.2,13.56,14.2,11855823,165092335.275,derived_ohlc4
HNX_CEO,CEO,2025-03-18 09:00:00,1649,0,13.92,14.29,13.83,13.83,6721523,93882872.5025,derived_ohlc4
HNX_CEO,CEO,2025-03-19 09:00:00,1650,0,13.56,13.92,12.56,13.74,5126340,68923641.3,derived_ohlc4
HNX_CEO,CEO,2025-03-20 09:00:00,1651,0,13.83,13.92,13.47,13.83,5380958,74055434.475,derived_ohlc4
HNX_CEO,CEO,2025-03-21 09:00:00,1652,0,12.74,13.92,12.74,13.65,2950551,39131682.637499996,derived_ohlc4
HNX_CEO,CEO,2025-03-24 09:00:00,1653,0,13.56,13.74,13.28,13.56,5514200,74634697.0,derived_ohlc4
HNX_CEO,CEO,2025-03-25 09:00:00,1654,0,13.47,13.83,13.47,13.65,4685980,63752757.9,derived_ohlc4
HNX_CEO,CEO,2025-03-26 09:00:00,1655,0,13.28,13.74,13.28,13.38,3761297,50476605.74,derived_ohlc4
HNX_CEO,CEO,2025-03-27 09:00:00,1656,0,13.1,13.47,13.1,13.28,5057919,66954202.7625,derived_ohlc4
HNX_CEO,CEO,2025-03-28 09:00:00,1657,0,13.19,13.47,12.92,13.01,5266691,69243819.9225,derived_ohlc4
HNX_CEO,CEO,2025-03-31 09:00:00,1658,0,12.92,13.19,12.74,12.92,5743346,74333255.605,derived_ohlc4
HNX_CEO,CEO,2025-04-01 09:00:00,1659,0,12.83,13.1,12.74,13.1,2361963,30569706.1275,derived_ohlc4
HNX_CEO,CEO,2025-04-02 09:00:00,1660,0,13.1,13.38,13.1,13.1,3226353,42491069.01,derived_ohlc4
HNX_CEO,CEO,2025-04-03 09:00:00,1661,0,12.38,12.92,11.83,11.83,15538090,190186221.6,derived_ohlc4
HNX_CEO,CEO,2025-04-04 09:00:00,1662,0,11.83,11.83,10.65,11.46,16098497,184207051.9225,derived_ohlc4
HNX_CEO,CEO,2025-04-08 09:00:00,1663,0,10.56,11.46,10.37,10.37,9856790,105369085.1,derived_ohlc4
HNX_CEO,CEO,2025-04-09 09:00:00,1664,0,9.37,10.37,9.37,9.37,15444974,148580649.88,derived_ohlc4
HNX_CEO,CEO,2025-04-10 09:00:00,1665,0,10.28,10.28,10.28,10.28,262308,2696526.2399999998,derived_ohlc4
HNX_CEO,CEO,2025-04-11 09:00:00,1666,0,11.19,11.28,10.56,11.28,17199646,190529078.565,derived_ohlc4
HNX_CEO,CEO,2025-04-14 09:00:00,1667,0,11.28,11.46,10.37,11.46,6233260,69454099.55,derived_ohlc4
HNX_CEO,CEO,2025-04-15 09:00:00,1668,0,11.37,11.46,11.01,11.1,6620662,74383137.57,derived_ohlc4
HNX_CEO,CEO,2025-04-16 09:00:00,1669,0,11.01,11.37,10.92,11.19,4911683,54630194.1675,derived_ohlc4
HNX_CEO,CEO,2025-04-17 09:00:00,1670,0,11.1,11.65,10.74,11.56,12259783,138075806.03750002,derived_ohlc4
HNX_CEO,CEO,2025-04-18 09:00:00,1671,0,11.56,11.83,11.46,11.56,9777098,113438779.545,derived_ohlc4
HNX_CEO,CEO,2025-04-21 09:00:00,1672,0,11.46,11.74,11.28,11.37,6727115,77109555.6875,derived_ohlc4
HNX_CEO,CEO,2025-04-22 09:00:00,1673,0,10.65,11.37,10.28,11.1,15484598,168007888.29999998,derived_ohlc4
HNX_CEO,CEO,2025-04-23 09:00:00,1674,0,11.1,11.74,11.1,11.28,7131462,80621177.91,derived_ohlc4
HNX_CEO,CEO,2025-04-24 09:00:00,1675,0,11.37,11.65,11.19,11.37,5610623,63933049.085,derived_ohlc4
HNX_CEO,CEO,2025-04-25 09:00:00,1676,0,11.46,11.56,11.19,11.19,4846590,55008796.5,derived_ohlc4
HNX_CEO,CEO,2025-04-28 09:00:00,1677,0,11.1,11.37,11.1,11.28,2924297,32788680.1125,derived_ohlc4
HNX_CEO,CEO,2025-04-29 09:00:00,1678,0,11.28,11.37,11.1,11.19,3138859,35265080.864999995,derived_ohlc4
HNX_CEO,CEO,2025-05-05 09:00:00,1679,0,11.19,11.46,11.19,11.37,3075500,34760838.74999999,derived_ohlc4
HNX_CEO,CEO,2025-05-06 09:00:00,1680,0,11.28,11.92,10.37,11.56,9998000,112802435.0,derived_ohlc4
HNX_CEO,CEO,2025-05-07 09:00:00,1681,0,11.56,12.01,11.46,11.74,8197900,95853945.75,derived_ohlc4
HNX_CEO,CEO,2025-05-08 09:00:00,1682,0,11.74,11.92,11.56,11.65,4469600,52372538.0,derived_ohlc4
HNX_CEO,CEO,2025-05-09 09:00:00,1683,0,11.74,12.01,11.46,11.65,8920200,104500143.0,derived_ohlc4
HNX_CEO,CEO,2025-05-12 09:00:00,1684,0,11.65,11.83,11.56,11.74,3927400,45930943.0,derived_ohlc4
HNX_CEO,CEO,2025-05-13 09:00:00,1685,0,11.83,12.01,11.65,11.74,7567700,89355617.75000001,derived_ohlc4
HNX_CEO,CEO,2025-05-14 09:00:00,1686,0,11.74,11.92,11.56,11.83,7783600,91554595.0,derived_ohlc4
HNX_CEO,CEO,2025-05-15 09:00:00,1687,0,11.83,12.28,11.83,12.01,10644300,127598546.24999999,derived_ohlc4
HNX_CEO,CEO,2025-05-16 09:00:00,1688,0,12.1,12.28,11.92,11.92,6782400,81761832.0,derived_ohlc4
HNX_CEO,CEO,2025-05-19 09:00:00,1689,0,11.92,12.1,11.74,11.83,6179700,73522980.75,derived_ohlc4
HNX_CEO,CEO,2025-05-20 09:00:00,1690,0,11.83,12.01,11.65,11.74,6275100,74093243.25,derived_ohlc4
HNX_CEO,CEO,2025-05-21 09:00:00,1691,0,11.83,11.83,11.46,11.74,8913200,104418138.00000001,derived_ohlc4
HNX_CEO,CEO,2025-05-22 09:00:00,1692,0,11.74,11.92,11.56,11.65,8046700,94287207.25,derived_ohlc4
HNX_CEO,CEO,2025-05-23 09:00:00,1693,0,11.56,11.74,11.46,11.56,3925100,45452658.00000001,derived_ohlc4
HNX_CEO,CEO,2025-05-26 09:00:00,1694,0,11.46,12.19,11.28,12.1,13800800,162262906.0,derived_ohlc4
HNX_CEO,CEO,2025-05-27 09:00:00,1695,0,12.01,13.28,12.01,13.28,28738300,363395803.5,derived_ohlc4
HNX_CEO,CEO,2025-05-28 09:00:00,1696,0,13.38,13.92,13.19,13.47,16318000,220129820.0,derived_ohlc4
HNX_CEO,CEO,2025-05-29 09:00:00,1697,0,13.47,14.47,13.38,14.2,27535200,382188576.0,derived_ohlc4
HNX_CEO,CEO,2025-05-30 09:00:00,1698,0,13.56,15.29,13.19,15.01,27983600,399116095.0,derived_ohlc4
HNX_CEO,CEO,2025-06-02 09:00:00,1699,0,15.2,16.47,14.83,16.29,27474800,431285673.0,derived_ohlc4
HNX_CEO,CEO,2025-06-03 09:00:00,1700,0,16.38,17.29,15.92,16.74,27851200,461842524.0,derived_ohlc4
HNX_CEO,CEO,2025-06-04 09:00:00,1701,0,16.74,17.47,16.47,16.92,19281900,325864110.0,derived_ohlc4
HNX_CEO,CEO,2025-06-05 09:00:00,1702,0,16.92,17.74,16.83,17.11,25279600,433545139.99999994,derived_ohlc4
HNX_CEO,CEO,2025-06-06 09:00:00,1703,0,17.11,17.29,16.29,16.47,35454900,595287771.0,derived_ohlc4
HNX_CEO,CEO,2025-06-09 09:00:00,1704,0,16.47,17.11,16.11,16.74,20020600,332492114.49999994,derived_ohlc4
HNX_CEO,CEO,2025-06-10 09:00:00,1705,0,16.47,17.02,16.02,16.29,17926100,294884344.99999994,derived_ohlc4
HNX_CEO,CEO,2025-06-11 09:00:00,1706,0,16.02,16.65,15.65,16.38,23375400,378097095.0,derived_ohlc4
HNX_CEO,CEO,2025-06-12 09:00:00,1707,0,16.47,17.02,16.29,16.47,16503700,273342531.25,derived_ohlc4
HNX_CEO,CEO,2025-06-13 09:00:00,1708,0,16.47,16.47,15.2,15.83,42989500,687509578.75,derived_ohlc4
HNX_CEO,CEO,2025-06-16 09:00:00,1709,0,15.47,16.2,15.2,16.11,10262400,161581488.0,derived_ohlc4
HNX_CEO,CEO,2025-06-17 09:00:00,1710,0,16.11,16.74,16.11,16.2,19949100,324970839.0,derived_ohlc4
HNX_CEO,CEO,2025-06-18 09:00:00,1711,0,16.38,16.56,15.74,15.83,13676500,220567753.75000003,derived_ohlc4
HNX_CEO,CEO,2025-06-19 09:00:00,1712,0,15.83,16.74,15.65,16.56,27833100,450757054.5,derived_ohlc4
HNX_CEO,CEO,2025-06-20 09:00:00,1713,0,16.56,16.83,16.2,16.29,9234000,152083980.0,derived_ohlc4
HNX_CEO,CEO,2025-06-23 09:00:00,1714,0,16.38,16.83,15.92,16.83,20794400,342899655.99999994,derived_ohlc4
HNX_CEO,CEO,2025-06-24 09:00:00,1715,0,16.83,17.29,16.56,16.56,17673000,297083130.0,derived_ohlc4
HNX_CEO,CEO,2025-06-25 09:00:00,1716,0,16.65,16.83,16.29,16.29,15007500,247848862.5,derived_ohlc4
HNX_CEO,CEO,2025-06-26 09:00:00,1717,0,16.29,16.47,16.11,16.38,10602500,172953281.25,derived_ohlc4
HNX_CEO,CEO,2025-06-27 09:00:00,1718,0,16.38,16.83,16.2,16.29,15890500,261001462.49999994,derived_ohlc4
HNX_CEO,CEO,2025-06-30 09:00:00,1719,0,16.47,16.83,16.11,16.29,9803100,161015917.49999997,derived_ohlc4
HNX_CEO,CEO,2025-07-01 09:00:00,1720,0,14.83,16.47,14.83,15.83,20291800,314319981.99999994,derived_ohlc4
HNX_CEO,CEO,2025-07-02 09:00:00,1721,0,14.29,16.11,14.29,16.11,10853900,164979280.0,derived_ohlc4
HNX_CEO,CEO,2025-07-03 09:00:00,1722,0,16.11,16.56,15.83,15.92,21559200,347210916.0,derived_ohlc4
HNX_CEO,CEO,2025-07-04 09:00:00,1723,0,15.92,16.83,15.92,16.38,20553600,334252920.0,derived_ohlc4
HNX_CEO,CEO,2025-07-07 09:00:00,1724,0,16.38,17.47,16.29,17.2,31855500,536287342.49999994,derived_ohlc4
HNX_CEO,CEO,2025-07-08 09:00:00,1725,0,17.29,17.38,16.83,17.11,15294600,262340626.5,derived_ohlc4
HNX_CEO,CEO,2025-07-09 09:00:00,1726,0,17.11,17.65,16.92,17.11,24427400,420090211.49999994,derived_ohlc4
HNX_CEO,CEO,2025-07-10 09:00:00,1727,0,17.11,18.02,17.02,17.29,21120700,366655352.0,derived_ohlc4
HNX_CEO,CEO,2025-07-11 09:00:00,1728,0,17.29,17.38,16.92,17.02,18954200,325111915.5,derived_ohlc4
HNX_CEO,CEO,2025-07-14 09:00:00,1729,0,17.02,17.74,16.38,17.56,33873900,581784232.5,derived_ohlc4
HNX_CEO,CEO,2025-07-15 09:00:00,1730,0,17.65,18.02,17.2,17.2,19742900,345846250.75000006,derived_ohlc4
HNX_CEO,CEO,2025-07-16 09:00:00,1731,0,17.2,17.74,17.11,17.38,23130200,401482446.49999994,derived_ohlc4
HNX_CEO,CEO,2025-07-17 09:00:00,1732,0,17.47,19.11,17.29,19.11,50021700,912645916.4999999,derived_ohlc4
HNX_CEO,CEO,2025-07-18 09:00:00,1733,0,19.11,21.02,19.11,20.56,33145500,661252725.0,derived_ohlc4
HNX_CEO,CEO,2025-07-21 09:00:00,1734,0,20.84,20.84,19.75,19.93,28985900,589573206.0,derived_ohlc4
HNX_CEO,CEO,2025-07-22 09:00:00,1735,0,19.38,20.38,19.38,20.38,24561500,488282620.0,derived_ohlc4
HNX_CEO,CEO,2025-07-23 09:00:00,1736,0,20.47,21.75,19.84,20.02,27018700,554423724.0,derived_ohlc4
HNX_CEO,CEO,2025-07-24 09:00:00,1737,0,20.02,20.66,19.84,20.2,17934900,361926282.0,derived_ohlc4
HNX_CEO,CEO,2025-07-25 09:00:00,1738,0,20.2,21.11,20.11,20.84,26850800,552186702.0,derived_ohlc4
HNX_CEO,CEO,2025-07-28 09:00:00,1739,0,20.93,22.84,20.84,22.84,35975400,786512182.5,derived_ohlc4
HNX_CEO,CEO,2025-07-29 09:00:00,1740,0,25.02,25.12,20.56,20.56,57817100,1319097136.5,derived_ohlc4
HNX_CEO,CEO,2025-07-30 09:00:00,1741,0,20.56,21.48,20.29,21.48,26899600,563613869.0,derived_ohlc4
HNX_CEO,CEO,2025-07-31 09:00:00,1742,0,21.84,22.11,20.38,21.93,32281100,696141921.4999999,derived_ohlc4
HNX_CEO,CEO,2025-08-01 09:00:00,1743,0,22.2,22.29,21.2,21.2,17328100,376409652.25,derived_ohlc4
HNX_CEO,CEO,2025-08-04 09:00:00,1744,0,21.29,21.75,20.66,21.48,19540900,416123465.50000006,derived_ohlc4
HNX_CEO,CEO,2025-08-05 09:00:00,1745,0,21.57,23.2,20.02,21.66,48291000,1043689237.4999999,derived_ohlc4
HNX_CEO,CEO,2025-08-06 09:00:00,1746,0,21.66,21.93,21.29,21.57,17287700,373630416.24999994,derived_ohlc4
HNX_CEO,CEO,2025-08-07 09:00:00,1747,0,21.95,23.0,21.95,22.71,18871200,422762058.00000006,derived_ohlc4
HNX_CEO,CEO,2025-08-08 09:00:00,1748,0,22.71,24.91,22.52,24.43,46678100,1103586979.25,derived_ohlc4
HNX_CEO,CEO,2025-08-11 09:00:00,1749,0,24.72,26.24,24.52,24.91,24177400,606792296.4999999,derived_ohlc4
HNX_CEO,CEO,2025-08-12 09:00:00,1750,0,24.91,25.76,23.66,24.81,29697900,736062451.5,derived_ohlc4
HNX_CEO,CEO,2025-08-13 09:00:00,1751,0,25.19,25.96,24.14,24.81,27016600,676090415.0,derived_ohlc4
HNX_CEO,CEO,2025-08-14 09:00:00,1752,0,24.81,26.81,24.62,26.34,35080500,899639422.5,derived_ohlc4
HNX_CEO,CEO,2025-08-15 09:00:00,1753,0,26.34,26.62,24.81,25.1,27264700,701179922.25,derived_ohlc4
HNX_CEO,CEO,2025-08-18 09:00:00,1754,0,25.1,25.86,24.33,25.38,29120100,732880116.7499999,derived_ohlc4
HNX_CEO,CEO,2025-08-19 09:00:00,1755,0,25.38,27.48,25.0,25.76,32358700,838252123.5,derived_ohlc4
HNX_CEO,CEO,2025-08-20 09:00:00,1756,0,25.76,26.15,23.38,24.72,31569600,789318923.9999999,derived_ohlc4
HNX_CEO,CEO,2025-08-21 09:00:00,1757,0,25.0,25.0,23.48,23.66,24705300,599968210.5,derived_ohlc4
HNX_CEO,CEO,2025-08-22 09:00:00,1758,0,23.66,23.76,21.66,22.42,42168100,964595287.5,derived_ohlc4
HNX_CEO,CEO,2025-08-25 09:00:00,1759,0,21.47,23.19,21.47,22.33,18637700,412172735.5,derived_ohlc4
HNX_CEO,CEO,2025-08-26 09:00:00,1760,0,22.33,23.76,22.23,23.66,16738600,384904107.0,derived_ohlc4
HNX_CEO,CEO,2025-08-27 09:00:00,1761,0,23.86,24.72,23.48,23.48,21007800,501771303.00000006,derived_ohlc4
HNX_CEO,CEO,2025-08-28 09:00:00,1762,0,23.48,23.57,22.81,23.28,10907600,253983466.0,derived_ohlc4
HNX_CEO,CEO,2025-08-29 09:00:00,1763,0,23.48,24.24,23.28,23.48,15895100,375442262.0,derived_ohlc4
HNX_CEO,CEO,2025-09-03 09:00:00,1764,0,23.48,25.19,23.38,25.0,23818900,577906061.25,derived_ohlc4
HNX_CEO,CEO,2025-09-04 09:00:00,1765,0,25.29,25.86,24.62,24.72,17498100,439596017.25,derived_ohlc4
HNX_CEO,CEO,2025-09-05 09:00:00,1766,0,24.81,26.15,24.62,24.62,31209800,781805490.0,derived_ohlc4
HNX_CEO,CEO,2025-09-08 09:00:00,1767,0,24.62,24.81,22.62,22.62,28920600,684478300.5,derived_ohlc4
HNX_CEO,CEO,2025-09-09 09:00:00,1768,0,22.62,23.09,22.33,23.0,14235500,323999980.0,derived_ohlc4
HNX_CEO,CEO,2025-09-10 09:00:00,1769,0,23.0,23.28,22.52,22.62,12375800,282848909.0,derived_ohlc4
HNX_CEO,CEO,2025-09-11 09:00:00,1770,0,22.62,22.9,21.38,22.71,18436300,413019210.74999994,derived_ohlc4
HNX_CEO,CEO,2025-09-12 09:00:00,1771,0,22.9,23.86,22.71,23.0,12364500,285836328.75,derived_ohlc4
HNX_CEO,CEO,2025-09-15 09:00:00,1772,0,23.0,23.57,23.0,23.48,11264700,262045083.75,derived_ohlc4
HNX_CEO,CEO,2025-09-16 09:00:00,1773,0,23.76,24.14,23.0,23.0,14981300,351686017.5,derived_ohlc4
HNX_CEO,CEO,2025-09-17 09:00:00,1774,0,23.0,23.38,22.52,22.52,8415500,192336252.49999997,derived_ohlc4
HNX_CEO,CEO,2025-09-18 09:00:00,1775,0,22.62,23.09,22.23,22.62,8910100,201724664.0,derived_ohlc4
HNX_CEO,CEO,2025-09-19 09:00:00,1776,0,22.62,23.86,22.62,23.38,16388700,378906744.0,derived_ohlc4
HNX_CEO,CEO,2025-09-22 09:00:00,1777,0,23.48,24.62,23.38,24.14,29666500,709177682.5,derived_ohlc4
HNX_CEO,CEO,2025-09-23 09:00:00,1778,0,24.33,24.52,23.57,23.76,10476900,251917060.49999997,derived_ohlc4
HNX_CEO,CEO,2025-09-24 09:00:00,1779,0,23.76,25.76,23.57,25.76,34974800,864314745.0000001,derived_ohlc4
HNX_CEO,CEO,2025-09-25 09:00:00,1780,0,26.24,26.53,25.48,25.48,22583100,585636240.75,derived_ohlc4
HNX_CEO,CEO,2025-09-26 09:00:00,1781,0,25.48,26.34,25.19,25.57,27979800,717541971.0000001,derived_ohlc4
HNX_CEO,CEO,2025-09-29 09:00:00,1782,0,25.67,26.05,24.81,25.0,18457300,468492417.25,derived_ohlc4
HNX_CEO,CEO,2025-09-30 09:00:00,1783,0,25.0,25.19,23.38,24.33,28434800,695941729.9999999,derived_ohlc4
HNX_CEO,CEO,2025-10-01 09:00:00,1784,0,24.62,24.72,24.05,24.52,9847400,241039733.5,derived_ohlc4
HNX_CEO,CEO,2025-10-02 09:00:00,1785,0,24.52,24.72,23.48,23.48,11619700,279453785.0,derived_ohlc4
HNX_CEO,CEO,2025-10-03 09:00:00,1786,0,23.48,23.48,22.42,22.42,24188700,555130665.0,derived_ohlc4
HNX_CEO,CEO,2025-10-06 09:00:00,1787,0,22.42,24.33,22.33,24.24,11906400,277776312.0,derived_ohlc4
HNX_CEO,CEO,2025-10-07 09:00:00,1788,0,24.24,24.43,23.28,23.28,13727200,326810314.0,derived_ohlc4
HNX_CEO,CEO,2025-10-08 09:00:00,1789,0,23.38,24.24,22.71,23.76,16129600,379408516.0,derived_ohlc4
HNX_CEO,CEO,2025-10-09 09:00:00,1790,0,23.48,24.72,23.48,24.72,15018000,361933800.0,derived_ohlc4
HNX_CEO,CEO,2025-10-10 09:00:00,1791,0,24.72,25.67,24.72,25.19,22016500,552063737.5,derived_ohlc4
HNX_CEO,CEO,2025-10-13 09:00:00,1792,0,24.72,27.67,24.33,27.67,53340900,1392064137.75,derived_ohlc4
HNX_CEO,CEO,2025-10-14 09:00:00,1793,0,28.63,29.87,27.67,29.01,28157100,810783694.5,derived_ohlc4
HNX_CEO,CEO,2025-10-15 09:00:00,1794,0,29.01,30.34,28.34,30.25,22329700,658391204.5,derived_ohlc4
HNX_CEO,CEO,2025-10-16 09:00:00,1795,0,30.15,31.3,29.2,30.34,21764200,658312639.5,derived_ohlc4
HNX_CEO,CEO,2025-10-17 09:00:00,1796,0,30.34,31.4,29.77,30.44,20710700,631417466.25,derived_ohlc4
HNX_CEO,CEO,2025-10-20 09:00:00,1797,0,30.44,31.4,27.48,27.48,48747900,1423438680.0000002,derived_ohlc4
HNX_CEO,CEO,2025-10-21 09:00:00,1798,0,27.2,28.15,26.15,27.29,42698400,1161289734.0,derived_ohlc4
HNX_CEO,CEO,2025-10-22 09:00:00,1799,0,27.58,29.96,27.1,29.96,37611400,1077566610.0,derived_ohlc4
HNX_CEO,CEO,2025-10-23 09:00:00,1800,0,29.96,30.92,28.63,28.63,28394000,838616790.0,derived_ohlc4
HNX_CEO,CEO,2025-10-24 09:00:00,1801,0,28.25,30.06,27.67,29.39,27401500,790327763.75,derived_ohlc4
HNX_CEO,CEO,2025-10-27 09:00:00,1802,0,29.87,30.54,26.53,26.53,27584800,782511814.0,derived_ohlc4
HNX_CEO,CEO,2025-10-28 09:00:00,1803,0,26.53,26.53,24.05,25.86,42694300,1099058017.75,derived_ohlc4
HNX_CEO,CEO,2025-10-29 09:00:00,1804,0,25.86,26.72,25.48,25.86,10594100,275234718.0,derived_ohlc4
HNX_CEO,CEO,2025-10-30 09:00:00,1805,0,25.86,27.1,25.67,26.05,18412200,481847273.99999994,derived_ohlc4
HNX_CEO,CEO,2025-10-31 09:00:00,1806,0,26.24,26.34,24.24,24.24,19331000,488397714.99999994,derived_ohlc4
HNX_CEO,CEO,2025-11-03 09:00:00,1807,0,24.52,24.81,21.85,21.85,40662600,945710419.5,derived_ohlc4
HNX_CEO,CEO,2025-11-04 09:00:00,1808,0,21.85,23.95,20.9,23.95,26111600,591754135.0,derived_ohlc4
HNX_CEO,CEO,2025-11-05 09:00:00,1809,0,24.14,24.72,23.0,23.38,12270400,292158224.0,derived_ohlc4
HNX_CEO,CEO,2025-11-06 09:00:00,1810,0,23.38,24.14,22.62,23.38,17887600,418212088.0,derived_ohlc4
HNX_CEO,CEO,2025-11-07 09:00:00,1811,0,22.9,23.76,22.42,22.71,14924000,342468490.0,derived_ohlc4
HNX_CEO,CEO,2025-11-10 09:00:00,1812,0,22.71,23.48,22.04,22.42,14287000,323779137.49999994,derived_ohlc4
HNX_CEO,CEO,2025-11-11 09:00:00,1813,0,22.52,23.38,22.33,23.38,12650200,289721205.49999994,derived_ohlc4
HNX_CEO,CEO,2025-11-12 09:00:00,1814,0,23.38,25.19,23.38,24.62,19093600,460967238.00000006,derived_ohlc4
HNX_CEO,CEO,2025-11-13 09:00:00,1815,0,24.62,24.81,23.66,24.24,12669900,308290341.75,derived_ohlc4
HNX_CEO,CEO,2025-11-14 09:00:00,1816,0,23.86,25.29,23.86,24.62,11750600,286802769.5,derived_ohlc4
HNX_CEO,CEO,2025-11-17 09:00:00,1817,0,24.62,25.86,24.62,25.29,14629400,367161366.50000006,derived_ohlc4
HNX_CEO,CEO,2025-11-18 09:00:00,1818,0,25.29,25.38,24.52,24.81,12046100,301152500.0,derived_ohlc4
HNX_CEO,CEO,2025-11-19 09:00:00,1819,0,24.81,25.0,23.66,24.14,14966600,365222456.5,derived_ohlc4
HNX_CEO,CEO,2025-11-20 09:00:00,1820,0,24.24,24.33,23.48,23.86,9599700,230176806.75,derived_ohlc4
HNX_CEO,CEO,2025-11-21 09:00:00,1821,0,23.95,24.81,23.57,24.81,15963300,387668740.5,derived_ohlc4
HNX_CEO,CEO,2025-11-24 09:00:00,1822,0,24.91,25.1,24.33,24.43,6715600,165824953.00000003,derived_ohlc4
HNX_CEO,CEO,2025-11-25 09:00:00,1823,0,24.52,24.91,22.23,23.57,17348800,413031555.99999994,derived_ohlc4
HNX_CEO,CEO,2025-11-26 09:00:00,1824,0,23.66,25.1,23.57,24.52,12882400,311915110.0,derived_ohlc4
HNX_CEO,CEO,2025-11-27 09:00:00,1825,0,24.81,25.0,24.05,24.52,8061500,198272592.5,derived_ohlc4
HNX_CEO,CEO,2025-11-28 09:00:00,1826,0,24.43,25.0,23.86,24.52,13828100,338131615.24999994,derived_ohlc4
HNX_CEO,CEO,2025-12-01 09:00:00,1827,0,24.52,24.81,23.86,23.86,7274900,176507261.25,derived_ohlc4
HNX_CEO,CEO,2025-12-02 09:00:00,1828,0,23.86,24.24,23.09,24.24,13332700,318084890.25,derived_ohlc4
HNX_CEO,CEO,2025-12-03 09:00:00,1829,0,24.33,25.0,23.57,24.72,11158700,272328073.5,derived_ohlc4
HNX_CEO,CEO,2025-12-04 09:00:00,1830,0,24.81,25.57,24.62,25.1,14293700,357699842.5,derived_ohlc4
HNX_CEO,CEO,2025-12-05 09:00:00,1831,0,22.71,25.29,22.71,24.33,10094900,239854824.00000003,derived_ohlc4
HNX_CEO,CEO,2025-12-08 09:00:00,1832,0,24.33,24.52,23.57,23.66,10856000,260761119.99999997,derived_ohlc4
HNX_CEO,CEO,2025-12-09 09:00:00,1833,0,23.66,23.86,23.09,23.57,12296400,289518738.0,derived_ohlc4
HNX_CEO,CEO,2025-12-10 09:00:00,1834,0,23.66,23.76,23.09,23.09,6076200,142183080.0,derived_ohlc4
HNX_CEO,CEO,2025-12-11 09:00:00,1835,0,23.38,23.76,23.0,23.09,6851200,159684344.0,derived_ohlc4
HNX_CEO,CEO,2025-12-12 09:00:00,1836,0,23.19,23.38,20.9,21.09,21351400,472719996.0,derived_ohlc4
HNX_CEO,CEO,2025-12-15 09:00:00,1837,0,21.18,21.38,19.56,19.94,18973200,389235198.0,derived_ohlc4
HNX_CEO,CEO,2025-12-16 09:00:00,1838,0,20.04,21.85,19.18,21.85,17725900,367457907.0,derived_ohlc4
HNX_CEO,CEO,2025-12-17 09:00:00,1839,0,21.95,22.23,20.99,20.99,8546900,184100226.0,derived_ohlc4
HNX_CEO,CEO,2025-12-18 09:00:00,1840,0,20.52,21.57,20.42,21.28,9292700,194658833.25,derived_ohlc4
HNX_CEO,CEO,2025-12-19 09:00:00,1841,0,21.28,21.66,21.18,21.57,6824800,146204278.0,derived_ohlc4
HNX_CEO,CEO,2025-12-22 09:00:00,1842,0,21.66,22.33,21.66,22.33,9577500,210657112.49999997,derived_ohlc4
HNX_CEO,CEO,2025-12-23 09:00:00,1843,0,22.42,22.52,21.38,21.57,11393900,250352467.74999997,derived_ohlc4
HNX_CEO,CEO,2025-12-24 09:00:00,1844,0,21.57,22.23,21.47,21.76,10660500,231945828.75,derived_ohlc4
HNX_CEO,CEO,2025-12-25 09:00:00,1845,0,21.95,22.23,21.28,21.28,9872000,214074320.00000003,derived_ohlc4
HNX_CEO,CEO,2025-12-26 09:00:00,1846,0,21.28,21.47,20.04,21.18,16384700,343955814.75,derived_ohlc4
HNX_CEO,CEO,2025-12-29 09:00:00,1847,0,21.09,21.85,20.32,21.57,7003500,148526726.25,derived_ohlc4
HNX_CEO,CEO,2025-12-30 09:00:00,1848,0,21.57,21.76,21.09,21.09,5091300,108839265.75,derived_ohlc4
HNX_CEO,CEO,2025-12-31 09:00:00,1849,0,21.28,21.28,20.14,20.14,15996100,331279231.0,derived_ohlc4
HNX_CEO,CEO,2026-01-05 09:00:00,1850,0,20.14,20.61,19.47,19.94,11110500,222654420.0,derived_ohlc4
HNX_CEO,CEO,2026-01-06 09:00:00,1851,0,19.85,20.23,18.89,19.08,15237300,297317816.25,derived_ohlc4
HNX_CEO,CEO,2026-01-07 09:00:00,1852,0,19.08,19.66,18.89,19.18,10563800,202851369.5,derived_ohlc4
HNX_CEO,CEO,2026-01-08 09:00:00,1853,0,19.47,19.85,19.08,19.28,11691400,227046988.00000003,derived_ohlc4
HNX_CEO,CEO,2026-01-09 09:00:00,1854,0,19.37,19.47,17.46,17.56,37674700,695663335.5,derived_ohlc4
HNX_CEO,CEO,2026-01-12 09:00:00,1855,0,17.56,19.18,16.8,18.8,18210800,329342317.99999994,derived_ohlc4
HNX_CEO,CEO,2026-01-13 09:00:00,1856,0,18.89,19.56,18.32,18.7,17200900,324537980.75,derived_ohlc4
HNX_CEO,CEO,2026-01-14 09:00:00,1857,0,18.8,19.18,18.04,18.23,22399200,415785150.0,derived_ohlc4
HNX_CEO,CEO,2026-01-15 09:00:00,1858,0,18.32,19.28,17.75,18.61,17787900,328898271.00000006,derived_ohlc4
HNX_CEO,CEO,2026-01-16 09:00:00,1859,0,18.61,18.89,18.13,18.23,11076700,204531265.5,derived_ohlc4
HNX_CEO,CEO,2026-01-19 09:00:00,1860,0,18.23,18.8,18.13,18.32,9673400,177700357.99999997,derived_ohlc4
HNX_CEO,CEO,2026-01-20 09:00:00,1861,0,18.32,18.61,17.75,17.84,13561500,245869995.0,derived_ohlc4
HNX_CEO,CEO,2026-01-21 09:00:00,1862,0,17.84,18.51,17.46,17.94,12672300,227309381.25,derived_ohlc4
HNX_CEO,CEO,2026-01-22 09:00:00,1863,0,18.13,19.66,17.65,19.66,31687400,594930935.0,derived_ohlc4
HNX_CEO,CEO,2026-01-23 09:00:00,1864,0,19.66,20.32,18.32,18.51,14727200,282799058.0,derived_ohlc4
HNX_CEO,CEO,2026-01-26 09:00:00,1865,0,18.89,18.89,17.08,17.37,15536700,280553960.25,derived_ohlc4
HNX_CEO,CEO,2026-01-27 09:00:00,1866,0,17.46,17.84,16.51,17.46,7652700,132525632.25000001,derived_ohlc4
HNX_CEO,CEO,2026-01-28 09:00:00,1867,0,17.46,18.8,16.89,18.23,17779400,317273393.00000006,derived_ohlc4
HNX_CEO,CEO,2026-01-29 09:00:00,1868,0,18.23,18.99,17.94,18.42,8137800,149694831.0,derived_ohlc4
HNX_CEO,CEO,2026-01-30 09:00:00,1869,0,18.51,19.56,18.42,19.08,24228600,457738825.49999994,derived_ohlc4
HNX_CEO,CEO,2026-02-02 09:00:00,1870,0,19.08,19.56,18.32,18.8,10335000,195744900.0,derived_ohlc4
HNX_CEO,CEO,2026-02-03 09:00:00,1871,0,18.8,19.37,18.51,18.51,10106200,189971294.50000003,derived_ohlc4
HNX_CEO,CEO,2026-02-04 09:00:00,1872,0,18.51,18.99,18.23,18.61,10996000,204360660.0,derived_ohlc4
HNX_CEO,CEO,2026-02-05 09:00:00,1873,0,18.61,19.37,18.42,18.42,11942800,223390074.00000003,derived_ohlc4
HNX_CEO,CEO,2026-02-06 09:00:00,1874,0,18.42,18.51,17.46,17.46,14705100,264140358.75000003,derived_ohlc4
HNX_CEO,CEO,2026-02-09 09:00:00,1875,0,17.65,17.94,17.46,17.65,6139300,108512127.5,derived_ohlc4
HNX_CEO,CEO,2026-02-10 09:00:00,1876,0,17.65,17.94,17.27,17.56,5619100,98924255.5,derived_ohlc4
HNX_CEO,CEO,2026-02-11 09:00:00,1877,0,17.56,18.89,17.56,18.42,13216800,239323206.00000003,derived_ohlc4
HNX_CEO,CEO,2026-02-12 09:00:00,1878,0,18.51,18.61,18.13,18.13,4017400,73699203.0,derived_ohlc4
HNX_CEO,CEO,2026-02-13 09:00:00,1879,0,18.13,18.61,17.94,18.04,8208700,149234166.0,derived_ohlc4
HNX_CEO,CEO,2026-02-23 09:00:00,1880,0,18.13,18.7,17.94,18.32,6545000,119593512.5,derived_ohlc4
HNX_CEO,CEO,2026-02-24 09:00:00,1881,0,18.23,18.7,16.99,18.42,9019900,163124891.5,derived_ohlc4
HNX_CEO,CEO,2026-02-25 09:00:00,1882,0,18.42,18.61,17.94,17.94,10759800,196124254.5,derived_ohlc4
HNX_CEO,CEO,2026-02-26 09:00:00,1883,0,17.94,18.23,17.75,17.84,6432500,115399050.00000001,derived_ohlc4
HNX_CEO,CEO,2026-02-27 09:00:00,1884,0,17.94,17.94,17.18,17.27,16080000,282726600.0,derived_ohlc4
HNX_CEO,CEO,2026-03-02 09:00:00,1885,0,17.37,17.37,15.65,15.74,23277500,384835268.75,derived_ohlc4
HNX_CEO,CEO,2026-03-03 09:00:00,1886,0,15.74,16.32,15.27,15.74,10512700,165758997.25,derived_ohlc4
HNX_CEO,CEO,2026-03-04 09:00:00,1887,0,15.65,16.13,14.5,15.46,15128300,233505310.5,derived_ohlc4
HNX_CEO,CEO,2026-03-05 09:00:00,1888,0,15.46,16.03,14.89,15.27,8898400,137146590.0,derived_ohlc4
HNX_CEO,CEO,2026-03-06 09:00:00,1889,0,15.17,15.94,15.08,15.36,9248100,142305138.75,derived_ohlc4
HNX_CEO,CEO,2026-03-09 09:00:00,1890,0,14.79,14.89,13.84,13.84,9567600,137199384.0,derived_ohlc4
HNX_CEO,CEO,2026-03-10 09:00:00,1891,0,13.84,14.31,12.5,13.55,16334300,221329765.0,derived_ohlc4
HNX_CEO,CEO,2026-03-11 09:00:00,1892,0,13.74,14.6,12.88,14.31,10897000,151277602.5,derived_ohlc4
HNX_CEO,CEO,2026-03-12 09:00:00,1893,0,14.41,14.89,13.93,14.41,10037300,144637493.0,derived_ohlc4
HNX_CEO,CEO,2026-03-13 09:00:00,1894,0,13.55,15.17,13.55,14.5,10950100,155409294.25,derived_ohlc4
HNX_CEO,CEO,2026-03-16 09:00:00,1895,0,14.5,15.46,14.5,14.89,12285800,182290557.5,derived_ohlc4
HNX_CEO,CEO,2026-03-17 09:00:00,1896,0,15.27,15.27,14.5,14.6,7166600,106854006.0,derived_ohlc4
HNX_CEO,CEO,2026-03-18 09:00:00,1897,0,15.08,15.08,14.12,14.31,8968300,131363174.25000001,derived_ohlc4
HNX_CEO,CEO,2026-03-19 09:00:00,1898,0,14.12,15.17,13.93,14.7,9969700,144361256.0,derived_ohlc4
HNX_CEO,CEO,2026-03-20 09:00:00,1899,0,14.7,14.98,14.5,14.5,5949200,87274764.0,derived_ohlc4
HNX_CEO,CEO,2026-03-23 09:00:00,1900,0,14.5,14.5,13.36,13.65,13849600,193929024.0,derived_ohlc4
HNX_CEO,CEO,2026-03-24 09:00:00,1901,0,14.22,14.98,13.84,14.98,12964800,188054424.00000003,derived_ohlc4
HNX_CEO,CEO,2026-03-25 09:00:00,1902,0,15.46,15.94,14.7,15.65,17780400,274484924.99999994,derived_ohlc4
HNX_CEO,CEO,2026-03-26 09:00:00,1903,0,15.65,15.94,15.36,15.46,8764000,136740310.0,derived_ohlc4
HNX_CEO,CEO,2026-03-27 09:00:00,1904,0,15.46,16.51,15.36,16.13,20228000,320917219.99999994,derived_ohlc4
HNX_CEO,CEO,2026-03-30 09:00:00,1905,0,16.03,16.32,15.46,15.94,10265900,163612781.25,derived_ohlc4
HNX_CEO,CEO,2026-03-31 09:00:00,1906,0,15.94,16.32,15.65,15.94,12151900,193974703.74999997,derived_ohlc4
HNX_CEO,CEO,2026-04-01 09:00:00,1907,0,16.13,16.7,15.84,15.94,11879700,191886854.25,derived_ohlc4
HNX_CEO,CEO,2026-04-02 09:00:00,1908,0,15.84,16.03,15.46,16.03,10127500,160419600.0,derived_ohlc4
HNX_CEO,CEO,2026-04-03 09:00:00,1909,0,15.94,16.6,15.36,15.74,11369400,180887154.0,derived_ohlc4
HNX_CEO,CEO,2026-04-06 09:00:00,1910,0,15.74,16.13,14.98,15.27,7281600,113083247.99999999,derived_ohlc4
HNX_CEO,CEO,2026-04-07 09:00:00,1911,0,15.36,15.74,15.17,15.65,7928000,122725440.0,derived_ohlc4
HNX_CEO,CEO,2026-04-08 09:00:00,1912,0,15.94,16.89,15.94,16.7,18827800,308164016.5,derived_ohlc4
HNX_CEO,CEO,2026-04-09 09:00:00,1913,0,16.7,17.37,16.32,16.51,18671400,312279165.0,derived_ohlc4
HNX_CEO,CEO,2026-04-10 09:00:00,1914,0,16.6,17.08,16.32,16.32,10058600,166771587.99999997,derived_ohlc4
HNX_CEO,CEO,2026-04-13 09:00:00,1915,0,16.32,17.27,16.03,16.51,15133600,250196242.00000003,derived_ohlc4
HNX_CEO,CEO,2026-04-14 09:00:00,1916,0,16.7,16.99,16.13,16.41,15495200,256561773.99999997,derived_ohlc4
HNX_CEO,CEO,2026-04-15 09:00:00,1917,0,16.51,16.89,16.41,16.51,15152700,251231766.00000003,derived_ohlc4
HNX_CEO,CEO,2026-04-16 09:00:00,1918,0,16.51,16.89,16.03,16.8,16950800,280662871.0,derived_ohlc4
HNX_CEO,CEO,2026-04-17 09:00:00,1919,0,16.99,17.27,16.51,16.51,14109200,237316744.0,derived_ohlc4
HNX_CEO,CEO,2026-04-20 09:00:00,1920,0,15.55,16.8,15.55,16.41,6022800,96831567.0,derived_ohlc4
HNX_CEO,CEO,2026-04-21 09:00:00,1921,0,16.41,16.7,16.13,16.13,9042100,147770519.24999997,derived_ohlc4
HNX_CEO,CEO,2026-04-22 09:00:00,1922,0,16.13,16.51,16.13,16.22,6625900,107654310.24999999,derived_ohlc4
HNX_CEO,CEO,2026-04-23 09:00:00,1923,0,16.22,16.6,15.65,16.22,9802600,158532548.5,derived_ohlc4
HNX_CEO,CEO,2026-04-24 09:00:00,1924,0,16.13,16.6,15.84,16.32,7043800,114268045.50000003,derived_ohlc4
HNX_CEO,CEO,2026-04-28 09:00:00,1925,0,16.32,16.7,16.22,16.41,6901000,113262662.49999999,derived_ohlc4
HNX_CEO,CEO,2026-04-29 09:00:00,1926,0,16.41,17.37,16.22,16.99,20099400,336614701.5,derived_ohlc4
HNX_CEO,CEO,2026-05-04 09:00:00,1927,0,16.99,17.65,16.89,16.89,13935000,238358175.0,derived_ohlc4
HNX_CEO,CEO,2026-05-05 09:00:00,1928,0,16.89,17.08,16.13,16.32,13182900,218902054.49999997,derived_ohlc4
HNX_CEO,CEO,2026-05-06 09:00:00,1929,0,16.32,16.8,16.22,16.7,6504900,107395899.00000001,derived_ohlc4
HNX_CEO,CEO,2026-05-07 09:00:00,1930,0,16.89,17.08,16.41,16.41,10249400,171139356.49999997,derived_ohlc4
HNX_CEO,CEO,2026-05-08 09:00:00,1931,0,16.32,16.6,16.22,16.22,8303600,135680824.0,derived_ohlc4
HNX_CEO,CEO,2026-05-11 09:00:00,1932,0,16.22,16.89,16.13,16.51,12989900,213521481.25,derived_ohlc4
HNX_CEO,CEO,2026-05-12 09:00:00,1933,0,16.41,17.08,16.41,16.6,7858000,130639250.0,derived_ohlc4
HNX_CEO,CEO,2026-05-13 09:00:00,1934,0,16.7,16.8,16.32,16.41,6492200,107494601.5,derived_ohlc4
HNX_CEO,CEO,2026-05-14 09:00:00,1935,0,16.51,16.89,16.41,16.51,4316500,71567570.00000001,derived_ohlc4
HNX_CEO,CEO,2026-05-15 09:00:00,1936,0,16.51,17.27,16.51,16.89,15770100,264858829.50000003,derived_ohlc4
HNX_CEO,CEO,2026-05-18 09:00:00,1937,0,17.08,17.37,16.6,17.08,12928500,220204676.25,derived_ohlc4
HNX_CEO,CEO,2026-05-19 09:00:00,1938,0,17.18,17.46,16.6,16.7,13226600,224653801.0,derived_ohlc4
HNX_CEO,CEO,2026-05-20 09:00:00,1939,0,16.7,16.7,15.17,15.94,26057200,420237493.00000006,derived_ohlc4
HNX_CEO,CEO,2026-05-21 09:00:00,1940,0,15.94,16.22,15.55,15.65,6195200,98131967.99999999,derived_ohlc4
HNX_CEO,CEO,2026-05-22 09:00:00,1941,0,15.65,16.03,15.36,15.94,9001900,141734915.5,derived_ohlc4
HNX_CEO,CEO,2026-05-25 09:00:00,1942,0,15.94,16.32,15.74,15.74,5329700,84928769.5,derived_ohlc4
HNX_CEO,CEO,2026-05-26 09:00:00,1943,0,15.84,16.41,15.65,16.03,10797600,172572642.0,derived_ohlc4
HNX_CEO,CEO,2026-05-27 09:00:00,1944,0,16.03,16.32,15.84,15.84,5145300,82363389.75,derived_ohlc4
HNX_CEO,CEO,2026-05-28 09:00:00,1945,0,15.84,16.03,15.46,15.55,6409900,100763628.0,derived_ohlc4
HNX_CEO,CEO,2026-05-29 09:00:00,1946,0,15.55,15.74,15.27,15.27,6054400,93585888.0,derived_ohlc4
HNX_CEO,CEO,2026-06-01 09:00:00,1947,0,15.46,16.03,15.46,15.84,8698300,136541564.25,derived_ohlc4
HNX_CEO,CEO,2026-06-02 09:00:00,1948,0,15.84,15.94,15.08,15.27,9115900,141592716.75,derived_ohlc4
HNX_CEO,CEO,2026-06-03 09:00:00,1949,0,15.27,15.65,15.08,15.46,3272800,50286572.0,derived_ohlc4
HNX_CEO,CEO,2026-06-04 09:00:00,1950,0,15.46,15.46,15.17,15.17,4128500,63227977.50000001,derived_ohlc4
HNX_CEO,CEO,2026-06-05 09:00:00,1951,0,15.17,15.46,14.79,14.79,5968100,89834825.25,derived_ohlc4
HNX_CEO,CEO,2026-06-08 09:00:00,1952,0,14.79,15.08,14.31,14.6,8418300,123706918.5,derived_ohlc4
HNX_CEO,CEO,2026-06-09 09:00:00,1953,0,15.2,15.2,14.6,14.8,2960600,44260970.0,derived_ohlc4
HNX_CEO,CEO,2026-06-10 09:00:00,1954,0,14.8,15.7,14.6,15.3,6711500,101343650.00000001,derived_ohlc4
HNX_CEO,CEO,2026-06-11 09:00:00,1955,0,15.2,15.3,15.0,15.1,2169500,32867925.0,derived_ohlc4
HNX_CEO,CEO,2026-06-12 09:00:00,1956,0,15.2,15.4,15.0,15.1,2827200,42902760.0,derived_ohlc4
HNX_CEO,CEO,2026-06-15 09:00:00,1957,0,15.2,15.5,15.2,15.3,3687500,56418750.0,derived_ohlc4
HNX_CEO,CEO,2026-06-16 09:00:00,1958,0,15.3,15.8,14.2,15.6,6951100,105830497.5,derived_ohlc4
HNX_CEO,CEO,2026-06-17 09:00:00,1959,0,15.5,16.1,15.2,15.7,7167200,111987500.0,derived_ohlc4
HNX_CEO,CEO,2026-06-18 09:00:00,1960,0,15.7,15.9,15.5,15.6,3851500,60372262.5,derived_ohlc4
HNX_CEO,CEO,2026-06-19 09:00:00,1961,0,15.6,16.1,15.4,15.6,9011300,141252127.5,derived_ohlc4
HNX_CEO,CEO,2026-06-22 09:00:00,1962,0,15.6,15.7,15.3,15.4,4160400,64486199.99999999,derived_ohlc4
HNX_CEO,CEO,2026-06-23 09:00:00,1963,0,15.4,15.6,14.8,14.9,9033800,137087915.0,derived_ohlc4
HNX_CEO,CEO,2026-06-24 09:00:00,1964,0,14.9,15.1,14.7,14.8,4257700,63333287.5,derived_ohlc4
HNX_CEO,CEO,2026-06-25 09:00:00,1965,0,14.7,15.1,14.6,14.7,3784000,55908599.99999999,derived_ohlc4
HNX_CEO,CEO,2026-06-26 09:00:00,1966,0,14.5,14.9,14.5,14.7,2542700,37250555.0,derived_ohlc4
HNX_CEO,CEO,2026-06-29 09:00:00,1967,0,14.7,14.9,14.6,14.9,2740100,40484977.5,derived_ohlc4
HNX_CEO,CEO,2026-06-30 09:00:00,1968,0,14.9,15.0,14.7,14.7,3109400,46096855.0,derived_ohlc4
HNX_CEO,CEO,2026-07-01 09:00:00,1969,0,14.7,15.1,14.0,14.9,3624600,53191004.99999999,derived_ohlc4
HNX_CEO,CEO,2026-07-02 09:00:00,1970,0,14.9,15.0,14.7,14.7,3445400,51078055.0,derived_ohlc4
HNX_CEO,CEO,2026-07-03 09:00:00,1971,0,14.7,14.8,14.3,14.4,6175200,89849160.0,derived_ohlc4
HNX_CEO,CEO,2026-07-06 09:00:00,1972,0,14.4,14.6,13.7,13.9,6286900,88959635.0,derived_ohlc4
HNX_CEO,CEO,2026-07-07 09:00:00,1973,0,14.0,14.1,13.8,14.0,3249000,45404775.00000001,derived_ohlc4
HNX_CEO,CEO,2026-07-08 09:00:00,1974,0,14.0,14.7,13.8,14.5,6810600,97051050.0,derived_ohlc4
HNX_CEO,CEO,2026-07-09 09:00:00,1975,0,14.5,14.6,14.1,14.1,2775800,39763335.0,derived_ohlc4
HNX_CEO,CEO,2026-07-10 09:00:00,1976,0,14.0,14.4,14.0,14.0,3167400,44660340.0,derived_ohlc4
HNX_CEO,CEO,2026-07-13 09:00:00,1977,0,14.0,14.3,13.7,14.0,5523400,77327600.0,derived_ohlc4
HNX_CEO,CEO,2026-07-14 09:00:00,1978,0,13.8,14.4,13.7,14.3,4607400,64733970.0,derived_ohlc4
HNX_CEO,CEO,2026-07-15 09:00:00,1979,0,14.3,14.3,13.7,13.8,3003000,42117074.99999999,derived_ohlc4
HNX_CEO,CEO,2026-07-16 09:00:00,1980,0,13.8,13.9,13.1,13.7,6633900,90386887.5,derived_ohlc4
HNX_CEO,CEO,2026-07-17 09:00:00,1981,0,13.4,13.8,13.0,13.1,3049400,40633255.0,derived_ohlc4
HNX_CEO,CEO,2026-07-20 09:00:00,1982,0,13.1,13.1,11.9,11.9,8982000,112275000.0,derived_ohlc4
HNX_CEO,CEO,2026-07-21 09:00:00,1983,0,11.9,12.4,11.1,11.9,4765400,56350855.0,derived_ohlc4
HNX_CEO,CEO,2026-07-22 09:00:00,1984,0,12.0,12.4,11.2,11.9,8049200,95584249.99999999,derived_ohlc4
HNX_CEO,CEO,2026-07-23 09:00:00,1985,0,11.9,12.4,11.2,11.9,9355900,110867415.0,derived_ohlc4
HNX_CEO,CEO,2026-07-24 09:00:00,1986,0,12.0,12.3,11.6,11.6,4090300,48572312.5,derived_ohlc4
HNX_CEO,CEO,2026-07-27 09:00:00,1987,0,11.6,11.8,10.6,10.8,7755100,86857120.0,derived_ohlc4
HNX_CEO,CEO,2026-07-28 09:00:00,1988,0,10.0,11.5,10.0,11.1,8681900,92462235.0,derived_ohlc4
HNX_CEO,CEO,2026-07-29 09:00:00,1989,0,11.1,11.4,11.1,11.2,2800600,31366719.999999996,derived_ohlc4
HNX_CEO,CEO,2026-07-30 09:00:00,1990,0,11.2,11.9,11.1,11.7,8360600,95937885.00000001,derived_ohlc4
HNX_CEO,CEO,2026-07-31 09:00:00,1991,0,11.7,12.0,11.4,11.4,4518200,52524075.0,derived_ohlc4
HNX_CEO,CEO,2026-08-03 09:00:00,1992,0,11.4,12.2,11.4,12.0,8161800,95901150.0,derived_ohlc4
HNX_CEO,CEO,2026-08-04 09:00:00,1993,0,12.0,12.2,11.7,12.0,4470100,53529447.5,derived_ohlc4
HNX_CEO,CEO,2026-08-05 09:00:00,1994,0,12.0,12.5,11.9,12.0,8181900,99000990.0,derived_ohlc4
HNX_CEO,CEO,2026-08-06 09:00:00,1995,0,12.0,12.1,11.7,11.8,3005500,35765449.99999999,derived_ohlc4
HNX_CEO,CEO,2026-08-07 09:00:00,1996,0,11.9,12.0,11.7,11.7,4157700,49164802.5,derived_ohlc4
