security_id,symbol,timestamps,session_id,segment_id,open,high,low,close,volume,amount,amount_source
HNX_DXP,DXP,2018-08-09 09:00:00,0,0,8.93,9.82,8.86,9.52,5400.0,50125.49999999999,derived_ohlc4
HNX_DXP,DXP,2018-08-10 09:00:00,1,0,9.01,9.45,8.64,9.45,8500.0,77668.75,derived_ohlc4
HNX_DXP,DXP,2018-08-13 09:00:00,2,0,8.86,9.67,8.56,8.56,11400.0,101602.50000000001,derived_ohlc4
HNX_DXP,DXP,2018-08-14 09:00:00,3,0,9.08,9.08,8.56,9.08,2180.0,19511.0,derived_ohlc4
HNX_DXP,DXP,2018-08-15 09:00:00,4,0,8.56,8.56,8.34,8.56,4600.0,39123.0,derived_ohlc4
HNX_DXP,DXP,2018-08-16 09:00:00,5,0,8.34,9.01,8.34,8.71,13200.0,113520.00000000001,derived_ohlc4
HNX_DXP,DXP,2018-08-17 09:00:00,6,0,8.56,8.71,8.49,8.71,300.0,2585.2500000000005,derived_ohlc4
HNX_DXP,DXP,2018-08-20 09:00:00,7,0,8.49,8.71,8.42,8.64,5900.0,50533.50000000001,derived_ohlc4
HNX_DXP,DXP,2018-08-21 09:00:00,8,0,8.42,8.42,8.42,8.42,5800.0,48836.0,derived_ohlc4
HNX_DXP,DXP,2018-08-22 09:00:00,9,0,8.42,8.42,8.42,8.42,4000.0,33680.0,derived_ohlc4
HNX_DXP,DXP,2018-08-23 09:00:00,10,0,8.42,8.42,8.42,8.42,3300.0,27786.0,derived_ohlc4
HNX_DXP,DXP,2018-08-24 09:00:00,11,0,8.42,8.42,8.42,8.42,1300.0,10946.0,derived_ohlc4
HNX_DXP,DXP,2018-08-27 09:00:00,12,0,8.42,8.42,8.42,8.42,1100.0,9262.0,derived_ohlc4
HNX_DXP,DXP,2018-08-28 09:00:00,13,0,8.79,8.79,8.12,8.42,5500.0,46915.0,derived_ohlc4
HNX_DXP,DXP,2018-08-29 09:00:00,14,0,8.79,8.79,8.19,8.34,2900.0,24729.75,derived_ohlc4
HNX_DXP,DXP,2018-08-30 09:00:00,15,0,8.34,8.34,8.27,8.34,1271.0,10577.8975,derived_ohlc4
HNX_DXP,DXP,2018-08-31 09:00:00,16,0,7.53,8.42,7.53,8.34,3200.0,25456.0,derived_ohlc4
HNX_DXP,DXP,2018-09-04 09:00:00,17,0,8.34,8.34,8.19,8.19,2400.0,19835.999999999996,derived_ohlc4
HNX_DXP,DXP,2018-09-05 09:00:00,18,0,8.19,8.19,8.19,8.19,2000.0,16379.999999999998,derived_ohlc4
HNX_DXP,DXP,2018-09-06 09:00:00,19,0,8.19,8.19,8.12,8.12,3400.0,27726.999999999996,derived_ohlc4
HNX_DXP,DXP,2018-09-07 09:00:00,20,0,8.34,8.34,8.19,8.19,1400.0,11570.999999999998,derived_ohlc4
HNX_DXP,DXP,2018-09-10 09:00:00,21,0,8.19,8.19,8.19,8.19,10.0,81.89999999999999,derived_ohlc4
HNX_DXP,DXP,2018-09-11 09:00:00,22,0,7.53,8.27,7.53,8.27,700.0,5530.0,derived_ohlc4
HNX_DXP,DXP,2018-09-12 09:00:00,23,0,8.27,8.27,8.27,8.27,710.0,5871.7,derived_ohlc4
HNX_DXP,DXP,2018-09-13 09:00:00,24,0,8.27,8.27,8.27,8.27,300.0,2481.0,derived_ohlc4
HNX_DXP,DXP,2018-09-14 09:00:00,25,0,8.27,8.86,8.27,8.27,2926.0,24629.605,derived_ohlc4
HNX_DXP,DXP,2018-09-17 09:00:00,26,0,8.27,8.27,7.53,8.27,11400.0,92169.00000000001,derived_ohlc4
HNX_DXP,DXP,2018-09-18 09:00:00,27,0,8.27,8.27,8.19,8.19,5210.0,42878.299999999996,derived_ohlc4
HNX_DXP,DXP,2018-09-19 09:00:00,28,0,8.19,8.19,8.12,8.12,3401.0,27735.155,derived_ohlc4
HNX_DXP,DXP,2018-09-20 09:00:00,29,0,8.19,8.19,8.12,8.12,3500.0,28542.499999999996,derived_ohlc4
HNX_DXP,DXP,2018-09-21 09:00:00,30,0,8.49,8.49,8.05,8.05,7800.0,64506.0,derived_ohlc4
HNX_DXP,DXP,2018-09-24 09:00:00,31,0,8.42,8.42,8.12,8.12,4000.0,33080.0,derived_ohlc4
HNX_DXP,DXP,2018-09-25 09:00:00,32,0,8.19,8.19,8.05,8.05,7500.0,60900.00000000001,derived_ohlc4
HNX_DXP,DXP,2018-09-26 09:00:00,33,0,8.12,8.19,8.12,8.12,5400.0,43942.49999999999,derived_ohlc4
HNX_DXP,DXP,2018-09-27 09:00:00,34,0,8.12,8.19,8.05,8.19,6400.0,52079.99999999999,derived_ohlc4
HNX_DXP,DXP,2018-09-28 09:00:00,35,0,8.05,8.12,8.05,8.05,4100.0,33076.75,derived_ohlc4
HNX_DXP,DXP,2018-10-01 09:00:00,36,0,8.05,8.12,8.05,8.12,6630.0,53603.55,derived_ohlc4
HNX_DXP,DXP,2018-10-02 09:00:00,37,0,8.12,8.12,8.05,8.05,5900.0,47701.50000000001,derived_ohlc4
HNX_DXP,DXP,2018-10-03 09:00:00,38,0,8.05,8.05,7.97,8.05,3200.0,25696.000000000004,derived_ohlc4
HNX_DXP,DXP,2018-10-04 09:00:00,39,0,8.05,8.05,7.97,7.97,3120.0,24991.2,derived_ohlc4
HNX_DXP,DXP,2018-10-05 09:00:00,40,0,8.05,8.71,8.05,8.71,65281.0,547054.78,derived_ohlc4
HNX_DXP,DXP,2018-10-08 09:00:00,41,0,9.23,9.45,8.86,9.38,23435.0,216305.05000000002,derived_ohlc4
HNX_DXP,DXP,2018-10-09 09:00:00,42,0,9.45,9.45,9.15,9.15,9510.0,88442.99999999999,derived_ohlc4
HNX_DXP,DXP,2018-10-10 09:00:00,43,0,9.08,9.15,8.27,8.79,13387.0,118106.8075,derived_ohlc4
HNX_DXP,DXP,2018-10-11 09:00:00,44,0,8.64,8.79,7.97,8.12,23100.0,193577.99999999997,derived_ohlc4
HNX_DXP,DXP,2018-10-12 09:00:00,45,0,8.71,8.71,8.12,8.71,4720.0,40415.0,derived_ohlc4
HNX_DXP,DXP,2018-10-15 09:00:00,46,0,8.71,8.86,8.71,8.86,300.0,2635.5,derived_ohlc4
HNX_DXP,DXP,2018-10-16 09:00:00,47,0,8.27,8.71,7.97,8.71,1100.0,9256.499999999998,derived_ohlc4
HNX_DXP,DXP,2018-10-17 09:00:00,48,0,7.9,8.79,7.9,8.71,5079.0,42282.674999999996,derived_ohlc4
HNX_DXP,DXP,2018-10-18 09:00:00,49,0,8.49,8.79,8.49,8.49,3000.0,25695.000000000004,derived_ohlc4
HNX_DXP,DXP,2018-10-19 09:00:00,50,0,8.42,8.49,7.97,8.49,26000.0,216904.99999999997,derived_ohlc4
HNX_DXP,DXP,2018-10-22 09:00:00,51,0,8.49,8.49,8.49,8.49,13500.0,114615.0,derived_ohlc4
HNX_DXP,DXP,2018-10-23 09:00:00,52,0,8.86,9.3,7.97,7.97,30300.0,258307.5,derived_ohlc4
HNX_DXP,DXP,2018-10-24 09:00:00,53,0,8.56,8.56,8.05,8.12,45000.0,374512.5,derived_ohlc4
HNX_DXP,DXP,2018-10-25 09:00:00,54,0,7.97,8.86,7.46,8.05,18400.0,148764.00000000003,derived_ohlc4
HNX_DXP,DXP,2018-10-26 09:00:00,55,0,8.71,8.79,8.12,8.71,20900.0,179374.25,derived_ohlc4
HNX_DXP,DXP,2018-10-29 09:00:00,56,0,8.71,8.71,8.12,8.56,4792.0,40851.8,derived_ohlc4
HNX_DXP,DXP,2018-10-30 09:00:00,57,0,8.56,9.15,8.12,8.93,20265.0,176102.84999999998,derived_ohlc4
HNX_DXP,DXP,2018-10-31 09:00:00,58,0,8.79,8.93,8.56,8.86,9800.0,86093.0,derived_ohlc4
HNX_DXP,DXP,2018-11-01 09:00:00,59,0,8.56,8.56,8.56,8.56,700.0,5992.0,derived_ohlc4
HNX_DXP,DXP,2018-11-02 09:00:00,60,0,8.71,8.71,8.71,8.71,100.0,871.0000000000001,derived_ohlc4
HNX_DXP,DXP,2018-11-05 09:00:00,61,0,8.12,8.71,8.12,8.64,765.0,6424.0875,derived_ohlc4
HNX_DXP,DXP,2018-11-06 09:00:00,62,0,8.12,8.64,8.12,8.56,1400.0,11704.0,derived_ohlc4
HNX_DXP,DXP,2018-11-07 09:00:00,63,0,8.86,8.86,8.86,8.86,100.0,886.0,derived_ohlc4
HNX_DXP,DXP,2018-11-08 09:00:00,64,0,8.64,8.71,8.56,8.56,1610.0,13874.175000000003,derived_ohlc4
HNX_DXP,DXP,2018-11-09 09:00:00,65,0,8.56,8.56,8.56,8.56,1600.0,13696.0,derived_ohlc4
HNX_DXP,DXP,2018-11-12 09:00:00,66,0,8.05,8.56,8.05,8.56,300.0,2491.5,derived_ohlc4
HNX_DXP,DXP,2018-11-13 09:00:00,67,0,8.12,8.49,8.12,8.49,2100.0,17440.5,derived_ohlc4
HNX_DXP,DXP,2018-11-15 09:00:00,69,1,8.12,9.3,8.12,9.15,11800.0,102335.5,derived_ohlc4
HNX_DXP,DXP,2018-11-16 09:00:00,70,1,8.86,8.86,8.34,8.71,5630.0,48938.774999999994,derived_ohlc4
HNX_DXP,DXP,2018-11-19 09:00:00,71,1,8.71,8.71,8.12,8.49,2700.0,22970.25,derived_ohlc4
HNX_DXP,DXP,2018-11-20 09:00:00,72,1,8.27,8.56,8.12,8.49,16100.0,134596.0,derived_ohlc4
HNX_DXP,DXP,2018-11-21 09:00:00,73,1,8.12,8.49,8.12,8.49,2300.0,19101.5,derived_ohlc4
HNX_DXP,DXP,2018-11-22 09:00:00,74,1,8.12,8.49,8.12,8.49,205.0,1702.5249999999999,derived_ohlc4
HNX_DXP,DXP,2018-11-26 09:00:00,76,2,8.12,8.49,8.05,8.49,6410.0,53122.875,derived_ohlc4
HNX_DXP,DXP,2018-11-27 09:00:00,77,2,8.12,8.49,8.12,8.19,9400.0,77361.99999999999,derived_ohlc4
HNX_DXP,DXP,2018-11-28 09:00:00,78,2,8.49,8.49,8.19,8.49,13190.0,110993.85,derived_ohlc4
HNX_DXP,DXP,2018-11-29 09:00:00,79,2,8.19,9.3,8.12,8.79,25300.0,217580.0,derived_ohlc4
HNX_DXP,DXP,2018-11-30 09:00:00,80,2,8.27,8.71,8.12,8.64,19900.0,167856.5,derived_ohlc4
HNX_DXP,DXP,2018-12-03 09:00:00,81,2,8.19,8.64,8.12,8.49,7900.0,66044.0,derived_ohlc4
HNX_DXP,DXP,2018-12-04 09:00:00,82,2,8.64,8.64,8.42,8.42,800.0,6824.000000000001,derived_ohlc4
HNX_DXP,DXP,2018-12-05 09:00:00,83,2,8.34,8.42,8.12,8.42,6700.0,55777.49999999999,derived_ohlc4
HNX_DXP,DXP,2018-12-06 09:00:00,84,2,8.19,8.42,8.12,8.42,11000.0,91162.5,derived_ohlc4
HNX_DXP,DXP,2018-12-07 09:00:00,85,2,8.12,8.12,8.12,8.12,2200.0,17864.0,derived_ohlc4
HNX_DXP,DXP,2018-12-10 09:00:00,86,2,8.49,8.49,8.12,8.12,200.0,1661.0,derived_ohlc4
HNX_DXP,DXP,2018-12-11 09:00:00,87,2,8.49,8.49,8.49,8.49,100.0,849.0,derived_ohlc4
HNX_DXP,DXP,2018-12-12 09:00:00,88,2,7.75,8.49,7.75,8.49,200.0,1624.0000000000002,derived_ohlc4
HNX_DXP,DXP,2018-12-13 09:00:00,89,2,8.49,8.93,8.19,8.42,800.0,6806.0,derived_ohlc4
HNX_DXP,DXP,2018-12-14 09:00:00,90,2,8.19,8.19,8.19,8.19,400.0,3276.0,derived_ohlc4
HNX_DXP,DXP,2018-12-17 09:00:00,91,2,8.49,8.49,8.19,8.34,400.0,3351.0000000000005,derived_ohlc4
HNX_DXP,DXP,2018-12-18 09:00:00,92,2,8.49,8.49,8.05,8.42,2400.0,20070.0,derived_ohlc4
HNX_DXP,DXP,2018-12-19 09:00:00,93,2,8.42,8.42,8.12,8.34,2600.0,21644.999999999996,derived_ohlc4
HNX_DXP,DXP,2018-12-20 09:00:00,94,2,8.12,8.12,8.12,8.12,1100.0,8932.0,derived_ohlc4
HNX_DXP,DXP,2018-12-21 09:00:00,95,2,8.34,8.34,8.12,8.19,400.0,3298.9999999999995,derived_ohlc4
HNX_DXP,DXP,2018-12-24 09:00:00,96,2,8.49,8.49,8.12,8.42,740.0,6201.200000000001,derived_ohlc4
HNX_DXP,DXP,2018-12-25 09:00:00,97,2,8.12,8.42,8.12,8.42,2000.0,16540.0,derived_ohlc4
HNX_DXP,DXP,2018-12-26 09:00:00,98,2,8.12,8.49,8.12,8.49,2200.0,18271.0,derived_ohlc4
HNX_DXP,DXP,2018-12-27 09:00:00,99,2,8.49,8.49,8.49,8.49,400.0,3396.0,derived_ohlc4
HNX_DXP,DXP,2018-12-28 09:00:00,100,2,8.49,8.49,8.34,8.34,5100.0,42916.49999999999,derived_ohlc4
HNX_DXP,DXP,2019-01-02 09:00:00,101,2,8.34,8.42,8.12,8.12,7390.0,60967.499999999985,derived_ohlc4
HNX_DXP,DXP,2019-01-03 09:00:00,102,2,8.49,8.49,8.12,8.34,2700.0,22572.0,derived_ohlc4
HNX_DXP,DXP,2019-01-07 09:00:00,104,3,8.12,8.12,7.68,8.12,2100.0,16821.0,derived_ohlc4
HNX_DXP,DXP,2019-01-08 09:00:00,105,3,8.49,8.49,8.12,8.12,1300.0,10796.5,derived_ohlc4
HNX_DXP,DXP,2019-01-09 09:00:00,106,3,8.42,8.42,8.05,8.05,1700.0,13999.499999999998,derived_ohlc4
HNX_DXP,DXP,2019-01-10 09:00:00,107,3,8.34,8.34,8.34,8.34,120.0,1000.8,derived_ohlc4
HNX_DXP,DXP,2019-01-14 09:00:00,109,4,8.05,8.05,8.05,8.05,200.0,1610.0000000000002,derived_ohlc4
HNX_DXP,DXP,2019-01-15 09:00:00,110,4,8.12,8.34,8.12,8.34,4800.0,39504.0,derived_ohlc4
HNX_DXP,DXP,2019-01-16 09:00:00,111,4,8.34,8.34,8.12,8.34,6300.0,52195.5,derived_ohlc4
HNX_DXP,DXP,2019-01-18 09:00:00,113,5,8.12,8.34,8.12,8.34,1300.0,10699.0,derived_ohlc4
HNX_DXP,DXP,2019-01-21 09:00:00,114,5,8.27,8.42,8.12,8.42,2000.0,16615.0,derived_ohlc4
HNX_DXP,DXP,2019-01-22 09:00:00,115,5,8.42,8.86,8.42,8.86,1200.0,10368.0,derived_ohlc4
HNX_DXP,DXP,2019-01-24 09:00:00,117,6,8.27,8.56,8.27,8.49,1900.0,15955.249999999998,derived_ohlc4
HNX_DXP,DXP,2019-01-25 09:00:00,118,6,8.27,8.27,8.27,8.27,2500.0,20675.0,derived_ohlc4
HNX_DXP,DXP,2019-01-30 09:00:00,121,7,8.27,8.27,8.27,8.27,1500.0,12405.0,derived_ohlc4
HNX_DXP,DXP,2019-01-31 09:00:00,122,7,8.27,8.27,8.12,8.27,3900.0,32106.749999999993,derived_ohlc4
HNX_DXP,DXP,2019-02-01 09:00:00,123,7,8.27,8.56,8.27,8.56,3900.0,32818.5,derived_ohlc4
HNX_DXP,DXP,2019-02-11 09:00:00,124,7,8.71,8.71,8.56,8.71,8900.0,77185.25000000001,derived_ohlc4
HNX_DXP,DXP,2019-02-12 09:00:00,125,7,8.56,8.71,8.56,8.56,8300.0,71359.25000000001,derived_ohlc4
HNX_DXP,DXP,2019-02-13 09:00:00,126,7,8.56,8.56,8.56,8.56,1510.0,12925.6,derived_ohlc4
HNX_DXP,DXP,2019-02-14 09:00:00,127,7,8.56,8.64,8.12,8.49,2400.0,20286.0,derived_ohlc4
HNX_DXP,DXP,2019-02-15 09:00:00,128,7,8.71,8.86,8.34,8.42,7200.0,61794.0,derived_ohlc4
HNX_DXP,DXP,2019-02-18 09:00:00,129,7,8.71,8.71,8.42,8.71,7300.0,63053.75000000001,derived_ohlc4
HNX_DXP,DXP,2019-02-19 09:00:00,130,7,8.79,8.86,8.64,8.79,14895.0,130629.15,derived_ohlc4
HNX_DXP,DXP,2019-02-20 09:00:00,131,7,8.86,9.01,8.71,8.86,3010.0,26668.6,derived_ohlc4
HNX_DXP,DXP,2019-02-21 09:00:00,132,7,9.01,9.01,8.71,8.86,2900.0,25802.750000000004,derived_ohlc4
HNX_DXP,DXP,2019-02-22 09:00:00,133,7,9.01,9.01,8.64,8.71,3000.0,26527.500000000004,derived_ohlc4
HNX_DXP,DXP,2019-02-25 09:00:00,134,7,8.71,8.86,8.64,8.71,5700.0,49761.0,derived_ohlc4
HNX_DXP,DXP,2019-02-26 09:00:00,135,7,8.71,8.79,8.64,8.79,4300.0,37549.75,derived_ohlc4
HNX_DXP,DXP,2019-02-27 09:00:00,136,7,9.01,9.01,8.86,8.86,1100.0,9828.499999999998,derived_ohlc4
HNX_DXP,DXP,2019-02-28 09:00:00,137,7,8.79,8.93,8.64,8.86,6800.0,59874.0,derived_ohlc4
HNX_DXP,DXP,2019-03-01 09:00:00,138,7,9.01,9.01,8.71,8.79,3000.0,26639.999999999996,derived_ohlc4
HNX_DXP,DXP,2019-03-04 09:00:00,139,7,9.01,9.01,8.79,8.79,2100.0,18689.999999999996,derived_ohlc4
HNX_DXP,DXP,2019-03-05 09:00:00,140,7,9.01,9.01,8.71,8.71,3300.0,29237.999999999996,derived_ohlc4
HNX_DXP,DXP,2019-03-06 09:00:00,141,7,9.01,9.01,9.01,9.01,105.0,946.05,derived_ohlc4
HNX_DXP,DXP,2019-03-07 09:00:00,142,7,8.79,8.86,8.71,8.86,6200.0,54591.0,derived_ohlc4
HNX_DXP,DXP,2019-03-08 09:00:00,143,7,9.01,9.01,8.79,8.86,11300.0,100767.75,derived_ohlc4
HNX_DXP,DXP,2019-03-11 09:00:00,144,7,8.86,9.01,8.79,8.93,7400.0,65841.5,derived_ohlc4
HNX_DXP,DXP,2019-03-12 09:00:00,145,7,9.08,9.08,9.08,9.08,200.0,1816.0,derived_ohlc4
HNX_DXP,DXP,2019-03-15 09:00:00,148,8,9.01,9.6,8.79,9.01,6000.0,54614.99999999999,derived_ohlc4
HNX_DXP,DXP,2019-03-18 09:00:00,149,8,8.79,9.01,8.12,9.01,30000.0,261974.99999999994,derived_ohlc4
HNX_DXP,DXP,2019-03-19 09:00:00,150,8,8.86,8.93,8.49,8.79,1550.0,13589.625,derived_ohlc4
HNX_DXP,DXP,2019-03-20 09:00:00,151,8,8.71,8.93,8.64,8.93,1700.0,14964.25,derived_ohlc4
HNX_DXP,DXP,2019-03-21 09:00:00,152,8,8.64,8.64,8.42,8.49,1800.0,15385.500000000002,derived_ohlc4
HNX_DXP,DXP,2019-03-22 09:00:00,153,8,8.49,8.71,8.49,8.56,1600.0,13700.000000000004,derived_ohlc4
HNX_DXP,DXP,2019-03-25 09:00:00,154,8,8.71,8.93,8.49,8.49,900.0,7789.500000000001,derived_ohlc4
HNX_DXP,DXP,2019-03-26 09:00:00,155,8,8.79,9.01,8.49,8.49,626.0,5443.070000000001,derived_ohlc4
HNX_DXP,DXP,2019-03-27 09:00:00,156,8,8.79,8.86,8.71,8.71,700.0,6137.25,derived_ohlc4
HNX_DXP,DXP,2019-03-28 09:00:00,157,8,8.71,8.93,8.71,8.86,2585.0,22754.4625,derived_ohlc4
HNX_DXP,DXP,2019-03-29 09:00:00,158,8,8.79,9.01,8.64,9.01,16300.0,144458.74999999997,derived_ohlc4
HNX_DXP,DXP,2019-04-01 09:00:00,159,8,9.01,9.01,8.86,9.01,4100.0,36787.25,derived_ohlc4
HNX_DXP,DXP,2019-04-02 09:00:00,160,8,9.01,9.01,8.79,9.01,2188.0,19593.54,derived_ohlc4
HNX_DXP,DXP,2019-04-03 09:00:00,161,8,9.01,9.52,9.01,9.52,1122.0,10395.33,derived_ohlc4
HNX_DXP,DXP,2019-04-04 09:00:00,162,8,8.79,9.45,8.71,9.23,3300.0,29848.5,derived_ohlc4
HNX_DXP,DXP,2019-04-05 09:00:00,163,8,9.23,9.23,9.23,9.23,10.0,92.30000000000001,derived_ohlc4
HNX_DXP,DXP,2019-04-08 09:00:00,164,8,8.79,9.08,8.79,9.08,3300.0,29485.499999999996,derived_ohlc4
HNX_DXP,DXP,2019-04-09 09:00:00,165,8,8.79,9.08,8.79,9.08,1100.0,9828.499999999998,derived_ohlc4
HNX_DXP,DXP,2019-04-10 09:00:00,166,8,8.86,9.08,8.86,9.08,300.0,2690.9999999999995,derived_ohlc4
HNX_DXP,DXP,2019-04-11 09:00:00,167,8,8.64,9.08,8.64,9.08,400.0,3544.0,derived_ohlc4
HNX_DXP,DXP,2019-04-12 09:00:00,168,8,9.08,9.82,9.08,9.82,1105.0,10442.25,derived_ohlc4
HNX_DXP,DXP,2019-04-16 09:00:00,169,8,8.86,10.78,8.86,8.86,2000.0,18680.0,derived_ohlc4
HNX_DXP,DXP,2019-04-17 09:00:00,170,8,9.23,9.6,9.23,9.6,200.0,1882.9999999999998,derived_ohlc4
HNX_DXP,DXP,2019-04-18 09:00:00,171,8,8.64,9.52,8.64,9.3,1800.0,16245.0,derived_ohlc4
HNX_DXP,DXP,2019-04-19 09:00:00,172,8,9.3,9.3,8.86,9.15,1500.0,13728.75,derived_ohlc4
HNX_DXP,DXP,2019-04-22 09:00:00,173,8,9.6,9.6,8.79,9.38,600.0,5605.5,derived_ohlc4
HNX_DXP,DXP,2019-04-23 09:00:00,174,8,9.38,9.6,9.38,9.6,250.0,2372.5,derived_ohlc4
HNX_DXP,DXP,2019-04-24 09:00:00,175,8,8.79,9.52,8.64,9.45,1500.0,13650.0,derived_ohlc4
HNX_DXP,DXP,2019-04-25 09:00:00,176,8,8.93,9.38,8.71,9.23,2300.0,20843.75,derived_ohlc4
HNX_DXP,DXP,2019-05-02 09:00:00,178,9,8.42,9.38,8.42,9.38,430.0,3827.0,derived_ohlc4
HNX_DXP,DXP,2019-05-03 09:00:00,179,9,8.49,9.23,8.49,9.23,300.0,2658.0,derived_ohlc4
HNX_DXP,DXP,2019-05-06 09:00:00,180,9,8.86,8.86,8.86,8.86,100.0,886.0,derived_ohlc4
HNX_DXP,DXP,2019-05-07 09:00:00,181,9,8.49,8.71,8.49,8.71,2100.0,18060.000000000004,derived_ohlc4
HNX_DXP,DXP,2019-05-08 09:00:00,182,9,8.49,9.01,8.49,9.01,2100.0,18375.0,derived_ohlc4
HNX_DXP,DXP,2019-05-13 09:00:00,185,10,8.12,8.79,8.12,8.79,200.0,1690.9999999999995,derived_ohlc4
HNX_DXP,DXP,2019-05-14 09:00:00,186,10,8.42,8.64,8.42,8.64,400.0,3412.0000000000005,derived_ohlc4
HNX_DXP,DXP,2019-05-15 09:00:00,187,10,8.79,8.79,8.49,8.56,1700.0,14717.750000000002,derived_ohlc4
HNX_DXP,DXP,2019-05-16 09:00:00,188,10,8.79,8.93,8.49,8.49,11300.0,98027.50000000001,derived_ohlc4
HNX_DXP,DXP,2019-05-17 09:00:00,189,10,8.86,8.86,8.49,8.49,6600.0,57255.00000000001,derived_ohlc4
HNX_DXP,DXP,2019-05-20 09:00:00,190,10,8.49,8.79,8.12,8.79,6100.0,52139.75,derived_ohlc4
HNX_DXP,DXP,2019-05-21 09:00:00,191,10,8.79,8.93,8.71,8.86,9310.0,82137.47499999999,derived_ohlc4
HNX_DXP,DXP,2019-05-22 09:00:00,192,10,8.86,8.86,8.86,8.86,9336.0,82716.95999999999,derived_ohlc4
HNX_DXP,DXP,2019-05-23 09:00:00,193,10,8.71,8.71,8.71,8.71,100.0,871.0000000000001,derived_ohlc4
HNX_DXP,DXP,2019-05-24 09:00:00,194,10,8.71,8.71,8.56,8.71,4988.0,43258.43000000001,derived_ohlc4
HNX_DXP,DXP,2019-05-27 09:00:00,195,10,8.71,8.71,8.71,8.71,3500.0,30485.000000000004,derived_ohlc4
HNX_DXP,DXP,2019-05-28 09:00:00,196,10,8.34,8.71,8.34,8.71,500.0,4262.5,derived_ohlc4
HNX_DXP,DXP,2019-05-29 09:00:00,197,10,8.42,8.71,8.12,8.71,5600.0,47544.0,derived_ohlc4
HNX_DXP,DXP,2019-05-30 09:00:00,198,10,8.34,8.56,8.27,8.56,1090.0,9191.425,derived_ohlc4
HNX_DXP,DXP,2019-05-31 09:00:00,199,10,8.27,8.86,8.27,8.86,1400.0,11991.0,derived_ohlc4
HNX_DXP,DXP,2019-06-03 09:00:00,200,10,8.34,8.56,8.34,8.56,200.0,1689.9999999999998,derived_ohlc4
HNX_DXP,DXP,2019-06-04 09:00:00,201,10,8.56,8.71,8.56,8.71,200.0,1727.0000000000002,derived_ohlc4
HNX_DXP,DXP,2019-06-05 09:00:00,202,10,8.64,8.64,8.64,8.64,1065.0,9201.6,derived_ohlc4
HNX_DXP,DXP,2019-06-06 09:00:00,203,10,8.64,8.64,8.64,8.64,1036.0,8951.04,derived_ohlc4
HNX_DXP,DXP,2019-06-07 09:00:00,204,10,8.64,8.71,8.49,8.64,1600.0,13792.000000000002,derived_ohlc4
HNX_DXP,DXP,2019-06-10 09:00:00,205,10,8.64,8.64,8.64,8.64,600.0,5184.0,derived_ohlc4
HNX_DXP,DXP,2019-06-12 09:00:00,207,11,8.64,8.64,8.64,8.64,800.0,6912.0,derived_ohlc4
HNX_DXP,DXP,2019-06-13 09:00:00,208,11,8.64,8.64,8.64,8.64,2800.0,24192.0,derived_ohlc4
HNX_DXP,DXP,2019-06-14 09:00:00,209,11,8.64,8.86,8.64,8.86,3510.0,30712.5,derived_ohlc4
HNX_DXP,DXP,2019-06-17 09:00:00,210,11,8.64,8.71,8.64,8.71,1700.0,14747.500000000002,derived_ohlc4
HNX_DXP,DXP,2019-06-19 09:00:00,212,12,8.71,8.86,8.71,8.86,1100.0,9663.5,derived_ohlc4
HNX_DXP,DXP,2019-06-20 09:00:00,213,12,8.71,8.71,8.64,8.64,1210.0,10496.75,derived_ohlc4
HNX_DXP,DXP,2019-06-21 09:00:00,214,12,8.64,8.64,8.64,8.64,307.0,2652.48,derived_ohlc4
HNX_DXP,DXP,2019-06-24 09:00:00,215,12,8.56,8.56,8.49,8.49,4500.0,38362.5,derived_ohlc4
HNX_DXP,DXP,2019-06-25 09:00:00,216,12,8.49,8.71,8.12,8.49,10300.0,87060.75,derived_ohlc4
HNX_DXP,DXP,2019-06-26 09:00:00,217,12,8.71,8.71,8.12,8.64,6488.0,55439.96,derived_ohlc4
HNX_DXP,DXP,2019-06-27 09:00:00,218,12,8.64,8.64,8.64,8.64,48.0,414.72,derived_ohlc4
HNX_DXP,DXP,2019-06-28 09:00:00,219,12,8.27,8.64,8.27,8.64,600.0,5073.0,derived_ohlc4
HNX_DXP,DXP,2019-07-01 09:00:00,220,12,8.64,8.64,8.56,8.56,1200.0,10320.000000000002,derived_ohlc4
HNX_DXP,DXP,2019-07-02 09:00:00,221,12,8.34,8.34,8.34,8.34,100.0,834.0,derived_ohlc4
HNX_DXP,DXP,2019-07-03 09:00:00,222,12,8.64,8.64,8.42,8.56,660.0,5652.900000000001,derived_ohlc4
HNX_DXP,DXP,2019-07-04 09:00:00,223,12,8.49,8.56,8.49,8.56,1100.0,9377.5,derived_ohlc4
HNX_DXP,DXP,2019-07-05 09:00:00,224,12,8.56,8.56,8.19,8.56,7400.0,62659.50000000001,derived_ohlc4
HNX_DXP,DXP,2019-07-08 09:00:00,225,12,8.49,8.49,8.49,8.49,700.0,5943.0,derived_ohlc4
HNX_DXP,DXP,2019-07-09 09:00:00,226,12,8.42,8.64,8.42,8.64,2100.0,17913.000000000004,derived_ohlc4
HNX_DXP,DXP,2019-07-10 09:00:00,227,12,8.42,8.71,8.19,8.71,7706.0,65558.795,derived_ohlc4
HNX_DXP,DXP,2019-07-11 09:00:00,228,12,8.56,8.56,8.56,8.56,900.0,7704.0,derived_ohlc4
HNX_DXP,DXP,2019-07-12 09:00:00,229,12,8.56,8.56,8.49,8.49,1700.0,14492.5,derived_ohlc4
HNX_DXP,DXP,2019-07-15 09:00:00,230,12,8.64,8.64,8.56,8.56,200.0,1720.0000000000002,derived_ohlc4
HNX_DXP,DXP,2019-07-16 09:00:00,231,12,8.42,8.56,8.34,8.56,2400.0,20328.0,derived_ohlc4
HNX_DXP,DXP,2019-07-17 09:00:00,232,12,8.56,8.56,8.56,8.56,500.0,4280.0,derived_ohlc4
HNX_DXP,DXP,2019-07-18 09:00:00,233,12,8.56,8.56,8.56,8.56,500.0,4280.0,derived_ohlc4
HNX_DXP,DXP,2019-07-19 09:00:00,234,12,8.56,8.56,8.56,8.56,500.0,4280.0,derived_ohlc4
HNX_DXP,DXP,2019-07-22 09:00:00,235,12,8.56,8.64,8.56,8.64,1900.0,16340.000000000002,derived_ohlc4
HNX_DXP,DXP,2019-07-23 09:00:00,236,12,8.64,8.71,8.64,8.71,400.0,3470.0000000000005,derived_ohlc4
HNX_DXP,DXP,2019-07-24 09:00:00,237,12,7.9,8.71,7.9,8.64,3700.0,30663.75,derived_ohlc4
HNX_DXP,DXP,2019-07-25 09:00:00,238,12,7.83,8.64,7.83,8.64,1100.0,9058.5,derived_ohlc4
HNX_DXP,DXP,2019-07-26 09:00:00,239,12,7.97,8.79,7.97,8.79,2600.0,21787.999999999996,derived_ohlc4
HNX_DXP,DXP,2019-07-29 09:00:00,240,12,7.97,8.79,7.97,8.79,2007.0,16818.659999999996,derived_ohlc4
HNX_DXP,DXP,2019-07-30 09:00:00,241,12,8.19,8.79,8.19,8.19,9100.0,75893.99999999999,derived_ohlc4
HNX_DXP,DXP,2019-07-31 09:00:00,242,12,7.68,8.71,7.68,8.71,2700.0,22126.5,derived_ohlc4
HNX_DXP,DXP,2019-08-01 09:00:00,243,12,8.19,8.71,8.12,8.71,4810.0,40560.325,derived_ohlc4
HNX_DXP,DXP,2019-08-05 09:00:00,245,13,8.34,8.34,8.34,8.34,1000.0,8340.0,derived_ohlc4
HNX_DXP,DXP,2019-08-06 09:00:00,246,13,8.34,8.56,8.34,8.56,3530.0,29828.499999999996,derived_ohlc4
HNX_DXP,DXP,2019-08-07 09:00:00,247,13,7.97,8.71,7.97,8.56,999.0,8294.1975,derived_ohlc4
HNX_DXP,DXP,2019-08-08 09:00:00,248,13,8.56,9.38,8.56,9.38,110931.0,995051.0700000001,derived_ohlc4
HNX_DXP,DXP,2019-08-09 09:00:00,249,13,9.23,10.26,9.23,9.6,1800.0,17244.0,derived_ohlc4
HNX_DXP,DXP,2019-08-12 09:00:00,250,13,9.01,9.38,9.01,9.38,2470.0,22711.65,derived_ohlc4
HNX_DXP,DXP,2019-08-13 09:00:00,251,13,8.64,9.15,8.49,9.15,25060.0,221968.95,derived_ohlc4
HNX_DXP,DXP,2019-08-14 09:00:00,252,13,8.79,8.79,8.27,8.56,3400.0,29248.499999999996,derived_ohlc4
HNX_DXP,DXP,2019-08-15 09:00:00,253,13,8.71,8.71,8.27,8.64,4200.0,36046.5,derived_ohlc4
HNX_DXP,DXP,2019-08-16 09:00:00,254,13,8.64,8.79,8.19,8.19,4340.0,36683.84999999999,derived_ohlc4
HNX_DXP,DXP,2019-08-19 09:00:00,255,13,8.56,8.56,7.9,8.19,33840.0,280956.60000000003,derived_ohlc4
HNX_DXP,DXP,2019-08-20 09:00:00,256,13,8.12,8.49,7.97,8.49,16550.0,136827.125,derived_ohlc4
HNX_DXP,DXP,2019-08-21 09:00:00,257,13,8.71,9.23,8.64,8.64,540.0,4754.7,derived_ohlc4
HNX_DXP,DXP,2019-08-22 09:00:00,258,13,8.19,8.64,8.19,8.42,5600.0,46816.0,derived_ohlc4
HNX_DXP,DXP,2019-08-23 09:00:00,259,13,8.12,8.42,8.12,8.42,2300.0,19021.0,derived_ohlc4
HNX_DXP,DXP,2019-08-26 09:00:00,260,13,8.27,8.42,8.05,8.19,17740.0,146044.55,derived_ohlc4
HNX_DXP,DXP,2019-08-27 09:00:00,261,13,8.42,8.42,7.9,8.19,3700.0,30460.25,derived_ohlc4
HNX_DXP,DXP,2019-08-28 09:00:00,262,13,8.42,8.42,8.19,8.42,20500.0,171431.25000000003,derived_ohlc4
HNX_DXP,DXP,2019-08-29 09:00:00,263,13,8.34,8.86,8.34,8.49,6700.0,57000.25,derived_ohlc4
HNX_DXP,DXP,2019-08-30 09:00:00,264,13,8.64,9.3,8.64,9.08,32800.0,292412.00000000006,derived_ohlc4
HNX_DXP,DXP,2019-09-03 09:00:00,265,13,9.6,9.6,9.01,9.08,30600.0,285268.5,derived_ohlc4
HNX_DXP,DXP,2019-09-04 09:00:00,266,13,8.34,9.01,8.34,8.93,865.0,7486.575000000001,derived_ohlc4
HNX_DXP,DXP,2019-09-05 09:00:00,267,13,9.38,9.38,8.64,8.79,2350.0,21261.625,derived_ohlc4
HNX_DXP,DXP,2019-09-06 09:00:00,268,13,9.23,9.23,8.93,8.93,200.0,1816.0,derived_ohlc4
HNX_DXP,DXP,2019-09-09 09:00:00,269,13,8.86,9.23,8.86,8.86,1000.0,8952.5,derived_ohlc4
HNX_DXP,DXP,2019-09-10 09:00:00,270,13,8.27,8.64,8.27,8.64,500.0,4227.5,derived_ohlc4
HNX_DXP,DXP,2019-09-11 09:00:00,271,13,9.45,9.45,8.27,8.79,339.0,3047.6099999999997,derived_ohlc4
HNX_DXP,DXP,2019-09-12 09:00:00,272,13,9.01,9.01,8.12,8.71,9900.0,86253.75,derived_ohlc4
HNX_DXP,DXP,2019-09-13 09:00:00,273,13,8.64,8.93,8.64,8.86,8200.0,71893.5,derived_ohlc4
HNX_DXP,DXP,2019-09-16 09:00:00,274,13,8.86,9.23,8.79,8.79,2754.0,24558.795000000002,derived_ohlc4
HNX_DXP,DXP,2019-09-17 09:00:00,275,13,8.86,8.86,8.86,8.86,3500.0,31009.999999999996,derived_ohlc4
HNX_DXP,DXP,2019-09-18 09:00:00,276,13,8.71,8.86,8.64,8.64,4800.0,41820.0,derived_ohlc4
HNX_DXP,DXP,2019-09-19 09:00:00,277,13,8.86,8.86,8.42,8.71,400.0,3485.0,derived_ohlc4
HNX_DXP,DXP,2019-09-20 09:00:00,278,13,8.27,8.86,8.27,8.86,4630.0,39655.95,derived_ohlc4
HNX_DXP,DXP,2019-09-23 09:00:00,279,13,8.86,9.45,8.27,8.79,8813.0,77928.9525,derived_ohlc4
HNX_DXP,DXP,2019-09-24 09:00:00,280,13,8.49,8.71,8.49,8.71,1000.0,8600.000000000002,derived_ohlc4
HNX_DXP,DXP,2019-09-25 09:00:00,281,13,8.64,8.79,8.42,8.71,3400.0,29376.000000000004,derived_ohlc4
HNX_DXP,DXP,2019-09-26 09:00:00,282,13,8.49,8.64,8.49,8.64,1900.0,16273.500000000002,derived_ohlc4
HNX_DXP,DXP,2019-09-27 09:00:00,283,13,8.79,8.79,8.49,8.49,2160.0,18662.4,derived_ohlc4
HNX_DXP,DXP,2019-09-30 09:00:00,284,13,8.34,8.71,8.34,8.64,4775.0,40623.3125,derived_ohlc4
HNX_DXP,DXP,2019-10-01 09:00:00,285,13,8.64,8.64,8.64,8.64,400.0,3456.0,derived_ohlc4
HNX_DXP,DXP,2019-10-02 09:00:00,286,13,8.49,8.64,8.34,8.64,2700.0,23024.25,derived_ohlc4
HNX_DXP,DXP,2019-10-03 09:00:00,287,13,8.56,8.56,8.49,8.49,1060.0,9036.5,derived_ohlc4
HNX_DXP,DXP,2019-10-04 09:00:00,288,13,8.49,8.86,8.34,8.64,13600.0,116722.0,derived_ohlc4
HNX_DXP,DXP,2019-10-09 09:00:00,291,14,8.56,8.56,8.56,8.56,400.0,3424.0,derived_ohlc4
HNX_DXP,DXP,2019-10-10 09:00:00,292,14,8.49,8.49,8.49,8.49,700.0,5943.0,derived_ohlc4
HNX_DXP,DXP,2019-10-11 09:00:00,293,14,8.27,8.49,8.19,8.49,2500.0,20900.0,derived_ohlc4
HNX_DXP,DXP,2019-10-14 09:00:00,294,14,8.27,8.56,8.19,8.49,7200.0,60318.0,derived_ohlc4
HNX_DXP,DXP,2019-10-15 09:00:00,295,14,8.64,8.64,8.49,8.56,2200.0,18881.500000000004,derived_ohlc4
HNX_DXP,DXP,2019-10-16 09:00:00,296,14,8.42,8.56,8.42,8.56,200.0,1698.0,derived_ohlc4
HNX_DXP,DXP,2019-10-17 09:00:00,297,14,8.49,8.49,8.27,8.27,1300.0,10893.999999999998,derived_ohlc4
HNX_DXP,DXP,2019-10-18 09:00:00,298,14,8.27,8.49,8.27,8.49,2400.0,20111.999999999996,derived_ohlc4
HNX_DXP,DXP,2019-10-21 09:00:00,299,14,8.19,8.42,8.19,8.42,3600.0,29898.0,derived_ohlc4
HNX_DXP,DXP,2019-10-22 09:00:00,300,14,8.12,8.56,8.12,8.56,200.0,1668.0,derived_ohlc4
HNX_DXP,DXP,2019-10-25 09:00:00,303,15,8.34,8.49,8.19,8.42,2100.0,17556.0,derived_ohlc4
HNX_DXP,DXP,2019-10-29 09:00:00,305,16,8.12,8.42,8.12,8.42,200.0,1654.0,derived_ohlc4
HNX_DXP,DXP,2019-10-30 09:00:00,306,16,8.27,8.27,8.27,8.27,100.0,827.0,derived_ohlc4
HNX_DXP,DXP,2019-10-31 09:00:00,307,16,8.49,8.49,8.42,8.42,500.0,4227.5,derived_ohlc4
HNX_DXP,DXP,2019-11-04 09:00:00,309,17,8.34,8.34,8.34,8.34,200.0,1668.0,derived_ohlc4
HNX_DXP,DXP,2019-11-05 09:00:00,310,17,8.12,8.34,8.12,8.19,1500.0,12288.749999999998,derived_ohlc4
HNX_DXP,DXP,2019-11-06 09:00:00,311,17,8.34,8.49,8.12,8.49,4500.0,37620.0,derived_ohlc4
HNX_DXP,DXP,2019-11-07 09:00:00,312,17,8.27,8.27,8.27,8.27,3500.0,28945.0,derived_ohlc4
HNX_DXP,DXP,2019-11-08 09:00:00,313,17,8.12,8.12,8.12,8.12,660.0,5359.2,derived_ohlc4
HNX_DXP,DXP,2019-11-11 09:00:00,314,17,8.12,8.12,8.12,8.12,4520.0,36702.399999999994,derived_ohlc4
HNX_DXP,DXP,2019-11-13 09:00:00,316,18,8.12,8.12,8.12,8.12,2000.0,16239.999999999998,derived_ohlc4
HNX_DXP,DXP,2019-11-14 09:00:00,317,18,8.34,8.56,8.27,8.34,2300.0,19268.25,derived_ohlc4
HNX_DXP,DXP,2019-11-15 09:00:00,318,18,8.27,8.49,8.27,8.34,3900.0,32535.749999999996,derived_ohlc4
HNX_DXP,DXP,2019-11-18 09:00:00,319,18,8.56,8.56,8.49,8.49,800.0,6820.0,derived_ohlc4
HNX_DXP,DXP,2019-11-19 09:00:00,320,18,8.49,8.49,8.49,8.49,200.0,1698.0,derived_ohlc4
HNX_DXP,DXP,2019-11-20 09:00:00,321,18,8.19,8.56,8.12,8.56,1700.0,14207.75,derived_ohlc4
HNX_DXP,DXP,2019-11-21 09:00:00,322,18,8.12,8.56,8.12,8.56,2810.0,23435.399999999998,derived_ohlc4
HNX_DXP,DXP,2019-11-22 09:00:00,323,18,8.27,8.56,8.27,8.56,2190.0,18428.85,derived_ohlc4
HNX_DXP,DXP,2019-11-25 09:00:00,324,18,8.12,8.49,7.9,8.49,928.0,7656.0,derived_ohlc4
HNX_DXP,DXP,2019-11-26 09:00:00,325,18,8.12,8.42,8.12,8.42,1100.0,9097.0,derived_ohlc4
HNX_DXP,DXP,2019-11-27 09:00:00,326,18,8.49,8.49,8.49,8.49,500.0,4245.0,derived_ohlc4
HNX_DXP,DXP,2019-11-28 09:00:00,327,18,8.49,8.49,8.49,8.49,310.0,2631.9,derived_ohlc4
HNX_DXP,DXP,2019-11-29 09:00:00,328,18,8.49,8.49,8.49,8.49,1000.0,8490.0,derived_ohlc4
HNX_DXP,DXP,2019-12-02 09:00:00,329,18,8.12,8.49,8.12,8.42,5860.0,48564.75,derived_ohlc4
HNX_DXP,DXP,2019-12-03 09:00:00,330,18,8.12,8.42,8.12,8.42,500.0,4135.0,derived_ohlc4
HNX_DXP,DXP,2019-12-04 09:00:00,331,18,8.27,8.42,8.27,8.42,200.0,1668.9999999999998,derived_ohlc4
HNX_DXP,DXP,2019-12-06 09:00:00,333,19,8.42,8.42,8.42,8.42,700.0,5894.0,derived_ohlc4
HNX_DXP,DXP,2019-12-09 09:00:00,334,19,8.42,8.42,8.42,8.42,40.0,336.8,derived_ohlc4
HNX_DXP,DXP,2019-12-10 09:00:00,335,19,8.42,8.42,8.42,8.42,10.0,84.2,derived_ohlc4
HNX_DXP,DXP,2019-12-13 09:00:00,338,20,8.12,8.34,8.12,8.34,6300.0,51849.0,derived_ohlc4
HNX_DXP,DXP,2019-12-16 09:00:00,339,20,7.97,8.49,7.97,8.49,1300.0,10699.0,derived_ohlc4
HNX_DXP,DXP,2019-12-17 09:00:00,340,20,8.12,8.34,8.12,8.34,1120.0,9217.6,derived_ohlc4
HNX_DXP,DXP,2019-12-18 09:00:00,341,20,7.97,8.34,7.9,8.34,5430.0,44186.62499999999,derived_ohlc4
HNX_DXP,DXP,2019-12-19 09:00:00,342,20,7.97,8.34,7.9,7.9,2200.0,17660.5,derived_ohlc4
HNX_DXP,DXP,2019-12-20 09:00:00,343,20,7.9,8.12,7.83,7.9,6084.0,48291.75,derived_ohlc4
HNX_DXP,DXP,2019-12-23 09:00:00,344,20,8.12,8.12,7.83,8.12,7300.0,58746.74999999999,derived_ohlc4
HNX_DXP,DXP,2019-12-24 09:00:00,345,20,7.83,8.12,7.83,8.12,3100.0,24722.5,derived_ohlc4
HNX_DXP,DXP,2019-12-25 09:00:00,346,20,7.83,8.34,7.83,8.34,1600.0,12936.000000000002,derived_ohlc4
HNX_DXP,DXP,2019-12-26 09:00:00,347,20,8.34,8.34,8.34,8.34,19.0,158.46,derived_ohlc4
HNX_DXP,DXP,2019-12-27 09:00:00,348,20,7.9,8.71,7.83,8.56,6300.0,51975.0,derived_ohlc4
HNX_DXP,DXP,2019-12-31 09:00:00,350,21,8.49,8.49,8.49,8.49,3490.0,29630.100000000002,derived_ohlc4
HNX_DXP,DXP,2020-01-03 09:00:00,352,22,8.42,8.42,8.42,8.42,400.0,3368.0,derived_ohlc4
HNX_DXP,DXP,2020-01-06 09:00:00,353,22,8.12,8.42,8.12,8.34,3865.0,31886.25,derived_ohlc4
HNX_DXP,DXP,2020-01-13 09:00:00,358,23,8.79,8.79,8.79,8.79,100.0,878.9999999999999,derived_ohlc4
HNX_DXP,DXP,2020-01-30 09:00:00,366,24,8.56,8.71,8.56,8.64,5000.0,43087.50000000001,derived_ohlc4
HNX_DXP,DXP,2020-01-31 09:00:00,367,24,8.64,8.64,8.64,8.64,100.0,864.0,derived_ohlc4
HNX_DXP,DXP,2020-02-03 09:00:00,368,24,7.9,8.49,7.9,8.49,4700.0,38516.5,derived_ohlc4
HNX_DXP,DXP,2020-02-04 09:00:00,369,24,7.9,8.34,7.9,8.34,4800.0,38976.00000000001,derived_ohlc4
HNX_DXP,DXP,2020-02-05 09:00:00,370,24,7.75,8.27,7.75,8.12,1700.0,13553.25,derived_ohlc4
HNX_DXP,DXP,2020-02-06 09:00:00,371,24,7.75,8.12,7.75,8.05,5800.0,45921.5,derived_ohlc4
HNX_DXP,DXP,2020-02-07 09:00:00,372,24,8.05,8.05,8.05,8.05,105.0,845.2500000000001,derived_ohlc4
HNX_DXP,DXP,2020-02-10 09:00:00,373,24,8.05,8.71,8.05,8.64,12740.0,106538.25000000001,derived_ohlc4
HNX_DXP,DXP,2020-02-11 09:00:00,374,24,8.64,8.64,8.49,8.49,1105.0,9464.325,derived_ohlc4
HNX_DXP,DXP,2020-02-12 09:00:00,375,24,8.49,8.49,8.49,8.49,1.0,8.49,derived_ohlc4
HNX_DXP,DXP,2020-02-13 09:00:00,376,24,8.12,8.49,8.12,8.34,1800.0,14881.499999999996,derived_ohlc4
HNX_DXP,DXP,2020-02-14 09:00:00,377,24,8.34,8.34,8.34,8.34,805.0,6713.7,derived_ohlc4
HNX_DXP,DXP,2020-02-17 09:00:00,378,24,7.97,9.15,7.97,9.01,5160.0,43989.0,derived_ohlc4
HNX_DXP,DXP,2020-02-18 09:00:00,379,24,9.01,9.01,8.64,8.86,3600.0,31967.999999999996,derived_ohlc4
HNX_DXP,DXP,2020-02-19 09:00:00,380,24,8.79,8.79,8.79,8.79,2100.0,18459.0,derived_ohlc4
HNX_DXP,DXP,2020-02-20 09:00:00,381,24,8.79,8.79,8.79,8.79,10.0,87.89999999999999,derived_ohlc4
HNX_DXP,DXP,2020-02-21 09:00:00,382,24,8.79,9.6,8.79,9.6,1100.0,10114.5,derived_ohlc4
HNX_DXP,DXP,2020-02-24 09:00:00,383,24,9.6,9.6,9.6,9.6,10.0,96.0,derived_ohlc4
HNX_DXP,DXP,2020-02-25 09:00:00,384,24,9.52,10.26,9.52,10.26,1110.0,10977.900000000001,derived_ohlc4
HNX_DXP,DXP,2020-02-28 09:00:00,387,25,9.3,10.04,9.3,10.04,1200.0,11604.0,derived_ohlc4
HNX_DXP,DXP,2020-03-04 09:00:00,390,26,9.38,9.38,9.38,9.38,100.0,938.0000000000001,derived_ohlc4
HNX_DXP,DXP,2020-03-05 09:00:00,391,26,8.64,9.23,8.64,9.23,1600.0,14296.0,derived_ohlc4
HNX_DXP,DXP,2020-03-06 09:00:00,392,26,8.86,9.23,8.56,8.56,1245.0,10959.112500000001,derived_ohlc4
HNX_DXP,DXP,2020-03-09 09:00:00,393,26,8.86,8.86,7.97,8.19,3750.0,31762.499999999996,derived_ohlc4
HNX_DXP,DXP,2020-03-10 09:00:00,394,26,8.19,8.19,8.19,8.19,100.0,819.0,derived_ohlc4
HNX_DXP,DXP,2020-03-11 09:00:00,395,26,7.97,8.19,7.46,8.19,3300.0,26243.250000000004,derived_ohlc4
HNX_DXP,DXP,2020-03-12 09:00:00,396,26,8.86,8.86,8.86,8.86,100.0,886.0,derived_ohlc4
HNX_DXP,DXP,2020-03-16 09:00:00,398,27,8.79,8.79,8.79,8.79,500.0,4395.0,derived_ohlc4
HNX_DXP,DXP,2020-03-17 09:00:00,399,27,7.97,8.71,7.97,8.71,2300.0,19182.0,derived_ohlc4
HNX_DXP,DXP,2020-03-18 09:00:00,400,27,7.97,8.49,7.97,8.49,400.0,3292.0,derived_ohlc4
HNX_DXP,DXP,2020-03-19 09:00:00,401,27,7.75,8.42,7.75,8.42,2100.0,16978.5,derived_ohlc4
HNX_DXP,DXP,2020-03-20 09:00:00,402,27,7.75,8.34,7.6,8.34,47200.0,377954.0,derived_ohlc4
HNX_DXP,DXP,2020-03-23 09:00:00,403,27,7.53,7.53,7.53,7.53,24832.0,186984.96,derived_ohlc4
HNX_DXP,DXP,2020-03-24 09:00:00,404,27,7.46,7.46,6.94,6.94,9600.0,69120.0,derived_ohlc4
HNX_DXP,DXP,2020-03-25 09:00:00,405,27,6.87,6.87,6.87,6.87,3400.0,23358.0,derived_ohlc4
HNX_DXP,DXP,2020-03-26 09:00:00,406,27,6.87,6.87,6.79,6.79,3000.0,20490.0,derived_ohlc4
HNX_DXP,DXP,2020-03-27 09:00:00,407,27,6.87,6.87,6.87,6.87,200.0,1374.0,derived_ohlc4
HNX_DXP,DXP,2020-03-30 09:00:00,408,27,6.28,6.79,6.2,6.64,3200.0,20728.0,derived_ohlc4
HNX_DXP,DXP,2020-03-31 09:00:00,409,27,6.64,6.64,6.28,6.5,5300.0,34529.5,derived_ohlc4
HNX_DXP,DXP,2020-04-01 09:00:00,410,27,6.42,6.42,6.42,6.42,1500.0,9630.0,derived_ohlc4
HNX_DXP,DXP,2020-04-03 09:00:00,411,27,6.28,6.42,6.28,6.42,500.0,3175.0,derived_ohlc4
HNX_DXP,DXP,2020-04-06 09:00:00,412,27,6.42,7.01,6.42,7.01,43662.0,293190.33,derived_ohlc4
HNX_DXP,DXP,2020-04-07 09:00:00,413,27,7.01,7.01,6.64,6.79,45244.0,310486.95,derived_ohlc4
HNX_DXP,DXP,2020-04-08 09:00:00,414,27,7.01,7.01,6.64,7.01,27200.0,188156.0,derived_ohlc4
HNX_DXP,DXP,2020-04-09 09:00:00,415,27,6.64,7.09,6.64,7.09,23500.0,161327.5,derived_ohlc4
HNX_DXP,DXP,2020-04-10 09:00:00,416,27,7.38,7.38,6.72,7.24,2000.0,14360.0,derived_ohlc4
HNX_DXP,DXP,2020-04-13 09:00:00,417,27,7.24,7.38,7.24,7.38,710.0,5190.099999999999,derived_ohlc4
HNX_DXP,DXP,2020-04-14 09:00:00,418,27,7.38,7.97,6.87,7.75,11089.0,83084.3325,derived_ohlc4
HNX_DXP,DXP,2020-04-15 09:00:00,419,27,7.68,7.83,7.09,7.83,14000.0,106505.0,derived_ohlc4
HNX_DXP,DXP,2020-04-17 09:00:00,421,28,7.83,7.9,7.6,7.75,16950.0,131701.5,derived_ohlc4
HNX_DXP,DXP,2020-04-20 09:00:00,422,28,7.75,7.75,7.75,7.75,5000.0,38750.0,derived_ohlc4
HNX_DXP,DXP,2020-04-21 09:00:00,423,28,7.75,7.75,7.75,7.75,5585.0,43283.75,derived_ohlc4
HNX_DXP,DXP,2020-04-23 09:00:00,425,29,7.68,7.68,7.16,7.68,5510.0,41600.5,derived_ohlc4
HNX_DXP,DXP,2020-04-24 09:00:00,426,29,7.68,7.68,7.68,7.68,885.0,6796.8,derived_ohlc4
HNX_DXP,DXP,2020-04-27 09:00:00,427,29,7.68,7.68,7.6,7.68,800.0,6128.0,derived_ohlc4
HNX_DXP,DXP,2020-04-28 09:00:00,428,29,7.46,7.6,7.46,7.6,4230.0,31851.899999999998,derived_ohlc4
HNX_DXP,DXP,2020-04-29 09:00:00,429,29,7.6,7.6,7.53,7.53,2050.0,15508.25,derived_ohlc4
HNX_DXP,DXP,2020-05-04 09:00:00,430,29,7.53,7.68,7.53,7.6,13300.0,100880.50000000001,derived_ohlc4
HNX_DXP,DXP,2020-05-05 09:00:00,431,29,7.6,7.6,7.16,7.6,11400.0,85386.0,derived_ohlc4
HNX_DXP,DXP,2020-05-06 09:00:00,432,29,7.38,7.53,7.38,7.53,5640.0,42046.2,derived_ohlc4
HNX_DXP,DXP,2020-05-07 09:00:00,433,29,7.53,7.53,7.46,7.53,10600.0,79632.5,derived_ohlc4
HNX_DXP,DXP,2020-05-08 09:00:00,434,29,7.53,7.6,7.53,7.53,5530.0,41737.675,derived_ohlc4
HNX_DXP,DXP,2020-05-11 09:00:00,435,29,8.27,8.27,7.24,7.97,8140.0,64611.25,derived_ohlc4
HNX_DXP,DXP,2020-05-12 09:00:00,436,29,8.71,8.71,7.75,7.75,1930.0,15883.900000000001,derived_ohlc4
HNX_DXP,DXP,2020-05-13 09:00:00,437,29,8.12,8.12,7.38,7.75,3200.0,25095.999999999996,derived_ohlc4
HNX_DXP,DXP,2020-05-14 09:00:00,438,29,8.42,8.42,7.24,7.9,5050.0,40374.74999999999,derived_ohlc4
HNX_DXP,DXP,2020-05-15 09:00:00,439,29,7.75,7.75,7.68,7.68,2280.0,17590.2,derived_ohlc4
HNX_DXP,DXP,2020-05-18 09:00:00,440,29,8.27,8.27,7.46,7.75,12400.0,98425.0,derived_ohlc4
HNX_DXP,DXP,2020-05-19 09:00:00,441,29,7.75,7.75,7.75,7.75,810.0,6277.5,derived_ohlc4
HNX_DXP,DXP,2020-05-20 09:00:00,442,29,7.46,7.75,7.38,7.75,25301.0,191908.085,derived_ohlc4
HNX_DXP,DXP,2020-05-21 09:00:00,443,29,8.12,8.12,7.68,7.68,2200.0,17380.0,derived_ohlc4
HNX_DXP,DXP,2020-05-22 09:00:00,444,29,7.6,7.6,7.6,7.6,130.0,988.0,derived_ohlc4
HNX_DXP,DXP,2020-05-25 09:00:00,445,29,7.6,7.68,7.38,7.38,1750.0,13142.5,derived_ohlc4
HNX_DXP,DXP,2020-05-26 09:00:00,446,29,7.46,7.6,7.46,7.6,10429.0,78530.37,derived_ohlc4
HNX_DXP,DXP,2020-05-27 09:00:00,447,29,7.6,7.6,7.6,7.6,14640.0,111264.0,derived_ohlc4
HNX_DXP,DXP,2020-05-28 09:00:00,448,29,7.6,7.6,7.46,7.6,18530.0,140179.44999999998,derived_ohlc4
HNX_DXP,DXP,2020-05-29 09:00:00,449,29,7.6,7.6,7.6,7.6,20100.0,152760.0,derived_ohlc4
HNX_DXP,DXP,2020-06-01 09:00:00,450,29,7.53,7.53,7.53,7.53,6735.0,50714.55,derived_ohlc4
HNX_DXP,DXP,2020-06-02 09:00:00,451,29,7.38,7.46,7.38,7.46,1513.0,11226.46,derived_ohlc4
HNX_DXP,DXP,2020-06-03 09:00:00,452,29,7.46,7.68,7.38,7.6,8440.0,63553.2,derived_ohlc4
HNX_DXP,DXP,2020-06-04 09:00:00,453,29,7.46,7.6,7.38,7.6,13386.0,100528.86,derived_ohlc4
HNX_DXP,DXP,2020-06-05 09:00:00,454,29,7.38,8.05,7.38,8.05,19300.0,148899.5,derived_ohlc4
HNX_DXP,DXP,2020-06-08 09:00:00,455,29,8.34,8.34,7.53,7.53,6500.0,51577.5,derived_ohlc4
HNX_DXP,DXP,2020-06-09 09:00:00,456,29,7.46,7.53,7.46,7.46,3210.0,24002.775,derived_ohlc4
HNX_DXP,DXP,2020-06-10 09:00:00,457,29,7.38,7.46,7.38,7.46,6850.0,50827.0,derived_ohlc4
HNX_DXP,DXP,2020-06-11 09:00:00,458,29,7.46,7.46,7.38,7.38,6200.0,46004.0,derived_ohlc4
HNX_DXP,DXP,2020-06-12 09:00:00,459,29,7.31,7.38,7.31,7.38,2800.0,20566.0,derived_ohlc4
HNX_DXP,DXP,2020-06-15 09:00:00,460,29,7.38,7.38,7.38,7.38,2050.0,15129.0,derived_ohlc4
HNX_DXP,DXP,2020-06-16 09:00:00,461,29,7.38,7.38,7.38,7.38,28000.0,206640.0,derived_ohlc4
HNX_DXP,DXP,2020-06-17 09:00:00,462,29,7.31,7.31,7.31,7.31,1400.0,10234.0,derived_ohlc4
HNX_DXP,DXP,2020-06-18 09:00:00,463,29,7.38,7.53,7.38,7.53,12700.0,94678.5,derived_ohlc4
HNX_DXP,DXP,2020-06-19 09:00:00,464,29,7.38,7.53,7.38,7.53,15720.0,117192.6,derived_ohlc4
HNX_DXP,DXP,2020-06-22 09:00:00,465,29,7.38,7.46,7.38,7.46,13200.0,97944.0,derived_ohlc4
HNX_DXP,DXP,2020-06-23 09:00:00,466,29,7.46,7.46,7.46,7.46,500.0,3730.0,derived_ohlc4
HNX_DXP,DXP,2020-06-24 09:00:00,467,29,7.46,7.46,7.46,7.46,200.0,1492.0,derived_ohlc4
HNX_DXP,DXP,2020-06-25 09:00:00,468,29,8.05,8.05,8.05,8.05,140.0,1127.0,derived_ohlc4
HNX_DXP,DXP,2020-06-30 09:00:00,471,30,7.46,7.46,7.38,7.38,1000.0,7420.0,derived_ohlc4
HNX_DXP,DXP,2020-07-01 09:00:00,472,30,7.31,7.38,7.31,7.38,4210.0,30922.45,derived_ohlc4
HNX_DXP,DXP,2020-07-02 09:00:00,473,30,7.38,7.38,7.38,7.38,610.0,4501.8,derived_ohlc4
HNX_DXP,DXP,2020-07-03 09:00:00,474,30,7.38,7.38,7.38,7.38,4.0,29.52,derived_ohlc4
HNX_DXP,DXP,2020-07-06 09:00:00,475,30,7.38,7.38,7.38,7.38,1100.0,8118.0,derived_ohlc4
HNX_DXP,DXP,2020-07-07 09:00:00,476,30,7.53,7.53,7.53,7.53,110.0,828.3000000000001,derived_ohlc4
HNX_DXP,DXP,2020-07-08 09:00:00,477,30,7.24,7.53,7.24,7.53,2100.0,15508.5,derived_ohlc4
HNX_DXP,DXP,2020-07-09 09:00:00,478,30,7.38,7.38,7.38,7.38,2050.0,15129.0,derived_ohlc4
HNX_DXP,DXP,2020-07-10 09:00:00,479,30,7.53,7.53,7.53,7.53,200.0,1506.0,derived_ohlc4
HNX_DXP,DXP,2020-07-13 09:00:00,480,30,7.38,7.38,7.38,7.38,1000.0,7380.0,derived_ohlc4
HNX_DXP,DXP,2020-07-14 09:00:00,481,30,7.38,7.53,7.38,7.53,1890.0,14089.95,derived_ohlc4
HNX_DXP,DXP,2020-07-15 09:00:00,482,30,7.38,7.53,7.38,7.53,8070.0,60161.85,derived_ohlc4
HNX_DXP,DXP,2020-07-16 09:00:00,483,30,7.38,7.38,7.31,7.38,11850.0,87245.625,derived_ohlc4
HNX_DXP,DXP,2020-07-17 09:00:00,484,30,7.53,7.53,7.53,7.53,120.0,903.6,derived_ohlc4
HNX_DXP,DXP,2020-07-20 09:00:00,485,30,7.53,7.53,7.53,7.53,30.0,225.9,derived_ohlc4
HNX_DXP,DXP,2020-07-21 09:00:00,486,30,7.53,7.53,7.53,7.53,50.0,376.5,derived_ohlc4
HNX_DXP,DXP,2020-07-22 09:00:00,487,30,7.53,7.97,7.38,7.38,14540.0,109995.09999999999,derived_ohlc4
HNX_DXP,DXP,2020-07-23 09:00:00,488,30,7.53,7.53,7.38,7.53,6100.0,45704.25000000001,derived_ohlc4
HNX_DXP,DXP,2020-07-24 09:00:00,489,30,7.46,7.46,7.31,7.31,11200.0,82712.0,derived_ohlc4
HNX_DXP,DXP,2020-07-27 09:00:00,490,30,6.87,7.24,6.87,6.87,720.0,5013.0,derived_ohlc4
HNX_DXP,DXP,2020-07-28 09:00:00,491,30,7.38,7.38,7.31,7.31,10100.0,74184.5,derived_ohlc4
HNX_DXP,DXP,2020-07-31 09:00:00,494,31,7.31,7.31,7.31,7.31,5000.0,36550.0,derived_ohlc4
HNX_DXP,DXP,2020-08-03 09:00:00,495,31,7.31,7.38,7.31,7.38,1100.0,8079.5,derived_ohlc4
HNX_DXP,DXP,2020-08-05 09:00:00,497,32,7.24,7.31,7.24,7.31,3900.0,28372.499999999996,derived_ohlc4
HNX_DXP,DXP,2020-08-06 09:00:00,498,32,7.38,7.38,7.38,7.38,2500.0,18450.0,derived_ohlc4
HNX_DXP,DXP,2020-08-07 09:00:00,499,32,7.31,7.31,7.24,7.31,10300.0,75112.75,derived_ohlc4
HNX_DXP,DXP,2020-08-10 09:00:00,500,32,7.31,7.31,7.31,7.31,16230.0,118641.29999999999,derived_ohlc4
HNX_DXP,DXP,2020-08-11 09:00:00,501,32,7.09,7.31,7.09,7.31,1000.0,7199.999999999999,derived_ohlc4
HNX_DXP,DXP,2020-08-12 09:00:00,502,32,7.38,7.38,7.38,7.38,100.0,738.0,derived_ohlc4
HNX_DXP,DXP,2020-08-13 09:00:00,503,32,7.38,7.38,7.31,7.38,4100.0,30186.25,derived_ohlc4
HNX_DXP,DXP,2020-08-14 09:00:00,504,32,7.24,7.31,7.24,7.31,1100.0,8002.499999999999,derived_ohlc4
HNX_DXP,DXP,2020-08-18 09:00:00,506,33,7.24,7.9,7.24,7.9,33800.0,255866.0,derived_ohlc4
HNX_DXP,DXP,2020-08-19 09:00:00,507,33,7.9,7.9,7.9,7.9,10.0,79.0,derived_ohlc4
HNX_DXP,DXP,2020-08-20 09:00:00,508,33,7.75,7.75,7.75,7.75,100.0,775.0,derived_ohlc4
HNX_DXP,DXP,2020-08-21 09:00:00,509,33,7.38,7.75,7.31,7.75,6200.0,46794.5,derived_ohlc4
HNX_DXP,DXP,2020-08-24 09:00:00,510,33,7.75,7.83,7.6,7.75,12200.0,94336.5,derived_ohlc4
HNX_DXP,DXP,2020-08-25 09:00:00,511,33,7.6,7.68,7.53,7.68,13341.0,101691.77249999999,derived_ohlc4
HNX_DXP,DXP,2020-08-26 09:00:00,512,33,7.6,7.68,7.53,7.68,4100.0,31252.25,derived_ohlc4
HNX_DXP,DXP,2020-08-27 09:00:00,513,33,7.6,7.68,7.6,7.6,23940.0,182422.8,derived_ohlc4
HNX_DXP,DXP,2020-08-28 09:00:00,514,33,7.6,8.34,7.6,8.34,142000.0,1131740.0,derived_ohlc4
HNX_DXP,DXP,2020-08-31 09:00:00,515,33,7.83,9.15,7.83,9.15,336790.0,2859347.1,derived_ohlc4
HNX_DXP,DXP,2020-09-01 09:00:00,516,33,9.23,9.23,8.86,9.01,47350.0,430056.375,derived_ohlc4
HNX_DXP,DXP,2020-09-03 09:00:00,517,33,8.86,9.23,8.86,9.15,119804.0,1081231.1,derived_ohlc4
HNX_DXP,DXP,2020-09-04 09:00:00,518,33,8.42,8.86,8.34,8.56,96900.0,828010.5,derived_ohlc4
HNX_DXP,DXP,2020-09-07 09:00:00,519,33,8.56,8.64,8.34,8.49,85470.0,727136.025,derived_ohlc4
HNX_DXP,DXP,2020-09-08 09:00:00,520,33,8.42,9.23,8.34,9.08,198623.0,1741427.1525,derived_ohlc4
HNX_DXP,DXP,2020-09-09 09:00:00,521,33,8.86,9.23,8.86,9.08,129745.0,1168678.0875000001,derived_ohlc4
HNX_DXP,DXP,2020-09-10 09:00:00,522,33,9.08,9.15,9.01,9.08,61810.0,561234.8,derived_ohlc4
HNX_DXP,DXP,2020-09-11 09:00:00,523,33,9.01,9.08,8.86,9.01,46573.0,418691.27,derived_ohlc4
HNX_DXP,DXP,2020-09-14 09:00:00,524,33,9.01,9.08,8.86,9.01,110210.0,990787.9,derived_ohlc4
HNX_DXP,DXP,2020-09-15 09:00:00,525,33,8.93,9.08,8.86,8.86,73310.0,654841.575,derived_ohlc4
HNX_DXP,DXP,2020-09-16 09:00:00,526,33,8.86,8.93,8.79,8.86,46440.0,411458.39999999997,derived_ohlc4
HNX_DXP,DXP,2020-09-17 09:00:00,527,33,8.79,8.86,8.79,8.79,32823.0,289088.57249999995,derived_ohlc4
HNX_DXP,DXP,2020-09-18 09:00:00,528,33,8.79,9.52,8.79,9.45,158030.0,1443999.125,derived_ohlc4
HNX_DXP,DXP,2020-09-21 09:00:00,529,33,9.23,9.45,9.15,9.3,27810.0,258146.32499999998,derived_ohlc4
HNX_DXP,DXP,2020-09-22 09:00:00,530,33,9.08,9.15,9.08,9.08,44900.0,408477.75,derived_ohlc4
HNX_DXP,DXP,2020-09-23 09:00:00,531,33,9.08,9.08,8.79,8.86,132930.0,1190055.8250000002,derived_ohlc4
HNX_DXP,DXP,2020-09-24 09:00:00,532,33,8.86,8.86,8.56,8.64,146720.0,1280865.6,derived_ohlc4
HNX_DXP,DXP,2020-09-25 09:00:00,533,33,8.64,8.64,8.42,8.56,92600.0,793119.0000000001,derived_ohlc4
HNX_DXP,DXP,2020-09-28 09:00:00,534,33,8.56,8.56,8.27,8.42,447860.0,3785536.6500000004,derived_ohlc4
HNX_DXP,DXP,2020-09-29 09:00:00,535,33,8.42,9.23,8.42,9.23,3230217.0,28506665.025,derived_ohlc4
HNX_DXP,DXP,2020-09-30 09:00:00,536,33,9.97,10.11,9.6,10.11,236908.0,2356642.33,derived_ohlc4
HNX_DXP,DXP,2020-10-01 09:00:00,537,33,10.34,10.34,9.3,9.6,841785.0,8329462.574999999,derived_ohlc4
HNX_DXP,DXP,2020-10-02 09:00:00,538,33,9.52,10.19,9.45,10.19,893210.0,8786953.375,derived_ohlc4
HNX_DXP,DXP,2020-10-05 09:00:00,539,33,10.11,10.71,10.11,10.34,336738.0,3474294.3149999995,derived_ohlc4
HNX_DXP,DXP,2020-10-06 09:00:00,540,33,10.56,10.56,9.89,9.89,438210.0,4480697.250000001,derived_ohlc4
HNX_DXP,DXP,2020-10-07 09:00:00,541,33,9.89,10.19,9.82,9.82,325827.0,3235462.11,derived_ohlc4
HNX_DXP,DXP,2020-10-08 09:00:00,542,33,9.82,10.04,9.3,9.52,652522.0,6309887.74,derived_ohlc4
HNX_DXP,DXP,2020-10-09 09:00:00,543,33,9.75,9.89,9.38,9.52,145901.0,1405756.1350000002,derived_ohlc4
HNX_DXP,DXP,2020-10-12 09:00:00,544,33,9.6,9.89,9.38,9.45,137924.0,1321311.9200000002,derived_ohlc4
HNX_DXP,DXP,2020-10-13 09:00:00,545,33,9.45,9.89,9.38,9.82,291300.0,2806675.5,derived_ohlc4
HNX_DXP,DXP,2020-10-14 09:00:00,546,33,9.82,9.82,9.6,9.6,104601.0,1015675.7100000001,derived_ohlc4
HNX_DXP,DXP,2020-10-15 09:00:00,547,33,9.67,9.75,9.45,9.45,137600.0,1318208.0,derived_ohlc4
HNX_DXP,DXP,2020-10-16 09:00:00,548,33,9.6,9.75,9.3,9.75,313700.0,3011520.0000000005,derived_ohlc4
HNX_DXP,DXP,2020-10-19 09:00:00,549,33,9.75,10.11,9.75,9.89,258955.0,2557180.625,derived_ohlc4
HNX_DXP,DXP,2020-10-20 09:00:00,550,33,9.97,10.04,9.67,9.75,91700.0,903932.75,derived_ohlc4
HNX_DXP,DXP,2020-10-21 09:00:00,551,33,9.82,9.97,9.67,9.67,130437.0,1275999.9525000001,derived_ohlc4
HNX_DXP,DXP,2020-10-22 09:00:00,552,33,9.67,9.89,9.38,9.89,279000.0,2708392.5000000005,derived_ohlc4
HNX_DXP,DXP,2020-10-23 09:00:00,553,33,9.89,9.97,9.67,9.75,61000.0,599020.0,derived_ohlc4
HNX_DXP,DXP,2020-10-26 09:00:00,554,33,9.75,9.75,9.52,9.52,111427.0,1073599.145,derived_ohlc4
HNX_DXP,DXP,2020-10-27 09:00:00,555,33,9.52,9.52,9.3,9.3,123753.0,1164515.73,derived_ohlc4
HNX_DXP,DXP,2020-10-28 09:00:00,556,33,9.45,9.45,8.86,9.08,313480.0,2887150.8,derived_ohlc4
HNX_DXP,DXP,2020-10-29 09:00:00,557,33,8.79,9.15,8.79,8.86,187710.0,1670149.7249999999,derived_ohlc4
HNX_DXP,DXP,2020-10-30 09:00:00,558,33,9.08,9.08,8.71,8.86,91270.0,815269.2750000001,derived_ohlc4
HNX_DXP,DXP,2020-11-02 09:00:00,559,33,9.08,9.08,8.86,9.01,15400.0,138715.5,derived_ohlc4
HNX_DXP,DXP,2020-11-03 09:00:00,560,33,9.01,9.15,8.93,9.08,80600.0,728825.5,derived_ohlc4
HNX_DXP,DXP,2020-11-04 09:00:00,561,33,9.08,9.08,8.86,9.08,125100.0,1129027.5,derived_ohlc4
HNX_DXP,DXP,2020-11-05 09:00:00,562,33,9.01,9.01,8.93,8.93,61110.0,548156.7,derived_ohlc4
HNX_DXP,DXP,2020-11-06 09:00:00,563,33,9.08,9.15,8.79,8.79,89310.0,799547.775,derived_ohlc4
HNX_DXP,DXP,2020-11-09 09:00:00,564,33,9.01,9.08,8.79,9.08,97783.0,879069.17,derived_ohlc4
HNX_DXP,DXP,2020-11-10 09:00:00,565,33,9.08,9.38,9.08,9.15,85640.0,785532.8999999999,derived_ohlc4
HNX_DXP,DXP,2020-11-11 09:00:00,566,33,9.08,9.08,8.93,9.01,59410.0,536175.25,derived_ohlc4
HNX_DXP,DXP,2020-11-12 09:00:00,567,33,9.08,9.89,9.01,9.89,559472.0,5296801.159999999,derived_ohlc4
HNX_DXP,DXP,2020-11-13 09:00:00,568,33,10.04,10.34,9.82,9.97,286748.0,2879666.79,derived_ohlc4
HNX_DXP,DXP,2020-11-16 09:00:00,569,33,9.97,10.04,9.67,9.67,89775.0,883161.5625,derived_ohlc4
HNX_DXP,DXP,2020-11-17 09:00:00,570,33,9.67,10.34,9.6,10.11,607800.0,6035454.0,derived_ohlc4
HNX_DXP,DXP,2020-11-18 09:00:00,571,33,9.97,10.48,9.97,10.19,400732.0,4068431.63,derived_ohlc4
HNX_DXP,DXP,2020-11-19 09:00:00,572,33,10.19,10.19,9.89,9.97,154009.0,1549330.54,derived_ohlc4
HNX_DXP,DXP,2020-11-20 09:00:00,573,33,9.97,9.97,9.67,9.89,267260.0,2639192.5,derived_ohlc4
HNX_DXP,DXP,2020-11-23 09:00:00,574,33,9.97,10.11,9.6,9.89,360967.0,3570866.0475,derived_ohlc4
HNX_DXP,DXP,2020-11-24 09:00:00,575,33,10.04,10.63,9.97,10.56,929807.0,9577012.100000001,derived_ohlc4
HNX_DXP,DXP,2020-11-25 09:00:00,576,33,10.71,11.59,10.56,11.59,769220.0,8547957.25,derived_ohlc4
HNX_DXP,DXP,2020-11-26 09:00:00,577,33,11.59,12.18,11.07,11.81,534430.0,6232789.875000001,derived_ohlc4
HNX_DXP,DXP,2020-11-27 09:00:00,578,33,11.74,11.89,11.3,11.89,522025.0,6110302.625000001,derived_ohlc4
HNX_DXP,DXP,2020-11-30 09:00:00,579,33,11.89,12.18,11.44,11.59,481355.0,5667955.124999999,derived_ohlc4
HNX_DXP,DXP,2020-12-01 09:00:00,580,33,11.44,12.11,11.22,11.96,365860.0,4274159.449999999,derived_ohlc4
HNX_DXP,DXP,2020-12-02 09:00:00,581,33,11.96,13.07,11.81,12.62,1133447.0,14015072.155,derived_ohlc4
HNX_DXP,DXP,2020-12-03 09:00:00,582,33,12.55,13.07,12.33,12.33,451627.0,5676951.39,derived_ohlc4
HNX_DXP,DXP,2020-12-04 09:00:00,583,33,12.33,12.85,12.11,12.4,683267.0,8487884.3075,derived_ohlc4
HNX_DXP,DXP,2020-12-07 09:00:00,584,33,12.33,12.62,12.26,12.33,287592.0,3561826.92,derived_ohlc4
HNX_DXP,DXP,2020-12-08 09:00:00,585,33,12.33,12.62,12.11,12.55,479245.0,5943836.1125,derived_ohlc4
HNX_DXP,DXP,2020-12-09 09:00:00,586,33,12.55,12.77,12.33,12.48,328254.0,4113843.2549999994,derived_ohlc4
HNX_DXP,DXP,2020-12-10 09:00:00,587,33,12.33,12.4,11.89,11.89,637150.0,7727036.625000001,derived_ohlc4
HNX_DXP,DXP,2020-12-11 09:00:00,588,33,11.74,12.03,11.59,11.81,351228.0,4141856.19,derived_ohlc4
HNX_DXP,DXP,2020-12-14 09:00:00,589,33,11.96,12.11,11.74,11.81,308620.0,3674121.1000000006,derived_ohlc4
HNX_DXP,DXP,2020-12-15 09:00:00,590,33,11.81,12.4,11.59,12.11,395353.0,4735340.5575,derived_ohlc4
HNX_DXP,DXP,2020-12-16 09:00:00,591,33,12.18,12.4,12.03,12.33,254365.0,3112155.775,derived_ohlc4
HNX_DXP,DXP,2020-12-17 09:00:00,592,33,12.18,12.26,11.74,11.96,388840.0,4679689.4,derived_ohlc4
HNX_DXP,DXP,2020-12-18 09:00:00,593,33,11.96,12.11,11.81,11.81,234935.0,2801012.5375,derived_ohlc4
HNX_DXP,DXP,2020-12-21 09:00:00,594,33,11.81,12.03,11.74,11.81,225430.0,2670781.925,derived_ohlc4
HNX_DXP,DXP,2020-12-22 09:00:00,595,33,11.81,11.96,11.59,11.81,331424.0,3908317.52,derived_ohlc4
HNX_DXP,DXP,2020-12-23 09:00:00,596,33,11.81,12.99,11.81,12.62,1158469.0,14257857.2175,derived_ohlc4
HNX_DXP,DXP,2020-12-24 09:00:00,597,33,12.62,12.85,11.52,12.26,376481.0,4635422.312499999,derived_ohlc4
HNX_DXP,DXP,2020-12-25 09:00:00,598,33,12.26,12.92,12.18,12.92,353257.0,4440440.49,derived_ohlc4
HNX_DXP,DXP,2020-12-28 09:00:00,599,33,12.92,13.29,12.7,12.7,672282.0,8674118.505,derived_ohlc4
HNX_DXP,DXP,2020-12-29 09:00:00,600,33,12.77,13.22,12.7,12.92,325190.0,4195763.975,derived_ohlc4
HNX_DXP,DXP,2020-12-30 09:00:00,601,33,12.55,13.14,12.55,12.7,315373.0,4016275.155,derived_ohlc4
HNX_DXP,DXP,2020-12-31 09:00:00,602,33,12.92,12.92,12.62,12.77,117121.0,1500027.2075,derived_ohlc4
HNX_DXP,DXP,2021-01-04 09:00:00,603,33,12.77,12.85,12.62,12.62,241520.0,3070926.7999999993,derived_ohlc4
HNX_DXP,DXP,2021-01-05 09:00:00,604,33,12.62,12.77,12.26,12.26,488613.0,6096668.7075,derived_ohlc4
HNX_DXP,DXP,2021-01-06 09:00:00,605,33,12.33,12.48,12.03,12.11,509500.0,6235006.25,derived_ohlc4
HNX_DXP,DXP,2021-01-07 09:00:00,606,33,12.11,12.77,12.11,12.62,361058.0,4478021.845,derived_ohlc4
HNX_DXP,DXP,2021-01-08 09:00:00,607,33,12.62,12.77,12.18,12.4,335400.0,4189984.5,derived_ohlc4
HNX_DXP,DXP,2021-01-11 09:00:00,608,33,12.4,12.4,12.26,12.4,290540.0,3592527.1,derived_ohlc4
HNX_DXP,DXP,2021-01-12 09:00:00,609,33,12.4,13.58,12.18,13.58,1190495.0,15399052.825,derived_ohlc4
HNX_DXP,DXP,2021-01-13 09:00:00,610,33,13.66,14.4,13.58,13.88,968385.0,13441183.8,derived_ohlc4
HNX_DXP,DXP,2021-01-14 09:00:00,611,33,13.88,13.95,13.36,13.66,236583.0,3244144.3874999997,derived_ohlc4
HNX_DXP,DXP,2021-01-15 09:00:00,612,33,13.51,13.81,13.51,13.51,520300.0,7068275.499999999,derived_ohlc4
HNX_DXP,DXP,2021-01-18 09:00:00,613,33,13.51,13.51,12.85,13.07,512980.0,6789290.3,derived_ohlc4
HNX_DXP,DXP,2021-01-19 09:00:00,614,33,13.22,13.29,11.81,12.11,545555.0,6878084.6625,derived_ohlc4
HNX_DXP,DXP,2021-01-20 09:00:00,615,33,12.18,12.55,11.07,12.11,311873.0,3735458.8575,derived_ohlc4
HNX_DXP,DXP,2021-01-21 09:00:00,616,33,12.26,12.62,12.11,12.55,146600.0,1815640.9999999998,derived_ohlc4
HNX_DXP,DXP,2021-01-22 09:00:00,617,33,12.62,12.62,11.81,12.26,195470.0,2409656.425,derived_ohlc4
HNX_DXP,DXP,2021-01-25 09:00:00,618,33,12.26,12.7,12.03,12.26,203540.0,2506086.25,derived_ohlc4
HNX_DXP,DXP,2021-01-26 09:00:00,619,33,12.55,12.55,11.44,11.96,231010.0,2800996.25,derived_ohlc4
HNX_DXP,DXP,2021-01-27 09:00:00,620,33,11.96,11.96,11.0,11.07,254100.0,2921514.75,derived_ohlc4
HNX_DXP,DXP,2021-01-28 09:00:00,621,33,10.71,10.71,9.97,9.97,392756.0,4061097.04,derived_ohlc4
HNX_DXP,DXP,2021-01-29 09:00:00,622,33,9.08,10.41,9.01,10.19,185850.0,1797634.125,derived_ohlc4
HNX_DXP,DXP,2021-02-01 09:00:00,623,33,10.34,10.34,9.6,9.97,102000.0,1026375.0,derived_ohlc4
HNX_DXP,DXP,2021-02-02 09:00:00,624,33,9.97,10.11,9.45,10.04,104420.0,1032974.8499999999,derived_ohlc4
HNX_DXP,DXP,2021-02-03 09:00:00,625,33,10.04,10.78,9.97,10.78,148824.0,1546653.42,derived_ohlc4
HNX_DXP,DXP,2021-02-04 09:00:00,626,33,10.78,11.22,10.63,11.07,113050.0,1235071.25,derived_ohlc4
HNX_DXP,DXP,2021-02-05 09:00:00,627,33,11.0,11.3,10.85,11.3,193310.0,2148157.375,derived_ohlc4
HNX_DXP,DXP,2021-02-08 09:00:00,628,33,11.3,11.3,10.71,10.85,87734.0,968583.3600000001,derived_ohlc4
HNX_DXP,DXP,2021-02-09 09:00:00,629,33,10.93,11.07,10.63,10.93,109050.0,1187554.5,derived_ohlc4
HNX_DXP,DXP,2021-02-17 09:00:00,630,33,11.22,11.96,11.22,11.89,275218.0,3184960.305,derived_ohlc4
HNX_DXP,DXP,2021-02-18 09:00:00,631,33,11.89,11.89,11.52,11.74,144710.0,1701789.5999999999,derived_ohlc4
HNX_DXP,DXP,2021-02-19 09:00:00,632,33,11.52,11.89,11.52,11.74,88010.0,1026856.675,derived_ohlc4
HNX_DXP,DXP,2021-02-22 09:00:00,633,33,11.74,12.26,11.66,12.11,286830.0,3425467.275,derived_ohlc4
HNX_DXP,DXP,2021-02-23 09:00:00,634,33,12.11,12.26,11.74,12.26,200400.0,2423337.0,derived_ohlc4
HNX_DXP,DXP,2021-02-24 09:00:00,635,33,12.26,12.33,11.96,12.11,243210.0,2958649.65,derived_ohlc4
HNX_DXP,DXP,2021-02-25 09:00:00,636,33,12.11,12.26,11.89,12.18,182127.0,2205557.9699999997,derived_ohlc4
HNX_DXP,DXP,2021-02-26 09:00:00,637,33,12.11,12.11,11.89,12.11,128500.0,1549067.5,derived_ohlc4
HNX_DXP,DXP,2021-03-01 09:00:00,638,33,12.11,12.4,11.96,12.33,302075.0,3685315.0,derived_ohlc4
HNX_DXP,DXP,2021-03-02 09:00:00,639,33,12.4,12.92,12.33,12.92,559773.0,7076930.1525,derived_ohlc4
HNX_DXP,DXP,2021-03-03 09:00:00,640,33,12.92,13.07,12.7,12.92,247500.0,3193368.75,derived_ohlc4
HNX_DXP,DXP,2021-03-04 09:00:00,641,33,12.92,12.92,12.11,12.55,296300.0,3740787.5,derived_ohlc4
HNX_DXP,DXP,2021-03-05 09:00:00,642,33,12.18,12.55,12.18,12.55,190335.0,2353492.275,derived_ohlc4
HNX_DXP,DXP,2021-03-08 09:00:00,643,33,12.62,12.77,12.33,12.48,347655.0,4363070.25,derived_ohlc4
HNX_DXP,DXP,2021-03-09 09:00:00,644,33,12.4,13.22,12.26,13.22,807973.0,10321855.075000001,derived_ohlc4
HNX_DXP,DXP,2021-03-10 09:00:00,645,33,13.14,13.22,12.92,13.14,250494.0,3282723.87,derived_ohlc4
HNX_DXP,DXP,2021-03-11 09:00:00,646,33,13.14,13.29,12.92,13.07,243863.0,3195824.615,derived_ohlc4
HNX_DXP,DXP,2021-03-12 09:00:00,647,33,13.07,13.07,12.85,12.99,207437.0,2695643.8150000004,derived_ohlc4
HNX_DXP,DXP,2021-03-15 09:00:00,648,33,12.99,13.81,12.77,13.51,646248.0,8575710.959999999,derived_ohlc4
HNX_DXP,DXP,2021-03-16 09:00:00,649,33,13.51,13.58,13.07,13.44,213770.0,2864517.9999999995,derived_ohlc4
HNX_DXP,DXP,2021-03-17 09:00:00,650,33,13.44,14.4,13.36,14.17,987688.0,13672071.14,derived_ohlc4
HNX_DXP,DXP,2021-03-18 09:00:00,651,33,14.17,14.17,13.81,14.03,205019.0,2879491.855,derived_ohlc4
HNX_DXP,DXP,2021-03-19 09:00:00,652,33,14.03,14.03,13.58,13.95,239410.0,3327200.475,derived_ohlc4
HNX_DXP,DXP,2021-03-22 09:00:00,653,33,14.62,14.62,13.36,13.36,505790.0,7076002.1,derived_ohlc4
HNX_DXP,DXP,2021-03-23 09:00:00,654,33,13.36,13.81,13.07,13.36,406933.0,5452902.2,derived_ohlc4
HNX_DXP,DXP,2021-03-24 09:00:00,655,33,13.58,13.58,12.62,13.44,409090.0,5442942.45,derived_ohlc4
HNX_DXP,DXP,2021-03-25 09:00:00,656,33,13.36,13.36,12.77,13.07,221300.0,2907881.9999999995,derived_ohlc4
HNX_DXP,DXP,2021-03-26 09:00:00,657,33,12.92,12.99,12.4,12.92,253300.0,3244139.7500000005,derived_ohlc4
HNX_DXP,DXP,2021-03-29 09:00:00,658,33,12.99,12.99,12.55,12.92,235000.0,3022687.5,derived_ohlc4
HNX_DXP,DXP,2021-03-30 09:00:00,659,33,12.92,13.58,12.85,13.44,236513.0,3121380.3175,derived_ohlc4
HNX_DXP,DXP,2021-03-31 09:00:00,660,33,13.44,13.44,13.14,13.22,137646.0,1832068.2599999998,derived_ohlc4
HNX_DXP,DXP,2021-04-01 09:00:00,661,33,13.22,13.36,12.99,13.29,196800.0,2600712.0,derived_ohlc4
HNX_DXP,DXP,2021-04-02 09:00:00,662,33,13.14,13.58,13.07,13.36,360043.0,4784071.3625,derived_ohlc4
HNX_DXP,DXP,2021-04-05 09:00:00,663,33,13.36,13.36,12.99,13.14,429333.0,5672562.2625,derived_ohlc4
HNX_DXP,DXP,2021-04-06 09:00:00,664,33,13.14,13.29,12.99,13.14,327000.0,4296780.0,derived_ohlc4
HNX_DXP,DXP,2021-04-07 09:00:00,665,33,13.14,13.66,12.92,13.36,500477.0,6641329.79,derived_ohlc4
HNX_DXP,DXP,2021-04-08 09:00:00,666,33,13.36,13.36,13.14,13.29,224530.0,2983442.375,derived_ohlc4
HNX_DXP,DXP,2021-04-09 09:00:00,667,33,13.22,13.29,13.07,13.22,200852.0,2651246.4,derived_ohlc4
HNX_DXP,DXP,2021-04-12 09:00:00,668,33,13.22,13.29,13.07,13.14,215890.0,2845430.1999999997,derived_ohlc4
HNX_DXP,DXP,2021-04-13 09:00:00,669,33,13.14,13.14,12.7,12.85,337920.0,4378598.4,derived_ohlc4
HNX_DXP,DXP,2021-04-14 09:00:00,670,33,12.92,12.92,12.7,12.92,194800.0,2506102.0,derived_ohlc4
HNX_DXP,DXP,2021-04-15 09:00:00,671,33,12.92,12.92,12.62,12.85,222130.0,2849372.575,derived_ohlc4
HNX_DXP,DXP,2021-04-16 09:00:00,672,33,12.85,12.85,12.33,12.48,287410.0,3629269.7750000004,derived_ohlc4
HNX_DXP,DXP,2021-04-19 09:00:00,673,33,12.55,12.77,12.4,12.7,166020.0,2092682.1,derived_ohlc4
HNX_DXP,DXP,2021-04-20 09:00:00,674,33,12.85,12.85,12.4,12.62,128701.0,1631928.68,derived_ohlc4
HNX_DXP,DXP,2021-04-22 09:00:00,675,33,12.55,12.55,11.81,11.81,232451.0,2831253.18,derived_ohlc4
HNX_DXP,DXP,2021-04-23 09:00:00,676,33,11.81,12.18,11.37,12.18,201800.0,2398393.0,derived_ohlc4
HNX_DXP,DXP,2021-04-26 09:00:00,677,33,12.18,12.18,11.59,11.59,112200.0,1333497.0000000002,derived_ohlc4
HNX_DXP,DXP,2021-04-27 09:00:00,678,33,11.59,11.59,11.22,11.52,80123.0,919812.04,derived_ohlc4
HNX_DXP,DXP,2021-04-28 09:00:00,679,33,11.52,11.74,11.22,11.52,102230.0,1175645.0,derived_ohlc4
HNX_DXP,DXP,2021-04-29 09:00:00,680,33,11.52,11.66,11.37,11.59,45100.0,520228.5,derived_ohlc4
HNX_DXP,DXP,2021-05-04 09:00:00,681,33,11.52,12.62,11.22,11.89,138206.0,1632558.375,derived_ohlc4
HNX_DXP,DXP,2021-05-05 09:00:00,682,33,12.11,12.11,11.81,11.96,128780.0,1545038.05,derived_ohlc4
HNX_DXP,DXP,2021-05-06 09:00:00,683,33,11.89,11.89,11.66,11.74,69600.0,820932.0,derived_ohlc4
HNX_DXP,DXP,2021-05-07 09:00:00,684,33,11.74,11.74,11.22,11.44,118400.0,1365744.0,derived_ohlc4
HNX_DXP,DXP,2021-05-10 09:00:00,685,33,11.81,11.81,11.15,11.44,162400.0,1876126.0,derived_ohlc4
HNX_DXP,DXP,2021-05-11 09:00:00,686,33,11.44,11.59,11.37,11.44,211156.0,2419847.76,derived_ohlc4
HNX_DXP,DXP,2021-05-12 09:00:00,687,33,11.44,11.44,11.37,11.37,94920.0,1082562.5999999999,derived_ohlc4
HNX_DXP,DXP,2021-05-13 09:00:00,688,33,11.52,11.52,11.15,11.15,206207.0,2337356.3449999997,derived_ohlc4
HNX_DXP,DXP,2021-05-14 09:00:00,689,33,11.15,11.44,11.07,11.3,199600.0,2243503.9999999995,derived_ohlc4
HNX_DXP,DXP,2021-05-17 09:00:00,690,33,11.44,11.44,11.15,11.15,82403.0,930741.885,derived_ohlc4
HNX_DXP,DXP,2021-05-18 09:00:00,691,33,11.15,11.15,10.63,10.85,255300.0,2794258.5,derived_ohlc4
HNX_DXP,DXP,2021-05-19 09:00:00,692,33,10.71,10.93,10.63,10.63,86880.0,931788.0000000001,derived_ohlc4
HNX_DXP,DXP,2021-05-20 09:00:00,693,33,10.63,10.71,10.48,10.48,96800.0,1023660.0000000001,derived_ohlc4
HNX_DXP,DXP,2021-05-21 09:00:00,694,33,10.48,10.71,10.34,10.56,113320.0,1192409.7000000002,derived_ohlc4
HNX_DXP,DXP,2021-05-24 09:00:00,695,33,10.71,10.71,10.48,10.71,125700.0,1339019.25,derived_ohlc4
HNX_DXP,DXP,2021-05-25 09:00:00,696,33,10.71,11.0,10.71,10.71,64500.0,695471.25,derived_ohlc4
HNX_DXP,DXP,2021-05-26 09:00:00,697,33,10.78,10.78,10.48,10.71,142300.0,1520831.25,derived_ohlc4
HNX_DXP,DXP,2021-05-27 09:00:00,698,33,10.71,10.71,10.34,10.63,147500.0,1563131.25,derived_ohlc4
HNX_DXP,DXP,2021-05-28 09:00:00,699,33,10.48,10.63,10.41,10.63,144800.0,1525830.0,derived_ohlc4
HNX_DXP,DXP,2021-05-31 09:00:00,700,33,10.48,10.63,10.34,10.48,88277.0,925363.6525,derived_ohlc4
HNX_DXP,DXP,2021-06-01 09:00:00,701,33,10.48,11.52,10.48,11.3,384196.0,4205025.22,derived_ohlc4
HNX_DXP,DXP,2021-06-02 09:00:00,702,33,11.37,11.44,11.15,11.3,179310.0,2028892.6500000001,derived_ohlc4
HNX_DXP,DXP,2021-06-03 09:00:00,703,33,11.0,11.52,11.0,11.37,136810.0,1535350.2249999999,derived_ohlc4
HNX_DXP,DXP,2021-06-04 09:00:00,704,33,11.22,11.37,11.0,11.22,282297.0,3162432.1425,derived_ohlc4
HNX_DXP,DXP,2021-06-07 09:00:00,705,33,11.3,12.11,11.3,11.74,310310.0,3603474.875,derived_ohlc4
HNX_DXP,DXP,2021-06-08 09:00:00,706,33,11.74,11.89,11.22,11.22,174610.0,2011070.675,derived_ohlc4
HNX_DXP,DXP,2021-06-09 09:00:00,707,33,11.22,11.44,11.07,11.37,146250.0,1648968.75,derived_ohlc4
HNX_DXP,DXP,2021-06-10 09:00:00,708,33,11.37,11.52,11.15,11.22,133597.0,1511650.055,derived_ohlc4
HNX_DXP,DXP,2021-06-11 09:00:00,709,33,11.22,11.74,11.22,11.44,196900.0,2245644.5,derived_ohlc4
HNX_DXP,DXP,2021-06-14 09:00:00,710,33,11.52,12.26,11.52,12.11,743007.0,8806490.4675,derived_ohlc4
HNX_DXP,DXP,2021-06-15 09:00:00,711,33,12.26,12.55,12.11,12.26,372613.0,4581276.835,derived_ohlc4
HNX_DXP,DXP,2021-06-16 09:00:00,712,33,12.26,12.4,11.96,12.11,197401.0,2404837.6825,derived_ohlc4
HNX_DXP,DXP,2021-06-17 09:00:00,713,33,12.03,12.48,11.81,12.33,346610.0,4215644.125,derived_ohlc4
HNX_DXP,DXP,2021-06-18 09:00:00,714,33,12.33,12.48,12.26,12.4,294753.0,3645357.7275,derived_ohlc4
HNX_DXP,DXP,2021-06-21 09:00:00,715,33,12.4,12.85,12.4,12.55,302340.0,3794367.0,derived_ohlc4
HNX_DXP,DXP,2021-06-22 09:00:00,716,33,12.55,12.55,12.11,12.11,321102.0,3959187.66,derived_ohlc4
HNX_DXP,DXP,2021-06-23 09:00:00,717,33,12.11,12.18,11.59,11.81,335532.0,4000380.27,derived_ohlc4
HNX_DXP,DXP,2021-06-24 09:00:00,718,33,11.81,11.89,11.52,11.59,110120.0,1288679.3,derived_ohlc4
HNX_DXP,DXP,2021-06-25 09:00:00,719,33,11.59,11.74,11.37,11.66,163350.0,1893226.5,derived_ohlc4
HNX_DXP,DXP,2021-06-28 09:00:00,720,33,11.66,11.81,11.44,11.74,201062.0,2344885.5749999997,derived_ohlc4
HNX_DXP,DXP,2021-06-29 09:00:00,721,33,11.66,11.74,11.59,11.74,105225.0,1229291.0625,derived_ohlc4
HNX_DXP,DXP,2021-06-30 09:00:00,722,33,11.74,11.81,11.59,11.74,109000.0,1277480.0,derived_ohlc4
HNX_DXP,DXP,2021-07-01 09:00:00,723,33,11.81,11.81,11.52,11.74,112400.0,1317328.0,derived_ohlc4
HNX_DXP,DXP,2021-07-02 09:00:00,724,33,11.74,11.74,11.44,11.44,130023.0,1506966.57,derived_ohlc4
HNX_DXP,DXP,2021-07-05 09:00:00,725,33,11.44,11.44,11.15,11.3,168388.0,1908257.01,derived_ohlc4
HNX_DXP,DXP,2021-07-06 09:00:00,726,33,11.3,11.3,10.71,10.71,200950.0,2211454.75,derived_ohlc4
HNX_DXP,DXP,2021-07-07 09:00:00,727,33,10.71,10.71,10.19,10.71,186400.0,1972112.0,derived_ohlc4
HNX_DXP,DXP,2021-07-08 09:00:00,728,33,10.78,10.78,10.56,10.71,112600.0,1205664.5,derived_ohlc4
HNX_DXP,DXP,2021-07-09 09:00:00,729,33,10.56,10.71,10.26,10.34,181500.0,1899851.2500000002,derived_ohlc4
HNX_DXP,DXP,2021-07-12 09:00:00,730,33,10.41,10.41,9.38,9.45,283695.0,2812126.6875000005,derived_ohlc4
HNX_DXP,DXP,2021-07-13 09:00:00,731,33,9.45,9.97,9.45,9.89,99400.0,963186.0000000001,derived_ohlc4
HNX_DXP,DXP,2021-07-14 09:00:00,732,33,9.89,9.97,9.67,9.75,48233.0,473648.06,derived_ohlc4
HNX_DXP,DXP,2021-07-15 09:00:00,733,33,9.75,10.04,9.67,10.04,47300.0,467087.5,derived_ohlc4
HNX_DXP,DXP,2021-07-16 09:00:00,734,33,10.04,10.11,9.97,10.04,21308.0,213932.31999999998,derived_ohlc4
HNX_DXP,DXP,2021-07-19 09:00:00,735,33,10.04,10.04,9.67,9.82,136900.0,1354283.25,derived_ohlc4
HNX_DXP,DXP,2021-07-20 09:00:00,736,33,9.67,10.11,9.6,10.04,71200.0,701676.0,derived_ohlc4
HNX_DXP,DXP,2021-07-21 09:00:00,737,33,10.11,10.11,9.89,9.89,67100.0,671000.0,derived_ohlc4
HNX_DXP,DXP,2021-07-22 09:00:00,738,33,9.82,10.34,9.75,10.19,166100.0,1665152.5,derived_ohlc4
HNX_DXP,DXP,2021-07-23 09:00:00,739,33,10.19,10.26,10.04,10.19,71600.0,728172.0,derived_ohlc4
HNX_DXP,DXP,2021-07-26 09:00:00,740,33,10.11,11.15,9.97,11.15,423521.0,4487204.994999999,derived_ohlc4
HNX_DXP,DXP,2021-07-27 09:00:00,741,33,11.44,11.59,10.93,11.07,250600.0,2821129.5,derived_ohlc4
HNX_DXP,DXP,2021-07-28 09:00:00,742,33,11.07,11.15,10.85,10.93,61600.0,677600.0,derived_ohlc4
HNX_DXP,DXP,2021-07-29 09:00:00,743,33,10.85,11.07,10.85,10.93,155226.0,1695844.05,derived_ohlc4
HNX_DXP,DXP,2021-07-30 09:00:00,744,33,10.93,11.37,10.85,11.15,220208.0,2438803.5999999996,derived_ohlc4
HNX_DXP,DXP,2021-08-02 09:00:00,745,33,11.07,11.59,11.07,11.37,275923.0,3111031.825,derived_ohlc4
HNX_DXP,DXP,2021-08-03 09:00:00,746,33,11.37,12.11,11.37,12.03,683388.0,8009307.359999999,derived_ohlc4
HNX_DXP,DXP,2021-08-04 09:00:00,747,33,12.11,12.55,12.03,12.11,376410.0,4592202.0,derived_ohlc4
HNX_DXP,DXP,2021-08-05 09:00:00,748,33,12.11,12.11,11.81,11.96,214312.0,2571208.22,derived_ohlc4
HNX_DXP,DXP,2021-08-06 09:00:00,749,33,11.96,12.55,11.74,12.11,434850.0,5257336.5,derived_ohlc4
HNX_DXP,DXP,2021-08-09 09:00:00,750,33,12.11,13.29,11.96,13.29,1264509.0,16011845.2125,derived_ohlc4
HNX_DXP,DXP,2021-08-10 09:00:00,751,33,13.29,14.62,13.29,14.62,1602887.0,22368288.084999997,derived_ohlc4
HNX_DXP,DXP,2021-08-11 09:00:00,752,33,14.62,16.02,14.62,16.02,558100.0,8550092.0,derived_ohlc4
HNX_DXP,DXP,2021-08-12 09:00:00,753,33,16.91,17.57,15.13,16.02,2082724.0,34172294.03000001,derived_ohlc4
HNX_DXP,DXP,2021-08-13 09:00:00,754,33,15.5,16.83,14.47,16.61,1164912.0,18466767.48,derived_ohlc4
HNX_DXP,DXP,2021-08-16 09:00:00,755,33,16.24,17.42,16.17,16.24,808732.0,13358230.809999999,derived_ohlc4
HNX_DXP,DXP,2021-08-17 09:00:00,756,33,16.24,16.24,14.99,15.87,937355.0,14843016.424999999,derived_ohlc4
HNX_DXP,DXP,2021-08-18 09:00:00,757,33,15.73,16.24,15.21,15.73,944829.0,14859798.097499998,derived_ohlc4
HNX_DXP,DXP,2021-08-19 09:00:00,758,33,15.73,16.02,15.65,15.87,705813.0,11164197.1275,derived_ohlc4
HNX_DXP,DXP,2021-08-20 09:00:00,759,33,15.95,16.24,14.91,15.36,1027026.0,16037010.989999998,derived_ohlc4
HNX_DXP,DXP,2021-08-23 09:00:00,760,33,15.36,15.65,15.06,15.13,438630.0,6711039.0,derived_ohlc4
HNX_DXP,DXP,2021-08-24 09:00:00,761,33,15.13,15.21,13.66,13.95,808371.0,11711274.8625,derived_ohlc4
HNX_DXP,DXP,2021-08-25 09:00:00,762,33,14.54,14.54,13.88,14.47,142292.0,2042957.39,derived_ohlc4
HNX_DXP,DXP,2021-08-26 09:00:00,763,33,14.69,15.87,14.62,15.87,833580.0,12722514.75,derived_ohlc4
HNX_DXP,DXP,2021-08-27 09:00:00,764,33,16.09,16.61,15.8,16.39,1284850.0,20843479.125,derived_ohlc4
HNX_DXP,DXP,2021-08-30 09:00:00,765,33,16.39,17.28,16.24,16.61,646330.0,10748467.899999999,derived_ohlc4
HNX_DXP,DXP,2021-08-31 09:00:00,766,33,16.61,16.91,15.8,15.8,1126982.0,18347266.959999997,derived_ohlc4
HNX_DXP,DXP,2021-09-01 09:00:00,767,33,16.17,16.83,15.58,16.69,1375650.0,22447168.875,derived_ohlc4
HNX_DXP,DXP,2021-09-06 09:00:00,768,33,16.69,17.57,16.61,16.76,835514.0,14126452.955000002,derived_ohlc4
HNX_DXP,DXP,2021-09-07 09:00:00,769,33,16.76,16.76,15.95,16.24,650580.0,10687402.95,derived_ohlc4
HNX_DXP,DXP,2021-09-08 09:00:00,770,33,16.17,16.17,15.36,15.5,702946.0,11106546.8,derived_ohlc4
HNX_DXP,DXP,2021-09-09 09:00:00,771,33,15.43,16.24,15.21,15.8,486161.0,7618142.869999999,derived_ohlc4
HNX_DXP,DXP,2021-09-10 09:00:00,772,33,16.02,16.02,15.65,15.65,324251.0,5134514.585,derived_ohlc4
HNX_DXP,DXP,2021-09-13 09:00:00,773,33,15.65,15.8,15.13,15.8,602221.0,9391636.495000001,derived_ohlc4
HNX_DXP,DXP,2021-09-14 09:00:00,774,33,15.8,16.46,15.43,15.43,514547.0,8119551.66,derived_ohlc4
HNX_DXP,DXP,2021-09-15 09:00:00,775,33,15.5,15.73,15.13,15.5,549744.0,8501790.959999999,derived_ohlc4
HNX_DXP,DXP,2021-09-16 09:00:00,776,33,15.5,15.8,15.36,15.5,291072.0,4523258.88,derived_ohlc4
HNX_DXP,DXP,2021-09-17 09:00:00,777,33,15.65,15.65,15.21,15.36,517426.0,8003286.655,derived_ohlc4
HNX_DXP,DXP,2021-09-20 09:00:00,778,33,15.36,15.43,14.77,14.84,576506.0,8705240.600000001,derived_ohlc4
HNX_DXP,DXP,2021-09-21 09:00:00,779,33,14.84,14.84,14.03,14.69,622942.0,9094953.2,derived_ohlc4
HNX_DXP,DXP,2021-09-22 09:00:00,780,33,14.77,15.28,14.54,15.13,265860.0,3969289.8,derived_ohlc4
HNX_DXP,DXP,2021-09-23 09:00:00,781,33,15.13,15.13,14.62,14.69,262869.0,3914776.5825,derived_ohlc4
HNX_DXP,DXP,2021-09-24 09:00:00,782,33,14.69,14.77,14.47,14.62,220700.0,3230496.25,derived_ohlc4
HNX_DXP,DXP,2021-09-27 09:00:00,783,33,14.4,14.62,14.25,14.25,224428.0,3227274.6399999997,derived_ohlc4
HNX_DXP,DXP,2021-09-28 09:00:00,784,33,14.03,14.25,13.73,14.17,281613.0,3955254.5850000004,derived_ohlc4
HNX_DXP,DXP,2021-09-29 09:00:00,785,33,14.25,14.25,13.88,14.03,150598.0,2123808.295,derived_ohlc4
HNX_DXP,DXP,2021-09-30 09:00:00,786,33,14.03,14.99,14.03,14.47,202524.0,2912295.1199999996,derived_ohlc4
HNX_DXP,DXP,2021-10-01 09:00:00,787,33,14.84,14.99,14.4,14.4,176700.0,2589980.25,derived_ohlc4
HNX_DXP,DXP,2021-10-04 09:00:00,788,33,14.4,14.47,13.95,14.32,166837.0,2383266.545,derived_ohlc4
HNX_DXP,DXP,2021-10-05 09:00:00,789,33,14.25,14.32,14.03,14.17,206060.0,2924506.5500000003,derived_ohlc4
HNX_DXP,DXP,2021-10-06 09:00:00,790,33,14.03,14.84,13.95,14.84,403376.0,5814665.04,derived_ohlc4
HNX_DXP,DXP,2021-10-07 09:00:00,791,33,14.84,15.13,14.84,14.99,443644.0,6632477.800000001,derived_ohlc4
HNX_DXP,DXP,2021-10-08 09:00:00,792,33,15.13,15.87,15.06,15.87,733788.0,11360872.709999999,derived_ohlc4
HNX_DXP,DXP,2021-10-11 09:00:00,793,33,15.87,16.24,15.43,15.5,394967.0,6224679.92,derived_ohlc4
HNX_DXP,DXP,2021-10-12 09:00:00,794,33,15.5,15.65,15.06,15.43,309600.0,4770936.0,derived_ohlc4
HNX_DXP,DXP,2021-10-13 09:00:00,795,33,15.13,15.58,15.13,15.28,267700.0,4090456.0000000005,derived_ohlc4
HNX_DXP,DXP,2021-10-14 09:00:00,796,33,15.28,15.43,15.21,15.28,304015.0,4651429.5,derived_ohlc4
HNX_DXP,DXP,2021-10-15 09:00:00,797,33,15.36,16.02,15.28,15.8,675909.0,10554319.034999998,derived_ohlc4
HNX_DXP,DXP,2021-10-18 09:00:00,798,33,15.8,16.09,15.73,15.8,620704.0,9841261.92,derived_ohlc4
HNX_DXP,DXP,2021-10-19 09:00:00,799,33,15.87,16.32,15.73,16.09,627292.0,10038240.23,derived_ohlc4
HNX_DXP,DXP,2021-10-20 09:00:00,800,33,16.09,16.24,15.21,15.36,416400.0,6547890.0,derived_ohlc4
HNX_DXP,DXP,2021-10-21 09:00:00,801,33,15.36,15.65,14.99,15.28,348275.0,5335573.0,derived_ohlc4
HNX_DXP,DXP,2021-10-22 09:00:00,802,33,15.28,15.36,14.47,14.84,651310.0,9761508.625,derived_ohlc4
HNX_DXP,DXP,2021-10-25 09:00:00,803,33,14.84,15.8,14.62,15.58,495950.0,7543399.5,derived_ohlc4
HNX_DXP,DXP,2021-10-26 09:00:00,804,33,15.58,15.87,15.36,15.8,424100.0,6638225.25,derived_ohlc4
HNX_DXP,DXP,2021-10-27 09:00:00,805,33,15.8,16.09,15.65,15.73,446969.0,7069932.1575,derived_ohlc4
HNX_DXP,DXP,2021-10-28 09:00:00,806,33,15.73,16.98,15.43,16.69,1451638.0,23527422.884999998,derived_ohlc4
HNX_DXP,DXP,2021-10-29 09:00:00,807,33,16.69,16.98,16.46,16.54,824344.0,13739753.620000001,derived_ohlc4
HNX_DXP,DXP,2021-11-01 09:00:00,808,33,16.61,16.76,16.39,16.54,394103.0,6532257.2250000015,derived_ohlc4
HNX_DXP,DXP,2021-11-02 09:00:00,809,33,16.54,16.54,16.09,16.17,813774.0,13292998.290000001,derived_ohlc4
HNX_DXP,DXP,2021-11-03 09:00:00,810,33,16.24,16.61,15.65,15.65,1156207.0,18542669.7625,derived_ohlc4
HNX_DXP,DXP,2021-11-04 09:00:00,811,33,15.73,16.17,15.5,15.87,461923.0,7306467.0525,derived_ohlc4
HNX_DXP,DXP,2021-11-05 09:00:00,812,33,15.87,15.95,15.73,15.95,306819.0,4870751.625,derived_ohlc4
HNX_DXP,DXP,2021-11-08 09:00:00,813,33,16.02,16.61,15.87,16.46,670221.0,10884389.04,derived_ohlc4
HNX_DXP,DXP,2021-11-09 09:00:00,814,33,16.61,18.09,16.54,18.09,1640436.0,28432856.97,derived_ohlc4
HNX_DXP,DXP,2021-11-10 09:00:00,815,33,18.38,19.12,18.09,18.6,699100.0,12966557.25,derived_ohlc4
HNX_DXP,DXP,2021-11-11 09:00:00,816,33,18.53,18.97,17.79,18.6,800820.0,14793147.45,derived_ohlc4
HNX_DXP,DXP,2021-11-12 09:00:00,817,33,18.68,18.83,18.09,18.6,850403.0,15774975.649999999,derived_ohlc4
HNX_DXP,DXP,2021-11-15 09:00:00,818,33,18.6,19.49,18.6,18.97,748415.0,14156269.725,derived_ohlc4
HNX_DXP,DXP,2021-11-16 09:00:00,819,33,18.97,20.3,17.94,19.93,1081219.0,20851308.414999995,derived_ohlc4
HNX_DXP,DXP,2021-11-17 09:00:00,820,33,19.93,20.08,19.49,19.64,324300.0,6416275.5,derived_ohlc4
HNX_DXP,DXP,2021-11-18 09:00:00,821,33,19.64,19.71,19.27,19.42,471686.0,9202593.860000001,derived_ohlc4
HNX_DXP,DXP,2021-11-19 09:00:00,822,33,19.42,19.42,17.5,18.16,923551.0,17201137.375,derived_ohlc4
HNX_DXP,DXP,2021-11-22 09:00:00,823,33,18.16,18.16,16.39,16.39,757388.0,13083877.7,derived_ohlc4
HNX_DXP,DXP,2021-11-23 09:00:00,824,33,16.32,17.42,15.87,17.42,326391.0,5469497.1825,derived_ohlc4
HNX_DXP,DXP,2021-11-24 09:00:00,825,33,17.5,17.87,15.8,16.98,674302.0,11488420.325000001,derived_ohlc4
HNX_DXP,DXP,2021-11-25 09:00:00,826,33,16.98,17.72,16.61,17.72,389537.0,6722434.7775,derived_ohlc4
HNX_DXP,DXP,2021-11-26 09:00:00,827,33,17.72,18.09,17.28,18.09,387804.0,6900972.180000001,derived_ohlc4
HNX_DXP,DXP,2021-11-29 09:00:00,828,33,17.87,18.68,17.05,18.09,511864.0,9173882.54,derived_ohlc4
HNX_DXP,DXP,2021-11-30 09:00:00,829,33,18.09,18.38,17.13,17.87,378947.0,6770835.5225,derived_ohlc4
HNX_DXP,DXP,2021-12-01 09:00:00,830,33,17.87,18.01,17.35,17.42,280156.0,4948255.350000001,derived_ohlc4
HNX_DXP,DXP,2021-12-02 09:00:00,831,33,17.5,17.57,17.35,17.35,214633.0,3743736.1025000005,derived_ohlc4
HNX_DXP,DXP,2021-12-03 09:00:00,832,33,17.35,17.57,15.87,15.87,357199.0,5952721.335,derived_ohlc4
HNX_DXP,DXP,2021-12-06 09:00:00,833,33,15.87,16.54,15.43,15.43,443400.0,7013479.5,derived_ohlc4
HNX_DXP,DXP,2021-12-07 09:00:00,834,33,15.73,16.09,15.43,16.02,198506.0,3139868.655,derived_ohlc4
HNX_DXP,DXP,2021-12-08 09:00:00,835,33,16.02,16.32,15.95,16.02,96900.0,1557909.75,derived_ohlc4
HNX_DXP,DXP,2021-12-09 09:00:00,836,33,16.02,16.61,15.87,16.32,113200.0,1834405.9999999998,derived_ohlc4
HNX_DXP,DXP,2021-12-10 09:00:00,837,33,16.32,16.32,16.02,16.09,141500.0,2290531.25,derived_ohlc4
HNX_DXP,DXP,2021-12-13 09:00:00,838,33,16.39,16.54,16.02,16.24,176306.0,2873347.0349999997,derived_ohlc4
HNX_DXP,DXP,2021-12-14 09:00:00,839,33,16.39,16.61,16.17,16.39,114112.0,1870295.6800000002,derived_ohlc4
HNX_DXP,DXP,2021-12-15 09:00:00,840,33,16.32,17.79,15.87,17.35,483146.0,8132555.045,derived_ohlc4
HNX_DXP,DXP,2021-12-16 09:00:00,841,33,17.28,17.35,16.76,16.76,245610.0,4184580.3750000005,derived_ohlc4
HNX_DXP,DXP,2021-12-17 09:00:00,842,33,16.76,16.98,16.24,16.39,210530.0,3493219.0250000004,derived_ohlc4
HNX_DXP,DXP,2021-12-20 09:00:00,843,33,16.39,16.39,15.8,15.87,275353.0,4436625.2125,derived_ohlc4
HNX_DXP,DXP,2021-12-21 09:00:00,844,33,15.8,16.24,15.73,15.95,289653.0,4614172.29,derived_ohlc4
HNX_DXP,DXP,2021-12-22 09:00:00,845,33,15.95,16.09,15.73,15.8,158730.0,2522616.525,derived_ohlc4
HNX_DXP,DXP,2021-12-23 09:00:00,846,33,15.8,15.8,15.13,15.36,390909.0,6067884.952500001,derived_ohlc4
HNX_DXP,DXP,2021-12-24 09:00:00,847,33,15.36,15.58,15.28,15.36,156120.0,2403467.4,derived_ohlc4
HNX_DXP,DXP,2021-12-27 09:00:00,848,33,15.5,15.87,15.36,15.87,110571.0,1730436.15,derived_ohlc4
HNX_DXP,DXP,2021-12-28 09:00:00,849,33,15.95,16.02,15.5,15.58,139600.0,2200445.0,derived_ohlc4
HNX_DXP,DXP,2021-12-29 09:00:00,850,33,15.5,15.58,15.36,15.5,109310.0,1692665.3499999999,derived_ohlc4
HNX_DXP,DXP,2021-12-30 09:00:00,851,33,15.43,15.65,15.36,15.5,146700.0,2271649.5,derived_ohlc4
HNX_DXP,DXP,2021-12-31 09:00:00,852,33,15.58,15.73,15.43,15.5,122080.0,1899564.8,derived_ohlc4
HNX_DXP,DXP,2022-01-04 09:00:00,853,33,15.73,16.02,15.5,15.87,145239.0,2291871.42,derived_ohlc4
HNX_DXP,DXP,2022-01-05 09:00:00,854,33,16.02,16.46,15.95,16.46,317684.0,5153628.690000001,derived_ohlc4
HNX_DXP,DXP,2022-01-06 09:00:00,855,33,16.46,16.46,15.95,15.95,256780.0,4161119.9000000004,derived_ohlc4
HNX_DXP,DXP,2022-01-07 09:00:00,856,33,16.02,16.09,15.36,16.02,208446.0,3308559.135,derived_ohlc4
HNX_DXP,DXP,2022-01-10 09:00:00,857,33,16.02,16.24,15.5,15.65,297589.0,4717529.6225,derived_ohlc4
HNX_DXP,DXP,2022-01-11 09:00:00,858,33,15.65,15.95,15.43,15.5,162900.0,2546534.25,derived_ohlc4
HNX_DXP,DXP,2022-01-12 09:00:00,859,33,15.5,15.5,15.06,15.28,162438.0,2490986.73,derived_ohlc4
HNX_DXP,DXP,2022-01-13 09:00:00,860,33,15.5,15.58,14.69,14.84,173201.0,2624428.1525,derived_ohlc4
HNX_DXP,DXP,2022-01-14 09:00:00,861,33,14.77,14.91,14.54,14.62,65988.0,970683.48,derived_ohlc4
HNX_DXP,DXP,2022-01-17 09:00:00,862,33,14.84,14.91,13.95,13.95,194609.0,2804802.2125000004,derived_ohlc4
HNX_DXP,DXP,2022-01-18 09:00:00,863,33,14.03,14.03,13.29,13.36,152100.0,2080347.7499999998,derived_ohlc4
HNX_DXP,DXP,2022-01-19 09:00:00,864,33,13.36,13.58,13.14,13.29,116800.0,1558404.0,derived_ohlc4
HNX_DXP,DXP,2022-01-20 09:00:00,865,33,13.36,14.25,12.92,14.25,65043.0,890763.885,derived_ohlc4
HNX_DXP,DXP,2022-01-21 09:00:00,866,33,14.1,14.1,13.88,14.03,85493.0,1199253.0574999999,derived_ohlc4
HNX_DXP,DXP,2022-01-24 09:00:00,867,33,14.03,14.03,12.7,12.77,69770.0,933697.025,derived_ohlc4
HNX_DXP,DXP,2022-01-25 09:00:00,868,33,12.77,12.92,12.4,12.85,104110.0,1325840.8499999999,derived_ohlc4
HNX_DXP,DXP,2022-01-26 09:00:00,869,33,12.99,13.14,12.7,12.77,68100.0,878489.9999999999,derived_ohlc4
HNX_DXP,DXP,2022-01-27 09:00:00,870,33,12.77,12.85,12.48,12.7,56746.0,720674.2,derived_ohlc4
HNX_DXP,DXP,2022-01-28 09:00:00,871,33,12.7,12.7,12.4,12.7,50923.0,642902.875,derived_ohlc4
HNX_DXP,DXP,2022-02-07 09:00:00,872,33,12.77,13.36,12.7,13.22,75200.0,978540.0,derived_ohlc4
HNX_DXP,DXP,2022-02-08 09:00:00,873,33,13.29,13.95,13.22,13.88,63422.0,861587.8700000001,derived_ohlc4
HNX_DXP,DXP,2022-02-09 09:00:00,874,33,13.81,14.03,13.73,14.03,65646.0,912479.4,derived_ohlc4
HNX_DXP,DXP,2022-02-10 09:00:00,875,33,13.81,13.95,13.66,13.73,49600.0,683860.0000000001,derived_ohlc4
HNX_DXP,DXP,2022-02-11 09:00:00,876,33,13.73,13.88,13.66,13.81,47313.0,651500.01,derived_ohlc4
HNX_DXP,DXP,2022-02-14 09:00:00,877,33,13.81,14.32,13.58,14.1,113964.0,1590082.71,derived_ohlc4
HNX_DXP,DXP,2022-02-15 09:00:00,878,33,14.1,14.17,13.73,14.1,49442.0,693424.05,derived_ohlc4
HNX_DXP,DXP,2022-02-16 09:00:00,879,33,14.03,14.25,14.03,14.1,50930.0,718240.3250000001,derived_ohlc4
HNX_DXP,DXP,2022-02-17 09:00:00,880,33,14.03,14.77,14.03,14.69,222119.0,3194071.2199999997,derived_ohlc4
HNX_DXP,DXP,2022-02-18 09:00:00,881,33,14.62,14.77,14.54,14.77,121007.0,1775777.725,derived_ohlc4
HNX_DXP,DXP,2022-02-21 09:00:00,882,33,14.77,15.65,14.69,15.28,198893.0,3002787.0675,derived_ohlc4
HNX_DXP,DXP,2022-02-22 09:00:00,883,33,15.21,15.28,14.54,14.77,170945.0,2555627.75,derived_ohlc4
HNX_DXP,DXP,2022-02-23 09:00:00,884,33,14.84,15.06,14.69,14.84,59800.0,888478.4999999999,derived_ohlc4
HNX_DXP,DXP,2022-02-24 09:00:00,885,33,14.77,14.91,13.88,14.25,221218.0,3197153.145,derived_ohlc4
HNX_DXP,DXP,2022-02-25 09:00:00,886,33,14.32,14.77,14.17,14.62,141900.0,2053292.9999999998,derived_ohlc4
HNX_DXP,DXP,2022-02-28 09:00:00,887,33,14.69,14.99,14.69,14.77,98525.0,1456692.125,derived_ohlc4
HNX_DXP,DXP,2022-03-01 09:00:00,888,33,14.69,14.99,14.47,14.84,150811.0,2224085.2224999997,derived_ohlc4
HNX_DXP,DXP,2022-03-02 09:00:00,889,33,14.77,14.84,14.54,14.69,82000.0,1206220.0,derived_ohlc4
HNX_DXP,DXP,2022-03-03 09:00:00,890,33,14.54,16.09,14.54,16.09,524731.0,8036255.265000001,derived_ohlc4
HNX_DXP,DXP,2022-03-04 09:00:00,891,33,16.17,17.28,16.17,17.05,940965.0,15683534.137500001,derived_ohlc4
HNX_DXP,DXP,2022-03-07 09:00:00,892,33,16.98,17.35,16.83,17.05,315556.0,5381018.6899999995,derived_ohlc4
HNX_DXP,DXP,2022-03-08 09:00:00,893,33,16.98,16.98,16.54,16.54,581820.0,9751303.2,derived_ohlc4
HNX_DXP,DXP,2022-03-09 09:00:00,894,33,16.54,18.09,15.87,17.57,892670.0,15191011.724999998,derived_ohlc4
HNX_DXP,DXP,2022-03-10 09:00:00,895,33,17.64,17.79,17.5,17.5,388306.0,6837097.8950000005,derived_ohlc4
HNX_DXP,DXP,2022-03-11 09:00:00,896,33,17.5,17.57,16.98,17.28,255645.0,4430966.962499999,derived_ohlc4
HNX_DXP,DXP,2022-03-14 09:00:00,897,33,16.54,17.05,16.39,16.46,368722.0,6124472.42,derived_ohlc4
HNX_DXP,DXP,2022-03-15 09:00:00,898,33,16.46,16.76,15.87,16.46,388244.0,6362348.55,derived_ohlc4
HNX_DXP,DXP,2022-03-16 09:00:00,899,33,16.61,16.61,16.32,16.46,117050.0,1931325.0,derived_ohlc4
HNX_DXP,DXP,2022-03-17 09:00:00,900,33,16.46,16.61,16.46,16.61,66802.0,1104571.07,derived_ohlc4
HNX_DXP,DXP,2022-03-18 09:00:00,901,33,16.61,16.69,16.39,16.46,111200.0,1838970.0000000002,derived_ohlc4
HNX_DXP,DXP,2022-03-21 09:00:00,902,33,16.46,16.61,16.24,16.32,114505.0,1878740.7874999999,derived_ohlc4
HNX_DXP,DXP,2022-03-22 09:00:00,903,33,16.24,16.83,16.09,16.46,205932.0,3378314.4600000004,derived_ohlc4
HNX_DXP,DXP,2022-03-23 09:00:00,904,33,16.54,16.98,16.46,16.46,135920.0,2257631.1999999997,derived_ohlc4
HNX_DXP,DXP,2022-03-24 09:00:00,905,33,16.46,16.83,16.32,16.83,337740.0,5609861.399999999,derived_ohlc4
HNX_DXP,DXP,2022-03-25 09:00:00,906,33,16.54,17.35,16.46,16.83,339230.0,5697367.850000001,derived_ohlc4
HNX_DXP,DXP,2022-03-28 09:00:00,907,33,15.36,16.91,15.36,16.91,255400.0,4120878.9999999995,derived_ohlc4
HNX_DXP,DXP,2022-03-29 09:00:00,908,33,16.91,17.94,16.91,17.64,702159.0,12182458.65,derived_ohlc4
HNX_DXP,DXP,2022-03-30 09:00:00,909,33,17.64,18.09,16.91,16.98,304708.0,5303442.74,derived_ohlc4
HNX_DXP,DXP,2022-03-31 09:00:00,910,33,16.98,17.13,16.61,16.69,129040.0,2174646.6,derived_ohlc4
HNX_DXP,DXP,2022-04-01 09:00:00,911,33,16.69,16.69,16.17,16.69,253005.0,4189762.8000000007,derived_ohlc4
HNX_DXP,DXP,2022-04-04 09:00:00,912,33,16.69,16.76,16.24,16.24,215800.0,3556923.4999999995,derived_ohlc4
HNX_DXP,DXP,2022-04-05 09:00:00,913,33,16.09,16.61,15.65,16.32,110300.0,1783275.25,derived_ohlc4
HNX_DXP,DXP,2022-04-06 09:00:00,914,33,16.54,16.54,15.87,16.24,130610.0,2128616.475,derived_ohlc4
HNX_DXP,DXP,2022-04-07 09:00:00,915,33,16.24,16.32,15.87,16.17,147901.0,2388601.15,derived_ohlc4
HNX_DXP,DXP,2022-04-08 09:00:00,916,33,15.95,16.24,15.8,15.95,141200.0,2257082.0,derived_ohlc4
HNX_DXP,DXP,2022-04-12 09:00:00,917,33,15.95,16.09,15.8,15.95,40243.0,641775.2425,derived_ohlc4
HNX_DXP,DXP,2022-04-13 09:00:00,918,33,15.73,16.02,15.5,16.02,157204.0,2486574.27,derived_ohlc4
HNX_DXP,DXP,2022-04-14 09:00:00,919,33,16.09,16.32,15.87,16.09,113051.0,1819273.2174999998,derived_ohlc4
HNX_DXP,DXP,2022-04-15 09:00:00,920,33,16.09,16.24,15.87,16.02,98412.0,1580004.66,derived_ohlc4
HNX_DXP,DXP,2022-04-18 09:00:00,921,33,15.73,16.09,15.21,15.5,172400.0,2695043.0,derived_ohlc4
HNX_DXP,DXP,2022-04-19 09:00:00,922,33,15.5,15.87,14.77,15.5,85200.0,1312932.0,derived_ohlc4
HNX_DXP,DXP,2022-04-20 09:00:00,923,33,15.58,15.58,15.06,15.06,84400.0,1293008.0,derived_ohlc4
HNX_DXP,DXP,2022-04-21 09:00:00,924,33,14.99,15.06,13.66,14.4,108100.0,1570422.75,derived_ohlc4
HNX_DXP,DXP,2022-04-22 09:00:00,925,33,14.4,14.69,13.44,14.03,209530.0,2962754.2,derived_ohlc4
HNX_DXP,DXP,2022-04-25 09:00:00,926,33,14.03,14.03,12.62,12.62,321225.0,4280323.125,derived_ohlc4
HNX_DXP,DXP,2022-04-26 09:00:00,927,33,12.18,12.77,12.18,12.77,164233.0,2048806.6749999996,derived_ohlc4
HNX_DXP,DXP,2022-04-27 09:00:00,928,33,12.77,13.29,12.62,13.29,109500.0,1422678.75,derived_ohlc4
HNX_DXP,DXP,2022-04-28 09:00:00,929,33,13.36,13.73,13.36,13.51,41200.0,555788.0,derived_ohlc4
HNX_DXP,DXP,2022-04-29 09:00:00,930,33,13.51,13.66,13.36,13.58,33500.0,453171.25,derived_ohlc4
HNX_DXP,DXP,2022-05-04 09:00:00,931,33,13.44,14.03,12.92,13.95,60300.0,819175.5,derived_ohlc4
HNX_DXP,DXP,2022-05-05 09:00:00,932,33,13.73,13.95,13.51,13.95,35600.0,490746.0,derived_ohlc4
HNX_DXP,DXP,2022-05-06 09:00:00,933,33,13.95,13.95,13.36,13.66,46200.0,634326.0,derived_ohlc4
HNX_DXP,DXP,2022-05-09 09:00:00,934,33,13.29,13.66,12.33,12.55,161500.0,2092636.25,derived_ohlc4
HNX_DXP,DXP,2022-05-10 09:00:00,935,33,12.55,12.62,12.03,12.62,45800.0,570439.0,derived_ohlc4
HNX_DXP,DXP,2022-05-11 09:00:00,936,33,12.62,12.77,12.55,12.7,43100.0,545646.0,derived_ohlc4
HNX_DXP,DXP,2022-05-12 09:00:00,937,33,12.7,12.77,11.81,11.96,88300.0,1086973.0,derived_ohlc4
HNX_DXP,DXP,2022-05-13 09:00:00,938,33,10.78,12.11,10.78,11.22,72500.0,813631.25,derived_ohlc4
HNX_DXP,DXP,2022-05-16 09:00:00,939,33,10.11,11.74,10.11,11.37,81600.0,883932.0,derived_ohlc4
HNX_DXP,DXP,2022-05-17 09:00:00,940,33,11.37,12.11,11.15,12.03,34100.0,397776.5,derived_ohlc4
HNX_DXP,DXP,2022-05-18 09:00:00,941,33,12.03,12.26,11.96,12.03,34250.0,413397.5,derived_ohlc4
HNX_DXP,DXP,2022-05-19 09:00:00,942,33,11.44,12.03,11.44,12.03,18400.0,215924.0,derived_ohlc4
HNX_DXP,DXP,2022-05-20 09:00:00,943,33,12.03,12.18,11.89,12.11,78900.0,950942.25,derived_ohlc4
HNX_DXP,DXP,2022-05-23 09:00:00,944,33,12.11,12.11,11.66,11.81,78100.0,931147.25,derived_ohlc4
HNX_DXP,DXP,2022-05-24 09:00:00,945,33,11.81,11.96,11.66,11.81,61400.0,725134.0000000001,derived_ohlc4
HNX_DXP,DXP,2022-05-25 09:00:00,946,33,11.89,12.48,11.74,12.33,150600.0,1823766.0,derived_ohlc4
HNX_DXP,DXP,2022-05-26 09:00:00,947,33,12.33,12.48,12.11,12.11,59000.0,723192.5,derived_ohlc4
HNX_DXP,DXP,2022-05-27 09:00:00,948,33,12.33,12.48,12.26,12.26,32810.0,404629.325,derived_ohlc4
HNX_DXP,DXP,2022-05-30 09:00:00,949,33,12.26,12.77,12.18,12.55,161200.0,2005328.0000000002,derived_ohlc4
HNX_DXP,DXP,2022-05-31 09:00:00,950,33,12.48,12.55,12.33,12.4,49000.0,609560.0,derived_ohlc4
HNX_DXP,DXP,2022-06-01 09:00:00,951,33,12.33,12.7,12.26,12.62,80309.0,1002055.5475,derived_ohlc4
HNX_DXP,DXP,2022-06-02 09:00:00,952,33,12.62,12.62,12.26,12.4,54600.0,681135.0,derived_ohlc4
HNX_DXP,DXP,2022-06-03 09:00:00,953,33,12.48,12.48,12.11,12.26,58700.0,723917.75,derived_ohlc4
HNX_DXP,DXP,2022-06-06 09:00:00,954,33,12.18,12.18,11.44,11.81,660400.0,7860411.0,derived_ohlc4
HNX_DXP,DXP,2022-06-07 09:00:00,955,33,11.59,11.59,11.22,11.44,156699.0,1795770.5399999998,derived_ohlc4
HNX_DXP,DXP,2022-06-08 09:00:00,956,33,11.44,12.55,11.44,12.4,439200.0,5251734.0,derived_ohlc4
HNX_DXP,DXP,2022-06-09 09:00:00,957,33,12.33,12.48,11.96,12.11,284300.0,3474146.0,derived_ohlc4
HNX_DXP,DXP,2022-06-10 09:00:00,958,33,12.11,12.18,11.89,11.89,98800.0,1187329.0,derived_ohlc4
HNX_DXP,DXP,2022-06-13 09:00:00,959,33,11.74,11.74,10.78,10.78,255800.0,2880308.0,derived_ohlc4
HNX_DXP,DXP,2022-06-14 09:00:00,960,33,10.34,10.63,10.04,10.19,199500.0,2054849.9999999998,derived_ohlc4
HNX_DXP,DXP,2022-06-15 09:00:00,961,33,10.34,10.71,10.19,10.48,121700.0,1269331.0,derived_ohlc4
HNX_DXP,DXP,2022-06-16 09:00:00,962,33,10.48,11.0,10.48,10.48,231536.0,2456596.96,derived_ohlc4
HNX_DXP,DXP,2022-06-17 09:00:00,963,33,10.26,10.26,9.67,9.97,108000.0,1084320.0,derived_ohlc4
HNX_DXP,DXP,2022-06-20 09:00:00,964,33,9.97,10.04,9.15,9.15,157477.0,1508235.9674999998,derived_ohlc4
HNX_DXP,DXP,2022-06-21 09:00:00,965,33,9.08,9.23,8.49,8.71,91010.0,807941.2750000001,derived_ohlc4
HNX_DXP,DXP,2022-06-22 09:00:00,966,33,9.15,9.38,8.86,9.01,79400.0,722540.0,derived_ohlc4
HNX_DXP,DXP,2022-06-23 09:00:00,967,33,9.01,9.38,8.86,9.38,124900.0,1143771.75,derived_ohlc4
HNX_DXP,DXP,2022-06-24 09:00:00,968,33,9.38,9.97,9.38,9.6,52013.0,498414.57250000007,derived_ohlc4
HNX_DXP,DXP,2022-06-27 09:00:00,969,33,9.6,9.82,9.6,9.82,65206.0,633150.26,derived_ohlc4
HNX_DXP,DXP,2022-06-28 09:00:00,970,33,9.89,10.78,9.67,10.48,223900.0,2284899.5000000005,derived_ohlc4
HNX_DXP,DXP,2022-06-29 09:00:00,971,33,10.48,10.48,10.19,10.41,76000.0,789640.0,derived_ohlc4
HNX_DXP,DXP,2022-06-30 09:00:00,972,33,10.26,10.26,9.6,9.6,132990.0,1320590.7,derived_ohlc4
HNX_DXP,DXP,2022-07-01 09:00:00,973,33,9.52,9.82,9.23,9.67,109600.0,1047776.0,derived_ohlc4
HNX_DXP,DXP,2022-07-04 09:00:00,974,33,10.19,10.19,9.52,9.52,85200.0,839646.0,derived_ohlc4
HNX_DXP,DXP,2022-07-05 09:00:00,975,33,9.52,9.6,9.38,9.52,87500.0,831687.4999999999,derived_ohlc4
HNX_DXP,DXP,2022-07-06 09:00:00,976,33,9.52,9.6,9.38,9.52,64600.0,614022.9999999999,derived_ohlc4
HNX_DXP,DXP,2022-07-07 09:00:00,977,33,9.45,9.6,9.23,9.45,53431.0,503987.9075,derived_ohlc4
HNX_DXP,DXP,2022-07-08 09:00:00,978,33,9.52,9.75,9.52,9.6,39581.0,379878.6475,derived_ohlc4
HNX_DXP,DXP,2022-07-11 09:00:00,979,33,9.6,9.6,9.3,9.45,50775.0,481727.81250000006,derived_ohlc4
HNX_DXP,DXP,2022-07-12 09:00:00,980,33,9.45,9.82,9.45,9.75,44300.0,426055.25,derived_ohlc4
HNX_DXP,DXP,2022-07-13 09:00:00,981,33,9.82,9.97,9.67,9.75,57300.0,561683.25,derived_ohlc4
HNX_DXP,DXP,2022-07-14 09:00:00,982,33,9.67,9.82,9.6,9.75,58200.0,565122.0,derived_ohlc4
HNX_DXP,DXP,2022-07-15 09:00:00,983,33,9.97,10.34,9.67,9.82,107860.0,1073207.0,derived_ohlc4
HNX_DXP,DXP,2022-07-18 09:00:00,984,33,9.82,10.04,9.82,9.97,103068.0,1021661.5499999999,derived_ohlc4
HNX_DXP,DXP,2022-07-19 09:00:00,985,33,10.04,10.04,9.67,9.89,47107.0,466830.37,derived_ohlc4
HNX_DXP,DXP,2022-07-20 09:00:00,986,33,9.97,10.11,9.89,10.11,157093.0,1574071.8599999999,derived_ohlc4
HNX_DXP,DXP,2022-07-21 09:00:00,987,33,10.04,10.11,9.89,10.04,75702.0,758534.0399999999,derived_ohlc4
HNX_DXP,DXP,2022-07-22 09:00:00,988,33,9.89,10.11,9.89,10.11,124800.0,1248000.0,derived_ohlc4
HNX_DXP,DXP,2022-07-25 09:00:00,989,33,10.11,10.11,9.82,9.97,123800.0,1238309.5,derived_ohlc4
HNX_DXP,DXP,2022-07-26 09:00:00,990,33,9.97,9.97,9.75,9.75,53400.0,526524.0,derived_ohlc4
HNX_DXP,DXP,2022-07-27 09:00:00,991,33,9.67,9.82,9.45,9.82,114900.0,1113381.0000000002,derived_ohlc4
HNX_DXP,DXP,2022-07-28 09:00:00,992,33,9.89,10.11,9.45,9.89,115700.0,1137909.5,derived_ohlc4
HNX_DXP,DXP,2022-07-29 09:00:00,993,33,9.97,10.41,9.89,9.97,72620.0,730557.2000000001,derived_ohlc4
HNX_DXP,DXP,2022-08-01 09:00:00,994,33,10.11,10.34,10.04,10.26,101100.0,1029956.25,derived_ohlc4
HNX_DXP,DXP,2022-08-02 09:00:00,995,33,10.19,10.48,10.11,10.34,207800.0,2136184.0000000005,derived_ohlc4
HNX_DXP,DXP,2022-08-03 09:00:00,996,33,10.26,10.63,10.19,10.48,171223.0,1779006.9700000002,derived_ohlc4
HNX_DXP,DXP,2022-08-04 09:00:00,997,33,10.34,10.63,10.34,10.41,106800.0,1113924.0,derived_ohlc4
HNX_DXP,DXP,2022-08-05 09:00:00,998,33,10.48,10.48,10.34,10.41,61655.0,642907.5125000001,derived_ohlc4
HNX_DXP,DXP,2022-08-08 09:00:00,999,33,10.41,10.78,10.34,10.78,266319.0,2816989.2224999997,derived_ohlc4
HNX_DXP,DXP,2022-08-09 09:00:00,1000,33,10.78,11.0,10.71,10.78,99900.0,1080668.25,derived_ohlc4
HNX_DXP,DXP,2022-08-10 09:00:00,1001,33,10.71,10.93,10.56,10.71,155550.0,1668662.6250000002,derived_ohlc4
HNX_DXP,DXP,2022-08-11 09:00:00,1002,33,10.78,10.78,10.41,10.56,111808.0,1188798.56,derived_ohlc4
HNX_DXP,DXP,2022-08-12 09:00:00,1003,33,10.63,10.63,10.41,10.63,51754.0,547298.55,derived_ohlc4
HNX_DXP,DXP,2022-08-15 09:00:00,1004,33,10.56,10.56,9.6,10.48,208206.0,2144521.8000000003,derived_ohlc4
HNX_DXP,DXP,2022-08-16 09:00:00,1005,33,10.41,10.48,10.34,10.48,63105.0,658027.3875000001,derived_ohlc4
HNX_DXP,DXP,2022-08-17 09:00:00,1006,33,10.56,10.78,10.48,10.48,177762.0,1879833.15,derived_ohlc4
HNX_DXP,DXP,2022-08-18 09:00:00,1007,33,10.48,10.56,10.19,10.34,134711.0,1399984.0674999997,derived_ohlc4
HNX_DXP,DXP,2022-08-19 09:00:00,1008,33,10.34,10.41,10.19,10.34,66106.0,682213.92,derived_ohlc4
HNX_DXP,DXP,2022-08-22 09:00:00,1009,33,10.19,10.34,10.11,10.19,46032.0,469871.63999999996,derived_ohlc4
HNX_DXP,DXP,2022-08-23 09:00:00,1010,33,10.19,10.34,10.11,10.34,48400.0,495858.00000000006,derived_ohlc4
HNX_DXP,DXP,2022-08-24 09:00:00,1011,33,10.41,10.41,10.26,10.26,79330.0,819875.5499999999,derived_ohlc4
HNX_DXP,DXP,2022-08-25 09:00:00,1012,33,10.34,10.56,10.11,10.41,126164.0,1306428.22,derived_ohlc4
HNX_DXP,DXP,2022-08-26 09:00:00,1013,33,10.48,10.48,10.11,10.34,131400.0,1360318.5,derived_ohlc4
HNX_DXP,DXP,2022-08-29 09:00:00,1014,33,10.26,10.26,9.97,10.04,90600.0,918004.5,derived_ohlc4
HNX_DXP,DXP,2022-08-30 09:00:00,1015,33,10.04,10.19,10.04,10.11,20615.0,208108.425,derived_ohlc4
HNX_DXP,DXP,2022-08-31 09:00:00,1016,33,10.04,10.11,9.97,9.97,84668.0,848585.0299999999,derived_ohlc4
HNX_DXP,DXP,2022-09-05 09:00:00,1017,33,10.11,10.11,9.97,10.04,41600.0,418391.99999999994,derived_ohlc4
HNX_DXP,DXP,2022-09-06 09:00:00,1018,33,10.04,10.11,10.04,10.11,57600.0,580320.0,derived_ohlc4
HNX_DXP,DXP,2022-09-07 09:00:00,1019,33,10.04,10.04,9.82,9.82,60250.0,598282.5,derived_ohlc4
HNX_DXP,DXP,2022-09-08 09:00:00,1020,33,9.89,9.89,9.52,9.52,57102.0,554174.91,derived_ohlc4
HNX_DXP,DXP,2022-09-09 09:00:00,1021,33,9.75,9.75,9.3,9.38,41304.0,394246.68,derived_ohlc4
HNX_DXP,DXP,2022-09-12 09:00:00,1022,33,9.45,9.52,9.38,9.45,42852.0,404951.39999999997,derived_ohlc4
HNX_DXP,DXP,2022-09-13 09:00:00,1023,33,9.45,9.52,9.45,9.52,13244.0,125619.34,derived_ohlc4
HNX_DXP,DXP,2022-09-14 09:00:00,1024,33,9.3,9.45,9.3,9.45,67775.0,635390.625,derived_ohlc4
HNX_DXP,DXP,2022-09-15 09:00:00,1025,33,9.45,9.6,9.45,9.52,17580.0,167097.9,derived_ohlc4
HNX_DXP,DXP,2022-09-16 09:00:00,1026,33,9.6,9.6,9.23,9.45,22018.0,208510.45999999996,derived_ohlc4
HNX_DXP,DXP,2022-09-19 09:00:00,1027,33,9.38,9.45,9.15,9.3,45200.0,421264.0,derived_ohlc4
HNX_DXP,DXP,2022-09-20 09:00:00,1028,33,9.3,9.45,9.23,9.3,45350.0,422662.0,derived_ohlc4
HNX_DXP,DXP,2022-09-21 09:00:00,1029,33,9.3,9.45,9.3,9.3,26600.0,248377.5,derived_ohlc4
HNX_DXP,DXP,2022-09-22 09:00:00,1030,33,9.23,9.45,9.23,9.45,28600.0,267124.0,derived_ohlc4
HNX_DXP,DXP,2022-09-23 09:00:00,1031,33,9.45,9.52,9.3,9.45,30048.0,283352.64,derived_ohlc4
HNX_DXP,DXP,2022-09-26 09:00:00,1032,33,9.45,10.34,9.38,10.04,235218.0,2305724.445,derived_ohlc4
HNX_DXP,DXP,2022-09-27 09:00:00,1033,33,10.04,10.11,9.89,9.97,10867.0,108697.1675,derived_ohlc4
HNX_DXP,DXP,2022-09-28 09:00:00,1034,33,9.89,9.97,9.01,9.23,81112.0,772591.7999999999,derived_ohlc4
HNX_DXP,DXP,2022-09-29 09:00:00,1035,33,9.23,9.89,9.15,9.3,54750.0,514239.3750000001,derived_ohlc4
HNX_DXP,DXP,2022-09-30 09:00:00,1036,33,9.23,9.23,8.56,9.01,57100.0,514328.25,derived_ohlc4
HNX_DXP,DXP,2022-10-03 09:00:00,1037,33,9.01,9.15,8.71,8.71,27800.0,247281.0,derived_ohlc4
HNX_DXP,DXP,2022-10-04 09:00:00,1038,33,8.71,9.08,8.71,8.71,179620.0,1581105.05,derived_ohlc4
HNX_DXP,DXP,2022-10-05 09:00:00,1039,33,9.15,9.15,8.86,8.86,98700.0,888793.4999999999,derived_ohlc4
HNX_DXP,DXP,2022-10-06 09:00:00,1040,33,8.86,8.86,8.12,8.19,196700.0,1673425.2499999998,derived_ohlc4
HNX_DXP,DXP,2022-10-07 09:00:00,1041,33,8.19,8.19,7.75,8.12,37500.0,302343.75,derived_ohlc4
HNX_DXP,DXP,2022-10-10 09:00:00,1042,33,8.49,8.49,7.97,7.97,32300.0,265829.0,derived_ohlc4
HNX_DXP,DXP,2022-10-11 09:00:00,1043,33,7.97,8.05,7.46,7.97,77200.0,606985.0,derived_ohlc4
HNX_DXP,DXP,2022-10-12 09:00:00,1044,33,7.53,7.97,7.53,7.83,21200.0,163558.0,derived_ohlc4
HNX_DXP,DXP,2022-10-13 09:00:00,1045,33,7.9,8.12,7.68,7.9,10100.0,79790.0,derived_ohlc4
HNX_DXP,DXP,2022-10-14 09:00:00,1046,33,8.12,8.19,7.9,8.05,45600.0,367764.00000000006,derived_ohlc4
HNX_DXP,DXP,2022-10-17 09:00:00,1047,33,8.05,8.12,7.68,8.05,36900.0,294277.5,derived_ohlc4
HNX_DXP,DXP,2022-10-18 09:00:00,1048,33,8.12,8.19,8.05,8.12,20300.0,164835.99999999997,derived_ohlc4
HNX_DXP,DXP,2022-10-19 09:00:00,1049,33,8.05,8.12,7.97,7.97,16900.0,135664.75,derived_ohlc4
HNX_DXP,DXP,2022-10-20 09:00:00,1050,33,7.9,7.97,7.83,7.97,9000.0,71257.5,derived_ohlc4
HNX_DXP,DXP,2022-10-21 09:00:00,1051,33,7.83,7.83,7.38,7.68,73400.0,563712.0,derived_ohlc4
HNX_DXP,DXP,2022-10-24 09:00:00,1052,33,7.68,7.68,6.94,7.24,94600.0,698621.0,derived_ohlc4
HNX_DXP,DXP,2022-10-25 09:00:00,1053,33,6.87,7.24,6.72,7.24,107000.0,750872.5,derived_ohlc4
HNX_DXP,DXP,2022-10-26 09:00:00,1054,33,7.31,7.31,6.87,7.09,6568.0,46928.36,derived_ohlc4
HNX_DXP,DXP,2022-10-27 09:00:00,1055,33,7.09,7.24,7.01,7.16,22300.0,158887.5,derived_ohlc4
HNX_DXP,DXP,2022-10-28 09:00:00,1056,33,7.16,7.31,6.79,7.16,66468.0,472255.13999999996,derived_ohlc4
HNX_DXP,DXP,2022-10-31 09:00:00,1057,33,7.16,7.24,7.01,7.16,12500.0,89281.25,derived_ohlc4
HNX_DXP,DXP,2022-11-01 09:00:00,1058,33,7.16,7.16,6.94,6.94,27930.0,196906.50000000003,derived_ohlc4
HNX_DXP,DXP,2022-11-02 09:00:00,1059,33,7.09,7.09,6.79,6.87,23600.0,164256.0,derived_ohlc4
HNX_DXP,DXP,2022-11-03 09:00:00,1060,33,6.87,6.94,6.72,6.94,15200.0,104386.00000000001,derived_ohlc4
HNX_DXP,DXP,2022-11-04 09:00:00,1061,33,6.94,6.94,6.64,6.64,55401.0,376172.79,derived_ohlc4
HNX_DXP,DXP,2022-11-07 09:00:00,1062,33,6.64,6.64,6.28,6.5,35001.0,228031.51499999998,derived_ohlc4
HNX_DXP,DXP,2022-11-08 09:00:00,1063,33,6.57,6.57,6.05,6.5,16300.0,104686.75,derived_ohlc4
HNX_DXP,DXP,2022-11-09 09:00:00,1064,33,6.5,6.64,6.35,6.57,15038.0,97972.57,derived_ohlc4
HNX_DXP,DXP,2022-11-10 09:00:00,1065,33,6.28,6.35,5.98,6.2,59004.0,365972.31,derived_ohlc4
HNX_DXP,DXP,2022-11-11 09:00:00,1066,33,5.61,6.28,5.61,5.98,48820.0,286573.4,derived_ohlc4
HNX_DXP,DXP,2022-11-14 09:00:00,1067,33,5.54,5.91,5.39,5.54,59922.0,335263.58999999997,derived_ohlc4
HNX_DXP,DXP,2022-11-15 09:00:00,1068,33,5.02,5.54,5.02,5.02,114700.0,590704.9999999999,derived_ohlc4
HNX_DXP,DXP,2022-11-16 09:00:00,1069,33,4.65,5.39,4.58,5.39,104111.0,520815.27749999997,derived_ohlc4
HNX_DXP,DXP,2022-11-17 09:00:00,1070,33,5.54,5.61,5.39,5.39,40619.0,222693.6675,derived_ohlc4
HNX_DXP,DXP,2022-11-18 09:00:00,1071,33,5.39,5.39,4.95,5.39,82600.0,436128.0,derived_ohlc4
HNX_DXP,DXP,2022-11-21 09:00:00,1072,33,5.17,5.54,5.17,5.46,53652.0,286233.42,derived_ohlc4
HNX_DXP,DXP,2022-11-22 09:00:00,1073,33,5.32,5.83,5.24,5.83,219656.0,1220189.0799999998,derived_ohlc4
HNX_DXP,DXP,2022-11-23 09:00:00,1074,33,5.83,5.83,5.61,5.76,48800.0,280966.0,derived_ohlc4
HNX_DXP,DXP,2022-11-24 09:00:00,1075,33,5.68,5.83,5.61,5.76,53700.0,307164.00000000006,derived_ohlc4
HNX_DXP,DXP,2022-11-25 09:00:00,1076,33,5.76,5.83,5.76,5.83,38500.0,223107.5,derived_ohlc4
HNX_DXP,DXP,2022-11-28 09:00:00,1077,33,5.91,6.28,5.91,6.28,145210.0,885054.9500000001,derived_ohlc4
HNX_DXP,DXP,2022-11-29 09:00:00,1078,33,6.28,6.5,6.2,6.35,51006.0,322995.495,derived_ohlc4
HNX_DXP,DXP,2022-11-30 09:00:00,1079,33,6.42,6.42,6.05,6.28,73600.0,463128.00000000006,derived_ohlc4
HNX_DXP,DXP,2022-12-01 09:00:00,1080,33,6.28,6.87,6.28,6.87,312603.0,2055364.725,derived_ohlc4
HNX_DXP,DXP,2022-12-02 09:00:00,1081,33,6.64,6.87,6.2,6.72,173520.0,1146533.4,derived_ohlc4
HNX_DXP,DXP,2022-12-05 09:00:00,1082,33,6.87,6.94,6.5,6.64,138000.0,929775.0000000001,derived_ohlc4
HNX_DXP,DXP,2022-12-06 09:00:00,1083,33,6.64,7.24,6.5,6.64,203300.0,1373291.5,derived_ohlc4
HNX_DXP,DXP,2022-12-07 09:00:00,1084,33,6.57,6.72,6.2,6.28,133100.0,857496.75,derived_ohlc4
HNX_DXP,DXP,2022-12-08 09:00:00,1085,33,6.42,6.79,6.42,6.79,137145.0,905842.7250000001,derived_ohlc4
HNX_DXP,DXP,2022-12-09 09:00:00,1086,33,6.5,6.79,6.5,6.64,16200.0,107041.5,derived_ohlc4
HNX_DXP,DXP,2022-12-12 09:00:00,1087,33,6.72,6.72,6.5,6.5,37101.0,245237.61,derived_ohlc4
HNX_DXP,DXP,2022-12-13 09:00:00,1088,33,6.57,6.64,6.2,6.5,60500.0,391888.75,derived_ohlc4
HNX_DXP,DXP,2022-12-14 09:00:00,1089,33,6.57,6.79,6.57,6.64,154715.0,1027694.3875,derived_ohlc4
HNX_DXP,DXP,2022-12-15 09:00:00,1090,33,6.64,6.72,6.5,6.64,47529.0,314879.625,derived_ohlc4
HNX_DXP,DXP,2022-12-16 09:00:00,1091,33,6.5,6.72,6.5,6.64,31570.0,208046.3,derived_ohlc4
HNX_DXP,DXP,2022-12-19 09:00:00,1092,33,6.57,6.87,6.57,6.79,123742.0,829071.4,derived_ohlc4
HNX_DXP,DXP,2022-12-20 09:00:00,1093,33,6.72,6.87,6.42,6.64,106300.0,708223.75,derived_ohlc4
HNX_DXP,DXP,2022-12-21 09:00:00,1094,33,6.79,6.94,6.5,6.72,116400.0,784245.0,derived_ohlc4
HNX_DXP,DXP,2022-12-22 09:00:00,1095,33,6.64,6.94,6.64,6.79,107550.0,726231.375,derived_ohlc4
HNX_DXP,DXP,2022-12-23 09:00:00,1096,33,6.79,6.94,6.72,6.94,87300.0,597786.75,derived_ohlc4
HNX_DXP,DXP,2022-12-26 09:00:00,1097,33,6.94,7.16,6.64,6.64,61800.0,423021.00000000006,derived_ohlc4
HNX_DXP,DXP,2022-12-27 09:00:00,1098,33,6.64,6.87,6.5,6.79,38509.0,258010.29999999996,derived_ohlc4
HNX_DXP,DXP,2022-12-28 09:00:00,1099,33,6.64,6.79,6.64,6.79,5400.0,36261.0,derived_ohlc4
HNX_DXP,DXP,2022-12-29 09:00:00,1100,33,6.72,6.87,6.64,6.64,47262.0,317482.485,derived_ohlc4
HNX_DXP,DXP,2022-12-30 09:00:00,1101,33,6.64,6.72,6.5,6.5,41709.0,274862.31,derived_ohlc4
HNX_DXP,DXP,2023-01-03 09:00:00,1102,33,6.57,6.94,6.57,6.94,99640.0,673068.2000000001,derived_ohlc4
HNX_DXP,DXP,2023-01-04 09:00:00,1103,33,6.94,6.94,6.72,6.79,26100.0,178719.75,derived_ohlc4
HNX_DXP,DXP,2023-01-05 09:00:00,1104,33,6.64,7.01,6.64,7.01,114901.0,784199.325,derived_ohlc4
HNX_DXP,DXP,2023-01-06 09:00:00,1105,33,6.94,7.01,6.87,7.01,32939.0,229173.0925,derived_ohlc4
HNX_DXP,DXP,2023-01-09 09:00:00,1106,33,6.72,7.01,6.72,7.01,48945.0,336007.425,derived_ohlc4
HNX_DXP,DXP,2023-01-10 09:00:00,1107,33,6.94,7.01,6.87,7.01,20600.0,143324.5,derived_ohlc4
HNX_DXP,DXP,2023-01-11 09:00:00,1108,33,7.01,7.16,6.87,7.09,52300.0,367799.75,derived_ohlc4
HNX_DXP,DXP,2023-01-12 09:00:00,1109,33,7.09,7.09,7.09,7.09,22900.0,162361.0,derived_ohlc4
HNX_DXP,DXP,2023-01-13 09:00:00,1110,33,7.09,7.16,6.94,7.01,11744.0,82795.20000000001,derived_ohlc4
HNX_DXP,DXP,2023-01-16 09:00:00,1111,33,7.01,7.09,6.94,7.09,28100.0,197613.25,derived_ohlc4
HNX_DXP,DXP,2023-01-17 09:00:00,1112,33,7.09,7.24,7.09,7.16,125500.0,896697.5,derived_ohlc4
HNX_DXP,DXP,2023-01-18 09:00:00,1113,33,7.24,7.24,7.09,7.16,27154.0,195033.605,derived_ohlc4
HNX_DXP,DXP,2023-01-19 09:00:00,1114,33,7.16,7.24,7.09,7.24,53100.0,381390.75000000006,derived_ohlc4
HNX_DXP,DXP,2023-01-27 09:00:00,1115,33,7.24,7.38,7.24,7.38,37000.0,270470.0,derived_ohlc4
HNX_DXP,DXP,2023-01-30 09:00:00,1116,33,7.38,7.68,7.38,7.68,134212.0,1010616.3599999999,derived_ohlc4
HNX_DXP,DXP,2023-01-31 09:00:00,1117,33,8.0,8.0,7.52,8.0,77604.0,611519.52,derived_ohlc4
HNX_DXP,DXP,2023-02-01 09:00:00,1118,33,8.0,8.08,7.6,7.92,97418.0,769602.2000000001,derived_ohlc4
HNX_DXP,DXP,2023-02-02 09:00:00,1119,33,7.92,7.92,7.6,7.92,71908.0,563758.72,derived_ohlc4
HNX_DXP,DXP,2023-02-03 09:00:00,1120,33,7.84,8.16,7.76,8.16,64331.0,513361.37999999995,derived_ohlc4
HNX_DXP,DXP,2023-02-06 09:00:00,1121,33,8.08,8.24,8.0,8.24,40133.0,326682.62,derived_ohlc4
HNX_DXP,DXP,2023-02-07 09:00:00,1122,33,8.24,8.32,8.0,8.08,22000.0,179520.0,derived_ohlc4
HNX_DXP,DXP,2023-02-08 09:00:00,1123,33,7.92,8.08,7.68,8.08,86040.0,683157.6,derived_ohlc4
HNX_DXP,DXP,2023-02-09 09:00:00,1124,33,8.16,8.16,7.84,7.84,9900.0,79200.0,derived_ohlc4
HNX_DXP,DXP,2023-02-10 09:00:00,1125,33,7.84,8.08,7.76,8.0,23347.0,184908.24,derived_ohlc4
HNX_DXP,DXP,2023-02-13 09:00:00,1126,33,7.76,8.0,7.6,7.92,91045.0,711971.9,derived_ohlc4
HNX_DXP,DXP,2023-02-14 09:00:00,1127,33,7.92,7.92,7.76,7.76,11900.0,93296.0,derived_ohlc4
HNX_DXP,DXP,2023-02-15 09:00:00,1128,33,7.6,7.92,7.52,7.76,9400.0,72380.0,derived_ohlc4
HNX_DXP,DXP,2023-02-16 09:00:00,1129,33,7.92,7.92,7.68,7.84,12300.0,96432.0,derived_ohlc4
HNX_DXP,DXP,2023-02-17 09:00:00,1130,33,7.84,7.84,7.68,7.84,4600.0,35880.0,derived_ohlc4
HNX_DXP,DXP,2023-02-20 09:00:00,1131,33,7.84,7.92,7.76,7.92,21700.0,170562.0,derived_ohlc4
HNX_DXP,DXP,2023-02-21 09:00:00,1132,33,7.92,8.24,7.92,8.16,137754.0,1110297.2399999998,derived_ohlc4
HNX_DXP,DXP,2023-02-22 09:00:00,1133,33,8.08,8.24,8.08,8.16,18200.0,148148.0,derived_ohlc4
HNX_DXP,DXP,2023-02-23 09:00:00,1134,33,8.08,8.08,7.44,7.84,53800.0,422868.0,derived_ohlc4
HNX_DXP,DXP,2023-02-24 09:00:00,1135,33,7.84,7.84,7.6,7.84,22900.0,178162.0,derived_ohlc4
HNX_DXP,DXP,2023-02-27 09:00:00,1136,33,7.68,8.0,7.6,7.92,70100.0,546780.0,derived_ohlc4
HNX_DXP,DXP,2023-02-28 09:00:00,1137,33,7.92,7.92,7.68,7.92,48600.0,381996.0,derived_ohlc4
HNX_DXP,DXP,2023-03-01 09:00:00,1138,33,7.92,7.92,7.84,7.84,17100.0,134748.0,derived_ohlc4
HNX_DXP,DXP,2023-03-02 09:00:00,1139,33,8.0,8.0,7.44,7.44,37700.0,291044.0,derived_ohlc4
HNX_DXP,DXP,2023-03-03 09:00:00,1140,33,7.68,7.76,7.6,7.68,8000.0,61440.0,derived_ohlc4
HNX_DXP,DXP,2023-03-06 09:00:00,1141,33,7.68,7.84,7.68,7.68,34100.0,263252.0,derived_ohlc4
HNX_DXP,DXP,2023-03-07 09:00:00,1142,33,7.76,7.76,7.76,7.76,11401.0,88471.76,derived_ohlc4
HNX_DXP,DXP,2023-03-08 09:00:00,1143,33,7.76,7.84,7.52,7.84,21700.0,167957.99999999997,derived_ohlc4
HNX_DXP,DXP,2023-03-09 09:00:00,1144,33,7.84,7.84,7.6,7.84,44000.0,342320.0,derived_ohlc4
HNX_DXP,DXP,2023-03-10 09:00:00,1145,33,7.84,7.84,7.68,7.76,11660.0,90714.79999999999,derived_ohlc4
HNX_DXP,DXP,2023-03-13 09:00:00,1146,33,7.6,7.76,7.6,7.76,15700.0,120576.0,derived_ohlc4
HNX_DXP,DXP,2023-03-14 09:00:00,1147,33,7.76,7.76,7.6,7.76,20715.0,159919.8,derived_ohlc4
HNX_DXP,DXP,2023-03-15 09:00:00,1148,33,7.84,7.84,7.76,7.76,4300.0,33539.99999999999,derived_ohlc4
HNX_DXP,DXP,2023-03-16 09:00:00,1149,33,7.76,7.84,7.6,7.76,37300.0,288702.0,derived_ohlc4
HNX_DXP,DXP,2023-03-17 09:00:00,1150,33,7.76,7.84,7.68,7.84,32301.0,251301.78,derived_ohlc4
HNX_DXP,DXP,2023-03-20 09:00:00,1151,33,7.6,7.76,7.6,7.76,22700.0,174336.0,derived_ohlc4
HNX_DXP,DXP,2023-03-21 09:00:00,1152,33,7.68,7.76,7.68,7.76,40208.0,310405.75999999995,derived_ohlc4
HNX_DXP,DXP,2023-03-22 09:00:00,1153,33,7.68,7.76,7.6,7.68,60340.0,463411.2,derived_ohlc4
HNX_DXP,DXP,2023-03-23 09:00:00,1154,33,7.76,7.76,7.6,7.68,50100.0,385769.99999999994,derived_ohlc4
HNX_DXP,DXP,2023-03-24 09:00:00,1155,33,7.68,7.68,7.6,7.6,74600.0,569944.0,derived_ohlc4
HNX_DXP,DXP,2023-03-27 09:00:00,1156,33,7.6,7.68,7.52,7.68,50700.0,386333.99999999994,derived_ohlc4
HNX_DXP,DXP,2023-03-28 09:00:00,1157,33,7.6,7.68,7.52,7.68,59101.0,450349.61999999994,derived_ohlc4
HNX_DXP,DXP,2023-03-29 09:00:00,1158,33,7.6,7.6,7.52,7.6,31208.0,236556.64,derived_ohlc4
HNX_DXP,DXP,2023-03-30 09:00:00,1159,33,7.6,7.68,7.52,7.68,73882.0,562980.84,derived_ohlc4
HNX_DXP,DXP,2023-03-31 09:00:00,1160,33,7.6,7.68,7.52,7.68,28463.0,216888.05999999997,derived_ohlc4
HNX_DXP,DXP,2023-04-03 09:00:00,1161,33,7.68,7.68,7.6,7.68,71316.0,546280.56,derived_ohlc4
HNX_DXP,DXP,2023-04-04 09:00:00,1162,33,7.68,7.76,7.6,7.76,61586.0,474212.19999999995,derived_ohlc4
HNX_DXP,DXP,2023-04-05 09:00:00,1163,33,7.76,7.92,7.76,7.92,49636.0,389146.24,derived_ohlc4
HNX_DXP,DXP,2023-04-06 09:00:00,1164,33,7.92,8.08,7.84,7.92,114776.0,911321.44,derived_ohlc4
HNX_DXP,DXP,2023-04-07 09:00:00,1165,33,7.92,7.92,7.84,7.84,19318.0,152225.84,derived_ohlc4
HNX_DXP,DXP,2023-04-10 09:00:00,1166,33,7.84,7.84,7.6,7.84,53988.0,420026.64,derived_ohlc4
HNX_DXP,DXP,2023-04-11 09:00:00,1167,33,7.76,7.84,7.76,7.84,77284.0,602815.2,derived_ohlc4
HNX_DXP,DXP,2023-04-12 09:00:00,1168,33,7.84,7.84,7.76,7.84,9428.0,73726.95999999999,derived_ohlc4
HNX_DXP,DXP,2023-04-13 09:00:00,1169,33,7.84,7.84,7.76,7.84,35000.0,273700.0,derived_ohlc4
HNX_DXP,DXP,2023-04-14 09:00:00,1170,33,7.84,7.92,7.68,7.76,96900.0,755819.9999999999,derived_ohlc4
HNX_DXP,DXP,2023-04-17 09:00:00,1171,33,7.76,7.92,7.68,7.92,53688.0,419840.16000000003,derived_ohlc4
HNX_DXP,DXP,2023-04-18 09:00:00,1172,33,7.84,7.84,7.76,7.76,18871.0,147193.8,derived_ohlc4
HNX_DXP,DXP,2023-04-19 09:00:00,1173,33,7.76,7.84,7.76,7.84,26123.0,203759.4,derived_ohlc4
HNX_DXP,DXP,2023-04-20 09:00:00,1174,33,7.68,7.76,7.68,7.76,18363.0,141762.36,derived_ohlc4
HNX_DXP,DXP,2023-04-21 09:00:00,1175,33,7.68,7.76,7.6,7.68,50478.0,387671.04,derived_ohlc4
HNX_DXP,DXP,2023-04-24 09:00:00,1176,33,7.68,7.76,7.68,7.68,22541.0,173565.69999999998,derived_ohlc4
HNX_DXP,DXP,2023-04-25 09:00:00,1177,33,7.68,7.84,7.68,7.68,45201.0,348951.72,derived_ohlc4
HNX_DXP,DXP,2023-04-26 09:00:00,1178,33,7.68,7.92,7.68,7.84,34504.0,268441.12,derived_ohlc4
HNX_DXP,DXP,2023-04-27 09:00:00,1179,33,7.84,7.92,7.76,7.76,13565.0,106078.3,derived_ohlc4
HNX_DXP,DXP,2023-04-28 09:00:00,1180,33,7.68,7.76,7.68,7.76,12809.0,98885.47999999998,derived_ohlc4
HNX_DXP,DXP,2023-05-04 09:00:00,1181,33,7.76,7.76,7.52,7.76,22405.0,172518.49999999997,derived_ohlc4
HNX_DXP,DXP,2023-05-05 09:00:00,1182,33,7.76,7.76,7.52,7.6,36101.0,276533.66000000003,derived_ohlc4
HNX_DXP,DXP,2023-05-08 09:00:00,1183,33,7.6,7.68,7.6,7.68,16311.0,124616.04,derived_ohlc4
HNX_DXP,DXP,2023-05-09 09:00:00,1184,33,7.68,7.76,7.6,7.76,8300.0,63909.99999999999,derived_ohlc4
HNX_DXP,DXP,2023-05-10 09:00:00,1185,33,7.6,7.84,7.6,7.84,33025.0,254953.0,derived_ohlc4
HNX_DXP,DXP,2023-05-11 09:00:00,1186,33,7.84,8.08,7.76,8.0,92994.0,736512.48,derived_ohlc4
HNX_DXP,DXP,2023-05-12 09:00:00,1187,33,8.0,8.16,8.0,8.08,41313.0,332982.78,derived_ohlc4
HNX_DXP,DXP,2023-05-15 09:00:00,1188,33,8.08,8.32,8.0,8.0,69778.0,565201.7999999999,derived_ohlc4
HNX_DXP,DXP,2023-05-16 09:00:00,1189,33,7.92,8.0,7.84,7.92,32904.0,260599.68,derived_ohlc4
HNX_DXP,DXP,2023-05-17 09:00:00,1190,33,7.84,7.92,7.76,7.84,20830.0,163307.19999999998,derived_ohlc4
HNX_DXP,DXP,2023-05-18 09:00:00,1191,33,7.76,7.84,7.76,7.76,12021.0,93523.37999999999,derived_ohlc4
HNX_DXP,DXP,2023-05-19 09:00:00,1192,33,7.84,7.84,7.68,7.68,42119.0,326843.44,derived_ohlc4
HNX_DXP,DXP,2023-05-22 09:00:00,1193,33,7.68,7.84,7.68,7.84,15479.0,120117.04,derived_ohlc4
HNX_DXP,DXP,2023-05-23 09:00:00,1194,33,7.84,7.92,7.76,7.84,17853.0,139967.52,derived_ohlc4
HNX_DXP,DXP,2023-05-24 09:00:00,1195,33,7.76,8.0,7.76,7.84,45225.0,354564.0,derived_ohlc4
HNX_DXP,DXP,2023-05-25 09:00:00,1196,33,7.92,7.92,7.84,7.84,17400.0,137112.0,derived_ohlc4
HNX_DXP,DXP,2023-05-26 09:00:00,1197,33,7.92,8.56,7.92,8.56,175718.0,1447916.32,derived_ohlc4
HNX_DXP,DXP,2023-05-29 09:00:00,1198,33,8.88,9.36,8.8,9.36,353470.0,3216577.0000000005,derived_ohlc4
HNX_DXP,DXP,2023-05-30 09:00:00,1199,33,9.6,10.24,9.6,10.24,514289.0,5101746.88,derived_ohlc4
HNX_DXP,DXP,2023-05-31 09:00:00,1200,33,10.64,10.8,9.92,10.16,214512.0,2226634.5599999996,derived_ohlc4
HNX_DXP,DXP,2023-06-01 09:00:00,1201,33,10.16,10.32,9.84,10.16,214912.0,2174909.4400000004,derived_ohlc4
HNX_DXP,DXP,2023-06-02 09:00:00,1202,33,10.08,10.16,9.2,9.76,296447.0,2905180.6,derived_ohlc4
HNX_DXP,DXP,2023-06-05 09:00:00,1203,33,9.92,10.72,9.68,10.4,362804.0,3693344.7199999997,derived_ohlc4
HNX_DXP,DXP,2023-06-06 09:00:00,1204,33,10.4,10.4,10.16,10.24,75551.0,778175.3,derived_ohlc4
HNX_DXP,DXP,2023-06-07 09:00:00,1205,33,10.24,10.4,10.0,10.24,208793.0,2133864.46,derived_ohlc4
HNX_DXP,DXP,2023-06-08 09:00:00,1206,33,10.24,10.8,10.24,10.64,302262.0,3167705.7600000002,derived_ohlc4
HNX_DXP,DXP,2023-06-09 09:00:00,1207,33,10.64,10.8,10.48,10.8,147459.0,1574862.1199999999,derived_ohlc4
HNX_DXP,DXP,2023-06-12 09:00:00,1208,33,10.8,10.8,10.48,10.64,92585.0,988807.7999999999,derived_ohlc4
HNX_DXP,DXP,2023-06-13 09:00:00,1209,33,10.56,11.6,10.56,10.8,215263.0,2342061.44,derived_ohlc4
HNX_DXP,DXP,2023-06-14 09:00:00,1210,33,10.8,10.8,10.4,10.4,96022.0,1017833.2,derived_ohlc4
HNX_DXP,DXP,2023-06-15 09:00:00,1211,33,10.4,10.48,9.68,10.16,147792.0,1504522.56,derived_ohlc4
HNX_DXP,DXP,2023-06-16 09:00:00,1212,33,10.0,10.24,10.0,10.0,101852.0,1024631.12,derived_ohlc4
HNX_DXP,DXP,2023-06-19 09:00:00,1213,33,9.92,9.92,9.36,9.44,216439.0,2090800.74,derived_ohlc4
HNX_DXP,DXP,2023-06-20 09:00:00,1214,33,9.44,9.92,9.28,9.92,117000.0,1127880.0,derived_ohlc4
HNX_DXP,DXP,2023-06-21 09:00:00,1215,33,10.0,10.08,9.84,10.0,63850.0,637223.0,derived_ohlc4
HNX_DXP,DXP,2023-06-22 09:00:00,1216,33,10.0,10.16,9.92,9.92,74813.0,748130.0,derived_ohlc4
HNX_DXP,DXP,2023-06-23 09:00:00,1217,33,9.92,10.08,9.84,10.0,100041.0,996408.3600000001,derived_ohlc4
HNX_DXP,DXP,2023-06-26 09:00:00,1218,33,10.0,10.16,9.52,9.6,115869.0,1137833.58,derived_ohlc4
HNX_DXP,DXP,2023-06-27 09:00:00,1219,33,9.6,10.4,9.6,9.84,238052.0,2347192.7199999997,derived_ohlc4
HNX_DXP,DXP,2023-06-28 09:00:00,1220,33,10.0,10.0,9.76,9.84,85084.0,842331.5999999999,derived_ohlc4
HNX_DXP,DXP,2023-06-29 09:00:00,1221,33,9.84,9.84,9.6,9.6,122551.0,1191195.72,derived_ohlc4
HNX_DXP,DXP,2023-06-30 09:00:00,1222,33,9.6,9.92,9.44,9.76,44422.0,430004.95999999996,derived_ohlc4
HNX_DXP,DXP,2023-07-03 09:00:00,1223,33,9.6,10.16,9.6,9.92,78445.0,770329.9,derived_ohlc4
HNX_DXP,DXP,2023-07-04 09:00:00,1224,33,10.0,10.08,9.92,9.92,54628.0,545187.4400000001,derived_ohlc4
HNX_DXP,DXP,2023-07-05 09:00:00,1225,33,10.0,10.0,9.84,10.0,88909.0,885533.6400000001,derived_ohlc4
HNX_DXP,DXP,2023-07-06 09:00:00,1226,33,10.0,10.0,9.76,9.76,38050.0,375933.99999999994,derived_ohlc4
HNX_DXP,DXP,2023-07-07 09:00:00,1227,33,9.68,9.92,9.68,9.84,38562.0,377136.36000000004,derived_ohlc4
HNX_DXP,DXP,2023-07-10 09:00:00,1228,33,9.92,10.24,9.92,10.24,54006.0,544380.48,derived_ohlc4
HNX_DXP,DXP,2023-07-11 09:00:00,1229,33,10.24,10.32,10.0,10.16,104046.0,1059188.28,derived_ohlc4
HNX_DXP,DXP,2023-07-12 09:00:00,1230,33,10.16,10.32,10.08,10.16,50179.0,510822.22,derived_ohlc4
HNX_DXP,DXP,2023-07-13 09:00:00,1231,33,10.32,10.64,10.16,10.32,125539.0,1300584.04,derived_ohlc4
HNX_DXP,DXP,2023-07-14 09:00:00,1232,33,10.32,10.32,10.08,10.08,80691.0,823048.2,derived_ohlc4
HNX_DXP,DXP,2023-07-17 09:00:00,1233,33,10.08,10.16,9.92,10.0,100760.0,1011630.4000000001,derived_ohlc4
HNX_DXP,DXP,2023-07-18 09:00:00,1234,33,9.92,10.08,9.92,10.0,58108.0,579917.84,derived_ohlc4
HNX_DXP,DXP,2023-07-19 09:00:00,1235,33,10.0,10.32,10.0,10.24,52310.0,530423.4,derived_ohlc4
HNX_DXP,DXP,2023-07-20 09:00:00,1236,33,10.0,10.24,9.92,10.16,116462.0,1173936.9600000002,derived_ohlc4
HNX_DXP,DXP,2023-07-21 09:00:00,1237,33,10.16,10.24,10.08,10.24,59922.0,610005.96,derived_ohlc4
HNX_DXP,DXP,2023-07-24 09:00:00,1238,33,10.32,11.2,10.32,11.2,361697.0,3891859.7199999997,derived_ohlc4
HNX_DXP,DXP,2023-07-25 09:00:00,1239,33,11.52,11.68,10.96,11.04,156149.0,1764483.6999999997,derived_ohlc4
HNX_DXP,DXP,2023-07-26 09:00:00,1240,33,11.04,11.28,10.72,11.04,117136.0,1290838.72,derived_ohlc4
HNX_DXP,DXP,2023-07-27 09:00:00,1241,33,11.04,11.04,10.4,10.56,124451.0,1339092.76,derived_ohlc4
HNX_DXP,DXP,2023-07-28 09:00:00,1242,33,10.56,10.8,10.48,10.72,72471.0,771091.4400000001,derived_ohlc4
HNX_DXP,DXP,2023-07-31 09:00:00,1243,33,10.8,10.88,10.64,10.72,61841.0,665409.16,derived_ohlc4
HNX_DXP,DXP,2023-08-01 09:00:00,1244,33,10.72,10.96,10.48,10.48,189710.0,2022308.6,derived_ohlc4
HNX_DXP,DXP,2023-08-02 09:00:00,1245,33,10.48,10.64,10.48,10.56,73432.0,773973.28,derived_ohlc4
HNX_DXP,DXP,2023-08-03 09:00:00,1246,33,10.56,10.64,10.48,10.64,75934.0,803381.7200000001,derived_ohlc4
HNX_DXP,DXP,2023-08-04 09:00:00,1247,33,10.64,10.88,10.56,10.88,44386.0,476705.6400000001,derived_ohlc4
HNX_DXP,DXP,2023-08-07 09:00:00,1248,33,10.96,11.12,10.72,10.96,99563.0,1089219.22,derived_ohlc4
HNX_DXP,DXP,2023-08-08 09:00:00,1249,33,10.96,11.04,10.72,10.88,99350.0,1082915.0,derived_ohlc4
HNX_DXP,DXP,2023-08-09 09:00:00,1250,33,10.72,10.88,10.64,10.8,66238.0,712720.8800000001,derived_ohlc4
HNX_DXP,DXP,2023-08-10 09:00:00,1251,33,10.72,10.88,10.48,10.8,151799.0,1627285.2799999998,derived_ohlc4
HNX_DXP,DXP,2023-08-11 09:00:00,1252,33,10.64,10.72,10.48,10.72,81433.0,866447.12,derived_ohlc4
HNX_DXP,DXP,2023-08-14 09:00:00,1253,33,10.72,10.88,10.64,10.72,93282.0,1001848.68,derived_ohlc4
HNX_DXP,DXP,2023-08-15 09:00:00,1254,33,10.72,11.2,10.56,11.04,170551.0,1855594.8800000001,derived_ohlc4
HNX_DXP,DXP,2023-08-16 09:00:00,1255,33,11.12,11.12,10.88,10.88,91108.0,1002188.0,derived_ohlc4
HNX_DXP,DXP,2023-08-17 09:00:00,1256,33,10.88,10.88,10.64,10.8,88468.0,955454.4,derived_ohlc4
HNX_DXP,DXP,2023-08-18 09:00:00,1257,33,10.8,10.8,9.76,9.76,285200.0,2931856.0,derived_ohlc4
HNX_DXP,DXP,2023-08-21 09:00:00,1258,33,9.76,9.92,9.28,9.6,117608.0,1133741.12,derived_ohlc4
HNX_DXP,DXP,2023-08-22 09:00:00,1259,33,9.6,9.92,9.2,9.92,142823.0,1379670.18,derived_ohlc4
HNX_DXP,DXP,2023-08-23 09:00:00,1260,33,9.84,9.92,9.68,9.92,15429.0,151821.36,derived_ohlc4
HNX_DXP,DXP,2023-08-24 09:00:00,1261,33,9.76,9.84,9.6,9.6,28100.0,272570.00000000006,derived_ohlc4
HNX_DXP,DXP,2023-08-25 09:00:00,1262,33,9.68,10.16,9.68,9.68,113939.0,1116602.2000000002,derived_ohlc4
HNX_DXP,DXP,2023-08-28 09:00:00,1263,33,9.68,10.08,9.68,9.68,59068.0,577685.0399999999,derived_ohlc4
HNX_DXP,DXP,2023-08-29 09:00:00,1264,33,9.76,10.24,9.76,9.92,124001.0,1230089.92,derived_ohlc4
HNX_DXP,DXP,2023-08-30 09:00:00,1265,33,10.08,10.4,10.08,10.24,126506.0,1290361.2000000002,derived_ohlc4
HNX_DXP,DXP,2023-08-31 09:00:00,1266,33,10.24,10.72,10.24,10.4,94250.0,980200.0,derived_ohlc4
HNX_DXP,DXP,2023-09-05 09:00:00,1267,33,10.64,11.2,10.56,10.72,368014.0,3967190.92,derived_ohlc4
HNX_DXP,DXP,2023-09-06 09:00:00,1268,33,10.88,10.88,10.56,10.64,309688.0,3326049.12,derived_ohlc4
HNX_DXP,DXP,2023-09-07 09:00:00,1269,33,10.64,10.8,10.48,10.48,264221.0,2800742.6000000006,derived_ohlc4
HNX_DXP,DXP,2023-09-08 09:00:00,1270,33,10.48,11.52,10.4,11.28,383320.0,4185854.4,derived_ohlc4
HNX_DXP,DXP,2023-09-11 09:00:00,1271,33,11.28,11.52,10.8,10.96,139724.0,1556525.3599999999,derived_ohlc4
HNX_DXP,DXP,2023-09-12 09:00:00,1272,33,10.72,11.04,10.64,10.96,131421.0,1424603.64,derived_ohlc4
HNX_DXP,DXP,2023-09-13 09:00:00,1273,33,10.96,11.12,10.88,10.96,294205.0,3230370.9,derived_ohlc4
HNX_DXP,DXP,2023-09-14 09:00:00,1274,33,10.96,10.96,10.8,10.8,105927.0,1152485.76,derived_ohlc4
HNX_DXP,DXP,2023-09-15 09:00:00,1275,33,10.96,10.96,10.72,10.8,101721.0,1104690.06,derived_ohlc4
HNX_DXP,DXP,2023-09-18 09:00:00,1276,33,10.8,10.8,10.56,10.56,137400.0,1467432.0000000002,derived_ohlc4
HNX_DXP,DXP,2023-09-19 09:00:00,1277,33,10.89,10.89,10.47,10.56,82710.0,885203.775,derived_ohlc4
HNX_DXP,DXP,2023-09-20 09:00:00,1278,33,10.56,10.89,10.56,10.89,72674.0,779428.6500000001,derived_ohlc4
HNX_DXP,DXP,2023-09-21 09:00:00,1279,33,10.89,11.06,10.89,10.97,70880.0,776313.2000000001,derived_ohlc4
HNX_DXP,DXP,2023-09-22 09:00:00,1280,33,10.89,10.97,10.56,10.64,115444.0,1242754.6600000001,derived_ohlc4
HNX_DXP,DXP,2023-09-25 09:00:00,1281,33,10.72,11.64,10.72,11.55,751038.0,8379706.484999999,derived_ohlc4
HNX_DXP,DXP,2023-09-26 09:00:00,1282,33,11.55,11.55,11.14,11.31,176913.0,2014596.7875,derived_ohlc4
HNX_DXP,DXP,2023-09-27 09:00:00,1283,33,11.31,11.31,10.22,10.47,524249.0,5676306.0475,derived_ohlc4
HNX_DXP,DXP,2023-09-28 09:00:00,1284,33,10.72,11.47,10.56,11.06,162755.0,1782574.1375000002,derived_ohlc4
HNX_DXP,DXP,2023-09-29 09:00:00,1285,33,11.22,11.22,10.56,10.72,163730.0,1789568.9,derived_ohlc4
HNX_DXP,DXP,2023-10-02 09:00:00,1286,33,10.81,11.14,10.72,10.81,155565.0,1690991.55,derived_ohlc4
HNX_DXP,DXP,2023-10-03 09:00:00,1287,33,11.08,11.54,10.81,11.26,330614.0,3693784.915,derived_ohlc4
HNX_DXP,DXP,2023-10-04 09:00:00,1288,33,11.26,12.36,11.17,12.36,798802.0,9415878.575,derived_ohlc4
HNX_DXP,DXP,2023-10-05 09:00:00,1289,33,12.82,13.55,12.82,13.55,673459.0,8879556.915,derived_ohlc4
HNX_DXP,DXP,2023-10-06 09:00:00,1290,33,13.46,13.55,12.46,13.19,398579.0,5247292.534999999,derived_ohlc4
HNX_DXP,DXP,2023-10-09 09:00:00,1291,33,13.1,13.28,12.0,12.27,512364.0,6487809.1499999985,derived_ohlc4
HNX_DXP,DXP,2023-10-10 09:00:00,1292,33,12.46,13.1,12.46,12.55,307132.0,3882916.3100000005,derived_ohlc4
HNX_DXP,DXP,2023-10-11 09:00:00,1293,33,12.55,12.73,12.18,12.46,440091.0,5492335.680000001,derived_ohlc4
HNX_DXP,DXP,2023-10-12 09:00:00,1294,33,12.46,13.19,12.36,12.91,182517.0,2323441.41,derived_ohlc4
HNX_DXP,DXP,2023-10-13 09:00:00,1295,33,12.91,12.91,12.46,12.55,278656.0,3541021.12,derived_ohlc4
HNX_DXP,DXP,2023-10-16 09:00:00,1296,33,12.55,12.82,12.27,12.55,190812.0,2394213.57,derived_ohlc4
HNX_DXP,DXP,2023-10-17 09:00:00,1297,33,12.64,13.28,12.09,12.09,968562.0,12131239.050000003,derived_ohlc4
HNX_DXP,DXP,2023-10-18 09:00:00,1298,33,12.09,12.82,12.0,12.46,767156.0,9468622.93,derived_ohlc4
HNX_DXP,DXP,2023-10-19 09:00:00,1299,33,12.46,12.55,12.0,12.0,434319.0,5321493.5475,derived_ohlc4
HNX_DXP,DXP,2023-10-20 09:00:00,1300,33,12.0,12.18,10.99,11.91,421211.0,4957653.47,derived_ohlc4
HNX_DXP,DXP,2023-10-23 09:00:00,1301,33,11.72,11.91,11.26,11.26,357978.0,4130171.175,derived_ohlc4
HNX_DXP,DXP,2023-10-24 09:00:00,1302,33,11.17,11.45,10.9,11.36,415498.0,4661887.56,derived_ohlc4
HNX_DXP,DXP,2023-10-25 09:00:00,1303,33,11.45,11.72,11.08,11.54,389817.0,4462430.1075,derived_ohlc4
HNX_DXP,DXP,2023-10-26 09:00:00,1304,33,11.54,11.54,10.44,10.72,404931.0,4478536.859999999,derived_ohlc4
HNX_DXP,DXP,2023-10-27 09:00:00,1305,33,10.62,11.26,10.17,10.99,351111.0,3777954.36,derived_ohlc4
HNX_DXP,DXP,2023-10-30 09:00:00,1306,33,10.72,10.99,10.62,10.62,426179.0,4576097.012499999,derived_ohlc4
HNX_DXP,DXP,2023-10-31 09:00:00,1307,33,10.53,10.72,10.26,10.53,179196.0,1883349.96,derived_ohlc4
HNX_DXP,DXP,2023-11-01 09:00:00,1308,33,10.53,10.53,10.17,10.53,199364.0,2081360.16,derived_ohlc4
HNX_DXP,DXP,2023-11-02 09:00:00,1309,33,10.53,11.17,10.53,11.17,308424.0,3346400.4,derived_ohlc4
HNX_DXP,DXP,2023-11-03 09:00:00,1310,33,11.17,11.26,10.81,11.26,514503.0,5723845.875,derived_ohlc4
HNX_DXP,DXP,2023-11-06 09:00:00,1311,33,11.26,11.26,10.99,11.26,614995.0,6883331.5375,derived_ohlc4
HNX_DXP,DXP,2023-11-07 09:00:00,1312,33,11.17,11.26,10.99,11.17,467125.0,5207275.9375,derived_ohlc4
HNX_DXP,DXP,2023-11-08 09:00:00,1313,33,11.17,11.45,10.9,11.45,638051.0,7173288.3675,derived_ohlc4
HNX_DXP,DXP,2023-11-09 09:00:00,1314,33,11.45,11.81,11.45,11.54,840743.0,9721090.937499998,derived_ohlc4
HNX_DXP,DXP,2023-11-10 09:00:00,1315,33,11.45,11.63,11.17,11.45,842782.0,9628784.350000001,derived_ohlc4
HNX_DXP,DXP,2023-11-13 09:00:00,1316,33,11.26,11.63,11.26,11.26,375738.0,4265565.645,derived_ohlc4
HNX_DXP,DXP,2023-11-14 09:00:00,1317,33,11.36,12.09,11.36,12.09,904165.0,10601334.625000002,derived_ohlc4
HNX_DXP,DXP,2023-11-15 09:00:00,1318,33,12.09,12.36,12.0,12.18,508382.0,6180654.165,derived_ohlc4
HNX_DXP,DXP,2023-11-16 09:00:00,1319,33,12.18,12.18,11.81,11.81,410377.0,4922472.115,derived_ohlc4
HNX_DXP,DXP,2023-11-17 09:00:00,1320,33,11.91,12.18,11.54,11.91,780814.0,9279974.389999999,derived_ohlc4
HNX_DXP,DXP,2023-11-20 09:00:00,1321,33,11.91,11.91,11.54,11.81,303403.0,3577879.8775,derived_ohlc4
HNX_DXP,DXP,2023-11-21 09:00:00,1322,33,11.91,12.18,11.72,12.0,382691.0,4574114.1775,derived_ohlc4
HNX_DXP,DXP,2023-11-22 09:00:00,1323,33,12.0,12.18,11.72,12.0,349635.0,4186879.125,derived_ohlc4
HNX_DXP,DXP,2023-11-23 09:00:00,1324,33,12.0,12.0,11.54,11.54,405331.0,4770745.87,derived_ohlc4
HNX_DXP,DXP,2023-11-24 09:00:00,1325,33,11.72,11.72,10.9,11.26,470360.0,5362104.0,derived_ohlc4
HNX_DXP,DXP,2023-11-27 09:00:00,1326,33,11.08,11.45,10.99,11.17,311188.0,3476747.93,derived_ohlc4
HNX_DXP,DXP,2023-11-28 09:00:00,1327,33,11.08,11.26,10.9,11.17,289439.0,3213496.4975,derived_ohlc4
HNX_DXP,DXP,2023-11-29 09:00:00,1328,33,11.17,11.45,11.17,11.26,285596.0,3216524.9499999997,derived_ohlc4
HNX_DXP,DXP,2023-11-30 09:00:00,1329,33,11.36,11.45,11.17,11.45,206943.0,2350355.1224999996,derived_ohlc4
HNX_DXP,DXP,2023-12-01 09:00:00,1330,33,11.45,11.54,11.26,11.45,253380.0,2894866.5,derived_ohlc4
HNX_DXP,DXP,2023-12-04 09:00:00,1331,33,11.45,11.91,11.45,11.72,400996.0,4664585.97,derived_ohlc4
HNX_DXP,DXP,2023-12-05 09:00:00,1332,33,11.72,12.0,11.54,11.81,499944.0,5883091.0200000005,derived_ohlc4
HNX_DXP,DXP,2023-12-06 09:00:00,1333,33,11.63,12.27,11.54,12.27,892771.0,10648526.1025,derived_ohlc4
HNX_DXP,DXP,2023-12-07 09:00:00,1334,33,12.36,12.36,11.72,12.0,438450.0,5309629.5,derived_ohlc4
HNX_DXP,DXP,2023-12-08 09:00:00,1335,33,10.81,12.18,10.81,11.72,328037.0,3733061.06,derived_ohlc4
HNX_DXP,DXP,2023-12-11 09:00:00,1336,33,11.72,11.81,11.54,11.54,264677.0,3084148.7425,derived_ohlc4
HNX_DXP,DXP,2023-12-12 09:00:00,1337,33,11.54,11.72,11.54,11.72,322882.0,3755117.6599999997,derived_ohlc4
HNX_DXP,DXP,2023-12-13 09:00:00,1338,33,11.72,11.91,11.26,11.36,290344.0,3357102.5,derived_ohlc4
HNX_DXP,DXP,2023-12-14 09:00:00,1339,33,11.36,11.63,11.26,11.36,402654.0,4591262.235,derived_ohlc4
HNX_DXP,DXP,2023-12-15 09:00:00,1340,33,11.36,11.54,11.26,11.54,285452.0,3261289.0999999996,derived_ohlc4
HNX_DXP,DXP,2023-12-18 09:00:00,1341,33,11.36,11.54,11.36,11.36,229677.0,2619466.185,derived_ohlc4
HNX_DXP,DXP,2023-12-19 09:00:00,1342,33,11.36,11.36,10.99,11.26,291008.0,3271657.44,derived_ohlc4
HNX_DXP,DXP,2023-12-20 09:00:00,1343,33,11.26,11.54,11.26,11.54,208055.0,2371826.9999999995,derived_ohlc4
HNX_DXP,DXP,2023-12-21 09:00:00,1344,33,11.36,11.54,11.36,11.54,228996.0,2622004.1999999997,derived_ohlc4
HNX_DXP,DXP,2023-12-22 09:00:00,1345,33,11.36,11.54,11.36,11.54,246666.0,2824325.6999999997,derived_ohlc4
HNX_DXP,DXP,2023-12-25 09:00:00,1346,33,11.54,11.81,11.36,11.81,660180.0,7677893.4,derived_ohlc4
HNX_DXP,DXP,2023-12-26 09:00:00,1347,33,11.72,12.09,11.63,11.72,224771.0,2650050.0900000003,derived_ohlc4
HNX_DXP,DXP,2023-12-27 09:00:00,1348,33,11.72,11.72,11.54,11.54,254921.0,2964731.23,derived_ohlc4
HNX_DXP,DXP,2023-12-28 09:00:00,1349,33,11.45,11.54,11.45,11.45,240470.0,2758792.075,derived_ohlc4
HNX_DXP,DXP,2023-12-29 09:00:00,1350,33,11.45,11.72,11.36,11.72,293524.0,3393871.25,derived_ohlc4
HNX_DXP,DXP,2024-01-02 09:00:00,1351,33,11.81,11.81,11.45,11.72,218496.0,2555856.96,derived_ohlc4
HNX_DXP,DXP,2024-01-03 09:00:00,1352,33,11.54,11.63,11.45,11.63,261035.0,3018217.1875000005,derived_ohlc4
HNX_DXP,DXP,2024-01-04 09:00:00,1353,33,11.63,11.72,11.45,11.45,243472.0,2815145.0,derived_ohlc4
HNX_DXP,DXP,2024-01-05 09:00:00,1354,33,11.54,11.54,11.36,11.45,183959.0,2110469.6275,derived_ohlc4
HNX_DXP,DXP,2024-01-08 09:00:00,1355,33,11.36,11.54,11.36,11.45,265209.0,3030675.8474999997,derived_ohlc4
HNX_DXP,DXP,2024-01-09 09:00:00,1356,33,11.45,11.54,11.26,11.26,311100.0,3539540.25,derived_ohlc4
HNX_DXP,DXP,2024-01-10 09:00:00,1357,33,11.26,11.72,11.26,11.36,531824.0,6062793.600000001,derived_ohlc4
HNX_DXP,DXP,2024-01-11 09:00:00,1358,33,11.36,11.54,11.36,11.45,412550.0,4714415.124999999,derived_ohlc4
HNX_DXP,DXP,2024-01-12 09:00:00,1359,33,11.36,11.45,11.17,11.36,381192.0,4320811.319999999,derived_ohlc4
HNX_DXP,DXP,2024-01-15 09:00:00,1360,33,11.36,11.36,11.26,11.26,571015.0,6458179.649999999,derived_ohlc4
HNX_DXP,DXP,2024-01-16 09:00:00,1361,33,11.17,11.36,10.99,11.36,559989.0,6283076.58,derived_ohlc4
HNX_DXP,DXP,2024-01-17 09:00:00,1362,33,11.36,11.54,11.26,11.26,676061.0,7676672.654999999,derived_ohlc4
HNX_DXP,DXP,2024-01-18 09:00:00,1363,33,11.36,11.54,11.17,11.17,350048.0,3959042.8800000004,derived_ohlc4
HNX_DXP,DXP,2024-01-19 09:00:00,1364,33,11.17,11.26,11.08,11.17,749557.0,8372551.69,derived_ohlc4
HNX_DXP,DXP,2024-01-22 09:00:00,1365,33,11.26,11.45,11.17,11.26,335052.0,3781061.82,derived_ohlc4
HNX_DXP,DXP,2024-01-23 09:00:00,1366,33,11.36,11.91,11.26,11.81,1662695.0,19262321.575000003,derived_ohlc4
HNX_DXP,DXP,2024-01-24 09:00:00,1367,33,11.91,11.91,11.45,11.45,474829.0,5546002.72,derived_ohlc4
HNX_DXP,DXP,2024-01-25 09:00:00,1368,33,11.45,11.81,11.45,11.72,404733.0,4697938.297499999,derived_ohlc4
HNX_DXP,DXP,2024-01-26 09:00:00,1369,33,11.72,12.09,11.63,12.0,615851.0,7303992.86,derived_ohlc4
HNX_DXP,DXP,2024-01-29 09:00:00,1370,33,12.09,12.27,11.91,11.91,432528.0,5209799.759999999,derived_ohlc4
HNX_DXP,DXP,2024-01-30 09:00:00,1371,33,12.0,12.18,11.81,12.0,471250.0,5653821.875,derived_ohlc4
HNX_DXP,DXP,2024-01-31 09:00:00,1372,33,12.0,12.18,11.63,11.63,352256.0,4177756.1600000006,derived_ohlc4
HNX_DXP,DXP,2024-02-01 09:00:00,1373,33,11.72,12.09,11.63,12.09,835500.0,9927828.75,derived_ohlc4
HNX_DXP,DXP,2024-02-02 09:00:00,1374,33,12.18,13.28,12.18,13.1,1781995.0,22604606.575,derived_ohlc4
HNX_DXP,DXP,2024-02-05 09:00:00,1375,33,13.1,13.55,13.0,13.1,726546.0,9581325.375,derived_ohlc4
HNX_DXP,DXP,2024-02-06 09:00:00,1376,33,13.1,14.01,12.82,14.01,1006449.0,13571964.764999999,derived_ohlc4
HNX_DXP,DXP,2024-02-07 09:00:00,1377,33,14.1,14.2,13.65,13.74,572371.0,7968835.2475,derived_ohlc4
HNX_DXP,DXP,2024-02-15 09:00:00,1378,33,13.74,13.92,13.19,13.28,697401.0,9437579.0325,derived_ohlc4
HNX_DXP,DXP,2024-02-16 09:00:00,1379,33,13.37,13.74,13.28,13.46,1017075.0,13692372.1875,derived_ohlc4
HNX_DXP,DXP,2024-02-19 09:00:00,1380,33,13.37,13.65,13.28,13.55,426240.0,5738255.999999999,derived_ohlc4
HNX_DXP,DXP,2024-02-20 09:00:00,1381,33,13.65,13.65,13.19,13.37,803994.0,10825779.209999999,derived_ohlc4
HNX_DXP,DXP,2024-02-21 09:00:00,1382,33,13.37,13.65,13.28,13.46,647208.0,8698475.52,derived_ohlc4
HNX_DXP,DXP,2024-02-22 09:00:00,1383,33,13.55,14.01,13.46,13.65,718666.0,9822367.555,derived_ohlc4
HNX_DXP,DXP,2024-02-23 09:00:00,1384,33,13.74,13.83,12.82,12.82,978812.0,13020646.63,derived_ohlc4
HNX_DXP,DXP,2024-02-26 09:00:00,1385,33,13.0,13.28,12.64,13.1,714673.0,9294322.365,derived_ohlc4
HNX_DXP,DXP,2024-02-27 09:00:00,1386,33,13.1,13.19,12.91,13.19,409613.0,5364906.2675,derived_ohlc4
HNX_DXP,DXP,2024-02-28 09:00:00,1387,33,13.19,13.37,13.0,13.1,644002.0,8478286.33,derived_ohlc4
HNX_DXP,DXP,2024-02-29 09:00:00,1388,33,13.28,13.28,12.55,12.82,679673.0,8823854.7225,derived_ohlc4
HNX_DXP,DXP,2024-03-01 09:00:00,1389,33,12.82,13.0,12.55,12.91,478996.0,6140728.72,derived_ohlc4
HNX_DXP,DXP,2024-03-04 09:00:00,1390,33,12.91,13.1,12.73,12.82,570419.0,7352700.909999999,derived_ohlc4
HNX_DXP,DXP,2024-03-05 09:00:00,1391,33,12.82,13.28,12.73,13.28,1062552.0,13842396.18,derived_ohlc4
HNX_DXP,DXP,2024-03-06 09:00:00,1392,33,13.28,13.28,12.82,13.0,646001.0,8459383.094999999,derived_ohlc4
HNX_DXP,DXP,2024-03-07 09:00:00,1393,33,12.91,13.55,12.91,13.46,974789.0,12874525.717500001,derived_ohlc4
HNX_DXP,DXP,2024-03-08 09:00:00,1394,33,13.55,13.65,13.0,13.65,736748.0,9918469.950000001,derived_ohlc4
HNX_DXP,DXP,2024-03-11 09:00:00,1395,33,13.65,13.65,13.0,13.0,429812.0,5727244.899999999,derived_ohlc4
HNX_DXP,DXP,2024-03-12 09:00:00,1396,33,13.0,13.19,12.82,12.82,714916.0,9263524.07,derived_ohlc4
HNX_DXP,DXP,2024-03-13 09:00:00,1397,33,12.91,13.1,12.91,13.1,409848.0,5330073.24,derived_ohlc4
HNX_DXP,DXP,2024-03-14 09:00:00,1398,33,13.1,13.65,12.91,13.19,847620.0,11199179.249999998,derived_ohlc4
HNX_DXP,DXP,2024-03-15 09:00:00,1399,33,13.19,13.28,13.0,13.19,389241.0,5124357.765,derived_ohlc4
HNX_DXP,DXP,2024-03-18 09:00:00,1400,33,13.19,13.28,12.27,12.46,797578.0,10208998.399999999,derived_ohlc4
HNX_DXP,DXP,2024-03-19 09:00:00,1401,33,12.64,12.64,12.36,12.55,357908.0,4490850.63,derived_ohlc4
HNX_DXP,DXP,2024-03-20 09:00:00,1402,33,12.55,12.64,12.36,12.55,387674.0,4855616.85,derived_ohlc4
HNX_DXP,DXP,2024-03-21 09:00:00,1403,33,12.64,13.0,12.64,12.91,593727.0,7598221.2825,derived_ohlc4
HNX_DXP,DXP,2024-03-22 09:00:00,1404,33,12.91,12.91,12.64,12.73,352002.0,4504745.595,derived_ohlc4
HNX_DXP,DXP,2024-03-25 09:00:00,1405,33,12.73,12.82,12.46,12.55,206808.0,2614053.12,derived_ohlc4
HNX_DXP,DXP,2024-03-26 09:00:00,1406,33,12.55,12.55,12.36,12.55,341985.0,4275667.4625,derived_ohlc4
HNX_DXP,DXP,2024-03-27 09:00:00,1407,33,12.55,13.28,12.55,13.28,927561.0,11979450.315,derived_ohlc4
HNX_DXP,DXP,2024-03-28 09:00:00,1408,33,13.37,13.46,13.0,13.1,354333.0,4688711.4225,derived_ohlc4
HNX_DXP,DXP,2024-03-29 09:00:00,1409,33,13.1,13.28,12.91,13.1,374407.0,4903795.6825,derived_ohlc4
HNX_DXP,DXP,2024-04-01 09:00:00,1410,33,13.0,13.1,12.82,12.82,260289.0,3366838.2150000003,derived_ohlc4
HNX_DXP,DXP,2024-04-02 09:00:00,1411,33,12.82,13.19,12.73,13.19,352912.0,4581680.039999999,derived_ohlc4
HNX_DXP,DXP,2024-04-03 09:00:00,1412,33,13.19,13.74,13.0,13.0,918427.0,12153085.2775,derived_ohlc4
HNX_DXP,DXP,2024-04-04 09:00:00,1413,33,13.1,13.1,12.73,12.82,380283.0,4919911.3125,derived_ohlc4
HNX_DXP,DXP,2024-04-05 09:00:00,1414,33,12.82,13.28,12.55,12.73,717695.0,9218792.275000002,derived_ohlc4
HNX_DXP,DXP,2024-04-08 09:00:00,1415,33,12.73,12.91,12.55,12.55,246632.0,3128526.9199999995,derived_ohlc4
HNX_DXP,DXP,2024-04-09 09:00:00,1416,33,12.64,12.82,12.64,12.82,222750.0,2835607.5,derived_ohlc4
HNX_DXP,DXP,2024-04-10 09:00:00,1417,33,12.82,12.82,12.64,12.64,316197.0,4025187.81,derived_ohlc4
HNX_DXP,DXP,2024-04-11 09:00:00,1418,33,12.55,12.82,12.36,12.82,283933.0,3588203.2875,derived_ohlc4
HNX_DXP,DXP,2024-04-12 09:00:00,1419,33,12.82,12.91,12.73,12.91,108643.0,1395247.7275,derived_ohlc4
HNX_DXP,DXP,2024-04-15 09:00:00,1420,33,12.91,12.91,11.63,11.63,650588.0,7982714.760000001,derived_ohlc4
HNX_DXP,DXP,2024-04-16 09:00:00,1421,33,11.63,12.0,11.54,11.72,454765.0,5330982.7125,derived_ohlc4
HNX_DXP,DXP,2024-04-17 09:00:00,1422,33,11.81,12.0,11.72,11.72,300844.0,3553719.75,derived_ohlc4
HNX_DXP,DXP,2024-04-19 09:00:00,1423,33,11.72,11.91,11.54,11.63,252282.0,2951699.4000000004,derived_ohlc4
HNX_DXP,DXP,2024-04-22 09:00:00,1424,33,11.63,11.72,11.45,11.63,275494.0,3197796.605,derived_ohlc4
HNX_DXP,DXP,2024-04-23 09:00:00,1425,33,11.63,11.63,11.08,11.17,308208.0,3506636.5200000005,derived_ohlc4
HNX_DXP,DXP,2024-04-24 09:00:00,1426,33,11.17,11.45,11.17,11.36,217409.0,2454004.0875,derived_ohlc4
HNX_DXP,DXP,2024-04-25 09:00:00,1427,33,11.45,11.45,11.26,11.36,193146.0,2198001.48,derived_ohlc4
HNX_DXP,DXP,2024-04-26 09:00:00,1428,33,11.36,11.45,11.17,11.26,278184.0,3146261.0399999996,derived_ohlc4
HNX_DXP,DXP,2024-05-02 09:00:00,1429,33,11.17,11.26,10.99,11.17,128401.0,1431350.1475000002,derived_ohlc4
HNX_DXP,DXP,2024-05-03 09:00:00,1430,33,11.17,11.26,11.08,11.26,183937.0,2058714.8724999998,derived_ohlc4
HNX_DXP,DXP,2024-05-06 09:00:00,1431,33,11.36,11.45,11.26,11.45,245701.0,2796077.38,derived_ohlc4
HNX_DXP,DXP,2024-05-07 09:00:00,1432,33,11.45,11.54,11.45,11.54,136480.0,1568837.5999999999,derived_ohlc4
HNX_DXP,DXP,2024-05-08 09:00:00,1433,33,11.54,11.72,11.36,11.72,209620.0,2428447.6999999997,derived_ohlc4
HNX_DXP,DXP,2024-05-09 09:00:00,1434,33,11.72,11.91,11.54,11.63,224284.0,2624122.8000000003,derived_ohlc4
HNX_DXP,DXP,2024-05-10 09:00:00,1435,33,11.81,11.81,11.54,11.72,113819.0,1333958.68,derived_ohlc4
HNX_DXP,DXP,2024-05-13 09:00:00,1436,33,11.72,11.72,11.45,11.54,137606.0,1597261.645,derived_ohlc4
HNX_DXP,DXP,2024-05-14 09:00:00,1437,33,11.54,11.63,11.45,11.54,87900.0,1014366.0000000001,derived_ohlc4
HNX_DXP,DXP,2024-05-15 09:00:00,1438,33,11.54,11.91,11.54,11.72,168493.0,1967577.0074999998,derived_ohlc4
HNX_DXP,DXP,2024-05-16 09:00:00,1439,33,11.81,11.91,11.72,11.81,165871.0,1959351.1875,derived_ohlc4
HNX_DXP,DXP,2024-05-17 09:00:00,1440,33,11.72,11.81,11.63,11.72,220451.0,2583685.72,derived_ohlc4
HNX_DXP,DXP,2024-05-20 09:00:00,1441,33,11.81,12.18,11.81,12.18,556605.0,6676476.975000001,derived_ohlc4
HNX_DXP,DXP,2024-05-21 09:00:00,1442,33,12.18,12.73,12.09,12.64,790283.0,9807412.03,derived_ohlc4
HNX_DXP,DXP,2024-05-22 09:00:00,1443,33,12.73,13.0,12.64,12.73,964678.0,12323761.450000003,derived_ohlc4
HNX_DXP,DXP,2024-05-23 09:00:00,1444,33,12.73,12.82,12.46,12.64,385045.0,4875632.312500001,derived_ohlc4
HNX_DXP,DXP,2024-05-24 09:00:00,1445,33,12.64,12.73,12.0,12.18,691816.0,8569870.700000001,derived_ohlc4
HNX_DXP,DXP,2024-05-27 09:00:00,1446,33,12.27,12.46,12.18,12.46,241841.0,2984922.5425,derived_ohlc4
HNX_DXP,DXP,2024-05-28 09:00:00,1447,33,12.46,12.73,12.36,12.46,438427.0,5481433.5675,derived_ohlc4
HNX_DXP,DXP,2024-05-29 09:00:00,1448,33,12.55,12.73,12.46,12.46,397513.0,4988788.15,derived_ohlc4
HNX_DXP,DXP,2024-05-30 09:00:00,1449,33,12.46,12.46,12.18,12.36,359501.0,4445229.865,derived_ohlc4
HNX_DXP,DXP,2024-05-31 09:00:00,1450,33,12.36,12.55,12.36,12.46,274638.0,3414436.9349999996,derived_ohlc4
HNX_DXP,DXP,2024-06-03 09:00:00,1451,33,12.55,12.64,12.46,12.55,295012.0,3702400.6,derived_ohlc4
HNX_DXP,DXP,2024-06-04 09:00:00,1452,33,12.64,12.64,12.36,12.46,295108.0,3696227.7,derived_ohlc4
HNX_DXP,DXP,2024-06-05 09:00:00,1453,33,12.46,12.46,12.18,12.18,524369.0,6460226.08,derived_ohlc4
HNX_DXP,DXP,2024-06-06 09:00:00,1454,33,12.36,12.36,12.09,12.18,315980.0,3869965.0500000003,derived_ohlc4
HNX_DXP,DXP,2024-06-07 09:00:00,1455,33,12.27,13.0,12.09,12.73,1059434.0,13266762.265,derived_ohlc4
HNX_DXP,DXP,2024-06-10 09:00:00,1456,33,12.82,13.92,12.82,13.92,2598356.0,34740019.720000006,derived_ohlc4
HNX_DXP,DXP,2024-06-11 09:00:00,1457,33,14.38,14.56,13.65,14.01,1389210.0,19657321.5,derived_ohlc4
HNX_DXP,DXP,2024-06-12 09:00:00,1458,33,14.01,14.1,13.46,13.74,842052.0,11643474.030000001,derived_ohlc4
HNX_DXP,DXP,2024-06-13 09:00:00,1459,33,13.74,14.2,13.46,14.01,1216672.0,16853948.88,derived_ohlc4
HNX_DXP,DXP,2024-06-14 09:00:00,1460,33,14.1,14.1,13.19,13.19,1064018.0,14518525.61,derived_ohlc4
HNX_DXP,DXP,2024-06-17 09:00:00,1461,33,12.82,13.65,12.82,13.37,594790.0,7830410.35,derived_ohlc4
HNX_DXP,DXP,2024-06-18 09:00:00,1462,33,13.46,13.65,13.1,13.1,399512.0,5324496.180000001,derived_ohlc4
HNX_DXP,DXP,2024-06-19 09:00:00,1463,33,11.81,13.28,11.81,13.0,588267.0,7338630.825,derived_ohlc4
HNX_DXP,DXP,2024-06-20 09:00:00,1464,33,13.1,13.28,12.64,12.91,521238.0,6766972.334999999,derived_ohlc4
HNX_DXP,DXP,2024-06-21 09:00:00,1465,33,12.91,13.37,12.82,13.19,559605.0,7315436.3625,derived_ohlc4
HNX_DXP,DXP,2024-06-24 09:00:00,1466,33,13.19,13.46,12.55,12.64,823674.0,10674815.040000001,derived_ohlc4
HNX_DXP,DXP,2024-06-25 09:00:00,1467,33,12.73,13.28,12.55,12.91,450371.0,5795148.8425,derived_ohlc4
HNX_DXP,DXP,2024-06-26 09:00:00,1468,33,13.2,13.2,12.72,12.82,231206.0,3002209.9099999997,derived_ohlc4
HNX_DXP,DXP,2024-06-27 09:00:00,1469,33,12.82,12.82,12.53,12.63,286554.0,3639235.8000000003,derived_ohlc4
HNX_DXP,DXP,2024-06-28 09:00:00,1470,33,12.72,12.91,12.25,12.25,343127.0,4300239.1275,derived_ohlc4
HNX_DXP,DXP,2024-07-01 09:00:00,1471,33,12.25,12.53,12.06,12.34,194052.0,2385869.3400000003,derived_ohlc4
HNX_DXP,DXP,2024-07-02 09:00:00,1472,33,12.34,12.44,12.25,12.34,266559.0,3290004.4575000005,derived_ohlc4
HNX_DXP,DXP,2024-07-03 09:00:00,1473,33,12.34,12.63,12.34,12.44,223946.0,2785328.375,derived_ohlc4
HNX_DXP,DXP,2024-07-04 09:00:00,1474,33,12.53,12.53,12.25,12.34,323621.0,4016945.6625000006,derived_ohlc4
HNX_DXP,DXP,2024-07-05 09:00:00,1475,33,12.34,12.82,12.34,12.53,482460.0,6034368.45,derived_ohlc4
HNX_DXP,DXP,2024-07-08 09:00:00,1476,33,12.63,12.72,12.53,12.63,305120.0,3852902.8000000003,derived_ohlc4
HNX_DXP,DXP,2024-07-09 09:00:00,1477,33,12.72,12.72,12.53,12.53,409495.0,5169874.375,derived_ohlc4
HNX_DXP,DXP,2024-07-10 09:00:00,1478,33,12.63,12.72,12.44,12.44,491818.0,6176004.534999999,derived_ohlc4
HNX_DXP,DXP,2024-07-11 09:00:00,1479,33,12.44,12.72,12.25,12.34,298009.0,3706486.9375,derived_ohlc4
HNX_DXP,DXP,2024-07-12 09:00:00,1480,33,12.34,12.44,12.25,12.34,221411.0,2732765.2675,derived_ohlc4
HNX_DXP,DXP,2024-07-15 09:00:00,1481,33,12.34,12.44,12.25,12.25,139725.0,1721412.0,derived_ohlc4
HNX_DXP,DXP,2024-07-16 09:00:00,1482,33,12.34,12.53,12.25,12.34,424742.0,5251934.829999999,derived_ohlc4
HNX_DXP,DXP,2024-07-17 09:00:00,1483,33,12.34,12.53,11.68,11.87,461696.0,5588830.079999999,derived_ohlc4
HNX_DXP,DXP,2024-07-18 09:00:00,1484,33,11.96,11.96,11.68,11.96,399278.0,4747415.42,derived_ohlc4
HNX_DXP,DXP,2024-07-19 09:00:00,1485,33,11.96,12.06,11.68,11.68,258246.0,3058923.87,derived_ohlc4
HNX_DXP,DXP,2024-07-22 09:00:00,1486,33,11.68,11.87,11.2,11.49,282427.0,3264856.12,derived_ohlc4
HNX_DXP,DXP,2024-07-23 09:00:00,1487,33,11.49,11.58,11.01,11.2,234300.0,2652276.0,derived_ohlc4
HNX_DXP,DXP,2024-07-24 09:00:00,1488,33,11.2,11.39,10.92,11.39,188220.0,2112769.5,derived_ohlc4
HNX_DXP,DXP,2024-07-25 09:00:00,1489,33,11.39,11.39,11.2,11.3,74101.0,838823.3200000001,derived_ohlc4
HNX_DXP,DXP,2024-07-26 09:00:00,1490,33,11.39,11.49,11.3,11.39,76401.0,870398.3925000002,derived_ohlc4
HNX_DXP,DXP,2024-07-29 09:00:00,1491,33,11.49,11.68,11.49,11.58,65945.0,762324.2000000001,derived_ohlc4
HNX_DXP,DXP,2024-07-30 09:00:00,1492,33,11.58,11.77,11.49,11.68,324122.0,3769538.8600000003,derived_ohlc4
HNX_DXP,DXP,2024-07-31 09:00:00,1493,33,11.68,11.87,11.68,11.77,254572.0,2991221.0,derived_ohlc4
HNX_DXP,DXP,2024-08-01 09:00:00,1494,33,11.87,11.87,11.2,11.39,264150.0,3059517.375,derived_ohlc4
HNX_DXP,DXP,2024-08-02 09:00:00,1495,33,11.39,11.58,11.11,11.58,133500.0,1523902.5,derived_ohlc4
HNX_DXP,DXP,2024-08-05 09:00:00,1496,33,11.58,11.58,10.44,10.54,398699.0,4399643.465,derived_ohlc4
HNX_DXP,DXP,2024-08-06 09:00:00,1497,33,10.63,10.82,10.06,10.82,100400.0,1062483.0000000002,derived_ohlc4
HNX_DXP,DXP,2024-08-07 09:00:00,1498,33,10.82,10.82,10.35,10.54,216694.0,2303998.955,derived_ohlc4
HNX_DXP,DXP,2024-08-08 09:00:00,1499,33,10.54,10.63,10.44,10.63,61025.0,644424.0,derived_ohlc4
HNX_DXP,DXP,2024-08-09 09:00:00,1500,33,10.63,10.82,10.63,10.63,74918.0,799936.9450000002,derived_ohlc4
HNX_DXP,DXP,2024-08-12 09:00:00,1501,33,10.63,10.82,10.63,10.73,102360.0,1095507.9000000001,derived_ohlc4
HNX_DXP,DXP,2024-08-13 09:00:00,1502,33,10.82,10.82,10.63,10.73,99400.0,1068550.0,derived_ohlc4
HNX_DXP,DXP,2024-08-14 09:00:00,1503,33,10.73,10.82,10.63,10.63,147400.0,1577548.5,derived_ohlc4
HNX_DXP,DXP,2024-08-15 09:00:00,1504,33,10.63,10.73,10.63,10.73,74010.0,790426.7999999999,derived_ohlc4
HNX_DXP,DXP,2024-08-16 09:00:00,1505,33,10.73,11.11,10.73,11.01,170310.0,1855527.45,derived_ohlc4
HNX_DXP,DXP,2024-08-19 09:00:00,1506,33,11.2,11.3,11.11,11.3,89166.0,1001111.2649999999,derived_ohlc4
HNX_DXP,DXP,2024-08-20 09:00:00,1507,33,11.39,11.39,11.3,11.39,224359.0,2550400.9325,derived_ohlc4
HNX_DXP,DXP,2024-08-21 09:00:00,1508,33,11.39,11.49,11.3,11.49,84561.0,965475.2175000001,derived_ohlc4
HNX_DXP,DXP,2024-08-22 09:00:00,1509,33,11.39,11.58,11.39,11.49,102713.0,1177347.7625,derived_ohlc4
HNX_DXP,DXP,2024-08-23 09:00:00,1510,33,11.49,11.49,11.2,11.3,152716.0,1736380.9200000002,derived_ohlc4
HNX_DXP,DXP,2024-08-26 09:00:00,1511,33,11.39,11.49,11.3,11.3,80320.0,913238.4,derived_ohlc4
HNX_DXP,DXP,2024-08-27 09:00:00,1512,33,11.39,11.39,11.2,11.3,78730.0,891223.6,derived_ohlc4
HNX_DXP,DXP,2024-08-28 09:00:00,1513,33,11.3,11.3,11.2,11.2,58000.0,652500.0,derived_ohlc4
HNX_DXP,DXP,2024-08-29 09:00:00,1514,33,11.2,11.2,11.01,11.11,31839.0,354368.06999999995,derived_ohlc4
HNX_DXP,DXP,2024-08-30 09:00:00,1515,33,11.11,11.3,11.01,11.2,91958.0,1025791.4900000001,derived_ohlc4
HNX_DXP,DXP,2024-09-04 09:00:00,1516,33,11.2,11.2,11.01,11.11,91316.0,1016347.08,derived_ohlc4
HNX_DXP,DXP,2024-09-05 09:00:00,1517,33,11.11,11.2,11.01,11.01,74901.0,830090.3325,derived_ohlc4
HNX_DXP,DXP,2024-09-06 09:00:00,1518,33,11.01,11.11,10.92,11.01,39678.0,436953.975,derived_ohlc4
HNX_DXP,DXP,2024-09-09 09:00:00,1519,33,10.92,11.11,10.92,11.01,46934.0,515804.66000000003,derived_ohlc4
HNX_DXP,DXP,2024-09-10 09:00:00,1520,33,11.01,11.01,10.73,10.73,44731.0,486225.97000000003,derived_ohlc4
HNX_DXP,DXP,2024-09-11 09:00:00,1521,33,10.82,10.82,10.63,10.73,43601.0,468710.75,derived_ohlc4
HNX_DXP,DXP,2024-09-12 09:00:00,1522,33,10.73,10.82,10.73,10.73,30157.0,324263.1425,derived_ohlc4
HNX_DXP,DXP,2024-09-13 09:00:00,1523,33,10.82,10.92,10.73,10.92,27866.0,302276.435,derived_ohlc4
HNX_DXP,DXP,2024-09-16 09:00:00,1524,33,10.92,10.92,10.73,10.92,28442.0,309235.645,derived_ohlc4
HNX_DXP,DXP,2024-09-17 09:00:00,1525,33,10.82,10.82,10.73,10.82,17041.0,184000.1975,derived_ohlc4
HNX_DXP,DXP,2024-09-18 09:00:00,1526,33,10.92,11.01,10.82,10.82,81811.0,891126.3175,derived_ohlc4
HNX_DXP,DXP,2024-09-19 09:00:00,1527,33,10.92,10.92,10.82,10.92,37731.0,411079.245,derived_ohlc4
HNX_DXP,DXP,2024-09-20 09:00:00,1528,33,11.01,11.01,10.73,10.92,90413.0,987083.9275,derived_ohlc4
HNX_DXP,DXP,2024-09-23 09:00:00,1529,33,10.92,10.92,10.82,10.92,34804.0,379189.57999999996,derived_ohlc4
HNX_DXP,DXP,2024-09-24 09:00:00,1530,33,10.82,10.92,10.73,10.92,30911.0,335307.0725,derived_ohlc4
HNX_DXP,DXP,2024-09-25 09:00:00,1531,33,10.82,11.01,10.73,10.92,71137.0,773259.1900000001,derived_ohlc4
HNX_DXP,DXP,2024-09-26 09:00:00,1532,33,10.92,11.11,10.92,11.01,129204.0,1419951.96,derived_ohlc4
HNX_DXP,DXP,2024-09-27 09:00:00,1533,33,10.92,11.11,10.92,11.01,90971.0,999771.29,derived_ohlc4
HNX_DXP,DXP,2024-09-30 09:00:00,1534,33,11.11,11.11,10.92,11.01,18243.0,201357.1125,derived_ohlc4
HNX_DXP,DXP,2024-10-01 09:00:00,1535,33,11.01,11.58,10.92,11.3,357165.0,4001140.9125,derived_ohlc4
HNX_DXP,DXP,2024-10-02 09:00:00,1536,33,11.39,11.39,11.2,11.3,151519.0,1715195.08,derived_ohlc4
HNX_DXP,DXP,2024-10-03 09:00:00,1537,33,11.3,11.3,10.92,11.2,111790.0,1249812.2,derived_ohlc4
HNX_DXP,DXP,2024-10-04 09:00:00,1538,33,11.2,11.3,11.01,11.01,93300.0,1038428.9999999999,derived_ohlc4
HNX_DXP,DXP,2024-10-07 09:00:00,1539,33,11.11,11.3,10.92,10.92,63708.0,704769.75,derived_ohlc4
HNX_DXP,DXP,2024-10-08 09:00:00,1540,33,11.01,11.01,10.92,10.92,230400.0,2526336.0,derived_ohlc4
HNX_DXP,DXP,2024-10-09 09:00:00,1541,33,11.01,11.11,10.92,11.01,238801.0,2629796.0124999997,derived_ohlc4
HNX_DXP,DXP,2024-10-10 09:00:00,1542,33,11.11,11.3,11.01,11.3,281975.0,3152480.5,derived_ohlc4
HNX_DXP,DXP,2024-10-11 09:00:00,1543,33,11.3,11.39,11.2,11.3,275138.0,3108371.5549999997,derived_ohlc4
HNX_DXP,DXP,2024-10-14 09:00:00,1544,33,11.3,11.49,11.2,11.39,258370.0,2931207.65,derived_ohlc4
HNX_DXP,DXP,2024-10-15 09:00:00,1545,33,11.39,11.39,11.2,11.2,311709.0,3520753.1550000007,derived_ohlc4
HNX_DXP,DXP,2024-10-16 09:00:00,1546,33,11.2,11.2,11.01,11.11,90823.0,1010859.9899999999,derived_ohlc4
HNX_DXP,DXP,2024-10-17 09:00:00,1547,33,11.2,11.68,11.2,11.3,819599.0,9298350.655,derived_ohlc4
HNX_DXP,DXP,2024-10-18 09:00:00,1548,33,11.39,11.58,11.3,11.49,447660.0,5121230.399999999,derived_ohlc4
HNX_DXP,DXP,2024-10-21 09:00:00,1549,33,11.49,11.68,11.2,11.2,314991.0,3588534.9675000007,derived_ohlc4
HNX_DXP,DXP,2024-10-22 09:00:00,1550,33,11.3,11.39,11.01,11.11,470038.0,5265600.695,derived_ohlc4
HNX_DXP,DXP,2024-10-23 09:00:00,1551,33,11.11,11.2,11.01,11.11,191200.0,2123754.0,derived_ohlc4
HNX_DXP,DXP,2024-10-24 09:00:00,1552,33,11.2,11.58,11.11,11.39,1042795.0,11804439.4,derived_ohlc4
HNX_DXP,DXP,2024-10-25 09:00:00,1553,33,11.49,11.58,11.39,11.39,269730.0,3091780.125,derived_ohlc4
HNX_DXP,DXP,2024-10-28 09:00:00,1554,33,11.49,11.58,11.39,11.49,375321.0,4311499.9875,derived_ohlc4
HNX_DXP,DXP,2024-10-29 09:00:00,1555,33,11.58,11.58,11.39,11.49,237100.0,2729021.0,derived_ohlc4
HNX_DXP,DXP,2024-10-30 09:00:00,1556,33,11.49,11.58,11.3,11.39,401508.0,4593251.5200000005,derived_ohlc4
HNX_DXP,DXP,2024-10-31 09:00:00,1557,33,11.49,11.49,11.3,11.39,246656.0,2816194.88,derived_ohlc4
HNX_DXP,DXP,2024-11-01 09:00:00,1558,33,11.39,11.39,11.11,11.2,283966.0,3201006.7350000003,derived_ohlc4
HNX_DXP,DXP,2024-11-04 09:00:00,1559,33,11.3,11.3,11.11,11.11,339700.0,3806338.5,derived_ohlc4
HNX_DXP,DXP,2024-11-05 09:00:00,1560,33,11.11,11.58,10.92,11.3,468406.0,5259028.364999999,derived_ohlc4
HNX_DXP,DXP,2024-11-06 09:00:00,1561,33,11.3,11.39,11.2,11.3,182721.0,2064290.4974999998,derived_ohlc4
HNX_DXP,DXP,2024-11-07 09:00:00,1562,33,11.3,11.3,11.11,11.3,192476.0,2165836.1900000004,derived_ohlc4
HNX_DXP,DXP,2024-11-08 09:00:00,1563,33,11.3,11.39,11.01,11.11,252000.0,2823030.0,derived_ohlc4
HNX_DXP,DXP,2024-11-11 09:00:00,1564,33,11.11,12.15,11.11,11.77,2341342.0,27007379.97,derived_ohlc4
HNX_DXP,DXP,2024-11-12 09:00:00,1565,33,11.87,12.15,11.58,11.77,278443.0,3297461.2275000005,derived_ohlc4
HNX_DXP,DXP,2024-11-13 09:00:00,1566,33,11.77,11.87,11.3,11.3,558159.0,6452318.039999999,derived_ohlc4
HNX_DXP,DXP,2024-11-14 09:00:00,1567,33,11.39,11.96,11.3,11.49,808533.0,9326428.155000001,derived_ohlc4
HNX_DXP,DXP,2024-11-15 09:00:00,1568,33,11.58,11.58,11.3,11.3,326122.0,3730835.6800000006,derived_ohlc4
HNX_DXP,DXP,2024-11-18 09:00:00,1569,33,11.39,11.68,11.2,11.68,446648.0,5130868.899999999,derived_ohlc4
HNX_DXP,DXP,2024-11-19 09:00:00,1570,33,11.77,11.77,11.01,11.01,461434.0,5255733.26,derived_ohlc4
HNX_DXP,DXP,2024-11-20 09:00:00,1571,33,11.01,11.39,10.82,11.01,463071.0,5120407.5825,derived_ohlc4
HNX_DXP,DXP,2024-11-21 09:00:00,1572,33,11.2,11.2,11.01,11.01,264760.0,2940159.8,derived_ohlc4
HNX_DXP,DXP,2024-11-22 09:00:00,1573,33,9.97,11.01,9.97,10.73,423711.0,4415068.620000001,derived_ohlc4
HNX_DXP,DXP,2024-11-25 09:00:00,1574,33,10.73,11.01,10.73,10.92,166157.0,1802388.0575,derived_ohlc4
HNX_DXP,DXP,2024-11-26 09:00:00,1575,33,10.92,11.11,10.92,10.92,128251.0,1406592.8425000003,derived_ohlc4
HNX_DXP,DXP,2024-11-27 09:00:00,1576,33,10.92,11.01,10.82,11.01,99532.0,1088880.0799999998,derived_ohlc4
HNX_DXP,DXP,2024-11-28 09:00:00,1577,33,11.01,11.11,10.82,10.92,56947.0,624423.855,derived_ohlc4
HNX_DXP,DXP,2024-11-29 09:00:00,1578,33,10.82,11.01,10.73,11.01,146310.0,1593681.675,derived_ohlc4
HNX_DXP,DXP,2024-12-02 09:00:00,1579,33,11.11,11.11,10.92,11.01,197050.0,2174939.375,derived_ohlc4
HNX_DXP,DXP,2024-12-03 09:00:00,1580,33,11.01,11.3,11.01,11.11,245467.0,2726524.7025,derived_ohlc4
HNX_DXP,DXP,2024-12-04 09:00:00,1581,33,11.01,11.2,10.92,10.92,223106.0,2456954.825,derived_ohlc4
HNX_DXP,DXP,2024-12-05 09:00:00,1582,33,10.92,11.3,10.92,11.2,284316.0,3151642.8600000003,derived_ohlc4
HNX_DXP,DXP,2024-12-06 09:00:00,1583,33,11.2,11.3,11.01,11.01,209235.0,2328785.55,derived_ohlc4
HNX_DXP,DXP,2024-12-09 09:00:00,1584,33,11.01,11.11,10.92,11.01,221806.0,2442638.5749999997,derived_ohlc4
HNX_DXP,DXP,2024-12-10 09:00:00,1585,33,11.11,11.2,11.01,11.01,122640.0,1359157.8,derived_ohlc4
HNX_DXP,DXP,2024-12-11 09:00:00,1586,33,11.01,11.2,11.01,11.01,179926.0,1989531.7449999999,derived_ohlc4
HNX_DXP,DXP,2024-12-12 09:00:00,1587,33,11.01,11.11,10.92,10.92,160716.0,1766268.84,derived_ohlc4
HNX_DXP,DXP,2024-12-13 09:00:00,1588,33,10.92,10.92,10.63,10.82,123914.0,1341059.265,derived_ohlc4
HNX_DXP,DXP,2024-12-16 09:00:00,1589,33,10.82,10.92,10.73,10.92,134671.0,1460843.6725,derived_ohlc4
HNX_DXP,DXP,2024-12-17 09:00:00,1590,33,10.82,10.92,10.73,10.82,73103.0,791157.2175,derived_ohlc4
HNX_DXP,DXP,2024-12-18 09:00:00,1591,33,10.82,10.92,10.73,10.82,120803.0,1307390.4675,derived_ohlc4
HNX_DXP,DXP,2024-12-19 09:00:00,1592,33,10.82,10.82,10.63,10.82,125545.0,1352433.5125000002,derived_ohlc4
HNX_DXP,DXP,2024-12-20 09:00:00,1593,33,10.82,11.39,10.82,11.01,442976.0,4877165.76,derived_ohlc4
HNX_DXP,DXP,2024-12-23 09:00:00,1594,33,11.11,11.11,10.92,11.11,109924.0,1216034.25,derived_ohlc4
HNX_DXP,DXP,2024-12-24 09:00:00,1595,33,11.11,11.2,10.82,10.92,260410.0,2867765.125,derived_ohlc4
HNX_DXP,DXP,2024-12-25 09:00:00,1596,33,11.01,11.2,10.92,11.01,310128.0,3422262.48,derived_ohlc4
HNX_DXP,DXP,2024-12-26 09:00:00,1597,33,11.01,11.11,10.92,11.01,140143.0,1543324.7874999999,derived_ohlc4
HNX_DXP,DXP,2024-12-27 09:00:00,1598,33,11.01,11.11,10.92,11.01,161281.0,1776107.0125,derived_ohlc4
HNX_DXP,DXP,2024-12-30 09:00:00,1599,33,11.01,11.11,10.92,11.01,123706.0,1362312.325,derived_ohlc4
HNX_DXP,DXP,2024-12-31 09:00:00,1600,33,11.01,11.11,10.92,11.01,74821.0,823966.2625,derived_ohlc4
HNX_DXP,DXP,2025-01-02 09:00:00,1601,33,11.01,11.11,10.92,11.01,85618.0,942868.225,derived_ohlc4
HNX_DXP,DXP,2025-01-03 09:00:00,1602,33,11.01,11.11,10.82,10.82,148624.0,1625946.5599999998,derived_ohlc4
HNX_DXP,DXP,2025-01-06 09:00:00,1603,33,10.82,11.01,10.63,10.73,206993.0,2235006.9175,derived_ohlc4
HNX_DXP,DXP,2025-01-07 09:00:00,1604,33,10.73,10.92,10.73,10.82,88291.0,953542.7999999999,derived_ohlc4
HNX_DXP,DXP,2025-01-08 09:00:00,1605,33,10.73,10.92,10.73,10.82,38600.0,416879.99999999994,derived_ohlc4
HNX_DXP,DXP,2025-01-09 09:00:00,1606,33,10.82,10.92,10.82,10.82,21900.0,237505.5,derived_ohlc4
HNX_DXP,DXP,2025-01-10 09:00:00,1607,33,10.82,10.82,10.63,10.63,116420.0,1248604.5000000002,derived_ohlc4
HNX_DXP,DXP,2025-01-13 09:00:00,1608,33,10.73,10.82,10.44,10.63,138852.0,1479468.06,derived_ohlc4
HNX_DXP,DXP,2025-01-14 09:00:00,1609,33,10.73,10.73,10.44,10.54,67957.0,721023.77,derived_ohlc4
HNX_DXP,DXP,2025-01-15 09:00:00,1610,33,10.63,10.82,10.44,10.63,112094.0,1191559.22,derived_ohlc4
HNX_DXP,DXP,2025-01-16 09:00:00,1611,33,10.82,10.82,10.63,10.63,105600.0,1132560.0000000002,derived_ohlc4
HNX_DXP,DXP,2025-01-17 09:00:00,1612,33,10.73,11.2,10.73,10.82,378100.0,4109946.9999999995,derived_ohlc4
HNX_DXP,DXP,2025-01-20 09:00:00,1613,33,11.01,11.11,10.92,11.01,142540.0,1569721.75,derived_ohlc4
HNX_DXP,DXP,2025-01-21 09:00:00,1614,33,11.01,11.01,10.73,10.82,149935.0,1633166.9875,derived_ohlc4
HNX_DXP,DXP,2025-01-22 09:00:00,1615,33,10.63,10.92,10.63,10.73,108600.0,1165006.5,derived_ohlc4
HNX_DXP,DXP,2025-01-23 09:00:00,1616,33,10.73,10.82,10.54,10.73,176996.0,1894742.1800000004,derived_ohlc4
HNX_DXP,DXP,2025-01-24 09:00:00,1617,33,10.82,10.82,10.63,10.73,145900.0,1568425.0,derived_ohlc4
HNX_DXP,DXP,2025-02-03 09:00:00,1618,33,10.73,10.82,10.63,10.82,147200.0,1582400.0,derived_ohlc4
HNX_DXP,DXP,2025-02-04 09:00:00,1619,33,10.82,10.82,10.73,10.82,93082.0,1005052.8950000001,derived_ohlc4
HNX_DXP,DXP,2025-02-05 09:00:00,1620,33,10.82,10.92,10.73,10.92,198943.0,2158034.1925,derived_ohlc4
HNX_DXP,DXP,2025-02-06 09:00:00,1621,33,10.92,11.87,10.92,11.3,725666.0,8165556.665000001,derived_ohlc4
HNX_DXP,DXP,2025-02-07 09:00:00,1622,33,11.49,11.49,11.2,11.2,129050.0,1464072.2499999998,derived_ohlc4
HNX_DXP,DXP,2025-02-10 09:00:00,1623,33,11.2,11.2,10.92,11.01,320847.0,3555786.8775,derived_ohlc4
HNX_DXP,DXP,2025-02-11 09:00:00,1624,33,11.01,11.01,10.92,10.92,148206.0,1625078.79,derived_ohlc4
HNX_DXP,DXP,2025-02-12 09:00:00,1625,33,10.92,11.01,10.82,10.92,173928.0,1898858.9400000002,derived_ohlc4
HNX_DXP,DXP,2025-02-13 09:00:00,1626,33,11.01,11.11,10.92,10.92,122043.0,1341252.57,derived_ohlc4
HNX_DXP,DXP,2025-02-14 09:00:00,1627,33,10.73,11.01,10.73,11.01,89400.0,971777.9999999999,derived_ohlc4
HNX_DXP,DXP,2025-02-17 09:00:00,1628,33,10.82,11.01,10.82,10.92,215330.0,2345482.025,derived_ohlc4
HNX_DXP,DXP,2025-02-18 09:00:00,1629,33,10.92,11.11,10.92,11.11,180700.0,1990410.5,derived_ohlc4
HNX_DXP,DXP,2025-02-19 09:00:00,1630,33,11.11,11.2,11.01,11.01,203701.0,2257516.3325,derived_ohlc4
HNX_DXP,DXP,2025-02-20 09:00:00,1631,33,11.01,11.11,10.82,11.01,202400.0,2223870.0,derived_ohlc4
HNX_DXP,DXP,2025-02-21 09:00:00,1632,33,10.92,11.01,10.92,10.92,142640.0,1560838.2000000002,derived_ohlc4
HNX_DXP,DXP,2025-02-24 09:00:00,1633,33,10.92,11.01,10.92,10.92,118463.0,1296281.3775000002,derived_ohlc4
HNX_DXP,DXP,2025-02-25 09:00:00,1634,33,10.92,11.01,10.82,10.92,303500.0,3313461.25,derived_ohlc4
HNX_DXP,DXP,2025-02-26 09:00:00,1635,33,10.92,10.92,10.73,10.82,191550.0,2077838.625,derived_ohlc4
HNX_DXP,DXP,2025-02-27 09:00:00,1636,33,10.82,10.92,10.73,10.82,116735.0,1263364.5374999999,derived_ohlc4
HNX_DXP,DXP,2025-02-28 09:00:00,1637,33,10.73,10.82,10.73,10.82,136911.0,1475216.0250000001,derived_ohlc4
HNX_DXP,DXP,2025-03-03 09:00:00,1638,33,10.92,10.92,10.73,10.82,146253.0,1586479.4175,derived_ohlc4
HNX_DXP,DXP,2025-03-04 09:00:00,1639,33,10.73,10.82,10.63,10.73,162482.0,1743025.6549999998,derived_ohlc4
HNX_DXP,DXP,2025-03-05 09:00:00,1640,33,10.73,10.82,10.63,10.73,119152.0,1278203.0799999998,derived_ohlc4
HNX_DXP,DXP,2025-03-06 09:00:00,1641,33,10.82,10.92,10.73,10.82,63615.0,688473.3375,derived_ohlc4
HNX_DXP,DXP,2025-03-07 09:00:00,1642,33,10.82,10.92,10.73,10.73,144357.0,1559055.6,derived_ohlc4
HNX_DXP,DXP,2025-03-10 09:00:00,1643,33,10.73,10.82,10.63,10.73,66810.0,716704.2749999999,derived_ohlc4
HNX_DXP,DXP,2025-03-11 09:00:00,1644,33,10.73,10.82,10.63,10.73,125546.0,1346794.7149999999,derived_ohlc4
HNX_DXP,DXP,2025-03-12 09:00:00,1645,33,10.73,10.82,10.63,10.73,51601.0,553549.7274999999,derived_ohlc4
HNX_DXP,DXP,2025-03-13 09:00:00,1646,33,10.73,10.82,10.63,10.63,210765.0,2255712.4125,derived_ohlc4
HNX_DXP,DXP,2025-03-14 09:00:00,1647,33,10.54,10.73,10.44,10.73,181600.0,1926776.0,derived_ohlc4
HNX_DXP,DXP,2025-03-17 09:00:00,1648,33,10.63,10.73,10.63,10.73,87927.0,939060.36,derived_ohlc4
HNX_DXP,DXP,2025-03-18 09:00:00,1649,33,10.73,10.82,10.63,10.73,57839.0,620467.8724999999,derived_ohlc4
HNX_DXP,DXP,2025-03-19 09:00:00,1650,33,10.73,10.73,10.54,10.54,57102.0,607279.77,derived_ohlc4
HNX_DXP,DXP,2025-03-20 09:00:00,1651,33,10.54,10.63,10.54,10.63,102914.0,1089344.6900000002,derived_ohlc4
HNX_DXP,DXP,2025-03-21 09:00:00,1652,33,10.54,10.63,10.54,10.63,37473.0,396651.705,derived_ohlc4
HNX_DXP,DXP,2025-03-24 09:00:00,1653,33,10.63,10.63,10.44,10.63,93350.0,987876.3750000001,derived_ohlc4
HNX_DXP,DXP,2025-03-25 09:00:00,1654,33,10.54,10.63,10.54,10.63,27276.0,288716.46,derived_ohlc4
HNX_DXP,DXP,2025-03-26 09:00:00,1655,33,10.54,10.63,10.44,10.44,48652.0,511454.14999999997,derived_ohlc4
HNX_DXP,DXP,2025-03-27 09:00:00,1656,33,10.54,10.63,10.44,10.54,95309.0,1004318.5875,derived_ohlc4
HNX_DXP,DXP,2025-03-28 09:00:00,1657,33,10.44,10.54,10.44,10.54,164640.0,1727073.5999999996,derived_ohlc4
HNX_DXP,DXP,2025-03-31 09:00:00,1658,33,10.54,10.54,10.35,10.44,40950.0,428644.125,derived_ohlc4
HNX_DXP,DXP,2025-04-01 09:00:00,1659,33,10.44,10.54,10.35,10.54,50126.0,524693.9049999999,derived_ohlc4
HNX_DXP,DXP,2025-04-02 09:00:00,1660,33,10.44,10.54,10.44,10.44,13774.0,144144.90999999997,derived_ohlc4
HNX_DXP,DXP,2025-04-03 09:00:00,1661,33,10.44,10.44,9.4,9.4,517294.0,5131556.4799999995,derived_ohlc4
HNX_DXP,DXP,2025-04-04 09:00:00,1662,33,9.31,9.31,8.64,9.12,188126.0,1711005.9700000002,derived_ohlc4
HNX_DXP,DXP,2025-04-08 09:00:00,1663,33,9.21,9.21,8.26,8.26,236734.0,2067871.4899999998,derived_ohlc4
HNX_DXP,DXP,2025-04-09 09:00:00,1664,33,7.5,8.17,7.5,7.5,358911.0,2751950.0925000003,derived_ohlc4
HNX_DXP,DXP,2025-04-10 09:00:00,1665,33,8.07,8.17,8.07,8.17,18550.0,150626.00000000003,derived_ohlc4
HNX_DXP,DXP,2025-04-11 09:00:00,1666,33,8.93,8.93,7.98,8.07,893700.0,7576341.749999999,derived_ohlc4
HNX_DXP,DXP,2025-04-14 09:00:00,1667,33,8.26,8.74,8.26,8.55,123290.0,1042108.7250000001,derived_ohlc4
HNX_DXP,DXP,2025-04-15 09:00:00,1668,33,8.55,8.55,8.07,8.26,301134.0,2516727.405,derived_ohlc4
HNX_DXP,DXP,2025-04-16 09:00:00,1669,33,8.07,8.26,7.98,7.98,199168.0,1607783.68,derived_ohlc4
HNX_DXP,DXP,2025-04-17 09:00:00,1670,33,7.98,7.98,7.79,7.98,88515.0,702145.2375,derived_ohlc4
HNX_DXP,DXP,2025-04-18 09:00:00,1671,33,8.17,8.45,7.98,8.17,169442.0,1388153.5849999997,derived_ohlc4
HNX_DXP,DXP,2025-04-21 09:00:00,1672,33,8.17,8.93,8.17,8.64,453711.0,3846335.0025000004,derived_ohlc4
HNX_DXP,DXP,2025-04-22 09:00:00,1673,33,8.64,8.74,7.88,8.07,656155.0,5467411.5375,derived_ohlc4
HNX_DXP,DXP,2025-04-23 09:00:00,1674,33,8.26,8.55,8.26,8.36,131357.0,1097816.1275,derived_ohlc4
HNX_DXP,DXP,2025-04-24 09:00:00,1675,33,8.45,8.64,8.26,8.36,185789.0,1565736.7975,derived_ohlc4
HNX_DXP,DXP,2025-04-25 09:00:00,1676,33,8.45,8.55,8.36,8.45,121238.0,1024764.1950000001,derived_ohlc4
HNX_DXP,DXP,2025-04-28 09:00:00,1677,33,8.55,8.64,8.36,8.55,107655.0,917758.875,derived_ohlc4
HNX_DXP,DXP,2025-04-29 09:00:00,1678,33,8.55,8.64,8.45,8.55,155549.0,1329555.0775,derived_ohlc4
HNX_DXP,DXP,2025-05-05 09:00:00,1679,33,8.64,8.83,8.45,8.55,471000.0,4058842.5,derived_ohlc4
HNX_DXP,DXP,2025-05-06 09:00:00,1680,33,8.55,9.12,8.55,9.02,570900.0,5029629.0,derived_ohlc4
HNX_DXP,DXP,2025-05-07 09:00:00,1681,33,9.02,9.02,8.74,8.93,137400.0,1226638.5,derived_ohlc4
HNX_DXP,DXP,2025-05-08 09:00:00,1682,33,9.02,9.02,8.83,9.02,184800.0,1658118.0,derived_ohlc4
HNX_DXP,DXP,2025-05-09 09:00:00,1683,33,9.02,9.02,8.83,8.93,116900.0,1046254.9999999999,derived_ohlc4
HNX_DXP,DXP,2025-05-12 09:00:00,1684,33,8.93,8.93,8.83,8.93,125800.0,1120249.0,derived_ohlc4
HNX_DXP,DXP,2025-05-13 09:00:00,1685,33,9.02,9.21,9.02,9.12,279000.0,2536807.5,derived_ohlc4
HNX_DXP,DXP,2025-05-14 09:00:00,1686,33,9.02,9.02,8.93,9.02,285600.0,2569685.9999999995,derived_ohlc4
HNX_DXP,DXP,2025-05-15 09:00:00,1687,33,9.12,9.12,8.93,8.93,221800.0,2001744.9999999998,derived_ohlc4
HNX_DXP,DXP,2025-05-16 09:00:00,1688,33,8.93,9.02,8.93,8.93,191200.0,1711718.0,derived_ohlc4
HNX_DXP,DXP,2025-05-19 09:00:00,1689,33,8.93,8.93,8.83,8.83,222000.0,1971359.9999999998,derived_ohlc4
HNX_DXP,DXP,2025-05-20 09:00:00,1690,33,8.83,8.93,8.83,8.83,338000.0,2992989.9999999995,derived_ohlc4
HNX_DXP,DXP,2025-05-21 09:00:00,1691,33,8.83,8.93,8.74,8.83,224300.0,1981129.75,derived_ohlc4
HNX_DXP,DXP,2025-05-22 09:00:00,1692,33,8.83,8.83,8.74,8.74,80200.0,704557.0,derived_ohlc4
HNX_DXP,DXP,2025-05-23 09:00:00,1693,33,8.74,8.74,8.64,8.64,189900.0,1650231.0000000002,derived_ohlc4
HNX_DXP,DXP,2025-05-26 09:00:00,1694,33,8.64,8.74,8.55,8.74,268800.0,2329824.0,derived_ohlc4
HNX_DXP,DXP,2025-05-27 09:00:00,1695,33,8.83,9.21,8.74,9.12,416900.0,3741677.5,derived_ohlc4
HNX_DXP,DXP,2025-05-28 09:00:00,1696,33,9.12,9.12,9.02,9.02,322800.0,2927796.0,derived_ohlc4
HNX_DXP,DXP,2025-05-29 09:00:00,1697,33,9.02,9.02,8.83,8.93,265000.0,2371750.0,derived_ohlc4
HNX_DXP,DXP,2025-05-30 09:00:00,1698,33,8.83,8.93,8.74,8.83,218800.0,1932551.0,derived_ohlc4
HNX_DXP,DXP,2025-06-02 09:00:00,1699,33,8.83,8.83,8.64,8.83,166900.0,1465799.25,derived_ohlc4
HNX_DXP,DXP,2025-06-03 09:00:00,1700,33,8.83,8.93,8.74,8.83,183800.0,1623413.5,derived_ohlc4
HNX_DXP,DXP,2025-06-04 09:00:00,1701,33,8.83,9.02,8.83,8.93,308100.0,2742860.25,derived_ohlc4
HNX_DXP,DXP,2025-06-05 09:00:00,1702,33,8.93,9.49,8.93,9.49,1080800.0,9954168.0,derived_ohlc4
HNX_DXP,DXP,2025-06-06 09:00:00,1703,33,9.4,9.49,9.12,9.12,271300.0,2518342.2499999995,derived_ohlc4
HNX_DXP,DXP,2025-06-09 09:00:00,1704,33,9.12,9.4,9.02,9.21,446800.0,4104975.0,derived_ohlc4
HNX_DXP,DXP,2025-06-10 09:00:00,1705,33,9.21,9.31,9.02,9.12,247600.0,2269254.0,derived_ohlc4
HNX_DXP,DXP,2025-06-11 09:00:00,1706,33,9.12,9.12,9.02,9.12,164500.0,1496127.4999999998,derived_ohlc4
HNX_DXP,DXP,2025-06-12 09:00:00,1707,33,9.12,9.68,9.12,9.31,526900.0,4904121.75,derived_ohlc4
HNX_DXP,DXP,2025-06-13 09:00:00,1708,33,9.31,9.31,9.02,9.21,427300.0,3936501.25,derived_ohlc4
HNX_DXP,DXP,2025-06-16 09:00:00,1709,33,9.21,9.49,9.21,9.31,362000.0,3368410.0000000005,derived_ohlc4
HNX_DXP,DXP,2025-06-17 09:00:00,1710,33,9.31,9.31,9.12,9.31,241100.0,2233188.7500000005,derived_ohlc4
HNX_DXP,DXP,2025-06-18 09:00:00,1711,33,9.31,9.4,9.12,9.31,331100.0,3074263.5,derived_ohlc4
HNX_DXP,DXP,2025-06-19 09:00:00,1712,33,9.21,9.31,9.12,9.21,237800.0,2190732.5,derived_ohlc4
HNX_DXP,DXP,2025-06-20 09:00:00,1713,33,9.21,9.31,9.12,9.31,116500.0,1076168.75,derived_ohlc4
HNX_DXP,DXP,2025-06-23 09:00:00,1714,33,9.31,9.31,9.12,9.21,91500.0,845231.2500000001,derived_ohlc4
HNX_DXP,DXP,2025-06-24 09:00:00,1715,33,8.36,9.31,8.36,9.21,161500.0,1422815.0,derived_ohlc4
HNX_DXP,DXP,2025-06-25 09:00:00,1716,33,9.21,9.4,9.21,9.31,411100.0,3816035.7500000005,derived_ohlc4
HNX_DXP,DXP,2025-06-26 09:00:00,1717,33,9.21,9.31,9.21,9.31,129800.0,1201948.0000000002,derived_ohlc4
HNX_DXP,DXP,2025-06-27 09:00:00,1718,33,9.31,9.59,9.31,9.4,534400.0,5024696.0,derived_ohlc4
HNX_DXP,DXP,2025-06-30 09:00:00,1719,33,9.4,9.49,9.12,9.49,192300.0,1802812.5,derived_ohlc4
HNX_DXP,DXP,2025-07-01 09:00:00,1720,33,9.49,9.49,9.31,9.4,327700.0,3087753.25,derived_ohlc4
HNX_DXP,DXP,2025-07-02 09:00:00,1721,33,9.49,9.49,9.31,9.4,173300.0,1632919.25,derived_ohlc4
HNX_DXP,DXP,2025-07-03 09:00:00,1722,33,9.4,9.49,9.31,9.4,443100.0,4165140.0,derived_ohlc4
HNX_DXP,DXP,2025-07-04 09:00:00,1723,33,9.49,9.59,9.4,9.4,251200.0,2378863.9999999995,derived_ohlc4
HNX_DXP,DXP,2025-07-07 09:00:00,1724,33,9.8,9.8,9.4,9.5,249300.0,2399512.5,derived_ohlc4
HNX_DXP,DXP,2025-07-08 09:00:00,1725,33,9.5,9.5,9.3,9.5,267200.0,2525040.0,derived_ohlc4
HNX_DXP,DXP,2025-07-09 09:00:00,1726,33,9.5,9.6,9.4,9.5,250300.0,2377850.0,derived_ohlc4
HNX_DXP,DXP,2025-07-10 09:00:00,1727,33,9.5,9.7,9.4,9.6,228700.0,2184085.0,derived_ohlc4
HNX_DXP,DXP,2025-07-11 09:00:00,1728,33,9.6,9.7,9.5,9.6,236000.0,2265600.0,derived_ohlc4
HNX_DXP,DXP,2025-07-14 09:00:00,1729,33,9.6,9.7,9.5,9.6,186500.0,1790400.0,derived_ohlc4
HNX_DXP,DXP,2025-07-15 09:00:00,1730,33,9.5,9.6,9.5,9.5,292200.0,2783205.0,derived_ohlc4
HNX_DXP,DXP,2025-07-16 09:00:00,1731,33,9.5,9.6,9.4,9.5,192400.0,1827800.0,derived_ohlc4
HNX_DXP,DXP,2025-07-17 09:00:00,1732,33,9.5,9.6,9.5,9.6,217900.0,2080945.0000000002,derived_ohlc4
HNX_DXP,DXP,2025-07-18 09:00:00,1733,33,9.5,9.7,9.5,9.7,333600.0,3202560.0,derived_ohlc4
HNX_DXP,DXP,2025-07-21 09:00:00,1734,33,9.7,10.5,9.7,10.5,882100.0,8909210.0,derived_ohlc4
HNX_DXP,DXP,2025-07-22 09:00:00,1735,33,10.6,10.8,10.3,10.5,421400.0,4445770.0,derived_ohlc4
HNX_DXP,DXP,2025-07-23 09:00:00,1736,33,10.6,10.9,10.4,10.5,757500.0,8029500.0,derived_ohlc4
HNX_DXP,DXP,2025-07-24 09:00:00,1737,33,10.5,11.5,10.5,11.4,1133600.0,12441260.0,derived_ohlc4
HNX_DXP,DXP,2025-07-25 09:00:00,1738,33,11.6,11.9,11.4,11.7,692800.0,8071119.999999999,derived_ohlc4
HNX_DXP,DXP,2025-07-28 09:00:00,1739,33,11.7,12.0,11.5,11.6,829400.0,9703980.0,derived_ohlc4
HNX_DXP,DXP,2025-07-29 09:00:00,1740,33,11.7,11.7,10.8,11.1,736200.0,8337465.000000001,derived_ohlc4
HNX_DXP,DXP,2025-07-30 09:00:00,1741,33,10.9,11.2,10.8,11.1,269500.0,2964500.0000000005,derived_ohlc4
HNX_DXP,DXP,2025-07-31 09:00:00,1742,33,11.2,11.3,10.9,11.2,272200.0,3035029.9999999995,derived_ohlc4
HNX_DXP,DXP,2025-08-01 09:00:00,1743,33,11.2,12.2,11.0,11.9,834900.0,9663967.5,derived_ohlc4
HNX_DXP,DXP,2025-08-04 09:00:00,1744,33,11.8,12.2,11.7,11.9,491200.0,5845280.0,derived_ohlc4
HNX_DXP,DXP,2025-08-05 09:00:00,1745,33,12.0,12.1,11.2,11.5,691600.0,8091719.999999999,derived_ohlc4
HNX_DXP,DXP,2025-08-06 09:00:00,1746,33,11.5,11.6,11.1,11.6,399800.0,4577710.0,derived_ohlc4
HNX_DXP,DXP,2025-08-07 09:00:00,1747,33,11.6,11.7,11.4,11.4,326100.0,3758302.4999999995,derived_ohlc4
HNX_DXP,DXP,2025-08-08 09:00:00,1748,33,11.5,11.5,11.3,11.5,252700.0,2893415.0,derived_ohlc4
HNX_DXP,DXP,2025-08-11 09:00:00,1749,33,11.5,11.7,11.5,11.5,249200.0,2878260.0,derived_ohlc4
HNX_DXP,DXP,2025-08-12 09:00:00,1750,33,11.5,12.1,11.4,11.8,740500.0,8663850.0,derived_ohlc4
HNX_DXP,DXP,2025-08-13 09:00:00,1751,33,11.8,12.0,11.5,11.7,653100.0,7673925.0,derived_ohlc4
HNX_DXP,DXP,2025-08-14 09:00:00,1752,33,11.7,11.8,11.4,11.6,374400.0,4352400.0,derived_ohlc4
HNX_DXP,DXP,2025-08-15 09:00:00,1753,33,11.7,11.7,11.3,11.4,416400.0,4799010.0,derived_ohlc4
HNX_DXP,DXP,2025-08-18 09:00:00,1754,33,11.6,11.6,11.3,11.4,273600.0,3139560.0,derived_ohlc4
HNX_DXP,DXP,2025-08-19 09:00:00,1755,33,11.4,11.8,11.3,11.8,554700.0,6420652.5,derived_ohlc4
HNX_DXP,DXP,2025-08-20 09:00:00,1756,33,11.8,12.0,11.4,11.6,403400.0,4719780.0,derived_ohlc4
HNX_DXP,DXP,2025-08-21 09:00:00,1757,33,11.5,11.7,11.3,11.3,327400.0,3748730.0,derived_ohlc4
HNX_DXP,DXP,2025-08-22 09:00:00,1758,33,11.3,11.3,10.6,10.8,776200.0,8538200.0,derived_ohlc4
HNX_DXP,DXP,2025-08-25 09:00:00,1759,33,10.8,11.0,10.5,10.5,206900.0,2213830.0,derived_ohlc4
HNX_DXP,DXP,2025-08-26 09:00:00,1760,33,10.5,11.1,10.5,11.1,267700.0,2891160.0,derived_ohlc4
HNX_DXP,DXP,2025-08-27 09:00:00,1761,33,11.1,11.2,10.9,11.0,186500.0,2060824.9999999998,derived_ohlc4
HNX_DXP,DXP,2025-08-28 09:00:00,1762,33,11.1,11.1,10.8,10.9,127000.0,1393825.0,derived_ohlc4
HNX_DXP,DXP,2025-08-29 09:00:00,1763,33,11.0,11.1,10.9,11.0,143100.0,1574100.0,derived_ohlc4
HNX_DXP,DXP,2025-09-03 09:00:00,1764,33,11.0,11.1,10.9,11.0,118700.0,1305700.0,derived_ohlc4
HNX_DXP,DXP,2025-09-04 09:00:00,1765,33,11.1,11.3,11.1,11.2,159900.0,1786882.5,derived_ohlc4
HNX_DXP,DXP,2025-09-05 09:00:00,1766,33,11.2,11.4,11.2,11.2,218600.0,2459250.0,derived_ohlc4
HNX_DXP,DXP,2025-09-08 09:00:00,1767,33,11.2,11.2,10.9,10.9,349500.0,3861974.9999999995,derived_ohlc4
HNX_DXP,DXP,2025-09-09 09:00:00,1768,33,10.9,11.2,10.9,11.1,244200.0,2692305.0,derived_ohlc4
HNX_DXP,DXP,2025-09-10 09:00:00,1769,33,11.2,11.2,11.0,11.1,153600.0,1708800.0,derived_ohlc4
HNX_DXP,DXP,2025-09-11 09:00:00,1770,33,11.1,11.1,10.8,11.0,236100.0,2597100.0,derived_ohlc4
HNX_DXP,DXP,2025-09-12 09:00:00,1771,33,11.1,11.1,11.0,11.1,359400.0,3980355.0000000005,derived_ohlc4
HNX_DXP,DXP,2025-09-15 09:00:00,1772,33,11.1,11.8,11.1,11.6,565400.0,6445560.0,derived_ohlc4
HNX_DXP,DXP,2025-09-16 09:00:00,1773,33,11.7,11.8,11.5,11.6,631200.0,7353480.0,derived_ohlc4
HNX_DXP,DXP,2025-09-17 09:00:00,1774,33,11.7,11.7,11.3,11.3,442800.0,5092200.0,derived_ohlc4
HNX_DXP,DXP,2025-09-18 09:00:00,1775,33,11.4,11.4,11.2,11.3,172800.0,1956959.9999999998,derived_ohlc4
HNX_DXP,DXP,2025-09-19 09:00:00,1776,33,11.4,11.5,11.2,11.2,283200.0,3207240.0,derived_ohlc4
HNX_DXP,DXP,2025-09-22 09:00:00,1777,33,11.2,11.3,10.8,11.1,321000.0,3563100.0,derived_ohlc4
HNX_DXP,DXP,2025-09-23 09:00:00,1778,33,11.1,11.1,10.9,10.9,167900.0,1846900.0,derived_ohlc4
HNX_DXP,DXP,2025-09-24 09:00:00,1779,33,10.9,11.0,10.8,11.0,199600.0,2180630.0,derived_ohlc4
HNX_DXP,DXP,2025-09-25 09:00:00,1780,33,11.0,11.2,10.9,11.2,239500.0,2652462.5,derived_ohlc4
HNX_DXP,DXP,2025-09-26 09:00:00,1781,33,11.1,11.1,11.0,11.1,278300.0,3082172.5000000005,derived_ohlc4
HNX_DXP,DXP,2025-09-29 09:00:00,1782,33,11.1,11.4,11.0,11.2,332900.0,3720157.5000000005,derived_ohlc4
HNX_DXP,DXP,2025-09-30 09:00:00,1783,33,11.3,11.3,11.0,11.0,130900.0,1459535.0,derived_ohlc4
HNX_DXP,DXP,2025-10-01 09:00:00,1784,33,11.2,11.2,10.9,11.1,101800.0,1129980.0,derived_ohlc4
HNX_DXP,DXP,2025-10-02 09:00:00,1785,33,11.1,11.1,10.9,11.1,117400.0,1297270.0,derived_ohlc4
HNX_DXP,DXP,2025-10-03 09:00:00,1786,33,11.1,11.1,10.9,11.0,125300.0,1381432.5,derived_ohlc4
HNX_DXP,DXP,2025-10-06 09:00:00,1787,33,11.0,11.2,11.0,11.2,103100.0,1144410.0000000002,derived_ohlc4
HNX_DXP,DXP,2025-10-07 09:00:00,1788,33,11.2,11.3,11.1,11.2,90600.0,1014719.9999999999,derived_ohlc4
HNX_DXP,DXP,2025-10-08 09:00:00,1789,33,11.2,11.3,10.9,11.1,118200.0,1314975.0,derived_ohlc4
HNX_DXP,DXP,2025-10-09 09:00:00,1790,33,11.0,11.1,10.9,11.0,189300.0,2082300.0,derived_ohlc4
HNX_DXP,DXP,2025-10-10 09:00:00,1791,33,11.1,11.1,10.9,10.9,143900.0,1582900.0,derived_ohlc4
HNX_DXP,DXP,2025-10-13 09:00:00,1792,33,10.9,11.1,10.8,10.8,168000.0,1831199.9999999998,derived_ohlc4
HNX_DXP,DXP,2025-10-14 09:00:00,1793,33,10.9,11.0,10.7,10.8,109200.0,1184819.9999999998,derived_ohlc4
HNX_DXP,DXP,2025-10-15 09:00:00,1794,33,10.8,10.9,10.7,10.8,62400.0,673920.0,derived_ohlc4
HNX_DXP,DXP,2025-10-16 09:00:00,1795,33,10.8,10.8,10.7,10.8,93600.0,1008539.9999999999,derived_ohlc4
HNX_DXP,DXP,2025-10-17 09:00:00,1796,33,10.8,10.8,10.5,10.8,221900.0,2379877.5000000005,derived_ohlc4
HNX_DXP,DXP,2025-10-20 09:00:00,1797,33,10.7,10.7,10.2,10.3,184200.0,1929495.0,derived_ohlc4
HNX_DXP,DXP,2025-10-21 09:00:00,1798,33,10.3,10.3,10.0,10.2,266400.0,2717280.0,derived_ohlc4
HNX_DXP,DXP,2025-10-22 09:00:00,1799,33,10.2,10.2,9.8,10.1,90500.0,911787.4999999999,derived_ohlc4
HNX_DXP,DXP,2025-10-23 09:00:00,1800,33,10.1,10.3,10.0,10.2,227300.0,2307094.9999999995,derived_ohlc4
HNX_DXP,DXP,2025-10-24 09:00:00,1801,33,10.2,10.2,10.1,10.2,51400.0,522995.00000000006,derived_ohlc4
HNX_DXP,DXP,2025-10-27 09:00:00,1802,33,10.2,10.2,10.0,10.0,127500.0,1287750.0,derived_ohlc4
HNX_DXP,DXP,2025-10-28 09:00:00,1803,33,10.1,10.2,10.0,10.2,69600.0,704700.0,derived_ohlc4
HNX_DXP,DXP,2025-10-29 09:00:00,1804,33,10.2,10.3,10.1,10.3,97200.0,993870.0000000001,derived_ohlc4
HNX_DXP,DXP,2025-10-30 09:00:00,1805,33,10.3,11.3,10.2,11.3,684600.0,7376565.0,derived_ohlc4
HNX_DXP,DXP,2025-10-31 09:00:00,1806,33,11.5,11.6,11.0,11.3,327100.0,3712585.0000000005,derived_ohlc4
HNX_DXP,DXP,2025-11-03 09:00:00,1807,33,11.3,11.3,11.0,11.0,178500.0,1990275.0,derived_ohlc4
HNX_DXP,DXP,2025-11-04 09:00:00,1808,33,11.0,11.0,10.5,11.0,190500.0,2071687.5,derived_ohlc4
HNX_DXP,DXP,2025-11-05 09:00:00,1809,33,11.0,11.0,10.7,10.8,215100.0,2339212.5,derived_ohlc4
HNX_DXP,DXP,2025-11-06 09:00:00,1810,33,10.8,10.9,10.7,10.9,91400.0,989405.0000000001,derived_ohlc4
HNX_DXP,DXP,2025-11-07 09:00:00,1811,33,10.9,10.9,10.6,10.6,196700.0,2114525.0,derived_ohlc4
HNX_DXP,DXP,2025-11-10 09:00:00,1812,33,10.6,10.6,10.4,10.5,164700.0,1733467.5,derived_ohlc4
HNX_DXP,DXP,2025-11-11 09:00:00,1813,33,10.5,10.6,10.4,10.5,69300.0,727650.0,derived_ohlc4
HNX_DXP,DXP,2025-11-12 09:00:00,1814,33,10.5,10.7,10.5,10.6,168000.0,1776599.9999999998,derived_ohlc4
HNX_DXP,DXP,2025-11-13 09:00:00,1815,33,10.5,11.0,10.4,10.9,305900.0,3273130.0,derived_ohlc4
HNX_DXP,DXP,2025-11-14 09:00:00,1816,33,10.8,10.9,10.6,10.8,232900.0,2509497.5000000005,derived_ohlc4
HNX_DXP,DXP,2025-11-17 09:00:00,1817,33,10.9,11.0,10.8,10.9,185500.0,2021950.0,derived_ohlc4
HNX_DXP,DXP,2025-11-18 09:00:00,1818,33,10.9,11.0,10.8,10.9,137900.0,1503110.0,derived_ohlc4
HNX_DXP,DXP,2025-11-19 09:00:00,1819,33,10.9,11.2,10.9,11.0,335100.0,3686100.0,derived_ohlc4
HNX_DXP,DXP,2025-11-20 09:00:00,1820,33,11.2,11.3,10.9,11.2,284100.0,3167714.9999999995,derived_ohlc4
HNX_DXP,DXP,2025-11-21 09:00:00,1821,33,11.2,11.2,10.9,11.1,221800.0,2461980.0,derived_ohlc4
HNX_DXP,DXP,2025-11-24 09:00:00,1822,33,11.1,11.2,11.0,11.0,171000.0,1893824.9999999998,derived_ohlc4
HNX_DXP,DXP,2025-11-25 09:00:00,1823,33,9.9,11.0,9.9,10.6,378500.0,3917475.0,derived_ohlc4
HNX_DXP,DXP,2025-11-26 09:00:00,1824,33,10.7,10.9,10.7,10.7,139400.0,1498550.0,derived_ohlc4
HNX_DXP,DXP,2025-11-27 09:00:00,1825,33,10.8,10.9,10.7,10.7,434200.0,4678505.000000001,derived_ohlc4
HNX_DXP,DXP,2025-11-28 09:00:00,1826,33,10.8,10.8,10.7,10.8,331700.0,3574067.4999999995,derived_ohlc4
HNX_DXP,DXP,2025-12-01 09:00:00,1827,33,10.8,10.9,10.7,10.8,96800.0,1045440.0000000001,derived_ohlc4
HNX_DXP,DXP,2025-12-02 09:00:00,1828,33,10.7,10.8,10.7,10.8,59900.0,643925.0,derived_ohlc4
HNX_DXP,DXP,2025-12-03 09:00:00,1829,33,10.8,10.9,10.7,10.8,281000.0,3034800.0,derived_ohlc4
HNX_DXP,DXP,2025-12-04 09:00:00,1830,33,10.8,11.3,10.8,11.1,772800.0,8500800.000000002,derived_ohlc4
HNX_DXP,DXP,2025-12-05 09:00:00,1831,33,11.2,11.4,11.1,11.2,424000.0,4759400.000000001,derived_ohlc4
HNX_DXP,DXP,2025-12-08 09:00:00,1832,33,11.3,11.3,10.9,11.1,413000.0,4604950.0,derived_ohlc4
HNX_DXP,DXP,2025-12-09 09:00:00,1833,33,11.1,11.1,10.8,10.9,375900.0,4125502.5,derived_ohlc4
HNX_DXP,DXP,2025-12-10 09:00:00,1834,33,10.9,11.2,10.8,11.0,330800.0,3630530.0000000005,derived_ohlc4
HNX_DXP,DXP,2025-12-11 09:00:00,1835,33,11.0,11.1,10.8,10.9,302900.0,3316755.0000000005,derived_ohlc4
HNX_DXP,DXP,2025-12-12 09:00:00,1836,33,10.9,11.0,10.5,10.6,429600.0,4618200.0,derived_ohlc4
HNX_DXP,DXP,2025-12-15 09:00:00,1837,33,10.6,10.6,10.5,10.6,367000.0,3881024.9999999995,derived_ohlc4
HNX_DXP,DXP,2025-12-16 09:00:00,1838,33,10.6,10.7,10.5,10.7,138600.0,1472625.0,derived_ohlc4
HNX_DXP,DXP,2025-12-17 09:00:00,1839,33,10.7,10.8,10.7,10.7,171600.0,1840410.0000000002,derived_ohlc4
HNX_DXP,DXP,2025-12-18 09:00:00,1840,33,10.7,10.8,10.6,10.8,46800.0,501930.00000000006,derived_ohlc4
HNX_DXP,DXP,2025-12-19 09:00:00,1841,33,10.8,10.8,10.6,10.8,91400.0,982550.0,derived_ohlc4
HNX_DXP,DXP,2025-12-22 09:00:00,1842,33,10.8,10.8,10.7,10.8,39000.0,420224.99999999994,derived_ohlc4
HNX_DXP,DXP,2025-12-23 09:00:00,1843,33,10.8,10.9,10.7,10.8,88800.0,959040.0000000001,derived_ohlc4
HNX_DXP,DXP,2025-12-24 09:00:00,1844,33,10.8,10.8,10.7,10.7,81500.0,876125.0,derived_ohlc4
HNX_DXP,DXP,2025-12-25 09:00:00,1845,33,10.7,10.7,10.7,10.7,90100.0,964069.9999999999,derived_ohlc4
HNX_DXP,DXP,2025-12-26 09:00:00,1846,33,10.6,10.8,10.6,10.8,199900.0,2138930.0,derived_ohlc4
HNX_DXP,DXP,2025-12-29 09:00:00,1847,33,10.8,10.8,10.6,10.8,97800.0,1051350.0,derived_ohlc4
HNX_DXP,DXP,2025-12-30 09:00:00,1848,33,10.7,10.8,10.7,10.8,99900.0,1073925.0,derived_ohlc4
HNX_DXP,DXP,2025-12-31 09:00:00,1849,33,10.8,11.1,10.8,10.9,151000.0,1645900.0,derived_ohlc4
HNX_DXP,DXP,2026-01-05 09:00:00,1850,33,11.0,11.3,10.7,10.7,299800.0,3275315.0,derived_ohlc4
HNX_DXP,DXP,2026-01-06 09:00:00,1851,33,10.7,11.0,10.7,10.9,120400.0,1303330.0,derived_ohlc4
HNX_DXP,DXP,2026-01-07 09:00:00,1852,33,10.9,11.0,10.8,10.9,235700.0,2569130.0,derived_ohlc4
HNX_DXP,DXP,2026-01-08 09:00:00,1853,33,11.0,11.1,10.8,10.9,157100.0,1720245.0000000002,derived_ohlc4
HNX_DXP,DXP,2026-01-09 09:00:00,1854,33,10.9,10.9,10.7,10.9,229100.0,2485735.0,derived_ohlc4
HNX_DXP,DXP,2026-01-12 09:00:00,1855,33,10.9,11.0,10.9,11.0,164800.0,1804559.9999999998,derived_ohlc4
HNX_DXP,DXP,2026-01-13 09:00:00,1856,33,11.0,11.2,10.9,11.1,237300.0,2622165.0,derived_ohlc4
HNX_DXP,DXP,2026-01-14 09:00:00,1857,33,11.1,11.6,11.0,11.4,443500.0,5000462.5,derived_ohlc4
HNX_DXP,DXP,2026-01-15 09:00:00,1858,33,11.5,11.7,11.3,11.6,442100.0,5095202.5,derived_ohlc4
HNX_DXP,DXP,2026-01-16 09:00:00,1859,33,11.6,11.7,11.4,11.6,268600.0,3109045.0,derived_ohlc4
HNX_DXP,DXP,2026-01-19 09:00:00,1860,33,11.3,11.7,11.3,11.7,415300.0,4775950.0,derived_ohlc4
HNX_DXP,DXP,2026-01-20 09:00:00,1861,33,11.8,12.8,11.7,12.7,1837400.0,22508150.0,derived_ohlc4
HNX_DXP,DXP,2026-01-21 09:00:00,1862,33,12.7,12.7,12.1,12.5,667100.0,8338750.0,derived_ohlc4
HNX_DXP,DXP,2026-01-22 09:00:00,1863,33,12.4,12.5,11.7,11.7,893100.0,10784182.5,derived_ohlc4
HNX_DXP,DXP,2026-01-23 09:00:00,1864,33,11.7,11.9,11.5,11.6,627700.0,7328397.5,derived_ohlc4
HNX_DXP,DXP,2026-01-26 09:00:00,1865,33,11.6,11.8,11.1,11.3,477500.0,5467375.0,derived_ohlc4
HNX_DXP,DXP,2026-01-27 09:00:00,1866,33,11.3,11.4,11.0,11.0,350100.0,3912367.5000000005,derived_ohlc4
HNX_DXP,DXP,2026-01-28 09:00:00,1867,33,11.0,11.2,10.9,11.1,162900.0,1800045.0,derived_ohlc4
HNX_DXP,DXP,2026-01-29 09:00:00,1868,33,11.1,11.3,11.1,11.2,164700.0,1840522.5000000002,derived_ohlc4
HNX_DXP,DXP,2026-01-30 09:00:00,1869,33,11.2,11.3,10.9,10.9,394100.0,4364657.5,derived_ohlc4
HNX_DXP,DXP,2026-02-02 09:00:00,1870,33,11.9,11.9,11.9,11.9,187700.0,2233630.0,derived_ohlc4
HNX_DXP,DXP,2026-02-03 09:00:00,1871,33,12.8,12.9,12.1,12.2,960000.0,12000000.0,derived_ohlc4
HNX_DXP,DXP,2026-02-04 09:00:00,1872,33,12.2,12.4,12.1,12.3,247000.0,3025750.0,derived_ohlc4
HNX_DXP,DXP,2026-02-05 09:00:00,1873,33,12.3,12.9,12.3,12.5,1087100.0,13588750.0,derived_ohlc4
HNX_DXP,DXP,2026-02-06 09:00:00,1874,33,12.5,12.5,12.0,12.2,470000.0,5781000.0,derived_ohlc4
HNX_DXP,DXP,2026-02-09 09:00:00,1875,33,12.2,12.4,12.1,12.2,191700.0,2343532.5000000005,derived_ohlc4
HNX_DXP,DXP,2026-02-10 09:00:00,1876,33,12.2,12.3,11.9,12.1,399400.0,4842725.0,derived_ohlc4
HNX_DXP,DXP,2026-02-11 09:00:00,1877,33,12.0,12.2,11.9,12.1,115900.0,1396595.0,derived_ohlc4
HNX_DXP,DXP,2026-02-12 09:00:00,1878,33,12.2,12.4,12.1,12.3,200400.0,2454900.0,derived_ohlc4
HNX_DXP,DXP,2026-02-13 09:00:00,1879,33,12.2,12.3,12.1,12.1,67400.0,820595.0,derived_ohlc4
HNX_DXP,DXP,2026-02-23 09:00:00,1880,33,12.2,12.3,12.0,12.1,378200.0,4595130.0,derived_ohlc4
HNX_DXP,DXP,2026-02-24 09:00:00,1881,33,12.1,12.8,12.1,12.5,886900.0,10975387.5,derived_ohlc4
HNX_DXP,DXP,2026-02-25 09:00:00,1882,33,12.5,12.6,12.4,12.4,307100.0,3831072.5,derived_ohlc4
HNX_DXP,DXP,2026-02-26 09:00:00,1883,33,12.4,12.5,12.2,12.3,508900.0,6284914.999999999,derived_ohlc4
HNX_DXP,DXP,2026-02-27 09:00:00,1884,33,12.3,12.9,12.2,12.9,1236200.0,15545215.000000002,derived_ohlc4
HNX_DXP,DXP,2026-03-02 09:00:00,1885,33,12.9,13.9,12.8,13.3,2735800.0,36180955.00000001,derived_ohlc4
HNX_DXP,DXP,2026-03-03 09:00:00,1886,33,13.4,13.9,13.3,13.7,1618500.0,21971137.5,derived_ohlc4
HNX_DXP,DXP,2026-03-04 09:00:00,1887,33,13.8,13.8,12.6,13.0,1574400.0,20939520.0,derived_ohlc4
HNX_DXP,DXP,2026-03-05 09:00:00,1888,33,13.1,13.6,12.9,13.0,835300.0,10984195.0,derived_ohlc4
HNX_DXP,DXP,2026-03-06 09:00:00,1889,33,13.0,13.1,12.5,12.8,793900.0,10201615.000000002,derived_ohlc4
HNX_DXP,DXP,2026-03-09 09:00:00,1890,33,12.5,12.5,11.6,11.6,1028500.0,12393425.0,derived_ohlc4
HNX_DXP,DXP,2026-03-10 09:00:00,1891,33,11.6,12.3,11.5,12.0,1131600.0,13409460.0,derived_ohlc4
HNX_DXP,DXP,2026-03-11 09:00:00,1892,33,12.1,12.6,11.9,12.4,407000.0,4985750.0,derived_ohlc4
HNX_DXP,DXP,2026-03-12 09:00:00,1893,33,12.5,12.5,12.1,12.4,251900.0,3117262.5,derived_ohlc4
HNX_DXP,DXP,2026-03-13 09:00:00,1894,33,12.4,12.8,12.2,12.7,457600.0,5731440.000000001,derived_ohlc4
HNX_DXP,DXP,2026-03-16 09:00:00,1895,33,12.7,13.0,12.4,12.6,421000.0,5336175.0,derived_ohlc4
HNX_DXP,DXP,2026-03-17 09:00:00,1896,33,12.6,12.7,12.4,12.6,278600.0,3503395.0,derived_ohlc4
HNX_DXP,DXP,2026-03-18 09:00:00,1897,33,12.5,13.1,12.3,13.0,682300.0,8682267.500000002,derived_ohlc4
HNX_DXP,DXP,2026-03-19 09:00:00,1898,33,13.0,13.1,12.6,12.8,283400.0,3648775.0,derived_ohlc4
HNX_DXP,DXP,2026-03-20 09:00:00,1899,33,12.7,12.9,12.5,12.7,413000.0,5245100.0,derived_ohlc4
HNX_DXP,DXP,2026-03-23 09:00:00,1900,33,12.5,12.5,11.8,12.0,693600.0,8461920.0,derived_ohlc4
HNX_DXP,DXP,2026-03-24 09:00:00,1901,33,12.0,12.4,12.0,12.3,212300.0,2584752.5,derived_ohlc4
HNX_DXP,DXP,2026-03-25 09:00:00,1902,33,12.2,12.6,12.2,12.6,201400.0,2497360.0,derived_ohlc4
HNX_DXP,DXP,2026-03-26 09:00:00,1903,33,12.6,12.7,12.5,12.6,268900.0,3388140.0,derived_ohlc4
HNX_DXP,DXP,2026-03-27 09:00:00,1904,33,12.7,13.5,12.7,13.4,1289000.0,16853675.0,derived_ohlc4
HNX_DXP,DXP,2026-03-30 09:00:00,1905,33,13.4,13.8,13.1,13.4,536400.0,7201170.0,derived_ohlc4
HNX_DXP,DXP,2026-03-31 09:00:00,1906,33,13.5,13.8,13.3,13.3,440500.0,5935737.500000001,derived_ohlc4
HNX_DXP,DXP,2026-04-01 09:00:00,1907,33,13.4,13.7,13.1,13.1,419500.0,5589837.5,derived_ohlc4
HNX_DXP,DXP,2026-04-02 09:00:00,1908,33,13.2,13.2,12.8,13.0,390000.0,5089500.0,derived_ohlc4
HNX_DXP,DXP,2026-04-03 09:00:00,1909,33,13.0,13.1,12.8,13.0,198400.0,2574240.0000000005,derived_ohlc4
HNX_DXP,DXP,2026-04-06 09:00:00,1910,33,12.9,14.0,12.8,13.4,793900.0,10539022.5,derived_ohlc4
HNX_DXP,DXP,2026-04-07 09:00:00,1911,33,13.6,14.1,13.4,13.5,649500.0,8865675.0,derived_ohlc4
HNX_DXP,DXP,2026-04-08 09:00:00,1912,33,13.6,14.2,13.6,13.9,1319600.0,18243470.0,derived_ohlc4
HNX_DXP,DXP,2026-04-09 09:00:00,1913,33,13.7,14.7,13.7,14.5,1181500.0,16718224.999999998,derived_ohlc4
HNX_DXP,DXP,2026-04-10 09:00:00,1914,33,14.6,14.8,14.2,14.2,565100.0,8165695.0,derived_ohlc4
HNX_DXP,DXP,2026-04-13 09:00:00,1915,33,14.2,14.2,13.8,14.1,460500.0,6481537.500000001,derived_ohlc4
HNX_DXP,DXP,2026-04-14 09:00:00,1916,33,14.1,14.5,13.8,14.2,391000.0,5532650.000000001,derived_ohlc4
HNX_DXP,DXP,2026-04-15 09:00:00,1917,33,14.4,14.4,13.9,14.0,282300.0,4001602.5,derived_ohlc4
HNX_DXP,DXP,2026-04-16 09:00:00,1918,33,13.9,14.3,13.8,14.3,310600.0,4371695.0,derived_ohlc4
HNX_DXP,DXP,2026-04-17 09:00:00,1919,33,14.4,14.6,14.0,14.0,598100.0,8522925.0,derived_ohlc4
HNX_DXP,DXP,2026-04-20 09:00:00,1920,33,14.0,14.2,13.9,13.9,275900.0,3862600.0,derived_ohlc4
HNX_DXP,DXP,2026-04-21 09:00:00,1921,33,13.8,14.0,13.7,13.7,549600.0,7584480.0,derived_ohlc4
HNX_DXP,DXP,2026-04-22 09:00:00,1922,33,13.7,14.0,13.7,14.0,307100.0,4253335.0,derived_ohlc4
HNX_DXP,DXP,2026-04-23 09:00:00,1923,33,14.0,14.1,13.5,13.9,478000.0,6632250.0,derived_ohlc4
HNX_DXP,DXP,2026-04-24 09:00:00,1924,33,14.0,14.5,13.9,14.3,633100.0,8974192.5,derived_ohlc4
HNX_DXP,DXP,2026-04-28 09:00:00,1925,33,14.3,14.6,14.1,14.1,404800.0,5778520.0,derived_ohlc4
HNX_DXP,DXP,2026-04-29 09:00:00,1926,33,14.1,14.3,13.9,14.3,295500.0,4181324.9999999995,derived_ohlc4
HNX_DXP,DXP,2026-05-04 09:00:00,1927,33,13.7,15.6,13.7,15.5,1709000.0,24994125.0,derived_ohlc4
HNX_DXP,DXP,2026-05-05 09:00:00,1928,33,15.6,15.6,15.0,15.3,333800.0,5132175.0,derived_ohlc4
HNX_DXP,DXP,2026-05-06 09:00:00,1929,33,15.3,16.0,15.0,15.7,545400.0,8453700.0,derived_ohlc4
HNX_DXP,DXP,2026-05-07 09:00:00,1930,33,16.0,16.0,15.3,15.4,382700.0,5998822.5,derived_ohlc4
HNX_DXP,DXP,2026-05-08 09:00:00,1931,33,15.4,15.5,15.1,15.1,355600.0,5431790.0,derived_ohlc4
HNX_DXP,DXP,2026-05-11 09:00:00,1932,33,15.1,15.2,14.8,15.0,213100.0,3201827.4999999995,derived_ohlc4
HNX_DXP,DXP,2026-05-12 09:00:00,1933,33,15.0,15.3,14.8,15.1,204400.0,3076220.0,derived_ohlc4
HNX_DXP,DXP,2026-05-13 09:00:00,1934,33,15.2,15.3,14.8,15.1,269200.0,4064920.0,derived_ohlc4
HNX_DXP,DXP,2026-05-14 09:00:00,1935,33,14.9,15.1,14.9,15.0,188800.0,2827280.0,derived_ohlc4
HNX_DXP,DXP,2026-05-15 09:00:00,1936,33,15.0,15.0,13.6,13.7,2301600.0,32970420.0,derived_ohlc4
HNX_DXP,DXP,2026-05-18 09:00:00,1937,33,13.7,14.0,13.6,13.7,283600.0,3899500.0,derived_ohlc4
HNX_DXP,DXP,2026-05-19 09:00:00,1938,33,13.7,13.9,13.2,13.4,525100.0,7115104.999999999,derived_ohlc4
HNX_DXP,DXP,2026-05-20 09:00:00,1939,33,13.4,13.5,12.5,13.2,818800.0,10767219.999999998,derived_ohlc4
HNX_DXP,DXP,2026-05-21 09:00:00,1940,33,13.2,13.7,13.2,13.6,299900.0,4026157.4999999995,derived_ohlc4
HNX_DXP,DXP,2026-05-22 09:00:00,1941,33,13.6,13.6,13.3,13.4,209600.0,2824360.0,derived_ohlc4
HNX_DXP,DXP,2026-05-25 09:00:00,1942,33,13.5,13.7,13.4,13.6,171100.0,2318405.0,derived_ohlc4
HNX_DXP,DXP,2026-05-26 09:00:00,1943,33,13.5,13.6,13.4,13.5,172000.0,2322000.0,derived_ohlc4
HNX_DXP,DXP,2026-05-27 09:00:00,1944,33,13.5,13.5,13.4,13.5,80500.0,1084737.5,derived_ohlc4
HNX_DXP,DXP,2026-05-28 09:00:00,1945,33,13.5,13.5,13.3,13.3,110700.0,1483379.9999999998,derived_ohlc4
HNX_DXP,DXP,2026-05-29 09:00:00,1946,33,13.3,13.4,13.2,13.2,141700.0,1881067.5000000002,derived_ohlc4
HNX_DXP,DXP,2026-06-01 09:00:00,1947,33,13.2,13.4,13.2,13.3,58400.0,775259.9999999999,derived_ohlc4
HNX_DXP,DXP,2026-06-02 09:00:00,1948,33,13.4,13.4,13.1,13.1,150100.0,1988825.0,derived_ohlc4
HNX_DXP,DXP,2026-06-03 09:00:00,1949,33,13.0,13.2,12.7,13.1,329000.0,4277000.0,derived_ohlc4
HNX_DXP,DXP,2026-06-04 09:00:00,1950,33,13.1,13.2,12.9,13.0,83300.0,1087065.0,derived_ohlc4
HNX_DXP,DXP,2026-06-05 09:00:00,1951,33,12.9,13.0,12.8,13.0,112300.0,1451477.5,derived_ohlc4
HNX_DXP,DXP,2026-06-08 09:00:00,1952,33,12.9,12.9,12.7,12.8,98600.0,1264545.0,derived_ohlc4
HNX_DXP,DXP,2026-06-09 09:00:00,1953,33,12.8,12.8,12.6,12.8,59400.0,757350.0,derived_ohlc4
HNX_DXP,DXP,2026-06-10 09:00:00,1954,33,12.7,12.8,12.6,12.7,180100.0,2287270.0,derived_ohlc4
HNX_DXP,DXP,2026-06-11 09:00:00,1955,33,12.6,12.7,12.6,12.7,73700.0,932304.9999999999,derived_ohlc4
HNX_DXP,DXP,2026-06-12 09:00:00,1956,33,12.7,12.8,12.7,12.7,27900.0,355027.50000000006,derived_ohlc4
HNX_DXP,DXP,2026-06-15 09:00:00,1957,33,13.0,13.0,12.8,12.8,91800.0,1184219.9999999998,derived_ohlc4
HNX_DXP,DXP,2026-06-16 09:00:00,1958,33,12.9,13.0,12.8,12.9,57400.0,740460.0,derived_ohlc4
HNX_DXP,DXP,2026-06-17 09:00:00,1959,33,12.9,12.9,12.8,12.8,209800.0,2695930.0000000005,derived_ohlc4
HNX_DXP,DXP,2026-06-18 09:00:00,1960,33,12.8,12.8,12.7,12.8,97400.0,1244284.9999999998,derived_ohlc4
HNX_DXP,DXP,2026-06-19 09:00:00,1961,33,12.8,12.8,12.7,12.8,54900.0,701347.4999999999,derived_ohlc4
HNX_DXP,DXP,2026-06-22 09:00:00,1962,33,12.8,13.0,12.7,13.0,144000.0,1854000.0,derived_ohlc4
HNX_DXP,DXP,2026-06-23 09:00:00,1963,33,12.9,13.0,12.8,12.9,31100.0,401190.0,derived_ohlc4
HNX_DXP,DXP,2026-06-24 09:00:00,1964,33,12.9,12.9,12.6,12.8,56800.0,727040.0,derived_ohlc4
HNX_DXP,DXP,2026-06-25 09:00:00,1965,33,12.8,12.8,12.6,12.8,62000.0,790500.0,derived_ohlc4
HNX_DXP,DXP,2026-06-26 09:00:00,1966,33,12.7,12.9,12.7,12.8,59900.0,765222.4999999999,derived_ohlc4
HNX_DXP,DXP,2026-06-29 09:00:00,1967,33,12.8,13.1,12.8,13.1,160900.0,2083655.0000000002,derived_ohlc4
HNX_DXP,DXP,2026-06-30 09:00:00,1968,33,13.2,13.5,13.2,13.4,228000.0,3038100.0,derived_ohlc4
HNX_DXP,DXP,2026-07-01 09:00:00,1969,33,13.4,13.7,13.3,13.7,185700.0,2511592.5000000005,derived_ohlc4
HNX_DXP,DXP,2026-07-02 09:00:00,1970,33,13.7,13.8,13.5,13.6,134700.0,1838655.0,derived_ohlc4
HNX_DXP,DXP,2026-07-03 09:00:00,1971,33,13.5,13.7,13.4,13.5,62600.0,846665.0,derived_ohlc4
HNX_DXP,DXP,2026-07-06 09:00:00,1972,33,13.5,13.5,13.1,13.1,99000.0,1316700.0,derived_ohlc4
HNX_DXP,DXP,2026-07-07 09:00:00,1973,33,13.1,13.3,13.0,13.2,47100.0,619364.9999999999,derived_ohlc4
HNX_DXP,DXP,2026-07-08 09:00:00,1974,33,13.2,13.2,13.1,13.1,42500.0,558875.0,derived_ohlc4
HNX_DXP,DXP,2026-07-09 09:00:00,1975,33,13.1,13.2,13.0,13.2,17700.0,232312.5,derived_ohlc4
HNX_DXP,DXP,2026-07-10 09:00:00,1976,33,13.1,13.3,13.1,13.2,176100.0,2320117.5,derived_ohlc4
HNX_DXP,DXP,2026-07-13 09:00:00,1977,33,13.1,13.2,12.8,13.0,253700.0,3304442.4999999995,derived_ohlc4
HNX_DXP,DXP,2026-07-14 09:00:00,1978,33,13.0,13.0,12.8,13.0,136200.0,1763790.0,derived_ohlc4
HNX_DXP,DXP,2026-07-15 09:00:00,1979,33,13.0,13.0,12.7,12.7,87100.0,1119235.0000000002,derived_ohlc4
HNX_DXP,DXP,2026-07-16 09:00:00,1980,33,12.8,12.9,12.4,12.7,81000.0,1028700.0,derived_ohlc4
HNX_DXP,DXP,2026-07-17 09:00:00,1981,33,12.7,13.2,12.6,13.0,192900.0,2483587.5,derived_ohlc4
HNX_DXP,DXP,2026-07-20 09:00:00,1982,33,12.9,13.1,12.5,13.0,228400.0,2940650.0,derived_ohlc4
HNX_DXP,DXP,2026-07-21 09:00:00,1983,33,12.8,13.4,12.8,13.3,298900.0,3908117.5,derived_ohlc4
HNX_DXP,DXP,2026-07-22 09:00:00,1984,33,13.3,13.3,13.0,13.0,146100.0,1921215.0,derived_ohlc4
HNX_DXP,DXP,2026-07-23 09:00:00,1985,33,13.1,13.1,12.7,13.1,144100.0,1873300.0,derived_ohlc4
HNX_DXP,DXP,2026-07-24 09:00:00,1986,33,13.0,13.4,12.8,13.2,214300.0,2807330.0000000005,derived_ohlc4
HNX_DXP,DXP,2026-07-27 09:00:00,1987,33,13.3,13.4,13.1,13.1,174500.0,2307762.5000000005,derived_ohlc4
HNX_DXP,DXP,2026-07-28 09:00:00,1988,33,13.1,13.3,13.0,13.3,57800.0,761515.0,derived_ohlc4
HNX_DXP,DXP,2026-07-29 09:00:00,1989,33,13.2,13.4,13.1,13.4,108100.0,1435027.5,derived_ohlc4
HNX_DXP,DXP,2026-07-30 09:00:00,1990,33,13.5,14.2,13.5,14.0,481000.0,6637800.0,derived_ohlc4
HNX_DXP,DXP,2026-07-31 09:00:00,1991,33,14.2,14.2,13.7,13.8,199700.0,2790807.4999999995,derived_ohlc4
HNX_DXP,DXP,2026-08-03 09:00:00,1992,33,13.9,13.9,13.7,13.8,262600.0,3630445.0,derived_ohlc4
HNX_DXP,DXP,2026-08-04 09:00:00,1993,33,14.0,14.9,13.9,14.8,654600.0,9426240.0,derived_ohlc4
HNX_DXP,DXP,2026-08-05 09:00:00,1994,33,14.5,15.1,13.5,14.8,180300.0,2609842.5000000005,derived_ohlc4
HNX_DXP,DXP,2026-08-06 09:00:00,1995,33,14.8,15.0,14.5,14.8,310000.0,4580250.0,derived_ohlc4
HNX_DXP,DXP,2026-08-07 09:00:00,1996,33,14.8,15.3,14.7,14.7,310900.0,4624637.5,derived_ohlc4
