security_id,symbol,timestamps,session_id,segment_id,open,high,low,close,volume,amount,amount_source
HOSE_GVR,GVR,2018-08-09 09:00:00,0,0,7.09,7.09,7.0,7.0,16800.0,118356.0,derived_ohlc4
HOSE_GVR,GVR,2018-08-10 09:00:00,1,0,6.92,7.0,6.92,6.92,41900.0,290786.0,derived_ohlc4
HOSE_GVR,GVR,2018-08-13 09:00:00,2,0,6.92,7.0,6.92,6.92,900.0,6246.0,derived_ohlc4
HOSE_GVR,GVR,2018-08-14 09:00:00,3,0,7.0,7.0,6.92,6.92,25800.0,179568.00000000003,derived_ohlc4
HOSE_GVR,GVR,2018-08-15 09:00:00,4,0,7.0,7.0,6.92,7.0,235000.0,1640300.0,derived_ohlc4
HOSE_GVR,GVR,2018-08-16 09:00:00,5,0,6.83,6.83,6.83,6.83,105700.0,721931.0,derived_ohlc4
HOSE_GVR,GVR,2018-08-17 09:00:00,6,0,6.83,7.09,6.83,6.83,60600.0,417837.0,derived_ohlc4
HOSE_GVR,GVR,2018-08-20 09:00:00,7,0,6.83,6.92,6.74,6.83,72300.0,493809.0,derived_ohlc4
HOSE_GVR,GVR,2018-08-21 09:00:00,8,0,6.83,6.92,6.74,6.92,37800.0,259024.50000000003,derived_ohlc4
HOSE_GVR,GVR,2018-08-22 09:00:00,9,0,6.83,6.92,6.83,6.92,11200.0,77000.0,derived_ohlc4
HOSE_GVR,GVR,2018-08-23 09:00:00,10,0,6.92,6.92,6.92,6.92,8800.0,60896.0,derived_ohlc4
HOSE_GVR,GVR,2018-08-24 09:00:00,11,0,6.92,6.92,6.92,6.92,16500.0,114180.0,derived_ohlc4
HOSE_GVR,GVR,2018-08-27 09:00:00,12,0,6.92,6.92,6.92,6.92,16300.0,112796.0,derived_ohlc4
HOSE_GVR,GVR,2018-08-28 09:00:00,13,0,6.83,7.0,6.74,6.92,42100.0,289332.25,derived_ohlc4
HOSE_GVR,GVR,2018-08-29 09:00:00,14,0,6.92,6.92,6.92,6.92,7600.0,52592.0,derived_ohlc4
HOSE_GVR,GVR,2018-08-30 09:00:00,15,0,7.09,7.78,6.92,7.18,1460300.0,10576222.75,derived_ohlc4
HOSE_GVR,GVR,2018-08-31 09:00:00,16,0,7.18,7.18,6.92,6.92,225500.0,1589775.0000000002,derived_ohlc4
HOSE_GVR,GVR,2018-09-04 09:00:00,17,0,7.0,7.09,7.0,7.0,19000.0,133427.5,derived_ohlc4
HOSE_GVR,GVR,2018-09-05 09:00:00,18,0,6.92,6.92,6.74,6.92,29500.0,202812.5,derived_ohlc4
HOSE_GVR,GVR,2018-09-06 09:00:00,19,0,6.83,6.92,6.74,6.83,19000.0,129770.0,derived_ohlc4
HOSE_GVR,GVR,2018-09-07 09:00:00,20,0,6.92,6.92,6.83,6.83,11600.0,79750.0,derived_ohlc4
HOSE_GVR,GVR,2018-09-10 09:00:00,21,0,6.83,6.83,6.83,6.83,15000.0,102450.0,derived_ohlc4
HOSE_GVR,GVR,2018-09-11 09:00:00,22,0,6.83,7.0,6.83,6.83,241360.0,1658746.6,derived_ohlc4
HOSE_GVR,GVR,2018-09-12 09:00:00,23,0,6.92,6.92,6.83,6.83,163700.0,1125437.5,derived_ohlc4
HOSE_GVR,GVR,2018-09-13 09:00:00,24,0,6.83,6.92,6.74,6.83,12000.0,81960.0,derived_ohlc4
HOSE_GVR,GVR,2018-09-14 09:00:00,25,0,6.83,6.92,6.83,6.92,158000.0,1086250.0,derived_ohlc4
HOSE_GVR,GVR,2018-09-17 09:00:00,26,0,6.83,6.83,6.74,6.83,346950.0,2361862.1249999995,derived_ohlc4
HOSE_GVR,GVR,2018-09-18 09:00:00,27,0,6.83,6.83,6.74,6.83,86300.0,587487.2499999999,derived_ohlc4
HOSE_GVR,GVR,2018-09-19 09:00:00,28,0,6.83,6.83,6.74,6.83,19300.0,131384.74999999997,derived_ohlc4
HOSE_GVR,GVR,2018-09-20 09:00:00,29,0,6.92,6.92,6.83,6.83,45200.0,310750.0,derived_ohlc4
HOSE_GVR,GVR,2018-09-21 09:00:00,30,0,6.92,7.26,6.92,6.92,68300.0,478441.50000000006,derived_ohlc4
HOSE_GVR,GVR,2018-09-24 09:00:00,31,0,7.09,7.18,7.0,7.09,53200.0,377188.0,derived_ohlc4
HOSE_GVR,GVR,2018-09-25 09:00:00,32,0,7.0,7.18,7.0,7.09,47900.0,338533.25,derived_ohlc4
HOSE_GVR,GVR,2018-09-26 09:00:00,33,0,7.26,7.35,7.18,7.18,92800.0,672104.0,derived_ohlc4
HOSE_GVR,GVR,2018-09-27 09:00:00,34,0,7.26,7.26,7.09,7.09,16100.0,115517.5,derived_ohlc4
HOSE_GVR,GVR,2018-09-28 09:00:00,35,0,7.18,7.26,7.18,7.18,31400.0,226079.99999999997,derived_ohlc4
HOSE_GVR,GVR,2018-10-01 09:00:00,36,0,7.35,7.61,7.26,7.61,87900.0,655514.25,derived_ohlc4
HOSE_GVR,GVR,2018-10-02 09:00:00,37,0,7.69,8.04,7.69,7.69,111100.0,864080.2500000001,derived_ohlc4
HOSE_GVR,GVR,2018-10-03 09:00:00,38,0,7.87,8.99,7.87,8.99,275790.0,2324909.6999999997,derived_ohlc4
HOSE_GVR,GVR,2018-10-04 09:00:00,39,0,9.94,9.94,8.82,9.16,225950.0,2138616.75,derived_ohlc4
HOSE_GVR,GVR,2018-10-05 09:00:00,40,0,9.08,9.51,8.47,8.47,270250.0,2400495.625,derived_ohlc4
HOSE_GVR,GVR,2018-10-08 09:00:00,41,0,7.95,8.65,7.95,8.65,106200.0,881460.0000000001,derived_ohlc4
HOSE_GVR,GVR,2018-10-09 09:00:00,42,0,8.65,8.82,8.3,8.82,67680.0,585262.8,derived_ohlc4
HOSE_GVR,GVR,2018-10-10 09:00:00,43,0,8.73,8.82,8.56,8.56,1500.0,13001.25,derived_ohlc4
HOSE_GVR,GVR,2018-10-11 09:00:00,44,0,8.47,8.47,7.43,7.61,220500.0,1762897.5,derived_ohlc4
HOSE_GVR,GVR,2018-10-12 09:00:00,45,0,7.61,8.21,7.61,8.21,50630.0,400483.3,derived_ohlc4
HOSE_GVR,GVR,2018-10-15 09:00:00,46,0,8.82,8.9,7.95,8.13,70100.0,592345.0,derived_ohlc4
HOSE_GVR,GVR,2018-10-16 09:00:00,47,0,8.65,9.25,8.04,8.04,294800.0,2504326.0,derived_ohlc4
HOSE_GVR,GVR,2018-10-17 09:00:00,48,0,8.21,8.21,7.95,7.95,26240.0,212019.2,derived_ohlc4
HOSE_GVR,GVR,2018-10-18 09:00:00,49,0,8.04,8.04,7.95,8.04,5400.0,43294.49999999999,derived_ohlc4
HOSE_GVR,GVR,2018-10-19 09:00:00,50,0,7.87,7.95,7.78,7.78,8400.0,65898.0,derived_ohlc4
HOSE_GVR,GVR,2018-10-22 09:00:00,51,0,7.78,8.04,7.78,8.04,2510.0,19854.1,derived_ohlc4
HOSE_GVR,GVR,2018-10-23 09:00:00,52,0,7.78,8.13,7.78,7.78,3800.0,29896.500000000004,derived_ohlc4
HOSE_GVR,GVR,2018-10-24 09:00:00,53,0,7.78,7.87,7.43,7.87,19000.0,147012.5,derived_ohlc4
HOSE_GVR,GVR,2018-10-25 09:00:00,54,0,7.69,7.69,7.52,7.61,23000.0,175432.5,derived_ohlc4
HOSE_GVR,GVR,2018-10-26 09:00:00,55,0,7.35,8.21,7.35,8.13,295580.0,2293700.8,derived_ohlc4
HOSE_GVR,GVR,2018-10-29 09:00:00,56,0,7.78,8.56,7.78,8.21,58000.0,468785.0,derived_ohlc4
HOSE_GVR,GVR,2018-10-30 09:00:00,57,0,7.95,8.21,7.95,8.13,12100.0,97526.0,derived_ohlc4
HOSE_GVR,GVR,2018-10-31 09:00:00,58,0,8.21,9.08,7.95,8.21,123400.0,1031932.5000000001,derived_ohlc4
HOSE_GVR,GVR,2018-11-01 09:00:00,59,0,8.04,8.04,7.78,8.04,64700.0,515982.5,derived_ohlc4
HOSE_GVR,GVR,2018-11-02 09:00:00,60,0,8.04,8.04,7.43,7.78,171100.0,1338429.75,derived_ohlc4
HOSE_GVR,GVR,2018-11-05 09:00:00,61,0,8.65,8.65,7.69,8.13,52000.0,430560.00000000006,derived_ohlc4
HOSE_GVR,GVR,2018-11-06 09:00:00,62,0,8.13,8.21,8.13,8.13,80000.0,652000.0000000001,derived_ohlc4
HOSE_GVR,GVR,2018-11-07 09:00:00,63,0,8.13,8.13,7.78,7.87,546800.0,4362097.000000001,derived_ohlc4
HOSE_GVR,GVR,2018-11-08 09:00:00,64,0,8.9,8.9,8.04,8.3,40300.0,343960.5,derived_ohlc4
HOSE_GVR,GVR,2018-11-09 09:00:00,65,0,8.47,8.56,7.87,8.04,132870.0,1094184.45,derived_ohlc4
HOSE_GVR,GVR,2018-11-12 09:00:00,66,0,7.78,8.13,7.78,7.87,160310.0,1264845.9000000001,derived_ohlc4
HOSE_GVR,GVR,2018-11-13 09:00:00,67,0,8.04,8.13,7.87,8.13,7100.0,57101.75,derived_ohlc4
HOSE_GVR,GVR,2018-11-14 09:00:00,68,0,8.21,8.9,7.87,7.95,72700.0,598502.75,derived_ohlc4
HOSE_GVR,GVR,2018-11-15 09:00:00,69,0,8.56,8.65,8.21,8.3,24500.0,206535.0,derived_ohlc4
HOSE_GVR,GVR,2018-11-16 09:00:00,70,0,8.04,8.21,7.87,7.95,55500.0,444971.25,derived_ohlc4
HOSE_GVR,GVR,2018-11-19 09:00:00,71,0,8.04,8.3,7.87,8.3,58770.0,477653.17500000005,derived_ohlc4
HOSE_GVR,GVR,2018-11-20 09:00:00,72,0,8.04,8.39,7.95,8.21,49600.0,404116.00000000006,derived_ohlc4
HOSE_GVR,GVR,2018-11-21 09:00:00,73,0,8.04,8.39,7.95,8.13,38900.0,316159.75,derived_ohlc4
HOSE_GVR,GVR,2018-11-22 09:00:00,74,0,8.21,8.21,7.95,8.21,62140.0,506130.3,derived_ohlc4
HOSE_GVR,GVR,2018-11-23 09:00:00,75,0,8.21,9.08,8.13,8.3,142630.0,1202370.9,derived_ohlc4
HOSE_GVR,GVR,2018-11-26 09:00:00,76,0,8.21,8.39,8.21,8.3,32900.0,272329.75,derived_ohlc4
HOSE_GVR,GVR,2018-11-27 09:00:00,77,0,8.39,8.39,8.13,8.13,8200.0,67732.00000000001,derived_ohlc4
HOSE_GVR,GVR,2018-11-28 09:00:00,78,0,8.04,8.04,8.04,8.04,9200.0,73967.99999999999,derived_ohlc4
HOSE_GVR,GVR,2018-11-29 09:00:00,79,0,8.04,8.04,8.04,8.04,9300.0,74771.99999999999,derived_ohlc4
HOSE_GVR,GVR,2018-11-30 09:00:00,80,0,8.13,8.13,8.04,8.04,48730.0,393982.05000000005,derived_ohlc4
HOSE_GVR,GVR,2018-12-03 09:00:00,81,0,8.13,8.21,8.04,8.21,15300.0,124656.75000000001,derived_ohlc4
HOSE_GVR,GVR,2018-12-04 09:00:00,82,0,8.04,8.21,8.04,8.04,11600.0,93757.0,derived_ohlc4
HOSE_GVR,GVR,2018-12-05 09:00:00,83,0,8.21,8.21,8.04,8.04,26400.0,214500.0,derived_ohlc4
HOSE_GVR,GVR,2018-12-06 09:00:00,84,0,8.04,8.21,8.04,8.21,13000.0,105625.0,derived_ohlc4
HOSE_GVR,GVR,2018-12-07 09:00:00,85,0,8.04,8.21,7.95,8.04,28020.0,225841.19999999995,derived_ohlc4
HOSE_GVR,GVR,2018-12-10 09:00:00,86,0,7.95,8.13,7.95,8.13,24100.0,193764.00000000003,derived_ohlc4
HOSE_GVR,GVR,2018-12-11 09:00:00,87,0,7.95,8.04,7.78,7.95,276000.0,2188680.0,derived_ohlc4
HOSE_GVR,GVR,2018-12-12 09:00:00,88,0,7.87,7.87,7.87,7.87,300.0,2361.0,derived_ohlc4
HOSE_GVR,GVR,2018-12-13 09:00:00,89,0,7.95,7.95,7.95,7.95,3200.0,25440.0,derived_ohlc4
HOSE_GVR,GVR,2018-12-14 09:00:00,90,0,7.87,7.95,7.78,7.95,40000.0,315500.0,derived_ohlc4
HOSE_GVR,GVR,2018-12-17 09:00:00,91,0,7.87,7.95,7.78,7.87,34000.0,267495.0,derived_ohlc4
HOSE_GVR,GVR,2018-12-18 09:00:00,92,0,7.78,7.95,7.78,7.87,83000.0,651135.0,derived_ohlc4
HOSE_GVR,GVR,2018-12-19 09:00:00,93,0,7.87,8.04,7.87,7.95,170300.0,1350904.75,derived_ohlc4
HOSE_GVR,GVR,2018-12-20 09:00:00,94,0,7.95,8.04,7.95,7.95,13600.0,108425.99999999999,derived_ohlc4
HOSE_GVR,GVR,2018-12-21 09:00:00,95,0,7.87,8.21,7.87,8.04,20200.0,161549.5,derived_ohlc4
HOSE_GVR,GVR,2018-12-24 09:00:00,96,0,8.04,8.13,7.95,8.13,90030.0,725866.875,derived_ohlc4
HOSE_GVR,GVR,2018-12-25 09:00:00,97,0,7.95,8.04,7.78,8.04,91800.0,730039.5,derived_ohlc4
HOSE_GVR,GVR,2018-12-26 09:00:00,98,0,7.95,8.21,7.87,8.21,42900.0,345774.0,derived_ohlc4
HOSE_GVR,GVR,2018-12-27 09:00:00,99,0,8.21,9.34,8.21,8.56,220920.0,1895493.6,derived_ohlc4
HOSE_GVR,GVR,2018-12-28 09:00:00,100,0,8.82,8.99,8.3,8.9,69500.0,608298.7500000001,derived_ohlc4
HOSE_GVR,GVR,2019-01-02 09:00:00,101,0,8.13,8.21,8.13,8.21,7900.0,64543.000000000015,derived_ohlc4
HOSE_GVR,GVR,2019-01-03 09:00:00,102,0,8.13,8.21,8.04,8.13,17600.0,143044.00000000003,derived_ohlc4
HOSE_GVR,GVR,2019-01-04 09:00:00,103,0,7.95,8.21,7.95,8.13,20830.0,167889.80000000002,derived_ohlc4
HOSE_GVR,GVR,2019-01-07 09:00:00,104,0,8.04,8.04,7.78,7.78,59700.0,472227.0,derived_ohlc4
HOSE_GVR,GVR,2019-01-08 09:00:00,105,0,7.87,7.95,7.87,7.95,6300.0,49833.0,derived_ohlc4
HOSE_GVR,GVR,2019-01-09 09:00:00,106,0,8.13,8.21,7.95,8.13,32100.0,260170.5,derived_ohlc4
HOSE_GVR,GVR,2019-01-10 09:00:00,107,0,8.04,8.04,8.04,8.04,9870.0,79354.79999999999,derived_ohlc4
HOSE_GVR,GVR,2019-01-11 09:00:00,108,0,8.13,8.65,8.13,8.13,116200.0,959812.0000000002,derived_ohlc4
HOSE_GVR,GVR,2019-01-14 09:00:00,109,0,8.13,8.39,8.13,8.13,48800.0,399916.0000000001,derived_ohlc4
HOSE_GVR,GVR,2019-01-15 09:00:00,110,0,8.47,8.47,8.13,8.13,23900.0,198370.00000000003,derived_ohlc4
HOSE_GVR,GVR,2019-01-16 09:00:00,111,0,8.47,9.08,8.3,8.3,48700.0,415776.25000000006,derived_ohlc4
HOSE_GVR,GVR,2019-01-17 09:00:00,112,0,8.56,8.56,8.21,8.21,16000.0,134160.00000000003,derived_ohlc4
HOSE_GVR,GVR,2019-01-18 09:00:00,113,0,8.47,8.47,8.21,8.39,22100.0,185308.50000000003,derived_ohlc4
HOSE_GVR,GVR,2019-01-21 09:00:00,114,0,8.21,8.47,8.13,8.47,9200.0,76544.0,derived_ohlc4
HOSE_GVR,GVR,2019-01-22 09:00:00,115,0,8.3,8.3,8.13,8.13,38400.0,315456.00000000006,derived_ohlc4
HOSE_GVR,GVR,2019-01-23 09:00:00,116,0,8.13,8.21,8.13,8.13,5200.0,42380.000000000015,derived_ohlc4
HOSE_GVR,GVR,2019-01-24 09:00:00,117,0,8.13,8.21,7.95,8.21,23010.0,186956.25,derived_ohlc4
HOSE_GVR,GVR,2019-01-25 09:00:00,118,0,8.04,8.04,7.95,7.95,3500.0,27982.499999999996,derived_ohlc4
HOSE_GVR,GVR,2019-01-28 09:00:00,119,0,8.04,8.3,8.04,8.21,56000.0,456260.00000000006,derived_ohlc4
HOSE_GVR,GVR,2019-01-29 09:00:00,120,0,8.04,8.39,8.04,8.39,82500.0,677737.5,derived_ohlc4
HOSE_GVR,GVR,2019-01-30 09:00:00,121,0,8.47,8.99,8.39,8.56,161000.0,1385002.5000000002,derived_ohlc4
HOSE_GVR,GVR,2019-01-31 09:00:00,122,0,8.9,9.08,8.56,8.65,34700.0,305273.25,derived_ohlc4
HOSE_GVR,GVR,2019-02-01 09:00:00,123,0,8.65,8.82,8.65,8.73,31700.0,276186.24999999994,derived_ohlc4
HOSE_GVR,GVR,2019-02-11 09:00:00,124,0,8.65,8.65,8.21,8.21,8700.0,73341.0,derived_ohlc4
HOSE_GVR,GVR,2019-02-12 09:00:00,125,0,8.3,8.65,8.21,8.65,21300.0,180038.25,derived_ohlc4
HOSE_GVR,GVR,2019-02-13 09:00:00,126,0,8.3,8.56,8.3,8.56,21200.0,178716.0,derived_ohlc4
HOSE_GVR,GVR,2019-02-14 09:00:00,127,0,8.39,8.47,8.39,8.39,2900.0,24389.0,derived_ohlc4
HOSE_GVR,GVR,2019-02-15 09:00:00,128,0,8.56,8.65,8.47,8.47,32950.0,281310.625,derived_ohlc4
HOSE_GVR,GVR,2019-02-18 09:00:00,129,0,8.47,8.56,8.39,8.39,24000.0,202860.0,derived_ohlc4
HOSE_GVR,GVR,2019-02-19 09:00:00,130,0,8.47,8.56,8.47,8.47,37500.0,318468.75,derived_ohlc4
HOSE_GVR,GVR,2019-02-20 09:00:00,131,0,8.47,8.56,8.3,8.56,107900.0,914182.75,derived_ohlc4
HOSE_GVR,GVR,2019-02-21 09:00:00,132,0,8.39,8.47,8.3,8.3,73500.0,614827.5,derived_ohlc4
HOSE_GVR,GVR,2019-02-22 09:00:00,133,0,8.47,8.65,8.39,8.39,131000.0,1110225.0000000002,derived_ohlc4
HOSE_GVR,GVR,2019-02-25 09:00:00,134,0,8.56,9.08,8.56,8.65,73900.0,643853.75,derived_ohlc4
HOSE_GVR,GVR,2019-02-26 09:00:00,135,0,8.82,8.82,8.39,8.56,46300.0,400379.25000000006,derived_ohlc4
HOSE_GVR,GVR,2019-02-27 09:00:00,136,0,8.56,9.08,8.47,8.47,274100.0,2369594.5,derived_ohlc4
HOSE_GVR,GVR,2019-02-28 09:00:00,137,0,8.56,8.56,8.47,8.47,58300.0,496424.50000000006,derived_ohlc4
HOSE_GVR,GVR,2019-03-01 09:00:00,138,0,8.47,8.47,8.47,8.47,14100.0,119427.00000000001,derived_ohlc4
HOSE_GVR,GVR,2019-03-04 09:00:00,139,0,8.47,8.73,8.47,8.73,65500.0,563300.0000000001,derived_ohlc4
HOSE_GVR,GVR,2019-03-05 09:00:00,140,0,8.73,8.99,8.65,8.99,116140.0,1026677.6,derived_ohlc4
HOSE_GVR,GVR,2019-03-06 09:00:00,141,0,8.9,9.25,8.82,8.9,333400.0,2989764.5,derived_ohlc4
HOSE_GVR,GVR,2019-03-07 09:00:00,142,0,8.99,9.16,8.65,8.65,91001.0,806496.3624999999,derived_ohlc4
HOSE_GVR,GVR,2019-03-08 09:00:00,143,0,8.73,8.82,8.65,8.82,83409.0,730245.795,derived_ohlc4
HOSE_GVR,GVR,2019-03-11 09:00:00,144,0,8.65,8.65,8.47,8.56,93300.0,800747.2500000001,derived_ohlc4
HOSE_GVR,GVR,2019-03-12 09:00:00,145,0,8.56,8.82,8.56,8.65,206700.0,1787438.2500000002,derived_ohlc4
HOSE_GVR,GVR,2019-03-13 09:00:00,146,0,8.73,8.99,8.56,8.82,166300.0,1459282.5,derived_ohlc4
HOSE_GVR,GVR,2019-03-14 09:00:00,147,0,8.82,9.08,8.73,8.9,175300.0,1557102.25,derived_ohlc4
HOSE_GVR,GVR,2019-03-15 09:00:00,148,0,8.99,10.2,8.82,9.77,1093809.0,10331026.005,derived_ohlc4
HOSE_GVR,GVR,2019-03-18 09:00:00,149,0,9.77,10.63,9.77,10.03,594650.0,5976232.499999999,derived_ohlc4
HOSE_GVR,GVR,2019-03-19 09:00:00,150,0,10.2,10.29,9.51,9.51,336000.0,3318840.0,derived_ohlc4
HOSE_GVR,GVR,2019-03-20 09:00:00,151,0,9.51,9.94,9.25,9.77,533080.0,5126896.899999999,derived_ohlc4
HOSE_GVR,GVR,2019-03-21 09:00:00,152,0,9.77,10.98,9.77,10.81,1495070.0,15447810.774999999,derived_ohlc4
HOSE_GVR,GVR,2019-03-22 09:00:00,153,0,10.81,12.1,10.63,11.07,747600.0,8337609.0,derived_ohlc4
HOSE_GVR,GVR,2019-03-25 09:00:00,154,0,11.24,11.24,10.29,10.55,610250.0,6609007.499999999,derived_ohlc4
HOSE_GVR,GVR,2019-03-26 09:00:00,155,0,10.37,10.72,10.29,10.55,332100.0,3481238.25,derived_ohlc4
HOSE_GVR,GVR,2019-03-27 09:00:00,156,0,10.46,11.58,10.29,10.89,389330.0,4206710.649999999,derived_ohlc4
HOSE_GVR,GVR,2019-03-28 09:00:00,157,0,10.81,10.98,10.37,10.55,414859.0,4429656.972499999,derived_ohlc4
HOSE_GVR,GVR,2019-03-29 09:00:00,158,0,10.37,10.72,10.2,10.2,449200.0,4659326.999999999,derived_ohlc4
HOSE_GVR,GVR,2019-04-01 09:00:00,159,0,10.46,10.55,9.77,10.03,513854.0,5242595.4350000005,derived_ohlc4
HOSE_GVR,GVR,2019-04-02 09:00:00,160,0,10.03,10.81,9.86,10.29,359420.0,3683156.4499999997,derived_ohlc4
HOSE_GVR,GVR,2019-04-03 09:00:00,161,0,10.29,10.55,9.94,10.2,136112.0,1394467.4400000002,derived_ohlc4
HOSE_GVR,GVR,2019-04-04 09:00:00,162,0,10.2,10.89,10.03,10.63,706804.0,7377266.75,derived_ohlc4
HOSE_GVR,GVR,2019-04-05 09:00:00,163,0,10.55,10.81,10.46,10.55,315111.0,3337813.2675000005,derived_ohlc4
HOSE_GVR,GVR,2019-04-08 09:00:00,164,0,10.55,10.72,10.37,10.46,344404.0,3624852.1,derived_ohlc4
HOSE_GVR,GVR,2019-04-09 09:00:00,165,0,10.55,10.72,10.03,10.2,577980.0,5996542.5,derived_ohlc4
HOSE_GVR,GVR,2019-04-10 09:00:00,166,0,10.29,10.29,9.86,10.11,602900.0,6111898.75,derived_ohlc4
HOSE_GVR,GVR,2019-04-11 09:00:00,167,0,10.03,10.29,9.77,9.86,261100.0,2607736.25,derived_ohlc4
HOSE_GVR,GVR,2019-04-12 09:00:00,168,0,9.86,9.86,9.42,9.77,384751.0,3742665.3524999996,derived_ohlc4
HOSE_GVR,GVR,2019-04-16 09:00:00,169,0,9.77,10.03,9.68,9.86,284850.0,2801499.7499999995,derived_ohlc4
HOSE_GVR,GVR,2019-04-17 09:00:00,170,0,9.94,10.11,9.77,9.77,242980.0,2404894.55,derived_ohlc4
HOSE_GVR,GVR,2019-04-18 09:00:00,171,0,9.68,10.2,9.51,9.6,300100.0,2925224.75,derived_ohlc4
HOSE_GVR,GVR,2019-04-19 09:00:00,172,0,9.68,9.86,9.6,9.77,115200.0,1120608.0,derived_ohlc4
HOSE_GVR,GVR,2019-04-22 09:00:00,173,0,9.68,9.68,9.34,9.42,198920.0,1895707.5999999999,derived_ohlc4
HOSE_GVR,GVR,2019-04-23 09:00:00,174,0,9.51,9.94,9.42,9.6,193830.0,1864160.025,derived_ohlc4
HOSE_GVR,GVR,2019-04-24 09:00:00,175,0,9.77,9.77,9.51,9.51,80720.0,778140.7999999999,derived_ohlc4
HOSE_GVR,GVR,2019-04-25 09:00:00,176,0,9.51,9.94,9.51,9.68,125900.0,1216194.0,derived_ohlc4
HOSE_GVR,GVR,2019-04-26 09:00:00,177,0,9.6,9.6,9.42,9.6,214540.0,2049929.7,derived_ohlc4
HOSE_GVR,GVR,2019-05-02 09:00:00,178,0,9.6,9.77,9.42,9.68,227210.0,2185192.175,derived_ohlc4
HOSE_GVR,GVR,2019-05-03 09:00:00,179,0,9.51,9.68,9.42,9.51,143210.0,1364791.2999999998,derived_ohlc4
HOSE_GVR,GVR,2019-05-06 09:00:00,180,0,9.51,9.6,9.08,9.25,214900.0,2011463.9999999998,derived_ohlc4
HOSE_GVR,GVR,2019-05-07 09:00:00,181,0,9.34,9.86,9.16,9.42,305800.0,2888281.0,derived_ohlc4
HOSE_GVR,GVR,2019-05-08 09:00:00,182,0,8.99,9.34,8.99,9.08,326500.0,2971150.0,derived_ohlc4
HOSE_GVR,GVR,2019-05-09 09:00:00,183,0,9.08,9.68,8.99,9.16,596000.0,5499589.999999999,derived_ohlc4
HOSE_GVR,GVR,2019-05-10 09:00:00,184,0,9.25,9.25,9.08,9.16,120001.0,1102209.1849999998,derived_ohlc4
HOSE_GVR,GVR,2019-05-13 09:00:00,185,0,9.25,9.51,9.08,9.51,294685.0,2751621.1874999995,derived_ohlc4
HOSE_GVR,GVR,2019-05-14 09:00:00,186,0,9.34,10.03,9.34,9.94,855971.0,8270819.7875,derived_ohlc4
HOSE_GVR,GVR,2019-05-15 09:00:00,187,0,9.68,10.11,9.68,9.86,161740.0,1590308.55,derived_ohlc4
HOSE_GVR,GVR,2019-05-16 09:00:00,188,0,9.86,9.94,9.77,9.86,237250.0,2338691.8749999995,derived_ohlc4
HOSE_GVR,GVR,2019-05-17 09:00:00,189,0,9.86,10.03,9.86,9.94,394711.0,3916519.8975,derived_ohlc4
HOSE_GVR,GVR,2019-05-20 09:00:00,190,0,9.94,10.11,9.77,9.94,282082.0,2803895.08,derived_ohlc4
HOSE_GVR,GVR,2019-05-21 09:00:00,191,0,9.94,10.37,9.94,10.37,606100.0,6154945.5,derived_ohlc4
HOSE_GVR,GVR,2019-05-22 09:00:00,192,0,10.37,10.55,10.11,10.2,531842.0,5481961.415000001,derived_ohlc4
HOSE_GVR,GVR,2019-05-23 09:00:00,193,0,10.2,10.29,10.03,10.29,267865.0,2732892.6624999996,derived_ohlc4
HOSE_GVR,GVR,2019-05-24 09:00:00,194,0,10.2,10.2,9.77,9.94,357337.0,3583196.7675,derived_ohlc4
HOSE_GVR,GVR,2019-05-27 09:00:00,195,0,9.94,10.2,9.86,10.2,230532.0,2316846.6,derived_ohlc4
HOSE_GVR,GVR,2019-05-28 09:00:00,196,0,10.2,11.07,10.11,10.98,1251990.0,13258574.1,derived_ohlc4
HOSE_GVR,GVR,2019-05-29 09:00:00,197,0,11.24,11.24,10.72,10.72,567397.0,6230019.0600000005,derived_ohlc4
HOSE_GVR,GVR,2019-05-30 09:00:00,198,0,10.89,10.98,10.63,10.81,381800.0,4133939.5,derived_ohlc4
HOSE_GVR,GVR,2019-05-31 09:00:00,199,0,10.63,10.63,10.03,10.11,635603.0,6578491.05,derived_ohlc4
HOSE_GVR,GVR,2019-06-03 09:00:00,200,0,10.11,10.2,9.6,10.03,558702.0,5578639.47,derived_ohlc4
HOSE_GVR,GVR,2019-06-04 09:00:00,201,0,10.03,10.11,9.86,10.03,203310.0,2034624.825,derived_ohlc4
HOSE_GVR,GVR,2019-06-05 09:00:00,202,0,9.94,10.2,9.86,10.03,230030.0,2302025.225,derived_ohlc4
HOSE_GVR,GVR,2019-06-06 09:00:00,203,0,10.11,10.72,10.11,10.72,991017.0,10321442.055,derived_ohlc4
HOSE_GVR,GVR,2019-06-07 09:00:00,204,0,10.72,11.67,10.72,11.67,3056130.0,34213375.35,derived_ohlc4
HOSE_GVR,GVR,2019-06-10 09:00:00,205,0,11.67,11.76,11.07,11.24,856187.0,9790498.345,derived_ohlc4
HOSE_GVR,GVR,2019-06-11 09:00:00,206,0,11.24,11.58,11.07,11.24,1071010.0,12083670.325000001,derived_ohlc4
HOSE_GVR,GVR,2019-06-12 09:00:00,207,0,11.33,12.1,11.15,11.76,2636146.0,30539751.409999996,derived_ohlc4
HOSE_GVR,GVR,2019-06-13 09:00:00,208,0,11.67,12.45,11.67,12.02,1673717.0,20005102.442500003,derived_ohlc4
HOSE_GVR,GVR,2019-06-14 09:00:00,209,0,11.93,12.1,11.41,11.58,1407731.0,16547877.905,derived_ohlc4
HOSE_GVR,GVR,2019-06-17 09:00:00,210,0,11.58,11.67,11.24,11.41,798833.0,9166608.675,derived_ohlc4
HOSE_GVR,GVR,2019-06-18 09:00:00,211,0,11.41,11.67,11.41,11.58,761047.0,8765358.822499998,derived_ohlc4
HOSE_GVR,GVR,2019-06-19 09:00:00,212,0,11.67,11.84,11.5,11.67,730852.0,8529042.84,derived_ohlc4
HOSE_GVR,GVR,2019-06-20 09:00:00,213,0,11.93,12.02,11.58,11.67,1058415.0,12489297.0,derived_ohlc4
HOSE_GVR,GVR,2019-06-21 09:00:00,214,0,11.67,11.67,11.24,11.5,914460.0,10534579.2,derived_ohlc4
HOSE_GVR,GVR,2019-06-24 09:00:00,215,0,11.24,11.5,10.89,11.07,979786.0,10949108.55,derived_ohlc4
HOSE_GVR,GVR,2019-06-25 09:00:00,216,0,11.07,11.07,10.72,11.07,487647.0,5355583.1775,derived_ohlc4
HOSE_GVR,GVR,2019-06-26 09:00:00,217,0,10.89,11.24,10.89,11.07,459862.0,5068828.8950000005,derived_ohlc4
HOSE_GVR,GVR,2019-06-27 09:00:00,218,0,10.98,11.24,10.81,10.98,564900.0,6215312.250000001,derived_ohlc4
HOSE_GVR,GVR,2019-06-28 09:00:00,219,0,10.89,10.98,10.63,10.89,333500.0,3617641.25,derived_ohlc4
HOSE_GVR,GVR,2019-07-01 09:00:00,220,0,10.89,11.07,10.81,11.07,266613.0,2922078.4800000004,derived_ohlc4
HOSE_GVR,GVR,2019-07-02 09:00:00,221,0,10.98,11.41,10.81,11.33,893442.0,9946243.065,derived_ohlc4
HOSE_GVR,GVR,2019-07-03 09:00:00,222,0,11.24,11.41,11.15,11.24,679263.0,7648501.38,derived_ohlc4
HOSE_GVR,GVR,2019-07-04 09:00:00,223,0,11.24,11.41,11.15,11.33,428432.0,4833784.039999999,derived_ohlc4
HOSE_GVR,GVR,2019-07-05 09:00:00,224,0,11.24,11.84,11.24,11.76,1329028.0,15310402.559999999,derived_ohlc4
HOSE_GVR,GVR,2019-07-08 09:00:00,225,0,11.84,11.84,11.24,11.33,916931.0,10602014.6875,derived_ohlc4
HOSE_GVR,GVR,2019-07-09 09:00:00,226,0,11.33,11.67,11.33,11.41,1032420.0,11805722.7,derived_ohlc4
HOSE_GVR,GVR,2019-07-10 09:00:00,227,0,11.41,11.76,11.41,11.67,1881870.0,21759121.875,derived_ohlc4
HOSE_GVR,GVR,2019-07-11 09:00:00,228,0,11.58,12.02,11.58,11.84,2098200.0,24664340.999999996,derived_ohlc4
HOSE_GVR,GVR,2019-07-12 09:00:00,229,0,11.84,11.93,11.58,11.58,796565.0,9345698.8625,derived_ohlc4
HOSE_GVR,GVR,2019-07-15 09:00:00,230,0,11.58,11.67,11.41,11.5,530240.0,6118969.6,derived_ohlc4
HOSE_GVR,GVR,2019-07-16 09:00:00,231,0,11.58,12.1,11.58,11.93,2044110.0,24115387.724999998,derived_ohlc4
HOSE_GVR,GVR,2019-07-17 09:00:00,232,0,11.5,11.93,11.5,11.76,599004.0,6991874.1899999995,derived_ohlc4
HOSE_GVR,GVR,2019-07-18 09:00:00,233,0,11.76,11.93,11.67,11.93,578070.0,6834232.575,derived_ohlc4
HOSE_GVR,GVR,2019-07-19 09:00:00,234,0,11.84,12.1,11.76,11.93,1221223.0,14541712.872499999,derived_ohlc4
HOSE_GVR,GVR,2019-07-22 09:00:00,235,0,11.93,12.45,11.76,12.28,2587667.0,31323709.035,derived_ohlc4
HOSE_GVR,GVR,2019-07-23 09:00:00,236,0,12.28,12.54,12.1,12.45,2127440.0,26257928.200000003,derived_ohlc4
HOSE_GVR,GVR,2019-07-24 09:00:00,237,0,12.45,12.97,12.45,12.97,4416170.0,56129520.7,derived_ohlc4
HOSE_GVR,GVR,2019-07-25 09:00:00,238,0,12.97,13.14,12.71,12.88,1993330.0,25763790.25,derived_ohlc4
HOSE_GVR,GVR,2019-07-26 09:00:00,239,0,12.79,12.79,12.45,12.62,1306575.0,16544505.9375,derived_ohlc4
HOSE_GVR,GVR,2019-07-29 09:00:00,240,0,12.54,12.88,12.45,12.88,1392733.0,17670299.937500004,derived_ohlc4
HOSE_GVR,GVR,2019-07-30 09:00:00,241,0,12.79,13.14,12.62,12.62,1749362.0,22378713.384999998,derived_ohlc4
HOSE_GVR,GVR,2019-07-31 09:00:00,242,0,12.71,12.97,12.02,12.88,2176831.0,27526027.995000005,derived_ohlc4
HOSE_GVR,GVR,2019-08-01 09:00:00,243,0,12.79,12.88,12.62,12.79,918070.0,11723753.9,derived_ohlc4
HOSE_GVR,GVR,2019-08-02 09:00:00,244,0,12.79,13.49,12.62,13.4,3588142.0,46914956.65,derived_ohlc4
HOSE_GVR,GVR,2019-08-05 09:00:00,245,0,13.4,14.01,13.31,13.83,2440747.0,33285687.2125,derived_ohlc4
HOSE_GVR,GVR,2019-08-06 09:00:00,246,0,13.75,15.13,13.49,14.52,3279060.0,46636430.85,derived_ohlc4
HOSE_GVR,GVR,2019-08-07 09:00:00,247,0,14.61,14.87,14.01,14.35,2001054.0,28935240.84,derived_ohlc4
HOSE_GVR,GVR,2019-08-08 09:00:00,248,0,14.39,14.83,14.39,14.57,1202941.0,17496776.845,derived_ohlc4
HOSE_GVR,GVR,2019-08-09 09:00:00,249,0,14.65,14.74,14.39,14.39,1033647.0,15031811.4975,derived_ohlc4
HOSE_GVR,GVR,2019-08-12 09:00:00,250,0,14.3,14.57,13.86,14.13,1793426.0,25493550.590000004,derived_ohlc4
HOSE_GVR,GVR,2019-08-13 09:00:00,251,0,14.21,14.21,13.25,13.42,3042385.0,41901247.4125,derived_ohlc4
HOSE_GVR,GVR,2019-08-14 09:00:00,252,0,13.6,13.78,13.25,13.6,836000.0,11334070.0,derived_ohlc4
HOSE_GVR,GVR,2019-08-15 09:00:00,253,0,13.16,13.86,12.99,13.78,1680821.0,22602840.3975,derived_ohlc4
HOSE_GVR,GVR,2019-08-16 09:00:00,254,0,13.78,14.04,13.69,13.78,958722.0,13251934.845,derived_ohlc4
HOSE_GVR,GVR,2019-08-19 09:00:00,255,0,13.78,13.95,13.6,13.69,556650.0,7656720.749999999,derived_ohlc4
HOSE_GVR,GVR,2019-08-20 09:00:00,256,0,13.78,14.65,13.6,14.48,2107090.0,29767913.975,derived_ohlc4
HOSE_GVR,GVR,2019-08-21 09:00:00,257,0,14.48,14.57,14.13,14.21,1354115.0,19428164.9625,derived_ohlc4
HOSE_GVR,GVR,2019-08-22 09:00:00,258,0,14.3,14.57,14.13,14.39,1067820.0,15320547.45,derived_ohlc4
HOSE_GVR,GVR,2019-08-23 09:00:00,259,0,14.39,14.48,13.95,14.13,855980.0,12187015.25,derived_ohlc4
HOSE_GVR,GVR,2019-08-26 09:00:00,260,0,14.04,14.39,13.86,14.13,1233815.0,17402960.575,derived_ohlc4
HOSE_GVR,GVR,2019-08-27 09:00:00,261,0,14.13,14.13,13.78,13.95,1490955.0,20869642.612499997,derived_ohlc4
HOSE_GVR,GVR,2019-08-28 09:00:00,262,0,13.95,14.13,13.78,13.95,559433.0,7805488.9325,derived_ohlc4
HOSE_GVR,GVR,2019-08-29 09:00:00,263,0,13.86,14.04,13.42,13.51,1186435.0,16263057.7625,derived_ohlc4
HOSE_GVR,GVR,2019-08-30 09:00:00,264,0,13.6,13.69,13.07,13.16,1945710.0,26033599.799999997,derived_ohlc4
HOSE_GVR,GVR,2019-09-03 09:00:00,265,0,13.16,13.25,12.28,12.37,1819609.0,23227308.884999998,derived_ohlc4
HOSE_GVR,GVR,2019-09-04 09:00:00,266,0,12.37,12.81,11.67,12.72,1679787.0,20816760.3975,derived_ohlc4
HOSE_GVR,GVR,2019-09-05 09:00:00,267,0,12.64,12.9,12.46,12.46,552521.0,6970052.415,derived_ohlc4
HOSE_GVR,GVR,2019-09-06 09:00:00,268,0,12.64,12.64,12.2,12.28,469282.0,5837868.080000001,derived_ohlc4
HOSE_GVR,GVR,2019-09-09 09:00:00,269,0,12.46,12.46,11.76,11.85,761807.0,9242623.4275,derived_ohlc4
HOSE_GVR,GVR,2019-09-10 09:00:00,270,0,11.85,12.11,11.41,11.58,1181851.0,13871976.1125,derived_ohlc4
HOSE_GVR,GVR,2019-09-11 09:00:00,271,0,11.67,11.85,11.49,11.85,322510.0,3778204.65,derived_ohlc4
HOSE_GVR,GVR,2019-09-12 09:00:00,272,0,11.85,12.2,11.85,12.11,515410.0,6186208.524999999,derived_ohlc4
HOSE_GVR,GVR,2019-09-13 09:00:00,273,0,12.02,12.11,11.85,12.02,513646.0,6163752.0,derived_ohlc4
HOSE_GVR,GVR,2019-09-16 09:00:00,274,0,12.02,12.11,11.76,11.85,248260.0,2962983.1,derived_ohlc4
HOSE_GVR,GVR,2019-09-17 09:00:00,275,0,11.93,12.55,11.76,12.37,823550.0,10008191.375,derived_ohlc4
HOSE_GVR,GVR,2019-09-18 09:00:00,276,0,12.37,12.55,12.2,12.3,1017050.0,12565652.75,derived_ohlc4
HOSE_GVR,GVR,2019-09-19 09:00:00,277,0,12.2,12.28,12.11,12.2,277400.0,3383586.4999999995,derived_ohlc4
HOSE_GVR,GVR,2019-09-20 09:00:00,278,0,12.11,12.28,12.02,12.02,499499.0,6047684.142499999,derived_ohlc4
HOSE_GVR,GVR,2019-09-23 09:00:00,279,0,12.11,12.11,11.85,11.85,332989.0,3989208.22,derived_ohlc4
HOSE_GVR,GVR,2019-09-24 09:00:00,280,0,11.85,11.93,11.76,11.85,576180.0,6826292.55,derived_ohlc4
HOSE_GVR,GVR,2019-09-25 09:00:00,281,0,11.85,12.02,11.85,11.93,389610.0,4641229.125,derived_ohlc4
HOSE_GVR,GVR,2019-09-26 09:00:00,282,0,12.02,12.11,11.93,12.02,296490.0,3563809.8,derived_ohlc4
HOSE_GVR,GVR,2019-09-27 09:00:00,283,0,12.02,12.02,11.76,12.02,342902.0,4099393.409999999,derived_ohlc4
HOSE_GVR,GVR,2019-09-30 09:00:00,284,0,11.93,12.11,11.93,12.02,614342.0,7370568.145,derived_ohlc4
HOSE_GVR,GVR,2019-10-01 09:00:00,285,0,12.02,12.55,11.93,12.46,1360300.0,16650072.0,derived_ohlc4
HOSE_GVR,GVR,2019-10-02 09:00:00,286,0,12.46,12.55,12.11,12.11,601430.0,7402099.725000001,derived_ohlc4
HOSE_GVR,GVR,2019-10-03 09:00:00,287,0,12.11,12.28,11.85,12.28,344779.0,4182169.2700000005,derived_ohlc4
HOSE_GVR,GVR,2019-10-04 09:00:00,288,0,12.11,12.28,12.02,12.2,342500.0,4162231.25,derived_ohlc4
HOSE_GVR,GVR,2019-10-07 09:00:00,289,0,12.11,12.2,11.85,11.85,395856.0,4751261.64,derived_ohlc4
HOSE_GVR,GVR,2019-10-08 09:00:00,290,0,12.02,12.11,11.85,12.11,293079.0,3523542.2775,derived_ohlc4
HOSE_GVR,GVR,2019-10-09 09:00:00,291,0,12.02,12.11,11.93,12.02,390916.0,4698810.32,derived_ohlc4
HOSE_GVR,GVR,2019-10-10 09:00:00,292,0,12.02,12.37,12.02,12.28,1021630.0,12435791.174999999,derived_ohlc4
HOSE_GVR,GVR,2019-10-11 09:00:00,293,0,12.28,12.37,12.11,12.28,360193.0,4415966.18,derived_ohlc4
HOSE_GVR,GVR,2019-10-14 09:00:00,294,0,12.28,12.28,12.11,12.28,174500.0,2135443.75,derived_ohlc4
HOSE_GVR,GVR,2019-10-15 09:00:00,295,0,12.2,12.2,11.93,12.02,245068.0,2962259.4499999997,derived_ohlc4
HOSE_GVR,GVR,2019-10-16 09:00:00,296,0,12.02,12.2,11.85,11.93,458335.0,5500020.0,derived_ohlc4
HOSE_GVR,GVR,2019-10-17 09:00:00,297,0,12.02,12.02,11.85,11.93,228370.0,2730163.35,derived_ohlc4
HOSE_GVR,GVR,2019-10-18 09:00:00,298,0,12.02,12.02,11.85,11.85,357860.0,4271059.100000001,derived_ohlc4
HOSE_GVR,GVR,2019-10-21 09:00:00,299,0,11.93,11.93,11.76,11.85,176601.0,2095812.3675,derived_ohlc4
HOSE_GVR,GVR,2019-10-22 09:00:00,300,0,11.76,11.76,11.49,11.58,293970.0,3424015.5749999997,derived_ohlc4
HOSE_GVR,GVR,2019-10-23 09:00:00,301,0,11.58,12.02,11.58,11.93,544200.0,6409315.5,derived_ohlc4
HOSE_GVR,GVR,2019-10-24 09:00:00,302,0,11.93,12.9,11.93,12.72,2428013.0,30034520.81,derived_ohlc4
HOSE_GVR,GVR,2019-10-25 09:00:00,303,0,12.9,12.99,12.55,12.72,1072750.0,13720472.5,derived_ohlc4
HOSE_GVR,GVR,2019-10-28 09:00:00,304,0,12.72,12.72,12.46,12.55,431861.0,5446846.862500001,derived_ohlc4
HOSE_GVR,GVR,2019-10-29 09:00:00,305,0,12.46,12.72,12.46,12.64,685385.0,8615289.450000001,derived_ohlc4
HOSE_GVR,GVR,2019-10-30 09:00:00,306,0,12.72,12.81,12.46,12.64,441419.0,5587260.992500001,derived_ohlc4
HOSE_GVR,GVR,2019-10-31 09:00:00,307,0,12.55,12.64,12.11,12.28,561085.0,6954648.575,derived_ohlc4
HOSE_GVR,GVR,2019-11-01 09:00:00,308,0,12.28,12.37,12.11,12.2,483502.0,5918064.4799999995,derived_ohlc4
HOSE_GVR,GVR,2019-11-04 09:00:00,309,0,12.2,12.46,11.93,12.2,648582.0,7911078.945000001,derived_ohlc4
HOSE_GVR,GVR,2019-11-05 09:00:00,310,0,12.11,12.2,12.02,12.2,362543.0,4398552.9475,derived_ohlc4
HOSE_GVR,GVR,2019-11-06 09:00:00,311,0,12.11,12.55,12.11,12.37,510540.0,6271983.899999999,derived_ohlc4
HOSE_GVR,GVR,2019-11-07 09:00:00,312,0,12.28,12.28,12.02,12.2,464150.0,5660309.25,derived_ohlc4
HOSE_GVR,GVR,2019-11-08 09:00:00,313,0,12.11,12.28,12.11,12.28,133070.0,1622788.6500000001,derived_ohlc4
HOSE_GVR,GVR,2019-11-11 09:00:00,314,0,12.28,12.28,12.02,12.2,363090.0,4427882.55,derived_ohlc4
HOSE_GVR,GVR,2019-11-12 09:00:00,315,0,12.11,12.28,12.02,12.11,130305.0,1580599.65,derived_ohlc4
HOSE_GVR,GVR,2019-11-13 09:00:00,316,0,12.2,12.37,12.11,12.2,488704.0,5971962.88,derived_ohlc4
HOSE_GVR,GVR,2019-11-14 09:00:00,317,0,12.2,12.28,12.11,12.2,152880.0,1864753.7999999996,derived_ohlc4
HOSE_GVR,GVR,2019-11-15 09:00:00,318,0,12.2,12.2,12.02,12.11,341050.0,4137789.125,derived_ohlc4
HOSE_GVR,GVR,2019-11-18 09:00:00,319,0,12.11,12.2,12.02,12.11,219540.0,2658629.4,derived_ohlc4
HOSE_GVR,GVR,2019-11-19 09:00:00,320,0,12.02,12.11,12.02,12.02,189690.0,2284341.825,derived_ohlc4
HOSE_GVR,GVR,2019-11-20 09:00:00,321,0,12.02,12.37,12.02,12.28,678500.0,8259041.25,derived_ohlc4
HOSE_GVR,GVR,2019-11-21 09:00:00,322,0,12.28,12.64,12.28,12.46,1115127.0,13844301.705000002,derived_ohlc4
HOSE_GVR,GVR,2019-11-22 09:00:00,323,0,12.37,12.46,12.11,12.28,357630.0,4400637.149999999,derived_ohlc4
HOSE_GVR,GVR,2019-11-25 09:00:00,324,0,12.2,12.2,12.02,12.02,363950.0,4407434.5,derived_ohlc4
HOSE_GVR,GVR,2019-11-26 09:00:00,325,0,12.11,12.2,12.02,12.11,348230.0,4217065.3,derived_ohlc4
HOSE_GVR,GVR,2019-11-27 09:00:00,326,0,12.11,12.2,12.02,12.11,142505.0,1725735.5499999998,derived_ohlc4
HOSE_GVR,GVR,2019-11-28 09:00:00,327,0,12.28,12.9,11.93,12.02,497820.0,6114474.149999999,derived_ohlc4
HOSE_GVR,GVR,2019-11-29 09:00:00,328,0,12.02,12.02,11.93,11.93,143210.0,1714939.75,derived_ohlc4
HOSE_GVR,GVR,2019-12-02 09:00:00,329,0,11.93,11.93,11.23,11.41,794680.0,9238155.0,derived_ohlc4
HOSE_GVR,GVR,2019-12-03 09:00:00,330,0,11.49,11.49,10.62,10.7,1055470.0,11689330.25,derived_ohlc4
HOSE_GVR,GVR,2019-12-04 09:00:00,331,0,10.79,11.06,10.62,11.06,230600.0,2509504.5,derived_ohlc4
HOSE_GVR,GVR,2019-12-05 09:00:00,332,0,11.06,11.23,10.88,11.06,263255.0,2910942.1625,derived_ohlc4
HOSE_GVR,GVR,2019-12-06 09:00:00,333,0,10.88,11.14,10.88,11.06,137106.0,1506794.9400000002,derived_ohlc4
HOSE_GVR,GVR,2019-12-09 09:00:00,334,0,10.97,11.14,10.88,10.88,151397.0,1660446.5975000001,derived_ohlc4
HOSE_GVR,GVR,2019-12-10 09:00:00,335,0,11.06,11.06,10.79,10.97,193545.0,2123188.65,derived_ohlc4
HOSE_GVR,GVR,2019-12-11 09:00:00,336,0,10.97,10.97,10.7,10.79,209000.0,2269217.5,derived_ohlc4
HOSE_GVR,GVR,2019-12-12 09:00:00,337,0,10.79,10.88,10.7,10.88,193800.0,2095462.5000000002,derived_ohlc4
HOSE_GVR,GVR,2019-12-13 09:00:00,338,0,10.97,11.58,10.79,10.97,371530.0,4115623.575,derived_ohlc4
HOSE_GVR,GVR,2019-12-16 09:00:00,339,0,10.97,11.23,10.97,10.97,195220.0,2154252.7,derived_ohlc4
HOSE_GVR,GVR,2019-12-17 09:00:00,340,0,11.06,11.06,10.88,10.88,198500.0,2177545.0,derived_ohlc4
HOSE_GVR,GVR,2019-12-18 09:00:00,341,0,10.88,10.88,10.35,10.53,716800.0,7641088.0,derived_ohlc4
HOSE_GVR,GVR,2019-12-19 09:00:00,342,0,10.53,10.62,10.35,10.53,386740.0,4063670.5500000003,derived_ohlc4
HOSE_GVR,GVR,2019-12-20 09:00:00,343,0,10.35,10.62,10.35,10.44,169910.0,1773860.4,derived_ohlc4
HOSE_GVR,GVR,2019-12-23 09:00:00,344,0,10.53,10.62,9.56,9.83,1272776.0,12899584.76,derived_ohlc4
HOSE_GVR,GVR,2019-12-24 09:00:00,345,0,9.83,9.83,8.6,9.21,1361546.0,12754282.155,derived_ohlc4
HOSE_GVR,GVR,2019-12-25 09:00:00,346,0,9.13,9.56,9.13,9.48,379000.0,3534174.9999999995,derived_ohlc4
HOSE_GVR,GVR,2019-12-26 09:00:00,347,0,9.39,9.65,9.3,9.39,531812.0,5016316.69,derived_ohlc4
HOSE_GVR,GVR,2019-12-27 09:00:00,348,0,9.3,9.3,9.13,9.21,369270.0,3410208.4500000007,derived_ohlc4
HOSE_GVR,GVR,2019-12-30 09:00:00,349,0,9.21,9.3,8.86,8.95,484220.0,4396717.6,derived_ohlc4
HOSE_GVR,GVR,2019-12-31 09:00:00,350,0,9.04,9.48,8.95,9.3,681390.0,6263677.574999999,derived_ohlc4
HOSE_GVR,GVR,2020-01-02 09:00:00,351,0,9.3,10.09,9.3,9.92,762975.0,7364616.1875,derived_ohlc4
HOSE_GVR,GVR,2020-01-03 09:00:00,352,0,9.92,10.7,9.92,10.27,1116553.0,11391631.9825,derived_ohlc4
HOSE_GVR,GVR,2020-01-06 09:00:00,353,0,10.7,10.7,10.0,10.09,408280.0,4234884.3,derived_ohlc4
HOSE_GVR,GVR,2020-01-07 09:00:00,354,0,10.18,10.18,9.65,9.83,537260.0,5351109.6,derived_ohlc4
HOSE_GVR,GVR,2020-01-08 09:00:00,355,0,9.83,9.83,9.39,9.48,503454.0,4849520.655,derived_ohlc4
HOSE_GVR,GVR,2020-01-09 09:00:00,356,0,9.65,9.74,9.56,9.65,200020.0,1930193.0,derived_ohlc4
HOSE_GVR,GVR,2020-01-10 09:00:00,357,0,9.65,10.18,9.65,9.83,409717.0,4026493.8174999994,derived_ohlc4
HOSE_GVR,GVR,2020-01-13 09:00:00,358,0,9.92,9.92,9.74,9.92,185830.0,1835071.25,derived_ohlc4
HOSE_GVR,GVR,2020-01-14 09:00:00,359,0,9.92,10.09,9.74,9.83,290900.0,2878455.5,derived_ohlc4
HOSE_GVR,GVR,2020-01-15 09:00:00,360,0,9.83,9.92,9.74,9.74,188608.0,1849772.9600000002,derived_ohlc4
HOSE_GVR,GVR,2020-01-16 09:00:00,361,0,9.83,9.83,9.48,9.83,463400.0,4514674.5,derived_ohlc4
HOSE_GVR,GVR,2020-01-17 09:00:00,362,0,9.83,10.27,9.74,10.0,355706.0,3542831.7600000002,derived_ohlc4
HOSE_GVR,GVR,2020-01-20 09:00:00,363,0,10.09,10.27,10.0,10.09,309240.0,3127189.5,derived_ohlc4
HOSE_GVR,GVR,2020-01-21 09:00:00,364,0,10.18,10.35,10.09,10.35,435320.0,4458765.1,derived_ohlc4
HOSE_GVR,GVR,2020-01-22 09:00:00,365,0,10.35,10.7,10.09,10.62,540290.0,5640627.6,derived_ohlc4
HOSE_GVR,GVR,2020-01-30 09:00:00,366,0,10.35,10.44,9.92,10.09,372714.0,3801682.8,derived_ohlc4
HOSE_GVR,GVR,2020-01-31 09:00:00,367,0,10.0,10.0,9.48,9.48,655457.0,6384151.18,derived_ohlc4
HOSE_GVR,GVR,2020-02-03 09:00:00,368,0,9.21,9.39,8.34,9.13,965930.0,8710273.775,derived_ohlc4
HOSE_GVR,GVR,2020-02-04 09:00:00,369,0,8.95,9.21,8.95,9.13,353930.0,3206605.8000000003,derived_ohlc4
HOSE_GVR,GVR,2020-02-05 09:00:00,370,0,9.21,9.48,8.95,9.21,470640.0,4335771.0,derived_ohlc4
HOSE_GVR,GVR,2020-02-06 09:00:00,371,0,9.13,9.74,9.13,9.56,308048.0,2892570.72,derived_ohlc4
HOSE_GVR,GVR,2020-02-07 09:00:00,372,0,9.65,9.65,9.39,9.56,268160.0,2564280.0,derived_ohlc4
HOSE_GVR,GVR,2020-02-10 09:00:00,373,0,9.56,9.56,9.21,9.48,201190.0,1901748.475,derived_ohlc4
HOSE_GVR,GVR,2020-02-11 09:00:00,374,0,9.48,9.65,9.39,9.56,399300.0,3801336.0000000005,derived_ohlc4
HOSE_GVR,GVR,2020-02-12 09:00:00,375,0,9.65,9.65,9.48,9.48,283400.0,2710721.0000000005,derived_ohlc4
HOSE_GVR,GVR,2020-02-13 09:00:00,376,0,9.48,9.65,9.3,9.48,727243.0,6892445.532500001,derived_ohlc4
HOSE_GVR,GVR,2020-02-14 09:00:00,377,0,9.56,10.0,9.39,9.92,678971.0,6597900.692500001,derived_ohlc4
HOSE_GVR,GVR,2020-02-17 09:00:00,378,0,9.83,10.09,9.74,9.74,314400.0,3096840.0000000005,derived_ohlc4
HOSE_GVR,GVR,2020-02-18 09:00:00,379,0,9.74,9.92,9.74,9.92,472400.0,4643692.0,derived_ohlc4
HOSE_GVR,GVR,2020-02-19 09:00:00,380,0,9.92,10.35,9.83,10.35,1159367.0,11724098.787500001,derived_ohlc4
HOSE_GVR,GVR,2020-02-20 09:00:00,381,0,10.44,10.53,10.18,10.35,496270.0,5148801.25,derived_ohlc4
HOSE_GVR,GVR,2020-02-21 09:00:00,382,0,10.35,10.35,10.0,10.09,514152.0,5243065.02,derived_ohlc4
HOSE_GVR,GVR,2020-02-24 09:00:00,383,0,10.0,10.09,9.48,9.65,1084607.0,10634571.635,derived_ohlc4
HOSE_GVR,GVR,2020-02-25 09:00:00,384,0,9.3,10.09,9.3,10.09,1024130.0,9928940.35,derived_ohlc4
HOSE_GVR,GVR,2020-02-26 09:00:00,385,0,9.92,10.62,9.92,10.62,1272443.0,13067989.61,derived_ohlc4
HOSE_GVR,GVR,2020-02-27 09:00:00,386,0,10.62,11.06,10.53,10.97,1318652.0,14234848.34,derived_ohlc4
HOSE_GVR,GVR,2020-02-28 09:00:00,387,0,10.79,10.88,10.53,10.7,1264618.0,13563028.050000003,derived_ohlc4
HOSE_GVR,GVR,2020-03-02 09:00:00,388,0,10.35,11.14,10.35,10.79,592520.0,6314781.9,derived_ohlc4
HOSE_GVR,GVR,2020-03-03 09:00:00,389,0,12.37,12.37,10.88,11.49,1047030.0,12331395.825,derived_ohlc4
HOSE_GVR,GVR,2020-03-04 09:00:00,390,0,11.41,11.49,10.88,11.06,1656538.0,18569790.98,derived_ohlc4
HOSE_GVR,GVR,2020-03-05 09:00:00,391,0,11.06,11.23,10.88,11.06,1055157.0,11667398.527500002,derived_ohlc4
HOSE_GVR,GVR,2020-03-06 09:00:00,392,0,11.14,11.14,10.79,10.97,1305340.0,14371793.4,derived_ohlc4
HOSE_GVR,GVR,2020-03-17 09:00:00,399,1,9.21,10.09,8.42,9.83,1626550.0,15269238.124999998,derived_ohlc4
HOSE_GVR,GVR,2020-03-18 09:00:00,400,1,10.09,10.09,9.17,9.21,1432550.0,13809782.0,derived_ohlc4
HOSE_GVR,GVR,2020-03-19 09:00:00,401,1,9.04,9.04,8.6,8.6,858400.0,7571088.0,derived_ohlc4
HOSE_GVR,GVR,2020-03-20 09:00:00,402,1,8.6,8.77,8.0,8.01,1380930.0,11523860.849999998,derived_ohlc4
HOSE_GVR,GVR,2020-03-23 09:00:00,403,1,7.56,7.57,7.46,7.46,1698240.0,12758028.0,derived_ohlc4
HOSE_GVR,GVR,2020-03-24 09:00:00,404,1,7.24,7.8,7.24,7.63,683830.0,5113338.825,derived_ohlc4
HOSE_GVR,GVR,2020-03-25 09:00:00,405,1,7.72,7.98,7.64,7.81,1559590.0,12145307.125,derived_ohlc4
HOSE_GVR,GVR,2020-03-26 09:00:00,406,1,7.72,7.89,7.5,7.5,811930.0,6213294.325,derived_ohlc4
HOSE_GVR,GVR,2020-03-27 09:00:00,407,1,7.55,7.9,7.34,7.42,612810.0,4628247.525,derived_ohlc4
HOSE_GVR,GVR,2020-03-30 09:00:00,408,1,7.24,7.55,6.91,7.28,1792710.0,12988183.950000001,derived_ohlc4
HOSE_GVR,GVR,2020-03-31 09:00:00,409,1,7.02,7.63,7.02,7.35,572600.0,4154212.9999999995,derived_ohlc4
HOSE_GVR,GVR,2020-04-01 09:00:00,410,1,7.35,7.53,7.11,7.51,262480.0,1935790.0,derived_ohlc4
HOSE_GVR,GVR,2020-04-03 09:00:00,411,1,7.55,7.81,7.46,7.63,356910.0,2716977.375,derived_ohlc4
HOSE_GVR,GVR,2020-04-06 09:00:00,412,1,7.72,7.98,7.68,7.98,591020.0,4633596.8,derived_ohlc4
HOSE_GVR,GVR,2020-04-07 09:00:00,413,1,7.98,7.98,7.73,7.86,277730.0,2190595.375,derived_ohlc4
HOSE_GVR,GVR,2020-04-08 09:00:00,414,1,7.81,7.89,7.72,7.89,212500.0,1663343.75,derived_ohlc4
HOSE_GVR,GVR,2020-04-09 09:00:00,415,1,7.98,8.36,7.98,8.29,574950.0,4687279.875,derived_ohlc4
HOSE_GVR,GVR,2020-04-10 09:00:00,416,1,8.73,8.86,8.69,8.86,934920.0,8213272.2,derived_ohlc4
HOSE_GVR,GVR,2020-04-13 09:00:00,417,1,9.48,9.48,8.91,8.91,2160110.0,19862211.45,derived_ohlc4
HOSE_GVR,GVR,2020-04-14 09:00:00,418,1,9.13,9.52,8.77,9.48,957110.0,8829339.75,derived_ohlc4
HOSE_GVR,GVR,2020-04-15 09:00:00,419,1,9.21,9.92,9.21,9.78,788140.0,7510974.200000001,derived_ohlc4
HOSE_GVR,GVR,2020-04-16 09:00:00,420,1,9.65,9.78,9.3,9.48,634220.0,6058386.55,derived_ohlc4
HOSE_GVR,GVR,2020-04-17 09:00:00,421,1,9.7,9.78,9.39,9.48,649460.0,6226697.749999999,derived_ohlc4
HOSE_GVR,GVR,2020-04-20 09:00:00,422,1,9.65,9.87,9.39,9.39,1221230.0,11693277.25,derived_ohlc4
HOSE_GVR,GVR,2020-04-21 09:00:00,423,1,9.3,9.39,8.74,8.74,1336580.0,12086024.65,derived_ohlc4
HOSE_GVR,GVR,2020-04-22 09:00:00,424,1,8.51,9.13,8.42,8.82,867890.0,7568000.800000001,derived_ohlc4
HOSE_GVR,GVR,2020-04-23 09:00:00,425,1,9.04,9.08,8.77,8.86,653970.0,5844856.875,derived_ohlc4
HOSE_GVR,GVR,2020-04-24 09:00:00,426,1,8.86,8.91,8.73,8.74,837180.0,7375555.800000001,derived_ohlc4
HOSE_GVR,GVR,2020-04-27 09:00:00,427,1,8.86,9.34,8.86,9.34,1663520.0,15138032.0,derived_ohlc4
HOSE_GVR,GVR,2020-04-28 09:00:00,428,1,9.65,9.83,9.39,9.48,1444690.0,13850965.375,derived_ohlc4
HOSE_GVR,GVR,2020-04-29 09:00:00,429,1,9.78,9.96,9.48,9.78,1497360.0,14599260.0,derived_ohlc4
HOSE_GVR,GVR,2020-05-04 09:00:00,430,1,9.56,9.65,9.3,9.39,951850.0,9018778.750000002,derived_ohlc4
HOSE_GVR,GVR,2020-05-05 09:00:00,431,1,9.39,9.83,8.77,9.74,1071460.0,10106546.45,derived_ohlc4
HOSE_GVR,GVR,2020-05-06 09:00:00,432,1,9.78,10.4,9.78,10.4,2682000.0,27061380.0,derived_ohlc4
HOSE_GVR,GVR,2020-05-07 09:00:00,433,1,10.53,11.1,10.35,10.97,2699550.0,28986418.124999996,derived_ohlc4
HOSE_GVR,GVR,2020-05-08 09:00:00,434,1,10.97,11.06,10.53,10.53,1499440.0,16152717.4,derived_ohlc4
HOSE_GVR,GVR,2020-05-11 09:00:00,435,1,10.88,10.97,10.31,10.88,1857810.0,19990035.6,derived_ohlc4
HOSE_GVR,GVR,2020-05-12 09:00:00,436,1,10.7,11.19,10.57,10.97,1423970.0,15460754.275,derived_ohlc4
HOSE_GVR,GVR,2020-05-13 09:00:00,437,1,10.97,11.49,10.88,11.06,3516310.0,39031041.00000001,derived_ohlc4
HOSE_GVR,GVR,2020-05-14 09:00:00,438,1,11.06,11.06,10.79,10.79,1400950.0,15305378.749999998,derived_ohlc4
HOSE_GVR,GVR,2020-05-15 09:00:00,439,1,10.79,10.92,10.53,10.57,1116140.0,11945488.350000001,derived_ohlc4
HOSE_GVR,GVR,2020-05-18 09:00:00,440,1,10.57,10.84,10.35,10.79,680550.0,7239350.624999999,derived_ohlc4
HOSE_GVR,GVR,2020-05-19 09:00:00,441,1,11.1,11.19,10.79,10.79,2001060.0,21946625.549999997,derived_ohlc4
HOSE_GVR,GVR,2020-05-20 09:00:00,442,1,10.79,11.28,10.79,11.23,1345440.0,14830112.4,derived_ohlc4
HOSE_GVR,GVR,2020-05-21 09:00:00,443,1,11.32,11.63,11.14,11.23,2381570.0,26983188.100000005,derived_ohlc4
HOSE_GVR,GVR,2020-05-22 09:00:00,444,1,11.14,11.28,10.88,10.97,1401180.0,15507559.65,derived_ohlc4
HOSE_GVR,GVR,2020-05-25 09:00:00,445,1,11.06,11.54,10.88,11.49,3891580.0,43751088.150000006,derived_ohlc4
HOSE_GVR,GVR,2020-05-26 09:00:00,446,1,11.71,11.8,11.45,11.49,2026130.0,23528434.625,derived_ohlc4
HOSE_GVR,GVR,2020-05-27 09:00:00,447,1,11.58,11.58,11.14,11.14,2320830.0,26364628.799999997,derived_ohlc4
HOSE_GVR,GVR,2020-05-28 09:00:00,448,1,11.1,11.32,11.01,11.19,1925610.0,21480179.549999997,derived_ohlc4
HOSE_GVR,GVR,2020-05-29 09:00:00,449,1,11.14,11.32,11.1,11.19,1380440.0,15443672.5,derived_ohlc4
HOSE_GVR,GVR,2020-06-01 09:00:00,450,1,11.23,11.36,11.23,11.28,1375080.0,15504027.0,derived_ohlc4
HOSE_GVR,GVR,2020-06-02 09:00:00,451,1,11.28,11.36,10.97,11.01,1401600.0,15634848.0,derived_ohlc4
HOSE_GVR,GVR,2020-06-03 09:00:00,452,1,11.01,11.41,10.97,11.41,1682780.0,18847136.0,derived_ohlc4
HOSE_GVR,GVR,2020-06-04 09:00:00,453,1,11.41,11.54,11.14,11.14,1429580.0,16164975.850000001,derived_ohlc4
HOSE_GVR,GVR,2020-06-05 09:00:00,454,1,11.14,11.32,11.06,11.32,1368660.0,15342678.600000001,derived_ohlc4
HOSE_GVR,GVR,2020-06-08 09:00:00,455,1,11.41,11.63,11.28,11.41,3376560.0,38602522.2,derived_ohlc4
HOSE_GVR,GVR,2020-06-09 09:00:00,456,1,11.41,12.2,11.41,11.98,4848970.0,56975397.5,derived_ohlc4
HOSE_GVR,GVR,2020-06-10 09:00:00,457,1,11.98,11.98,11.54,11.63,2746460.0,32360164.950000003,derived_ohlc4
HOSE_GVR,GVR,2020-06-11 09:00:00,458,1,11.63,11.89,10.97,10.97,3535100.0,40176411.5,derived_ohlc4
HOSE_GVR,GVR,2020-06-12 09:00:00,459,1,10.53,10.92,10.35,10.66,3343630.0,35492632.449999996,derived_ohlc4
HOSE_GVR,GVR,2020-06-15 09:00:00,460,1,10.97,11.41,10.75,10.88,3865010.0,42524772.525000006,derived_ohlc4
HOSE_GVR,GVR,2020-06-16 09:00:00,461,1,11.41,11.41,11.1,11.19,1094900.0,12347734.75,derived_ohlc4
HOSE_GVR,GVR,2020-06-17 09:00:00,462,1,11.23,11.23,10.88,10.88,1329740.0,14700275.700000001,derived_ohlc4
HOSE_GVR,GVR,2020-06-18 09:00:00,463,1,10.62,11.23,10.62,10.79,1281740.0,13862018.1,derived_ohlc4
HOSE_GVR,GVR,2020-06-19 09:00:00,464,1,10.92,11.19,10.92,11.06,1155640.0,12738041.9,derived_ohlc4
HOSE_GVR,GVR,2020-06-22 09:00:00,465,1,11.14,11.14,10.88,10.92,1125510.0,12403120.200000001,derived_ohlc4
HOSE_GVR,GVR,2020-06-23 09:00:00,466,1,10.92,11.23,10.84,11.01,1512990.0,16642889.999999998,derived_ohlc4
HOSE_GVR,GVR,2020-06-24 09:00:00,467,1,11.06,11.06,10.75,10.79,967980.0,10565501.700000001,derived_ohlc4
HOSE_GVR,GVR,2020-06-25 09:00:00,468,1,10.7,10.79,10.57,10.57,1042720.0,11112788.4,derived_ohlc4
HOSE_GVR,GVR,2020-06-26 09:00:00,469,1,10.62,10.84,10.44,10.44,1459690.0,15450818.649999999,derived_ohlc4
HOSE_GVR,GVR,2020-06-29 09:00:00,470,1,10.44,10.53,9.92,10.0,2278110.0,23287979.475,derived_ohlc4
HOSE_GVR,GVR,2020-06-30 09:00:00,471,1,10.0,10.31,9.65,9.65,1132600.0,11215571.5,derived_ohlc4
HOSE_GVR,GVR,2020-07-01 09:00:00,472,1,9.7,10.18,9.7,10.09,736830.0,7307511.525,derived_ohlc4
HOSE_GVR,GVR,2020-07-02 09:00:00,473,1,10.0,10.27,9.96,10.13,878030.0,8859322.7,derived_ohlc4
HOSE_GVR,GVR,2020-07-03 09:00:00,474,1,10.18,10.4,10.18,10.22,1155100.0,11833999.5,derived_ohlc4
HOSE_GVR,GVR,2020-07-06 09:00:00,475,1,10.35,10.44,10.27,10.44,575100.0,5966662.5,derived_ohlc4
HOSE_GVR,GVR,2020-07-07 09:00:00,476,1,10.44,10.49,10.18,10.22,1010980.0,10445950.85,derived_ohlc4
HOSE_GVR,GVR,2020-07-08 09:00:00,477,1,10.22,10.35,10.0,10.22,833270.0,8497270.825,derived_ohlc4
HOSE_GVR,GVR,2020-07-09 09:00:00,478,1,10.22,10.4,10.22,10.4,988260.0,10188960.6,derived_ohlc4
HOSE_GVR,GVR,2020-07-10 09:00:00,479,1,10.35,10.44,10.31,10.44,657210.0,6825125.85,derived_ohlc4
HOSE_GVR,GVR,2020-07-13 09:00:00,480,1,10.44,10.84,10.44,10.44,1994010.0,21016865.4,derived_ohlc4
HOSE_GVR,GVR,2020-07-14 09:00:00,481,1,10.62,10.79,10.53,10.62,1279860.0,13617710.399999999,derived_ohlc4
HOSE_GVR,GVR,2020-07-15 09:00:00,482,1,10.79,10.79,10.62,10.62,503920.0,5394463.599999999,derived_ohlc4
HOSE_GVR,GVR,2020-07-16 09:00:00,483,1,10.66,10.75,10.53,10.57,751420.0,7985716.05,derived_ohlc4
HOSE_GVR,GVR,2020-07-17 09:00:00,484,1,10.49,10.75,10.44,10.62,900470.0,9522470.25,derived_ohlc4
HOSE_GVR,GVR,2020-07-20 09:00:00,485,1,10.62,10.92,10.57,10.62,1427490.0,15249161.924999999,derived_ohlc4
HOSE_GVR,GVR,2020-07-21 09:00:00,486,1,10.7,10.7,10.44,10.49,755830.0,7998570.975,derived_ohlc4
HOSE_GVR,GVR,2020-07-22 09:00:00,487,1,10.49,10.62,10.27,10.31,730770.0,7616450.324999999,derived_ohlc4
HOSE_GVR,GVR,2020-07-23 09:00:00,488,1,10.27,10.31,10.09,10.09,1064300.0,10845217.0,derived_ohlc4
HOSE_GVR,GVR,2020-07-24 09:00:00,489,1,10.13,10.44,9.65,9.65,2730370.0,27214962.974999998,derived_ohlc4
HOSE_GVR,GVR,2020-07-27 09:00:00,490,1,9.21,9.39,8.99,8.99,2885330.0,26386342.850000005,derived_ohlc4
HOSE_GVR,GVR,2020-07-28 09:00:00,491,1,8.82,9.3,8.82,9.3,1756390.0,15912893.4,derived_ohlc4
HOSE_GVR,GVR,2020-07-29 09:00:00,492,1,8.77,9.08,8.65,8.99,1869490.0,16587050.025,derived_ohlc4
HOSE_GVR,GVR,2020-07-30 09:00:00,493,1,8.95,9.04,8.82,8.86,1120870.0,9995358.225,derived_ohlc4
HOSE_GVR,GVR,2020-07-31 09:00:00,494,1,8.6,8.99,8.6,8.77,998760.0,8729162.399999999,derived_ohlc4
HOSE_GVR,GVR,2020-08-03 09:00:00,495,1,8.77,9.08,8.77,9.08,820600.0,7323855.000000001,derived_ohlc4
HOSE_GVR,GVR,2020-08-04 09:00:00,496,1,9.21,9.3,9.08,9.17,995960.0,9152872.4,derived_ohlc4
HOSE_GVR,GVR,2020-08-05 09:00:00,497,1,9.17,9.52,9.04,9.34,1450080.0,13438616.399999997,derived_ohlc4
HOSE_GVR,GVR,2020-08-06 09:00:00,498,1,9.26,9.43,9.26,9.3,608120.0,5663117.5,derived_ohlc4
HOSE_GVR,GVR,2020-08-07 09:00:00,499,1,9.26,9.39,9.21,9.3,631730.0,5868771.699999999,derived_ohlc4
HOSE_GVR,GVR,2020-08-10 09:00:00,500,1,9.34,9.92,9.3,9.78,2894230.0,27741194.549999997,derived_ohlc4
HOSE_GVR,GVR,2020-08-11 09:00:00,501,1,9.87,9.87,9.65,9.74,737560.0,7215180.7,derived_ohlc4
HOSE_GVR,GVR,2020-08-12 09:00:00,502,1,9.74,9.78,9.65,9.74,597590.0,5813056.725000001,derived_ohlc4
HOSE_GVR,GVR,2020-08-13 09:00:00,503,1,9.74,10.0,9.65,9.65,1959970.0,19129307.2,derived_ohlc4
HOSE_GVR,GVR,2020-08-14 09:00:00,504,1,9.65,9.78,9.48,9.56,974910.0,9376196.924999999,derived_ohlc4
HOSE_GVR,GVR,2020-08-17 09:00:00,505,1,9.56,9.61,9.39,9.61,750960.0,7166035.800000001,derived_ohlc4
HOSE_GVR,GVR,2020-08-18 09:00:00,506,1,9.61,9.87,9.56,9.7,1218730.0,11803400.049999999,derived_ohlc4
HOSE_GVR,GVR,2020-08-19 09:00:00,507,1,9.83,10.27,9.78,10.09,2352360.0,23505957.3,derived_ohlc4
HOSE_GVR,GVR,2020-08-20 09:00:00,508,1,10.09,10.35,10.09,10.27,2233930.0,22786086.0,derived_ohlc4
HOSE_GVR,GVR,2020-08-21 09:00:00,509,1,10.27,10.44,10.18,10.4,1617030.0,16691792.174999999,derived_ohlc4
HOSE_GVR,GVR,2020-08-24 09:00:00,510,1,10.53,10.62,10.4,10.49,1577760.0,16582257.6,derived_ohlc4
HOSE_GVR,GVR,2020-08-25 09:00:00,511,1,10.53,10.53,10.31,10.31,1301610.0,13562776.2,derived_ohlc4
HOSE_GVR,GVR,2020-08-26 09:00:00,512,1,10.22,10.66,10.22,10.44,1924850.0,19989567.25,derived_ohlc4
HOSE_GVR,GVR,2020-08-27 09:00:00,513,1,10.49,10.92,10.49,10.84,2316970.0,24756824.449999996,derived_ohlc4
HOSE_GVR,GVR,2020-08-28 09:00:00,514,1,10.84,10.92,10.57,10.57,1574520.0,16886727.0,derived_ohlc4
HOSE_GVR,GVR,2020-08-31 09:00:00,515,1,10.62,10.66,10.31,10.4,1824490.0,19152583.775000002,derived_ohlc4
HOSE_GVR,GVR,2020-09-01 09:00:00,516,1,10.35,10.66,10.27,10.66,1998840.0,20957837.4,derived_ohlc4
HOSE_GVR,GVR,2020-09-03 09:00:00,517,1,10.7,10.75,10.57,10.66,1000990.0,10680563.299999999,derived_ohlc4
HOSE_GVR,GVR,2020-09-04 09:00:00,518,1,10.44,10.57,10.4,10.53,1132370.0,11872899.45,derived_ohlc4
HOSE_GVR,GVR,2020-09-07 09:00:00,519,1,10.44,10.7,10.35,10.44,1491100.0,15630455.75,derived_ohlc4
HOSE_GVR,GVR,2020-09-08 09:00:00,520,1,10.57,10.97,10.53,10.7,4063740.0,43451539.949999996,derived_ohlc4
HOSE_GVR,GVR,2020-09-09 09:00:00,521,1,10.7,10.97,10.7,10.88,2240400.0,24224325.000000004,derived_ohlc4
HOSE_GVR,GVR,2020-09-10 09:00:00,522,1,11.01,11.28,10.88,11.23,2360230.0,26198553.000000004,derived_ohlc4
HOSE_GVR,GVR,2020-09-11 09:00:00,523,1,11.14,11.28,11.01,11.28,1349140.0,15080012.35,derived_ohlc4
HOSE_GVR,GVR,2020-09-14 09:00:00,524,1,11.23,11.28,11.06,11.06,2150970.0,23999447.775000002,derived_ohlc4
HOSE_GVR,GVR,2020-09-15 09:00:00,525,1,11.14,11.23,10.88,10.97,2087430.0,23076538.65,derived_ohlc4
HOSE_GVR,GVR,2020-09-16 09:00:00,526,1,10.97,11.19,10.92,11.1,1136120.0,12548445.4,derived_ohlc4
HOSE_GVR,GVR,2020-09-17 09:00:00,527,1,11.14,11.28,11.06,11.19,1206290.0,13471243.575000001,derived_ohlc4
HOSE_GVR,GVR,2020-09-18 09:00:00,528,1,11.19,11.23,11.14,11.19,959790.0,10737650.625,derived_ohlc4
HOSE_GVR,GVR,2020-09-21 09:00:00,529,1,11.23,11.41,11.14,11.28,1928720.0,21727030.8,derived_ohlc4
HOSE_GVR,GVR,2020-09-22 09:00:00,530,1,11.37,11.37,11.18,11.28,1392490.0,15735137.000000002,derived_ohlc4
HOSE_GVR,GVR,2020-09-23 09:00:00,531,1,11.32,11.32,11.09,11.14,1441290.0,16167670.575000001,derived_ohlc4
HOSE_GVR,GVR,2020-09-24 09:00:00,532,1,11.04,11.28,11.04,11.14,1267760.0,14103830.0,derived_ohlc4
HOSE_GVR,GVR,2020-09-25 09:00:00,533,1,11.14,11.18,11.04,11.09,615730.0,6842299.625,derived_ohlc4
HOSE_GVR,GVR,2020-09-28 09:00:00,534,1,11.09,11.18,11.09,11.18,1059040.0,11792410.4,derived_ohlc4
HOSE_GVR,GVR,2020-09-29 09:00:00,535,1,11.32,11.55,11.14,11.18,3437390.0,38833913.525000006,derived_ohlc4
HOSE_GVR,GVR,2020-09-30 09:00:00,536,1,11.18,11.41,11.09,11.37,1047030.0,11792175.375,derived_ohlc4
HOSE_GVR,GVR,2020-10-01 09:00:00,537,1,11.51,11.51,11.32,11.37,1186560.0,13559414.4,derived_ohlc4
HOSE_GVR,GVR,2020-10-02 09:00:00,538,1,11.37,11.41,10.91,11.28,2204010.0,24778582.425,derived_ohlc4
HOSE_GVR,GVR,2020-10-05 09:00:00,539,1,11.37,12.06,11.28,11.97,5306360.0,61925221.2,derived_ohlc4
HOSE_GVR,GVR,2020-10-06 09:00:00,540,1,12.15,12.33,11.83,11.87,2550590.0,30721856.55,derived_ohlc4
HOSE_GVR,GVR,2020-10-07 09:00:00,541,1,11.69,11.87,11.69,11.74,1706390.0,20045816.525000002,derived_ohlc4
HOSE_GVR,GVR,2020-10-08 09:00:00,542,1,11.83,12.29,11.69,12.2,5940910.0,71305772.27499999,derived_ohlc4
HOSE_GVR,GVR,2020-10-09 09:00:00,543,1,12.33,12.7,12.24,12.61,5300430.0,66096362.1,derived_ohlc4
HOSE_GVR,GVR,2020-10-12 09:00:00,544,1,12.61,13.02,12.47,12.56,5012600.0,63484579.00000001,derived_ohlc4
HOSE_GVR,GVR,2020-10-13 09:00:00,545,1,12.52,12.98,12.29,12.89,4789720.0,60685752.4,derived_ohlc4
HOSE_GVR,GVR,2020-10-14 09:00:00,546,1,12.89,13.07,12.52,12.61,4932320.0,62998057.2,derived_ohlc4
HOSE_GVR,GVR,2020-10-15 09:00:00,547,1,12.75,12.75,12.33,12.47,5368820.0,67512911.5,derived_ohlc4
HOSE_GVR,GVR,2020-10-16 09:00:00,548,1,12.52,12.84,12.29,12.84,5393350.0,68077560.375,derived_ohlc4
HOSE_GVR,GVR,2020-10-19 09:00:00,549,1,13.02,13.67,12.84,13.62,6244920.0,82979374.5,derived_ohlc4
HOSE_GVR,GVR,2020-10-20 09:00:00,550,1,13.62,13.99,13.39,13.58,3392500.0,46290662.5,derived_ohlc4
HOSE_GVR,GVR,2020-10-21 09:00:00,551,1,13.58,13.58,13.07,13.07,5007720.0,66727869.00000001,derived_ohlc4
HOSE_GVR,GVR,2020-10-22 09:00:00,552,1,12.93,13.16,12.79,13.16,4576950.0,59546119.49999999,derived_ohlc4
HOSE_GVR,GVR,2020-10-23 09:00:00,553,1,13.16,13.48,12.93,13.21,3363120.0,44376368.4,derived_ohlc4
HOSE_GVR,GVR,2020-10-26 09:00:00,554,1,13.44,13.71,13.16,13.16,3825590.0,51138574.324999996,derived_ohlc4
HOSE_GVR,GVR,2020-10-27 09:00:00,555,1,13.16,13.25,12.93,12.98,2472800.0,32344224.000000004,derived_ohlc4
HOSE_GVR,GVR,2020-10-28 09:00:00,556,1,12.93,13.35,12.33,12.33,5397380.0,68735634.3,derived_ohlc4
HOSE_GVR,GVR,2020-10-29 09:00:00,557,1,12.43,12.79,12.15,12.61,4416080.0,55178919.599999994,derived_ohlc4
HOSE_GVR,GVR,2020-10-30 09:00:00,558,1,12.79,13.07,12.61,13.02,3448190.0,44386825.775,derived_ohlc4
HOSE_GVR,GVR,2020-11-02 09:00:00,559,1,13.21,13.44,13.12,13.44,5148980.0,68494306.44999999,derived_ohlc4
HOSE_GVR,GVR,2020-11-03 09:00:00,560,1,13.48,14.36,13.44,14.27,11245530.0,156172297.875,derived_ohlc4
HOSE_GVR,GVR,2020-11-04 09:00:00,561,1,14.17,14.36,13.94,14.27,4661700.0,66126214.49999999,derived_ohlc4
HOSE_GVR,GVR,2020-11-05 09:00:00,562,1,14.04,14.13,13.71,13.71,6436840.0,89455983.9,derived_ohlc4
HOSE_GVR,GVR,2020-11-06 09:00:00,563,1,13.71,14.17,13.71,14.04,3208490.0,44622074.675000004,derived_ohlc4
HOSE_GVR,GVR,2020-11-09 09:00:00,564,1,14.04,14.22,13.85,14.17,4668100.0,65680167.0,derived_ohlc4
HOSE_GVR,GVR,2020-11-10 09:00:00,565,1,14.17,14.86,14.04,14.54,6147770.0,88543257.425,derived_ohlc4
HOSE_GVR,GVR,2020-11-11 09:00:00,566,1,14.54,15.05,14.4,15.0,5176010.0,76333207.47500001,derived_ohlc4
HOSE_GVR,GVR,2020-11-12 09:00:00,567,1,15.19,15.65,15.05,15.6,5971020.0,91789504.95,derived_ohlc4
HOSE_GVR,GVR,2020-11-13 09:00:00,568,1,15.55,15.88,15.32,15.65,5142170.0,80217852.0,derived_ohlc4
HOSE_GVR,GVR,2020-11-16 09:00:00,569,1,15.6,15.6,15.14,15.42,6529880.0,100821347.2,derived_ohlc4
HOSE_GVR,GVR,2020-11-17 09:00:00,570,1,15.55,16.48,15.28,16.48,6667140.0,106324215.15,derived_ohlc4
HOSE_GVR,GVR,2020-11-18 09:00:00,571,1,16.48,17.49,16.43,17.49,5218420.0,88569633.45,derived_ohlc4
HOSE_GVR,GVR,2020-11-19 09:00:00,572,1,17.49,17.76,17.03,17.76,5577100.0,97655021.00000001,derived_ohlc4
HOSE_GVR,GVR,2020-11-20 09:00:00,573,1,17.76,17.81,17.17,17.49,2787350.0,48938897.625,derived_ohlc4
HOSE_GVR,GVR,2020-11-23 09:00:00,574,1,17.17,17.4,16.89,17.03,4154160.0,71129604.60000001,derived_ohlc4
HOSE_GVR,GVR,2020-11-24 09:00:00,575,1,17.03,17.17,16.38,16.84,5685550.0,95829945.25,derived_ohlc4
HOSE_GVR,GVR,2020-11-25 09:00:00,576,1,17.21,17.49,16.94,17.4,3225870.0,55678516.199999996,derived_ohlc4
HOSE_GVR,GVR,2020-11-26 09:00:00,577,1,17.58,17.95,17.44,17.86,5644050.0,99942015.375,derived_ohlc4
HOSE_GVR,GVR,2020-11-27 09:00:00,578,1,17.76,17.86,17.53,17.53,2977160.0,52606417.2,derived_ohlc4
HOSE_GVR,GVR,2020-11-30 09:00:00,579,1,17.67,17.67,17.12,17.12,3181380.0,55340105.10000001,derived_ohlc4
HOSE_GVR,GVR,2020-12-01 09:00:00,580,1,16.66,17.26,16.66,17.17,3758590.0,63661118.125,derived_ohlc4
HOSE_GVR,GVR,2020-12-02 09:00:00,581,1,17.21,17.58,17.03,17.3,3181530.0,54976838.400000006,derived_ohlc4
HOSE_GVR,GVR,2020-12-03 09:00:00,582,1,17.3,17.44,17.12,17.26,2618260.0,45243532.800000004,derived_ohlc4
HOSE_GVR,GVR,2020-12-04 09:00:00,583,1,17.49,18.45,17.26,18.45,6208970.0,111218175.12500001,derived_ohlc4
HOSE_GVR,GVR,2020-12-07 09:00:00,584,1,18.87,19.37,18.68,18.68,4335970.0,81949833.0,derived_ohlc4
HOSE_GVR,GVR,2020-12-08 09:00:00,585,1,18.82,19.01,18.5,18.68,3509780.0,65817149.449999996,derived_ohlc4
HOSE_GVR,GVR,2020-12-09 09:00:00,586,1,18.5,19.6,18.5,18.82,5111400.0,96375447.0,derived_ohlc4
HOSE_GVR,GVR,2020-12-10 09:00:00,587,1,18.78,19.14,18.32,18.36,3775710.0,70416991.5,derived_ohlc4
HOSE_GVR,GVR,2020-12-11 09:00:00,588,1,18.5,19.33,18.32,19.24,4719070.0,88942671.825,derived_ohlc4
HOSE_GVR,GVR,2020-12-14 09:00:00,589,1,19.33,20.57,19.33,20.57,5534040.0,110404098.0,derived_ohlc4
HOSE_GVR,GVR,2020-12-15 09:00:00,590,1,20.71,21.86,20.39,21.4,4905500.0,103456995.0,derived_ohlc4
HOSE_GVR,GVR,2020-12-16 09:00:00,591,1,21.4,21.86,21.26,21.45,3528920.0,75845313.1,derived_ohlc4
HOSE_GVR,GVR,2020-12-17 09:00:00,592,1,21.17,22.69,20.99,22.09,4909320.0,106704070.2,derived_ohlc4
HOSE_GVR,GVR,2020-12-18 09:00:00,593,1,22.92,23.33,22.37,23.33,3881450.0,89224831.875,derived_ohlc4
HOSE_GVR,GVR,2020-12-21 09:00:00,594,1,24.11,24.94,24.02,24.94,3351680.0,82124539.19999999,derived_ohlc4
HOSE_GVR,GVR,2020-12-22 09:00:00,595,1,26.65,26.65,26.32,26.65,1853210.0,49235156.675000004,derived_ohlc4
HOSE_GVR,GVR,2020-12-23 09:00:00,596,1,28.49,28.49,24.81,25.4,3522880.0,94404376.8,derived_ohlc4
HOSE_GVR,GVR,2020-12-24 09:00:00,597,1,26.69,26.69,23.65,25.04,9525620.0,243070008.35,derived_ohlc4
HOSE_GVR,GVR,2020-12-25 09:00:00,598,1,25.77,26.78,25.36,26.78,5589590.0,146293544.275,derived_ohlc4
HOSE_GVR,GVR,2020-12-28 09:00:00,599,1,28.03,28.62,26.88,28.03,4610970.0,128599953.3,derived_ohlc4
HOSE_GVR,GVR,2020-12-29 09:00:00,600,1,27.52,28.35,26.6,27.15,7712850.0,211370654.25,derived_ohlc4
HOSE_GVR,GVR,2020-12-30 09:00:00,601,1,27.06,27.7,25.86,26.23,5020230.0,134102893.87500001,derived_ohlc4
HOSE_GVR,GVR,2020-12-31 09:00:00,602,1,26.51,27.61,25.77,27.57,4707730.0,126473166.45,derived_ohlc4
HOSE_GVR,GVR,2021-01-04 09:00:00,603,1,27.66,29.04,27.11,27.11,7353500.0,203912555.0,derived_ohlc4
HOSE_GVR,GVR,2021-01-05 09:00:00,604,1,27.43,27.84,26.78,27.15,5766300.0,157419989.99999997,derived_ohlc4
HOSE_GVR,GVR,2021-01-06 09:00:00,605,1,27.34,27.38,26.23,26.46,6482500.0,174071331.25,derived_ohlc4
HOSE_GVR,GVR,2021-01-07 09:00:00,606,1,26.6,26.69,25.86,26.05,6324200.0,166326460.0,derived_ohlc4
HOSE_GVR,GVR,2021-01-08 09:00:00,607,1,26.23,27.61,25.68,26.69,6681900.0,177421149.75,derived_ohlc4
HOSE_GVR,GVR,2021-01-11 09:00:00,608,1,27.29,27.57,26.23,27.01,5430200.0,146751155.0,derived_ohlc4
HOSE_GVR,GVR,2021-01-12 09:00:00,609,1,27.06,27.47,26.69,27.43,3876400.0,105292715.0,derived_ohlc4
HOSE_GVR,GVR,2021-01-13 09:00:00,610,1,28.07,29.32,28.07,29.32,15851200.0,454850184.0,derived_ohlc4
HOSE_GVR,GVR,2021-01-14 09:00:00,611,1,29.91,31.2,29.82,30.05,7396400.0,223704118.0,derived_ohlc4
HOSE_GVR,GVR,2021-01-15 09:00:00,612,1,29.91,30.33,29.36,29.82,5477800.0,163539718.99999997,derived_ohlc4
HOSE_GVR,GVR,2021-01-18 09:00:00,613,1,29.64,31.48,29.32,30.65,7199300.0,217940809.25,derived_ohlc4
HOSE_GVR,GVR,2021-01-19 09:00:00,614,1,30.65,31.25,28.53,29.18,5926700.0,177223146.75000003,derived_ohlc4
HOSE_GVR,GVR,2021-01-20 09:00:00,615,1,29.45,29.45,27.15,28.53,5355900.0,153419755.5,derived_ohlc4
HOSE_GVR,GVR,2021-01-21 09:00:00,616,1,28.95,29.36,27.89,29.32,5031100.0,145298168.0,derived_ohlc4
HOSE_GVR,GVR,2021-01-22 09:00:00,617,1,29.36,30.56,28.72,29.55,6470800.0,191195963.0,derived_ohlc4
HOSE_GVR,GVR,2021-01-25 09:00:00,618,1,29.04,30.33,29.04,29.87,4896700.0,144795419.0,derived_ohlc4
HOSE_GVR,GVR,2021-01-26 09:00:00,619,1,29.87,29.87,27.8,27.8,5595300.0,161340475.5,derived_ohlc4
HOSE_GVR,GVR,2021-01-27 09:00:00,620,1,26.51,27.43,25.86,25.86,5670400.0,149783616.0,derived_ohlc4
HOSE_GVR,GVR,2021-01-28 09:00:00,621,1,24.07,24.07,24.07,24.07,501600.0,12073512.0,derived_ohlc4
HOSE_GVR,GVR,2021-01-29 09:00:00,622,1,22.41,24.07,22.41,22.46,12775800.0,291767332.5,derived_ohlc4
HOSE_GVR,GVR,2021-02-01 09:00:00,623,1,22.09,23.75,20.89,20.89,5967800.0,130724659.0,derived_ohlc4
HOSE_GVR,GVR,2021-02-02 09:00:00,624,1,20.99,21.95,19.88,21.54,6277200.0,132386147.99999997,derived_ohlc4
HOSE_GVR,GVR,2021-02-03 09:00:00,625,1,22.18,23.01,21.54,23.01,3765800.0,84485723.0,derived_ohlc4
HOSE_GVR,GVR,2021-02-04 09:00:00,626,1,23.29,24.21,22.92,23.42,4257800.0,99887988.0,derived_ohlc4
HOSE_GVR,GVR,2021-02-05 09:00:00,627,1,23.42,23.93,23.06,23.65,3434800.0,80769322.0,derived_ohlc4
HOSE_GVR,GVR,2021-02-08 09:00:00,628,1,23.65,23.84,22.04,22.04,5368300.0,122893807.74999999,derived_ohlc4
HOSE_GVR,GVR,2021-02-09 09:00:00,629,1,22.0,22.83,21.35,22.14,3756400.0,82941312.0,derived_ohlc4
HOSE_GVR,GVR,2021-02-17 09:00:00,630,1,23.06,23.65,23.01,23.65,1392600.0,32506765.5,derived_ohlc4
HOSE_GVR,GVR,2021-02-18 09:00:00,631,1,25.27,25.27,25.27,25.27,3278500.0,82847695.0,derived_ohlc4
HOSE_GVR,GVR,2021-02-19 09:00:00,632,1,25.86,26.69,25.36,25.86,8269200.0,214523721.0,derived_ohlc4
HOSE_GVR,GVR,2021-02-22 09:00:00,633,1,25.96,26.19,25.31,25.73,4211000.0,108633272.50000001,derived_ohlc4
HOSE_GVR,GVR,2021-02-23 09:00:00,634,1,25.63,27.52,24.94,27.52,8396300.0,221683310.75,derived_ohlc4
HOSE_GVR,GVR,2021-02-24 09:00:00,635,1,27.8,28.26,26.23,26.51,4418300.0,120177760.00000001,derived_ohlc4
HOSE_GVR,GVR,2021-02-25 09:00:00,636,1,26.88,26.88,26.05,26.6,3505700.0,93260384.25,derived_ohlc4
HOSE_GVR,GVR,2021-02-26 09:00:00,637,1,25.59,26.69,25.59,26.55,4192500.0,109445212.5,derived_ohlc4
HOSE_GVR,GVR,2021-03-01 09:00:00,638,1,27.24,27.7,26.78,27.15,3977200.0,108249441.0,derived_ohlc4
HOSE_GVR,GVR,2021-03-02 09:00:00,639,1,27.52,28.26,26.92,27.52,5624500.0,154983097.5,derived_ohlc4
HOSE_GVR,GVR,2021-03-03 09:00:00,640,1,27.43,27.7,27.15,27.24,2908600.0,79637468.0,derived_ohlc4
HOSE_GVR,GVR,2021-03-04 09:00:00,641,1,27.24,27.34,25.86,26.46,4337000.0,115906325.0,derived_ohlc4
HOSE_GVR,GVR,2021-03-05 09:00:00,642,1,26.05,27.15,25.77,26.74,3738100.0,98788637.75,derived_ohlc4
HOSE_GVR,GVR,2021-03-08 09:00:00,643,1,27.15,27.61,26.51,27.06,3627300.0,98236352.25,derived_ohlc4
HOSE_GVR,GVR,2021-03-09 09:00:00,644,1,25.96,26.97,25.96,26.42,2056200.0,54134605.5,derived_ohlc4
HOSE_GVR,GVR,2021-03-10 09:00:00,645,1,26.51,26.97,26.23,26.69,2563700.0,68194420.0,derived_ohlc4
HOSE_GVR,GVR,2021-03-11 09:00:00,646,1,27.15,27.57,26.92,27.15,5317600.0,144625426.0,derived_ohlc4
HOSE_GVR,GVR,2021-03-12 09:00:00,647,1,27.43,28.9,27.24,28.44,8710200.0,243907375.49999997,derived_ohlc4
HOSE_GVR,GVR,2021-03-15 09:00:00,648,1,28.44,28.53,27.84,27.89,2472900.0,69673957.5,derived_ohlc4
HOSE_GVR,GVR,2021-03-16 09:00:00,649,1,27.75,27.89,26.88,27.11,4671800.0,128042358.5,derived_ohlc4
HOSE_GVR,GVR,2021-03-17 09:00:00,650,1,27.24,27.43,26.78,27.34,2819700.0,76688790.75,derived_ohlc4
HOSE_GVR,GVR,2021-03-18 09:00:00,651,1,27.61,28.44,27.34,28.26,3849200.0,107440795.0,derived_ohlc4
HOSE_GVR,GVR,2021-03-19 09:00:00,652,1,27.89,28.16,27.52,27.61,3339800.0,92829741.0,derived_ohlc4
HOSE_GVR,GVR,2021-03-22 09:00:00,653,1,28.07,28.07,27.24,27.34,3121400.0,86400352.0,derived_ohlc4
HOSE_GVR,GVR,2021-03-23 09:00:00,654,1,27.34,27.61,26.69,27.01,4188700.0,113775563.75,derived_ohlc4
HOSE_GVR,GVR,2021-03-24 09:00:00,655,1,26.28,26.92,25.73,25.91,3693600.0,96809256.0,derived_ohlc4
HOSE_GVR,GVR,2021-03-25 09:00:00,656,1,26.0,26.32,25.17,25.4,4806600.0,123637768.50000001,derived_ohlc4
HOSE_GVR,GVR,2021-03-26 09:00:00,657,1,24.85,25.31,23.65,25.13,5217700.0,129059809.5,derived_ohlc4
HOSE_GVR,GVR,2021-03-29 09:00:00,658,1,25.5,25.68,25.22,25.63,1674300.0,42707207.25,derived_ohlc4
HOSE_GVR,GVR,2021-03-30 09:00:00,659,1,25.63,26.09,25.5,25.96,2115700.0,54574481.5,derived_ohlc4
HOSE_GVR,GVR,2021-03-31 09:00:00,660,1,25.96,26.05,25.54,25.59,2056900.0,53037166.50000001,derived_ohlc4
HOSE_GVR,GVR,2021-04-01 09:00:00,661,1,25.59,26.23,25.54,26.19,2484100.0,64307138.75,derived_ohlc4
HOSE_GVR,GVR,2021-04-02 09:00:00,662,1,26.42,26.69,25.91,26.05,2241800.0,58886481.49999999,derived_ohlc4
HOSE_GVR,GVR,2021-04-05 09:00:00,663,1,26.14,26.23,25.86,26.05,2056700.0,53618169.0,derived_ohlc4
HOSE_GVR,GVR,2021-04-06 09:00:00,664,1,25.86,26.05,25.68,25.68,2365500.0,61071296.25000001,derived_ohlc4
HOSE_GVR,GVR,2021-04-07 09:00:00,665,1,25.5,25.77,25.27,25.77,2634700.0,67389039.24999999,derived_ohlc4
HOSE_GVR,GVR,2021-04-08 09:00:00,666,1,26.05,26.42,25.68,26.14,3152300.0,82188341.75,derived_ohlc4
HOSE_GVR,GVR,2021-04-09 09:00:00,667,1,26.14,26.65,26.14,26.23,2944000.0,77397760.00000001,derived_ohlc4
HOSE_GVR,GVR,2021-04-12 09:00:00,668,1,26.32,26.42,26.09,26.14,2902600.0,76171480.5,derived_ohlc4
HOSE_GVR,GVR,2021-04-13 09:00:00,669,1,26.14,26.14,25.27,25.36,4556700.0,117232499.25,derived_ohlc4
HOSE_GVR,GVR,2021-04-14 09:00:00,670,1,24.94,25.36,24.76,25.17,3282300.0,82246232.25,derived_ohlc4
HOSE_GVR,GVR,2021-04-15 09:00:00,671,1,25.17,25.31,24.48,24.53,3301600.0,82119046.00000001,derived_ohlc4
HOSE_GVR,GVR,2021-04-16 09:00:00,672,1,24.39,24.39,22.92,23.47,5099800.0,121336991.5,derived_ohlc4
HOSE_GVR,GVR,2021-04-19 09:00:00,673,1,23.1,24.11,23.1,23.93,2739500.0,64542620.00000001,derived_ohlc4
HOSE_GVR,GVR,2021-04-20 09:00:00,674,1,24.02,24.16,23.01,23.19,2655600.0,62658882.0,derived_ohlc4
HOSE_GVR,GVR,2021-04-22 09:00:00,675,1,23.06,23.19,21.58,21.58,4710300.0,105286980.75,derived_ohlc4
HOSE_GVR,GVR,2021-04-23 09:00:00,676,1,21.45,22.32,20.99,22.32,3554300.0,77377110.99999999,derived_ohlc4
HOSE_GVR,GVR,2021-04-26 09:00:00,677,1,22.32,23.33,21.77,21.81,2796700.0,62387385.25,derived_ohlc4
HOSE_GVR,GVR,2021-04-27 09:00:00,678,1,21.81,22.14,20.89,21.54,1511800.0,32647321.0,derived_ohlc4
HOSE_GVR,GVR,2021-04-28 09:00:00,679,1,22.18,23.01,22.18,23.01,3108300.0,70232038.50000001,derived_ohlc4
HOSE_GVR,GVR,2021-04-29 09:00:00,680,1,23.93,24.21,23.19,23.7,3166900.0,75237626.75,derived_ohlc4
HOSE_GVR,GVR,2021-05-04 09:00:00,681,1,22.83,23.42,22.18,23.24,2156600.0,49423880.5,derived_ohlc4
HOSE_GVR,GVR,2021-05-05 09:00:00,682,1,23.01,23.52,23.01,23.24,3182300.0,73813448.5,derived_ohlc4
HOSE_GVR,GVR,2021-05-06 09:00:00,683,1,23.19,23.84,23.01,23.29,2554200.0,59595871.50000001,derived_ohlc4
HOSE_GVR,GVR,2021-05-07 09:00:00,684,1,23.29,23.52,22.73,22.83,2869700.0,66268547.25,derived_ohlc4
HOSE_GVR,GVR,2021-05-10 09:00:00,685,1,22.55,22.96,22.14,22.69,2429700.0,54874774.5,derived_ohlc4
HOSE_GVR,GVR,2021-05-11 09:00:00,686,1,23.01,23.65,22.83,23.24,2824000.0,65467379.99999999,derived_ohlc4
HOSE_GVR,GVR,2021-05-12 09:00:00,687,1,23.47,24.85,23.38,24.85,6321300.0,152580378.75000003,derived_ohlc4
HOSE_GVR,GVR,2021-05-13 09:00:00,688,1,24.85,25.63,24.39,24.39,5598900.0,138936703.5,derived_ohlc4
HOSE_GVR,GVR,2021-05-14 09:00:00,689,1,24.39,24.85,23.98,24.21,2819600.0,68678407.0,derived_ohlc4
HOSE_GVR,GVR,2021-05-17 09:00:00,690,1,24.21,24.21,23.29,23.33,3533900.0,83965464.0,derived_ohlc4
HOSE_GVR,GVR,2021-05-18 09:00:00,691,1,23.29,23.47,22.73,22.83,3064400.0,70726352.0,derived_ohlc4
HOSE_GVR,GVR,2021-05-19 09:00:00,692,1,22.83,23.65,22.83,23.33,2813000.0,65149080.0,derived_ohlc4
HOSE_GVR,GVR,2021-05-20 09:00:00,693,1,23.29,23.29,22.46,22.73,4030800.0,92476629.0,derived_ohlc4
HOSE_GVR,GVR,2021-05-21 09:00:00,694,1,22.73,23.93,22.55,23.33,3409100.0,78869528.5,derived_ohlc4
HOSE_GVR,GVR,2021-05-24 09:00:00,695,1,24.07,24.94,24.07,24.94,6726600.0,164835333.00000003,derived_ohlc4
HOSE_GVR,GVR,2021-05-25 09:00:00,696,1,25.68,25.68,24.58,24.85,5599400.0,141090881.5,derived_ohlc4
HOSE_GVR,GVR,2021-05-26 09:00:00,697,1,24.67,25.59,24.48,25.27,6327300.0,158198318.25,derived_ohlc4
HOSE_GVR,GVR,2021-05-27 09:00:00,698,1,25.36,26.6,25.04,25.63,6625100.0,169983503.25,derived_ohlc4
HOSE_GVR,GVR,2021-05-28 09:00:00,699,1,25.77,26.51,25.77,26.46,5541400.0,144782928.5,derived_ohlc4
HOSE_GVR,GVR,2021-05-31 09:00:00,700,1,26.51,26.69,25.86,26.32,4910100.0,129356584.5,derived_ohlc4
HOSE_GVR,GVR,2021-06-01 09:00:00,701,1,26.19,26.42,25.77,26.09,5077400.0,132608994.5,derived_ohlc4
HOSE_GVR,GVR,2021-06-02 09:00:00,702,1,25.77,25.86,24.85,25.63,5018100.0,128099547.74999999,derived_ohlc4
HOSE_GVR,GVR,2021-06-03 09:00:00,703,1,26.05,26.51,25.36,26.23,6501800.0,169290617.5,derived_ohlc4
HOSE_GVR,GVR,2021-06-04 09:00:00,704,1,26.6,27.7,26.51,27.52,9284000.0,251433930.0,derived_ohlc4
HOSE_GVR,GVR,2021-06-07 09:00:00,705,1,28.26,29.09,27.89,28.9,10302900.0,293993251.50000006,derived_ohlc4
HOSE_GVR,GVR,2021-06-08 09:00:00,706,1,28.16,28.9,26.92,26.92,5410600.0,150008885.0,derived_ohlc4
HOSE_GVR,GVR,2021-06-09 09:00:00,707,1,26.69,27.52,25.77,26.97,5540700.0,148144466.25,derived_ohlc4
HOSE_GVR,GVR,2021-06-10 09:00:00,708,1,26.23,26.97,25.77,26.23,4218400.0,110943920.0,derived_ohlc4
HOSE_GVR,GVR,2021-06-11 09:00:00,709,1,26.51,27.2,26.14,26.83,4200500.0,112027334.99999999,derived_ohlc4
HOSE_GVR,GVR,2021-06-14 09:00:00,710,1,27.06,27.8,26.69,27.38,5243000.0,142779997.5,derived_ohlc4
HOSE_GVR,GVR,2021-06-15 09:00:00,711,1,27.61,29.27,27.43,29.27,9611200.0,272910024.0,derived_ohlc4
HOSE_GVR,GVR,2021-06-16 09:00:00,712,1,29.91,30.28,29.36,29.5,7694800.0,229016485.0,derived_ohlc4
HOSE_GVR,GVR,2021-06-17 09:00:00,713,1,28.85,31.29,28.72,31.25,9882200.0,296737760.5,derived_ohlc4
HOSE_GVR,GVR,2021-06-18 09:00:00,714,1,31.25,33.04,30.74,31.75,8776800.0,278180676.0,derived_ohlc4
HOSE_GVR,GVR,2021-06-21 09:00:00,715,1,31.48,32.49,31.2,31.75,6685400.0,212127742.0,derived_ohlc4
HOSE_GVR,GVR,2021-06-22 09:00:00,716,1,32.21,32.44,31.57,31.62,5910700.0,188905972.0,derived_ohlc4
HOSE_GVR,GVR,2021-06-23 09:00:00,717,1,31.48,31.75,30.47,30.83,7695500.0,239580153.75,derived_ohlc4
HOSE_GVR,GVR,2021-06-24 09:00:00,718,1,30.6,32.63,30.6,32.03,5819900.0,183123153.50000003,derived_ohlc4
HOSE_GVR,GVR,2021-06-25 09:00:00,719,1,32.03,32.4,31.75,32.17,3659300.0,117417788.75000001,derived_ohlc4
HOSE_GVR,GVR,2021-06-28 09:00:00,720,1,32.31,33.6,31.85,33.41,6792600.0,222746335.49999997,derived_ohlc4
HOSE_GVR,GVR,2021-06-29 09:00:00,721,1,33.13,34.01,32.77,32.86,4640000.0,154013199.99999997,derived_ohlc4
HOSE_GVR,GVR,2021-06-30 09:00:00,722,1,32.67,33.0,32.21,32.21,3729600.0,121295916.0,derived_ohlc4
HOSE_GVR,GVR,2021-07-01 09:00:00,723,1,32.31,33.92,32.21,33.5,6757400.0,222892839.0,derived_ohlc4
HOSE_GVR,GVR,2021-07-02 09:00:00,724,1,33.5,33.83,33.13,33.32,3962500.0,132525812.5,derived_ohlc4
HOSE_GVR,GVR,2021-07-05 09:00:00,725,1,33.23,33.69,32.77,33.41,4525200.0,150576030.0,derived_ohlc4
HOSE_GVR,GVR,2021-07-06 09:00:00,726,1,33.83,34.7,31.11,31.11,6778500.0,221572218.75,derived_ohlc4
HOSE_GVR,GVR,2021-07-07 09:00:00,727,1,31.48,31.94,29.45,31.89,5960900.0,185920471.0,derived_ohlc4
HOSE_GVR,GVR,2021-07-08 09:00:00,728,1,32.08,32.08,30.83,31.25,3886500.0,122657940.0,derived_ohlc4
HOSE_GVR,GVR,2021-07-09 09:00:00,729,1,30.47,31.11,29.09,29.09,9414700.0,281876118.0,derived_ohlc4
HOSE_GVR,GVR,2021-07-12 09:00:00,730,1,27.61,28.26,27.06,27.06,7085300.0,194828036.75000003,derived_ohlc4
HOSE_GVR,GVR,2021-07-13 09:00:00,731,1,27.24,28.07,26.88,27.61,3515700.0,96505965.0,derived_ohlc4
HOSE_GVR,GVR,2021-07-14 09:00:00,732,1,27.38,28.35,26.14,26.97,3722500.0,101289225.0,derived_ohlc4
HOSE_GVR,GVR,2021-07-15 09:00:00,733,1,26.55,28.16,26.55,28.07,3199200.0,87442134.00000001,derived_ohlc4
HOSE_GVR,GVR,2021-07-16 09:00:00,734,1,28.07,29.41,28.07,28.85,4052300.0,115895780.0,derived_ohlc4
HOSE_GVR,GVR,2021-07-19 09:00:00,735,1,27.61,28.35,26.88,26.88,5437700.0,149156111.0,derived_ohlc4
HOSE_GVR,GVR,2021-07-20 09:00:00,736,1,27.57,28.35,26.69,28.35,4154800.0,115254152.00000001,derived_ohlc4
HOSE_GVR,GVR,2021-07-21 09:00:00,737,1,28.53,28.81,27.61,27.8,2458700.0,69304606.25,derived_ohlc4
HOSE_GVR,GVR,2021-07-22 09:00:00,738,1,27.8,29.22,27.57,28.99,4436600.0,125977257.0,derived_ohlc4
HOSE_GVR,GVR,2021-07-23 09:00:00,739,1,28.62,29.78,28.49,28.53,6441700.0,185875253.5,derived_ohlc4
HOSE_GVR,GVR,2021-07-26 09:00:00,740,1,28.53,29.91,28.35,29.91,5022000.0,146516850.0,derived_ohlc4
HOSE_GVR,GVR,2021-07-27 09:00:00,741,1,30.37,30.83,29.96,30.19,4462000.0,135365925.0,derived_ohlc4
HOSE_GVR,GVR,2021-07-28 09:00:00,742,1,29.96,30.56,29.73,30.05,4193500.0,126119512.5,derived_ohlc4
HOSE_GVR,GVR,2021-07-29 09:00:00,743,1,30.05,30.65,29.64,30.51,4267600.0,128934865.00000001,derived_ohlc4
HOSE_GVR,GVR,2021-07-30 09:00:00,744,1,30.65,31.11,30.42,31.02,5202800.0,160246240.0,derived_ohlc4
HOSE_GVR,GVR,2021-08-02 09:00:00,745,1,30.37,31.66,30.37,30.83,6191700.0,190750797.75,derived_ohlc4
HOSE_GVR,GVR,2021-08-03 09:00:00,746,1,30.83,31.2,30.19,31.02,4856600.0,149631846.0,derived_ohlc4
HOSE_GVR,GVR,2021-08-04 09:00:00,747,1,31.2,31.39,30.51,30.79,4157100.0,128755779.75000001,derived_ohlc4
HOSE_GVR,GVR,2021-08-05 09:00:00,748,1,30.74,32.35,30.37,32.08,9045500.0,283893017.5,derived_ohlc4
HOSE_GVR,GVR,2021-08-06 09:00:00,749,1,32.08,32.4,31.48,31.48,5648300.0,179954838.0,derived_ohlc4
HOSE_GVR,GVR,2021-08-09 09:00:00,750,1,31.29,32.54,31.29,32.4,5093700.0,162387156.0,derived_ohlc4
HOSE_GVR,GVR,2021-08-10 09:00:00,751,1,32.63,32.72,32.03,32.21,6385800.0,206883955.5,derived_ohlc4
HOSE_GVR,GVR,2021-08-11 09:00:00,752,1,32.21,32.4,31.34,31.39,6143000.0,195562405.0,derived_ohlc4
HOSE_GVR,GVR,2021-08-12 09:00:00,753,1,31.11,32.4,30.83,31.57,5683500.0,178902371.25,derived_ohlc4
HOSE_GVR,GVR,2021-08-13 09:00:00,754,1,31.39,32.12,30.88,32.03,4717200.0,149087106.0,derived_ohlc4
HOSE_GVR,GVR,2021-08-16 09:00:00,755,1,32.49,34.24,32.21,34.24,10693600.0,356043412.0,derived_ohlc4
HOSE_GVR,GVR,2021-08-17 09:00:00,756,1,34.61,35.44,34.15,34.52,7543100.0,261594708.0,derived_ohlc4
HOSE_GVR,GVR,2021-08-18 09:00:00,757,1,34.06,35.25,33.92,34.56,4797600.0,165265326.00000003,derived_ohlc4
HOSE_GVR,GVR,2021-08-19 09:00:00,758,1,34.38,35.9,34.24,35.71,6673700.0,233963237.75000003,derived_ohlc4
HOSE_GVR,GVR,2021-08-20 09:00:00,759,1,35.53,35.9,33.23,33.46,12418100.0,428796993.0,derived_ohlc4
HOSE_GVR,GVR,2021-08-23 09:00:00,760,1,33.23,33.96,31.48,31.48,7321700.0,238229813.75,derived_ohlc4
HOSE_GVR,GVR,2021-08-24 09:00:00,761,1,31.48,32.21,31.02,31.29,6463100.0,203587650.0,derived_ohlc4
HOSE_GVR,GVR,2021-08-25 09:00:00,762,1,31.57,32.4,31.39,32.4,3379900.0,107954005.99999999,derived_ohlc4
HOSE_GVR,GVR,2021-08-26 09:00:00,763,1,32.77,33.5,32.35,32.67,4533400.0,148797521.50000003,derived_ohlc4
HOSE_GVR,GVR,2021-08-27 09:00:00,764,1,32.21,34.42,31.75,34.42,7521500.0,249713800.00000003,derived_ohlc4
HOSE_GVR,GVR,2021-08-30 09:00:00,765,1,34.93,35.25,34.24,34.61,5449200.0,189400569.00000003,derived_ohlc4
HOSE_GVR,GVR,2021-08-31 09:00:00,766,1,34.61,36.72,34.38,35.67,9613400.0,339785623.0,derived_ohlc4
HOSE_GVR,GVR,2021-09-01 09:00:00,767,1,34.98,37.28,34.98,36.91,8428800.0,303752879.99999994,derived_ohlc4
HOSE_GVR,GVR,2021-09-06 09:00:00,768,1,37.74,37.74,36.17,36.17,6788200.0,250857931.0,derived_ohlc4
HOSE_GVR,GVR,2021-09-07 09:00:00,769,1,36.17,36.77,35.57,35.76,6217700.0,224256894.74999997,derived_ohlc4
HOSE_GVR,GVR,2021-09-08 09:00:00,770,1,35.8,36.54,35.44,35.9,4272900.0,153482568.0,derived_ohlc4
HOSE_GVR,GVR,2021-09-09 09:00:00,771,1,35.94,36.77,35.8,36.77,4012200.0,145723104.0,derived_ohlc4
HOSE_GVR,GVR,2021-09-10 09:00:00,772,1,36.82,36.82,36.08,36.17,3419300.0,124710419.24999999,derived_ohlc4
HOSE_GVR,GVR,2021-09-13 09:00:00,773,1,36.08,36.17,34.52,34.7,7507800.0,265532116.50000006,derived_ohlc4
HOSE_GVR,GVR,2021-09-14 09:00:00,774,1,34.52,35.25,34.15,34.98,3672700.0,127534507.5,derived_ohlc4
HOSE_GVR,GVR,2021-09-15 09:00:00,775,1,34.47,35.71,34.47,35.44,2474700.0,86670180.75,derived_ohlc4
HOSE_GVR,GVR,2021-09-16 09:00:00,776,1,35.07,35.71,35.07,35.34,2233900.0,78851085.25,derived_ohlc4
HOSE_GVR,GVR,2021-09-17 09:00:00,777,1,35.44,36.03,34.98,35.48,3726500.0,132225536.24999999,derived_ohlc4
HOSE_GVR,GVR,2021-09-20 09:00:00,778,1,35.62,35.9,34.42,34.42,4251400.0,149181626.0,derived_ohlc4
HOSE_GVR,GVR,2021-09-21 09:00:00,779,1,33.87,34.38,32.54,33.5,6765800.0,227144820.5,derived_ohlc4
HOSE_GVR,GVR,2021-09-22 09:00:00,780,1,33.6,34.24,33.41,34.06,3555500.0,120273676.25,derived_ohlc4
HOSE_GVR,GVR,2021-09-23 09:00:00,781,1,34.98,35.44,34.06,34.24,3709300.0,128638524.0,derived_ohlc4
HOSE_GVR,GVR,2021-09-24 09:00:00,782,1,34.38,34.98,34.06,34.06,2891500.0,99380855.00000001,derived_ohlc4
HOSE_GVR,GVR,2021-09-27 09:00:00,783,1,34.42,34.52,32.77,32.77,3941900.0,132526678.00000001,derived_ohlc4
HOSE_GVR,GVR,2021-09-28 09:00:00,784,1,32.35,33.18,32.17,32.95,4567000.0,149169637.5,derived_ohlc4
HOSE_GVR,GVR,2021-09-29 09:00:00,785,1,32.86,33.69,32.86,33.13,3525300.0,116810815.5,derived_ohlc4
HOSE_GVR,GVR,2021-09-30 09:00:00,786,1,33.55,33.6,33.04,33.04,1718800.0,57248930.99999999,derived_ohlc4
HOSE_GVR,GVR,2021-10-01 09:00:00,787,1,32.9,33.55,32.67,33.23,2695300.0,89180738.75,derived_ohlc4
HOSE_GVR,GVR,2021-10-04 09:00:00,788,1,33.41,34.56,33.23,34.15,3461500.0,117128506.25,derived_ohlc4
HOSE_GVR,GVR,2021-10-05 09:00:00,789,1,34.38,34.88,34.19,34.52,3010400.0,103836222.0,derived_ohlc4
HOSE_GVR,GVR,2021-10-06 09:00:00,790,1,34.65,35.3,34.56,34.84,2934200.0,102220192.5,derived_ohlc4
HOSE_GVR,GVR,2021-10-07 09:00:00,791,1,35.25,35.53,34.79,35.16,4038000.0,142066935.0,derived_ohlc4
HOSE_GVR,GVR,2021-10-08 09:00:00,792,1,35.25,35.39,34.56,34.65,3436200.0,120138142.5,derived_ohlc4
HOSE_GVR,GVR,2021-10-11 09:00:00,793,1,34.98,35.25,34.61,34.79,2921200.0,101971789.0,derived_ohlc4
HOSE_GVR,GVR,2021-10-12 09:00:00,794,1,35.16,35.16,34.65,34.79,4797100.0,167610674.0,derived_ohlc4
HOSE_GVR,GVR,2021-10-13 09:00:00,795,1,35.26,35.26,34.84,35.07,2503600.0,87895137.0,derived_ohlc4
HOSE_GVR,GVR,2021-10-14 09:00:00,796,1,35.4,36.29,35.17,35.91,4981300.0,177795050.24999997,derived_ohlc4
HOSE_GVR,GVR,2021-10-15 09:00:00,797,1,36.1,36.48,35.35,35.73,3561500.0,127911272.5,derived_ohlc4
HOSE_GVR,GVR,2021-10-18 09:00:00,798,1,35.73,36.29,35.35,35.4,4123800.0,147188731.5,derived_ohlc4
HOSE_GVR,GVR,2021-10-19 09:00:00,799,1,35.35,35.35,34.79,35.07,3834600.0,134747844.0,derived_ohlc4
HOSE_GVR,GVR,2021-10-20 09:00:00,800,1,35.03,35.35,34.7,35.07,2719200.0,95273970.0,derived_ohlc4
HOSE_GVR,GVR,2021-10-21 09:00:00,801,1,35.35,35.35,34.51,34.7,2635600.0,92186699.00000001,derived_ohlc4
HOSE_GVR,GVR,2021-10-22 09:00:00,802,1,34.74,35.96,34.7,35.82,5277400.0,186318607.0,derived_ohlc4
HOSE_GVR,GVR,2021-10-25 09:00:00,803,1,36.29,37.64,35.82,36.76,8643200.0,316578808.0,derived_ohlc4
HOSE_GVR,GVR,2021-10-26 09:00:00,804,1,36.76,37.04,36.1,36.9,2909900.0,106793330.00000001,derived_ohlc4
HOSE_GVR,GVR,2021-10-27 09:00:00,805,1,37.04,38.16,36.71,37.41,6284500.0,234600385.0,derived_ohlc4
HOSE_GVR,GVR,2021-10-28 09:00:00,806,1,37.41,38.25,36.66,37.46,4757300.0,178137098.5,derived_ohlc4
HOSE_GVR,GVR,2021-10-29 09:00:00,807,1,37.88,38.25,36.99,37.22,4719000.0,177363615.0,derived_ohlc4
HOSE_GVR,GVR,2021-11-01 09:00:00,808,1,37.22,37.41,36.48,36.8,5673900.0,209806637.24999994,derived_ohlc4
HOSE_GVR,GVR,2021-11-02 09:00:00,809,1,36.66,39.37,36.48,39.37,8464100.0,321381877.0,derived_ohlc4
HOSE_GVR,GVR,2021-11-03 09:00:00,810,1,40.5,40.5,36.76,36.76,6911300.0,266983518.99999997,derived_ohlc4
HOSE_GVR,GVR,2021-11-04 09:00:00,811,1,37.32,38.25,36.76,37.36,4403300.0,164782494.25,derived_ohlc4
HOSE_GVR,GVR,2021-11-05 09:00:00,812,1,37.6,38.07,37.32,37.5,4264200.0,160429864.5,derived_ohlc4
HOSE_GVR,GVR,2021-11-08 09:00:00,813,1,37.78,38.81,37.6,38.07,4284000.0,163070460.0,derived_ohlc4
HOSE_GVR,GVR,2021-11-09 09:00:00,814,1,38.16,38.53,37.74,37.97,3742300.0,142581630.0,derived_ohlc4
HOSE_GVR,GVR,2021-11-10 09:00:00,815,1,38.07,39.09,37.5,38.44,4584700.0,175479392.5,derived_ohlc4
HOSE_GVR,GVR,2021-11-11 09:00:00,816,1,38.58,40.03,37.83,39.19,7153900.0,278340364.25,derived_ohlc4
HOSE_GVR,GVR,2021-11-12 09:00:00,817,1,39.28,39.56,38.16,38.72,2871700.0,111795281.0,derived_ohlc4
HOSE_GVR,GVR,2021-11-15 09:00:00,818,1,38.81,38.95,37.41,37.88,6689500.0,255956993.75000003,derived_ohlc4
HOSE_GVR,GVR,2021-11-16 09:00:00,819,1,37.83,37.83,36.62,36.8,5337500.0,198928624.99999997,derived_ohlc4
HOSE_GVR,GVR,2021-11-17 09:00:00,820,1,36.8,38.25,36.48,37.41,3340300.0,124376070.5,derived_ohlc4
HOSE_GVR,GVR,2021-11-18 09:00:00,821,1,37.22,38.02,37.13,37.27,4020700.0,150414387.0,derived_ohlc4
HOSE_GVR,GVR,2021-11-19 09:00:00,822,1,37.32,37.5,34.7,35.26,6321200.0,228795834.0,derived_ohlc4
HOSE_GVR,GVR,2021-11-22 09:00:00,823,1,34.65,35.26,33.3,33.3,5211400.0,177852053.5,derived_ohlc4
HOSE_GVR,GVR,2021-11-23 09:00:00,824,1,32.92,35.07,32.92,35.07,2446700.0,83175566.50000001,derived_ohlc4
HOSE_GVR,GVR,2021-11-24 09:00:00,825,1,35.12,35.49,34.6,34.79,2877700.0,100719500.0,derived_ohlc4
HOSE_GVR,GVR,2021-11-25 09:00:00,826,1,35.07,36.01,34.98,35.35,2641900.0,93397769.75,derived_ohlc4
HOSE_GVR,GVR,2021-11-26 09:00:00,827,1,35.45,35.54,34.32,34.56,3374000.0,117980345.0,derived_ohlc4
HOSE_GVR,GVR,2021-11-29 09:00:00,828,1,33.67,34.6,33.58,34.42,2720900.0,92694260.75,derived_ohlc4
HOSE_GVR,GVR,2021-11-30 09:00:00,829,1,34.89,36.8,34.89,36.29,7456800.0,266338254.0,derived_ohlc4
HOSE_GVR,GVR,2021-12-01 09:00:00,830,1,36.1,36.48,35.54,36.01,1971900.0,71052486.75,derived_ohlc4
HOSE_GVR,GVR,2021-12-02 09:00:00,831,1,35.63,37.22,35.59,36.15,2665700.0,96358390.75,derived_ohlc4
HOSE_GVR,GVR,2021-12-03 09:00:00,832,1,35.87,36.48,34.14,34.14,3246500.0,114138823.75,derived_ohlc4
HOSE_GVR,GVR,2021-12-06 09:00:00,833,1,34.14,34.79,32.97,33.67,2693300.0,91282670.25,derived_ohlc4
HOSE_GVR,GVR,2021-12-07 09:00:00,834,1,34.14,34.6,33.81,34.23,1453800.0,49712691.0,derived_ohlc4
HOSE_GVR,GVR,2021-12-08 09:00:00,835,1,34.56,35.82,34.28,34.6,1842600.0,64150118.99999999,derived_ohlc4
HOSE_GVR,GVR,2021-12-09 09:00:00,836,1,34.6,35.31,34.32,34.93,1609600.0,55997984.0,derived_ohlc4
HOSE_GVR,GVR,2021-12-10 09:00:00,837,1,34.89,35.54,34.89,35.07,2200700.0,77239068.25000001,derived_ohlc4
HOSE_GVR,GVR,2021-12-13 09:00:00,838,1,35.54,36.38,35.17,36.01,2819000.0,100849725.0,derived_ohlc4
HOSE_GVR,GVR,2021-12-14 09:00:00,839,1,36.01,36.52,35.07,35.68,2696900.0,96602958.0,derived_ohlc4
HOSE_GVR,GVR,2021-12-15 09:00:00,840,1,35.54,36.33,35.21,35.31,2614900.0,93083902.75000001,derived_ohlc4
HOSE_GVR,GVR,2021-12-16 09:00:00,841,1,35.54,35.91,35.26,35.4,1839200.0,65342177.99999999,derived_ohlc4
HOSE_GVR,GVR,2021-12-17 09:00:00,842,1,35.54,36.48,35.45,35.77,2964500.0,106158745.0,derived_ohlc4
HOSE_GVR,GVR,2021-12-20 09:00:00,843,1,35.73,35.77,35.03,35.17,2386600.0,84545305.0,derived_ohlc4
HOSE_GVR,GVR,2021-12-21 09:00:00,844,1,35.07,35.82,34.7,35.26,2771400.0,97587922.5,derived_ohlc4
HOSE_GVR,GVR,2021-12-22 09:00:00,845,1,35.45,37.36,35.26,36.48,7887300.0,285027303.74999994,derived_ohlc4
HOSE_GVR,GVR,2021-12-23 09:00:00,846,1,36.8,37.22,35.96,36.48,4277100.0,156606016.49999997,derived_ohlc4
HOSE_GVR,GVR,2021-12-24 09:00:00,847,1,36.57,37.64,36.29,36.52,3948200.0,145116091.0,derived_ohlc4
HOSE_GVR,GVR,2021-12-27 09:00:00,848,1,36.38,36.66,35.63,36.1,2791600.0,101034982.99999999,derived_ohlc4
HOSE_GVR,GVR,2021-12-28 09:00:00,849,1,36.1,36.48,35.26,35.4,4185300.0,149875593.0,derived_ohlc4
HOSE_GVR,GVR,2021-12-29 09:00:00,850,1,35.17,35.45,34.42,34.51,6193900.0,216089686.25000003,derived_ohlc4
HOSE_GVR,GVR,2021-12-30 09:00:00,851,1,34.51,35.03,34.46,34.6,2382900.0,82567485.0,derived_ohlc4
HOSE_GVR,GVR,2021-12-31 09:00:00,852,1,34.79,34.98,34.46,34.56,2174700.0,75456653.25,derived_ohlc4
HOSE_GVR,GVR,2022-01-04 09:00:00,853,1,34.79,35.49,34.6,35.17,2270100.0,79481876.25,derived_ohlc4
HOSE_GVR,GVR,2022-01-05 09:00:00,854,1,35.17,36.19,34.79,35.91,5612900.0,199342143.5,derived_ohlc4
HOSE_GVR,GVR,2022-01-06 09:00:00,855,1,35.54,36.8,35.35,36.1,4131600.0,148520691.0,derived_ohlc4
HOSE_GVR,GVR,2022-01-07 09:00:00,856,1,36.01,36.85,35.73,36.01,2825500.0,102141825.0,derived_ohlc4
HOSE_GVR,GVR,2022-01-10 09:00:00,857,1,36.1,36.66,35.26,35.26,4463100.0,159868241.99999997,derived_ohlc4
HOSE_GVR,GVR,2022-01-11 09:00:00,858,1,35.17,35.54,34.42,34.42,3286400.0,114654280.00000001,derived_ohlc4
HOSE_GVR,GVR,2022-01-12 09:00:00,859,1,34.42,34.6,32.78,34.6,4421100.0,150759510.0,derived_ohlc4
HOSE_GVR,GVR,2022-01-13 09:00:00,860,1,34.7,35.07,33.2,33.2,3359600.0,114369183.00000001,derived_ohlc4
HOSE_GVR,GVR,2022-01-14 09:00:00,861,1,32.92,33.95,32.92,33.39,1688300.0,56211948.5,derived_ohlc4
HOSE_GVR,GVR,2022-01-17 09:00:00,862,1,33.39,33.58,31.1,31.1,4515200.0,145807096.0,derived_ohlc4
HOSE_GVR,GVR,2022-01-18 09:00:00,863,1,30.3,30.86,29.09,29.09,2899800.0,86515533.0,derived_ohlc4
HOSE_GVR,GVR,2022-01-19 09:00:00,864,1,29.65,30.49,29.09,29.74,1767500.0,52569868.75,derived_ohlc4
HOSE_GVR,GVR,2022-01-20 09:00:00,865,1,30.3,30.77,29.74,30.4,1480700.0,44868911.75,derived_ohlc4
HOSE_GVR,GVR,2022-01-21 09:00:00,866,1,30.86,31.19,30.3,30.3,1671000.0,51237037.5,derived_ohlc4
HOSE_GVR,GVR,2022-01-24 09:00:00,867,1,30.3,30.4,28.2,28.2,2226300.0,65174932.50000001,derived_ohlc4
HOSE_GVR,GVR,2022-01-25 09:00:00,868,1,27.31,29.32,27.31,29.23,1582600.0,44775710.5,derived_ohlc4
HOSE_GVR,GVR,2022-01-26 09:00:00,869,1,29.74,29.79,28.99,28.99,1067300.0,31354605.749999996,derived_ohlc4
HOSE_GVR,GVR,2022-01-27 09:00:00,870,1,28.99,29.37,28.71,28.71,689000.0,19943105.0,derived_ohlc4
HOSE_GVR,GVR,2022-01-28 09:00:00,871,1,28.71,29.18,28.57,29.18,953700.0,27571467.000000004,derived_ohlc4
HOSE_GVR,GVR,2022-02-07 09:00:00,872,1,29.93,30.12,29.65,30.12,865400.0,25923057.0,derived_ohlc4
HOSE_GVR,GVR,2022-02-08 09:00:00,873,1,30.21,31.14,30.02,30.86,1165800.0,35623933.5,derived_ohlc4
HOSE_GVR,GVR,2022-02-09 09:00:00,874,1,31.05,31.24,30.68,30.96,1144600.0,35462569.5,derived_ohlc4
HOSE_GVR,GVR,2022-02-10 09:00:00,875,1,31.0,31.52,30.68,31.42,1461300.0,45526801.5,derived_ohlc4
HOSE_GVR,GVR,2022-02-11 09:00:00,876,1,30.96,32.27,30.96,31.75,1516300.0,47740705.5,derived_ohlc4
HOSE_GVR,GVR,2022-02-14 09:00:00,877,1,31.56,31.8,31.05,31.14,1172600.0,36804982.5,derived_ohlc4
HOSE_GVR,GVR,2022-02-15 09:00:00,878,1,30.96,31.42,30.96,31.19,828900.0,25805729.25,derived_ohlc4
HOSE_GVR,GVR,2022-02-16 09:00:00,879,1,31.8,31.8,31.47,31.56,760900.0,24088191.75,derived_ohlc4
HOSE_GVR,GVR,2022-02-17 09:00:00,880,1,31.8,32.13,31.56,31.8,1261900.0,40156812.75,derived_ohlc4
HOSE_GVR,GVR,2022-02-18 09:00:00,881,1,31.56,31.71,31.28,31.42,1587500.0,49994343.75,derived_ohlc4
HOSE_GVR,GVR,2022-02-21 09:00:00,882,1,31.33,32.45,31.33,32.36,2336200.0,74448853.5,derived_ohlc4
HOSE_GVR,GVR,2022-02-22 09:00:00,883,1,32.31,32.31,31.42,32.03,1517100.0,48573749.25,derived_ohlc4
HOSE_GVR,GVR,2022-02-23 09:00:00,884,1,32.08,33.11,31.8,32.03,2385600.0,76947527.99999999,derived_ohlc4
HOSE_GVR,GVR,2022-02-24 09:00:00,885,1,32.03,32.55,30.02,31.52,3123100.0,98471342.99999999,derived_ohlc4
HOSE_GVR,GVR,2022-02-25 09:00:00,886,1,31.99,32.27,31.8,31.8,1513200.0,48369438.0,derived_ohlc4
HOSE_GVR,GVR,2022-02-28 09:00:00,887,1,32.08,32.08,31.33,31.94,1904200.0,60663051.5,derived_ohlc4
HOSE_GVR,GVR,2022-03-01 09:00:00,888,1,31.99,33.53,31.99,33.39,4755600.0,155627009.99999997,derived_ohlc4
HOSE_GVR,GVR,2022-03-02 09:00:00,889,1,33.76,33.9,33.06,33.11,3342300.0,111825002.24999999,derived_ohlc4
HOSE_GVR,GVR,2022-03-03 09:00:00,890,1,33.53,33.95,33.39,33.95,2748400.0,92634822.0,derived_ohlc4
HOSE_GVR,GVR,2022-03-04 09:00:00,891,1,34.04,34.37,33.39,33.67,3156700.0,106909537.25,derived_ohlc4
HOSE_GVR,GVR,2022-03-07 09:00:00,892,1,33.67,34.51,33.39,34.37,3258000.0,110723130.0,derived_ohlc4
HOSE_GVR,GVR,2022-03-08 09:00:00,893,1,34.14,35.35,33.76,33.95,3784500.0,129808349.99999999,derived_ohlc4
HOSE_GVR,GVR,2022-03-09 09:00:00,894,1,34.0,34.23,33.01,33.67,2164200.0,72993055.49999999,derived_ohlc4
HOSE_GVR,GVR,2022-03-10 09:00:00,895,1,33.86,34.0,33.2,33.25,1417000.0,47579317.5,derived_ohlc4
HOSE_GVR,GVR,2022-03-11 09:00:00,896,1,33.2,33.48,32.22,32.27,2598600.0,85214590.50000001,derived_ohlc4
HOSE_GVR,GVR,2022-03-14 09:00:00,897,1,32.27,32.27,30.72,31.19,2343200.0,74074410.0,derived_ohlc4
HOSE_GVR,GVR,2022-03-15 09:00:00,898,1,31.05,31.8,31.05,31.66,980100.0,30765339.0,derived_ohlc4
HOSE_GVR,GVR,2022-03-16 09:00:00,899,1,31.89,32.17,31.42,31.52,1256100.0,39881175.0,derived_ohlc4
HOSE_GVR,GVR,2022-03-17 09:00:00,900,1,31.8,31.99,31.52,31.61,1030400.0,32694592.0,derived_ohlc4
HOSE_GVR,GVR,2022-03-18 09:00:00,901,1,31.99,31.99,31.71,31.8,1033100.0,32927479.75,derived_ohlc4
HOSE_GVR,GVR,2022-03-21 09:00:00,902,1,32.13,32.41,31.61,32.36,1452200.0,46655555.5,derived_ohlc4
HOSE_GVR,GVR,2022-03-22 09:00:00,903,1,32.55,33.11,32.41,32.41,1610600.0,52537771.99999999,derived_ohlc4
HOSE_GVR,GVR,2022-03-23 09:00:00,904,1,32.83,33.15,32.45,33.11,1848200.0,60778057.0,derived_ohlc4
HOSE_GVR,GVR,2022-03-24 09:00:00,905,1,32.83,33.15,32.55,32.64,1861500.0,61043238.74999999,derived_ohlc4
HOSE_GVR,GVR,2022-03-25 09:00:00,906,1,32.64,32.64,32.17,32.45,1121600.0,36423960.0,derived_ohlc4
HOSE_GVR,GVR,2022-03-28 09:00:00,907,1,31.94,32.45,31.61,31.66,2268400.0,72395986.0,derived_ohlc4
HOSE_GVR,GVR,2022-03-29 09:00:00,908,1,31.75,32.45,31.75,32.27,1184300.0,37962736.5,derived_ohlc4
HOSE_GVR,GVR,2022-03-30 09:00:00,909,1,32.08,32.55,31.61,31.66,1489600.0,47629960.0,derived_ohlc4
HOSE_GVR,GVR,2022-03-31 09:00:00,910,1,31.66,32.27,31.61,31.8,1177200.0,37476162.0,derived_ohlc4
HOSE_GVR,GVR,2022-04-01 09:00:00,911,1,31.89,32.5,31.61,32.31,1687200.0,54121158.0,derived_ohlc4
HOSE_GVR,GVR,2022-04-04 09:00:00,912,1,32.73,34.14,32.59,34.14,6226000.0,207948400.00000003,derived_ohlc4
HOSE_GVR,GVR,2022-04-05 09:00:00,913,1,33.86,34.98,33.67,34.04,3270100.0,111633038.75000001,derived_ohlc4
HOSE_GVR,GVR,2022-04-06 09:00:00,914,1,33.67,34.6,33.67,34.6,3663300.0,125046745.50000001,derived_ohlc4
HOSE_GVR,GVR,2022-04-07 09:00:00,915,1,34.6,35.35,33.95,33.95,3503800.0,120749707.50000001,derived_ohlc4
HOSE_GVR,GVR,2022-04-08 09:00:00,916,1,34.14,34.23,32.55,32.59,2763400.0,92235383.5,derived_ohlc4
HOSE_GVR,GVR,2022-04-12 09:00:00,917,1,32.59,32.83,30.86,30.86,2770000.0,88044450.0,derived_ohlc4
HOSE_GVR,GVR,2022-04-13 09:00:00,918,1,30.86,32.5,30.82,32.27,2263400.0,71551732.50000001,derived_ohlc4
HOSE_GVR,GVR,2022-04-14 09:00:00,919,1,32.55,33.15,32.17,32.31,1543100.0,50220189.5,derived_ohlc4
HOSE_GVR,GVR,2022-04-15 09:00:00,920,1,32.31,34.14,32.27,33.67,4280600.0,141677158.5,derived_ohlc4
HOSE_GVR,GVR,2022-04-18 09:00:00,921,1,33.34,34.79,33.34,34.42,5974700.0,202975495.74999997,derived_ohlc4
HOSE_GVR,GVR,2022-04-19 09:00:00,922,1,34.6,34.6,32.73,32.73,2944000.0,99109760.0,derived_ohlc4
HOSE_GVR,GVR,2022-04-20 09:00:00,923,1,32.45,33.2,30.44,30.44,2849300.0,90130482.25,derived_ohlc4
HOSE_GVR,GVR,2022-04-21 09:00:00,924,1,29.51,30.82,28.39,28.53,4404800.0,129115700.0,derived_ohlc4
HOSE_GVR,GVR,2022-04-22 09:00:00,925,1,29.09,29.65,26.56,27.59,4598400.0,129778344.0,derived_ohlc4
HOSE_GVR,GVR,2022-04-25 09:00:00,926,1,27.12,28.06,25.67,25.67,3146500.0,83791295.0,derived_ohlc4
HOSE_GVR,GVR,2022-04-26 09:00:00,927,1,24.78,26.65,23.94,26.65,2034200.0,51882271.00000001,derived_ohlc4
HOSE_GVR,GVR,2022-04-27 09:00:00,928,1,26.61,27.4,26.0,27.22,1290600.0,34597759.5,derived_ohlc4
HOSE_GVR,GVR,2022-04-28 09:00:00,929,1,27.22,27.36,26.75,26.89,1095000.0,29625225.0,derived_ohlc4
HOSE_GVR,GVR,2022-04-29 09:00:00,930,1,26.56,27.36,26.56,26.98,1750200.0,47019123.0,derived_ohlc4
HOSE_GVR,GVR,2022-05-04 09:00:00,931,1,27.03,27.03,26.23,26.23,1411500.0,37588245.0,derived_ohlc4
HOSE_GVR,GVR,2022-05-05 09:00:00,932,1,26.94,26.94,25.72,26.37,1271800.0,33693161.5,derived_ohlc4
HOSE_GVR,GVR,2022-05-06 09:00:00,933,1,25.91,26.37,25.06,25.06,1427000.0,36531200.0,derived_ohlc4
HOSE_GVR,GVR,2022-05-09 09:00:00,934,1,24.6,24.69,23.33,23.33,2121400.0,50887082.5,derived_ohlc4
HOSE_GVR,GVR,2022-05-10 09:00:00,935,1,22.26,23.33,21.98,23.15,1743200.0,39535776.0,derived_ohlc4
HOSE_GVR,GVR,2022-05-11 09:00:00,936,1,23.15,23.24,22.54,23.01,1005000.0,23099925.000000004,derived_ohlc4
HOSE_GVR,GVR,2022-05-12 09:00:00,937,1,23.33,23.76,21.42,21.42,1880500.0,42278341.25,derived_ohlc4
HOSE_GVR,GVR,2022-05-13 09:00:00,938,1,21.42,21.51,19.92,19.92,2327900.0,48170070.75000001,derived_ohlc4
HOSE_GVR,GVR,2022-05-16 09:00:00,939,1,21.28,21.28,20.39,20.44,2348100.0,48952014.75,derived_ohlc4
HOSE_GVR,GVR,2022-05-17 09:00:00,940,1,20.01,21.84,19.64,21.84,2212800.0,46098156.0,derived_ohlc4
HOSE_GVR,GVR,2022-05-18 09:00:00,941,1,22.07,22.4,21.51,21.84,1896500.0,41637657.5,derived_ohlc4
HOSE_GVR,GVR,2022-05-19 09:00:00,942,1,20.95,21.65,20.67,21.46,1741600.0,36891441.99999999,derived_ohlc4
HOSE_GVR,GVR,2022-05-20 09:00:00,943,1,21.84,22.63,21.46,22.17,2379200.0,52401880.00000001,derived_ohlc4
HOSE_GVR,GVR,2022-05-23 09:00:00,944,1,22.54,22.77,21.46,22.17,1286500.0,28605327.500000004,derived_ohlc4
HOSE_GVR,GVR,2022-05-24 09:00:00,945,1,22.12,22.59,21.6,22.59,1718300.0,38189217.5,derived_ohlc4
HOSE_GVR,GVR,2022-05-25 09:00:00,946,1,22.63,23.8,22.35,23.71,2615100.0,60467649.75000001,derived_ohlc4
HOSE_GVR,GVR,2022-05-26 09:00:00,947,1,23.76,24.13,23.38,23.71,1505000.0,35736224.99999999,derived_ohlc4
HOSE_GVR,GVR,2022-05-27 09:00:00,948,1,23.8,24.41,23.71,23.85,1573800.0,37680706.50000001,derived_ohlc4
HOSE_GVR,GVR,2022-05-30 09:00:00,949,1,23.85,24.13,23.76,23.8,1314500.0,31396832.500000004,derived_ohlc4
HOSE_GVR,GVR,2022-05-31 09:00:00,950,1,23.8,23.8,23.29,23.57,2363300.0,55809329.50000001,derived_ohlc4
HOSE_GVR,GVR,2022-06-01 09:00:00,951,1,23.38,23.76,23.19,23.52,1174200.0,27549667.5,derived_ohlc4
HOSE_GVR,GVR,2022-06-02 09:00:00,952,1,23.38,24.46,23.33,24.13,2149900.0,51221367.5,derived_ohlc4
HOSE_GVR,GVR,2022-06-03 09:00:00,953,1,24.13,24.18,23.38,23.38,1654300.0,39318575.25,derived_ohlc4
HOSE_GVR,GVR,2022-06-06 09:00:00,954,1,23.38,24.13,23.38,23.52,1442800.0,34053687.0,derived_ohlc4
HOSE_GVR,GVR,2022-06-07 09:00:00,955,1,23.38,23.66,22.63,23.66,1923200.0,44873064.0,derived_ohlc4
HOSE_GVR,GVR,2022-06-08 09:00:00,956,1,24.04,25.3,24.04,25.3,2880300.0,71057001.0,derived_ohlc4
HOSE_GVR,GVR,2022-06-09 09:00:00,957,1,25.91,26.37,25.63,25.67,2461800.0,63748311.0,derived_ohlc4
HOSE_GVR,GVR,2022-06-10 09:00:00,958,1,25.44,26.19,24.32,24.41,2505600.0,62865504.0,derived_ohlc4
HOSE_GVR,GVR,2022-06-13 09:00:00,959,1,23.1,23.94,22.73,22.73,3143700.0,72698062.50000001,derived_ohlc4
HOSE_GVR,GVR,2022-06-14 09:00:00,960,1,22.35,23.38,21.89,23.15,1736900.0,39414603.25000001,derived_ohlc4
HOSE_GVR,GVR,2022-06-15 09:00:00,961,1,23.15,23.29,21.56,21.56,2010000.0,45003900.0,derived_ohlc4
HOSE_GVR,GVR,2022-06-16 09:00:00,962,1,22.26,22.68,21.98,21.98,1704900.0,37891402.5,derived_ohlc4
HOSE_GVR,GVR,2022-06-17 09:00:00,963,1,21.14,21.51,20.58,21.23,2061100.0,43520126.50000001,derived_ohlc4
HOSE_GVR,GVR,2022-06-20 09:00:00,964,1,21.23,21.7,20.3,20.39,2657900.0,55563399.5,derived_ohlc4
HOSE_GVR,GVR,2022-06-21 09:00:00,965,1,20.39,21.04,19.5,20.3,2340800.0,47535796.0,derived_ohlc4
HOSE_GVR,GVR,2022-06-22 09:00:00,966,1,21.04,21.04,20.3,20.39,1260600.0,26084965.5,derived_ohlc4
HOSE_GVR,GVR,2022-06-23 09:00:00,967,1,20.39,21.23,20.39,21.23,874200.0,18192102.000000004,derived_ohlc4
HOSE_GVR,GVR,2022-06-24 09:00:00,968,1,21.37,21.79,21.14,21.28,1010400.0,21617508.0,derived_ohlc4
HOSE_GVR,GVR,2022-06-27 09:00:00,969,1,21.51,21.84,21.28,21.84,1050600.0,22711345.5,derived_ohlc4
HOSE_GVR,GVR,2022-06-28 09:00:00,970,1,21.79,22.26,21.7,21.98,874500.0,19179971.25,derived_ohlc4
HOSE_GVR,GVR,2022-06-29 09:00:00,971,1,21.89,21.98,21.04,21.42,1658400.0,35792418.0,derived_ohlc4
HOSE_GVR,GVR,2022-06-30 09:00:00,972,1,21.51,21.7,21.04,21.09,1028100.0,21934513.5,derived_ohlc4
HOSE_GVR,GVR,2022-07-01 09:00:00,973,1,21.04,21.14,20.34,21.14,1294600.0,27076559.0,derived_ohlc4
HOSE_GVR,GVR,2022-07-04 09:00:00,974,1,21.42,21.51,20.67,20.95,692600.0,14639832.500000002,derived_ohlc4
HOSE_GVR,GVR,2022-07-05 09:00:00,975,1,21.23,21.23,20.2,20.2,1176800.0,24377412.0,derived_ohlc4
HOSE_GVR,GVR,2022-07-06 09:00:00,976,1,20.01,20.44,19.5,19.5,1519200.0,30175110.0,derived_ohlc4
HOSE_GVR,GVR,2022-07-07 09:00:00,977,1,19.22,19.83,19.17,19.41,942200.0,18285746.5,derived_ohlc4
HOSE_GVR,GVR,2022-07-08 09:00:00,978,1,20.01,20.2,19.64,19.83,931000.0,18545520.0,derived_ohlc4
HOSE_GVR,GVR,2022-07-11 09:00:00,979,1,19.97,20.11,19.5,19.59,876600.0,17350105.5,derived_ohlc4
HOSE_GVR,GVR,2022-07-12 09:00:00,980,1,19.59,20.95,19.59,20.95,2467200.0,50010144.0,derived_ohlc4
HOSE_GVR,GVR,2022-07-13 09:00:00,981,1,21.32,21.84,21.09,21.09,2141700.0,45693169.5,derived_ohlc4
HOSE_GVR,GVR,2022-07-14 09:00:00,982,1,20.95,21.89,20.95,21.7,1620000.0,34623450.0,derived_ohlc4
HOSE_GVR,GVR,2022-07-15 09:00:00,983,1,21.74,22.17,21.6,21.65,1779400.0,38773126.0,derived_ohlc4
HOSE_GVR,GVR,2022-07-18 09:00:00,984,1,21.89,22.31,21.6,21.7,1504400.0,32908750.000000004,derived_ohlc4
HOSE_GVR,GVR,2022-07-19 09:00:00,985,1,21.7,21.93,21.18,21.7,1292800.0,27960032.0,derived_ohlc4
HOSE_GVR,GVR,2022-07-20 09:00:00,986,1,22.07,22.59,21.79,22.26,2476900.0,54931449.74999999,derived_ohlc4
HOSE_GVR,GVR,2022-07-21 09:00:00,987,1,22.35,22.54,22.07,22.17,1542500.0,34370756.25000001,derived_ohlc4
HOSE_GVR,GVR,2022-07-22 09:00:00,988,1,22.17,22.63,21.98,21.98,1651200.0,36640128.0,derived_ohlc4
HOSE_GVR,GVR,2022-07-25 09:00:00,989,1,21.98,21.98,21.32,21.32,1193500.0,25839275.0,derived_ohlc4
HOSE_GVR,GVR,2022-07-26 09:00:00,990,1,21.37,21.65,21.14,21.28,1038100.0,22173816.0,derived_ohlc4
HOSE_GVR,GVR,2022-07-27 09:00:00,991,1,21.04,21.7,20.95,21.6,1715000.0,36568087.5,derived_ohlc4
HOSE_GVR,GVR,2022-07-28 09:00:00,992,1,21.98,22.54,21.74,22.4,2558100.0,56700286.5,derived_ohlc4
HOSE_GVR,GVR,2022-07-29 09:00:00,993,1,22.59,22.63,22.21,22.35,1899000.0,42623055.0,derived_ohlc4
HOSE_GVR,GVR,2022-08-01 09:00:00,994,1,22.45,23.1,22.26,23.1,2618000.0,59500595.0,derived_ohlc4
HOSE_GVR,GVR,2022-08-02 09:00:00,995,1,22.91,23.47,22.91,23.19,2205700.0,50995783.99999999,derived_ohlc4
HOSE_GVR,GVR,2022-08-03 09:00:00,996,1,23.15,23.24,22.87,23.1,1638900.0,37842201.00000001,derived_ohlc4
HOSE_GVR,GVR,2022-08-04 09:00:00,997,1,23.33,23.71,22.91,23.01,1954400.0,45420256.00000001,derived_ohlc4
HOSE_GVR,GVR,2022-08-05 09:00:00,998,1,23.01,23.15,22.73,23.15,1844600.0,42444246.0,derived_ohlc4
HOSE_GVR,GVR,2022-08-08 09:00:00,999,1,23.19,23.66,23.19,23.47,1954300.0,45686648.25,derived_ohlc4
HOSE_GVR,GVR,2022-08-09 09:00:00,1000,1,23.43,23.66,23.33,23.62,1576700.0,37068217.0,derived_ohlc4
HOSE_GVR,GVR,2022-08-10 09:00:00,1001,1,23.52,23.62,23.38,23.43,1453200.0,34132034.99999999,derived_ohlc4
HOSE_GVR,GVR,2022-08-11 09:00:00,1002,1,23.62,23.76,22.73,23.1,2421500.0,56427003.75000001,derived_ohlc4
HOSE_GVR,GVR,2022-08-12 09:00:00,1003,1,22.91,23.33,22.91,23.24,995200.0,22986631.999999996,derived_ohlc4
HOSE_GVR,GVR,2022-08-15 09:00:00,1004,1,23.62,23.66,23.24,23.24,1074300.0,25181591.999999996,derived_ohlc4
HOSE_GVR,GVR,2022-08-16 09:00:00,1005,1,23.01,23.29,23.01,23.19,1150900.0,26614562.5,derived_ohlc4
HOSE_GVR,GVR,2022-08-17 09:00:00,1006,1,23.29,23.38,22.91,22.96,1710800.0,39579358.0,derived_ohlc4
HOSE_GVR,GVR,2022-08-18 09:00:00,1007,1,22.73,23.1,22.59,22.77,1408000.0,32098880.0,derived_ohlc4
HOSE_GVR,GVR,2022-08-19 09:00:00,1008,1,22.73,22.87,22.4,22.63,1157600.0,26228322.0,derived_ohlc4
HOSE_GVR,GVR,2022-08-22 09:00:00,1009,1,22.45,22.54,21.84,22.12,1947200.0,43300860.0,derived_ohlc4
HOSE_GVR,GVR,2022-08-23 09:00:00,1010,1,21.84,22.45,21.84,22.4,1179400.0,26103070.5,derived_ohlc4
HOSE_GVR,GVR,2022-08-24 09:00:00,1011,1,22.54,22.68,22.31,22.59,1156200.0,26049186.0,derived_ohlc4
HOSE_GVR,GVR,2022-08-25 09:00:00,1012,1,22.63,23.8,22.63,23.8,5087500.0,118106312.5,derived_ohlc4
HOSE_GVR,GVR,2022-08-26 09:00:00,1013,1,23.85,23.85,23.29,23.76,1739300.0,41199668.75000001,derived_ohlc4
HOSE_GVR,GVR,2022-08-29 09:00:00,1014,1,23.19,23.33,22.45,23.33,2556000.0,58979700.0,derived_ohlc4
HOSE_GVR,GVR,2022-08-30 09:00:00,1015,1,23.38,24.92,23.38,24.92,7996000.0,193103400.0,derived_ohlc4
HOSE_GVR,GVR,2022-08-31 09:00:00,1016,1,24.92,25.06,24.46,24.64,1892400.0,46874748.0,derived_ohlc4
HOSE_GVR,GVR,2022-09-05 09:00:00,1017,1,24.55,25.58,24.5,24.5,2623300.0,65011932.25,derived_ohlc4
HOSE_GVR,GVR,2022-09-06 09:00:00,1018,1,24.69,24.97,24.08,24.22,2683600.0,65721363.99999999,derived_ohlc4
HOSE_GVR,GVR,2022-09-07 09:00:00,1019,1,24.32,25.16,24.13,24.13,5221400.0,127584909.0,derived_ohlc4
HOSE_GVR,GVR,2022-09-08 09:00:00,1020,1,24.18,24.41,23.38,23.38,2272500.0,54170718.75,derived_ohlc4
HOSE_GVR,GVR,2022-09-09 09:00:00,1021,1,23.57,23.71,21.74,23.71,3553600.0,82381331.99999999,derived_ohlc4
HOSE_GVR,GVR,2022-09-12 09:00:00,1022,1,23.94,24.04,23.24,23.38,1444400.0,34160060.0,derived_ohlc4
HOSE_GVR,GVR,2022-09-13 09:00:00,1023,1,23.19,23.47,22.96,23.43,1514500.0,35231056.25000001,derived_ohlc4
HOSE_GVR,GVR,2022-09-14 09:00:00,1024,1,22.77,23.38,22.77,23.38,1835500.0,42354162.5,derived_ohlc4
HOSE_GVR,GVR,2022-09-15 09:00:00,1025,1,23.57,24.27,23.19,23.85,2666700.0,63254124.0,derived_ohlc4
HOSE_GVR,GVR,2022-09-16 09:00:00,1026,1,23.76,23.76,23.01,23.01,1709100.0,39967303.5,derived_ohlc4
HOSE_GVR,GVR,2022-09-19 09:00:00,1027,1,23.01,23.01,21.42,21.42,3152800.0,70039452.0,derived_ohlc4
HOSE_GVR,GVR,2022-09-20 09:00:00,1028,1,21.51,22.12,21.28,21.98,1307700.0,28406513.25,derived_ohlc4
HOSE_GVR,GVR,2022-09-21 09:00:00,1029,1,21.79,22.26,21.7,21.74,846600.0,18517258.5,derived_ohlc4
HOSE_GVR,GVR,2022-09-22 09:00:00,1030,1,21.6,22.12,21.56,22.07,1418900.0,30985228.749999996,derived_ohlc4
HOSE_GVR,GVR,2022-09-23 09:00:00,1031,1,22.4,22.4,21.74,21.84,1000300.0,22101628.5,derived_ohlc4
HOSE_GVR,GVR,2022-09-26 09:00:00,1032,1,21.18,21.65,20.48,21.51,1974000.0,41858670.0,derived_ohlc4
HOSE_GVR,GVR,2022-09-27 09:00:00,1033,1,21.46,21.6,21.14,21.28,878700.0,18777819.0,derived_ohlc4
HOSE_GVR,GVR,2022-09-28 09:00:00,1034,1,20.86,21.32,20.48,20.76,1053100.0,21962400.5,derived_ohlc4
HOSE_GVR,GVR,2022-09-29 09:00:00,1035,1,21.0,21.14,19.55,19.55,1117200.0,22690332.0,derived_ohlc4
HOSE_GVR,GVR,2022-09-30 09:00:00,1036,1,18.99,19.59,18.24,19.55,1585200.0,30265430.999999996,derived_ohlc4
HOSE_GVR,GVR,2022-10-03 09:00:00,1037,1,19.59,19.59,18.19,18.19,1141300.0,21559157.0,derived_ohlc4
HOSE_GVR,GVR,2022-10-04 09:00:00,1038,1,18.33,18.61,17.07,17.07,1664400.0,29576388.0,derived_ohlc4
HOSE_GVR,GVR,2022-10-05 09:00:00,1039,1,17.58,17.96,17.4,17.86,1016100.0,17984970.0,derived_ohlc4
HOSE_GVR,GVR,2022-10-06 09:00:00,1040,1,17.91,17.91,16.65,16.65,1505600.0,26016768.0,derived_ohlc4
HOSE_GVR,GVR,2022-10-07 09:00:00,1041,1,16.55,16.55,15.53,15.53,2272400.0,36449296.0,derived_ohlc4
HOSE_GVR,GVR,2022-10-10 09:00:00,1042,1,15.53,16.09,15.01,15.81,1889000.0,29487290.0,derived_ohlc4
HOSE_GVR,GVR,2022-10-11 09:00:00,1043,1,15.48,15.81,14.73,14.73,1989600.0,30217050.0,derived_ohlc4
HOSE_GVR,GVR,2022-10-12 09:00:00,1044,1,14.06,15.74,14.06,15.31,1459700.0,21592612.25,derived_ohlc4
HOSE_GVR,GVR,2022-10-13 09:00:00,1045,1,15.35,15.64,15.26,15.35,799200.0,12307680.0,derived_ohlc4
HOSE_GVR,GVR,2022-10-14 09:00:00,1046,1,15.93,16.03,15.59,15.79,1897700.0,30050079.5,derived_ohlc4
HOSE_GVR,GVR,2022-10-17 09:00:00,1047,1,15.74,15.93,15.35,15.93,1247200.0,19627810.0,derived_ohlc4
HOSE_GVR,GVR,2022-10-18 09:00:00,1048,1,16.46,16.46,16.07,16.12,1253400.0,20402218.5,derived_ohlc4
HOSE_GVR,GVR,2022-10-19 09:00:00,1049,1,16.27,16.27,15.83,15.88,1134100.0,18216481.25,derived_ohlc4
HOSE_GVR,GVR,2022-10-20 09:00:00,1050,1,15.83,16.03,15.5,15.55,1037800.0,16321999.5,derived_ohlc4
HOSE_GVR,GVR,2022-10-21 09:00:00,1051,1,15.64,15.64,14.49,14.49,2124300.0,32002579.500000004,derived_ohlc4
HOSE_GVR,GVR,2022-10-24 09:00:00,1052,1,14.39,14.59,13.48,13.48,1694700.0,23700379.5,derived_ohlc4
HOSE_GVR,GVR,2022-10-25 09:00:00,1053,1,13.24,13.91,12.57,12.76,2838300.0,37238496.0,derived_ohlc4
HOSE_GVR,GVR,2022-10-26 09:00:00,1054,1,12.81,13.43,12.76,12.95,1293100.0,16794136.25,derived_ohlc4
HOSE_GVR,GVR,2022-10-27 09:00:00,1055,1,13.1,13.82,13.05,13.82,1512300.0,20336654.25,derived_ohlc4
HOSE_GVR,GVR,2022-10-28 09:00:00,1056,1,14.06,14.49,13.77,13.91,1431500.0,20123311.25,derived_ohlc4
HOSE_GVR,GVR,2022-10-31 09:00:00,1057,1,14.01,14.11,13.34,13.82,1102500.0,15236549.999999998,derived_ohlc4
HOSE_GVR,GVR,2022-11-01 09:00:00,1058,1,14.11,14.3,13.82,13.91,1259100.0,17671468.5,derived_ohlc4
HOSE_GVR,GVR,2022-11-02 09:00:00,1059,1,14.01,14.11,13.63,13.63,1167900.0,16169575.5,derived_ohlc4
HOSE_GVR,GVR,2022-11-03 09:00:00,1060,1,13.24,13.91,13.24,13.67,1203000.0,16258545.0,derived_ohlc4
HOSE_GVR,GVR,2022-11-04 09:00:00,1061,1,13.43,13.72,12.81,12.81,1633200.0,21545991.0,derived_ohlc4
HOSE_GVR,GVR,2022-11-07 09:00:00,1062,1,12.81,13.1,11.95,11.95,1556600.0,19383561.5,derived_ohlc4
HOSE_GVR,GVR,2022-11-08 09:00:00,1063,1,11.71,12.52,11.71,12.52,1174200.0,14225432.999999998,derived_ohlc4
HOSE_GVR,GVR,2022-11-09 09:00:00,1064,1,12.76,13.0,12.38,12.76,963600.0,12261810.0,derived_ohlc4
HOSE_GVR,GVR,2022-11-10 09:00:00,1065,1,12.48,12.72,11.9,11.9,1906000.0,23348500.0,derived_ohlc4
HOSE_GVR,GVR,2022-11-11 09:00:00,1066,1,12.14,12.24,11.08,11.08,1724700.0,20066884.5,derived_ohlc4
HOSE_GVR,GVR,2022-11-14 09:00:00,1067,1,10.65,11.18,10.32,10.32,1914200.0,20324018.5,derived_ohlc4
HOSE_GVR,GVR,2022-11-15 09:00:00,1068,1,10.08,10.41,9.6,9.6,2906500.0,28839746.250000004,derived_ohlc4
HOSE_GVR,GVR,2022-11-16 09:00:00,1069,1,9.16,10.27,8.92,10.27,2331500.0,22510632.500000004,derived_ohlc4
HOSE_GVR,GVR,2022-11-17 09:00:00,1070,1,10.51,10.94,10.46,10.94,1830900.0,19613516.25,derived_ohlc4
HOSE_GVR,GVR,2022-11-18 09:00:00,1071,1,11.04,11.66,10.75,11.66,3215600.0,36263929.0,derived_ohlc4
HOSE_GVR,GVR,2022-11-21 09:00:00,1072,1,11.95,12.48,11.9,12.48,2822100.0,34436675.25,derived_ohlc4
HOSE_GVR,GVR,2022-11-22 09:00:00,1073,1,12.81,13.15,11.76,12.09,3396800.0,42298652.0,derived_ohlc4
HOSE_GVR,GVR,2022-11-23 09:00:00,1074,1,12.19,12.43,11.95,12.04,1361100.0,16540767.749999998,derived_ohlc4
HOSE_GVR,GVR,2022-11-24 09:00:00,1075,1,12.04,12.57,11.85,12.48,2150000.0,26305250.0,derived_ohlc4
HOSE_GVR,GVR,2022-11-25 09:00:00,1076,1,12.95,13.19,12.67,12.95,2076300.0,26867322.000000004,derived_ohlc4
HOSE_GVR,GVR,2022-11-28 09:00:00,1077,1,13.43,13.63,13.19,13.53,3057200.0,41104054.0,derived_ohlc4
HOSE_GVR,GVR,2022-11-29 09:00:00,1078,1,13.77,13.77,12.95,13.58,3884700.0,52511432.24999999,derived_ohlc4
HOSE_GVR,GVR,2022-11-30 09:00:00,1079,1,13.63,14.01,13.24,13.63,3120500.0,42524613.75000001,derived_ohlc4
HOSE_GVR,GVR,2022-12-01 09:00:00,1080,1,13.91,14.54,13.72,14.2,4151500.0,58505013.75000001,derived_ohlc4
HOSE_GVR,GVR,2022-12-02 09:00:00,1081,1,14.39,14.87,13.91,14.87,2296800.0,33326568.0,derived_ohlc4
HOSE_GVR,GVR,2022-12-05 09:00:00,1082,1,15.31,15.4,14.78,14.97,2983300.0,45092579.5,derived_ohlc4
HOSE_GVR,GVR,2022-12-06 09:00:00,1083,1,14.87,14.87,13.96,13.96,3836500.0,55303147.5,derived_ohlc4
HOSE_GVR,GVR,2022-12-07 09:00:00,1084,1,13.82,14.2,13.43,13.43,1976000.0,27110720.0,derived_ohlc4
HOSE_GVR,GVR,2022-12-08 09:00:00,1085,1,13.67,14.35,13.67,14.11,1562700.0,21799665.0,derived_ohlc4
HOSE_GVR,GVR,2022-12-09 09:00:00,1086,1,14.15,14.63,13.87,14.44,1872400.0,26723829.0,derived_ohlc4
HOSE_GVR,GVR,2022-12-12 09:00:00,1087,1,14.63,15.11,14.2,14.2,2607000.0,37892745.0,derived_ohlc4
HOSE_GVR,GVR,2022-12-13 09:00:00,1088,1,14.2,14.44,13.72,14.39,2309500.0,32766031.25,derived_ohlc4
HOSE_GVR,GVR,2022-12-14 09:00:00,1089,1,14.59,15.16,14.3,14.87,3425400.0,50456141.99999999,derived_ohlc4
HOSE_GVR,GVR,2022-12-15 09:00:00,1090,1,14.78,15.35,14.68,14.97,2767900.0,41366265.5,derived_ohlc4
HOSE_GVR,GVR,2022-12-16 09:00:00,1091,1,14.68,15.69,14.68,15.16,3947600.0,59421248.99999999,derived_ohlc4
HOSE_GVR,GVR,2022-12-19 09:00:00,1092,1,15.16,15.5,14.68,14.68,2375300.0,35641376.5,derived_ohlc4
HOSE_GVR,GVR,2022-12-20 09:00:00,1093,1,14.59,14.78,13.67,13.72,3357800.0,47647182.0,derived_ohlc4
HOSE_GVR,GVR,2022-12-21 09:00:00,1094,1,13.72,14.2,12.95,13.63,2086700.0,28431287.500000004,derived_ohlc4
HOSE_GVR,GVR,2022-12-22 09:00:00,1095,1,13.96,14.01,13.53,13.91,885000.0,12259462.5,derived_ohlc4
HOSE_GVR,GVR,2022-12-23 09:00:00,1096,1,13.87,14.15,13.58,13.77,1189600.0,16467038.000000002,derived_ohlc4
HOSE_GVR,GVR,2022-12-26 09:00:00,1097,1,13.67,13.82,12.81,12.81,1934200.0,25681340.500000004,derived_ohlc4
HOSE_GVR,GVR,2022-12-27 09:00:00,1098,1,12.81,13.67,12.81,13.67,1260800.0,16692992.0,derived_ohlc4
HOSE_GVR,GVR,2022-12-28 09:00:00,1099,1,13.82,13.87,13.48,13.63,656600.0,8995420.0,derived_ohlc4
HOSE_GVR,GVR,2022-12-29 09:00:00,1100,1,13.63,13.67,13.24,13.24,664900.0,8939580.5,derived_ohlc4
HOSE_GVR,GVR,2022-12-30 09:00:00,1101,1,13.34,13.53,13.19,13.24,576400.0,7680530.0,derived_ohlc4
HOSE_GVR,GVR,2023-01-03 09:00:00,1102,1,13.24,14.01,13.24,14.01,2167100.0,29526737.5,derived_ohlc4
HOSE_GVR,GVR,2023-01-04 09:00:00,1103,1,14.11,14.39,13.87,14.25,1944700.0,27527228.5,derived_ohlc4
HOSE_GVR,GVR,2023-01-05 09:00:00,1104,1,14.3,14.59,14.2,14.3,3014500.0,43250538.75,derived_ohlc4
HOSE_GVR,GVR,2023-01-06 09:00:00,1105,1,14.44,14.49,13.53,13.82,2608700.0,36704409.0,derived_ohlc4
HOSE_GVR,GVR,2023-01-09 09:00:00,1106,1,14.06,14.11,13.58,13.82,1739400.0,24164614.5,derived_ohlc4
HOSE_GVR,GVR,2023-01-10 09:00:00,1107,1,13.63,13.87,13.43,13.82,1555100.0,21285431.25,derived_ohlc4
HOSE_GVR,GVR,2023-01-11 09:00:00,1108,1,13.82,14.11,13.82,13.91,1965700.0,27352715.5,derived_ohlc4
HOSE_GVR,GVR,2023-01-12 09:00:00,1109,1,14.06,14.3,13.91,14.2,2004300.0,28295705.25,derived_ohlc4
HOSE_GVR,GVR,2023-01-13 09:00:00,1110,1,14.35,14.49,13.96,13.96,2035700.0,28886583.0,derived_ohlc4
HOSE_GVR,GVR,2023-01-16 09:00:00,1111,1,14.01,14.59,13.87,14.59,3508200.0,50044473.0,derived_ohlc4
HOSE_GVR,GVR,2023-01-17 09:00:00,1112,1,14.68,15.11,14.68,15.11,3919900.0,58386910.5,derived_ohlc4
HOSE_GVR,GVR,2023-01-18 09:00:00,1113,1,15.21,15.4,14.92,15.35,2818100.0,42891482.0,derived_ohlc4
HOSE_GVR,GVR,2023-01-19 09:00:00,1114,1,15.4,15.64,15.26,15.64,2760600.0,42747891.0,derived_ohlc4
HOSE_GVR,GVR,2023-01-27 09:00:00,1115,1,16.12,16.36,15.79,16.17,2606700.0,41993937.0,derived_ohlc4
HOSE_GVR,GVR,2023-01-30 09:00:00,1116,1,16.51,16.51,15.83,15.83,3337600.0,53968992.00000001,derived_ohlc4
HOSE_GVR,GVR,2023-01-31 09:00:00,1117,1,15.35,16.12,15.26,16.03,3559700.0,55851693.0,derived_ohlc4
HOSE_GVR,GVR,2023-02-01 09:00:00,1118,1,16.22,16.22,14.92,14.92,2983500.0,46453095.0,derived_ohlc4
HOSE_GVR,GVR,2023-02-02 09:00:00,1119,1,15.07,15.07,14.39,14.63,2191000.0,32404890.000000004,derived_ohlc4
HOSE_GVR,GVR,2023-02-03 09:00:00,1120,1,14.63,14.87,14.44,14.78,1556300.0,22846484.0,derived_ohlc4
HOSE_GVR,GVR,2023-02-06 09:00:00,1121,1,14.73,14.97,14.59,14.97,1201800.0,17804667.0,derived_ohlc4
HOSE_GVR,GVR,2023-02-07 09:00:00,1122,1,15.11,15.11,14.2,14.2,2466000.0,36139230.0,derived_ohlc4
HOSE_GVR,GVR,2023-02-08 09:00:00,1123,1,14.39,14.68,13.96,14.15,1594700.0,22796236.5,derived_ohlc4
HOSE_GVR,GVR,2023-02-09 09:00:00,1124,1,14.2,14.59,14.2,14.35,1330900.0,19078451.5,derived_ohlc4
HOSE_GVR,GVR,2023-02-10 09:00:00,1125,1,14.39,14.39,14.01,14.06,1425300.0,20257076.25,derived_ohlc4
HOSE_GVR,GVR,2023-02-13 09:00:00,1126,1,13.96,14.06,13.24,13.43,2727000.0,37284907.5,derived_ohlc4
HOSE_GVR,GVR,2023-02-14 09:00:00,1127,1,13.63,13.72,13.39,13.58,1157100.0,15713418.0,derived_ohlc4
HOSE_GVR,GVR,2023-02-15 09:00:00,1128,1,13.63,14.06,13.48,13.91,1371600.0,18886932.0,derived_ohlc4
HOSE_GVR,GVR,2023-02-16 09:00:00,1129,1,14.15,14.2,13.91,14.15,1167900.0,16470309.750000002,derived_ohlc4
HOSE_GVR,GVR,2023-02-17 09:00:00,1130,1,14.15,14.39,14.01,14.11,1149100.0,16277001.499999998,derived_ohlc4
HOSE_GVR,GVR,2023-02-20 09:00:00,1131,1,14.25,14.83,14.15,14.83,2360700.0,34265560.5,derived_ohlc4
HOSE_GVR,GVR,2023-02-21 09:00:00,1132,1,14.87,15.11,14.73,14.73,1979400.0,29413884.0,derived_ohlc4
HOSE_GVR,GVR,2023-02-22 09:00:00,1133,1,14.59,14.63,13.96,13.96,2357700.0,33679744.5,derived_ohlc4
HOSE_GVR,GVR,2023-02-23 09:00:00,1134,1,13.96,14.2,13.63,14.2,2486700.0,34807583.25,derived_ohlc4
HOSE_GVR,GVR,2023-02-24 09:00:00,1135,1,14.2,14.2,13.72,13.72,956300.0,13349948.0,derived_ohlc4
HOSE_GVR,GVR,2023-02-27 09:00:00,1136,1,13.67,13.72,13.39,13.39,1275700.0,17276167.25,derived_ohlc4
HOSE_GVR,GVR,2023-02-28 09:00:00,1137,1,13.53,13.72,13.29,13.39,898900.0,12119419.25,derived_ohlc4
HOSE_GVR,GVR,2023-03-01 09:00:00,1138,1,13.43,13.82,13.34,13.82,980800.0,13341332.0,derived_ohlc4
HOSE_GVR,GVR,2023-03-02 09:00:00,1139,1,13.87,14.06,13.67,13.67,969300.0,13393302.75,derived_ohlc4
HOSE_GVR,GVR,2023-03-03 09:00:00,1140,1,13.82,13.96,13.53,13.53,1054400.0,14455824.0,derived_ohlc4
HOSE_GVR,GVR,2023-03-06 09:00:00,1141,1,13.91,14.06,13.63,13.63,931100.0,12856163.25,derived_ohlc4
HOSE_GVR,GVR,2023-03-07 09:00:00,1142,1,13.67,13.87,13.67,13.82,560400.0,7709703.0,derived_ohlc4
HOSE_GVR,GVR,2023-03-08 09:00:00,1143,1,13.67,13.91,13.58,13.91,1543100.0,21244629.249999996,derived_ohlc4
HOSE_GVR,GVR,2023-03-09 09:00:00,1144,1,13.96,14.68,13.96,14.54,3766000.0,53797310.0,derived_ohlc4
HOSE_GVR,GVR,2023-03-10 09:00:00,1145,1,14.39,14.68,14.3,14.39,2676300.0,38645772.0,derived_ohlc4
HOSE_GVR,GVR,2023-03-13 09:00:00,1146,1,14.2,14.44,14.15,14.35,2603900.0,37196711.5,derived_ohlc4
HOSE_GVR,GVR,2023-03-14 09:00:00,1147,1,14.35,14.39,13.72,13.72,2160500.0,30344222.5,derived_ohlc4
HOSE_GVR,GVR,2023-03-15 09:00:00,1148,1,14.11,14.59,13.96,14.59,2069100.0,29613993.75,derived_ohlc4
HOSE_GVR,GVR,2023-03-16 09:00:00,1149,1,14.39,14.49,14.06,14.25,1713400.0,24497336.500000004,derived_ohlc4
HOSE_GVR,GVR,2023-03-17 09:00:00,1150,1,14.39,14.49,14.2,14.3,1285900.0,18446235.5,derived_ohlc4
HOSE_GVR,GVR,2023-03-20 09:00:00,1151,1,14.2,14.3,13.67,13.77,1912100.0,26740718.5,derived_ohlc4
HOSE_GVR,GVR,2023-03-21 09:00:00,1152,1,13.82,13.96,13.53,13.87,1119900.0,15449020.5,derived_ohlc4
HOSE_GVR,GVR,2023-03-22 09:00:00,1153,1,13.96,14.06,13.87,13.91,1128400.0,15741180.0,derived_ohlc4
HOSE_GVR,GVR,2023-03-23 09:00:00,1154,1,13.72,13.96,13.72,13.91,835200.0,11548728.0,derived_ohlc4
HOSE_GVR,GVR,2023-03-24 09:00:00,1155,1,14.06,14.44,14.01,14.2,2474700.0,35085059.24999999,derived_ohlc4
HOSE_GVR,GVR,2023-03-27 09:00:00,1156,1,14.3,14.39,14.2,14.3,1528600.0,21855158.5,derived_ohlc4
HOSE_GVR,GVR,2023-03-28 09:00:00,1157,1,14.44,14.54,14.2,14.2,2684300.0,38506283.5,derived_ohlc4
HOSE_GVR,GVR,2023-03-29 09:00:00,1158,1,14.2,14.25,14.01,14.15,1237400.0,17512303.5,derived_ohlc4
HOSE_GVR,GVR,2023-03-30 09:00:00,1159,1,14.39,14.39,14.11,14.11,1526800.0,21756900.0,derived_ohlc4
HOSE_GVR,GVR,2023-03-31 09:00:00,1160,1,14.11,14.87,14.06,14.87,5444100.0,78816957.75,derived_ohlc4
HOSE_GVR,GVR,2023-04-03 09:00:00,1161,1,15.11,15.31,14.97,15.31,3791500.0,57536012.5,derived_ohlc4
HOSE_GVR,GVR,2023-04-04 09:00:00,1162,1,15.26,15.31,15.07,15.31,2975400.0,45337657.5,derived_ohlc4
HOSE_GVR,GVR,2023-04-05 09:00:00,1163,1,15.26,15.69,15.16,15.55,3493000.0,53844595.0,derived_ohlc4
HOSE_GVR,GVR,2023-04-06 09:00:00,1164,1,15.64,15.74,14.97,14.97,4858900.0,74486937.0,derived_ohlc4
HOSE_GVR,GVR,2023-04-07 09:00:00,1165,1,15.07,15.26,14.87,15.26,2323600.0,35121214.0,derived_ohlc4
HOSE_GVR,GVR,2023-04-10 09:00:00,1166,1,15.45,15.64,15.26,15.26,3130300.0,48214445.75,derived_ohlc4
HOSE_GVR,GVR,2023-04-11 09:00:00,1167,1,15.26,15.59,15.07,15.59,2590500.0,39835413.75,derived_ohlc4
HOSE_GVR,GVR,2023-04-12 09:00:00,1168,1,15.88,16.12,15.64,15.69,4955300.0,78454787.25,derived_ohlc4
HOSE_GVR,GVR,2023-04-13 09:00:00,1169,1,15.74,15.79,15.31,15.31,2229200.0,34636195.0,derived_ohlc4
HOSE_GVR,GVR,2023-04-14 09:00:00,1170,1,15.35,15.4,14.68,14.68,4567700.0,68641111.75,derived_ohlc4
HOSE_GVR,GVR,2023-04-17 09:00:00,1171,1,14.68,14.87,14.59,14.78,1375900.0,20267007.0,derived_ohlc4
HOSE_GVR,GVR,2023-04-18 09:00:00,1172,1,14.87,14.97,14.68,14.87,1661200.0,24664666.999999996,derived_ohlc4
HOSE_GVR,GVR,2023-04-19 09:00:00,1173,1,14.97,15.02,14.39,14.44,1690300.0,24855861.5,derived_ohlc4
HOSE_GVR,GVR,2023-04-20 09:00:00,1174,1,14.25,14.68,14.25,14.54,1198600.0,17295798.0,derived_ohlc4
HOSE_GVR,GVR,2023-04-21 09:00:00,1175,1,14.49,14.73,14.49,14.49,1201700.0,17484735.0,derived_ohlc4
HOSE_GVR,GVR,2023-04-24 09:00:00,1176,1,14.54,14.68,14.35,14.68,758100.0,11039831.25,derived_ohlc4
HOSE_GVR,GVR,2023-04-25 09:00:00,1177,1,14.73,14.87,14.44,14.49,1300200.0,19025176.5,derived_ohlc4
HOSE_GVR,GVR,2023-04-26 09:00:00,1178,1,14.49,14.73,14.39,14.73,1124700.0,16403749.500000002,derived_ohlc4
HOSE_GVR,GVR,2023-04-27 09:00:00,1179,1,14.83,15.16,14.73,14.83,2552300.0,37997366.25,derived_ohlc4
HOSE_GVR,GVR,2023-04-28 09:00:00,1180,1,14.92,15.07,14.87,14.92,1442200.0,21553679.0,derived_ohlc4
HOSE_GVR,GVR,2023-05-04 09:00:00,1181,1,14.78,15.16,14.78,15.07,2126600.0,31787353.5,derived_ohlc4
HOSE_GVR,GVR,2023-05-05 09:00:00,1182,1,15.07,15.11,14.83,14.87,1470500.0,22013385.0,derived_ohlc4
HOSE_GVR,GVR,2023-05-08 09:00:00,1183,1,14.92,15.59,14.92,15.55,4532500.0,69097962.5,derived_ohlc4
HOSE_GVR,GVR,2023-05-09 09:00:00,1184,1,15.64,15.83,15.5,15.5,3003200.0,46902476.0,derived_ohlc4
HOSE_GVR,GVR,2023-05-10 09:00:00,1185,1,15.59,16.17,15.59,16.17,7679900.0,121956812.0,derived_ohlc4
HOSE_GVR,GVR,2023-05-11 09:00:00,1186,1,16.22,16.27,15.98,16.03,3500600.0,56447175.0,derived_ohlc4
HOSE_GVR,GVR,2023-05-12 09:00:00,1187,1,15.98,16.6,15.88,16.12,4278000.0,69068310.0,derived_ohlc4
HOSE_GVR,GVR,2023-05-15 09:00:00,1188,1,16.31,16.31,15.5,15.5,4435500.0,70546627.5,derived_ohlc4
HOSE_GVR,GVR,2023-05-16 09:00:00,1189,1,15.55,15.64,15.11,15.35,4175000.0,64347187.5,derived_ohlc4
HOSE_GVR,GVR,2023-05-17 09:00:00,1190,1,15.5,15.55,15.21,15.21,2517100.0,38681534.25000001,derived_ohlc4
HOSE_GVR,GVR,2023-05-18 09:00:00,1191,1,15.26,15.45,15.16,15.21,2303300.0,35171391.0,derived_ohlc4
HOSE_GVR,GVR,2023-05-19 09:00:00,1192,1,15.26,15.59,15.21,15.59,2491400.0,38398702.5,derived_ohlc4
HOSE_GVR,GVR,2023-05-22 09:00:00,1193,1,15.64,15.98,15.59,15.83,2542100.0,40063496.0,derived_ohlc4
HOSE_GVR,GVR,2023-05-23 09:00:00,1194,1,15.88,15.93,15.59,15.74,2720700.0,42946249.50000001,derived_ohlc4
HOSE_GVR,GVR,2023-05-24 09:00:00,1195,1,15.83,15.83,15.45,15.45,2388500.0,37356140.0,derived_ohlc4
HOSE_GVR,GVR,2023-05-25 09:00:00,1196,1,15.4,16.17,15.4,16.07,5277500.0,83173400.0,derived_ohlc4
HOSE_GVR,GVR,2023-05-26 09:00:00,1197,1,16.31,16.7,16.17,16.51,5412200.0,88881854.5,derived_ohlc4
HOSE_GVR,GVR,2023-05-29 09:00:00,1198,1,16.51,17.47,16.36,17.47,6081800.0,103101714.5,derived_ohlc4
HOSE_GVR,GVR,2023-05-30 09:00:00,1199,1,17.56,17.75,17.13,17.66,4575000.0,80176875.0,derived_ohlc4
HOSE_GVR,GVR,2023-05-31 09:00:00,1200,1,17.71,17.71,17.27,17.47,3137200.0,55026488.0,derived_ohlc4
HOSE_GVR,GVR,2023-06-01 09:00:00,1201,1,17.61,18.14,17.37,18.04,4252900.0,75659091.0,derived_ohlc4
HOSE_GVR,GVR,2023-06-02 09:00:00,1202,1,18.18,18.23,17.85,18.14,2717600.0,49188560.00000001,derived_ohlc4
HOSE_GVR,GVR,2023-06-05 09:00:00,1203,1,18.04,18.14,17.47,17.61,5242100.0,93388011.49999999,derived_ohlc4
HOSE_GVR,GVR,2023-06-06 09:00:00,1204,1,17.47,18.04,17.37,17.99,2652400.0,46993896.99999999,derived_ohlc4
HOSE_GVR,GVR,2023-06-07 09:00:00,1205,1,18.14,18.14,17.71,17.8,3304900.0,59314692.75000001,derived_ohlc4
HOSE_GVR,GVR,2023-06-08 09:00:00,1206,1,17.95,18.52,17.27,17.27,6661500.0,118258278.74999999,derived_ohlc4
HOSE_GVR,GVR,2023-06-09 09:00:00,1207,1,17.32,17.51,16.89,17.32,3482100.0,60101045.99999999,derived_ohlc4
HOSE_GVR,GVR,2023-06-12 09:00:00,1208,1,17.37,17.47,16.99,17.42,3928700.0,68015618.75,derived_ohlc4
HOSE_GVR,GVR,2023-06-13 09:00:00,1209,1,17.51,17.66,17.32,17.66,2887700.0,50643038.75000001,derived_ohlc4
HOSE_GVR,GVR,2023-06-14 09:00:00,1210,1,17.75,17.9,17.18,17.18,3036900.0,53153342.24999999,derived_ohlc4
HOSE_GVR,GVR,2023-06-15 09:00:00,1211,1,17.23,17.47,17.08,17.32,2114000.0,36519350.0,derived_ohlc4
HOSE_GVR,GVR,2023-06-16 09:00:00,1212,1,17.51,17.8,17.08,17.08,4286900.0,74452735.75,derived_ohlc4
HOSE_GVR,GVR,2023-06-19 09:00:00,1213,1,17.13,17.42,16.99,17.18,1976400.0,33954552.0,derived_ohlc4
HOSE_GVR,GVR,2023-06-20 09:00:00,1214,1,17.27,18.04,17.27,18.04,3514200.0,62043201.00000001,derived_ohlc4
HOSE_GVR,GVR,2023-06-21 09:00:00,1215,1,18.14,18.71,17.9,18.71,7490700.0,137566705.50000003,derived_ohlc4
HOSE_GVR,GVR,2023-06-22 09:00:00,1216,1,18.86,18.86,18.42,18.57,2912600.0,54400086.50000001,derived_ohlc4
HOSE_GVR,GVR,2023-06-23 09:00:00,1217,1,18.57,18.71,18.18,18.23,3351700.0,61746693.25,derived_ohlc4
HOSE_GVR,GVR,2023-06-26 09:00:00,1218,1,18.23,18.81,17.75,18.81,4848900.0,89219760.0,derived_ohlc4
HOSE_GVR,GVR,2023-06-27 09:00:00,1219,1,18.9,19.1,18.66,18.81,3248900.0,61298620.75,derived_ohlc4
HOSE_GVR,GVR,2023-06-28 09:00:00,1220,1,18.81,19.0,18.38,18.52,2681300.0,50079980.74999999,derived_ohlc4
HOSE_GVR,GVR,2023-06-29 09:00:00,1221,1,18.33,18.62,18.18,18.28,2831800.0,51970609.5,derived_ohlc4
HOSE_GVR,GVR,2023-06-30 09:00:00,1222,1,18.38,18.62,18.09,18.62,3108600.0,57283726.50000001,derived_ohlc4
HOSE_GVR,GVR,2023-07-03 09:00:00,1223,1,18.76,19.34,18.66,19.34,5805100.0,110442027.50000001,derived_ohlc4
HOSE_GVR,GVR,2023-07-04 09:00:00,1224,1,19.29,19.48,19.14,19.48,2821900.0,54596710.25,derived_ohlc4
HOSE_GVR,GVR,2023-07-05 09:00:00,1225,1,19.53,19.86,19.29,19.29,5028900.0,98025833.25,derived_ohlc4
HOSE_GVR,GVR,2023-07-06 09:00:00,1226,1,19.29,19.91,19.14,19.86,4824800.0,94324840.0,derived_ohlc4
HOSE_GVR,GVR,2023-07-07 09:00:00,1227,1,19.77,20.44,19.58,20.39,3953400.0,79245903.0,derived_ohlc4
HOSE_GVR,GVR,2023-07-10 09:00:00,1228,1,20.39,20.73,20.2,20.39,4114700.0,84053034.25000001,derived_ohlc4
HOSE_GVR,GVR,2023-07-11 09:00:00,1229,1,20.54,20.82,20.39,20.63,3498200.0,72045429.0,derived_ohlc4
HOSE_GVR,GVR,2023-07-12 09:00:00,1230,1,20.73,20.73,20.34,20.73,3022300.0,62357604.75,derived_ohlc4
HOSE_GVR,GVR,2023-07-13 09:00:00,1231,1,20.63,20.82,20.54,20.78,2504800.0,51830574.00000001,derived_ohlc4
HOSE_GVR,GVR,2023-07-14 09:00:00,1232,1,20.82,20.82,20.49,20.73,2386000.0,49425990.0,derived_ohlc4
HOSE_GVR,GVR,2023-07-17 09:00:00,1233,1,20.63,21.4,20.58,21.11,2698400.0,56477512.0,derived_ohlc4
HOSE_GVR,GVR,2023-07-18 09:00:00,1234,1,21.21,21.21,20.82,20.97,1472600.0,31001911.500000004,derived_ohlc4
HOSE_GVR,GVR,2023-07-19 09:00:00,1235,1,20.92,21.4,20.82,20.82,3177200.0,66689428.00000001,derived_ohlc4
HOSE_GVR,GVR,2023-07-20 09:00:00,1236,1,20.82,20.92,20.2,20.63,3169600.0,65428467.99999999,derived_ohlc4
HOSE_GVR,GVR,2023-07-21 09:00:00,1237,1,20.73,21.35,20.49,21.11,2070400.0,43312767.99999999,derived_ohlc4
HOSE_GVR,GVR,2023-07-24 09:00:00,1238,1,21.3,21.59,21.02,21.3,1992800.0,42451622.0,derived_ohlc4
HOSE_GVR,GVR,2023-07-25 09:00:00,1239,1,21.3,21.4,20.92,20.92,2336100.0,49373473.5,derived_ohlc4
HOSE_GVR,GVR,2023-07-26 09:00:00,1240,1,20.92,21.02,20.63,20.73,2299500.0,47887087.5,derived_ohlc4
HOSE_GVR,GVR,2023-07-27 09:00:00,1241,1,20.68,20.92,20.58,20.82,2587700.0,53694775.0,derived_ohlc4
HOSE_GVR,GVR,2023-07-28 09:00:00,1242,1,20.87,21.26,20.68,21.11,3955800.0,82992684.0,derived_ohlc4
HOSE_GVR,GVR,2023-07-31 09:00:00,1243,1,21.4,21.69,21.11,21.45,2665400.0,57072877.50000001,derived_ohlc4
HOSE_GVR,GVR,2023-08-01 09:00:00,1244,1,21.5,21.64,21.06,21.11,3020300.0,64415448.25,derived_ohlc4
HOSE_GVR,GVR,2023-08-02 09:00:00,1245,1,20.92,21.11,20.82,21.02,2040200.0,42777893.5,derived_ohlc4
HOSE_GVR,GVR,2023-08-03 09:00:00,1246,1,21.02,21.45,20.82,20.92,1908000.0,40168170.00000001,derived_ohlc4
HOSE_GVR,GVR,2023-08-04 09:00:00,1247,1,21.02,21.11,20.78,21.02,2347900.0,49264811.74999999,derived_ohlc4
HOSE_GVR,GVR,2023-08-07 09:00:00,1248,1,21.11,21.88,21.11,21.78,4317300.0,92692431.0,derived_ohlc4
HOSE_GVR,GVR,2023-08-08 09:00:00,1249,1,21.88,21.93,21.45,21.69,2682200.0,58304322.5,derived_ohlc4
HOSE_GVR,GVR,2023-08-09 09:00:00,1250,1,21.59,21.78,21.26,21.26,2606700.0,55972365.75000001,derived_ohlc4
HOSE_GVR,GVR,2023-08-10 09:00:00,1251,1,21.16,21.35,20.58,20.58,3053500.0,63871586.25,derived_ohlc4
HOSE_GVR,GVR,2023-08-11 09:00:00,1252,1,20.58,20.78,19.67,20.25,3906500.0,79380080.0,derived_ohlc4
HOSE_GVR,GVR,2023-08-14 09:00:00,1253,1,20.54,20.78,20.3,20.68,2159100.0,44423482.50000001,derived_ohlc4
HOSE_GVR,GVR,2023-08-15 09:00:00,1254,1,20.73,20.97,20.58,20.58,2436600.0,50474169.0,derived_ohlc4
HOSE_GVR,GVR,2023-08-16 09:00:00,1255,1,20.49,20.78,20.49,20.49,2035600.0,41857024.99999999,derived_ohlc4
HOSE_GVR,GVR,2023-08-17 09:00:00,1256,1,20.63,20.82,20.39,20.44,2629500.0,54088815.0,derived_ohlc4
HOSE_GVR,GVR,2023-08-18 09:00:00,1257,1,20.39,20.44,19.05,19.05,4869000.0,96077542.49999999,derived_ohlc4
HOSE_GVR,GVR,2023-08-21 09:00:00,1258,1,18.71,18.76,18.09,18.52,3048800.0,56463776.0,derived_ohlc4
HOSE_GVR,GVR,2023-08-22 09:00:00,1259,1,18.33,18.71,17.47,18.28,2986700.0,54350473.24999999,derived_ohlc4
HOSE_GVR,GVR,2023-08-23 09:00:00,1260,1,18.71,18.81,18.38,18.42,1001100.0,18600438.0,derived_ohlc4
HOSE_GVR,GVR,2023-08-24 09:00:00,1261,1,18.42,19.05,18.38,19.0,1837300.0,34380476.25,derived_ohlc4
HOSE_GVR,GVR,2023-08-25 09:00:00,1262,1,19.0,19.14,18.81,18.86,1642900.0,31137062.25,derived_ohlc4
HOSE_GVR,GVR,2023-08-28 09:00:00,1263,1,19.0,19.43,18.86,19.38,2407500.0,46145756.25,derived_ohlc4
HOSE_GVR,GVR,2023-08-29 09:00:00,1264,1,19.62,20.01,19.53,19.82,2319700.0,45802476.5,derived_ohlc4
HOSE_GVR,GVR,2023-08-30 09:00:00,1265,1,19.82,20.01,19.38,19.86,2164600.0,42788730.5,derived_ohlc4
HOSE_GVR,GVR,2023-08-31 09:00:00,1266,1,20.01,20.97,19.91,20.97,5976100.0,122300886.5,derived_ohlc4
HOSE_GVR,GVR,2023-09-05 09:00:00,1267,1,21.35,21.45,20.97,21.11,3268500.0,69357570.0,derived_ohlc4
HOSE_GVR,GVR,2023-09-06 09:00:00,1268,1,21.26,21.3,20.78,21.11,3422100.0,72249086.25,derived_ohlc4
HOSE_GVR,GVR,2023-09-07 09:00:00,1269,1,21.3,21.93,21.3,21.5,5152000.0,110806640.0,derived_ohlc4
HOSE_GVR,GVR,2023-09-08 09:00:00,1270,1,21.26,22.26,21.26,21.78,3404000.0,73662560.0,derived_ohlc4
HOSE_GVR,GVR,2023-09-11 09:00:00,1271,1,22.31,22.31,20.87,20.87,4406700.0,95140653.0,derived_ohlc4
HOSE_GVR,GVR,2023-09-12 09:00:00,1272,1,21.02,21.78,20.78,21.78,2385000.0,50895900.0,derived_ohlc4
HOSE_GVR,GVR,2023-09-13 09:00:00,1273,1,21.88,22.26,21.3,21.4,5665700.0,123002347.0,derived_ohlc4
HOSE_GVR,GVR,2023-09-14 09:00:00,1274,1,21.54,21.59,21.06,21.11,2618600.0,55841645.0,derived_ohlc4
HOSE_GVR,GVR,2023-09-15 09:00:00,1275,1,21.4,22.07,21.02,21.69,3130300.0,67442313.5,derived_ohlc4
HOSE_GVR,GVR,2023-09-18 09:00:00,1276,1,21.83,21.88,20.68,21.26,4330900.0,92735396.24999999,derived_ohlc4
HOSE_GVR,GVR,2023-09-19 09:00:00,1277,1,21.16,21.4,20.82,21.4,2540100.0,53837419.5,derived_ohlc4
HOSE_GVR,GVR,2023-09-20 09:00:00,1278,1,21.54,22.17,21.3,22.17,6505800.0,141793911.0,derived_ohlc4
HOSE_GVR,GVR,2023-09-21 09:00:00,1279,1,22.36,22.74,22.12,22.26,4683800.0,104776606.0,derived_ohlc4
HOSE_GVR,GVR,2023-09-22 09:00:00,1280,1,21.98,21.98,20.97,20.97,5376200.0,115453895.00000001,derived_ohlc4
HOSE_GVR,GVR,2023-09-25 09:00:00,1281,1,20.92,21.5,19.53,19.53,4890300.0,99615411.0,derived_ohlc4
HOSE_GVR,GVR,2023-09-26 09:00:00,1282,1,19.48,19.96,18.18,18.18,7147500.0,135445125.0,derived_ohlc4
HOSE_GVR,GVR,2023-09-27 09:00:00,1283,1,18.33,19.05,17.8,19.05,4359100.0,80893998.24999999,derived_ohlc4
HOSE_GVR,GVR,2023-09-28 09:00:00,1284,1,19.05,19.05,18.62,18.81,2073300.0,39149087.25,derived_ohlc4
HOSE_GVR,GVR,2023-09-29 09:00:00,1285,1,19.1,19.34,18.71,18.71,1955800.0,37091747.0,derived_ohlc4
HOSE_GVR,GVR,2023-10-02 09:00:00,1286,1,18.9,19.58,18.71,19.58,2740700.0,52600884.75,derived_ohlc4
HOSE_GVR,GVR,2023-10-03 09:00:00,1287,1,19.19,19.34,18.23,18.23,3931200.0,73700172.00000001,derived_ohlc4
HOSE_GVR,GVR,2023-10-04 09:00:00,1288,1,18.28,18.95,18.04,18.71,2046900.0,37857415.5,derived_ohlc4
HOSE_GVR,GVR,2023-10-05 09:00:00,1289,1,18.9,19.48,18.86,19.0,4016400.0,76552584.0,derived_ohlc4
HOSE_GVR,GVR,2023-10-06 09:00:00,1290,1,19.0,19.53,18.66,19.38,2399800.0,45938171.49999999,derived_ohlc4
HOSE_GVR,GVR,2023-10-09 09:00:00,1291,1,19.58,19.82,19.24,19.58,2436000.0,47635980.0,derived_ohlc4
HOSE_GVR,GVR,2023-10-10 09:00:00,1292,1,19.82,19.82,19.24,19.24,3350400.0,65433311.99999999,derived_ohlc4
HOSE_GVR,GVR,2023-10-11 09:00:00,1293,1,19.29,19.86,19.24,19.86,2187000.0,42783187.5,derived_ohlc4
HOSE_GVR,GVR,2023-10-12 09:00:00,1294,1,19.91,20.3,19.91,20.01,3522600.0,70566484.50000001,derived_ohlc4
HOSE_GVR,GVR,2023-10-13 09:00:00,1295,1,19.82,20.58,19.77,20.54,4293700.0,86636131.75000001,derived_ohlc4
HOSE_GVR,GVR,2023-10-16 09:00:00,1296,1,20.58,21.06,20.44,20.58,3658400.0,75600836.0,derived_ohlc4
HOSE_GVR,GVR,2023-10-17 09:00:00,1297,1,20.78,21.02,19.38,19.38,3992400.0,80406935.99999999,derived_ohlc4
HOSE_GVR,GVR,2023-10-18 09:00:00,1298,1,19.77,20.15,18.71,19.19,3600400.0,70045782.0,derived_ohlc4
HOSE_GVR,GVR,2023-10-19 09:00:00,1299,1,19.05,19.67,18.9,19.19,3130900.0,60121107.25,derived_ohlc4
HOSE_GVR,GVR,2023-10-20 09:00:00,1300,1,19.29,19.86,18.66,19.67,2896100.0,56097457.0,derived_ohlc4
HOSE_GVR,GVR,2023-10-23 09:00:00,1301,1,19.72,19.77,18.76,18.95,2482600.0,47914180.0,derived_ohlc4
HOSE_GVR,GVR,2023-10-24 09:00:00,1302,1,19.1,19.67,18.9,19.62,1732000.0,33466570.000000004,derived_ohlc4
HOSE_GVR,GVR,2023-10-25 09:00:00,1303,1,19.72,20.06,19.67,19.67,2486500.0,49182970.0,derived_ohlc4
HOSE_GVR,GVR,2023-10-26 09:00:00,1304,1,19.19,19.48,18.33,18.33,4302900.0,81034364.25,derived_ohlc4
HOSE_GVR,GVR,2023-10-27 09:00:00,1305,1,18.71,18.71,17.56,18.52,1471800.0,27044325.0,derived_ohlc4
HOSE_GVR,GVR,2023-10-30 09:00:00,1306,1,18.52,18.52,17.27,17.27,2345000.0,41963775.0,derived_ohlc4
HOSE_GVR,GVR,2023-10-31 09:00:00,1307,1,17.47,17.47,16.17,16.22,2313300.0,38938622.25,derived_ohlc4
HOSE_GVR,GVR,2023-11-01 09:00:00,1308,1,16.22,16.7,15.79,16.6,1479400.0,24154903.5,derived_ohlc4
HOSE_GVR,GVR,2023-11-02 09:00:00,1309,1,16.84,17.75,16.84,17.75,2148500.0,37158307.5,derived_ohlc4
HOSE_GVR,GVR,2023-11-03 09:00:00,1310,1,17.9,17.95,17.47,17.75,1245300.0,22125867.749999996,derived_ohlc4
HOSE_GVR,GVR,2023-11-06 09:00:00,1311,1,17.85,18.04,17.51,17.75,939200.0,16706020.000000002,derived_ohlc4
HOSE_GVR,GVR,2023-11-07 09:00:00,1312,1,17.61,18.18,17.42,17.71,1632000.0,28935360.0,derived_ohlc4
HOSE_GVR,GVR,2023-11-08 09:00:00,1313,1,17.75,18.9,17.61,18.9,2532900.0,46326741.0,derived_ohlc4
HOSE_GVR,GVR,2023-11-09 09:00:00,1314,1,19.1,19.38,18.81,18.9,2562000.0,48799695.0,derived_ohlc4
HOSE_GVR,GVR,2023-11-10 09:00:00,1315,1,18.52,19.14,18.52,18.57,2241300.0,41884293.75,derived_ohlc4
HOSE_GVR,GVR,2023-11-13 09:00:00,1316,1,18.71,18.86,18.38,18.66,1633900.0,30476319.75,derived_ohlc4
HOSE_GVR,GVR,2023-11-14 09:00:00,1317,1,19.0,19.0,18.57,18.9,1361200.0,25682441.0,derived_ohlc4
HOSE_GVR,GVR,2023-11-15 09:00:00,1318,1,19.62,19.62,19.05,19.05,2589000.0,50058315.0,derived_ohlc4
HOSE_GVR,GVR,2023-11-16 09:00:00,1319,1,19.24,19.24,18.95,19.24,936200.0,17944613.499999996,derived_ohlc4
HOSE_GVR,GVR,2023-11-17 09:00:00,1320,1,19.34,19.88,18.66,19.0,3491800.0,67112396.0,derived_ohlc4
HOSE_GVR,GVR,2023-11-20 09:00:00,1321,1,18.76,19.63,18.56,19.54,2992800.0,57229818.00000001,derived_ohlc4
HOSE_GVR,GVR,2023-11-21 09:00:00,1322,1,19.83,19.83,19.39,19.59,1338500.0,26314910.0,derived_ohlc4
HOSE_GVR,GVR,2023-11-22 09:00:00,1323,1,19.63,19.73,19.34,19.68,3150100.0,61726209.5,derived_ohlc4
HOSE_GVR,GVR,2023-11-23 09:00:00,1324,1,19.88,19.88,18.85,18.85,2776300.0,53763049.50000001,derived_ohlc4
HOSE_GVR,GVR,2023-11-24 09:00:00,1325,1,18.85,19.1,18.32,19.1,2200900.0,41470458.25,derived_ohlc4
HOSE_GVR,GVR,2023-11-27 09:00:00,1326,1,19.15,19.34,18.85,18.85,1345200.0,25622697.0,derived_ohlc4
HOSE_GVR,GVR,2023-11-28 09:00:00,1327,1,18.95,19.15,18.46,19.15,1256000.0,23772939.999999996,derived_ohlc4
HOSE_GVR,GVR,2023-11-29 09:00:00,1328,1,19.24,19.44,19.1,19.39,1369700.0,26424937.25,derived_ohlc4
HOSE_GVR,GVR,2023-11-30 09:00:00,1329,1,19.34,19.93,19.34,19.54,3408300.0,66589661.25000001,derived_ohlc4
HOSE_GVR,GVR,2023-12-01 09:00:00,1330,1,19.54,19.73,19.34,19.68,1179800.0,23091635.499999996,derived_ohlc4
HOSE_GVR,GVR,2023-12-04 09:00:00,1331,1,19.88,20.37,19.83,20.12,3141500.0,62987075.0,derived_ohlc4
HOSE_GVR,GVR,2023-12-05 09:00:00,1332,1,20.17,20.37,19.98,20.12,2609300.0,52603488.00000001,derived_ohlc4
HOSE_GVR,GVR,2023-12-06 09:00:00,1333,1,20.22,20.32,20.03,20.32,1853800.0,37488470.5,derived_ohlc4
HOSE_GVR,GVR,2023-12-07 09:00:00,1334,1,20.32,20.32,19.49,19.73,3409800.0,68076657.0,derived_ohlc4
HOSE_GVR,GVR,2023-12-08 09:00:00,1335,1,19.73,19.93,19.54,19.59,1284200.0,25295529.499999996,derived_ohlc4
HOSE_GVR,GVR,2023-12-11 09:00:00,1336,1,19.68,19.88,19.54,19.88,1128600.0,22284207.0,derived_ohlc4
HOSE_GVR,GVR,2023-12-12 09:00:00,1337,1,19.98,20.22,19.88,19.88,1283200.0,25651167.999999996,derived_ohlc4
HOSE_GVR,GVR,2023-12-13 09:00:00,1338,1,19.88,20.07,19.49,19.49,1917800.0,37842988.5,derived_ohlc4
HOSE_GVR,GVR,2023-12-14 09:00:00,1339,1,19.68,19.73,19.34,19.39,1055000.0,20609425.0,derived_ohlc4
HOSE_GVR,GVR,2023-12-15 09:00:00,1340,1,19.39,19.63,19.2,19.44,961600.0,18669464.0,derived_ohlc4
HOSE_GVR,GVR,2023-12-18 09:00:00,1341,1,19.44,19.44,19.0,19.0,1003400.0,19285348.0,derived_ohlc4
HOSE_GVR,GVR,2023-12-19 09:00:00,1342,1,19.0,19.15,18.76,19.15,1243600.0,23647054.0,derived_ohlc4
HOSE_GVR,GVR,2023-12-20 09:00:00,1343,1,19.2,19.39,19.05,19.29,789200.0,15178289.000000002,derived_ohlc4
HOSE_GVR,GVR,2023-12-21 09:00:00,1344,1,19.24,19.49,19.2,19.44,958000.0,18530114.999999996,derived_ohlc4
HOSE_GVR,GVR,2023-12-22 09:00:00,1345,1,19.59,19.78,19.44,19.78,1995500.0,39206586.25,derived_ohlc4
HOSE_GVR,GVR,2023-12-25 09:00:00,1346,1,19.83,19.93,19.59,19.73,1477400.0,29208198.0,derived_ohlc4
HOSE_GVR,GVR,2023-12-26 09:00:00,1347,1,19.78,20.03,19.73,19.83,1790200.0,35522043.5,derived_ohlc4
HOSE_GVR,GVR,2023-12-27 09:00:00,1348,1,19.83,20.03,19.73,19.78,1275100.0,25301171.75,derived_ohlc4
HOSE_GVR,GVR,2023-12-28 09:00:00,1349,1,19.88,20.03,19.68,19.83,1830100.0,36336635.49999999,derived_ohlc4
HOSE_GVR,GVR,2023-12-29 09:00:00,1350,1,19.98,20.81,19.98,20.71,7483700.0,152442968.99999997,derived_ohlc4
HOSE_GVR,GVR,2024-01-02 09:00:00,1351,1,20.95,20.95,20.42,20.47,2681000.0,55489997.49999999,derived_ohlc4
HOSE_GVR,GVR,2024-01-03 09:00:00,1352,1,20.42,21.39,20.32,21.1,4320100.0,89890480.75,derived_ohlc4
HOSE_GVR,GVR,2024-01-04 09:00:00,1353,1,21.0,21.25,20.9,20.9,2912300.0,61194703.75,derived_ohlc4
HOSE_GVR,GVR,2024-01-05 09:00:00,1354,1,21.0,21.44,20.95,21.3,2868500.0,60733316.25,derived_ohlc4
HOSE_GVR,GVR,2024-01-08 09:00:00,1355,1,21.49,21.49,21.0,21.0,1878400.0,39906607.99999999,derived_ohlc4
HOSE_GVR,GVR,2024-01-09 09:00:00,1356,1,21.15,21.15,20.51,20.9,3126900.0,65438199.75000001,derived_ohlc4
HOSE_GVR,GVR,2024-01-10 09:00:00,1357,1,20.86,21.1,20.61,21.1,1652900.0,34574535.75,derived_ohlc4
HOSE_GVR,GVR,2024-01-11 09:00:00,1358,1,21.1,21.15,20.66,20.71,1699700.0,35532228.5,derived_ohlc4
HOSE_GVR,GVR,2024-01-12 09:00:00,1359,1,20.51,20.71,19.83,19.93,3546100.0,71790794.49999999,derived_ohlc4
HOSE_GVR,GVR,2024-01-15 09:00:00,1360,1,20.07,20.42,19.93,20.07,2017500.0,40597143.75000001,derived_ohlc4
HOSE_GVR,GVR,2024-01-16 09:00:00,1361,1,20.03,20.47,20.03,20.47,1319800.0,26725950.0,derived_ohlc4
HOSE_GVR,GVR,2024-01-17 09:00:00,1362,1,20.47,20.95,20.42,20.71,2063200.0,42579290.00000001,derived_ohlc4
HOSE_GVR,GVR,2024-01-18 09:00:00,1363,1,20.71,20.9,20.47,20.61,1784700.0,36894210.75,derived_ohlc4
HOSE_GVR,GVR,2024-01-19 09:00:00,1364,1,20.61,21.15,20.61,20.81,2034500.0,42307427.49999999,derived_ohlc4
HOSE_GVR,GVR,2024-01-22 09:00:00,1365,1,20.95,20.95,20.37,20.56,2143000.0,44376172.5,derived_ohlc4
HOSE_GVR,GVR,2024-01-23 09:00:00,1366,1,20.47,20.56,20.32,20.42,1485300.0,30363245.250000004,derived_ohlc4
HOSE_GVR,GVR,2024-01-24 09:00:00,1367,1,20.37,20.81,20.37,20.42,1074100.0,22010994.25,derived_ohlc4
HOSE_GVR,GVR,2024-01-25 09:00:00,1368,1,20.42,20.51,20.32,20.42,664000.0,13557220.000000002,derived_ohlc4
HOSE_GVR,GVR,2024-01-26 09:00:00,1369,1,20.51,20.95,20.47,20.95,2436000.0,50473920.0,derived_ohlc4
HOSE_GVR,GVR,2024-01-29 09:00:00,1370,1,21.1,22.17,21.1,21.98,6728900.0,145260128.75,derived_ohlc4
HOSE_GVR,GVR,2024-01-30 09:00:00,1371,1,21.98,22.76,21.73,22.42,3698000.0,82178805.0,derived_ohlc4
HOSE_GVR,GVR,2024-01-31 09:00:00,1372,1,22.57,22.57,21.49,21.88,4073900.0,90145222.24999999,derived_ohlc4
HOSE_GVR,GVR,2024-02-01 09:00:00,1373,1,21.93,23.4,21.93,23.4,5949400.0,134843151.0,derived_ohlc4
HOSE_GVR,GVR,2024-02-02 09:00:00,1374,1,23.93,24.32,23.69,24.03,5668700.0,136006284.75,derived_ohlc4
HOSE_GVR,GVR,2024-02-05 09:00:00,1375,1,24.23,24.76,23.74,24.47,5140900.0,124923870.0,derived_ohlc4
HOSE_GVR,GVR,2024-02-06 09:00:00,1376,1,24.47,24.96,24.23,24.62,2648100.0,65063817.0,derived_ohlc4
HOSE_GVR,GVR,2024-02-07 09:00:00,1377,1,24.62,24.81,24.37,24.76,2757100.0,67934944.0,derived_ohlc4
HOSE_GVR,GVR,2024-02-15 09:00:00,1378,1,24.81,24.96,24.18,24.37,4639300.0,114033993.99999999,derived_ohlc4
HOSE_GVR,GVR,2024-02-16 09:00:00,1379,1,24.32,26.03,24.27,26.03,7573400.0,190565677.5,derived_ohlc4
HOSE_GVR,GVR,2024-02-19 09:00:00,1380,1,26.33,27.55,26.18,26.18,5352800.0,142170368.0,derived_ohlc4
HOSE_GVR,GVR,2024-02-20 09:00:00,1381,1,26.28,27.55,25.74,27.55,5439800.0,145677844.0,derived_ohlc4
HOSE_GVR,GVR,2024-02-21 09:00:00,1382,1,27.6,27.84,27.06,27.5,3976300.0,109348250.0,derived_ohlc4
HOSE_GVR,GVR,2024-02-22 09:00:00,1383,1,27.45,27.64,27.11,27.3,2740800.0,75029400.0,derived_ohlc4
HOSE_GVR,GVR,2024-02-23 09:00:00,1384,1,27.45,27.64,26.18,26.91,5825900.0,157561465.5,derived_ohlc4
HOSE_GVR,GVR,2024-02-26 09:00:00,1385,1,26.86,28.43,26.67,28.13,7028600.0,193444643.5,derived_ohlc4
HOSE_GVR,GVR,2024-02-27 09:00:00,1386,1,28.23,28.72,27.99,28.23,3318500.0,93888661.25,derived_ohlc4
HOSE_GVR,GVR,2024-02-28 09:00:00,1387,1,28.23,29.21,27.79,28.23,5552600.0,157499499.0,derived_ohlc4
HOSE_GVR,GVR,2024-02-29 09:00:00,1388,1,28.23,28.23,27.5,27.94,4998300.0,139827442.5,derived_ohlc4
HOSE_GVR,GVR,2024-03-01 09:00:00,1389,1,27.94,28.57,27.35,28.48,4188200.0,117625597.00000001,derived_ohlc4
HOSE_GVR,GVR,2024-03-04 09:00:00,1390,1,28.96,30.04,28.77,29.11,6026300.0,176088486.0,derived_ohlc4
HOSE_GVR,GVR,2024-03-05 09:00:00,1391,1,28.82,29.26,28.67,29.01,2287200.0,66191568.0,derived_ohlc4
HOSE_GVR,GVR,2024-03-06 09:00:00,1392,1,28.87,28.96,28.13,28.23,3513200.0,100293077.0,derived_ohlc4
HOSE_GVR,GVR,2024-03-07 09:00:00,1393,1,28.18,28.52,27.99,28.43,3414800.0,96570544.0,derived_ohlc4
HOSE_GVR,GVR,2024-03-08 09:00:00,1394,1,28.91,29.11,27.84,28.33,5529700.0,157859110.75,derived_ohlc4
HOSE_GVR,GVR,2024-03-11 09:00:00,1395,1,28.33,29.65,28.33,28.87,5766000.0,166031970.0,derived_ohlc4
HOSE_GVR,GVR,2024-03-12 09:00:00,1396,1,28.87,30.87,28.82,30.87,9490400.0,283359618.0,derived_ohlc4
HOSE_GVR,GVR,2024-03-13 09:00:00,1397,1,31.45,32.24,31.06,31.55,3675000.0,116038125.0,derived_ohlc4
HOSE_GVR,GVR,2024-03-14 09:00:00,1398,1,31.55,32.38,31.06,32.04,4827500.0,153309331.25,derived_ohlc4
HOSE_GVR,GVR,2024-03-15 09:00:00,1399,1,32.04,33.8,31.65,33.8,5677900.0,186362872.75000003,derived_ohlc4
HOSE_GVR,GVR,2024-03-18 09:00:00,1400,1,33.8,34.97,31.45,31.8,13916500.0,459314082.50000006,derived_ohlc4
HOSE_GVR,GVR,2024-03-19 09:00:00,1401,1,31.99,33.12,31.16,31.8,5437600.0,174098358.0,derived_ohlc4
HOSE_GVR,GVR,2024-03-20 09:00:00,1402,1,31.89,32.24,31.45,32.04,4024600.0,128404863.0,derived_ohlc4
HOSE_GVR,GVR,2024-03-21 09:00:00,1403,1,32.53,32.63,31.85,32.48,4064500.0,131578026.24999999,derived_ohlc4
HOSE_GVR,GVR,2024-03-22 09:00:00,1404,1,32.63,32.92,31.99,32.48,5647400.0,183568737.0,derived_ohlc4
HOSE_GVR,GVR,2024-03-25 09:00:00,1405,1,32.04,32.43,30.87,31.16,6119700.0,193535512.5,derived_ohlc4
HOSE_GVR,GVR,2024-03-26 09:00:00,1406,1,31.16,33.26,31.11,33.12,5040000.0,162099000.0,derived_ohlc4
HOSE_GVR,GVR,2024-03-27 09:00:00,1407,1,33.12,33.12,32.24,32.63,2580500.0,84582338.74999999,derived_ohlc4
HOSE_GVR,GVR,2024-03-28 09:00:00,1408,1,32.77,32.82,32.24,32.28,3194600.0,103912351.50000001,derived_ohlc4
HOSE_GVR,GVR,2024-03-29 09:00:00,1409,1,32.24,32.92,32.14,32.38,3228200.0,104658244.0,derived_ohlc4
HOSE_GVR,GVR,2024-04-01 09:00:00,1410,1,32.38,32.58,31.89,32.19,3763000.0,121394380.00000001,derived_ohlc4
HOSE_GVR,GVR,2024-04-02 09:00:00,1411,1,32.04,34.43,31.99,34.43,10181700.0,338261528.24999994,derived_ohlc4
HOSE_GVR,GVR,2024-04-03 09:00:00,1412,1,34.24,34.39,33.46,33.46,3897300.0,132069753.75000001,derived_ohlc4
HOSE_GVR,GVR,2024-04-04 09:00:00,1413,1,33.36,33.6,32.33,32.33,5221500.0,171813457.5,derived_ohlc4
HOSE_GVR,GVR,2024-04-05 09:00:00,1414,1,32.04,32.24,30.77,30.77,7351500.0,231241432.5,derived_ohlc4
HOSE_GVR,GVR,2024-04-08 09:00:00,1415,1,30.87,31.65,30.58,30.97,3618000.0,112221315.0,derived_ohlc4
HOSE_GVR,GVR,2024-04-09 09:00:00,1416,1,31.26,31.6,30.87,31.55,2029700.0,63570204.0,derived_ohlc4
HOSE_GVR,GVR,2024-04-10 09:00:00,1417,1,31.7,31.75,30.87,30.92,2554900.0,79993919.0,derived_ohlc4
HOSE_GVR,GVR,2024-04-11 09:00:00,1418,1,30.48,31.55,30.43,31.16,2722100.0,84126500.5,derived_ohlc4
HOSE_GVR,GVR,2024-04-12 09:00:00,1419,1,31.21,31.5,30.92,31.26,2989100.0,93327174.75,derived_ohlc4
HOSE_GVR,GVR,2024-04-15 09:00:00,1420,1,31.26,32.48,29.11,29.11,7398600.0,225583314.0,derived_ohlc4
HOSE_GVR,GVR,2024-04-16 09:00:00,1421,1,29.31,29.65,28.62,29.65,5269100.0,154424148.25,derived_ohlc4
HOSE_GVR,GVR,2024-04-17 09:00:00,1422,1,29.99,29.99,27.99,27.99,4711100.0,136574789.0,derived_ohlc4
HOSE_GVR,GVR,2024-04-19 09:00:00,1423,1,26.86,28.72,26.86,27.45,5880600.0,161554783.5,derived_ohlc4
HOSE_GVR,GVR,2024-04-22 09:00:00,1424,1,28.23,28.38,27.55,28.04,2522300.0,70750515.0,derived_ohlc4
HOSE_GVR,GVR,2024-04-23 09:00:00,1425,1,27.99,28.23,26.42,26.96,4113200.0,112701680.0,derived_ohlc4
HOSE_GVR,GVR,2024-04-24 09:00:00,1426,1,27.45,28.82,27.21,28.82,6235900.0,175072892.49999997,derived_ohlc4
HOSE_GVR,GVR,2024-04-25 09:00:00,1427,1,29.01,29.31,28.48,28.72,3440300.0,99355864.0,derived_ohlc4
HOSE_GVR,GVR,2024-04-26 09:00:00,1428,1,28.38,29.75,28.38,29.31,3970200.0,114957141.0,derived_ohlc4
HOSE_GVR,GVR,2024-05-02 09:00:00,1429,1,29.31,29.65,28.57,29.31,3824600.0,111716566.0,derived_ohlc4
HOSE_GVR,GVR,2024-05-03 09:00:00,1430,1,29.6,29.6,28.67,28.72,3957900.0,115362890.25,derived_ohlc4
HOSE_GVR,GVR,2024-05-06 09:00:00,1431,1,29.16,30.53,28.82,30.48,6482900.0,192850067.75,derived_ohlc4
HOSE_GVR,GVR,2024-05-07 09:00:00,1432,1,30.58,31.02,30.09,30.72,3851600.0,117868589.0,derived_ohlc4
HOSE_GVR,GVR,2024-05-08 09:00:00,1433,1,30.28,31.41,29.79,30.97,5303200.0,162344209.99999997,derived_ohlc4
HOSE_GVR,GVR,2024-05-09 09:00:00,1434,1,31.06,31.94,30.87,31.02,5780200.0,180472294.5,derived_ohlc4
HOSE_GVR,GVR,2024-05-10 09:00:00,1435,1,31.06,31.16,30.48,30.92,3561300.0,110061976.5,derived_ohlc4
HOSE_GVR,GVR,2024-05-13 09:00:00,1436,1,31.06,31.5,30.58,31.26,3373900.0,104928290.0,derived_ohlc4
HOSE_GVR,GVR,2024-05-14 09:00:00,1437,1,31.45,32.09,31.36,31.75,4214600.0,133444772.5,derived_ohlc4
HOSE_GVR,GVR,2024-05-15 09:00:00,1438,1,32.09,32.09,31.55,31.99,3872800.0,123658504.0,derived_ohlc4
HOSE_GVR,GVR,2024-05-16 09:00:00,1439,1,32.24,32.63,31.75,31.8,4267900.0,137020929.50000003,derived_ohlc4
HOSE_GVR,GVR,2024-05-17 09:00:00,1440,1,31.65,33.36,31.55,32.58,6321300.0,204083170.49999997,derived_ohlc4
HOSE_GVR,GVR,2024-05-20 09:00:00,1441,1,32.87,33.7,32.72,32.82,5485900.0,181185562.24999997,derived_ohlc4
HOSE_GVR,GVR,2024-05-21 09:00:00,1442,1,32.82,32.97,32.14,32.58,4039900.0,131811837.24999999,derived_ohlc4
HOSE_GVR,GVR,2024-05-22 09:00:00,1443,1,33.02,33.16,31.85,32.04,5201400.0,169136524.5,derived_ohlc4
HOSE_GVR,GVR,2024-05-23 09:00:00,1444,1,31.85,32.68,31.65,32.63,4457900.0,143555524.75,derived_ohlc4
HOSE_GVR,GVR,2024-05-24 09:00:00,1445,1,32.24,34.19,32.04,33.46,12307800.0,405942013.5,derived_ohlc4
HOSE_GVR,GVR,2024-05-27 09:00:00,1446,1,33.41,35.12,32.77,34.43,7430800.0,252145621.00000003,derived_ohlc4
HOSE_GVR,GVR,2024-05-28 09:00:00,1447,1,34.68,34.78,34.14,34.78,4463400.0,154411323.0,derived_ohlc4
HOSE_GVR,GVR,2024-05-29 09:00:00,1448,1,34.73,36.05,33.99,34.09,6868300.0,238433034.50000003,derived_ohlc4
HOSE_GVR,GVR,2024-05-30 09:00:00,1449,1,33.51,35.41,33.26,35.17,8152400.0,279933034.99999994,derived_ohlc4
HOSE_GVR,GVR,2024-05-31 09:00:00,1450,1,35.26,35.36,34.34,34.34,2634500.0,91746462.50000001,derived_ohlc4
HOSE_GVR,GVR,2024-06-03 09:00:00,1451,1,34.87,34.87,34.19,34.19,4507700.0,155650881.0,derived_ohlc4
HOSE_GVR,GVR,2024-06-04 09:00:00,1452,1,34.19,34.92,34.14,34.29,3282900.0,112882516.5,derived_ohlc4
HOSE_GVR,GVR,2024-06-05 09:00:00,1453,1,34.68,35.46,34.29,34.34,4617800.0,160203026.5,derived_ohlc4
HOSE_GVR,GVR,2024-06-06 09:00:00,1454,1,34.39,34.63,33.8,33.99,3062400.0,104741736.0,derived_ohlc4
HOSE_GVR,GVR,2024-06-07 09:00:00,1455,1,34.09,34.39,33.99,34.19,2124000.0,72566460.0,derived_ohlc4
HOSE_GVR,GVR,2024-06-10 09:00:00,1456,1,34.43,35.9,34.43,35.36,6186600.0,216716598.0,derived_ohlc4
HOSE_GVR,GVR,2024-06-11 09:00:00,1457,1,35.46,35.61,34.43,34.78,4490900.0,157495863.0,derived_ohlc4
HOSE_GVR,GVR,2024-06-12 09:00:00,1458,1,34.58,34.97,34.24,34.92,3275500.0,113586151.24999999,derived_ohlc4
HOSE_GVR,GVR,2024-06-13 09:00:00,1459,1,35.12,35.12,34.48,34.53,3580700.0,124653118.75,derived_ohlc4
HOSE_GVR,GVR,2024-06-14 09:00:00,1460,1,34.58,34.87,32.24,32.24,5510300.0,184498619.75,derived_ohlc4
HOSE_GVR,GVR,2024-06-17 09:00:00,1461,1,32.63,33.12,32.24,32.58,5119400.0,167110014.5,derived_ohlc4
HOSE_GVR,GVR,2024-06-18 09:00:00,1462,1,33.02,33.51,32.72,33.16,2555200.0,84583508.0,derived_ohlc4
HOSE_GVR,GVR,2024-06-19 09:00:00,1463,1,33.16,33.21,32.63,32.82,3074300.0,101313556.5,derived_ohlc4
HOSE_GVR,GVR,2024-06-20 09:00:00,1464,1,32.72,33.21,32.63,33.21,2558700.0,84289974.75,derived_ohlc4
HOSE_GVR,GVR,2024-06-21 09:00:00,1465,1,33.21,34.04,33.21,33.75,3665100.0,122973267.75,derived_ohlc4
HOSE_GVR,GVR,2024-06-24 09:00:00,1466,1,33.26,33.6,32.24,32.24,4719500.0,154964782.5,derived_ohlc4
HOSE_GVR,GVR,2024-06-25 09:00:00,1467,1,32.48,32.92,32.24,32.82,2336500.0,76204947.5,derived_ohlc4
HOSE_GVR,GVR,2024-06-26 09:00:00,1468,1,33.16,35.12,32.82,35.12,10259700.0,349394083.5,derived_ohlc4
HOSE_GVR,GVR,2024-06-27 09:00:00,1469,1,35.12,35.95,34.48,35.17,6491300.0,228363933.99999994,derived_ohlc4
HOSE_GVR,GVR,2024-06-28 09:00:00,1470,1,35.17,35.22,32.72,33.41,7376400.0,251756531.99999997,derived_ohlc4
HOSE_GVR,GVR,2024-07-01 09:00:00,1471,1,33.41,33.65,32.82,33.51,3247900.0,108309345.24999999,derived_ohlc4
HOSE_GVR,GVR,2024-07-02 09:00:00,1472,1,33.65,33.99,33.36,33.8,2052100.0,69155770.0,derived_ohlc4
HOSE_GVR,GVR,2024-07-03 09:00:00,1473,1,33.8,34.29,33.6,33.8,3127200.0,105926082.0,derived_ohlc4
HOSE_GVR,GVR,2024-07-04 09:00:00,1474,1,33.7,34.73,33.36,34.19,5654700.0,192231526.50000003,derived_ohlc4
HOSE_GVR,GVR,2024-07-05 09:00:00,1475,1,34.19,34.63,33.8,34.29,3118000.0,106721345.0,derived_ohlc4
HOSE_GVR,GVR,2024-07-08 09:00:00,1476,1,34.53,35.66,34.29,35.66,6637100.0,232530798.49999997,derived_ohlc4
HOSE_GVR,GVR,2024-07-09 09:00:00,1477,1,36.53,37.61,36.29,37.12,8135400.0,300094567.5,derived_ohlc4
HOSE_GVR,GVR,2024-07-10 09:00:00,1478,1,37.27,37.41,36.14,36.14,5595000.0,205560300.0,derived_ohlc4
HOSE_GVR,GVR,2024-07-11 09:00:00,1479,1,36.63,36.93,35.8,36.09,3800800.0,138206590.0,derived_ohlc4
HOSE_GVR,GVR,2024-07-12 09:00:00,1480,1,36.09,37.32,35.85,37.02,5392500.0,197203725.0,derived_ohlc4
HOSE_GVR,GVR,2024-07-15 09:00:00,1481,1,37.02,38.1,36.73,37.61,4631600.0,173059733.99999997,derived_ohlc4
HOSE_GVR,GVR,2024-07-16 09:00:00,1482,1,37.61,37.85,36.93,37.32,3256100.0,121867682.75,derived_ohlc4
HOSE_GVR,GVR,2024-07-17 09:00:00,1483,1,37.32,37.32,34.73,34.73,10716900.0,386076322.5,derived_ohlc4
HOSE_GVR,GVR,2024-07-18 09:00:00,1484,1,34.73,35.61,33.99,35.22,3847700.0,134236633.75,derived_ohlc4
HOSE_GVR,GVR,2024-07-19 09:00:00,1485,1,35.22,35.22,33.65,33.7,5131800.0,176777680.50000003,derived_ohlc4
HOSE_GVR,GVR,2024-07-22 09:00:00,1486,1,33.21,33.31,31.85,31.99,6232700.0,203123693.00000003,derived_ohlc4
HOSE_GVR,GVR,2024-07-23 09:00:00,1487,1,32.24,32.68,29.89,29.89,3977100.0,123986092.5,derived_ohlc4
HOSE_GVR,GVR,2024-07-24 09:00:00,1488,1,29.89,31.94,29.4,31.94,5005100.0,154119541.74999997,derived_ohlc4
HOSE_GVR,GVR,2024-07-25 09:00:00,1489,1,31.94,32.28,31.31,32.24,1939700.0,61958867.25000001,derived_ohlc4
HOSE_GVR,GVR,2024-07-26 09:00:00,1490,1,32.28,33.07,32.14,32.33,2930200.0,95099641.0,derived_ohlc4
HOSE_GVR,GVR,2024-07-29 09:00:00,1491,1,32.72,32.72,32.33,32.72,2070300.0,67538361.75,derived_ohlc4
HOSE_GVR,GVR,2024-07-30 09:00:00,1492,1,32.82,33.02,31.75,32.48,2018800.0,65646329.0,derived_ohlc4
HOSE_GVR,GVR,2024-07-31 09:00:00,1493,1,32.48,32.97,32.09,32.24,2859400.0,92773233.0,derived_ohlc4
HOSE_GVR,GVR,2024-08-01 09:00:00,1494,1,32.43,32.48,30.23,30.67,3734300.0,117453070.75,derived_ohlc4
HOSE_GVR,GVR,2024-08-02 09:00:00,1495,1,29.99,31.65,29.99,31.6,2308900.0,71131436.75,derived_ohlc4
HOSE_GVR,GVR,2024-08-05 09:00:00,1496,1,30.97,31.55,29.4,29.4,4195100.0,127237383.0,derived_ohlc4
HOSE_GVR,GVR,2024-08-06 09:00:00,1497,1,30.58,31.02,29.7,30.62,3084900.0,94027752.0,derived_ohlc4
HOSE_GVR,GVR,2024-08-07 09:00:00,1498,1,30.77,31.89,30.58,31.8,4143000.0,129510179.99999999,derived_ohlc4
HOSE_GVR,GVR,2024-08-08 09:00:00,1499,1,31.36,32.04,30.92,31.16,3006900.0,94326452.99999999,derived_ohlc4
HOSE_GVR,GVR,2024-08-09 09:00:00,1500,1,31.85,32.04,31.5,31.75,2928100.0,93069658.5,derived_ohlc4
HOSE_GVR,GVR,2024-08-12 09:00:00,1501,1,31.8,32.68,31.65,32.43,2727400.0,87658636.0,derived_ohlc4
HOSE_GVR,GVR,2024-08-13 09:00:00,1502,1,32.43,32.48,31.99,32.33,1986100.0,64165925.74999999,derived_ohlc4
HOSE_GVR,GVR,2024-08-14 09:00:00,1503,1,32.43,33.02,32.14,32.63,2924300.0,95200586.5,derived_ohlc4
HOSE_GVR,GVR,2024-08-15 09:00:00,1504,1,32.53,32.53,31.85,31.89,1954700.0,62941340.00000001,derived_ohlc4
HOSE_GVR,GVR,2024-08-16 09:00:00,1505,1,32.24,34.04,32.19,33.75,4684900.0,154859369.5,derived_ohlc4
HOSE_GVR,GVR,2024-08-19 09:00:00,1506,1,33.8,34.14,33.7,33.95,2026300.0,68686504.25,derived_ohlc4
HOSE_GVR,GVR,2024-08-20 09:00:00,1507,1,33.85,34.78,33.65,34.29,3129900.0,106862610.75,derived_ohlc4
HOSE_GVR,GVR,2024-08-21 09:00:00,1508,1,34.29,34.48,33.8,34.43,2076700.0,71126975.0,derived_ohlc4
HOSE_GVR,GVR,2024-08-22 09:00:00,1509,1,34.78,34.78,33.9,33.99,2104500.0,72315881.25000001,derived_ohlc4
HOSE_GVR,GVR,2024-08-23 09:00:00,1510,1,33.99,34.63,33.8,34.63,2069000.0,70889112.5,derived_ohlc4
HOSE_GVR,GVR,2024-08-26 09:00:00,1511,1,35.26,35.36,34.24,34.24,1970400.0,68520660.00000001,derived_ohlc4
HOSE_GVR,GVR,2024-08-27 09:00:00,1512,1,34.19,34.29,33.9,34.14,1419700.0,48454360.99999999,derived_ohlc4
HOSE_GVR,GVR,2024-08-28 09:00:00,1513,1,34.39,35.26,34.24,34.82,4322400.0,149890026.0,derived_ohlc4
HOSE_GVR,GVR,2024-08-29 09:00:00,1514,1,34.92,35.07,34.48,34.48,874100.0,30364048.749999996,derived_ohlc4
HOSE_GVR,GVR,2024-08-30 09:00:00,1515,1,34.53,34.97,34.43,34.53,1249100.0,43237596.5,derived_ohlc4
HOSE_GVR,GVR,2024-09-04 09:00:00,1516,1,33.99,34.14,32.63,33.9,3842300.0,129351029.5,derived_ohlc4
HOSE_GVR,GVR,2024-09-05 09:00:00,1517,1,34.04,34.09,33.07,33.12,2268600.0,76179588.0,derived_ohlc4
HOSE_GVR,GVR,2024-09-06 09:00:00,1518,1,32.92,33.8,32.87,33.7,1687800.0,56241715.50000001,derived_ohlc4
HOSE_GVR,GVR,2024-09-09 09:00:00,1519,1,33.65,33.9,33.21,33.7,1066300.0,35843674.49999999,derived_ohlc4
HOSE_GVR,GVR,2024-09-10 09:00:00,1520,1,33.8,34.04,33.12,33.31,1778700.0,59706512.25000001,derived_ohlc4
HOSE_GVR,GVR,2024-09-11 09:00:00,1521,1,33.31,33.75,32.82,33.31,1827400.0,60847851.5,derived_ohlc4
HOSE_GVR,GVR,2024-09-12 09:00:00,1522,1,33.6,34.34,33.51,33.75,2146700.0,72558460.0,derived_ohlc4
HOSE_GVR,GVR,2024-09-13 09:00:00,1523,1,33.99,33.99,33.6,33.8,844400.0,28578718.0,derived_ohlc4
HOSE_GVR,GVR,2024-09-16 09:00:00,1524,1,33.9,34.39,33.8,34.09,3306400.0,112566388.0,derived_ohlc4
HOSE_GVR,GVR,2024-09-17 09:00:00,1525,1,34.09,34.78,33.95,34.78,2885400.0,99257760.00000001,derived_ohlc4
HOSE_GVR,GVR,2024-09-18 09:00:00,1526,1,35.02,35.51,34.73,34.73,3875900.0,135646810.24999997,derived_ohlc4
HOSE_GVR,GVR,2024-09-19 09:00:00,1527,1,34.87,34.97,34.39,34.87,2640000.0,91806000.0,derived_ohlc4
HOSE_GVR,GVR,2024-09-20 09:00:00,1528,1,35.46,35.46,34.68,34.78,2374700.0,83340096.5,derived_ohlc4
HOSE_GVR,GVR,2024-09-23 09:00:00,1529,1,34.78,34.87,34.48,34.73,1808400.0,62778605.99999999,derived_ohlc4
HOSE_GVR,GVR,2024-09-24 09:00:00,1530,1,34.58,35.46,34.58,35.31,3633500.0,127108913.75,derived_ohlc4
HOSE_GVR,GVR,2024-09-25 09:00:00,1531,1,35.51,35.61,35.12,35.17,3793400.0,134106173.50000003,derived_ohlc4
HOSE_GVR,GVR,2024-09-26 09:00:00,1532,1,35.66,36.05,35.26,35.56,3546000.0,126352845.0,derived_ohlc4
HOSE_GVR,GVR,2024-09-27 09:00:00,1533,1,35.8,35.8,35.07,35.17,2615100.0,92731445.99999999,derived_ohlc4
HOSE_GVR,GVR,2024-09-30 09:00:00,1534,1,35.26,35.26,34.78,34.92,1844800.0,64669464.0,derived_ohlc4
HOSE_GVR,GVR,2024-10-01 09:00:00,1535,1,35.26,35.8,35.07,35.17,4110800.0,145214010.0,derived_ohlc4
HOSE_GVR,GVR,2024-10-02 09:00:00,1536,1,35.07,35.75,35.07,35.31,2572200.0,90798660.0,derived_ohlc4
HOSE_GVR,GVR,2024-10-03 09:00:00,1537,1,35.36,35.61,34.34,34.73,3456300.0,121005063.0,derived_ohlc4
HOSE_GVR,GVR,2024-10-04 09:00:00,1538,1,34.92,34.92,34.09,34.09,2301700.0,79420158.5,derived_ohlc4
HOSE_GVR,GVR,2024-10-07 09:00:00,1539,1,34.19,34.39,33.75,33.99,1552900.0,52922832.0,derived_ohlc4
HOSE_GVR,GVR,2024-10-08 09:00:00,1540,1,33.99,34.53,33.99,34.24,1379100.0,47147981.25000001,derived_ohlc4
HOSE_GVR,GVR,2024-10-09 09:00:00,1541,1,34.43,34.82,34.43,34.82,1840800.0,63737700.0,derived_ohlc4
HOSE_GVR,GVR,2024-10-10 09:00:00,1542,1,34.97,35.31,34.82,34.82,2462700.0,86145245.99999999,derived_ohlc4
HOSE_GVR,GVR,2024-10-11 09:00:00,1543,1,34.87,35.07,34.43,34.68,2128300.0,73985028.75,derived_ohlc4
HOSE_GVR,GVR,2024-10-14 09:00:00,1544,1,35.07,35.61,34.78,35.46,4002000.0,140990460.00000003,derived_ohlc4
HOSE_GVR,GVR,2024-10-15 09:00:00,1545,1,35.46,35.61,34.78,34.92,2210200.0,77782463.49999999,derived_ohlc4
HOSE_GVR,GVR,2024-10-16 09:00:00,1546,1,34.87,35.26,34.78,35.26,2253700.0,78975282.25,derived_ohlc4
HOSE_GVR,GVR,2024-10-17 09:00:00,1547,1,35.26,35.26,34.53,35.17,2683300.0,94063081.5,derived_ohlc4
HOSE_GVR,GVR,2024-10-18 09:00:00,1548,1,35.17,35.9,34.97,35.02,4558800.0,160766082.0,derived_ohlc4
HOSE_GVR,GVR,2024-10-21 09:00:00,1549,1,35.02,35.17,34.39,34.39,1962200.0,68171733.5,derived_ohlc4
HOSE_GVR,GVR,2024-10-22 09:00:00,1550,1,34.48,34.53,31.99,32.97,8186400.0,274183001.99999994,derived_ohlc4
HOSE_GVR,GVR,2024-10-23 09:00:00,1551,1,33.07,33.07,32.28,32.72,2834600.0,92932360.99999999,derived_ohlc4
HOSE_GVR,GVR,2024-10-24 09:00:00,1552,1,32.82,33.02,31.94,32.14,3868400.0,125645632.00000001,derived_ohlc4
HOSE_GVR,GVR,2024-10-25 09:00:00,1553,1,32.33,32.33,31.45,31.5,2905000.0,92676762.5,derived_ohlc4
HOSE_GVR,GVR,2024-10-28 09:00:00,1554,1,31.55,31.94,31.36,31.75,2184400.0,69136260.0,derived_ohlc4
HOSE_GVR,GVR,2024-10-29 09:00:00,1555,1,32.04,32.28,31.89,32.19,1808800.0,58062479.99999999,derived_ohlc4
HOSE_GVR,GVR,2024-10-30 09:00:00,1556,1,32.19,32.43,31.85,31.94,1420900.0,45614442.25,derived_ohlc4
HOSE_GVR,GVR,2024-10-31 09:00:00,1557,1,32.04,32.24,31.89,32.14,1348200.0,43246885.5,derived_ohlc4
HOSE_GVR,GVR,2024-11-01 09:00:00,1558,1,31.94,31.94,31.31,31.55,2875500.0,91110217.5,derived_ohlc4
HOSE_GVR,GVR,2024-11-04 09:00:00,1559,1,31.75,31.75,30.72,30.82,2648300.0,82785858.0,derived_ohlc4
HOSE_GVR,GVR,2024-11-05 09:00:00,1560,1,31.06,31.6,30.92,31.36,2156300.0,67352030.5,derived_ohlc4
HOSE_GVR,GVR,2024-11-06 09:00:00,1561,1,31.75,33.07,31.65,32.97,4992000.0,161541120.0,derived_ohlc4
HOSE_GVR,GVR,2024-11-07 09:00:00,1562,1,33.21,33.21,32.33,32.58,3116400.0,102319202.99999999,derived_ohlc4
HOSE_GVR,GVR,2024-11-08 09:00:00,1563,1,32.63,32.82,32.09,32.14,3288000.0,106596960.0,derived_ohlc4
HOSE_GVR,GVR,2024-11-11 09:00:00,1564,1,32.14,32.63,31.94,32.63,2587400.0,83663579.0,derived_ohlc4
HOSE_GVR,GVR,2024-11-12 09:00:00,1565,1,32.68,32.92,32.14,32.14,2059300.0,66865471.0,derived_ohlc4
HOSE_GVR,GVR,2024-11-13 09:00:00,1566,1,31.94,32.19,31.6,31.8,2498000.0,79642484.99999999,derived_ohlc4
HOSE_GVR,GVR,2024-11-14 09:00:00,1567,1,32.04,32.04,30.91,31.06,2776900.0,87507061.25,derived_ohlc4
HOSE_GVR,GVR,2024-11-15 09:00:00,1568,1,30.76,31.35,30.37,30.56,3097000.0,95263720.0,derived_ohlc4
HOSE_GVR,GVR,2024-11-18 09:00:00,1569,1,30.56,31.11,29.87,30.71,2509300.0,76690481.25,derived_ohlc4
HOSE_GVR,GVR,2024-11-19 09:00:00,1570,1,30.76,30.96,29.92,29.97,2306700.0,70129446.75,derived_ohlc4
HOSE_GVR,GVR,2024-11-20 09:00:00,1571,1,29.97,30.86,29.58,30.37,2657000.0,80228115.0,derived_ohlc4
HOSE_GVR,GVR,2024-11-21 09:00:00,1572,1,30.37,30.86,30.17,30.76,1808500.0,55231590.00000001,derived_ohlc4
HOSE_GVR,GVR,2024-11-22 09:00:00,1573,1,30.66,30.86,30.42,30.47,1785700.0,54646884.25,derived_ohlc4
HOSE_GVR,GVR,2024-11-25 09:00:00,1574,1,30.47,30.76,30.37,30.47,2182500.0,66604443.75000001,derived_ohlc4
HOSE_GVR,GVR,2024-11-26 09:00:00,1575,1,30.56,31.16,30.56,30.86,2765200.0,85126682.0,derived_ohlc4
HOSE_GVR,GVR,2024-11-27 09:00:00,1576,1,31.06,31.06,30.71,30.81,1369700.0,42337427.0,derived_ohlc4
HOSE_GVR,GVR,2024-11-28 09:00:00,1577,1,30.86,31.35,30.86,30.91,2401700.0,74440691.5,derived_ohlc4
HOSE_GVR,GVR,2024-11-29 09:00:00,1578,1,30.91,31.06,30.76,30.86,1809200.0,55899757.0,derived_ohlc4
HOSE_GVR,GVR,2024-12-02 09:00:00,1579,1,31.06,31.25,30.91,31.01,1918400.0,59580708.0,derived_ohlc4
HOSE_GVR,GVR,2024-12-03 09:00:00,1580,1,31.16,31.16,30.47,30.47,2569400.0,79176061.0,derived_ohlc4
HOSE_GVR,GVR,2024-12-04 09:00:00,1581,1,30.47,30.56,29.92,29.92,2916000.0,88114230.0,derived_ohlc4
HOSE_GVR,GVR,2024-12-05 09:00:00,1582,1,29.97,31.06,29.68,30.91,2958200.0,89944071.0,derived_ohlc4
HOSE_GVR,GVR,2024-12-06 09:00:00,1583,1,31.06,32.34,30.91,31.6,5687900.0,179040872.25,derived_ohlc4
HOSE_GVR,GVR,2024-12-09 09:00:00,1584,1,31.65,31.85,31.55,31.65,2153900.0,68224782.5,derived_ohlc4
HOSE_GVR,GVR,2024-12-10 09:00:00,1585,1,31.8,31.85,31.25,31.3,1802500.0,56868875.0,derived_ohlc4
HOSE_GVR,GVR,2024-12-11 09:00:00,1586,1,31.3,31.5,30.81,31.01,2909400.0,90642357.0,derived_ohlc4
HOSE_GVR,GVR,2024-12-12 09:00:00,1587,1,31.16,31.75,31.16,31.21,2559700.0,80169804.0,derived_ohlc4
HOSE_GVR,GVR,2024-12-13 09:00:00,1588,1,31.16,31.21,30.91,30.96,1142900.0,35498474.0,derived_ohlc4
HOSE_GVR,GVR,2024-12-16 09:00:00,1589,1,30.96,31.16,30.61,30.76,1315600.0,40615861.0,derived_ohlc4
HOSE_GVR,GVR,2024-12-17 09:00:00,1590,1,31.01,31.01,30.66,30.66,948600.0,29250081.0,derived_ohlc4
HOSE_GVR,GVR,2024-12-18 09:00:00,1591,1,30.66,30.91,30.61,30.91,762900.0,23476340.25,derived_ohlc4
HOSE_GVR,GVR,2024-12-19 09:00:00,1592,1,30.47,30.71,30.32,30.47,2228300.0,67946437.75,derived_ohlc4
HOSE_GVR,GVR,2024-12-20 09:00:00,1593,1,30.56,30.76,30.42,30.47,956600.0,29226521.500000004,derived_ohlc4
HOSE_GVR,GVR,2024-12-23 09:00:00,1594,1,30.86,31.01,30.27,30.42,1803400.0,55256176.0,derived_ohlc4
HOSE_GVR,GVR,2024-12-24 09:00:00,1595,1,30.42,30.71,30.22,30.27,1861800.0,56608028.99999999,derived_ohlc4
HOSE_GVR,GVR,2024-12-25 09:00:00,1596,1,30.42,31.06,30.42,30.66,2092700.0,64120328.0,derived_ohlc4
HOSE_GVR,GVR,2024-12-26 09:00:00,1597,1,30.86,30.86,30.42,30.47,1144000.0,35066460.0,derived_ohlc4
HOSE_GVR,GVR,2024-12-27 09:00:00,1598,1,30.47,30.76,30.27,30.27,1609600.0,49000248.0,derived_ohlc4
HOSE_GVR,GVR,2024-12-30 09:00:00,1599,1,30.27,30.27,30.12,30.12,1070600.0,32326767.0,derived_ohlc4
HOSE_GVR,GVR,2024-12-31 09:00:00,1600,1,30.22,30.22,29.92,29.92,1178200.0,35428474.0,derived_ohlc4
HOSE_GVR,GVR,2025-01-02 09:00:00,1601,1,30.07,30.37,30.02,30.07,946400.0,28517398.0,derived_ohlc4
HOSE_GVR,GVR,2025-01-03 09:00:00,1602,1,30.17,30.32,29.87,29.87,1619700.0,48684132.75,derived_ohlc4
HOSE_GVR,GVR,2025-01-06 09:00:00,1603,1,29.87,30.17,28.99,28.99,2127100.0,62760085.5,derived_ohlc4
HOSE_GVR,GVR,2025-01-07 09:00:00,1604,1,29.04,29.28,27.61,27.9,3865500.0,110002466.25000001,derived_ohlc4
HOSE_GVR,GVR,2025-01-08 09:00:00,1605,1,27.9,28.79,27.16,28.25,2445900.0,68546347.5,derived_ohlc4
HOSE_GVR,GVR,2025-01-09 09:00:00,1606,1,28.4,28.69,28.2,28.2,1108600.0,31453753.500000004,derived_ohlc4
HOSE_GVR,GVR,2025-01-10 09:00:00,1607,1,28.2,28.44,27.61,27.61,1211900.0,33890783.5,derived_ohlc4
HOSE_GVR,GVR,2025-01-13 09:00:00,1608,1,27.75,27.85,27.21,27.7,947000.0,26163242.5,derived_ohlc4
HOSE_GVR,GVR,2025-01-14 09:00:00,1609,1,27.7,27.95,27.36,27.36,901200.0,24866360.999999996,derived_ohlc4
HOSE_GVR,GVR,2025-01-15 09:00:00,1610,1,27.75,27.85,27.46,27.8,680400.0,18857286.0,derived_ohlc4
HOSE_GVR,GVR,2025-01-16 09:00:00,1611,1,28.1,28.35,27.9,28.05,730300.0,20521430.0,derived_ohlc4
HOSE_GVR,GVR,2025-01-17 09:00:00,1612,1,28.0,28.79,28.0,28.35,1314400.0,37177803.99999999,derived_ohlc4
HOSE_GVR,GVR,2025-01-20 09:00:00,1613,1,28.74,28.74,28.25,28.3,1012900.0,28875246.749999996,derived_ohlc4
HOSE_GVR,GVR,2025-01-21 09:00:00,1614,1,28.44,28.59,28.0,28.0,1030100.0,29108050.75,derived_ohlc4
HOSE_GVR,GVR,2025-01-22 09:00:00,1615,1,28.05,28.2,27.61,27.61,1362800.0,37977829.0,derived_ohlc4
HOSE_GVR,GVR,2025-01-23 09:00:00,1616,1,27.61,28.3,27.61,28.05,1461800.0,40773256.5,derived_ohlc4
HOSE_GVR,GVR,2025-01-24 09:00:00,1617,1,28.2,28.54,28.2,28.4,1613200.0,45710022.0,derived_ohlc4
HOSE_GVR,GVR,2025-02-03 09:00:00,1618,1,28.54,29.48,28.4,28.84,2989200.0,86133798.0,derived_ohlc4
HOSE_GVR,GVR,2025-02-04 09:00:00,1619,1,29.13,29.23,28.89,29.09,1364800.0,39695208.0,derived_ohlc4
HOSE_GVR,GVR,2025-02-05 09:00:00,1620,1,29.13,29.33,28.89,29.04,1266300.0,36846164.24999999,derived_ohlc4
HOSE_GVR,GVR,2025-02-06 09:00:00,1621,1,29.28,29.28,28.74,28.79,1349500.0,39165863.75,derived_ohlc4
HOSE_GVR,GVR,2025-02-07 09:00:00,1622,1,28.79,29.53,28.69,28.99,2297000.0,66613000.0,derived_ohlc4
HOSE_GVR,GVR,2025-02-10 09:00:00,1623,1,28.99,28.99,28.4,28.4,1699500.0,48767152.5,derived_ohlc4
HOSE_GVR,GVR,2025-02-11 09:00:00,1624,1,28.54,28.54,28.25,28.49,1079300.0,30711481.5,derived_ohlc4
HOSE_GVR,GVR,2025-02-12 09:00:00,1625,1,28.74,28.89,28.35,28.35,958300.0,27390609.749999996,derived_ohlc4
HOSE_GVR,GVR,2025-02-13 09:00:00,1626,1,28.4,29.18,28.35,29.04,2968500.0,85322111.25,derived_ohlc4
HOSE_GVR,GVR,2025-02-14 09:00:00,1627,1,29.38,30.56,29.33,29.92,5564300.0,165802229.25,derived_ohlc4
HOSE_GVR,GVR,2025-02-17 09:00:00,1628,1,30.02,30.81,30.02,30.12,4781800.0,144613586.5,derived_ohlc4
HOSE_GVR,GVR,2025-02-18 09:00:00,1629,1,30.32,30.42,29.92,30.42,2969100.0,89874657.0,derived_ohlc4
HOSE_GVR,GVR,2025-02-19 09:00:00,1630,1,30.76,31.3,30.42,31.21,6110400.0,188948844.0,derived_ohlc4
HOSE_GVR,GVR,2025-02-20 09:00:00,1631,1,31.25,32.04,30.96,31.9,6240800.0,196819230.0,derived_ohlc4
HOSE_GVR,GVR,2025-02-21 09:00:00,1632,1,31.9,32.04,31.3,31.94,3890300.0,123692088.5,derived_ohlc4
HOSE_GVR,GVR,2025-02-24 09:00:00,1633,1,31.99,32.14,31.45,31.99,3295100.0,105088976.75,derived_ohlc4
HOSE_GVR,GVR,2025-02-25 09:00:00,1634,1,32.04,32.09,31.4,31.65,2746800.0,87334506.0,derived_ohlc4
HOSE_GVR,GVR,2025-02-26 09:00:00,1635,1,31.85,32.44,31.75,32.14,4286200.0,137351279.0,derived_ohlc4
HOSE_GVR,GVR,2025-02-27 09:00:00,1636,1,32.09,32.24,31.45,32.24,3126500.0,100063632.50000001,derived_ohlc4
HOSE_GVR,GVR,2025-02-28 09:00:00,1637,1,32.24,33.32,31.9,32.93,6457800.0,210508135.50000003,derived_ohlc4
HOSE_GVR,GVR,2025-03-03 09:00:00,1638,1,33.13,33.18,32.54,32.63,2783900.0,91506793.0,derived_ohlc4
HOSE_GVR,GVR,2025-03-04 09:00:00,1639,1,32.54,33.47,32.44,33.03,5964800.0,196062975.99999997,derived_ohlc4
HOSE_GVR,GVR,2025-03-05 09:00:00,1640,1,33.13,33.13,32.54,32.54,2713400.0,89094489.0,derived_ohlc4
HOSE_GVR,GVR,2025-03-06 09:00:00,1641,1,32.54,33.52,32.54,33.52,4939600.0,163154988.0,derived_ohlc4
HOSE_GVR,GVR,2025-03-07 09:00:00,1642,1,33.52,33.62,33.03,33.03,3000600.0,99919979.99999999,derived_ohlc4
HOSE_GVR,GVR,2025-03-10 09:00:00,1643,1,33.13,33.23,32.68,32.83,2626600.0,86592435.5,derived_ohlc4
HOSE_GVR,GVR,2025-03-11 09:00:00,1644,1,32.54,32.98,31.85,32.93,3157200.0,102845790.00000001,derived_ohlc4
HOSE_GVR,GVR,2025-03-12 09:00:00,1645,1,32.83,32.93,32.34,32.34,2208000.0,72002880.0,derived_ohlc4
HOSE_GVR,GVR,2025-03-13 09:00:00,1646,1,32.44,33.28,32.29,32.54,4500600.0,146888332.49999997,derived_ohlc4
HOSE_GVR,GVR,2025-03-14 09:00:00,1647,1,32.54,33.18,32.49,32.83,4168200.0,136550232.00000003,derived_ohlc4
HOSE_GVR,GVR,2025-03-17 09:00:00,1648,1,32.88,32.98,32.39,32.59,2746500.0,89838015.0,derived_ohlc4
HOSE_GVR,GVR,2025-03-18 09:00:00,1649,1,32.73,33.28,32.49,32.93,4240900.0,139345371.75,derived_ohlc4
HOSE_GVR,GVR,2025-03-19 09:00:00,1650,1,32.93,34.85,32.83,34.31,8590800.0,289767684.00000006,derived_ohlc4
HOSE_GVR,GVR,2025-03-20 09:00:00,1651,1,34.51,34.51,33.52,34.01,2368900.0,80868323.74999999,derived_ohlc4
HOSE_GVR,GVR,2025-03-21 09:00:00,1652,1,34.01,34.8,33.87,34.06,4101100.0,140196103.5,derived_ohlc4
HOSE_GVR,GVR,2025-03-24 09:00:00,1653,1,34.06,34.11,33.23,33.67,2533500.0,85549961.25,derived_ohlc4
HOSE_GVR,GVR,2025-03-25 09:00:00,1654,1,33.82,34.85,33.42,34.11,4845000.0,164972250.0,derived_ohlc4
HOSE_GVR,GVR,2025-03-26 09:00:00,1655,1,34.01,34.41,33.77,34.01,2813400.0,95796269.99999999,derived_ohlc4
HOSE_GVR,GVR,2025-03-27 09:00:00,1656,1,34.06,34.66,34.01,34.46,3998000.0,137121405.0,derived_ohlc4
HOSE_GVR,GVR,2025-03-28 09:00:00,1657,1,34.56,35.1,34.31,34.31,4680600.0,161808342.0,derived_ohlc4
HOSE_GVR,GVR,2025-03-31 09:00:00,1658,1,34.16,34.31,31.94,31.94,9067500.0,300020906.25,derived_ohlc4
HOSE_GVR,GVR,2025-04-01 09:00:00,1659,1,31.99,32.29,31.16,31.4,3786400.0,120066744.0,derived_ohlc4
HOSE_GVR,GVR,2025-04-02 09:00:00,1660,1,31.5,31.85,31.25,31.45,1929900.0,60815973.75,derived_ohlc4
HOSE_GVR,GVR,2025-04-03 09:00:00,1661,1,29.28,29.68,29.28,29.28,3332700.0,97914726.00000001,derived_ohlc4
HOSE_GVR,GVR,2025-04-04 09:00:00,1662,1,27.26,27.26,27.26,27.26,1437200.0,39178072.0,derived_ohlc4
HOSE_GVR,GVR,2025-04-08 09:00:00,1663,1,25.39,25.39,25.39,25.39,461900.0,11727641.0,derived_ohlc4
HOSE_GVR,GVR,2025-04-09 09:00:00,1664,1,23.61,23.61,23.61,23.61,459100.0,10839351.0,derived_ohlc4
HOSE_GVR,GVR,2025-04-10 09:00:00,1665,1,25.24,25.24,25.24,25.24,2523800.0,63700711.99999999,derived_ohlc4
HOSE_GVR,GVR,2025-04-11 09:00:00,1666,1,24.16,26.42,23.51,25.63,10906200.0,271891566.0,derived_ohlc4
HOSE_GVR,GVR,2025-04-14 09:00:00,1667,1,26.87,26.92,25.44,25.83,4547200.0,119432208.0,derived_ohlc4
HOSE_GVR,GVR,2025-04-15 09:00:00,1668,1,25.19,25.63,24.06,24.06,6815900.0,168591286.5,derived_ohlc4
HOSE_GVR,GVR,2025-04-16 09:00:00,1669,1,23.76,24.65,23.17,23.17,6426600.0,152230087.5,derived_ohlc4
HOSE_GVR,GVR,2025-04-17 09:00:00,1670,1,23.02,24.06,23.02,23.86,4874600.0,114504353.99999999,derived_ohlc4
HOSE_GVR,GVR,2025-04-18 09:00:00,1671,1,24.45,24.45,24.16,24.16,3253400.0,79073887.0,derived_ohlc4
HOSE_GVR,GVR,2025-04-21 09:00:00,1672,1,24.16,24.25,23.27,23.37,2932600.0,69685907.5,derived_ohlc4
HOSE_GVR,GVR,2025-04-22 09:00:00,1673,1,23.27,23.32,21.74,21.99,6821400.0,154027212.0,derived_ohlc4
HOSE_GVR,GVR,2025-04-23 09:00:00,1674,1,22.53,23.27,21.39,22.82,6047400.0,136081618.5,derived_ohlc4
HOSE_GVR,GVR,2025-04-24 09:00:00,1675,1,23.07,24.16,22.97,23.22,5767100.0,134690620.5,derived_ohlc4
HOSE_GVR,GVR,2025-04-25 09:00:00,1676,1,23.32,23.66,23.22,23.47,3552300.0,83185985.25,derived_ohlc4
HOSE_GVR,GVR,2025-04-28 09:00:00,1677,1,23.66,23.66,22.82,23.17,2733400.0,63763388.5,derived_ohlc4
HOSE_GVR,GVR,2025-04-29 09:00:00,1678,1,23.17,23.66,22.97,23.37,3078300.0,71701302.75,derived_ohlc4
HOSE_GVR,GVR,2025-05-05 09:00:00,1679,1,23.76,24.55,23.66,24.5,5919600.0,142765953.0,derived_ohlc4
HOSE_GVR,GVR,2025-05-06 09:00:00,1680,1,24.8,24.8,23.96,23.96,4005900.0,97663842.00000001,derived_ohlc4
HOSE_GVR,GVR,2025-05-07 09:00:00,1681,1,23.86,24.8,23.86,24.5,4378300.0,106195666.5,derived_ohlc4
HOSE_GVR,GVR,2025-05-08 09:00:00,1682,1,24.8,26.18,24.75,26.18,10064000.0,256405560.0,derived_ohlc4
HOSE_GVR,GVR,2025-05-09 09:00:00,1683,1,26.62,26.82,25.93,26.28,5752200.0,151929982.5,derived_ohlc4
HOSE_GVR,GVR,2025-05-12 09:00:00,1684,1,26.42,27.75,26.37,27.56,8097300.0,218829532.50000003,derived_ohlc4
HOSE_GVR,GVR,2025-05-13 09:00:00,1685,1,27.95,28.44,27.85,28.25,6543300.0,184013954.25,derived_ohlc4
HOSE_GVR,GVR,2025-05-14 09:00:00,1686,1,28.3,28.3,27.46,27.61,5543500.0,154760661.25,derived_ohlc4
HOSE_GVR,GVR,2025-05-15 09:00:00,1687,1,27.7,27.9,27.06,27.7,4569500.0,126072505.0,derived_ohlc4
HOSE_GVR,GVR,2025-05-16 09:00:00,1688,1,27.7,27.8,27.31,27.31,2693400.0,74149302.0,derived_ohlc4
HOSE_GVR,GVR,2025-05-19 09:00:00,1689,1,27.11,27.66,26.82,26.82,3455100.0,93641847.75,derived_ohlc4
HOSE_GVR,GVR,2025-05-20 09:00:00,1690,1,26.82,27.61,26.62,27.31,3284000.0,88963560.0,derived_ohlc4
HOSE_GVR,GVR,2025-05-21 09:00:00,1691,1,27.56,27.56,26.77,26.92,2845700.0,77410154.25,derived_ohlc4
HOSE_GVR,GVR,2025-05-22 09:00:00,1692,1,26.87,27.31,26.47,26.47,3665000.0,98148700.0,derived_ohlc4
HOSE_GVR,GVR,2025-05-23 09:00:00,1693,1,26.62,26.82,26.28,26.62,1813500.0,48211897.5,derived_ohlc4
HOSE_GVR,GVR,2025-05-26 09:00:00,1694,1,26.82,28.44,26.13,28.44,7422100.0,203792310.75,derived_ohlc4
HOSE_GVR,GVR,2025-05-27 09:00:00,1695,1,28.99,29.09,28.69,28.99,5066500.0,146624510.0,derived_ohlc4
HOSE_GVR,GVR,2025-05-28 09:00:00,1696,1,29.09,29.97,28.84,29.23,5838800.0,170974661.0,derived_ohlc4
HOSE_GVR,GVR,2025-05-29 09:00:00,1697,1,29.87,29.87,28.94,28.99,4316900.0,126992405.75,derived_ohlc4
HOSE_GVR,GVR,2025-05-30 09:00:00,1698,1,29.09,29.09,28.2,28.3,3261500.0,93507205.0,derived_ohlc4
HOSE_GVR,GVR,2025-06-02 09:00:00,1699,1,28.15,28.94,28.15,28.89,3274700.0,93435377.75000001,derived_ohlc4
HOSE_GVR,GVR,2025-06-03 09:00:00,1700,1,28.99,29.23,28.84,29.09,3373000.0,97943487.5,derived_ohlc4
HOSE_GVR,GVR,2025-06-04 09:00:00,1701,1,29.28,29.43,28.64,28.74,2090200.0,60662829.49999999,derived_ohlc4
HOSE_GVR,GVR,2025-06-05 09:00:00,1702,1,28.79,29.28,28.69,28.79,2329100.0,67281876.25,derived_ohlc4
HOSE_GVR,GVR,2025-06-06 09:00:00,1703,1,28.84,29.28,27.9,27.95,2886200.0,82235053.50000001,derived_ohlc4
HOSE_GVR,GVR,2025-06-09 09:00:00,1704,1,28.05,28.25,26.97,27.31,2841100.0,78542209.5,derived_ohlc4
HOSE_GVR,GVR,2025-06-10 09:00:00,1705,1,27.51,28.1,27.36,27.75,1650100.0,45674768.0,derived_ohlc4
HOSE_GVR,GVR,2025-06-11 09:00:00,1706,1,28.05,28.05,27.21,27.36,1332600.0,36869710.5,derived_ohlc4
HOSE_GVR,GVR,2025-06-12 09:00:00,1707,1,27.61,28.4,27.61,28.15,2196400.0,61372907.00000001,derived_ohlc4
HOSE_GVR,GVR,2025-06-13 09:00:00,1708,1,27.7,27.9,26.62,26.82,5880100.0,160291526.0,derived_ohlc4
HOSE_GVR,GVR,2025-06-16 09:00:00,1709,1,26.82,27.61,26.82,27.61,1588300.0,43225584.5,derived_ohlc4
HOSE_GVR,GVR,2025-06-17 09:00:00,1710,1,27.8,28.49,27.66,28.49,4712300.0,132462753.0,derived_ohlc4
HOSE_GVR,GVR,2025-06-18 09:00:00,1711,1,28.59,29.04,28.35,28.59,3837000.0,109901272.5,derived_ohlc4
HOSE_GVR,GVR,2025-06-19 09:00:00,1712,1,28.59,30.02,28.59,29.48,7153300.0,208661761.0,derived_ohlc4
HOSE_GVR,GVR,2025-06-20 09:00:00,1713,1,29.53,29.53,28.69,28.79,2306100.0,67188223.5,derived_ohlc4
HOSE_GVR,GVR,2025-06-23 09:00:00,1714,1,28.44,30.37,28.05,29.38,4683800.0,136111228.0,derived_ohlc4
HOSE_GVR,GVR,2025-06-24 09:00:00,1715,1,29.78,29.78,29.04,29.23,5252900.0,154737301.75,derived_ohlc4
HOSE_GVR,GVR,2025-06-25 09:00:00,1716,1,29.58,30.91,29.28,30.37,6556600.0,196927481.0,derived_ohlc4
HOSE_GVR,GVR,2025-06-26 09:00:00,1717,1,30.37,30.47,29.82,30.07,1932500.0,58327681.24999999,derived_ohlc4
HOSE_GVR,GVR,2025-06-27 09:00:00,1718,1,30.37,30.66,29.92,29.92,2310700.0,69823577.25,derived_ohlc4
HOSE_GVR,GVR,2025-06-30 09:00:00,1719,1,30.12,30.51,29.73,29.87,2514100.0,75567560.75,derived_ohlc4
HOSE_GVR,GVR,2025-07-01 09:00:00,1720,1,30.22,30.86,29.97,30.71,5298600.0,161289384.0,derived_ohlc4
HOSE_GVR,GVR,2025-07-02 09:00:00,1721,1,30.76,31.94,30.66,30.81,4471900.0,138818955.75,derived_ohlc4
HOSE_GVR,GVR,2025-07-03 09:00:00,1722,1,30.02,30.22,28.84,29.18,13342000.0,394456229.99999994,derived_ohlc4
HOSE_GVR,GVR,2025-07-04 09:00:00,1723,1,29.18,29.48,28.69,28.89,5120900.0,148813354.0,derived_ohlc4
HOSE_GVR,GVR,2025-07-07 09:00:00,1724,1,29.28,29.68,29.13,29.33,2774500.0,81445447.5,derived_ohlc4
HOSE_GVR,GVR,2025-07-08 09:00:00,1725,1,30.07,30.12,29.38,29.58,4327300.0,128899448.74999999,derived_ohlc4
HOSE_GVR,GVR,2025-07-09 09:00:00,1726,1,29.82,29.82,29.38,29.43,3949300.0,116948646.24999999,derived_ohlc4
HOSE_GVR,GVR,2025-07-10 09:00:00,1727,1,29.48,30.22,29.33,29.68,5198000.0,154263645.0,derived_ohlc4
HOSE_GVR,GVR,2025-07-11 09:00:00,1728,1,29.87,30.02,29.58,29.58,3276400.0,97513855.0,derived_ohlc4
HOSE_GVR,GVR,2025-07-14 09:00:00,1729,1,29.87,30.47,29.23,30.22,5703300.0,170799576.75,derived_ohlc4
HOSE_GVR,GVR,2025-07-15 09:00:00,1730,1,30.27,30.42,29.68,29.68,4106500.0,123246331.25000001,derived_ohlc4
HOSE_GVR,GVR,2025-07-16 09:00:00,1731,1,29.78,29.87,29.43,29.43,4022600.0,119179581.50000001,derived_ohlc4
HOSE_GVR,GVR,2025-07-17 09:00:00,1732,1,29.68,30.27,29.48,29.63,6703000.0,199514795.0,derived_ohlc4
HOSE_GVR,GVR,2025-07-18 09:00:00,1733,1,30.07,30.71,29.73,29.97,6173600.0,185948832.0,derived_ohlc4
HOSE_GVR,GVR,2025-07-21 09:00:00,1734,1,30.17,30.86,30.02,30.17,5345100.0,161983255.5,derived_ohlc4
HOSE_GVR,GVR,2025-07-22 09:00:00,1735,1,30.07,30.27,29.68,30.02,3675700.0,110307757.0,derived_ohlc4
HOSE_GVR,GVR,2025-07-23 09:00:00,1736,1,30.22,30.76,30.17,30.61,6916300.0,210532172.0,derived_ohlc4
HOSE_GVR,GVR,2025-07-24 09:00:00,1737,1,31.06,31.7,30.61,31.21,6627900.0,206425945.50000003,derived_ohlc4
HOSE_GVR,GVR,2025-07-25 09:00:00,1738,1,31.4,31.4,30.76,30.76,5447000.0,169292760.0,derived_ohlc4
HOSE_GVR,GVR,2025-07-28 09:00:00,1739,1,30.86,31.5,30.61,30.96,9787300.0,303235022.25,derived_ohlc4
HOSE_GVR,GVR,2025-07-29 09:00:00,1740,1,31.35,31.55,29.09,29.09,9990800.0,302421516.00000006,derived_ohlc4
HOSE_GVR,GVR,2025-07-30 09:00:00,1741,1,29.13,29.68,28.54,29.09,4900900.0,142665199.0,derived_ohlc4
HOSE_GVR,GVR,2025-07-31 09:00:00,1742,1,29.97,30.51,29.23,29.68,5841300.0,174348201.75000003,derived_ohlc4
HOSE_GVR,GVR,2025-08-01 09:00:00,1743,1,29.87,30.07,29.18,29.28,3682100.0,108990160.0,derived_ohlc4
HOSE_GVR,GVR,2025-08-04 09:00:00,1744,1,29.18,29.82,29.18,29.48,2427700.0,71410795.5,derived_ohlc4
HOSE_GVR,GVR,2025-08-05 09:00:00,1745,1,29.58,30.51,28.4,29.53,6630700.0,195638803.50000003,derived_ohlc4
HOSE_GVR,GVR,2025-08-06 09:00:00,1746,1,29.63,29.97,29.38,29.82,4244400.0,126058679.99999999,derived_ohlc4
HOSE_GVR,GVR,2025-08-07 09:00:00,1747,1,30.47,31.45,30.32,30.66,8822900.0,271083602.5,derived_ohlc4
HOSE_GVR,GVR,2025-08-08 09:00:00,1748,1,30.81,30.91,29.92,30.17,5319600.0,161995119.0,derived_ohlc4
HOSE_GVR,GVR,2025-08-11 09:00:00,1749,1,30.22,32.24,30.22,32.14,16551700.0,516495798.50000006,derived_ohlc4
HOSE_GVR,GVR,2025-08-12 09:00:00,1750,1,32.49,32.49,31.45,31.99,5985900.0,192177319.50000003,derived_ohlc4
HOSE_GVR,GVR,2025-08-13 09:00:00,1751,1,32.14,32.73,31.55,32.19,9515500.0,305947113.75000006,derived_ohlc4
HOSE_GVR,GVR,2025-08-14 09:00:00,1752,1,32.24,32.34,31.45,31.65,7598600.0,242547312.0,derived_ohlc4
HOSE_GVR,GVR,2025-08-15 09:00:00,1753,1,31.99,32.14,30.81,30.96,6847800.0,215534505.0,derived_ohlc4
HOSE_GVR,GVR,2025-08-18 09:00:00,1754,1,30.96,31.75,30.86,31.3,4974300.0,155285210.25,derived_ohlc4
HOSE_GVR,GVR,2025-08-19 09:00:00,1755,1,31.55,31.8,31.11,31.21,4565400.0,143433454.50000003,derived_ohlc4
HOSE_GVR,GVR,2025-08-20 09:00:00,1756,1,31.4,32.39,30.71,31.75,9685600.0,305701750.0,derived_ohlc4
HOSE_GVR,GVR,2025-08-21 09:00:00,1757,1,32.14,32.98,31.21,31.25,6927300.0,220946233.50000003,derived_ohlc4
HOSE_GVR,GVR,2025-08-22 09:00:00,1758,1,31.01,31.01,29.09,29.09,9181800.0,275913090.0,derived_ohlc4
HOSE_GVR,GVR,2025-08-25 09:00:00,1759,1,29.48,29.58,27.95,28.0,4989200.0,143451973.0,derived_ohlc4
HOSE_GVR,GVR,2025-08-26 09:00:00,1760,1,28.1,28.84,27.85,28.79,3730100.0,105916189.49999999,derived_ohlc4
HOSE_GVR,GVR,2025-08-27 09:00:00,1761,1,28.99,29.18,28.59,28.74,2712000.0,78309000.0,derived_ohlc4
HOSE_GVR,GVR,2025-08-28 09:00:00,1762,1,29.04,29.04,28.64,28.79,2640700.0,76256814.25,derived_ohlc4
HOSE_GVR,GVR,2025-08-29 09:00:00,1763,1,28.84,28.94,28.59,28.64,3348000.0,96263370.0,derived_ohlc4
HOSE_GVR,GVR,2025-09-03 09:00:00,1764,1,28.64,29.28,28.59,28.89,2775000.0,80058750.0,derived_ohlc4
HOSE_GVR,GVR,2025-09-04 09:00:00,1765,1,29.09,29.28,28.89,29.09,3336000.0,97035900.0,derived_ohlc4
HOSE_GVR,GVR,2025-09-05 09:00:00,1766,1,29.38,30.37,29.28,29.38,7745200.0,229277283.0,derived_ohlc4
HOSE_GVR,GVR,2025-09-08 09:00:00,1767,1,29.87,29.87,28.4,28.4,4599400.0,134003518.99999999,derived_ohlc4
HOSE_GVR,GVR,2025-09-09 09:00:00,1768,1,28.4,28.59,28.0,28.2,2423500.0,68578991.25,derived_ohlc4
HOSE_GVR,GVR,2025-09-10 09:00:00,1769,1,28.49,28.49,27.85,27.9,2812000.0,79249190.0,derived_ohlc4
HOSE_GVR,GVR,2025-09-11 09:00:00,1770,1,28.2,28.4,27.61,28.35,2590300.0,72891042.0,derived_ohlc4
HOSE_GVR,GVR,2025-09-12 09:00:00,1771,1,28.49,29.28,28.4,28.94,2261000.0,65065927.49999999,derived_ohlc4
HOSE_GVR,GVR,2025-09-15 09:00:00,1772,1,29.09,29.58,28.94,29.43,2734300.0,80005618.0,derived_ohlc4
HOSE_GVR,GVR,2025-09-16 09:00:00,1773,1,29.73,29.73,29.04,29.04,2089300.0,61394080.49999999,derived_ohlc4
HOSE_GVR,GVR,2025-09-17 09:00:00,1774,1,29.09,29.18,28.49,28.49,2606000.0,75085374.99999999,derived_ohlc4
HOSE_GVR,GVR,2025-09-18 09:00:00,1775,1,28.59,28.59,28.2,28.4,1614500.0,45924452.5,derived_ohlc4
HOSE_GVR,GVR,2025-09-19 09:00:00,1776,1,28.69,28.69,28.2,28.2,1522700.0,43313201.5,derived_ohlc4
HOSE_GVR,GVR,2025-09-22 09:00:00,1777,1,28.3,28.44,27.85,27.9,1376400.0,38707809.0,derived_ohlc4
HOSE_GVR,GVR,2025-09-23 09:00:00,1778,1,28.3,28.3,27.7,27.7,841800.0,23570400.0,derived_ohlc4
HOSE_GVR,GVR,2025-09-24 09:00:00,1779,1,27.75,28.2,27.61,28.2,1004700.0,28071318.0,derived_ohlc4
HOSE_GVR,GVR,2025-09-25 09:00:00,1780,1,28.4,28.59,28.2,28.4,1186300.0,33687954.25,derived_ohlc4
HOSE_GVR,GVR,2025-09-26 09:00:00,1781,1,28.54,28.59,28.1,28.1,1301000.0,36860582.49999999,derived_ohlc4
HOSE_GVR,GVR,2025-09-29 09:00:00,1782,1,28.2,28.3,27.85,27.85,827200.0,23202959.999999996,derived_ohlc4
HOSE_GVR,GVR,2025-09-30 09:00:00,1783,1,27.85,27.9,27.06,27.31,2051500.0,56477795.0,derived_ohlc4
HOSE_GVR,GVR,2025-10-01 09:00:00,1784,1,27.36,27.61,27.36,27.46,690600.0,18955243.5,derived_ohlc4
HOSE_GVR,GVR,2025-10-02 09:00:00,1785,1,27.51,27.66,26.77,26.92,1751100.0,47656186.5,derived_ohlc4
HOSE_GVR,GVR,2025-10-03 09:00:00,1786,1,27.11,27.11,26.28,26.32,2383700.0,63656708.49999999,derived_ohlc4
HOSE_GVR,GVR,2025-10-06 09:00:00,1787,1,26.92,27.16,26.52,27.16,2309200.0,62209847.99999999,derived_ohlc4
HOSE_GVR,GVR,2025-10-07 09:00:00,1788,1,27.26,27.51,26.92,26.97,989500.0,26879767.5,derived_ohlc4
HOSE_GVR,GVR,2025-10-08 09:00:00,1789,1,27.31,27.46,26.92,27.06,1029600.0,27992250.0,derived_ohlc4
HOSE_GVR,GVR,2025-10-09 09:00:00,1790,1,27.11,28.15,26.77,27.61,3675400.0,100742714.0,derived_ohlc4
HOSE_GVR,GVR,2025-10-10 09:00:00,1791,1,28.05,28.1,27.61,27.66,2163700.0,60269863.5,derived_ohlc4
HOSE_GVR,GVR,2025-10-13 09:00:00,1792,1,27.51,28.54,27.46,28.1,3580700.0,99910481.74999999,derived_ohlc4
HOSE_GVR,GVR,2025-10-14 09:00:00,1793,1,28.35,28.35,27.41,27.46,2466800.0,68805219.0,derived_ohlc4
HOSE_GVR,GVR,2025-10-15 09:00:00,1794,1,27.46,27.66,26.87,27.06,2559800.0,69786547.5,derived_ohlc4
HOSE_GVR,GVR,2025-10-16 09:00:00,1795,1,27.21,27.31,26.72,26.82,3624800.0,97923972.0,derived_ohlc4
HOSE_GVR,GVR,2025-10-17 09:00:00,1796,1,27.01,27.26,26.72,26.72,2038900.0,54902479.75000001,derived_ohlc4
HOSE_GVR,GVR,2025-10-20 09:00:00,1797,1,26.62,26.92,24.89,24.89,3351500.0,86569245.0,derived_ohlc4
HOSE_GVR,GVR,2025-10-21 09:00:00,1798,1,24.65,25.54,24.16,25.04,3055400.0,75919051.49999999,derived_ohlc4
HOSE_GVR,GVR,2025-10-22 09:00:00,1799,1,25.34,26.13,25.19,26.13,2127900.0,54681710.24999999,derived_ohlc4
HOSE_GVR,GVR,2025-10-23 09:00:00,1800,1,26.32,26.37,25.73,25.73,872300.0,22712511.25,derived_ohlc4
HOSE_GVR,GVR,2025-10-24 09:00:00,1801,1,25.83,26.62,25.63,26.18,1636800.0,42663192.0,derived_ohlc4
HOSE_GVR,GVR,2025-10-27 09:00:00,1802,1,26.72,27.75,26.72,27.01,3939900.0,106574295.0,derived_ohlc4
HOSE_GVR,GVR,2025-10-28 09:00:00,1803,1,27.11,27.21,26.37,27.16,1413900.0,38122278.75,derived_ohlc4
HOSE_GVR,GVR,2025-10-29 09:00:00,1804,1,27.36,28.2,27.06,27.7,3912600.0,107909508.0,derived_ohlc4
HOSE_GVR,GVR,2025-10-30 09:00:00,1805,1,27.9,28.15,27.21,27.95,3349800.0,93132814.5,derived_ohlc4
HOSE_GVR,GVR,2025-10-31 09:00:00,1806,1,27.95,29.09,27.75,28.64,7002600.0,198576229.5,derived_ohlc4
HOSE_GVR,GVR,2025-11-03 09:00:00,1807,1,28.69,29.04,27.95,27.95,5166700.0,146773030.25,derived_ohlc4
HOSE_GVR,GVR,2025-11-04 09:00:00,1808,1,28.1,28.54,26.97,28.35,3723200.0,104212368.0,derived_ohlc4
HOSE_GVR,GVR,2025-11-05 09:00:00,1809,1,28.05,29.09,28.05,28.64,4804500.0,136724058.75,derived_ohlc4
HOSE_GVR,GVR,2025-11-06 09:00:00,1810,1,29.23,29.48,28.3,28.3,3783400.0,109065963.5,derived_ohlc4
HOSE_GVR,GVR,2025-11-07 09:00:00,1811,1,28.25,28.64,27.41,27.41,3195500.0,89242326.25,derived_ohlc4
HOSE_GVR,GVR,2025-11-10 09:00:00,1812,1,27.7,28.3,27.36,27.56,2280900.0,63249357.0,derived_ohlc4
HOSE_GVR,GVR,2025-11-11 09:00:00,1813,1,27.8,27.9,27.31,27.51,1510800.0,41743404.00000001,derived_ohlc4
HOSE_GVR,GVR,2025-11-12 09:00:00,1814,1,27.7,28.1,27.56,28.05,1674100.0,46627870.25,derived_ohlc4
HOSE_GVR,GVR,2025-11-13 09:00:00,1815,1,28.2,29.1,28.2,28.5,3905600.0,111309600.0,derived_ohlc4
HOSE_GVR,GVR,2025-11-14 09:00:00,1816,1,28.5,28.95,28.3,28.4,2269200.0,64757295.0,derived_ohlc4
HOSE_GVR,GVR,2025-11-17 09:00:00,1817,1,28.8,29.25,28.5,29.1,4627400.0,133789702.5,derived_ohlc4
HOSE_GVR,GVR,2025-11-18 09:00:00,1818,1,29.1,29.15,28.25,28.25,4239500.0,121620656.25,derived_ohlc4
HOSE_GVR,GVR,2025-11-19 09:00:00,1819,1,28.35,28.7,27.65,28.0,2915700.0,82149847.49999999,derived_ohlc4
HOSE_GVR,GVR,2025-11-20 09:00:00,1820,1,28.1,28.45,27.55,28.0,1872300.0,52471207.5,derived_ohlc4
HOSE_GVR,GVR,2025-11-21 09:00:00,1821,1,27.65,27.95,27.45,27.8,1915000.0,53069437.5,derived_ohlc4
HOSE_GVR,GVR,2025-11-24 09:00:00,1822,1,28.0,28.1,27.7,27.7,884600.0,24658225.0,derived_ohlc4
HOSE_GVR,GVR,2025-11-25 09:00:00,1823,1,27.6,28.1,27.0,27.1,2656500.0,72920925.00000001,derived_ohlc4
HOSE_GVR,GVR,2025-11-26 09:00:00,1824,1,27.15,27.8,27.15,27.5,1192000.0,32660800.0,derived_ohlc4
HOSE_GVR,GVR,2025-11-27 09:00:00,1825,1,27.55,27.9,27.5,27.9,1797500.0,49813218.75,derived_ohlc4
HOSE_GVR,GVR,2025-11-28 09:00:00,1826,1,27.9,27.9,27.25,27.3,2071100.0,57136471.25,derived_ohlc4
HOSE_GVR,GVR,2025-12-01 09:00:00,1827,1,27.35,27.6,26.7,26.7,1889700.0,51187248.75000001,derived_ohlc4
HOSE_GVR,GVR,2025-12-02 09:00:00,1828,1,26.4,27.8,26.4,27.75,2666600.0,72231527.5,derived_ohlc4
HOSE_GVR,GVR,2025-12-03 09:00:00,1829,1,27.75,27.9,27.45,27.7,2066500.0,57242050.0,derived_ohlc4
HOSE_GVR,GVR,2025-12-04 09:00:00,1830,1,27.7,28.3,27.7,27.85,2234700.0,62320196.25000001,derived_ohlc4
HOSE_GVR,GVR,2025-12-05 09:00:00,1831,1,28.0,28.0,27.2,27.4,3578600.0,98948290.0,derived_ohlc4
HOSE_GVR,GVR,2025-12-08 09:00:00,1832,1,27.45,27.55,26.8,26.95,3507000.0,95346562.5,derived_ohlc4
HOSE_GVR,GVR,2025-12-09 09:00:00,1833,1,26.9,27.15,26.55,26.9,2669000.0,71729375.0,derived_ohlc4
HOSE_GVR,GVR,2025-12-10 09:00:00,1834,1,26.8,27.1,26.75,26.75,1098300.0,29489355.0,derived_ohlc4
HOSE_GVR,GVR,2025-12-11 09:00:00,1835,1,26.8,27.0,26.6,26.65,1028300.0,27519878.750000004,derived_ohlc4
HOSE_GVR,GVR,2025-12-12 09:00:00,1836,1,26.7,26.8,25.1,25.3,2898000.0,75275550.0,derived_ohlc4
HOSE_GVR,GVR,2025-12-15 09:00:00,1837,1,25.3,26.0,25.25,25.6,1872800.0,47826630.0,derived_ohlc4
HOSE_GVR,GVR,2025-12-16 09:00:00,1838,1,25.8,26.5,25.6,26.5,1904800.0,49715280.0,derived_ohlc4
HOSE_GVR,GVR,2025-12-17 09:00:00,1839,1,26.5,26.65,26.2,26.3,1757900.0,46430533.74999999,derived_ohlc4
HOSE_GVR,GVR,2025-12-18 09:00:00,1840,1,26.3,26.65,26.2,26.55,1115700.0,29482372.5,derived_ohlc4
HOSE_GVR,GVR,2025-12-19 09:00:00,1841,1,26.5,26.75,26.45,26.45,855000.0,22689562.5,derived_ohlc4
HOSE_GVR,GVR,2025-12-22 09:00:00,1842,1,26.45,26.8,26.45,26.6,1127300.0,29957997.500000004,derived_ohlc4
HOSE_GVR,GVR,2025-12-23 09:00:00,1843,1,26.65,26.85,26.25,26.25,1072000.0,28408000.0,derived_ohlc4
HOSE_GVR,GVR,2025-12-24 09:00:00,1844,1,26.4,26.6,25.9,26.0,1436000.0,37659100.0,derived_ohlc4
HOSE_GVR,GVR,2025-12-25 09:00:00,1845,1,26.0,26.25,25.65,25.65,1031900.0,26713311.250000004,derived_ohlc4
HOSE_GVR,GVR,2025-12-26 09:00:00,1846,1,25.55,25.95,25.2,25.5,1406500.0,35936075.0,derived_ohlc4
HOSE_GVR,GVR,2025-12-29 09:00:00,1847,1,25.6,26.2,25.6,26.0,1106300.0,28597855.0,derived_ohlc4
HOSE_GVR,GVR,2025-12-30 09:00:00,1848,1,26.2,26.9,26.15,26.6,2111300.0,55870276.25,derived_ohlc4
HOSE_GVR,GVR,2025-12-31 09:00:00,1849,1,26.6,26.8,26.2,26.2,1021300.0,27013385.000000004,derived_ohlc4
HOSE_GVR,GVR,2026-01-05 09:00:00,1850,1,26.2,26.45,25.5,25.75,1408600.0,36588385.0,derived_ohlc4
HOSE_GVR,GVR,2026-01-06 09:00:00,1851,1,25.85,27.55,25.85,27.55,4061800.0,108450060.0,derived_ohlc4
HOSE_GVR,GVR,2026-01-07 09:00:00,1852,1,28.55,29.45,28.5,29.45,13681500.0,396592481.25,derived_ohlc4
HOSE_GVR,GVR,2026-01-08 09:00:00,1853,1,30.9,30.9,29.6,30.05,10234200.0,310735897.5,derived_ohlc4
HOSE_GVR,GVR,2026-01-09 09:00:00,1854,1,30.4,32.0,30.3,31.6,9394000.0,291918550.0,derived_ohlc4
HOSE_GVR,GVR,2026-01-12 09:00:00,1855,1,32.3,32.95,31.0,32.2,8946600.0,287297692.5,derived_ohlc4
HOSE_GVR,GVR,2026-01-13 09:00:00,1856,1,32.1,34.45,31.55,34.0,14389700.0,475219842.50000006,derived_ohlc4
HOSE_GVR,GVR,2026-01-14 09:00:00,1857,1,34.3,36.35,33.7,36.35,14095400.0,495805695.00000006,derived_ohlc4
HOSE_GVR,GVR,2026-01-15 09:00:00,1858,1,36.35,38.85,35.8,37.35,11037100.0,409338446.25,derived_ohlc4
HOSE_GVR,GVR,2026-01-16 09:00:00,1859,1,37.4,38.5,35.55,35.9,8596200.0,316662517.5,derived_ohlc4
HOSE_GVR,GVR,2026-01-19 09:00:00,1860,1,36.0,38.4,35.95,38.0,9356800.0,347020320.00000006,derived_ohlc4
HOSE_GVR,GVR,2026-01-20 09:00:00,1861,1,39.2,40.65,37.6,39.0,10142500.0,396698531.25,derived_ohlc4
HOSE_GVR,GVR,2026-01-21 09:00:00,1862,1,38.0,39.5,36.5,38.5,8356100.0,318576312.5,derived_ohlc4
HOSE_GVR,GVR,2026-01-22 09:00:00,1863,1,39.05,40.8,38.5,39.0,7081600.0,278572440.0,derived_ohlc4
HOSE_GVR,GVR,2026-01-23 09:00:00,1864,1,38.55,38.85,36.6,36.9,6548400.0,247038390.0,derived_ohlc4
HOSE_GVR,GVR,2026-01-26 09:00:00,1865,1,36.65,39.35,36.65,38.65,8681600.0,328381520.0,derived_ohlc4
HOSE_GVR,GVR,2026-01-27 09:00:00,1866,1,38.7,40.6,38.4,39.85,8227600.0,324064595.0,derived_ohlc4
HOSE_GVR,GVR,2026-01-28 09:00:00,1867,1,41.15,42.4,38.2,38.2,13817900.0,552543276.25,derived_ohlc4
HOSE_GVR,GVR,2026-01-29 09:00:00,1868,1,38.2,40.85,37.9,40.85,9435700.0,372238365.0,derived_ohlc4
HOSE_GVR,GVR,2026-01-30 09:00:00,1869,1,40.85,41.8,39.65,39.85,6315900.0,256030796.25,derived_ohlc4
HOSE_GVR,GVR,2026-02-02 09:00:00,1870,1,40.0,41.8,39.65,41.8,8064000.0,329112000.0,derived_ohlc4
HOSE_GVR,GVR,2026-02-03 09:00:00,1871,1,42.0,43.8,41.0,42.8,9200800.0,390113920.0,derived_ohlc4
HOSE_GVR,GVR,2026-02-04 09:00:00,1872,1,42.6,43.0,40.5,41.7,6342400.0,266063680.00000003,derived_ohlc4
HOSE_GVR,GVR,2026-02-05 09:00:00,1873,1,41.7,41.7,40.0,40.0,6209000.0,253637650.0,derived_ohlc4
HOSE_GVR,GVR,2026-02-06 09:00:00,1874,1,39.0,40.85,38.85,39.0,5838700.0,230190747.49999997,derived_ohlc4
HOSE_GVR,GVR,2026-02-09 09:00:00,1875,1,39.5,39.7,38.6,38.65,2801400.0,109569757.50000001,derived_ohlc4
HOSE_GVR,GVR,2026-02-10 09:00:00,1876,1,38.0,38.9,35.95,35.95,10816400.0,402370080.00000006,derived_ohlc4
HOSE_GVR,GVR,2026-02-11 09:00:00,1877,1,35.95,36.8,35.2,35.3,5445000.0,194999062.5,derived_ohlc4
HOSE_GVR,GVR,2026-02-12 09:00:00,1878,1,36.0,36.2,35.3,35.35,2433900.0,86920653.75,derived_ohlc4
HOSE_GVR,GVR,2026-02-13 09:00:00,1879,1,35.5,36.4,35.1,36.4,3173000.0,113752050.0,derived_ohlc4
HOSE_GVR,GVR,2026-02-23 09:00:00,1880,1,37.5,38.9,37.0,38.9,2792600.0,106328245.00000001,derived_ohlc4
HOSE_GVR,GVR,2026-02-24 09:00:00,1881,1,39.55,40.3,39.05,39.45,8201000.0,324657087.5,derived_ohlc4
HOSE_GVR,GVR,2026-02-25 09:00:00,1882,1,39.8,42.2,39.5,42.2,11972300.0,489966377.49999994,derived_ohlc4
HOSE_GVR,GVR,2026-02-26 09:00:00,1883,1,42.6,42.9,40.05,40.8,6612100.0,274980708.75,derived_ohlc4
HOSE_GVR,GVR,2026-02-27 09:00:00,1884,1,40.8,42.3,39.8,40.0,6357900.0,258925477.49999997,derived_ohlc4
HOSE_GVR,GVR,2026-03-02 09:00:00,1885,1,38.8,42.8,37.5,42.8,16546200.0,669707444.9999999,derived_ohlc4
HOSE_GVR,GVR,2026-03-03 09:00:00,1886,1,44.4,45.75,41.2,45.75,11766100.0,520944077.50000006,derived_ohlc4
HOSE_GVR,GVR,2026-03-04 09:00:00,1887,1,46.0,46.5,42.8,43.6,8585300.0,383977542.5,derived_ohlc4
HOSE_GVR,GVR,2026-03-05 09:00:00,1888,1,42.6,42.9,40.55,40.55,7891200.0,328668480.0,derived_ohlc4
HOSE_GVR,GVR,2026-03-06 09:00:00,1889,1,39.65,41.1,37.75,37.75,8579500.0,335136718.75,derived_ohlc4
HOSE_GVR,GVR,2026-03-09 09:00:00,1890,1,35.15,35.15,35.15,35.15,1767500.0,62127625.0,derived_ohlc4
HOSE_GVR,GVR,2026-03-10 09:00:00,1891,1,35.15,36.1,32.7,33.35,14546300.0,499301747.50000006,derived_ohlc4
HOSE_GVR,GVR,2026-03-11 09:00:00,1892,1,33.35,35.65,33.35,35.65,4178200.0,144147900.0,derived_ohlc4
HOSE_GVR,GVR,2026-03-12 09:00:00,1893,1,35.7,37.85,35.1,35.8,5803200.0,209568059.99999997,derived_ohlc4
HOSE_GVR,GVR,2026-03-13 09:00:00,1894,1,35.3,36.05,33.3,34.0,7857500.0,272360593.74999994,derived_ohlc4
HOSE_GVR,GVR,2026-03-16 09:00:00,1895,1,33.3,34.4,32.5,33.05,4862300.0,161975368.75,derived_ohlc4
HOSE_GVR,GVR,2026-03-17 09:00:00,1896,1,33.9,34.1,33.2,33.3,2762700.0,92895787.5,derived_ohlc4
HOSE_GVR,GVR,2026-03-18 09:00:00,1897,1,33.05,34.5,32.95,34.0,3530400.0,118709700.0,derived_ohlc4
HOSE_GVR,GVR,2026-03-19 09:00:00,1898,1,33.5,33.5,32.05,32.45,4199100.0,138045412.5,derived_ohlc4
HOSE_GVR,GVR,2026-03-20 09:00:00,1899,1,32.4,32.4,30.7,30.75,4793600.0,151298000.0,derived_ohlc4
HOSE_GVR,GVR,2026-03-23 09:00:00,1900,1,29.7,30.5,28.6,28.6,5932600.0,174121810.0,derived_ohlc4
HOSE_GVR,GVR,2026-03-24 09:00:00,1901,1,29.3,29.85,28.6,28.7,3819500.0,111195193.75,derived_ohlc4
HOSE_GVR,GVR,2026-03-25 09:00:00,1902,1,29.45,30.5,29.35,30.5,3946500.0,118197675.00000001,derived_ohlc4
HOSE_GVR,GVR,2026-03-26 09:00:00,1903,1,30.25,30.5,29.65,30.0,2429400.0,73124940.0,derived_ohlc4
HOSE_GVR,GVR,2026-03-27 09:00:00,1904,1,30.0,32.1,30.0,32.1,4463000.0,138576150.0,derived_ohlc4
HOSE_GVR,GVR,2026-03-30 09:00:00,1905,1,31.2,33.4,31.15,33.1,5368600.0,172936027.5,derived_ohlc4
HOSE_GVR,GVR,2026-03-31 09:00:00,1906,1,33.5,33.5,31.7,31.7,3647100.0,118895460.0,derived_ohlc4
HOSE_GVR,GVR,2026-04-01 09:00:00,1907,1,32.5,33.0,32.3,32.5,3228800.0,105178160.00000001,derived_ohlc4
HOSE_GVR,GVR,2026-04-02 09:00:00,1908,1,31.8,32.65,31.8,32.1,2491400.0,79942797.5,derived_ohlc4
HOSE_GVR,GVR,2026-04-03 09:00:00,1909,1,32.1,32.9,31.5,32.05,2702000.0,86835525.00000001,derived_ohlc4
HOSE_GVR,GVR,2026-04-06 09:00:00,1910,1,31.9,31.9,30.85,31.45,1823400.0,57482685.00000001,derived_ohlc4
HOSE_GVR,GVR,2026-04-07 09:00:00,1911,1,31.6,31.85,30.5,31.5,1758900.0,55163501.25,derived_ohlc4
HOSE_GVR,GVR,2026-04-08 09:00:00,1912,1,32.5,33.4,32.05,33.2,3915600.0,128382735.0,derived_ohlc4
HOSE_GVR,GVR,2026-04-09 09:00:00,1913,1,32.7,33.0,32.35,32.8,2438700.0,79775973.75000001,derived_ohlc4
HOSE_GVR,GVR,2026-04-10 09:00:00,1914,1,32.8,34.1,32.7,33.65,4553100.0,151675143.75,derived_ohlc4
HOSE_GVR,GVR,2026-04-13 09:00:00,1915,1,33.0,34.15,32.6,32.6,3696900.0,122321178.75,derived_ohlc4
HOSE_GVR,GVR,2026-04-14 09:00:00,1916,1,33.0,33.1,32.35,32.7,2532000.0,83017949.99999999,derived_ohlc4
HOSE_GVR,GVR,2026-04-15 09:00:00,1917,1,33.1,33.15,31.9,33.0,3427600.0,112382435.0,derived_ohlc4
HOSE_GVR,GVR,2026-04-16 09:00:00,1918,1,32.9,32.95,32.15,32.2,2608700.0,84913185.0,derived_ohlc4
HOSE_GVR,GVR,2026-04-17 09:00:00,1919,1,32.4,34.15,32.25,33.5,7670800.0,253711710.00000003,derived_ohlc4
HOSE_GVR,GVR,2026-04-20 09:00:00,1920,1,33.5,33.75,32.85,33.0,2060200.0,68553155.0,derived_ohlc4
HOSE_GVR,GVR,2026-04-21 09:00:00,1921,1,33.0,33.2,32.45,32.65,2498000.0,81996850.0,derived_ohlc4
HOSE_GVR,GVR,2026-04-22 09:00:00,1922,1,32.8,32.8,32.2,32.75,1974400.0,64439480.00000001,derived_ohlc4
HOSE_GVR,GVR,2026-04-23 09:00:00,1923,1,32.9,33.45,32.1,32.6,2807500.0,91980718.74999999,derived_ohlc4
HOSE_GVR,GVR,2026-04-24 09:00:00,1924,1,32.7,33.5,32.7,33.35,3028100.0,100116556.25,derived_ohlc4
HOSE_GVR,GVR,2026-04-28 09:00:00,1925,1,33.3,33.4,32.3,33.0,2409800.0,79523400.0,derived_ohlc4
HOSE_GVR,GVR,2026-04-29 09:00:00,1926,1,32.85,34.3,32.5,33.7,4047300.0,134926863.75000003,derived_ohlc4
HOSE_GVR,GVR,2026-05-04 09:00:00,1927,1,34.2,36.05,33.8,36.05,8648600.0,302917215.0,derived_ohlc4
HOSE_GVR,GVR,2026-05-05 09:00:00,1928,1,36.1,36.45,34.7,35.2,3995600.0,142293305.00000003,derived_ohlc4
HOSE_GVR,GVR,2026-05-06 09:00:00,1929,1,35.3,35.95,34.9,35.8,4387700.0,155708503.75,derived_ohlc4
HOSE_GVR,GVR,2026-05-07 09:00:00,1930,1,35.8,36.9,35.25,35.85,5267800.0,189377409.99999997,derived_ohlc4
HOSE_GVR,GVR,2026-05-08 09:00:00,1931,1,35.85,36.6,34.95,35.7,3718400.0,133025760.00000001,derived_ohlc4
HOSE_GVR,GVR,2026-05-11 09:00:00,1932,1,35.9,35.9,34.65,34.75,4902100.0,173044130.0,derived_ohlc4
HOSE_GVR,GVR,2026-05-12 09:00:00,1933,1,34.8,36.45,34.2,36.3,4448700.0,157650806.25,derived_ohlc4
HOSE_GVR,GVR,2026-05-13 09:00:00,1934,1,36.4,37.8,36.3,36.8,6025700.0,221896402.49999997,derived_ohlc4
HOSE_GVR,GVR,2026-05-14 09:00:00,1935,1,37.1,37.2,36.1,36.2,2812800.0,103089120.00000001,derived_ohlc4
HOSE_GVR,GVR,2026-05-15 09:00:00,1936,1,36.8,37.85,36.5,37.75,6754600.0,251439985.0,derived_ohlc4
HOSE_GVR,GVR,2026-05-18 09:00:00,1937,1,37.7,40.0,37.0,39.3,5789400.0,222891900.0,derived_ohlc4
HOSE_GVR,GVR,2026-05-19 09:00:00,1938,1,39.6,39.6,36.55,36.55,8321000.0,316822075.0,derived_ohlc4
HOSE_GVR,GVR,2026-05-20 09:00:00,1939,1,35.95,37.8,34.0,37.6,8781200.0,319086855.0,derived_ohlc4
HOSE_GVR,GVR,2026-05-21 09:00:00,1940,1,37.65,37.95,36.0,36.2,2582700.0,95430765.0,derived_ohlc4
HOSE_GVR,GVR,2026-05-22 09:00:00,1941,1,36.5,36.5,35.2,35.3,2908400.0,104338850.0,derived_ohlc4
HOSE_GVR,GVR,2026-05-25 09:00:00,1942,1,34.95,35.3,34.3,34.3,2522300.0,87555338.75,derived_ohlc4
HOSE_GVR,GVR,2026-05-26 09:00:00,1943,1,34.65,35.3,34.35,35.15,1557200.0,54287884.99999999,derived_ohlc4
HOSE_GVR,GVR,2026-05-27 09:00:00,1944,1,35.5,35.5,34.35,34.8,2334400.0,81791539.99999999,derived_ohlc4
HOSE_GVR,GVR,2026-05-28 09:00:00,1945,1,34.55,35.3,34.25,34.35,2688300.0,93048783.74999999,derived_ohlc4
HOSE_GVR,GVR,2026-05-29 09:00:00,1946,1,34.55,35.0,33.8,34.9,3248500.0,112276281.25,derived_ohlc4
HOSE_GVR,GVR,2026-06-01 09:00:00,1947,1,35.25,35.7,34.85,35.05,2044700.0,71998998.75000001,derived_ohlc4
HOSE_GVR,GVR,2026-06-02 09:00:00,1948,1,35.05,35.05,34.2,34.6,1757800.0,61039605.0,derived_ohlc4
HOSE_GVR,GVR,2026-06-03 09:00:00,1949,1,34.25,35.0,34.25,34.65,1330200.0,45941782.5,derived_ohlc4
HOSE_GVR,GVR,2026-06-04 09:00:00,1950,1,34.9,36.0,34.9,35.35,2947200.0,103999320.0,derived_ohlc4
HOSE_GVR,GVR,2026-06-05 09:00:00,1951,1,35.6,35.6,34.7,34.8,2075500.0,73005712.5,derived_ohlc4
HOSE_GVR,GVR,2026-06-08 09:00:00,1952,1,34.2,34.75,33.2,33.5,4176100.0,141621991.25,derived_ohlc4
HOSE_GVR,GVR,2026-06-09 09:00:00,1953,1,33.25,33.9,33.0,33.4,2036300.0,67986966.25,derived_ohlc4
HOSE_GVR,GVR,2026-06-10 09:00:00,1954,1,33.25,34.1,33.25,33.95,1361500.0,45797456.25000001,derived_ohlc4
HOSE_GVR,GVR,2026-06-11 09:00:00,1955,1,33.5,35.4,33.5,35.4,5014200.0,172739190.0,derived_ohlc4
HOSE_GVR,GVR,2026-06-12 09:00:00,1956,1,35.5,35.6,34.75,35.0,1481200.0,52156755.0,derived_ohlc4
HOSE_GVR,GVR,2026-06-15 09:00:00,1957,1,35.4,35.9,34.95,35.3,1964200.0,69508127.5,derived_ohlc4
HOSE_GVR,GVR,2026-06-16 09:00:00,1958,1,35.7,35.8,35.05,35.3,1740800.0,61733120.0,derived_ohlc4
HOSE_GVR,GVR,2026-06-17 09:00:00,1959,1,35.4,35.85,35.2,35.55,1940400.0,68884200.0,derived_ohlc4
HOSE_GVR,GVR,2026-06-18 09:00:00,1960,1,35.6,36.2,35.45,35.55,2554000.0,91177800.0,derived_ohlc4
HOSE_GVR,GVR,2026-06-19 09:00:00,1961,1,35.55,35.55,34.6,35.1,2075600.0,73061119.99999999,derived_ohlc4
HOSE_GVR,GVR,2026-06-22 09:00:00,1962,1,35.0,35.1,34.3,34.5,2204200.0,76540844.99999999,derived_ohlc4
HOSE_GVR,GVR,2026-06-23 09:00:00,1963,1,34.7,34.95,33.5,33.55,3035700.0,103745047.49999999,derived_ohlc4
HOSE_GVR,GVR,2026-06-24 09:00:00,1964,1,33.6,33.75,32.6,33.65,2912800.0,97287520.0,derived_ohlc4
HOSE_GVR,GVR,2026-06-25 09:00:00,1965,1,33.65,33.65,32.9,33.1,1238200.0,41263014.99999999,derived_ohlc4
HOSE_GVR,GVR,2026-06-26 09:00:00,1966,1,32.8,33.2,32.05,32.1,2752100.0,89546453.75,derived_ohlc4
HOSE_GVR,GVR,2026-06-29 09:00:00,1967,1,32.1,32.65,32.05,32.6,1216700.0,39360245.0,derived_ohlc4
HOSE_GVR,GVR,2026-06-30 09:00:00,1968,1,32.85,33.1,32.7,32.8,1406600.0,46224392.49999999,derived_ohlc4
HOSE_GVR,GVR,2026-07-01 09:00:00,1969,1,32.9,33.2,32.8,33.15,1373400.0,45339367.49999999,derived_ohlc4
HOSE_GVR,GVR,2026-07-02 09:00:00,1970,1,33.15,33.6,33.0,33.0,1562700.0,51862106.25,derived_ohlc4
HOSE_GVR,GVR,2026-07-03 09:00:00,1971,1,33.0,33.15,32.5,32.5,1487500.0,48771406.25,derived_ohlc4
HOSE_GVR,GVR,2026-07-06 09:00:00,1972,1,32.6,32.65,30.5,31.0,2561300.0,81161193.75,derived_ohlc4
HOSE_GVR,GVR,2026-07-07 09:00:00,1973,1,31.0,31.6,30.6,31.45,1970000.0,61390125.0,derived_ohlc4
HOSE_GVR,GVR,2026-07-08 09:00:00,1974,1,31.55,31.85,31.1,31.5,1083200.0,34120800.0,derived_ohlc4
HOSE_GVR,GVR,2026-07-09 09:00:00,1975,1,31.7,32.0,31.5,31.5,1088100.0,34465567.5,derived_ohlc4
HOSE_GVR,GVR,2026-07-10 09:00:00,1976,1,31.5,31.6,30.6,30.6,1002000.0,31137150.000000004,derived_ohlc4
HOSE_GVR,GVR,2026-07-13 09:00:00,1977,1,30.7,30.9,29.3,29.5,1978500.0,59552849.99999999,derived_ohlc4
HOSE_GVR,GVR,2026-07-14 09:00:00,1978,1,29.7,30.6,29.7,30.5,1379100.0,41545387.5,derived_ohlc4
HOSE_GVR,GVR,2026-07-15 09:00:00,1979,1,30.6,30.7,30.0,30.1,1005100.0,30504785.0,derived_ohlc4
HOSE_GVR,GVR,2026-07-16 09:00:00,1980,1,30.1,30.45,29.25,30.25,1225400.0,36777317.5,derived_ohlc4
HOSE_GVR,GVR,2026-07-17 09:00:00,1981,1,30.4,30.4,29.6,29.7,805000.0,24170125.0,derived_ohlc4
HOSE_GVR,GVR,2026-07-20 09:00:00,1982,1,29.7,29.7,27.9,27.9,1635100.0,47090879.99999999,derived_ohlc4
HOSE_GVR,GVR,2026-07-21 09:00:00,1983,1,27.9,28.4,27.2,27.35,993500.0,27532368.75,derived_ohlc4
HOSE_GVR,GVR,2026-07-22 09:00:00,1984,1,27.1,28.15,27.1,27.15,1768300.0,48407212.5,derived_ohlc4
HOSE_GVR,GVR,2026-07-23 09:00:00,1985,1,27.55,27.85,26.1,27.1,2528200.0,68640630.0,derived_ohlc4
HOSE_GVR,GVR,2026-07-24 09:00:00,1986,1,27.05,27.1,26.2,26.2,1312600.0,34964382.50000001,derived_ohlc4
HOSE_GVR,GVR,2026-07-27 09:00:00,1987,1,26.3,26.95,26.0,26.0,1547600.0,40721225.0,derived_ohlc4
HOSE_GVR,GVR,2026-07-28 09:00:00,1988,1,25.85,26.85,25.55,26.35,1180100.0,30859615.0,derived_ohlc4
HOSE_GVR,GVR,2026-07-29 09:00:00,1989,1,26.5,26.75,26.3,26.75,1239700.0,32945027.5,derived_ohlc4
HOSE_GVR,GVR,2026-07-30 09:00:00,1990,1,26.75,27.9,26.75,27.55,1627200.0,44320860.0,derived_ohlc4
HOSE_GVR,GVR,2026-07-31 09:00:00,1991,1,27.9,28.4,27.5,27.5,2216700.0,61679677.5,derived_ohlc4
HOSE_GVR,GVR,2026-08-03 09:00:00,1992,1,27.7,28.5,27.65,28.2,1804000.0,50534550.0,derived_ohlc4
HOSE_GVR,GVR,2026-08-04 09:00:00,1993,1,28.3,28.6,28.05,28.5,1402200.0,39769897.5,derived_ohlc4
HOSE_GVR,GVR,2026-08-05 09:00:00,1994,1,28.65,28.75,28.05,28.15,1300700.0,36939880.0,derived_ohlc4
HOSE_GVR,GVR,2026-08-06 09:00:00,1995,1,28.15,28.3,27.75,27.85,1138800.0,31900635.000000004,derived_ohlc4
HOSE_GVR,GVR,2026-08-07 09:00:00,1996,1,28.25,29.75,28.2,29.75,2129200.0,61720185.0,derived_ohlc4
