security_id,symbol,timestamps,session_id,segment_id,open,high,low,close,volume,amount,amount_source
HOSE_HPG,HPG,2018-08-09 09:00:00,0,0,8.74,8.81,8.64,8.65,4586550,39948850.50000001,derived_ohlc4
HOSE_HPG,HPG,2018-08-10 09:00:00,1,0,8.63,8.78,8.63,8.76,4206330,36595071.0,derived_ohlc4
HOSE_HPG,HPG,2018-08-13 09:00:00,2,0,8.74,9.08,8.69,9.07,11400140,101404245.3,derived_ohlc4
HOSE_HPG,HPG,2018-08-14 09:00:00,3,0,9.12,9.21,9.06,9.12,5313160,48495867.9,derived_ohlc4
HOSE_HPG,HPG,2018-08-15 09:00:00,4,0,9.12,9.17,8.83,8.88,4685310,42167790.0,derived_ohlc4
HOSE_HPG,HPG,2018-08-16 09:00:00,5,0,8.76,8.93,8.75,8.88,6993170,61749691.1,derived_ohlc4
HOSE_HPG,HPG,2018-08-17 09:00:00,6,0,8.97,9.04,8.87,8.93,3745240,33529261.099999994,derived_ohlc4
HOSE_HPG,HPG,2018-08-20 09:00:00,7,0,8.93,8.93,8.8,8.82,3542590,31422773.300000004,derived_ohlc4
HOSE_HPG,HPG,2018-08-21 09:00:00,8,0,8.78,8.88,8.77,8.88,3423060,30217062.150000002,derived_ohlc4
HOSE_HPG,HPG,2018-08-22 09:00:00,9,0,8.9,9.09,8.87,9.0,6056930,54300377.449999996,derived_ohlc4
HOSE_HPG,HPG,2018-08-23 09:00:00,10,0,8.97,9.08,8.97,9.02,3848180,34672101.800000004,derived_ohlc4
HOSE_HPG,HPG,2018-08-24 09:00:00,11,0,9.0,9.09,8.95,9.08,5677060,51263851.8,derived_ohlc4
HOSE_HPG,HPG,2018-08-27 09:00:00,12,0,9.14,9.3,9.12,9.22,5469600,50292972.0,derived_ohlc4
HOSE_HPG,HPG,2018-08-28 09:00:00,13,0,9.23,9.52,9.23,9.45,11013110,103055176.825,derived_ohlc4
HOSE_HPG,HPG,2018-08-29 09:00:00,14,0,9.47,9.62,9.38,9.38,6878210,65085062.125,derived_ohlc4
HOSE_HPG,HPG,2018-08-30 09:00:00,15,0,9.38,9.42,9.27,9.39,6445830,60365197.95,derived_ohlc4
HOSE_HPG,HPG,2018-08-31 09:00:00,16,0,9.42,9.55,9.38,9.46,6134410,57985510.525000006,derived_ohlc4
HOSE_HPG,HPG,2018-09-04 09:00:00,17,0,9.4,9.45,9.23,9.23,4474530,41736178.575,derived_ohlc4
HOSE_HPG,HPG,2018-09-05 09:00:00,18,0,9.19,9.29,9.12,9.14,4632970,42553829.449999996,derived_ohlc4
HOSE_HPG,HPG,2018-09-06 09:00:00,19,0,9.14,9.28,9.12,9.15,4485480,41143065.3,derived_ohlc4
HOSE_HPG,HPG,2018-09-07 09:00:00,20,0,9.14,9.42,9.14,9.4,5407420,50153820.5,derived_ohlc4
HOSE_HPG,HPG,2018-09-10 09:00:00,21,0,9.39,9.42,9.28,9.28,2575640,24062916.700000003,derived_ohlc4
HOSE_HPG,HPG,2018-09-11 09:00:00,22,0,9.24,9.52,9.24,9.47,6918510,64809142.425,derived_ohlc4
HOSE_HPG,HPG,2018-09-12 09:00:00,23,0,9.49,9.53,9.35,9.35,5608340,52886646.199999996,derived_ohlc4
HOSE_HPG,HPG,2018-09-13 09:00:00,24,0,9.4,9.53,9.35,9.41,4751230,44768464.675,derived_ohlc4
HOSE_HPG,HPG,2018-09-14 09:00:00,25,0,9.42,9.48,9.35,9.35,4652530,43733782.0,derived_ohlc4
HOSE_HPG,HPG,2018-09-17 09:00:00,26,0,9.3,9.39,9.27,9.34,2372700,22125427.5,derived_ohlc4
HOSE_HPG,HPG,2018-09-18 09:00:00,27,0,9.28,9.34,9.19,9.34,7281960,67631203.49999999,derived_ohlc4
HOSE_HPG,HPG,2018-09-19 09:00:00,28,0,9.42,9.45,9.38,9.39,4490210,42252876.1,derived_ohlc4
HOSE_HPG,HPG,2018-09-20 09:00:00,29,0,9.45,9.68,9.4,9.68,9974190,95278449.97500001,derived_ohlc4
HOSE_HPG,HPG,2018-09-21 09:00:00,30,0,9.71,9.8,9.62,9.78,14273500,138845471.25,derived_ohlc4
HOSE_HPG,HPG,2018-09-24 09:00:00,31,0,9.87,9.87,9.73,9.78,4430010,43469473.125,derived_ohlc4
HOSE_HPG,HPG,2018-09-25 09:00:00,32,0,9.71,9.8,9.67,9.77,4476220,43587192.25,derived_ohlc4
HOSE_HPG,HPG,2018-09-26 09:00:00,33,0,9.77,9.81,9.71,9.71,5014340,48889815.0,derived_ohlc4
HOSE_HPG,HPG,2018-09-27 09:00:00,34,0,9.75,9.85,9.73,9.84,5592570,54765241.725,derived_ohlc4
HOSE_HPG,HPG,2018-09-28 09:00:00,35,0,9.85,10.03,9.82,10.02,9618060,95507335.8,derived_ohlc4
HOSE_HPG,HPG,2018-10-01 09:00:00,36,0,10.02,10.17,9.96,10.04,6816120,68484965.7,derived_ohlc4
HOSE_HPG,HPG,2018-10-02 09:00:00,37,0,9.88,9.96,9.74,9.78,10602070,104324368.80000001,derived_ohlc4
HOSE_HPG,HPG,2018-10-03 09:00:00,38,0,9.71,9.85,9.71,9.78,4992960,48743772.00000001,derived_ohlc4
HOSE_HPG,HPG,2018-10-04 09:00:00,39,0,9.75,9.8,9.68,9.8,11906470,116177381.025,derived_ohlc4
HOSE_HPG,HPG,2018-10-05 09:00:00,40,0,9.8,9.92,9.75,9.81,6048270,59394011.4,derived_ohlc4
HOSE_HPG,HPG,2018-10-08 09:00:00,41,0,9.75,9.81,9.72,9.75,3740940,36502222.050000004,derived_ohlc4
HOSE_HPG,HPG,2018-10-09 09:00:00,42,0,9.82,9.82,9.71,9.71,3708340,36211940.1,derived_ohlc4
HOSE_HPG,HPG,2018-10-10 09:00:00,43,0,9.73,9.88,9.7,9.8,6742900,65928704.75,derived_ohlc4
HOSE_HPG,HPG,2018-10-11 09:00:00,44,0,9.49,9.61,9.3,9.45,15991110,151315878.375,derived_ohlc4
HOSE_HPG,HPG,2018-10-12 09:00:00,45,0,9.33,9.66,9.33,9.66,6596990,62638420.050000004,derived_ohlc4
HOSE_HPG,HPG,2018-10-15 09:00:00,46,0,9.64,9.64,9.52,9.55,4218380,40443718.25,derived_ohlc4
HOSE_HPG,HPG,2018-10-16 09:00:00,47,0,9.55,9.65,9.55,9.65,2908510,27921696.000000004,derived_ohlc4
HOSE_HPG,HPG,2018-10-17 09:00:00,48,0,9.75,9.77,9.67,9.71,5125430,49844806.75,derived_ohlc4
HOSE_HPG,HPG,2018-10-18 09:00:00,49,0,9.71,9.74,9.64,9.71,4084530,39619941.00000001,derived_ohlc4
HOSE_HPG,HPG,2018-10-19 09:00:00,50,0,9.64,9.72,9.56,9.65,4992750,48142591.875,derived_ohlc4
HOSE_HPG,HPG,2018-10-22 09:00:00,51,0,9.66,9.7,9.49,9.49,2565350,24588879.750000004,derived_ohlc4
HOSE_HPG,HPG,2018-10-23 09:00:00,52,0,9.46,9.46,9.21,9.35,10012340,93815625.80000001,derived_ohlc4
HOSE_HPG,HPG,2018-10-24 09:00:00,53,0,9.28,9.45,9.28,9.28,5213790,48605557.275,derived_ohlc4
HOSE_HPG,HPG,2018-10-25 09:00:00,54,0,9.0,9.27,8.96,9.23,7241940,66010283.1,derived_ohlc4
HOSE_HPG,HPG,2018-10-26 09:00:00,55,0,9.3,9.38,9.21,9.21,5147210,47740372.75,derived_ohlc4
HOSE_HPG,HPG,2018-10-29 09:00:00,56,0,9.15,9.21,9.14,9.2,4460930,40929032.75,derived_ohlc4
HOSE_HPG,HPG,2018-10-30 09:00:00,57,0,9.14,9.32,9.14,9.16,2685010,24675241.900000002,derived_ohlc4
HOSE_HPG,HPG,2018-10-31 09:00:00,58,0,9.26,9.53,9.24,9.53,4239400,39807966.0,derived_ohlc4
HOSE_HPG,HPG,2018-11-01 09:00:00,59,0,9.45,9.46,9.33,9.38,2241010,21076699.05,derived_ohlc4
HOSE_HPG,HPG,2018-11-02 09:00:00,60,0,9.47,9.51,9.42,9.47,3595700,34042289.75,derived_ohlc4
HOSE_HPG,HPG,2018-11-05 09:00:00,61,0,9.38,9.47,9.35,9.47,2233570,21034645.475,derived_ohlc4
HOSE_HPG,HPG,2018-11-06 09:00:00,62,0,9.49,9.51,9.38,9.38,1700170,16049604.800000003,derived_ohlc4
HOSE_HPG,HPG,2018-11-07 09:00:00,63,0,9.38,9.42,9.27,9.27,2813620,26265142.700000003,derived_ohlc4
HOSE_HPG,HPG,2018-11-08 09:00:00,64,0,9.44,9.44,9.21,9.21,2801350,26122588.749999996,derived_ohlc4
HOSE_HPG,HPG,2018-11-09 09:00:00,65,0,9.14,9.2,8.9,8.9,5710610,51595361.35,derived_ohlc4
HOSE_HPG,HPG,2018-11-12 09:00:00,66,0,8.9,8.94,8.8,8.89,2803560,24902621.7,derived_ohlc4
HOSE_HPG,HPG,2018-11-13 09:00:00,67,0,8.76,8.83,8.71,8.74,5403540,47335010.4,derived_ohlc4
HOSE_HPG,HPG,2018-11-14 09:00:00,68,0,8.72,8.72,8.35,8.48,8274360,70890579.3,derived_ohlc4
HOSE_HPG,HPG,2018-11-15 09:00:00,69,0,8.4,8.51,8.23,8.29,6829060,57073868.95,derived_ohlc4
HOSE_HPG,HPG,2018-11-16 09:00:00,70,0,8.4,8.45,8.3,8.33,2321900,19434303.000000004,derived_ohlc4
HOSE_HPG,HPG,2018-11-19 09:00:00,71,0,8.4,8.48,8.32,8.39,1664620,13978646.450000001,derived_ohlc4
HOSE_HPG,HPG,2018-11-20 09:00:00,72,0,8.43,8.68,8.38,8.64,5710000,48720575.0,derived_ohlc4
HOSE_HPG,HPG,2018-11-21 09:00:00,73,0,8.54,8.71,8.52,8.64,3805730,32738792.324999996,derived_ohlc4
HOSE_HPG,HPG,2018-11-22 09:00:00,74,0,8.66,8.7,8.48,8.48,2743490,23539144.2,derived_ohlc4
HOSE_HPG,HPG,2018-11-23 09:00:00,75,0,8.48,8.52,8.4,8.42,2056060,17383987.3,derived_ohlc4
HOSE_HPG,HPG,2018-11-26 09:00:00,76,0,8.43,8.57,8.42,8.43,2477200,20963305.0,derived_ohlc4
HOSE_HPG,HPG,2018-11-27 09:00:00,77,0,8.48,8.57,8.43,8.43,1896260,16075544.149999999,derived_ohlc4
HOSE_HPG,HPG,2018-11-28 09:00:00,78,0,8.45,8.49,8.27,8.33,4090120,34295656.199999996,derived_ohlc4
HOSE_HPG,HPG,2018-11-29 09:00:00,79,0,8.38,8.44,8.1,8.1,4059480,33511007.400000002,derived_ohlc4
HOSE_HPG,HPG,2018-11-30 09:00:00,80,0,8.05,8.05,7.86,7.86,7469210,59417565.55,derived_ohlc4
HOSE_HPG,HPG,2018-12-03 09:00:00,81,0,8.05,8.29,8.05,8.24,3769340,30748391.05,derived_ohlc4
HOSE_HPG,HPG,2018-12-04 09:00:00,82,0,8.29,8.33,8.11,8.19,4310860,35478377.8,derived_ohlc4
HOSE_HPG,HPG,2018-12-05 09:00:00,83,0,8.13,8.4,8.11,8.36,8092180,66760485.0,derived_ohlc4
HOSE_HPG,HPG,2018-12-06 09:00:00,84,0,8.31,8.38,8.17,8.19,4632240,38273883.0,derived_ohlc4
HOSE_HPG,HPG,2018-12-07 09:00:00,85,0,8.26,8.29,8.18,8.2,3363510,27690096.074999996,derived_ohlc4
HOSE_HPG,HPG,2018-12-10 09:00:00,86,0,8.17,8.19,7.97,7.99,5397970,43615597.6,derived_ohlc4
HOSE_HPG,HPG,2018-12-11 09:00:00,87,0,7.96,8.04,7.76,7.92,6978590,55270432.8,derived_ohlc4
HOSE_HPG,HPG,2018-12-12 09:00:00,88,0,7.93,7.99,7.81,7.96,3581530,28374671.425,derived_ohlc4
HOSE_HPG,HPG,2018-12-13 09:00:00,89,0,8.01,8.07,7.98,8.05,5480330,43993349.074999996,derived_ohlc4
HOSE_HPG,HPG,2018-12-14 09:00:00,90,0,8.04,8.04,7.91,7.93,3865790,30849004.2,derived_ohlc4
HOSE_HPG,HPG,2018-12-17 09:00:00,91,0,7.93,7.93,7.67,7.67,4480980,34951644.0,derived_ohlc4
HOSE_HPG,HPG,2018-12-18 09:00:00,92,0,7.5,7.59,7.26,7.36,8158460,60596961.65,derived_ohlc4
HOSE_HPG,HPG,2018-12-19 09:00:00,93,0,7.36,7.43,6.87,7.03,10969390,78677949.775,derived_ohlc4
HOSE_HPG,HPG,2018-12-20 09:00:00,94,0,7.01,7.14,6.94,7.09,6098080,42960973.6,derived_ohlc4
HOSE_HPG,HPG,2018-12-21 09:00:00,95,0,6.94,7.1,6.94,7.09,4460780,31303523.65,derived_ohlc4
HOSE_HPG,HPG,2018-12-24 09:00:00,96,0,7.09,7.22,7.09,7.22,3262070,23340110.849999998,derived_ohlc4
HOSE_HPG,HPG,2018-12-25 09:00:00,97,0,7.02,7.2,6.85,7.2,4800740,33929229.95,derived_ohlc4
HOSE_HPG,HPG,2018-12-26 09:00:00,98,0,7.2,7.2,7.04,7.17,3827010,27372689.025,derived_ohlc4
HOSE_HPG,HPG,2018-12-27 09:00:00,99,0,7.3,7.36,7.17,7.33,4873610,35528616.9,derived_ohlc4
HOSE_HPG,HPG,2018-12-28 09:00:00,100,0,7.29,7.33,7.22,7.33,7473800,54502686.5,derived_ohlc4
HOSE_HPG,HPG,2019-01-02 09:00:00,101,0,7.32,7.45,7.29,7.29,4196210,30789690.874999996,derived_ohlc4
HOSE_HPG,HPG,2019-01-03 09:00:00,102,0,7.28,7.32,6.98,6.98,6877510,49105421.400000006,derived_ohlc4
HOSE_HPG,HPG,2019-01-04 09:00:00,103,0,6.96,7.1,6.8,7.03,5841290,40728394.525,derived_ohlc4
HOSE_HPG,HPG,2019-01-07 09:00:00,104,0,7.17,7.18,6.9,6.95,2488920,17546886.0,derived_ohlc4
HOSE_HPG,HPG,2019-01-08 09:00:00,105,0,6.96,6.98,6.8,6.83,3150620,21715648.35,derived_ohlc4
HOSE_HPG,HPG,2019-01-09 09:00:00,106,0,6.87,7.06,6.87,6.98,1876020,13028958.9,derived_ohlc4
HOSE_HPG,HPG,2019-01-10 09:00:00,107,0,7.01,7.13,6.98,7.06,1783870,12567364.15,derived_ohlc4
HOSE_HPG,HPG,2019-01-11 09:00:00,108,0,7.06,7.08,6.95,6.95,2659370,18642183.7,derived_ohlc4
HOSE_HPG,HPG,2019-01-14 09:00:00,109,0,6.96,6.97,6.83,6.94,3226780,22345451.5,derived_ohlc4
HOSE_HPG,HPG,2019-01-15 09:00:00,110,0,6.94,7.01,6.9,6.94,2640430,18344387.425,derived_ohlc4
HOSE_HPG,HPG,2019-01-16 09:00:00,111,0,6.96,7.02,6.9,6.97,2981480,20758554.5,derived_ohlc4
HOSE_HPG,HPG,2019-01-17 09:00:00,112,0,6.97,6.97,6.84,6.84,1957850,13518954.25,derived_ohlc4
HOSE_HPG,HPG,2019-01-18 09:00:00,113,0,6.94,6.97,6.9,6.91,2120620,14695896.600000001,derived_ohlc4
HOSE_HPG,HPG,2019-01-21 09:00:00,114,0,6.94,7.04,6.91,7.0,1917140,13367258.65,derived_ohlc4
HOSE_HPG,HPG,2019-01-22 09:00:00,115,0,7.03,7.07,6.97,6.98,1665310,11677986.375,derived_ohlc4
HOSE_HPG,HPG,2019-01-23 09:00:00,116,0,6.96,7.2,6.95,7.11,3788700,26729278.5,derived_ohlc4
HOSE_HPG,HPG,2019-01-24 09:00:00,117,0,7.13,7.2,7.07,7.07,2387030,16989686.025,derived_ohlc4
HOSE_HPG,HPG,2019-01-25 09:00:00,118,0,7.1,7.13,7.0,7.03,1609890,11373872.850000001,derived_ohlc4
HOSE_HPG,HPG,2019-01-28 09:00:00,119,0,7.06,7.06,7.01,7.04,1711540,12053520.45,derived_ohlc4
HOSE_HPG,HPG,2019-01-29 09:00:00,120,0,7.07,7.07,6.98,7.03,1814550,12769895.625000002,derived_ohlc4
HOSE_HPG,HPG,2019-01-30 09:00:00,121,0,7.01,7.01,6.83,6.87,6765640,46885885.2,derived_ohlc4
HOSE_HPG,HPG,2019-01-31 09:00:00,122,0,6.87,6.9,6.53,6.56,7171640,48157562.6,derived_ohlc4
HOSE_HPG,HPG,2019-02-01 09:00:00,123,0,6.59,6.68,6.39,6.46,7100180,46364175.4,derived_ohlc4
HOSE_HPG,HPG,2019-02-11 09:00:00,124,0,6.55,6.84,6.53,6.84,2836470,18975984.3,derived_ohlc4
HOSE_HPG,HPG,2019-02-12 09:00:00,125,0,6.84,7.07,6.81,6.98,7952400,55070370.0,derived_ohlc4
HOSE_HPG,HPG,2019-02-13 09:00:00,126,0,6.98,7.36,6.98,7.32,11079510,79329291.60000001,derived_ohlc4
HOSE_HPG,HPG,2019-02-14 09:00:00,127,0,7.32,7.41,7.29,7.34,6455840,47385865.6,derived_ohlc4
HOSE_HPG,HPG,2019-02-15 09:00:00,128,0,7.34,7.69,7.29,7.48,9326200,69480190.0,derived_ohlc4
HOSE_HPG,HPG,2019-02-18 09:00:00,129,0,7.6,7.71,7.56,7.61,6374370,48572699.4,derived_ohlc4
HOSE_HPG,HPG,2019-02-19 09:00:00,130,0,7.68,7.69,7.49,7.5,5904440,44814699.6,derived_ohlc4
HOSE_HPG,HPG,2019-02-20 09:00:00,131,0,7.5,7.65,7.49,7.62,5878290,44469263.85,derived_ohlc4
HOSE_HPG,HPG,2019-02-21 09:00:00,132,0,7.65,7.74,7.55,7.74,6010110,46097543.7,derived_ohlc4
HOSE_HPG,HPG,2019-02-22 09:00:00,133,0,7.73,8.04,7.71,8.03,8269150,65140229.12499999,derived_ohlc4
HOSE_HPG,HPG,2019-02-25 09:00:00,134,0,8.16,8.42,8.1,8.24,11781980,96965695.4,derived_ohlc4
HOSE_HPG,HPG,2019-02-26 09:00:00,135,0,8.24,8.38,8.11,8.17,7383610,60730192.25,derived_ohlc4
HOSE_HPG,HPG,2019-02-27 09:00:00,136,0,8.27,8.27,8.09,8.14,4999180,40955782.15,derived_ohlc4
HOSE_HPG,HPG,2019-02-28 09:00:00,137,0,8.18,8.19,7.96,7.96,6952800,56126478.0,derived_ohlc4
HOSE_HPG,HPG,2019-03-01 09:00:00,138,0,7.96,8.11,7.96,8.11,4610790,37047697.65,derived_ohlc4
HOSE_HPG,HPG,2019-03-04 09:00:00,139,0,8.23,8.37,8.22,8.37,5020420,41656934.949999996,derived_ohlc4
HOSE_HPG,HPG,2019-03-05 09:00:00,140,0,8.31,8.43,8.27,8.3,5704900,47507554.75,derived_ohlc4
HOSE_HPG,HPG,2019-03-06 09:00:00,141,0,8.29,8.33,8.14,8.29,3373240,27871395.499999996,derived_ohlc4
HOSE_HPG,HPG,2019-03-07 09:00:00,142,0,8.29,8.3,8.07,8.07,4555440,37274887.800000004,derived_ohlc4
HOSE_HPG,HPG,2019-03-08 09:00:00,143,0,7.93,8.12,7.91,8.04,4654840,37238719.99999999,derived_ohlc4
HOSE_HPG,HPG,2019-03-11 09:00:00,144,0,8.05,8.1,7.96,8.0,4858680,39003053.7,derived_ohlc4
HOSE_HPG,HPG,2019-03-12 09:00:00,145,0,8.06,8.09,7.98,8.01,5262570,42284749.95,derived_ohlc4
HOSE_HPG,HPG,2019-03-13 09:00:00,146,0,8.05,8.13,8.03,8.13,3200950,25879680.750000004,derived_ohlc4
HOSE_HPG,HPG,2019-03-14 09:00:00,147,0,8.13,8.2,8.03,8.1,4482230,36373296.45,derived_ohlc4
HOSE_HPG,HPG,2019-03-15 09:00:00,148,0,7.79,7.84,7.54,7.55,17029640,130787635.19999999,derived_ohlc4
HOSE_HPG,HPG,2019-03-18 09:00:00,149,0,7.46,7.67,7.23,7.54,10578940,79077576.5,derived_ohlc4
HOSE_HPG,HPG,2019-03-19 09:00:00,150,0,7.53,7.56,7.36,7.55,7385900,55394250.0,derived_ohlc4
HOSE_HPG,HPG,2019-03-20 09:00:00,151,0,7.46,7.72,7.46,7.65,5625190,42596751.275,derived_ohlc4
HOSE_HPG,HPG,2019-03-21 09:00:00,152,0,7.65,7.68,7.56,7.58,2737980,20856562.65,derived_ohlc4
HOSE_HPG,HPG,2019-03-22 09:00:00,153,0,7.6,7.62,7.54,7.56,4192750,31781044.999999996,derived_ohlc4
HOSE_HPG,HPG,2019-03-25 09:00:00,154,0,7.36,7.49,7.36,7.43,3736290,27685908.900000002,derived_ohlc4
HOSE_HPG,HPG,2019-03-26 09:00:00,155,0,7.48,7.52,7.41,7.48,3515960,26273011.1,derived_ohlc4
HOSE_HPG,HPG,2019-03-27 09:00:00,156,0,7.55,7.66,7.49,7.66,2539450,19274425.500000004,derived_ohlc4
HOSE_HPG,HPG,2019-03-28 09:00:00,157,0,7.61,7.68,7.6,7.68,2513150,19206748.875,derived_ohlc4
HOSE_HPG,HPG,2019-03-29 09:00:00,158,0,7.71,7.74,7.55,7.62,6534270,50019836.85,derived_ohlc4
HOSE_HPG,HPG,2019-04-01 09:00:00,159,0,7.59,7.62,7.55,7.56,3670350,27821253.0,derived_ohlc4
HOSE_HPG,HPG,2019-04-02 09:00:00,160,0,7.62,7.64,7.56,7.6,1796860,13665120.3,derived_ohlc4
HOSE_HPG,HPG,2019-04-03 09:00:00,161,0,7.58,7.61,7.55,7.6,3775800,28639443.000000004,derived_ohlc4
HOSE_HPG,HPG,2019-04-04 09:00:00,162,0,7.61,7.67,7.58,7.67,2765210,21105465.325,derived_ohlc4
HOSE_HPG,HPG,2019-04-05 09:00:00,163,0,7.67,7.73,7.64,7.69,1836710,14110524.575000001,derived_ohlc4
HOSE_HPG,HPG,2019-04-08 09:00:00,164,0,7.69,7.73,7.65,7.67,1380890,10612139.65,derived_ohlc4
HOSE_HPG,HPG,2019-04-09 09:00:00,165,0,7.68,7.69,7.58,7.6,2884050,22026931.875000004,derived_ohlc4
HOSE_HPG,HPG,2019-04-10 09:00:00,166,0,7.58,7.59,7.49,7.56,2207380,16676755.899999999,derived_ohlc4
HOSE_HPG,HPG,2019-04-11 09:00:00,167,0,7.58,7.59,7.54,7.56,1516930,11479367.775,derived_ohlc4
HOSE_HPG,HPG,2019-04-12 09:00:00,168,0,7.56,7.59,7.54,7.59,1576930,11937360.1,derived_ohlc4
HOSE_HPG,HPG,2019-04-16 09:00:00,169,0,7.55,7.58,7.47,7.52,1546470,11644919.1,derived_ohlc4
HOSE_HPG,HPG,2019-04-17 09:00:00,170,0,7.52,7.54,7.46,7.48,1860340,13952550.0,derived_ohlc4
HOSE_HPG,HPG,2019-04-18 09:00:00,171,0,7.43,7.47,7.41,7.41,2388910,17749601.3,derived_ohlc4
HOSE_HPG,HPG,2019-04-19 09:00:00,172,0,7.42,7.5,7.42,7.48,1213930,9049848.15,derived_ohlc4
HOSE_HPG,HPG,2019-04-22 09:00:00,173,0,7.42,7.6,7.42,7.54,1823920,13670280.399999999,derived_ohlc4
HOSE_HPG,HPG,2019-04-23 09:00:00,174,0,7.58,7.58,7.54,7.55,1685950,12749996.875,derived_ohlc4
HOSE_HPG,HPG,2019-04-24 09:00:00,175,0,7.58,7.9,7.55,7.9,5801340,44858861.55,derived_ohlc4
HOSE_HPG,HPG,2019-04-25 09:00:00,176,0,7.93,7.97,7.81,7.84,4094750,32297340.624999996,derived_ohlc4
HOSE_HPG,HPG,2019-04-26 09:00:00,177,0,7.86,8.0,7.84,7.96,2820780,22326473.7,derived_ohlc4
HOSE_HPG,HPG,2019-05-02 09:00:00,178,0,7.98,8.05,7.88,8.05,3807620,30422883.8,derived_ohlc4
HOSE_HPG,HPG,2019-05-03 09:00:00,179,0,8.05,8.14,7.98,8.09,3495970,28194998.050000004,derived_ohlc4
HOSE_HPG,HPG,2019-05-06 09:00:00,180,0,7.91,8.0,7.86,7.92,4500050,35651646.125,derived_ohlc4
HOSE_HPG,HPG,2019-05-07 09:00:00,181,0,8.0,8.0,7.91,7.93,2820070,22447757.2,derived_ohlc4
HOSE_HPG,HPG,2019-05-08 09:00:00,182,0,7.87,7.88,7.81,7.85,2812600,22085941.499999996,derived_ohlc4
HOSE_HPG,HPG,2019-05-09 09:00:00,183,0,7.82,7.87,7.72,7.79,2112430,16476954.0,derived_ohlc4
HOSE_HPG,HPG,2019-05-10 09:00:00,184,0,7.84,7.86,7.72,7.78,1909270,14892306.0,derived_ohlc4
HOSE_HPG,HPG,2019-05-13 09:00:00,185,0,7.8,7.8,7.58,7.59,3810530,29312502.025,derived_ohlc4
HOSE_HPG,HPG,2019-05-14 09:00:00,186,0,7.5,7.67,7.5,7.67,1820770,13810540.450000001,derived_ohlc4
HOSE_HPG,HPG,2019-05-15 09:00:00,187,0,7.67,7.74,7.65,7.67,2537170,19491808.525000002,derived_ohlc4
HOSE_HPG,HPG,2019-05-16 09:00:00,188,0,7.68,7.74,7.65,7.65,1378610,10587724.799999999,derived_ohlc4
HOSE_HPG,HPG,2019-05-17 09:00:00,189,0,7.65,7.67,7.62,7.64,1491570,11403052.65,derived_ohlc4
HOSE_HPG,HPG,2019-05-20 09:00:00,190,0,7.64,7.82,7.64,7.76,2216410,17099603.15,derived_ohlc4
HOSE_HPG,HPG,2019-05-21 09:00:00,191,0,7.8,7.86,7.76,7.79,2147580,16756492.950000001,derived_ohlc4
HOSE_HPG,HPG,2019-05-22 09:00:00,192,0,7.81,7.91,7.79,7.81,2514350,19687360.499999996,derived_ohlc4
HOSE_HPG,HPG,2019-05-23 09:00:00,193,0,7.81,7.82,7.73,7.75,2533270,19702507.425,derived_ohlc4
HOSE_HPG,HPG,2019-05-24 09:00:00,194,0,7.69,7.73,7.61,7.61,3667800,28095348.0,derived_ohlc4
HOSE_HPG,HPG,2019-05-27 09:00:00,195,0,7.6,7.66,7.6,7.62,1699260,12948361.2,derived_ohlc4
HOSE_HPG,HPG,2019-05-28 09:00:00,196,0,7.69,7.69,7.59,7.59,2839040,21690265.599999998,derived_ohlc4
HOSE_HPG,HPG,2019-05-29 09:00:00,197,0,7.65,7.69,7.59,7.69,1660260,12709290.3,derived_ohlc4
HOSE_HPG,HPG,2019-05-30 09:00:00,198,0,7.69,7.69,7.56,7.58,4194290,32002432.700000003,derived_ohlc4
HOSE_HPG,HPG,2019-05-31 09:00:00,199,0,7.58,7.62,7.58,7.6,3394280,25779556.6,derived_ohlc4
HOSE_HPG,HPG,2019-06-03 09:00:00,200,0,7.59,7.6,7.43,7.46,12274790,92306420.8,derived_ohlc4
HOSE_HPG,HPG,2019-06-04 09:00:00,201,0,7.56,7.63,7.4,7.47,3337800,25083567.0,derived_ohlc4
HOSE_HPG,HPG,2019-06-05 09:00:00,202,0,7.5,7.6,7.29,7.32,2988710,22198643.525000002,derived_ohlc4
HOSE_HPG,HPG,2019-06-06 09:00:00,203,0,7.35,7.35,6.87,6.98,7082600,50552057.5,derived_ohlc4
HOSE_HPG,HPG,2019-06-07 09:00:00,204,0,7.07,7.16,7.03,7.06,5101320,36117345.6,derived_ohlc4
HOSE_HPG,HPG,2019-06-10 09:00:00,205,0,7.15,7.2,7.03,7.04,6567230,46660169.150000006,derived_ohlc4
HOSE_HPG,HPG,2019-06-11 09:00:00,206,0,7.07,7.14,6.98,7.07,4409100,31150291.5,derived_ohlc4
HOSE_HPG,HPG,2019-06-12 09:00:00,207,0,7.04,7.15,7.03,7.1,3132550,22178454.0,derived_ohlc4
HOSE_HPG,HPG,2019-06-13 09:00:00,208,0,7.2,7.2,7.04,7.07,2523260,17984535.650000002,derived_ohlc4
HOSE_HPG,HPG,2019-06-14 09:00:00,209,0,7.07,7.09,7.06,7.06,2068100,14621466.999999998,derived_ohlc4
HOSE_HPG,HPG,2019-06-17 09:00:00,210,0,7.06,7.07,6.9,6.9,3644160,25445347.2,derived_ohlc4
HOSE_HPG,HPG,2019-06-18 09:00:00,211,0,6.9,7.1,6.9,7.09,5058220,35394894.449999996,derived_ohlc4
HOSE_HPG,HPG,2019-06-19 09:00:00,212,0,7.34,7.34,7.16,7.34,8365940,61029532.3,derived_ohlc4
HOSE_HPG,HPG,2019-06-20 09:00:00,213,0,7.41,7.41,7.26,7.26,4370160,32055123.599999998,derived_ohlc4
HOSE_HPG,HPG,2019-06-21 09:00:00,214,0,7.35,7.35,7.26,7.29,4429070,32387574.375,derived_ohlc4
HOSE_HPG,HPG,2019-06-24 09:00:00,215,0,7.32,7.4,7.16,7.18,3089270,22443546.55,derived_ohlc4
HOSE_HPG,HPG,2019-06-25 09:00:00,216,0,7.14,7.2,7.07,7.1,3284860,23412839.65,derived_ohlc4
HOSE_HPG,HPG,2019-06-26 09:00:00,217,0,7.09,7.15,7.04,7.04,1906040,13494763.2,derived_ohlc4
HOSE_HPG,HPG,2019-06-27 09:00:00,218,0,7.04,7.06,6.94,6.94,3756880,26279375.6,derived_ohlc4
HOSE_HPG,HPG,2019-06-28 09:00:00,219,0,6.94,7.23,6.9,7.23,3923340,27757630.5,derived_ohlc4
HOSE_HPG,HPG,2019-07-01 09:00:00,220,0,7.14,7.16,7.01,7.07,3836540,27220251.3,derived_ohlc4
HOSE_HPG,HPG,2019-07-02 09:00:00,221,0,7.07,7.07,6.94,6.95,4776600,33472024.5,derived_ohlc4
HOSE_HPG,HPG,2019-07-03 09:00:00,222,0,6.95,6.97,6.8,6.81,6315440,43466015.8,derived_ohlc4
HOSE_HPG,HPG,2019-07-04 09:00:00,223,0,6.77,6.92,6.77,6.86,5056190,34533777.7,derived_ohlc4
HOSE_HPG,HPG,2019-07-05 09:00:00,224,0,6.86,6.9,6.81,6.86,3066930,21031472.475,derived_ohlc4
HOSE_HPG,HPG,2019-07-08 09:00:00,225,0,6.83,6.86,6.67,6.69,7429100,50239288.75,derived_ohlc4
HOSE_HPG,HPG,2019-07-09 09:00:00,226,0,6.7,6.75,6.57,6.57,6316400,41988269.0,derived_ohlc4
HOSE_HPG,HPG,2019-07-10 09:00:00,227,0,6.58,6.69,6.55,6.57,3745990,24714169.025000002,derived_ohlc4
HOSE_HPG,HPG,2019-07-11 09:00:00,228,0,6.58,6.66,6.58,6.63,3104040,20525464.5,derived_ohlc4
HOSE_HPG,HPG,2019-07-12 09:00:00,229,0,6.67,6.77,6.66,6.74,3366890,22591831.900000002,derived_ohlc4
HOSE_HPG,HPG,2019-07-15 09:00:00,230,0,6.67,6.77,6.6,6.6,3902390,25989917.400000002,derived_ohlc4
HOSE_HPG,HPG,2019-07-16 09:00:00,231,0,6.64,6.66,6.6,6.64,3475800,23061933.0,derived_ohlc4
HOSE_HPG,HPG,2019-07-17 09:00:00,232,0,6.66,6.66,6.55,6.57,5461170,36098333.7,derived_ohlc4
HOSE_HPG,HPG,2019-07-18 09:00:00,233,0,6.57,6.58,6.41,6.44,8482000,55133000.00000001,derived_ohlc4
HOSE_HPG,HPG,2019-07-19 09:00:00,234,0,6.46,6.52,6.27,6.34,11182000,71536845.0,derived_ohlc4
HOSE_HPG,HPG,2019-07-22 09:00:00,235,0,6.34,6.52,6.24,6.38,6886080,43864329.6,derived_ohlc4
HOSE_HPG,HPG,2019-07-23 09:00:00,236,0,6.4,6.69,6.4,6.67,9013000,58945020.00000001,derived_ohlc4
HOSE_HPG,HPG,2019-07-24 09:00:00,237,0,6.67,6.7,6.58,6.63,3697610,24570618.450000003,derived_ohlc4
HOSE_HPG,HPG,2019-07-25 09:00:00,238,0,6.61,6.89,6.61,6.89,9473450,63945787.5,derived_ohlc4
HOSE_HPG,HPG,2019-07-26 09:00:00,239,0,6.95,7.09,6.9,6.94,9789570,68233302.89999999,derived_ohlc4
HOSE_HPG,HPG,2019-07-29 09:00:00,240,0,6.94,6.94,6.69,6.8,6954310,47584866.175000004,derived_ohlc4
HOSE_HPG,HPG,2019-07-30 09:00:00,241,0,6.8,6.83,6.61,6.61,6111110,41020825.875,derived_ohlc4
HOSE_HPG,HPG,2019-07-31 09:00:00,242,0,6.58,6.94,6.55,6.94,6538340,44150140.85,derived_ohlc4
HOSE_HPG,HPG,2019-08-01 09:00:00,243,0,6.92,7.0,6.84,6.95,5949030,41211905.324999996,derived_ohlc4
HOSE_HPG,HPG,2019-08-02 09:00:00,244,0,6.83,6.94,6.8,6.9,7142250,49049401.875,derived_ohlc4
HOSE_HPG,HPG,2019-08-05 09:00:00,245,0,6.87,6.92,6.77,6.81,6163970,42176964.724999994,derived_ohlc4
HOSE_HPG,HPG,2019-08-06 09:00:00,246,0,6.63,6.77,6.63,6.69,5651180,37749882.4,derived_ohlc4
HOSE_HPG,HPG,2019-08-08 09:00:00,248,1,6.81,7.16,6.81,7.16,11123430,77697158.55,derived_ohlc4
HOSE_HPG,HPG,2019-08-09 09:00:00,249,1,7.2,7.23,7.07,7.1,3683200,26334880.0,derived_ohlc4
HOSE_HPG,HPG,2019-08-12 09:00:00,250,1,7.1,7.34,7.1,7.26,8127360,58516991.99999999,derived_ohlc4
HOSE_HPG,HPG,2019-08-13 09:00:00,251,1,7.16,7.35,7.16,7.21,6419220,46346768.400000006,derived_ohlc4
HOSE_HPG,HPG,2019-08-14 09:00:00,252,1,7.32,7.32,7.2,7.21,3871400,28116042.5,derived_ohlc4
HOSE_HPG,HPG,2019-08-15 09:00:00,253,1,7.07,7.15,7.01,7.15,6880640,48818140.800000004,derived_ohlc4
HOSE_HPG,HPG,2019-08-16 09:00:00,254,1,7.15,7.18,7.04,7.09,8856190,63011791.85,derived_ohlc4
HOSE_HPG,HPG,2019-08-19 09:00:00,255,1,7.07,7.16,7.06,7.09,2540900,18027685.5,derived_ohlc4
HOSE_HPG,HPG,2019-08-20 09:00:00,256,1,7.09,7.16,7.0,7.04,4790700,33882225.75,derived_ohlc4
HOSE_HPG,HPG,2019-08-21 09:00:00,257,1,7.04,7.15,7.01,7.14,4819580,34146724.300000004,derived_ohlc4
HOSE_HPG,HPG,2019-08-22 09:00:00,258,1,7.16,7.18,7.07,7.09,3314500,23615812.5,derived_ohlc4
HOSE_HPG,HPG,2019-08-23 09:00:00,259,1,7.15,7.21,7.1,7.2,5386570,38594774.05,derived_ohlc4
HOSE_HPG,HPG,2019-08-26 09:00:00,260,1,7.1,7.12,6.98,7.01,5677560,40040991.9,derived_ohlc4
HOSE_HPG,HPG,2019-08-27 09:00:00,261,1,7.07,7.09,6.89,6.89,8995460,62833288.1,derived_ohlc4
HOSE_HPG,HPG,2019-08-28 09:00:00,262,1,6.89,6.92,6.8,6.84,4335410,29751751.125,derived_ohlc4
HOSE_HPG,HPG,2019-08-29 09:00:00,263,1,6.84,6.84,6.77,6.81,4942140,33680684.099999994,derived_ohlc4
HOSE_HPG,HPG,2019-08-30 09:00:00,264,1,6.81,6.9,6.78,6.83,3329430,22740006.9,derived_ohlc4
HOSE_HPG,HPG,2019-09-03 09:00:00,265,1,6.83,6.86,6.66,6.66,5373060,36281587.65,derived_ohlc4
HOSE_HPG,HPG,2019-09-05 09:00:00,267,2,6.66,6.75,6.64,6.67,2479020,16559853.6,derived_ohlc4
HOSE_HPG,HPG,2019-09-06 09:00:00,268,2,6.7,6.74,6.58,6.58,4205690,27967838.5,derived_ohlc4
HOSE_HPG,HPG,2019-09-09 09:00:00,269,2,6.61,6.63,6.52,6.52,3551180,23331252.599999998,derived_ohlc4
HOSE_HPG,HPG,2019-09-10 09:00:00,270,2,6.52,6.57,6.49,6.55,3449940,22536733.05,derived_ohlc4
HOSE_HPG,HPG,2019-09-11 09:00:00,271,2,6.55,6.78,6.54,6.78,4701010,31320479.125000004,derived_ohlc4
HOSE_HPG,HPG,2019-09-12 09:00:00,272,2,6.81,6.95,6.81,6.94,5565420,38276176.050000004,derived_ohlc4
HOSE_HPG,HPG,2019-09-13 09:00:00,273,2,6.92,6.97,6.89,6.95,4664730,32338240.725,derived_ohlc4
HOSE_HPG,HPG,2019-09-16 09:00:00,274,2,6.9,6.97,6.84,6.97,5400470,37371252.4,derived_ohlc4
HOSE_HPG,HPG,2019-09-17 09:00:00,275,2,6.97,6.98,6.89,6.98,3597090,25017760.95,derived_ohlc4
HOSE_HPG,HPG,2019-09-18 09:00:00,276,2,6.98,7.09,6.95,7.07,6151170,43196591.325,derived_ohlc4
HOSE_HPG,HPG,2019-09-19 09:00:00,277,2,7.07,7.09,6.98,7.06,3407530,24023086.5,derived_ohlc4
HOSE_HPG,HPG,2019-09-20 09:00:00,278,2,7.06,7.06,6.94,6.97,5099340,35733625.05,derived_ohlc4
HOSE_HPG,HPG,2019-09-23 09:00:00,279,2,6.95,6.95,6.77,6.77,5357440,36752038.4,derived_ohlc4
HOSE_HPG,HPG,2019-09-24 09:00:00,280,2,6.75,6.81,6.72,6.81,1984900,13442735.249999998,derived_ohlc4
HOSE_HPG,HPG,2019-09-25 09:00:00,281,2,6.8,6.8,6.69,6.74,3962320,26775377.400000002,derived_ohlc4
HOSE_HPG,HPG,2019-09-26 09:00:00,282,2,6.77,6.84,6.67,6.84,3332860,22596790.8,derived_ohlc4
HOSE_HPG,HPG,2019-09-27 09:00:00,283,2,6.84,6.9,6.81,6.81,3189980,21819463.2,derived_ohlc4
HOSE_HPG,HPG,2019-09-30 09:00:00,284,2,6.83,6.84,6.75,6.75,3421220,23238636.85,derived_ohlc4
HOSE_HPG,HPG,2019-10-01 09:00:00,285,2,6.75,6.83,6.72,6.74,4063670,27470409.2,derived_ohlc4
HOSE_HPG,HPG,2019-10-02 09:00:00,286,2,6.77,6.78,6.67,6.69,4362700,29350064.25,derived_ohlc4
HOSE_HPG,HPG,2019-10-03 09:00:00,287,2,6.67,6.67,6.6,6.63,4558270,30278308.474999998,derived_ohlc4
HOSE_HPG,HPG,2019-10-04 09:00:00,288,2,6.64,6.67,6.55,6.57,4775630,31554975.225,derived_ohlc4
HOSE_HPG,HPG,2019-10-07 09:00:00,289,2,6.57,6.61,6.52,6.55,3320870,21793209.375,derived_ohlc4
HOSE_HPG,HPG,2019-10-08 09:00:00,290,2,6.58,6.74,6.54,6.74,3977030,26447249.5,derived_ohlc4
HOSE_HPG,HPG,2019-10-09 09:00:00,291,2,6.74,6.74,6.67,6.74,3081260,20713770.35,derived_ohlc4
HOSE_HPG,HPG,2019-10-10 09:00:00,292,2,6.74,6.8,6.61,6.61,3934250,26320132.499999996,derived_ohlc4
HOSE_HPG,HPG,2019-10-11 09:00:00,293,2,6.64,6.67,6.58,6.61,4148140,27481427.5,derived_ohlc4
HOSE_HPG,HPG,2019-10-14 09:00:00,294,2,6.67,6.67,6.6,6.6,2957400,19622349.0,derived_ohlc4
HOSE_HPG,HPG,2019-10-15 09:00:00,295,2,6.61,6.67,6.57,6.57,3612960,23863600.8,derived_ohlc4
HOSE_HPG,HPG,2019-10-16 09:00:00,296,2,6.58,6.61,6.55,6.55,2621160,17227574.1,derived_ohlc4
HOSE_HPG,HPG,2019-10-17 09:00:00,297,2,6.55,6.66,6.55,6.58,4831150,31813122.750000004,derived_ohlc4
HOSE_HPG,HPG,2019-10-18 09:00:00,298,2,6.63,6.63,6.55,6.58,2289250,15103326.875,derived_ohlc4
HOSE_HPG,HPG,2019-10-21 09:00:00,299,2,6.58,6.6,6.52,6.52,3170430,20782168.65,derived_ohlc4
HOSE_HPG,HPG,2019-10-22 09:00:00,300,2,6.52,6.66,6.52,6.64,4095850,26971172.25,derived_ohlc4
HOSE_HPG,HPG,2019-10-23 09:00:00,301,2,6.64,6.8,6.64,6.72,6895670,46200988.99999999,derived_ohlc4
HOSE_HPG,HPG,2019-10-24 09:00:00,302,2,6.74,6.8,6.72,6.77,5143080,34754363.099999994,derived_ohlc4
HOSE_HPG,HPG,2019-10-25 09:00:00,303,2,6.77,6.77,6.69,6.7,2378380,16012443.35,derived_ohlc4
HOSE_HPG,HPG,2019-10-28 09:00:00,304,2,6.7,6.86,6.66,6.83,7281100,49238438.74999999,derived_ohlc4
HOSE_HPG,HPG,2019-10-29 09:00:00,305,2,6.83,6.9,6.8,6.83,5344070,36553438.8,derived_ohlc4
HOSE_HPG,HPG,2019-10-30 09:00:00,306,2,6.84,6.84,6.77,6.77,3066190,20865422.95,derived_ohlc4
HOSE_HPG,HPG,2019-10-31 09:00:00,307,2,6.77,6.78,6.67,6.7,5768030,38818841.9,derived_ohlc4
HOSE_HPG,HPG,2019-11-01 09:00:00,308,2,6.74,6.8,6.7,6.74,4059500,27381327.499999996,derived_ohlc4
HOSE_HPG,HPG,2019-11-04 09:00:00,309,2,6.8,6.83,6.67,6.69,6038610,40745520.974999994,derived_ohlc4
HOSE_HPG,HPG,2019-11-05 09:00:00,310,2,6.7,6.81,6.69,6.74,5517760,37162113.599999994,derived_ohlc4
HOSE_HPG,HPG,2019-11-06 09:00:00,311,2,6.77,6.81,6.75,6.77,4525660,30661346.499999996,derived_ohlc4
HOSE_HPG,HPG,2019-11-07 09:00:00,312,2,6.81,7.0,6.8,6.98,13242680,91341385.3,derived_ohlc4
HOSE_HPG,HPG,2019-11-08 09:00:00,313,2,6.98,7.01,6.92,6.98,5281950,36828396.375,derived_ohlc4
HOSE_HPG,HPG,2019-11-11 09:00:00,314,2,6.95,7.1,6.95,7.01,8000180,56021260.449999996,derived_ohlc4
HOSE_HPG,HPG,2019-11-12 09:00:00,315,2,7.0,7.1,6.94,7.07,6553550,46055072.625,derived_ohlc4
HOSE_HPG,HPG,2019-11-13 09:00:00,316,2,7.1,7.12,6.97,6.97,6513310,45853702.39999999,derived_ohlc4
HOSE_HPG,HPG,2019-11-14 09:00:00,317,2,6.97,7.03,6.92,6.97,5526590,38534148.775,derived_ohlc4
HOSE_HPG,HPG,2019-11-15 09:00:00,318,2,6.97,7.01,6.94,6.97,3431350,23925087.875,derived_ohlc4
HOSE_HPG,HPG,2019-11-18 09:00:00,319,2,6.98,7.07,6.98,7.04,3835760,26917445.8,derived_ohlc4
HOSE_HPG,HPG,2019-11-19 09:00:00,320,2,7.06,7.06,6.98,7.01,4169110,29298420.525,derived_ohlc4
HOSE_HPG,HPG,2019-11-20 09:00:00,321,2,7.01,7.01,6.84,6.89,6959150,48279103.125,derived_ohlc4
HOSE_HPG,HPG,2019-11-21 09:00:00,322,2,6.86,6.87,6.77,6.77,7500750,51136363.125,derived_ohlc4
HOSE_HPG,HPG,2019-11-22 09:00:00,323,2,6.83,6.87,6.77,6.8,5765620,39307114.35,derived_ohlc4
HOSE_HPG,HPG,2019-11-25 09:00:00,324,2,6.81,6.87,6.77,6.84,4233870,28885578.075,derived_ohlc4
HOSE_HPG,HPG,2019-11-26 09:00:00,325,2,6.87,7.01,6.87,6.97,5487610,38029137.3,derived_ohlc4
HOSE_HPG,HPG,2019-11-27 09:00:00,326,2,7.0,7.01,6.94,6.95,3524960,24586596.0,derived_ohlc4
HOSE_HPG,HPG,2019-11-28 09:00:00,327,2,6.95,6.98,6.9,6.95,3754940,26078058.299999997,derived_ohlc4
HOSE_HPG,HPG,2019-11-29 09:00:00,328,2,6.95,7.06,6.9,7.03,6338320,44273165.2,derived_ohlc4
HOSE_HPG,HPG,2019-12-02 09:00:00,329,2,7.03,7.14,7.03,7.06,9096550,64267125.74999999,derived_ohlc4
HOSE_HPG,HPG,2019-12-03 09:00:00,330,2,7.06,7.29,6.98,7.21,9332060,66584248.1,derived_ohlc4
HOSE_HPG,HPG,2019-12-04 09:00:00,331,2,7.2,7.26,7.18,7.21,4913700,35440061.25,derived_ohlc4
HOSE_HPG,HPG,2019-12-05 09:00:00,332,2,7.18,7.21,7.09,7.1,5182270,37027319.15,derived_ohlc4
HOSE_HPG,HPG,2019-12-06 09:00:00,333,2,7.1,7.35,7.1,7.34,7127130,51475696.425,derived_ohlc4
HOSE_HPG,HPG,2019-12-09 09:00:00,334,2,7.34,7.52,7.34,7.44,7902140,58554857.4,derived_ohlc4
HOSE_HPG,HPG,2019-12-10 09:00:00,335,2,7.44,7.55,7.41,7.5,10161370,75956240.75,derived_ohlc4
HOSE_HPG,HPG,2019-12-11 09:00:00,336,2,7.47,7.5,7.35,7.5,5402830,40278097.65,derived_ohlc4
HOSE_HPG,HPG,2019-12-12 09:00:00,337,2,7.47,7.5,7.41,7.44,4152040,30953458.2,derived_ohlc4
HOSE_HPG,HPG,2019-12-13 09:00:00,338,2,7.44,7.54,7.32,7.32,9476390,70172667.95,derived_ohlc4
HOSE_HPG,HPG,2019-12-16 09:00:00,339,2,7.32,7.35,7.24,7.3,5120410,37391794.025,derived_ohlc4
HOSE_HPG,HPG,2019-12-17 09:00:00,340,2,7.3,7.34,7.04,7.12,9866630,71039736.0,derived_ohlc4
HOSE_HPG,HPG,2019-12-18 09:00:00,341,2,7.12,7.12,6.92,6.94,7586700,53296567.5,derived_ohlc4
HOSE_HPG,HPG,2019-12-19 09:00:00,342,2,6.94,7.1,6.94,7.01,5752800,40255218.0,derived_ohlc4
HOSE_HPG,HPG,2019-12-20 09:00:00,343,2,7.06,7.15,7.01,7.07,5415140,38298577.65,derived_ohlc4
HOSE_HPG,HPG,2019-12-23 09:00:00,344,2,7.12,7.23,7.06,7.09,4009100,28564837.5,derived_ohlc4
HOSE_HPG,HPG,2019-12-24 09:00:00,345,2,7.09,7.16,7.06,7.14,3219640,22899689.5,derived_ohlc4
HOSE_HPG,HPG,2019-12-25 09:00:00,346,2,7.14,7.2,7.12,7.12,2378750,16996168.75,derived_ohlc4
HOSE_HPG,HPG,2019-12-26 09:00:00,347,2,7.16,7.16,7.07,7.07,3007690,21399714.35,derived_ohlc4
HOSE_HPG,HPG,2019-12-27 09:00:00,348,2,7.07,7.24,7.03,7.24,4181570,29877317.65,derived_ohlc4
HOSE_HPG,HPG,2019-12-30 09:00:00,349,2,7.27,7.34,7.23,7.27,2937980,21381149.45,derived_ohlc4
HOSE_HPG,HPG,2019-12-31 09:00:00,350,2,7.27,7.29,7.18,7.23,2876730,20834717.025,derived_ohlc4
HOSE_HPG,HPG,2020-01-02 09:00:00,351,2,7.23,7.38,7.18,7.38,4232230,30863537.275,derived_ohlc4
HOSE_HPG,HPG,2020-01-03 09:00:00,352,2,7.44,7.49,7.4,7.43,7832210,58271642.4,derived_ohlc4
HOSE_HPG,HPG,2020-01-06 09:00:00,353,2,7.38,7.46,7.34,7.38,5371060,39692133.4,derived_ohlc4
HOSE_HPG,HPG,2020-01-07 09:00:00,354,2,7.41,7.44,7.26,7.29,4871220,35803467.0,derived_ohlc4
HOSE_HPG,HPG,2020-01-08 09:00:00,355,2,7.23,7.27,7.12,7.21,6421130,46280294.475,derived_ohlc4
HOSE_HPG,HPG,2020-01-09 09:00:00,356,2,7.26,7.43,7.26,7.38,4613440,33828048.8,derived_ohlc4
HOSE_HPG,HPG,2020-01-10 09:00:00,357,2,7.41,7.55,7.4,7.44,10006180,74546041.0,derived_ohlc4
HOSE_HPG,HPG,2020-01-13 09:00:00,358,2,7.44,7.5,7.41,7.46,4456520,33212215.3,derived_ohlc4
HOSE_HPG,HPG,2020-01-14 09:00:00,359,2,7.46,7.7,7.44,7.69,9565300,72433234.25,derived_ohlc4
HOSE_HPG,HPG,2020-01-15 09:00:00,360,2,7.7,7.8,7.66,7.73,5881520,45420038.2,derived_ohlc4
HOSE_HPG,HPG,2020-01-16 09:00:00,361,2,7.69,7.8,7.67,7.78,6855030,53023657.050000004,derived_ohlc4
HOSE_HPG,HPG,2020-01-17 09:00:00,362,2,7.78,7.89,7.66,7.69,6329150,49082558.25,derived_ohlc4
HOSE_HPG,HPG,2020-01-20 09:00:00,363,2,7.69,7.84,7.6,7.84,5711790,44223534.075,derived_ohlc4
HOSE_HPG,HPG,2020-01-21 09:00:00,364,2,7.92,8.0,7.86,7.95,5911660,46894242.95,derived_ohlc4
HOSE_HPG,HPG,2020-01-22 09:00:00,365,2,7.95,8.12,7.95,8.09,8919900,71604497.25,derived_ohlc4
HOSE_HPG,HPG,2020-01-30 09:00:00,366,2,7.86,7.96,7.67,7.78,13028790,101852565.825,derived_ohlc4
HOSE_HPG,HPG,2020-01-31 09:00:00,367,2,7.69,7.78,7.41,7.41,10994970,83259410.325,derived_ohlc4
HOSE_HPG,HPG,2020-02-03 09:00:00,368,2,7.16,7.63,6.98,7.55,12079180,88540389.4,derived_ohlc4
HOSE_HPG,HPG,2020-02-04 09:00:00,369,2,7.58,7.63,7.41,7.56,8086090,61009549.05,derived_ohlc4
HOSE_HPG,HPG,2020-02-05 09:00:00,370,2,7.64,7.69,7.44,7.52,6938550,52542169.875,derived_ohlc4
HOSE_HPG,HPG,2020-02-06 09:00:00,371,2,7.49,7.75,7.47,7.75,9214150,70165752.25,derived_ohlc4
HOSE_HPG,HPG,2020-02-07 09:00:00,372,2,7.75,7.78,7.44,7.49,8120240,61835627.6,derived_ohlc4
HOSE_HPG,HPG,2020-02-10 09:00:00,373,2,7.38,7.58,7.36,7.49,4794830,35733470.575,derived_ohlc4
HOSE_HPG,HPG,2020-02-11 09:00:00,374,2,7.52,7.56,7.21,7.26,12551620,92725092.74999999,derived_ohlc4
HOSE_HPG,HPG,2020-02-12 09:00:00,375,2,7.23,7.43,7.21,7.32,9581940,69924207.15,derived_ohlc4
HOSE_HPG,HPG,2020-02-13 09:00:00,376,2,7.3,7.35,7.26,7.29,5263180,38421213.99999999,derived_ohlc4
HOSE_HPG,HPG,2020-02-14 09:00:00,377,2,7.26,7.3,7.18,7.29,5052290,36666994.675,derived_ohlc4
HOSE_HPG,HPG,2020-02-17 09:00:00,378,2,7.29,7.34,7.26,7.3,2716840,19826139.900000002,derived_ohlc4
HOSE_HPG,HPG,2020-02-18 09:00:00,379,2,7.34,7.34,7.16,7.16,7456030,54056217.5,derived_ohlc4
HOSE_HPG,HPG,2020-02-19 09:00:00,380,2,7.16,7.21,7.1,7.15,5481650,39221205.75,derived_ohlc4
HOSE_HPG,HPG,2020-02-20 09:00:00,381,2,7.21,7.3,7.15,7.3,5225250,37830810.0,derived_ohlc4
HOSE_HPG,HPG,2020-02-21 09:00:00,382,2,7.3,7.32,7.23,7.24,4513960,32827774.100000005,derived_ohlc4
HOSE_HPG,HPG,2020-02-24 09:00:00,383,2,7.0,7.12,6.98,6.98,12938030,90824970.60000001,derived_ohlc4
HOSE_HPG,HPG,2020-02-25 09:00:00,384,2,6.95,7.1,6.95,7.1,5303830,37259405.75,derived_ohlc4
HOSE_HPG,HPG,2020-02-26 09:00:00,385,2,7.0,7.07,6.98,7.0,4502880,31576446.0,derived_ohlc4
HOSE_HPG,HPG,2020-02-27 09:00:00,386,2,6.98,7.09,6.98,7.06,3318240,23318931.599999998,derived_ohlc4
HOSE_HPG,HPG,2020-02-28 09:00:00,387,2,6.94,7.01,6.84,6.87,6583970,45528152.55,derived_ohlc4
HOSE_HPG,HPG,2020-03-02 09:00:00,388,2,6.83,6.92,6.83,6.86,3957540,27148724.4,derived_ohlc4
HOSE_HPG,HPG,2020-03-03 09:00:00,389,2,7.01,7.01,6.86,6.86,4411940,30596803.9,derived_ohlc4
HOSE_HPG,HPG,2020-03-04 09:00:00,390,2,6.89,6.95,6.87,6.87,2946050,20313014.75,derived_ohlc4
HOSE_HPG,HPG,2020-03-05 09:00:00,391,2,6.95,6.97,6.87,6.87,2594810,17943111.15,derived_ohlc4
HOSE_HPG,HPG,2020-03-06 09:00:00,392,2,6.87,6.9,6.84,6.89,3035470,20868856.25,derived_ohlc4
HOSE_HPG,HPG,2020-03-09 09:00:00,393,2,6.41,6.63,6.41,6.41,16567350,107107917.75,derived_ohlc4
HOSE_HPG,HPG,2020-03-10 09:00:00,394,2,6.3,6.69,6.3,6.66,8137980,52795145.25,derived_ohlc4
HOSE_HPG,HPG,2020-03-11 09:00:00,395,2,6.67,6.7,6.2,6.32,8527920,55196962.2,derived_ohlc4
HOSE_HPG,HPG,2020-03-12 09:00:00,396,2,6.01,6.09,5.89,5.92,13041040,77952816.6,derived_ohlc4
HOSE_HPG,HPG,2020-03-13 09:00:00,397,2,5.55,6.06,5.52,5.86,12836580,73778243.55,derived_ohlc4
HOSE_HPG,HPG,2020-03-16 09:00:00,398,2,5.9,6.1,5.83,5.87,9283920,55007226.0,derived_ohlc4
HOSE_HPG,HPG,2020-03-17 09:00:00,399,2,5.72,5.94,5.72,5.9,6053400,35230788.0,derived_ohlc4
HOSE_HPG,HPG,2020-03-18 09:00:00,400,2,5.97,6.18,5.95,6.06,10396530,62795041.19999999,derived_ohlc4
HOSE_HPG,HPG,2020-03-19 09:00:00,401,2,5.97,6.0,5.81,5.89,7773200,45997911.0,derived_ohlc4
HOSE_HPG,HPG,2020-03-20 09:00:00,402,2,5.92,5.94,5.72,5.72,13401260,78062339.49999999,derived_ohlc4
HOSE_HPG,HPG,2020-03-23 09:00:00,403,2,5.35,5.54,5.32,5.32,12947170,69688142.525,derived_ohlc4
HOSE_HPG,HPG,2020-03-24 09:00:00,404,2,5.23,5.34,5.12,5.26,13831390,72441905.12500001,derived_ohlc4
HOSE_HPG,HPG,2020-03-25 09:00:00,405,2,5.49,5.49,5.35,5.47,7758210,42282244.49999999,derived_ohlc4
HOSE_HPG,HPG,2020-03-26 09:00:00,406,2,5.4,5.41,5.2,5.21,8514960,45171862.800000004,derived_ohlc4
HOSE_HPG,HPG,2020-03-27 09:00:00,407,2,5.2,5.23,4.86,4.98,13442640,68120578.2,derived_ohlc4
HOSE_HPG,HPG,2020-03-30 09:00:00,408,2,4.7,5.14,4.69,5.03,10870540,53156940.60000001,derived_ohlc4
HOSE_HPG,HPG,2020-03-31 09:00:00,409,2,5.03,5.34,4.69,5.18,11163440,56487006.400000006,derived_ohlc4
HOSE_HPG,HPG,2020-04-01 09:00:00,410,2,5.14,5.38,5.12,5.3,4859650,25440267.75,derived_ohlc4
HOSE_HPG,HPG,2020-04-03 09:00:00,411,2,5.3,5.44,5.29,5.43,6503290,34890150.85,derived_ohlc4
HOSE_HPG,HPG,2020-04-06 09:00:00,412,2,5.58,5.8,5.5,5.8,10207240,57875050.8,derived_ohlc4
HOSE_HPG,HPG,2020-04-07 09:00:00,413,2,5.86,5.87,5.61,5.84,7655220,44361999.9,derived_ohlc4
HOSE_HPG,HPG,2020-04-08 09:00:00,414,2,5.66,5.78,5.63,5.75,5106690,29133666.45,derived_ohlc4
HOSE_HPG,HPG,2020-04-09 09:00:00,415,2,5.78,5.84,5.7,5.7,7134720,41060313.6,derived_ohlc4
HOSE_HPG,HPG,2020-04-10 09:00:00,416,2,5.69,5.84,5.63,5.78,5558450,31877710.75,derived_ohlc4
HOSE_HPG,HPG,2020-04-13 09:00:00,417,2,5.78,6.0,5.75,5.95,9039420,53061395.4,derived_ohlc4
HOSE_HPG,HPG,2020-04-14 09:00:00,418,2,5.94,6.14,5.9,6.14,8744760,52730902.800000004,derived_ohlc4
HOSE_HPG,HPG,2020-04-15 09:00:00,419,2,6.15,6.24,6.14,6.18,5960450,36820679.875,derived_ohlc4
HOSE_HPG,HPG,2020-04-16 09:00:00,420,2,6.14,6.27,6.07,6.23,6665670,41177176.425000004,derived_ohlc4
HOSE_HPG,HPG,2020-04-17 09:00:00,421,2,6.23,6.4,6.21,6.37,8818780,55580360.95,derived_ohlc4
HOSE_HPG,HPG,2020-04-20 09:00:00,422,2,6.46,6.61,6.32,6.52,9422860,61036575.65,derived_ohlc4
HOSE_HPG,HPG,2020-04-21 09:00:00,423,2,6.38,6.54,6.2,6.21,11934810,75577184.325,derived_ohlc4
HOSE_HPG,HPG,2020-04-22 09:00:00,424,2,6.3,6.55,6.24,6.4,11038450,70342522.625,derived_ohlc4
HOSE_HPG,HPG,2020-04-23 09:00:00,425,2,6.55,6.75,6.55,6.64,8345940,55270987.650000006,derived_ohlc4
HOSE_HPG,HPG,2020-04-24 09:00:00,426,2,6.67,6.83,6.55,6.8,8301090,55721066.625,derived_ohlc4
HOSE_HPG,HPG,2020-04-27 09:00:00,427,2,6.84,6.95,6.72,6.75,6636160,45225430.4,derived_ohlc4
HOSE_HPG,HPG,2020-04-28 09:00:00,428,2,6.77,6.8,6.54,6.58,7687010,51291574.224999994,derived_ohlc4
HOSE_HPG,HPG,2020-04-29 09:00:00,429,2,6.61,6.67,6.46,6.61,7447050,49057441.875,derived_ohlc4
HOSE_HPG,HPG,2020-05-04 09:00:00,430,2,6.61,6.63,6.46,6.46,4834580,31618153.2,derived_ohlc4
HOSE_HPG,HPG,2020-05-05 09:00:00,431,2,6.58,6.66,6.55,6.58,5894530,38859689.025,derived_ohlc4
HOSE_HPG,HPG,2020-05-06 09:00:00,432,2,6.63,6.83,6.61,6.83,7620940,51250821.5,derived_ohlc4
HOSE_HPG,HPG,2020-05-07 09:00:00,433,2,6.86,7.26,6.86,7.26,14733250,104016745.0,derived_ohlc4
HOSE_HPG,HPG,2020-05-08 09:00:00,434,2,7.32,7.43,7.2,7.2,12484610,90981595.375,derived_ohlc4
HOSE_HPG,HPG,2020-05-11 09:00:00,435,2,7.36,7.41,7.16,7.36,7220240,52870207.4,derived_ohlc4
HOSE_HPG,HPG,2020-05-12 09:00:00,436,2,7.27,7.35,7.2,7.27,10527620,76562116.45,derived_ohlc4
HOSE_HPG,HPG,2020-05-13 09:00:00,437,2,7.21,7.44,7.16,7.41,9608210,70187974.05000001,derived_ohlc4
HOSE_HPG,HPG,2020-05-14 09:00:00,438,2,7.32,7.41,7.29,7.36,6517150,47868466.75,derived_ohlc4
HOSE_HPG,HPG,2020-05-15 09:00:00,439,2,7.36,7.4,7.2,7.23,7931980,57883624.050000004,derived_ohlc4
HOSE_HPG,HPG,2020-05-18 09:00:00,440,2,7.52,7.72,7.38,7.72,13491620,102333937.69999999,derived_ohlc4
HOSE_HPG,HPG,2020-05-19 09:00:00,441,2,8.12,8.26,8.01,8.04,18842950,152769217.125,derived_ohlc4
HOSE_HPG,HPG,2020-05-20 09:00:00,442,2,8.0,8.18,7.89,8.13,11584470,93254983.50000001,derived_ohlc4
HOSE_HPG,HPG,2020-05-21 09:00:00,443,2,8.1,8.16,8.03,8.15,11213810,90943999.1,derived_ohlc4
HOSE_HPG,HPG,2020-05-22 09:00:00,444,2,8.1,8.44,8.07,8.38,16252810,134045050.47500001,derived_ohlc4
HOSE_HPG,HPG,2020-05-25 09:00:00,445,2,8.46,8.55,8.35,8.4,11168880,94265347.19999999,derived_ohlc4
HOSE_HPG,HPG,2020-05-26 09:00:00,446,2,8.41,8.73,8.4,8.73,11503490,98556150.57499999,derived_ohlc4
HOSE_HPG,HPG,2020-05-27 09:00:00,447,2,8.8,8.8,8.36,8.36,19779140,169705021.2,derived_ohlc4
HOSE_HPG,HPG,2020-05-28 09:00:00,448,2,8.46,8.49,8.27,8.36,14486370,121613076.14999999,derived_ohlc4
HOSE_HPG,HPG,2020-05-29 09:00:00,449,2,8.4,8.52,8.3,8.43,12580390,105832530.87500001,derived_ohlc4
HOSE_HPG,HPG,2020-06-01 09:00:00,450,2,8.55,8.55,8.44,8.5,8022890,68274793.89999999,derived_ohlc4
HOSE_HPG,HPG,2020-06-02 09:00:00,451,2,8.55,8.55,8.29,8.32,11489000,96823547.5,derived_ohlc4
HOSE_HPG,HPG,2020-06-03 09:00:00,452,2,8.32,8.36,8.18,8.29,12018120,99600169.5,derived_ohlc4
HOSE_HPG,HPG,2020-06-04 09:00:00,453,2,8.3,8.43,8.18,8.18,13488200,111581134.50000001,derived_ohlc4
HOSE_HPG,HPG,2020-06-05 09:00:00,454,2,8.15,8.4,8.06,8.32,13532060,111402683.95,derived_ohlc4
HOSE_HPG,HPG,2020-06-08 09:00:00,455,2,8.46,8.64,8.4,8.52,17144920,145817544.6,derived_ohlc4
HOSE_HPG,HPG,2020-06-09 09:00:00,456,2,8.6,8.61,8.29,8.33,18693450,158099853.375,derived_ohlc4
HOSE_HPG,HPG,2020-06-10 09:00:00,457,2,8.3,8.43,8.2,8.3,9871400,82006655.50000001,derived_ohlc4
HOSE_HPG,HPG,2020-06-11 09:00:00,458,2,8.26,8.35,7.84,7.84,22873160,184643584.1,derived_ohlc4
HOSE_HPG,HPG,2020-06-12 09:00:00,459,2,7.54,8.15,7.54,8.15,18881260,148123484.70000002,derived_ohlc4
HOSE_HPG,HPG,2020-06-15 09:00:00,460,2,8.09,8.15,7.8,7.81,11332840,90237738.5,derived_ohlc4
HOSE_HPG,HPG,2020-06-16 09:00:00,461,2,8.0,8.12,7.89,8.06,9024610,72354810.675,derived_ohlc4
HOSE_HPG,HPG,2020-06-17 09:00:00,462,2,8.06,8.13,7.96,8.07,7066110,56917516.05,derived_ohlc4
HOSE_HPG,HPG,2020-06-18 09:00:00,463,2,7.98,8.26,7.95,8.24,9055090,73414142.175,derived_ohlc4
HOSE_HPG,HPG,2020-06-19 09:00:00,464,2,8.3,8.41,8.3,8.41,10532760,88001209.80000001,derived_ohlc4
HOSE_HPG,HPG,2020-06-22 09:00:00,465,2,8.43,8.55,8.29,8.4,9729970,81902022.47500001,derived_ohlc4
HOSE_HPG,HPG,2020-06-23 09:00:00,466,2,8.4,8.52,8.23,8.3,11382760,95188330.50000001,derived_ohlc4
HOSE_HPG,HPG,2020-06-24 09:00:00,467,2,8.3,8.41,8.24,8.3,6516760,54170567.5,derived_ohlc4
HOSE_HPG,HPG,2020-06-25 09:00:00,468,2,8.21,8.55,8.16,8.4,24410040,203335633.2,derived_ohlc4
HOSE_HPG,HPG,2020-06-26 09:00:00,469,2,8.43,8.49,8.3,8.36,9363870,78609688.64999999,derived_ohlc4
HOSE_HPG,HPG,2020-06-29 09:00:00,470,2,8.27,8.3,8.07,8.2,12378070,101623954.70000002,derived_ohlc4
HOSE_HPG,HPG,2020-06-30 09:00:00,471,2,8.24,8.43,8.16,8.24,14826230,122575856.525,derived_ohlc4
HOSE_HPG,HPG,2020-07-01 09:00:00,472,2,8.3,8.46,8.27,8.43,10843030,90701945.95,derived_ohlc4
HOSE_HPG,HPG,2020-07-02 09:00:00,473,2,8.46,8.53,8.43,8.49,13000820,110214451.55000001,derived_ohlc4
HOSE_HPG,HPG,2020-07-03 09:00:00,474,2,8.52,8.53,8.43,8.46,8111500,68826077.5,derived_ohlc4
HOSE_HPG,HPG,2020-07-06 09:00:00,475,2,8.52,8.53,8.44,8.49,9764620,82950446.89999999,derived_ohlc4
HOSE_HPG,HPG,2020-07-07 09:00:00,476,2,8.53,8.89,8.52,8.72,28048770,243042592.05,derived_ohlc4
HOSE_HPG,HPG,2020-07-08 09:00:00,477,2,8.66,8.75,8.58,8.63,9155900,79244314.50000001,derived_ohlc4
HOSE_HPG,HPG,2020-07-09 09:00:00,478,2,8.64,8.7,8.6,8.66,7588480,65640351.99999999,derived_ohlc4
HOSE_HPG,HPG,2020-07-10 09:00:00,479,2,8.61,8.69,8.49,8.53,14457460,124045006.8,derived_ohlc4
HOSE_HPG,HPG,2020-07-13 09:00:00,480,2,8.47,8.56,8.38,8.5,14702360,124639256.90000002,derived_ohlc4
HOSE_HPG,HPG,2020-07-14 09:00:00,481,2,8.44,8.6,8.43,8.58,5757320,49009186.49999999,derived_ohlc4
HOSE_HPG,HPG,2020-07-15 09:00:00,482,2,8.67,8.73,8.63,8.63,6561150,56852364.75000001,derived_ohlc4
HOSE_HPG,HPG,2020-07-16 09:00:00,483,2,8.67,8.89,8.6,8.8,17916710,156592045.40000004,derived_ohlc4
HOSE_HPG,HPG,2020-07-17 09:00:00,484,2,8.83,8.84,8.78,8.78,6759400,59533415.50000001,derived_ohlc4
HOSE_HPG,HPG,2020-07-20 09:00:00,485,2,8.76,8.83,8.61,8.61,11602590,100971539.47500001,derived_ohlc4
HOSE_HPG,HPG,2020-07-21 09:00:00,486,2,8.64,8.69,8.55,8.64,11724470,101182176.1,derived_ohlc4
HOSE_HPG,HPG,2020-07-22 09:00:00,487,2,8.7,8.73,8.6,8.64,7461530,64672811.275000006,derived_ohlc4
HOSE_HPG,HPG,2020-07-23 09:00:00,488,2,8.64,8.67,8.52,8.67,10177170,87778091.25,derived_ohlc4
HOSE_HPG,HPG,2020-07-24 09:00:00,489,2,8.61,8.63,8.09,8.26,21288480,178770010.8,derived_ohlc4
HOSE_HPG,HPG,2020-07-27 09:00:00,490,2,8.01,8.35,7.93,7.98,18389440,148356807.2,derived_ohlc4
HOSE_HPG,HPG,2020-07-28 09:00:00,491,2,8.15,8.46,8.06,8.41,14119250,116766197.5,derived_ohlc4
HOSE_HPG,HPG,2020-07-29 09:00:00,492,2,8.37,8.56,7.94,8.17,18544880,153180708.79999998,derived_ohlc4
HOSE_HPG,HPG,2020-07-30 09:00:00,493,2,8.22,8.37,8.2,8.3,11357060,93951278.85000001,derived_ohlc4
HOSE_HPG,HPG,2020-07-31 09:00:00,494,2,8.05,8.28,8.05,8.15,7656240,62264371.800000004,derived_ohlc4
HOSE_HPG,HPG,2020-08-03 09:00:00,495,2,8.15,8.64,8.15,8.6,16896050,141673379.25,derived_ohlc4
HOSE_HPG,HPG,2020-08-04 09:00:00,496,2,8.71,8.75,8.56,8.64,11086090,96060969.85000001,derived_ohlc4
HOSE_HPG,HPG,2020-08-05 09:00:00,497,2,8.64,9.14,8.6,9.05,25912970,229524131.77500004,derived_ohlc4
HOSE_HPG,HPG,2020-08-06 09:00:00,498,2,9.05,9.16,8.94,9.03,13744810,124321806.45,derived_ohlc4
HOSE_HPG,HPG,2020-08-07 09:00:00,499,2,9.01,9.12,8.99,9.09,12162410,110100216.52499998,derived_ohlc4
HOSE_HPG,HPG,2020-08-10 09:00:00,500,2,9.18,9.29,9.12,9.12,14144220,129808579.04999998,derived_ohlc4
HOSE_HPG,HPG,2020-08-11 09:00:00,501,2,9.16,9.22,9.05,9.11,9675910,88389437.85000001,derived_ohlc4
HOSE_HPG,HPG,2020-08-12 09:00:00,502,2,9.12,9.2,9.05,9.12,8827420,80528138.95,derived_ohlc4
HOSE_HPG,HPG,2020-08-13 09:00:00,503,2,9.2,9.24,9.12,9.2,7562850,69502591.49999999,derived_ohlc4
HOSE_HPG,HPG,2020-08-14 09:00:00,504,2,9.2,9.24,8.97,9.05,15356070,139970578.04999998,derived_ohlc4
HOSE_HPG,HPG,2020-08-17 09:00:00,505,2,9.03,9.12,8.99,9.12,8428450,76403899.25,derived_ohlc4
HOSE_HPG,HPG,2020-08-18 09:00:00,506,2,9.16,9.16,9.05,9.07,5130610,46739857.099999994,derived_ohlc4
HOSE_HPG,HPG,2020-08-19 09:00:00,507,2,9.09,9.16,9.05,9.11,9266940,84352321.35,derived_ohlc4
HOSE_HPG,HPG,2020-08-20 09:00:00,508,2,9.11,9.14,9.01,9.05,9685120,87916676.80000001,derived_ohlc4
HOSE_HPG,HPG,2020-08-21 09:00:00,509,2,9.05,9.16,9.03,9.14,8930990,81227354.05000001,derived_ohlc4
HOSE_HPG,HPG,2020-08-24 09:00:00,510,2,9.2,9.37,9.16,9.31,13933710,129026154.6,derived_ohlc4
HOSE_HPG,HPG,2020-08-25 09:00:00,511,2,9.35,9.41,9.22,9.22,10722520,99719435.99999999,derived_ohlc4
HOSE_HPG,HPG,2020-08-26 09:00:00,512,2,9.2,9.22,9.09,9.09,16327190,149393788.5,derived_ohlc4
HOSE_HPG,HPG,2020-08-27 09:00:00,513,2,9.09,9.14,9.05,9.12,8801320,80092012.0,derived_ohlc4
HOSE_HPG,HPG,2020-08-28 09:00:00,514,2,9.2,9.2,9.11,9.12,11603550,106259509.12499999,derived_ohlc4
HOSE_HPG,HPG,2020-08-31 09:00:00,515,2,9.09,9.31,9.09,9.22,13334160,122374253.4,derived_ohlc4
HOSE_HPG,HPG,2020-09-01 09:00:00,516,2,9.22,9.37,9.18,9.31,16754410,155313380.7,derived_ohlc4
HOSE_HPG,HPG,2020-09-03 09:00:00,517,2,9.39,9.46,9.35,9.39,14553930,136770557.175,derived_ohlc4
HOSE_HPG,HPG,2020-09-04 09:00:00,518,2,9.26,9.43,9.26,9.37,18820560,175595824.79999998,derived_ohlc4
HOSE_HPG,HPG,2020-09-07 09:00:00,519,2,9.39,9.43,9.2,9.2,14336100,133397410.5,derived_ohlc4
HOSE_HPG,HPG,2020-09-08 09:00:00,520,2,9.24,9.28,9.18,9.26,12260110,113283416.4,derived_ohlc4
HOSE_HPG,HPG,2020-09-09 09:00:00,521,2,9.16,9.37,9.14,9.2,19632380,180961462.65000004,derived_ohlc4
HOSE_HPG,HPG,2020-09-10 09:00:00,522,2,9.28,9.33,9.2,9.22,12106250,112073609.375,derived_ohlc4
HOSE_HPG,HPG,2020-09-11 09:00:00,523,2,9.22,9.26,9.18,9.18,11672440,107503172.4,derived_ohlc4
HOSE_HPG,HPG,2020-09-14 09:00:00,524,2,9.2,9.29,9.2,9.24,12723310,117467959.575,derived_ohlc4
HOSE_HPG,HPG,2020-09-15 09:00:00,525,2,9.29,9.37,9.26,9.28,8859250,82391024.99999999,derived_ohlc4
HOSE_HPG,HPG,2020-09-16 09:00:00,526,2,9.29,9.31,9.24,9.28,6887240,63913587.20000001,derived_ohlc4
HOSE_HPG,HPG,2020-09-17 09:00:00,527,2,9.29,9.57,9.28,9.54,26759480,252074301.6,derived_ohlc4
HOSE_HPG,HPG,2020-09-18 09:00:00,528,2,9.59,9.65,9.57,9.65,12475700,119953855.5,derived_ohlc4
HOSE_HPG,HPG,2020-09-21 09:00:00,529,2,9.72,9.74,9.61,9.65,11631470,112592629.6,derived_ohlc4
HOSE_HPG,HPG,2020-09-22 09:00:00,530,2,9.57,9.65,9.54,9.59,15285880,146553374.49999997,derived_ohlc4
HOSE_HPG,HPG,2020-09-23 09:00:00,531,2,9.63,9.72,9.59,9.69,12589480,121582903.10000001,derived_ohlc4
HOSE_HPG,HPG,2020-09-24 09:00:00,532,2,9.65,9.72,9.57,9.63,12435190,119906319.575,derived_ohlc4
HOSE_HPG,HPG,2020-09-25 09:00:00,533,2,9.69,9.69,9.57,9.67,10094210,97459597.55,derived_ohlc4
HOSE_HPG,HPG,2020-09-28 09:00:00,534,2,9.69,9.91,9.65,9.91,17573130,172040942.7,derived_ohlc4
HOSE_HPG,HPG,2020-09-29 09:00:00,535,2,9.93,10.06,9.89,9.89,18456820,183506932.85000002,derived_ohlc4
HOSE_HPG,HPG,2020-09-30 09:00:00,536,2,9.89,9.97,9.8,9.91,12985480,128458860.9,derived_ohlc4
HOSE_HPG,HPG,2020-10-01 09:00:00,537,2,9.99,10.21,9.95,10.14,17161730,172861525.42500004,derived_ohlc4
HOSE_HPG,HPG,2020-10-02 09:00:00,538,2,10.16,10.23,9.76,10.03,20213120,203040790.4,derived_ohlc4
HOSE_HPG,HPG,2020-10-05 09:00:00,539,2,10.08,10.29,10.08,10.27,12791350,130215943.0,derived_ohlc4
HOSE_HPG,HPG,2020-10-06 09:00:00,540,2,10.31,10.61,10.21,10.61,23609700,246367219.5,derived_ohlc4
HOSE_HPG,HPG,2020-10-07 09:00:00,541,2,10.55,10.63,10.44,10.44,14752610,155123694.14999998,derived_ohlc4
HOSE_HPG,HPG,2020-10-08 09:00:00,542,2,10.51,10.55,10.4,10.55,18239670,191562134.175,derived_ohlc4
HOSE_HPG,HPG,2020-10-09 09:00:00,543,2,10.59,10.78,10.51,10.7,9464850,100753328.25,derived_ohlc4
HOSE_HPG,HPG,2020-10-12 09:00:00,544,2,10.76,10.8,10.53,10.61,12258740,130862049.50000001,derived_ohlc4
HOSE_HPG,HPG,2020-10-13 09:00:00,545,2,10.59,10.61,10.48,10.51,10665790,112497420.02499999,derived_ohlc4
HOSE_HPG,HPG,2020-10-14 09:00:00,546,2,10.5,10.64,10.44,10.64,14240330,150306683.15,derived_ohlc4
HOSE_HPG,HPG,2020-10-15 09:00:00,547,2,11.26,11.26,10.91,10.91,30525160,338371398.6,derived_ohlc4
HOSE_HPG,HPG,2020-10-16 09:00:00,548,2,10.96,11.08,10.87,10.93,17319070,189817007.2,derived_ohlc4
HOSE_HPG,HPG,2020-10-19 09:00:00,549,2,10.95,10.98,10.83,10.85,10939140,119263973.85,derived_ohlc4
HOSE_HPG,HPG,2020-10-20 09:00:00,550,2,10.8,11.02,10.78,11.02,13319200,145245876.00000003,derived_ohlc4
HOSE_HPG,HPG,2020-10-21 09:00:00,551,2,11.06,11.12,10.89,10.93,10669590,117365490.0,derived_ohlc4
HOSE_HPG,HPG,2020-10-22 09:00:00,552,2,10.89,11.12,10.85,11.12,13072020,143726859.89999998,derived_ohlc4
HOSE_HPG,HPG,2020-10-23 09:00:00,553,2,11.19,11.6,11.13,11.6,29534980,336108072.40000004,derived_ohlc4
HOSE_HPG,HPG,2020-10-26 09:00:00,554,2,11.64,12.02,11.53,11.56,20357350,237926528.125,derived_ohlc4
HOSE_HPG,HPG,2020-10-27 09:00:00,555,2,11.49,11.9,11.47,11.79,25281540,294845960.25,derived_ohlc4
HOSE_HPG,HPG,2020-10-28 09:00:00,556,2,11.7,11.88,11.34,11.42,25663180,297307940.3,derived_ohlc4
HOSE_HPG,HPG,2020-10-29 09:00:00,557,2,11.25,11.55,11.25,11.49,20778840,236567093.4,derived_ohlc4
HOSE_HPG,HPG,2020-10-30 09:00:00,558,2,11.56,11.6,11.23,11.47,19039190,218284313.35,derived_ohlc4
HOSE_HPG,HPG,2020-11-02 09:00:00,559,2,11.47,11.53,11.4,11.49,10385290,119145239.525,derived_ohlc4
HOSE_HPG,HPG,2020-11-03 09:00:00,560,2,11.64,11.75,11.47,11.53,17521020,203200029.45,derived_ohlc4
HOSE_HPG,HPG,2020-11-04 09:00:00,561,2,11.53,11.64,11.4,11.51,18293400,210739968.0,derived_ohlc4
HOSE_HPG,HPG,2020-11-05 09:00:00,562,2,11.51,11.55,11.36,11.36,11598310,132742657.95,derived_ohlc4
HOSE_HPG,HPG,2020-11-06 09:00:00,563,2,11.38,11.53,11.34,11.42,13410500,153114383.75,derived_ohlc4
HOSE_HPG,HPG,2020-11-09 09:00:00,564,2,11.56,11.83,11.53,11.83,18314360,214049082.5,derived_ohlc4
HOSE_HPG,HPG,2020-11-10 09:00:00,565,2,12.05,12.09,11.75,11.75,20645160,245883855.6,derived_ohlc4
HOSE_HPG,HPG,2020-11-11 09:00:00,566,2,11.75,11.87,11.7,11.75,14564290,171385282.575,derived_ohlc4
HOSE_HPG,HPG,2020-11-12 09:00:00,567,2,11.75,11.83,11.73,11.81,9803730,115487939.4,derived_ohlc4
HOSE_HPG,HPG,2020-11-13 09:00:00,568,2,11.83,12.0,11.81,12.0,12161630,144845013.3,derived_ohlc4
HOSE_HPG,HPG,2020-11-16 09:00:00,569,2,12.13,12.3,11.98,12.11,25538500,309782005.0,derived_ohlc4
HOSE_HPG,HPG,2020-11-17 09:00:00,570,2,12.2,12.52,12.17,12.52,16228900,200467487.25,derived_ohlc4
HOSE_HPG,HPG,2020-11-18 09:00:00,571,2,12.62,12.99,12.52,12.99,22115200,282632256.0,derived_ohlc4
HOSE_HPG,HPG,2020-11-19 09:00:00,572,2,13.03,13.33,12.94,13.22,26533130,348379996.9,derived_ohlc4
HOSE_HPG,HPG,2020-11-20 09:00:00,573,2,13.26,13.4,13.12,13.4,18141040,241185126.8,derived_ohlc4
HOSE_HPG,HPG,2020-11-23 09:00:00,574,2,13.4,14.21,13.33,14.08,23681540,325739582.7,derived_ohlc4
HOSE_HPG,HPG,2020-11-24 09:00:00,575,2,14.18,14.46,13.63,14.08,48936510,689393084.625,derived_ohlc4
HOSE_HPG,HPG,2020-11-25 09:00:00,576,2,13.82,13.86,13.22,13.37,55697460,755675288.55,derived_ohlc4
HOSE_HPG,HPG,2020-11-26 09:00:00,577,2,13.18,13.29,12.88,13.18,33163400,435518350.5,derived_ohlc4
HOSE_HPG,HPG,2020-11-27 09:00:00,578,2,13.14,13.67,13.14,13.61,16027210,214604341.9,derived_ohlc4
HOSE_HPG,HPG,2020-11-30 09:00:00,579,2,13.61,13.67,13.33,13.33,17459270,235438255.95,derived_ohlc4
HOSE_HPG,HPG,2020-12-01 09:00:00,580,2,13.1,13.37,12.97,13.37,21802760,287850938.9,derived_ohlc4
HOSE_HPG,HPG,2020-12-02 09:00:00,581,2,13.37,13.39,13.18,13.26,14643640,194760411.99999997,derived_ohlc4
HOSE_HPG,HPG,2020-12-03 09:00:00,582,2,13.35,13.84,13.26,13.84,22511210,305533397.72499996,derived_ohlc4
HOSE_HPG,HPG,2020-12-04 09:00:00,583,2,13.91,13.99,13.78,13.87,17767110,246740740.125,derived_ohlc4
HOSE_HPG,HPG,2020-12-07 09:00:00,584,2,13.91,14.42,13.84,14.34,24400300,344715238.25000006,derived_ohlc4
HOSE_HPG,HPG,2020-12-08 09:00:00,585,2,14.34,14.57,14.27,14.42,20333880,292807872.0,derived_ohlc4
HOSE_HPG,HPG,2020-12-09 09:00:00,586,2,14.46,14.49,14.31,14.46,15264400,220265292.00000003,derived_ohlc4
HOSE_HPG,HPG,2020-12-10 09:00:00,587,2,14.46,14.49,13.97,14.12,30402770,433543500.2,derived_ohlc4
HOSE_HPG,HPG,2020-12-11 09:00:00,588,2,14.27,14.57,14.16,14.57,16641080,239506743.9,derived_ohlc4
HOSE_HPG,HPG,2020-12-14 09:00:00,589,2,14.79,14.83,14.62,14.74,14483540,213559797.29999998,derived_ohlc4
HOSE_HPG,HPG,2020-12-15 09:00:00,590,2,14.66,14.7,14.46,14.49,19581910,285455293.02500004,derived_ohlc4
HOSE_HPG,HPG,2020-12-16 09:00:00,591,2,14.57,14.78,14.46,14.57,17322370,252819990.15,derived_ohlc4
HOSE_HPG,HPG,2020-12-17 09:00:00,592,2,14.42,14.51,14.14,14.14,30645570,438308264.925,derived_ohlc4
HOSE_HPG,HPG,2020-12-18 09:00:00,593,2,14.31,14.55,14.23,14.49,19956910,287279719.45000005,derived_ohlc4
HOSE_HPG,HPG,2020-12-21 09:00:00,594,2,14.64,14.66,14.4,14.48,15789770,229662204.65000004,derived_ohlc4
HOSE_HPG,HPG,2020-12-22 09:00:00,595,2,14.48,14.81,14.38,14.78,26050910,380668922.375,derived_ohlc4
HOSE_HPG,HPG,2020-12-23 09:00:00,596,2,14.81,15.47,14.79,15.02,28097610,422096346.225,derived_ohlc4
HOSE_HPG,HPG,2020-12-24 09:00:00,597,2,15.24,15.32,14.49,15.0,18507480,277843543.5,derived_ohlc4
HOSE_HPG,HPG,2020-12-25 09:00:00,598,2,15.02,15.34,14.83,15.3,22667520,342789571.2,derived_ohlc4
HOSE_HPG,HPG,2020-12-28 09:00:00,599,2,15.7,15.75,15.4,15.6,21024800,328249690.0,derived_ohlc4
HOSE_HPG,HPG,2020-12-29 09:00:00,600,2,15.49,15.71,15.41,15.62,13443950,209154252.125,derived_ohlc4
HOSE_HPG,HPG,2020-12-30 09:00:00,601,2,15.62,15.62,15.3,15.36,21907500,339018562.5,derived_ohlc4
HOSE_HPG,HPG,2020-12-31 09:00:00,602,2,15.36,15.68,15.28,15.56,11867640,183592390.8,derived_ohlc4
HOSE_HPG,HPG,2021-01-04 09:00:00,603,2,15.77,16.15,15.64,15.88,15832600,251105036.00000003,derived_ohlc4
HOSE_HPG,HPG,2021-01-05 09:00:00,604,2,15.7,16.07,15.66,15.9,18634100,295024388.25,derived_ohlc4
HOSE_HPG,HPG,2021-01-06 09:00:00,605,2,15.96,16.26,15.88,16.07,17948600,287940415.5,derived_ohlc4
HOSE_HPG,HPG,2021-01-07 09:00:00,606,2,16.2,16.22,15.86,16.07,21780700,350397011.24999994,derived_ohlc4
HOSE_HPG,HPG,2021-01-08 09:00:00,607,2,16.11,16.26,16.0,16.05,19978500,321753742.5,derived_ohlc4
HOSE_HPG,HPG,2021-01-11 09:00:00,608,2,16.18,16.26,16.0,16.16,16645100,268818365.0,derived_ohlc4
HOSE_HPG,HPG,2021-01-12 09:00:00,609,2,16.22,16.86,16.11,16.86,22738800,375474435.0,derived_ohlc4
HOSE_HPG,HPG,2021-01-13 09:00:00,610,2,16.97,17.07,16.67,16.78,16131800,272183795.50000006,derived_ohlc4
HOSE_HPG,HPG,2021-01-14 09:00:00,611,2,16.78,16.78,16.46,16.69,17527000,292306542.50000006,derived_ohlc4
HOSE_HPG,HPG,2021-01-15 09:00:00,612,2,16.63,16.92,16.63,16.71,14788300,247297346.74999994,derived_ohlc4
HOSE_HPG,HPG,2021-01-18 09:00:00,613,2,16.71,16.84,16.61,16.75,18112900,302983534.75,derived_ohlc4
HOSE_HPG,HPG,2021-01-19 09:00:00,614,2,16.75,16.75,15.58,15.62,25778200,416962385.0,derived_ohlc4
HOSE_HPG,HPG,2021-01-20 09:00:00,615,2,15.77,16.13,15.02,15.66,37915600,593189562.0,derived_ohlc4
HOSE_HPG,HPG,2021-01-21 09:00:00,616,2,16.09,16.6,15.7,16.6,20829700,338430550.75000006,derived_ohlc4
HOSE_HPG,HPG,2021-01-22 09:00:00,617,2,16.63,16.78,16.35,16.39,14798600,244731847.50000003,derived_ohlc4
HOSE_HPG,HPG,2021-01-25 09:00:00,618,2,16.24,17.07,16.18,16.41,33091200,545177520.0,derived_ohlc4
HOSE_HPG,HPG,2021-01-26 09:00:00,619,2,16.37,16.37,15.62,15.88,24099500,387037969.99999994,derived_ohlc4
HOSE_HPG,HPG,2021-01-27 09:00:00,620,2,15.54,15.92,14.83,15.13,28056100,430801415.5,derived_ohlc4
HOSE_HPG,HPG,2021-01-28 09:00:00,621,2,14.12,14.66,14.08,14.08,49934800,710821878.0,derived_ohlc4
HOSE_HPG,HPG,2021-01-29 09:00:00,622,2,13.89,15.0,13.89,14.7,40248000,578363760.0,derived_ohlc4
HOSE_HPG,HPG,2021-02-01 09:00:00,623,2,14.64,14.96,14.34,14.4,21323900,311009081.5,derived_ohlc4
HOSE_HPG,HPG,2021-02-02 09:00:00,624,2,14.46,15.21,14.36,15.21,28541100,422693691.0,derived_ohlc4
HOSE_HPG,HPG,2021-02-03 09:00:00,625,2,15.47,15.9,15.4,15.77,34839600,544717146.0,derived_ohlc4
HOSE_HPG,HPG,2021-02-04 09:00:00,626,2,15.77,15.85,15.6,15.7,22252900,350038117.0,derived_ohlc4
HOSE_HPG,HPG,2021-02-05 09:00:00,627,2,15.75,16.03,15.66,15.96,23371200,370433520.0,derived_ohlc4
HOSE_HPG,HPG,2021-02-08 09:00:00,628,2,15.96,16.0,15.02,15.36,32918400,513033264.0,derived_ohlc4
HOSE_HPG,HPG,2021-02-09 09:00:00,629,2,15.36,15.73,15.19,15.7,26164800,405423576.0,derived_ohlc4
HOSE_HPG,HPG,2021-02-17 09:00:00,630,2,15.94,16.32,15.88,16.32,24253200,390840318.00000006,derived_ohlc4
HOSE_HPG,HPG,2021-02-18 09:00:00,631,2,16.3,16.52,16.13,16.46,21343800,349024489.5,derived_ohlc4
HOSE_HPG,HPG,2021-02-19 09:00:00,632,2,16.26,16.48,16.18,16.32,17007500,277392325.00000006,derived_ohlc4
HOSE_HPG,HPG,2021-02-22 09:00:00,633,2,16.32,16.67,16.15,16.3,21362500,349490500.0,derived_ohlc4
HOSE_HPG,HPG,2021-02-23 09:00:00,634,2,16.22,16.43,16.13,16.26,17921700,291406842.0,derived_ohlc4
HOSE_HPG,HPG,2021-02-24 09:00:00,635,2,16.39,16.67,16.26,16.37,27282600,448048498.50000006,derived_ohlc4
HOSE_HPG,HPG,2021-02-25 09:00:00,636,2,16.52,16.67,16.39,16.58,21931700,362750318.0,derived_ohlc4
HOSE_HPG,HPG,2021-02-26 09:00:00,637,2,16.41,17.16,16.37,17.12,40928500,686166302.5,derived_ohlc4
HOSE_HPG,HPG,2021-03-01 09:00:00,638,2,17.37,17.39,17.2,17.35,21998200,381173810.5,derived_ohlc4
HOSE_HPG,HPG,2021-03-02 09:00:00,639,2,17.57,17.69,17.35,17.54,23670800,415126655.00000006,derived_ohlc4
HOSE_HPG,HPG,2021-03-03 09:00:00,640,2,17.48,17.67,17.46,17.57,22262900,390602580.50000006,derived_ohlc4
HOSE_HPG,HPG,2021-03-04 09:00:00,641,2,17.61,17.61,16.9,17.24,27962100,484862814.0,derived_ohlc4
HOSE_HPG,HPG,2021-03-05 09:00:00,642,2,17.14,17.31,16.93,17.27,21396800,367222580.00000006,derived_ohlc4
HOSE_HPG,HPG,2021-03-08 09:00:00,643,2,17.5,17.61,17.27,17.39,17777700,310087532.25,derived_ohlc4
HOSE_HPG,HPG,2021-03-09 09:00:00,644,2,17.27,17.35,16.92,17.22,16289800,280021662.0,derived_ohlc4
HOSE_HPG,HPG,2021-03-10 09:00:00,645,2,17.22,17.22,16.95,17.12,15772500,270143493.75,derived_ohlc4
HOSE_HPG,HPG,2021-03-11 09:00:00,646,2,17.24,17.52,17.2,17.42,15569400,270051243.0,derived_ohlc4
HOSE_HPG,HPG,2021-03-12 09:00:00,647,2,17.5,17.5,17.35,17.44,12153700,212051680.75000003,derived_ohlc4
HOSE_HPG,HPG,2021-03-15 09:00:00,648,2,17.5,17.61,17.42,17.46,11905100,208309487.25000003,derived_ohlc4
HOSE_HPG,HPG,2021-03-16 09:00:00,649,2,17.5,17.5,17.2,17.31,14097300,244975830.75000003,derived_ohlc4
HOSE_HPG,HPG,2021-03-17 09:00:00,650,2,17.33,17.44,17.29,17.39,12191800,211680127.49999997,derived_ohlc4
HOSE_HPG,HPG,2021-03-18 09:00:00,651,2,17.54,17.55,17.4,17.5,11166600,195387583.50000003,derived_ohlc4
HOSE_HPG,HPG,2021-03-19 09:00:00,652,2,17.5,17.82,17.5,17.7,18392100,324252723.0,derived_ohlc4
HOSE_HPG,HPG,2021-03-22 09:00:00,653,2,17.76,17.82,17.54,17.55,11047900,195188773.25,derived_ohlc4
HOSE_HPG,HPG,2021-03-23 09:00:00,654,2,17.52,17.69,17.42,17.5,12487200,218931834.0,derived_ohlc4
HOSE_HPG,HPG,2021-03-24 09:00:00,655,2,17.29,17.4,16.93,17.07,23653500,406189728.75,derived_ohlc4
HOSE_HPG,HPG,2021-03-25 09:00:00,656,2,17.16,17.18,16.82,16.9,19929000,339091935.0,derived_ohlc4
HOSE_HPG,HPG,2021-03-26 09:00:00,657,2,17.08,17.35,16.92,17.35,28109800,482785815.0,derived_ohlc4
HOSE_HPG,HPG,2021-03-29 09:00:00,658,2,17.46,17.5,17.33,17.39,13251900,230848098.00000003,derived_ohlc4
HOSE_HPG,HPG,2021-03-30 09:00:00,659,2,17.46,17.55,17.31,17.44,13333800,232541472.00000003,derived_ohlc4
HOSE_HPG,HPG,2021-03-31 09:00:00,660,2,17.44,17.78,17.4,17.57,16323700,286440125.75,derived_ohlc4
HOSE_HPG,HPG,2021-04-01 09:00:00,661,2,17.65,18.21,17.63,18.21,27681900,496198057.49999994,derived_ohlc4
HOSE_HPG,HPG,2021-04-02 09:00:00,662,2,18.32,18.51,18.25,18.42,16678500,306467437.5,derived_ohlc4
HOSE_HPG,HPG,2021-04-05 09:00:00,663,2,18.59,18.62,18.38,18.51,15377800,284873745.00000006,derived_ohlc4
HOSE_HPG,HPG,2021-04-06 09:00:00,664,2,18.51,18.61,18.44,18.55,14033300,260001965.75,derived_ohlc4
HOSE_HPG,HPG,2021-04-07 09:00:00,665,2,18.55,18.62,18.36,18.57,14407800,266904494.99999997,derived_ohlc4
HOSE_HPG,HPG,2021-04-08 09:00:00,666,2,18.59,18.62,18.4,18.53,11970000,221863950.0,derived_ohlc4
HOSE_HPG,HPG,2021-04-09 09:00:00,667,2,18.51,18.74,18.42,18.61,15623400,290126538.0,derived_ohlc4
HOSE_HPG,HPG,2021-04-12 09:00:00,668,2,18.74,19.34,18.68,19.23,27010400,513130073.99999994,derived_ohlc4
HOSE_HPG,HPG,2021-04-13 09:00:00,669,2,19.34,19.34,18.81,18.81,26956900,514202867.5,derived_ohlc4
HOSE_HPG,HPG,2021-04-14 09:00:00,670,2,18.81,20.01,18.74,19.9,28753300,556807654.5,derived_ohlc4
HOSE_HPG,HPG,2021-04-15 09:00:00,671,2,20.09,20.54,19.71,20.46,32078100,647977620.0,derived_ohlc4
HOSE_HPG,HPG,2021-04-16 09:00:00,672,2,20.31,20.92,20.09,20.5,28433700,581611333.5,derived_ohlc4
HOSE_HPG,HPG,2021-04-19 09:00:00,673,2,20.73,21.7,20.54,21.7,34808100,736800456.75,derived_ohlc4
HOSE_HPG,HPG,2021-04-20 09:00:00,674,2,21.78,22.0,21.03,21.48,37829300,816072574.25,derived_ohlc4
HOSE_HPG,HPG,2021-04-22 09:00:00,675,2,21.22,21.74,20.65,20.65,33049800,696194036.9999999,derived_ohlc4
HOSE_HPG,HPG,2021-04-23 09:00:00,676,2,20.84,21.18,20.58,21.18,28493500,596796357.5,derived_ohlc4
HOSE_HPG,HPG,2021-04-26 09:00:00,677,2,21.22,21.25,20.65,20.69,25156400,527089471.0,derived_ohlc4
HOSE_HPG,HPG,2021-04-27 09:00:00,678,2,20.69,21.18,20.43,21.14,21294400,444201184.0,derived_ohlc4
HOSE_HPG,HPG,2021-04-28 09:00:00,679,2,21.14,21.22,20.84,21.03,15619100,328899198.25,derived_ohlc4
HOSE_HPG,HPG,2021-04-29 09:00:00,680,2,21.22,22.04,21.18,21.82,27877700,601182600.4999999,derived_ohlc4
HOSE_HPG,HPG,2021-05-04 09:00:00,681,2,21.52,22.68,21.4,22.45,32996000,726324450.0,derived_ohlc4
HOSE_HPG,HPG,2021-05-05 09:00:00,682,2,22.53,22.64,22.27,22.27,24468200,548760555.5,derived_ohlc4
HOSE_HPG,HPG,2021-05-06 09:00:00,683,2,22.27,22.64,22.08,22.3,21609700,482382528.24999994,derived_ohlc4
HOSE_HPG,HPG,2021-05-07 09:00:00,684,2,22.23,23.09,22.19,22.83,29552700,667447729.5,derived_ohlc4
HOSE_HPG,HPG,2021-05-10 09:00:00,685,2,22.83,23.77,22.83,23.66,28160100,655355927.2499999,derived_ohlc4
HOSE_HPG,HPG,2021-05-11 09:00:00,686,2,23.77,23.77,23.28,23.28,29565200,695521330.0,derived_ohlc4
HOSE_HPG,HPG,2021-05-12 09:00:00,687,2,23.13,23.54,23.02,23.54,29316300,683289662.2499999,derived_ohlc4
HOSE_HPG,HPG,2021-05-13 09:00:00,688,2,23.43,23.66,23.09,23.09,24654400,574878972.0000001,derived_ohlc4
HOSE_HPG,HPG,2021-05-14 09:00:00,689,2,23.28,23.47,22.9,23.06,31815400,737401433.5000001,derived_ohlc4
HOSE_HPG,HPG,2021-05-17 09:00:00,690,2,23.06,23.43,22.76,23.24,34004200,786262114.5,derived_ohlc4
HOSE_HPG,HPG,2021-05-18 09:00:00,691,2,23.47,23.92,23.47,23.81,39146300,926495055.25,derived_ohlc4
HOSE_HPG,HPG,2021-05-19 09:00:00,692,2,24.03,25.04,23.84,24.82,28407500,694066243.7499999,derived_ohlc4
HOSE_HPG,HPG,2021-05-20 09:00:00,693,2,24.86,25.04,24.6,25.01,21552100,536162367.75,derived_ohlc4
HOSE_HPG,HPG,2021-05-21 09:00:00,694,2,24.82,24.93,24.56,24.63,22951900,567715246.5,derived_ohlc4
HOSE_HPG,HPG,2021-05-24 09:00:00,695,2,24.63,24.82,24.41,24.56,23592200,580486081.0,derived_ohlc4
HOSE_HPG,HPG,2021-05-25 09:00:00,696,2,24.52,25.46,24.48,25.31,22689000,565920382.5,derived_ohlc4
HOSE_HPG,HPG,2021-05-26 09:00:00,697,2,25.31,25.46,25.23,25.46,15485000,392777025.00000006,derived_ohlc4
HOSE_HPG,HPG,2021-05-27 09:00:00,698,2,25.42,25.46,24.86,25.08,19165200,483058866.00000006,derived_ohlc4
HOSE_HPG,HPG,2021-05-28 09:00:00,699,2,25.2,25.27,24.86,25.2,30138100,757445798.25,derived_ohlc4
HOSE_HPG,HPG,2021-05-31 09:00:00,700,2,26.93,26.93,26.47,26.93,60309100,1617188516.4999998,derived_ohlc4
HOSE_HPG,HPG,2021-06-01 09:00:00,701,2,27.9,28.77,27.6,28.36,33413400,940837810.5000001,derived_ohlc4
HOSE_HPG,HPG,2021-06-02 09:00:00,702,2,28.11,28.36,27.09,27.6,40000100,1111602779.0,derived_ohlc4
HOSE_HPG,HPG,2021-06-03 09:00:00,703,2,27.6,27.9,27.09,27.75,36969900,1019814691.5,derived_ohlc4
HOSE_HPG,HPG,2021-06-04 09:00:00,704,2,27.85,28.26,27.75,27.85,31679400,884726443.5000001,derived_ohlc4
HOSE_HPG,HPG,2021-06-07 09:00:00,705,2,27.9,28.11,26.58,26.93,34653300,948807354.0000001,derived_ohlc4
HOSE_HPG,HPG,2021-06-08 09:00:00,706,2,26.73,27.04,25.55,25.55,38486300,1009014570.2499999,derived_ohlc4
HOSE_HPG,HPG,2021-06-09 09:00:00,707,2,25.5,26.27,25.04,25.71,40956800,1049722784.0000001,derived_ohlc4
HOSE_HPG,HPG,2021-06-10 09:00:00,708,2,25.66,26.88,25.55,26.37,29312900,765506383.5,derived_ohlc4
HOSE_HPG,HPG,2021-06-11 09:00:00,709,2,26.63,27.19,26.37,27.14,29030300,778955524.75,derived_ohlc4
HOSE_HPG,HPG,2021-06-14 09:00:00,710,2,27.34,27.75,26.98,27.39,28587500,782296937.5,derived_ohlc4
HOSE_HPG,HPG,2021-06-15 09:00:00,711,2,27.09,27.39,26.93,27.19,21707700,589364055.0,derived_ohlc4
HOSE_HPG,HPG,2021-06-16 09:00:00,712,2,26.98,27.09,26.32,26.47,28929200,772843578.0,derived_ohlc4
HOSE_HPG,HPG,2021-06-17 09:00:00,713,2,26.01,26.52,26.01,26.27,20215900,529707119.75,derived_ohlc4
HOSE_HPG,HPG,2021-06-18 09:00:00,714,2,26.52,27.24,26.27,26.63,28992700,773090345.5,derived_ohlc4
HOSE_HPG,HPG,2021-06-21 09:00:00,715,2,26.58,26.83,26.17,26.17,22610800,597773025.0,derived_ohlc4
HOSE_HPG,HPG,2021-06-22 09:00:00,716,2,26.32,26.78,26.17,26.42,18459100,487735569.75000006,derived_ohlc4
HOSE_HPG,HPG,2021-06-23 09:00:00,717,2,26.37,26.52,26.12,26.27,18559200,488478144.0,derived_ohlc4
HOSE_HPG,HPG,2021-06-24 09:00:00,718,2,26.27,26.42,25.81,25.86,19985600,521424304.0,derived_ohlc4
HOSE_HPG,HPG,2021-06-25 09:00:00,719,2,25.91,26.17,25.45,25.91,26191200,677304432.0,derived_ohlc4
HOSE_HPG,HPG,2021-06-28 09:00:00,720,2,26.22,26.83,25.96,26.78,39158500,1035644428.7499999,derived_ohlc4
HOSE_HPG,HPG,2021-06-29 09:00:00,721,2,26.83,26.88,26.42,26.47,19830300,528477495.0,derived_ohlc4
HOSE_HPG,HPG,2021-06-30 09:00:00,722,2,26.52,26.68,26.27,26.32,18899100,499833947.24999994,derived_ohlc4
HOSE_HPG,HPG,2021-07-01 09:00:00,723,2,26.42,27.04,26.37,26.98,39670000,1059288175.0,derived_ohlc4
HOSE_HPG,HPG,2021-07-02 09:00:00,724,2,27.09,27.29,26.68,26.73,30058700,810006818.25,derived_ohlc4
HOSE_HPG,HPG,2021-07-05 09:00:00,725,2,26.73,26.73,25.96,26.17,37065500,978436536.25,derived_ohlc4
HOSE_HPG,HPG,2021-07-06 09:00:00,726,2,26.12,26.68,24.53,24.53,39626500,1009088822.5,derived_ohlc4
HOSE_HPG,HPG,2021-07-07 09:00:00,727,2,25.04,25.5,24.45,25.5,40552700,1018785205.75,derived_ohlc4
HOSE_HPG,HPG,2021-07-08 09:00:00,728,2,25.5,25.6,24.84,25.04,30632700,773322511.4999999,derived_ohlc4
HOSE_HPG,HPG,2021-07-09 09:00:00,729,2,24.79,25.09,23.51,24.17,46892600,1143710514.0,derived_ohlc4
HOSE_HPG,HPG,2021-07-12 09:00:00,730,2,23.87,23.97,22.49,22.97,75500300,1761044497.5,derived_ohlc4
HOSE_HPG,HPG,2021-07-13 09:00:00,731,2,23.25,23.51,22.77,23.25,25498600,591440027.0,derived_ohlc4
HOSE_HPG,HPG,2021-07-14 09:00:00,732,2,23.46,23.51,22.67,23.0,27431000,635301960.0,derived_ohlc4
HOSE_HPG,HPG,2021-07-15 09:00:00,733,2,22.79,23.94,22.79,23.76,28546500,665704380.0000001,derived_ohlc4
HOSE_HPG,HPG,2021-07-16 09:00:00,734,2,23.87,24.25,23.76,23.89,22253900,532814000.75000006,derived_ohlc4
HOSE_HPG,HPG,2021-07-19 09:00:00,735,2,23.33,23.46,22.49,22.64,39426100,906011778.0,derived_ohlc4
HOSE_HPG,HPG,2021-07-20 09:00:00,736,2,23.0,24.17,22.72,24.17,40965600,963306084.0,derived_ohlc4
HOSE_HPG,HPG,2021-07-21 09:00:00,737,2,24.28,24.43,23.82,23.89,21335700,514297048.5,derived_ohlc4
HOSE_HPG,HPG,2021-07-22 09:00:00,738,2,23.87,24.38,23.66,24.12,21494600,516031609.5,derived_ohlc4
HOSE_HPG,HPG,2021-07-23 09:00:00,739,2,23.92,24.02,23.41,23.41,28904400,684745235.9999999,derived_ohlc4
HOSE_HPG,HPG,2021-07-26 09:00:00,740,2,23.25,23.56,22.82,23.3,23485200,545619909.0,derived_ohlc4
HOSE_HPG,HPG,2021-07-27 09:00:00,741,2,23.51,23.92,23.36,23.61,18206300,429668680.0,derived_ohlc4
HOSE_HPG,HPG,2021-07-28 09:00:00,742,2,23.66,24.07,23.61,23.87,21215200,504974798.00000006,derived_ohlc4
HOSE_HPG,HPG,2021-07-29 09:00:00,743,2,23.99,24.38,23.92,24.07,32783300,789749696.9999999,derived_ohlc4
HOSE_HPG,HPG,2021-07-30 09:00:00,744,2,24.07,24.33,24.07,24.17,23016300,556073808.0,derived_ohlc4
HOSE_HPG,HPG,2021-08-02 09:00:00,745,2,24.07,24.48,23.97,24.15,24207000,585022672.4999999,derived_ohlc4
HOSE_HPG,HPG,2021-08-03 09:00:00,746,2,24.17,24.35,23.89,24.15,28297300,683096822.0,derived_ohlc4
HOSE_HPG,HPG,2021-08-04 09:00:00,747,2,24.3,24.53,24.15,24.28,24329100,591562066.5,derived_ohlc4
HOSE_HPG,HPG,2021-08-05 09:00:00,748,2,24.25,25.04,24.2,24.94,29704100,730943640.75,derived_ohlc4
HOSE_HPG,HPG,2021-08-06 09:00:00,749,2,24.84,25.09,24.68,24.74,20101800,499278457.5,derived_ohlc4
HOSE_HPG,HPG,2021-08-09 09:00:00,750,2,24.58,25.4,24.51,25.4,30419600,759653460.9999999,derived_ohlc4
HOSE_HPG,HPG,2021-08-10 09:00:00,751,2,25.6,25.81,25.09,25.25,23318400,593161800.0,derived_ohlc4
HOSE_HPG,HPG,2021-08-11 09:00:00,752,2,25.45,25.45,25.02,25.02,21895900,552543036.5,derived_ohlc4
HOSE_HPG,HPG,2021-08-12 09:00:00,753,2,24.99,25.04,24.74,24.74,21547600,536050418.99999994,derived_ohlc4
HOSE_HPG,HPG,2021-08-13 09:00:00,754,2,24.74,24.89,24.38,24.86,25809500,637946316.2499999,derived_ohlc4
HOSE_HPG,HPG,2021-08-16 09:00:00,755,2,25.04,25.3,25.02,25.27,22222700,559067575.25,derived_ohlc4
HOSE_HPG,HPG,2021-08-17 09:00:00,756,2,25.37,26.01,25.35,25.76,45483400,1165398416.5,derived_ohlc4
HOSE_HPG,HPG,2021-08-18 09:00:00,757,2,25.81,26.01,25.5,25.76,20163600,519615972.0,derived_ohlc4
HOSE_HPG,HPG,2021-08-19 09:00:00,758,2,25.86,26.22,25.76,26.01,27506300,714132313.75,derived_ohlc4
HOSE_HPG,HPG,2021-08-20 09:00:00,759,2,25.96,26.06,24.63,25.04,49333500,1254180903.75,derived_ohlc4
HOSE_HPG,HPG,2021-08-23 09:00:00,760,2,25.04,25.04,24.28,24.28,32825800,809484228.0,derived_ohlc4
HOSE_HPG,HPG,2021-08-24 09:00:00,761,2,24.33,24.66,24.28,24.4,21929400,535461124.49999994,derived_ohlc4
HOSE_HPG,HPG,2021-08-25 09:00:00,762,2,24.51,24.79,24.22,24.74,16402800,402934781.99999994,derived_ohlc4
HOSE_HPG,HPG,2021-08-26 09:00:00,763,2,24.84,24.84,24.3,24.38,13857800,340763302.0,derived_ohlc4
HOSE_HPG,HPG,2021-08-27 09:00:00,764,2,24.28,24.45,23.89,24.33,24491000,593600612.5,derived_ohlc4
HOSE_HPG,HPG,2021-08-30 09:00:00,765,2,24.53,24.91,24.35,24.89,17004600,419503481.99999994,derived_ohlc4
HOSE_HPG,HPG,2021-08-31 09:00:00,766,2,25.04,25.4,24.94,25.2,25872600,650566527.0,derived_ohlc4
HOSE_HPG,HPG,2021-09-01 09:00:00,767,2,25.04,25.32,24.99,25.14,15066500,378508146.25,derived_ohlc4
HOSE_HPG,HPG,2021-09-06 09:00:00,768,2,25.3,26.27,25.25,26.17,48098900,1238426427.75,derived_ohlc4
HOSE_HPG,HPG,2021-09-07 09:00:00,769,2,26.37,26.58,25.86,25.91,31246800,818041224.0,derived_ohlc4
HOSE_HPG,HPG,2021-09-08 09:00:00,770,2,25.91,26.52,25.76,26.22,33040000,862426600.0,derived_ohlc4
HOSE_HPG,HPG,2021-09-09 09:00:00,771,2,26.37,26.78,26.32,26.52,36718200,972940504.5,derived_ohlc4
HOSE_HPG,HPG,2021-09-10 09:00:00,772,2,26.58,26.68,26.27,26.32,17217900,455628678.75,derived_ohlc4
HOSE_HPG,HPG,2021-09-13 09:00:00,773,2,26.32,26.32,25.91,25.96,27227400,711383893.4999999,derived_ohlc4
HOSE_HPG,HPG,2021-09-14 09:00:00,774,2,25.96,26.06,25.66,25.71,22432900,579834382.7499999,derived_ohlc4
HOSE_HPG,HPG,2021-09-15 09:00:00,775,2,25.6,26.58,25.5,26.37,25908900,673955261.2500001,derived_ohlc4
HOSE_HPG,HPG,2021-09-16 09:00:00,776,2,26.58,26.73,26.22,26.22,17982000,475399125.0,derived_ohlc4
HOSE_HPG,HPG,2021-09-17 09:00:00,777,2,26.27,26.58,26.22,26.47,24548600,647714811.0,derived_ohlc4
HOSE_HPG,HPG,2021-09-20 09:00:00,778,2,26.78,26.78,26.01,26.22,32328300,855002714.25,derived_ohlc4
HOSE_HPG,HPG,2021-09-21 09:00:00,779,2,25.86,26.17,25.66,25.96,28847000,747497887.5,derived_ohlc4
HOSE_HPG,HPG,2021-09-22 09:00:00,780,2,25.96,26.12,25.86,26.01,13143800,341574502.5,derived_ohlc4
HOSE_HPG,HPG,2021-09-23 09:00:00,781,2,26.22,26.52,26.01,26.06,17773400,465707513.5,derived_ohlc4
HOSE_HPG,HPG,2021-09-24 09:00:00,782,2,26.06,26.42,25.91,25.96,15884400,414384285.0,derived_ohlc4
HOSE_HPG,HPG,2021-09-27 09:00:00,783,2,26.27,26.58,25.96,25.96,28469400,745684759.5000001,derived_ohlc4
HOSE_HPG,HPG,2021-09-28 09:00:00,784,2,25.86,26.93,25.86,26.88,35611100,939509845.75,derived_ohlc4
HOSE_HPG,HPG,2021-09-29 09:00:00,785,2,26.93,27.39,26.88,27.24,34898800,946106468.0,derived_ohlc4
HOSE_HPG,HPG,2021-09-30 09:00:00,786,2,27.44,27.44,26.98,27.04,23148500,630217912.5,derived_ohlc4
HOSE_HPG,HPG,2021-10-01 09:00:00,787,2,27.04,27.44,26.93,27.29,30478300,828247802.4999999,derived_ohlc4
HOSE_HPG,HPG,2021-10-04 09:00:00,788,2,27.55,28.57,27.55,28.36,45357500,1270350181.25,derived_ohlc4
HOSE_HPG,HPG,2021-10-05 09:00:00,789,2,28.36,28.57,28.16,28.26,26571500,752969881.25,derived_ohlc4
HOSE_HPG,HPG,2021-10-06 09:00:00,790,2,28.52,28.77,28.31,28.67,26766100,764640561.75,derived_ohlc4
HOSE_HPG,HPG,2021-10-07 09:00:00,791,2,28.82,28.98,28.36,28.42,26772300,766892533.5,derived_ohlc4
HOSE_HPG,HPG,2021-10-08 09:00:00,792,2,28.52,28.72,28.21,28.47,21693600,617833727.9999999,derived_ohlc4
HOSE_HPG,HPG,2021-10-11 09:00:00,793,2,28.67,29.28,28.47,29.23,25548600,738673897.5,derived_ohlc4
HOSE_HPG,HPG,2021-10-12 09:00:00,794,2,29.28,29.44,29.03,29.13,18107600,529104072.0,derived_ohlc4
HOSE_HPG,HPG,2021-10-13 09:00:00,795,2,29.13,29.34,28.88,29.03,15582700,453378656.5,derived_ohlc4
HOSE_HPG,HPG,2021-10-14 09:00:00,796,2,29.03,29.34,28.98,29.03,19279700,560942871.5,derived_ohlc4
HOSE_HPG,HPG,2021-10-15 09:00:00,797,2,29.28,29.49,29.13,29.28,18520000,542543400.0,derived_ohlc4
HOSE_HPG,HPG,2021-10-18 09:00:00,798,2,29.44,29.85,29.39,29.59,20737100,613144204.25,derived_ohlc4
HOSE_HPG,HPG,2021-10-19 09:00:00,799,2,29.44,29.64,29.18,29.23,23720900,696742135.25,derived_ohlc4
HOSE_HPG,HPG,2021-10-20 09:00:00,800,2,29.34,29.39,28.52,29.08,34660900,1008025624.25,derived_ohlc4
HOSE_HPG,HPG,2021-10-21 09:00:00,801,2,29.23,29.74,28.93,29.23,39192300,1147648524.75,derived_ohlc4
HOSE_HPG,HPG,2021-10-22 09:00:00,802,2,29.34,29.54,28.98,28.98,19849100,579792211.0,derived_ohlc4
HOSE_HPG,HPG,2021-10-25 09:00:00,803,2,28.88,28.98,28.16,28.16,41605900,1187640415.5,derived_ohlc4
HOSE_HPG,HPG,2021-10-26 09:00:00,804,2,28.01,28.77,27.7,28.77,27910500,790216031.25,derived_ohlc4
HOSE_HPG,HPG,2021-10-27 09:00:00,805,2,28.77,29.59,28.77,29.59,28938100,844413758.0,derived_ohlc4
HOSE_HPG,HPG,2021-10-28 09:00:00,806,2,29.59,29.74,29.28,29.64,21923800,648122337.5,derived_ohlc4
HOSE_HPG,HPG,2021-10-29 09:00:00,807,2,29.64,29.69,29.18,29.18,23878000,702550455.0,derived_ohlc4
HOSE_HPG,HPG,2021-11-01 09:00:00,808,2,29.18,29.18,28.47,28.47,45218500,1303423262.5,derived_ohlc4
HOSE_HPG,HPG,2021-11-02 09:00:00,809,2,28.36,28.82,28.21,28.36,25669500,729976406.25,derived_ohlc4
HOSE_HPG,HPG,2021-11-03 09:00:00,810,2,28.72,28.77,28.26,28.42,29867100,852481701.75,derived_ohlc4
HOSE_HPG,HPG,2021-11-04 09:00:00,811,2,28.42,29.08,28.42,28.77,14849100,425760819.75,derived_ohlc4
HOSE_HPG,HPG,2021-11-05 09:00:00,812,2,28.77,29.13,28.47,28.93,19377600,558559320.0,derived_ohlc4
HOSE_HPG,HPG,2021-11-08 09:00:00,813,2,29.08,29.13,28.72,29.03,21255400,616194046.0,derived_ohlc4
HOSE_HPG,HPG,2021-11-09 09:00:00,814,2,29.03,29.44,28.82,28.88,24717300,717852185.2499999,derived_ohlc4
HOSE_HPG,HPG,2021-11-10 09:00:00,815,2,28.88,28.93,28.21,28.26,43376600,1239269462.0000002,derived_ohlc4
HOSE_HPG,HPG,2021-11-11 09:00:00,816,2,28.11,28.26,27.39,27.6,54292800,1511511552.0000002,derived_ohlc4
HOSE_HPG,HPG,2021-11-12 09:00:00,817,2,27.55,28.01,27.5,27.9,20846900,578293006.0,derived_ohlc4
HOSE_HPG,HPG,2021-11-15 09:00:00,818,2,27.85,27.9,27.24,27.39,30647000,845703965.0,derived_ohlc4
HOSE_HPG,HPG,2021-11-16 09:00:00,819,2,27.24,27.39,26.58,26.58,39777000,1071890707.4999999,derived_ohlc4
HOSE_HPG,HPG,2021-11-17 09:00:00,820,2,26.58,26.88,26.27,26.27,30002700,795071549.9999999,derived_ohlc4
HOSE_HPG,HPG,2021-11-18 09:00:00,821,2,26.27,26.27,25.35,25.53,58606300,1515265886.5,derived_ohlc4
HOSE_HPG,HPG,2021-11-19 09:00:00,822,2,25.35,25.4,24.48,24.53,48471400,1208876716.0,derived_ohlc4
HOSE_HPG,HPG,2021-11-22 09:00:00,823,2,24.63,25.14,24.53,24.86,22630400,561007616.0,derived_ohlc4
HOSE_HPG,HPG,2021-11-23 09:00:00,824,2,24.99,25.45,24.84,25.32,15649600,393587440.0,derived_ohlc4
HOSE_HPG,HPG,2021-11-24 09:00:00,825,2,25.3,25.4,24.79,24.86,27126800,680543595.0,derived_ohlc4
HOSE_HPG,HPG,2021-11-25 09:00:00,826,2,24.89,25.22,24.89,25.17,21763400,545009944.5,derived_ohlc4
HOSE_HPG,HPG,2021-11-26 09:00:00,827,2,25.2,25.53,25.04,25.07,26729700,673855737.0,derived_ohlc4
HOSE_HPG,HPG,2021-11-29 09:00:00,828,2,24.63,24.99,24.63,24.74,21801500,539532621.25,derived_ohlc4
HOSE_HPG,HPG,2021-11-30 09:00:00,829,2,25.02,25.53,24.79,25.02,22176200,556400858.0,derived_ohlc4
HOSE_HPG,HPG,2021-12-01 09:00:00,830,2,25.3,25.3,24.99,25.04,13823900,347774764.25,derived_ohlc4
HOSE_HPG,HPG,2021-12-02 09:00:00,831,2,25.14,25.17,24.84,24.84,12832300,320775419.25,derived_ohlc4
HOSE_HPG,HPG,2021-12-03 09:00:00,832,2,24.94,25.12,24.38,24.38,21682500,535666162.49999994,derived_ohlc4
HOSE_HPG,HPG,2021-12-06 09:00:00,833,2,24.28,24.51,23.25,23.38,34633900,826191684.5,derived_ohlc4
HOSE_HPG,HPG,2021-12-07 09:00:00,834,2,23.74,24.33,23.51,24.33,21935200,525951258.0,derived_ohlc4
HOSE_HPG,HPG,2021-12-08 09:00:00,835,2,24.48,24.48,24.05,24.12,11108800,269749436.0,derived_ohlc4
HOSE_HPG,HPG,2021-12-09 09:00:00,836,2,23.97,24.17,23.92,24.07,10320400,248025013.0,derived_ohlc4
HOSE_HPG,HPG,2021-12-10 09:00:00,837,2,24.05,24.12,23.71,23.76,19427400,464509134.0,derived_ohlc4
HOSE_HPG,HPG,2021-12-13 09:00:00,838,2,23.79,24.1,23.66,23.79,14309600,341069316.0,derived_ohlc4
HOSE_HPG,HPG,2021-12-14 09:00:00,839,2,23.79,25.09,23.61,24.38,35676800,864002903.9999999,derived_ohlc4
HOSE_HPG,HPG,2021-12-15 09:00:00,840,2,24.53,24.84,24.38,24.43,9045500,222021797.50000003,derived_ohlc4
HOSE_HPG,HPG,2021-12-16 09:00:00,841,2,24.58,24.58,24.17,24.28,11030000,269159575.0,derived_ohlc4
HOSE_HPG,HPG,2021-12-17 09:00:00,842,2,24.2,24.3,23.82,23.87,22015600,529420141.0,derived_ohlc4
HOSE_HPG,HPG,2021-12-20 09:00:00,843,2,23.87,24.2,23.76,23.97,9986400,239174280.0,derived_ohlc4
HOSE_HPG,HPG,2021-12-21 09:00:00,844,2,23.97,23.99,23.56,23.56,17094400,406333888.0,derived_ohlc4
HOSE_HPG,HPG,2021-12-22 09:00:00,845,2,23.66,23.76,23.05,23.05,24665900,576688742.0,derived_ohlc4
HOSE_HPG,HPG,2021-12-23 09:00:00,846,2,23.05,23.05,22.54,22.97,26674000,610901285.0,derived_ohlc4
HOSE_HPG,HPG,2021-12-24 09:00:00,847,2,23.15,23.84,23.13,23.53,19168600,448784847.49999994,derived_ohlc4
HOSE_HPG,HPG,2021-12-27 09:00:00,848,2,23.79,23.82,23.28,23.46,10675000,251796562.49999997,derived_ohlc4
HOSE_HPG,HPG,2021-12-28 09:00:00,849,2,23.46,23.87,23.3,23.41,12356700,290506017.0,derived_ohlc4
HOSE_HPG,HPG,2021-12-29 09:00:00,850,2,23.41,23.66,23.25,23.41,15118200,354257221.49999994,derived_ohlc4
HOSE_HPG,HPG,2021-12-30 09:00:00,851,2,23.66,23.66,23.36,23.36,10285000,241800350.00000003,derived_ohlc4
HOSE_HPG,HPG,2021-12-31 09:00:00,852,2,23.51,23.84,23.43,23.71,13781200,325546397.00000006,derived_ohlc4
HOSE_HPG,HPG,2022-01-04 09:00:00,853,2,23.92,24.12,23.82,23.89,20100700,481160506.25000006,derived_ohlc4
HOSE_HPG,HPG,2022-01-05 09:00:00,854,2,23.97,24.2,23.92,23.92,18760700,450303701.75,derived_ohlc4
HOSE_HPG,HPG,2022-01-06 09:00:00,855,2,23.76,23.87,23.56,23.56,17172700,406778331.25,derived_ohlc4
HOSE_HPG,HPG,2022-01-07 09:00:00,856,2,23.56,23.61,23.33,23.41,16335300,383512005.75,derived_ohlc4
HOSE_HPG,HPG,2022-01-10 09:00:00,857,2,23.43,23.84,23.25,23.33,17477500,410065843.75,derived_ohlc4
HOSE_HPG,HPG,2022-01-11 09:00:00,858,2,23.53,23.53,23.05,23.05,12758500,297145465.0,derived_ohlc4
HOSE_HPG,HPG,2022-01-12 09:00:00,859,2,23.1,23.64,23.08,23.61,14686700,343044595.25,derived_ohlc4
HOSE_HPG,HPG,2022-01-13 09:00:00,860,2,23.66,24.17,23.61,23.87,24990100,595451607.75,derived_ohlc4
HOSE_HPG,HPG,2022-01-14 09:00:00,861,2,23.76,23.94,23.61,23.64,7902000,187573725.0,derived_ohlc4
HOSE_HPG,HPG,2022-01-17 09:00:00,862,2,23.64,23.76,22.84,22.84,21661200,504056124.00000006,derived_ohlc4
HOSE_HPG,HPG,2022-01-18 09:00:00,863,2,22.74,23.13,21.98,22.49,21441900,484265311.49999994,derived_ohlc4
HOSE_HPG,HPG,2022-01-19 09:00:00,864,2,22.69,22.77,22.21,22.23,17705400,397928865.0,derived_ohlc4
HOSE_HPG,HPG,2022-01-20 09:00:00,865,2,22.38,22.59,22.13,22.49,14665400,328468296.49999994,derived_ohlc4
HOSE_HPG,HPG,2022-01-21 09:00:00,866,2,22.49,22.72,22.03,22.13,16277300,363675575.24999994,derived_ohlc4
HOSE_HPG,HPG,2022-01-24 09:00:00,867,2,22.03,22.08,20.8,20.8,29425200,630508473.0,derived_ohlc4
HOSE_HPG,HPG,2022-01-25 09:00:00,868,2,20.7,22.13,20.54,22.1,17887600,382213293.0,derived_ohlc4
HOSE_HPG,HPG,2022-01-26 09:00:00,869,2,22.23,22.72,22.21,22.21,15205400,339726649.5,derived_ohlc4
HOSE_HPG,HPG,2022-01-27 09:00:00,870,2,22.08,22.23,21.46,21.54,14700800,320881712.0,derived_ohlc4
HOSE_HPG,HPG,2022-01-28 09:00:00,871,2,21.59,21.87,21.31,21.57,14941600,322514436.0,derived_ohlc4
HOSE_HPG,HPG,2022-02-07 09:00:00,872,2,21.87,22.33,21.36,22.0,16609600,363584144.0,derived_ohlc4
HOSE_HPG,HPG,2022-02-08 09:00:00,873,2,21.98,23.28,21.98,23.28,26528800,600346744.0000001,derived_ohlc4
HOSE_HPG,HPG,2022-02-09 09:00:00,874,2,23.41,24.68,23.36,24.17,40297200,963304566.0,derived_ohlc4
HOSE_HPG,HPG,2022-02-10 09:00:00,875,2,24.22,24.48,23.87,24.02,23598200,569837534.5,derived_ohlc4
HOSE_HPG,HPG,2022-02-11 09:00:00,876,2,23.82,24.28,23.66,24.1,17343300,415632184.50000006,derived_ohlc4
HOSE_HPG,HPG,2022-02-14 09:00:00,877,2,23.76,24.28,23.59,23.61,18246700,434453927.00000006,derived_ohlc4
HOSE_HPG,HPG,2022-02-15 09:00:00,878,2,23.61,23.79,23.2,23.51,15564400,366191421.0,derived_ohlc4
HOSE_HPG,HPG,2022-02-16 09:00:00,879,2,23.56,23.76,23.3,23.51,9350300,220035934.75000003,derived_ohlc4
HOSE_HPG,HPG,2022-02-17 09:00:00,880,2,23.51,23.89,23.51,23.76,11353300,268704227.75000006,derived_ohlc4
HOSE_HPG,HPG,2022-02-18 09:00:00,881,2,23.61,24.35,23.53,24.05,21375700,510558594.50000006,derived_ohlc4
HOSE_HPG,HPG,2022-02-21 09:00:00,882,2,24.07,24.28,23.79,23.84,12177300,292194313.5,derived_ohlc4
HOSE_HPG,HPG,2022-02-22 09:00:00,883,2,23.66,23.82,23.36,23.71,17669600,417665170.00000006,derived_ohlc4
HOSE_HPG,HPG,2022-02-23 09:00:00,884,2,23.84,24.12,23.64,23.87,12981100,309826404.25,derived_ohlc4
HOSE_HPG,HPG,2022-02-24 09:00:00,885,2,23.89,23.94,23.05,23.51,22445800,529664765.5,derived_ohlc4
HOSE_HPG,HPG,2022-02-25 09:00:00,886,2,23.56,23.69,23.46,23.46,12775700,300771917.25000006,derived_ohlc4
HOSE_HPG,HPG,2022-02-28 09:00:00,887,2,23.53,24.43,23.53,24.12,35200100,841370390.2500001,derived_ohlc4
HOSE_HPG,HPG,2022-03-01 09:00:00,888,2,24.38,24.58,23.94,23.97,23374000,566059845.0,derived_ohlc4
HOSE_HPG,HPG,2022-03-02 09:00:00,889,2,24.02,24.2,23.82,23.97,19896100,477556140.24999994,derived_ohlc4
HOSE_HPG,HPG,2022-03-03 09:00:00,890,2,24.33,25.6,24.17,25.6,76236800,1900202239.9999998,derived_ohlc4
HOSE_HPG,HPG,2022-03-04 09:00:00,891,2,26.06,26.22,25.45,25.45,33378900,861008725.5,derived_ohlc4
HOSE_HPG,HPG,2022-03-07 09:00:00,892,2,25.66,26.83,25.55,26.12,38456100,1001396844.0,derived_ohlc4
HOSE_HPG,HPG,2022-03-08 09:00:00,893,2,25.86,26.17,25.27,25.27,40509400,1038762289.4999999,derived_ohlc4
HOSE_HPG,HPG,2022-03-09 09:00:00,894,2,25.55,25.71,24.96,25.48,34775200,884159460.0,derived_ohlc4
HOSE_HPG,HPG,2022-03-10 09:00:00,895,2,25.55,25.6,25.09,25.12,26828300,679829122.0000001,derived_ohlc4
HOSE_HPG,HPG,2022-03-11 09:00:00,896,2,25.14,25.2,23.94,24.33,44340200,1093096780.5,derived_ohlc4
HOSE_HPG,HPG,2022-03-14 09:00:00,897,2,24.17,24.63,23.41,23.41,33845300,809071896.4999999,derived_ohlc4
HOSE_HPG,HPG,2022-03-15 09:00:00,898,2,23.48,23.87,23.23,23.59,20864200,491195428.5,derived_ohlc4
HOSE_HPG,HPG,2022-03-16 09:00:00,899,2,23.97,24.1,23.61,23.61,11418800,272024363.0,derived_ohlc4
HOSE_HPG,HPG,2022-03-17 09:00:00,900,2,23.82,23.87,23.46,23.48,14957700,353861787.75000006,derived_ohlc4
HOSE_HPG,HPG,2022-03-18 09:00:00,901,2,23.61,23.94,23.53,23.76,17727600,420321396.0,derived_ohlc4
HOSE_HPG,HPG,2022-03-21 09:00:00,902,2,23.87,24.12,23.71,23.94,19313200,461778612.0,derived_ohlc4
HOSE_HPG,HPG,2022-03-22 09:00:00,903,2,23.97,23.99,23.66,23.97,22965400,548815646.4999999,derived_ohlc4
HOSE_HPG,HPG,2022-03-23 09:00:00,904,2,24.12,24.25,23.92,23.92,17291200,415896588.00000006,derived_ohlc4
HOSE_HPG,HPG,2022-03-24 09:00:00,905,2,24.02,24.02,23.69,23.71,14927500,356170150.0,derived_ohlc4
HOSE_HPG,HPG,2022-03-25 09:00:00,906,2,23.79,23.99,23.61,23.71,13444600,319645365.0,derived_ohlc4
HOSE_HPG,HPG,2022-03-28 09:00:00,907,2,23.56,23.94,23.41,23.46,19505200,460176431.0,derived_ohlc4
HOSE_HPG,HPG,2022-03-29 09:00:00,908,2,23.61,23.64,23.41,23.43,12986000,305463185.0,derived_ohlc4
HOSE_HPG,HPG,2022-03-30 09:00:00,909,2,23.41,23.71,23.2,23.25,15726700,367886829.75,derived_ohlc4
HOSE_HPG,HPG,2022-03-31 09:00:00,910,2,23.33,23.48,22.9,23.05,18892300,438112437.0,derived_ohlc4
HOSE_HPG,HPG,2022-04-01 09:00:00,911,2,23.0,23.51,22.74,23.36,19701900,456148239.75,derived_ohlc4
HOSE_HPG,HPG,2022-04-04 09:00:00,912,2,23.51,23.66,23.38,23.43,12156300,285612268.49999994,derived_ohlc4
HOSE_HPG,HPG,2022-04-05 09:00:00,913,2,23.51,23.71,23.48,23.56,12124200,285706773.0,derived_ohlc4
HOSE_HPG,HPG,2022-04-06 09:00:00,914,2,23.51,24.51,23.51,24.15,29707400,710601008.0,derived_ohlc4
HOSE_HPG,HPG,2022-04-07 09:00:00,915,2,24.28,24.33,23.79,23.79,14512900,348998962.75,derived_ohlc4
HOSE_HPG,HPG,2022-04-08 09:00:00,916,2,23.89,24.05,23.69,23.71,13738800,327464298.0,derived_ohlc4
HOSE_HPG,HPG,2022-04-12 09:00:00,917,2,23.76,23.76,23.02,23.05,18233500,426618316.25,derived_ohlc4
HOSE_HPG,HPG,2022-04-13 09:00:00,918,2,23.15,23.23,22.84,23.1,12712600,293406808.0,derived_ohlc4
HOSE_HPG,HPG,2022-04-14 09:00:00,919,2,23.15,23.28,22.95,22.95,12038800,277885601.0,derived_ohlc4
HOSE_HPG,HPG,2022-04-15 09:00:00,920,2,23.0,23.0,22.56,22.59,18378500,418800068.75,derived_ohlc4
HOSE_HPG,HPG,2022-04-18 09:00:00,921,2,22.51,22.77,21.8,21.8,23186000,515192920.0,derived_ohlc4
HOSE_HPG,HPG,2022-04-19 09:00:00,922,2,21.98,22.44,21.92,22.13,19054800,421444539.0,derived_ohlc4
HOSE_HPG,HPG,2022-04-20 09:00:00,923,2,22.23,22.49,22.03,22.08,13236800,293956236.0,derived_ohlc4
HOSE_HPG,HPG,2022-04-21 09:00:00,924,2,21.98,22.54,21.52,22.16,17812100,392756804.99999994,derived_ohlc4
HOSE_HPG,HPG,2022-04-22 09:00:00,925,2,22.49,22.51,21.64,22.38,12698000,282593990.0,derived_ohlc4
HOSE_HPG,HPG,2022-04-25 09:00:00,926,2,22.38,22.38,20.83,20.83,29055100,627735435.5,derived_ohlc4
HOSE_HPG,HPG,2022-04-26 09:00:00,927,2,20.52,21.16,20.24,21.06,23280100,482945674.5,derived_ohlc4
HOSE_HPG,HPG,2022-04-27 09:00:00,928,2,21.06,21.92,21.0,21.72,18780400,402370070.0,derived_ohlc4
HOSE_HPG,HPG,2022-04-28 09:00:00,929,2,21.72,22.21,21.72,22.03,13611800,298370656.0,derived_ohlc4
HOSE_HPG,HPG,2022-04-29 09:00:00,930,2,21.92,22.18,21.9,22.13,12347800,272052903.5,derived_ohlc4
HOSE_HPG,HPG,2022-05-04 09:00:00,931,2,22.13,22.13,21.46,21.46,14901300,324773833.5,derived_ohlc4
HOSE_HPG,HPG,2022-05-05 09:00:00,932,2,21.77,21.77,21.21,21.49,13817300,297900988.0,derived_ohlc4
HOSE_HPG,HPG,2022-05-06 09:00:00,933,2,21.16,21.98,21.16,21.36,15010600,321451999.0,derived_ohlc4
HOSE_HPG,HPG,2022-05-09 09:00:00,934,2,21.21,21.41,20.42,20.42,26283600,548407314.0,derived_ohlc4
HOSE_HPG,HPG,2022-05-10 09:00:00,935,2,20.19,21.0,19.78,21.0,19440000,398374200.0,derived_ohlc4
HOSE_HPG,HPG,2022-05-11 09:00:00,936,2,20.95,21.11,20.72,20.78,9559800,199704222.0,derived_ohlc4
HOSE_HPG,HPG,2022-05-12 09:00:00,937,2,20.75,20.78,19.55,19.55,25252600,509029284.5,derived_ohlc4
HOSE_HPG,HPG,2022-05-13 09:00:00,938,2,19.5,19.7,18.27,18.35,42997700,815021403.4999999,derived_ohlc4
HOSE_HPG,HPG,2022-05-16 09:00:00,939,2,18.93,19.16,18.55,18.55,29389700,552452885.75,derived_ohlc4
HOSE_HPG,HPG,2022-05-17 09:00:00,940,2,18.5,19.52,18.4,19.52,23415100,444535673.5,derived_ohlc4
HOSE_HPG,HPG,2022-05-18 09:00:00,941,2,19.62,19.78,19.34,19.52,16073200,314472158.0,derived_ohlc4
HOSE_HPG,HPG,2022-05-19 09:00:00,942,2,19.06,19.47,18.83,19.37,16040000,307687300.0,derived_ohlc4
HOSE_HPG,HPG,2022-05-20 09:00:00,943,2,19.27,19.32,19.04,19.24,13929400,267688244.50000003,derived_ohlc4
HOSE_HPG,HPG,2022-05-23 09:00:00,944,2,19.4,19.52,18.55,18.78,10178900,194035281.25,derived_ohlc4
HOSE_HPG,HPG,2022-05-24 09:00:00,945,2,18.78,18.91,17.48,17.84,42201300,770279228.25,derived_ohlc4
HOSE_HPG,HPG,2022-05-25 09:00:00,946,2,17.63,17.86,16.89,17.61,39418000,689716455.0,derived_ohlc4
HOSE_HPG,HPG,2022-05-26 09:00:00,947,2,17.89,18.19,17.66,17.89,16225800,290563513.5,derived_ohlc4
HOSE_HPG,HPG,2022-05-27 09:00:00,948,2,17.89,18.35,17.78,18.12,17591900,317269916.5,derived_ohlc4
HOSE_HPG,HPG,2022-05-30 09:00:00,949,2,18.14,18.32,18.04,18.12,15054500,273314447.5,derived_ohlc4
HOSE_HPG,HPG,2022-05-31 09:00:00,950,2,18.07,18.07,17.63,17.73,18840200,336768575.0,derived_ohlc4
HOSE_HPG,HPG,2022-06-01 09:00:00,951,2,17.63,17.78,17.27,17.56,21644600,380079176.0,derived_ohlc4
HOSE_HPG,HPG,2022-06-02 09:00:00,952,2,17.38,17.53,16.89,16.94,25380600,436165610.99999994,derived_ohlc4
HOSE_HPG,HPG,2022-06-03 09:00:00,953,2,17.02,17.38,16.99,17.07,14709900,251759938.50000003,derived_ohlc4
HOSE_HPG,HPG,2022-06-06 09:00:00,954,2,17.45,17.5,16.92,17.02,17769400,306033491.5,derived_ohlc4
HOSE_HPG,HPG,2022-06-07 09:00:00,955,2,17.02,17.15,16.69,16.97,19376400,328575303.0,derived_ohlc4
HOSE_HPG,HPG,2022-06-08 09:00:00,956,2,17.02,17.1,16.74,16.81,24841800,420261151.5,derived_ohlc4
HOSE_HPG,HPG,2022-06-09 09:00:00,957,2,16.81,17.66,16.74,17.27,26979900,461895887.99999994,derived_ohlc4
HOSE_HPG,HPG,2022-06-10 09:00:00,958,2,17.27,17.5,17.17,17.17,15182300,262312188.25,derived_ohlc4
HOSE_HPG,HPG,2022-06-13 09:00:00,959,2,16.86,17.12,16.2,16.25,21236000,352676870.00000006,derived_ohlc4
HOSE_HPG,HPG,2022-06-14 09:00:00,960,2,16.1,16.12,15.43,15.48,28438400,448829047.99999994,derived_ohlc4
HOSE_HPG,HPG,2022-06-15 09:00:00,961,2,15.38,15.79,14.74,15.02,28702400,437209308.00000006,derived_ohlc4
HOSE_HPG,HPG,2022-06-16 09:00:00,962,2,15.41,16.02,15.28,15.84,33385900,522072011.25,derived_ohlc4
HOSE_HPG,HPG,2022-06-17 09:00:00,963,2,15.84,15.88,14.83,15.67,30237200,470339646.0,derived_ohlc4
HOSE_HPG,HPG,2022-06-20 09:00:00,964,2,15.37,15.54,14.59,14.59,37272900,559932140.25,derived_ohlc4
HOSE_HPG,HPG,2022-06-21 09:00:00,965,2,14.42,14.53,13.85,14.05,39935100,567577608.75,derived_ohlc4
HOSE_HPG,HPG,2022-06-22 09:00:00,966,2,14.09,14.86,14.09,14.53,21442500,308611181.25,derived_ohlc4
HOSE_HPG,HPG,2022-06-23 09:00:00,967,2,14.53,14.76,14.53,14.73,6926200,101382252.5,derived_ohlc4
HOSE_HPG,HPG,2022-06-24 09:00:00,968,2,14.76,15.2,14.66,14.73,12828800,190347320.00000003,derived_ohlc4
HOSE_HPG,HPG,2022-06-27 09:00:00,969,2,14.86,15.47,14.42,15.47,20739600,312234678.0,derived_ohlc4
HOSE_HPG,HPG,2022-06-28 09:00:00,970,2,15.44,15.44,15.03,15.2,17838300,272524628.25,derived_ohlc4
HOSE_HPG,HPG,2022-06-29 09:00:00,971,2,15.07,15.64,14.93,15.37,20190300,307952550.75,derived_ohlc4
HOSE_HPG,HPG,2022-06-30 09:00:00,972,2,15.47,15.81,15.07,15.07,19950600,306341463.0,derived_ohlc4
HOSE_HPG,HPG,2022-07-01 09:00:00,973,2,15.07,15.27,14.56,15.13,15200000,228114000.0,derived_ohlc4
HOSE_HPG,HPG,2022-07-04 09:00:00,974,2,15.3,15.3,14.86,14.86,12443200,187643456.0,derived_ohlc4
HOSE_HPG,HPG,2022-07-05 09:00:00,975,2,14.93,15.1,14.69,14.8,15093400,224589791.99999997,derived_ohlc4
HOSE_HPG,HPG,2022-07-06 09:00:00,976,2,14.66,15.03,14.39,14.49,18233600,266985488.0,derived_ohlc4
HOSE_HPG,HPG,2022-07-07 09:00:00,977,2,14.49,14.69,14.46,14.69,10828000,157899310.0,derived_ohlc4
HOSE_HPG,HPG,2022-07-08 09:00:00,978,2,14.86,15.24,14.86,15.17,19504900,293207409.25,derived_ohlc4
HOSE_HPG,HPG,2022-07-11 09:00:00,979,2,15.13,15.3,14.83,14.9,12476400,187645056.0,derived_ohlc4
HOSE_HPG,HPG,2022-07-12 09:00:00,980,2,14.9,15.2,14.83,15.07,12146500,182197500.0,derived_ohlc4
HOSE_HPG,HPG,2022-07-13 09:00:00,981,2,15.0,15.4,14.96,15.07,17855700,269754987.75,derived_ohlc4
HOSE_HPG,HPG,2022-07-14 09:00:00,982,2,15.0,15.13,14.93,15.0,12520300,187992304.5,derived_ohlc4
HOSE_HPG,HPG,2022-07-15 09:00:00,983,2,15.1,15.88,15.1,15.67,47697200,736325525.0,derived_ohlc4
HOSE_HPG,HPG,2022-07-18 09:00:00,984,2,15.67,15.74,15.2,15.27,19929000,308301630.0,derived_ohlc4
HOSE_HPG,HPG,2022-07-19 09:00:00,985,2,15.2,15.27,14.93,14.96,16276900,245618421.0,derived_ohlc4
HOSE_HPG,HPG,2022-07-20 09:00:00,986,2,15.1,15.37,15.07,15.1,16893100,256099396.0,derived_ohlc4
HOSE_HPG,HPG,2022-07-21 09:00:00,987,2,15.1,15.54,15.07,15.34,23043400,351699892.5,derived_ohlc4
HOSE_HPG,HPG,2022-07-22 09:00:00,988,2,15.34,15.4,15.0,15.0,16642200,252711807.0,derived_ohlc4
HOSE_HPG,HPG,2022-07-25 09:00:00,989,2,15.0,15.07,14.73,14.8,20722100,308759290.0,derived_ohlc4
HOSE_HPG,HPG,2022-07-26 09:00:00,990,2,14.73,14.86,14.59,14.63,26378200,387825485.5,derived_ohlc4
HOSE_HPG,HPG,2022-07-27 09:00:00,991,2,14.49,14.53,14.22,14.36,28601000,411854400.0,derived_ohlc4
HOSE_HPG,HPG,2022-07-28 09:00:00,992,2,14.53,14.66,14.36,14.46,23510500,340961026.25,derived_ohlc4
HOSE_HPG,HPG,2022-07-29 09:00:00,993,2,14.59,14.83,14.53,14.53,20587600,300990712.0,derived_ohlc4
HOSE_HPG,HPG,2022-08-01 09:00:00,994,2,14.66,15.44,14.59,15.4,38143900,573016737.75,derived_ohlc4
HOSE_HPG,HPG,2022-08-02 09:00:00,995,2,15.47,15.64,15.34,15.47,27729900,429258852.0,derived_ohlc4
HOSE_HPG,HPG,2022-08-03 09:00:00,996,2,15.34,16.11,15.27,16.05,58846000,923440855.0,derived_ohlc4
HOSE_HPG,HPG,2022-08-04 09:00:00,997,2,16.15,16.18,15.88,15.98,30031900,481936915.25,derived_ohlc4
HOSE_HPG,HPG,2022-08-05 09:00:00,998,2,15.81,15.98,15.64,15.74,42516600,671443405.5,derived_ohlc4
HOSE_HPG,HPG,2022-08-08 09:00:00,999,2,15.81,16.15,15.74,15.94,30365700,483118287.0,derived_ohlc4
HOSE_HPG,HPG,2022-08-09 09:00:00,1000,2,16.15,16.42,15.98,16.28,48222600,781567789.5,derived_ohlc4
HOSE_HPG,HPG,2022-08-10 09:00:00,1001,2,16.22,16.48,16.08,16.08,30124400,488467146.0,derived_ohlc4
HOSE_HPG,HPG,2022-08-11 09:00:00,1002,2,16.25,16.32,15.74,15.81,34352700,550673781.0,derived_ohlc4
HOSE_HPG,HPG,2022-08-12 09:00:00,1003,2,15.74,16.25,15.71,16.18,33797300,539742881.0,derived_ohlc4
HOSE_HPG,HPG,2022-08-15 09:00:00,1004,2,16.28,16.35,16.08,16.22,31513400,511541265.50000006,derived_ohlc4
HOSE_HPG,HPG,2022-08-16 09:00:00,1005,2,16.22,16.69,16.22,16.59,65490300,1076005629.0,derived_ohlc4
HOSE_HPG,HPG,2022-08-17 09:00:00,1006,2,16.62,16.65,16.32,16.42,27443900,452892959.74999994,derived_ohlc4
HOSE_HPG,HPG,2022-08-18 09:00:00,1007,2,16.28,16.45,16.25,16.32,23215100,378986507.50000006,derived_ohlc4
HOSE_HPG,HPG,2022-08-19 09:00:00,1008,2,16.28,16.38,15.98,16.05,31457200,508741567.0,derived_ohlc4
HOSE_HPG,HPG,2022-08-22 09:00:00,1009,2,15.98,16.05,15.64,15.78,23798700,377506878.75,derived_ohlc4
HOSE_HPG,HPG,2022-08-23 09:00:00,1010,2,15.61,15.98,15.61,15.98,16687400,263577483.00000003,derived_ohlc4
HOSE_HPG,HPG,2022-08-24 09:00:00,1011,2,15.98,16.05,15.88,15.88,12125400,193369816.50000003,derived_ohlc4
HOSE_HPG,HPG,2022-08-25 09:00:00,1012,2,16.05,16.25,15.94,16.11,18259100,293743271.25,derived_ohlc4
HOSE_HPG,HPG,2022-08-26 09:00:00,1013,2,16.22,16.22,15.88,15.88,16469800,264340290.0,derived_ohlc4
HOSE_HPG,HPG,2022-08-29 09:00:00,1014,2,15.57,15.71,15.3,15.54,32468000,504228040.0,derived_ohlc4
HOSE_HPG,HPG,2022-08-30 09:00:00,1015,2,15.61,15.74,15.5,15.57,15309700,238907868.5,derived_ohlc4
HOSE_HPG,HPG,2022-08-31 09:00:00,1016,2,15.54,15.64,15.37,15.54,14977400,232486691.5,derived_ohlc4
HOSE_HPG,HPG,2022-09-05 09:00:00,1017,2,15.57,16.28,15.57,16.15,26282100,417688274.25,derived_ohlc4
HOSE_HPG,HPG,2022-09-06 09:00:00,1018,2,16.22,16.35,15.91,15.91,15332900,246821357.75,derived_ohlc4
HOSE_HPG,HPG,2022-09-07 09:00:00,1019,2,15.91,16.08,15.54,15.54,25025500,394589571.25,derived_ohlc4
HOSE_HPG,HPG,2022-09-08 09:00:00,1020,2,15.67,15.84,15.47,15.61,20365500,318669161.25,derived_ohlc4
HOSE_HPG,HPG,2022-09-09 09:00:00,1021,2,15.78,16.08,15.61,16.08,26048100,413839188.75,derived_ohlc4
HOSE_HPG,HPG,2022-09-12 09:00:00,1022,2,16.15,16.42,16.08,16.08,26170900,423510589.24999994,derived_ohlc4
HOSE_HPG,HPG,2022-09-13 09:00:00,1023,2,16.05,16.22,15.88,16.01,14681300,235488052.0,derived_ohlc4
HOSE_HPG,HPG,2022-09-14 09:00:00,1024,2,15.71,16.08,15.71,16.01,27029100,429154535.25000006,derived_ohlc4
HOSE_HPG,HPG,2022-09-15 09:00:00,1025,2,16.15,16.15,15.84,15.94,13730400,219961008.0,derived_ohlc4
HOSE_HPG,HPG,2022-09-16 09:00:00,1026,2,15.81,15.94,15.54,15.54,27510700,432124320.25,derived_ohlc4
HOSE_HPG,HPG,2022-09-19 09:00:00,1027,2,15.61,15.71,15.17,15.3,27479100,424483397.25000006,derived_ohlc4
HOSE_HPG,HPG,2022-09-20 09:00:00,1028,2,15.4,15.54,15.27,15.54,11511000,177701062.49999997,derived_ohlc4
HOSE_HPG,HPG,2022-09-21 09:00:00,1029,2,15.47,15.5,15.34,15.47,9916300,153157253.5,derived_ohlc4
HOSE_HPG,HPG,2022-09-22 09:00:00,1030,2,15.34,15.61,15.3,15.54,11594200,179101404.5,derived_ohlc4
HOSE_HPG,HPG,2022-09-23 09:00:00,1031,2,15.57,15.67,15.34,15.34,14593100,225901188.0,derived_ohlc4
HOSE_HPG,HPG,2022-09-26 09:00:00,1032,2,15.17,15.27,14.76,15.13,25875600,390268737.0,derived_ohlc4
HOSE_HPG,HPG,2022-09-27 09:00:00,1033,2,15.17,15.2,14.93,15.13,9010600,136127639.5,derived_ohlc4
HOSE_HPG,HPG,2022-09-28 09:00:00,1034,2,15.0,15.17,14.59,14.73,14067800,209223355.50000003,derived_ohlc4
HOSE_HPG,HPG,2022-09-29 09:00:00,1035,2,14.96,15.07,14.63,14.63,10331300,153135694.25000003,derived_ohlc4
HOSE_HPG,HPG,2022-09-30 09:00:00,1036,2,14.53,14.63,13.98,14.32,23369500,335702867.5,derived_ohlc4
HOSE_HPG,HPG,2022-10-03 09:00:00,1037,2,14.32,14.32,13.34,13.34,33572400,464306292.00000006,derived_ohlc4
HOSE_HPG,HPG,2022-10-04 09:00:00,1038,2,13.58,13.68,12.6,12.74,30510400,401211760.0,derived_ohlc4
HOSE_HPG,HPG,2022-10-05 09:00:00,1039,2,12.97,13.07,12.74,12.97,25316500,327532218.75,derived_ohlc4
HOSE_HPG,HPG,2022-10-06 09:00:00,1040,2,13.04,13.04,12.16,12.16,37464800,472056479.99999994,derived_ohlc4
HOSE_HPG,HPG,2022-10-07 09:00:00,1041,2,11.92,12.03,11.52,11.89,36474800,431861632.0,derived_ohlc4
HOSE_HPG,HPG,2022-10-10 09:00:00,1042,2,11.69,12.57,11.62,12.4,25059200,302464543.99999994,derived_ohlc4
HOSE_HPG,HPG,2022-10-11 09:00:00,1043,2,12.43,12.43,11.72,11.82,26448700,320029270.0,derived_ohlc4
HOSE_HPG,HPG,2022-10-12 09:00:00,1044,2,12.03,12.63,11.82,12.63,28996700,356006984.25000006,derived_ohlc4
HOSE_HPG,HPG,2022-10-13 09:00:00,1045,2,12.7,13.24,12.53,13.17,24198100,312397471.0,derived_ohlc4
HOSE_HPG,HPG,2022-10-14 09:00:00,1046,2,13.34,13.44,13.04,13.14,22588600,299073064.0,derived_ohlc4
HOSE_HPG,HPG,2022-10-17 09:00:00,1047,2,13.0,13.07,12.77,13.0,17061300,221114448.0,derived_ohlc4
HOSE_HPG,HPG,2022-10-18 09:00:00,1048,2,13.17,13.31,12.63,12.74,24387600,316124265.0,derived_ohlc4
HOSE_HPG,HPG,2022-10-19 09:00:00,1049,2,12.74,12.74,12.4,12.43,20235600,254513259.0,derived_ohlc4
HOSE_HPG,HPG,2022-10-20 09:00:00,1050,2,12.4,12.57,12.2,12.23,26033000,321507550.00000006,derived_ohlc4
HOSE_HPG,HPG,2022-10-21 09:00:00,1051,2,12.36,12.36,11.42,11.42,45155900,536903651.0,derived_ohlc4
HOSE_HPG,HPG,2022-10-24 09:00:00,1052,2,11.48,11.52,10.94,11.08,27973100,314837240.5,derived_ohlc4
HOSE_HPG,HPG,2022-10-25 09:00:00,1053,2,11.08,11.82,10.84,11.55,31109500,352237313.74999994,derived_ohlc4
HOSE_HPG,HPG,2022-10-26 09:00:00,1054,2,11.48,11.76,11.38,11.42,11243700,129414987.00000001,derived_ohlc4
HOSE_HPG,HPG,2022-10-27 09:00:00,1055,2,11.45,11.89,11.42,11.76,21366800,248495883.99999997,derived_ohlc4
HOSE_HPG,HPG,2022-10-28 09:00:00,1056,2,11.76,11.92,11.35,11.35,31204100,361811539.5,derived_ohlc4
HOSE_HPG,HPG,2022-10-31 09:00:00,1057,2,10.57,10.81,10.57,10.57,66298200,704749866.0,derived_ohlc4
HOSE_HPG,HPG,2022-11-01 09:00:00,1058,2,10.64,10.81,10.0,10.13,81552300,847736158.5000001,derived_ohlc4
HOSE_HPG,HPG,2022-11-02 09:00:00,1059,2,10.13,10.61,10.13,10.37,40121700,413654727.0,derived_ohlc4
HOSE_HPG,HPG,2022-11-03 09:00:00,1060,2,10.3,10.44,10.2,10.27,20629700,212537484.25,derived_ohlc4
HOSE_HPG,HPG,2022-11-04 09:00:00,1061,2,10.13,10.24,9.8,9.9,43889600,439664068.0,derived_ohlc4
HOSE_HPG,HPG,2022-11-07 09:00:00,1062,2,9.83,10.0,9.26,9.26,38263100,366847471.24999994,derived_ohlc4
HOSE_HPG,HPG,2022-11-08 09:00:00,1063,2,8.85,9.26,8.78,8.88,46273800,413803456.50000006,derived_ohlc4
HOSE_HPG,HPG,2022-11-09 09:00:00,1064,2,8.92,9.19,8.75,8.78,32786100,292124151.0,derived_ohlc4
HOSE_HPG,HPG,2022-11-10 09:00:00,1065,2,8.58,8.65,8.18,8.18,79749500,669696426.2500001,derived_ohlc4
HOSE_HPG,HPG,2022-11-11 09:00:00,1066,2,8.31,8.55,8.11,8.31,60716100,505157952.0,derived_ohlc4
HOSE_HPG,HPG,2022-11-14 09:00:00,1067,2,8.21,8.41,8.01,8.24,60270100,495269546.75000006,derived_ohlc4
HOSE_HPG,HPG,2022-11-15 09:00:00,1068,2,8.11,8.48,8.11,8.44,40416800,334853188.0,derived_ohlc4
HOSE_HPG,HPG,2022-11-16 09:00:00,1069,2,8.31,9.02,7.97,9.02,34902600,299464307.99999994,derived_ohlc4
HOSE_HPG,HPG,2022-11-17 09:00:00,1070,2,9.39,9.63,9.32,9.63,21514200,204223543.50000003,derived_ohlc4
HOSE_HPG,HPG,2022-11-18 09:00:00,1071,2,9.86,10.27,9.63,10.2,99658800,995591411.9999999,derived_ohlc4
HOSE_HPG,HPG,2022-11-21 09:00:00,1072,2,10.27,10.3,9.96,10.1,31604900,321026771.75,derived_ohlc4
HOSE_HPG,HPG,2022-11-22 09:00:00,1073,2,9.9,10.44,9.76,10.0,43246700,433548167.5,derived_ohlc4
HOSE_HPG,HPG,2022-11-23 09:00:00,1074,2,9.93,10.03,9.32,9.32,30303500,292428775.0,derived_ohlc4
HOSE_HPG,HPG,2022-11-24 09:00:00,1075,2,9.26,9.73,9.19,9.7,31115600,294664731.99999994,derived_ohlc4
HOSE_HPG,HPG,2022-11-25 09:00:00,1076,2,9.86,10.34,9.7,10.34,26533900,266931033.99999997,derived_ohlc4
HOSE_HPG,HPG,2022-11-28 09:00:00,1077,2,10.54,11.05,10.54,11.05,58844900,635230695.4999999,derived_ohlc4
HOSE_HPG,HPG,2022-11-29 09:00:00,1078,2,11.22,11.79,11.05,11.76,64305500,736619502.5,derived_ohlc4
HOSE_HPG,HPG,2022-11-30 09:00:00,1079,2,11.86,12.43,11.62,12.43,57721500,697564327.5,derived_ohlc4
HOSE_HPG,HPG,2022-12-01 09:00:00,1080,2,12.67,13.28,12.16,12.3,66587500,839168968.75,derived_ohlc4
HOSE_HPG,HPG,2022-12-02 09:00:00,1081,2,12.16,13.14,12.03,13.14,45683100,576406514.25,derived_ohlc4
HOSE_HPG,HPG,2022-12-05 09:00:00,1082,2,13.38,13.78,13.17,13.51,46513800,626075748.0,derived_ohlc4
HOSE_HPG,HPG,2022-12-06 09:00:00,1083,2,13.44,13.48,12.57,12.57,62775400,817021831.0,derived_ohlc4
HOSE_HPG,HPG,2022-12-07 09:00:00,1084,2,12.16,12.94,11.96,12.33,34619700,427466745.75,derived_ohlc4
HOSE_HPG,HPG,2022-12-08 09:00:00,1085,2,12.77,13.07,12.5,12.77,29943600,382604349.0,derived_ohlc4
HOSE_HPG,HPG,2022-12-09 09:00:00,1086,2,12.77,13.14,12.5,12.97,34549800,443792180.99999994,derived_ohlc4
HOSE_HPG,HPG,2022-12-12 09:00:00,1087,2,12.97,13.21,12.57,12.57,35832500,459730975.0,derived_ohlc4
HOSE_HPG,HPG,2022-12-13 09:00:00,1088,2,12.57,12.84,12.33,12.84,24343000,307817235.0,derived_ohlc4
HOSE_HPG,HPG,2022-12-14 09:00:00,1089,2,13.07,13.24,12.84,12.97,34285300,446737459.00000006,derived_ohlc4
HOSE_HPG,HPG,2022-12-15 09:00:00,1090,2,12.9,13.28,12.9,13.07,20983100,273567166.25,derived_ohlc4
HOSE_HPG,HPG,2022-12-16 09:00:00,1091,2,12.97,13.82,12.8,13.78,55383800,738958351.5000001,derived_ohlc4
HOSE_HPG,HPG,2022-12-19 09:00:00,1092,2,13.92,14.36,13.51,13.51,48039600,664147470.0,derived_ohlc4
HOSE_HPG,HPG,2022-12-20 09:00:00,1093,2,13.38,13.58,12.67,12.84,45551800,597525736.5,derived_ohlc4
HOSE_HPG,HPG,2022-12-21 09:00:00,1094,2,13.11,13.14,12.23,12.77,27702200,354934437.5,derived_ohlc4
HOSE_HPG,HPG,2022-12-22 09:00:00,1095,2,12.9,13.24,12.63,12.77,18965200,244366602.00000003,derived_ohlc4
HOSE_HPG,HPG,2022-12-23 09:00:00,1096,2,12.74,12.77,12.23,12.4,24810700,311002124.49999994,derived_ohlc4
HOSE_HPG,HPG,2022-12-26 09:00:00,1097,2,12.36,12.36,11.55,11.55,31370000,375028349.99999994,derived_ohlc4
HOSE_HPG,HPG,2022-12-27 09:00:00,1098,2,11.55,12.33,11.55,12.33,23655000,282440700.00000006,derived_ohlc4
HOSE_HPG,HPG,2022-12-28 09:00:00,1099,2,12.43,12.5,12.13,12.3,14311200,176600208.0,derived_ohlc4
HOSE_HPG,HPG,2022-12-29 09:00:00,1100,2,12.36,12.5,12.06,12.16,17422800,213777756.0,derived_ohlc4
HOSE_HPG,HPG,2022-12-30 09:00:00,1101,2,12.23,12.46,12.09,12.16,14452800,176830008.0,derived_ohlc4
HOSE_HPG,HPG,2023-01-03 09:00:00,1102,2,12.36,13.0,12.3,13.0,27990600,354500949.0,derived_ohlc4
HOSE_HPG,HPG,2023-01-04 09:00:00,1103,2,13.14,13.38,13.04,13.11,20230000,266378525.0,derived_ohlc4
HOSE_HPG,HPG,2023-01-05 09:00:00,1104,2,13.11,13.51,12.94,13.38,21502200,284581617.0,derived_ohlc4
HOSE_HPG,HPG,2023-01-06 09:00:00,1105,2,13.31,13.58,12.97,13.11,19630100,259951599.25,derived_ohlc4
HOSE_HPG,HPG,2023-01-09 09:00:00,1106,2,13.38,13.58,13.17,13.24,16185000,215948362.50000003,derived_ohlc4
HOSE_HPG,HPG,2023-01-10 09:00:00,1107,2,13.24,13.58,12.97,13.38,26852100,356931539.25,derived_ohlc4
HOSE_HPG,HPG,2023-01-11 09:00:00,1108,2,13.51,13.88,13.44,13.65,25709300,350160666.0,derived_ohlc4
HOSE_HPG,HPG,2023-01-12 09:00:00,1109,2,13.58,13.68,13.44,13.55,20172900,273594956.25,derived_ohlc4
HOSE_HPG,HPG,2023-01-13 09:00:00,1110,2,13.68,13.75,13.44,13.48,19174700,260536236.24999997,derived_ohlc4
HOSE_HPG,HPG,2023-01-16 09:00:00,1111,2,13.51,13.95,13.48,13.68,22319700,304775503.5,derived_ohlc4
HOSE_HPG,HPG,2023-01-17 09:00:00,1112,2,13.82,14.63,13.82,14.63,41584700,591542357.5,derived_ohlc4
HOSE_HPG,HPG,2023-01-18 09:00:00,1113,2,14.86,14.9,14.56,14.66,25850200,381161199.0,derived_ohlc4
HOSE_HPG,HPG,2023-01-19 09:00:00,1114,2,14.59,14.76,14.09,14.29,43940400,634169823.0,derived_ohlc4
HOSE_HPG,HPG,2023-01-27 09:00:00,1115,2,14.19,14.56,14.09,14.53,26524400,380426207.00000006,derived_ohlc4
HOSE_HPG,HPG,2023-01-30 09:00:00,1116,2,14.66,15.0,14.42,14.69,42341300,622099550.25,derived_ohlc4
HOSE_HPG,HPG,2023-01-31 09:00:00,1117,2,14.8,14.93,14.66,14.93,28105900,416810497.0,derived_ohlc4
HOSE_HPG,HPG,2023-02-01 09:00:00,1118,2,15.0,15.3,14.19,14.26,51905400,762360562.5,derived_ohlc4
HOSE_HPG,HPG,2023-02-02 09:00:00,1119,2,14.32,14.66,14.26,14.39,25388600,365786254.5,derived_ohlc4
HOSE_HPG,HPG,2023-02-03 09:00:00,1120,2,14.49,14.56,14.19,14.26,20956300,301246812.5,derived_ohlc4
HOSE_HPG,HPG,2023-02-06 09:00:00,1121,2,14.26,14.29,13.88,14.29,22282300,315963014.0,derived_ohlc4
HOSE_HPG,HPG,2023-02-07 09:00:00,1122,2,14.29,14.32,13.31,13.34,43379400,599286411.0,derived_ohlc4
HOSE_HPG,HPG,2023-02-08 09:00:00,1123,2,13.34,14.26,13.34,14.09,33812500,465175468.75,derived_ohlc4
HOSE_HPG,HPG,2023-02-09 09:00:00,1124,2,14.19,14.36,13.92,13.92,16343900,230408130.25,derived_ohlc4
HOSE_HPG,HPG,2023-02-10 09:00:00,1125,2,13.98,14.05,13.61,13.85,15828700,219583640.75,derived_ohlc4
HOSE_HPG,HPG,2023-02-13 09:00:00,1126,2,13.78,13.78,13.34,13.65,18741800,255591297.5,derived_ohlc4
HOSE_HPG,HPG,2023-02-14 09:00:00,1127,2,13.72,14.12,13.68,13.92,17294600,239703156.0,derived_ohlc4
HOSE_HPG,HPG,2023-02-15 09:00:00,1128,2,13.92,14.22,13.68,14.05,20076200,280414323.5,derived_ohlc4
HOSE_HPG,HPG,2023-02-16 09:00:00,1129,2,14.15,14.46,13.92,14.39,23914900,340309027.0,derived_ohlc4
HOSE_HPG,HPG,2023-02-17 09:00:00,1130,2,14.39,14.42,14.19,14.19,12287900,175686250.25,derived_ohlc4
HOSE_HPG,HPG,2023-02-20 09:00:00,1131,2,14.19,14.8,14.19,14.8,24741700,358630941.5,derived_ohlc4
HOSE_HPG,HPG,2023-02-21 09:00:00,1132,2,14.9,15.07,14.59,14.59,20643100,305259841.25,derived_ohlc4
HOSE_HPG,HPG,2023-02-22 09:00:00,1133,2,14.46,14.93,14.32,14.32,32634400,473443558.0,derived_ohlc4
HOSE_HPG,HPG,2023-02-23 09:00:00,1134,2,14.29,14.53,13.78,14.53,33590000,479749175.0,derived_ohlc4
HOSE_HPG,HPG,2023-02-24 09:00:00,1135,2,14.53,14.53,13.95,14.05,14597600,208234764.0,derived_ohlc4
HOSE_HPG,HPG,2023-02-27 09:00:00,1136,2,13.78,13.88,13.48,13.58,31316100,428404248.0,derived_ohlc4
HOSE_HPG,HPG,2023-02-28 09:00:00,1137,2,13.82,13.85,13.44,13.51,15217600,207796328.0,derived_ohlc4
HOSE_HPG,HPG,2023-03-01 09:00:00,1138,2,13.51,14.12,13.38,14.12,18619900,256628771.74999997,derived_ohlc4
HOSE_HPG,HPG,2023-03-02 09:00:00,1139,2,14.19,14.26,13.92,13.92,8867400,124786486.5,derived_ohlc4
HOSE_HPG,HPG,2023-03-03 09:00:00,1140,2,14.05,14.26,13.75,13.75,13608400,189871201.0,derived_ohlc4
HOSE_HPG,HPG,2023-03-06 09:00:00,1141,2,13.95,14.09,13.78,13.78,11366800,157998520.0,derived_ohlc4
HOSE_HPG,HPG,2023-03-07 09:00:00,1142,2,13.92,14.42,13.88,14.26,29323900,414053468.0,derived_ohlc4
HOSE_HPG,HPG,2023-03-08 09:00:00,1143,2,14.12,14.32,14.05,14.32,16159600,229506718.99999997,derived_ohlc4
HOSE_HPG,HPG,2023-03-09 09:00:00,1144,2,14.32,14.56,14.32,14.32,23274800,334691624.0,derived_ohlc4
HOSE_HPG,HPG,2023-03-10 09:00:00,1145,2,14.29,14.49,14.19,14.39,22458300,322052022.0,derived_ohlc4
HOSE_HPG,HPG,2023-03-13 09:00:00,1146,2,14.22,14.46,14.12,14.26,20930300,298570729.5,derived_ohlc4
HOSE_HPG,HPG,2023-03-14 09:00:00,1147,2,14.22,14.26,13.65,13.72,30865700,430962336.25,derived_ohlc4
HOSE_HPG,HPG,2023-03-15 09:00:00,1148,2,14.05,14.39,13.92,14.39,26779400,379932737.5,derived_ohlc4
HOSE_HPG,HPG,2023-03-16 09:00:00,1149,2,14.19,14.26,13.85,14.09,30247400,426412721.5,derived_ohlc4
HOSE_HPG,HPG,2023-03-17 09:00:00,1150,2,14.22,14.22,13.78,13.78,33958600,475420400.0,derived_ohlc4
HOSE_HPG,HPG,2023-03-20 09:00:00,1151,2,13.78,13.92,13.51,13.51,22988900,314488152.0,derived_ohlc4
HOSE_HPG,HPG,2023-03-21 09:00:00,1152,2,13.65,13.88,13.41,13.82,19060600,260939614.0,derived_ohlc4
HOSE_HPG,HPG,2023-03-22 09:00:00,1153,2,13.88,13.92,13.61,13.72,12857700,177211250.25,derived_ohlc4
HOSE_HPG,HPG,2023-03-23 09:00:00,1154,2,13.65,13.78,13.55,13.78,10743900,147083991.0,derived_ohlc4
HOSE_HPG,HPG,2023-03-24 09:00:00,1155,2,13.82,13.85,13.72,13.78,13689600,188813808.0,derived_ohlc4
HOSE_HPG,HPG,2023-03-27 09:00:00,1156,2,13.78,14.12,13.75,14.05,20268000,282231900.0,derived_ohlc4
HOSE_HPG,HPG,2023-03-28 09:00:00,1157,2,14.12,14.19,13.98,13.98,12329100,173439614.25,derived_ohlc4
HOSE_HPG,HPG,2023-03-29 09:00:00,1158,2,13.98,14.26,13.98,14.05,17942900,252411745.74999997,derived_ohlc4
HOSE_HPG,HPG,2023-03-30 09:00:00,1159,2,14.19,14.29,14.02,14.05,20958100,296295138.75,derived_ohlc4
HOSE_HPG,HPG,2023-03-31 09:00:00,1160,2,14.05,14.12,13.75,14.05,23770300,332605922.75,derived_ohlc4
HOSE_HPG,HPG,2023-04-03 09:00:00,1161,2,14.22,14.26,14.09,14.19,21370500,303247395.0,derived_ohlc4
HOSE_HPG,HPG,2023-04-04 09:00:00,1162,2,14.29,14.32,14.15,14.26,19864400,283167022.0,derived_ohlc4
HOSE_HPG,HPG,2023-04-05 09:00:00,1163,2,14.26,14.53,14.15,14.53,25522700,366697392.25,derived_ohlc4
HOSE_HPG,HPG,2023-04-06 09:00:00,1164,2,14.56,14.8,14.46,14.53,27838900,406099953.75,derived_ohlc4
HOSE_HPG,HPG,2023-04-07 09:00:00,1165,2,14.53,14.59,14.26,14.32,18563000,267771274.99999997,derived_ohlc4
HOSE_HPG,HPG,2023-04-10 09:00:00,1166,2,14.36,14.42,13.92,13.98,26545700,376152569.00000006,derived_ohlc4
HOSE_HPG,HPG,2023-04-11 09:00:00,1167,2,13.98,14.09,13.92,14.05,14416200,201970962.00000003,derived_ohlc4
HOSE_HPG,HPG,2023-04-12 09:00:00,1168,2,14.12,14.12,13.95,14.02,10638200,149493305.49999997,derived_ohlc4
HOSE_HPG,HPG,2023-04-13 09:00:00,1169,2,14.05,14.05,13.75,13.82,14712400,204759827.0,derived_ohlc4
HOSE_HPG,HPG,2023-04-14 09:00:00,1170,2,13.88,14.09,13.85,13.95,13607900,189728145.75,derived_ohlc4
HOSE_HPG,HPG,2023-04-17 09:00:00,1171,2,13.92,14.12,13.92,14.09,9275500,129972943.75,derived_ohlc4
HOSE_HPG,HPG,2023-04-18 09:00:00,1172,2,14.12,14.19,14.05,14.15,11571700,163479191.75,derived_ohlc4
HOSE_HPG,HPG,2023-04-19 09:00:00,1173,2,14.22,14.22,14.05,14.05,10479100,148122078.50000003,derived_ohlc4
HOSE_HPG,HPG,2023-04-20 09:00:00,1174,2,14.05,14.12,14.02,14.05,6549700,92088781.99999999,derived_ohlc4
HOSE_HPG,HPG,2023-04-21 09:00:00,1175,2,14.05,14.09,13.98,13.98,11143900,156293197.50000003,derived_ohlc4
HOSE_HPG,HPG,2023-04-24 09:00:00,1176,2,13.98,14.05,13.88,13.95,10575100,147681271.5,derived_ohlc4
HOSE_HPG,HPG,2023-04-25 09:00:00,1177,2,14.05,14.36,13.98,14.22,18462200,261286285.5,derived_ohlc4
HOSE_HPG,HPG,2023-04-26 09:00:00,1178,2,14.22,14.86,14.12,14.86,26818700,389273430.49999994,derived_ohlc4
HOSE_HPG,HPG,2023-04-27 09:00:00,1179,2,14.86,14.86,14.59,14.66,17137300,252646645.25,derived_ohlc4
HOSE_HPG,HPG,2023-04-28 09:00:00,1180,2,14.66,14.73,14.46,14.63,15751900,230292778.00000003,derived_ohlc4
HOSE_HPG,HPG,2023-05-04 09:00:00,1181,2,14.49,14.59,14.32,14.39,16542400,238996324.0,derived_ohlc4
HOSE_HPG,HPG,2023-05-05 09:00:00,1182,2,14.39,14.66,14.32,14.49,10786600,156028169.00000003,derived_ohlc4
HOSE_HPG,HPG,2023-05-08 09:00:00,1183,2,14.56,14.69,14.49,14.59,10451200,152404624.0,derived_ohlc4
HOSE_HPG,HPG,2023-05-09 09:00:00,1184,2,14.59,14.96,14.59,14.73,22413800,329875101.5,derived_ohlc4
HOSE_HPG,HPG,2023-05-10 09:00:00,1185,2,14.73,14.8,14.63,14.66,8739000,128506995.00000001,derived_ohlc4
HOSE_HPG,HPG,2023-05-11 09:00:00,1186,2,14.73,14.83,14.59,14.69,13640100,200645871.0,derived_ohlc4
HOSE_HPG,HPG,2023-05-12 09:00:00,1187,2,14.69,15.2,14.59,15.1,45105300,671843443.5000001,derived_ohlc4
HOSE_HPG,HPG,2023-05-15 09:00:00,1188,2,15.17,15.27,14.93,14.93,17693100,266723482.5,derived_ohlc4
HOSE_HPG,HPG,2023-05-16 09:00:00,1189,2,14.93,15.07,14.8,14.86,17805000,265561574.99999997,derived_ohlc4
HOSE_HPG,HPG,2023-05-17 09:00:00,1190,2,14.86,14.93,14.69,14.73,25998700,384845756.74999994,derived_ohlc4
HOSE_HPG,HPG,2023-05-18 09:00:00,1191,2,14.8,15.0,14.73,14.83,18610700,276182788.0,derived_ohlc4
HOSE_HPG,HPG,2023-05-19 09:00:00,1192,2,14.86,14.93,14.63,14.73,11513300,170252923.75000003,derived_ohlc4
HOSE_HPG,HPG,2023-05-22 09:00:00,1193,2,14.73,14.93,14.69,14.8,14869400,219881252.50000003,derived_ohlc4
HOSE_HPG,HPG,2023-05-23 09:00:00,1194,2,14.83,14.9,14.59,14.66,13620100,200828374.5,derived_ohlc4
HOSE_HPG,HPG,2023-05-24 09:00:00,1195,2,14.8,14.8,14.39,14.39,20272100,295871299.5,derived_ohlc4
HOSE_HPG,HPG,2023-05-25 09:00:00,1196,2,14.39,14.49,14.32,14.32,13258500,190657230.0,derived_ohlc4
HOSE_HPG,HPG,2023-05-26 09:00:00,1197,2,14.39,14.46,14.09,14.26,16088200,230061259.99999997,derived_ohlc4
HOSE_HPG,HPG,2023-05-29 09:00:00,1198,2,14.39,14.49,14.32,14.49,11091800,159971485.5,derived_ohlc4
HOSE_HPG,HPG,2023-05-30 09:00:00,1199,2,14.53,14.59,14.36,14.42,13457900,194803102.5,derived_ohlc4
HOSE_HPG,HPG,2023-05-31 09:00:00,1200,2,14.46,14.49,14.29,14.32,13085700,188303223.0,derived_ohlc4
HOSE_HPG,HPG,2023-06-01 09:00:00,1201,2,14.29,14.46,14.22,14.46,10836200,155580741.5,derived_ohlc4
HOSE_HPG,HPG,2023-06-02 09:00:00,1202,2,14.53,14.73,14.49,14.59,18866500,275167902.5,derived_ohlc4
HOSE_HPG,HPG,2023-06-05 09:00:00,1203,2,14.73,14.9,14.59,14.63,20044300,294901763.75,derived_ohlc4
HOSE_HPG,HPG,2023-06-06 09:00:00,1204,2,14.66,14.76,14.56,14.69,11799900,173075033.25,derived_ohlc4
HOSE_HPG,HPG,2023-06-07 09:00:00,1205,2,14.86,15.4,14.86,15.27,55514600,838131673.5,derived_ohlc4
HOSE_HPG,HPG,2023-06-08 09:00:00,1206,2,15.34,15.64,15.34,15.4,42521400,656105202.0,derived_ohlc4
HOSE_HPG,HPG,2023-06-09 09:00:00,1207,2,15.4,15.47,15.2,15.47,23873600,367295336.0,derived_ohlc4
HOSE_HPG,HPG,2023-06-12 09:00:00,1208,2,15.61,15.64,15.2,15.5,22219200,344119860.0,derived_ohlc4
HOSE_HPG,HPG,2023-06-13 09:00:00,1209,2,15.54,15.84,15.47,15.81,36944400,578734026.0,derived_ohlc4
HOSE_HPG,HPG,2023-06-14 09:00:00,1210,2,15.84,15.84,15.61,15.61,23475800,369156955.0,derived_ohlc4
HOSE_HPG,HPG,2023-06-15 09:00:00,1211,2,15.54,15.71,15.54,15.64,17473300,272714529.75,derived_ohlc4
HOSE_HPG,HPG,2023-06-16 09:00:00,1212,2,15.71,16.08,15.64,15.84,33010000,522135674.99999994,derived_ohlc4
HOSE_HPG,HPG,2023-06-19 09:00:00,1213,2,15.84,15.88,15.74,15.78,13180900,208390029.0,derived_ohlc4
HOSE_HPG,HPG,2023-06-20 09:00:00,1214,2,15.78,15.98,15.74,15.98,14608300,231833721.0,derived_ohlc4
HOSE_HPG,HPG,2023-06-21 09:00:00,1215,2,16.01,16.65,15.88,16.62,35605900,580020111.0,derived_ohlc4
HOSE_HPG,HPG,2023-06-22 09:00:00,1216,2,16.69,16.86,16.45,16.79,23036300,384648619.24999994,derived_ohlc4
HOSE_HPG,HPG,2023-06-23 09:00:00,1217,2,16.79,17.26,16.72,17.16,29157300,495163847.24999994,derived_ohlc4
HOSE_HPG,HPG,2023-06-26 09:00:00,1218,2,17.16,17.23,16.69,17.02,20399200,347296380.0,derived_ohlc4
HOSE_HPG,HPG,2023-06-27 09:00:00,1219,2,17.13,17.43,16.96,17.43,19943100,343769186.25,derived_ohlc4
HOSE_HPG,HPG,2023-06-28 09:00:00,1220,2,17.57,18.04,17.5,17.97,30313300,538667341.0,derived_ohlc4
HOSE_HPG,HPG,2023-06-29 09:00:00,1221,2,18.0,18.04,17.43,17.43,36803700,652345582.5,derived_ohlc4
HOSE_HPG,HPG,2023-06-30 09:00:00,1222,2,17.36,17.7,17.33,17.67,23068600,404046529.0,derived_ohlc4
HOSE_HPG,HPG,2023-07-03 09:00:00,1223,2,17.7,17.87,17.5,17.7,17057100,301782741.75,derived_ohlc4
HOSE_HPG,HPG,2023-07-04 09:00:00,1224,2,17.67,17.74,17.5,17.74,19728200,348449332.49999994,derived_ohlc4
HOSE_HPG,HPG,2023-07-05 09:00:00,1225,2,17.84,18.38,17.74,18.21,31804000,573823669.9999999,derived_ohlc4
HOSE_HPG,HPG,2023-07-06 09:00:00,1226,2,18.17,18.34,17.9,18.24,27611200,501488420.00000006,derived_ohlc4
HOSE_HPG,HPG,2023-07-07 09:00:00,1227,2,18.17,18.55,17.9,18.55,22614600,413677570.5,derived_ohlc4
HOSE_HPG,HPG,2023-07-10 09:00:00,1228,2,18.55,18.88,18.48,18.71,24267700,452713943.5,derived_ohlc4
HOSE_HPG,HPG,2023-07-11 09:00:00,1229,2,18.78,18.95,18.41,18.44,24014300,447746623.5,derived_ohlc4
HOSE_HPG,HPG,2023-07-12 09:00:00,1230,2,18.44,18.55,18.0,18.24,27758200,508183246.5,derived_ohlc4
HOSE_HPG,HPG,2023-07-13 09:00:00,1231,2,18.58,18.58,18.17,18.27,14006900,257726959.99999997,derived_ohlc4
HOSE_HPG,HPG,2023-07-14 09:00:00,1232,2,18.34,18.58,18.27,18.58,17078400,314968392.0,derived_ohlc4
HOSE_HPG,HPG,2023-07-17 09:00:00,1233,2,18.71,18.75,18.38,18.44,12534900,232773093.0,derived_ohlc4
HOSE_HPG,HPG,2023-07-18 09:00:00,1234,2,18.44,18.48,18.27,18.38,12402500,228112981.24999997,derived_ohlc4
HOSE_HPG,HPG,2023-07-19 09:00:00,1235,2,18.31,18.71,18.27,18.51,15378300,283729635.0,derived_ohlc4
HOSE_HPG,HPG,2023-07-20 09:00:00,1236,2,18.44,19.05,18.44,19.05,30865300,578570048.5,derived_ohlc4
HOSE_HPG,HPG,2023-07-21 09:00:00,1237,2,19.15,19.19,18.98,19.19,18455900,353015227.25,derived_ohlc4
HOSE_HPG,HPG,2023-07-24 09:00:00,1238,2,19.22,19.32,18.92,19.09,17164400,328483705.0,derived_ohlc4
HOSE_HPG,HPG,2023-07-25 09:00:00,1239,2,19.09,19.15,18.92,19.09,20225200,385542875.0,derived_ohlc4
HOSE_HPG,HPG,2023-07-26 09:00:00,1240,2,19.09,19.22,19.02,19.19,22868600,437476318.0,derived_ohlc4
HOSE_HPG,HPG,2023-07-27 09:00:00,1241,2,19.19,19.39,18.98,19.19,21315900,408998831.25,derived_ohlc4
HOSE_HPG,HPG,2023-07-28 09:00:00,1242,2,19.19,19.32,19.02,19.12,22702200,435030907.50000006,derived_ohlc4
HOSE_HPG,HPG,2023-07-31 09:00:00,1243,2,19.05,19.09,18.48,19.05,45529400,861302424.5,derived_ohlc4
HOSE_HPG,HPG,2023-08-01 09:00:00,1244,2,18.98,18.98,18.58,18.58,28011400,526054092.00000006,derived_ohlc4
HOSE_HPG,HPG,2023-08-02 09:00:00,1245,2,18.51,18.82,18.41,18.58,18524000,344175919.99999994,derived_ohlc4
HOSE_HPG,HPG,2023-08-03 09:00:00,1246,2,18.48,18.58,17.9,18.14,58029600,1060490939.9999999,derived_ohlc4
HOSE_HPG,HPG,2023-08-04 09:00:00,1247,2,18.11,18.58,18.11,18.48,22170700,406167224.0,derived_ohlc4
HOSE_HPG,HPG,2023-08-07 09:00:00,1248,2,18.61,18.75,18.44,18.61,23091900,429567069.75,derived_ohlc4
HOSE_HPG,HPG,2023-08-08 09:00:00,1249,2,18.65,18.85,18.34,18.38,25568400,474421662.0,derived_ohlc4
HOSE_HPG,HPG,2023-08-09 09:00:00,1250,2,18.38,18.82,18.27,18.78,42662800,791928225.0,derived_ohlc4
HOSE_HPG,HPG,2023-08-10 09:00:00,1251,2,18.85,18.85,18.44,18.48,17064700,318341978.5,derived_ohlc4
HOSE_HPG,HPG,2023-08-11 09:00:00,1252,2,18.51,18.75,18.34,18.71,23382000,434379105.0,derived_ohlc4
HOSE_HPG,HPG,2023-08-14 09:00:00,1253,2,18.78,19.15,18.68,19.02,44946400,849824058.0,derived_ohlc4
HOSE_HPG,HPG,2023-08-15 09:00:00,1254,2,19.02,19.09,18.82,18.88,17938500,339979421.25,derived_ohlc4
HOSE_HPG,HPG,2023-08-16 09:00:00,1255,2,18.88,18.92,18.68,18.88,14994500,282496380.0,derived_ohlc4
HOSE_HPG,HPG,2023-08-17 09:00:00,1256,2,18.92,19.39,18.92,18.98,46604700,887936046.7500001,derived_ohlc4
HOSE_HPG,HPG,2023-08-18 09:00:00,1257,2,18.85,18.92,17.7,17.9,46358400,850328952.0,derived_ohlc4
HOSE_HPG,HPG,2023-08-21 09:00:00,1258,2,17.87,17.94,17.5,17.7,31441300,558161678.25,derived_ohlc4
HOSE_HPG,HPG,2023-08-22 09:00:00,1259,2,17.7,17.8,16.96,17.67,35171700,616647830.25,derived_ohlc4
HOSE_HPG,HPG,2023-08-23 09:00:00,1260,2,17.8,17.87,17.33,17.33,21774300,382846629.75,derived_ohlc4
HOSE_HPG,HPG,2023-08-24 09:00:00,1261,2,17.33,17.77,17.3,17.77,16596900,291151118.24999994,derived_ohlc4
HOSE_HPG,HPG,2023-08-25 09:00:00,1262,2,17.7,17.84,17.53,17.53,21847700,385611904.99999994,derived_ohlc4
HOSE_HPG,HPG,2023-08-28 09:00:00,1263,2,17.57,18.14,17.57,18.14,22819800,407447529.0,derived_ohlc4
HOSE_HPG,HPG,2023-08-29 09:00:00,1264,2,18.17,18.34,18.04,18.24,17969600,327001796.0,derived_ohlc4
HOSE_HPG,HPG,2023-08-30 09:00:00,1265,2,18.24,18.41,18.07,18.38,20143600,368124290.0,derived_ohlc4
HOSE_HPG,HPG,2023-08-31 09:00:00,1266,2,18.51,18.85,18.44,18.65,25934100,482698436.24999994,derived_ohlc4
HOSE_HPG,HPG,2023-09-05 09:00:00,1267,2,18.78,18.88,18.41,18.78,24501600,458486189.99999994,derived_ohlc4
HOSE_HPG,HPG,2023-09-06 09:00:00,1268,2,18.75,19.59,18.51,19.59,52574600,1004700606.0000001,derived_ohlc4
HOSE_HPG,HPG,2023-09-07 09:00:00,1269,2,19.59,19.8,19.26,19.36,33671800,656684279.5,derived_ohlc4
HOSE_HPG,HPG,2023-09-08 09:00:00,1270,2,19.26,19.69,19.19,19.42,33793700,655259843.0,derived_ohlc4
HOSE_HPG,HPG,2023-09-11 09:00:00,1271,2,19.59,19.63,18.75,18.92,47697500,916865193.75,derived_ohlc4
HOSE_HPG,HPG,2023-09-12 09:00:00,1272,2,18.92,19.42,18.71,19.42,22615400,432349909.5,derived_ohlc4
HOSE_HPG,HPG,2023-09-13 09:00:00,1273,2,19.46,19.86,19.09,19.19,49193400,954351959.9999999,derived_ohlc4
HOSE_HPG,HPG,2023-09-14 09:00:00,1274,2,19.19,19.29,18.75,18.78,34684000,659082710.0,derived_ohlc4
HOSE_HPG,HPG,2023-09-15 09:00:00,1275,2,18.85,18.98,18.65,18.65,24750600,464878144.5,derived_ohlc4
HOSE_HPG,HPG,2023-09-18 09:00:00,1276,2,18.65,18.98,18.38,18.65,20891200,389934248.0,derived_ohlc4
HOSE_HPG,HPG,2023-09-19 09:00:00,1277,2,18.92,19.02,18.58,19.02,21032900,397206316.49999994,derived_ohlc4
HOSE_HPG,HPG,2023-09-20 09:00:00,1278,2,19.02,19.29,18.95,19.19,26600700,508405878.75,derived_ohlc4
HOSE_HPG,HPG,2023-09-21 09:00:00,1279,2,19.19,19.66,19.02,19.19,42921200,826876918.0,derived_ohlc4
HOSE_HPG,HPG,2023-09-22 09:00:00,1280,2,18.75,18.88,18.07,18.44,50583500,937565172.5,derived_ohlc4
HOSE_HPG,HPG,2023-09-25 09:00:00,1281,2,18.24,18.58,17.36,17.57,36873300,661414818.75,derived_ohlc4
HOSE_HPG,HPG,2023-09-26 09:00:00,1282,2,17.46,18.11,17.46,17.7,30838600,545303544.5,derived_ohlc4
HOSE_HPG,HPG,2023-09-27 09:00:00,1283,2,17.67,18.04,17.67,17.9,20325300,362196846.0,derived_ohlc4
HOSE_HPG,HPG,2023-09-28 09:00:00,1284,2,17.97,18.14,17.7,17.97,16562600,297215857.0,derived_ohlc4
HOSE_HPG,HPG,2023-09-29 09:00:00,1285,2,18.11,18.14,17.74,17.77,15019100,269442653.99999994,derived_ohlc4
HOSE_HPG,HPG,2023-10-02 09:00:00,1286,2,17.77,17.87,17.57,17.7,11412300,202311548.25,derived_ohlc4
HOSE_HPG,HPG,2023-10-03 09:00:00,1287,2,17.63,17.63,16.69,16.76,40638000,698059245.0000001,derived_ohlc4
HOSE_HPG,HPG,2023-10-04 09:00:00,1288,2,16.55,17.23,16.22,17.06,21095200,353661028.0,derived_ohlc4
HOSE_HPG,HPG,2023-10-05 09:00:00,1289,2,17.16,17.23,16.79,16.82,10424100,177209700.0,derived_ohlc4
HOSE_HPG,HPG,2023-10-06 09:00:00,1290,2,16.79,17.09,16.65,16.86,15250000,256924374.99999994,derived_ohlc4
HOSE_HPG,HPG,2023-10-09 09:00:00,1291,2,16.86,17.3,16.86,17.23,11432000,195058500.0,derived_ohlc4
HOSE_HPG,HPG,2023-10-10 09:00:00,1292,2,17.36,17.74,17.3,17.57,20004700,349932214.75,derived_ohlc4
HOSE_HPG,HPG,2023-10-11 09:00:00,1293,2,17.67,17.74,17.43,17.7,13502200,238111296.99999997,derived_ohlc4
HOSE_HPG,HPG,2023-10-12 09:00:00,1294,2,17.77,17.77,17.3,17.43,22054300,387438915.25000006,derived_ohlc4
HOSE_HPG,HPG,2023-10-13 09:00:00,1295,2,17.3,17.4,16.92,17.4,19572000,337714860.00000006,derived_ohlc4
HOSE_HPG,HPG,2023-10-16 09:00:00,1296,2,17.4,17.43,16.89,16.89,16205000,277956262.5,derived_ohlc4
HOSE_HPG,HPG,2023-10-17 09:00:00,1297,2,17.02,17.19,16.76,16.76,14705500,249000878.75,derived_ohlc4
HOSE_HPG,HPG,2023-10-18 09:00:00,1298,2,16.76,16.86,15.67,16.22,30930100,506557712.75000006,derived_ohlc4
HOSE_HPG,HPG,2023-10-19 09:00:00,1299,2,16.28,16.35,15.84,16.01,20808100,335426572.0,derived_ohlc4
HOSE_HPG,HPG,2023-10-20 09:00:00,1300,2,16.01,16.45,15.78,16.45,16369100,264729269.75,derived_ohlc4
HOSE_HPG,HPG,2023-10-23 09:00:00,1301,2,16.45,16.45,16.01,16.22,11948700,194554707.75,derived_ohlc4
HOSE_HPG,HPG,2023-10-24 09:00:00,1302,2,16.25,16.48,15.98,16.22,9713100,157667895.75000003,derived_ohlc4
HOSE_HPG,HPG,2023-10-25 09:00:00,1303,2,16.25,16.62,16.25,16.25,12062100,197124869.25,derived_ohlc4
HOSE_HPG,HPG,2023-10-26 09:00:00,1304,2,16.08,16.11,15.27,15.4,31030600,487645878.99999994,derived_ohlc4
HOSE_HPG,HPG,2023-10-27 09:00:00,1305,2,15.71,15.88,15.44,15.78,15016200,235791880.5,derived_ohlc4
HOSE_HPG,HPG,2023-10-30 09:00:00,1306,2,15.78,16.05,15.54,15.54,16173500,254368721.25,derived_ohlc4
HOSE_HPG,HPG,2023-10-31 09:00:00,1307,2,15.88,15.88,15.47,15.54,20792000,326278460.0,derived_ohlc4
HOSE_HPG,HPG,2023-11-01 09:00:00,1308,2,15.54,16.18,15.5,16.18,19143800,303429230.0,derived_ohlc4
HOSE_HPG,HPG,2023-11-02 09:00:00,1309,2,16.35,17.3,16.28,17.06,26641800,446183545.50000006,derived_ohlc4
HOSE_HPG,HPG,2023-11-03 09:00:00,1310,2,17.16,17.23,16.72,16.96,20498300,348829820.24999994,derived_ohlc4
HOSE_HPG,HPG,2023-11-06 09:00:00,1311,2,17.13,17.5,17.02,17.4,20380200,351813202.49999994,derived_ohlc4
HOSE_HPG,HPG,2023-11-07 09:00:00,1312,2,17.43,17.7,17.19,17.43,19861700,346338393.75,derived_ohlc4
HOSE_HPG,HPG,2023-11-08 09:00:00,1313,2,17.43,18.21,17.3,18.21,34851200,619915720.0,derived_ohlc4
HOSE_HPG,HPG,2023-11-09 09:00:00,1314,2,18.21,18.51,17.97,18.04,31361600,570232291.9999999,derived_ohlc4
HOSE_HPG,HPG,2023-11-10 09:00:00,1315,2,17.84,18.31,17.8,17.9,28030400,503496059.99999994,derived_ohlc4
HOSE_HPG,HPG,2023-11-13 09:00:00,1316,2,17.9,18.65,17.9,18.38,44000700,801142745.25,derived_ohlc4
HOSE_HPG,HPG,2023-11-14 09:00:00,1317,2,18.51,18.58,18.04,18.24,23257200,426595191.0,derived_ohlc4
HOSE_HPG,HPG,2023-11-15 09:00:00,1318,2,18.61,18.78,18.24,18.24,34617300,639294987.7499999,derived_ohlc4
HOSE_HPG,HPG,2023-11-16 09:00:00,1319,2,18.14,18.38,18.11,18.38,16261000,296803902.49999994,derived_ohlc4
HOSE_HPG,HPG,2023-11-17 09:00:00,1320,2,18.38,18.51,17.77,17.9,38532000,698970480.0,derived_ohlc4
HOSE_HPG,HPG,2023-11-20 09:00:00,1321,2,17.63,18.17,17.63,18.0,18250000,325899374.99999994,derived_ohlc4
HOSE_HPG,HPG,2023-11-21 09:00:00,1322,2,18.24,18.58,18.21,18.27,26703200,489336140.0,derived_ohlc4
HOSE_HPG,HPG,2023-11-22 09:00:00,1323,2,18.24,18.38,18.17,18.38,17015100,311248716.75,derived_ohlc4
HOSE_HPG,HPG,2023-11-23 09:00:00,1324,2,18.44,18.48,17.46,17.46,21684500,389453620.0,derived_ohlc4
HOSE_HPG,HPG,2023-11-24 09:00:00,1325,2,17.57,17.84,17.26,17.84,26228500,462342883.75000006,derived_ohlc4
HOSE_HPG,HPG,2023-11-27 09:00:00,1326,2,17.9,18.07,17.7,17.77,16724600,298701356.0,derived_ohlc4
HOSE_HPG,HPG,2023-11-28 09:00:00,1327,2,17.84,18.04,17.6,18.04,18863600,337281168.0,derived_ohlc4
HOSE_HPG,HPG,2023-11-29 09:00:00,1328,2,18.04,18.31,18.0,18.24,22503000,408373192.49999994,derived_ohlc4
HOSE_HPG,HPG,2023-11-30 09:00:00,1329,2,18.31,18.38,17.94,17.94,21208100,384767954.24999994,derived_ohlc4
HOSE_HPG,HPG,2023-12-01 09:00:00,1330,2,18.11,18.31,17.87,18.17,15400100,278972811.50000006,derived_ohlc4
HOSE_HPG,HPG,2023-12-04 09:00:00,1331,2,18.38,18.75,18.27,18.58,42341900,783113440.4999999,derived_ohlc4
HOSE_HPG,HPG,2023-12-05 09:00:00,1332,2,18.58,18.61,18.34,18.41,22511100,416117683.5,derived_ohlc4
HOSE_HPG,HPG,2023-12-06 09:00:00,1333,2,18.41,18.65,18.38,18.65,18648100,345409432.25,derived_ohlc4
HOSE_HPG,HPG,2023-12-07 09:00:00,1334,2,18.68,18.85,18.21,18.65,49430900,919291162.75,derived_ohlc4
HOSE_HPG,HPG,2023-12-08 09:00:00,1335,2,18.78,19.09,18.58,18.71,52783700,991805723.0,derived_ohlc4
HOSE_HPG,HPG,2023-12-11 09:00:00,1336,2,18.71,18.78,18.44,18.58,17845400,332415188.5,derived_ohlc4
HOSE_HPG,HPG,2023-12-12 09:00:00,1337,2,18.58,19.05,18.58,18.88,31681800,594746590.4999999,derived_ohlc4
HOSE_HPG,HPG,2023-12-13 09:00:00,1338,2,18.98,19.05,18.44,18.48,33347700,624852528.75,derived_ohlc4
HOSE_HPG,HPG,2023-12-14 09:00:00,1339,2,18.61,18.61,18.27,18.27,31777500,585977099.9999999,derived_ohlc4
HOSE_HPG,HPG,2023-12-15 09:00:00,1340,2,18.31,18.38,18.07,18.11,34686700,631904957.25,derived_ohlc4
HOSE_HPG,HPG,2023-12-18 09:00:00,1341,2,18.17,18.24,17.97,17.97,14875800,269066032.5,derived_ohlc4
HOSE_HPG,HPG,2023-12-19 09:00:00,1342,2,17.97,18.38,17.94,18.38,20496200,372364713.49999994,derived_ohlc4
HOSE_HPG,HPG,2023-12-20 09:00:00,1343,2,18.38,18.48,18.31,18.38,17661600,324752670.0,derived_ohlc4
HOSE_HPG,HPG,2023-12-21 09:00:00,1344,2,18.31,18.44,18.21,18.38,14307400,262326179.0,derived_ohlc4
HOSE_HPG,HPG,2023-12-22 09:00:00,1345,2,18.38,18.48,18.27,18.27,17429100,319823984.99999994,derived_ohlc4
HOSE_HPG,HPG,2023-12-25 09:00:00,1346,2,18.34,18.65,18.34,18.55,20407300,376922831.0,derived_ohlc4
HOSE_HPG,HPG,2023-12-26 09:00:00,1347,2,18.51,18.85,18.51,18.78,33743700,629741801.25,derived_ohlc4
HOSE_HPG,HPG,2023-12-27 09:00:00,1348,2,18.82,18.92,18.75,18.75,19852100,373418001.00000006,derived_ohlc4
HOSE_HPG,HPG,2023-12-28 09:00:00,1349,2,18.75,19.05,18.68,18.88,31308200,589846488.0,derived_ohlc4
HOSE_HPG,HPG,2023-12-29 09:00:00,1350,2,18.88,18.98,18.78,18.88,20467100,386418848.0,derived_ohlc4
HOSE_HPG,HPG,2024-01-02 09:00:00,1351,2,18.98,19.02,18.55,18.55,22187200,416564679.99999994,derived_ohlc4
HOSE_HPG,HPG,2024-01-03 09:00:00,1352,2,18.51,18.78,18.51,18.78,18575400,346338333.00000006,derived_ohlc4
HOSE_HPG,HPG,2024-01-04 09:00:00,1353,2,18.78,18.98,18.71,18.75,38538700,724720253.5,derived_ohlc4
HOSE_HPG,HPG,2024-01-05 09:00:00,1354,2,18.75,18.85,18.61,18.78,17333400,324957916.50000006,derived_ohlc4
HOSE_HPG,HPG,2024-01-08 09:00:00,1355,2,18.88,19.09,18.82,18.82,31243900,590587819.75,derived_ohlc4
HOSE_HPG,HPG,2024-01-09 09:00:00,1356,2,18.85,18.88,18.58,18.71,28623900,536841244.50000006,derived_ohlc4
HOSE_HPG,HPG,2024-01-10 09:00:00,1357,2,18.71,18.75,18.41,18.48,32642500,606742468.7500001,derived_ohlc4
HOSE_HPG,HPG,2024-01-11 09:00:00,1358,2,18.55,18.68,18.51,18.58,15264900,283621842.0,derived_ohlc4
HOSE_HPG,HPG,2024-01-12 09:00:00,1359,2,18.48,18.55,18.27,18.34,28626500,527013865.0,derived_ohlc4
HOSE_HPG,HPG,2024-01-15 09:00:00,1360,2,18.38,18.55,18.31,18.31,12497100,229790426.25,derived_ohlc4
HOSE_HPG,HPG,2024-01-16 09:00:00,1361,2,18.31,18.78,18.27,18.78,19767200,366385052.0,derived_ohlc4
HOSE_HPG,HPG,2024-01-17 09:00:00,1362,2,18.82,18.88,18.68,18.68,23410200,439292403.0,derived_ohlc4
HOSE_HPG,HPG,2024-01-18 09:00:00,1363,2,18.71,18.82,18.65,18.68,12639000,236538885.0,derived_ohlc4
HOSE_HPG,HPG,2024-01-19 09:00:00,1364,2,18.75,18.85,18.65,18.78,14859900,278734574.25,derived_ohlc4
HOSE_HPG,HPG,2024-01-22 09:00:00,1365,2,18.92,19.36,18.82,19.12,66067900,1258923834.5,derived_ohlc4
HOSE_HPG,HPG,2024-01-23 09:00:00,1366,2,19.22,19.26,19.09,19.15,21678300,415789794.0,derived_ohlc4
HOSE_HPG,HPG,2024-01-24 09:00:00,1367,2,19.12,19.26,19.09,19.09,16136900,308860266.0,derived_ohlc4
HOSE_HPG,HPG,2024-01-25 09:00:00,1368,2,19.09,19.19,18.92,19.09,15227000,290416957.5,derived_ohlc4
HOSE_HPG,HPG,2024-01-26 09:00:00,1369,2,19.19,19.26,19.09,19.15,14372300,275552921.75,derived_ohlc4
HOSE_HPG,HPG,2024-01-29 09:00:00,1370,2,19.15,19.19,18.92,18.92,21575000,410895875.00000006,derived_ohlc4
HOSE_HPG,HPG,2024-01-30 09:00:00,1371,2,18.92,18.98,18.82,18.92,17529200,331477172.00000006,derived_ohlc4
HOSE_HPG,HPG,2024-01-31 09:00:00,1372,2,18.88,18.98,18.75,18.75,24456900,460767996.0,derived_ohlc4
HOSE_HPG,HPG,2024-02-01 09:00:00,1373,2,18.75,18.98,18.71,18.82,10636100,200118221.5,derived_ohlc4
HOSE_HPG,HPG,2024-02-02 09:00:00,1374,2,18.71,18.98,18.71,18.85,14162200,266426387.5,derived_ohlc4
HOSE_HPG,HPG,2024-02-05 09:00:00,1375,2,18.85,19.12,18.85,18.92,16231200,307337772.00000006,derived_ohlc4
HOSE_HPG,HPG,2024-02-06 09:00:00,1376,2,19.02,19.09,18.92,18.95,14660300,278472398.5,derived_ohlc4
HOSE_HPG,HPG,2024-02-07 09:00:00,1377,2,18.95,19.12,18.95,19.02,13808300,262495782.99999997,derived_ohlc4
HOSE_HPG,HPG,2024-02-15 09:00:00,1378,2,19.12,19.52,19.09,19.39,36985800,713086224.0,derived_ohlc4
HOSE_HPG,HPG,2024-02-16 09:00:00,1379,2,19.42,19.46,19.32,19.32,16718800,324010344.00000006,derived_ohlc4
HOSE_HPG,HPG,2024-02-19 09:00:00,1380,2,19.36,19.86,19.22,19.73,42276100,826180684.25,derived_ohlc4
HOSE_HPG,HPG,2024-02-20 09:00:00,1381,2,19.73,19.83,19.63,19.73,21391700,422058241.0,derived_ohlc4
HOSE_HPG,HPG,2024-02-21 09:00:00,1382,2,19.66,19.69,19.39,19.46,31579600,617381180.0,derived_ohlc4
HOSE_HPG,HPG,2024-02-22 09:00:00,1383,2,19.39,19.46,19.29,19.29,22413300,433865454.75000006,derived_ohlc4
HOSE_HPG,HPG,2024-02-23 09:00:00,1384,2,19.29,19.49,19.19,19.19,27300800,526632432.0,derived_ohlc4
HOSE_HPG,HPG,2024-02-26 09:00:00,1385,2,19.19,19.46,19.12,19.46,19221700,371122972.75000006,derived_ohlc4
HOSE_HPG,HPG,2024-02-27 09:00:00,1386,2,19.52,20.57,19.46,20.5,86841500,1737915518.7500002,derived_ohlc4
HOSE_HPG,HPG,2024-02-28 09:00:00,1387,2,20.54,20.91,20.37,20.67,35201800,725949120.5000001,derived_ohlc4
HOSE_HPG,HPG,2024-02-29 09:00:00,1388,2,20.78,21.04,20.61,20.94,33580500,699901571.25,derived_ohlc4
HOSE_HPG,HPG,2024-03-01 09:00:00,1389,2,21.08,21.08,20.71,20.84,26958700,564178194.25,derived_ohlc4
HOSE_HPG,HPG,2024-03-04 09:00:00,1390,2,20.94,21.21,20.74,20.81,28579500,598026037.5,derived_ohlc4
HOSE_HPG,HPG,2024-03-05 09:00:00,1391,2,20.81,21.15,20.74,21.04,29917200,626316581.9999999,derived_ohlc4
HOSE_HPG,HPG,2024-03-06 09:00:00,1392,2,21.01,21.04,20.61,20.81,28059400,585529529.5,derived_ohlc4
HOSE_HPG,HPG,2024-03-07 09:00:00,1393,2,20.74,21.18,20.67,20.94,32262200,673715391.5,derived_ohlc4
HOSE_HPG,HPG,2024-03-08 09:00:00,1394,2,20.94,20.98,20.44,20.47,47322200,979924456.5,derived_ohlc4
HOSE_HPG,HPG,2024-03-11 09:00:00,1395,2,20.47,20.67,20.13,20.2,30415100,619479549.25,derived_ohlc4
HOSE_HPG,HPG,2024-03-12 09:00:00,1396,2,20.17,20.54,20.13,20.4,30135400,612049974.0000001,derived_ohlc4
HOSE_HPG,HPG,2024-03-13 09:00:00,1397,2,20.4,20.84,20.34,20.81,29367000,604886782.5,derived_ohlc4
HOSE_HPG,HPG,2024-03-14 09:00:00,1398,2,20.88,20.88,20.44,20.5,30774000,636252450.0,derived_ohlc4
HOSE_HPG,HPG,2024-03-15 09:00:00,1399,2,20.5,20.74,20.27,20.34,35823700,733042461.25,derived_ohlc4
HOSE_HPG,HPG,2024-03-18 09:00:00,1400,2,20.37,20.4,19.59,20.0,50100700,1006523063.0,derived_ohlc4
HOSE_HPG,HPG,2024-03-19 09:00:00,1401,2,19.93,20.67,19.86,20.13,26973500,543448591.25,derived_ohlc4
HOSE_HPG,HPG,2024-03-20 09:00:00,1402,2,20.17,20.34,20.1,20.27,12971200,262277664.00000003,derived_ohlc4
HOSE_HPG,HPG,2024-03-21 09:00:00,1403,2,20.5,20.64,20.34,20.44,19972600,409038848.0,derived_ohlc4
HOSE_HPG,HPG,2024-03-22 09:00:00,1404,2,20.5,20.74,20.4,20.64,37384100,768990937.0,derived_ohlc4
HOSE_HPG,HPG,2024-03-25 09:00:00,1405,2,20.64,20.91,20.3,20.4,21350200,439013487.5,derived_ohlc4
HOSE_HPG,HPG,2024-03-26 09:00:00,1406,2,20.4,20.64,20.34,20.64,11976300,245574031.5,derived_ohlc4
HOSE_HPG,HPG,2024-03-27 09:00:00,1407,2,20.88,21.01,20.67,20.67,24329500,506236071.25,derived_ohlc4
HOSE_HPG,HPG,2024-03-28 09:00:00,1408,2,20.84,20.84,20.57,20.64,19113700,396083648.25,derived_ohlc4
HOSE_HPG,HPG,2024-03-29 09:00:00,1409,2,20.67,20.67,20.44,20.44,14821800,304662099.0,derived_ohlc4
HOSE_HPG,HPG,2024-04-01 09:00:00,1410,2,20.4,20.5,20.23,20.34,20759400,422817079.5,derived_ohlc4
HOSE_HPG,HPG,2024-04-02 09:00:00,1411,2,20.2,20.54,20.13,20.54,26298400,535238186.0,derived_ohlc4
HOSE_HPG,HPG,2024-04-03 09:00:00,1412,2,20.5,20.57,20.23,20.23,21489800,438015848.5,derived_ohlc4
HOSE_HPG,HPG,2024-04-04 09:00:00,1413,2,20.23,20.3,19.96,20.0,26371300,530656484.25000006,derived_ohlc4
HOSE_HPG,HPG,2024-04-05 09:00:00,1414,2,19.9,20.1,19.76,19.9,24018800,478334402.0,derived_ohlc4
HOSE_HPG,HPG,2024-04-08 09:00:00,1415,2,19.9,20.13,19.8,20.0,16708800,333465876.0,derived_ohlc4
HOSE_HPG,HPG,2024-04-09 09:00:00,1416,2,20.0,20.2,19.96,20.2,9838000,197645420.0,derived_ohlc4
HOSE_HPG,HPG,2024-04-10 09:00:00,1417,2,20.23,20.34,20.03,20.03,11134400,224441668.0,derived_ohlc4
HOSE_HPG,HPG,2024-04-11 09:00:00,1418,2,19.9,20.37,19.9,20.2,19246200,386704273.49999994,derived_ohlc4
HOSE_HPG,HPG,2024-04-12 09:00:00,1419,2,20.27,20.34,20.17,20.23,13916900,281852017.25,derived_ohlc4
HOSE_HPG,HPG,2024-04-15 09:00:00,1420,2,20.17,20.23,18.98,19.26,31107300,611569518.0000001,derived_ohlc4
HOSE_HPG,HPG,2024-04-16 09:00:00,1421,2,19.26,19.29,18.82,19.15,33424200,639404946.0,derived_ohlc4
HOSE_HPG,HPG,2024-04-17 09:00:00,1422,2,19.26,19.29,18.85,18.92,15575000,297171000.0,derived_ohlc4
HOSE_HPG,HPG,2024-04-19 09:00:00,1423,2,18.78,19.15,18.58,18.78,26138500,491991916.24999994,derived_ohlc4
HOSE_HPG,HPG,2024-04-22 09:00:00,1424,2,19.05,19.05,18.82,18.92,12390900,234931464.0,derived_ohlc4
HOSE_HPG,HPG,2024-04-23 09:00:00,1425,2,18.92,18.95,18.55,18.65,18359900,344569423.24999994,derived_ohlc4
HOSE_HPG,HPG,2024-04-24 09:00:00,1426,2,18.85,19.56,18.75,19.46,23052000,441561060.0,derived_ohlc4
HOSE_HPG,HPG,2024-04-25 09:00:00,1427,2,19.39,19.39,19.12,19.29,11236400,216834429.0,derived_ohlc4
HOSE_HPG,HPG,2024-04-26 09:00:00,1428,2,19.12,19.29,18.95,19.19,18304000,350292800.0,derived_ohlc4
HOSE_HPG,HPG,2024-05-02 09:00:00,1429,2,19.19,19.19,18.95,19.15,7322100,139998551.99999997,derived_ohlc4
HOSE_HPG,HPG,2024-05-03 09:00:00,1430,2,19.15,19.66,19.15,19.36,16714800,323097084.0,derived_ohlc4
HOSE_HPG,HPG,2024-05-06 09:00:00,1431,2,19.49,19.83,19.46,19.8,27108200,532540589.0,derived_ohlc4
HOSE_HPG,HPG,2024-05-07 09:00:00,1432,2,19.86,20.4,19.76,20.37,30139200,605722572.0,derived_ohlc4
HOSE_HPG,HPG,2024-05-08 09:00:00,1433,2,20.37,20.94,20.1,20.74,34289800,704226767.5,derived_ohlc4
HOSE_HPG,HPG,2024-05-09 09:00:00,1434,2,20.88,20.88,20.3,20.57,19422700,401224425.25,derived_ohlc4
HOSE_HPG,HPG,2024-05-10 09:00:00,1435,2,20.67,20.71,20.23,20.57,18981900,389983135.50000006,derived_ohlc4
HOSE_HPG,HPG,2024-05-13 09:00:00,1436,2,20.64,20.71,20.34,20.4,13171500,270312108.75,derived_ohlc4
HOSE_HPG,HPG,2024-05-14 09:00:00,1437,2,20.54,20.74,20.34,20.4,15664000,321190320.00000006,derived_ohlc4
HOSE_HPG,HPG,2024-05-15 09:00:00,1438,2,20.44,21.18,20.44,21.08,45110300,937617585.5,derived_ohlc4
HOSE_HPG,HPG,2024-05-16 09:00:00,1439,2,21.35,21.52,21.25,21.35,27403900,585552833.25,derived_ohlc4
HOSE_HPG,HPG,2024-05-17 09:00:00,1440,2,21.35,21.35,21.04,21.35,28640900,609263545.25,derived_ohlc4
HOSE_HPG,HPG,2024-05-20 09:00:00,1441,2,21.38,21.72,21.35,21.62,46490000,1000348574.9999999,derived_ohlc4
HOSE_HPG,HPG,2024-05-21 09:00:00,1442,2,21.62,21.62,21.25,21.52,20863500,448617408.75,derived_ohlc4
HOSE_HPG,HPG,2024-05-22 09:00:00,1443,2,21.52,21.59,21.04,21.15,39782700,848366077.5000001,derived_ohlc4
HOSE_HPG,HPG,2024-05-23 09:00:00,1444,2,21.44,21.93,21.26,21.93,37870200,819511128.0,derived_ohlc4
HOSE_HPG,HPG,2024-05-24 09:00:00,1445,2,21.78,21.93,21.18,21.48,30151700,651050582.25,derived_ohlc4
HOSE_HPG,HPG,2024-05-27 09:00:00,1446,2,21.48,21.78,21.3,21.48,15759100,338978241.0,derived_ohlc4
HOSE_HPG,HPG,2024-05-28 09:00:00,1447,2,21.56,21.7,21.41,21.67,17564600,379131891.0,derived_ohlc4
HOSE_HPG,HPG,2024-05-29 09:00:00,1448,2,21.63,21.74,21.26,21.26,21599400,463793116.5,derived_ohlc4
HOSE_HPG,HPG,2024-05-30 09:00:00,1449,2,21.18,21.22,20.81,21.0,27257700,573842729.25,derived_ohlc4
HOSE_HPG,HPG,2024-05-31 09:00:00,1450,2,21.11,21.41,20.85,21.26,17736800,375266346.0,derived_ohlc4
HOSE_HPG,HPG,2024-06-03 09:00:00,1451,2,21.41,21.63,21.41,21.56,20634500,443693336.25,derived_ohlc4
HOSE_HPG,HPG,2024-06-04 09:00:00,1452,2,21.56,22.15,21.56,21.78,39654300,862976703.75,derived_ohlc4
HOSE_HPG,HPG,2024-06-05 09:00:00,1453,2,21.78,21.93,21.63,21.74,19195800,417892566.0,derived_ohlc4
HOSE_HPG,HPG,2024-06-06 09:00:00,1454,2,21.74,22.04,21.48,21.78,20822600,453099776.00000006,derived_ohlc4
HOSE_HPG,HPG,2024-06-07 09:00:00,1455,2,21.82,21.85,21.63,21.78,14882900,324000733.0,derived_ohlc4
HOSE_HPG,HPG,2024-06-10 09:00:00,1456,2,21.85,21.89,21.67,21.78,20259700,441610810.75,derived_ohlc4
HOSE_HPG,HPG,2024-06-11 09:00:00,1457,2,21.85,22.04,21.59,21.63,26986400,587696326.0,derived_ohlc4
HOSE_HPG,HPG,2024-06-12 09:00:00,1458,2,21.56,22.0,21.56,22.0,19284400,420014232.0,derived_ohlc4
HOSE_HPG,HPG,2024-06-13 09:00:00,1459,2,22.04,22.08,21.78,21.93,20548700,451198080.25000006,derived_ohlc4
HOSE_HPG,HPG,2024-06-14 09:00:00,1460,2,21.93,22.26,21.63,21.63,34292400,749717594.9999999,derived_ohlc4
HOSE_HPG,HPG,2024-06-17 09:00:00,1461,2,21.63,22.26,21.56,21.89,34373100,750536638.5,derived_ohlc4
HOSE_HPG,HPG,2024-06-18 09:00:00,1462,2,21.93,22.08,21.85,21.85,16534100,362551477.75000006,derived_ohlc4
HOSE_HPG,HPG,2024-06-19 09:00:00,1463,2,21.93,21.96,21.74,21.82,19178300,419285583.74999994,derived_ohlc4
HOSE_HPG,HPG,2024-06-20 09:00:00,1464,2,21.74,21.85,21.52,21.82,27774000,603598455.0,derived_ohlc4
HOSE_HPG,HPG,2024-06-21 09:00:00,1465,2,21.82,21.82,21.56,21.59,14287400,310000861.5,derived_ohlc4
HOSE_HPG,HPG,2024-06-24 09:00:00,1466,2,21.56,21.63,21.0,21.33,37846100,809149618.0,derived_ohlc4
HOSE_HPG,HPG,2024-06-25 09:00:00,1467,2,21.26,21.59,21.18,21.33,16655000,355417700.0,derived_ohlc4
HOSE_HPG,HPG,2024-06-26 09:00:00,1468,2,21.37,21.7,21.26,21.48,19746800,423618227.0,derived_ohlc4
HOSE_HPG,HPG,2024-06-27 09:00:00,1469,2,21.56,21.59,21.33,21.44,10080500,216529139.99999997,derived_ohlc4
HOSE_HPG,HPG,2024-06-28 09:00:00,1470,2,21.37,21.48,21.04,21.04,22182300,470985684.75000006,derived_ohlc4
HOSE_HPG,HPG,2024-07-01 09:00:00,1471,2,21.04,21.18,20.85,21.07,13557400,285179909.0,derived_ohlc4
HOSE_HPG,HPG,2024-07-02 09:00:00,1472,2,21.07,21.44,21.0,21.33,21258400,450890664.0,derived_ohlc4
HOSE_HPG,HPG,2024-07-03 09:00:00,1473,2,21.56,21.63,21.33,21.37,17252800,370460748.0,derived_ohlc4
HOSE_HPG,HPG,2024-07-04 09:00:00,1474,2,21.44,21.59,21.26,21.33,9353000,200200965.0,derived_ohlc4
HOSE_HPG,HPG,2024-07-05 09:00:00,1475,2,21.33,21.52,21.26,21.3,12362300,263966010.75,derived_ohlc4
HOSE_HPG,HPG,2024-07-08 09:00:00,1476,2,21.33,21.59,21.3,21.41,18430100,394542365.75,derived_ohlc4
HOSE_HPG,HPG,2024-07-09 09:00:00,1477,2,21.41,21.7,21.37,21.56,22548200,485011782.00000006,derived_ohlc4
HOSE_HPG,HPG,2024-07-10 09:00:00,1478,2,21.63,21.93,21.52,21.52,30969800,670496170.0,derived_ohlc4
HOSE_HPG,HPG,2024-07-11 09:00:00,1479,2,21.67,21.74,21.44,21.44,14512000,313060120.0,derived_ohlc4
HOSE_HPG,HPG,2024-07-12 09:00:00,1480,2,21.48,21.52,21.15,21.18,18050400,385060158.00000006,derived_ohlc4
HOSE_HPG,HPG,2024-07-15 09:00:00,1481,2,21.22,21.37,20.96,21.15,16287600,344889930.0,derived_ohlc4
HOSE_HPG,HPG,2024-07-16 09:00:00,1482,2,21.18,21.3,21.11,21.15,12327400,261155969.00000003,derived_ohlc4
HOSE_HPG,HPG,2024-07-17 09:00:00,1483,2,21.22,21.26,20.52,20.96,25546900,536229431.00000006,derived_ohlc4
HOSE_HPG,HPG,2024-07-18 09:00:00,1484,2,20.96,21.15,20.85,21.11,20477300,430381652.74999994,derived_ohlc4
HOSE_HPG,HPG,2024-07-19 09:00:00,1485,2,21.11,21.11,20.96,20.96,11865200,249584482.0,derived_ohlc4
HOSE_HPG,HPG,2024-07-22 09:00:00,1486,2,20.89,20.96,20.63,20.85,18399400,383305500.50000006,derived_ohlc4
HOSE_HPG,HPG,2024-07-23 09:00:00,1487,2,20.85,20.96,20.66,20.66,15056900,312920024.25,derived_ohlc4
HOSE_HPG,HPG,2024-07-24 09:00:00,1488,2,20.63,20.78,20.14,20.59,19233100,394951708.5,derived_ohlc4
HOSE_HPG,HPG,2024-07-25 09:00:00,1489,2,20.52,20.55,20.29,20.33,13319700,272021573.25,derived_ohlc4
HOSE_HPG,HPG,2024-07-26 09:00:00,1490,2,20.33,20.55,20.33,20.4,8806900,179682777.24999997,derived_ohlc4
HOSE_HPG,HPG,2024-07-29 09:00:00,1491,2,20.55,20.89,20.52,20.74,15443700,319298497.49999994,derived_ohlc4
HOSE_HPG,HPG,2024-07-30 09:00:00,1492,2,20.81,20.96,20.74,20.74,15542800,323484524.99999994,derived_ohlc4
HOSE_HPG,HPG,2024-07-31 09:00:00,1493,2,20.74,20.74,20.14,20.22,24285900,496889514.0,derived_ohlc4
HOSE_HPG,HPG,2024-08-01 09:00:00,1494,2,20.44,20.55,19.77,19.85,30480400,614256261.0000001,derived_ohlc4
HOSE_HPG,HPG,2024-08-02 09:00:00,1495,2,19.81,20.29,19.7,20.26,17545800,351179187.0,derived_ohlc4
HOSE_HPG,HPG,2024-08-05 09:00:00,1496,2,19.92,19.96,19.18,19.29,45610000,893385874.9999999,derived_ohlc4
HOSE_HPG,HPG,2024-08-06 09:00:00,1497,2,19.36,19.66,19.21,19.55,19759200,384217644.0,derived_ohlc4
HOSE_HPG,HPG,2024-08-07 09:00:00,1498,2,19.66,19.66,19.29,19.36,15411700,300412562.25,derived_ohlc4
HOSE_HPG,HPG,2024-08-08 09:00:00,1499,2,19.29,19.4,18.99,19.03,21915800,420290254.49999994,derived_ohlc4
HOSE_HPG,HPG,2024-08-09 09:00:00,1500,2,19.25,19.4,19.1,19.36,12123200,233704988.0,derived_ohlc4
HOSE_HPG,HPG,2024-08-12 09:00:00,1501,2,19.36,19.4,19.1,19.21,12576000,242308079.99999997,derived_ohlc4
HOSE_HPG,HPG,2024-08-13 09:00:00,1502,2,19.25,19.29,18.73,18.88,26244600,499631572.49999994,derived_ohlc4
HOSE_HPG,HPG,2024-08-14 09:00:00,1503,2,18.95,19.1,18.8,18.92,13691400,259349344.5,derived_ohlc4
HOSE_HPG,HPG,2024-08-15 09:00:00,1504,2,18.92,18.92,18.73,18.73,16229400,305518455.00000006,derived_ohlc4
HOSE_HPG,HPG,2024-08-16 09:00:00,1505,2,18.73,19.1,18.58,19.03,36326600,685119676.0,derived_ohlc4
HOSE_HPG,HPG,2024-08-19 09:00:00,1506,2,19.18,19.59,19.1,19.21,24427500,470717925.0,derived_ohlc4
HOSE_HPG,HPG,2024-08-20 09:00:00,1507,2,19.32,19.47,19.18,19.18,20447900,394388871.25,derived_ohlc4
HOSE_HPG,HPG,2024-08-21 09:00:00,1508,2,19.21,19.51,19.18,19.44,24811600,479732286.0,derived_ohlc4
HOSE_HPG,HPG,2024-08-22 09:00:00,1509,2,19.47,19.51,19.1,19.14,24029400,463887567.0,derived_ohlc4
HOSE_HPG,HPG,2024-08-23 09:00:00,1510,2,19.14,19.36,18.88,19.36,22408300,429903235.5,derived_ohlc4
HOSE_HPG,HPG,2024-08-26 09:00:00,1511,2,19.44,19.62,19.29,19.32,21643500,420262661.25,derived_ohlc4
HOSE_HPG,HPG,2024-08-27 09:00:00,1512,2,19.32,19.36,19.1,19.14,12450500,239423115.0,derived_ohlc4
HOSE_HPG,HPG,2024-08-28 09:00:00,1513,2,19.21,19.29,19.07,19.1,18656100,357590796.75,derived_ohlc4
HOSE_HPG,HPG,2024-08-29 09:00:00,1514,2,19.18,19.29,19.03,19.03,16163400,309246250.5,derived_ohlc4
HOSE_HPG,HPG,2024-08-30 09:00:00,1515,2,19.1,19.14,18.95,18.95,17965500,341973292.5,derived_ohlc4
HOSE_HPG,HPG,2024-09-04 09:00:00,1516,2,18.8,18.92,18.66,18.77,19062500,358136718.74999994,derived_ohlc4
HOSE_HPG,HPG,2024-09-05 09:00:00,1517,2,18.84,18.84,18.58,18.62,22563500,422388720.0,derived_ohlc4
HOSE_HPG,HPG,2024-09-06 09:00:00,1518,2,18.62,18.88,18.4,18.88,22851500,427208792.5,derived_ohlc4
HOSE_HPG,HPG,2024-09-09 09:00:00,1519,2,18.88,19.47,18.8,19.03,32645800,621739260.9999999,derived_ohlc4
HOSE_HPG,HPG,2024-09-10 09:00:00,1520,2,19.14,19.21,18.69,18.69,15019200,284351004.0,derived_ohlc4
HOSE_HPG,HPG,2024-09-11 09:00:00,1521,2,18.69,18.99,18.62,18.84,14212700,266985569.5,derived_ohlc4
HOSE_HPG,HPG,2024-09-12 09:00:00,1522,2,18.88,18.99,18.66,18.66,9035800,169850450.5,derived_ohlc4
HOSE_HPG,HPG,2024-09-13 09:00:00,1523,2,18.69,18.8,18.58,18.58,12428200,231941282.50000003,derived_ohlc4
HOSE_HPG,HPG,2024-09-16 09:00:00,1524,2,18.58,18.77,18.47,18.47,14573600,270668186.0,derived_ohlc4
HOSE_HPG,HPG,2024-09-17 09:00:00,1525,2,18.51,18.77,18.43,18.77,13173400,245288708.0,derived_ohlc4
HOSE_HPG,HPG,2024-09-18 09:00:00,1526,2,18.77,18.84,18.66,18.66,13234500,247915271.24999997,derived_ohlc4
HOSE_HPG,HPG,2024-09-19 09:00:00,1527,2,18.8,18.95,18.73,18.77,13677300,257304206.25,derived_ohlc4
HOSE_HPG,HPG,2024-09-20 09:00:00,1528,2,18.95,19.36,18.92,19.07,44588800,850531360.0000001,derived_ohlc4
HOSE_HPG,HPG,2024-09-23 09:00:00,1529,2,19.18,19.4,19.1,19.1,15513400,297779713.0,derived_ohlc4
HOSE_HPG,HPG,2024-09-24 09:00:00,1530,2,19.1,19.21,19.07,19.21,10647000,203863432.5,derived_ohlc4
HOSE_HPG,HPG,2024-09-25 09:00:00,1531,2,19.4,19.62,19.36,19.47,41009200,798141555.0,derived_ohlc4
HOSE_HPG,HPG,2024-09-26 09:00:00,1532,2,19.55,19.66,19.36,19.36,21745200,423650859.00000006,derived_ohlc4
HOSE_HPG,HPG,2024-09-27 09:00:00,1533,2,19.44,19.55,19.25,19.36,30540100,592477940.0,derived_ohlc4
HOSE_HPG,HPG,2024-09-30 09:00:00,1534,2,19.47,19.77,19.44,19.59,37425200,732317601.0,derived_ohlc4
HOSE_HPG,HPG,2024-10-01 09:00:00,1535,2,19.92,20.07,19.81,19.88,37852700,754025783.9999999,derived_ohlc4
HOSE_HPG,HPG,2024-10-02 09:00:00,1536,2,19.85,19.85,19.55,19.55,21285700,419328290.0,derived_ohlc4
HOSE_HPG,HPG,2024-10-03 09:00:00,1537,2,19.66,19.81,19.4,19.47,26798500,524848622.5,derived_ohlc4
HOSE_HPG,HPG,2024-10-04 09:00:00,1538,2,19.47,19.7,19.4,19.47,17555300,342503902.99999994,derived_ohlc4
HOSE_HPG,HPG,2024-10-07 09:00:00,1539,2,19.62,19.7,19.47,19.62,12466400,244372606.0,derived_ohlc4
HOSE_HPG,HPG,2024-10-08 09:00:00,1540,2,19.62,20.14,19.59,20.03,38169900,757481665.5000001,derived_ohlc4
HOSE_HPG,HPG,2024-10-09 09:00:00,1541,2,20.18,20.44,20.11,20.44,41613700,844446007.25,derived_ohlc4
HOSE_HPG,HPG,2024-10-10 09:00:00,1542,2,20.52,20.59,20.26,20.26,23823900,486186239.25000006,derived_ohlc4
HOSE_HPG,HPG,2024-10-11 09:00:00,1543,2,20.33,20.4,20.07,20.29,15761800,319531090.5,derived_ohlc4
HOSE_HPG,HPG,2024-10-14 09:00:00,1544,2,20.33,20.4,20.11,20.11,17974700,363762991.24999994,derived_ohlc4
HOSE_HPG,HPG,2024-10-15 09:00:00,1545,2,20.37,20.4,20.18,20.18,20160900,408913454.25,derived_ohlc4
HOSE_HPG,HPG,2024-10-16 09:00:00,1546,2,20.18,20.29,20.14,20.14,11628300,234746306.25,derived_ohlc4
HOSE_HPG,HPG,2024-10-17 09:00:00,1547,2,20.18,20.26,19.88,20.26,20560900,414199330.5,derived_ohlc4
HOSE_HPG,HPG,2024-10-18 09:00:00,1548,2,20.26,20.29,20.03,20.03,16242400,327324966.0,derived_ohlc4
HOSE_HPG,HPG,2024-10-21 09:00:00,1549,2,20.03,20.11,19.85,19.88,13894500,277438428.75,derived_ohlc4
HOSE_HPG,HPG,2024-10-22 09:00:00,1550,2,19.81,19.96,19.7,19.81,18315000,363003300.0,derived_ohlc4
HOSE_HPG,HPG,2024-10-23 09:00:00,1551,2,19.81,19.85,19.59,19.66,13607700,268445901.75,derived_ohlc4
HOSE_HPG,HPG,2024-10-24 09:00:00,1552,2,19.7,19.85,19.59,19.66,15898900,313208330.0,derived_ohlc4
HOSE_HPG,HPG,2024-10-25 09:00:00,1553,2,19.77,19.81,19.66,19.66,9445600,186314459.99999997,derived_ohlc4
HOSE_HPG,HPG,2024-10-28 09:00:00,1554,2,19.7,20.03,19.7,19.88,11933000,236601557.5,derived_ohlc4
HOSE_HPG,HPG,2024-10-29 09:00:00,1555,2,19.92,20.18,19.85,20.11,15733100,314897996.5,derived_ohlc4
HOSE_HPG,HPG,2024-10-30 09:00:00,1556,2,20.11,20.14,19.92,20.07,11066500,221993990.00000003,derived_ohlc4
HOSE_HPG,HPG,2024-10-31 09:00:00,1557,2,20.11,20.11,19.92,19.99,13325100,266935065.74999997,derived_ohlc4
HOSE_HPG,HPG,2024-11-01 09:00:00,1558,2,19.92,19.96,19.66,19.73,13201400,261618744.50000003,derived_ohlc4
HOSE_HPG,HPG,2024-11-04 09:00:00,1559,2,19.73,19.73,19.44,19.55,18309700,359098991.25,derived_ohlc4
HOSE_HPG,HPG,2024-11-05 09:00:00,1560,2,19.55,19.73,19.47,19.7,8094800,158759265.0,derived_ohlc4
HOSE_HPG,HPG,2024-11-06 09:00:00,1561,2,19.81,20.18,19.73,20.03,20992000,418528000.0,derived_ohlc4
HOSE_HPG,HPG,2024-11-07 09:00:00,1562,2,20.14,20.29,20.03,20.03,15984800,321654138.00000006,derived_ohlc4
HOSE_HPG,HPG,2024-11-08 09:00:00,1563,2,20.22,20.44,20.07,20.07,24762900,500210580.0,derived_ohlc4
HOSE_HPG,HPG,2024-11-11 09:00:00,1564,2,20.11,20.59,20.03,20.59,40877500,831039575.0000001,derived_ohlc4
HOSE_HPG,HPG,2024-11-12 09:00:00,1565,2,20.63,20.74,20.29,20.44,23963200,491844679.99999994,derived_ohlc4
HOSE_HPG,HPG,2024-11-13 09:00:00,1566,2,20.22,20.37,19.96,20.11,22287600,449429454.0,derived_ohlc4
HOSE_HPG,HPG,2024-11-14 09:00:00,1567,2,20.11,20.14,19.55,19.55,26564300,526969301.24999994,derived_ohlc4
HOSE_HPG,HPG,2024-11-15 09:00:00,1568,2,19.55,19.59,19.25,19.25,27604300,535799463.0,derived_ohlc4
HOSE_HPG,HPG,2024-11-18 09:00:00,1569,2,19.32,19.36,18.95,19.18,20599400,395559978.5,derived_ohlc4
HOSE_HPG,HPG,2024-11-19 09:00:00,1570,2,19.21,19.32,18.92,18.92,15842800,302478659.0,derived_ohlc4
HOSE_HPG,HPG,2024-11-20 09:00:00,1571,2,18.88,19.32,18.77,19.03,22750500,432259500.0,derived_ohlc4
HOSE_HPG,HPG,2024-11-21 09:00:00,1572,2,19.07,19.29,18.99,19.21,12777100,244553694.0,derived_ohlc4
HOSE_HPG,HPG,2024-11-22 09:00:00,1573,2,19.25,19.51,19.21,19.4,17266400,333975342.0,derived_ohlc4
HOSE_HPG,HPG,2024-11-25 09:00:00,1574,2,19.4,19.55,19.36,19.55,12830400,249743736.0,derived_ohlc4
HOSE_HPG,HPG,2024-11-26 09:00:00,1575,2,19.55,19.7,19.47,19.59,13180700,258045154.25,derived_ohlc4
HOSE_HPG,HPG,2024-11-27 09:00:00,1576,2,19.59,19.66,19.4,19.55,7966600,155747030.0,derived_ohlc4
HOSE_HPG,HPG,2024-11-28 09:00:00,1577,2,19.66,19.88,19.55,19.62,14131000,278062752.5,derived_ohlc4
HOSE_HPG,HPG,2024-11-29 09:00:00,1578,2,19.66,19.88,19.55,19.88,13877300,273972595.25,derived_ohlc4
HOSE_HPG,HPG,2024-12-02 09:00:00,1579,2,20.03,20.18,19.88,19.99,18575600,371883512.0,derived_ohlc4
HOSE_HPG,HPG,2024-12-03 09:00:00,1580,2,19.96,20.07,19.77,20.07,15812100,315728106.75,derived_ohlc4
HOSE_HPG,HPG,2024-12-04 09:00:00,1581,2,19.96,19.96,19.81,19.85,12508500,248856607.50000003,derived_ohlc4
HOSE_HPG,HPG,2024-12-05 09:00:00,1582,2,19.85,20.7,19.62,20.7,44746700,904666407.25,derived_ohlc4
HOSE_HPG,HPG,2024-12-06 09:00:00,1583,2,20.7,20.74,20.44,20.52,23751300,489276779.99999994,derived_ohlc4
HOSE_HPG,HPG,2024-12-09 09:00:00,1584,2,20.55,20.74,20.44,20.55,15948700,328064759.0,derived_ohlc4
HOSE_HPG,HPG,2024-12-10 09:00:00,1585,2,20.59,20.96,20.52,20.74,32689300,676750233.2499999,derived_ohlc4
HOSE_HPG,HPG,2024-12-11 09:00:00,1586,2,20.74,20.92,20.52,20.63,17031500,352594628.74999994,derived_ohlc4
HOSE_HPG,HPG,2024-12-12 09:00:00,1587,2,20.63,20.74,20.33,20.44,20965100,430518328.5,derived_ohlc4
HOSE_HPG,HPG,2024-12-13 09:00:00,1588,2,20.29,20.37,20.14,20.22,17265900,349720804.5,derived_ohlc4
HOSE_HPG,HPG,2024-12-16 09:00:00,1589,2,20.22,20.33,19.96,20.07,16652700,335468641.5,derived_ohlc4
HOSE_HPG,HPG,2024-12-17 09:00:00,1590,2,20.07,20.14,19.96,20.07,10809400,216836564.00000003,derived_ohlc4
HOSE_HPG,HPG,2024-12-18 09:00:00,1591,2,20.07,20.33,20.03,20.33,12794200,258314897.99999997,derived_ohlc4
HOSE_HPG,HPG,2024-12-19 09:00:00,1592,2,20.07,20.18,19.92,19.96,30331800,607621783.5,derived_ohlc4
HOSE_HPG,HPG,2024-12-20 09:00:00,1593,2,19.96,20.03,19.85,19.85,13746900,273872615.25,derived_ohlc4
HOSE_HPG,HPG,2024-12-23 09:00:00,1594,2,19.88,20.11,19.88,20.07,12898800,257782518.0,derived_ohlc4
HOSE_HPG,HPG,2024-12-24 09:00:00,1595,2,19.99,19.99,19.77,19.85,13462400,267901759.99999997,derived_ohlc4
HOSE_HPG,HPG,2024-12-25 09:00:00,1596,2,19.88,20.18,19.88,20.18,17144300,343400329.0,derived_ohlc4
HOSE_HPG,HPG,2024-12-26 09:00:00,1597,2,20.18,20.22,19.96,20.07,9975100,200574323.25000003,derived_ohlc4
HOSE_HPG,HPG,2024-12-27 09:00:00,1598,2,20.07,20.07,19.92,19.96,11389200,227840946.00000003,derived_ohlc4
HOSE_HPG,HPG,2024-12-30 09:00:00,1599,2,19.92,19.96,19.81,19.88,12168200,242055918.49999997,derived_ohlc4
HOSE_HPG,HPG,2024-12-31 09:00:00,1600,2,19.88,19.88,19.77,19.81,10247400,203257179.0,derived_ohlc4
HOSE_HPG,HPG,2025-01-02 09:00:00,1601,2,19.85,20.11,19.85,20.07,14961200,298775164.0,derived_ohlc4
HOSE_HPG,HPG,2025-01-03 09:00:00,1602,2,19.99,20.07,19.77,19.77,13200100,262681989.99999997,derived_ohlc4
HOSE_HPG,HPG,2025-01-06 09:00:00,1603,2,19.77,19.85,19.36,19.36,15250500,298681042.5,derived_ohlc4
HOSE_HPG,HPG,2025-01-07 09:00:00,1604,2,19.44,19.62,19.36,19.36,14399600,280000222.0,derived_ohlc4
HOSE_HPG,HPG,2025-01-08 09:00:00,1605,2,19.36,19.51,19.29,19.51,12957600,251604198.0,derived_ohlc4
HOSE_HPG,HPG,2025-01-09 09:00:00,1606,2,19.55,19.55,19.25,19.32,9236900,179357505.75,derived_ohlc4
HOSE_HPG,HPG,2025-01-10 09:00:00,1607,2,19.32,19.4,18.99,18.99,14273600,273696279.99999994,derived_ohlc4
HOSE_HPG,HPG,2025-01-13 09:00:00,1608,2,18.99,19.36,18.92,19.25,13576000,259708880.0,derived_ohlc4
HOSE_HPG,HPG,2025-01-14 09:00:00,1609,2,19.29,19.32,19.18,19.21,7660700,147468475.0,derived_ohlc4
HOSE_HPG,HPG,2025-01-15 09:00:00,1610,2,19.32,19.51,19.25,19.47,11221600,217558770.0,derived_ohlc4
HOSE_HPG,HPG,2025-01-16 09:00:00,1611,2,19.55,19.66,19.36,19.55,11206800,218868804.0,derived_ohlc4
HOSE_HPG,HPG,2025-01-17 09:00:00,1612,2,19.55,19.7,19.4,19.7,13950100,273247583.75,derived_ohlc4
HOSE_HPG,HPG,2025-01-20 09:00:00,1613,2,19.7,19.88,19.66,19.66,9654200,190429094.99999997,derived_ohlc4
HOSE_HPG,HPG,2025-01-21 09:00:00,1614,2,19.77,19.77,19.47,19.55,10421500,204678260.0,derived_ohlc4
HOSE_HPG,HPG,2025-01-22 09:00:00,1615,2,19.62,19.62,19.44,19.44,10280000,200768400.0,derived_ohlc4
HOSE_HPG,HPG,2025-01-23 09:00:00,1616,2,19.47,19.88,19.44,19.81,15792000,310312800.0,derived_ohlc4
HOSE_HPG,HPG,2025-01-24 09:00:00,1617,2,19.81,19.81,19.66,19.73,10401300,205451678.25,derived_ohlc4
HOSE_HPG,HPG,2025-02-03 09:00:00,1618,2,19.7,19.77,19.51,19.62,16971700,333493905.00000006,derived_ohlc4
HOSE_HPG,HPG,2025-02-04 09:00:00,1619,2,19.7,20.07,19.66,19.96,17358200,344516874.49999994,derived_ohlc4
HOSE_HPG,HPG,2025-02-05 09:00:00,1620,2,19.96,20.07,19.88,19.92,14466500,288715173.75,derived_ohlc4
HOSE_HPG,HPG,2025-02-06 09:00:00,1621,2,19.92,20.03,19.88,19.92,13535000,269854062.5,derived_ohlc4
HOSE_HPG,HPG,2025-02-07 09:00:00,1622,2,19.92,19.92,19.77,19.81,12547400,249128627.0,derived_ohlc4
HOSE_HPG,HPG,2025-02-10 09:00:00,1623,2,19.7,19.7,18.88,18.88,61096500,1178551485.0,derived_ohlc4
HOSE_HPG,HPG,2025-02-11 09:00:00,1624,2,18.92,19.4,18.92,19.4,28896000,553647360.0,derived_ohlc4
HOSE_HPG,HPG,2025-02-12 09:00:00,1625,2,19.47,19.47,19.21,19.21,13651300,264016142.0,derived_ohlc4
HOSE_HPG,HPG,2025-02-13 09:00:00,1626,2,19.29,19.32,19.21,19.25,9499100,183023909.24999997,derived_ohlc4
HOSE_HPG,HPG,2025-02-14 09:00:00,1627,2,19.4,19.55,19.32,19.4,18580600,360788800.5,derived_ohlc4
HOSE_HPG,HPG,2025-02-17 09:00:00,1628,2,19.44,19.51,19.36,19.44,14369400,279305212.5,derived_ohlc4
HOSE_HPG,HPG,2025-02-18 09:00:00,1629,2,19.59,19.77,19.55,19.73,24939500,490310570.0,derived_ohlc4
HOSE_HPG,HPG,2025-02-19 09:00:00,1630,2,19.77,19.77,19.62,19.7,13653000,269168895.0,derived_ohlc4
HOSE_HPG,HPG,2025-02-20 09:00:00,1631,2,19.73,19.77,19.7,19.73,11910400,235021968.00000003,derived_ohlc4
HOSE_HPG,HPG,2025-02-21 09:00:00,1632,2,19.73,19.77,19.62,19.66,11063800,217901541.0,derived_ohlc4
HOSE_HPG,HPG,2025-02-24 09:00:00,1633,2,21.04,21.04,20.48,20.59,73891100,1536011241.25,derived_ohlc4
HOSE_HPG,HPG,2025-02-25 09:00:00,1634,2,20.52,20.59,20.22,20.44,31575300,645478070.25,derived_ohlc4
HOSE_HPG,HPG,2025-02-26 09:00:00,1635,2,20.52,20.78,20.48,20.63,31819600,655563309.0,derived_ohlc4
HOSE_HPG,HPG,2025-02-27 09:00:00,1636,2,20.66,21.15,20.52,21.15,51120800,1066891095.9999999,derived_ohlc4
HOSE_HPG,HPG,2025-02-28 09:00:00,1637,2,21.11,21.11,20.78,20.81,24214400,507352216.0,derived_ohlc4
HOSE_HPG,HPG,2025-03-03 09:00:00,1638,2,20.85,21.0,20.81,20.85,20663700,431406396.74999994,derived_ohlc4
HOSE_HPG,HPG,2025-03-04 09:00:00,1639,2,20.85,20.85,20.55,20.7,27424100,568707273.75,derived_ohlc4
HOSE_HPG,HPG,2025-03-05 09:00:00,1640,2,20.7,20.74,20.48,20.48,30385500,625941300.0,derived_ohlc4
HOSE_HPG,HPG,2025-03-06 09:00:00,1641,2,20.52,20.78,20.52,20.78,36975600,763546140.0,derived_ohlc4
HOSE_HPG,HPG,2025-03-07 09:00:00,1642,2,20.81,20.89,20.63,20.85,33131200,688963304.0,derived_ohlc4
HOSE_HPG,HPG,2025-03-10 09:00:00,1643,2,20.89,20.96,20.78,20.78,23580500,491712376.25,derived_ohlc4
HOSE_HPG,HPG,2025-03-11 09:00:00,1644,2,20.52,20.92,20.52,20.92,26088500,540553720.0,derived_ohlc4
HOSE_HPG,HPG,2025-03-12 09:00:00,1645,2,20.96,20.96,20.66,20.66,20641600,429551696.0,derived_ohlc4
HOSE_HPG,HPG,2025-03-13 09:00:00,1646,2,20.7,20.85,20.59,20.59,24809400,513120415.5,derived_ohlc4
HOSE_HPG,HPG,2025-03-14 09:00:00,1647,2,20.59,20.7,20.48,20.48,18279900,375880443.75,derived_ohlc4
HOSE_HPG,HPG,2025-03-17 09:00:00,1648,2,20.74,20.92,20.63,20.7,19719700,409134475.75,derived_ohlc4
HOSE_HPG,HPG,2025-03-18 09:00:00,1649,2,20.74,20.85,20.52,20.52,18741700,387156667.75,derived_ohlc4
HOSE_HPG,HPG,2025-03-19 09:00:00,1650,2,20.52,20.52,20.14,20.26,37925600,772165216.0,derived_ohlc4
HOSE_HPG,HPG,2025-03-20 09:00:00,1651,2,20.29,20.4,20.11,20.18,25022500,506580512.49999994,derived_ohlc4
HOSE_HPG,HPG,2025-03-21 09:00:00,1652,2,20.14,20.26,20.11,20.18,18912200,381506354.5,derived_ohlc4
HOSE_HPG,HPG,2025-03-24 09:00:00,1653,2,20.18,20.26,19.99,20.18,16229800,327071044.49999994,derived_ohlc4
HOSE_HPG,HPG,2025-03-25 09:00:00,1654,2,20.26,20.37,20.14,20.22,20101000,406994997.50000006,derived_ohlc4
HOSE_HPG,HPG,2025-03-26 09:00:00,1655,2,20.22,20.78,20.18,20.48,43980000,897851700.0,derived_ohlc4
HOSE_HPG,HPG,2025-03-27 09:00:00,1656,2,20.59,20.59,20.4,20.44,12009700,246258898.5,derived_ohlc4
HOSE_HPG,HPG,2025-03-28 09:00:00,1657,2,20.4,20.44,20.14,20.18,17070200,346354358.0,derived_ohlc4
HOSE_HPG,HPG,2025-03-31 09:00:00,1658,2,20.11,20.14,19.88,19.88,26536400,530794340.99999994,derived_ohlc4
HOSE_HPG,HPG,2025-04-01 09:00:00,1659,2,19.92,20.11,19.88,20.07,14018400,280297907.99999994,derived_ohlc4
HOSE_HPG,HPG,2025-04-02 09:00:00,1660,2,20.18,20.37,20.14,20.26,16785400,339694532.5,derived_ohlc4
HOSE_HPG,HPG,2025-04-03 09:00:00,1661,2,19.18,19.66,18.84,18.84,80695800,1543710654.0000002,derived_ohlc4
HOSE_HPG,HPG,2025-04-04 09:00:00,1662,2,17.54,18.47,17.54,18.28,73181200,1314151399.0,derived_ohlc4
HOSE_HPG,HPG,2025-04-08 09:00:00,1663,2,17.47,17.84,17.02,17.02,35443300,614498213.75,derived_ohlc4
HOSE_HPG,HPG,2025-04-09 09:00:00,1664,2,15.83,16.58,15.83,15.83,77156800,1235859043.9999998,derived_ohlc4
HOSE_HPG,HPG,2025-04-10 09:00:00,1665,2,16.91,16.91,16.91,16.91,3062400,51785184.0,derived_ohlc4
HOSE_HPG,HPG,2025-04-11 09:00:00,1666,2,17.99,18.06,17.47,18.06,76273700,1364917861.5,derived_ohlc4
HOSE_HPG,HPG,2025-04-14 09:00:00,1667,2,18.43,19.14,18.4,18.84,51203900,957640939.75,derived_ohlc4
HOSE_HPG,HPG,2025-04-15 09:00:00,1668,2,18.69,19.44,18.62,19.21,50570600,960335694.0000001,derived_ohlc4
HOSE_HPG,HPG,2025-04-16 09:00:00,1669,2,19.25,19.32,18.62,18.95,25705300,489300385.5,derived_ohlc4
HOSE_HPG,HPG,2025-04-17 09:00:00,1670,2,18.73,19.03,18.43,18.95,24441000,459124185.0,derived_ohlc4
HOSE_HPG,HPG,2025-04-18 09:00:00,1671,2,19.07,19.14,18.92,18.92,20765500,394804068.75000006,derived_ohlc4
HOSE_HPG,HPG,2025-04-21 09:00:00,1672,2,18.92,18.92,18.55,18.55,17306200,324231657.0,derived_ohlc4
HOSE_HPG,HPG,2025-04-22 09:00:00,1673,2,18.43,18.66,17.39,18.62,47447000,867093925.0000001,derived_ohlc4
HOSE_HPG,HPG,2025-04-23 09:00:00,1674,2,18.95,19.1,18.84,18.99,22232700,421754319.0,derived_ohlc4
HOSE_HPG,HPG,2025-04-24 09:00:00,1675,2,19.1,19.1,18.73,19.03,17212000,326855880.00000006,derived_ohlc4
HOSE_HPG,HPG,2025-04-25 09:00:00,1676,2,18.92,19.1,18.77,19.1,24849000,471447652.5000001,derived_ohlc4
HOSE_HPG,HPG,2025-04-28 09:00:00,1677,2,19.1,19.1,18.84,19.07,9757000,185651317.50000003,derived_ohlc4
HOSE_HPG,HPG,2025-04-29 09:00:00,1678,2,19.07,19.1,18.88,18.95,14467400,274880600.0,derived_ohlc4
HOSE_HPG,HPG,2025-05-05 09:00:00,1679,2,19.07,19.14,18.84,19.1,12548300,238888261.25000003,derived_ohlc4
HOSE_HPG,HPG,2025-05-06 09:00:00,1680,2,19.14,19.36,18.92,18.92,20937300,399588370.5,derived_ohlc4
HOSE_HPG,HPG,2025-05-07 09:00:00,1681,2,18.84,18.95,18.84,18.88,11501800,217125229.49999997,derived_ohlc4
HOSE_HPG,HPG,2025-05-08 09:00:00,1682,2,18.88,19.21,18.8,19.1,19892200,377902069.50000006,derived_ohlc4
HOSE_HPG,HPG,2025-05-09 09:00:00,1683,2,19.1,19.14,18.95,19.07,11008000,209867519.99999997,derived_ohlc4
HOSE_HPG,HPG,2025-05-12 09:00:00,1684,2,18.99,19.14,18.4,18.88,64734900,1220414702.25,derived_ohlc4
HOSE_HPG,HPG,2025-05-13 09:00:00,1685,2,19.03,19.32,19.03,19.18,20304600,388630044.0,derived_ohlc4
HOSE_HPG,HPG,2025-05-14 09:00:00,1686,2,19.25,19.73,19.21,19.44,34073700,661285332.7500001,derived_ohlc4
HOSE_HPG,HPG,2025-05-15 09:00:00,1687,2,19.47,19.47,19.21,19.44,22616700,438707438.25,derived_ohlc4
HOSE_HPG,HPG,2025-05-16 09:00:00,1688,2,19.44,19.47,19.18,19.18,16810600,324738765.5,derived_ohlc4
HOSE_HPG,HPG,2025-05-19 09:00:00,1689,2,19.14,19.29,18.99,19.07,14995700,286755273.25000006,derived_ohlc4
HOSE_HPG,HPG,2025-05-20 09:00:00,1690,2,19.03,19.18,19.03,19.07,17449000,332883297.5,derived_ohlc4
HOSE_HPG,HPG,2025-05-21 09:00:00,1691,2,19.14,19.4,19.07,19.14,20150500,386637718.75,derived_ohlc4
HOSE_HPG,HPG,2025-05-22 09:00:00,1692,2,19.14,19.29,18.99,19.07,24363700,465894853.25000006,derived_ohlc4
HOSE_HPG,HPG,2025-05-23 09:00:00,1693,2,19.14,19.21,18.99,19.03,11096000,211850380.0,derived_ohlc4
HOSE_HPG,HPG,2025-05-26 09:00:00,1694,2,19.07,19.07,18.62,18.99,27433800,519527587.5,derived_ohlc4
HOSE_HPG,HPG,2025-05-27 09:00:00,1695,2,18.99,19.44,18.99,18.99,26892800,513719712.0,derived_ohlc4
HOSE_HPG,HPG,2025-05-28 09:00:00,1696,2,19.14,19.25,18.99,19.03,15604800,298090692.0,derived_ohlc4
HOSE_HPG,HPG,2025-05-29 09:00:00,1697,2,19.1,19.18,18.95,18.99,16434100,313151775.5,derived_ohlc4
HOSE_HPG,HPG,2025-05-30 09:00:00,1698,2,19.07,19.81,19.07,19.14,64975400,1252238396.5,derived_ohlc4
HOSE_HPG,HPG,2025-06-02 09:00:00,1699,2,19.03,19.07,18.84,18.99,21933200,416346968.99999994,derived_ohlc4
HOSE_HPG,HPG,2025-06-03 09:00:00,1700,2,19.18,19.47,19.14,19.32,31038500,598344683.75,derived_ohlc4
HOSE_HPG,HPG,2025-06-04 09:00:00,1701,2,19.4,19.62,19.29,19.29,25685700,498302579.99999994,derived_ohlc4
HOSE_HPG,HPG,2025-06-05 09:00:00,1702,2,19.32,19.36,19.1,19.14,18786300,361260549.0,derived_ohlc4
HOSE_HPG,HPG,2025-06-06 09:00:00,1703,2,19.36,19.7,19.25,19.36,42244000,820272870.0,derived_ohlc4
HOSE_HPG,HPG,2025-06-09 09:00:00,1704,2,19.4,19.62,19.29,19.55,24987900,486389473.5,derived_ohlc4
HOSE_HPG,HPG,2025-06-10 09:00:00,1705,2,19.7,19.96,19.47,19.47,29410900,577924185.0,derived_ohlc4
HOSE_HPG,HPG,2025-06-11 09:00:00,1706,2,19.55,19.59,19.32,19.4,16548100,322108766.5,derived_ohlc4
HOSE_HPG,HPG,2025-06-12 09:00:00,1707,2,19.44,20.14,19.44,19.92,52217900,1030520256.5,derived_ohlc4
HOSE_HPG,HPG,2025-06-13 09:00:00,1708,2,19.77,19.88,19.55,19.62,38769800,763958909.0000001,derived_ohlc4
HOSE_HPG,HPG,2025-06-16 09:00:00,1709,2,19.59,20.07,19.59,19.88,29735100,588234615.75,derived_ohlc4
HOSE_HPG,HPG,2025-06-17 09:00:00,1710,2,19.99,20.14,19.88,19.96,26625600,532312308.0,derived_ohlc4
HOSE_HPG,HPG,2025-06-18 09:00:00,1711,2,19.99,20.22,19.92,20.18,31468200,631802785.5,derived_ohlc4
HOSE_HPG,HPG,2025-06-19 09:00:00,1712,2,20.18,20.22,19.92,19.99,23408200,469978135.5,derived_ohlc4
HOSE_HPG,HPG,2025-06-20 09:00:00,1713,2,20.07,20.14,19.96,20.07,23416400,469732984.00000006,derived_ohlc4
HOSE_HPG,HPG,2025-06-23 09:00:00,1714,2,19.96,20.07,19.77,19.96,22192800,442524431.99999994,derived_ohlc4
HOSE_HPG,HPG,2025-06-24 09:00:00,1715,2,20.11,20.22,20.03,20.07,27870000,560396025.0,derived_ohlc4
HOSE_HPG,HPG,2025-06-25 09:00:00,1716,2,20.14,20.4,20.03,20.22,38638800,780407162.9999999,derived_ohlc4
HOSE_HPG,HPG,2025-06-26 09:00:00,1717,2,20.57,20.66,20.31,20.35,38371000,785550297.5000001,derived_ohlc4
HOSE_HPG,HPG,2025-06-27 09:00:00,1718,2,20.48,20.48,20.31,20.4,16481800,336517151.49999994,derived_ohlc4
HOSE_HPG,HPG,2025-06-30 09:00:00,1719,2,20.44,20.48,20.26,20.26,19885300,404864708.00000006,derived_ohlc4
HOSE_HPG,HPG,2025-07-01 09:00:00,1720,2,20.31,20.44,20.17,20.22,19766000,400953310.0,derived_ohlc4
HOSE_HPG,HPG,2025-07-02 09:00:00,1721,2,20.22,20.44,20.13,20.44,18902100,383854395.74999994,derived_ohlc4
HOSE_HPG,HPG,2025-07-03 09:00:00,1722,2,20.53,21.11,20.53,20.62,42514500,879943863.7500001,derived_ohlc4
HOSE_HPG,HPG,2025-07-04 09:00:00,1723,2,20.66,20.75,20.62,20.75,19401100,401505764.5,derived_ohlc4
HOSE_HPG,HPG,2025-07-07 09:00:00,1724,2,21.16,21.16,20.89,21.06,35999600,758421573.0,derived_ohlc4
HOSE_HPG,HPG,2025-07-08 09:00:00,1725,2,21.11,22.14,21.02,22.05,77477100,1671955817.9999998,derived_ohlc4
HOSE_HPG,HPG,2025-07-09 09:00:00,1726,2,22.14,22.4,21.96,22.09,43462900,962594577.75,derived_ohlc4
HOSE_HPG,HPG,2025-07-10 09:00:00,1727,2,22.18,22.49,21.91,22.45,85282300,1898170792.25,derived_ohlc4
HOSE_HPG,HPG,2025-07-11 09:00:00,1728,2,22.54,23.43,22.36,23.21,65285300,1494054090.4999998,derived_ohlc4
HOSE_HPG,HPG,2025-07-14 09:00:00,1729,2,23.39,23.61,22.81,22.98,49438500,1146849603.75,derived_ohlc4
HOSE_HPG,HPG,2025-07-15 09:00:00,1730,2,23.03,23.21,22.76,22.76,46507000,1066870580.0,derived_ohlc4
HOSE_HPG,HPG,2025-07-16 09:00:00,1731,2,22.72,23.39,22.67,23.3,45893600,1056470672.0,derived_ohlc4
HOSE_HPG,HPG,2025-07-17 09:00:00,1732,2,23.39,23.52,23.12,23.21,56229600,1310711976.0000002,derived_ohlc4
HOSE_HPG,HPG,2025-07-18 09:00:00,1733,2,23.21,23.3,22.98,23.12,40723400,942848518.5000001,derived_ohlc4
HOSE_HPG,HPG,2025-07-21 09:00:00,1734,2,23.56,24.1,23.3,23.39,55773600,1315559790.0,derived_ohlc4
HOSE_HPG,HPG,2025-07-22 09:00:00,1735,2,23.34,23.61,23.21,23.61,31504400,738541897.0,derived_ohlc4
HOSE_HPG,HPG,2025-07-23 09:00:00,1736,2,23.7,24.06,23.56,23.56,43124000,1022901280.0,derived_ohlc4
HOSE_HPG,HPG,2025-07-24 09:00:00,1737,2,23.56,23.61,23.12,23.21,51907400,1213335475.0,derived_ohlc4
HOSE_HPG,HPG,2025-07-25 09:00:00,1738,2,23.21,23.48,23.12,23.25,51078400,1188338976.0,derived_ohlc4
HOSE_HPG,HPG,2025-07-28 09:00:00,1739,2,23.3,23.97,23.21,23.52,99592800,2340430799.9999995,derived_ohlc4
HOSE_HPG,HPG,2025-07-29 09:00:00,1740,2,23.61,23.74,22.63,22.63,82604800,1912507631.9999998,derived_ohlc4
HOSE_HPG,HPG,2025-07-30 09:00:00,1741,2,22.85,22.98,22.4,22.67,50186000,1140476850.0,derived_ohlc4
HOSE_HPG,HPG,2025-07-31 09:00:00,1742,2,22.72,22.85,22.09,22.27,85332500,1918487931.2499998,derived_ohlc4
HOSE_HPG,HPG,2025-08-01 09:00:00,1743,2,22.18,22.58,22.14,22.45,50798600,1134713727.5,derived_ohlc4
HOSE_HPG,HPG,2025-08-04 09:00:00,1744,2,22.4,22.72,22.27,22.58,37058100,833529314.25,derived_ohlc4
HOSE_HPG,HPG,2025-08-05 09:00:00,1745,2,22.72,24.14,22.72,23.56,215999100,5029539043.5,derived_ohlc4
HOSE_HPG,HPG,2025-08-06 09:00:00,1746,2,23.88,24.72,23.79,24.19,96174200,2322126058.9999995,derived_ohlc4
HOSE_HPG,HPG,2025-08-07 09:00:00,1747,2,24.41,25.48,24.1,25.44,139119300,3458157999.75,derived_ohlc4
HOSE_HPG,HPG,2025-08-08 09:00:00,1748,2,25.53,25.57,24.64,24.99,121062500,3048656406.25,derived_ohlc4
HOSE_HPG,HPG,2025-08-11 09:00:00,1749,2,25.13,25.39,24.81,25.13,67223000,1688305645.0,derived_ohlc4
HOSE_HPG,HPG,2025-08-12 09:00:00,1750,2,25.3,25.98,25.13,25.44,84195900,2143838103.7499998,derived_ohlc4
HOSE_HPG,HPG,2025-08-13 09:00:00,1751,2,25.48,25.53,24.86,25.08,79765000,2013069187.5,derived_ohlc4
HOSE_HPG,HPG,2025-08-14 09:00:00,1752,2,25.17,25.39,24.99,25.17,76049900,1914936482.0,derived_ohlc4
HOSE_HPG,HPG,2025-08-15 09:00:00,1753,2,25.39,25.71,24.86,24.99,107927600,2723822805.0,derived_ohlc4
HOSE_HPG,HPG,2025-08-18 09:00:00,1754,2,25.26,25.71,25.17,25.35,69044400,1751829039.0000002,derived_ohlc4
HOSE_HPG,HPG,2025-08-19 09:00:00,1755,2,25.53,25.62,25.08,25.13,63021900,1596974946.0,derived_ohlc4
HOSE_HPG,HPG,2025-08-20 09:00:00,1756,2,25.17,25.22,24.14,24.46,101007400,2499680631.5,derived_ohlc4
HOSE_HPG,HPG,2025-08-21 09:00:00,1757,2,24.5,24.81,24.37,24.46,69981700,1717001009.5000002,derived_ohlc4
HOSE_HPG,HPG,2025-08-22 09:00:00,1758,2,24.06,24.19,23.21,23.21,132314200,3131546328.5000005,derived_ohlc4
HOSE_HPG,HPG,2025-08-25 09:00:00,1759,2,23.65,23.88,23.07,23.16,68320100,1601423143.9999998,derived_ohlc4
HOSE_HPG,HPG,2025-08-26 09:00:00,1760,2,23.3,24.28,23.3,24.28,51986200,1236751698.0,derived_ohlc4
HOSE_HPG,HPG,2025-08-27 09:00:00,1761,2,24.32,24.32,23.88,23.88,85992500,2072419249.9999998,derived_ohlc4
HOSE_HPG,HPG,2025-08-28 09:00:00,1762,2,24.06,24.55,23.97,24.19,63166300,1528150712.75,derived_ohlc4
HOSE_HPG,HPG,2025-08-29 09:00:00,1763,2,24.28,24.86,24.14,24.55,81735200,1999038654.0,derived_ohlc4
HOSE_HPG,HPG,2025-09-03 09:00:00,1764,2,24.46,25.88,24.32,25.13,119138500,2972207728.75,derived_ohlc4
HOSE_HPG,HPG,2025-09-04 09:00:00,1765,2,25.39,26.69,25.3,26.64,141435100,3678019775.5,derived_ohlc4
HOSE_HPG,HPG,2025-09-05 09:00:00,1766,2,26.78,26.87,25.71,25.71,95256400,2502147487.0000005,derived_ohlc4
HOSE_HPG,HPG,2025-09-08 09:00:00,1767,2,25.62,26.56,25.57,25.8,141768400,3670029455.0,derived_ohlc4
HOSE_HPG,HPG,2025-09-09 09:00:00,1768,2,26.06,26.11,25.17,25.75,73861200,1903587777.0,derived_ohlc4
HOSE_HPG,HPG,2025-09-10 09:00:00,1769,2,25.75,26.06,25.35,25.75,52455800,1349556594.5,derived_ohlc4
HOSE_HPG,HPG,2025-09-11 09:00:00,1770,2,25.62,26.06,24.99,26.02,71781900,1842820827.75,derived_ohlc4
HOSE_HPG,HPG,2025-09-12 09:00:00,1771,2,26.06,26.87,26.02,26.78,104621000,2765394582.5,derived_ohlc4
HOSE_HPG,HPG,2025-09-15 09:00:00,1772,2,27.0,27.54,26.87,27.09,88920500,2411968562.5,derived_ohlc4
HOSE_HPG,HPG,2025-09-16 09:00:00,1773,2,27.27,27.27,26.56,26.73,66855600,1802259837.0,derived_ohlc4
HOSE_HPG,HPG,2025-09-17 09:00:00,1774,2,26.69,27.0,26.06,26.06,124424600,3291341731.5,derived_ohlc4
HOSE_HPG,HPG,2025-09-18 09:00:00,1775,2,26.2,26.24,25.53,26.02,75687000,1967672782.5,derived_ohlc4
HOSE_HPG,HPG,2025-09-19 09:00:00,1776,2,26.15,26.24,25.71,26.11,45024800,1173008602.0,derived_ohlc4
HOSE_HPG,HPG,2025-09-22 09:00:00,1777,2,26.11,26.11,25.26,25.35,66073800,1698592213.5000002,derived_ohlc4
HOSE_HPG,HPG,2025-09-23 09:00:00,1778,2,25.48,25.75,25.39,25.57,24900000,636132750.0,derived_ohlc4
HOSE_HPG,HPG,2025-09-24 09:00:00,1779,2,25.57,25.93,25.22,25.93,30738900,788837021.25,derived_ohlc4
HOSE_HPG,HPG,2025-09-25 09:00:00,1780,2,26.02,26.15,25.66,25.71,34435400,891360328.9999999,derived_ohlc4
HOSE_HPG,HPG,2025-09-26 09:00:00,1781,2,25.75,26.06,25.48,25.48,38128900,979626763.2500001,derived_ohlc4
HOSE_HPG,HPG,2025-09-29 09:00:00,1782,2,25.48,25.8,25.35,25.53,38831200,991748848.0,derived_ohlc4
HOSE_HPG,HPG,2025-09-30 09:00:00,1783,2,25.48,25.53,24.9,25.13,53737200,1357401672.0,derived_ohlc4
HOSE_HPG,HPG,2025-10-01 09:00:00,1784,2,25.26,25.44,25.08,25.26,29848500,753973110.0,derived_ohlc4
HOSE_HPG,HPG,2025-10-02 09:00:00,1785,2,25.3,25.57,25.04,25.08,30165900,761613560.25,derived_ohlc4
HOSE_HPG,HPG,2025-10-03 09:00:00,1786,2,25.08,25.08,24.41,24.68,58123500,1442189343.75,derived_ohlc4
HOSE_HPG,HPG,2025-10-06 09:00:00,1787,2,25.08,26.06,25.08,26.06,71269500,1822361115.0,derived_ohlc4
HOSE_HPG,HPG,2025-10-07 09:00:00,1788,2,26.06,26.2,25.88,25.88,41398600,1076570593.0,derived_ohlc4
HOSE_HPG,HPG,2025-10-08 09:00:00,1789,2,26.11,26.24,25.66,26.06,59953000,1559827177.5,derived_ohlc4
HOSE_HPG,HPG,2025-10-09 09:00:00,1790,2,26.24,26.24,25.75,25.84,42551700,1107088854.75,derived_ohlc4
HOSE_HPG,HPG,2025-10-10 09:00:00,1791,2,25.88,26.56,25.8,26.42,62702300,1640605679.5,derived_ohlc4
HOSE_HPG,HPG,2025-10-13 09:00:00,1792,2,25.93,26.11,25.75,25.88,80237700,2079560589.7499998,derived_ohlc4
HOSE_HPG,HPG,2025-10-14 09:00:00,1793,2,25.93,26.11,25.26,25.3,84307900,2162497635.0,derived_ohlc4
HOSE_HPG,HPG,2025-10-15 09:00:00,1794,2,25.35,25.62,25.17,25.22,34623200,877351888.0,derived_ohlc4
HOSE_HPG,HPG,2025-10-16 09:00:00,1795,2,25.22,25.71,24.99,25.22,44715300,1130626360.5,derived_ohlc4
HOSE_HPG,HPG,2025-10-17 09:00:00,1796,2,25.26,25.57,24.99,24.99,46508200,1172122910.4999998,derived_ohlc4
HOSE_HPG,HPG,2025-10-20 09:00:00,1797,2,24.9,25.22,23.25,23.25,102963100,2487073680.5,derived_ohlc4
HOSE_HPG,HPG,2025-10-21 09:00:00,1798,2,23.48,24.1,23.21,23.92,74275800,1758665254.5,derived_ohlc4
HOSE_HPG,HPG,2025-10-22 09:00:00,1799,2,24.01,24.01,23.34,23.83,37268800,886904268.0,derived_ohlc4
HOSE_HPG,HPG,2025-10-23 09:00:00,1800,2,23.88,24.1,23.65,23.65,23443400,558421788.0,derived_ohlc4
HOSE_HPG,HPG,2025-10-24 09:00:00,1801,2,23.65,23.83,23.3,23.56,30587700,721410904.5,derived_ohlc4
HOSE_HPG,HPG,2025-10-27 09:00:00,1802,2,23.88,23.97,23.43,23.43,27390800,648545667.0,derived_ohlc4
HOSE_HPG,HPG,2025-10-28 09:00:00,1803,2,23.52,23.92,23.34,23.92,28512100,675023967.5,derived_ohlc4
HOSE_HPG,HPG,2025-10-29 09:00:00,1804,2,24.01,24.59,24.01,24.32,39448900,955945469.2500001,derived_ohlc4
HOSE_HPG,HPG,2025-10-30 09:00:00,1805,2,24.46,24.46,24.01,24.01,23693500,574211972.5000001,derived_ohlc4
HOSE_HPG,HPG,2025-10-31 09:00:00,1806,2,24.01,24.19,23.83,23.83,19779100,474006131.5,derived_ohlc4
HOSE_HPG,HPG,2025-11-03 09:00:00,1807,2,23.88,24.01,23.25,23.25,28356600,669144868.5,derived_ohlc4
HOSE_HPG,HPG,2025-11-04 09:00:00,1808,2,23.34,23.97,23.16,23.88,37767100,890831471.25,derived_ohlc4
HOSE_HPG,HPG,2025-11-05 09:00:00,1809,2,23.61,23.88,23.43,23.48,20835300,491713079.99999994,derived_ohlc4
HOSE_HPG,HPG,2025-11-06 09:00:00,1810,2,23.52,23.65,23.3,23.3,21207600,497159163.0,derived_ohlc4
HOSE_HPG,HPG,2025-11-07 09:00:00,1811,2,23.34,23.7,23.21,23.25,55100200,1287967175.0,derived_ohlc4
HOSE_HPG,HPG,2025-11-10 09:00:00,1812,2,23.39,23.88,23.3,23.61,48017900,1130581455.5,derived_ohlc4
HOSE_HPG,HPG,2025-11-11 09:00:00,1813,2,23.74,24.01,23.61,23.74,31332100,744920677.5,derived_ohlc4
HOSE_HPG,HPG,2025-11-12 09:00:00,1814,2,23.79,24.19,23.79,24.1,30662900,734913055.75,derived_ohlc4
HOSE_HPG,HPG,2025-11-13 09:00:00,1815,2,24.1,24.14,23.7,23.7,18927500,452556525.0,derived_ohlc4
HOSE_HPG,HPG,2025-11-14 09:00:00,1816,2,23.65,24.06,23.65,24.01,22112200,527210128.49999994,derived_ohlc4
HOSE_HPG,HPG,2025-11-17 09:00:00,1817,2,24.14,24.41,24.14,24.37,32158300,780321149.5,derived_ohlc4
HOSE_HPG,HPG,2025-11-18 09:00:00,1818,2,24.32,24.64,24.23,24.55,35028300,855916510.5,derived_ohlc4
HOSE_HPG,HPG,2025-11-19 09:00:00,1819,2,24.55,25.3,24.5,24.64,56320700,1393796523.25,derived_ohlc4
HOSE_HPG,HPG,2025-11-20 09:00:00,1820,2,24.72,24.81,24.23,24.32,23049300,565168836.0000001,derived_ohlc4
HOSE_HPG,HPG,2025-11-21 09:00:00,1821,2,24.23,24.5,24.01,24.46,22607900,549371970.0000001,derived_ohlc4
HOSE_HPG,HPG,2025-11-24 09:00:00,1822,2,24.46,24.59,24.19,24.19,14707800,358245238.5,derived_ohlc4
HOSE_HPG,HPG,2025-11-25 09:00:00,1823,2,24.23,24.41,24.01,24.01,24346200,588325923.0000001,derived_ohlc4
HOSE_HPG,HPG,2025-11-26 09:00:00,1824,2,24.06,24.28,23.97,24.19,19022200,458910575.0,derived_ohlc4
HOSE_HPG,HPG,2025-11-27 09:00:00,1825,2,24.28,24.37,24.01,24.01,13956200,337286463.50000006,derived_ohlc4
HOSE_HPG,HPG,2025-11-28 09:00:00,1826,2,24.01,24.14,23.7,23.7,20789300,496604403.75000006,derived_ohlc4
HOSE_HPG,HPG,2025-12-01 09:00:00,1827,2,23.79,23.88,23.65,23.65,19747100,468845521.75,derived_ohlc4
HOSE_HPG,HPG,2025-12-02 09:00:00,1828,2,23.7,23.79,23.39,23.65,26073200,616174899.0,derived_ohlc4
HOSE_HPG,HPG,2025-12-03 09:00:00,1829,2,23.74,23.97,23.61,23.92,21527600,512572156.0,derived_ohlc4
HOSE_HPG,HPG,2025-12-04 09:00:00,1830,2,24.06,24.5,24.01,24.37,35081200,850192882.0000001,derived_ohlc4
HOSE_HPG,HPG,2025-12-05 09:00:00,1831,2,24.41,24.41,24.1,24.1,17662100,428394235.50000006,derived_ohlc4
HOSE_HPG,HPG,2025-12-08 09:00:00,1832,2,24.01,24.19,23.88,23.88,21455600,514719843.99999994,derived_ohlc4
HOSE_HPG,HPG,2025-12-09 09:00:00,1833,2,23.83,24.01,23.56,23.56,39911800,947506132.0000001,derived_ohlc4
HOSE_HPG,HPG,2025-12-10 09:00:00,1834,2,23.79,24.1,23.74,23.79,19708000,470134339.99999994,derived_ohlc4
HOSE_HPG,HPG,2025-12-11 09:00:00,1835,2,23.83,24.01,23.65,23.7,17142200,407941504.50000006,derived_ohlc4
HOSE_HPG,HPG,2025-12-12 09:00:00,1836,2,23.74,23.83,23.21,23.21,37088200,871479979.5000001,derived_ohlc4
HOSE_HPG,HPG,2025-12-15 09:00:00,1837,2,23.43,23.56,23.25,23.43,23939400,560600899.4999999,derived_ohlc4
HOSE_HPG,HPG,2025-12-16 09:00:00,1838,2,23.52,24.06,23.43,23.83,29329900,695411928.9999999,derived_ohlc4
HOSE_HPG,HPG,2025-12-17 09:00:00,1839,2,23.83,23.83,23.56,23.56,16546600,392071687.0,derived_ohlc4
HOSE_HPG,HPG,2025-12-18 09:00:00,1840,2,23.56,23.7,23.43,23.56,18777900,442454268.75,derived_ohlc4
HOSE_HPG,HPG,2025-12-19 09:00:00,1841,2,23.56,23.83,23.56,23.83,29580600,700912317.0,derived_ohlc4
HOSE_HPG,HPG,2025-12-22 09:00:00,1842,2,23.83,24.19,23.74,24.01,54880900,1313985948.25,derived_ohlc4
HOSE_HPG,HPG,2025-12-23 09:00:00,1843,2,24.14,24.28,23.79,23.88,29588500,710789741.25,derived_ohlc4
HOSE_HPG,HPG,2025-12-24 09:00:00,1844,2,23.97,23.97,23.65,23.7,23136900,551178800.25,derived_ohlc4
HOSE_HPG,HPG,2025-12-25 09:00:00,1845,2,23.7,23.79,23.43,23.43,29780000,702435750.0,derived_ohlc4
HOSE_HPG,HPG,2025-12-26 09:00:00,1846,2,24.19,24.72,23.79,24.01,94035000,2273531212.5,derived_ohlc4
HOSE_HPG,HPG,2025-12-29 09:00:00,1847,2,24.1,24.1,23.79,23.83,16525200,395861166.00000006,derived_ohlc4
HOSE_HPG,HPG,2025-12-30 09:00:00,1848,2,23.83,23.97,23.65,23.65,24581900,584434672.5,derived_ohlc4
HOSE_HPG,HPG,2025-12-31 09:00:00,1849,2,23.61,23.74,23.52,23.56,20149700,475684042.74999994,derived_ohlc4
HOSE_HPG,HPG,2026-01-05 09:00:00,1850,2,23.56,23.7,22.94,23.16,46487900,1085027586.0,derived_ohlc4
HOSE_HPG,HPG,2026-01-06 09:00:00,1851,2,23.21,23.39,22.63,23.16,39616600,915044418.5,derived_ohlc4
HOSE_HPG,HPG,2026-01-07 09:00:00,1852,2,23.16,23.88,23.16,23.74,37249700,874809204.5,derived_ohlc4
HOSE_HPG,HPG,2026-01-08 09:00:00,1853,2,23.83,23.92,23.56,23.56,37518600,889847395.5,derived_ohlc4
HOSE_HPG,HPG,2026-01-09 09:00:00,1854,2,23.92,23.92,23.39,23.39,35089300,830037391.5,derived_ohlc4
HOSE_HPG,HPG,2026-01-12 09:00:00,1855,2,23.52,24.64,23.52,24.55,83534900,2009640856.7499998,derived_ohlc4
HOSE_HPG,HPG,2026-01-13 09:00:00,1856,2,24.77,24.9,24.1,24.32,45777400,1122576291.5,derived_ohlc4
HOSE_HPG,HPG,2026-01-14 09:00:00,1857,2,24.5,24.64,24.1,24.32,53908300,1314823437.0,derived_ohlc4
HOSE_HPG,HPG,2026-01-15 09:00:00,1858,2,24.32,24.9,24.32,24.64,61937700,1520260846.5,derived_ohlc4
HOSE_HPG,HPG,2026-01-16 09:00:00,1859,2,24.81,25.22,24.37,24.64,65577000,1623686520.0,derived_ohlc4
HOSE_HPG,HPG,2026-01-19 09:00:00,1860,2,24.9,25.17,24.68,24.72,40465900,1006285768.25,derived_ohlc4
HOSE_HPG,HPG,2026-01-20 09:00:00,1861,2,24.86,24.95,24.19,24.32,44169600,1085688768.0,derived_ohlc4
HOSE_HPG,HPG,2026-01-21 09:00:00,1862,2,24.23,24.32,23.79,23.92,37234300,896043429.5,derived_ohlc4
HOSE_HPG,HPG,2026-01-22 09:00:00,1863,2,24.01,24.37,23.97,23.97,27732600,667801008.0,derived_ohlc4
HOSE_HPG,HPG,2026-01-23 09:00:00,1864,2,24.19,24.23,23.88,23.88,24233600,582696912.0,derived_ohlc4
HOSE_HPG,HPG,2026-01-26 09:00:00,1865,2,23.88,23.92,23.34,23.48,33759300,798576241.5,derived_ohlc4
HOSE_HPG,HPG,2026-01-27 09:00:00,1866,2,23.52,23.7,23.39,23.61,21014200,494989481.0,derived_ohlc4
HOSE_HPG,HPG,2026-01-28 09:00:00,1867,2,23.7,24.19,23.7,23.83,29982700,715237308.5,derived_ohlc4
HOSE_HPG,HPG,2026-01-29 09:00:00,1868,2,23.92,24.19,23.92,24.19,27608700,664127278.5,derived_ohlc4
HOSE_HPG,HPG,2026-01-30 09:00:00,1869,2,24.37,24.55,23.88,23.92,40558400,980702112.0,derived_ohlc4
HOSE_HPG,HPG,2026-02-02 09:00:00,1870,2,23.92,23.92,23.43,23.7,44024300,1045246942.7500001,derived_ohlc4
HOSE_HPG,HPG,2026-02-03 09:00:00,1871,2,23.79,24.19,23.79,23.88,32029900,765914983.75,derived_ohlc4
HOSE_HPG,HPG,2026-02-04 09:00:00,1872,2,23.97,25.53,23.97,25.26,145418100,3589282253.25,derived_ohlc4
HOSE_HPG,HPG,2026-02-05 09:00:00,1873,2,25.26,25.3,24.59,24.59,32887100,820039838.5000001,derived_ohlc4
HOSE_HPG,HPG,2026-02-06 09:00:00,1874,2,24.41,25.08,23.92,23.92,67073000,1632053772.5,derived_ohlc4
HOSE_HPG,HPG,2026-02-09 09:00:00,1875,2,24.14,24.37,23.83,23.88,24310400,584786672.0,derived_ohlc4
HOSE_HPG,HPG,2026-02-10 09:00:00,1876,2,24.01,24.06,23.56,23.7,32543400,775590580.5,derived_ohlc4
HOSE_HPG,HPG,2026-02-11 09:00:00,1877,2,23.79,24.19,23.65,23.97,26495200,633235280.0,derived_ohlc4
HOSE_HPG,HPG,2026-02-12 09:00:00,1878,2,24.1,24.19,23.88,24.01,13137000,315879165.0,derived_ohlc4
HOSE_HPG,HPG,2026-02-13 09:00:00,1879,2,24.01,24.23,23.92,23.97,24069800,578457468.5,derived_ohlc4
HOSE_HPG,HPG,2026-02-23 09:00:00,1880,2,24.19,24.55,24.19,24.55,36086500,879428005.0,derived_ohlc4
HOSE_HPG,HPG,2026-02-24 09:00:00,1881,2,24.55,25.35,24.41,25.26,99498300,2476761432.75,derived_ohlc4
HOSE_HPG,HPG,2026-02-25 09:00:00,1882,2,25.35,26.51,25.35,26.15,136409200,3524813728.0000005,derived_ohlc4
HOSE_HPG,HPG,2026-02-26 09:00:00,1883,2,26.33,26.38,25.71,26.24,54496800,1425908771.9999998,derived_ohlc4
HOSE_HPG,HPG,2026-02-27 09:00:00,1884,2,26.2,26.24,25.71,25.71,47306500,1228313272.5000002,derived_ohlc4
HOSE_HPG,HPG,2026-03-02 09:00:00,1885,2,25.17,26.11,25.04,25.44,86907000,2210914080.0,derived_ohlc4
HOSE_HPG,HPG,2026-03-03 09:00:00,1886,2,25.71,25.75,24.64,24.72,69294100,1746557790.5,derived_ohlc4
HOSE_HPG,HPG,2026-03-04 09:00:00,1887,2,24.64,24.86,23.92,24.72,68275500,1675139392.5,derived_ohlc4
HOSE_HPG,HPG,2026-03-05 09:00:00,1888,2,24.95,25.13,24.19,24.32,47998900,1183052887.75,derived_ohlc4
HOSE_HPG,HPG,2026-03-06 09:00:00,1889,2,24.1,24.64,23.97,24.32,44351700,1075861362.75,derived_ohlc4
HOSE_HPG,HPG,2026-03-09 09:00:00,1890,2,22.76,23.34,22.63,22.63,120981900,2763226596.0,derived_ohlc4
HOSE_HPG,HPG,2026-03-10 09:00:00,1891,2,23.92,24.19,23.34,24.19,91236600,2181467106.0,derived_ohlc4
HOSE_HPG,HPG,2026-03-11 09:00:00,1892,2,24.23,24.68,24.06,24.46,49913200,1215760769.0,derived_ohlc4
HOSE_HPG,HPG,2026-03-12 09:00:00,1893,2,24.1,24.23,23.79,23.92,44045900,1057542059.0000001,derived_ohlc4
HOSE_HPG,HPG,2026-03-13 09:00:00,1894,2,23.83,24.28,23.65,23.79,28666500,684771018.7499999,derived_ohlc4
HOSE_HPG,HPG,2026-03-16 09:00:00,1895,2,23.79,24.06,23.7,23.88,19880400,474296642.99999994,derived_ohlc4
HOSE_HPG,HPG,2026-03-17 09:00:00,1896,2,24.1,24.41,24.01,24.01,24176300,583434559.7500001,derived_ohlc4
HOSE_HPG,HPG,2026-03-18 09:00:00,1897,2,24.01,24.23,23.79,23.92,23058500,553115768.75,derived_ohlc4
HOSE_HPG,HPG,2026-03-19 09:00:00,1898,2,23.65,23.97,23.52,23.83,36837300,874609595.25,derived_ohlc4
HOSE_HPG,HPG,2026-03-20 09:00:00,1899,2,23.65,23.7,23.12,23.12,60885800,1424575505.5,derived_ohlc4
HOSE_HPG,HPG,2026-03-23 09:00:00,1900,2,22.9,23.39,22.54,22.76,44362900,1015799502.75,derived_ohlc4
HOSE_HPG,HPG,2026-03-24 09:00:00,1901,2,23.21,23.48,23.07,23.16,27778800,645301523.9999999,derived_ohlc4
HOSE_HPG,HPG,2026-03-25 09:00:00,1902,2,23.48,23.56,23.3,23.52,22967100,538923001.5,derived_ohlc4
HOSE_HPG,HPG,2026-03-26 09:00:00,1903,2,23.48,23.52,23.12,23.12,18424200,429468102.00000006,derived_ohlc4
HOSE_HPG,HPG,2026-03-27 09:00:00,1904,2,23.16,23.83,23.07,23.65,26863700,629349331.75,derived_ohlc4
HOSE_HPG,HPG,2026-03-30 09:00:00,1905,2,23.34,24.19,23.16,24.01,41276100,977211667.5,derived_ohlc4
HOSE_HPG,HPG,2026-03-31 09:00:00,1906,2,24.14,24.32,23.92,24.01,23553000,567568417.5,derived_ohlc4
HOSE_HPG,HPG,2026-04-01 09:00:00,1907,2,24.41,24.5,24.19,24.23,31503700,766563780.25,derived_ohlc4
HOSE_HPG,HPG,2026-04-02 09:00:00,1908,2,24.1,24.55,23.88,24.41,50005700,1211888139.5,derived_ohlc4
HOSE_HPG,HPG,2026-04-03 09:00:00,1909,2,24.41,24.46,23.74,23.79,31383300,756337530.0,derived_ohlc4
HOSE_HPG,HPG,2026-04-06 09:00:00,1910,2,23.79,24.19,23.74,23.97,19748100,472423922.25,derived_ohlc4
HOSE_HPG,HPG,2026-04-07 09:00:00,1911,2,23.92,24.19,23.88,23.92,13164600,315654196.5,derived_ohlc4
HOSE_HPG,HPG,2026-04-08 09:00:00,1912,2,24.55,25.04,24.46,24.99,67646600,1674929816.0,derived_ohlc4
HOSE_HPG,HPG,2026-04-09 09:00:00,1913,2,24.9,25.53,24.68,25.22,51607600,1294447627.0,derived_ohlc4
HOSE_HPG,HPG,2026-04-10 09:00:00,1914,2,25.53,25.53,24.99,24.99,35473400,896058083.9999999,derived_ohlc4
HOSE_HPG,HPG,2026-04-13 09:00:00,1915,2,24.86,25.13,24.81,24.81,23005200,572886993.0,derived_ohlc4
HOSE_HPG,HPG,2026-04-14 09:00:00,1916,2,25.08,25.71,24.95,25.48,61934200,1567244931.0,derived_ohlc4
HOSE_HPG,HPG,2026-04-15 09:00:00,1917,2,25.62,25.66,25.04,25.04,29753200,753946087.9999999,derived_ohlc4
HOSE_HPG,HPG,2026-04-16 09:00:00,1918,2,25.04,25.17,24.77,24.95,27972100,698812988.25,derived_ohlc4
HOSE_HPG,HPG,2026-04-17 09:00:00,1919,2,24.95,25.22,24.9,24.99,21399500,535308492.49999994,derived_ohlc4
HOSE_HPG,HPG,2026-04-20 09:00:00,1920,2,25.13,25.39,25.04,25.39,26441700,667322403.75,derived_ohlc4
HOSE_HPG,HPG,2026-04-21 09:00:00,1921,2,26.02,26.29,25.44,25.48,99647300,2571647694.75,derived_ohlc4
HOSE_HPG,HPG,2026-04-22 09:00:00,1922,2,25.48,25.62,25.04,25.17,27745600,702726684.0,derived_ohlc4
HOSE_HPG,HPG,2026-04-23 09:00:00,1923,2,25.17,25.3,24.64,24.81,41133900,1027524822.0,derived_ohlc4
HOSE_HPG,HPG,2026-04-24 09:00:00,1924,2,24.9,24.95,24.55,24.9,23402000,580954649.9999999,derived_ohlc4
HOSE_HPG,HPG,2026-04-28 09:00:00,1925,2,24.81,24.99,24.72,24.77,14071500,349289808.75,derived_ohlc4
HOSE_HPG,HPG,2026-04-29 09:00:00,1926,2,24.68,24.9,24.64,24.77,17239200,426627102.0,derived_ohlc4
HOSE_HPG,HPG,2026-05-04 09:00:00,1927,2,24.77,24.95,24.46,24.64,32374300,799807081.5000001,derived_ohlc4
HOSE_HPG,HPG,2026-05-05 09:00:00,1928,2,24.68,24.72,24.28,24.37,30692800,752357260.0000001,derived_ohlc4
HOSE_HPG,HPG,2026-05-06 09:00:00,1929,2,24.46,24.81,24.37,24.64,27672000,679901040.0,derived_ohlc4
HOSE_HPG,HPG,2026-05-07 09:00:00,1930,2,24.81,24.9,24.64,24.77,20348100,504225917.99999994,derived_ohlc4
HOSE_HPG,HPG,2026-05-08 09:00:00,1931,2,24.77,24.9,24.59,24.86,20678200,512405796.0,derived_ohlc4
HOSE_HPG,HPG,2026-05-11 09:00:00,1932,2,25.0,25.0,24.54,24.54,23658100,586011136.9999999,derived_ohlc4
HOSE_HPG,HPG,2026-05-12 09:00:00,1933,2,24.54,24.72,24.4,24.45,19170900,470214249.75,derived_ohlc4
HOSE_HPG,HPG,2026-05-13 09:00:00,1934,2,24.5,24.77,24.36,24.63,21544700,529245555.49999994,derived_ohlc4
HOSE_HPG,HPG,2026-05-14 09:00:00,1935,2,24.81,24.9,24.59,24.59,14047100,347279429.75,derived_ohlc4
HOSE_HPG,HPG,2026-05-15 09:00:00,1936,2,24.59,24.63,24.04,24.13,75838200,1846470574.4999998,derived_ohlc4
HOSE_HPG,HPG,2026-05-18 09:00:00,1937,2,24.09,24.27,23.86,24.04,27485500,661438557.4999999,derived_ohlc4
HOSE_HPG,HPG,2026-05-19 09:00:00,1938,2,24.09,24.22,23.86,23.86,25111900,602873939.25,derived_ohlc4
HOSE_HPG,HPG,2026-05-20 09:00:00,1939,2,23.9,24.0,23.4,23.81,40983800,974492304.5,derived_ohlc4
HOSE_HPG,HPG,2026-05-21 09:00:00,1940,2,23.95,24.27,23.9,24.13,30562500,735410156.25,derived_ohlc4
HOSE_HPG,HPG,2026-05-22 09:00:00,1941,2,24.18,24.22,23.95,23.95,25794000,620990550.0,derived_ohlc4
HOSE_HPG,HPG,2026-05-25 09:00:00,1942,2,24.25,24.35,24.1,24.1,26989100,653136220.0000001,derived_ohlc4
HOSE_HPG,HPG,2026-05-26 09:00:00,1943,2,24.1,24.25,24.0,24.25,20723700,500477355.0,derived_ohlc4
HOSE_HPG,HPG,2026-05-27 09:00:00,1944,2,24.4,24.5,24.15,24.15,23114500,561682349.9999999,derived_ohlc4
HOSE_HPG,HPG,2026-05-28 09:00:00,1945,2,24.15,24.25,24.0,24.0,15668300,377606030.0,derived_ohlc4
HOSE_HPG,HPG,2026-05-29 09:00:00,1946,2,24.05,24.2,23.9,24.0,16365900,393395321.25,derived_ohlc4
HOSE_HPG,HPG,2026-06-01 09:00:00,1947,2,24.0,24.15,23.95,24.05,9668300,232401761.24999997,derived_ohlc4
HOSE_HPG,HPG,2026-06-02 09:00:00,1948,2,24.0,24.05,23.7,23.7,25529600,609200080.0,derived_ohlc4
HOSE_HPG,HPG,2026-06-03 09:00:00,1949,2,23.7,24.15,23.6,24.15,20573500,491706650.0,derived_ohlc4
HOSE_HPG,HPG,2026-06-04 09:00:00,1950,2,24.15,24.15,23.9,23.95,10065300,241944648.74999997,derived_ohlc4
HOSE_HPG,HPG,2026-06-05 09:00:00,1951,2,23.95,24.05,23.75,23.75,13891200,331652400.0,derived_ohlc4
HOSE_HPG,HPG,2026-06-08 09:00:00,1952,2,23.65,23.75,23.3,23.3,22769900,535092650.0,derived_ohlc4
HOSE_HPG,HPG,2026-06-09 09:00:00,1953,2,23.35,23.55,23.3,23.55,12441700,291602343.75,derived_ohlc4
HOSE_HPG,HPG,2026-06-10 09:00:00,1954,2,23.55,23.7,23.45,23.6,7505500,176942162.50000003,derived_ohlc4
HOSE_HPG,HPG,2026-06-11 09:00:00,1955,2,23.5,23.55,23.3,23.3,10177700,238285401.24999997,derived_ohlc4
HOSE_HPG,HPG,2026-06-12 09:00:00,1956,2,23.55,23.55,23.2,23.2,13271400,310218975.0,derived_ohlc4
HOSE_HPG,HPG,2026-06-15 09:00:00,1957,2,23.55,24.35,23.55,24.35,30695200,735150040.0000001,derived_ohlc4
HOSE_HPG,HPG,2026-06-16 09:00:00,1958,2,24.25,24.35,24.1,24.2,14145800,342682005.0,derived_ohlc4
HOSE_HPG,HPG,2026-06-17 09:00:00,1959,2,24.2,24.3,24.0,24.0,19039000,459315875.0,derived_ohlc4
HOSE_HPG,HPG,2026-06-18 09:00:00,1960,2,24.05,24.15,23.65,23.65,18040500,430716937.5,derived_ohlc4
HOSE_HPG,HPG,2026-06-19 09:00:00,1961,2,23.8,23.9,23.6,23.6,20055700,475821482.5,derived_ohlc4
HOSE_HPG,HPG,2026-06-22 09:00:00,1962,2,23.7,23.85,23.6,23.6,10684400,253086725.0,derived_ohlc4
HOSE_HPG,HPG,2026-06-23 09:00:00,1963,2,23.65,23.7,23.3,23.3,29071800,682823902.4999999,derived_ohlc4
HOSE_HPG,HPG,2026-06-24 09:00:00,1964,2,23.4,23.6,23.3,23.5,12927300,303145185.0,derived_ohlc4
HOSE_HPG,HPG,2026-06-25 09:00:00,1965,2,23.5,23.6,23.4,23.4,7659100,179797372.5,derived_ohlc4
HOSE_HPG,HPG,2026-06-26 09:00:00,1966,2,23.4,23.5,23.35,23.5,15468600,362545312.5,derived_ohlc4
HOSE_HPG,HPG,2026-06-29 09:00:00,1967,2,23.55,23.65,23.45,23.65,14158200,333779565.00000006,derived_ohlc4
HOSE_HPG,HPG,2026-06-30 09:00:00,1968,2,23.7,23.7,23.25,23.3,30593200,718557785.0,derived_ohlc4
HOSE_HPG,HPG,2026-07-01 09:00:00,1969,2,23.4,23.55,23.35,23.45,14937400,350095312.50000006,derived_ohlc4
HOSE_HPG,HPG,2026-07-02 09:00:00,1970,2,23.5,23.65,23.35,23.4,13367500,313802062.5,derived_ohlc4
HOSE_HPG,HPG,2026-07-03 09:00:00,1971,2,23.4,23.5,23.25,23.25,15935100,372084585.0,derived_ohlc4
HOSE_HPG,HPG,2026-07-06 09:00:00,1972,2,23.4,23.6,23.0,23.1,21299300,495741207.49999994,derived_ohlc4
HOSE_HPG,HPG,2026-07-07 09:00:00,1973,2,23.2,23.25,23.0,23.1,13839600,320213745.00000006,derived_ohlc4
HOSE_HPG,HPG,2026-07-08 09:00:00,1974,2,23.15,23.4,23.05,23.2,12499500,289988400.0,derived_ohlc4
HOSE_HPG,HPG,2026-07-09 09:00:00,1975,2,23.2,23.25,23.1,23.2,11643400,269981337.50000006,derived_ohlc4
HOSE_HPG,HPG,2026-07-10 09:00:00,1976,2,23.2,23.25,22.95,22.95,11906800,274898245.0,derived_ohlc4
HOSE_HPG,HPG,2026-07-13 09:00:00,1977,2,22.95,22.95,22.35,22.4,32309000,732202712.5,derived_ohlc4
HOSE_HPG,HPG,2026-07-14 09:00:00,1978,2,22.3,22.5,22.0,22.5,22481900,501908417.5,derived_ohlc4
HOSE_HPG,HPG,2026-07-15 09:00:00,1979,2,22.5,22.6,22.15,22.4,21464500,481073106.25000006,derived_ohlc4
HOSE_HPG,HPG,2026-07-16 09:00:00,1980,2,22.3,22.4,21.8,22.2,22880600,507377305.0,derived_ohlc4
HOSE_HPG,HPG,2026-07-17 09:00:00,1981,2,22.2,22.35,21.85,21.85,17006300,375201493.75,derived_ohlc4
HOSE_HPG,HPG,2026-07-20 09:00:00,1982,2,21.75,21.75,20.5,20.6,53245200,1126135980.0,derived_ohlc4
HOSE_HPG,HPG,2026-07-21 09:00:00,1983,2,20.5,21.15,20.5,20.8,27198700,564033041.25,derived_ohlc4
HOSE_HPG,HPG,2026-07-22 09:00:00,1984,2,20.9,21.05,20.5,20.7,43471900,903672121.2500001,derived_ohlc4
HOSE_HPG,HPG,2026-07-23 09:00:00,1985,2,20.7,21.0,20.15,20.8,36967600,763843035.0,derived_ohlc4
HOSE_HPG,HPG,2026-07-24 09:00:00,1986,2,20.7,21.0,20.6,20.8,17632000,366304800.00000006,derived_ohlc4
HOSE_HPG,HPG,2026-07-27 09:00:00,1987,2,20.9,21.0,20.3,20.35,18166800,374917335.00000006,derived_ohlc4
HOSE_HPG,HPG,2026-07-28 09:00:00,1988,2,20.15,21.0,20.1,21.0,29151700,599431831.25,derived_ohlc4
HOSE_HPG,HPG,2026-07-29 09:00:00,1989,2,21.05,21.65,20.9,21.65,36250000,772578125.0,derived_ohlc4
HOSE_HPG,HPG,2026-07-30 09:00:00,1990,2,21.65,22.05,21.5,21.8,29968000,651804000.0,derived_ohlc4
HOSE_HPG,HPG,2026-07-31 09:00:00,1991,2,21.8,21.85,21.4,21.7,24111500,522918156.25000006,derived_ohlc4
HOSE_HPG,HPG,2026-08-03 09:00:00,1992,2,21.7,22.65,21.65,22.55,44448000,983967600.0,derived_ohlc4
HOSE_HPG,HPG,2026-08-04 09:00:00,1993,2,22.55,22.6,22.1,22.15,22694000,507210900.00000006,derived_ohlc4
HOSE_HPG,HPG,2026-08-05 09:00:00,1994,2,22.35,22.6,21.95,22.0,27963700,621493232.5,derived_ohlc4
HOSE_HPG,HPG,2026-08-06 09:00:00,1995,2,22.25,22.3,21.85,21.85,14369400,317024887.5,derived_ohlc4
HOSE_HPG,HPG,2026-08-07 09:00:00,1996,2,21.9,22.3,21.75,22.0,13018100,286235473.75,derived_ohlc4
