security_id,symbol,timestamps,session_id,segment_id,open,high,low,close,volume,amount,amount_source
HOSE_HSG,HSG,2018-08-09 09:00:00,0,0,4.77,4.86,4.77,4.79,2309790,11081217.524999999,derived_ohlc4
HOSE_HSG,HSG,2018-08-10 09:00:00,1,0,4.79,4.84,4.75,4.79,1755540,8413425.45,derived_ohlc4
HOSE_HSG,HSG,2018-08-13 09:00:00,2,0,4.96,5.12,4.96,5.12,5405880,27245635.2,derived_ohlc4
HOSE_HSG,HSG,2018-08-14 09:00:00,3,0,5.19,5.26,5.03,5.03,4005140,20536355.35,derived_ohlc4
HOSE_HSG,HSG,2018-08-15 09:00:00,4,0,5.05,5.1,4.93,4.93,1954150,9775635.374999998,derived_ohlc4
HOSE_HSG,HSG,2018-08-16 09:00:00,5,0,4.86,5.05,4.86,4.96,1939500,9566583.75,derived_ohlc4
HOSE_HSG,HSG,2018-08-17 09:00:00,6,0,5.05,5.05,4.86,4.86,1621650,8035275.75,derived_ohlc4
HOSE_HSG,HSG,2018-08-20 09:00:00,7,0,4.91,4.93,4.68,4.75,3068920,14784522.1,derived_ohlc4
HOSE_HSG,HSG,2018-08-21 09:00:00,8,0,4.75,4.82,4.72,4.77,2202980,10497199.7,derived_ohlc4
HOSE_HSG,HSG,2018-08-22 09:00:00,9,0,4.86,4.91,4.79,4.79,2083320,10078060.499999998,derived_ohlc4
HOSE_HSG,HSG,2018-08-23 09:00:00,10,0,4.79,4.91,4.77,4.84,2632330,12707573.075,derived_ohlc4
HOSE_HSG,HSG,2018-08-24 09:00:00,11,0,4.86,5.07,4.82,4.98,4412710,21765692.075,derived_ohlc4
HOSE_HSG,HSG,2018-08-27 09:00:00,12,0,5.0,5.19,5.0,5.1,5953820,30200751.95,derived_ohlc4
HOSE_HSG,HSG,2018-08-28 09:00:00,13,0,5.1,5.14,4.96,4.98,3437280,17341077.6,derived_ohlc4
HOSE_HSG,HSG,2018-08-29 09:00:00,14,0,4.96,5.03,4.91,4.98,2469040,12271128.8,derived_ohlc4
HOSE_HSG,HSG,2018-08-30 09:00:00,15,0,5.0,5.14,4.98,5.07,3218090,16243309.275,derived_ohlc4
HOSE_HSG,HSG,2018-08-31 09:00:00,16,0,5.1,5.14,4.98,5.0,2800520,14156628.6,derived_ohlc4
HOSE_HSG,HSG,2018-09-04 09:00:00,17,0,4.98,5.0,4.91,4.93,1750430,8673380.65,derived_ohlc4
HOSE_HSG,HSG,2018-09-05 09:00:00,18,0,4.91,4.98,4.89,4.91,1906950,9386961.375,derived_ohlc4
HOSE_HSG,HSG,2018-09-06 09:00:00,19,0,4.91,4.93,4.82,4.84,2130780,10387552.5,derived_ohlc4
HOSE_HSG,HSG,2018-09-07 09:00:00,20,0,4.84,4.91,4.79,4.82,5128520,24822036.8,derived_ohlc4
HOSE_HSG,HSG,2018-09-10 09:00:00,21,0,4.79,4.96,4.77,4.86,4179410,20249241.45,derived_ohlc4
HOSE_HSG,HSG,2018-09-11 09:00:00,22,0,4.86,4.93,4.84,4.91,2184580,10671673.299999999,derived_ohlc4
HOSE_HSG,HSG,2018-09-12 09:00:00,23,0,4.91,5.0,4.91,4.96,3790600,18744517.0,derived_ohlc4
HOSE_HSG,HSG,2018-09-13 09:00:00,24,0,5.0,5.26,4.93,5.26,8088770,41353836.625,derived_ohlc4
HOSE_HSG,HSG,2018-09-14 09:00:00,25,0,5.28,5.42,5.14,5.14,4367980,22910055.1,derived_ohlc4
HOSE_HSG,HSG,2018-09-17 09:00:00,26,0,5.14,5.3,5.14,5.26,3868100,20152800.999999996,derived_ohlc4
HOSE_HSG,HSG,2018-09-18 09:00:00,27,0,5.19,5.6,5.14,5.6,11784570,63430448.025000006,derived_ohlc4
HOSE_HSG,HSG,2018-09-19 09:00:00,28,0,5.7,5.93,5.58,5.68,9113780,52153606.050000004,derived_ohlc4
HOSE_HSG,HSG,2018-09-20 09:00:00,29,0,5.68,5.81,5.6,5.79,4970080,28428857.599999994,derived_ohlc4
HOSE_HSG,HSG,2018-09-21 09:00:00,30,0,5.79,5.95,5.7,5.72,6437210,37271445.9,derived_ohlc4
HOSE_HSG,HSG,2018-09-24 09:00:00,31,0,5.7,5.81,5.63,5.7,5203170,29710100.7,derived_ohlc4
HOSE_HSG,HSG,2018-09-25 09:00:00,32,0,5.6,5.88,5.58,5.79,6346790,36256037.875,derived_ohlc4
HOSE_HSG,HSG,2018-09-26 09:00:00,33,0,5.86,6.12,5.79,5.93,7460560,44203818.0,derived_ohlc4
HOSE_HSG,HSG,2018-09-27 09:00:00,34,0,6.0,6.0,5.86,5.86,4170130,24728870.9,derived_ohlc4
HOSE_HSG,HSG,2018-09-28 09:00:00,35,0,5.86,6.0,5.81,5.86,4855850,28564537.624999996,derived_ohlc4
HOSE_HSG,HSG,2018-10-01 09:00:00,36,0,5.86,6.12,5.81,5.88,8381820,49599419.849999994,derived_ohlc4
HOSE_HSG,HSG,2018-10-02 09:00:00,37,0,5.91,5.98,5.79,5.81,5657990,33226546.275,derived_ohlc4
HOSE_HSG,HSG,2018-10-03 09:00:00,38,0,5.84,5.91,5.6,5.79,6776680,39203093.800000004,derived_ohlc4
HOSE_HSG,HSG,2018-10-04 09:00:00,39,0,5.79,5.86,5.72,5.84,4538430,26334240.075,derived_ohlc4
HOSE_HSG,HSG,2018-10-05 09:00:00,40,0,5.84,6.0,5.79,5.88,5912990,34753598.724999994,derived_ohlc4
HOSE_HSG,HSG,2018-10-08 09:00:00,41,0,5.91,6.18,5.86,6.16,11860370,71488380.175,derived_ohlc4
HOSE_HSG,HSG,2018-10-09 09:00:00,42,0,6.16,6.32,6.09,6.09,6799750,41920458.75,derived_ohlc4
HOSE_HSG,HSG,2018-10-10 09:00:00,43,0,6.12,6.14,5.81,5.81,7966210,47558273.699999996,derived_ohlc4
HOSE_HSG,HSG,2018-10-11 09:00:00,44,0,5.51,5.6,5.42,5.42,13057970,71655610.37500001,derived_ohlc4
HOSE_HSG,HSG,2018-10-12 09:00:00,45,0,5.26,5.47,5.14,5.42,6898320,36716308.199999996,derived_ohlc4
HOSE_HSG,HSG,2018-10-15 09:00:00,46,0,5.42,5.42,5.16,5.16,2903690,15360520.1,derived_ohlc4
HOSE_HSG,HSG,2018-10-16 09:00:00,47,0,5.16,5.33,5.16,5.28,2930710,15334940.075,derived_ohlc4
HOSE_HSG,HSG,2018-10-17 09:00:00,48,0,5.47,5.47,5.3,5.33,2901050,15643912.125,derived_ohlc4
HOSE_HSG,HSG,2018-10-18 09:00:00,49,0,5.3,5.42,5.28,5.4,2359010,12620703.5,derived_ohlc4
HOSE_HSG,HSG,2018-10-19 09:00:00,50,0,5.28,5.37,5.19,5.26,3098850,16346433.750000002,derived_ohlc4
HOSE_HSG,HSG,2018-10-22 09:00:00,51,0,5.28,5.33,5.1,5.1,3946590,20532134.474999998,derived_ohlc4
HOSE_HSG,HSG,2018-10-23 09:00:00,52,0,5.05,5.07,4.75,4.77,7044600,34588986.0,derived_ohlc4
HOSE_HSG,HSG,2018-10-24 09:00:00,53,0,4.77,4.86,4.59,4.59,5547080,26085143.7,derived_ohlc4
HOSE_HSG,HSG,2018-10-25 09:00:00,54,0,4.4,4.54,4.31,4.49,4674370,20730830.950000003,derived_ohlc4
HOSE_HSG,HSG,2018-10-26 09:00:00,55,0,4.61,4.79,4.57,4.63,3088450,14361292.500000002,derived_ohlc4
HOSE_HSG,HSG,2018-10-29 09:00:00,56,0,4.59,4.66,4.52,4.59,1691530,7764122.7,derived_ohlc4
HOSE_HSG,HSG,2018-10-30 09:00:00,57,0,4.45,4.63,4.45,4.6,2168100,9826913.250000002,derived_ohlc4
HOSE_HSG,HSG,2018-10-31 09:00:00,58,0,4.28,4.42,4.28,4.28,14725320,63539755.800000004,derived_ohlc4
HOSE_HSG,HSG,2018-11-01 09:00:00,59,0,4.17,4.17,3.98,3.98,7711930,31426114.75,derived_ohlc4
HOSE_HSG,HSG,2018-11-02 09:00:00,60,0,3.91,4.0,3.7,3.8,12946780,49877469.95,derived_ohlc4
HOSE_HSG,HSG,2018-11-05 09:00:00,61,0,3.82,4.03,3.81,4.03,3680270,14435859.075000001,derived_ohlc4
HOSE_HSG,HSG,2018-11-06 09:00:00,62,0,4.08,4.28,4.04,4.04,5320890,21868857.9,derived_ohlc4
HOSE_HSG,HSG,2018-11-07 09:00:00,63,0,3.99,4.07,3.94,3.94,4828320,19240855.2,derived_ohlc4
HOSE_HSG,HSG,2018-11-08 09:00:00,64,0,4.03,4.04,3.96,4.02,2572850,10323560.625,derived_ohlc4
HOSE_HSG,HSG,2018-11-09 09:00:00,65,0,4.02,4.02,3.82,3.83,3377750,13249224.375,derived_ohlc4
HOSE_HSG,HSG,2018-11-12 09:00:00,66,0,3.82,3.82,3.66,3.75,3066530,11537819.125,derived_ohlc4
HOSE_HSG,HSG,2018-11-13 09:00:00,67,0,3.69,3.75,3.67,3.68,3215400,11888941.5,derived_ohlc4
HOSE_HSG,HSG,2018-11-14 09:00:00,68,0,3.68,3.72,3.52,3.52,4160560,15019621.6,derived_ohlc4
HOSE_HSG,HSG,2018-11-15 09:00:00,69,0,3.52,3.52,3.34,3.34,3897650,13368939.499999998,derived_ohlc4
HOSE_HSG,HSG,2018-11-16 09:00:00,70,0,3.38,3.46,3.38,3.42,2080150,7093311.499999999,derived_ohlc4
HOSE_HSG,HSG,2018-11-19 09:00:00,71,0,3.46,3.53,3.45,3.5,1600820,5578857.7,derived_ohlc4
HOSE_HSG,HSG,2018-11-20 09:00:00,72,0,3.47,3.58,3.43,3.55,1887570,6620651.775,derived_ohlc4
HOSE_HSG,HSG,2018-11-21 09:00:00,73,0,3.47,3.56,3.47,3.53,1376220,4827091.649999999,derived_ohlc4
HOSE_HSG,HSG,2018-11-22 09:00:00,74,0,3.54,3.55,3.43,3.43,3086660,10764726.75,derived_ohlc4
HOSE_HSG,HSG,2018-11-23 09:00:00,75,0,3.45,3.45,3.19,3.22,8915720,29667058.3,derived_ohlc4
HOSE_HSG,HSG,2018-11-26 09:00:00,76,0,3.24,3.32,3.24,3.29,1729850,5660934.125,derived_ohlc4
HOSE_HSG,HSG,2018-11-27 09:00:00,77,0,3.29,3.32,3.25,3.27,1979470,6497610.274999999,derived_ohlc4
HOSE_HSG,HSG,2018-11-28 09:00:00,78,0,3.25,3.32,3.24,3.24,2458800,8021835.0,derived_ohlc4
HOSE_HSG,HSG,2018-11-29 09:00:00,79,0,3.24,3.28,3.07,3.08,4841520,15335514.6,derived_ohlc4
HOSE_HSG,HSG,2018-11-30 09:00:00,80,0,3.06,3.08,2.92,3.07,3638960,11035146.200000001,derived_ohlc4
HOSE_HSG,HSG,2018-12-03 09:00:00,81,0,3.16,3.28,3.16,3.28,3050420,9822352.399999999,derived_ohlc4
HOSE_HSG,HSG,2018-12-04 09:00:00,82,0,3.39,3.45,3.34,3.36,4472870,15140664.95,derived_ohlc4
HOSE_HSG,HSG,2018-12-05 09:00:00,83,0,3.28,3.35,3.24,3.32,3223660,10630018.850000001,derived_ohlc4
HOSE_HSG,HSG,2018-12-06 09:00:00,84,0,3.32,3.45,3.29,3.39,3264730,10977654.625,derived_ohlc4
HOSE_HSG,HSG,2018-12-07 09:00:00,85,0,3.47,3.61,3.43,3.55,5556150,19529867.25,derived_ohlc4
HOSE_HSG,HSG,2018-12-10 09:00:00,86,0,3.55,3.55,3.48,3.48,3459060,12158595.9,derived_ohlc4
HOSE_HSG,HSG,2018-12-11 09:00:00,87,0,3.44,3.48,3.33,3.36,3355510,11417122.775,derived_ohlc4
HOSE_HSG,HSG,2018-12-12 09:00:00,88,0,3.36,3.45,3.36,3.44,2217350,7544533.375,derived_ohlc4
HOSE_HSG,HSG,2018-12-13 09:00:00,89,0,3.47,3.49,3.39,3.41,2023370,6960392.800000001,derived_ohlc4
HOSE_HSG,HSG,2018-12-14 09:00:00,90,0,3.41,3.43,3.36,3.36,1910520,6476662.8,derived_ohlc4
HOSE_HSG,HSG,2018-12-17 09:00:00,91,0,3.34,3.38,3.24,3.24,2246110,7412163.000000001,derived_ohlc4
HOSE_HSG,HSG,2018-12-18 09:00:00,92,0,3.2,3.24,3.18,3.24,2441170,7848361.550000001,derived_ohlc4
HOSE_HSG,HSG,2018-12-19 09:00:00,93,0,3.25,3.34,3.24,3.24,2191910,7162065.925,derived_ohlc4
HOSE_HSG,HSG,2018-12-20 09:00:00,94,0,3.24,3.28,3.23,3.24,1202330,3904566.6750000003,derived_ohlc4
HOSE_HSG,HSG,2018-12-21 09:00:00,95,0,3.24,3.24,3.17,3.17,3837960,12300661.8,derived_ohlc4
HOSE_HSG,HSG,2018-12-24 09:00:00,96,0,3.17,3.24,3.06,3.06,2008650,6292096.125000001,derived_ohlc4
HOSE_HSG,HSG,2018-12-25 09:00:00,97,0,2.96,3.01,2.92,2.96,3545440,10503366.000000002,derived_ohlc4
HOSE_HSG,HSG,2018-12-26 09:00:00,98,0,2.96,3.04,2.76,2.76,4041020,11638137.6,derived_ohlc4
HOSE_HSG,HSG,2018-12-27 09:00:00,99,0,2.85,2.95,2.83,2.95,2516080,7284051.6000000015,derived_ohlc4
HOSE_HSG,HSG,2018-12-28 09:00:00,100,0,3.03,3.14,3.01,3.02,3126230,9535001.5,derived_ohlc4
HOSE_HSG,HSG,2019-01-02 09:00:00,101,0,3.04,3.09,2.97,2.99,1597410,4828171.725,derived_ohlc4
HOSE_HSG,HSG,2019-01-03 09:00:00,102,0,2.95,2.99,2.87,2.9,2227010,6519571.775,derived_ohlc4
HOSE_HSG,HSG,2019-01-04 09:00:00,103,0,2.84,2.91,2.74,2.86,1836640,5211466.0,derived_ohlc4
HOSE_HSG,HSG,2019-01-07 09:00:00,104,0,2.94,2.99,2.88,2.97,1559150,4591696.75,derived_ohlc4
HOSE_HSG,HSG,2019-01-08 09:00:00,105,0,3.01,3.01,2.96,2.98,1250200,3738098.0000000005,derived_ohlc4
HOSE_HSG,HSG,2019-01-09 09:00:00,106,0,3.0,3.15,3.0,3.1,2571490,7875188.125,derived_ohlc4
HOSE_HSG,HSG,2019-01-10 09:00:00,107,0,3.13,3.22,3.11,3.18,3075400,9718264.0,derived_ohlc4
HOSE_HSG,HSG,2019-01-11 09:00:00,108,0,3.18,3.21,3.01,3.1,2686240,8394500.0,derived_ohlc4
HOSE_HSG,HSG,2019-01-14 09:00:00,109,0,3.1,3.27,3.1,3.13,2662860,8388009.000000001,derived_ohlc4
HOSE_HSG,HSG,2019-01-15 09:00:00,110,0,3.15,3.23,3.14,3.18,2809920,8921496.0,derived_ohlc4
HOSE_HSG,HSG,2019-01-16 09:00:00,111,0,3.22,3.22,3.13,3.14,1856730,5899759.575,derived_ohlc4
HOSE_HSG,HSG,2019-01-17 09:00:00,112,0,3.14,3.15,3.05,3.06,2035620,6310422.0,derived_ohlc4
HOSE_HSG,HSG,2019-01-18 09:00:00,113,0,3.06,3.11,3.03,3.03,1512320,4623918.399999999,derived_ohlc4
HOSE_HSG,HSG,2019-01-21 09:00:00,114,0,3.03,3.08,3.01,3.04,1395500,4242320.0,derived_ohlc4
HOSE_HSG,HSG,2019-01-22 09:00:00,115,0,3.05,3.08,2.99,2.99,1566030,4741155.825,derived_ohlc4
HOSE_HSG,HSG,2019-01-23 09:00:00,116,0,2.99,3.03,2.96,2.99,1097320,3283730.1,derived_ohlc4
HOSE_HSG,HSG,2019-01-24 09:00:00,117,0,3.01,3.04,3.01,3.01,616400,1859986.9999999998,derived_ohlc4
HOSE_HSG,HSG,2019-01-25 09:00:00,118,0,3.01,3.15,3.01,3.1,2251250,6905709.375,derived_ohlc4
HOSE_HSG,HSG,2019-01-28 09:00:00,119,0,3.11,3.17,3.11,3.11,1646370,5144906.249999999,derived_ohlc4
HOSE_HSG,HSG,2019-01-29 09:00:00,120,0,3.11,3.13,3.08,3.1,913440,2836231.2,derived_ohlc4
HOSE_HSG,HSG,2019-01-30 09:00:00,121,0,3.1,3.12,3.08,3.08,1225210,3792024.95,derived_ohlc4
HOSE_HSG,HSG,2019-01-31 09:00:00,122,0,3.1,3.11,3.06,3.06,1545130,4762863.225,derived_ohlc4
HOSE_HSG,HSG,2019-02-01 09:00:00,123,0,3.06,3.08,3.0,3.0,2412820,7322908.7,derived_ohlc4
HOSE_HSG,HSG,2019-02-11 09:00:00,124,0,3.06,3.06,3.01,3.02,1709040,5191208.999999999,derived_ohlc4
HOSE_HSG,HSG,2019-02-12 09:00:00,125,0,3.02,3.22,3.02,3.22,3176750,9911460.0,derived_ohlc4
HOSE_HSG,HSG,2019-02-13 09:00:00,126,0,3.38,3.45,3.34,3.45,8406120,28622838.6,derived_ohlc4
HOSE_HSG,HSG,2019-02-14 09:00:00,127,0,3.5,3.61,3.47,3.52,5398550,19029888.75,derived_ohlc4
HOSE_HSG,HSG,2019-02-15 09:00:00,128,0,3.46,3.64,3.44,3.58,4845370,17104156.099999998,derived_ohlc4
HOSE_HSG,HSG,2019-02-18 09:00:00,129,0,3.58,3.62,3.53,3.57,3429270,12259640.25,derived_ohlc4
HOSE_HSG,HSG,2019-02-19 09:00:00,130,0,3.57,3.6,3.47,3.47,4213620,14863544.55,derived_ohlc4
HOSE_HSG,HSG,2019-02-20 09:00:00,131,0,3.47,3.48,3.39,3.41,3388280,11647212.5,derived_ohlc4
HOSE_HSG,HSG,2019-02-21 09:00:00,132,0,3.43,3.47,3.4,3.45,2005100,6892531.25,derived_ohlc4
HOSE_HSG,HSG,2019-02-22 09:00:00,133,0,3.46,3.69,3.44,3.69,11259180,40195272.6,derived_ohlc4
HOSE_HSG,HSG,2019-02-25 09:00:00,134,0,3.81,3.95,3.8,3.95,8491600,32926178.999999996,derived_ohlc4
HOSE_HSG,HSG,2019-02-26 09:00:00,135,0,3.98,4.21,3.97,4.13,7240200,29485714.5,derived_ohlc4
HOSE_HSG,HSG,2019-02-27 09:00:00,136,0,4.11,4.35,4.01,4.22,8466710,35327347.475,derived_ohlc4
HOSE_HSG,HSG,2019-02-28 09:00:00,137,0,4.17,4.3,4.03,4.04,9114530,37688581.55,derived_ohlc4
HOSE_HSG,HSG,2019-03-01 09:00:00,138,0,4.08,4.31,4.08,4.31,7586950,31827255.250000004,derived_ohlc4
HOSE_HSG,HSG,2019-03-04 09:00:00,139,0,4.45,4.61,4.4,4.61,9697150,43806875.125,derived_ohlc4
HOSE_HSG,HSG,2019-03-05 09:00:00,140,0,4.68,4.82,4.52,4.59,10507760,48887353.4,derived_ohlc4
HOSE_HSG,HSG,2019-03-06 09:00:00,141,0,4.57,4.63,4.31,4.43,10419890,46733206.64999999,derived_ohlc4
HOSE_HSG,HSG,2019-03-07 09:00:00,142,0,4.4,4.43,4.26,4.26,6382790,27685351.625000004,derived_ohlc4
HOSE_HSG,HSG,2019-03-08 09:00:00,143,0,4.17,4.28,4.1,4.28,7904440,33257931.299999997,derived_ohlc4
HOSE_HSG,HSG,2019-03-11 09:00:00,144,0,4.36,4.5,4.35,4.47,5444980,24066811.599999998,derived_ohlc4
HOSE_HSG,HSG,2019-03-12 09:00:00,145,0,4.6,4.6,4.36,4.38,4954720,22221919.199999996,derived_ohlc4
HOSE_HSG,HSG,2019-03-13 09:00:00,146,0,4.4,4.45,4.26,4.26,5366590,23304417.075000003,derived_ohlc4
HOSE_HSG,HSG,2019-03-14 09:00:00,147,0,4.26,4.35,4.21,4.35,3696760,15868342.3,derived_ohlc4
HOSE_HSG,HSG,2019-03-15 09:00:00,148,0,4.34,4.35,4.17,4.2,6428140,27416017.099999998,derived_ohlc4
HOSE_HSG,HSG,2019-03-18 09:00:00,149,0,4.33,4.4,4.31,4.32,3928600,17050124.0,derived_ohlc4
HOSE_HSG,HSG,2019-03-19 09:00:00,150,0,4.32,4.33,4.22,4.22,3769740,16106214.15,derived_ohlc4
HOSE_HSG,HSG,2019-03-20 09:00:00,151,0,4.22,4.33,4.19,4.24,3710370,15750520.650000004,derived_ohlc4
HOSE_HSG,HSG,2019-03-21 09:00:00,152,0,4.32,4.41,4.24,4.26,4509730,19425661.975,derived_ohlc4
HOSE_HSG,HSG,2019-03-22 09:00:00,153,0,4.38,4.38,4.29,4.34,3342300,14530649.25,derived_ohlc4
HOSE_HSG,HSG,2019-03-25 09:00:00,154,0,4.26,4.28,4.21,4.22,4080110,17309866.674999997,derived_ohlc4
HOSE_HSG,HSG,2019-03-26 09:00:00,155,0,4.22,4.28,4.18,4.2,3044270,12846819.399999999,derived_ohlc4
HOSE_HSG,HSG,2019-03-27 09:00:00,156,0,4.24,4.3,4.22,4.28,2466640,10507886.4,derived_ohlc4
HOSE_HSG,HSG,2019-03-28 09:00:00,157,0,4.24,4.51,4.22,4.4,7727830,33558101.775,derived_ohlc4
HOSE_HSG,HSG,2019-03-29 09:00:00,158,0,4.44,4.48,4.35,4.35,3614080,15920022.4,derived_ohlc4
HOSE_HSG,HSG,2019-04-01 09:00:00,159,0,4.35,4.4,4.23,4.25,3347090,14417590.175,derived_ohlc4
HOSE_HSG,HSG,2019-04-02 09:00:00,160,0,4.28,4.31,4.23,4.23,3364210,14339945.125,derived_ohlc4
HOSE_HSG,HSG,2019-04-03 09:00:00,161,0,4.23,4.31,4.19,4.3,2671670,11374635.025,derived_ohlc4
HOSE_HSG,HSG,2019-04-04 09:00:00,162,0,4.34,4.36,4.29,4.29,2286320,9876902.399999999,derived_ohlc4
HOSE_HSG,HSG,2019-04-05 09:00:00,163,0,4.34,4.35,4.3,4.3,2620880,11328753.799999999,derived_ohlc4
HOSE_HSG,HSG,2019-04-08 09:00:00,164,0,4.3,4.3,4.24,4.25,2339360,9994915.6,derived_ohlc4
HOSE_HSG,HSG,2019-04-09 09:00:00,165,0,4.3,4.3,4.24,4.24,2751850,11750399.499999998,derived_ohlc4
HOSE_HSG,HSG,2019-04-10 09:00:00,166,0,4.22,4.24,4.2,4.2,3255800,13723197.0,derived_ohlc4
HOSE_HSG,HSG,2019-04-11 09:00:00,167,0,4.21,4.24,4.2,4.21,1489380,6277736.7,derived_ohlc4
HOSE_HSG,HSG,2019-04-12 09:00:00,168,0,4.23,4.23,4.21,4.23,2512730,10616284.250000002,derived_ohlc4
HOSE_HSG,HSG,2019-04-16 09:00:00,169,0,4.17,4.18,4.01,4.01,5643350,23095409.874999996,derived_ohlc4
HOSE_HSG,HSG,2019-04-17 09:00:00,170,0,4.01,4.03,3.73,3.73,7525960,29163095.0,derived_ohlc4
HOSE_HSG,HSG,2019-04-18 09:00:00,171,0,3.62,3.66,3.47,3.57,4339120,15534049.6,derived_ohlc4
HOSE_HSG,HSG,2019-04-19 09:00:00,172,0,3.57,3.81,3.57,3.81,3757320,13864510.799999999,derived_ohlc4
HOSE_HSG,HSG,2019-04-22 09:00:00,173,0,4.03,4.04,3.92,3.92,2541040,10106986.6,derived_ohlc4
HOSE_HSG,HSG,2019-04-23 09:00:00,174,0,3.87,3.94,3.87,3.92,1781910,6949449.0,derived_ohlc4
HOSE_HSG,HSG,2019-04-24 09:00:00,175,0,3.92,4.09,3.9,4.07,2530530,10109467.35,derived_ohlc4
HOSE_HSG,HSG,2019-04-25 09:00:00,176,0,4.07,4.18,4.04,4.06,2757700,11272098.749999998,derived_ohlc4
HOSE_HSG,HSG,2019-04-26 09:00:00,177,0,4.06,4.11,4.05,4.08,1871070,7624610.249999999,derived_ohlc4
HOSE_HSG,HSG,2019-05-02 09:00:00,178,0,4.05,4.26,4.03,4.26,4547830,18873494.5,derived_ohlc4
HOSE_HSG,HSG,2019-05-03 09:00:00,179,0,4.26,4.38,4.24,4.26,3278720,14049315.200000001,derived_ohlc4
HOSE_HSG,HSG,2019-05-06 09:00:00,180,0,4.2,4.2,4.12,4.15,4444360,18521870.3,derived_ohlc4
HOSE_HSG,HSG,2019-05-07 09:00:00,181,0,4.18,4.2,4.12,4.15,2898430,12064714.874999998,derived_ohlc4
HOSE_HSG,HSG,2019-05-08 09:00:00,182,0,4.08,4.14,4.08,4.14,2434000,10003739.999999998,derived_ohlc4
HOSE_HSG,HSG,2019-05-09 09:00:00,183,0,4.1,4.14,4.08,4.08,2397590,9830119.0,derived_ohlc4
HOSE_HSG,HSG,2019-05-10 09:00:00,184,0,4.12,4.14,4.07,4.13,4738760,19499997.400000002,derived_ohlc4
HOSE_HSG,HSG,2019-05-13 09:00:00,185,0,4.12,4.23,4.11,4.18,2671350,11112816.0,derived_ohlc4
HOSE_HSG,HSG,2019-05-14 09:00:00,186,0,4.14,4.25,4.14,4.23,2941820,12326225.8,derived_ohlc4
HOSE_HSG,HSG,2019-05-15 09:00:00,187,0,4.23,4.26,4.2,4.22,3278800,13861127.0,derived_ohlc4
HOSE_HSG,HSG,2019-05-16 09:00:00,188,0,4.22,4.24,4.18,4.18,2290950,9633444.75,derived_ohlc4
HOSE_HSG,HSG,2019-05-17 09:00:00,189,0,4.2,4.2,4.14,4.14,2554020,10650263.4,derived_ohlc4
HOSE_HSG,HSG,2019-05-20 09:00:00,190,0,4.12,4.21,4.11,4.15,2518670,10446183.825000003,derived_ohlc4
HOSE_HSG,HSG,2019-05-21 09:00:00,191,0,4.21,4.21,4.15,4.15,1848720,7727649.6,derived_ohlc4
HOSE_HSG,HSG,2019-05-22 09:00:00,192,0,4.16,4.2,4.15,4.16,2599880,10834999.9,derived_ohlc4
HOSE_HSG,HSG,2019-05-23 09:00:00,193,0,4.14,4.2,4.14,4.18,2961940,12336480.1,derived_ohlc4
HOSE_HSG,HSG,2019-05-24 09:00:00,194,0,4.18,4.18,4.13,4.16,2016250,8392640.625,derived_ohlc4
HOSE_HSG,HSG,2019-05-27 09:00:00,195,0,4.15,4.33,4.13,4.23,6755500,28440655.0,derived_ohlc4
HOSE_HSG,HSG,2019-05-28 09:00:00,196,0,4.26,4.35,4.26,4.3,8076420,34668032.849999994,derived_ohlc4
HOSE_HSG,HSG,2019-05-29 09:00:00,197,0,4.3,4.35,4.27,4.28,2929010,12594743.0,derived_ohlc4
HOSE_HSG,HSG,2019-05-30 09:00:00,198,0,4.26,4.29,4.22,4.22,3894680,16542653.299999999,derived_ohlc4
HOSE_HSG,HSG,2019-05-31 09:00:00,199,0,4.18,4.22,4.13,4.14,4459300,18584132.749999996,derived_ohlc4
HOSE_HSG,HSG,2019-06-03 09:00:00,200,0,4.13,4.14,3.98,3.98,4894260,19858459.95,derived_ohlc4
HOSE_HSG,HSG,2019-06-04 09:00:00,201,0,4.0,4.05,3.98,3.99,2825240,11315086.200000003,derived_ohlc4
HOSE_HSG,HSG,2019-06-05 09:00:00,202,0,4.03,4.07,3.96,3.96,1551760,6214798.800000002,derived_ohlc4
HOSE_HSG,HSG,2019-06-06 09:00:00,203,0,3.96,3.98,3.85,3.89,2611440,10236844.8,derived_ohlc4
HOSE_HSG,HSG,2019-06-07 09:00:00,204,0,3.9,3.95,3.89,3.89,1360750,5317130.625,derived_ohlc4
HOSE_HSG,HSG,2019-06-10 09:00:00,205,0,3.89,3.97,3.89,3.95,1447710,5682261.75,derived_ohlc4
HOSE_HSG,HSG,2019-06-11 09:00:00,206,0,3.97,4.02,3.96,4.01,1335100,5327049.0,derived_ohlc4
HOSE_HSG,HSG,2019-06-12 09:00:00,207,0,3.96,4.02,3.96,3.96,1173390,4664225.25,derived_ohlc4
HOSE_HSG,HSG,2019-06-13 09:00:00,208,0,3.95,3.99,3.94,3.96,1321470,5233021.2,derived_ohlc4
HOSE_HSG,HSG,2019-06-14 09:00:00,209,0,3.95,3.99,3.95,3.99,947380,3761098.6,derived_ohlc4
HOSE_HSG,HSG,2019-06-17 09:00:00,210,0,3.98,4.0,3.91,3.91,1262670,4987546.5,derived_ohlc4
HOSE_HSG,HSG,2019-06-18 09:00:00,211,0,3.91,3.94,3.89,3.92,1661610,6505203.15,derived_ohlc4
HOSE_HSG,HSG,2019-06-19 09:00:00,212,0,3.91,3.98,3.91,3.91,1822530,7157986.575,derived_ohlc4
HOSE_HSG,HSG,2019-06-20 09:00:00,213,0,3.95,4.0,3.94,3.94,2110870,8353768.025,derived_ohlc4
HOSE_HSG,HSG,2019-06-21 09:00:00,214,0,3.94,3.97,3.93,3.94,959970,3787081.65,derived_ohlc4
HOSE_HSG,HSG,2019-06-24 09:00:00,215,0,3.94,3.97,3.92,3.92,1359130,5351574.375,derived_ohlc4
HOSE_HSG,HSG,2019-06-25 09:00:00,216,0,3.92,3.94,3.86,3.86,3128990,12187416.049999999,derived_ohlc4
HOSE_HSG,HSG,2019-06-26 09:00:00,217,0,3.87,3.9,3.83,3.83,3058380,11797700.85,derived_ohlc4
HOSE_HSG,HSG,2019-06-27 09:00:00,218,0,3.83,3.85,3.74,3.76,2170850,8238375.75,derived_ohlc4
HOSE_HSG,HSG,2019-06-28 09:00:00,219,0,3.77,3.78,3.71,3.78,1921490,7224802.399999999,derived_ohlc4
HOSE_HSG,HSG,2019-07-01 09:00:00,220,0,3.8,3.94,3.8,3.92,2669750,10318583.75,derived_ohlc4
HOSE_HSG,HSG,2019-07-02 09:00:00,221,0,3.92,3.98,3.9,3.91,2338240,9183437.6,derived_ohlc4
HOSE_HSG,HSG,2019-07-03 09:00:00,222,0,3.91,3.91,3.83,3.83,2183790,8451267.3,derived_ohlc4
HOSE_HSG,HSG,2019-07-04 09:00:00,223,0,3.8,3.84,3.77,3.82,2439660,9289005.450000001,derived_ohlc4
HOSE_HSG,HSG,2019-07-05 09:00:00,224,0,3.82,3.87,3.78,3.85,2315970,8870165.1,derived_ohlc4
HOSE_HSG,HSG,2019-07-08 09:00:00,225,0,3.85,3.86,3.8,3.81,819710,3139489.3000000003,derived_ohlc4
HOSE_HSG,HSG,2019-07-09 09:00:00,226,0,3.81,3.82,3.8,3.8,1065380,4056434.35,derived_ohlc4
HOSE_HSG,HSG,2019-07-10 09:00:00,227,0,3.79,3.83,3.74,3.74,1753240,6618481.0,derived_ohlc4
HOSE_HSG,HSG,2019-07-11 09:00:00,228,0,3.74,3.78,3.68,3.68,2026000,7536719.999999999,derived_ohlc4
HOSE_HSG,HSG,2019-07-12 09:00:00,229,0,3.68,3.75,3.68,3.72,1710330,6341048.475,derived_ohlc4
HOSE_HSG,HSG,2019-07-16 09:00:00,231,1,3.91,3.96,3.82,3.89,4294300,16726298.5,derived_ohlc4
HOSE_HSG,HSG,2019-07-17 09:00:00,232,1,3.92,3.93,3.88,3.88,1466410,5722665.024999999,derived_ohlc4
HOSE_HSG,HSG,2019-07-18 09:00:00,233,1,3.87,3.92,3.87,3.88,1591900,6184531.5,derived_ohlc4
HOSE_HSG,HSG,2019-07-19 09:00:00,234,1,3.9,3.94,3.9,3.9,2435370,9522296.700000001,derived_ohlc4
HOSE_HSG,HSG,2019-07-22 09:00:00,235,1,3.92,3.92,3.82,3.82,1738270,6727104.9,derived_ohlc4
HOSE_HSG,HSG,2019-07-23 09:00:00,236,1,3.82,3.87,3.82,3.82,1163120,4457657.4,derived_ohlc4
HOSE_HSG,HSG,2019-07-24 09:00:00,237,1,3.81,3.87,3.81,3.82,1159490,4437947.975000001,derived_ohlc4
HOSE_HSG,HSG,2019-07-25 09:00:00,238,1,3.82,3.84,3.81,3.82,1772480,6775304.800000001,derived_ohlc4
HOSE_HSG,HSG,2019-07-26 09:00:00,239,1,3.83,3.85,3.78,3.78,1725120,6572707.199999999,derived_ohlc4
HOSE_HSG,HSG,2019-07-29 09:00:00,240,1,3.81,3.81,3.72,3.72,1302450,4903724.25,derived_ohlc4
HOSE_HSG,HSG,2019-07-30 09:00:00,241,1,3.74,3.74,3.69,3.71,1425040,5301148.8,derived_ohlc4
HOSE_HSG,HSG,2019-07-31 09:00:00,242,1,3.72,3.77,3.72,3.74,1443410,5394744.875,derived_ohlc4
HOSE_HSG,HSG,2019-08-01 09:00:00,243,1,3.74,3.76,3.72,3.73,1075060,4018036.7500000005,derived_ohlc4
HOSE_HSG,HSG,2019-08-02 09:00:00,244,1,3.72,3.72,3.68,3.72,1749850,6491943.500000001,derived_ohlc4
HOSE_HSG,HSG,2019-08-05 09:00:00,245,1,3.72,3.72,3.57,3.59,2524450,9214242.5,derived_ohlc4
HOSE_HSG,HSG,2019-08-06 09:00:00,246,1,3.58,3.58,3.47,3.53,2504460,8865788.4,derived_ohlc4
HOSE_HSG,HSG,2019-08-07 09:00:00,247,1,3.58,3.58,3.48,3.48,1249970,4412394.100000001,derived_ohlc4
HOSE_HSG,HSG,2019-08-08 09:00:00,248,1,3.48,3.51,3.46,3.48,1605340,5590596.55,derived_ohlc4
HOSE_HSG,HSG,2019-08-09 09:00:00,249,1,3.48,3.53,3.48,3.52,1648660,5774431.65,derived_ohlc4
HOSE_HSG,HSG,2019-08-12 09:00:00,250,1,3.54,3.54,3.49,3.49,947190,3329372.85,derived_ohlc4
HOSE_HSG,HSG,2019-08-13 09:00:00,251,1,3.49,3.49,3.43,3.44,1748730,6054977.625,derived_ohlc4
HOSE_HSG,HSG,2019-08-14 09:00:00,252,1,3.47,3.48,3.44,3.44,1479600,5115717.0,derived_ohlc4
HOSE_HSG,HSG,2019-08-15 09:00:00,253,1,3.42,3.43,3.39,3.43,1039900,3553858.25,derived_ohlc4
HOSE_HSG,HSG,2019-08-16 09:00:00,254,1,3.44,3.44,3.38,3.38,1376600,4694206.0,derived_ohlc4
HOSE_HSG,HSG,2019-08-19 09:00:00,255,1,3.38,3.42,3.35,3.36,1639600,5537749.0,derived_ohlc4
HOSE_HSG,HSG,2019-08-20 09:00:00,256,1,3.36,3.38,3.35,3.36,927500,3118718.75,derived_ohlc4
HOSE_HSG,HSG,2019-08-21 09:00:00,257,1,3.37,3.44,3.36,3.44,2699760,9185933.4,derived_ohlc4
HOSE_HSG,HSG,2019-08-22 09:00:00,258,1,3.49,3.67,3.48,3.62,4051280,14442813.200000001,derived_ohlc4
HOSE_HSG,HSG,2019-08-23 09:00:00,259,1,3.66,3.7,3.62,3.62,2224030,8117709.500000001,derived_ohlc4
HOSE_HSG,HSG,2019-08-26 09:00:00,260,1,3.57,3.59,3.49,3.49,2051510,7252087.850000001,derived_ohlc4
HOSE_HSG,HSG,2019-08-27 09:00:00,261,1,3.51,3.55,3.47,3.5,1652240,5795231.8,derived_ohlc4
HOSE_HSG,HSG,2019-08-28 09:00:00,262,1,3.49,3.5,3.44,3.44,1284890,4455356.075,derived_ohlc4
HOSE_HSG,HSG,2019-08-29 09:00:00,263,1,3.44,3.47,3.39,3.4,1674360,5734683.0,derived_ohlc4
HOSE_HSG,HSG,2019-08-30 09:00:00,264,1,3.43,3.51,3.42,3.48,1309510,4530904.6,derived_ohlc4
HOSE_HSG,HSG,2019-09-03 09:00:00,265,1,3.47,3.51,3.46,3.46,1691520,5878032.000000001,derived_ohlc4
HOSE_HSG,HSG,2019-09-05 09:00:00,267,2,3.44,3.44,3.39,3.39,1018880,3479475.2,derived_ohlc4
HOSE_HSG,HSG,2019-09-06 09:00:00,268,2,3.42,3.42,3.36,3.37,1199510,4069337.6750000003,derived_ohlc4
HOSE_HSG,HSG,2019-09-09 09:00:00,269,2,3.37,3.39,3.34,3.38,790050,2662468.5,derived_ohlc4
HOSE_HSG,HSG,2019-09-10 09:00:00,270,2,3.34,3.37,3.29,3.31,1260680,4194912.7,derived_ohlc4
HOSE_HSG,HSG,2019-09-11 09:00:00,271,2,3.31,3.38,3.25,3.38,1758270,5855039.100000001,derived_ohlc4
HOSE_HSG,HSG,2019-09-12 09:00:00,272,2,3.38,3.4,3.34,3.36,1191540,4015489.8,derived_ohlc4
HOSE_HSG,HSG,2019-09-13 09:00:00,273,2,3.35,3.37,3.31,3.32,1210340,4039509.7500000005,derived_ohlc4
HOSE_HSG,HSG,2019-09-16 09:00:00,274,2,3.32,3.34,3.27,3.27,1783790,5886507.0,derived_ohlc4
HOSE_HSG,HSG,2019-09-17 09:00:00,275,2,3.27,3.35,3.27,3.32,1537530,5077692.825,derived_ohlc4
HOSE_HSG,HSG,2019-09-18 09:00:00,276,2,3.32,3.37,3.31,3.32,1400990,4665296.7,derived_ohlc4
HOSE_HSG,HSG,2019-09-19 09:00:00,277,2,3.32,3.36,3.3,3.31,906720,3012577.2,derived_ohlc4
HOSE_HSG,HSG,2019-09-20 09:00:00,278,2,3.31,3.44,3.31,3.37,3922210,13168820.075,derived_ohlc4
HOSE_HSG,HSG,2019-09-23 09:00:00,279,2,3.37,3.4,3.34,3.34,1551350,5216414.375,derived_ohlc4
HOSE_HSG,HSG,2019-09-24 09:00:00,280,2,3.33,3.36,3.32,3.34,598850,1998661.875,derived_ohlc4
HOSE_HSG,HSG,2019-09-25 09:00:00,281,2,3.33,3.35,3.3,3.3,1217590,4042398.8000000003,derived_ohlc4
HOSE_HSG,HSG,2019-09-26 09:00:00,282,2,3.31,3.33,3.3,3.3,1150240,3807294.4000000004,derived_ohlc4
HOSE_HSG,HSG,2019-09-27 09:00:00,283,2,3.3,3.36,3.3,3.33,1716000,5701410.0,derived_ohlc4
HOSE_HSG,HSG,2019-09-30 09:00:00,284,2,3.33,3.43,3.33,3.42,3732900,12607869.75,derived_ohlc4
HOSE_HSG,HSG,2019-10-01 09:00:00,285,2,3.42,3.51,3.41,3.5,3014230,10429235.8,derived_ohlc4
HOSE_HSG,HSG,2019-10-02 09:00:00,286,2,3.53,3.62,3.52,3.57,4618020,16440151.200000001,derived_ohlc4
HOSE_HSG,HSG,2019-10-03 09:00:00,287,2,3.55,3.61,3.5,3.61,3404420,12145268.35,derived_ohlc4
HOSE_HSG,HSG,2019-10-04 09:00:00,288,2,3.64,3.77,3.62,3.75,5678350,20981503.25,derived_ohlc4
HOSE_HSG,HSG,2019-10-07 09:00:00,289,2,3.75,3.77,3.67,3.7,2435940,9067786.65,derived_ohlc4
HOSE_HSG,HSG,2019-10-08 09:00:00,290,2,3.71,3.71,3.64,3.65,2212160,8135218.4,derived_ohlc4
HOSE_HSG,HSG,2019-10-09 09:00:00,291,2,3.66,3.75,3.65,3.67,3045950,11216710.875,derived_ohlc4
HOSE_HSG,HSG,2019-10-10 09:00:00,292,2,3.72,3.76,3.68,3.76,3151660,11755691.8,derived_ohlc4
HOSE_HSG,HSG,2019-10-11 09:00:00,293,2,3.77,3.84,3.77,3.78,3514760,13320940.399999999,derived_ohlc4
HOSE_HSG,HSG,2019-10-14 09:00:00,294,2,3.81,3.82,3.73,3.73,2442870,9215727.075,derived_ohlc4
HOSE_HSG,HSG,2019-10-15 09:00:00,295,2,3.72,3.73,3.65,3.65,3066700,11308456.25,derived_ohlc4
HOSE_HSG,HSG,2019-10-16 09:00:00,296,2,3.67,3.69,3.57,3.62,4856750,17666428.125,derived_ohlc4
HOSE_HSG,HSG,2019-10-17 09:00:00,297,2,3.61,3.66,3.6,3.65,1640190,5953889.7,derived_ohlc4
HOSE_HSG,HSG,2019-10-18 09:00:00,298,2,3.62,3.65,3.52,3.52,2689420,9621400.049999999,derived_ohlc4
HOSE_HSG,HSG,2019-10-21 09:00:00,299,2,3.5,3.52,3.41,3.42,3542480,12265837.0,derived_ohlc4
HOSE_HSG,HSG,2019-10-22 09:00:00,300,2,3.42,3.66,3.42,3.66,3577270,12663535.8,derived_ohlc4
HOSE_HSG,HSG,2019-10-23 09:00:00,301,2,3.72,3.78,3.59,3.59,4204650,15431065.5,derived_ohlc4
HOSE_HSG,HSG,2019-10-24 09:00:00,302,2,3.65,3.68,3.62,3.65,1949690,7116368.5,derived_ohlc4
HOSE_HSG,HSG,2019-10-25 09:00:00,303,2,3.68,3.71,3.65,3.67,3560030,13092010.325000001,derived_ohlc4
HOSE_HSG,HSG,2019-10-28 09:00:00,304,2,3.77,3.77,3.69,3.7,3962870,14791412.275,derived_ohlc4
HOSE_HSG,HSG,2019-10-29 09:00:00,305,2,3.72,3.72,3.62,3.62,2456120,9013960.4,derived_ohlc4
HOSE_HSG,HSG,2019-10-30 09:00:00,306,2,3.62,3.69,3.59,3.64,2439280,8866782.8,derived_ohlc4
HOSE_HSG,HSG,2019-10-31 09:00:00,307,2,3.68,3.84,3.64,3.64,6287100,23262270.0,derived_ohlc4
HOSE_HSG,HSG,2019-11-01 09:00:00,308,2,3.64,3.72,3.64,3.67,1495830,5485956.525,derived_ohlc4
HOSE_HSG,HSG,2019-11-04 09:00:00,309,2,3.71,3.71,3.62,3.63,2430910,8915362.424999999,derived_ohlc4
HOSE_HSG,HSG,2019-11-05 09:00:00,310,2,3.63,3.69,3.61,3.64,3321380,12098126.65,derived_ohlc4
HOSE_HSG,HSG,2019-11-06 09:00:00,311,2,3.64,3.81,3.64,3.75,5763520,21382659.2,derived_ohlc4
HOSE_HSG,HSG,2019-11-07 09:00:00,312,2,3.77,3.81,3.75,3.77,3471740,13105818.5,derived_ohlc4
HOSE_HSG,HSG,2019-11-08 09:00:00,313,2,3.8,3.81,3.76,3.76,2679040,10133468.799999999,derived_ohlc4
HOSE_HSG,HSG,2019-11-11 09:00:00,314,2,3.75,3.81,3.72,3.76,2388700,8981512.0,derived_ohlc4
HOSE_HSG,HSG,2019-11-12 09:00:00,315,2,3.76,4.02,3.75,4.02,10446090,40609174.875,derived_ohlc4
HOSE_HSG,HSG,2019-11-13 09:00:00,316,2,4.03,4.1,3.95,3.98,6092370,24460865.549999997,derived_ohlc4
HOSE_HSG,HSG,2019-11-14 09:00:00,317,2,3.97,4.12,3.95,4.0,5205680,20874776.8,derived_ohlc4
HOSE_HSG,HSG,2019-11-15 09:00:00,318,2,3.99,4.04,3.92,3.95,3920780,15585100.500000002,derived_ohlc4
HOSE_HSG,HSG,2019-11-18 09:00:00,319,2,3.98,4.03,3.96,4.03,3827850,15311400.0,derived_ohlc4
HOSE_HSG,HSG,2019-11-19 09:00:00,320,2,4.1,4.2,4.08,4.15,5997420,24784338.150000002,derived_ohlc4
HOSE_HSG,HSG,2019-11-20 09:00:00,321,2,4.15,4.18,4.1,4.13,3916560,16214558.399999999,derived_ohlc4
HOSE_HSG,HSG,2019-11-21 09:00:00,322,2,4.12,4.22,4.1,4.17,3845290,15967566.725,derived_ohlc4
HOSE_HSG,HSG,2019-11-22 09:00:00,323,2,4.19,4.2,3.88,3.88,10135850,40923494.375,derived_ohlc4
HOSE_HSG,HSG,2019-11-25 09:00:00,324,2,3.88,3.96,3.8,3.83,4728830,18288750.025000002,derived_ohlc4
HOSE_HSG,HSG,2019-11-26 09:00:00,325,2,3.87,3.9,3.85,3.86,3763440,14564512.799999999,derived_ohlc4
HOSE_HSG,HSG,2019-11-27 09:00:00,326,2,3.9,4.0,3.87,3.96,2658670,10455219.775,derived_ohlc4
HOSE_HSG,HSG,2019-11-28 09:00:00,327,2,3.98,4.0,3.85,3.89,3730190,14659646.700000001,derived_ohlc4
HOSE_HSG,HSG,2019-11-29 09:00:00,328,2,3.9,3.96,3.88,3.96,2584340,10143534.5,derived_ohlc4
HOSE_HSG,HSG,2019-12-02 09:00:00,329,2,4.01,4.07,3.96,4.0,3884610,15577286.1,derived_ohlc4
HOSE_HSG,HSG,2019-12-03 09:00:00,330,2,4.01,4.15,3.97,4.08,6365480,25796107.700000003,derived_ohlc4
HOSE_HSG,HSG,2019-12-04 09:00:00,331,2,4.12,4.17,4.06,4.13,3722300,15335875.999999996,derived_ohlc4
HOSE_HSG,HSG,2019-12-05 09:00:00,332,2,4.12,4.15,4.0,4.07,4632990,18925764.15,derived_ohlc4
HOSE_HSG,HSG,2019-12-06 09:00:00,333,2,4.07,4.13,4.06,4.09,3373940,13790979.749999998,derived_ohlc4
HOSE_HSG,HSG,2019-12-09 09:00:00,334,2,4.09,4.3,4.09,4.28,7881900,33025161.000000004,derived_ohlc4
HOSE_HSG,HSG,2019-12-10 09:00:00,335,2,4.3,4.32,4.22,4.28,4392540,18800071.2,derived_ohlc4
HOSE_HSG,HSG,2019-12-11 09:00:00,336,2,4.28,4.33,4.2,4.24,4069650,17346883.124999996,derived_ohlc4
HOSE_HSG,HSG,2019-12-12 09:00:00,337,2,4.24,4.31,4.23,4.31,3829550,16361752.375,derived_ohlc4
HOSE_HSG,HSG,2019-12-13 09:00:00,338,2,4.33,4.38,4.27,4.27,4033480,17394382.5,derived_ohlc4
HOSE_HSG,HSG,2019-12-16 09:00:00,339,2,4.27,4.31,4.25,4.29,2239330,9584332.399999999,derived_ohlc4
HOSE_HSG,HSG,2019-12-17 09:00:00,340,2,4.29,4.31,4.08,4.12,10940120,45948504.0,derived_ohlc4
HOSE_HSG,HSG,2019-12-18 09:00:00,341,2,4.12,4.16,4.1,4.11,2539540,10469253.65,derived_ohlc4
HOSE_HSG,HSG,2019-12-19 09:00:00,342,2,4.11,4.16,4.11,4.14,1620490,6692623.7,derived_ohlc4
HOSE_HSG,HSG,2019-12-20 09:00:00,343,2,4.15,4.28,4.15,4.26,2980680,12548662.8,derived_ohlc4
HOSE_HSG,HSG,2019-12-23 09:00:00,344,2,4.26,4.28,4.16,4.16,3001130,12649762.95,derived_ohlc4
HOSE_HSG,HSG,2019-12-24 09:00:00,345,2,4.17,4.22,4.15,4.16,1872230,7816560.250000001,derived_ohlc4
HOSE_HSG,HSG,2019-12-25 09:00:00,346,2,4.2,4.2,4.13,4.13,2104400,8764826.0,derived_ohlc4
HOSE_HSG,HSG,2019-12-26 09:00:00,347,2,4.13,4.17,4.03,4.03,3637320,14876638.800000003,derived_ohlc4
HOSE_HSG,HSG,2019-12-27 09:00:00,348,2,4.05,4.06,3.96,4.01,3572440,14361208.799999999,derived_ohlc4
HOSE_HSG,HSG,2019-12-30 09:00:00,349,2,4.01,4.13,4.0,4.05,1252960,5071355.600000001,derived_ohlc4
HOSE_HSG,HSG,2019-12-31 09:00:00,350,2,4.1,4.1,3.91,3.98,2737420,11011271.95,derived_ohlc4
HOSE_HSG,HSG,2020-01-02 09:00:00,351,2,3.96,4.17,3.95,4.17,3283180,13337918.75,derived_ohlc4
HOSE_HSG,HSG,2020-01-03 09:00:00,352,2,4.18,4.18,4.06,4.07,3031450,12497152.624999998,derived_ohlc4
HOSE_HSG,HSG,2020-01-06 09:00:00,353,2,4.08,4.15,4.02,4.09,4757100,19432753.5,derived_ohlc4
HOSE_HSG,HSG,2020-01-07 09:00:00,354,2,4.09,4.14,4.04,4.04,2309430,9416700.825,derived_ohlc4
HOSE_HSG,HSG,2020-01-08 09:00:00,355,2,4.0,4.05,3.95,4.01,3644680,14587831.699999997,derived_ohlc4
HOSE_HSG,HSG,2020-01-09 09:00:00,356,2,4.06,4.2,4.06,4.12,4819780,19809295.8,derived_ohlc4
HOSE_HSG,HSG,2020-01-10 09:00:00,357,2,4.15,4.2,4.12,4.12,3632380,15065296.050000003,derived_ohlc4
HOSE_HSG,HSG,2020-01-13 09:00:00,358,2,4.15,4.2,4.04,4.05,4266560,17535561.6,derived_ohlc4
HOSE_HSG,HSG,2020-01-14 09:00:00,359,2,4.05,4.14,4.0,4.13,3581580,14612846.4,derived_ohlc4
HOSE_HSG,HSG,2020-01-15 09:00:00,360,2,4.17,4.33,4.16,4.31,9107900,38640265.75,derived_ohlc4
HOSE_HSG,HSG,2020-01-16 09:00:00,361,2,4.33,4.38,4.31,4.34,4634950,20115683.0,derived_ohlc4
HOSE_HSG,HSG,2020-01-17 09:00:00,362,2,4.34,4.39,4.23,4.3,4436910,19145266.650000002,derived_ohlc4
HOSE_HSG,HSG,2020-01-20 09:00:00,363,2,4.28,4.29,4.19,4.23,5054860,21470517.85,derived_ohlc4
HOSE_HSG,HSG,2020-01-21 09:00:00,364,2,4.26,4.38,4.25,4.36,4006910,17279799.375,derived_ohlc4
HOSE_HSG,HSG,2020-01-22 09:00:00,365,2,4.36,4.63,4.33,4.58,8908570,39865850.75,derived_ohlc4
HOSE_HSG,HSG,2020-01-30 09:00:00,366,2,4.49,4.53,4.36,4.41,8308440,36951786.9,derived_ohlc4
HOSE_HSG,HSG,2020-01-31 09:00:00,367,2,4.41,4.44,4.15,4.15,8590820,36833140.75000001,derived_ohlc4
HOSE_HSG,HSG,2020-02-03 09:00:00,368,2,3.98,4.23,3.88,4.2,8875150,36144048.375,derived_ohlc4
HOSE_HSG,HSG,2020-02-04 09:00:00,369,2,4.2,4.23,4.04,4.05,5395320,22282671.599999998,derived_ohlc4
HOSE_HSG,HSG,2020-02-05 09:00:00,370,2,4.08,4.12,4.06,4.09,3039680,12424691.999999998,derived_ohlc4
HOSE_HSG,HSG,2020-02-06 09:00:00,371,2,4.12,4.24,4.08,4.21,4428100,18431966.25,derived_ohlc4
HOSE_HSG,HSG,2020-02-07 09:00:00,372,2,4.21,4.25,4.12,4.14,4292320,17941897.6,derived_ohlc4
HOSE_HSG,HSG,2020-02-10 09:00:00,373,2,4.08,4.16,4.04,4.09,3637020,14884504.350000001,derived_ohlc4
HOSE_HSG,HSG,2020-02-11 09:00:00,374,2,4.15,4.15,4.0,4.0,6924170,28215992.75,derived_ohlc4
HOSE_HSG,HSG,2020-02-12 09:00:00,375,2,4.0,4.08,4.0,4.02,5242530,21101183.25,derived_ohlc4
HOSE_HSG,HSG,2020-02-13 09:00:00,376,2,4.02,4.02,3.93,4.02,5252600,20997268.499999996,derived_ohlc4
HOSE_HSG,HSG,2020-02-14 09:00:00,377,2,4.02,4.11,4.0,4.11,3932620,15966437.2,derived_ohlc4
HOSE_HSG,HSG,2020-02-17 09:00:00,378,2,4.13,4.18,4.11,4.14,2950580,12215401.2,derived_ohlc4
HOSE_HSG,HSG,2020-02-18 09:00:00,379,2,4.14,4.2,4.11,4.15,4793030,19891074.5,derived_ohlc4
HOSE_HSG,HSG,2020-02-19 09:00:00,380,2,4.16,4.16,4.11,4.11,2427630,10038250.049999999,derived_ohlc4
HOSE_HSG,HSG,2020-02-20 09:00:00,381,2,4.11,4.25,4.11,4.25,6655340,27819321.2,derived_ohlc4
HOSE_HSG,HSG,2020-02-21 09:00:00,382,2,4.28,4.31,4.15,4.16,3055490,12909445.249999998,derived_ohlc4
HOSE_HSG,HSG,2020-02-24 09:00:00,383,2,4.05,4.13,3.96,3.96,7166340,28844518.500000004,derived_ohlc4
HOSE_HSG,HSG,2020-02-25 09:00:00,384,2,3.87,4.03,3.87,4.02,3743840,14778808.399999999,derived_ohlc4
HOSE_HSG,HSG,2020-02-26 09:00:00,385,2,3.97,4.0,3.91,3.95,2211900,8753594.250000002,derived_ohlc4
HOSE_HSG,HSG,2020-02-27 09:00:00,386,2,3.98,4.0,3.94,3.98,2362340,9390301.5,derived_ohlc4
HOSE_HSG,HSG,2020-02-28 09:00:00,387,2,3.91,3.94,3.85,3.87,4996490,19448837.325,derived_ohlc4
HOSE_HSG,HSG,2020-03-02 09:00:00,388,2,3.87,3.92,3.84,3.87,1514160,5867370.0,derived_ohlc4
HOSE_HSG,HSG,2020-03-03 09:00:00,389,2,3.95,3.96,3.87,3.87,3274200,12810307.500000002,derived_ohlc4
HOSE_HSG,HSG,2020-03-04 09:00:00,390,2,3.87,3.95,3.86,3.92,2674520,10430628.0,derived_ohlc4
HOSE_HSG,HSG,2020-03-05 09:00:00,391,2,3.96,4.0,3.92,3.92,1994600,7878669.999999999,derived_ohlc4
HOSE_HSG,HSG,2020-03-06 09:00:00,392,2,3.9,3.92,3.87,3.87,1975180,7683450.200000001,derived_ohlc4
HOSE_HSG,HSG,2020-03-09 09:00:00,393,2,3.61,3.72,3.6,3.6,4346630,15789133.475,derived_ohlc4
HOSE_HSG,HSG,2020-03-10 09:00:00,394,2,3.42,3.65,3.4,3.58,4111980,14443329.75,derived_ohlc4
HOSE_HSG,HSG,2020-03-11 09:00:00,395,2,3.61,3.64,3.33,3.34,5312990,18489205.2,derived_ohlc4
HOSE_HSG,HSG,2020-03-12 09:00:00,396,2,3.13,3.26,3.11,3.11,8037500,25338218.75,derived_ohlc4
HOSE_HSG,HSG,2020-03-13 09:00:00,397,2,2.9,3.11,2.9,3.01,6260180,18655336.4,derived_ohlc4
HOSE_HSG,HSG,2020-03-16 09:00:00,398,2,2.97,3.21,2.97,3.06,4312470,13163814.675,derived_ohlc4
HOSE_HSG,HSG,2020-03-17 09:00:00,399,2,2.96,3.16,2.96,3.16,1989460,6087747.600000001,derived_ohlc4
HOSE_HSG,HSG,2020-03-18 09:00:00,400,2,3.21,3.23,3.11,3.14,3423240,10860228.9,derived_ohlc4
HOSE_HSG,HSG,2020-03-19 09:00:00,401,2,3.07,3.1,2.96,3.03,3094180,9406307.2,derived_ohlc4
HOSE_HSG,HSG,2020-03-20 09:00:00,402,2,3.03,3.08,2.95,2.97,2534240,7621726.8,derived_ohlc4
HOSE_HSG,HSG,2020-03-23 09:00:00,403,2,2.81,2.84,2.76,2.76,3586170,10014379.725,derived_ohlc4
HOSE_HSG,HSG,2020-03-24 09:00:00,404,2,2.7,2.75,2.58,2.58,5017710,13309475.775000002,derived_ohlc4
HOSE_HSG,HSG,2020-03-25 09:00:00,405,2,2.7,2.7,2.62,2.67,2720230,7269814.675,derived_ohlc4
HOSE_HSG,HSG,2020-03-26 09:00:00,406,2,2.64,2.65,2.5,2.5,3292760,8470625.1,derived_ohlc4
HOSE_HSG,HSG,2020-03-27 09:00:00,407,2,2.54,2.65,2.45,2.55,3222640,8209675.399999999,derived_ohlc4
HOSE_HSG,HSG,2020-03-30 09:00:00,408,2,2.45,2.45,2.37,2.37,4744120,11433329.200000001,derived_ohlc4
HOSE_HSG,HSG,2020-03-31 09:00:00,409,2,2.37,2.47,2.22,2.32,4557410,10687126.450000001,derived_ohlc4
HOSE_HSG,HSG,2020-04-01 09:00:00,410,2,2.29,2.48,2.29,2.48,4001500,9543577.5,derived_ohlc4
HOSE_HSG,HSG,2020-04-03 09:00:00,411,2,2.6,2.65,2.5,2.65,5102020,13265252.0,derived_ohlc4
HOSE_HSG,HSG,2020-04-06 09:00:00,412,2,2.73,2.83,2.68,2.83,6439490,17821288.575,derived_ohlc4
HOSE_HSG,HSG,2020-04-07 09:00:00,413,2,2.83,2.85,2.73,2.84,3706830,10425459.375,derived_ohlc4
HOSE_HSG,HSG,2020-04-08 09:00:00,414,2,2.73,2.9,2.73,2.9,4022510,11323365.65,derived_ohlc4
HOSE_HSG,HSG,2020-04-09 09:00:00,415,2,2.92,2.99,2.85,2.85,5434360,15773229.899999999,derived_ohlc4
HOSE_HSG,HSG,2020-04-10 09:00:00,416,2,2.84,2.94,2.81,2.85,4184730,11968327.799999999,derived_ohlc4
HOSE_HSG,HSG,2020-04-13 09:00:00,417,2,2.83,2.98,2.83,2.88,4563010,13141468.799999999,derived_ohlc4
HOSE_HSG,HSG,2020-04-14 09:00:00,418,2,2.93,3.08,2.93,3.08,10396410,31241212.05,derived_ohlc4
HOSE_HSG,HSG,2020-04-15 09:00:00,419,2,3.21,3.29,3.16,3.29,7468820,24180304.75,derived_ohlc4
HOSE_HSG,HSG,2020-04-16 09:00:00,420,2,3.3,3.46,3.26,3.31,5559090,18525667.425,derived_ohlc4
HOSE_HSG,HSG,2020-04-17 09:00:00,421,2,3.32,3.46,3.26,3.46,6851380,23123407.5,derived_ohlc4
HOSE_HSG,HSG,2020-04-20 09:00:00,422,2,3.57,3.58,3.39,3.42,7064950,24656675.5,derived_ohlc4
HOSE_HSG,HSG,2020-04-21 09:00:00,423,2,3.31,3.37,3.18,3.18,12149400,39607044.0,derived_ohlc4
HOSE_HSG,HSG,2020-04-22 09:00:00,424,2,3.11,3.4,3.11,3.4,5881250,19143468.75,derived_ohlc4
HOSE_HSG,HSG,2020-04-23 09:00:00,425,2,3.64,3.64,3.64,3.64,1777730,6470937.2,derived_ohlc4
HOSE_HSG,HSG,2020-04-24 09:00:00,426,2,3.89,3.89,3.77,3.89,21089490,81405431.4,derived_ohlc4
HOSE_HSG,HSG,2020-04-27 09:00:00,427,2,4.01,4.12,3.86,3.96,7720890,30787048.875,derived_ohlc4
HOSE_HSG,HSG,2020-04-28 09:00:00,428,2,4.01,4.01,3.91,3.94,5694420,22592611.349999998,derived_ohlc4
HOSE_HSG,HSG,2020-04-29 09:00:00,429,2,3.94,3.96,3.86,3.94,6343870,24899689.75,derived_ohlc4
HOSE_HSG,HSG,2020-05-04 09:00:00,430,2,3.94,4.2,3.89,4.04,9077090,36467209.075,derived_ohlc4
HOSE_HSG,HSG,2020-05-05 09:00:00,431,2,4.12,4.18,4.07,4.12,4557920,18790025.200000003,derived_ohlc4
HOSE_HSG,HSG,2020-05-06 09:00:00,432,2,4.15,4.36,4.12,4.35,9908860,42063110.70000001,derived_ohlc4
HOSE_HSG,HSG,2020-05-07 09:00:00,433,2,4.39,4.42,4.21,4.24,9366520,40416533.8,derived_ohlc4
HOSE_HSG,HSG,2020-05-08 09:00:00,434,2,4.24,4.34,4.18,4.18,8124060,34405394.099999994,derived_ohlc4
HOSE_HSG,HSG,2020-05-11 09:00:00,435,2,4.22,4.36,4.18,4.22,8415640,35724391.800000004,derived_ohlc4
HOSE_HSG,HSG,2020-05-12 09:00:00,436,2,4.18,4.52,4.16,4.52,13916820,60468582.9,derived_ohlc4
HOSE_HSG,HSG,2020-05-13 09:00:00,437,2,4.76,4.83,4.71,4.83,12123850,57982312.62500001,derived_ohlc4
HOSE_HSG,HSG,2020-05-14 09:00:00,438,2,4.82,4.98,4.77,4.85,10239880,49714617.400000006,derived_ohlc4
HOSE_HSG,HSG,2020-05-15 09:00:00,439,2,4.87,4.89,4.7,4.74,9747180,46786464.00000001,derived_ohlc4
HOSE_HSG,HSG,2020-05-18 09:00:00,440,2,4.82,5.06,4.76,5.06,11978360,58993423.0,derived_ohlc4
HOSE_HSG,HSG,2020-05-19 09:00:00,441,2,5.29,5.38,5.14,5.19,10099700,53023425.0,derived_ohlc4
HOSE_HSG,HSG,2020-05-20 09:00:00,442,2,5.09,5.28,5.09,5.1,10190430,52378810.2,derived_ohlc4
HOSE_HSG,HSG,2020-05-21 09:00:00,443,2,5.1,5.13,4.93,4.96,14142240,71135467.2,derived_ohlc4
HOSE_HSG,HSG,2020-05-22 09:00:00,444,2,4.95,5.22,4.87,5.19,10413910,52668349.825,derived_ohlc4
HOSE_HSG,HSG,2020-05-25 09:00:00,445,2,5.19,5.29,5.14,5.24,7146130,37267067.949999996,derived_ohlc4
HOSE_HSG,HSG,2020-05-26 09:00:00,446,2,5.27,5.3,5.22,5.3,10262660,54109874.85,derived_ohlc4
HOSE_HSG,HSG,2020-05-27 09:00:00,447,2,5.35,5.57,5.31,5.38,16387240,88532064.1,derived_ohlc4
HOSE_HSG,HSG,2020-05-28 09:00:00,448,2,5.51,5.57,5.41,5.43,8958130,49090552.400000006,derived_ohlc4
HOSE_HSG,HSG,2020-05-29 09:00:00,449,2,5.46,5.46,5.2,5.34,17506970,93924894.05,derived_ohlc4
HOSE_HSG,HSG,2020-06-01 09:00:00,450,2,5.35,5.62,5.22,5.41,17861680,96453071.99999999,derived_ohlc4
HOSE_HSG,HSG,2020-06-02 09:00:00,451,2,5.33,5.35,5.25,5.25,13552840,71762287.8,derived_ohlc4
HOSE_HSG,HSG,2020-06-03 09:00:00,452,2,5.25,5.35,5.15,5.32,10076640,53078701.2,derived_ohlc4
HOSE_HSG,HSG,2020-06-04 09:00:00,453,2,5.43,5.43,5.3,5.31,9239160,49591191.3,derived_ohlc4
HOSE_HSG,HSG,2020-06-05 09:00:00,454,2,5.3,5.68,5.27,5.68,16504300,90484824.75,derived_ohlc4
HOSE_HSG,HSG,2020-06-08 09:00:00,455,2,5.97,6.05,5.81,6.05,15061890,89919483.3,derived_ohlc4
HOSE_HSG,HSG,2020-06-09 09:00:00,456,2,6.26,6.37,6.0,6.05,13135230,81044369.1,derived_ohlc4
HOSE_HSG,HSG,2020-06-10 09:00:00,457,2,5.97,6.08,5.76,5.92,16386040,97210182.30000001,derived_ohlc4
HOSE_HSG,HSG,2020-06-11 09:00:00,458,2,5.84,6.13,5.51,5.51,21503160,123589412.09999998,derived_ohlc4
HOSE_HSG,HSG,2020-06-12 09:00:00,459,2,5.25,5.89,5.25,5.89,19678940,109611695.80000001,derived_ohlc4
HOSE_HSG,HSG,2020-06-15 09:00:00,460,2,6.05,6.13,5.65,5.7,13511690,79482516.425,derived_ohlc4
HOSE_HSG,HSG,2020-06-16 09:00:00,461,2,5.86,5.94,5.76,5.86,8016220,46934968.1,derived_ohlc4
HOSE_HSG,HSG,2020-06-17 09:00:00,462,2,5.89,6.26,5.76,6.16,16463500,99069111.24999999,derived_ohlc4
HOSE_HSG,HSG,2020-06-18 09:00:00,463,2,6.1,6.26,6.05,6.08,7003570,42879357.325,derived_ohlc4
HOSE_HSG,HSG,2020-06-19 09:00:00,464,2,6.16,6.4,6.08,6.37,10618110,66389732.775000006,derived_ohlc4
HOSE_HSG,HSG,2020-06-22 09:00:00,465,2,6.42,6.58,6.4,6.48,11271100,72924017.0,derived_ohlc4
HOSE_HSG,HSG,2020-06-23 09:00:00,466,2,6.58,6.66,6.26,6.37,12090280,78193885.9,derived_ohlc4
HOSE_HSG,HSG,2020-06-24 09:00:00,467,2,6.42,6.5,6.21,6.26,15637970,99262014.575,derived_ohlc4
HOSE_HSG,HSG,2020-06-25 09:00:00,468,2,6.26,6.69,6.1,6.58,18733030,120031889.72499998,derived_ohlc4
HOSE_HSG,HSG,2020-06-26 09:00:00,469,2,6.74,6.83,6.53,6.56,8277360,55168604.4,derived_ohlc4
HOSE_HSG,HSG,2020-06-29 09:00:00,470,2,6.42,6.58,6.21,6.32,12875000,82174687.5,derived_ohlc4
HOSE_HSG,HSG,2020-06-30 09:00:00,471,2,6.42,6.42,5.89,6.13,20422660,126926831.89999999,derived_ohlc4
HOSE_HSG,HSG,2020-07-01 09:00:00,472,2,6.1,6.42,6.05,6.42,8277790,51715493.025000006,derived_ohlc4
HOSE_HSG,HSG,2020-07-02 09:00:00,473,2,6.48,6.5,6.26,6.29,7648550,48816870.375,derived_ohlc4
HOSE_HSG,HSG,2020-07-03 09:00:00,474,2,6.29,6.53,6.26,6.34,9690680,61584271.4,derived_ohlc4
HOSE_HSG,HSG,2020-07-06 09:00:00,475,2,6.37,6.48,6.34,6.37,6007690,38389139.1,derived_ohlc4
HOSE_HSG,HSG,2020-07-07 09:00:00,476,2,6.42,6.53,6.32,6.32,14028220,89745537.45,derived_ohlc4
HOSE_HSG,HSG,2020-07-08 09:00:00,477,2,6.32,6.37,6.13,6.21,10434340,65292882.550000004,derived_ohlc4
HOSE_HSG,HSG,2020-07-09 09:00:00,478,2,6.24,6.34,6.21,6.26,5795310,36293128.87499999,derived_ohlc4
HOSE_HSG,HSG,2020-07-10 09:00:00,479,2,6.24,6.42,6.18,6.29,6647730,41764363.725,derived_ohlc4
HOSE_HSG,HSG,2020-07-13 09:00:00,480,2,6.37,6.42,6.29,6.34,8716400,55392721.99999999,derived_ohlc4
HOSE_HSG,HSG,2020-07-14 09:00:00,481,2,6.32,6.37,6.29,6.32,4285000,27102625.0,derived_ohlc4
HOSE_HSG,HSG,2020-07-15 09:00:00,482,2,6.34,6.42,6.26,6.26,5772180,36480177.6,derived_ohlc4
HOSE_HSG,HSG,2020-07-16 09:00:00,483,2,6.26,6.29,6.1,6.16,10415740,64603627.349999994,derived_ohlc4
HOSE_HSG,HSG,2020-07-17 09:00:00,484,2,6.16,6.32,6.13,6.18,6206290,38463482.275,derived_ohlc4
HOSE_HSG,HSG,2020-07-20 09:00:00,485,2,6.21,6.26,5.94,6.0,10655450,65024883.625,derived_ohlc4
HOSE_HSG,HSG,2020-07-21 09:00:00,486,2,6.08,6.13,5.89,6.08,7859700,47511886.5,derived_ohlc4
HOSE_HSG,HSG,2020-07-22 09:00:00,487,2,6.1,6.13,6.0,6.0,3555300,21536229.75,derived_ohlc4
HOSE_HSG,HSG,2020-07-23 09:00:00,488,2,5.94,6.02,5.81,5.89,7887400,46653971.0,derived_ohlc4
HOSE_HSG,HSG,2020-07-24 09:00:00,489,2,5.78,5.86,5.49,5.59,18170280,103207190.4,derived_ohlc4
HOSE_HSG,HSG,2020-07-27 09:00:00,490,2,5.41,5.51,5.2,5.2,13738870,73228177.1,derived_ohlc4
HOSE_HSG,HSG,2020-07-28 09:00:00,491,2,5.27,5.57,5.24,5.57,15105730,81759763.625,derived_ohlc4
HOSE_HSG,HSG,2020-07-29 09:00:00,492,2,5.41,5.41,5.18,5.26,14057290,74714496.35,derived_ohlc4
HOSE_HSG,HSG,2020-07-30 09:00:00,493,2,5.27,5.49,5.27,5.32,5831280,31124457.000000004,derived_ohlc4
HOSE_HSG,HSG,2020-07-31 09:00:00,494,2,5.16,5.35,5.09,5.09,8739140,45203201.65,derived_ohlc4
HOSE_HSG,HSG,2020-08-03 09:00:00,495,2,5.14,5.43,5.14,5.43,13791500,72888077.5,derived_ohlc4
HOSE_HSG,HSG,2020-08-04 09:00:00,496,2,5.57,5.73,5.49,5.54,9523190,53163208.175,derived_ohlc4
HOSE_HSG,HSG,2020-08-05 09:00:00,497,2,5.54,5.84,5.46,5.7,11309920,63731399.199999996,derived_ohlc4
HOSE_HSG,HSG,2020-08-06 09:00:00,498,2,5.65,5.78,5.59,5.73,10260090,58354261.875,derived_ohlc4
HOSE_HSG,HSG,2020-08-07 09:00:00,499,2,5.78,6.0,5.7,6.0,13757550,80756818.5,derived_ohlc4
HOSE_HSG,HSG,2020-08-10 09:00:00,500,2,6.1,6.21,6.0,6.1,12569110,76702993.77499999,derived_ohlc4
HOSE_HSG,HSG,2020-08-11 09:00:00,501,2,6.1,6.16,6.0,6.1,9674580,58918192.199999996,derived_ohlc4
HOSE_HSG,HSG,2020-08-12 09:00:00,502,2,6.13,6.16,5.94,6.02,9256530,56117713.125,derived_ohlc4
HOSE_HSG,HSG,2020-08-13 09:00:00,503,2,6.08,6.16,6.05,6.1,5864520,35758910.7,derived_ohlc4
HOSE_HSG,HSG,2020-08-14 09:00:00,504,2,6.08,6.13,5.94,6.0,8767020,52930883.25000001,derived_ohlc4
HOSE_HSG,HSG,2020-08-17 09:00:00,505,2,5.94,6.1,5.92,6.08,6633300,39866133.0,derived_ohlc4
HOSE_HSG,HSG,2020-08-18 09:00:00,506,2,6.1,6.32,6.05,6.21,10645530,65682920.1,derived_ohlc4
HOSE_HSG,HSG,2020-08-19 09:00:00,507,2,6.21,6.29,6.18,6.18,6782910,42155785.65,derived_ohlc4
HOSE_HSG,HSG,2020-08-20 09:00:00,508,2,6.18,6.24,6.08,6.16,10292630,63454063.95,derived_ohlc4
HOSE_HSG,HSG,2020-08-21 09:00:00,509,2,6.16,6.24,6.13,6.24,5933020,36740226.35,derived_ohlc4
HOSE_HSG,HSG,2020-08-24 09:00:00,510,2,6.37,6.4,6.26,6.32,8875930,56251206.375,derived_ohlc4
HOSE_HSG,HSG,2020-08-25 09:00:00,511,2,6.34,6.37,6.24,6.26,7105380,44781657.45,derived_ohlc4
HOSE_HSG,HSG,2020-08-26 09:00:00,512,2,6.26,6.29,6.21,6.21,7253510,45280036.175000004,derived_ohlc4
HOSE_HSG,HSG,2020-08-27 09:00:00,513,2,6.21,6.29,6.16,6.24,5311350,33063153.749999996,derived_ohlc4
HOSE_HSG,HSG,2020-08-28 09:00:00,514,2,6.29,6.29,6.1,6.1,8851480,54834918.6,derived_ohlc4
HOSE_HSG,HSG,2020-08-31 09:00:00,515,2,6.16,6.21,6.02,6.05,7008810,42823829.1,derived_ohlc4
HOSE_HSG,HSG,2020-09-01 09:00:00,516,2,6.05,6.32,6.05,6.32,14900500,92159592.5,derived_ohlc4
HOSE_HSG,HSG,2020-09-03 09:00:00,517,2,6.42,6.53,6.34,6.4,14906190,95735005.27499999,derived_ohlc4
HOSE_HSG,HSG,2020-09-04 09:00:00,518,2,6.29,6.4,6.26,6.34,7657200,48412647.00000001,derived_ohlc4
HOSE_HSG,HSG,2020-09-07 09:00:00,519,2,6.34,6.37,6.18,6.18,9695350,60765606.125,derived_ohlc4
HOSE_HSG,HSG,2020-09-08 09:00:00,520,2,6.21,6.26,6.13,6.24,7023450,43615624.49999999,derived_ohlc4
HOSE_HSG,HSG,2020-09-09 09:00:00,521,2,6.16,6.53,6.16,6.45,11379420,71974831.5,derived_ohlc4
HOSE_HSG,HSG,2020-09-10 09:00:00,522,2,6.56,6.56,6.34,6.34,6873130,44331688.5,derived_ohlc4
HOSE_HSG,HSG,2020-09-11 09:00:00,523,2,6.34,6.45,6.34,6.37,7748240,49395030.0,derived_ohlc4
HOSE_HSG,HSG,2020-09-14 09:00:00,524,2,6.4,6.8,6.4,6.8,25808340,170335044.0,derived_ohlc4
HOSE_HSG,HSG,2020-09-15 09:00:00,525,2,6.96,7.17,6.91,6.96,16710520,116973640.0,derived_ohlc4
HOSE_HSG,HSG,2020-09-16 09:00:00,526,2,6.96,7.44,6.93,7.39,20591650,147848047.0,derived_ohlc4
HOSE_HSG,HSG,2020-09-17 09:00:00,527,2,7.36,7.44,7.12,7.2,17095750,124457060.0,derived_ohlc4
HOSE_HSG,HSG,2020-09-18 09:00:00,528,2,7.2,7.6,7.2,7.6,11800110,87320814.0,derived_ohlc4
HOSE_HSG,HSG,2020-09-21 09:00:00,529,2,7.74,7.76,7.44,7.44,14618670,111028798.65,derived_ohlc4
HOSE_HSG,HSG,2020-09-22 09:00:00,530,2,7.39,7.74,7.36,7.6,15453370,116247975.82499999,derived_ohlc4
HOSE_HSG,HSG,2020-09-23 09:00:00,531,2,7.68,7.71,7.52,7.6,9751050,74376133.875,derived_ohlc4
HOSE_HSG,HSG,2020-09-24 09:00:00,532,2,7.52,8.08,7.5,8.0,22459970,174626266.75,derived_ohlc4
HOSE_HSG,HSG,2020-09-25 09:00:00,533,2,8.03,8.24,7.92,8.16,13614170,110104599.87499999,derived_ohlc4
HOSE_HSG,HSG,2020-09-28 09:00:00,534,2,8.16,8.7,8.16,8.62,16925760,142345641.6,derived_ohlc4
HOSE_HSG,HSG,2020-09-29 09:00:00,535,2,8.62,8.65,8.14,8.14,23085250,193627534.37499997,derived_ohlc4
HOSE_HSG,HSG,2020-09-30 09:00:00,536,2,8.19,8.48,7.95,8.38,15238890,125720842.5,derived_ohlc4
HOSE_HSG,HSG,2020-10-01 09:00:00,537,2,8.51,8.81,8.38,8.46,10976300,93737602.00000001,derived_ohlc4
HOSE_HSG,HSG,2020-10-02 09:00:00,538,2,8.51,8.51,7.95,8.27,21207030,176230419.29999998,derived_ohlc4
HOSE_HSG,HSG,2020-10-05 09:00:00,539,2,8.35,8.48,8.22,8.27,11406940,95019810.19999997,derived_ohlc4
HOSE_HSG,HSG,2020-10-06 09:00:00,540,2,8.35,8.46,8.19,8.43,9015710,75348796.325,derived_ohlc4
HOSE_HSG,HSG,2020-10-07 09:00:00,541,2,8.38,8.78,8.3,8.46,17773570,150719873.6,derived_ohlc4
HOSE_HSG,HSG,2020-10-08 09:00:00,542,2,8.57,8.62,8.38,8.43,12025260,102214710.0,derived_ohlc4
HOSE_HSG,HSG,2020-10-09 09:00:00,543,2,8.48,8.51,8.38,8.4,5523920,46635694.6,derived_ohlc4
HOSE_HSG,HSG,2020-10-12 09:00:00,544,2,8.48,8.62,8.35,8.46,15016420,127301700.55000001,derived_ohlc4
HOSE_HSG,HSG,2020-10-13 09:00:00,545,2,8.4,8.54,8.16,8.22,13967970,116353190.1,derived_ohlc4
HOSE_HSG,HSG,2020-10-14 09:00:00,546,2,8.24,8.27,8.03,8.08,11996590,97832191.44999999,derived_ohlc4
HOSE_HSG,HSG,2020-10-15 09:00:00,547,2,8.19,8.27,8.06,8.08,8383990,68329518.5,derived_ohlc4
HOSE_HSG,HSG,2020-10-16 09:00:00,548,2,8.08,8.22,8.0,8.06,10840330,87698269.7,derived_ohlc4
HOSE_HSG,HSG,2020-10-19 09:00:00,549,2,8.08,8.11,7.76,7.84,12948750,102910190.62499999,derived_ohlc4
HOSE_HSG,HSG,2020-10-20 09:00:00,550,2,7.84,8.35,7.82,8.35,12964110,104879649.89999999,derived_ohlc4
HOSE_HSG,HSG,2020-10-21 09:00:00,551,2,8.46,8.46,8.08,8.14,9246450,76606838.25,derived_ohlc4
HOSE_HSG,HSG,2020-10-22 09:00:00,552,2,8.16,8.3,8.11,8.27,8271810,67911560.10000001,derived_ohlc4
HOSE_HSG,HSG,2020-10-23 09:00:00,553,2,8.3,8.4,8.24,8.24,10970380,90999302.10000002,derived_ohlc4
HOSE_HSG,HSG,2020-10-26 09:00:00,554,2,8.24,8.46,8.16,8.16,10384870,85727101.85000001,derived_ohlc4
HOSE_HSG,HSG,2020-10-27 09:00:00,555,2,8.16,8.24,8.11,8.22,7931000,64895407.49999999,derived_ohlc4
HOSE_HSG,HSG,2020-10-28 09:00:00,556,2,8.16,8.19,7.98,8.0,11073480,89501402.1,derived_ohlc4
HOSE_HSG,HSG,2020-10-29 09:00:00,557,2,7.9,8.06,7.82,7.92,8660480,68634304.0,derived_ohlc4
HOSE_HSG,HSG,2020-10-30 09:00:00,558,2,8.03,8.14,7.92,8.03,8952690,71890100.7,derived_ohlc4
HOSE_HSG,HSG,2020-11-02 09:00:00,559,2,8.08,8.54,8.03,8.54,15608300,129509869.24999999,derived_ohlc4
HOSE_HSG,HSG,2020-11-03 09:00:00,560,2,8.62,8.94,8.59,8.83,20514780,179401751.1,derived_ohlc4
HOSE_HSG,HSG,2020-11-04 09:00:00,561,2,8.89,8.97,8.78,8.81,10461110,92711587.375,derived_ohlc4
HOSE_HSG,HSG,2020-11-05 09:00:00,562,2,8.81,8.91,8.67,8.67,10071210,88274155.65,derived_ohlc4
HOSE_HSG,HSG,2020-11-06 09:00:00,563,2,8.7,9.07,8.65,9.02,15209530,134756435.79999998,derived_ohlc4
HOSE_HSG,HSG,2020-11-09 09:00:00,564,2,9.15,9.48,9.07,9.45,15114550,140376383.12500003,derived_ohlc4
HOSE_HSG,HSG,2020-11-10 09:00:00,565,2,9.64,9.64,9.18,9.21,13940600,131285600.5,derived_ohlc4
HOSE_HSG,HSG,2020-11-11 09:00:00,566,2,9.32,9.58,9.21,9.53,16192240,152368978.4,derived_ohlc4
HOSE_HSG,HSG,2020-11-12 09:00:00,567,2,9.58,9.61,9.4,9.53,6687640,63733209.199999996,derived_ohlc4
HOSE_HSG,HSG,2020-11-13 09:00:00,568,2,9.48,9.85,9.45,9.66,9655010,92784646.1,derived_ohlc4
HOSE_HSG,HSG,2020-11-16 09:00:00,569,2,9.66,9.8,9.56,9.72,15085220,146100355.70000002,derived_ohlc4
HOSE_HSG,HSG,2020-11-17 09:00:00,570,2,9.82,10.25,9.74,10.22,11754310,117631257.325,derived_ohlc4
HOSE_HSG,HSG,2020-11-18 09:00:00,571,2,10.22,10.41,10.04,10.2,13267560,135561294.3,derived_ohlc4
HOSE_HSG,HSG,2020-11-19 09:00:00,572,2,10.06,10.2,9.93,10.06,14992660,150863641.25,derived_ohlc4
HOSE_HSG,HSG,2020-11-20 09:00:00,573,2,10.09,10.12,9.8,9.85,15908080,158524017.2,derived_ohlc4
HOSE_HSG,HSG,2020-11-23 09:00:00,574,2,9.48,9.64,9.37,9.48,19176000,182028180.0,derived_ohlc4
HOSE_HSG,HSG,2020-11-24 09:00:00,575,2,9.61,10.01,9.61,10.01,13418850,131638918.49999999,derived_ohlc4
HOSE_HSG,HSG,2020-11-25 09:00:00,576,2,10.01,10.12,9.69,9.69,8425700,83224851.75,derived_ohlc4
HOSE_HSG,HSG,2020-11-26 09:00:00,577,2,9.61,9.9,9.56,9.9,7787550,75870205.875,derived_ohlc4
HOSE_HSG,HSG,2020-11-27 09:00:00,578,2,10.01,10.09,9.82,9.93,7381470,73537894.875,derived_ohlc4
HOSE_HSG,HSG,2020-11-30 09:00:00,579,2,10.06,10.06,9.61,9.64,8810120,86713606.10000001,derived_ohlc4
HOSE_HSG,HSG,2020-12-01 09:00:00,580,2,9.48,9.93,9.48,9.82,10807860,104593065.15,derived_ohlc4
HOSE_HSG,HSG,2020-12-02 09:00:00,581,2,9.74,9.77,9.56,9.61,13173400,127386778.0,derived_ohlc4
HOSE_HSG,HSG,2020-12-03 09:00:00,582,2,9.64,9.96,9.61,9.93,11095940,108573772.9,derived_ohlc4
HOSE_HSG,HSG,2020-12-04 09:00:00,583,2,10.06,10.09,9.77,9.85,18808080,186999335.39999998,derived_ohlc4
HOSE_HSG,HSG,2020-12-07 09:00:00,584,2,9.96,10.52,9.9,10.52,19592300,200331267.50000003,derived_ohlc4
HOSE_HSG,HSG,2020-12-08 09:00:00,585,2,10.71,10.89,10.6,10.76,14349270,154111159.8,derived_ohlc4
HOSE_HSG,HSG,2020-12-09 09:00:00,586,2,10.79,10.89,10.63,10.79,10696320,115252848.0,derived_ohlc4
HOSE_HSG,HSG,2020-12-10 09:00:00,587,2,10.81,10.92,10.57,10.65,15331110,164617793.62499997,derived_ohlc4
HOSE_HSG,HSG,2020-12-11 09:00:00,588,2,10.79,11.16,10.65,11.08,10143840,110770732.8,derived_ohlc4
HOSE_HSG,HSG,2020-12-14 09:00:00,589,2,11.22,11.46,11.14,11.35,10562870,119281209.47500001,derived_ohlc4
HOSE_HSG,HSG,2020-12-15 09:00:00,590,2,11.24,11.35,11.08,11.19,13161310,147604091.65,derived_ohlc4
HOSE_HSG,HSG,2020-12-16 09:00:00,591,2,11.19,11.3,11.16,11.22,8840400,99167187.00000001,derived_ohlc4
HOSE_HSG,HSG,2020-12-17 09:00:00,592,2,11.22,11.59,11.08,11.32,10104740,114208823.85000001,derived_ohlc4
HOSE_HSG,HSG,2020-12-18 09:00:00,593,2,11.35,11.72,11.32,11.64,7669080,88251938.10000001,derived_ohlc4
HOSE_HSG,HSG,2020-12-21 09:00:00,594,2,11.88,11.88,11.38,11.59,11882750,138820226.875,derived_ohlc4
HOSE_HSG,HSG,2020-12-22 09:00:00,595,2,11.59,11.86,11.46,11.78,6814350,79540500.375,derived_ohlc4
HOSE_HSG,HSG,2020-12-23 09:00:00,596,2,11.96,12.31,11.8,11.94,7317540,87828773.85000001,derived_ohlc4
HOSE_HSG,HSG,2020-12-24 09:00:00,597,2,12.1,12.1,11.19,11.8,13589810,160325783.475,derived_ohlc4
HOSE_HSG,HSG,2020-12-25 09:00:00,598,2,11.88,11.94,11.59,11.91,6590300,77963248.99999999,derived_ohlc4
HOSE_HSG,HSG,2020-12-28 09:00:00,599,2,11.96,12.18,11.72,11.88,8374270,99946912.45,derived_ohlc4
HOSE_HSG,HSG,2020-12-29 09:00:00,600,2,11.78,11.94,11.72,11.75,6520820,76929373.95,derived_ohlc4
HOSE_HSG,HSG,2020-12-30 09:00:00,601,2,11.75,11.75,11.62,11.64,5035220,58861721.8,derived_ohlc4
HOSE_HSG,HSG,2020-12-31 09:00:00,602,2,11.59,11.86,11.59,11.86,6328880,74206118.0,derived_ohlc4
HOSE_HSG,HSG,2021-01-04 09:00:00,603,2,12.26,12.69,12.15,12.69,10424300,129756474.25,derived_ohlc4
HOSE_HSG,HSG,2021-01-05 09:00:00,604,2,12.77,13.17,12.69,12.74,7315100,93944171.75,derived_ohlc4
HOSE_HSG,HSG,2021-01-06 09:00:00,605,2,12.98,12.98,12.66,12.69,7086900,90907209.75,derived_ohlc4
HOSE_HSG,HSG,2021-01-07 09:00:00,606,2,12.69,13.06,12.61,12.9,7869000,100841235.0,derived_ohlc4
HOSE_HSG,HSG,2021-01-08 09:00:00,607,2,12.85,13.2,12.69,12.9,7975300,102961122.99999999,derived_ohlc4
HOSE_HSG,HSG,2021-01-11 09:00:00,608,2,12.98,13.09,12.77,12.9,4979700,64412419.5,derived_ohlc4
HOSE_HSG,HSG,2021-01-12 09:00:00,609,2,12.9,13.54,12.9,13.44,9559800,126141560.99999999,derived_ohlc4
HOSE_HSG,HSG,2021-01-13 09:00:00,610,2,13.65,13.65,13.3,13.52,5919200,80086776.0,derived_ohlc4
HOSE_HSG,HSG,2021-01-14 09:00:00,611,2,13.52,13.54,13.3,13.41,6305300,84758995.25,derived_ohlc4
HOSE_HSG,HSG,2021-01-15 09:00:00,612,2,13.44,13.65,13.44,13.54,6858500,92709773.75,derived_ohlc4
HOSE_HSG,HSG,2021-01-18 09:00:00,613,2,13.65,14.05,13.65,13.65,7040600,96808250.0,derived_ohlc4
HOSE_HSG,HSG,2021-01-19 09:00:00,614,2,13.65,13.95,12.72,13.06,11071100,147743829.5,derived_ohlc4
HOSE_HSG,HSG,2021-01-20 09:00:00,615,2,13.2,13.3,12.21,13.17,7442700,96531819.0,derived_ohlc4
HOSE_HSG,HSG,2021-01-21 09:00:00,616,2,13.6,14.05,13.3,14.05,12600100,173251375.0,derived_ohlc4
HOSE_HSG,HSG,2021-01-22 09:00:00,617,2,14.05,14.56,13.92,14.19,10045700,142448026.0,derived_ohlc4
HOSE_HSG,HSG,2021-01-25 09:00:00,618,2,14.19,14.59,14.03,14.37,8349200,119351814.0,derived_ohlc4
HOSE_HSG,HSG,2021-01-26 09:00:00,619,2,14.35,14.35,13.38,13.46,10649900,147873861.5,derived_ohlc4
HOSE_HSG,HSG,2021-01-27 09:00:00,620,2,13.49,13.78,12.55,12.55,11595000,151807537.5,derived_ohlc4
HOSE_HSG,HSG,2021-01-28 09:00:00,621,2,11.7,12.05,11.7,11.7,13006400,153312940.00000003,derived_ohlc4
HOSE_HSG,HSG,2021-01-29 09:00:00,622,2,10.95,12.5,10.95,12.5,16907400,198239265.0,derived_ohlc4
HOSE_HSG,HSG,2021-02-01 09:00:00,623,2,12.58,13.17,11.78,11.78,13021000,160516377.5,derived_ohlc4
HOSE_HSG,HSG,2021-02-02 09:00:00,624,2,11.88,12.23,11.51,12.23,9130400,109222409.99999999,derived_ohlc4
HOSE_HSG,HSG,2021-02-03 09:00:00,625,2,12.47,12.96,12.21,12.8,11050600,139348066.0,derived_ohlc4
HOSE_HSG,HSG,2021-02-04 09:00:00,626,2,12.8,13.09,12.58,12.8,7357800,94308601.5,derived_ohlc4
HOSE_HSG,HSG,2021-02-05 09:00:00,627,2,12.85,13.04,12.72,12.85,6094900,78410888.5,derived_ohlc4
HOSE_HSG,HSG,2021-02-08 09:00:00,628,2,12.9,13.46,12.05,12.58,12551300,159997696.74999997,derived_ohlc4
HOSE_HSG,HSG,2021-02-09 09:00:00,629,2,12.63,12.93,12.42,12.85,6424700,81641875.25000001,derived_ohlc4
HOSE_HSG,HSG,2021-02-17 09:00:00,630,2,13.2,13.65,13.14,13.62,9703700,130053839.25,derived_ohlc4
HOSE_HSG,HSG,2021-02-18 09:00:00,631,2,13.44,13.65,13.3,13.33,11133900,149528277.0,derived_ohlc4
HOSE_HSG,HSG,2021-02-19 09:00:00,632,2,13.2,13.65,13.2,13.46,8072100,107984517.75,derived_ohlc4
HOSE_HSG,HSG,2021-02-22 09:00:00,633,2,13.57,14.03,13.52,13.78,13995000,192081375.00000003,derived_ohlc4
HOSE_HSG,HSG,2021-02-23 09:00:00,634,2,13.92,14.0,13.65,13.76,8305100,114880295.75,derived_ohlc4
HOSE_HSG,HSG,2021-02-24 09:00:00,635,2,13.95,14.05,13.62,13.68,9413300,130138872.5,derived_ohlc4
HOSE_HSG,HSG,2021-02-25 09:00:00,636,2,13.84,13.89,13.65,13.81,7982700,110141303.25000001,derived_ohlc4
HOSE_HSG,HSG,2021-02-26 09:00:00,637,2,13.6,14.27,13.6,14.19,17457000,242914155.0,derived_ohlc4
HOSE_HSG,HSG,2021-03-01 09:00:00,638,2,14.56,15.07,14.4,14.99,12730300,187835576.5,derived_ohlc4
HOSE_HSG,HSG,2021-03-02 09:00:00,639,2,15.2,15.23,14.88,14.94,11271500,169776968.75,derived_ohlc4
HOSE_HSG,HSG,2021-03-03 09:00:00,640,2,14.91,15.26,14.83,15.04,11013800,165317138.0,derived_ohlc4
HOSE_HSG,HSG,2021-03-04 09:00:00,641,2,15.1,15.47,14.72,14.83,11275700,169473771.0,derived_ohlc4
HOSE_HSG,HSG,2021-03-05 09:00:00,642,2,14.8,15.1,14.62,14.96,9005800,133916246.0,derived_ohlc4
HOSE_HSG,HSG,2021-03-08 09:00:00,643,2,15.2,15.69,14.96,15.44,11010700,168711450.75,derived_ohlc4
HOSE_HSG,HSG,2021-03-09 09:00:00,644,2,15.26,15.5,15.15,15.15,9056800,138252052.0,derived_ohlc4
HOSE_HSG,HSG,2021-03-10 09:00:00,645,2,15.12,15.2,14.78,15.04,7663700,115223729.5,derived_ohlc4
HOSE_HSG,HSG,2021-03-11 09:00:00,646,2,15.18,15.31,15.02,15.23,7369400,111904339.00000001,derived_ohlc4
HOSE_HSG,HSG,2021-03-12 09:00:00,647,2,15.28,15.36,15.1,15.1,6768000,102941280.0,derived_ohlc4
HOSE_HSG,HSG,2021-03-15 09:00:00,648,2,15.2,15.28,15.07,15.07,5965600,90408668.0,derived_ohlc4
HOSE_HSG,HSG,2021-03-16 09:00:00,649,2,15.15,15.26,14.99,15.15,6865200,103921965.0,derived_ohlc4
HOSE_HSG,HSG,2021-03-17 09:00:00,650,2,15.26,15.36,15.15,15.2,5975900,91087655.75,derived_ohlc4
HOSE_HSG,HSG,2021-03-18 09:00:00,651,2,15.36,15.47,15.26,15.36,4997600,76775630.0,derived_ohlc4
HOSE_HSG,HSG,2021-03-19 09:00:00,652,2,15.36,15.79,15.31,15.58,7916300,122781813.0,derived_ohlc4
HOSE_HSG,HSG,2021-03-22 09:00:00,653,2,15.63,15.71,15.39,15.39,5322600,82659978.0,derived_ohlc4
HOSE_HSG,HSG,2021-03-23 09:00:00,654,2,15.36,15.58,15.12,15.31,6354800,97498519.0,derived_ohlc4
HOSE_HSG,HSG,2021-03-24 09:00:00,655,2,15.1,15.28,14.51,14.51,9826400,145922040.0,derived_ohlc4
HOSE_HSG,HSG,2021-03-25 09:00:00,656,2,14.7,14.86,14.46,14.62,8579100,125769605.99999999,derived_ohlc4
HOSE_HSG,HSG,2021-03-26 09:00:00,657,2,14.56,14.8,13.97,14.64,9124300,132233917.75,derived_ohlc4
HOSE_HSG,HSG,2021-03-29 09:00:00,658,2,14.78,14.83,14.62,14.8,5293800,78123253.5,derived_ohlc4
HOSE_HSG,HSG,2021-03-30 09:00:00,659,2,14.94,14.94,14.7,14.91,5298600,78803428.5,derived_ohlc4
HOSE_HSG,HSG,2021-03-31 09:00:00,660,2,14.94,15.34,14.88,15.2,6936000,104664240.0,derived_ohlc4
HOSE_HSG,HSG,2021-04-01 09:00:00,661,2,15.5,15.61,15.36,15.52,8890600,137782073.5,derived_ohlc4
HOSE_HSG,HSG,2021-04-02 09:00:00,662,2,15.69,15.74,15.39,15.47,8721100,135809329.75,derived_ohlc4
HOSE_HSG,HSG,2021-04-05 09:00:00,663,2,15.58,15.63,15.31,15.44,7415000,114858350.0,derived_ohlc4
HOSE_HSG,HSG,2021-04-06 09:00:00,664,2,15.36,15.52,15.26,15.26,5674200,87098970.0,derived_ohlc4
HOSE_HSG,HSG,2021-04-07 09:00:00,665,2,15.26,15.79,15.18,15.66,7197700,111366413.25,derived_ohlc4
HOSE_HSG,HSG,2021-04-08 09:00:00,666,2,15.77,15.93,15.66,15.82,8576900,135472135.5,derived_ohlc4
HOSE_HSG,HSG,2021-04-09 09:00:00,667,2,15.82,16.22,15.79,16.14,8196600,131084125.5,derived_ohlc4
HOSE_HSG,HSG,2021-04-12 09:00:00,668,2,16.22,16.3,16.14,16.22,8738600,141740092.0,derived_ohlc4
HOSE_HSG,HSG,2021-04-13 09:00:00,669,2,16.2,16.27,15.69,15.69,10493400,167500897.49999997,derived_ohlc4
HOSE_HSG,HSG,2021-04-14 09:00:00,670,2,15.52,16.17,15.31,16.03,9188900,144794091.75,derived_ohlc4
HOSE_HSG,HSG,2021-04-15 09:00:00,671,2,16.17,17.05,15.9,16.89,16751200,276436677.99999994,derived_ohlc4
HOSE_HSG,HSG,2021-04-16 09:00:00,672,2,16.92,17.1,16.33,16.84,11575000,194431062.5,derived_ohlc4
HOSE_HSG,HSG,2021-04-19 09:00:00,673,2,17.08,17.51,16.78,17.43,12307400,211687280.00000003,derived_ohlc4
HOSE_HSG,HSG,2021-04-20 09:00:00,674,2,17.43,17.48,16.76,16.89,14111400,241869396.0,derived_ohlc4
HOSE_HSG,HSG,2021-04-22 09:00:00,675,2,16.84,17.08,15.71,15.71,10870100,177563083.5,derived_ohlc4
HOSE_HSG,HSG,2021-04-23 09:00:00,676,2,15.85,16.17,15.58,16.14,9298700,148174784.5,derived_ohlc4
HOSE_HSG,HSG,2021-04-26 09:00:00,677,2,16.17,16.62,16.11,16.17,10347800,168332836.50000003,derived_ohlc4
HOSE_HSG,HSG,2021-04-27 09:00:00,678,2,16.17,17.08,16.17,16.81,10922300,180845982.25,derived_ohlc4
HOSE_HSG,HSG,2021-04-28 09:00:00,679,2,16.81,17.1,16.52,16.76,9730700,163451433.25,derived_ohlc4
HOSE_HSG,HSG,2021-04-29 09:00:00,680,2,16.92,17.32,16.76,17.0,12867200,218742400.0,derived_ohlc4
HOSE_HSG,HSG,2021-05-04 09:00:00,681,2,16.7,18.04,16.6,17.99,18807500,325980993.75,derived_ohlc4
HOSE_HSG,HSG,2021-05-05 09:00:00,682,2,18.12,18.47,17.93,17.93,11884200,215252572.5,derived_ohlc4
HOSE_HSG,HSG,2021-05-06 09:00:00,683,2,17.77,18.95,17.75,18.68,18711800,342192042.5,derived_ohlc4
HOSE_HSG,HSG,2021-05-07 09:00:00,684,2,18.5,19.89,18.5,19.65,20875600,399454605.99999994,derived_ohlc4
HOSE_HSG,HSG,2021-05-10 09:00:00,685,2,19.73,20.99,19.65,20.99,14110100,286999434.0,derived_ohlc4
HOSE_HSG,HSG,2021-05-11 09:00:00,686,2,20.99,21.2,20.02,20.21,25817000,531959284.99999994,derived_ohlc4
HOSE_HSG,HSG,2021-05-12 09:00:00,687,2,20.02,20.42,19.84,20.4,14953100,301604027.0,derived_ohlc4
HOSE_HSG,HSG,2021-05-13 09:00:00,688,2,20.5,20.88,20.02,20.02,13381000,272370254.99999994,derived_ohlc4
HOSE_HSG,HSG,2021-05-14 09:00:00,689,2,20.08,20.34,19.57,19.7,17358100,345816747.25,derived_ohlc4
HOSE_HSG,HSG,2021-05-17 09:00:00,690,2,19.59,20.26,19.17,20.08,16108500,318545587.5,derived_ohlc4
HOSE_HSG,HSG,2021-05-18 09:00:00,691,2,20.45,20.99,20.34,20.58,15278900,314592551.0,derived_ohlc4
HOSE_HSG,HSG,2021-05-19 09:00:00,692,2,20.8,21.09,20.61,20.72,13309300,276899986.5,derived_ohlc4
HOSE_HSG,HSG,2021-05-20 09:00:00,693,2,20.45,20.72,20.37,20.37,13079300,267831365.75000003,derived_ohlc4
HOSE_HSG,HSG,2021-05-21 09:00:00,694,2,20.08,20.53,20.05,20.29,10742900,217409438.74999997,derived_ohlc4
HOSE_HSG,HSG,2021-05-24 09:00:00,695,2,20.5,20.82,20.34,20.34,10365600,212494800.0,derived_ohlc4
HOSE_HSG,HSG,2021-05-25 09:00:00,696,2,20.34,21.6,20.24,21.52,19795600,414222929.99999994,derived_ohlc4
HOSE_HSG,HSG,2021-05-26 09:00:00,697,2,21.63,21.84,21.28,21.41,11826600,254744964.0,derived_ohlc4
HOSE_HSG,HSG,2021-05-27 09:00:00,698,2,21.36,22.16,21.33,21.58,11294300,244041587.24999997,derived_ohlc4
HOSE_HSG,HSG,2021-05-28 09:00:00,699,2,21.92,22.22,21.58,22.08,12535300,275149835.0,derived_ohlc4
HOSE_HSG,HSG,2021-05-31 09:00:00,700,2,22.91,23.5,22.43,23.5,12384900,285905416.5,derived_ohlc4
HOSE_HSG,HSG,2021-06-01 09:00:00,701,2,23.77,24.25,23.29,23.29,11148500,263662024.99999997,derived_ohlc4
HOSE_HSG,HSG,2021-06-02 09:00:00,702,2,22.97,23.5,22.81,23.18,11872100,274423591.5,derived_ohlc4
HOSE_HSG,HSG,2021-06-03 09:00:00,703,2,23.29,24.09,23.02,23.82,10747300,253152651.5,derived_ohlc4
HOSE_HSG,HSG,2021-06-04 09:00:00,704,2,23.85,24.81,23.82,24.68,12399700,301188713.0,derived_ohlc4
HOSE_HSG,HSG,2021-06-07 09:00:00,705,2,24.89,25.16,23.82,24.3,11446500,280925726.25,derived_ohlc4
HOSE_HSG,HSG,2021-06-08 09:00:00,706,2,24.3,24.57,22.62,22.62,14640800,344461422.00000006,derived_ohlc4
HOSE_HSG,HSG,2021-06-09 09:00:00,707,2,22.65,23.45,22.06,23.13,13197100,301190814.75,derived_ohlc4
HOSE_HSG,HSG,2021-06-10 09:00:00,708,2,22.94,23.72,22.91,23.29,9988400,231880705.99999997,derived_ohlc4
HOSE_HSG,HSG,2021-06-11 09:00:00,709,2,23.29,23.82,23.1,23.58,9558400,224120584.00000003,derived_ohlc4
HOSE_HSG,HSG,2021-06-14 09:00:00,710,2,24.09,24.2,23.82,24.04,10268200,246821857.5,derived_ohlc4
HOSE_HSG,HSG,2021-06-15 09:00:00,711,2,24.66,24.95,24.3,24.63,10728800,264303987.99999997,derived_ohlc4
HOSE_HSG,HSG,2021-06-16 09:00:00,712,2,24.6,24.6,23.54,23.83,10613800,256243666.50000003,derived_ohlc4
HOSE_HSG,HSG,2021-06-17 09:00:00,713,2,23.3,24.71,23.3,24.6,11076100,265577187.75,derived_ohlc4
HOSE_HSG,HSG,2021-06-18 09:00:00,714,2,24.71,25.33,24.42,25.3,19302300,481399362.0,derived_ohlc4
HOSE_HSG,HSG,2021-06-21 09:00:00,715,2,25.24,25.54,24.71,24.83,12548600,314718888.0,derived_ohlc4
HOSE_HSG,HSG,2021-06-22 09:00:00,716,2,24.89,25.01,24.54,24.6,8637600,213866975.99999997,derived_ohlc4
HOSE_HSG,HSG,2021-06-23 09:00:00,717,2,24.6,24.6,24.1,24.21,6145100,149802175.25000003,derived_ohlc4
HOSE_HSG,HSG,2021-06-24 09:00:00,718,2,24.21,24.42,23.71,23.83,7627200,183376956.0,derived_ohlc4
HOSE_HSG,HSG,2021-06-25 09:00:00,719,2,23.92,24.39,23.48,24.3,7142400,171578304.0,derived_ohlc4
HOSE_HSG,HSG,2021-06-28 09:00:00,720,2,25.01,25.51,24.86,25.16,16985900,426940596.49999994,derived_ohlc4
HOSE_HSG,HSG,2021-06-29 09:00:00,721,2,25.27,25.27,24.51,24.71,9921700,247447197.99999997,derived_ohlc4
HOSE_HSG,HSG,2021-06-30 09:00:00,722,2,24.71,25.04,24.54,24.66,8713300,215545258.74999997,derived_ohlc4
HOSE_HSG,HSG,2021-07-01 09:00:00,723,2,24.74,25.18,24.63,25.07,13121200,326783486.0,derived_ohlc4
HOSE_HSG,HSG,2021-07-02 09:00:00,724,2,25.3,25.3,24.89,24.95,10934200,274557762.00000006,derived_ohlc4
HOSE_HSG,HSG,2021-07-05 09:00:00,725,2,25.01,25.01,24.13,24.48,9882600,243680209.50000003,derived_ohlc4
HOSE_HSG,HSG,2021-07-06 09:00:00,726,2,24.54,24.98,22.77,22.77,11439900,271869223.49999994,derived_ohlc4
HOSE_HSG,HSG,2021-07-07 09:00:00,727,2,22.95,23.33,22.33,22.89,13052600,298578225.0,derived_ohlc4
HOSE_HSG,HSG,2021-07-08 09:00:00,728,2,22.98,23.07,21.71,21.83,15807800,354055200.49999994,derived_ohlc4
HOSE_HSG,HSG,2021-07-09 09:00:00,729,2,21.6,22.12,20.36,20.86,15649800,332323503.0,derived_ohlc4
HOSE_HSG,HSG,2021-07-12 09:00:00,730,2,20.42,20.51,19.42,19.42,19523400,389345404.50000006,derived_ohlc4
HOSE_HSG,HSG,2021-07-13 09:00:00,731,2,19.77,20.07,19.42,19.98,10696700,211901627.00000003,derived_ohlc4
HOSE_HSG,HSG,2021-07-14 09:00:00,732,2,20.33,20.62,19.65,20.24,10586600,213955186.0,derived_ohlc4
HOSE_HSG,HSG,2021-07-15 09:00:00,733,2,20.07,21.18,20.04,21.18,9829100,202651469.25,derived_ohlc4
HOSE_HSG,HSG,2021-07-16 09:00:00,734,2,21.18,21.42,20.71,20.89,9641700,202957785.0,derived_ohlc4
HOSE_HSG,HSG,2021-07-19 09:00:00,735,2,20.01,20.36,19.48,19.48,11888900,235786609.25000003,derived_ohlc4
HOSE_HSG,HSG,2021-07-20 09:00:00,736,2,19.71,20.83,19.12,20.83,15907200,320092632.0,derived_ohlc4
HOSE_HSG,HSG,2021-07-21 09:00:00,737,2,21.6,21.6,20.89,21.07,15211500,323852835.0,derived_ohlc4
HOSE_HSG,HSG,2021-07-22 09:00:00,738,2,20.98,21.57,20.89,21.36,13064600,276969520.0,derived_ohlc4
HOSE_HSG,HSG,2021-07-23 09:00:00,739,2,21.15,21.33,20.54,20.57,13506700,282256263.25,derived_ohlc4
HOSE_HSG,HSG,2021-07-26 09:00:00,740,2,20.36,20.6,19.65,20.24,12135300,245284751.24999997,derived_ohlc4
HOSE_HSG,HSG,2021-07-27 09:00:00,741,2,20.77,21.24,20.54,21.01,13959400,291611866.0,derived_ohlc4
HOSE_HSG,HSG,2021-07-28 09:00:00,742,2,20.83,21.36,20.83,21.12,12574500,264504607.5,derived_ohlc4
HOSE_HSG,HSG,2021-07-29 09:00:00,743,2,21.15,21.86,21.12,21.71,11029700,236697362.0,derived_ohlc4
HOSE_HSG,HSG,2021-07-30 09:00:00,744,2,21.71,22.12,21.65,21.95,9623000,210334722.49999997,derived_ohlc4
HOSE_HSG,HSG,2021-08-02 09:00:00,745,2,21.71,22.45,21.65,22.01,16511900,362518764.50000006,derived_ohlc4
HOSE_HSG,HSG,2021-08-03 09:00:00,746,2,22.07,22.24,21.42,21.77,17635400,385774375.0,derived_ohlc4
HOSE_HSG,HSG,2021-08-04 09:00:00,747,2,21.83,22.18,21.74,22.07,10209200,224142985.99999997,derived_ohlc4
HOSE_HSG,HSG,2021-08-05 09:00:00,748,2,21.98,22.71,21.83,22.71,10530100,234900205.74999997,derived_ohlc4
HOSE_HSG,HSG,2021-08-06 09:00:00,749,2,22.71,22.71,22.36,22.36,9823200,221365812.0,derived_ohlc4
HOSE_HSG,HSG,2021-08-09 09:00:00,750,2,22.12,22.92,22.04,22.83,10857300,244044960.75000003,derived_ohlc4
HOSE_HSG,HSG,2021-08-10 09:00:00,751,2,23.07,23.3,22.66,22.8,9053400,207843430.5,derived_ohlc4
HOSE_HSG,HSG,2021-08-11 09:00:00,752,2,22.95,23.01,22.48,22.51,8951600,203537005.0,derived_ohlc4
HOSE_HSG,HSG,2021-08-12 09:00:00,753,2,22.36,22.66,22.07,22.1,10268800,228968568.0,derived_ohlc4
HOSE_HSG,HSG,2021-08-13 09:00:00,754,2,22.07,22.18,21.39,22.07,13183500,289081196.25,derived_ohlc4
HOSE_HSG,HSG,2021-08-16 09:00:00,755,2,22.36,22.57,22.1,22.42,8405000,187956812.5,derived_ohlc4
HOSE_HSG,HSG,2021-08-17 09:00:00,756,2,22.57,23.48,22.57,23.42,21902100,503967321.00000006,derived_ohlc4
HOSE_HSG,HSG,2021-08-18 09:00:00,757,2,23.39,23.92,23.3,23.48,11778500,277059766.25,derived_ohlc4
HOSE_HSG,HSG,2021-08-19 09:00:00,758,2,23.57,23.89,23.51,23.8,8090200,191677063.5,derived_ohlc4
HOSE_HSG,HSG,2021-08-20 09:00:00,759,2,23.66,23.74,22.18,22.8,22526300,520244898.5,derived_ohlc4
HOSE_HSG,HSG,2021-08-23 09:00:00,760,2,22.42,22.71,22.07,22.07,10869900,242588993.25000003,derived_ohlc4
HOSE_HSG,HSG,2021-08-24 09:00:00,761,2,22.07,22.39,21.77,22.12,6769700,149525748.75,derived_ohlc4
HOSE_HSG,HSG,2021-08-25 09:00:00,762,2,22.18,22.92,22.04,22.77,10055600,226024749.0,derived_ohlc4
HOSE_HSG,HSG,2021-08-26 09:00:00,763,2,22.92,22.95,22.3,22.42,8714700,197366168.25,derived_ohlc4
HOSE_HSG,HSG,2021-08-27 09:00:00,764,2,22.18,22.62,21.95,22.51,7471300,166722059.5,derived_ohlc4
HOSE_HSG,HSG,2021-08-30 09:00:00,765,2,22.66,23.42,22.6,23.36,10789600,248268696.00000003,derived_ohlc4
HOSE_HSG,HSG,2021-08-31 09:00:00,766,2,23.71,23.83,23.01,23.48,10943200,257247274.0,derived_ohlc4
HOSE_HSG,HSG,2021-09-01 09:00:00,767,2,23.04,23.77,23.04,23.57,10444300,243926626.49999997,derived_ohlc4
HOSE_HSG,HSG,2021-09-06 09:00:00,768,2,23.83,25.21,23.8,25.21,22291200,546413040.0000001,derived_ohlc4
HOSE_HSG,HSG,2021-09-07 09:00:00,769,2,25.6,25.72,24.77,24.77,17211400,433985451.0,derived_ohlc4
HOSE_HSG,HSG,2021-09-08 09:00:00,770,2,24.77,25.77,24.57,25.57,17925300,451179801.00000006,derived_ohlc4
HOSE_HSG,HSG,2021-09-09 09:00:00,771,2,25.83,26.63,25.63,26.42,18278100,477561057.74999994,derived_ohlc4
HOSE_HSG,HSG,2021-09-10 09:00:00,772,2,26.48,26.74,26.01,26.42,12190700,321986863.75,derived_ohlc4
HOSE_HSG,HSG,2021-09-13 09:00:00,773,2,26.48,26.6,25.68,25.77,13719500,358524833.74999994,derived_ohlc4
HOSE_HSG,HSG,2021-09-14 09:00:00,774,2,25.68,26.16,25.68,25.74,10042200,259239393.0,derived_ohlc4
HOSE_HSG,HSG,2021-09-15 09:00:00,775,2,25.66,27.54,25.51,27.51,20484800,543973864.0000001,derived_ohlc4
HOSE_HSG,HSG,2021-09-16 09:00:00,776,2,27.72,28.19,27.16,27.66,12883200,356639183.99999994,derived_ohlc4
HOSE_HSG,HSG,2021-09-17 09:00:00,777,2,27.66,28.42,27.45,27.66,15784200,438761299.5,derived_ohlc4
HOSE_HSG,HSG,2021-09-20 09:00:00,778,2,27.95,28.01,26.48,26.48,21363000,581714490.0,derived_ohlc4
HOSE_HSG,HSG,2021-09-21 09:00:00,779,2,25.89,27.54,25.89,27.48,17539300,468299310.0,derived_ohlc4
HOSE_HSG,HSG,2021-09-22 09:00:00,780,2,27.54,27.72,27.13,27.42,6844100,187887655.25,derived_ohlc4
HOSE_HSG,HSG,2021-09-23 09:00:00,781,2,27.54,27.98,27.07,27.36,9668200,265754647.5,derived_ohlc4
HOSE_HSG,HSG,2021-09-24 09:00:00,782,2,27.24,27.54,26.48,26.72,12252700,330761636.5,derived_ohlc4
HOSE_HSG,HSG,2021-09-27 09:00:00,783,2,27.01,27.24,25.89,25.89,12960700,343555755.25,derived_ohlc4
HOSE_HSG,HSG,2021-09-28 09:00:00,784,2,25.89,27.19,25.63,27.07,10352500,273771862.5,derived_ohlc4
HOSE_HSG,HSG,2021-09-29 09:00:00,785,2,26.77,27.36,26.77,27.01,7482900,201869934.75,derived_ohlc4
HOSE_HSG,HSG,2021-09-30 09:00:00,786,2,27.1,27.77,27.1,27.36,9667300,264231477.25,derived_ohlc4
HOSE_HSG,HSG,2021-10-01 09:00:00,787,2,27.13,27.83,27.1,27.51,9449700,258850907.25000003,derived_ohlc4
HOSE_HSG,HSG,2021-10-04 09:00:00,788,2,27.89,28.74,27.74,28.63,14606000,412619499.99999994,derived_ohlc4
HOSE_HSG,HSG,2021-10-05 09:00:00,789,2,28.63,28.66,28.16,28.16,10164800,288705732.0,derived_ohlc4
HOSE_HSG,HSG,2021-10-06 09:00:00,790,2,28.24,28.69,28.16,28.45,7493400,212700159.0,derived_ohlc4
HOSE_HSG,HSG,2021-10-07 09:00:00,791,2,28.51,28.54,27.95,28.01,11515700,325347314.25,derived_ohlc4
HOSE_HSG,HSG,2021-10-08 09:00:00,792,2,28.1,28.42,27.89,28.04,7299400,205204382.49999997,derived_ohlc4
HOSE_HSG,HSG,2021-10-11 09:00:00,793,2,28.24,28.66,27.95,28.16,8968400,253379720.99999997,derived_ohlc4
HOSE_HSG,HSG,2021-10-12 09:00:00,794,2,28.3,28.45,28.07,28.45,10477600,296699438.0,derived_ohlc4
HOSE_HSG,HSG,2021-10-13 09:00:00,795,2,28.54,28.72,28.16,28.3,7021900,199632617.0,derived_ohlc4
HOSE_HSG,HSG,2021-10-14 09:00:00,796,2,28.3,28.72,28.24,28.51,10104000,287383020.0,derived_ohlc4
HOSE_HSG,HSG,2021-10-15 09:00:00,797,2,28.63,29.6,28.63,29.28,15019100,436079568.5,derived_ohlc4
HOSE_HSG,HSG,2021-10-18 09:00:00,798,2,29.48,30.19,29.19,29.33,10768800,318191118.0,derived_ohlc4
HOSE_HSG,HSG,2021-10-19 09:00:00,799,2,29.24,29.36,28.83,29.01,9681800,281837198.0,derived_ohlc4
HOSE_HSG,HSG,2021-10-20 09:00:00,800,2,29.13,29.16,28.42,28.95,10150400,293498816.0,derived_ohlc4
HOSE_HSG,HSG,2021-10-21 09:00:00,801,2,29.13,29.36,28.77,29.07,8021300,233279457.24999997,derived_ohlc4
HOSE_HSG,HSG,2021-10-22 09:00:00,802,2,29.22,29.22,28.72,28.83,7003700,203089790.75,derived_ohlc4
HOSE_HSG,HSG,2021-10-25 09:00:00,803,2,28.77,28.83,27.66,27.66,15542700,438770420.99999994,derived_ohlc4
HOSE_HSG,HSG,2021-10-26 09:00:00,804,2,27.36,28.13,27.07,28.04,9182200,253887830.0,derived_ohlc4
HOSE_HSG,HSG,2021-10-27 09:00:00,805,2,28.22,28.36,27.92,28.27,7093900,199994775.75,derived_ohlc4
HOSE_HSG,HSG,2021-10-28 09:00:00,806,2,28.6,28.6,28.1,28.24,6865500,194877217.5,derived_ohlc4
HOSE_HSG,HSG,2021-10-29 09:00:00,807,2,28.42,28.48,27.57,27.89,11471500,322234435.0,derived_ohlc4
HOSE_HSG,HSG,2021-11-01 09:00:00,808,2,27.95,28.01,26.98,27.07,17399100,478518747.74999994,derived_ohlc4
HOSE_HSG,HSG,2021-11-02 09:00:00,809,2,27.07,27.63,26.86,26.95,11151200,302504178.0,derived_ohlc4
HOSE_HSG,HSG,2021-11-03 09:00:00,810,2,27.07,27.19,26.18,26.45,15160400,405123789.0,derived_ohlc4
HOSE_HSG,HSG,2021-11-04 09:00:00,811,2,26.48,27.19,26.18,26.95,7431300,198415710.0,derived_ohlc4
HOSE_HSG,HSG,2021-11-05 09:00:00,812,2,27.13,27.66,26.66,27.33,8028000,218321460.0,derived_ohlc4
HOSE_HSG,HSG,2021-11-08 09:00:00,813,2,27.36,27.54,26.92,27.1,7477600,203615047.99999997,derived_ohlc4
HOSE_HSG,HSG,2021-11-09 09:00:00,814,2,27.19,27.36,26.86,26.86,6462000,174910185.0,derived_ohlc4
HOSE_HSG,HSG,2021-11-10 09:00:00,815,2,26.72,26.86,26.13,26.18,13011400,344444286.49999994,derived_ohlc4
HOSE_HSG,HSG,2021-11-11 09:00:00,816,2,25.95,26.13,25.3,25.6,14606600,376046916.99999994,derived_ohlc4
HOSE_HSG,HSG,2021-11-12 09:00:00,817,2,25.6,26.51,25.6,26.3,6382100,165950555.25,derived_ohlc4
HOSE_HSG,HSG,2021-11-15 09:00:00,818,2,26.3,26.33,25.63,25.72,7331400,190579742.99999997,derived_ohlc4
HOSE_HSG,HSG,2021-11-16 09:00:00,819,2,25.54,26.13,25.33,25.36,5093000,130329870.0,derived_ohlc4
HOSE_HSG,HSG,2021-11-17 09:00:00,820,2,25.36,25.72,25.01,25.01,6738900,170325697.5,derived_ohlc4
HOSE_HSG,HSG,2021-11-18 09:00:00,821,2,24.89,24.95,23.48,23.48,18403600,445367120.00000006,derived_ohlc4
HOSE_HSG,HSG,2021-11-19 09:00:00,822,2,23.42,23.48,21.86,22.07,14773400,335466980.50000006,derived_ohlc4
HOSE_HSG,HSG,2021-11-22 09:00:00,823,2,22.07,23.01,22.07,22.6,7343000,164758562.5,derived_ohlc4
HOSE_HSG,HSG,2021-11-23 09:00:00,824,2,22.71,23.16,22.66,23.01,5119100,117150603.50000001,derived_ohlc4
HOSE_HSG,HSG,2021-11-24 09:00:00,825,2,23.04,23.04,22.24,22.33,9515600,215647284.99999997,derived_ohlc4
HOSE_HSG,HSG,2021-11-25 09:00:00,826,2,22.36,23.16,22.36,22.95,8023100,182184543.25,derived_ohlc4
HOSE_HSG,HSG,2021-11-26 09:00:00,827,2,23.12,23.83,23.12,23.39,8073900,188646673.50000003,derived_ohlc4
HOSE_HSG,HSG,2021-11-29 09:00:00,828,2,22.86,23.24,22.86,22.89,4596500,105547131.25,derived_ohlc4
HOSE_HSG,HSG,2021-11-30 09:00:00,829,2,23.07,23.74,22.83,23.27,9174900,213109989.75,derived_ohlc4
HOSE_HSG,HSG,2021-12-01 09:00:00,830,2,23.27,23.6,23.07,23.12,4534700,105499795.5,derived_ohlc4
HOSE_HSG,HSG,2021-12-02 09:00:00,831,2,23.36,23.42,23.1,23.18,3337500,77646937.5,derived_ohlc4
HOSE_HSG,HSG,2021-12-03 09:00:00,832,2,23.27,23.27,22.07,22.07,8293300,188009111.0,derived_ohlc4
HOSE_HSG,HSG,2021-12-06 09:00:00,833,2,21.83,22.24,20.54,20.54,12404100,264052278.74999994,derived_ohlc4
HOSE_HSG,HSG,2021-12-07 09:00:00,834,2,21.12,21.45,20.54,21.24,6703500,141360056.25,derived_ohlc4
HOSE_HSG,HSG,2021-12-08 09:00:00,835,2,21.65,21.65,20.86,20.89,3890200,82715377.5,derived_ohlc4
HOSE_HSG,HSG,2021-12-09 09:00:00,836,2,20.86,21.21,20.71,20.86,3899300,81534363.0,derived_ohlc4
HOSE_HSG,HSG,2021-12-10 09:00:00,837,2,20.98,21.04,20.3,20.3,8479000,175133744.99999997,derived_ohlc4
HOSE_HSG,HSG,2021-12-13 09:00:00,838,2,20.36,20.83,20.33,20.68,4663500,95834924.99999999,derived_ohlc4
HOSE_HSG,HSG,2021-12-14 09:00:00,839,2,20.71,22.12,20.68,22.12,9876700,211435455.25,derived_ohlc4
HOSE_HSG,HSG,2021-12-15 09:00:00,840,2,22.33,22.66,22.07,22.07,5868800,130771536.0,derived_ohlc4
HOSE_HSG,HSG,2021-12-16 09:00:00,841,2,22.07,22.27,21.65,21.86,4500800,98848820.00000001,derived_ohlc4
HOSE_HSG,HSG,2021-12-17 09:00:00,842,2,21.83,21.83,21.24,21.24,6991200,150555491.99999997,derived_ohlc4
HOSE_HSG,HSG,2021-12-20 09:00:00,843,2,21.18,21.54,20.95,21.01,5393200,114174044.00000001,derived_ohlc4
HOSE_HSG,HSG,2021-12-21 09:00:00,844,2,20.89,20.98,20.36,20.51,8731800,180617283.00000003,derived_ohlc4
HOSE_HSG,HSG,2021-12-22 09:00:00,845,2,20.54,20.83,20.07,20.21,6241500,127404618.75000001,derived_ohlc4
HOSE_HSG,HSG,2021-12-23 09:00:00,846,2,20.3,20.65,19.45,20.65,9347300,189399666.25000003,derived_ohlc4
HOSE_HSG,HSG,2021-12-24 09:00:00,847,2,21.18,21.45,20.74,21.01,5683800,119899761.0,derived_ohlc4
HOSE_HSG,HSG,2021-12-27 09:00:00,848,2,21.18,21.18,20.65,20.74,2744300,57458781.25,derived_ohlc4
HOSE_HSG,HSG,2021-12-28 09:00:00,849,2,20.65,21.33,20.54,21.12,7278200,152187162.0,derived_ohlc4
HOSE_HSG,HSG,2021-12-29 09:00:00,850,2,21.12,21.98,20.98,21.71,7394000,158582815.0,derived_ohlc4
HOSE_HSG,HSG,2021-12-30 09:00:00,851,2,21.89,21.98,21.54,21.71,3204600,69796188.0,derived_ohlc4
HOSE_HSG,HSG,2021-12-31 09:00:00,852,2,21.71,22.27,21.6,22.01,8071200,176739102.00000003,derived_ohlc4
HOSE_HSG,HSG,2022-01-04 09:00:00,853,2,22.21,22.6,22.01,22.07,7242900,160955345.25000003,derived_ohlc4
HOSE_HSG,HSG,2022-01-05 09:00:00,854,2,22.16,22.42,21.74,21.77,5907300,130093514.24999999,derived_ohlc4
HOSE_HSG,HSG,2022-01-06 09:00:00,855,2,21.65,21.65,20.95,21.07,9557200,203855075.99999997,derived_ohlc4
HOSE_HSG,HSG,2022-01-07 09:00:00,856,2,20.95,21.33,20.71,20.8,8428400,176553909.0,derived_ohlc4
HOSE_HSG,HSG,2022-01-10 09:00:00,857,2,21.01,21.42,20.77,20.8,5237900,109995900.0,derived_ohlc4
HOSE_HSG,HSG,2022-01-11 09:00:00,858,2,20.95,21.15,20.36,20.36,4851900,100458589.49999999,derived_ohlc4
HOSE_HSG,HSG,2022-01-12 09:00:00,859,2,20.36,20.89,20.18,20.71,6488500,133241347.5,derived_ohlc4
HOSE_HSG,HSG,2022-01-13 09:00:00,860,2,20.92,21.65,20.71,21.24,6755100,142735263.0,derived_ohlc4
HOSE_HSG,HSG,2022-01-14 09:00:00,861,2,20.89,21.48,20.77,20.86,2731800,57367800.0,derived_ohlc4
HOSE_HSG,HSG,2022-01-17 09:00:00,862,2,20.8,20.92,19.42,19.42,8298500,167131790.0,derived_ohlc4
HOSE_HSG,HSG,2022-01-18 09:00:00,863,2,19.6,20.01,18.36,19.51,7603400,147277858.0,derived_ohlc4
HOSE_HSG,HSG,2022-01-19 09:00:00,864,2,19.71,19.77,19.27,19.42,3081300,60216305.25,derived_ohlc4
HOSE_HSG,HSG,2022-01-20 09:00:00,865,2,19.3,19.77,18.77,19.65,4376800,84789558.00000001,derived_ohlc4
HOSE_HSG,HSG,2022-01-21 09:00:00,866,2,19.62,19.62,19.01,19.01,5113000,98757595.0,derived_ohlc4
HOSE_HSG,HSG,2022-01-24 09:00:00,867,2,18.98,18.98,17.68,17.68,7702700,141190491.0,derived_ohlc4
HOSE_HSG,HSG,2022-01-25 09:00:00,868,2,17.65,18.18,17.36,18.12,4617400,82316698.5,derived_ohlc4
HOSE_HSG,HSG,2022-01-26 09:00:00,869,2,18.42,18.65,18.18,18.18,3038600,55781099.50000001,derived_ohlc4
HOSE_HSG,HSG,2022-01-27 09:00:00,870,2,18.36,18.54,17.65,17.83,4399000,79599905.0,derived_ohlc4
HOSE_HSG,HSG,2022-01-28 09:00:00,871,2,18.01,18.21,17.83,17.86,2918600,52469131.5,derived_ohlc4
HOSE_HSG,HSG,2022-02-07 09:00:00,872,2,18.24,18.89,17.89,18.77,3714600,68525083.5,derived_ohlc4
HOSE_HSG,HSG,2022-02-08 09:00:00,873,2,18.59,20.07,18.57,20.07,6904900,133437192.5,derived_ohlc4
HOSE_HSG,HSG,2022-02-09 09:00:00,874,2,20.45,21.45,20.3,21.45,8543900,178674308.75,derived_ohlc4
HOSE_HSG,HSG,2022-02-10 09:00:00,875,2,21.74,22.12,21.27,21.42,11705400,253275592.5,derived_ohlc4
HOSE_HSG,HSG,2022-02-11 09:00:00,876,2,21.21,22.07,21.01,21.83,9619600,207109988.0,derived_ohlc4
HOSE_HSG,HSG,2022-02-14 09:00:00,877,2,21.51,22.36,21.36,21.36,9749500,211052301.25,derived_ohlc4
HOSE_HSG,HSG,2022-02-15 09:00:00,878,2,21.39,21.65,20.54,21.15,9568800,202691105.99999997,derived_ohlc4
HOSE_HSG,HSG,2022-02-16 09:00:00,879,2,21.18,21.45,20.92,21.45,5806700,123392375.0,derived_ohlc4
HOSE_HSG,HSG,2022-02-17 09:00:00,880,2,21.48,21.89,21.3,21.54,4921000,106059852.50000001,derived_ohlc4
HOSE_HSG,HSG,2022-02-18 09:00:00,881,2,21.3,22.18,21.24,21.92,9813800,212566908.0,derived_ohlc4
HOSE_HSG,HSG,2022-02-21 09:00:00,882,2,22.04,22.18,21.57,21.62,7320200,159964670.5,derived_ohlc4
HOSE_HSG,HSG,2022-02-22 09:00:00,883,2,21.18,21.45,20.62,21.07,9057900,190940531.99999997,derived_ohlc4
HOSE_HSG,HSG,2022-02-23 09:00:00,884,2,21.07,21.71,21.04,21.51,5503800,117409813.5,derived_ohlc4
HOSE_HSG,HSG,2022-02-24 09:00:00,885,2,21.51,21.83,20.48,20.92,8867600,187860106.00000003,derived_ohlc4
HOSE_HSG,HSG,2022-02-25 09:00:00,886,2,21.36,21.36,20.89,21.1,5225400,110660908.50000001,derived_ohlc4
HOSE_HSG,HSG,2022-02-28 09:00:00,887,2,21.3,22.57,21.18,22.57,21865900,478972539.5,derived_ohlc4
HOSE_HSG,HSG,2022-03-01 09:00:00,888,2,23.3,24.01,22.83,22.95,22377800,520787350.5,derived_ohlc4
HOSE_HSG,HSG,2022-03-02 09:00:00,889,2,22.89,23.48,22.89,23.33,12207900,282582365.25,derived_ohlc4
HOSE_HSG,HSG,2022-03-03 09:00:00,890,2,23.66,24.86,23.54,24.77,21225000,513804187.5,derived_ohlc4
HOSE_HSG,HSG,2022-03-04 09:00:00,891,2,24.95,24.95,23.95,24.01,15769900,385810603.5,derived_ohlc4
HOSE_HSG,HSG,2022-03-07 09:00:00,892,2,24.42,25.6,24.3,24.98,15525200,385413090.00000006,derived_ohlc4
HOSE_HSG,HSG,2022-03-08 09:00:00,893,2,24.54,24.95,23.63,23.77,14895400,360803826.49999994,derived_ohlc4
HOSE_HSG,HSG,2022-03-09 09:00:00,894,2,24.18,24.68,23.39,24.39,15209600,367463936.0,derived_ohlc4
HOSE_HSG,HSG,2022-03-10 09:00:00,895,2,24.24,24.77,23.92,24.1,11124600,269854984.5,derived_ohlc4
HOSE_HSG,HSG,2022-03-11 09:00:00,896,2,24.13,24.48,23.07,23.33,13916600,330554041.5,derived_ohlc4
HOSE_HSG,HSG,2022-03-14 09:00:00,897,2,23.83,24.01,22.36,22.36,13194500,305320730.0,derived_ohlc4
HOSE_HSG,HSG,2022-03-15 09:00:00,898,2,22.36,22.77,21.6,21.89,12933900,286550554.49999994,derived_ohlc4
HOSE_HSG,HSG,2022-03-16 09:00:00,899,2,22.12,22.39,21.86,21.98,6862000,151564425.0,derived_ohlc4
HOSE_HSG,HSG,2022-03-17 09:00:00,900,2,22.18,22.3,21.51,21.57,10006100,219033529.0,derived_ohlc4
HOSE_HSG,HSG,2022-03-18 09:00:00,901,2,21.83,22.42,21.57,22.27,13268600,292207743.49999994,derived_ohlc4
HOSE_HSG,HSG,2022-03-21 09:00:00,902,2,22.68,23.07,22.42,22.48,9784800,221748030.0,derived_ohlc4
HOSE_HSG,HSG,2022-03-22 09:00:00,903,2,22.48,22.86,21.83,22.83,16585700,373178250.0,derived_ohlc4
HOSE_HSG,HSG,2022-03-23 09:00:00,904,2,22.95,23.12,22.33,22.33,13421900,304442246.75,derived_ohlc4
HOSE_HSG,HSG,2022-03-24 09:00:00,905,2,22.45,22.51,22.07,22.1,8360600,186295069.5,derived_ohlc4
HOSE_HSG,HSG,2022-03-25 09:00:00,906,2,22.12,22.66,21.83,22.27,10576700,235014274.0,derived_ohlc4
HOSE_HSG,HSG,2022-03-28 09:00:00,907,2,22.18,22.66,21.95,22.24,9292200,206821141.5,derived_ohlc4
HOSE_HSG,HSG,2022-03-29 09:00:00,908,2,22.45,22.45,22.04,22.1,6688000,148874880.0,derived_ohlc4
HOSE_HSG,HSG,2022-03-30 09:00:00,909,2,21.83,22.21,21.33,21.36,11040000,239374800.0,derived_ohlc4
HOSE_HSG,HSG,2022-03-31 09:00:00,910,2,21.54,21.77,20.36,20.6,13015900,274212473.25000006,derived_ohlc4
HOSE_HSG,HSG,2022-04-01 09:00:00,911,2,20.48,21.12,20.48,21.04,6123100,127238018.0,derived_ohlc4
HOSE_HSG,HSG,2022-04-04 09:00:00,912,2,21.24,21.27,20.95,20.98,4487300,94726903.0,derived_ohlc4
HOSE_HSG,HSG,2022-04-05 09:00:00,913,2,21.04,21.27,20.95,20.98,4276000,90052560.00000001,derived_ohlc4
HOSE_HSG,HSG,2022-04-06 09:00:00,914,2,20.83,21.6,20.83,21.15,6832200,144176500.5,derived_ohlc4
HOSE_HSG,HSG,2022-04-07 09:00:00,915,2,21.18,21.36,20.71,20.77,4956300,104107081.5,derived_ohlc4
HOSE_HSG,HSG,2022-04-08 09:00:00,916,2,20.98,20.98,19.33,19.33,13116800,264369104.00000003,derived_ohlc4
HOSE_HSG,HSG,2022-04-12 09:00:00,917,2,19.95,20.18,19.3,19.3,7020900,138188864.24999997,derived_ohlc4
HOSE_HSG,HSG,2022-04-13 09:00:00,918,2,19.45,19.71,18.95,19.48,4337800,84142475.5,derived_ohlc4
HOSE_HSG,HSG,2022-04-14 09:00:00,919,2,19.62,20.07,19.45,19.54,3997500,78630825.0,derived_ohlc4
HOSE_HSG,HSG,2022-04-15 09:00:00,920,2,19.57,20.27,19.54,19.54,5824600,114919358.0,derived_ohlc4
HOSE_HSG,HSG,2022-04-18 09:00:00,921,2,19.42,19.54,18.3,18.3,7561100,142829179.0,derived_ohlc4
HOSE_HSG,HSG,2022-04-19 09:00:00,922,2,18.71,18.77,17.68,17.83,4864100,88757664.75000001,derived_ohlc4
HOSE_HSG,HSG,2022-04-20 09:00:00,923,2,17.71,18.24,17.65,17.71,6487700,115659471.75,derived_ohlc4
HOSE_HSG,HSG,2022-04-21 09:00:00,924,2,17.18,18.01,16.83,17.71,8558200,149190821.49999997,derived_ohlc4
HOSE_HSG,HSG,2022-04-22 09:00:00,925,2,17.83,18.12,17.07,17.77,5724000,101300490.00000001,derived_ohlc4
HOSE_HSG,HSG,2022-04-25 09:00:00,926,2,17.65,17.95,16.54,16.54,7647300,131304140.99999999,derived_ohlc4
HOSE_HSG,HSG,2022-04-26 09:00:00,927,2,15.89,16.71,15.56,16.71,7347800,119162946.50000001,derived_ohlc4
HOSE_HSG,HSG,2022-04-27 09:00:00,928,2,16.48,17.07,16.3,17.01,4430200,74050793.0,derived_ohlc4
HOSE_HSG,HSG,2022-04-28 09:00:00,929,2,16.83,17.27,16.68,16.68,3259200,54966407.99999999,derived_ohlc4
HOSE_HSG,HSG,2022-04-29 09:00:00,930,2,16.65,16.98,16.62,16.65,5159400,86290965.0,derived_ohlc4
HOSE_HSG,HSG,2022-05-04 09:00:00,931,2,15.71,16.09,15.5,15.5,16118100,253054170.0,derived_ohlc4
HOSE_HSG,HSG,2022-05-05 09:00:00,932,2,15.5,15.8,14.45,14.5,17578800,264780675.0,derived_ohlc4
HOSE_HSG,HSG,2022-05-06 09:00:00,933,2,13.65,15.5,13.65,15.3,18705300,271694482.5,derived_ohlc4
HOSE_HSG,HSG,2022-05-09 09:00:00,934,2,14.77,15.24,14.24,14.24,6971200,101936372.0,derived_ohlc4
HOSE_HSG,HSG,2022-05-10 09:00:00,935,2,13.53,14.62,13.39,14.48,6064900,84938924.5,derived_ohlc4
HOSE_HSG,HSG,2022-05-11 09:00:00,936,2,14.48,14.86,14.09,14.42,5940800,85918820.0,derived_ohlc4
HOSE_HSG,HSG,2022-05-12 09:00:00,937,2,14.18,14.36,13.42,13.42,7363100,101942119.5,derived_ohlc4
HOSE_HSG,HSG,2022-05-13 09:00:00,938,2,13.24,13.65,12.5,12.5,9700800,125843628.0,derived_ohlc4
HOSE_HSG,HSG,2022-05-16 09:00:00,939,2,12.36,13.03,11.65,11.65,10660500,129764936.25,derived_ohlc4
HOSE_HSG,HSG,2022-05-17 09:00:00,940,2,11.18,12.44,10.97,12.44,12531100,147334408.24999997,derived_ohlc4
HOSE_HSG,HSG,2022-05-18 09:00:00,941,2,12.65,13.0,12.56,12.59,4906400,62311280.0,derived_ohlc4
HOSE_HSG,HSG,2022-05-19 09:00:00,942,2,12.3,12.62,12.15,12.33,3940400,48663940.0,derived_ohlc4
HOSE_HSG,HSG,2022-05-20 09:00:00,943,2,12.33,12.8,12.06,12.65,6575600,81931976.0,derived_ohlc4
HOSE_HSG,HSG,2022-05-23 09:00:00,944,2,12.8,13.06,12.24,12.44,7615600,96223106.0,derived_ohlc4
HOSE_HSG,HSG,2022-05-24 09:00:00,945,2,12.48,12.5,11.59,11.89,11594500,140467367.5,derived_ohlc4
HOSE_HSG,HSG,2022-05-25 09:00:00,946,2,11.92,12.56,11.62,12.48,9947400,120811173.0,derived_ohlc4
HOSE_HSG,HSG,2022-05-26 09:00:00,947,2,12.65,12.95,12.53,12.77,7229500,91995387.50000001,derived_ohlc4
HOSE_HSG,HSG,2022-05-27 09:00:00,948,2,12.89,13.65,12.77,13.65,16149200,213815408.0,derived_ohlc4
HOSE_HSG,HSG,2022-05-30 09:00:00,949,2,13.83,13.89,13.45,13.56,8223000,112511197.50000001,derived_ohlc4
HOSE_HSG,HSG,2022-05-31 09:00:00,950,2,13.53,13.56,13.3,13.42,6000100,80716345.25,derived_ohlc4
HOSE_HSG,HSG,2022-06-01 09:00:00,951,2,13.36,13.59,13.06,13.3,8975500,119620976.25,derived_ohlc4
HOSE_HSG,HSG,2022-06-02 09:00:00,952,2,13.24,13.42,12.59,12.74,11788700,153223628.25,derived_ohlc4
HOSE_HSG,HSG,2022-06-03 09:00:00,953,2,12.8,13.24,12.65,13.0,7272200,93975004.5,derived_ohlc4
HOSE_HSG,HSG,2022-06-06 09:00:00,954,2,12.98,13.18,12.5,12.65,4619600,59257918.99999999,derived_ohlc4
HOSE_HSG,HSG,2022-06-07 09:00:00,955,2,12.53,12.59,11.77,12.03,8038800,98314524.0,derived_ohlc4
HOSE_HSG,HSG,2022-06-08 09:00:00,956,2,12.06,12.56,11.98,12.36,6758300,82721592.0,derived_ohlc4
HOSE_HSG,HSG,2022-06-09 09:00:00,957,2,12.5,13.21,12.33,13.12,8953800,114519101.99999999,derived_ohlc4
HOSE_HSG,HSG,2022-06-10 09:00:00,958,2,12.89,13.42,12.74,12.74,8068500,104466903.75000001,derived_ohlc4
HOSE_HSG,HSG,2022-06-13 09:00:00,959,2,12.15,12.36,11.86,11.86,7699000,92830692.5,derived_ohlc4
HOSE_HSG,HSG,2022-06-14 09:00:00,960,2,11.33,11.62,11.03,11.03,12387000,139384717.5,derived_ohlc4
HOSE_HSG,HSG,2022-06-15 09:00:00,961,2,10.89,11.15,10.27,10.27,11614300,123634223.5,derived_ohlc4
HOSE_HSG,HSG,2022-06-16 09:00:00,962,2,10.65,10.68,9.86,10.0,6563500,67587641.25,derived_ohlc4
HOSE_HSG,HSG,2022-06-17 09:00:00,963,2,9.53,9.89,9.33,9.33,10758700,102422824.0,derived_ohlc4
HOSE_HSG,HSG,2022-06-20 09:00:00,964,2,9.18,9.47,8.68,8.68,12260600,110376051.5,derived_ohlc4
HOSE_HSG,HSG,2022-06-21 09:00:00,965,2,8.12,8.91,8.12,8.33,13793900,115454942.99999999,derived_ohlc4
HOSE_HSG,HSG,2022-06-22 09:00:00,966,2,8.59,8.88,8.44,8.88,6671300,58023631.75,derived_ohlc4
HOSE_HSG,HSG,2022-06-23 09:00:00,967,2,8.94,8.97,8.65,8.91,4233600,37541448.0,derived_ohlc4
HOSE_HSG,HSG,2022-06-24 09:00:00,968,2,9.0,9.53,8.91,9.36,10291200,94679040.0,derived_ohlc4
HOSE_HSG,HSG,2022-06-27 09:00:00,969,2,9.47,10.0,9.21,10.0,8266200,79934154.0,derived_ohlc4
HOSE_HSG,HSG,2022-06-28 09:00:00,970,2,10.0,10.18,9.8,9.86,4581700,45633732.00000001,derived_ohlc4
HOSE_HSG,HSG,2022-06-29 09:00:00,971,2,9.68,10.39,9.62,10.15,6358300,63328667.99999999,derived_ohlc4
HOSE_HSG,HSG,2022-06-30 09:00:00,972,2,10.36,10.47,9.47,9.47,7361100,73187736.75,derived_ohlc4
HOSE_HSG,HSG,2022-07-01 09:00:00,973,2,9.47,10.03,9.06,9.94,6287000,60512375.0,derived_ohlc4
HOSE_HSG,HSG,2022-07-04 09:00:00,974,2,10.03,10.21,9.89,9.94,4521100,45290119.25,derived_ohlc4
HOSE_HSG,HSG,2022-07-05 09:00:00,975,2,9.89,10.5,9.89,10.12,8853300,89418330.0,derived_ohlc4
HOSE_HSG,HSG,2022-07-06 09:00:00,976,2,9.94,10.71,9.83,10.09,9509000,96445032.49999999,derived_ohlc4
HOSE_HSG,HSG,2022-07-07 09:00:00,977,2,10.21,10.33,9.94,10.18,4672600,47496978.99999999,derived_ohlc4
HOSE_HSG,HSG,2022-07-08 09:00:00,978,2,10.36,10.8,10.3,10.71,6855200,72270946.0,derived_ohlc4
HOSE_HSG,HSG,2022-07-11 09:00:00,979,2,10.65,10.92,10.18,10.47,7253000,76555415.0,derived_ohlc4
HOSE_HSG,HSG,2022-07-12 09:00:00,980,2,10.47,10.97,10.33,10.65,7596000,80555580.0,derived_ohlc4
HOSE_HSG,HSG,2022-07-13 09:00:00,981,2,10.83,11.0,10.47,10.53,5868200,62833751.5,derived_ohlc4
HOSE_HSG,HSG,2022-07-14 09:00:00,982,2,10.53,10.68,10.12,10.59,6894800,72257504.0,derived_ohlc4
HOSE_HSG,HSG,2022-07-15 09:00:00,983,2,10.77,11.15,10.71,10.71,9405000,101903175.00000001,derived_ohlc4
HOSE_HSG,HSG,2022-07-18 09:00:00,984,2,10.8,10.83,10.42,10.44,6838400,72640904.0,derived_ohlc4
HOSE_HSG,HSG,2022-07-19 09:00:00,985,2,10.39,10.42,10.18,10.27,3960500,40852557.50000001,derived_ohlc4
HOSE_HSG,HSG,2022-07-20 09:00:00,986,2,10.47,10.83,10.33,10.59,9598100,101307945.5,derived_ohlc4
HOSE_HSG,HSG,2022-07-21 09:00:00,987,2,10.65,11.03,10.65,10.77,8975400,96709934.99999999,derived_ohlc4
HOSE_HSG,HSG,2022-07-22 09:00:00,988,2,10.77,10.89,10.65,10.65,3442400,36971376.0,derived_ohlc4
HOSE_HSG,HSG,2022-07-25 09:00:00,989,2,10.59,10.62,10.3,10.36,4925700,51559764.75000001,derived_ohlc4
HOSE_HSG,HSG,2022-07-26 09:00:00,990,2,10.33,10.42,9.77,9.77,9720300,97907721.75,derived_ohlc4
HOSE_HSG,HSG,2022-07-27 09:00:00,991,2,9.5,9.71,9.47,9.71,5220600,50104708.5,derived_ohlc4
HOSE_HSG,HSG,2022-07-28 09:00:00,992,2,9.91,10.06,9.83,10.0,3699500,36810025.0,derived_ohlc4
HOSE_HSG,HSG,2022-07-29 09:00:00,993,2,10.09,10.24,9.94,9.97,3954200,39779251.99999999,derived_ohlc4
HOSE_HSG,HSG,2022-08-01 09:00:00,994,2,9.97,10.65,9.94,10.65,11833000,121909482.5,derived_ohlc4
HOSE_HSG,HSG,2022-08-02 09:00:00,995,2,10.71,11.03,10.65,10.77,9648800,104110551.99999999,derived_ohlc4
HOSE_HSG,HSG,2022-08-03 09:00:00,996,2,10.65,11.5,10.62,11.5,15218200,168427428.49999997,derived_ohlc4
HOSE_HSG,HSG,2022-08-04 09:00:00,997,2,11.83,12.0,11.53,11.71,12573200,147955131.0,derived_ohlc4
HOSE_HSG,HSG,2022-08-05 09:00:00,998,2,11.71,12.18,11.65,12.06,11016300,131093970.0,derived_ohlc4
HOSE_HSG,HSG,2022-08-08 09:00:00,999,2,12.12,12.33,11.94,12.21,10990600,133535790.0,derived_ohlc4
HOSE_HSG,HSG,2022-08-09 09:00:00,1000,2,12.21,12.48,12.0,12.09,10088100,123024379.5,derived_ohlc4
HOSE_HSG,HSG,2022-08-10 09:00:00,1001,2,12.03,12.3,11.8,12.3,13311600,161170196.99999997,derived_ohlc4
HOSE_HSG,HSG,2022-08-11 09:00:00,1002,2,12.48,12.53,11.71,11.94,11215700,136438990.5,derived_ohlc4
HOSE_HSG,HSG,2022-08-12 09:00:00,1003,2,11.94,12.77,11.86,12.77,24257600,299217496.0,derived_ohlc4
HOSE_HSG,HSG,2022-08-15 09:00:00,1004,2,12.89,13.0,12.65,12.68,11233100,143839845.5,derived_ohlc4
HOSE_HSG,HSG,2022-08-16 09:00:00,1005,2,12.68,13.3,12.65,12.8,16148900,207634481.75000003,derived_ohlc4
HOSE_HSG,HSG,2022-08-17 09:00:00,1006,2,12.77,12.86,12.33,12.44,14378800,181172880.0,derived_ohlc4
HOSE_HSG,HSG,2022-08-18 09:00:00,1007,2,12.3,12.59,12.3,12.42,6790200,84215455.5,derived_ohlc4
HOSE_HSG,HSG,2022-08-19 09:00:00,1008,2,12.42,12.56,11.92,12.0,14758200,180418995.0,derived_ohlc4
HOSE_HSG,HSG,2022-08-22 09:00:00,1009,2,12.0,12.42,11.89,12.24,9107600,110543495.00000001,derived_ohlc4
HOSE_HSG,HSG,2022-08-23 09:00:00,1010,2,12.24,12.65,12.24,12.65,10090300,125573783.5,derived_ohlc4
HOSE_HSG,HSG,2022-08-24 09:00:00,1011,2,12.65,12.83,12.53,12.56,9193400,116227559.5,derived_ohlc4
HOSE_HSG,HSG,2022-08-25 09:00:00,1012,2,12.71,13.03,12.56,12.89,13773700,176268925.75000003,derived_ohlc4
HOSE_HSG,HSG,2022-08-26 09:00:00,1013,2,12.89,12.89,12.5,12.56,10588200,134576022.0,derived_ohlc4
HOSE_HSG,HSG,2022-08-29 09:00:00,1014,2,12.24,12.36,11.83,12.18,13390500,162728051.25,derived_ohlc4
HOSE_HSG,HSG,2022-08-30 09:00:00,1015,2,12.36,12.44,12.06,12.06,6781700,82940191.0,derived_ohlc4
HOSE_HSG,HSG,2022-08-31 09:00:00,1016,2,12.09,12.48,12.06,12.24,8878000,108466965.00000001,derived_ohlc4
HOSE_HSG,HSG,2022-09-05 09:00:00,1017,2,12.36,13.09,12.36,13.09,25514100,324666922.50000006,derived_ohlc4
HOSE_HSG,HSG,2022-09-06 09:00:00,1018,2,13.24,13.36,12.92,13.0,14234400,186897672.0,derived_ohlc4
HOSE_HSG,HSG,2022-09-07 09:00:00,1019,2,13.12,13.21,12.65,12.65,22261600,287341602.0,derived_ohlc4
HOSE_HSG,HSG,2022-09-08 09:00:00,1020,2,12.83,12.86,12.24,12.24,10695000,134142037.5,derived_ohlc4
HOSE_HSG,HSG,2022-09-09 09:00:00,1021,2,12.27,12.65,11.86,12.65,13030100,161019460.75,derived_ohlc4
HOSE_HSG,HSG,2022-09-12 09:00:00,1022,2,12.83,13.06,12.65,12.65,11448500,146512178.75,derived_ohlc4
HOSE_HSG,HSG,2022-09-13 09:00:00,1023,2,12.65,12.71,12.06,12.36,15064600,187478947.0,derived_ohlc4
HOSE_HSG,HSG,2022-09-14 09:00:00,1024,2,12.6,12.89,12.57,12.78,14521300,184565723.0,derived_ohlc4
HOSE_HSG,HSG,2022-09-15 09:00:00,1025,2,12.89,13.17,12.78,12.78,7311600,94356198.00000001,derived_ohlc4
HOSE_HSG,HSG,2022-09-16 09:00:00,1026,2,12.6,12.74,12.14,12.14,13892000,172330260.00000003,derived_ohlc4
HOSE_HSG,HSG,2022-09-19 09:00:00,1027,2,12.22,12.25,11.3,11.3,16700100,196518426.74999997,derived_ohlc4
HOSE_HSG,HSG,2022-09-20 09:00:00,1028,2,11.51,11.54,10.87,11.44,7260800,82337471.99999999,derived_ohlc4
HOSE_HSG,HSG,2022-09-21 09:00:00,1029,2,11.23,11.54,11.23,11.37,5255500,59610508.75,derived_ohlc4
HOSE_HSG,HSG,2022-09-22 09:00:00,1030,2,11.23,11.72,11.09,11.54,7515400,85637983.00000001,derived_ohlc4
HOSE_HSG,HSG,2022-09-23 09:00:00,1031,2,11.51,11.69,11.3,11.44,6399300,73495960.5,derived_ohlc4
HOSE_HSG,HSG,2022-09-26 09:00:00,1032,2,11.02,11.23,10.66,10.73,8173900,89177249.0,derived_ohlc4
HOSE_HSG,HSG,2022-09-27 09:00:00,1033,2,10.87,10.94,10.66,10.66,4300900,46374454.24999999,derived_ohlc4
HOSE_HSG,HSG,2022-09-28 09:00:00,1034,2,10.63,10.91,10.49,10.59,7435300,79223121.50000001,derived_ohlc4
HOSE_HSG,HSG,2022-09-29 09:00:00,1035,2,10.87,10.94,10.45,10.45,4758700,50811019.24999999,derived_ohlc4
HOSE_HSG,HSG,2022-09-30 09:00:00,1036,2,10.42,10.52,9.82,10.45,7236100,74549920.24999999,derived_ohlc4
HOSE_HSG,HSG,2022-10-03 09:00:00,1037,2,10.45,10.49,9.74,9.74,8849000,89419145.0,derived_ohlc4
HOSE_HSG,HSG,2022-10-04 09:00:00,1038,2,9.89,9.96,9.22,9.22,6779700,64898678.25,derived_ohlc4
HOSE_HSG,HSG,2022-10-05 09:00:00,1039,2,9.5,9.67,9.32,9.57,4890900,46536913.5,derived_ohlc4
HOSE_HSG,HSG,2022-10-06 09:00:00,1040,2,9.57,9.64,8.93,8.93,8350300,77386405.25,derived_ohlc4
HOSE_HSG,HSG,2022-10-07 09:00:00,1041,2,8.54,8.76,8.33,8.33,10420600,88470893.99999999,derived_ohlc4
HOSE_HSG,HSG,2022-10-10 09:00:00,1042,2,8.12,8.9,8.12,8.9,9545100,81228801.0,derived_ohlc4
HOSE_HSG,HSG,2022-10-11 09:00:00,1043,2,9.07,9.39,8.83,9.0,15234900,138218630.25,derived_ohlc4
HOSE_HSG,HSG,2022-10-12 09:00:00,1044,2,9.25,9.6,9.22,9.6,12183700,114739994.75,derived_ohlc4
HOSE_HSG,HSG,2022-10-13 09:00:00,1045,2,9.6,9.89,9.46,9.78,8674300,83988909.75000001,derived_ohlc4
HOSE_HSG,HSG,2022-10-14 09:00:00,1046,2,9.96,10.03,9.71,9.99,13325400,132221281.50000001,derived_ohlc4
HOSE_HSG,HSG,2022-10-17 09:00:00,1047,2,9.74,9.96,9.53,9.92,9797300,95891073.75000001,derived_ohlc4
HOSE_HSG,HSG,2022-10-18 09:00:00,1048,2,10.06,10.17,9.74,9.82,9429200,93796967.0,derived_ohlc4
HOSE_HSG,HSG,2022-10-19 09:00:00,1049,2,9.74,9.82,9.39,9.39,9498300,91041205.50000001,derived_ohlc4
HOSE_HSG,HSG,2022-10-20 09:00:00,1050,2,9.39,9.67,9.32,9.46,6154300,58219678.00000001,derived_ohlc4
HOSE_HSG,HSG,2022-10-21 09:00:00,1051,2,9.53,9.53,8.83,8.83,16122700,148006386.0,derived_ohlc4
HOSE_HSG,HSG,2022-10-24 09:00:00,1052,2,8.68,8.76,8.23,8.23,14558000,123379050.0,derived_ohlc4
HOSE_HSG,HSG,2022-10-25 09:00:00,1053,2,8.26,8.79,8.19,8.79,16613500,141339351.24999997,derived_ohlc4
HOSE_HSG,HSG,2022-10-26 09:00:00,1054,2,8.86,9.04,8.62,8.68,5789500,50947599.99999999,derived_ohlc4
HOSE_HSG,HSG,2022-10-27 09:00:00,1055,2,8.72,9.28,8.72,9.28,10610400,95493600.0,derived_ohlc4
HOSE_HSG,HSG,2022-10-28 09:00:00,1056,2,9.39,9.46,8.65,8.65,16227100,146652416.25,derived_ohlc4
HOSE_HSG,HSG,2022-10-31 09:00:00,1057,2,8.05,8.4,8.05,8.05,21410300,174226316.25000003,derived_ohlc4
HOSE_HSG,HSG,2022-11-01 09:00:00,1058,2,8.44,8.58,8.09,8.23,10711400,89279519.00000001,derived_ohlc4
HOSE_HSG,HSG,2022-11-02 09:00:00,1059,2,8.3,8.76,8.26,8.76,13720100,116895252.0,derived_ohlc4
HOSE_HSG,HSG,2022-11-03 09:00:00,1060,2,8.58,8.79,8.4,8.4,10051300,85863230.24999999,derived_ohlc4
HOSE_HSG,HSG,2022-11-04 09:00:00,1061,2,8.3,8.37,7.84,7.84,18127100,146602921.25,derived_ohlc4
HOSE_HSG,HSG,2022-11-07 09:00:00,1062,2,7.7,7.91,7.31,7.31,12161000,91906757.49999999,derived_ohlc4
HOSE_HSG,HSG,2022-11-08 09:00:00,1063,2,6.88,7.1,6.8,6.8,14937300,102992683.5,derived_ohlc4
HOSE_HSG,HSG,2022-11-09 09:00:00,1064,2,6.8,7.13,6.43,6.6,8123700,54753738.0,derived_ohlc4
HOSE_HSG,HSG,2022-11-10 09:00:00,1065,2,6.23,6.5,6.14,6.14,16211300,101361153.25,derived_ohlc4
HOSE_HSG,HSG,2022-11-11 09:00:00,1066,2,6.21,6.35,5.72,5.72,12377700,74266199.99999999,derived_ohlc4
HOSE_HSG,HSG,2022-11-14 09:00:00,1067,2,5.44,5.68,5.32,5.4,11914200,65051532.00000001,derived_ohlc4
HOSE_HSG,HSG,2022-11-15 09:00:00,1068,2,5.16,5.61,5.09,5.19,13100400,68940855.0,derived_ohlc4
HOSE_HSG,HSG,2022-11-16 09:00:00,1069,2,4.99,5.55,4.84,5.55,10744300,56219549.75,derived_ohlc4
HOSE_HSG,HSG,2022-11-17 09:00:00,1070,2,5.94,5.94,5.9,5.94,5688800,33734584.0,derived_ohlc4
HOSE_HSG,HSG,2022-11-18 09:00:00,1071,2,6.21,6.35,6.05,6.35,21800300,136033872.0,derived_ohlc4
HOSE_HSG,HSG,2022-11-21 09:00:00,1072,2,6.5,6.79,6.43,6.79,11423500,75709246.25,derived_ohlc4
HOSE_HSG,HSG,2022-11-22 09:00:00,1073,2,6.71,7.17,6.48,6.5,15275200,102572968.0,derived_ohlc4
HOSE_HSG,HSG,2022-11-23 09:00:00,1074,2,6.49,6.71,6.05,6.09,10942300,69319470.5,derived_ohlc4
HOSE_HSG,HSG,2022-11-24 09:00:00,1075,2,6.0,6.51,5.97,6.51,13810200,86279224.5,derived_ohlc4
HOSE_HSG,HSG,2022-11-25 09:00:00,1076,2,6.85,6.96,6.64,6.96,12848700,88045716.75,derived_ohlc4
HOSE_HSG,HSG,2022-11-28 09:00:00,1077,2,7.27,7.45,7.2,7.45,12395800,91016161.49999999,derived_ohlc4
HOSE_HSG,HSG,2022-11-29 09:00:00,1078,2,7.7,7.91,7.17,7.7,19475400,148402548.0,derived_ohlc4
HOSE_HSG,HSG,2022-11-30 09:00:00,1079,2,7.7,8.05,7.48,7.94,13649000,106359832.5,derived_ohlc4
HOSE_HSG,HSG,2022-12-01 09:00:00,1080,2,8.12,8.47,7.98,8.12,21814500,178279001.25,derived_ohlc4
HOSE_HSG,HSG,2022-12-02 09:00:00,1081,2,7.94,8.68,7.87,8.68,15267100,126602426.75,derived_ohlc4
HOSE_HSG,HSG,2022-12-05 09:00:00,1082,2,9.07,9.28,8.9,9.28,16712600,152627819.5,derived_ohlc4
HOSE_HSG,HSG,2022-12-06 09:00:00,1083,2,9.25,9.32,8.65,8.65,24489500,219609591.24999997,derived_ohlc4
HOSE_HSG,HSG,2022-12-07 09:00:00,1084,2,8.37,8.72,8.05,8.19,18351400,152913040.5,derived_ohlc4
HOSE_HSG,HSG,2022-12-08 09:00:00,1085,2,8.44,8.76,8.4,8.76,13769000,118275710.0,derived_ohlc4
HOSE_HSG,HSG,2022-12-09 09:00:00,1086,2,8.79,9.28,8.62,9.14,14204900,127240391.75,derived_ohlc4
HOSE_HSG,HSG,2022-12-12 09:00:00,1087,2,9.18,9.43,8.51,8.51,17108700,152395745.24999997,derived_ohlc4
HOSE_HSG,HSG,2022-12-13 09:00:00,1088,2,8.51,8.97,8.16,8.97,12882400,111464966.0,derived_ohlc4
HOSE_HSG,HSG,2022-12-14 09:00:00,1089,2,9.14,9.32,8.9,8.93,14473000,131306292.5,derived_ohlc4
HOSE_HSG,HSG,2022-12-15 09:00:00,1090,2,8.9,9.18,8.83,8.93,9709700,86998911.99999999,derived_ohlc4
HOSE_HSG,HSG,2022-12-16 09:00:00,1091,2,8.83,9.53,8.76,9.53,33054200,302859107.5,derived_ohlc4
HOSE_HSG,HSG,2022-12-19 09:00:00,1092,2,9.78,10.17,9.6,9.67,26070100,255617330.5,derived_ohlc4
HOSE_HSG,HSG,2022-12-20 09:00:00,1093,2,9.64,9.96,9.04,9.67,30947000,296394892.5,derived_ohlc4
HOSE_HSG,HSG,2022-12-21 09:00:00,1094,2,9.85,9.99,9.0,9.28,20185800,192370674.0,derived_ohlc4
HOSE_HSG,HSG,2022-12-22 09:00:00,1095,2,9.39,9.53,8.76,8.86,13772500,125811787.5,derived_ohlc4
HOSE_HSG,HSG,2022-12-23 09:00:00,1096,2,8.79,8.79,8.33,8.33,14449800,123690287.99999999,derived_ohlc4
HOSE_HSG,HSG,2022-12-26 09:00:00,1097,2,8.33,8.33,7.77,7.77,14473200,116509260.00000001,derived_ohlc4
HOSE_HSG,HSG,2022-12-27 09:00:00,1098,2,7.7,8.3,7.63,8.3,11900700,94997337.75,derived_ohlc4
HOSE_HSG,HSG,2022-12-28 09:00:00,1099,2,8.47,8.62,8.33,8.4,8250000,69753750.0,derived_ohlc4
HOSE_HSG,HSG,2022-12-29 09:00:00,1100,2,8.33,8.54,8.09,8.16,7474700,61890515.99999999,derived_ohlc4
HOSE_HSG,HSG,2022-12-30 09:00:00,1101,2,8.26,8.44,8.12,8.16,5662900,46690610.50000001,derived_ohlc4
HOSE_HSG,HSG,2023-01-03 09:00:00,1102,2,8.23,8.72,8.23,8.72,8730300,73989292.50000001,derived_ohlc4
HOSE_HSG,HSG,2023-01-04 09:00:00,1103,2,9.04,9.11,8.83,8.93,10832400,97247870.99999999,derived_ohlc4
HOSE_HSG,HSG,2023-01-05 09:00:00,1104,2,8.97,9.32,8.72,9.32,14844200,134822446.5,derived_ohlc4
HOSE_HSG,HSG,2023-01-06 09:00:00,1105,2,9.32,9.46,8.86,8.93,12625000,115424062.5,derived_ohlc4
HOSE_HSG,HSG,2023-01-09 09:00:00,1106,2,9.07,9.22,8.83,8.83,8298400,74581869.99999999,derived_ohlc4
HOSE_HSG,HSG,2023-01-10 09:00:00,1107,2,8.83,9.32,8.51,9.07,13314800,118934450.99999999,derived_ohlc4
HOSE_HSG,HSG,2023-01-11 09:00:00,1108,2,9.25,9.64,9.14,9.25,14775000,137703000.0,derived_ohlc4
HOSE_HSG,HSG,2023-01-12 09:00:00,1109,2,9.39,9.39,9.14,9.32,8994000,83734140.0,derived_ohlc4
HOSE_HSG,HSG,2023-01-13 09:00:00,1110,2,9.53,9.57,9.25,9.25,8033700,75516780.0,derived_ohlc4
HOSE_HSG,HSG,2023-01-16 09:00:00,1111,2,9.36,9.82,9.14,9.67,17168300,163055929.25,derived_ohlc4
HOSE_HSG,HSG,2023-01-17 09:00:00,1112,2,9.82,10.34,9.78,10.34,20553300,206971731.0,derived_ohlc4
HOSE_HSG,HSG,2023-01-18 09:00:00,1113,2,10.59,10.66,10.27,10.27,14966100,156358329.75,derived_ohlc4
HOSE_HSG,HSG,2023-01-19 09:00:00,1114,2,10.24,10.59,10.2,10.27,16174100,166997582.5,derived_ohlc4
HOSE_HSG,HSG,2023-01-27 09:00:00,1115,2,10.34,10.66,10.1,10.56,13798700,143713460.5,derived_ohlc4
HOSE_HSG,HSG,2023-01-30 09:00:00,1116,2,10.52,11.09,10.42,10.56,17265900,183838670.25,derived_ohlc4
HOSE_HSG,HSG,2023-01-31 09:00:00,1117,2,10.59,10.94,10.49,10.94,15750400,169159296.0,derived_ohlc4
HOSE_HSG,HSG,2023-02-01 09:00:00,1118,2,11.09,11.44,10.2,10.34,31436800,338495744.00000006,derived_ohlc4
HOSE_HSG,HSG,2023-02-02 09:00:00,1119,2,10.49,10.59,10.2,10.24,15223800,158023043.99999997,derived_ohlc4
HOSE_HSG,HSG,2023-02-03 09:00:00,1120,2,10.27,10.59,10.17,10.38,10211800,105717659.50000001,derived_ohlc4
HOSE_HSG,HSG,2023-02-06 09:00:00,1121,2,10.24,10.38,9.96,10.27,10269900,104881353.75,derived_ohlc4
HOSE_HSG,HSG,2023-02-07 09:00:00,1122,2,10.27,10.42,9.57,9.57,26698600,265851309.5,derived_ohlc4
HOSE_HSG,HSG,2023-02-08 09:00:00,1123,2,9.6,10.2,9.22,10.2,14944500,146530822.5,derived_ohlc4
HOSE_HSG,HSG,2023-02-09 09:00:00,1124,2,10.2,10.45,9.99,10.06,9942200,101161885.0,derived_ohlc4
HOSE_HSG,HSG,2023-02-10 09:00:00,1125,2,10.03,10.31,9.82,10.17,12669000,127735192.5,derived_ohlc4
HOSE_HSG,HSG,2023-02-13 09:00:00,1126,2,9.99,10.17,9.6,10.17,11937500,119166093.75,derived_ohlc4
HOSE_HSG,HSG,2023-02-14 09:00:00,1127,2,10.17,10.66,10.13,10.49,15714800,162844615.0,derived_ohlc4
HOSE_HSG,HSG,2023-02-15 09:00:00,1128,2,10.49,10.84,10.38,10.66,18776500,198890076.25000003,derived_ohlc4
HOSE_HSG,HSG,2023-02-16 09:00:00,1129,2,10.8,11.23,10.59,11.19,31945800,349886374.5,derived_ohlc4
HOSE_HSG,HSG,2023-02-17 09:00:00,1130,2,11.19,11.26,10.84,10.94,16606800,183629691.0,derived_ohlc4
HOSE_HSG,HSG,2023-02-20 09:00:00,1131,2,10.98,11.44,10.98,11.44,21415600,240068876.00000003,derived_ohlc4
HOSE_HSG,HSG,2023-02-21 09:00:00,1132,2,11.65,11.65,11.16,11.16,21773900,248331329.50000003,derived_ohlc4
HOSE_HSG,HSG,2023-02-22 09:00:00,1133,2,10.94,11.58,10.59,10.59,36707500,401029437.5,derived_ohlc4
HOSE_HSG,HSG,2023-02-23 09:00:00,1134,2,10.7,11.16,10.24,11.16,23886000,258327090.00000003,derived_ohlc4
HOSE_HSG,HSG,2023-02-24 09:00:00,1135,2,11.16,11.26,10.59,10.73,13660800,149380848.00000003,derived_ohlc4
HOSE_HSG,HSG,2023-02-27 09:00:00,1136,2,10.45,10.59,10.17,10.17,20534100,212425264.5,derived_ohlc4
HOSE_HSG,HSG,2023-02-28 09:00:00,1137,2,10.45,10.52,10.1,10.27,9109700,94148749.50000001,derived_ohlc4
HOSE_HSG,HSG,2023-03-01 09:00:00,1138,2,10.27,10.98,10.13,10.98,17917500,189746325.0,derived_ohlc4
HOSE_HSG,HSG,2023-03-02 09:00:00,1139,2,11.02,11.19,10.84,10.94,12086100,132916884.74999999,derived_ohlc4
HOSE_HSG,HSG,2023-03-03 09:00:00,1140,2,11.09,11.4,10.8,10.8,25029700,275889868.25,derived_ohlc4
HOSE_HSG,HSG,2023-03-06 09:00:00,1141,2,11.16,11.26,10.66,10.84,11262000,123656760.0,derived_ohlc4
HOSE_HSG,HSG,2023-03-07 09:00:00,1142,2,10.94,11.51,10.94,11.37,24689500,276275505.0,derived_ohlc4
HOSE_HSG,HSG,2023-03-08 09:00:00,1143,2,11.26,11.47,11.23,11.47,18067000,205195952.5,derived_ohlc4
HOSE_HSG,HSG,2023-03-09 09:00:00,1144,2,11.51,11.79,11.47,11.47,27862400,322089343.99999994,derived_ohlc4
HOSE_HSG,HSG,2023-03-10 09:00:00,1145,2,11.3,11.62,11.16,11.58,25597300,292193179.5,derived_ohlc4
HOSE_HSG,HSG,2023-03-13 09:00:00,1146,2,11.4,11.72,11.23,11.44,19942400,228290624.0,derived_ohlc4
HOSE_HSG,HSG,2023-03-14 09:00:00,1147,2,11.44,11.44,10.84,10.98,25155000,281107125.0,derived_ohlc4
HOSE_HSG,HSG,2023-03-15 09:00:00,1148,2,11.3,11.69,11.19,11.69,18759400,215123419.5,derived_ohlc4
HOSE_HSG,HSG,2023-03-16 09:00:00,1149,2,11.51,11.65,11.3,11.37,15624200,179014271.5,derived_ohlc4
HOSE_HSG,HSG,2023-03-17 09:00:00,1150,2,11.54,11.62,11.33,11.44,15713300,180427967.24999997,derived_ohlc4
HOSE_HSG,HSG,2023-03-20 09:00:00,1151,2,11.37,11.54,11.09,11.09,13756300,155067891.75,derived_ohlc4
HOSE_HSG,HSG,2023-03-21 09:00:00,1152,2,11.23,11.44,11.02,11.37,8970900,101057188.49999999,derived_ohlc4
HOSE_HSG,HSG,2023-03-22 09:00:00,1153,2,11.51,11.51,11.19,11.19,8705100,98802885.0,derived_ohlc4
HOSE_HSG,HSG,2023-03-23 09:00:00,1154,2,11.02,11.4,11.02,11.3,8352100,93418238.49999999,derived_ohlc4
HOSE_HSG,HSG,2023-03-24 09:00:00,1155,2,11.37,11.44,11.23,11.23,9374100,106091376.74999999,derived_ohlc4
HOSE_HSG,HSG,2023-03-27 09:00:00,1156,2,11.3,11.65,11.16,11.54,18241800,208184542.5,derived_ohlc4
HOSE_HSG,HSG,2023-03-28 09:00:00,1157,2,11.65,11.72,11.47,11.47,10528200,121890235.5,derived_ohlc4
HOSE_HSG,HSG,2023-03-29 09:00:00,1158,2,11.47,11.9,11.44,11.69,21318200,247824075.0,derived_ohlc4
HOSE_HSG,HSG,2023-03-30 09:00:00,1159,2,11.86,11.93,11.44,11.47,18937200,221091809.99999997,derived_ohlc4
HOSE_HSG,HSG,2023-03-31 09:00:00,1160,2,11.47,11.58,11.02,11.37,25686000,291792960.0,derived_ohlc4
HOSE_HSG,HSG,2023-04-03 09:00:00,1161,2,11.54,11.58,11.33,11.44,12702300,145727136.74999997,derived_ohlc4
HOSE_HSG,HSG,2023-04-04 09:00:00,1162,2,11.51,11.65,11.44,11.62,14285500,165068952.5,derived_ohlc4
HOSE_HSG,HSG,2023-04-05 09:00:00,1163,2,11.58,11.83,11.51,11.79,15563100,181738100.25,derived_ohlc4
HOSE_HSG,HSG,2023-04-06 09:00:00,1164,2,11.86,12.08,11.58,11.58,21571200,254000879.99999997,derived_ohlc4
HOSE_HSG,HSG,2023-04-07 09:00:00,1165,2,11.58,11.69,11.26,11.44,14894700,171177339.75,derived_ohlc4
HOSE_HSG,HSG,2023-04-10 09:00:00,1166,2,11.44,11.54,11.02,11.02,22745400,255999476.99999997,derived_ohlc4
HOSE_HSG,HSG,2023-04-11 09:00:00,1167,2,10.94,11.23,10.91,11.16,9979800,110376587.99999999,derived_ohlc4
HOSE_HSG,HSG,2023-04-12 09:00:00,1168,2,11.16,11.26,10.98,10.98,8424000,93464280.00000001,derived_ohlc4
HOSE_HSG,HSG,2023-04-13 09:00:00,1169,2,11.02,11.09,10.59,10.66,12673500,137380740.0,derived_ohlc4
HOSE_HSG,HSG,2023-04-14 09:00:00,1170,2,10.8,11.05,10.73,10.84,10681200,115944426.0,derived_ohlc4
HOSE_HSG,HSG,2023-04-17 09:00:00,1171,2,10.84,11.12,10.84,11.02,5009900,54883454.49999999,derived_ohlc4
HOSE_HSG,HSG,2023-04-18 09:00:00,1172,2,11.09,11.16,11.02,11.09,6043000,67016870.0,derived_ohlc4
HOSE_HSG,HSG,2023-04-19 09:00:00,1173,2,11.12,11.16,10.8,10.8,5743500,63006194.99999999,derived_ohlc4
HOSE_HSG,HSG,2023-04-20 09:00:00,1174,2,10.8,10.94,10.77,10.8,3331600,36072899.0,derived_ohlc4
HOSE_HSG,HSG,2023-04-21 09:00:00,1175,2,10.87,10.87,10.42,10.56,8654400,92428992.0,derived_ohlc4
HOSE_HSG,HSG,2023-04-24 09:00:00,1176,2,10.52,10.63,10.17,10.31,8289200,86269849.0,derived_ohlc4
HOSE_HSG,HSG,2023-04-25 09:00:00,1177,2,10.38,10.73,10.38,10.56,6776200,71234802.5,derived_ohlc4
HOSE_HSG,HSG,2023-04-26 09:00:00,1178,2,10.56,11.09,10.45,11.09,13611300,146968011.75,derived_ohlc4
HOSE_HSG,HSG,2023-04-27 09:00:00,1179,2,11.12,11.16,10.77,10.8,10648200,116730892.49999999,derived_ohlc4
HOSE_HSG,HSG,2023-04-28 09:00:00,1180,2,10.94,11.02,10.77,10.94,8181600,89322618.0,derived_ohlc4
HOSE_HSG,HSG,2023-05-04 09:00:00,1181,2,10.94,11.16,10.84,10.94,9117300,100016780.99999999,derived_ohlc4
HOSE_HSG,HSG,2023-05-05 09:00:00,1182,2,10.87,11.16,10.8,10.98,11244600,123156481.5,derived_ohlc4
HOSE_HSG,HSG,2023-05-08 09:00:00,1183,2,11.09,11.12,10.91,11.02,8157700,90020219.5,derived_ohlc4
HOSE_HSG,HSG,2023-05-09 09:00:00,1184,2,11.09,11.47,11.05,11.26,18277300,205025612.75,derived_ohlc4
HOSE_HSG,HSG,2023-05-10 09:00:00,1185,2,11.3,11.37,11.16,11.26,9279400,104602036.49999999,derived_ohlc4
HOSE_HSG,HSG,2023-05-11 09:00:00,1186,2,11.26,11.58,11.23,11.37,16677700,189458672.0,derived_ohlc4
HOSE_HSG,HSG,2023-05-12 09:00:00,1187,2,11.37,11.72,11.33,11.51,15278300,175433079.75,derived_ohlc4
HOSE_HSG,HSG,2023-05-15 09:00:00,1188,2,11.65,11.65,11.23,11.23,18117700,207266488.00000003,derived_ohlc4
HOSE_HSG,HSG,2023-05-16 09:00:00,1189,2,11.3,11.37,11.09,11.16,8319900,93432477.0,derived_ohlc4
HOSE_HSG,HSG,2023-05-17 09:00:00,1190,2,11.12,11.19,10.94,10.94,12031500,132917996.25,derived_ohlc4
HOSE_HSG,HSG,2023-05-18 09:00:00,1191,2,11.02,11.09,10.91,10.91,8696600,95510409.49999999,derived_ohlc4
HOSE_HSG,HSG,2023-05-19 09:00:00,1192,2,10.94,11.12,10.87,10.98,6168000,67709220.0,derived_ohlc4
HOSE_HSG,HSG,2023-05-22 09:00:00,1193,2,11.02,11.51,11.02,11.4,20021000,224985987.49999997,derived_ohlc4
HOSE_HSG,HSG,2023-05-23 09:00:00,1194,2,11.4,11.51,11.19,11.26,14913300,169116822.0,derived_ohlc4
HOSE_HSG,HSG,2023-05-24 09:00:00,1195,2,11.3,11.37,11.02,11.02,16141300,180419380.74999997,derived_ohlc4
HOSE_HSG,HSG,2023-05-25 09:00:00,1196,2,10.94,11.12,10.87,10.94,13640300,149599990.25,derived_ohlc4
HOSE_HSG,HSG,2023-05-26 09:00:00,1197,2,11.02,11.02,10.73,10.84,14893400,162375293.5,derived_ohlc4
HOSE_HSG,HSG,2023-05-29 09:00:00,1198,2,10.94,11.09,10.84,11.09,9596100,105461139.00000001,derived_ohlc4
HOSE_HSG,HSG,2023-05-30 09:00:00,1199,2,11.16,11.3,11.02,11.19,13348100,149064906.75,derived_ohlc4
HOSE_HSG,HSG,2023-05-31 09:00:00,1200,2,11.16,11.19,10.73,10.87,36226900,398043063.74999994,derived_ohlc4
HOSE_HSG,HSG,2023-06-01 09:00:00,1201,2,10.8,10.84,10.56,10.73,15032800,161339526.00000003,derived_ohlc4
HOSE_HSG,HSG,2023-06-02 09:00:00,1202,2,10.77,11.09,10.77,10.94,15489300,168717200.24999997,derived_ohlc4
HOSE_HSG,HSG,2023-06-05 09:00:00,1203,2,11.09,11.3,11.02,11.19,24917400,277829009.99999994,derived_ohlc4
HOSE_HSG,HSG,2023-06-06 09:00:00,1204,2,11.23,11.44,11.09,11.37,18954200,213850761.5,derived_ohlc4
HOSE_HSG,HSG,2023-06-07 09:00:00,1205,2,11.58,11.93,11.58,11.83,28558500,334991204.99999994,derived_ohlc4
HOSE_HSG,HSG,2023-06-08 09:00:00,1206,2,11.83,11.93,11.54,11.54,22245500,260494804.99999997,derived_ohlc4
HOSE_HSG,HSG,2023-06-09 09:00:00,1207,2,11.51,11.72,11.47,11.69,14869800,172452505.5,derived_ohlc4
HOSE_HSG,HSG,2023-06-12 09:00:00,1208,2,11.69,11.76,11.37,11.65,16534200,192086068.5,derived_ohlc4
HOSE_HSG,HSG,2023-06-13 09:00:00,1209,2,11.72,12.22,11.58,12.14,28857200,343833538.0,derived_ohlc4
HOSE_HSG,HSG,2023-06-14 09:00:00,1210,2,12.18,12.18,11.86,11.86,14690500,176579810.0,derived_ohlc4
HOSE_HSG,HSG,2023-06-15 09:00:00,1211,2,11.83,11.9,11.54,11.69,19519300,229156581.99999997,derived_ohlc4
HOSE_HSG,HSG,2023-06-16 09:00:00,1212,2,11.79,12.0,11.65,11.65,22529200,265225006.99999997,derived_ohlc4
HOSE_HSG,HSG,2023-06-19 09:00:00,1213,2,11.65,11.69,11.47,11.47,8022300,92818011.0,derived_ohlc4
HOSE_HSG,HSG,2023-06-20 09:00:00,1214,2,11.47,11.72,11.47,11.72,6195000,71831025.0,derived_ohlc4
HOSE_HSG,HSG,2023-06-21 09:00:00,1215,2,11.76,12.11,11.62,12.11,20375900,242473209.99999997,derived_ohlc4
HOSE_HSG,HSG,2023-06-22 09:00:00,1216,2,12.18,12.39,12.0,12.29,24480000,299023200.0,derived_ohlc4
HOSE_HSG,HSG,2023-06-23 09:00:00,1217,2,12.32,12.46,12.18,12.25,18813300,231450623.25,derived_ohlc4
HOSE_HSG,HSG,2023-06-26 09:00:00,1218,2,12.43,12.51,12.0,12.32,12386500,152539747.5,derived_ohlc4
HOSE_HSG,HSG,2023-06-27 09:00:00,1219,2,12.36,12.4,12.07,12.29,14965400,183775112.0,derived_ohlc4
HOSE_HSG,HSG,2023-06-28 09:00:00,1220,2,12.29,12.43,12.14,12.22,13758200,168813114.0,derived_ohlc4
HOSE_HSG,HSG,2023-06-29 09:00:00,1221,2,12.29,12.32,11.92,11.92,12393800,150119902.5,derived_ohlc4
HOSE_HSG,HSG,2023-06-30 09:00:00,1222,2,11.92,12.03,11.85,11.96,7423100,88631814.0,derived_ohlc4
HOSE_HSG,HSG,2023-07-03 09:00:00,1223,2,12.03,12.07,11.92,11.92,5943000,71226855.0,derived_ohlc4
HOSE_HSG,HSG,2023-07-04 09:00:00,1224,2,11.92,12.07,11.85,12.07,9861300,118113720.75000001,derived_ohlc4
HOSE_HSG,HSG,2023-07-05 09:00:00,1225,2,12.14,12.29,12.0,12.14,18842600,228796270.5,derived_ohlc4
HOSE_HSG,HSG,2023-07-06 09:00:00,1226,2,12.03,12.18,11.78,11.92,10548600,126345856.50000001,derived_ohlc4
HOSE_HSG,HSG,2023-07-07 09:00:00,1227,2,11.89,12.51,11.82,12.51,22971100,279845425.75,derived_ohlc4
HOSE_HSG,HSG,2023-07-10 09:00:00,1228,2,12.51,12.72,12.43,12.69,18054300,227258501.24999997,derived_ohlc4
HOSE_HSG,HSG,2023-07-11 09:00:00,1229,2,12.69,12.76,12.58,12.69,15896600,201568888.0,derived_ohlc4
HOSE_HSG,HSG,2023-07-12 09:00:00,1230,2,12.72,12.72,12.51,12.69,9269200,117348072.0,derived_ohlc4
HOSE_HSG,HSG,2023-07-13 09:00:00,1231,2,12.8,12.94,12.69,12.72,9868100,126188328.75,derived_ohlc4
HOSE_HSG,HSG,2023-07-14 09:00:00,1232,2,12.76,13.09,12.72,12.91,17405000,224002350.00000003,derived_ohlc4
HOSE_HSG,HSG,2023-07-17 09:00:00,1233,2,13.02,13.05,12.72,12.83,8725900,112607739.5,derived_ohlc4
HOSE_HSG,HSG,2023-07-18 09:00:00,1234,2,12.8,12.8,12.51,12.54,15198800,192454805.0,derived_ohlc4
HOSE_HSG,HSG,2023-07-19 09:00:00,1235,2,12.58,12.72,12.51,12.62,13943500,175792676.25,derived_ohlc4
HOSE_HSG,HSG,2023-07-20 09:00:00,1236,2,12.54,12.8,12.54,12.76,11024300,139567637.99999997,derived_ohlc4
HOSE_HSG,HSG,2023-07-21 09:00:00,1237,2,12.83,13.3,12.76,13.23,19963400,260123102.00000003,derived_ohlc4
HOSE_HSG,HSG,2023-07-24 09:00:00,1238,2,13.34,13.49,13.16,13.3,12677100,168890664.74999997,derived_ohlc4
HOSE_HSG,HSG,2023-07-25 09:00:00,1239,2,13.3,13.6,13.2,13.3,15187200,202749119.99999997,derived_ohlc4
HOSE_HSG,HSG,2023-07-26 09:00:00,1240,2,13.38,13.7,13.34,13.6,14432600,194912263.0,derived_ohlc4
HOSE_HSG,HSG,2023-07-27 09:00:00,1241,2,13.6,13.67,13.27,13.63,16726100,226513209.25,derived_ohlc4
HOSE_HSG,HSG,2023-07-28 09:00:00,1242,2,13.63,14.03,13.52,14.03,21291100,293870407.75,derived_ohlc4
HOSE_HSG,HSG,2023-07-31 09:00:00,1243,2,13.89,14.0,13.45,14.0,23750500,328588167.5,derived_ohlc4
HOSE_HSG,HSG,2023-08-01 09:00:00,1244,2,13.96,13.96,13.52,13.52,15375300,211256621.99999997,derived_ohlc4
HOSE_HSG,HSG,2023-08-02 09:00:00,1245,2,13.38,13.74,13.34,13.67,11520500,155901166.25,derived_ohlc4
HOSE_HSG,HSG,2023-08-03 09:00:00,1246,2,13.67,13.67,13.3,13.6,15588700,211382772.0,derived_ohlc4
HOSE_HSG,HSG,2023-08-04 09:00:00,1247,2,13.63,13.74,13.45,13.74,9833900,134134396.0,derived_ohlc4
HOSE_HSG,HSG,2023-08-07 09:00:00,1248,2,13.92,13.96,13.67,13.81,11907100,164794264.00000003,derived_ohlc4
HOSE_HSG,HSG,2023-08-08 09:00:00,1249,2,13.89,14.03,13.56,13.6,13509400,186024438.00000003,derived_ohlc4
HOSE_HSG,HSG,2023-08-09 09:00:00,1250,2,13.52,13.96,13.41,13.89,18013300,246692143.5,derived_ohlc4
HOSE_HSG,HSG,2023-08-10 09:00:00,1251,2,13.81,13.96,13.63,13.67,7955100,109521839.25000001,derived_ohlc4
HOSE_HSG,HSG,2023-08-11 09:00:00,1252,2,13.7,14.47,13.56,14.43,25031300,351439452.0,derived_ohlc4
HOSE_HSG,HSG,2023-08-14 09:00:00,1253,2,14.5,14.8,14.5,14.61,11484400,167700951.0,derived_ohlc4
HOSE_HSG,HSG,2023-08-15 09:00:00,1254,2,14.69,15.05,14.47,14.98,15148700,224162888.25,derived_ohlc4
HOSE_HSG,HSG,2023-08-16 09:00:00,1255,2,14.98,14.98,14.69,14.83,7043300,104733871.0,derived_ohlc4
HOSE_HSG,HSG,2023-08-17 09:00:00,1256,2,14.9,15.09,14.54,14.54,15611400,230541349.5,derived_ohlc4
HOSE_HSG,HSG,2023-08-18 09:00:00,1257,2,14.43,14.47,13.52,13.52,28229000,394782565.0,derived_ohlc4
HOSE_HSG,HSG,2023-08-21 09:00:00,1258,2,13.52,13.7,13.05,13.41,11826600,158712971.99999997,derived_ohlc4
HOSE_HSG,HSG,2023-08-22 09:00:00,1259,2,13.67,13.67,12.72,13.38,10238900,136791704.0,derived_ohlc4
HOSE_HSG,HSG,2023-08-23 09:00:00,1260,2,13.56,13.56,13.3,13.3,5144800,69094664.0,derived_ohlc4
HOSE_HSG,HSG,2023-08-24 09:00:00,1261,2,13.3,13.63,13.12,13.63,8276800,111074656.0,derived_ohlc4
HOSE_HSG,HSG,2023-08-25 09:00:00,1262,2,13.67,13.74,13.49,13.52,10088900,137259484.5,derived_ohlc4
HOSE_HSG,HSG,2023-08-28 09:00:00,1263,2,13.56,14.03,13.56,13.96,13013000,179286607.5,derived_ohlc4
HOSE_HSG,HSG,2023-08-29 09:00:00,1264,2,14.03,14.18,13.74,13.89,7680900,107225364.0,derived_ohlc4
HOSE_HSG,HSG,2023-08-30 09:00:00,1265,2,13.92,14.4,13.85,14.32,10666700,150640470.75,derived_ohlc4
HOSE_HSG,HSG,2023-08-31 09:00:00,1266,2,14.5,14.69,14.32,14.54,11670800,169372485.0,derived_ohlc4
HOSE_HSG,HSG,2023-09-05 09:00:00,1267,2,14.65,14.9,14.36,14.5,9748600,142353931.5,derived_ohlc4
HOSE_HSG,HSG,2023-09-06 09:00:00,1268,2,14.5,15.49,14.25,15.49,24075500,359507403.75,derived_ohlc4
HOSE_HSG,HSG,2023-09-07 09:00:00,1269,2,15.67,15.85,15.52,15.63,14738800,230920149.0,derived_ohlc4
HOSE_HSG,HSG,2023-09-08 09:00:00,1270,2,15.63,16.21,15.6,16.0,17241600,273451776.0,derived_ohlc4
HOSE_HSG,HSG,2023-09-11 09:00:00,1271,2,16.21,16.21,15.49,15.49,15962600,253007210.00000003,derived_ohlc4
HOSE_HSG,HSG,2023-09-12 09:00:00,1272,2,15.41,15.89,15.2,15.89,15981800,249276125.5,derived_ohlc4
HOSE_HSG,HSG,2023-09-13 09:00:00,1273,2,16.0,16.61,15.7,16.0,16797800,270066629.5,derived_ohlc4
HOSE_HSG,HSG,2023-09-14 09:00:00,1274,2,16.0,16.0,15.27,15.49,13600100,213385569.0,derived_ohlc4
HOSE_HSG,HSG,2023-09-15 09:00:00,1275,2,15.56,16.0,15.27,15.56,10739900,167515590.25,derived_ohlc4
HOSE_HSG,HSG,2023-09-18 09:00:00,1276,2,15.56,16.07,15.56,15.85,12478300,196658008.00000003,derived_ohlc4
HOSE_HSG,HSG,2023-09-19 09:00:00,1277,2,16.0,16.72,15.56,16.72,18388300,298809875.0,derived_ohlc4
HOSE_HSG,HSG,2023-09-20 09:00:00,1278,2,16.72,16.9,16.61,16.83,8282100,138849406.5,derived_ohlc4
HOSE_HSG,HSG,2023-09-21 09:00:00,1279,2,16.72,17.38,16.65,16.83,17847900,301540270.49999994,derived_ohlc4
HOSE_HSG,HSG,2023-09-22 09:00:00,1280,2,16.32,16.43,15.67,15.67,34490400,552622434.0,derived_ohlc4
HOSE_HSG,HSG,2023-09-25 09:00:00,1281,2,15.41,15.7,14.58,14.58,17096400,257600006.99999997,derived_ohlc4
HOSE_HSG,HSG,2023-09-26 09:00:00,1282,2,14.47,14.69,13.81,13.81,20319200,288431044.0,derived_ohlc4
HOSE_HSG,HSG,2023-09-27 09:00:00,1283,2,13.89,14.54,13.6,14.54,11843800,167500941.5,derived_ohlc4
HOSE_HSG,HSG,2023-09-28 09:00:00,1284,2,14.32,14.87,14.1,14.76,11066600,160604032.5,derived_ohlc4
HOSE_HSG,HSG,2023-09-29 09:00:00,1285,2,14.9,14.94,14.43,14.54,8445900,124175844.74999999,derived_ohlc4
HOSE_HSG,HSG,2023-10-02 09:00:00,1286,2,14.65,14.9,14.47,14.61,6923900,101487064.25,derived_ohlc4
HOSE_HSG,HSG,2023-10-03 09:00:00,1287,2,14.25,14.32,13.6,13.6,18604200,259389058.5,derived_ohlc4
HOSE_HSG,HSG,2023-10-04 09:00:00,1288,2,13.09,14.25,13.09,13.89,12345200,167647816.0,derived_ohlc4
HOSE_HSG,HSG,2023-10-05 09:00:00,1289,2,13.96,14.03,13.34,13.34,7018600,95926715.5,derived_ohlc4
HOSE_HSG,HSG,2023-10-06 09:00:00,1290,2,13.34,13.81,13.02,13.63,7732900,104007505.00000001,derived_ohlc4
HOSE_HSG,HSG,2023-10-09 09:00:00,1291,2,13.6,14.18,13.6,14.07,7871900,109124213.75,derived_ohlc4
HOSE_HSG,HSG,2023-10-10 09:00:00,1292,2,14.25,14.4,14.03,14.03,6954200,98593170.5,derived_ohlc4
HOSE_HSG,HSG,2023-10-11 09:00:00,1293,2,14.07,14.32,13.92,14.32,6699700,94851002.75,derived_ohlc4
HOSE_HSG,HSG,2023-10-12 09:00:00,1294,2,14.47,14.72,14.1,14.32,6716000,96727190.0,derived_ohlc4
HOSE_HSG,HSG,2023-10-13 09:00:00,1295,2,14.07,14.32,13.85,14.29,5771300,81562897.25,derived_ohlc4
HOSE_HSG,HSG,2023-10-16 09:00:00,1296,2,14.29,14.36,13.67,13.67,7201700,100805795.75,derived_ohlc4
HOSE_HSG,HSG,2023-10-17 09:00:00,1297,2,13.74,14.03,13.09,13.09,6701700,90389178.75,derived_ohlc4
HOSE_HSG,HSG,2023-10-18 09:00:00,1298,2,13.23,13.27,12.18,12.36,19478200,248541832.0,derived_ohlc4
HOSE_HSG,HSG,2023-10-19 09:00:00,1299,2,12.36,12.58,11.71,12.36,10213500,125140908.75,derived_ohlc4
HOSE_HSG,HSG,2023-10-20 09:00:00,1300,2,12.36,12.94,12.32,12.94,7571200,95699967.99999999,derived_ohlc4
HOSE_HSG,HSG,2023-10-23 09:00:00,1301,2,12.94,13.16,12.62,12.87,7795200,100538592.0,derived_ohlc4
HOSE_HSG,HSG,2023-10-24 09:00:00,1302,2,12.91,13.02,12.54,12.87,4599200,59030731.99999999,derived_ohlc4
HOSE_HSG,HSG,2023-10-25 09:00:00,1303,2,12.98,13.3,12.91,12.94,6116200,79709376.5,derived_ohlc4
HOSE_HSG,HSG,2023-10-26 09:00:00,1304,2,12.62,12.65,12.07,12.07,13910200,171825745.5,derived_ohlc4
HOSE_HSG,HSG,2023-10-27 09:00:00,1305,2,12.14,12.83,11.82,12.83,9350400,115991712.0,derived_ohlc4
HOSE_HSG,HSG,2023-10-30 09:00:00,1306,2,12.8,13.12,12.51,12.51,6747500,85929412.5,derived_ohlc4
HOSE_HSG,HSG,2023-10-31 09:00:00,1307,2,12.8,12.83,12.22,12.36,7858200,98640055.5,derived_ohlc4
HOSE_HSG,HSG,2023-11-01 09:00:00,1308,2,12.32,12.87,12.25,12.87,6062800,76254867.0,derived_ohlc4
HOSE_HSG,HSG,2023-11-02 09:00:00,1309,2,13.16,13.74,12.98,13.74,14501000,194385905.0,derived_ohlc4
HOSE_HSG,HSG,2023-11-03 09:00:00,1310,2,13.81,14.18,13.56,14.14,14967600,208386411.00000003,derived_ohlc4
HOSE_HSG,HSG,2023-11-06 09:00:00,1311,2,14.21,14.54,14.07,14.54,13691800,196340412.0,derived_ohlc4
HOSE_HSG,HSG,2023-11-07 09:00:00,1312,2,14.4,14.61,14.25,14.36,11765500,169482027.5,derived_ohlc4
HOSE_HSG,HSG,2023-11-08 09:00:00,1313,2,14.29,15.34,14.25,15.34,17835000,264047175.0,derived_ohlc4
HOSE_HSG,HSG,2023-11-09 09:00:00,1314,2,15.49,15.63,15.12,15.12,13844900,212380766.0,derived_ohlc4
HOSE_HSG,HSG,2023-11-10 09:00:00,1315,2,14.94,15.6,14.9,15.01,15613800,235963552.49999997,derived_ohlc4
HOSE_HSG,HSG,2023-11-13 09:00:00,1316,2,15.01,15.92,15.01,15.63,20391600,313877703.0,derived_ohlc4
HOSE_HSG,HSG,2023-11-14 09:00:00,1317,2,15.85,15.92,15.3,15.78,13577100,213330183.75,derived_ohlc4
HOSE_HSG,HSG,2023-11-15 09:00:00,1318,2,16.29,16.29,15.6,15.63,16287800,259831129.5,derived_ohlc4
HOSE_HSG,HSG,2023-11-16 09:00:00,1319,2,15.56,15.7,15.3,15.7,8556900,133188148.50000001,derived_ohlc4
HOSE_HSG,HSG,2023-11-17 09:00:00,1320,2,15.78,16.0,15.27,15.6,19110200,299313507.5,derived_ohlc4
HOSE_HSG,HSG,2023-11-20 09:00:00,1321,2,15.23,15.81,15.2,15.78,10988700,170379793.5,derived_ohlc4
HOSE_HSG,HSG,2023-11-21 09:00:00,1322,2,16.0,16.47,15.85,15.92,14996000,240835759.99999997,derived_ohlc4
HOSE_HSG,HSG,2023-11-22 09:00:00,1323,2,15.89,16.07,15.74,16.0,12046900,191846882.5,derived_ohlc4
HOSE_HSG,HSG,2023-11-23 09:00:00,1324,2,16.0,16.07,14.9,14.9,19109500,295576191.25,derived_ohlc4
HOSE_HSG,HSG,2023-11-24 09:00:00,1325,2,15.12,15.23,14.47,15.23,17239000,258800487.5,derived_ohlc4
HOSE_HSG,HSG,2023-11-27 09:00:00,1326,2,15.27,15.38,14.94,15.01,7223500,109436024.99999999,derived_ohlc4
HOSE_HSG,HSG,2023-11-28 09:00:00,1327,2,15.05,15.49,14.65,15.49,12189700,184917749.0,derived_ohlc4
HOSE_HSG,HSG,2023-11-29 09:00:00,1328,2,15.49,15.85,15.38,15.81,11684700,182661072.75,derived_ohlc4
HOSE_HSG,HSG,2023-11-30 09:00:00,1329,2,15.81,16.0,15.56,15.6,10587400,166672144.50000003,derived_ohlc4
HOSE_HSG,HSG,2023-12-01 09:00:00,1330,2,15.7,15.85,15.41,15.81,9231800,144870021.5,derived_ohlc4
HOSE_HSG,HSG,2023-12-04 09:00:00,1331,2,16.14,16.58,16.0,16.18,20797300,337436192.5,derived_ohlc4
HOSE_HSG,HSG,2023-12-05 09:00:00,1332,2,16.18,16.43,16.1,16.21,12457900,202191717.0,derived_ohlc4
HOSE_HSG,HSG,2023-12-06 09:00:00,1333,2,16.29,16.58,16.07,16.5,10339700,169157492.0,derived_ohlc4
HOSE_HSG,HSG,2023-12-07 09:00:00,1334,2,16.54,16.58,15.63,16.32,22298100,362734341.74999994,derived_ohlc4
HOSE_HSG,HSG,2023-12-08 09:00:00,1335,2,16.29,16.83,16.0,16.07,17005700,277150395.75,derived_ohlc4
HOSE_HSG,HSG,2023-12-11 09:00:00,1336,2,16.07,16.14,15.7,15.78,8579900,136613457.75,derived_ohlc4
HOSE_HSG,HSG,2023-12-12 09:00:00,1337,2,15.85,16.07,15.78,15.81,6330500,100512513.75000001,derived_ohlc4
HOSE_HSG,HSG,2023-12-13 09:00:00,1338,2,15.85,16.03,15.27,15.34,12852200,200783494.50000003,derived_ohlc4
HOSE_HSG,HSG,2023-12-14 09:00:00,1339,2,15.49,15.52,15.2,15.27,10132400,155734987.99999997,derived_ohlc4
HOSE_HSG,HSG,2023-12-15 09:00:00,1340,2,15.27,15.49,15.01,15.16,9144000,139285979.99999997,derived_ohlc4
HOSE_HSG,HSG,2023-12-18 09:00:00,1341,2,15.16,15.38,15.09,15.09,5976700,90726306.0,derived_ohlc4
HOSE_HSG,HSG,2023-12-19 09:00:00,1342,2,15.16,15.63,15.12,15.63,8089600,124458496.0,derived_ohlc4
HOSE_HSG,HSG,2023-12-20 09:00:00,1343,2,15.74,15.74,15.49,15.63,4465800,69889770.0,derived_ohlc4
HOSE_HSG,HSG,2023-12-21 09:00:00,1344,2,15.49,15.92,15.45,15.81,9065500,142033721.25,derived_ohlc4
HOSE_HSG,HSG,2023-12-22 09:00:00,1345,2,15.81,15.92,15.56,15.7,5298000,83430255.0,derived_ohlc4
HOSE_HSG,HSG,2023-12-25 09:00:00,1346,2,15.74,16.29,15.74,15.96,10848200,172838946.5,derived_ohlc4
HOSE_HSG,HSG,2023-12-26 09:00:00,1347,2,15.96,16.18,15.89,16.07,7153800,114639644.99999999,derived_ohlc4
HOSE_HSG,HSG,2023-12-27 09:00:00,1348,2,16.1,16.43,16.1,16.32,15148900,245980263.75,derived_ohlc4
HOSE_HSG,HSG,2023-12-28 09:00:00,1349,2,16.32,16.58,16.29,16.5,11727000,192586657.5,derived_ohlc4
HOSE_HSG,HSG,2023-12-29 09:00:00,1350,2,16.5,16.58,16.4,16.58,12868300,212519974.5,derived_ohlc4
HOSE_HSG,HSG,2024-01-02 09:00:00,1351,2,16.72,16.72,16.1,16.1,12286000,201613260.0,derived_ohlc4
HOSE_HSG,HSG,2024-01-03 09:00:00,1352,2,16.07,16.47,16.03,16.47,7147000,116210219.99999999,derived_ohlc4
HOSE_HSG,HSG,2024-01-04 09:00:00,1353,2,16.47,16.61,16.32,16.32,12784900,210055907.0,derived_ohlc4
HOSE_HSG,HSG,2024-01-05 09:00:00,1354,2,16.32,16.4,16.1,16.25,9177500,149294981.24999997,derived_ohlc4
HOSE_HSG,HSG,2024-01-08 09:00:00,1355,2,16.32,16.43,16.18,16.25,10813900,176212500.50000003,derived_ohlc4
HOSE_HSG,HSG,2024-01-09 09:00:00,1356,2,16.25,16.29,15.85,15.92,16849800,270902659.5,derived_ohlc4
HOSE_HSG,HSG,2024-01-10 09:00:00,1357,2,15.92,15.96,15.49,15.78,19600500,309442893.75,derived_ohlc4
HOSE_HSG,HSG,2024-01-11 09:00:00,1358,2,15.85,16.1,15.85,16.07,10390200,165905518.5,derived_ohlc4
HOSE_HSG,HSG,2024-01-12 09:00:00,1359,2,15.85,16.07,15.63,15.78,12532100,198414473.25000003,derived_ohlc4
HOSE_HSG,HSG,2024-01-15 09:00:00,1360,2,15.89,16.0,15.7,15.7,5883400,93090096.50000001,derived_ohlc4
HOSE_HSG,HSG,2024-01-16 09:00:00,1361,2,15.7,16.65,15.6,16.65,19794000,319673100.0,derived_ohlc4
HOSE_HSG,HSG,2024-01-17 09:00:00,1362,2,16.69,16.72,16.32,16.43,12902400,213405696.0,derived_ohlc4
HOSE_HSG,HSG,2024-01-18 09:00:00,1363,2,16.47,16.69,16.29,16.4,12370800,203654294.99999997,derived_ohlc4
HOSE_HSG,HSG,2024-01-19 09:00:00,1364,2,16.54,16.54,16.25,16.36,8756800,143808548.0,derived_ohlc4
HOSE_HSG,HSG,2024-01-22 09:00:00,1365,2,16.43,16.94,16.4,16.76,25152700,418352282.75,derived_ohlc4
HOSE_HSG,HSG,2024-01-23 09:00:00,1366,2,16.8,16.87,16.58,16.61,6165000,103047975.0,derived_ohlc4
HOSE_HSG,HSG,2024-01-24 09:00:00,1367,2,16.61,16.76,16.58,16.61,10338500,172032640.0,derived_ohlc4
HOSE_HSG,HSG,2024-01-25 09:00:00,1368,2,16.65,16.94,16.47,16.8,12704900,212362403.5,derived_ohlc4
HOSE_HSG,HSG,2024-01-26 09:00:00,1369,2,16.83,17.23,16.83,17.12,14839500,252308598.75000003,derived_ohlc4
HOSE_HSG,HSG,2024-01-29 09:00:00,1370,2,17.05,17.09,16.58,16.61,22504300,378803629.75,derived_ohlc4
HOSE_HSG,HSG,2024-01-30 09:00:00,1371,2,16.61,16.83,16.43,16.83,9393200,156631609.99999997,derived_ohlc4
HOSE_HSG,HSG,2024-01-31 09:00:00,1372,2,16.69,16.83,16.43,16.65,12997300,216405044.99999997,derived_ohlc4
HOSE_HSG,HSG,2024-02-01 09:00:00,1373,2,16.5,16.69,16.47,16.65,7378800,122322057.0,derived_ohlc4
HOSE_HSG,HSG,2024-02-02 09:00:00,1374,2,16.65,16.94,16.58,16.65,10087300,168508346.49999997,derived_ohlc4
HOSE_HSG,HSG,2024-02-05 09:00:00,1375,2,16.72,16.87,16.65,16.8,6949000,116465240.00000001,derived_ohlc4
HOSE_HSG,HSG,2024-02-06 09:00:00,1376,2,16.83,17.01,16.8,16.8,7137400,120336564.0,derived_ohlc4
HOSE_HSG,HSG,2024-02-07 09:00:00,1377,2,16.8,16.98,16.8,16.9,7674400,129467127.99999999,derived_ohlc4
HOSE_HSG,HSG,2024-02-15 09:00:00,1378,2,17.05,17.38,16.94,17.01,11810000,201891950.00000003,derived_ohlc4
HOSE_HSG,HSG,2024-02-16 09:00:00,1379,2,17.01,17.09,16.87,16.98,7205200,122398335.0,derived_ohlc4
HOSE_HSG,HSG,2024-02-19 09:00:00,1380,2,16.98,17.2,16.65,16.94,15246100,258307049.24999997,derived_ohlc4
HOSE_HSG,HSG,2024-02-20 09:00:00,1381,2,16.94,16.98,16.72,16.76,8639700,145578945.0,derived_ohlc4
HOSE_HSG,HSG,2024-02-21 09:00:00,1382,2,16.76,16.8,16.43,16.5,14276400,237309459.00000003,derived_ohlc4
HOSE_HSG,HSG,2024-02-22 09:00:00,1383,2,16.5,16.58,16.4,16.4,9094600,149788062.0,derived_ohlc4
HOSE_HSG,HSG,2024-02-23 09:00:00,1384,2,16.43,16.61,16.1,16.1,12862400,209785744.00000003,derived_ohlc4
HOSE_HSG,HSG,2024-02-26 09:00:00,1385,2,16.1,16.36,16.07,16.32,8024100,130090721.24999999,derived_ohlc4
HOSE_HSG,HSG,2024-02-27 09:00:00,1386,2,16.4,16.94,16.36,16.61,16209300,268709670.75,derived_ohlc4
HOSE_HSG,HSG,2024-02-28 09:00:00,1387,2,16.72,16.83,16.5,16.65,8258300,137707152.49999997,derived_ohlc4
HOSE_HSG,HSG,2024-02-29 09:00:00,1388,2,16.69,16.8,16.43,16.54,9688500,160974427.50000003,derived_ohlc4
HOSE_HSG,HSG,2024-03-01 09:00:00,1389,2,16.5,16.8,16.47,16.76,9527600,158467807.0,derived_ohlc4
HOSE_HSG,HSG,2024-03-04 09:00:00,1390,2,16.98,17.3,16.8,17.05,19031300,324150617.25,derived_ohlc4
HOSE_HSG,HSG,2024-03-05 09:00:00,1391,2,17.05,17.23,16.87,17.09,11632900,198457274.00000003,derived_ohlc4
HOSE_HSG,HSG,2024-03-06 09:00:00,1392,2,17.09,17.09,16.47,16.69,11577100,194900478.5,derived_ohlc4
HOSE_HSG,HSG,2024-03-07 09:00:00,1393,2,16.65,16.8,16.54,16.61,9241700,153874305.0,derived_ohlc4
HOSE_HSG,HSG,2024-03-08 09:00:00,1394,2,16.65,16.72,16.25,16.29,17365900,286146617.25,derived_ohlc4
HOSE_HSG,HSG,2024-03-11 09:00:00,1395,2,16.29,16.32,15.92,15.96,10564600,170327763.50000003,derived_ohlc4
HOSE_HSG,HSG,2024-03-12 09:00:00,1396,2,15.92,16.03,15.89,15.89,11651000,185629557.5,derived_ohlc4
HOSE_HSG,HSG,2024-03-13 09:00:00,1397,2,16.0,16.5,15.89,16.43,11284600,182866942.99999997,derived_ohlc4
HOSE_HSG,HSG,2024-03-14 09:00:00,1398,2,16.5,16.5,16.07,16.18,9751100,159064818.75,derived_ohlc4
HOSE_HSG,HSG,2024-03-15 09:00:00,1399,2,16.14,16.5,16.03,16.07,12987100,210196213.50000003,derived_ohlc4
HOSE_HSG,HSG,2024-03-18 09:00:00,1400,2,16.14,16.25,15.2,15.74,16324100,258451313.25000003,derived_ohlc4
HOSE_HSG,HSG,2024-03-19 09:00:00,1401,2,15.78,16.58,15.63,16.14,17293100,277251625.75,derived_ohlc4
HOSE_HSG,HSG,2024-03-20 09:00:00,1402,2,16.25,16.32,16.07,16.25,6390100,103663397.25,derived_ohlc4
HOSE_HSG,HSG,2024-03-21 09:00:00,1403,2,16.36,16.61,16.21,16.5,13052500,214322050.00000003,derived_ohlc4
HOSE_HSG,HSG,2024-03-22 09:00:00,1404,2,16.61,17.05,16.5,16.9,31322600,525123389.0,derived_ohlc4
HOSE_HSG,HSG,2024-03-25 09:00:00,1405,2,17.05,17.27,16.65,16.72,14818600,250767758.5,derived_ohlc4
HOSE_HSG,HSG,2024-03-26 09:00:00,1406,2,16.58,17.09,16.58,17.09,11522900,193988021.5,derived_ohlc4
HOSE_HSG,HSG,2024-03-27 09:00:00,1407,2,17.45,17.92,17.38,17.52,27369300,480810177.75,derived_ohlc4
HOSE_HSG,HSG,2024-03-28 09:00:00,1408,2,17.6,17.6,17.27,17.49,13643300,238621316.99999997,derived_ohlc4
HOSE_HSG,HSG,2024-03-29 09:00:00,1409,2,17.49,17.52,17.2,17.2,9987500,173308093.75,derived_ohlc4
HOSE_HSG,HSG,2024-04-01 09:00:00,1410,2,17.16,17.3,16.94,17.16,12147900,208215006.0,derived_ohlc4
HOSE_HSG,HSG,2024-04-02 09:00:00,1411,2,17.01,17.56,16.94,17.56,16386500,282953888.75000006,derived_ohlc4
HOSE_HSG,HSG,2024-04-03 09:00:00,1412,2,17.56,17.6,17.16,17.2,9875300,171632714.0,derived_ohlc4
HOSE_HSG,HSG,2024-04-04 09:00:00,1413,2,17.12,17.2,16.87,16.87,10494200,178558813.0,derived_ohlc4
HOSE_HSG,HSG,2024-04-05 09:00:00,1414,2,16.69,16.8,16.43,16.43,14838500,246133618.74999997,derived_ohlc4
HOSE_HSG,HSG,2024-04-08 09:00:00,1415,2,16.47,16.72,16.36,16.43,5443100,89783934.49999999,derived_ohlc4
HOSE_HSG,HSG,2024-04-09 09:00:00,1416,2,16.47,16.69,16.47,16.61,3992100,66109175.99999999,derived_ohlc4
HOSE_HSG,HSG,2024-04-10 09:00:00,1417,2,16.72,16.76,16.47,16.47,5240400,87016842.0,derived_ohlc4
HOSE_HSG,HSG,2024-04-11 09:00:00,1418,2,16.36,17.01,16.29,16.65,11736900,194568459.75,derived_ohlc4
HOSE_HSG,HSG,2024-04-12 09:00:00,1419,2,16.72,16.87,16.54,16.65,7553300,126102343.5,derived_ohlc4
HOSE_HSG,HSG,2024-04-15 09:00:00,1420,2,16.65,16.76,15.49,15.49,19515200,314145932.0,derived_ohlc4
HOSE_HSG,HSG,2024-04-16 09:00:00,1421,2,15.49,15.52,14.65,15.09,14288400,217005075.0,derived_ohlc4
HOSE_HSG,HSG,2024-04-17 09:00:00,1422,2,15.27,15.27,14.54,14.54,7273900,108417479.5,derived_ohlc4
HOSE_HSG,HSG,2024-04-19 09:00:00,1423,2,14.36,14.69,14.1,14.21,13118000,188112120.0,derived_ohlc4
HOSE_HSG,HSG,2024-04-22 09:00:00,1424,2,14.47,14.72,14.4,14.69,6298700,91772059.0,derived_ohlc4
HOSE_HSG,HSG,2024-04-23 09:00:00,1425,2,14.69,14.69,14.18,14.18,5710400,82429624.0,derived_ohlc4
HOSE_HSG,HSG,2024-04-24 09:00:00,1426,2,14.55,14.85,14.4,14.66,6088300,88980504.49999999,derived_ohlc4
HOSE_HSG,HSG,2024-04-25 09:00:00,1427,2,14.7,14.7,14.48,14.63,3268200,47805595.5,derived_ohlc4
HOSE_HSG,HSG,2024-04-26 09:00:00,1428,2,14.48,14.7,14.36,14.48,3700900,53681554.5,derived_ohlc4
HOSE_HSG,HSG,2024-05-02 09:00:00,1429,2,14.48,14.85,14.44,14.78,3908100,57204813.75,derived_ohlc4
HOSE_HSG,HSG,2024-05-03 09:00:00,1430,2,14.92,15.11,14.81,14.92,6732400,100582056.00000001,derived_ohlc4
HOSE_HSG,HSG,2024-05-06 09:00:00,1431,2,15.15,15.37,15.0,15.22,6780900,102967966.49999999,derived_ohlc4
HOSE_HSG,HSG,2024-05-07 09:00:00,1432,2,15.3,15.45,15.15,15.3,5947800,91001340.0,derived_ohlc4
HOSE_HSG,HSG,2024-05-08 09:00:00,1433,2,15.22,15.63,15.0,15.41,7918100,121265701.50000001,derived_ohlc4
HOSE_HSG,HSG,2024-05-09 09:00:00,1434,2,15.6,15.71,15.22,15.22,8706800,134411225.0,derived_ohlc4
HOSE_HSG,HSG,2024-05-10 09:00:00,1435,2,15.26,15.48,15.11,15.41,6800500,104149657.50000001,derived_ohlc4
HOSE_HSG,HSG,2024-05-13 09:00:00,1436,2,15.45,15.82,15.45,15.67,11011100,171745632.25,derived_ohlc4
HOSE_HSG,HSG,2024-05-14 09:00:00,1437,2,15.74,15.82,15.52,15.56,5136300,80434458.0,derived_ohlc4
HOSE_HSG,HSG,2024-05-15 09:00:00,1438,2,15.6,15.97,15.6,15.82,10133000,159569417.5,derived_ohlc4
HOSE_HSG,HSG,2024-05-16 09:00:00,1439,2,16.08,16.19,16.01,16.04,11866100,190806887.99999997,derived_ohlc4
HOSE_HSG,HSG,2024-05-17 09:00:00,1440,2,16.04,16.3,15.89,16.3,8791600,141830487.0,derived_ohlc4
HOSE_HSG,HSG,2024-05-20 09:00:00,1441,2,16.42,16.53,16.27,16.38,11474700,188185079.99999997,derived_ohlc4
HOSE_HSG,HSG,2024-05-21 09:00:00,1442,2,16.27,16.38,16.04,16.27,7109800,115463151.99999999,derived_ohlc4
HOSE_HSG,HSG,2024-05-22 09:00:00,1443,2,16.3,16.6,16.12,16.38,15581500,254757525.00000003,derived_ohlc4
HOSE_HSG,HSG,2024-05-23 09:00:00,1444,2,16.38,16.68,16.3,16.68,14555300,240308002.99999997,derived_ohlc4
HOSE_HSG,HSG,2024-05-24 09:00:00,1445,2,16.49,16.79,15.86,16.08,14429600,235274628.0,derived_ohlc4
HOSE_HSG,HSG,2024-05-27 09:00:00,1446,2,16.04,16.42,15.97,16.42,6735200,109194429.99999999,derived_ohlc4
HOSE_HSG,HSG,2024-05-28 09:00:00,1447,2,16.53,16.53,16.34,16.45,7255700,119446961.25000001,derived_ohlc4
HOSE_HSG,HSG,2024-05-29 09:00:00,1448,2,16.57,16.72,16.23,16.3,10032900,165091369.49999997,derived_ohlc4
HOSE_HSG,HSG,2024-05-30 09:00:00,1449,2,16.04,16.27,15.93,16.08,7180500,115462439.99999999,derived_ohlc4
HOSE_HSG,HSG,2024-05-31 09:00:00,1450,2,16.19,16.34,16.01,16.27,6015200,97461278.0,derived_ohlc4
HOSE_HSG,HSG,2024-06-03 09:00:00,1451,2,16.42,16.68,16.38,16.68,11779800,194837892.0,derived_ohlc4
HOSE_HSG,HSG,2024-06-04 09:00:00,1452,2,16.72,17.65,16.72,17.27,31581500,539727835.0,derived_ohlc4
HOSE_HSG,HSG,2024-06-05 09:00:00,1453,2,17.35,17.5,17.16,17.27,12368700,214225884.0,derived_ohlc4
HOSE_HSG,HSG,2024-06-06 09:00:00,1454,2,17.39,17.91,17.24,17.54,15957800,279580655.99999994,derived_ohlc4
HOSE_HSG,HSG,2024-06-07 09:00:00,1455,2,17.61,17.65,17.35,17.54,9153100,160522491.25,derived_ohlc4
HOSE_HSG,HSG,2024-06-10 09:00:00,1456,2,17.68,17.91,17.5,17.91,17423800,309272450.0,derived_ohlc4
HOSE_HSG,HSG,2024-06-11 09:00:00,1457,2,18.06,18.39,17.95,18.13,16269900,295013961.75,derived_ohlc4
HOSE_HSG,HSG,2024-06-12 09:00:00,1458,2,18.02,18.32,17.76,18.32,11923800,215880399.00000006,derived_ohlc4
HOSE_HSG,HSG,2024-06-13 09:00:00,1459,2,18.43,18.43,18.1,18.21,8757700,160200227.25,derived_ohlc4
HOSE_HSG,HSG,2024-06-14 09:00:00,1460,2,18.13,18.58,17.57,17.57,17400200,312551092.5,derived_ohlc4
HOSE_HSG,HSG,2024-06-17 09:00:00,1461,2,17.68,18.77,17.54,18.77,43647100,793940749.0,derived_ohlc4
HOSE_HSG,HSG,2024-06-18 09:00:00,1462,2,19.1,19.1,18.66,18.77,11387900,215316719.25,derived_ohlc4
HOSE_HSG,HSG,2024-06-19 09:00:00,1463,2,18.73,19.22,18.62,18.8,18621400,350873729.5,derived_ohlc4
HOSE_HSG,HSG,2024-06-20 09:00:00,1464,2,18.8,18.99,18.32,18.8,17862900,334527459.75,derived_ohlc4
HOSE_HSG,HSG,2024-06-21 09:00:00,1465,2,18.8,19.1,18.47,18.8,14586600,274118680.5,derived_ohlc4
HOSE_HSG,HSG,2024-06-24 09:00:00,1466,2,18.54,18.73,17.76,17.91,27733600,505722196.0,derived_ohlc4
HOSE_HSG,HSG,2024-06-25 09:00:00,1467,2,17.91,18.88,17.87,18.66,21408000,392408639.99999994,derived_ohlc4
HOSE_HSG,HSG,2024-06-26 09:00:00,1468,2,18.66,18.8,18.28,18.69,15686500,291886548.75,derived_ohlc4
HOSE_HSG,HSG,2024-06-27 09:00:00,1469,2,18.54,18.66,18.21,18.54,11202000,207096975.0,derived_ohlc4
HOSE_HSG,HSG,2024-06-28 09:00:00,1470,2,18.43,18.47,17.54,17.83,17224700,311207267.25,derived_ohlc4
HOSE_HSG,HSG,2024-07-01 09:00:00,1471,2,17.83,18.32,17.76,18.21,9113900,164323617.0,derived_ohlc4
HOSE_HSG,HSG,2024-07-02 09:00:00,1472,2,18.28,18.54,18.13,18.54,9312600,171095743.50000003,derived_ohlc4
HOSE_HSG,HSG,2024-07-03 09:00:00,1473,2,18.62,18.8,18.54,18.58,11403000,212494904.99999997,derived_ohlc4
HOSE_HSG,HSG,2024-07-04 09:00:00,1474,2,18.73,18.99,18.39,18.62,12078400,225654708.0,derived_ohlc4
HOSE_HSG,HSG,2024-07-05 09:00:00,1475,2,18.66,18.8,18.39,18.62,8410900,156589930.75,derived_ohlc4
HOSE_HSG,HSG,2024-07-08 09:00:00,1476,2,18.69,19.25,18.62,18.92,15829400,298700778.0,derived_ohlc4
HOSE_HSG,HSG,2024-07-09 09:00:00,1477,2,18.95,19.03,18.58,18.8,12808100,241304604.0,derived_ohlc4
HOSE_HSG,HSG,2024-07-10 09:00:00,1478,2,18.92,19.48,18.77,18.88,27768000,527939100.0,derived_ohlc4
HOSE_HSG,HSG,2024-07-11 09:00:00,1479,2,19.03,19.1,18.43,18.54,16543500,310604212.5,derived_ohlc4
HOSE_HSG,HSG,2024-07-12 09:00:00,1480,2,18.54,18.88,18.1,18.58,17974800,332983170.0,derived_ohlc4
HOSE_HSG,HSG,2024-07-15 09:00:00,1481,2,18.66,18.69,18.21,18.32,7446100,137529467.0,derived_ohlc4
HOSE_HSG,HSG,2024-07-16 09:00:00,1482,2,18.36,18.43,18.1,18.13,8726900,159309559.5,derived_ohlc4
HOSE_HSG,HSG,2024-07-17 09:00:00,1483,2,18.17,18.24,17.09,17.68,23028000,409783260.00000006,derived_ohlc4
HOSE_HSG,HSG,2024-07-18 09:00:00,1484,2,17.68,18.24,17.24,18.21,15515600,276837093.0,derived_ohlc4
HOSE_HSG,HSG,2024-07-19 09:00:00,1485,2,18.1,18.1,17.65,17.72,9444000,168976769.99999997,derived_ohlc4
HOSE_HSG,HSG,2024-07-22 09:00:00,1486,2,17.72,17.8,16.9,17.05,13292300,230854020.25,derived_ohlc4
HOSE_HSG,HSG,2024-07-23 09:00:00,1487,2,17.16,17.31,16.79,16.86,11000500,187338515.0,derived_ohlc4
HOSE_HSG,HSG,2024-07-24 09:00:00,1488,2,16.79,17.24,16.49,17.09,9945900,168110574.75,derived_ohlc4
HOSE_HSG,HSG,2024-07-25 09:00:00,1489,2,16.94,17.27,16.9,17.05,5992400,102110496.0,derived_ohlc4
HOSE_HSG,HSG,2024-07-26 09:00:00,1490,2,17.16,17.27,17.05,17.27,4702500,80824218.75,derived_ohlc4
HOSE_HSG,HSG,2024-07-29 09:00:00,1491,2,17.46,17.68,17.31,17.39,7244300,126485478.0,derived_ohlc4
HOSE_HSG,HSG,2024-07-30 09:00:00,1492,2,17.39,17.5,17.01,17.09,6975300,120306486.75000001,derived_ohlc4
HOSE_HSG,HSG,2024-07-31 09:00:00,1493,2,17.16,17.24,15.89,16.27,27851700,463452288.0,derived_ohlc4
HOSE_HSG,HSG,2024-08-01 09:00:00,1494,2,16.27,16.42,15.41,15.56,15122900,240680953.5,derived_ohlc4
HOSE_HSG,HSG,2024-08-02 09:00:00,1495,2,15.22,16.08,15.22,16.01,9848900,153962929.25,derived_ohlc4
HOSE_HSG,HSG,2024-08-05 09:00:00,1496,2,15.63,15.78,14.92,14.92,14381700,220219781.25,derived_ohlc4
HOSE_HSG,HSG,2024-08-06 09:00:00,1497,2,15.22,15.63,14.92,15.63,9877100,151613485.0,derived_ohlc4
HOSE_HSG,HSG,2024-08-07 09:00:00,1498,2,15.67,15.74,15.3,15.74,5425100,84699373.75,derived_ohlc4
HOSE_HSG,HSG,2024-08-08 09:00:00,1499,2,15.56,15.82,15.26,15.37,5867100,90954717.75,derived_ohlc4
HOSE_HSG,HSG,2024-08-09 09:00:00,1500,2,15.56,15.71,15.45,15.56,5142300,80065611.0,derived_ohlc4
HOSE_HSG,HSG,2024-08-12 09:00:00,1501,2,15.6,15.89,15.56,15.67,3915300,61391904.00000001,derived_ohlc4
HOSE_HSG,HSG,2024-08-13 09:00:00,1502,2,15.82,15.82,15.22,15.41,6836500,106427213.75,derived_ohlc4
HOSE_HSG,HSG,2024-08-14 09:00:00,1503,2,15.52,15.56,15.18,15.18,5977900,91820544.0,derived_ohlc4
HOSE_HSG,HSG,2024-08-15 09:00:00,1504,2,15.22,15.3,14.63,14.63,11032200,164876229.00000003,derived_ohlc4
HOSE_HSG,HSG,2024-08-16 09:00:00,1505,2,14.63,15.26,14.63,15.18,14166000,211427550.0,derived_ohlc4
HOSE_HSG,HSG,2024-08-19 09:00:00,1506,2,15.3,15.82,15.26,15.41,12024500,185748463.75000003,derived_ohlc4
HOSE_HSG,HSG,2024-08-20 09:00:00,1507,2,15.52,15.71,15.3,15.56,13000700,201803365.75,derived_ohlc4
HOSE_HSG,HSG,2024-08-21 09:00:00,1508,2,15.71,15.97,15.6,15.71,17294500,272345138.75,derived_ohlc4
HOSE_HSG,HSG,2024-08-22 09:00:00,1509,2,15.86,15.93,15.37,15.48,15112900,236668014.0,derived_ohlc4
HOSE_HSG,HSG,2024-08-23 09:00:00,1510,2,15.56,15.82,15.22,15.82,14310700,223318473.5,derived_ohlc4
HOSE_HSG,HSG,2024-08-26 09:00:00,1511,2,16.01,16.12,15.6,15.67,13718000,217430300.00000003,derived_ohlc4
HOSE_HSG,HSG,2024-08-27 09:00:00,1512,2,15.67,15.67,15.48,15.52,6279000,97858215.0,derived_ohlc4
HOSE_HSG,HSG,2024-08-28 09:00:00,1513,2,15.63,15.82,15.37,15.6,15082700,235365533.5,derived_ohlc4
HOSE_HSG,HSG,2024-08-29 09:00:00,1514,2,15.67,15.74,15.52,15.52,5836800,91127040.0,derived_ohlc4
HOSE_HSG,HSG,2024-08-30 09:00:00,1515,2,15.52,15.71,15.48,15.52,7760200,120729311.50000001,derived_ohlc4
HOSE_HSG,HSG,2024-09-04 09:00:00,1516,2,15.15,15.37,15.07,15.15,11966600,181712821.0,derived_ohlc4
HOSE_HSG,HSG,2024-09-05 09:00:00,1517,2,15.22,15.26,14.78,14.85,14013300,210584865.75,derived_ohlc4
HOSE_HSG,HSG,2024-09-06 09:00:00,1518,2,14.81,14.92,14.63,14.89,7386000,109405125.0,derived_ohlc4
HOSE_HSG,HSG,2024-09-09 09:00:00,1519,2,15.15,15.56,15.0,15.22,15083100,229753320.75,derived_ohlc4
HOSE_HSG,HSG,2024-09-10 09:00:00,1520,2,15.48,15.48,14.89,14.96,8315100,126410307.75,derived_ohlc4
HOSE_HSG,HSG,2024-09-11 09:00:00,1521,2,15.0,15.26,14.89,15.15,8507800,128255085.0,derived_ohlc4
HOSE_HSG,HSG,2024-09-12 09:00:00,1522,2,15.3,15.41,15.04,15.04,4842400,73592374.0,derived_ohlc4
HOSE_HSG,HSG,2024-09-13 09:00:00,1523,2,15.07,15.15,14.85,14.89,7262300,108861877.0,derived_ohlc4
HOSE_HSG,HSG,2024-09-16 09:00:00,1524,2,14.89,15.0,14.63,14.63,9085100,134345916.25,derived_ohlc4
HOSE_HSG,HSG,2024-09-17 09:00:00,1525,2,14.55,14.92,14.55,14.92,5872500,86531287.5,derived_ohlc4
HOSE_HSG,HSG,2024-09-18 09:00:00,1526,2,14.96,15.0,14.85,15.0,9280300,138763685.75,derived_ohlc4
HOSE_HSG,HSG,2024-09-19 09:00:00,1527,2,15.07,15.22,15.07,15.07,7330600,110747039.5,derived_ohlc4
HOSE_HSG,HSG,2024-09-20 09:00:00,1528,2,15.22,15.45,15.15,15.15,15037800,229213666.5,derived_ohlc4
HOSE_HSG,HSG,2024-09-23 09:00:00,1529,2,15.22,15.37,15.0,15.0,5462200,82738674.5,derived_ohlc4
HOSE_HSG,HSG,2024-09-24 09:00:00,1530,2,14.92,15.15,14.92,15.04,5444100,81702330.75,derived_ohlc4
HOSE_HSG,HSG,2024-09-25 09:00:00,1531,2,15.3,15.63,15.22,15.45,19759300,304293220.0,derived_ohlc4
HOSE_HSG,HSG,2024-09-26 09:00:00,1532,2,15.48,15.67,15.37,15.52,14199800,220238897.99999997,derived_ohlc4
HOSE_HSG,HSG,2024-09-27 09:00:00,1533,2,15.56,15.89,15.52,15.63,17349100,271513415.0,derived_ohlc4
HOSE_HSG,HSG,2024-09-30 09:00:00,1534,2,15.82,16.04,15.74,15.89,12822400,203523544.0,derived_ohlc4
HOSE_HSG,HSG,2024-10-01 09:00:00,1535,2,16.12,16.42,15.89,15.89,20595200,331170816.00000006,derived_ohlc4
HOSE_HSG,HSG,2024-10-02 09:00:00,1536,2,15.86,16.12,15.78,15.89,14423300,229510761.25,derived_ohlc4
HOSE_HSG,HSG,2024-10-03 09:00:00,1537,2,15.97,16.04,15.48,15.52,21258200,334869795.49999994,derived_ohlc4
HOSE_HSG,HSG,2024-10-04 09:00:00,1538,2,15.6,15.86,15.48,15.71,10812000,169342950.0,derived_ohlc4
HOSE_HSG,HSG,2024-10-07 09:00:00,1539,2,15.89,15.93,15.63,15.71,6567300,103697667.0,derived_ohlc4
HOSE_HSG,HSG,2024-10-08 09:00:00,1540,2,15.67,16.12,15.56,15.93,16139000,255318980.0,derived_ohlc4
HOSE_HSG,HSG,2024-10-09 09:00:00,1541,2,16.01,16.12,15.86,15.89,11710000,187008700.0,derived_ohlc4
HOSE_HSG,HSG,2024-10-10 09:00:00,1542,2,15.97,16.08,15.6,15.6,11533000,182365562.5,derived_ohlc4
HOSE_HSG,HSG,2024-10-11 09:00:00,1543,2,15.67,15.74,15.56,15.67,5818200,91113012.0,derived_ohlc4
HOSE_HSG,HSG,2024-10-14 09:00:00,1544,2,15.71,15.82,15.6,15.6,5119000,80278717.5,derived_ohlc4
HOSE_HSG,HSG,2024-10-15 09:00:00,1545,2,15.71,15.74,15.48,15.52,8578700,133934953.75,derived_ohlc4
HOSE_HSG,HSG,2024-10-16 09:00:00,1546,2,15.52,15.63,15.3,15.3,5279700,81505368.75,derived_ohlc4
HOSE_HSG,HSG,2024-10-17 09:00:00,1547,2,15.3,15.52,15.11,15.52,7681000,117999362.5,derived_ohlc4
HOSE_HSG,HSG,2024-10-18 09:00:00,1548,2,15.6,15.63,15.37,15.37,5186800,80356499.0,derived_ohlc4
HOSE_HSG,HSG,2024-10-21 09:00:00,1549,2,15.3,15.48,15.22,15.22,5781700,88488918.5,derived_ohlc4
HOSE_HSG,HSG,2024-10-22 09:00:00,1550,2,15.15,15.37,15.0,15.11,6637400,100606390.49999999,derived_ohlc4
HOSE_HSG,HSG,2024-10-23 09:00:00,1551,2,15.11,15.3,15.07,15.15,4666400,70730958.0,derived_ohlc4
HOSE_HSG,HSG,2024-10-24 09:00:00,1552,2,15.26,15.45,15.11,15.3,9571400,146250992.0,derived_ohlc4
HOSE_HSG,HSG,2024-10-25 09:00:00,1553,2,15.3,15.45,15.15,15.15,5669300,86527691.25,derived_ohlc4
HOSE_HSG,HSG,2024-10-28 09:00:00,1554,2,15.41,15.6,15.3,15.48,6509300,100552411.75000001,derived_ohlc4
HOSE_HSG,HSG,2024-10-29 09:00:00,1555,2,15.6,15.6,15.37,15.45,5104500,79145272.5,derived_ohlc4
HOSE_HSG,HSG,2024-10-30 09:00:00,1556,2,15.45,15.48,15.15,15.18,5431900,83189548.5,derived_ohlc4
HOSE_HSG,HSG,2024-10-31 09:00:00,1557,2,15.15,15.22,15.07,15.11,5818700,88080571.25,derived_ohlc4
HOSE_HSG,HSG,2024-11-01 09:00:00,1558,2,15.07,15.11,14.85,15.07,8910800,133884770.0,derived_ohlc4
HOSE_HSG,HSG,2024-11-04 09:00:00,1559,2,14.96,15.15,14.85,14.89,4771800,71398057.5,derived_ohlc4
HOSE_HSG,HSG,2024-11-05 09:00:00,1560,2,14.96,15.07,14.89,14.92,2742500,41027800.0,derived_ohlc4
HOSE_HSG,HSG,2024-11-06 09:00:00,1561,2,15.0,15.22,15.0,15.18,3652800,55157280.0,derived_ohlc4
HOSE_HSG,HSG,2024-11-07 09:00:00,1562,2,15.3,15.37,15.11,15.15,3287400,50075320.5,derived_ohlc4
HOSE_HSG,HSG,2024-11-08 09:00:00,1563,2,15.15,15.3,15.04,15.07,5626100,85179154.0,derived_ohlc4
HOSE_HSG,HSG,2024-11-11 09:00:00,1564,2,15.0,15.3,14.92,15.15,5833100,88036061.75,derived_ohlc4
HOSE_HSG,HSG,2024-11-12 09:00:00,1565,2,15.3,15.3,15.0,15.04,3682800,55831248.0,derived_ohlc4
HOSE_HSG,HSG,2024-11-13 09:00:00,1566,2,14.96,15.04,14.78,14.89,6642100,99083526.75,derived_ohlc4
HOSE_HSG,HSG,2024-11-14 09:00:00,1567,2,14.89,14.92,14.18,14.25,12265500,178585680.0,derived_ohlc4
HOSE_HSG,HSG,2024-11-15 09:00:00,1568,2,14.25,14.25,13.66,13.73,11664600,162983623.5,derived_ohlc4
HOSE_HSG,HSG,2024-11-18 09:00:00,1569,2,13.73,13.95,13.58,13.84,5872100,80888177.49999999,derived_ohlc4
HOSE_HSG,HSG,2024-11-19 09:00:00,1570,2,13.88,14.03,13.69,13.69,3865700,53433638.25,derived_ohlc4
HOSE_HSG,HSG,2024-11-20 09:00:00,1571,2,13.58,14.1,13.54,13.92,5426700,74807059.5,derived_ohlc4
HOSE_HSG,HSG,2024-11-21 09:00:00,1572,2,14.03,14.03,13.8,14.03,3127900,43704582.75,derived_ohlc4
HOSE_HSG,HSG,2024-11-22 09:00:00,1573,2,13.99,14.22,13.95,14.03,4651400,65340541.5,derived_ohlc4
HOSE_HSG,HSG,2024-11-25 09:00:00,1574,2,14.1,14.1,13.95,13.99,3556500,49915477.5,derived_ohlc4
HOSE_HSG,HSG,2024-11-26 09:00:00,1575,2,13.99,14.22,13.99,14.18,4073600,57417392.0,derived_ohlc4
HOSE_HSG,HSG,2024-11-27 09:00:00,1576,2,14.22,14.22,13.99,14.1,3321100,46935445.75,derived_ohlc4
HOSE_HSG,HSG,2024-11-28 09:00:00,1577,2,14.18,14.25,14.1,14.18,4203100,59589450.25,derived_ohlc4
HOSE_HSG,HSG,2024-11-29 09:00:00,1578,2,14.18,14.22,14.07,14.18,4214500,59687856.25,derived_ohlc4
HOSE_HSG,HSG,2024-12-02 09:00:00,1579,2,14.22,14.29,14.1,14.18,2967700,42133920.75,derived_ohlc4
HOSE_HSG,HSG,2024-12-03 09:00:00,1580,2,14.22,14.22,13.92,13.92,5077900,71446053.0,derived_ohlc4
HOSE_HSG,HSG,2024-12-04 09:00:00,1581,2,13.95,13.95,13.58,13.62,7666000,105599149.99999999,derived_ohlc4
HOSE_HSG,HSG,2024-12-05 09:00:00,1582,2,13.62,14.18,13.1,14.03,13894400,190804848.0,derived_ohlc4
HOSE_HSG,HSG,2024-12-06 09:00:00,1583,2,14.03,14.14,13.88,13.92,3983500,55739123.75000001,derived_ohlc4
HOSE_HSG,HSG,2024-12-09 09:00:00,1584,2,13.95,14.25,13.88,14.1,8212700,115347371.5,derived_ohlc4
HOSE_HSG,HSG,2024-12-10 09:00:00,1585,2,14.14,14.36,14.14,14.18,7310500,103845652.5,derived_ohlc4
HOSE_HSG,HSG,2024-12-11 09:00:00,1586,2,14.18,14.29,14.03,14.07,3810100,53884339.25,derived_ohlc4
HOSE_HSG,HSG,2024-12-12 09:00:00,1587,2,14.03,14.14,13.99,13.99,3538900,49677308.75000001,derived_ohlc4
HOSE_HSG,HSG,2024-12-13 09:00:00,1588,2,13.99,13.99,13.73,13.73,4199000,58198140.0,derived_ohlc4
HOSE_HSG,HSG,2024-12-16 09:00:00,1589,2,13.66,13.84,13.66,13.8,3319400,45608555.99999999,derived_ohlc4
HOSE_HSG,HSG,2024-12-17 09:00:00,1590,2,13.77,13.84,13.58,13.73,3859500,52990935.0,derived_ohlc4
HOSE_HSG,HSG,2024-12-18 09:00:00,1591,2,13.73,14.14,13.73,14.14,5539700,77195719.5,derived_ohlc4
HOSE_HSG,HSG,2024-12-19 09:00:00,1592,2,13.92,14.14,13.88,14.14,5310200,74449004.0,derived_ohlc4
HOSE_HSG,HSG,2024-12-20 09:00:00,1593,2,14.14,14.14,13.99,13.99,2418600,34017609.0,derived_ohlc4
HOSE_HSG,HSG,2024-12-23 09:00:00,1594,2,13.95,14.1,13.84,13.92,3524800,49179772.0,derived_ohlc4
HOSE_HSG,HSG,2024-12-24 09:00:00,1595,2,13.92,13.92,13.66,13.92,4350300,60273406.5,derived_ohlc4
HOSE_HSG,HSG,2024-12-25 09:00:00,1596,2,13.84,14.18,13.84,14.14,5786300,81008200.0,derived_ohlc4
HOSE_HSG,HSG,2024-12-26 09:00:00,1597,2,14.14,14.14,13.99,14.14,2363400,33329848.500000004,derived_ohlc4
HOSE_HSG,HSG,2024-12-27 09:00:00,1598,2,14.1,14.14,13.95,14.03,3931500,55257232.5,derived_ohlc4
HOSE_HSG,HSG,2024-12-30 09:00:00,1599,2,14.03,14.03,13.84,13.95,2081200,29058754.999999996,derived_ohlc4
HOSE_HSG,HSG,2024-12-31 09:00:00,1600,2,13.95,13.95,13.77,13.77,3222100,44658306.0,derived_ohlc4
HOSE_HSG,HSG,2025-01-02 09:00:00,1601,2,13.77,13.92,13.77,13.92,1628200,22542429.0,derived_ohlc4
HOSE_HSG,HSG,2025-01-03 09:00:00,1602,2,13.88,13.88,13.58,13.58,4211400,57822522.0,derived_ohlc4
HOSE_HSG,HSG,2025-01-06 09:00:00,1603,2,13.58,13.69,13.17,13.28,4663400,62629462.0,derived_ohlc4
HOSE_HSG,HSG,2025-01-07 09:00:00,1604,2,13.28,13.36,13.06,13.28,3808500,50443582.50000001,derived_ohlc4
HOSE_HSG,HSG,2025-01-08 09:00:00,1605,2,13.21,13.47,13.17,13.47,2061200,27475796.0,derived_ohlc4
HOSE_HSG,HSG,2025-01-09 09:00:00,1606,2,13.47,13.47,13.17,13.21,1928400,25705572.0,derived_ohlc4
HOSE_HSG,HSG,2025-01-10 09:00:00,1607,2,13.32,13.32,12.8,12.8,3239300,42305257.99999999,derived_ohlc4
HOSE_HSG,HSG,2025-01-13 09:00:00,1608,2,12.8,12.98,12.72,12.98,2599200,33451704.000000004,derived_ohlc4
HOSE_HSG,HSG,2025-01-14 09:00:00,1609,2,12.91,13.02,12.76,12.76,1458600,18761242.5,derived_ohlc4
HOSE_HSG,HSG,2025-01-15 09:00:00,1610,2,12.76,13.28,12.76,13.1,4948700,64209382.5,derived_ohlc4
HOSE_HSG,HSG,2025-01-16 09:00:00,1611,2,13.13,13.24,12.91,12.91,2819100,36782207.25,derived_ohlc4
HOSE_HSG,HSG,2025-01-17 09:00:00,1612,2,12.91,13.06,12.87,13.06,2723900,35342602.5,derived_ohlc4
HOSE_HSG,HSG,2025-01-20 09:00:00,1613,2,13.06,13.17,13.02,13.1,2145800,28083157.5,derived_ohlc4
HOSE_HSG,HSG,2025-01-21 09:00:00,1614,2,12.98,13.1,12.84,12.95,2023100,26234549.250000004,derived_ohlc4
HOSE_HSG,HSG,2025-01-22 09:00:00,1615,2,12.95,12.98,12.76,12.76,2640900,33968576.25,derived_ohlc4
HOSE_HSG,HSG,2025-01-23 09:00:00,1616,2,12.72,12.98,12.72,12.98,1830900,23527065.000000004,derived_ohlc4
HOSE_HSG,HSG,2025-01-24 09:00:00,1617,2,12.98,13.02,12.84,13.02,2506200,32492883.0,derived_ohlc4
HOSE_HSG,HSG,2025-02-03 09:00:00,1618,2,12.98,13.28,12.95,13.13,4575700,59873034.49999999,derived_ohlc4
HOSE_HSG,HSG,2025-02-04 09:00:00,1619,2,13.24,13.43,13.17,13.36,5280500,70230650.0,derived_ohlc4
HOSE_HSG,HSG,2025-02-05 09:00:00,1620,2,13.36,13.47,13.32,13.36,4158300,55627658.25,derived_ohlc4
HOSE_HSG,HSG,2025-02-06 09:00:00,1621,2,13.39,13.43,13.21,13.24,3266400,43500282.0,derived_ohlc4
HOSE_HSG,HSG,2025-02-07 09:00:00,1622,2,13.28,13.36,13.21,13.21,2804100,37196386.5,derived_ohlc4
HOSE_HSG,HSG,2025-02-10 09:00:00,1623,2,13.1,13.13,12.61,12.61,13198800,169769565.0,derived_ohlc4
HOSE_HSG,HSG,2025-02-11 09:00:00,1624,2,12.46,12.69,12.39,12.5,8571400,107228214.0,derived_ohlc4
HOSE_HSG,HSG,2025-02-12 09:00:00,1625,2,12.65,12.65,12.39,12.46,2566700,32180001.25,derived_ohlc4
HOSE_HSG,HSG,2025-02-13 09:00:00,1626,2,12.61,12.61,12.42,12.42,2052800,25690792.0,derived_ohlc4
HOSE_HSG,HSG,2025-02-14 09:00:00,1627,2,12.46,12.8,12.46,12.69,5277900,66514734.74999999,derived_ohlc4
HOSE_HSG,HSG,2025-02-17 09:00:00,1628,2,12.69,12.72,12.61,12.69,2338400,29645065.999999996,derived_ohlc4
HOSE_HSG,HSG,2025-02-18 09:00:00,1629,2,12.69,12.95,12.69,12.87,5090900,65163519.99999999,derived_ohlc4
HOSE_HSG,HSG,2025-02-19 09:00:00,1630,2,12.87,12.91,12.76,12.91,3273000,42098962.5,derived_ohlc4
HOSE_HSG,HSG,2025-02-20 09:00:00,1631,2,12.95,13.28,12.95,13.1,8637000,112885589.99999999,derived_ohlc4
HOSE_HSG,HSG,2025-02-21 09:00:00,1632,2,13.06,13.13,12.95,13.1,3358000,43855480.0,derived_ohlc4
HOSE_HSG,HSG,2025-02-24 09:00:00,1633,2,13.58,13.62,13.28,13.36,11065900,148947014.0,derived_ohlc4
HOSE_HSG,HSG,2025-02-25 09:00:00,1634,2,13.43,13.43,13.17,13.24,4541000,60474767.5,derived_ohlc4
HOSE_HSG,HSG,2025-02-26 09:00:00,1635,2,13.43,13.54,13.36,13.36,8748800,117430768.0,derived_ohlc4
HOSE_HSG,HSG,2025-02-27 09:00:00,1636,2,13.36,14.29,13.28,14.29,33688400,465068362.0,derived_ohlc4
HOSE_HSG,HSG,2025-02-28 09:00:00,1637,2,14.33,14.4,14.07,14.22,8658000,123419789.99999999,derived_ohlc4
HOSE_HSG,HSG,2025-03-03 09:00:00,1638,2,14.25,14.25,13.92,14.1,8293600,117188568.0,derived_ohlc4
HOSE_HSG,HSG,2025-03-04 09:00:00,1639,2,13.99,14.14,13.84,13.95,8237900,115165842.0,derived_ohlc4
HOSE_HSG,HSG,2025-03-05 09:00:00,1640,2,13.92,14.07,13.66,13.66,6322700,87427134.25,derived_ohlc4
HOSE_HSG,HSG,2025-03-06 09:00:00,1641,2,13.8,14.14,13.66,14.14,7748900,107980921.5,derived_ohlc4
HOSE_HSG,HSG,2025-03-07 09:00:00,1642,2,14.14,14.18,13.95,14.03,5992700,84347252.5,derived_ohlc4
HOSE_HSG,HSG,2025-03-10 09:00:00,1643,2,14.07,14.1,13.88,13.95,5036900,70516600.0,derived_ohlc4
HOSE_HSG,HSG,2025-03-11 09:00:00,1644,2,13.69,14.22,13.69,14.22,10075800,140607789.0,derived_ohlc4
HOSE_HSG,HSG,2025-03-12 09:00:00,1645,2,14.25,14.33,13.99,14.1,6125300,86780187.75,derived_ohlc4
HOSE_HSG,HSG,2025-03-13 09:00:00,1646,2,14.18,14.44,13.92,14.07,10326600,146147206.5,derived_ohlc4
HOSE_HSG,HSG,2025-03-14 09:00:00,1647,2,14.07,14.1,13.88,13.95,4785300,66994200.0,derived_ohlc4
HOSE_HSG,HSG,2025-03-17 09:00:00,1648,2,14.03,14.22,13.92,14.07,5415000,76134900.0,derived_ohlc4
HOSE_HSG,HSG,2025-03-18 09:00:00,1649,2,14.22,14.33,13.66,13.66,11525900,160988008.25,derived_ohlc4
HOSE_HSG,HSG,2025-03-19 09:00:00,1650,2,13.54,13.66,13.21,13.21,10948800,146768664.0,derived_ohlc4
HOSE_HSG,HSG,2025-03-20 09:00:00,1651,2,13.21,13.39,13.13,13.32,5447800,72251447.5,derived_ohlc4
HOSE_HSG,HSG,2025-03-21 09:00:00,1652,2,13.32,13.39,13.17,13.21,3203500,42518453.75,derived_ohlc4
HOSE_HSG,HSG,2025-03-24 09:00:00,1653,2,13.36,13.36,13.06,13.24,3927600,52060338.0,derived_ohlc4
HOSE_HSG,HSG,2025-03-25 09:00:00,1654,2,13.28,13.43,13.21,13.36,3969000,52867080.0,derived_ohlc4
HOSE_HSG,HSG,2025-03-26 09:00:00,1655,2,13.36,13.54,13.28,13.43,4905600,65747304.0,derived_ohlc4
HOSE_HSG,HSG,2025-03-27 09:00:00,1656,2,13.43,13.51,13.21,13.24,2995900,39987775.25,derived_ohlc4
HOSE_HSG,HSG,2025-03-28 09:00:00,1657,2,13.24,13.28,12.91,12.98,5759700,75466469.25,derived_ohlc4
HOSE_HSG,HSG,2025-03-31 09:00:00,1658,2,12.87,12.98,12.84,12.84,3959800,51012123.5,derived_ohlc4
HOSE_HSG,HSG,2025-04-01 09:00:00,1659,2,12.98,13.24,12.87,13.13,3612200,47157271.0,derived_ohlc4
HOSE_HSG,HSG,2025-04-02 09:00:00,1660,2,13.48,13.52,13.32,13.36,5760600,77307252.0,derived_ohlc4
HOSE_HSG,HSG,2025-04-03 09:00:00,1661,2,12.44,12.86,12.44,12.44,10995900,137943565.49999997,derived_ohlc4
HOSE_HSG,HSG,2025-04-04 09:00:00,1662,2,11.6,11.83,11.6,11.71,16137400,188565519.0,derived_ohlc4
HOSE_HSG,HSG,2025-04-08 09:00:00,1663,2,11.64,11.64,10.91,10.91,6102500,68805687.49999999,derived_ohlc4
HOSE_HSG,HSG,2025-04-09 09:00:00,1664,2,10.18,10.44,10.18,10.18,8678000,88906110.0,derived_ohlc4
HOSE_HSG,HSG,2025-04-10 09:00:00,1665,2,10.87,10.87,10.87,10.87,1681700,18280079.0,derived_ohlc4
HOSE_HSG,HSG,2025-04-11 09:00:00,1666,2,11.52,11.52,10.75,11.14,14997500,168459418.75,derived_ohlc4
HOSE_HSG,HSG,2025-04-14 09:00:00,1667,2,11.14,11.29,10.87,11.06,6024000,66806160.0,derived_ohlc4
HOSE_HSG,HSG,2025-04-15 09:00:00,1668,2,10.91,11.06,10.52,10.75,6501100,70276890.99999999,derived_ohlc4
HOSE_HSG,HSG,2025-04-16 09:00:00,1669,2,10.75,10.79,10.41,10.41,6282200,66528498.0,derived_ohlc4
HOSE_HSG,HSG,2025-04-17 09:00:00,1670,2,10.37,10.41,10.02,10.37,7480100,76988929.25,derived_ohlc4
HOSE_HSG,HSG,2025-04-18 09:00:00,1671,2,10.44,10.68,10.41,10.52,5263400,55331492.49999999,derived_ohlc4
HOSE_HSG,HSG,2025-04-21 09:00:00,1672,2,10.52,10.6,10.22,10.22,4722300,49064696.99999999,derived_ohlc4
HOSE_HSG,HSG,2025-04-22 09:00:00,1673,2,10.22,10.22,9.52,9.6,13083900,129399771.0,derived_ohlc4
HOSE_HSG,HSG,2025-04-23 09:00:00,1674,2,9.83,10.25,9.72,10.25,11022200,110359777.49999999,derived_ohlc4
HOSE_HSG,HSG,2025-04-24 09:00:00,1675,2,10.44,10.68,10.25,10.37,5648200,58938966.99999999,derived_ohlc4
HOSE_HSG,HSG,2025-04-25 09:00:00,1676,2,10.68,10.68,10.25,10.25,5217100,54596951.5,derived_ohlc4
HOSE_HSG,HSG,2025-04-28 09:00:00,1677,2,10.37,10.68,10.29,10.48,5730500,59912377.49999999,derived_ohlc4
HOSE_HSG,HSG,2025-04-29 09:00:00,1678,2,10.52,10.68,10.41,10.6,4509500,47586498.75,derived_ohlc4
HOSE_HSG,HSG,2025-05-05 09:00:00,1679,2,10.83,11.29,10.6,11.25,9682200,106431583.5,derived_ohlc4
HOSE_HSG,HSG,2025-05-06 09:00:00,1680,2,11.29,11.37,11.02,11.06,5923200,66250991.99999999,derived_ohlc4
HOSE_HSG,HSG,2025-05-07 09:00:00,1681,2,10.98,11.25,10.94,11.18,5031400,55785647.5,derived_ohlc4
HOSE_HSG,HSG,2025-05-08 09:00:00,1682,2,11.25,11.48,11.18,11.33,9755800,110338097.99999999,derived_ohlc4
HOSE_HSG,HSG,2025-05-09 09:00:00,1683,2,11.37,11.56,11.21,11.44,6774100,77190869.5,derived_ohlc4
HOSE_HSG,HSG,2025-05-12 09:00:00,1684,2,11.44,11.79,11.37,11.52,7435900,85735926.99999999,derived_ohlc4
HOSE_HSG,HSG,2025-05-13 09:00:00,1685,2,11.67,11.67,11.4,11.52,5222200,60394743.00000001,derived_ohlc4
HOSE_HSG,HSG,2025-05-14 09:00:00,1686,2,11.33,12.02,11.33,11.9,17662200,205676319.0,derived_ohlc4
HOSE_HSG,HSG,2025-05-15 09:00:00,1687,2,11.98,12.36,11.9,12.25,13359700,161952963.25,derived_ohlc4
HOSE_HSG,HSG,2025-05-16 09:00:00,1688,2,12.1,12.75,12.1,12.63,16804500,208291777.50000003,derived_ohlc4
HOSE_HSG,HSG,2025-05-19 09:00:00,1689,2,12.56,12.79,12.36,12.48,9068500,113787003.75,derived_ohlc4
HOSE_HSG,HSG,2025-05-20 09:00:00,1690,2,12.52,12.75,12.52,12.52,6114200,76901350.5,derived_ohlc4
HOSE_HSG,HSG,2025-05-21 09:00:00,1691,2,12.6,12.67,12.29,12.6,6460500,81014670.0,derived_ohlc4
HOSE_HSG,HSG,2025-05-22 09:00:00,1692,2,12.67,12.9,12.44,12.48,7450800,94047722.99999999,derived_ohlc4
HOSE_HSG,HSG,2025-05-23 09:00:00,1693,2,12.56,12.56,12.29,12.48,3319100,41397474.75,derived_ohlc4
HOSE_HSG,HSG,2025-05-26 09:00:00,1694,2,12.48,12.6,12.1,12.6,5609300,69807738.5,derived_ohlc4
HOSE_HSG,HSG,2025-05-27 09:00:00,1695,2,12.67,12.83,12.44,12.6,8938500,112937947.5,derived_ohlc4
HOSE_HSG,HSG,2025-05-28 09:00:00,1696,2,12.67,12.83,12.56,12.63,5373700,68098213.25,derived_ohlc4
HOSE_HSG,HSG,2025-05-29 09:00:00,1697,2,12.71,12.75,12.52,12.52,4881200,61625150.0,derived_ohlc4
HOSE_HSG,HSG,2025-05-30 09:00:00,1698,2,12.6,13.02,12.44,12.52,14303500,180867757.5,derived_ohlc4
HOSE_HSG,HSG,2025-06-02 09:00:00,1699,2,12.14,12.29,11.79,12.29,8299100,100647335.25,derived_ohlc4
HOSE_HSG,HSG,2025-06-03 09:00:00,1700,2,12.6,12.6,12.33,12.56,7017000,87870382.5,derived_ohlc4
HOSE_HSG,HSG,2025-06-04 09:00:00,1701,2,12.63,12.79,12.4,12.4,5687300,71404051.5,derived_ohlc4
HOSE_HSG,HSG,2025-06-05 09:00:00,1702,2,12.36,12.56,12.29,12.56,3606300,44871387.75,derived_ohlc4
HOSE_HSG,HSG,2025-06-06 09:00:00,1703,2,12.56,12.83,12.44,12.44,10061900,126452928.24999999,derived_ohlc4
HOSE_HSG,HSG,2025-06-09 09:00:00,1704,2,12.44,12.56,12.29,12.29,3755300,46546943.5,derived_ohlc4
HOSE_HSG,HSG,2025-06-10 09:00:00,1705,2,12.21,12.52,12.14,12.17,4930000,60441800.00000001,derived_ohlc4
HOSE_HSG,HSG,2025-06-11 09:00:00,1706,2,12.36,12.36,11.98,12.29,4298900,52650777.75,derived_ohlc4
HOSE_HSG,HSG,2025-06-12 09:00:00,1707,2,12.4,13.13,12.4,12.79,16125100,204466268.0,derived_ohlc4
HOSE_HSG,HSG,2025-06-13 09:00:00,1708,2,12.63,12.75,12.36,12.52,5692500,71526262.5,derived_ohlc4
HOSE_HSG,HSG,2025-06-16 09:00:00,1709,2,12.52,12.86,12.48,12.83,7863900,99655272.75,derived_ohlc4
HOSE_HSG,HSG,2025-06-17 09:00:00,1710,2,12.94,13.17,12.83,12.98,11220600,145643388.0,derived_ohlc4
HOSE_HSG,HSG,2025-06-18 09:00:00,1711,2,12.98,13.17,12.83,12.98,7350500,95482994.99999999,derived_ohlc4
HOSE_HSG,HSG,2025-06-19 09:00:00,1712,2,13.02,13.06,12.71,12.86,4554200,58806107.5,derived_ohlc4
HOSE_HSG,HSG,2025-06-20 09:00:00,1713,2,12.86,12.94,12.67,12.75,4754000,60874970.0,derived_ohlc4
HOSE_HSG,HSG,2025-06-23 09:00:00,1714,2,12.6,12.67,12.48,12.56,4482400,56377386.0,derived_ohlc4
HOSE_HSG,HSG,2025-06-24 09:00:00,1715,2,12.71,12.86,12.67,12.86,4189600,53522140.0,derived_ohlc4
HOSE_HSG,HSG,2025-06-25 09:00:00,1716,2,12.98,13.13,12.86,12.86,9492300,122996477.25,derived_ohlc4
HOSE_HSG,HSG,2025-06-26 09:00:00,1717,2,12.9,12.98,12.71,12.86,3564900,45853526.25,derived_ohlc4
HOSE_HSG,HSG,2025-06-27 09:00:00,1718,2,12.9,12.98,12.71,12.71,3723000,47747475.00000001,derived_ohlc4
HOSE_HSG,HSG,2025-06-30 09:00:00,1719,2,12.9,12.9,12.63,12.75,4476000,57270420.0,derived_ohlc4
HOSE_HSG,HSG,2025-07-01 09:00:00,1720,2,12.79,12.98,12.71,12.83,6183400,79317563.5,derived_ohlc4
HOSE_HSG,HSG,2025-07-02 09:00:00,1721,2,12.83,13.13,12.63,13.06,11935600,154118435.00000003,derived_ohlc4
HOSE_HSG,HSG,2025-07-03 09:00:00,1722,2,13.21,13.48,12.94,13.13,16686600,220096254.00000003,derived_ohlc4
HOSE_HSG,HSG,2025-07-04 09:00:00,1723,2,13.13,13.21,12.94,13.02,6940900,90752267.5,derived_ohlc4
HOSE_HSG,HSG,2025-07-07 09:00:00,1724,2,13.25,13.36,13.02,13.32,13368800,176969490.0,derived_ohlc4
HOSE_HSG,HSG,2025-07-08 09:00:00,1725,2,13.4,13.82,13.32,13.56,18716900,253146072.5,derived_ohlc4
HOSE_HSG,HSG,2025-07-09 09:00:00,1726,2,13.63,13.82,13.4,13.52,13226000,179774405.00000003,derived_ohlc4
HOSE_HSG,HSG,2025-07-10 09:00:00,1727,2,13.52,13.75,13.48,13.59,8364100,113626298.5,derived_ohlc4
HOSE_HSG,HSG,2025-07-11 09:00:00,1728,2,13.67,13.86,13.4,13.56,12997300,177055719.25,derived_ohlc4
HOSE_HSG,HSG,2025-07-14 09:00:00,1729,2,13.59,13.71,13.4,13.63,7754000,105318705.00000001,derived_ohlc4
HOSE_HSG,HSG,2025-07-15 09:00:00,1730,2,13.75,14.06,13.63,13.75,17750400,244911144.00000003,derived_ohlc4
HOSE_HSG,HSG,2025-07-16 09:00:00,1731,2,13.79,13.9,13.75,13.86,7934400,109693080.0,derived_ohlc4
HOSE_HSG,HSG,2025-07-17 09:00:00,1732,2,13.94,14.21,13.82,13.82,10234400,142744294.0,derived_ohlc4
HOSE_HSG,HSG,2025-07-18 09:00:00,1733,2,13.9,14.02,13.63,13.79,10036000,138848060.0,derived_ohlc4
HOSE_HSG,HSG,2025-07-21 09:00:00,1734,2,13.94,14.25,13.82,13.82,12213400,170468530.5,derived_ohlc4
HOSE_HSG,HSG,2025-07-22 09:00:00,1735,2,13.82,13.86,13.71,13.86,6717000,92778562.5,derived_ohlc4
HOSE_HSG,HSG,2025-07-23 09:00:00,1736,2,14.06,14.67,14.06,14.52,27132200,388736595.5,derived_ohlc4
HOSE_HSG,HSG,2025-07-24 09:00:00,1737,2,14.55,14.55,14.21,14.28,8540500,122961848.75,derived_ohlc4
HOSE_HSG,HSG,2025-07-25 09:00:00,1738,2,14.4,14.63,14.28,14.32,12585100,181319828.25,derived_ohlc4
HOSE_HSG,HSG,2025-07-28 09:00:00,1739,2,14.55,15.02,14.36,14.86,21588000,317289630.0,derived_ohlc4
HOSE_HSG,HSG,2025-07-29 09:00:00,1740,2,15.05,15.09,13.82,13.82,23009600,332373672.0,derived_ohlc4
HOSE_HSG,HSG,2025-07-30 09:00:00,1741,2,14.09,14.52,13.82,14.52,19055300,271299833.75,derived_ohlc4
HOSE_HSG,HSG,2025-07-31 09:00:00,1742,2,14.59,14.78,14.28,14.32,11231500,162772513.75,derived_ohlc4
HOSE_HSG,HSG,2025-08-01 09:00:00,1743,2,14.32,14.55,13.98,14.21,7777700,110948890.5,derived_ohlc4
HOSE_HSG,HSG,2025-08-04 09:00:00,1744,2,14.02,14.32,13.9,14.25,5257200,74244807.0,derived_ohlc4
HOSE_HSG,HSG,2025-08-05 09:00:00,1745,2,14.36,14.86,14.06,14.28,28420700,408973873.0,derived_ohlc4
HOSE_HSG,HSG,2025-08-06 09:00:00,1746,2,14.59,14.86,14.48,14.55,10490400,153369648.0,derived_ohlc4
HOSE_HSG,HSG,2025-08-07 09:00:00,1747,2,14.59,15.05,14.52,15.05,19362200,286608965.49999994,derived_ohlc4
HOSE_HSG,HSG,2025-08-08 09:00:00,1748,2,15.21,15.24,14.75,14.98,13668700,205645591.50000003,derived_ohlc4
HOSE_HSG,HSG,2025-08-11 09:00:00,1749,2,15.24,15.28,14.94,15.17,14848500,225066138.75,derived_ohlc4
HOSE_HSG,HSG,2025-08-12 09:00:00,1750,2,15.28,15.63,15.13,15.24,17635500,270175860.0,derived_ohlc4
HOSE_HSG,HSG,2025-08-13 09:00:00,1751,2,15.36,15.36,14.82,15.13,14635400,221982429.5,derived_ohlc4
HOSE_HSG,HSG,2025-08-14 09:00:00,1752,2,15.17,15.21,14.9,14.94,10531700,158554743.5,derived_ohlc4
HOSE_HSG,HSG,2025-08-15 09:00:00,1753,2,15.02,15.44,14.82,14.94,14123200,212624776.0,derived_ohlc4
HOSE_HSG,HSG,2025-08-18 09:00:00,1754,2,15.36,15.51,15.09,15.17,12258700,187343582.75,derived_ohlc4
HOSE_HSG,HSG,2025-08-19 09:00:00,1755,2,15.21,15.28,14.98,15.05,9540700,144350791.0,derived_ohlc4
HOSE_HSG,HSG,2025-08-20 09:00:00,1756,2,15.05,15.09,14.06,14.48,19333100,283616577.00000006,derived_ohlc4
HOSE_HSG,HSG,2025-08-21 09:00:00,1757,2,14.52,14.55,14.09,14.44,10658300,153479519.99999997,derived_ohlc4
HOSE_HSG,HSG,2025-08-22 09:00:00,1758,2,14.28,14.36,13.9,14.13,12260500,173700633.75,derived_ohlc4
HOSE_HSG,HSG,2025-08-25 09:00:00,1759,2,14.25,14.32,13.75,13.82,8292100,116379623.5,derived_ohlc4
HOSE_HSG,HSG,2025-08-26 09:00:00,1760,2,13.82,14.21,13.82,14.17,5785800,81030129.0,derived_ohlc4
HOSE_HSG,HSG,2025-08-27 09:00:00,1761,2,14.44,14.44,14.06,14.06,5994000,85414500.0,derived_ohlc4
HOSE_HSG,HSG,2025-08-28 09:00:00,1762,2,14.17,14.36,14.06,14.09,4214600,59720882.00000001,derived_ohlc4
HOSE_HSG,HSG,2025-08-29 09:00:00,1763,2,14.09,14.44,14.06,14.09,8390800,118897636.00000001,derived_ohlc4
HOSE_HSG,HSG,2025-09-03 09:00:00,1764,2,14.21,15.05,14.13,15.05,23544600,343986606.0,derived_ohlc4
HOSE_HSG,HSG,2025-09-04 09:00:00,1765,2,15.21,16.09,15.02,16.09,28845500,450061913.75,derived_ohlc4
HOSE_HSG,HSG,2025-09-05 09:00:00,1766,2,16.09,16.2,15.55,15.55,17541800,277993675.5,derived_ohlc4
HOSE_HSG,HSG,2025-09-08 09:00:00,1767,2,15.55,15.98,15.36,15.36,22153100,344757618.75,derived_ohlc4
HOSE_HSG,HSG,2025-09-09 09:00:00,1768,2,15.36,15.55,14.67,15.28,13794800,209887882.0,derived_ohlc4
HOSE_HSG,HSG,2025-09-10 09:00:00,1769,2,15.32,15.4,14.78,14.94,6878900,103940179.0,derived_ohlc4
HOSE_HSG,HSG,2025-09-11 09:00:00,1770,2,14.94,15.36,14.28,15.36,12864900,192780526.5,derived_ohlc4
HOSE_HSG,HSG,2025-09-12 09:00:00,1771,2,15.63,16.05,15.51,15.74,16958900,266805894.25,derived_ohlc4
HOSE_HSG,HSG,2025-09-15 09:00:00,1772,2,15.94,16.28,15.78,15.9,13733500,219392662.5,derived_ohlc4
HOSE_HSG,HSG,2025-09-16 09:00:00,1773,2,16.01,16.01,15.51,15.51,10929500,172248920.0,derived_ohlc4
HOSE_HSG,HSG,2025-09-17 09:00:00,1774,2,15.51,15.9,15.09,15.09,9506200,146371714.5,derived_ohlc4
HOSE_HSG,HSG,2025-09-18 09:00:00,1775,2,15.21,15.32,14.98,15.13,5874000,89049840.00000001,derived_ohlc4
HOSE_HSG,HSG,2025-09-19 09:00:00,1776,2,15.36,15.36,14.82,14.82,5838700,88105983.0,derived_ohlc4
HOSE_HSG,HSG,2025-09-22 09:00:00,1777,2,15.17,15.17,14.36,14.55,10936200,161992462.5,derived_ohlc4
HOSE_HSG,HSG,2025-09-23 09:00:00,1778,2,14.59,14.82,14.52,14.52,4312400,63014945.0,derived_ohlc4
HOSE_HSG,HSG,2025-09-24 09:00:00,1779,2,14.59,14.9,14.4,14.9,6478200,95213344.5,derived_ohlc4
HOSE_HSG,HSG,2025-09-25 09:00:00,1780,2,15.05,15.28,14.9,14.9,6547200,98420784.0,derived_ohlc4
HOSE_HSG,HSG,2025-09-26 09:00:00,1781,2,14.98,15.24,14.82,14.86,6046300,90543342.5,derived_ohlc4
HOSE_HSG,HSG,2025-09-29 09:00:00,1782,2,14.9,15.02,14.63,14.63,3960200,58591159.00000001,derived_ohlc4
HOSE_HSG,HSG,2025-09-30 09:00:00,1783,2,14.75,14.75,14.21,14.59,7670500,111797537.5,derived_ohlc4
HOSE_HSG,HSG,2025-10-01 09:00:00,1784,2,14.52,14.67,14.48,14.59,2323600,33843234.0,derived_ohlc4
HOSE_HSG,HSG,2025-10-02 09:00:00,1785,2,14.59,14.67,14.21,14.21,4197800,60532276.0,derived_ohlc4
HOSE_HSG,HSG,2025-10-03 09:00:00,1786,2,14.28,14.28,13.86,13.86,5984600,84203322.0,derived_ohlc4
HOSE_HSG,HSG,2025-10-06 09:00:00,1787,2,14.06,14.59,13.94,14.44,4100400,58461452.99999999,derived_ohlc4
HOSE_HSG,HSG,2025-10-07 09:00:00,1788,2,14.55,14.55,14.21,14.21,2598400,37364992.0,derived_ohlc4
HOSE_HSG,HSG,2025-10-08 09:00:00,1789,2,14.52,14.55,14.21,14.44,3554400,51289992.0,derived_ohlc4
HOSE_HSG,HSG,2025-10-09 09:00:00,1790,2,14.55,14.67,14.36,14.48,2626900,38129453.5,derived_ohlc4
HOSE_HSG,HSG,2025-10-10 09:00:00,1791,2,14.59,14.71,14.52,14.59,4125800,60246994.5,derived_ohlc4
HOSE_HSG,HSG,2025-10-13 09:00:00,1792,2,14.21,14.44,14.17,14.36,7214100,103125559.5,derived_ohlc4
HOSE_HSG,HSG,2025-10-14 09:00:00,1793,2,14.44,14.59,14.09,14.09,9187000,131397067.50000001,derived_ohlc4
HOSE_HSG,HSG,2025-10-15 09:00:00,1794,2,14.09,14.28,13.9,14.17,5286200,74588282.0,derived_ohlc4
HOSE_HSG,HSG,2025-10-16 09:00:00,1795,2,14.21,14.4,13.98,14.21,5514600,78307320.0,derived_ohlc4
HOSE_HSG,HSG,2025-10-17 09:00:00,1796,2,14.25,14.44,13.98,14.02,11245900,159382517.75,derived_ohlc4
HOSE_HSG,HSG,2025-10-20 09:00:00,1797,2,14.02,14.09,13.06,13.06,13306100,180397450.75,derived_ohlc4
HOSE_HSG,HSG,2025-10-21 09:00:00,1798,2,13.06,13.13,12.44,12.75,9564900,122861140.5,derived_ohlc4
HOSE_HSG,HSG,2025-10-22 09:00:00,1799,2,12.9,12.9,12.48,12.71,5323900,67866415.25,derived_ohlc4
HOSE_HSG,HSG,2025-10-23 09:00:00,1800,2,12.86,12.9,12.6,12.67,4087600,52147557.0,derived_ohlc4
HOSE_HSG,HSG,2025-10-24 09:00:00,1801,2,12.67,12.75,12.33,12.52,4410200,55425188.49999999,derived_ohlc4
HOSE_HSG,HSG,2025-10-27 09:00:00,1802,2,12.75,12.94,12.6,12.75,3969600,50652096.0,derived_ohlc4
HOSE_HSG,HSG,2025-10-28 09:00:00,1803,2,12.75,12.94,12.67,12.94,3034700,38920027.5,derived_ohlc4
HOSE_HSG,HSG,2025-10-29 09:00:00,1804,2,13.06,13.17,12.94,13.06,3123500,40785101.25,derived_ohlc4
HOSE_HSG,HSG,2025-10-30 09:00:00,1805,2,13.02,13.06,12.75,12.79,5176600,66804023.0,derived_ohlc4
HOSE_HSG,HSG,2025-10-31 09:00:00,1806,2,12.83,13.1,12.79,12.86,3457200,44580594.0,derived_ohlc4
HOSE_HSG,HSG,2025-11-03 09:00:00,1807,2,13.1,13.29,12.79,12.86,5061400,65848814.0,derived_ohlc4
HOSE_HSG,HSG,2025-11-04 09:00:00,1808,2,12.9,13.17,12.56,13.17,4887600,63294420.00000001,derived_ohlc4
HOSE_HSG,HSG,2025-11-05 09:00:00,1809,2,13.13,13.21,12.94,13.13,4544800,59548242.00000001,derived_ohlc4
HOSE_HSG,HSG,2025-11-06 09:00:00,1810,2,13.17,13.21,12.9,13.06,3018300,39494455.5,derived_ohlc4
HOSE_HSG,HSG,2025-11-07 09:00:00,1811,2,13.06,13.32,12.9,12.94,6530800,85259594.0,derived_ohlc4
HOSE_HSG,HSG,2025-11-10 09:00:00,1812,2,12.83,13.17,12.83,12.94,2592700,33556019.75,derived_ohlc4
HOSE_HSG,HSG,2025-11-11 09:00:00,1813,2,12.98,13.13,12.79,12.98,2837500,36802375.0,derived_ohlc4
HOSE_HSG,HSG,2025-11-12 09:00:00,1814,2,13.13,13.25,13.02,13.13,3797300,49868042.25000001,derived_ohlc4
HOSE_HSG,HSG,2025-11-13 09:00:00,1815,2,13.21,13.21,12.98,13.1,2435500,31965937.500000004,derived_ohlc4
HOSE_HSG,HSG,2025-11-14 09:00:00,1816,2,13.06,13.21,13.02,13.1,3143400,41170681.50000001,derived_ohlc4
HOSE_HSG,HSG,2025-11-17 09:00:00,1817,2,13.13,13.4,13.1,13.21,3446800,45532228.0,derived_ohlc4
HOSE_HSG,HSG,2025-11-18 09:00:00,1818,2,13.21,13.44,13.21,13.29,4056700,53903401.25,derived_ohlc4
HOSE_HSG,HSG,2025-11-19 09:00:00,1819,2,13.32,13.63,13.13,13.29,7853200,104781321.00000001,derived_ohlc4
HOSE_HSG,HSG,2025-11-20 09:00:00,1820,2,13.4,13.4,13.1,13.13,2085400,27647190.5,derived_ohlc4
HOSE_HSG,HSG,2025-11-21 09:00:00,1821,2,13.17,13.21,12.98,13.13,3150500,41342436.25,derived_ohlc4
HOSE_HSG,HSG,2025-11-24 09:00:00,1822,2,13.13,13.29,12.98,12.98,2488100,32581669.500000007,derived_ohlc4
HOSE_HSG,HSG,2025-11-25 09:00:00,1823,2,12.94,13.17,12.79,12.83,2823100,36509740.75,derived_ohlc4
HOSE_HSG,HSG,2025-11-26 09:00:00,1824,2,12.86,13.02,12.83,12.94,2180500,28155706.25,derived_ohlc4
HOSE_HSG,HSG,2025-11-27 09:00:00,1825,2,12.98,13.06,12.94,12.94,1603500,20813429.999999996,derived_ohlc4
HOSE_HSG,HSG,2025-11-28 09:00:00,1826,2,12.94,13.02,12.75,12.83,1846400,23790864.0,derived_ohlc4
HOSE_HSG,HSG,2025-12-01 09:00:00,1827,2,12.86,12.9,12.67,12.67,2270500,29005637.5,derived_ohlc4
HOSE_HSG,HSG,2025-12-02 09:00:00,1828,2,12.67,12.71,12.48,12.67,3278400,41414388.0,derived_ohlc4
HOSE_HSG,HSG,2025-12-03 09:00:00,1829,2,12.75,12.86,12.71,12.83,1821200,23288595.0,derived_ohlc4
HOSE_HSG,HSG,2025-12-04 09:00:00,1830,2,12.86,13.02,12.86,12.94,2786100,35996411.99999999,derived_ohlc4
HOSE_HSG,HSG,2025-12-05 09:00:00,1831,2,12.98,12.98,12.75,12.79,2374000,30565250.0,derived_ohlc4
HOSE_HSG,HSG,2025-12-08 09:00:00,1832,2,12.83,12.86,12.63,12.67,1629900,20777150.25,derived_ohlc4
HOSE_HSG,HSG,2025-12-09 09:00:00,1833,2,12.67,12.71,12.4,12.67,3198700,40343603.75,derived_ohlc4
HOSE_HSG,HSG,2025-12-10 09:00:00,1834,2,12.71,12.79,12.6,12.63,1778800,22559631.0,derived_ohlc4
HOSE_HSG,HSG,2025-12-11 09:00:00,1835,2,12.67,12.75,12.56,12.6,1730400,21880908.000000004,derived_ohlc4
HOSE_HSG,HSG,2025-12-12 09:00:00,1836,2,12.6,12.63,11.83,11.83,4341700,53066428.25,derived_ohlc4
HOSE_HSG,HSG,2025-12-15 09:00:00,1837,2,11.83,11.94,11.67,11.83,3319200,39224646.0,derived_ohlc4
HOSE_HSG,HSG,2025-12-16 09:00:00,1838,2,11.87,12.29,11.67,12.21,3200800,38441608.0,derived_ohlc4
HOSE_HSG,HSG,2025-12-17 09:00:00,1839,2,12.21,12.25,12.06,12.1,1774900,21573909.500000004,derived_ohlc4
HOSE_HSG,HSG,2025-12-18 09:00:00,1840,2,12.14,12.14,11.98,12.02,1405300,16961971.0,derived_ohlc4
HOSE_HSG,HSG,2025-12-19 09:00:00,1841,2,12.02,12.21,11.98,12.21,1961200,23740326.0,derived_ohlc4
HOSE_HSG,HSG,2025-12-22 09:00:00,1842,2,12.29,12.36,12.14,12.33,2800300,34387684.0,derived_ohlc4
HOSE_HSG,HSG,2025-12-23 09:00:00,1843,2,12.44,12.44,12.14,12.14,1667400,20492346.0,derived_ohlc4
HOSE_HSG,HSG,2025-12-24 09:00:00,1844,2,12.14,12.21,12.1,12.21,2131500,25929697.500000004,derived_ohlc4
HOSE_HSG,HSG,2025-12-25 09:00:00,1845,2,12.21,12.36,12.14,12.33,2439300,29905818.0,derived_ohlc4
HOSE_HSG,HSG,2025-12-26 09:00:00,1846,2,12.63,12.83,12.29,12.33,4457400,55806648.0,derived_ohlc4
HOSE_HSG,HSG,2025-12-29 09:00:00,1847,2,12.52,12.52,12.21,12.44,2264900,28135720.25,derived_ohlc4
HOSE_HSG,HSG,2025-12-30 09:00:00,1848,2,12.44,12.44,12.21,12.21,1212100,14939132.500000002,derived_ohlc4
HOSE_HSG,HSG,2025-12-31 09:00:00,1849,2,12.25,12.29,12.06,12.1,1937700,23591497.5,derived_ohlc4
HOSE_HSG,HSG,2026-01-05 09:00:00,1850,2,12.1,12.17,11.83,11.87,2425200,29084211.0,derived_ohlc4
HOSE_HSG,HSG,2026-01-06 09:00:00,1851,2,11.87,11.94,11.64,11.83,2138900,25281798.0,derived_ohlc4
HOSE_HSG,HSG,2026-01-07 09:00:00,1852,2,11.9,12.21,11.87,12.17,2595400,31242127.5,derived_ohlc4
HOSE_HSG,HSG,2026-01-08 09:00:00,1853,2,12.25,12.29,12.1,12.1,2664100,32462058.5,derived_ohlc4
HOSE_HSG,HSG,2026-01-09 09:00:00,1854,2,12.14,12.21,11.98,11.98,2336100,28214247.75,derived_ohlc4
HOSE_HSG,HSG,2026-01-12 09:00:00,1855,2,11.98,12.6,11.98,12.52,5037000,61803990.0,derived_ohlc4
HOSE_HSG,HSG,2026-01-13 09:00:00,1856,2,12.71,12.75,12.4,12.44,4486500,56417737.5,derived_ohlc4
HOSE_HSG,HSG,2026-01-14 09:00:00,1857,2,12.4,12.63,12.36,12.52,5272200,65783875.49999999,derived_ohlc4
HOSE_HSG,HSG,2026-01-15 09:00:00,1858,2,12.6,13.13,12.52,13.06,12792100,164090662.75,derived_ohlc4
HOSE_HSG,HSG,2026-01-16 09:00:00,1859,2,13.25,13.25,12.79,12.83,7176700,93512401.0,derived_ohlc4
HOSE_HSG,HSG,2026-01-19 09:00:00,1860,2,12.94,13.02,12.75,12.9,3059000,39468747.5,derived_ohlc4
HOSE_HSG,HSG,2026-01-20 09:00:00,1861,2,12.9,12.98,12.75,12.86,3250400,41840774.0,derived_ohlc4
HOSE_HSG,HSG,2026-01-21 09:00:00,1862,2,12.83,12.86,12.4,12.52,5402500,68355131.25,derived_ohlc4
HOSE_HSG,HSG,2026-01-22 09:00:00,1863,2,12.56,12.83,12.52,12.79,3560100,45124267.49999999,derived_ohlc4
HOSE_HSG,HSG,2026-01-23 09:00:00,1864,2,12.79,12.9,12.56,12.56,2336500,29679391.25,derived_ohlc4
HOSE_HSG,HSG,2026-01-26 09:00:00,1865,2,12.56,12.56,12.1,12.21,5079600,62771157.0,derived_ohlc4
HOSE_HSG,HSG,2026-01-27 09:00:00,1866,2,12.06,12.25,11.98,12.21,3184200,38608425.00000001,derived_ohlc4
HOSE_HSG,HSG,2026-01-28 09:00:00,1867,2,12.25,12.44,12.21,12.44,2676600,33015860.999999996,derived_ohlc4
HOSE_HSG,HSG,2026-01-29 09:00:00,1868,2,12.52,12.6,12.4,12.48,2564700,32058750.0,derived_ohlc4
HOSE_HSG,HSG,2026-01-30 09:00:00,1869,2,12.56,12.67,12.36,12.36,1957400,24443032.5,derived_ohlc4
HOSE_HSG,HSG,2026-02-02 09:00:00,1870,2,12.29,12.29,11.98,12.1,4888100,59463736.50000001,derived_ohlc4
HOSE_HSG,HSG,2026-02-03 09:00:00,1871,2,12.21,12.29,12.06,12.14,4028700,49049422.5,derived_ohlc4
HOSE_HSG,HSG,2026-02-04 09:00:00,1872,2,12.25,12.9,12.21,12.67,8229400,102929220.5,derived_ohlc4
HOSE_HSG,HSG,2026-02-05 09:00:00,1873,2,12.71,12.71,12.4,12.4,1933900,24280114.5,derived_ohlc4
HOSE_HSG,HSG,2026-02-06 09:00:00,1874,2,12.29,12.56,11.98,11.98,4600900,56142482.25,derived_ohlc4
HOSE_HSG,HSG,2026-02-09 09:00:00,1875,2,12.1,12.14,11.83,11.9,3797000,45535522.5,derived_ohlc4
HOSE_HSG,HSG,2026-02-10 09:00:00,1876,2,11.98,12.06,11.83,11.87,2727600,32553905.999999996,derived_ohlc4
HOSE_HSG,HSG,2026-02-11 09:00:00,1877,2,11.94,12.1,11.87,11.98,2847900,34096482.75,derived_ohlc4
HOSE_HSG,HSG,2026-02-12 09:00:00,1878,2,12.02,12.14,11.87,11.98,2002600,24036206.500000004,derived_ohlc4
HOSE_HSG,HSG,2026-02-13 09:00:00,1879,2,11.9,12.1,11.9,11.9,2875400,34361030.0,derived_ohlc4
HOSE_HSG,HSG,2026-02-23 09:00:00,1880,2,12.14,12.33,12.02,12.21,2544600,30980504.999999996,derived_ohlc4
HOSE_HSG,HSG,2026-02-24 09:00:00,1881,2,12.14,12.6,12.14,12.52,5286800,65291980.00000001,derived_ohlc4
HOSE_HSG,HSG,2026-02-25 09:00:00,1882,2,12.6,12.9,12.56,12.6,6951700,88043280.5,derived_ohlc4
HOSE_HSG,HSG,2026-02-26 09:00:00,1883,2,12.67,12.67,12.36,12.48,2814900,35312920.50000001,derived_ohlc4
HOSE_HSG,HSG,2026-02-27 09:00:00,1884,2,12.48,12.56,12.33,12.4,3179500,39560928.75,derived_ohlc4
HOSE_HSG,HSG,2026-03-02 09:00:00,1885,2,12.1,12.4,11.94,12.06,6706300,81313887.5,derived_ohlc4
HOSE_HSG,HSG,2026-03-03 09:00:00,1886,2,12.06,12.25,11.87,11.9,5006800,60181736.0,derived_ohlc4
HOSE_HSG,HSG,2026-03-04 09:00:00,1887,2,11.9,11.98,11.14,11.64,7433400,86710611.0,derived_ohlc4
HOSE_HSG,HSG,2026-03-05 09:00:00,1888,2,11.9,11.98,11.52,11.52,3569200,41866716.0,derived_ohlc4
HOSE_HSG,HSG,2026-03-06 09:00:00,1889,2,11.52,11.6,11.33,11.37,4297200,49224425.99999999,derived_ohlc4
HOSE_HSG,HSG,2026-03-09 09:00:00,1890,2,10.75,10.79,10.6,10.6,7271700,77698114.5,derived_ohlc4
HOSE_HSG,HSG,2026-03-10 09:00:00,1891,2,10.75,11.25,10.68,10.98,6906800,75387722.0,derived_ohlc4
HOSE_HSG,HSG,2026-03-11 09:00:00,1892,2,11.02,11.4,10.94,11.37,4334200,48467191.5,derived_ohlc4
HOSE_HSG,HSG,2026-03-12 09:00:00,1893,2,11.37,11.37,11.02,11.06,3595800,40290939.0,derived_ohlc4
HOSE_HSG,HSG,2026-03-13 09:00:00,1894,2,10.94,11.18,10.94,11.02,2725000,30029500.0,derived_ohlc4
HOSE_HSG,HSG,2026-03-16 09:00:00,1895,2,11.14,11.29,11.02,11.06,1819100,20242035.250000004,derived_ohlc4
HOSE_HSG,HSG,2026-03-17 09:00:00,1896,2,11.14,11.29,11.14,11.14,1814300,20279338.25,derived_ohlc4
HOSE_HSG,HSG,2026-03-18 09:00:00,1897,2,11.33,11.48,11.21,11.33,3941700,44689023.75,derived_ohlc4
HOSE_HSG,HSG,2026-03-19 09:00:00,1898,2,11.25,11.29,11.14,11.21,2837800,31847210.5,derived_ohlc4
HOSE_HSG,HSG,2026-03-20 09:00:00,1899,2,11.14,11.25,10.91,10.91,2603800,28778499.499999996,derived_ohlc4
HOSE_HSG,HSG,2026-03-23 09:00:00,1900,2,10.91,10.98,10.48,10.64,4531200,48721728.00000001,derived_ohlc4
HOSE_HSG,HSG,2026-03-24 09:00:00,1901,2,11.06,11.18,10.91,11.02,1721500,19009663.75,derived_ohlc4
HOSE_HSG,HSG,2026-03-25 09:00:00,1902,2,11.1,11.21,11.02,11.06,4120300,45725029.25,derived_ohlc4
HOSE_HSG,HSG,2026-03-26 09:00:00,1903,2,11.18,11.18,10.98,11.14,2034500,22623640.000000004,derived_ohlc4
HOSE_HSG,HSG,2026-03-27 09:00:00,1904,2,11.18,11.48,11.14,11.44,3746700,42375176.99999999,derived_ohlc4
HOSE_HSG,HSG,2026-03-30 09:00:00,1905,2,11.21,11.6,11.14,11.48,3677600,41768342.00000001,derived_ohlc4
HOSE_HSG,HSG,2026-03-31 09:00:00,1906,2,11.52,11.6,11.37,11.4,3274900,37571290.24999999,derived_ohlc4
HOSE_HSG,HSG,2026-04-01 09:00:00,1907,2,11.52,11.64,11.4,11.44,2875000,33062500.0,derived_ohlc4
HOSE_HSG,HSG,2026-04-02 09:00:00,1908,2,11.37,11.64,11.33,11.48,2588000,29645539.999999996,derived_ohlc4
HOSE_HSG,HSG,2026-04-03 09:00:00,1909,2,11.48,11.56,11.37,11.37,2442800,27957845.999999996,derived_ohlc4
HOSE_HSG,HSG,2026-04-06 09:00:00,1910,2,11.37,11.48,11.25,11.25,1673500,18973306.25,derived_ohlc4
HOSE_HSG,HSG,2026-04-07 09:00:00,1911,2,11.29,11.37,11.14,11.18,1550600,17436497.0,derived_ohlc4
HOSE_HSG,HSG,2026-04-08 09:00:00,1912,2,11.56,11.71,11.44,11.6,4306300,49856188.25,derived_ohlc4
HOSE_HSG,HSG,2026-04-09 09:00:00,1913,2,11.6,11.94,11.52,11.87,4557800,53474388.5,derived_ohlc4
HOSE_HSG,HSG,2026-04-10 09:00:00,1914,2,11.98,12.02,11.75,11.75,2276800,27037000.0,derived_ohlc4
HOSE_HSG,HSG,2026-04-13 09:00:00,1915,2,11.52,11.83,11.52,11.79,3195400,37274341.0,derived_ohlc4
HOSE_HSG,HSG,2026-04-14 09:00:00,1916,2,11.9,12.6,11.79,12.6,12506600,152861918.5,derived_ohlc4
HOSE_HSG,HSG,2026-04-15 09:00:00,1917,2,12.71,12.75,12.36,12.44,6408300,80520289.5,derived_ohlc4
HOSE_HSG,HSG,2026-04-16 09:00:00,1918,2,12.44,12.52,12.02,12.29,7058500,86943073.75,derived_ohlc4
HOSE_HSG,HSG,2026-04-17 09:00:00,1919,2,12.29,12.36,12.17,12.29,3632900,44602929.75,derived_ohlc4
HOSE_HSG,HSG,2026-04-20 09:00:00,1920,2,12.33,12.52,12.29,12.44,4339200,53784384.0,derived_ohlc4
HOSE_HSG,HSG,2026-04-21 09:00:00,1921,2,12.56,12.67,12.29,12.36,8788200,109588853.99999999,derived_ohlc4
HOSE_HSG,HSG,2026-04-22 09:00:00,1922,2,12.36,12.4,12.17,12.21,2808700,34504879.5,derived_ohlc4
HOSE_HSG,HSG,2026-04-23 09:00:00,1923,2,12.21,12.33,11.9,12.06,4636700,56219987.5,derived_ohlc4
HOSE_HSG,HSG,2026-04-24 09:00:00,1924,2,12.06,12.25,11.94,12.14,3078600,37243363.5,derived_ohlc4
HOSE_HSG,HSG,2026-04-28 09:00:00,1925,2,12.14,12.48,12.14,12.33,3325200,40808517.0,derived_ohlc4
HOSE_HSG,HSG,2026-04-29 09:00:00,1926,2,12.4,12.4,12.25,12.25,3812300,46986597.5,derived_ohlc4
HOSE_HSG,HSG,2026-05-04 09:00:00,1927,2,12.4,12.65,12.4,12.5,4498000,56168775.0,derived_ohlc4
HOSE_HSG,HSG,2026-05-05 09:00:00,1928,2,12.5,12.55,12.35,12.45,2528700,31513923.749999996,derived_ohlc4
HOSE_HSG,HSG,2026-05-06 09:00:00,1929,2,12.5,12.5,12.3,12.5,4559500,56765775.0,derived_ohlc4
HOSE_HSG,HSG,2026-05-07 09:00:00,1930,2,12.85,12.85,12.55,12.6,4025400,51172897.5,derived_ohlc4
HOSE_HSG,HSG,2026-05-08 09:00:00,1931,2,12.6,12.65,12.4,12.45,2752600,34476314.99999999,derived_ohlc4
HOSE_HSG,HSG,2026-05-11 09:00:00,1932,2,12.45,12.45,12.0,12.1,5929800,72640050.0,derived_ohlc4
HOSE_HSG,HSG,2026-05-12 09:00:00,1933,2,12.0,12.3,12.0,12.3,3248500,39469274.99999999,derived_ohlc4
HOSE_HSG,HSG,2026-05-13 09:00:00,1934,2,12.3,12.35,12.1,12.2,1794000,21954075.0,derived_ohlc4
HOSE_HSG,HSG,2026-05-14 09:00:00,1935,2,12.2,12.35,12.15,12.2,1705200,20846069.999999996,derived_ohlc4
HOSE_HSG,HSG,2026-05-15 09:00:00,1936,2,12.2,12.2,12.05,12.1,2019400,24510467.500000004,derived_ohlc4
HOSE_HSG,HSG,2026-05-18 09:00:00,1937,2,12.0,12.1,11.95,12.0,2058600,24728932.5,derived_ohlc4
HOSE_HSG,HSG,2026-05-19 09:00:00,1938,2,12.1,12.2,12.05,12.05,2106100,25483809.999999996,derived_ohlc4
HOSE_HSG,HSG,2026-05-20 09:00:00,1939,2,12.05,12.15,11.65,11.95,2735800,32692809.999999996,derived_ohlc4
HOSE_HSG,HSG,2026-05-21 09:00:00,1940,2,12.0,12.25,11.95,12.2,2696800,32631280.000000004,derived_ohlc4
HOSE_HSG,HSG,2026-05-22 09:00:00,1941,2,12.25,12.7,12.15,12.6,8184700,101694897.5,derived_ohlc4
HOSE_HSG,HSG,2026-05-25 09:00:00,1942,2,12.6,12.75,12.5,12.55,3329800,41955480.00000001,derived_ohlc4
HOSE_HSG,HSG,2026-05-26 09:00:00,1943,2,12.4,13.0,12.4,12.8,9458000,119643699.99999999,derived_ohlc4
HOSE_HSG,HSG,2026-05-27 09:00:00,1944,2,12.8,12.85,12.65,12.8,3487100,44547702.49999999,derived_ohlc4
HOSE_HSG,HSG,2026-05-28 09:00:00,1945,2,12.85,12.85,12.5,12.55,3418300,43369681.25,derived_ohlc4
HOSE_HSG,HSG,2026-05-29 09:00:00,1946,2,12.55,12.6,12.4,12.45,3452700,43158750.0,derived_ohlc4
HOSE_HSG,HSG,2026-06-01 09:00:00,1947,2,12.45,12.5,12.3,12.45,2535500,31503587.5,derived_ohlc4
HOSE_HSG,HSG,2026-06-02 09:00:00,1948,2,12.45,12.45,12.05,12.1,3792300,46503078.75000001,derived_ohlc4
HOSE_HSG,HSG,2026-06-03 09:00:00,1949,2,12.1,12.3,12.1,12.25,1908100,23254968.75,derived_ohlc4
HOSE_HSG,HSG,2026-06-04 09:00:00,1950,2,12.2,12.25,12.1,12.1,2309000,28083212.5,derived_ohlc4
HOSE_HSG,HSG,2026-06-05 09:00:00,1951,2,12.1,12.15,11.95,12.0,2668900,32160245.000000004,derived_ohlc4
HOSE_HSG,HSG,2026-06-08 09:00:00,1952,2,11.7,11.85,11.5,11.65,5348400,62442569.99999999,derived_ohlc4
HOSE_HSG,HSG,2026-06-09 09:00:00,1953,2,11.7,11.8,11.65,11.75,1691900,19837527.5,derived_ohlc4
HOSE_HSG,HSG,2026-06-10 09:00:00,1954,2,11.75,11.9,11.65,11.85,2317500,27317531.25,derived_ohlc4
HOSE_HSG,HSG,2026-06-11 09:00:00,1955,2,11.8,11.8,11.7,11.8,2656100,31275577.499999996,derived_ohlc4
HOSE_HSG,HSG,2026-06-12 09:00:00,1956,2,11.85,11.9,11.7,11.7,2142700,25257076.250000004,derived_ohlc4
HOSE_HSG,HSG,2026-06-15 09:00:00,1957,2,11.8,12.1,11.8,12.05,3024100,36100193.75,derived_ohlc4
HOSE_HSG,HSG,2026-06-16 09:00:00,1958,2,12.05,12.2,11.95,12.2,2774600,33572660.00000001,derived_ohlc4
HOSE_HSG,HSG,2026-06-17 09:00:00,1959,2,12.3,12.35,12.05,12.05,3351500,40846406.25,derived_ohlc4
HOSE_HSG,HSG,2026-06-18 09:00:00,1960,2,12.05,12.15,12.0,12.0,2135500,25732775.0,derived_ohlc4
HOSE_HSG,HSG,2026-06-19 09:00:00,1961,2,12.1,12.1,11.9,11.95,2333000,28025162.5,derived_ohlc4
HOSE_HSG,HSG,2026-06-22 09:00:00,1962,2,11.95,12.05,11.9,11.95,1710400,20460659.999999996,derived_ohlc4
HOSE_HSG,HSG,2026-06-23 09:00:00,1963,2,11.9,11.95,11.7,11.75,3732500,44136812.5,derived_ohlc4
HOSE_HSG,HSG,2026-06-24 09:00:00,1964,2,11.65,11.75,11.55,11.75,2594500,30290787.5,derived_ohlc4
HOSE_HSG,HSG,2026-06-25 09:00:00,1965,2,11.75,11.8,11.6,11.7,1785300,20910326.249999996,derived_ohlc4
HOSE_HSG,HSG,2026-06-26 09:00:00,1966,2,11.65,11.7,11.55,11.6,1413100,16427287.500000002,derived_ohlc4
HOSE_HSG,HSG,2026-06-29 09:00:00,1967,2,11.6,11.75,11.6,11.75,2232600,26065605.0,derived_ohlc4
HOSE_HSG,HSG,2026-06-30 09:00:00,1968,2,11.8,11.8,11.65,11.7,1662100,19508898.75,derived_ohlc4
HOSE_HSG,HSG,2026-07-01 09:00:00,1969,2,11.7,11.75,11.65,11.75,2378500,27858181.25,derived_ohlc4
HOSE_HSG,HSG,2026-07-02 09:00:00,1970,2,11.75,11.8,11.6,11.6,2320100,27116168.75,derived_ohlc4
HOSE_HSG,HSG,2026-07-03 09:00:00,1971,2,11.6,11.65,11.5,11.55,2693900,31181892.499999996,derived_ohlc4
HOSE_HSG,HSG,2026-07-06 09:00:00,1972,2,11.55,11.75,11.25,11.45,3441000,39571500.0,derived_ohlc4
HOSE_HSG,HSG,2026-07-07 09:00:00,1973,2,11.45,11.5,11.3,11.5,3998400,45731700.0,derived_ohlc4
HOSE_HSG,HSG,2026-07-08 09:00:00,1974,2,11.45,11.7,11.35,11.7,3706700,42812385.0,derived_ohlc4
HOSE_HSG,HSG,2026-07-09 09:00:00,1975,2,11.6,11.6,11.45,11.5,3150700,36351201.25,derived_ohlc4
HOSE_HSG,HSG,2026-07-10 09:00:00,1976,2,11.45,11.55,11.35,11.35,1764900,20163982.5,derived_ohlc4
HOSE_HSG,HSG,2026-07-13 09:00:00,1977,2,11.4,11.45,11.2,11.25,3543600,40131270.0,derived_ohlc4
HOSE_HSG,HSG,2026-07-14 09:00:00,1978,2,11.25,11.6,11.25,11.55,2242100,25587966.250000004,derived_ohlc4
HOSE_HSG,HSG,2026-07-15 09:00:00,1979,2,11.55,11.75,11.5,11.65,6866400,79736070.0,derived_ohlc4
HOSE_HSG,HSG,2026-07-16 09:00:00,1980,2,11.55,11.6,11.25,11.6,4079600,46915400.0,derived_ohlc4
HOSE_HSG,HSG,2026-07-17 09:00:00,1981,2,11.55,11.55,11.3,11.3,1871100,21377317.5,derived_ohlc4
HOSE_HSG,HSG,2026-07-20 09:00:00,1982,2,11.15,11.25,10.65,10.65,4608800,50351139.99999999,derived_ohlc4
HOSE_HSG,HSG,2026-07-21 09:00:00,1983,2,10.4,10.85,10.4,10.55,2153900,22723645.0,derived_ohlc4
HOSE_HSG,HSG,2026-07-22 09:00:00,1984,2,10.5,10.65,10.15,10.45,3612400,37704425.0,derived_ohlc4
HOSE_HSG,HSG,2026-07-23 09:00:00,1985,2,10.35,10.7,10.15,10.5,2927700,30521272.499999996,derived_ohlc4
HOSE_HSG,HSG,2026-07-24 09:00:00,1986,2,10.4,10.55,10.35,10.45,1391600,14524825.0,derived_ohlc4
HOSE_HSG,HSG,2026-07-27 09:00:00,1987,2,10.45,10.55,10.05,10.05,1768500,18171337.5,derived_ohlc4
HOSE_HSG,HSG,2026-07-28 09:00:00,1988,2,9.7,10.55,9.7,10.45,3302200,33352220.0,derived_ohlc4
HOSE_HSG,HSG,2026-07-29 09:00:00,1989,2,10.45,10.85,10.45,10.65,2391200,25346720.0,derived_ohlc4
HOSE_HSG,HSG,2026-07-30 09:00:00,1990,2,10.7,10.95,10.65,10.9,2430400,26248319.999999996,derived_ohlc4
HOSE_HSG,HSG,2026-07-31 09:00:00,1991,2,11.0,11.0,10.65,10.7,1717700,18615573.749999996,derived_ohlc4
HOSE_HSG,HSG,2026-08-03 09:00:00,1992,2,10.6,11.0,10.6,10.95,1757900,18963346.250000004,derived_ohlc4
HOSE_HSG,HSG,2026-08-04 09:00:00,1993,2,10.95,11.0,10.75,10.85,1281700,13954508.750000002,derived_ohlc4
HOSE_HSG,HSG,2026-08-05 09:00:00,1994,2,10.9,11.0,10.75,10.8,2189700,23785616.25,derived_ohlc4
HOSE_HSG,HSG,2026-08-06 09:00:00,1995,2,10.8,10.95,10.75,10.8,1399000,15144174.999999998,derived_ohlc4
HOSE_HSG,HSG,2026-08-07 09:00:00,1996,2,10.75,11.0,10.75,10.75,1553300,16795056.25,derived_ohlc4
