security_id,symbol,timestamps,session_id,segment_id,open,high,low,close,volume,amount,amount_source
HOSE_MCH,MCH,2018-08-09 09:00:00,0,0,29.24,29.57,29.24,29.28,20432.0,599321.64,derived_ohlc4
HOSE_MCH,MCH,2018-08-10 09:00:00,1,0,29.28,29.28,29.28,29.28,1922.0,56276.16,derived_ohlc4
HOSE_MCH,MCH,2018-08-13 09:00:00,2,0,29.28,33.46,29.28,30.77,3342.0,102591.045,derived_ohlc4
HOSE_MCH,MCH,2018-08-14 09:00:00,3,0,30.47,30.47,29.54,29.57,15000.0,450187.49999999994,derived_ohlc4
HOSE_MCH,MCH,2018-08-15 09:00:00,4,0,29.57,29.6,29.57,29.6,34512.0,1021037.52,derived_ohlc4
HOSE_MCH,MCH,2018-08-16 09:00:00,5,0,29.57,29.57,29.28,29.42,13846.0,407903.16000000003,derived_ohlc4
HOSE_MCH,MCH,2018-08-17 09:00:00,6,0,29.28,29.36,29.28,29.28,5222.0,153004.6,derived_ohlc4
HOSE_MCH,MCH,2018-08-20 09:00:00,7,0,28.95,28.98,28.95,28.95,18011.0,521553.5325,derived_ohlc4
HOSE_MCH,MCH,2018-08-21 09:00:00,8,0,28.83,28.98,28.83,28.95,4163.0,120300.29250000001,derived_ohlc4
HOSE_MCH,MCH,2018-08-22 09:00:00,9,0,28.83,29.3,28.83,29.3,13613.0,395661.845,derived_ohlc4
HOSE_MCH,MCH,2018-08-23 09:00:00,10,0,29.28,29.28,28.98,29.12,43490.0,1268385.85,derived_ohlc4
HOSE_MCH,MCH,2018-08-24 09:00:00,11,0,28.98,29.57,28.98,29.57,53030.0,1552453.25,derived_ohlc4
HOSE_MCH,MCH,2018-08-27 09:00:00,12,0,33.19,33.32,30.88,30.92,5388.0,172833.57,derived_ohlc4
HOSE_MCH,MCH,2018-08-28 09:00:00,13,0,32.53,32.53,28.79,29.54,3730.0,115061.17499999999,derived_ohlc4
HOSE_MCH,MCH,2018-08-29 09:00:00,14,0,29.89,30.23,29.54,29.89,8323.0,248753.6625,derived_ohlc4
HOSE_MCH,MCH,2018-08-30 09:00:00,15,0,29.89,30.4,29.54,30.3,16200.0,486526.5,derived_ohlc4
HOSE_MCH,MCH,2018-08-31 09:00:00,16,0,30.23,30.92,30.23,30.34,3222.0,98045.46,derived_ohlc4
HOSE_MCH,MCH,2018-09-04 09:00:00,17,0,30.3,30.85,30.3,30.4,7370.0,224508.625,derived_ohlc4
HOSE_MCH,MCH,2018-09-05 09:00:00,18,0,30.4,30.4,30.37,30.4,8800.0,267454.0,derived_ohlc4
HOSE_MCH,MCH,2018-09-06 09:00:00,19,0,30.23,30.47,30.23,30.44,10117.0,306975.0725,derived_ohlc4
HOSE_MCH,MCH,2018-09-07 09:00:00,20,0,30.44,30.51,30.44,30.44,6038.0,183902.385,derived_ohlc4
HOSE_MCH,MCH,2018-09-10 09:00:00,21,0,30.44,30.44,30.4,30.4,18095.0,550449.9,derived_ohlc4
HOSE_MCH,MCH,2018-09-11 09:00:00,22,0,30.23,30.4,30.23,30.4,8288.0,251250.71999999997,derived_ohlc4
HOSE_MCH,MCH,2018-09-12 09:00:00,23,0,30.23,30.4,30.23,30.4,6397.0,193925.055,derived_ohlc4
HOSE_MCH,MCH,2018-09-13 09:00:00,24,0,30.44,30.44,30.23,30.44,1846.0,56095.325,derived_ohlc4
HOSE_MCH,MCH,2018-09-14 09:00:00,25,0,30.4,30.4,30.4,30.4,7715.0,234536.0,derived_ohlc4
HOSE_MCH,MCH,2018-09-17 09:00:00,26,0,29.89,30.23,29.89,30.23,686.0,20621.16,derived_ohlc4
HOSE_MCH,MCH,2018-09-18 09:00:00,27,0,30.16,30.23,30.16,30.23,3890.0,117458.55,derived_ohlc4
HOSE_MCH,MCH,2018-09-19 09:00:00,28,0,30.23,30.23,30.23,30.23,6124.0,185128.52,derived_ohlc4
HOSE_MCH,MCH,2018-09-20 09:00:00,29,0,30.23,30.58,30.23,30.23,5899.0,178842.93250000002,derived_ohlc4
HOSE_MCH,MCH,2018-09-21 09:00:00,30,0,30.23,30.4,30.23,30.4,10763.0,326280.345,derived_ohlc4
HOSE_MCH,MCH,2018-09-24 09:00:00,31,0,30.54,30.54,30.4,30.4,4775.0,145494.25,derived_ohlc4
HOSE_MCH,MCH,2018-09-25 09:00:00,32,0,30.4,30.58,30.4,30.58,5904.0,180012.96,derived_ohlc4
HOSE_MCH,MCH,2018-09-26 09:00:00,33,0,30.23,30.92,30.23,30.92,21475.0,656598.1250000001,derived_ohlc4
HOSE_MCH,MCH,2018-09-27 09:00:00,34,0,30.4,30.75,30.4,30.44,7510.0,229036.22499999998,derived_ohlc4
HOSE_MCH,MCH,2018-09-28 09:00:00,35,0,30.92,30.92,30.85,30.92,7658.0,236651.345,derived_ohlc4
HOSE_MCH,MCH,2018-10-01 09:00:00,36,0,30.44,31.09,30.44,30.95,24363.0,748674.99,derived_ohlc4
HOSE_MCH,MCH,2018-10-02 09:00:00,37,0,31.09,31.09,30.95,30.95,400.0,12408.0,derived_ohlc4
HOSE_MCH,MCH,2018-10-03 09:00:00,38,0,30.92,31.09,30.92,31.09,5502.0,170589.51,derived_ohlc4
HOSE_MCH,MCH,2018-10-04 09:00:00,39,0,31.09,31.09,30.92,30.95,21179.0,656813.7374999999,derived_ohlc4
HOSE_MCH,MCH,2018-10-05 09:00:00,40,0,30.99,31.09,30.92,30.92,8980.0,278200.4,derived_ohlc4
HOSE_MCH,MCH,2018-10-08 09:00:00,41,0,30.92,30.92,29.89,30.92,7538.0,231133.92500000002,derived_ohlc4
HOSE_MCH,MCH,2018-10-09 09:00:00,42,0,30.68,30.68,30.68,30.68,113.0,3466.84,derived_ohlc4
HOSE_MCH,MCH,2018-10-10 09:00:00,43,0,30.92,30.92,30.3,30.34,8285.0,253686.7,derived_ohlc4
HOSE_MCH,MCH,2018-10-11 09:00:00,44,0,30.78,30.78,30.68,30.68,3569.0,109675.37000000001,derived_ohlc4
HOSE_MCH,MCH,2018-10-12 09:00:00,45,0,29.54,29.54,29.54,29.54,100.0,2954.0,derived_ohlc4
HOSE_MCH,MCH,2018-10-15 09:00:00,46,0,29.54,29.89,29.54,29.54,7542.0,223450.60499999998,derived_ohlc4
HOSE_MCH,MCH,2018-10-16 09:00:00,47,0,29.58,29.58,29.54,29.58,2480.0,73333.59999999999,derived_ohlc4
HOSE_MCH,MCH,2018-10-17 09:00:00,48,0,29.65,29.65,29.58,29.58,1106.0,32754.19,derived_ohlc4
HOSE_MCH,MCH,2018-10-18 09:00:00,49,0,29.86,29.86,29.86,29.86,599.0,17886.14,derived_ohlc4
HOSE_MCH,MCH,2018-10-19 09:00:00,50,0,29.2,29.2,29.2,29.2,10000.0,292000.0,derived_ohlc4
HOSE_MCH,MCH,2018-10-22 09:00:00,51,0,29.2,29.24,29.2,29.24,1175.0,34333.5,derived_ohlc4
HOSE_MCH,MCH,2018-10-23 09:00:00,52,0,28.17,29.54,28.17,28.17,3123.0,89044.53749999999,derived_ohlc4
HOSE_MCH,MCH,2018-10-24 09:00:00,53,0,29.2,29.2,28.52,29.2,3182.0,92373.46,derived_ohlc4
HOSE_MCH,MCH,2018-10-25 09:00:00,54,0,29.13,29.13,27.52,28.86,767.0,21982.22,derived_ohlc4
HOSE_MCH,MCH,2018-10-26 09:00:00,55,0,28.79,29.03,28.55,28.65,2170.0,62398.350000000006,derived_ohlc4
HOSE_MCH,MCH,2018-10-29 09:00:00,56,0,28.52,28.82,28.52,28.52,1712.0,48954.64,derived_ohlc4
HOSE_MCH,MCH,2018-10-30 09:00:00,57,0,28.55,29.54,28.55,29.54,18085.0,525278.8250000001,derived_ohlc4
HOSE_MCH,MCH,2018-10-31 09:00:00,58,0,25.77,29.89,25.77,29.03,4170.0,115154.54999999999,derived_ohlc4
HOSE_MCH,MCH,2018-11-01 09:00:00,59,0,28.86,29.2,28.86,28.86,4265.0,123450.425,derived_ohlc4
HOSE_MCH,MCH,2018-11-02 09:00:00,60,0,29.2,29.2,29.2,29.2,136.0,3971.2,derived_ohlc4
HOSE_MCH,MCH,2018-11-05 09:00:00,61,0,30.58,30.58,29.2,29.2,11326.0,338534.14,derived_ohlc4
HOSE_MCH,MCH,2018-11-06 09:00:00,62,0,29.27,29.72,29.27,29.54,13610.0,400814.49999999994,derived_ohlc4
HOSE_MCH,MCH,2018-11-07 09:00:00,63,0,29.03,29.65,29.03,29.54,6286.0,184258.375,derived_ohlc4
HOSE_MCH,MCH,2018-11-08 09:00:00,64,0,29.54,29.89,29.54,29.89,3061.0,90957.615,derived_ohlc4
HOSE_MCH,MCH,2018-11-09 09:00:00,65,0,29.54,29.54,29.54,29.54,2076.0,61325.04,derived_ohlc4
HOSE_MCH,MCH,2018-11-12 09:00:00,66,0,29.54,30.23,29.54,30.23,26607.0,795150.1950000001,derived_ohlc4
HOSE_MCH,MCH,2018-11-13 09:00:00,67,0,30.4,30.92,29.89,30.92,14807.0,452094.72750000004,derived_ohlc4
HOSE_MCH,MCH,2018-11-14 09:00:00,68,0,30.75,30.92,30.75,30.92,43849.0,1352083.915,derived_ohlc4
HOSE_MCH,MCH,2018-11-15 09:00:00,69,0,30.58,31.61,30.58,31.26,21230.0,658289.225,derived_ohlc4
HOSE_MCH,MCH,2018-11-16 09:00:00,70,0,31.16,32.12,31.16,32.02,40426.0,1278067.99,derived_ohlc4
HOSE_MCH,MCH,2018-11-19 09:00:00,71,0,31.61,32.12,31.61,32.12,43767.0,1394635.455,derived_ohlc4
HOSE_MCH,MCH,2018-11-20 09:00:00,72,0,31.95,31.95,31.78,31.95,44475.0,1419086.0625,derived_ohlc4
HOSE_MCH,MCH,2018-11-21 09:00:00,73,0,31.88,32.26,31.88,32.26,7645.0,245175.15,derived_ohlc4
HOSE_MCH,MCH,2018-11-22 09:00:00,74,0,31.95,31.95,31.81,31.81,28806.0,918335.28,derived_ohlc4
HOSE_MCH,MCH,2018-11-23 09:00:00,75,0,32.26,32.26,30.95,30.99,2912.0,92062.87999999999,derived_ohlc4
HOSE_MCH,MCH,2018-11-26 09:00:00,76,0,31.88,31.88,31.88,31.88,180.0,5738.4,derived_ohlc4
HOSE_MCH,MCH,2018-11-27 09:00:00,77,0,30.64,31.61,30.64,31.61,5183.0,161320.875,derived_ohlc4
HOSE_MCH,MCH,2018-11-28 09:00:00,78,0,31.26,31.4,31.26,31.4,4634.0,145183.22,derived_ohlc4
HOSE_MCH,MCH,2018-11-29 09:00:00,79,0,31.37,32.12,31.09,32.12,30631.0,970236.9249999999,derived_ohlc4
HOSE_MCH,MCH,2018-11-30 09:00:00,80,0,31.61,31.61,31.61,31.61,9150.0,289231.5,derived_ohlc4
HOSE_MCH,MCH,2018-12-03 09:00:00,81,0,31.54,32.12,31.5,32.12,15768.0,501737.76,derived_ohlc4
HOSE_MCH,MCH,2018-12-04 09:00:00,82,0,31.95,32.98,31.95,32.98,48347.0,1569585.3549999997,derived_ohlc4
HOSE_MCH,MCH,2018-12-05 09:00:00,83,0,32.12,32.29,32.12,32.29,6027.0,194099.535,derived_ohlc4
HOSE_MCH,MCH,2018-12-06 09:00:00,84,0,32.12,32.64,32.12,32.6,75611.0,2447528.07,derived_ohlc4
HOSE_MCH,MCH,2018-12-07 09:00:00,85,0,32.47,34.18,32.47,34.18,76516.0,2549895.7,derived_ohlc4
HOSE_MCH,MCH,2018-12-10 09:00:00,86,0,33.84,34.18,33.84,34.15,19522.0,663796.805,derived_ohlc4
HOSE_MCH,MCH,2018-12-11 09:00:00,87,0,34.01,34.53,34.01,34.35,180517.0,6178194.324999999,derived_ohlc4
HOSE_MCH,MCH,2018-12-12 09:00:00,88,0,34.35,34.35,34.35,34.35,5777.0,198439.95,derived_ohlc4
HOSE_MCH,MCH,2018-12-13 09:00:00,89,0,34.35,34.7,34.35,34.7,13463.0,464810.07500000007,derived_ohlc4
HOSE_MCH,MCH,2018-12-14 09:00:00,90,0,34.01,34.7,34.01,34.7,51352.0,1764197.9600000002,derived_ohlc4
HOSE_MCH,MCH,2018-12-17 09:00:00,91,0,34.18,34.35,34.18,34.35,39004.0,1336472.06,derived_ohlc4
HOSE_MCH,MCH,2018-12-18 09:00:00,92,0,34.15,34.7,34.15,34.7,32946.0,1134166.0499999998,derived_ohlc4
HOSE_MCH,MCH,2018-12-19 09:00:00,93,0,33.46,34.7,33.46,34.7,9006.0,306924.48,derived_ohlc4
HOSE_MCH,MCH,2018-12-20 09:00:00,94,0,34.63,34.7,34.35,34.7,60850.0,2105105.75,derived_ohlc4
HOSE_MCH,MCH,2018-12-21 09:00:00,95,0,35.04,35.11,34.01,35.11,60517.0,2107050.6474999995,derived_ohlc4
HOSE_MCH,MCH,2018-12-24 09:00:00,96,0,34.35,34.7,34.35,34.7,1536.0,53030.40000000001,derived_ohlc4
HOSE_MCH,MCH,2018-12-25 09:00:00,97,0,32.98,34.63,32.98,34.63,476.0,16091.18,derived_ohlc4
HOSE_MCH,MCH,2018-12-26 09:00:00,98,0,34.18,34.7,34.18,34.7,36837.0,1268666.28,derived_ohlc4
HOSE_MCH,MCH,2018-12-27 09:00:00,99,0,34.35,34.35,34.01,34.01,1614.0,55166.52,derived_ohlc4
HOSE_MCH,MCH,2018-12-28 09:00:00,100,0,34.32,35.04,32.98,35.04,38770.0,1331555.65,derived_ohlc4
HOSE_MCH,MCH,2019-01-02 09:00:00,101,0,34.01,34.35,34.01,34.35,4028.0,137677.04,derived_ohlc4
HOSE_MCH,MCH,2019-01-03 09:00:00,102,0,34.01,34.53,33.08,34.53,942.0,32063.324999999993,derived_ohlc4
HOSE_MCH,MCH,2019-01-04 09:00:00,103,0,33.91,34.7,33.91,34.35,37361.0,1278400.0175,derived_ohlc4
HOSE_MCH,MCH,2019-01-07 09:00:00,104,0,34.35,34.35,33.36,34.35,1537.0,52415.542499999996,derived_ohlc4
HOSE_MCH,MCH,2019-01-08 09:00:00,105,0,34.01,34.7,34.01,34.7,67044.0,2303296.62,derived_ohlc4
HOSE_MCH,MCH,2019-01-09 09:00:00,106,0,34.35,34.7,34.35,34.39,21932.0,755502.5700000001,derived_ohlc4
HOSE_MCH,MCH,2019-01-10 09:00:00,107,0,34.35,34.63,34.29,34.63,11705.0,403529.875,derived_ohlc4
HOSE_MCH,MCH,2019-01-11 09:00:00,108,0,34.22,34.7,34.22,34.7,5245.0,180742.7,derived_ohlc4
HOSE_MCH,MCH,2019-01-14 09:00:00,109,0,34.35,35.39,34.35,35.04,53450.0,1859124.625,derived_ohlc4
HOSE_MCH,MCH,2019-01-15 09:00:00,110,0,35.04,35.39,30.92,35.11,16632.0,567400.68,derived_ohlc4
HOSE_MCH,MCH,2019-01-16 09:00:00,111,0,35.39,35.45,35.35,35.45,9840.0,348434.39999999997,derived_ohlc4
HOSE_MCH,MCH,2019-01-17 09:00:00,112,0,35.39,36.42,35.39,36.42,51533.0,1850292.365,derived_ohlc4
HOSE_MCH,MCH,2019-01-18 09:00:00,113,0,35.9,36.38,35.73,36.38,36214.0,1307234.865,derived_ohlc4
HOSE_MCH,MCH,2019-01-21 09:00:00,114,0,36.07,36.59,36.07,36.59,19552.0,710324.1599999999,derived_ohlc4
HOSE_MCH,MCH,2019-01-22 09:00:00,115,0,36.93,37.1,36.28,37.1,43300.0,1595713.25,derived_ohlc4
HOSE_MCH,MCH,2019-01-23 09:00:00,116,0,36.42,37.79,36.42,37.79,59348.0,2202107.54,derived_ohlc4
HOSE_MCH,MCH,2019-01-24 09:00:00,117,0,36.14,37.79,36.07,37.1,11348.0,417322.7,derived_ohlc4
HOSE_MCH,MCH,2019-01-25 09:00:00,118,0,36.93,37.1,36.73,37.1,6627.0,244967.05499999996,derived_ohlc4
HOSE_MCH,MCH,2019-01-28 09:00:00,119,0,37.0,37.1,37.0,37.1,5395.0,199884.74999999997,derived_ohlc4
HOSE_MCH,MCH,2019-01-29 09:00:00,120,0,36.42,37.28,36.42,37.1,20896.0,769077.28,derived_ohlc4
HOSE_MCH,MCH,2019-01-30 09:00:00,121,0,36.76,37.28,36.76,37.1,6221.0,230021.47499999998,derived_ohlc4
HOSE_MCH,MCH,2019-01-31 09:00:00,122,0,37.1,37.1,37.07,37.1,746.0,27671.005,derived_ohlc4
HOSE_MCH,MCH,2019-02-01 09:00:00,123,0,34.35,37.1,34.35,37.1,3263.0,116570.675,derived_ohlc4
HOSE_MCH,MCH,2019-02-11 09:00:00,124,0,37.1,37.45,37.1,37.45,15300.0,570307.5000000001,derived_ohlc4
HOSE_MCH,MCH,2019-02-12 09:00:00,125,0,37.14,37.45,37.14,37.31,4700.0,175122.00000000003,derived_ohlc4
HOSE_MCH,MCH,2019-02-13 09:00:00,126,0,37.1,37.41,37.1,37.31,41508.0,1545342.8399999999,derived_ohlc4
HOSE_MCH,MCH,2019-02-14 09:00:00,127,0,37.45,37.45,37.45,37.45,3330.0,124708.50000000001,derived_ohlc4
HOSE_MCH,MCH,2019-02-15 09:00:00,128,0,37.45,37.79,37.45,37.79,20581.0,774257.2200000001,derived_ohlc4
HOSE_MCH,MCH,2019-02-18 09:00:00,129,0,37.79,37.79,37.72,37.72,13557.0,511844.5349999999,derived_ohlc4
HOSE_MCH,MCH,2019-02-19 09:00:00,130,0,37.62,37.76,37.62,37.76,11828.0,445797.31999999995,derived_ohlc4
HOSE_MCH,MCH,2019-02-20 09:00:00,131,0,37.69,37.79,37.69,37.79,5471.0,206475.53999999998,derived_ohlc4
HOSE_MCH,MCH,2019-02-21 09:00:00,132,0,37.76,37.79,37.45,37.76,2485.0,93659.65,derived_ohlc4
HOSE_MCH,MCH,2019-02-22 09:00:00,133,0,37.72,37.72,37.45,37.72,703.0,26469.707500000004,derived_ohlc4
HOSE_MCH,MCH,2019-02-25 09:00:00,134,0,37.45,37.79,35.21,37.79,7683.0,284731.98000000004,derived_ohlc4
HOSE_MCH,MCH,2019-02-26 09:00:00,135,0,37.79,37.79,37.79,37.79,501.0,18932.79,derived_ohlc4
HOSE_MCH,MCH,2019-02-27 09:00:00,136,0,36.07,36.76,36.07,36.59,3673.0,133596.1925,derived_ohlc4
HOSE_MCH,MCH,2019-02-28 09:00:00,137,0,36.59,36.59,36.59,36.59,50.0,1829.5000000000002,derived_ohlc4
HOSE_MCH,MCH,2019-03-01 09:00:00,138,0,37.1,37.34,37.1,37.34,295.0,10979.9,derived_ohlc4
HOSE_MCH,MCH,2019-03-04 09:00:00,139,0,35.63,35.8,35.63,35.76,3480.0,124253.4,derived_ohlc4
HOSE_MCH,MCH,2019-03-05 09:00:00,140,0,36.07,36.07,35.76,35.76,1808.0,64934.32,derived_ohlc4
HOSE_MCH,MCH,2019-03-06 09:00:00,141,0,35.56,35.73,35.49,35.49,1115.0,39657.762500000004,derived_ohlc4
HOSE_MCH,MCH,2019-03-07 09:00:00,142,0,36.24,36.24,35.39,35.39,2800.0,100282.0,derived_ohlc4
HOSE_MCH,MCH,2019-03-11 09:00:00,144,1,35.04,35.04,34.9,35.04,2628.0,91993.13999999998,derived_ohlc4
HOSE_MCH,MCH,2019-03-12 09:00:00,145,1,34.46,34.7,34.35,34.7,1850.0,63922.12499999999,derived_ohlc4
HOSE_MCH,MCH,2019-03-13 09:00:00,146,1,34.35,34.39,34.01,34.01,4068.0,139084.91999999998,derived_ohlc4
HOSE_MCH,MCH,2019-03-14 09:00:00,147,1,33.77,34.32,33.77,33.77,13982.0,474094.6650000001,derived_ohlc4
HOSE_MCH,MCH,2019-03-15 09:00:00,148,1,33.67,33.67,33.67,33.67,600.0,20202.0,derived_ohlc4
HOSE_MCH,MCH,2019-03-18 09:00:00,149,1,34.01,34.01,33.43,33.63,10703.0,361440.30999999994,derived_ohlc4
HOSE_MCH,MCH,2019-03-19 09:00:00,150,1,33.67,33.67,33.32,33.32,561.0,18790.695,derived_ohlc4
HOSE_MCH,MCH,2019-03-20 09:00:00,151,1,33.5,33.67,33.46,33.5,11311.0,379286.1075,derived_ohlc4
HOSE_MCH,MCH,2019-03-21 09:00:00,152,1,33.67,33.84,33.67,33.67,6181.0,208376.96250000002,derived_ohlc4
HOSE_MCH,MCH,2019-03-22 09:00:00,153,1,33.22,33.67,33.15,33.67,12152.0,406210.9799999999,derived_ohlc4
HOSE_MCH,MCH,2019-03-25 09:00:00,154,1,33.67,33.67,33.67,33.67,1879.0,63265.93,derived_ohlc4
HOSE_MCH,MCH,2019-03-26 09:00:00,155,1,33.67,33.98,33.67,33.91,13080.0,442202.10000000003,derived_ohlc4
HOSE_MCH,MCH,2019-03-27 09:00:00,156,1,33.91,33.94,33.67,33.94,57711.0,1954383.0149999997,derived_ohlc4
HOSE_MCH,MCH,2019-03-28 09:00:00,157,1,33.43,34.01,32.67,33.94,15639.0,524101.98750000005,derived_ohlc4
HOSE_MCH,MCH,2019-04-01 09:00:00,159,2,33.8,34.01,33.67,34.01,11415.0,386654.5875,derived_ohlc4
HOSE_MCH,MCH,2019-04-02 09:00:00,160,2,33.98,34.01,33.94,34.01,10323.0,350827.15499999997,derived_ohlc4
HOSE_MCH,MCH,2019-04-03 09:00:00,161,2,33.22,33.22,33.22,33.22,332.0,11029.039999999999,derived_ohlc4
HOSE_MCH,MCH,2019-04-04 09:00:00,162,2,34.01,34.01,33.32,33.67,16252.0,548545.63,derived_ohlc4
HOSE_MCH,MCH,2019-04-05 09:00:00,163,2,33.94,34.01,33.32,33.32,19342.0,650809.9449999998,derived_ohlc4
HOSE_MCH,MCH,2019-04-08 09:00:00,164,2,33.32,33.5,33.32,33.5,11740.0,392233.39999999997,derived_ohlc4
HOSE_MCH,MCH,2019-04-09 09:00:00,165,2,33.29,33.67,33.29,33.67,8560.0,286588.80000000005,derived_ohlc4
HOSE_MCH,MCH,2019-04-10 09:00:00,166,2,33.67,33.77,33.29,33.67,4680.0,157247.99999999997,derived_ohlc4
HOSE_MCH,MCH,2019-04-11 09:00:00,167,2,33.84,34.01,33.84,33.91,12560.0,425784.0,derived_ohlc4
HOSE_MCH,MCH,2019-04-12 09:00:00,168,2,34.18,34.18,33.7,33.7,34610.0,1174663.4,derived_ohlc4
HOSE_MCH,MCH,2019-04-16 09:00:00,169,2,33.67,33.8,33.67,33.7,18271.0,615915.41,derived_ohlc4
HOSE_MCH,MCH,2019-04-17 09:00:00,170,2,33.02,33.7,33.02,33.7,8400.0,280224.0,derived_ohlc4
HOSE_MCH,MCH,2019-04-18 09:00:00,171,2,33.5,33.7,33.5,33.67,41040.0,1378636.2,derived_ohlc4
HOSE_MCH,MCH,2019-04-19 09:00:00,172,2,34.01,34.01,34.01,34.01,100.0,3401.0,derived_ohlc4
HOSE_MCH,MCH,2019-04-22 09:00:00,173,2,34.01,34.32,34.01,34.32,6349.0,216913.585,derived_ohlc4
HOSE_MCH,MCH,2019-04-23 09:00:00,174,2,34.35,34.35,34.05,34.05,3290.0,112518.00000000001,derived_ohlc4
HOSE_MCH,MCH,2019-04-24 09:00:00,175,2,33.84,34.35,33.32,33.32,35857.0,1208649.8275,derived_ohlc4
HOSE_MCH,MCH,2019-04-25 09:00:00,176,2,33.39,34.01,33.39,33.67,4297.0,144443.655,derived_ohlc4
HOSE_MCH,MCH,2019-04-26 09:00:00,177,2,34.01,34.32,33.5,33.5,22000.0,744314.9999999999,derived_ohlc4
HOSE_MCH,MCH,2019-05-02 09:00:00,178,2,34.01,34.01,33.5,34.01,15642.0,529990.0650000001,derived_ohlc4
HOSE_MCH,MCH,2019-05-03 09:00:00,179,2,34.01,34.01,34.01,34.01,191.0,6495.91,derived_ohlc4
HOSE_MCH,MCH,2019-05-06 09:00:00,180,2,34.01,34.01,34.01,34.01,100.0,3401.0,derived_ohlc4
HOSE_MCH,MCH,2019-05-07 09:00:00,181,2,34.01,34.01,34.01,34.01,6310.0,214603.09999999998,derived_ohlc4
HOSE_MCH,MCH,2019-05-08 09:00:00,182,2,34.01,34.01,34.01,34.01,40.0,1360.3999999999999,derived_ohlc4
HOSE_MCH,MCH,2019-05-09 09:00:00,183,2,33.5,33.5,33.5,33.5,100.0,3350.0,derived_ohlc4
HOSE_MCH,MCH,2019-05-10 09:00:00,184,2,33.67,33.87,33.67,33.87,5000.0,168849.99999999997,derived_ohlc4
HOSE_MCH,MCH,2019-05-13 09:00:00,185,2,33.53,33.53,33.5,33.5,2200.0,73733.0,derived_ohlc4
HOSE_MCH,MCH,2019-05-14 09:00:00,186,2,33.32,33.67,33.32,33.5,4601.0,153914.9525,derived_ohlc4
HOSE_MCH,MCH,2019-05-15 09:00:00,187,2,33.5,33.5,33.36,33.5,8307.0,277993.755,derived_ohlc4
HOSE_MCH,MCH,2019-05-16 09:00:00,188,2,33.84,33.87,33.84,33.87,6749.0,228487.39500000002,derived_ohlc4
HOSE_MCH,MCH,2019-05-17 09:00:00,189,2,33.94,33.94,33.67,33.94,10088.0,341705.78,derived_ohlc4
HOSE_MCH,MCH,2019-05-20 09:00:00,190,2,34.01,34.01,34.01,34.01,166.0,5645.66,derived_ohlc4
HOSE_MCH,MCH,2019-05-21 09:00:00,191,2,33.05,33.05,33.02,33.02,220.0,7267.700000000001,derived_ohlc4
HOSE_MCH,MCH,2019-05-22 09:00:00,192,2,33.32,33.32,33.32,33.32,2144.0,71438.08,derived_ohlc4
HOSE_MCH,MCH,2019-05-23 09:00:00,193,2,33.91,33.94,33.91,33.94,5101.0,173051.425,derived_ohlc4
HOSE_MCH,MCH,2019-05-24 09:00:00,194,2,33.67,33.67,33.67,33.67,1412.0,47542.04,derived_ohlc4
HOSE_MCH,MCH,2019-05-28 09:00:00,196,3,33.32,33.32,32.47,32.47,311.0,10230.345,derived_ohlc4
HOSE_MCH,MCH,2019-05-29 09:00:00,197,3,32.81,32.81,32.74,32.81,3330.0,109199.02500000001,derived_ohlc4
HOSE_MCH,MCH,2019-05-30 09:00:00,198,3,33.56,33.56,33.08,33.08,610.0,20325.2,derived_ohlc4
HOSE_MCH,MCH,2019-05-31 09:00:00,199,3,33.84,33.84,32.84,33.29,2721.0,91024.2525,derived_ohlc4
HOSE_MCH,MCH,2019-06-03 09:00:00,200,3,33.77,33.84,33.77,33.84,2000.0,67610.00000000001,derived_ohlc4
HOSE_MCH,MCH,2019-06-04 09:00:00,201,3,33.98,33.98,33.8,33.98,4032.0,136825.91999999998,derived_ohlc4
HOSE_MCH,MCH,2019-06-05 09:00:00,202,3,33.98,34.01,33.84,34.01,5750.0,195270.0,derived_ohlc4
HOSE_MCH,MCH,2019-06-06 09:00:00,203,3,34.32,34.32,34.32,34.32,100.0,3432.0,derived_ohlc4
HOSE_MCH,MCH,2019-06-07 09:00:00,204,3,35.94,36.05,33.82,33.82,2657.0,92749.2275,derived_ohlc4
HOSE_MCH,MCH,2019-06-10 09:00:00,205,3,34.54,35.94,34.54,35.94,19200.0,676607.9999999999,derived_ohlc4
HOSE_MCH,MCH,2019-06-11 09:00:00,206,3,35.9,35.94,35.9,35.94,400.0,14368.0,derived_ohlc4
HOSE_MCH,MCH,2019-06-12 09:00:00,207,3,35.94,35.94,35.94,35.94,68.0,2443.92,derived_ohlc4
HOSE_MCH,MCH,2019-06-13 09:00:00,208,3,34.39,35.26,33.82,35.26,4400.0,152603.0,derived_ohlc4
HOSE_MCH,MCH,2019-06-14 09:00:00,209,3,34.54,35.26,34.54,35.26,600.0,20940.0,derived_ohlc4
HOSE_MCH,MCH,2019-06-20 09:00:00,213,4,34.07,35.26,34.07,35.26,2600.0,90129.0,derived_ohlc4
HOSE_MCH,MCH,2019-06-21 09:00:00,214,4,34.54,34.54,34.54,34.54,100.0,3454.0,derived_ohlc4
HOSE_MCH,MCH,2019-06-24 09:00:00,215,4,34.54,35.62,34.54,35.62,23800.0,834904.0,derived_ohlc4
HOSE_MCH,MCH,2019-06-27 09:00:00,218,5,34.25,34.25,34.21,34.21,2390.0,81809.70000000001,derived_ohlc4
HOSE_MCH,MCH,2019-06-28 09:00:00,219,5,34.54,34.54,34.54,34.54,1400.0,48356.0,derived_ohlc4
HOSE_MCH,MCH,2019-07-01 09:00:00,220,5,34.54,34.54,34.54,34.54,3.0,103.62,derived_ohlc4
HOSE_MCH,MCH,2019-07-02 09:00:00,221,5,34.54,34.54,34.54,34.54,855.0,29531.7,derived_ohlc4
HOSE_MCH,MCH,2019-07-03 09:00:00,222,5,34.54,34.54,34.54,34.54,274.0,9463.96,derived_ohlc4
HOSE_MCH,MCH,2019-07-04 09:00:00,223,5,34.54,34.54,34.54,34.54,203.0,7011.62,derived_ohlc4
HOSE_MCH,MCH,2019-07-05 09:00:00,224,5,35.26,35.26,34.54,34.54,2200.0,76780.0,derived_ohlc4
HOSE_MCH,MCH,2019-07-09 09:00:00,226,6,34.72,34.72,34.72,34.72,1300.0,45136.0,derived_ohlc4
HOSE_MCH,MCH,2019-07-10 09:00:00,227,6,34.36,34.36,34.28,34.28,1600.0,54912.0,derived_ohlc4
HOSE_MCH,MCH,2019-07-11 09:00:00,228,6,34.36,39.47,34.36,35.26,2300.0,82483.75,derived_ohlc4
HOSE_MCH,MCH,2019-07-15 09:00:00,230,7,34.21,34.25,34.18,34.18,3039.0,103948.99500000001,derived_ohlc4
HOSE_MCH,MCH,2019-07-16 09:00:00,231,7,35.18,35.18,35.08,35.08,500.0,17564.999999999996,derived_ohlc4
HOSE_MCH,MCH,2019-07-17 09:00:00,232,7,34.18,34.18,34.18,34.18,1015.0,34692.7,derived_ohlc4
HOSE_MCH,MCH,2019-07-18 09:00:00,233,7,34.18,34.18,34.18,34.18,1350.0,46143.0,derived_ohlc4
HOSE_MCH,MCH,2019-07-19 09:00:00,234,7,34.18,34.18,34.0,34.0,1209.0,41214.810000000005,derived_ohlc4
HOSE_MCH,MCH,2019-07-22 09:00:00,235,7,33.92,33.92,33.92,33.92,100.0,3392.0,derived_ohlc4
HOSE_MCH,MCH,2019-07-23 09:00:00,236,7,33.92,33.92,33.92,33.92,1035.0,35107.200000000004,derived_ohlc4
HOSE_MCH,MCH,2019-07-24 09:00:00,237,7,33.92,33.92,33.92,33.92,600.0,20352.0,derived_ohlc4
HOSE_MCH,MCH,2019-07-25 09:00:00,238,7,33.64,33.64,33.64,33.64,300.0,10092.0,derived_ohlc4
HOSE_MCH,MCH,2019-07-26 09:00:00,239,7,33.82,33.82,33.64,33.64,635.0,21418.550000000003,derived_ohlc4
HOSE_MCH,MCH,2019-07-29 09:00:00,240,7,33.64,33.64,32.92,33.64,5800.0,194068.0,derived_ohlc4
HOSE_MCH,MCH,2019-07-31 09:00:00,242,8,33.13,33.64,33.13,33.13,3200.0,106424.0,derived_ohlc4
HOSE_MCH,MCH,2019-08-01 09:00:00,243,8,33.6,33.6,32.95,32.95,7100.0,236252.50000000003,derived_ohlc4
HOSE_MCH,MCH,2019-08-02 09:00:00,244,8,33.24,33.28,32.92,33.28,40641.0,1348468.3800000004,derived_ohlc4
HOSE_MCH,MCH,2019-08-05 09:00:00,245,8,33.28,33.38,32.92,33.28,31830.0,1057233.4500000002,derived_ohlc4
HOSE_MCH,MCH,2019-08-06 09:00:00,246,8,33.1,33.28,32.59,32.74,28580.0,941067.9500000001,derived_ohlc4
HOSE_MCH,MCH,2019-08-07 09:00:00,247,8,33.13,33.13,33.13,33.13,101.0,3346.13,derived_ohlc4
HOSE_MCH,MCH,2019-08-08 09:00:00,248,8,32.41,32.74,32.38,32.74,27800.0,905376.5000000001,derived_ohlc4
HOSE_MCH,MCH,2019-08-09 09:00:00,249,8,32.7,32.7,32.23,32.23,2360.0,76617.4,derived_ohlc4
HOSE_MCH,MCH,2019-08-12 09:00:00,250,8,32.38,32.38,31.62,31.66,9882.0,316322.82000000007,derived_ohlc4
HOSE_MCH,MCH,2019-08-13 09:00:00,251,8,31.52,31.59,31.3,31.3,28773.0,904263.4574999999,derived_ohlc4
HOSE_MCH,MCH,2019-08-14 09:00:00,252,8,31.12,31.12,30.58,30.58,6994.0,215764.9,derived_ohlc4
HOSE_MCH,MCH,2019-08-15 09:00:00,253,8,29.86,29.86,29.5,29.86,6291.0,187283.07,derived_ohlc4
HOSE_MCH,MCH,2019-08-16 09:00:00,254,8,29.5,30.04,29.5,30.0,10990.0,327062.39999999997,derived_ohlc4
HOSE_MCH,MCH,2019-08-19 09:00:00,255,8,30.22,31.66,30.22,30.94,11000.0,338360.0,derived_ohlc4
HOSE_MCH,MCH,2019-08-20 09:00:00,256,8,30.76,30.76,30.4,30.4,33504.0,1024552.32,derived_ohlc4
HOSE_MCH,MCH,2019-08-21 09:00:00,257,8,30.76,30.76,30.22,30.22,9884.0,301363.16000000003,derived_ohlc4
HOSE_MCH,MCH,2019-08-22 09:00:00,258,8,30.54,30.54,29.68,30.22,8502.0,257142.99,derived_ohlc4
HOSE_MCH,MCH,2019-08-23 09:00:00,259,8,30.17,30.58,30.17,30.58,16190.0,491771.25,derived_ohlc4
HOSE_MCH,MCH,2019-08-26 09:00:00,260,8,30.17,30.17,29.96,29.96,15154.0,455605.01000000007,derived_ohlc4
HOSE_MCH,MCH,2019-08-27 09:00:00,261,8,30.13,30.54,30.13,30.17,11900.0,359885.75,derived_ohlc4
HOSE_MCH,MCH,2019-08-28 09:00:00,262,8,30.54,30.54,30.17,30.17,7210.0,218859.55000000002,derived_ohlc4
HOSE_MCH,MCH,2019-08-29 09:00:00,263,8,30.25,30.38,30.17,30.25,5600.0,169470.0,derived_ohlc4
HOSE_MCH,MCH,2019-08-30 09:00:00,264,8,30.38,30.79,30.3,30.3,8142.0,247862.835,derived_ohlc4
HOSE_MCH,MCH,2019-09-03 09:00:00,265,8,30.58,30.58,30.21,30.38,16900.0,514393.75,derived_ohlc4
HOSE_MCH,MCH,2019-09-04 09:00:00,266,8,30.38,30.42,30.17,30.17,2317.0,70170.345,derived_ohlc4
HOSE_MCH,MCH,2019-09-05 09:00:00,267,8,30.17,30.17,29.84,29.84,5951.0,178559.755,derived_ohlc4
HOSE_MCH,MCH,2019-09-06 09:00:00,268,8,30.05,30.17,29.76,29.92,6800.0,203830.0,derived_ohlc4
HOSE_MCH,MCH,2019-09-09 09:00:00,269,8,29.92,30.17,28.93,29.88,60900.0,1810252.5,derived_ohlc4
HOSE_MCH,MCH,2019-09-10 09:00:00,270,8,29.96,30.17,25.5,29.76,8646.0,249415.48500000002,derived_ohlc4
HOSE_MCH,MCH,2019-09-11 09:00:00,271,8,29.96,29.96,29.84,29.88,5100.0,152541.0,derived_ohlc4
HOSE_MCH,MCH,2019-09-12 09:00:00,272,8,29.96,29.96,29.84,29.88,38740.0,1158713.4,derived_ohlc4
HOSE_MCH,MCH,2019-09-13 09:00:00,273,8,29.96,30.13,29.88,30.13,52284.0,1569827.0999999999,derived_ohlc4
HOSE_MCH,MCH,2019-09-16 09:00:00,274,8,30.17,30.17,25.54,29.84,73726.0,2132893.18,derived_ohlc4
HOSE_MCH,MCH,2019-09-17 09:00:00,275,8,29.34,29.92,29.34,29.92,57998.0,1718480.7400000002,derived_ohlc4
HOSE_MCH,MCH,2019-09-18 09:00:00,276,8,29.84,31.0,29.84,30.42,34406.0,1041641.65,derived_ohlc4
HOSE_MCH,MCH,2019-09-19 09:00:00,277,8,30.42,30.58,30.38,30.58,65151.0,1986453.99,derived_ohlc4
HOSE_MCH,MCH,2019-09-20 09:00:00,278,8,30.54,30.67,30.21,30.58,25700.0,783850.0,derived_ohlc4
HOSE_MCH,MCH,2019-09-23 09:00:00,279,8,30.58,30.63,30.38,30.63,29620.0,905039.0999999999,derived_ohlc4
HOSE_MCH,MCH,2019-09-24 09:00:00,280,8,30.58,30.58,26.0,30.58,51607.0,1519052.045,derived_ohlc4
HOSE_MCH,MCH,2019-09-25 09:00:00,281,8,30.63,30.63,30.5,30.58,13920.0,425743.19999999995,derived_ohlc4
HOSE_MCH,MCH,2019-09-26 09:00:00,282,8,30.58,30.58,26.0,30.58,29510.0,868626.85,derived_ohlc4
HOSE_MCH,MCH,2019-09-27 09:00:00,283,8,30.58,30.63,30.54,30.58,5310.0,162393.075,derived_ohlc4
HOSE_MCH,MCH,2019-09-30 09:00:00,284,8,30.58,30.63,26.0,30.58,44435.0,1308499.6624999999,derived_ohlc4
HOSE_MCH,MCH,2019-10-01 09:00:00,285,8,30.5,30.67,30.5,30.58,9530.0,291260.625,derived_ohlc4
HOSE_MCH,MCH,2019-10-02 09:00:00,286,8,30.71,30.71,30.5,30.58,36312.0,1112055.0,derived_ohlc4
HOSE_MCH,MCH,2019-10-03 09:00:00,287,8,30.38,30.58,30.34,30.58,24034.0,732315.98,derived_ohlc4
HOSE_MCH,MCH,2019-10-04 09:00:00,288,8,30.63,30.63,30.5,30.5,68530.0,2094619.45,derived_ohlc4
HOSE_MCH,MCH,2019-10-07 09:00:00,289,8,30.58,30.58,26.0,30.58,14632.0,430692.92,derived_ohlc4
HOSE_MCH,MCH,2019-10-08 09:00:00,290,8,30.5,30.58,25.96,30.58,19796.0,582101.38,derived_ohlc4
HOSE_MCH,MCH,2019-10-09 09:00:00,291,8,30.58,30.71,30.5,30.58,21499.0,657708.1575,derived_ohlc4
HOSE_MCH,MCH,2019-10-10 09:00:00,292,8,30.5,30.58,30.46,30.58,11063.0,337753.38999999996,derived_ohlc4
HOSE_MCH,MCH,2019-10-11 09:00:00,293,8,30.58,30.58,26.04,30.58,13999.0,412200.55499999993,derived_ohlc4
HOSE_MCH,MCH,2019-10-14 09:00:00,294,8,30.58,30.58,30.38,30.58,10466.0,319526.98,derived_ohlc4
HOSE_MCH,MCH,2019-10-15 09:00:00,295,8,30.58,30.58,30.58,30.58,7442.0,227576.36,derived_ohlc4
HOSE_MCH,MCH,2019-10-16 09:00:00,296,8,30.58,30.58,30.46,30.54,21439.0,654747.0599999999,derived_ohlc4
HOSE_MCH,MCH,2019-10-17 09:00:00,297,8,30.58,30.58,26.0,30.58,4508.0,132692.97999999998,derived_ohlc4
HOSE_MCH,MCH,2019-10-18 09:00:00,298,8,30.58,30.58,30.58,30.58,3771.0,115317.18,derived_ohlc4
HOSE_MCH,MCH,2019-10-21 09:00:00,299,8,30.58,30.63,30.5,30.58,20511.0,627072.5475,derived_ohlc4
HOSE_MCH,MCH,2019-10-22 09:00:00,300,8,30.58,30.63,30.58,30.58,40425.0,1236701.8125,derived_ohlc4
HOSE_MCH,MCH,2019-10-23 09:00:00,301,8,30.58,30.58,30.58,30.58,15659.0,478852.22,derived_ohlc4
HOSE_MCH,MCH,2019-10-24 09:00:00,302,8,30.58,30.58,30.58,30.58,3444.0,105317.51999999999,derived_ohlc4
HOSE_MCH,MCH,2019-10-25 09:00:00,303,8,30.58,30.67,26.0,30.67,71713.0,2114099.24,derived_ohlc4
HOSE_MCH,MCH,2019-10-28 09:00:00,304,8,30.58,30.75,30.58,30.63,7742.0,237176.16999999998,derived_ohlc4
HOSE_MCH,MCH,2019-10-29 09:00:00,305,8,30.67,30.67,30.58,30.58,17327.0,530639.375,derived_ohlc4
HOSE_MCH,MCH,2019-10-30 09:00:00,306,8,30.63,30.63,26.0,30.58,26700.0,786581.9999999999,derived_ohlc4
HOSE_MCH,MCH,2019-10-31 09:00:00,307,8,30.58,30.87,30.54,30.54,10935.0,334966.3875,derived_ohlc4
HOSE_MCH,MCH,2019-11-01 09:00:00,308,8,30.54,30.67,30.54,30.67,3800.0,116299.0,derived_ohlc4
HOSE_MCH,MCH,2019-11-04 09:00:00,309,8,30.58,30.67,26.0,30.58,17761.0,523194.6575,derived_ohlc4
HOSE_MCH,MCH,2019-11-05 09:00:00,310,8,30.54,30.63,30.5,30.58,14334.0,438082.875,derived_ohlc4
HOSE_MCH,MCH,2019-11-06 09:00:00,311,8,30.5,30.5,30.38,30.38,8772.0,267019.68,derived_ohlc4
HOSE_MCH,MCH,2019-11-07 09:00:00,312,8,30.38,30.58,30.21,30.25,35688.0,1083309.24,derived_ohlc4
HOSE_MCH,MCH,2019-11-08 09:00:00,313,8,30.25,30.38,30.21,30.38,7275.0,220468.875,derived_ohlc4
HOSE_MCH,MCH,2019-11-11 09:00:00,314,8,30.38,30.5,30.17,30.38,3485.0,105795.8875,derived_ohlc4
HOSE_MCH,MCH,2019-11-12 09:00:00,315,8,30.38,30.38,30.38,30.38,1147.0,34845.86,derived_ohlc4
HOSE_MCH,MCH,2019-11-13 09:00:00,316,8,30.17,30.17,26.04,29.96,10820.0,314699.7,derived_ohlc4
HOSE_MCH,MCH,2019-11-14 09:00:00,317,8,30.05,34.59,30.05,30.34,37860.0,1183408.95,derived_ohlc4
HOSE_MCH,MCH,2019-11-15 09:00:00,318,8,30.58,30.58,30.58,30.58,495.0,15137.099999999999,derived_ohlc4
HOSE_MCH,MCH,2019-11-18 09:00:00,319,8,30.58,30.58,30.38,30.38,6780.0,206654.39999999997,derived_ohlc4
HOSE_MCH,MCH,2019-11-19 09:00:00,320,8,30.38,31.0,28.31,31.0,49011.0,1478784.3975,derived_ohlc4
HOSE_MCH,MCH,2019-11-20 09:00:00,321,8,29.14,30.79,29.14,30.79,41635.0,1247592.775,derived_ohlc4
HOSE_MCH,MCH,2019-11-21 09:00:00,322,8,30.58,30.58,30.58,30.58,10373.0,317206.33999999997,derived_ohlc4
HOSE_MCH,MCH,2019-11-22 09:00:00,323,8,30.58,30.58,26.04,30.17,2128.0,62440.84,derived_ohlc4
HOSE_MCH,MCH,2019-11-25 09:00:00,324,8,30.05,30.21,25.96,30.17,23611.0,687021.0725,derived_ohlc4
HOSE_MCH,MCH,2019-11-26 09:00:00,325,8,29.63,30.01,29.63,29.76,13734.0,408689.505,derived_ohlc4
HOSE_MCH,MCH,2019-11-27 09:00:00,326,8,29.76,29.76,29.55,29.55,7485.0,221967.67500000002,derived_ohlc4
HOSE_MCH,MCH,2019-11-28 09:00:00,327,8,29.34,29.76,28.93,28.93,12786.0,373862.64,derived_ohlc4
HOSE_MCH,MCH,2019-11-29 09:00:00,328,8,28.72,29.18,28.72,29.18,3321.0,96142.95000000001,derived_ohlc4
HOSE_MCH,MCH,2019-12-02 09:00:00,329,8,29.14,31.41,24.8,31.2,163964.0,4777501.05,derived_ohlc4
HOSE_MCH,MCH,2019-12-03 09:00:00,330,8,31.41,34.64,26.45,31.82,166474.0,5174011.92,derived_ohlc4
HOSE_MCH,MCH,2019-12-04 09:00:00,331,8,32.24,37.2,28.1,33.97,249783.0,8212240.5825,derived_ohlc4
HOSE_MCH,MCH,2019-12-06 09:00:00,333,9,32.61,32.65,31.25,31.25,22917.0,731968.98,derived_ohlc4
HOSE_MCH,MCH,2019-12-09 09:00:00,334,9,31.25,31.74,30.38,30.58,51411.0,1593098.3624999998,derived_ohlc4
HOSE_MCH,MCH,2019-12-10 09:00:00,335,9,30.58,31.0,30.17,30.21,10330.0,314961.7,derived_ohlc4
HOSE_MCH,MCH,2019-12-11 09:00:00,336,9,29.8,30.3,29.76,30.21,12822.0,384884.38499999995,derived_ohlc4
HOSE_MCH,MCH,2019-12-12 09:00:00,337,9,29.76,29.96,25.62,29.8,27307.0,786031.995,derived_ohlc4
HOSE_MCH,MCH,2019-12-13 09:00:00,338,9,29.76,29.96,29.76,29.76,20387.0,607736.4700000001,derived_ohlc4
HOSE_MCH,MCH,2019-12-16 09:00:00,339,9,29.76,30.58,29.76,30.17,18351.0,551768.6925,derived_ohlc4
HOSE_MCH,MCH,2019-12-18 09:00:00,341,10,29.96,30.17,29.68,29.76,6958.0,207992.015,derived_ohlc4
HOSE_MCH,MCH,2019-12-19 09:00:00,342,10,29.68,29.96,29.68,29.76,1930.0,57456.1,derived_ohlc4
HOSE_MCH,MCH,2019-12-20 09:00:00,343,10,29.76,29.76,29.76,29.76,10905.0,324532.8,derived_ohlc4
HOSE_MCH,MCH,2019-12-23 09:00:00,344,10,29.72,29.76,29.55,29.55,14297.0,423834.565,derived_ohlc4
HOSE_MCH,MCH,2019-12-24 09:00:00,345,10,29.76,29.76,29.55,29.76,36352.0,1079927.04,derived_ohlc4
HOSE_MCH,MCH,2019-12-25 09:00:00,346,10,29.72,29.76,29.72,29.72,7820.0,232488.6,derived_ohlc4
HOSE_MCH,MCH,2019-12-26 09:00:00,347,10,29.76,29.76,29.76,29.76,9648.0,287124.48000000004,derived_ohlc4
HOSE_MCH,MCH,2019-12-27 09:00:00,348,10,29.76,30.3,29.76,29.96,19090.0,571650.05,derived_ohlc4
HOSE_MCH,MCH,2019-12-31 09:00:00,350,11,29.76,29.76,29.72,29.76,3300.0,98175.00000000001,derived_ohlc4
HOSE_MCH,MCH,2020-01-03 09:00:00,352,12,29.92,29.92,29.59,29.76,6150.0,183254.62500000003,derived_ohlc4
HOSE_MCH,MCH,2020-01-07 09:00:00,354,13,29.43,29.51,29.43,29.51,11477.0,338227.19,derived_ohlc4
HOSE_MCH,MCH,2020-01-09 09:00:00,356,14,28.93,29.55,28.93,29.55,2662.0,77836.87999999999,derived_ohlc4
HOSE_MCH,MCH,2020-01-10 09:00:00,357,14,29.34,29.34,29.34,29.34,4825.0,141565.5,derived_ohlc4
HOSE_MCH,MCH,2020-01-13 09:00:00,358,14,29.34,29.34,28.89,28.89,4550.0,132473.25,derived_ohlc4
HOSE_MCH,MCH,2020-01-14 09:00:00,359,14,28.97,28.97,28.52,28.52,4200.0,120728.99999999999,derived_ohlc4
HOSE_MCH,MCH,2020-01-15 09:00:00,360,14,28.72,28.72,27.28,27.28,14310.0,400680.0,derived_ohlc4
HOSE_MCH,MCH,2020-01-16 09:00:00,361,14,27.86,27.9,27.48,27.48,9809.0,271513.12,derived_ohlc4
HOSE_MCH,MCH,2020-01-17 09:00:00,362,14,28.85,28.85,27.9,28.48,3600.0,102672.0,derived_ohlc4
HOSE_MCH,MCH,2020-01-20 09:00:00,363,14,28.89,28.93,28.48,28.6,10055.0,288829.875,derived_ohlc4
HOSE_MCH,MCH,2020-01-21 09:00:00,364,14,28.72,28.72,28.72,28.72,892.0,25618.239999999998,derived_ohlc4
HOSE_MCH,MCH,2020-01-22 09:00:00,365,14,28.68,28.68,27.9,28.1,16409.0,465031.05999999994,derived_ohlc4
HOSE_MCH,MCH,2020-01-30 09:00:00,366,14,28.1,28.1,27.69,27.69,4533.0,126448.035,derived_ohlc4
HOSE_MCH,MCH,2020-01-31 09:00:00,367,14,27.69,27.86,27.44,27.48,10455.0,288740.9625,derived_ohlc4
HOSE_MCH,MCH,2020-02-03 09:00:00,368,14,27.48,27.48,26.12,26.86,17950.0,484380.75,derived_ohlc4
HOSE_MCH,MCH,2020-02-04 09:00:00,369,14,26.86,26.86,26.45,26.82,21500.0,575071.25,derived_ohlc4
HOSE_MCH,MCH,2020-02-05 09:00:00,370,14,26.86,28.52,26.7,27.28,37600.0,1027984.0,derived_ohlc4
HOSE_MCH,MCH,2020-02-06 09:00:00,371,14,27.2,28.31,27.2,28.23,6202.0,172012.47,derived_ohlc4
HOSE_MCH,MCH,2020-02-07 09:00:00,372,14,28.31,28.72,28.23,28.72,11260.0,320853.7,derived_ohlc4
HOSE_MCH,MCH,2020-02-10 09:00:00,373,14,27.77,28.44,27.77,28.02,7460.0,208880.0,derived_ohlc4
HOSE_MCH,MCH,2020-02-11 09:00:00,374,14,28.31,28.44,28.1,28.31,4877.0,137970.33,derived_ohlc4
HOSE_MCH,MCH,2020-02-12 09:00:00,375,14,28.52,28.52,24.8,28.52,6710.0,185128.9,derived_ohlc4
HOSE_MCH,MCH,2020-02-13 09:00:00,376,14,28.6,28.6,27.94,27.94,12273.0,346957.71,derived_ohlc4
HOSE_MCH,MCH,2020-02-14 09:00:00,377,14,28.31,28.31,27.98,27.98,9079.0,255528.455,derived_ohlc4
HOSE_MCH,MCH,2020-02-17 09:00:00,378,14,27.69,27.98,27.69,27.73,7940.0,220513.65,derived_ohlc4
HOSE_MCH,MCH,2020-02-18 09:00:00,379,14,27.77,27.77,27.77,27.77,3500.0,97195.0,derived_ohlc4
HOSE_MCH,MCH,2020-02-19 09:00:00,380,14,27.69,28.1,27.69,27.73,3410.0,94806.52500000001,derived_ohlc4
HOSE_MCH,MCH,2020-02-20 09:00:00,381,14,27.69,28.1,27.69,27.82,7514.0,209077.05000000002,derived_ohlc4
HOSE_MCH,MCH,2020-02-21 09:00:00,382,14,28.1,28.31,27.9,28.02,9409.0,264228.2425,derived_ohlc4
HOSE_MCH,MCH,2020-02-24 09:00:00,383,14,27.9,28.06,27.9,27.9,8524.0,238160.55999999997,derived_ohlc4
HOSE_MCH,MCH,2020-02-25 09:00:00,384,14,25.67,28.23,25.67,28.23,24215.0,652594.2500000001,derived_ohlc4
HOSE_MCH,MCH,2020-02-26 09:00:00,385,14,28.1,28.1,28.06,28.06,4169.0,117065.52,derived_ohlc4
HOSE_MCH,MCH,2020-02-27 09:00:00,386,14,27.77,28.06,27.77,28.06,8640.0,241185.6,derived_ohlc4
HOSE_MCH,MCH,2020-02-28 09:00:00,387,14,27.69,27.69,27.69,27.69,8505.0,235503.45,derived_ohlc4
HOSE_MCH,MCH,2020-03-02 09:00:00,388,14,27.69,27.9,27.69,27.69,2255.0,62559.3375,derived_ohlc4
HOSE_MCH,MCH,2020-03-03 09:00:00,389,14,27.69,27.77,27.69,27.77,11994.0,332593.62,derived_ohlc4
HOSE_MCH,MCH,2020-03-04 09:00:00,390,14,27.69,31.87,27.69,27.69,8200.0,235627.0,derived_ohlc4
HOSE_MCH,MCH,2020-03-05 09:00:00,391,14,27.73,27.9,27.69,27.69,15600.0,432938.99999999994,derived_ohlc4
HOSE_MCH,MCH,2020-03-06 09:00:00,392,14,27.69,27.69,27.57,27.69,4812.0,133099.92,derived_ohlc4
HOSE_MCH,MCH,2020-03-09 09:00:00,393,14,27.69,27.69,26.24,26.49,27466.0,742337.315,derived_ohlc4
HOSE_MCH,MCH,2020-03-10 09:00:00,394,14,27.36,27.48,27.36,27.36,6575.0,180089.25,derived_ohlc4
HOSE_MCH,MCH,2020-03-11 09:00:00,395,14,27.4,31.54,26.7,27.07,3050.0,85941.375,derived_ohlc4
HOSE_MCH,MCH,2020-03-12 09:00:00,396,14,26.45,26.45,23.14,23.6,30300.0,754772.9999999999,derived_ohlc4
HOSE_MCH,MCH,2020-03-13 09:00:00,397,14,22.36,24.38,22.36,23.97,8100.0,188466.75,derived_ohlc4
HOSE_MCH,MCH,2020-03-16 09:00:00,398,14,23.97,24.18,23.56,24.01,21044.0,503582.92,derived_ohlc4
HOSE_MCH,MCH,2020-03-17 09:00:00,399,14,24.34,24.38,20.42,24.38,10904.0,254935.52,derived_ohlc4
HOSE_MCH,MCH,2020-03-18 09:00:00,400,14,24.22,24.38,23.14,23.14,17650.0,418658.0,derived_ohlc4
HOSE_MCH,MCH,2020-03-19 09:00:00,401,14,23.93,23.93,23.81,23.89,4500.0,107505.0,derived_ohlc4
HOSE_MCH,MCH,2020-03-20 09:00:00,402,14,23.81,27.36,23.06,23.06,18687.0,454514.55750000005,derived_ohlc4
HOSE_MCH,MCH,2020-03-23 09:00:00,403,14,22.77,22.77,21.08,22.32,33828.0,752165.58,derived_ohlc4
HOSE_MCH,MCH,2020-03-24 09:00:00,404,14,22.03,24.8,21.9,24.8,34940.0,816984.5499999999,derived_ohlc4
HOSE_MCH,MCH,2020-03-25 09:00:00,405,14,23.56,24.38,23.56,23.68,3909.0,93014.65500000001,derived_ohlc4
HOSE_MCH,MCH,2020-03-26 09:00:00,406,14,23.68,23.68,23.52,23.56,17602.0,415583.22,derived_ohlc4
HOSE_MCH,MCH,2020-03-27 09:00:00,407,14,23.97,23.97,23.14,23.56,22627.0,535354.82,derived_ohlc4
HOSE_MCH,MCH,2020-03-30 09:00:00,408,14,23.97,23.97,23.1,23.35,7978.0,188260.85499999998,derived_ohlc4
HOSE_MCH,MCH,2020-03-31 09:00:00,409,14,23.31,23.56,23.14,23.56,12700.0,297084.75,derived_ohlc4
HOSE_MCH,MCH,2020-04-01 09:00:00,410,14,23.97,24.18,23.97,24.18,21030.0,506297.25000000006,derived_ohlc4
HOSE_MCH,MCH,2020-04-03 09:00:00,411,14,24.38,26.08,20.5,25.91,38697.0,937144.5974999999,derived_ohlc4
HOSE_MCH,MCH,2020-04-06 09:00:00,412,14,25.96,28.52,21.78,28.52,67160.0,1759256.2,derived_ohlc4
HOSE_MCH,MCH,2020-04-07 09:00:00,413,14,28.52,29.01,23.68,28.97,96337.0,2653602.665,derived_ohlc4
HOSE_MCH,MCH,2020-04-08 09:00:00,414,14,28.85,28.85,27.69,28.31,38513.0,1094732.0250000001,derived_ohlc4
HOSE_MCH,MCH,2020-04-09 09:00:00,415,14,28.31,28.93,27.77,27.77,37462.0,1056241.0899999999,derived_ohlc4
HOSE_MCH,MCH,2020-04-10 09:00:00,416,14,27.69,27.69,23.93,27.2,27862.0,741895.405,derived_ohlc4
HOSE_MCH,MCH,2020-04-13 09:00:00,417,14,27.28,27.28,26.45,26.91,24330.0,656423.4,derived_ohlc4
HOSE_MCH,MCH,2020-04-14 09:00:00,418,14,26.86,27.07,26.86,27.07,11335.0,305648.27499999997,derived_ohlc4
HOSE_MCH,MCH,2020-04-15 09:00:00,419,14,27.11,28.1,22.9,27.11,25658.0,674933.69,derived_ohlc4
HOSE_MCH,MCH,2020-04-16 09:00:00,420,14,27.48,27.69,27.48,27.53,7368.0,202951.56000000003,derived_ohlc4
HOSE_MCH,MCH,2020-04-17 09:00:00,421,14,28.1,28.68,28.1,28.1,46814.0,1322261.43,derived_ohlc4
HOSE_MCH,MCH,2020-04-20 09:00:00,422,14,28.23,28.27,27.9,28.27,25708.0,724130.09,derived_ohlc4
HOSE_MCH,MCH,2020-04-21 09:00:00,423,14,28.06,28.06,26.86,27.28,29820.0,821988.2999999999,derived_ohlc4
HOSE_MCH,MCH,2020-04-22 09:00:00,424,14,26.86,27.61,26.45,27.61,13729.0,372502.0925,derived_ohlc4
HOSE_MCH,MCH,2020-04-23 09:00:00,425,14,27.28,27.69,26.86,27.69,15164.0,415190.32,derived_ohlc4
HOSE_MCH,MCH,2020-04-24 09:00:00,426,14,27.69,27.9,27.48,27.9,19548.0,542310.39,derived_ohlc4
HOSE_MCH,MCH,2020-04-27 09:00:00,427,14,28.02,28.02,27.69,27.73,9334.0,260091.91000000003,derived_ohlc4
HOSE_MCH,MCH,2020-04-28 09:00:00,428,14,27.9,27.94,23.6,27.94,13292.0,356823.74,derived_ohlc4
HOSE_MCH,MCH,2020-04-29 09:00:00,429,14,28.1,28.1,27.73,27.9,10756.0,300710.87000000005,derived_ohlc4
HOSE_MCH,MCH,2020-05-04 09:00:00,430,14,27.94,27.94,27.57,27.69,5731.0,159235.835,derived_ohlc4
HOSE_MCH,MCH,2020-05-05 09:00:00,431,14,27.48,27.65,27.36,27.48,6465.0,177739.0125,derived_ohlc4
HOSE_MCH,MCH,2020-05-06 09:00:00,432,14,27.69,27.82,27.4,27.82,20110.0,556695.075,derived_ohlc4
HOSE_MCH,MCH,2020-05-07 09:00:00,433,14,27.69,28.1,23.52,28.02,2248.0,60319.46,derived_ohlc4
HOSE_MCH,MCH,2020-05-08 09:00:00,434,14,27.94,28.1,27.77,27.77,23536.0,656536.72,derived_ohlc4
HOSE_MCH,MCH,2020-05-11 09:00:00,435,14,28.02,28.06,27.48,28.02,21030.0,586631.85,derived_ohlc4
HOSE_MCH,MCH,2020-05-12 09:00:00,436,14,27.86,28.02,27.77,27.77,7486.0,208522.52999999997,derived_ohlc4
HOSE_MCH,MCH,2020-05-13 09:00:00,437,14,27.82,27.98,27.48,27.77,9070.0,251805.875,derived_ohlc4
HOSE_MCH,MCH,2020-05-14 09:00:00,438,14,27.77,28.31,27.77,28.23,50586.0,1417419.72,derived_ohlc4
HOSE_MCH,MCH,2020-05-15 09:00:00,439,14,28.02,28.06,27.9,27.9,15045.0,420808.64999999997,derived_ohlc4
HOSE_MCH,MCH,2020-05-18 09:00:00,440,14,28.02,28.44,27.82,27.9,9221.0,258602.945,derived_ohlc4
HOSE_MCH,MCH,2020-05-19 09:00:00,441,14,27.9,28.1,27.69,27.73,24807.0,690998.985,derived_ohlc4
HOSE_MCH,MCH,2020-05-20 09:00:00,442,14,27.86,28.1,27.73,28.1,9048.0,252868.97999999998,derived_ohlc4
HOSE_MCH,MCH,2020-05-21 09:00:00,443,14,28.06,28.1,27.86,27.86,17345.0,485139.64999999997,derived_ohlc4
HOSE_MCH,MCH,2020-05-22 09:00:00,444,14,28.02,28.02,27.86,27.86,9220.0,257606.80000000002,derived_ohlc4
HOSE_MCH,MCH,2020-05-25 09:00:00,445,14,28.19,28.19,27.77,28.02,5756.0,161412.63,derived_ohlc4
HOSE_MCH,MCH,2020-05-26 09:00:00,446,14,28.1,28.1,27.9,28.02,36140.0,1013004.2,derived_ohlc4
HOSE_MCH,MCH,2020-05-27 09:00:00,447,14,27.9,28.02,27.9,27.98,17301.0,483562.95,derived_ohlc4
HOSE_MCH,MCH,2020-05-28 09:00:00,448,14,27.98,28.1,27.9,27.98,27412.0,767261.88,derived_ohlc4
HOSE_MCH,MCH,2020-05-29 09:00:00,449,14,27.98,29.76,27.98,28.89,40951.0,1173348.5275,derived_ohlc4
HOSE_MCH,MCH,2020-06-01 09:00:00,450,14,28.93,30.17,28.93,29.76,53894.0,1587043.5650000002,derived_ohlc4
HOSE_MCH,MCH,2020-06-02 09:00:00,451,14,29.68,30.17,29.68,29.96,27747.0,828872.2575000001,derived_ohlc4
HOSE_MCH,MCH,2020-06-03 09:00:00,452,14,29.76,29.84,29.72,29.76,14890.0,443275.3,derived_ohlc4
HOSE_MCH,MCH,2020-06-04 09:00:00,453,14,29.76,29.76,27.53,29.76,16355.0,477606.88750000007,derived_ohlc4
HOSE_MCH,MCH,2020-06-05 09:00:00,454,14,29.72,29.96,29.72,29.76,25782.0,768045.78,derived_ohlc4
HOSE_MCH,MCH,2020-06-08 09:00:00,455,14,29.76,30.13,29.72,29.8,23924.0,714191.21,derived_ohlc4
HOSE_MCH,MCH,2020-06-09 09:00:00,456,14,29.8,29.84,29.47,29.76,23812.0,707633.11,derived_ohlc4
HOSE_MCH,MCH,2020-06-10 09:00:00,457,14,29.76,29.84,29.76,29.8,37186.0,1107770.94,derived_ohlc4
HOSE_MCH,MCH,2020-06-11 09:00:00,458,14,29.76,29.84,29.34,29.59,64637.0,1915355.9025,derived_ohlc4
HOSE_MCH,MCH,2020-06-15 09:00:00,460,15,28.85,29.34,28.52,28.52,4836.0,139313.06999999998,derived_ohlc4
HOSE_MCH,MCH,2020-06-16 09:00:00,461,15,28.97,29.55,28.31,29.34,26300.0,763817.75,derived_ohlc4
HOSE_MCH,MCH,2020-06-17 09:00:00,462,15,28.81,29.3,28.52,28.85,13064.0,377157.68,derived_ohlc4
HOSE_MCH,MCH,2020-06-18 09:00:00,463,15,28.31,28.89,27.77,28.52,33658.0,954961.605,derived_ohlc4
HOSE_MCH,MCH,2020-06-19 09:00:00,464,15,28.31,28.81,28.31,28.52,27370.0,779702.8749999999,derived_ohlc4
HOSE_MCH,MCH,2020-06-22 09:00:00,465,15,28.6,28.97,28.6,28.93,22480.0,646862.0,derived_ohlc4
HOSE_MCH,MCH,2020-06-23 09:00:00,466,15,29.14,29.18,28.93,29.1,26415.0,768346.3125,derived_ohlc4
HOSE_MCH,MCH,2020-06-24 09:00:00,467,15,29.76,29.84,29.34,29.8,112326.0,3334397.31,derived_ohlc4
HOSE_MCH,MCH,2020-06-25 09:00:00,468,15,29.76,29.76,28.93,29.68,24210.0,714981.825,derived_ohlc4
HOSE_MCH,MCH,2020-06-26 09:00:00,469,15,29.55,29.63,29.34,29.34,20100.0,592246.5,derived_ohlc4
HOSE_MCH,MCH,2020-06-29 09:00:00,470,15,29.39,29.39,28.72,29.1,3930.0,114559.5,derived_ohlc4
HOSE_MCH,MCH,2020-06-30 09:00:00,471,15,29.14,29.14,28.52,28.64,17220.0,496969.2,derived_ohlc4
HOSE_MCH,MCH,2020-07-01 09:00:00,472,15,28.89,29.06,28.81,28.93,19696.0,569657.5599999999,derived_ohlc4
HOSE_MCH,MCH,2020-07-02 09:00:00,473,15,28.93,29.14,28.52,28.93,24215.0,699329.2000000001,derived_ohlc4
HOSE_MCH,MCH,2020-07-03 09:00:00,474,15,28.93,29.06,28.52,28.89,11225.0,323841.25,derived_ohlc4
HOSE_MCH,MCH,2020-07-06 09:00:00,475,15,28.56,29.39,28.56,29.34,34191.0,990256.8375,derived_ohlc4
HOSE_MCH,MCH,2020-07-07 09:00:00,476,15,29.06,29.76,29.06,29.76,62320.0,1832831.2,derived_ohlc4
HOSE_MCH,MCH,2020-07-08 09:00:00,477,15,29.76,29.76,28.64,29.72,22833.0,672888.51,derived_ohlc4
HOSE_MCH,MCH,2020-07-09 09:00:00,478,15,29.76,29.76,29.68,29.72,23612.0,701984.76,derived_ohlc4
HOSE_MCH,MCH,2020-07-10 09:00:00,479,15,29.55,29.84,29.43,29.76,52296.0,1550314.92,derived_ohlc4
HOSE_MCH,MCH,2020-07-13 09:00:00,480,15,29.76,29.76,29.55,29.72,18444.0,547740.6900000001,derived_ohlc4
HOSE_MCH,MCH,2020-07-14 09:00:00,481,15,29.68,29.72,29.68,29.72,41920.0,1245024.0,derived_ohlc4
HOSE_MCH,MCH,2020-07-15 09:00:00,482,15,29.72,29.76,29.55,29.72,19430.0,576828.125,derived_ohlc4
HOSE_MCH,MCH,2020-07-16 09:00:00,483,15,29.51,29.76,29.51,29.76,27025.0,800885.875,derived_ohlc4
HOSE_MCH,MCH,2020-07-17 09:00:00,484,15,29.76,29.76,29.59,29.76,15730.0,467456.275,derived_ohlc4
HOSE_MCH,MCH,2020-07-20 09:00:00,485,15,29.76,29.76,29.51,29.51,13565.0,401998.775,derived_ohlc4
HOSE_MCH,MCH,2020-07-21 09:00:00,486,15,29.72,29.76,29.72,29.76,12717.0,378203.58,derived_ohlc4
HOSE_MCH,MCH,2020-07-22 09:00:00,487,15,29.76,29.76,29.72,29.76,28020.0,833595.0000000001,derived_ohlc4
HOSE_MCH,MCH,2020-07-23 09:00:00,488,15,29.55,29.68,29.47,29.47,11549.0,341186.3325,derived_ohlc4
HOSE_MCH,MCH,2020-07-24 09:00:00,489,15,29.34,29.63,28.93,29.63,130585.0,3836913.7625,derived_ohlc4
HOSE_MCH,MCH,2020-07-27 09:00:00,490,15,28.52,29.43,28.52,28.85,94672.0,2729393.76,derived_ohlc4
HOSE_MCH,MCH,2020-07-28 09:00:00,491,15,28.97,29.43,28.93,29.34,60560.0,1766383.8,derived_ohlc4
HOSE_MCH,MCH,2020-07-29 09:00:00,492,15,29.34,29.72,29.34,29.55,66960.0,1974483.0,derived_ohlc4
HOSE_MCH,MCH,2020-07-30 09:00:00,493,15,29.51,31.82,29.51,30.38,68331.0,2070770.955,derived_ohlc4
HOSE_MCH,MCH,2020-07-31 09:00:00,494,15,30.79,31.0,30.25,30.46,57722.0,1767736.25,derived_ohlc4
HOSE_MCH,MCH,2020-08-03 09:00:00,495,15,30.46,31.0,29.96,30.34,66080.0,2011475.2000000002,derived_ohlc4
HOSE_MCH,MCH,2020-08-04 09:00:00,496,15,30.46,31.2,30.34,31.2,277368.0,8542934.4,derived_ohlc4
HOSE_MCH,MCH,2020-08-05 09:00:00,497,15,31.0,31.87,31.0,31.54,154470.0,4843020.675,derived_ohlc4
HOSE_MCH,MCH,2020-08-06 09:00:00,498,15,31.58,31.82,31.49,31.54,132517.0,4188531.0775,derived_ohlc4
HOSE_MCH,MCH,2020-08-07 09:00:00,499,15,31.49,31.49,31.12,31.12,141900.0,4442179.5,derived_ohlc4
HOSE_MCH,MCH,2020-08-10 09:00:00,500,15,33.09,33.09,31.34,31.6,65264.0,2106721.92,derived_ohlc4
HOSE_MCH,MCH,2020-08-11 09:00:00,501,15,31.6,31.6,31.2,31.42,80070.0,2518601.85,derived_ohlc4
HOSE_MCH,MCH,2020-08-12 09:00:00,502,15,31.34,31.42,31.25,31.34,45067.0,1412287.1125,derived_ohlc4
HOSE_MCH,MCH,2020-08-13 09:00:00,503,15,31.34,31.64,31.34,31.6,38950.0,1226146.0000000002,derived_ohlc4
HOSE_MCH,MCH,2020-08-14 09:00:00,504,15,31.6,31.6,31.2,31.34,46745.0,1469429.0750000002,derived_ohlc4
HOSE_MCH,MCH,2020-08-17 09:00:00,505,15,31.34,31.34,31.07,31.25,47870.0,1495937.5,derived_ohlc4
HOSE_MCH,MCH,2020-08-18 09:00:00,506,15,31.25,31.42,31.2,31.29,53324.0,1668507.96,derived_ohlc4
HOSE_MCH,MCH,2020-08-19 09:00:00,507,15,31.29,31.42,31.29,31.38,15710.0,492429.94999999995,derived_ohlc4
HOSE_MCH,MCH,2020-08-20 09:00:00,508,15,31.38,31.47,31.29,31.34,34658.0,1087221.46,derived_ohlc4
HOSE_MCH,MCH,2020-08-21 09:00:00,509,15,31.34,32.08,31.34,31.64,57950.0,1831220.0,derived_ohlc4
HOSE_MCH,MCH,2020-08-24 09:00:00,510,15,32.08,32.08,31.42,31.64,95755.0,3045487.775,derived_ohlc4
HOSE_MCH,MCH,2020-08-25 09:00:00,511,15,31.64,31.86,31.56,31.64,145877.0,4620653.975000001,derived_ohlc4
HOSE_MCH,MCH,2020-08-26 09:00:00,512,15,31.64,31.82,31.56,31.64,73840.0,2338143.6,derived_ohlc4
HOSE_MCH,MCH,2020-08-27 09:00:00,513,15,31.69,32.3,31.69,32.08,84217.0,2689890.98,derived_ohlc4
HOSE_MCH,MCH,2020-08-28 09:00:00,514,15,32.13,32.43,32.13,32.26,42540.0,1371383.2499999998,derived_ohlc4
HOSE_MCH,MCH,2020-08-31 09:00:00,515,15,32.22,32.52,32.17,32.3,21244.0,686234.31,derived_ohlc4
HOSE_MCH,MCH,2020-09-01 09:00:00,516,15,32.3,32.74,32.22,32.52,50658.0,1643598.81,derived_ohlc4
HOSE_MCH,MCH,2020-09-03 09:00:00,517,15,32.39,32.96,32.39,32.96,78794.0,2574593.9499999997,derived_ohlc4
HOSE_MCH,MCH,2020-09-04 09:00:00,518,15,32.52,33.18,32.35,32.96,30445.0,997149.8625000002,derived_ohlc4
HOSE_MCH,MCH,2020-09-07 09:00:00,519,15,33.01,33.4,32.04,32.48,57056.0,1867585.5199999998,derived_ohlc4
HOSE_MCH,MCH,2020-09-08 09:00:00,520,15,32.65,32.65,32.13,32.35,69130.0,2242922.85,derived_ohlc4
HOSE_MCH,MCH,2020-09-09 09:00:00,521,15,31.86,33.4,31.86,33.18,32033.0,1043474.9749999999,derived_ohlc4
HOSE_MCH,MCH,2020-09-10 09:00:00,522,15,32.74,32.96,32.52,32.96,22642.0,742544.39,derived_ohlc4
HOSE_MCH,MCH,2020-09-11 09:00:00,523,15,32.74,32.74,32.52,32.57,13185.0,430391.3625,derived_ohlc4
HOSE_MCH,MCH,2020-09-14 09:00:00,524,15,32.57,33.18,32.52,32.52,52685.0,1722667.7875000003,derived_ohlc4
HOSE_MCH,MCH,2020-09-15 09:00:00,525,15,32.96,32.96,32.74,32.74,51414.0,1688949.9000000001,derived_ohlc4
HOSE_MCH,MCH,2020-09-16 09:00:00,526,15,32.87,32.96,32.74,32.92,6855.0,225340.98750000002,derived_ohlc4
HOSE_MCH,MCH,2020-09-17 09:00:00,527,15,32.92,32.96,32.7,32.7,25459.0,835564.38,derived_ohlc4
HOSE_MCH,MCH,2020-09-18 09:00:00,528,15,32.7,32.92,32.61,32.87,30999.0,1015992.225,derived_ohlc4
HOSE_MCH,MCH,2020-09-21 09:00:00,529,15,32.92,32.92,32.61,32.61,34865.0,1142351.725,derived_ohlc4
HOSE_MCH,MCH,2020-09-22 09:00:00,530,15,32.57,32.7,32.52,32.7,30800.0,1004773.0000000001,derived_ohlc4
HOSE_MCH,MCH,2020-09-23 09:00:00,531,15,32.57,32.61,32.35,32.48,31651.0,1028736.6275,derived_ohlc4
HOSE_MCH,MCH,2020-09-24 09:00:00,532,15,32.48,32.74,32.43,32.7,22800.0,742995.0000000001,derived_ohlc4
HOSE_MCH,MCH,2020-09-25 09:00:00,533,15,32.48,32.48,32.35,32.35,8980.0,291086.7,derived_ohlc4
HOSE_MCH,MCH,2020-09-28 09:00:00,534,15,32.35,32.52,32.35,32.39,8247.0,267223.41750000004,derived_ohlc4
HOSE_MCH,MCH,2020-09-29 09:00:00,535,15,32.43,32.57,32.43,32.52,44476.0,1444914.0500000003,derived_ohlc4
HOSE_MCH,MCH,2020-09-30 09:00:00,536,15,32.48,32.48,32.43,32.48,2110.0,68506.42499999999,derived_ohlc4
HOSE_MCH,MCH,2020-10-01 09:00:00,537,15,32.48,32.48,32.08,32.3,38800.0,1254597.9999999998,derived_ohlc4
HOSE_MCH,MCH,2020-10-02 09:00:00,538,15,32.22,32.22,31.78,31.82,32870.0,1052168.7,derived_ohlc4
HOSE_MCH,MCH,2020-10-05 09:00:00,539,15,32.04,32.83,32.04,32.52,84615.0,2737929.8625000003,derived_ohlc4
HOSE_MCH,MCH,2020-10-06 09:00:00,540,15,32.52,32.74,32.22,32.74,114487.0,3727124.285,derived_ohlc4
HOSE_MCH,MCH,2020-10-07 09:00:00,541,15,32.74,32.79,32.52,32.74,131803.0,4309628.5925,derived_ohlc4
HOSE_MCH,MCH,2020-10-08 09:00:00,542,15,32.52,32.74,32.52,32.52,131663.0,4288922.225000001,derived_ohlc4
HOSE_MCH,MCH,2020-10-09 09:00:00,543,15,32.74,33.62,32.57,32.96,104688.0,3451825.0800000005,derived_ohlc4
HOSE_MCH,MCH,2020-10-12 09:00:00,544,15,32.96,33.84,32.96,33.4,38905.0,1295147.4500000002,derived_ohlc4
HOSE_MCH,MCH,2020-10-13 09:00:00,545,15,33.4,33.58,33.18,33.4,59337.0,1981262.43,derived_ohlc4
HOSE_MCH,MCH,2020-10-14 09:00:00,546,15,33.49,34.28,32.96,33.58,43140.0,1448533.35,derived_ohlc4
HOSE_MCH,MCH,2020-10-15 09:00:00,547,15,33.62,34.06,33.36,33.58,71210.0,2396572.5500000003,derived_ohlc4
HOSE_MCH,MCH,2020-10-16 09:00:00,548,15,33.4,34.02,33.4,33.84,119464.0,4021755.56,derived_ohlc4
HOSE_MCH,MCH,2020-10-19 09:00:00,549,15,34.24,34.37,34.06,34.06,17209.0,588246.6425000001,derived_ohlc4
HOSE_MCH,MCH,2020-10-20 09:00:00,550,15,33.44,33.84,33.31,33.84,9115.0,306332.3625,derived_ohlc4
HOSE_MCH,MCH,2020-10-21 09:00:00,551,15,34.02,34.5,33.84,33.84,28415.0,967530.7500000001,derived_ohlc4
HOSE_MCH,MCH,2020-10-22 09:00:00,552,15,34.06,34.06,33.88,34.06,14764.0,502197.46,derived_ohlc4
HOSE_MCH,MCH,2020-10-23 09:00:00,553,15,34.06,34.28,33.84,34.28,45411.0,1549196.2650000001,derived_ohlc4
HOSE_MCH,MCH,2020-10-26 09:00:00,554,15,34.24,34.28,34.06,34.24,17964.0,614458.6200000001,derived_ohlc4
HOSE_MCH,MCH,2020-10-27 09:00:00,555,15,34.24,34.24,33.44,33.62,25663.0,869590.755,derived_ohlc4
HOSE_MCH,MCH,2020-10-28 09:00:00,556,15,33.8,33.93,30.76,31.86,165444.0,5391406.35,derived_ohlc4
HOSE_MCH,MCH,2020-10-29 09:00:00,557,15,31.64,31.91,31.64,31.73,89353.0,2835170.69,derived_ohlc4
HOSE_MCH,MCH,2020-10-30 09:00:00,558,15,32.08,32.3,31.86,32.08,45688.0,1465671.04,derived_ohlc4
HOSE_MCH,MCH,2020-11-02 09:00:00,559,15,32.04,32.96,32.04,32.43,75649.0,2448569.0075,derived_ohlc4
HOSE_MCH,MCH,2020-11-03 09:00:00,560,15,32.61,32.74,32.43,32.52,36847.0,1200291.0250000001,derived_ohlc4
HOSE_MCH,MCH,2020-11-04 09:00:00,561,15,32.65,33.4,32.48,33.14,98605.0,3245830.0875000004,derived_ohlc4
HOSE_MCH,MCH,2020-11-05 09:00:00,562,15,33.14,33.22,32.96,33.14,42763.0,1416096.7449999999,derived_ohlc4
HOSE_MCH,MCH,2020-11-06 09:00:00,563,15,33.18,33.58,33.14,33.53,75820.0,2529165.65,derived_ohlc4
HOSE_MCH,MCH,2020-11-09 09:00:00,564,15,33.4,34.72,33.4,34.68,132758.0,4520409.9,derived_ohlc4
HOSE_MCH,MCH,2020-11-10 09:00:00,565,15,34.68,35.6,34.68,35.25,124036.0,4347771.890000001,derived_ohlc4
HOSE_MCH,MCH,2020-11-11 09:00:00,566,15,34.28,35.6,34.28,35.29,58885.0,2052878.3124999998,derived_ohlc4
HOSE_MCH,MCH,2020-11-12 09:00:00,567,15,35.34,35.38,34.94,35.25,43329.0,1526372.3475,derived_ohlc4
HOSE_MCH,MCH,2020-11-13 09:00:00,568,15,35.38,35.38,34.76,34.94,36740.0,1290125.1,derived_ohlc4
HOSE_MCH,MCH,2020-11-16 09:00:00,569,15,35.03,35.16,34.5,34.81,55489.0,1935178.875,derived_ohlc4
HOSE_MCH,MCH,2020-11-17 09:00:00,570,15,34.63,35.99,34.63,35.82,174363.0,6149347.1025,derived_ohlc4
HOSE_MCH,MCH,2020-11-18 09:00:00,571,15,35.73,37.58,35.6,37.36,191465.0,7001396.387499999,derived_ohlc4
HOSE_MCH,MCH,2020-11-19 09:00:00,572,15,37.31,38.67,36.92,38.41,123012.0,4653236.43,derived_ohlc4
HOSE_MCH,MCH,2020-11-20 09:00:00,573,15,37.84,39.29,37.8,39.07,94625.0,3643062.5,derived_ohlc4
HOSE_MCH,MCH,2020-11-23 09:00:00,574,15,38.9,39.12,38.24,39.07,91043.0,3535427.2975,derived_ohlc4
HOSE_MCH,MCH,2020-11-24 09:00:00,575,15,39.03,39.6,38.9,39.55,109493.0,4299790.109999999,derived_ohlc4
HOSE_MCH,MCH,2020-11-25 09:00:00,576,15,39.6,39.6,39.12,39.55,59875.0,2363116.5625,derived_ohlc4
HOSE_MCH,MCH,2020-11-26 09:00:00,577,15,39.55,40.56,39.42,40.48,111206.0,4448518.015,derived_ohlc4
HOSE_MCH,MCH,2020-11-27 09:00:00,578,15,40.65,41.53,40.65,41.09,159511.0,6536760.78,derived_ohlc4
HOSE_MCH,MCH,2020-11-30 09:00:00,579,15,41.09,41.09,39.82,40.04,101913.0,4128495.63,derived_ohlc4
HOSE_MCH,MCH,2020-12-01 09:00:00,580,15,39.55,40.87,39.55,40.65,104926.0,4213303.529999999,derived_ohlc4
HOSE_MCH,MCH,2020-12-02 09:00:00,581,15,40.87,40.96,40.7,40.96,98706.0,4034360.9850000003,derived_ohlc4
HOSE_MCH,MCH,2020-12-03 09:00:00,582,15,40.87,40.96,40.87,40.87,54243.0,2218131.8775,derived_ohlc4
HOSE_MCH,MCH,2020-12-04 09:00:00,583,15,40.87,41.31,40.87,41.31,52547.0,2159156.23,derived_ohlc4
HOSE_MCH,MCH,2020-12-07 09:00:00,584,15,40.92,41.31,40.92,41.09,32756.0,1344961.36,derived_ohlc4
HOSE_MCH,MCH,2020-12-08 09:00:00,585,15,41.18,41.31,41.09,41.22,47906.0,1973727.2000000002,derived_ohlc4
HOSE_MCH,MCH,2020-12-09 09:00:00,586,15,41.27,41.44,41.27,41.36,99830.0,4126473.0500000007,derived_ohlc4
HOSE_MCH,MCH,2020-12-10 09:00:00,587,15,41.31,41.31,41.09,41.09,46373.0,1910567.6,derived_ohlc4
HOSE_MCH,MCH,2020-12-11 09:00:00,588,15,41.18,41.18,40.96,41.0,20462.0,840578.96,derived_ohlc4
HOSE_MCH,MCH,2020-12-14 09:00:00,589,15,41.18,41.31,40.87,41.0,22110.0,908499.9,derived_ohlc4
HOSE_MCH,MCH,2020-12-15 09:00:00,590,15,41.09,41.09,40.87,40.92,35774.0,1466465.6950000003,derived_ohlc4
HOSE_MCH,MCH,2020-12-16 09:00:00,591,15,40.78,40.96,40.43,40.87,25366.0,1033918.1600000001,derived_ohlc4
HOSE_MCH,MCH,2020-12-17 09:00:00,592,15,40.43,40.78,40.04,40.78,48255.0,1954689.4125,derived_ohlc4
HOSE_MCH,MCH,2020-12-18 09:00:00,593,15,41.09,41.09,39.99,40.34,68751.0,2793181.2525000004,derived_ohlc4
HOSE_MCH,MCH,2020-12-21 09:00:00,594,15,40.87,40.87,39.99,40.17,17510.0,708717.2499999999,derived_ohlc4
HOSE_MCH,MCH,2020-12-22 09:00:00,595,15,40.34,40.43,40.04,40.43,58056.0,2340237.3600000003,derived_ohlc4
HOSE_MCH,MCH,2020-12-23 09:00:00,596,15,40.21,40.34,40.21,40.21,30606.0,1231661.9550000003,derived_ohlc4
HOSE_MCH,MCH,2020-12-24 09:00:00,597,15,40.83,40.83,40.04,40.43,13140.0,532597.0499999999,derived_ohlc4
HOSE_MCH,MCH,2020-12-25 09:00:00,598,15,40.26,40.43,40.17,40.17,8549.0,344161.3675,derived_ohlc4
HOSE_MCH,MCH,2020-12-28 09:00:00,599,15,40.17,41.05,40.17,40.21,62400.0,2520960.0,derived_ohlc4
HOSE_MCH,MCH,2020-12-29 09:00:00,600,15,40.43,40.43,40.08,40.43,34767.0,1402587.6975,derived_ohlc4
HOSE_MCH,MCH,2020-12-30 09:00:00,601,15,40.43,40.78,40.21,40.21,23871.0,964567.4325000001,derived_ohlc4
HOSE_MCH,MCH,2020-12-31 09:00:00,602,15,40.65,40.96,40.43,40.87,70147.0,2856911.9425,derived_ohlc4
HOSE_MCH,MCH,2021-01-04 09:00:00,603,15,41.53,41.75,41.44,41.53,18997.0,789562.8125,derived_ohlc4
HOSE_MCH,MCH,2021-01-05 09:00:00,604,15,41.53,41.75,41.31,41.31,61167.0,2536901.325,derived_ohlc4
HOSE_MCH,MCH,2021-01-06 09:00:00,605,15,41.31,41.75,40.83,41.53,55989.0,2315425.095,derived_ohlc4
HOSE_MCH,MCH,2021-01-07 09:00:00,606,15,41.05,41.75,41.05,41.09,8732.0,360064.02,derived_ohlc4
HOSE_MCH,MCH,2021-01-08 09:00:00,607,15,41.31,42.81,41.31,42.63,165427.0,6950415.405,derived_ohlc4
HOSE_MCH,MCH,2021-01-11 09:00:00,608,15,42.63,43.73,42.63,43.55,78851.0,3401237.8850000002,derived_ohlc4
HOSE_MCH,MCH,2021-01-12 09:00:00,609,15,43.73,43.73,43.42,43.51,45070.0,1964939.325,derived_ohlc4
HOSE_MCH,MCH,2021-01-13 09:00:00,610,15,43.51,43.95,43.51,43.68,63996.0,2794225.35,derived_ohlc4
HOSE_MCH,MCH,2021-01-14 09:00:00,611,15,43.73,43.73,43.51,43.51,33163.0,1446570.0599999998,derived_ohlc4
HOSE_MCH,MCH,2021-01-15 09:00:00,612,15,43.51,43.64,42.67,43.07,34900.0,1508465.2499999998,derived_ohlc4
HOSE_MCH,MCH,2021-01-18 09:00:00,613,15,43.25,43.29,42.72,43.07,39455.0,1699820.0374999999,derived_ohlc4
HOSE_MCH,MCH,2021-01-19 09:00:00,614,15,43.07,43.07,37.36,41.09,32445.0,1335030.6375,derived_ohlc4
HOSE_MCH,MCH,2021-01-20 09:00:00,615,15,41.44,41.53,40.87,41.44,25256.0,1043577.92,derived_ohlc4
HOSE_MCH,MCH,2021-01-21 09:00:00,616,15,43.07,43.07,41.66,42.63,25109.0,1069831.7175,derived_ohlc4
HOSE_MCH,MCH,2021-01-22 09:00:00,617,15,42.32,42.81,41.31,42.41,36380.0,1535690.75,derived_ohlc4
HOSE_MCH,MCH,2021-01-25 09:00:00,618,15,42.63,42.63,41.75,42.15,22530.0,952793.7,derived_ohlc4
HOSE_MCH,MCH,2021-01-26 09:00:00,619,15,41.75,41.97,40.87,41.75,39294.0,1634040.99,derived_ohlc4
HOSE_MCH,MCH,2021-01-27 09:00:00,620,15,41.49,41.49,40.65,40.65,31110.0,1277687.7,derived_ohlc4
HOSE_MCH,MCH,2021-01-28 09:00:00,621,15,39.77,39.82,38.63,38.63,78435.0,3075632.4375,derived_ohlc4
HOSE_MCH,MCH,2021-01-29 09:00:00,622,15,38.63,41.05,38.63,41.05,19650.0,782856.0000000001,derived_ohlc4
HOSE_MCH,MCH,2021-02-01 09:00:00,623,15,41.75,41.75,39.6,40.21,32020.0,1307296.55,derived_ohlc4
HOSE_MCH,MCH,2021-02-02 09:00:00,624,15,40.34,40.83,39.03,40.65,16056.0,645651.9,derived_ohlc4
HOSE_MCH,MCH,2021-02-03 09:00:00,625,15,40.87,41.31,40.65,41.09,23800.0,975324.0000000001,derived_ohlc4
HOSE_MCH,MCH,2021-02-04 09:00:00,626,15,41.31,41.4,40.83,40.83,19210.0,789386.925,derived_ohlc4
HOSE_MCH,MCH,2021-02-05 09:00:00,627,15,41.09,41.09,40.83,40.96,21592.0,885110.0599999999,derived_ohlc4
HOSE_MCH,MCH,2021-02-08 09:00:00,628,15,41.71,41.71,40.43,40.87,55800.0,2297844.0,derived_ohlc4
HOSE_MCH,MCH,2021-02-09 09:00:00,629,15,40.87,41.22,40.87,40.87,18387.0,753085.5525000001,derived_ohlc4
HOSE_MCH,MCH,2021-02-17 09:00:00,630,15,41.05,41.49,40.96,41.49,15515.0,639954.9625,derived_ohlc4
HOSE_MCH,MCH,2021-02-18 09:00:00,631,15,41.53,42.15,41.53,41.75,28163.0,1175523.62,derived_ohlc4
HOSE_MCH,MCH,2021-02-19 09:00:00,632,15,41.75,41.93,41.66,41.75,20841.0,870580.6725,derived_ohlc4
HOSE_MCH,MCH,2021-02-22 09:00:00,633,15,41.75,41.97,41.53,41.75,15816.0,660318.0,derived_ohlc4
HOSE_MCH,MCH,2021-02-23 09:00:00,634,15,41.75,41.84,41.49,41.49,22626.0,942203.2050000001,derived_ohlc4
HOSE_MCH,MCH,2021-02-24 09:00:00,635,15,41.75,41.75,41.4,41.58,24648.0,1025849.7600000001,derived_ohlc4
HOSE_MCH,MCH,2021-02-25 09:00:00,636,15,42.19,42.19,41.53,41.62,17924.0,750701.93,derived_ohlc4
HOSE_MCH,MCH,2021-02-26 09:00:00,637,15,41.66,41.66,41.53,41.62,19500.0,811541.25,derived_ohlc4
HOSE_MCH,MCH,2021-03-01 09:00:00,638,15,41.58,41.93,41.58,41.84,16415.0,685038.9875,derived_ohlc4
HOSE_MCH,MCH,2021-03-02 09:00:00,639,15,41.8,41.8,41.31,41.31,25070.0,1041783.85,derived_ohlc4
HOSE_MCH,MCH,2021-03-03 09:00:00,640,15,41.75,46.15,41.75,42.1,23300.0,1000443.75,derived_ohlc4
HOSE_MCH,MCH,2021-03-04 09:00:00,641,15,41.84,41.84,41.62,41.71,22811.0,952416.2775000001,derived_ohlc4
HOSE_MCH,MCH,2021-03-05 09:00:00,642,15,43.07,43.07,41.31,41.62,49110.0,2075756.9249999998,derived_ohlc4
HOSE_MCH,MCH,2021-03-08 09:00:00,643,15,42.19,45.71,42.19,43.07,59154.0,2560776.66,derived_ohlc4
HOSE_MCH,MCH,2021-03-09 09:00:00,644,15,43.07,43.29,42.76,43.07,75324.0,3242509.89,derived_ohlc4
HOSE_MCH,MCH,2021-03-10 09:00:00,645,15,42.81,43.03,42.81,42.89,16003.0,686288.655,derived_ohlc4
HOSE_MCH,MCH,2021-03-11 09:00:00,646,15,42.89,42.94,42.72,42.72,29347.0,1256565.1725,derived_ohlc4
HOSE_MCH,MCH,2021-03-12 09:00:00,647,15,42.81,43.51,42.81,43.11,44305.0,1907773.3,derived_ohlc4
HOSE_MCH,MCH,2021-03-15 09:00:00,648,15,43.07,43.51,42.63,43.29,24854.0,1071828.75,derived_ohlc4
HOSE_MCH,MCH,2021-03-16 09:00:00,649,15,43.07,43.51,43.07,43.46,33413.0,1446031.1075000002,derived_ohlc4
HOSE_MCH,MCH,2021-03-17 09:00:00,650,15,43.38,43.42,43.29,43.42,14627.0,634482.6925,derived_ohlc4
HOSE_MCH,MCH,2021-03-18 09:00:00,651,15,43.51,43.73,43.42,43.6,34224.0,1490968.5599999998,derived_ohlc4
HOSE_MCH,MCH,2021-03-19 09:00:00,652,15,43.9,44.39,43.51,44.17,51390.0,2260774.5749999997,derived_ohlc4
HOSE_MCH,MCH,2021-03-22 09:00:00,653,15,44.12,45.27,44.12,44.56,19429.0,864930.5075,derived_ohlc4
HOSE_MCH,MCH,2021-03-23 09:00:00,654,15,45.27,45.71,44.56,45.14,31653.0,1429766.01,derived_ohlc4
HOSE_MCH,MCH,2021-03-24 09:00:00,655,15,44.39,46.15,44.39,46.15,87979.0,3982809.33,derived_ohlc4
HOSE_MCH,MCH,2021-03-25 09:00:00,656,15,46.59,49.4,46.59,47.46,97364.0,4625763.640000001,derived_ohlc4
HOSE_MCH,MCH,2021-03-26 09:00:00,657,15,46.59,47.51,43.95,45.93,41984.0,1931054.08,derived_ohlc4
HOSE_MCH,MCH,2021-03-29 09:00:00,658,15,45.27,48.34,43.95,45.05,27124.0,1238278.4100000001,derived_ohlc4
HOSE_MCH,MCH,2021-03-30 09:00:00,659,15,44.04,45.0,43.95,44.04,60700.0,2686430.25,derived_ohlc4
HOSE_MCH,MCH,2021-03-31 09:00:00,660,15,44.04,45.71,43.95,44.39,33641.0,1497781.4224999999,derived_ohlc4
HOSE_MCH,MCH,2021-04-01 09:00:00,661,15,46.1,46.1,44.17,45.18,14776.0,670645.7000000001,derived_ohlc4
HOSE_MCH,MCH,2021-04-02 09:00:00,662,15,45.71,48.34,44.56,44.83,15810.0,725046.6,derived_ohlc4
HOSE_MCH,MCH,2021-04-05 09:00:00,663,15,45.27,46.59,44.48,44.83,16777.0,759872.2725000001,derived_ohlc4
HOSE_MCH,MCH,2021-04-06 09:00:00,664,15,44.74,45.44,44.7,44.74,15400.0,691537.0,derived_ohlc4
HOSE_MCH,MCH,2021-04-07 09:00:00,665,15,45.49,45.49,44.39,44.83,14010.0,631150.5,derived_ohlc4
HOSE_MCH,MCH,2021-04-08 09:00:00,666,15,44.74,45.27,44.39,44.78,18320.0,820644.4,derived_ohlc4
HOSE_MCH,MCH,2021-04-09 09:00:00,667,15,44.39,45.27,43.99,44.52,24050.0,1071247.125,derived_ohlc4
HOSE_MCH,MCH,2021-04-12 09:00:00,668,15,44.92,45.71,44.92,45.71,34832.0,1578412.08,derived_ohlc4
HOSE_MCH,MCH,2021-04-13 09:00:00,669,15,45.27,45.53,45.0,45.22,20354.0,921120.27,derived_ohlc4
HOSE_MCH,MCH,2021-04-14 09:00:00,670,15,46.15,46.5,44.48,45.8,84527.0,3865631.0275000003,derived_ohlc4
HOSE_MCH,MCH,2021-04-15 09:00:00,671,15,46.15,47.29,46.15,46.37,69613.0,3236308.37,derived_ohlc4
HOSE_MCH,MCH,2021-04-16 09:00:00,672,15,47.02,47.02,46.15,46.59,24705.0,1153599.975,derived_ohlc4
HOSE_MCH,MCH,2021-04-19 09:00:00,673,15,46.63,47.95,46.15,47.68,47235.0,2224886.5875000004,derived_ohlc4
HOSE_MCH,MCH,2021-04-20 09:00:00,674,15,47.68,47.68,46.81,47.02,11970.0,566151.0750000001,derived_ohlc4
HOSE_MCH,MCH,2021-04-22 09:00:00,675,15,46.37,46.37,44.92,46.15,61230.0,2813671.575,derived_ohlc4
HOSE_MCH,MCH,2021-04-23 09:00:00,676,15,46.15,47.02,46.15,46.59,27420.0,1274413.05,derived_ohlc4
HOSE_MCH,MCH,2021-04-26 09:00:00,677,15,46.59,48.34,45.8,46.59,23723.0,1110948.09,derived_ohlc4
HOSE_MCH,MCH,2021-04-27 09:00:00,678,15,46.59,46.59,46.15,46.15,15500.0,718735.0000000001,derived_ohlc4
HOSE_MCH,MCH,2021-04-28 09:00:00,679,15,46.15,46.37,46.15,46.37,9326.0,431420.76,derived_ohlc4
HOSE_MCH,MCH,2021-04-29 09:00:00,680,15,47.02,48.3,46.19,47.46,3448.0,162892.13999999998,derived_ohlc4
HOSE_MCH,MCH,2021-05-04 09:00:00,681,15,47.64,47.64,45.8,47.46,4605.0,217056.675,derived_ohlc4
HOSE_MCH,MCH,2021-05-05 09:00:00,682,15,47.02,47.55,47.02,47.38,30441.0,1438108.9425,derived_ohlc4
HOSE_MCH,MCH,2021-05-06 09:00:00,683,15,47.64,47.9,47.46,47.64,30312.0,1444669.92,derived_ohlc4
HOSE_MCH,MCH,2021-05-07 09:00:00,684,15,47.51,48.34,47.46,47.9,14302.0,683671.355,derived_ohlc4
HOSE_MCH,MCH,2021-05-10 09:00:00,685,15,47.9,47.9,47.9,47.9,481.0,23039.899999999998,derived_ohlc4
HOSE_MCH,MCH,2021-05-11 09:00:00,686,15,47.9,48.78,47.9,48.08,3851.0,185483.41500000004,derived_ohlc4
HOSE_MCH,MCH,2021-05-12 09:00:00,687,15,48.78,48.78,47.68,47.9,22454.0,1084191.3900000001,derived_ohlc4
HOSE_MCH,MCH,2021-05-13 09:00:00,688,15,47.9,48.74,47.68,48.34,37209.0,1792171.4849999999,derived_ohlc4
HOSE_MCH,MCH,2021-05-14 09:00:00,689,15,49.66,49.66,48.3,48.83,6532.0,320802.85,derived_ohlc4
HOSE_MCH,MCH,2021-05-17 09:00:00,690,15,49.22,50.1,49.22,49.66,48370.0,2396733.5,derived_ohlc4
HOSE_MCH,MCH,2021-05-18 09:00:00,691,15,49.66,50.1,48.78,49.88,8474.0,420352.76999999996,derived_ohlc4
HOSE_MCH,MCH,2021-05-19 09:00:00,692,15,52.3,52.3,50.1,51.07,35919.0,1847763.1574999997,derived_ohlc4
HOSE_MCH,MCH,2021-05-20 09:00:00,693,15,51.42,51.42,51.07,51.38,5115.0,262514.58749999997,derived_ohlc4
HOSE_MCH,MCH,2021-05-21 09:00:00,694,15,51.38,52.3,51.38,51.9,20004.0,1035006.9600000001,derived_ohlc4
HOSE_MCH,MCH,2021-05-24 09:00:00,695,15,51.86,59.33,51.86,52.21,36115.0,1943528.725,derived_ohlc4
HOSE_MCH,MCH,2021-05-25 09:00:00,696,15,52.74,52.74,51.64,51.64,49944.0,2606577.36,derived_ohlc4
HOSE_MCH,MCH,2021-05-26 09:00:00,697,15,52.3,52.3,51.2,51.2,11635.0,602111.25,derived_ohlc4
HOSE_MCH,MCH,2021-05-27 09:00:00,698,15,51.86,51.86,50.54,50.98,18033.0,925273.2299999999,derived_ohlc4
HOSE_MCH,MCH,2021-05-28 09:00:00,699,15,51.42,51.42,50.54,51.16,7969.0,407494.815,derived_ohlc4
HOSE_MCH,MCH,2021-05-31 09:00:00,700,15,51.86,52.43,51.24,51.86,40013.0,2074574.0174999998,derived_ohlc4
HOSE_MCH,MCH,2021-06-01 09:00:00,701,15,54.15,54.15,52.55,52.55,35550.0,1896592.4999999998,derived_ohlc4
HOSE_MCH,MCH,2021-06-02 09:00:00,702,15,53.47,53.47,52.55,53.47,7203.0,383487.72000000003,derived_ohlc4
HOSE_MCH,MCH,2021-06-03 09:00:00,703,15,52.55,53.24,52.1,53.24,42560.0,2246423.1999999997,derived_ohlc4
HOSE_MCH,MCH,2021-06-04 09:00:00,704,15,52.78,52.78,52.55,52.55,24555.0,1293189.0750000002,derived_ohlc4
HOSE_MCH,MCH,2021-06-07 09:00:00,705,15,52.6,52.6,52.51,52.51,26300.0,1382196.5,derived_ohlc4
HOSE_MCH,MCH,2021-06-08 09:00:00,706,15,53.01,53.01,50.63,52.46,1600.0,83644.0,derived_ohlc4
HOSE_MCH,MCH,2021-06-09 09:00:00,707,15,52.37,52.37,50.31,50.95,2098.0,108047.0,derived_ohlc4
HOSE_MCH,MCH,2021-06-10 09:00:00,708,15,50.95,52.42,50.95,51.18,1400.0,71925.0,derived_ohlc4
HOSE_MCH,MCH,2021-06-11 09:00:00,709,15,51.18,52.1,51.18,51.32,2529.0,130104.405,derived_ohlc4
HOSE_MCH,MCH,2021-06-14 09:00:00,710,15,51.32,52.46,51.32,52.1,17603.0,911835.3999999999,derived_ohlc4
HOSE_MCH,MCH,2021-06-15 09:00:00,711,15,52.55,52.6,52.1,52.6,31282.0,1641131.925,derived_ohlc4
HOSE_MCH,MCH,2021-06-16 09:00:00,712,15,52.6,52.78,52.55,52.78,8899.0,468777.0725,derived_ohlc4
HOSE_MCH,MCH,2021-06-17 09:00:00,713,15,52.46,52.96,52.46,52.55,11485.0,604197.1375000001,derived_ohlc4
HOSE_MCH,MCH,2021-06-18 09:00:00,714,15,52.78,52.78,52.42,52.42,42712.0,2246651.2,derived_ohlc4
HOSE_MCH,MCH,2021-06-21 09:00:00,715,15,51.18,52.46,51.18,52.1,2405.0,124410.65,derived_ohlc4
HOSE_MCH,MCH,2021-06-22 09:00:00,716,15,51.91,51.91,51.41,51.41,7200.0,371952.0,derived_ohlc4
HOSE_MCH,MCH,2021-06-23 09:00:00,717,15,51.46,52.1,51.46,51.64,2027.0,104724.95500000002,derived_ohlc4
HOSE_MCH,MCH,2021-06-24 09:00:00,718,15,51.64,52.55,51.64,51.68,1900.0,98567.25,derived_ohlc4
HOSE_MCH,MCH,2021-06-25 09:00:00,719,15,52.32,52.32,51.73,51.73,5411.0,281507.27499999997,derived_ohlc4
HOSE_MCH,MCH,2021-06-28 09:00:00,720,15,51.64,52.78,51.64,52.32,3564.0,185666.58,derived_ohlc4
HOSE_MCH,MCH,2021-06-29 09:00:00,721,15,59.64,59.64,52.1,52.19,8335.0,465863.9875,derived_ohlc4
HOSE_MCH,MCH,2021-06-30 09:00:00,722,15,52.55,52.55,51.64,52.51,14950.0,782071.875,derived_ohlc4
HOSE_MCH,MCH,2021-07-01 09:00:00,723,15,52.55,52.55,52.1,52.1,9010.0,471448.24999999994,derived_ohlc4
HOSE_MCH,MCH,2021-07-02 09:00:00,724,15,52.1,52.14,51.64,51.64,58201.0,3019467.88,derived_ohlc4
HOSE_MCH,MCH,2021-07-05 09:00:00,725,15,52.19,52.19,51.59,51.59,36728.0,1905815.92,derived_ohlc4
HOSE_MCH,MCH,2021-07-06 09:00:00,726,15,51.87,51.87,51.64,51.64,36694.0,1899097.9699999997,derived_ohlc4
HOSE_MCH,MCH,2021-07-07 09:00:00,727,15,51.55,52.1,51.55,51.64,29426.0,1521618.4599999997,derived_ohlc4
HOSE_MCH,MCH,2021-07-08 09:00:00,728,15,52.1,52.96,52.1,52.78,10746.0,564003.8099999999,derived_ohlc4
HOSE_MCH,MCH,2021-07-09 09:00:00,729,15,54.79,54.79,52.6,53.47,3410.0,183841.625,derived_ohlc4
HOSE_MCH,MCH,2021-07-12 09:00:00,730,15,53.69,54.84,51.18,53.19,16089.0,856337.025,derived_ohlc4
HOSE_MCH,MCH,2021-07-13 09:00:00,731,15,52.28,60.09,52.28,53.88,4511.0,246447.2075,derived_ohlc4
HOSE_MCH,MCH,2021-07-14 09:00:00,732,15,53.83,53.88,51.87,52.1,7904.0,418279.68,derived_ohlc4
HOSE_MCH,MCH,2021-07-15 09:00:00,733,15,54.52,54.52,52.55,53.01,800.0,42920.0,derived_ohlc4
HOSE_MCH,MCH,2021-07-16 09:00:00,734,15,54.01,54.01,52.78,52.87,1722.0,91984.93500000001,derived_ohlc4
HOSE_MCH,MCH,2021-07-19 09:00:00,735,15,52.14,52.55,51.68,52.1,29000.0,1511407.5,derived_ohlc4
HOSE_MCH,MCH,2021-07-20 09:00:00,736,15,54.38,54.38,53.47,53.74,1600.0,86388.00000000001,derived_ohlc4
HOSE_MCH,MCH,2021-07-21 09:00:00,737,15,53.01,53.69,52.1,53.01,8845.0,468364.86249999993,derived_ohlc4
HOSE_MCH,MCH,2021-07-22 09:00:00,738,15,53.01,53.01,52.96,53.01,16100.0,853259.7499999999,derived_ohlc4
HOSE_MCH,MCH,2021-07-23 09:00:00,739,15,53.01,53.01,52.55,53.01,7247.0,383330.06499999994,derived_ohlc4
HOSE_MCH,MCH,2021-07-26 09:00:00,740,15,51.68,53.88,51.68,53.37,14927.0,785943.8675,derived_ohlc4
HOSE_MCH,MCH,2021-07-27 09:00:00,741,15,53.47,54.06,52.55,54.06,39900.0,2136046.5,derived_ohlc4
HOSE_MCH,MCH,2021-07-28 09:00:00,742,15,53.92,54.84,53.92,54.79,10815.0,587984.5125,derived_ohlc4
HOSE_MCH,MCH,2021-07-29 09:00:00,743,15,54.84,58.72,54.79,57.3,17034.0,960930.5249999999,derived_ohlc4
HOSE_MCH,MCH,2021-07-30 09:00:00,744,15,55.38,58.95,55.38,57.58,26030.0,1479089.675,derived_ohlc4
HOSE_MCH,MCH,2021-08-02 09:00:00,745,15,58.04,58.72,57.99,57.99,7201.0,418990.185,derived_ohlc4
HOSE_MCH,MCH,2021-08-03 09:00:00,746,15,57.81,58.04,56.66,57.53,6400.0,368064.0,derived_ohlc4
HOSE_MCH,MCH,2021-08-04 09:00:00,747,15,57.53,58.45,57.12,57.58,63061.0,3636727.87,derived_ohlc4
HOSE_MCH,MCH,2021-08-05 09:00:00,748,15,58.9,58.9,57.12,57.12,29952.0,1737515.52,derived_ohlc4
HOSE_MCH,MCH,2021-08-06 09:00:00,749,15,58.95,58.95,57.58,57.58,35769.0,2084080.785,derived_ohlc4
HOSE_MCH,MCH,2021-08-09 09:00:00,750,15,57.58,58.4,57.12,58.4,7823.0,452756.125,derived_ohlc4
HOSE_MCH,MCH,2021-08-10 09:00:00,751,15,58.04,58.95,58.04,58.26,29713.0,1732936.4425,derived_ohlc4
HOSE_MCH,MCH,2021-08-11 09:00:00,752,15,58.95,58.95,58.49,58.72,7376.0,433542.84,derived_ohlc4
HOSE_MCH,MCH,2021-08-12 09:00:00,753,15,57.62,58.63,57.62,58.54,500.0,29051.25,derived_ohlc4
HOSE_MCH,MCH,2021-08-13 09:00:00,754,15,58.54,58.54,54.84,57.12,47700.0,2731302.0000000005,derived_ohlc4
HOSE_MCH,MCH,2021-08-16 09:00:00,755,15,57.21,58.49,57.12,58.26,68769.0,3972785.13,derived_ohlc4
HOSE_MCH,MCH,2021-08-17 09:00:00,756,15,57.76,58.04,57.12,57.94,3702.0,213660.93,derived_ohlc4
HOSE_MCH,MCH,2021-08-18 09:00:00,757,15,57.35,59.41,57.26,58.72,43500.0,2531047.5,derived_ohlc4
HOSE_MCH,MCH,2021-08-19 09:00:00,758,15,58.72,58.72,58.63,58.72,3130.0,183723.175,derived_ohlc4
HOSE_MCH,MCH,2021-08-20 09:00:00,759,15,58.63,58.72,57.17,58.72,17530.0,1022174.2999999999,derived_ohlc4
HOSE_MCH,MCH,2021-08-23 09:00:00,760,15,57.17,58.77,57.17,57.4,2500.0,144068.75,derived_ohlc4
HOSE_MCH,MCH,2021-08-24 09:00:00,761,15,57.44,58.77,57.08,58.77,75950.0,4406239.250000001,derived_ohlc4
HOSE_MCH,MCH,2021-08-25 09:00:00,762,15,59.41,60.46,58.04,58.08,27005.0,1593227.4875,derived_ohlc4
HOSE_MCH,MCH,2021-08-26 09:00:00,763,15,59.96,59.96,58.13,59.41,2450.0,145444.25,derived_ohlc4
HOSE_MCH,MCH,2021-08-27 09:00:00,764,15,59.13,59.41,58.63,59.41,4800.0,283896.0,derived_ohlc4
HOSE_MCH,MCH,2021-08-30 09:00:00,765,15,59.41,60.46,58.49,58.49,33800.0,2001382.5000000002,derived_ohlc4
HOSE_MCH,MCH,2021-08-31 09:00:00,766,15,59.82,59.82,57.12,59.36,37330.0,2203589.9,derived_ohlc4
HOSE_MCH,MCH,2021-09-01 09:00:00,767,15,57.17,59.09,57.08,57.94,16300.0,942466.0,derived_ohlc4
HOSE_MCH,MCH,2021-09-06 09:00:00,768,15,60.27,60.27,57.12,57.12,34010.0,1996216.95,derived_ohlc4
HOSE_MCH,MCH,2021-09-07 09:00:00,769,15,57.17,58.45,57.12,58.36,7607.0,439494.42500000005,derived_ohlc4
HOSE_MCH,MCH,2021-09-08 09:00:00,770,15,58.31,58.31,57.17,57.58,5800.0,335486.5,derived_ohlc4
HOSE_MCH,MCH,2021-09-09 09:00:00,771,15,58.31,58.31,56.76,57.35,3000.0,173047.5,derived_ohlc4
HOSE_MCH,MCH,2021-09-10 09:00:00,772,15,57.4,57.53,56.66,57.35,11574.0,662437.89,derived_ohlc4
HOSE_MCH,MCH,2021-09-13 09:00:00,773,15,56.48,59.04,56.48,57.99,1100.0,63247.25,derived_ohlc4
HOSE_MCH,MCH,2021-09-14 09:00:00,774,15,57.81,58.04,57.12,57.17,7600.0,437266.0,derived_ohlc4
HOSE_MCH,MCH,2021-09-15 09:00:00,775,15,57.58,57.58,57.35,57.58,14004.0,805545.09,derived_ohlc4
HOSE_MCH,MCH,2021-09-16 09:00:00,776,15,58.36,58.36,57.12,57.12,9000.0,519660.0,derived_ohlc4
HOSE_MCH,MCH,2021-09-17 09:00:00,777,15,57.94,57.94,57.12,57.12,12660.0,728329.8,derived_ohlc4
HOSE_MCH,MCH,2021-09-20 09:00:00,778,15,58.04,58.04,56.66,57.12,5520.0,317206.80000000005,derived_ohlc4
HOSE_MCH,MCH,2021-09-21 09:00:00,779,15,54.97,57.08,54.93,56.44,5200.0,290446.0,derived_ohlc4
HOSE_MCH,MCH,2021-09-22 09:00:00,780,15,56.66,57.12,56.21,56.44,4532.0,256545.19,derived_ohlc4
HOSE_MCH,MCH,2021-09-23 09:00:00,781,15,56.21,56.44,56.21,56.39,4502.0,253518.875,derived_ohlc4
HOSE_MCH,MCH,2021-09-24 09:00:00,782,15,57.35,57.35,56.66,57.03,8500.0,485328.75000000006,derived_ohlc4
HOSE_MCH,MCH,2021-09-27 09:00:00,783,15,57.81,57.81,56.44,56.44,2803.0,160121.375,derived_ohlc4
HOSE_MCH,MCH,2021-09-28 09:00:00,784,15,57.12,57.12,56.66,56.8,2100.0,119542.5,derived_ohlc4
HOSE_MCH,MCH,2021-09-29 09:00:00,785,15,56.21,56.94,55.34,56.44,4042.0,227291.765,derived_ohlc4
HOSE_MCH,MCH,2021-09-30 09:00:00,786,15,57.03,57.03,55.34,56.62,4600.0,259923.0,derived_ohlc4
HOSE_MCH,MCH,2021-10-01 09:00:00,787,15,56.12,56.12,55.75,55.75,3082.0,172391.67,derived_ohlc4
HOSE_MCH,MCH,2021-10-04 09:00:00,788,15,55.84,55.93,55.84,55.93,3507.0,195988.695,derived_ohlc4
HOSE_MCH,MCH,2021-10-05 09:00:00,789,15,55.89,56.25,55.66,56.25,6500.0,364081.25,derived_ohlc4
HOSE_MCH,MCH,2021-10-06 09:00:00,790,15,55.84,56.34,55.75,55.8,6401.0,358023.93250000005,derived_ohlc4
HOSE_MCH,MCH,2021-10-07 09:00:00,791,15,57.03,63.88,55.89,55.89,9149.0,532220.2025,derived_ohlc4
HOSE_MCH,MCH,2021-10-08 09:00:00,792,15,56.85,57.35,56.57,57.35,13318.0,759525.54,derived_ohlc4
HOSE_MCH,MCH,2021-10-11 09:00:00,793,15,57.44,57.44,55.8,56.98,8778.0,499599.87,derived_ohlc4
HOSE_MCH,MCH,2021-10-12 09:00:00,794,15,55.89,57.35,55.75,57.12,9909.0,560130.9975,derived_ohlc4
HOSE_MCH,MCH,2021-10-13 09:00:00,795,15,56.12,56.12,55.75,55.75,5489.0,307027.215,derived_ohlc4
HOSE_MCH,MCH,2021-10-14 09:00:00,796,15,55.75,55.98,55.75,55.75,4524.0,252473.12999999998,derived_ohlc4
HOSE_MCH,MCH,2021-10-15 09:00:00,797,15,55.75,55.75,55.29,55.29,2100.0,116591.99999999999,derived_ohlc4
HOSE_MCH,MCH,2021-10-18 09:00:00,798,15,55.52,55.52,55.52,55.52,4200.0,233184.0,derived_ohlc4
HOSE_MCH,MCH,2021-10-19 09:00:00,799,15,55.52,56.44,55.52,56.12,2706.0,151265.40000000002,derived_ohlc4
HOSE_MCH,MCH,2021-10-20 09:00:00,800,15,57.08,57.08,55.7,55.75,1811.0,102144.9275,derived_ohlc4
HOSE_MCH,MCH,2021-10-21 09:00:00,801,15,55.93,55.93,53.47,55.25,4702.0,259291.78999999998,derived_ohlc4
HOSE_MCH,MCH,2021-10-22 09:00:00,802,15,56.76,56.76,55.34,55.34,620.0,34751.0,derived_ohlc4
HOSE_MCH,MCH,2021-10-25 09:00:00,803,15,55.29,56.53,55.29,56.21,1442.0,80506.86,derived_ohlc4
HOSE_MCH,MCH,2021-10-26 09:00:00,804,15,56.66,56.66,54.84,56.21,2400.0,134622.0,derived_ohlc4
HOSE_MCH,MCH,2021-10-27 09:00:00,805,15,56.21,56.21,55.75,55.75,3200.0,179136.0,derived_ohlc4
HOSE_MCH,MCH,2021-10-28 09:00:00,806,15,55.84,56.44,55.75,56.44,13700.0,768809.75,derived_ohlc4
HOSE_MCH,MCH,2021-10-29 09:00:00,807,15,56.66,57.08,55.84,56.85,6030.0,341343.225,derived_ohlc4
HOSE_MCH,MCH,2021-11-01 09:00:00,808,15,57.3,57.3,55.57,55.7,16701.0,943063.7175,derived_ohlc4
HOSE_MCH,MCH,2021-11-02 09:00:00,809,15,57.21,57.21,55.57,55.75,11282.0,636699.67,derived_ohlc4
HOSE_MCH,MCH,2021-11-03 09:00:00,810,15,55.75,55.98,55.34,55.34,16814.0,934900.4349999999,derived_ohlc4
HOSE_MCH,MCH,2021-11-04 09:00:00,811,15,55.52,55.75,55.29,55.75,6400.0,355696.0,derived_ohlc4
HOSE_MCH,MCH,2021-11-05 09:00:00,812,15,55.75,55.75,55.52,55.66,5213.0,290207.71,derived_ohlc4
HOSE_MCH,MCH,2021-11-08 09:00:00,813,15,55.29,55.98,55.29,55.98,45451.0,2528666.385,derived_ohlc4
HOSE_MCH,MCH,2021-11-09 09:00:00,814,15,55.98,56.44,55.98,56.21,46900.0,2633552.25,derived_ohlc4
HOSE_MCH,MCH,2021-11-10 09:00:00,815,15,56.62,56.66,55.89,55.93,2613.0,147046.575,derived_ohlc4
HOSE_MCH,MCH,2021-11-11 09:00:00,816,15,55.34,56.07,55.29,55.29,4374.0,242746.06499999997,derived_ohlc4
HOSE_MCH,MCH,2021-11-12 09:00:00,817,15,55.11,55.66,54.84,55.66,5936.0,328364.68,derived_ohlc4
HOSE_MCH,MCH,2021-11-15 09:00:00,818,15,54.84,55.75,54.84,55.48,16424.0,907056.46,derived_ohlc4
HOSE_MCH,MCH,2021-11-16 09:00:00,819,15,55.29,55.29,54.29,54.33,10225.0,560330.0,derived_ohlc4
HOSE_MCH,MCH,2021-11-17 09:00:00,820,15,55.29,55.29,53.92,54.15,9436.0,515795.35000000003,derived_ohlc4
HOSE_MCH,MCH,2021-11-18 09:00:00,821,15,54.15,54.84,53.92,53.92,3124.0,169344.23000000004,derived_ohlc4
HOSE_MCH,MCH,2021-11-19 09:00:00,822,15,54.15,54.15,53.24,53.24,11291.0,606270.245,derived_ohlc4
HOSE_MCH,MCH,2021-11-22 09:00:00,823,15,53.92,53.92,51.78,51.87,10802.0,571128.745,derived_ohlc4
HOSE_MCH,MCH,2021-11-23 09:00:00,824,15,51.87,54.33,51.32,54.29,11900.0,630134.7499999999,derived_ohlc4
HOSE_MCH,MCH,2021-11-24 09:00:00,825,15,54.15,54.15,53.01,53.01,6310.0,338089.8,derived_ohlc4
HOSE_MCH,MCH,2021-11-25 09:00:00,826,15,54.15,54.15,53.47,53.88,4200.0,226432.49999999997,derived_ohlc4
HOSE_MCH,MCH,2021-11-26 09:00:00,827,15,53.01,53.56,53.01,53.56,503.0,26802.355,derived_ohlc4
HOSE_MCH,MCH,2021-11-29 09:00:00,828,15,53.6,60.78,53.56,53.92,32202.0,1786083.9300000002,derived_ohlc4
HOSE_MCH,MCH,2021-11-30 09:00:00,829,15,55.7,55.7,53.05,53.88,18077.0,986687.8524999999,derived_ohlc4
HOSE_MCH,MCH,2021-12-01 09:00:00,830,15,54.79,54.79,53.47,53.69,5167.0,279973.895,derived_ohlc4
HOSE_MCH,MCH,2021-12-02 09:00:00,831,15,52.55,54.84,52.28,52.55,22889.0,1214375.8950000003,derived_ohlc4
HOSE_MCH,MCH,2021-12-03 09:00:00,832,15,54.79,54.79,51.64,52.55,6900.0,368753.24999999994,derived_ohlc4
HOSE_MCH,MCH,2021-12-06 09:00:00,833,15,54.74,54.74,51.41,53.42,10300.0,551848.25,derived_ohlc4
HOSE_MCH,MCH,2021-12-07 09:00:00,834,15,52.69,53.42,51.64,51.64,4200.0,219859.5,derived_ohlc4
HOSE_MCH,MCH,2021-12-08 09:00:00,835,15,51.64,52.55,51.64,52.55,4400.0,229218.0,derived_ohlc4
HOSE_MCH,MCH,2021-12-09 09:00:00,836,15,53.24,53.24,51.64,52.46,9100.0,479069.5,derived_ohlc4
HOSE_MCH,MCH,2021-12-10 09:00:00,837,15,52.32,52.32,51.68,51.68,3301.0,171652.0,derived_ohlc4
HOSE_MCH,MCH,2021-12-13 09:00:00,838,15,51.68,52.1,51.64,51.68,7900.0,409022.50000000006,derived_ohlc4
HOSE_MCH,MCH,2021-12-14 09:00:00,839,15,51.68,52.78,51.64,51.64,3400.0,176579.0,derived_ohlc4
HOSE_MCH,MCH,2021-12-15 09:00:00,840,15,51.73,52.32,51.73,52.32,800.0,41620.0,derived_ohlc4
HOSE_MCH,MCH,2021-12-16 09:00:00,841,15,52.1,52.1,51.64,51.64,4812.0,249598.44000000003,derived_ohlc4
HOSE_MCH,MCH,2021-12-17 09:00:00,842,15,52.1,52.1,51.41,51.78,3201.0,165963.8475,derived_ohlc4
HOSE_MCH,MCH,2021-12-20 09:00:00,843,15,51.64,51.78,51.41,51.78,5401.0,278975.15249999997,derived_ohlc4
HOSE_MCH,MCH,2021-12-21 09:00:00,844,15,51.59,53.24,51.55,52.92,26600.0,1391845.0,derived_ohlc4
HOSE_MCH,MCH,2021-12-22 09:00:00,845,15,52.1,52.55,52.1,52.55,500.0,26162.5,derived_ohlc4
HOSE_MCH,MCH,2021-12-23 09:00:00,846,15,53.83,53.83,51.64,52.1,3300.0,174405.0,derived_ohlc4
HOSE_MCH,MCH,2021-12-24 09:00:00,847,15,51.64,52.46,51.55,52.05,5900.0,306357.5,derived_ohlc4
HOSE_MCH,MCH,2021-12-27 09:00:00,848,15,52.55,52.55,52.05,52.1,4500.0,235406.24999999997,derived_ohlc4
HOSE_MCH,MCH,2021-12-28 09:00:00,849,15,52.55,54.79,51.41,51.46,6284.0,330239.91000000003,derived_ohlc4
HOSE_MCH,MCH,2021-12-29 09:00:00,850,15,52.0,54.38,51.78,52.1,10201.0,536215.565,derived_ohlc4
HOSE_MCH,MCH,2021-12-30 09:00:00,851,15,54.29,54.33,51.59,51.59,4508.0,238698.6,derived_ohlc4
HOSE_MCH,MCH,2021-12-31 09:00:00,852,15,52.1,53.47,52.1,53.24,21601.0,1138966.7275,derived_ohlc4
HOSE_MCH,MCH,2022-01-04 09:00:00,853,15,53.24,53.78,53.15,53.78,31601.0,1690258.4875,derived_ohlc4
HOSE_MCH,MCH,2022-01-05 09:00:00,854,15,53.92,54.84,53.47,54.84,23599.0,1280658.7325000002,derived_ohlc4
HOSE_MCH,MCH,2022-01-06 09:00:00,855,15,54.33,54.79,53.24,53.47,1400.0,75540.5,derived_ohlc4
HOSE_MCH,MCH,2022-01-07 09:00:00,856,15,53.56,53.56,53.47,53.56,1100.0,58891.25,derived_ohlc4
HOSE_MCH,MCH,2022-01-10 09:00:00,857,15,53.56,53.56,52.55,52.55,3602.0,191104.11000000002,derived_ohlc4
HOSE_MCH,MCH,2022-01-11 09:00:00,858,15,53.01,53.01,51.59,51.64,15412.0,806240.25,derived_ohlc4
HOSE_MCH,MCH,2022-01-12 09:00:00,859,15,53.6,53.6,52.42,52.51,1600.0,84852.0,derived_ohlc4
HOSE_MCH,MCH,2022-01-13 09:00:00,860,15,51.64,53.01,51.64,52.83,4900.0,256172.0,derived_ohlc4
HOSE_MCH,MCH,2022-01-14 09:00:00,861,15,51.64,51.64,51.55,51.64,5800.0,299381.49999999994,derived_ohlc4
HOSE_MCH,MCH,2022-01-17 09:00:00,862,15,52.55,52.55,51.36,51.36,2900.0,150669.5,derived_ohlc4
HOSE_MCH,MCH,2022-01-18 09:00:00,863,15,51.41,52.1,51.41,51.64,2900.0,149756.0,derived_ohlc4
HOSE_MCH,MCH,2022-01-19 09:00:00,864,15,51.64,51.64,51.41,51.64,4962.0,255952.365,derived_ohlc4
HOSE_MCH,MCH,2022-01-20 09:00:00,865,15,51.64,51.96,51.59,51.87,6100.0,315766.5,derived_ohlc4
HOSE_MCH,MCH,2022-01-21 09:00:00,866,15,51.87,51.87,51.68,51.87,6610.0,342546.725,derived_ohlc4
HOSE_MCH,MCH,2022-01-24 09:00:00,867,15,51.64,51.82,50.27,51.18,10600.0,543011.5000000001,derived_ohlc4
HOSE_MCH,MCH,2022-01-25 09:00:00,868,15,51.41,51.41,50.5,50.63,13700.0,698528.75,derived_ohlc4
HOSE_MCH,MCH,2022-01-26 09:00:00,869,15,50.91,50.91,50.27,50.27,19600.0,991564.0000000001,derived_ohlc4
HOSE_MCH,MCH,2022-01-27 09:00:00,870,15,50.54,50.54,49.81,50.22,12600.0,633496.5,derived_ohlc4
HOSE_MCH,MCH,2022-01-28 09:00:00,871,15,50.36,50.95,50.27,50.31,19328.0,975532.4800000001,derived_ohlc4
HOSE_MCH,MCH,2022-02-07 09:00:00,872,15,54.61,54.61,50.77,50.77,11600.0,611204.0,derived_ohlc4
HOSE_MCH,MCH,2022-02-08 09:00:00,873,15,50.27,54.7,50.27,53.47,18000.0,939195.0,derived_ohlc4
HOSE_MCH,MCH,2022-02-09 09:00:00,874,15,52.92,52.92,51.09,52.55,15930.0,834254.1000000001,derived_ohlc4
HOSE_MCH,MCH,2022-02-10 09:00:00,875,15,51.78,52.1,51.09,52.1,23002.0,1190756.035,derived_ohlc4
HOSE_MCH,MCH,2022-02-11 09:00:00,876,15,53.37,53.37,51.18,51.18,4205.0,219816.375,derived_ohlc4
HOSE_MCH,MCH,2022-02-14 09:00:00,877,15,51.18,51.36,51.04,51.36,3100.0,158828.5,derived_ohlc4
HOSE_MCH,MCH,2022-02-15 09:00:00,878,15,52.51,52.51,50.27,50.27,20000.0,1027800.0,derived_ohlc4
HOSE_MCH,MCH,2022-02-16 09:00:00,879,15,52.0,52.1,50.82,52.05,9500.0,491553.74999999994,derived_ohlc4
HOSE_MCH,MCH,2022-02-17 09:00:00,880,15,52.73,52.73,50.82,51.87,5300.0,275798.75,derived_ohlc4
HOSE_MCH,MCH,2022-02-18 09:00:00,881,15,51.18,52.0,51.18,52.0,2600.0,134134.0,derived_ohlc4
HOSE_MCH,MCH,2022-02-21 09:00:00,882,15,52.1,52.1,51.18,51.18,5900.0,304676.0,derived_ohlc4
HOSE_MCH,MCH,2022-02-22 09:00:00,883,15,51.23,51.23,50.36,51.18,3500.0,178500.0,derived_ohlc4
HOSE_MCH,MCH,2022-02-23 09:00:00,884,15,50.91,50.91,50.82,50.86,900.0,45787.5,derived_ohlc4
HOSE_MCH,MCH,2022-02-24 09:00:00,885,15,51.0,51.41,50.27,51.41,8900.0,454100.25,derived_ohlc4
HOSE_MCH,MCH,2022-02-25 09:00:00,886,15,51.59,51.59,51.09,51.18,3200.0,164360.0,derived_ohlc4
HOSE_MCH,MCH,2022-02-28 09:00:00,887,15,52.1,52.1,50.63,51.23,2800.0,144242.0,derived_ohlc4
HOSE_MCH,MCH,2022-03-01 09:00:00,888,15,51.18,51.18,51.09,51.09,1262.0,64532.369999999995,derived_ohlc4
HOSE_MCH,MCH,2022-03-02 09:00:00,889,15,51.0,51.18,50.27,50.45,9500.0,481887.50000000006,derived_ohlc4
HOSE_MCH,MCH,2022-03-03 09:00:00,890,15,51.09,51.09,50.82,50.86,2600.0,132509.0,derived_ohlc4
HOSE_MCH,MCH,2022-03-04 09:00:00,891,15,50.95,50.95,50.82,50.82,10700.0,544469.5,derived_ohlc4
HOSE_MCH,MCH,2022-03-07 09:00:00,892,15,50.5,50.95,50.5,50.91,9100.0,461506.49999999994,derived_ohlc4
HOSE_MCH,MCH,2022-03-08 09:00:00,893,15,50.54,50.86,50.04,50.04,12926.0,651082.62,derived_ohlc4
HOSE_MCH,MCH,2022-03-09 09:00:00,894,15,50.04,50.72,49.81,50.27,9602.0,482116.42,derived_ohlc4
HOSE_MCH,MCH,2022-03-10 09:00:00,895,15,50.27,50.72,50.18,50.72,10579.0,533948.5775,derived_ohlc4
HOSE_MCH,MCH,2022-03-11 09:00:00,896,15,50.72,52.1,50.27,50.72,6702.0,341483.655,derived_ohlc4
HOSE_MCH,MCH,2022-03-14 09:00:00,897,15,50.5,50.72,49.63,50.68,7410.0,373334.325,derived_ohlc4
HOSE_MCH,MCH,2022-03-15 09:00:00,898,15,49.81,50.27,49.63,50.18,1748.0,87351.93000000001,derived_ohlc4
HOSE_MCH,MCH,2022-03-16 09:00:00,899,15,49.9,50.13,49.63,50.13,11205.0,559661.7374999999,derived_ohlc4
HOSE_MCH,MCH,2022-03-17 09:00:00,900,15,50.04,50.04,49.81,49.81,2300.0,114827.5,derived_ohlc4
HOSE_MCH,MCH,2022-03-18 09:00:00,901,15,50.27,50.27,49.81,50.27,4400.0,220682.00000000003,derived_ohlc4
HOSE_MCH,MCH,2022-03-21 09:00:00,902,15,50.72,50.72,49.86,49.86,1800.0,90522.00000000001,derived_ohlc4
HOSE_MCH,MCH,2022-03-22 09:00:00,903,15,50.72,50.72,49.81,50.27,17500.0,881650.0,derived_ohlc4
HOSE_MCH,MCH,2022-03-23 09:00:00,904,15,50.08,53.47,50.08,53.47,101400.0,5249985.0,derived_ohlc4
HOSE_MCH,MCH,2022-03-24 09:00:00,905,15,53.47,53.47,51.04,52.46,17569.0,924305.09,derived_ohlc4
HOSE_MCH,MCH,2022-03-25 09:00:00,906,15,51.18,51.18,51.18,51.18,3109.0,159118.62,derived_ohlc4
HOSE_MCH,MCH,2022-03-28 09:00:00,907,15,51.23,51.23,51.04,51.18,10300.0,527051.0,derived_ohlc4
HOSE_MCH,MCH,2022-03-29 09:00:00,908,15,51.18,52.51,50.72,51.68,32630.0,1681179.175,derived_ohlc4
HOSE_MCH,MCH,2022-03-30 09:00:00,909,15,52.55,53.47,51.64,51.87,12400.0,649543.0,derived_ohlc4
HOSE_MCH,MCH,2022-03-31 09:00:00,910,15,52.0,52.96,50.72,52.87,6600.0,344107.5,derived_ohlc4
HOSE_MCH,MCH,2022-04-01 09:00:00,911,15,50.77,52.55,50.77,52.51,3912.0,202054.8,derived_ohlc4
HOSE_MCH,MCH,2022-04-04 09:00:00,912,15,52.42,52.55,51.87,52.55,76140.0,3985738.65,derived_ohlc4
HOSE_MCH,MCH,2022-04-05 09:00:00,913,15,52.51,52.92,51.87,52.73,68200.0,3581011.5,derived_ohlc4
HOSE_MCH,MCH,2022-04-06 09:00:00,914,15,53.01,53.01,51.18,52.46,1800.0,94347.0,derived_ohlc4
HOSE_MCH,MCH,2022-04-07 09:00:00,915,15,51.91,52.1,51.64,52.1,11040.0,573389.9999999999,derived_ohlc4
HOSE_MCH,MCH,2022-04-08 09:00:00,916,15,52.1,52.1,51.23,51.27,3700.0,191197.50000000003,derived_ohlc4
HOSE_MCH,MCH,2022-04-12 09:00:00,917,15,51.27,51.64,50.82,51.32,11535.0,591312.9375,derived_ohlc4
HOSE_MCH,MCH,2022-04-13 09:00:00,918,15,52.05,52.05,51.18,51.18,11954.0,617005.7100000001,derived_ohlc4
HOSE_MCH,MCH,2022-04-14 09:00:00,919,15,51.64,52.1,51.18,52.05,6100.0,315629.25000000006,derived_ohlc4
HOSE_MCH,MCH,2022-04-15 09:00:00,920,15,52.1,52.14,51.18,51.18,6000.0,309900.00000000006,derived_ohlc4
HOSE_MCH,MCH,2022-04-18 09:00:00,921,15,52.1,52.96,51.64,51.64,12400.0,645853.9999999999,derived_ohlc4
HOSE_MCH,MCH,2022-04-19 09:00:00,922,15,51.91,54.74,51.64,51.68,4000.0,209970.00000000003,derived_ohlc4
HOSE_MCH,MCH,2022-04-20 09:00:00,923,15,53.92,53.92,50.72,50.72,62407.0,3265134.24,derived_ohlc4
HOSE_MCH,MCH,2022-04-21 09:00:00,924,15,52.51,52.51,50.5,50.95,84712.0,4372621.659999999,derived_ohlc4
HOSE_MCH,MCH,2022-04-22 09:00:00,925,15,52.1,52.1,50.27,50.72,64527.0,3310073.7824999997,derived_ohlc4
HOSE_MCH,MCH,2022-04-25 09:00:00,926,15,52.0,52.0,48.9,50.72,33400.0,1700227.0,derived_ohlc4
HOSE_MCH,MCH,2022-04-26 09:00:00,927,15,48.44,50.18,48.39,50.18,1702.0,83904.345,derived_ohlc4
HOSE_MCH,MCH,2022-04-27 09:00:00,928,15,51.09,51.09,48.44,48.44,1801.0,89626.765,derived_ohlc4
HOSE_MCH,MCH,2022-04-28 09:00:00,929,15,51.09,51.09,48.76,50.04,3000.0,150735.0,derived_ohlc4
HOSE_MCH,MCH,2022-04-29 09:00:00,930,15,50.95,50.95,49.17,50.04,2445.0,122928.48749999999,derived_ohlc4
HOSE_MCH,MCH,2022-05-04 09:00:00,931,15,50.27,50.27,49.72,49.81,6200.0,310108.5,derived_ohlc4
HOSE_MCH,MCH,2022-05-05 09:00:00,932,15,50.27,50.27,49.35,49.35,1700.0,84677.0,derived_ohlc4
HOSE_MCH,MCH,2022-05-06 09:00:00,933,15,49.35,50.5,47.62,49.35,3201.0,157505.205,derived_ohlc4
HOSE_MCH,MCH,2022-05-09 09:00:00,934,15,49.35,49.35,49.26,49.26,400.0,19722.0,derived_ohlc4
HOSE_MCH,MCH,2022-05-10 09:00:00,935,15,48.85,48.85,48.21,48.21,1400.0,67942.0,derived_ohlc4
HOSE_MCH,MCH,2022-05-11 09:00:00,936,15,48.9,50.95,48.9,49.35,15500.0,767637.5,derived_ohlc4
HOSE_MCH,MCH,2022-05-12 09:00:00,937,15,50.91,50.91,49.35,50.22,600.0,30208.499999999996,derived_ohlc4
HOSE_MCH,MCH,2022-05-13 09:00:00,938,15,45.7,47.98,45.7,47.94,2200.0,103026.0,derived_ohlc4
HOSE_MCH,MCH,2022-05-16 09:00:00,939,15,47.98,49.35,46.61,46.61,3700.0,176258.75,derived_ohlc4
HOSE_MCH,MCH,2022-05-17 09:00:00,940,15,48.9,48.9,46.15,47.52,3200.0,153176.0,derived_ohlc4
HOSE_MCH,MCH,2022-05-18 09:00:00,941,15,47.07,47.98,46.15,46.84,2000.0,94020.0,derived_ohlc4
HOSE_MCH,MCH,2022-05-19 09:00:00,942,15,47.94,47.94,46.61,46.84,900.0,42599.25,derived_ohlc4
HOSE_MCH,MCH,2022-05-20 09:00:00,943,15,47.94,47.98,46.93,46.93,1713.0,81273.285,derived_ohlc4
HOSE_MCH,MCH,2022-05-23 09:00:00,944,15,47.52,47.52,46.61,47.3,2400.0,113370.0,derived_ohlc4
HOSE_MCH,MCH,2022-05-24 09:00:00,945,15,47.94,47.94,46.15,46.29,1617.0,76128.36,derived_ohlc4
HOSE_MCH,MCH,2022-05-25 09:00:00,946,15,47.94,47.94,46.15,46.29,1300.0,61204.0,derived_ohlc4
HOSE_MCH,MCH,2022-05-26 09:00:00,947,15,47.94,52.1,46.66,46.84,900.0,43546.5,derived_ohlc4
HOSE_MCH,MCH,2022-05-27 09:00:00,948,15,47.3,47.3,46.15,46.84,12408.0,581904.18,derived_ohlc4
HOSE_MCH,MCH,2022-05-30 09:00:00,949,15,46.61,46.84,45.74,45.93,5600.0,259168.0,derived_ohlc4
HOSE_MCH,MCH,2022-05-31 09:00:00,950,15,47.02,51.64,45.83,47.02,4700.0,225024.25000000003,derived_ohlc4
HOSE_MCH,MCH,2022-06-01 09:00:00,951,15,45.83,46.15,45.7,46.11,8600.0,395148.50000000006,derived_ohlc4
HOSE_MCH,MCH,2022-06-02 09:00:00,952,15,47.07,47.07,45.7,45.7,10700.0,496319.50000000006,derived_ohlc4
HOSE_MCH,MCH,2022-06-03 09:00:00,953,15,45.7,45.7,45.7,45.7,4000.0,182800.0,derived_ohlc4
HOSE_MCH,MCH,2022-06-06 09:00:00,954,15,45.7,45.7,45.24,45.7,6200.0,282627.00000000006,derived_ohlc4
HOSE_MCH,MCH,2022-06-07 09:00:00,955,15,45.24,45.7,44.28,45.24,6002.0,270780.23000000004,derived_ohlc4
HOSE_MCH,MCH,2022-06-08 09:00:00,956,15,46.15,46.2,46.15,46.15,25200.0,1163295.0,derived_ohlc4
HOSE_MCH,MCH,2022-06-09 09:00:00,957,15,46.56,46.56,45.7,45.7,1700.0,78420.99999999999,derived_ohlc4
HOSE_MCH,MCH,2022-06-10 09:00:00,958,15,45.7,46.24,45.7,45.7,1500.0,68752.49999999999,derived_ohlc4
HOSE_MCH,MCH,2022-06-13 09:00:00,959,15,45.7,45.7,45.01,45.01,7400.0,335627.0,derived_ohlc4
HOSE_MCH,MCH,2022-06-14 09:00:00,960,15,45.24,46.61,45.24,45.24,26100.0,1189703.25,derived_ohlc4
HOSE_MCH,MCH,2022-06-15 09:00:00,961,15,49.76,49.76,44.33,45.24,3400.0,160726.5,derived_ohlc4
HOSE_MCH,MCH,2022-06-16 09:00:00,962,15,45.1,46.61,45.1,45.65,25200.0,1149498.0,derived_ohlc4
HOSE_MCH,MCH,2022-06-17 09:00:00,963,15,45.65,45.65,44.33,44.78,1200.0,54123.0,derived_ohlc4
HOSE_MCH,MCH,2022-06-20 09:00:00,964,15,45.7,46.15,44.1,45.06,1800.0,81454.5,derived_ohlc4
HOSE_MCH,MCH,2022-06-21 09:00:00,965,15,44.42,45.65,44.37,45.1,5400.0,242379.0,derived_ohlc4
HOSE_MCH,MCH,2022-06-22 09:00:00,966,15,44.78,44.78,44.56,44.56,28000.0,1250760.0,derived_ohlc4
HOSE_MCH,MCH,2022-06-23 09:00:00,967,15,43.46,44.33,43.41,44.33,1410.0,61874.32499999999,derived_ohlc4
HOSE_MCH,MCH,2022-06-24 09:00:00,968,15,43.46,44.74,41.13,44.74,3200.0,139256.00000000003,derived_ohlc4
HOSE_MCH,MCH,2022-06-27 09:00:00,969,15,47.89,47.89,43.5,44.78,9300.0,427939.5,derived_ohlc4
HOSE_MCH,MCH,2022-06-28 09:00:00,970,15,47.02,47.02,44.33,44.42,5800.0,265045.50000000006,derived_ohlc4
HOSE_MCH,MCH,2022-06-29 09:00:00,971,15,44.78,44.78,44.56,44.56,10350.0,462334.5,derived_ohlc4
HOSE_MCH,MCH,2022-06-30 09:00:00,972,15,44.33,44.56,44.33,44.56,4400.0,195558.0,derived_ohlc4
HOSE_MCH,MCH,2022-07-01 09:00:00,973,15,43.41,43.41,43.41,43.41,600.0,26045.999999999996,derived_ohlc4
HOSE_MCH,MCH,2022-07-04 09:00:00,974,15,43.41,43.87,43.41,43.64,3100.0,135105.75,derived_ohlc4
HOSE_MCH,MCH,2022-07-05 09:00:00,975,15,43.55,43.55,43.41,43.41,2400.0,104351.99999999999,derived_ohlc4
HOSE_MCH,MCH,2022-07-06 09:00:00,976,15,43.41,43.41,42.73,43.23,600.0,25916.999999999996,derived_ohlc4
HOSE_MCH,MCH,2022-07-07 09:00:00,977,15,43.41,43.41,42.5,43.05,719.0,30983.5075,derived_ohlc4
HOSE_MCH,MCH,2022-07-08 09:00:00,978,15,43.05,43.37,42.5,42.5,11900.0,509974.49999999994,derived_ohlc4
HOSE_MCH,MCH,2022-07-11 09:00:00,979,15,42.96,43.14,42.32,42.5,26131.0,1116577.63,derived_ohlc4
HOSE_MCH,MCH,2022-07-12 09:00:00,980,15,42.5,42.5,42.27,42.27,3600.0,152586.00000000003,derived_ohlc4
HOSE_MCH,MCH,2022-07-13 09:00:00,981,15,42.5,42.54,42.27,42.27,3600.0,152622.0,derived_ohlc4
HOSE_MCH,MCH,2022-07-14 09:00:00,982,15,42.04,42.04,38.61,38.61,32100.0,1294432.5,derived_ohlc4
HOSE_MCH,MCH,2022-07-15 09:00:00,983,15,41.13,41.22,38.84,39.39,15800.0,634290.9999999999,derived_ohlc4
HOSE_MCH,MCH,2022-07-18 09:00:00,984,15,38.84,39.3,38.84,39.16,6500.0,253727.49999999997,derived_ohlc4
HOSE_MCH,MCH,2022-07-19 09:00:00,985,15,39.25,40.62,39.25,40.58,4000.0,159700.0,derived_ohlc4
HOSE_MCH,MCH,2022-07-20 09:00:00,986,15,40.21,41.13,40.21,41.04,5810.0,236161.975,derived_ohlc4
HOSE_MCH,MCH,2022-07-21 09:00:00,987,15,41.13,42.18,40.99,42.18,22700.0,944774.0000000001,derived_ohlc4
HOSE_MCH,MCH,2022-07-22 09:00:00,988,15,42.13,43.37,41.58,42.04,4600.0,194488.0,derived_ohlc4
HOSE_MCH,MCH,2022-07-25 09:00:00,989,15,43.5,43.5,41.13,41.13,17905.0,757650.075,derived_ohlc4
HOSE_MCH,MCH,2022-07-26 09:00:00,990,15,42.22,43.41,41.13,43.18,13500.0,573547.5,derived_ohlc4
HOSE_MCH,MCH,2022-07-27 09:00:00,991,15,43.37,43.41,41.58,43.23,2006.0,86052.385,derived_ohlc4
HOSE_MCH,MCH,2022-07-28 09:00:00,992,15,42.27,42.96,42.04,42.04,3900.0,165077.25,derived_ohlc4
HOSE_MCH,MCH,2022-07-29 09:00:00,993,15,43.18,43.18,40.72,42.96,5900.0,250809.0,derived_ohlc4
HOSE_MCH,MCH,2022-08-01 09:00:00,994,15,43.37,43.37,41.17,42.45,8100.0,344979.0,derived_ohlc4
HOSE_MCH,MCH,2022-08-02 09:00:00,995,15,42.45,43.37,42.27,43.37,36800.0,1577432.0,derived_ohlc4
HOSE_MCH,MCH,2022-08-03 09:00:00,996,15,42.96,45.19,42.96,43.0,7900.0,343867.25,derived_ohlc4
HOSE_MCH,MCH,2022-08-04 09:00:00,997,15,43.5,44.78,43.0,43.87,9000.0,394087.5,derived_ohlc4
HOSE_MCH,MCH,2022-08-05 09:00:00,998,15,44.69,44.69,43.46,44.65,1900.0,84307.75,derived_ohlc4
HOSE_MCH,MCH,2022-08-08 09:00:00,999,15,43.46,48.21,43.41,48.21,53200.0,2437757.0,derived_ohlc4
HOSE_MCH,MCH,2022-08-09 09:00:00,1000,15,45.24,47.48,45.24,47.48,28205.0,1307583.8,derived_ohlc4
HOSE_MCH,MCH,2022-08-10 09:00:00,1001,15,44.65,47.94,44.65,46.61,23300.0,1070926.2500000002,derived_ohlc4
HOSE_MCH,MCH,2022-08-11 09:00:00,1002,15,44.83,47.52,44.83,47.52,11100.0,512542.50000000006,derived_ohlc4
HOSE_MCH,MCH,2022-08-12 09:00:00,1003,15,47.07,47.3,47.07,47.3,1402.0,66153.37000000001,derived_ohlc4
HOSE_MCH,MCH,2022-08-15 09:00:00,1004,15,47.07,47.07,44.88,45.7,1300.0,60034.00000000001,derived_ohlc4
HOSE_MCH,MCH,2022-08-16 09:00:00,1005,15,45.74,46.61,45.7,45.74,2500.0,114868.75000000001,derived_ohlc4
HOSE_MCH,MCH,2022-08-17 09:00:00,1006,15,46.61,46.61,45.74,45.74,2000.0,92350.00000000001,derived_ohlc4
HOSE_MCH,MCH,2022-08-18 09:00:00,1007,15,45.74,45.74,45.7,45.7,3302.0,150967.44,derived_ohlc4
HOSE_MCH,MCH,2022-08-19 09:00:00,1008,15,46.61,46.61,45.51,46.15,4300.0,198746.0,derived_ohlc4
HOSE_MCH,MCH,2022-08-22 09:00:00,1009,15,46.29,46.29,45.24,45.24,3800.0,173907.0,derived_ohlc4
HOSE_MCH,MCH,2022-08-23 09:00:00,1010,15,44.65,44.78,44.33,44.78,2000.0,89270.0,derived_ohlc4
HOSE_MCH,MCH,2022-08-24 09:00:00,1011,15,44.56,45.42,44.56,45.01,2200.0,98752.5,derived_ohlc4
HOSE_MCH,MCH,2022-08-25 09:00:00,1012,15,47.2,47.2,44.56,44.56,14300.0,656084.0,derived_ohlc4
HOSE_MCH,MCH,2022-08-26 09:00:00,1013,15,44.42,44.42,43.41,43.46,17548.0,770839.77,derived_ohlc4
HOSE_MCH,MCH,2022-08-29 09:00:00,1014,15,43.96,44.78,43.41,44.78,5163.0,228372.39750000002,derived_ohlc4
HOSE_MCH,MCH,2022-08-30 09:00:00,1015,15,45.7,45.7,44.78,45.7,25600.0,1164032.0,derived_ohlc4
HOSE_MCH,MCH,2022-08-31 09:00:00,1016,15,45.24,45.24,45.24,45.24,600.0,27144.0,derived_ohlc4
HOSE_MCH,MCH,2022-09-05 09:00:00,1017,15,43.87,43.96,43.87,43.87,8187.0,359347.89749999996,derived_ohlc4
HOSE_MCH,MCH,2022-09-06 09:00:00,1018,15,43.92,43.96,43.92,43.96,2752.0,120922.88000000002,derived_ohlc4
HOSE_MCH,MCH,2022-09-07 09:00:00,1019,15,43.92,43.92,43.87,43.87,3404.0,149418.58000000002,derived_ohlc4
HOSE_MCH,MCH,2022-09-08 09:00:00,1020,15,43.92,45.65,43.92,45.24,800.0,35746.0,derived_ohlc4
HOSE_MCH,MCH,2022-09-09 09:00:00,1021,15,44.56,45.19,44.33,44.42,1700.0,75862.5,derived_ohlc4
HOSE_MCH,MCH,2022-09-12 09:00:00,1022,15,44.88,44.88,44.33,44.33,641.0,28591.805000000004,derived_ohlc4
HOSE_MCH,MCH,2022-09-13 09:00:00,1023,15,45.15,45.33,43.96,45.24,49187.0,2209480.04,derived_ohlc4
HOSE_MCH,MCH,2022-09-14 09:00:00,1024,15,43.69,45.65,43.64,45.65,8124.0,362797.53,derived_ohlc4
HOSE_MCH,MCH,2022-09-15 09:00:00,1025,15,45.7,45.7,45.24,45.24,12577.0,571876.1900000001,derived_ohlc4
HOSE_MCH,MCH,2022-09-16 09:00:00,1026,15,45.56,45.56,44.78,44.78,4100.0,185197.0,derived_ohlc4
HOSE_MCH,MCH,2022-09-19 09:00:00,1027,15,43.87,44.92,43.87,43.96,2812.0,124163.86,derived_ohlc4
HOSE_MCH,MCH,2022-09-20 09:00:00,1028,15,43.87,43.87,43.46,43.69,2349.0,102704.1525,derived_ohlc4
HOSE_MCH,MCH,2022-09-21 09:00:00,1029,15,43.69,43.73,43.69,43.73,503.0,21986.129999999997,derived_ohlc4
HOSE_MCH,MCH,2022-09-22 09:00:00,1030,15,43.73,43.73,43.41,43.73,10906.0,476046.89999999997,derived_ohlc4
HOSE_MCH,MCH,2022-09-23 09:00:00,1031,15,43.73,43.73,43.64,43.73,2731.0,119365.1825,derived_ohlc4
HOSE_MCH,MCH,2022-09-26 09:00:00,1032,15,43.64,43.64,43.0,43.0,8389.0,363411.48,derived_ohlc4
HOSE_MCH,MCH,2022-09-27 09:00:00,1033,15,44.33,44.33,43.0,43.05,2162.0,94430.75499999999,derived_ohlc4
HOSE_MCH,MCH,2022-09-28 09:00:00,1034,15,43.55,43.55,43.41,43.41,613.0,26653.239999999998,derived_ohlc4
HOSE_MCH,MCH,2022-09-29 09:00:00,1035,15,43.82,43.82,43.0,43.0,1905.0,82696.04999999999,derived_ohlc4
HOSE_MCH,MCH,2022-09-30 09:00:00,1036,15,42.96,42.96,42.5,42.73,7927.0,339176.5125,derived_ohlc4
HOSE_MCH,MCH,2022-10-03 09:00:00,1037,15,42.04,42.27,41.13,42.27,10465.0,438771.28750000003,derived_ohlc4
HOSE_MCH,MCH,2022-10-04 09:00:00,1038,15,41.81,42.04,40.9,40.9,6351.0,263010.78750000003,derived_ohlc4
HOSE_MCH,MCH,2022-10-06 09:00:00,1040,16,41.13,41.13,40.81,40.81,3503.0,143517.91,derived_ohlc4
HOSE_MCH,MCH,2022-10-07 09:00:00,1041,16,40.44,40.44,35.6,36.56,37567.0,1437313.42,derived_ohlc4
HOSE_MCH,MCH,2022-10-10 09:00:00,1042,16,37.02,37.02,33.59,36.56,39778.0,1433897.455,derived_ohlc4
HOSE_MCH,MCH,2022-10-11 09:00:00,1043,16,36.56,36.56,33.36,34.27,36702.0,1291451.625,derived_ohlc4
HOSE_MCH,MCH,2022-10-12 09:00:00,1044,16,33.77,33.82,29.66,32.44,94033.0,3048784.9425,derived_ohlc4
HOSE_MCH,MCH,2022-10-13 09:00:00,1045,16,31.99,32.72,31.99,32.44,51936.0,1676753.7599999998,derived_ohlc4
HOSE_MCH,MCH,2022-10-14 09:00:00,1046,16,32.44,33.13,31.99,32.44,89406.0,2905695.0,derived_ohlc4
HOSE_MCH,MCH,2022-10-17 09:00:00,1047,16,32.22,32.9,31.53,31.99,111900.0,3598704.0000000005,derived_ohlc4
HOSE_MCH,MCH,2022-10-18 09:00:00,1048,16,31.99,33.13,31.99,33.13,38332.0,1248089.9200000002,derived_ohlc4
HOSE_MCH,MCH,2022-10-19 09:00:00,1049,16,32.9,35.1,32.9,34.73,18018.0,610945.335,derived_ohlc4
HOSE_MCH,MCH,2022-10-20 09:00:00,1050,16,34.27,34.32,33.59,34.14,10534.0,358998.72,derived_ohlc4
HOSE_MCH,MCH,2022-10-21 09:00:00,1051,16,33.59,33.72,32.81,33.22,38695.0,1289897.825,derived_ohlc4
HOSE_MCH,MCH,2022-10-24 09:00:00,1052,16,33.18,33.18,31.99,31.99,15232.0,496334.72000000003,derived_ohlc4
HOSE_MCH,MCH,2022-10-25 09:00:00,1053,16,31.99,33.36,30.16,32.9,26621.0,854600.6525,derived_ohlc4
HOSE_MCH,MCH,2022-10-26 09:00:00,1054,16,33.36,34.27,32.9,32.9,11950.0,398622.125,derived_ohlc4
HOSE_MCH,MCH,2022-10-27 09:00:00,1055,16,32.9,33.72,32.9,33.36,20305.0,674532.1,derived_ohlc4
HOSE_MCH,MCH,2022-10-28 09:00:00,1056,16,33.59,33.72,32.49,32.49,15282.0,505413.94500000007,derived_ohlc4
HOSE_MCH,MCH,2022-10-31 09:00:00,1057,16,33.22,33.36,31.99,33.36,11108.0,366369.61000000004,derived_ohlc4
HOSE_MCH,MCH,2022-11-01 09:00:00,1058,16,32.03,33.04,31.99,32.17,1801.0,58185.807499999995,derived_ohlc4
HOSE_MCH,MCH,2022-11-02 09:00:00,1059,16,33.31,33.31,32.08,32.12,2000.0,65410.0,derived_ohlc4
HOSE_MCH,MCH,2022-11-03 09:00:00,1060,16,32.35,32.76,32.22,32.22,1823.0,59042.412500000006,derived_ohlc4
HOSE_MCH,MCH,2022-11-04 09:00:00,1061,16,32.03,32.44,32.03,32.4,8218.0,264825.05,derived_ohlc4
HOSE_MCH,MCH,2022-11-07 09:00:00,1062,16,32.03,32.03,31.99,31.99,10105.0,323461.05,derived_ohlc4
HOSE_MCH,MCH,2022-11-08 09:00:00,1063,16,31.76,32.03,31.76,31.99,28409.0,905820.9650000001,derived_ohlc4
HOSE_MCH,MCH,2022-11-09 09:00:00,1064,16,32.9,32.9,31.99,31.99,4056.0,131596.92,derived_ohlc4
HOSE_MCH,MCH,2022-11-10 09:00:00,1065,16,31.99,32.12,31.53,32.12,17054.0,544704.76,derived_ohlc4
HOSE_MCH,MCH,2022-11-11 09:00:00,1066,16,31.99,32.44,31.53,31.71,31049.0,991006.4574999999,derived_ohlc4
HOSE_MCH,MCH,2022-11-14 09:00:00,1067,16,31.9,32.12,31.76,31.99,32832.0,1048736.16,derived_ohlc4
HOSE_MCH,MCH,2022-11-15 09:00:00,1068,16,31.94,31.99,31.71,31.99,38146.0,1217143.4949999999,derived_ohlc4
HOSE_MCH,MCH,2022-11-16 09:00:00,1069,16,31.53,32.63,31.07,31.99,54980.0,1748638.8999999997,derived_ohlc4
HOSE_MCH,MCH,2022-11-17 09:00:00,1070,16,32.22,32.44,31.48,31.99,15437.0,494485.70249999996,derived_ohlc4
HOSE_MCH,MCH,2022-11-18 09:00:00,1071,16,31.53,31.99,31.53,31.94,7194.0,228391.51499999998,derived_ohlc4
HOSE_MCH,MCH,2022-11-21 09:00:00,1072,16,31.85,32.22,31.71,31.99,7925.0,253144.3125,derived_ohlc4
HOSE_MCH,MCH,2022-11-22 09:00:00,1073,16,31.9,32.22,31.76,31.99,37256.0,1190981.18,derived_ohlc4
HOSE_MCH,MCH,2022-11-23 09:00:00,1074,16,31.99,31.99,31.85,31.99,3700.0,118233.5,derived_ohlc4
HOSE_MCH,MCH,2022-11-24 09:00:00,1075,16,31.99,31.99,31.9,31.99,18205.0,581968.3374999999,derived_ohlc4
HOSE_MCH,MCH,2022-11-25 09:00:00,1076,16,31.99,32.22,31.85,31.99,5356.0,171458.95,derived_ohlc4
HOSE_MCH,MCH,2022-11-28 09:00:00,1077,16,32.03,32.22,31.99,32.12,22088.0,708803.9199999999,derived_ohlc4
HOSE_MCH,MCH,2022-11-29 09:00:00,1078,16,32.17,32.44,32.03,32.03,13215.0,425093.51250000007,derived_ohlc4
HOSE_MCH,MCH,2022-11-30 09:00:00,1079,16,32.44,33.13,32.22,32.9,33047.0,1079728.1075,derived_ohlc4
HOSE_MCH,MCH,2022-12-01 09:00:00,1080,16,33.31,33.82,32.67,33.82,61863.0,2066533.5150000001,derived_ohlc4
HOSE_MCH,MCH,2022-12-02 09:00:00,1081,16,34.27,36.51,33.82,34.32,14236.0,494416.27999999997,derived_ohlc4
HOSE_MCH,MCH,2022-12-05 09:00:00,1082,16,34.18,34.96,34.18,34.91,16433.0,567883.3975,derived_ohlc4
HOSE_MCH,MCH,2022-12-06 09:00:00,1083,16,34.91,34.96,34.14,34.73,35121.0,1218171.885,derived_ohlc4
HOSE_MCH,MCH,2022-12-07 09:00:00,1084,16,34.68,34.73,33.91,34.73,20750.0,716134.3749999999,derived_ohlc4
HOSE_MCH,MCH,2022-12-08 09:00:00,1085,16,34.04,34.73,34.04,34.73,50950.0,1751915.75,derived_ohlc4
HOSE_MCH,MCH,2022-12-09 09:00:00,1086,16,34.18,34.91,34.18,34.91,48710.0,1682686.9500000002,derived_ohlc4
HOSE_MCH,MCH,2022-12-12 09:00:00,1087,16,34.73,34.73,34.27,34.73,53001.0,1834629.6149999998,derived_ohlc4
HOSE_MCH,MCH,2022-12-13 09:00:00,1088,16,34.27,34.73,34.27,34.73,56520.0,1949940.0,derived_ohlc4
HOSE_MCH,MCH,2022-12-14 09:00:00,1089,16,34.73,34.73,34.27,34.73,53335.0,1846191.0249999997,derived_ohlc4
HOSE_MCH,MCH,2022-12-15 09:00:00,1090,16,34.73,35.14,34.36,35.14,21023.0,732493.8775000001,derived_ohlc4
HOSE_MCH,MCH,2022-12-16 09:00:00,1091,16,34.96,34.96,34.73,34.78,25112.0,875341.54,derived_ohlc4
HOSE_MCH,MCH,2022-12-19 09:00:00,1092,16,34.78,35.19,34.46,35.19,21602.0,754017.81,derived_ohlc4
HOSE_MCH,MCH,2022-12-20 09:00:00,1093,16,34.55,35.19,34.55,35.19,48765.0,1700435.5499999998,derived_ohlc4
HOSE_MCH,MCH,2022-12-21 09:00:00,1094,16,35.19,35.19,34.73,34.96,24120.0,844622.1,derived_ohlc4
HOSE_MCH,MCH,2022-12-22 09:00:00,1095,16,34.78,35.19,34.78,35.19,6200.0,216907.0,derived_ohlc4
HOSE_MCH,MCH,2022-12-23 09:00:00,1096,16,34.82,35.19,34.82,35.19,50470.0,1766702.3499999999,derived_ohlc4
HOSE_MCH,MCH,2022-12-26 09:00:00,1097,16,35.05,35.19,34.73,35.19,52676.0,1845767.04,derived_ohlc4
HOSE_MCH,MCH,2022-12-27 09:00:00,1098,16,34.96,34.96,34.5,34.64,7360.0,255870.4,derived_ohlc4
HOSE_MCH,MCH,2022-12-28 09:00:00,1099,16,34.27,34.73,31.99,34.09,12760.0,430905.19999999995,derived_ohlc4
HOSE_MCH,MCH,2022-12-29 09:00:00,1100,16,34.09,34.78,34.09,34.73,7110.0,244743.975,derived_ohlc4
HOSE_MCH,MCH,2022-12-30 09:00:00,1101,16,34.46,34.46,34.18,34.18,1048.0,35967.36,derived_ohlc4
HOSE_MCH,MCH,2023-01-03 09:00:00,1102,16,34.18,34.18,33.82,34.04,7133.0,242914.315,derived_ohlc4
HOSE_MCH,MCH,2023-01-04 09:00:00,1103,16,34.0,34.14,34.0,34.09,7044.0,239901.03000000003,derived_ohlc4
HOSE_MCH,MCH,2023-01-05 09:00:00,1104,16,34.04,34.04,33.59,33.59,7711.0,260747.465,derived_ohlc4
HOSE_MCH,MCH,2023-01-06 09:00:00,1105,16,33.86,33.86,31.99,33.36,23120.0,769144.6,derived_ohlc4
HOSE_MCH,MCH,2023-01-09 09:00:00,1106,16,32.86,32.9,32.81,32.81,20700.0,679891.5,derived_ohlc4
HOSE_MCH,MCH,2023-01-10 09:00:00,1107,16,32.9,32.9,32.67,32.67,10750.0,352438.74999999994,derived_ohlc4
HOSE_MCH,MCH,2023-01-11 09:00:00,1108,16,32.49,32.86,32.49,32.76,4722.0,154173.3,derived_ohlc4
HOSE_MCH,MCH,2023-01-12 09:00:00,1109,16,32.67,32.67,32.44,32.44,10950.0,356477.25,derived_ohlc4
HOSE_MCH,MCH,2023-01-13 09:00:00,1110,16,32.44,32.9,32.03,32.44,54727.0,1776027.9675,derived_ohlc4
HOSE_MCH,MCH,2023-01-16 09:00:00,1111,16,32.58,33.31,32.58,32.9,162100.0,5323769.25,derived_ohlc4
HOSE_MCH,MCH,2023-01-17 09:00:00,1112,16,32.9,33.36,32.9,33.27,22254.0,736774.305,derived_ohlc4
HOSE_MCH,MCH,2023-01-18 09:00:00,1113,16,33.22,34.04,33.13,33.18,28710.0,958698.6749999999,derived_ohlc4
HOSE_MCH,MCH,2023-01-19 09:00:00,1114,16,33.4,34.04,33.36,33.77,4500.0,151391.25,derived_ohlc4
HOSE_MCH,MCH,2023-01-27 09:00:00,1115,16,33.54,35.64,33.54,33.91,6325.0,216046.1875,derived_ohlc4
HOSE_MCH,MCH,2023-01-30 09:00:00,1116,16,34.04,34.5,34.04,34.5,29466.0,1009799.8199999998,derived_ohlc4
HOSE_MCH,MCH,2023-01-31 09:00:00,1117,16,34.27,34.32,33.82,33.82,45849.0,1561502.3175,derived_ohlc4
HOSE_MCH,MCH,2023-02-01 09:00:00,1118,16,33.82,34.14,33.36,33.36,51860.0,1746126.2000000002,derived_ohlc4
HOSE_MCH,MCH,2023-02-02 09:00:00,1119,16,33.36,33.54,32.67,32.67,68608.0,2268180.48,derived_ohlc4
HOSE_MCH,MCH,2023-02-03 09:00:00,1120,16,32.9,33.31,32.9,33.27,16400.0,542758.0000000001,derived_ohlc4
HOSE_MCH,MCH,2023-02-06 09:00:00,1121,16,32.95,33.31,32.95,32.99,15519.0,512902.95000000007,derived_ohlc4
HOSE_MCH,MCH,2023-02-07 09:00:00,1122,16,32.99,32.99,32.9,32.9,15700.0,517236.5,derived_ohlc4
HOSE_MCH,MCH,2023-02-08 09:00:00,1123,16,32.9,32.99,32.76,32.99,8604.0,283157.64,derived_ohlc4
HOSE_MCH,MCH,2023-02-09 09:00:00,1124,16,32.99,33.36,32.99,33.36,8200.0,272035.0,derived_ohlc4
HOSE_MCH,MCH,2023-02-10 09:00:00,1125,16,33.45,33.54,33.13,33.36,10281.0,343076.97000000003,derived_ohlc4
HOSE_MCH,MCH,2023-02-13 09:00:00,1126,16,33.31,33.45,33.13,33.13,8000.0,266040.0,derived_ohlc4
HOSE_MCH,MCH,2023-02-14 09:00:00,1127,16,33.31,33.31,32.67,32.67,3850.0,127011.50000000001,derived_ohlc4
HOSE_MCH,MCH,2023-02-15 09:00:00,1128,16,32.95,33.82,32.95,33.04,10103.0,335318.57000000007,derived_ohlc4
HOSE_MCH,MCH,2023-02-16 09:00:00,1129,16,33.36,33.59,33.31,33.31,9800.0,327246.5,derived_ohlc4
HOSE_MCH,MCH,2023-02-17 09:00:00,1130,16,33.5,33.5,33.36,33.36,13000.0,434590.0,derived_ohlc4
HOSE_MCH,MCH,2023-02-20 09:00:00,1131,16,33.4,33.59,33.13,33.59,14800.0,494727.00000000006,derived_ohlc4
HOSE_MCH,MCH,2023-02-21 09:00:00,1132,16,33.77,33.82,33.5,33.82,28807.0,971588.0925,derived_ohlc4
HOSE_MCH,MCH,2023-02-22 09:00:00,1133,16,33.36,33.82,33.31,33.82,12050.0,404608.875,derived_ohlc4
HOSE_MCH,MCH,2023-02-23 09:00:00,1134,16,33.54,33.82,33.18,33.5,7700.0,258026.99999999997,derived_ohlc4
HOSE_MCH,MCH,2023-02-24 09:00:00,1135,16,33.45,33.77,33.36,33.77,24922.0,837067.6749999999,derived_ohlc4
HOSE_MCH,MCH,2023-02-27 09:00:00,1136,16,33.13,33.68,29.2,32.76,41535.0,1337115.4875,derived_ohlc4
HOSE_MCH,MCH,2023-02-28 09:00:00,1137,16,33.5,33.59,32.9,32.9,20110.0,668104.4750000001,derived_ohlc4
HOSE_MCH,MCH,2023-03-01 09:00:00,1138,16,33.36,33.36,32.67,33.13,23330.0,772922.9,derived_ohlc4
HOSE_MCH,MCH,2023-03-02 09:00:00,1139,16,33.13,33.13,32.9,32.9,39204.0,1294320.06,derived_ohlc4
HOSE_MCH,MCH,2023-03-03 09:00:00,1140,16,32.9,32.95,31.53,31.53,98800.0,3184077.0,derived_ohlc4
HOSE_MCH,MCH,2023-03-06 09:00:00,1141,16,31.99,32.4,31.53,31.99,108357.0,3464985.9675,derived_ohlc4
HOSE_MCH,MCH,2023-03-07 09:00:00,1142,16,31.99,31.99,31.53,31.53,18700.0,593912.0,derived_ohlc4
HOSE_MCH,MCH,2023-03-08 09:00:00,1143,16,31.71,31.8,31.53,31.53,13826.0,437489.205,derived_ohlc4
HOSE_MCH,MCH,2023-03-09 09:00:00,1144,16,31.53,31.62,31.53,31.53,7250.0,228755.625,derived_ohlc4
HOSE_MCH,MCH,2023-03-10 09:00:00,1145,16,31.62,31.62,31.12,31.12,15705.0,492665.85000000003,derived_ohlc4
HOSE_MCH,MCH,2023-03-13 09:00:00,1146,16,31.16,31.35,31.07,31.07,12621.0,393301.91250000003,derived_ohlc4
HOSE_MCH,MCH,2023-03-14 09:00:00,1147,16,31.12,31.12,30.43,30.66,8906.0,274594.245,derived_ohlc4
HOSE_MCH,MCH,2023-03-15 09:00:00,1148,16,30.62,31.16,30.62,31.12,5808.0,179351.04,derived_ohlc4
HOSE_MCH,MCH,2023-03-16 09:00:00,1149,16,30.66,30.85,30.57,30.62,9200.0,282210.00000000006,derived_ohlc4
HOSE_MCH,MCH,2023-03-17 09:00:00,1150,16,30.62,31.07,30.62,30.94,2110.0,65014.375,derived_ohlc4
HOSE_MCH,MCH,2023-03-20 09:00:00,1151,16,30.62,30.62,30.57,30.57,5933.0,181520.13499999998,derived_ohlc4
HOSE_MCH,MCH,2023-03-21 09:00:00,1152,16,30.62,30.62,30.16,30.43,10900.0,331986.75000000006,derived_ohlc4
HOSE_MCH,MCH,2023-03-22 09:00:00,1153,16,30.43,31.99,30.43,30.43,13301.0,409936.82,derived_ohlc4
HOSE_MCH,MCH,2023-03-23 09:00:00,1154,16,30.3,30.3,30.16,30.16,5306.0,160400.38,derived_ohlc4
HOSE_MCH,MCH,2023-03-24 09:00:00,1155,16,30.25,30.25,29.93,29.93,15514.0,466816.26000000007,derived_ohlc4
HOSE_MCH,MCH,2023-03-27 09:00:00,1156,16,30.07,30.07,29.7,29.7,32326.0,966062.51,derived_ohlc4
HOSE_MCH,MCH,2023-03-28 09:00:00,1157,16,29.8,29.93,29.7,29.7,12695.0,378088.8375,derived_ohlc4
HOSE_MCH,MCH,2023-03-29 09:00:00,1158,16,29.7,29.7,29.57,29.57,9102.0,269737.76999999996,derived_ohlc4
HOSE_MCH,MCH,2023-03-30 09:00:00,1159,16,29.7,30.62,29.7,29.93,24803.0,743779.9624999999,derived_ohlc4
HOSE_MCH,MCH,2023-03-31 09:00:00,1160,16,30.07,30.16,29.98,30.02,4400.0,132253.0,derived_ohlc4
HOSE_MCH,MCH,2023-04-03 09:00:00,1161,16,31.48,31.48,30.11,30.43,9200.0,284050.0,derived_ohlc4
HOSE_MCH,MCH,2023-04-04 09:00:00,1162,16,30.39,30.39,29.93,30.16,10800.0,326349.0,derived_ohlc4
HOSE_MCH,MCH,2023-04-05 09:00:00,1163,16,30.43,30.85,30.43,30.48,7120.0,217498.2,derived_ohlc4
HOSE_MCH,MCH,2023-04-06 09:00:00,1164,16,30.53,30.62,30.21,30.21,15007.0,456100.24750000006,derived_ohlc4
HOSE_MCH,MCH,2023-04-07 09:00:00,1165,16,30.16,30.25,29.98,30.07,9600.0,289104.0,derived_ohlc4
HOSE_MCH,MCH,2023-04-10 09:00:00,1166,16,29.93,30.11,29.7,29.75,17000.0,507832.5,derived_ohlc4
HOSE_MCH,MCH,2023-04-11 09:00:00,1167,16,29.75,30.16,29.7,29.7,6700.0,199844.25,derived_ohlc4
HOSE_MCH,MCH,2023-04-12 09:00:00,1168,16,30.02,30.57,30.02,30.57,18400.0,557428.0,derived_ohlc4
HOSE_MCH,MCH,2023-04-13 09:00:00,1169,16,29.7,30.39,29.7,30.39,8025.0,241111.125,derived_ohlc4
HOSE_MCH,MCH,2023-04-14 09:00:00,1170,16,29.93,30.21,29.84,29.84,4500.0,134797.5,derived_ohlc4
HOSE_MCH,MCH,2023-04-17 09:00:00,1171,16,29.84,29.89,29.66,29.89,5709.0,170242.38,derived_ohlc4
HOSE_MCH,MCH,2023-04-18 09:00:00,1172,16,29.75,29.84,29.66,29.7,10800.0,321165.0,derived_ohlc4
HOSE_MCH,MCH,2023-04-19 09:00:00,1173,16,29.61,29.7,29.34,29.34,41141.0,1213556.6475000002,derived_ohlc4
HOSE_MCH,MCH,2023-04-20 09:00:00,1174,16,29.52,29.57,29.34,29.38,28402.0,836509.905,derived_ohlc4
HOSE_MCH,MCH,2023-04-21 09:00:00,1175,16,29.48,29.52,29.43,29.48,92500.0,2726668.7500000005,derived_ohlc4
HOSE_MCH,MCH,2023-04-24 09:00:00,1176,16,29.48,29.66,29.48,29.48,71613.0,2114373.825,derived_ohlc4
HOSE_MCH,MCH,2023-04-25 09:00:00,1177,16,29.48,29.48,29.25,29.43,22000.0,647020.0000000001,derived_ohlc4
HOSE_MCH,MCH,2023-04-26 09:00:00,1178,16,29.38,29.38,28.79,28.84,22040.0,641308.9,derived_ohlc4
HOSE_MCH,MCH,2023-04-27 09:00:00,1179,16,28.79,29.25,27.92,27.92,30542.0,869530.7400000001,derived_ohlc4
HOSE_MCH,MCH,2023-04-28 09:00:00,1180,16,29.2,29.7,28.06,28.06,25781.0,741332.655,derived_ohlc4
HOSE_MCH,MCH,2023-05-04 09:00:00,1181,16,29.7,29.7,27.88,28.1,139406.0,4021166.07,derived_ohlc4
HOSE_MCH,MCH,2023-05-05 09:00:00,1182,16,27.97,29.25,27.97,29.2,69580.0,1989814.05,derived_ohlc4
HOSE_MCH,MCH,2023-05-08 09:00:00,1183,16,29.38,29.93,29.34,29.93,54326.0,1610494.2700000003,derived_ohlc4
HOSE_MCH,MCH,2023-05-09 09:00:00,1184,16,29.8,30.89,29.8,30.89,40507.0,1229184.915,derived_ohlc4
HOSE_MCH,MCH,2023-05-10 09:00:00,1185,16,30.53,31.67,30.3,31.07,144863.0,4475180.2275,derived_ohlc4
HOSE_MCH,MCH,2023-05-11 09:00:00,1186,16,31.07,32.67,31.07,32.08,125649.0,3985900.4025,derived_ohlc4
HOSE_MCH,MCH,2023-05-12 09:00:00,1187,16,32.9,33.45,31.99,33.31,113237.0,3726912.7624999993,derived_ohlc4
HOSE_MCH,MCH,2023-05-15 09:00:00,1188,16,33.36,33.36,32.49,33.13,30810.0,1019348.85,derived_ohlc4
HOSE_MCH,MCH,2023-05-16 09:00:00,1189,16,33.36,33.36,32.67,33.18,46422.0,1538541.135,derived_ohlc4
HOSE_MCH,MCH,2023-05-17 09:00:00,1190,16,32.76,33.18,32.44,33.13,82225.0,2703352.4375,derived_ohlc4
HOSE_MCH,MCH,2023-05-18 09:00:00,1191,16,33.18,33.18,32.76,33.13,13910.0,459899.375,derived_ohlc4
HOSE_MCH,MCH,2023-05-19 09:00:00,1192,16,32.81,33.13,32.72,33.13,50203.0,1654063.3424999998,derived_ohlc4
HOSE_MCH,MCH,2023-05-22 09:00:00,1193,16,33.13,33.82,33.08,33.08,132510.0,4409601.525,derived_ohlc4
HOSE_MCH,MCH,2023-05-23 09:00:00,1194,16,33.13,33.36,32.49,33.36,24695.0,817034.0750000002,derived_ohlc4
HOSE_MCH,MCH,2023-05-24 09:00:00,1195,16,32.9,33.36,32.72,33.36,22228.0,735413.3799999999,derived_ohlc4
HOSE_MCH,MCH,2023-05-25 09:00:00,1196,16,32.72,33.77,32.72,33.77,18651.0,620052.4950000001,derived_ohlc4
HOSE_MCH,MCH,2023-05-26 09:00:00,1197,16,33.18,33.68,33.18,33.31,2815.0,93845.0625,derived_ohlc4
HOSE_MCH,MCH,2023-05-29 09:00:00,1198,16,33.36,33.77,33.18,33.72,28440.0,952953.3,derived_ohlc4
HOSE_MCH,MCH,2023-05-30 09:00:00,1199,16,33.36,33.95,33.36,33.95,23410.0,787863.55,derived_ohlc4
HOSE_MCH,MCH,2023-05-31 09:00:00,1200,16,33.77,34.04,33.59,33.77,16072.0,543113.06,derived_ohlc4
HOSE_MCH,MCH,2023-06-01 09:00:00,1201,16,32.95,34.27,32.95,34.27,34851.0,1171342.1099999999,derived_ohlc4
HOSE_MCH,MCH,2023-06-02 09:00:00,1202,16,33.18,33.86,33.18,33.86,18836.0,631382.72,derived_ohlc4
HOSE_MCH,MCH,2023-06-05 09:00:00,1203,16,33.72,34.04,33.59,33.82,11434.0,386383.44499999995,derived_ohlc4
HOSE_MCH,MCH,2023-06-06 09:00:00,1204,16,33.59,34.27,33.59,34.04,30113.0,1020002.5925,derived_ohlc4
HOSE_MCH,MCH,2023-06-07 09:00:00,1205,16,33.91,34.04,33.82,34.0,5815.0,197375.63749999998,derived_ohlc4
HOSE_MCH,MCH,2023-06-08 09:00:00,1206,16,34.04,34.04,33.82,33.91,5908.0,200591.37,derived_ohlc4
HOSE_MCH,MCH,2023-06-09 09:00:00,1207,16,33.45,33.91,33.45,33.59,27148.0,912172.8,derived_ohlc4
HOSE_MCH,MCH,2023-06-12 09:00:00,1208,16,33.82,33.82,32.31,32.31,27833.0,920298.1449999999,derived_ohlc4
HOSE_MCH,MCH,2023-06-13 09:00:00,1209,16,33.31,33.68,32.81,33.36,6805.0,226538.45000000004,derived_ohlc4
HOSE_MCH,MCH,2023-06-14 09:00:00,1210,16,33.36,34.04,33.13,33.82,40535.0,1361469.3125,derived_ohlc4
HOSE_MCH,MCH,2023-06-15 09:00:00,1211,16,33.59,33.59,33.5,33.59,11600.0,389383.00000000006,derived_ohlc4
HOSE_MCH,MCH,2023-06-16 09:00:00,1212,16,33.59,33.59,33.36,33.36,32867.0,1100222.825,derived_ohlc4
HOSE_MCH,MCH,2023-06-19 09:00:00,1213,16,33.54,33.54,33.08,33.08,59150.0,1970286.5000000002,derived_ohlc4
HOSE_MCH,MCH,2023-06-20 09:00:00,1214,16,33.54,33.82,33.22,33.22,6703.0,224215.35,derived_ohlc4
HOSE_MCH,MCH,2023-06-21 09:00:00,1215,16,33.36,33.36,32.95,33.36,5101.0,169646.5075,derived_ohlc4
HOSE_MCH,MCH,2023-06-22 09:00:00,1216,16,33.27,33.36,33.22,33.31,9610.0,319916.89999999997,derived_ohlc4
HOSE_MCH,MCH,2023-06-23 09:00:00,1217,16,33.36,33.36,33.27,33.27,11706.0,389985.3900000001,derived_ohlc4
HOSE_MCH,MCH,2023-06-26 09:00:00,1218,16,33.31,33.31,31.3,33.27,27579.0,904522.2525,derived_ohlc4
HOSE_MCH,MCH,2023-06-27 09:00:00,1219,16,33.36,33.36,33.08,33.22,42650.0,1418325.7499999998,derived_ohlc4
HOSE_MCH,MCH,2023-06-28 09:00:00,1220,16,33.13,33.18,33.08,33.18,14588.0,483482.79,derived_ohlc4
HOSE_MCH,MCH,2023-06-29 09:00:00,1221,16,33.13,33.13,32.9,32.99,25656.0,847610.1000000001,derived_ohlc4
HOSE_MCH,MCH,2023-06-30 09:00:00,1222,16,32.9,32.95,32.9,32.9,11030.0,363024.875,derived_ohlc4
HOSE_MCH,MCH,2023-07-03 09:00:00,1223,16,32.67,32.81,32.44,32.72,8221.0,268497.86,derived_ohlc4
HOSE_MCH,MCH,2023-07-04 09:00:00,1224,16,32.76,32.76,32.72,32.72,3703.0,121236.21999999999,derived_ohlc4
HOSE_MCH,MCH,2023-07-05 09:00:00,1225,16,32.76,32.81,32.76,32.81,5719.0,187497.41499999998,derived_ohlc4
HOSE_MCH,MCH,2023-07-06 09:00:00,1226,16,32.67,32.67,31.99,32.49,16430.0,533235.65,derived_ohlc4
HOSE_MCH,MCH,2023-07-07 09:00:00,1227,16,32.49,32.49,31.99,32.35,13490.0,436131.69999999995,derived_ohlc4
HOSE_MCH,MCH,2023-07-10 09:00:00,1228,16,32.35,33.72,32.35,33.36,66377.0,2186790.2649999997,derived_ohlc4
HOSE_MCH,MCH,2023-07-11 09:00:00,1229,16,34.27,34.73,34.27,34.46,44307.0,1525600.7775000003,derived_ohlc4
HOSE_MCH,MCH,2023-07-12 09:00:00,1230,16,34.96,34.96,34.5,34.59,34741.0,1207336.6025,derived_ohlc4
HOSE_MCH,MCH,2023-07-13 09:00:00,1231,16,34.68,35.42,34.55,35.42,49692.0,1740089.6099999999,derived_ohlc4
HOSE_MCH,MCH,2023-07-14 09:00:00,1232,16,35.42,35.51,35.19,35.51,30817.0,1091152.9275,derived_ohlc4
HOSE_MCH,MCH,2023-07-17 09:00:00,1233,16,35.51,36.6,35.51,36.56,87372.0,3149323.74,derived_ohlc4
HOSE_MCH,MCH,2023-07-18 09:00:00,1234,16,36.48,36.86,36.48,36.67,19607.0,718057.3575,derived_ohlc4
HOSE_MCH,MCH,2023-07-19 09:00:00,1235,16,36.82,37.79,36.82,36.82,19903.0,737654.9375,derived_ohlc4
HOSE_MCH,MCH,2023-07-20 09:00:00,1236,16,36.67,36.77,35.8,36.43,23097.0,841134.9974999999,derived_ohlc4
HOSE_MCH,MCH,2023-07-21 09:00:00,1237,16,36.43,36.82,36.09,36.43,21518.0,784169.7150000001,derived_ohlc4
HOSE_MCH,MCH,2023-07-24 09:00:00,1238,16,36.43,36.58,36.33,36.43,38536.0,1404348.18,derived_ohlc4
HOSE_MCH,MCH,2023-07-25 09:00:00,1239,16,36.38,36.43,36.24,36.24,18031.0,654930.9975,derived_ohlc4
HOSE_MCH,MCH,2023-07-26 09:00:00,1240,16,36.28,36.38,35.85,36.38,26503.0,960004.9174999999,derived_ohlc4
HOSE_MCH,MCH,2023-07-27 09:00:00,1241,16,36.38,36.82,36.04,36.58,10724.0,390943.42,derived_ohlc4
HOSE_MCH,MCH,2023-07-28 09:00:00,1242,16,36.33,36.43,36.28,36.33,7009.0,254724.58250000002,derived_ohlc4
HOSE_MCH,MCH,2023-07-31 09:00:00,1243,16,36.82,38.27,36.33,36.82,28642.0,1061472.52,derived_ohlc4
HOSE_MCH,MCH,2023-08-01 09:00:00,1244,16,36.86,37.74,36.86,37.74,33014.0,1231422.2,derived_ohlc4
HOSE_MCH,MCH,2023-08-02 09:00:00,1245,16,37.59,37.59,37.45,37.45,2710.0,101679.20000000001,derived_ohlc4
HOSE_MCH,MCH,2023-08-03 09:00:00,1246,16,37.74,37.88,37.45,37.88,52800.0,1992540.0000000002,derived_ohlc4
HOSE_MCH,MCH,2023-08-04 09:00:00,1247,16,37.88,38.56,37.88,38.56,32526.0,1243143.72,derived_ohlc4
HOSE_MCH,MCH,2023-08-07 09:00:00,1248,16,38.27,38.61,38.17,38.61,13400.0,514761.0,derived_ohlc4
HOSE_MCH,MCH,2023-08-08 09:00:00,1249,16,38.56,39.67,38.56,39.67,25492.0,997119.5800000001,derived_ohlc4
HOSE_MCH,MCH,2023-08-09 09:00:00,1250,16,39.24,39.97,39.24,39.97,36201.0,1433740.6050000002,derived_ohlc4
HOSE_MCH,MCH,2023-08-10 09:00:00,1251,16,39.97,40.21,39.77,40.21,34404.0,1377536.1600000001,derived_ohlc4
HOSE_MCH,MCH,2023-08-11 09:00:00,1252,16,40.21,40.21,39.72,39.97,30811.0,1233287.3025,derived_ohlc4
HOSE_MCH,MCH,2023-08-14 09:00:00,1253,16,39.72,40.4,39.72,40.21,29466.0,1179008.3250000002,derived_ohlc4
HOSE_MCH,MCH,2023-08-15 09:00:00,1254,16,40.11,40.35,39.97,40.21,6905.0,277304.80000000005,derived_ohlc4
HOSE_MCH,MCH,2023-08-16 09:00:00,1255,16,39.72,40.11,39.72,40.11,15750.0,628661.25,derived_ohlc4
HOSE_MCH,MCH,2023-08-17 09:00:00,1256,16,39.87,40.16,39.72,39.72,18860.0,751901.05,derived_ohlc4
HOSE_MCH,MCH,2023-08-18 09:00:00,1257,16,39.48,39.53,37.54,38.08,36563.0,1413434.1724999999,derived_ohlc4
HOSE_MCH,MCH,2023-08-21 09:00:00,1258,16,38.17,38.76,37.83,38.03,48642.0,1858002.7950000002,derived_ohlc4
HOSE_MCH,MCH,2023-08-22 09:00:00,1259,16,38.03,38.76,37.83,38.76,56201.0,2155027.3449999997,derived_ohlc4
HOSE_MCH,MCH,2023-08-23 09:00:00,1260,16,38.37,38.42,38.27,38.32,9908.0,379922.26,derived_ohlc4
HOSE_MCH,MCH,2023-08-24 09:00:00,1261,16,38.22,38.51,38.22,38.51,3429.0,131553.585,derived_ohlc4
HOSE_MCH,MCH,2023-08-25 09:00:00,1262,16,38.51,39.24,38.51,38.95,4302.0,166928.35499999998,derived_ohlc4
HOSE_MCH,MCH,2023-08-28 09:00:00,1263,16,38.9,39.0,38.9,39.0,10952.0,426580.4,derived_ohlc4
HOSE_MCH,MCH,2023-08-29 09:00:00,1264,16,38.95,39.29,38.95,39.24,12350.0,482977.625,derived_ohlc4
HOSE_MCH,MCH,2023-08-30 09:00:00,1265,16,39.24,39.72,39.24,39.58,17445.0,688118.0250000001,derived_ohlc4
HOSE_MCH,MCH,2023-08-31 09:00:00,1266,16,39.53,39.53,39.19,39.43,9864.0,388838.88,derived_ohlc4
HOSE_MCH,MCH,2023-09-05 09:00:00,1267,16,39.34,39.67,39.34,39.48,72173.0,2847766.1475000004,derived_ohlc4
HOSE_MCH,MCH,2023-09-06 09:00:00,1268,16,39.38,39.53,39.34,39.48,18402.0,725636.865,derived_ohlc4
HOSE_MCH,MCH,2023-09-07 09:00:00,1269,16,39.48,39.48,38.22,38.22,31700.0,1231544.9999999998,derived_ohlc4
HOSE_MCH,MCH,2023-09-08 09:00:00,1270,16,38.66,39.29,38.66,39.04,8212.0,319549.44999999995,derived_ohlc4
HOSE_MCH,MCH,2023-09-11 09:00:00,1271,16,39.0,39.04,38.71,38.71,3210.0,124756.65000000001,derived_ohlc4
HOSE_MCH,MCH,2023-09-12 09:00:00,1272,16,38.71,38.8,38.51,38.71,9862.0,381486.815,derived_ohlc4
HOSE_MCH,MCH,2023-09-13 09:00:00,1273,16,38.61,38.61,38.32,38.51,17231.0,663608.8875,derived_ohlc4
HOSE_MCH,MCH,2023-09-14 09:00:00,1274,16,38.46,38.61,38.46,38.56,35560.0,1369860.1,derived_ohlc4
HOSE_MCH,MCH,2023-09-15 09:00:00,1275,16,38.51,38.76,38.51,38.76,4646.0,179498.21,derived_ohlc4
HOSE_MCH,MCH,2023-09-18 09:00:00,1276,16,38.51,38.66,38.51,38.56,10785.0,415869.6,derived_ohlc4
HOSE_MCH,MCH,2023-09-19 09:00:00,1277,16,38.51,38.56,38.37,38.56,18306.0,704781.0,derived_ohlc4
HOSE_MCH,MCH,2023-09-20 09:00:00,1278,16,38.32,38.46,38.32,38.46,6240.0,239553.6,derived_ohlc4
HOSE_MCH,MCH,2023-09-21 09:00:00,1279,16,38.42,38.42,38.42,38.42,4962.0,190640.04,derived_ohlc4
HOSE_MCH,MCH,2023-09-22 09:00:00,1280,16,38.37,38.37,38.12,38.22,6158.0,235666.65999999997,derived_ohlc4
HOSE_MCH,MCH,2023-09-25 09:00:00,1281,16,38.03,38.22,34.01,37.54,9500.0,351024.99999999994,derived_ohlc4
HOSE_MCH,MCH,2023-09-26 09:00:00,1282,16,37.16,37.16,35.85,36.77,15910.0,584453.85,derived_ohlc4
HOSE_MCH,MCH,2023-09-27 09:00:00,1283,16,36.38,37.3,36.38,37.3,4737.0,174511.08000000002,derived_ohlc4
HOSE_MCH,MCH,2023-09-28 09:00:00,1284,16,36.82,36.91,36.82,36.82,24287.0,894793.7974999999,derived_ohlc4
HOSE_MCH,MCH,2023-09-29 09:00:00,1285,16,36.91,37.06,36.72,36.82,7819.0,288345.1725,derived_ohlc4
HOSE_MCH,MCH,2023-10-02 09:00:00,1286,16,36.82,36.86,36.82,36.86,9075.0,334323.00000000006,derived_ohlc4
HOSE_MCH,MCH,2023-10-03 09:00:00,1287,16,36.86,36.86,36.62,36.82,46733.0,1719307.07,derived_ohlc4
HOSE_MCH,MCH,2023-10-04 09:00:00,1288,16,36.77,36.77,36.58,36.58,1902.0,69755.84999999999,derived_ohlc4
HOSE_MCH,MCH,2023-10-05 09:00:00,1289,16,36.67,36.82,36.67,36.77,47412.0,1741561.29,derived_ohlc4
HOSE_MCH,MCH,2023-10-06 09:00:00,1290,16,36.82,36.82,36.58,36.77,5613.0,206263.7175,derived_ohlc4
HOSE_MCH,MCH,2023-10-09 09:00:00,1291,16,36.77,37.74,36.77,37.06,10227.0,379268.295,derived_ohlc4
HOSE_MCH,MCH,2023-10-10 09:00:00,1292,16,37.98,37.98,37.79,37.79,446.0,16896.71,derived_ohlc4
HOSE_MCH,MCH,2023-10-11 09:00:00,1293,16,37.88,37.88,36.82,36.86,5837.0,218070.32,derived_ohlc4
HOSE_MCH,MCH,2023-10-12 09:00:00,1294,16,37.06,37.69,36.91,36.96,1901.0,70631.655,derived_ohlc4
HOSE_MCH,MCH,2023-10-13 09:00:00,1295,16,37.16,37.54,36.96,37.54,2656.0,99068.79999999999,derived_ohlc4
HOSE_MCH,MCH,2023-10-16 09:00:00,1296,16,37.2,37.3,37.01,37.2,9590.0,356532.225,derived_ohlc4
HOSE_MCH,MCH,2023-10-17 09:00:00,1297,16,37.06,37.35,37.06,37.3,13706.0,509760.4049999999,derived_ohlc4
HOSE_MCH,MCH,2023-10-18 09:00:00,1298,16,37.45,37.88,37.06,37.64,38935.0,1460354.5125000002,derived_ohlc4
HOSE_MCH,MCH,2023-10-19 09:00:00,1299,16,37.59,37.59,37.3,37.3,16720.0,626080.4,derived_ohlc4
HOSE_MCH,MCH,2023-10-20 09:00:00,1300,16,37.3,37.79,37.3,37.3,18107.0,677609.2075,derived_ohlc4
HOSE_MCH,MCH,2023-10-23 09:00:00,1301,16,37.59,37.59,37.3,37.3,37410.0,1400817.45,derived_ohlc4
HOSE_MCH,MCH,2023-10-24 09:00:00,1302,16,36.82,37.45,36.82,37.3,40805.0,1513763.4874999998,derived_ohlc4
HOSE_MCH,MCH,2023-10-25 09:00:00,1303,16,37.3,37.4,37.3,37.3,37738.0,1408570.8499999999,derived_ohlc4
HOSE_MCH,MCH,2023-10-26 09:00:00,1304,16,37.3,37.35,36.09,36.58,30629.0,1128066.0699999998,derived_ohlc4
HOSE_MCH,MCH,2023-10-27 09:00:00,1305,16,36.58,36.72,36.24,36.33,87989.0,3208738.8575,derived_ohlc4
HOSE_MCH,MCH,2023-10-30 09:00:00,1306,16,36.43,37.06,36.14,36.82,38505.0,1409764.3125000002,derived_ohlc4
HOSE_MCH,MCH,2023-10-31 09:00:00,1307,16,37.79,37.79,36.33,36.48,64636.0,2397834.01,derived_ohlc4
HOSE_MCH,MCH,2023-11-01 09:00:00,1308,16,36.77,36.82,35.12,35.85,97825.0,3535395.5,derived_ohlc4
HOSE_MCH,MCH,2023-11-02 09:00:00,1309,16,36.19,36.33,35.8,35.85,42610.0,1535770.9249999998,derived_ohlc4
HOSE_MCH,MCH,2023-11-03 09:00:00,1310,16,35.9,35.9,35.12,35.27,42522.0,1511550.795,derived_ohlc4
HOSE_MCH,MCH,2023-11-06 09:00:00,1311,16,35.41,35.85,35.41,35.85,39501.0,1407420.63,derived_ohlc4
HOSE_MCH,MCH,2023-11-07 09:00:00,1312,16,35.85,37.4,35.65,36.48,72460.0,2633558.6999999997,derived_ohlc4
HOSE_MCH,MCH,2023-11-08 09:00:00,1313,16,36.33,36.82,36.33,36.82,12516.0,457772.7,derived_ohlc4
HOSE_MCH,MCH,2023-11-09 09:00:00,1314,16,36.77,37.54,36.77,37.54,36303.0,1348837.965,derived_ohlc4
HOSE_MCH,MCH,2023-11-10 09:00:00,1315,16,37.54,38.76,37.25,38.22,47460.0,1800751.0499999998,derived_ohlc4
HOSE_MCH,MCH,2023-11-13 09:00:00,1316,16,37.79,38.27,37.64,37.64,12929.0,489168.715,derived_ohlc4
HOSE_MCH,MCH,2023-11-14 09:00:00,1317,16,37.79,37.79,37.06,37.3,22963.0,860768.0549999999,derived_ohlc4
HOSE_MCH,MCH,2023-11-15 09:00:00,1318,16,37.74,39.0,37.74,38.9,57826.0,2217337.97,derived_ohlc4
HOSE_MCH,MCH,2023-11-16 09:00:00,1319,16,38.95,39.24,38.76,39.24,25516.0,996336.01,derived_ohlc4
HOSE_MCH,MCH,2023-11-17 09:00:00,1320,16,38.76,38.8,37.79,38.76,10261.0,395330.6775,derived_ohlc4
HOSE_MCH,MCH,2023-11-20 09:00:00,1321,16,38.76,39.19,38.71,38.76,21662.0,841677.0099999999,derived_ohlc4
HOSE_MCH,MCH,2023-11-21 09:00:00,1322,16,38.51,38.9,38.51,38.9,10300.0,398661.5,derived_ohlc4
HOSE_MCH,MCH,2023-11-22 09:00:00,1323,16,39.24,39.29,38.27,38.51,38721.0,1503439.6275,derived_ohlc4
HOSE_MCH,MCH,2023-11-23 09:00:00,1324,16,39.0,39.0,38.32,38.32,15210.0,588018.6,derived_ohlc4
HOSE_MCH,MCH,2023-11-24 09:00:00,1325,16,37.88,38.27,37.3,37.3,108700.0,4096631.25,derived_ohlc4
HOSE_MCH,MCH,2023-11-27 09:00:00,1326,16,37.59,38.76,37.3,37.79,17794.0,673680.84,derived_ohlc4
HOSE_MCH,MCH,2023-11-28 09:00:00,1327,16,37.69,38.27,37.59,38.08,106053.0,4020204.0974999997,derived_ohlc4
HOSE_MCH,MCH,2023-11-29 09:00:00,1328,16,38.27,38.9,37.83,38.9,28120.0,1081917.0,derived_ohlc4
HOSE_MCH,MCH,2023-11-30 09:00:00,1329,16,38.27,39.48,38.27,39.48,108563.0,4220386.625,derived_ohlc4
HOSE_MCH,MCH,2023-12-01 09:00:00,1330,16,39.24,41.22,39.24,40.94,168213.0,6755434.080000001,derived_ohlc4
HOSE_MCH,MCH,2023-12-04 09:00:00,1331,16,40.94,41.9,40.94,41.66,69662.0,2881220.32,derived_ohlc4
HOSE_MCH,MCH,2023-12-05 09:00:00,1332,16,41.18,42.39,41.18,42.34,83191.0,3475096.0475,derived_ohlc4
HOSE_MCH,MCH,2023-12-06 09:00:00,1333,16,42.05,42.39,41.95,42.15,9834.0,414355.58999999997,derived_ohlc4
HOSE_MCH,MCH,2023-12-07 09:00:00,1334,16,42.24,42.34,41.86,42.15,29398.0,1239052.205,derived_ohlc4
HOSE_MCH,MCH,2023-12-08 09:00:00,1335,16,42.15,42.15,41.66,41.66,33696.0,1412030.8800000001,derived_ohlc4
HOSE_MCH,MCH,2023-12-11 09:00:00,1336,16,41.95,41.95,41.76,41.76,11381.0,476351.75499999995,derived_ohlc4
HOSE_MCH,MCH,2023-12-12 09:00:00,1337,16,41.76,42.0,41.76,41.9,24986.0,1045789.0299999999,derived_ohlc4
HOSE_MCH,MCH,2023-12-13 09:00:00,1338,16,41.86,41.95,35.7,41.66,20555.0,828212.3375000001,derived_ohlc4
HOSE_MCH,MCH,2023-12-14 09:00:00,1339,16,41.66,41.66,41.18,41.52,8677.0,360138.885,derived_ohlc4
HOSE_MCH,MCH,2023-12-15 09:00:00,1340,16,40.21,42.19,40.21,41.52,27478.0,1127491.0350000001,derived_ohlc4
HOSE_MCH,MCH,2023-12-18 09:00:00,1341,16,40.21,42.15,37.25,41.42,38257.0,1540131.1775,derived_ohlc4
HOSE_MCH,MCH,2023-12-19 09:00:00,1342,16,40.94,42.1,40.94,42.1,15583.0,647006.1599999999,derived_ohlc4
HOSE_MCH,MCH,2023-12-20 09:00:00,1343,16,41.9,42.39,41.86,41.86,20615.0,865881.5375,derived_ohlc4
HOSE_MCH,MCH,2023-12-21 09:00:00,1344,16,41.86,42.15,41.66,41.9,8620.0,361113.35,derived_ohlc4
HOSE_MCH,MCH,2023-12-22 09:00:00,1345,16,41.32,42.39,41.32,42.19,12328.0,515372.04,derived_ohlc4
HOSE_MCH,MCH,2023-12-25 09:00:00,1346,16,42.1,42.15,41.95,42.15,24720.0,1040403.0,derived_ohlc4
HOSE_MCH,MCH,2023-12-26 09:00:00,1347,16,41.81,42.1,41.81,41.81,54205.0,2270240.9125,derived_ohlc4
HOSE_MCH,MCH,2023-12-27 09:00:00,1348,16,41.9,42.15,41.86,41.9,45034.0,1889288.885,derived_ohlc4
HOSE_MCH,MCH,2023-12-28 09:00:00,1349,16,42.0,42.19,41.9,42.15,15858.0,666987.48,derived_ohlc4
HOSE_MCH,MCH,2023-12-29 09:00:00,1350,16,42.24,42.24,42.24,42.24,4537.0,191642.88,derived_ohlc4
HOSE_MCH,MCH,2024-01-02 09:00:00,1351,16,42.24,43.31,42.24,43.21,24770.0,1058917.5000000002,derived_ohlc4
HOSE_MCH,MCH,2024-01-03 09:00:00,1352,16,43.11,44.33,43.11,44.33,49589.0,2168031.08,derived_ohlc4
HOSE_MCH,MCH,2024-01-04 09:00:00,1353,16,44.33,44.33,43.84,43.84,38549.0,1699432.665,derived_ohlc4
HOSE_MCH,MCH,2024-01-05 09:00:00,1354,16,43.89,43.89,43.6,43.89,24596.0,1077735.23,derived_ohlc4
HOSE_MCH,MCH,2024-01-08 09:00:00,1355,16,44.08,44.52,44.04,44.08,14870.0,656956.5999999999,derived_ohlc4
HOSE_MCH,MCH,2024-01-09 09:00:00,1356,16,42.63,44.33,42.63,44.23,21866.0,950187.0299999999,derived_ohlc4
HOSE_MCH,MCH,2024-01-10 09:00:00,1357,16,44.08,44.23,43.99,44.04,13209.0,582318.765,derived_ohlc4
HOSE_MCH,MCH,2024-01-11 09:00:00,1358,16,43.6,44.08,43.6,43.6,4079.0,178333.88,derived_ohlc4
HOSE_MCH,MCH,2024-01-12 09:00:00,1359,16,43.65,43.84,43.6,43.84,27220.0,1190398.6500000001,derived_ohlc4
HOSE_MCH,MCH,2024-01-15 09:00:00,1360,16,43.6,43.74,43.6,43.74,8068.0,352329.56,derived_ohlc4
HOSE_MCH,MCH,2024-01-16 09:00:00,1361,16,43.65,43.84,43.6,43.84,56899.0,2488335.5175,derived_ohlc4
HOSE_MCH,MCH,2024-01-17 09:00:00,1362,16,43.84,44.23,43.84,43.94,12322.0,541705.9249999999,derived_ohlc4
HOSE_MCH,MCH,2024-01-18 09:00:00,1363,16,44.08,44.13,43.74,44.08,31068.0,1367225.0100000002,derived_ohlc4
HOSE_MCH,MCH,2024-01-19 09:00:00,1364,16,44.13,44.28,44.08,44.08,12336.0,544541.88,derived_ohlc4
HOSE_MCH,MCH,2024-01-22 09:00:00,1365,16,44.13,44.37,44.13,44.37,20035.0,886548.75,derived_ohlc4
HOSE_MCH,MCH,2024-01-23 09:00:00,1366,16,44.13,44.37,44.13,44.37,31087.0,1375599.75,derived_ohlc4
HOSE_MCH,MCH,2024-01-24 09:00:00,1367,16,44.33,44.37,44.33,44.33,27263.0,1208841.4199999997,derived_ohlc4
HOSE_MCH,MCH,2024-01-25 09:00:00,1368,16,44.57,44.81,44.52,44.81,41027.0,1832983.7925,derived_ohlc4
HOSE_MCH,MCH,2024-01-26 09:00:00,1369,16,44.71,44.86,44.71,44.86,20425.0,914733.6249999999,derived_ohlc4
HOSE_MCH,MCH,2024-01-29 09:00:00,1370,16,44.96,45.15,44.86,45.05,112543.0,5064997.715,derived_ohlc4
HOSE_MCH,MCH,2024-01-30 09:00:00,1371,16,38.32,46.55,38.32,46.5,71602.0,3037535.8449999997,derived_ohlc4
HOSE_MCH,MCH,2024-01-31 09:00:00,1372,16,46.5,47.96,46.46,47.96,203719.0,9619611.180000002,derived_ohlc4
HOSE_MCH,MCH,2024-02-01 09:00:00,1373,16,47.96,50.33,47.96,49.85,112670.0,5523646.75,derived_ohlc4
HOSE_MCH,MCH,2024-02-02 09:00:00,1374,16,49.85,50.38,49.65,50.14,129738.0,6487548.6899999995,derived_ohlc4
HOSE_MCH,MCH,2024-02-05 09:00:00,1375,16,50.14,51.35,50.04,51.3,142115.0,7206296.3625,derived_ohlc4
HOSE_MCH,MCH,2024-02-06 09:00:00,1376,16,50.96,52.32,50.96,52.32,68095.0,3516425.8,derived_ohlc4
HOSE_MCH,MCH,2024-02-07 09:00:00,1377,16,52.32,53.24,51.93,52.27,54486.0,2857245.8400000003,derived_ohlc4
HOSE_MCH,MCH,2024-02-15 09:00:00,1378,16,53.29,53.29,51.83,52.27,92671.0,4880981.57,derived_ohlc4
HOSE_MCH,MCH,2024-02-16 09:00:00,1379,16,52.27,52.8,47.09,52.56,71375.0,3652972.5,derived_ohlc4
HOSE_MCH,MCH,2024-02-19 09:00:00,1380,16,51.83,55.71,51.83,54.21,106085.0,5664408.575,derived_ohlc4
HOSE_MCH,MCH,2024-02-20 09:00:00,1381,16,54.21,54.26,53.77,54.26,115703.0,6262424.875,derived_ohlc4
HOSE_MCH,MCH,2024-02-21 09:00:00,1382,16,53.77,55.22,53.77,55.18,78616.0,4283392.760000001,derived_ohlc4
HOSE_MCH,MCH,2024-02-22 09:00:00,1383,16,54.26,55.18,54.26,54.74,19208.0,1048948.88,derived_ohlc4
HOSE_MCH,MCH,2024-02-23 09:00:00,1384,16,54.74,56.19,54.4,55.22,130694.0,7206140.425000001,derived_ohlc4
HOSE_MCH,MCH,2024-02-26 09:00:00,1385,16,55.22,56.05,55.18,55.76,78233.0,4346038.7325,derived_ohlc4
HOSE_MCH,MCH,2024-02-27 09:00:00,1386,16,55.52,56.19,55.52,56.19,47853.0,2672829.3150000004,derived_ohlc4
HOSE_MCH,MCH,2024-02-28 09:00:00,1387,16,56.19,58.57,56.19,58.57,116100.0,6661817.999999999,derived_ohlc4
HOSE_MCH,MCH,2024-02-29 09:00:00,1388,16,58.62,58.71,57.84,58.62,52659.0,3077786.9025000003,derived_ohlc4
HOSE_MCH,MCH,2024-03-01 09:00:00,1389,16,58.62,59.83,58.28,59.58,41939.0,2477651.2725,derived_ohlc4
HOSE_MCH,MCH,2024-03-04 09:00:00,1390,16,59.58,60.8,59.58,60.55,69390.0,4172247.2249999996,derived_ohlc4
HOSE_MCH,MCH,2024-03-05 09:00:00,1391,16,61.28,65.4,61.28,65.4,119580.0,7574197.2,derived_ohlc4
HOSE_MCH,MCH,2024-03-06 09:00:00,1392,16,65.4,67.24,63.9,65.88,129265.0,8480430.325,derived_ohlc4
HOSE_MCH,MCH,2024-03-07 09:00:00,1393,16,65.88,67.34,65.4,67.34,96094.0,6389290.0600000005,derived_ohlc4
HOSE_MCH,MCH,2024-03-08 09:00:00,1394,16,67.09,70.24,67.09,70.0,246345.0,16900498.724999998,derived_ohlc4
HOSE_MCH,MCH,2024-03-11 09:00:00,1395,16,70.24,72.42,69.61,70.24,146654.0,10357805.385,derived_ohlc4
HOSE_MCH,MCH,2024-03-12 09:00:00,1396,16,70.24,71.02,68.31,68.35,139753.0,9710038.44,derived_ohlc4
HOSE_MCH,MCH,2024-03-13 09:00:00,1397,16,68.4,70.24,65.93,67.34,101765.0,6917730.2875,derived_ohlc4
HOSE_MCH,MCH,2024-03-14 09:00:00,1398,16,67.34,67.34,65.93,65.98,68895.0,4591679.5125,derived_ohlc4
HOSE_MCH,MCH,2024-03-15 09:00:00,1399,16,66.12,66.37,62.01,63.46,147939.0,9540586.11,derived_ohlc4
HOSE_MCH,MCH,2024-03-18 09:00:00,1400,16,62.98,62.98,57.89,60.55,157362.0,9614818.2,derived_ohlc4
HOSE_MCH,MCH,2024-03-19 09:00:00,1401,16,60.8,64.04,60.8,63.22,78356.0,4874918.54,derived_ohlc4
HOSE_MCH,MCH,2024-03-20 09:00:00,1402,16,63.22,63.94,63.07,63.7,49461.0,3139907.9325,derived_ohlc4
HOSE_MCH,MCH,2024-03-21 09:00:00,1403,16,63.7,63.8,62.49,63.51,33467.0,2120971.125,derived_ohlc4
HOSE_MCH,MCH,2024-03-22 09:00:00,1404,16,63.46,63.56,61.91,61.91,32263.0,2023212.73,derived_ohlc4
HOSE_MCH,MCH,2024-03-25 09:00:00,1405,16,61.96,61.96,60.8,61.04,25851.0,1588285.44,derived_ohlc4
HOSE_MCH,MCH,2024-03-26 09:00:00,1406,16,61.04,61.09,60.46,60.94,22700.0,1382032.75,derived_ohlc4
HOSE_MCH,MCH,2024-03-27 09:00:00,1407,16,60.84,61.47,60.84,60.89,6658.0,406204.58,derived_ohlc4
HOSE_MCH,MCH,2024-03-28 09:00:00,1408,16,61.52,63.94,60.89,63.22,56802.0,3544018.785,derived_ohlc4
HOSE_MCH,MCH,2024-03-29 09:00:00,1409,16,63.8,66.27,63.8,64.53,43151.0,2787554.5999999996,derived_ohlc4
HOSE_MCH,MCH,2024-04-01 09:00:00,1410,16,64.53,66.56,64.48,66.37,34524.0,2260804.14,derived_ohlc4
HOSE_MCH,MCH,2024-04-02 09:00:00,1411,16,66.37,66.85,65.59,66.8,16972.0,1126983.23,derived_ohlc4
HOSE_MCH,MCH,2024-04-03 09:00:00,1412,16,66.42,66.9,65.64,65.88,34008.0,2251669.6799999997,derived_ohlc4
HOSE_MCH,MCH,2024-04-04 09:00:00,1413,16,65.54,66.61,64.72,66.61,31144.0,2051455.28,derived_ohlc4
HOSE_MCH,MCH,2024-04-05 09:00:00,1414,16,65.4,66.37,65.3,65.93,23828.0,1566691.0,derived_ohlc4
HOSE_MCH,MCH,2024-04-08 09:00:00,1415,16,66.61,67.24,66.37,66.85,43239.0,2886959.9325,derived_ohlc4
HOSE_MCH,MCH,2024-04-09 09:00:00,1416,16,66.85,66.85,63.46,64.91,59522.0,3899732.635,derived_ohlc4
HOSE_MCH,MCH,2024-04-10 09:00:00,1417,16,63.94,66.37,60.6,60.6,121938.0,7667156.595,derived_ohlc4
HOSE_MCH,MCH,2024-04-11 09:00:00,1418,16,61.52,66.37,61.04,64.48,49242.0,3119603.805,derived_ohlc4
HOSE_MCH,MCH,2024-04-12 09:00:00,1419,16,64.43,65.74,62.98,63.56,59968.0,3848596.3200000008,derived_ohlc4
HOSE_MCH,MCH,2024-04-15 09:00:00,1420,16,63.02,63.94,62.01,62.01,12236.0,767747.82,derived_ohlc4
HOSE_MCH,MCH,2024-04-16 09:00:00,1421,16,62.01,66.85,61.52,66.85,105362.0,6775566.815,derived_ohlc4
HOSE_MCH,MCH,2024-04-17 09:00:00,1422,16,66.85,67.43,65.88,67.29,78447.0,5245162.5375,derived_ohlc4
HOSE_MCH,MCH,2024-04-19 09:00:00,1423,16,67.38,71.31,66.08,67.58,56898.0,3874042.5749999997,derived_ohlc4
HOSE_MCH,MCH,2024-04-22 09:00:00,1424,16,69.76,69.76,67.34,69.27,67841.0,4683233.8325,derived_ohlc4
HOSE_MCH,MCH,2024-04-23 09:00:00,1425,16,69.13,69.13,67.34,67.34,25467.0,1737740.7449999999,derived_ohlc4
HOSE_MCH,MCH,2024-04-24 09:00:00,1426,16,67.82,68.26,66.37,67.34,33712.0,2273790.1199999996,derived_ohlc4
HOSE_MCH,MCH,2024-04-25 09:00:00,1427,16,67.72,69.52,67.29,67.77,51774.0,3524515.0500000003,derived_ohlc4
HOSE_MCH,MCH,2024-04-26 09:00:00,1428,16,67.38,67.82,67.34,67.82,41388.0,2797414.92,derived_ohlc4
HOSE_MCH,MCH,2024-05-02 09:00:00,1429,16,67.82,70.97,67.58,70.97,166170.0,11521396.950000001,derived_ohlc4
HOSE_MCH,MCH,2024-05-03 09:00:00,1430,16,70.68,74.22,70.24,70.29,282467.0,20156138.9525,derived_ohlc4
HOSE_MCH,MCH,2024-05-06 09:00:00,1431,16,72.23,73.05,70.97,72.08,151205.0,10899234.4125,derived_ohlc4
HOSE_MCH,MCH,2024-05-07 09:00:00,1432,16,72.08,72.13,69.76,69.81,169723.0,12040998.235,derived_ohlc4
HOSE_MCH,MCH,2024-05-08 09:00:00,1433,16,70.19,72.13,69.47,71.7,130148.0,9223914.13,derived_ohlc4
HOSE_MCH,MCH,2024-05-09 09:00:00,1434,16,71.7,72.08,71.36,71.5,107270.0,7686968.199999999,derived_ohlc4
HOSE_MCH,MCH,2024-05-10 09:00:00,1435,16,70.78,71.7,70.78,71.21,71039.0,5052116.0825000005,derived_ohlc4
HOSE_MCH,MCH,2024-05-13 09:00:00,1436,16,71.5,71.5,69.81,70.44,88118.0,6239855.875,derived_ohlc4
HOSE_MCH,MCH,2024-05-14 09:00:00,1437,16,70.44,70.53,69.86,70.05,69260.0,4863437.2,derived_ohlc4
HOSE_MCH,MCH,2024-05-15 09:00:00,1438,16,70.73,75.09,70.73,73.63,371555.0,26954457.475,derived_ohlc4
HOSE_MCH,MCH,2024-05-16 09:00:00,1439,16,74.6,79.45,74.6,78.96,498007.0,38297983.3175,derived_ohlc4
HOSE_MCH,MCH,2024-05-17 09:00:00,1440,16,78.96,85.55,78.96,84.53,257910.0,21148620.0,derived_ohlc4
HOSE_MCH,MCH,2024-05-20 09:00:00,1441,16,87.2,87.2,83.81,86.37,449424.0,38715630.480000004,derived_ohlc4
HOSE_MCH,MCH,2024-05-21 09:00:00,1442,16,84.78,86.66,83.81,84.78,374950.0,31873562.124999996,derived_ohlc4
HOSE_MCH,MCH,2024-05-22 09:00:00,1443,16,84.78,86.71,84.05,86.23,331862.0,28355118.935000002,derived_ohlc4
HOSE_MCH,MCH,2024-05-23 09:00:00,1444,16,85.74,88.17,85.26,87.68,248809.0,21574850.4125,derived_ohlc4
HOSE_MCH,MCH,2024-05-24 09:00:00,1445,16,87.63,89.62,87.2,89.57,403171.0,35682649.355,derived_ohlc4
HOSE_MCH,MCH,2024-05-27 09:00:00,1446,16,88.7,89.57,84.78,86.71,195719.0,17113669.359999996,derived_ohlc4
HOSE_MCH,MCH,2024-05-28 09:00:00,1447,16,87.2,89.81,87.2,89.67,246735.0,21828645.45,derived_ohlc4
HOSE_MCH,MCH,2024-05-29 09:00:00,1448,16,90.06,90.06,88.17,88.65,142004.0,12671726.940000001,derived_ohlc4
HOSE_MCH,MCH,2024-05-30 09:00:00,1449,16,86.71,89.86,86.71,89.86,132872.0,11730604.52,derived_ohlc4
HOSE_MCH,MCH,2024-05-31 09:00:00,1450,16,88.89,94.95,88.89,94.95,741058.0,68118051.36,derived_ohlc4
HOSE_MCH,MCH,2024-06-03 09:00:00,1451,16,95.19,103.67,94.95,98.58,154689.0,15174604.1775,derived_ohlc4
HOSE_MCH,MCH,2024-06-04 09:00:00,1452,16,98.82,99.31,96.4,99.31,339843.0,33460941.779999997,derived_ohlc4
HOSE_MCH,MCH,2024-06-05 09:00:00,1453,16,99.31,100.28,98.05,100.23,237462.0,23619751.485,derived_ohlc4
HOSE_MCH,MCH,2024-06-06 09:00:00,1454,16,99.31,106.09,99.31,105.61,387486.0,39748313.88,derived_ohlc4
HOSE_MCH,MCH,2024-06-07 09:00:00,1455,16,105.61,107.06,104.64,105.85,185700.0,19645203.0,derived_ohlc4
HOSE_MCH,MCH,2024-06-10 09:00:00,1456,16,105.85,107.93,105.85,107.93,403472.0,43127122.08,derived_ohlc4
HOSE_MCH,MCH,2024-06-11 09:00:00,1457,16,107.98,107.98,105.61,107.93,174914.0,18781390.75,derived_ohlc4
HOSE_MCH,MCH,2024-06-12 09:00:00,1458,16,96.89,108.27,96.89,107.06,130492.0,13346395.530000001,derived_ohlc4
HOSE_MCH,MCH,2024-06-13 09:00:00,1459,16,107.3,107.3,105.17,105.85,168167.0,17893809.635,derived_ohlc4
HOSE_MCH,MCH,2024-06-14 09:00:00,1460,16,105.85,106.77,104.4,105.85,306864.0,32440894.92,derived_ohlc4
HOSE_MCH,MCH,2024-06-17 09:00:00,1461,16,105.12,106.38,104.15,106.04,272654.0,28743866.315,derived_ohlc4
HOSE_MCH,MCH,2024-06-18 09:00:00,1462,16,106.33,106.33,102.99,105.36,117909.0,12410217.022499999,derived_ohlc4
HOSE_MCH,MCH,2024-06-19 09:00:00,1463,16,105.12,106.09,102.7,105.9,241314.0,25326507.585000005,derived_ohlc4
HOSE_MCH,MCH,2024-06-20 09:00:00,1464,16,106.09,107.3,104.98,106.87,348501.0,37049141.31,derived_ohlc4
HOSE_MCH,MCH,2024-06-21 09:00:00,1465,16,106.38,106.87,106.09,106.82,219714.0,23408329.560000002,derived_ohlc4
HOSE_MCH,MCH,2024-06-24 09:00:00,1466,16,107.35,108.37,105.12,106.72,536367.0,57332268.63000001,derived_ohlc4
HOSE_MCH,MCH,2024-06-25 09:00:00,1467,16,106.72,107.16,105.61,106.53,86477.0,9210232.885,derived_ohlc4
HOSE_MCH,MCH,2024-06-26 09:00:00,1468,16,106.24,107.06,104.64,107.06,153689.0,16329456.25,derived_ohlc4
HOSE_MCH,MCH,2024-06-27 09:00:00,1469,16,107.06,109.19,106.09,108.03,503002.0,54119242.685,derived_ohlc4
HOSE_MCH,MCH,2024-06-28 09:00:00,1470,16,107.64,108.03,105.94,107.54,228045.0,24466377.937500004,derived_ohlc4
HOSE_MCH,MCH,2024-07-01 09:00:00,1471,16,107.54,107.54,106.09,107.54,195268.0,20928336.07,derived_ohlc4
HOSE_MCH,MCH,2024-07-02 09:00:00,1472,16,110.32,110.32,108.33,108.92,369795.0,40482383.137499996,derived_ohlc4
HOSE_MCH,MCH,2024-07-03 09:00:00,1473,16,108.87,108.97,107.38,108.97,248911.0,27018666.772500005,derived_ohlc4
HOSE_MCH,MCH,2024-07-04 09:00:00,1474,16,108.97,108.97,107.63,108.62,107780.0,11699249.55,derived_ohlc4
HOSE_MCH,MCH,2024-07-05 09:00:00,1475,16,107.93,108.82,107.58,108.23,141790.0,15333170.6,derived_ohlc4
HOSE_MCH,MCH,2024-07-08 09:00:00,1476,16,107.78,108.97,105.84,108.58,276752.0,29831789.96,derived_ohlc4
HOSE_MCH,MCH,2024-07-09 09:00:00,1477,16,108.58,108.58,107.58,108.53,86434.0,9362314.795,derived_ohlc4
HOSE_MCH,MCH,2024-07-10 09:00:00,1478,16,108.33,108.33,106.39,106.39,67268.0,7221892.4799999995,derived_ohlc4
HOSE_MCH,MCH,2024-07-11 09:00:00,1479,16,106.39,107.38,101.37,101.87,290483.0,30283578.9575,derived_ohlc4
HOSE_MCH,MCH,2024-07-12 09:00:00,1480,16,101.87,102.31,94.96,96.25,255280.0,25233789.8,derived_ohlc4
HOSE_MCH,MCH,2024-07-15 09:00:00,1481,16,95.9,97.99,95.9,97.4,60991.0,5903776.322499999,derived_ohlc4
HOSE_MCH,MCH,2024-07-16 09:00:00,1482,16,97.89,97.89,95.9,97.34,114031.0,11090084.905,derived_ohlc4
HOSE_MCH,MCH,2024-07-17 09:00:00,1483,16,95.95,98.29,95.9,98.29,180261.0,17504695.0575,derived_ohlc4
HOSE_MCH,MCH,2024-07-18 09:00:00,1484,16,97.15,97.89,92.08,97.89,134807.0,12975510.7675,derived_ohlc4
HOSE_MCH,MCH,2024-07-19 09:00:00,1485,16,97.89,97.89,96.7,97.89,55971.0,5462349.8175,derived_ohlc4
HOSE_MCH,MCH,2024-07-22 09:00:00,1486,16,97.44,97.64,94.41,97.64,99846.0,9663345.495,derived_ohlc4
HOSE_MCH,MCH,2024-07-23 09:00:00,1487,16,96.4,97.59,95.46,97.54,58951.0,5703361.8725000005,derived_ohlc4
HOSE_MCH,MCH,2024-07-24 09:00:00,1488,16,96.9,97.4,95.56,97.34,33321.0,3225472.8000000003,derived_ohlc4
HOSE_MCH,MCH,2024-07-25 09:00:00,1489,16,96.9,97.4,96.5,97.4,11360.0,1102488.0000000002,derived_ohlc4
HOSE_MCH,MCH,2024-07-26 09:00:00,1490,16,96.9,101.87,96.9,101.87,99525.0,9891292.125,derived_ohlc4
HOSE_MCH,MCH,2024-07-29 09:00:00,1491,16,101.87,102.12,100.62,100.62,52563.0,5325026.1225000005,derived_ohlc4
HOSE_MCH,MCH,2024-07-30 09:00:00,1492,16,100.87,100.87,98.19,99.78,96569.0,9649898.7475,derived_ohlc4
HOSE_MCH,MCH,2024-07-31 09:00:00,1493,16,98.19,100.82,97.4,100.38,145391.0,14422423.722499998,derived_ohlc4
HOSE_MCH,MCH,2024-08-01 09:00:00,1494,16,99.38,100.38,98.19,100.38,65804.0,6552926.83,derived_ohlc4
HOSE_MCH,MCH,2024-08-02 09:00:00,1495,16,99.18,102.31,99.18,102.31,62125.0,6258783.125,derived_ohlc4
HOSE_MCH,MCH,2024-08-05 09:00:00,1496,16,99.38,100.87,99.28,100.87,50273.0,5032327.3,derived_ohlc4
HOSE_MCH,MCH,2024-08-06 09:00:00,1497,16,99.88,110.02,99.43,107.33,116460.0,12131055.899999999,derived_ohlc4
HOSE_MCH,MCH,2024-08-07 09:00:00,1498,16,107.28,107.28,104.35,104.45,105268.0,11141565.12,derived_ohlc4
HOSE_MCH,MCH,2024-08-08 09:00:00,1499,16,104.35,106.29,104.35,106.29,20464.0,2155268.48,derived_ohlc4
HOSE_MCH,MCH,2024-08-09 09:00:00,1500,16,106.34,106.34,104.65,106.34,21507.0,2277967.6725000003,derived_ohlc4
HOSE_MCH,MCH,2024-08-12 09:00:00,1501,16,106.29,106.34,104.6,106.34,25051.0,2652713.0175000005,derived_ohlc4
HOSE_MCH,MCH,2024-08-13 09:00:00,1502,16,105.5,106.34,105.5,105.84,50659.0,5359468.905000001,derived_ohlc4
HOSE_MCH,MCH,2024-08-14 09:00:00,1503,16,106.34,106.34,103.86,105.84,162794.0,17190232.43,derived_ohlc4
HOSE_MCH,MCH,2024-08-15 09:00:00,1504,16,105.35,105.84,104.9,105.84,47573.0,5018118.972500001,derived_ohlc4
HOSE_MCH,MCH,2024-08-16 09:00:00,1505,16,104.9,106.09,104.9,105.79,174853.0,18433003.26,derived_ohlc4
HOSE_MCH,MCH,2024-08-19 09:00:00,1506,16,105.79,105.79,104.35,105.79,48399.0,5102706.57,derived_ohlc4
HOSE_MCH,MCH,2024-08-20 09:00:00,1507,16,105.69,105.79,104.75,105.79,40891.0,4314204.955,derived_ohlc4
HOSE_MCH,MCH,2024-08-21 09:00:00,1508,16,105.25,105.25,104.2,105.1,77615.0,8145694.249999999,derived_ohlc4
HOSE_MCH,MCH,2024-08-22 09:00:00,1509,16,102.16,105.84,102.12,103.46,26681.0,2758681.995,derived_ohlc4
HOSE_MCH,MCH,2024-08-23 09:00:00,1510,16,103.51,104.35,103.36,104.35,19799.0,2056967.6075000002,derived_ohlc4
HOSE_MCH,MCH,2024-08-26 09:00:00,1511,16,103.51,103.61,102.36,102.81,66992.0,6905032.92,derived_ohlc4
HOSE_MCH,MCH,2024-08-27 09:00:00,1512,16,100.38,102.36,100.38,102.36,38317.0,3884194.29,derived_ohlc4
HOSE_MCH,MCH,2024-08-28 09:00:00,1513,16,101.37,101.87,101.12,101.82,63515.0,6449630.675,derived_ohlc4
HOSE_MCH,MCH,2024-08-29 09:00:00,1514,16,101.37,101.77,100.18,101.77,38810.0,3930385.7249999996,derived_ohlc4
HOSE_MCH,MCH,2024-08-30 09:00:00,1515,16,100.87,104.95,100.87,104.95,146021.0,15027021.11,derived_ohlc4
HOSE_MCH,MCH,2024-09-04 09:00:00,1516,16,106.04,106.04,104.0,104.8,60824.0,6399901.280000001,derived_ohlc4
HOSE_MCH,MCH,2024-09-05 09:00:00,1517,16,104.95,105.1,102.46,103.16,36988.0,3843700.4899999998,derived_ohlc4
HOSE_MCH,MCH,2024-09-06 09:00:00,1518,16,102.36,104.1,101.92,104.1,34549.0,3562692.8800000004,derived_ohlc4
HOSE_MCH,MCH,2024-09-09 09:00:00,1519,16,103.16,103.86,103.11,103.86,15334.0,1587030.665,derived_ohlc4
HOSE_MCH,MCH,2024-09-10 09:00:00,1520,16,103.86,103.86,102.46,103.31,46625.0,4819742.8125,derived_ohlc4
HOSE_MCH,MCH,2024-09-11 09:00:00,1521,16,103.11,103.11,101.02,103.11,39925.0,4095805.9375,derived_ohlc4
HOSE_MCH,MCH,2024-09-12 09:00:00,1522,16,102.86,102.86,95.9,101.32,109574.0,11037936.89,derived_ohlc4
HOSE_MCH,MCH,2024-09-13 09:00:00,1523,16,101.62,101.87,100.87,101.87,60492.0,6143416.29,derived_ohlc4
HOSE_MCH,MCH,2024-09-16 09:00:00,1524,16,101.42,101.87,101.22,101.52,55999.0,5684318.4925,derived_ohlc4
HOSE_MCH,MCH,2024-09-17 09:00:00,1525,16,101.87,103.61,101.47,102.86,110375.0,11308194.687500002,derived_ohlc4
HOSE_MCH,MCH,2024-09-18 09:00:00,1526,16,103.86,103.9,103.21,103.8,137012.0,14207116.809999999,derived_ohlc4
HOSE_MCH,MCH,2024-09-19 09:00:00,1527,16,103.71,103.71,88.45,103.26,105424.0,10519470.28,derived_ohlc4
HOSE_MCH,MCH,2024-09-20 09:00:00,1528,16,106.64,106.64,103.16,104.25,88503.0,9308081.7675,derived_ohlc4
HOSE_MCH,MCH,2024-09-23 09:00:00,1529,16,103.86,105.99,103.86,105.89,336798.0,35330110.199999996,derived_ohlc4
HOSE_MCH,MCH,2024-09-24 09:00:00,1530,16,105.74,111.11,105.74,109.32,242225.0,26154849.937499996,derived_ohlc4
HOSE_MCH,MCH,2024-09-25 09:00:00,1531,16,118.37,118.37,107.61,109.17,103427.0,11726553.260000002,derived_ohlc4
HOSE_MCH,MCH,2024-09-26 09:00:00,1532,16,108.69,108.69,105.73,107.61,133122.0,14334576.96,derived_ohlc4
HOSE_MCH,MCH,2024-09-27 09:00:00,1533,16,107.72,107.77,106.0,107.61,48034.0,5152847.350000001,derived_ohlc4
HOSE_MCH,MCH,2024-09-30 09:00:00,1534,16,107.66,107.66,105.46,107.07,47010.0,5028307.125,derived_ohlc4
HOSE_MCH,MCH,2024-10-01 09:00:00,1535,16,106.59,106.59,105.24,105.35,29567.0,3132401.8975,derived_ohlc4
HOSE_MCH,MCH,2024-10-02 09:00:00,1536,16,105.35,106.53,100.51,106.0,115742.0,12106323.844999999,derived_ohlc4
HOSE_MCH,MCH,2024-10-03 09:00:00,1537,16,106.21,107.61,105.89,105.89,329387.0,35046776.8,derived_ohlc4
HOSE_MCH,MCH,2024-10-04 09:00:00,1538,16,105.89,107.61,105.89,107.34,139694.0,14902905.155000001,derived_ohlc4
HOSE_MCH,MCH,2024-10-07 09:00:00,1539,16,106.53,107.61,105.89,106.21,17194.0,1832192.64,derived_ohlc4
HOSE_MCH,MCH,2024-10-08 09:00:00,1540,16,107.07,107.23,106.26,107.18,70562.0,7545547.47,derived_ohlc4
HOSE_MCH,MCH,2024-10-09 09:00:00,1541,16,106.32,107.56,103.9,107.56,32217.0,3425794.695,derived_ohlc4
HOSE_MCH,MCH,2024-10-10 09:00:00,1542,16,106.8,107.61,106.53,107.61,49689.0,5323555.2375,derived_ohlc4
HOSE_MCH,MCH,2024-10-11 09:00:00,1543,16,106.59,107.66,106.53,107.45,40232.0,4307137.34,derived_ohlc4
HOSE_MCH,MCH,2024-10-14 09:00:00,1544,16,106.05,107.02,106.05,106.86,18446.0,1964406.77,derived_ohlc4
HOSE_MCH,MCH,2024-10-15 09:00:00,1545,16,106.53,107.07,106.1,107.07,25414.0,2711483.195,derived_ohlc4
HOSE_MCH,MCH,2024-10-16 09:00:00,1546,16,107.34,114.34,106.8,113.53,154699.0,17094626.2475,derived_ohlc4
HOSE_MCH,MCH,2024-10-17 09:00:00,1547,16,113.8,114.55,112.45,112.72,36345.0,4120796.0999999996,derived_ohlc4
HOSE_MCH,MCH,2024-10-18 09:00:00,1548,16,112.94,112.99,112.13,112.13,18388.0,2069523.43,derived_ohlc4
HOSE_MCH,MCH,2024-10-21 09:00:00,1549,16,112.13,112.13,110.3,111.38,21010.0,2342299.85,derived_ohlc4
HOSE_MCH,MCH,2024-10-22 09:00:00,1550,16,110.84,110.94,109.76,109.76,16975.0,1872766.875,derived_ohlc4
HOSE_MCH,MCH,2024-10-23 09:00:00,1551,16,110.57,111.64,109.22,111.64,23693.0,2624414.3774999995,derived_ohlc4
HOSE_MCH,MCH,2024-10-24 09:00:00,1552,16,111.64,114.07,111.64,113.42,61696.0,6952676.4799999995,derived_ohlc4
HOSE_MCH,MCH,2024-10-25 09:00:00,1553,16,111.97,112.99,111.91,112.72,9310.0,1046420.7250000001,derived_ohlc4
HOSE_MCH,MCH,2024-10-28 09:00:00,1554,16,112.99,113.53,112.02,112.72,14265.0,1609305.9749999999,derived_ohlc4
HOSE_MCH,MCH,2024-10-29 09:00:00,1555,16,112.99,113.8,112.4,112.72,21873.0,2471156.8575,derived_ohlc4
HOSE_MCH,MCH,2024-10-30 09:00:00,1556,16,112.99,114.07,111.38,114.07,54615.0,6178458.4125,derived_ohlc4
HOSE_MCH,MCH,2024-10-31 09:00:00,1557,16,113.69,114.01,112.4,112.83,43014.0,4870582.755,derived_ohlc4
HOSE_MCH,MCH,2024-11-01 09:00:00,1558,16,112.88,114.07,111.91,114.07,38838.0,4397723.835,derived_ohlc4
HOSE_MCH,MCH,2024-11-04 09:00:00,1559,16,112.99,115.68,112.99,114.77,67765.0,7732494.7375,derived_ohlc4
HOSE_MCH,MCH,2024-11-05 09:00:00,1560,16,114.77,115.52,114.34,115.52,13524.0,1555767.15,derived_ohlc4
HOSE_MCH,MCH,2024-11-06 09:00:00,1561,16,115.41,118.1,115.41,117.83,84184.0,9823220.499999998,derived_ohlc4
HOSE_MCH,MCH,2024-11-07 09:00:00,1562,16,117.83,117.83,116.22,117.02,26171.0,3067895.4749999996,derived_ohlc4
HOSE_MCH,MCH,2024-11-08 09:00:00,1563,16,117.02,117.02,115.25,116.11,31827.0,3703071.4499999997,derived_ohlc4
HOSE_MCH,MCH,2024-11-11 09:00:00,1564,16,115.57,118.37,115.41,118.37,31306.0,3660610.58,derived_ohlc4
HOSE_MCH,MCH,2024-11-12 09:00:00,1565,16,118.37,120.9,118.26,118.42,28744.0,3420176.7,derived_ohlc4
HOSE_MCH,MCH,2024-11-13 09:00:00,1566,16,119.34,119.34,117.29,119.12,15765.0,1872448.4625000001,derived_ohlc4
HOSE_MCH,MCH,2024-11-14 09:00:00,1567,16,119.12,121.33,119.07,120.04,23827.0,2856619.03,derived_ohlc4
HOSE_MCH,MCH,2024-11-15 09:00:00,1568,16,118.37,120.15,117.51,118.37,25992.0,3082651.2,derived_ohlc4
HOSE_MCH,MCH,2024-11-18 09:00:00,1569,16,117.78,119.98,115.68,119.98,43860.0,5191050.3,derived_ohlc4
HOSE_MCH,MCH,2024-11-19 09:00:00,1570,16,119.72,120.52,117.83,118.37,8545.0,1017794.95,derived_ohlc4
HOSE_MCH,MCH,2024-11-20 09:00:00,1571,16,118.37,119.93,116.81,119.93,17701.0,2102170.7600000002,derived_ohlc4
HOSE_MCH,MCH,2024-11-21 09:00:00,1572,16,119.12,119.12,116.76,116.76,32703.0,3856991.82,derived_ohlc4
HOSE_MCH,MCH,2024-11-22 09:00:00,1573,16,118.05,118.32,116.54,118.1,42285.0,4979164.462499999,derived_ohlc4
HOSE_MCH,MCH,2024-11-25 09:00:00,1574,16,118.1,118.1,116.7,117.78,12741.0,1499233.4699999997,derived_ohlc4
HOSE_MCH,MCH,2024-11-26 09:00:00,1575,16,116.76,117.89,116.76,117.83,141326.0,16578953.06,derived_ohlc4
HOSE_MCH,MCH,2024-11-27 09:00:00,1576,16,117.78,117.89,117.78,117.83,6332.0,746036.24,derived_ohlc4
HOSE_MCH,MCH,2024-11-28 09:00:00,1577,16,117.83,117.89,117.51,117.78,20310.0,2391553.275,derived_ohlc4
HOSE_MCH,MCH,2024-11-29 09:00:00,1578,16,117.83,123.75,117.67,123.64,65695.0,7930864.6375,derived_ohlc4
HOSE_MCH,MCH,2024-12-02 09:00:00,1579,16,119.98,123.21,119.98,120.95,20467.0,2477121.0100000002,derived_ohlc4
HOSE_MCH,MCH,2024-12-03 09:00:00,1580,16,121.06,123.21,121.06,121.06,21009.0,2554641.8775,derived_ohlc4
HOSE_MCH,MCH,2024-12-04 09:00:00,1581,16,121.06,121.06,119.45,119.45,15356.0,1846635.78,derived_ohlc4
HOSE_MCH,MCH,2024-12-05 09:00:00,1582,16,119.45,122.68,119.45,122.68,16163.0,1956773.595,derived_ohlc4
HOSE_MCH,MCH,2024-12-06 09:00:00,1583,16,122.68,122.68,118.91,121.06,43890.0,5325283.425,derived_ohlc4
HOSE_MCH,MCH,2024-12-09 09:00:00,1584,16,119.5,121.49,118.91,121.33,26888.0,3234828.0599999996,derived_ohlc4
HOSE_MCH,MCH,2024-12-10 09:00:00,1585,16,121.33,121.33,118.37,118.86,23450.0,2813355.125,derived_ohlc4
HOSE_MCH,MCH,2024-12-11 09:00:00,1586,16,121.06,124.83,118.91,120.52,147402.0,17884284.659999996,derived_ohlc4
HOSE_MCH,MCH,2024-12-12 09:00:00,1587,16,122.14,122.14,120.2,121.06,68881.0,8361120.1850000005,derived_ohlc4
HOSE_MCH,MCH,2024-12-13 09:00:00,1588,16,121.06,122.14,120.52,121.92,51780.0,6286609.8,derived_ohlc4
HOSE_MCH,MCH,2024-12-16 09:00:00,1589,16,121.98,126.12,121.92,125.26,97972.0,12130893.040000001,derived_ohlc4
HOSE_MCH,MCH,2024-12-17 09:00:00,1590,16,125.15,125.26,122.41,124.77,66843.0,8315102.0925,derived_ohlc4
HOSE_MCH,MCH,2024-12-18 09:00:00,1591,16,124.77,124.77,123.1,123.21,44841.0,5558602.462499999,derived_ohlc4
HOSE_MCH,MCH,2024-12-19 09:00:00,1592,16,128.4,128.4,121.78,123.18,47350.0,5939584.000000001,derived_ohlc4
HOSE_MCH,MCH,2024-12-20 09:00:00,1593,16,123.29,126.1,123.29,125.82,44858.0,5590428.25,derived_ohlc4
HOSE_MCH,MCH,2024-12-23 09:00:00,1594,16,125.43,127.95,125.43,127.95,50309.0,6373647.21,derived_ohlc4
HOSE_MCH,MCH,2024-12-24 09:00:00,1595,16,127.9,131.26,127.28,130.76,105920.0,13695455.999999998,derived_ohlc4
HOSE_MCH,MCH,2024-12-25 09:00:00,1596,16,129.07,130.76,128.23,130.03,63272.0,8195147.619999998,derived_ohlc4
HOSE_MCH,MCH,2024-12-26 09:00:00,1597,16,129.13,130.76,128.68,130.59,151981.0,19725613.99,derived_ohlc4
HOSE_MCH,MCH,2024-12-27 09:00:00,1598,16,130.2,132.72,129.07,132.72,240529.0,31551992.897499997,derived_ohlc4
HOSE_MCH,MCH,2024-12-30 09:00:00,1599,16,132.72,145.91,131.66,145.91,114658.0,15943194.899999999,derived_ohlc4
HOSE_MCH,MCH,2024-12-31 09:00:00,1600,16,137.49,145.91,137.49,143.1,163375.0,23035466.5625,derived_ohlc4
HOSE_MCH,MCH,2025-01-02 09:00:00,1601,16,145.85,145.91,136.37,138.61,77112.0,10925613.72,derived_ohlc4
HOSE_MCH,MCH,2025-01-03 09:00:00,1602,16,138.61,138.61,130.2,133.28,116551.0,15754781.425,derived_ohlc4
HOSE_MCH,MCH,2025-01-06 09:00:00,1603,16,134.01,134.63,131.88,133.84,35826.0,4785995.34,derived_ohlc4
HOSE_MCH,MCH,2025-01-07 09:00:00,1604,16,133.56,133.56,130.76,132.5,30601.0,4057539.5949999997,derived_ohlc4
HOSE_MCH,MCH,2025-01-08 09:00:00,1605,16,131.88,131.88,129.41,131.54,22688.0,2976155.1199999996,derived_ohlc4
HOSE_MCH,MCH,2025-01-09 09:00:00,1606,16,131.04,131.04,128.51,129.19,23683.0,3077487.435,derived_ohlc4
HOSE_MCH,MCH,2025-01-10 09:00:00,1607,16,129.19,130.14,123.74,130.14,34384.0,4411553.16,derived_ohlc4
HOSE_MCH,MCH,2025-01-13 09:00:00,1608,16,129.07,130.76,127.95,129.07,17214.0,2224263.9749999996,derived_ohlc4
HOSE_MCH,MCH,2025-01-14 09:00:00,1609,16,130.48,130.48,124.98,127.95,55868.0,7177501.63,derived_ohlc4
HOSE_MCH,MCH,2025-01-15 09:00:00,1610,16,126.32,127.39,123.57,126.83,40674.0,5126042.534999999,derived_ohlc4
HOSE_MCH,MCH,2025-01-16 09:00:00,1611,16,126.27,127.67,124.58,124.58,24190.0,3042497.25,derived_ohlc4
HOSE_MCH,MCH,2025-01-17 09:00:00,1612,16,124.58,126.72,124.58,126.72,17768.0,2232549.2,derived_ohlc4
HOSE_MCH,MCH,2025-01-20 09:00:00,1613,16,125.99,126.32,121.78,122.45,91122.0,11311429.47,derived_ohlc4
HOSE_MCH,MCH,2025-01-21 09:00:00,1614,16,122.34,122.34,118.41,119.48,234543.0,28295853.8775,derived_ohlc4
HOSE_MCH,MCH,2025-01-22 09:00:00,1615,16,120.1,121.22,118.97,119.98,146980.0,17647521.15,derived_ohlc4
HOSE_MCH,MCH,2025-01-23 09:00:00,1616,16,119.98,120.99,118.69,120.26,74076.0,8887638.479999999,derived_ohlc4
HOSE_MCH,MCH,2025-01-24 09:00:00,1617,16,120.38,122.9,119.98,121.61,63450.0,7691250.375,derived_ohlc4
HOSE_MCH,MCH,2025-02-03 09:00:00,1618,16,121.44,122.34,120.38,120.54,37824.0,4583323.2,derived_ohlc4
HOSE_MCH,MCH,2025-02-04 09:00:00,1619,16,120.94,124.53,120.94,122.84,112127.0,13714533.6875,derived_ohlc4
HOSE_MCH,MCH,2025-02-05 09:00:00,1620,16,124.58,125.09,123.18,123.41,102799.0,12753757.935,derived_ohlc4
HOSE_MCH,MCH,2025-02-06 09:00:00,1621,16,124.08,125.2,122.9,124.58,139838.0,17366481.22,derived_ohlc4
HOSE_MCH,MCH,2025-02-07 09:00:00,1622,16,124.02,124.25,122.4,123.46,93221.0,11515823.1825,derived_ohlc4
HOSE_MCH,MCH,2025-02-10 09:00:00,1623,16,123.12,124.02,122.9,123.07,201581.0,24850401.7275,derived_ohlc4
HOSE_MCH,MCH,2025-02-11 09:00:00,1624,16,127.27,127.27,123.36,123.44,209110.0,26208801.849999998,derived_ohlc4
HOSE_MCH,MCH,2025-02-12 09:00:00,1625,16,124.48,124.48,122.33,123.04,42094.0,5202081.755000001,derived_ohlc4
HOSE_MCH,MCH,2025-02-13 09:00:00,1626,16,123.04,123.44,120.81,122.8,99175.0,12151168.9375,derived_ohlc4
HOSE_MCH,MCH,2025-02-14 09:00:00,1627,16,121.29,121.77,120.49,120.65,43522.0,5268338.100000001,derived_ohlc4
HOSE_MCH,MCH,2025-02-17 09:00:00,1628,16,120.89,120.97,117.86,118.58,69006.0,8251392.45,derived_ohlc4
HOSE_MCH,MCH,2025-02-18 09:00:00,1629,16,119.21,119.29,117.86,118.89,26856.0,3190828.5,derived_ohlc4
HOSE_MCH,MCH,2025-02-19 09:00:00,1630,16,117.7,121.77,117.7,121.29,79805.0,9545875.075000001,derived_ohlc4
HOSE_MCH,MCH,2025-02-20 09:00:00,1631,16,121.77,121.77,121.21,121.29,53606.0,6513665.0600000005,derived_ohlc4
HOSE_MCH,MCH,2025-02-21 09:00:00,1632,16,121.29,121.29,118.89,120.65,36873.0,4444302.69,derived_ohlc4
HOSE_MCH,MCH,2025-02-24 09:00:00,1633,16,120.65,120.65,118.89,119.21,43395.0,5200890.75,derived_ohlc4
HOSE_MCH,MCH,2025-02-25 09:00:00,1634,16,119.29,119.69,118.89,119.13,52387.0,6247149.75,derived_ohlc4
HOSE_MCH,MCH,2025-02-26 09:00:00,1635,16,119.29,119.61,118.74,118.74,30110.0,3585950.45,derived_ohlc4
HOSE_MCH,MCH,2025-02-27 09:00:00,1636,16,118.74,119.69,118.74,119.29,28396.0,3382389.54,derived_ohlc4
HOSE_MCH,MCH,2025-02-28 09:00:00,1637,16,119.29,119.29,118.82,118.89,25620.0,3050637.4499999997,derived_ohlc4
HOSE_MCH,MCH,2025-03-03 09:00:00,1638,16,118.97,119.37,118.34,118.89,36598.0,4351227.715,derived_ohlc4
HOSE_MCH,MCH,2025-03-04 09:00:00,1639,16,119.13,119.13,118.42,118.74,28051.0,3334001.605,derived_ohlc4
HOSE_MCH,MCH,2025-03-05 09:00:00,1640,16,118.66,119.29,118.1,118.34,41830.0,4960933.425,derived_ohlc4
HOSE_MCH,MCH,2025-03-06 09:00:00,1641,16,118.89,120.09,118.1,118.5,113380.0,13480315.100000001,derived_ohlc4
HOSE_MCH,MCH,2025-03-07 09:00:00,1642,16,118.5,119.69,118.5,118.82,32781.0,3896923.3275,derived_ohlc4
HOSE_MCH,MCH,2025-03-10 09:00:00,1643,16,118.5,119.21,117.78,117.94,52630.0,6229155.225,derived_ohlc4
HOSE_MCH,MCH,2025-03-11 09:00:00,1644,16,118.1,118.1,116.82,117.22,47675.0,5604673.0,derived_ohlc4
HOSE_MCH,MCH,2025-03-12 09:00:00,1645,16,117.3,119.69,116.5,119.69,56407.0,6672666.065,derived_ohlc4
HOSE_MCH,MCH,2025-03-13 09:00:00,1646,16,118.18,119.45,117.7,118.34,74951.0,8875510.042499999,derived_ohlc4
HOSE_MCH,MCH,2025-03-14 09:00:00,1647,16,118.89,118.89,116.42,116.42,103832.0,12216353.96,derived_ohlc4
HOSE_MCH,MCH,2025-03-17 09:00:00,1648,16,117.3,117.3,113.31,113.63,73074.0,8431643.49,derived_ohlc4
HOSE_MCH,MCH,2025-03-18 09:00:00,1649,16,114.11,114.66,111.71,111.79,63126.0,7137499.005,derived_ohlc4
HOSE_MCH,MCH,2025-03-19 09:00:00,1650,16,113.39,113.39,110.12,110.12,67548.0,7548826.739999999,derived_ohlc4
HOSE_MCH,MCH,2025-03-20 09:00:00,1651,16,109.96,112.03,109.96,111.08,24732.0,2739254.4899999998,derived_ohlc4
HOSE_MCH,MCH,2025-03-21 09:00:00,1652,16,111.71,112.11,111.55,112.11,20905.0,2338642.35,derived_ohlc4
HOSE_MCH,MCH,2025-03-24 09:00:00,1653,16,112.11,112.19,110.68,110.76,24118.0,2687589.33,derived_ohlc4
HOSE_MCH,MCH,2025-03-25 09:00:00,1654,16,111.71,111.71,110.92,110.92,36526.0,4065891.69,derived_ohlc4
HOSE_MCH,MCH,2025-03-26 09:00:00,1655,16,111.23,111.71,111.08,111.08,11439.0,1272874.7249999999,derived_ohlc4
HOSE_MCH,MCH,2025-03-27 09:00:00,1656,16,111.23,116.5,111.23,114.9,44126.0,5006756.59,derived_ohlc4
HOSE_MCH,MCH,2025-03-28 09:00:00,1657,16,115.3,117.3,114.9,115.14,102518.0,11857231.879999999,derived_ohlc4
HOSE_MCH,MCH,2025-03-31 09:00:00,1658,16,116.66,116.66,111.79,114.9,98896.0,11373287.24,derived_ohlc4
HOSE_MCH,MCH,2025-04-01 09:00:00,1659,16,112.91,114.11,112.91,113.31,69702.0,7897933.619999999,derived_ohlc4
HOSE_MCH,MCH,2025-04-02 09:00:00,1660,16,113.87,114.11,111.71,111.71,45915.0,5181507.75,derived_ohlc4
HOSE_MCH,MCH,2025-04-03 09:00:00,1661,16,111.0,111.71,96.15,98.15,231615.0,24146442.787499998,derived_ohlc4
HOSE_MCH,MCH,2025-04-04 09:00:00,1662,16,98.15,103.73,86.18,102.14,116559.0,11370330.45,derived_ohlc4
HOSE_MCH,MCH,2025-04-08 09:00:00,1663,16,97.51,98.31,85.38,87.7,219476.0,20241174.099999998,derived_ohlc4
HOSE_MCH,MCH,2025-04-09 09:00:00,1664,16,86.98,92.56,85.14,90.97,149652.0,13305933.45,derived_ohlc4
HOSE_MCH,MCH,2025-04-10 09:00:00,1665,16,102.94,104.45,99.74,102.94,1468907.0,150588673.3725,derived_ohlc4
HOSE_MCH,MCH,2025-04-11 09:00:00,1666,16,106.13,106.13,98.95,102.14,169567.0,17522629.862499997,derived_ohlc4
HOSE_MCH,MCH,2025-04-14 09:00:00,1667,16,102.14,102.94,95.51,96.95,209081.0,20779515.185,derived_ohlc4
HOSE_MCH,MCH,2025-04-15 09:00:00,1668,16,100.54,102.54,94.16,94.16,121341.0,11873216.85,derived_ohlc4
HOSE_MCH,MCH,2025-04-16 09:00:00,1669,16,94.96,95.51,93.12,93.12,124263.0,11702778.682500001,derived_ohlc4
HOSE_MCH,MCH,2025-04-17 09:00:00,1670,16,92.56,93.36,89.53,91.05,111406.0,10207574.750000002,derived_ohlc4
HOSE_MCH,MCH,2025-04-18 09:00:00,1671,16,91.36,95.44,91.36,94.16,55709.0,5185393.720000001,derived_ohlc4
HOSE_MCH,MCH,2025-04-21 09:00:00,1672,16,94.16,94.24,91.68,91.76,46885.0,4358429.6,derived_ohlc4
HOSE_MCH,MCH,2025-04-22 09:00:00,1673,16,91.76,91.76,82.19,88.57,233566.0,20686940.62,derived_ohlc4
HOSE_MCH,MCH,2025-04-23 09:00:00,1674,16,91.76,91.76,83.86,90.09,102236.0,9136575.73,derived_ohlc4
HOSE_MCH,MCH,2025-04-24 09:00:00,1675,16,91.76,91.76,89.29,91.28,86736.0,7894927.5600000005,derived_ohlc4
HOSE_MCH,MCH,2025-04-25 09:00:00,1676,16,91.36,96.55,91.28,94.16,240686.0,22465029.525000002,derived_ohlc4
HOSE_MCH,MCH,2025-04-28 09:00:00,1677,16,98.15,98.95,93.2,95.91,168136.0,16233951.140000002,derived_ohlc4
HOSE_MCH,MCH,2025-04-29 09:00:00,1678,16,95.75,96.47,94.32,95.44,135686.0,12957334.569999998,derived_ohlc4
HOSE_MCH,MCH,2025-05-05 09:00:00,1679,16,95.44,95.75,93.36,95.36,68200.0,6477465.5,derived_ohlc4
HOSE_MCH,MCH,2025-05-06 09:00:00,1680,16,95.36,95.36,93.84,94.16,71400.0,6760152.000000001,derived_ohlc4
HOSE_MCH,MCH,2025-05-07 09:00:00,1681,16,93.04,94.88,93.04,94.16,56900.0,5336082.0,derived_ohlc4
HOSE_MCH,MCH,2025-05-08 09:00:00,1682,16,93.76,95.12,93.04,94.24,83500.0,7852340.000000001,derived_ohlc4
HOSE_MCH,MCH,2025-05-09 09:00:00,1683,16,94.16,96.15,93.6,95.91,163300.0,15506151.499999998,derived_ohlc4
HOSE_MCH,MCH,2025-05-12 09:00:00,1684,16,95.99,100.14,95.75,99.58,149100.0,14591671.5,derived_ohlc4
HOSE_MCH,MCH,2025-05-13 09:00:00,1685,16,100.14,102.86,99.66,102.14,143300.0,14501959.999999998,derived_ohlc4
HOSE_MCH,MCH,2025-05-14 09:00:00,1686,16,102.14,105.49,102.14,105.01,282500.0,29293837.499999996,derived_ohlc4
HOSE_MCH,MCH,2025-05-15 09:00:00,1687,16,105.01,109.16,105.01,106.61,250300.0,26643809.25,derived_ohlc4
HOSE_MCH,MCH,2025-05-16 09:00:00,1688,16,107.0,107.0,102.78,103.1,162000.0,17005140.0,derived_ohlc4
HOSE_MCH,MCH,2025-05-19 09:00:00,1689,16,102.14,102.62,100.54,101.66,85700.0,8719118.0,derived_ohlc4
HOSE_MCH,MCH,2025-05-20 09:00:00,1690,16,101.82,101.82,100.06,101.34,83000.0,8404580.0,derived_ohlc4
HOSE_MCH,MCH,2025-05-21 09:00:00,1691,16,100.54,105.09,100.54,103.73,109300.0,11200517.500000002,derived_ohlc4
HOSE_MCH,MCH,2025-05-22 09:00:00,1692,16,103.73,104.13,102.14,102.78,70800.0,7306205.999999999,derived_ohlc4
HOSE_MCH,MCH,2025-05-23 09:00:00,1693,16,101.82,102.46,101.5,101.58,37600.0,3829183.9999999995,derived_ohlc4
HOSE_MCH,MCH,2025-05-26 09:00:00,1694,16,101.66,103.49,100.38,103.49,101700.0,10399333.5,derived_ohlc4
HOSE_MCH,MCH,2025-05-27 09:00:00,1695,16,102.54,104.13,102.3,102.54,128700.0,13240334.250000002,derived_ohlc4
HOSE_MCH,MCH,2025-05-28 09:00:00,1696,16,103.18,103.73,102.54,102.94,79900.0,8237490.250000001,derived_ohlc4
HOSE_MCH,MCH,2025-05-29 09:00:00,1697,16,103.1,103.1,101.9,102.3,40200.0,4124520.0000000005,derived_ohlc4
HOSE_MCH,MCH,2025-05-30 09:00:00,1698,16,102.38,102.38,100.94,101.74,95300.0,9707258.0,derived_ohlc4
HOSE_MCH,MCH,2025-06-02 09:00:00,1699,16,101.42,101.58,100.94,101.34,65200.0,6606064.0,derived_ohlc4
HOSE_MCH,MCH,2025-06-03 09:00:00,1700,16,101.74,103.65,101.74,102.54,101200.0,10364651.0,derived_ohlc4
HOSE_MCH,MCH,2025-06-04 09:00:00,1701,16,101.74,102.94,101.74,102.38,57700.0,5896940.0,derived_ohlc4
HOSE_MCH,MCH,2025-06-05 09:00:00,1702,16,102.54,102.54,101.66,102.14,67200.0,6869184.0,derived_ohlc4
HOSE_MCH,MCH,2025-06-06 09:00:00,1703,16,102.06,104.37,102.06,102.7,130100.0,13373954.75,derived_ohlc4
HOSE_MCH,MCH,2025-06-09 09:00:00,1704,16,102.7,102.94,101.74,101.82,61100.0,6250530.0,derived_ohlc4
HOSE_MCH,MCH,2025-06-10 09:00:00,1705,16,101.34,102.86,101.34,102.06,68400.0,6969959.999999999,derived_ohlc4
HOSE_MCH,MCH,2025-06-11 09:00:00,1706,16,102.38,102.38,101.34,101.5,32400.0,3301560.0,derived_ohlc4
HOSE_MCH,MCH,2025-06-12 09:00:00,1707,16,101.66,102.54,101.66,102.14,38000.0,3876000.0,derived_ohlc4
HOSE_MCH,MCH,2025-06-13 09:00:00,1708,16,101.98,102.94,100.54,101.26,83700.0,8510616.0,derived_ohlc4
HOSE_MCH,MCH,2025-06-16 09:00:00,1709,16,101.1,101.26,100.54,101.26,38000.0,3839520.0000000005,derived_ohlc4
HOSE_MCH,MCH,2025-06-17 09:00:00,1710,16,101.34,101.9,100.94,101.34,47200.0,4785136.0,derived_ohlc4
HOSE_MCH,MCH,2025-06-18 09:00:00,1711,16,101.26,101.34,99.34,99.66,131100.0,13162440.0,derived_ohlc4
HOSE_MCH,MCH,2025-06-19 09:00:00,1712,16,99.66,99.66,97.27,98.71,187700.0,18549452.499999996,derived_ohlc4
HOSE_MCH,MCH,2025-06-20 09:00:00,1713,16,98.71,100.46,98.31,98.79,55400.0,5488339.500000001,derived_ohlc4
HOSE_MCH,MCH,2025-06-23 09:00:00,1714,16,98.79,99.66,95.75,98.71,152200.0,14950225.499999998,derived_ohlc4
HOSE_MCH,MCH,2025-06-24 09:00:00,1715,16,98.71,99.26,98.47,98.47,146800.0,14493196.999999998,derived_ohlc4
HOSE_MCH,MCH,2025-06-25 09:00:00,1716,16,98.63,99.26,98.47,99.02,95200.0,9410044.0,derived_ohlc4
HOSE_MCH,MCH,2025-06-26 09:00:00,1717,16,98.95,102.14,98.95,100.7,215800.0,21619923.0,derived_ohlc4
HOSE_MCH,MCH,2025-06-27 09:00:00,1718,16,101.34,102.14,100.54,101.42,248500.0,25187960.000000004,derived_ohlc4
HOSE_MCH,MCH,2025-06-30 09:00:00,1719,16,101.74,103.73,100.86,101.1,190500.0,19403853.749999996,derived_ohlc4
HOSE_MCH,MCH,2025-07-01 09:00:00,1720,16,101.5,101.74,99.42,99.98,173000.0,17414180.000000004,derived_ohlc4
HOSE_MCH,MCH,2025-07-02 09:00:00,1721,16,99.98,100.06,99.34,100.06,136100.0,13590946.0,derived_ohlc4
HOSE_MCH,MCH,2025-07-03 09:00:00,1722,16,100.06,102.54,100.06,102.06,212900.0,21541222.0,derived_ohlc4
HOSE_MCH,MCH,2025-07-04 09:00:00,1723,16,101.98,102.54,100.62,102.3,248700.0,25332582.0,derived_ohlc4
HOSE_MCH,MCH,2025-07-07 09:00:00,1724,16,102.55,102.55,99.37,100.27,340600.0,34463611.0,derived_ohlc4
HOSE_MCH,MCH,2025-07-08 09:00:00,1725,16,100.92,100.92,97.91,98.72,424800.0,42317514.0,derived_ohlc4
HOSE_MCH,MCH,2025-07-09 09:00:00,1726,16,99.54,100.02,97.66,97.74,327200.0,32307728.000000004,derived_ohlc4
HOSE_MCH,MCH,2025-07-10 09:00:00,1727,16,98.07,100.1,97.5,97.66,408400.0,40158992.99999999,derived_ohlc4
HOSE_MCH,MCH,2025-07-11 09:00:00,1728,16,98.07,98.31,96.77,97.26,276200.0,26957810.499999996,derived_ohlc4
HOSE_MCH,MCH,2025-07-14 09:00:00,1729,16,97.26,98.8,96.93,98.23,207100.0,20255415.5,derived_ohlc4
HOSE_MCH,MCH,2025-07-15 09:00:00,1730,16,98.48,98.48,97.26,97.34,288500.0,28241265.000000004,derived_ohlc4
HOSE_MCH,MCH,2025-07-16 09:00:00,1731,16,97.5,98.8,97.26,98.15,194200.0,19017520.5,derived_ohlc4
HOSE_MCH,MCH,2025-07-17 09:00:00,1732,16,97.99,98.4,96.6,96.77,373600.0,36403584.0,derived_ohlc4
HOSE_MCH,MCH,2025-07-18 09:00:00,1733,16,97.09,98.48,95.71,96.04,656300.0,63549529.0,derived_ohlc4
HOSE_MCH,MCH,2025-07-21 09:00:00,1734,16,96.04,96.77,93.59,94.24,543200.0,51690912.0,derived_ohlc4
HOSE_MCH,MCH,2025-07-22 09:00:00,1735,16,94.33,94.41,93.02,93.59,335100.0,31444946.250000004,derived_ohlc4
HOSE_MCH,MCH,2025-07-23 09:00:00,1736,16,93.59,95.55,93.51,94.98,496100.0,46835560.75,derived_ohlc4
HOSE_MCH,MCH,2025-07-24 09:00:00,1737,16,94.9,96.12,93.59,94.24,811100.0,76821308.75,derived_ohlc4
HOSE_MCH,MCH,2025-07-25 09:00:00,1738,16,94.24,95.22,93.59,94.49,354500.0,33459482.499999996,derived_ohlc4
HOSE_MCH,MCH,2025-07-28 09:00:00,1739,16,94.49,95.06,93.35,94.0,762400.0,71837140.0,derived_ohlc4
HOSE_MCH,MCH,2025-07-29 09:00:00,1740,16,94.0,94.0,87.08,88.71,1350100.0,122788219.74999999,derived_ohlc4
HOSE_MCH,MCH,2025-07-30 09:00:00,1741,16,88.71,90.18,86.92,88.14,589400.0,52154532.5,derived_ohlc4
HOSE_MCH,MCH,2025-07-31 09:00:00,1742,16,88.14,88.63,82.85,85.54,972600.0,83925654.0,derived_ohlc4
HOSE_MCH,MCH,2025-08-01 09:00:00,1743,16,85.05,85.7,83.66,85.46,502500.0,42696168.75,derived_ohlc4
HOSE_MCH,MCH,2025-08-04 09:00:00,1744,16,85.54,88.22,84.88,87.08,336400.0,29075051.999999996,derived_ohlc4
HOSE_MCH,MCH,2025-08-05 09:00:00,1745,16,87.49,88.71,86.84,87.73,596000.0,52264730.0,derived_ohlc4
HOSE_MCH,MCH,2025-08-06 09:00:00,1746,16,87.9,90.66,87.16,89.61,495900.0,44052036.75000001,derived_ohlc4
HOSE_MCH,MCH,2025-08-07 09:00:00,1747,16,90.91,91.23,89.69,90.5,339200.0,30725584.0,derived_ohlc4
HOSE_MCH,MCH,2025-08-08 09:00:00,1748,16,90.74,90.74,89.2,90.34,361900.0,32663284.5,derived_ohlc4
HOSE_MCH,MCH,2025-08-11 09:00:00,1749,16,91.15,94.16,90.34,93.59,564000.0,52062840.0,derived_ohlc4
HOSE_MCH,MCH,2025-08-12 09:00:00,1750,16,93.92,94.57,92.78,93.19,253600.0,23740764.0,derived_ohlc4
HOSE_MCH,MCH,2025-08-13 09:00:00,1751,16,93.35,94.33,91.64,92.94,412100.0,38352086.5,derived_ohlc4
HOSE_MCH,MCH,2025-08-14 09:00:00,1752,16,92.78,93.27,91.56,92.45,402100.0,37200281.5,derived_ohlc4
HOSE_MCH,MCH,2025-08-15 09:00:00,1753,16,92.37,93.19,91.56,92.05,239700.0,22122512.25,derived_ohlc4
HOSE_MCH,MCH,2025-08-18 09:00:00,1754,16,92.05,95.22,90.34,91.97,700200.0,64694979.00000001,derived_ohlc4
HOSE_MCH,MCH,2025-08-19 09:00:00,1755,16,91.97,93.59,89.52,93.02,735800.0,67711995.0,derived_ohlc4
HOSE_MCH,MCH,2025-08-20 09:00:00,1756,16,93.02,94.41,92.05,93.19,703600.0,65552653.0,derived_ohlc4
HOSE_MCH,MCH,2025-08-21 09:00:00,1757,16,93.19,94.57,93.19,94.57,749700.0,70381836.0,derived_ohlc4
HOSE_MCH,MCH,2025-08-22 09:00:00,1758,16,94.57,97.5,94.24,96.04,492300.0,47057726.25,derived_ohlc4
HOSE_MCH,MCH,2025-08-25 09:00:00,1759,16,96.04,96.85,95.14,96.52,328600.0,31590782.499999996,derived_ohlc4
HOSE_MCH,MCH,2025-08-26 09:00:00,1760,16,96.44,97.09,95.22,96.85,355000.0,34222000.0,derived_ohlc4
HOSE_MCH,MCH,2025-08-27 09:00:00,1761,16,97.26,99.37,97.26,99.29,474900.0,46680295.5,derived_ohlc4
HOSE_MCH,MCH,2025-08-28 09:00:00,1762,16,99.29,104.66,99.29,104.17,713100.0,72631017.75,derived_ohlc4
HOSE_MCH,MCH,2025-08-29 09:00:00,1763,16,104.58,107.02,104.58,105.96,639200.0,67457972.0,derived_ohlc4
HOSE_MCH,MCH,2025-09-03 09:00:00,1764,16,105.96,107.59,104.99,106.05,430200.0,45664654.5,derived_ohlc4
HOSE_MCH,MCH,2025-09-04 09:00:00,1765,16,106.05,107.43,106.05,107.18,278500.0,29709683.750000004,derived_ohlc4
HOSE_MCH,MCH,2025-09-05 09:00:00,1766,16,107.35,107.59,106.05,106.21,478600.0,51114480.0,derived_ohlc4
HOSE_MCH,MCH,2025-09-08 09:00:00,1767,16,106.13,107.02,104.17,104.99,379600.0,40077219.0,derived_ohlc4
HOSE_MCH,MCH,2025-09-09 09:00:00,1768,16,104.99,105.39,104.17,105.07,331900.0,34817969.5,derived_ohlc4
HOSE_MCH,MCH,2025-09-10 09:00:00,1769,16,105.39,105.56,104.17,105.39,243000.0,25545982.5,derived_ohlc4
HOSE_MCH,MCH,2025-09-11 09:00:00,1770,16,105.39,105.39,102.55,103.52,391000.0,40747087.5,derived_ohlc4
HOSE_MCH,MCH,2025-09-12 09:00:00,1771,16,104.17,104.82,103.52,104.82,186800.0,19489311.0,derived_ohlc4
HOSE_MCH,MCH,2025-09-15 09:00:00,1772,16,104.5,105.23,104.5,104.74,190400.0,19942972.0,derived_ohlc4
HOSE_MCH,MCH,2025-09-16 09:00:00,1773,16,104.91,105.39,103.36,104.91,458900.0,48020443.25000001,derived_ohlc4
HOSE_MCH,MCH,2025-09-17 09:00:00,1774,16,104.91,104.91,103.52,104.26,211700.0,22101480.0,derived_ohlc4
HOSE_MCH,MCH,2025-09-18 09:00:00,1775,16,104.17,104.5,103.44,104.17,168100.0,17494167.0,derived_ohlc4
HOSE_MCH,MCH,2025-09-19 09:00:00,1776,16,104.17,106.21,103.68,105.39,246600.0,25859092.5,derived_ohlc4
HOSE_MCH,MCH,2025-09-22 09:00:00,1777,16,105.64,105.64,103.68,104.17,127800.0,13391203.500000002,derived_ohlc4
HOSE_MCH,MCH,2025-09-23 09:00:00,1778,16,104.34,104.99,104.01,104.17,173300.0,18088620.75,derived_ohlc4
HOSE_MCH,MCH,2025-09-24 09:00:00,1779,16,104.5,105.56,103.85,105.39,152800.0,16017259.999999998,derived_ohlc4
HOSE_MCH,MCH,2025-09-25 09:00:00,1780,16,104.58,105.39,103.93,105.39,181000.0,18972872.5,derived_ohlc4
HOSE_MCH,MCH,2025-09-26 09:00:00,1781,16,104.99,106.62,104.99,105.88,204500.0,21599290.0,derived_ohlc4
HOSE_MCH,MCH,2025-09-29 09:00:00,1782,16,105.88,106.62,105.88,106.13,162300.0,17224493.25,derived_ohlc4
HOSE_MCH,MCH,2025-09-30 09:00:00,1783,16,105.96,105.96,103.85,105.15,188400.0,19825331.999999996,derived_ohlc4
HOSE_MCH,MCH,2025-10-01 09:00:00,1784,16,104.99,105.48,104.42,104.82,49400.0,5183418.5,derived_ohlc4
HOSE_MCH,MCH,2025-10-02 09:00:00,1785,16,104.17,104.99,104.17,104.26,171500.0,17904171.25,derived_ohlc4
HOSE_MCH,MCH,2025-10-03 09:00:00,1786,16,104.17,104.58,102.95,104.17,194500.0,20221678.75,derived_ohlc4
HOSE_MCH,MCH,2025-10-06 09:00:00,1787,16,104.74,105.8,104.01,105.56,148600.0,15607086.5,derived_ohlc4
HOSE_MCH,MCH,2025-10-07 09:00:00,1788,16,105.56,109.87,105.31,107.84,248300.0,26604103.500000004,derived_ohlc4
HOSE_MCH,MCH,2025-10-08 09:00:00,1789,16,108.65,109.06,106.94,107.27,65900.0,7115881.999999999,derived_ohlc4
HOSE_MCH,MCH,2025-10-09 09:00:00,1790,16,107.84,109.22,107.84,109.22,265200.0,28782156.0,derived_ohlc4
HOSE_MCH,MCH,2025-10-10 09:00:00,1791,16,109.22,118.82,109.06,117.28,885100.0,100542934.5,derived_ohlc4
HOSE_MCH,MCH,2025-10-13 09:00:00,1792,16,117.28,124.52,114.75,123.54,713200.0,85600047.0,derived_ohlc4
HOSE_MCH,MCH,2025-10-14 09:00:00,1793,16,123.54,125.33,119.64,121.35,498600.0,61061049.0,derived_ohlc4
HOSE_MCH,MCH,2025-10-15 09:00:00,1794,16,121.75,122.0,118.9,121.18,412600.0,49907064.5,derived_ohlc4
HOSE_MCH,MCH,2025-10-16 09:00:00,1795,16,121.18,122.81,119.64,120.29,662500.0,80149250.0,derived_ohlc4
HOSE_MCH,MCH,2025-10-17 09:00:00,1796,16,121.1,121.51,116.79,118.5,229200.0,27383670.000000004,derived_ohlc4
HOSE_MCH,MCH,2025-10-20 09:00:00,1797,16,117.68,117.68,112.31,112.72,645200.0,74260907.0,derived_ohlc4
HOSE_MCH,MCH,2025-10-21 09:00:00,1798,16,101.73,115.16,101.73,114.51,316400.0,34260583.0,derived_ohlc4
HOSE_MCH,MCH,2025-10-22 09:00:00,1799,16,113.7,117.85,113.7,116.38,186200.0,21488876.5,derived_ohlc4
HOSE_MCH,MCH,2025-10-23 09:00:00,1800,16,116.95,117.6,116.38,116.79,201200.0,23526316.0,derived_ohlc4
HOSE_MCH,MCH,2025-10-24 09:00:00,1801,16,117.2,118.74,116.38,118.01,354000.0,41624205.0,derived_ohlc4
HOSE_MCH,MCH,2025-10-27 09:00:00,1802,16,105.8,122.08,105.8,121.18,451700.0,51365065.5,derived_ohlc4
HOSE_MCH,MCH,2025-10-28 09:00:00,1803,16,120.86,122.89,120.86,122.0,485900.0,59110949.75,derived_ohlc4
HOSE_MCH,MCH,2025-10-29 09:00:00,1804,16,121.92,126.96,121.92,126.07,593500.0,73723086.25,derived_ohlc4
HOSE_MCH,MCH,2025-10-30 09:00:00,1805,16,125.66,132.66,125.66,129.73,726000.0,93238365.0,derived_ohlc4
HOSE_MCH,MCH,2025-10-31 09:00:00,1806,16,131.84,132.66,128.59,129.81,343700.0,44930182.50000001,derived_ohlc4
HOSE_MCH,MCH,2025-11-03 09:00:00,1807,16,129.73,143.73,129.73,142.34,1311000.0,178797457.5,derived_ohlc4
HOSE_MCH,MCH,2025-11-04 09:00:00,1808,16,139.58,151.38,139.58,148.61,1799900.0,260603021.25000003,derived_ohlc4
HOSE_MCH,MCH,2025-11-05 09:00:00,1809,16,148.94,158.7,148.12,152.11,1239200.0,188318126.0,derived_ohlc4
HOSE_MCH,MCH,2025-11-06 09:00:00,1810,16,154.55,161.14,142.43,147.8,1216200.0,184229976.00000003,derived_ohlc4
HOSE_MCH,MCH,2025-11-07 09:00:00,1811,16,151.38,160.33,147.8,158.54,1730800.0,267430235.00000003,derived_ohlc4
HOSE_MCH,MCH,2025-11-10 09:00:00,1812,16,158.54,166.84,157.89,162.77,1173800.0,189580438.0,derived_ohlc4
HOSE_MCH,MCH,2025-11-11 09:00:00,1813,16,163.58,169.28,161.96,167.66,877900.0,145397798.0,derived_ohlc4
HOSE_MCH,MCH,2025-11-12 09:00:00,1814,16,168.47,175.71,168.47,175.71,766700.0,131941403.0,derived_ohlc4
HOSE_MCH,MCH,2025-11-13 09:00:00,1815,16,174.98,179.46,174.98,176.28,1217600.0,214815079.99999997,derived_ohlc4
HOSE_MCH,MCH,2025-11-14 09:00:00,1816,16,177.42,180.51,176.61,177.34,723100.0,128690107.0,derived_ohlc4
HOSE_MCH,MCH,2025-11-17 09:00:00,1817,16,176.61,179.86,176.61,178.24,499500.0,88826085.0,derived_ohlc4
HOSE_MCH,MCH,2025-11-18 09:00:00,1818,16,179.05,179.05,174.16,174.98,457700.0,80925937.0,derived_ohlc4
HOSE_MCH,MCH,2025-11-19 09:00:00,1819,16,170.91,178.15,170.91,173.51,633000.0,109743210.0,derived_ohlc4
HOSE_MCH,MCH,2025-11-20 09:00:00,1820,16,173.35,175.79,173.35,174.82,334800.0,58364846.99999999,derived_ohlc4
HOSE_MCH,MCH,2025-11-21 09:00:00,1821,16,174.9,175.06,171.15,171.4,780000.0,135039450.0,derived_ohlc4
HOSE_MCH,MCH,2025-11-24 09:00:00,1822,16,171.4,174.98,170.75,174.16,389100.0,67245234.75,derived_ohlc4
HOSE_MCH,MCH,2025-11-25 09:00:00,1823,16,174.98,175.14,174.16,174.25,351300.0,61348397.25,derived_ohlc4
HOSE_MCH,MCH,2025-11-26 09:00:00,1824,16,174.74,179.05,174.74,175.55,228000.0,40132559.99999999,derived_ohlc4
HOSE_MCH,MCH,2025-11-27 09:00:00,1825,16,176.61,176.61,175.55,176.12,82100.0,14467867.25,derived_ohlc4
HOSE_MCH,MCH,2025-11-28 09:00:00,1826,16,176.53,177.01,174.65,175.87,211700.0,37262375.5,derived_ohlc4
HOSE_MCH,MCH,2025-12-01 09:00:00,1827,16,175.79,176.61,175.79,176.12,270300.0,47593748.25,derived_ohlc4
HOSE_MCH,MCH,2025-12-02 09:00:00,1828,16,176.12,187.19,176.12,178.8,773400.0,138869770.5,derived_ohlc4
HOSE_MCH,MCH,2025-12-03 09:00:00,1829,16,180.68,181.25,179.05,179.29,471700.0,84937839.75,derived_ohlc4
HOSE_MCH,MCH,2025-12-04 09:00:00,1830,16,179.29,181.08,178.64,179.7,262100.0,47093472.75,derived_ohlc4
HOSE_MCH,MCH,2025-12-05 09:00:00,1831,16,180.84,182.3,171.72,176.69,230600.0,41020857.5,derived_ohlc4
HOSE_MCH,MCH,2025-12-08 09:00:00,1832,16,174.98,175.79,174.16,174.74,112400.0,19660727.0,derived_ohlc4
HOSE_MCH,MCH,2025-12-09 09:00:00,1833,16,174.57,175.79,174.16,174.74,115700.0,20226095.5,derived_ohlc4
HOSE_MCH,MCH,2025-12-10 09:00:00,1834,16,174.82,174.82,174.08,174.57,135500.0,23654573.75,derived_ohlc4
HOSE_MCH,MCH,2025-12-11 09:00:00,1835,16,172.54,177.42,172.54,176.44,179400.0,31347459.000000004,derived_ohlc4
HOSE_MCH,MCH,2025-12-12 09:00:00,1836,16,176.2,177.42,173.35,173.35,304300.0,53276844.00000001,derived_ohlc4
HOSE_MCH,MCH,2025-12-15 09:00:00,1837,16,173.43,175.39,171.72,172.38,330100.0,57183223.0,derived_ohlc4
HOSE_MCH,MCH,2025-12-16 09:00:00,1838,16,171.72,174.9,171.72,174.0,418200.0,72384147.0,derived_ohlc4
HOSE_MCH,MCH,2025-12-17 09:00:00,1839,16,174.16,174.25,172.62,172.94,153600.0,26648448.0,derived_ohlc4
HOSE_MCH,MCH,2025-12-25 09:00:00,1845,17,179.05,181.9,173.19,181.9,1009000.0,180621090.00000003,derived_ohlc4
HOSE_MCH,MCH,2025-12-26 09:00:00,1846,17,175.79,180.27,175.79,179.05,295000.0,52428875.00000001,derived_ohlc4
HOSE_MCH,MCH,2025-12-29 09:00:00,1847,17,179.05,179.13,174.16,179.13,643900.0,114528883.25,derived_ohlc4
HOSE_MCH,MCH,2025-12-30 09:00:00,1848,17,178.97,180.02,178.24,180.02,382800.0,68640825.0,derived_ohlc4
HOSE_MCH,MCH,2025-12-31 09:00:00,1849,17,180.02,183.12,180.02,180.68,142000.0,25696319.999999996,derived_ohlc4
HOSE_MCH,MCH,2026-01-05 09:00:00,1850,17,182.22,182.22,175.63,180.02,458700.0,82576320.74999999,derived_ohlc4
HOSE_MCH,MCH,2026-01-06 09:00:00,1851,17,179.54,179.54,178.07,179.05,148900.0,26660545.0,derived_ohlc4
HOSE_MCH,MCH,2026-01-07 09:00:00,1852,17,177.66,179.05,176.36,179.05,403200.0,71781696.00000001,derived_ohlc4
HOSE_MCH,MCH,2026-01-08 09:00:00,1853,17,177.58,177.58,175.3,176.2,494300.0,87325509.50000001,derived_ohlc4
HOSE_MCH,MCH,2026-01-09 09:00:00,1854,17,175.0,179.1,170.0,176.0,189200.0,33114730.0,derived_ohlc4
HOSE_MCH,MCH,2026-01-12 09:00:00,1855,17,172.5,173.1,170.0,172.8,110800.0,19068680.000000004,derived_ohlc4
HOSE_MCH,MCH,2026-01-13 09:00:00,1856,17,171.5,172.8,164.0,169.9,321200.0,54459460.0,derived_ohlc4
HOSE_MCH,MCH,2026-01-14 09:00:00,1857,17,165.2,169.7,165.2,168.0,96300.0,16084507.499999998,derived_ohlc4
HOSE_MCH,MCH,2026-01-15 09:00:00,1858,17,165.5,167.9,163.9,165.0,373200.0,61792589.99999999,derived_ohlc4
HOSE_MCH,MCH,2026-01-16 09:00:00,1859,17,165.0,165.0,156.0,160.0,488100.0,78828150.0,derived_ohlc4
HOSE_MCH,MCH,2026-01-19 09:00:00,1860,17,160.0,160.0,155.0,160.0,306300.0,48625125.0,derived_ohlc4
HOSE_MCH,MCH,2026-01-20 09:00:00,1861,17,160.0,165.0,160.0,161.8,244400.0,39519480.0,derived_ohlc4
HOSE_MCH,MCH,2026-01-21 09:00:00,1862,17,161.8,162.0,158.0,159.8,188700.0,30267480.0,derived_ohlc4
HOSE_MCH,MCH,2026-01-22 09:00:00,1863,17,160.5,160.5,156.0,158.8,214200.0,34047090.0,derived_ohlc4
HOSE_MCH,MCH,2026-01-23 09:00:00,1864,17,158.9,160.0,157.5,158.8,166700.0,26471960.000000004,derived_ohlc4
HOSE_MCH,MCH,2026-01-26 09:00:00,1865,17,160.7,160.8,157.0,158.5,130600.0,20798050.0,derived_ohlc4
HOSE_MCH,MCH,2026-01-27 09:00:00,1866,17,158.5,158.9,156.0,158.5,148900.0,23522477.5,derived_ohlc4
HOSE_MCH,MCH,2026-01-28 09:00:00,1867,17,158.5,159.1,156.5,157.1,200500.0,31638900.000000004,derived_ohlc4
HOSE_MCH,MCH,2026-01-29 09:00:00,1868,17,156.5,162.0,156.5,158.1,471000.0,74547525.0,derived_ohlc4
HOSE_MCH,MCH,2026-01-30 09:00:00,1869,17,161.9,161.9,158.2,159.1,203900.0,32680072.5,derived_ohlc4
HOSE_MCH,MCH,2026-02-02 09:00:00,1870,17,159.0,159.2,152.9,153.9,195300.0,30515625.0,derived_ohlc4
HOSE_MCH,MCH,2026-02-03 09:00:00,1871,17,153.9,156.9,152.1,155.6,220900.0,34156662.5,derived_ohlc4
HOSE_MCH,MCH,2026-02-04 09:00:00,1872,17,155.6,158.2,155.0,157.2,177600.0,27794400.0,derived_ohlc4
HOSE_MCH,MCH,2026-02-05 09:00:00,1873,17,157.2,158.0,154.6,154.6,114100.0,17811010.0,derived_ohlc4
HOSE_MCH,MCH,2026-02-06 09:00:00,1874,17,154.6,154.6,151.8,152.3,113500.0,17402387.5,derived_ohlc4
HOSE_MCH,MCH,2026-02-09 09:00:00,1875,17,152.3,152.4,151.2,152.3,122300.0,18595715.0,derived_ohlc4
HOSE_MCH,MCH,2026-02-10 09:00:00,1876,17,152.2,152.2,141.7,150.0,349800.0,52128944.99999999,derived_ohlc4
HOSE_MCH,MCH,2026-02-11 09:00:00,1877,17,150.0,150.0,143.1,150.0,107200.0,15895080.0,derived_ohlc4
HOSE_MCH,MCH,2026-02-12 09:00:00,1878,17,145.7,150.0,144.7,149.0,225300.0,33197955.0,derived_ohlc4
HOSE_MCH,MCH,2026-02-13 09:00:00,1879,17,145.0,149.0,145.0,149.0,70200.0,10319400.0,derived_ohlc4
HOSE_MCH,MCH,2026-02-23 09:00:00,1880,17,149.0,149.0,145.6,149.0,84400.0,12503860.0,derived_ohlc4
HOSE_MCH,MCH,2026-02-24 09:00:00,1881,17,147.0,149.0,145.8,149.0,52500.0,7754249.999999999,derived_ohlc4
HOSE_MCH,MCH,2026-02-25 09:00:00,1882,17,146.8,148.5,138.6,147.0,216100.0,31383122.5,derived_ohlc4
HOSE_MCH,MCH,2026-02-26 09:00:00,1883,17,146.0,146.0,144.0,146.0,49000.0,7129500.0,derived_ohlc4
HOSE_MCH,MCH,2026-02-27 09:00:00,1884,17,144.1,144.5,139.0,141.0,325500.0,46269825.0,derived_ohlc4
HOSE_MCH,MCH,2026-03-02 09:00:00,1885,17,135.0,141.0,134.8,141.0,259700.0,35825615.0,derived_ohlc4
HOSE_MCH,MCH,2026-03-03 09:00:00,1886,17,137.0,150.8,137.0,150.8,439500.0,63244050.0,derived_ohlc4
HOSE_MCH,MCH,2026-03-04 09:00:00,1887,17,152.0,160.0,151.1,160.0,808500.0,125944087.5,derived_ohlc4
HOSE_MCH,MCH,2026-03-05 09:00:00,1888,17,165.0,166.0,150.0,150.1,322900.0,50945547.5,derived_ohlc4
HOSE_MCH,MCH,2026-03-06 09:00:00,1889,17,149.5,149.5,141.8,142.1,217700.0,31724332.5,derived_ohlc4
HOSE_MCH,MCH,2026-03-09 09:00:00,1890,17,132.5,133.4,132.2,132.2,208800.0,27681659.999999996,derived_ohlc4
HOSE_MCH,MCH,2026-03-10 09:00:00,1891,17,132.3,141.4,132.3,138.0,325900.0,44322400.0,derived_ohlc4
HOSE_MCH,MCH,2026-03-11 09:00:00,1892,17,136.5,145.0,136.5,145.0,94000.0,13230500.0,derived_ohlc4
HOSE_MCH,MCH,2026-03-12 09:00:00,1893,17,145.2,145.2,138.5,140.4,118400.0,16851280.0,derived_ohlc4
HOSE_MCH,MCH,2026-03-13 09:00:00,1894,17,139.0,140.4,135.2,140.0,383200.0,53130679.99999999,derived_ohlc4
HOSE_MCH,MCH,2026-03-16 09:00:00,1895,17,149.8,149.8,148.1,149.8,1482800.0,221493250.0,derived_ohlc4
HOSE_MCH,MCH,2026-03-17 09:00:00,1896,17,153.9,160.2,150.3,160.2,2588200.0,404147430.0,derived_ohlc4
HOSE_MCH,MCH,2026-03-18 09:00:00,1897,17,162.0,163.0,150.2,161.0,413100.0,65703555.00000001,derived_ohlc4
HOSE_MCH,MCH,2026-03-19 09:00:00,1898,17,155.5,161.0,154.0,161.0,820800.0,129583800.0,derived_ohlc4
HOSE_MCH,MCH,2026-03-20 09:00:00,1899,17,158.0,159.0,155.0,155.0,2211200.0,346605600.0,derived_ohlc4
HOSE_MCH,MCH,2026-03-23 09:00:00,1900,17,147.5,150.0,144.2,145.6,485800.0,71327585.0,derived_ohlc4
HOSE_MCH,MCH,2026-03-24 09:00:00,1901,17,149.1,150.0,143.5,147.5,113800.0,16788345.0,derived_ohlc4
HOSE_MCH,MCH,2026-03-25 09:00:00,1902,17,147.5,148.0,144.0,147.5,196800.0,28880400.0,derived_ohlc4
HOSE_MCH,MCH,2026-03-26 09:00:00,1903,17,147.4,147.4,144.5,147.0,62400.0,9146280.0,derived_ohlc4
HOSE_MCH,MCH,2026-03-27 09:00:00,1904,17,146.0,146.0,141.9,145.2,224100.0,32444077.499999996,derived_ohlc4
HOSE_MCH,MCH,2026-03-30 09:00:00,1905,17,144.0,144.8,140.2,144.5,178200.0,25549425.0,derived_ohlc4
HOSE_MCH,MCH,2026-03-31 09:00:00,1906,17,144.5,144.5,141.7,144.0,169900.0,24410382.500000004,derived_ohlc4
HOSE_MCH,MCH,2026-04-01 09:00:00,1907,17,144.0,145.0,143.0,144.0,171100.0,24638400.0,derived_ohlc4
HOSE_MCH,MCH,2026-04-02 09:00:00,1908,17,142.0,142.8,139.8,141.0,266400.0,37668960.0,derived_ohlc4
HOSE_MCH,MCH,2026-04-03 09:00:00,1909,17,141.0,143.0,138.1,140.7,206600.0,29068619.999999996,derived_ohlc4
HOSE_MCH,MCH,2026-04-06 09:00:00,1910,17,139.9,142.4,139.6,140.1,191400.0,26891700.0,derived_ohlc4
HOSE_MCH,MCH,2026-04-07 09:00:00,1911,17,140.1,140.1,138.6,140.1,172400.0,24088590.0,derived_ohlc4
HOSE_MCH,MCH,2026-04-08 09:00:00,1912,17,143.4,143.4,140.0,141.2,200700.0,28499400.0,derived_ohlc4
HOSE_MCH,MCH,2026-04-09 09:00:00,1913,17,141.2,141.2,137.6,140.4,376500.0,52747650.0,derived_ohlc4
HOSE_MCH,MCH,2026-04-10 09:00:00,1914,17,140.4,140.6,139.5,140.0,257900.0,36138237.5,derived_ohlc4
HOSE_MCH,MCH,2026-04-13 09:00:00,1915,17,140.0,140.0,138.2,140.0,312000.0,43539600.0,derived_ohlc4
HOSE_MCH,MCH,2026-04-14 09:00:00,1916,17,140.0,140.3,139.0,140.0,301900.0,42213167.5,derived_ohlc4
HOSE_MCH,MCH,2026-04-15 09:00:00,1917,17,140.0,140.0,139.0,140.0,319800.0,44692050.0,derived_ohlc4
HOSE_MCH,MCH,2026-04-16 09:00:00,1918,17,140.0,140.1,139.0,140.0,301100.0,42086252.5,derived_ohlc4
HOSE_MCH,MCH,2026-04-17 09:00:00,1919,17,140.0,143.7,139.6,141.0,303600.0,42830370.0,derived_ohlc4
HOSE_MCH,MCH,2026-04-20 09:00:00,1920,17,141.0,141.6,140.6,141.3,311400.0,43946325.0,derived_ohlc4
HOSE_MCH,MCH,2026-04-21 09:00:00,1921,17,141.2,141.3,139.5,140.1,337100.0,47370977.5,derived_ohlc4
HOSE_MCH,MCH,2026-04-22 09:00:00,1922,17,139.8,140.1,138.3,140.1,331100.0,46213282.49999999,derived_ohlc4
HOSE_MCH,MCH,2026-04-23 09:00:00,1923,17,138.7,140.0,138.1,140.0,330100.0,45949919.99999999,derived_ohlc4
HOSE_MCH,MCH,2026-04-24 09:00:00,1924,17,140.0,140.3,138.3,139.5,237000.0,33067425.0,derived_ohlc4
HOSE_MCH,MCH,2026-04-28 09:00:00,1925,17,137.7,139.5,137.7,139.5,82600.0,11448360.0,derived_ohlc4
HOSE_MCH,MCH,2026-04-29 09:00:00,1926,17,137.7,138.0,135.0,137.0,218500.0,29918112.500000004,derived_ohlc4
HOSE_MCH,MCH,2026-05-04 09:00:00,1927,17,137.0,138.0,133.0,136.5,192300.0,26176837.5,derived_ohlc4
HOSE_MCH,MCH,2026-05-05 09:00:00,1928,17,136.5,136.5,134.0,135.0,42900.0,5812950.0,derived_ohlc4
HOSE_MCH,MCH,2026-05-06 09:00:00,1929,17,134.0,135.0,131.0,131.7,294300.0,39119827.5,derived_ohlc4
HOSE_MCH,MCH,2026-05-07 09:00:00,1930,17,131.2,134.7,130.5,131.7,427100.0,56387877.49999999,derived_ohlc4
HOSE_MCH,MCH,2026-05-08 09:00:00,1931,17,131.2,132.6,130.5,130.8,101100.0,13271902.499999998,derived_ohlc4
HOSE_MCH,MCH,2026-05-11 09:00:00,1932,17,130.9,131.4,126.0,126.0,489600.0,62950319.99999999,derived_ohlc4
HOSE_MCH,MCH,2026-05-12 09:00:00,1933,17,125.1,126.5,125.0,126.0,441900.0,55524735.0,derived_ohlc4
HOSE_MCH,MCH,2026-05-13 09:00:00,1934,17,125.6,130.0,125.6,130.0,434100.0,55477980.0,derived_ohlc4
HOSE_MCH,MCH,2026-05-14 09:00:00,1935,17,131.9,134.4,130.1,134.0,450600.0,59749560.0,derived_ohlc4
HOSE_MCH,MCH,2026-05-15 09:00:00,1936,17,135.0,135.5,132.1,133.0,102000.0,13657800.0,derived_ohlc4
HOSE_MCH,MCH,2026-05-18 09:00:00,1937,17,132.8,133.0,130.0,132.0,429200.0,56632939.99999999,derived_ohlc4
HOSE_MCH,MCH,2026-05-19 09:00:00,1938,17,133.7,133.7,131.0,131.0,450500.0,59623675.0,derived_ohlc4
HOSE_MCH,MCH,2026-05-20 09:00:00,1939,17,131.8,131.8,128.1,131.0,109800.0,14348115.000000002,derived_ohlc4
HOSE_MCH,MCH,2026-05-21 09:00:00,1940,17,131.0,132.0,130.3,131.0,432600.0,56703044.99999999,derived_ohlc4
HOSE_MCH,MCH,2026-05-22 09:00:00,1941,17,131.0,131.0,129.0,130.4,433100.0,56454585.0,derived_ohlc4
HOSE_MCH,MCH,2026-05-25 09:00:00,1942,17,128.3,131.0,128.3,131.0,115400.0,14961610.0,derived_ohlc4
HOSE_MCH,MCH,2026-05-26 09:00:00,1943,17,131.9,131.9,130.2,131.8,438900.0,57693404.99999999,derived_ohlc4
HOSE_MCH,MCH,2026-05-27 09:00:00,1944,17,132.1,132.5,131.3,132.2,449600.0,59358440.0,derived_ohlc4
HOSE_MCH,MCH,2026-05-28 09:00:00,1945,17,132.3,132.3,130.0,130.5,63300.0,8309707.5,derived_ohlc4
HOSE_MCH,MCH,2026-05-29 09:00:00,1946,17,129.0,135.0,127.5,135.0,142400.0,18743400.0,derived_ohlc4
HOSE_MCH,MCH,2026-06-01 09:00:00,1947,17,133.8,134.0,131.4,132.5,467500.0,62142437.50000001,derived_ohlc4
HOSE_MCH,MCH,2026-06-02 09:00:00,1948,17,133.9,133.9,131.6,132.5,490600.0,65237535.0,derived_ohlc4
HOSE_MCH,MCH,2026-06-03 09:00:00,1949,17,131.6,132.5,130.1,132.5,99500.0,13101662.500000002,derived_ohlc4
HOSE_MCH,MCH,2026-06-04 09:00:00,1950,17,132.0,133.0,131.0,132.5,463700.0,61266362.5,derived_ohlc4
HOSE_MCH,MCH,2026-06-05 09:00:00,1951,17,132.4,132.4,130.5,131.5,104800.0,13802159.999999998,derived_ohlc4
HOSE_MCH,MCH,2026-06-08 09:00:00,1952,17,131.0,131.5,128.5,129.5,482500.0,62785312.5,derived_ohlc4
HOSE_MCH,MCH,2026-06-09 09:00:00,1953,17,129.5,130.0,129.0,130.0,461300.0,59796012.5,derived_ohlc4
HOSE_MCH,MCH,2026-06-10 09:00:00,1954,17,130.0,130.5,129.5,130.3,93200.0,12122989.999999998,derived_ohlc4
HOSE_MCH,MCH,2026-06-11 09:00:00,1955,17,130.3,130.3,129.4,130.3,463100.0,60237732.49999999,derived_ohlc4
HOSE_MCH,MCH,2026-06-12 09:00:00,1956,17,130.2,130.3,129.4,130.3,473100.0,61526655.00000001,derived_ohlc4
HOSE_MCH,MCH,2026-06-15 09:00:00,1957,17,129.5,130.3,129.3,130.3,106100.0,13777085.000000002,derived_ohlc4
HOSE_MCH,MCH,2026-06-16 09:00:00,1958,17,130.4,130.4,129.3,130.3,472400.0,61459240.00000001,derived_ohlc4
HOSE_MCH,MCH,2026-06-17 09:00:00,1959,17,129.5,130.3,129.3,130.0,477200.0,61928630.0,derived_ohlc4
HOSE_MCH,MCH,2026-06-18 09:00:00,1960,17,129.4,130.0,129.1,130.0,105900.0,13727287.5,derived_ohlc4
HOSE_MCH,MCH,2026-06-19 09:00:00,1961,17,129.5,130.0,126.5,126.5,466100.0,59719062.5,derived_ohlc4
HOSE_MCH,MCH,2026-06-22 09:00:00,1962,17,126.5,128.9,126.5,128.5,463400.0,59129840.0,derived_ohlc4
HOSE_MCH,MCH,2026-06-23 09:00:00,1963,17,128.6,129.2,127.0,127.1,240200.0,30739595.0,derived_ohlc4
HOSE_MCH,MCH,2026-06-24 09:00:00,1964,17,128.3,128.3,126.1,128.0,472400.0,60313670.00000001,derived_ohlc4
HOSE_MCH,MCH,2026-06-25 09:00:00,1965,17,127.1,128.6,127.0,128.0,289900.0,37012982.5,derived_ohlc4
HOSE_MCH,MCH,2026-06-26 09:00:00,1966,17,127.1,128.6,127.0,127.8,282700.0,36079587.5,derived_ohlc4
HOSE_MCH,MCH,2026-06-29 09:00:00,1967,17,128.9,132.2,128.8,131.0,216400.0,28180690.000000004,derived_ohlc4
HOSE_MCH,MCH,2026-06-30 09:00:00,1968,17,131.2,134.6,131.2,134.0,286600.0,38046150.0,derived_ohlc4
HOSE_MCH,MCH,2026-07-01 09:00:00,1969,17,135.0,141.5,135.0,140.7,884300.0,122077615.00000001,derived_ohlc4
HOSE_MCH,MCH,2026-07-02 09:00:00,1970,17,141.0,142.0,138.0,138.7,312700.0,43754547.5,derived_ohlc4
HOSE_MCH,MCH,2026-07-03 09:00:00,1971,17,138.7,141.4,138.7,140.4,627500.0,87724500.0,derived_ohlc4
HOSE_MCH,MCH,2026-07-06 09:00:00,1972,17,140.4,141.4,138.0,139.0,333700.0,46617889.99999999,derived_ohlc4
HOSE_MCH,MCH,2026-07-07 09:00:00,1973,17,137.9,139.5,137.0,137.6,140300.0,19361400.0,derived_ohlc4
HOSE_MCH,MCH,2026-07-08 09:00:00,1974,17,137.6,138.4,134.0,136.8,188100.0,25713269.999999996,derived_ohlc4
HOSE_MCH,MCH,2026-07-09 09:00:00,1975,17,134.6,135.2,132.8,133.8,174600.0,23413860.0,derived_ohlc4
HOSE_MCH,MCH,2026-07-10 09:00:00,1976,17,133.8,137.1,133.7,136.0,113700.0,15366554.999999998,derived_ohlc4
HOSE_MCH,MCH,2026-07-13 09:00:00,1977,17,136.8,136.8,133.1,134.0,95300.0,12882177.500000002,derived_ohlc4
HOSE_MCH,MCH,2026-07-14 09:00:00,1978,17,133.9,139.9,133.9,139.9,369600.0,50598240.0,derived_ohlc4
HOSE_MCH,MCH,2026-07-15 09:00:00,1979,17,140.0,141.8,137.2,138.0,166400.0,23171200.0,derived_ohlc4
HOSE_MCH,MCH,2026-07-16 09:00:00,1980,17,138.8,138.8,135.1,137.8,111800.0,15386475.0,derived_ohlc4
HOSE_MCH,MCH,2026-07-17 09:00:00,1981,17,137.8,140.0,136.5,138.9,309000.0,42734700.0,derived_ohlc4
HOSE_MCH,MCH,2026-07-20 09:00:00,1982,17,139.0,139.0,134.3,135.3,157300.0,21534370.0,derived_ohlc4
HOSE_MCH,MCH,2026-07-21 09:00:00,1983,17,135.1,138.2,134.5,137.8,376800.0,51395519.99999999,derived_ohlc4
HOSE_MCH,MCH,2026-07-22 09:00:00,1984,17,135.7,139.0,133.5,134.8,269700.0,36611775.0,derived_ohlc4
HOSE_MCH,MCH,2026-07-23 09:00:00,1985,17,134.8,136.0,133.3,136.0,106600.0,14393665.0,derived_ohlc4
HOSE_MCH,MCH,2026-07-24 09:00:00,1986,17,135.8,136.0,133.2,135.0,90200.0,12177000.0,derived_ohlc4
HOSE_MCH,MCH,2026-07-27 09:00:00,1987,17,135.0,138.0,135.0,137.5,553100.0,75429012.5,derived_ohlc4
HOSE_MCH,MCH,2026-07-28 09:00:00,1988,17,137.5,139.4,135.5,138.9,805000.0,110949124.99999999,derived_ohlc4
HOSE_MCH,MCH,2026-07-29 09:00:00,1989,17,139.0,139.6,137.0,138.9,712100.0,98714862.5,derived_ohlc4
HOSE_MCH,MCH,2026-07-30 09:00:00,1990,17,138.9,142.9,137.0,142.9,995500.0,139793087.5,derived_ohlc4
HOSE_MCH,MCH,2026-07-31 09:00:00,1991,17,143.0,143.6,139.9,141.0,1491200.0,211564000.0,derived_ohlc4
HOSE_MCH,MCH,2026-08-03 09:00:00,1992,17,140.9,141.0,136.8,137.7,443000.0,61621300.0,derived_ohlc4
HOSE_MCH,MCH,2026-08-04 09:00:00,1993,17,137.6,138.1,135.3,138.0,248000.0,34038000.0,derived_ohlc4
HOSE_MCH,MCH,2026-08-05 09:00:00,1994,17,138.0,138.0,137.0,137.0,226700.0,31171250.0,derived_ohlc4
HOSE_MCH,MCH,2026-08-06 09:00:00,1995,17,137.0,137.2,136.0,136.9,78400.0,10723160.0,derived_ohlc4
HOSE_MCH,MCH,2026-08-07 09:00:00,1996,17,136.9,137.0,135.0,136.9,279200.0,38096840.0,derived_ohlc4
