security_id,symbol,timestamps,session_id,segment_id,open,high,low,close,volume,amount,amount_source
UPCOM_MFS,MFS,2019-04-16 09:00:00,169,0,20.16,21.19,14.97,14.97,341000.0,6077472.500000001,derived_ohlc4
UPCOM_MFS,MFS,2019-04-17 09:00:00,170,0,15.15,15.78,14.4,14.97,180150.0,2715761.25,derived_ohlc4
UPCOM_MFS,MFS,2019-04-18 09:00:00,171,0,14.4,14.68,13.53,13.53,81360.0,1141887.6,derived_ohlc4
UPCOM_MFS,MFS,2019-04-19 09:00:00,172,0,13.53,15.95,13.07,15.95,165290.0,2417366.25,derived_ohlc4
UPCOM_MFS,MFS,2019-04-22 09:00:00,173,0,16.12,17.33,16.12,17.16,113910.0,1900303.5750000002,derived_ohlc4
UPCOM_MFS,MFS,2019-04-23 09:00:00,174,0,16.82,17.28,15.89,16.12,36760.0,607550.9,derived_ohlc4
UPCOM_MFS,MFS,2019-04-24 09:00:00,175,0,15.55,16.35,15.55,15.95,74364.0,1178669.4000000001,derived_ohlc4
UPCOM_MFS,MFS,2019-04-25 09:00:00,176,0,15.61,15.89,15.26,15.32,61356.0,952245.12,derived_ohlc4
UPCOM_MFS,MFS,2019-04-26 09:00:00,177,0,15.66,16.18,15.2,16.07,68816.0,1085744.44,derived_ohlc4
UPCOM_MFS,MFS,2019-05-02 09:00:00,178,0,16.24,16.24,15.49,15.78,39850.0,635109.375,derived_ohlc4
UPCOM_MFS,MFS,2019-05-03 09:00:00,179,0,15.78,16.47,15.55,16.41,122966.0,1973911.7149999999,derived_ohlc4
UPCOM_MFS,MFS,2019-05-06 09:00:00,180,0,16.12,17.79,16.12,16.82,128350.0,2145049.375,derived_ohlc4
UPCOM_MFS,MFS,2019-05-07 09:00:00,181,0,17.05,17.56,17.05,17.22,53489.0,921080.58,derived_ohlc4
UPCOM_MFS,MFS,2019-05-08 09:00:00,182,0,17.22,17.28,16.47,16.82,54568.0,924791.1799999999,derived_ohlc4
UPCOM_MFS,MFS,2019-05-09 09:00:00,183,0,16.7,17.85,16.7,17.56,81350.0,1399423.375,derived_ohlc4
UPCOM_MFS,MFS,2019-05-10 09:00:00,184,0,17.74,17.74,16.87,16.99,74629.0,1293693.7149999999,derived_ohlc4
UPCOM_MFS,MFS,2019-05-13 09:00:00,185,0,17.05,18.31,17.05,17.85,109032.0,1915147.0799999998,derived_ohlc4
UPCOM_MFS,MFS,2019-05-14 09:00:00,186,0,17.56,19.58,17.28,17.62,113160.0,2038011.6,derived_ohlc4
UPCOM_MFS,MFS,2019-05-15 09:00:00,187,0,17.85,18.14,17.45,17.85,153558.0,2736787.4549999996,derived_ohlc4
UPCOM_MFS,MFS,2019-05-16 09:00:00,188,0,17.68,17.85,17.1,17.56,105700.0,1854770.75,derived_ohlc4
UPCOM_MFS,MFS,2019-05-17 09:00:00,189,0,17.28,17.85,16.64,17.33,85944.0,1484682.5999999999,derived_ohlc4
UPCOM_MFS,MFS,2019-05-20 09:00:00,190,0,17.51,17.56,16.82,17.28,62756.0,1085208.1300000001,derived_ohlc4
UPCOM_MFS,MFS,2019-05-21 09:00:00,191,0,17.28,17.28,17.05,17.22,31000.0,533432.5,derived_ohlc4
UPCOM_MFS,MFS,2019-05-22 09:00:00,192,0,17.16,17.79,17.16,17.28,87035.0,1509839.6625,derived_ohlc4
UPCOM_MFS,MFS,2019-05-23 09:00:00,193,0,17.22,17.33,17.1,17.16,38568.0,663466.02,derived_ohlc4
UPCOM_MFS,MFS,2019-05-24 09:00:00,194,0,16.87,17.22,16.59,16.59,66451.0,1117539.6925000001,derived_ohlc4
UPCOM_MFS,MFS,2019-05-27 09:00:00,195,0,17.16,17.16,15.95,16.35,100110.0,1667332.05,derived_ohlc4
UPCOM_MFS,MFS,2019-05-28 09:00:00,196,0,16.18,16.82,16.18,16.59,54900.0,902693.25,derived_ohlc4
UPCOM_MFS,MFS,2019-05-29 09:00:00,197,0,16.7,17.33,16.41,17.1,71543.0,1208003.555,derived_ohlc4
UPCOM_MFS,MFS,2019-05-30 09:00:00,198,0,16.87,17.22,16.59,16.93,62160.0,1050659.4000000001,derived_ohlc4
UPCOM_MFS,MFS,2019-05-31 09:00:00,199,0,16.99,16.99,16.47,16.53,40554.0,679076.7299999999,derived_ohlc4
UPCOM_MFS,MFS,2019-06-03 09:00:00,200,0,16.53,16.82,15.95,16.18,11067.0,181166.78999999998,derived_ohlc4
UPCOM_MFS,MFS,2019-06-04 09:00:00,201,0,15.89,16.24,15.89,16.18,17700.0,284084.99999999994,derived_ohlc4
UPCOM_MFS,MFS,2019-06-05 09:00:00,202,0,16.24,16.76,16.24,16.35,27500.0,450931.25,derived_ohlc4
UPCOM_MFS,MFS,2019-06-06 09:00:00,203,0,16.3,16.99,16.24,16.53,130701.0,2158527.015,derived_ohlc4
UPCOM_MFS,MFS,2019-06-07 09:00:00,204,0,16.7,19.0,16.64,17.91,286635.0,5034027.1875,derived_ohlc4
UPCOM_MFS,MFS,2019-06-10 09:00:00,205,0,18.43,19.46,18.14,18.95,141824.0,2658490.8800000004,derived_ohlc4
UPCOM_MFS,MFS,2019-06-11 09:00:00,206,0,18.72,19.87,18.43,19.52,140410.0,2686745.35,derived_ohlc4
UPCOM_MFS,MFS,2019-06-12 09:00:00,207,0,19.23,19.58,18.72,19.0,179163.0,3427836.0975,derived_ohlc4
UPCOM_MFS,MFS,2019-06-13 09:00:00,208,0,18.95,19.41,18.89,19.0,51374.0,979316.875,derived_ohlc4
UPCOM_MFS,MFS,2019-06-14 09:00:00,209,0,18.77,19.0,18.31,18.37,112120.0,2086833.5,derived_ohlc4
UPCOM_MFS,MFS,2019-06-17 09:00:00,210,0,18.14,18.54,17.91,18.31,117592.0,2143114.2,derived_ohlc4
UPCOM_MFS,MFS,2019-06-18 09:00:00,211,0,18.72,18.72,18.26,18.49,91850.0,1703587.875,derived_ohlc4
UPCOM_MFS,MFS,2019-06-19 09:00:00,212,0,18.43,19.58,18.08,19.35,348665.0,6575821.899999999,derived_ohlc4
UPCOM_MFS,MFS,2019-06-20 09:00:00,213,0,19.06,19.87,19.0,19.18,117796.0,2270812.39,derived_ohlc4
UPCOM_MFS,MFS,2019-06-21 09:00:00,214,0,19.18,19.58,18.95,19.23,79510.0,1529374.8499999999,derived_ohlc4
UPCOM_MFS,MFS,2019-06-24 09:00:00,215,0,19.29,20.5,19.29,20.21,238389.0,4725465.9525,derived_ohlc4
UPCOM_MFS,MFS,2019-06-25 09:00:00,216,0,20.04,20.62,19.58,19.58,135080.0,2695521.4,derived_ohlc4
UPCOM_MFS,MFS,2019-06-26 09:00:00,217,0,19.64,19.93,19.29,19.52,73241.0,1435157.395,derived_ohlc4
UPCOM_MFS,MFS,2019-06-27 09:00:00,218,0,19.75,19.75,18.49,19.0,244215.0,4700528.212499999,derived_ohlc4
UPCOM_MFS,MFS,2019-06-28 09:00:00,219,0,18.72,18.95,18.66,18.83,80480.0,1512219.2,derived_ohlc4
UPCOM_MFS,MFS,2019-07-01 09:00:00,220,0,19.0,19.29,18.72,18.83,113394.0,2149950.24,derived_ohlc4
UPCOM_MFS,MFS,2019-07-02 09:00:00,221,0,18.89,18.95,18.66,18.72,75324.0,1416467.82,derived_ohlc4
UPCOM_MFS,MFS,2019-07-03 09:00:00,222,0,19.0,19.0,18.54,18.77,44970.0,846672.675,derived_ohlc4
UPCOM_MFS,MFS,2019-07-04 09:00:00,223,0,18.72,18.77,18.02,18.37,219118.0,4047109.46,derived_ohlc4
UPCOM_MFS,MFS,2019-07-05 09:00:00,224,0,18.08,18.95,18.02,18.66,55293.0,1018911.7575,derived_ohlc4
UPCOM_MFS,MFS,2019-07-08 09:00:00,225,0,18.54,18.66,18.37,18.49,9200.0,170338.0,derived_ohlc4
UPCOM_MFS,MFS,2019-07-09 09:00:00,226,0,18.49,18.6,18.02,18.2,132470.0,2427843.9250000003,derived_ohlc4
UPCOM_MFS,MFS,2019-07-10 09:00:00,227,0,17.85,18.43,17.85,18.14,57185.0,1033189.9875000002,derived_ohlc4
UPCOM_MFS,MFS,2019-07-11 09:00:00,228,0,18.37,18.95,18.14,18.89,122000.0,2267675.0,derived_ohlc4
UPCOM_MFS,MFS,2019-07-12 09:00:00,229,0,18.72,19.0,18.6,18.6,89890.0,1683639.7,derived_ohlc4
UPCOM_MFS,MFS,2019-07-15 09:00:00,230,0,18.6,18.72,18.31,18.66,60200.0,1118064.4999999998,derived_ohlc4
UPCOM_MFS,MFS,2019-07-16 09:00:00,231,0,18.66,19.18,18.6,18.89,216802.0,4082923.6650000005,derived_ohlc4
UPCOM_MFS,MFS,2019-07-17 09:00:00,232,0,18.89,19.0,18.6,18.72,96564.0,1815644.61,derived_ohlc4
UPCOM_MFS,MFS,2019-07-18 09:00:00,233,0,18.95,18.95,18.37,18.72,85553.0,1603904.8675,derived_ohlc4
UPCOM_MFS,MFS,2019-07-19 09:00:00,234,0,18.95,19.98,18.83,19.52,425615.0,8222881.8,derived_ohlc4
UPCOM_MFS,MFS,2019-07-22 09:00:00,235,0,19.46,19.87,19.12,19.46,116525.0,2269615.6875,derived_ohlc4
UPCOM_MFS,MFS,2019-07-23 09:00:00,236,0,19.0,19.81,19.0,19.52,140330.0,2712929.725,derived_ohlc4
UPCOM_MFS,MFS,2019-07-24 09:00:00,237,0,19.35,19.93,19.23,19.81,203470.0,3983942.6000000006,derived_ohlc4
UPCOM_MFS,MFS,2019-07-25 09:00:00,238,0,20.51,20.57,19.6,19.6,159187.0,3194883.09,derived_ohlc4
UPCOM_MFS,MFS,2019-07-26 09:00:00,239,0,19.36,19.85,19.3,19.54,76625.0,1495145.3125000002,derived_ohlc4
UPCOM_MFS,MFS,2019-07-29 09:00:00,240,0,19.48,19.66,18.88,19.0,91970.0,1770882.3499999999,derived_ohlc4
UPCOM_MFS,MFS,2019-07-30 09:00:00,241,0,18.94,18.94,17.91,17.91,134320.0,2474846.0,derived_ohlc4
UPCOM_MFS,MFS,2019-07-31 09:00:00,242,0,17.91,19.3,17.85,19.3,119045.0,2213046.55,derived_ohlc4
UPCOM_MFS,MFS,2019-08-01 09:00:00,243,0,19.0,19.12,18.7,19.12,30400.0,577144.0000000001,derived_ohlc4
UPCOM_MFS,MFS,2019-08-02 09:00:00,244,0,18.88,19.54,18.4,19.36,85621.0,1630651.945,derived_ohlc4
UPCOM_MFS,MFS,2019-08-05 09:00:00,245,0,19.36,19.72,18.94,19.18,147858.0,2853659.3999999994,derived_ohlc4
UPCOM_MFS,MFS,2019-08-06 09:00:00,246,0,18.7,19.12,18.4,18.58,84700.0,1583890.0,derived_ohlc4
UPCOM_MFS,MFS,2019-08-07 09:00:00,247,0,18.82,20.09,18.52,19.06,81500.0,1558483.75,derived_ohlc4
UPCOM_MFS,MFS,2019-08-08 09:00:00,248,0,19.85,19.85,18.82,19.24,34330.0,667375.2000000001,derived_ohlc4
UPCOM_MFS,MFS,2019-08-09 09:00:00,249,0,19.06,19.06,18.7,18.82,29382.0,555613.6199999999,derived_ohlc4
UPCOM_MFS,MFS,2019-08-12 09:00:00,250,0,19.06,19.12,18.7,18.88,70218.0,1329928.92,derived_ohlc4
UPCOM_MFS,MFS,2019-08-13 09:00:00,251,0,18.94,18.94,18.28,18.28,56040.0,1042904.4,derived_ohlc4
UPCOM_MFS,MFS,2019-08-14 09:00:00,252,0,18.7,18.7,18.4,18.4,13580.0,251908.99999999997,derived_ohlc4
UPCOM_MFS,MFS,2019-08-15 09:00:00,253,0,18.4,18.46,17.55,18.22,104770.0,1902361.275,derived_ohlc4
UPCOM_MFS,MFS,2019-08-16 09:00:00,254,0,18.7,18.76,18.4,18.64,60128.0,1119884.0,derived_ohlc4
UPCOM_MFS,MFS,2019-08-19 09:00:00,255,0,18.82,19.18,18.7,18.82,70310.0,1327452.8000000003,derived_ohlc4
UPCOM_MFS,MFS,2019-08-20 09:00:00,256,0,18.94,19.0,18.52,18.7,27122.0,509622.38,derived_ohlc4
UPCOM_MFS,MFS,2019-08-21 09:00:00,257,0,18.46,18.7,18.22,18.28,112670.0,2074818.0499999998,derived_ohlc4
UPCOM_MFS,MFS,2019-08-22 09:00:00,258,0,18.7,18.7,17.98,18.1,67398.0,1238101.2599999998,derived_ohlc4
UPCOM_MFS,MFS,2019-08-23 09:00:00,259,0,18.1,18.1,17.43,17.49,110864.0,1971161.9200000002,derived_ohlc4
UPCOM_MFS,MFS,2019-08-26 09:00:00,260,0,17.49,17.73,17.13,17.31,153798.0,2678392.17,derived_ohlc4
UPCOM_MFS,MFS,2019-08-27 09:00:00,261,0,17.19,17.19,15.98,16.53,203665.0,3405787.9625,derived_ohlc4
UPCOM_MFS,MFS,2019-08-28 09:00:00,262,0,16.29,18.7,16.17,16.59,92860.0,1572816.25,derived_ohlc4
UPCOM_MFS,MFS,2019-08-29 09:00:00,263,0,16.59,16.71,16.04,16.29,37490.0,615117.1749999999,derived_ohlc4
UPCOM_MFS,MFS,2019-08-30 09:00:00,264,0,16.29,16.83,16.04,16.29,60611.0,991747.4874999998,derived_ohlc4
UPCOM_MFS,MFS,2019-09-03 09:00:00,265,0,16.41,16.41,14.6,14.9,133892.0,2086037.36,derived_ohlc4
UPCOM_MFS,MFS,2019-09-04 09:00:00,266,0,14.9,14.96,13.09,13.81,212883.0,3020809.7700000005,derived_ohlc4
UPCOM_MFS,MFS,2019-09-05 09:00:00,267,0,13.75,14.48,11.64,14.36,89500.0,1213396.25,derived_ohlc4
UPCOM_MFS,MFS,2019-09-06 09:00:00,268,0,14.48,15.08,14.36,14.48,76801.0,1121294.6,derived_ohlc4
UPCOM_MFS,MFS,2019-09-09 09:00:00,269,0,14.96,14.96,13.87,14.48,92592.0,1348833.96,derived_ohlc4
UPCOM_MFS,MFS,2019-09-11 09:00:00,271,1,14.3,14.3,13.51,13.81,34677.0,484784.46,derived_ohlc4
UPCOM_MFS,MFS,2019-09-12 09:00:00,272,1,13.75,14.78,13.51,14.3,62220.0,876368.7000000001,derived_ohlc4
UPCOM_MFS,MFS,2019-09-13 09:00:00,273,1,14.3,14.48,13.87,14.18,44171.0,627559.4824999999,derived_ohlc4
UPCOM_MFS,MFS,2019-09-16 09:00:00,274,1,14.3,14.36,13.87,14.24,34710.0,492621.67500000005,derived_ohlc4
UPCOM_MFS,MFS,2019-09-17 09:00:00,275,1,14.11,14.3,13.99,14.18,31900.0,451225.5,derived_ohlc4
UPCOM_MFS,MFS,2019-09-18 09:00:00,276,1,14.18,14.54,14.18,14.37,26481.0,379141.71749999997,derived_ohlc4
UPCOM_MFS,MFS,2019-09-19 09:00:00,277,1,14.54,14.6,14.36,14.42,34710.0,502600.8,derived_ohlc4
UPCOM_MFS,MFS,2019-09-20 09:00:00,278,1,14.42,14.48,14.18,14.36,171430.0,2461734.8,derived_ohlc4
UPCOM_MFS,MFS,2019-09-23 09:00:00,279,1,14.36,14.36,12.24,13.93,142510.0,1955593.475,derived_ohlc4
UPCOM_MFS,MFS,2019-09-24 09:00:00,280,1,13.87,14.18,13.75,13.87,26725.0,371945.18749999994,derived_ohlc4
UPCOM_MFS,MFS,2019-09-25 09:00:00,281,1,13.87,14.05,13.57,14.05,51500.0,715077.5000000001,derived_ohlc4
UPCOM_MFS,MFS,2019-09-26 09:00:00,282,1,14.18,14.18,13.75,13.81,20960.0,293020.8,derived_ohlc4
UPCOM_MFS,MFS,2019-09-27 09:00:00,283,1,13.81,13.81,13.75,13.81,38311.0,528500.2450000001,derived_ohlc4
UPCOM_MFS,MFS,2019-09-30 09:00:00,284,1,14.11,14.11,13.75,13.75,47691.0,664335.63,derived_ohlc4
UPCOM_MFS,MFS,2019-10-01 09:00:00,285,1,13.75,13.81,13.63,13.75,42544.0,584341.8400000001,derived_ohlc4
UPCOM_MFS,MFS,2019-10-02 09:00:00,286,1,13.69,13.75,13.57,13.69,35202.0,481387.35,derived_ohlc4
UPCOM_MFS,MFS,2019-10-03 09:00:00,287,1,13.63,13.75,13.57,13.69,42759.0,584087.9400000001,derived_ohlc4
UPCOM_MFS,MFS,2019-10-04 09:00:00,288,1,13.27,13.75,13.27,13.63,25710.0,346570.8,derived_ohlc4
UPCOM_MFS,MFS,2019-10-07 09:00:00,289,1,13.51,13.69,13.51,13.63,41360.0,561875.6000000001,derived_ohlc4
UPCOM_MFS,MFS,2019-10-08 09:00:00,290,1,13.63,13.69,13.63,13.63,28730.0,392020.85000000003,derived_ohlc4
UPCOM_MFS,MFS,2019-10-09 09:00:00,291,1,13.57,13.63,13.39,13.51,13392.0,181126.80000000002,derived_ohlc4
UPCOM_MFS,MFS,2019-10-10 09:00:00,292,1,13.81,13.81,13.51,13.51,21110.0,288362.6,derived_ohlc4
UPCOM_MFS,MFS,2019-10-11 09:00:00,293,1,13.57,13.57,13.27,13.51,20420.0,275261.6,derived_ohlc4
UPCOM_MFS,MFS,2019-10-14 09:00:00,294,1,13.39,13.51,13.39,13.51,8400.0,112980.0,derived_ohlc4
UPCOM_MFS,MFS,2019-10-15 09:00:00,295,1,13.99,13.99,13.45,13.63,14162.0,194939.93000000002,derived_ohlc4
UPCOM_MFS,MFS,2019-10-16 09:00:00,296,1,13.51,13.99,13.51,13.63,41255.0,563543.3,derived_ohlc4
UPCOM_MFS,MFS,2019-10-17 09:00:00,297,1,13.57,13.63,13.45,13.63,6014.0,81609.98000000001,derived_ohlc4
UPCOM_MFS,MFS,2019-10-18 09:00:00,298,1,13.39,13.63,13.39,13.51,18000.0,242640.0,derived_ohlc4
UPCOM_MFS,MFS,2019-10-21 09:00:00,299,1,13.57,13.57,13.39,13.45,10710.0,144531.45,derived_ohlc4
UPCOM_MFS,MFS,2019-10-22 09:00:00,300,1,13.45,13.63,11.46,13.45,43600.0,566691.0,derived_ohlc4
UPCOM_MFS,MFS,2019-10-23 09:00:00,301,1,13.45,13.57,13.45,13.45,10800.0,145584.0,derived_ohlc4
UPCOM_MFS,MFS,2019-10-24 09:00:00,302,1,13.39,13.51,13.39,13.39,22600.0,303292.0,derived_ohlc4
UPCOM_MFS,MFS,2019-10-25 09:00:00,303,1,13.45,14.11,13.45,13.81,58450.0,801057.25,derived_ohlc4
UPCOM_MFS,MFS,2019-10-28 09:00:00,304,1,13.87,14.11,13.87,13.93,13950.0,194532.74999999997,derived_ohlc4
UPCOM_MFS,MFS,2019-10-29 09:00:00,305,1,13.87,13.93,13.81,13.87,12100.0,167827.0,derived_ohlc4
UPCOM_MFS,MFS,2019-10-30 09:00:00,306,1,13.87,13.93,13.81,13.93,11700.0,162454.5,derived_ohlc4
UPCOM_MFS,MFS,2019-10-31 09:00:00,307,1,13.87,14.05,13.81,13.87,15101.0,209903.9,derived_ohlc4
UPCOM_MFS,MFS,2019-11-01 09:00:00,308,1,13.93,13.93,13.81,13.87,32300.0,448485.5,derived_ohlc4
UPCOM_MFS,MFS,2019-11-04 09:00:00,309,1,14.05,14.24,13.87,13.87,17100.0,239528.24999999997,derived_ohlc4
UPCOM_MFS,MFS,2019-11-05 09:00:00,310,1,13.87,13.93,13.69,13.69,27040.0,373016.79999999993,derived_ohlc4
UPCOM_MFS,MFS,2019-11-06 09:00:00,311,1,13.87,13.87,13.57,13.69,7320.0,100650.0,derived_ohlc4
UPCOM_MFS,MFS,2019-11-07 09:00:00,312,1,13.57,13.63,13.57,13.63,10740.0,146064.00000000003,derived_ohlc4
UPCOM_MFS,MFS,2019-11-08 09:00:00,313,1,13.51,13.81,13.51,13.63,1800.0,24507.0,derived_ohlc4
UPCOM_MFS,MFS,2019-11-11 09:00:00,314,1,13.63,13.63,13.51,13.51,4300.0,58351.0,derived_ohlc4
UPCOM_MFS,MFS,2019-11-12 09:00:00,315,1,13.45,13.57,13.39,13.45,15100.0,203321.5,derived_ohlc4
UPCOM_MFS,MFS,2019-11-13 09:00:00,316,1,13.75,13.75,13.39,13.45,11580.0,157314.30000000002,derived_ohlc4
UPCOM_MFS,MFS,2019-11-14 09:00:00,317,1,13.33,13.57,13.27,13.51,14350.0,192577.0,derived_ohlc4
UPCOM_MFS,MFS,2019-11-15 09:00:00,318,1,13.45,13.57,13.33,13.33,6500.0,87230.0,derived_ohlc4
UPCOM_MFS,MFS,2019-11-18 09:00:00,319,1,13.27,13.39,13.27,13.27,19050.0,253365.0,derived_ohlc4
UPCOM_MFS,MFS,2019-11-19 09:00:00,320,1,13.27,13.33,13.21,13.27,11565.0,153467.55,derived_ohlc4
UPCOM_MFS,MFS,2019-11-20 09:00:00,321,1,13.21,13.27,13.15,13.27,5630.0,74456.75000000001,derived_ohlc4
UPCOM_MFS,MFS,2019-11-21 09:00:00,322,1,13.27,13.39,13.21,13.21,2930.0,38881.100000000006,derived_ohlc4
UPCOM_MFS,MFS,2019-11-22 09:00:00,323,1,13.15,13.21,12.97,13.03,8600.0,112574.0,derived_ohlc4
UPCOM_MFS,MFS,2019-11-25 09:00:00,324,1,13.09,13.09,13.09,13.09,5300.0,69377.0,derived_ohlc4
UPCOM_MFS,MFS,2019-11-26 09:00:00,325,1,13.09,13.51,13.09,13.45,8800.0,116908.0,derived_ohlc4
UPCOM_MFS,MFS,2019-11-27 09:00:00,326,1,13.15,13.27,11.28,13.09,6116.0,77657.91,derived_ohlc4
UPCOM_MFS,MFS,2019-11-28 09:00:00,327,1,13.09,13.21,13.09,13.21,5700.0,74955.0,derived_ohlc4
UPCOM_MFS,MFS,2019-11-29 09:00:00,328,1,13.09,13.15,11.16,13.15,2500.0,31593.750000000004,derived_ohlc4
UPCOM_MFS,MFS,2019-12-02 09:00:00,329,1,12.61,12.97,12.55,12.79,9760.0,124244.79999999999,derived_ohlc4
UPCOM_MFS,MFS,2019-12-03 09:00:00,330,1,12.67,12.73,12.67,12.73,3770.0,47879.0,derived_ohlc4
UPCOM_MFS,MFS,2019-12-04 09:00:00,331,1,12.79,12.79,12.67,12.67,20880.0,265802.4,derived_ohlc4
UPCOM_MFS,MFS,2019-12-06 09:00:00,333,2,12.67,12.97,12.67,12.97,21000.0,269220.0,derived_ohlc4
UPCOM_MFS,MFS,2019-12-09 09:00:00,334,2,13.15,13.27,12.97,13.15,38260.0,502545.1,derived_ohlc4
UPCOM_MFS,MFS,2019-12-10 09:00:00,335,2,13.15,13.27,13.15,13.27,220.0,2906.2000000000003,derived_ohlc4
UPCOM_MFS,MFS,2019-12-11 09:00:00,336,2,12.79,13.39,12.79,13.39,5212.0,68225.08,derived_ohlc4
UPCOM_MFS,MFS,2019-12-12 09:00:00,337,2,13.09,13.69,11.1,13.63,31538.0,406130.59500000003,derived_ohlc4
UPCOM_MFS,MFS,2019-12-13 09:00:00,338,2,13.63,13.63,13.57,13.63,16100.0,219201.5,derived_ohlc4
UPCOM_MFS,MFS,2019-12-16 09:00:00,339,2,13.63,13.75,13.63,13.69,14300.0,195552.5,derived_ohlc4
UPCOM_MFS,MFS,2019-12-17 09:00:00,340,2,13.63,13.87,13.63,13.75,31100.0,426692.0,derived_ohlc4
UPCOM_MFS,MFS,2019-12-18 09:00:00,341,2,13.69,13.69,13.69,13.69,16300.0,223147.0,derived_ohlc4
UPCOM_MFS,MFS,2019-12-19 09:00:00,342,2,13.69,13.75,13.69,13.75,2960.0,40611.2,derived_ohlc4
UPCOM_MFS,MFS,2019-12-20 09:00:00,343,2,13.45,14.05,13.45,14.05,9750.0,134062.5,derived_ohlc4
UPCOM_MFS,MFS,2019-12-23 09:00:00,344,2,14.05,14.66,14.05,14.66,59610.0,855701.55,derived_ohlc4
UPCOM_MFS,MFS,2019-12-24 09:00:00,345,2,14.54,15.02,14.54,14.78,42848.0,630722.5599999999,derived_ohlc4
UPCOM_MFS,MFS,2019-12-25 09:00:00,346,2,14.9,14.9,13.63,14.6,39947.0,579531.1025,derived_ohlc4
UPCOM_MFS,MFS,2019-12-26 09:00:00,347,2,14.6,14.72,14.54,14.54,7210.0,105266.0,derived_ohlc4
UPCOM_MFS,MFS,2019-12-27 09:00:00,348,2,14.24,14.48,14.24,14.48,10320.0,148195.19999999998,derived_ohlc4
UPCOM_MFS,MFS,2019-12-31 09:00:00,350,3,14.48,14.78,14.48,14.78,15800.0,231153.99999999997,derived_ohlc4
UPCOM_MFS,MFS,2020-01-07 09:00:00,354,4,14.48,14.54,14.48,14.54,28562.0,414434.62,derived_ohlc4
UPCOM_MFS,MFS,2020-01-08 09:00:00,355,4,14.48,14.54,14.48,14.54,27300.0,396123.0,derived_ohlc4
UPCOM_MFS,MFS,2020-01-09 09:00:00,356,4,14.54,14.78,14.54,14.54,13100.0,191260.0,derived_ohlc4
UPCOM_MFS,MFS,2020-01-10 09:00:00,357,4,14.54,14.6,14.18,14.54,26600.0,384769.0,derived_ohlc4
UPCOM_MFS,MFS,2020-01-13 09:00:00,358,4,14.48,14.6,14.48,14.54,6365.0,92451.625,derived_ohlc4
UPCOM_MFS,MFS,2020-01-14 09:00:00,359,4,14.54,14.78,14.54,14.54,3843.0,56107.799999999996,derived_ohlc4
UPCOM_MFS,MFS,2020-01-15 09:00:00,360,4,14.6,14.78,14.54,14.78,17058.0,250326.15000000002,derived_ohlc4
UPCOM_MFS,MFS,2020-01-16 09:00:00,361,4,14.78,14.78,14.72,14.78,7601.0,112228.765,derived_ohlc4
UPCOM_MFS,MFS,2020-01-17 09:00:00,362,4,14.78,15.08,14.54,14.54,5440.0,80158.4,derived_ohlc4
UPCOM_MFS,MFS,2020-01-20 09:00:00,363,4,14.66,14.66,14.36,14.36,3400.0,49334.0,derived_ohlc4
UPCOM_MFS,MFS,2020-01-21 09:00:00,364,4,14.48,14.54,14.24,14.48,21000.0,303135.0,derived_ohlc4
UPCOM_MFS,MFS,2020-01-22 09:00:00,365,4,14.36,14.54,14.24,14.54,2800.0,40376.0,derived_ohlc4
UPCOM_MFS,MFS,2020-01-30 09:00:00,366,4,14.24,14.6,14.24,14.24,17700.0,253641.0,derived_ohlc4
UPCOM_MFS,MFS,2020-01-31 09:00:00,367,4,13.93,14.24,13.93,14.05,31700.0,444988.75000000006,derived_ohlc4
UPCOM_MFS,MFS,2020-02-03 09:00:00,368,4,13.87,14.48,12.73,14.48,83750.0,1163287.5,derived_ohlc4
UPCOM_MFS,MFS,2020-02-04 09:00:00,369,4,13.93,14.18,13.87,14.18,11559.0,162288.36,derived_ohlc4
UPCOM_MFS,MFS,2020-02-05 09:00:00,370,4,13.99,14.11,13.69,14.11,1600.0,22360.0,derived_ohlc4
UPCOM_MFS,MFS,2020-02-06 09:00:00,371,4,13.87,13.87,13.81,13.87,4900.0,67889.5,derived_ohlc4
UPCOM_MFS,MFS,2020-02-07 09:00:00,372,4,13.87,14.11,13.57,14.11,13035.0,181382.025,derived_ohlc4
UPCOM_MFS,MFS,2020-02-10 09:00:00,373,4,13.87,13.93,13.39,13.87,16230.0,223405.94999999998,derived_ohlc4
UPCOM_MFS,MFS,2020-02-11 09:00:00,374,4,14.05,14.11,13.99,14.11,4420.0,62167.299999999996,derived_ohlc4
UPCOM_MFS,MFS,2020-02-12 09:00:00,375,4,14.3,14.3,12.0,14.18,7300.0,99973.5,derived_ohlc4
UPCOM_MFS,MFS,2020-02-13 09:00:00,376,4,14.18,14.18,14.18,14.18,1000.0,14180.0,derived_ohlc4
UPCOM_MFS,MFS,2020-02-14 09:00:00,377,4,13.87,14.36,13.87,14.36,2400.0,33875.99999999999,derived_ohlc4
UPCOM_MFS,MFS,2020-02-17 09:00:00,378,4,13.87,14.18,13.87,14.18,6600.0,92564.99999999999,derived_ohlc4
UPCOM_MFS,MFS,2020-02-19 09:00:00,380,5,13.87,13.93,13.81,13.87,2200.0,30514.0,derived_ohlc4
UPCOM_MFS,MFS,2020-02-20 09:00:00,381,5,13.87,13.93,13.69,13.87,8200.0,113487.99999999999,derived_ohlc4
UPCOM_MFS,MFS,2020-02-21 09:00:00,382,5,13.99,14.3,13.87,14.18,31400.0,442269.0,derived_ohlc4
UPCOM_MFS,MFS,2020-02-24 09:00:00,383,5,13.87,13.87,13.75,13.87,8900.0,123175.99999999999,derived_ohlc4
UPCOM_MFS,MFS,2020-02-25 09:00:00,384,5,13.81,13.81,13.69,13.69,3150.0,43312.5,derived_ohlc4
UPCOM_MFS,MFS,2020-02-26 09:00:00,385,5,13.75,14.18,13.75,13.75,2200.0,30486.5,derived_ohlc4
UPCOM_MFS,MFS,2020-02-27 09:00:00,386,5,13.87,13.87,13.87,13.87,2600.0,36062.0,derived_ohlc4
UPCOM_MFS,MFS,2020-02-28 09:00:00,387,5,13.81,13.81,13.57,13.81,4100.0,56375.0,derived_ohlc4
UPCOM_MFS,MFS,2020-03-02 09:00:00,388,5,13.27,13.87,13.27,13.87,2700.0,36638.99999999999,derived_ohlc4
UPCOM_MFS,MFS,2020-03-03 09:00:00,389,5,13.87,14.18,13.87,14.18,1400.0,19634.999999999996,derived_ohlc4
UPCOM_MFS,MFS,2020-03-04 09:00:00,390,5,12.67,14.05,12.67,13.99,32700.0,436381.5,derived_ohlc4
UPCOM_MFS,MFS,2020-03-05 09:00:00,391,5,14.18,14.18,13.93,13.93,3972.0,55826.46,derived_ohlc4
UPCOM_MFS,MFS,2020-03-06 09:00:00,392,5,13.69,13.81,13.69,13.81,2100.0,28875.0,derived_ohlc4
UPCOM_MFS,MFS,2020-03-09 09:00:00,393,5,12.85,13.69,12.85,13.45,7700.0,101717.0,derived_ohlc4
UPCOM_MFS,MFS,2020-03-10 09:00:00,394,5,12.67,13.45,12.67,13.21,9800.0,127400.0,derived_ohlc4
UPCOM_MFS,MFS,2020-03-11 09:00:00,395,5,13.03,13.51,12.67,13.03,29923.0,390794.38,derived_ohlc4
UPCOM_MFS,MFS,2020-03-12 09:00:00,396,5,12.43,12.79,12.31,12.61,13230.0,165838.05,derived_ohlc4
UPCOM_MFS,MFS,2020-03-13 09:00:00,397,5,12.12,12.18,11.46,11.82,77375.0,920375.625,derived_ohlc4
UPCOM_MFS,MFS,2020-03-16 09:00:00,398,5,12.06,13.75,12.06,12.18,20830.0,260635.37500000003,derived_ohlc4
UPCOM_MFS,MFS,2020-03-17 09:00:00,399,5,12.06,12.97,12.06,12.97,9900.0,123898.5,derived_ohlc4
UPCOM_MFS,MFS,2020-03-18 09:00:00,400,5,12.43,12.43,12.18,12.18,5600.0,68908.0,derived_ohlc4
UPCOM_MFS,MFS,2020-03-19 09:00:00,401,5,11.76,12.55,11.04,12.55,3901.0,46714.475000000006,derived_ohlc4
UPCOM_MFS,MFS,2020-03-20 09:00:00,402,5,12.55,12.55,12.18,12.18,19900.0,246063.5,derived_ohlc4
UPCOM_MFS,MFS,2020-03-23 09:00:00,403,5,12.18,12.18,12.06,12.06,1644.0,19925.280000000002,derived_ohlc4
UPCOM_MFS,MFS,2020-03-24 09:00:00,404,5,12.06,12.12,11.46,12.12,33800.0,403572.0,derived_ohlc4
UPCOM_MFS,MFS,2020-03-25 09:00:00,405,5,12.06,12.12,12.06,12.06,38320.0,462714.00000000006,derived_ohlc4
UPCOM_MFS,MFS,2020-03-26 09:00:00,406,5,11.64,12.06,11.64,12.06,4500.0,53325.00000000001,derived_ohlc4
UPCOM_MFS,MFS,2020-03-27 09:00:00,407,5,11.58,13.51,10.25,13.51,21100.0,257683.75,derived_ohlc4
UPCOM_MFS,MFS,2020-03-30 09:00:00,408,5,11.46,12.55,11.46,12.55,6500.0,78032.5,derived_ohlc4
UPCOM_MFS,MFS,2020-03-31 09:00:00,409,5,11.64,12.06,9.95,12.06,3600.0,41139.00000000001,derived_ohlc4
UPCOM_MFS,MFS,2020-04-01 09:00:00,410,5,12.18,12.31,11.76,12.06,5720.0,69083.3,derived_ohlc4
UPCOM_MFS,MFS,2020-04-03 09:00:00,411,5,12.06,12.61,12.06,12.49,2050.0,25225.250000000004,derived_ohlc4
UPCOM_MFS,MFS,2020-04-06 09:00:00,412,5,12.49,12.91,12.49,12.85,19510.0,247484.35,derived_ohlc4
UPCOM_MFS,MFS,2020-04-07 09:00:00,413,5,12.67,12.67,12.49,12.61,8000.0,100880.0,derived_ohlc4
UPCOM_MFS,MFS,2020-04-08 09:00:00,414,5,12.67,12.67,12.37,12.55,3700.0,46490.50000000001,derived_ohlc4
UPCOM_MFS,MFS,2020-04-09 09:00:00,415,5,12.91,12.91,12.67,12.67,800.0,10232.0,derived_ohlc4
UPCOM_MFS,MFS,2020-04-10 09:00:00,416,5,12.67,12.67,12.06,12.06,15100.0,186711.5,derived_ohlc4
UPCOM_MFS,MFS,2020-04-13 09:00:00,417,5,12.55,12.67,12.43,12.43,5800.0,72616.0,derived_ohlc4
UPCOM_MFS,MFS,2020-04-14 09:00:00,418,5,12.43,13.03,12.43,13.03,21800.0,277514.0,derived_ohlc4
UPCOM_MFS,MFS,2020-04-15 09:00:00,419,5,13.21,13.51,12.91,13.33,43620.0,577528.7999999999,derived_ohlc4
UPCOM_MFS,MFS,2020-04-16 09:00:00,420,5,13.33,13.51,13.15,13.15,7230.0,96050.55,derived_ohlc4
UPCOM_MFS,MFS,2020-04-17 09:00:00,421,5,13.15,13.99,13.15,13.93,28446.0,385585.52999999997,derived_ohlc4
UPCOM_MFS,MFS,2020-04-20 09:00:00,422,5,13.63,14.42,13.63,13.87,12320.0,171094.0,derived_ohlc4
UPCOM_MFS,MFS,2020-04-21 09:00:00,423,5,13.87,13.93,13.45,13.51,45511.0,623045.59,derived_ohlc4
UPCOM_MFS,MFS,2020-04-22 09:00:00,424,5,12.97,13.51,12.91,13.51,12945.0,171197.625,derived_ohlc4
UPCOM_MFS,MFS,2020-04-23 09:00:00,425,5,13.75,13.75,13.27,13.33,1831.0,24764.274999999998,derived_ohlc4
UPCOM_MFS,MFS,2020-04-24 09:00:00,426,5,13.45,13.51,13.21,13.39,12900.0,172731.0,derived_ohlc4
UPCOM_MFS,MFS,2020-04-27 09:00:00,427,5,13.45,13.81,13.45,13.81,1800.0,24534.0,derived_ohlc4
UPCOM_MFS,MFS,2020-04-28 09:00:00,428,5,13.69,13.75,13.57,13.57,4121.0,56231.045,derived_ohlc4
UPCOM_MFS,MFS,2020-04-29 09:00:00,429,5,13.57,13.87,13.57,13.69,14500.0,198287.49999999997,derived_ohlc4
UPCOM_MFS,MFS,2020-05-04 09:00:00,430,5,13.57,13.57,13.33,13.33,7400.0,99530.0,derived_ohlc4
UPCOM_MFS,MFS,2020-05-05 09:00:00,431,5,13.45,13.87,13.45,13.45,3232.0,43809.76,derived_ohlc4
UPCOM_MFS,MFS,2020-05-06 09:00:00,432,5,13.63,13.63,13.33,13.45,20600.0,278306.00000000006,derived_ohlc4
UPCOM_MFS,MFS,2020-05-07 09:00:00,433,5,13.51,13.87,13.45,13.51,12300.0,167095.5,derived_ohlc4
UPCOM_MFS,MFS,2020-05-08 09:00:00,434,5,13.75,13.75,13.45,13.45,7973.0,108432.80000000002,derived_ohlc4
UPCOM_MFS,MFS,2020-05-11 09:00:00,435,5,13.57,15.62,13.45,15.62,144706.0,2107642.89,derived_ohlc4
UPCOM_MFS,MFS,2020-05-12 09:00:00,436,5,16.29,17.01,16.29,16.65,82340.0,1363550.4,derived_ohlc4
UPCOM_MFS,MFS,2020-05-13 09:00:00,437,5,16.89,17.55,16.89,17.13,85643.0,1465779.9449999998,derived_ohlc4
UPCOM_MFS,MFS,2020-05-14 09:00:00,438,5,16.89,16.89,15.32,15.32,130298.0,2098449.29,derived_ohlc4
UPCOM_MFS,MFS,2020-05-15 09:00:00,439,5,15.38,16.11,15.32,15.86,11600.0,181743.0,derived_ohlc4
UPCOM_MFS,MFS,2020-05-18 09:00:00,440,5,15.56,15.68,14.78,15.08,34346.0,524635.15,derived_ohlc4
UPCOM_MFS,MFS,2020-05-19 09:00:00,441,5,15.32,16.29,14.96,15.62,48900.0,760272.75,derived_ohlc4
UPCOM_MFS,MFS,2020-05-20 09:00:00,442,5,15.56,15.62,15.26,15.5,7800.0,120783.0,derived_ohlc4
UPCOM_MFS,MFS,2020-05-21 09:00:00,443,5,15.68,15.98,15.38,15.62,17294.0,270910.51,derived_ohlc4
UPCOM_MFS,MFS,2020-05-22 09:00:00,444,5,15.56,15.56,15.2,15.32,26558.0,409258.78,derived_ohlc4
UPCOM_MFS,MFS,2020-05-25 09:00:00,445,5,15.32,15.92,15.32,15.38,19927.0,308569.59500000003,derived_ohlc4
UPCOM_MFS,MFS,2020-05-26 09:00:00,446,5,15.56,16.59,15.38,16.17,76780.0,1222721.5,derived_ohlc4
UPCOM_MFS,MFS,2020-05-27 09:00:00,447,5,16.04,16.17,15.86,15.92,41500.0,663896.25,derived_ohlc4
UPCOM_MFS,MFS,2020-05-28 09:00:00,448,5,15.98,15.98,15.38,15.68,30015.0,472886.325,derived_ohlc4
UPCOM_MFS,MFS,2020-05-29 09:00:00,449,5,15.44,15.74,15.38,15.44,24840.0,385020.0,derived_ohlc4
UPCOM_MFS,MFS,2020-06-01 09:00:00,450,5,15.56,15.56,15.5,15.5,13810.0,214469.30000000002,derived_ohlc4
UPCOM_MFS,MFS,2020-06-02 09:00:00,451,5,15.5,16.29,15.5,15.68,61210.0,963598.4249999999,derived_ohlc4
UPCOM_MFS,MFS,2020-06-03 09:00:00,452,5,15.68,15.92,15.5,15.92,13720.0,216158.6,derived_ohlc4
UPCOM_MFS,MFS,2020-06-04 09:00:00,453,5,15.5,15.62,15.5,15.62,13048.0,203026.87999999998,derived_ohlc4
UPCOM_MFS,MFS,2020-06-05 09:00:00,454,5,15.5,15.92,15.5,15.92,11500.0,180665.0,derived_ohlc4
UPCOM_MFS,MFS,2020-06-08 09:00:00,455,5,15.98,15.98,15.74,15.8,48990.0,777716.25,derived_ohlc4
UPCOM_MFS,MFS,2020-06-09 09:00:00,456,5,15.62,15.68,15.5,15.62,20918.0,326425.38999999996,derived_ohlc4
UPCOM_MFS,MFS,2020-06-10 09:00:00,457,5,15.98,16.29,15.68,15.8,34666.0,552489.375,derived_ohlc4
UPCOM_MFS,MFS,2020-06-11 09:00:00,458,5,15.68,15.92,15.38,15.38,42492.0,662450.28,derived_ohlc4
UPCOM_MFS,MFS,2020-06-12 09:00:00,459,5,15.2,15.38,15.08,15.26,22300.0,339628.99999999994,derived_ohlc4
UPCOM_MFS,MFS,2020-06-15 09:00:00,460,5,15.08,15.56,14.9,14.96,13890.0,210086.25,derived_ohlc4
UPCOM_MFS,MFS,2020-06-16 09:00:00,461,5,14.96,15.2,14.96,15.14,14520.0,218743.80000000002,derived_ohlc4
UPCOM_MFS,MFS,2020-06-17 09:00:00,462,5,15.68,15.68,15.14,15.32,31418.0,485565.19,derived_ohlc4
UPCOM_MFS,MFS,2020-06-18 09:00:00,463,5,15.14,15.62,15.14,15.38,2200.0,33704.0,derived_ohlc4
UPCOM_MFS,MFS,2020-06-19 09:00:00,464,5,15.44,15.8,15.44,15.68,8910.0,138906.9,derived_ohlc4
UPCOM_MFS,MFS,2020-06-22 09:00:00,465,5,15.62,16.11,15.62,15.98,29128.0,461169.06,derived_ohlc4
UPCOM_MFS,MFS,2020-06-23 09:00:00,466,5,16.04,16.71,15.98,16.47,176800.0,2881840.0,derived_ohlc4
UPCOM_MFS,MFS,2020-06-24 09:00:00,467,5,16.47,16.59,16.11,16.11,28900.0,471648.0,derived_ohlc4
UPCOM_MFS,MFS,2020-06-25 09:00:00,468,5,16.11,16.11,15.68,15.86,22826.0,363846.44,derived_ohlc4
UPCOM_MFS,MFS,2020-06-26 09:00:00,469,5,15.92,15.92,15.5,15.62,27300.0,429702.0,derived_ohlc4
UPCOM_MFS,MFS,2020-06-29 09:00:00,470,5,15.68,15.74,15.08,15.08,15700.0,241701.5,derived_ohlc4
UPCOM_MFS,MFS,2020-06-30 09:00:00,471,5,15.2,15.2,14.72,14.72,21350.0,319396.0,derived_ohlc4
UPCOM_MFS,MFS,2020-07-01 09:00:00,472,5,15.32,15.32,14.48,15.2,30200.0,455416.00000000006,derived_ohlc4
UPCOM_MFS,MFS,2020-07-02 09:00:00,473,5,15.44,15.56,15.08,15.2,28870.0,442288.4,derived_ohlc4
UPCOM_MFS,MFS,2020-07-03 09:00:00,474,5,15.32,15.44,15.26,15.44,21940.0,337108.1,derived_ohlc4
UPCOM_MFS,MFS,2020-07-06 09:00:00,475,5,15.56,15.8,15.56,15.8,20700.0,324576.0,derived_ohlc4
UPCOM_MFS,MFS,2020-07-07 09:00:00,476,5,15.8,15.98,15.74,15.8,31850.0,504185.50000000006,derived_ohlc4
UPCOM_MFS,MFS,2020-07-08 09:00:00,477,5,15.92,16.17,15.8,16.17,72900.0,1167493.5,derived_ohlc4
UPCOM_MFS,MFS,2020-07-09 09:00:00,478,5,16.17,16.29,15.98,16.17,72520.0,1171379.3,derived_ohlc4
UPCOM_MFS,MFS,2020-07-10 09:00:00,479,5,16.04,16.17,15.98,16.17,20250.0,325822.5,derived_ohlc4
UPCOM_MFS,MFS,2020-07-13 09:00:00,480,5,17.2,17.2,16.0,16.14,34130.0,567752.5499999999,derived_ohlc4
UPCOM_MFS,MFS,2020-07-14 09:00:00,481,5,16.34,16.34,16.0,16.07,15200.0,246050.0,derived_ohlc4
UPCOM_MFS,MFS,2020-07-15 09:00:00,482,5,16.14,16.2,16.0,16.0,13820.0,222294.7,derived_ohlc4
UPCOM_MFS,MFS,2020-07-16 09:00:00,483,5,15.87,15.94,15.47,15.54,63750.0,1001193.75,derived_ohlc4
UPCOM_MFS,MFS,2020-07-17 09:00:00,484,5,15.67,15.67,15.47,15.47,8000.0,124560.0,derived_ohlc4
UPCOM_MFS,MFS,2020-07-20 09:00:00,485,5,15.54,15.6,15.2,15.34,20820.0,321044.4,derived_ohlc4
UPCOM_MFS,MFS,2020-07-21 09:00:00,486,5,15.34,15.34,15.2,15.27,19300.0,295048.74999999994,derived_ohlc4
UPCOM_MFS,MFS,2020-07-22 09:00:00,487,5,15.34,15.67,15.34,15.54,12800.0,198047.99999999997,derived_ohlc4
UPCOM_MFS,MFS,2020-07-23 09:00:00,488,5,15.4,15.4,15.34,15.4,8950.0,137695.75,derived_ohlc4
UPCOM_MFS,MFS,2020-07-24 09:00:00,489,5,15.6,15.6,14.33,14.33,34620.0,518088.3,derived_ohlc4
UPCOM_MFS,MFS,2020-07-27 09:00:00,490,5,14.47,14.47,12.8,12.8,60508.0,825026.5800000001,derived_ohlc4
UPCOM_MFS,MFS,2020-07-28 09:00:00,491,5,13.33,14.87,13.33,14.2,36710.0,511462.075,derived_ohlc4
UPCOM_MFS,MFS,2020-07-29 09:00:00,492,5,13.87,14.0,13.4,14.0,15760.0,217763.8,derived_ohlc4
UPCOM_MFS,MFS,2020-07-30 09:00:00,493,5,13.67,14.27,13.67,14.2,18238.0,254465.695,derived_ohlc4
UPCOM_MFS,MFS,2020-07-31 09:00:00,494,5,13.73,13.93,13.67,13.93,14410.0,199074.15,derived_ohlc4
UPCOM_MFS,MFS,2020-08-03 09:00:00,495,5,13.93,14.2,13.93,14.07,4000.0,56130.0,derived_ohlc4
UPCOM_MFS,MFS,2020-08-04 09:00:00,496,5,14.27,14.33,14.07,14.13,28910.0,410522.00000000006,derived_ohlc4
UPCOM_MFS,MFS,2020-08-05 09:00:00,497,5,14.0,14.2,13.8,14.07,29900.0,419123.25,derived_ohlc4
UPCOM_MFS,MFS,2020-08-06 09:00:00,498,5,14.0,14.53,14.0,14.4,4000.0,56930.0,derived_ohlc4
UPCOM_MFS,MFS,2020-08-07 09:00:00,499,5,14.33,14.33,14.0,14.07,14110.0,200115.07499999998,derived_ohlc4
UPCOM_MFS,MFS,2020-08-10 09:00:00,500,5,14.27,14.6,14.2,14.47,27500.0,395587.49999999994,derived_ohlc4
UPCOM_MFS,MFS,2020-08-11 09:00:00,501,5,14.4,14.67,14.4,14.67,28600.0,415701.0,derived_ohlc4
UPCOM_MFS,MFS,2020-08-12 09:00:00,502,5,14.94,14.94,14.67,14.87,7910.0,117503.04999999999,derived_ohlc4
UPCOM_MFS,MFS,2020-08-13 09:00:00,503,5,14.87,14.87,14.8,14.8,5710.0,84707.85,derived_ohlc4
UPCOM_MFS,MFS,2020-08-14 09:00:00,504,5,14.87,15.07,14.87,14.87,14540.0,216936.79999999996,derived_ohlc4
UPCOM_MFS,MFS,2020-08-17 09:00:00,505,5,15.07,15.07,14.8,15.07,10419.0,156311.0475,derived_ohlc4
UPCOM_MFS,MFS,2020-08-18 09:00:00,506,5,14.94,15.34,14.94,15.07,2300.0,34666.75,derived_ohlc4
UPCOM_MFS,MFS,2020-08-19 09:00:00,507,5,14.94,15.14,14.94,15.14,2300.0,34592.0,derived_ohlc4
UPCOM_MFS,MFS,2020-08-20 09:00:00,508,5,15.07,15.07,15.0,15.0,6410.0,96374.35,derived_ohlc4
UPCOM_MFS,MFS,2020-08-21 09:00:00,509,5,15.0,15.0,14.8,14.8,1000.0,14899.999999999998,derived_ohlc4
UPCOM_MFS,MFS,2020-08-24 09:00:00,510,5,14.94,15.4,14.8,15.4,27100.0,410158.5,derived_ohlc4
UPCOM_MFS,MFS,2020-08-25 09:00:00,511,5,15.34,15.34,15.07,15.14,10600.0,161358.5,derived_ohlc4
UPCOM_MFS,MFS,2020-08-26 09:00:00,512,5,15.14,15.4,15.14,15.2,26482.0,403056.04,derived_ohlc4
UPCOM_MFS,MFS,2020-08-27 09:00:00,513,5,15.34,15.34,15.0,15.0,13900.0,210863.0,derived_ohlc4
UPCOM_MFS,MFS,2020-08-28 09:00:00,514,5,15.14,15.2,15.14,15.2,9010.0,136681.7,derived_ohlc4
UPCOM_MFS,MFS,2020-08-31 09:00:00,515,5,15.27,15.34,15.07,15.14,16400.0,249362.0,derived_ohlc4
UPCOM_MFS,MFS,2020-09-01 09:00:00,516,5,15.34,15.34,15.14,15.27,3708.0,56630.43,derived_ohlc4
UPCOM_MFS,MFS,2020-09-03 09:00:00,517,5,15.34,17.34,15.34,15.47,13965.0,221659.4625,derived_ohlc4
UPCOM_MFS,MFS,2020-09-04 09:00:00,518,5,15.87,15.87,15.14,15.6,9600.0,149952.0,derived_ohlc4
UPCOM_MFS,MFS,2020-09-07 09:00:00,519,5,15.6,15.6,15.47,15.47,10400.0,161564.0,derived_ohlc4
UPCOM_MFS,MFS,2020-09-08 09:00:00,520,5,15.47,15.47,15.27,15.4,3106.0,47840.165,derived_ohlc4
UPCOM_MFS,MFS,2020-09-09 09:00:00,521,5,15.34,15.34,15.2,15.2,16225.0,247755.75,derived_ohlc4
UPCOM_MFS,MFS,2020-09-10 09:00:00,522,5,15.2,15.27,15.2,15.27,8805.0,134144.175,derived_ohlc4
UPCOM_MFS,MFS,2020-09-11 09:00:00,523,5,15.2,15.47,15.2,15.47,20650.0,316667.75,derived_ohlc4
UPCOM_MFS,MFS,2020-09-14 09:00:00,524,5,15.34,15.74,15.34,15.47,14716.0,227693.31,derived_ohlc4
UPCOM_MFS,MFS,2020-09-15 09:00:00,525,5,15.67,15.67,15.47,15.47,5135.0,79951.95,derived_ohlc4
UPCOM_MFS,MFS,2020-09-16 09:00:00,526,5,15.67,15.67,15.47,15.47,15100.0,235107.0,derived_ohlc4
UPCOM_MFS,MFS,2020-09-17 09:00:00,527,5,15.6,15.67,15.6,15.67,7800.0,121953.0,derived_ohlc4
UPCOM_MFS,MFS,2020-09-18 09:00:00,528,5,15.54,15.6,15.47,15.47,11800.0,183136.0,derived_ohlc4
UPCOM_MFS,MFS,2020-09-21 09:00:00,529,5,15.67,16.0,15.67,16.0,45400.0,718909.0,derived_ohlc4
UPCOM_MFS,MFS,2020-09-22 09:00:00,530,5,16.0,16.87,16.0,16.67,99166.0,1624834.9100000001,derived_ohlc4
UPCOM_MFS,MFS,2020-09-23 09:00:00,531,5,16.47,16.47,16.27,16.34,12620.0,206810.25,derived_ohlc4
UPCOM_MFS,MFS,2020-09-24 09:00:00,532,5,16.47,16.54,16.27,16.34,4950.0,81204.75,derived_ohlc4
UPCOM_MFS,MFS,2020-09-25 09:00:00,533,5,16.4,16.4,16.14,16.2,10400.0,169364.0,derived_ohlc4
UPCOM_MFS,MFS,2020-09-28 09:00:00,534,5,16.34,16.34,16.14,16.14,6320.0,102636.80000000002,derived_ohlc4
UPCOM_MFS,MFS,2020-09-29 09:00:00,535,5,16.34,17.14,16.14,16.14,8620.0,141712.80000000002,derived_ohlc4
UPCOM_MFS,MFS,2020-09-30 09:00:00,536,5,16.6,16.6,15.67,15.67,4800.0,77448.00000000001,derived_ohlc4
UPCOM_MFS,MFS,2020-10-01 09:00:00,537,5,15.94,16.2,15.8,16.0,13727.0,219426.095,derived_ohlc4
UPCOM_MFS,MFS,2020-10-02 09:00:00,538,5,15.94,15.94,15.34,15.87,39600.0,624591.0,derived_ohlc4
UPCOM_MFS,MFS,2020-10-05 09:00:00,539,5,16.0,16.0,15.67,15.8,22270.0,353369.225,derived_ohlc4
UPCOM_MFS,MFS,2020-10-06 09:00:00,540,5,15.74,15.74,15.54,15.74,22900.0,359301.0,derived_ohlc4
UPCOM_MFS,MFS,2020-10-07 09:00:00,541,5,15.6,15.8,15.6,15.74,4710.0,73876.35,derived_ohlc4
UPCOM_MFS,MFS,2020-10-08 09:00:00,542,5,15.74,15.74,15.6,15.74,7600.0,119358.0,derived_ohlc4
UPCOM_MFS,MFS,2020-10-09 09:00:00,543,5,15.6,15.87,15.47,15.87,6230.0,97826.575,derived_ohlc4
UPCOM_MFS,MFS,2020-10-12 09:00:00,544,5,15.34,15.74,15.34,15.74,1700.0,26418.0,derived_ohlc4
UPCOM_MFS,MFS,2020-10-13 09:00:00,545,5,15.94,15.94,15.27,15.47,10190.0,159524.44999999998,derived_ohlc4
UPCOM_MFS,MFS,2020-10-14 09:00:00,546,5,15.34,15.54,15.34,15.4,11268.0,173583.53999999998,derived_ohlc4
UPCOM_MFS,MFS,2020-10-15 09:00:00,547,5,15.47,15.47,15.27,15.34,35600.0,547795.0,derived_ohlc4
UPCOM_MFS,MFS,2020-10-16 09:00:00,548,5,15.27,15.34,15.27,15.27,4747.0,72569.7625,derived_ohlc4
UPCOM_MFS,MFS,2020-10-19 09:00:00,549,5,15.34,15.47,15.27,15.34,8210.0,126064.55,derived_ohlc4
UPCOM_MFS,MFS,2020-10-20 09:00:00,550,5,15.47,15.47,15.4,15.47,4508.0,69659.87,derived_ohlc4
UPCOM_MFS,MFS,2020-10-21 09:00:00,551,5,15.4,15.67,15.4,15.54,17084.0,264844.70999999996,derived_ohlc4
UPCOM_MFS,MFS,2020-10-22 09:00:00,552,5,15.6,15.67,15.54,15.6,12810.0,199868.02500000002,derived_ohlc4
UPCOM_MFS,MFS,2020-10-23 09:00:00,553,5,15.54,15.94,15.54,15.94,2300.0,36202.0,derived_ohlc4
UPCOM_MFS,MFS,2020-10-26 09:00:00,554,5,15.87,15.94,15.47,15.47,1845.0,28943.4375,derived_ohlc4
UPCOM_MFS,MFS,2020-10-27 09:00:00,555,5,15.47,15.47,15.27,15.34,20538.0,316028.475,derived_ohlc4
UPCOM_MFS,MFS,2020-10-28 09:00:00,556,5,15.34,15.34,15.0,15.14,20405.0,310258.025,derived_ohlc4
UPCOM_MFS,MFS,2020-10-29 09:00:00,557,5,15.14,15.54,15.14,15.54,4200.0,64428.0,derived_ohlc4
UPCOM_MFS,MFS,2020-10-30 09:00:00,558,5,15.2,15.27,15.2,15.27,4010.0,61092.35,derived_ohlc4
UPCOM_MFS,MFS,2020-11-02 09:00:00,559,5,15.27,15.34,15.27,15.34,6510.0,99635.55,derived_ohlc4
UPCOM_MFS,MFS,2020-11-03 09:00:00,560,5,15.74,17.0,15.34,15.34,16710.0,264937.05,derived_ohlc4
UPCOM_MFS,MFS,2020-11-04 09:00:00,561,5,15.54,15.8,15.34,15.34,1300.0,20156.5,derived_ohlc4
UPCOM_MFS,MFS,2020-11-05 09:00:00,562,5,15.4,15.4,15.34,15.34,18000.0,276660.0,derived_ohlc4
UPCOM_MFS,MFS,2020-11-06 09:00:00,563,5,15.34,15.34,15.34,15.34,6800.0,104312.0,derived_ohlc4
UPCOM_MFS,MFS,2020-11-09 09:00:00,564,5,15.34,15.4,15.34,15.34,1865.0,28637.075,derived_ohlc4
UPCOM_MFS,MFS,2020-11-10 09:00:00,565,5,15.47,15.54,15.4,15.4,7520.0,116202.79999999999,derived_ohlc4
UPCOM_MFS,MFS,2020-11-11 09:00:00,566,5,15.47,15.67,15.47,15.54,4500.0,69918.75,derived_ohlc4
UPCOM_MFS,MFS,2020-11-12 09:00:00,567,5,15.34,15.6,15.34,15.34,8210.0,126475.05,derived_ohlc4
UPCOM_MFS,MFS,2020-11-13 09:00:00,568,5,15.34,15.34,15.34,15.34,12120.0,185920.8,derived_ohlc4
UPCOM_MFS,MFS,2020-11-16 09:00:00,569,5,15.4,15.4,15.27,15.34,12000.0,184230.0,derived_ohlc4
UPCOM_MFS,MFS,2020-11-17 09:00:00,570,5,15.27,15.34,14.67,15.34,6200.0,93961.0,derived_ohlc4
UPCOM_MFS,MFS,2020-11-18 09:00:00,571,5,15.34,15.8,15.34,15.74,23800.0,370209.00000000006,derived_ohlc4
UPCOM_MFS,MFS,2020-11-19 09:00:00,572,5,15.67,15.74,15.67,15.67,10520.0,165032.5,derived_ohlc4
UPCOM_MFS,MFS,2020-11-20 09:00:00,573,5,15.34,15.54,15.34,15.47,11118.0,171467.35499999998,derived_ohlc4
UPCOM_MFS,MFS,2020-11-23 09:00:00,574,5,16.27,16.27,15.47,15.67,18606.0,296207.52,derived_ohlc4
UPCOM_MFS,MFS,2020-11-24 09:00:00,575,5,15.94,16.67,15.94,16.4,109295.0,1774677.5624999998,derived_ohlc4
UPCOM_MFS,MFS,2020-11-25 09:00:00,576,5,16.4,17.67,16.34,16.94,79311.0,1335398.9625,derived_ohlc4
UPCOM_MFS,MFS,2020-11-26 09:00:00,577,5,17.07,17.47,16.94,17.14,39800.0,682769.0,derived_ohlc4
UPCOM_MFS,MFS,2020-11-27 09:00:00,578,5,17.0,17.0,16.4,16.67,41411.0,694358.9424999999,derived_ohlc4
UPCOM_MFS,MFS,2020-11-30 09:00:00,579,5,17.27,17.27,16.34,16.87,20490.0,347049.375,derived_ohlc4
UPCOM_MFS,MFS,2020-12-01 09:00:00,580,5,16.6,17.34,16.54,17.34,128184.0,2173359.7199999997,derived_ohlc4
UPCOM_MFS,MFS,2020-12-02 09:00:00,581,5,17.34,18.14,17.34,17.6,108530.0,1910670.6500000004,derived_ohlc4
UPCOM_MFS,MFS,2020-12-03 09:00:00,582,5,17.6,18.0,17.6,17.87,85519.0,1519458.8325000003,derived_ohlc4
UPCOM_MFS,MFS,2020-12-04 09:00:00,583,5,17.87,17.87,17.4,17.67,50004.0,885195.81,derived_ohlc4
UPCOM_MFS,MFS,2020-12-07 09:00:00,584,5,17.67,17.74,17.47,17.6,38290.0,674669.7999999999,derived_ohlc4
UPCOM_MFS,MFS,2020-12-08 09:00:00,585,5,17.6,17.6,17.27,17.27,39800.0,693913.0,derived_ohlc4
UPCOM_MFS,MFS,2020-12-09 09:00:00,586,5,17.2,17.87,17.2,17.54,43110.0,752377.275,derived_ohlc4
UPCOM_MFS,MFS,2020-12-10 09:00:00,587,5,17.8,17.8,17.34,17.54,46200.0,814043.9999999999,derived_ohlc4
UPCOM_MFS,MFS,2020-12-11 09:00:00,588,5,17.2,17.54,17.2,17.4,56450.0,978560.75,derived_ohlc4
UPCOM_MFS,MFS,2020-12-14 09:00:00,589,5,17.6,18.0,17.54,18.0,82475.0,1466817.875,derived_ohlc4
UPCOM_MFS,MFS,2020-12-15 09:00:00,590,5,18.0,18.34,17.6,18.2,103412.0,1865035.42,derived_ohlc4
UPCOM_MFS,MFS,2020-12-16 09:00:00,591,5,18.2,18.4,17.94,17.94,46600.0,844391.9999999999,derived_ohlc4
UPCOM_MFS,MFS,2020-12-17 09:00:00,592,5,18.14,18.27,17.67,17.87,48940.0,880308.25,derived_ohlc4
UPCOM_MFS,MFS,2020-12-18 09:00:00,593,5,18.0,18.0,17.8,17.94,20200.0,362287.0,derived_ohlc4
UPCOM_MFS,MFS,2020-12-21 09:00:00,594,5,17.67,18.0,17.67,17.8,46200.0,821667.0,derived_ohlc4
UPCOM_MFS,MFS,2020-12-22 09:00:00,595,5,18.0,18.27,17.87,18.2,95130.0,1720426.05,derived_ohlc4
UPCOM_MFS,MFS,2020-12-23 09:00:00,596,5,18.2,18.2,17.94,17.94,53598.0,968515.86,derived_ohlc4
UPCOM_MFS,MFS,2020-12-24 09:00:00,597,5,17.94,18.0,17.6,17.67,27200.0,484228.00000000006,derived_ohlc4
UPCOM_MFS,MFS,2020-12-25 09:00:00,598,5,17.87,18.0,17.4,17.87,52868.0,940257.38,derived_ohlc4
UPCOM_MFS,MFS,2020-12-28 09:00:00,599,5,17.87,18.27,17.74,17.74,115603.0,2069871.7149999996,derived_ohlc4
UPCOM_MFS,MFS,2020-12-29 09:00:00,600,5,17.74,18.0,17.6,17.87,78913.0,1404848.6824999999,derived_ohlc4
UPCOM_MFS,MFS,2020-12-30 09:00:00,601,5,18.0,19.0,18.0,18.87,141864.0,2619873.4200000004,derived_ohlc4
UPCOM_MFS,MFS,2020-12-31 09:00:00,602,5,18.8,18.8,18.27,18.67,58028.0,1081351.78,derived_ohlc4
UPCOM_MFS,MFS,2021-01-04 09:00:00,603,5,19.0,19.0,18.4,18.54,70100.0,1313323.5,derived_ohlc4
UPCOM_MFS,MFS,2021-01-05 09:00:00,604,5,18.6,18.6,18.2,18.34,58291.0,1074594.5850000002,derived_ohlc4
UPCOM_MFS,MFS,2021-01-06 09:00:00,605,5,18.34,18.34,18.0,18.07,98739.0,1795815.5625,derived_ohlc4
UPCOM_MFS,MFS,2021-01-07 09:00:00,606,5,18.07,18.67,18.07,18.54,73816.0,1353600.9,derived_ohlc4
UPCOM_MFS,MFS,2021-01-08 09:00:00,607,5,18.67,19.0,18.67,19.0,125900.0,2371326.5,derived_ohlc4
UPCOM_MFS,MFS,2021-01-11 09:00:00,608,5,18.74,20.4,18.74,20.0,113480.0,2209455.6,derived_ohlc4
UPCOM_MFS,MFS,2021-01-12 09:00:00,609,5,20.34,21.47,20.0,21.47,113380.0,2360571.6,derived_ohlc4
UPCOM_MFS,MFS,2021-01-13 09:00:00,610,5,21.67,22.6,20.54,21.34,255275.0,5497985.3125,derived_ohlc4
UPCOM_MFS,MFS,2021-01-14 09:00:00,611,5,21.67,21.8,21.14,21.74,112985.0,2439063.6875,derived_ohlc4
UPCOM_MFS,MFS,2021-01-15 09:00:00,612,5,21.74,22.0,21.34,21.67,128492.0,2786670.25,derived_ohlc4
UPCOM_MFS,MFS,2021-01-18 09:00:00,613,5,21.47,21.74,21.47,21.54,69408.0,1496089.44,derived_ohlc4
UPCOM_MFS,MFS,2021-01-19 09:00:00,614,5,21.34,21.34,18.47,20.67,140425.0,2872393.3749999995,derived_ohlc4
UPCOM_MFS,MFS,2021-01-20 09:00:00,615,5,20.67,20.67,19.34,20.14,44480.0,898718.4000000001,derived_ohlc4
UPCOM_MFS,MFS,2021-01-21 09:00:00,616,5,20.47,21.34,20.07,20.6,101580.0,2094579.6,derived_ohlc4
UPCOM_MFS,MFS,2021-01-22 09:00:00,617,5,21.27,21.27,20.0,20.34,20300.0,420616.0,derived_ohlc4
UPCOM_MFS,MFS,2021-01-25 09:00:00,618,5,20.2,21.0,20.2,20.67,59400.0,1218739.5,derived_ohlc4
UPCOM_MFS,MFS,2021-01-26 09:00:00,619,5,20.4,20.6,19.34,19.87,33423.0,670214.7075,derived_ohlc4
UPCOM_MFS,MFS,2021-01-27 09:00:00,620,5,19.74,20.0,18.67,18.94,78600.0,1519927.5,derived_ohlc4
UPCOM_MFS,MFS,2021-01-28 09:00:00,621,5,18.07,18.2,16.34,17.0,162778.0,2832744.145,derived_ohlc4
UPCOM_MFS,MFS,2021-01-29 09:00:00,622,5,17.6,18.34,17.34,18.07,81200.0,1448405.0,derived_ohlc4
UPCOM_MFS,MFS,2021-02-01 09:00:00,623,5,17.4,17.74,17.34,17.54,43510.0,761642.5500000002,derived_ohlc4
UPCOM_MFS,MFS,2021-02-02 09:00:00,624,5,17.54,18.67,17.34,17.8,49600.0,884739.9999999999,derived_ohlc4
UPCOM_MFS,MFS,2021-02-03 09:00:00,625,5,19.0,19.0,17.87,18.34,84603.0,1569597.1575000002,derived_ohlc4
UPCOM_MFS,MFS,2021-02-04 09:00:00,626,5,18.67,18.67,18.2,18.34,64701.0,1195027.4700000002,derived_ohlc4
UPCOM_MFS,MFS,2021-02-05 09:00:00,627,5,18.67,18.67,18.2,18.54,55600.0,1029712.0000000001,derived_ohlc4
UPCOM_MFS,MFS,2021-02-08 09:00:00,628,5,18.74,18.8,18.27,18.34,47900.0,887946.2500000001,derived_ohlc4
UPCOM_MFS,MFS,2021-02-09 09:00:00,629,5,18.54,18.6,18.34,18.47,13500.0,249581.25,derived_ohlc4
UPCOM_MFS,MFS,2021-02-17 09:00:00,630,5,18.67,19.54,18.67,19.4,74700.0,1424529.0,derived_ohlc4
UPCOM_MFS,MFS,2021-02-18 09:00:00,631,5,19.87,19.87,18.87,19.27,72800.0,1417416.0,derived_ohlc4
UPCOM_MFS,MFS,2021-02-19 09:00:00,632,5,18.74,19.14,18.6,18.67,49700.0,933738.7500000001,derived_ohlc4
UPCOM_MFS,MFS,2021-02-22 09:00:00,633,5,19.0,19.27,18.67,18.87,50110.0,949709.775,derived_ohlc4
UPCOM_MFS,MFS,2021-02-23 09:00:00,634,5,18.67,19.0,18.67,19.0,57200.0,1077362.0,derived_ohlc4
UPCOM_MFS,MFS,2021-02-24 09:00:00,635,5,19.27,19.27,18.6,18.67,74261.0,1407431.6025,derived_ohlc4
UPCOM_MFS,MFS,2021-02-25 09:00:00,636,5,18.8,18.8,18.67,18.74,55200.0,1035138.0000000001,derived_ohlc4
UPCOM_MFS,MFS,2021-02-26 09:00:00,637,5,18.74,19.07,18.6,18.74,55855.0,1049375.8125,derived_ohlc4
UPCOM_MFS,MFS,2021-03-01 09:00:00,638,5,19.34,19.34,19.0,19.0,47437.0,909367.29,derived_ohlc4
UPCOM_MFS,MFS,2021-03-02 09:00:00,639,5,19.07,19.2,18.8,18.94,49930.0,948794.8249999998,derived_ohlc4
UPCOM_MFS,MFS,2021-03-03 09:00:00,640,5,18.87,19.6,18.87,19.0,87700.0,1673754.5,derived_ohlc4
UPCOM_MFS,MFS,2021-03-04 09:00:00,641,5,19.34,19.34,18.87,19.0,60300.0,1153991.25,derived_ohlc4
UPCOM_MFS,MFS,2021-03-05 09:00:00,642,5,19.07,19.67,18.74,19.4,70700.0,1358854.0,derived_ohlc4
UPCOM_MFS,MFS,2021-03-08 09:00:00,643,5,19.4,19.54,19.34,19.54,36300.0,706216.4999999999,derived_ohlc4
UPCOM_MFS,MFS,2021-03-09 09:00:00,644,5,19.4,19.67,19.34,19.47,37000.0,720390.0,derived_ohlc4
UPCOM_MFS,MFS,2021-03-10 09:00:00,645,5,19.67,22.0,19.54,21.87,314450.0,6531126.5,derived_ohlc4
UPCOM_MFS,MFS,2021-03-11 09:00:00,646,5,22.07,23.67,22.0,23.67,308768.0,7056120.720000001,derived_ohlc4
UPCOM_MFS,MFS,2021-03-12 09:00:00,647,5,24.67,24.67,23.07,24.0,217795.0,5249403.9875,derived_ohlc4
UPCOM_MFS,MFS,2021-03-15 09:00:00,648,5,23.8,25.67,23.34,24.27,187794.0,4557760.38,derived_ohlc4
UPCOM_MFS,MFS,2021-03-16 09:00:00,649,5,24.27,24.6,24.0,24.14,141140.0,3422997.85,derived_ohlc4
UPCOM_MFS,MFS,2021-03-17 09:00:00,650,5,24.0,24.14,23.8,23.94,71734.0,1719463.98,derived_ohlc4
UPCOM_MFS,MFS,2021-03-18 09:00:00,651,5,23.0,24.07,23.0,23.6,87470.0,2048328.7249999996,derived_ohlc4
UPCOM_MFS,MFS,2021-03-19 09:00:00,652,5,23.6,24.2,23.0,23.87,96939.0,2294303.7825,derived_ohlc4
UPCOM_MFS,MFS,2021-03-22 09:00:00,653,5,23.87,24.14,23.4,23.4,56550.0,1340376.375,derived_ohlc4
UPCOM_MFS,MFS,2021-03-23 09:00:00,654,5,23.67,23.67,22.6,22.8,66222.0,1535357.0699999998,derived_ohlc4
UPCOM_MFS,MFS,2021-03-24 09:00:00,655,5,22.74,22.74,21.34,21.87,113052.0,2506645.4699999997,derived_ohlc4
UPCOM_MFS,MFS,2021-03-25 09:00:00,656,5,22.07,22.2,21.47,21.8,76560.0,1675515.5999999999,derived_ohlc4
UPCOM_MFS,MFS,2021-03-26 09:00:00,657,5,21.54,22.07,20.27,21.34,124500.0,2652472.5,derived_ohlc4
UPCOM_MFS,MFS,2021-03-29 09:00:00,658,5,21.34,21.34,20.14,20.87,87449.0,1829651.7025,derived_ohlc4
UPCOM_MFS,MFS,2021-03-30 09:00:00,659,5,20.74,22.14,20.74,21.74,44478.0,949160.5199999998,derived_ohlc4
UPCOM_MFS,MFS,2021-03-31 09:00:00,660,5,21.67,21.67,21.07,21.14,113816.0,2434239.6999999997,derived_ohlc4
UPCOM_MFS,MFS,2021-04-01 09:00:00,661,5,21.2,21.34,21.0,21.34,72302.0,1534248.44,derived_ohlc4
UPCOM_MFS,MFS,2021-04-02 09:00:00,662,5,23.34,23.34,21.07,21.54,57828.0,1290865.5299999998,derived_ohlc4
UPCOM_MFS,MFS,2021-04-05 09:00:00,663,5,21.6,21.6,21.07,21.2,63172.0,1349827.7100000002,derived_ohlc4
UPCOM_MFS,MFS,2021-04-06 09:00:00,664,5,21.34,21.34,20.67,20.87,53756.0,1131832.58,derived_ohlc4
UPCOM_MFS,MFS,2021-04-07 09:00:00,665,5,20.94,20.94,20.54,20.8,65867.0,1370362.935,derived_ohlc4
UPCOM_MFS,MFS,2021-04-08 09:00:00,666,5,20.87,21.14,20.67,20.87,27400.0,572317.5000000001,derived_ohlc4
UPCOM_MFS,MFS,2021-04-09 09:00:00,667,5,20.8,20.8,20.54,20.67,35522.0,735394.2050000001,derived_ohlc4
UPCOM_MFS,MFS,2021-04-12 09:00:00,668,5,20.67,20.67,20.34,20.6,71000.0,1460470.0,derived_ohlc4
UPCOM_MFS,MFS,2021-04-13 09:00:00,669,5,20.47,20.67,20.27,20.27,37523.0,766219.6599999999,derived_ohlc4
UPCOM_MFS,MFS,2021-04-14 09:00:00,670,5,20.27,20.67,20.2,20.6,25937.0,530022.5950000001,derived_ohlc4
UPCOM_MFS,MFS,2021-04-15 09:00:00,671,5,20.67,21.0,20.34,20.47,22600.0,466012.0,derived_ohlc4
UPCOM_MFS,MFS,2021-04-16 09:00:00,672,5,20.67,20.67,19.74,19.8,50964.0,1030492.08,derived_ohlc4
UPCOM_MFS,MFS,2021-04-19 09:00:00,673,5,19.8,20.2,19.6,20.2,36081.0,719815.95,derived_ohlc4
UPCOM_MFS,MFS,2021-04-20 09:00:00,674,5,20.0,20.27,19.87,20.27,31300.0,629208.25,derived_ohlc4
UPCOM_MFS,MFS,2021-04-22 09:00:00,675,5,20.14,20.14,19.4,19.4,22738.0,449530.26,derived_ohlc4
UPCOM_MFS,MFS,2021-04-23 09:00:00,676,5,19.4,19.67,19.27,19.67,81300.0,1585553.25,derived_ohlc4
UPCOM_MFS,MFS,2021-04-26 09:00:00,677,5,19.74,19.74,18.87,19.0,49020.0,947924.2499999999,derived_ohlc4
UPCOM_MFS,MFS,2021-04-27 09:00:00,678,5,19.34,19.4,19.0,19.4,20700.0,399199.49999999994,derived_ohlc4
UPCOM_MFS,MFS,2021-04-28 09:00:00,679,5,19.67,19.67,19.14,19.14,10400.0,201812.0,derived_ohlc4
UPCOM_MFS,MFS,2021-04-29 09:00:00,680,5,19.0,19.34,19.0,19.34,20000.0,383400.00000000006,derived_ohlc4
UPCOM_MFS,MFS,2021-05-04 09:00:00,681,5,19.34,19.34,18.0,18.6,30618.0,576230.76,derived_ohlc4
UPCOM_MFS,MFS,2021-05-05 09:00:00,682,5,18.67,19.34,18.0,19.34,27510.0,518219.62500000006,derived_ohlc4
UPCOM_MFS,MFS,2021-05-06 09:00:00,683,5,19.2,19.34,19.07,19.2,8300.0,159380.75,derived_ohlc4
UPCOM_MFS,MFS,2021-05-07 09:00:00,684,5,19.2,19.27,18.67,18.87,17300.0,328743.25,derived_ohlc4
UPCOM_MFS,MFS,2021-05-10 09:00:00,685,5,18.34,19.0,18.34,18.94,21556.0,402127.18000000005,derived_ohlc4
UPCOM_MFS,MFS,2021-05-11 09:00:00,686,5,18.74,19.0,18.74,19.0,23700.0,447218.99999999994,derived_ohlc4
UPCOM_MFS,MFS,2021-05-12 09:00:00,687,5,18.67,19.14,18.67,19.0,12218.0,230553.66,derived_ohlc4
UPCOM_MFS,MFS,2021-05-13 09:00:00,688,5,18.8,19.67,18.8,19.47,66884.0,1283169.5399999998,derived_ohlc4
UPCOM_MFS,MFS,2021-05-14 09:00:00,689,5,19.54,19.67,18.87,19.0,16800.0,323736.0,derived_ohlc4
UPCOM_MFS,MFS,2021-05-17 09:00:00,690,5,19.34,19.34,18.87,18.87,14400.0,275112.0,derived_ohlc4
UPCOM_MFS,MFS,2021-05-18 09:00:00,691,5,19.0,19.34,18.8,19.34,48200.0,921584.0,derived_ohlc4
UPCOM_MFS,MFS,2021-05-19 09:00:00,692,5,19.34,19.54,19.27,19.4,14064.0,272665.79999999993,derived_ohlc4
UPCOM_MFS,MFS,2021-05-20 09:00:00,693,5,19.34,19.6,19.34,19.6,43900.0,854733.0,derived_ohlc4
UPCOM_MFS,MFS,2021-05-21 09:00:00,694,5,19.87,19.87,19.4,19.54,29400.0,578298.0,derived_ohlc4
UPCOM_MFS,MFS,2021-05-24 09:00:00,695,5,19.67,19.67,19.6,19.6,17210.0,337918.35000000003,derived_ohlc4
UPCOM_MFS,MFS,2021-05-25 09:00:00,696,5,19.6,19.74,19.6,19.74,2021.0,39753.07000000001,derived_ohlc4
UPCOM_MFS,MFS,2021-05-26 09:00:00,697,5,19.67,19.74,19.54,19.74,35000.0,688537.5,derived_ohlc4
UPCOM_MFS,MFS,2021-05-27 09:00:00,698,5,19.67,19.87,18.94,19.67,61900.0,1209371.25,derived_ohlc4
UPCOM_MFS,MFS,2021-05-28 09:00:00,699,5,19.87,20.0,19.6,19.94,22900.0,454622.25000000006,derived_ohlc4
UPCOM_MFS,MFS,2021-05-31 09:00:00,700,5,19.74,19.87,19.74,19.87,11400.0,225777.0,derived_ohlc4
UPCOM_MFS,MFS,2021-06-01 09:00:00,701,5,19.74,19.8,19.67,19.74,16982.0,335182.22500000003,derived_ohlc4
UPCOM_MFS,MFS,2021-06-02 09:00:00,702,5,19.67,19.87,19.67,19.87,17200.0,340044.00000000006,derived_ohlc4
UPCOM_MFS,MFS,2021-06-03 09:00:00,703,5,19.94,20.07,19.6,19.87,37200.0,739164.0,derived_ohlc4
UPCOM_MFS,MFS,2021-06-04 09:00:00,704,5,19.87,20.14,19.74,20.14,44832.0,895407.12,derived_ohlc4
UPCOM_MFS,MFS,2021-06-07 09:00:00,705,5,20.0,20.94,19.8,19.87,56648.0,1141598.82,derived_ohlc4
UPCOM_MFS,MFS,2021-06-08 09:00:00,706,5,20.67,20.94,20.0,20.0,17400.0,355003.5,derived_ohlc4
UPCOM_MFS,MFS,2021-06-09 09:00:00,707,5,20.4,20.4,20.0,20.2,9800.0,198450.0,derived_ohlc4
UPCOM_MFS,MFS,2021-06-10 09:00:00,708,5,20.27,20.27,20.0,20.2,19910.0,401883.35,derived_ohlc4
UPCOM_MFS,MFS,2021-06-11 09:00:00,709,5,20.2,20.34,20.07,20.34,10902.0,220629.225,derived_ohlc4
UPCOM_MFS,MFS,2021-06-14 09:00:00,710,5,20.34,20.67,20.14,20.34,11800.0,240395.50000000003,derived_ohlc4
UPCOM_MFS,MFS,2021-06-15 09:00:00,711,5,20.34,20.34,20.2,20.34,5507.0,111819.635,derived_ohlc4
UPCOM_MFS,MFS,2021-06-16 09:00:00,712,5,20.27,20.67,20.0,20.07,10700.0,216701.74999999997,derived_ohlc4
UPCOM_MFS,MFS,2021-06-17 09:00:00,713,5,20.07,20.34,20.0,20.2,5030.0,101367.075,derived_ohlc4
UPCOM_MFS,MFS,2021-06-18 09:00:00,714,5,20.2,20.54,17.87,20.54,29702.0,587728.3250000001,derived_ohlc4
UPCOM_MFS,MFS,2021-06-21 09:00:00,715,5,20.14,20.6,20.07,20.47,23257.0,472582.24,derived_ohlc4
UPCOM_MFS,MFS,2021-06-22 09:00:00,716,5,20.07,21.0,20.07,20.54,52865.0,1079503.3,derived_ohlc4
UPCOM_MFS,MFS,2021-06-23 09:00:00,717,5,20.67,20.94,20.47,20.67,42438.0,877936.125,derived_ohlc4
UPCOM_MFS,MFS,2021-06-24 09:00:00,718,5,20.67,20.8,20.6,20.67,5966.0,123406.71,derived_ohlc4
UPCOM_MFS,MFS,2021-06-25 09:00:00,719,5,21.34,21.34,20.6,20.67,9702.0,203620.725,derived_ohlc4
UPCOM_MFS,MFS,2021-06-28 09:00:00,720,5,20.67,20.67,20.34,20.67,29000.0,597037.5000000001,derived_ohlc4
UPCOM_MFS,MFS,2021-06-29 09:00:00,721,5,20.87,20.87,20.67,20.87,27450.0,571509.0,derived_ohlc4
UPCOM_MFS,MFS,2021-06-30 09:00:00,722,5,21.34,21.34,20.74,20.94,17930.0,378143.7,derived_ohlc4
UPCOM_MFS,MFS,2021-07-01 09:00:00,723,5,21.27,21.34,20.94,21.2,30303.0,642044.8125,derived_ohlc4
UPCOM_MFS,MFS,2021-07-02 09:00:00,724,5,21.07,21.34,21.0,21.0,26050.0,549720.125,derived_ohlc4
UPCOM_MFS,MFS,2021-07-05 09:00:00,725,5,21.0,21.2,20.74,21.07,28600.0,600671.4999999999,derived_ohlc4
UPCOM_MFS,MFS,2021-07-06 09:00:00,726,5,20.87,21.07,20.6,20.67,31700.0,659439.2500000001,derived_ohlc4
UPCOM_MFS,MFS,2021-07-07 09:00:00,727,5,20.67,21.0,20.07,20.67,61402.0,1265034.7049999998,derived_ohlc4
UPCOM_MFS,MFS,2021-07-08 09:00:00,728,5,20.87,21.0,20.67,20.87,22200.0,462925.50000000006,derived_ohlc4
UPCOM_MFS,MFS,2021-07-09 09:00:00,729,5,20.8,20.87,20.34,20.67,27753.0,573654.51,derived_ohlc4
UPCOM_MFS,MFS,2021-07-12 09:00:00,730,5,20.8,20.94,19.74,20.67,98820.0,2029515.7500000002,derived_ohlc4
UPCOM_MFS,MFS,2021-07-13 09:00:00,731,5,20.87,21.34,20.8,21.14,36400.0,765765.0,derived_ohlc4
UPCOM_MFS,MFS,2021-07-14 09:00:00,732,5,21.34,21.54,20.8,21.0,50433.0,1067666.6099999999,derived_ohlc4
UPCOM_MFS,MFS,2021-07-15 09:00:00,733,5,21.0,21.2,20.67,21.2,26031.0,547106.5425000001,derived_ohlc4
UPCOM_MFS,MFS,2021-07-16 09:00:00,734,5,20.74,21.07,20.67,20.87,34100.0,710558.7500000001,derived_ohlc4
UPCOM_MFS,MFS,2021-07-19 09:00:00,735,5,21.0,21.0,20.2,20.54,96300.0,1991965.5000000002,derived_ohlc4
UPCOM_MFS,MFS,2021-07-20 09:00:00,736,5,20.58,21.01,19.64,20.58,13000.0,265882.5,derived_ohlc4
UPCOM_MFS,MFS,2021-07-21 09:00:00,737,5,20.58,20.58,19.78,20.21,16000.0,324600.0,derived_ohlc4
UPCOM_MFS,MFS,2021-07-22 09:00:00,738,5,19.64,20.0,19.56,19.92,21300.0,421314.0,derived_ohlc4
UPCOM_MFS,MFS,2021-07-23 09:00:00,739,5,20.0,20.07,19.92,19.92,14203.0,283740.4325,derived_ohlc4
UPCOM_MFS,MFS,2021-07-26 09:00:00,740,5,19.56,19.92,19.42,19.92,5300.0,104436.50000000001,derived_ohlc4
UPCOM_MFS,MFS,2021-07-27 09:00:00,741,5,19.78,19.92,19.71,19.78,13010.0,257565.475,derived_ohlc4
UPCOM_MFS,MFS,2021-07-28 09:00:00,742,5,19.78,19.92,19.78,19.78,1500.0,29722.500000000004,derived_ohlc4
UPCOM_MFS,MFS,2021-07-29 09:00:00,743,5,20.07,20.07,19.49,19.71,27187.0,539254.145,derived_ohlc4
UPCOM_MFS,MFS,2021-07-30 09:00:00,744,5,19.64,20.0,19.64,19.64,15019.0,296324.87,derived_ohlc4
UPCOM_MFS,MFS,2021-08-02 09:00:00,745,5,19.85,19.92,19.71,19.71,8500.0,168278.75,derived_ohlc4
UPCOM_MFS,MFS,2021-08-03 09:00:00,746,5,19.85,20.0,19.71,19.71,36529.0,723913.4575000001,derived_ohlc4
UPCOM_MFS,MFS,2021-08-04 09:00:00,747,5,19.92,19.92,19.78,19.92,23016.0,457673.16000000003,derived_ohlc4
UPCOM_MFS,MFS,2021-08-05 09:00:00,748,5,20.07,20.07,19.35,20.07,500.0,9945.0,derived_ohlc4
UPCOM_MFS,MFS,2021-08-06 09:00:00,749,5,19.92,19.92,19.56,19.71,28217.0,558061.7175000001,derived_ohlc4
UPCOM_MFS,MFS,2021-08-09 09:00:00,750,5,19.71,20.07,19.64,19.78,26800.0,530640.0,derived_ohlc4
UPCOM_MFS,MFS,2021-08-10 09:00:00,751,5,19.78,20.07,19.71,20.07,32203.0,641081.2224999999,derived_ohlc4
UPCOM_MFS,MFS,2021-08-11 09:00:00,752,5,20.07,20.94,20.07,20.36,55639.0,1132810.04,derived_ohlc4
UPCOM_MFS,MFS,2021-08-12 09:00:00,753,5,20.36,20.79,20.36,20.79,18900.0,388867.5,derived_ohlc4
UPCOM_MFS,MFS,2021-08-13 09:00:00,754,5,20.79,20.94,20.5,20.5,18900.0,390899.25,derived_ohlc4
UPCOM_MFS,MFS,2021-08-16 09:00:00,755,5,20.79,20.94,20.58,20.72,36000.0,747270.0,derived_ohlc4
UPCOM_MFS,MFS,2021-08-17 09:00:00,756,5,20.94,21.01,20.58,20.79,59151.0,1232115.3299999998,derived_ohlc4
UPCOM_MFS,MFS,2021-08-18 09:00:00,757,5,20.72,21.23,20.72,21.08,12741.0,266764.6875,derived_ohlc4
UPCOM_MFS,MFS,2021-08-19 09:00:00,758,5,21.01,21.37,21.01,21.01,29200.0,616120.0,derived_ohlc4
UPCOM_MFS,MFS,2021-08-20 09:00:00,759,5,21.3,21.3,20.72,20.72,55500.0,1166055.0,derived_ohlc4
UPCOM_MFS,MFS,2021-08-23 09:00:00,760,5,20.72,21.01,20.36,20.36,76505.0,1576959.3125,derived_ohlc4
UPCOM_MFS,MFS,2021-08-24 09:00:00,761,5,20.36,20.36,20.07,20.29,16550.0,335468.5,derived_ohlc4
UPCOM_MFS,MFS,2021-08-25 09:00:00,762,5,20.65,20.72,20.29,20.65,13900.0,286027.25,derived_ohlc4
UPCOM_MFS,MFS,2021-08-26 09:00:00,763,5,22.17,22.17,20.79,20.79,22750.0,488669.99999999994,derived_ohlc4
UPCOM_MFS,MFS,2021-08-27 09:00:00,764,5,21.01,21.3,20.87,20.87,39554.0,831128.4250000002,derived_ohlc4
UPCOM_MFS,MFS,2021-08-30 09:00:00,765,5,21.01,21.59,20.94,21.3,63160.0,1339623.6,derived_ohlc4
UPCOM_MFS,MFS,2021-08-31 09:00:00,766,5,21.08,22.75,21.08,22.61,99911.0,2186052.6799999997,derived_ohlc4
UPCOM_MFS,MFS,2021-09-01 09:00:00,767,5,22.32,22.82,22.17,22.82,27377.0,616872.2525,derived_ohlc4
UPCOM_MFS,MFS,2021-09-06 09:00:00,768,5,22.53,22.75,22.46,22.46,8946.0,201732.30000000005,derived_ohlc4
UPCOM_MFS,MFS,2021-09-07 09:00:00,769,5,22.46,22.68,21.81,22.24,39006.0,869736.285,derived_ohlc4
UPCOM_MFS,MFS,2021-09-08 09:00:00,770,5,22.24,22.32,21.95,22.03,43000.0,951805.0000000001,derived_ohlc4
UPCOM_MFS,MFS,2021-09-09 09:00:00,771,5,22.97,22.97,22.1,22.61,9513.0,215588.3625,derived_ohlc4
UPCOM_MFS,MFS,2021-09-10 09:00:00,772,5,22.32,22.32,22.17,22.17,22606.0,502870.47000000003,derived_ohlc4
UPCOM_MFS,MFS,2021-09-13 09:00:00,773,5,22.17,22.46,22.17,22.24,32537.0,724273.62,derived_ohlc4
UPCOM_MFS,MFS,2021-09-14 09:00:00,774,5,22.46,22.9,22.46,22.68,85710.0,1939188.75,derived_ohlc4
UPCOM_MFS,MFS,2021-09-15 09:00:00,775,5,22.9,23.62,22.82,23.48,64964.0,1507489.62,derived_ohlc4
UPCOM_MFS,MFS,2021-09-16 09:00:00,776,5,23.91,23.91,23.33,23.48,8910.0,210788.325,derived_ohlc4
UPCOM_MFS,MFS,2021-09-17 09:00:00,777,5,23.4,23.4,22.82,22.82,31300.0,723343.0,derived_ohlc4
UPCOM_MFS,MFS,2021-09-20 09:00:00,778,5,22.82,22.82,22.32,22.61,43610.0,987439.425,derived_ohlc4
UPCOM_MFS,MFS,2021-09-21 09:00:00,779,5,22.32,22.53,22.03,22.46,45105.0,1007420.175,derived_ohlc4
UPCOM_MFS,MFS,2021-09-22 09:00:00,780,5,22.46,22.82,22.24,22.24,9310.0,208916.39999999997,derived_ohlc4
UPCOM_MFS,MFS,2021-09-23 09:00:00,781,5,22.75,23.19,22.24,22.32,41200.0,932150.0,derived_ohlc4
UPCOM_MFS,MFS,2021-09-24 09:00:00,782,5,22.32,22.9,22.32,22.39,10556.0,237325.27,derived_ohlc4
UPCOM_MFS,MFS,2021-09-27 09:00:00,783,5,22.46,23.04,22.24,22.24,26708.0,600796.46,derived_ohlc4
UPCOM_MFS,MFS,2021-09-28 09:00:00,784,5,22.32,22.68,22.32,22.68,13420.0,301950.0,derived_ohlc4
UPCOM_MFS,MFS,2021-09-29 09:00:00,785,5,22.97,22.97,22.39,22.46,28210.0,640296.475,derived_ohlc4
UPCOM_MFS,MFS,2021-09-30 09:00:00,786,5,22.82,22.82,22.46,22.61,7200.0,163278.0,derived_ohlc4
UPCOM_MFS,MFS,2021-10-01 09:00:00,787,5,22.32,22.75,22.32,22.39,3231.0,72519.795,derived_ohlc4
UPCOM_MFS,MFS,2021-10-04 09:00:00,788,5,22.46,22.46,22.32,22.46,31310.0,702126.7500000001,derived_ohlc4
UPCOM_MFS,MFS,2021-10-05 09:00:00,789,5,22.39,22.61,22.39,22.46,14100.0,316721.25,derived_ohlc4
UPCOM_MFS,MFS,2021-10-06 09:00:00,790,5,22.53,23.91,22.53,23.91,104800.0,2433456.0,derived_ohlc4
UPCOM_MFS,MFS,2021-10-07 09:00:00,791,5,24.13,24.92,24.13,24.71,60700.0,1485480.7499999998,derived_ohlc4
UPCOM_MFS,MFS,2021-10-08 09:00:00,792,5,25.0,25.0,24.27,24.34,17610.0,434130.525,derived_ohlc4
UPCOM_MFS,MFS,2021-10-11 09:00:00,793,5,24.13,24.49,23.91,23.98,48100.0,1160532.75,derived_ohlc4
UPCOM_MFS,MFS,2021-10-12 09:00:00,794,5,23.98,24.2,23.76,23.84,37600.0,900332.0,derived_ohlc4
UPCOM_MFS,MFS,2021-10-13 09:00:00,795,5,24.27,25.29,23.91,24.63,25000.0,613125.0,derived_ohlc4
UPCOM_MFS,MFS,2021-10-14 09:00:00,796,5,24.34,24.63,24.34,24.63,12607.0,308682.395,derived_ohlc4
UPCOM_MFS,MFS,2021-10-15 09:00:00,797,5,24.49,24.49,23.91,24.13,20719.0,502539.345,derived_ohlc4
UPCOM_MFS,MFS,2021-10-18 09:00:00,798,5,24.27,24.49,23.55,24.27,19450.0,469620.25,derived_ohlc4
UPCOM_MFS,MFS,2021-10-19 09:00:00,799,5,24.49,24.49,23.69,23.76,11700.0,282057.75,derived_ohlc4
UPCOM_MFS,MFS,2021-10-20 09:00:00,800,5,24.34,24.34,23.69,23.69,24600.0,590769.0,derived_ohlc4
UPCOM_MFS,MFS,2021-10-21 09:00:00,801,5,24.85,24.85,23.84,23.84,6513.0,158558.98500000002,derived_ohlc4
UPCOM_MFS,MFS,2021-10-22 09:00:00,802,5,24.27,24.27,23.76,24.05,17000.0,409487.5,derived_ohlc4
UPCOM_MFS,MFS,2021-10-25 09:00:00,803,5,23.84,24.13,23.62,24.13,16100.0,385273.0,derived_ohlc4
UPCOM_MFS,MFS,2021-10-26 09:00:00,804,5,24.13,24.13,23.62,23.62,4500.0,107437.5,derived_ohlc4
UPCOM_MFS,MFS,2021-10-27 09:00:00,805,5,23.62,24.05,23.4,23.91,17900.0,425035.49999999994,derived_ohlc4
UPCOM_MFS,MFS,2021-10-28 09:00:00,806,5,23.19,23.91,23.19,23.69,10700.0,251396.5,derived_ohlc4
UPCOM_MFS,MFS,2021-10-29 09:00:00,807,5,23.26,23.84,23.19,23.62,31150.0,731324.1250000001,derived_ohlc4
UPCOM_MFS,MFS,2021-11-01 09:00:00,808,5,23.55,23.55,23.26,23.48,32230.0,756115.8,derived_ohlc4
UPCOM_MFS,MFS,2021-11-02 09:00:00,809,5,23.33,23.84,23.26,23.69,43900.0,1032967.0,derived_ohlc4
UPCOM_MFS,MFS,2021-11-03 09:00:00,810,5,23.84,23.84,23.33,23.33,21120.0,498115.19999999995,derived_ohlc4
UPCOM_MFS,MFS,2021-11-04 09:00:00,811,5,23.26,23.48,22.97,23.48,35600.0,829391.0000000001,derived_ohlc4
UPCOM_MFS,MFS,2021-11-05 09:00:00,812,5,23.69,23.69,22.97,23.33,6400.0,149888.0,derived_ohlc4
UPCOM_MFS,MFS,2021-11-08 09:00:00,813,5,23.19,23.69,22.82,22.9,23200.0,537080.0,derived_ohlc4
UPCOM_MFS,MFS,2021-11-09 09:00:00,814,5,23.19,23.33,23.11,23.19,18070.0,419314.35,derived_ohlc4
UPCOM_MFS,MFS,2021-11-10 09:00:00,815,5,23.4,24.13,23.11,23.69,63010.0,1485933.325,derived_ohlc4
UPCOM_MFS,MFS,2021-11-11 09:00:00,816,5,23.84,25.0,23.55,24.92,56890.0,1383991.475,derived_ohlc4
UPCOM_MFS,MFS,2021-11-12 09:00:00,817,5,24.63,24.63,24.05,24.05,17500.0,425950.0,derived_ohlc4
UPCOM_MFS,MFS,2021-11-15 09:00:00,818,5,24.85,24.92,23.98,24.05,33901.0,828879.45,derived_ohlc4
UPCOM_MFS,MFS,2021-11-16 09:00:00,819,5,24.13,25.36,23.91,25.0,77000.0,1894199.9999999998,derived_ohlc4
UPCOM_MFS,MFS,2021-11-17 09:00:00,820,5,26.81,27.17,26.45,26.81,123678.0,3315807.18,derived_ohlc4
UPCOM_MFS,MFS,2021-11-18 09:00:00,821,5,27.03,28.91,26.23,27.1,43523.0,1188939.5525000002,derived_ohlc4
UPCOM_MFS,MFS,2021-11-19 09:00:00,822,5,27.53,27.53,24.71,26.45,96100.0,2551935.5000000005,derived_ohlc4
UPCOM_MFS,MFS,2021-11-22 09:00:00,823,5,26.45,26.66,24.27,25.29,79390.0,2037742.8249999997,derived_ohlc4
UPCOM_MFS,MFS,2021-11-23 09:00:00,824,5,25.21,25.94,25.0,25.36,27300.0,692805.75,derived_ohlc4
UPCOM_MFS,MFS,2021-11-24 09:00:00,825,5,25.36,25.36,24.63,24.78,17801.0,445603.5325,derived_ohlc4
UPCOM_MFS,MFS,2021-11-25 09:00:00,826,5,24.78,25.0,24.63,25.0,37440.0,930477.6,derived_ohlc4
UPCOM_MFS,MFS,2021-11-26 09:00:00,827,5,25.0,25.0,23.91,24.71,29545.0,728431.975,derived_ohlc4
UPCOM_MFS,MFS,2021-11-29 09:00:00,828,5,23.91,24.85,23.91,24.63,5300.0,128922.5,derived_ohlc4
UPCOM_MFS,MFS,2021-11-30 09:00:00,829,5,24.63,24.63,24.13,24.27,22600.0,551779.0,derived_ohlc4
UPCOM_MFS,MFS,2021-12-01 09:00:00,830,5,24.92,24.92,24.34,24.34,5301.0,130563.63000000002,derived_ohlc4
UPCOM_MFS,MFS,2021-12-02 09:00:00,831,5,24.92,25.5,24.92,25.36,28200.0,709935.0,derived_ohlc4
UPCOM_MFS,MFS,2021-12-03 09:00:00,832,5,25.36,25.43,24.63,24.63,40130.0,1003751.625,derived_ohlc4
UPCOM_MFS,MFS,2021-12-06 09:00:00,833,5,25.36,25.36,24.13,24.13,4904.0,121349.47999999998,derived_ohlc4
UPCOM_MFS,MFS,2021-12-07 09:00:00,834,5,23.91,24.56,23.55,24.13,23200.0,557670.0,derived_ohlc4
UPCOM_MFS,MFS,2021-12-08 09:00:00,835,5,24.05,24.78,24.05,24.71,9300.0,226896.75,derived_ohlc4
UPCOM_MFS,MFS,2021-12-09 09:00:00,836,5,24.27,24.27,23.91,23.91,2200.0,52998.0,derived_ohlc4
UPCOM_MFS,MFS,2021-12-10 09:00:00,837,5,25.0,25.0,23.91,24.78,37920.0,935581.2,derived_ohlc4
UPCOM_MFS,MFS,2021-12-13 09:00:00,838,5,24.56,24.63,24.13,24.63,800.0,19589.999999999996,derived_ohlc4
UPCOM_MFS,MFS,2021-12-14 09:00:00,839,5,24.56,25.14,24.2,24.27,14900.0,365683.25,derived_ohlc4
UPCOM_MFS,MFS,2021-12-15 09:00:00,840,5,24.27,24.27,23.91,24.05,21502.0,518735.75,derived_ohlc4
UPCOM_MFS,MFS,2021-12-16 09:00:00,841,5,23.98,24.13,23.48,23.91,30500.0,728187.5,derived_ohlc4
UPCOM_MFS,MFS,2021-12-17 09:00:00,842,5,23.91,24.2,23.55,24.05,7800.0,186634.5,derived_ohlc4
UPCOM_MFS,MFS,2021-12-20 09:00:00,843,5,24.05,24.13,23.62,23.62,10002.0,238597.71,derived_ohlc4
UPCOM_MFS,MFS,2021-12-21 09:00:00,844,5,23.84,23.91,23.76,23.91,8100.0,193225.5,derived_ohlc4
UPCOM_MFS,MFS,2021-12-22 09:00:00,845,5,23.91,24.13,23.69,23.91,11112.0,265687.92,derived_ohlc4
UPCOM_MFS,MFS,2021-12-23 09:00:00,846,5,23.98,23.98,23.55,23.98,19400.0,463126.50000000006,derived_ohlc4
UPCOM_MFS,MFS,2021-12-24 09:00:00,847,5,24.2,24.2,23.62,23.91,7100.0,170275.75,derived_ohlc4
UPCOM_MFS,MFS,2021-12-27 09:00:00,848,5,23.84,23.91,23.84,23.91,5836.0,139334.5,derived_ohlc4
UPCOM_MFS,MFS,2021-12-28 09:00:00,849,5,23.98,24.05,23.76,23.76,8500.0,203043.75000000003,derived_ohlc4
UPCOM_MFS,MFS,2021-12-29 09:00:00,850,5,23.69,23.91,23.55,23.62,6500.0,154001.25000000003,derived_ohlc4
UPCOM_MFS,MFS,2021-12-30 09:00:00,851,5,23.76,23.91,23.55,23.55,7703.0,182503.32749999998,derived_ohlc4
UPCOM_MFS,MFS,2021-12-31 09:00:00,852,5,25.29,25.29,23.26,23.69,8900.0,217004.25,derived_ohlc4
UPCOM_MFS,MFS,2022-01-04 09:00:00,853,5,23.26,23.91,23.26,23.76,15010.0,353447.97500000003,derived_ohlc4
UPCOM_MFS,MFS,2022-01-05 09:00:00,854,5,23.76,23.76,23.55,23.55,7326.0,173296.53,derived_ohlc4
UPCOM_MFS,MFS,2022-01-06 09:00:00,855,5,24.05,24.05,23.33,23.48,10036.0,238129.19000000003,derived_ohlc4
UPCOM_MFS,MFS,2022-01-07 09:00:00,856,5,23.55,23.69,23.48,23.55,19801.0,466660.0675,derived_ohlc4
UPCOM_MFS,MFS,2022-01-10 09:00:00,857,5,23.04,23.19,22.46,22.75,44258.0,1011737.88,derived_ohlc4
UPCOM_MFS,MFS,2022-01-11 09:00:00,858,5,22.61,22.61,22.32,22.46,22800.0,513000.0,derived_ohlc4
UPCOM_MFS,MFS,2022-01-12 09:00:00,859,5,22.53,23.76,22.46,23.62,19418.0,448410.16500000004,derived_ohlc4
UPCOM_MFS,MFS,2022-01-13 09:00:00,860,5,22.61,23.26,22.61,22.9,11500.0,262717.5,derived_ohlc4
UPCOM_MFS,MFS,2022-01-14 09:00:00,861,5,22.9,22.9,22.82,22.9,10900.0,249392.00000000003,derived_ohlc4
UPCOM_MFS,MFS,2022-01-17 09:00:00,862,5,22.82,22.82,22.46,22.46,10105.0,228777.2,derived_ohlc4
UPCOM_MFS,MFS,2022-01-18 09:00:00,863,5,22.1,22.75,21.74,22.75,6442.0,143882.07,derived_ohlc4
UPCOM_MFS,MFS,2022-01-19 09:00:00,864,5,22.1,22.46,22.1,22.46,400.0,8912.0,derived_ohlc4
UPCOM_MFS,MFS,2022-01-20 09:00:00,865,5,22.75,22.75,21.74,22.46,5700.0,127822.49999999999,derived_ohlc4
UPCOM_MFS,MFS,2022-01-21 09:00:00,866,5,22.46,22.9,22.32,22.32,2000.0,45000.0,derived_ohlc4
UPCOM_MFS,MFS,2022-01-24 09:00:00,867,5,22.82,22.82,21.74,21.74,8500.0,189379.99999999997,derived_ohlc4
UPCOM_MFS,MFS,2022-01-25 09:00:00,868,5,21.81,22.46,21.74,21.74,6000.0,131624.99999999997,derived_ohlc4
UPCOM_MFS,MFS,2022-01-26 09:00:00,869,5,22.46,22.46,22.46,22.46,500.0,11230.0,derived_ohlc4
UPCOM_MFS,MFS,2022-01-27 09:00:00,870,5,22.46,22.46,22.46,22.46,100.0,2246.0,derived_ohlc4
UPCOM_MFS,MFS,2022-01-28 09:00:00,871,5,22.46,23.19,22.46,23.19,8500.0,194012.50000000003,derived_ohlc4
UPCOM_MFS,MFS,2022-02-07 09:00:00,872,5,23.19,23.19,23.04,23.19,30200.0,699205.5,derived_ohlc4
UPCOM_MFS,MFS,2022-02-08 09:00:00,873,5,23.19,23.19,23.19,23.19,7600.0,176244.0,derived_ohlc4
UPCOM_MFS,MFS,2022-02-09 09:00:00,874,5,22.1,23.19,22.1,23.19,11169.0,252922.00500000003,derived_ohlc4
UPCOM_MFS,MFS,2022-02-10 09:00:00,875,5,22.24,22.24,22.24,22.24,202.0,4492.48,derived_ohlc4
UPCOM_MFS,MFS,2022-02-11 09:00:00,876,5,22.32,22.97,22.32,22.97,3610.0,81748.45,derived_ohlc4
UPCOM_MFS,MFS,2022-02-14 09:00:00,877,5,22.82,23.04,22.46,22.53,5337.0,121216.61249999999,derived_ohlc4
UPCOM_MFS,MFS,2022-02-15 09:00:00,878,5,22.61,22.97,22.46,22.9,6910.0,157098.85,derived_ohlc4
UPCOM_MFS,MFS,2022-02-16 09:00:00,879,5,22.53,22.82,22.53,22.82,7429.0,168452.57499999998,derived_ohlc4
UPCOM_MFS,MFS,2022-02-17 09:00:00,880,5,23.11,23.19,22.82,23.11,10326.0,238091.74500000002,derived_ohlc4
UPCOM_MFS,MFS,2022-02-18 09:00:00,881,5,23.19,23.33,23.19,23.26,5200.0,120861.0,derived_ohlc4
UPCOM_MFS,MFS,2022-02-21 09:00:00,882,5,23.11,23.19,22.61,22.75,5944.0,136206.76,derived_ohlc4
UPCOM_MFS,MFS,2022-02-22 09:00:00,883,5,22.68,22.82,22.68,22.82,5938.0,135089.5,derived_ohlc4
UPCOM_MFS,MFS,2022-02-23 09:00:00,884,5,22.75,23.55,22.75,23.55,15600.0,361140.0,derived_ohlc4
UPCOM_MFS,MFS,2022-02-24 09:00:00,885,5,22.97,23.11,22.82,22.97,15100.0,346809.25,derived_ohlc4
UPCOM_MFS,MFS,2022-02-25 09:00:00,886,5,23.55,23.62,23.48,23.55,2700.0,63585.0,derived_ohlc4
UPCOM_MFS,MFS,2022-03-01 09:00:00,888,6,23.19,23.19,22.82,23.19,5200.0,120107.0,derived_ohlc4
UPCOM_MFS,MFS,2022-03-02 09:00:00,889,6,23.4,23.55,23.19,23.48,72733.0,1702315.865,derived_ohlc4
UPCOM_MFS,MFS,2022-03-03 09:00:00,890,6,23.55,23.76,23.55,23.69,8700.0,205646.25,derived_ohlc4
UPCOM_MFS,MFS,2022-03-04 09:00:00,891,6,23.62,24.2,23.62,24.2,26600.0,636006.0,derived_ohlc4
UPCOM_MFS,MFS,2022-03-07 09:00:00,892,6,24.27,27.32,24.27,26.08,115560.0,2945046.6,derived_ohlc4
UPCOM_MFS,MFS,2022-03-08 09:00:00,893,6,26.37,26.52,25.5,25.65,93356.0,2428189.5599999996,derived_ohlc4
UPCOM_MFS,MFS,2022-03-09 09:00:00,894,6,25.36,25.65,25.0,25.21,31015.0,784834.575,derived_ohlc4
UPCOM_MFS,MFS,2022-03-10 09:00:00,895,6,24.78,26.08,24.63,25.79,23509.0,595247.88,derived_ohlc4
UPCOM_MFS,MFS,2022-03-11 09:00:00,896,6,25.36,25.72,24.71,25.36,21465.0,542796.1875,derived_ohlc4
UPCOM_MFS,MFS,2022-03-14 09:00:00,897,6,25.36,25.36,24.27,24.71,10510.0,261961.74999999997,derived_ohlc4
UPCOM_MFS,MFS,2022-03-15 09:00:00,898,6,24.63,24.71,24.63,24.63,8300.0,204595.0,derived_ohlc4
UPCOM_MFS,MFS,2022-03-16 09:00:00,899,6,24.63,24.63,23.91,23.91,19514.0,473604.77999999997,derived_ohlc4
UPCOM_MFS,MFS,2022-03-17 09:00:00,900,6,24.27,24.27,23.62,23.69,54800.0,1313145.0,derived_ohlc4
UPCOM_MFS,MFS,2022-03-18 09:00:00,901,6,23.91,24.2,23.91,24.2,30200.0,726461.0,derived_ohlc4
UPCOM_MFS,MFS,2022-03-21 09:00:00,902,6,23.91,23.91,23.69,23.76,28600.0,681180.5000000001,derived_ohlc4
UPCOM_MFS,MFS,2022-03-22 09:00:00,903,6,23.76,24.49,23.04,24.27,25920.0,619228.7999999999,derived_ohlc4
UPCOM_MFS,MFS,2022-03-23 09:00:00,904,6,24.27,24.27,23.76,23.76,11800.0,283377.0,derived_ohlc4
UPCOM_MFS,MFS,2022-03-24 09:00:00,905,6,23.76,24.2,23.62,24.2,16100.0,385514.5,derived_ohlc4
UPCOM_MFS,MFS,2022-03-25 09:00:00,906,6,24.34,24.42,23.84,24.42,7100.0,172210.50000000003,derived_ohlc4
UPCOM_MFS,MFS,2022-03-28 09:00:00,907,6,25.0,25.36,23.98,24.27,11900.0,293364.75,derived_ohlc4
UPCOM_MFS,MFS,2022-03-29 09:00:00,908,6,24.71,24.78,24.34,24.63,20700.0,509530.49999999994,derived_ohlc4
UPCOM_MFS,MFS,2022-03-30 09:00:00,909,6,24.56,24.78,24.42,24.78,8700.0,214324.5,derived_ohlc4
UPCOM_MFS,MFS,2022-03-31 09:00:00,910,6,25.21,25.21,24.63,25.0,12900.0,322661.25,derived_ohlc4
UPCOM_MFS,MFS,2022-04-01 09:00:00,911,6,24.63,24.92,24.49,24.78,9400.0,232226.99999999997,derived_ohlc4
UPCOM_MFS,MFS,2022-04-04 09:00:00,912,6,24.63,24.71,24.42,24.71,20800.0,512044.0,derived_ohlc4
UPCOM_MFS,MFS,2022-04-05 09:00:00,913,6,24.49,24.56,24.34,24.56,40100.0,981948.75,derived_ohlc4
UPCOM_MFS,MFS,2022-04-06 09:00:00,914,6,24.49,24.56,24.42,24.56,11800.0,289188.5,derived_ohlc4
UPCOM_MFS,MFS,2022-04-07 09:00:00,915,6,24.42,24.63,24.42,24.42,7300.0,178649.25,derived_ohlc4
UPCOM_MFS,MFS,2022-04-08 09:00:00,916,6,24.42,24.42,24.27,24.34,16500.0,401981.25,derived_ohlc4
UPCOM_MFS,MFS,2022-04-12 09:00:00,917,6,24.27,24.27,23.91,23.91,6900.0,166221.0,derived_ohlc4
UPCOM_MFS,MFS,2022-04-13 09:00:00,918,6,23.98,23.98,23.4,23.84,9116.0,216960.80000000002,derived_ohlc4
UPCOM_MFS,MFS,2022-04-14 09:00:00,919,6,23.62,23.84,23.4,23.4,5202.0,122585.12999999999,derived_ohlc4
UPCOM_MFS,MFS,2022-04-15 09:00:00,920,6,23.19,23.91,23.19,23.91,2100.0,49455.0,derived_ohlc4
UPCOM_MFS,MFS,2022-04-18 09:00:00,921,6,22.9,23.11,22.46,23.11,50900.0,1165355.5,derived_ohlc4
UPCOM_MFS,MFS,2022-04-19 09:00:00,922,6,22.82,23.11,22.75,22.75,7500.0,171431.25,derived_ohlc4
UPCOM_MFS,MFS,2022-04-20 09:00:00,923,6,22.53,22.61,22.46,22.53,24100.0,543033.25,derived_ohlc4
UPCOM_MFS,MFS,2022-04-21 09:00:00,924,6,23.19,23.19,22.53,22.53,2200.0,50292.0,derived_ohlc4
UPCOM_MFS,MFS,2022-04-22 09:00:00,925,6,23.69,23.69,21.74,21.74,51807.0,1176796.005,derived_ohlc4
UPCOM_MFS,MFS,2022-04-25 09:00:00,926,6,22.75,22.75,21.01,21.01,20003.0,437665.6400000001,derived_ohlc4
UPCOM_MFS,MFS,2022-04-26 09:00:00,927,6,21.37,22.1,21.23,22.1,27100.0,588070.0000000001,derived_ohlc4
UPCOM_MFS,MFS,2022-04-27 09:00:00,928,6,21.66,21.74,21.59,21.66,11000.0,238287.49999999997,derived_ohlc4
UPCOM_MFS,MFS,2022-04-28 09:00:00,929,6,22.1,22.1,21.66,21.66,31400.0,687032.0,derived_ohlc4
UPCOM_MFS,MFS,2022-04-29 09:00:00,930,6,21.66,23.11,21.66,22.46,1400.0,31111.499999999996,derived_ohlc4
UPCOM_MFS,MFS,2022-05-04 09:00:00,931,6,22.46,22.46,21.74,21.74,3200.0,70720.0,derived_ohlc4
UPCOM_MFS,MFS,2022-05-05 09:00:00,932,6,22.46,22.46,21.45,21.45,10700.0,234918.50000000003,derived_ohlc4
UPCOM_MFS,MFS,2022-05-06 09:00:00,933,6,21.74,21.74,21.45,21.52,46400.0,1002819.9999999999,derived_ohlc4
UPCOM_MFS,MFS,2022-05-09 09:00:00,934,6,21.74,22.1,21.45,21.74,46226.0,1005762.1950000001,derived_ohlc4
UPCOM_MFS,MFS,2022-05-10 09:00:00,935,6,21.45,21.95,21.45,21.74,32700.0,707873.2499999999,derived_ohlc4
UPCOM_MFS,MFS,2022-05-11 09:00:00,936,6,21.66,21.74,21.45,21.74,20606.0,446068.38499999995,derived_ohlc4
UPCOM_MFS,MFS,2022-05-12 09:00:00,937,6,21.59,21.74,21.59,21.74,41703.0,903495.495,derived_ohlc4
UPCOM_MFS,MFS,2022-05-13 09:00:00,938,6,21.59,21.74,20.79,21.74,5000.0,107325.0,derived_ohlc4
UPCOM_MFS,MFS,2022-05-16 09:00:00,939,6,21.74,21.74,21.01,21.74,3100.0,66828.24999999999,derived_ohlc4
UPCOM_MFS,MFS,2022-05-17 09:00:00,940,6,21.66,22.1,21.66,22.1,45902.0,1004335.7600000001,derived_ohlc4
UPCOM_MFS,MFS,2022-05-18 09:00:00,941,6,23.04,23.04,22.97,22.97,200.0,4601.0,derived_ohlc4
UPCOM_MFS,MFS,2022-05-19 09:00:00,942,6,22.46,22.46,22.1,22.1,1900.0,42332.0,derived_ohlc4
UPCOM_MFS,MFS,2022-05-20 09:00:00,943,6,22.1,22.1,21.81,21.81,2416.0,53043.280000000006,derived_ohlc4
UPCOM_MFS,MFS,2022-05-23 09:00:00,944,6,23.84,23.84,23.11,23.11,300.0,7042.499999999999,derived_ohlc4
UPCOM_MFS,MFS,2022-05-24 09:00:00,945,6,22.82,22.82,22.46,22.68,600.0,13617.0,derived_ohlc4
UPCOM_MFS,MFS,2022-05-25 09:00:00,946,6,22.75,22.75,22.68,22.68,500.0,11357.500000000002,derived_ohlc4
UPCOM_MFS,MFS,2022-05-26 09:00:00,947,6,22.1,22.82,22.1,22.82,14800.0,332408.0,derived_ohlc4
UPCOM_MFS,MFS,2022-05-27 09:00:00,948,6,22.1,22.75,22.1,22.75,16700.0,374497.5,derived_ohlc4
UPCOM_MFS,MFS,2022-05-30 09:00:00,949,6,22.46,22.46,22.17,22.17,2800.0,62482.0,derived_ohlc4
UPCOM_MFS,MFS,2022-05-31 09:00:00,950,6,22.17,22.17,22.17,22.17,3700.0,82029.0,derived_ohlc4
UPCOM_MFS,MFS,2022-06-01 09:00:00,951,6,22.75,22.75,22.75,22.75,100.0,2275.0,derived_ohlc4
UPCOM_MFS,MFS,2022-06-02 09:00:00,952,6,23.62,23.62,22.46,22.46,1700.0,39168.0,derived_ohlc4
UPCOM_MFS,MFS,2022-06-03 09:00:00,953,6,22.46,22.46,21.74,21.88,13200.0,292182.0,derived_ohlc4
UPCOM_MFS,MFS,2022-06-06 09:00:00,954,6,22.17,22.17,22.17,22.17,6500.0,144105.0,derived_ohlc4
UPCOM_MFS,MFS,2022-06-07 09:00:00,955,6,22.1,22.1,21.74,21.81,2200.0,48262.5,derived_ohlc4
UPCOM_MFS,MFS,2022-06-08 09:00:00,956,6,21.81,22.39,21.81,22.32,2700.0,59622.75000000001,derived_ohlc4
UPCOM_MFS,MFS,2022-06-09 09:00:00,957,6,22.1,22.75,22.1,22.46,3300.0,73763.25,derived_ohlc4
UPCOM_MFS,MFS,2022-06-10 09:00:00,958,6,21.81,22.9,21.81,22.9,1500.0,33532.49999999999,derived_ohlc4
UPCOM_MFS,MFS,2022-06-13 09:00:00,959,6,22.17,22.17,21.74,21.74,16400.0,360062.0,derived_ohlc4
UPCOM_MFS,MFS,2022-06-14 09:00:00,960,6,21.74,21.88,21.74,21.74,912.0,19858.8,derived_ohlc4
UPCOM_MFS,MFS,2022-06-15 09:00:00,961,6,21.81,21.81,21.52,21.52,6900.0,149488.5,derived_ohlc4
UPCOM_MFS,MFS,2022-06-16 09:00:00,962,6,21.59,23.11,21.59,21.59,2100.0,46137.00000000001,derived_ohlc4
UPCOM_MFS,MFS,2022-06-17 09:00:00,963,6,21.88,21.95,21.52,21.95,8900.0,194242.5,derived_ohlc4
UPCOM_MFS,MFS,2022-06-20 09:00:00,964,6,21.81,21.81,21.59,21.66,2700.0,58637.24999999999,derived_ohlc4
UPCOM_MFS,MFS,2022-06-21 09:00:00,965,6,21.66,21.74,21.59,21.74,8200.0,177796.49999999997,derived_ohlc4
UPCOM_MFS,MFS,2022-06-22 09:00:00,966,6,21.74,21.81,21.74,21.74,1300.0,28284.749999999996,derived_ohlc4
UPCOM_MFS,MFS,2022-06-23 09:00:00,967,6,21.74,21.74,21.74,21.74,300.0,6521.999999999999,derived_ohlc4
UPCOM_MFS,MFS,2022-06-24 09:00:00,968,6,21.74,21.74,21.74,21.74,8100.0,176094.0,derived_ohlc4
UPCOM_MFS,MFS,2022-06-27 09:00:00,969,6,21.88,21.88,21.66,21.66,3500.0,76195.0,derived_ohlc4
UPCOM_MFS,MFS,2022-06-28 09:00:00,970,6,21.66,21.81,21.01,21.81,5100.0,110019.75000000001,derived_ohlc4
UPCOM_MFS,MFS,2022-06-29 09:00:00,971,6,21.37,21.74,21.3,21.74,3600.0,77534.99999999999,derived_ohlc4
UPCOM_MFS,MFS,2022-06-30 09:00:00,972,6,21.88,21.88,21.3,21.52,20700.0,448051.5,derived_ohlc4
UPCOM_MFS,MFS,2022-07-01 09:00:00,973,6,21.74,21.74,21.74,21.74,300.0,6521.999999999999,derived_ohlc4
UPCOM_MFS,MFS,2022-07-04 09:00:00,974,6,21.74,21.81,21.52,21.59,3800.0,82327.0,derived_ohlc4
UPCOM_MFS,MFS,2022-07-05 09:00:00,975,6,21.74,21.74,21.74,21.74,300.0,6521.999999999999,derived_ohlc4
UPCOM_MFS,MFS,2022-07-06 09:00:00,976,6,21.37,21.37,21.37,21.37,800.0,17096.0,derived_ohlc4
UPCOM_MFS,MFS,2022-07-07 09:00:00,977,6,21.3,21.3,21.16,21.16,5500.0,116765.0,derived_ohlc4
UPCOM_MFS,MFS,2022-07-08 09:00:00,978,6,21.45,21.45,21.45,21.45,100.0,2145.0,derived_ohlc4
UPCOM_MFS,MFS,2022-07-11 09:00:00,979,6,21.3,21.45,21.3,21.45,6600.0,141075.0,derived_ohlc4
UPCOM_MFS,MFS,2022-07-12 09:00:00,980,6,21.23,22.1,21.23,22.1,13400.0,290311.0,derived_ohlc4
UPCOM_MFS,MFS,2022-07-13 09:00:00,981,6,22.46,22.46,22.46,22.46,100.0,2246.0,derived_ohlc4
UPCOM_MFS,MFS,2022-07-14 09:00:00,982,6,21.74,21.74,21.74,21.74,26600.0,578284.0,derived_ohlc4
UPCOM_MFS,MFS,2022-07-15 09:00:00,983,6,22.1,22.1,21.74,21.74,5200.0,113983.99999999999,derived_ohlc4
UPCOM_MFS,MFS,2022-07-18 09:00:00,984,6,22.46,22.53,22.39,22.46,21512.0,483159.52,derived_ohlc4
UPCOM_MFS,MFS,2022-07-19 09:00:00,985,6,22.82,22.82,22.46,22.46,18300.0,414312.0,derived_ohlc4
UPCOM_MFS,MFS,2022-07-20 09:00:00,986,6,21.37,22.82,21.37,22.53,6900.0,151955.25,derived_ohlc4
UPCOM_MFS,MFS,2022-07-21 09:00:00,987,6,22.82,22.82,22.53,22.68,4800.0,109020.0,derived_ohlc4
UPCOM_MFS,MFS,2022-07-22 09:00:00,988,6,22.53,22.75,22.39,22.53,8436.0,190231.80000000002,derived_ohlc4
UPCOM_MFS,MFS,2022-07-25 09:00:00,989,6,22.46,25.36,22.46,22.53,10200.0,236665.5,derived_ohlc4
UPCOM_MFS,MFS,2022-07-26 09:00:00,990,6,22.82,22.9,22.68,22.68,13800.0,314226.00000000006,derived_ohlc4
UPCOM_MFS,MFS,2022-07-27 09:00:00,991,6,22.68,22.82,22.46,22.46,15100.0,341335.50000000006,derived_ohlc4
UPCOM_MFS,MFS,2022-07-28 09:00:00,992,6,23.66,23.98,22.87,22.87,31200.0,728364.0000000001,derived_ohlc4
UPCOM_MFS,MFS,2022-07-29 09:00:00,993,6,23.27,23.66,23.19,23.19,12600.0,293926.5,derived_ohlc4
UPCOM_MFS,MFS,2022-08-01 09:00:00,994,6,23.03,23.58,23.03,23.51,21013.0,489340.23750000005,derived_ohlc4
UPCOM_MFS,MFS,2022-08-02 09:00:00,995,6,23.11,23.66,23.11,23.19,7700.0,179159.75,derived_ohlc4
UPCOM_MFS,MFS,2022-08-03 09:00:00,996,6,23.03,23.19,22.8,23.19,8800.0,202862.0,derived_ohlc4
UPCOM_MFS,MFS,2022-08-04 09:00:00,997,6,23.43,23.43,23.43,23.43,1100.0,25773.0,derived_ohlc4
UPCOM_MFS,MFS,2022-08-05 09:00:00,998,6,23.35,23.35,23.27,23.35,600.0,13997.999999999998,derived_ohlc4
UPCOM_MFS,MFS,2022-08-08 09:00:00,999,6,23.35,23.51,23.27,23.27,1701.0,39718.35,derived_ohlc4
UPCOM_MFS,MFS,2022-08-09 09:00:00,1000,6,23.11,23.27,22.87,22.87,4700.0,108241.0,derived_ohlc4
UPCOM_MFS,MFS,2022-08-10 09:00:00,1001,6,23.11,23.11,23.11,23.11,100.0,2311.0,derived_ohlc4
UPCOM_MFS,MFS,2022-08-11 09:00:00,1002,6,22.87,22.95,22.87,22.95,2600.0,59566.0,derived_ohlc4
UPCOM_MFS,MFS,2022-08-12 09:00:00,1003,6,22.87,22.87,22.87,22.87,1000.0,22870.0,derived_ohlc4
UPCOM_MFS,MFS,2022-08-15 09:00:00,1004,6,23.11,23.11,23.11,23.11,100.0,2311.0,derived_ohlc4
UPCOM_MFS,MFS,2022-08-16 09:00:00,1005,6,23.03,23.03,22.87,22.87,3000.0,68850.00000000001,derived_ohlc4
UPCOM_MFS,MFS,2022-08-17 09:00:00,1006,6,22.72,22.95,22.64,22.64,2722.0,61891.475,derived_ohlc4
UPCOM_MFS,MFS,2022-08-18 09:00:00,1007,6,22.8,22.8,22.8,22.8,1200.0,27360.0,derived_ohlc4
UPCOM_MFS,MFS,2022-08-19 09:00:00,1008,6,22.87,22.87,22.87,22.87,300.0,6861.0,derived_ohlc4
UPCOM_MFS,MFS,2022-08-22 09:00:00,1009,6,22.56,22.56,22.24,22.32,1400.0,31388.000000000004,derived_ohlc4
UPCOM_MFS,MFS,2022-08-23 09:00:00,1010,6,22.32,22.48,22.32,22.48,2700.0,60480.00000000001,derived_ohlc4
UPCOM_MFS,MFS,2022-08-24 09:00:00,1011,6,22.64,22.95,22.64,22.95,6600.0,150447.0,derived_ohlc4
UPCOM_MFS,MFS,2022-08-25 09:00:00,1012,6,22.72,22.8,22.48,22.72,47800.0,1084104.0,derived_ohlc4
UPCOM_MFS,MFS,2022-08-26 09:00:00,1013,6,23.03,23.03,22.87,22.87,700.0,16065.000000000002,derived_ohlc4
UPCOM_MFS,MFS,2022-08-29 09:00:00,1014,6,22.87,22.87,22.56,22.56,1500.0,34072.5,derived_ohlc4
UPCOM_MFS,MFS,2022-08-30 09:00:00,1015,6,22.72,22.72,22.56,22.56,4800.0,108672.0,derived_ohlc4
UPCOM_MFS,MFS,2022-08-31 09:00:00,1016,6,22.64,22.64,22.48,22.48,3400.0,76704.00000000001,derived_ohlc4
UPCOM_MFS,MFS,2022-09-05 09:00:00,1017,6,22.56,22.56,22.48,22.48,6000.0,135120.0,derived_ohlc4
UPCOM_MFS,MFS,2022-09-06 09:00:00,1018,6,22.48,22.56,22.24,22.24,10000.0,223800.0,derived_ohlc4
UPCOM_MFS,MFS,2022-09-07 09:00:00,1019,6,22.24,22.32,22.09,22.32,10200.0,226873.5,derived_ohlc4
UPCOM_MFS,MFS,2022-09-08 09:00:00,1020,6,22.09,22.09,21.85,21.85,7200.0,158184.0,derived_ohlc4
UPCOM_MFS,MFS,2022-09-09 09:00:00,1021,6,22.09,22.64,22.09,22.64,300.0,6709.500000000001,derived_ohlc4
UPCOM_MFS,MFS,2022-09-12 09:00:00,1022,6,22.48,22.64,22.48,22.64,294.0,6632.64,derived_ohlc4
UPCOM_MFS,MFS,2022-09-13 09:00:00,1023,6,22.4,22.4,22.09,22.09,3125.0,69515.625,derived_ohlc4
UPCOM_MFS,MFS,2022-09-14 09:00:00,1024,6,22.16,22.16,21.85,21.93,1900.0,41847.5,derived_ohlc4
UPCOM_MFS,MFS,2022-09-15 09:00:00,1025,6,22.4,22.4,22.16,22.16,300.0,6683.999999999999,derived_ohlc4
UPCOM_MFS,MFS,2022-09-16 09:00:00,1026,6,22.09,22.16,21.69,21.69,4728.0,103578.65999999999,derived_ohlc4
UPCOM_MFS,MFS,2022-09-19 09:00:00,1027,6,22.24,22.24,21.69,21.93,26800.0,590270.0,derived_ohlc4
UPCOM_MFS,MFS,2022-09-20 09:00:00,1028,6,21.85,22.09,21.85,22.09,1428.0,31373.16,derived_ohlc4
UPCOM_MFS,MFS,2022-09-21 09:00:00,1029,6,21.93,21.93,21.93,21.93,4510.0,98904.3,derived_ohlc4
UPCOM_MFS,MFS,2022-09-22 09:00:00,1030,6,21.69,21.93,21.69,21.69,8500.0,184875.0,derived_ohlc4
UPCOM_MFS,MFS,2022-09-23 09:00:00,1031,6,22.4,22.4,22.24,22.24,3001.0,66982.31999999999,derived_ohlc4
UPCOM_MFS,MFS,2022-09-26 09:00:00,1032,6,21.85,22.01,21.3,22.01,1300.0,28330.25,derived_ohlc4
UPCOM_MFS,MFS,2022-09-27 09:00:00,1033,6,21.69,21.77,21.69,21.69,8408.0,182537.68,derived_ohlc4
UPCOM_MFS,MFS,2022-09-28 09:00:00,1034,6,21.77,21.85,21.69,21.69,23600.0,513300.0,derived_ohlc4
UPCOM_MFS,MFS,2022-09-29 09:00:00,1035,6,21.69,22.09,21.69,21.69,17100.0,372609.0,derived_ohlc4
UPCOM_MFS,MFS,2022-09-30 09:00:00,1036,6,21.69,21.77,21.3,21.3,13236.0,284772.54,derived_ohlc4
UPCOM_MFS,MFS,2022-10-03 09:00:00,1037,6,21.53,21.53,21.3,21.53,17400.0,373621.5,derived_ohlc4
UPCOM_MFS,MFS,2022-10-04 09:00:00,1038,6,21.38,21.53,21.38,21.45,24901.0,533752.9349999999,derived_ohlc4
UPCOM_MFS,MFS,2022-10-05 09:00:00,1039,6,21.38,21.85,21.38,21.85,3410.0,73707.15000000001,derived_ohlc4
UPCOM_MFS,MFS,2022-10-06 09:00:00,1040,6,21.53,21.53,21.38,21.38,614.0,13173.369999999999,derived_ohlc4
UPCOM_MFS,MFS,2022-10-07 09:00:00,1041,6,21.53,21.53,21.3,21.3,23800.0,509677.0,derived_ohlc4
UPCOM_MFS,MFS,2022-10-11 09:00:00,1043,7,24.45,24.45,24.45,24.45,1000.0,24450.0,derived_ohlc4
UPCOM_MFS,MFS,2022-10-12 09:00:00,1044,7,23.35,23.35,21.3,21.3,4101.0,91554.825,derived_ohlc4
UPCOM_MFS,MFS,2022-10-14 09:00:00,1046,8,22.09,22.09,21.45,21.45,3802.0,82769.54,derived_ohlc4
UPCOM_MFS,MFS,2022-10-17 09:00:00,1047,8,21.22,21.22,21.14,21.14,701.0,14847.18,derived_ohlc4
UPCOM_MFS,MFS,2022-10-18 09:00:00,1048,8,21.14,21.22,21.14,21.14,1120.0,23699.2,derived_ohlc4
UPCOM_MFS,MFS,2022-10-19 09:00:00,1049,8,21.22,21.3,20.9,21.14,5300.0,112042.0,derived_ohlc4
UPCOM_MFS,MFS,2022-10-20 09:00:00,1050,8,21.06,21.06,21.06,21.06,2576.0,54250.56,derived_ohlc4
UPCOM_MFS,MFS,2022-10-21 09:00:00,1051,8,21.06,21.06,20.51,20.51,4300.0,89375.5,derived_ohlc4
UPCOM_MFS,MFS,2022-10-24 09:00:00,1052,8,20.51,20.51,19.56,19.72,8981.0,180293.57499999998,derived_ohlc4
UPCOM_MFS,MFS,2022-10-25 09:00:00,1053,8,20.51,21.3,19.72,21.22,2800.0,57925.0,derived_ohlc4
UPCOM_MFS,MFS,2022-10-26 09:00:00,1054,8,20.9,20.9,20.9,20.9,108.0,2257.2,derived_ohlc4
UPCOM_MFS,MFS,2022-10-27 09:00:00,1055,8,20.51,20.51,20.51,20.51,2024.0,41512.240000000005,derived_ohlc4
UPCOM_MFS,MFS,2022-10-28 09:00:00,1056,8,20.51,20.51,20.51,20.51,201.0,4122.51,derived_ohlc4
UPCOM_MFS,MFS,2022-10-31 09:00:00,1057,8,19.72,21.14,17.43,21.14,4879.0,96884.74250000001,derived_ohlc4
UPCOM_MFS,MFS,2022-11-01 09:00:00,1058,8,21.14,21.14,21.14,21.14,103.0,2177.42,derived_ohlc4
UPCOM_MFS,MFS,2022-11-02 09:00:00,1059,8,20.82,21.3,20.59,21.3,5814.0,122108.535,derived_ohlc4
UPCOM_MFS,MFS,2022-11-03 09:00:00,1060,8,21.3,21.53,20.67,20.67,4300.0,90482.75,derived_ohlc4
UPCOM_MFS,MFS,2022-11-04 09:00:00,1061,8,22.48,22.48,20.67,20.82,7700.0,166416.24999999997,derived_ohlc4
UPCOM_MFS,MFS,2022-11-07 09:00:00,1062,8,21.3,21.3,20.51,20.67,5500.0,115197.5,derived_ohlc4
UPCOM_MFS,MFS,2022-11-08 09:00:00,1063,8,21.3,21.3,21.3,21.3,110.0,2343.0,derived_ohlc4
UPCOM_MFS,MFS,2022-11-09 09:00:00,1064,8,20.51,20.74,20.51,20.74,2611.0,53851.875,derived_ohlc4
UPCOM_MFS,MFS,2022-11-10 09:00:00,1065,8,20.59,20.9,20.51,20.9,2100.0,43522.5,derived_ohlc4
UPCOM_MFS,MFS,2022-11-11 09:00:00,1066,8,20.74,20.74,20.74,20.74,101.0,2094.74,derived_ohlc4
UPCOM_MFS,MFS,2022-11-14 09:00:00,1067,8,19.72,19.8,18.93,19.17,9805.0,190266.02500000002,derived_ohlc4
UPCOM_MFS,MFS,2022-11-15 09:00:00,1068,8,19.56,19.56,19.4,19.4,5100.0,99347.99999999999,derived_ohlc4
UPCOM_MFS,MFS,2022-11-16 09:00:00,1069,8,18.93,20.59,18.93,19.4,5105.0,99356.0625,derived_ohlc4
UPCOM_MFS,MFS,2022-11-17 09:00:00,1070,8,20.51,21.14,19.72,19.72,5383.0,109126.86750000001,derived_ohlc4
UPCOM_MFS,MFS,2022-11-18 09:00:00,1071,8,20.9,20.9,20.74,20.74,200.0,4163.999999999999,derived_ohlc4
UPCOM_MFS,MFS,2022-11-21 09:00:00,1072,8,21.14,21.14,20.51,20.82,3900.0,81519.75000000001,derived_ohlc4
UPCOM_MFS,MFS,2022-11-22 09:00:00,1073,8,20.74,21.14,20.74,20.98,3707.0,77476.29999999999,derived_ohlc4
UPCOM_MFS,MFS,2022-11-23 09:00:00,1074,8,21.45,21.45,20.98,20.98,500.0,10607.5,derived_ohlc4
UPCOM_MFS,MFS,2022-11-24 09:00:00,1075,8,21.45,21.45,21.3,21.45,6025.0,129010.31250000001,derived_ohlc4
UPCOM_MFS,MFS,2022-11-25 09:00:00,1076,8,21.45,21.53,21.45,21.53,1701.0,36554.490000000005,derived_ohlc4
UPCOM_MFS,MFS,2022-11-28 09:00:00,1077,8,21.45,21.45,21.3,21.3,2360.0,50445.0,derived_ohlc4
UPCOM_MFS,MFS,2022-11-29 09:00:00,1078,8,21.3,21.69,21.3,21.3,3000.0,64192.5,derived_ohlc4
UPCOM_MFS,MFS,2022-11-30 09:00:00,1079,8,21.3,21.61,21.3,21.61,5720.0,122722.59999999999,derived_ohlc4
UPCOM_MFS,MFS,2022-12-01 09:00:00,1080,8,21.45,21.45,21.45,21.45,146.0,3131.7,derived_ohlc4
UPCOM_MFS,MFS,2022-12-02 09:00:00,1081,8,22.09,22.09,22.01,22.01,409.0,9018.45,derived_ohlc4
UPCOM_MFS,MFS,2022-12-06 09:00:00,1083,9,21.85,22.09,21.77,21.93,14300.0,313312.99999999994,derived_ohlc4
UPCOM_MFS,MFS,2022-12-07 09:00:00,1084,9,21.93,22.01,21.93,21.93,2216.0,48641.200000000004,derived_ohlc4
UPCOM_MFS,MFS,2022-12-08 09:00:00,1085,9,21.93,21.93,21.93,21.93,2512.0,55088.159999999996,derived_ohlc4
UPCOM_MFS,MFS,2022-12-09 09:00:00,1086,9,21.45,21.45,21.45,21.45,1400.0,30030.0,derived_ohlc4
UPCOM_MFS,MFS,2022-12-12 09:00:00,1087,9,21.3,21.3,21.3,21.3,1300.0,27690.0,derived_ohlc4
UPCOM_MFS,MFS,2022-12-14 09:00:00,1089,10,21.38,21.45,21.38,21.45,2800.0,59962.0,derived_ohlc4
UPCOM_MFS,MFS,2022-12-15 09:00:00,1090,10,21.53,21.53,21.53,21.53,500.0,10765.0,derived_ohlc4
UPCOM_MFS,MFS,2022-12-16 09:00:00,1091,10,21.3,21.45,21.3,21.45,920.0,19665.0,derived_ohlc4
UPCOM_MFS,MFS,2022-12-19 09:00:00,1092,10,21.3,21.3,21.3,21.3,2100.0,44730.0,derived_ohlc4
UPCOM_MFS,MFS,2022-12-20 09:00:00,1093,10,21.3,21.3,21.3,21.3,209.0,4451.7,derived_ohlc4
UPCOM_MFS,MFS,2022-12-21 09:00:00,1094,10,21.3,21.3,21.3,21.3,105.0,2236.5,derived_ohlc4
UPCOM_MFS,MFS,2022-12-22 09:00:00,1095,10,21.3,21.38,21.3,21.38,2600.0,55484.0,derived_ohlc4
UPCOM_MFS,MFS,2022-12-26 09:00:00,1097,11,21.3,21.3,21.14,21.14,400.0,8488.0,derived_ohlc4
UPCOM_MFS,MFS,2022-12-27 09:00:00,1098,11,21.14,21.3,20.51,21.3,1528.0,32183.5,derived_ohlc4
UPCOM_MFS,MFS,2022-12-28 09:00:00,1099,11,21.06,21.06,21.06,21.06,101.0,2127.06,derived_ohlc4
UPCOM_MFS,MFS,2022-12-29 09:00:00,1100,11,21.3,21.3,21.3,21.3,228.0,4856.400000000001,derived_ohlc4
UPCOM_MFS,MFS,2022-12-30 09:00:00,1101,11,21.53,21.53,21.53,21.53,100.0,2153.0,derived_ohlc4
UPCOM_MFS,MFS,2023-01-03 09:00:00,1102,11,21.69,21.69,21.69,21.69,200.0,4338.0,derived_ohlc4
UPCOM_MFS,MFS,2023-01-04 09:00:00,1103,11,21.38,21.45,21.38,21.45,400.0,8566.0,derived_ohlc4
UPCOM_MFS,MFS,2023-01-05 09:00:00,1104,11,21.61,21.61,21.61,21.61,100.0,2161.0,derived_ohlc4
UPCOM_MFS,MFS,2023-01-06 09:00:00,1105,11,21.61,21.61,21.61,21.61,100.0,2161.0,derived_ohlc4
UPCOM_MFS,MFS,2023-01-09 09:00:00,1106,11,21.53,21.53,21.53,21.53,100.0,2153.0,derived_ohlc4
UPCOM_MFS,MFS,2023-01-10 09:00:00,1107,11,21.38,21.38,21.3,21.3,600.0,12804.0,derived_ohlc4
UPCOM_MFS,MFS,2023-01-11 09:00:00,1108,11,21.3,21.3,21.3,21.3,501.0,10671.300000000001,derived_ohlc4
UPCOM_MFS,MFS,2023-01-12 09:00:00,1109,11,21.3,21.3,21.14,21.14,1700.0,36074.0,derived_ohlc4
UPCOM_MFS,MFS,2023-01-13 09:00:00,1110,11,21.3,21.3,21.14,21.14,900.0,19098.0,derived_ohlc4
UPCOM_MFS,MFS,2023-01-16 09:00:00,1111,11,21.22,21.3,21.22,21.3,800.0,17008.0,derived_ohlc4
UPCOM_MFS,MFS,2023-01-17 09:00:00,1112,11,22.09,22.09,22.01,22.01,700.0,15435.0,derived_ohlc4
UPCOM_MFS,MFS,2023-01-18 09:00:00,1113,11,21.69,21.69,21.69,21.69,1200.0,26028.0,derived_ohlc4
UPCOM_MFS,MFS,2023-01-27 09:00:00,1115,12,19.8,21.3,19.8,21.3,7240.0,148782.0,derived_ohlc4
UPCOM_MFS,MFS,2023-01-30 09:00:00,1116,12,21.3,22.01,21.3,22.01,300.0,6496.5,derived_ohlc4
UPCOM_MFS,MFS,2023-01-31 09:00:00,1117,12,22.09,22.09,21.3,21.3,509.0,11042.755000000001,derived_ohlc4
UPCOM_MFS,MFS,2023-02-01 09:00:00,1118,12,21.3,21.38,21.3,21.38,6300.0,134442.0,derived_ohlc4
UPCOM_MFS,MFS,2023-02-02 09:00:00,1119,12,22.48,22.48,22.48,22.48,100.0,2248.0,derived_ohlc4
UPCOM_MFS,MFS,2023-02-03 09:00:00,1120,12,22.4,22.48,22.4,22.48,1000.0,22440.0,derived_ohlc4
UPCOM_MFS,MFS,2023-02-06 09:00:00,1121,12,21.3,21.3,21.14,21.14,2100.0,44562.0,derived_ohlc4
UPCOM_MFS,MFS,2023-02-07 09:00:00,1122,12,22.32,22.32,22.24,22.24,200.0,4455.999999999999,derived_ohlc4
UPCOM_MFS,MFS,2023-02-08 09:00:00,1123,12,21.93,21.93,21.93,21.93,300.0,6579.0,derived_ohlc4
UPCOM_MFS,MFS,2023-02-10 09:00:00,1125,13,21.3,21.3,21.14,21.14,3300.0,70026.0,derived_ohlc4
UPCOM_MFS,MFS,2023-02-13 09:00:00,1126,13,21.3,21.3,21.14,21.14,1100.0,23342.0,derived_ohlc4
UPCOM_MFS,MFS,2023-02-14 09:00:00,1127,13,21.22,21.22,21.06,21.22,9600.0,203328.0,derived_ohlc4
UPCOM_MFS,MFS,2023-02-15 09:00:00,1128,13,23.35,23.35,22.95,22.95,400.0,9260.0,derived_ohlc4
UPCOM_MFS,MFS,2023-02-16 09:00:00,1129,13,21.45,21.45,21.45,21.45,200.0,4290.0,derived_ohlc4
UPCOM_MFS,MFS,2023-02-17 09:00:00,1130,13,23.27,23.27,22.56,22.56,400.0,9166.0,derived_ohlc4
UPCOM_MFS,MFS,2023-02-20 09:00:00,1131,13,22.24,22.24,21.3,22.09,1900.0,41738.25,derived_ohlc4
UPCOM_MFS,MFS,2023-02-21 09:00:00,1132,13,23.03,23.03,21.22,21.22,3500.0,77437.5,derived_ohlc4
UPCOM_MFS,MFS,2023-02-22 09:00:00,1133,13,21.22,21.77,21.22,21.45,2100.0,44971.5,derived_ohlc4
UPCOM_MFS,MFS,2023-02-23 09:00:00,1134,13,21.22,21.22,21.22,21.22,6400.0,135808.0,derived_ohlc4
UPCOM_MFS,MFS,2023-02-24 09:00:00,1135,13,21.45,21.53,21.3,21.3,3500.0,74882.5,derived_ohlc4
UPCOM_MFS,MFS,2023-02-27 09:00:00,1136,13,21.3,21.3,21.22,21.3,2200.0,46816.0,derived_ohlc4
UPCOM_MFS,MFS,2023-02-28 09:00:00,1137,13,21.3,21.3,20.98,21.3,1100.0,23342.0,derived_ohlc4
UPCOM_MFS,MFS,2023-03-01 09:00:00,1138,13,21.22,21.22,21.22,21.22,100.0,2122.0,derived_ohlc4
UPCOM_MFS,MFS,2023-03-02 09:00:00,1139,13,21.3,21.3,21.3,21.3,200.0,4260.0,derived_ohlc4
UPCOM_MFS,MFS,2023-03-03 09:00:00,1140,13,20.82,21.3,20.82,20.98,500.0,10490.0,derived_ohlc4
UPCOM_MFS,MFS,2023-03-06 09:00:00,1141,13,21.3,21.3,21.14,21.14,2500.0,53050.0,derived_ohlc4
UPCOM_MFS,MFS,2023-03-07 09:00:00,1142,13,21.22,21.3,21.22,21.3,900.0,19134.0,derived_ohlc4
UPCOM_MFS,MFS,2023-03-08 09:00:00,1143,13,20.59,21.3,20.59,21.3,2300.0,48173.5,derived_ohlc4
UPCOM_MFS,MFS,2023-03-09 09:00:00,1144,13,21.3,21.38,21.22,21.22,700.0,14896.0,derived_ohlc4
UPCOM_MFS,MFS,2023-03-10 09:00:00,1145,13,21.3,21.45,21.3,21.45,1800.0,38475.0,derived_ohlc4
UPCOM_MFS,MFS,2023-03-13 09:00:00,1146,13,21.38,22.48,21.38,22.09,6400.0,139728.0,derived_ohlc4
UPCOM_MFS,MFS,2023-03-14 09:00:00,1147,13,22.09,23.82,22.09,22.87,16500.0,374838.75,derived_ohlc4
UPCOM_MFS,MFS,2023-03-15 09:00:00,1148,13,22.87,23.11,22.87,23.03,11003.0,252738.91000000003,derived_ohlc4
UPCOM_MFS,MFS,2023-03-16 09:00:00,1149,13,22.09,22.09,22.09,22.09,400.0,8836.0,derived_ohlc4
UPCOM_MFS,MFS,2023-03-17 09:00:00,1150,13,22.87,23.27,22.87,23.27,7100.0,163797.0,derived_ohlc4
UPCOM_MFS,MFS,2023-03-20 09:00:00,1151,13,22.64,22.64,21.3,21.45,2703.0,59486.2725,derived_ohlc4
UPCOM_MFS,MFS,2023-03-21 09:00:00,1152,13,21.45,21.45,21.45,21.45,1.0,21.45,derived_ohlc4
UPCOM_MFS,MFS,2023-03-22 09:00:00,1153,13,21.45,21.45,21.45,21.45,102.0,2187.9,derived_ohlc4
UPCOM_MFS,MFS,2023-03-24 09:00:00,1155,14,21.45,21.45,21.45,21.45,201.0,4311.45,derived_ohlc4
UPCOM_MFS,MFS,2023-03-29 09:00:00,1158,15,22.87,22.87,22.87,22.87,100.0,2287.0,derived_ohlc4
UPCOM_MFS,MFS,2023-03-30 09:00:00,1159,15,22.8,23.11,22.8,22.87,16300.0,373188.5,derived_ohlc4
UPCOM_MFS,MFS,2023-03-31 09:00:00,1160,15,22.87,22.87,22.72,22.87,11300.0,258007.25000000003,derived_ohlc4
UPCOM_MFS,MFS,2023-04-03 09:00:00,1161,15,22.87,22.87,22.87,22.87,1202.0,27489.74,derived_ohlc4
UPCOM_MFS,MFS,2023-04-04 09:00:00,1162,15,21.69,22.24,21.69,22.24,1701.0,37362.465,derived_ohlc4
UPCOM_MFS,MFS,2023-04-06 09:00:00,1164,16,21.69,21.69,21.69,21.69,2000.0,43380.0,derived_ohlc4
UPCOM_MFS,MFS,2023-04-12 09:00:00,1168,17,21.69,21.69,21.69,21.69,200.0,4338.0,derived_ohlc4
UPCOM_MFS,MFS,2023-04-14 09:00:00,1170,18,21.69,21.69,21.69,21.69,800.0,17352.0,derived_ohlc4
UPCOM_MFS,MFS,2023-04-17 09:00:00,1171,18,21.69,21.69,21.69,21.69,6.0,130.14000000000001,derived_ohlc4
UPCOM_MFS,MFS,2023-04-18 09:00:00,1172,18,21.69,21.77,21.69,21.69,8500.0,184535.0,derived_ohlc4
UPCOM_MFS,MFS,2023-04-19 09:00:00,1173,18,24.45,24.45,24.45,24.45,100.0,2445.0,derived_ohlc4
UPCOM_MFS,MFS,2023-04-20 09:00:00,1174,18,22.48,22.87,22.32,22.8,9525.0,215431.6875,derived_ohlc4
UPCOM_MFS,MFS,2023-04-21 09:00:00,1175,18,22.48,22.56,22.48,22.56,402.0,9053.039999999999,derived_ohlc4
UPCOM_MFS,MFS,2023-04-24 09:00:00,1176,18,22.09,22.48,22.09,22.48,3500.0,77997.5,derived_ohlc4
UPCOM_MFS,MFS,2023-04-25 09:00:00,1177,18,22.32,22.32,22.32,22.32,300.0,6696.0,derived_ohlc4
UPCOM_MFS,MFS,2023-04-26 09:00:00,1178,18,22.4,22.4,22.4,22.4,1317.0,29500.8,derived_ohlc4
UPCOM_MFS,MFS,2023-04-27 09:00:00,1179,18,21.38,21.38,21.38,21.38,100.0,2138.0,derived_ohlc4
UPCOM_MFS,MFS,2023-04-28 09:00:00,1180,18,21.53,21.53,21.45,21.45,1632.0,35071.68,derived_ohlc4
UPCOM_MFS,MFS,2023-05-04 09:00:00,1181,18,21.3,23.35,21.3,23.35,8700.0,194227.50000000003,derived_ohlc4
UPCOM_MFS,MFS,2023-05-09 09:00:00,1184,19,22.01,22.01,22.01,22.01,100.0,2201.0,derived_ohlc4
UPCOM_MFS,MFS,2023-05-10 09:00:00,1185,19,22.09,22.09,22.09,22.09,2100.0,46389.0,derived_ohlc4
UPCOM_MFS,MFS,2023-05-11 09:00:00,1186,19,22.09,22.87,22.09,22.8,2600.0,58402.49999999999,derived_ohlc4
UPCOM_MFS,MFS,2023-05-15 09:00:00,1188,20,23.58,23.58,23.58,23.58,101.0,2381.58,derived_ohlc4
UPCOM_MFS,MFS,2023-05-16 09:00:00,1189,20,23.51,23.58,23.51,23.51,4509.0,106085.49750000001,derived_ohlc4
UPCOM_MFS,MFS,2023-05-17 09:00:00,1190,20,23.58,23.58,22.09,22.16,5000.0,114262.5,derived_ohlc4
UPCOM_MFS,MFS,2023-05-19 09:00:00,1192,21,22.95,22.95,22.95,22.95,400.0,9180.0,derived_ohlc4
UPCOM_MFS,MFS,2023-05-22 09:00:00,1193,21,21.38,21.38,21.38,21.38,607.0,12977.66,derived_ohlc4
UPCOM_MFS,MFS,2023-05-23 09:00:00,1194,21,21.69,21.69,21.69,21.69,200.0,4338.0,derived_ohlc4
UPCOM_MFS,MFS,2023-05-24 09:00:00,1195,21,19.72,23.27,19.72,21.85,4101.0,86695.14,derived_ohlc4
UPCOM_MFS,MFS,2023-05-25 09:00:00,1196,21,19.72,21.85,19.72,21.77,2000.0,41530.0,derived_ohlc4
UPCOM_MFS,MFS,2023-05-26 09:00:00,1197,21,19.72,22.48,19.72,22.09,4000.0,84010.0,derived_ohlc4
UPCOM_MFS,MFS,2023-05-29 09:00:00,1198,21,22.4,22.4,22.4,22.4,2100.0,47040.0,derived_ohlc4
UPCOM_MFS,MFS,2023-05-30 09:00:00,1199,21,22.4,22.4,22.4,22.4,2100.0,47040.0,derived_ohlc4
UPCOM_MFS,MFS,2023-05-31 09:00:00,1200,21,22.56,22.95,22.56,22.87,3143.0,71456.105,derived_ohlc4
UPCOM_MFS,MFS,2023-06-01 09:00:00,1201,21,26.03,26.03,22.87,22.87,1200.0,29340.000000000004,derived_ohlc4
UPCOM_MFS,MFS,2023-06-02 09:00:00,1202,21,23.58,24.45,23.27,23.27,3200.0,75656.0,derived_ohlc4
UPCOM_MFS,MFS,2023-06-05 09:00:00,1203,21,22.09,22.09,22.09,22.09,2001.0,44202.09,derived_ohlc4
UPCOM_MFS,MFS,2023-06-06 09:00:00,1204,21,22.16,22.16,22.09,22.09,2400.0,53100.0,derived_ohlc4
UPCOM_MFS,MFS,2023-06-07 09:00:00,1205,21,22.09,22.09,22.09,22.09,200.0,4418.0,derived_ohlc4
UPCOM_MFS,MFS,2023-06-08 09:00:00,1206,21,22.87,22.87,22.87,22.87,2000.0,45740.0,derived_ohlc4
UPCOM_MFS,MFS,2023-06-09 09:00:00,1207,21,22.48,22.48,22.48,22.48,1485.0,33382.8,derived_ohlc4
UPCOM_MFS,MFS,2023-06-12 09:00:00,1208,21,22.48,22.48,22.48,22.48,3.0,67.44,derived_ohlc4
UPCOM_MFS,MFS,2023-06-13 09:00:00,1209,21,22.48,22.48,21.69,21.69,300.0,6625.5,derived_ohlc4
UPCOM_MFS,MFS,2023-06-16 09:00:00,1212,22,21.93,23.19,21.93,22.16,5200.0,115973.00000000001,derived_ohlc4
UPCOM_MFS,MFS,2023-06-19 09:00:00,1213,22,22.16,22.16,22.16,22.16,803.0,17794.48,derived_ohlc4
UPCOM_MFS,MFS,2023-06-20 09:00:00,1214,22,22.01,22.01,21.93,21.93,3600.0,79092.0,derived_ohlc4
UPCOM_MFS,MFS,2023-06-21 09:00:00,1215,22,22.01,23.03,22.01,22.95,600.0,13500.000000000002,derived_ohlc4
UPCOM_MFS,MFS,2023-06-22 09:00:00,1216,22,22.64,22.64,22.64,22.64,301.0,6814.64,derived_ohlc4
UPCOM_MFS,MFS,2023-06-23 09:00:00,1217,22,22.64,22.64,22.64,22.64,701.0,15870.640000000001,derived_ohlc4
UPCOM_MFS,MFS,2023-06-27 09:00:00,1219,23,22.64,22.64,22.64,22.64,4.0,90.56,derived_ohlc4
UPCOM_MFS,MFS,2023-06-28 09:00:00,1220,23,21.69,22.48,21.69,22.48,3000.0,66255.0,derived_ohlc4
UPCOM_MFS,MFS,2023-06-29 09:00:00,1221,23,22.32,22.32,22.32,22.32,1802.0,40220.64,derived_ohlc4
UPCOM_MFS,MFS,2023-06-30 09:00:00,1222,23,22.32,22.4,22.32,22.4,2200.0,49192.0,derived_ohlc4
UPCOM_MFS,MFS,2023-07-03 09:00:00,1223,23,22.48,22.48,21.69,22.09,5400.0,119799.00000000001,derived_ohlc4
UPCOM_MFS,MFS,2023-07-04 09:00:00,1224,23,22.32,22.48,22.24,22.48,5229.0,117025.01999999999,derived_ohlc4
UPCOM_MFS,MFS,2023-07-05 09:00:00,1225,23,22.56,22.87,22.56,22.87,4700.0,106760.5,derived_ohlc4
UPCOM_MFS,MFS,2023-07-06 09:00:00,1226,23,22.87,22.87,22.48,22.56,4700.0,106666.5,derived_ohlc4
UPCOM_MFS,MFS,2023-07-07 09:00:00,1227,23,22.72,22.72,22.72,22.72,1107.0,25151.039999999997,derived_ohlc4
UPCOM_MFS,MFS,2023-07-10 09:00:00,1228,23,22.87,23.74,22.87,23.74,9800.0,228389.0,derived_ohlc4
UPCOM_MFS,MFS,2023-07-11 09:00:00,1229,23,23.27,23.27,23.27,23.27,100.0,2327.0,derived_ohlc4
UPCOM_MFS,MFS,2023-07-12 09:00:00,1230,23,24.45,24.45,23.27,23.27,1300.0,31018.0,derived_ohlc4
UPCOM_MFS,MFS,2023-07-14 09:00:00,1232,24,23.35,23.35,23.35,23.35,1605.0,37476.75,derived_ohlc4
UPCOM_MFS,MFS,2023-07-18 09:00:00,1234,25,23.66,24.61,23.51,24.37,11713.0,281551.2375,derived_ohlc4
UPCOM_MFS,MFS,2023-07-19 09:00:00,1235,25,23.27,24.22,23.27,24.22,5100.0,121099.49999999999,derived_ohlc4
UPCOM_MFS,MFS,2023-07-20 09:00:00,1236,25,23.35,23.35,23.35,23.35,1200.0,28020.0,derived_ohlc4
UPCOM_MFS,MFS,2023-07-21 09:00:00,1237,25,23.35,23.66,23.35,23.66,4402.0,103469.01000000001,derived_ohlc4
UPCOM_MFS,MFS,2023-07-24 09:00:00,1238,25,23.58,23.58,23.58,23.58,229.0,5399.82,derived_ohlc4
UPCOM_MFS,MFS,2023-07-25 09:00:00,1239,25,23.58,23.66,23.58,23.58,8201.0,193543.59999999998,derived_ohlc4
UPCOM_MFS,MFS,2023-07-26 09:00:00,1240,25,23.58,23.82,23.58,23.66,19174.0,453656.8399999999,derived_ohlc4
UPCOM_MFS,MFS,2023-07-27 09:00:00,1241,25,23.66,24.22,23.66,23.66,4700.0,111859.99999999999,derived_ohlc4
UPCOM_MFS,MFS,2023-07-28 09:00:00,1242,25,23.51,23.58,23.27,23.27,5218.0,122140.33499999999,derived_ohlc4
UPCOM_MFS,MFS,2023-07-31 09:00:00,1243,25,23.66,24.06,23.66,24.06,2800.0,66808.0,derived_ohlc4
UPCOM_MFS,MFS,2023-08-03 09:00:00,1246,26,23.66,23.66,23.66,23.66,1038.0,24559.08,derived_ohlc4
UPCOM_MFS,MFS,2023-08-04 09:00:00,1247,26,23.35,23.35,23.35,23.35,200.0,4670.0,derived_ohlc4
UPCOM_MFS,MFS,2023-08-07 09:00:00,1248,26,23.43,23.43,23.43,23.43,400.0,9372.0,derived_ohlc4
UPCOM_MFS,MFS,2023-08-08 09:00:00,1249,26,23.35,23.35,23.27,23.27,1700.0,39627.0,derived_ohlc4
UPCOM_MFS,MFS,2023-08-09 09:00:00,1250,26,23.35,24.06,23.35,23.66,3237.0,76409.385,derived_ohlc4
UPCOM_MFS,MFS,2023-08-10 09:00:00,1251,26,23.66,23.82,23.66,23.66,3518.0,83376.59999999999,derived_ohlc4
UPCOM_MFS,MFS,2023-08-14 09:00:00,1253,27,23.74,23.74,23.74,23.74,2000.0,47480.0,derived_ohlc4
UPCOM_MFS,MFS,2023-08-15 09:00:00,1254,27,23.74,24.29,23.66,24.29,6600.0,158366.99999999997,derived_ohlc4
UPCOM_MFS,MFS,2023-08-16 09:00:00,1255,27,24.06,24.14,24.06,24.14,1040.0,25064.0,derived_ohlc4
UPCOM_MFS,MFS,2023-08-17 09:00:00,1256,27,24.06,24.06,22.09,22.09,4780.0,110298.5,derived_ohlc4
UPCOM_MFS,MFS,2023-08-18 09:00:00,1257,27,22.56,23.9,22.56,23.9,1605.0,37284.149999999994,derived_ohlc4
UPCOM_MFS,MFS,2023-08-22 09:00:00,1259,28,22.95,22.95,22.72,22.72,300.0,6850.5,derived_ohlc4
UPCOM_MFS,MFS,2023-08-23 09:00:00,1260,28,22.87,22.87,22.87,22.87,100.0,2287.0,derived_ohlc4
UPCOM_MFS,MFS,2023-08-24 09:00:00,1261,28,22.87,22.87,22.87,22.87,1.0,22.87,derived_ohlc4
UPCOM_MFS,MFS,2023-08-25 09:00:00,1262,28,22.87,22.87,22.87,22.87,11.0,251.57000000000002,derived_ohlc4
UPCOM_MFS,MFS,2023-08-28 09:00:00,1263,28,22.87,22.87,22.87,22.87,17.0,388.79,derived_ohlc4
UPCOM_MFS,MFS,2023-08-29 09:00:00,1264,28,22.87,22.87,22.87,22.87,128.0,2927.36,derived_ohlc4
UPCOM_MFS,MFS,2023-08-30 09:00:00,1265,28,22.87,22.87,22.87,22.87,120.0,2744.4,derived_ohlc4
UPCOM_MFS,MFS,2023-08-31 09:00:00,1266,28,22.87,22.87,22.87,22.87,1000.0,22870.0,derived_ohlc4
UPCOM_MFS,MFS,2023-09-05 09:00:00,1267,28,22.87,22.87,22.87,22.87,2976.0,68061.12000000001,derived_ohlc4
UPCOM_MFS,MFS,2023-09-06 09:00:00,1268,28,22.87,22.87,22.87,22.87,808.0,18478.96,derived_ohlc4
UPCOM_MFS,MFS,2023-09-07 09:00:00,1269,28,22.87,22.87,22.87,22.87,2416.0,55253.920000000006,derived_ohlc4
UPCOM_MFS,MFS,2023-09-08 09:00:00,1270,28,22.87,22.95,22.56,22.95,6522.0,148913.565,derived_ohlc4
UPCOM_MFS,MFS,2023-09-11 09:00:00,1271,28,22.72,22.87,22.48,22.87,5012.0,113947.82000000002,derived_ohlc4
UPCOM_MFS,MFS,2023-09-12 09:00:00,1272,28,22.8,22.8,22.4,22.4,9000.0,203400.0,derived_ohlc4
UPCOM_MFS,MFS,2023-09-13 09:00:00,1273,28,22.56,22.56,22.48,22.48,2606.0,58687.119999999995,derived_ohlc4
UPCOM_MFS,MFS,2023-09-15 09:00:00,1275,29,23.9,23.9,23.9,23.9,117.0,2796.2999999999997,derived_ohlc4
UPCOM_MFS,MFS,2023-09-18 09:00:00,1276,29,23.19,23.19,23.19,23.19,300.0,6957.0,derived_ohlc4
UPCOM_MFS,MFS,2023-09-19 09:00:00,1277,29,22.48,22.48,22.48,22.48,1200.0,26976.0,derived_ohlc4
UPCOM_MFS,MFS,2023-09-20 09:00:00,1278,29,22.48,22.48,22.48,22.48,2.0,44.96,derived_ohlc4
UPCOM_MFS,MFS,2023-09-21 09:00:00,1279,29,22.32,22.32,22.32,22.32,610.0,13615.2,derived_ohlc4
UPCOM_MFS,MFS,2023-09-22 09:00:00,1280,29,22.16,22.16,22.16,22.16,900.0,19944.0,derived_ohlc4
UPCOM_MFS,MFS,2023-09-25 09:00:00,1281,29,21.85,21.85,21.85,21.85,200.0,4370.0,derived_ohlc4
UPCOM_MFS,MFS,2023-09-26 09:00:00,1282,29,23.58,23.58,23.58,23.58,113.0,2664.54,derived_ohlc4
UPCOM_MFS,MFS,2023-09-27 09:00:00,1283,29,22.87,22.87,22.87,22.87,1500.0,34305.0,derived_ohlc4
UPCOM_MFS,MFS,2023-09-29 09:00:00,1285,30,22.8,22.8,22.8,22.8,102.0,2325.6,derived_ohlc4
UPCOM_MFS,MFS,2023-10-02 09:00:00,1286,30,22.8,22.8,22.8,22.8,382.0,8709.6,derived_ohlc4
UPCOM_MFS,MFS,2023-10-04 09:00:00,1288,31,22.8,22.8,22.8,22.8,56.0,1276.8,derived_ohlc4
UPCOM_MFS,MFS,2023-10-10 09:00:00,1292,32,22.24,22.8,22.24,22.8,2614.0,58867.28,derived_ohlc4
UPCOM_MFS,MFS,2023-10-11 09:00:00,1293,32,22.56,22.56,22.09,22.09,2205.0,49226.625,derived_ohlc4
UPCOM_MFS,MFS,2023-10-12 09:00:00,1294,32,22.24,22.24,22.24,22.24,125.0,2780.0,derived_ohlc4
UPCOM_MFS,MFS,2023-10-13 09:00:00,1295,32,22.09,22.56,22.09,22.56,2100.0,46882.5,derived_ohlc4
UPCOM_MFS,MFS,2023-10-16 09:00:00,1296,32,22.48,22.56,22.48,22.56,5508.0,124040.16,derived_ohlc4
UPCOM_MFS,MFS,2023-10-17 09:00:00,1297,32,22.56,22.56,22.56,22.56,1500.0,33840.0,derived_ohlc4
UPCOM_MFS,MFS,2023-10-18 09:00:00,1298,32,22.56,22.56,22.48,22.56,3300.0,74382.0,derived_ohlc4
UPCOM_MFS,MFS,2023-10-19 09:00:00,1299,32,22.48,22.48,22.24,22.24,8800.0,196768.0,derived_ohlc4
UPCOM_MFS,MFS,2023-10-20 09:00:00,1300,32,22.32,22.32,22.32,22.32,5300.0,118296.0,derived_ohlc4
UPCOM_MFS,MFS,2023-10-23 09:00:00,1301,32,22.32,22.32,22.24,22.32,8501.0,189572.3,derived_ohlc4
UPCOM_MFS,MFS,2023-10-25 09:00:00,1303,33,22.32,22.4,22.32,22.4,2900.0,64844.0,derived_ohlc4
UPCOM_MFS,MFS,2023-10-26 09:00:00,1304,33,22.24,22.24,22.09,22.09,18800.0,416702.0,derived_ohlc4
UPCOM_MFS,MFS,2023-10-27 09:00:00,1305,33,22.09,22.09,21.38,21.38,3700.0,80419.5,derived_ohlc4
UPCOM_MFS,MFS,2023-10-30 09:00:00,1306,33,21.69,22.01,21.69,22.01,3402.0,74333.70000000001,derived_ohlc4
UPCOM_MFS,MFS,2023-10-31 09:00:00,1307,33,21.69,21.85,21.3,21.85,8110.0,175763.975,derived_ohlc4
UPCOM_MFS,MFS,2023-11-01 09:00:00,1308,33,21.45,21.69,21.45,21.69,5700.0,122949.0,derived_ohlc4
UPCOM_MFS,MFS,2023-11-02 09:00:00,1309,33,21.69,22.09,21.69,22.01,7802.0,170629.74000000002,derived_ohlc4
UPCOM_MFS,MFS,2023-11-03 09:00:00,1310,33,22.09,22.87,22.01,22.87,51813.0,1163719.98,derived_ohlc4
UPCOM_MFS,MFS,2023-11-06 09:00:00,1311,33,22.87,23.27,22.87,23.11,43101.0,992616.03,derived_ohlc4
UPCOM_MFS,MFS,2023-11-07 09:00:00,1312,33,23.27,23.27,23.03,23.03,11011.0,254904.65,derived_ohlc4
UPCOM_MFS,MFS,2023-11-08 09:00:00,1313,33,23.03,23.66,23.03,23.27,20401.0,474272.2475,derived_ohlc4
UPCOM_MFS,MFS,2023-11-09 09:00:00,1314,33,23.27,23.35,23.11,23.11,16010.0,371592.10000000003,derived_ohlc4
UPCOM_MFS,MFS,2023-11-10 09:00:00,1315,33,23.35,23.35,23.03,23.11,5916.0,137310.36000000002,derived_ohlc4
UPCOM_MFS,MFS,2023-11-13 09:00:00,1316,33,23.11,23.27,22.72,22.95,15904.0,365990.8,derived_ohlc4
UPCOM_MFS,MFS,2023-11-14 09:00:00,1317,33,22.72,23.19,22.72,23.11,8700.0,199534.5,derived_ohlc4
UPCOM_MFS,MFS,2023-11-15 09:00:00,1318,33,23.35,23.58,23.19,23.27,17917.0,418317.15750000003,derived_ohlc4
UPCOM_MFS,MFS,2023-11-16 09:00:00,1319,33,23.51,23.51,23.27,23.27,16203.0,378988.17,derived_ohlc4
UPCOM_MFS,MFS,2023-11-17 09:00:00,1320,33,23.35,23.51,23.27,23.43,43318.0,1013208.02,derived_ohlc4
UPCOM_MFS,MFS,2023-11-20 09:00:00,1321,33,23.51,23.51,23.27,23.43,47635.0,1116088.05,derived_ohlc4
UPCOM_MFS,MFS,2023-11-21 09:00:00,1322,33,23.35,23.74,23.35,23.66,65914.0,1550626.8499999999,derived_ohlc4
UPCOM_MFS,MFS,2023-11-22 09:00:00,1323,33,26.09,26.09,23.38,23.82,22261.0,553074.5449999999,derived_ohlc4
UPCOM_MFS,MFS,2023-11-23 09:00:00,1324,33,23.99,23.99,23.03,23.2,17432.0,410567.18,derived_ohlc4
UPCOM_MFS,MFS,2023-11-24 09:00:00,1325,33,23.03,23.47,22.42,22.59,14019.0,320719.67250000004,derived_ohlc4
UPCOM_MFS,MFS,2023-11-27 09:00:00,1326,33,22.59,23.2,22.42,22.94,2717.0,61913.637500000004,derived_ohlc4
UPCOM_MFS,MFS,2023-11-28 09:00:00,1327,33,22.59,22.85,22.42,22.85,4510.0,102275.52500000001,derived_ohlc4
UPCOM_MFS,MFS,2023-11-29 09:00:00,1328,33,22.77,23.12,22.42,23.03,2739.0,62545.065,derived_ohlc4
UPCOM_MFS,MFS,2023-11-30 09:00:00,1329,33,22.42,22.68,22.42,22.68,1800.0,40590.00000000001,derived_ohlc4
UPCOM_MFS,MFS,2023-12-01 09:00:00,1330,33,22.59,22.68,22.42,22.42,4384.0,98760.56,derived_ohlc4
UPCOM_MFS,MFS,2023-12-04 09:00:00,1331,33,22.42,22.94,19.18,22.42,33557.0,729529.1799999999,derived_ohlc4
UPCOM_MFS,MFS,2023-12-05 09:00:00,1332,33,22.68,22.68,21.8,21.98,5192.0,115703.72,derived_ohlc4
UPCOM_MFS,MFS,2023-12-06 09:00:00,1333,33,22.24,22.68,22.15,22.59,5660.0,126868.9,derived_ohlc4
UPCOM_MFS,MFS,2023-12-07 09:00:00,1334,33,22.33,22.33,22.07,22.15,4265.0,94768.29999999999,derived_ohlc4
UPCOM_MFS,MFS,2023-12-08 09:00:00,1335,33,22.33,22.33,21.89,21.89,6701.0,148159.11,derived_ohlc4
UPCOM_MFS,MFS,2023-12-11 09:00:00,1336,33,21.98,22.15,21.89,22.07,4010.0,88310.225,derived_ohlc4
UPCOM_MFS,MFS,2023-12-12 09:00:00,1337,33,22.15,22.15,21.89,21.89,908.0,19994.16,derived_ohlc4
UPCOM_MFS,MFS,2023-12-13 09:00:00,1338,33,21.89,21.89,21.8,21.89,4043.0,88410.3025,derived_ohlc4
UPCOM_MFS,MFS,2023-12-14 09:00:00,1339,33,21.8,21.89,21.45,21.72,3410.0,74048.15,derived_ohlc4
UPCOM_MFS,MFS,2023-12-15 09:00:00,1340,33,21.45,21.72,21.45,21.72,2709.0,58473.765,derived_ohlc4
UPCOM_MFS,MFS,2023-12-18 09:00:00,1341,33,21.63,21.89,21.63,21.72,4809.0,104439.45749999999,derived_ohlc4
UPCOM_MFS,MFS,2023-12-19 09:00:00,1342,33,21.72,21.8,21.72,21.8,1930.0,41996.799999999996,derived_ohlc4
UPCOM_MFS,MFS,2023-12-20 09:00:00,1343,33,21.98,22.24,21.98,22.24,2100.0,46431.0,derived_ohlc4
UPCOM_MFS,MFS,2023-12-22 09:00:00,1345,34,21.89,21.98,21.89,21.98,2146.0,47072.51,derived_ohlc4
UPCOM_MFS,MFS,2023-12-25 09:00:00,1346,34,22.24,22.33,22.07,22.07,7800.0,172984.49999999997,derived_ohlc4
UPCOM_MFS,MFS,2023-12-26 09:00:00,1347,34,22.24,22.24,22.24,22.24,1300.0,28911.999999999996,derived_ohlc4
UPCOM_MFS,MFS,2023-12-27 09:00:00,1348,34,21.89,22.24,21.89,21.98,10116.0,222552.0,derived_ohlc4
UPCOM_MFS,MFS,2023-12-28 09:00:00,1349,34,21.98,22.15,21.98,22.07,9805.0,216151.225,derived_ohlc4
UPCOM_MFS,MFS,2023-12-29 09:00:00,1350,34,22.07,22.24,22.07,22.15,8366.0,185160.495,derived_ohlc4
UPCOM_MFS,MFS,2024-01-02 09:00:00,1351,34,22.24,22.24,22.07,22.07,2310.0,51178.05,derived_ohlc4
UPCOM_MFS,MFS,2024-01-03 09:00:00,1352,34,22.15,22.24,22.15,22.15,6500.0,144121.25,derived_ohlc4
UPCOM_MFS,MFS,2024-01-04 09:00:00,1353,34,22.15,22.24,22.07,22.24,22500.0,498937.5,derived_ohlc4
UPCOM_MFS,MFS,2024-01-05 09:00:00,1354,34,22.15,22.15,21.98,22.15,938.0,20736.835000000003,derived_ohlc4
UPCOM_MFS,MFS,2024-01-08 09:00:00,1355,34,22.15,22.15,22.07,22.15,4200.0,92946.00000000001,derived_ohlc4
UPCOM_MFS,MFS,2024-01-09 09:00:00,1356,34,22.15,22.15,21.98,21.98,1800.0,39717.0,derived_ohlc4
UPCOM_MFS,MFS,2024-01-10 09:00:00,1357,34,21.98,22.07,21.89,21.89,6220.0,136575.65,derived_ohlc4
UPCOM_MFS,MFS,2024-01-11 09:00:00,1358,34,21.98,21.98,21.8,21.89,12700.0,278288.75,derived_ohlc4
UPCOM_MFS,MFS,2024-01-12 09:00:00,1359,34,21.8,21.89,21.8,21.89,400.0,8738.0,derived_ohlc4
UPCOM_MFS,MFS,2024-01-15 09:00:00,1360,34,21.8,21.89,21.8,21.8,9200.0,200766.99999999997,derived_ohlc4
UPCOM_MFS,MFS,2024-01-16 09:00:00,1361,34,21.8,21.8,21.45,21.8,3746.0,81335.025,derived_ohlc4
UPCOM_MFS,MFS,2024-01-17 09:00:00,1362,34,21.63,21.8,21.63,21.72,7300.0,158373.5,derived_ohlc4
UPCOM_MFS,MFS,2024-01-18 09:00:00,1363,34,21.72,21.8,21.63,21.63,12400.0,269017.99999999994,derived_ohlc4
UPCOM_MFS,MFS,2024-01-19 09:00:00,1364,34,21.72,21.8,21.63,21.72,9501.0,206337.96749999997,derived_ohlc4
UPCOM_MFS,MFS,2024-01-22 09:00:00,1365,34,21.72,21.89,21.72,21.72,900.0,19586.25,derived_ohlc4
UPCOM_MFS,MFS,2024-01-23 09:00:00,1366,34,21.72,21.8,21.72,21.72,6309.0,137157.66,derived_ohlc4
UPCOM_MFS,MFS,2024-01-24 09:00:00,1367,34,21.8,21.8,21.72,21.72,13901.0,302485.75999999995,derived_ohlc4
UPCOM_MFS,MFS,2024-01-25 09:00:00,1368,34,21.8,21.8,21.72,21.8,4400.0,95831.99999999999,derived_ohlc4
UPCOM_MFS,MFS,2024-01-26 09:00:00,1369,34,21.8,21.98,21.8,21.89,10621.0,232254.7175,derived_ohlc4
UPCOM_MFS,MFS,2024-01-29 09:00:00,1370,34,21.89,21.89,21.8,21.8,701.0,15313.345,derived_ohlc4
UPCOM_MFS,MFS,2024-01-30 09:00:00,1371,34,21.72,21.72,21.63,21.72,700.0,15188.249999999998,derived_ohlc4
UPCOM_MFS,MFS,2024-01-31 09:00:00,1372,34,21.72,21.72,21.63,21.63,5800.0,125714.99999999999,derived_ohlc4
UPCOM_MFS,MFS,2024-02-01 09:00:00,1373,34,21.54,21.54,21.54,21.54,801.0,17253.54,derived_ohlc4
UPCOM_MFS,MFS,2024-02-02 09:00:00,1374,34,22.15,22.15,21.89,21.89,304.0,6694.08,derived_ohlc4
UPCOM_MFS,MFS,2024-02-05 09:00:00,1375,34,21.98,21.98,21.72,21.72,2400.0,52440.0,derived_ohlc4
UPCOM_MFS,MFS,2024-02-06 09:00:00,1376,34,21.8,21.8,21.8,21.8,200.0,4360.0,derived_ohlc4
UPCOM_MFS,MFS,2024-02-07 09:00:00,1377,34,22.07,22.07,22.07,22.07,1231.0,27168.170000000002,derived_ohlc4
UPCOM_MFS,MFS,2024-02-15 09:00:00,1378,34,22.77,22.77,21.98,21.98,1321.0,29557.375,derived_ohlc4
UPCOM_MFS,MFS,2024-02-16 09:00:00,1379,34,22.07,22.15,22.07,22.07,6209.0,137156.80999999997,derived_ohlc4
UPCOM_MFS,MFS,2024-02-19 09:00:00,1380,34,22.07,22.07,21.98,21.98,7706.0,169724.65000000002,derived_ohlc4
UPCOM_MFS,MFS,2024-02-20 09:00:00,1381,34,21.89,21.98,21.89,21.89,6700.0,146813.75,derived_ohlc4
UPCOM_MFS,MFS,2024-02-21 09:00:00,1382,34,21.89,21.89,21.8,21.8,2307.0,50396.415,derived_ohlc4
UPCOM_MFS,MFS,2024-02-22 09:00:00,1383,34,21.8,21.8,21.72,21.72,5605.0,121964.79999999999,derived_ohlc4
UPCOM_MFS,MFS,2024-02-23 09:00:00,1384,34,21.8,21.89,21.72,21.72,9900.0,215646.75,derived_ohlc4
UPCOM_MFS,MFS,2024-02-26 09:00:00,1385,34,21.8,21.8,21.54,21.72,5001.0,108596.715,derived_ohlc4
UPCOM_MFS,MFS,2024-02-27 09:00:00,1386,34,21.72,21.72,21.54,21.63,18600.0,402736.49999999994,derived_ohlc4
UPCOM_MFS,MFS,2024-02-28 09:00:00,1387,34,21.63,22.15,19.26,21.98,7808.0,165959.04,derived_ohlc4
UPCOM_MFS,MFS,2024-02-29 09:00:00,1388,34,21.72,21.72,21.72,21.72,300.0,6516.0,derived_ohlc4
UPCOM_MFS,MFS,2024-03-01 09:00:00,1389,34,21.63,21.72,21.63,21.63,8300.0,179715.74999999997,derived_ohlc4
UPCOM_MFS,MFS,2024-03-04 09:00:00,1390,34,21.63,21.72,21.54,21.72,3414.0,73921.63499999998,derived_ohlc4
UPCOM_MFS,MFS,2024-03-05 09:00:00,1391,34,21.72,21.72,21.63,21.63,2700.0,58522.49999999999,derived_ohlc4
UPCOM_MFS,MFS,2024-03-06 09:00:00,1392,34,21.89,21.98,21.72,21.72,2900.0,63299.75,derived_ohlc4
UPCOM_MFS,MFS,2024-03-07 09:00:00,1393,34,21.89,21.89,21.72,21.72,23518.0,512809.99,derived_ohlc4
UPCOM_MFS,MFS,2024-03-08 09:00:00,1394,34,21.89,21.89,21.72,21.72,12205.0,266130.025,derived_ohlc4
UPCOM_MFS,MFS,2024-03-11 09:00:00,1395,34,21.72,21.72,21.72,21.72,11025.0,239463.0,derived_ohlc4
UPCOM_MFS,MFS,2024-03-12 09:00:00,1396,34,21.72,21.72,21.54,21.63,8711.0,188614.92749999996,derived_ohlc4
UPCOM_MFS,MFS,2024-03-13 09:00:00,1397,34,21.72,21.89,21.63,21.72,9201.0,200029.74,derived_ohlc4
UPCOM_MFS,MFS,2024-03-14 09:00:00,1398,34,21.72,21.72,21.63,21.63,9049.0,196137.07499999998,derived_ohlc4
UPCOM_MFS,MFS,2024-03-15 09:00:00,1399,34,21.8,21.89,21.72,21.72,3010.0,65565.325,derived_ohlc4
UPCOM_MFS,MFS,2024-03-18 09:00:00,1400,34,21.72,21.72,21.28,21.72,11929.0,257785.69,derived_ohlc4
UPCOM_MFS,MFS,2024-03-19 09:00:00,1401,34,21.72,21.72,21.63,21.63,17100.0,370642.49999999994,derived_ohlc4
UPCOM_MFS,MFS,2024-03-20 09:00:00,1402,34,21.89,21.89,21.63,21.89,6001.0,130971.825,derived_ohlc4
UPCOM_MFS,MFS,2024-03-21 09:00:00,1403,34,21.8,21.8,21.72,21.72,1904.0,41431.03999999999,derived_ohlc4
UPCOM_MFS,MFS,2024-03-22 09:00:00,1404,34,21.89,21.89,21.45,21.45,7343.0,159122.81000000003,derived_ohlc4
UPCOM_MFS,MFS,2024-03-25 09:00:00,1405,34,21.72,21.72,21.45,21.45,8129.0,175464.465,derived_ohlc4
UPCOM_MFS,MFS,2024-03-26 09:00:00,1406,34,21.54,21.63,21.45,21.54,1800.0,38772.0,derived_ohlc4
UPCOM_MFS,MFS,2024-03-27 09:00:00,1407,34,21.72,21.72,21.54,21.54,3948.0,85395.23999999998,derived_ohlc4
UPCOM_MFS,MFS,2024-03-28 09:00:00,1408,34,21.54,21.63,21.19,21.63,2300.0,49444.25,derived_ohlc4
UPCOM_MFS,MFS,2024-03-29 09:00:00,1409,34,21.63,21.63,21.45,21.63,4200.0,90656.99999999999,derived_ohlc4
UPCOM_MFS,MFS,2024-04-01 09:00:00,1410,34,21.45,21.72,21.45,21.72,3929.0,84807.465,derived_ohlc4
UPCOM_MFS,MFS,2024-04-02 09:00:00,1411,34,21.63,21.63,21.1,21.1,3403.0,72705.095,derived_ohlc4
UPCOM_MFS,MFS,2024-04-03 09:00:00,1412,34,21.45,21.89,21.45,21.89,11906.0,258003.02000000002,derived_ohlc4
UPCOM_MFS,MFS,2024-04-04 09:00:00,1413,34,21.89,21.89,21.72,21.72,4901.0,106866.305,derived_ohlc4
UPCOM_MFS,MFS,2024-04-05 09:00:00,1414,34,21.72,21.72,21.63,21.63,1307.0,28329.224999999995,derived_ohlc4
UPCOM_MFS,MFS,2024-04-08 09:00:00,1415,34,21.63,21.72,21.54,21.54,5902.0,127527.46499999997,derived_ohlc4
UPCOM_MFS,MFS,2024-04-09 09:00:00,1416,34,21.54,21.54,21.45,21.54,5010.0,107802.67499999999,derived_ohlc4
UPCOM_MFS,MFS,2024-04-10 09:00:00,1417,34,21.72,21.72,21.54,21.63,1310.0,28364.774999999994,derived_ohlc4
UPCOM_MFS,MFS,2024-04-11 09:00:00,1418,34,21.45,21.54,21.45,21.45,10500.0,225461.25,derived_ohlc4
UPCOM_MFS,MFS,2024-04-12 09:00:00,1419,34,21.54,21.54,21.54,21.54,901.0,19407.54,derived_ohlc4
UPCOM_MFS,MFS,2024-04-15 09:00:00,1420,34,21.54,21.72,21.54,21.54,6015.0,129833.77500000001,derived_ohlc4
UPCOM_MFS,MFS,2024-04-16 09:00:00,1421,34,21.63,21.72,21.28,21.45,8200.0,176464.0,derived_ohlc4
UPCOM_MFS,MFS,2024-04-17 09:00:00,1422,34,21.37,21.45,21.28,21.37,4200.0,89743.5,derived_ohlc4
UPCOM_MFS,MFS,2024-04-19 09:00:00,1423,34,21.37,21.37,21.02,21.28,4900.0,104174.00000000001,derived_ohlc4
UPCOM_MFS,MFS,2024-04-22 09:00:00,1424,34,21.45,21.45,21.37,21.37,6200.0,132742.0,derived_ohlc4
UPCOM_MFS,MFS,2024-04-23 09:00:00,1425,34,21.37,21.54,21.37,21.45,7000.0,150027.5,derived_ohlc4
UPCOM_MFS,MFS,2024-04-24 09:00:00,1426,34,21.28,21.72,21.28,21.72,600.0,12900.0,derived_ohlc4
UPCOM_MFS,MFS,2024-04-25 09:00:00,1427,34,21.72,21.8,21.54,21.8,2201.0,47794.715,derived_ohlc4
UPCOM_MFS,MFS,2024-05-02 09:00:00,1429,35,21.89,22.07,21.89,22.07,2006.0,44091.87999999999,derived_ohlc4
UPCOM_MFS,MFS,2024-05-03 09:00:00,1430,35,21.89,21.89,21.45,21.54,5600.0,121478.00000000001,derived_ohlc4
UPCOM_MFS,MFS,2024-05-06 09:00:00,1431,35,22.15,22.68,21.89,21.89,2003.0,44371.4575,derived_ohlc4
UPCOM_MFS,MFS,2024-05-07 09:00:00,1432,35,21.72,21.89,21.45,21.89,2710.0,58908.625,derived_ohlc4
UPCOM_MFS,MFS,2024-05-08 09:00:00,1433,35,21.89,21.89,21.89,21.89,1801.0,39423.89,derived_ohlc4
UPCOM_MFS,MFS,2024-05-09 09:00:00,1434,35,22.24,22.68,22.15,22.24,3961.0,88439.2275,derived_ohlc4
UPCOM_MFS,MFS,2024-05-10 09:00:00,1435,35,22.24,22.59,21.89,21.98,6200.0,137485.0,derived_ohlc4
UPCOM_MFS,MFS,2024-05-13 09:00:00,1436,35,22.59,22.68,22.24,22.5,7110.0,159992.775,derived_ohlc4
UPCOM_MFS,MFS,2024-05-14 09:00:00,1437,35,22.33,22.5,22.07,22.07,5300.0,117885.25,derived_ohlc4
UPCOM_MFS,MFS,2024-05-15 09:00:00,1438,35,22.24,22.59,22.24,22.33,4506.0,100709.09999999999,derived_ohlc4
UPCOM_MFS,MFS,2024-05-16 09:00:00,1439,35,22.33,22.42,21.89,22.42,12703.0,282832.295,derived_ohlc4
UPCOM_MFS,MFS,2024-05-17 09:00:00,1440,35,22.15,22.33,22.15,22.33,906.0,20149.44,derived_ohlc4
UPCOM_MFS,MFS,2024-05-20 09:00:00,1441,35,22.5,22.5,22.24,22.24,7701.0,172271.36999999997,derived_ohlc4
UPCOM_MFS,MFS,2024-05-21 09:00:00,1442,35,22.42,22.42,22.33,22.42,2000.0,44795.0,derived_ohlc4
UPCOM_MFS,MFS,2024-05-22 09:00:00,1443,35,22.42,22.42,21.89,22.42,4000.0,89150.0,derived_ohlc4
UPCOM_MFS,MFS,2024-05-23 09:00:00,1444,35,22.42,25.66,22.42,25.66,212631.0,5111649.24,derived_ohlc4
UPCOM_MFS,MFS,2024-05-24 09:00:00,1445,35,25.66,27.41,25.66,26.44,53154.0,1397551.545,derived_ohlc4
UPCOM_MFS,MFS,2024-05-27 09:00:00,1446,35,26.71,27.23,24.52,25.13,78826.0,2041396.3349999997,derived_ohlc4
UPCOM_MFS,MFS,2024-05-28 09:00:00,1447,35,24.96,26.01,24.78,25.22,47017.0,1186826.6225,derived_ohlc4
UPCOM_MFS,MFS,2024-05-29 09:00:00,1448,35,25.04,25.39,24.96,25.22,29218.0,734905.745,derived_ohlc4
UPCOM_MFS,MFS,2024-05-30 09:00:00,1449,35,25.22,25.31,24.26,24.78,31746.0,790237.305,derived_ohlc4
UPCOM_MFS,MFS,2024-05-31 09:00:00,1450,35,24.78,25.39,24.61,24.78,22315.0,555420.35,derived_ohlc4
UPCOM_MFS,MFS,2024-06-03 09:00:00,1451,35,24.87,25.48,24.87,25.39,47701.0,1199799.4025,derived_ohlc4
UPCOM_MFS,MFS,2024-06-04 09:00:00,1452,35,25.22,25.31,25.04,25.04,38921.0,978960.4524999999,derived_ohlc4
UPCOM_MFS,MFS,2024-06-05 09:00:00,1453,35,25.31,28.9,25.31,28.9,219101.0,5938732.6049999995,derived_ohlc4
UPCOM_MFS,MFS,2024-06-06 09:00:00,1454,35,28.9,31.96,28.9,31.96,72802.0,2215364.86,derived_ohlc4
UPCOM_MFS,MFS,2024-06-07 09:00:00,1455,35,36.34,36.43,31.96,36.43,230596.0,8137732.840000002,derived_ohlc4
UPCOM_MFS,MFS,2024-06-10 09:00:00,1456,35,39.32,39.32,34.41,35.55,149033.0,5536575.95,derived_ohlc4
UPCOM_MFS,MFS,2024-06-11 09:00:00,1457,35,35.73,35.81,33.36,33.36,64174.0,2218174.31,derived_ohlc4
UPCOM_MFS,MFS,2024-06-12 09:00:00,1458,35,34.24,34.24,32.84,32.92,58365.0,1958729.4000000001,derived_ohlc4
UPCOM_MFS,MFS,2024-06-13 09:00:00,1459,35,32.92,35.64,32.92,33.36,40626.0,1369502.46,derived_ohlc4
UPCOM_MFS,MFS,2024-06-14 09:00:00,1460,35,33.36,38.35,33.27,36.6,414776.0,14680996.520000001,derived_ohlc4
UPCOM_MFS,MFS,2024-06-17 09:00:00,1461,35,36.78,41.51,36.78,41.51,208134.0,8147405.429999999,derived_ohlc4
UPCOM_MFS,MFS,2024-06-18 09:00:00,1462,35,43.78,46.06,43.78,46.06,335517.0,15071423.64,derived_ohlc4
UPCOM_MFS,MFS,2024-06-19 09:00:00,1463,35,49.91,52.8,46.32,52.8,349625.0,17641203.4375,derived_ohlc4
UPCOM_MFS,MFS,2024-06-20 09:00:00,1464,35,56.92,58.06,56.92,58.06,87371.0,5022958.79,derived_ohlc4
UPCOM_MFS,MFS,2024-06-21 09:00:00,1465,35,66.55,66.64,58.32,65.06,382529.0,24536366.3825,derived_ohlc4
UPCOM_MFS,MFS,2024-06-24 09:00:00,1466,35,66.99,66.99,54.64,55.95,411685.0,25171450.1125,derived_ohlc4
UPCOM_MFS,MFS,2024-06-25 09:00:00,1467,35,56.92,56.92,48.51,50.35,319147.0,16970641.724999998,derived_ohlc4
UPCOM_MFS,MFS,2024-06-26 09:00:00,1468,35,50.35,59.54,50.35,54.29,273910.0,14690478.075,derived_ohlc4
UPCOM_MFS,MFS,2024-06-27 09:00:00,1469,35,54.29,54.29,48.69,51.49,150286.0,7843426.34,derived_ohlc4
UPCOM_MFS,MFS,2024-06-28 09:00:00,1470,35,49.56,49.56,43.52,44.4,314823.0,14721123.480000002,derived_ohlc4
UPCOM_MFS,MFS,2024-07-01 09:00:00,1471,35,41.16,43.96,39.4,39.84,255392.0,10494057.280000001,derived_ohlc4
UPCOM_MFS,MFS,2024-07-02 09:00:00,1472,35,39.84,41.07,35.9,38.09,264880.0,10257478.0,derived_ohlc4
UPCOM_MFS,MFS,2024-07-03 09:00:00,1473,35,39.14,40.72,37.83,40.72,336832.0,13339389.28,derived_ohlc4
UPCOM_MFS,MFS,2024-07-04 09:00:00,1474,35,40.72,42.21,39.14,40.45,251775.0,10229618.25,derived_ohlc4
UPCOM_MFS,MFS,2024-07-05 09:00:00,1475,35,40.54,44.66,40.54,42.03,293875.0,12325852.187499998,derived_ohlc4
UPCOM_MFS,MFS,2024-07-08 09:00:00,1476,35,42.73,43.17,40.28,40.89,180935.0,7557202.6125,derived_ohlc4
UPCOM_MFS,MFS,2024-07-09 09:00:00,1477,35,40.89,40.98,37.65,38.35,265471.0,10477476.6925,derived_ohlc4
UPCOM_MFS,MFS,2024-07-10 09:00:00,1478,35,38.35,41.16,38.35,39.75,201842.0,7953079.404999999,derived_ohlc4
UPCOM_MFS,MFS,2024-07-11 09:00:00,1479,35,39.75,40.72,38.44,38.79,96683.0,3811727.275,derived_ohlc4
UPCOM_MFS,MFS,2024-07-12 09:00:00,1480,35,38.79,38.79,35.73,35.9,414428.0,15459200.47,derived_ohlc4
UPCOM_MFS,MFS,2024-07-15 09:00:00,1481,35,36.43,36.43,33.71,33.89,284898.0,10004193.269999998,derived_ohlc4
UPCOM_MFS,MFS,2024-07-16 09:00:00,1482,35,34.15,34.15,30.65,31.17,375054.0,12200506.620000001,derived_ohlc4
UPCOM_MFS,MFS,2024-07-17 09:00:00,1483,35,31.96,31.96,28.46,29.33,217643.0,6622332.382499999,derived_ohlc4
UPCOM_MFS,MFS,2024-07-18 09:00:00,1484,35,29.68,29.68,26.71,28.28,190689.0,5451321.7875,derived_ohlc4
UPCOM_MFS,MFS,2024-07-19 09:00:00,1485,35,28.28,30.82,28.28,30.3,254133.0,7476592.859999999,derived_ohlc4
UPCOM_MFS,MFS,2024-07-22 09:00:00,1486,35,30.3,31.87,29.68,30.21,167950.0,5124994.25,derived_ohlc4
UPCOM_MFS,MFS,2024-07-23 09:00:00,1487,35,29.86,30.56,27.58,28.02,139472.0,4045385.36,derived_ohlc4
UPCOM_MFS,MFS,2024-07-24 09:00:00,1488,35,28.02,30.12,27.76,29.95,167458.0,4850002.325,derived_ohlc4
UPCOM_MFS,MFS,2024-07-25 09:00:00,1489,35,29.86,31.09,29.42,30.21,99879.0,3010852.4550000005,derived_ohlc4
UPCOM_MFS,MFS,2024-07-26 09:00:00,1490,35,30.21,31.0,29.77,30.21,74258.0,2249831.755,derived_ohlc4
UPCOM_MFS,MFS,2024-07-29 09:00:00,1491,35,30.3,30.56,29.16,29.77,111023.0,3324861.2925,derived_ohlc4
UPCOM_MFS,MFS,2024-07-30 09:00:00,1492,35,29.16,31.61,29.16,31.17,227642.0,6891861.55,derived_ohlc4
UPCOM_MFS,MFS,2024-07-31 09:00:00,1493,35,31.17,31.17,29.33,29.6,91331.0,2768927.5925000003,derived_ohlc4
UPCOM_MFS,MFS,2024-08-01 09:00:00,1494,35,30.21,30.21,26.36,27.15,229052.0,6523973.590000001,derived_ohlc4
UPCOM_MFS,MFS,2024-08-02 09:00:00,1495,35,27.15,28.81,25.83,28.2,112858.0,3103312.855,derived_ohlc4
UPCOM_MFS,MFS,2024-08-05 09:00:00,1496,35,27.85,27.85,24.78,25.22,104583.0,2763605.775,derived_ohlc4
UPCOM_MFS,MFS,2024-08-06 09:00:00,1497,35,25.83,26.53,24.52,25.39,175866.0,4496453.955,derived_ohlc4
UPCOM_MFS,MFS,2024-08-07 09:00:00,1498,35,26.18,26.18,25.22,26.09,56317.0,1459595.8475,derived_ohlc4
UPCOM_MFS,MFS,2024-08-08 09:00:00,1499,35,26.09,26.27,25.13,25.22,64271.0,1650318.6024999998,derived_ohlc4
UPCOM_MFS,MFS,2024-08-09 09:00:00,1500,35,25.74,26.62,25.31,26.62,143790.0,3748964.7750000004,derived_ohlc4
UPCOM_MFS,MFS,2024-08-12 09:00:00,1501,35,26.62,26.71,26.09,26.53,50924.0,1348849.45,derived_ohlc4
UPCOM_MFS,MFS,2024-08-13 09:00:00,1502,35,26.62,28.63,26.62,27.85,245342.0,6729731.06,derived_ohlc4
UPCOM_MFS,MFS,2024-08-14 09:00:00,1503,35,27.93,28.72,27.85,27.93,93608.0,2631086.8600000003,derived_ohlc4
UPCOM_MFS,MFS,2024-08-15 09:00:00,1504,35,28.2,28.98,27.5,27.5,87810.0,2462631.45,derived_ohlc4
UPCOM_MFS,MFS,2024-08-16 09:00:00,1505,35,27.76,28.72,27.58,28.11,170484.0,4780797.57,derived_ohlc4
UPCOM_MFS,MFS,2024-08-19 09:00:00,1506,35,28.11,28.9,28.11,28.9,66954.0,1908523.7700000003,derived_ohlc4
UPCOM_MFS,MFS,2024-08-20 09:00:00,1507,35,28.9,30.56,28.81,29.95,241681.0,7142881.955,derived_ohlc4
UPCOM_MFS,MFS,2024-08-21 09:00:00,1508,35,29.95,29.95,28.9,29.33,104571.0,3088243.0575,derived_ohlc4
UPCOM_MFS,MFS,2024-08-22 09:00:00,1509,35,29.33,29.33,28.46,28.55,88396.0,2556191.33,derived_ohlc4
UPCOM_MFS,MFS,2024-08-23 09:00:00,1510,35,28.55,28.72,27.85,28.11,90392.0,2558771.54,derived_ohlc4
UPCOM_MFS,MFS,2024-08-26 09:00:00,1511,35,28.37,28.46,28.02,28.37,43021.0,1217709.405,derived_ohlc4
UPCOM_MFS,MFS,2024-08-27 09:00:00,1512,35,28.28,28.37,27.85,28.02,48706.0,1370099.78,derived_ohlc4
UPCOM_MFS,MFS,2024-08-28 09:00:00,1513,35,27.76,28.02,27.58,27.76,44418.0,1233932.04,derived_ohlc4
UPCOM_MFS,MFS,2024-08-29 09:00:00,1514,35,27.76,27.76,27.15,27.67,66546.0,1835671.4100000001,derived_ohlc4
UPCOM_MFS,MFS,2024-08-30 09:00:00,1515,35,27.5,27.76,27.41,27.5,11100.0,305721.75,derived_ohlc4
UPCOM_MFS,MFS,2024-09-04 09:00:00,1516,35,27.15,27.23,26.71,27.06,59746.0,1615382.475,derived_ohlc4
UPCOM_MFS,MFS,2024-09-05 09:00:00,1517,35,26.88,27.41,26.44,26.44,33685.0,902505.3625,derived_ohlc4
UPCOM_MFS,MFS,2024-09-06 09:00:00,1518,35,26.53,26.62,26.01,26.44,42412.0,1119676.8,derived_ohlc4
UPCOM_MFS,MFS,2024-09-09 09:00:00,1519,35,26.27,26.36,26.09,26.18,22570.0,591898.25,derived_ohlc4
UPCOM_MFS,MFS,2024-09-10 09:00:00,1520,35,26.27,26.27,25.66,26.01,49438.0,1287983.495,derived_ohlc4
UPCOM_MFS,MFS,2024-09-11 09:00:00,1521,35,25.92,25.92,25.57,25.74,14702.0,379127.82499999995,derived_ohlc4
UPCOM_MFS,MFS,2024-09-12 09:00:00,1522,35,25.74,25.92,25.66,25.74,19695.0,507441.67499999993,derived_ohlc4
UPCOM_MFS,MFS,2024-09-13 09:00:00,1523,35,25.74,26.27,25.66,26.01,20608.0,534159.36,derived_ohlc4
UPCOM_MFS,MFS,2024-09-16 09:00:00,1524,35,25.92,26.18,25.39,25.39,25227.0,648838.4400000001,derived_ohlc4
UPCOM_MFS,MFS,2024-09-17 09:00:00,1525,35,25.66,25.83,25.57,25.83,15568.0,400447.88,derived_ohlc4
UPCOM_MFS,MFS,2024-09-18 09:00:00,1526,35,26.01,27.06,25.83,26.53,83646.0,2204699.4450000003,derived_ohlc4
UPCOM_MFS,MFS,2024-09-19 09:00:00,1527,35,26.71,27.5,26.71,26.97,41935.0,1131091.7875,derived_ohlc4
UPCOM_MFS,MFS,2024-09-20 09:00:00,1528,35,26.97,27.5,26.36,26.53,28227.0,757612.68,derived_ohlc4
UPCOM_MFS,MFS,2024-09-23 09:00:00,1529,35,26.71,26.71,25.92,25.92,46473.0,1222936.995,derived_ohlc4
UPCOM_MFS,MFS,2024-09-24 09:00:00,1530,35,26.09,26.71,26.09,26.44,27669.0,728593.9425,derived_ohlc4
UPCOM_MFS,MFS,2024-09-25 09:00:00,1531,35,26.44,26.71,26.09,26.09,30163.0,794267.1975000001,derived_ohlc4
UPCOM_MFS,MFS,2024-09-26 09:00:00,1532,35,26.09,26.44,25.92,26.09,44693.0,1168051.5550000002,derived_ohlc4
UPCOM_MFS,MFS,2024-09-27 09:00:00,1533,35,26.01,26.18,25.66,25.66,65376.0,1691767.44,derived_ohlc4
UPCOM_MFS,MFS,2024-09-30 09:00:00,1534,35,25.66,26.01,25.31,25.39,77975.0,1995575.1875,derived_ohlc4
UPCOM_MFS,MFS,2024-10-01 09:00:00,1535,35,26.09,26.09,25.31,25.57,41886.0,1079192.79,derived_ohlc4
UPCOM_MFS,MFS,2024-10-02 09:00:00,1536,35,25.48,25.66,25.31,25.39,32626.0,830657.9600000001,derived_ohlc4
UPCOM_MFS,MFS,2024-10-03 09:00:00,1537,35,25.39,25.48,25.13,25.13,65883.0,1665686.9475,derived_ohlc4
UPCOM_MFS,MFS,2024-10-04 09:00:00,1538,35,25.22,25.39,25.04,25.04,17122.0,431003.545,derived_ohlc4
UPCOM_MFS,MFS,2024-10-07 09:00:00,1539,35,25.22,25.22,24.87,24.96,49996.0,1253274.7300000002,derived_ohlc4
UPCOM_MFS,MFS,2024-10-08 09:00:00,1540,35,25.04,25.22,24.96,24.96,22543.0,564589.435,derived_ohlc4
UPCOM_MFS,MFS,2024-10-09 09:00:00,1541,35,25.22,26.09,24.96,25.48,35375.0,899851.5625000001,derived_ohlc4
UPCOM_MFS,MFS,2024-10-10 09:00:00,1542,35,25.83,26.09,25.57,25.66,41074.0,1059195.7750000001,derived_ohlc4
UPCOM_MFS,MFS,2024-10-11 09:00:00,1543,35,25.83,25.83,25.39,25.66,12683.0,325667.7325,derived_ohlc4
UPCOM_MFS,MFS,2024-10-14 09:00:00,1544,35,25.57,25.57,25.39,25.48,41438.0,1056772.595,derived_ohlc4
UPCOM_MFS,MFS,2024-10-15 09:00:00,1545,35,25.57,25.57,25.31,25.48,48065.0,1224816.3625,derived_ohlc4
UPCOM_MFS,MFS,2024-10-16 09:00:00,1546,35,25.48,25.48,25.22,25.22,22496.0,570273.6,derived_ohlc4
UPCOM_MFS,MFS,2024-10-17 09:00:00,1547,35,25.31,25.48,25.22,25.22,31534.0,798046.705,derived_ohlc4
UPCOM_MFS,MFS,2024-10-18 09:00:00,1548,35,25.39,25.48,25.31,25.31,20442.0,518664.645,derived_ohlc4
UPCOM_MFS,MFS,2024-10-21 09:00:00,1549,35,25.39,27.32,25.22,27.06,142823.0,3748746.6925000004,derived_ohlc4
UPCOM_MFS,MFS,2024-10-22 09:00:00,1550,35,26.97,27.76,26.27,26.36,79180.0,2125191.2,derived_ohlc4
UPCOM_MFS,MFS,2024-10-23 09:00:00,1551,35,26.01,26.44,25.83,25.92,52799.0,1375413.95,derived_ohlc4
UPCOM_MFS,MFS,2024-10-24 09:00:00,1552,35,26.01,26.01,25.39,25.39,65718.0,1688952.5999999999,derived_ohlc4
UPCOM_MFS,MFS,2024-10-25 09:00:00,1553,35,25.39,25.66,25.04,25.39,69593.0,1765574.4100000001,derived_ohlc4
UPCOM_MFS,MFS,2024-10-28 09:00:00,1554,35,25.31,25.74,25.22,25.39,32600.0,828529.0,derived_ohlc4
UPCOM_MFS,MFS,2024-10-29 09:00:00,1555,35,25.39,25.92,25.39,25.92,55669.0,1428188.195,derived_ohlc4
UPCOM_MFS,MFS,2024-10-30 09:00:00,1556,35,25.83,27.41,25.83,26.71,124353.0,3288515.085,derived_ohlc4
UPCOM_MFS,MFS,2024-10-31 09:00:00,1557,35,26.88,26.88,26.01,26.27,31985.0,847922.35,derived_ohlc4
UPCOM_MFS,MFS,2024-11-01 09:00:00,1558,35,25.74,26.09,25.57,25.74,47142.0,1215556.47,derived_ohlc4
UPCOM_MFS,MFS,2024-11-04 09:00:00,1559,35,25.83,26.09,25.57,26.09,37687.0,975904.8650000001,derived_ohlc4
UPCOM_MFS,MFS,2024-11-05 09:00:00,1560,35,25.66,26.44,25.66,26.27,41060.0,1067867.95,derived_ohlc4
UPCOM_MFS,MFS,2024-11-06 09:00:00,1561,35,26.18,27.15,26.18,27.06,136844.0,3645866.2699999996,derived_ohlc4
UPCOM_MFS,MFS,2024-11-07 09:00:00,1562,35,27.06,29.68,26.27,29.25,428931.0,12037948.514999999,derived_ohlc4
UPCOM_MFS,MFS,2024-11-08 09:00:00,1563,35,29.16,32.66,29.16,32.66,406737.0,12572240.669999998,derived_ohlc4
UPCOM_MFS,MFS,2024-11-11 09:00:00,1564,35,36.34,36.6,32.92,34.33,487348.0,17080329.03,derived_ohlc4
UPCOM_MFS,MFS,2024-11-12 09:00:00,1565,35,34.33,35.03,32.66,33.98,303453.0,10317402.0,derived_ohlc4
UPCOM_MFS,MFS,2024-11-13 09:00:00,1566,35,33.98,36.08,33.71,35.03,216787.0,7522508.9,derived_ohlc4
UPCOM_MFS,MFS,2024-11-14 09:00:00,1567,35,35.2,35.2,32.14,32.22,246634.0,8309099.459999999,derived_ohlc4
UPCOM_MFS,MFS,2024-11-15 09:00:00,1568,35,32.4,33.36,31.09,31.79,244360.0,7858617.6,derived_ohlc4
UPCOM_MFS,MFS,2024-11-18 09:00:00,1569,35,31.79,34.06,31.09,32.84,146141.0,4741544.745,derived_ohlc4
UPCOM_MFS,MFS,2024-11-19 09:00:00,1570,35,32.92,34.06,30.21,30.91,264731.0,8478010.275,derived_ohlc4
UPCOM_MFS,MFS,2024-11-20 09:00:00,1571,35,27.54,32.24,27.54,29.89,109830.0,3218293.5749999997,derived_ohlc4
UPCOM_MFS,MFS,2024-11-21 09:00:00,1572,35,29.79,30.92,29.7,30.64,88227.0,2669969.5875,derived_ohlc4
UPCOM_MFS,MFS,2024-11-22 09:00:00,1573,35,30.64,31.2,30.08,30.26,132825.0,4057139.625,derived_ohlc4
UPCOM_MFS,MFS,2024-11-25 09:00:00,1574,35,30.64,30.73,29.61,29.79,85729.0,2588372.8325,derived_ohlc4
UPCOM_MFS,MFS,2024-11-26 09:00:00,1575,35,29.61,29.98,29.14,29.14,159157.0,4689958.8975,derived_ohlc4
UPCOM_MFS,MFS,2024-11-27 09:00:00,1576,35,29.14,32.9,28.95,32.33,263909.0,8136314.47,derived_ohlc4
UPCOM_MFS,MFS,2024-11-28 09:00:00,1577,35,32.8,34.12,32.33,33.37,230261.0,7634303.454999998,derived_ohlc4
UPCOM_MFS,MFS,2024-11-29 09:00:00,1578,35,33.46,35.34,32.52,33.18,275934.0,9278280.750000002,derived_ohlc4
UPCOM_MFS,MFS,2024-12-02 09:00:00,1579,35,33.84,35.15,32.9,33.27,144763.0,4891541.7700000005,derived_ohlc4
UPCOM_MFS,MFS,2024-12-03 09:00:00,1580,35,33.46,34.78,32.8,34.02,167913.0,5669582.445,derived_ohlc4
UPCOM_MFS,MFS,2024-12-04 09:00:00,1581,35,34.4,34.4,32.71,33.27,88327.0,2976178.265,derived_ohlc4
UPCOM_MFS,MFS,2024-12-05 09:00:00,1582,35,33.27,33.84,32.9,33.46,255009.0,8509012.807500001,derived_ohlc4
UPCOM_MFS,MFS,2024-12-06 09:00:00,1583,35,34.31,36.37,34.31,34.78,179278.0,6264421.515000001,derived_ohlc4
UPCOM_MFS,MFS,2024-12-09 09:00:00,1584,35,34.87,37.6,34.87,35.72,124332.0,4446733.98,derived_ohlc4
UPCOM_MFS,MFS,2024-12-10 09:00:00,1585,35,36.19,38.07,36.0,37.5,411061.0,15184593.34,derived_ohlc4
UPCOM_MFS,MFS,2024-12-11 09:00:00,1586,35,37.5,38.07,36.47,36.56,148508.0,5517072.2,derived_ohlc4
UPCOM_MFS,MFS,2024-12-12 09:00:00,1587,35,37.6,37.6,33.84,33.93,217000.0,7756122.5,derived_ohlc4
UPCOM_MFS,MFS,2024-12-13 09:00:00,1588,35,33.93,34.78,33.55,34.02,102100.0,3478547.0,derived_ohlc4
UPCOM_MFS,MFS,2024-12-16 09:00:00,1589,35,34.02,34.78,33.55,34.31,61868.0,2113720.22,derived_ohlc4
UPCOM_MFS,MFS,2024-12-17 09:00:00,1590,35,34.4,35.9,34.4,35.34,85813.0,3004313.13,derived_ohlc4
UPCOM_MFS,MFS,2024-12-18 09:00:00,1591,35,35.34,35.34,34.4,34.96,54090.0,1893690.9000000004,derived_ohlc4
UPCOM_MFS,MFS,2024-12-19 09:00:00,1592,35,34.78,35.9,33.84,35.81,222776.0,7815539.0200000005,derived_ohlc4
UPCOM_MFS,MFS,2024-12-20 09:00:00,1593,35,35.81,39.1,35.72,38.07,587284.0,21832282.7,derived_ohlc4
UPCOM_MFS,MFS,2024-12-23 09:00:00,1594,35,38.07,40.89,37.78,39.48,338577.0,13223124.735,derived_ohlc4
UPCOM_MFS,MFS,2024-12-24 09:00:00,1595,35,39.48,39.48,36.28,38.07,340563.0,13052928.3825,derived_ohlc4
UPCOM_MFS,MFS,2024-12-25 09:00:00,1596,35,38.07,39.85,36.75,37.69,235752.0,8979793.680000002,derived_ohlc4
UPCOM_MFS,MFS,2024-12-26 09:00:00,1597,35,38.07,38.07,36.66,37.41,130086.0,4885054.515,derived_ohlc4
UPCOM_MFS,MFS,2024-12-27 09:00:00,1598,35,37.31,37.6,35.72,36.19,166437.0,6109070.085,derived_ohlc4
UPCOM_MFS,MFS,2024-12-30 09:00:00,1599,35,36.47,38.25,36.47,37.6,126364.0,4700424.89,derived_ohlc4
UPCOM_MFS,MFS,2024-12-31 09:00:00,1600,35,37.6,38.16,37.41,37.78,185157.0,6987362.2875,derived_ohlc4
UPCOM_MFS,MFS,2025-01-02 09:00:00,1601,35,37.69,38.35,37.69,37.78,89486.0,3389505.965,derived_ohlc4
UPCOM_MFS,MFS,2025-01-03 09:00:00,1602,35,37.78,38.25,36.84,37.22,123972.0,4651739.37,derived_ohlc4
UPCOM_MFS,MFS,2025-01-06 09:00:00,1603,35,37.22,37.5,35.25,35.72,237931.0,8666041.8475,derived_ohlc4
UPCOM_MFS,MFS,2025-01-07 09:00:00,1604,35,36.28,37.78,34.78,35.25,181871.0,6551448.0975,derived_ohlc4
UPCOM_MFS,MFS,2025-01-08 09:00:00,1605,35,35.25,35.9,35.06,35.06,95850.0,3385182.3750000005,derived_ohlc4
UPCOM_MFS,MFS,2025-01-09 09:00:00,1606,35,35.25,35.9,35.25,35.25,61294.0,2170573.775,derived_ohlc4
UPCOM_MFS,MFS,2025-01-10 09:00:00,1607,35,35.53,35.53,34.21,34.31,99481.0,3471389.495,derived_ohlc4
UPCOM_MFS,MFS,2025-01-13 09:00:00,1608,35,35.06,39.95,34.96,39.95,753571.0,28243841.080000002,derived_ohlc4
UPCOM_MFS,MFS,2025-01-14 09:00:00,1609,35,39.95,44.27,39.95,44.27,147367.0,6205624.37,derived_ohlc4
UPCOM_MFS,MFS,2025-01-15 09:00:00,1610,35,50.75,50.75,43.24,44.93,744567.0,35305505.722500004,derived_ohlc4
UPCOM_MFS,MFS,2025-01-16 09:00:00,1611,35,44.27,49.25,43.8,48.22,363875.0,16878341.875,derived_ohlc4
UPCOM_MFS,MFS,2025-01-17 09:00:00,1612,35,49.25,53.39,48.88,53.39,609764.0,31236685.310000002,derived_ohlc4
UPCOM_MFS,MFS,2025-01-20 09:00:00,1613,35,53.57,60.25,53.57,60.25,502574.0,28601486.34,derived_ohlc4
UPCOM_MFS,MFS,2025-01-21 09:00:00,1614,35,62.5,67.49,55.45,58.84,609274.0,37208363.18,derived_ohlc4
UPCOM_MFS,MFS,2025-01-22 09:00:00,1615,35,59.68,61.0,54.51,56.39,460903.0,26683979.185,derived_ohlc4
UPCOM_MFS,MFS,2025-01-23 09:00:00,1616,35,58.74,60.62,55.45,57.33,239081.0,13875065.834999999,derived_ohlc4
UPCOM_MFS,MFS,2025-01-24 09:00:00,1617,35,57.8,57.8,53.67,54.98,326192.0,18287138.999999996,derived_ohlc4
UPCOM_MFS,MFS,2025-02-03 09:00:00,1618,35,54.98,54.98,48.69,49.25,313278.0,16282624.049999999,derived_ohlc4
UPCOM_MFS,MFS,2025-02-04 09:00:00,1619,35,50.38,56.49,50.28,54.51,236815.0,12531065.725,derived_ohlc4
UPCOM_MFS,MFS,2025-02-05 09:00:00,1620,35,55.92,58.09,53.57,56.39,214865.0,12030828.512500001,derived_ohlc4
UPCOM_MFS,MFS,2025-02-06 09:00:00,1621,35,56.49,58.09,55.27,56.49,234541.0,13271502.485000001,derived_ohlc4
UPCOM_MFS,MFS,2025-02-07 09:00:00,1622,35,56.39,56.39,54.51,54.8,221003.0,12270639.067499999,derived_ohlc4
UPCOM_MFS,MFS,2025-02-10 09:00:00,1623,35,58.74,59.21,54.8,56.21,275806.0,15787135.440000001,derived_ohlc4
UPCOM_MFS,MFS,2025-02-11 09:00:00,1624,35,56.86,56.96,53.95,54.23,197757.0,10975513.499999998,derived_ohlc4
UPCOM_MFS,MFS,2025-02-12 09:00:00,1625,35,55.36,57.33,53.95,56.77,187101.0,10450058.6025,derived_ohlc4
UPCOM_MFS,MFS,2025-02-13 09:00:00,1626,35,57.33,58.46,55.64,56.21,206558.0,11755215.780000001,derived_ohlc4
UPCOM_MFS,MFS,2025-02-14 09:00:00,1627,35,57.05,60.25,56.11,59.12,324108.0,18841208.31,derived_ohlc4
UPCOM_MFS,MFS,2025-02-17 09:00:00,1628,35,59.12,61.56,58.37,58.74,264813.0,15742470.8175,derived_ohlc4
UPCOM_MFS,MFS,2025-02-18 09:00:00,1629,35,59.21,59.21,54.14,54.98,441030.0,25087991.55,derived_ohlc4
UPCOM_MFS,MFS,2025-02-19 09:00:00,1630,35,55.45,56.3,53.57,56.02,234373.0,12969029.955,derived_ohlc4
UPCOM_MFS,MFS,2025-02-20 09:00:00,1631,35,56.02,56.77,54.7,55.64,80069.0,4466448.9925,derived_ohlc4
UPCOM_MFS,MFS,2025-02-21 09:00:00,1632,35,55.64,56.58,54.23,55.74,137139.0,7617728.6025,derived_ohlc4
UPCOM_MFS,MFS,2025-02-24 09:00:00,1633,35,55.17,55.17,53.1,53.57,192627.0,10450496.317499999,derived_ohlc4
UPCOM_MFS,MFS,2025-02-25 09:00:00,1634,35,53.57,54.14,51.51,52.54,210475.0,11142546.5,derived_ohlc4
UPCOM_MFS,MFS,2025-02-26 09:00:00,1635,35,52.26,53.48,51.69,51.88,89458.0,4681113.495,derived_ohlc4
UPCOM_MFS,MFS,2025-02-27 09:00:00,1636,35,52.54,52.54,50.1,50.75,160695.0,8272980.3375,derived_ohlc4
UPCOM_MFS,MFS,2025-02-28 09:00:00,1637,35,51.69,56.39,51.69,54.23,287319.0,15371566.499999998,derived_ohlc4
UPCOM_MFS,MFS,2025-03-03 09:00:00,1638,35,55.92,55.92,53.86,54.14,103783.0,5703913.68,derived_ohlc4
UPCOM_MFS,MFS,2025-03-04 09:00:00,1639,35,53.95,53.95,51.69,52.92,145656.0,7738339.14,derived_ohlc4
UPCOM_MFS,MFS,2025-03-05 09:00:00,1640,35,53.86,54.51,50.94,52.16,98491.0,5206972.9425,derived_ohlc4
UPCOM_MFS,MFS,2025-03-06 09:00:00,1641,35,51.98,53.1,51.98,52.63,67329.0,3529554.5025,derived_ohlc4
UPCOM_MFS,MFS,2025-03-07 09:00:00,1642,35,53.1,53.57,52.35,52.63,85339.0,4515499.8375,derived_ohlc4
UPCOM_MFS,MFS,2025-03-10 09:00:00,1643,35,52.73,52.73,51.79,51.98,64769.0,3387904.4675,derived_ohlc4
UPCOM_MFS,MFS,2025-03-11 09:00:00,1644,35,52.16,52.16,49.72,50.75,140981.0,7217874.7475,derived_ohlc4
UPCOM_MFS,MFS,2025-03-12 09:00:00,1645,35,50.75,53.2,50.38,52.82,162981.0,8440378.5375,derived_ohlc4
UPCOM_MFS,MFS,2025-03-13 09:00:00,1646,35,52.35,53.39,50.94,51.69,56257.0,2930567.7725,derived_ohlc4
UPCOM_MFS,MFS,2025-03-14 09:00:00,1647,35,52.16,52.16,49.25,50.1,172223.0,8769164.6025,derived_ohlc4
UPCOM_MFS,MFS,2025-03-17 09:00:00,1648,35,50.75,50.75,46.53,46.9,175719.0,8563226.1675,derived_ohlc4
UPCOM_MFS,MFS,2025-03-18 09:00:00,1649,35,47.0,48.31,46.06,47.0,58135.0,2737722.4875000003,derived_ohlc4
UPCOM_MFS,MFS,2025-03-19 09:00:00,1650,35,47.28,48.31,47.0,47.09,43978.0,2085436.76,derived_ohlc4
UPCOM_MFS,MFS,2025-03-20 09:00:00,1651,35,47.37,48.12,47.0,47.47,20696.0,982853.04,derived_ohlc4
UPCOM_MFS,MFS,2025-03-21 09:00:00,1652,35,47.65,48.69,47.47,47.84,28642.0,1372309.825,derived_ohlc4
UPCOM_MFS,MFS,2025-03-24 09:00:00,1653,35,47.94,49.91,46.62,47.84,50518.0,2428779.145,derived_ohlc4
UPCOM_MFS,MFS,2025-03-25 09:00:00,1654,35,48.69,48.69,47.0,47.65,49702.0,2386068.765,derived_ohlc4
UPCOM_MFS,MFS,2025-03-26 09:00:00,1655,35,47.75,47.75,46.62,47.0,35507.0,1678770.96,derived_ohlc4
UPCOM_MFS,MFS,2025-03-27 09:00:00,1656,35,45.3,47.37,44.65,45.12,138187.0,6302709.07,derived_ohlc4
UPCOM_MFS,MFS,2025-03-28 09:00:00,1657,35,45.4,45.4,43.05,43.14,174402.0,7716852.495,derived_ohlc4
UPCOM_MFS,MFS,2025-03-31 09:00:00,1658,35,43.61,43.61,41.07,41.73,125676.0,5341858.38,derived_ohlc4
UPCOM_MFS,MFS,2025-04-01 09:00:00,1659,35,41.73,43.52,41.36,42.48,32226.0,1362273.585,derived_ohlc4
UPCOM_MFS,MFS,2025-04-02 09:00:00,1660,35,42.67,43.42,42.11,42.77,26109.0,1115963.9324999999,derived_ohlc4
UPCOM_MFS,MFS,2025-04-03 09:00:00,1661,35,42.77,42.77,36.37,36.47,224628.0,8894145.66,derived_ohlc4
UPCOM_MFS,MFS,2025-04-04 09:00:00,1662,35,36.37,42.39,32.43,41.17,178030.0,6781162.7,derived_ohlc4
UPCOM_MFS,MFS,2025-04-08 09:00:00,1663,35,38.82,38.82,33.93,34.4,169471.0,6184420.4675,derived_ohlc4
UPCOM_MFS,MFS,2025-04-09 09:00:00,1664,35,34.78,36.84,33.18,35.72,134285.0,4717432.050000001,derived_ohlc4
UPCOM_MFS,MFS,2025-04-10 09:00:00,1665,35,38.07,41.07,38.07,41.07,27789.0,1099610.73,derived_ohlc4
UPCOM_MFS,MFS,2025-04-11 09:00:00,1666,35,43.24,46.81,40.89,42.01,160041.0,6919772.7375,derived_ohlc4
UPCOM_MFS,MFS,2025-04-14 09:00:00,1667,35,42.11,43.61,41.36,41.83,64940.0,2742253.85,derived_ohlc4
UPCOM_MFS,MFS,2025-04-15 09:00:00,1668,35,41.92,41.92,38.54,39.19,96055.0,3879901.5875,derived_ohlc4
UPCOM_MFS,MFS,2025-04-16 09:00:00,1669,35,39.48,40.51,39.01,39.38,45739.0,1811035.7049999998,derived_ohlc4
UPCOM_MFS,MFS,2025-04-17 09:00:00,1670,35,39.01,39.38,38.54,38.72,50761.0,1975237.4125,derived_ohlc4
UPCOM_MFS,MFS,2025-04-18 09:00:00,1671,35,39.85,41.36,39.38,39.38,72316.0,2892097.63,derived_ohlc4
UPCOM_MFS,MFS,2025-04-21 09:00:00,1672,35,39.95,39.95,36.66,38.72,37506.0,1455982.92,derived_ohlc4
UPCOM_MFS,MFS,2025-04-22 09:00:00,1673,35,38.44,38.54,35.34,36.66,118923.0,4429287.135,derived_ohlc4
UPCOM_MFS,MFS,2025-04-23 09:00:00,1674,35,37.6,40.42,37.6,39.01,42960.0,1660726.2,derived_ohlc4
UPCOM_MFS,MFS,2025-04-24 09:00:00,1675,35,39.38,40.7,38.54,39.01,66716.0,2629110.77,derived_ohlc4
UPCOM_MFS,MFS,2025-04-25 09:00:00,1676,35,39.48,39.57,38.63,39.29,38372.0,1505813.21,derived_ohlc4
UPCOM_MFS,MFS,2025-04-28 09:00:00,1677,35,39.48,39.76,38.54,38.82,45553.0,1783399.95,derived_ohlc4
UPCOM_MFS,MFS,2025-04-29 09:00:00,1678,35,39.1,39.85,38.72,39.01,55271.0,2164965.0700000003,derived_ohlc4
UPCOM_MFS,MFS,2025-05-05 09:00:00,1679,35,39.29,39.66,38.63,39.1,29600.0,1159431.9999999998,derived_ohlc4
UPCOM_MFS,MFS,2025-05-06 09:00:00,1680,35,38.82,40.42,38.82,39.66,98500.0,3883855.0,derived_ohlc4
UPCOM_MFS,MFS,2025-05-07 09:00:00,1681,35,39.48,40.04,38.91,39.19,36000.0,1418580.0,derived_ohlc4
UPCOM_MFS,MFS,2025-05-08 09:00:00,1682,35,39.29,39.48,39.01,39.19,60100.0,2358474.25,derived_ohlc4
UPCOM_MFS,MFS,2025-05-09 09:00:00,1683,35,39.19,39.85,39.19,39.48,61800.0,2436619.4999999995,derived_ohlc4
UPCOM_MFS,MFS,2025-05-12 09:00:00,1684,35,39.38,40.42,39.1,39.57,80600.0,3193170.5,derived_ohlc4
UPCOM_MFS,MFS,2025-05-13 09:00:00,1685,35,39.66,42.2,39.66,41.17,119800.0,4872565.5,derived_ohlc4
UPCOM_MFS,MFS,2025-05-14 09:00:00,1686,35,41.17,42.11,40.79,41.92,156400.0,6490209.0,derived_ohlc4
UPCOM_MFS,MFS,2025-05-15 09:00:00,1687,35,42.3,42.77,41.36,41.83,88700.0,3731165.5,derived_ohlc4
UPCOM_MFS,MFS,2025-05-16 09:00:00,1688,35,42.48,42.48,40.7,40.89,75100.0,3126976.25,derived_ohlc4
UPCOM_MFS,MFS,2025-05-19 09:00:00,1689,35,39.57,40.23,35.43,39.38,66300.0,2562660.7499999995,derived_ohlc4
UPCOM_MFS,MFS,2025-05-20 09:00:00,1690,35,39.38,39.38,38.54,39.19,57400.0,2245631.5,derived_ohlc4
UPCOM_MFS,MFS,2025-05-21 09:00:00,1691,35,39.29,39.95,38.82,39.1,48800.0,1917352.0,derived_ohlc4
UPCOM_MFS,MFS,2025-05-22 09:00:00,1692,35,39.01,39.1,38.72,38.72,57000.0,2216587.5,derived_ohlc4
UPCOM_MFS,MFS,2025-05-23 09:00:00,1693,35,38.72,39.85,38.63,38.91,43000.0,1678182.4999999998,derived_ohlc4
UPCOM_MFS,MFS,2025-05-26 09:00:00,1694,35,39.01,39.01,36.56,38.82,30900.0,1185015.0,derived_ohlc4
UPCOM_MFS,MFS,2025-05-27 09:00:00,1695,35,38.54,39.01,38.54,39.01,37600.0,1457940.0,derived_ohlc4
UPCOM_MFS,MFS,2025-05-28 09:00:00,1696,35,39.19,39.48,39.1,39.48,29900.0,1175443.7499999998,derived_ohlc4
UPCOM_MFS,MFS,2025-05-29 09:00:00,1697,35,39.66,40.7,39.48,39.95,62600.0,2500713.5000000005,derived_ohlc4
UPCOM_MFS,MFS,2025-05-30 09:00:00,1698,35,40.04,40.13,38.54,39.01,50500.0,1991215.0,derived_ohlc4
UPCOM_MFS,MFS,2025-06-02 09:00:00,1699,35,39.19,39.38,38.72,39.01,36800.0,1437959.9999999998,derived_ohlc4
UPCOM_MFS,MFS,2025-06-03 09:00:00,1700,35,39.29,39.38,39.01,39.19,25100.0,984359.25,derived_ohlc4
UPCOM_MFS,MFS,2025-06-04 09:00:00,1701,35,39.19,39.38,38.54,38.72,45200.0,1760878.9999999998,derived_ohlc4
UPCOM_MFS,MFS,2025-06-05 09:00:00,1702,35,39.01,39.29,38.54,38.72,48000.0,1866720.0,derived_ohlc4
UPCOM_MFS,MFS,2025-06-06 09:00:00,1703,35,39.1,39.38,38.35,38.63,33400.0,1298091.0,derived_ohlc4
UPCOM_MFS,MFS,2025-06-09 09:00:00,1704,35,38.63,38.63,37.97,38.16,24300.0,931844.2499999999,derived_ohlc4
UPCOM_MFS,MFS,2025-06-10 09:00:00,1705,35,37.6,38.44,37.6,38.07,43600.0,1653638.9999999998,derived_ohlc4
UPCOM_MFS,MFS,2025-06-11 09:00:00,1706,35,38.16,41.26,32.52,40.13,193600.0,7360188.0,derived_ohlc4
UPCOM_MFS,MFS,2025-06-12 09:00:00,1707,35,39.95,40.89,39.29,39.48,29600.0,1181114.0,derived_ohlc4
UPCOM_MFS,MFS,2025-06-13 09:00:00,1708,35,39.29,39.57,36.75,38.16,78300.0,3010047.7499999995,derived_ohlc4
UPCOM_MFS,MFS,2025-06-16 09:00:00,1709,35,38.16,39.29,38.16,39.01,49700.0,1921153.4999999998,derived_ohlc4
UPCOM_MFS,MFS,2025-06-17 09:00:00,1710,35,38.72,39.19,38.54,38.63,28600.0,1108822.0,derived_ohlc4
UPCOM_MFS,MFS,2025-06-18 09:00:00,1711,35,38.82,38.91,38.35,38.35,43900.0,1694869.2499999998,derived_ohlc4
UPCOM_MFS,MFS,2025-06-19 09:00:00,1712,35,38.54,38.91,38.07,38.54,34500.0,1328767.4999999998,derived_ohlc4
UPCOM_MFS,MFS,2025-06-20 09:00:00,1713,35,38.82,38.82,38.07,38.35,24300.0,935914.5,derived_ohlc4
UPCOM_MFS,MFS,2025-06-23 09:00:00,1714,35,38.35,38.35,37.6,38.07,35000.0,1333237.5,derived_ohlc4
UPCOM_MFS,MFS,2025-06-24 09:00:00,1715,35,38.07,38.44,37.97,38.16,25300.0,965447.9999999999,derived_ohlc4
UPCOM_MFS,MFS,2025-06-25 09:00:00,1716,35,38.16,38.25,37.97,38.16,26200.0,999137.0,derived_ohlc4
UPCOM_MFS,MFS,2025-06-26 09:00:00,1717,35,38.16,38.35,37.88,38.07,21000.0,800414.9999999999,derived_ohlc4
UPCOM_MFS,MFS,2025-06-27 09:00:00,1718,35,38.25,39.48,38.25,38.54,137000.0,5292309.999999999,derived_ohlc4
UPCOM_MFS,MFS,2025-06-30 09:00:00,1719,35,38.54,39.76,38.54,39.19,83700.0,3264927.75,derived_ohlc4
UPCOM_MFS,MFS,2025-07-01 09:00:00,1720,35,39.85,39.85,38.63,39.19,60600.0,2386428.0,derived_ohlc4
UPCOM_MFS,MFS,2025-07-02 09:00:00,1721,35,39.19,39.19,38.72,39.01,40000.0,1561099.9999999998,derived_ohlc4
UPCOM_MFS,MFS,2025-07-03 09:00:00,1722,35,39.01,39.1,38.72,38.91,92300.0,3593700.5,derived_ohlc4
UPCOM_MFS,MFS,2025-07-04 09:00:00,1723,35,40.42,40.42,39.1,39.38,76800.0,3058944.0,derived_ohlc4
UPCOM_MFS,MFS,2025-07-07 09:00:00,1724,35,39.38,40.42,39.19,39.38,50900.0,2015258.25,derived_ohlc4
UPCOM_MFS,MFS,2025-07-08 09:00:00,1725,35,39.38,39.66,39.01,39.57,96700.0,3810463.4999999995,derived_ohlc4
UPCOM_MFS,MFS,2025-07-09 09:00:00,1726,35,39.57,40.23,39.1,40.13,104000.0,4134780.0,derived_ohlc4
UPCOM_MFS,MFS,2025-07-10 09:00:00,1727,35,40.42,45.12,40.23,45.12,454700.0,19425920.75,derived_ohlc4
UPCOM_MFS,MFS,2025-07-11 09:00:00,1728,35,43.24,47.56,43.24,45.96,216700.0,9751500.000000002,derived_ohlc4
UPCOM_MFS,MFS,2025-07-14 09:00:00,1729,35,45.68,46.71,43.99,44.27,190800.0,8617005.0,derived_ohlc4
UPCOM_MFS,MFS,2025-07-15 09:00:00,1730,35,44.46,44.74,43.52,44.18,130700.0,5780207.5,derived_ohlc4
UPCOM_MFS,MFS,2025-07-16 09:00:00,1731,35,44.18,47.0,43.52,45.4,144000.0,6483600.000000001,derived_ohlc4
UPCOM_MFS,MFS,2025-07-17 09:00:00,1732,35,45.68,47.28,45.4,46.06,161300.0,7436736.500000001,derived_ohlc4
UPCOM_MFS,MFS,2025-07-18 09:00:00,1733,35,46.24,46.9,44.74,45.21,112800.0,5163138.0,derived_ohlc4
UPCOM_MFS,MFS,2025-07-21 09:00:00,1734,35,45.3,45.3,43.71,43.8,157600.0,7017534.000000001,derived_ohlc4
UPCOM_MFS,MFS,2025-07-22 09:00:00,1735,35,43.52,44.08,42.67,43.8,125600.0,5465798.0,derived_ohlc4
UPCOM_MFS,MFS,2025-07-23 09:00:00,1736,35,44.08,44.65,43.05,43.8,82000.0,3599389.9999999995,derived_ohlc4
UPCOM_MFS,MFS,2025-07-24 09:00:00,1737,35,43.8,44.65,43.24,44.08,89400.0,3928459.4999999995,derived_ohlc4
UPCOM_MFS,MFS,2025-07-25 09:00:00,1738,35,45.02,45.02,43.71,44.08,81400.0,3618840.4999999995,derived_ohlc4
UPCOM_MFS,MFS,2025-07-28 09:00:00,1739,35,44.18,44.18,43.52,43.71,146100.0,6413424.75,derived_ohlc4
UPCOM_MFS,MFS,2025-07-29 09:00:00,1740,35,44.18,44.18,41.83,42.01,194600.0,8377529.999999999,derived_ohlc4
UPCOM_MFS,MFS,2025-07-30 09:00:00,1741,35,42.01,43.05,41.45,42.67,77400.0,3273633.0,derived_ohlc4
UPCOM_MFS,MFS,2025-07-31 09:00:00,1742,35,44.08,44.08,41.92,42.95,64900.0,2807411.7499999995,derived_ohlc4
UPCOM_MFS,MFS,2025-08-01 09:00:00,1743,35,42.39,44.08,42.39,42.48,49000.0,2098915.0,derived_ohlc4
UPCOM_MFS,MFS,2025-08-04 09:00:00,1744,35,42.48,43.52,42.48,43.05,56200.0,2409996.4999999995,derived_ohlc4
UPCOM_MFS,MFS,2025-08-05 09:00:00,1745,35,43.05,43.89,42.58,43.42,168600.0,7289421.0,derived_ohlc4
UPCOM_MFS,MFS,2025-08-06 09:00:00,1746,35,43.24,45.68,43.24,45.59,299400.0,13304587.5,derived_ohlc4
UPCOM_MFS,MFS,2025-08-07 09:00:00,1747,35,45.87,45.87,44.27,45.21,96600.0,4376463.0,derived_ohlc4
UPCOM_MFS,MFS,2025-08-08 09:00:00,1748,35,45.12,47.0,44.83,45.3,151600.0,6907275.0,derived_ohlc4
UPCOM_MFS,MFS,2025-08-11 09:00:00,1749,35,45.68,45.68,44.46,45.02,95600.0,4322076.0,derived_ohlc4
UPCOM_MFS,MFS,2025-08-12 09:00:00,1750,35,45.12,45.68,44.55,44.74,94900.0,4272635.25,derived_ohlc4
UPCOM_MFS,MFS,2025-08-13 09:00:00,1751,35,45.12,45.12,44.18,44.83,151200.0,6775650.0,derived_ohlc4
UPCOM_MFS,MFS,2025-08-14 09:00:00,1752,35,45.12,45.4,43.61,44.36,91100.0,4065109.75,derived_ohlc4
UPCOM_MFS,MFS,2025-08-15 09:00:00,1753,35,44.36,44.36,42.3,43.14,208900.0,9095505.999999998,derived_ohlc4
UPCOM_MFS,MFS,2025-08-18 09:00:00,1754,35,42.48,43.05,42.2,42.2,69400.0,2948285.5,derived_ohlc4
UPCOM_MFS,MFS,2025-08-19 09:00:00,1755,35,42.11,42.39,41.92,42.3,82500.0,3479850.0,derived_ohlc4
UPCOM_MFS,MFS,2025-08-20 09:00:00,1756,35,42.11,42.11,40.23,40.79,172900.0,7142498.999999999,derived_ohlc4
UPCOM_MFS,MFS,2025-08-21 09:00:00,1757,35,40.79,40.98,39.95,40.23,87300.0,3534558.7499999995,derived_ohlc4
UPCOM_MFS,MFS,2025-08-22 09:00:00,1758,35,39.95,41.73,39.85,40.23,56900.0,2301036.0,derived_ohlc4
UPCOM_MFS,MFS,2025-08-25 09:00:00,1759,35,40.42,40.89,39.38,39.76,35200.0,1411960.0,derived_ohlc4
UPCOM_MFS,MFS,2025-08-26 09:00:00,1760,35,39.29,39.95,39.01,39.85,46400.0,1833960.0,derived_ohlc4
UPCOM_MFS,MFS,2025-08-27 09:00:00,1761,35,39.85,40.6,39.38,39.95,43000.0,1717635.0000000002,derived_ohlc4
UPCOM_MFS,MFS,2025-08-28 09:00:00,1762,35,39.85,40.32,39.57,40.13,10200.0,407668.5,derived_ohlc4
UPCOM_MFS,MFS,2025-08-29 09:00:00,1763,35,40.42,40.6,39.76,39.85,35700.0,1433622.75,derived_ohlc4
UPCOM_MFS,MFS,2025-09-03 09:00:00,1764,35,39.48,40.51,39.48,40.42,19000.0,759477.4999999999,derived_ohlc4
UPCOM_MFS,MFS,2025-09-04 09:00:00,1765,35,40.42,42.2,40.42,41.26,18800.0,772210.0,derived_ohlc4
UPCOM_MFS,MFS,2025-09-05 09:00:00,1766,35,40.79,41.26,40.51,40.51,25000.0,1019187.5,derived_ohlc4
UPCOM_MFS,MFS,2025-09-08 09:00:00,1767,35,40.79,40.79,39.76,39.76,35800.0,1441845.0,derived_ohlc4
UPCOM_MFS,MFS,2025-09-09 09:00:00,1768,35,39.48,39.76,39.38,39.66,33600.0,1329552.0,derived_ohlc4
UPCOM_MFS,MFS,2025-09-10 09:00:00,1769,35,39.48,39.95,39.48,39.95,15900.0,631468.5,derived_ohlc4
UPCOM_MFS,MFS,2025-09-11 09:00:00,1770,35,39.76,40.13,39.1,39.76,15700.0,623093.75,derived_ohlc4
UPCOM_MFS,MFS,2025-09-12 09:00:00,1771,35,39.57,40.42,39.48,39.85,5600.0,223048.0,derived_ohlc4
UPCOM_MFS,MFS,2025-09-15 09:00:00,1772,35,39.95,40.42,39.95,40.13,19700.0,790216.2500000001,derived_ohlc4
UPCOM_MFS,MFS,2025-09-16 09:00:00,1773,35,40.32,40.42,39.66,39.95,30900.0,1238703.7500000002,derived_ohlc4
UPCOM_MFS,MFS,2025-09-17 09:00:00,1774,35,40.23,41.36,40.23,40.7,31900.0,1296096.9999999998,derived_ohlc4
UPCOM_MFS,MFS,2025-09-18 09:00:00,1775,35,40.7,40.7,39.76,39.76,9700.0,390230.99999999994,derived_ohlc4
UPCOM_MFS,MFS,2025-09-19 09:00:00,1776,35,39.76,40.32,39.57,39.57,16600.0,660763.0,derived_ohlc4
UPCOM_MFS,MFS,2025-09-22 09:00:00,1777,35,39.57,39.76,38.82,39.01,56000.0,2200240.0,derived_ohlc4
UPCOM_MFS,MFS,2025-09-23 09:00:00,1778,35,39.38,39.66,39.01,39.19,14100.0,554270.9999999999,derived_ohlc4
UPCOM_MFS,MFS,2025-09-24 09:00:00,1779,35,39.38,39.57,38.91,39.29,9300.0,365373.75,derived_ohlc4
UPCOM_MFS,MFS,2025-09-25 09:00:00,1780,35,39.29,39.48,39.01,39.19,8900.0,349258.25,derived_ohlc4
UPCOM_MFS,MFS,2025-09-26 09:00:00,1781,35,39.1,39.1,38.63,38.82,27200.0,1058420.0,derived_ohlc4
UPCOM_MFS,MFS,2025-09-29 09:00:00,1782,35,38.82,38.82,38.07,38.07,31200.0,1199484.0,derived_ohlc4
UPCOM_MFS,MFS,2025-09-30 09:00:00,1783,35,38.16,38.16,37.31,37.41,41900.0,1582144.0,derived_ohlc4
UPCOM_MFS,MFS,2025-10-01 09:00:00,1784,35,36.84,37.5,36.84,37.31,32500.0,1206481.25,derived_ohlc4
UPCOM_MFS,MFS,2025-10-02 09:00:00,1785,35,38.54,38.54,37.6,37.97,9900.0,377808.75,derived_ohlc4
UPCOM_MFS,MFS,2025-10-03 09:00:00,1786,35,36.66,37.97,36.66,37.41,12300.0,457252.49999999994,derived_ohlc4
UPCOM_MFS,MFS,2025-10-06 09:00:00,1787,35,37.31,38.35,37.13,37.88,20800.0,783483.9999999999,derived_ohlc4
UPCOM_MFS,MFS,2025-10-07 09:00:00,1788,35,37.97,37.97,37.6,37.6,6900.0,260716.49999999997,derived_ohlc4
UPCOM_MFS,MFS,2025-10-08 09:00:00,1789,35,37.88,38.07,37.13,37.6,10800.0,406836.0,derived_ohlc4
UPCOM_MFS,MFS,2025-10-09 09:00:00,1790,35,37.6,37.97,37.31,37.97,9100.0,343183.75,derived_ohlc4
UPCOM_MFS,MFS,2025-10-10 09:00:00,1791,35,37.97,38.35,37.6,37.78,20100.0,762292.5,derived_ohlc4
UPCOM_MFS,MFS,2025-10-13 09:00:00,1792,35,38.07,38.07,37.5,37.6,38200.0,1444342.0,derived_ohlc4
UPCOM_MFS,MFS,2025-10-14 09:00:00,1793,35,37.97,38.07,37.5,37.69,30200.0,1141786.5,derived_ohlc4
UPCOM_MFS,MFS,2025-10-15 09:00:00,1794,35,37.69,37.88,37.13,37.22,10100.0,378547.99999999994,derived_ohlc4
UPCOM_MFS,MFS,2025-10-16 09:00:00,1795,35,37.6,37.6,37.03,37.13,12600.0,470484.00000000006,derived_ohlc4
UPCOM_MFS,MFS,2025-10-17 09:00:00,1796,35,38.07,39.48,37.41,38.54,86200.0,3307925.0,derived_ohlc4
UPCOM_MFS,MFS,2025-10-20 09:00:00,1797,35,38.16,41.36,38.16,39.57,86200.0,3388737.5,derived_ohlc4
UPCOM_MFS,MFS,2025-10-21 09:00:00,1798,35,39.57,39.66,37.88,38.72,64600.0,2516654.4999999995,derived_ohlc4
UPCOM_MFS,MFS,2025-10-22 09:00:00,1799,35,38.72,39.95,38.54,39.29,56000.0,2191000.0,derived_ohlc4
UPCOM_MFS,MFS,2025-10-23 09:00:00,1800,35,39.48,39.48,38.35,38.35,29300.0,1140209.5,derived_ohlc4
UPCOM_MFS,MFS,2025-10-24 09:00:00,1801,35,38.72,38.82,38.25,38.82,34500.0,1333511.2499999998,derived_ohlc4
UPCOM_MFS,MFS,2025-10-27 09:00:00,1802,35,39.01,39.48,38.63,39.38,22200.0,868575.0,derived_ohlc4
UPCOM_MFS,MFS,2025-10-28 09:00:00,1803,35,39.19,39.48,38.54,39.1,37900.0,1481037.2499999998,derived_ohlc4
UPCOM_MFS,MFS,2025-10-29 09:00:00,1804,35,38.82,39.38,38.54,39.1,26200.0,1020752.0,derived_ohlc4
UPCOM_MFS,MFS,2025-10-30 09:00:00,1805,35,39.01,41.26,39.01,40.89,102200.0,4092343.5000000005,derived_ohlc4
UPCOM_MFS,MFS,2025-10-31 09:00:00,1806,35,40.89,41.83,40.6,40.89,57800.0,2372834.4999999995,derived_ohlc4
UPCOM_MFS,MFS,2025-11-03 09:00:00,1807,35,41.26,41.36,39.48,39.76,79000.0,3196734.9999999995,derived_ohlc4
UPCOM_MFS,MFS,2025-11-04 09:00:00,1808,35,39.76,39.76,38.16,39.48,59800.0,2349542.0,derived_ohlc4
UPCOM_MFS,MFS,2025-11-05 09:00:00,1809,35,40.5,40.5,39.1,39.3,34900.0,1390764.9999999998,derived_ohlc4
UPCOM_MFS,MFS,2025-11-06 09:00:00,1810,35,39.0,39.2,38.7,39.0,14900.0,580727.5,derived_ohlc4
UPCOM_MFS,MFS,2025-11-07 09:00:00,1811,35,39.0,39.0,38.2,38.4,48200.0,1862930.0,derived_ohlc4
UPCOM_MFS,MFS,2025-11-10 09:00:00,1812,35,38.2,38.7,37.8,38.5,30000.0,1149000.0,derived_ohlc4
UPCOM_MFS,MFS,2025-11-11 09:00:00,1813,35,38.0,38.0,37.7,37.8,10300.0,390112.5,derived_ohlc4
UPCOM_MFS,MFS,2025-11-12 09:00:00,1814,35,38.0,38.0,37.5,37.8,12500.0,472812.50000000006,derived_ohlc4
UPCOM_MFS,MFS,2025-11-13 09:00:00,1815,35,38.9,38.9,37.8,37.8,5500.0,210924.99999999997,derived_ohlc4
UPCOM_MFS,MFS,2025-11-14 09:00:00,1816,35,37.8,38.1,37.6,37.6,11700.0,441967.5,derived_ohlc4
UPCOM_MFS,MFS,2025-11-17 09:00:00,1817,35,38.0,38.4,37.9,38.4,11100.0,423742.50000000006,derived_ohlc4
UPCOM_MFS,MFS,2025-11-18 09:00:00,1818,35,38.3,38.3,38.0,38.0,13000.0,495950.0,derived_ohlc4
UPCOM_MFS,MFS,2025-11-19 09:00:00,1819,35,37.7,38.4,37.7,38.4,17100.0,650655.0,derived_ohlc4
UPCOM_MFS,MFS,2025-11-20 09:00:00,1820,35,39.0,39.2,38.1,38.1,9900.0,382140.0,derived_ohlc4
UPCOM_MFS,MFS,2025-11-21 09:00:00,1821,35,38.8,39.1,38.1,38.2,8300.0,319965.0,derived_ohlc4
UPCOM_MFS,MFS,2025-11-24 09:00:00,1822,35,38.2,38.4,37.7,37.9,6400.0,243519.99999999997,derived_ohlc4
UPCOM_MFS,MFS,2025-11-25 09:00:00,1823,35,37.9,39.5,37.0,38.0,9800.0,373380.0,derived_ohlc4
UPCOM_MFS,MFS,2025-11-26 09:00:00,1824,35,38.2,38.2,33.0,37.7,11100.0,408202.50000000006,derived_ohlc4
UPCOM_MFS,MFS,2025-11-27 09:00:00,1825,35,38.3,38.3,36.7,37.7,8600.0,324650.0,derived_ohlc4
UPCOM_MFS,MFS,2025-11-28 09:00:00,1826,35,36.8,37.4,36.7,37.4,7200.0,266939.99999999994,derived_ohlc4
UPCOM_MFS,MFS,2025-12-01 09:00:00,1827,35,37.5,38.0,37.1,37.4,18200.0,682500.0,derived_ohlc4
UPCOM_MFS,MFS,2025-12-02 09:00:00,1828,35,38.0,38.0,37.3,37.7,6400.0,241600.0,derived_ohlc4
UPCOM_MFS,MFS,2025-12-03 09:00:00,1829,35,37.5,37.9,37.3,37.3,8900.0,333750.0,derived_ohlc4
UPCOM_MFS,MFS,2025-12-04 09:00:00,1830,35,37.6,37.7,37.0,37.7,16300.0,611250.0,derived_ohlc4
UPCOM_MFS,MFS,2025-12-05 09:00:00,1831,35,37.5,37.5,36.8,36.8,54100.0,2009815.0,derived_ohlc4
UPCOM_MFS,MFS,2025-12-08 09:00:00,1832,35,37.5,37.5,36.7,36.8,15800.0,586575.0,derived_ohlc4
UPCOM_MFS,MFS,2025-12-09 09:00:00,1833,35,37.0,37.0,36.1,36.1,40900.0,1494895.0,derived_ohlc4
UPCOM_MFS,MFS,2025-12-10 09:00:00,1834,35,36.5,37.0,36.4,36.4,12700.0,464502.50000000006,derived_ohlc4
UPCOM_MFS,MFS,2025-12-11 09:00:00,1835,35,36.9,36.9,36.4,36.9,5100.0,187552.5,derived_ohlc4
UPCOM_MFS,MFS,2025-12-12 09:00:00,1836,35,36.6,37.2,36.6,37.1,11900.0,438812.5,derived_ohlc4
UPCOM_MFS,MFS,2025-12-15 09:00:00,1837,35,37.0,37.0,36.1,36.5,5400.0,197910.0,derived_ohlc4
UPCOM_MFS,MFS,2025-12-16 09:00:00,1838,35,36.6,36.6,35.8,36.6,11500.0,418600.0,derived_ohlc4
UPCOM_MFS,MFS,2025-12-17 09:00:00,1839,35,36.2,36.6,36.1,36.2,5100.0,185002.50000000003,derived_ohlc4
UPCOM_MFS,MFS,2025-12-18 09:00:00,1840,35,36.4,36.4,35.8,35.8,4600.0,166059.99999999997,derived_ohlc4
UPCOM_MFS,MFS,2025-12-19 09:00:00,1841,35,36.0,36.0,35.5,35.9,10700.0,383595.0,derived_ohlc4
UPCOM_MFS,MFS,2025-12-22 09:00:00,1842,35,35.8,36.1,35.7,36.1,5200.0,186810.00000000003,derived_ohlc4
UPCOM_MFS,MFS,2025-12-23 09:00:00,1843,35,36.1,36.1,35.7,35.8,1500.0,53887.49999999999,derived_ohlc4
UPCOM_MFS,MFS,2025-12-24 09:00:00,1844,35,35.8,36.1,35.8,36.0,4300.0,154477.5,derived_ohlc4
UPCOM_MFS,MFS,2025-12-25 09:00:00,1845,35,36.2,36.5,35.8,35.9,3600.0,129960.0,derived_ohlc4
UPCOM_MFS,MFS,2025-12-26 09:00:00,1846,35,35.9,36.1,35.5,36.1,5600.0,201040.0,derived_ohlc4
UPCOM_MFS,MFS,2025-12-29 09:00:00,1847,35,36.2,36.2,35.5,35.8,10200.0,366435.0,derived_ohlc4
UPCOM_MFS,MFS,2025-12-30 09:00:00,1848,35,35.8,35.8,35.2,35.3,900.0,31972.5,derived_ohlc4
UPCOM_MFS,MFS,2025-12-31 09:00:00,1849,35,36.0,36.0,35.5,35.9,3500.0,125475.0,derived_ohlc4
UPCOM_MFS,MFS,2026-01-05 09:00:00,1850,35,35.8,35.8,35.2,35.5,8100.0,288157.5,derived_ohlc4
UPCOM_MFS,MFS,2026-01-06 09:00:00,1851,35,35.5,37.5,35.5,37.5,14900.0,543850.0,derived_ohlc4
UPCOM_MFS,MFS,2026-01-07 09:00:00,1852,35,36.1,37.5,36.0,36.7,14200.0,519365.00000000006,derived_ohlc4
UPCOM_MFS,MFS,2026-01-08 09:00:00,1853,35,36.7,37.5,36.5,37.0,13000.0,480024.99999999994,derived_ohlc4
UPCOM_MFS,MFS,2026-01-09 09:00:00,1854,35,37.2,42.4,37.2,42.3,236200.0,9394855.0,derived_ohlc4
UPCOM_MFS,MFS,2026-01-12 09:00:00,1855,35,42.4,46.2,42.0,43.6,129400.0,5635370.0,derived_ohlc4
UPCOM_MFS,MFS,2026-01-13 09:00:00,1856,35,43.6,44.7,40.1,41.0,106100.0,4493335.0,derived_ohlc4
UPCOM_MFS,MFS,2026-01-14 09:00:00,1857,35,41.6,43.4,40.8,42.0,97200.0,4077540.0000000005,derived_ohlc4
UPCOM_MFS,MFS,2026-01-15 09:00:00,1858,35,42.4,43.5,41.4,42.0,68400.0,2895030.0,derived_ohlc4
UPCOM_MFS,MFS,2026-01-16 09:00:00,1859,35,42.2,48.5,42.0,47.2,443700.0,19955407.499999996,derived_ohlc4
UPCOM_MFS,MFS,2026-01-19 09:00:00,1860,35,47.3,52.6,45.6,47.0,145300.0,6992562.5,derived_ohlc4
UPCOM_MFS,MFS,2026-01-20 09:00:00,1861,35,47.0,48.0,43.8,44.8,236500.0,10855350.000000002,derived_ohlc4
UPCOM_MFS,MFS,2026-01-21 09:00:00,1862,35,45.0,45.0,41.2,42.4,134100.0,5819940.0,derived_ohlc4
UPCOM_MFS,MFS,2026-01-22 09:00:00,1863,35,42.0,44.0,42.0,42.0,90000.0,3825000.0,derived_ohlc4
UPCOM_MFS,MFS,2026-01-23 09:00:00,1864,35,43.2,43.7,40.9,40.9,109600.0,4622380.000000001,derived_ohlc4
UPCOM_MFS,MFS,2026-01-26 09:00:00,1865,35,40.9,41.2,39.0,39.2,89500.0,3586712.5000000005,derived_ohlc4
UPCOM_MFS,MFS,2026-01-27 09:00:00,1866,35,40.0,41.2,39.2,39.6,40900.0,1636000.0,derived_ohlc4
UPCOM_MFS,MFS,2026-01-28 09:00:00,1867,35,40.1,41.8,39.6,40.8,40000.0,1623000.0,derived_ohlc4
UPCOM_MFS,MFS,2026-01-29 09:00:00,1868,35,40.6,40.9,39.9,40.4,35000.0,1415750.0,derived_ohlc4
UPCOM_MFS,MFS,2026-01-30 09:00:00,1869,35,40.3,41.3,39.6,40.5,52800.0,2134440.0,derived_ohlc4
UPCOM_MFS,MFS,2026-02-02 09:00:00,1870,35,41.0,41.5,40.1,40.2,29900.0,1216930.0,derived_ohlc4
UPCOM_MFS,MFS,2026-02-03 09:00:00,1871,35,41.0,41.0,40.2,40.6,23200.0,944240.0000000001,derived_ohlc4
UPCOM_MFS,MFS,2026-02-04 09:00:00,1872,35,40.5,40.6,40.0,40.4,42200.0,1703825.0,derived_ohlc4
UPCOM_MFS,MFS,2026-02-05 09:00:00,1873,35,40.5,40.5,39.3,39.4,39900.0,1593007.5,derived_ohlc4
UPCOM_MFS,MFS,2026-02-06 09:00:00,1874,35,39.1,39.2,37.2,37.5,74100.0,2834325.0,derived_ohlc4
UPCOM_MFS,MFS,2026-02-09 09:00:00,1875,35,38.4,38.4,38.0,38.4,15000.0,574500.0,derived_ohlc4
UPCOM_MFS,MFS,2026-02-10 09:00:00,1876,35,38.4,38.5,37.8,37.8,15400.0,587125.0,derived_ohlc4
UPCOM_MFS,MFS,2026-02-11 09:00:00,1877,35,38.1,38.7,38.0,38.5,23900.0,915967.5000000001,derived_ohlc4
UPCOM_MFS,MFS,2026-02-12 09:00:00,1878,35,38.2,39.2,38.2,39.1,14200.0,549185.0000000001,derived_ohlc4
UPCOM_MFS,MFS,2026-02-13 09:00:00,1879,35,38.9,39.3,38.9,39.0,16100.0,628302.5,derived_ohlc4
UPCOM_MFS,MFS,2026-02-23 09:00:00,1880,35,39.4,40.0,39.1,40.0,26000.0,1030250.0,derived_ohlc4
UPCOM_MFS,MFS,2026-02-24 09:00:00,1881,35,40.0,40.1,34.0,39.6,24000.0,922199.9999999999,derived_ohlc4
UPCOM_MFS,MFS,2026-02-25 09:00:00,1882,35,39.0,39.0,38.6,39.0,31200.0,1213680.0,derived_ohlc4
UPCOM_MFS,MFS,2026-02-26 09:00:00,1883,35,39.0,39.8,38.8,39.0,25600.0,1002240.0,derived_ohlc4
UPCOM_MFS,MFS,2026-02-27 09:00:00,1884,35,39.1,39.3,38.2,39.0,45300.0,1762170.0000000002,derived_ohlc4
UPCOM_MFS,MFS,2026-03-02 09:00:00,1885,35,38.8,38.8,37.2,37.8,46300.0,1766345.0,derived_ohlc4
UPCOM_MFS,MFS,2026-03-03 09:00:00,1886,35,37.6,37.8,36.9,37.1,49200.0,1837620.0,derived_ohlc4
UPCOM_MFS,MFS,2026-03-04 09:00:00,1887,35,36.9,36.9,35.9,36.2,61600.0,2246859.9999999995,derived_ohlc4
UPCOM_MFS,MFS,2026-03-05 09:00:00,1888,35,36.6,38.2,36.5,37.8,16100.0,600127.5000000001,derived_ohlc4
UPCOM_MFS,MFS,2026-03-06 09:00:00,1889,35,37.2,37.2,35.0,36.2,13800.0,502320.00000000006,derived_ohlc4
UPCOM_MFS,MFS,2026-03-09 09:00:00,1890,35,35.9,35.9,31.2,31.4,88400.0,2970240.0,derived_ohlc4
UPCOM_MFS,MFS,2026-03-10 09:00:00,1891,35,32.1,34.5,32.1,33.1,22000.0,724899.9999999999,derived_ohlc4
UPCOM_MFS,MFS,2026-03-11 09:00:00,1892,35,34.2,34.5,33.9,34.2,17600.0,601920.0,derived_ohlc4
UPCOM_MFS,MFS,2026-03-12 09:00:00,1893,35,34.2,34.4,33.8,34.2,36400.0,1243060.0,derived_ohlc4
UPCOM_MFS,MFS,2026-03-13 09:00:00,1894,35,34.1,38.5,33.5,38.5,38000.0,1373700.0,derived_ohlc4
UPCOM_MFS,MFS,2026-03-16 09:00:00,1895,35,37.9,37.9,34.5,34.5,8100.0,293220.0,derived_ohlc4
UPCOM_MFS,MFS,2026-03-17 09:00:00,1896,35,35.3,37.2,35.0,35.0,18700.0,666187.5,derived_ohlc4
UPCOM_MFS,MFS,2026-03-18 09:00:00,1897,35,35.0,38.0,35.0,36.0,39800.0,1432800.0,derived_ohlc4
UPCOM_MFS,MFS,2026-03-19 09:00:00,1898,35,36.9,36.9,35.6,35.7,8300.0,301082.50000000006,derived_ohlc4
UPCOM_MFS,MFS,2026-03-20 09:00:00,1899,35,35.2,35.5,34.4,34.5,21100.0,736390.0,derived_ohlc4
UPCOM_MFS,MFS,2026-03-23 09:00:00,1900,35,32.0,34.5,32.0,34.5,20800.0,691600.0,derived_ohlc4
UPCOM_MFS,MFS,2026-03-24 09:00:00,1901,35,33.2,35.5,33.2,35.1,22900.0,784325.0,derived_ohlc4
UPCOM_MFS,MFS,2026-03-25 09:00:00,1902,35,36.2,36.6,35.0,35.4,22500.0,805500.0000000001,derived_ohlc4
UPCOM_MFS,MFS,2026-03-26 09:00:00,1903,35,35.4,37.1,35.4,36.4,29200.0,1053390.0,derived_ohlc4
UPCOM_MFS,MFS,2026-03-27 09:00:00,1904,35,36.2,36.9,36.0,36.8,17100.0,623722.4999999999,derived_ohlc4
UPCOM_MFS,MFS,2026-03-30 09:00:00,1905,35,34.3,36.8,34.3,35.7,18500.0,652587.5,derived_ohlc4
UPCOM_MFS,MFS,2026-03-31 09:00:00,1906,35,36.2,36.9,35.1,36.0,9800.0,353290.0,derived_ohlc4
UPCOM_MFS,MFS,2026-04-01 09:00:00,1907,35,36.0,37.2,35.7,35.8,9800.0,354515.0,derived_ohlc4
UPCOM_MFS,MFS,2026-04-02 09:00:00,1908,35,35.8,36.4,35.0,35.6,8600.0,307019.99999999994,derived_ohlc4
UPCOM_MFS,MFS,2026-04-03 09:00:00,1909,35,36.5,36.5,35.4,35.4,9400.0,337930.0,derived_ohlc4
UPCOM_MFS,MFS,2026-04-06 09:00:00,1910,35,35.6,35.6,34.6,34.7,8100.0,284512.5,derived_ohlc4
UPCOM_MFS,MFS,2026-04-07 09:00:00,1911,35,35.9,36.4,34.7,34.8,4300.0,152435.0,derived_ohlc4
UPCOM_MFS,MFS,2026-04-08 09:00:00,1912,35,36.6,37.3,35.4,36.1,14800.0,537980.0,derived_ohlc4
UPCOM_MFS,MFS,2026-04-09 09:00:00,1913,35,37.0,37.0,35.7,36.4,9300.0,339682.5,derived_ohlc4
UPCOM_MFS,MFS,2026-04-10 09:00:00,1914,35,36.2,36.3,35.8,35.9,20500.0,739024.9999999999,derived_ohlc4
UPCOM_MFS,MFS,2026-04-13 09:00:00,1915,35,35.8,36.2,35.8,36.0,6700.0,240865.00000000003,derived_ohlc4
UPCOM_MFS,MFS,2026-04-14 09:00:00,1916,35,35.9,36.3,35.8,35.8,9200.0,330739.99999999994,derived_ohlc4
UPCOM_MFS,MFS,2026-04-15 09:00:00,1917,35,36.3,36.3,35.5,35.6,8200.0,294585.0,derived_ohlc4
UPCOM_MFS,MFS,2026-04-16 09:00:00,1918,35,35.7,35.8,35.5,35.8,5500.0,196350.00000000003,derived_ohlc4
UPCOM_MFS,MFS,2026-04-17 09:00:00,1919,35,35.5,36.1,34.0,35.5,17800.0,627895.0,derived_ohlc4
UPCOM_MFS,MFS,2026-04-20 09:00:00,1920,35,35.2,35.2,34.9,34.9,12800.0,448640.00000000006,derived_ohlc4
UPCOM_MFS,MFS,2026-04-21 09:00:00,1921,35,35.0,35.5,34.9,34.9,11900.0,417392.50000000006,derived_ohlc4
UPCOM_MFS,MFS,2026-04-22 09:00:00,1922,35,35.0,35.2,34.8,35.2,9200.0,322460.0,derived_ohlc4
UPCOM_MFS,MFS,2026-04-23 09:00:00,1923,35,35.2,35.5,34.7,34.7,5500.0,192637.50000000003,derived_ohlc4
UPCOM_MFS,MFS,2026-04-24 09:00:00,1924,35,35.1,35.2,34.8,34.8,8500.0,297287.5,derived_ohlc4
UPCOM_MFS,MFS,2026-04-28 09:00:00,1925,35,35.1,35.4,34.8,34.9,6000.0,210299.99999999997,derived_ohlc4
UPCOM_MFS,MFS,2026-04-29 09:00:00,1926,35,35.0,35.3,34.6,35.0,8700.0,304282.5,derived_ohlc4
UPCOM_MFS,MFS,2026-05-04 09:00:00,1927,35,35.0,35.0,34.8,34.9,10000.0,349250.0,derived_ohlc4
UPCOM_MFS,MFS,2026-05-05 09:00:00,1928,35,35.1,35.1,34.8,34.8,5600.0,195720.00000000003,derived_ohlc4
UPCOM_MFS,MFS,2026-05-06 09:00:00,1929,35,35.0,35.0,34.7,34.9,4500.0,157050.0,derived_ohlc4
UPCOM_MFS,MFS,2026-05-07 09:00:00,1930,35,35.0,35.8,35.0,35.0,14800.0,520960.00000000006,derived_ohlc4
UPCOM_MFS,MFS,2026-05-08 09:00:00,1931,35,35.5,35.5,34.6,35.2,9100.0,320320.0,derived_ohlc4
UPCOM_MFS,MFS,2026-05-11 09:00:00,1932,35,35.2,35.2,34.5,34.9,2600.0,90870.00000000001,derived_ohlc4
UPCOM_MFS,MFS,2026-05-12 09:00:00,1933,35,35.1,35.1,34.8,34.8,6600.0,230670.00000000003,derived_ohlc4
UPCOM_MFS,MFS,2026-05-13 09:00:00,1934,35,34.9,35.1,34.5,35.0,9600.0,334800.0,derived_ohlc4
UPCOM_MFS,MFS,2026-05-14 09:00:00,1935,35,35.3,36.2,35.3,35.5,16000.0,569200.0,derived_ohlc4
UPCOM_MFS,MFS,2026-05-15 09:00:00,1936,35,35.9,35.9,35.2,35.2,6800.0,241739.99999999997,derived_ohlc4
UPCOM_MFS,MFS,2026-05-18 09:00:00,1937,35,35.1,36.4,35.1,36.3,33000.0,1178924.9999999998,derived_ohlc4
UPCOM_MFS,MFS,2026-05-19 09:00:00,1938,35,36.1,38.5,35.7,36.6,56300.0,2067617.5,derived_ohlc4
UPCOM_MFS,MFS,2026-05-20 09:00:00,1939,35,36.0,37.0,35.6,35.6,14300.0,515514.99999999994,derived_ohlc4
UPCOM_MFS,MFS,2026-05-21 09:00:00,1940,35,35.8,35.8,35.0,35.5,15400.0,547085.0,derived_ohlc4
UPCOM_MFS,MFS,2026-05-22 09:00:00,1941,35,35.6,35.6,34.9,35.6,15900.0,563257.5,derived_ohlc4
UPCOM_MFS,MFS,2026-05-25 09:00:00,1942,35,36.0,36.0,34.9,34.9,6400.0,226880.00000000003,derived_ohlc4
UPCOM_MFS,MFS,2026-05-26 09:00:00,1943,35,35.0,35.1,34.8,35.0,7200.0,251819.99999999997,derived_ohlc4
UPCOM_MFS,MFS,2026-05-27 09:00:00,1944,35,35.0,35.3,34.8,34.8,6200.0,216844.99999999997,derived_ohlc4
UPCOM_MFS,MFS,2026-05-28 09:00:00,1945,35,34.9,35.0,34.8,35.0,6900.0,240982.49999999997,derived_ohlc4
UPCOM_MFS,MFS,2026-05-29 09:00:00,1946,35,34.8,34.8,34.5,34.6,7200.0,249659.99999999997,derived_ohlc4
UPCOM_MFS,MFS,2026-06-01 09:00:00,1947,35,34.6,34.6,34.0,34.4,3000.0,103200.0,derived_ohlc4
UPCOM_MFS,MFS,2026-06-02 09:00:00,1948,35,34.7,34.7,34.2,34.3,8900.0,306827.5,derived_ohlc4
UPCOM_MFS,MFS,2026-06-03 09:00:00,1949,35,34.5,34.5,33.5,34.4,22000.0,752950.0,derived_ohlc4
UPCOM_MFS,MFS,2026-06-04 09:00:00,1950,35,36.0,36.0,34.1,34.5,4200.0,147630.0,derived_ohlc4
UPCOM_MFS,MFS,2026-06-05 09:00:00,1951,35,34.3,34.9,34.3,34.6,2100.0,72502.5,derived_ohlc4
UPCOM_MFS,MFS,2026-06-08 09:00:00,1952,35,34.2,34.5,34.2,34.3,10000.0,343000.0,derived_ohlc4
UPCOM_MFS,MFS,2026-06-09 09:00:00,1953,35,34.2,34.2,33.6,34.0,3700.0,125800.0,derived_ohlc4
UPCOM_MFS,MFS,2026-06-10 09:00:00,1954,35,34.0,34.5,34.0,34.1,4500.0,153675.0,derived_ohlc4
UPCOM_MFS,MFS,2026-06-11 09:00:00,1955,35,34.0,34.0,34.0,34.0,100.0,3400.0,derived_ohlc4
UPCOM_MFS,MFS,2026-06-12 09:00:00,1956,35,34.0,34.0,33.9,34.0,2700.0,91732.5,derived_ohlc4
UPCOM_MFS,MFS,2026-06-15 09:00:00,1957,35,34.0,34.0,34.0,34.0,3000.0,102000.0,derived_ohlc4
UPCOM_MFS,MFS,2026-06-16 09:00:00,1958,35,34.4,34.4,34.0,34.0,3400.0,116280.00000000001,derived_ohlc4
UPCOM_MFS,MFS,2026-06-17 09:00:00,1959,35,33.5,34.5,33.5,34.5,8800.0,299200.0,derived_ohlc4
UPCOM_MFS,MFS,2026-06-18 09:00:00,1960,35,33.9,34.0,33.5,33.9,6300.0,213097.50000000003,derived_ohlc4
UPCOM_MFS,MFS,2026-06-19 09:00:00,1961,35,33.9,33.9,33.6,33.8,6100.0,206179.99999999997,derived_ohlc4
UPCOM_MFS,MFS,2026-06-22 09:00:00,1962,35,33.7,33.8,33.7,33.8,5300.0,178875.0,derived_ohlc4
UPCOM_MFS,MFS,2026-06-23 09:00:00,1963,35,33.7,33.7,33.0,33.6,9500.0,318250.0,derived_ohlc4
UPCOM_MFS,MFS,2026-06-24 09:00:00,1964,35,33.5,34.0,33.3,33.3,4900.0,164272.5,derived_ohlc4
UPCOM_MFS,MFS,2026-06-25 09:00:00,1965,35,33.3,33.4,33.2,33.2,7200.0,239580.0,derived_ohlc4
UPCOM_MFS,MFS,2026-06-26 09:00:00,1966,35,33.3,33.3,33.2,33.2,8400.0,279300.0,derived_ohlc4
UPCOM_MFS,MFS,2026-06-29 09:00:00,1967,35,33.3,33.3,33.0,33.2,3300.0,109560.00000000001,derived_ohlc4
UPCOM_MFS,MFS,2026-06-30 09:00:00,1968,35,33.2,33.3,33.2,33.3,8500.0,282625.0,derived_ohlc4
UPCOM_MFS,MFS,2026-07-01 09:00:00,1969,35,33.3,33.6,33.3,33.5,4100.0,137042.5,derived_ohlc4
UPCOM_MFS,MFS,2026-07-02 09:00:00,1970,35,33.5,33.5,33.2,33.4,6400.0,213760.0,derived_ohlc4
UPCOM_MFS,MFS,2026-07-03 09:00:00,1971,35,33.3,33.3,33.0,33.0,3300.0,109395.0,derived_ohlc4
UPCOM_MFS,MFS,2026-07-06 09:00:00,1972,35,33.1,33.1,32.9,32.9,3100.0,102300.0,derived_ohlc4
UPCOM_MFS,MFS,2026-07-07 09:00:00,1973,35,32.9,33.0,32.3,32.8,2900.0,94975.0,derived_ohlc4
UPCOM_MFS,MFS,2026-07-08 09:00:00,1974,35,32.8,32.8,32.8,32.8,600.0,19680.0,derived_ohlc4
UPCOM_MFS,MFS,2026-07-09 09:00:00,1975,35,32.8,32.8,32.6,32.6,7000.0,228899.99999999997,derived_ohlc4
UPCOM_MFS,MFS,2026-07-10 09:00:00,1976,35,32.6,32.6,32.4,32.4,2500.0,81250.0,derived_ohlc4
UPCOM_MFS,MFS,2026-07-13 09:00:00,1977,35,32.1,32.3,32.0,32.3,2200.0,70785.0,derived_ohlc4
UPCOM_MFS,MFS,2026-07-14 09:00:00,1978,35,32.3,32.3,31.8,32.0,3600.0,115559.99999999999,derived_ohlc4
UPCOM_MFS,MFS,2026-07-15 09:00:00,1979,35,32.0,32.0,31.7,32.0,2200.0,70235.0,derived_ohlc4
UPCOM_MFS,MFS,2026-07-16 09:00:00,1980,35,31.8,31.9,31.8,31.9,1900.0,60515.0,derived_ohlc4
UPCOM_MFS,MFS,2026-07-17 09:00:00,1981,35,31.5,31.5,31.5,31.5,2100.0,66150.0,derived_ohlc4
UPCOM_MFS,MFS,2026-07-20 09:00:00,1982,35,30.5,31.0,30.0,31.0,8200.0,251125.0,derived_ohlc4
UPCOM_MFS,MFS,2026-07-21 09:00:00,1983,35,30.0,31.1,30.0,31.1,2600.0,79429.99999999999,derived_ohlc4
UPCOM_MFS,MFS,2026-07-22 09:00:00,1984,35,27.1,31.9,26.3,30.0,1500.0,43237.5,derived_ohlc4
UPCOM_MFS,MFS,2026-07-23 09:00:00,1985,35,31.5,31.5,28.5,30.0,8600.0,261225.0,derived_ohlc4
UPCOM_MFS,MFS,2026-07-24 09:00:00,1986,35,29.9,30.9,29.3,29.9,4500.0,135000.0,derived_ohlc4
UPCOM_MFS,MFS,2026-07-27 09:00:00,1987,35,29.9,30.0,29.3,29.3,4100.0,121462.5,derived_ohlc4
UPCOM_MFS,MFS,2026-07-28 09:00:00,1988,35,29.9,29.9,29.7,29.8,2600.0,77545.0,derived_ohlc4
UPCOM_MFS,MFS,2026-07-29 09:00:00,1989,35,30.0,30.7,29.9,30.7,1900.0,57617.5,derived_ohlc4
UPCOM_MFS,MFS,2026-07-30 09:00:00,1990,35,30.7,31.0,30.6,30.7,4000.0,123000.00000000001,derived_ohlc4
UPCOM_MFS,MFS,2026-07-31 09:00:00,1991,35,30.7,31.7,30.7,31.4,2200.0,68475.0,derived_ohlc4
UPCOM_MFS,MFS,2026-08-03 09:00:00,1992,35,31.0,31.5,30.0,31.5,3300.0,102300.0,derived_ohlc4
UPCOM_MFS,MFS,2026-08-04 09:00:00,1993,35,32.0,32.0,30.1,31.5,1700.0,53380.0,derived_ohlc4
UPCOM_MFS,MFS,2026-08-05 09:00:00,1994,35,30.7,31.3,30.6,31.2,2400.0,74280.0,derived_ohlc4
UPCOM_MFS,MFS,2026-08-06 09:00:00,1995,35,30.9,30.9,30.5,30.5,2400.0,73680.0,derived_ohlc4
UPCOM_MFS,MFS,2026-08-07 09:00:00,1996,35,32.3,32.3,30.0,30.4,9200.0,287500.0,derived_ohlc4
