security_id,symbol,timestamps,session_id,segment_id,open,high,low,close,volume,amount,amount_source
HOSE_NLG,NLG,2018-08-09 09:00:00,0,0,17.57,17.75,17.39,17.66,345870,6084717.975000001,derived_ohlc4
HOSE_NLG,NLG,2018-08-10 09:00:00,1,0,17.57,17.72,17.33,17.36,163400,2858682.9999999995,derived_ohlc4
HOSE_NLG,NLG,2018-08-13 09:00:00,2,0,17.36,17.51,17.27,17.3,399670,6938271.2,derived_ohlc4
HOSE_NLG,NLG,2018-08-14 09:00:00,3,0,17.45,17.45,17.24,17.36,389750,6771906.25,derived_ohlc4
HOSE_NLG,NLG,2018-08-15 09:00:00,4,0,17.36,17.42,17.15,17.39,354400,6141751.999999999,derived_ohlc4
HOSE_NLG,NLG,2018-08-16 09:00:00,5,0,17.1,17.39,17.07,17.39,230200,3968072.5,derived_ohlc4
HOSE_NLG,NLG,2018-08-17 09:00:00,6,0,17.27,17.54,17.18,17.33,279230,4839055.899999999,derived_ohlc4
HOSE_NLG,NLG,2018-08-20 09:00:00,7,0,17.36,17.51,17.1,17.51,420770,7308774.9,derived_ohlc4
HOSE_NLG,NLG,2018-08-21 09:00:00,8,0,17.51,18.23,17.1,18.14,977600,17347512.0,derived_ohlc4
HOSE_NLG,NLG,2018-08-22 09:00:00,9,0,18.43,18.46,17.99,18.14,681820,12446624.1,derived_ohlc4
HOSE_NLG,NLG,2018-08-23 09:00:00,10,0,17.9,18.17,17.87,17.87,407020,7307026.55,derived_ohlc4
HOSE_NLG,NLG,2018-08-24 09:00:00,11,0,17.75,18.17,17.72,18.05,342740,6142757.649999999,derived_ohlc4
HOSE_NLG,NLG,2018-08-27 09:00:00,12,0,18.05,18.08,17.87,18.05,539000,9708737.5,derived_ohlc4
HOSE_NLG,NLG,2018-08-28 09:00:00,13,0,18.11,18.88,17.93,18.88,1408130,25979998.5,derived_ohlc4
HOSE_NLG,NLG,2018-08-29 09:00:00,14,0,18.88,19.3,18.64,19.06,687900,13049463.0,derived_ohlc4
HOSE_NLG,NLG,2018-08-30 09:00:00,15,0,18.88,19.0,18.88,19.0,452470,8569781.799999999,derived_ohlc4
HOSE_NLG,NLG,2018-08-31 09:00:00,16,0,18.82,18.94,18.46,18.46,640110,11950853.700000001,derived_ohlc4
HOSE_NLG,NLG,2018-09-04 09:00:00,17,0,18.46,18.67,17.96,18.05,565360,10337607.6,derived_ohlc4
HOSE_NLG,NLG,2018-09-05 09:00:00,18,0,17.96,18.14,17.75,17.87,389000,6974770.0,derived_ohlc4
HOSE_NLG,NLG,2018-09-06 09:00:00,19,0,17.78,17.99,17.69,17.93,201230,3591452.4249999993,derived_ohlc4
HOSE_NLG,NLG,2018-09-07 09:00:00,20,0,17.78,18.05,17.78,18.05,144180,2582984.6999999997,derived_ohlc4
HOSE_NLG,NLG,2018-09-10 09:00:00,21,0,18.14,18.26,17.96,18.26,298060,5411279.300000001,derived_ohlc4
HOSE_NLG,NLG,2018-09-11 09:00:00,22,0,18.29,18.64,18.29,18.46,505220,9306152.4,derived_ohlc4
HOSE_NLG,NLG,2018-09-12 09:00:00,23,0,18.46,18.67,18.29,18.29,278280,5128004.7,derived_ohlc4
HOSE_NLG,NLG,2018-09-13 09:00:00,24,0,18.4,18.52,18.14,18.35,398610,7315490.024999999,derived_ohlc4
HOSE_NLG,NLG,2018-09-14 09:00:00,25,0,18.46,18.46,18.17,18.23,328900,6028737.000000001,derived_ohlc4
HOSE_NLG,NLG,2018-09-17 09:00:00,26,0,18.23,18.58,18.23,18.4,831080,15258628.799999999,derived_ohlc4
HOSE_NLG,NLG,2018-09-18 09:00:00,27,0,18.4,18.97,18.35,18.91,1352550,25235201.625,derived_ohlc4
HOSE_NLG,NLG,2018-09-19 09:00:00,28,0,19.18,19.18,18.85,18.97,1107700,21096146.500000004,derived_ohlc4
HOSE_NLG,NLG,2018-09-20 09:00:00,29,0,19.03,19.42,18.94,19.3,1194620,22903851.95,derived_ohlc4
HOSE_NLG,NLG,2018-09-21 09:00:00,30,0,19.39,19.6,18.88,19.3,765880,14775739.9,derived_ohlc4
HOSE_NLG,NLG,2018-09-24 09:00:00,31,0,19.48,19.48,19.09,19.24,395530,7642628.424999999,derived_ohlc4
HOSE_NLG,NLG,2018-09-25 09:00:00,32,0,19.18,19.27,18.94,18.94,508270,9699062.275,derived_ohlc4
HOSE_NLG,NLG,2018-09-26 09:00:00,33,0,18.85,19.36,18.76,18.94,604940,11480248.85,derived_ohlc4
HOSE_NLG,NLG,2018-09-27 09:00:00,34,0,19.12,19.12,18.85,19.06,361450,6881104.375000001,derived_ohlc4
HOSE_NLG,NLG,2018-09-28 09:00:00,35,0,19.18,19.89,19.18,19.42,1681490,32650332.075,derived_ohlc4
HOSE_NLG,NLG,2018-10-01 09:00:00,36,0,19.42,19.72,19.36,19.45,760440,14819074.5,derived_ohlc4
HOSE_NLG,NLG,2018-10-02 09:00:00,37,0,19.42,19.48,19.06,19.09,619470,11932540.875000002,derived_ohlc4
HOSE_NLG,NLG,2018-10-03 09:00:00,38,0,19.06,19.12,18.88,18.94,581410,11046790.0,derived_ohlc4
HOSE_NLG,NLG,2018-10-04 09:00:00,39,0,18.94,19.12,18.88,19.06,461430,8767170.0,derived_ohlc4
HOSE_NLG,NLG,2018-10-05 09:00:00,40,0,19.12,19.36,18.94,18.94,403520,7703196.8,derived_ohlc4
HOSE_NLG,NLG,2018-10-08 09:00:00,41,0,19.0,19.36,18.82,19.3,554790,10607584.8,derived_ohlc4
HOSE_NLG,NLG,2018-10-09 09:00:00,42,0,19.36,19.89,19.36,19.54,892670,17440540.125,derived_ohlc4
HOSE_NLG,NLG,2018-10-10 09:00:00,43,0,19.54,19.6,19.24,19.3,357120,6935270.399999999,derived_ohlc4
HOSE_NLG,NLG,2018-10-11 09:00:00,44,0,18.76,18.82,17.96,17.96,1222770,22468398.75,derived_ohlc4
HOSE_NLG,NLG,2018-10-12 09:00:00,45,0,17.57,18.4,17.57,18.23,869720,15604951.1,derived_ohlc4
HOSE_NLG,NLG,2018-10-15 09:00:00,46,0,18.23,18.43,17.93,18.14,492510,8955063.075,derived_ohlc4
HOSE_NLG,NLG,2018-10-16 09:00:00,47,0,18.23,18.29,18.05,18.29,261640,4765772.599999999,derived_ohlc4
HOSE_NLG,NLG,2018-10-17 09:00:00,48,0,18.29,18.64,18.29,18.58,542010,10000084.5,derived_ohlc4
HOSE_NLG,NLG,2018-10-18 09:00:00,49,0,18.58,18.64,18.29,18.46,272370,5036802.225,derived_ohlc4
HOSE_NLG,NLG,2018-10-19 09:00:00,50,0,18.46,18.46,18.08,18.35,326350,5984443.125,derived_ohlc4
HOSE_NLG,NLG,2018-10-22 09:00:00,51,0,18.82,18.91,18.52,18.58,808570,15126323.275,derived_ohlc4
HOSE_NLG,NLG,2018-10-23 09:00:00,52,0,18.58,18.64,17.6,18.17,570550,10411111.125000002,derived_ohlc4
HOSE_NLG,NLG,2018-10-24 09:00:00,53,0,18.17,18.23,17.57,17.75,258650,4637594.5,derived_ohlc4
HOSE_NLG,NLG,2018-10-25 09:00:00,54,0,17.0,17.57,16.74,17.3,591920,10152907.8,derived_ohlc4
HOSE_NLG,NLG,2018-10-26 09:00:00,55,0,17.57,17.57,16.98,16.98,234340,4048223.5000000005,derived_ohlc4
HOSE_NLG,NLG,2018-10-29 09:00:00,56,0,16.8,16.98,16.08,16.23,617700,10205948.25,derived_ohlc4
HOSE_NLG,NLG,2018-10-30 09:00:00,57,0,16.23,16.44,16.11,16.32,222100,3614677.4999999995,derived_ohlc4
HOSE_NLG,NLG,2018-10-31 09:00:00,58,0,16.5,17.27,16.44,17.15,400740,6748461.599999999,derived_ohlc4
HOSE_NLG,NLG,2018-11-01 09:00:00,59,0,17.15,17.27,16.8,16.86,317390,5401977.8,derived_ohlc4
HOSE_NLG,NLG,2018-11-02 09:00:00,60,0,16.95,17.27,16.86,16.95,347830,5915718.725000001,derived_ohlc4
HOSE_NLG,NLG,2018-11-05 09:00:00,61,0,16.92,17.04,16.68,17.04,332710,5629453.2,derived_ohlc4
HOSE_NLG,NLG,2018-11-06 09:00:00,62,0,17.1,17.21,16.68,17.0,343170,5833032.075000001,derived_ohlc4
HOSE_NLG,NLG,2018-11-07 09:00:00,63,0,16.86,17.0,16.8,17.0,344570,5828401.55,derived_ohlc4
HOSE_NLG,NLG,2018-11-08 09:00:00,64,0,17.1,17.24,17.0,17.1,156960,2685585.6,derived_ohlc4
HOSE_NLG,NLG,2018-11-09 09:00:00,65,0,17.15,17.15,16.86,16.92,209760,3570115.1999999997,derived_ohlc4
HOSE_NLG,NLG,2018-11-12 09:00:00,66,0,16.68,16.86,16.44,16.86,394310,6588920.100000001,derived_ohlc4
HOSE_NLG,NLG,2018-11-13 09:00:00,67,0,16.08,16.86,16.08,16.68,259170,4256867.249999999,derived_ohlc4
HOSE_NLG,NLG,2018-11-14 09:00:00,68,0,16.68,16.8,16.38,16.68,260410,4331920.35,derived_ohlc4
HOSE_NLG,NLG,2018-11-15 09:00:00,69,0,16.68,16.68,16.38,16.44,167550,2772114.7499999995,derived_ohlc4
HOSE_NLG,NLG,2018-11-16 09:00:00,70,0,16.47,16.92,16.44,16.89,210720,3514809.6,derived_ohlc4
HOSE_NLG,NLG,2018-11-19 09:00:00,71,0,16.89,17.04,16.68,17.04,215630,3646842.3750000005,derived_ohlc4
HOSE_NLG,NLG,2018-11-20 09:00:00,72,0,16.86,17.1,16.8,16.95,205990,3486895.7250000006,derived_ohlc4
HOSE_NLG,NLG,2018-11-21 09:00:00,73,0,16.74,16.89,16.62,16.68,328010,5488427.325,derived_ohlc4
HOSE_NLG,NLG,2018-11-22 09:00:00,74,0,16.74,16.89,16.59,16.59,204300,3412320.75,derived_ohlc4
HOSE_NLG,NLG,2018-11-23 09:00:00,75,0,16.68,16.68,16.38,16.38,179390,2965316.6999999997,derived_ohlc4
HOSE_NLG,NLG,2018-11-26 09:00:00,76,0,16.32,16.47,16.2,16.38,175530,2868599.0249999994,derived_ohlc4
HOSE_NLG,NLG,2018-11-27 09:00:00,77,0,16.29,16.5,16.2,16.44,345480,5651189.1,derived_ohlc4
HOSE_NLG,NLG,2018-11-28 09:00:00,78,0,16.38,16.83,16.29,16.8,654380,10846348.5,derived_ohlc4
HOSE_NLG,NLG,2018-11-29 09:00:00,79,0,16.86,17.1,16.8,16.98,639880,10836367.8,derived_ohlc4
HOSE_NLG,NLG,2018-11-30 09:00:00,80,0,16.98,16.98,16.74,16.98,241220,4081442.4000000004,derived_ohlc4
HOSE_NLG,NLG,2018-12-03 09:00:00,81,0,17.15,17.39,16.98,17.33,561670,9667744.875,derived_ohlc4
HOSE_NLG,NLG,2018-12-04 09:00:00,82,0,17.33,17.51,17.18,17.51,313760,5453933.2,derived_ohlc4
HOSE_NLG,NLG,2018-12-05 09:00:00,83,0,17.21,17.63,17.21,17.39,865740,15029246.4,derived_ohlc4
HOSE_NLG,NLG,2018-12-06 09:00:00,84,0,17.39,17.39,17.15,17.39,306750,5315977.499999999,derived_ohlc4
HOSE_NLG,NLG,2018-12-07 09:00:00,85,0,17.21,17.57,17.21,17.54,561750,9764619.375,derived_ohlc4
HOSE_NLG,NLG,2018-12-10 09:00:00,86,0,17.66,17.66,17.27,17.27,263250,4597661.25,derived_ohlc4
HOSE_NLG,NLG,2018-12-11 09:00:00,87,0,17.39,17.39,17.09,17.15,85230,1470643.6500000001,derived_ohlc4
HOSE_NLG,NLG,2018-12-12 09:00:00,88,0,16.91,17.27,16.91,17.03,141840,2415535.2,derived_ohlc4
HOSE_NLG,NLG,2018-12-13 09:00:00,89,0,17.03,17.21,17.03,17.21,459800,7871776.0,derived_ohlc4
HOSE_NLG,NLG,2018-12-14 09:00:00,90,0,17.03,17.21,17.03,17.06,222070,3793510.775,derived_ohlc4
HOSE_NLG,NLG,2018-12-17 09:00:00,91,0,16.88,17.09,16.49,16.76,428420,7199598.1,derived_ohlc4
HOSE_NLG,NLG,2018-12-18 09:00:00,92,0,16.43,16.61,16.22,16.49,207170,3405356.875,derived_ohlc4
HOSE_NLG,NLG,2018-12-19 09:00:00,93,0,16.55,16.55,16.13,16.22,164370,2689504.125,derived_ohlc4
HOSE_NLG,NLG,2018-12-20 09:00:00,94,0,16.25,16.43,16.01,16.37,337460,5488786.9,derived_ohlc4
HOSE_NLG,NLG,2018-12-21 09:00:00,95,0,16.19,16.37,16.01,16.19,171760,2780794.4000000004,derived_ohlc4
HOSE_NLG,NLG,2018-12-24 09:00:00,96,0,16.19,16.25,15.59,15.89,337540,5393889.2,derived_ohlc4
HOSE_NLG,NLG,2018-12-25 09:00:00,97,0,15.23,15.59,14.81,14.99,477710,7239695.050000001,derived_ohlc4
HOSE_NLG,NLG,2018-12-26 09:00:00,98,0,15.14,15.29,14.57,14.99,326140,4891284.65,derived_ohlc4
HOSE_NLG,NLG,2018-12-27 09:00:00,99,0,15.5,15.5,15.05,15.29,660210,10124320.35,derived_ohlc4
HOSE_NLG,NLG,2018-12-28 09:00:00,100,0,15.23,15.47,15.2,15.47,327720,5028044.100000001,derived_ohlc4
HOSE_NLG,NLG,2019-01-02 09:00:00,101,0,15.29,15.53,15.29,15.47,150660,2319410.6999999997,derived_ohlc4
HOSE_NLG,NLG,2019-01-03 09:00:00,102,0,15.29,15.29,14.93,15.2,416510,6321580.524999999,derived_ohlc4
HOSE_NLG,NLG,2019-01-04 09:00:00,103,0,14.99,15.29,14.69,15.29,194660,2932552.9,derived_ohlc4
HOSE_NLG,NLG,2019-01-07 09:00:00,104,0,15.29,15.53,14.99,15.17,179530,2736934.85,derived_ohlc4
HOSE_NLG,NLG,2019-01-08 09:00:00,105,0,15.17,15.44,15.02,15.02,68530,1039086.1249999999,derived_ohlc4
HOSE_NLG,NLG,2019-01-09 09:00:00,106,0,15.02,15.23,15.02,15.14,175780,2654717.4499999997,derived_ohlc4
HOSE_NLG,NLG,2019-01-10 09:00:00,107,0,15.17,15.2,15.11,15.17,140270,2126843.875,derived_ohlc4
HOSE_NLG,NLG,2019-01-11 09:00:00,108,0,15.17,15.26,14.99,15.26,252410,3829059.7,derived_ohlc4
HOSE_NLG,NLG,2019-01-14 09:00:00,109,0,15.17,15.29,15.08,15.26,68620,1043024.0,derived_ohlc4
HOSE_NLG,NLG,2019-01-15 09:00:00,110,0,15.11,15.26,15.11,15.17,164200,2489682.5,derived_ohlc4
HOSE_NLG,NLG,2019-01-16 09:00:00,111,0,15.17,15.23,15.11,15.17,106790,1620004.3,derived_ohlc4
HOSE_NLG,NLG,2019-01-17 09:00:00,112,0,15.17,15.17,14.99,15.14,131540,1988555.95,derived_ohlc4
HOSE_NLG,NLG,2019-01-18 09:00:00,113,0,14.99,15.08,14.93,15.05,78800,1182985.0,derived_ohlc4
HOSE_NLG,NLG,2019-01-21 09:00:00,114,0,14.99,15.26,14.99,15.26,322950,4884618.75,derived_ohlc4
HOSE_NLG,NLG,2019-01-22 09:00:00,115,0,15.17,15.41,15.17,15.41,461040,7049301.6,derived_ohlc4
HOSE_NLG,NLG,2019-01-23 09:00:00,116,0,15.38,15.83,15.38,15.65,278940,4340306.4,derived_ohlc4
HOSE_NLG,NLG,2019-01-24 09:00:00,117,0,15.71,15.77,15.47,15.59,148040,2314605.4000000004,derived_ohlc4
HOSE_NLG,NLG,2019-01-25 09:00:00,118,0,15.5,15.98,15.17,15.71,446760,6964988.4,derived_ohlc4
HOSE_NLG,NLG,2019-01-28 09:00:00,119,0,15.59,15.98,15.59,15.92,455770,7187492.899999999,derived_ohlc4
HOSE_NLG,NLG,2019-01-29 09:00:00,120,0,15.92,15.92,15.68,15.86,262210,4154717.4499999997,derived_ohlc4
HOSE_NLG,NLG,2019-01-30 09:00:00,121,0,15.77,16.01,15.77,15.86,150690,2388813.225,derived_ohlc4
HOSE_NLG,NLG,2019-01-31 09:00:00,122,0,15.86,15.89,15.68,15.68,130020,2051390.55,derived_ohlc4
HOSE_NLG,NLG,2019-02-01 09:00:00,123,0,15.68,15.83,15.59,15.83,235200,3700283.9999999995,derived_ohlc4
HOSE_NLG,NLG,2019-02-11 09:00:00,124,0,15.65,16.1,15.65,15.98,211860,3356921.6999999997,derived_ohlc4
HOSE_NLG,NLG,2019-02-12 09:00:00,125,0,15.89,16.1,15.83,15.98,299760,4781172.0,derived_ohlc4
HOSE_NLG,NLG,2019-02-13 09:00:00,126,0,16.07,16.49,16.07,16.31,431620,7007350.7,derived_ohlc4
HOSE_NLG,NLG,2019-02-14 09:00:00,127,0,16.34,16.34,16.22,16.25,136100,2216728.75,derived_ohlc4
HOSE_NLG,NLG,2019-02-15 09:00:00,128,0,16.25,16.25,16.07,16.13,154510,2499199.25,derived_ohlc4
HOSE_NLG,NLG,2019-02-18 09:00:00,129,0,16.13,16.37,15.95,16.31,445910,7219282.9,derived_ohlc4
HOSE_NLG,NLG,2019-02-19 09:00:00,130,0,16.31,16.37,16.1,16.1,365460,5927761.199999999,derived_ohlc4
HOSE_NLG,NLG,2019-02-20 09:00:00,131,0,16.01,16.19,16.01,16.1,354510,5699634.525,derived_ohlc4
HOSE_NLG,NLG,2019-02-21 09:00:00,132,0,16.07,16.49,16.04,16.37,979610,15911315.424999999,derived_ohlc4
HOSE_NLG,NLG,2019-02-22 09:00:00,133,0,16.49,16.49,16.16,16.31,695750,11384209.375,derived_ohlc4
HOSE_NLG,NLG,2019-02-25 09:00:00,134,0,16.31,16.49,16.13,16.31,721810,11772721.1,derived_ohlc4
HOSE_NLG,NLG,2019-02-26 09:00:00,135,0,16.28,16.31,16.07,16.19,502170,8141431.125000001,derived_ohlc4
HOSE_NLG,NLG,2019-02-27 09:00:00,136,0,16.13,16.19,16.07,16.07,536650,8648114.750000002,derived_ohlc4
HOSE_NLG,NLG,2019-02-28 09:00:00,137,0,16.01,16.07,15.83,15.83,642160,10232819.6,derived_ohlc4
HOSE_NLG,NLG,2019-03-01 09:00:00,138,0,15.83,16.07,15.83,16.01,279050,4446661.75,derived_ohlc4
HOSE_NLG,NLG,2019-03-04 09:00:00,139,0,16.01,16.37,15.95,16.37,823090,13313480.75,derived_ohlc4
HOSE_NLG,NLG,2019-03-05 09:00:00,140,0,16.37,16.37,16.13,16.19,357590,5816201.350000001,derived_ohlc4
HOSE_NLG,NLG,2019-03-06 09:00:00,141,0,16.25,16.31,16.1,16.13,171780,2782406.5500000003,derived_ohlc4
HOSE_NLG,NLG,2019-03-07 09:00:00,142,0,16.13,16.25,15.98,16.01,346270,5572349.975000001,derived_ohlc4
HOSE_NLG,NLG,2019-03-08 09:00:00,143,0,15.98,16.07,15.83,15.89,451260,7194212.55,derived_ohlc4
HOSE_NLG,NLG,2019-03-11 09:00:00,144,0,15.89,16.13,15.77,16.07,345940,5522932.1,derived_ohlc4
HOSE_NLG,NLG,2019-03-12 09:00:00,145,0,16.01,16.31,16.01,16.31,462580,7475292.8,derived_ohlc4
HOSE_NLG,NLG,2019-03-13 09:00:00,146,0,16.31,16.4,16.13,16.13,359210,5834468.424999999,derived_ohlc4
HOSE_NLG,NLG,2019-03-14 09:00:00,147,0,16.13,16.7,16.07,16.64,1342120,21990636.199999996,derived_ohlc4
HOSE_NLG,NLG,2019-03-15 09:00:00,148,0,16.64,16.94,16.52,16.79,874800,14628842.999999996,derived_ohlc4
HOSE_NLG,NLG,2019-03-18 09:00:00,149,0,16.79,16.97,16.73,16.79,662950,11150819.0,derived_ohlc4
HOSE_NLG,NLG,2019-03-19 09:00:00,150,0,16.79,16.85,16.43,16.61,524280,8739747.600000001,derived_ohlc4
HOSE_NLG,NLG,2019-03-20 09:00:00,151,0,16.61,16.61,16.31,16.58,659340,10897241.85,derived_ohlc4
HOSE_NLG,NLG,2019-03-21 09:00:00,152,0,16.55,16.61,16.07,16.07,610480,9966086.0,derived_ohlc4
HOSE_NLG,NLG,2019-03-22 09:00:00,153,0,16.07,16.49,16.04,16.25,355830,5768893.874999999,derived_ohlc4
HOSE_NLG,NLG,2019-03-25 09:00:00,154,0,15.95,16.13,15.59,15.65,422330,6685483.9,derived_ohlc4
HOSE_NLG,NLG,2019-03-26 09:00:00,155,0,15.65,15.95,15.65,15.95,338930,5355094.0,derived_ohlc4
HOSE_NLG,NLG,2019-03-27 09:00:00,156,0,15.89,16.13,15.86,15.89,372640,5940813.199999999,derived_ohlc4
HOSE_NLG,NLG,2019-03-28 09:00:00,157,0,15.83,16.43,15.83,16.31,723560,11649315.999999998,derived_ohlc4
HOSE_NLG,NLG,2019-03-29 09:00:00,158,0,16.31,16.61,16.19,16.49,483900,7935959.999999999,derived_ohlc4
HOSE_NLG,NLG,2019-04-01 09:00:00,159,0,16.43,16.61,16.37,16.43,442490,7283385.4,derived_ohlc4
HOSE_NLG,NLG,2019-04-02 09:00:00,160,0,16.43,16.67,16.34,16.37,449950,7402802.375,derived_ohlc4
HOSE_NLG,NLG,2019-04-03 09:00:00,161,0,16.31,16.49,16.16,16.37,463290,7566683.925,derived_ohlc4
HOSE_NLG,NLG,2019-04-04 09:00:00,162,0,16.37,16.61,16.31,16.58,678240,11168917.200000001,derived_ohlc4
HOSE_NLG,NLG,2019-04-05 09:00:00,163,0,16.58,17.21,16.43,17.21,1560680,26309163.1,derived_ohlc4
HOSE_NLG,NLG,2019-04-08 09:00:00,164,0,17.27,17.57,17.21,17.33,1695450,29407580.249999996,derived_ohlc4
HOSE_NLG,NLG,2019-04-09 09:00:00,165,0,17.33,17.42,16.97,17.09,872220,15004364.55,derived_ohlc4
HOSE_NLG,NLG,2019-04-10 09:00:00,166,0,17.03,17.06,16.85,16.97,579530,9838970.575,derived_ohlc4
HOSE_NLG,NLG,2019-04-11 09:00:00,167,0,16.94,17.27,16.79,17.21,890680,15188320.700000001,derived_ohlc4
HOSE_NLG,NLG,2019-04-12 09:00:00,168,0,17.21,17.33,17.03,17.27,589830,10150974.3,derived_ohlc4
HOSE_NLG,NLG,2019-04-16 09:00:00,169,0,17.21,17.21,16.97,17.15,423800,7261812.999999999,derived_ohlc4
HOSE_NLG,NLG,2019-04-17 09:00:00,170,0,17.15,17.51,17.09,17.21,1825960,31479550.400000002,derived_ohlc4
HOSE_NLG,NLG,2019-04-18 09:00:00,171,0,17.21,17.36,17.0,17.03,686490,11773303.499999998,derived_ohlc4
HOSE_NLG,NLG,2019-04-19 09:00:00,172,0,17.06,17.27,17.0,17.03,314620,5376855.8,derived_ohlc4
HOSE_NLG,NLG,2019-04-22 09:00:00,173,0,17.15,17.18,16.97,16.97,686570,11718033.475,derived_ohlc4
HOSE_NLG,NLG,2019-04-23 09:00:00,174,0,16.97,17.15,16.97,17.06,337140,5744022.749999999,derived_ohlc4
HOSE_NLG,NLG,2019-04-24 09:00:00,175,0,17.06,17.84,17.0,17.84,2055900,35844616.5,derived_ohlc4
HOSE_NLG,NLG,2019-04-25 09:00:00,176,0,17.81,17.93,17.63,17.69,585860,10407802.899999999,derived_ohlc4
HOSE_NLG,NLG,2019-04-26 09:00:00,177,0,17.81,17.81,17.57,17.72,304660,5400860.149999999,derived_ohlc4
HOSE_NLG,NLG,2019-05-02 09:00:00,178,0,17.72,17.87,17.66,17.87,789720,14041221.600000001,derived_ohlc4
HOSE_NLG,NLG,2019-05-03 09:00:00,179,0,17.87,17.99,17.72,17.81,549670,9810235.325,derived_ohlc4
HOSE_NLG,NLG,2019-05-06 09:00:00,180,0,17.51,17.81,17.27,17.63,922890,16201333.95,derived_ohlc4
HOSE_NLG,NLG,2019-05-07 09:00:00,181,0,17.69,17.75,17.39,17.57,577260,10159776.0,derived_ohlc4
HOSE_NLG,NLG,2019-05-08 09:00:00,182,0,17.39,17.57,17.27,17.39,430740,7497029.7,derived_ohlc4
HOSE_NLG,NLG,2019-05-09 09:00:00,183,0,17.51,17.63,17.27,17.39,417930,7292878.5,derived_ohlc4
HOSE_NLG,NLG,2019-05-10 09:00:00,184,0,17.45,17.81,17.39,17.69,693130,12188691.05,derived_ohlc4
HOSE_NLG,NLG,2019-05-13 09:00:00,185,0,17.69,18.11,17.69,18.11,1435130,25688826.999999996,derived_ohlc4
HOSE_NLG,NLG,2019-05-14 09:00:00,186,0,17.99,18.23,17.87,18.17,683160,12341285.4,derived_ohlc4
HOSE_NLG,NLG,2019-05-15 09:00:00,187,0,18.17,18.59,18.05,18.53,1703660,31236606.1,derived_ohlc4
HOSE_NLG,NLG,2019-05-16 09:00:00,188,0,18.65,18.74,18.41,18.5,1214380,22557108.5,derived_ohlc4
HOSE_NLG,NLG,2019-05-17 09:00:00,189,0,18.5,18.77,18.2,18.26,783600,14443707.0,derived_ohlc4
HOSE_NLG,NLG,2019-05-20 09:00:00,190,0,18.23,18.53,18.17,18.53,794560,14592094.400000002,derived_ohlc4
HOSE_NLG,NLG,2019-05-21 09:00:00,191,0,18.59,18.71,18.35,18.47,666210,12344871.3,derived_ohlc4
HOSE_NLG,NLG,2019-05-22 09:00:00,192,0,18.41,18.53,18.2,18.41,747910,13752195.125,derived_ohlc4
HOSE_NLG,NLG,2019-05-23 09:00:00,193,0,18.44,18.71,18.29,18.71,1336080,24767583.000000004,derived_ohlc4
HOSE_NLG,NLG,2019-05-24 09:00:00,194,0,18.71,18.74,18.5,18.5,782070,14556277.875,derived_ohlc4
HOSE_NLG,NLG,2019-05-27 09:00:00,195,0,18.5,18.65,18.47,18.5,601510,11145980.3,derived_ohlc4
HOSE_NLG,NLG,2019-05-28 09:00:00,196,0,18.5,18.53,18.35,18.44,751720,13872992.600000001,derived_ohlc4
HOSE_NLG,NLG,2019-05-29 09:00:00,197,0,18.44,18.56,18.02,18.02,1249170,22809844.2,derived_ohlc4
HOSE_NLG,NLG,2019-05-30 09:00:00,198,0,18.02,18.26,17.57,18.26,1288010,23219600.275,derived_ohlc4
HOSE_NLG,NLG,2019-05-31 09:00:00,199,0,18.26,18.29,17.72,17.72,514150,9253414.625,derived_ohlc4
HOSE_NLG,NLG,2019-06-03 09:00:00,200,0,17.6,17.78,17.33,17.39,1091910,19135722.75,derived_ohlc4
HOSE_NLG,NLG,2019-06-04 09:00:00,201,0,17.33,17.63,17.27,17.3,907380,15772532.849999998,derived_ohlc4
HOSE_NLG,NLG,2019-06-05 09:00:00,202,0,17.39,17.66,16.91,17.18,1247380,21560963.299999997,derived_ohlc4
HOSE_NLG,NLG,2019-06-06 09:00:00,203,0,17.27,17.3,16.91,17.18,460500,7904482.5,derived_ohlc4
HOSE_NLG,NLG,2019-06-07 09:00:00,204,0,17.09,17.93,17.09,17.93,1167200,20437671.999999996,derived_ohlc4
HOSE_NLG,NLG,2019-06-10 09:00:00,205,0,18.05,18.18,17.93,17.99,1137540,20518377.75,derived_ohlc4
HOSE_NLG,NLG,2019-06-11 09:00:00,206,0,17.99,18.11,17.72,17.72,918730,16431486.049999999,derived_ohlc4
HOSE_NLG,NLG,2019-06-12 09:00:00,207,0,17.72,17.87,17.63,17.78,1604470,28479342.5,derived_ohlc4
HOSE_NLG,NLG,2019-06-13 09:00:00,208,0,17.78,17.96,17.66,17.84,1161380,20684177.800000004,derived_ohlc4
HOSE_NLG,NLG,2019-06-14 09:00:00,209,0,17.84,18.05,17.81,17.93,1185840,21235429.799999997,derived_ohlc4
HOSE_NLG,NLG,2019-06-17 09:00:00,210,0,17.99,18.05,17.78,17.99,1060050,19030547.625,derived_ohlc4
HOSE_NLG,NLG,2019-06-18 09:00:00,211,0,17.99,18.02,17.87,17.93,815290,14636493.725,derived_ohlc4
HOSE_NLG,NLG,2019-06-19 09:00:00,212,0,17.96,18.05,17.87,17.96,858190,15413092.4,derived_ohlc4
HOSE_NLG,NLG,2019-06-20 09:00:00,213,0,17.96,18.11,17.84,18.08,1613720,29042925.7,derived_ohlc4
HOSE_NLG,NLG,2019-06-21 09:00:00,214,0,18.27,18.42,17.99,18.27,1831310,33398516.124999996,derived_ohlc4
HOSE_NLG,NLG,2019-06-24 09:00:00,215,0,18.11,18.3,17.84,17.93,1644250,29670491.250000004,derived_ohlc4
HOSE_NLG,NLG,2019-06-25 09:00:00,216,0,17.87,18.02,17.75,17.87,1357280,24264773.200000003,derived_ohlc4
HOSE_NLG,NLG,2019-06-26 09:00:00,217,0,17.87,17.87,17.72,17.72,1576970,28062181.150000002,derived_ohlc4
HOSE_NLG,NLG,2019-06-27 09:00:00,218,0,17.72,17.81,17.24,17.45,651210,11431991.55,derived_ohlc4
HOSE_NLG,NLG,2019-06-28 09:00:00,219,0,17.33,17.63,17.3,17.63,652850,11406921.624999998,derived_ohlc4
HOSE_NLG,NLG,2019-07-01 09:00:00,220,0,17.63,17.72,17.51,17.66,497790,8776037.7,derived_ohlc4
HOSE_NLG,NLG,2019-07-02 09:00:00,221,0,17.63,17.63,17.33,17.54,509540,8933510.049999999,derived_ohlc4
HOSE_NLG,NLG,2019-07-03 09:00:00,222,0,17.45,17.57,17.36,17.57,410570,7179842.874999999,derived_ohlc4
HOSE_NLG,NLG,2019-07-04 09:00:00,223,0,17.57,17.6,17.45,17.51,764110,13396758.575000001,derived_ohlc4
HOSE_NLG,NLG,2019-07-05 09:00:00,224,0,17.51,17.57,17.39,17.51,377980,6612760.100000001,derived_ohlc4
HOSE_NLG,NLG,2019-07-08 09:00:00,225,0,17.51,17.6,17.39,17.48,569380,9961303.100000001,derived_ohlc4
HOSE_NLG,NLG,2019-07-09 09:00:00,226,0,17.48,17.78,17.39,17.78,911390,16047299.425,derived_ohlc4
HOSE_NLG,NLG,2019-07-10 09:00:00,227,0,17.81,17.84,17.69,17.81,473720,8426294.5,derived_ohlc4
HOSE_NLG,NLG,2019-07-11 09:00:00,228,0,17.87,18.05,17.84,18.05,601130,10791786.325000001,derived_ohlc4
HOSE_NLG,NLG,2019-07-12 09:00:00,229,0,17.93,18.05,17.81,17.99,498160,8939481.2,derived_ohlc4
HOSE_NLG,NLG,2019-07-15 09:00:00,230,0,17.93,17.99,17.78,17.78,451750,8072772.5,derived_ohlc4
HOSE_NLG,NLG,2019-07-16 09:00:00,231,0,17.81,17.93,17.63,17.63,512090,9089597.499999998,derived_ohlc4
HOSE_NLG,NLG,2019-07-17 09:00:00,232,0,17.6,17.87,17.54,17.72,569670,10073189.774999999,derived_ohlc4
HOSE_NLG,NLG,2019-07-18 09:00:00,233,0,17.72,17.87,17.57,17.57,527730,9331585.725,derived_ohlc4
HOSE_NLG,NLG,2019-07-19 09:00:00,234,0,17.69,17.9,17.66,17.81,902860,16039307.9,derived_ohlc4
HOSE_NLG,NLG,2019-07-22 09:00:00,235,0,17.81,17.93,17.75,17.78,560650,9989381.375,derived_ohlc4
HOSE_NLG,NLG,2019-07-23 09:00:00,236,0,17.78,17.87,17.72,17.81,269230,4790947.850000001,derived_ohlc4
HOSE_NLG,NLG,2019-07-24 09:00:00,237,0,17.84,18.24,17.84,18.11,1618740,29149460.55,derived_ohlc4
HOSE_NLG,NLG,2019-07-25 09:00:00,238,0,18.11,18.42,17.96,18.3,1798540,32728931.650000002,derived_ohlc4
HOSE_NLG,NLG,2019-07-26 09:00:00,239,0,18.3,18.3,18.08,18.08,572000,10404679.999999998,derived_ohlc4
HOSE_NLG,NLG,2019-07-29 09:00:00,240,0,18.08,18.27,18.02,18.2,958740,17393940.45,derived_ohlc4
HOSE_NLG,NLG,2019-07-30 09:00:00,241,0,18.2,18.54,18.11,18.42,1588680,29100645.9,derived_ohlc4
HOSE_NLG,NLG,2019-07-31 09:00:00,242,0,18.42,18.45,18.18,18.39,679360,12473049.6,derived_ohlc4
HOSE_NLG,NLG,2019-08-01 09:00:00,243,0,18.39,18.81,18.33,18.78,2064600,38355106.5,derived_ohlc4
HOSE_NLG,NLG,2019-08-02 09:00:00,244,0,18.6,18.9,18.54,18.78,974440,18226900.2,derived_ohlc4
HOSE_NLG,NLG,2019-08-05 09:00:00,245,0,18.78,18.78,18.54,18.6,842930,15741717.75,derived_ohlc4
HOSE_NLG,NLG,2019-08-06 09:00:00,246,0,18.18,18.51,18.18,18.42,1603710,29383976.474999998,derived_ohlc4
HOSE_NLG,NLG,2019-08-08 09:00:00,248,1,18.48,18.57,18.39,18.54,657480,12160092.599999998,derived_ohlc4
HOSE_NLG,NLG,2019-08-09 09:00:00,249,1,18.54,19.51,18.51,19.14,2562410,48493609.25,derived_ohlc4
HOSE_NLG,NLG,2019-08-12 09:00:00,250,1,19.18,19.24,19.05,19.2,563380,10798586.15,derived_ohlc4
HOSE_NLG,NLG,2019-08-13 09:00:00,251,1,19.08,19.6,18.96,19.45,1309980,25246589.55,derived_ohlc4
HOSE_NLG,NLG,2019-08-14 09:00:00,252,1,19.48,19.63,19.14,19.14,1566190,30301861.025,derived_ohlc4
HOSE_NLG,NLG,2019-08-15 09:00:00,253,1,18.96,19.08,18.78,18.9,1013700,19189341.0,derived_ohlc4
HOSE_NLG,NLG,2019-08-16 09:00:00,254,1,18.93,19.05,18.66,18.66,1527560,28756317.0,derived_ohlc4
HOSE_NLG,NLG,2019-08-19 09:00:00,255,1,18.63,18.96,18.6,18.93,994100,18669198.0,derived_ohlc4
HOSE_NLG,NLG,2019-08-20 09:00:00,256,1,18.93,19.2,18.84,19.08,738670,14043963.375,derived_ohlc4
HOSE_NLG,NLG,2019-08-21 09:00:00,257,1,19.08,19.24,18.72,19.11,779630,14842206.124999998,derived_ohlc4
HOSE_NLG,NLG,2019-08-22 09:00:00,258,1,19.14,19.14,18.78,18.81,513320,9736397.100000001,derived_ohlc4
HOSE_NLG,NLG,2019-08-23 09:00:00,259,1,18.81,18.93,18.66,18.69,402860,7562689.349999999,derived_ohlc4
HOSE_NLG,NLG,2019-08-26 09:00:00,260,1,18.48,18.81,18.2,18.3,816120,15055373.7,derived_ohlc4
HOSE_NLG,NLG,2019-08-27 09:00:00,261,1,18.48,18.63,18.05,18.18,581720,10665836.200000001,derived_ohlc4
HOSE_NLG,NLG,2019-08-28 09:00:00,262,1,18.2,18.48,18.11,18.39,656330,12007557.350000001,derived_ohlc4
HOSE_NLG,NLG,2019-08-29 09:00:00,263,1,18.39,18.42,18.2,18.3,566620,10384728.05,derived_ohlc4
HOSE_NLG,NLG,2019-08-30 09:00:00,264,1,18.42,18.42,18.24,18.3,445840,8178934.8,derived_ohlc4
HOSE_NLG,NLG,2019-09-03 09:00:00,265,1,18.33,18.45,18.18,18.18,398660,7289498.1,derived_ohlc4
HOSE_NLG,NLG,2019-09-05 09:00:00,267,2,18.57,18.73,18.34,18.34,379310,7015338.45,derived_ohlc4
HOSE_NLG,NLG,2019-09-06 09:00:00,268,2,18.31,18.5,18.31,18.4,200640,3687763.2000000007,derived_ohlc4
HOSE_NLG,NLG,2019-09-09 09:00:00,269,2,18.47,18.47,18.27,18.34,281960,5184539.5,derived_ohlc4
HOSE_NLG,NLG,2019-09-10 09:00:00,270,2,18.44,18.6,18.34,18.5,480860,8881484.200000001,derived_ohlc4
HOSE_NLG,NLG,2019-09-11 09:00:00,271,2,18.5,18.73,18.5,18.57,473120,8788204.000000002,derived_ohlc4
HOSE_NLG,NLG,2019-09-12 09:00:00,272,2,18.57,18.8,18.57,18.8,669930,12517642.05,derived_ohlc4
HOSE_NLG,NLG,2019-09-13 09:00:00,273,2,18.8,19.03,18.67,18.83,712310,13414578.075,derived_ohlc4
HOSE_NLG,NLG,2019-09-16 09:00:00,274,2,18.83,19.06,18.76,18.86,656260,12388548.15,derived_ohlc4
HOSE_NLG,NLG,2019-09-17 09:00:00,275,2,18.86,18.93,18.67,18.76,516060,9704508.3,derived_ohlc4
HOSE_NLG,NLG,2019-09-18 09:00:00,276,2,18.67,18.86,18.6,18.6,671480,12544925.100000001,derived_ohlc4
HOSE_NLG,NLG,2019-09-19 09:00:00,277,2,18.63,18.73,18.5,18.6,250240,4658217.600000001,derived_ohlc4
HOSE_NLG,NLG,2019-09-20 09:00:00,278,2,18.6,18.67,18.37,18.37,567460,10499428.65,derived_ohlc4
HOSE_NLG,NLG,2019-09-23 09:00:00,279,2,18.4,18.44,18.01,18.01,666430,12139022.450000003,derived_ohlc4
HOSE_NLG,NLG,2019-09-24 09:00:00,280,2,18.01,18.27,17.88,18.21,786160,14223599.8,derived_ohlc4
HOSE_NLG,NLG,2019-09-25 09:00:00,281,2,18.08,18.27,18.01,18.14,289780,5252262.5,derived_ohlc4
HOSE_NLG,NLG,2019-09-26 09:00:00,282,2,18.24,18.63,18.21,18.37,593280,10894104.0,derived_ohlc4
HOSE_NLG,NLG,2019-09-27 09:00:00,283,2,18.47,18.47,18.18,18.31,549110,10080286.825,derived_ohlc4
HOSE_NLG,NLG,2019-09-30 09:00:00,284,2,18.21,18.37,18.14,18.21,282260,5146305.45,derived_ohlc4
HOSE_NLG,NLG,2019-10-01 09:00:00,285,2,18.14,18.67,18.08,18.6,1084520,19925343.700000003,derived_ohlc4
HOSE_NLG,NLG,2019-10-02 09:00:00,286,2,18.6,18.86,18.47,18.73,777350,14509237.75,derived_ohlc4
HOSE_NLG,NLG,2019-10-03 09:00:00,287,2,18.67,18.93,18.54,18.86,419720,7869750.0,derived_ohlc4
HOSE_NLG,NLG,2019-10-04 09:00:00,288,2,18.93,19.16,18.67,18.99,978950,18538865.625,derived_ohlc4
HOSE_NLG,NLG,2019-10-07 09:00:00,289,2,18.96,18.99,18.73,18.73,254090,4790231.725000001,derived_ohlc4
HOSE_NLG,NLG,2019-10-08 09:00:00,290,2,18.63,19.32,18.63,19.22,873370,16550361.5,derived_ohlc4
HOSE_NLG,NLG,2019-10-09 09:00:00,291,2,19.16,19.16,18.93,18.99,379990,7242609.399999999,derived_ohlc4
HOSE_NLG,NLG,2019-10-10 09:00:00,292,2,18.99,19.26,18.67,18.8,363700,6884841.0,derived_ohlc4
HOSE_NLG,NLG,2019-10-11 09:00:00,293,2,18.83,19.12,18.8,18.96,599900,11354607.250000002,derived_ohlc4
HOSE_NLG,NLG,2019-10-14 09:00:00,294,2,18.99,19.03,18.73,18.86,330660,6250300.65,derived_ohlc4
HOSE_NLG,NLG,2019-10-15 09:00:00,295,2,18.8,18.93,18.67,18.9,566420,10662856.500000002,derived_ohlc4
HOSE_NLG,NLG,2019-10-16 09:00:00,296,2,18.93,19.09,18.83,18.9,574590,10881298.125,derived_ohlc4
HOSE_NLG,NLG,2019-10-17 09:00:00,297,2,18.83,18.86,18.6,18.8,603780,11334460.05,derived_ohlc4
HOSE_NLG,NLG,2019-10-18 09:00:00,298,2,18.93,18.93,18.73,18.8,212300,4001324.25,derived_ohlc4
HOSE_NLG,NLG,2019-10-21 09:00:00,299,2,18.54,18.76,18.31,18.37,943150,17443559.25,derived_ohlc4
HOSE_NLG,NLG,2019-10-22 09:00:00,300,2,18.34,18.5,18.34,18.47,208340,3836060.2500000005,derived_ohlc4
HOSE_NLG,NLG,2019-10-23 09:00:00,301,2,18.44,18.83,18.37,18.76,733510,13643286.000000002,derived_ohlc4
HOSE_NLG,NLG,2019-10-24 09:00:00,302,2,18.8,18.99,18.6,18.67,910520,17085907.8,derived_ohlc4
HOSE_NLG,NLG,2019-10-25 09:00:00,303,2,18.67,18.8,18.6,18.73,216250,4043875.0,derived_ohlc4
HOSE_NLG,NLG,2019-10-28 09:00:00,304,2,18.86,19.12,18.83,18.83,428110,8095560.1,derived_ohlc4
HOSE_NLG,NLG,2019-10-29 09:00:00,305,2,18.73,19.03,18.63,18.67,678210,12726610.65,derived_ohlc4
HOSE_NLG,NLG,2019-10-30 09:00:00,306,2,18.7,18.93,18.6,18.8,377470,7080393.525,derived_ohlc4
HOSE_NLG,NLG,2019-10-31 09:00:00,307,2,18.73,18.93,18.7,18.7,277520,5207662.8,derived_ohlc4
HOSE_NLG,NLG,2019-11-01 09:00:00,308,2,18.7,18.86,18.63,18.83,738050,13842127.75,derived_ohlc4
HOSE_NLG,NLG,2019-11-04 09:00:00,309,2,18.86,18.9,18.67,18.67,443200,8321079.999999999,derived_ohlc4
HOSE_NLG,NLG,2019-11-05 09:00:00,310,2,18.67,18.83,18.57,18.76,705860,13204875.95,derived_ohlc4
HOSE_NLG,NLG,2019-11-06 09:00:00,311,2,18.76,18.8,18.6,18.7,608120,11380965.8,derived_ohlc4
HOSE_NLG,NLG,2019-11-07 09:00:00,312,2,18.73,18.8,18.6,18.67,535310,10010297.000000002,derived_ohlc4
HOSE_NLG,NLG,2019-11-08 09:00:00,313,2,18.7,18.73,18.57,18.63,307000,5727852.5,derived_ohlc4
HOSE_NLG,NLG,2019-11-11 09:00:00,314,2,18.6,18.63,18.37,18.4,703160,13008460.0,derived_ohlc4
HOSE_NLG,NLG,2019-11-12 09:00:00,315,2,18.37,18.6,18.34,18.54,441450,8150270.624999999,derived_ohlc4
HOSE_NLG,NLG,2019-11-13 09:00:00,316,2,18.54,18.57,18.47,18.54,111290,2062203.7000000002,derived_ohlc4
HOSE_NLG,NLG,2019-11-14 09:00:00,317,2,18.5,18.57,18.21,18.44,1073080,19776864.4,derived_ohlc4
HOSE_NLG,NLG,2019-11-15 09:00:00,318,2,18.44,18.54,18.34,18.54,253850,4687340.250000001,derived_ohlc4
HOSE_NLG,NLG,2019-11-18 09:00:00,319,2,18.47,18.5,18.44,18.5,166920,3084264.3,derived_ohlc4
HOSE_NLG,NLG,2019-11-19 09:00:00,320,2,18.47,18.54,18.31,18.5,348740,6435996.699999999,derived_ohlc4
HOSE_NLG,NLG,2019-11-20 09:00:00,321,2,18.4,18.47,18.34,18.44,282060,5193429.749999999,derived_ohlc4
HOSE_NLG,NLG,2019-11-21 09:00:00,322,2,18.34,18.5,18.34,18.5,390130,7186194.600000001,derived_ohlc4
HOSE_NLG,NLG,2019-11-22 09:00:00,323,2,18.5,18.6,18.14,18.27,477710,8779115.525,derived_ohlc4
HOSE_NLG,NLG,2019-11-25 09:00:00,324,2,18.27,18.4,18.08,18.11,274150,4993642.25,derived_ohlc4
HOSE_NLG,NLG,2019-11-26 09:00:00,325,2,18.11,18.34,18.11,18.34,260200,4742145.0,derived_ohlc4
HOSE_NLG,NLG,2019-11-27 09:00:00,326,2,18.34,18.4,18.14,18.27,262410,4798822.874999999,derived_ohlc4
HOSE_NLG,NLG,2019-11-28 09:00:00,327,2,18.27,18.27,17.95,17.95,287410,5204995.1,derived_ohlc4
HOSE_NLG,NLG,2019-11-29 09:00:00,328,2,17.88,18.14,17.85,18.08,433000,7788587.499999999,derived_ohlc4
HOSE_NLG,NLG,2019-12-02 09:00:00,329,2,18.08,18.18,17.98,18.11,198330,3587293.8749999995,derived_ohlc4
HOSE_NLG,NLG,2019-12-03 09:00:00,330,2,18.11,18.11,17.88,18.01,213190,3843282.725,derived_ohlc4
HOSE_NLG,NLG,2019-12-04 09:00:00,331,2,18.01,18.08,17.91,18.04,232400,4185523.9999999995,derived_ohlc4
HOSE_NLG,NLG,2019-12-05 09:00:00,332,2,18.04,18.11,17.95,18.08,290820,5247846.899999999,derived_ohlc4
HOSE_NLG,NLG,2019-12-06 09:00:00,333,2,18.08,18.14,17.98,18.14,271610,4912066.850000001,derived_ohlc4
HOSE_NLG,NLG,2019-12-09 09:00:00,334,2,18.14,18.44,18.08,18.31,797940,14556420.45,derived_ohlc4
HOSE_NLG,NLG,2019-12-10 09:00:00,335,2,18.34,18.4,18.11,18.27,201840,3689635.1999999997,derived_ohlc4
HOSE_NLG,NLG,2019-12-11 09:00:00,336,2,18.44,18.44,18.14,18.34,316590,5806260.6,derived_ohlc4
HOSE_NLG,NLG,2019-12-12 09:00:00,337,2,18.31,18.34,18.14,18.24,224440,4097713.3000000003,derived_ohlc4
HOSE_NLG,NLG,2019-12-13 09:00:00,338,2,18.24,18.27,18.14,18.21,166410,3031158.15,derived_ohlc4
HOSE_NLG,NLG,2019-12-16 09:00:00,339,2,18.21,18.24,17.91,18.04,254310,4603011.0,derived_ohlc4
HOSE_NLG,NLG,2019-12-17 09:00:00,340,2,17.97,18.11,17.81,17.81,230570,4132967.25,derived_ohlc4
HOSE_NLG,NLG,2019-12-18 09:00:00,341,2,17.84,17.97,17.64,17.94,466660,8328714.35,derived_ohlc4
HOSE_NLG,NLG,2019-12-19 09:00:00,342,2,17.81,18.11,17.48,17.64,425620,7559011.200000001,derived_ohlc4
HOSE_NLG,NLG,2019-12-20 09:00:00,343,2,17.64,17.67,17.48,17.51,216960,3813072.0000000005,derived_ohlc4
HOSE_NLG,NLG,2019-12-23 09:00:00,344,2,17.51,17.87,17.48,17.87,425390,7521958.675000001,derived_ohlc4
HOSE_NLG,NLG,2019-12-24 09:00:00,345,2,17.87,18.11,17.81,18.11,369300,6638167.500000001,derived_ohlc4
HOSE_NLG,NLG,2019-12-25 09:00:00,346,2,18.11,18.21,17.97,18.21,295450,5355031.25,derived_ohlc4
HOSE_NLG,NLG,2019-12-26 09:00:00,347,2,18.17,18.21,18.07,18.17,243870,4427459.850000001,derived_ohlc4
HOSE_NLG,NLG,2019-12-27 09:00:00,348,2,18.14,18.21,17.97,18.21,231100,4190420.75,derived_ohlc4
HOSE_NLG,NLG,2019-12-30 09:00:00,349,2,18.24,18.44,18.14,18.31,545360,9970544.2,derived_ohlc4
HOSE_NLG,NLG,2019-12-31 09:00:00,350,2,18.31,18.51,18.24,18.31,568210,10422391.925,derived_ohlc4
HOSE_NLG,NLG,2020-01-02 09:00:00,351,2,18.31,18.37,17.97,18.31,469670,8566780.799999999,derived_ohlc4
HOSE_NLG,NLG,2020-01-03 09:00:00,352,2,18.27,18.31,17.94,17.97,461720,8367520.699999999,derived_ohlc4
HOSE_NLG,NLG,2020-01-06 09:00:00,353,2,18.17,18.17,17.71,17.77,183360,3292228.8000000003,derived_ohlc4
HOSE_NLG,NLG,2020-01-07 09:00:00,354,2,17.77,17.97,17.64,17.64,247700,4397913.5,derived_ohlc4
HOSE_NLG,NLG,2020-01-08 09:00:00,355,2,17.64,17.71,17.51,17.54,194830,3429008.0000000005,derived_ohlc4
HOSE_NLG,NLG,2020-01-09 09:00:00,356,2,17.61,17.71,17.41,17.51,331280,5817276.800000001,derived_ohlc4
HOSE_NLG,NLG,2020-01-10 09:00:00,357,2,17.51,17.61,17.04,17.51,545400,9499504.5,derived_ohlc4
HOSE_NLG,NLG,2020-01-13 09:00:00,358,2,17.54,18.01,17.54,18.01,703210,12499557.749999998,derived_ohlc4
HOSE_NLG,NLG,2020-01-14 09:00:00,359,2,18.01,18.11,17.91,18.07,162990,2937894.75,derived_ohlc4
HOSE_NLG,NLG,2020-01-15 09:00:00,360,2,17.97,18.04,17.91,17.97,120260,2161372.85,derived_ohlc4
HOSE_NLG,NLG,2020-01-16 09:00:00,361,2,17.97,18.04,17.81,18.01,190870,3427548.025,derived_ohlc4
HOSE_NLG,NLG,2020-01-17 09:00:00,362,2,18.01,18.04,17.91,17.97,140900,2533734.2499999995,derived_ohlc4
HOSE_NLG,NLG,2020-01-20 09:00:00,363,2,17.97,18.44,17.94,18.37,589750,10721655.0,derived_ohlc4
HOSE_NLG,NLG,2020-01-21 09:00:00,364,2,18.51,18.81,18.27,18.64,1177760,21856281.200000003,derived_ohlc4
HOSE_NLG,NLG,2020-01-22 09:00:00,365,2,18.64,18.81,18.51,18.71,1231370,22986599.475000005,derived_ohlc4
HOSE_NLG,NLG,2020-01-30 09:00:00,366,2,18.44,18.57,18.07,18.24,303480,5562788.4,derived_ohlc4
HOSE_NLG,NLG,2020-01-31 09:00:00,367,2,18.27,18.27,17.41,17.64,394740,7064859.15,derived_ohlc4
HOSE_NLG,NLG,2020-02-03 09:00:00,368,2,17.44,17.44,16.64,17.18,349490,6002490.75,derived_ohlc4
HOSE_NLG,NLG,2020-02-04 09:00:00,369,2,16.94,17.44,16.94,17.18,200300,3430137.5,derived_ohlc4
HOSE_NLG,NLG,2020-02-05 09:00:00,370,2,17.21,17.38,17.04,17.18,140720,2420735.8000000003,derived_ohlc4
HOSE_NLG,NLG,2020-02-06 09:00:00,371,2,17.18,17.51,17.04,17.51,405010,7010723.1,derived_ohlc4
HOSE_NLG,NLG,2020-02-07 09:00:00,372,2,17.44,17.54,17.31,17.54,274290,4788417.675000001,derived_ohlc4
HOSE_NLG,NLG,2020-02-10 09:00:00,373,2,17.48,17.51,17.24,17.44,197640,3442394.7,derived_ohlc4
HOSE_NLG,NLG,2020-02-11 09:00:00,374,2,17.38,17.44,17.31,17.38,140730,2445535.5749999997,derived_ohlc4
HOSE_NLG,NLG,2020-02-12 09:00:00,375,2,17.34,18.04,17.31,17.84,1235900,21792006.75,derived_ohlc4
HOSE_NLG,NLG,2020-02-13 09:00:00,376,2,17.71,17.94,17.71,17.87,326730,5818244.475000001,derived_ohlc4
HOSE_NLG,NLG,2020-02-14 09:00:00,377,2,17.91,17.94,17.71,17.91,234580,4191358.15,derived_ohlc4
HOSE_NLG,NLG,2020-02-17 09:00:00,378,2,17.97,17.97,17.64,17.84,307950,5498447.25,derived_ohlc4
HOSE_NLG,NLG,2020-02-18 09:00:00,379,2,17.77,17.87,17.18,17.44,684280,12019378.200000001,derived_ohlc4
HOSE_NLG,NLG,2020-02-19 09:00:00,380,2,17.27,17.57,17.01,17.51,995040,17253993.600000005,derived_ohlc4
HOSE_NLG,NLG,2020-02-20 09:00:00,381,2,17.74,17.74,17.18,17.31,514830,9005663.775,derived_ohlc4
HOSE_NLG,NLG,2020-02-21 09:00:00,382,2,17.31,17.31,17.01,17.31,690540,11901456.9,derived_ohlc4
HOSE_NLG,NLG,2020-02-24 09:00:00,383,2,16.94,17.21,16.38,16.38,512860,8578865.65,derived_ohlc4
HOSE_NLG,NLG,2020-02-25 09:00:00,384,2,16.04,16.61,15.94,16.61,718300,11708289.999999998,derived_ohlc4
HOSE_NLG,NLG,2020-02-26 09:00:00,385,2,16.31,16.81,16.11,16.44,356250,5848734.375,derived_ohlc4
HOSE_NLG,NLG,2020-02-27 09:00:00,386,2,16.28,16.88,16.28,16.84,466180,7724602.600000001,derived_ohlc4
HOSE_NLG,NLG,2020-02-28 09:00:00,387,2,16.58,16.78,16.51,16.64,278550,4631590.125,derived_ohlc4
HOSE_NLG,NLG,2020-03-02 09:00:00,388,2,16.71,17.04,16.44,17.04,571760,9609856.2,derived_ohlc4
HOSE_NLG,NLG,2020-03-03 09:00:00,389,2,17.14,17.27,17.08,17.18,500350,8589758.624999998,derived_ohlc4
HOSE_NLG,NLG,2020-03-04 09:00:00,390,2,17.04,17.21,16.84,17.18,321710,5490785.425000001,derived_ohlc4
HOSE_NLG,NLG,2020-03-05 09:00:00,391,2,17.21,17.64,17.14,17.48,790700,13732482.25,derived_ohlc4
HOSE_NLG,NLG,2020-03-06 09:00:00,392,2,17.38,17.48,17.24,17.44,532640,9259946.399999999,derived_ohlc4
HOSE_NLG,NLG,2020-03-09 09:00:00,393,2,16.51,16.91,16.24,16.24,437290,7204352.749999999,derived_ohlc4
HOSE_NLG,NLG,2020-03-10 09:00:00,394,2,15.98,16.58,15.98,16.14,470750,7612027.500000001,derived_ohlc4
HOSE_NLG,NLG,2020-03-11 09:00:00,395,2,16.38,16.44,15.11,15.64,520290,8268708.825,derived_ohlc4
HOSE_NLG,NLG,2020-03-12 09:00:00,396,2,15.11,15.31,14.58,14.71,758880,11328181.2,derived_ohlc4
HOSE_NLG,NLG,2020-03-13 09:00:00,397,2,13.71,15.71,13.71,15.71,882880,12987164.8,derived_ohlc4
HOSE_NLG,NLG,2020-03-16 09:00:00,398,2,15.51,15.51,14.61,14.64,867980,13078288.649999999,derived_ohlc4
HOSE_NLG,NLG,2020-03-17 09:00:00,399,2,13.65,14.71,13.65,14.71,585440,8301539.2,derived_ohlc4
HOSE_NLG,NLG,2020-03-18 09:00:00,400,2,14.64,14.91,13.78,14.25,703020,10119972.9,derived_ohlc4
HOSE_NLG,NLG,2020-03-19 09:00:00,401,2,14.25,14.25,13.28,13.98,851900,11875486.000000002,derived_ohlc4
HOSE_NLG,NLG,2020-03-20 09:00:00,402,2,13.88,13.88,13.41,13.58,363190,4971163.125,derived_ohlc4
HOSE_NLG,NLG,2020-03-23 09:00:00,403,2,13.58,13.58,12.65,12.65,369450,4845336.75,derived_ohlc4
HOSE_NLG,NLG,2020-03-24 09:00:00,404,2,12.12,12.32,11.78,12.32,1176690,14279133.15,derived_ohlc4
HOSE_NLG,NLG,2020-03-25 09:00:00,405,2,12.62,13.15,12.38,13.15,1986010,25470578.25,derived_ohlc4
HOSE_NLG,NLG,2020-03-26 09:00:00,406,2,13.15,14.05,12.92,13.65,1425820,19166585.35,derived_ohlc4
HOSE_NLG,NLG,2020-03-27 09:00:00,407,2,13.65,13.78,13.08,13.51,650050,8778925.25,derived_ohlc4
HOSE_NLG,NLG,2020-03-30 09:00:00,408,2,12.98,13.31,12.58,13.11,609550,7921102.249999999,derived_ohlc4
HOSE_NLG,NLG,2020-03-31 09:00:00,409,2,12.92,13.58,12.28,13.31,986130,12841877.925,derived_ohlc4
HOSE_NLG,NLG,2020-04-01 09:00:00,410,2,13.31,13.85,12.85,13.85,704420,9485015.3,derived_ohlc4
HOSE_NLG,NLG,2020-04-03 09:00:00,411,2,13.85,13.85,13.25,13.31,1355190,18383152.35,derived_ohlc4
HOSE_NLG,NLG,2020-04-06 09:00:00,412,2,13.61,13.65,13.18,13.31,1193250,16034296.875,derived_ohlc4
HOSE_NLG,NLG,2020-04-07 09:00:00,413,2,13.31,13.65,13.15,13.65,2042330,27448915.2,derived_ohlc4
HOSE_NLG,NLG,2020-04-08 09:00:00,414,2,13.65,14.11,13.41,14.11,1408560,19466299.2,derived_ohlc4
HOSE_NLG,NLG,2020-04-09 09:00:00,415,2,14.25,14.51,14.25,14.38,1011720,14515652.7,derived_ohlc4
HOSE_NLG,NLG,2020-04-10 09:00:00,416,2,14.41,14.51,14.11,14.41,1578520,22667547.2,derived_ohlc4
HOSE_NLG,NLG,2020-04-13 09:00:00,417,2,14.41,14.45,14.25,14.25,918960,13177886.4,derived_ohlc4
HOSE_NLG,NLG,2020-04-14 09:00:00,418,2,14.18,14.38,13.38,13.78,1599930,22287024.900000002,derived_ohlc4
HOSE_NLG,NLG,2020-04-15 09:00:00,419,2,13.85,14.25,13.81,14.21,629440,8831043.200000001,derived_ohlc4
HOSE_NLG,NLG,2020-04-16 09:00:00,420,2,14.21,14.21,13.85,13.98,631360,8878500.0,derived_ohlc4
HOSE_NLG,NLG,2020-04-17 09:00:00,421,2,13.98,14.21,13.91,14.18,701750,9873622.5,derived_ohlc4
HOSE_NLG,NLG,2020-04-20 09:00:00,422,2,14.05,14.64,14.05,14.51,1182210,16920380.625,derived_ohlc4
HOSE_NLG,NLG,2020-04-21 09:00:00,423,2,14.31,14.38,13.85,14.31,1464630,20816053.875,derived_ohlc4
HOSE_NLG,NLG,2020-04-22 09:00:00,424,2,14.08,14.38,14.05,14.35,629620,8950048.3,derived_ohlc4
HOSE_NLG,NLG,2020-04-23 09:00:00,425,2,14.51,14.51,14.25,14.41,901490,12999485.799999999,derived_ohlc4
HOSE_NLG,NLG,2020-04-24 09:00:00,426,2,14.31,14.45,14.21,14.38,707590,10145071.625,derived_ohlc4
HOSE_NLG,NLG,2020-04-27 09:00:00,427,2,14.41,14.45,14.11,14.28,413810,5922655.625,derived_ohlc4
HOSE_NLG,NLG,2020-04-28 09:00:00,428,2,14.31,14.38,14.05,14.38,374620,5349573.600000001,derived_ohlc4
HOSE_NLG,NLG,2020-04-29 09:00:00,429,2,14.98,14.98,14.21,14.98,981800,14518367.500000002,derived_ohlc4
HOSE_NLG,NLG,2020-05-04 09:00:00,430,2,14.98,15.01,14.64,14.98,1723340,25682074.35,derived_ohlc4
HOSE_NLG,NLG,2020-05-05 09:00:00,431,2,14.84,15.18,14.64,14.91,384290,5723038.824999999,derived_ohlc4
HOSE_NLG,NLG,2020-05-06 09:00:00,432,2,14.98,14.98,14.74,14.94,337450,5031379.5,derived_ohlc4
HOSE_NLG,NLG,2020-05-07 09:00:00,433,2,14.94,14.94,14.64,14.84,770090,11428135.6,derived_ohlc4
HOSE_NLG,NLG,2020-05-08 09:00:00,434,2,14.88,15.41,14.64,15.31,1481880,22317112.8,derived_ohlc4
HOSE_NLG,NLG,2020-05-11 09:00:00,435,2,15.71,15.78,15.18,15.71,1055830,16465668.850000001,derived_ohlc4
HOSE_NLG,NLG,2020-05-12 09:00:00,436,2,15.84,16.18,15.31,16.18,1508710,23954543.025,derived_ohlc4
HOSE_NLG,NLG,2020-05-13 09:00:00,437,2,16.18,16.71,15.74,16.41,1640120,26668351.200000003,derived_ohlc4
HOSE_NLG,NLG,2020-05-14 09:00:00,438,2,16.18,16.44,16.18,16.44,852830,13909657.300000003,derived_ohlc4
HOSE_NLG,NLG,2020-05-15 09:00:00,439,2,16.44,16.44,15.31,16.11,2346140,37714200.50000001,derived_ohlc4
HOSE_NLG,NLG,2020-05-18 09:00:00,440,2,16.11,16.11,15.24,15.64,1193610,18829197.75,derived_ohlc4
HOSE_NLG,NLG,2020-05-19 09:00:00,441,2,15.84,15.98,15.44,15.91,1145470,18089834.975,derived_ohlc4
HOSE_NLG,NLG,2020-05-20 09:00:00,442,2,15.91,15.91,15.51,15.78,835660,13184625.65,derived_ohlc4
HOSE_NLG,NLG,2020-05-21 09:00:00,443,2,15.44,15.88,15.44,15.71,1189550,18577797.125,derived_ohlc4
HOSE_NLG,NLG,2020-05-22 09:00:00,444,2,15.71,15.78,15.28,15.31,813420,12624278.4,derived_ohlc4
HOSE_NLG,NLG,2020-05-25 09:00:00,445,2,15.58,15.58,15.31,15.34,410850,6348659.625,derived_ohlc4
HOSE_NLG,NLG,2020-05-26 09:00:00,446,2,15.58,15.88,15.34,15.71,1053500,16463571.25,derived_ohlc4
HOSE_NLG,NLG,2020-05-27 09:00:00,447,2,15.71,15.98,15.41,15.41,990530,15479507.575000001,derived_ohlc4
HOSE_NLG,NLG,2020-05-28 09:00:00,448,2,15.44,15.61,15.38,15.54,805560,12480138.299999999,derived_ohlc4
HOSE_NLG,NLG,2020-05-29 09:00:00,449,2,15.54,15.54,15.28,15.44,955580,14763711.0,derived_ohlc4
HOSE_NLG,NLG,2020-06-01 09:00:00,450,2,15.44,15.78,15.44,15.68,767560,11962422.6,derived_ohlc4
HOSE_NLG,NLG,2020-06-02 09:00:00,451,2,15.78,15.84,15.11,15.68,1095790,17097063.474999998,derived_ohlc4
HOSE_NLG,NLG,2020-06-03 09:00:00,452,2,15.68,15.78,15.58,15.71,652800,10240800.0,derived_ohlc4
HOSE_NLG,NLG,2020-06-04 09:00:00,453,2,15.71,16.31,15.51,16.18,1536300,24469418.249999996,derived_ohlc4
HOSE_NLG,NLG,2020-06-05 09:00:00,454,2,16.28,16.45,15.94,16.45,818430,13324040.4,derived_ohlc4
HOSE_NLG,NLG,2020-06-08 09:00:00,455,2,16.45,16.62,16.21,16.45,1379870,22674713.775000002,derived_ohlc4
HOSE_NLG,NLG,2020-06-09 09:00:00,456,2,16.48,16.72,16.18,16.48,1663490,27389362.85,derived_ohlc4
HOSE_NLG,NLG,2020-06-10 09:00:00,457,2,16.48,17.43,16.31,17.36,3523820,59534938.9,derived_ohlc4
HOSE_NLG,NLG,2020-06-11 09:00:00,458,2,17.36,17.64,16.62,16.96,2572050,44097797.25000001,derived_ohlc4
HOSE_NLG,NLG,2020-06-12 09:00:00,459,2,16.62,16.96,16.08,16.96,1338480,22292384.400000002,derived_ohlc4
HOSE_NLG,NLG,2020-06-15 09:00:00,460,2,16.96,17.09,16.28,16.75,1621460,27191884.2,derived_ohlc4
HOSE_NLG,NLG,2020-06-16 09:00:00,461,2,16.89,16.89,16.41,16.89,656970,11017386.9,derived_ohlc4
HOSE_NLG,NLG,2020-06-17 09:00:00,462,2,16.96,16.96,16.65,16.89,734070,12380090.55,derived_ohlc4
HOSE_NLG,NLG,2020-06-18 09:00:00,463,2,16.89,16.89,16.65,16.89,529920,8918553.6,derived_ohlc4
HOSE_NLG,NLG,2020-06-19 09:00:00,464,2,16.75,17.3,16.68,17.23,2309140,39232288.599999994,derived_ohlc4
HOSE_NLG,NLG,2020-06-22 09:00:00,465,2,17.23,17.26,16.92,17.19,854190,14649358.500000002,derived_ohlc4
HOSE_NLG,NLG,2020-06-23 09:00:00,466,2,17.19,17.19,16.82,16.96,2360900,40229736.0,derived_ohlc4
HOSE_NLG,NLG,2020-06-24 09:00:00,467,2,16.96,16.96,16.68,16.68,1246790,20971007.8,derived_ohlc4
HOSE_NLG,NLG,2020-06-25 09:00:00,468,2,16.62,16.82,16.28,16.82,1979060,32921663.099999998,derived_ohlc4
HOSE_NLG,NLG,2020-06-26 09:00:00,469,2,16.89,17.06,16.72,17.02,908690,15377306.525,derived_ohlc4
HOSE_NLG,NLG,2020-06-29 09:00:00,470,2,17.02,17.02,16.55,16.75,717540,12079785.9,derived_ohlc4
HOSE_NLG,NLG,2020-06-30 09:00:00,471,2,16.92,16.92,16.41,16.62,566050,9462940.875,derived_ohlc4
HOSE_NLG,NLG,2020-07-01 09:00:00,472,2,16.62,16.96,16.52,16.89,1063210,17806109.474999998,derived_ohlc4
HOSE_NLG,NLG,2020-07-02 09:00:00,473,2,17.02,17.23,16.75,17.09,1039100,17688079.75,derived_ohlc4
HOSE_NLG,NLG,2020-07-03 09:00:00,474,2,17.23,17.3,16.96,17.19,1941940,33343109.800000004,derived_ohlc4
HOSE_NLG,NLG,2020-07-06 09:00:00,475,2,17.3,17.33,17.09,17.26,893910,15415477.950000001,derived_ohlc4
HOSE_NLG,NLG,2020-07-07 09:00:00,476,2,17.36,17.36,16.96,17.23,781250,13458984.375,derived_ohlc4
HOSE_NLG,NLG,2020-07-08 09:00:00,477,2,17.09,17.26,16.89,17.09,861650,14719136.125,derived_ohlc4
HOSE_NLG,NLG,2020-07-09 09:00:00,478,2,17.09,17.57,16.96,17.57,2041610,35314748.975,derived_ohlc4
HOSE_NLG,NLG,2020-07-10 09:00:00,479,2,17.57,17.57,17.16,17.53,1355590,23665212.425,derived_ohlc4
HOSE_NLG,NLG,2020-07-13 09:00:00,480,2,17.53,17.57,17.13,17.3,1066520,18538783.9,derived_ohlc4
HOSE_NLG,NLG,2020-07-14 09:00:00,481,2,17.16,17.3,16.96,17.3,1222700,21005986.0,derived_ohlc4
HOSE_NLG,NLG,2020-07-15 09:00:00,482,2,17.46,17.46,17.09,17.26,342400,5929512.000000001,derived_ohlc4
HOSE_NLG,NLG,2020-07-16 09:00:00,483,2,17.23,17.3,16.99,17.06,415710,7127347.95,derived_ohlc4
HOSE_NLG,NLG,2020-07-17 09:00:00,484,2,16.99,17.19,16.89,17.19,328420,5604487.300000001,derived_ohlc4
HOSE_NLG,NLG,2020-07-20 09:00:00,485,2,17.19,17.19,16.92,17.09,498990,8531481.525,derived_ohlc4
HOSE_NLG,NLG,2020-07-21 09:00:00,486,2,17.09,17.16,16.89,17.16,749500,12797712.5,derived_ohlc4
HOSE_NLG,NLG,2020-07-22 09:00:00,487,2,16.96,17.3,16.96,17.23,510260,8731824.25,derived_ohlc4
HOSE_NLG,NLG,2020-07-23 09:00:00,488,2,17.23,17.3,17.02,17.26,901520,15508397.8,derived_ohlc4
HOSE_NLG,NLG,2020-07-24 09:00:00,489,2,17.26,17.53,16.75,17.43,2479900,42759675.75,derived_ohlc4
HOSE_NLG,NLG,2020-07-27 09:00:00,490,2,16.96,17.46,16.89,17.23,1171180,20068169.3,derived_ohlc4
HOSE_NLG,NLG,2020-07-28 09:00:00,491,2,17.23,17.4,16.75,17.36,845820,14535416.7,derived_ohlc4
HOSE_NLG,NLG,2020-07-29 09:00:00,492,2,17.36,17.5,16.82,17.09,899150,15458636.375,derived_ohlc4
HOSE_NLG,NLG,2020-07-30 09:00:00,493,2,17.09,17.23,16.89,17.16,934340,15970206.450000001,derived_ohlc4
HOSE_NLG,NLG,2020-07-31 09:00:00,494,2,17.09,17.3,16.82,16.96,1215660,20717885.55,derived_ohlc4
HOSE_NLG,NLG,2020-08-03 09:00:00,495,2,16.96,17.23,16.75,17.16,390430,6647070.749999999,derived_ohlc4
HOSE_NLG,NLG,2020-08-04 09:00:00,496,2,17.26,17.3,17.09,17.16,284970,4902196.425,derived_ohlc4
HOSE_NLG,NLG,2020-08-05 09:00:00,497,2,17.23,17.46,17.02,17.36,1445660,24962934.049999997,derived_ohlc4
HOSE_NLG,NLG,2020-08-06 09:00:00,498,2,17.36,17.4,17.19,17.4,1491340,25856107.249999996,derived_ohlc4
HOSE_NLG,NLG,2020-08-07 09:00:00,499,2,17.4,17.53,17.26,17.53,896380,15623903.4,derived_ohlc4
HOSE_NLG,NLG,2020-08-10 09:00:00,500,2,17.53,18.08,17.5,18.04,3250140,57811865.25000001,derived_ohlc4
HOSE_NLG,NLG,2020-08-11 09:00:00,501,2,18.11,18.21,17.77,18.11,1455400,26269970.0,derived_ohlc4
HOSE_NLG,NLG,2020-08-12 09:00:00,502,2,18.11,18.21,17.97,18.18,1310690,23746426.075,derived_ohlc4
HOSE_NLG,NLG,2020-08-13 09:00:00,503,2,18.18,18.18,17.91,18.18,1186960,21498812.999999996,derived_ohlc4
HOSE_NLG,NLG,2020-08-14 09:00:00,504,2,18.18,18.18,17.77,17.97,1548760,27916398.999999996,derived_ohlc4
HOSE_NLG,NLG,2020-08-17 09:00:00,505,2,17.97,17.97,17.7,17.91,983440,17591283.0,derived_ohlc4
HOSE_NLG,NLG,2020-08-18 09:00:00,506,2,17.87,17.91,17.7,17.91,843930,15062040.675,derived_ohlc4
HOSE_NLG,NLG,2020-08-19 09:00:00,507,2,17.94,18.18,17.77,18.14,1138740,20505860.55,derived_ohlc4
HOSE_NLG,NLG,2020-08-20 09:00:00,508,2,18.14,18.31,18.08,18.24,921560,16765480.299999999,derived_ohlc4
HOSE_NLG,NLG,2020-08-21 09:00:00,509,2,18.24,18.52,18.24,18.45,1665010,30573746.125,derived_ohlc4
HOSE_NLG,NLG,2020-08-24 09:00:00,510,2,18.48,18.65,18.38,18.55,1462920,27085963.799999997,derived_ohlc4
HOSE_NLG,NLG,2020-08-25 09:00:00,511,2,18.45,18.75,18.42,18.55,1154590,21408985.075,derived_ohlc4
HOSE_NLG,NLG,2020-08-26 09:00:00,512,2,18.45,18.69,18.42,18.62,2065570,38305995.650000006,derived_ohlc4
HOSE_NLG,NLG,2020-08-27 09:00:00,513,2,18.69,18.99,18.62,18.72,1540420,28890577.099999998,derived_ohlc4
HOSE_NLG,NLG,2020-08-28 09:00:00,514,2,18.72,18.99,18.65,18.92,972030,18293604.6,derived_ohlc4
HOSE_NLG,NLG,2020-08-31 09:00:00,515,2,18.92,18.92,18.62,18.72,1622660,30497894.700000003,derived_ohlc4
HOSE_NLG,NLG,2020-09-01 09:00:00,516,2,18.58,18.79,18.58,18.75,619470,11568602.249999998,derived_ohlc4
HOSE_NLG,NLG,2020-09-03 09:00:00,517,2,18.96,18.96,18.55,18.62,1389070,26076316.575000003,derived_ohlc4
HOSE_NLG,NLG,2020-09-04 09:00:00,518,2,18.45,18.72,18.38,18.72,893190,16584305.325,derived_ohlc4
HOSE_NLG,NLG,2020-09-07 09:00:00,519,2,18.72,18.86,18.52,18.72,884940,16552802.7,derived_ohlc4
HOSE_NLG,NLG,2020-09-08 09:00:00,520,2,18.72,18.72,18.38,18.65,989210,18416617.175,derived_ohlc4
HOSE_NLG,NLG,2020-09-09 09:00:00,521,2,18.65,18.65,18.38,18.58,522540,9700955.1,derived_ohlc4
HOSE_NLG,NLG,2020-09-10 09:00:00,522,2,18.62,18.69,18.48,18.65,1079270,20085214.7,derived_ohlc4
HOSE_NLG,NLG,2020-09-11 09:00:00,523,2,18.65,19.09,18.55,18.99,1553260,29232353.199999996,derived_ohlc4
HOSE_NLG,NLG,2020-09-14 09:00:00,524,2,19.16,19.16,18.86,18.96,1199880,22839715.8,derived_ohlc4
HOSE_NLG,NLG,2020-09-15 09:00:00,525,2,18.99,19.3,18.96,19.16,1059600,20241009.0,derived_ohlc4
HOSE_NLG,NLG,2020-09-16 09:00:00,526,2,19.26,19.3,19.02,19.26,1429050,27452050.5,derived_ohlc4
HOSE_NLG,NLG,2020-09-17 09:00:00,527,2,19.33,19.33,19.06,19.13,542790,10428352.875,derived_ohlc4
HOSE_NLG,NLG,2020-09-18 09:00:00,528,2,19.13,19.33,19.06,19.33,545370,10477921.125,derived_ohlc4
HOSE_NLG,NLG,2020-09-21 09:00:00,529,2,19.33,19.43,18.92,18.99,927840,17784373.2,derived_ohlc4
HOSE_NLG,NLG,2020-09-22 09:00:00,530,2,18.99,19.13,18.86,19.06,954220,18139722.2,derived_ohlc4
HOSE_NLG,NLG,2020-09-23 09:00:00,531,2,19.26,19.26,19.02,19.06,789960,15127734.000000002,derived_ohlc4
HOSE_NLG,NLG,2020-09-24 09:00:00,532,2,19.06,19.28,18.87,18.95,747660,14235446.400000002,derived_ohlc4
HOSE_NLG,NLG,2020-09-25 09:00:00,533,2,19.1,19.1,18.84,18.95,940370,17864679.075000003,derived_ohlc4
HOSE_NLG,NLG,2020-09-28 09:00:00,534,2,18.91,19.06,18.87,19.02,993300,18837934.5,derived_ohlc4
HOSE_NLG,NLG,2020-09-29 09:00:00,535,2,19.17,19.17,18.58,19.02,867740,16474043.9,derived_ohlc4
HOSE_NLG,NLG,2020-09-30 09:00:00,536,2,19.02,19.17,18.91,19.13,603070,11493006.524999999,derived_ohlc4
HOSE_NLG,NLG,2020-10-01 09:00:00,537,2,19.17,19.65,19.02,19.5,1111310,21487178.85,derived_ohlc4
HOSE_NLG,NLG,2020-10-02 09:00:00,538,2,19.62,19.62,19.13,19.32,658230,12784472.174999999,derived_ohlc4
HOSE_NLG,NLG,2020-10-05 09:00:00,539,2,19.62,19.88,19.32,19.69,1236080,24261160.200000003,derived_ohlc4
HOSE_NLG,NLG,2020-10-06 09:00:00,540,2,19.84,19.91,19.32,19.62,853490,16790282.025,derived_ohlc4
HOSE_NLG,NLG,2020-10-07 09:00:00,541,2,19.54,19.76,19.47,19.73,670310,13154833.75,derived_ohlc4
HOSE_NLG,NLG,2020-10-08 09:00:00,542,2,19.73,19.8,19.62,19.69,848360,16721175.600000001,derived_ohlc4
HOSE_NLG,NLG,2020-10-09 09:00:00,543,2,19.69,19.8,19.54,19.8,867790,17101971.425,derived_ohlc4
HOSE_NLG,NLG,2020-10-12 09:00:00,544,2,19.8,19.8,19.47,19.69,842900,16596701.000000002,derived_ohlc4
HOSE_NLG,NLG,2020-10-13 09:00:00,545,2,19.69,19.76,19.62,19.76,648230,12774992.725000001,derived_ohlc4
HOSE_NLG,NLG,2020-10-14 09:00:00,546,2,19.76,19.76,19.65,19.69,455860,8987279.9,derived_ohlc4
HOSE_NLG,NLG,2020-10-15 09:00:00,547,2,19.69,19.84,19.62,19.69,753280,14847148.8,derived_ohlc4
HOSE_NLG,NLG,2020-10-16 09:00:00,548,2,19.69,19.8,19.62,19.73,916060,18055542.6,derived_ohlc4
HOSE_NLG,NLG,2020-10-19 09:00:00,549,2,19.73,20.14,19.73,20.06,1196010,23818539.150000002,derived_ohlc4
HOSE_NLG,NLG,2020-10-20 09:00:00,550,2,20.06,20.1,19.84,20.1,252870,5063721.75,derived_ohlc4
HOSE_NLG,NLG,2020-10-21 09:00:00,551,2,20.21,20.36,19.91,19.91,806540,16209437.65,derived_ohlc4
HOSE_NLG,NLG,2020-10-22 09:00:00,552,2,19.84,19.91,19.62,19.73,470050,9295238.750000002,derived_ohlc4
HOSE_NLG,NLG,2020-10-23 09:00:00,553,2,19.84,19.91,19.65,19.88,476190,9438085.8,derived_ohlc4
HOSE_NLG,NLG,2020-10-26 09:00:00,554,2,19.76,19.99,19.65,19.88,824140,16334454.8,derived_ohlc4
HOSE_NLG,NLG,2020-10-27 09:00:00,555,2,19.88,19.99,19.65,19.84,620590,12312505.6,derived_ohlc4
HOSE_NLG,NLG,2020-10-28 09:00:00,556,2,19.88,20.1,19.73,19.91,1241080,24703697.400000002,derived_ohlc4
HOSE_NLG,NLG,2020-10-29 09:00:00,557,2,19.91,20.06,19.84,20.06,1018740,20341690.950000003,derived_ohlc4
HOSE_NLG,NLG,2020-10-30 09:00:00,558,2,20.14,20.21,19.99,20.21,897230,18067969.125000004,derived_ohlc4
HOSE_NLG,NLG,2020-11-02 09:00:00,559,2,20.28,20.28,20.06,20.14,570640,11521221.600000001,derived_ohlc4
HOSE_NLG,NLG,2020-11-03 09:00:00,560,2,20.14,20.21,20.02,20.21,789040,15895210.800000003,derived_ohlc4
HOSE_NLG,NLG,2020-11-04 09:00:00,561,2,20.06,20.43,20.06,20.14,946310,19089438.474999998,derived_ohlc4
HOSE_NLG,NLG,2020-11-05 09:00:00,562,2,20.1,20.36,20.06,20.28,607940,12280388.0,derived_ohlc4
HOSE_NLG,NLG,2020-11-06 09:00:00,563,2,20.28,20.28,20.06,20.21,619210,12512686.075000001,derived_ohlc4
HOSE_NLG,NLG,2020-11-09 09:00:00,564,2,20.21,20.25,20.06,20.25,999580,20184019.15,derived_ohlc4
HOSE_NLG,NLG,2020-11-10 09:00:00,565,2,20.28,20.32,20.14,20.28,827500,16761012.500000002,derived_ohlc4
HOSE_NLG,NLG,2020-11-11 09:00:00,566,2,20.21,20.92,20.17,20.88,1230890,25288635.05,derived_ohlc4
HOSE_NLG,NLG,2020-11-12 09:00:00,567,2,20.88,21.03,20.77,20.95,529740,11075539.049999999,derived_ohlc4
HOSE_NLG,NLG,2020-11-13 09:00:00,568,2,21.1,21.14,20.88,21.1,618680,13026307.4,derived_ohlc4
HOSE_NLG,NLG,2020-11-16 09:00:00,569,2,20.92,21.14,20.92,21.1,667990,14041149.800000003,derived_ohlc4
HOSE_NLG,NLG,2020-11-17 09:00:00,570,2,21.18,21.32,21.06,21.25,920260,19511812.650000002,derived_ohlc4
HOSE_NLG,NLG,2020-11-18 09:00:00,571,2,21.29,21.29,21.1,21.21,756180,16048030.05,derived_ohlc4
HOSE_NLG,NLG,2020-11-19 09:00:00,572,2,21.29,21.29,20.88,20.88,1052400,22189853.999999996,derived_ohlc4
HOSE_NLG,NLG,2020-11-20 09:00:00,573,2,20.88,21.14,20.43,21.14,1378430,28805740.925,derived_ohlc4
HOSE_NLG,NLG,2020-11-23 09:00:00,574,2,21.21,21.25,21.03,21.25,827390,17528257.150000002,derived_ohlc4
HOSE_NLG,NLG,2020-11-24 09:00:00,575,2,21.25,21.25,21.03,21.1,611200,12931464.0,derived_ohlc4
HOSE_NLG,NLG,2020-11-25 09:00:00,576,2,21.18,21.18,20.95,21.06,643960,13582726.3,derived_ohlc4
HOSE_NLG,NLG,2020-11-26 09:00:00,577,2,21.1,21.14,20.92,21.1,798660,16823772.900000002,derived_ohlc4
HOSE_NLG,NLG,2020-11-27 09:00:00,578,2,21.14,21.36,21.1,21.29,788600,16736063.5,derived_ohlc4
HOSE_NLG,NLG,2020-11-30 09:00:00,579,2,21.36,21.66,21.32,21.4,1038730,22265177.55,derived_ohlc4
HOSE_NLG,NLG,2020-12-01 09:00:00,580,2,20.84,21.7,20.84,21.7,879300,18702711.0,derived_ohlc4
HOSE_NLG,NLG,2020-12-02 09:00:00,581,2,21.7,21.99,21.4,21.92,1553430,33790986.075,derived_ohlc4
HOSE_NLG,NLG,2020-12-03 09:00:00,582,2,21.92,22.11,21.77,21.96,702320,15408900.799999999,derived_ohlc4
HOSE_NLG,NLG,2020-12-04 09:00:00,583,2,21.99,21.99,21.77,21.92,1142790,25047099.825,derived_ohlc4
HOSE_NLG,NLG,2020-12-07 09:00:00,584,2,21.99,21.99,21.47,21.7,907640,19775206.499999996,derived_ohlc4
HOSE_NLG,NLG,2020-12-08 09:00:00,585,2,21.7,21.7,21.47,21.66,1320820,28572638.650000002,derived_ohlc4
HOSE_NLG,NLG,2020-12-09 09:00:00,586,2,21.51,21.92,21.51,21.77,1187750,25747450.625000004,derived_ohlc4
HOSE_NLG,NLG,2020-12-10 09:00:00,587,2,21.88,21.92,21.62,21.85,1088230,23742458.025000002,derived_ohlc4
HOSE_NLG,NLG,2020-12-11 09:00:00,588,2,21.85,21.92,21.62,21.85,999170,21791897.700000003,derived_ohlc4
HOSE_NLG,NLG,2020-12-14 09:00:00,589,2,22.0,22.22,21.85,22.0,1695760,37336395.8,derived_ohlc4
HOSE_NLG,NLG,2020-12-15 09:00:00,590,2,21.88,22.11,21.85,22.03,878540,19299327.45,derived_ohlc4
HOSE_NLG,NLG,2020-12-16 09:00:00,591,2,22.11,22.18,22.0,22.03,1129150,24931631.999999996,derived_ohlc4
HOSE_NLG,NLG,2020-12-17 09:00:00,592,2,21.96,22.03,21.51,21.88,1693830,37001716.35,derived_ohlc4
HOSE_NLG,NLG,2020-12-18 09:00:00,593,2,22.0,22.18,21.81,22.15,1251860,27584735.099999994,derived_ohlc4
HOSE_NLG,NLG,2020-12-21 09:00:00,594,2,22.18,22.18,22.03,22.15,1453940,32182961.9,derived_ohlc4
HOSE_NLG,NLG,2020-12-22 09:00:00,595,2,22.11,22.18,21.88,22.15,1439500,31784159.999999996,derived_ohlc4
HOSE_NLG,NLG,2020-12-23 09:00:00,596,2,22.18,22.45,22.07,22.26,1163910,25885358.4,derived_ohlc4
HOSE_NLG,NLG,2020-12-24 09:00:00,597,2,22.34,22.34,21.73,22.07,1004380,22216885.599999998,derived_ohlc4
HOSE_NLG,NLG,2020-12-25 09:00:00,598,2,22.07,22.07,21.7,22.03,799070,17553570.225,derived_ohlc4
HOSE_NLG,NLG,2020-12-28 09:00:00,599,2,22.11,22.18,21.88,21.96,973950,21458553.375,derived_ohlc4
HOSE_NLG,NLG,2020-12-29 09:00:00,600,2,21.88,22.56,21.88,22.26,1996070,44202970.15,derived_ohlc4
HOSE_NLG,NLG,2020-12-30 09:00:00,601,2,22.94,22.94,22.26,22.3,1008750,22807837.5,derived_ohlc4
HOSE_NLG,NLG,2020-12-31 09:00:00,602,2,22.3,22.34,22.15,22.26,717290,15968668.625,derived_ohlc4
HOSE_NLG,NLG,2021-01-04 09:00:00,603,2,22.18,22.52,22.11,22.45,1146500,25584147.5,derived_ohlc4
HOSE_NLG,NLG,2021-01-05 09:00:00,604,2,22.22,22.49,22.22,22.49,1154300,25804376.499999996,derived_ohlc4
HOSE_NLG,NLG,2021-01-06 09:00:00,605,2,22.56,24.03,22.56,24.03,2515300,58593913.50000001,derived_ohlc4
HOSE_NLG,NLG,2021-01-07 09:00:00,606,2,24.03,25.43,23.62,25.2,1689500,41511015.0,derived_ohlc4
HOSE_NLG,NLG,2021-01-08 09:00:00,607,2,25.28,25.28,24.56,24.9,1062100,26557810.500000004,derived_ohlc4
HOSE_NLG,NLG,2021-01-11 09:00:00,608,2,24.9,26.56,24.83,25.96,2178100,55677681.25,derived_ohlc4
HOSE_NLG,NLG,2021-01-12 09:00:00,609,2,26.03,26.26,25.28,25.66,1055700,27244977.75,derived_ohlc4
HOSE_NLG,NLG,2021-01-13 09:00:00,610,2,25.5,25.54,24.45,24.9,2259200,56700271.99999999,derived_ohlc4
HOSE_NLG,NLG,2021-01-14 09:00:00,611,2,24.52,25.28,24.37,24.86,1556800,38542476.0,derived_ohlc4
HOSE_NLG,NLG,2021-01-15 09:00:00,612,2,24.86,25.66,24.86,25.35,1341800,33789878.5,derived_ohlc4
HOSE_NLG,NLG,2021-01-18 09:00:00,613,2,25.35,25.39,23.73,24.9,990300,24601527.75,derived_ohlc4
HOSE_NLG,NLG,2021-01-19 09:00:00,614,2,24.9,25.28,23.17,24.07,2151600,52402217.99999999,derived_ohlc4
HOSE_NLG,NLG,2021-01-20 09:00:00,615,2,24.07,24.37,22.94,24.0,739400,17630993.0,derived_ohlc4
HOSE_NLG,NLG,2021-01-21 09:00:00,616,2,24.3,25.2,23.58,24.68,1535800,37534952.0,derived_ohlc4
HOSE_NLG,NLG,2021-01-22 09:00:00,617,2,24.9,25.73,24.6,25.62,2377700,59947761.25,derived_ohlc4
HOSE_NLG,NLG,2021-01-25 09:00:00,618,2,25.58,26.75,25.35,26.56,4556300,118737178.00000001,derived_ohlc4
HOSE_NLG,NLG,2021-01-26 09:00:00,619,2,26.56,27.16,25.5,25.58,2166300,56757060.0,derived_ohlc4
HOSE_NLG,NLG,2021-01-27 09:00:00,620,2,24.98,26.6,24.98,25.66,2334500,59658147.5,derived_ohlc4
HOSE_NLG,NLG,2021-01-28 09:00:00,621,2,24.15,24.52,23.88,23.88,1703900,41076769.25,derived_ohlc4
HOSE_NLG,NLG,2021-01-29 09:00:00,622,2,23.09,25.05,23.09,24.52,2012500,48174218.75,derived_ohlc4
HOSE_NLG,NLG,2021-02-01 09:00:00,623,2,24.52,24.6,23.39,24.15,1692000,40887180.0,derived_ohlc4
HOSE_NLG,NLG,2021-02-02 09:00:00,624,2,23.62,24.6,23.2,24.18,1285700,30728230.0,derived_ohlc4
HOSE_NLG,NLG,2021-02-03 09:00:00,625,2,24.52,25.28,24.15,24.52,1403500,34550661.24999999,derived_ohlc4
HOSE_NLG,NLG,2021-02-04 09:00:00,626,2,24.83,24.98,24.15,24.52,765100,18836762.0,derived_ohlc4
HOSE_NLG,NLG,2021-02-05 09:00:00,627,2,24.52,26.07,24.52,26.03,1301200,32900842.0,derived_ohlc4
HOSE_NLG,NLG,2021-02-08 09:00:00,628,2,25.88,26.07,24.37,24.37,1287300,32404559.250000004,derived_ohlc4
HOSE_NLG,NLG,2021-02-09 09:00:00,629,2,24.37,25.5,23.69,25.2,2581100,63727359.0,derived_ohlc4
HOSE_NLG,NLG,2021-02-17 09:00:00,630,2,25.35,26.52,25.35,26.41,2489500,64496721.25,derived_ohlc4
HOSE_NLG,NLG,2021-02-18 09:00:00,631,2,26.79,28.18,26.11,27.92,3329400,90726150.0,derived_ohlc4
HOSE_NLG,NLG,2021-02-19 09:00:00,632,2,27.77,27.92,27.39,27.66,1838000,50885030.0,derived_ohlc4
HOSE_NLG,NLG,2021-02-22 09:00:00,633,2,27.5,27.66,27.13,27.13,1853100,50691550.49999999,derived_ohlc4
HOSE_NLG,NLG,2021-02-23 09:00:00,634,2,27.16,27.43,27.02,27.24,1926300,52419438.75,derived_ohlc4
HOSE_NLG,NLG,2021-02-24 09:00:00,635,2,27.16,27.92,26.64,26.98,2222900,60407307.5,derived_ohlc4
HOSE_NLG,NLG,2021-02-25 09:00:00,636,2,27.32,27.73,27.05,27.43,1962000,53724465.0,derived_ohlc4
HOSE_NLG,NLG,2021-02-26 09:00:00,637,2,25.66,27.66,25.66,27.32,1644700,43707902.50000001,derived_ohlc4
HOSE_NLG,NLG,2021-03-01 09:00:00,638,2,27.32,27.84,26.94,27.84,2109300,57974110.5,derived_ohlc4
HOSE_NLG,NLG,2021-03-02 09:00:00,639,2,27.92,28.07,26.86,27.09,2108800,57960368.0,derived_ohlc4
HOSE_NLG,NLG,2021-03-03 09:00:00,640,2,27.09,27.47,26.94,27.32,1847900,50272119.5,derived_ohlc4
HOSE_NLG,NLG,2021-03-04 09:00:00,641,2,27.47,27.47,26.03,26.98,1799100,48553211.25,derived_ohlc4
HOSE_NLG,NLG,2021-03-05 09:00:00,642,2,26.86,27.16,26.49,26.79,1474500,39553462.49999999,derived_ohlc4
HOSE_NLG,NLG,2021-03-08 09:00:00,643,2,26.79,27.09,26.64,26.86,1718100,46122394.5,derived_ohlc4
HOSE_NLG,NLG,2021-03-09 09:00:00,644,2,26.41,26.79,26.11,26.3,1593500,42072383.75,derived_ohlc4
HOSE_NLG,NLG,2021-03-10 09:00:00,645,2,26.41,26.56,25.66,26.26,1844500,48367401.25,derived_ohlc4
HOSE_NLG,NLG,2021-03-11 09:00:00,646,2,26.56,26.94,26.45,26.79,953700,25449484.500000004,derived_ohlc4
HOSE_NLG,NLG,2021-03-12 09:00:00,647,2,26.79,27.58,26.41,27.24,1908700,51544443.5,derived_ohlc4
HOSE_NLG,NLG,2021-03-15 09:00:00,648,2,27.16,27.24,26.9,26.9,831500,22492074.999999996,derived_ohlc4
HOSE_NLG,NLG,2021-03-16 09:00:00,649,2,26.86,27.09,26.45,26.71,670700,17959669.250000004,derived_ohlc4
HOSE_NLG,NLG,2021-03-17 09:00:00,650,2,26.45,26.71,26.26,26.3,998400,26387712.0,derived_ohlc4
HOSE_NLG,NLG,2021-03-18 09:00:00,651,2,26.56,26.6,25.77,25.77,1786200,46753784.99999999,derived_ohlc4
HOSE_NLG,NLG,2021-03-19 09:00:00,652,2,25.96,27.09,25.92,26.83,1185300,31351185.0,derived_ohlc4
HOSE_NLG,NLG,2021-03-22 09:00:00,653,2,26.86,27.02,26.6,26.79,1084800,29091623.999999996,derived_ohlc4
HOSE_NLG,NLG,2021-03-23 09:00:00,654,2,26.79,26.79,26.3,26.34,786200,20877541.0,derived_ohlc4
HOSE_NLG,NLG,2021-03-24 09:00:00,655,2,25.66,26.26,25.66,25.73,1037300,26790865.75,derived_ohlc4
HOSE_NLG,NLG,2021-03-25 09:00:00,656,2,25.73,26.03,25.66,25.88,1059600,27364170.0,derived_ohlc4
HOSE_NLG,NLG,2021-03-26 09:00:00,657,2,25.77,25.92,24.9,25.73,1344100,34382078.0,derived_ohlc4
HOSE_NLG,NLG,2021-03-29 09:00:00,658,2,25.84,26.26,25.5,26.26,1264900,32843128.5,derived_ohlc4
HOSE_NLG,NLG,2021-03-30 09:00:00,659,2,25.96,26.41,25.96,26.26,887900,23216365.250000004,derived_ohlc4
HOSE_NLG,NLG,2021-03-31 09:00:00,660,2,26.26,26.41,26.03,26.41,822800,21621127.0,derived_ohlc4
HOSE_NLG,NLG,2021-04-01 09:00:00,661,2,26.34,26.79,26.34,26.71,1372600,36435667.0,derived_ohlc4
HOSE_NLG,NLG,2021-04-02 09:00:00,662,2,26.79,26.94,26.49,26.79,859800,23001799.499999996,derived_ohlc4
HOSE_NLG,NLG,2021-04-05 09:00:00,663,2,26.79,26.86,26.26,26.64,1297400,34559492.5,derived_ohlc4
HOSE_NLG,NLG,2021-04-06 09:00:00,664,2,26.64,26.64,26.18,26.41,602600,15949315.5,derived_ohlc4
HOSE_NLG,NLG,2021-04-07 09:00:00,665,2,26.34,26.41,26.11,26.41,1031200,27138606.0,derived_ohlc4
HOSE_NLG,NLG,2021-04-08 09:00:00,666,2,26.11,26.41,26.03,26.26,898800,23550807.0,derived_ohlc4
HOSE_NLG,NLG,2021-04-09 09:00:00,667,2,26.11,26.3,26.11,26.3,973800,25518429.0,derived_ohlc4
HOSE_NLG,NLG,2021-04-12 09:00:00,668,2,26.64,27.69,26.41,27.32,3482800,94087842.0,derived_ohlc4
HOSE_NLG,NLG,2021-04-13 09:00:00,669,2,27.32,27.54,26.64,26.64,953100,25767058.5,derived_ohlc4
HOSE_NLG,NLG,2021-04-14 09:00:00,670,2,26.34,26.79,26.3,26.68,1390900,36897099.74999999,derived_ohlc4
HOSE_NLG,NLG,2021-04-15 09:00:00,671,2,26.71,26.71,26.03,26.15,2268100,59877840.0,derived_ohlc4
HOSE_NLG,NLG,2021-04-16 09:00:00,672,2,25.73,26.18,25.35,25.81,2064500,53197003.75,derived_ohlc4
HOSE_NLG,NLG,2021-04-19 09:00:00,673,2,25.69,26.64,25.69,26.03,1815900,47236098.75,derived_ohlc4
HOSE_NLG,NLG,2021-04-20 09:00:00,674,2,26.37,26.41,25.66,26.18,1554800,40665794.0,derived_ohlc4
HOSE_NLG,NLG,2021-04-22 09:00:00,675,2,26.26,26.34,25.66,25.73,1334100,34683264.75,derived_ohlc4
HOSE_NLG,NLG,2021-04-23 09:00:00,676,2,25.5,26.56,25.2,26.37,1612100,41765480.75000001,derived_ohlc4
HOSE_NLG,NLG,2021-04-26 09:00:00,677,2,26.64,26.71,26.26,26.41,2089500,55382197.5,derived_ohlc4
HOSE_NLG,NLG,2021-04-27 09:00:00,678,2,26.26,26.41,25.92,26.41,1124100,29507625.0,derived_ohlc4
HOSE_NLG,NLG,2021-04-28 09:00:00,679,2,26.37,26.79,26.07,26.64,1280500,33891633.75,derived_ohlc4
HOSE_NLG,NLG,2021-04-29 09:00:00,680,2,26.79,27.81,26.64,27.39,7180400,195001713.0,derived_ohlc4
HOSE_NLG,NLG,2021-05-04 09:00:00,681,2,27.02,29.13,27.02,29.05,4200000,117831000.0,derived_ohlc4
HOSE_NLG,NLG,2021-05-05 09:00:00,682,2,29.05,29.35,28.75,28.98,1960100,56906603.25000001,derived_ohlc4
HOSE_NLG,NLG,2021-05-06 09:00:00,683,2,28.75,29.66,28.37,28.98,3148900,91129166.0,derived_ohlc4
HOSE_NLG,NLG,2021-05-07 09:00:00,684,2,28.68,29.43,28.3,29.28,2730800,78981563.0,derived_ohlc4
HOSE_NLG,NLG,2021-05-10 09:00:00,685,2,29.28,29.66,28.9,29.35,1723600,50497171.0,derived_ohlc4
HOSE_NLG,NLG,2021-05-11 09:00:00,686,2,29.35,30.41,28.83,29.05,4445500,130742155.0,derived_ohlc4
HOSE_NLG,NLG,2021-05-12 09:00:00,687,2,29.2,30.11,29.2,29.92,1850500,54788678.75,derived_ohlc4
HOSE_NLG,NLG,2021-05-13 09:00:00,688,2,29.81,29.96,29.05,29.05,1709400,50371744.49999999,derived_ohlc4
HOSE_NLG,NLG,2021-05-14 09:00:00,689,2,29.05,29.5,28.75,28.79,2585600,75040576.0,derived_ohlc4
HOSE_NLG,NLG,2021-05-17 09:00:00,690,2,28.71,28.75,27.69,27.73,4671200,131821264.00000001,derived_ohlc4
HOSE_NLG,NLG,2021-05-18 09:00:00,691,2,27.81,28.19,27.46,27.46,3139700,87063881.00000001,derived_ohlc4
HOSE_NLG,NLG,2021-05-19 09:00:00,692,2,27.39,28.23,26.85,28.23,2712100,75057367.5,derived_ohlc4
HOSE_NLG,NLG,2021-05-20 09:00:00,693,2,28.23,28.76,28.11,28.15,1687600,47780175.0,derived_ohlc4
HOSE_NLG,NLG,2021-05-21 09:00:00,694,2,27.92,28.57,27.92,28.26,2803800,78976036.5,derived_ohlc4
HOSE_NLG,NLG,2021-05-24 09:00:00,695,2,28.91,29.33,28.38,28.99,12463900,360237869.74999994,derived_ohlc4
HOSE_NLG,NLG,2021-05-25 09:00:00,696,2,29.3,29.68,29.1,29.45,4273300,125560237.25000001,derived_ohlc4
HOSE_NLG,NLG,2021-05-26 09:00:00,697,2,29.22,29.94,28.91,29.49,2388600,70200954.0,derived_ohlc4
HOSE_NLG,NLG,2021-05-27 09:00:00,698,2,29.6,30.13,29.03,29.07,5012900,147667501.75000003,derived_ohlc4
HOSE_NLG,NLG,2021-05-28 09:00:00,699,2,29.07,29.37,28.84,29.14,3421100,99571115.5,derived_ohlc4
HOSE_NLG,NLG,2021-05-31 09:00:00,700,2,29.14,29.83,28.84,29.75,4226200,124208018.0,derived_ohlc4
HOSE_NLG,NLG,2021-06-01 09:00:00,701,2,29.79,31.81,29.79,31.24,5745100,176130403.24999997,derived_ohlc4
HOSE_NLG,NLG,2021-06-02 09:00:00,702,2,30.97,31.66,30.52,31.28,3685400,114643580.5,derived_ohlc4
HOSE_NLG,NLG,2021-06-03 09:00:00,703,2,31.28,31.66,30.82,31.28,3064500,95796270.0,derived_ohlc4
HOSE_NLG,NLG,2021-06-04 09:00:00,704,2,31.66,31.74,30.52,30.67,3991200,124315902.0,derived_ohlc4
HOSE_NLG,NLG,2021-06-07 09:00:00,705,2,30.67,30.67,28.99,29.45,3594500,107637302.5,derived_ohlc4
HOSE_NLG,NLG,2021-06-08 09:00:00,706,2,29.6,30.13,28.57,28.61,4516000,131991390.00000001,derived_ohlc4
HOSE_NLG,NLG,2021-06-09 09:00:00,707,2,28.61,29.14,27.92,29.14,3984600,114367981.5,derived_ohlc4
HOSE_NLG,NLG,2021-06-10 09:00:00,708,2,29.07,29.45,28.91,29.37,2676400,78150880.0,derived_ohlc4
HOSE_NLG,NLG,2021-06-11 09:00:00,709,2,29.41,30.1,29.3,29.79,2307700,68423305.0,derived_ohlc4
HOSE_NLG,NLG,2021-06-14 09:00:00,710,2,29.83,30.13,29.37,29.68,3142200,93488305.5,derived_ohlc4
HOSE_NLG,NLG,2021-06-15 09:00:00,711,2,29.6,30.13,29.41,29.94,2268000,67518360.0,derived_ohlc4
HOSE_NLG,NLG,2021-06-16 09:00:00,712,2,29.91,30.1,29.52,29.56,2029300,60417334.25,derived_ohlc4
HOSE_NLG,NLG,2021-06-17 09:00:00,713,2,29.3,30.13,28.99,29.56,1938400,57173108.0,derived_ohlc4
HOSE_NLG,NLG,2021-06-18 09:00:00,714,2,29.75,30.48,29.68,30.44,4832900,145409878.75,derived_ohlc4
HOSE_NLG,NLG,2021-06-21 09:00:00,715,2,30.44,30.97,30.29,30.32,2852700,87021613.49999999,derived_ohlc4
HOSE_NLG,NLG,2021-06-22 09:00:00,716,2,30.67,30.67,30.06,30.06,1752900,53226808.5,derived_ohlc4
HOSE_NLG,NLG,2021-06-23 09:00:00,717,2,30.06,30.06,29.22,29.45,3345000,99338137.5,derived_ohlc4
HOSE_NLG,NLG,2021-06-24 09:00:00,718,2,29.45,29.79,29.14,29.45,1695500,49945191.25,derived_ohlc4
HOSE_NLG,NLG,2021-06-25 09:00:00,719,2,29.22,29.52,29.22,29.37,1478700,43373967.75,derived_ohlc4
HOSE_NLG,NLG,2021-06-28 09:00:00,720,2,29.45,29.45,28.99,29.14,2506500,73333923.75,derived_ohlc4
HOSE_NLG,NLG,2021-06-29 09:00:00,721,2,29.14,29.68,29.14,29.6,1790600,52625734.0,derived_ohlc4
HOSE_NLG,NLG,2021-06-30 09:00:00,722,2,29.87,30.36,29.75,29.75,1958000,58607835.0,derived_ohlc4
HOSE_NLG,NLG,2021-07-01 09:00:00,723,2,29.83,30.13,29.75,30.06,2355500,70529558.75,derived_ohlc4
HOSE_NLG,NLG,2021-07-02 09:00:00,724,2,30.06,30.44,29.83,30.06,1779100,53546462.25,derived_ohlc4
HOSE_NLG,NLG,2021-07-05 09:00:00,725,2,29.98,30.02,29.37,29.64,1937100,57633567.75,derived_ohlc4
HOSE_NLG,NLG,2021-07-06 09:00:00,726,2,29.75,29.87,28.84,28.84,2089300,61268722.50000001,derived_ohlc4
HOSE_NLG,NLG,2021-07-07 09:00:00,727,2,28.84,28.99,27.96,28.46,2745800,78426912.5,derived_ohlc4
HOSE_NLG,NLG,2021-07-08 09:00:00,728,2,28.46,29.14,28.38,28.88,1769000,50796835.0,derived_ohlc4
HOSE_NLG,NLG,2021-07-09 09:00:00,729,2,28.99,28.99,28.08,28.99,1780100,51200126.25,derived_ohlc4
HOSE_NLG,NLG,2021-07-12 09:00:00,730,2,28.91,28.91,27.35,28.23,2402500,68110875.0,derived_ohlc4
HOSE_NLG,NLG,2021-07-13 09:00:00,731,2,28.15,28.26,27.85,28.26,1680700,47278091.0,derived_ohlc4
HOSE_NLG,NLG,2021-07-14 09:00:00,732,2,28.23,28.34,27.54,28.23,991500,27846277.5,derived_ohlc4
HOSE_NLG,NLG,2021-07-15 09:00:00,733,2,28.04,28.38,27.77,28.0,1418700,39790988.25,derived_ohlc4
HOSE_NLG,NLG,2021-07-16 09:00:00,734,2,28.08,28.57,28.08,28.38,1350900,38200074.74999999,derived_ohlc4
HOSE_NLG,NLG,2021-07-19 09:00:00,735,2,27.85,29.33,27.85,28.61,3586500,101892465.0,derived_ohlc4
HOSE_NLG,NLG,2021-07-20 09:00:00,736,2,28.42,29.07,28.42,29.07,1197100,34410639.5,derived_ohlc4
HOSE_NLG,NLG,2021-07-21 09:00:00,737,2,28.99,29.33,28.65,29.1,1267700,36785484.75,derived_ohlc4
HOSE_NLG,NLG,2021-07-22 09:00:00,738,2,28.95,30.86,28.8,30.52,7222100,215092193.25,derived_ohlc4
HOSE_NLG,NLG,2021-07-23 09:00:00,739,2,30.52,31.24,30.21,30.21,3444500,105212252.5,derived_ohlc4
HOSE_NLG,NLG,2021-07-26 09:00:00,740,2,30.13,32.27,29.91,32.08,4290700,133430043.25,derived_ohlc4
HOSE_NLG,NLG,2021-07-27 09:00:00,741,2,32.0,32.19,31.32,31.66,5070100,161191154.24999997,derived_ohlc4
HOSE_NLG,NLG,2021-07-28 09:00:00,742,2,31.36,31.96,31.28,31.58,2288500,72190732.5,derived_ohlc4
HOSE_NLG,NLG,2021-07-29 09:00:00,743,2,31.66,32.04,31.36,32.04,4241500,134773662.5,derived_ohlc4
HOSE_NLG,NLG,2021-07-30 09:00:00,744,2,32.04,33.34,31.89,33.34,5859500,191327323.75000003,derived_ohlc4
HOSE_NLG,NLG,2021-08-02 09:00:00,745,2,32.8,33.11,32.42,32.58,3912500,128046343.75,derived_ohlc4
HOSE_NLG,NLG,2021-08-03 09:00:00,746,2,32.65,33.15,32.46,33.15,4899500,160960823.75,derived_ohlc4
HOSE_NLG,NLG,2021-08-04 09:00:00,747,2,33.03,33.95,32.8,33.22,3261500,108444875.0,derived_ohlc4
HOSE_NLG,NLG,2021-08-05 09:00:00,748,2,32.96,33.42,32.96,33.42,2823000,93695370.0,derived_ohlc4
HOSE_NLG,NLG,2021-08-06 09:00:00,749,2,33.26,34.56,33.19,33.42,4979400,167345185.5,derived_ohlc4
HOSE_NLG,NLG,2021-08-09 09:00:00,750,2,33.34,34.33,33.34,34.02,3896800,131546226.0,derived_ohlc4
HOSE_NLG,NLG,2021-08-10 09:00:00,751,2,34.02,34.02,33.64,33.87,2208400,74837155.0,derived_ohlc4
HOSE_NLG,NLG,2021-08-11 09:00:00,752,2,33.72,34.02,32.42,32.46,6998200,232025321.0,derived_ohlc4
HOSE_NLG,NLG,2021-08-12 09:00:00,753,2,32.19,33.19,32.12,32.42,5067700,164598896.00000003,derived_ohlc4
HOSE_NLG,NLG,2021-08-13 09:00:00,754,2,32.27,33.15,31.96,33.15,4508000,147107310.0,derived_ohlc4
HOSE_NLG,NLG,2021-08-16 09:00:00,755,2,33.49,34.1,33.11,33.19,3411700,114198128.24999999,derived_ohlc4
HOSE_NLG,NLG,2021-08-17 09:00:00,756,2,32.8,33.03,32.12,32.23,4692000,152701139.99999997,derived_ohlc4
HOSE_NLG,NLG,2021-08-18 09:00:00,757,2,32.16,32.96,31.66,32.04,4589800,147814509.0,derived_ohlc4
HOSE_NLG,NLG,2021-08-19 09:00:00,758,2,31.93,32.35,31.85,32.12,2447100,78460143.75,derived_ohlc4
HOSE_NLG,NLG,2021-08-20 09:00:00,759,2,32.19,32.27,30.52,31.2,5158100,162712264.5,derived_ohlc4
HOSE_NLG,NLG,2021-08-23 09:00:00,760,2,30.74,31.58,30.59,31.09,2413600,74821600.0,derived_ohlc4
HOSE_NLG,NLG,2021-08-24 09:00:00,761,2,31.51,31.66,30.94,31.24,2346100,73520908.75,derived_ohlc4
HOSE_NLG,NLG,2021-08-25 09:00:00,762,2,31.28,31.74,31.28,31.66,1312400,41327476.0,derived_ohlc4
HOSE_NLG,NLG,2021-08-26 09:00:00,763,2,31.78,32.12,31.55,31.81,1602900,50996263.5,derived_ohlc4
HOSE_NLG,NLG,2021-08-27 09:00:00,764,2,31.7,32.35,31.36,32.35,2154800,68824312.0,derived_ohlc4
HOSE_NLG,NLG,2021-08-30 09:00:00,765,2,32.69,33.42,32.31,33.19,3305600,108762504.00000001,derived_ohlc4
HOSE_NLG,NLG,2021-08-31 09:00:00,766,2,33.19,33.49,32.65,33.19,3558900,117906357.00000001,derived_ohlc4
HOSE_NLG,NLG,2021-09-01 09:00:00,767,2,33.15,33.15,32.84,33.03,1931700,63828197.25000001,derived_ohlc4
HOSE_NLG,NLG,2021-09-06 09:00:00,768,2,33.45,35.21,33.22,34.86,5095800,174199923.0,derived_ohlc4
HOSE_NLG,NLG,2021-09-07 09:00:00,769,2,34.94,34.94,33.45,33.87,3677300,126131389.99999999,derived_ohlc4
HOSE_NLG,NLG,2021-09-08 09:00:00,770,2,33.64,34.18,33.26,33.57,2033700,68459426.24999999,derived_ohlc4
HOSE_NLG,NLG,2021-09-09 09:00:00,771,2,33.95,33.95,33.45,33.8,1798400,60763440.0,derived_ohlc4
HOSE_NLG,NLG,2021-09-10 09:00:00,772,2,34.1,34.1,33.3,33.57,1685200,56904991.0,derived_ohlc4
HOSE_NLG,NLG,2021-09-13 09:00:00,773,2,33.26,33.57,32.84,32.96,1692100,56105805.75,derived_ohlc4
HOSE_NLG,NLG,2021-09-14 09:00:00,774,2,32.96,33.03,32.04,32.12,2179400,70912227.5,derived_ohlc4
HOSE_NLG,NLG,2021-09-15 09:00:00,775,2,32.12,32.69,31.81,32.5,1469200,47425776.0,derived_ohlc4
HOSE_NLG,NLG,2021-09-16 09:00:00,776,2,32.27,32.96,32.23,32.8,1639100,53377291.49999999,derived_ohlc4
HOSE_NLG,NLG,2021-09-17 09:00:00,777,2,32.73,33.57,32.73,33.3,1709000,56537992.49999999,derived_ohlc4
HOSE_NLG,NLG,2021-09-20 09:00:00,778,2,33.8,33.8,32.27,32.38,2255000,74555937.5,derived_ohlc4
HOSE_NLG,NLG,2021-09-21 09:00:00,779,2,32.0,32.19,31.28,31.96,3256700,103750320.25,derived_ohlc4
HOSE_NLG,NLG,2021-09-22 09:00:00,780,2,31.96,32.04,31.36,32.04,2505700,79806545.0,derived_ohlc4
HOSE_NLG,NLG,2021-09-23 09:00:00,781,2,32.04,32.65,32.04,32.23,2475700,79816567.99999999,derived_ohlc4
HOSE_NLG,NLG,2021-09-24 09:00:00,782,2,32.23,32.8,31.74,32.23,1273000,41054250.0,derived_ohlc4
HOSE_NLG,NLG,2021-09-27 09:00:00,783,2,32.12,32.12,31.28,31.28,1634100,51800970.0,derived_ohlc4
HOSE_NLG,NLG,2021-09-28 09:00:00,784,2,30.9,32.42,30.9,32.42,2458800,77845608.0,derived_ohlc4
HOSE_NLG,NLG,2021-09-29 09:00:00,785,2,32.04,32.42,31.85,32.0,1123400,36035863.5,derived_ohlc4
HOSE_NLG,NLG,2021-09-30 09:00:00,786,2,32.04,32.42,31.93,32.0,1791700,57509090.75000001,derived_ohlc4
HOSE_NLG,NLG,2021-10-01 09:00:00,787,2,31.81,31.89,31.39,31.51,1744800,55222920.0,derived_ohlc4
HOSE_NLG,NLG,2021-10-04 09:00:00,788,2,31.28,31.96,31.09,31.74,1498700,47235277.25,derived_ohlc4
HOSE_NLG,NLG,2021-10-05 09:00:00,789,2,31.74,32.38,31.55,32.23,1517200,48512470.0,derived_ohlc4
HOSE_NLG,NLG,2021-10-06 09:00:00,790,2,32.38,33.07,32.38,33.07,3063800,100262855.0,derived_ohlc4
HOSE_NLG,NLG,2021-10-07 09:00:00,791,2,33.03,33.49,32.77,33.03,2713000,89746040.00000001,derived_ohlc4
HOSE_NLG,NLG,2021-10-08 09:00:00,792,2,33.26,33.91,33.19,33.57,2671000,89431757.49999999,derived_ohlc4
HOSE_NLG,NLG,2021-10-11 09:00:00,793,2,33.72,34.33,33.3,33.34,2838400,95576024.0,derived_ohlc4
HOSE_NLG,NLG,2021-10-12 09:00:00,794,2,33.34,33.76,32.99,33.11,2892200,96310259.99999999,derived_ohlc4
HOSE_NLG,NLG,2021-10-13 09:00:00,795,2,33.34,34.25,33.19,33.95,3361000,113206882.50000001,derived_ohlc4
HOSE_NLG,NLG,2021-10-14 09:00:00,796,2,34.56,36.08,34.33,35.63,6194000,217719100.0,derived_ohlc4
HOSE_NLG,NLG,2021-10-15 09:00:00,797,2,35.63,36.16,35.32,35.63,3439400,122734988.99999999,derived_ohlc4
HOSE_NLG,NLG,2021-10-18 09:00:00,798,2,35.89,38.03,35.89,37.72,6302300,232444579.75,derived_ohlc4
HOSE_NLG,NLG,2021-10-19 09:00:00,799,2,37.53,37.53,36.92,37.38,4030300,150491402.0,derived_ohlc4
HOSE_NLG,NLG,2021-10-20 09:00:00,800,2,37.38,39.52,37.38,38.68,7166300,274039312.0,derived_ohlc4
HOSE_NLG,NLG,2021-10-21 09:00:00,801,2,39.67,40.43,38.76,38.91,7094300,279816927.74999994,derived_ohlc4
HOSE_NLG,NLG,2021-10-22 09:00:00,802,2,39.29,41.35,38.83,41.35,5733300,230507326.5,derived_ohlc4
HOSE_NLG,NLG,2021-10-25 09:00:00,803,2,41.35,43.33,40.89,41.2,5353200,223188291.0,derived_ohlc4
HOSE_NLG,NLG,2021-10-26 09:00:00,804,2,40.82,41.88,40.66,41.73,5184000,213956640.0,derived_ohlc4
HOSE_NLG,NLG,2021-10-27 09:00:00,805,2,42.65,43.33,42.26,43.1,6463800,276876872.99999994,derived_ohlc4
HOSE_NLG,NLG,2021-10-28 09:00:00,806,2,43.26,45.77,43.26,45.54,5318500,236447213.74999997,derived_ohlc4
HOSE_NLG,NLG,2021-10-29 09:00:00,807,2,46.38,47.0,44.25,44.25,7832400,356139228.0,derived_ohlc4
HOSE_NLG,NLG,2021-11-01 09:00:00,808,2,45.77,46.08,43.26,44.4,7326000,328772565.0,derived_ohlc4
HOSE_NLG,NLG,2021-11-02 09:00:00,809,2,44.86,47.45,44.48,47.45,7195500,331424730.0,derived_ohlc4
HOSE_NLG,NLG,2021-11-03 09:00:00,810,2,50.2,50.28,44.17,44.17,10590800,499938714.0,derived_ohlc4
HOSE_NLG,NLG,2021-11-04 09:00:00,811,2,44.32,46.92,43.87,45.85,6550000,296322000.0,derived_ohlc4
HOSE_NLG,NLG,2021-11-05 09:00:00,812,2,45.85,46.31,44.63,44.78,6524200,296149748.5,derived_ohlc4
HOSE_NLG,NLG,2021-11-08 09:00:00,813,2,44.78,46.84,44.1,46.38,4919500,223960237.5,derived_ohlc4
HOSE_NLG,NLG,2021-11-09 09:00:00,814,2,46.77,47.68,46.38,46.84,5162000,242188135.00000003,derived_ohlc4
HOSE_NLG,NLG,2021-11-10 09:00:00,815,2,46.92,47.68,46.0,46.69,4841000,226667722.5,derived_ohlc4
HOSE_NLG,NLG,2021-11-11 09:00:00,816,2,47.3,49.89,47.3,49.89,7545400,366668713.0,derived_ohlc4
HOSE_NLG,NLG,2021-11-12 09:00:00,817,2,51.11,51.88,49.82,51.88,5346700,273604005.75,derived_ohlc4
HOSE_NLG,NLG,2021-11-15 09:00:00,818,2,52.64,53.17,48.37,50.73,8746600,448066451.5,derived_ohlc4
HOSE_NLG,NLG,2021-11-16 09:00:00,819,2,49.21,50.2,48.29,48.6,10602300,520307872.49999994,derived_ohlc4
HOSE_NLG,NLG,2021-11-17 09:00:00,820,2,48.6,49.97,48.29,49.13,4339300,212614851.74999997,derived_ohlc4
HOSE_NLG,NLG,2021-11-18 09:00:00,821,2,49.97,50.81,49.13,50.35,3906700,195588935.5,derived_ohlc4
HOSE_NLG,NLG,2021-11-19 09:00:00,822,2,50.73,50.81,46.84,47.38,6858000,335630520.0,derived_ohlc4
HOSE_NLG,NLG,2021-11-22 09:00:00,823,2,46.84,47.07,44.1,44.1,8168500,371891383.74999994,derived_ohlc4
HOSE_NLG,NLG,2021-11-23 09:00:00,824,2,43.48,45.01,42.42,45.01,5378000,236524439.99999997,derived_ohlc4
HOSE_NLG,NLG,2021-11-24 09:00:00,825,2,46.8,47.14,45.35,46.89,3418800,159128046.0,derived_ohlc4
HOSE_NLG,NLG,2021-11-25 09:00:00,826,2,47.06,49.44,46.72,48.59,3322000,159298205.0,derived_ohlc4
HOSE_NLG,NLG,2021-11-26 09:00:00,827,2,49.27,49.78,46.46,47.23,5162100,248735788.5,derived_ohlc4
HOSE_NLG,NLG,2021-11-29 09:00:00,828,2,45.69,48.42,45.61,46.54,2847300,132584524.5,derived_ohlc4
HOSE_NLG,NLG,2021-11-30 09:00:00,829,2,46.97,48.16,46.29,47.57,3567400,168550731.49999997,derived_ohlc4
HOSE_NLG,NLG,2021-12-01 09:00:00,830,2,47.4,48.34,46.46,47.06,2942400,139219656.0,derived_ohlc4
HOSE_NLG,NLG,2021-12-02 09:00:00,831,2,47.31,49.61,46.8,48.93,7887800,379896167.5,derived_ohlc4
HOSE_NLG,NLG,2021-12-03 09:00:00,832,2,49.61,50.72,48.42,48.42,5525100,272345991.75,derived_ohlc4
HOSE_NLG,NLG,2021-12-06 09:00:00,833,2,48.25,48.59,45.1,45.1,6771000,316611960.0,derived_ohlc4
HOSE_NLG,NLG,2021-12-07 09:00:00,834,2,45.61,46.89,43.73,46.63,7883800,360407917.0,derived_ohlc4
HOSE_NLG,NLG,2021-12-08 09:00:00,835,2,46.63,47.65,45.61,46.12,3803300,176862958.25,derived_ohlc4
HOSE_NLG,NLG,2021-12-09 09:00:00,836,2,45.86,46.97,45.69,46.89,3288500,152430196.24999997,derived_ohlc4
HOSE_NLG,NLG,2021-12-10 09:00:00,837,2,46.89,48.0,46.72,47.65,4722100,223426161.50000003,derived_ohlc4
HOSE_NLG,NLG,2021-12-13 09:00:00,838,2,48.51,50.98,47.82,50.98,13565100,672455919.75,derived_ohlc4
HOSE_NLG,NLG,2021-12-14 09:00:00,839,2,51.15,52.34,50.47,51.23,6302000,323276845.0,derived_ohlc4
HOSE_NLG,NLG,2021-12-15 09:00:00,840,2,51.58,53.2,50.3,52.0,6210800,321533116.0,derived_ohlc4
HOSE_NLG,NLG,2021-12-16 09:00:00,841,2,52.0,55.58,51.49,55.5,9945400,533496119.5,derived_ohlc4
HOSE_NLG,NLG,2021-12-17 09:00:00,842,2,56.35,57.46,54.56,55.24,6049600,338187764.0,derived_ohlc4
HOSE_NLG,NLG,2021-12-20 09:00:00,843,2,55.41,55.41,52.68,53.28,7784300,421870138.5,derived_ohlc4
HOSE_NLG,NLG,2021-12-21 09:00:00,844,2,53.28,55.84,52.51,55.58,6608200,358841780.49999994,derived_ohlc4
HOSE_NLG,NLG,2021-12-22 09:00:00,845,2,56.01,57.03,54.3,54.3,7525500,416987955.0,derived_ohlc4
HOSE_NLG,NLG,2021-12-23 09:00:00,846,2,54.3,54.47,50.55,51.66,9654600,509231877.0,derived_ohlc4
HOSE_NLG,NLG,2021-12-24 09:00:00,847,2,51.66,53.2,51.49,51.75,3486900,181405972.5,derived_ohlc4
HOSE_NLG,NLG,2021-12-27 09:00:00,848,2,51.83,53.11,49.87,53.11,6239100,324308418.0,derived_ohlc4
HOSE_NLG,NLG,2021-12-28 09:00:00,849,2,53.71,54.13,52.85,53.71,4098600,219684960.0,derived_ohlc4
HOSE_NLG,NLG,2021-12-29 09:00:00,850,2,54.39,55.24,53.28,53.96,5620800,304745724.0,derived_ohlc4
HOSE_NLG,NLG,2021-12-30 09:00:00,851,2,54.13,54.56,52.43,53.28,4106500,220108400.0,derived_ohlc4
HOSE_NLG,NLG,2021-12-31 09:00:00,852,2,53.02,54.73,52.09,54.73,3188300,171028382.75,derived_ohlc4
HOSE_NLG,NLG,2022-01-04 09:00:00,853,2,54.47,55.84,53.71,54.73,6448100,352630468.75,derived_ohlc4
HOSE_NLG,NLG,2022-01-05 09:00:00,854,2,54.98,57.12,54.82,55.41,7071000,393023857.5,derived_ohlc4
HOSE_NLG,NLG,2022-01-06 09:00:00,855,2,55.24,56.43,54.22,54.98,5394100,297848716.74999994,derived_ohlc4
HOSE_NLG,NLG,2022-01-07 09:00:00,856,2,55.58,56.26,54.56,55.5,6372200,353497795.0,derived_ohlc4
HOSE_NLG,NLG,2022-01-10 09:00:00,857,2,55.07,55.33,51.75,51.75,9584600,512536485.0,derived_ohlc4
HOSE_NLG,NLG,2022-01-11 09:00:00,858,2,51.75,53.11,50.3,50.38,6890300,354058065.5,derived_ohlc4
HOSE_NLG,NLG,2022-01-12 09:00:00,859,2,48.59,50.21,46.89,49.02,16247600,790892549.0,derived_ohlc4
HOSE_NLG,NLG,2022-01-13 09:00:00,860,2,49.44,49.44,45.69,46.89,5894700,282149815.49999994,derived_ohlc4
HOSE_NLG,NLG,2022-01-14 09:00:00,861,2,45.27,49.36,45.27,48.16,3231700,151938375.5,derived_ohlc4
HOSE_NLG,NLG,2022-01-17 09:00:00,862,2,48.59,48.85,44.84,44.84,6390400,298942912.0,derived_ohlc4
HOSE_NLG,NLG,2022-01-18 09:00:00,863,2,42.8,45.18,41.77,41.77,6156400,263986432.00000003,derived_ohlc4
HOSE_NLG,NLG,2022-01-19 09:00:00,864,2,41.77,44.67,41.77,44.07,6911200,297665384.0,derived_ohlc4
HOSE_NLG,NLG,2022-01-20 09:00:00,865,2,44.33,46.46,43.99,45.86,5528800,249680607.99999997,derived_ohlc4
HOSE_NLG,NLG,2022-01-21 09:00:00,866,2,45.86,46.12,43.99,45.1,3923900,177625143.25,derived_ohlc4
HOSE_NLG,NLG,2022-01-24 09:00:00,867,2,44.33,44.67,41.94,41.94,5669800,245048756.0,derived_ohlc4
HOSE_NLG,NLG,2022-01-25 09:00:00,868,2,41.77,44.33,39.64,44.33,5280800,224526414.0,derived_ohlc4
HOSE_NLG,NLG,2022-01-26 09:00:00,869,2,44.33,44.33,42.71,43.48,4583000,200334387.5,derived_ohlc4
HOSE_NLG,NLG,2022-01-27 09:00:00,870,2,43.05,43.05,41.94,42.62,1949300,83166884.5,derived_ohlc4
HOSE_NLG,NLG,2022-01-28 09:00:00,871,2,42.24,42.8,41.39,42.62,3336500,141008831.25,derived_ohlc4
HOSE_NLG,NLG,2022-02-07 09:00:00,872,2,43.05,43.14,42.45,42.62,2369800,101462987.0,derived_ohlc4
HOSE_NLG,NLG,2022-02-08 09:00:00,873,2,42.62,43.73,41.86,43.31,3446100,147768767.99999997,derived_ohlc4
HOSE_NLG,NLG,2022-02-09 09:00:00,874,2,43.31,45.95,42.96,45.95,4684700,208668249.75000003,derived_ohlc4
HOSE_NLG,NLG,2022-02-10 09:00:00,875,2,46.03,46.03,44.76,46.03,2613600,119474190.0,derived_ohlc4
HOSE_NLG,NLG,2022-02-11 09:00:00,876,2,45.52,45.69,45.1,45.35,2041300,92705639.5,derived_ohlc4
HOSE_NLG,NLG,2022-02-14 09:00:00,877,2,44.07,45.61,44.07,44.58,2998000,133658334.99999999,derived_ohlc4
HOSE_NLG,NLG,2022-02-15 09:00:00,878,2,44.41,45.95,44.33,45.95,2867300,129487267.99999999,derived_ohlc4
HOSE_NLG,NLG,2022-02-16 09:00:00,879,2,46.2,47.65,46.03,46.63,3567500,166343606.25,derived_ohlc4
HOSE_NLG,NLG,2022-02-17 09:00:00,880,2,46.72,46.72,45.78,46.72,3328600,154729971.0,derived_ohlc4
HOSE_NLG,NLG,2022-02-18 09:00:00,881,2,45.95,47.23,45.95,47.06,2479000,115391252.5,derived_ohlc4
HOSE_NLG,NLG,2022-02-21 09:00:00,882,2,46.89,48.08,46.72,47.14,3490200,164763616.5,derived_ohlc4
HOSE_NLG,NLG,2022-02-22 09:00:00,883,2,46.12,46.89,44.76,46.03,3865600,177624319.99999997,derived_ohlc4
HOSE_NLG,NLG,2022-02-23 09:00:00,884,2,45.95,47.14,45.78,46.72,2459200,114100732.0,derived_ohlc4
HOSE_NLG,NLG,2022-02-24 09:00:00,885,2,46.2,46.46,43.73,44.67,4977500,225306537.5,derived_ohlc4
HOSE_NLG,NLG,2022-02-25 09:00:00,886,2,45.27,46.46,44.93,45.78,3139200,143178912.0,derived_ohlc4
HOSE_NLG,NLG,2022-02-28 09:00:00,887,2,45.69,46.8,45.52,46.2,3877700,178577779.24999997,derived_ohlc4
HOSE_NLG,NLG,2022-03-01 09:00:00,888,2,46.38,48.85,46.12,48.16,10507300,497809605.75,derived_ohlc4
HOSE_NLG,NLG,2022-03-02 09:00:00,889,2,48.16,48.76,47.48,47.57,7036300,337689627.74999994,derived_ohlc4
HOSE_NLG,NLG,2022-03-03 09:00:00,890,2,47.82,48.76,47.48,48.42,4264400,205202928.00000003,derived_ohlc4
HOSE_NLG,NLG,2022-03-04 09:00:00,891,2,48.59,48.59,47.74,47.91,5904400,284636363.0,derived_ohlc4
HOSE_NLG,NLG,2022-03-07 09:00:00,892,2,47.06,47.74,46.2,46.8,8675700,407324115.0,derived_ohlc4
HOSE_NLG,NLG,2022-03-08 09:00:00,893,2,46.2,46.72,45.44,45.61,6878200,316345613.50000006,derived_ohlc4
HOSE_NLG,NLG,2022-03-09 09:00:00,894,2,45.27,45.95,43.56,45.78,5590500,252355170.0,derived_ohlc4
HOSE_NLG,NLG,2022-03-10 09:00:00,895,2,46.2,47.14,45.86,46.2,4015800,186132329.99999997,derived_ohlc4
HOSE_NLG,NLG,2022-03-11 09:00:00,896,2,45.86,46.03,44.76,45.27,2734800,124378704.00000001,derived_ohlc4
HOSE_NLG,NLG,2022-03-14 09:00:00,897,2,44.76,46.29,44.5,45.69,3895600,176509636.0,derived_ohlc4
HOSE_NLG,NLG,2022-03-15 09:00:00,898,2,46.03,46.29,45.44,46.03,1989900,91430930.25,derived_ohlc4
HOSE_NLG,NLG,2022-03-16 09:00:00,899,2,46.38,46.8,46.12,46.46,2902900,134810676.0,derived_ohlc4
HOSE_NLG,NLG,2022-03-17 09:00:00,900,2,46.89,48.16,46.54,47.82,9211700,436197024.25,derived_ohlc4
HOSE_NLG,NLG,2022-03-18 09:00:00,901,2,48.0,48.08,47.4,47.57,3378600,161370382.5,derived_ohlc4
HOSE_NLG,NLG,2022-03-21 09:00:00,902,2,48.16,50.72,47.82,50.72,12524500,618146697.5,derived_ohlc4
HOSE_NLG,NLG,2022-03-22 09:00:00,903,2,51.83,51.83,50.21,50.3,7823300,399320790.25000006,derived_ohlc4
HOSE_NLG,NLG,2022-03-23 09:00:00,904,2,49.87,51.92,49.87,50.72,6539300,330855883.5,derived_ohlc4
HOSE_NLG,NLG,2022-03-24 09:00:00,905,2,50.47,52.34,50.21,51.83,7560900,387212591.25000006,derived_ohlc4
HOSE_NLG,NLG,2022-03-25 09:00:00,906,2,52.09,52.17,51.32,51.92,2839800,147314625.0,derived_ohlc4
HOSE_NLG,NLG,2022-03-28 09:00:00,907,2,50.72,51.15,49.02,49.61,10704900,536583112.5,derived_ohlc4
HOSE_NLG,NLG,2022-03-29 09:00:00,908,2,49.87,50.89,49.36,50.04,3681100,184202244.0,derived_ohlc4
HOSE_NLG,NLG,2022-03-30 09:00:00,909,2,49.44,50.55,47.65,48.08,7831600,383200187.99999994,derived_ohlc4
HOSE_NLG,NLG,2022-03-31 09:00:00,910,2,48.16,48.76,48.08,48.08,3397000,163973190.0,derived_ohlc4
HOSE_NLG,NLG,2022-04-01 09:00:00,911,2,47.74,48.85,47.48,48.85,2990900,144251107.0,derived_ohlc4
HOSE_NLG,NLG,2022-04-04 09:00:00,912,2,49.36,49.36,47.74,47.74,4935600,239623380.00000003,derived_ohlc4
HOSE_NLG,NLG,2022-04-05 09:00:00,913,2,47.57,48.85,46.97,47.74,4017100,191947080.75,derived_ohlc4
HOSE_NLG,NLG,2022-04-06 09:00:00,914,2,47.57,48.16,46.54,47.06,4394500,208002671.24999997,derived_ohlc4
HOSE_NLG,NLG,2022-04-07 09:00:00,915,2,46.89,47.74,45.86,45.86,4017800,187179257.50000003,derived_ohlc4
HOSE_NLG,NLG,2022-04-08 09:00:00,916,2,45.78,46.72,45.61,45.86,2422000,111393835.00000001,derived_ohlc4
HOSE_NLG,NLG,2022-04-12 09:00:00,917,2,45.86,46.46,43.73,43.73,2592500,116519912.49999999,derived_ohlc4
HOSE_NLG,NLG,2022-04-13 09:00:00,918,2,43.99,45.86,43.65,45.78,2760200,123712164.0,derived_ohlc4
HOSE_NLG,NLG,2022-04-14 09:00:00,919,2,46.2,46.2,44.84,45.01,2327400,106042162.5,derived_ohlc4
HOSE_NLG,NLG,2022-04-15 09:00:00,920,2,45.01,45.78,43.9,43.99,1829600,81728232.0,derived_ohlc4
HOSE_NLG,NLG,2022-04-18 09:00:00,921,2,43.9,43.9,41.77,43.31,4215900,182211198.0,derived_ohlc4
HOSE_NLG,NLG,2022-04-19 09:00:00,922,2,43.9,44.5,42.88,43.14,2772400,120890502.00000001,derived_ohlc4
HOSE_NLG,NLG,2022-04-20 09:00:00,923,2,42.37,43.48,42.2,42.2,1828700,77834043.75,derived_ohlc4
HOSE_NLG,NLG,2022-04-21 09:00:00,924,2,41.18,41.69,39.26,39.26,7785400,314121426.5,derived_ohlc4
HOSE_NLG,NLG,2022-04-22 09:00:00,925,2,39.3,40.49,36.53,38.62,7001400,271199229.0,derived_ohlc4
HOSE_NLG,NLG,2022-04-25 09:00:00,926,2,38.36,39.47,35.93,35.93,3615600,135304791.0,derived_ohlc4
HOSE_NLG,NLG,2022-04-26 09:00:00,927,2,34.18,38.45,33.5,38.45,5852600,211542226.99999997,derived_ohlc4
HOSE_NLG,NLG,2022-04-27 09:00:00,928,2,37.94,39.98,37.25,39.47,2589800,100121667.99999999,derived_ohlc4
HOSE_NLG,NLG,2022-04-28 09:00:00,929,2,39.47,39.64,38.96,39.26,4242500,166868131.24999997,derived_ohlc4
HOSE_NLG,NLG,2022-04-29 09:00:00,930,2,38.79,41.3,38.79,40.24,6955100,276673878.0,derived_ohlc4
HOSE_NLG,NLG,2022-05-04 09:00:00,931,2,40.24,41.34,39.81,40.79,3486600,141364197.0,derived_ohlc4
HOSE_NLG,NLG,2022-05-05 09:00:00,932,2,41.34,41.6,40.41,40.96,5512800,226452042.0,derived_ohlc4
HOSE_NLG,NLG,2022-05-06 09:00:00,933,2,40.41,42.2,40.15,42.2,5497100,226700403.99999997,derived_ohlc4
HOSE_NLG,NLG,2022-05-09 09:00:00,934,2,41.43,41.52,39.26,39.26,2988200,120626163.5,derived_ohlc4
HOSE_NLG,NLG,2022-05-10 09:00:00,935,2,37.08,41.77,37.08,41.6,2726500,107376386.25,derived_ohlc4
HOSE_NLG,NLG,2022-05-11 09:00:00,936,2,41.52,43.05,40.49,42.28,2965200,124049142.0,derived_ohlc4
HOSE_NLG,NLG,2022-05-12 09:00:00,937,2,41.34,42.11,39.64,39.64,2951900,120090671.75000001,derived_ohlc4
HOSE_NLG,NLG,2022-05-13 09:00:00,938,2,39.21,40.07,36.87,37.34,3350800,128578573.00000001,derived_ohlc4
HOSE_NLG,NLG,2022-05-16 09:00:00,939,2,39.56,39.56,37.51,38.11,1933500,74797447.5,derived_ohlc4
HOSE_NLG,NLG,2022-05-17 09:00:00,940,2,37.51,40.41,37.42,40.07,3030300,117734730.75,derived_ohlc4
HOSE_NLG,NLG,2022-05-18 09:00:00,941,2,40.41,40.88,39.64,39.64,2382700,95647534.75,derived_ohlc4
HOSE_NLG,NLG,2022-05-19 09:00:00,942,2,38.79,39.94,38.79,39.9,1562300,61484316.49999999,derived_ohlc4
HOSE_NLG,NLG,2022-05-20 09:00:00,943,2,39.85,40.83,39.6,39.98,2605300,104381344.5,derived_ohlc4
HOSE_NLG,NLG,2022-05-23 09:00:00,944,2,40.75,40.75,38.53,38.79,1520000,60351600.0,derived_ohlc4
HOSE_NLG,NLG,2022-05-24 09:00:00,945,2,39.87,39.87,37.1,39.69,1535100,60072300.75,derived_ohlc4
HOSE_NLG,NLG,2022-05-25 09:00:00,946,2,39.69,40.9,39.56,40.56,2393900,96180917.25,derived_ohlc4
HOSE_NLG,NLG,2022-05-26 09:00:00,947,2,40.73,41.42,40.17,40.77,2190100,89295852.25,derived_ohlc4
HOSE_NLG,NLG,2022-05-27 09:00:00,948,2,40.77,42.2,40.73,41.25,3442300,141951846.25,derived_ohlc4
HOSE_NLG,NLG,2022-05-30 09:00:00,949,2,41.76,41.85,41.16,41.25,2244400,93153821.99999999,derived_ohlc4
HOSE_NLG,NLG,2022-05-31 09:00:00,950,2,41.16,41.42,40.56,41.2,2339500,96118357.5,derived_ohlc4
HOSE_NLG,NLG,2022-06-01 09:00:00,951,2,41.08,41.2,39.44,40.08,3712600,150174670.0,derived_ohlc4
HOSE_NLG,NLG,2022-06-02 09:00:00,952,2,39.82,39.82,38.83,38.83,4136600,162671795.0,derived_ohlc4
HOSE_NLG,NLG,2022-06-03 09:00:00,953,2,38.49,39.0,37.92,38.1,2165000,83087287.50000001,derived_ohlc4
HOSE_NLG,NLG,2022-06-06 09:00:00,954,2,38.01,38.49,37.19,37.19,2392700,90252644.0,derived_ohlc4
HOSE_NLG,NLG,2022-06-07 09:00:00,955,2,36.37,36.89,34.95,35.55,3631700,130523297.99999999,derived_ohlc4
HOSE_NLG,NLG,2022-06-08 09:00:00,956,2,35.55,38.01,35.47,38.01,3169300,116503468.0,derived_ohlc4
HOSE_NLG,NLG,2022-06-09 09:00:00,957,2,38.23,38.49,37.49,38.05,2301400,87602791.0,derived_ohlc4
HOSE_NLG,NLG,2022-06-10 09:00:00,958,2,37.1,37.97,36.93,37.02,1735000,64637425.00000001,derived_ohlc4
HOSE_NLG,NLG,2022-06-13 09:00:00,959,2,35.64,36.24,34.43,34.43,3287400,115667169.00000001,derived_ohlc4
HOSE_NLG,NLG,2022-06-14 09:00:00,960,2,33.22,35.25,32.79,34.6,2288300,77722109.49999999,derived_ohlc4
HOSE_NLG,NLG,2022-06-15 09:00:00,961,2,33.74,34.52,32.36,33.26,2449800,81994806.0,derived_ohlc4
HOSE_NLG,NLG,2022-06-16 09:00:00,962,2,34.43,34.69,33.65,33.65,1894200,64601691.00000001,derived_ohlc4
HOSE_NLG,NLG,2022-06-17 09:00:00,963,2,32.96,33.14,32.01,32.19,2316600,75463244.99999999,derived_ohlc4
HOSE_NLG,NLG,2022-06-20 09:00:00,964,2,31.5,33.4,29.94,29.94,2371800,73988301.0,derived_ohlc4
HOSE_NLG,NLG,2022-06-21 09:00:00,965,2,28.22,30.16,27.92,29.34,3035600,87759196.0,derived_ohlc4
HOSE_NLG,NLG,2022-06-22 09:00:00,966,2,29.34,31.06,29.34,30.03,2201200,65909431.0,derived_ohlc4
HOSE_NLG,NLG,2022-06-23 09:00:00,967,2,30.2,31.67,29.94,31.32,2012900,61962094.25,derived_ohlc4
HOSE_NLG,NLG,2022-06-24 09:00:00,968,2,31.41,31.58,30.98,31.06,1681500,52559486.25,derived_ohlc4
HOSE_NLG,NLG,2022-06-27 09:00:00,969,2,31.06,31.67,30.68,31.06,1885700,58678269.75,derived_ohlc4
HOSE_NLG,NLG,2022-06-28 09:00:00,970,2,31.76,32.36,31.19,31.76,1567500,49795556.25,derived_ohlc4
HOSE_NLG,NLG,2022-06-29 09:00:00,971,2,31.45,32.23,31.11,32.23,1967100,62465260.49999999,derived_ohlc4
HOSE_NLG,NLG,2022-06-30 09:00:00,972,2,32.36,32.53,30.89,30.89,1789500,56668991.25,derived_ohlc4
HOSE_NLG,NLG,2022-07-01 09:00:00,973,2,30.38,31.5,29.99,31.11,1826800,56164965.99999999,derived_ohlc4
HOSE_NLG,NLG,2022-07-04 09:00:00,974,2,32.27,32.53,30.63,30.63,1076400,33922746.0,derived_ohlc4
HOSE_NLG,NLG,2022-07-05 09:00:00,975,2,31.06,31.06,29.94,30.59,1010700,30990588.75,derived_ohlc4
HOSE_NLG,NLG,2022-07-06 09:00:00,976,2,29.86,31.06,29.86,30.2,1409900,42642425.5,derived_ohlc4
HOSE_NLG,NLG,2022-07-07 09:00:00,977,2,30.29,30.98,29.73,30.63,1212400,36866053.0,derived_ohlc4
HOSE_NLG,NLG,2022-07-08 09:00:00,978,2,30.85,32.1,30.85,31.54,2147700,67298179.5,derived_ohlc4
HOSE_NLG,NLG,2022-07-11 09:00:00,979,2,31.5,31.88,30.98,31.24,1696900,53282660.0,derived_ohlc4
HOSE_NLG,NLG,2022-07-12 09:00:00,980,2,31.15,32.44,31.11,32.44,1819800,57842342.99999999,derived_ohlc4
HOSE_NLG,NLG,2022-07-13 09:00:00,981,2,32.27,32.44,31.84,31.93,1057200,33957264.00000001,derived_ohlc4
HOSE_NLG,NLG,2022-07-14 09:00:00,982,2,31.67,33.57,31.58,32.79,2482200,80429485.50000001,derived_ohlc4
HOSE_NLG,NLG,2022-07-15 09:00:00,983,2,32.96,34.08,32.88,32.92,1718300,57064742.99999999,derived_ohlc4
HOSE_NLG,NLG,2022-07-18 09:00:00,984,2,33.18,33.31,32.36,32.58,1015800,33376648.5,derived_ohlc4
HOSE_NLG,NLG,2022-07-19 09:00:00,985,2,32.44,32.44,31.58,31.93,1745100,56013347.24999999,derived_ohlc4
HOSE_NLG,NLG,2022-07-20 09:00:00,986,2,32.19,33.14,32.19,32.62,1425500,46378642.49999999,derived_ohlc4
HOSE_NLG,NLG,2022-07-21 09:00:00,987,2,32.92,33.35,32.92,32.96,1145900,37857671.25,derived_ohlc4
HOSE_NLG,NLG,2022-07-22 09:00:00,988,2,32.96,33.26,32.49,32.49,985200,32314560.000000004,derived_ohlc4
HOSE_NLG,NLG,2022-07-25 09:00:00,989,2,32.36,32.66,31.93,32.01,1335100,43043623.99999999,derived_ohlc4
HOSE_NLG,NLG,2022-07-26 09:00:00,990,2,32.62,32.62,31.93,31.93,1075900,34724672.5,derived_ohlc4
HOSE_NLG,NLG,2022-07-27 09:00:00,991,2,31.76,32.96,31.71,32.96,1358300,43937609.25000001,derived_ohlc4
HOSE_NLG,NLG,2022-07-28 09:00:00,992,2,33.31,34.21,33.09,33.7,3000300,100742573.25,derived_ohlc4
HOSE_NLG,NLG,2022-07-29 09:00:00,993,2,34.08,34.13,33.65,33.78,2819600,95612636.00000001,derived_ohlc4
HOSE_NLG,NLG,2022-08-01 09:00:00,994,2,34.34,35.64,33.91,35.6,3005300,104802324.25,derived_ohlc4
HOSE_NLG,NLG,2022-08-02 09:00:00,995,2,35.6,36.2,35.25,35.34,2231400,79432261.50000001,derived_ohlc4
HOSE_NLG,NLG,2022-08-03 09:00:00,996,2,34.95,36.16,34.78,35.68,1980900,70109003.25,derived_ohlc4
HOSE_NLG,NLG,2022-08-04 09:00:00,997,2,35.81,36.03,35.29,35.6,1352800,48271286.0,derived_ohlc4
HOSE_NLG,NLG,2022-08-05 09:00:00,998,2,35.21,36.07,35.21,36.07,1531600,54586224.0,derived_ohlc4
HOSE_NLG,NLG,2022-08-08 09:00:00,999,2,36.16,36.67,35.9,36.37,1601400,58090785.0,derived_ohlc4
HOSE_NLG,NLG,2022-08-09 09:00:00,1000,2,36.5,37.84,36.16,37.32,2019100,74615840.5,derived_ohlc4
HOSE_NLG,NLG,2022-08-10 09:00:00,1001,2,37.28,38.14,37.02,37.1,3040800,113680308.0,derived_ohlc4
HOSE_NLG,NLG,2022-08-11 09:00:00,1002,2,37.71,37.97,36.28,36.67,1967300,73099949.75,derived_ohlc4
HOSE_NLG,NLG,2022-08-12 09:00:00,1003,2,36.63,36.8,35.81,36.59,1857200,67708869.0,derived_ohlc4
HOSE_NLG,NLG,2022-08-15 09:00:00,1004,2,37.02,37.45,36.5,37.28,1330200,49300537.5,derived_ohlc4
HOSE_NLG,NLG,2022-08-16 09:00:00,1005,2,37.28,37.36,36.93,36.93,1091000,40503375.0,derived_ohlc4
HOSE_NLG,NLG,2022-08-17 09:00:00,1006,2,36.93,38.1,36.85,37.8,2732700,102257634.0,derived_ohlc4
HOSE_NLG,NLG,2022-08-18 09:00:00,1007,2,37.36,37.71,36.85,36.85,1617700,60166307.24999999,derived_ohlc4
HOSE_NLG,NLG,2022-08-19 09:00:00,1008,2,36.85,37.02,35.38,35.64,2310300,83684841.74999999,derived_ohlc4
HOSE_NLG,NLG,2022-08-22 09:00:00,1009,2,35.38,37.06,35.25,36.72,1741700,62879724.25,derived_ohlc4
HOSE_NLG,NLG,2022-08-23 09:00:00,1010,2,36.42,37.67,36.42,37.67,1866200,69133379.0,derived_ohlc4
HOSE_NLG,NLG,2022-08-24 09:00:00,1011,2,37.54,37.88,37.06,37.19,1308200,48949573.50000001,derived_ohlc4
HOSE_NLG,NLG,2022-08-25 09:00:00,1012,2,37.19,37.75,37.19,37.54,1399700,52373274.74999999,derived_ohlc4
HOSE_NLG,NLG,2022-08-26 09:00:00,1013,2,37.49,38.4,37.06,38.27,3048400,115244762.0,derived_ohlc4
HOSE_NLG,NLG,2022-08-29 09:00:00,1014,2,37.15,37.8,37.06,37.8,1593800,59691794.5,derived_ohlc4
HOSE_NLG,NLG,2022-08-30 09:00:00,1015,2,37.92,37.97,37.15,37.15,1639200,61547862.0,derived_ohlc4
HOSE_NLG,NLG,2022-08-31 09:00:00,1016,2,37.1,37.1,36.11,36.11,2008100,73506500.50000001,derived_ohlc4
HOSE_NLG,NLG,2022-09-05 09:00:00,1017,2,36.11,36.54,35.72,36.37,1086000,39296910.0,derived_ohlc4
HOSE_NLG,NLG,2022-09-06 09:00:00,1018,2,36.2,36.85,36.16,36.24,897200,32624435.000000004,derived_ohlc4
HOSE_NLG,NLG,2022-09-07 09:00:00,1019,2,36.37,36.42,34.08,34.08,3325100,117168211.24999999,derived_ohlc4
HOSE_NLG,NLG,2022-09-08 09:00:00,1020,2,34.52,35.03,33.91,34.52,2154100,74305679.50000001,derived_ohlc4
HOSE_NLG,NLG,2022-09-09 09:00:00,1021,2,34.95,34.95,33.91,34.69,1451300,50251262.5,derived_ohlc4
HOSE_NLG,NLG,2022-09-12 09:00:00,1022,2,35.25,35.25,34.52,34.52,1560200,54427577.00000001,derived_ohlc4
HOSE_NLG,NLG,2022-09-13 09:00:00,1023,2,34.34,34.73,34.08,34.52,1299600,44728982.99999999,derived_ohlc4
HOSE_NLG,NLG,2022-09-14 09:00:00,1024,2,34.08,34.9,33.31,34.52,1887200,64546958.0,derived_ohlc4
HOSE_NLG,NLG,2022-09-15 09:00:00,1025,2,34.78,34.86,34.21,34.34,1223700,42275775.75,derived_ohlc4
HOSE_NLG,NLG,2022-09-16 09:00:00,1026,2,34.34,34.39,33.09,33.22,1731200,58445312.00000001,derived_ohlc4
HOSE_NLG,NLG,2022-09-19 09:00:00,1027,2,32.88,32.96,31.37,31.41,2131500,68538382.5,derived_ohlc4
HOSE_NLG,NLG,2022-09-20 09:00:00,1028,2,31.58,32.1,31.02,32.01,2005700,63535561.75000001,derived_ohlc4
HOSE_NLG,NLG,2022-09-21 09:00:00,1029,2,31.76,31.97,31.5,31.54,1343800,42588381.5,derived_ohlc4
HOSE_NLG,NLG,2022-09-22 09:00:00,1030,2,30.46,31.5,29.99,31.06,5812200,178739680.5,derived_ohlc4
HOSE_NLG,NLG,2022-09-23 09:00:00,1031,2,31.15,31.58,30.38,30.63,2630400,81371424.0,derived_ohlc4
HOSE_NLG,NLG,2022-09-26 09:00:00,1032,2,30.2,30.2,28.52,28.52,10363500,304272360.0,derived_ohlc4
HOSE_NLG,NLG,2022-09-27 09:00:00,1033,2,28.86,28.91,26.66,27.4,5484900,153344091.74999997,derived_ohlc4
HOSE_NLG,NLG,2022-09-28 09:00:00,1034,2,26.75,28.04,26.75,27.14,3220600,87503702.0,derived_ohlc4
HOSE_NLG,NLG,2022-09-29 09:00:00,1035,2,27.92,28.61,26.92,26.92,4831800,133321441.5,derived_ohlc4
HOSE_NLG,NLG,2022-09-30 09:00:00,1036,2,27.53,27.53,25.11,26.15,4256800,113145744.0,derived_ohlc4
HOSE_NLG,NLG,2022-10-03 09:00:00,1037,2,26.15,26.15,24.33,24.33,3502600,88405624.0,derived_ohlc4
HOSE_NLG,NLG,2022-10-04 09:00:00,1038,2,24.59,24.68,23.3,23.51,3544200,85131684.0,derived_ohlc4
HOSE_NLG,NLG,2022-10-05 09:00:00,1039,2,23.9,24.9,23.86,24.72,2898900,70573720.5,derived_ohlc4
HOSE_NLG,NLG,2022-10-06 09:00:00,1040,2,24.77,24.85,23.0,23.0,2512500,60061312.5,derived_ohlc4
HOSE_NLG,NLG,2022-10-07 09:00:00,1041,2,22.44,22.44,21.4,21.44,4747500,104112675.0,derived_ohlc4
HOSE_NLG,NLG,2022-10-10 09:00:00,1042,2,21.1,22.44,21.1,21.83,4740300,102473435.25000001,derived_ohlc4
HOSE_NLG,NLG,2022-10-11 09:00:00,1043,2,21.83,21.92,20.32,20.32,3428500,72332778.74999999,derived_ohlc4
HOSE_NLG,NLG,2022-10-12 09:00:00,1044,2,20.36,21.7,20.36,21.7,3564800,74967744.0,derived_ohlc4
HOSE_NLG,NLG,2022-10-13 09:00:00,1045,2,22.35,22.82,22.0,22.52,3182700,71364090.75,derived_ohlc4
HOSE_NLG,NLG,2022-10-14 09:00:00,1046,2,23.04,23.51,22.87,23.13,2952400,68311155.0,derived_ohlc4
HOSE_NLG,NLG,2022-10-17 09:00:00,1047,2,22.87,22.91,22.05,22.82,2582000,58514575.0,derived_ohlc4
HOSE_NLG,NLG,2022-10-18 09:00:00,1048,2,23.13,24.08,23.13,23.21,2190500,51230318.74999999,derived_ohlc4
HOSE_NLG,NLG,2022-10-19 09:00:00,1049,2,23.13,23.51,22.95,23.04,1192000,27603740.0,derived_ohlc4
HOSE_NLG,NLG,2022-10-20 09:00:00,1050,2,23.04,23.3,22.52,22.7,1188400,27202476.0,derived_ohlc4
HOSE_NLG,NLG,2022-10-21 09:00:00,1051,2,22.48,22.52,21.14,21.23,3235000,70660487.5,derived_ohlc4
HOSE_NLG,NLG,2022-10-24 09:00:00,1052,2,21.31,21.53,19.76,19.76,3225100,66404809.00000001,derived_ohlc4
HOSE_NLG,NLG,2022-10-25 09:00:00,1053,2,18.81,20.45,18.38,18.55,4266600,81268063.5,derived_ohlc4
HOSE_NLG,NLG,2022-10-26 09:00:00,1054,2,18.34,19.37,18.34,18.98,3728100,69929835.75,derived_ohlc4
HOSE_NLG,NLG,2022-10-27 09:00:00,1055,2,18.98,20.24,18.9,20.06,3297900,64457455.49999999,derived_ohlc4
HOSE_NLG,NLG,2022-10-28 09:00:00,1056,2,20.32,20.67,19.85,19.85,2238900,45164210.25,derived_ohlc4
HOSE_NLG,NLG,2022-10-31 09:00:00,1057,2,19.67,19.85,18.6,19.67,2795600,54367431.00000001,derived_ohlc4
HOSE_NLG,NLG,2022-11-01 09:00:00,1058,2,20.02,20.24,19.5,19.5,1532600,30368468.999999996,derived_ohlc4
HOSE_NLG,NLG,2022-11-02 09:00:00,1059,2,19.76,20.02,19.2,20.02,1661900,32822525.0,derived_ohlc4
HOSE_NLG,NLG,2022-11-03 09:00:00,1060,2,19.42,20.19,19.42,20.11,1282500,25374262.5,derived_ohlc4
HOSE_NLG,NLG,2022-11-04 09:00:00,1061,2,19.5,19.76,18.73,18.73,3629700,69617646.00000001,derived_ohlc4
HOSE_NLG,NLG,2022-11-07 09:00:00,1062,2,18.12,18.29,17.43,17.43,1769400,31526284.5,derived_ohlc4
HOSE_NLG,NLG,2022-11-08 09:00:00,1063,2,16.22,17.69,16.22,17.26,2724500,45901013.75,derived_ohlc4
HOSE_NLG,NLG,2022-11-09 09:00:00,1064,2,17.43,18.42,17.0,17.43,2462900,43273153.0,derived_ohlc4
HOSE_NLG,NLG,2022-11-10 09:00:00,1065,2,16.4,16.87,16.22,16.22,3185900,52336372.24999999,derived_ohlc4
HOSE_NLG,NLG,2022-11-11 09:00:00,1066,2,16.4,16.83,15.53,16.74,3827300,62672037.5,derived_ohlc4
HOSE_NLG,NLG,2022-11-14 09:00:00,1067,2,16.31,16.44,15.7,16.35,2116900,34293780.00000001,derived_ohlc4
HOSE_NLG,NLG,2022-11-15 09:00:00,1068,2,15.58,16.09,15.23,15.23,3072900,47729819.25000001,derived_ohlc4
HOSE_NLG,NLG,2022-11-16 09:00:00,1069,2,14.2,16.27,14.2,16.27,4930400,75114644.0,derived_ohlc4
HOSE_NLG,NLG,2022-11-17 09:00:00,1070,2,17.09,17.39,16.78,17.39,3412800,58572180.00000001,derived_ohlc4
HOSE_NLG,NLG,2022-11-18 09:00:00,1071,2,17.95,18.6,17.56,18.6,5056600,91916346.50000001,derived_ohlc4
HOSE_NLG,NLG,2022-11-21 09:00:00,1072,2,19.85,19.89,19.46,19.89,5515400,109053246.5,derived_ohlc4
HOSE_NLG,NLG,2022-11-22 09:00:00,1073,2,20.36,21.27,19.5,19.93,6617100,134095531.5,derived_ohlc4
HOSE_NLG,NLG,2022-11-23 09:00:00,1074,2,19.85,20.19,18.98,19.11,3005100,58697115.75000001,derived_ohlc4
HOSE_NLG,NLG,2022-11-24 09:00:00,1075,2,18.73,20.45,18.73,20.28,4460300,87187714.25,derived_ohlc4
HOSE_NLG,NLG,2022-11-25 09:00:00,1076,2,20.88,21.66,20.62,21.57,3847700,81503905.24999999,derived_ohlc4
HOSE_NLG,NLG,2022-11-28 09:00:00,1077,2,22.39,23.08,22.0,23.08,3225800,73024047.5,derived_ohlc4
HOSE_NLG,NLG,2022-11-29 09:00:00,1078,2,23.73,24.08,22.0,23.82,4018800,94070061.0,derived_ohlc4
HOSE_NLG,NLG,2022-11-30 09:00:00,1079,2,23.77,24.59,23.0,24.59,3171300,76071558.75,derived_ohlc4
HOSE_NLG,NLG,2022-12-01 09:00:00,1080,2,24.68,25.8,23.73,23.77,6461300,158269543.5,derived_ohlc4
HOSE_NLG,NLG,2022-12-02 09:00:00,1081,2,23.77,25.41,23.64,25.33,3324400,81572465.0,derived_ohlc4
HOSE_NLG,NLG,2022-12-05 09:00:00,1082,2,25.46,25.89,24.59,25.8,3439500,87483682.5,derived_ohlc4
HOSE_NLG,NLG,2022-12-06 09:00:00,1083,2,25.46,25.72,24.29,25.24,4298700,108230519.25,derived_ohlc4
HOSE_NLG,NLG,2022-12-07 09:00:00,1084,2,24.9,24.94,23.82,24.38,2917000,71495670.0,derived_ohlc4
HOSE_NLG,NLG,2022-12-08 09:00:00,1085,2,24.51,25.89,24.51,25.89,2692800,67858560.00000001,derived_ohlc4
HOSE_NLG,NLG,2022-12-09 09:00:00,1086,2,25.63,26.06,24.59,26.06,2230600,57069901.0,derived_ohlc4
HOSE_NLG,NLG,2022-12-12 09:00:00,1087,2,26.06,26.06,24.64,24.64,1809800,45878429.99999999,derived_ohlc4
HOSE_NLG,NLG,2022-12-13 09:00:00,1088,2,24.07,26.16,24.07,26.16,1729500,43436392.5,derived_ohlc4
HOSE_NLG,NLG,2022-12-14 09:00:00,1089,2,26.99,27.03,26.16,26.6,1674300,44695438.5,derived_ohlc4
HOSE_NLG,NLG,2022-12-15 09:00:00,1090,2,26.51,26.73,26.21,26.6,835900,22161798.750000004,derived_ohlc4
HOSE_NLG,NLG,2022-12-16 09:00:00,1091,2,26.47,27.47,26.25,26.6,1387700,37048120.75,derived_ohlc4
HOSE_NLG,NLG,2022-12-19 09:00:00,1092,2,26.82,26.86,26.47,26.77,1671800,44687214.0,derived_ohlc4
HOSE_NLG,NLG,2022-12-20 09:00:00,1093,2,26.16,26.77,24.94,26.77,4680500,122441880.0,derived_ohlc4
HOSE_NLG,NLG,2022-12-21 09:00:00,1094,2,26.68,26.68,25.12,26.6,1776200,46660774.00000001,derived_ohlc4
HOSE_NLG,NLG,2022-12-22 09:00:00,1095,2,25.99,26.6,25.38,26.6,1489100,38928796.75,derived_ohlc4
HOSE_NLG,NLG,2022-12-23 09:00:00,1096,2,25.9,26.38,25.77,26.16,879100,22902752.75,derived_ohlc4
HOSE_NLG,NLG,2022-12-26 09:00:00,1097,2,25.99,25.99,24.33,25.25,1008100,25595659.0,derived_ohlc4
HOSE_NLG,NLG,2022-12-27 09:00:00,1098,2,24.55,26.16,24.55,26.16,1049600,26612608.0,derived_ohlc4
HOSE_NLG,NLG,2022-12-28 09:00:00,1099,2,26.16,26.21,25.55,26.21,934600,24329974.5,derived_ohlc4
HOSE_NLG,NLG,2022-12-29 09:00:00,1100,2,25.9,26.25,25.9,26.08,299800,7804543.5,derived_ohlc4
HOSE_NLG,NLG,2022-12-30 09:00:00,1101,2,26.12,27.03,25.86,27.03,1427600,37845676.0,derived_ohlc4
HOSE_NLG,NLG,2023-01-03 09:00:00,1102,2,27.03,27.86,26.73,27.86,2060300,56390411.0,derived_ohlc4
HOSE_NLG,NLG,2023-01-04 09:00:00,1103,2,28.26,28.26,26.82,27.03,1219700,33654572.25,derived_ohlc4
HOSE_NLG,NLG,2023-01-05 09:00:00,1104,2,27.03,27.3,26.68,26.82,874000,23560854.999999996,derived_ohlc4
HOSE_NLG,NLG,2023-01-06 09:00:00,1105,2,26.95,27.3,25.38,26.29,938300,24846183.999999996,derived_ohlc4
HOSE_NLG,NLG,2023-01-09 09:00:00,1106,2,26.29,26.29,24.85,24.85,898300,22969531.0,derived_ohlc4
HOSE_NLG,NLG,2023-01-10 09:00:00,1107,2,24.5,25.16,23.81,24.16,1348800,32920836.0,derived_ohlc4
HOSE_NLG,NLG,2023-01-11 09:00:00,1108,2,24.16,25.2,23.9,24.37,650900,15886841.75,derived_ohlc4
HOSE_NLG,NLG,2023-01-12 09:00:00,1109,2,24.42,24.59,23.28,23.28,1148000,27428590.000000004,derived_ohlc4
HOSE_NLG,NLG,2023-01-13 09:00:00,1110,2,23.76,23.94,22.76,22.89,1554400,36275810.0,derived_ohlc4
HOSE_NLG,NLG,2023-01-16 09:00:00,1111,2,22.94,22.98,22.32,22.32,1327000,30043280.0,derived_ohlc4
HOSE_NLG,NLG,2023-01-17 09:00:00,1112,2,22.46,23.46,22.46,23.11,999600,22863351.0,derived_ohlc4
HOSE_NLG,NLG,2023-01-18 09:00:00,1113,2,23.85,24.33,23.11,24.2,844200,20153164.5,derived_ohlc4
HOSE_NLG,NLG,2023-01-19 09:00:00,1114,2,24.2,25.03,23.98,24.9,912000,22369080.000000004,derived_ohlc4
HOSE_NLG,NLG,2023-01-27 09:00:00,1115,2,24.9,25.2,24.72,24.85,742800,18508718.999999996,derived_ohlc4
HOSE_NLG,NLG,2023-01-30 09:00:00,1116,2,24.77,25.68,24.42,25.64,1729300,43452985.75,derived_ohlc4
HOSE_NLG,NLG,2023-01-31 09:00:00,1117,2,25.64,25.73,25.16,25.46,627700,16004780.750000002,derived_ohlc4
HOSE_NLG,NLG,2023-02-01 09:00:00,1118,2,25.77,25.81,24.24,24.24,1770100,44279051.49999999,derived_ohlc4
HOSE_NLG,NLG,2023-02-02 09:00:00,1119,2,24.24,24.5,23.59,24.24,911200,21998646.0,derived_ohlc4
HOSE_NLG,NLG,2023-02-03 09:00:00,1120,2,24.37,24.59,24.07,24.16,297100,7218787.25,derived_ohlc4
HOSE_NLG,NLG,2023-02-06 09:00:00,1121,2,24.16,24.24,23.9,24.16,311900,7521468.499999999,derived_ohlc4
HOSE_NLG,NLG,2023-02-07 09:00:00,1122,2,24.24,24.24,23.55,24.16,482900,11612537.75,derived_ohlc4
HOSE_NLG,NLG,2023-02-08 09:00:00,1123,2,24.16,24.16,23.24,23.55,781100,18572605.25,derived_ohlc4
HOSE_NLG,NLG,2023-02-09 09:00:00,1124,2,23.2,23.72,23.2,23.24,324300,7569162.0,derived_ohlc4
HOSE_NLG,NLG,2023-02-10 09:00:00,1125,2,23.24,23.59,23.11,23.33,393300,9170772.75,derived_ohlc4
HOSE_NLG,NLG,2023-02-13 09:00:00,1126,2,23.33,23.33,22.41,22.5,1203200,27544255.999999996,derived_ohlc4
HOSE_NLG,NLG,2023-02-14 09:00:00,1127,2,22.59,22.89,22.5,22.76,547100,12410963.500000002,derived_ohlc4
HOSE_NLG,NLG,2023-02-15 09:00:00,1128,2,22.94,23.46,22.67,23.46,315900,7307556.75,derived_ohlc4
HOSE_NLG,NLG,2023-02-16 09:00:00,1129,2,23.72,24.94,23.63,24.94,1567300,38097144.74999999,derived_ohlc4
HOSE_NLG,NLG,2023-02-17 09:00:00,1130,2,24.94,25.38,24.77,24.94,503000,12578772.5,derived_ohlc4
HOSE_NLG,NLG,2023-02-20 09:00:00,1131,2,25.38,25.73,25.12,25.73,1211500,30881135.000000004,derived_ohlc4
HOSE_NLG,NLG,2023-02-21 09:00:00,1132,2,26.25,26.47,25.03,25.29,1673800,43117088.0,derived_ohlc4
HOSE_NLG,NLG,2023-02-22 09:00:00,1133,2,24.85,25.03,23.63,23.63,1134100,27541618.5,derived_ohlc4
HOSE_NLG,NLG,2023-02-23 09:00:00,1134,2,23.76,23.98,22.5,23.55,1595900,37419865.25,derived_ohlc4
HOSE_NLG,NLG,2023-02-24 09:00:00,1135,2,23.24,23.55,22.67,22.72,973800,22441221.0,derived_ohlc4
HOSE_NLG,NLG,2023-02-27 09:00:00,1136,2,22.24,23.11,22.24,22.85,1222700,27645247.0,derived_ohlc4
HOSE_NLG,NLG,2023-02-28 09:00:00,1137,2,23.07,23.11,22.41,22.41,792300,18024825.0,derived_ohlc4
HOSE_NLG,NLG,2023-03-01 09:00:00,1138,2,22.15,22.37,21.8,21.98,1664200,36737215.0,derived_ohlc4
HOSE_NLG,NLG,2023-03-02 09:00:00,1139,2,22.11,22.5,21.89,22.02,585000,12946050.0,derived_ohlc4
HOSE_NLG,NLG,2023-03-03 09:00:00,1140,2,21.93,22.11,21.24,21.8,1022100,22251117.0,derived_ohlc4
HOSE_NLG,NLG,2023-03-06 09:00:00,1141,2,22.41,23.28,22.32,22.32,1548300,34964484.74999999,derived_ohlc4
HOSE_NLG,NLG,2023-03-07 09:00:00,1142,2,22.24,22.46,21.98,22.32,648300,14424675.0,derived_ohlc4
HOSE_NLG,NLG,2023-03-08 09:00:00,1143,2,22.06,22.41,21.54,22.41,774400,17118111.999999996,derived_ohlc4
HOSE_NLG,NLG,2023-03-09 09:00:00,1144,2,22.5,22.76,22.15,22.41,942600,21166083.0,derived_ohlc4
HOSE_NLG,NLG,2023-03-10 09:00:00,1145,2,22.24,22.28,21.89,22.06,1275200,28204236.0,derived_ohlc4
HOSE_NLG,NLG,2023-03-13 09:00:00,1146,2,21.72,22.15,21.28,21.28,1698700,36704660.25,derived_ohlc4
HOSE_NLG,NLG,2023-03-14 09:00:00,1147,2,20.97,21.37,20.49,20.84,1221700,25554909.75,derived_ohlc4
HOSE_NLG,NLG,2023-03-15 09:00:00,1148,2,21.37,21.84,21.02,21.76,1436800,30887608.000000004,derived_ohlc4
HOSE_NLG,NLG,2023-03-16 09:00:00,1149,2,21.54,21.72,20.97,21.15,807800,17242491.0,derived_ohlc4
HOSE_NLG,NLG,2023-03-17 09:00:00,1150,2,21.54,21.54,20.8,20.8,833000,17634610.0,derived_ohlc4
HOSE_NLG,NLG,2023-03-20 09:00:00,1151,2,20.93,20.93,19.88,19.88,1618700,33029573.499999996,derived_ohlc4
HOSE_NLG,NLG,2023-03-21 09:00:00,1152,2,20.28,20.28,19.88,20.14,1298100,26150224.5,derived_ohlc4
HOSE_NLG,NLG,2023-03-22 09:00:00,1153,2,20.41,20.67,20.14,20.14,923500,18783990.0,derived_ohlc4
HOSE_NLG,NLG,2023-03-23 09:00:00,1154,2,20.14,20.67,19.97,20.32,1257300,25491757.5,derived_ohlc4
HOSE_NLG,NLG,2023-03-24 09:00:00,1155,2,20.58,21.72,20.45,21.72,2396800,50614424.0,derived_ohlc4
HOSE_NLG,NLG,2023-03-27 09:00:00,1156,2,22.06,22.41,21.76,22.24,1216200,26899303.5,derived_ohlc4
HOSE_NLG,NLG,2023-03-28 09:00:00,1157,2,22.5,22.5,21.84,22.19,1404600,31262884.5,derived_ohlc4
HOSE_NLG,NLG,2023-03-29 09:00:00,1158,2,21.93,22.15,21.72,22.02,897400,19702417.0,derived_ohlc4
HOSE_NLG,NLG,2023-03-30 09:00:00,1159,2,22.32,22.32,21.84,21.84,924200,20406336.0,derived_ohlc4
HOSE_NLG,NLG,2023-03-31 09:00:00,1160,2,21.93,23.37,21.93,23.37,2958100,67000964.99999999,derived_ohlc4
HOSE_NLG,NLG,2023-04-03 09:00:00,1161,2,23.98,24.98,23.81,24.98,4312000,105374500.0,derived_ohlc4
HOSE_NLG,NLG,2023-04-04 09:00:00,1162,2,25.03,26.16,24.68,25.16,3142300,79366642.25,derived_ohlc4
HOSE_NLG,NLG,2023-04-05 09:00:00,1163,2,25.55,26.03,25.29,25.81,3220000,82657400.0,derived_ohlc4
HOSE_NLG,NLG,2023-04-06 09:00:00,1164,2,25.73,26.42,25.29,25.46,3611200,92898120.0,derived_ohlc4
HOSE_NLG,NLG,2023-04-07 09:00:00,1165,2,25.46,25.64,24.77,25.55,2388900,60570559.5,derived_ohlc4
HOSE_NLG,NLG,2023-04-10 09:00:00,1166,2,25.99,26.16,25.51,25.9,1842200,47694558.0,derived_ohlc4
HOSE_NLG,NLG,2023-04-11 09:00:00,1167,2,25.68,26.16,24.94,26.12,2120900,54560152.5,derived_ohlc4
HOSE_NLG,NLG,2023-04-12 09:00:00,1168,2,26.16,27.91,25.86,27.91,5192100,139979016.0,derived_ohlc4
HOSE_NLG,NLG,2023-04-13 09:00:00,1169,2,28.26,28.26,27.64,27.73,2046100,57234532.25,derived_ohlc4
HOSE_NLG,NLG,2023-04-14 09:00:00,1170,2,27.82,27.82,25.81,25.81,3500300,93860544.5,derived_ohlc4
HOSE_NLG,NLG,2023-04-17 09:00:00,1171,2,25.38,26.64,24.94,26.47,2214700,57266605.24999999,derived_ohlc4
HOSE_NLG,NLG,2023-04-18 09:00:00,1172,2,26.47,26.68,25.6,26.47,1943300,51118506.5,derived_ohlc4
HOSE_NLG,NLG,2023-04-19 09:00:00,1173,2,26.77,27.03,25.55,25.86,2512800,66092921.99999999,derived_ohlc4
HOSE_NLG,NLG,2023-04-20 09:00:00,1174,2,25.81,26.64,25.81,26.25,1872400,48921131.0,derived_ohlc4
HOSE_NLG,NLG,2023-04-21 09:00:00,1175,2,26.25,27.69,26.08,26.6,3662400,97621272.0,derived_ohlc4
HOSE_NLG,NLG,2023-04-24 09:00:00,1176,2,26.86,27.99,26.6,27.47,3161200,86079475.99999999,derived_ohlc4
HOSE_NLG,NLG,2023-04-25 09:00:00,1177,2,27.64,28.34,26.68,27.12,2021700,55485556.5,derived_ohlc4
HOSE_NLG,NLG,2023-04-26 09:00:00,1178,2,27.12,27.16,26.34,27.12,2807100,75609238.5,derived_ohlc4
HOSE_NLG,NLG,2023-04-27 09:00:00,1179,2,27.38,27.99,26.99,27.3,2016000,55268640.0,derived_ohlc4
HOSE_NLG,NLG,2023-04-28 09:00:00,1180,2,27.73,29.13,27.43,29.13,5501700,156000703.49999997,derived_ohlc4
HOSE_NLG,NLG,2023-05-04 09:00:00,1181,2,28.34,30.09,28.34,29.61,4077000,118620315.0,derived_ohlc4
HOSE_NLG,NLG,2023-05-05 09:00:00,1182,2,29.48,29.91,28.74,29.74,1934700,57010772.24999999,derived_ohlc4
HOSE_NLG,NLG,2023-05-08 09:00:00,1183,2,29.82,30.52,29.22,29.48,2459500,73194720.0,derived_ohlc4
HOSE_NLG,NLG,2023-05-09 09:00:00,1184,2,29.48,29.56,28.65,28.78,2590400,75425972.0,derived_ohlc4
HOSE_NLG,NLG,2023-05-10 09:00:00,1185,2,29.22,29.82,29.04,29.52,1988800,58470720.0,derived_ohlc4
HOSE_NLG,NLG,2023-05-11 09:00:00,1186,2,29.65,30.0,29.08,29.08,2393500,70494558.75,derived_ohlc4
HOSE_NLG,NLG,2023-05-12 09:00:00,1187,2,29.0,29.52,28.82,29.52,2096800,61258012.0,derived_ohlc4
HOSE_NLG,NLG,2023-05-15 09:00:00,1188,2,30.0,30.0,28.6,28.6,2058700,60319909.99999999,derived_ohlc4
HOSE_NLG,NLG,2023-05-16 09:00:00,1189,2,28.6,29.22,28.43,28.91,1343900,38690881.0,derived_ohlc4
HOSE_NLG,NLG,2023-05-17 09:00:00,1190,2,28.78,28.82,27.47,27.6,3763500,106008386.24999999,derived_ohlc4
HOSE_NLG,NLG,2023-05-18 09:00:00,1191,2,27.64,28.3,27.16,27.73,1554800,43079621.0,derived_ohlc4
HOSE_NLG,NLG,2023-05-19 09:00:00,1192,2,28.08,28.08,27.56,27.91,982800,27427491.0,derived_ohlc4
HOSE_NLG,NLG,2023-05-22 09:00:00,1193,2,27.86,29.04,27.73,29.04,1645200,46752470.99999999,derived_ohlc4
HOSE_NLG,NLG,2023-05-23 09:00:00,1194,2,28.87,28.95,28.43,28.43,1463600,41961412.0,derived_ohlc4
HOSE_NLG,NLG,2023-05-24 09:00:00,1195,2,28.6,28.87,28.04,28.04,2241900,63641936.24999999,derived_ohlc4
HOSE_NLG,NLG,2023-05-25 09:00:00,1196,2,27.86,27.91,27.21,27.3,2318600,63923801.99999999,derived_ohlc4
HOSE_NLG,NLG,2023-05-26 09:00:00,1197,2,27.3,28.17,27.3,27.91,1652600,45727442.0,derived_ohlc4
HOSE_NLG,NLG,2023-05-29 09:00:00,1198,2,28.08,28.52,27.99,28.17,1002300,28254836.999999996,derived_ohlc4
HOSE_NLG,NLG,2023-05-30 09:00:00,1199,2,28.52,28.78,28.13,28.34,2024700,57587529.75,derived_ohlc4
HOSE_NLG,NLG,2023-05-31 09:00:00,1200,2,28.17,28.65,28.08,28.08,2444100,69033604.5,derived_ohlc4
HOSE_NLG,NLG,2023-06-01 09:00:00,1201,2,27.99,28.61,27.99,28.52,1835900,51914662.24999999,derived_ohlc4
HOSE_NLG,NLG,2023-06-02 09:00:00,1202,2,28.92,28.92,28.3,28.48,2154900,61748659.5,derived_ohlc4
HOSE_NLG,NLG,2023-06-05 09:00:00,1203,2,28.52,28.7,27.69,27.95,2784900,78575953.5,derived_ohlc4
HOSE_NLG,NLG,2023-06-06 09:00:00,1204,2,27.95,28.48,27.73,28.48,1785600,50282496.0,derived_ohlc4
HOSE_NLG,NLG,2023-06-07 09:00:00,1205,2,28.7,29.4,28.65,29.4,5304800,154038130.0,derived_ohlc4
HOSE_NLG,NLG,2023-06-08 09:00:00,1206,2,29.57,29.57,28.43,28.43,3571000,103559000.0,derived_ohlc4
HOSE_NLG,NLG,2023-06-09 09:00:00,1207,2,28.43,28.96,27.69,28.96,2926300,83428813.0,derived_ohlc4
HOSE_NLG,NLG,2023-06-12 09:00:00,1208,2,28.96,29.05,28.04,28.96,1902000,54687255.00000001,derived_ohlc4
HOSE_NLG,NLG,2023-06-13 09:00:00,1209,2,28.96,29.53,28.48,29.4,3818900,111101348.25,derived_ohlc4
HOSE_NLG,NLG,2023-06-14 09:00:00,1210,2,29.49,30.67,29.27,29.88,5177400,154428898.49999997,derived_ohlc4
HOSE_NLG,NLG,2023-06-15 09:00:00,1211,2,29.88,30.54,29.88,30.19,3324600,100145263.5,derived_ohlc4
HOSE_NLG,NLG,2023-06-16 09:00:00,1212,2,30.54,31.42,29.92,29.97,4540300,138308888.75,derived_ohlc4
HOSE_NLG,NLG,2023-06-19 09:00:00,1213,2,30.01,30.28,29.4,30.14,1990300,59624412.25,derived_ohlc4
HOSE_NLG,NLG,2023-06-20 09:00:00,1214,2,30.19,30.89,29.84,30.67,2645100,80404427.25,derived_ohlc4
HOSE_NLG,NLG,2023-06-21 09:00:00,1215,2,30.67,30.8,30.32,30.67,2225600,68136744.0,derived_ohlc4
HOSE_NLG,NLG,2023-06-22 09:00:00,1216,2,30.72,30.98,30.28,30.63,2819500,86424723.75,derived_ohlc4
HOSE_NLG,NLG,2023-06-23 09:00:00,1217,2,30.72,30.72,29.75,29.88,3505100,106090614.25,derived_ohlc4
HOSE_NLG,NLG,2023-06-26 09:00:00,1218,2,29.84,30.19,29.31,29.84,2795700,83297881.5,derived_ohlc4
HOSE_NLG,NLG,2023-06-27 09:00:00,1219,2,30.19,30.19,29.62,29.75,1338400,40068350.0,derived_ohlc4
HOSE_NLG,NLG,2023-06-28 09:00:00,1220,2,29.57,30.01,29.14,29.7,4263400,126217957.0,derived_ohlc4
HOSE_NLG,NLG,2023-06-29 09:00:00,1221,2,29.7,29.7,28.92,29.0,3102400,90993392.0,derived_ohlc4
HOSE_NLG,NLG,2023-06-30 09:00:00,1222,2,29.05,29.09,28.3,28.96,2559200,73832920.0,derived_ohlc4
HOSE_NLG,NLG,2023-07-03 09:00:00,1223,2,29.0,29.0,28.52,28.52,1009000,29018839.999999996,derived_ohlc4
HOSE_NLG,NLG,2023-07-04 09:00:00,1224,2,28.52,28.96,27.99,28.96,4010900,114741821.75,derived_ohlc4
HOSE_NLG,NLG,2023-07-05 09:00:00,1225,2,29.14,29.7,28.87,29.53,3282800,96218868.00000001,derived_ohlc4
HOSE_NLG,NLG,2023-07-06 09:00:00,1226,2,29.49,29.49,28.52,28.52,2781100,80665805.5,derived_ohlc4
HOSE_NLG,NLG,2023-07-07 09:00:00,1227,2,28.56,28.7,27.78,28.04,4243800,119972225.99999999,derived_ohlc4
HOSE_NLG,NLG,2023-07-10 09:00:00,1228,2,28.04,28.65,27.95,27.99,3162100,89036830.75,derived_ohlc4
HOSE_NLG,NLG,2023-07-11 09:00:00,1229,2,28.43,28.7,28.26,28.34,2523900,71760786.75,derived_ohlc4
HOSE_NLG,NLG,2023-07-12 09:00:00,1230,2,28.65,28.65,28.17,28.43,2183000,62160925.0,derived_ohlc4
HOSE_NLG,NLG,2023-07-13 09:00:00,1231,2,28.52,30.41,28.43,30.41,8128300,239317472.75,derived_ohlc4
HOSE_NLG,NLG,2023-07-14 09:00:00,1232,2,30.54,32.38,30.45,32.38,6919400,217528637.5,derived_ohlc4
HOSE_NLG,NLG,2023-07-17 09:00:00,1233,2,32.12,32.47,31.68,32.03,3732700,119726352.50000001,derived_ohlc4
HOSE_NLG,NLG,2023-07-18 09:00:00,1234,2,31.77,33.65,31.77,33.17,4421600,144099944.00000003,derived_ohlc4
HOSE_NLG,NLG,2023-07-19 09:00:00,1235,2,33.17,33.3,32.29,32.82,3548300,116721328.49999999,derived_ohlc4
HOSE_NLG,NLG,2023-07-20 09:00:00,1236,2,32.43,33.26,32.16,32.91,2714500,88737005.0,derived_ohlc4
HOSE_NLG,NLG,2023-07-21 09:00:00,1237,2,33.17,33.79,32.56,33.39,4417700,146789126.75000003,derived_ohlc4
HOSE_NLG,NLG,2023-07-24 09:00:00,1238,2,33.74,33.79,32.91,32.95,4732700,157823713.24999997,derived_ohlc4
HOSE_NLG,NLG,2023-07-25 09:00:00,1239,2,32.91,33.0,32.38,32.65,4199100,137457538.5,derived_ohlc4
HOSE_NLG,NLG,2023-07-26 09:00:00,1240,2,32.73,33.65,32.38,33.48,6464400,213713063.99999997,derived_ohlc4
HOSE_NLG,NLG,2023-07-27 09:00:00,1241,2,33.48,34.31,33.26,34.27,6380400,215848932.0,derived_ohlc4
HOSE_NLG,NLG,2023-07-28 09:00:00,1242,2,34.27,34.84,33.79,34.4,3576900,122777092.50000001,derived_ohlc4
HOSE_NLG,NLG,2023-07-31 09:00:00,1243,2,34.22,35.1,33.22,35.1,4046600,139243506.0,derived_ohlc4
HOSE_NLG,NLG,2023-08-01 09:00:00,1244,2,35.06,35.06,33.44,33.44,4624900,158402825.0,derived_ohlc4
HOSE_NLG,NLG,2023-08-02 09:00:00,1245,2,33.52,33.87,33.04,33.83,2472400,82986106.0,derived_ohlc4
HOSE_NLG,NLG,2023-08-03 09:00:00,1246,2,33.57,34.18,33.39,33.7,3102700,104592017.0,derived_ohlc4
HOSE_NLG,NLG,2023-08-04 09:00:00,1247,2,34.05,35.1,33.83,35.1,6552900,226206108.00000003,derived_ohlc4
HOSE_NLG,NLG,2023-08-07 09:00:00,1248,2,34.97,34.97,34.14,34.4,2981200,103209143.99999999,derived_ohlc4
HOSE_NLG,NLG,2023-08-08 09:00:00,1249,2,34.31,34.49,33.65,33.65,3061800,104177745.00000001,derived_ohlc4
HOSE_NLG,NLG,2023-08-09 09:00:00,1250,2,33.79,34.05,33.39,33.74,2050800,69199119.0,derived_ohlc4
HOSE_NLG,NLG,2023-08-10 09:00:00,1251,2,33.74,34.22,33.17,33.17,2666900,89541167.50000001,derived_ohlc4
HOSE_NLG,NLG,2023-08-11 09:00:00,1252,2,33.13,33.96,32.6,33.96,2711200,90587970.0,derived_ohlc4
HOSE_NLG,NLG,2023-08-14 09:00:00,1253,2,34.36,34.66,34.01,34.05,3180900,109009442.99999999,derived_ohlc4
HOSE_NLG,NLG,2023-08-15 09:00:00,1254,2,34.09,34.4,33.65,33.79,2181200,74122629.0,derived_ohlc4
HOSE_NLG,NLG,2023-08-16 09:00:00,1255,2,33.96,33.96,33.39,33.83,1724600,58265610.99999999,derived_ohlc4
HOSE_NLG,NLG,2023-08-17 09:00:00,1256,2,34.22,34.75,33.74,33.74,3635900,124029638.75000001,derived_ohlc4
HOSE_NLG,NLG,2023-08-18 09:00:00,1257,2,33.35,33.52,31.42,31.42,6112900,198226064.75,derived_ohlc4
HOSE_NLG,NLG,2023-08-21 09:00:00,1258,2,31.15,32.47,30.32,31.59,3025900,94960306.75,derived_ohlc4
HOSE_NLG,NLG,2023-08-22 09:00:00,1259,2,32.03,32.03,30.28,31.15,1724900,54114425.25000001,derived_ohlc4
HOSE_NLG,NLG,2023-08-23 09:00:00,1260,2,31.77,31.77,30.5,30.5,2596800,80851368.0,derived_ohlc4
HOSE_NLG,NLG,2023-08-24 09:00:00,1261,2,30.58,32.6,30.54,32.47,3118500,98380878.75,derived_ohlc4
HOSE_NLG,NLG,2023-08-25 09:00:00,1262,2,32.65,32.86,31.9,32.47,2311100,75041417.0,derived_ohlc4
HOSE_NLG,NLG,2023-08-28 09:00:00,1263,2,32.91,33.39,32.65,33.0,2464100,81284498.75,derived_ohlc4
HOSE_NLG,NLG,2023-08-29 09:00:00,1264,2,33.17,33.7,32.91,33.08,2168100,72013441.5,derived_ohlc4
HOSE_NLG,NLG,2023-08-30 09:00:00,1265,2,33.35,33.74,33.0,33.7,2536400,84836239.00000001,derived_ohlc4
HOSE_NLG,NLG,2023-08-31 09:00:00,1266,2,34.14,34.49,34.01,34.14,2721000,93044594.99999999,derived_ohlc4
HOSE_NLG,NLG,2023-09-05 09:00:00,1267,2,34.27,34.36,33.74,34.22,2582600,88189333.5,derived_ohlc4
HOSE_NLG,NLG,2023-09-06 09:00:00,1268,2,34.22,34.53,33.74,34.44,2376800,81363806.0,derived_ohlc4
HOSE_NLG,NLG,2023-09-07 09:00:00,1269,2,34.66,35.76,34.66,34.8,4843200,169366704.0,derived_ohlc4
HOSE_NLG,NLG,2023-09-08 09:00:00,1270,2,34.84,34.88,34.49,34.49,2333100,80900242.50000001,derived_ohlc4
HOSE_NLG,NLG,2023-09-11 09:00:00,1271,2,34.66,34.93,32.82,32.82,4484000,151592830.0,derived_ohlc4
HOSE_NLG,NLG,2023-09-12 09:00:00,1272,2,32.82,33.61,32.38,33.61,3308800,109537824.00000001,derived_ohlc4
HOSE_NLG,NLG,2023-09-13 09:00:00,1273,2,33.79,34.14,32.91,33.26,2723700,91312042.5,derived_ohlc4
HOSE_NLG,NLG,2023-09-14 09:00:00,1274,2,33.26,33.26,32.03,32.12,3240300,105852500.24999999,derived_ohlc4
HOSE_NLG,NLG,2023-09-15 09:00:00,1275,2,32.29,32.56,31.77,31.86,2104700,67602964.0,derived_ohlc4
HOSE_NLG,NLG,2023-09-18 09:00:00,1276,2,31.86,32.65,31.64,32.43,1550100,49827964.49999999,derived_ohlc4
HOSE_NLG,NLG,2023-09-19 09:00:00,1277,2,32.65,32.65,31.94,32.08,1204900,38954417.0,derived_ohlc4
HOSE_NLG,NLG,2023-09-20 09:00:00,1278,2,32.29,33.87,32.25,33.65,3484200,115030863.0,derived_ohlc4
HOSE_NLG,NLG,2023-09-21 09:00:00,1279,2,33.79,34.18,33.26,33.48,2632800,88666121.99999999,derived_ohlc4
HOSE_NLG,NLG,2023-09-22 09:00:00,1280,2,32.65,32.91,31.64,31.77,3958900,127644833.25,derived_ohlc4
HOSE_NLG,NLG,2023-09-25 09:00:00,1281,2,31.59,32.12,29.57,29.57,3598100,110506646.25,derived_ohlc4
HOSE_NLG,NLG,2023-09-26 09:00:00,1282,2,29.05,29.92,28.87,28.87,2188300,63849123.25000001,derived_ohlc4
HOSE_NLG,NLG,2023-09-27 09:00:00,1283,2,28.7,30.36,27.99,30.36,2112900,62018897.25,derived_ohlc4
HOSE_NLG,NLG,2023-09-28 09:00:00,1284,2,30.36,31.28,29.44,31.2,2291600,70054212.0,derived_ohlc4
HOSE_NLG,NLG,2023-09-29 09:00:00,1285,2,31.59,31.59,30.72,30.72,1799600,56066538.0,derived_ohlc4
HOSE_NLG,NLG,2023-10-02 09:00:00,1286,2,30.72,31.07,29.84,30.45,517800,15803256.0,derived_ohlc4
HOSE_NLG,NLG,2023-10-03 09:00:00,1287,2,29.92,30.28,28.52,28.7,2173300,63797221.5,derived_ohlc4
HOSE_NLG,NLG,2023-10-04 09:00:00,1288,2,28.17,29.57,28.08,29.18,818400,23529000.0,derived_ohlc4
HOSE_NLG,NLG,2023-10-05 09:00:00,1289,2,29.66,29.66,28.17,28.21,1491200,43132960.00000001,derived_ohlc4
HOSE_NLG,NLG,2023-10-06 09:00:00,1290,2,28.26,28.87,27.2,28.26,1779500,50088476.25,derived_ohlc4
HOSE_NLG,NLG,2023-10-09 09:00:00,1291,2,28.21,29.4,28.21,29.4,1116600,32163663.0,derived_ohlc4
HOSE_NLG,NLG,2023-10-10 09:00:00,1292,2,29.75,29.84,29.14,29.14,940500,27714183.75,derived_ohlc4
HOSE_NLG,NLG,2023-10-11 09:00:00,1293,2,29.05,29.31,28.78,29.22,708600,20613174.0,derived_ohlc4
HOSE_NLG,NLG,2023-10-12 09:00:00,1294,2,29.66,30.01,29.4,29.66,1354400,40201978.0,derived_ohlc4
HOSE_NLG,NLG,2023-10-13 09:00:00,1295,2,29.4,30.54,28.96,30.54,1564500,46715970.0,derived_ohlc4
HOSE_NLG,NLG,2023-10-16 09:00:00,1296,2,30.54,31.15,30.01,30.19,1532300,46693011.75,derived_ohlc4
HOSE_NLG,NLG,2023-10-17 09:00:00,1297,2,30.23,30.41,28.52,28.52,1513100,44515402.0,derived_ohlc4
HOSE_NLG,NLG,2023-10-18 09:00:00,1298,2,28.7,29.05,27.2,28.08,2042200,57707466.5,derived_ohlc4
HOSE_NLG,NLG,2023-10-19 09:00:00,1299,2,28.08,28.56,27.73,27.78,1268500,35565568.75,derived_ohlc4
HOSE_NLG,NLG,2023-10-20 09:00:00,1300,2,27.78,29.7,27.47,29.7,1863400,53409702.5,derived_ohlc4
HOSE_NLG,NLG,2023-10-23 09:00:00,1301,2,29.75,30.06,29.4,29.84,1444700,42997883.75000001,derived_ohlc4
HOSE_NLG,NLG,2023-10-24 09:00:00,1302,2,29.84,31.15,29.66,30.89,2358800,71672138.0,derived_ohlc4
HOSE_NLG,NLG,2023-10-25 09:00:00,1303,2,30.72,30.98,30.1,30.1,1415700,43143457.5,derived_ohlc4
HOSE_NLG,NLG,2023-10-26 09:00:00,1304,2,29.35,29.49,27.99,28.78,3341600,96580594.0,derived_ohlc4
HOSE_NLG,NLG,2023-10-27 09:00:00,1305,2,28.96,30.06,27.95,29.75,2150100,62739918.0,derived_ohlc4
HOSE_NLG,NLG,2023-10-30 09:00:00,1306,2,29.31,29.84,28.52,28.52,975400,28332931.5,derived_ohlc4
HOSE_NLG,NLG,2023-10-31 09:00:00,1307,2,28.87,28.87,26.55,26.59,2295400,63628488.00000001,derived_ohlc4
HOSE_NLG,NLG,2023-11-01 09:00:00,1308,2,26.77,27.03,25.62,26.59,1601400,42441103.5,derived_ohlc4
HOSE_NLG,NLG,2023-11-02 09:00:00,1309,2,27.47,28.43,27.2,28.43,1816100,50637408.25,derived_ohlc4
HOSE_NLG,NLG,2023-11-03 09:00:00,1310,2,28.96,28.96,27.99,28.08,2488800,70924578.0,derived_ohlc4
HOSE_NLG,NLG,2023-11-06 09:00:00,1311,2,28.48,29.57,28.13,29.22,1577300,45505105.0,derived_ohlc4
HOSE_NLG,NLG,2023-11-07 09:00:00,1312,2,28.78,29.35,28.61,28.7,1027300,29647878.000000004,derived_ohlc4
HOSE_NLG,NLG,2023-11-08 09:00:00,1313,2,28.7,30.45,28.56,30.45,3788900,111924106.0,derived_ohlc4
HOSE_NLG,NLG,2023-11-09 09:00:00,1314,2,30.72,32.56,30.32,32.25,7677800,241562782.5,derived_ohlc4
HOSE_NLG,NLG,2023-11-10 09:00:00,1315,2,32.03,33.26,31.99,32.03,3802100,122912387.75,derived_ohlc4
HOSE_NLG,NLG,2023-11-13 09:00:00,1316,2,32.38,32.95,31.68,32.47,3686400,119328768.00000001,derived_ohlc4
HOSE_NLG,NLG,2023-11-14 09:00:00,1317,2,32.82,33.22,32.03,32.47,3060600,99882681.0,derived_ohlc4
HOSE_NLG,NLG,2023-11-15 09:00:00,1318,2,33.26,33.26,31.94,32.21,3394900,110902895.74999999,derived_ohlc4
HOSE_NLG,NLG,2023-11-16 09:00:00,1319,2,32.16,32.91,32.03,32.91,2225000,72318062.5,derived_ohlc4
HOSE_NLG,NLG,2023-11-17 09:00:00,1320,2,32.91,33.35,31.42,32.43,4388500,142746933.74999997,derived_ohlc4
HOSE_NLG,NLG,2023-11-20 09:00:00,1321,2,32.21,33.22,31.59,32.6,2914700,94450853.5,derived_ohlc4
HOSE_NLG,NLG,2023-11-21 09:00:00,1322,2,32.91,33.7,32.65,33.22,3279500,108617039.99999999,derived_ohlc4
HOSE_NLG,NLG,2023-11-22 09:00:00,1323,2,33.22,33.7,32.86,33.48,4938300,164519464.5,derived_ohlc4
HOSE_NLG,NLG,2023-11-23 09:00:00,1324,2,33.52,33.7,31.15,31.15,5438500,176098630.0,derived_ohlc4
HOSE_NLG,NLG,2023-11-24 09:00:00,1325,2,31.33,32.38,30.89,32.38,2931200,93050943.99999999,derived_ohlc4
HOSE_NLG,NLG,2023-11-27 09:00:00,1326,2,32.34,33.17,32.21,32.51,2246000,73124145.0,derived_ohlc4
HOSE_NLG,NLG,2023-11-28 09:00:00,1327,2,32.25,32.82,31.77,32.65,1681500,54434358.74999999,derived_ohlc4
HOSE_NLG,NLG,2023-11-29 09:00:00,1328,2,32.73,32.91,32.47,32.73,1510600,49411725.99999999,derived_ohlc4
HOSE_NLG,NLG,2023-11-30 09:00:00,1329,2,33.0,33.17,32.47,32.47,2567600,84159509.00000001,derived_ohlc4
HOSE_NLG,NLG,2023-12-01 09:00:00,1330,2,32.91,32.91,32.12,32.65,1305800,42631105.5,derived_ohlc4
HOSE_NLG,NLG,2023-12-04 09:00:00,1331,2,33.0,34.05,32.91,33.61,3856200,128768158.5,derived_ohlc4
HOSE_NLG,NLG,2023-12-05 09:00:00,1332,2,33.44,33.61,33.0,33.0,2243300,74617766.25,derived_ohlc4
HOSE_NLG,NLG,2023-12-06 09:00:00,1333,2,33.0,33.65,32.82,33.52,2129700,70807200.75,derived_ohlc4
HOSE_NLG,NLG,2023-12-07 09:00:00,1334,2,33.74,33.74,32.12,32.6,2955100,97666054.99999999,derived_ohlc4
HOSE_NLG,NLG,2023-12-08 09:00:00,1335,2,32.65,33.04,32.08,32.38,1298300,42243436.25,derived_ohlc4
HOSE_NLG,NLG,2023-12-11 09:00:00,1336,2,32.43,32.47,31.77,31.94,1377800,44299714.50000001,derived_ohlc4
HOSE_NLG,NLG,2023-12-12 09:00:00,1337,2,32.25,32.43,31.9,32.38,1248900,40264536.0,derived_ohlc4
HOSE_NLG,NLG,2023-12-13 09:00:00,1338,2,32.65,32.65,31.77,31.77,2001000,64452210.0,derived_ohlc4
HOSE_NLG,NLG,2023-12-14 09:00:00,1339,2,32.12,32.21,31.42,31.46,1809900,57559344.75,derived_ohlc4
HOSE_NLG,NLG,2023-12-15 09:00:00,1340,2,31.46,31.86,30.72,31.33,2020300,63321252.74999999,derived_ohlc4
HOSE_NLG,NLG,2023-12-18 09:00:00,1341,2,31.33,32.38,31.15,31.86,1597500,50608800.0,derived_ohlc4
HOSE_NLG,NLG,2023-12-19 09:00:00,1342,2,31.94,32.12,31.5,32.12,737300,23534616.0,derived_ohlc4
HOSE_NLG,NLG,2023-12-20 09:00:00,1343,2,32.16,32.21,31.86,32.03,627500,20120787.5,derived_ohlc4
HOSE_NLG,NLG,2023-12-21 09:00:00,1344,2,31.94,32.21,31.68,32.21,955200,30575952.000000004,derived_ohlc4
HOSE_NLG,NLG,2023-12-22 09:00:00,1345,2,32.21,32.38,31.99,32.21,907500,29219231.25,derived_ohlc4
HOSE_NLG,NLG,2023-12-25 09:00:00,1346,2,32.21,33.13,32.12,33.08,2938700,95904474.50000001,derived_ohlc4
HOSE_NLG,NLG,2023-12-26 09:00:00,1347,2,33.26,33.3,32.78,33.0,1420500,46997242.5,derived_ohlc4
HOSE_NLG,NLG,2023-12-27 09:00:00,1348,2,33.0,33.17,32.56,32.56,2087200,68507122.00000001,derived_ohlc4
HOSE_NLG,NLG,2023-12-28 09:00:00,1349,2,32.56,33.04,32.47,32.47,2036000,66444859.99999999,derived_ohlc4
HOSE_NLG,NLG,2023-12-29 09:00:00,1350,2,32.47,32.78,32.16,32.16,1891000,61254217.5,derived_ohlc4
HOSE_NLG,NLG,2024-01-02 09:00:00,1351,2,32.29,32.65,31.99,32.12,1401900,45228798.74999999,derived_ohlc4
HOSE_NLG,NLG,2024-01-03 09:00:00,1352,2,31.99,32.56,31.99,32.47,1139000,36735597.5,derived_ohlc4
HOSE_NLG,NLG,2024-01-04 09:00:00,1353,2,32.47,33.08,32.38,32.47,3012500,98207500.0,derived_ohlc4
HOSE_NLG,NLG,2024-01-05 09:00:00,1354,2,32.29,32.91,32.29,32.65,2067700,67272619.5,derived_ohlc4
HOSE_NLG,NLG,2024-01-08 09:00:00,1355,2,32.91,33.48,32.91,33.39,4741700,157294043.25,derived_ohlc4
HOSE_NLG,NLG,2024-01-09 09:00:00,1356,2,33.52,33.79,32.95,33.0,1747100,58204636.49999999,derived_ohlc4
HOSE_NLG,NLG,2024-01-10 09:00:00,1357,2,33.0,33.35,32.47,32.56,2354600,77336837.0,derived_ohlc4
HOSE_NLG,NLG,2024-01-11 09:00:00,1358,2,32.73,32.91,32.29,32.34,1785700,58155784.74999999,derived_ohlc4
HOSE_NLG,NLG,2024-01-12 09:00:00,1359,2,32.03,32.43,31.59,31.94,2519500,80617701.25,derived_ohlc4
HOSE_NLG,NLG,2024-01-15 09:00:00,1360,2,32.21,32.43,31.59,31.59,1392700,44503728.5,derived_ohlc4
HOSE_NLG,NLG,2024-01-16 09:00:00,1361,2,31.46,32.47,31.42,32.47,1254800,40097134.0,derived_ohlc4
HOSE_NLG,NLG,2024-01-17 09:00:00,1362,2,32.47,32.95,32.25,32.65,2188700,71307846.0,derived_ohlc4
HOSE_NLG,NLG,2024-01-18 09:00:00,1363,2,32.86,34.66,32.86,34.36,8475300,285490480.5,derived_ohlc4
HOSE_NLG,NLG,2024-01-19 09:00:00,1364,2,34.4,34.66,34.01,34.22,3358800,115282413.0,derived_ohlc4
HOSE_NLG,NLG,2024-01-22 09:00:00,1365,2,34.27,34.58,33.74,34.49,3413500,116980645.00000001,derived_ohlc4
HOSE_NLG,NLG,2024-01-23 09:00:00,1366,2,34.49,34.62,33.96,34.09,1773900,60827031.0,derived_ohlc4
HOSE_NLG,NLG,2024-01-24 09:00:00,1367,2,34.14,34.18,33.57,33.57,2698600,91388088.99999999,derived_ohlc4
HOSE_NLG,NLG,2024-01-25 09:00:00,1368,2,33.74,33.74,33.48,33.74,1129600,38039280.00000001,derived_ohlc4
HOSE_NLG,NLG,2024-01-26 09:00:00,1369,2,33.79,34.71,33.74,34.71,5294300,181263596.25000003,derived_ohlc4
HOSE_NLG,NLG,2024-01-29 09:00:00,1370,2,34.84,34.84,34.14,34.18,1953300,67388850.0,derived_ohlc4
HOSE_NLG,NLG,2024-01-30 09:00:00,1371,2,34.05,34.49,33.92,34.31,2263200,77384465.99999999,derived_ohlc4
HOSE_NLG,NLG,2024-01-31 09:00:00,1372,2,34.44,34.49,33.74,33.79,2739900,93471688.5,derived_ohlc4
HOSE_NLG,NLG,2024-02-01 09:00:00,1373,2,33.79,34.36,33.65,34.27,1695000,57659662.50000001,derived_ohlc4
HOSE_NLG,NLG,2024-02-02 09:00:00,1374,2,34.27,35.98,34.27,34.66,6374600,221804207.0,derived_ohlc4
HOSE_NLG,NLG,2024-02-05 09:00:00,1375,2,34.66,34.93,34.09,34.66,2673900,92476831.5,derived_ohlc4
HOSE_NLG,NLG,2024-02-06 09:00:00,1376,2,34.75,35.37,34.66,34.97,3050200,106566362.5,derived_ohlc4
HOSE_NLG,NLG,2024-02-07 09:00:00,1377,2,35.19,35.19,34.44,34.93,3298200,115230862.5,derived_ohlc4
HOSE_NLG,NLG,2024-02-15 09:00:00,1378,2,34.93,35.02,34.44,34.53,2564000,89047720.00000001,derived_ohlc4
HOSE_NLG,NLG,2024-02-16 09:00:00,1379,2,34.53,35.28,34.49,34.49,3021300,104831556.75000001,derived_ohlc4
HOSE_NLG,NLG,2024-02-19 09:00:00,1380,2,34.66,34.66,33.96,34.01,4675100,160461119.75,derived_ohlc4
HOSE_NLG,NLG,2024-02-20 09:00:00,1381,2,34.14,34.49,34.01,34.18,1907000,65228935.0,derived_ohlc4
HOSE_NLG,NLG,2024-02-21 09:00:00,1382,2,34.05,34.84,33.96,34.22,2313200,79267581.0,derived_ohlc4
HOSE_NLG,NLG,2024-02-22 09:00:00,1383,2,34.14,34.44,34.14,34.22,1393800,47716743.0,derived_ohlc4
HOSE_NLG,NLG,2024-02-23 09:00:00,1384,2,34.31,34.31,32.91,33.08,4642100,156218270.25000003,derived_ohlc4
HOSE_NLG,NLG,2024-02-26 09:00:00,1385,2,33.04,33.13,32.56,32.82,2491200,81929340.0,derived_ohlc4
HOSE_NLG,NLG,2024-02-27 09:00:00,1386,2,32.91,33.96,32.91,33.79,2350100,78475714.25,derived_ohlc4
HOSE_NLG,NLG,2024-02-28 09:00:00,1387,2,33.96,34.01,33.35,33.52,1742500,58739675.0,derived_ohlc4
HOSE_NLG,NLG,2024-02-29 09:00:00,1388,2,33.79,34.84,33.48,34.75,8044000,275225460.0,derived_ohlc4
HOSE_NLG,NLG,2024-03-01 09:00:00,1389,2,34.93,35.06,34.49,35.02,3456200,120534975.00000003,derived_ohlc4
HOSE_NLG,NLG,2024-03-04 09:00:00,1390,2,35.8,37.43,35.76,37.43,13276700,485993603.49999994,derived_ohlc4
HOSE_NLG,NLG,2024-03-05 09:00:00,1391,2,37.52,38.13,37.12,37.25,5504700,206453773.5,derived_ohlc4
HOSE_NLG,NLG,2024-03-06 09:00:00,1392,2,37.21,38.52,36.59,37.74,5955100,223405576.5,derived_ohlc4
HOSE_NLG,NLG,2024-03-07 09:00:00,1393,2,37.43,38.13,37.21,37.65,5086100,191262790.50000003,derived_ohlc4
HOSE_NLG,NLG,2024-03-08 09:00:00,1394,2,38.0,38.0,36.68,36.77,6649600,248445680.00000003,derived_ohlc4
HOSE_NLG,NLG,2024-03-11 09:00:00,1395,2,36.77,37.82,36.33,36.77,4199400,155052346.5,derived_ohlc4
HOSE_NLG,NLG,2024-03-12 09:00:00,1396,2,36.77,37.6,36.51,37.3,5982100,221606894.5,derived_ohlc4
HOSE_NLG,NLG,2024-03-13 09:00:00,1397,2,37.65,39.27,37.38,39.05,6057000,232210237.50000003,derived_ohlc4
HOSE_NLG,NLG,2024-03-14 09:00:00,1398,2,39.14,39.18,38.17,39.14,4184600,162812324.5,derived_ohlc4
HOSE_NLG,NLG,2024-03-15 09:00:00,1399,2,39.05,39.4,36.46,38.48,5211800,199859500.49999997,derived_ohlc4
HOSE_NLG,NLG,2024-03-18 09:00:00,1400,2,38.96,39.62,35.8,37.56,8998700,341815619.5,derived_ohlc4
HOSE_NLG,NLG,2024-03-19 09:00:00,1401,2,37.65,37.91,36.86,36.86,3574200,133389144.0,derived_ohlc4
HOSE_NLG,NLG,2024-03-20 09:00:00,1402,2,37.21,37.56,36.55,37.56,3240300,120603966.0,derived_ohlc4
HOSE_NLG,NLG,2024-03-21 09:00:00,1403,2,38.0,38.61,37.38,38.0,3427600,130240231.00000001,derived_ohlc4
HOSE_NLG,NLG,2024-03-22 09:00:00,1404,2,38.09,38.57,37.65,38.13,4160300,158549033.0,derived_ohlc4
HOSE_NLG,NLG,2024-03-25 09:00:00,1405,2,38.13,39.01,37.95,38.3,4381200,168008066.99999997,derived_ohlc4
HOSE_NLG,NLG,2024-03-26 09:00:00,1406,2,38.17,39.27,37.74,38.88,3711700,142956125.5,derived_ohlc4
HOSE_NLG,NLG,2024-03-27 09:00:00,1407,2,39.23,39.23,38.35,38.79,2984900,116112610.0,derived_ohlc4
HOSE_NLG,NLG,2024-03-28 09:00:00,1408,2,39.23,39.23,38.13,38.44,2822000,109373665.0,derived_ohlc4
HOSE_NLG,NLG,2024-03-29 09:00:00,1409,2,38.44,38.57,38.0,38.04,2303500,88137668.74999999,derived_ohlc4
HOSE_NLG,NLG,2024-04-01 09:00:00,1410,2,38.13,38.83,37.91,38.44,4082300,156464353.25,derived_ohlc4
HOSE_NLG,NLG,2024-04-02 09:00:00,1411,2,38.39,39.01,37.95,39.01,3330800,128535572.00000001,derived_ohlc4
HOSE_NLG,NLG,2024-04-03 09:00:00,1412,2,39.01,40.5,38.88,39.23,6285200,247668305.99999997,derived_ohlc4
HOSE_NLG,NLG,2024-04-04 09:00:00,1413,2,39.05,40.24,38.57,39.1,4316400,169375535.99999997,derived_ohlc4
HOSE_NLG,NLG,2024-04-05 09:00:00,1414,2,38.7,39.84,38.35,38.35,4363600,169351316.0,derived_ohlc4
HOSE_NLG,NLG,2024-04-08 09:00:00,1415,2,38.26,38.83,37.74,37.87,2449600,93513480.00000001,derived_ohlc4
HOSE_NLG,NLG,2024-04-09 09:00:00,1416,2,37.95,38.13,36.9,37.87,3562400,134347010.00000003,derived_ohlc4
HOSE_NLG,NLG,2024-04-10 09:00:00,1417,2,38.17,38.22,37.3,37.3,1491200,56289072.0,derived_ohlc4
HOSE_NLG,NLG,2024-04-11 09:00:00,1418,2,36.94,37.52,36.9,37.12,1812900,67294848.00000001,derived_ohlc4
HOSE_NLG,NLG,2024-04-12 09:00:00,1419,2,37.6,37.6,36.94,37.52,2144800,80247692.0,derived_ohlc4
HOSE_NLG,NLG,2024-04-15 09:00:00,1420,2,37.16,37.6,34.93,34.93,4558600,164816183.0,derived_ohlc4
HOSE_NLG,NLG,2024-04-16 09:00:00,1421,2,34.93,34.93,33.26,34.49,4053500,139450533.75,derived_ohlc4
HOSE_NLG,NLG,2024-04-17 09:00:00,1422,2,34.58,34.58,33.35,33.35,2793700,94888020.49999999,derived_ohlc4
HOSE_NLG,NLG,2024-04-19 09:00:00,1423,2,32.47,32.86,31.37,31.59,4698600,150695848.5,derived_ohlc4
HOSE_NLG,NLG,2024-04-22 09:00:00,1424,2,32.12,32.65,31.86,32.56,3083800,99599030.5,derived_ohlc4
HOSE_NLG,NLG,2024-04-23 09:00:00,1425,2,32.47,32.65,31.59,31.59,3279800,105199585.00000001,derived_ohlc4
HOSE_NLG,NLG,2024-04-24 09:00:00,1426,2,32.38,33.79,32.03,33.79,3015000,99487462.5,derived_ohlc4
HOSE_NLG,NLG,2024-04-25 09:00:00,1427,2,33.79,33.79,32.78,33.26,2727800,91122159.0,derived_ohlc4
HOSE_NLG,NLG,2024-04-26 09:00:00,1428,2,32.95,33.52,32.78,33.26,2927000,96964192.5,derived_ohlc4
HOSE_NLG,NLG,2024-05-02 09:00:00,1429,2,33.22,34.44,32.34,34.44,2940400,98826844.0,derived_ohlc4
HOSE_NLG,NLG,2024-05-03 09:00:00,1430,2,34.44,35.8,34.05,35.8,4881300,170955329.24999997,derived_ohlc4
HOSE_NLG,NLG,2024-05-06 09:00:00,1431,2,35.28,35.98,35.28,35.63,2169900,77123670.75,derived_ohlc4
HOSE_NLG,NLG,2024-05-07 09:00:00,1432,2,35.8,36.33,35.67,36.16,2248900,80937910.99999999,derived_ohlc4
HOSE_NLG,NLG,2024-05-08 09:00:00,1433,2,35.54,35.98,35.02,35.98,2522200,89865985.99999999,derived_ohlc4
HOSE_NLG,NLG,2024-05-09 09:00:00,1434,2,36.02,36.33,35.41,35.8,2202800,79058492.0,derived_ohlc4
HOSE_NLG,NLG,2024-05-10 09:00:00,1435,2,35.67,36.86,35.5,36.29,3634000,131114720.0,derived_ohlc4
HOSE_NLG,NLG,2024-05-13 09:00:00,1436,2,36.86,36.86,36.24,36.46,1558900,57063534.50000001,derived_ohlc4
HOSE_NLG,NLG,2024-05-14 09:00:00,1437,2,36.42,36.64,36.07,36.59,1784000,64991120.0,derived_ohlc4
HOSE_NLG,NLG,2024-05-15 09:00:00,1438,2,36.59,37.3,36.16,37.21,2822100,103895611.5,derived_ohlc4
HOSE_NLG,NLG,2024-05-16 09:00:00,1439,2,37.25,38.61,37.25,38.61,4602200,174561446.0,derived_ohlc4
HOSE_NLG,NLG,2024-05-17 09:00:00,1440,2,38.26,38.61,37.78,38.61,3150000,120692250.0,derived_ohlc4
HOSE_NLG,NLG,2024-05-20 09:00:00,1441,2,38.92,38.92,38.3,38.3,2938400,113451624.0,derived_ohlc4
HOSE_NLG,NLG,2024-05-21 09:00:00,1442,2,38.22,38.92,38.13,38.7,2913600,112151748.00000001,derived_ohlc4
HOSE_NLG,NLG,2024-05-22 09:00:00,1443,2,38.7,39.71,38.7,39.58,4382300,171665646.75,derived_ohlc4
HOSE_NLG,NLG,2024-05-23 09:00:00,1444,2,39.4,40.28,38.7,40.28,3219800,127713367.00000001,derived_ohlc4
HOSE_NLG,NLG,2024-05-24 09:00:00,1445,2,39.71,40.24,37.47,38.52,4661300,181720780.5,derived_ohlc4
HOSE_NLG,NLG,2024-05-27 09:00:00,1446,2,38.52,38.79,37.74,38.52,1561600,59953728.00000001,derived_ohlc4
HOSE_NLG,NLG,2024-05-28 09:00:00,1447,2,38.52,39.1,38.26,38.79,2197500,84971831.25,derived_ohlc4
HOSE_NLG,NLG,2024-05-29 09:00:00,1448,2,38.97,39.59,38.61,39.41,2840400,111187457.99999999,derived_ohlc4
HOSE_NLG,NLG,2024-05-30 09:00:00,1449,2,38.48,39.1,38.12,38.79,1728100,66743542.24999999,derived_ohlc4
HOSE_NLG,NLG,2024-05-31 09:00:00,1450,2,38.34,39.41,38.34,39.05,2649200,102749221.99999999,derived_ohlc4
HOSE_NLG,NLG,2024-06-03 09:00:00,1451,2,39.19,39.99,39.05,39.94,4509100,178301086.75000003,derived_ohlc4
HOSE_NLG,NLG,2024-06-04 09:00:00,1452,2,40.12,40.12,39.5,39.9,1914000,76387740.0,derived_ohlc4
HOSE_NLG,NLG,2024-06-05 09:00:00,1453,2,39.9,39.94,38.88,38.92,3603900,142029699.0,derived_ohlc4
HOSE_NLG,NLG,2024-06-06 09:00:00,1454,2,39.05,39.05,37.72,37.72,3258500,125077522.5,derived_ohlc4
HOSE_NLG,NLG,2024-06-07 09:00:00,1455,2,38.12,38.26,37.32,37.86,2837800,107524242.0,derived_ohlc4
HOSE_NLG,NLG,2024-06-10 09:00:00,1456,2,37.99,38.34,37.55,37.99,2275200,86383656.0,derived_ohlc4
HOSE_NLG,NLG,2024-06-11 09:00:00,1457,2,38.17,38.34,37.72,38.17,1520700,57938670.0,derived_ohlc4
HOSE_NLG,NLG,2024-06-12 09:00:00,1458,2,39.5,39.5,38.03,38.61,2105300,81917223.0,derived_ohlc4
HOSE_NLG,NLG,2024-06-13 09:00:00,1459,2,38.61,39.36,38.61,39.14,2433400,94732262.0,derived_ohlc4
HOSE_NLG,NLG,2024-06-14 09:00:00,1460,2,39.01,39.1,37.37,37.37,2052300,78423513.75,derived_ohlc4
HOSE_NLG,NLG,2024-06-17 09:00:00,1461,2,37.37,37.55,36.39,36.39,3706700,136869897.5,derived_ohlc4
HOSE_NLG,NLG,2024-06-18 09:00:00,1462,2,36.92,37.15,36.57,37.06,1596900,58965532.49999999,derived_ohlc4
HOSE_NLG,NLG,2024-06-19 09:00:00,1463,2,37.55,37.55,36.52,37.1,1807200,67191696.0,derived_ohlc4
HOSE_NLG,NLG,2024-06-20 09:00:00,1464,2,36.66,37.19,36.39,36.57,2168700,79596711.75,derived_ohlc4
HOSE_NLG,NLG,2024-06-21 09:00:00,1465,2,36.57,36.79,36.3,36.3,2392700,87309622.99999999,derived_ohlc4
HOSE_NLG,NLG,2024-06-24 09:00:00,1466,2,36.26,36.88,35.33,36.17,5572000,201483519.99999997,derived_ohlc4
HOSE_NLG,NLG,2024-06-25 09:00:00,1467,2,36.12,36.92,36.08,36.92,2061700,75272667.0,derived_ohlc4
HOSE_NLG,NLG,2024-06-26 09:00:00,1468,2,36.7,36.92,36.08,36.92,2363500,86634092.5,derived_ohlc4
HOSE_NLG,NLG,2024-06-27 09:00:00,1469,2,36.39,37.28,36.26,37.28,1631000,60024877.5,derived_ohlc4
HOSE_NLG,NLG,2024-06-28 09:00:00,1470,2,37.24,37.24,35.95,36.75,1895300,69737563.5,derived_ohlc4
HOSE_NLG,NLG,2024-07-01 09:00:00,1471,2,36.75,38.08,36.44,37.1,1224900,45434603.25,derived_ohlc4
HOSE_NLG,NLG,2024-07-02 09:00:00,1472,2,37.28,38.39,36.92,38.3,3277000,123616632.49999999,derived_ohlc4
HOSE_NLG,NLG,2024-07-03 09:00:00,1473,2,38.34,38.43,37.99,38.17,1343100,51350070.75,derived_ohlc4
HOSE_NLG,NLG,2024-07-04 09:00:00,1474,2,38.17,38.3,37.9,38.17,1871200,71358212.00000001,derived_ohlc4
HOSE_NLG,NLG,2024-07-05 09:00:00,1475,2,38.17,39.05,38.03,39.05,6038700,232942852.50000003,derived_ohlc4
HOSE_NLG,NLG,2024-07-08 09:00:00,1476,2,39.41,39.94,38.61,39.14,3537900,138951022.5,derived_ohlc4
HOSE_NLG,NLG,2024-07-09 09:00:00,1477,2,39.59,39.59,38.43,38.52,2322900,90668594.25000001,derived_ohlc4
HOSE_NLG,NLG,2024-07-10 09:00:00,1478,2,38.61,38.74,38.12,38.12,2442000,93766695.0,derived_ohlc4
HOSE_NLG,NLG,2024-07-11 09:00:00,1479,2,38.52,39.23,37.94,38.17,3939900,151548253.5,derived_ohlc4
HOSE_NLG,NLG,2024-07-12 09:00:00,1480,2,38.21,38.79,37.99,38.17,1908000,73057320.00000001,derived_ohlc4
HOSE_NLG,NLG,2024-07-15 09:00:00,1481,2,38.21,38.97,38.21,38.88,2179400,84054009.5,derived_ohlc4
HOSE_NLG,NLG,2024-07-16 09:00:00,1482,2,38.88,39.59,38.88,39.05,4013800,156939579.99999997,derived_ohlc4
HOSE_NLG,NLG,2024-07-17 09:00:00,1483,2,39.19,39.19,36.39,37.28,4111100,156273188.75,derived_ohlc4
HOSE_NLG,NLG,2024-07-18 09:00:00,1484,2,37.28,37.68,36.39,37.55,1545000,57512625.0,derived_ohlc4
HOSE_NLG,NLG,2024-07-19 09:00:00,1485,2,37.37,37.46,36.39,36.44,1489800,54995967.0,derived_ohlc4
HOSE_NLG,NLG,2024-07-22 09:00:00,1486,2,36.21,36.44,34.7,36.39,2268100,81504173.5,derived_ohlc4
HOSE_NLG,NLG,2024-07-23 09:00:00,1487,2,36.39,36.92,35.99,36.48,2050900,74745050.5,derived_ohlc4
HOSE_NLG,NLG,2024-07-24 09:00:00,1488,2,36.21,37.46,35.95,37.28,1799200,66075620.0,derived_ohlc4
HOSE_NLG,NLG,2024-07-25 09:00:00,1489,2,37.19,37.19,36.48,36.88,1049000,38744814.99999999,derived_ohlc4
HOSE_NLG,NLG,2024-07-26 09:00:00,1490,2,37.19,37.24,36.7,37.06,612000,22673070.0,derived_ohlc4
HOSE_NLG,NLG,2024-07-29 09:00:00,1491,2,37.28,37.5,36.84,36.88,986700,36631237.5,derived_ohlc4
HOSE_NLG,NLG,2024-07-30 09:00:00,1492,2,36.75,37.68,36.75,37.1,2514200,93201394.0,derived_ohlc4
HOSE_NLG,NLG,2024-07-31 09:00:00,1493,2,37.41,37.41,36.52,36.52,789200,29172778.000000004,derived_ohlc4
HOSE_NLG,NLG,2024-08-01 09:00:00,1494,2,36.57,36.75,34.62,34.88,2999600,107100718.0,derived_ohlc4
HOSE_NLG,NLG,2024-08-02 09:00:00,1495,2,34.62,35.24,33.82,35.06,1771100,61430603.50000001,derived_ohlc4
HOSE_NLG,NLG,2024-08-05 09:00:00,1496,2,35.02,35.02,32.93,33.55,2529900,86345486.99999999,derived_ohlc4
HOSE_NLG,NLG,2024-08-06 09:00:00,1497,2,33.73,34.79,33.64,34.79,1558100,53345448.74999999,derived_ohlc4
HOSE_NLG,NLG,2024-08-07 09:00:00,1498,2,34.62,34.84,34.31,34.75,761300,26363819.000000004,derived_ohlc4
HOSE_NLG,NLG,2024-08-08 09:00:00,1499,2,34.53,34.53,33.73,33.82,1449300,49497218.24999999,derived_ohlc4
HOSE_NLG,NLG,2024-08-09 09:00:00,1500,2,34.08,34.62,33.68,34.62,834700,28588475.0,derived_ohlc4
HOSE_NLG,NLG,2024-08-12 09:00:00,1501,2,34.53,34.7,34.13,34.57,928100,32003208.25,derived_ohlc4
HOSE_NLG,NLG,2024-08-13 09:00:00,1502,2,34.26,34.7,33.86,34.04,1487000,50877705.00000001,derived_ohlc4
HOSE_NLG,NLG,2024-08-14 09:00:00,1503,2,34.26,34.53,33.73,33.77,827600,28198401.0,derived_ohlc4
HOSE_NLG,NLG,2024-08-15 09:00:00,1504,2,33.82,34.08,33.02,33.06,954300,31964278.500000004,derived_ohlc4
HOSE_NLG,NLG,2024-08-16 09:00:00,1505,2,33.64,35.19,33.28,35.06,3462600,118741210.50000001,derived_ohlc4
HOSE_NLG,NLG,2024-08-19 09:00:00,1506,2,35.5,35.95,35.24,35.24,1349200,47872989.0,derived_ohlc4
HOSE_NLG,NLG,2024-08-20 09:00:00,1507,2,35.24,36.57,34.88,36.04,2533700,90408750.25,derived_ohlc4
HOSE_NLG,NLG,2024-08-21 09:00:00,1508,2,36.21,36.3,35.59,36.12,1627100,58665090.5,derived_ohlc4
HOSE_NLG,NLG,2024-08-22 09:00:00,1509,2,36.08,36.39,35.95,36.12,1036300,37446700.5,derived_ohlc4
HOSE_NLG,NLG,2024-08-23 09:00:00,1510,2,36.12,36.12,35.64,36.12,1053900,37940400.0,derived_ohlc4
HOSE_NLG,NLG,2024-08-26 09:00:00,1511,2,36.39,36.39,36.08,36.08,1019500,36941582.5,derived_ohlc4
HOSE_NLG,NLG,2024-08-27 09:00:00,1512,2,36.04,36.92,35.77,36.12,1509800,54673632.50000001,derived_ohlc4
HOSE_NLG,NLG,2024-08-28 09:00:00,1513,2,36.21,36.39,35.59,36.3,1737100,62748394.75000001,derived_ohlc4
HOSE_NLG,NLG,2024-08-29 09:00:00,1514,2,36.3,36.44,36.04,36.3,759700,27554318.999999996,derived_ohlc4
HOSE_NLG,NLG,2024-08-30 09:00:00,1515,2,36.3,36.39,35.95,36.39,1134600,41137759.5,derived_ohlc4
HOSE_NLG,NLG,2024-09-04 09:00:00,1516,2,36.21,37.5,35.59,37.28,2059700,75477706.5,derived_ohlc4
HOSE_NLG,NLG,2024-09-05 09:00:00,1517,2,37.28,37.55,36.39,36.48,1582400,58430119.99999999,derived_ohlc4
HOSE_NLG,NLG,2024-09-06 09:00:00,1518,2,36.39,36.7,36.17,36.48,686900,25027201.5,derived_ohlc4
HOSE_NLG,NLG,2024-09-09 09:00:00,1519,2,36.39,36.75,36.12,36.48,420900,15335491.499999998,derived_ohlc4
HOSE_NLG,NLG,2024-09-10 09:00:00,1520,2,36.48,36.66,35.5,36.3,1924700,69741504.5,derived_ohlc4
HOSE_NLG,NLG,2024-09-11 09:00:00,1521,2,36.3,36.3,35.33,36.3,906800,32696940.999999996,derived_ohlc4
HOSE_NLG,NLG,2024-09-12 09:00:00,1522,2,36.3,36.35,36.12,36.3,691500,25078976.25,derived_ohlc4
HOSE_NLG,NLG,2024-09-13 09:00:00,1523,2,36.3,37.06,36.04,37.06,1275300,46695109.5,derived_ohlc4
HOSE_NLG,NLG,2024-09-16 09:00:00,1524,2,36.66,36.97,36.39,36.39,835300,30574068.25,derived_ohlc4
HOSE_NLG,NLG,2024-09-17 09:00:00,1525,2,36.48,37.24,36.3,37.15,1766800,65004988.99999999,derived_ohlc4
HOSE_NLG,NLG,2024-09-18 09:00:00,1526,2,37.28,37.28,37.1,37.24,1953400,72715315.0,derived_ohlc4
HOSE_NLG,NLG,2024-09-19 09:00:00,1527,2,37.28,37.5,37.15,37.41,1649600,61587816.0,derived_ohlc4
HOSE_NLG,NLG,2024-09-20 09:00:00,1528,2,37.55,37.59,36.92,36.92,1674000,62348130.00000001,derived_ohlc4
HOSE_NLG,NLG,2024-09-23 09:00:00,1529,2,36.92,37.37,36.84,37.1,1345800,49871983.5,derived_ohlc4
HOSE_NLG,NLG,2024-09-24 09:00:00,1530,2,37.1,37.24,37.01,37.19,831900,30892606.5,derived_ohlc4
HOSE_NLG,NLG,2024-09-25 09:00:00,1531,2,37.46,37.81,37.19,37.63,2416000,90654360.0,derived_ohlc4
HOSE_NLG,NLG,2024-09-26 09:00:00,1532,2,37.63,37.86,37.32,37.32,1681700,63118405.25,derived_ohlc4
HOSE_NLG,NLG,2024-09-27 09:00:00,1533,2,37.28,37.59,36.84,37.06,1710500,63617771.25000001,derived_ohlc4
HOSE_NLG,NLG,2024-09-30 09:00:00,1534,2,36.66,36.92,36.61,36.88,1180700,43411387.25,derived_ohlc4
HOSE_NLG,NLG,2024-10-01 09:00:00,1535,2,36.92,37.63,36.84,36.92,1673600,62052904.0,derived_ohlc4
HOSE_NLG,NLG,2024-10-02 09:00:00,1536,2,36.75,37.1,36.39,36.39,1132900,41529281.75,derived_ohlc4
HOSE_NLG,NLG,2024-10-03 09:00:00,1537,2,36.39,36.79,35.5,35.68,1947100,70270839.0,derived_ohlc4
HOSE_NLG,NLG,2024-10-04 09:00:00,1538,2,35.5,35.77,35.42,35.42,1569500,55760411.25000001,derived_ohlc4
HOSE_NLG,NLG,2024-10-07 09:00:00,1539,2,35.5,35.99,35.5,35.77,915400,32670626.000000004,derived_ohlc4
HOSE_NLG,NLG,2024-10-08 09:00:00,1540,2,35.64,35.77,35.5,35.59,1210000,43106250.0,derived_ohlc4
HOSE_NLG,NLG,2024-10-09 09:00:00,1541,2,35.55,36.04,35.55,35.95,1227100,43896434.75,derived_ohlc4
HOSE_NLG,NLG,2024-10-10 09:00:00,1542,2,35.99,36.17,35.64,35.64,896100,32134146.0,derived_ohlc4
HOSE_NLG,NLG,2024-10-11 09:00:00,1543,2,35.68,35.99,35.55,35.73,699800,25009102.499999996,derived_ohlc4
HOSE_NLG,NLG,2024-10-14 09:00:00,1544,2,35.64,35.95,35.24,35.24,1299800,46165646.50000001,derived_ohlc4
HOSE_NLG,NLG,2024-10-15 09:00:00,1545,2,35.64,35.64,34.48,34.62,2754400,96665668.0,derived_ohlc4
HOSE_NLG,NLG,2024-10-16 09:00:00,1546,2,34.84,34.84,33.82,33.91,2149700,73847569.25,derived_ohlc4
HOSE_NLG,NLG,2024-10-17 09:00:00,1547,2,34.13,34.66,33.73,34.53,2658500,91086856.24999999,derived_ohlc4
HOSE_NLG,NLG,2024-10-18 09:00:00,1548,2,34.88,35.02,34.53,34.53,2520800,87572592.0,derived_ohlc4
HOSE_NLG,NLG,2024-10-21 09:00:00,1549,2,34.53,34.57,33.86,33.91,1255700,42966914.75,derived_ohlc4
HOSE_NLG,NLG,2024-10-22 09:00:00,1550,2,33.91,34.57,33.55,33.86,2580700,87672830.74999999,derived_ohlc4
HOSE_NLG,NLG,2024-10-23 09:00:00,1551,2,34.08,34.97,33.86,34.88,1594400,54923094.0,derived_ohlc4
HOSE_NLG,NLG,2024-10-24 09:00:00,1552,2,34.88,34.97,34.26,34.53,1882800,65257847.99999999,derived_ohlc4
HOSE_NLG,NLG,2024-10-25 09:00:00,1553,2,34.66,34.84,34.4,34.4,1276200,44124615.0,derived_ohlc4
HOSE_NLG,NLG,2024-10-28 09:00:00,1554,2,34.4,34.7,34.4,34.7,972600,33603330.0,derived_ohlc4
HOSE_NLG,NLG,2024-10-29 09:00:00,1555,2,34.88,35.06,34.62,34.7,1345500,46843582.5,derived_ohlc4
HOSE_NLG,NLG,2024-10-30 09:00:00,1556,2,34.75,35.15,34.7,34.97,1531300,53430885.25,derived_ohlc4
HOSE_NLG,NLG,2024-10-31 09:00:00,1557,2,35.02,35.5,34.84,35.37,1381300,48597587.25000001,derived_ohlc4
HOSE_NLG,NLG,2024-11-01 09:00:00,1558,2,35.02,36.12,34.84,36.12,2477000,87995425.0,derived_ohlc4
HOSE_NLG,NLG,2024-11-04 09:00:00,1559,2,35.5,35.55,34.66,35.06,1430300,50335832.74999999,derived_ohlc4
HOSE_NLG,NLG,2024-11-05 09:00:00,1560,2,35.06,35.37,34.84,35.02,477800,16757640.500000002,derived_ohlc4
HOSE_NLG,NLG,2024-11-06 09:00:00,1561,2,35.06,35.42,34.75,35.42,894300,31445823.75,derived_ohlc4
HOSE_NLG,NLG,2024-11-07 09:00:00,1562,2,35.42,35.9,35.02,35.46,1374400,48722480.00000001,derived_ohlc4
HOSE_NLG,NLG,2024-11-08 09:00:00,1563,2,35.33,35.37,34.7,35.15,1474200,51799702.49999999,derived_ohlc4
HOSE_NLG,NLG,2024-11-11 09:00:00,1564,2,34.88,35.1,34.4,35.1,1250100,43590987.0,derived_ohlc4
HOSE_NLG,NLG,2024-11-12 09:00:00,1565,2,35.1,35.15,34.62,35.02,617100,21581529.750000004,derived_ohlc4
HOSE_NLG,NLG,2024-11-13 09:00:00,1566,2,34.97,34.97,34.44,34.97,1226900,42742128.75,derived_ohlc4
HOSE_NLG,NLG,2024-11-14 09:00:00,1567,2,34.66,34.7,34.26,34.26,639600,22047012.0,derived_ohlc4
HOSE_NLG,NLG,2024-11-15 09:00:00,1568,2,33.99,33.99,33.11,33.51,1558000,52426700.0,derived_ohlc4
HOSE_NLG,NLG,2024-11-18 09:00:00,1569,2,33.51,33.64,32.58,32.84,1040000,34468200.0,derived_ohlc4
HOSE_NLG,NLG,2024-11-19 09:00:00,1570,2,33.28,33.33,32.66,32.84,1074800,35497957.0,derived_ohlc4
HOSE_NLG,NLG,2024-11-20 09:00:00,1571,2,32.84,34.17,32.75,33.55,1384600,46145256.5,derived_ohlc4
HOSE_NLG,NLG,2024-11-21 09:00:00,1572,2,33.46,33.68,33.46,33.64,728900,24461884.0,derived_ohlc4
HOSE_NLG,NLG,2024-11-22 09:00:00,1573,2,33.91,33.91,33.28,33.33,773500,25995401.25,derived_ohlc4
HOSE_NLG,NLG,2024-11-25 09:00:00,1574,2,33.42,33.64,33.37,33.64,631400,21162949.5,derived_ohlc4
HOSE_NLG,NLG,2024-11-26 09:00:00,1575,2,33.82,34.44,33.68,34.17,1022100,34779507.75,derived_ohlc4
HOSE_NLG,NLG,2024-11-27 09:00:00,1576,2,34.04,34.04,33.55,33.64,1170400,39580001.99999999,derived_ohlc4
HOSE_NLG,NLG,2024-11-28 09:00:00,1577,2,33.82,33.99,33.37,33.99,1184800,40037354.00000001,derived_ohlc4
HOSE_NLG,NLG,2024-11-29 09:00:00,1578,2,33.73,34.17,33.73,34.13,674400,22889136.0,derived_ohlc4
HOSE_NLG,NLG,2024-12-02 09:00:00,1579,2,33.91,34.22,33.46,33.68,1631500,55173251.25000001,derived_ohlc4
HOSE_NLG,NLG,2024-12-03 09:00:00,1580,2,33.68,33.68,33.37,33.42,836700,28060826.249999996,derived_ohlc4
HOSE_NLG,NLG,2024-12-04 09:00:00,1581,2,33.33,33.55,32.75,32.75,2126000,70359970.0,derived_ohlc4
HOSE_NLG,NLG,2024-12-05 09:00:00,1582,2,32.75,34.08,32.71,33.99,1155600,38576817.0,derived_ohlc4
HOSE_NLG,NLG,2024-12-06 09:00:00,1583,2,33.99,34.04,33.55,33.99,1026600,34794040.5,derived_ohlc4
HOSE_NLG,NLG,2024-12-09 09:00:00,1584,2,33.99,34.26,33.73,34.13,1701500,57897791.24999999,derived_ohlc4
HOSE_NLG,NLG,2024-12-10 09:00:00,1585,2,33.99,34.26,33.68,33.91,1196800,40643328.0,derived_ohlc4
HOSE_NLG,NLG,2024-12-11 09:00:00,1586,2,33.77,34.04,33.46,33.82,1204100,40665467.25,derived_ohlc4
HOSE_NLG,NLG,2024-12-12 09:00:00,1587,2,33.73,33.99,33.55,33.6,825000,27816937.5,derived_ohlc4
HOSE_NLG,NLG,2024-12-13 09:00:00,1588,2,33.6,33.6,33.28,33.28,679000,22705760.0,derived_ohlc4
HOSE_NLG,NLG,2024-12-16 09:00:00,1589,2,33.28,33.64,33.15,33.28,781300,26046588.75,derived_ohlc4
HOSE_NLG,NLG,2024-12-17 09:00:00,1590,2,33.55,33.64,32.97,33.02,2432300,80983428.5,derived_ohlc4
HOSE_NLG,NLG,2024-12-18 09:00:00,1591,2,33.2,33.2,32.89,33.11,937000,31014700.0,derived_ohlc4
HOSE_NLG,NLG,2024-12-19 09:00:00,1592,2,32.66,32.84,32.22,32.31,2406500,78229298.75,derived_ohlc4
HOSE_NLG,NLG,2024-12-20 09:00:00,1593,2,32.35,32.53,32.26,32.26,1068400,34562739.99999999,derived_ohlc4
HOSE_NLG,NLG,2024-12-23 09:00:00,1594,2,32.35,32.53,32.13,32.18,1535000,49576662.5,derived_ohlc4
HOSE_NLG,NLG,2024-12-24 09:00:00,1595,2,32.22,32.4,31.6,31.69,2526700,80797549.25,derived_ohlc4
HOSE_NLG,NLG,2024-12-25 09:00:00,1596,2,31.69,32.49,31.69,32.22,2956300,94668116.75,derived_ohlc4
HOSE_NLG,NLG,2024-12-26 09:00:00,1597,2,32.18,32.66,32.09,32.13,1556600,50223699.0,derived_ohlc4
HOSE_NLG,NLG,2024-12-27 09:00:00,1598,2,32.13,32.31,31.73,32.31,1974000,63404880.00000001,derived_ohlc4
HOSE_NLG,NLG,2024-12-30 09:00:00,1599,2,32.4,32.66,32.22,32.26,2176100,70472998.5,derived_ohlc4
HOSE_NLG,NLG,2024-12-31 09:00:00,1600,2,32.26,32.58,32.26,32.44,1171300,37932550.5,derived_ohlc4
HOSE_NLG,NLG,2025-01-02 09:00:00,1601,2,32.44,32.44,32.13,32.35,1029000,33277859.999999996,derived_ohlc4
HOSE_NLG,NLG,2025-01-03 09:00:00,1602,2,32.26,32.31,31.95,32.0,788100,25321652.999999996,derived_ohlc4
HOSE_NLG,NLG,2025-01-06 09:00:00,1603,2,32.0,32.13,30.98,31.11,1206800,38080574.0,derived_ohlc4
HOSE_NLG,NLG,2025-01-07 09:00:00,1604,2,31.42,31.42,29.11,29.69,3763700,114454117.0,derived_ohlc4
HOSE_NLG,NLG,2025-01-08 09:00:00,1605,2,29.34,29.87,29.07,29.38,2814800,82797342.0,derived_ohlc4
HOSE_NLG,NLG,2025-01-09 09:00:00,1606,2,29.74,29.74,28.94,28.94,989400,29028996.0,derived_ohlc4
HOSE_NLG,NLG,2025-01-10 09:00:00,1607,2,28.85,29.65,28.54,28.54,1343900,38831990.49999999,derived_ohlc4
HOSE_NLG,NLG,2025-01-13 09:00:00,1608,2,28.45,28.89,28.45,28.76,1687900,48337236.25000001,derived_ohlc4
HOSE_NLG,NLG,2025-01-14 09:00:00,1609,2,28.89,29.07,28.62,28.67,706400,20353150.0,derived_ohlc4
HOSE_NLG,NLG,2025-01-15 09:00:00,1610,2,28.8,28.8,28.58,28.58,1271700,36485073.0,derived_ohlc4
HOSE_NLG,NLG,2025-01-16 09:00:00,1611,2,28.58,29.07,28.58,29.02,1292300,37234393.74999999,derived_ohlc4
HOSE_NLG,NLG,2025-01-17 09:00:00,1612,2,29.47,29.47,28.85,29.38,1240200,36328558.49999999,derived_ohlc4
HOSE_NLG,NLG,2025-01-20 09:00:00,1613,2,29.38,29.42,29.2,29.2,354200,10378060.0,derived_ohlc4
HOSE_NLG,NLG,2025-01-21 09:00:00,1614,2,29.29,29.38,28.98,29.16,537100,15684662.75,derived_ohlc4
HOSE_NLG,NLG,2025-01-22 09:00:00,1615,2,29.2,29.96,29.16,29.74,1842100,54369581.49999999,derived_ohlc4
HOSE_NLG,NLG,2025-01-23 09:00:00,1616,2,29.91,30.36,29.51,30.36,1103800,33152633.0,derived_ohlc4
HOSE_NLG,NLG,2025-01-24 09:00:00,1617,2,30.36,32.35,30.09,32.35,1798500,56270568.75,derived_ohlc4
HOSE_NLG,NLG,2025-02-03 09:00:00,1618,2,31.51,31.64,30.8,30.98,1418000,44287685.0,derived_ohlc4
HOSE_NLG,NLG,2025-02-04 09:00:00,1619,2,31.16,31.2,30.27,30.62,1673000,51549312.5,derived_ohlc4
HOSE_NLG,NLG,2025-02-05 09:00:00,1620,2,30.84,31.46,30.8,30.98,1110300,34441506.0,derived_ohlc4
HOSE_NLG,NLG,2025-02-06 09:00:00,1621,2,31.07,31.11,30.44,30.58,1141500,35158200.0,derived_ohlc4
HOSE_NLG,NLG,2025-02-07 09:00:00,1622,2,30.76,30.8,30.22,30.76,1498600,45909611.0,derived_ohlc4
HOSE_NLG,NLG,2025-02-10 09:00:00,1623,2,30.4,30.53,30.0,30.0,1512100,45714563.25,derived_ohlc4
HOSE_NLG,NLG,2025-02-11 09:00:00,1624,2,29.91,30.0,29.51,29.51,1733500,51541288.75,derived_ohlc4
HOSE_NLG,NLG,2025-02-12 09:00:00,1625,2,29.82,30.0,29.29,29.29,1605500,47522800.0,derived_ohlc4
HOSE_NLG,NLG,2025-02-13 09:00:00,1626,2,29.51,29.51,28.71,28.71,2907400,84634414.0,derived_ohlc4
HOSE_NLG,NLG,2025-02-14 09:00:00,1627,2,28.8,29.07,28.58,28.58,2275100,65426188.25,derived_ohlc4
HOSE_NLG,NLG,2025-02-17 09:00:00,1628,2,28.62,29.02,28.05,28.14,2448900,69689571.75,derived_ohlc4
HOSE_NLG,NLG,2025-02-18 09:00:00,1629,2,28.14,28.8,28.05,28.05,2557500,72274950.0,derived_ohlc4
HOSE_NLG,NLG,2025-02-19 09:00:00,1630,2,28.27,28.94,27.96,28.89,3448700,98339680.5,derived_ohlc4
HOSE_NLG,NLG,2025-02-20 09:00:00,1631,2,29.2,29.47,29.02,29.2,2307700,67436763.25,derived_ohlc4
HOSE_NLG,NLG,2025-02-21 09:00:00,1632,2,29.2,29.42,29.02,29.2,1540100,44986321.0,derived_ohlc4
HOSE_NLG,NLG,2025-02-24 09:00:00,1633,2,29.16,29.2,28.71,29.02,1877100,54478134.74999999,derived_ohlc4
HOSE_NLG,NLG,2025-02-25 09:00:00,1634,2,29.29,29.69,28.98,29.16,1911900,55980432.0,derived_ohlc4
HOSE_NLG,NLG,2025-02-26 09:00:00,1635,2,29.16,29.42,29.07,29.2,1627600,47546265.0,derived_ohlc4
HOSE_NLG,NLG,2025-02-27 09:00:00,1636,2,29.2,29.51,28.98,29.51,2604900,76323570.0,derived_ohlc4
HOSE_NLG,NLG,2025-02-28 09:00:00,1637,2,29.69,30.89,29.65,30.8,5507200,166634103.99999997,derived_ohlc4
HOSE_NLG,NLG,2025-03-03 09:00:00,1638,2,30.8,30.84,30.44,30.58,2286000,70100190.0,derived_ohlc4
HOSE_NLG,NLG,2025-03-04 09:00:00,1639,2,30.58,30.76,30.09,30.27,2517500,76594937.5,derived_ohlc4
HOSE_NLG,NLG,2025-03-05 09:00:00,1640,2,30.27,30.27,29.16,29.2,5278300,156897467.5,derived_ohlc4
HOSE_NLG,NLG,2025-03-06 09:00:00,1641,2,29.38,29.65,28.89,29.34,4940500,144830757.5,derived_ohlc4
HOSE_NLG,NLG,2025-03-07 09:00:00,1642,2,29.51,30.44,29.47,29.82,3487500,103962375.00000001,derived_ohlc4
HOSE_NLG,NLG,2025-03-10 09:00:00,1643,2,30.18,30.18,29.51,29.74,2718100,81277985.25,derived_ohlc4
HOSE_NLG,NLG,2025-03-11 09:00:00,1644,2,29.34,29.74,29.11,29.74,2002300,59032809.75,derived_ohlc4
HOSE_NLG,NLG,2025-03-12 09:00:00,1645,2,29.82,30.09,29.29,29.38,3035400,89984432.99999999,derived_ohlc4
HOSE_NLG,NLG,2025-03-13 09:00:00,1646,2,29.42,29.87,29.29,29.74,3538300,104662914.0,derived_ohlc4
HOSE_NLG,NLG,2025-03-14 09:00:00,1647,2,29.56,30.27,29.29,29.69,6658000,197759245.0,derived_ohlc4
HOSE_NLG,NLG,2025-03-17 09:00:00,1648,2,29.91,31.46,29.82,31.33,10334000,316530420.0,derived_ohlc4
HOSE_NLG,NLG,2025-03-18 09:00:00,1649,2,31.51,31.51,30.71,30.76,3820100,118891062.25000001,derived_ohlc4
HOSE_NLG,NLG,2025-03-19 09:00:00,1650,2,30.58,31.33,30.58,31.24,4913500,151986838.75,derived_ohlc4
HOSE_NLG,NLG,2025-03-20 09:00:00,1651,2,31.42,31.42,29.91,30.53,5089000,156842980.0,derived_ohlc4
HOSE_NLG,NLG,2025-03-21 09:00:00,1652,2,30.53,30.98,30.27,30.44,2373600,72525348.0,derived_ohlc4
HOSE_NLG,NLG,2025-03-24 09:00:00,1653,2,30.44,30.44,29.78,30.36,2892500,87512587.5,derived_ohlc4
HOSE_NLG,NLG,2025-03-25 09:00:00,1654,2,30.4,30.84,30.18,30.4,2379600,72470718.0,derived_ohlc4
HOSE_NLG,NLG,2025-03-26 09:00:00,1655,2,30.31,30.71,30.0,30.09,2094900,63428334.75,derived_ohlc4
HOSE_NLG,NLG,2025-03-27 09:00:00,1656,2,30.04,30.58,30.0,30.09,2438800,73596887.0,derived_ohlc4
HOSE_NLG,NLG,2025-03-28 09:00:00,1657,2,30.31,30.58,30.09,30.13,2593400,78521668.5,derived_ohlc4
HOSE_NLG,NLG,2025-03-31 09:00:00,1658,2,29.91,30.67,29.47,30.4,4822100,145205486.25,derived_ohlc4
HOSE_NLG,NLG,2025-04-01 09:00:00,1659,2,30.62,31.07,30.4,30.84,4144500,127370846.25,derived_ohlc4
HOSE_NLG,NLG,2025-04-02 09:00:00,1660,2,30.62,31.2,30.58,30.62,2983000,91742165.00000001,derived_ohlc4
HOSE_NLG,NLG,2025-04-03 09:00:00,1661,2,29.29,29.91,28.49,28.49,5321700,154568776.5,derived_ohlc4
HOSE_NLG,NLG,2025-04-04 09:00:00,1662,2,26.54,27.34,26.54,26.54,5199300,139029281.99999997,derived_ohlc4
HOSE_NLG,NLG,2025-04-08 09:00:00,1663,2,24.72,25.03,24.72,24.72,2559600,63471681.0,derived_ohlc4
HOSE_NLG,NLG,2025-04-09 09:00:00,1664,2,23.03,23.43,23.03,23.03,6436600,148878558.00000003,derived_ohlc4
HOSE_NLG,NLG,2025-04-10 09:00:00,1665,2,24.63,24.63,24.63,24.63,1423600,35063268.0,derived_ohlc4
HOSE_NLG,NLG,2025-04-11 09:00:00,1666,2,24.63,26.18,23.08,26.01,8504400,212397390.0,derived_ohlc4
HOSE_NLG,NLG,2025-04-14 09:00:00,1667,2,26.01,26.36,25.25,26.27,3633200,94363287.0,derived_ohlc4
HOSE_NLG,NLG,2025-04-15 09:00:00,1668,2,25.61,25.87,24.94,25.74,3537500,90347750.0,derived_ohlc4
HOSE_NLG,NLG,2025-04-16 09:00:00,1669,2,25.74,25.74,24.99,25.21,2285400,58094868.00000001,derived_ohlc4
HOSE_NLG,NLG,2025-04-17 09:00:00,1670,2,24.54,25.21,24.19,25.21,3213400,79652152.5,derived_ohlc4
HOSE_NLG,NLG,2025-04-18 09:00:00,1671,2,25.43,25.65,24.85,24.85,2043800,51493541.0,derived_ohlc4
HOSE_NLG,NLG,2025-04-21 09:00:00,1672,2,24.9,25.25,24.5,24.54,1985400,49232956.5,derived_ohlc4
HOSE_NLG,NLG,2025-04-22 09:00:00,1673,2,24.28,24.28,22.86,23.7,6908200,164276996.0,derived_ohlc4
HOSE_NLG,NLG,2025-04-23 09:00:00,1674,2,24.05,24.5,23.17,24.41,3243300,77944607.25,derived_ohlc4
HOSE_NLG,NLG,2025-04-24 09:00:00,1675,2,24.41,24.94,24.23,24.81,2590000,63707525.0,derived_ohlc4
HOSE_NLG,NLG,2025-04-25 09:00:00,1676,2,24.99,25.38,24.59,24.85,2189700,54638489.25,derived_ohlc4
HOSE_NLG,NLG,2025-04-28 09:00:00,1677,2,25.12,25.12,24.45,24.45,1797400,44548559.0,derived_ohlc4
HOSE_NLG,NLG,2025-04-29 09:00:00,1678,2,24.68,25.03,24.41,24.45,1945800,47949376.5,derived_ohlc4
HOSE_NLG,NLG,2025-05-05 09:00:00,1679,2,24.9,25.74,24.59,25.74,2925900,73857030.75,derived_ohlc4
HOSE_NLG,NLG,2025-05-06 09:00:00,1680,2,25.78,26.01,25.47,25.47,1970700,50612502.75,derived_ohlc4
HOSE_NLG,NLG,2025-05-07 09:00:00,1681,2,25.47,27.25,25.47,27.25,6470400,170559744.0,derived_ohlc4
HOSE_NLG,NLG,2025-05-08 09:00:00,1682,2,27.6,28.05,27.12,27.96,4704500,130232321.25000001,derived_ohlc4
HOSE_NLG,NLG,2025-05-09 09:00:00,1683,2,28.4,28.4,27.69,28.18,3054500,86037628.74999999,derived_ohlc4
HOSE_NLG,NLG,2025-05-12 09:00:00,1684,2,28.31,28.49,27.56,28.14,2670600,75110625.0,derived_ohlc4
HOSE_NLG,NLG,2025-05-13 09:00:00,1685,2,28.4,29.56,28.0,29.56,5862100,169297448.0,derived_ohlc4
HOSE_NLG,NLG,2025-05-14 09:00:00,1686,2,29.29,30.04,29.02,30.04,4561300,135003076.74999997,derived_ohlc4
HOSE_NLG,NLG,2025-05-15 09:00:00,1687,2,30.04,30.04,29.56,29.96,2091700,62541830.0,derived_ohlc4
HOSE_NLG,NLG,2025-05-16 09:00:00,1688,2,29.56,30.36,29.51,30.13,3720300,111199767.0,derived_ohlc4
HOSE_NLG,NLG,2025-05-19 09:00:00,1689,2,29.65,30.31,29.65,30.18,2629500,78746951.25,derived_ohlc4
HOSE_NLG,NLG,2025-05-20 09:00:00,1690,2,29.74,30.53,29.74,30.27,1784400,53656907.99999999,derived_ohlc4
HOSE_NLG,NLG,2025-05-21 09:00:00,1691,2,30.31,30.84,29.91,30.58,2875500,87443955.0,derived_ohlc4
HOSE_NLG,NLG,2025-05-22 09:00:00,1692,2,30.49,30.62,30.09,30.53,2760800,84018046.0,derived_ohlc4
HOSE_NLG,NLG,2025-05-23 09:00:00,1693,2,30.58,31.07,30.18,30.76,1654000,50690965.0,derived_ohlc4
HOSE_NLG,NLG,2025-05-26 09:00:00,1694,2,31.02,31.51,29.74,31.51,3175100,98253469.5,derived_ohlc4
HOSE_NLG,NLG,2025-05-27 09:00:00,1695,2,31.55,32.84,31.46,32.75,4773000,153451950.0,derived_ohlc4
HOSE_NLG,NLG,2025-05-28 09:00:00,1696,2,32.84,32.93,32.44,32.84,3865600,126646720.00000001,derived_ohlc4
HOSE_NLG,NLG,2025-05-29 09:00:00,1697,2,33.11,34.53,32.8,34.04,6268500,210746969.99999997,derived_ohlc4
HOSE_NLG,NLG,2025-05-30 09:00:00,1698,2,34.04,34.35,33.6,34.26,3844100,130939656.25,derived_ohlc4
HOSE_NLG,NLG,2025-06-02 09:00:00,1699,2,33.73,35.02,33.51,33.73,3935800,133807360.49999999,derived_ohlc4
HOSE_NLG,NLG,2025-06-03 09:00:00,1700,2,33.91,33.95,33.28,33.95,3972000,134144370.0,derived_ohlc4
HOSE_NLG,NLG,2025-06-04 09:00:00,1701,2,33.99,34.62,33.46,33.73,4348500,147631574.99999997,derived_ohlc4
HOSE_NLG,NLG,2025-06-05 09:00:00,1702,2,33.64,34.0,32.83,33.1,2868100,95773029.25,derived_ohlc4
HOSE_NLG,NLG,2025-06-06 09:00:00,1703,2,32.87,34.18,32.87,33.5,2805800,93587458.99999999,derived_ohlc4
HOSE_NLG,NLG,2025-06-09 09:00:00,1704,2,33.64,34.04,32.87,33.68,2190000,73490925.00000001,derived_ohlc4
HOSE_NLG,NLG,2025-06-10 09:00:00,1705,2,33.68,34.31,33.46,33.82,4130000,139666275.0,derived_ohlc4
HOSE_NLG,NLG,2025-06-11 09:00:00,1706,2,33.82,34.85,33.77,34.18,4158200,142023321.0,derived_ohlc4
HOSE_NLG,NLG,2025-06-12 09:00:00,1707,2,34.18,34.54,33.82,34.18,3028100,103500458.0,derived_ohlc4
HOSE_NLG,NLG,2025-06-13 09:00:00,1708,2,33.37,34.04,32.74,33.68,4887800,163533568.50000003,derived_ohlc4
HOSE_NLG,NLG,2025-06-16 09:00:00,1709,2,33.46,34.18,33.19,34.18,1667400,56278918.49999999,derived_ohlc4
HOSE_NLG,NLG,2025-06-17 09:00:00,1710,2,34.18,35.17,34.18,34.72,3318100,114681831.25,derived_ohlc4
HOSE_NLG,NLG,2025-06-18 09:00:00,1711,2,34.99,35.35,34.27,34.27,2916400,101257408.00000001,derived_ohlc4
HOSE_NLG,NLG,2025-06-19 09:00:00,1712,2,34.0,34.13,33.05,33.23,4133600,138899294.0,derived_ohlc4
HOSE_NLG,NLG,2025-06-20 09:00:00,1713,2,33.28,33.32,32.06,32.11,5809500,189927078.74999997,derived_ohlc4
HOSE_NLG,NLG,2025-06-23 09:00:00,1714,2,31.93,32.69,31.75,32.56,1576300,50808089.75,derived_ohlc4
HOSE_NLG,NLG,2025-06-24 09:00:00,1715,2,33.01,33.68,32.69,33.28,3129600,103793184.0,derived_ohlc4
HOSE_NLG,NLG,2025-06-25 09:00:00,1716,2,33.28,33.55,33.19,33.37,1690200,56363944.49999999,derived_ohlc4
HOSE_NLG,NLG,2025-06-26 09:00:00,1717,2,33.64,33.64,32.65,33.14,1740100,57888776.75,derived_ohlc4
HOSE_NLG,NLG,2025-06-27 09:00:00,1718,2,33.37,33.37,32.87,33.37,1225800,40751721.0,derived_ohlc4
HOSE_NLG,NLG,2025-06-30 09:00:00,1719,2,33.46,35.35,33.46,35.17,6202100,213104156.0,derived_ohlc4
HOSE_NLG,NLG,2025-07-01 09:00:00,1720,2,35.39,35.39,34.81,35.08,2051300,72139092.75000001,derived_ohlc4
HOSE_NLG,NLG,2025-07-02 09:00:00,1721,2,35.08,35.08,34.22,35.03,1850100,64480610.25,derived_ohlc4
HOSE_NLG,NLG,2025-07-03 09:00:00,1722,2,35.03,35.53,34.36,35.08,3644200,127547000.0,derived_ohlc4
HOSE_NLG,NLG,2025-07-04 09:00:00,1723,2,35.35,36.38,34.99,35.21,3294200,116886451.5,derived_ohlc4
HOSE_NLG,NLG,2025-07-07 09:00:00,1724,2,35.26,35.98,34.9,35.53,2658900,94171590.74999999,derived_ohlc4
HOSE_NLG,NLG,2025-07-08 09:00:00,1725,2,35.57,35.62,35.17,35.53,1779900,63137502.74999999,derived_ohlc4
HOSE_NLG,NLG,2025-07-09 09:00:00,1726,2,35.8,35.93,35.39,35.75,2509400,89629494.5,derived_ohlc4
HOSE_NLG,NLG,2025-07-10 09:00:00,1727,2,35.89,36.38,35.48,35.53,2487400,89098668.0,derived_ohlc4
HOSE_NLG,NLG,2025-07-11 09:00:00,1728,2,35.57,35.57,34.94,34.94,3415600,120416977.99999999,derived_ohlc4
HOSE_NLG,NLG,2025-07-14 09:00:00,1729,2,34.85,36.74,34.13,35.03,5099500,179438656.25,derived_ohlc4
HOSE_NLG,NLG,2025-07-15 09:00:00,1730,2,35.89,36.38,35.08,35.66,5053400,180671683.5,derived_ohlc4
HOSE_NLG,NLG,2025-07-16 09:00:00,1731,2,35.98,36.83,35.57,35.66,5699600,205242596.0,derived_ohlc4
HOSE_NLG,NLG,2025-07-17 09:00:00,1732,2,35.98,37.28,35.75,37.19,6292600,229994529.99999997,derived_ohlc4
HOSE_NLG,NLG,2025-07-18 09:00:00,1733,2,37.28,38.68,36.61,36.61,3895300,145275213.5,derived_ohlc4
HOSE_NLG,NLG,2025-07-21 09:00:00,1734,2,36.52,36.79,35.84,35.98,3532200,128157046.5,derived_ohlc4
HOSE_NLG,NLG,2025-07-22 09:00:00,1735,2,35.26,35.8,34.99,35.75,3833900,135911755.0,derived_ohlc4
HOSE_NLG,NLG,2025-07-23 09:00:00,1736,2,36.02,36.2,35.48,35.8,2612500,93723437.5,derived_ohlc4
HOSE_NLG,NLG,2025-07-24 09:00:00,1737,2,35.98,37.55,35.8,36.38,3495200,127321398.0,derived_ohlc4
HOSE_NLG,NLG,2025-07-25 09:00:00,1738,2,36.47,37.46,36.11,37.46,2651000,97755625.0,derived_ohlc4
HOSE_NLG,NLG,2025-07-28 09:00:00,1739,2,37.87,38.9,37.6,38.41,4759500,181789102.5,derived_ohlc4
HOSE_NLG,NLG,2025-07-29 09:00:00,1740,2,38.41,38.41,35.75,35.75,6674800,247501584.0,derived_ohlc4
HOSE_NLG,NLG,2025-07-30 09:00:00,1741,2,35.8,37.33,34.94,37.33,4127900,150049164.99999997,derived_ohlc4
HOSE_NLG,NLG,2025-07-31 09:00:00,1742,2,37.37,37.73,35.93,37.33,2429700,90117573.00000001,derived_ohlc4
HOSE_NLG,NLG,2025-08-01 09:00:00,1743,2,37.42,37.42,36.16,36.16,3571700,131402843.0,derived_ohlc4
HOSE_NLG,NLG,2025-08-04 09:00:00,1744,2,36.2,37.55,36.2,37.55,2265400,83536625.0,derived_ohlc4
HOSE_NLG,NLG,2025-08-05 09:00:00,1745,2,37.46,38.32,36.07,36.92,5615600,208858202.99999997,derived_ohlc4
HOSE_NLG,NLG,2025-08-06 09:00:00,1746,2,36.61,37.64,36.56,37.37,2008000,74386360.0,derived_ohlc4
HOSE_NLG,NLG,2025-08-07 09:00:00,1747,2,37.6,38.18,37.37,37.73,2372000,89471840.0,derived_ohlc4
HOSE_NLG,NLG,2025-08-08 09:00:00,1748,2,38.0,38.36,36.25,38.14,3768800,142036650.0,derived_ohlc4
HOSE_NLG,NLG,2025-08-11 09:00:00,1749,2,38.9,40.12,37.78,38.23,3476600,134744324.5,derived_ohlc4
HOSE_NLG,NLG,2025-08-12 09:00:00,1750,2,38.36,39.35,37.33,39.17,3835900,147883534.75,derived_ohlc4
HOSE_NLG,NLG,2025-08-13 09:00:00,1751,2,39.4,41.87,39.4,41.87,6694000,272010690.0,derived_ohlc4
HOSE_NLG,NLG,2025-08-14 09:00:00,1752,2,44.79,44.79,42.0,42.27,10434500,453509456.25,derived_ohlc4
HOSE_NLG,NLG,2025-08-15 09:00:00,1753,2,42.32,42.36,39.35,40.2,8690600,356814309.50000006,derived_ohlc4
HOSE_NLG,NLG,2025-08-18 09:00:00,1754,2,40.16,41.19,39.3,40.3,5381300,216530058.74999997,derived_ohlc4
HOSE_NLG,NLG,2025-08-19 09:00:00,1755,2,40.52,41.64,39.44,40.66,5652800,229305832.0,derived_ohlc4
HOSE_NLG,NLG,2025-08-20 09:00:00,1756,2,40.66,40.66,38.05,38.77,6194400,244895603.99999997,derived_ohlc4
HOSE_NLG,NLG,2025-08-21 09:00:00,1757,2,38.9,38.95,36.7,37.51,8796800,334410352.0,derived_ohlc4
HOSE_NLG,NLG,2025-08-22 09:00:00,1758,2,36.52,38.23,36.52,38.05,6125700,228672381.0,derived_ohlc4
HOSE_NLG,NLG,2025-08-25 09:00:00,1759,2,38.14,38.18,36.61,36.61,2644500,98864632.5,derived_ohlc4
HOSE_NLG,NLG,2025-08-26 09:00:00,1760,2,36.7,38.41,36.47,38.41,2231500,83675671.25,derived_ohlc4
HOSE_NLG,NLG,2025-08-27 09:00:00,1761,2,38.5,40.48,38.5,39.48,5905400,231727895.99999997,derived_ohlc4
HOSE_NLG,NLG,2025-08-28 09:00:00,1762,2,40.12,40.12,38.54,39.76,3637800,144184203.0,derived_ohlc4
HOSE_NLG,NLG,2025-08-29 09:00:00,1763,2,39.84,40.02,38.81,38.81,5286000,208109820.00000003,derived_ohlc4
HOSE_NLG,NLG,2025-09-03 09:00:00,1764,2,38.86,39.84,38.54,39.35,3290200,128803104.5,derived_ohlc4
HOSE_NLG,NLG,2025-09-04 09:00:00,1765,2,39.58,40.07,39.22,39.35,3259600,128933478.0,derived_ohlc4
HOSE_NLG,NLG,2025-09-05 09:00:00,1766,2,39.71,40.83,39.35,39.4,6253700,249037968.25,derived_ohlc4
HOSE_NLG,NLG,2025-09-08 09:00:00,1767,2,39.12,39.12,37.33,37.33,4427200,169229719.99999997,derived_ohlc4
HOSE_NLG,NLG,2025-09-09 09:00:00,1768,2,37.42,37.91,36.83,37.69,2573500,96409743.75,derived_ohlc4
HOSE_NLG,NLG,2025-09-10 09:00:00,1769,2,37.69,37.78,36.83,37.15,2221100,82985848.75,derived_ohlc4
HOSE_NLG,NLG,2025-09-11 09:00:00,1770,2,36.83,36.88,35.57,36.34,3885900,141466189.5,derived_ohlc4
HOSE_NLG,NLG,2025-09-12 09:00:00,1771,2,36.43,37.24,36.34,37.1,1631500,60002491.25000001,derived_ohlc4
HOSE_NLG,NLG,2025-09-15 09:00:00,1772,2,37.28,37.6,36.97,37.1,1719800,64041052.49999999,derived_ohlc4
HOSE_NLG,NLG,2025-09-16 09:00:00,1773,2,37.42,37.78,37.01,37.33,2088000,78059880.00000001,derived_ohlc4
HOSE_NLG,NLG,2025-09-17 09:00:00,1774,2,37.33,37.64,36.52,36.65,2071400,76714299.00000001,derived_ohlc4
HOSE_NLG,NLG,2025-09-18 09:00:00,1775,2,36.61,36.79,36.11,36.47,1257100,45877864.50000001,derived_ohlc4
HOSE_NLG,NLG,2025-09-19 09:00:00,1776,2,36.74,36.92,36.29,36.43,1807800,66156441.0,derived_ohlc4
HOSE_NLG,NLG,2025-09-22 09:00:00,1777,2,36.43,37.06,36.11,36.2,1715800,62540910.00000001,derived_ohlc4
HOSE_NLG,NLG,2025-09-23 09:00:00,1778,2,36.65,36.65,35.03,35.08,2785400,99863553.5,derived_ohlc4
HOSE_NLG,NLG,2025-09-24 09:00:00,1779,2,34.99,35.98,34.49,35.98,2134500,75475920.0,derived_ohlc4
HOSE_NLG,NLG,2025-09-25 09:00:00,1780,2,36.52,37.15,36.07,36.79,5732000,209977490.0,derived_ohlc4
HOSE_NLG,NLG,2025-09-26 09:00:00,1781,2,36.88,37.78,36.52,36.88,4054000,150058810.0,derived_ohlc4
HOSE_NLG,NLG,2025-09-29 09:00:00,1782,2,37.33,37.73,37.06,37.6,4085900,152935237.0,derived_ohlc4
HOSE_NLG,NLG,2025-09-30 09:00:00,1783,2,37.51,37.51,35.66,36.16,2797500,102696224.99999999,derived_ohlc4
HOSE_NLG,NLG,2025-10-01 09:00:00,1784,2,36.56,36.56,35.98,36.11,1426600,51789146.49999999,derived_ohlc4
HOSE_NLG,NLG,2025-10-02 09:00:00,1785,2,36.29,36.43,35.08,35.08,2045500,73065260.0,derived_ohlc4
HOSE_NLG,NLG,2025-10-03 09:00:00,1786,2,34.99,34.99,33.41,33.59,4310000,147595950.00000003,derived_ohlc4
HOSE_NLG,NLG,2025-10-06 09:00:00,1787,2,33.68,35.53,33.68,35.53,1425100,49315585.50000001,derived_ohlc4
HOSE_NLG,NLG,2025-10-07 09:00:00,1788,2,35.93,35.93,35.3,35.35,1490000,53084975.0,derived_ohlc4
HOSE_NLG,NLG,2025-10-08 09:00:00,1789,2,35.8,35.8,34.58,34.99,2968100,104751669.24999999,derived_ohlc4
HOSE_NLG,NLG,2025-10-09 09:00:00,1790,2,35.08,35.17,34.13,35.17,4710700,164344546.25,derived_ohlc4
HOSE_NLG,NLG,2025-10-10 09:00:00,1791,2,35.3,36.34,35.26,36.29,4269900,152851745.25,derived_ohlc4
HOSE_NLG,NLG,2025-10-13 09:00:00,1792,2,35.53,36.83,35.53,36.7,4235700,153109965.75,derived_ohlc4
HOSE_NLG,NLG,2025-10-14 09:00:00,1793,2,36.97,36.97,35.66,35.66,4086800,148412142.0,derived_ohlc4
HOSE_NLG,NLG,2025-10-15 09:00:00,1794,2,35.66,35.8,34.49,35.35,5838100,206230882.49999997,derived_ohlc4
HOSE_NLG,NLG,2025-10-16 09:00:00,1795,2,35.57,37.82,35.53,37.82,13635800,500229323.00000006,derived_ohlc4
HOSE_NLG,NLG,2025-10-17 09:00:00,1796,2,39.29,39.34,37.82,37.92,4819800,186008131.5,derived_ohlc4
HOSE_NLG,NLG,2025-10-20 09:00:00,1797,2,37.92,38.16,35.27,35.27,5136400,188274742.0,derived_ohlc4
HOSE_NLG,NLG,2025-10-21 09:00:00,1798,2,35.32,36.3,33.95,36.06,4785800,169453213.5,derived_ohlc4
HOSE_NLG,NLG,2025-10-22 09:00:00,1799,2,35.86,36.79,35.56,36.79,2512000,91060000.0,derived_ohlc4
HOSE_NLG,NLG,2025-10-23 09:00:00,1800,2,36.89,37.77,36.74,36.99,2203000,81725792.50000001,derived_ohlc4
HOSE_NLG,NLG,2025-10-24 09:00:00,1801,2,36.99,37.53,36.55,36.99,2770600,102553759.0,derived_ohlc4
HOSE_NLG,NLG,2025-10-27 09:00:00,1802,2,37.28,37.28,35.91,36.1,1761500,64545763.75,derived_ohlc4
HOSE_NLG,NLG,2025-10-28 09:00:00,1803,2,35.61,35.96,34.34,35.96,3341400,118511104.5,derived_ohlc4
HOSE_NLG,NLG,2025-10-29 09:00:00,1804,2,35.96,37.72,35.91,37.72,3907100,143888725.25,derived_ohlc4
HOSE_NLG,NLG,2025-10-30 09:00:00,1805,2,37.82,39.15,37.72,39.15,4736300,182158098.0,derived_ohlc4
HOSE_NLG,NLG,2025-10-31 09:00:00,1806,2,38.95,39.39,38.26,39.0,3599600,140024440.0,derived_ohlc4
HOSE_NLG,NLG,2025-11-03 09:00:00,1807,2,38.95,39.0,36.3,36.3,2419600,91067695.0,derived_ohlc4
HOSE_NLG,NLG,2025-11-04 09:00:00,1808,2,35.91,38.02,34.53,37.48,2733300,99724450.5,derived_ohlc4
HOSE_NLG,NLG,2025-11-05 09:00:00,1809,2,36.99,37.72,36.89,36.89,996300,36985146.75,derived_ohlc4
HOSE_NLG,NLG,2025-11-06 09:00:00,1810,2,36.89,37.28,36.45,37.23,1321700,48853336.25,derived_ohlc4
HOSE_NLG,NLG,2025-11-07 09:00:00,1811,2,37.38,37.43,35.76,36.94,1358000,50079645.0,derived_ohlc4
HOSE_NLG,NLG,2025-11-10 09:00:00,1812,2,36.45,36.45,35.12,35.81,1598000,57460085.00000001,derived_ohlc4
HOSE_NLG,NLG,2025-11-11 09:00:00,1813,2,35.81,36.06,34.88,35.66,1639800,58380979.5,derived_ohlc4
HOSE_NLG,NLG,2025-11-12 09:00:00,1814,2,35.52,36.4,35.52,36.1,1259500,45197157.5,derived_ohlc4
HOSE_NLG,NLG,2025-11-13 09:00:00,1815,2,36.1,36.55,35.81,35.81,1421500,51269951.25,derived_ohlc4
HOSE_NLG,NLG,2025-11-14 09:00:00,1816,2,35.47,36.84,35.47,36.5,1883900,67952273.0,derived_ohlc4
HOSE_NLG,NLG,2025-11-17 09:00:00,1817,2,36.69,37.38,36.5,37.18,2754500,101744343.75,derived_ohlc4
HOSE_NLG,NLG,2025-11-18 09:00:00,1818,2,37.18,37.28,36.45,36.79,2009200,74189710.00000001,derived_ohlc4
HOSE_NLG,NLG,2025-11-19 09:00:00,1819,2,37.04,37.04,35.32,35.61,3329800,120713574.49999999,derived_ohlc4
HOSE_NLG,NLG,2025-11-20 09:00:00,1820,2,35.71,35.96,34.58,34.68,4088700,144055122.75,derived_ohlc4
HOSE_NLG,NLG,2025-11-21 09:00:00,1821,2,34.73,35.52,34.63,35.27,1653300,57927498.75,derived_ohlc4
HOSE_NLG,NLG,2025-11-24 09:00:00,1822,2,35.02,35.47,35.02,35.17,652900,22962493.0,derived_ohlc4
HOSE_NLG,NLG,2025-11-25 09:00:00,1823,2,35.12,35.61,34.34,34.34,2632200,91738750.5,derived_ohlc4
HOSE_NLG,NLG,2025-11-26 09:00:00,1824,2,34.78,35.47,34.63,35.47,1311100,46003221.25,derived_ohlc4
HOSE_NLG,NLG,2025-11-27 09:00:00,1825,2,35.47,35.66,34.98,35.02,603800,21303573.5,derived_ohlc4
HOSE_NLG,NLG,2025-11-28 09:00:00,1826,2,35.02,35.27,34.78,35.27,963800,33814923.0,derived_ohlc4
HOSE_NLG,NLG,2025-12-01 09:00:00,1827,2,35.32,35.47,34.93,34.98,518500,18238237.5,derived_ohlc4
HOSE_NLG,NLG,2025-12-02 09:00:00,1828,2,34.93,34.98,34.14,34.53,1936700,67096971.49999999,derived_ohlc4
HOSE_NLG,NLG,2025-12-03 09:00:00,1829,2,34.83,35.42,34.58,35.42,926900,32499431.25,derived_ohlc4
HOSE_NLG,NLG,2025-12-04 09:00:00,1830,2,35.42,35.76,35.32,35.42,1782800,63253744.00000001,derived_ohlc4
HOSE_NLG,NLG,2025-12-05 09:00:00,1831,2,35.42,35.42,34.83,34.93,867500,30492625.0,derived_ohlc4
HOSE_NLG,NLG,2025-12-08 09:00:00,1832,2,35.02,35.22,34.34,35.17,1427700,49880268.75,derived_ohlc4
HOSE_NLG,NLG,2025-12-09 09:00:00,1833,2,34.93,35.22,34.19,34.58,1702800,59138244.00000001,derived_ohlc4
HOSE_NLG,NLG,2025-12-10 09:00:00,1834,2,34.58,34.88,34.14,34.19,1038600,35777173.50000001,derived_ohlc4
HOSE_NLG,NLG,2025-12-11 09:00:00,1835,2,34.34,34.58,34.09,34.14,485000,16629437.5,derived_ohlc4
HOSE_NLG,NLG,2025-12-12 09:00:00,1836,2,34.34,34.34,31.79,32.28,2057100,68270006.25,derived_ohlc4
HOSE_NLG,NLG,2025-12-15 09:00:00,1837,2,32.28,32.67,30.22,30.61,2670700,83980161.5,derived_ohlc4
HOSE_NLG,NLG,2025-12-16 09:00:00,1838,2,30.51,31.89,29.43,31.59,3732200,115157031.00000001,derived_ohlc4
HOSE_NLG,NLG,2025-12-17 09:00:00,1839,2,31.2,31.49,30.61,30.66,1478900,45831111.0,derived_ohlc4
HOSE_NLG,NLG,2025-12-18 09:00:00,1840,2,30.66,31.59,30.12,30.81,1704500,52490077.5,derived_ohlc4
HOSE_NLG,NLG,2025-12-19 09:00:00,1841,2,30.95,31.35,30.9,31.1,1007600,31311169.999999996,derived_ohlc4
HOSE_NLG,NLG,2025-12-22 09:00:00,1842,2,31.49,32.28,31.2,32.03,2153900,68386325.0,derived_ohlc4
HOSE_NLG,NLG,2025-12-23 09:00:00,1843,2,32.03,32.03,31.3,31.3,1729500,54764617.5,derived_ohlc4
HOSE_NLG,NLG,2025-12-24 09:00:00,1844,2,31.3,31.79,30.76,30.9,1935900,60375881.25,derived_ohlc4
HOSE_NLG,NLG,2025-12-25 09:00:00,1845,2,30.9,31.35,30.41,30.41,1451800,44668256.5,derived_ohlc4
HOSE_NLG,NLG,2025-12-26 09:00:00,1846,2,30.46,30.61,29.19,29.53,3345900,100201340.25,derived_ohlc4
HOSE_NLG,NLG,2025-12-29 09:00:00,1847,2,29.58,30.61,29.58,30.27,1736000,52097360.0,derived_ohlc4
HOSE_NLG,NLG,2025-12-30 09:00:00,1848,2,30.36,30.86,29.97,30.02,1157900,35087264.75,derived_ohlc4
HOSE_NLG,NLG,2025-12-31 09:00:00,1849,2,30.32,30.32,29.87,29.87,1098900,33071395.500000004,derived_ohlc4
HOSE_NLG,NLG,2026-01-05 09:00:00,1850,2,30.12,30.56,29.68,30.46,2143900,64756499.5,derived_ohlc4
HOSE_NLG,NLG,2026-01-06 09:00:00,1851,2,30.27,30.46,29.68,29.92,1492200,44889106.5,derived_ohlc4
HOSE_NLG,NLG,2026-01-07 09:00:00,1852,2,30.12,30.22,29.78,30.07,2017100,60608812.25,derived_ohlc4
HOSE_NLG,NLG,2026-01-08 09:00:00,1853,2,30.12,30.81,29.97,30.41,4108700,124606599.25,derived_ohlc4
HOSE_NLG,NLG,2026-01-09 09:00:00,1854,2,30.61,30.61,28.6,28.6,5587600,165420897.99999997,derived_ohlc4
HOSE_NLG,NLG,2026-01-12 09:00:00,1855,2,28.65,29.92,28.16,29.43,4658700,135288648.0,derived_ohlc4
HOSE_NLG,NLG,2026-01-13 09:00:00,1856,2,30.61,30.61,29.92,30.36,3061400,92990025.0,derived_ohlc4
HOSE_NLG,NLG,2026-01-14 09:00:00,1857,2,30.32,31.1,29.87,30.41,6048100,184013442.5,derived_ohlc4
HOSE_NLG,NLG,2026-01-15 09:00:00,1858,2,30.41,31.2,30.02,30.61,4104200,125424352.0,derived_ohlc4
HOSE_NLG,NLG,2026-01-16 09:00:00,1859,2,30.61,31.1,30.07,30.07,2874900,87576641.25,derived_ohlc4
HOSE_NLG,NLG,2026-01-19 09:00:00,1860,2,30.07,30.17,29.53,29.53,2939000,87655675.00000001,derived_ohlc4
HOSE_NLG,NLG,2026-01-20 09:00:00,1861,2,29.58,30.12,29.43,30.02,2366600,70495097.5,derived_ohlc4
HOSE_NLG,NLG,2026-01-21 09:00:00,1862,2,30.12,30.46,29.04,29.24,3485800,103580547.0,derived_ohlc4
HOSE_NLG,NLG,2026-01-22 09:00:00,1863,2,29.43,30.9,28.7,30.22,5521400,164606737.5,derived_ohlc4
HOSE_NLG,NLG,2026-01-23 09:00:00,1864,2,30.22,30.36,29.14,29.14,2793800,83017767.0,derived_ohlc4
HOSE_NLG,NLG,2026-01-26 09:00:00,1865,2,29.14,29.43,28.6,28.8,2229300,64632980.25,derived_ohlc4
HOSE_NLG,NLG,2026-01-27 09:00:00,1866,2,28.7,28.84,27.47,27.52,4560200,128289826.49999999,derived_ohlc4
HOSE_NLG,NLG,2026-01-28 09:00:00,1867,2,27.47,28.6,27.08,28.45,3461400,96573060.0,derived_ohlc4
HOSE_NLG,NLG,2026-01-29 09:00:00,1868,2,28.45,28.8,27.72,27.91,2161600,61000352.0,derived_ohlc4
HOSE_NLG,NLG,2026-01-30 09:00:00,1869,2,28.35,28.89,28.11,28.89,3032700,86613912.0,derived_ohlc4
HOSE_NLG,NLG,2026-02-02 09:00:00,1870,2,28.89,28.89,27.67,28.21,2752600,78215129.0,derived_ohlc4
HOSE_NLG,NLG,2026-02-03 09:00:00,1871,2,28.11,28.5,27.96,28.01,1971700,55493496.5,derived_ohlc4
HOSE_NLG,NLG,2026-02-04 09:00:00,1872,2,28.11,28.3,27.72,28.06,3493300,97978331.75,derived_ohlc4
HOSE_NLG,NLG,2026-02-05 09:00:00,1873,2,28.06,28.5,28.01,28.06,1696500,47769198.75000001,derived_ohlc4
HOSE_NLG,NLG,2026-02-06 09:00:00,1874,2,27.62,27.72,26.54,26.54,4873200,132088085.99999999,derived_ohlc4
HOSE_NLG,NLG,2026-02-09 09:00:00,1875,2,26.88,27.03,26.34,26.88,2589000,69339892.5,derived_ohlc4
HOSE_NLG,NLG,2026-02-10 09:00:00,1876,2,26.88,27.27,26.78,26.98,1663700,44882466.75000001,derived_ohlc4
HOSE_NLG,NLG,2026-02-11 09:00:00,1877,2,27.03,28.45,27.03,28.35,3632400,100671966.00000001,derived_ohlc4
HOSE_NLG,NLG,2026-02-12 09:00:00,1878,2,28.26,29.24,28.11,29.14,4216700,120966581.25,derived_ohlc4
HOSE_NLG,NLG,2026-02-13 09:00:00,1879,2,28.94,28.94,28.45,28.45,2292000,65768940.0,derived_ohlc4
HOSE_NLG,NLG,2026-02-23 09:00:00,1880,2,28.45,28.45,27.86,28.21,2474500,69886066.25,derived_ohlc4
HOSE_NLG,NLG,2026-02-24 09:00:00,1881,2,27.96,28.5,27.96,28.11,1772100,49853603.25,derived_ohlc4
HOSE_NLG,NLG,2026-02-25 09:00:00,1882,2,28.11,28.3,27.47,27.52,3606300,100435454.99999999,derived_ohlc4
HOSE_NLG,NLG,2026-02-26 09:00:00,1883,2,27.86,27.91,27.47,27.81,1847800,51299547.5,derived_ohlc4
HOSE_NLG,NLG,2026-02-27 09:00:00,1884,2,27.86,27.86,27.22,27.32,2446000,67423990.0,derived_ohlc4
HOSE_NLG,NLG,2026-03-02 09:00:00,1885,2,26.54,26.93,25.95,25.95,7174500,188994266.25,derived_ohlc4
HOSE_NLG,NLG,2026-03-03 09:00:00,1886,2,25.95,26.24,25.21,25.46,5548500,142679677.50000003,derived_ohlc4
HOSE_NLG,NLG,2026-03-04 09:00:00,1887,2,25.46,25.8,24.04,25.21,6702900,168427119.75000003,derived_ohlc4
HOSE_NLG,NLG,2026-03-05 09:00:00,1888,2,25.66,26.29,25.02,25.12,3415600,87174651.0,derived_ohlc4
HOSE_NLG,NLG,2026-03-06 09:00:00,1889,2,25.41,26.05,25.12,25.51,4071600,103917411.0,derived_ohlc4
HOSE_NLG,NLG,2026-03-09 09:00:00,1890,2,23.84,24.38,23.74,23.74,4488500,107387362.49999999,derived_ohlc4
HOSE_NLG,NLG,2026-03-10 09:00:00,1891,2,24.28,25.36,24.18,25.36,6163300,152819023.5,derived_ohlc4
HOSE_NLG,NLG,2026-03-11 09:00:00,1892,2,25.51,26.54,25.41,26.34,6067800,157459410.0,derived_ohlc4
HOSE_NLG,NLG,2026-03-12 09:00:00,1893,2,25.85,26.64,25.56,26.39,3474300,90713973.0,derived_ohlc4
HOSE_NLG,NLG,2026-03-13 09:00:00,1894,2,26.29,26.98,25.9,25.9,4883400,128274709.49999999,derived_ohlc4
HOSE_NLG,NLG,2026-03-16 09:00:00,1895,2,26.29,27.67,26.05,27.47,6066500,163006855.0,derived_ohlc4
HOSE_NLG,NLG,2026-03-17 09:00:00,1896,2,27.62,27.81,27.27,27.27,3103600,85325723.0,derived_ohlc4
HOSE_NLG,NLG,2026-03-18 09:00:00,1897,2,27.18,27.62,26.49,27.18,2755200,74714136.0,derived_ohlc4
HOSE_NLG,NLG,2026-03-19 09:00:00,1898,2,26.54,27.86,26.49,27.47,4290900,116240481.0,derived_ohlc4
HOSE_NLG,NLG,2026-03-20 09:00:00,1899,2,27.57,27.57,27.03,27.18,2169900,59319641.25,derived_ohlc4
HOSE_NLG,NLG,2026-03-23 09:00:00,1900,2,26.88,27.08,25.85,25.9,3834200,101328320.50000001,derived_ohlc4
HOSE_NLG,NLG,2026-03-24 09:00:00,1901,2,26.54,27.67,26.39,27.67,4817700,130403094.75,derived_ohlc4
HOSE_NLG,NLG,2026-03-25 09:00:00,1902,2,28.06,29.09,27.76,28.75,6216100,176630481.5,derived_ohlc4
HOSE_NLG,NLG,2026-03-26 09:00:00,1903,2,28.99,28.99,27.86,27.86,4304500,122355412.5,derived_ohlc4
HOSE_NLG,NLG,2026-03-27 09:00:00,1904,2,27.76,28.89,27.76,28.8,5347500,151347618.75,derived_ohlc4
HOSE_NLG,NLG,2026-03-30 09:00:00,1905,2,28.16,28.7,27.91,28.21,3325900,93940045.49999999,derived_ohlc4
HOSE_NLG,NLG,2026-03-31 09:00:00,1906,2,28.65,28.94,28.06,28.45,2992800,85369620.0,derived_ohlc4
HOSE_NLG,NLG,2026-04-01 09:00:00,1907,2,28.94,29.78,28.7,29.29,5707400,166527663.5,derived_ohlc4
HOSE_NLG,NLG,2026-04-02 09:00:00,1908,2,28.84,28.94,28.01,28.94,4351800,124820503.5,derived_ohlc4
HOSE_NLG,NLG,2026-04-03 09:00:00,1909,2,28.75,29.09,27.57,27.57,5106200,144224619.0,derived_ohlc4
HOSE_NLG,NLG,2026-04-06 09:00:00,1910,2,27.57,28.11,27.08,27.18,3211100,88257083.5,derived_ohlc4
HOSE_NLG,NLG,2026-04-07 09:00:00,1911,2,27.18,27.72,26.64,27.18,2050800,55740744.0,derived_ohlc4
HOSE_NLG,NLG,2026-04-08 09:00:00,1912,2,28.26,29.04,27.81,28.8,4280700,121903634.25,derived_ohlc4
HOSE_NLG,NLG,2026-04-09 09:00:00,1913,2,28.5,29.63,28.3,28.84,4602000,132618135.0,derived_ohlc4
HOSE_NLG,NLG,2026-04-10 09:00:00,1914,2,29.24,29.53,28.45,28.65,2488000,72071140.0,derived_ohlc4
HOSE_NLG,NLG,2026-04-13 09:00:00,1915,2,28.45,29.09,28.3,28.75,2405000,68897237.5,derived_ohlc4
HOSE_NLG,NLG,2026-04-14 09:00:00,1916,2,29.14,29.14,28.26,28.6,2577100,74181823.50000001,derived_ohlc4
HOSE_NLG,NLG,2026-04-15 09:00:00,1917,2,28.65,29.04,28.4,28.4,3431500,98218108.75000001,derived_ohlc4
HOSE_NLG,NLG,2026-04-16 09:00:00,1918,2,28.4,28.4,27.57,28.21,3440600,96835687.00000001,derived_ohlc4
HOSE_NLG,NLG,2026-04-17 09:00:00,1919,2,28.26,28.4,27.91,28.01,1290500,36321122.5,derived_ohlc4
HOSE_NLG,NLG,2026-04-20 09:00:00,1920,2,28.01,28.6,27.86,28.01,1634300,45956516.0,derived_ohlc4
HOSE_NLG,NLG,2026-04-21 09:00:00,1921,2,28.11,28.4,27.62,27.62,1813900,50675831.25,derived_ohlc4
HOSE_NLG,NLG,2026-04-22 09:00:00,1922,2,27.57,27.96,27.57,27.91,993600,27574883.999999996,derived_ohlc4
HOSE_NLG,NLG,2026-04-23 09:00:00,1923,2,27.76,28.01,26.88,27.42,2885500,79401746.25,derived_ohlc4
HOSE_NLG,NLG,2026-04-24 09:00:00,1924,2,27.47,27.47,26.83,27.13,2196200,59791544.99999999,derived_ohlc4
HOSE_NLG,NLG,2026-04-28 09:00:00,1925,2,27.18,27.62,26.83,27.03,1015700,27591490.5,derived_ohlc4
HOSE_NLG,NLG,2026-04-29 09:00:00,1926,2,26.83,27.62,26.83,27.22,1954500,53015812.5,derived_ohlc4
HOSE_NLG,NLG,2026-05-04 09:00:00,1927,2,27.72,27.86,27.27,27.27,1109900,30555546.999999996,derived_ohlc4
HOSE_NLG,NLG,2026-05-05 09:00:00,1928,2,27.32,27.72,26.49,26.49,3578700,96642793.5,derived_ohlc4
HOSE_NLG,NLG,2026-05-06 09:00:00,1929,2,26.74,26.98,26.34,26.74,2316500,61850550.0,derived_ohlc4
HOSE_NLG,NLG,2026-05-07 09:00:00,1930,2,27.22,27.32,26.29,26.49,3875300,103974299.0,derived_ohlc4
HOSE_NLG,NLG,2026-05-08 09:00:00,1931,2,26.64,26.64,25.8,26.0,3100700,81455389.0,derived_ohlc4
HOSE_NLG,NLG,2026-05-11 09:00:00,1932,2,26.1,26.49,25.7,25.9,1732800,45135108.0,derived_ohlc4
HOSE_NLG,NLG,2026-05-12 09:00:00,1933,2,25.9,26.44,25.9,26.29,2199800,57486273.5,derived_ohlc4
HOSE_NLG,NLG,2026-05-13 09:00:00,1934,2,26.29,26.34,25.61,25.8,2239000,58236389.99999999,derived_ohlc4
HOSE_NLG,NLG,2026-05-14 09:00:00,1935,2,25.9,26.49,25.8,26.44,1752600,45843634.5,derived_ohlc4
HOSE_NLG,NLG,2026-05-15 09:00:00,1936,2,26.49,26.49,25.9,26.0,1799500,47182890.0,derived_ohlc4
HOSE_NLG,NLG,2026-05-18 09:00:00,1937,2,26.05,26.05,25.66,25.7,1958000,50643670.00000001,derived_ohlc4
HOSE_NLG,NLG,2026-05-19 09:00:00,1938,2,25.9,26.15,25.66,25.66,1303600,33688283.0,derived_ohlc4
HOSE_NLG,NLG,2026-05-20 09:00:00,1939,2,25.8,25.85,24.04,25.16,3146000,79318525.0,derived_ohlc4
HOSE_NLG,NLG,2026-05-21 09:00:00,1940,2,25.21,25.41,24.72,24.77,1806000,45199665.0,derived_ohlc4
HOSE_NLG,NLG,2026-05-22 09:00:00,1941,2,24.92,25.36,24.58,25.02,1772800,44266816.0,derived_ohlc4
HOSE_NLG,NLG,2026-05-25 09:00:00,1942,2,25.12,26.2,25.12,25.66,1928200,49217305.0,derived_ohlc4
HOSE_NLG,NLG,2026-05-26 09:00:00,1943,2,25.75,26.24,25.61,26.1,1638000,42465149.99999999,derived_ohlc4
HOSE_NLG,NLG,2026-05-27 09:00:00,1944,2,26.1,26.2,25.75,25.9,1228800,31933439.999999996,derived_ohlc4
HOSE_NLG,NLG,2026-05-28 09:00:00,1945,2,25.75,26.29,25.66,26.05,1462600,37936187.5,derived_ohlc4
HOSE_NLG,NLG,2026-05-29 09:00:00,1946,2,26.05,26.15,25.75,25.9,1247800,32396007.5,derived_ohlc4
HOSE_NLG,NLG,2026-06-01 09:00:00,1947,2,26.0,26.59,25.95,26.24,2085300,54624433.5,derived_ohlc4
HOSE_NLG,NLG,2026-06-02 09:00:00,1948,2,26.39,26.39,25.46,25.56,1639300,42539835.00000001,derived_ohlc4
HOSE_NLG,NLG,2026-06-03 09:00:00,1949,2,25.56,26.15,25.56,26.0,934600,24129035.5,derived_ohlc4
HOSE_NLG,NLG,2026-06-04 09:00:00,1950,2,26.0,26.15,25.61,25.75,713500,18463596.25,derived_ohlc4
HOSE_NLG,NLG,2026-06-05 09:00:00,1951,2,25.75,25.75,25.36,25.46,956300,24462154.0,derived_ohlc4
HOSE_NLG,NLG,2026-06-08 09:00:00,1952,2,25.21,25.51,25.07,25.16,878200,22163572.499999996,derived_ohlc4
HOSE_NLG,NLG,2026-06-09 09:00:00,1953,2,25.36,25.46,25.02,25.31,556400,14069965.0,derived_ohlc4
HOSE_NLG,NLG,2026-06-10 09:00:00,1954,2,25.31,26.83,25.26,26.24,2544800,65935768.0,derived_ohlc4
HOSE_NLG,NLG,2026-06-11 09:00:00,1955,2,26.24,26.29,25.9,25.95,675600,17629782.0,derived_ohlc4
HOSE_NLG,NLG,2026-06-12 09:00:00,1956,2,26.3,26.35,25.4,25.4,1677200,43376585.00000001,derived_ohlc4
HOSE_NLG,NLG,2026-06-15 09:00:00,1957,2,25.5,26.25,25.5,26.25,1418700,36708862.5,derived_ohlc4
HOSE_NLG,NLG,2026-06-16 09:00:00,1958,2,26.45,28.05,26.4,28.0,8740700,237965557.5,derived_ohlc4
HOSE_NLG,NLG,2026-06-17 09:00:00,1959,2,28.15,28.2,27.5,27.65,2244800,62573800.0,derived_ohlc4
HOSE_NLG,NLG,2026-06-18 09:00:00,1960,2,27.9,27.9,27.05,27.05,2322900,63821677.49999999,derived_ohlc4
HOSE_NLG,NLG,2026-06-19 09:00:00,1961,2,27.15,27.65,26.65,27.05,2328700,63165987.49999999,derived_ohlc4
HOSE_NLG,NLG,2026-06-22 09:00:00,1962,2,26.8,27.1,26.55,26.6,1824800,48836210.00000001,derived_ohlc4
HOSE_NLG,NLG,2026-06-23 09:00:00,1963,2,26.6,26.8,25.7,25.7,2707200,70928640.00000001,derived_ohlc4
HOSE_NLG,NLG,2026-06-24 09:00:00,1964,2,25.85,26.05,25.25,25.5,2554800,65562555.0,derived_ohlc4
HOSE_NLG,NLG,2026-06-25 09:00:00,1965,2,25.5,25.75,25.35,25.45,1388600,35426657.5,derived_ohlc4
HOSE_NLG,NLG,2026-06-26 09:00:00,1966,2,25.45,26.7,25.45,26.45,4580200,119142452.5,derived_ohlc4
HOSE_NLG,NLG,2026-06-29 09:00:00,1967,2,26.45,26.55,26.2,26.4,970600,25623840.0,derived_ohlc4
HOSE_NLG,NLG,2026-06-30 09:00:00,1968,2,26.5,26.65,26.15,26.15,1501600,39585929.99999999,derived_ohlc4
HOSE_NLG,NLG,2026-07-01 09:00:00,1969,2,26.25,26.7,26.15,26.7,1624400,42965380.0,derived_ohlc4
HOSE_NLG,NLG,2026-07-02 09:00:00,1970,2,26.75,26.8,26.25,26.3,1160800,30790220.0,derived_ohlc4
HOSE_NLG,NLG,2026-07-03 09:00:00,1971,2,26.3,26.3,25.8,25.8,1574700,41020935.0,derived_ohlc4
HOSE_NLG,NLG,2026-07-06 09:00:00,1972,2,25.8,26.05,24.75,25.45,2549200,65036465.0,derived_ohlc4
HOSE_NLG,NLG,2026-07-07 09:00:00,1973,2,25.45,25.8,25.0,25.65,1537900,39178002.5,derived_ohlc4
HOSE_NLG,NLG,2026-07-08 09:00:00,1974,2,25.65,26.15,25.5,25.8,1662300,42845782.5,derived_ohlc4
HOSE_NLG,NLG,2026-07-09 09:00:00,1975,2,25.7,25.75,25.4,25.4,865100,22114118.75,derived_ohlc4
HOSE_NLG,NLG,2026-07-10 09:00:00,1976,2,25.25,25.65,24.8,25.0,1561500,39310762.5,derived_ohlc4
HOSE_NLG,NLG,2026-07-13 09:00:00,1977,2,24.95,25.5,24.8,25.35,1766500,44427475.0,derived_ohlc4
HOSE_NLG,NLG,2026-07-14 09:00:00,1978,2,25.35,25.65,25.0,25.3,1394000,35303050.0,derived_ohlc4
HOSE_NLG,NLG,2026-07-15 09:00:00,1979,2,25.3,25.5,24.9,24.9,1579800,39731970.0,derived_ohlc4
HOSE_NLG,NLG,2026-07-16 09:00:00,1980,2,24.95,25.05,24.1,24.8,2010200,49702194.99999999,derived_ohlc4
HOSE_NLG,NLG,2026-07-17 09:00:00,1981,2,24.8,25.5,24.55,24.85,1370000,34147249.99999999,derived_ohlc4
HOSE_NLG,NLG,2026-07-20 09:00:00,1982,2,24.75,25.0,23.7,23.7,1858200,45131032.5,derived_ohlc4
HOSE_NLG,NLG,2026-07-21 09:00:00,1983,2,23.8,24.15,23.3,23.3,1206500,28518643.75,derived_ohlc4
HOSE_NLG,NLG,2026-07-22 09:00:00,1984,2,23.3,23.7,22.55,22.65,2005700,46231384.99999999,derived_ohlc4
HOSE_NLG,NLG,2026-07-23 09:00:00,1985,2,22.35,22.95,21.35,21.8,2892600,63962617.5,derived_ohlc4
HOSE_NLG,NLG,2026-07-24 09:00:00,1986,2,21.5,21.95,21.35,21.35,1422200,30630632.500000004,derived_ohlc4
HOSE_NLG,NLG,2026-07-27 09:00:00,1987,2,21.2,21.7,20.0,20.0,2779500,57605137.50000001,derived_ohlc4
HOSE_NLG,NLG,2026-07-28 09:00:00,1988,2,19.8,20.8,19.15,20.6,2768600,55614252.49999999,derived_ohlc4
HOSE_NLG,NLG,2026-07-29 09:00:00,1989,2,20.85,20.9,20.4,20.7,1967600,40753915.0,derived_ohlc4
HOSE_NLG,NLG,2026-07-30 09:00:00,1990,2,20.7,21.6,20.7,21.55,1524000,32213550.0,derived_ohlc4
HOSE_NLG,NLG,2026-07-31 09:00:00,1991,2,21.65,22.2,21.5,22.2,4513200,98782665.0,derived_ohlc4
HOSE_NLG,NLG,2026-08-03 09:00:00,1992,2,21.9,22.45,21.5,21.7,6985600,152897320.0,derived_ohlc4
HOSE_NLG,NLG,2026-08-04 09:00:00,1993,2,22.0,22.0,21.75,21.85,2331000,51048900.0,derived_ohlc4
HOSE_NLG,NLG,2026-08-05 09:00:00,1994,2,22.1,22.55,21.75,21.75,3505800,77259067.5,derived_ohlc4
HOSE_NLG,NLG,2026-08-06 09:00:00,1995,2,21.75,21.9,21.55,21.8,2125400,46227450.0,derived_ohlc4
HOSE_NLG,NLG,2026-08-07 09:00:00,1996,2,21.9,22.25,21.9,22.2,1403500,30964718.75,derived_ohlc4
