security_id,symbol,timestamps,session_id,segment_id,open,high,low,close,volume,amount,amount_source
HOSE_NT2,NT2,2018-08-09 09:00:00,0,0,15.52,15.63,15.4,15.52,112150,1740287.6249999998,derived_ohlc4
HOSE_NT2,NT2,2018-08-10 09:00:00,1,0,15.52,15.52,15.35,15.52,82360,1274726.9,derived_ohlc4
HOSE_NT2,NT2,2018-08-13 09:00:00,2,0,15.52,15.52,15.29,15.32,148760,2292763.5,derived_ohlc4
HOSE_NT2,NT2,2018-08-14 09:00:00,3,0,15.4,15.4,15.23,15.26,66260,1015268.85,derived_ohlc4
HOSE_NT2,NT2,2018-08-15 09:00:00,4,0,15.4,15.4,15.23,15.29,45590,698894.7,derived_ohlc4
HOSE_NT2,NT2,2018-08-16 09:00:00,5,0,15.23,15.26,15.09,15.17,121980,1852571.25,derived_ohlc4
HOSE_NT2,NT2,2018-08-17 09:00:00,6,0,15.29,15.29,14.97,15.17,37390,567580.2,derived_ohlc4
HOSE_NT2,NT2,2018-08-20 09:00:00,7,0,15.17,15.17,15.12,15.17,61300,929154.75,derived_ohlc4
HOSE_NT2,NT2,2018-08-21 09:00:00,8,0,14.97,15.23,14.94,15.06,153040,2303252.0,derived_ohlc4
HOSE_NT2,NT2,2018-08-22 09:00:00,9,0,15.06,15.12,14.94,15.09,82270,1238369.1749999998,derived_ohlc4
HOSE_NT2,NT2,2018-08-23 09:00:00,10,0,15.09,15.35,15.09,15.32,83400,1268722.5,derived_ohlc4
HOSE_NT2,NT2,2018-08-24 09:00:00,11,0,15.15,15.23,15.12,15.2,23880,362379.0,derived_ohlc4
HOSE_NT2,NT2,2018-08-27 09:00:00,12,0,15.2,15.26,15.17,15.17,69280,1053056.0,derived_ohlc4
HOSE_NT2,NT2,2018-08-28 09:00:00,13,0,15.17,15.4,15.15,15.4,138210,2111848.8,derived_ohlc4
HOSE_NT2,NT2,2018-08-29 09:00:00,14,0,15.4,15.4,15.23,15.23,43850,671562.75,derived_ohlc4
HOSE_NT2,NT2,2018-08-30 09:00:00,15,0,15.23,15.26,15.15,15.2,71650,1089796.5,derived_ohlc4
HOSE_NT2,NT2,2018-08-31 09:00:00,16,0,15.43,15.43,15.17,15.26,59380,909850.0499999999,derived_ohlc4
HOSE_NT2,NT2,2018-09-04 09:00:00,17,0,15.23,15.26,15.17,15.17,40800,620466.0,derived_ohlc4
HOSE_NT2,NT2,2018-09-05 09:00:00,18,0,15.17,15.29,15.06,15.12,153340,2324634.4,derived_ohlc4
HOSE_NT2,NT2,2018-09-06 09:00:00,19,0,15.0,15.15,14.94,15.0,251670,3780712.5749999997,derived_ohlc4
HOSE_NT2,NT2,2018-09-07 09:00:00,20,0,15.06,15.17,15.06,15.17,86360,1305331.4,derived_ohlc4
HOSE_NT2,NT2,2018-09-10 09:00:00,21,0,15.29,15.35,15.12,15.12,61810,940748.2,derived_ohlc4
HOSE_NT2,NT2,2018-09-11 09:00:00,22,0,15.15,15.26,15.12,15.17,139520,2117216.0,derived_ohlc4
HOSE_NT2,NT2,2018-09-12 09:00:00,23,0,15.35,15.66,15.35,15.63,620440,9615268.9,derived_ohlc4
HOSE_NT2,NT2,2018-09-13 09:00:00,24,0,15.63,16.35,15.63,16.21,672060,10722717.3,derived_ohlc4
HOSE_NT2,NT2,2018-09-14 09:00:00,25,0,16.21,16.21,15.81,15.95,366720,5884022.4,derived_ohlc4
HOSE_NT2,NT2,2018-09-17 09:00:00,26,0,15.95,15.95,15.63,15.75,247590,3916873.8000000003,derived_ohlc4
HOSE_NT2,NT2,2018-09-18 09:00:00,27,0,15.81,16.15,15.58,16.09,440380,7005344.85,derived_ohlc4
HOSE_NT2,NT2,2018-09-19 09:00:00,28,0,16.04,16.27,15.92,16.04,428870,6890868.7250000015,derived_ohlc4
HOSE_NT2,NT2,2018-09-20 09:00:00,29,0,16.4,16.4,16.01,16.16,332420,5399331.85,derived_ohlc4
HOSE_NT2,NT2,2018-09-21 09:00:00,30,0,16.04,16.07,15.61,15.61,720600,11408899.5,derived_ohlc4
HOSE_NT2,NT2,2018-09-24 09:00:00,31,0,15.79,16.16,15.79,15.79,124970,1984836.025,derived_ohlc4
HOSE_NT2,NT2,2018-09-25 09:00:00,32,0,15.85,16.04,15.76,15.79,158890,2519995.4,derived_ohlc4
HOSE_NT2,NT2,2018-09-26 09:00:00,33,0,15.79,16.16,15.76,16.07,365460,5827259.7,derived_ohlc4
HOSE_NT2,NT2,2018-09-27 09:00:00,34,0,16.1,16.19,15.98,16.01,180120,2894528.400000001,derived_ohlc4
HOSE_NT2,NT2,2018-09-28 09:00:00,35,0,16.04,16.28,15.98,16.01,333790,5366508.725000001,derived_ohlc4
HOSE_NT2,NT2,2018-10-01 09:00:00,36,0,15.98,16.04,15.79,15.85,252670,4021243.05,derived_ohlc4
HOSE_NT2,NT2,2018-10-02 09:00:00,37,0,15.79,15.91,15.79,15.79,137100,2168922.0,derived_ohlc4
HOSE_NT2,NT2,2018-10-03 09:00:00,38,0,15.79,15.91,15.7,15.85,130250,2059578.125,derived_ohlc4
HOSE_NT2,NT2,2018-10-04 09:00:00,39,0,16.1,16.1,15.82,15.85,121540,1940689.9500000002,derived_ohlc4
HOSE_NT2,NT2,2018-10-05 09:00:00,40,0,15.88,15.88,15.76,15.76,274300,4339426.0,derived_ohlc4
HOSE_NT2,NT2,2018-10-08 09:00:00,41,0,15.79,16.4,15.73,16.22,500760,8029686.6,derived_ohlc4
HOSE_NT2,NT2,2018-10-09 09:00:00,42,0,16.31,16.31,15.95,16.04,73280,1183655.1999999997,derived_ohlc4
HOSE_NT2,NT2,2018-10-10 09:00:00,43,0,16.1,16.1,15.79,15.85,127380,2032984.8,derived_ohlc4
HOSE_NT2,NT2,2018-10-11 09:00:00,44,0,15.73,15.73,15.31,15.31,424050,6581256.000000001,derived_ohlc4
HOSE_NT2,NT2,2018-10-12 09:00:00,45,0,15.19,15.73,15.13,15.73,133700,2064996.5,derived_ohlc4
HOSE_NT2,NT2,2018-10-15 09:00:00,46,0,15.79,15.79,15.34,15.4,105040,1636523.2,derived_ohlc4
HOSE_NT2,NT2,2018-10-16 09:00:00,47,0,15.61,15.61,15.49,15.55,59220,921759.3,derived_ohlc4
HOSE_NT2,NT2,2018-10-17 09:00:00,48,0,15.61,15.79,15.61,15.67,76010,1191076.7,derived_ohlc4
HOSE_NT2,NT2,2018-10-18 09:00:00,49,0,15.67,15.76,15.37,15.43,146080,2272639.6,derived_ohlc4
HOSE_NT2,NT2,2018-10-19 09:00:00,50,0,15.34,15.49,15.13,15.13,113070,1726861.5750000002,derived_ohlc4
HOSE_NT2,NT2,2018-10-22 09:00:00,51,0,15.13,15.19,14.4,14.52,353790,5239629.899999999,derived_ohlc4
HOSE_NT2,NT2,2018-10-23 09:00:00,52,0,14.46,14.61,14.34,14.46,190190,2751573.8249999997,derived_ohlc4
HOSE_NT2,NT2,2018-10-24 09:00:00,53,0,14.37,14.46,14.27,14.37,138730,1993203.2749999997,derived_ohlc4
HOSE_NT2,NT2,2018-10-25 09:00:00,54,0,14.09,14.79,13.97,14.79,699080,10073742.8,derived_ohlc4
HOSE_NT2,NT2,2018-10-26 09:00:00,55,0,14.61,14.79,14.61,14.64,96200,1410532.5,derived_ohlc4
HOSE_NT2,NT2,2018-10-29 09:00:00,56,0,14.58,14.64,14.46,14.64,48930,713399.4,derived_ohlc4
HOSE_NT2,NT2,2018-10-30 09:00:00,57,0,14.52,14.7,14.27,14.64,63780,926882.85,derived_ohlc4
HOSE_NT2,NT2,2018-10-31 09:00:00,58,0,14.58,14.97,14.58,14.97,110610,1634262.75,derived_ohlc4
HOSE_NT2,NT2,2018-11-01 09:00:00,59,0,15.0,15.13,14.58,15.03,102500,1530837.5,derived_ohlc4
HOSE_NT2,NT2,2018-11-02 09:00:00,60,0,15.16,15.16,15.0,15.0,32720,493417.6,derived_ohlc4
HOSE_NT2,NT2,2018-11-05 09:00:00,61,0,15.09,15.31,15.0,15.13,25190,381187.675,derived_ohlc4
HOSE_NT2,NT2,2018-11-06 09:00:00,62,0,15.19,15.25,15.06,15.13,75110,1138479.825,derived_ohlc4
HOSE_NT2,NT2,2018-11-07 09:00:00,63,0,15.19,15.19,15.09,15.09,57730,874032.2000000001,derived_ohlc4
HOSE_NT2,NT2,2018-11-08 09:00:00,64,0,15.19,15.25,15.06,15.19,106120,1610105.7,derived_ohlc4
HOSE_NT2,NT2,2018-11-09 09:00:00,65,0,15.19,15.55,15.19,15.46,182810,2805676.475,derived_ohlc4
HOSE_NT2,NT2,2018-11-12 09:00:00,66,0,15.31,15.61,15.19,15.61,80440,1241189.2,derived_ohlc4
HOSE_NT2,NT2,2018-11-13 09:00:00,67,0,15.19,15.46,15.19,15.37,9590,146750.97499999998,derived_ohlc4
HOSE_NT2,NT2,2018-11-14 09:00:00,68,0,15.46,15.55,15.37,15.49,120720,1867236.6,derived_ohlc4
HOSE_NT2,NT2,2018-11-15 09:00:00,69,0,15.49,15.58,15.43,15.58,48040,745580.7999999999,derived_ohlc4
HOSE_NT2,NT2,2018-11-16 09:00:00,70,0,15.58,15.58,15.25,15.37,39790,614556.5499999999,derived_ohlc4
HOSE_NT2,NT2,2018-11-19 09:00:00,71,0,15.37,15.43,15.28,15.4,28080,431589.6,derived_ohlc4
HOSE_NT2,NT2,2018-11-20 09:00:00,72,0,15.49,15.52,15.4,15.52,43660,675965.95,derived_ohlc4
HOSE_NT2,NT2,2018-11-21 09:00:00,73,0,15.06,15.67,15.06,15.55,64700,992174.5,derived_ohlc4
HOSE_NT2,NT2,2018-11-22 09:00:00,74,0,15.55,15.55,15.37,15.37,3770,58284.2,derived_ohlc4
HOSE_NT2,NT2,2018-11-23 09:00:00,75,0,15.37,15.49,15.19,15.19,23820,364684.19999999995,derived_ohlc4
HOSE_NT2,NT2,2018-11-26 09:00:00,76,0,15.19,15.49,15.19,15.43,69510,1065240.75,derived_ohlc4
HOSE_NT2,NT2,2018-11-27 09:00:00,77,0,15.37,15.49,15.37,15.43,66690,1028026.35,derived_ohlc4
HOSE_NT2,NT2,2018-11-28 09:00:00,78,0,15.4,15.49,15.31,15.49,62400,962364.0000000001,derived_ohlc4
HOSE_NT2,NT2,2018-11-29 09:00:00,79,0,15.55,15.55,15.4,15.43,26260,406570.45,derived_ohlc4
HOSE_NT2,NT2,2018-11-30 09:00:00,80,0,15.37,15.43,15.37,15.43,13090,201585.99999999997,derived_ohlc4
HOSE_NT2,NT2,2018-12-03 09:00:00,81,0,15.43,15.67,15.43,15.67,136400,2121020.0,derived_ohlc4
HOSE_NT2,NT2,2018-12-04 09:00:00,82,0,15.67,15.67,15.49,15.55,42610,664502.95,derived_ohlc4
HOSE_NT2,NT2,2018-12-05 09:00:00,83,0,15.49,15.55,15.37,15.52,38910,602424.075,derived_ohlc4
HOSE_NT2,NT2,2018-12-06 09:00:00,84,0,15.52,15.61,15.37,15.37,107540,1663374.95,derived_ohlc4
HOSE_NT2,NT2,2018-12-07 09:00:00,85,0,15.31,15.85,15.31,15.85,235040,3661923.2,derived_ohlc4
HOSE_NT2,NT2,2018-12-10 09:00:00,86,0,15.85,15.85,15.58,15.58,7540,118491.1,derived_ohlc4
HOSE_NT2,NT2,2018-12-11 09:00:00,87,0,15.55,15.67,15.49,15.61,15510,241645.8,derived_ohlc4
HOSE_NT2,NT2,2018-12-12 09:00:00,88,0,15.61,15.67,15.55,15.61,100180,1563809.8,derived_ohlc4
HOSE_NT2,NT2,2018-12-13 09:00:00,89,0,15.67,15.91,15.61,15.88,244850,3860672.375,derived_ohlc4
HOSE_NT2,NT2,2018-12-14 09:00:00,90,0,15.88,15.91,15.67,15.88,124890,1977633.1500000001,derived_ohlc4
HOSE_NT2,NT2,2018-12-17 09:00:00,91,0,15.85,15.85,15.61,15.61,23350,367295.5,derived_ohlc4
HOSE_NT2,NT2,2018-12-18 09:00:00,92,0,15.49,15.49,15.31,15.49,56160,867391.2000000001,derived_ohlc4
HOSE_NT2,NT2,2018-12-19 09:00:00,93,0,15.61,15.85,15.43,15.43,140190,2184160.2,derived_ohlc4
HOSE_NT2,NT2,2018-12-20 09:00:00,94,0,15.43,15.61,15.43,15.61,144800,2247296.0,derived_ohlc4
HOSE_NT2,NT2,2018-12-21 09:00:00,95,0,15.4,15.52,15.31,15.4,82000,1263415.0,derived_ohlc4
HOSE_NT2,NT2,2018-12-24 09:00:00,96,0,15.4,15.4,15.28,15.34,60500,928977.5,derived_ohlc4
HOSE_NT2,NT2,2018-12-25 09:00:00,97,0,15.34,15.37,15.0,15.31,68820,1049849.1,derived_ohlc4
HOSE_NT2,NT2,2018-12-26 09:00:00,98,0,15.19,15.46,15.19,15.22,80480,1228527.2,derived_ohlc4
HOSE_NT2,NT2,2018-12-27 09:00:00,99,0,15.56,15.72,15.56,15.66,130670,2041718.75,derived_ohlc4
HOSE_NT2,NT2,2018-12-28 09:00:00,100,0,15.66,15.66,15.5,15.5,10250,159695.0,derived_ohlc4
HOSE_NT2,NT2,2019-01-02 09:00:00,101,0,15.56,15.75,15.56,15.56,90740,1416224.55,derived_ohlc4
HOSE_NT2,NT2,2019-01-03 09:00:00,102,0,15.69,16.0,15.59,16.0,136410,2158006.2,derived_ohlc4
HOSE_NT2,NT2,2019-01-04 09:00:00,103,0,15.88,16.38,15.81,16.32,373300,6009196.75,derived_ohlc4
HOSE_NT2,NT2,2019-01-07 09:00:00,104,0,16.38,16.38,15.94,16.32,96180,1563405.9,derived_ohlc4
HOSE_NT2,NT2,2019-01-08 09:00:00,105,0,16.32,16.32,15.97,16.07,130960,2117623.2,derived_ohlc4
HOSE_NT2,NT2,2019-01-09 09:00:00,106,0,16.07,16.51,15.97,16.51,454680,7395370.2,derived_ohlc4
HOSE_NT2,NT2,2019-01-10 09:00:00,107,0,16.7,16.89,16.57,16.89,496070,8315373.375000002,derived_ohlc4
HOSE_NT2,NT2,2019-01-11 09:00:00,108,0,16.89,17.42,16.85,17.3,407890,6981037.350000001,derived_ohlc4
HOSE_NT2,NT2,2019-01-14 09:00:00,109,0,17.33,17.33,17.01,17.3,204580,3527470.65,derived_ohlc4
HOSE_NT2,NT2,2019-01-15 09:00:00,110,0,17.3,17.64,17.26,17.64,465040,8119598.4,derived_ohlc4
HOSE_NT2,NT2,2019-01-16 09:00:00,111,0,17.64,17.83,17.39,17.77,351710,6210319.324999999,derived_ohlc4
HOSE_NT2,NT2,2019-01-17 09:00:00,112,0,17.64,17.77,17.01,17.33,197940,3451578.75,derived_ohlc4
HOSE_NT2,NT2,2019-01-18 09:00:00,113,0,17.11,17.77,17.11,17.67,285210,4966932.149999999,derived_ohlc4
HOSE_NT2,NT2,2019-01-21 09:00:00,114,0,17.77,18.27,17.58,18.02,429830,7698255.3,derived_ohlc4
HOSE_NT2,NT2,2019-01-22 09:00:00,115,0,18.02,18.05,17.52,17.52,138160,2456139.4,derived_ohlc4
HOSE_NT2,NT2,2019-01-23 09:00:00,116,0,17.52,17.96,17.2,17.52,91360,1603368.0,derived_ohlc4
HOSE_NT2,NT2,2019-01-24 09:00:00,117,0,17.42,17.93,17.39,17.86,277290,4894168.5,derived_ohlc4
HOSE_NT2,NT2,2019-01-25 09:00:00,118,0,17.86,18.34,17.86,18.3,556430,10065818.7,derived_ohlc4
HOSE_NT2,NT2,2019-01-28 09:00:00,119,0,18.11,18.34,18.08,18.27,432660,7874412.0,derived_ohlc4
HOSE_NT2,NT2,2019-01-29 09:00:00,120,0,18.27,18.4,18.02,18.27,497710,9078230.399999999,derived_ohlc4
HOSE_NT2,NT2,2019-01-30 09:00:00,121,0,18.27,18.46,18.08,18.34,343710,6285596.625000001,derived_ohlc4
HOSE_NT2,NT2,2019-01-31 09:00:00,122,0,18.27,18.43,18.27,18.4,165980,3044488.1500000004,derived_ohlc4
HOSE_NT2,NT2,2019-02-01 09:00:00,123,0,18.4,18.4,18.27,18.4,97180,1784953.65,derived_ohlc4
HOSE_NT2,NT2,2019-02-11 09:00:00,124,0,18.4,18.59,18.15,18.27,218400,4008186.0,derived_ohlc4
HOSE_NT2,NT2,2019-02-12 09:00:00,125,0,18.27,18.4,18.21,18.3,380520,6961613.4,derived_ohlc4
HOSE_NT2,NT2,2019-02-13 09:00:00,126,0,18.27,18.52,18.24,18.52,516280,9493098.5,derived_ohlc4
HOSE_NT2,NT2,2019-02-14 09:00:00,127,0,18.56,18.59,18.46,18.49,171830,3183150.7499999995,derived_ohlc4
HOSE_NT2,NT2,2019-02-15 09:00:00,128,0,18.4,18.52,18.4,18.52,98310,1814802.6,derived_ohlc4
HOSE_NT2,NT2,2019-02-18 09:00:00,129,0,18.52,19.22,18.46,19.22,604310,11394265.049999999,derived_ohlc4
HOSE_NT2,NT2,2019-02-19 09:00:00,130,0,19.34,19.41,18.78,18.84,219360,4188130.8000000003,derived_ohlc4
HOSE_NT2,NT2,2019-02-20 09:00:00,131,0,18.78,18.87,18.52,18.62,529680,9903691.8,derived_ohlc4
HOSE_NT2,NT2,2019-02-21 09:00:00,132,0,18.65,18.65,18.15,18.27,461580,8506919.4,derived_ohlc4
HOSE_NT2,NT2,2019-02-22 09:00:00,133,0,18.15,18.3,17.77,17.77,270020,4859684.949999999,derived_ohlc4
HOSE_NT2,NT2,2019-02-25 09:00:00,134,0,17.77,18.27,17.52,18.27,467330,8392078.475,derived_ohlc4
HOSE_NT2,NT2,2019-02-26 09:00:00,135,0,18.27,18.78,18.27,18.78,768480,14236091.999999998,derived_ohlc4
HOSE_NT2,NT2,2019-02-27 09:00:00,136,0,18.78,18.84,18.59,18.59,193150,3611905.0000000005,derived_ohlc4
HOSE_NT2,NT2,2019-02-28 09:00:00,137,0,18.59,18.59,18.27,18.3,187710,3460903.125,derived_ohlc4
HOSE_NT2,NT2,2019-03-01 09:00:00,138,0,18.15,18.4,18.15,18.4,168610,3081347.7499999995,derived_ohlc4
HOSE_NT2,NT2,2019-03-04 09:00:00,139,0,18.4,18.4,17.96,17.96,301040,5472907.2,derived_ohlc4
HOSE_NT2,NT2,2019-03-05 09:00:00,140,0,17.89,18.4,17.89,18.24,167140,3026069.7,derived_ohlc4
HOSE_NT2,NT2,2019-03-06 09:00:00,141,0,18.24,18.34,18.05,18.21,95350,1736323.5,derived_ohlc4
HOSE_NT2,NT2,2019-03-07 09:00:00,142,0,18.27,18.27,17.77,18.21,109510,1985416.3000000003,derived_ohlc4
HOSE_NT2,NT2,2019-03-08 09:00:00,143,0,18.24,18.24,17.83,17.89,128440,2318341.9999999995,derived_ohlc4
HOSE_NT2,NT2,2019-03-11 09:00:00,144,0,17.83,18.15,17.48,17.58,256170,4549579.199999999,derived_ohlc4
HOSE_NT2,NT2,2019-03-12 09:00:00,145,0,17.89,18.71,17.58,18.59,933890,16989793.825,derived_ohlc4
HOSE_NT2,NT2,2019-03-13 09:00:00,146,0,18.9,18.9,18.37,18.4,217340,4051760.9499999997,derived_ohlc4
HOSE_NT2,NT2,2019-03-14 09:00:00,147,0,18.4,18.56,18.27,18.52,168810,3112434.3749999995,derived_ohlc4
HOSE_NT2,NT2,2019-03-15 09:00:00,148,0,18.52,18.52,17.96,18.24,202120,3700817.1999999997,derived_ohlc4
HOSE_NT2,NT2,2019-03-18 09:00:00,149,0,17.64,18.24,17.64,17.67,406090,7227386.774999999,derived_ohlc4
HOSE_NT2,NT2,2019-03-19 09:00:00,150,0,17.77,17.83,16.67,17.08,657530,11399926.374999998,derived_ohlc4
HOSE_NT2,NT2,2019-03-20 09:00:00,151,0,16.92,18.21,16.92,17.64,333600,5812146.0,derived_ohlc4
HOSE_NT2,NT2,2019-03-21 09:00:00,152,0,17.89,17.89,17.33,17.33,126790,2232771.9,derived_ohlc4
HOSE_NT2,NT2,2019-03-22 09:00:00,153,0,17.08,17.39,17.08,17.33,83620,1439936.4,derived_ohlc4
HOSE_NT2,NT2,2019-03-25 09:00:00,154,0,17.01,17.01,16.76,16.82,198190,3349410.9999999995,derived_ohlc4
HOSE_NT2,NT2,2019-03-26 09:00:00,155,0,16.73,17.14,16.7,16.85,76880,1295812.4000000004,derived_ohlc4
HOSE_NT2,NT2,2019-03-27 09:00:00,156,0,16.95,17.3,16.89,17.14,20240,345496.8,derived_ohlc4
HOSE_NT2,NT2,2019-03-28 09:00:00,157,0,17.14,17.33,16.98,16.98,76250,1304446.8750000002,derived_ohlc4
HOSE_NT2,NT2,2019-03-29 09:00:00,158,0,17.01,17.2,17.01,17.01,43440,740977.8,derived_ohlc4
HOSE_NT2,NT2,2019-04-01 09:00:00,159,0,17.14,17.2,16.92,16.98,57590,982485.4000000001,derived_ohlc4
HOSE_NT2,NT2,2019-04-02 09:00:00,160,0,17.01,17.17,16.98,17.08,58130,991697.8000000002,derived_ohlc4
HOSE_NT2,NT2,2019-04-03 09:00:00,161,0,16.95,17.01,16.82,17.01,109350,1853209.1250000002,derived_ohlc4
HOSE_NT2,NT2,2019-04-04 09:00:00,162,0,17.14,17.14,16.89,16.89,77860,1324787.9000000001,derived_ohlc4
HOSE_NT2,NT2,2019-04-05 09:00:00,163,0,16.89,17.2,16.85,17.14,128200,2181964.0000000005,derived_ohlc4
HOSE_NT2,NT2,2019-04-08 09:00:00,164,0,17.23,17.26,17.11,17.14,93960,1614702.6000000003,derived_ohlc4
HOSE_NT2,NT2,2019-04-09 09:00:00,165,0,17.14,17.26,16.89,17.08,44680,763692.9,derived_ohlc4
HOSE_NT2,NT2,2019-04-10 09:00:00,166,0,17.01,17.01,16.7,16.79,62840,1060582.0999999999,derived_ohlc4
HOSE_NT2,NT2,2019-04-11 09:00:00,167,0,16.79,16.98,16.76,16.98,81550,1376360.125,derived_ohlc4
HOSE_NT2,NT2,2019-04-12 09:00:00,168,0,16.98,17.01,16.7,16.98,43800,740986.5,derived_ohlc4
HOSE_NT2,NT2,2019-04-16 09:00:00,169,0,16.82,17.2,16.7,17.2,153460,2605750.8000000003,derived_ohlc4
HOSE_NT2,NT2,2019-04-17 09:00:00,170,0,17.26,17.26,17.08,17.26,250360,4309947.4,derived_ohlc4
HOSE_NT2,NT2,2019-04-18 09:00:00,171,0,17.14,17.14,16.7,16.85,131770,2234489.7750000004,derived_ohlc4
HOSE_NT2,NT2,2019-04-19 09:00:00,172,0,16.95,16.95,16.7,16.7,248630,4183199.75,derived_ohlc4
HOSE_NT2,NT2,2019-04-22 09:00:00,173,0,16.7,17.01,16.7,16.76,64640,1085467.2,derived_ohlc4
HOSE_NT2,NT2,2019-04-23 09:00:00,174,0,16.7,16.85,16.7,16.76,91310,1529670.7750000001,derived_ohlc4
HOSE_NT2,NT2,2019-04-24 09:00:00,175,0,16.76,16.85,16.76,16.85,61090,1026617.45,derived_ohlc4
HOSE_NT2,NT2,2019-04-25 09:00:00,176,0,16.85,16.98,16.85,16.98,61620,1042302.2999999999,derived_ohlc4
HOSE_NT2,NT2,2019-04-26 09:00:00,177,0,17.01,17.11,16.98,17.11,105730,1802960.8250000002,derived_ohlc4
HOSE_NT2,NT2,2019-05-02 09:00:00,178,0,17.2,17.33,17.08,17.14,140510,2415015.625,derived_ohlc4
HOSE_NT2,NT2,2019-05-03 09:00:00,179,0,17.14,17.26,17.01,17.01,73900,1264059.5000000002,derived_ohlc4
HOSE_NT2,NT2,2019-05-06 09:00:00,180,0,17.01,17.01,16.73,16.85,69840,1180296.0,derived_ohlc4
HOSE_NT2,NT2,2019-05-07 09:00:00,181,0,16.85,16.92,16.7,16.89,55550,935462.0,derived_ohlc4
HOSE_NT2,NT2,2019-05-08 09:00:00,182,0,16.89,16.89,16.7,16.89,63630,1071688.2750000001,derived_ohlc4
HOSE_NT2,NT2,2019-05-09 09:00:00,183,0,16.89,17.23,16.76,17.01,75570,1282611.8250000002,derived_ohlc4
HOSE_NT2,NT2,2019-05-10 09:00:00,184,0,17.01,17.01,16.92,16.92,32990,559675.3500000001,derived_ohlc4
HOSE_NT2,NT2,2019-05-13 09:00:00,185,0,16.92,17.14,16.92,17.01,144770,2460728.075,derived_ohlc4
HOSE_NT2,NT2,2019-05-14 09:00:00,186,0,17.01,17.08,16.85,16.89,121940,2067797.5500000003,derived_ohlc4
HOSE_NT2,NT2,2019-05-15 09:00:00,187,0,17.01,17.86,16.89,17.67,884100,15345765.750000002,derived_ohlc4
HOSE_NT2,NT2,2019-05-16 09:00:00,188,0,17.64,17.67,17.55,17.58,137090,2414154.9,derived_ohlc4
HOSE_NT2,NT2,2019-05-17 09:00:00,189,0,17.58,18.24,17.58,17.77,415540,7393495.449999998,derived_ohlc4
HOSE_NT2,NT2,2019-05-20 09:00:00,190,0,17.77,17.77,17.45,17.71,388470,6866207.249999999,derived_ohlc4
HOSE_NT2,NT2,2019-05-21 09:00:00,191,0,17.71,18.15,17.58,17.99,899870,16069428.524999999,derived_ohlc4
HOSE_NT2,NT2,2019-05-22 09:00:00,192,0,17.67,18.24,17.67,17.67,464720,8277825.0,derived_ohlc4
HOSE_NT2,NT2,2019-05-23 09:00:00,193,0,17.67,17.89,17.58,17.67,244700,4331801.75,derived_ohlc4
HOSE_NT2,NT2,2019-05-24 09:00:00,194,0,17.64,17.86,17.45,17.45,187380,3297888.0000000005,derived_ohlc4
HOSE_NT2,NT2,2019-05-27 09:00:00,195,0,17.3,17.45,17.14,17.14,216170,3730553.775,derived_ohlc4
HOSE_NT2,NT2,2019-05-28 09:00:00,196,0,17.14,17.64,17.14,17.3,168690,2919180.4499999997,derived_ohlc4
HOSE_NT2,NT2,2019-05-29 09:00:00,197,0,17.61,17.64,17.3,17.33,111820,1953495.4,derived_ohlc4
HOSE_NT2,NT2,2019-05-30 09:00:00,198,0,17.33,17.33,17.14,17.14,124750,2150066.25,derived_ohlc4
HOSE_NT2,NT2,2019-05-31 09:00:00,199,0,17.01,17.26,17.01,17.01,166360,2840181.1,derived_ohlc4
HOSE_NT2,NT2,2019-06-03 09:00:00,200,0,16.73,17.01,16.73,17.01,133750,2256362.5,derived_ohlc4
HOSE_NT2,NT2,2019-06-04 09:00:00,201,0,16.82,17.08,16.79,16.92,272100,4599170.25,derived_ohlc4
HOSE_NT2,NT2,2019-06-05 09:00:00,202,0,17.08,17.08,16.76,16.92,113700,1928352.0,derived_ohlc4
HOSE_NT2,NT2,2019-06-06 09:00:00,203,0,16.92,16.98,16.89,16.95,50390,853354.6500000001,derived_ohlc4
HOSE_NT2,NT2,2019-06-07 09:00:00,204,0,17.01,17.26,16.92,17.11,84590,1444374.2500000002,derived_ohlc4
HOSE_NT2,NT2,2019-06-10 09:00:00,205,0,17.3,17.3,17.01,17.14,100320,1724250.0,derived_ohlc4
HOSE_NT2,NT2,2019-06-11 09:00:00,206,0,17.14,17.14,17.01,17.08,138290,2363721.825,derived_ohlc4
HOSE_NT2,NT2,2019-06-12 09:00:00,207,0,17.2,17.2,17.01,17.08,136670,2340132.0749999997,derived_ohlc4
HOSE_NT2,NT2,2019-06-13 09:00:00,208,0,17.01,17.08,16.7,16.7,301740,5091108.15,derived_ohlc4
HOSE_NT2,NT2,2019-06-14 09:00:00,209,0,17.01,17.01,16.7,16.79,190890,3221745.9749999996,derived_ohlc4
HOSE_NT2,NT2,2019-06-17 09:00:00,210,0,16.92,16.98,16.82,16.92,196890,3329409.900000001,derived_ohlc4
HOSE_NT2,NT2,2019-06-18 09:00:00,211,0,16.85,17.01,16.85,17.01,249780,4228775.4,derived_ohlc4
HOSE_NT2,NT2,2019-06-19 09:00:00,212,0,17.08,17.26,17.01,17.08,342450,5858463.375000001,derived_ohlc4
HOSE_NT2,NT2,2019-06-20 09:00:00,213,0,17.08,17.2,17.04,17.11,32080,548808.6000000001,derived_ohlc4
HOSE_NT2,NT2,2019-06-21 09:00:00,214,0,16.7,17.23,16.7,16.7,276490,4654017.925,derived_ohlc4
HOSE_NT2,NT2,2019-06-24 09:00:00,215,0,16.89,17.11,16.76,17.08,171070,2901347.2,derived_ohlc4
HOSE_NT2,NT2,2019-06-25 09:00:00,216,0,17.08,17.17,16.98,17.01,70120,1196247.2000000002,derived_ohlc4
HOSE_NT2,NT2,2019-06-26 09:00:00,217,0,16.89,17.01,16.89,16.95,158580,2685552.3000000003,derived_ohlc4
HOSE_NT2,NT2,2019-06-27 09:00:00,218,0,16.92,17.01,16.82,16.85,88530,1496157.0000000002,derived_ohlc4
HOSE_NT2,NT2,2019-06-28 09:00:00,219,0,16.95,17.01,16.79,16.82,89360,1509513.7999999998,derived_ohlc4
HOSE_NT2,NT2,2019-07-01 09:00:00,220,0,17.01,17.04,16.92,16.95,150420,2554131.6,derived_ohlc4
HOSE_NT2,NT2,2019-07-02 09:00:00,221,0,16.79,16.98,16.79,16.92,76510,1290723.6999999997,derived_ohlc4
HOSE_NT2,NT2,2019-07-03 09:00:00,222,0,16.92,16.98,16.92,16.92,79410,1344808.35,derived_ohlc4
HOSE_NT2,NT2,2019-07-04 09:00:00,223,0,16.92,17.2,16.92,17.08,150150,2557054.5,derived_ohlc4
HOSE_NT2,NT2,2019-07-05 09:00:00,224,0,17.23,17.23,17.08,17.14,70710,1214090.7000000002,derived_ohlc4
HOSE_NT2,NT2,2019-07-08 09:00:00,225,0,17.14,17.14,16.95,17.01,47570,811544.2000000001,derived_ohlc4
HOSE_NT2,NT2,2019-07-09 09:00:00,226,0,17.01,17.01,16.89,16.95,94700,1606585.5,derived_ohlc4
HOSE_NT2,NT2,2019-07-10 09:00:00,227,0,16.95,17.08,16.92,16.95,67140,1139701.5,derived_ohlc4
HOSE_NT2,NT2,2019-07-11 09:00:00,228,0,16.95,17.01,16.82,16.89,86210,1458457.675,derived_ohlc4
HOSE_NT2,NT2,2019-07-12 09:00:00,229,0,16.95,16.95,16.85,16.85,161910,2736279.0,derived_ohlc4
HOSE_NT2,NT2,2019-07-16 09:00:00,231,1,16.79,16.92,16.79,16.79,136800,2301317.9999999995,derived_ohlc4
HOSE_NT2,NT2,2019-07-17 09:00:00,232,1,16.89,16.89,16.76,16.79,83720,1409216.9000000004,derived_ohlc4
HOSE_NT2,NT2,2019-07-18 09:00:00,233,1,16.79,16.82,16.7,16.73,126550,2120978.0,derived_ohlc4
HOSE_NT2,NT2,2019-07-19 09:00:00,234,1,16.73,16.76,16.6,16.63,384590,6414961.2,derived_ohlc4
HOSE_NT2,NT2,2019-07-22 09:00:00,235,1,16.57,16.57,16.26,16.48,233380,3843768.6000000006,derived_ohlc4
HOSE_NT2,NT2,2019-07-23 09:00:00,236,1,16.38,16.7,16.38,16.38,135960,2237901.5999999996,derived_ohlc4
HOSE_NT2,NT2,2019-07-24 09:00:00,237,1,16.45,16.45,16.22,16.32,183000,2993880.0,derived_ohlc4
HOSE_NT2,NT2,2019-07-25 09:00:00,238,1,16.29,16.29,16.1,16.13,121590,1970061.975,derived_ohlc4
HOSE_NT2,NT2,2019-07-26 09:00:00,239,1,15.94,16.13,15.94,16.07,82210,1317004.2,derived_ohlc4
HOSE_NT2,NT2,2019-07-29 09:00:00,240,1,16.07,16.32,16.07,16.26,32280,522290.39999999997,derived_ohlc4
HOSE_NT2,NT2,2019-07-30 09:00:00,241,1,16.32,16.38,16.13,16.13,126050,2047051.9999999998,derived_ohlc4
HOSE_NT2,NT2,2019-07-31 09:00:00,242,1,15.94,16.13,15.94,16.07,101010,1618180.2,derived_ohlc4
HOSE_NT2,NT2,2019-08-01 09:00:00,243,1,16.19,16.19,15.94,15.94,50290,807908.8500000001,derived_ohlc4
HOSE_NT2,NT2,2019-08-02 09:00:00,244,1,15.94,15.94,15.63,15.75,257970,4079795.55,derived_ohlc4
HOSE_NT2,NT2,2019-08-05 09:00:00,245,1,15.75,15.81,15.63,15.72,180940,2845733.85,derived_ohlc4
HOSE_NT2,NT2,2019-08-06 09:00:00,246,1,14.81,15.63,14.81,15.41,230950,3502356.75,derived_ohlc4
HOSE_NT2,NT2,2019-08-08 09:00:00,248,2,15.25,15.37,15.22,15.28,273180,4174190.4,derived_ohlc4
HOSE_NT2,NT2,2019-08-09 09:00:00,249,2,15.28,15.53,15.28,15.34,250530,3847514.4749999996,derived_ohlc4
HOSE_NT2,NT2,2019-08-12 09:00:00,250,2,15.37,15.63,15.37,15.5,87950,1360366.625,derived_ohlc4
HOSE_NT2,NT2,2019-08-13 09:00:00,251,2,15.56,15.75,15.5,15.69,164970,2577656.25,derived_ohlc4
HOSE_NT2,NT2,2019-08-14 09:00:00,252,2,15.78,15.78,15.56,15.63,94220,1478076.25,derived_ohlc4
HOSE_NT2,NT2,2019-08-15 09:00:00,253,2,15.25,15.75,15.25,15.5,217060,3350863.75,derived_ohlc4
HOSE_NT2,NT2,2019-08-16 09:00:00,254,2,15.5,15.72,15.5,15.53,160330,2495135.625,derived_ohlc4
HOSE_NT2,NT2,2019-08-19 09:00:00,255,2,15.66,15.66,15.5,15.53,101360,1579949.0,derived_ohlc4
HOSE_NT2,NT2,2019-08-20 09:00:00,256,2,15.53,15.81,15.5,15.75,192910,3018559.225,derived_ohlc4
HOSE_NT2,NT2,2019-08-21 09:00:00,257,2,15.75,15.75,15.63,15.66,314670,4939532.325,derived_ohlc4
HOSE_NT2,NT2,2019-08-22 09:00:00,258,2,15.66,15.66,15.56,15.66,129810,2029579.35,derived_ohlc4
HOSE_NT2,NT2,2019-08-23 09:00:00,259,2,15.88,15.88,15.59,15.69,181640,2862646.4,derived_ohlc4
HOSE_NT2,NT2,2019-08-26 09:00:00,260,2,15.63,15.75,15.56,15.69,115380,1806562.35,derived_ohlc4
HOSE_NT2,NT2,2019-08-27 09:00:00,261,2,15.69,15.78,15.69,15.72,99460,1563511.2,derived_ohlc4
HOSE_NT2,NT2,2019-08-28 09:00:00,262,2,15.72,16.07,15.66,15.81,108570,1717034.55,derived_ohlc4
HOSE_NT2,NT2,2019-08-29 09:00:00,263,2,15.81,15.88,15.78,15.88,58040,919208.5,derived_ohlc4
HOSE_NT2,NT2,2019-08-30 09:00:00,264,2,15.94,16.07,15.94,16.07,78280,1252871.4,derived_ohlc4
HOSE_NT2,NT2,2019-09-03 09:00:00,265,2,16.13,16.26,16.0,16.0,94760,1525399.1,derived_ohlc4
HOSE_NT2,NT2,2019-09-04 09:00:00,266,2,16.13,16.13,15.81,15.81,65000,1038050.0,derived_ohlc4
HOSE_NT2,NT2,2019-09-05 09:00:00,267,2,15.81,16.13,15.78,15.94,89480,1424074.2,derived_ohlc4
HOSE_NT2,NT2,2019-09-06 09:00:00,268,2,15.94,16.04,15.85,15.88,28070,447084.925,derived_ohlc4
HOSE_NT2,NT2,2019-09-09 09:00:00,269,2,15.85,16.0,15.81,15.94,81500,1295850.0,derived_ohlc4
HOSE_NT2,NT2,2019-09-10 09:00:00,270,2,15.85,16.04,15.78,15.94,306870,4880000.175,derived_ohlc4
HOSE_NT2,NT2,2019-09-11 09:00:00,271,2,16.07,16.07,15.72,15.75,309400,4920233.5,derived_ohlc4
HOSE_NT2,NT2,2019-09-12 09:00:00,272,2,15.75,15.88,15.72,15.78,299700,4730015.25,derived_ohlc4
HOSE_NT2,NT2,2019-09-13 09:00:00,273,2,15.78,15.78,15.69,15.75,147680,2325960.0,derived_ohlc4
HOSE_NT2,NT2,2019-09-16 09:00:00,274,2,15.75,15.78,15.53,15.56,205290,3213814.95,derived_ohlc4
HOSE_NT2,NT2,2019-09-17 09:00:00,275,2,15.56,15.56,15.37,15.5,149550,2317651.125,derived_ohlc4
HOSE_NT2,NT2,2019-09-18 09:00:00,276,2,15.37,15.5,15.37,15.5,119650,1846797.7499999998,derived_ohlc4
HOSE_NT2,NT2,2019-09-19 09:00:00,277,2,15.44,15.44,15.37,15.41,205180,3162849.6999999997,derived_ohlc4
HOSE_NT2,NT2,2019-09-20 09:00:00,278,2,15.41,15.41,14.87,14.87,4619110,69933325.39999999,derived_ohlc4
HOSE_NT2,NT2,2019-09-23 09:00:00,279,2,15.37,15.37,15.06,15.09,166150,2529218.375,derived_ohlc4
HOSE_NT2,NT2,2019-09-24 09:00:00,280,2,15.09,15.28,15.09,15.12,166550,2522399.7499999995,derived_ohlc4
HOSE_NT2,NT2,2019-09-25 09:00:00,281,2,15.0,15.15,14.87,15.06,251870,3783087.4,derived_ohlc4
HOSE_NT2,NT2,2019-09-26 09:00:00,282,2,15.0,15.18,15.0,15.15,405030,6108864.975,derived_ohlc4
HOSE_NT2,NT2,2019-09-27 09:00:00,283,2,15.15,15.15,15.06,15.12,262650,3971268.0,derived_ohlc4
HOSE_NT2,NT2,2019-09-30 09:00:00,284,2,15.12,15.22,15.06,15.12,488470,7390551.1,derived_ohlc4
HOSE_NT2,NT2,2019-10-01 09:00:00,285,2,15.22,15.22,15.12,15.18,219130,3327489.0500000003,derived_ohlc4
HOSE_NT2,NT2,2019-10-02 09:00:00,286,2,15.18,15.22,15.09,15.09,464680,7037578.6,derived_ohlc4
HOSE_NT2,NT2,2019-10-03 09:00:00,287,2,15.06,15.12,15.0,15.12,113600,1712520.0,derived_ohlc4
HOSE_NT2,NT2,2019-10-04 09:00:00,288,2,15.12,15.18,14.96,14.96,341160,5136163.8,derived_ohlc4
HOSE_NT2,NT2,2019-10-07 09:00:00,289,2,14.96,15.03,14.96,15.0,66820,1001464.75,derived_ohlc4
HOSE_NT2,NT2,2019-10-08 09:00:00,290,2,15.0,15.06,14.93,15.0,107280,1608931.8,derived_ohlc4
HOSE_NT2,NT2,2019-10-09 09:00:00,291,2,14.93,15.03,14.93,15.03,114540,1715809.2,derived_ohlc4
HOSE_NT2,NT2,2019-10-10 09:00:00,292,2,15.0,15.06,14.87,14.9,139670,2089114.025,derived_ohlc4
HOSE_NT2,NT2,2019-10-11 09:00:00,293,2,15.0,15.0,14.84,14.9,169940,2538053.9,derived_ohlc4
HOSE_NT2,NT2,2019-10-14 09:00:00,294,2,14.93,14.93,14.24,14.3,938150,13696990.000000002,derived_ohlc4
HOSE_NT2,NT2,2019-10-15 09:00:00,295,2,14.3,14.52,14.3,14.49,134870,1942465.1750000003,derived_ohlc4
HOSE_NT2,NT2,2019-10-16 09:00:00,296,2,14.55,14.68,14.37,14.46,167490,2431117.35,derived_ohlc4
HOSE_NT2,NT2,2019-10-17 09:00:00,297,2,14.46,14.55,14.37,14.46,129200,1868232.0,derived_ohlc4
HOSE_NT2,NT2,2019-10-18 09:00:00,298,2,14.68,14.96,14.68,14.68,655540,9669215.0,derived_ohlc4
HOSE_NT2,NT2,2019-10-21 09:00:00,299,2,14.78,14.81,14.59,14.68,183350,2697995.25,derived_ohlc4
HOSE_NT2,NT2,2019-10-22 09:00:00,300,2,14.68,14.74,14.55,14.68,50730,743828.625,derived_ohlc4
HOSE_NT2,NT2,2019-10-23 09:00:00,301,2,14.68,14.71,14.62,14.68,116910,1715361.9749999999,derived_ohlc4
HOSE_NT2,NT2,2019-10-24 09:00:00,302,2,14.62,14.71,14.49,14.68,399310,5839908.75,derived_ohlc4
HOSE_NT2,NT2,2019-10-25 09:00:00,303,2,14.68,14.68,14.59,14.59,107610,1574872.35,derived_ohlc4
HOSE_NT2,NT2,2019-10-28 09:00:00,304,2,14.59,14.59,14.43,14.59,171450,2494597.5,derived_ohlc4
HOSE_NT2,NT2,2019-10-29 09:00:00,305,2,14.59,14.65,14.49,14.59,302570,4411470.600000001,derived_ohlc4
HOSE_NT2,NT2,2019-10-30 09:00:00,306,2,14.59,14.62,14.4,14.49,316380,4595419.5,derived_ohlc4
HOSE_NT2,NT2,2019-10-31 09:00:00,307,2,14.46,14.49,14.43,14.49,70370,1018077.9750000001,derived_ohlc4
HOSE_NT2,NT2,2019-11-01 09:00:00,308,2,14.52,14.55,14.46,14.55,69970,1015964.4,derived_ohlc4
HOSE_NT2,NT2,2019-11-04 09:00:00,309,2,14.52,14.55,14.46,14.49,222330,3224896.6500000004,derived_ohlc4
HOSE_NT2,NT2,2019-11-05 09:00:00,310,2,14.46,14.59,14.37,14.59,294940,4277367.350000001,derived_ohlc4
HOSE_NT2,NT2,2019-11-06 09:00:00,311,2,14.49,14.59,14.43,14.46,146270,2119817.975,derived_ohlc4
HOSE_NT2,NT2,2019-11-07 09:00:00,312,2,14.46,14.49,14.43,14.49,110210,1594463.175,derived_ohlc4
HOSE_NT2,NT2,2019-11-08 09:00:00,313,2,14.49,14.49,14.43,14.49,129910,1880447.25,derived_ohlc4
HOSE_NT2,NT2,2019-11-11 09:00:00,314,2,14.49,14.59,14.46,14.49,190960,2770352.2,derived_ohlc4
HOSE_NT2,NT2,2019-11-12 09:00:00,315,2,14.49,14.68,14.49,14.65,151870,2213884.9250000003,derived_ohlc4
HOSE_NT2,NT2,2019-11-13 09:00:00,316,2,14.65,15.03,14.65,14.68,388630,5733264.075,derived_ohlc4
HOSE_NT2,NT2,2019-11-14 09:00:00,317,2,14.74,14.74,14.65,14.71,111780,1644283.8,derived_ohlc4
HOSE_NT2,NT2,2019-11-15 09:00:00,318,2,14.74,14.74,14.65,14.65,112370,1651277.1500000001,derived_ohlc4
HOSE_NT2,NT2,2019-11-18 09:00:00,319,2,14.68,14.71,14.43,14.62,414760,6059643.6,derived_ohlc4
HOSE_NT2,NT2,2019-11-19 09:00:00,320,2,14.62,14.62,14.46,14.49,160660,2337201.35,derived_ohlc4
HOSE_NT2,NT2,2019-11-20 09:00:00,321,2,14.49,14.49,14.4,14.49,158380,2291362.6500000004,derived_ohlc4
HOSE_NT2,NT2,2019-11-21 09:00:00,322,2,14.49,14.49,14.27,14.3,1057190,15210321.125,derived_ohlc4
HOSE_NT2,NT2,2019-11-22 09:00:00,323,2,14.43,14.43,14.27,14.33,252530,3627593.4499999997,derived_ohlc4
HOSE_NT2,NT2,2019-11-25 09:00:00,324,2,14.43,14.43,14.3,14.37,274600,3949434.4999999995,derived_ohlc4
HOSE_NT2,NT2,2019-11-26 09:00:00,325,2,14.4,14.65,14.37,14.37,203930,2946278.675,derived_ohlc4
HOSE_NT2,NT2,2019-11-27 09:00:00,326,2,14.43,14.43,14.27,14.27,182060,2612560.9999999995,derived_ohlc4
HOSE_NT2,NT2,2019-11-28 09:00:00,327,2,14.27,14.33,14.15,14.33,513680,7330213.6,derived_ohlc4
HOSE_NT2,NT2,2019-11-29 09:00:00,328,2,14.33,14.33,14.21,14.24,218070,3113494.4250000003,derived_ohlc4
HOSE_NT2,NT2,2019-12-02 09:00:00,329,2,14.24,14.24,14.08,14.18,112400,1594394.0,derived_ohlc4
HOSE_NT2,NT2,2019-12-03 09:00:00,330,2,14.11,14.37,13.99,14.21,529280,7499897.6,derived_ohlc4
HOSE_NT2,NT2,2019-12-04 09:00:00,331,2,14.21,14.4,14.11,14.21,960420,13669177.65,derived_ohlc4
HOSE_NT2,NT2,2019-12-05 09:00:00,332,2,14.27,14.33,14.15,14.21,548210,7806510.4,derived_ohlc4
HOSE_NT2,NT2,2019-12-06 09:00:00,333,2,14.18,14.21,14.15,14.18,118510,1680471.8,derived_ohlc4
HOSE_NT2,NT2,2019-12-09 09:00:00,334,2,14.18,14.27,14.18,14.24,322590,4586423.325,derived_ohlc4
HOSE_NT2,NT2,2019-12-10 09:00:00,335,2,14.24,14.3,14.18,14.18,266160,3786126.0,derived_ohlc4
HOSE_NT2,NT2,2019-12-11 09:00:00,336,2,14.24,14.24,14.15,14.18,79030,1122423.575,derived_ohlc4
HOSE_NT2,NT2,2019-12-12 09:00:00,337,2,14.15,14.18,14.08,14.11,286070,4042169.0999999996,derived_ohlc4
HOSE_NT2,NT2,2019-12-13 09:00:00,338,2,14.18,14.18,14.08,14.11,113760,1608282.0,derived_ohlc4
HOSE_NT2,NT2,2019-12-16 09:00:00,339,2,14.15,14.15,14.08,14.11,109450,1545707.625,derived_ohlc4
HOSE_NT2,NT2,2019-12-17 09:00:00,340,2,14.15,14.21,14.08,14.15,195780,2769797.55,derived_ohlc4
HOSE_NT2,NT2,2019-12-18 09:00:00,341,2,14.15,14.18,13.99,13.99,371130,5224582.575,derived_ohlc4
HOSE_NT2,NT2,2019-12-19 09:00:00,342,2,13.99,14.08,13.96,14.05,166550,2335031.0,derived_ohlc4
HOSE_NT2,NT2,2019-12-20 09:00:00,343,2,14.05,14.05,13.83,13.83,230130,3208012.1999999997,derived_ohlc4
HOSE_NT2,NT2,2019-12-23 09:00:00,344,2,13.86,13.99,13.83,13.86,128540,1784777.9,derived_ohlc4
HOSE_NT2,NT2,2019-12-24 09:00:00,345,2,13.86,13.86,13.58,13.61,193480,2655996.6999999997,derived_ohlc4
HOSE_NT2,NT2,2019-12-25 09:00:00,346,2,13.7,13.7,13.61,13.64,97420,1331000.75,derived_ohlc4
HOSE_NT2,NT2,2019-12-26 09:00:00,347,2,13.64,13.67,13.58,13.67,33530,457349.2,derived_ohlc4
HOSE_NT2,NT2,2019-12-27 09:00:00,348,2,13.67,13.7,13.61,13.67,108730,1485523.625,derived_ohlc4
HOSE_NT2,NT2,2019-12-30 09:00:00,349,2,13.8,14.11,13.67,13.67,420680,5810642.5,derived_ohlc4
HOSE_NT2,NT2,2019-12-31 09:00:00,350,2,13.86,13.86,13.55,13.64,269690,3702169.4749999996,derived_ohlc4
HOSE_NT2,NT2,2020-01-02 09:00:00,351,2,13.67,13.74,13.61,13.7,210040,2873347.1999999997,derived_ohlc4
HOSE_NT2,NT2,2020-01-03 09:00:00,352,2,13.64,13.67,13.52,13.52,436480,5930671.999999999,derived_ohlc4
HOSE_NT2,NT2,2020-01-06 09:00:00,353,2,13.52,13.52,13.42,13.48,93880,1265971.8,derived_ohlc4
HOSE_NT2,NT2,2020-01-07 09:00:00,354,2,13.52,13.55,13.39,13.48,167360,2256849.6,derived_ohlc4
HOSE_NT2,NT2,2020-01-08 09:00:00,355,2,13.42,13.42,12.92,12.92,547580,7211628.6,derived_ohlc4
HOSE_NT2,NT2,2020-01-09 09:00:00,356,2,13.12,13.18,12.98,13.12,185180,2425858.0,derived_ohlc4
HOSE_NT2,NT2,2020-01-10 09:00:00,357,2,13.12,13.12,12.59,12.59,226740,2914742.7,derived_ohlc4
HOSE_NT2,NT2,2020-01-13 09:00:00,358,2,12.59,12.62,12.12,12.19,272090,3368474.1999999997,derived_ohlc4
HOSE_NT2,NT2,2020-01-14 09:00:00,359,2,12.19,12.45,12.12,12.25,102600,1257106.5,derived_ohlc4
HOSE_NT2,NT2,2020-01-15 09:00:00,360,2,12.25,12.52,12.25,12.35,137510,1697217.1749999998,derived_ohlc4
HOSE_NT2,NT2,2020-01-16 09:00:00,361,2,12.45,12.45,12.25,12.35,138410,1712823.75,derived_ohlc4
HOSE_NT2,NT2,2020-01-17 09:00:00,362,2,12.32,12.35,12.12,12.12,223890,2737614.9749999996,derived_ohlc4
HOSE_NT2,NT2,2020-01-20 09:00:00,363,2,12.12,12.25,12.12,12.19,123860,1507376.1999999997,derived_ohlc4
HOSE_NT2,NT2,2020-01-21 09:00:00,364,2,12.32,12.42,12.19,12.42,107650,1328131.875,derived_ohlc4
HOSE_NT2,NT2,2020-01-22 09:00:00,365,2,12.42,12.72,12.39,12.62,126800,1589755.0,derived_ohlc4
HOSE_NT2,NT2,2020-01-30 09:00:00,366,2,12.59,13.12,12.59,13.12,486140,6249329.699999999,derived_ohlc4
HOSE_NT2,NT2,2020-01-31 09:00:00,367,2,13.12,13.21,12.68,12.75,174620,2259582.8,derived_ohlc4
HOSE_NT2,NT2,2020-02-03 09:00:00,368,2,12.59,12.59,11.92,12.39,393950,4874146.375,derived_ohlc4
HOSE_NT2,NT2,2020-02-04 09:00:00,369,2,12.88,12.88,12.39,12.59,183600,2328966.0000000005,derived_ohlc4
HOSE_NT2,NT2,2020-02-05 09:00:00,370,2,12.59,12.82,12.59,12.75,213610,2710176.875,derived_ohlc4
HOSE_NT2,NT2,2020-02-06 09:00:00,371,2,12.85,13.31,12.82,13.31,355150,4642698.375000001,derived_ohlc4
HOSE_NT2,NT2,2020-02-07 09:00:00,372,2,13.25,13.71,13.25,13.61,289610,3896702.55,derived_ohlc4
HOSE_NT2,NT2,2020-02-10 09:00:00,373,2,13.61,13.61,13.28,13.51,147400,1990268.5,derived_ohlc4
HOSE_NT2,NT2,2020-02-11 09:00:00,374,2,13.61,13.91,13.51,13.84,131460,1803302.55,derived_ohlc4
HOSE_NT2,NT2,2020-02-12 09:00:00,375,2,13.91,14.18,13.81,14.04,467170,6533372.45,derived_ohlc4
HOSE_NT2,NT2,2020-02-13 09:00:00,376,2,14.04,14.08,13.84,13.94,157210,2197009.7499999995,derived_ohlc4
HOSE_NT2,NT2,2020-02-14 09:00:00,377,2,13.94,13.94,13.58,13.91,225660,3123698.5500000003,derived_ohlc4
HOSE_NT2,NT2,2020-02-17 09:00:00,378,2,13.91,13.91,13.65,13.65,174670,2406952.6,derived_ohlc4
HOSE_NT2,NT2,2020-02-18 09:00:00,379,2,13.65,13.71,13.38,13.48,273990,3713934.4499999997,derived_ohlc4
HOSE_NT2,NT2,2020-02-19 09:00:00,380,2,13.35,13.55,13.35,13.35,146890,1968326.0,derived_ohlc4
HOSE_NT2,NT2,2020-02-20 09:00:00,381,2,13.38,13.55,13.35,13.51,144240,1939667.4,derived_ohlc4
HOSE_NT2,NT2,2020-02-21 09:00:00,382,2,13.58,13.58,13.45,13.45,196030,2649345.45,derived_ohlc4
HOSE_NT2,NT2,2020-02-24 09:00:00,383,2,13.15,13.18,12.72,12.85,456290,5920362.75,derived_ohlc4
HOSE_NT2,NT2,2020-02-25 09:00:00,384,2,12.78,12.92,12.59,12.88,613970,7854211.225000001,derived_ohlc4
HOSE_NT2,NT2,2020-02-26 09:00:00,385,2,12.88,13.12,12.85,13.08,148650,1929848.625,derived_ohlc4
HOSE_NT2,NT2,2020-02-27 09:00:00,386,2,13.08,13.35,13.05,13.21,104660,1378633.85,derived_ohlc4
HOSE_NT2,NT2,2020-02-28 09:00:00,387,2,13.18,13.18,12.88,13.05,216630,2831895.6750000003,derived_ohlc4
HOSE_NT2,NT2,2020-03-02 09:00:00,388,2,13.05,13.21,13.05,13.08,97490,1276875.275,derived_ohlc4
HOSE_NT2,NT2,2020-03-03 09:00:00,389,2,13.08,13.31,13.08,13.18,181630,2390704.875,derived_ohlc4
HOSE_NT2,NT2,2020-03-04 09:00:00,390,2,12.98,13.21,12.98,13.21,71920,941792.4,derived_ohlc4
HOSE_NT2,NT2,2020-03-05 09:00:00,391,2,13.25,13.28,13.12,13.18,192150,2537821.125,derived_ohlc4
HOSE_NT2,NT2,2020-03-06 09:00:00,392,2,13.05,13.18,13.05,13.18,69810,915558.15,derived_ohlc4
HOSE_NT2,NT2,2020-03-09 09:00:00,393,2,12.88,12.88,12.35,12.52,495860,6276347.949999999,derived_ohlc4
HOSE_NT2,NT2,2020-03-10 09:00:00,394,2,12.45,12.92,12.32,12.85,139420,1761571.7,derived_ohlc4
HOSE_NT2,NT2,2020-03-11 09:00:00,395,2,12.92,13.18,12.45,12.72,217550,2788447.125,derived_ohlc4
HOSE_NT2,NT2,2020-03-12 09:00:00,396,2,12.09,12.72,11.89,11.96,373010,4537666.65,derived_ohlc4
HOSE_NT2,NT2,2020-03-13 09:00:00,397,2,11.59,11.92,11.13,11.59,1023590,11830141.425,derived_ohlc4
HOSE_NT2,NT2,2020-03-16 09:00:00,398,2,11.82,11.82,11.13,11.13,579440,6649074.000000001,derived_ohlc4
HOSE_NT2,NT2,2020-03-17 09:00:00,399,2,10.8,11.26,10.8,11.23,790680,8715270.3,derived_ohlc4
HOSE_NT2,NT2,2020-03-18 09:00:00,400,2,11.29,11.59,11.29,11.29,240330,2731350.45,derived_ohlc4
HOSE_NT2,NT2,2020-03-19 09:00:00,401,2,11.26,11.92,11.19,11.82,261650,3021403.375,derived_ohlc4
HOSE_NT2,NT2,2020-03-20 09:00:00,402,2,11.82,11.92,11.29,11.59,295750,3446966.2500000005,derived_ohlc4
HOSE_NT2,NT2,2020-03-23 09:00:00,403,2,11.59,11.59,10.83,10.83,519200,5820231.999999999,derived_ohlc4
HOSE_NT2,NT2,2020-03-24 09:00:00,404,2,10.9,11.06,10.83,10.9,368930,4029637.925,derived_ohlc4
HOSE_NT2,NT2,2020-03-25 09:00:00,405,2,11.13,11.26,11.0,11.13,297110,3306834.3000000003,derived_ohlc4
HOSE_NT2,NT2,2020-03-26 09:00:00,406,2,11.19,11.19,10.93,11.03,347300,3849820.5000000005,derived_ohlc4
HOSE_NT2,NT2,2020-03-27 09:00:00,407,2,11.16,11.16,10.86,11.06,258190,2855581.4,derived_ohlc4
HOSE_NT2,NT2,2020-03-30 09:00:00,408,2,10.86,11.03,10.6,11.0,318450,3462347.625,derived_ohlc4
HOSE_NT2,NT2,2020-03-31 09:00:00,409,2,11.0,11.23,10.6,10.76,431170,4698675.074999999,derived_ohlc4
HOSE_NT2,NT2,2020-04-01 09:00:00,410,2,10.76,11.03,10.76,10.93,153810,1671914.7,derived_ohlc4
HOSE_NT2,NT2,2020-04-03 09:00:00,411,2,11.0,11.43,11.0,11.29,339940,3800529.1999999997,derived_ohlc4
HOSE_NT2,NT2,2020-04-06 09:00:00,412,2,11.36,11.99,11.36,11.99,598430,6986670.25,derived_ohlc4
HOSE_NT2,NT2,2020-04-07 09:00:00,413,2,12.06,12.22,11.79,12.19,605420,7304392.3,derived_ohlc4
HOSE_NT2,NT2,2020-04-08 09:00:00,414,2,11.92,12.25,11.86,12.19,417770,5036217.35,derived_ohlc4
HOSE_NT2,NT2,2020-04-09 09:00:00,415,2,12.25,12.52,12.19,12.25,561590,6908960.975000001,derived_ohlc4
HOSE_NT2,NT2,2020-04-10 09:00:00,416,2,12.29,12.32,12.06,12.19,282990,3456722.85,derived_ohlc4
HOSE_NT2,NT2,2020-04-13 09:00:00,417,2,12.19,12.25,11.92,12.12,491220,5953586.399999999,derived_ohlc4
HOSE_NT2,NT2,2020-04-14 09:00:00,418,2,12.12,12.22,12.06,12.19,489500,5946201.25,derived_ohlc4
HOSE_NT2,NT2,2020-04-15 09:00:00,419,2,12.25,12.52,12.15,12.32,861000,10598910.0,derived_ohlc4
HOSE_NT2,NT2,2020-04-16 09:00:00,420,2,12.32,12.85,12.25,12.59,496470,6207116.175000001,derived_ohlc4
HOSE_NT2,NT2,2020-04-17 09:00:00,421,2,12.75,12.78,12.39,12.52,783780,9883465.799999999,derived_ohlc4
HOSE_NT2,NT2,2020-04-20 09:00:00,422,2,12.52,12.82,12.42,12.72,784460,9899885.2,derived_ohlc4
HOSE_NT2,NT2,2020-04-21 09:00:00,423,2,12.72,13.48,12.39,12.95,1029750,13268328.750000002,derived_ohlc4
HOSE_NT2,NT2,2020-04-22 09:00:00,424,2,12.95,13.41,12.78,13.18,377270,4934691.6,derived_ohlc4
HOSE_NT2,NT2,2020-04-23 09:00:00,425,2,13.45,13.45,13.05,13.08,287010,3805035.075,derived_ohlc4
HOSE_NT2,NT2,2020-04-24 09:00:00,426,2,13.08,13.78,12.95,13.68,724290,9685568.025,derived_ohlc4
HOSE_NT2,NT2,2020-04-27 09:00:00,427,2,13.94,13.94,13.48,13.51,579440,7948468.199999999,derived_ohlc4
HOSE_NT2,NT2,2020-04-28 09:00:00,428,2,13.51,13.58,13.38,13.58,277810,3753907.625,derived_ohlc4
HOSE_NT2,NT2,2020-04-29 09:00:00,429,2,13.61,13.88,13.58,13.61,338950,4633446.5,derived_ohlc4
HOSE_NT2,NT2,2020-05-04 09:00:00,430,2,13.41,13.55,13.28,13.28,235860,3155806.8000000003,derived_ohlc4
HOSE_NT2,NT2,2020-05-05 09:00:00,431,2,13.25,13.31,13.21,13.21,244520,3238667.4000000004,derived_ohlc4
HOSE_NT2,NT2,2020-05-06 09:00:00,432,2,13.25,13.55,13.25,13.38,246670,3294894.525,derived_ohlc4
HOSE_NT2,NT2,2020-05-07 09:00:00,433,2,13.51,13.58,13.28,13.35,245900,3302437.0,derived_ohlc4
HOSE_NT2,NT2,2020-05-08 09:00:00,434,2,13.38,13.41,13.18,13.28,681200,9068475.0,derived_ohlc4
HOSE_NT2,NT2,2020-05-11 09:00:00,435,2,13.31,13.41,13.28,13.31,390310,5201856.525,derived_ohlc4
HOSE_NT2,NT2,2020-05-12 09:00:00,436,2,13.31,13.88,13.28,13.84,747160,10144564.9,derived_ohlc4
HOSE_NT2,NT2,2020-05-13 09:00:00,437,2,13.78,14.21,13.65,14.14,734180,10238140.1,derived_ohlc4
HOSE_NT2,NT2,2020-05-14 09:00:00,438,2,14.14,14.18,13.98,13.98,297450,4185121.5,derived_ohlc4
HOSE_NT2,NT2,2020-05-15 09:00:00,439,2,13.91,13.98,13.55,13.58,577160,7938835.8,derived_ohlc4
HOSE_NT2,NT2,2020-05-18 09:00:00,440,2,13.84,13.84,13.41,13.45,661280,9016552.8,derived_ohlc4
HOSE_NT2,NT2,2020-05-19 09:00:00,441,2,13.65,13.71,13.48,13.51,392310,5330512.125,derived_ohlc4
HOSE_NT2,NT2,2020-05-20 09:00:00,442,2,13.48,13.84,13.48,13.78,464340,6335919.3,derived_ohlc4
HOSE_NT2,NT2,2020-05-21 09:00:00,443,2,13.91,13.91,13.65,13.65,178020,2453115.6,derived_ohlc4
HOSE_NT2,NT2,2020-05-22 09:00:00,444,2,13.71,13.71,13.55,13.58,197220,2689587.75,derived_ohlc4
HOSE_NT2,NT2,2020-05-25 09:00:00,445,2,13.58,13.98,13.51,13.91,564010,7752317.45,derived_ohlc4
HOSE_NT2,NT2,2020-05-26 09:00:00,446,2,13.98,14.21,13.98,14.18,508580,7164620.75,derived_ohlc4
HOSE_NT2,NT2,2020-05-27 09:00:00,447,2,14.24,14.41,14.18,14.21,615950,8783447.0,derived_ohlc4
HOSE_NT2,NT2,2020-05-28 09:00:00,448,2,14.11,14.18,13.91,14.01,218170,3065833.925,derived_ohlc4
HOSE_NT2,NT2,2020-05-29 09:00:00,449,2,13.94,14.01,13.84,13.98,320120,4463273.1,derived_ohlc4
HOSE_NT2,NT2,2020-06-01 09:00:00,450,2,13.98,14.21,13.91,14.18,334020,4699661.4,derived_ohlc4
HOSE_NT2,NT2,2020-06-02 09:00:00,451,2,14.18,14.37,14.04,14.04,269520,3815729.4,derived_ohlc4
HOSE_NT2,NT2,2020-06-03 09:00:00,452,2,14.08,14.18,13.98,14.04,125710,1768739.6999999997,derived_ohlc4
HOSE_NT2,NT2,2020-06-04 09:00:00,453,2,14.04,14.18,13.98,13.98,291600,4095522.0000000005,derived_ohlc4
HOSE_NT2,NT2,2020-06-05 09:00:00,454,2,13.98,14.14,13.98,14.14,145940,2051916.4000000001,derived_ohlc4
HOSE_NT2,NT2,2020-06-08 09:00:00,455,2,14.37,14.44,14.24,14.27,506720,7261297.599999999,derived_ohlc4
HOSE_NT2,NT2,2020-06-09 09:00:00,456,2,14.31,14.51,14.21,14.41,347460,4989525.6,derived_ohlc4
HOSE_NT2,NT2,2020-06-10 09:00:00,457,2,14.24,14.37,14.14,14.27,216230,3082358.65,derived_ohlc4
HOSE_NT2,NT2,2020-06-11 09:00:00,458,2,14.18,14.34,13.58,13.58,511470,7119662.4,derived_ohlc4
HOSE_NT2,NT2,2020-06-12 09:00:00,459,2,13.25,13.78,13.25,13.68,370940,5003980.6,derived_ohlc4
HOSE_NT2,NT2,2020-06-15 09:00:00,460,2,13.71,13.74,13.25,13.25,647110,8727896.125,derived_ohlc4
HOSE_NT2,NT2,2020-06-16 09:00:00,461,2,13.58,13.58,13.31,13.45,306060,4125688.8000000003,derived_ohlc4
HOSE_NT2,NT2,2020-06-17 09:00:00,462,2,13.55,14.24,13.45,14.14,414610,5740275.449999999,derived_ohlc4
HOSE_NT2,NT2,2020-06-18 09:00:00,463,2,13.98,14.18,13.84,14.14,350000,4912250.0,derived_ohlc4
HOSE_NT2,NT2,2020-06-19 09:00:00,464,2,14.14,14.14,13.94,14.08,435120,6124314.0,derived_ohlc4
HOSE_NT2,NT2,2020-06-22 09:00:00,465,2,14.11,14.8,13.91,14.8,721260,10389750.3,derived_ohlc4
HOSE_NT2,NT2,2020-06-23 09:00:00,466,2,14.8,14.87,14.51,14.54,507350,7447898.0,derived_ohlc4
HOSE_NT2,NT2,2020-06-24 09:00:00,467,2,14.47,14.64,14.21,14.27,168340,2423675.1500000004,derived_ohlc4
HOSE_NT2,NT2,2020-06-25 09:00:00,468,2,14.04,14.41,14.04,14.34,311240,4421942.3,derived_ohlc4
HOSE_NT2,NT2,2020-06-26 09:00:00,469,2,14.47,14.71,14.24,14.51,307500,4453368.75,derived_ohlc4
HOSE_NT2,NT2,2020-06-29 09:00:00,470,2,14.51,14.51,13.71,14.14,263610,3747875.1750000003,derived_ohlc4
HOSE_NT2,NT2,2020-06-30 09:00:00,471,2,14.24,14.24,13.91,13.98,189590,2671797.075,derived_ohlc4
HOSE_NT2,NT2,2020-07-01 09:00:00,472,2,13.98,14.44,13.91,14.44,266490,3782159.3249999997,derived_ohlc4
HOSE_NT2,NT2,2020-07-02 09:00:00,473,2,14.27,14.44,14.24,14.41,163850,2349609.0,derived_ohlc4
HOSE_NT2,NT2,2020-07-03 09:00:00,474,2,14.37,14.8,14.37,14.61,273440,3975134.0,derived_ohlc4
HOSE_NT2,NT2,2020-07-06 09:00:00,475,2,14.61,14.84,14.51,14.84,355410,5224527.0,derived_ohlc4
HOSE_NT2,NT2,2020-07-07 09:00:00,476,2,14.84,14.84,14.64,14.8,394580,5831892.4,derived_ohlc4
HOSE_NT2,NT2,2020-07-08 09:00:00,477,2,14.71,14.84,14.57,14.84,175840,2591881.6000000006,derived_ohlc4
HOSE_NT2,NT2,2020-07-09 09:00:00,478,2,14.84,14.84,14.74,14.8,135120,2000451.5999999999,derived_ohlc4
HOSE_NT2,NT2,2020-07-10 09:00:00,479,2,14.8,14.8,14.61,14.71,189580,2792513.4,derived_ohlc4
HOSE_NT2,NT2,2020-07-13 09:00:00,480,2,14.71,14.8,14.64,14.74,266290,3920454.5250000004,derived_ohlc4
HOSE_NT2,NT2,2020-07-14 09:00:00,481,2,15.17,15.5,14.9,15.3,842990,12828200.325000001,derived_ohlc4
HOSE_NT2,NT2,2020-07-15 09:00:00,482,2,15.47,15.47,15.17,15.2,276300,4234988.25,derived_ohlc4
HOSE_NT2,NT2,2020-07-16 09:00:00,483,2,15.23,15.3,15.23,15.23,183260,2794256.8500000006,derived_ohlc4
HOSE_NT2,NT2,2020-07-17 09:00:00,484,2,15.23,15.57,15.1,15.53,528230,8112292.225,derived_ohlc4
HOSE_NT2,NT2,2020-07-20 09:00:00,485,2,15.86,15.86,15.5,15.6,358100,5623960.5,derived_ohlc4
HOSE_NT2,NT2,2020-07-21 09:00:00,486,2,15.63,15.67,15.27,15.37,350980,5434925.3,derived_ohlc4
HOSE_NT2,NT2,2020-07-22 09:00:00,487,2,15.43,15.5,15.23,15.3,369060,5670606.899999999,derived_ohlc4
HOSE_NT2,NT2,2020-07-23 09:00:00,488,2,15.66,15.73,15.34,15.37,305480,4742577.0,derived_ohlc4
HOSE_NT2,NT2,2020-07-24 09:00:00,489,2,15.02,15.3,14.45,14.88,559390,8341903.375,derived_ohlc4
HOSE_NT2,NT2,2020-07-27 09:00:00,490,2,14.1,14.73,13.96,14.31,514600,7345915.0,derived_ohlc4
HOSE_NT2,NT2,2020-07-28 09:00:00,491,2,14.17,14.88,14.17,14.84,246620,3579689.3000000003,derived_ohlc4
HOSE_NT2,NT2,2020-07-29 09:00:00,492,2,14.73,14.73,14.17,14.52,488960,7108256.000000001,derived_ohlc4
HOSE_NT2,NT2,2020-07-30 09:00:00,493,2,14.73,14.73,14.45,14.52,88840,1297730.2999999998,derived_ohlc4
HOSE_NT2,NT2,2020-07-31 09:00:00,494,2,14.17,14.59,14.17,14.42,103520,1484218.0,derived_ohlc4
HOSE_NT2,NT2,2020-08-03 09:00:00,495,2,14.2,14.63,14.2,14.56,300190,4321985.525,derived_ohlc4
HOSE_NT2,NT2,2020-08-04 09:00:00,496,2,14.81,14.88,14.59,14.88,383310,5669154.9,derived_ohlc4
HOSE_NT2,NT2,2020-08-05 09:00:00,497,2,14.84,15.48,14.81,15.34,432950,6545121.625,derived_ohlc4
HOSE_NT2,NT2,2020-08-06 09:00:00,498,2,15.34,15.41,15.12,15.41,524150,8029978.0,derived_ohlc4
HOSE_NT2,NT2,2020-08-07 09:00:00,499,2,15.3,15.48,15.27,15.48,529510,8145187.575,derived_ohlc4
HOSE_NT2,NT2,2020-08-10 09:00:00,500,2,15.73,15.73,15.44,15.44,248500,3872872.5,derived_ohlc4
HOSE_NT2,NT2,2020-08-11 09:00:00,501,2,15.51,15.51,15.16,15.3,354300,5445591.0,derived_ohlc4
HOSE_NT2,NT2,2020-08-12 09:00:00,502,2,15.3,15.34,15.16,15.3,190740,2913553.4999999995,derived_ohlc4
HOSE_NT2,NT2,2020-08-13 09:00:00,503,2,15.34,15.58,15.3,15.55,282700,4365594.75,derived_ohlc4
HOSE_NT2,NT2,2020-08-14 09:00:00,504,2,15.51,15.51,15.3,15.37,138720,2139409.1999999997,derived_ohlc4
HOSE_NT2,NT2,2020-08-17 09:00:00,505,2,15.34,15.44,15.27,15.37,105170,1614885.3499999999,derived_ohlc4
HOSE_NT2,NT2,2020-08-18 09:00:00,506,2,15.37,15.41,15.34,15.41,149280,2296299.6,derived_ohlc4
HOSE_NT2,NT2,2020-08-19 09:00:00,507,2,15.3,15.51,15.3,15.51,186190,2868256.9499999997,derived_ohlc4
HOSE_NT2,NT2,2020-08-20 09:00:00,508,2,15.55,15.58,15.48,15.55,171130,2659360.1999999997,derived_ohlc4
HOSE_NT2,NT2,2020-08-21 09:00:00,509,2,15.51,16.08,15.48,16.05,751450,11857880.999999998,derived_ohlc4
HOSE_NT2,NT2,2020-08-24 09:00:00,510,2,16.15,16.22,15.94,16.15,233190,3757856.8499999996,derived_ohlc4
HOSE_NT2,NT2,2020-08-25 09:00:00,511,2,16.15,16.19,15.94,16.01,205600,3304506.0000000005,derived_ohlc4
HOSE_NT2,NT2,2020-08-26 09:00:00,512,2,15.9,16.15,15.87,16.15,366610,5872175.675,derived_ohlc4
HOSE_NT2,NT2,2020-08-27 09:00:00,513,2,16.19,16.19,16.01,16.19,177290,2862347.05,derived_ohlc4
HOSE_NT2,NT2,2020-08-28 09:00:00,514,2,16.29,16.58,16.22,16.22,263980,4310133.45,derived_ohlc4
HOSE_NT2,NT2,2020-08-31 09:00:00,515,2,16.22,16.22,15.94,16.05,217370,3501287.2749999994,derived_ohlc4
HOSE_NT2,NT2,2020-09-01 09:00:00,516,2,15.94,16.19,15.87,16.15,179240,2874561.5000000005,derived_ohlc4
HOSE_NT2,NT2,2020-09-03 09:00:00,517,2,16.22,16.29,16.05,16.29,195400,3167922.4999999995,derived_ohlc4
HOSE_NT2,NT2,2020-09-04 09:00:00,518,2,16.01,16.26,16.01,16.26,252500,4074087.5000000005,derived_ohlc4
HOSE_NT2,NT2,2020-09-07 09:00:00,519,2,16.29,16.29,16.05,16.12,114380,1851526.25,derived_ohlc4
HOSE_NT2,NT2,2020-09-08 09:00:00,520,2,16.08,16.19,16.05,16.19,160010,2580561.2749999994,derived_ohlc4
HOSE_NT2,NT2,2020-09-09 09:00:00,521,2,16.19,16.26,16.12,16.22,120010,1943861.975,derived_ohlc4
HOSE_NT2,NT2,2020-09-10 09:00:00,522,2,16.29,16.61,16.22,16.54,292120,4795149.8,derived_ohlc4
HOSE_NT2,NT2,2020-09-11 09:00:00,523,2,16.58,16.82,16.4,16.82,599310,9981508.05,derived_ohlc4
HOSE_NT2,NT2,2020-09-14 09:00:00,524,2,16.79,17.14,16.79,17.14,708330,12016818.45,derived_ohlc4
HOSE_NT2,NT2,2020-09-15 09:00:00,525,2,17.25,17.28,16.86,16.97,637930,10902223.7,derived_ohlc4
HOSE_NT2,NT2,2020-09-16 09:00:00,526,2,16.97,16.97,16.82,16.86,119130,2013892.6500000001,derived_ohlc4
HOSE_NT2,NT2,2020-09-17 09:00:00,527,2,16.86,17.0,16.75,16.9,406430,6859522.324999999,derived_ohlc4
HOSE_NT2,NT2,2020-09-18 09:00:00,528,2,16.9,16.93,16.61,16.65,277740,4658394.15,derived_ohlc4
HOSE_NT2,NT2,2020-09-21 09:00:00,529,2,16.58,16.72,16.58,16.65,121060,2013530.45,derived_ohlc4
HOSE_NT2,NT2,2020-09-22 09:00:00,530,2,16.65,16.79,16.58,16.72,165770,2765872.4499999997,derived_ohlc4
HOSE_NT2,NT2,2020-09-23 09:00:00,531,2,16.72,16.82,16.72,16.79,115970,1943947.125,derived_ohlc4
HOSE_NT2,NT2,2020-09-24 09:00:00,532,2,16.82,16.86,16.68,16.68,82380,1380688.7999999998,derived_ohlc4
HOSE_NT2,NT2,2020-09-25 09:00:00,533,2,16.68,16.79,16.54,16.72,76390,1274376.1749999998,derived_ohlc4
HOSE_NT2,NT2,2020-09-28 09:00:00,534,2,16.72,16.79,16.61,16.65,182870,3052557.4749999996,derived_ohlc4
HOSE_NT2,NT2,2020-09-29 09:00:00,535,2,16.65,16.65,16.43,16.43,234050,3871187.0,derived_ohlc4
HOSE_NT2,NT2,2020-09-30 09:00:00,536,2,16.43,16.47,16.29,16.29,129100,2113366.9999999995,derived_ohlc4
HOSE_NT2,NT2,2020-10-01 09:00:00,537,2,16.43,16.51,16.4,16.51,142240,2341626.0,derived_ohlc4
HOSE_NT2,NT2,2020-10-02 09:00:00,538,2,16.43,16.65,16.29,16.43,169460,2787617.0,derived_ohlc4
HOSE_NT2,NT2,2020-10-05 09:00:00,539,2,16.43,16.65,16.4,16.65,192520,3182836.9,derived_ohlc4
HOSE_NT2,NT2,2020-10-06 09:00:00,540,2,16.75,16.86,16.61,16.68,272190,4552377.75,derived_ohlc4
HOSE_NT2,NT2,2020-10-07 09:00:00,541,2,16.72,16.79,16.68,16.75,201570,3373273.9499999997,derived_ohlc4
HOSE_NT2,NT2,2020-10-08 09:00:00,542,2,16.65,16.75,16.54,16.72,182920,3048361.8,derived_ohlc4
HOSE_NT2,NT2,2020-10-09 09:00:00,543,2,16.72,16.75,16.58,16.72,104100,1737689.25,derived_ohlc4
HOSE_NT2,NT2,2020-10-12 09:00:00,544,2,16.58,16.72,16.43,16.43,234810,3883757.4,derived_ohlc4
HOSE_NT2,NT2,2020-10-13 09:00:00,545,2,16.43,16.58,16.43,16.51,204670,3374496.625,derived_ohlc4
HOSE_NT2,NT2,2020-10-14 09:00:00,546,2,16.47,16.51,16.29,16.43,311570,5117537.25,derived_ohlc4
HOSE_NT2,NT2,2020-10-15 09:00:00,547,2,16.43,16.58,16.29,16.36,112670,1849478.0499999998,derived_ohlc4
HOSE_NT2,NT2,2020-10-16 09:00:00,548,2,16.43,16.47,16.33,16.33,141590,2320660.1,derived_ohlc4
HOSE_NT2,NT2,2020-10-19 09:00:00,549,2,16.33,16.58,16.29,16.51,146080,2399729.1999999997,derived_ohlc4
HOSE_NT2,NT2,2020-10-20 09:00:00,550,2,16.01,16.61,16.01,16.58,380790,6207828.975000001,derived_ohlc4
HOSE_NT2,NT2,2020-10-21 09:00:00,551,2,16.58,16.58,16.29,16.33,102600,1687257.0,derived_ohlc4
HOSE_NT2,NT2,2020-10-22 09:00:00,552,2,16.33,16.33,16.12,16.15,264530,4293983.225000001,derived_ohlc4
HOSE_NT2,NT2,2020-10-23 09:00:00,553,2,16.29,16.29,16.01,16.01,270280,4365022.000000001,derived_ohlc4
HOSE_NT2,NT2,2020-10-26 09:00:00,554,2,16.01,16.19,15.87,15.87,191570,3062246.4499999997,derived_ohlc4
HOSE_NT2,NT2,2020-10-27 09:00:00,555,2,15.8,15.94,15.66,15.73,146660,2314661.45,derived_ohlc4
HOSE_NT2,NT2,2020-10-28 09:00:00,556,2,15.66,16.36,15.62,15.76,110550,1752217.4999999998,derived_ohlc4
HOSE_NT2,NT2,2020-10-29 09:00:00,557,2,15.66,15.94,15.55,15.94,104680,1651065.3,derived_ohlc4
HOSE_NT2,NT2,2020-10-30 09:00:00,558,2,16.05,16.08,15.87,16.08,79010,1265740.1999999997,derived_ohlc4
HOSE_NT2,NT2,2020-11-02 09:00:00,559,2,15.87,16.08,15.87,15.94,30490,486010.5999999999,derived_ohlc4
HOSE_NT2,NT2,2020-11-03 09:00:00,560,2,15.94,16.05,15.9,15.94,72450,1156120.875,derived_ohlc4
HOSE_NT2,NT2,2020-11-04 09:00:00,561,2,15.83,16.01,15.83,16.01,41180,655585.6000000001,derived_ohlc4
HOSE_NT2,NT2,2020-11-05 09:00:00,562,2,15.9,16.05,15.9,16.01,100420,1603205.3,derived_ohlc4
HOSE_NT2,NT2,2020-11-06 09:00:00,563,2,16.12,16.12,15.9,16.05,66440,1066195.9,derived_ohlc4
HOSE_NT2,NT2,2020-11-09 09:00:00,564,2,16.05,16.15,16.01,16.12,66090,1062892.4250000003,derived_ohlc4
HOSE_NT2,NT2,2020-11-10 09:00:00,565,2,16.15,16.36,16.15,16.36,243500,3958092.4999999995,derived_ohlc4
HOSE_NT2,NT2,2020-11-11 09:00:00,566,2,16.36,16.58,16.29,16.4,284980,4675809.35,derived_ohlc4
HOSE_NT2,NT2,2020-11-12 09:00:00,567,2,16.4,16.65,16.4,16.51,110870,1828246.2999999998,derived_ohlc4
HOSE_NT2,NT2,2020-11-13 09:00:00,568,2,16.47,16.58,16.33,16.43,125220,2060182.05,derived_ohlc4
HOSE_NT2,NT2,2020-11-16 09:00:00,569,2,16.43,16.58,16.36,16.51,179300,2953071.0,derived_ohlc4
HOSE_NT2,NT2,2020-11-17 09:00:00,570,2,16.58,16.61,16.36,16.61,156690,2591652.6,derived_ohlc4
HOSE_NT2,NT2,2020-11-18 09:00:00,571,2,16.65,16.68,16.26,16.29,336540,5542813.8,derived_ohlc4
HOSE_NT2,NT2,2020-11-19 09:00:00,572,2,16.47,16.47,16.26,16.29,201580,3300368.5500000003,derived_ohlc4
HOSE_NT2,NT2,2020-11-20 09:00:00,573,2,16.29,16.33,16.15,16.29,119470,1943179.55,derived_ohlc4
HOSE_NT2,NT2,2020-11-23 09:00:00,574,2,16.29,16.36,16.19,16.22,120210,1955215.6500000001,derived_ohlc4
HOSE_NT2,NT2,2020-11-24 09:00:00,575,2,16.26,16.54,16.22,16.47,522100,8548082.25,derived_ohlc4
HOSE_NT2,NT2,2020-11-25 09:00:00,576,2,16.54,16.54,16.36,16.4,90330,1486831.8,derived_ohlc4
HOSE_NT2,NT2,2020-11-26 09:00:00,577,2,16.4,16.43,16.19,16.26,191140,3119404.8000000003,derived_ohlc4
HOSE_NT2,NT2,2020-11-27 09:00:00,578,2,16.26,16.26,16.08,16.08,290960,4704823.2,derived_ohlc4
HOSE_NT2,NT2,2020-11-30 09:00:00,579,2,16.08,16.22,16.05,16.15,317900,5126137.5,derived_ohlc4
HOSE_NT2,NT2,2020-12-01 09:00:00,580,2,16.08,16.15,16.01,16.05,198210,3185730.2249999996,derived_ohlc4
HOSE_NT2,NT2,2020-12-02 09:00:00,581,2,16.05,16.36,16.05,16.36,364580,5908018.899999999,derived_ohlc4
HOSE_NT2,NT2,2020-12-03 09:00:00,582,2,16.43,16.61,16.36,16.61,903810,14915124.524999999,derived_ohlc4
HOSE_NT2,NT2,2020-12-04 09:00:00,583,2,16.65,16.86,16.65,16.86,1152380,19308126.9,derived_ohlc4
HOSE_NT2,NT2,2020-12-07 09:00:00,584,2,16.93,17.14,16.9,17.0,469700,7981377.25,derived_ohlc4
HOSE_NT2,NT2,2020-12-08 09:00:00,585,2,16.75,16.86,16.72,16.79,533010,8943907.8,derived_ohlc4
HOSE_NT2,NT2,2020-12-09 09:00:00,586,2,16.72,16.9,16.72,16.79,724950,12166473.375,derived_ohlc4
HOSE_NT2,NT2,2020-12-10 09:00:00,587,2,16.79,16.9,16.51,16.72,539320,9022823.6,derived_ohlc4
HOSE_NT2,NT2,2020-12-11 09:00:00,588,2,16.97,16.97,16.72,16.72,358160,6033205.199999999,derived_ohlc4
HOSE_NT2,NT2,2020-12-14 09:00:00,589,2,16.75,16.79,16.61,16.72,672470,11242017.225000001,derived_ohlc4
HOSE_NT2,NT2,2020-12-15 09:00:00,590,2,16.68,17.07,16.58,16.79,989450,16602971.000000002,derived_ohlc4
HOSE_NT2,NT2,2020-12-16 09:00:00,591,2,16.9,16.97,16.75,16.75,656660,11059796.05,derived_ohlc4
HOSE_NT2,NT2,2020-12-17 09:00:00,592,2,16.65,16.86,16.61,16.61,392080,6540874.599999999,derived_ohlc4
HOSE_NT2,NT2,2020-12-18 09:00:00,593,2,16.61,16.82,16.61,16.75,376570,6287777.574999999,derived_ohlc4
HOSE_NT2,NT2,2020-12-21 09:00:00,594,2,16.75,17.71,16.75,17.64,2203350,37925161.875,derived_ohlc4
HOSE_NT2,NT2,2020-12-22 09:00:00,595,2,17.64,17.78,17.43,17.78,753550,13305809.125,derived_ohlc4
HOSE_NT2,NT2,2020-12-23 09:00:00,596,2,17.71,17.92,17.5,17.53,588410,10394262.65,derived_ohlc4
HOSE_NT2,NT2,2020-12-24 09:00:00,597,2,17.46,17.46,16.33,16.97,1451830,24760960.65,derived_ohlc4
HOSE_NT2,NT2,2020-12-25 09:00:00,598,2,16.97,17.57,16.97,17.5,688690,11881624.224999998,derived_ohlc4
HOSE_NT2,NT2,2020-12-28 09:00:00,599,2,17.5,17.71,17.28,17.36,597540,10434542.25,derived_ohlc4
HOSE_NT2,NT2,2020-12-29 09:00:00,600,2,16.86,17.43,16.86,17.36,575440,9855848.599999998,derived_ohlc4
HOSE_NT2,NT2,2020-12-30 09:00:00,601,2,17.36,17.6,17.32,17.32,426890,7427885.999999999,derived_ohlc4
HOSE_NT2,NT2,2020-12-31 09:00:00,602,2,17.36,17.43,17.25,17.43,232260,4033775.55,derived_ohlc4
HOSE_NT2,NT2,2021-01-04 09:00:00,603,2,17.6,17.67,17.5,17.6,694400,12216232.0,derived_ohlc4
HOSE_NT2,NT2,2021-01-05 09:00:00,604,2,17.46,17.6,17.43,17.46,508300,8888896.25,derived_ohlc4
HOSE_NT2,NT2,2021-01-06 09:00:00,605,2,17.36,17.78,17.36,17.46,646000,11298540.000000002,derived_ohlc4
HOSE_NT2,NT2,2021-01-07 09:00:00,606,2,17.46,17.82,17.43,17.6,615500,10818951.25,derived_ohlc4
HOSE_NT2,NT2,2021-01-08 09:00:00,607,2,17.64,17.78,17.5,17.67,1265500,22332911.25,derived_ohlc4
HOSE_NT2,NT2,2021-01-11 09:00:00,608,2,17.92,18.56,17.92,18.42,1910500,34780652.5,derived_ohlc4
HOSE_NT2,NT2,2021-01-12 09:00:00,609,2,18.42,18.56,18.13,18.24,791400,14512297.499999998,derived_ohlc4
HOSE_NT2,NT2,2021-01-13 09:00:00,610,2,18.24,18.24,17.71,17.92,645300,11633145.75,derived_ohlc4
HOSE_NT2,NT2,2021-01-14 09:00:00,611,2,17.92,18.06,17.57,17.71,849800,15139187.000000002,derived_ohlc4
HOSE_NT2,NT2,2021-01-15 09:00:00,612,2,17.71,17.85,17.57,17.71,1095500,19401305.0,derived_ohlc4
HOSE_NT2,NT2,2021-01-18 09:00:00,613,2,17.71,17.85,17.25,17.75,1544000,27236160.0,derived_ohlc4
HOSE_NT2,NT2,2021-01-19 09:00:00,614,2,17.75,18.03,16.58,16.72,917600,15846952.0,derived_ohlc4
HOSE_NT2,NT2,2021-01-20 09:00:00,615,2,16.72,17.07,16.29,17.0,566100,9493497.0,derived_ohlc4
HOSE_NT2,NT2,2021-01-21 09:00:00,616,2,17.0,17.25,16.9,17.25,517400,8847540.0,derived_ohlc4
HOSE_NT2,NT2,2021-01-22 09:00:00,617,2,17.28,17.28,16.9,16.9,596200,10189058.0,derived_ohlc4
HOSE_NT2,NT2,2021-01-25 09:00:00,618,2,16.9,17.14,16.79,17.07,665200,11291770.000000002,derived_ohlc4
HOSE_NT2,NT2,2021-01-26 09:00:00,619,2,17.36,17.92,17.11,17.36,1188900,20731443.75,derived_ohlc4
HOSE_NT2,NT2,2021-01-27 09:00:00,620,2,17.43,17.64,17.04,17.14,661500,11452218.75,derived_ohlc4
HOSE_NT2,NT2,2021-01-28 09:00:00,621,2,16.58,17.14,15.97,15.97,1992400,32705246.0,derived_ohlc4
HOSE_NT2,NT2,2021-01-29 09:00:00,622,2,15.58,16.82,15.58,16.61,362900,5859927.75,derived_ohlc4
HOSE_NT2,NT2,2021-02-01 09:00:00,623,2,17.36,17.36,16.29,16.43,473600,7984896.0,derived_ohlc4
HOSE_NT2,NT2,2021-02-02 09:00:00,624,2,16.29,17.0,16.19,16.68,400300,6620962.0,derived_ohlc4
HOSE_NT2,NT2,2021-02-03 09:00:00,625,2,16.68,16.97,16.65,16.93,884800,14871275.999999998,derived_ohlc4
HOSE_NT2,NT2,2021-02-04 09:00:00,626,2,16.93,17.04,16.79,16.93,550500,9315836.25,derived_ohlc4
HOSE_NT2,NT2,2021-02-05 09:00:00,627,2,17.3,17.3,17.0,17.04,351600,6033456.0,derived_ohlc4
HOSE_NT2,NT2,2021-02-08 09:00:00,628,2,17.04,17.08,16.6,16.63,742400,12500159.999999998,derived_ohlc4
HOSE_NT2,NT2,2021-02-09 09:00:00,629,2,16.63,16.78,16.49,16.71,768700,12800776.749999996,derived_ohlc4
HOSE_NT2,NT2,2021-02-17 09:00:00,630,2,16.63,17.0,16.63,16.89,449700,7549338.749999999,derived_ohlc4
HOSE_NT2,NT2,2021-02-18 09:00:00,631,2,16.78,17.0,16.78,16.89,585600,9874680.0,derived_ohlc4
HOSE_NT2,NT2,2021-02-19 09:00:00,632,2,16.86,17.0,16.78,17.0,617800,10446998.0,derived_ohlc4
HOSE_NT2,NT2,2021-02-22 09:00:00,633,2,16.93,17.26,16.93,16.97,522000,8885745.0,derived_ohlc4
HOSE_NT2,NT2,2021-02-23 09:00:00,634,2,16.97,17.08,16.89,16.97,721400,12247568.5,derived_ohlc4
HOSE_NT2,NT2,2021-02-24 09:00:00,635,2,16.97,16.97,16.75,16.78,971300,16383402.75,derived_ohlc4
HOSE_NT2,NT2,2021-02-25 09:00:00,636,2,16.82,16.82,16.6,16.63,885700,14806689.750000002,derived_ohlc4
HOSE_NT2,NT2,2021-02-26 09:00:00,637,2,16.49,16.71,16.45,16.6,809400,13405687.5,derived_ohlc4
HOSE_NT2,NT2,2021-03-01 09:00:00,638,2,16.71,17.15,16.71,17.08,675000,11415937.500000002,derived_ohlc4
HOSE_NT2,NT2,2021-03-02 09:00:00,639,2,17.15,17.15,16.71,16.86,843500,14312086.250000002,derived_ohlc4
HOSE_NT2,NT2,2021-03-03 09:00:00,640,2,16.86,16.97,16.82,16.86,289400,4884348.499999999,derived_ohlc4
HOSE_NT2,NT2,2021-03-04 09:00:00,641,2,16.86,16.93,16.71,16.86,623400,10498056.0,derived_ohlc4
HOSE_NT2,NT2,2021-03-05 09:00:00,642,2,16.89,16.89,16.63,16.71,633900,10636842.0,derived_ohlc4
HOSE_NT2,NT2,2021-03-08 09:00:00,643,2,16.86,16.86,16.63,16.71,788400,13217526.0,derived_ohlc4
HOSE_NT2,NT2,2021-03-09 09:00:00,644,2,16.71,16.75,16.56,16.67,1770700,29521995.75,derived_ohlc4
HOSE_NT2,NT2,2021-03-10 09:00:00,645,2,16.75,17.19,16.75,17.0,1780300,30127126.75,derived_ohlc4
HOSE_NT2,NT2,2021-03-11 09:00:00,646,2,17.37,17.45,17.15,17.34,1399300,24246370.75,derived_ohlc4
HOSE_NT2,NT2,2021-03-12 09:00:00,647,2,17.37,17.41,17.12,17.15,884700,15272133.750000002,derived_ohlc4
HOSE_NT2,NT2,2021-03-15 09:00:00,648,2,17.15,17.15,16.97,17.0,823400,14053379.5,derived_ohlc4
HOSE_NT2,NT2,2021-03-16 09:00:00,649,2,17.0,17.12,16.89,17.0,373200,6345333.000000001,derived_ohlc4
HOSE_NT2,NT2,2021-03-17 09:00:00,650,2,16.97,17.0,16.78,16.82,1017600,17189808.0,derived_ohlc4
HOSE_NT2,NT2,2021-03-18 09:00:00,651,2,16.86,16.93,16.56,16.63,1879700,31475576.499999996,derived_ohlc4
HOSE_NT2,NT2,2021-03-19 09:00:00,652,2,16.71,16.89,16.71,16.78,1142900,19169290.25,derived_ohlc4
HOSE_NT2,NT2,2021-03-22 09:00:00,653,2,16.78,16.97,16.78,16.89,347700,5860483.5,derived_ohlc4
HOSE_NT2,NT2,2021-03-23 09:00:00,654,2,16.89,16.89,16.63,16.63,638000,10692879.999999998,derived_ohlc4
HOSE_NT2,NT2,2021-03-24 09:00:00,655,2,16.49,16.71,16.34,16.34,648000,10672560.000000002,derived_ohlc4
HOSE_NT2,NT2,2021-03-25 09:00:00,656,2,16.41,16.56,16.41,16.52,585200,9641169.999999998,derived_ohlc4
HOSE_NT2,NT2,2021-03-26 09:00:00,657,2,16.34,16.49,15.9,16.27,329400,5352750.0,derived_ohlc4
HOSE_NT2,NT2,2021-03-29 09:00:00,658,2,16.49,16.49,16.3,16.41,497200,8165267.0,derived_ohlc4
HOSE_NT2,NT2,2021-03-30 09:00:00,659,2,16.41,16.52,16.3,16.45,363200,5963744.000000001,derived_ohlc4
HOSE_NT2,NT2,2021-03-31 09:00:00,660,2,16.45,16.45,16.27,16.41,453500,7435132.5,derived_ohlc4
HOSE_NT2,NT2,2021-04-01 09:00:00,661,2,16.34,16.71,16.27,16.71,1011700,16700637.75,derived_ohlc4
HOSE_NT2,NT2,2021-04-02 09:00:00,662,2,16.67,16.78,16.6,16.71,614000,10247660.0,derived_ohlc4
HOSE_NT2,NT2,2021-04-05 09:00:00,663,2,16.93,16.93,16.56,16.63,285100,4778988.75,derived_ohlc4
HOSE_NT2,NT2,2021-04-06 09:00:00,664,2,16.63,16.67,16.52,16.52,359900,5968941.499999999,derived_ohlc4
HOSE_NT2,NT2,2021-04-07 09:00:00,665,2,16.52,16.56,16.45,16.56,234300,3871221.75,derived_ohlc4
HOSE_NT2,NT2,2021-04-08 09:00:00,666,2,16.56,16.63,16.45,16.45,222300,3672951.75,derived_ohlc4
HOSE_NT2,NT2,2021-04-09 09:00:00,667,2,16.38,16.49,16.3,16.41,1082200,17742669.0,derived_ohlc4
HOSE_NT2,NT2,2021-04-12 09:00:00,668,2,16.41,16.56,16.38,16.45,368200,6056890.0,derived_ohlc4
HOSE_NT2,NT2,2021-04-13 09:00:00,669,2,16.41,16.49,16.34,16.34,698100,11445349.5,derived_ohlc4
HOSE_NT2,NT2,2021-04-14 09:00:00,670,2,16.3,16.34,16.15,16.23,683200,11105416.0,derived_ohlc4
HOSE_NT2,NT2,2021-04-15 09:00:00,671,2,16.27,16.3,16.01,16.12,651400,10536395.0,derived_ohlc4
HOSE_NT2,NT2,2021-04-16 09:00:00,672,2,15.97,16.12,15.53,15.6,490200,7747611.000000001,derived_ohlc4
HOSE_NT2,NT2,2021-04-19 09:00:00,673,2,15.6,15.75,15.45,15.49,442900,6897060.25,derived_ohlc4
HOSE_NT2,NT2,2021-04-20 09:00:00,674,2,15.49,15.6,15.41,15.45,442300,6850121.25,derived_ohlc4
HOSE_NT2,NT2,2021-04-22 09:00:00,675,2,15.45,15.86,15.38,15.38,379400,5887339.5,derived_ohlc4
HOSE_NT2,NT2,2021-04-23 09:00:00,676,2,15.3,15.75,15.08,15.75,228900,3541083.0,derived_ohlc4
HOSE_NT2,NT2,2021-04-26 09:00:00,677,2,15.56,15.56,15.08,15.08,247600,3793232.0,derived_ohlc4
HOSE_NT2,NT2,2021-04-27 09:00:00,678,2,14.93,15.08,14.9,15.08,133500,2002166.2499999998,derived_ohlc4
HOSE_NT2,NT2,2021-04-28 09:00:00,679,2,14.86,15.16,14.86,15.12,464600,6968999.999999999,derived_ohlc4
HOSE_NT2,NT2,2021-04-29 09:00:00,680,2,15.16,16.12,14.9,15.67,2427900,37541403.75,derived_ohlc4
HOSE_NT2,NT2,2021-05-04 09:00:00,681,2,15.53,15.53,15.23,15.3,269400,4148086.5,derived_ohlc4
HOSE_NT2,NT2,2021-05-05 09:00:00,682,2,15.3,15.45,15.3,15.38,275400,4229455.5,derived_ohlc4
HOSE_NT2,NT2,2021-05-06 09:00:00,683,2,15.3,15.45,15.23,15.3,174100,2667212.0,derived_ohlc4
HOSE_NT2,NT2,2021-05-07 09:00:00,684,2,15.3,15.3,15.01,15.08,281000,4263472.5,derived_ohlc4
HOSE_NT2,NT2,2021-05-10 09:00:00,685,2,15.08,15.08,14.82,15.01,438400,6574904.0,derived_ohlc4
HOSE_NT2,NT2,2021-05-11 09:00:00,686,2,15.01,15.23,14.93,15.08,321800,4847112.5,derived_ohlc4
HOSE_NT2,NT2,2021-05-12 09:00:00,687,2,15.23,15.23,15.05,15.05,223800,3388332.0,derived_ohlc4
HOSE_NT2,NT2,2021-05-13 09:00:00,688,2,14.97,15.16,14.97,14.97,302500,4542793.75,derived_ohlc4
HOSE_NT2,NT2,2021-05-14 09:00:00,689,2,15.16,15.16,14.86,14.9,247500,3717450.0,derived_ohlc4
HOSE_NT2,NT2,2021-05-17 09:00:00,690,2,14.93,14.93,14.79,14.82,270500,4021658.75,derived_ohlc4
HOSE_NT2,NT2,2021-05-18 09:00:00,691,2,14.9,14.9,14.6,14.71,226700,3350059.25,derived_ohlc4
HOSE_NT2,NT2,2021-05-19 09:00:00,692,2,14.71,14.71,14.27,14.27,477200,6914627.999999999,derived_ohlc4
HOSE_NT2,NT2,2021-05-20 09:00:00,693,2,14.27,14.27,13.83,13.97,602600,8487621.0,derived_ohlc4
HOSE_NT2,NT2,2021-05-21 09:00:00,694,2,14.01,14.01,13.79,13.86,635700,8847354.75,derived_ohlc4
HOSE_NT2,NT2,2021-05-24 09:00:00,695,2,13.86,14.27,13.86,14.2,320800,4506438.0,derived_ohlc4
HOSE_NT2,NT2,2021-05-25 09:00:00,696,2,14.2,14.42,14.05,14.42,335900,4794132.75,derived_ohlc4
HOSE_NT2,NT2,2021-05-26 09:00:00,697,2,14.42,14.64,14.34,14.34,371700,5365489.500000001,derived_ohlc4
HOSE_NT2,NT2,2021-05-27 09:00:00,698,2,14.34,14.34,14.12,14.16,211200,3007487.9999999995,derived_ohlc4
HOSE_NT2,NT2,2021-05-28 09:00:00,699,2,14.2,14.23,14.05,14.23,185000,2622837.5000000005,derived_ohlc4
HOSE_NT2,NT2,2021-05-31 09:00:00,700,2,14.16,14.2,14.05,14.12,338400,4782437.999999999,derived_ohlc4
HOSE_NT2,NT2,2021-06-01 09:00:00,701,2,14.05,14.12,13.97,14.01,363100,5097016.25,derived_ohlc4
HOSE_NT2,NT2,2021-06-02 09:00:00,702,2,14.12,14.16,14.01,14.16,420100,5928661.25,derived_ohlc4
HOSE_NT2,NT2,2021-06-03 09:00:00,703,2,14.16,14.86,14.16,14.79,677000,9811422.5,derived_ohlc4
HOSE_NT2,NT2,2021-06-04 09:00:00,704,2,15.05,15.05,14.45,14.6,311600,4607785.0,derived_ohlc4
HOSE_NT2,NT2,2021-06-07 09:00:00,705,2,14.71,14.82,14.42,14.6,377000,5518337.5,derived_ohlc4
HOSE_NT2,NT2,2021-06-08 09:00:00,706,2,14.49,14.64,14.12,14.27,406700,5848346.0,derived_ohlc4
HOSE_NT2,NT2,2021-06-09 09:00:00,707,2,14.16,14.42,14.16,14.27,327000,4660567.499999999,derived_ohlc4
HOSE_NT2,NT2,2021-06-10 09:00:00,708,2,14.34,14.34,14.16,14.27,302300,4316088.25,derived_ohlc4
HOSE_NT2,NT2,2021-06-11 09:00:00,709,2,14.34,14.56,14.31,14.49,306000,4414050.0,derived_ohlc4
HOSE_NT2,NT2,2021-06-14 09:00:00,710,2,14.49,14.93,14.49,14.79,739200,10847760.0,derived_ohlc4
HOSE_NT2,NT2,2021-06-15 09:00:00,711,2,14.75,15.34,14.75,15.16,919900,13798500.0,derived_ohlc4
HOSE_NT2,NT2,2021-06-16 09:00:00,712,2,15.23,15.45,15.16,15.38,775500,11869027.500000002,derived_ohlc4
HOSE_NT2,NT2,2021-06-17 09:00:00,713,2,15.16,15.38,15.01,15.3,368200,5601242.499999999,derived_ohlc4
HOSE_NT2,NT2,2021-06-18 09:00:00,714,2,15.23,15.67,15.05,15.49,588600,9040896.0,derived_ohlc4
HOSE_NT2,NT2,2021-06-21 09:00:00,715,2,15.53,15.86,15.3,15.75,988100,15424241.0,derived_ohlc4
HOSE_NT2,NT2,2021-06-22 09:00:00,716,2,15.82,15.9,15.6,15.71,492300,7757417.25,derived_ohlc4
HOSE_NT2,NT2,2021-06-23 09:00:00,717,2,15.53,15.67,15.34,15.45,497700,7713105.749999999,derived_ohlc4
HOSE_NT2,NT2,2021-06-24 09:00:00,718,2,15.45,15.67,15.3,15.45,292300,4521150.25,derived_ohlc4
HOSE_NT2,NT2,2021-06-25 09:00:00,719,2,15.45,15.45,15.12,15.3,297500,4560674.999999999,derived_ohlc4
HOSE_NT2,NT2,2021-06-28 09:00:00,720,2,15.3,15.38,15.19,15.23,209600,3201639.9999999995,derived_ohlc4
HOSE_NT2,NT2,2021-06-29 09:00:00,721,2,15.23,15.34,15.16,15.19,216100,3291203.0,derived_ohlc4
HOSE_NT2,NT2,2021-06-30 09:00:00,722,2,15.23,15.23,15.16,15.16,290800,4418706.0,derived_ohlc4
HOSE_NT2,NT2,2021-07-01 09:00:00,723,2,15.19,15.67,15.16,15.49,478200,7353520.5,derived_ohlc4
HOSE_NT2,NT2,2021-07-02 09:00:00,724,2,15.49,15.6,15.38,15.45,256600,3972168.0,derived_ohlc4
HOSE_NT2,NT2,2021-07-05 09:00:00,725,2,15.34,15.41,15.05,15.16,323400,4928615.999999999,derived_ohlc4
HOSE_NT2,NT2,2021-07-06 09:00:00,726,2,15.34,15.34,14.79,14.93,369600,5580960.0,derived_ohlc4
HOSE_NT2,NT2,2021-07-07 09:00:00,727,2,14.79,14.93,14.64,14.68,437900,6463404.0,derived_ohlc4
HOSE_NT2,NT2,2021-07-08 09:00:00,728,2,14.79,14.79,14.68,14.68,201200,2964682.0,derived_ohlc4
HOSE_NT2,NT2,2021-07-09 09:00:00,729,2,14.68,14.68,14.34,14.34,340000,4933400.000000001,derived_ohlc4
HOSE_NT2,NT2,2021-07-12 09:00:00,730,2,14.27,14.27,13.83,13.97,994900,14013166.5,derived_ohlc4
HOSE_NT2,NT2,2021-07-13 09:00:00,731,2,14.05,14.12,13.83,13.97,290800,4069019.0,derived_ohlc4
HOSE_NT2,NT2,2021-07-14 09:00:00,732,2,13.97,14.05,13.86,13.9,165600,2309292.0,derived_ohlc4
HOSE_NT2,NT2,2021-07-15 09:00:00,733,2,13.97,14.2,13.9,14.2,333800,4695731.5,derived_ohlc4
HOSE_NT2,NT2,2021-07-16 09:00:00,734,2,14.23,14.38,14.01,14.16,163400,2319463.0,derived_ohlc4
HOSE_NT2,NT2,2021-07-19 09:00:00,735,2,14.01,14.05,13.79,13.79,282400,3928184.0,derived_ohlc4
HOSE_NT2,NT2,2021-07-20 09:00:00,736,2,13.79,13.86,13.49,13.75,405400,5563101.5,derived_ohlc4
HOSE_NT2,NT2,2021-07-21 09:00:00,737,2,13.83,13.83,13.57,13.57,559800,7669260.000000001,derived_ohlc4
HOSE_NT2,NT2,2021-07-22 09:00:00,738,2,13.6,13.75,13.6,13.71,384000,5247360.0,derived_ohlc4
HOSE_NT2,NT2,2021-07-23 09:00:00,739,2,13.79,13.9,13.6,13.6,238300,3270071.75,derived_ohlc4
HOSE_NT2,NT2,2021-07-26 09:00:00,740,2,13.68,13.71,13.57,13.68,931700,12727022.0,derived_ohlc4
HOSE_NT2,NT2,2021-07-27 09:00:00,741,2,13.68,13.75,13.57,13.6,848500,11582025.0,derived_ohlc4
HOSE_NT2,NT2,2021-07-28 09:00:00,742,2,13.68,13.68,13.53,13.57,523700,7130175.5,derived_ohlc4
HOSE_NT2,NT2,2021-07-29 09:00:00,743,2,13.57,13.6,13.53,13.57,340700,4622447.25,derived_ohlc4
HOSE_NT2,NT2,2021-07-30 09:00:00,744,2,13.53,13.75,13.49,13.68,353100,4806573.75,derived_ohlc4
HOSE_NT2,NT2,2021-08-02 09:00:00,745,2,13.68,13.75,13.6,13.75,450600,6170967.0,derived_ohlc4
HOSE_NT2,NT2,2021-08-03 09:00:00,746,2,13.68,13.75,13.6,13.68,301500,4123766.25,derived_ohlc4
HOSE_NT2,NT2,2021-08-04 09:00:00,747,2,13.71,13.83,13.68,13.83,404200,5562802.5,derived_ohlc4
HOSE_NT2,NT2,2021-08-05 09:00:00,748,2,13.83,14.27,13.83,14.12,438900,6150086.25,derived_ohlc4
HOSE_NT2,NT2,2021-08-06 09:00:00,749,2,14.12,14.2,13.97,13.97,211600,2976154.0,derived_ohlc4
HOSE_NT2,NT2,2021-08-09 09:00:00,750,2,14.12,14.12,13.97,14.08,265200,3732027.0,derived_ohlc4
HOSE_NT2,NT2,2021-08-10 09:00:00,751,2,14.12,14.27,14.01,14.27,499300,7073832.75,derived_ohlc4
HOSE_NT2,NT2,2021-08-11 09:00:00,752,2,14.42,14.42,14.16,14.16,280200,4004057.9999999995,derived_ohlc4
HOSE_NT2,NT2,2021-08-12 09:00:00,753,2,14.16,14.23,14.01,14.2,294900,4172834.9999999995,derived_ohlc4
HOSE_NT2,NT2,2021-08-13 09:00:00,754,2,14.12,14.16,13.83,14.05,463700,6510348.0,derived_ohlc4
HOSE_NT2,NT2,2021-08-16 09:00:00,755,2,14.05,14.34,14.05,14.23,519500,7360016.25,derived_ohlc4
HOSE_NT2,NT2,2021-08-17 09:00:00,756,2,14.23,14.23,14.12,14.16,319600,4533526.0,derived_ohlc4
HOSE_NT2,NT2,2021-08-18 09:00:00,757,2,14.05,14.31,14.05,14.27,390300,5530550.999999999,derived_ohlc4
HOSE_NT2,NT2,2021-08-19 09:00:00,758,2,14.27,14.31,14.12,14.27,325300,4633085.25,derived_ohlc4
HOSE_NT2,NT2,2021-08-20 09:00:00,759,2,14.27,14.49,14.16,14.34,844400,12087586.000000002,derived_ohlc4
HOSE_NT2,NT2,2021-08-23 09:00:00,760,2,14.38,14.38,14.08,14.27,578200,8255250.5,derived_ohlc4
HOSE_NT2,NT2,2021-08-24 09:00:00,761,2,14.27,14.27,13.9,14.08,412000,5821560.0,derived_ohlc4
HOSE_NT2,NT2,2021-08-25 09:00:00,762,2,13.97,14.6,13.94,14.38,552200,7853664.5,derived_ohlc4
HOSE_NT2,NT2,2021-08-26 09:00:00,763,2,14.27,14.49,14.16,14.16,423600,6044772.0,derived_ohlc4
HOSE_NT2,NT2,2021-08-27 09:00:00,764,2,14.27,15.12,14.12,15.12,2177500,31916706.249999996,derived_ohlc4
HOSE_NT2,NT2,2021-08-30 09:00:00,765,2,15.38,15.67,15.16,15.41,1199600,18479838.0,derived_ohlc4
HOSE_NT2,NT2,2021-08-31 09:00:00,766,2,15.38,15.64,15.16,15.23,932300,14313135.750000002,derived_ohlc4
HOSE_NT2,NT2,2021-09-01 09:00:00,767,2,15.12,16.23,15.08,16.23,1966900,30811488.5,derived_ohlc4
HOSE_NT2,NT2,2021-09-06 09:00:00,768,2,16.27,16.41,15.93,16.27,1619600,26269912.0,derived_ohlc4
HOSE_NT2,NT2,2021-09-07 09:00:00,769,2,16.27,16.6,15.82,15.9,1373200,22173747.0,derived_ohlc4
HOSE_NT2,NT2,2021-09-08 09:00:00,770,2,15.82,16.04,15.38,15.82,922900,14549518.5,derived_ohlc4
HOSE_NT2,NT2,2021-09-09 09:00:00,771,2,15.82,16.01,15.78,16.01,682800,10859934.0,derived_ohlc4
HOSE_NT2,NT2,2021-09-10 09:00:00,772,2,16.12,16.15,15.82,15.86,543600,8690805.0,derived_ohlc4
HOSE_NT2,NT2,2021-09-13 09:00:00,773,2,15.75,15.93,15.53,15.82,727800,11468308.5,derived_ohlc4
HOSE_NT2,NT2,2021-09-14 09:00:00,774,2,15.82,15.9,15.16,15.6,1099100,17167942.0,derived_ohlc4
HOSE_NT2,NT2,2021-09-15 09:00:00,775,2,15.6,15.64,15.08,15.19,1048900,16129459.75,derived_ohlc4
HOSE_NT2,NT2,2021-09-16 09:00:00,776,2,15.34,15.9,15.3,15.82,782100,12192939.000000002,derived_ohlc4
HOSE_NT2,NT2,2021-09-17 09:00:00,777,2,15.82,15.9,15.45,15.64,470600,7389596.5,derived_ohlc4
HOSE_NT2,NT2,2021-09-20 09:00:00,778,2,15.64,15.78,15.19,15.19,896000,13843200.0,derived_ohlc4
HOSE_NT2,NT2,2021-09-21 09:00:00,779,2,15.45,15.82,15.19,15.78,1470500,22880980.0,derived_ohlc4
HOSE_NT2,NT2,2021-09-22 09:00:00,780,2,15.9,15.9,15.38,15.6,1175600,18451042.0,derived_ohlc4
HOSE_NT2,NT2,2021-09-23 09:00:00,781,2,15.9,15.9,15.41,15.67,767700,12068244.0,derived_ohlc4
HOSE_NT2,NT2,2021-09-24 09:00:00,782,2,15.53,15.67,15.34,15.53,731200,11346396.0,derived_ohlc4
HOSE_NT2,NT2,2021-09-27 09:00:00,783,2,15.6,15.64,15.19,15.23,989100,15246976.5,derived_ohlc4
HOSE_NT2,NT2,2021-09-28 09:00:00,784,2,15.27,15.75,15.27,15.53,878500,13577217.5,derived_ohlc4
HOSE_NT2,NT2,2021-09-29 09:00:00,785,2,15.88,16.3,15.53,16.15,4603400,73493281.0,derived_ohlc4
HOSE_NT2,NT2,2021-09-30 09:00:00,786,2,16.22,16.26,15.84,15.99,573800,9225269.5,derived_ohlc4
HOSE_NT2,NT2,2021-10-01 09:00:00,787,2,16.07,16.11,15.84,15.99,750100,12003475.249999998,derived_ohlc4
HOSE_NT2,NT2,2021-10-04 09:00:00,788,2,16.3,17.08,16.3,17.08,3639400,60741585.99999999,derived_ohlc4
HOSE_NT2,NT2,2021-10-05 09:00:00,789,2,17.27,17.27,16.85,16.92,1003700,17140686.75,derived_ohlc4
HOSE_NT2,NT2,2021-10-06 09:00:00,790,2,16.85,17.16,16.85,17.04,868600,14744485.000000002,derived_ohlc4
HOSE_NT2,NT2,2021-10-07 09:00:00,791,2,16.92,17.47,16.92,17.35,1981400,34010731.0,derived_ohlc4
HOSE_NT2,NT2,2021-10-08 09:00:00,792,2,17.47,17.47,16.92,17.04,1335000,22995375.000000004,derived_ohlc4
HOSE_NT2,NT2,2021-10-11 09:00:00,793,2,17.19,17.23,16.61,16.85,1264000,21450080.0,derived_ohlc4
HOSE_NT2,NT2,2021-10-12 09:00:00,794,2,16.88,17.23,16.57,17.08,1248600,21151283.999999996,derived_ohlc4
HOSE_NT2,NT2,2021-10-13 09:00:00,795,2,17.31,17.47,17.08,17.19,1004200,17335002.5,derived_ohlc4
HOSE_NT2,NT2,2021-10-14 09:00:00,796,2,17.47,17.47,17.16,17.19,724200,12544954.499999998,derived_ohlc4
HOSE_NT2,NT2,2021-10-15 09:00:00,797,2,17.16,17.31,16.96,17.23,1154600,19818709.0,derived_ohlc4
HOSE_NT2,NT2,2021-10-18 09:00:00,798,2,17.27,17.39,17.08,17.23,1103500,19027098.75,derived_ohlc4
HOSE_NT2,NT2,2021-10-19 09:00:00,799,2,17.39,17.78,17.23,17.43,969100,16918063.250000004,derived_ohlc4
HOSE_NT2,NT2,2021-10-20 09:00:00,800,2,17.74,18.01,17.54,17.89,1995800,35515261.0,derived_ohlc4
HOSE_NT2,NT2,2021-10-21 09:00:00,801,2,17.85,18.17,17.62,18.05,1180000,21148550.0,derived_ohlc4
HOSE_NT2,NT2,2021-10-22 09:00:00,802,2,18.05,18.05,17.66,18.01,753200,13514291.000000002,derived_ohlc4
HOSE_NT2,NT2,2021-10-25 09:00:00,803,2,17.85,18.4,17.85,18.28,1480100,26782409.5,derived_ohlc4
HOSE_NT2,NT2,2021-10-26 09:00:00,804,2,18.09,18.24,17.93,18.17,718600,13012049.500000002,derived_ohlc4
HOSE_NT2,NT2,2021-10-27 09:00:00,805,2,18.2,18.2,17.97,18.09,1093200,19803318.0,derived_ohlc4
HOSE_NT2,NT2,2021-10-28 09:00:00,806,2,18.13,18.44,18.01,18.4,1048700,19133531.499999996,derived_ohlc4
HOSE_NT2,NT2,2021-10-29 09:00:00,807,2,18.4,18.48,17.93,18.2,1094200,19971885.499999996,derived_ohlc4
HOSE_NT2,NT2,2021-11-01 09:00:00,808,2,18.44,18.44,17.85,18.01,1200700,21834729.500000004,derived_ohlc4
HOSE_NT2,NT2,2021-11-02 09:00:00,809,2,18.13,18.24,17.82,17.93,1365900,24627177.0,derived_ohlc4
HOSE_NT2,NT2,2021-11-03 09:00:00,810,2,18.2,18.24,17.54,17.54,1508500,26971980.0,derived_ohlc4
HOSE_NT2,NT2,2021-11-04 09:00:00,811,2,17.47,17.7,17.47,17.47,748800,13124592.0,derived_ohlc4
HOSE_NT2,NT2,2021-11-05 09:00:00,812,2,17.54,17.97,17.47,17.93,1033800,18326689.5,derived_ohlc4
HOSE_NT2,NT2,2021-11-08 09:00:00,813,2,18.01,18.09,17.78,18.01,1270400,22832264.0,derived_ohlc4
HOSE_NT2,NT2,2021-11-09 09:00:00,814,2,18.01,18.36,17.85,18.24,1639200,29694108.000000004,derived_ohlc4
HOSE_NT2,NT2,2021-11-10 09:00:00,815,2,18.55,19.02,18.44,18.98,2690800,50445773.00000001,derived_ohlc4
HOSE_NT2,NT2,2021-11-11 09:00:00,816,2,18.98,19.02,18.32,18.71,1135700,21302892.75,derived_ohlc4
HOSE_NT2,NT2,2021-11-12 09:00:00,817,2,18.67,18.86,18.48,18.63,821900,15336654.0,derived_ohlc4
HOSE_NT2,NT2,2021-11-15 09:00:00,818,2,18.63,19.02,18.48,18.79,2108600,39494077.99999999,derived_ohlc4
HOSE_NT2,NT2,2021-11-16 09:00:00,819,2,18.86,19.25,18.48,18.83,1618800,30522474.0,derived_ohlc4
HOSE_NT2,NT2,2021-11-17 09:00:00,820,2,18.9,18.9,18.48,18.71,707200,13258232.000000002,derived_ohlc4
HOSE_NT2,NT2,2021-11-18 09:00:00,821,2,18.75,18.75,18.48,18.59,807200,15048226.000000002,derived_ohlc4
HOSE_NT2,NT2,2021-11-19 09:00:00,822,2,18.59,18.59,17.31,17.54,2287900,41199359.25,derived_ohlc4
HOSE_NT2,NT2,2021-11-22 09:00:00,823,2,17.39,17.39,16.61,16.61,1273200,21644400.0,derived_ohlc4
HOSE_NT2,NT2,2021-11-23 09:00:00,824,2,16.69,17.35,16.53,17.35,425600,7226688.000000002,derived_ohlc4
HOSE_NT2,NT2,2021-11-24 09:00:00,825,2,17.39,17.54,17.04,17.04,613500,10584408.749999998,derived_ohlc4
HOSE_NT2,NT2,2021-11-25 09:00:00,826,2,17.08,17.7,16.88,17.39,496400,8569105.0,derived_ohlc4
HOSE_NT2,NT2,2021-11-26 09:00:00,827,2,17.66,17.7,17.23,17.51,558700,9791217.500000002,derived_ohlc4
HOSE_NT2,NT2,2021-11-29 09:00:00,828,2,17.16,17.47,17.0,17.35,552100,9520964.499999998,derived_ohlc4
HOSE_NT2,NT2,2021-11-30 09:00:00,829,2,17.62,17.66,17.23,17.31,678600,11844963.000000002,derived_ohlc4
HOSE_NT2,NT2,2021-12-01 09:00:00,830,2,17.39,17.39,17.08,17.39,400800,6938850.0,derived_ohlc4
HOSE_NT2,NT2,2021-12-02 09:00:00,831,2,17.27,17.89,17.27,17.47,512800,8961179.999999998,derived_ohlc4
HOSE_NT2,NT2,2021-12-03 09:00:00,832,2,17.47,17.62,17.04,17.04,415200,7179846.0,derived_ohlc4
HOSE_NT2,NT2,2021-12-06 09:00:00,833,2,17.04,17.16,16.57,16.77,721300,12179150.500000002,derived_ohlc4
HOSE_NT2,NT2,2021-12-07 09:00:00,834,2,16.92,17.47,16.77,17.39,390200,6687052.5,derived_ohlc4
HOSE_NT2,NT2,2021-12-08 09:00:00,835,2,17.43,17.54,17.27,17.43,474000,8255894.999999998,derived_ohlc4
HOSE_NT2,NT2,2021-12-09 09:00:00,836,2,17.39,18.63,17.31,18.63,3329600,59899503.99999999,derived_ohlc4
HOSE_NT2,NT2,2021-12-10 09:00:00,837,2,18.63,19.02,18.48,18.94,2549500,47847741.24999999,derived_ohlc4
HOSE_NT2,NT2,2021-12-13 09:00:00,838,2,19.41,19.41,18.86,18.94,1522000,29153910.0,derived_ohlc4
HOSE_NT2,NT2,2021-12-14 09:00:00,839,2,18.63,20.18,18.63,20.07,4932900,95587269.74999999,derived_ohlc4
HOSE_NT2,NT2,2021-12-15 09:00:00,840,2,20.18,20.42,19.48,19.8,2088900,41715333.0,derived_ohlc4
HOSE_NT2,NT2,2021-12-16 09:00:00,841,2,19.87,20.65,19.48,20.18,3380600,67764127.0,derived_ohlc4
HOSE_NT2,NT2,2021-12-17 09:00:00,842,2,20.26,20.73,20.03,20.11,2723400,55237360.5,derived_ohlc4
HOSE_NT2,NT2,2021-12-20 09:00:00,843,2,19.87,21.12,19.8,20.96,2985500,61016156.25,derived_ohlc4
HOSE_NT2,NT2,2021-12-21 09:00:00,844,2,20.8,21.19,20.49,20.77,2462500,51250781.25,derived_ohlc4
HOSE_NT2,NT2,2021-12-22 09:00:00,845,2,20.8,21.7,20.8,20.88,4197900,88344805.49999999,derived_ohlc4
HOSE_NT2,NT2,2021-12-23 09:00:00,846,2,20.88,21.0,19.8,20.42,2764400,56739309.99999999,derived_ohlc4
HOSE_NT2,NT2,2021-12-24 09:00:00,847,2,20.26,20.57,20.07,20.26,2054700,41689863.0,derived_ohlc4
HOSE_NT2,NT2,2021-12-27 09:00:00,848,2,20.42,20.8,19.8,20.42,1556900,31698484.0,derived_ohlc4
HOSE_NT2,NT2,2021-12-28 09:00:00,849,2,20.77,21.27,20.49,20.8,2106300,43879494.75,derived_ohlc4
HOSE_NT2,NT2,2021-12-29 09:00:00,850,2,20.8,21.27,20.34,20.34,1048100,21682568.75,derived_ohlc4
HOSE_NT2,NT2,2021-12-30 09:00:00,851,2,20.42,20.49,20.03,20.46,1225900,24947065.0,derived_ohlc4
HOSE_NT2,NT2,2021-12-31 09:00:00,852,2,20.65,20.88,20.26,20.42,1277500,26255818.750000004,derived_ohlc4
HOSE_NT2,NT2,2022-01-04 09:00:00,853,2,20.57,21.31,20.26,21.0,2799800,58193843.0,derived_ohlc4
HOSE_NT2,NT2,2022-01-05 09:00:00,854,2,21.35,21.35,20.57,20.61,2558800,53658036.0,derived_ohlc4
HOSE_NT2,NT2,2022-01-06 09:00:00,855,2,20.65,20.77,20.26,20.38,1678200,34428273.0,derived_ohlc4
HOSE_NT2,NT2,2022-01-07 09:00:00,856,2,20.3,20.8,20.22,20.49,2200900,45013907.25,derived_ohlc4
HOSE_NT2,NT2,2022-01-10 09:00:00,857,2,20.34,20.42,19.41,19.41,3362400,66894948.0,derived_ohlc4
HOSE_NT2,NT2,2022-01-11 09:00:00,858,2,19.37,19.95,19.29,19.41,1310500,25561302.5,derived_ohlc4
HOSE_NT2,NT2,2022-01-12 09:00:00,859,2,19.41,20.03,18.86,19.95,1252100,24494206.25,derived_ohlc4
HOSE_NT2,NT2,2022-01-13 09:00:00,860,2,20.14,20.18,18.86,18.86,1204500,23499794.999999996,derived_ohlc4
HOSE_NT2,NT2,2022-01-14 09:00:00,861,2,18.32,19.06,18.24,18.51,882600,16356784.499999998,derived_ohlc4
HOSE_NT2,NT2,2022-01-17 09:00:00,862,2,18.79,18.94,17.23,17.23,1863000,33622492.50000001,derived_ohlc4
HOSE_NT2,NT2,2022-01-18 09:00:00,863,2,17.23,17.7,16.92,17.16,914700,15780861.750000002,derived_ohlc4
HOSE_NT2,NT2,2022-01-19 09:00:00,864,2,17.31,17.47,17.08,17.16,674500,11638497.5,derived_ohlc4
HOSE_NT2,NT2,2022-01-20 09:00:00,865,2,17.16,18.01,17.16,17.85,476100,8353174.500000001,derived_ohlc4
HOSE_NT2,NT2,2022-01-21 09:00:00,866,2,17.85,17.97,17.47,17.93,659300,11738836.5,derived_ohlc4
HOSE_NT2,NT2,2022-01-24 09:00:00,867,2,17.74,17.93,17.51,17.51,800000,14138000.000000002,derived_ohlc4
HOSE_NT2,NT2,2022-01-25 09:00:00,868,2,17.47,17.85,17.27,17.78,526300,9258932.75,derived_ohlc4
HOSE_NT2,NT2,2022-01-26 09:00:00,869,2,18.13,18.13,17.39,17.39,451100,8011535.999999999,derived_ohlc4
HOSE_NT2,NT2,2022-01-27 09:00:00,870,2,17.39,17.43,17.08,17.16,462000,7976430.0,derived_ohlc4
HOSE_NT2,NT2,2022-01-28 09:00:00,871,2,17.16,17.47,17.16,17.35,354000,6118889.999999999,derived_ohlc4
HOSE_NT2,NT2,2022-02-07 09:00:00,872,2,17.62,18.24,17.51,18.17,473400,8466759.0,derived_ohlc4
HOSE_NT2,NT2,2022-02-08 09:00:00,873,2,18.13,18.32,17.7,18.32,604700,10955652.25,derived_ohlc4
HOSE_NT2,NT2,2022-02-09 09:00:00,874,2,18.4,18.59,18.01,18.48,544700,10006139.0,derived_ohlc4
HOSE_NT2,NT2,2022-02-10 09:00:00,875,2,18.48,18.75,18.4,18.51,462700,8576144.5,derived_ohlc4
HOSE_NT2,NT2,2022-02-11 09:00:00,876,2,18.51,18.59,18.24,18.51,433900,8010878.750000001,derived_ohlc4
HOSE_NT2,NT2,2022-02-14 09:00:00,877,2,18.17,18.63,18.17,18.48,691900,12705013.75,derived_ohlc4
HOSE_NT2,NT2,2022-02-15 09:00:00,878,2,18.32,18.51,18.09,18.48,329600,6048160.000000001,derived_ohlc4
HOSE_NT2,NT2,2022-02-16 09:00:00,879,2,18.48,18.9,18.48,18.79,419800,7834517.500000001,derived_ohlc4
HOSE_NT2,NT2,2022-02-17 09:00:00,880,2,18.79,18.9,18.51,18.71,454400,8509776.0,derived_ohlc4
HOSE_NT2,NT2,2022-02-18 09:00:00,881,2,18.59,18.79,18.55,18.75,278300,5195860.999999999,derived_ohlc4
HOSE_NT2,NT2,2022-02-21 09:00:00,882,2,18.86,19.37,18.79,19.1,595100,11324753.0,derived_ohlc4
HOSE_NT2,NT2,2022-02-22 09:00:00,883,2,18.9,18.94,18.24,18.59,556200,10382863.5,derived_ohlc4
HOSE_NT2,NT2,2022-02-23 09:00:00,884,2,18.63,19.02,18.48,18.51,481400,8982924.0,derived_ohlc4
HOSE_NT2,NT2,2022-02-24 09:00:00,885,2,18.48,18.55,17.23,17.54,1451800,26059810.000000004,derived_ohlc4
HOSE_NT2,NT2,2022-02-25 09:00:00,886,2,17.82,18.01,17.62,17.62,651900,11582633.250000002,derived_ohlc4
HOSE_NT2,NT2,2022-02-28 09:00:00,887,2,17.85,18.17,17.7,17.85,382900,6851038.249999999,derived_ohlc4
HOSE_NT2,NT2,2022-03-01 09:00:00,888,2,17.89,18.2,17.7,18.01,464200,8332390.000000001,derived_ohlc4
HOSE_NT2,NT2,2022-03-02 09:00:00,889,2,18.09,18.24,17.74,17.82,461400,8292511.499999998,derived_ohlc4
HOSE_NT2,NT2,2022-03-03 09:00:00,890,2,17.62,17.85,17.58,17.78,503000,8906872.5,derived_ohlc4
HOSE_NT2,NT2,2022-03-04 09:00:00,891,2,17.78,17.97,17.78,17.78,469500,8370011.25,derived_ohlc4
HOSE_NT2,NT2,2022-03-07 09:00:00,892,2,17.54,18.4,17.39,18.32,1229300,22019836.25,derived_ohlc4
HOSE_NT2,NT2,2022-03-08 09:00:00,893,2,17.93,18.55,17.85,17.85,1116100,20140024.500000004,derived_ohlc4
HOSE_NT2,NT2,2022-03-09 09:00:00,894,2,18.17,18.17,17.54,17.78,473700,8486335.5,derived_ohlc4
HOSE_NT2,NT2,2022-03-10 09:00:00,895,2,18.17,18.17,17.7,17.7,566700,10163764.500000002,derived_ohlc4
HOSE_NT2,NT2,2022-03-11 09:00:00,896,2,17.7,17.7,17.47,17.51,567800,9990441.0,derived_ohlc4
HOSE_NT2,NT2,2022-03-14 09:00:00,897,2,17.51,17.78,17.35,17.47,369500,6476411.250000001,derived_ohlc4
HOSE_NT2,NT2,2022-03-15 09:00:00,898,2,17.23,17.7,17.23,17.54,432000,7527599.999999999,derived_ohlc4
HOSE_NT2,NT2,2022-03-16 09:00:00,899,2,17.78,17.78,17.51,17.54,525900,9283449.750000002,derived_ohlc4
HOSE_NT2,NT2,2022-03-17 09:00:00,900,2,17.66,17.66,17.51,17.51,433100,7616063.5,derived_ohlc4
HOSE_NT2,NT2,2022-03-18 09:00:00,901,2,17.62,17.82,17.54,17.66,328200,5796012.0,derived_ohlc4
HOSE_NT2,NT2,2022-03-21 09:00:00,902,2,17.7,17.97,17.62,17.7,477700,8477980.750000002,derived_ohlc4
HOSE_NT2,NT2,2022-03-22 09:00:00,903,2,17.85,17.85,17.54,17.66,704900,12494352.500000002,derived_ohlc4
HOSE_NT2,NT2,2022-03-23 09:00:00,904,2,17.7,18.24,17.7,18.01,855900,15331308.750000002,derived_ohlc4
HOSE_NT2,NT2,2022-03-24 09:00:00,905,2,18.4,18.4,18.05,18.13,822000,14997389.999999998,derived_ohlc4
HOSE_NT2,NT2,2022-03-25 09:00:00,906,2,18.17,18.32,17.85,17.97,675900,12218582.25,derived_ohlc4
HOSE_NT2,NT2,2022-03-28 09:00:00,907,2,17.85,17.97,17.62,17.78,728100,12963820.5,derived_ohlc4
HOSE_NT2,NT2,2022-03-29 09:00:00,908,2,17.85,18.2,17.85,18.17,683500,12314961.249999998,derived_ohlc4
HOSE_NT2,NT2,2022-03-30 09:00:00,909,2,18.17,18.75,18.17,18.36,1371300,25180496.25,derived_ohlc4
HOSE_NT2,NT2,2022-03-31 09:00:00,910,2,18.48,19.02,18.44,18.94,1739700,32567183.999999996,derived_ohlc4
HOSE_NT2,NT2,2022-04-01 09:00:00,911,2,18.71,19.06,18.71,18.9,1491700,28111086.5,derived_ohlc4
HOSE_NT2,NT2,2022-04-04 09:00:00,912,2,19.35,19.35,18.66,18.66,854100,16232170.5,derived_ohlc4
HOSE_NT2,NT2,2022-04-05 09:00:00,913,2,18.46,18.94,18.42,18.78,820800,15307920.000000002,derived_ohlc4
HOSE_NT2,NT2,2022-04-06 09:00:00,914,2,18.66,19.59,18.66,19.43,1666500,31805152.5,derived_ohlc4
HOSE_NT2,NT2,2022-04-07 09:00:00,915,2,19.43,19.75,19.35,19.43,1495900,29155091.000000004,derived_ohlc4
HOSE_NT2,NT2,2022-04-08 09:00:00,916,2,19.67,19.67,19.06,19.19,1075600,20863951.0,derived_ohlc4
HOSE_NT2,NT2,2022-04-12 09:00:00,917,2,19.27,19.39,18.46,18.62,848000,16056879.999999998,derived_ohlc4
HOSE_NT2,NT2,2022-04-13 09:00:00,918,2,18.62,18.86,18.46,18.54,663600,12356232.0,derived_ohlc4
HOSE_NT2,NT2,2022-04-14 09:00:00,919,2,18.74,19.02,18.58,18.66,485200,9097500.0,derived_ohlc4
HOSE_NT2,NT2,2022-04-15 09:00:00,920,2,18.66,19.43,18.62,19.23,1282800,24353958.000000004,derived_ohlc4
HOSE_NT2,NT2,2022-04-18 09:00:00,921,2,19.31,20.24,19.23,20.08,3483800,68683117.0,derived_ohlc4
HOSE_NT2,NT2,2022-04-19 09:00:00,922,2,20.16,20.32,19.67,19.67,1304600,26033293.000000004,derived_ohlc4
HOSE_NT2,NT2,2022-04-20 09:00:00,923,2,19.51,20.4,19.51,19.55,1834700,36221564.75,derived_ohlc4
HOSE_NT2,NT2,2022-04-21 09:00:00,924,2,19.55,20.16,18.21,18.7,1680300,32186146.500000004,derived_ohlc4
HOSE_NT2,NT2,2022-04-22 09:00:00,925,2,18.66,19.02,17.49,18.21,1949300,35759908.5,derived_ohlc4
HOSE_NT2,NT2,2022-04-25 09:00:00,926,2,18.21,18.25,16.96,16.96,1955900,34414060.5,derived_ohlc4
HOSE_NT2,NT2,2022-04-26 09:00:00,927,2,16.6,18.13,16.19,18.13,1002200,17300477.5,derived_ohlc4
HOSE_NT2,NT2,2022-04-27 09:00:00,928,2,18.05,18.46,17.73,18.13,517900,9370105.75,derived_ohlc4
HOSE_NT2,NT2,2022-04-28 09:00:00,929,2,18.17,18.3,17.81,17.81,647200,11664162.0,derived_ohlc4
HOSE_NT2,NT2,2022-04-29 09:00:00,930,2,17.77,18.3,17.77,18.17,548700,9877971.75,derived_ohlc4
HOSE_NT2,NT2,2022-05-04 09:00:00,931,2,18.17,19.19,17.81,18.7,791600,14618873.0,derived_ohlc4
HOSE_NT2,NT2,2022-05-05 09:00:00,932,2,18.7,19.02,18.21,18.46,572400,10645209.0,derived_ohlc4
HOSE_NT2,NT2,2022-05-06 09:00:00,933,2,18.21,18.66,18.01,18.17,547400,9996892.500000002,derived_ohlc4
HOSE_NT2,NT2,2022-05-09 09:00:00,934,2,18.25,18.25,16.92,16.96,1163500,20471782.5,derived_ohlc4
HOSE_NT2,NT2,2022-05-10 09:00:00,935,2,16.19,17.65,16.19,17.53,442200,7468758.0,derived_ohlc4
HOSE_NT2,NT2,2022-05-11 09:00:00,936,2,17.57,18.3,17.53,18.01,818300,14608700.750000002,derived_ohlc4
HOSE_NT2,NT2,2022-05-12 09:00:00,937,2,17.81,18.13,17.0,17.0,654300,11440435.5,derived_ohlc4
HOSE_NT2,NT2,2022-05-13 09:00:00,938,2,17.32,17.32,16.19,16.27,868500,14569087.499999998,derived_ohlc4
HOSE_NT2,NT2,2022-05-16 09:00:00,939,2,17.0,17.24,16.84,16.88,353900,6012760.999999999,derived_ohlc4
HOSE_NT2,NT2,2022-05-17 09:00:00,940,2,16.84,17.73,16.72,17.69,386700,6668641.5,derived_ohlc4
HOSE_NT2,NT2,2022-05-18 09:00:00,941,2,17.57,17.73,17.32,17.49,284700,4990079.25,derived_ohlc4
HOSE_NT2,NT2,2022-05-19 09:00:00,942,2,16.92,17.53,16.92,17.45,256100,4406200.500000001,derived_ohlc4
HOSE_NT2,NT2,2022-05-20 09:00:00,943,2,17.57,18.13,17.4,17.57,563900,9962703.25,derived_ohlc4
HOSE_NT2,NT2,2022-05-23 09:00:00,944,2,17.57,18.13,17.4,17.53,480000,8475600.0,derived_ohlc4
HOSE_NT2,NT2,2022-05-24 09:00:00,945,2,17.53,17.77,17.4,17.65,366900,6452853.749999999,derived_ohlc4
HOSE_NT2,NT2,2022-05-25 09:00:00,946,2,17.81,18.25,17.73,18.21,740800,13334400.0,derived_ohlc4
HOSE_NT2,NT2,2022-05-26 09:00:00,947,2,18.21,18.21,17.89,18.01,474600,8580768.0,derived_ohlc4
HOSE_NT2,NT2,2022-05-27 09:00:00,948,2,17.97,18.5,17.97,18.05,725700,13151498.25,derived_ohlc4
HOSE_NT2,NT2,2022-05-30 09:00:00,949,2,18.25,18.58,17.97,18.46,664300,12166654.499999998,derived_ohlc4
HOSE_NT2,NT2,2022-05-31 09:00:00,950,2,18.46,18.98,18.38,18.94,1177100,21999998.999999996,derived_ohlc4
HOSE_NT2,NT2,2022-06-01 09:00:00,951,2,19.02,19.55,19.02,19.43,1018000,19601590.000000004,derived_ohlc4
HOSE_NT2,NT2,2022-06-02 09:00:00,952,2,19.59,19.59,18.86,18.86,948100,18227222.5,derived_ohlc4
HOSE_NT2,NT2,2022-06-03 09:00:00,953,2,18.86,19.19,18.7,19.02,691200,13093056.0,derived_ohlc4
HOSE_NT2,NT2,2022-06-06 09:00:00,954,2,19.02,20.32,18.94,20.32,3799000,74650350.0,derived_ohlc4
HOSE_NT2,NT2,2022-06-07 09:00:00,955,2,20.48,21.05,20.48,20.64,2200200,45461632.5,derived_ohlc4
HOSE_NT2,NT2,2022-06-08 09:00:00,956,2,21.05,21.7,20.97,21.05,2311900,48994940.75,derived_ohlc4
HOSE_NT2,NT2,2022-06-09 09:00:00,957,2,20.81,22.51,20.81,22.51,6783700,146934942.0,derived_ohlc4
HOSE_NT2,NT2,2022-06-10 09:00:00,958,2,22.51,22.99,21.45,21.45,3486700,77056070.0,derived_ohlc4
HOSE_NT2,NT2,2022-06-13 09:00:00,959,2,20.72,22.95,20.72,22.1,4342900,93904355.25000001,derived_ohlc4
HOSE_NT2,NT2,2022-06-14 09:00:00,960,2,21.98,23.48,21.45,23.23,3976500,89610427.5,derived_ohlc4
HOSE_NT2,NT2,2022-06-15 09:00:00,961,2,23.27,23.36,21.9,22.51,2466600,56139816.00000001,derived_ohlc4
HOSE_NT2,NT2,2022-06-16 09:00:00,962,2,22.75,23.96,22.26,22.91,5955700,136802429.0,derived_ohlc4
HOSE_NT2,NT2,2022-06-17 09:00:00,963,2,22.42,23.96,22.1,23.48,3429000,78832710.0,derived_ohlc4
HOSE_NT2,NT2,2022-06-20 09:00:00,964,2,23.48,23.48,21.86,21.86,2281700,51726138.99999999,derived_ohlc4
HOSE_NT2,NT2,2022-06-21 09:00:00,965,2,21.13,21.86,20.36,20.36,5562900,116417589.74999999,derived_ohlc4
HOSE_NT2,NT2,2022-06-22 09:00:00,966,2,20.24,20.24,18.94,18.94,6149400,120466746.0,derived_ohlc4
HOSE_NT2,NT2,2022-06-23 09:00:00,967,2,19.35,20.24,18.98,20.24,1474100,29043455.25,derived_ohlc4
HOSE_NT2,NT2,2022-06-24 09:00:00,968,2,20.4,20.6,19.55,19.67,2089000,41894895.0,derived_ohlc4
HOSE_NT2,NT2,2022-06-27 09:00:00,969,2,19.75,20.6,19.51,20.32,2212000,44339540.00000001,derived_ohlc4
HOSE_NT2,NT2,2022-06-28 09:00:00,970,2,20.48,20.97,19.67,20.08,2524100,51239230.0,derived_ohlc4
HOSE_NT2,NT2,2022-06-29 09:00:00,971,2,19.67,20.72,19.67,20.56,1947300,39247831.5,derived_ohlc4
HOSE_NT2,NT2,2022-06-30 09:00:00,972,2,20.81,21.37,20.08,20.08,1997700,41122654.5,derived_ohlc4
HOSE_NT2,NT2,2022-07-01 09:00:00,973,2,20.0,20.64,19.59,20.44,2280100,45983916.75,derived_ohlc4
HOSE_NT2,NT2,2022-07-04 09:00:00,974,2,20.64,20.81,20.08,20.16,1150100,23487917.25,derived_ohlc4
HOSE_NT2,NT2,2022-07-05 09:00:00,975,2,19.91,20.08,18.78,18.78,3702300,71778341.25,derived_ohlc4
HOSE_NT2,NT2,2022-07-06 09:00:00,976,2,17.97,18.98,17.97,18.13,1770500,32333756.25,derived_ohlc4
HOSE_NT2,NT2,2022-07-07 09:00:00,977,2,17.97,18.78,17.93,18.62,1290500,23648412.5,derived_ohlc4
HOSE_NT2,NT2,2022-07-08 09:00:00,978,2,19.02,19.02,18.62,18.74,921400,17368389.999999996,derived_ohlc4
HOSE_NT2,NT2,2022-07-11 09:00:00,979,2,18.62,18.78,17.65,17.97,1213700,22156093.500000004,derived_ohlc4
HOSE_NT2,NT2,2022-07-12 09:00:00,980,2,18.25,19.11,18.09,18.74,859300,15937866.75,derived_ohlc4
HOSE_NT2,NT2,2022-07-13 09:00:00,981,2,19.02,19.02,18.58,18.62,639900,12036519.0,derived_ohlc4
HOSE_NT2,NT2,2022-07-14 09:00:00,982,2,18.86,19.55,18.62,19.51,1289400,24672669.000000004,derived_ohlc4
HOSE_NT2,NT2,2022-07-15 09:00:00,983,2,19.51,20.08,19.31,19.31,1448800,28327662.000000004,derived_ohlc4
HOSE_NT2,NT2,2022-07-18 09:00:00,984,2,19.83,19.83,19.11,19.27,756300,14755412.999999998,derived_ohlc4
HOSE_NT2,NT2,2022-07-19 09:00:00,985,2,20.6,20.6,20.12,20.6,2840000,58163200.000000015,derived_ohlc4
HOSE_NT2,NT2,2022-07-20 09:00:00,986,2,21.13,21.82,20.81,20.85,2546500,53864841.25000001,derived_ohlc4
HOSE_NT2,NT2,2022-07-21 09:00:00,987,2,20.89,21.37,20.48,20.48,1218700,25355053.500000004,derived_ohlc4
HOSE_NT2,NT2,2022-07-22 09:00:00,988,2,20.85,20.97,20.08,20.24,814600,16727811.0,derived_ohlc4
HOSE_NT2,NT2,2022-07-25 09:00:00,989,2,20.24,21.05,20.24,21.05,1558400,32173168.0,derived_ohlc4
HOSE_NT2,NT2,2022-07-26 09:00:00,990,2,21.01,21.29,20.52,20.52,737200,15359561.999999998,derived_ohlc4
HOSE_NT2,NT2,2022-07-27 09:00:00,991,2,20.32,21.13,20.32,21.01,1149900,23797180.5,derived_ohlc4
HOSE_NT2,NT2,2022-07-28 09:00:00,992,2,21.21,21.57,21.05,21.29,1416900,30151632.0,derived_ohlc4
HOSE_NT2,NT2,2022-07-29 09:00:00,993,2,21.37,21.45,20.89,21.05,1330200,28186938.0,derived_ohlc4
HOSE_NT2,NT2,2022-08-01 09:00:00,994,2,21.01,21.33,20.72,21.21,1554300,32745215.250000004,derived_ohlc4
HOSE_NT2,NT2,2022-08-02 09:00:00,995,2,21.21,22.02,21.13,21.86,1799200,38781756.0,derived_ohlc4
HOSE_NT2,NT2,2022-08-03 09:00:00,996,2,21.74,22.06,21.53,21.53,953000,20694395.0,derived_ohlc4
HOSE_NT2,NT2,2022-08-04 09:00:00,997,2,21.61,21.74,21.17,21.25,1126600,24157120.5,derived_ohlc4
HOSE_NT2,NT2,2022-08-05 09:00:00,998,2,21.09,22.02,21.05,21.29,1130800,24156714.999999996,derived_ohlc4
HOSE_NT2,NT2,2022-08-08 09:00:00,999,2,21.29,21.86,21.21,21.82,1227100,26437869.500000004,derived_ohlc4
HOSE_NT2,NT2,2022-08-09 09:00:00,1000,2,21.9,21.98,21.37,21.53,982600,21317507.0,derived_ohlc4
HOSE_NT2,NT2,2022-08-10 09:00:00,1001,2,21.37,21.74,21.33,21.53,813200,17477701.0,derived_ohlc4
HOSE_NT2,NT2,2022-08-11 09:00:00,1002,2,21.57,21.94,20.97,21.05,1426000,30491445.0,derived_ohlc4
HOSE_NT2,NT2,2022-08-12 09:00:00,1003,2,21.05,21.17,20.64,20.89,1742900,36491968.75,derived_ohlc4
HOSE_NT2,NT2,2022-08-15 09:00:00,1004,2,21.05,21.49,21.01,21.49,820200,17437452.0,derived_ohlc4
HOSE_NT2,NT2,2022-08-16 09:00:00,1005,2,21.61,21.74,21.25,21.33,1230900,26442809.249999996,derived_ohlc4
HOSE_NT2,NT2,2022-08-17 09:00:00,1006,2,21.33,21.45,20.81,20.93,1341000,28335330.000000004,derived_ohlc4
HOSE_NT2,NT2,2022-08-18 09:00:00,1007,2,20.89,21.01,20.48,20.81,735000,15286162.500000002,derived_ohlc4
HOSE_NT2,NT2,2022-08-19 09:00:00,1008,2,20.81,20.93,20.64,20.68,548100,11381296.5,derived_ohlc4
HOSE_NT2,NT2,2022-08-22 09:00:00,1009,2,20.56,20.97,20.36,20.44,637000,13111052.5,derived_ohlc4
HOSE_NT2,NT2,2022-08-23 09:00:00,1010,2,20.4,20.93,20.4,20.93,588500,12161352.5,derived_ohlc4
HOSE_NT2,NT2,2022-08-24 09:00:00,1011,2,21.05,21.25,20.89,21.01,820400,17269420.0,derived_ohlc4
HOSE_NT2,NT2,2022-08-25 09:00:00,1012,2,21.17,21.17,20.72,20.89,1087700,22828103.75,derived_ohlc4
HOSE_NT2,NT2,2022-08-26 09:00:00,1013,2,21.05,21.13,20.52,20.72,1071800,22352389.0,derived_ohlc4
HOSE_NT2,NT2,2022-08-29 09:00:00,1014,2,20.4,20.72,20.24,20.64,1111000,22775500.0,derived_ohlc4
HOSE_NT2,NT2,2022-08-30 09:00:00,1015,2,20.85,20.97,20.6,20.72,703100,14613933.5,derived_ohlc4
HOSE_NT2,NT2,2022-08-31 09:00:00,1016,2,21.05,22.14,20.76,22.14,4641700,99900988.25,derived_ohlc4
HOSE_NT2,NT2,2022-09-05 09:00:00,1017,2,22.42,22.99,22.26,22.51,1718400,38741328.0,derived_ohlc4
HOSE_NT2,NT2,2022-09-06 09:00:00,1018,2,22.51,23.4,22.51,22.51,2831100,64357980.75000001,derived_ohlc4
HOSE_NT2,NT2,2022-09-07 09:00:00,1019,2,22.42,23.23,22.34,22.46,2668300,60336933.750000015,derived_ohlc4
HOSE_NT2,NT2,2022-09-08 09:00:00,1020,2,22.79,22.91,21.94,22.06,1668000,37404900.0,derived_ohlc4
HOSE_NT2,NT2,2022-09-09 09:00:00,1021,2,22.38,23.6,22.26,23.6,5644800,129604608.0,derived_ohlc4
HOSE_NT2,NT2,2022-09-12 09:00:00,1022,2,24.12,24.69,23.72,24.25,1632300,39493498.5,derived_ohlc4
HOSE_NT2,NT2,2022-09-13 09:00:00,1023,2,24.25,24.85,23.88,24.29,1581700,38462989.75000001,derived_ohlc4
HOSE_NT2,NT2,2022-09-14 09:00:00,1024,2,23.88,25.54,23.8,23.96,3895300,94636313.5,derived_ohlc4
HOSE_NT2,NT2,2022-09-15 09:00:00,1025,2,24.04,24.61,23.72,24.45,1457400,35276367.0,derived_ohlc4
HOSE_NT2,NT2,2022-09-16 09:00:00,1026,2,24.37,25.5,24.37,25.1,3196200,79377627.0,derived_ohlc4
HOSE_NT2,NT2,2022-09-19 09:00:00,1027,2,25.06,25.82,23.92,24.45,2482600,61599512.5,derived_ohlc4
HOSE_NT2,NT2,2022-09-20 09:00:00,1028,2,24.69,24.69,23.15,24.29,2026400,49049012.0,derived_ohlc4
HOSE_NT2,NT2,2022-09-21 09:00:00,1029,2,24.21,24.93,23.8,24.12,1402400,34029236.0,derived_ohlc4
HOSE_NT2,NT2,2022-09-22 09:00:00,1030,2,24.0,25.78,23.96,25.78,2224600,55348048.00000001,derived_ohlc4
HOSE_NT2,NT2,2022-09-23 09:00:00,1031,2,25.91,26.19,24.69,25.22,1568300,39995570.75,derived_ohlc4
HOSE_NT2,NT2,2022-09-26 09:00:00,1032,2,24.53,25.18,23.8,24.69,1818900,44653995.0,derived_ohlc4
HOSE_NT2,NT2,2022-09-27 09:00:00,1033,2,24.77,26.39,24.61,25.74,1794200,45532310.49999999,derived_ohlc4
HOSE_NT2,NT2,2022-09-28 09:00:00,1034,2,25.74,25.91,23.96,23.96,2623300,65300495.24999999,derived_ohlc4
HOSE_NT2,NT2,2022-09-29 09:00:00,1035,2,23.96,24.21,22.3,22.3,3364100,78021889.25,derived_ohlc4
HOSE_NT2,NT2,2022-09-30 09:00:00,1036,2,21.61,23.48,20.97,23.03,2103000,46839067.5,derived_ohlc4
HOSE_NT2,NT2,2022-10-03 09:00:00,1037,2,22.79,22.79,21.45,21.45,1655300,36615236.0,derived_ohlc4
HOSE_NT2,NT2,2022-10-04 09:00:00,1038,2,21.94,22.1,20.97,21.05,1559500,33552642.5,derived_ohlc4
HOSE_NT2,NT2,2022-10-05 09:00:00,1039,2,21.49,22.51,21.49,22.51,1662400,36572800.0,derived_ohlc4
HOSE_NT2,NT2,2022-10-06 09:00:00,1040,2,22.67,22.91,21.33,21.45,1845700,40771513.0,derived_ohlc4
HOSE_NT2,NT2,2022-10-07 09:00:00,1041,2,21.49,22.41,20.12,21.66,2076600,44480771.99999999,derived_ohlc4
HOSE_NT2,NT2,2022-10-10 09:00:00,1042,2,21.66,23.15,21.58,22.53,1611100,35814753.0,derived_ohlc4
HOSE_NT2,NT2,2022-10-11 09:00:00,1043,2,22.53,22.53,20.95,20.95,1824000,39653760.0,derived_ohlc4
HOSE_NT2,NT2,2022-10-12 09:00:00,1044,2,21.16,21.99,21.0,21.25,902900,19276915.0,derived_ohlc4
HOSE_NT2,NT2,2022-10-13 09:00:00,1045,2,21.25,21.87,21.08,21.87,810400,17437782.0,derived_ohlc4
HOSE_NT2,NT2,2022-10-14 09:00:00,1046,2,22.03,22.28,21.58,21.99,1949700,42834909.0,derived_ohlc4
HOSE_NT2,NT2,2022-10-17 09:00:00,1047,2,21.99,22.57,21.25,22.57,1571000,34711245.0,derived_ohlc4
HOSE_NT2,NT2,2022-10-18 09:00:00,1048,2,23.11,23.11,22.16,22.82,1314900,29979719.999999996,derived_ohlc4
HOSE_NT2,NT2,2022-10-19 09:00:00,1049,2,22.49,22.82,22.08,22.08,883200,19754976.0,derived_ohlc4
HOSE_NT2,NT2,2022-10-20 09:00:00,1050,2,21.78,22.2,21.16,21.25,1927100,41620542.25,derived_ohlc4
HOSE_NT2,NT2,2022-10-21 09:00:00,1051,2,21.41,21.87,21.0,21.16,1741600,37200576.0,derived_ohlc4
HOSE_NT2,NT2,2022-10-24 09:00:00,1052,2,21.2,22.24,21.08,21.41,1824800,39201266.0,derived_ohlc4
HOSE_NT2,NT2,2022-10-25 09:00:00,1053,2,21.62,22.08,20.58,21.83,1575600,33918729.0,derived_ohlc4
HOSE_NT2,NT2,2022-10-26 09:00:00,1054,2,21.83,22.2,21.7,21.83,863100,18893259.0,derived_ohlc4
HOSE_NT2,NT2,2022-10-27 09:00:00,1055,2,21.83,22.16,21.33,22.08,1285400,28085989.999999996,derived_ohlc4
HOSE_NT2,NT2,2022-10-28 09:00:00,1056,2,22.32,22.37,21.58,21.83,864000,19029600.0,derived_ohlc4
HOSE_NT2,NT2,2022-10-31 09:00:00,1057,2,21.66,21.83,20.83,21.08,846900,18081315.0,derived_ohlc4
HOSE_NT2,NT2,2022-11-01 09:00:00,1058,2,21.54,21.78,21.25,21.66,530300,11431942.249999998,derived_ohlc4
HOSE_NT2,NT2,2022-11-02 09:00:00,1059,2,21.66,21.74,21.08,21.33,685200,14699252.999999998,derived_ohlc4
HOSE_NT2,NT2,2022-11-03 09:00:00,1060,2,21.33,21.33,19.88,19.88,2598900,53550334.49999999,derived_ohlc4
HOSE_NT2,NT2,2022-11-04 09:00:00,1061,2,19.75,20.58,19.59,19.92,1176400,23480944.0,derived_ohlc4
HOSE_NT2,NT2,2022-11-07 09:00:00,1062,2,19.71,19.92,18.55,18.55,1382200,26514051.5,derived_ohlc4
HOSE_NT2,NT2,2022-11-08 09:00:00,1063,2,17.8,19.09,17.59,18.92,1094000,20074900.0,derived_ohlc4
HOSE_NT2,NT2,2022-11-09 09:00:00,1064,2,18.88,19.54,18.84,19.09,728100,13897608.750000002,derived_ohlc4
HOSE_NT2,NT2,2022-11-10 09:00:00,1065,2,18.67,19.05,17.76,17.8,1442700,26430264.0,derived_ohlc4
HOSE_NT2,NT2,2022-11-11 09:00:00,1066,2,18.09,19.05,18.09,19.05,1037200,19260804.0,derived_ohlc4
HOSE_NT2,NT2,2022-11-14 09:00:00,1067,2,19.05,19.09,18.22,18.96,721800,13591493.999999998,derived_ohlc4
HOSE_NT2,NT2,2022-11-15 09:00:00,1068,2,18.55,18.84,17.68,17.68,1959100,35631131.25,derived_ohlc4
HOSE_NT2,NT2,2022-11-16 09:00:00,1069,2,17.22,18.84,16.6,18.84,849100,15177662.5,derived_ohlc4
HOSE_NT2,NT2,2022-11-17 09:00:00,1070,2,19.09,19.34,18.59,18.84,412000,7813580.0,derived_ohlc4
HOSE_NT2,NT2,2022-11-18 09:00:00,1071,2,18.84,19.75,18.17,19.09,976900,18524466.250000004,derived_ohlc4
HOSE_NT2,NT2,2022-11-21 09:00:00,1072,2,19.17,20.12,19.13,20.12,716000,14058660.000000002,derived_ohlc4
HOSE_NT2,NT2,2022-11-22 09:00:00,1073,2,20.0,20.42,19.75,19.92,716800,14352128.0,derived_ohlc4
HOSE_NT2,NT2,2022-11-23 09:00:00,1074,2,19.92,21.16,19.92,20.75,968200,19787587.5,derived_ohlc4
HOSE_NT2,NT2,2022-11-24 09:00:00,1075,2,20.12,21.66,20.12,20.58,866400,17865168.0,derived_ohlc4
HOSE_NT2,NT2,2022-11-25 09:00:00,1076,2,20.79,21.16,20.42,20.95,671400,13985262.000000002,derived_ohlc4
HOSE_NT2,NT2,2022-11-28 09:00:00,1077,2,21.16,21.45,20.87,21.16,460300,9739948.0,derived_ohlc4
HOSE_NT2,NT2,2022-11-29 09:00:00,1078,2,21.33,21.41,20.62,21.16,652900,13795777.0,derived_ohlc4
HOSE_NT2,NT2,2022-11-30 09:00:00,1079,2,21.0,22.57,20.58,22.57,1310800,28418144.0,derived_ohlc4
HOSE_NT2,NT2,2022-12-01 09:00:00,1080,2,22.61,22.99,21.62,21.62,976600,21690286.0,derived_ohlc4
HOSE_NT2,NT2,2022-12-02 09:00:00,1081,2,21.41,22.28,21.41,22.28,487000,10638515.0,derived_ohlc4
HOSE_NT2,NT2,2022-12-05 09:00:00,1082,2,22.82,22.82,21.7,22.08,811600,18143318.0,derived_ohlc4
HOSE_NT2,NT2,2022-12-06 09:00:00,1083,2,22.08,22.82,21.37,21.95,913300,20142831.5,derived_ohlc4
HOSE_NT2,NT2,2022-12-07 09:00:00,1084,2,21.95,22.82,21.66,22.24,560800,12431533.999999998,derived_ohlc4
HOSE_NT2,NT2,2022-12-08 09:00:00,1085,2,22.24,22.7,21.99,22.24,563100,12552906.749999998,derived_ohlc4
HOSE_NT2,NT2,2022-12-09 09:00:00,1086,2,22.24,23.24,22.08,22.95,907400,20532193.5,derived_ohlc4
HOSE_NT2,NT2,2022-12-12 09:00:00,1087,2,22.45,23.78,22.45,22.82,1060700,24263512.5,derived_ohlc4
HOSE_NT2,NT2,2022-12-13 09:00:00,1088,2,22.95,23.15,22.49,23.03,302600,6931052.999999999,derived_ohlc4
HOSE_NT2,NT2,2022-12-14 09:00:00,1089,2,23.32,23.32,22.49,22.99,513100,11816692.999999998,derived_ohlc4
HOSE_NT2,NT2,2022-12-15 09:00:00,1090,2,22.66,23.32,22.66,23.2,479800,11016208.0,derived_ohlc4
HOSE_NT2,NT2,2022-12-16 09:00:00,1091,2,23.07,23.57,23.07,23.2,705500,16387001.250000002,derived_ohlc4
HOSE_NT2,NT2,2022-12-19 09:00:00,1092,2,22.86,23.44,22.82,22.82,408700,9393969.5,derived_ohlc4
HOSE_NT2,NT2,2022-12-20 09:00:00,1093,2,22.9,22.99,21.49,22.2,540700,12108976.5,derived_ohlc4
HOSE_NT2,NT2,2022-12-21 09:00:00,1094,2,22.28,22.41,21.66,21.99,257100,5678053.499999999,derived_ohlc4
HOSE_NT2,NT2,2022-12-22 09:00:00,1095,2,22.41,23.03,21.95,23.03,376300,8506261.5,derived_ohlc4
HOSE_NT2,NT2,2022-12-23 09:00:00,1096,2,23.03,24.61,23.03,23.82,1083200,25587892.000000004,derived_ohlc4
HOSE_NT2,NT2,2022-12-26 09:00:00,1097,2,23.82,24.07,23.07,23.24,337300,7943415.0,derived_ohlc4
HOSE_NT2,NT2,2022-12-27 09:00:00,1098,2,23.32,23.65,22.66,23.49,415700,9677495.999999998,derived_ohlc4
HOSE_NT2,NT2,2022-12-28 09:00:00,1099,2,22.99,23.86,22.99,23.86,331600,7767729.999999999,derived_ohlc4
HOSE_NT2,NT2,2022-12-29 09:00:00,1100,2,23.86,23.9,23.24,23.82,275100,6521245.499999999,derived_ohlc4
HOSE_NT2,NT2,2022-12-30 09:00:00,1101,2,24.03,24.03,23.32,23.94,203000,4837490.0,derived_ohlc4
HOSE_NT2,NT2,2023-01-03 09:00:00,1102,2,23.98,24.48,23.49,24.19,216200,5196367.0,derived_ohlc4
HOSE_NT2,NT2,2023-01-04 09:00:00,1103,2,24.36,25.31,23.9,25.27,608900,15045918.999999998,derived_ohlc4
HOSE_NT2,NT2,2023-01-05 09:00:00,1104,2,25.27,26.06,24.65,24.9,958100,24163282.0,derived_ohlc4
HOSE_NT2,NT2,2023-01-06 09:00:00,1105,2,24.77,24.98,23.28,23.86,1209800,29304380.5,derived_ohlc4
HOSE_NT2,NT2,2023-01-09 09:00:00,1106,2,23.86,24.15,23.07,23.36,681300,16085493.0,derived_ohlc4
HOSE_NT2,NT2,2023-01-10 09:00:00,1107,2,23.36,23.73,23.11,23.4,340400,7965359.999999999,derived_ohlc4
HOSE_NT2,NT2,2023-01-11 09:00:00,1108,2,23.44,24.07,23.03,23.73,839900,19794343.250000004,derived_ohlc4
HOSE_NT2,NT2,2023-01-12 09:00:00,1109,2,23.82,24.15,23.49,23.78,444300,10578783.0,derived_ohlc4
HOSE_NT2,NT2,2023-01-13 09:00:00,1110,2,23.82,24.07,23.65,23.73,554500,13206803.75,derived_ohlc4
HOSE_NT2,NT2,2023-01-16 09:00:00,1111,2,23.65,23.82,23.36,23.44,295600,6966553.0,derived_ohlc4
HOSE_NT2,NT2,2023-01-17 09:00:00,1112,2,23.4,23.82,23.15,23.82,572000,13469170.0,derived_ohlc4
HOSE_NT2,NT2,2023-01-18 09:00:00,1113,2,23.82,23.9,23.57,23.61,381600,9053460.0,derived_ohlc4
HOSE_NT2,NT2,2023-01-19 09:00:00,1114,2,23.65,24.27,23.61,23.61,765100,18197903.5,derived_ohlc4
HOSE_NT2,NT2,2023-01-27 09:00:00,1115,2,23.69,23.9,22.82,23.4,1114000,26126085.0,derived_ohlc4
HOSE_NT2,NT2,2023-01-30 09:00:00,1116,2,23.4,23.4,22.66,22.7,1014000,23362560.0,derived_ohlc4
HOSE_NT2,NT2,2023-01-31 09:00:00,1117,2,22.7,23.9,22.66,23.9,1179900,27479871.0,derived_ohlc4
HOSE_NT2,NT2,2023-02-01 09:00:00,1118,2,23.98,24.19,22.24,22.9,1087600,25370989.0,derived_ohlc4
HOSE_NT2,NT2,2023-02-02 09:00:00,1119,2,23.32,23.32,22.32,22.32,573100,13078142.0,derived_ohlc4
HOSE_NT2,NT2,2023-02-03 09:00:00,1120,2,22.41,22.7,21.99,22.45,371900,8325911.25,derived_ohlc4
HOSE_NT2,NT2,2023-02-06 09:00:00,1121,2,22.24,23.32,22.24,23.28,613500,13969395.0,derived_ohlc4
HOSE_NT2,NT2,2023-02-07 09:00:00,1122,2,23.32,23.82,23.2,23.32,652600,15280629.0,derived_ohlc4
HOSE_NT2,NT2,2023-02-08 09:00:00,1123,2,23.44,23.53,23.11,23.32,622200,14528370.0,derived_ohlc4
HOSE_NT2,NT2,2023-02-09 09:00:00,1124,2,23.07,23.53,22.99,23.24,208100,4829480.75,derived_ohlc4
HOSE_NT2,NT2,2023-02-10 09:00:00,1125,2,23.24,24.07,23.24,23.32,902000,21167685.0,derived_ohlc4
HOSE_NT2,NT2,2023-02-13 09:00:00,1126,2,23.36,24.23,23.32,24.23,1103900,26256261.5,derived_ohlc4
HOSE_NT2,NT2,2023-02-14 09:00:00,1127,2,24.48,24.56,23.78,23.86,407700,9854109.0,derived_ohlc4
HOSE_NT2,NT2,2023-02-15 09:00:00,1128,2,23.9,24.32,23.65,24.07,488900,11726266.5,derived_ohlc4
HOSE_NT2,NT2,2023-02-16 09:00:00,1129,2,24.4,24.44,23.86,23.94,412800,9973248.0,derived_ohlc4
HOSE_NT2,NT2,2023-02-17 09:00:00,1130,2,24.11,24.73,23.69,24.4,630200,15271321.500000002,derived_ohlc4
HOSE_NT2,NT2,2023-02-20 09:00:00,1131,2,24.4,24.81,24.11,24.48,605400,14802030.0,derived_ohlc4
HOSE_NT2,NT2,2023-02-21 09:00:00,1132,2,24.73,24.73,23.82,23.82,677400,16443884.999999998,derived_ohlc4
HOSE_NT2,NT2,2023-02-22 09:00:00,1133,2,23.57,24.07,23.49,23.57,611600,14479629.999999998,derived_ohlc4
HOSE_NT2,NT2,2023-02-23 09:00:00,1134,2,23.4,24.27,23.11,24.23,797700,18947369.25,derived_ohlc4
HOSE_NT2,NT2,2023-02-24 09:00:00,1135,2,24.23,24.73,24.07,24.23,400600,9740589.0,derived_ohlc4
HOSE_NT2,NT2,2023-02-27 09:00:00,1136,2,24.23,24.23,23.53,23.65,326600,7809006.000000001,derived_ohlc4
HOSE_NT2,NT2,2023-02-28 09:00:00,1137,2,23.65,24.07,23.65,23.82,283600,6748971.0,derived_ohlc4
HOSE_NT2,NT2,2023-03-01 09:00:00,1138,2,23.73,24.27,23.65,24.27,462700,11095546.0,derived_ohlc4
HOSE_NT2,NT2,2023-03-02 09:00:00,1139,2,24.19,25.64,24.19,25.56,2070400,51542608.0,derived_ohlc4
HOSE_NT2,NT2,2023-03-03 09:00:00,1140,2,25.73,25.73,24.56,24.86,749100,18892302.0,derived_ohlc4
HOSE_NT2,NT2,2023-03-06 09:00:00,1141,2,25.02,25.19,24.4,24.4,552500,13675756.249999998,derived_ohlc4
HOSE_NT2,NT2,2023-03-07 09:00:00,1142,2,25.69,25.69,24.65,24.65,820700,20657019.0,derived_ohlc4
HOSE_NT2,NT2,2023-03-08 09:00:00,1143,2,24.65,24.81,24.07,24.73,1279800,31438287.0,derived_ohlc4
HOSE_NT2,NT2,2023-03-09 09:00:00,1144,2,25.02,25.31,24.77,25.06,424200,10621968.0,derived_ohlc4
HOSE_NT2,NT2,2023-03-10 09:00:00,1145,2,24.81,24.98,24.32,24.56,557300,13747197.75,derived_ohlc4
HOSE_NT2,NT2,2023-03-13 09:00:00,1146,2,24.32,24.65,24.27,24.32,591900,14436441.0,derived_ohlc4
HOSE_NT2,NT2,2023-03-14 09:00:00,1147,2,24.36,24.4,23.73,24.07,1029300,24847302.0,derived_ohlc4
HOSE_NT2,NT2,2023-03-15 09:00:00,1148,2,24.32,24.61,24.19,24.48,479300,11694920.000000002,derived_ohlc4
HOSE_NT2,NT2,2023-03-16 09:00:00,1149,2,24.32,24.4,24.03,24.07,896100,21690100.5,derived_ohlc4
HOSE_NT2,NT2,2023-03-17 09:00:00,1150,2,24.15,24.4,23.82,24.07,542700,13084497.0,derived_ohlc4
HOSE_NT2,NT2,2023-03-20 09:00:00,1151,2,24.07,24.32,23.65,23.65,583900,13968347.75,derived_ohlc4
HOSE_NT2,NT2,2023-03-21 09:00:00,1152,2,23.94,24.23,23.78,24.07,638700,15331993.500000002,derived_ohlc4
HOSE_NT2,NT2,2023-03-22 09:00:00,1153,2,24.23,24.4,24.03,24.23,466600,11302218.5,derived_ohlc4
HOSE_NT2,NT2,2023-03-23 09:00:00,1154,2,24.49,24.49,24.06,24.28,323000,7858589.999999999,derived_ohlc4
HOSE_NT2,NT2,2023-03-24 09:00:00,1155,2,24.32,24.32,24.06,24.06,315300,7627107.0,derived_ohlc4
HOSE_NT2,NT2,2023-03-27 09:00:00,1156,2,24.06,24.66,24.02,24.58,650400,15824231.999999998,derived_ohlc4
HOSE_NT2,NT2,2023-03-28 09:00:00,1157,2,24.49,24.71,24.28,24.49,461600,11305738.0,derived_ohlc4
HOSE_NT2,NT2,2023-03-29 09:00:00,1158,2,24.45,24.75,24.4,24.58,246200,6042979.0,derived_ohlc4
HOSE_NT2,NT2,2023-03-30 09:00:00,1159,2,24.79,24.79,24.58,24.58,264200,6521777.0,derived_ohlc4
HOSE_NT2,NT2,2023-03-31 09:00:00,1160,2,24.49,24.75,24.49,24.75,437800,10778635.999999998,derived_ohlc4
HOSE_NT2,NT2,2023-04-03 09:00:00,1161,2,24.83,25.26,24.66,25.05,532100,13275895.0,derived_ohlc4
HOSE_NT2,NT2,2023-04-04 09:00:00,1162,2,25.14,25.69,24.92,25.69,707900,17952344.0,derived_ohlc4
HOSE_NT2,NT2,2023-04-05 09:00:00,1163,2,25.61,26.55,25.39,26.21,939900,24381005.999999996,derived_ohlc4
HOSE_NT2,NT2,2023-04-06 09:00:00,1164,2,25.95,26.3,25.35,25.35,882700,22718491.249999996,derived_ohlc4
HOSE_NT2,NT2,2023-04-07 09:00:00,1165,2,25.35,25.44,24.96,25.05,396600,9994320.0,derived_ohlc4
HOSE_NT2,NT2,2023-04-10 09:00:00,1166,2,25.05,25.44,24.96,25.14,269500,6777251.25,derived_ohlc4
HOSE_NT2,NT2,2023-04-11 09:00:00,1167,2,25.05,25.61,24.96,25.61,456500,11552873.75,derived_ohlc4
HOSE_NT2,NT2,2023-04-12 09:00:00,1168,2,25.61,26.47,25.61,25.69,841800,21756321.0,derived_ohlc4
HOSE_NT2,NT2,2023-04-13 09:00:00,1169,2,25.82,26.08,25.61,25.74,240600,6210487.499999999,derived_ohlc4
HOSE_NT2,NT2,2023-04-14 09:00:00,1170,2,25.78,25.78,24.92,24.92,571800,14495130.0,derived_ohlc4
HOSE_NT2,NT2,2023-04-17 09:00:00,1171,2,24.96,25.18,24.75,24.88,258500,6447636.25,derived_ohlc4
HOSE_NT2,NT2,2023-04-18 09:00:00,1172,2,24.79,25.22,24.79,25.18,192900,4821535.499999999,derived_ohlc4
HOSE_NT2,NT2,2023-04-19 09:00:00,1173,2,25.44,25.61,25.26,25.26,543900,13810980.750000002,derived_ohlc4
HOSE_NT2,NT2,2023-04-20 09:00:00,1174,2,25.26,25.35,25.18,25.22,266800,6737366.999999999,derived_ohlc4
HOSE_NT2,NT2,2023-04-21 09:00:00,1175,2,25.52,25.74,25.18,25.44,500700,12752829.0,derived_ohlc4
HOSE_NT2,NT2,2023-04-24 09:00:00,1176,2,25.61,26.04,25.22,25.95,597600,15361308.000000002,derived_ohlc4
HOSE_NT2,NT2,2023-04-25 09:00:00,1177,2,25.95,26.51,25.91,25.95,834200,21755936.0,derived_ohlc4
HOSE_NT2,NT2,2023-04-26 09:00:00,1178,2,26.04,26.04,25.65,25.99,240000,6223199.999999999,derived_ohlc4
HOSE_NT2,NT2,2023-04-27 09:00:00,1179,2,26.17,26.42,25.87,25.99,956600,24979217.5,derived_ohlc4
HOSE_NT2,NT2,2023-04-28 09:00:00,1180,2,26.21,27.46,26.08,27.11,1358900,36303013.5,derived_ohlc4
HOSE_NT2,NT2,2023-05-04 09:00:00,1181,2,27.11,27.46,26.77,27.24,935800,25402291.0,derived_ohlc4
HOSE_NT2,NT2,2023-05-05 09:00:00,1182,2,27.24,27.28,26.77,26.77,548200,14809622.999999998,derived_ohlc4
HOSE_NT2,NT2,2023-05-08 09:00:00,1183,2,27.15,27.24,26.55,26.55,746700,20065695.75,derived_ohlc4
HOSE_NT2,NT2,2023-05-09 09:00:00,1184,2,26.51,26.85,26.47,26.72,430000,11454125.0,derived_ohlc4
HOSE_NT2,NT2,2023-05-10 09:00:00,1185,2,26.72,27.03,26.68,26.81,386400,10359384.0,derived_ohlc4
HOSE_NT2,NT2,2023-05-11 09:00:00,1186,2,27.33,27.33,26.47,26.47,682500,18359250.0,derived_ohlc4
HOSE_NT2,NT2,2023-05-12 09:00:00,1187,2,26.47,26.9,26.04,26.77,1109200,29443713.999999996,derived_ohlc4
HOSE_NT2,NT2,2023-05-15 09:00:00,1188,2,27.07,27.07,26.47,26.47,411200,11007824.0,derived_ohlc4
HOSE_NT2,NT2,2023-05-16 09:00:00,1189,2,26.64,27.03,26.51,26.64,983400,26261697.0,derived_ohlc4
HOSE_NT2,NT2,2023-05-17 09:00:00,1190,2,26.64,26.81,26.3,26.34,471300,12500054.25,derived_ohlc4
HOSE_NT2,NT2,2023-05-18 09:00:00,1191,2,26.38,26.64,26.34,26.55,375700,9947596.75,derived_ohlc4
HOSE_NT2,NT2,2023-05-19 09:00:00,1192,2,26.64,27.71,26.64,27.28,1197800,32421451.500000004,derived_ohlc4
HOSE_NT2,NT2,2023-05-22 09:00:00,1193,2,27.5,28.79,27.5,28.44,1604400,45015452.99999999,derived_ohlc4
HOSE_NT2,NT2,2023-05-23 09:00:00,1194,2,28.44,28.53,27.84,28.19,727200,20543400.0,derived_ohlc4
HOSE_NT2,NT2,2023-05-24 09:00:00,1195,2,28.14,28.57,28.06,28.19,574300,16218232.0,derived_ohlc4
HOSE_NT2,NT2,2023-05-25 09:00:00,1196,2,27.93,28.31,27.8,28.27,529500,14867036.249999998,derived_ohlc4
HOSE_NT2,NT2,2023-05-26 09:00:00,1197,2,28.36,28.83,27.93,28.27,467600,13255291.0,derived_ohlc4
HOSE_NT2,NT2,2023-05-29 09:00:00,1198,2,28.4,28.4,28.06,28.23,326600,9233798.5,derived_ohlc4
HOSE_NT2,NT2,2023-05-30 09:00:00,1199,2,28.27,28.83,28.01,28.62,594800,16911651.0,derived_ohlc4
HOSE_NT2,NT2,2023-05-31 09:00:00,1200,2,28.66,28.87,28.23,28.36,568800,16227864.0,derived_ohlc4
HOSE_NT2,NT2,2023-06-01 09:00:00,1201,2,28.44,28.49,28.14,28.36,318600,9034699.5,derived_ohlc4
HOSE_NT2,NT2,2023-06-02 09:00:00,1202,2,28.36,28.62,28.19,28.27,456400,12943504.0,derived_ohlc4
HOSE_NT2,NT2,2023-06-05 09:00:00,1203,2,28.62,29.22,28.31,28.87,754800,21704274.000000004,derived_ohlc4
HOSE_NT2,NT2,2023-06-06 09:00:00,1204,2,28.83,28.87,28.44,28.79,240700,6915912.75,derived_ohlc4
HOSE_NT2,NT2,2023-06-07 09:00:00,1205,2,28.79,29.04,28.01,28.1,1128600,32148171.0,derived_ohlc4
HOSE_NT2,NT2,2023-06-08 09:00:00,1206,2,28.19,28.31,27.88,27.88,791900,22224673.5,derived_ohlc4
HOSE_NT2,NT2,2023-06-09 09:00:00,1207,2,27.93,27.93,27.24,27.63,738900,20454599.249999996,derived_ohlc4
HOSE_NT2,NT2,2023-06-12 09:00:00,1208,2,27.76,28.14,27.46,27.84,513100,14264180.000000002,derived_ohlc4
HOSE_NT2,NT2,2023-06-13 09:00:00,1209,2,28.01,28.01,27.5,27.5,532200,14771211.000000002,derived_ohlc4
HOSE_NT2,NT2,2023-06-14 09:00:00,1210,2,27.71,27.71,27.07,27.28,710400,19495152.0,derived_ohlc4
HOSE_NT2,NT2,2023-06-15 09:00:00,1211,2,27.28,27.67,27.15,27.67,289500,7944603.75,derived_ohlc4
HOSE_NT2,NT2,2023-06-16 09:00:00,1212,2,27.58,27.76,27.07,27.07,632600,17314262.0,derived_ohlc4
HOSE_NT2,NT2,2023-06-19 09:00:00,1213,2,27.07,27.33,26.9,27.07,273300,7404380.25,derived_ohlc4
HOSE_NT2,NT2,2023-06-20 09:00:00,1214,2,27.07,27.07,26.47,26.64,737100,19763493.75,derived_ohlc4
HOSE_NT2,NT2,2023-06-21 09:00:00,1215,2,26.98,26.98,26.64,26.81,596300,16012145.75,derived_ohlc4
HOSE_NT2,NT2,2023-06-22 09:00:00,1216,2,26.9,27.84,26.9,27.84,1534700,42004738.99999999,derived_ohlc4
HOSE_NT2,NT2,2023-06-23 09:00:00,1217,2,28.01,28.01,27.37,27.46,470400,13035960.0,derived_ohlc4
HOSE_NT2,NT2,2023-06-26 09:00:00,1218,2,27.33,27.46,26.81,27.46,630200,17182403.0,derived_ohlc4
HOSE_NT2,NT2,2023-06-27 09:00:00,1219,2,27.46,27.5,27.11,27.33,409100,11188885.0,derived_ohlc4
HOSE_NT2,NT2,2023-06-28 09:00:00,1220,2,27.24,27.63,27.15,27.2,583300,15927006.5,derived_ohlc4
HOSE_NT2,NT2,2023-06-29 09:00:00,1221,2,27.2,27.33,26.64,26.64,533000,14365682.5,derived_ohlc4
HOSE_NT2,NT2,2023-06-30 09:00:00,1222,2,26.51,26.64,25.69,25.69,1212100,31675203.25,derived_ohlc4
HOSE_NT2,NT2,2023-07-03 09:00:00,1223,2,25.74,26.04,25.52,25.52,636000,16348379.999999998,derived_ohlc4
HOSE_NT2,NT2,2023-07-04 09:00:00,1224,2,25.78,26.21,25.39,26.12,846100,21892837.5,derived_ohlc4
HOSE_NT2,NT2,2023-07-05 09:00:00,1225,2,26.3,26.3,25.91,25.95,594500,15525367.500000002,derived_ohlc4
HOSE_NT2,NT2,2023-07-06 09:00:00,1226,2,25.95,25.95,25.35,25.78,723000,18622672.5,derived_ohlc4
HOSE_NT2,NT2,2023-07-07 09:00:00,1227,2,25.74,25.78,25.18,25.56,1020500,26089082.499999996,derived_ohlc4
HOSE_NT2,NT2,2023-07-10 09:00:00,1228,2,25.48,26.21,25.35,26.21,1100000,28393750.0,derived_ohlc4
HOSE_NT2,NT2,2023-07-11 09:00:00,1229,2,26.47,26.47,25.82,25.91,785200,20546720.999999996,derived_ohlc4
HOSE_NT2,NT2,2023-07-12 09:00:00,1230,2,25.87,25.99,25.65,25.69,526000,13570799.999999998,derived_ohlc4
HOSE_NT2,NT2,2023-07-13 09:00:00,1231,2,25.78,26.04,25.74,25.95,844500,21853548.75,derived_ohlc4
HOSE_NT2,NT2,2023-07-14 09:00:00,1232,2,26.04,26.94,26.04,26.94,2018300,53464767.00000001,derived_ohlc4
HOSE_NT2,NT2,2023-07-17 09:00:00,1233,2,26.94,26.94,26.64,26.81,884300,23727979.750000004,derived_ohlc4
HOSE_NT2,NT2,2023-07-18 09:00:00,1234,2,26.81,26.85,26.51,26.6,788400,21044367.000000004,derived_ohlc4
HOSE_NT2,NT2,2023-07-19 09:00:00,1235,2,26.64,26.98,26.38,26.55,765500,20391006.25,derived_ohlc4
HOSE_NT2,NT2,2023-07-20 09:00:00,1236,2,26.38,26.38,26.08,26.21,1378500,36202856.25000001,derived_ohlc4
HOSE_NT2,NT2,2023-07-21 09:00:00,1237,2,26.08,26.55,25.99,26.42,1008900,26493713.999999996,derived_ohlc4
HOSE_NT2,NT2,2023-07-24 09:00:00,1238,2,26.42,26.42,25.78,25.99,1052200,27517660.5,derived_ohlc4
HOSE_NT2,NT2,2023-07-25 09:00:00,1239,2,26.17,26.17,25.69,25.69,748800,19416384.0,derived_ohlc4
HOSE_NT2,NT2,2023-07-26 09:00:00,1240,2,25.69,26.12,25.61,25.82,660100,17037181.0,derived_ohlc4
HOSE_NT2,NT2,2023-07-27 09:00:00,1241,2,25.82,26.12,24.02,25.01,1561600,39418688.0,derived_ohlc4
HOSE_NT2,NT2,2023-07-28 09:00:00,1242,2,25.31,25.31,24.92,25.14,724700,18240699.0,derived_ohlc4
HOSE_NT2,NT2,2023-07-31 09:00:00,1243,2,25.14,25.65,25.09,25.26,589500,14905507.5,derived_ohlc4
HOSE_NT2,NT2,2023-08-01 09:00:00,1244,2,25.26,25.26,24.96,25.14,599200,15072876.0,derived_ohlc4
HOSE_NT2,NT2,2023-08-02 09:00:00,1245,2,24.92,25.14,24.92,25.09,401000,10032017.5,derived_ohlc4
HOSE_NT2,NT2,2023-08-03 09:00:00,1246,2,25.09,25.44,25.09,25.35,753900,19030320.75,derived_ohlc4
HOSE_NT2,NT2,2023-08-04 09:00:00,1247,2,25.39,25.48,25.18,25.22,495800,12552416.500000002,derived_ohlc4
HOSE_NT2,NT2,2023-08-07 09:00:00,1248,2,25.44,25.48,25.22,25.22,650200,16476068.0,derived_ohlc4
HOSE_NT2,NT2,2023-08-08 09:00:00,1249,2,25.26,26.04,25.22,26.04,1841800,47223752.0,derived_ohlc4
HOSE_NT2,NT2,2023-08-09 09:00:00,1250,2,26.12,26.12,25.65,25.69,806500,20884317.5,derived_ohlc4
HOSE_NT2,NT2,2023-08-10 09:00:00,1251,2,25.78,26.04,25.44,25.44,1069600,27461980.0,derived_ohlc4
HOSE_NT2,NT2,2023-08-11 09:00:00,1252,2,25.44,25.52,25.01,25.52,689900,17504487.75,derived_ohlc4
HOSE_NT2,NT2,2023-08-14 09:00:00,1253,2,25.52,25.69,25.31,25.48,729600,18604800.0,derived_ohlc4
HOSE_NT2,NT2,2023-08-15 09:00:00,1254,2,25.52,25.87,25.44,25.52,919500,23527706.25,derived_ohlc4
HOSE_NT2,NT2,2023-08-16 09:00:00,1255,2,25.44,25.65,25.26,25.35,382200,9717435.000000002,derived_ohlc4
HOSE_NT2,NT2,2023-08-17 09:00:00,1256,2,25.22,25.35,25.05,25.09,679600,17110629.0,derived_ohlc4
HOSE_NT2,NT2,2023-08-18 09:00:00,1257,2,25.09,25.09,23.37,23.37,1663300,40301759.0,derived_ohlc4
HOSE_NT2,NT2,2023-08-21 09:00:00,1258,2,23.37,23.8,23.24,23.63,431700,10149267.0,derived_ohlc4
HOSE_NT2,NT2,2023-08-22 09:00:00,1259,2,23.63,23.8,23.24,23.8,675000,15941812.5,derived_ohlc4
HOSE_NT2,NT2,2023-08-23 09:00:00,1260,2,23.98,23.98,23.59,23.63,367800,8751801.0,derived_ohlc4
HOSE_NT2,NT2,2023-08-24 09:00:00,1261,2,23.72,23.72,23.46,23.72,336600,7962273.0,derived_ohlc4
HOSE_NT2,NT2,2023-08-25 09:00:00,1262,2,23.72,23.72,23.5,23.63,563900,13332005.749999998,derived_ohlc4
HOSE_NT2,NT2,2023-08-28 09:00:00,1263,2,23.89,23.89,23.46,23.72,360700,8563018.0,derived_ohlc4
HOSE_NT2,NT2,2023-08-29 09:00:00,1264,2,23.72,23.85,23.55,23.67,492100,11661539.75,derived_ohlc4
HOSE_NT2,NT2,2023-08-30 09:00:00,1265,2,23.72,23.8,23.59,23.67,293900,6963960.5,derived_ohlc4
HOSE_NT2,NT2,2023-08-31 09:00:00,1266,2,23.72,24.1,23.67,23.98,617700,14742954.750000002,derived_ohlc4
HOSE_NT2,NT2,2023-09-05 09:00:00,1267,2,24.06,24.96,24.06,24.92,897200,21981400.0,derived_ohlc4
HOSE_NT2,NT2,2023-09-06 09:00:00,1268,2,24.96,25.31,24.75,24.88,965800,24120854.999999996,derived_ohlc4
HOSE_NT2,NT2,2023-09-07 09:00:00,1269,2,24.92,25.09,24.53,24.71,973300,24150006.25,derived_ohlc4
HOSE_NT2,NT2,2023-09-08 09:00:00,1270,2,24.75,25.61,24.75,25.35,2023900,50830248.50000001,derived_ohlc4
HOSE_NT2,NT2,2023-09-11 09:00:00,1271,2,25.74,25.91,25.39,25.56,1383100,35476515.0,derived_ohlc4
HOSE_NT2,NT2,2023-09-12 09:00:00,1272,2,25.56,25.82,25.35,25.65,888800,22748836.0,derived_ohlc4
HOSE_NT2,NT2,2023-09-13 09:00:00,1273,2,25.74,25.74,25.31,25.35,1663300,42472365.49999999,derived_ohlc4
HOSE_NT2,NT2,2023-09-14 09:00:00,1274,2,25.26,25.49,24.72,24.81,757200,18983004.0,derived_ohlc4
HOSE_NT2,NT2,2023-09-15 09:00:00,1275,2,24.63,24.99,24.08,24.08,991000,24224994.999999996,derived_ohlc4
HOSE_NT2,NT2,2023-09-18 09:00:00,1276,2,24.08,24.26,23.77,23.99,401600,9648440.0,derived_ohlc4
HOSE_NT2,NT2,2023-09-19 09:00:00,1277,2,23.99,24.99,23.77,24.17,1343500,32553005.0,derived_ohlc4
HOSE_NT2,NT2,2023-09-20 09:00:00,1278,2,24.22,24.67,24.22,24.4,585100,14263275.249999998,derived_ohlc4
HOSE_NT2,NT2,2023-09-21 09:00:00,1279,2,24.63,24.63,23.9,24.08,965600,23473736.0,derived_ohlc4
HOSE_NT2,NT2,2023-09-22 09:00:00,1280,2,23.9,24.08,23.36,23.63,896000,21273280.0,derived_ohlc4
HOSE_NT2,NT2,2023-09-25 09:00:00,1281,2,23.45,23.81,22.63,22.81,941400,21816945.0,derived_ohlc4
HOSE_NT2,NT2,2023-09-26 09:00:00,1282,2,22.72,22.95,22.18,22.18,1021700,22995912.75,derived_ohlc4
HOSE_NT2,NT2,2023-09-27 09:00:00,1283,2,22.18,22.27,21.73,22.27,656600,14519067.5,derived_ohlc4
HOSE_NT2,NT2,2023-09-28 09:00:00,1284,2,22.36,22.36,21.82,21.82,557000,12304129.999999998,derived_ohlc4
HOSE_NT2,NT2,2023-09-29 09:00:00,1285,2,21.95,22.41,21.95,22.18,441900,9775932.750000002,derived_ohlc4
HOSE_NT2,NT2,2023-10-02 09:00:00,1286,2,22.54,22.54,22.32,22.54,435200,9785472.0,derived_ohlc4
HOSE_NT2,NT2,2023-10-03 09:00:00,1287,2,22.54,22.54,21.77,21.91,670700,14882832.999999998,derived_ohlc4
HOSE_NT2,NT2,2023-10-04 09:00:00,1288,2,21.91,22.23,21.73,21.91,369700,8113066.5,derived_ohlc4
HOSE_NT2,NT2,2023-10-05 09:00:00,1289,2,21.95,22.41,21.86,21.86,538600,11859972.0,derived_ohlc4
HOSE_NT2,NT2,2023-10-06 09:00:00,1290,2,22.09,22.18,21.86,21.91,221800,4881818.0,derived_ohlc4
HOSE_NT2,NT2,2023-10-09 09:00:00,1291,2,21.95,22.32,21.91,22.32,553500,12246187.5,derived_ohlc4
HOSE_NT2,NT2,2023-10-10 09:00:00,1292,2,22.54,23.27,22.45,22.81,653000,14867177.500000002,derived_ohlc4
HOSE_NT2,NT2,2023-10-11 09:00:00,1293,2,23.09,23.09,22.45,22.77,275700,6299744.999999999,derived_ohlc4
HOSE_NT2,NT2,2023-10-12 09:00:00,1294,2,22.81,22.81,22.36,22.5,631400,14282267.999999998,derived_ohlc4
HOSE_NT2,NT2,2023-10-13 09:00:00,1295,2,22.36,22.59,22.23,22.5,388000,8698960.0,derived_ohlc4
HOSE_NT2,NT2,2023-10-16 09:00:00,1296,2,22.5,22.5,22.14,22.14,474400,10588608.0,derived_ohlc4
HOSE_NT2,NT2,2023-10-17 09:00:00,1297,2,22.14,22.45,22.14,22.14,437000,9709047.5,derived_ohlc4
HOSE_NT2,NT2,2023-10-18 09:00:00,1298,2,22.14,22.14,20.96,21.05,1195300,25785609.250000004,derived_ohlc4
HOSE_NT2,NT2,2023-10-19 09:00:00,1299,2,21.0,21.05,20.64,20.73,595600,12421238.0,derived_ohlc4
HOSE_NT2,NT2,2023-10-20 09:00:00,1300,2,20.37,20.82,20.23,20.82,438600,9017616.000000002,derived_ohlc4
HOSE_NT2,NT2,2023-10-23 09:00:00,1301,2,21.14,21.14,20.55,20.69,200600,4188528.0,derived_ohlc4
HOSE_NT2,NT2,2023-10-24 09:00:00,1302,2,20.73,21.41,20.64,21.37,757600,15938010.000000002,derived_ohlc4
HOSE_NT2,NT2,2023-10-25 09:00:00,1303,2,21.37,21.68,21.23,21.23,486200,10393740.5,derived_ohlc4
HOSE_NT2,NT2,2023-10-26 09:00:00,1304,2,20.46,21.37,20.28,20.33,558400,11508624.0,derived_ohlc4
HOSE_NT2,NT2,2023-10-27 09:00:00,1305,2,20.46,20.82,20.37,20.82,328500,6772848.75,derived_ohlc4
HOSE_NT2,NT2,2023-10-30 09:00:00,1306,2,20.55,21.0,20.55,20.82,154500,3202784.9999999995,derived_ohlc4
HOSE_NT2,NT2,2023-10-31 09:00:00,1307,2,20.82,20.82,20.51,20.51,245300,5069124.500000001,derived_ohlc4
HOSE_NT2,NT2,2023-11-01 09:00:00,1308,2,20.55,20.87,20.33,20.69,259300,5344173.0,derived_ohlc4
HOSE_NT2,NT2,2023-11-02 09:00:00,1309,2,20.69,21.37,20.69,21.37,446300,9385689.0,derived_ohlc4
HOSE_NT2,NT2,2023-11-03 09:00:00,1310,2,21.59,21.59,21.09,21.23,205000,4381875.0,derived_ohlc4
HOSE_NT2,NT2,2023-11-06 09:00:00,1311,2,21.28,21.59,21.23,21.55,405000,8672062.5,derived_ohlc4
HOSE_NT2,NT2,2023-11-07 09:00:00,1312,2,21.55,21.82,21.28,21.59,542500,11696300.000000002,derived_ohlc4
HOSE_NT2,NT2,2023-11-08 09:00:00,1313,2,21.68,22.09,21.5,22.09,607600,13269984.0,derived_ohlc4
HOSE_NT2,NT2,2023-11-09 09:00:00,1314,2,22.18,22.36,22.0,22.09,906000,20074695.0,derived_ohlc4
HOSE_NT2,NT2,2023-11-10 09:00:00,1315,2,22.45,23.22,22.45,22.77,923200,20977412.0,derived_ohlc4
HOSE_NT2,NT2,2023-11-13 09:00:00,1316,2,22.68,22.91,22.23,22.27,397900,8961702.75,derived_ohlc4
HOSE_NT2,NT2,2023-11-14 09:00:00,1317,2,22.41,22.63,22.05,22.59,491300,11014946.0,derived_ohlc4
HOSE_NT2,NT2,2023-11-15 09:00:00,1318,2,22.68,23.09,22.32,22.63,837600,18996768.0,derived_ohlc4
HOSE_NT2,NT2,2023-11-16 09:00:00,1319,2,22.63,22.63,22.36,22.59,248800,5611062.000000001,derived_ohlc4
HOSE_NT2,NT2,2023-11-17 09:00:00,1320,2,22.59,22.81,22.09,22.18,644800,14454803.999999998,derived_ohlc4
HOSE_NT2,NT2,2023-11-20 09:00:00,1321,2,22.0,22.36,21.91,22.32,251500,5570096.25,derived_ohlc4
HOSE_NT2,NT2,2023-11-21 09:00:00,1322,2,22.45,22.45,22.18,22.45,237600,5318082.0,derived_ohlc4
HOSE_NT2,NT2,2023-11-22 09:00:00,1323,2,22.45,22.77,22.45,22.59,481500,10865047.5,derived_ohlc4
HOSE_NT2,NT2,2023-11-23 09:00:00,1324,2,22.77,22.77,22.23,22.23,353000,7942500.0,derived_ohlc4
HOSE_NT2,NT2,2023-11-24 09:00:00,1325,2,22.18,22.18,21.59,22.05,614700,13523400.0,derived_ohlc4
HOSE_NT2,NT2,2023-11-27 09:00:00,1326,2,22.05,22.05,21.55,21.55,270400,5894720.0,derived_ohlc4
HOSE_NT2,NT2,2023-11-28 09:00:00,1327,2,21.55,21.91,21.46,21.91,120900,2624436.75,derived_ohlc4
HOSE_NT2,NT2,2023-11-29 09:00:00,1328,2,21.91,22.05,21.82,21.82,243100,5323890.0,derived_ohlc4
HOSE_NT2,NT2,2023-11-30 09:00:00,1329,2,21.82,21.95,21.59,21.77,221900,4833536.75,derived_ohlc4
HOSE_NT2,NT2,2023-12-01 09:00:00,1330,2,21.95,21.95,21.59,21.64,190900,4158279.25,derived_ohlc4
HOSE_NT2,NT2,2023-12-04 09:00:00,1331,2,21.73,22.0,21.73,22.0,357200,7810178.000000001,derived_ohlc4
HOSE_NT2,NT2,2023-12-05 09:00:00,1332,2,22.18,22.68,22.09,22.54,1201600,26882796.000000004,derived_ohlc4
HOSE_NT2,NT2,2023-12-06 09:00:00,1333,2,22.63,22.68,22.32,22.54,575700,12977717.249999998,derived_ohlc4
HOSE_NT2,NT2,2023-12-07 09:00:00,1334,2,22.72,22.72,22.09,22.45,1064300,23941428.5,derived_ohlc4
HOSE_NT2,NT2,2023-12-08 09:00:00,1335,2,22.63,22.86,22.32,22.5,1260100,28449907.75,derived_ohlc4
HOSE_NT2,NT2,2023-12-11 09:00:00,1336,2,22.54,22.63,22.32,22.41,210500,4730987.5,derived_ohlc4
HOSE_NT2,NT2,2023-12-12 09:00:00,1337,2,22.36,22.45,22.05,22.32,666600,14861847.000000002,derived_ohlc4
HOSE_NT2,NT2,2023-12-13 09:00:00,1338,2,22.45,22.45,21.95,22.0,458200,10177767.5,derived_ohlc4
HOSE_NT2,NT2,2023-12-14 09:00:00,1339,2,21.95,22.14,21.73,21.82,759000,16629690.000000004,derived_ohlc4
HOSE_NT2,NT2,2023-12-15 09:00:00,1340,2,22.14,22.14,21.82,21.82,311300,6842373.999999999,derived_ohlc4
HOSE_NT2,NT2,2023-12-18 09:00:00,1341,2,21.64,21.77,21.59,21.59,183400,3970151.5,derived_ohlc4
HOSE_NT2,NT2,2023-12-19 09:00:00,1342,2,21.64,21.64,21.23,21.37,522400,11215928.000000002,derived_ohlc4
HOSE_NT2,NT2,2023-12-20 09:00:00,1343,2,21.46,21.55,21.28,21.41,446400,9564120.0,derived_ohlc4
HOSE_NT2,NT2,2023-12-21 09:00:00,1344,2,21.37,21.46,21.05,21.46,568200,12122547.0,derived_ohlc4
HOSE_NT2,NT2,2023-12-22 09:00:00,1345,2,21.59,21.64,21.19,21.23,531900,11389308.75,derived_ohlc4
HOSE_NT2,NT2,2023-12-25 09:00:00,1346,2,21.09,21.73,21.09,21.64,708700,15157321.25,derived_ohlc4
HOSE_NT2,NT2,2023-12-26 09:00:00,1347,2,21.82,21.82,21.32,21.64,470600,10188490.000000002,derived_ohlc4
HOSE_NT2,NT2,2023-12-27 09:00:00,1348,2,21.64,21.64,21.32,21.32,536800,11530463.999999998,derived_ohlc4
HOSE_NT2,NT2,2023-12-28 09:00:00,1349,2,21.41,21.73,21.28,21.73,553400,11918852.5,derived_ohlc4
HOSE_NT2,NT2,2023-12-29 09:00:00,1350,2,21.82,22.18,21.73,22.18,1349900,29667427.25,derived_ohlc4
HOSE_NT2,NT2,2024-01-02 09:00:00,1351,2,22.27,22.32,21.82,22.27,1588800,35223696.0,derived_ohlc4
HOSE_NT2,NT2,2024-01-03 09:00:00,1352,2,22.27,22.45,22.23,22.45,1073400,23990490.0,derived_ohlc4
HOSE_NT2,NT2,2024-01-04 09:00:00,1353,2,22.63,22.72,22.45,22.5,1847500,41707312.5,derived_ohlc4
HOSE_NT2,NT2,2024-01-05 09:00:00,1354,2,22.5,22.59,22.18,22.27,1068300,23913895.5,derived_ohlc4
HOSE_NT2,NT2,2024-01-08 09:00:00,1355,2,22.32,22.54,22.32,22.36,696400,15588914.000000002,derived_ohlc4
HOSE_NT2,NT2,2024-01-09 09:00:00,1356,2,22.36,22.45,22.27,22.36,593600,13272896.0,derived_ohlc4
HOSE_NT2,NT2,2024-01-10 09:00:00,1357,2,22.63,23.09,22.54,22.72,1927800,43847810.99999999,derived_ohlc4
HOSE_NT2,NT2,2024-01-11 09:00:00,1358,2,23.04,23.68,22.95,23.54,1922100,44789735.25000001,derived_ohlc4
HOSE_NT2,NT2,2024-01-12 09:00:00,1359,2,23.54,23.9,23.18,23.4,1686900,39650584.50000001,derived_ohlc4
HOSE_NT2,NT2,2024-01-15 09:00:00,1360,2,23.4,23.81,23.18,23.22,727600,17027658.999999996,derived_ohlc4
HOSE_NT2,NT2,2024-01-16 09:00:00,1361,2,23.27,23.49,23.13,23.49,509900,11903615.5,derived_ohlc4
HOSE_NT2,NT2,2024-01-17 09:00:00,1362,2,23.54,23.81,23.31,23.49,700500,16488018.749999998,derived_ohlc4
HOSE_NT2,NT2,2024-01-18 09:00:00,1363,2,23.36,23.49,23.09,23.27,650200,15151285.499999998,derived_ohlc4
HOSE_NT2,NT2,2024-01-19 09:00:00,1364,2,23.27,23.45,23.22,23.36,650100,15163582.5,derived_ohlc4
HOSE_NT2,NT2,2024-01-22 09:00:00,1365,2,23.58,23.86,23.18,23.45,1508000,35464390.0,derived_ohlc4
HOSE_NT2,NT2,2024-01-23 09:00:00,1366,2,23.63,23.63,23.22,23.4,801200,18804164.0,derived_ohlc4
HOSE_NT2,NT2,2024-01-24 09:00:00,1367,2,23.4,23.49,23.0,23.09,1324900,30797300.5,derived_ohlc4
HOSE_NT2,NT2,2024-01-25 09:00:00,1368,2,23.09,23.13,22.91,22.91,801400,18440214.0,derived_ohlc4
HOSE_NT2,NT2,2024-01-26 09:00:00,1369,2,22.91,23.13,22.91,23.04,311400,7161421.500000001,derived_ohlc4
HOSE_NT2,NT2,2024-01-29 09:00:00,1370,2,23.13,23.22,22.91,22.91,369300,8509595.249999998,derived_ohlc4
HOSE_NT2,NT2,2024-01-30 09:00:00,1371,2,23.18,23.68,22.91,23.68,1384000,32333699.999999996,derived_ohlc4
HOSE_NT2,NT2,2024-01-31 09:00:00,1372,2,23.72,23.72,23.18,23.27,602100,14132792.25,derived_ohlc4
HOSE_NT2,NT2,2024-02-01 09:00:00,1373,2,23.27,23.4,22.95,23.27,581700,13508528.25,derived_ohlc4
HOSE_NT2,NT2,2024-02-02 09:00:00,1374,2,23.27,23.27,22.95,23.04,641200,14832559.0,derived_ohlc4
HOSE_NT2,NT2,2024-02-05 09:00:00,1375,2,23.04,23.18,22.91,22.91,752900,17324229.0,derived_ohlc4
HOSE_NT2,NT2,2024-02-06 09:00:00,1376,2,23.13,23.13,22.91,23.0,432100,9956664.25,derived_ohlc4
HOSE_NT2,NT2,2024-02-07 09:00:00,1377,2,23.09,23.09,22.86,23.04,787100,18119041.999999996,derived_ohlc4
HOSE_NT2,NT2,2024-02-15 09:00:00,1378,2,23.22,23.36,23.09,23.27,542100,12595693.5,derived_ohlc4
HOSE_NT2,NT2,2024-02-16 09:00:00,1379,2,23.4,23.4,23.27,23.36,648700,15152010.249999998,derived_ohlc4
HOSE_NT2,NT2,2024-02-19 09:00:00,1380,2,23.45,24.08,23.36,24.08,2183400,51839374.5,derived_ohlc4
HOSE_NT2,NT2,2024-02-20 09:00:00,1381,2,24.13,24.26,23.95,24.08,1199400,28911537.0,derived_ohlc4
HOSE_NT2,NT2,2024-02-21 09:00:00,1382,2,24.08,24.08,23.63,23.81,1042500,24915750.0,derived_ohlc4
HOSE_NT2,NT2,2024-02-22 09:00:00,1383,2,23.68,23.86,23.58,23.63,1309300,31014043.75,derived_ohlc4
HOSE_NT2,NT2,2024-02-23 09:00:00,1384,2,23.68,23.68,23.09,23.18,1830400,42845088.0,derived_ohlc4
HOSE_NT2,NT2,2024-02-26 09:00:00,1385,2,23.09,23.27,23.0,23.22,555600,12859362.0,derived_ohlc4
HOSE_NT2,NT2,2024-02-27 09:00:00,1386,2,23.22,23.45,23.18,23.4,644100,15015581.25,derived_ohlc4
HOSE_NT2,NT2,2024-02-28 09:00:00,1387,2,23.54,23.63,23.27,23.45,729600,17125536.0,derived_ohlc4
HOSE_NT2,NT2,2024-02-29 09:00:00,1388,2,23.45,23.45,23.13,23.22,837300,19519556.25,derived_ohlc4
HOSE_NT2,NT2,2024-03-01 09:00:00,1389,2,23.27,23.54,23.18,23.54,743300,17380212.25,derived_ohlc4
HOSE_NT2,NT2,2024-03-04 09:00:00,1390,2,23.77,24.08,23.58,23.63,1997300,47465834.49999999,derived_ohlc4
HOSE_NT2,NT2,2024-03-05 09:00:00,1391,2,23.9,23.95,23.68,23.95,1236300,29510481.0,derived_ohlc4
HOSE_NT2,NT2,2024-03-06 09:00:00,1392,2,23.81,23.95,23.54,23.63,1016400,24121712.999999996,derived_ohlc4
HOSE_NT2,NT2,2024-03-07 09:00:00,1393,2,23.54,23.81,23.45,23.72,1000900,23651267.0,derived_ohlc4
HOSE_NT2,NT2,2024-03-08 09:00:00,1394,2,23.77,23.99,23.54,23.77,1311600,31173452.999999996,derived_ohlc4
HOSE_NT2,NT2,2024-03-11 09:00:00,1395,2,23.81,23.86,23.49,23.49,995100,23546553.749999996,derived_ohlc4
HOSE_NT2,NT2,2024-03-12 09:00:00,1396,2,23.49,23.54,23.18,23.36,1385100,32400951.750000004,derived_ohlc4
HOSE_NT2,NT2,2024-03-13 09:00:00,1397,2,23.4,23.54,23.27,23.45,1019700,23876275.5,derived_ohlc4
HOSE_NT2,NT2,2024-03-14 09:00:00,1398,2,23.45,23.68,23.31,23.4,1347900,31621734.0,derived_ohlc4
HOSE_NT2,NT2,2024-03-15 09:00:00,1399,2,23.45,23.5,23.22,23.36,1010500,23628016.25,derived_ohlc4
HOSE_NT2,NT2,2024-03-18 09:00:00,1400,2,23.36,23.4,22.56,22.75,1846000,42490305.0,derived_ohlc4
HOSE_NT2,NT2,2024-03-19 09:00:00,1401,2,22.7,23.03,22.47,23.03,1025000,23377687.5,derived_ohlc4
HOSE_NT2,NT2,2024-03-20 09:00:00,1402,2,23.08,23.08,22.8,23.03,590600,13582323.5,derived_ohlc4
HOSE_NT2,NT2,2024-03-21 09:00:00,1403,2,22.98,23.08,22.61,22.61,2627300,59954986.0,derived_ohlc4
HOSE_NT2,NT2,2024-03-22 09:00:00,1404,2,22.61,22.98,22.61,22.84,594800,13537648.0,derived_ohlc4
HOSE_NT2,NT2,2024-03-25 09:00:00,1405,2,22.84,22.98,22.8,22.84,653800,14949137.000000002,derived_ohlc4
HOSE_NT2,NT2,2024-03-26 09:00:00,1406,2,22.89,22.94,22.66,22.94,692400,15826532.999999998,derived_ohlc4
HOSE_NT2,NT2,2024-03-27 09:00:00,1407,2,22.94,23.4,22.94,23.4,1271600,29462972.000000004,derived_ohlc4
HOSE_NT2,NT2,2024-03-28 09:00:00,1408,2,23.4,23.45,23.17,23.36,625000,14590625.0,derived_ohlc4
HOSE_NT2,NT2,2024-03-29 09:00:00,1409,2,23.45,23.45,23.08,23.12,627700,14609717.5,derived_ohlc4
HOSE_NT2,NT2,2024-04-01 09:00:00,1410,2,23.12,23.12,22.7,22.7,1063500,24364785.0,derived_ohlc4
HOSE_NT2,NT2,2024-04-02 09:00:00,1411,2,22.8,23.17,22.7,23.03,916000,20999300.0,derived_ohlc4
HOSE_NT2,NT2,2024-04-03 09:00:00,1412,2,23.03,23.17,22.75,22.8,661000,15161687.5,derived_ohlc4
HOSE_NT2,NT2,2024-04-04 09:00:00,1413,2,22.66,22.8,21.96,21.96,2548300,56941763.5,derived_ohlc4
HOSE_NT2,NT2,2024-04-05 09:00:00,1414,2,21.68,21.82,21.4,21.45,2292400,49487185.00000001,derived_ohlc4
HOSE_NT2,NT2,2024-04-08 09:00:00,1415,2,21.4,21.4,20.52,20.8,1999900,42057896.99999999,derived_ohlc4
HOSE_NT2,NT2,2024-04-09 09:00:00,1416,2,21.03,21.22,20.52,21.22,847900,17803780.25,derived_ohlc4
HOSE_NT2,NT2,2024-04-10 09:00:00,1417,2,21.08,21.59,21.08,21.17,743400,15782382.0,derived_ohlc4
HOSE_NT2,NT2,2024-04-11 09:00:00,1418,2,21.03,21.12,20.89,20.98,610200,12817251.000000002,derived_ohlc4
HOSE_NT2,NT2,2024-04-12 09:00:00,1419,2,21.03,21.26,20.98,21.12,460200,9709069.500000002,derived_ohlc4
HOSE_NT2,NT2,2024-04-15 09:00:00,1420,2,21.03,21.03,20.47,20.47,1349800,28008350.0,derived_ohlc4
HOSE_NT2,NT2,2024-04-16 09:00:00,1421,2,20.47,20.56,19.82,20.1,1302300,26355296.25,derived_ohlc4
HOSE_NT2,NT2,2024-04-17 09:00:00,1422,2,20.47,20.47,20.15,20.15,421600,8562696.0,derived_ohlc4
HOSE_NT2,NT2,2024-04-19 09:00:00,1423,2,20.15,20.15,19.54,19.59,878400,17442828.0,derived_ohlc4
HOSE_NT2,NT2,2024-04-22 09:00:00,1424,2,19.4,20.1,19.4,20.01,1024500,20210823.75,derived_ohlc4
HOSE_NT2,NT2,2024-04-23 09:00:00,1425,2,19.96,20.01,19.68,19.73,544400,10803618.0,derived_ohlc4
HOSE_NT2,NT2,2024-04-24 09:00:00,1426,2,19.82,20.15,19.82,20.05,615700,12289372.0,derived_ohlc4
HOSE_NT2,NT2,2024-04-25 09:00:00,1427,2,19.96,20.01,19.82,19.82,295500,5881188.75,derived_ohlc4
HOSE_NT2,NT2,2024-04-26 09:00:00,1428,2,19.82,20.15,19.82,19.91,373500,7441987.5,derived_ohlc4
HOSE_NT2,NT2,2024-05-02 09:00:00,1429,2,19.91,20.94,19.91,20.84,1024100,20891640.000000004,derived_ohlc4
HOSE_NT2,NT2,2024-05-03 09:00:00,1430,2,21.03,21.03,20.56,20.84,442100,9224416.5,derived_ohlc4
HOSE_NT2,NT2,2024-05-06 09:00:00,1431,2,20.84,20.94,20.56,20.75,552800,11483038.0,derived_ohlc4
HOSE_NT2,NT2,2024-05-07 09:00:00,1432,2,20.94,20.94,20.61,20.7,413700,8603925.75,derived_ohlc4
HOSE_NT2,NT2,2024-05-08 09:00:00,1433,2,20.7,20.84,20.47,20.7,516300,10675793.25,derived_ohlc4
HOSE_NT2,NT2,2024-05-09 09:00:00,1434,2,20.94,20.94,20.52,20.56,443200,9191968.0,derived_ohlc4
HOSE_NT2,NT2,2024-05-10 09:00:00,1435,2,20.56,20.7,20.33,20.42,424800,8709461.999999998,derived_ohlc4
HOSE_NT2,NT2,2024-05-13 09:00:00,1436,2,20.38,20.7,20.38,20.56,343000,7033215.0,derived_ohlc4
HOSE_NT2,NT2,2024-05-14 09:00:00,1437,2,20.66,20.66,20.38,20.52,205200,4217886.0,derived_ohlc4
HOSE_NT2,NT2,2024-05-15 09:00:00,1438,2,20.47,20.56,20.24,20.38,611000,12472037.499999998,derived_ohlc4
HOSE_NT2,NT2,2024-05-16 09:00:00,1439,2,20.56,20.89,20.33,20.89,1247600,25784773.0,derived_ohlc4
HOSE_NT2,NT2,2024-05-17 09:00:00,1440,2,20.94,20.94,20.7,20.8,552600,11518947.0,derived_ohlc4
HOSE_NT2,NT2,2024-05-20 09:00:00,1441,2,20.94,20.98,20.75,20.8,819200,17094656.0,derived_ohlc4
HOSE_NT2,NT2,2024-05-21 09:00:00,1442,2,20.8,20.84,20.56,20.66,487600,10100634.0,derived_ohlc4
HOSE_NT2,NT2,2024-05-22 09:00:00,1443,2,20.89,20.89,20.52,20.61,924700,19166719.25,derived_ohlc4
HOSE_NT2,NT2,2024-05-23 09:00:00,1444,2,20.61,21.59,20.56,21.59,2296300,48423226.25000001,derived_ohlc4
HOSE_NT2,NT2,2024-05-24 09:00:00,1445,2,21.4,21.54,20.75,21.03,1163100,24634458.0,derived_ohlc4
HOSE_NT2,NT2,2024-05-27 09:00:00,1446,2,21.22,21.82,21.08,21.59,1492300,31976258.250000004,derived_ohlc4
HOSE_NT2,NT2,2024-05-28 09:00:00,1447,2,21.59,21.73,21.31,21.59,897200,19339146.0,derived_ohlc4
HOSE_NT2,NT2,2024-05-29 09:00:00,1448,2,21.59,21.59,21.03,21.08,1714300,36553161.75,derived_ohlc4
HOSE_NT2,NT2,2024-05-30 09:00:00,1449,2,21.12,22.01,21.08,21.77,2005900,43116820.5,derived_ohlc4
HOSE_NT2,NT2,2024-05-31 09:00:00,1450,2,21.87,21.96,21.31,21.45,1003000,21712442.5,derived_ohlc4
HOSE_NT2,NT2,2024-06-03 09:00:00,1451,2,21.49,22.33,21.49,21.96,1874500,40896903.74999999,derived_ohlc4
HOSE_NT2,NT2,2024-06-04 09:00:00,1452,2,21.96,22.1,21.49,21.77,1171000,25562929.999999996,derived_ohlc4
HOSE_NT2,NT2,2024-06-05 09:00:00,1453,2,21.87,21.87,21.17,21.22,1868000,40222710.0,derived_ohlc4
HOSE_NT2,NT2,2024-06-06 09:00:00,1454,2,21.26,21.49,21.12,21.31,981200,20894654.0,derived_ohlc4
HOSE_NT2,NT2,2024-06-07 09:00:00,1455,2,21.4,21.77,21.26,21.54,933900,20071845.75,derived_ohlc4
HOSE_NT2,NT2,2024-06-10 09:00:00,1456,2,21.77,21.77,21.4,21.49,708400,15306752.999999998,derived_ohlc4
HOSE_NT2,NT2,2024-06-11 09:00:00,1457,2,21.49,21.77,21.26,21.31,846600,18165919.5,derived_ohlc4
HOSE_NT2,NT2,2024-06-12 09:00:00,1458,2,21.31,21.36,21.17,21.36,450800,9602040.0,derived_ohlc4
HOSE_NT2,NT2,2024-06-13 09:00:00,1459,2,21.4,21.59,21.26,21.31,904500,19347255.0,derived_ohlc4
HOSE_NT2,NT2,2024-06-14 09:00:00,1460,2,21.31,21.59,20.61,20.61,1530500,32186415.0,derived_ohlc4
HOSE_NT2,NT2,2024-06-17 09:00:00,1461,2,20.66,20.94,20.52,20.89,893700,18546509.25,derived_ohlc4
HOSE_NT2,NT2,2024-06-18 09:00:00,1462,2,21.12,21.45,20.94,21.22,869500,18418183.75,derived_ohlc4
HOSE_NT2,NT2,2024-06-19 09:00:00,1463,2,21.31,21.31,20.84,20.94,594600,12546059.999999998,derived_ohlc4
HOSE_NT2,NT2,2024-06-20 09:00:00,1464,2,21.03,21.03,20.56,20.84,545300,11377684.500000002,derived_ohlc4
HOSE_NT2,NT2,2024-06-21 09:00:00,1465,2,20.94,20.94,20.7,20.75,379100,7897600.75,derived_ohlc4
HOSE_NT2,NT2,2024-06-24 09:00:00,1466,2,20.75,20.84,20.19,20.19,883800,18111271.5,derived_ohlc4
HOSE_NT2,NT2,2024-06-25 09:00:00,1467,2,20.24,20.61,20.24,20.47,378300,7713536.999999999,derived_ohlc4
HOSE_NT2,NT2,2024-06-26 09:00:00,1468,2,20.66,20.66,20.24,20.47,415000,8510612.5,derived_ohlc4
HOSE_NT2,NT2,2024-06-27 09:00:00,1469,2,20.66,20.66,20.19,20.47,245800,5037671.0,derived_ohlc4
HOSE_NT2,NT2,2024-06-28 09:00:00,1470,2,20.28,20.56,20.19,20.19,503700,10227628.5,derived_ohlc4
HOSE_NT2,NT2,2024-07-01 09:00:00,1471,2,20.33,20.42,20.1,20.42,235500,4784771.250000001,derived_ohlc4
HOSE_NT2,NT2,2024-07-02 09:00:00,1472,2,20.66,20.66,20.38,20.47,193600,3977028.0,derived_ohlc4
HOSE_NT2,NT2,2024-07-03 09:00:00,1473,2,20.42,20.52,20.28,20.47,294500,6014426.25,derived_ohlc4
HOSE_NT2,NT2,2024-07-04 09:00:00,1474,2,20.47,20.61,20.42,20.47,338600,6938760.5,derived_ohlc4
HOSE_NT2,NT2,2024-07-05 09:00:00,1475,2,20.47,20.52,20.38,20.42,206600,4224453.5,derived_ohlc4
HOSE_NT2,NT2,2024-07-08 09:00:00,1476,2,20.28,20.47,20.28,20.33,370600,7538004.0,derived_ohlc4
HOSE_NT2,NT2,2024-07-09 09:00:00,1477,2,20.38,20.89,20.33,20.75,944700,19449011.25,derived_ohlc4
HOSE_NT2,NT2,2024-07-10 09:00:00,1478,2,20.84,20.89,20.56,20.61,266300,5519067.5,derived_ohlc4
HOSE_NT2,NT2,2024-07-11 09:00:00,1479,2,20.61,20.7,20.42,20.42,387700,7962388.750000001,derived_ohlc4
HOSE_NT2,NT2,2024-07-12 09:00:00,1480,2,20.42,20.52,20.33,20.42,258400,5277174.0,derived_ohlc4
HOSE_NT2,NT2,2024-07-15 09:00:00,1481,2,20.38,20.56,20.33,20.47,462000,9440970.0,derived_ohlc4
HOSE_NT2,NT2,2024-07-16 09:00:00,1482,2,20.47,20.52,20.28,20.28,576700,11757471.25,derived_ohlc4
HOSE_NT2,NT2,2024-07-17 09:00:00,1483,2,20.38,20.38,19.54,19.73,1133300,22674499.75,derived_ohlc4
HOSE_NT2,NT2,2024-07-18 09:00:00,1484,2,19.91,19.91,19.54,19.63,413900,8173490.249999999,derived_ohlc4
HOSE_NT2,NT2,2024-07-19 09:00:00,1485,2,19.63,19.68,19.17,19.35,627600,12211527.000000002,derived_ohlc4
HOSE_NT2,NT2,2024-07-22 09:00:00,1486,2,19.35,19.35,18.89,19.03,575800,11029449.0,derived_ohlc4
HOSE_NT2,NT2,2024-07-23 09:00:00,1487,2,18.98,19.12,18.84,18.84,326500,6185542.5,derived_ohlc4
HOSE_NT2,NT2,2024-07-24 09:00:00,1488,2,18.8,18.98,18.66,18.84,468500,8817170.0,derived_ohlc4
HOSE_NT2,NT2,2024-07-25 09:00:00,1489,2,18.84,18.84,18.61,18.61,227900,4267427.5,derived_ohlc4
HOSE_NT2,NT2,2024-07-26 09:00:00,1490,2,18.89,19.08,18.52,19.08,703000,13281427.499999998,derived_ohlc4
HOSE_NT2,NT2,2024-07-29 09:00:00,1491,2,19.17,19.17,18.7,18.7,353300,6689735.500000001,derived_ohlc4
HOSE_NT2,NT2,2024-07-30 09:00:00,1492,2,19.03,19.03,18.56,18.61,495800,9324758.5,derived_ohlc4
HOSE_NT2,NT2,2024-07-31 09:00:00,1493,2,18.7,18.7,18.52,18.61,462400,8615668.0,derived_ohlc4
HOSE_NT2,NT2,2024-08-01 09:00:00,1494,2,18.61,18.7,18.01,18.01,681200,12488099.000000002,derived_ohlc4
HOSE_NT2,NT2,2024-08-02 09:00:00,1495,2,17.96,18.52,17.87,18.52,649100,11824979.25,derived_ohlc4
HOSE_NT2,NT2,2024-08-05 09:00:00,1496,2,18.47,18.56,17.96,18.01,607700,11090525.0,derived_ohlc4
HOSE_NT2,NT2,2024-08-06 09:00:00,1497,2,18.01,18.42,18.01,18.19,217500,3949256.2500000005,derived_ohlc4
HOSE_NT2,NT2,2024-08-07 09:00:00,1498,2,18.19,18.56,18.19,18.47,387200,7106088.0,derived_ohlc4
HOSE_NT2,NT2,2024-08-08 09:00:00,1499,2,18.42,18.52,18.24,18.28,256600,4712459.0,derived_ohlc4
HOSE_NT2,NT2,2024-08-09 09:00:00,1500,2,18.38,18.52,18.33,18.47,218100,4018492.4999999995,derived_ohlc4
HOSE_NT2,NT2,2024-08-12 09:00:00,1501,2,18.52,18.89,18.33,18.7,710500,13222405.0,derived_ohlc4
HOSE_NT2,NT2,2024-08-13 09:00:00,1502,2,18.84,18.89,17.96,18.05,1077800,19869243.000000004,derived_ohlc4
HOSE_NT2,NT2,2024-08-14 09:00:00,1503,2,17.96,18.05,17.35,17.68,2024200,35949792.0,derived_ohlc4
HOSE_NT2,NT2,2024-08-15 09:00:00,1504,2,17.63,17.82,17.49,17.68,522800,9230034.0,derived_ohlc4
HOSE_NT2,NT2,2024-08-16 09:00:00,1505,2,17.68,18.05,17.59,18.05,869900,15521190.750000002,derived_ohlc4
HOSE_NT2,NT2,2024-08-19 09:00:00,1506,2,17.87,18.61,17.87,18.52,1025300,18678402.75,derived_ohlc4
HOSE_NT2,NT2,2024-08-20 09:00:00,1507,2,18.56,18.66,18.28,18.47,618200,11432063.5,derived_ohlc4
HOSE_NT2,NT2,2024-08-21 09:00:00,1508,2,18.42,19.08,18.42,19.03,1241300,23258858.75,derived_ohlc4
HOSE_NT2,NT2,2024-08-22 09:00:00,1509,2,18.8,19.08,18.75,18.75,390800,7364626.0,derived_ohlc4
HOSE_NT2,NT2,2024-08-23 09:00:00,1510,2,18.75,18.84,18.66,18.8,389500,7307993.75,derived_ohlc4
HOSE_NT2,NT2,2024-08-26 09:00:00,1511,2,19.03,19.03,18.42,18.61,740100,13893527.25,derived_ohlc4
HOSE_NT2,NT2,2024-08-27 09:00:00,1512,2,18.61,18.66,18.42,18.52,267000,4953517.5,derived_ohlc4
HOSE_NT2,NT2,2024-08-28 09:00:00,1513,2,18.42,18.56,18.24,18.33,347700,6393333.75,derived_ohlc4
HOSE_NT2,NT2,2024-08-29 09:00:00,1514,2,18.47,18.52,18.24,18.47,337600,6220279.999999999,derived_ohlc4
HOSE_NT2,NT2,2024-08-30 09:00:00,1515,2,18.47,18.61,18.33,18.33,226400,4173683.9999999995,derived_ohlc4
HOSE_NT2,NT2,2024-09-04 09:00:00,1516,2,18.19,18.75,18.19,18.75,574500,10611015.0,derived_ohlc4
HOSE_NT2,NT2,2024-09-05 09:00:00,1517,2,18.8,18.84,18.56,18.56,570800,10668252.0,derived_ohlc4
HOSE_NT2,NT2,2024-09-06 09:00:00,1518,2,18.61,18.61,18.38,18.47,238700,4420127.25,derived_ohlc4
HOSE_NT2,NT2,2024-09-09 09:00:00,1519,2,18.47,18.52,18.33,18.52,199900,3690153.9999999995,derived_ohlc4
HOSE_NT2,NT2,2024-09-10 09:00:00,1520,2,18.52,18.56,18.33,18.52,200500,3705741.2499999995,derived_ohlc4
HOSE_NT2,NT2,2024-09-11 09:00:00,1521,2,18.38,18.61,18.14,18.56,502700,9260990.75,derived_ohlc4
HOSE_NT2,NT2,2024-09-12 09:00:00,1522,2,18.66,18.7,18.47,18.52,147900,2749091.25,derived_ohlc4
HOSE_NT2,NT2,2024-09-13 09:00:00,1523,2,18.52,18.61,18.33,18.33,195100,3599107.2499999995,derived_ohlc4
HOSE_NT2,NT2,2024-09-16 09:00:00,1524,2,18.33,18.42,18.24,18.33,204900,3755816.9999999995,derived_ohlc4
HOSE_NT2,NT2,2024-09-17 09:00:00,1525,2,18.38,18.56,18.24,18.56,255700,4713829.5,derived_ohlc4
HOSE_NT2,NT2,2024-09-18 09:00:00,1526,2,18.61,18.94,18.61,18.75,495000,9270112.5,derived_ohlc4
HOSE_NT2,NT2,2024-09-19 09:00:00,1527,2,18.89,18.89,18.61,18.61,275800,5171250.0,derived_ohlc4
HOSE_NT2,NT2,2024-09-20 09:00:00,1528,2,18.8,18.8,18.56,18.56,218500,4081580.0,derived_ohlc4
HOSE_NT2,NT2,2024-09-23 09:00:00,1529,2,18.56,18.66,18.38,18.42,136300,2522231.5,derived_ohlc4
HOSE_NT2,NT2,2024-09-24 09:00:00,1530,2,18.42,18.56,18.38,18.42,168900,3115360.5,derived_ohlc4
HOSE_NT2,NT2,2024-09-25 09:00:00,1531,2,18.42,18.56,18.42,18.56,306800,5672732.000000001,derived_ohlc4
HOSE_NT2,NT2,2024-09-26 09:00:00,1532,2,18.56,18.84,18.52,18.52,394900,7349089.0,derived_ohlc4
HOSE_NT2,NT2,2024-09-27 09:00:00,1533,2,18.52,18.66,18.42,18.42,259900,4809449.500000001,derived_ohlc4
HOSE_NT2,NT2,2024-09-30 09:00:00,1534,2,18.47,18.52,18.38,18.42,288100,5314724.749999999,derived_ohlc4
HOSE_NT2,NT2,2024-10-01 09:00:00,1535,2,18.56,18.56,18.42,18.47,250300,4631175.749999999,derived_ohlc4
HOSE_NT2,NT2,2024-10-02 09:00:00,1536,2,18.38,18.61,18.33,18.42,263400,4855779.0,derived_ohlc4
HOSE_NT2,NT2,2024-10-03 09:00:00,1537,2,18.56,18.56,18.28,18.28,269900,4971558.0,derived_ohlc4
HOSE_NT2,NT2,2024-10-04 09:00:00,1538,2,18.33,18.42,18.14,18.28,194100,3550574.25,derived_ohlc4
HOSE_NT2,NT2,2024-10-07 09:00:00,1539,2,18.33,18.38,18.24,18.28,127100,2326883.2499999995,derived_ohlc4
HOSE_NT2,NT2,2024-10-08 09:00:00,1540,2,18.33,18.33,18.19,18.19,175400,3202803.9999999995,derived_ohlc4
HOSE_NT2,NT2,2024-10-09 09:00:00,1541,2,18.19,18.28,18.19,18.28,119200,2173612.0,derived_ohlc4
HOSE_NT2,NT2,2024-10-10 09:00:00,1542,2,18.33,18.42,18.24,18.24,127700,2337867.7499999995,derived_ohlc4
HOSE_NT2,NT2,2024-10-11 09:00:00,1543,2,18.24,18.42,18.19,18.28,211900,3874061.7499999995,derived_ohlc4
HOSE_NT2,NT2,2024-10-14 09:00:00,1544,2,18.47,18.52,18.28,18.28,368800,6781310.0,derived_ohlc4
HOSE_NT2,NT2,2024-10-15 09:00:00,1545,2,18.33,18.38,18.24,18.28,142400,2606987.9999999995,derived_ohlc4
HOSE_NT2,NT2,2024-10-16 09:00:00,1546,2,18.24,18.28,17.68,18.1,311300,5626747.5,derived_ohlc4
HOSE_NT2,NT2,2024-10-17 09:00:00,1547,2,18.14,18.14,17.96,18.05,151800,2743405.5000000005,derived_ohlc4
HOSE_NT2,NT2,2024-10-18 09:00:00,1548,2,18.1,18.19,18.05,18.05,94600,1712023.5,derived_ohlc4
HOSE_NT2,NT2,2024-10-21 09:00:00,1549,2,18.05,18.05,17.77,17.82,192200,3444704.5,derived_ohlc4
HOSE_NT2,NT2,2024-10-22 09:00:00,1550,2,17.87,18.05,17.73,17.82,275700,4926069.75,derived_ohlc4
HOSE_NT2,NT2,2024-10-23 09:00:00,1551,2,18.05,18.05,17.82,17.96,83400,1498698.0,derived_ohlc4
HOSE_NT2,NT2,2024-10-24 09:00:00,1552,2,17.96,17.96,17.77,17.91,199600,3572839.9999999995,derived_ohlc4
HOSE_NT2,NT2,2024-10-25 09:00:00,1553,2,17.91,17.91,17.73,17.73,166100,2959902.0,derived_ohlc4
HOSE_NT2,NT2,2024-10-28 09:00:00,1554,2,17.82,17.82,17.68,17.77,131500,2337083.75,derived_ohlc4
HOSE_NT2,NT2,2024-10-29 09:00:00,1555,2,17.77,17.91,17.77,17.87,63100,1125073.0000000002,derived_ohlc4
HOSE_NT2,NT2,2024-10-30 09:00:00,1556,2,17.96,17.96,17.73,17.73,95600,1705982.0000000002,derived_ohlc4
HOSE_NT2,NT2,2024-10-31 09:00:00,1557,2,17.77,17.77,17.63,17.68,204900,3629291.2499999995,derived_ohlc4
HOSE_NT2,NT2,2024-11-01 09:00:00,1558,2,17.68,17.68,17.54,17.59,173200,3052217.0,derived_ohlc4
HOSE_NT2,NT2,2024-11-04 09:00:00,1559,2,17.59,17.59,17.12,17.35,222200,3869057.5000000005,derived_ohlc4
HOSE_NT2,NT2,2024-11-05 09:00:00,1560,2,17.31,17.49,17.26,17.26,112500,1949625.0000000002,derived_ohlc4
HOSE_NT2,NT2,2024-11-06 09:00:00,1561,2,17.31,17.68,17.31,17.59,213100,3723389.75,derived_ohlc4
HOSE_NT2,NT2,2024-11-07 09:00:00,1562,2,17.68,17.68,17.54,17.63,70500,1243091.25,derived_ohlc4
HOSE_NT2,NT2,2024-11-08 09:00:00,1563,2,17.63,17.63,17.35,17.54,113200,1985245.0000000002,derived_ohlc4
HOSE_NT2,NT2,2024-11-11 09:00:00,1564,2,17.59,17.59,17.21,17.31,135100,2354117.5,derived_ohlc4
HOSE_NT2,NT2,2024-11-12 09:00:00,1565,2,16.94,17.68,16.94,17.63,465900,8058905.25,derived_ohlc4
HOSE_NT2,NT2,2024-11-13 09:00:00,1566,2,17.73,17.73,17.35,17.63,184000,3240240.0,derived_ohlc4
HOSE_NT2,NT2,2024-11-14 09:00:00,1567,2,17.63,17.63,17.31,17.31,90900,1588023.0,derived_ohlc4
HOSE_NT2,NT2,2024-11-15 09:00:00,1568,2,17.35,17.35,17.03,17.03,166500,2862135.0,derived_ohlc4
HOSE_NT2,NT2,2024-11-18 09:00:00,1569,2,17.31,17.77,17.03,17.77,307700,5375519.0,derived_ohlc4
HOSE_NT2,NT2,2024-11-19 09:00:00,1570,2,17.77,17.82,17.63,17.63,140300,2485063.75,derived_ohlc4
HOSE_NT2,NT2,2024-11-20 09:00:00,1571,2,17.49,17.82,17.35,17.77,181200,3190479.0000000005,derived_ohlc4
HOSE_NT2,NT2,2024-11-21 09:00:00,1572,2,17.77,17.77,17.68,17.77,111100,1971747.2499999998,derived_ohlc4
HOSE_NT2,NT2,2024-11-22 09:00:00,1573,2,17.68,17.82,17.63,17.77,111200,1971019.9999999998,derived_ohlc4
HOSE_NT2,NT2,2024-11-25 09:00:00,1574,2,17.77,18.28,17.73,18.19,557600,10032618.0,derived_ohlc4
HOSE_NT2,NT2,2024-11-26 09:00:00,1575,2,18.19,18.24,18.1,18.14,154500,2806878.75,derived_ohlc4
HOSE_NT2,NT2,2024-11-27 09:00:00,1576,2,17.96,18.24,17.96,18.1,493800,8920497.0,derived_ohlc4
HOSE_NT2,NT2,2024-11-28 09:00:00,1577,2,18.19,18.24,18.05,18.05,159400,2890320.5,derived_ohlc4
HOSE_NT2,NT2,2024-11-29 09:00:00,1578,2,18.05,18.24,18.05,18.19,202900,3679084.25,derived_ohlc4
HOSE_NT2,NT2,2024-12-02 09:00:00,1579,2,18.24,18.24,18.01,18.01,102900,1865062.5,derived_ohlc4
HOSE_NT2,NT2,2024-12-03 09:00:00,1580,2,18.01,18.24,17.96,18.24,259600,4702005.0,derived_ohlc4
HOSE_NT2,NT2,2024-12-04 09:00:00,1581,2,18.24,18.38,18.05,18.28,294200,5365472.5,derived_ohlc4
HOSE_NT2,NT2,2024-12-05 09:00:00,1582,2,18.28,18.61,18.24,18.61,784800,14467787.999999998,derived_ohlc4
HOSE_NT2,NT2,2024-12-06 09:00:00,1583,2,18.56,18.75,18.14,18.42,305800,5647361.5,derived_ohlc4
HOSE_NT2,NT2,2024-12-09 09:00:00,1584,2,18.42,18.47,18.05,18.33,360900,6610785.75,derived_ohlc4
HOSE_NT2,NT2,2024-12-10 09:00:00,1585,2,18.38,18.47,18.19,18.19,224600,4111864.4999999995,derived_ohlc4
HOSE_NT2,NT2,2024-12-11 09:00:00,1586,2,18.24,18.56,18.24,18.52,255300,4694966.999999999,derived_ohlc4
HOSE_NT2,NT2,2024-12-12 09:00:00,1587,2,18.33,18.61,18.33,18.56,281500,5195786.25,derived_ohlc4
HOSE_NT2,NT2,2024-12-13 09:00:00,1588,2,18.52,18.56,18.33,18.42,150300,2774162.25,derived_ohlc4
HOSE_NT2,NT2,2024-12-16 09:00:00,1589,2,18.24,19.08,18.24,18.42,216600,4006016.9999999995,derived_ohlc4
HOSE_NT2,NT2,2024-12-17 09:00:00,1590,2,18.75,18.75,18.28,18.38,203700,3776598.0,derived_ohlc4
HOSE_NT2,NT2,2024-12-18 09:00:00,1591,2,18.38,18.61,18.33,18.42,307300,5665075.5,derived_ohlc4
HOSE_NT2,NT2,2024-12-19 09:00:00,1592,2,18.38,18.66,18.19,18.42,477200,8786445.0,derived_ohlc4
HOSE_NT2,NT2,2024-12-20 09:00:00,1593,2,18.42,18.7,18.42,18.56,221800,4108845.0000000005,derived_ohlc4
HOSE_NT2,NT2,2024-12-23 09:00:00,1594,2,18.56,18.66,18.42,18.61,286300,5314443.75,derived_ohlc4
HOSE_NT2,NT2,2024-12-24 09:00:00,1595,2,18.56,19.21,18.56,19.21,1078500,20367472.499999996,derived_ohlc4
HOSE_NT2,NT2,2024-12-25 09:00:00,1596,2,19.21,19.54,19.17,19.45,641600,12410148.0,derived_ohlc4
HOSE_NT2,NT2,2024-12-26 09:00:00,1597,2,19.45,19.54,19.26,19.45,359100,6975517.5,derived_ohlc4
HOSE_NT2,NT2,2024-12-27 09:00:00,1598,2,19.45,19.54,19.31,19.4,346000,6721049.999999999,derived_ohlc4
HOSE_NT2,NT2,2024-12-30 09:00:00,1599,2,19.49,19.49,19.17,19.26,312200,6041850.5,derived_ohlc4
HOSE_NT2,NT2,2024-12-31 09:00:00,1600,2,19.26,19.49,19.26,19.49,682700,13227312.5,derived_ohlc4
HOSE_NT2,NT2,2025-01-02 09:00:00,1601,2,19.45,19.73,19.35,19.54,256400,5004287.0,derived_ohlc4
HOSE_NT2,NT2,2025-01-03 09:00:00,1602,2,19.45,19.49,19.31,19.4,536900,10422571.25,derived_ohlc4
HOSE_NT2,NT2,2025-01-06 09:00:00,1603,2,19.35,19.4,19.12,19.21,425300,8195531.000000001,derived_ohlc4
HOSE_NT2,NT2,2025-01-07 09:00:00,1604,2,19.21,19.21,18.8,18.8,410300,7797751.5,derived_ohlc4
HOSE_NT2,NT2,2025-01-08 09:00:00,1605,2,18.75,19.45,18.7,19.45,613500,11710181.250000002,derived_ohlc4
HOSE_NT2,NT2,2025-01-09 09:00:00,1606,2,19.45,19.91,19.45,19.59,558800,10952480.0,derived_ohlc4
HOSE_NT2,NT2,2025-01-10 09:00:00,1607,2,19.59,19.77,19.21,19.4,289500,5643078.75,derived_ohlc4
HOSE_NT2,NT2,2025-01-13 09:00:00,1608,2,19.4,19.54,19.26,19.4,399300,7746419.999999999,derived_ohlc4
HOSE_NT2,NT2,2025-01-14 09:00:00,1609,2,19.63,19.63,19.31,19.4,310100,6044624.25,derived_ohlc4
HOSE_NT2,NT2,2025-01-15 09:00:00,1610,2,19.31,19.45,19.31,19.45,225400,4368252.0,derived_ohlc4
HOSE_NT2,NT2,2025-01-16 09:00:00,1611,2,19.49,19.63,19.26,19.31,398300,7735981.75,derived_ohlc4
HOSE_NT2,NT2,2025-01-17 09:00:00,1612,2,19.16,19.4,19.11,19.16,182200,3499606.5,derived_ohlc4
HOSE_NT2,NT2,2025-01-20 09:00:00,1613,2,19.07,19.31,19.07,19.31,166700,3198972.9999999995,derived_ohlc4
HOSE_NT2,NT2,2025-01-21 09:00:00,1614,2,19.26,19.26,18.87,18.87,383700,7315240.500000001,derived_ohlc4
HOSE_NT2,NT2,2025-01-22 09:00:00,1615,2,18.87,18.97,18.78,18.82,206100,3887046.0,derived_ohlc4
HOSE_NT2,NT2,2025-01-23 09:00:00,1616,2,18.82,19.07,18.82,19.02,106000,2006845.0,derived_ohlc4
HOSE_NT2,NT2,2025-01-24 09:00:00,1617,2,19.07,19.07,18.87,18.97,127300,2418063.5,derived_ohlc4
HOSE_NT2,NT2,2025-02-03 09:00:00,1618,2,18.82,18.97,18.82,18.97,137000,2588615.0,derived_ohlc4
HOSE_NT2,NT2,2025-02-04 09:00:00,1619,2,18.97,19.07,18.73,19.07,310200,5881392.0,derived_ohlc4
HOSE_NT2,NT2,2025-02-05 09:00:00,1620,2,19.11,19.55,19.07,19.31,400900,7721333.999999999,derived_ohlc4
HOSE_NT2,NT2,2025-02-06 09:00:00,1621,2,19.36,19.36,19.16,19.26,220200,4246557.0,derived_ohlc4
HOSE_NT2,NT2,2025-02-07 09:00:00,1622,2,19.26,19.45,19.21,19.21,377500,7279143.75,derived_ohlc4
HOSE_NT2,NT2,2025-02-10 09:00:00,1623,2,19.16,19.16,18.92,18.92,276500,5264560.0,derived_ohlc4
HOSE_NT2,NT2,2025-02-11 09:00:00,1624,2,18.92,19.11,18.87,19.07,234900,4461338.25,derived_ohlc4
HOSE_NT2,NT2,2025-02-12 09:00:00,1625,2,19.16,19.36,19.07,19.36,428100,8235573.749999999,derived_ohlc4
HOSE_NT2,NT2,2025-02-13 09:00:00,1626,2,19.36,20.61,19.36,20.61,1985100,39672223.5,derived_ohlc4
HOSE_NT2,NT2,2025-02-14 09:00:00,1627,2,20.52,20.81,20.37,20.42,595400,12223562.0,derived_ohlc4
HOSE_NT2,NT2,2025-02-17 09:00:00,1628,2,20.42,20.71,20.32,20.32,775100,15844981.750000002,derived_ohlc4
HOSE_NT2,NT2,2025-02-18 09:00:00,1629,2,20.32,20.32,19.99,20.32,537100,10869561.249999998,derived_ohlc4
HOSE_NT2,NT2,2025-02-19 09:00:00,1630,2,20.52,20.66,20.13,20.47,736100,15049564.5,derived_ohlc4
HOSE_NT2,NT2,2025-02-20 09:00:00,1631,2,20.66,20.66,20.08,20.08,482800,9834635.999999998,derived_ohlc4
HOSE_NT2,NT2,2025-02-21 09:00:00,1632,2,20.03,20.18,19.94,20.18,495000,9940837.500000002,derived_ohlc4
HOSE_NT2,NT2,2025-02-24 09:00:00,1633,2,20.08,20.23,19.89,20.08,348400,6992388.0,derived_ohlc4
HOSE_NT2,NT2,2025-02-25 09:00:00,1634,2,20.28,20.57,20.13,20.57,908500,18522043.750000004,derived_ohlc4
HOSE_NT2,NT2,2025-02-26 09:00:00,1635,2,20.57,20.57,20.18,20.18,509500,10381062.5,derived_ohlc4
HOSE_NT2,NT2,2025-02-27 09:00:00,1636,2,20.08,20.23,19.99,20.03,412100,8275998.25,derived_ohlc4
HOSE_NT2,NT2,2025-02-28 09:00:00,1637,2,20.08,20.28,19.79,20.03,415600,8330702.000000001,derived_ohlc4
HOSE_NT2,NT2,2025-03-03 09:00:00,1638,2,19.89,20.28,19.89,20.08,328200,6575487.0,derived_ohlc4
HOSE_NT2,NT2,2025-03-04 09:00:00,1639,2,20.13,20.18,19.89,19.94,403200,8078112.0,derived_ohlc4
HOSE_NT2,NT2,2025-03-05 09:00:00,1640,2,19.94,19.99,19.65,19.65,493000,9765097.499999998,derived_ohlc4
HOSE_NT2,NT2,2025-03-06 09:00:00,1641,2,19.7,19.84,19.5,19.5,708600,13913360.999999998,derived_ohlc4
HOSE_NT2,NT2,2025-03-07 09:00:00,1642,2,19.5,19.7,19.5,19.55,532100,10409206.25,derived_ohlc4
HOSE_NT2,NT2,2025-03-10 09:00:00,1643,2,19.65,19.7,19.36,19.5,580600,11352181.5,derived_ohlc4
HOSE_NT2,NT2,2025-03-11 09:00:00,1644,2,19.45,19.5,19.31,19.45,292400,5680601.000000001,derived_ohlc4
HOSE_NT2,NT2,2025-03-12 09:00:00,1645,2,19.45,19.55,19.26,19.31,462100,8961274.25,derived_ohlc4
HOSE_NT2,NT2,2025-03-13 09:00:00,1646,2,19.31,19.5,19.11,19.11,511600,9852137.0,derived_ohlc4
HOSE_NT2,NT2,2025-03-14 09:00:00,1647,2,19.11,19.16,18.92,18.92,468000,8904870.0,derived_ohlc4
HOSE_NT2,NT2,2025-03-17 09:00:00,1648,2,18.92,19.31,18.92,19.26,323300,6175838.250000001,derived_ohlc4
HOSE_NT2,NT2,2025-03-18 09:00:00,1649,2,19.26,19.84,19.11,19.4,658100,12768785.25,derived_ohlc4
HOSE_NT2,NT2,2025-03-19 09:00:00,1650,2,19.45,19.74,19.21,19.21,300700,5834331.75,derived_ohlc4
HOSE_NT2,NT2,2025-03-20 09:00:00,1651,2,19.21,19.31,18.97,19.21,257500,4937562.499999999,derived_ohlc4
HOSE_NT2,NT2,2025-03-21 09:00:00,1652,2,19.16,19.26,19.07,19.07,188300,3604062.0,derived_ohlc4
HOSE_NT2,NT2,2025-03-24 09:00:00,1653,2,19.07,19.21,19.07,19.07,192900,3685354.5,derived_ohlc4
HOSE_NT2,NT2,2025-03-25 09:00:00,1654,2,19.16,19.65,19.11,19.65,539300,10458375.25,derived_ohlc4
HOSE_NT2,NT2,2025-03-26 09:00:00,1655,2,19.7,19.7,19.36,19.36,398900,7790517.0,derived_ohlc4
HOSE_NT2,NT2,2025-03-27 09:00:00,1656,2,19.4,19.65,19.36,19.36,222200,4320123.5,derived_ohlc4
HOSE_NT2,NT2,2025-03-28 09:00:00,1657,2,19.5,19.79,19.4,19.45,418400,8173444.0,derived_ohlc4
HOSE_NT2,NT2,2025-03-31 09:00:00,1658,2,19.45,19.55,19.31,19.31,366100,7104170.5,derived_ohlc4
HOSE_NT2,NT2,2025-04-01 09:00:00,1659,2,19.45,19.7,19.26,19.31,440200,8553086.0,derived_ohlc4
HOSE_NT2,NT2,2025-04-02 09:00:00,1660,2,19.45,19.45,19.31,19.31,246500,4777170.0,derived_ohlc4
HOSE_NT2,NT2,2025-04-03 09:00:00,1661,2,18.05,18.87,18.0,18.0,2008300,36611309.0,derived_ohlc4
HOSE_NT2,NT2,2025-04-04 09:00:00,1662,2,16.79,17.76,16.79,17.76,1363400,23552734.999999996,derived_ohlc4
HOSE_NT2,NT2,2025-04-08 09:00:00,1663,2,16.99,17.76,16.55,16.55,1338900,22711091.249999996,derived_ohlc4
HOSE_NT2,NT2,2025-04-09 09:00:00,1664,2,15.63,17.23,15.49,15.73,1557800,24955956.0,derived_ohlc4
HOSE_NT2,NT2,2025-04-10 09:00:00,1665,2,16.79,16.79,16.79,16.79,83500,1401965.0,derived_ohlc4
HOSE_NT2,NT2,2025-04-11 09:00:00,1666,2,17.61,17.61,17.13,17.61,897700,15700772.999999998,derived_ohlc4
HOSE_NT2,NT2,2025-04-14 09:00:00,1667,2,17.61,17.81,17.37,17.71,449400,7920675.0,derived_ohlc4
HOSE_NT2,NT2,2025-04-15 09:00:00,1668,2,17.71,17.71,17.28,17.42,417700,7322281.000000001,derived_ohlc4
HOSE_NT2,NT2,2025-04-16 09:00:00,1669,2,17.42,17.76,17.42,17.47,357000,6253747.500000001,derived_ohlc4
HOSE_NT2,NT2,2025-04-17 09:00:00,1670,2,17.47,17.57,17.08,17.57,697800,12157420.5,derived_ohlc4
HOSE_NT2,NT2,2025-04-18 09:00:00,1671,2,17.61,18.1,17.61,17.76,351200,6240824.0,derived_ohlc4
HOSE_NT2,NT2,2025-04-21 09:00:00,1672,2,17.76,18.0,17.42,17.42,486200,8581430.000000002,derived_ohlc4
HOSE_NT2,NT2,2025-04-22 09:00:00,1673,2,17.42,17.42,16.21,17.03,1029700,17525494.000000004,derived_ohlc4
HOSE_NT2,NT2,2025-04-23 09:00:00,1674,2,16.99,17.18,16.6,16.79,769400,12995166.0,derived_ohlc4
HOSE_NT2,NT2,2025-04-24 09:00:00,1675,2,16.94,17.08,16.65,16.74,775600,13070799.0,derived_ohlc4
HOSE_NT2,NT2,2025-04-25 09:00:00,1676,2,16.79,17.03,16.74,16.84,595600,10035860.0,derived_ohlc4
HOSE_NT2,NT2,2025-04-28 09:00:00,1677,2,16.99,17.23,16.84,17.08,359300,6120675.5,derived_ohlc4
HOSE_NT2,NT2,2025-04-29 09:00:00,1678,2,17.08,17.18,16.94,17.03,228400,3895933.0,derived_ohlc4
HOSE_NT2,NT2,2025-05-05 09:00:00,1679,2,17.08,17.71,16.99,17.71,634600,11024588.500000002,derived_ohlc4
HOSE_NT2,NT2,2025-05-06 09:00:00,1680,2,17.81,17.81,17.57,17.57,369000,6527609.999999999,derived_ohlc4
HOSE_NT2,NT2,2025-05-07 09:00:00,1681,2,17.42,18.19,17.42,18.19,1035100,18429955.5,derived_ohlc4
HOSE_NT2,NT2,2025-05-08 09:00:00,1682,2,18.24,18.29,17.95,18.1,341900,6203775.500000001,derived_ohlc4
HOSE_NT2,NT2,2025-05-09 09:00:00,1683,2,18.1,18.29,17.95,18.1,451200,8171232.0,derived_ohlc4
HOSE_NT2,NT2,2025-05-12 09:00:00,1684,2,18.44,18.49,18.0,18.05,1017400,18562463.0,derived_ohlc4
HOSE_NT2,NT2,2025-05-13 09:00:00,1685,2,18.15,18.15,17.95,18.0,528100,9538806.25,derived_ohlc4
HOSE_NT2,NT2,2025-05-14 09:00:00,1686,2,18.0,18.05,17.9,18.0,446700,8035016.249999999,derived_ohlc4
HOSE_NT2,NT2,2025-05-15 09:00:00,1687,2,18.1,18.19,17.81,17.81,603000,10840432.500000002,derived_ohlc4
HOSE_NT2,NT2,2025-05-16 09:00:00,1688,2,17.81,18.39,17.71,18.19,1015800,18309795.000000004,derived_ohlc4
HOSE_NT2,NT2,2025-05-19 09:00:00,1689,2,18.19,18.24,17.95,18.0,445200,8055893.999999999,derived_ohlc4
HOSE_NT2,NT2,2025-05-20 09:00:00,1690,2,17.9,18.15,17.9,18.1,527600,9503395.0,derived_ohlc4
HOSE_NT2,NT2,2025-05-21 09:00:00,1691,2,18.15,18.15,17.81,17.9,537700,9679944.249999998,derived_ohlc4
HOSE_NT2,NT2,2025-05-22 09:00:00,1692,2,17.9,18.19,17.81,17.81,532900,9553564.750000002,derived_ohlc4
HOSE_NT2,NT2,2025-05-23 09:00:00,1693,2,17.86,17.95,17.52,17.57,692600,12276335.000000002,derived_ohlc4
HOSE_NT2,NT2,2025-05-26 09:00:00,1694,2,17.57,17.76,17.32,17.76,584700,10292181.75,derived_ohlc4
HOSE_NT2,NT2,2025-05-27 09:00:00,1695,2,17.81,17.9,17.71,17.76,580500,10329997.499999998,derived_ohlc4
HOSE_NT2,NT2,2025-05-28 09:00:00,1696,2,17.81,18.19,17.81,17.86,1187700,21280614.75,derived_ohlc4
HOSE_NT2,NT2,2025-05-29 09:00:00,1697,2,18.0,18.05,17.86,17.9,570500,10241901.25,derived_ohlc4
HOSE_NT2,NT2,2025-05-30 09:00:00,1698,2,18.0,18.29,17.9,18.05,799100,14431745.999999998,derived_ohlc4
HOSE_NT2,NT2,2025-06-02 09:00:00,1699,2,18.1,18.58,17.9,18.49,1256100,22945806.749999996,derived_ohlc4
HOSE_NT2,NT2,2025-06-03 09:00:00,1700,2,18.53,18.58,18.29,18.34,763800,14080652.999999998,derived_ohlc4
HOSE_NT2,NT2,2025-06-04 09:00:00,1701,2,18.34,18.68,18.19,18.19,937600,17204959.999999996,derived_ohlc4
HOSE_NT2,NT2,2025-06-05 09:00:00,1702,2,18.24,18.24,17.9,17.95,1012700,18312147.75,derived_ohlc4
HOSE_NT2,NT2,2025-06-06 09:00:00,1703,2,18.1,18.19,17.81,17.81,741500,13330316.250000002,derived_ohlc4
HOSE_NT2,NT2,2025-06-09 09:00:00,1704,2,17.81,17.9,17.57,17.57,714200,12650267.499999998,derived_ohlc4
HOSE_NT2,NT2,2025-06-10 09:00:00,1705,2,17.57,17.71,17.52,17.52,483800,8505204.0,derived_ohlc4
HOSE_NT2,NT2,2025-06-11 09:00:00,1706,2,17.57,17.57,17.32,17.42,655300,11448091.0,derived_ohlc4
HOSE_NT2,NT2,2025-06-12 09:00:00,1707,2,17.47,17.66,17.42,17.52,526000,9214205.0,derived_ohlc4
HOSE_NT2,NT2,2025-06-13 09:00:00,1708,2,17.37,17.47,17.03,17.32,1025500,17738586.25,derived_ohlc4
HOSE_NT2,NT2,2025-06-16 09:00:00,1709,2,17.32,17.57,17.32,17.47,838200,14601444.000000002,derived_ohlc4
HOSE_NT2,NT2,2025-06-17 09:00:00,1710,2,17.61,17.81,17.47,17.57,748100,13177781.500000002,derived_ohlc4
HOSE_NT2,NT2,2025-06-18 09:00:00,1711,2,17.57,17.71,17.37,17.71,649900,11431741.000000002,derived_ohlc4
HOSE_NT2,NT2,2025-06-19 09:00:00,1712,2,17.81,17.86,17.71,17.71,718700,12773095.75,derived_ohlc4
HOSE_NT2,NT2,2025-06-20 09:00:00,1713,2,17.86,17.86,17.66,17.71,484500,8610776.25,derived_ohlc4
HOSE_NT2,NT2,2025-06-23 09:00:00,1714,2,17.61,18.29,17.57,18.24,1375400,24657483.499999996,derived_ohlc4
HOSE_NT2,NT2,2025-06-24 09:00:00,1715,2,18.49,19.07,18.49,18.82,2735300,51197977.75,derived_ohlc4
HOSE_NT2,NT2,2025-06-25 09:00:00,1716,2,18.97,18.97,18.68,18.78,1193100,22489935.0,derived_ohlc4
HOSE_NT2,NT2,2025-06-26 09:00:00,1717,2,18.78,18.82,18.49,18.58,803800,15004936.5,derived_ohlc4
HOSE_NT2,NT2,2025-06-27 09:00:00,1718,2,18.63,18.68,18.49,18.68,799400,14884827.999999998,derived_ohlc4
HOSE_NT2,NT2,2025-06-30 09:00:00,1719,2,18.78,18.78,18.53,18.63,1043000,19483240.0,derived_ohlc4
HOSE_NT2,NT2,2025-07-01 09:00:00,1720,2,18.53,18.68,18.29,18.49,869200,16078026.999999998,derived_ohlc4
HOSE_NT2,NT2,2025-07-02 09:00:00,1721,2,18.58,18.58,18.34,18.39,809500,14953488.75,derived_ohlc4
HOSE_NT2,NT2,2025-07-03 09:00:00,1722,2,18.39,18.68,18.29,18.39,824600,15203562.5,derived_ohlc4
HOSE_NT2,NT2,2025-07-04 09:00:00,1723,2,18.39,18.87,18.39,18.87,900400,16774452.000000002,derived_ohlc4
HOSE_NT2,NT2,2025-07-07 09:00:00,1724,2,19.02,19.02,18.73,18.82,920700,17398928.25,derived_ohlc4
HOSE_NT2,NT2,2025-07-08 09:00:00,1725,2,18.87,19.11,18.78,19.07,1844100,34959525.75000001,derived_ohlc4
HOSE_NT2,NT2,2025-07-09 09:00:00,1726,2,19.11,19.26,19.02,19.11,1202100,22990162.5,derived_ohlc4
HOSE_NT2,NT2,2025-07-10 09:00:00,1727,2,19.21,19.26,19.02,19.07,760600,14557884.0,derived_ohlc4
HOSE_NT2,NT2,2025-07-11 09:00:00,1728,2,18.97,19.11,18.78,18.78,860700,16275837.0,derived_ohlc4
HOSE_NT2,NT2,2025-07-14 09:00:00,1729,2,18.87,19.21,18.87,18.97,882800,16755544.0,derived_ohlc4
HOSE_NT2,NT2,2025-07-15 09:00:00,1730,2,18.97,19.11,18.68,18.68,984100,18560126.0,derived_ohlc4
HOSE_NT2,NT2,2025-07-16 09:00:00,1731,2,18.78,19.45,18.73,19.31,2135600,40720553.00000001,derived_ohlc4
HOSE_NT2,NT2,2025-07-17 09:00:00,1732,2,19.36,19.55,19.11,19.16,1499500,28932852.499999996,derived_ohlc4
HOSE_NT2,NT2,2025-07-18 09:00:00,1733,2,19.16,19.6,19.11,19.45,1550700,29975031.000000004,derived_ohlc4
HOSE_NT2,NT2,2025-07-21 09:00:00,1734,2,20.32,20.37,19.84,19.94,3315900,66707618.25,derived_ohlc4
HOSE_NT2,NT2,2025-07-22 09:00:00,1735,2,20.03,20.18,19.65,19.79,1654900,32953196.250000004,derived_ohlc4
HOSE_NT2,NT2,2025-07-23 09:00:00,1736,2,19.84,20.23,19.79,19.94,2598200,51834090.0,derived_ohlc4
HOSE_NT2,NT2,2025-07-24 09:00:00,1737,2,20.13,20.13,19.7,19.94,2097600,41899559.99999999,derived_ohlc4
HOSE_NT2,NT2,2025-07-25 09:00:00,1738,2,19.99,20.23,19.84,19.84,2181000,43565475.0,derived_ohlc4
HOSE_NT2,NT2,2025-07-28 09:00:00,1739,2,20.18,20.18,19.84,20.03,1942000,38951665.0,derived_ohlc4
HOSE_NT2,NT2,2025-07-29 09:00:00,1740,2,20.13,20.23,19.31,19.36,3100200,61252201.5,derived_ohlc4
HOSE_NT2,NT2,2025-07-30 09:00:00,1741,2,19.31,19.55,19.02,19.36,1371900,26491389.0,derived_ohlc4
HOSE_NT2,NT2,2025-07-31 09:00:00,1742,2,19.45,19.7,19.11,19.55,1353700,26332849.25,derived_ohlc4
HOSE_NT2,NT2,2025-08-01 09:00:00,1743,2,19.6,19.84,19.45,19.84,1537500,30261843.75,derived_ohlc4
HOSE_NT2,NT2,2025-08-04 09:00:00,1744,2,20.37,21.2,20.37,21.2,4594900,95504996.5,derived_ohlc4
HOSE_NT2,NT2,2025-08-05 09:00:00,1745,2,22.07,22.07,20.52,20.9,4191900,89664741.0,derived_ohlc4
HOSE_NT2,NT2,2025-08-06 09:00:00,1746,2,20.9,21.1,20.66,20.76,2027400,42281427.0,derived_ohlc4
HOSE_NT2,NT2,2025-08-07 09:00:00,1747,2,21.2,21.44,20.86,21.2,2501700,52973497.5,derived_ohlc4
HOSE_NT2,NT2,2025-08-08 09:00:00,1748,2,21.24,21.34,20.71,20.95,2081900,43844814.0,derived_ohlc4
HOSE_NT2,NT2,2025-08-11 09:00:00,1749,2,21.1,21.39,20.9,21.34,2115800,44817933.5,derived_ohlc4
HOSE_NT2,NT2,2025-08-12 09:00:00,1750,2,21.49,22.11,21.29,21.73,3275700,70935283.49999999,derived_ohlc4
HOSE_NT2,NT2,2025-08-13 09:00:00,1751,2,21.78,21.82,21.15,21.44,2678100,57706359.75,derived_ohlc4
HOSE_NT2,NT2,2025-08-14 09:00:00,1752,2,21.58,21.58,21.0,21.1,1685800,35932826.99999999,derived_ohlc4
HOSE_NT2,NT2,2025-08-15 09:00:00,1753,2,21.24,21.63,20.86,21.0,1798700,38100962.74999999,derived_ohlc4
HOSE_NT2,NT2,2025-08-18 09:00:00,1754,2,21.0,21.68,21.0,21.49,2024400,43104537.0,derived_ohlc4
HOSE_NT2,NT2,2025-08-19 09:00:00,1755,2,21.49,22.02,21.49,21.68,2232900,48386943.00000001,derived_ohlc4
HOSE_NT2,NT2,2025-08-20 09:00:00,1756,2,21.68,21.68,20.42,20.9,2740000,58005800.00000001,derived_ohlc4
HOSE_NT2,NT2,2025-08-21 09:00:00,1757,2,21.0,21.05,20.52,20.71,1007200,20969904.0,derived_ohlc4
HOSE_NT2,NT2,2025-08-22 09:00:00,1758,2,20.52,21.0,20.13,20.66,1736000,35722539.99999999,derived_ohlc4
HOSE_NT2,NT2,2025-08-25 09:00:00,1759,2,20.76,21.2,20.66,20.76,1689100,35209289.50000001,derived_ohlc4
HOSE_NT2,NT2,2025-08-26 09:00:00,1760,2,21.1,21.1,20.52,21.0,893700,18705141.0,derived_ohlc4
HOSE_NT2,NT2,2025-08-27 09:00:00,1761,2,21.1,22.26,20.95,21.58,3007900,64587132.75,derived_ohlc4
HOSE_NT2,NT2,2025-08-28 09:00:00,1762,2,21.78,21.82,21.29,21.49,729500,15753552.5,derived_ohlc4
HOSE_NT2,NT2,2025-08-29 09:00:00,1763,2,21.49,21.92,21.24,21.58,1616500,34847698.74999999,derived_ohlc4
HOSE_NT2,NT2,2025-09-03 09:00:00,1764,2,21.68,22.02,21.39,21.97,1738200,37831923.0,derived_ohlc4
HOSE_NT2,NT2,2025-09-04 09:00:00,1765,2,22.26,22.74,21.87,21.92,1713000,38024317.5,derived_ohlc4
HOSE_NT2,NT2,2025-09-05 09:00:00,1766,2,21.97,22.07,21.44,21.44,2333400,50704782.0,derived_ohlc4
HOSE_NT2,NT2,2025-09-08 09:00:00,1767,2,21.44,21.49,20.61,20.61,1414700,29761751.250000004,derived_ohlc4
HOSE_NT2,NT2,2025-09-09 09:00:00,1768,2,20.71,20.86,20.42,20.71,1430800,29581790.0,derived_ohlc4
HOSE_NT2,NT2,2025-09-10 09:00:00,1769,2,20.76,21.15,20.71,21.0,726000,15177030.0,derived_ohlc4
HOSE_NT2,NT2,2025-09-11 09:00:00,1770,2,20.71,21.0,20.37,20.9,915100,18983749.499999996,derived_ohlc4
HOSE_NT2,NT2,2025-09-12 09:00:00,1771,2,21.0,21.34,20.95,21.2,737400,15575731.500000002,derived_ohlc4
HOSE_NT2,NT2,2025-09-15 09:00:00,1772,2,21.29,21.39,21.15,21.39,737600,15714568.0,derived_ohlc4
HOSE_NT2,NT2,2025-09-16 09:00:00,1773,2,21.49,22.36,21.39,21.92,2725400,59386466.0,derived_ohlc4
HOSE_NT2,NT2,2025-09-17 09:00:00,1774,2,22.07,22.07,21.44,21.49,856000,18632980.0,derived_ohlc4
HOSE_NT2,NT2,2025-09-18 09:00:00,1775,2,21.49,22.26,21.34,22.02,2582900,56249104.75,derived_ohlc4
HOSE_NT2,NT2,2025-09-19 09:00:00,1776,2,22.07,23.23,22.07,22.94,4076100,92028147.75,derived_ohlc4
HOSE_NT2,NT2,2025-09-22 09:00:00,1777,2,23.03,23.03,21.78,22.02,2149900,48297503.5,derived_ohlc4
HOSE_NT2,NT2,2025-09-23 09:00:00,1778,2,22.21,22.21,21.73,22.07,1170600,25817583.0,derived_ohlc4
HOSE_NT2,NT2,2025-09-24 09:00:00,1779,2,22.11,22.55,21.73,22.55,1172000,26059420.0,derived_ohlc4
HOSE_NT2,NT2,2025-09-25 09:00:00,1780,2,23.42,23.91,22.94,23.61,3710300,87080741.0,derived_ohlc4
HOSE_NT2,NT2,2025-09-26 09:00:00,1781,2,23.57,23.61,22.89,22.89,2090500,48583220.0,derived_ohlc4
HOSE_NT2,NT2,2025-09-29 09:00:00,1782,2,22.84,23.71,22.84,23.03,1908400,44093582.0,derived_ohlc4
HOSE_NT2,NT2,2025-09-30 09:00:00,1783,2,23.03,23.03,22.07,22.65,2188700,49672546.5,derived_ohlc4
HOSE_NT2,NT2,2025-10-01 09:00:00,1784,2,22.6,22.6,22.11,22.55,814300,18293249.5,derived_ohlc4
HOSE_NT2,NT2,2025-10-02 09:00:00,1785,2,22.26,23.08,22.26,22.84,1077700,24366797.000000004,derived_ohlc4
HOSE_NT2,NT2,2025-10-03 09:00:00,1786,2,22.74,24.0,21.73,22.45,2131400,48446722.0,derived_ohlc4
HOSE_NT2,NT2,2025-10-06 09:00:00,1787,2,22.26,22.7,22.16,22.7,830200,18642141.0,derived_ohlc4
HOSE_NT2,NT2,2025-10-07 09:00:00,1788,2,22.94,22.94,22.4,22.5,800000,18156000.0,derived_ohlc4
HOSE_NT2,NT2,2025-10-08 09:00:00,1789,2,22.99,22.99,22.16,22.31,1398500,31623581.25,derived_ohlc4
HOSE_NT2,NT2,2025-10-09 09:00:00,1790,2,22.26,22.89,22.21,22.55,1381100,31043675.250000004,derived_ohlc4
HOSE_NT2,NT2,2025-10-10 09:00:00,1791,2,22.45,22.84,22.45,22.79,817300,18497542.25,derived_ohlc4
HOSE_NT2,NT2,2025-10-13 09:00:00,1792,2,22.45,22.7,22.21,22.36,1223600,27445348.0,derived_ohlc4
HOSE_NT2,NT2,2025-10-14 09:00:00,1793,2,22.21,22.45,21.68,21.68,1917700,42198988.50000001,derived_ohlc4
HOSE_NT2,NT2,2025-10-15 09:00:00,1794,2,21.53,22.21,21.53,21.92,766700,16712143.250000002,derived_ohlc4
HOSE_NT2,NT2,2025-10-16 09:00:00,1795,2,22.16,22.16,21.68,22.02,479600,10553598.0,derived_ohlc4
HOSE_NT2,NT2,2025-10-17 09:00:00,1796,2,22.07,22.16,21.63,21.73,1523000,33349892.5,derived_ohlc4
HOSE_NT2,NT2,2025-10-20 09:00:00,1797,2,21.73,22.11,21.0,21.05,1418800,30465183.0,derived_ohlc4
HOSE_NT2,NT2,2025-10-21 09:00:00,1798,2,21.25,21.7,21.1,21.35,1168500,24947475.0,derived_ohlc4
HOSE_NT2,NT2,2025-10-22 09:00:00,1799,2,21.9,22.75,21.5,22.75,2278500,50639662.5,derived_ohlc4
HOSE_NT2,NT2,2025-10-23 09:00:00,1800,2,23.0,23.3,22.65,22.75,947200,21714559.999999996,derived_ohlc4
HOSE_NT2,NT2,2025-10-24 09:00:00,1801,2,22.95,23.1,22.25,23.05,1681700,38405823.75,derived_ohlc4
HOSE_NT2,NT2,2025-10-27 09:00:00,1802,2,23.05,23.3,22.75,22.8,1278300,29368942.499999996,derived_ohlc4
HOSE_NT2,NT2,2025-10-28 09:00:00,1803,2,22.8,23.45,22.6,23.3,1444500,33277668.749999996,derived_ohlc4
HOSE_NT2,NT2,2025-10-29 09:00:00,1804,2,23.5,24.9,23.4,24.9,5210400,125961419.99999999,derived_ohlc4
HOSE_NT2,NT2,2025-10-30 09:00:00,1805,2,25.1,25.35,24.9,25.2,1571600,39506095.0,derived_ohlc4
HOSE_NT2,NT2,2025-10-31 09:00:00,1806,2,24.95,25.3,24.05,24.05,2950900,72555253.75,derived_ohlc4
HOSE_NT2,NT2,2025-11-03 09:00:00,1807,2,24.3,24.5,23.5,23.5,1803000,43181850.0,derived_ohlc4
HOSE_NT2,NT2,2025-11-04 09:00:00,1808,2,23.35,24.35,23.05,24.15,1959400,46486765.0,derived_ohlc4
HOSE_NT2,NT2,2025-11-05 09:00:00,1809,2,23.85,24.5,23.5,24.1,1160700,27842291.249999996,derived_ohlc4
HOSE_NT2,NT2,2025-11-06 09:00:00,1810,2,24.15,24.15,23.4,23.75,1479400,35302182.49999999,derived_ohlc4
HOSE_NT2,NT2,2025-11-07 09:00:00,1811,2,23.5,23.75,23.0,23.05,1019400,23777505.0,derived_ohlc4
HOSE_NT2,NT2,2025-11-10 09:00:00,1812,2,23.0,23.45,22.9,22.9,659600,15212025.0,derived_ohlc4
HOSE_NT2,NT2,2025-11-11 09:00:00,1813,2,22.9,23.1,22.3,22.9,1369500,31224599.999999996,derived_ohlc4
HOSE_NT2,NT2,2025-11-12 09:00:00,1814,2,22.9,23.75,22.7,23.6,834500,19391693.749999996,derived_ohlc4
HOSE_NT2,NT2,2025-11-13 09:00:00,1815,2,23.6,23.95,23.4,23.7,726300,17186073.75,derived_ohlc4
HOSE_NT2,NT2,2025-11-14 09:00:00,1816,2,23.9,24.25,23.5,24.25,1296500,31083587.5,derived_ohlc4
HOSE_NT2,NT2,2025-11-17 09:00:00,1817,2,24.45,24.45,23.9,24.15,879700,21321728.749999996,derived_ohlc4
HOSE_NT2,NT2,2025-11-18 09:00:00,1818,2,24.1,24.75,24.0,24.1,934900,22659638.749999996,derived_ohlc4
HOSE_NT2,NT2,2025-11-19 09:00:00,1819,2,24.1,24.3,23.95,24.2,786100,18974488.750000004,derived_ohlc4
HOSE_NT2,NT2,2025-11-20 09:00:00,1820,2,24.1,24.45,23.9,24.0,738400,17804669.999999996,derived_ohlc4
HOSE_NT2,NT2,2025-11-21 09:00:00,1821,2,23.8,23.9,23.4,23.9,629000,14938750.0,derived_ohlc4
HOSE_NT2,NT2,2025-11-24 09:00:00,1822,2,23.9,24.05,23.65,23.95,868200,20739127.5,derived_ohlc4
HOSE_NT2,NT2,2025-11-25 09:00:00,1823,2,23.95,23.95,23.3,23.4,714400,16895560.0,derived_ohlc4
HOSE_NT2,NT2,2025-11-26 09:00:00,1824,2,23.55,23.65,23.3,23.6,519900,12230647.5,derived_ohlc4
HOSE_NT2,NT2,2025-11-27 09:00:00,1825,2,23.85,23.85,23.3,23.3,347300,8187597.5,derived_ohlc4
HOSE_NT2,NT2,2025-11-28 09:00:00,1826,2,23.3,23.7,23.3,23.3,504700,11809980.0,derived_ohlc4
HOSE_NT2,NT2,2025-12-01 09:00:00,1827,2,23.4,23.6,23.35,23.6,355800,8356852.499999999,derived_ohlc4
HOSE_NT2,NT2,2025-12-02 09:00:00,1828,2,23.45,23.85,23.4,23.65,550400,12982560.0,derived_ohlc4
HOSE_NT2,NT2,2025-12-03 09:00:00,1829,2,23.8,24.05,23.55,24.0,845100,20155635.0,derived_ohlc4
HOSE_NT2,NT2,2025-12-04 09:00:00,1830,2,24.25,24.4,23.95,24.05,1110300,26827623.749999996,derived_ohlc4
HOSE_NT2,NT2,2025-12-05 09:00:00,1831,2,23.9,24.4,23.85,23.85,618200,14836800.0,derived_ohlc4
HOSE_NT2,NT2,2025-12-08 09:00:00,1832,2,23.9,23.9,23.4,23.85,914900,21740311.249999996,derived_ohlc4
HOSE_NT2,NT2,2025-12-09 09:00:00,1833,2,23.65,23.85,23.45,23.6,765900,18103961.250000004,derived_ohlc4
HOSE_NT2,NT2,2025-12-10 09:00:00,1834,2,23.7,23.8,23.5,23.6,241100,5702015.0,derived_ohlc4
HOSE_NT2,NT2,2025-12-11 09:00:00,1835,2,23.6,23.7,23.5,23.6,360000,8496000.0,derived_ohlc4
HOSE_NT2,NT2,2025-12-12 09:00:00,1836,2,23.7,23.7,22.5,22.55,1113700,25740391.25,derived_ohlc4
HOSE_NT2,NT2,2025-12-15 09:00:00,1837,2,22.7,23.0,22.65,22.65,655500,14912625.0,derived_ohlc4
HOSE_NT2,NT2,2025-12-16 09:00:00,1838,2,22.9,23.0,22.35,22.95,519400,11842320.0,derived_ohlc4
HOSE_NT2,NT2,2025-12-17 09:00:00,1839,2,22.8,23.3,22.8,23.2,272800,6281220.000000001,derived_ohlc4
HOSE_NT2,NT2,2025-12-18 09:00:00,1840,2,23.25,24.05,23.25,24.0,1770700,41854921.25,derived_ohlc4
HOSE_NT2,NT2,2025-12-19 09:00:00,1841,2,24.0,24.4,23.85,24.2,1039800,25072177.5,derived_ohlc4
HOSE_NT2,NT2,2025-12-22 09:00:00,1842,2,24.2,24.45,24.0,24.25,981200,23769570.0,derived_ohlc4
HOSE_NT2,NT2,2025-12-23 09:00:00,1843,2,24.2,24.7,24.05,24.2,1059600,25735035.0,derived_ohlc4
HOSE_NT2,NT2,2025-12-24 09:00:00,1844,2,24.2,24.3,23.9,24.2,321900,7773885.000000001,derived_ohlc4
HOSE_NT2,NT2,2025-12-25 09:00:00,1845,2,24.4,24.4,24.1,24.15,602100,14608451.250000002,derived_ohlc4
HOSE_NT2,NT2,2025-12-26 09:00:00,1846,2,24.0,24.15,23.85,24.15,785900,18891071.25,derived_ohlc4
HOSE_NT2,NT2,2025-12-29 09:00:00,1847,2,24.3,25.0,24.2,24.45,1307600,32019855.0,derived_ohlc4
HOSE_NT2,NT2,2025-12-30 09:00:00,1848,2,24.45,24.45,24.1,24.4,494700,12045945.0,derived_ohlc4
HOSE_NT2,NT2,2025-12-31 09:00:00,1849,2,24.5,24.55,24.3,24.35,970700,23709347.499999996,derived_ohlc4
HOSE_NT2,NT2,2026-01-05 09:00:00,1850,2,24.35,24.9,24.15,24.35,1381900,33770181.25,derived_ohlc4
HOSE_NT2,NT2,2026-01-06 09:00:00,1851,2,24.35,25.0,24.35,24.8,1267000,31199875.0,derived_ohlc4
HOSE_NT2,NT2,2026-01-07 09:00:00,1852,2,24.95,25.2,24.6,25.0,1374100,34266618.75,derived_ohlc4
HOSE_NT2,NT2,2026-01-08 09:00:00,1853,2,25.3,25.95,24.7,24.95,3909500,98617137.5,derived_ohlc4
HOSE_NT2,NT2,2026-01-09 09:00:00,1854,2,24.9,25.15,24.05,24.4,1791200,44108300.0,derived_ohlc4
HOSE_NT2,NT2,2026-01-12 09:00:00,1855,2,24.5,24.7,24.35,24.4,2130400,52168170.00000001,derived_ohlc4
HOSE_NT2,NT2,2026-01-13 09:00:00,1856,2,24.45,26.05,24.45,25.9,3814700,96178123.75,derived_ohlc4
HOSE_NT2,NT2,2026-01-14 09:00:00,1857,2,25.9,25.9,25.35,25.6,1862100,47832693.75,derived_ohlc4
HOSE_NT2,NT2,2026-01-15 09:00:00,1858,2,25.7,26.5,25.7,25.95,2817800,73157132.5,derived_ohlc4
HOSE_NT2,NT2,2026-01-16 09:00:00,1859,2,26.55,26.9,25.8,25.95,2956400,77753320.0,derived_ohlc4
HOSE_NT2,NT2,2026-01-19 09:00:00,1860,2,25.95,26.0,25.35,25.8,1404300,36195832.5,derived_ohlc4
HOSE_NT2,NT2,2026-01-20 09:00:00,1861,2,26.2,26.65,25.65,25.9,2515500,65654550.0,derived_ohlc4
HOSE_NT2,NT2,2026-01-21 09:00:00,1862,2,25.9,26.5,25.6,26.1,2328100,60588802.5,derived_ohlc4
HOSE_NT2,NT2,2026-01-22 09:00:00,1863,2,26.4,26.95,25.95,26.35,1479400,39074652.5,derived_ohlc4
HOSE_NT2,NT2,2026-01-23 09:00:00,1864,2,26.45,26.45,25.95,26.05,1224800,32120379.999999996,derived_ohlc4
HOSE_NT2,NT2,2026-01-26 09:00:00,1865,2,25.95,26.4,25.7,26.0,1924200,50053252.5,derived_ohlc4
HOSE_NT2,NT2,2026-01-27 09:00:00,1866,2,25.9,26.8,25.9,26.65,1926600,50693662.5,derived_ohlc4
HOSE_NT2,NT2,2026-01-28 09:00:00,1867,2,26.8,26.8,26.0,26.35,1103100,29218361.249999996,derived_ohlc4
HOSE_NT2,NT2,2026-01-29 09:00:00,1868,2,26.45,26.5,25.95,26.25,902600,23727097.5,derived_ohlc4
HOSE_NT2,NT2,2026-01-30 09:00:00,1869,2,26.4,26.7,26.15,26.3,950100,25070763.75,derived_ohlc4
HOSE_NT2,NT2,2026-02-02 09:00:00,1870,2,26.3,26.9,26.2,26.75,1602800,42534305.0,derived_ohlc4
HOSE_NT2,NT2,2026-02-03 09:00:00,1871,2,26.9,27.4,26.55,26.6,2228500,59863081.24999999,derived_ohlc4
HOSE_NT2,NT2,2026-02-04 09:00:00,1872,2,26.55,27.15,26.5,27.05,1658600,44471212.5,derived_ohlc4
HOSE_NT2,NT2,2026-02-05 09:00:00,1873,2,27.25,27.4,26.6,26.75,1212500,32737500.0,derived_ohlc4
HOSE_NT2,NT2,2026-02-06 09:00:00,1874,2,26.5,27.4,26.1,26.75,2061400,55013612.5,derived_ohlc4
HOSE_NT2,NT2,2026-02-09 09:00:00,1875,2,26.8,27.35,26.65,26.95,1059500,28540281.250000004,derived_ohlc4
HOSE_NT2,NT2,2026-02-10 09:00:00,1876,2,26.8,27.05,26.2,26.8,903600,24137415.0,derived_ohlc4
HOSE_NT2,NT2,2026-02-11 09:00:00,1877,2,26.7,26.9,26.4,26.9,630400,16847440.0,derived_ohlc4
HOSE_NT2,NT2,2026-02-12 09:00:00,1878,2,27.0,27.4,26.85,27.05,817000,22120275.0,derived_ohlc4
HOSE_NT2,NT2,2026-02-13 09:00:00,1879,2,26.9,27.25,26.9,27.25,585400,15849705.0,derived_ohlc4
HOSE_NT2,NT2,2026-02-23 09:00:00,1880,2,27.4,27.7,27.25,27.55,1082800,29749929.999999996,derived_ohlc4
HOSE_NT2,NT2,2026-02-24 09:00:00,1881,2,27.6,28.3,27.5,28.2,1924700,53699130.00000001,derived_ohlc4
HOSE_NT2,NT2,2026-02-25 09:00:00,1882,2,28.45,28.45,27.75,27.8,1042500,29307281.25,derived_ohlc4
HOSE_NT2,NT2,2026-02-26 09:00:00,1883,2,27.8,27.9,26.95,27.6,2929900,80755368.75,derived_ohlc4
HOSE_NT2,NT2,2026-02-27 09:00:00,1884,2,27.6,28.3,27.5,27.75,1621400,45054652.5,derived_ohlc4
HOSE_NT2,NT2,2026-03-02 09:00:00,1885,2,27.2,29.45,27.2,28.9,3428200,96632387.5,derived_ohlc4
HOSE_NT2,NT2,2026-03-03 09:00:00,1886,2,29.25,29.3,28.3,28.8,2133200,61676144.99999999,derived_ohlc4
HOSE_NT2,NT2,2026-03-04 09:00:00,1887,2,28.7,29.3,26.9,28.0,3783000,106775175.0,derived_ohlc4
HOSE_NT2,NT2,2026-03-05 09:00:00,1888,2,28.45,28.45,27.4,28.2,1296800,36472500.0,derived_ohlc4
HOSE_NT2,NT2,2026-03-06 09:00:00,1889,2,28.2,28.2,27.2,27.65,910500,25323281.25,derived_ohlc4
HOSE_NT2,NT2,2026-03-09 09:00:00,1890,2,26.2,26.6,25.75,25.75,1430300,37295072.5,derived_ohlc4
HOSE_NT2,NT2,2026-03-10 09:00:00,1891,2,26.0,26.2,25.2,25.5,2067300,53181292.5,derived_ohlc4
HOSE_NT2,NT2,2026-03-11 09:00:00,1892,2,25.5,26.4,25.5,26.35,768100,19922593.75,derived_ohlc4
HOSE_NT2,NT2,2026-03-12 09:00:00,1893,2,26.4,27.3,26.15,26.5,1743000,46342012.5,derived_ohlc4
HOSE_NT2,NT2,2026-03-13 09:00:00,1894,2,26.5,27.1,26.4,26.65,873100,23279028.75,derived_ohlc4
HOSE_NT2,NT2,2026-03-16 09:00:00,1895,2,26.65,26.7,25.7,25.95,935900,24567375.0,derived_ohlc4
HOSE_NT2,NT2,2026-03-17 09:00:00,1896,2,25.8,26.35,25.55,25.55,767800,19818837.5,derived_ohlc4
HOSE_NT2,NT2,2026-03-18 09:00:00,1897,2,25.55,26.1,25.45,26.0,901800,23243895.000000004,derived_ohlc4
HOSE_NT2,NT2,2026-03-19 09:00:00,1898,2,25.5,26.1,25.4,25.9,613600,15784860.0,derived_ohlc4
HOSE_NT2,NT2,2026-03-20 09:00:00,1899,2,26.0,26.9,25.7,25.95,1111000,29038762.5,derived_ohlc4
HOSE_NT2,NT2,2026-03-23 09:00:00,1900,2,25.65,25.95,24.65,24.65,1340400,33811590.0,derived_ohlc4
HOSE_NT2,NT2,2026-03-24 09:00:00,1901,2,25.1,25.9,25.0,25.9,959100,24433072.5,derived_ohlc4
HOSE_NT2,NT2,2026-03-25 09:00:00,1902,2,26.0,27.7,25.8,27.7,2979600,79853280.0,derived_ohlc4
HOSE_NT2,NT2,2026-03-26 09:00:00,1903,2,28.15,28.15,27.1,27.75,1455700,40450263.75,derived_ohlc4
HOSE_NT2,NT2,2026-03-27 09:00:00,1904,2,27.7,28.0,27.25,27.9,950600,26343502.5,derived_ohlc4
HOSE_NT2,NT2,2026-03-30 09:00:00,1905,2,27.25,28.6,27.25,27.9,1371700,38064675.0,derived_ohlc4
HOSE_NT2,NT2,2026-03-31 09:00:00,1906,2,28.1,28.1,27.5,27.6,846800,23562210.000000004,derived_ohlc4
HOSE_NT2,NT2,2026-04-01 09:00:00,1907,2,27.9,28.25,27.55,27.7,1394400,38834040.0,derived_ohlc4
HOSE_NT2,NT2,2026-04-02 09:00:00,1908,2,27.7,27.7,26.9,27.0,815600,22286270.0,derived_ohlc4
HOSE_NT2,NT2,2026-04-03 09:00:00,1909,2,27.1,27.35,26.0,26.0,1139400,30322282.5,derived_ohlc4
HOSE_NT2,NT2,2026-04-06 09:00:00,1910,2,26.05,26.25,25.2,25.2,1022600,26255255.0,derived_ohlc4
HOSE_NT2,NT2,2026-04-07 09:00:00,1911,2,25.2,25.6,25.0,25.2,411000,10377750.0,derived_ohlc4
HOSE_NT2,NT2,2026-04-08 09:00:00,1912,2,25.95,26.3,25.5,26.2,602200,15649672.5,derived_ohlc4
HOSE_NT2,NT2,2026-04-09 09:00:00,1913,2,26.2,26.2,25.6,25.7,761100,19731517.5,derived_ohlc4
HOSE_NT2,NT2,2026-04-10 09:00:00,1914,2,25.8,26.3,25.75,26.2,569900,14824523.75,derived_ohlc4
HOSE_NT2,NT2,2026-04-13 09:00:00,1915,2,26.3,26.8,26.3,26.55,721400,19108082.5,derived_ohlc4
HOSE_NT2,NT2,2026-04-14 09:00:00,1916,2,26.7,26.7,26.3,26.35,474800,12588135.000000002,derived_ohlc4
HOSE_NT2,NT2,2026-04-15 09:00:00,1917,2,26.4,26.5,26.1,26.1,552700,14522192.5,derived_ohlc4
HOSE_NT2,NT2,2026-04-16 09:00:00,1918,2,26.15,26.7,25.8,26.2,805000,21101062.5,derived_ohlc4
HOSE_NT2,NT2,2026-04-17 09:00:00,1919,2,26.5,26.5,25.95,26.0,514700,13504441.25,derived_ohlc4
HOSE_NT2,NT2,2026-04-20 09:00:00,1920,2,26.3,26.45,26.0,26.3,778300,20440103.75,derived_ohlc4
HOSE_NT2,NT2,2026-04-21 09:00:00,1921,2,26.6,26.6,25.8,25.85,1100300,28841613.75,derived_ohlc4
HOSE_NT2,NT2,2026-04-22 09:00:00,1922,2,25.9,25.9,25.35,25.35,1189900,30491187.5,derived_ohlc4
HOSE_NT2,NT2,2026-04-23 09:00:00,1923,2,25.3,25.45,24.1,24.6,2675700,66524591.24999999,derived_ohlc4
HOSE_NT2,NT2,2026-04-24 09:00:00,1924,2,24.4,25.0,24.1,24.8,916400,22520530.0,derived_ohlc4
HOSE_NT2,NT2,2026-04-28 09:00:00,1925,2,24.8,24.8,24.0,24.1,1577900,38540207.49999999,derived_ohlc4
HOSE_NT2,NT2,2026-04-29 09:00:00,1926,2,24.1,24.4,24.1,24.2,296500,7175300.0,derived_ohlc4
HOSE_NT2,NT2,2026-05-04 09:00:00,1927,2,24.45,24.75,24.25,24.4,563900,13794403.75,derived_ohlc4
HOSE_NT2,NT2,2026-05-05 09:00:00,1928,2,24.55,24.6,24.2,24.4,369700,9034543.75,derived_ohlc4
HOSE_NT2,NT2,2026-05-06 09:00:00,1929,2,24.5,24.65,24.3,24.6,673800,16516522.500000002,derived_ohlc4
HOSE_NT2,NT2,2026-05-07 09:00:00,1930,2,24.9,24.9,24.3,24.35,884900,21779601.249999996,derived_ohlc4
HOSE_NT2,NT2,2026-05-08 09:00:00,1931,2,24.15,24.15,22.9,23.0,3272800,77074439.99999999,derived_ohlc4
HOSE_NT2,NT2,2026-05-11 09:00:00,1932,2,23.0,23.15,22.9,23.1,745000,17162937.5,derived_ohlc4
HOSE_NT2,NT2,2026-05-12 09:00:00,1933,2,23.25,23.25,22.8,22.95,411900,9499443.75,derived_ohlc4
HOSE_NT2,NT2,2026-05-13 09:00:00,1934,2,22.95,23.1,22.5,22.7,1562300,35639968.75,derived_ohlc4
HOSE_NT2,NT2,2026-05-14 09:00:00,1935,2,22.9,22.9,22.6,22.65,404700,9211983.750000002,derived_ohlc4
HOSE_NT2,NT2,2026-05-15 09:00:00,1936,2,22.7,23.4,22.5,23.2,1271700,29185515.0,derived_ohlc4
HOSE_NT2,NT2,2026-05-18 09:00:00,1937,2,23.25,23.5,22.9,23.25,707900,16440977.500000002,derived_ohlc4
HOSE_NT2,NT2,2026-05-19 09:00:00,1938,2,23.6,23.6,23.05,23.15,635600,14841260.0,derived_ohlc4
HOSE_NT2,NT2,2026-05-20 09:00:00,1939,2,23.15,23.3,22.55,23.1,524300,12072007.5,derived_ohlc4
HOSE_NT2,NT2,2026-05-21 09:00:00,1940,2,23.25,23.25,22.85,23.0,287500,6637656.25,derived_ohlc4
HOSE_NT2,NT2,2026-05-22 09:00:00,1941,2,22.85,22.95,22.65,22.75,498600,11368079.999999998,derived_ohlc4
HOSE_NT2,NT2,2026-05-25 09:00:00,1942,2,22.85,23.2,22.7,22.9,412000,9439950.0,derived_ohlc4
HOSE_NT2,NT2,2026-05-26 09:00:00,1943,2,22.9,23.0,22.7,22.85,293600,6712429.999999999,derived_ohlc4
HOSE_NT2,NT2,2026-05-27 09:00:00,1944,2,22.95,24.0,22.95,24.0,1779000,41762025.0,derived_ohlc4
HOSE_NT2,NT2,2026-05-28 09:00:00,1945,2,23.95,23.95,23.0,23.0,672100,15777547.500000002,derived_ohlc4
HOSE_NT2,NT2,2026-05-29 09:00:00,1946,2,23.05,23.35,22.85,23.0,430600,9930712.5,derived_ohlc4
HOSE_NT2,NT2,2026-06-01 09:00:00,1947,2,23.1,23.15,22.85,22.95,256700,5907308.75,derived_ohlc4
HOSE_NT2,NT2,2026-06-02 09:00:00,1948,2,23.15,23.15,22.5,22.5,919300,20983022.5,derived_ohlc4
HOSE_NT2,NT2,2026-06-03 09:00:00,1949,2,22.5,22.75,22.35,22.55,480600,10831522.499999998,derived_ohlc4
HOSE_NT2,NT2,2026-06-04 09:00:00,1950,2,22.55,22.75,22.5,22.7,200800,4543100.0,derived_ohlc4
HOSE_NT2,NT2,2026-06-05 09:00:00,1951,2,22.9,22.9,22.55,22.55,204200,4640445.0,derived_ohlc4
HOSE_NT2,NT2,2026-06-08 09:00:00,1952,2,22.55,22.55,22.15,22.3,782300,17513741.25,derived_ohlc4
HOSE_NT2,NT2,2026-06-09 09:00:00,1953,2,22.6,22.6,22.15,22.25,139900,3133760.0,derived_ohlc4
HOSE_NT2,NT2,2026-06-10 09:00:00,1954,2,22.35,22.55,22.15,22.3,342600,7652827.500000001,derived_ohlc4
HOSE_NT2,NT2,2026-06-11 09:00:00,1955,2,22.2,22.45,22.2,22.35,243000,5418899.999999999,derived_ohlc4
HOSE_NT2,NT2,2026-06-12 09:00:00,1956,2,22.45,22.6,22.25,22.4,326000,7310549.999999999,derived_ohlc4
HOSE_NT2,NT2,2026-06-15 09:00:00,1957,2,22.6,22.85,22.5,22.75,514200,11659485.0,derived_ohlc4
HOSE_NT2,NT2,2026-06-16 09:00:00,1958,2,22.8,23.05,22.75,22.85,516600,11810767.499999998,derived_ohlc4
HOSE_NT2,NT2,2026-06-17 09:00:00,1959,2,22.85,23.0,22.85,22.95,376700,8631138.75,derived_ohlc4
HOSE_NT2,NT2,2026-06-18 09:00:00,1960,2,22.9,23.25,22.8,22.95,664700,15271482.500000002,derived_ohlc4
HOSE_NT2,NT2,2026-06-19 09:00:00,1961,2,22.9,23.25,22.9,23.0,620300,14274653.75,derived_ohlc4
HOSE_NT2,NT2,2026-06-22 09:00:00,1962,2,22.95,23.25,22.9,23.15,339100,7820493.75,derived_ohlc4
HOSE_NT2,NT2,2026-06-23 09:00:00,1963,2,23.25,23.25,22.8,22.8,497400,11452635.0,derived_ohlc4
HOSE_NT2,NT2,2026-06-24 09:00:00,1964,2,22.8,22.8,22.4,22.4,318600,7200360.0,derived_ohlc4
HOSE_NT2,NT2,2026-06-25 09:00:00,1965,2,22.7,22.9,22.5,22.85,312600,7107742.499999999,derived_ohlc4
HOSE_NT2,NT2,2026-06-26 09:00:00,1966,2,22.8,23.05,22.65,22.95,631100,14428523.75,derived_ohlc4
HOSE_NT2,NT2,2026-06-29 09:00:00,1967,2,22.95,23.15,22.95,23.05,433800,9988245.0,derived_ohlc4
HOSE_NT2,NT2,2026-06-30 09:00:00,1968,2,23.05,23.05,22.85,22.85,309600,7105320.000000001,derived_ohlc4
HOSE_NT2,NT2,2026-07-01 09:00:00,1969,2,22.85,23.0,22.75,23.0,426200,9759980.0,derived_ohlc4
HOSE_NT2,NT2,2026-07-02 09:00:00,1970,2,23.0,23.0,22.8,22.85,284600,6520897.5,derived_ohlc4
HOSE_NT2,NT2,2026-07-03 09:00:00,1971,2,22.85,22.85,22.55,22.65,398600,9058185.0,derived_ohlc4
HOSE_NT2,NT2,2026-07-06 09:00:00,1972,2,22.65,22.8,21.55,21.95,966400,21490320.0,derived_ohlc4
HOSE_NT2,NT2,2026-07-07 09:00:00,1973,2,21.95,22.2,21.9,22.0,220400,4851555.0,derived_ohlc4
HOSE_NT2,NT2,2026-07-08 09:00:00,1974,2,22.0,22.15,21.95,22.1,283500,6251174.999999999,derived_ohlc4
HOSE_NT2,NT2,2026-07-09 09:00:00,1975,2,22.1,22.4,22.1,22.1,427900,9488682.499999998,derived_ohlc4
HOSE_NT2,NT2,2026-07-10 09:00:00,1976,2,22.1,22.1,21.7,21.8,178400,3911420.0,derived_ohlc4
HOSE_NT2,NT2,2026-07-13 09:00:00,1977,2,21.8,21.8,21.15,21.3,417800,8987922.5,derived_ohlc4
HOSE_NT2,NT2,2026-07-14 09:00:00,1978,2,21.1,21.75,21.1,21.6,379400,8114417.500000001,derived_ohlc4
HOSE_NT2,NT2,2026-07-15 09:00:00,1979,2,21.45,22.0,21.4,21.55,223800,4834079.999999999,derived_ohlc4
HOSE_NT2,NT2,2026-07-16 09:00:00,1980,2,21.35,21.55,21.0,21.3,874700,18631110.0,derived_ohlc4
HOSE_NT2,NT2,2026-07-17 09:00:00,1981,2,21.45,21.6,21.1,21.55,648200,13887685.0,derived_ohlc4
HOSE_NT2,NT2,2026-07-20 09:00:00,1982,2,21.65,21.7,20.8,20.8,492400,10457344.999999998,derived_ohlc4
HOSE_NT2,NT2,2026-07-21 09:00:00,1983,2,21.35,21.7,21.0,21.7,1261400,27041262.5,derived_ohlc4
HOSE_NT2,NT2,2026-07-22 09:00:00,1984,2,21.7,21.8,21.2,21.2,584200,12545695.0,derived_ohlc4
HOSE_NT2,NT2,2026-07-23 09:00:00,1985,2,21.2,21.5,20.5,21.35,571100,12071626.250000002,derived_ohlc4
HOSE_NT2,NT2,2026-07-24 09:00:00,1986,2,21.1,21.3,21.0,21.3,226200,4789785.0,derived_ohlc4
HOSE_NT2,NT2,2026-07-27 09:00:00,1987,2,21.15,21.4,21.05,21.1,327600,6936929.999999999,derived_ohlc4
HOSE_NT2,NT2,2026-07-28 09:00:00,1988,2,20.8,21.0,20.3,20.5,1350600,27889889.999999996,derived_ohlc4
HOSE_NT2,NT2,2026-07-29 09:00:00,1989,2,20.6,20.95,20.55,20.8,360400,7469289.999999999,derived_ohlc4
HOSE_NT2,NT2,2026-07-30 09:00:00,1990,2,20.8,21.3,20.7,21.05,803100,16834983.75,derived_ohlc4
HOSE_NT2,NT2,2026-07-31 09:00:00,1991,2,21.0,21.3,20.95,21.0,577700,12167806.25,derived_ohlc4
HOSE_NT2,NT2,2026-08-03 09:00:00,1992,2,21.15,21.7,21.0,21.55,894600,19099709.999999996,derived_ohlc4
HOSE_NT2,NT2,2026-08-04 09:00:00,1993,2,21.7,21.7,21.4,21.45,386200,8327437.5,derived_ohlc4
HOSE_NT2,NT2,2026-08-05 09:00:00,1994,2,21.5,21.6,21.15,21.25,369700,7902337.5,derived_ohlc4
HOSE_NT2,NT2,2026-08-06 09:00:00,1995,2,21.2,21.35,21.05,21.1,425700,9014197.499999998,derived_ohlc4
HOSE_NT2,NT2,2026-08-07 09:00:00,1996,2,21.15,21.45,21.1,21.35,462500,9833906.25,derived_ohlc4
