security_id,symbol,timestamps,session_id,segment_id,open,high,low,close,volume,amount,amount_source
HNX_PVS,PVS,2018-08-09 09:00:00,0,0,14.04,14.31,13.62,13.69,8860770,123297614.55,derived_ohlc4
HNX_PVS,PVS,2018-08-10 09:00:00,1,0,13.62,14.45,13.55,14.45,6813948,95514516.09000002,derived_ohlc4
HNX_PVS,PVS,2018-08-13 09:00:00,2,0,14.52,14.8,14.04,14.45,8042307,116231441.9175,derived_ohlc4
HNX_PVS,PVS,2018-08-14 09:00:00,3,0,14.52,14.66,14.24,14.52,5100323,73878178.655,derived_ohlc4
HNX_PVS,PVS,2018-08-15 09:00:00,4,0,14.52,14.8,13.07,13.07,15986371,221651033.915,derived_ohlc4
HNX_PVS,PVS,2018-08-16 09:00:00,5,0,12.79,13.55,12.65,13.34,8095755,105912714.7875,derived_ohlc4
HNX_PVS,PVS,2018-08-17 09:00:00,6,0,13.62,13.69,13.07,13.14,3767159,50404587.419999994,derived_ohlc4
HNX_PVS,PVS,2018-08-20 09:00:00,7,0,13.14,13.48,12.79,13.34,3241181,42743074.4375,derived_ohlc4
HNX_PVS,PVS,2018-08-21 09:00:00,8,0,13.34,13.76,13.28,13.76,4308899,58320947.965,derived_ohlc4
HNX_PVS,PVS,2018-08-22 09:00:00,9,0,13.83,14.04,13.55,13.69,5140187,70818926.3925,derived_ohlc4
HNX_PVS,PVS,2018-08-23 09:00:00,10,0,13.83,14.17,13.76,13.9,4830360,67214459.39999999,derived_ohlc4
HNX_PVS,PVS,2018-08-24 09:00:00,11,0,13.9,14.38,13.76,14.31,7859362,110718762.175,derived_ohlc4
HNX_PVS,PVS,2018-08-27 09:00:00,12,0,14.45,14.93,14.24,14.24,6300334,91134331.31,derived_ohlc4
HNX_PVS,PVS,2018-08-28 09:00:00,13,0,14.24,14.52,14.17,14.38,4215083,60391601.682500005,derived_ohlc4
HNX_PVS,PVS,2018-08-29 09:00:00,14,0,14.45,14.45,14.1,14.24,3829997,54807257.07,derived_ohlc4
HNX_PVS,PVS,2018-08-30 09:00:00,15,0,14.04,15.14,14.04,15.07,8641733,125931654.1425,derived_ohlc4
HNX_PVS,PVS,2018-08-31 09:00:00,16,0,15.35,15.35,14.66,14.8,5031010,75666390.39999999,derived_ohlc4
HNX_PVS,PVS,2018-09-04 09:00:00,17,0,14.8,15.28,14.66,15.07,7457585,111509539.71249999,derived_ohlc4
HNX_PVS,PVS,2018-09-05 09:00:00,18,0,15.0,15.07,14.17,14.52,8462551,124314874.19000001,derived_ohlc4
HNX_PVS,PVS,2018-09-06 09:00:00,19,0,14.52,14.66,14.24,14.52,4159830,60255137.55,derived_ohlc4
HNX_PVS,PVS,2018-09-07 09:00:00,20,0,14.38,14.66,14.1,14.45,7883581,113503857.4475,derived_ohlc4
HNX_PVS,PVS,2018-09-10 09:00:00,21,0,14.38,14.8,14.24,14.45,4694352,67915537.56,derived_ohlc4
HNX_PVS,PVS,2018-09-11 09:00:00,22,0,14.38,15.0,14.38,14.93,5457150,80070033.375,derived_ohlc4
HNX_PVS,PVS,2018-09-12 09:00:00,23,0,15.07,16.04,15.07,15.56,12463806,192378845.61,derived_ohlc4
HNX_PVS,PVS,2018-09-13 09:00:00,24,0,15.56,15.83,15.28,15.35,5972187,92598759.435,derived_ohlc4
HNX_PVS,PVS,2018-09-14 09:00:00,25,0,14.31,15.76,14.31,15.63,6043387,90665913.4675,derived_ohlc4
HNX_PVS,PVS,2018-09-17 09:00:00,26,0,15.56,15.97,15.49,15.76,6225048,97702128.36,derived_ohlc4
HNX_PVS,PVS,2018-09-18 09:00:00,27,0,15.76,15.83,15.42,15.76,4055461,63640321.74249999,derived_ohlc4
HNX_PVS,PVS,2018-09-19 09:00:00,28,0,15.76,16.39,15.76,16.11,7139713,114271106.565,derived_ohlc4
HNX_PVS,PVS,2018-09-20 09:00:00,29,0,16.32,16.39,16.11,16.32,5289217,86134898.845,derived_ohlc4
HNX_PVS,PVS,2018-09-21 09:00:00,30,0,16.39,16.39,15.76,16.04,8162189,131778541.405,derived_ohlc4
HNX_PVS,PVS,2018-09-24 09:00:00,31,0,16.18,16.32,16.04,16.32,3778582,61269707.13,derived_ohlc4
HNX_PVS,PVS,2018-09-25 09:00:00,32,0,16.45,16.8,16.39,16.45,4586905,75787137.8625,derived_ohlc4
HNX_PVS,PVS,2018-09-26 09:00:00,33,0,16.52,16.52,16.04,16.04,7302032,118877080.96000001,derived_ohlc4
HNX_PVS,PVS,2018-09-27 09:00:00,34,0,15.97,16.52,15.97,16.52,6586775,107002159.875,derived_ohlc4
HNX_PVS,PVS,2018-09-28 09:00:00,35,0,16.59,16.66,16.04,16.04,5554767,90723232.0275,derived_ohlc4
HNX_PVS,PVS,2018-10-01 09:00:00,36,0,16.04,16.45,15.97,16.11,5068595,81819794.7875,derived_ohlc4
HNX_PVS,PVS,2018-10-02 09:00:00,37,0,16.32,17.15,16.25,16.59,11400683,188994822.4325,derived_ohlc4
HNX_PVS,PVS,2018-10-03 09:00:00,38,0,16.66,16.73,16.39,16.73,4198825,69815962.6875,derived_ohlc4
HNX_PVS,PVS,2018-10-04 09:00:00,39,0,16.73,17.22,16.73,16.87,6759166,114145415.82500002,derived_ohlc4
HNX_PVS,PVS,2018-10-05 09:00:00,40,0,16.73,16.87,15.83,16.04,8720601,142734436.8675,derived_ohlc4
HNX_PVS,PVS,2018-10-08 09:00:00,41,0,16.04,16.04,15.56,15.7,6989243,110674662.905,derived_ohlc4
HNX_PVS,PVS,2018-10-09 09:00:00,42,0,15.7,16.11,15.63,16.04,2969808,47130852.96,derived_ohlc4
HNX_PVS,PVS,2018-10-10 09:00:00,43,0,16.18,16.25,15.56,15.63,4746031,75485623.055,derived_ohlc4
HNX_PVS,PVS,2018-10-11 09:00:00,44,0,14.1,15.21,14.1,14.1,13037893,187452306.60750002,derived_ohlc4
HNX_PVS,PVS,2018-10-12 09:00:00,45,0,14.38,14.45,13.21,14.45,6940425,98016152.06249999,derived_ohlc4
HNX_PVS,PVS,2018-10-15 09:00:00,46,0,14.66,14.66,13.62,13.62,4892512,69180119.67999999,derived_ohlc4
HNX_PVS,PVS,2018-10-16 09:00:00,47,0,13.62,14.1,13.55,14.04,5861305,81047194.88749999,derived_ohlc4
HNX_PVS,PVS,2018-10-17 09:00:00,48,0,14.24,14.73,14.24,14.59,4927436,71201450.2,derived_ohlc4
HNX_PVS,PVS,2018-10-18 09:00:00,49,0,14.52,14.52,14.1,14.24,4423376,63453328.720000006,derived_ohlc4
HNX_PVS,PVS,2018-10-19 09:00:00,50,0,14.1,14.38,13.76,14.38,4665225,66036259.87500001,derived_ohlc4
HNX_PVS,PVS,2018-10-22 09:00:00,51,0,14.45,14.8,14.38,14.45,4854686,70490040.72,derived_ohlc4
HNX_PVS,PVS,2018-10-23 09:00:00,52,0,14.45,14.45,13.55,14.04,5689909,80355739.8525,derived_ohlc4
HNX_PVS,PVS,2018-10-24 09:00:00,53,0,12.65,14.04,12.65,12.79,6125021,79824336.18249999,derived_ohlc4
HNX_PVS,PVS,2018-10-25 09:00:00,54,0,12.24,13.21,11.75,13.21,5916784,74566270.36,derived_ohlc4
HNX_PVS,PVS,2018-10-26 09:00:00,55,0,13.28,13.55,13.0,13.0,3886800,51334911.0,derived_ohlc4
HNX_PVS,PVS,2018-10-29 09:00:00,56,0,13.07,13.34,12.93,13.21,5069383,66599019.16250001,derived_ohlc4
HNX_PVS,PVS,2018-10-30 09:00:00,57,0,13.66,13.74,13.21,13.58,4326036,58606972.71,derived_ohlc4
HNX_PVS,PVS,2018-10-31 09:00:00,58,0,13.66,14.42,13.66,14.42,5209645,73143415.8,derived_ohlc4
HNX_PVS,PVS,2018-11-01 09:00:00,59,0,13.96,14.42,13.81,13.81,4097881,57370334.00000001,derived_ohlc4
HNX_PVS,PVS,2018-11-02 09:00:00,60,0,13.66,14.27,13.58,14.19,4493864,62577056.199999996,derived_ohlc4
HNX_PVS,PVS,2018-11-05 09:00:00,61,0,14.12,14.65,13.89,14.5,4204399,60080861.70999999,derived_ohlc4
HNX_PVS,PVS,2018-11-06 09:00:00,62,0,14.65,14.95,14.27,14.34,4434860,64538300.150000006,derived_ohlc4
HNX_PVS,PVS,2018-11-07 09:00:00,63,0,14.19,14.42,14.04,14.27,3792490,53967132.7,derived_ohlc4
HNX_PVS,PVS,2018-11-08 09:00:00,64,0,14.42,14.65,14.12,14.19,3404967,48844251.614999995,derived_ohlc4
HNX_PVS,PVS,2018-11-09 09:00:00,65,0,14.04,14.12,13.51,13.51,4887464,67422565.88,derived_ohlc4
HNX_PVS,PVS,2018-11-12 09:00:00,66,0,13.43,14.34,13.28,14.34,5819811,80589832.8225,derived_ohlc4
HNX_PVS,PVS,2018-11-13 09:00:00,67,0,13.66,14.34,13.66,14.19,4562502,63703934.175,derived_ohlc4
HNX_PVS,PVS,2018-11-14 09:00:00,68,0,14.04,14.04,13.51,13.81,4615514,63924868.9,derived_ohlc4
HNX_PVS,PVS,2018-11-15 09:00:00,69,0,13.81,14.19,13.81,13.96,4208150,58672131.375,derived_ohlc4
HNX_PVS,PVS,2018-11-16 09:00:00,70,0,14.19,14.8,14.12,14.5,5714316,82300436.19,derived_ohlc4
HNX_PVS,PVS,2018-11-19 09:00:00,71,0,14.65,14.88,14.5,14.65,4275539,62722157.13,derived_ohlc4
HNX_PVS,PVS,2018-11-20 09:00:00,72,0,14.72,15.26,14.5,15.18,7593562,113257977.23,derived_ohlc4
HNX_PVS,PVS,2018-11-21 09:00:00,73,0,14.95,15.1,14.57,15.03,4520241,67408093.9125,derived_ohlc4
HNX_PVS,PVS,2018-11-22 09:00:00,74,0,15.03,15.33,14.72,14.72,2852741,42648477.949999996,derived_ohlc4
HNX_PVS,PVS,2018-11-23 09:00:00,75,0,14.72,14.8,14.42,14.5,4459306,65150460.660000004,derived_ohlc4
HNX_PVS,PVS,2018-11-26 09:00:00,76,0,14.42,14.57,14.19,14.57,4225743,61009164.5625,derived_ohlc4
HNX_PVS,PVS,2018-11-27 09:00:00,77,0,14.65,14.8,14.27,14.27,2996146,43436626.635,derived_ohlc4
HNX_PVS,PVS,2018-11-28 09:00:00,78,0,14.42,14.65,14.27,14.57,2764481,40022773.6775,derived_ohlc4
HNX_PVS,PVS,2018-11-29 09:00:00,79,0,14.42,14.72,14.27,14.27,3590956,51781585.519999996,derived_ohlc4
HNX_PVS,PVS,2018-11-30 09:00:00,80,0,14.34,14.65,14.27,14.65,4368880,63250460.2,derived_ohlc4
HNX_PVS,PVS,2018-12-03 09:00:00,81,0,14.8,15.33,14.8,15.33,8694207,130978228.45500001,derived_ohlc4
HNX_PVS,PVS,2018-12-04 09:00:00,82,0,15.33,15.56,15.1,15.33,3707555,56836818.15,derived_ohlc4
HNX_PVS,PVS,2018-12-05 09:00:00,83,0,15.18,15.41,14.95,15.26,6054266,92024843.2,derived_ohlc4
HNX_PVS,PVS,2018-12-06 09:00:00,84,0,15.26,15.63,15.1,15.56,4461955,68658332.5625,derived_ohlc4
HNX_PVS,PVS,2018-12-07 09:00:00,85,0,15.41,15.63,15.33,15.33,3440086,53063326.55,derived_ohlc4
HNX_PVS,PVS,2018-12-10 09:00:00,86,0,15.48,15.71,15.33,15.48,4151892,64354326.0,derived_ohlc4
HNX_PVS,PVS,2018-12-11 09:00:00,87,0,15.48,15.48,15.1,15.26,4505756,69073239.48,derived_ohlc4
HNX_PVS,PVS,2018-12-12 09:00:00,88,0,15.1,15.63,15.1,15.63,3457567,53125516.955,derived_ohlc4
HNX_PVS,PVS,2018-12-13 09:00:00,89,0,15.63,15.79,15.48,15.56,3161826,49371912.99000001,derived_ohlc4
HNX_PVS,PVS,2018-12-14 09:00:00,90,0,15.56,15.71,15.41,15.41,3743598,58109999.955000006,derived_ohlc4
HNX_PVS,PVS,2018-12-17 09:00:00,91,0,15.33,15.41,15.03,15.03,5090590,77376968.0,derived_ohlc4
HNX_PVS,PVS,2018-12-18 09:00:00,92,0,14.88,14.88,14.27,14.57,4964291,72726863.15,derived_ohlc4
HNX_PVS,PVS,2018-12-19 09:00:00,93,0,14.42,14.42,13.89,14.04,5473283,77679568.9775,derived_ohlc4
HNX_PVS,PVS,2018-12-20 09:00:00,94,0,15.41,15.41,13.96,14.12,2387617,35157660.324999996,derived_ohlc4
HNX_PVS,PVS,2018-12-21 09:00:00,95,0,14.04,14.34,13.89,14.27,1461391,20656761.784999996,derived_ohlc4
HNX_PVS,PVS,2018-12-24 09:00:00,96,0,14.27,14.27,13.28,13.28,4028918,55498345.45,derived_ohlc4
HNX_PVS,PVS,2018-12-25 09:00:00,97,0,13.28,13.43,12.37,13.36,6345473,83189151.03,derived_ohlc4
HNX_PVS,PVS,2018-12-26 09:00:00,98,0,13.43,13.58,12.98,12.98,1247685,16522468.612499999,derived_ohlc4
HNX_PVS,PVS,2018-12-27 09:00:00,99,0,13.66,14.04,13.43,13.43,3264439,44526947.95999999,derived_ohlc4
HNX_PVS,PVS,2018-12-28 09:00:00,100,0,13.51,13.74,13.36,13.36,2117357,28568439.322499998,derived_ohlc4
HNX_PVS,PVS,2019-01-02 09:00:00,101,0,13.36,13.58,13.05,13.05,1639997,21746360.219999995,derived_ohlc4
HNX_PVS,PVS,2019-01-03 09:00:00,102,0,13.05,13.36,12.6,12.67,3053683,39453584.36,derived_ohlc4
HNX_PVS,PVS,2019-01-04 09:00:00,103,0,12.52,13.28,12.45,13.21,3282759,42232694.535000004,derived_ohlc4
HNX_PVS,PVS,2019-01-07 09:00:00,104,0,13.43,13.66,13.36,13.51,2807490,37873040.1,derived_ohlc4
HNX_PVS,PVS,2019-01-08 09:00:00,105,0,13.58,13.74,13.36,13.58,2780935,37723383.275,derived_ohlc4
HNX_PVS,PVS,2019-01-09 09:00:00,106,0,13.81,14.04,13.74,13.96,4556436,63277504.95,derived_ohlc4
HNX_PVS,PVS,2019-01-10 09:00:00,107,0,14.04,14.27,13.66,13.66,3145902,43751632.065,derived_ohlc4
HNX_PVS,PVS,2019-01-11 09:00:00,108,0,13.74,13.89,13.51,13.58,2268571,31034051.28,derived_ohlc4
HNX_PVS,PVS,2019-01-14 09:00:00,109,0,13.66,13.66,13.36,13.43,2160336,29223945.24,derived_ohlc4
HNX_PVS,PVS,2019-01-15 09:00:00,110,0,13.28,13.74,13.28,13.58,2324527,31311378.689999998,derived_ohlc4
HNX_PVS,PVS,2019-01-16 09:00:00,111,0,13.66,13.81,13.51,13.66,2020975,27606518.5,derived_ohlc4
HNX_PVS,PVS,2019-01-17 09:00:00,112,0,13.74,13.74,13.43,13.51,1028831,13997245.754999999,derived_ohlc4
HNX_PVS,PVS,2019-01-18 09:00:00,113,0,13.58,13.58,13.36,13.43,1671479,22544073.0125,derived_ohlc4
HNX_PVS,PVS,2019-01-21 09:00:00,114,0,13.58,13.89,13.43,13.89,3272776,44828849.26,derived_ohlc4
HNX_PVS,PVS,2019-01-22 09:00:00,115,0,13.89,13.96,13.66,13.66,2315401,31935168.2925,derived_ohlc4
HNX_PVS,PVS,2019-01-23 09:00:00,116,0,13.58,13.74,13.58,13.66,1401580,19117551.2,derived_ohlc4
HNX_PVS,PVS,2019-01-24 09:00:00,117,0,13.66,14.12,13.66,13.81,3445640,47592902.5,derived_ohlc4
HNX_PVS,PVS,2019-01-25 09:00:00,118,0,14.04,14.04,13.74,13.81,1290644,17949631.43,derived_ohlc4
HNX_PVS,PVS,2019-01-28 09:00:00,119,0,13.81,14.19,13.81,14.12,4174087,58364171.4775,derived_ohlc4
HNX_PVS,PVS,2019-01-29 09:00:00,120,0,14.04,14.12,13.89,14.12,2514298,35307029.665,derived_ohlc4
HNX_PVS,PVS,2019-01-30 09:00:00,121,0,14.04,14.42,13.81,14.12,4224755,59558483.6125,derived_ohlc4
HNX_PVS,PVS,2019-01-31 09:00:00,122,0,14.12,14.42,14.04,14.04,2097567,29691060.884999998,derived_ohlc4
HNX_PVS,PVS,2019-02-01 09:00:00,123,0,14.04,14.19,13.89,14.04,1362335,19127183.4,derived_ohlc4
HNX_PVS,PVS,2019-02-11 09:00:00,124,0,14.04,14.34,14.04,14.34,2343204,33250064.76,derived_ohlc4
HNX_PVS,PVS,2019-02-12 09:00:00,125,0,14.34,14.65,14.27,14.5,3723594,53768697.36000001,derived_ohlc4
HNX_PVS,PVS,2019-02-13 09:00:00,126,0,14.57,14.95,14.5,14.95,5156990,76026925.075,derived_ohlc4
HNX_PVS,PVS,2019-02-14 09:00:00,127,0,14.95,15.03,14.72,14.72,2439939,36245293.845,derived_ohlc4
HNX_PVS,PVS,2019-02-15 09:00:00,128,0,14.8,15.03,14.72,14.72,3618055,53610529.9625,derived_ohlc4
HNX_PVS,PVS,2019-02-18 09:00:00,129,0,14.88,15.33,14.8,15.18,6169960,92842473.10000001,derived_ohlc4
HNX_PVS,PVS,2019-02-19 09:00:00,130,0,15.18,15.33,14.88,14.88,4079924,61474254.870000005,derived_ohlc4
HNX_PVS,PVS,2019-02-20 09:00:00,131,0,14.88,15.1,14.8,14.95,3788827,56576659.1775,derived_ohlc4
HNX_PVS,PVS,2019-02-21 09:00:00,132,0,15.03,15.18,14.95,15.03,2907208,43746212.379999995,derived_ohlc4
HNX_PVS,PVS,2019-02-22 09:00:00,133,0,15.03,15.63,14.88,15.41,5460204,83199858.45,derived_ohlc4
HNX_PVS,PVS,2019-02-25 09:00:00,134,0,15.48,15.94,15.48,15.71,5804692,90857941.53000002,derived_ohlc4
HNX_PVS,PVS,2019-02-26 09:00:00,135,0,15.63,15.71,15.33,15.63,6607609,102913510.17500001,derived_ohlc4
HNX_PVS,PVS,2019-02-27 09:00:00,136,0,15.63,15.94,15.63,15.79,3565320,56144876.7,derived_ohlc4
HNX_PVS,PVS,2019-02-28 09:00:00,137,0,15.79,16.09,15.48,15.48,6190970,97260138.7,derived_ohlc4
HNX_PVS,PVS,2019-03-01 09:00:00,138,0,15.56,16.01,15.48,16.01,3396039,53538554.835,derived_ohlc4
HNX_PVS,PVS,2019-03-04 09:00:00,139,0,16.09,16.55,16.01,16.55,4992343,81375190.9,derived_ohlc4
HNX_PVS,PVS,2019-03-05 09:00:00,140,0,16.62,16.7,16.32,16.47,4193431,69306930.8525,derived_ohlc4
HNX_PVS,PVS,2019-03-06 09:00:00,141,0,16.47,16.7,16.17,16.7,4134232,68256170.32000001,derived_ohlc4
HNX_PVS,PVS,2019-03-07 09:00:00,142,0,16.7,16.85,16.55,16.55,3345628,55746526.54999999,derived_ohlc4
HNX_PVS,PVS,2019-03-08 09:00:00,143,0,16.39,16.47,16.17,16.17,2754577,44899605.1,derived_ohlc4
HNX_PVS,PVS,2019-03-11 09:00:00,144,0,16.17,16.24,15.56,15.86,4601289,73425069.2175,derived_ohlc4
HNX_PVS,PVS,2019-03-12 09:00:00,145,0,16.17,16.39,15.94,16.39,3147784,51064925.94,derived_ohlc4
HNX_PVS,PVS,2019-03-13 09:00:00,146,0,16.47,16.62,16.24,16.24,1875987,30752116.897499997,derived_ohlc4
HNX_PVS,PVS,2019-03-14 09:00:00,147,0,16.32,16.55,16.17,16.17,3062933,49933465.23250001,derived_ohlc4
HNX_PVS,PVS,2019-03-15 09:00:00,148,0,16.17,16.47,16.01,16.39,3167300,51500298.00000001,derived_ohlc4
HNX_PVS,PVS,2019-03-18 09:00:00,149,0,16.39,16.62,16.32,16.47,2374640,39062828.00000001,derived_ohlc4
HNX_PVS,PVS,2019-03-19 09:00:00,150,0,16.55,17.15,16.55,16.77,6243024,104601867.11999999,derived_ohlc4
HNX_PVS,PVS,2019-03-20 09:00:00,151,0,16.47,16.77,16.32,16.77,3563934,59098935.555,derived_ohlc4
HNX_PVS,PVS,2019-03-21 09:00:00,152,0,16.77,17.0,15.79,15.79,3295248,53836114.199999996,derived_ohlc4
HNX_PVS,PVS,2019-03-22 09:00:00,153,0,15.86,16.01,15.56,15.94,3882362,61506319.985,derived_ohlc4
HNX_PVS,PVS,2019-03-25 09:00:00,154,0,15.56,15.56,15.1,15.26,3857219,59285456.029999994,derived_ohlc4
HNX_PVS,PVS,2019-03-26 09:00:00,155,0,15.48,15.56,15.1,15.48,2363721,36413122.005,derived_ohlc4
HNX_PVS,PVS,2019-03-27 09:00:00,156,0,16.7,16.7,15.56,15.63,1579405,25503442.2375,derived_ohlc4
HNX_PVS,PVS,2019-03-28 09:00:00,157,0,15.63,15.71,15.48,15.71,2212467,34586390.377500005,derived_ohlc4
HNX_PVS,PVS,2019-03-29 09:00:00,158,0,15.79,15.94,15.63,15.63,2526580,39787318.550000004,derived_ohlc4
HNX_PVS,PVS,2019-04-01 09:00:00,159,0,15.79,16.01,15.71,15.94,2079975,32993603.4375,derived_ohlc4
HNX_PVS,PVS,2019-04-02 09:00:00,160,0,16.09,16.32,15.86,16.09,3741259,60196857.31,derived_ohlc4
HNX_PVS,PVS,2019-04-03 09:00:00,161,0,16.24,17.0,16.09,16.7,8248880,136168386.6,derived_ohlc4
HNX_PVS,PVS,2019-04-04 09:00:00,162,0,16.77,17.08,16.62,16.7,3418271,57401315.7675,derived_ohlc4
HNX_PVS,PVS,2019-04-05 09:00:00,163,0,16.7,17.08,16.62,17.0,4346206,73233571.10000001,derived_ohlc4
HNX_PVS,PVS,2019-04-08 09:00:00,164,0,17.15,17.84,17.15,17.84,8099502,141700787.48999998,derived_ohlc4
HNX_PVS,PVS,2019-04-09 09:00:00,165,0,17.99,18.22,17.08,17.08,7803332,137280118.20999998,derived_ohlc4
HNX_PVS,PVS,2019-04-10 09:00:00,166,0,16.92,17.76,16.7,17.61,6409481,110547523.54750001,derived_ohlc4
HNX_PVS,PVS,2019-04-11 09:00:00,167,0,17.68,17.76,17.3,17.3,2905796,50880487.95999999,derived_ohlc4
HNX_PVS,PVS,2019-04-12 09:00:00,168,0,17.23,17.68,17.0,17.68,3279156,57049116.510000005,derived_ohlc4
HNX_PVS,PVS,2019-04-16 09:00:00,169,0,17.68,17.68,17.23,17.61,3945518,69243840.9,derived_ohlc4
HNX_PVS,PVS,2019-04-17 09:00:00,170,0,17.61,17.99,17.3,17.3,5746952,100859007.59999998,derived_ohlc4
HNX_PVS,PVS,2019-04-18 09:00:00,171,0,17.23,17.38,16.62,16.92,4057530,69130167.375,derived_ohlc4
HNX_PVS,PVS,2019-04-19 09:00:00,172,0,17.0,17.15,16.92,16.92,1251604,21274138.990000002,derived_ohlc4
HNX_PVS,PVS,2019-04-22 09:00:00,173,0,17.08,17.61,16.92,17.3,3251768,56019833.22,derived_ohlc4
HNX_PVS,PVS,2019-04-23 09:00:00,174,0,17.46,17.61,17.3,17.38,2228248,38855074.5,derived_ohlc4
HNX_PVS,PVS,2019-04-24 09:00:00,175,0,17.3,17.84,17.3,17.68,3004948,52676738.440000005,derived_ohlc4
HNX_PVS,PVS,2019-04-25 09:00:00,176,0,17.68,17.68,17.46,17.61,1485468,26155377.810000002,derived_ohlc4
HNX_PVS,PVS,2019-04-26 09:00:00,177,0,17.23,17.68,17.23,17.68,2153052,37581522.66,derived_ohlc4
HNX_PVS,PVS,2019-05-02 09:00:00,178,0,17.38,18.29,17.38,18.14,5125625,91223310.9375,derived_ohlc4
HNX_PVS,PVS,2019-05-03 09:00:00,179,0,17.99,18.22,17.76,17.91,2521439,45310258.83,derived_ohlc4
HNX_PVS,PVS,2019-05-06 09:00:00,180,0,17.68,17.68,17.0,17.08,3704434,64308974.239999995,derived_ohlc4
HNX_PVS,PVS,2019-05-07 09:00:00,181,0,17.23,17.53,17.08,17.46,5247253,90908658.22500001,derived_ohlc4
HNX_PVS,PVS,2019-05-08 09:00:00,182,0,17.15,17.91,17.0,17.68,4122710,71879448.85000001,derived_ohlc4
HNX_PVS,PVS,2019-05-09 09:00:00,183,0,17.46,17.76,17.3,17.38,3010134,52602091.64999999,derived_ohlc4
HNX_PVS,PVS,2019-05-10 09:00:00,184,0,17.38,17.91,17.38,17.76,4374604,77025839.93,derived_ohlc4
HNX_PVS,PVS,2019-05-13 09:00:00,185,0,17.84,17.99,17.61,17.61,3385825,60140716.5625,derived_ohlc4
HNX_PVS,PVS,2019-05-14 09:00:00,186,0,17.46,18.44,17.38,18.44,5715012,102470165.16,derived_ohlc4
HNX_PVS,PVS,2019-05-15 09:00:00,187,0,18.14,18.67,18.14,18.29,4594831,84131355.61000001,derived_ohlc4
HNX_PVS,PVS,2019-05-16 09:00:00,188,0,18.29,18.67,18.22,18.29,3312879,60849305.0325,derived_ohlc4
HNX_PVS,PVS,2019-05-17 09:00:00,189,0,18.44,18.67,18.14,18.52,3612586,66625117.305,derived_ohlc4
HNX_PVS,PVS,2019-05-20 09:00:00,190,0,18.59,19.12,18.52,19.12,4559679,85892953.16250001,derived_ohlc4
HNX_PVS,PVS,2019-05-21 09:00:00,191,0,19.12,19.2,18.75,18.9,2798132,53143522.01,derived_ohlc4
HNX_PVS,PVS,2019-05-22 09:00:00,192,0,18.82,18.97,18.52,18.52,4512329,84414394.7675,derived_ohlc4
HNX_PVS,PVS,2019-05-23 09:00:00,193,0,18.52,18.67,18.14,18.67,7793298,144176013.0,derived_ohlc4
HNX_PVS,PVS,2019-05-24 09:00:00,194,0,18.97,18.97,18.06,18.06,5544719,102660472.285,derived_ohlc4
HNX_PVS,PVS,2019-05-27 09:00:00,195,0,18.06,18.29,17.91,18.29,1835746,33295843.07499999,derived_ohlc4
HNX_PVS,PVS,2019-05-28 09:00:00,196,0,18.22,18.52,18.14,18.52,2503712,45943115.199999996,derived_ohlc4
HNX_PVS,PVS,2019-05-29 09:00:00,197,0,18.44,18.44,18.14,18.14,1682950,30781155.5,derived_ohlc4
HNX_PVS,PVS,2019-05-30 09:00:00,198,0,18.14,18.44,17.99,17.99,2040587,37016248.17999999,derived_ohlc4
HNX_PVS,PVS,2019-05-31 09:00:00,199,0,17.91,17.91,17.0,17.15,5737479,100362851.4075,derived_ohlc4
HNX_PVS,PVS,2019-06-03 09:00:00,200,0,17.08,17.08,16.09,16.24,5504800,91503538.0,derived_ohlc4
HNX_PVS,PVS,2019-06-04 09:00:00,201,0,16.17,16.62,16.01,16.32,2187539,35613134.92,derived_ohlc4
HNX_PVS,PVS,2019-06-05 09:00:00,202,0,16.47,16.77,16.32,16.39,2431313,40086273.08749999,derived_ohlc4
HNX_PVS,PVS,2019-06-06 09:00:00,203,0,16.39,16.47,16.09,16.47,2198787,35961161.385,derived_ohlc4
HNX_PVS,PVS,2019-06-07 09:00:00,204,0,16.62,17.15,16.55,17.15,3765976,63522600.18,derived_ohlc4
HNX_PVS,PVS,2019-06-10 09:00:00,205,0,17.23,17.46,17.15,17.23,2743099,47366461.982499994,derived_ohlc4
HNX_PVS,PVS,2019-06-11 09:00:00,206,0,17.23,17.38,17.08,17.23,1999217,34446508.910000004,derived_ohlc4
HNX_PVS,PVS,2019-06-12 09:00:00,207,0,17.15,17.15,16.77,16.77,2274495,38575435.199999996,derived_ohlc4
HNX_PVS,PVS,2019-06-13 09:00:00,208,0,16.7,17.15,16.47,16.85,2467519,41435812.80749999,derived_ohlc4
HNX_PVS,PVS,2019-06-14 09:00:00,209,0,17.0,17.08,16.55,16.55,2131834,35804152.029999994,derived_ohlc4
HNX_PVS,PVS,2019-06-17 09:00:00,210,0,16.62,17.0,16.55,16.7,1598977,26730897.997500002,derived_ohlc4
HNX_PVS,PVS,2019-06-18 09:00:00,211,0,16.7,17.0,16.62,16.85,1321911,22198190.467500005,derived_ohlc4
HNX_PVS,PVS,2019-06-19 09:00:00,212,0,17.0,17.3,17.0,17.15,2837615,48558686.68749999,derived_ohlc4
HNX_PVS,PVS,2019-06-20 09:00:00,213,0,17.15,17.53,17.0,17.46,3839477,66365359.945,derived_ohlc4
HNX_PVS,PVS,2019-06-21 09:00:00,214,0,17.68,17.91,17.53,17.61,4141030,73223762.97500001,derived_ohlc4
HNX_PVS,PVS,2019-06-24 09:00:00,215,0,17.61,17.84,17.53,17.61,2614305,46135947.487500004,derived_ohlc4
HNX_PVS,PVS,2019-06-25 09:00:00,216,0,17.61,17.76,17.46,17.61,2772276,48819780.36,derived_ohlc4
HNX_PVS,PVS,2019-06-26 09:00:00,217,0,17.61,17.99,17.61,17.76,2941681,52192775.1425,derived_ohlc4
HNX_PVS,PVS,2019-06-27 09:00:00,218,0,17.84,17.91,17.3,17.3,3421229,60170865.037499994,derived_ohlc4
HNX_PVS,PVS,2019-06-28 09:00:00,219,0,17.46,17.61,17.15,17.46,2621381,45664457.02,derived_ohlc4
HNX_PVS,PVS,2019-07-01 09:00:00,220,0,17.61,17.91,17.61,17.84,2616806,46428680.455,derived_ohlc4
HNX_PVS,PVS,2019-07-02 09:00:00,221,0,17.84,17.84,17.61,17.68,2041843,36227399.4275,derived_ohlc4
HNX_PVS,PVS,2019-07-03 09:00:00,222,0,17.53,17.68,17.46,17.46,2511078,44025475.035,derived_ohlc4
HNX_PVS,PVS,2019-07-04 09:00:00,223,0,17.53,17.84,17.53,17.84,2709188,47911989.78000001,derived_ohlc4
HNX_PVS,PVS,2019-07-05 09:00:00,224,0,17.68,17.91,17.68,17.76,1565240,27794749.3,derived_ohlc4
HNX_PVS,PVS,2019-07-08 09:00:00,225,0,17.76,17.91,17.61,17.68,2708838,48054786.120000005,derived_ohlc4
HNX_PVS,PVS,2019-07-09 09:00:00,226,0,17.3,17.91,17.3,17.91,2159172,38012223.06,derived_ohlc4
HNX_PVS,PVS,2019-07-10 09:00:00,227,0,17.91,18.37,17.91,18.37,5684662,103119768.68,derived_ohlc4
HNX_PVS,PVS,2019-07-11 09:00:00,228,0,18.52,18.59,18.29,18.29,3477858,64070839.004999995,derived_ohlc4
HNX_PVS,PVS,2019-07-12 09:00:00,229,0,18.29,18.44,18.06,18.06,3699469,67376579.16250001,derived_ohlc4
HNX_PVS,PVS,2019-07-15 09:00:00,230,0,18.06,18.22,17.99,18.06,2225981,40251301.4325,derived_ohlc4
HNX_PVS,PVS,2019-07-16 09:00:00,231,0,18.06,18.29,17.99,18.29,2227568,40447065.96,derived_ohlc4
HNX_PVS,PVS,2019-07-17 09:00:00,232,0,18.22,18.29,17.99,17.99,3790508,68693481.22999999,derived_ohlc4
HNX_PVS,PVS,2019-07-18 09:00:00,233,0,17.99,17.99,17.46,17.68,6307906,112154568.68,derived_ohlc4
HNX_PVS,PVS,2019-07-19 09:00:00,234,0,17.68,17.84,17.3,17.38,5062133,88840434.14999999,derived_ohlc4
HNX_PVS,PVS,2019-07-22 09:00:00,235,0,17.15,17.53,17.15,17.3,2561053,44261398.4725,derived_ohlc4
HNX_PVS,PVS,2019-07-23 09:00:00,236,0,17.3,17.53,17.23,17.38,2697344,46825891.839999996,derived_ohlc4
HNX_PVS,PVS,2019-07-24 09:00:00,237,0,17.38,17.61,17.3,17.46,1961809,34209044.4375,derived_ohlc4
HNX_PVS,PVS,2019-07-25 09:00:00,238,0,17.46,17.46,17.23,17.3,2465600,42808980.0,derived_ohlc4
HNX_PVS,PVS,2019-07-26 09:00:00,239,0,17.3,17.53,17.23,17.23,1521765,26360774.212500002,derived_ohlc4
HNX_PVS,PVS,2019-07-29 09:00:00,240,0,17.23,17.38,16.7,16.85,4105089,69950716.56,derived_ohlc4
HNX_PVS,PVS,2019-07-30 09:00:00,241,0,16.85,17.15,16.7,16.77,2257447,38077487.2725,derived_ohlc4
HNX_PVS,PVS,2019-07-31 09:00:00,242,0,16.85,17.0,16.77,17.0,2196958,37139574.99,derived_ohlc4
HNX_PVS,PVS,2019-08-01 09:00:00,243,0,16.92,17.0,16.85,16.85,1523649,25757286.345000003,derived_ohlc4
HNX_PVS,PVS,2019-08-02 09:00:00,244,0,16.7,16.7,15.18,16.62,3612620,58885706.0,derived_ohlc4
HNX_PVS,PVS,2019-08-05 09:00:00,245,0,16.55,16.7,16.17,16.17,4001062,65607414.145,derived_ohlc4
HNX_PVS,PVS,2019-08-06 09:00:00,246,0,15.94,15.94,15.26,15.33,6832418,106705288.115,derived_ohlc4
HNX_PVS,PVS,2019-08-07 09:00:00,247,0,15.33,15.71,15.26,15.48,2579296,39837226.72,derived_ohlc4
HNX_PVS,PVS,2019-08-08 09:00:00,248,0,15.41,16.24,15.18,15.94,3320403,52105424.07749999,derived_ohlc4
HNX_PVS,PVS,2019-08-09 09:00:00,249,0,16.01,16.17,15.79,15.79,2186250,34848825.0,derived_ohlc4
HNX_PVS,PVS,2019-08-12 09:00:00,250,0,15.79,16.01,15.33,15.79,1848489,29076731.970000003,derived_ohlc4
HNX_PVS,PVS,2019-08-13 09:00:00,251,0,15.79,15.79,15.41,15.56,2500158,39096220.725,derived_ohlc4
HNX_PVS,PVS,2019-08-14 09:00:00,252,0,15.79,15.94,15.48,15.48,2272780,35620144.55,derived_ohlc4
HNX_PVS,PVS,2019-08-15 09:00:00,253,0,15.33,15.41,15.03,15.41,2373040,36295646.800000004,derived_ohlc4
HNX_PVS,PVS,2019-08-16 09:00:00,254,0,15.41,15.86,15.33,15.48,2343514,36371337.28,derived_ohlc4
HNX_PVS,PVS,2019-08-19 09:00:00,255,0,15.71,15.86,15.56,15.63,1259354,19759264.26,derived_ohlc4
HNX_PVS,PVS,2019-08-20 09:00:00,256,0,15.56,16.01,15.56,15.94,2470446,38952757.305,derived_ohlc4
HNX_PVS,PVS,2019-08-21 09:00:00,257,0,15.94,16.62,15.86,16.39,5033641,81557568.30250001,derived_ohlc4
HNX_PVS,PVS,2019-08-22 09:00:00,258,0,16.55,16.55,16.09,16.09,2393241,39057693.12,derived_ohlc4
HNX_PVS,PVS,2019-08-23 09:00:00,259,0,16.17,16.24,15.94,15.94,1886599,30322362.427499995,derived_ohlc4
HNX_PVS,PVS,2019-08-26 09:00:00,260,0,15.79,15.86,15.48,15.63,2942458,46167166.019999996,derived_ohlc4
HNX_PVS,PVS,2019-08-27 09:00:00,261,0,15.79,15.94,15.56,15.56,2747898,43176347.325,derived_ohlc4
HNX_PVS,PVS,2019-08-28 09:00:00,262,0,15.79,15.79,15.56,15.63,1363717,21400129.0225,derived_ohlc4
HNX_PVS,PVS,2019-08-29 09:00:00,263,0,15.71,15.79,15.48,15.56,1768909,27656892.215000004,derived_ohlc4
HNX_PVS,PVS,2019-08-30 09:00:00,264,0,15.63,16.09,15.63,15.79,3390689,53522025.865,derived_ohlc4
HNX_PVS,PVS,2019-09-03 09:00:00,265,0,15.94,16.17,15.56,15.56,1910060,30193273.450000003,derived_ohlc4
HNX_PVS,PVS,2019-09-04 09:00:00,266,0,15.56,15.79,15.48,15.71,1826409,28555904.715,derived_ohlc4
HNX_PVS,PVS,2019-09-05 09:00:00,267,0,15.86,16.01,15.56,15.63,1603600,25280754.0,derived_ohlc4
HNX_PVS,PVS,2019-09-06 09:00:00,268,0,15.71,15.79,15.56,15.56,1330210,20824437.55,derived_ohlc4
HNX_PVS,PVS,2019-09-09 09:00:00,269,0,14.04,15.71,14.04,15.33,2523461,37296753.58,derived_ohlc4
HNX_PVS,PVS,2019-09-10 09:00:00,270,0,15.33,15.86,14.42,14.72,6728663,101485059.69749999,derived_ohlc4
HNX_PVS,PVS,2019-09-11 09:00:00,271,0,14.8,14.8,14.12,14.65,3462639,50528559.607499994,derived_ohlc4
HNX_PVS,PVS,2019-09-12 09:00:00,272,0,14.72,15.03,14.65,14.95,1705009,25298071.037499998,derived_ohlc4
HNX_PVS,PVS,2019-09-13 09:00:00,273,0,14.95,15.03,14.72,14.8,1663864,24749977.0,derived_ohlc4
HNX_PVS,PVS,2019-09-16 09:00:00,274,0,15.33,15.79,15.1,15.33,4203834,64686495.675,derived_ohlc4
HNX_PVS,PVS,2019-09-17 09:00:00,275,0,15.56,15.79,15.41,15.71,4245253,66300238.72750001,derived_ohlc4
HNX_PVS,PVS,2019-09-18 09:00:00,276,0,15.71,15.79,15.41,15.48,1950333,30420318.9675,derived_ohlc4
HNX_PVS,PVS,2019-09-19 09:00:00,277,0,15.41,15.56,15.33,15.41,1560452,24073873.229999997,derived_ohlc4
HNX_PVS,PVS,2019-09-20 09:00:00,278,0,15.41,15.94,15.33,15.33,1655783,25668775.9575,derived_ohlc4
HNX_PVS,PVS,2019-09-23 09:00:00,279,0,15.41,15.56,15.33,15.41,1699333,26216459.857499998,derived_ohlc4
HNX_PVS,PVS,2019-09-24 09:00:00,280,0,15.41,15.63,15.18,15.33,1608885,24756717.9375,derived_ohlc4
HNX_PVS,PVS,2019-09-25 09:00:00,281,0,15.26,15.56,15.1,15.26,1584330,24232327.35,derived_ohlc4
HNX_PVS,PVS,2019-09-26 09:00:00,282,0,15.26,15.33,15.1,15.26,1962870,29909231.624999996,derived_ohlc4
HNX_PVS,PVS,2019-09-27 09:00:00,283,0,15.57,15.65,15.33,15.41,1632908,25293744.919999998,derived_ohlc4
HNX_PVS,PVS,2019-09-30 09:00:00,284,0,15.49,15.57,15.26,15.33,1442935,22239235.6875,derived_ohlc4
HNX_PVS,PVS,2019-10-01 09:00:00,285,0,15.26,15.33,15.02,15.18,2115081,32143943.4975,derived_ohlc4
HNX_PVS,PVS,2019-10-02 09:00:00,286,0,15.18,15.33,15.02,15.1,1442653,21867012.8475,derived_ohlc4
HNX_PVS,PVS,2019-10-03 09:00:00,287,0,15.02,15.1,14.86,15.1,1981276,29758765.52,derived_ohlc4
HNX_PVS,PVS,2019-10-04 09:00:00,288,0,15.18,15.26,14.86,14.86,2290510,34449270.4,derived_ohlc4
HNX_PVS,PVS,2019-10-07 09:00:00,289,0,14.86,15.02,13.45,14.63,1846891,26761450.59,derived_ohlc4
HNX_PVS,PVS,2019-10-08 09:00:00,290,0,14.7,14.7,14.39,14.47,2385432,34743817.08,derived_ohlc4
HNX_PVS,PVS,2019-10-09 09:00:00,291,0,14.47,14.55,14.39,14.47,2214585,32045044.950000003,derived_ohlc4
HNX_PVS,PVS,2019-10-10 09:00:00,292,0,14.55,14.94,14.55,14.7,2480548,36426847.38,derived_ohlc4
HNX_PVS,PVS,2019-10-11 09:00:00,293,0,14.78,14.86,14.63,14.86,1661364,24559113.330000002,derived_ohlc4
HNX_PVS,PVS,2019-10-14 09:00:00,294,0,14.94,15.1,14.7,14.7,1872471,27824919.06,derived_ohlc4
HNX_PVS,PVS,2019-10-15 09:00:00,295,0,14.7,14.7,14.55,14.63,864606,12662154.870000001,derived_ohlc4
HNX_PVS,PVS,2019-10-16 09:00:00,296,0,14.63,14.86,14.55,14.55,1404761,20576236.747500002,derived_ohlc4
HNX_PVS,PVS,2019-10-17 09:00:00,297,0,14.63,14.63,14.39,14.55,1578886,22972791.3,derived_ohlc4
HNX_PVS,PVS,2019-10-18 09:00:00,298,0,14.55,14.7,14.47,14.55,1172022,17073430.485,derived_ohlc4
HNX_PVS,PVS,2019-10-21 09:00:00,299,0,14.55,14.63,14.39,14.47,1152055,16716318.049999999,derived_ohlc4
HNX_PVS,PVS,2019-10-22 09:00:00,300,0,14.55,14.55,14.15,14.15,2005275,28775696.25,derived_ohlc4
HNX_PVS,PVS,2019-10-23 09:00:00,301,0,14.23,14.39,14.08,14.08,1884959,26756993.005,derived_ohlc4
HNX_PVS,PVS,2019-10-24 09:00:00,302,0,14.31,14.47,14.15,14.39,887676,12720397.08,derived_ohlc4
HNX_PVS,PVS,2019-10-25 09:00:00,303,0,14.55,14.78,14.39,14.78,2860422,41833671.75,derived_ohlc4
HNX_PVS,PVS,2019-10-28 09:00:00,304,0,14.78,14.78,14.55,14.63,1467986,21557374.41,derived_ohlc4
HNX_PVS,PVS,2019-10-29 09:00:00,305,0,14.7,14.7,14.39,14.55,637594,9299308.49,derived_ohlc4
HNX_PVS,PVS,2019-10-30 09:00:00,306,0,14.55,14.78,14.39,14.78,2693319,39389790.375,derived_ohlc4
HNX_PVS,PVS,2019-10-31 09:00:00,307,0,14.78,14.86,14.55,14.55,928398,13633524.629999999,derived_ohlc4
HNX_PVS,PVS,2019-11-01 09:00:00,308,0,14.55,14.78,14.47,14.63,1745886,25503029.745,derived_ohlc4
HNX_PVS,PVS,2019-11-04 09:00:00,309,0,14.78,14.94,14.63,14.7,1555307,22960219.5875,derived_ohlc4
HNX_PVS,PVS,2019-11-05 09:00:00,310,0,14.78,15.33,14.7,15.18,5568978,83520747.555,derived_ohlc4
HNX_PVS,PVS,2019-11-06 09:00:00,311,0,15.26,15.33,15.02,15.02,1683891,25523577.8325,derived_ohlc4
HNX_PVS,PVS,2019-11-07 09:00:00,312,0,15.02,15.1,14.86,15.02,1748390,26225850.0,derived_ohlc4
HNX_PVS,PVS,2019-11-08 09:00:00,313,0,15.1,15.18,14.94,14.94,1839173,27661161.919999998,derived_ohlc4
HNX_PVS,PVS,2019-11-11 09:00:00,314,0,14.94,15.02,14.7,14.86,1593906,23717321.279999997,derived_ohlc4
HNX_PVS,PVS,2019-11-12 09:00:00,315,0,14.86,15.02,14.78,14.86,1587650,23624232.0,derived_ohlc4
HNX_PVS,PVS,2019-11-13 09:00:00,316,0,14.86,14.94,14.63,14.7,1404935,20768451.6375,derived_ohlc4
HNX_PVS,PVS,2019-11-14 09:00:00,317,0,14.7,14.94,14.7,14.86,1399806,20717128.8,derived_ohlc4
HNX_PVS,PVS,2019-11-15 09:00:00,318,0,14.94,15.02,14.78,14.78,1014823,15100566.24,derived_ohlc4
HNX_PVS,PVS,2019-11-18 09:00:00,319,0,14.86,15.02,14.7,14.78,1029909,15283849.56,derived_ohlc4
HNX_PVS,PVS,2019-11-19 09:00:00,320,0,14.7,14.86,14.7,14.86,880944,13020352.32,derived_ohlc4
HNX_PVS,PVS,2019-11-20 09:00:00,321,0,14.7,14.78,14.55,14.55,1288424,18868969.48,derived_ohlc4
HNX_PVS,PVS,2019-11-21 09:00:00,322,0,14.63,14.7,14.47,14.47,1680531,24481135.342499997,derived_ohlc4
HNX_PVS,PVS,2019-11-22 09:00:00,323,0,14.55,14.63,14.08,14.15,2463836,35362206.19,derived_ohlc4
HNX_PVS,PVS,2019-11-25 09:00:00,324,0,13.76,14.31,13.76,13.92,1263068,17604010.25,derived_ohlc4
HNX_PVS,PVS,2019-11-26 09:00:00,325,0,13.92,14.15,13.92,14.0,1208626,16917742.435000002,derived_ohlc4
HNX_PVS,PVS,2019-11-27 09:00:00,326,0,14.08,14.15,13.92,13.92,745260,10446682.05,derived_ohlc4
HNX_PVS,PVS,2019-11-28 09:00:00,327,0,13.92,14.0,13.6,13.6,1524132,21002538.96,derived_ohlc4
HNX_PVS,PVS,2019-11-29 09:00:00,328,0,13.6,13.76,13.52,13.68,1184605,16158012.2,derived_ohlc4
HNX_PVS,PVS,2019-12-02 09:00:00,329,0,13.68,14.7,13.13,13.13,2148101,29343059.66,derived_ohlc4
HNX_PVS,PVS,2019-12-03 09:00:00,330,0,13.13,13.52,13.05,13.29,1680955,22268451.3625,derived_ohlc4
HNX_PVS,PVS,2019-12-04 09:00:00,331,0,13.29,13.68,13.21,13.52,962281,12918622.425,derived_ohlc4
HNX_PVS,PVS,2019-12-05 09:00:00,332,0,13.6,13.92,13.52,13.52,2475202,33761755.28,derived_ohlc4
HNX_PVS,PVS,2019-12-06 09:00:00,333,0,13.6,13.76,13.52,13.52,532496,7241945.599999999,derived_ohlc4
HNX_PVS,PVS,2019-12-09 09:00:00,334,0,13.6,13.68,13.45,13.52,1095314,14855196.125,derived_ohlc4
HNX_PVS,PVS,2019-12-10 09:00:00,335,0,13.6,13.6,13.29,13.37,1011854,13624614.109999998,derived_ohlc4
HNX_PVS,PVS,2019-12-11 09:00:00,336,0,13.45,13.45,13.29,13.29,445065,5950519.05,derived_ohlc4
HNX_PVS,PVS,2019-12-12 09:00:00,337,0,13.37,13.68,13.29,13.68,801019,10817761.594999999,derived_ohlc4
HNX_PVS,PVS,2019-12-13 09:00:00,338,0,13.76,15.02,13.6,13.68,1268792,17782119.88,derived_ohlc4
HNX_PVS,PVS,2019-12-16 09:00:00,339,0,13.68,13.92,13.68,13.84,1004592,13843277.760000002,derived_ohlc4
HNX_PVS,PVS,2019-12-17 09:00:00,340,0,13.92,13.92,13.68,13.84,1030035,14255684.4,derived_ohlc4
HNX_PVS,PVS,2019-12-18 09:00:00,341,0,13.84,14.15,12.5,14.0,2407954,32802353.365000002,derived_ohlc4
HNX_PVS,PVS,2019-12-19 09:00:00,342,0,14.0,14.15,13.92,14.08,634331,8904421.4125,derived_ohlc4
HNX_PVS,PVS,2019-12-20 09:00:00,343,0,14.08,14.23,13.84,14.0,1001214,14054541.525000002,derived_ohlc4
HNX_PVS,PVS,2019-12-23 09:00:00,344,0,14.0,15.33,13.68,13.84,1022403,14530902.6375,derived_ohlc4
HNX_PVS,PVS,2019-12-24 09:00:00,345,0,13.84,14.0,13.68,14.0,974748,13529502.239999998,derived_ohlc4
HNX_PVS,PVS,2019-12-25 09:00:00,346,0,14.0,14.08,13.84,13.92,384465,5367131.4,derived_ohlc4
HNX_PVS,PVS,2019-12-26 09:00:00,347,0,13.92,14.0,12.58,13.92,479721,6526604.205,derived_ohlc4
HNX_PVS,PVS,2019-12-27 09:00:00,348,0,14.0,14.0,13.76,13.76,683800,9491144.0,derived_ohlc4
HNX_PVS,PVS,2019-12-30 09:00:00,349,0,13.84,14.0,13.76,13.76,1009854,13976379.36,derived_ohlc4
HNX_PVS,PVS,2019-12-31 09:00:00,350,0,13.84,13.92,13.68,13.76,1571464,21686203.2,derived_ohlc4
HNX_PVS,PVS,2020-01-02 09:00:00,351,0,13.84,13.92,13.68,13.84,583276,8060874.32,derived_ohlc4
HNX_PVS,PVS,2020-01-03 09:00:00,352,0,13.84,14.94,13.84,14.23,4531787,64408022.73750001,derived_ohlc4
HNX_PVS,PVS,2020-01-06 09:00:00,353,0,14.39,14.94,14.31,14.94,5455757,79899561.265,derived_ohlc4
HNX_PVS,PVS,2020-01-07 09:00:00,354,0,14.94,14.94,14.55,14.78,2174021,32180945.8525,derived_ohlc4
HNX_PVS,PVS,2020-01-08 09:00:00,355,0,14.94,15.26,14.78,14.86,4766353,71304640.88,derived_ohlc4
HNX_PVS,PVS,2020-01-09 09:00:00,356,0,14.63,14.63,14.31,14.55,2812511,40865784.830000006,derived_ohlc4
HNX_PVS,PVS,2020-01-10 09:00:00,357,0,14.39,15.96,14.23,14.47,2129232,31432787.4,derived_ohlc4
HNX_PVS,PVS,2020-01-13 09:00:00,358,0,14.39,14.55,14.15,14.15,2144807,30692188.17,derived_ohlc4
HNX_PVS,PVS,2020-01-14 09:00:00,359,0,14.15,14.15,13.84,14.15,2280572,32093349.47,derived_ohlc4
HNX_PVS,PVS,2020-01-15 09:00:00,360,0,14.15,14.23,14.0,14.0,745693,10510542.835,derived_ohlc4
HNX_PVS,PVS,2020-01-16 09:00:00,361,0,14.0,14.39,13.76,14.15,2482816,34945635.199999996,derived_ohlc4
HNX_PVS,PVS,2020-01-17 09:00:00,362,0,14.23,14.23,14.0,14.08,1208604,17083617.54,derived_ohlc4
HNX_PVS,PVS,2020-01-20 09:00:00,363,0,14.15,14.15,13.92,14.0,631604,8877194.22,derived_ohlc4
HNX_PVS,PVS,2020-01-21 09:00:00,364,0,14.0,14.39,13.92,14.39,3203685,45412234.875,derived_ohlc4
HNX_PVS,PVS,2020-01-22 09:00:00,365,0,14.39,14.55,14.23,14.39,1373677,19767212.03,derived_ohlc4
HNX_PVS,PVS,2020-01-30 09:00:00,366,0,14.23,14.94,13.6,13.6,2700624,38058543.720000006,derived_ohlc4
HNX_PVS,PVS,2020-01-31 09:00:00,367,0,13.6,13.76,12.74,12.82,4335029,57352433.67,derived_ohlc4
HNX_PVS,PVS,2020-02-03 09:00:00,368,0,12.66,14.08,11.8,12.27,4372263,55538670.7575,derived_ohlc4
HNX_PVS,PVS,2020-02-04 09:00:00,369,0,12.34,12.5,12.03,12.34,3162233,38903371.482499994,derived_ohlc4
HNX_PVS,PVS,2020-02-05 09:00:00,370,0,12.34,12.82,12.27,12.66,3133516,39239454.11,derived_ohlc4
HNX_PVS,PVS,2020-02-06 09:00:00,371,0,11.4,13.37,11.4,13.29,2674346,33068288.29,derived_ohlc4
HNX_PVS,PVS,2020-02-07 09:00:00,372,0,13.37,13.37,12.03,12.9,2118864,27370425.72,derived_ohlc4
HNX_PVS,PVS,2020-02-10 09:00:00,373,0,12.82,14.0,12.42,12.66,1304312,16923448.200000003,derived_ohlc4
HNX_PVS,PVS,2020-02-11 09:00:00,374,0,12.66,12.82,12.66,12.74,1163027,14793703.440000001,derived_ohlc4
HNX_PVS,PVS,2020-02-12 09:00:00,375,0,12.74,13.13,12.74,12.97,2333773,30094002.834999997,derived_ohlc4
HNX_PVS,PVS,2020-02-13 09:00:00,376,0,12.97,13.92,12.9,12.9,1434195,18891933.6375,derived_ohlc4
HNX_PVS,PVS,2020-02-14 09:00:00,377,0,12.9,13.84,12.74,12.82,973836,12732905.700000001,derived_ohlc4
HNX_PVS,PVS,2020-02-17 09:00:00,378,0,12.9,12.97,12.82,12.82,1115484,14364645.209999999,derived_ohlc4
HNX_PVS,PVS,2020-02-18 09:00:00,379,0,12.82,12.97,12.66,12.74,1059995,13565286.012500001,derived_ohlc4
HNX_PVS,PVS,2020-02-19 09:00:00,380,0,12.74,12.97,12.74,12.9,1181197,15163616.4875,derived_ohlc4
HNX_PVS,PVS,2020-02-20 09:00:00,381,0,13.05,13.21,12.82,12.9,2595691,33731004.544999994,derived_ohlc4
HNX_PVS,PVS,2020-02-21 09:00:00,382,0,12.97,13.13,12.82,12.9,1338196,17336329.18,derived_ohlc4
HNX_PVS,PVS,2020-02-24 09:00:00,383,0,12.74,12.74,12.03,12.11,4278530,53075164.65,derived_ohlc4
HNX_PVS,PVS,2020-02-25 09:00:00,384,0,11.8,12.34,11.72,12.34,2175509,26214883.450000003,derived_ohlc4
HNX_PVS,PVS,2020-02-26 09:00:00,385,0,12.19,13.21,11.95,12.11,1268699,15687463.134999998,derived_ohlc4
HNX_PVS,PVS,2020-02-27 09:00:00,386,0,11.24,12.11,11.24,12.11,1821256,21263163.8,derived_ohlc4
HNX_PVS,PVS,2020-02-28 09:00:00,387,0,10.93,11.95,10.93,11.72,2394507,27255475.927500002,derived_ohlc4
HNX_PVS,PVS,2020-03-02 09:00:00,388,0,11.4,11.95,11.4,11.8,3225581,37537698.887499996,derived_ohlc4
HNX_PVS,PVS,2020-03-03 09:00:00,389,0,12.42,12.42,11.87,11.95,2534038,30826572.27,derived_ohlc4
HNX_PVS,PVS,2020-03-04 09:00:00,390,0,11.87,12.19,11.8,12.11,3992146,47875810.905,derived_ohlc4
HNX_PVS,PVS,2020-03-05 09:00:00,391,0,12.27,12.34,11.95,11.95,2508168,30417807.42,derived_ohlc4
HNX_PVS,PVS,2020-03-06 09:00:00,392,0,11.95,11.95,11.8,11.87,1504297,17889852.0725,derived_ohlc4
HNX_PVS,PVS,2020-03-09 09:00:00,393,0,11.72,11.72,10.69,10.69,5780458,64770031.89,derived_ohlc4
HNX_PVS,PVS,2020-03-10 09:00:00,394,0,10.14,10.85,9.75,10.14,5756925,58835773.5,derived_ohlc4
HNX_PVS,PVS,2020-03-11 09:00:00,395,0,10.22,10.62,9.44,9.44,5137331,51013696.83,derived_ohlc4
HNX_PVS,PVS,2020-03-12 09:00:00,396,0,9.36,9.44,8.49,8.49,7738992,69225283.44,derived_ohlc4
HNX_PVS,PVS,2020-03-13 09:00:00,397,0,7.86,8.81,7.78,8.65,5762888,47687898.2,derived_ohlc4
HNX_PVS,PVS,2020-03-16 09:00:00,398,0,8.65,8.96,8.26,8.49,3368479,28935234.61,derived_ohlc4
HNX_PVS,PVS,2020-03-17 09:00:00,399,0,8.26,8.73,8.1,8.73,2942802,24881390.910000004,derived_ohlc4
HNX_PVS,PVS,2020-03-18 09:00:00,400,0,8.73,8.89,8.26,8.34,6858667,58675896.184999995,derived_ohlc4
HNX_PVS,PVS,2020-03-19 09:00:00,401,0,8.34,8.34,7.86,8.18,4212294,34456564.92,derived_ohlc4
HNX_PVS,PVS,2020-03-20 09:00:00,402,0,8.96,8.96,8.18,8.81,6473430,56496860.325,derived_ohlc4
HNX_PVS,PVS,2020-03-23 09:00:00,403,0,7.94,8.57,7.94,7.94,6259216,50684001.56,derived_ohlc4
HNX_PVS,PVS,2020-03-24 09:00:00,404,0,8.26,8.34,7.94,8.02,4435129,36101950.06,derived_ohlc4
HNX_PVS,PVS,2020-03-25 09:00:00,405,0,8.1,8.57,8.1,8.34,4271093,35353972.3075,derived_ohlc4
HNX_PVS,PVS,2020-03-26 09:00:00,406,0,8.34,8.41,8.02,8.02,3289159,26962880.9025,derived_ohlc4
HNX_PVS,PVS,2020-03-27 09:00:00,407,0,8.02,8.18,7.94,8.02,2376342,19105789.68,derived_ohlc4
HNX_PVS,PVS,2020-03-30 09:00:00,408,0,7.86,7.94,7.23,7.31,4145456,31443283.76,derived_ohlc4
HNX_PVS,PVS,2020-03-31 09:00:00,409,0,6.6,7.63,6.6,7.08,4502481,31416061.177499995,derived_ohlc4
HNX_PVS,PVS,2020-04-01 09:00:00,410,0,6.37,7.63,6.37,7.39,3625814,25163149.16,derived_ohlc4
HNX_PVS,PVS,2020-04-03 09:00:00,411,0,7.47,8.1,7.47,8.1,4950311,38538171.135,derived_ohlc4
HNX_PVS,PVS,2020-04-06 09:00:00,412,0,8.26,8.89,8.26,8.89,6765228,58011830.099999994,derived_ohlc4
HNX_PVS,PVS,2020-04-07 09:00:00,413,0,9.44,9.44,8.89,9.28,11483311,106364168.13749999,derived_ohlc4
HNX_PVS,PVS,2020-04-08 09:00:00,414,0,8.41,9.44,8.41,9.36,6624753,58993425.46500001,derived_ohlc4
HNX_PVS,PVS,2020-04-09 09:00:00,415,0,9.52,9.91,9.36,9.67,6747581,64877991.315000005,derived_ohlc4
HNX_PVS,PVS,2020-04-10 09:00:00,416,0,9.83,9.83,8.81,9.59,6484408,61699142.120000005,derived_ohlc4
HNX_PVS,PVS,2020-04-13 09:00:00,417,0,9.67,9.91,9.59,9.67,6488141,62999849.10999999,derived_ohlc4
HNX_PVS,PVS,2020-04-14 09:00:00,418,0,9.67,9.75,9.36,9.59,3632838,34847998.515,derived_ohlc4
HNX_PVS,PVS,2020-04-15 09:00:00,419,0,9.36,9.59,9.28,9.28,5117789,47992066.3475,derived_ohlc4
HNX_PVS,PVS,2020-04-16 09:00:00,420,0,9.28,9.52,9.04,9.36,4540460,42226277.99999999,derived_ohlc4
HNX_PVS,PVS,2020-04-17 09:00:00,421,0,9.52,9.75,9.44,9.59,5610880,53724175.99999999,derived_ohlc4
HNX_PVS,PVS,2020-04-20 09:00:00,422,0,9.83,10.3,9.44,10.14,10104067,100308125.1425,derived_ohlc4
HNX_PVS,PVS,2020-04-21 09:00:00,423,0,10.06,10.06,9.2,9.2,10317899,99361367.36999999,derived_ohlc4
HNX_PVS,PVS,2020-04-22 09:00:00,424,0,8.49,9.2,8.41,9.04,5376431,47231946.335,derived_ohlc4
HNX_PVS,PVS,2020-04-23 09:00:00,425,0,9.83,9.83,9.12,9.28,5469377,52041122.155,derived_ohlc4
HNX_PVS,PVS,2020-04-24 09:00:00,426,0,9.36,9.44,9.04,9.2,3860753,35750572.779999994,derived_ohlc4
HNX_PVS,PVS,2020-04-27 09:00:00,427,0,9.2,9.28,9.04,9.12,2890685,26478674.599999994,derived_ohlc4
HNX_PVS,PVS,2020-04-28 09:00:00,428,0,9.04,9.75,8.73,8.89,2964565,26984952.912499998,derived_ohlc4
HNX_PVS,PVS,2020-04-29 09:00:00,429,0,8.89,9.12,8.89,9.12,1447268,13032648.339999998,derived_ohlc4
HNX_PVS,PVS,2020-05-04 09:00:00,430,0,9.12,9.52,9.04,9.04,5280400,48474072.0,derived_ohlc4
HNX_PVS,PVS,2020-05-05 09:00:00,431,0,9.28,9.36,9.12,9.28,2674702,24767740.52,derived_ohlc4
HNX_PVS,PVS,2020-05-06 09:00:00,432,0,9.36,9.59,9.36,9.52,5661785,53546331.637499996,derived_ohlc4
HNX_PVS,PVS,2020-05-07 09:00:00,433,0,9.44,9.59,9.36,9.44,2655538,25114750.634999998,derived_ohlc4
HNX_PVS,PVS,2020-05-08 09:00:00,434,0,9.52,9.67,9.44,9.52,5717051,54526373.91249999,derived_ohlc4
HNX_PVS,PVS,2020-05-11 09:00:00,435,0,9.52,10.06,9.52,9.99,9332859,91205364.57749999,derived_ohlc4
HNX_PVS,PVS,2020-05-12 09:00:00,436,0,9.99,10.14,9.75,10.14,5170964,51735494.82000001,derived_ohlc4
HNX_PVS,PVS,2020-05-13 09:00:00,437,0,10.14,10.54,9.91,10.22,6876774,70160286.735,derived_ohlc4
HNX_PVS,PVS,2020-05-14 09:00:00,438,0,10.14,10.22,9.99,10.06,4003786,40448248.065000005,derived_ohlc4
HNX_PVS,PVS,2020-05-15 09:00:00,439,0,10.22,10.46,9.99,10.06,6663562,67851720.06500001,derived_ohlc4
HNX_PVS,PVS,2020-05-18 09:00:00,440,0,10.38,10.38,10.14,10.22,4496836,46227474.080000006,derived_ohlc4
HNX_PVS,PVS,2020-05-19 09:00:00,441,0,10.38,10.62,10.22,10.3,6332576,65732138.879999995,derived_ohlc4
HNX_PVS,PVS,2020-05-20 09:00:00,442,0,10.22,10.3,10.14,10.14,2856462,29135912.400000002,derived_ohlc4
HNX_PVS,PVS,2020-05-21 09:00:00,443,0,10.22,10.3,10.06,10.14,4929780,50185160.400000006,derived_ohlc4
HNX_PVS,PVS,2020-05-22 09:00:00,444,0,10.14,10.22,9.75,9.75,8302160,82731024.4,derived_ohlc4
HNX_PVS,PVS,2020-05-25 09:00:00,445,0,9.75,10.14,9.75,9.91,4784701,47308731.137499996,derived_ohlc4
HNX_PVS,PVS,2020-05-26 09:00:00,446,0,9.99,10.3,9.99,10.22,5607588,56776828.5,derived_ohlc4
HNX_PVS,PVS,2020-05-27 09:00:00,447,0,10.22,10.38,9.99,10.06,5720750,58137121.87500001,derived_ohlc4
HNX_PVS,PVS,2020-05-28 09:00:00,448,0,10.06,10.06,9.83,9.91,4591485,45754148.025,derived_ohlc4
HNX_PVS,PVS,2020-05-29 09:00:00,449,0,9.99,9.99,9.83,9.91,2784262,27647721.66,derived_ohlc4
HNX_PVS,PVS,2020-06-01 09:00:00,450,0,9.99,10.14,9.91,10.06,2807693,28147122.325,derived_ohlc4
HNX_PVS,PVS,2020-06-02 09:00:00,451,0,10.06,10.62,9.99,10.3,14002330,143418865.025,derived_ohlc4
HNX_PVS,PVS,2020-06-03 09:00:00,452,0,10.38,10.69,10.38,10.54,6539631,68649776.4225,derived_ohlc4
HNX_PVS,PVS,2020-06-04 09:00:00,453,0,10.62,10.77,10.38,10.38,4898334,51616194.525000006,derived_ohlc4
HNX_PVS,PVS,2020-06-05 09:00:00,454,0,10.38,10.54,10.14,10.54,7649517,79554976.8,derived_ohlc4
HNX_PVS,PVS,2020-06-08 09:00:00,455,0,10.77,11.17,10.69,11.01,12047499,131438214.08999997,derived_ohlc4
HNX_PVS,PVS,2020-06-09 09:00:00,456,0,11.01,11.09,10.77,10.77,7120951,77689575.41,derived_ohlc4
HNX_PVS,PVS,2020-06-10 09:00:00,457,0,10.77,10.85,10.54,10.69,6889064,73799098.1,derived_ohlc4
HNX_PVS,PVS,2020-06-11 09:00:00,458,0,10.69,10.85,9.83,9.83,11074918,114071655.39999999,derived_ohlc4
HNX_PVS,PVS,2020-06-12 09:00:00,459,0,9.83,9.91,9.36,9.83,7516748,73156749.91,derived_ohlc4
HNX_PVS,PVS,2020-06-15 09:00:00,460,0,9.91,9.91,9.28,9.36,7698713,74023125.495,derived_ohlc4
HNX_PVS,PVS,2020-06-16 09:00:00,461,0,9.59,9.75,9.44,9.67,3607700,34679016.25,derived_ohlc4
HNX_PVS,PVS,2020-06-17 09:00:00,462,0,9.83,9.83,9.59,9.75,2803611,27335207.25,derived_ohlc4
HNX_PVS,PVS,2020-06-18 09:00:00,463,0,9.67,9.75,9.52,9.67,1413357,13642428.442499999,derived_ohlc4
HNX_PVS,PVS,2020-06-19 09:00:00,464,0,9.67,9.99,9.67,9.99,3697663,36348027.29,derived_ohlc4
HNX_PVS,PVS,2020-06-22 09:00:00,465,0,9.99,10.14,9.83,9.99,2917548,29139010.650000002,derived_ohlc4
HNX_PVS,PVS,2020-06-23 09:00:00,466,0,9.99,10.14,9.91,10.06,3609685,36187092.125,derived_ohlc4
HNX_PVS,PVS,2020-06-24 09:00:00,467,0,10.06,10.14,9.83,9.83,2434177,24256573.805,derived_ohlc4
HNX_PVS,PVS,2020-06-25 09:00:00,468,0,9.67,9.83,9.52,9.75,2929205,28391319.4625,derived_ohlc4
HNX_PVS,PVS,2020-06-26 09:00:00,469,0,9.83,9.99,9.67,9.75,2286025,22425905.25,derived_ohlc4
HNX_PVS,PVS,2020-06-29 09:00:00,470,0,9.83,9.83,9.36,9.44,3642769,35025223.935,derived_ohlc4
HNX_PVS,PVS,2020-06-30 09:00:00,471,0,9.59,9.67,9.2,9.36,2680633,25345385.014999997,derived_ohlc4
HNX_PVS,PVS,2020-07-01 09:00:00,472,0,9.44,9.59,9.36,9.59,1771104,16816632.48,derived_ohlc4
HNX_PVS,PVS,2020-07-02 09:00:00,473,0,9.59,9.67,9.44,9.52,1110361,10609499.355,derived_ohlc4
HNX_PVS,PVS,2020-07-03 09:00:00,474,0,9.59,9.67,9.44,9.52,1525801,14579028.555,derived_ohlc4
HNX_PVS,PVS,2020-07-06 09:00:00,475,0,9.52,9.75,9.52,9.75,2291068,22074440.18,derived_ohlc4
HNX_PVS,PVS,2020-07-07 09:00:00,476,0,9.75,9.91,9.75,9.75,3396821,33254877.589999996,derived_ohlc4
HNX_PVS,PVS,2020-07-08 09:00:00,477,0,9.75,9.75,9.59,9.67,1461213,14159153.969999999,derived_ohlc4
HNX_PVS,PVS,2020-07-09 09:00:00,478,0,9.67,9.99,9.67,9.83,3455019,33824636.01,derived_ohlc4
HNX_PVS,PVS,2020-07-10 09:00:00,479,0,9.83,9.83,9.67,9.75,1871212,18281741.24,derived_ohlc4
HNX_PVS,PVS,2020-07-13 09:00:00,480,0,9.75,9.91,9.67,9.75,1646395,16085279.149999999,derived_ohlc4
HNX_PVS,PVS,2020-07-14 09:00:00,481,0,9.75,9.75,9.59,9.75,1570801,15252477.71,derived_ohlc4
HNX_PVS,PVS,2020-07-15 09:00:00,482,0,9.75,9.91,9.67,9.75,1568009,15319447.93,derived_ohlc4
HNX_PVS,PVS,2020-07-16 09:00:00,483,0,9.83,10.14,9.75,9.91,6355380,62965927.349999994,derived_ohlc4
HNX_PVS,PVS,2020-07-17 09:00:00,484,0,9.91,9.99,9.83,9.83,1642130,16240665.699999997,derived_ohlc4
HNX_PVS,PVS,2020-07-20 09:00:00,485,0,9.83,9.83,9.67,9.67,1842959,17968850.25,derived_ohlc4
HNX_PVS,PVS,2020-07-21 09:00:00,486,0,9.67,9.75,9.59,9.67,2500691,24181681.97,derived_ohlc4
HNX_PVS,PVS,2020-07-22 09:00:00,487,0,9.75,9.91,9.59,9.67,2446331,23802800.630000003,derived_ohlc4
HNX_PVS,PVS,2020-07-23 09:00:00,488,0,9.75,9.83,9.59,9.83,3229628,31488873.0,derived_ohlc4
HNX_PVS,PVS,2020-07-24 09:00:00,489,0,9.75,9.83,9.12,9.28,6071256,57646575.72,derived_ohlc4
HNX_PVS,PVS,2020-07-27 09:00:00,490,0,9.28,9.28,8.41,8.49,5310748,47079781.02,derived_ohlc4
HNX_PVS,PVS,2020-07-28 09:00:00,491,0,8.49,8.96,8.41,8.89,4251167,36932013.3125,derived_ohlc4
HNX_PVS,PVS,2020-07-29 09:00:00,492,0,8.81,8.81,8.1,8.49,4442377,37993429.292500004,derived_ohlc4
HNX_PVS,PVS,2020-07-30 09:00:00,493,0,8.57,8.65,8.49,8.57,2393650,20513580.5,derived_ohlc4
HNX_PVS,PVS,2020-07-31 09:00:00,494,0,8.41,8.57,8.34,8.41,1477136,12455949.320000002,derived_ohlc4
HNX_PVS,PVS,2020-08-03 09:00:00,495,0,8.49,8.89,8.34,8.89,4475946,38728122.765,derived_ohlc4
HNX_PVS,PVS,2020-08-04 09:00:00,496,0,8.96,9.2,8.89,8.96,2416465,21754226.1625,derived_ohlc4
HNX_PVS,PVS,2020-08-05 09:00:00,497,0,9.04,9.28,8.96,9.2,3015002,27496818.240000002,derived_ohlc4
HNX_PVS,PVS,2020-08-06 09:00:00,498,0,9.2,9.59,9.12,9.36,6569307,61209517.9725,derived_ohlc4
HNX_PVS,PVS,2020-08-07 09:00:00,499,0,9.44,9.52,9.28,9.44,2669221,25144061.82,derived_ohlc4
HNX_PVS,PVS,2020-08-10 09:00:00,500,0,9.44,9.67,9.36,9.52,2659999,25263340.502499998,derived_ohlc4
HNX_PVS,PVS,2020-08-11 09:00:00,501,0,9.52,9.59,9.36,9.59,3942616,37513991.24,derived_ohlc4
HNX_PVS,PVS,2020-08-12 09:00:00,502,0,9.59,9.83,9.44,9.75,3787351,36557405.527499996,derived_ohlc4
HNX_PVS,PVS,2020-08-13 09:00:00,503,0,9.83,9.91,9.59,9.67,3791044,36962679.0,derived_ohlc4
HNX_PVS,PVS,2020-08-14 09:00:00,504,0,9.67,9.67,9.44,9.52,3411306,32663254.95,derived_ohlc4
HNX_PVS,PVS,2020-08-17 09:00:00,505,0,9.44,9.67,9.36,9.59,3451147,32837663.705000002,derived_ohlc4
HNX_PVS,PVS,2020-08-18 09:00:00,506,0,9.59,9.75,9.52,9.52,1620634,15549983.229999999,derived_ohlc4
HNX_PVS,PVS,2020-08-19 09:00:00,507,0,9.52,9.67,9.52,9.59,1874336,17946767.2,derived_ohlc4
HNX_PVS,PVS,2020-08-20 09:00:00,508,0,9.59,9.59,9.36,9.44,3420159,32474409.705,derived_ohlc4
HNX_PVS,PVS,2020-08-21 09:00:00,509,0,9.44,9.59,9.44,9.59,2070033,19696363.995,derived_ohlc4
HNX_PVS,PVS,2020-08-24 09:00:00,510,0,9.59,9.83,9.59,9.75,5530026,53585951.940000005,derived_ohlc4
HNX_PVS,PVS,2020-08-25 09:00:00,511,0,9.83,9.91,9.75,9.75,3786395,37144534.95,derived_ohlc4
HNX_PVS,PVS,2020-08-26 09:00:00,512,0,9.91,10.22,9.75,10.14,11330965,113366304.825,derived_ohlc4
HNX_PVS,PVS,2020-08-27 09:00:00,513,0,10.14,10.22,9.99,10.06,2787771,28163456.527500004,derived_ohlc4
HNX_PVS,PVS,2020-08-28 09:00:00,514,0,9.99,10.22,9.99,9.99,4236779,42569037.002500005,derived_ohlc4
HNX_PVS,PVS,2020-08-31 09:00:00,515,0,9.99,10.06,9.91,9.91,4109931,40965737.24250001,derived_ohlc4
HNX_PVS,PVS,2020-09-01 09:00:00,516,0,9.91,10.22,9.91,10.06,4740390,47522409.75,derived_ohlc4
HNX_PVS,PVS,2020-09-03 09:00:00,517,0,10.06,10.14,9.91,9.99,3841259,38508621.475,derived_ohlc4
HNX_PVS,PVS,2020-09-04 09:00:00,518,0,9.99,9.99,9.75,9.91,4092829,40559935.39,derived_ohlc4
HNX_PVS,PVS,2020-09-07 09:00:00,519,0,9.83,9.91,9.67,9.67,5850463,57159023.510000005,derived_ohlc4
HNX_PVS,PVS,2020-09-08 09:00:00,520,0,9.67,9.83,9.59,9.83,1755546,17081462.580000002,derived_ohlc4
HNX_PVS,PVS,2020-09-09 09:00:00,521,0,9.83,9.83,9.52,9.75,3395187,33043657.4775,derived_ohlc4
HNX_PVS,PVS,2020-09-10 09:00:00,522,0,9.83,9.83,9.67,9.75,1589252,15526992.04,derived_ohlc4
HNX_PVS,PVS,2020-09-11 09:00:00,523,0,9.67,9.83,9.67,9.67,1646636,15988835.56,derived_ohlc4
HNX_PVS,PVS,2020-09-14 09:00:00,524,0,9.67,9.91,9.67,9.75,4810138,46898845.5,derived_ohlc4
HNX_PVS,PVS,2020-09-15 09:00:00,525,0,9.83,9.91,9.75,9.83,2269757,22311711.31,derived_ohlc4
HNX_PVS,PVS,2020-09-16 09:00:00,526,0,9.83,10.3,9.83,10.14,9586611,96105775.275,derived_ohlc4
HNX_PVS,PVS,2020-09-17 09:00:00,527,0,10.3,10.3,9.99,10.06,4310189,43802295.712500006,derived_ohlc4
HNX_PVS,PVS,2020-09-18 09:00:00,528,0,10.14,10.14,9.99,10.14,2904182,29339498.655,derived_ohlc4
HNX_PVS,PVS,2020-09-21 09:00:00,529,0,10.14,10.38,10.06,10.14,9447196,96172455.28000002,derived_ohlc4
HNX_PVS,PVS,2020-09-22 09:00:00,530,0,10.14,10.69,10.06,10.62,15634392,162245902.98,derived_ohlc4
HNX_PVS,PVS,2020-09-23 09:00:00,531,0,10.38,10.93,10.38,10.69,9345339,99013866.70500001,derived_ohlc4
HNX_PVS,PVS,2020-09-24 09:00:00,532,0,10.69,10.77,10.54,10.62,5011253,53394900.714999996,derived_ohlc4
HNX_PVS,PVS,2020-09-25 09:00:00,533,0,10.14,10.69,10.14,10.69,8452587,88033693.60499999,derived_ohlc4
HNX_PVS,PVS,2020-09-28 09:00:00,534,0,10.69,10.93,10.62,10.93,7861777,84848228.2725,derived_ohlc4
HNX_PVS,PVS,2020-09-29 09:00:00,535,0,10.93,11.17,10.62,10.62,9827442,106480334.07,derived_ohlc4
HNX_PVS,PVS,2020-09-30 09:00:00,536,0,10.62,10.69,10.54,10.69,4957088,52718630.879999995,derived_ohlc4
HNX_PVS,PVS,2020-10-01 09:00:00,537,0,10.77,11.01,10.77,10.93,6035605,65607026.349999994,derived_ohlc4
HNX_PVS,PVS,2020-10-02 09:00:00,538,0,10.93,11.01,10.46,10.69,10940398,117855437.45499998,derived_ohlc4
HNX_PVS,PVS,2020-10-05 09:00:00,539,0,10.77,11.24,10.69,11.17,12173592,133513870.25999999,derived_ohlc4
HNX_PVS,PVS,2020-10-06 09:00:00,540,0,11.32,11.4,11.01,11.17,4834972,54272560.699999996,derived_ohlc4
HNX_PVS,PVS,2020-10-07 09:00:00,541,0,11.17,11.24,11.01,11.01,5332183,59227222.6725,derived_ohlc4
HNX_PVS,PVS,2020-10-08 09:00:00,542,0,11.01,11.32,11.01,11.17,9324954,103763425.63499999,derived_ohlc4
HNX_PVS,PVS,2020-10-09 09:00:00,543,0,11.24,11.32,11.09,11.17,3666039,41077966.995000005,derived_ohlc4
HNX_PVS,PVS,2020-10-12 09:00:00,544,0,11.32,11.32,10.77,10.77,9497356,104898297.01999998,derived_ohlc4
HNX_PVS,PVS,2020-10-13 09:00:00,545,0,10.77,10.85,10.62,10.77,4798419,51595000.29749999,derived_ohlc4
HNX_PVS,PVS,2020-10-14 09:00:00,546,0,10.77,10.93,10.69,10.77,3902767,42110855.93,derived_ohlc4
HNX_PVS,PVS,2020-10-15 09:00:00,547,0,10.77,11.09,10.77,10.85,6872099,74699716.13,derived_ohlc4
HNX_PVS,PVS,2020-10-16 09:00:00,548,0,10.85,11.09,10.77,10.93,5012545,54686865.949999996,derived_ohlc4
HNX_PVS,PVS,2020-10-19 09:00:00,549,0,10.93,11.09,10.85,10.93,2228223,24399041.849999998,derived_ohlc4
HNX_PVS,PVS,2020-10-20 09:00:00,550,0,11.01,11.32,10.93,11.17,8170643,90755417.1225,derived_ohlc4
HNX_PVS,PVS,2020-10-21 09:00:00,551,0,11.17,11.24,10.85,10.93,4022370,44437132.574999996,derived_ohlc4
HNX_PVS,PVS,2020-10-22 09:00:00,552,0,10.93,11.01,10.77,11.01,2792673,30523915.889999993,derived_ohlc4
HNX_PVS,PVS,2020-10-23 09:00:00,553,0,11.01,11.09,10.85,10.93,2893693,31743812.21,derived_ohlc4
HNX_PVS,PVS,2020-10-26 09:00:00,554,0,10.93,11.01,10.62,10.62,6799682,73402567.18999998,derived_ohlc4
HNX_PVS,PVS,2020-10-27 09:00:00,555,0,10.62,10.69,10.46,10.54,3970949,42002713.0475,derived_ohlc4
HNX_PVS,PVS,2020-10-28 09:00:00,556,0,10.46,10.54,10.22,10.3,3906771,40552282.98,derived_ohlc4
HNX_PVS,PVS,2020-10-29 09:00:00,557,0,10.22,10.3,10.06,10.22,3405267,34733723.400000006,derived_ohlc4
HNX_PVS,PVS,2020-10-30 09:00:00,558,0,10.22,10.3,10.06,10.22,4152621,42356734.2,derived_ohlc4
HNX_PVS,PVS,2020-11-02 09:00:00,559,0,10.22,10.38,10.06,10.38,1444878,14824448.280000003,derived_ohlc4
HNX_PVS,PVS,2020-11-03 09:00:00,560,0,10.3,10.54,10.3,10.54,1968879,20515719.18,derived_ohlc4
HNX_PVS,PVS,2020-11-04 09:00:00,561,0,10.62,10.85,10.46,10.69,4074467,43413445.885,derived_ohlc4
HNX_PVS,PVS,2020-11-05 09:00:00,562,0,10.69,10.77,10.46,10.62,1842341,19593296.535,derived_ohlc4
HNX_PVS,PVS,2020-11-06 09:00:00,563,0,10.62,10.62,10.46,10.62,1359058,14378833.64,derived_ohlc4
HNX_PVS,PVS,2020-11-09 09:00:00,564,0,10.62,10.85,10.54,10.77,5082664,54359091.480000004,derived_ohlc4
HNX_PVS,PVS,2020-11-10 09:00:00,565,0,10.93,11.4,10.93,11.24,15174667,168818170.375,derived_ohlc4
HNX_PVS,PVS,2020-11-11 09:00:00,566,0,11.17,11.8,11.17,11.8,13135173,150857461.905,derived_ohlc4
HNX_PVS,PVS,2020-11-12 09:00:00,567,0,11.8,11.95,11.64,11.72,6661870,78460173.925,derived_ohlc4
HNX_PVS,PVS,2020-11-13 09:00:00,568,0,11.64,11.87,11.48,11.87,10882444,127487831.45999998,derived_ohlc4
HNX_PVS,PVS,2020-11-16 09:00:00,569,0,11.87,12.03,11.64,11.64,10840889,127868285.755,derived_ohlc4
HNX_PVS,PVS,2020-11-17 09:00:00,570,0,11.72,12.27,11.64,12.27,10560810,126465699.75000001,derived_ohlc4
HNX_PVS,PVS,2020-11-18 09:00:00,571,0,12.27,12.42,12.19,12.34,7243831,89135340.455,derived_ohlc4
HNX_PVS,PVS,2020-11-19 09:00:00,572,0,12.27,12.58,12.19,12.34,9676527,119456725.81499998,derived_ohlc4
HNX_PVS,PVS,2020-11-20 09:00:00,573,0,12.6,12.85,12.34,12.43,5480275,68804852.625,derived_ohlc4
HNX_PVS,PVS,2020-11-23 09:00:00,574,0,12.43,12.6,12.18,12.43,5605224,69560829.84,derived_ohlc4
HNX_PVS,PVS,2020-11-24 09:00:00,575,0,12.51,12.76,12.26,12.51,11345057,141926663.07,derived_ohlc4
HNX_PVS,PVS,2020-11-25 09:00:00,576,0,12.43,13.1,12.43,12.76,9545568,121037802.24,derived_ohlc4
HNX_PVS,PVS,2020-11-26 09:00:00,577,0,12.85,12.93,12.6,12.68,3339523,42629011.095,derived_ohlc4
HNX_PVS,PVS,2020-11-27 09:00:00,578,0,12.68,12.68,12.43,12.6,4405415,55497215.4625,derived_ohlc4
HNX_PVS,PVS,2020-11-30 09:00:00,579,0,12.68,12.68,12.34,12.34,7240755,90581845.05000001,derived_ohlc4
HNX_PVS,PVS,2020-12-01 09:00:00,580,0,12.34,12.6,11.92,12.51,9029393,111445283.10249999,derived_ohlc4
HNX_PVS,PVS,2020-12-02 09:00:00,581,0,12.51,12.51,12.26,12.34,6918508,85824091.74000001,derived_ohlc4
HNX_PVS,PVS,2020-12-03 09:00:00,582,0,12.43,13.1,12.34,12.93,13027417,165448195.9,derived_ohlc4
HNX_PVS,PVS,2020-12-04 09:00:00,583,0,13.02,13.27,12.93,12.93,5861082,76413856.575,derived_ohlc4
HNX_PVS,PVS,2020-12-07 09:00:00,584,0,13.02,13.1,12.85,13.02,4992730,64893008.175,derived_ohlc4
HNX_PVS,PVS,2020-12-08 09:00:00,585,0,13.02,13.02,12.76,12.85,6857569,88548359.71249999,derived_ohlc4
HNX_PVS,PVS,2020-12-09 09:00:00,586,0,12.85,13.1,12.76,12.93,5594241,72221651.31,derived_ohlc4
HNX_PVS,PVS,2020-12-10 09:00:00,587,0,13.02,13.1,12.51,12.6,7872403,100825801.4225,derived_ohlc4
HNX_PVS,PVS,2020-12-11 09:00:00,588,0,12.68,12.93,12.6,12.93,6223898,79572535.93,derived_ohlc4
HNX_PVS,PVS,2020-12-14 09:00:00,589,0,12.93,13.44,12.93,13.35,11802454,155349800.775,derived_ohlc4
HNX_PVS,PVS,2020-12-15 09:00:00,590,0,13.35,13.35,13.02,13.18,6774083,89587247.675,derived_ohlc4
HNX_PVS,PVS,2020-12-16 09:00:00,591,0,13.1,13.69,13.1,13.44,9577350,127690018.875,derived_ohlc4
HNX_PVS,PVS,2020-12-17 09:00:00,592,0,13.44,13.6,13.18,13.44,11706694,157045300.01,derived_ohlc4
HNX_PVS,PVS,2020-12-18 09:00:00,593,0,13.44,13.69,13.44,13.52,5274440,71323614.9,derived_ohlc4
HNX_PVS,PVS,2020-12-21 09:00:00,594,0,13.52,13.94,13.35,13.77,11744166,160249145.07,derived_ohlc4
HNX_PVS,PVS,2020-12-22 09:00:00,595,0,13.77,13.86,13.52,13.69,8040691,110237873.61,derived_ohlc4
HNX_PVS,PVS,2020-12-23 09:00:00,596,0,13.6,13.86,13.44,13.52,8946278,121714112.19,derived_ohlc4
HNX_PVS,PVS,2020-12-24 09:00:00,597,0,13.52,13.77,12.85,13.44,11202294,150054728.13,derived_ohlc4
HNX_PVS,PVS,2020-12-25 09:00:00,598,0,13.44,13.69,13.35,13.6,5511034,74509179.67999999,derived_ohlc4
HNX_PVS,PVS,2020-12-28 09:00:00,599,0,13.6,14.95,13.6,14.95,21389215,305331044.12499994,derived_ohlc4
HNX_PVS,PVS,2020-12-29 09:00:00,600,0,14.95,15.45,14.86,14.95,11608043,174730067.2575,derived_ohlc4
HNX_PVS,PVS,2020-12-30 09:00:00,601,0,14.86,15.12,14.7,14.86,8992998,133860775.22999999,derived_ohlc4
HNX_PVS,PVS,2020-12-31 09:00:00,602,0,14.78,15.12,14.53,14.95,11403905,169290969.725,derived_ohlc4
HNX_PVS,PVS,2021-01-04 09:00:00,603,0,14.95,16.04,14.95,15.79,14073416,217187992.42,derived_ohlc4
HNX_PVS,PVS,2021-01-05 09:00:00,604,0,15.7,15.87,15.45,15.7,10004800,156875264.0,derived_ohlc4
HNX_PVS,PVS,2021-01-06 09:00:00,605,0,15.87,16.38,15.62,16.04,12663162,202325670.855,derived_ohlc4
HNX_PVS,PVS,2021-01-07 09:00:00,606,0,16.12,16.96,15.7,16.88,13315270,218570157.04999998,derived_ohlc4
HNX_PVS,PVS,2021-01-08 09:00:00,607,0,16.88,17.64,16.63,17.22,11014376,188263221.77999997,derived_ohlc4
HNX_PVS,PVS,2021-01-11 09:00:00,608,0,17.38,18.14,17.38,17.64,10435634,184032405.58999997,derived_ohlc4
HNX_PVS,PVS,2021-01-12 09:00:00,609,0,17.8,17.89,17.05,17.55,11628598,204343538.355,derived_ohlc4
HNX_PVS,PVS,2021-01-13 09:00:00,610,0,17.72,18.14,17.05,17.22,15483026,271456153.34499997,derived_ohlc4
HNX_PVS,PVS,2021-01-14 09:00:00,611,0,17.22,17.55,17.05,17.47,7624439,132074344.57749999,derived_ohlc4
HNX_PVS,PVS,2021-01-15 09:00:00,612,0,17.55,18.31,17.47,18.14,13936077,249002855.79749998,derived_ohlc4
HNX_PVS,PVS,2021-01-18 09:00:00,613,0,18.14,18.31,17.47,17.55,12172928,217499791.04,derived_ohlc4
HNX_PVS,PVS,2021-01-19 09:00:00,614,0,17.55,17.72,15.87,15.87,17011828,284990648.56999993,derived_ohlc4
HNX_PVS,PVS,2021-01-20 09:00:00,615,0,15.96,16.71,14.86,16.54,14178148,227098485.58999997,derived_ohlc4
HNX_PVS,PVS,2021-01-21 09:00:00,616,0,16.63,17.22,16.46,17.05,8361484,140807390.56,derived_ohlc4
HNX_PVS,PVS,2021-01-22 09:00:00,617,0,17.13,17.22,16.54,16.71,8492497,143523199.29999998,derived_ohlc4
HNX_PVS,PVS,2021-01-25 09:00:00,618,0,16.71,16.96,16.38,16.54,8044390,133918982.525,derived_ohlc4
HNX_PVS,PVS,2021-01-26 09:00:00,619,0,16.54,16.71,15.28,15.62,11150538,178826753.175,derived_ohlc4
HNX_PVS,PVS,2021-01-27 09:00:00,620,0,16.04,16.04,14.28,14.28,9845699,149260796.84,derived_ohlc4
HNX_PVS,PVS,2021-01-28 09:00:00,621,0,13.44,14.19,12.85,12.85,16715936,222865216.72,derived_ohlc4
HNX_PVS,PVS,2021-01-29 09:00:00,622,0,11.59,14.11,11.59,13.94,10095164,129293812.92999999,derived_ohlc4
HNX_PVS,PVS,2021-02-01 09:00:00,623,0,13.94,14.02,12.85,13.1,5606975,75568005.5625,derived_ohlc4
HNX_PVS,PVS,2021-02-02 09:00:00,624,0,12.93,13.86,12.93,13.77,11309146,151231554.885,derived_ohlc4
HNX_PVS,PVS,2021-02-03 09:00:00,625,0,13.94,15.12,13.86,15.12,11743913,170404177.63,derived_ohlc4
HNX_PVS,PVS,2021-02-04 09:00:00,626,0,15.45,15.87,15.28,15.37,7817370,121110604.725,derived_ohlc4
HNX_PVS,PVS,2021-02-05 09:00:00,627,0,15.37,15.96,15.37,15.45,6002652,93266205.44999999,derived_ohlc4
HNX_PVS,PVS,2021-02-08 09:00:00,628,0,15.45,16.21,14.86,15.28,15192147,234718671.14999998,derived_ohlc4
HNX_PVS,PVS,2021-02-09 09:00:00,629,0,15.28,15.87,15.28,15.79,7245096,112697468.28,derived_ohlc4
HNX_PVS,PVS,2021-02-17 09:00:00,630,0,16.8,17.3,16.04,17.3,11245517,189599416.62,derived_ohlc4
HNX_PVS,PVS,2021-02-18 09:00:00,631,0,17.64,18.98,17.64,18.31,26445826,479793398.20500004,derived_ohlc4
HNX_PVS,PVS,2021-02-19 09:00:00,632,0,18.31,18.56,17.47,17.72,14955084,269415838.26,derived_ohlc4
HNX_PVS,PVS,2021-02-22 09:00:00,633,0,17.72,18.31,17.64,18.22,14764452,265354113.57,derived_ohlc4
HNX_PVS,PVS,2021-02-23 09:00:00,634,0,18.56,19.9,18.56,18.98,15550482,295459158.0,derived_ohlc4
HNX_PVS,PVS,2021-02-24 09:00:00,635,0,18.98,18.98,18.06,18.31,15196191,282383219.2575,derived_ohlc4
HNX_PVS,PVS,2021-02-25 09:00:00,636,0,18.56,19.23,18.48,18.9,13606954,255708683.04499996,derived_ohlc4
HNX_PVS,PVS,2021-02-26 09:00:00,637,0,18.9,18.98,18.31,18.9,11906672,223518000.12,derived_ohlc4
HNX_PVS,PVS,2021-03-01 09:00:00,638,0,19.32,19.57,18.64,19.57,16244327,313109402.92499995,derived_ohlc4
HNX_PVS,PVS,2021-03-02 09:00:00,639,0,19.65,19.65,19.06,19.15,16638325,322409142.68749994,derived_ohlc4
HNX_PVS,PVS,2021-03-03 09:00:00,640,0,19.06,19.23,18.81,19.06,8072035,153691546.4,derived_ohlc4
HNX_PVS,PVS,2021-03-04 09:00:00,641,0,19.32,20.91,18.56,20.66,27043516,537151836.5500001,derived_ohlc4
HNX_PVS,PVS,2021-03-05 09:00:00,642,0,20.66,21.42,20.66,20.91,17918237,374715131.2625,derived_ohlc4
HNX_PVS,PVS,2021-03-08 09:00:00,643,0,20.91,22.26,20.91,21.16,14037385,299136674.34999996,derived_ohlc4
HNX_PVS,PVS,2021-03-09 09:00:00,644,0,21.0,21.0,19.99,20.16,18716687,384393959.2625,derived_ohlc4
HNX_PVS,PVS,2021-03-10 09:00:00,645,0,20.24,20.32,19.65,19.99,15100416,302763340.8,derived_ohlc4
HNX_PVS,PVS,2021-03-11 09:00:00,646,0,20.16,20.58,20.16,20.49,7449530,151579311.67499998,derived_ohlc4
HNX_PVS,PVS,2021-03-12 09:00:00,647,0,20.66,21.0,20.24,20.32,8285936,170317414.48,derived_ohlc4
HNX_PVS,PVS,2021-03-15 09:00:00,648,0,20.41,20.58,20.16,20.24,8582002,174622285.69499996,derived_ohlc4
HNX_PVS,PVS,2021-03-16 09:00:00,649,0,20.07,20.24,19.74,19.9,11348987,226837877.66249996,derived_ohlc4
HNX_PVS,PVS,2021-03-17 09:00:00,650,0,20.24,20.66,19.74,20.66,13154644,267368139.29999998,derived_ohlc4
HNX_PVS,PVS,2021-03-18 09:00:00,651,0,20.66,20.83,20.24,20.32,7545411,154775243.13749996,derived_ohlc4
HNX_PVS,PVS,2021-03-19 09:00:00,652,0,19.74,20.16,19.15,20.07,17883263,353730942.14000005,derived_ohlc4
HNX_PVS,PVS,2021-03-22 09:00:00,653,0,20.16,20.41,19.9,19.99,7309381,147028198.815,derived_ohlc4
HNX_PVS,PVS,2021-03-23 09:00:00,654,0,19.99,19.99,19.48,19.65,8138959,160968261.62249997,derived_ohlc4
HNX_PVS,PVS,2021-03-24 09:00:00,655,0,19.32,19.32,18.22,19.06,19520938,370507403.24,derived_ohlc4
HNX_PVS,PVS,2021-03-25 09:00:00,656,0,19.06,19.48,18.64,18.64,6937469,131499724.89499998,derived_ohlc4
HNX_PVS,PVS,2021-03-26 09:00:00,657,0,18.64,19.32,17.3,19.06,12040829,223718602.82000002,derived_ohlc4
HNX_PVS,PVS,2021-03-29 09:00:00,658,0,19.23,19.57,18.73,18.9,6923881,132298056.20750001,derived_ohlc4
HNX_PVS,PVS,2021-03-30 09:00:00,659,0,19.06,19.48,18.81,19.15,7637587,146068851.375,derived_ohlc4
HNX_PVS,PVS,2021-03-31 09:00:00,660,0,19.15,19.48,18.9,19.32,8535295,163984355.1875,derived_ohlc4
HNX_PVS,PVS,2021-04-01 09:00:00,661,0,19.32,19.99,19.23,19.9,11873114,232831765.54,derived_ohlc4
HNX_PVS,PVS,2021-04-02 09:00:00,662,0,20.07,20.41,19.74,19.82,7871897,157516658.97,derived_ohlc4
HNX_PVS,PVS,2021-04-05 09:00:00,663,0,19.82,19.9,19.48,19.65,7394274,145759626.225,derived_ohlc4
HNX_PVS,PVS,2021-04-06 09:00:00,664,0,19.57,20.41,19.15,20.41,14548303,289293005.15500003,derived_ohlc4
HNX_PVS,PVS,2021-04-07 09:00:00,665,0,20.58,20.66,19.99,20.16,13880820,282439984.9499999,derived_ohlc4
HNX_PVS,PVS,2021-04-08 09:00:00,666,0,20.16,20.66,19.82,20.16,12041386,243235997.2,derived_ohlc4
HNX_PVS,PVS,2021-04-09 09:00:00,667,0,20.16,20.58,19.9,19.99,13301632,268127647.04,derived_ohlc4
HNX_PVS,PVS,2021-04-12 09:00:00,668,0,19.99,20.16,19.65,19.82,9677768,192635972.04000002,derived_ohlc4
HNX_PVS,PVS,2021-04-13 09:00:00,669,0,20.07,20.16,19.32,19.4,11334195,223708673.8125,derived_ohlc4
HNX_PVS,PVS,2021-04-14 09:00:00,670,0,19.4,19.99,19.06,19.82,8509933,166518113.97750002,derived_ohlc4
HNX_PVS,PVS,2021-04-15 09:00:00,671,0,20.07,20.58,19.74,19.82,10521548,210983341.27,derived_ohlc4
HNX_PVS,PVS,2021-04-16 09:00:00,672,0,19.82,19.99,19.15,19.65,8542601,167883466.1525,derived_ohlc4
HNX_PVS,PVS,2021-04-19 09:00:00,673,0,19.65,19.65,19.15,19.57,4607252,89864450.25999999,derived_ohlc4
HNX_PVS,PVS,2021-04-20 09:00:00,674,0,19.57,20.07,19.48,19.48,8546352,167935816.8,derived_ohlc4
HNX_PVS,PVS,2021-04-22 09:00:00,675,0,19.57,19.57,17.55,17.55,15592276,289392642.56,derived_ohlc4
HNX_PVS,PVS,2021-04-23 09:00:00,676,0,17.55,17.97,17.13,17.8,9088772,160075996.84999996,derived_ohlc4
HNX_PVS,PVS,2021-04-26 09:00:00,677,0,17.8,18.06,16.29,16.29,11422883,195445528.13,derived_ohlc4
HNX_PVS,PVS,2021-04-27 09:00:00,678,0,16.46,16.8,15.96,16.29,4922330,80615459.575,derived_ohlc4
HNX_PVS,PVS,2021-04-28 09:00:00,679,0,16.38,17.05,16.29,16.71,4629604,76886148.43,derived_ohlc4
HNX_PVS,PVS,2021-04-29 09:00:00,680,0,16.88,17.22,16.8,16.88,3530214,59819476.22999999,derived_ohlc4
HNX_PVS,PVS,2021-05-04 09:00:00,681,0,16.8,16.88,16.04,16.54,5574598,92343215.86999999,derived_ohlc4
HNX_PVS,PVS,2021-05-05 09:00:00,682,0,16.71,18.14,16.71,18.14,11566925,201553668.125,derived_ohlc4
HNX_PVS,PVS,2021-05-06 09:00:00,683,0,18.48,18.48,17.72,17.72,6938085,125579338.50000001,derived_ohlc4
HNX_PVS,PVS,2021-05-07 09:00:00,684,0,17.72,17.97,17.22,17.3,6287726,110365310.615,derived_ohlc4
HNX_PVS,PVS,2021-05-10 09:00:00,685,0,17.3,17.89,17.22,17.8,7689884,134976688.91,derived_ohlc4
HNX_PVS,PVS,2021-05-11 09:00:00,686,0,17.8,18.73,17.64,18.06,9172310,165628987.82500002,derived_ohlc4
HNX_PVS,PVS,2021-05-12 09:00:00,687,0,18.06,19.06,17.89,18.64,8192631,150846818.28750002,derived_ohlc4
HNX_PVS,PVS,2021-05-13 09:00:00,688,0,18.64,19.06,18.22,18.22,7802931,144627326.085,derived_ohlc4
HNX_PVS,PVS,2021-05-14 09:00:00,689,0,18.14,18.22,17.8,18.06,6523090,117774389.95,derived_ohlc4
HNX_PVS,PVS,2021-05-17 09:00:00,690,0,18.48,18.48,17.64,17.64,6409389,115753565.34000002,derived_ohlc4
HNX_PVS,PVS,2021-05-18 09:00:00,691,0,17.72,18.31,17.55,18.31,7516263,135086036.7675,derived_ohlc4
HNX_PVS,PVS,2021-05-19 09:00:00,692,0,18.14,18.31,17.8,17.89,3786853,68295893.855,derived_ohlc4
HNX_PVS,PVS,2021-05-20 09:00:00,693,0,17.72,17.72,17.13,17.47,7788521,136377002.70999998,derived_ohlc4
HNX_PVS,PVS,2021-05-21 09:00:00,694,0,17.3,18.22,16.88,17.72,9514258,166784942.73999998,derived_ohlc4
HNX_PVS,PVS,2021-05-24 09:00:00,695,0,17.97,18.81,17.8,18.39,9474112,172831488.16,derived_ohlc4
HNX_PVS,PVS,2021-05-25 09:00:00,696,0,18.48,19.48,18.48,19.06,15843455,299045213.125,derived_ohlc4
HNX_PVS,PVS,2021-05-26 09:00:00,697,0,19.06,19.06,18.73,18.98,7730228,146545797.31,derived_ohlc4
HNX_PVS,PVS,2021-05-27 09:00:00,698,0,18.9,19.15,18.22,18.48,10864148,203023765.75,derived_ohlc4
HNX_PVS,PVS,2021-05-28 09:00:00,699,0,18.73,19.99,18.64,19.74,24881780,479596309.49999994,derived_ohlc4
HNX_PVS,PVS,2021-05-31 09:00:00,700,0,19.82,21.67,19.57,21.67,25885879,535384692.4175,derived_ohlc4
HNX_PVS,PVS,2021-06-01 09:00:00,701,0,21.67,22.93,21.67,22.17,20841133,460797450.63000005,derived_ohlc4
HNX_PVS,PVS,2021-06-02 09:00:00,702,0,22.34,23.35,22.17,23.01,21471661,487782458.76750004,derived_ohlc4
HNX_PVS,PVS,2021-06-03 09:00:00,703,0,23.01,23.52,22.42,22.68,21996746,503890458.995,derived_ohlc4
HNX_PVS,PVS,2021-06-04 09:00:00,704,0,22.68,24.94,22.34,24.94,24578114,583115754.65,derived_ohlc4
HNX_PVS,PVS,2021-06-07 09:00:00,705,0,24.94,26.29,24.36,25.2,24365157,613941043.5075,derived_ohlc4
HNX_PVS,PVS,2021-06-08 09:00:00,706,0,26.45,26.45,22.68,22.68,31261749,767944864.185,derived_ohlc4
HNX_PVS,PVS,2021-06-09 09:00:00,707,0,22.68,24.27,22.68,23.85,20035828,468237300.35999995,derived_ohlc4
HNX_PVS,PVS,2021-06-10 09:00:00,708,0,23.94,23.94,22.09,22.59,15719207,363742449.98,derived_ohlc4
HNX_PVS,PVS,2021-06-11 09:00:00,709,0,22.68,24.19,22.59,23.68,16328335,380205280.4750001,derived_ohlc4
HNX_PVS,PVS,2021-06-14 09:00:00,710,0,24.19,25.03,23.94,24.61,16575872,405155751.35999995,derived_ohlc4
HNX_PVS,PVS,2021-06-15 09:00:00,711,0,24.61,24.86,24.02,24.1,14886560,363194847.6,derived_ohlc4
HNX_PVS,PVS,2021-06-16 09:00:00,712,0,24.52,25.87,24.27,24.61,21206993,526304548.7775,derived_ohlc4
HNX_PVS,PVS,2021-06-17 09:00:00,713,0,24.36,25.62,23.94,25.2,16281221,403448656.38,derived_ohlc4
HNX_PVS,PVS,2021-06-18 09:00:00,714,0,24.52,25.28,24.36,25.11,12375360,307125496.8,derived_ohlc4
HNX_PVS,PVS,2021-06-21 09:00:00,715,0,25.2,26.12,25.11,25.53,12480245,318121445.05,derived_ohlc4
HNX_PVS,PVS,2021-06-22 09:00:00,716,0,25.7,26.71,25.62,25.62,13581252,351924192.45000005,derived_ohlc4
HNX_PVS,PVS,2021-06-23 09:00:00,717,0,25.62,25.87,24.69,25.11,14506362,367337351.745,derived_ohlc4
HNX_PVS,PVS,2021-06-24 09:00:00,718,0,25.2,25.45,24.69,24.78,8414756,210621342.68,derived_ohlc4
HNX_PVS,PVS,2021-06-25 09:00:00,719,0,24.78,25.53,24.61,25.45,10204585,256058549.1125,derived_ohlc4
HNX_PVS,PVS,2021-06-28 09:00:00,720,0,25.7,26.12,25.45,25.62,10126979,260491217.32750002,derived_ohlc4
HNX_PVS,PVS,2021-06-29 09:00:00,721,0,25.45,25.53,24.78,25.03,12781870,322071169.32500005,derived_ohlc4
HNX_PVS,PVS,2021-06-30 09:00:00,722,0,25.2,25.28,24.19,24.19,11697058,289092788.46999997,derived_ohlc4
HNX_PVS,PVS,2021-07-01 09:00:00,723,0,24.36,24.36,22.76,23.77,22790257,542692994.8125,derived_ohlc4
HNX_PVS,PVS,2021-07-02 09:00:00,724,0,23.94,24.61,23.6,23.6,9789516,234336539.25,derived_ohlc4
HNX_PVS,PVS,2021-07-05 09:00:00,725,0,23.68,23.85,22.42,22.68,15180328,351538445.65999997,derived_ohlc4
HNX_PVS,PVS,2021-07-06 09:00:00,726,0,22.93,23.52,21.0,21.0,16361724,361798621.95,derived_ohlc4
HNX_PVS,PVS,2021-07-07 09:00:00,727,0,21.0,21.25,20.16,20.91,12446763,259266073.29,derived_ohlc4
HNX_PVS,PVS,2021-07-08 09:00:00,728,0,20.83,21.33,20.49,20.83,7802609,162840449.82999998,derived_ohlc4
HNX_PVS,PVS,2021-07-09 09:00:00,729,0,20.49,21.08,19.32,19.65,14302089,287972562.015,derived_ohlc4
HNX_PVS,PVS,2021-07-12 09:00:00,730,0,19.65,20.49,19.06,20.41,18138448,361000461.32,derived_ohlc4
HNX_PVS,PVS,2021-07-13 09:00:00,731,0,20.58,21.58,20.41,21.58,10295559,216592822.46249998,derived_ohlc4
HNX_PVS,PVS,2021-07-14 09:00:00,732,0,21.58,21.92,20.83,21.25,10852889,232197560.155,derived_ohlc4
HNX_PVS,PVS,2021-07-15 09:00:00,733,0,21.25,21.58,20.58,21.25,10553435,223363451.77499998,derived_ohlc4
HNX_PVS,PVS,2021-07-16 09:00:00,734,0,21.25,21.58,20.83,20.83,7930500,167511986.25,derived_ohlc4
HNX_PVS,PVS,2021-07-19 09:00:00,735,0,20.74,20.74,18.9,18.9,16472447,326483899.54,derived_ohlc4
HNX_PVS,PVS,2021-07-20 09:00:00,736,0,18.39,19.23,17.64,19.15,12897242,239920944.30499998,derived_ohlc4
HNX_PVS,PVS,2021-07-21 09:00:00,737,0,19.32,19.57,19.06,19.06,5709241,109917162.3525,derived_ohlc4
HNX_PVS,PVS,2021-07-22 09:00:00,738,0,19.32,20.41,19.32,20.16,10898791,215823308.77750003,derived_ohlc4
HNX_PVS,PVS,2021-07-23 09:00:00,739,0,20.24,20.41,19.48,19.48,9841878,195877976.895,derived_ohlc4
HNX_PVS,PVS,2021-07-26 09:00:00,740,0,19.32,19.99,19.15,19.82,6278846,122877016.22,derived_ohlc4
HNX_PVS,PVS,2021-07-27 09:00:00,741,0,19.9,20.83,19.82,20.41,10606303,214671572.71999997,derived_ohlc4
HNX_PVS,PVS,2021-07-28 09:00:00,742,0,20.41,20.74,20.16,20.24,5296388,107980110.35,derived_ohlc4
HNX_PVS,PVS,2021-07-29 09:00:00,743,0,20.24,21.0,20.16,21.0,9141141,188307504.6,derived_ohlc4
HNX_PVS,PVS,2021-07-30 09:00:00,744,0,21.08,21.33,20.74,20.83,7733837,162371907.81499997,derived_ohlc4
HNX_PVS,PVS,2021-08-02 09:00:00,745,0,21.0,21.33,20.58,20.91,8303756,174005206.98,derived_ohlc4
HNX_PVS,PVS,2021-08-03 09:00:00,746,0,20.83,20.91,20.32,20.91,11260601,233573016.2425,derived_ohlc4
HNX_PVS,PVS,2021-08-04 09:00:00,747,0,20.74,21.67,20.74,21.33,13567997,286556096.64,derived_ohlc4
HNX_PVS,PVS,2021-08-05 09:00:00,748,0,21.08,21.42,20.91,21.33,9041629,191546910.36499998,derived_ohlc4
HNX_PVS,PVS,2021-08-06 09:00:00,749,0,21.33,21.92,21.25,21.25,12263902,262907399.125,derived_ohlc4
HNX_PVS,PVS,2021-08-09 09:00:00,750,0,21.08,21.5,20.83,21.25,12113388,256379857.01999998,derived_ohlc4
HNX_PVS,PVS,2021-08-10 09:00:00,751,0,21.25,22.84,21.08,22.84,23151297,509386412.2425,derived_ohlc4
HNX_PVS,PVS,2021-08-11 09:00:00,752,0,22.93,23.26,22.34,22.42,12306273,279813882.33750004,derived_ohlc4
HNX_PVS,PVS,2021-08-12 09:00:00,753,0,22.68,22.76,22.26,22.26,9964539,224102482.11,derived_ohlc4
HNX_PVS,PVS,2021-08-13 09:00:00,754,0,22.26,22.26,21.16,22.0,19061054,417818303.68,derived_ohlc4
HNX_PVS,PVS,2021-08-16 09:00:00,755,0,22.0,22.51,21.75,21.92,10327363,227666717.335,derived_ohlc4
HNX_PVS,PVS,2021-08-17 09:00:00,756,0,21.84,22.68,21.84,22.51,14576957,323863542.14750004,derived_ohlc4
HNX_PVS,PVS,2021-08-18 09:00:00,757,0,22.42,23.35,22.26,22.93,18095830,411499174.20000005,derived_ohlc4
HNX_PVS,PVS,2021-08-19 09:00:00,758,0,22.93,22.93,22.51,22.51,10049385,228322027.20000002,derived_ohlc4
HNX_PVS,PVS,2021-08-20 09:00:00,759,0,22.51,22.68,20.49,21.0,15844484,343349968.28,derived_ohlc4
HNX_PVS,PVS,2021-08-23 09:00:00,760,0,21.0,21.08,19.74,19.74,17469677,356206714.03,derived_ohlc4
HNX_PVS,PVS,2021-08-24 09:00:00,761,0,20.16,20.58,19.9,20.24,7224331,146075972.82,derived_ohlc4
HNX_PVS,PVS,2021-08-25 09:00:00,762,0,20.58,20.83,20.24,20.83,5455713,112496802.05999999,derived_ohlc4
HNX_PVS,PVS,2021-08-26 09:00:00,763,0,20.74,20.91,20.24,20.32,5553607,114140507.8675,derived_ohlc4
HNX_PVS,PVS,2021-08-27 09:00:00,764,0,20.32,20.74,19.82,20.74,7825847,159686408.035,derived_ohlc4
HNX_PVS,PVS,2021-08-30 09:00:00,765,0,20.83,21.42,20.83,21.16,6347931,133687426.85999998,derived_ohlc4
HNX_PVS,PVS,2021-08-31 09:00:00,766,0,21.16,22.17,21.08,21.75,14033680,302285467.2,derived_ohlc4
HNX_PVS,PVS,2021-09-01 09:00:00,767,0,21.75,22.17,21.33,21.92,8917696,194338890.08,derived_ohlc4
HNX_PVS,PVS,2021-09-06 09:00:00,768,0,22.17,22.84,21.92,22.34,11022829,246001986.20750004,derived_ohlc4
HNX_PVS,PVS,2021-09-07 09:00:00,769,0,22.51,22.51,21.42,21.5,9470536,208209733.96,derived_ohlc4
HNX_PVS,PVS,2021-09-08 09:00:00,770,0,21.33,21.75,21.0,21.16,7377545,157215483.95,derived_ohlc4
HNX_PVS,PVS,2021-09-09 09:00:00,771,0,21.25,21.84,21.16,21.84,4577402,98517134.545,derived_ohlc4
HNX_PVS,PVS,2021-09-10 09:00:00,772,0,21.84,21.92,21.33,21.42,5359653,115915895.25750001,derived_ohlc4
HNX_PVS,PVS,2021-09-13 09:00:00,773,0,21.67,22.84,21.58,22.59,18484033,409791011.61,derived_ohlc4
HNX_PVS,PVS,2021-09-14 09:00:00,774,0,22.59,23.01,22.34,22.42,7671628,173302076.52,derived_ohlc4
HNX_PVS,PVS,2021-09-15 09:00:00,775,0,22.51,24.19,22.26,23.85,19652309,455982699.5725,derived_ohlc4
HNX_PVS,PVS,2021-09-16 09:00:00,776,0,24.02,24.44,23.43,23.68,9488037,226692924.02249998,derived_ohlc4
HNX_PVS,PVS,2021-09-17 09:00:00,777,0,23.94,24.19,23.6,23.68,10549836,251639963.19,derived_ohlc4
HNX_PVS,PVS,2021-09-20 09:00:00,778,0,23.68,24.19,22.51,22.68,18944514,440744118.21000004,derived_ohlc4
HNX_PVS,PVS,2021-09-21 09:00:00,779,0,22.59,23.68,22.09,23.6,14768723,339532941.77000004,derived_ohlc4
HNX_PVS,PVS,2021-09-22 09:00:00,780,0,23.52,23.85,23.26,23.68,5795004,136631706.81,derived_ohlc4
HNX_PVS,PVS,2021-09-23 09:00:00,781,0,23.85,24.27,23.35,23.35,11482279,272187423.695,derived_ohlc4
HNX_PVS,PVS,2021-09-24 09:00:00,782,0,23.52,23.85,23.01,23.18,8713248,203802870.72,derived_ohlc4
HNX_PVS,PVS,2021-09-27 09:00:00,783,0,23.7,24.31,22.83,22.83,9410000,220358675.0,derived_ohlc4
HNX_PVS,PVS,2021-09-28 09:00:00,784,0,22.83,24.84,22.83,24.66,15966472,379842368.88,derived_ohlc4
HNX_PVS,PVS,2021-09-29 09:00:00,785,0,24.75,24.92,23.96,24.31,11237585,275152268.72499996,derived_ohlc4
HNX_PVS,PVS,2021-09-30 09:00:00,786,0,24.31,25.1,24.05,24.66,9932789,243651314.17,derived_ohlc4
HNX_PVS,PVS,2021-10-01 09:00:00,787,0,24.49,25.53,24.22,25.01,15574026,386430520.125,derived_ohlc4
HNX_PVS,PVS,2021-10-04 09:00:00,788,0,25.01,25.97,24.4,24.4,14587878,363894616.71,derived_ohlc4
HNX_PVS,PVS,2021-10-05 09:00:00,789,0,24.92,25.18,24.57,25.01,9918421,247167051.32000002,derived_ohlc4
HNX_PVS,PVS,2021-10-06 09:00:00,790,0,25.18,25.71,24.92,25.1,7727379,194942453.7225,derived_ohlc4
HNX_PVS,PVS,2021-10-07 09:00:00,791,0,24.92,25.1,24.57,24.75,10238722,254278660.87,derived_ohlc4
HNX_PVS,PVS,2021-10-08 09:00:00,792,0,25.27,25.27,24.57,24.75,6152809,153604876.685,derived_ohlc4
HNX_PVS,PVS,2021-10-11 09:00:00,793,0,24.75,25.44,24.75,24.84,8580340,214036581.3,derived_ohlc4
HNX_PVS,PVS,2021-10-12 09:00:00,794,0,24.92,25.88,24.84,25.44,13811125,349007128.75,derived_ohlc4
HNX_PVS,PVS,2021-10-13 09:00:00,795,0,25.44,25.62,25.1,25.1,5669669,143527670.73499998,derived_ohlc4
HNX_PVS,PVS,2021-10-14 09:00:00,796,0,25.01,25.53,24.92,25.01,7882280,197983167.90000004,derived_ohlc4
HNX_PVS,PVS,2021-10-15 09:00:00,797,0,25.27,25.44,24.66,25.01,9802561,245995268.29500002,derived_ohlc4
HNX_PVS,PVS,2021-10-18 09:00:00,798,0,25.1,26.4,25.1,25.71,16869879,431489330.1225,derived_ohlc4
HNX_PVS,PVS,2021-10-19 09:00:00,799,0,25.88,25.88,25.36,25.44,4596779,117861413.56,derived_ohlc4
HNX_PVS,PVS,2021-10-20 09:00:00,800,0,25.53,25.79,24.49,25.1,7032443,177410955.7825,derived_ohlc4
HNX_PVS,PVS,2021-10-21 09:00:00,801,0,25.27,25.44,24.57,24.84,8901732,222810351.96,derived_ohlc4
HNX_PVS,PVS,2021-10-22 09:00:00,802,0,24.84,25.27,24.57,24.92,7482685,186318856.50000003,derived_ohlc4
HNX_PVS,PVS,2021-10-25 09:00:00,803,0,25.1,25.88,25.1,25.27,7758645,196584667.68750003,derived_ohlc4
HNX_PVS,PVS,2021-10-26 09:00:00,804,0,25.36,25.44,24.84,25.01,5431652,136673943.45000002,derived_ohlc4
HNX_PVS,PVS,2021-10-27 09:00:00,805,0,25.18,26.75,25.1,26.58,17368772,449894616.73,derived_ohlc4
HNX_PVS,PVS,2021-10-28 09:00:00,806,0,26.58,26.84,25.97,26.23,10598914,279864324.17,derived_ohlc4
HNX_PVS,PVS,2021-10-29 09:00:00,807,0,25.97,26.84,25.79,26.4,8213111,215594163.75,derived_ohlc4
HNX_PVS,PVS,2021-11-01 09:00:00,808,0,26.4,26.66,25.44,25.62,11611504,302247449.12,derived_ohlc4
HNX_PVS,PVS,2021-11-02 09:00:00,809,0,25.62,26.58,25.44,26.4,12702090,330381360.9,derived_ohlc4
HNX_PVS,PVS,2021-11-03 09:00:00,810,0,26.32,26.66,25.44,25.44,9686509,251510206.185,derived_ohlc4
HNX_PVS,PVS,2021-11-04 09:00:00,811,0,25.53,25.53,24.84,24.84,11541558,290674138.23,derived_ohlc4
HNX_PVS,PVS,2021-11-05 09:00:00,812,0,24.84,25.71,24.4,24.92,9499622,237181812.28499997,derived_ohlc4
HNX_PVS,PVS,2021-11-08 09:00:00,813,0,25.1,25.71,25.01,25.27,7398639,186982104.1275,derived_ohlc4
HNX_PVS,PVS,2021-11-09 09:00:00,814,0,25.36,25.97,25.01,25.44,11013837,280247082.465,derived_ohlc4
HNX_PVS,PVS,2021-11-10 09:00:00,815,0,25.71,27.45,25.71,27.1,20500921,543120649.5925,derived_ohlc4
HNX_PVS,PVS,2021-11-11 09:00:00,816,0,26.93,27.28,26.14,26.58,11709804,313032335.43,derived_ohlc4
HNX_PVS,PVS,2021-11-12 09:00:00,817,0,26.66,26.66,25.79,25.88,10489769,275330211.8275,derived_ohlc4
HNX_PVS,PVS,2021-11-15 09:00:00,818,0,25.97,25.97,25.01,25.44,18315700,468836130.75,derived_ohlc4
HNX_PVS,PVS,2021-11-16 09:00:00,819,0,25.44,25.88,25.27,25.27,7945861,202341350.365,derived_ohlc4
HNX_PVS,PVS,2021-11-17 09:00:00,820,0,25.71,26.14,25.27,25.44,8325551,213467127.64000002,derived_ohlc4
HNX_PVS,PVS,2021-11-18 09:00:00,821,0,25.44,25.44,24.22,24.4,15950663,396772742.125,derived_ohlc4
HNX_PVS,PVS,2021-11-19 09:00:00,822,0,24.4,24.75,22.31,23.09,18320967,433061857.4625,derived_ohlc4
HNX_PVS,PVS,2021-11-22 09:00:00,823,0,23.09,23.09,21.78,21.78,10830720,242987203.20000002,derived_ohlc4
HNX_PVS,PVS,2021-11-23 09:00:00,824,0,21.87,22.74,21.78,22.48,6981560,155112809.3,derived_ohlc4
HNX_PVS,PVS,2021-11-24 09:00:00,825,0,23.0,23.18,22.66,22.83,5854863,134178822.80250001,derived_ohlc4
HNX_PVS,PVS,2021-11-25 09:00:00,826,0,23.0,23.35,22.66,22.83,5735628,131690018.88000001,derived_ohlc4
HNX_PVS,PVS,2021-11-26 09:00:00,827,0,22.83,22.92,22.05,22.13,8080471,181669189.2575,derived_ohlc4
HNX_PVS,PVS,2021-11-29 09:00:00,828,0,21.44,21.78,20.48,21.61,8649703,184476540.73250002,derived_ohlc4
HNX_PVS,PVS,2021-11-30 09:00:00,829,0,21.78,23.18,21.78,22.13,9241552,205324181.56,derived_ohlc4
HNX_PVS,PVS,2021-12-01 09:00:00,830,0,22.13,22.83,21.87,22.66,4175588,93418342.53,derived_ohlc4
HNX_PVS,PVS,2021-12-02 09:00:00,831,0,22.66,22.83,22.31,22.4,4483760,101108787.99999999,derived_ohlc4
HNX_PVS,PVS,2021-12-03 09:00:00,832,0,22.4,22.83,21.78,21.78,4517439,100275852.20249999,derived_ohlc4
HNX_PVS,PVS,2021-12-06 09:00:00,833,0,21.78,22.13,20.91,21.26,4932863,106155211.75999999,derived_ohlc4
HNX_PVS,PVS,2021-12-07 09:00:00,834,0,21.61,22.83,21.52,22.57,6221856,137705227.92,derived_ohlc4
HNX_PVS,PVS,2021-12-08 09:00:00,835,0,23.09,23.53,22.66,23.09,10139973,234157326.5025,derived_ohlc4
HNX_PVS,PVS,2021-12-09 09:00:00,836,0,23.18,23.62,22.92,23.35,7345552,170912631.16,derived_ohlc4
HNX_PVS,PVS,2021-12-10 09:00:00,837,0,23.35,23.35,23.0,23.18,4468642,103761867.24,derived_ohlc4
HNX_PVS,PVS,2021-12-13 09:00:00,838,0,23.35,23.79,22.92,23.44,6400501,149611710.875,derived_ohlc4
HNX_PVS,PVS,2021-12-14 09:00:00,839,0,23.44,23.44,23.0,23.09,4466776,103819041.17999999,derived_ohlc4
HNX_PVS,PVS,2021-12-15 09:00:00,840,0,23.0,23.35,22.74,22.83,5580063,128229847.74000001,derived_ohlc4
HNX_PVS,PVS,2021-12-16 09:00:00,841,0,22.83,23.09,22.57,22.66,5188882,118241648.575,derived_ohlc4
HNX_PVS,PVS,2021-12-17 09:00:00,842,0,22.74,23.27,22.66,22.66,4231886,96624537.095,derived_ohlc4
HNX_PVS,PVS,2021-12-20 09:00:00,843,0,22.66,22.74,21.87,22.13,5635822,125960621.69999999,derived_ohlc4
HNX_PVS,PVS,2021-12-21 09:00:00,844,0,22.13,22.92,21.96,22.74,5333507,119670563.31249999,derived_ohlc4
HNX_PVS,PVS,2021-12-22 09:00:00,845,0,23.09,23.27,22.48,22.48,3753407,85690281.81,derived_ohlc4
HNX_PVS,PVS,2021-12-23 09:00:00,846,0,22.48,23.96,22.22,23.18,9874873,226727084.08,derived_ohlc4
HNX_PVS,PVS,2021-12-24 09:00:00,847,0,23.35,23.88,23.09,23.09,4356830,101742872.57500002,derived_ohlc4
HNX_PVS,PVS,2021-12-27 09:00:00,848,0,23.09,23.53,23.0,23.18,3806765,88316948.00000001,derived_ohlc4
HNX_PVS,PVS,2021-12-28 09:00:00,849,0,23.44,23.96,23.35,23.44,7561769,178060755.5275,derived_ohlc4
HNX_PVS,PVS,2021-12-29 09:00:00,850,0,23.53,23.88,23.27,23.53,3690317,86916191.1425,derived_ohlc4
HNX_PVS,PVS,2021-12-30 09:00:00,851,0,23.62,24.84,23.62,24.14,10543998,253635871.89,derived_ohlc4
HNX_PVS,PVS,2021-12-31 09:00:00,852,0,24.14,24.4,23.7,23.79,5142979,123470068.3425,derived_ohlc4
HNX_PVS,PVS,2022-01-04 09:00:00,853,0,23.88,25.01,23.79,24.57,11734905,285304877.8125,derived_ohlc4
HNX_PVS,PVS,2022-01-05 09:00:00,854,0,24.75,25.18,24.57,24.57,9955560,246574332.29999998,derived_ohlc4
HNX_PVS,PVS,2022-01-06 09:00:00,855,0,24.57,25.1,24.4,24.66,7207778,177905980.48499998,derived_ohlc4
HNX_PVS,PVS,2022-01-07 09:00:00,856,0,24.92,25.62,24.75,25.27,10553828,265323235.92000002,derived_ohlc4
HNX_PVS,PVS,2022-01-10 09:00:00,857,0,25.27,25.44,24.05,24.14,9176413,226886811.425,derived_ohlc4
HNX_PVS,PVS,2022-01-11 09:00:00,858,0,24.14,24.57,23.7,23.96,4354312,104906261.86,derived_ohlc4
HNX_PVS,PVS,2022-01-12 09:00:00,859,0,24.4,25.62,24.31,24.84,11420152,283134118.46,derived_ohlc4
HNX_PVS,PVS,2022-01-13 09:00:00,860,0,25.36,25.71,23.96,23.96,9051791,224009197.7725,derived_ohlc4
HNX_PVS,PVS,2022-01-14 09:00:00,861,0,23.96,24.57,23.79,24.31,4676545,112973635.83749999,derived_ohlc4
HNX_PVS,PVS,2022-01-17 09:00:00,862,0,24.84,25.62,24.14,24.4,10588299,262060400.25,derived_ohlc4
HNX_PVS,PVS,2022-01-18 09:00:00,863,0,24.84,25.53,24.4,25.18,11883049,296927686.88750005,derived_ohlc4
HNX_PVS,PVS,2022-01-19 09:00:00,864,0,25.36,25.97,24.84,25.01,6900067,174537194.76500002,derived_ohlc4
HNX_PVS,PVS,2022-01-20 09:00:00,865,0,25.01,25.36,24.66,24.84,5666963,141489898.70250002,derived_ohlc4
HNX_PVS,PVS,2022-01-21 09:00:00,866,0,24.75,26.14,24.4,25.71,14829567,374446566.75,derived_ohlc4
HNX_PVS,PVS,2022-01-24 09:00:00,867,0,25.71,26.4,25.27,25.27,10347381,265539664.91249996,derived_ohlc4
HNX_PVS,PVS,2022-01-25 09:00:00,868,0,25.27,25.27,24.22,24.92,7024923,175061081.16,derived_ohlc4
HNX_PVS,PVS,2022-01-26 09:00:00,869,0,25.1,25.53,24.75,24.75,5899082,147668770.165,derived_ohlc4
HNX_PVS,PVS,2022-01-27 09:00:00,870,0,25.27,25.53,24.92,25.18,5278420,133148144.50000001,derived_ohlc4
HNX_PVS,PVS,2022-01-28 09:00:00,871,0,25.27,25.71,23.27,23.62,15250084,373131430.27000004,derived_ohlc4
HNX_PVS,PVS,2022-02-07 09:00:00,872,0,24.4,25.53,24.4,25.18,6846475,170323181.81249997,derived_ohlc4
HNX_PVS,PVS,2022-02-08 09:00:00,873,0,25.18,25.53,24.92,25.01,4610608,116002897.28,derived_ohlc4
HNX_PVS,PVS,2022-02-09 09:00:00,874,0,24.92,25.1,24.49,24.57,7964500,197280665.00000003,derived_ohlc4
HNX_PVS,PVS,2022-02-10 09:00:00,875,0,24.75,25.18,24.66,25.01,5555522,138332497.8,derived_ohlc4
HNX_PVS,PVS,2022-02-11 09:00:00,876,0,25.1,25.88,25.1,25.27,12730496,322558942.40000004,derived_ohlc4
HNX_PVS,PVS,2022-02-14 09:00:00,877,0,25.53,26.49,25.53,25.97,14630848,378646346.24,derived_ohlc4
HNX_PVS,PVS,2022-02-15 09:00:00,878,0,25.97,26.4,25.44,25.53,6312546,163084625.91,derived_ohlc4
HNX_PVS,PVS,2022-02-16 09:00:00,879,0,25.44,25.71,24.92,25.44,9495091,240961671.85250002,derived_ohlc4
HNX_PVS,PVS,2022-02-17 09:00:00,880,0,25.36,25.71,25.18,25.44,5424798,137911927.155,derived_ohlc4
HNX_PVS,PVS,2022-02-18 09:00:00,881,0,25.44,25.62,25.1,25.27,6269621,158981914.5075,derived_ohlc4
HNX_PVS,PVS,2022-02-21 09:00:00,882,0,25.36,25.71,25.27,25.36,6243839,158749606.57500002,derived_ohlc4
HNX_PVS,PVS,2022-02-22 09:00:00,883,0,25.53,26.58,25.44,26.32,17917870,465282289.225,derived_ohlc4
HNX_PVS,PVS,2022-02-23 09:00:00,884,0,26.4,28.93,26.32,28.93,27927708,772061487.6600001,derived_ohlc4
HNX_PVS,PVS,2022-02-24 09:00:00,885,0,28.93,31.54,28.93,30.32,23615664,706816823.52,derived_ohlc4
HNX_PVS,PVS,2022-02-25 09:00:00,886,0,30.41,30.5,29.37,29.45,14925286,446751123.195,derived_ohlc4
HNX_PVS,PVS,2022-02-28 09:00:00,887,0,29.45,31.11,29.28,30.41,14502834,435991447.125,derived_ohlc4
HNX_PVS,PVS,2022-03-01 09:00:00,888,0,30.5,30.85,29.71,30.5,11533663,350508018.57,derived_ohlc4
HNX_PVS,PVS,2022-03-02 09:00:00,889,0,31.02,33.37,31.02,32.5,14522713,464400054.9575,derived_ohlc4
HNX_PVS,PVS,2022-03-03 09:00:00,890,0,33.11,33.29,31.98,32.5,12652185,413979493.2,derived_ohlc4
HNX_PVS,PVS,2022-03-04 09:00:00,891,0,32.5,32.5,31.37,31.46,15561280,497299605.6,derived_ohlc4
HNX_PVS,PVS,2022-03-07 09:00:00,892,0,34.59,34.59,32.33,33.64,13984168,472490076.3,derived_ohlc4
HNX_PVS,PVS,2022-03-08 09:00:00,893,0,33.98,34.07,32.68,33.11,13913238,465536943.4799999,derived_ohlc4
HNX_PVS,PVS,2022-03-09 09:00:00,894,0,33.55,35.9,33.11,34.33,19313604,660959812.89,derived_ohlc4
HNX_PVS,PVS,2022-03-10 09:00:00,895,0,33.98,34.16,31.89,33.29,14175742,472477480.85999995,derived_ohlc4
HNX_PVS,PVS,2022-03-11 09:00:00,896,0,33.29,33.29,31.46,32.15,20756805,675582110.7375,derived_ohlc4
HNX_PVS,PVS,2022-03-14 09:00:00,897,0,32.15,32.15,30.32,30.32,18128588,566246446.18,derived_ohlc4
HNX_PVS,PVS,2022-03-15 09:00:00,898,0,30.24,30.85,28.58,30.67,16409591,493682545.235,derived_ohlc4
HNX_PVS,PVS,2022-03-16 09:00:00,899,0,30.67,30.85,29.89,30.41,5976819,182024022.64499998,derived_ohlc4
HNX_PVS,PVS,2022-03-17 09:00:00,900,0,30.85,30.85,29.28,29.63,6125286,184692686.115,derived_ohlc4
HNX_PVS,PVS,2022-03-18 09:00:00,901,0,30.5,30.93,30.06,30.32,8931161,271976180.3525,derived_ohlc4
HNX_PVS,PVS,2022-03-21 09:00:00,902,0,30.85,30.93,30.15,30.59,7428906,227547390.78000003,derived_ohlc4
HNX_PVS,PVS,2022-03-22 09:00:00,903,0,30.93,32.07,30.93,31.28,11473718,359156057.69500005,derived_ohlc4
HNX_PVS,PVS,2022-03-23 09:00:00,904,0,31.37,31.81,30.67,30.67,7408339,230621593.07,derived_ohlc4
HNX_PVS,PVS,2022-03-24 09:00:00,905,0,30.76,31.81,30.67,30.76,9805909,303983179.00000006,derived_ohlc4
HNX_PVS,PVS,2022-03-25 09:00:00,906,0,30.76,30.93,30.06,30.06,8234849,250771739.1725,derived_ohlc4
HNX_PVS,PVS,2022-03-28 09:00:00,907,0,30.5,31.46,29.45,31.46,11372442,349332987.135,derived_ohlc4
HNX_PVS,PVS,2022-03-29 09:00:00,908,0,31.46,32.94,30.93,32.42,14966106,477980010.37500006,derived_ohlc4
HNX_PVS,PVS,2022-03-30 09:00:00,909,0,32.33,32.42,30.93,31.11,8433697,267327110.6575,derived_ohlc4
HNX_PVS,PVS,2022-03-31 09:00:00,910,0,30.93,31.37,30.24,30.24,7654188,234945300.65999997,derived_ohlc4
HNX_PVS,PVS,2022-04-01 09:00:00,911,0,30.06,30.06,28.84,29.28,13857559,409629444.03999996,derived_ohlc4
HNX_PVS,PVS,2022-04-04 09:00:00,912,0,29.28,29.98,29.19,29.89,4676629,138358068.965,derived_ohlc4
HNX_PVS,PVS,2022-04-05 09:00:00,913,0,29.98,30.5,29.89,29.89,3245202,97566998.13000001,derived_ohlc4
HNX_PVS,PVS,2022-04-06 09:00:00,914,0,29.89,30.24,29.37,30.06,5002432,149522692.48,derived_ohlc4
HNX_PVS,PVS,2022-04-07 09:00:00,915,0,29.89,30.85,29.28,30.32,7977957,240016836.345,derived_ohlc4
HNX_PVS,PVS,2022-04-08 09:00:00,916,0,30.32,30.59,29.19,29.19,4759176,141930526.26,derived_ohlc4
HNX_PVS,PVS,2022-04-12 09:00:00,917,0,28.93,29.54,26.32,26.32,9615703,267100190.08249995,derived_ohlc4
HNX_PVS,PVS,2022-04-13 09:00:00,918,0,26.75,27.45,25.97,27.19,6832512,183384622.08,derived_ohlc4
HNX_PVS,PVS,2022-04-14 09:00:00,919,0,27.28,28.15,27.19,27.28,6699909,184079999.775,derived_ohlc4
HNX_PVS,PVS,2022-04-15 09:00:00,920,0,27.28,28.06,26.84,26.84,5712552,155695604.76000002,derived_ohlc4
HNX_PVS,PVS,2022-04-18 09:00:00,921,0,27.19,27.45,26.06,26.14,7613081,203345393.51000002,derived_ohlc4
HNX_PVS,PVS,2022-04-19 09:00:00,922,0,25.1,27.54,25.1,26.14,8686748,225594845.56000003,derived_ohlc4
HNX_PVS,PVS,2022-04-20 09:00:00,923,0,26.58,26.75,23.79,23.79,7527236,189893346.19,derived_ohlc4
HNX_PVS,PVS,2022-04-21 09:00:00,924,0,24.05,24.22,21.44,21.44,16186215,368843374.31249994,derived_ohlc4
HNX_PVS,PVS,2022-04-22 09:00:00,925,0,19.34,21.96,19.34,20.65,23718477,482018748.8325,derived_ohlc4
HNX_PVS,PVS,2022-04-25 09:00:00,926,0,18.65,21.35,18.65,18.74,10466384,202498364.44,derived_ohlc4
HNX_PVS,PVS,2022-04-26 09:00:00,927,0,16.9,20.56,16.9,20.56,10959057,205263137.60999995,derived_ohlc4
HNX_PVS,PVS,2022-04-27 09:00:00,928,0,20.56,21.52,20.04,20.91,8249478,171238539.585,derived_ohlc4
HNX_PVS,PVS,2022-04-28 09:00:00,929,0,20.91,21.26,20.48,20.48,5546740,115275124.05000001,derived_ohlc4
HNX_PVS,PVS,2022-04-29 09:00:00,930,0,20.65,21.7,20.48,21.44,8801090,185416963.575,derived_ohlc4
HNX_PVS,PVS,2022-05-04 09:00:00,931,0,21.44,22.74,21.35,22.31,12065526,264958950.96,derived_ohlc4
HNX_PVS,PVS,2022-05-05 09:00:00,932,0,22.66,23.44,22.31,22.57,11191371,254547733.39499998,derived_ohlc4
HNX_PVS,PVS,2022-05-06 09:00:00,933,0,22.57,22.57,21.09,21.09,9527785,207991546.55,derived_ohlc4
HNX_PVS,PVS,2022-05-09 09:00:00,934,0,21.09,21.26,19.17,19.17,11804057,238117339.83249998,derived_ohlc4
HNX_PVS,PVS,2022-05-10 09:00:00,935,0,18.82,21.09,17.34,21.09,10646048,208502850.08,derived_ohlc4
HNX_PVS,PVS,2022-05-11 09:00:00,936,0,21.09,22.48,21.09,21.78,8110066,175258526.26,derived_ohlc4
HNX_PVS,PVS,2022-05-12 09:00:00,937,0,21.78,22.05,19.61,19.61,10759001,223383758.2625,derived_ohlc4
HNX_PVS,PVS,2022-05-13 09:00:00,938,0,19.52,21.18,19.17,20.13,14851967,297039340.0,derived_ohlc4
HNX_PVS,PVS,2022-05-16 09:00:00,939,0,20.13,22.13,20.13,22.13,10140348,214265553.23999998,derived_ohlc4
HNX_PVS,PVS,2022-05-17 09:00:00,940,0,22.57,24.05,22.22,24.05,15152977,351890008.3825,derived_ohlc4
HNX_PVS,PVS,2022-05-18 09:00:00,941,0,24.22,24.49,23.27,23.44,14713593,350992761.0149999,derived_ohlc4
HNX_PVS,PVS,2022-05-19 09:00:00,942,0,22.05,25.1,22.05,24.66,17386038,407963381.67,derived_ohlc4
HNX_PVS,PVS,2022-05-20 09:00:00,943,0,24.75,25.1,23.79,23.96,10653997,259957526.79999998,derived_ohlc4
HNX_PVS,PVS,2022-05-23 09:00:00,944,0,24.05,25.1,23.79,24.31,11431726,277933838.375,derived_ohlc4
HNX_PVS,PVS,2022-05-24 09:00:00,945,0,24.4,24.49,22.4,24.22,17806421,425172817.42749995,derived_ohlc4
HNX_PVS,PVS,2022-05-25 09:00:00,946,0,24.31,25.88,23.96,25.44,14521865,361558133.83750004,derived_ohlc4
HNX_PVS,PVS,2022-05-26 09:00:00,947,0,25.53,25.62,24.66,24.75,8370668,210438593.52,derived_ohlc4
HNX_PVS,PVS,2022-05-27 09:00:00,948,0,24.92,25.27,24.4,24.57,9976429,247315674.91,derived_ohlc4
HNX_PVS,PVS,2022-05-30 09:00:00,949,0,24.92,26.66,24.75,25.27,15463639,392776430.59999996,derived_ohlc4
HNX_PVS,PVS,2022-05-31 09:00:00,950,0,25.27,27.01,25.27,26.75,16804999,438190348.925,derived_ohlc4
HNX_PVS,PVS,2022-06-01 09:00:00,951,0,26.49,28.15,26.14,27.8,13538335,367498103.575,derived_ohlc4
HNX_PVS,PVS,2022-06-02 09:00:00,952,0,27.8,28.15,26.58,26.93,14475611,396125095.01500005,derived_ohlc4
HNX_PVS,PVS,2022-06-03 09:00:00,953,0,26.93,27.8,26.58,27.19,9665791,262184580.875,derived_ohlc4
HNX_PVS,PVS,2022-06-06 09:00:00,954,0,27.19,28.84,27.19,27.45,13869008,383720778.84000003,derived_ohlc4
HNX_PVS,PVS,2022-06-07 09:00:00,955,0,27.54,28.76,26.23,28.76,19093243,531221753.3675,derived_ohlc4
HNX_PVS,PVS,2022-06-08 09:00:00,956,0,28.76,29.54,27.71,27.88,13686016,389675090.55999994,derived_ohlc4
HNX_PVS,PVS,2022-06-09 09:00:00,957,0,27.88,28.93,27.88,28.06,7395242,208453383.875,derived_ohlc4
HNX_PVS,PVS,2022-06-10 09:00:00,958,0,27.88,28.06,25.88,25.88,19672983,529695067.2749999,derived_ohlc4
HNX_PVS,PVS,2022-06-13 09:00:00,959,0,25.27,25.88,23.7,23.7,18660114,459738558.675,derived_ohlc4
HNX_PVS,PVS,2022-06-14 09:00:00,960,0,23.96,26.06,23.35,26.06,11517930,286306944.975,derived_ohlc4
HNX_PVS,PVS,2022-06-15 09:00:00,961,0,26.14,26.49,25.1,25.88,8834427,228833745.36749998,derived_ohlc4
HNX_PVS,PVS,2022-06-16 09:00:00,962,0,26.14,27.54,25.53,26.66,17228896,456005804.88,derived_ohlc4
HNX_PVS,PVS,2022-06-17 09:00:00,963,0,26.49,27.19,25.27,26.49,11519954,303665987.44,derived_ohlc4
HNX_PVS,PVS,2022-06-20 09:00:00,964,0,25.97,25.97,23.88,23.88,13444858,335113085.65,derived_ohlc4
HNX_PVS,PVS,2022-06-21 09:00:00,965,0,24.22,24.4,21.52,21.52,16602507,380446447.905,derived_ohlc4
HNX_PVS,PVS,2022-06-22 09:00:00,966,0,21.52,21.96,19.43,19.61,16592448,342302202.24000007,derived_ohlc4
HNX_PVS,PVS,2022-06-23 09:00:00,967,0,17.69,21.52,17.69,21.52,7876768,154424036.64000002,derived_ohlc4
HNX_PVS,PVS,2022-06-24 09:00:00,968,0,21.78,22.22,20.91,20.91,5805377,124554363.535,derived_ohlc4
HNX_PVS,PVS,2022-06-27 09:00:00,969,0,21.35,21.61,20.91,21.44,6285319,134050140.9725,derived_ohlc4
HNX_PVS,PVS,2022-06-28 09:00:00,970,0,21.52,22.83,21.52,22.13,8160676,179534871.99999997,derived_ohlc4
HNX_PVS,PVS,2022-06-29 09:00:00,971,0,22.22,22.48,21.61,21.78,6052714,133295894.06500001,derived_ohlc4
HNX_PVS,PVS,2022-06-30 09:00:00,972,0,21.44,22.05,20.83,20.83,6272287,133521309.51249999,derived_ohlc4
HNX_PVS,PVS,2022-07-01 09:00:00,973,0,20.91,21.44,19.61,21.35,12138770,252820232.175,derived_ohlc4
HNX_PVS,PVS,2022-07-04 09:00:00,974,0,21.35,22.05,21.35,21.61,5110094,110326929.46,derived_ohlc4
HNX_PVS,PVS,2022-07-05 09:00:00,975,0,21.78,22.31,20.65,20.91,6439092,137877057.45000002,derived_ohlc4
HNX_PVS,PVS,2022-07-06 09:00:00,976,0,20.48,20.48,19.34,19.43,12292492,245020096.78999996,derived_ohlc4
HNX_PVS,PVS,2022-07-07 09:00:00,977,0,19.26,19.69,18.82,19.17,5948525,114419878.375,derived_ohlc4
HNX_PVS,PVS,2022-07-08 09:00:00,978,0,19.61,20.3,19.61,19.78,3848431,76295144.575,derived_ohlc4
HNX_PVS,PVS,2022-07-11 09:00:00,979,0,19.26,20.22,17.86,19.69,5367081,103356562.3575,derived_ohlc4
HNX_PVS,PVS,2022-07-12 09:00:00,980,0,17.86,21.35,17.86,21.09,10012500,195644250.0,derived_ohlc4
HNX_PVS,PVS,2022-07-13 09:00:00,981,0,20.83,20.91,20.3,20.65,6118055,126475491.9875,derived_ohlc4
HNX_PVS,PVS,2022-07-14 09:00:00,982,0,20.83,21.26,20.48,20.65,4900038,101945290.59,derived_ohlc4
HNX_PVS,PVS,2022-07-15 09:00:00,983,0,20.91,20.91,20.22,20.22,6070870,124847441.54999998,derived_ohlc4
HNX_PVS,PVS,2022-07-18 09:00:00,984,0,20.3,20.65,20.13,20.22,6244211,126913588.575,derived_ohlc4
HNX_PVS,PVS,2022-07-19 09:00:00,985,0,20.48,21.18,20.39,20.65,7282345,150562482.87499997,derived_ohlc4
HNX_PVS,PVS,2022-07-20 09:00:00,986,0,21.18,21.44,20.74,20.83,6815412,143447384.07,derived_ohlc4
HNX_PVS,PVS,2022-07-21 09:00:00,987,0,20.83,21.0,20.56,20.65,4000584,83052123.83999999,derived_ohlc4
HNX_PVS,PVS,2022-07-22 09:00:00,988,0,20.56,21.09,20.48,20.56,5374867,111111938.05749999,derived_ohlc4
HNX_PVS,PVS,2022-07-25 09:00:00,989,0,20.56,20.56,19.61,19.61,8460581,169930769.38500002,derived_ohlc4
HNX_PVS,PVS,2022-07-26 09:00:00,990,0,19.61,20.22,19.61,19.87,2745310,54432634.025,derived_ohlc4
HNX_PVS,PVS,2022-07-27 09:00:00,991,0,19.69,20.04,19.61,19.87,2966919,58752413.4975,derived_ohlc4
HNX_PVS,PVS,2022-07-28 09:00:00,992,0,20.04,20.56,20.04,20.3,4856330,98267837.55,derived_ohlc4
HNX_PVS,PVS,2022-07-29 09:00:00,993,0,20.39,20.65,20.04,20.04,4743999,96208299.72,derived_ohlc4
HNX_PVS,PVS,2022-08-01 09:00:00,994,0,18.04,20.56,18.04,20.48,6773968,130602103.03999998,derived_ohlc4
HNX_PVS,PVS,2022-08-02 09:00:00,995,0,20.39,21.35,20.04,21.09,11572622,239755796.28500003,derived_ohlc4
HNX_PVS,PVS,2022-08-03 09:00:00,996,0,21.09,21.7,20.83,21.18,6845206,145118367.2,derived_ohlc4
HNX_PVS,PVS,2022-08-04 09:00:00,997,0,21.18,21.18,20.56,20.56,7405214,154546816.18,derived_ohlc4
HNX_PVS,PVS,2022-08-05 09:00:00,998,0,20.48,21.96,20.13,21.09,10274284,214886649.85999998,derived_ohlc4
HNX_PVS,PVS,2022-08-08 09:00:00,999,0,21.26,21.96,21.09,21.78,7792557,167715308.0325,derived_ohlc4
HNX_PVS,PVS,2022-08-09 09:00:00,1000,0,21.87,22.05,21.35,21.44,6968806,151066292.06500003,derived_ohlc4
HNX_PVS,PVS,2022-08-10 09:00:00,1001,0,21.44,22.22,21.26,22.05,11288063,245430709.7775,derived_ohlc4
HNX_PVS,PVS,2022-08-11 09:00:00,1002,0,22.31,23.0,22.13,22.48,13858247,311533392.56,derived_ohlc4
HNX_PVS,PVS,2022-08-12 09:00:00,1003,0,22.57,23.09,22.4,22.74,7255756,164705661.2,derived_ohlc4
HNX_PVS,PVS,2022-08-15 09:00:00,1004,0,22.83,23.27,22.48,22.92,8261042,188971335.75,derived_ohlc4
HNX_PVS,PVS,2022-08-16 09:00:00,1005,0,22.48,23.0,20.65,22.48,7774543,172225563.8075,derived_ohlc4
HNX_PVS,PVS,2022-08-17 09:00:00,1006,0,22.48,22.57,21.96,22.22,8096472,180612049.14,derived_ohlc4
HNX_PVS,PVS,2022-08-18 09:00:00,1007,0,22.22,22.92,22.22,22.48,7856066,176447242.36,derived_ohlc4
HNX_PVS,PVS,2022-08-19 09:00:00,1008,0,22.48,23.96,22.48,23.44,12112781,279684113.29,derived_ohlc4
HNX_PVS,PVS,2022-08-22 09:00:00,1009,0,23.44,23.96,23.09,23.27,8642725,202585474.0,derived_ohlc4
HNX_PVS,PVS,2022-08-23 09:00:00,1010,0,23.35,24.66,23.09,24.22,14819305,353144038.15000004,derived_ohlc4
HNX_PVS,PVS,2022-08-24 09:00:00,1011,0,24.31,24.75,24.14,24.31,7654159,186589261.0225,derived_ohlc4
HNX_PVS,PVS,2022-08-25 09:00:00,1012,0,24.49,24.66,23.79,23.96,7418386,179710400.85000002,derived_ohlc4
HNX_PVS,PVS,2022-08-26 09:00:00,1013,0,23.96,24.22,23.09,23.53,11292508,267632439.6,derived_ohlc4
HNX_PVS,PVS,2022-08-29 09:00:00,1014,0,23.27,25.27,22.83,25.27,16392448,396041543.68,derived_ohlc4
HNX_PVS,PVS,2022-08-30 09:00:00,1015,0,25.53,25.71,24.66,24.75,9866796,248273254.35000002,derived_ohlc4
HNX_PVS,PVS,2022-08-31 09:00:00,1016,0,24.75,24.92,24.22,24.22,9876454,242244725.48499998,derived_ohlc4
HNX_PVS,PVS,2022-09-05 09:00:00,1017,0,24.31,25.01,23.96,24.75,8273273,202757238.0475,derived_ohlc4
HNX_PVS,PVS,2022-09-06 09:00:00,1018,0,24.92,25.18,24.49,24.49,7121261,176393634.97,derived_ohlc4
HNX_PVS,PVS,2022-09-07 09:00:00,1019,0,24.49,24.49,22.4,22.4,16375566,383925144.87,derived_ohlc4
HNX_PVS,PVS,2022-09-08 09:00:00,1020,0,21.96,23.09,21.87,21.87,11934169,264908716.37750003,derived_ohlc4
HNX_PVS,PVS,2022-09-09 09:00:00,1021,0,21.96,23.35,21.87,23.35,8086083,183008273.4975,derived_ohlc4
HNX_PVS,PVS,2022-09-12 09:00:00,1022,0,23.35,24.49,23.27,23.35,10453664,246863275.36,derived_ohlc4
HNX_PVS,PVS,2022-09-13 09:00:00,1023,0,23.35,24.14,23.35,23.88,13122093,310731162.24,derived_ohlc4
HNX_PVS,PVS,2022-09-14 09:00:00,1024,0,23.7,24.31,23.09,24.22,12915568,307777985.44,derived_ohlc4
HNX_PVS,PVS,2022-09-15 09:00:00,1025,0,24.31,24.57,23.88,23.88,7202062,174001817.92,derived_ohlc4
HNX_PVS,PVS,2022-09-16 09:00:00,1026,0,23.7,23.88,23.0,23.35,9066985,212915475.26250002,derived_ohlc4
HNX_PVS,PVS,2022-09-19 09:00:00,1027,0,23.44,23.53,21.44,21.78,11726856,264411285.66,derived_ohlc4
HNX_PVS,PVS,2022-09-20 09:00:00,1028,0,21.96,22.66,21.52,22.66,6582894,146140246.79999998,derived_ohlc4
HNX_PVS,PVS,2022-09-21 09:00:00,1029,0,22.66,23.35,22.13,23.0,6059824,138073089.84,derived_ohlc4
HNX_PVS,PVS,2022-09-22 09:00:00,1030,0,22.66,23.35,22.57,22.92,7011373,160385157.37500003,derived_ohlc4
HNX_PVS,PVS,2022-09-23 09:00:00,1031,0,20.65,23.27,20.65,22.92,5583646,122128297.13499999,derived_ohlc4
HNX_PVS,PVS,2022-09-26 09:00:00,1032,0,20.65,22.74,20.65,21.52,10020208,214332249.11999997,derived_ohlc4
HNX_PVS,PVS,2022-09-27 09:00:00,1033,0,22.06,22.15,20.71,21.16,4270377,91898513.03999998,derived_ohlc4
HNX_PVS,PVS,2022-09-28 09:00:00,1034,0,21.34,21.61,20.53,20.53,6271045,131707622.61250001,derived_ohlc4
HNX_PVS,PVS,2022-09-29 09:00:00,1035,0,20.8,21.43,20.17,20.26,5504052,113741234.58000001,derived_ohlc4
HNX_PVS,PVS,2022-09-30 09:00:00,1036,0,20.26,20.98,19.45,20.89,7187757,146594304.015,derived_ohlc4
HNX_PVS,PVS,2022-10-03 09:00:00,1037,0,18.82,20.98,18.82,19.27,6072341,118243660.1225,derived_ohlc4
HNX_PVS,PVS,2022-10-04 09:00:00,1038,0,19.18,20.98,19.18,19.72,6353809,125583034.885,derived_ohlc4
HNX_PVS,PVS,2022-10-05 09:00:00,1039,0,20.26,21.07,20.26,20.71,6941099,142813111.925,derived_ohlc4
HNX_PVS,PVS,2022-10-06 09:00:00,1040,0,21.07,21.43,19.99,19.99,6937902,143059539.23999998,derived_ohlc4
HNX_PVS,PVS,2022-10-07 09:00:00,1041,0,19.99,20.98,19.36,20.53,10579701,213868655.715,derived_ohlc4
HNX_PVS,PVS,2022-10-10 09:00:00,1042,0,20.53,21.97,20.53,21.7,7953427,168473467.4275,derived_ohlc4
HNX_PVS,PVS,2022-10-11 09:00:00,1043,0,21.97,21.97,19.63,19.63,11633431,241975364.79999995,derived_ohlc4
HNX_PVS,PVS,2022-10-12 09:00:00,1044,0,19.36,21.07,18.91,20.53,5056076,100957197.53,derived_ohlc4
HNX_PVS,PVS,2022-10-13 09:00:00,1045,0,20.8,20.8,19.99,20.53,3852025,79082073.25,derived_ohlc4
HNX_PVS,PVS,2022-10-14 09:00:00,1046,0,20.53,21.34,20.53,20.98,6636758,138343220.51000002,derived_ohlc4
HNX_PVS,PVS,2022-10-17 09:00:00,1047,0,20.71,21.79,20.35,21.7,10070352,212862065.4,derived_ohlc4
HNX_PVS,PVS,2022-10-18 09:00:00,1048,0,21.88,22.15,21.16,21.34,7222216,156234587.62,derived_ohlc4
HNX_PVS,PVS,2022-10-19 09:00:00,1049,0,21.34,21.97,21.16,21.25,5596337,119929501.91,derived_ohlc4
HNX_PVS,PVS,2022-10-20 09:00:00,1050,0,21.25,21.7,21.16,21.34,4357181,93080279.1125,derived_ohlc4
HNX_PVS,PVS,2022-10-21 09:00:00,1051,0,21.43,21.88,19.63,19.81,15249918,315482678.625,derived_ohlc4
HNX_PVS,PVS,2022-10-24 09:00:00,1052,0,19.9,20.53,18.64,18.64,9282015,180326346.41250002,derived_ohlc4
HNX_PVS,PVS,2022-10-25 09:00:00,1053,0,18.46,19.99,18.01,19.09,7194304,135882416.8,derived_ohlc4
HNX_PVS,PVS,2022-10-26 09:00:00,1054,0,18.01,19.54,17.2,18.91,3652488,67260566.52,derived_ohlc4
HNX_PVS,PVS,2022-10-27 09:00:00,1055,0,17.02,20.71,17.02,20.35,5651382,106104697.05,derived_ohlc4
HNX_PVS,PVS,2022-10-28 09:00:00,1056,0,18.37,20.53,18.37,19.9,5499927,106107341.64750002,derived_ohlc4
HNX_PVS,PVS,2022-10-31 09:00:00,1057,0,18.91,20.26,18.64,19.27,5728004,110378637.08,derived_ohlc4
HNX_PVS,PVS,2022-11-01 09:00:00,1058,0,19.27,19.9,18.73,19.36,3995252,77168292.38000001,derived_ohlc4
HNX_PVS,PVS,2022-11-02 09:00:00,1059,0,19.45,20.8,19.45,20.44,8628977,172881554.195,derived_ohlc4
HNX_PVS,PVS,2022-11-03 09:00:00,1060,0,20.44,20.71,19.9,19.99,3593252,72799285.52000001,derived_ohlc4
HNX_PVS,PVS,2022-11-04 09:00:00,1061,0,19.99,20.17,18.73,19.18,7368918,143822857.065,derived_ohlc4
HNX_PVS,PVS,2022-11-07 09:00:00,1062,0,19.18,20.17,19.18,19.45,7734722,150788405.39000002,derived_ohlc4
HNX_PVS,PVS,2022-11-08 09:00:00,1063,0,19.63,20.71,19.36,20.71,7653594,153856373.385,derived_ohlc4
HNX_PVS,PVS,2022-11-09 09:00:00,1064,0,19.36,21.52,19.36,20.89,11321935,229637146.6375,derived_ohlc4
HNX_PVS,PVS,2022-11-10 09:00:00,1065,0,20.26,20.8,18.91,19.36,10804513,214280504.0725,derived_ohlc4
HNX_PVS,PVS,2022-11-11 09:00:00,1066,0,17.47,20.53,17.47,19.72,5850164,109968457.78999999,derived_ohlc4
HNX_PVS,PVS,2022-11-14 09:00:00,1067,0,19.45,20.08,17.83,18.01,12878656,242666075.68,derived_ohlc4
HNX_PVS,PVS,2022-11-15 09:00:00,1068,0,17.38,18.01,16.21,16.21,5186710,87927701.275,derived_ohlc4
HNX_PVS,PVS,2022-11-16 09:00:00,1069,0,14.59,17.47,14.59,17.29,15404324,246238119.14000002,derived_ohlc4
HNX_PVS,PVS,2022-11-17 09:00:00,1070,0,16.93,17.83,16.66,17.2,5858911,100509618.20500001,derived_ohlc4
HNX_PVS,PVS,2022-11-18 09:00:00,1071,0,15.49,17.2,15.49,17.11,9066760,147992190.1,derived_ohlc4
HNX_PVS,PVS,2022-11-21 09:00:00,1072,0,15.4,17.2,15.4,16.75,4996782,80885408.625,derived_ohlc4
HNX_PVS,PVS,2022-11-22 09:00:00,1073,0,16.39,18.28,16.21,17.38,7976103,136112197.69500002,derived_ohlc4
HNX_PVS,PVS,2022-11-23 09:00:00,1074,0,17.11,17.74,16.21,17.2,4125879,70408125.13499999,derived_ohlc4
HNX_PVS,PVS,2022-11-24 09:00:00,1075,0,16.21,17.2,16.03,17.02,5004675,83152675.12499999,derived_ohlc4
HNX_PVS,PVS,2022-11-25 09:00:00,1076,0,15.94,17.47,15.4,17.47,3378414,55980319.980000004,derived_ohlc4
HNX_PVS,PVS,2022-11-28 09:00:00,1077,0,16.75,18.28,16.75,18.01,9497022,165699291.34500003,derived_ohlc4
HNX_PVS,PVS,2022-11-29 09:00:00,1078,0,18.01,19.09,17.74,19.0,9049912,167061375.52,derived_ohlc4
HNX_PVS,PVS,2022-11-30 09:00:00,1079,0,17.11,19.72,17.11,19.09,6720408,122697849.06,derived_ohlc4
HNX_PVS,PVS,2022-12-01 09:00:00,1080,0,18.55,19.99,18.55,18.73,9984842,189262680.11,derived_ohlc4
HNX_PVS,PVS,2022-12-02 09:00:00,1081,0,18.37,20.53,18.28,20.53,14305716,277924297.59000003,derived_ohlc4
HNX_PVS,PVS,2022-12-05 09:00:00,1082,0,20.8,21.88,20.8,21.07,8893014,187976083.425,derived_ohlc4
HNX_PVS,PVS,2022-12-06 09:00:00,1083,0,19.0,21.97,19.0,21.07,15175593,307457514.17999995,derived_ohlc4
HNX_PVS,PVS,2022-12-07 09:00:00,1084,0,19.99,21.88,19.99,21.16,7769689,161259895.195,derived_ohlc4
HNX_PVS,PVS,2022-12-08 09:00:00,1085,0,21.43,21.79,20.44,21.16,9102252,193013253.66,derived_ohlc4
HNX_PVS,PVS,2022-12-09 09:00:00,1086,0,21.07,21.43,20.71,20.71,5368011,112620870.78,derived_ohlc4
HNX_PVS,PVS,2022-12-12 09:00:00,1087,0,20.53,21.52,19.99,19.99,6870823,140903402.67249998,derived_ohlc4
HNX_PVS,PVS,2022-12-13 09:00:00,1088,0,18.46,20.53,18.46,20.53,6034589,117644312.555,derived_ohlc4
HNX_PVS,PVS,2022-12-14 09:00:00,1089,0,20.53,21.61,20.53,21.07,7208593,150911894.455,derived_ohlc4
HNX_PVS,PVS,2022-12-15 09:00:00,1090,0,20.98,21.7,20.71,20.98,6842603,144327603.7775,derived_ohlc4
HNX_PVS,PVS,2022-12-16 09:00:00,1091,0,20.89,21.25,20.62,20.8,4922202,102824799.78,derived_ohlc4
HNX_PVS,PVS,2022-12-19 09:00:00,1092,0,20.8,21.25,20.26,20.26,7002974,144558890.79500002,derived_ohlc4
HNX_PVS,PVS,2022-12-20 09:00:00,1093,0,20.35,20.71,19.09,20.26,8166998,164177077.29500002,derived_ohlc4
HNX_PVS,PVS,2022-12-21 09:00:00,1094,0,19.81,20.53,19.36,19.63,4819706,95586819.245,derived_ohlc4
HNX_PVS,PVS,2022-12-22 09:00:00,1095,0,19.63,20.26,19.63,20.17,3640764,72533120.78999999,derived_ohlc4
HNX_PVS,PVS,2022-12-23 09:00:00,1096,0,19.72,20.35,19.72,20.08,3364401,67178676.9675,derived_ohlc4
HNX_PVS,PVS,2022-12-26 09:00:00,1097,0,20.08,20.53,19.27,19.27,5269993,104279986.48749998,derived_ohlc4
HNX_PVS,PVS,2022-12-27 09:00:00,1098,0,18.28,19.9,18.28,19.9,4547639,86814428.51,derived_ohlc4
HNX_PVS,PVS,2022-12-28 09:00:00,1099,0,19.18,20.17,19.18,19.9,3729533,73126818.2975,derived_ohlc4
HNX_PVS,PVS,2022-12-29 09:00:00,1100,0,18.91,19.99,18.91,19.45,2584624,49922012.56,derived_ohlc4
HNX_PVS,PVS,2022-12-30 09:00:00,1101,0,18.91,19.9,18.91,19.27,1988665,38276829.5875,derived_ohlc4
HNX_PVS,PVS,2023-01-03 09:00:00,1102,0,19.45,20.35,19.45,20.17,3592389,71326883.595,derived_ohlc4
HNX_PVS,PVS,2023-01-04 09:00:00,1103,0,19.63,21.16,19.63,20.62,7168974,145243413.24,derived_ohlc4
HNX_PVS,PVS,2023-01-05 09:00:00,1104,0,19.81,20.89,19.81,20.71,3481121,70684161.905,derived_ohlc4
HNX_PVS,PVS,2023-01-06 09:00:00,1105,0,20.71,21.34,20.35,20.62,5155334,106998957.17,derived_ohlc4
HNX_PVS,PVS,2023-01-09 09:00:00,1106,0,20.8,20.98,20.44,20.53,3237852,66983063.25,derived_ohlc4
HNX_PVS,PVS,2023-01-10 09:00:00,1107,0,19.9,20.89,19.36,20.53,2794801,56371136.17,derived_ohlc4
HNX_PVS,PVS,2023-01-11 09:00:00,1108,0,20.26,20.89,20.26,20.62,2793891,57295719.68250001,derived_ohlc4
HNX_PVS,PVS,2023-01-12 09:00:00,1109,0,20.62,21.61,20.62,21.52,8645345,182351939.41250002,derived_ohlc4
HNX_PVS,PVS,2023-01-13 09:00:00,1110,0,21.52,21.88,20.98,21.07,4599879,98264915.13749999,derived_ohlc4
HNX_PVS,PVS,2023-01-16 09:00:00,1111,0,21.07,21.34,20.89,20.98,3410583,71860983.81,derived_ohlc4
HNX_PVS,PVS,2023-01-17 09:00:00,1112,0,20.89,21.61,20.89,21.61,5231351,111166208.75,derived_ohlc4
HNX_PVS,PVS,2023-01-18 09:00:00,1113,0,21.79,22.69,21.61,22.51,9894057,219153362.55,derived_ohlc4
HNX_PVS,PVS,2023-01-19 09:00:00,1114,0,22.51,22.78,22.33,22.51,5140882,115836923.665,derived_ohlc4
HNX_PVS,PVS,2023-01-27 09:00:00,1115,0,22.69,23.23,22.6,22.69,5253849,119800891.8225,derived_ohlc4
HNX_PVS,PVS,2023-01-30 09:00:00,1116,0,22.06,22.87,22.06,22.15,8105645,180634298.82499996,derived_ohlc4
HNX_PVS,PVS,2023-01-31 09:00:00,1117,0,22.15,23.05,21.97,23.05,7536682,169989862.51,derived_ohlc4
HNX_PVS,PVS,2023-02-01 09:00:00,1118,0,23.14,23.32,21.43,21.61,7858520,175834385.0,derived_ohlc4
HNX_PVS,PVS,2023-02-02 09:00:00,1119,0,21.61,22.33,21.43,21.52,6557501,142445315.4725,derived_ohlc4
HNX_PVS,PVS,2023-02-03 09:00:00,1120,0,21.52,21.88,21.16,21.25,3659079,78496392.2475,derived_ohlc4
HNX_PVS,PVS,2023-02-06 09:00:00,1121,0,21.25,21.61,20.71,21.16,5224453,110666975.6725,derived_ohlc4
HNX_PVS,PVS,2023-02-07 09:00:00,1122,0,20.89,21.7,20.8,20.98,4746030,100105637.775,derived_ohlc4
HNX_PVS,PVS,2023-02-08 09:00:00,1123,0,21.43,21.43,20.89,21.25,2767496,58809290.0,derived_ohlc4
HNX_PVS,PVS,2023-02-09 09:00:00,1124,0,21.34,22.42,21.16,21.97,8714565,189302138.2125,derived_ohlc4
HNX_PVS,PVS,2023-02-10 09:00:00,1125,0,21.61,22.06,21.43,21.43,3135830,67835842.475,derived_ohlc4
HNX_PVS,PVS,2023-02-13 09:00:00,1126,0,21.43,21.97,21.25,21.88,6542815,141537445.4875,derived_ohlc4
HNX_PVS,PVS,2023-02-14 09:00:00,1127,0,21.88,22.33,21.88,21.97,3524610,77594289.14999999,derived_ohlc4
HNX_PVS,PVS,2023-02-15 09:00:00,1128,0,21.97,22.6,21.97,22.24,4554375,101084353.12499999,derived_ohlc4
HNX_PVS,PVS,2023-02-16 09:00:00,1129,0,22.24,23.78,22.24,23.78,13068168,300698545.67999995,derived_ohlc4
HNX_PVS,PVS,2023-02-17 09:00:00,1130,0,23.78,24.04,23.32,23.42,4287474,101355885.36,derived_ohlc4
HNX_PVS,PVS,2023-02-20 09:00:00,1131,0,23.42,24.14,23.32,24.14,7207156,171205990.78,derived_ohlc4
HNX_PVS,PVS,2023-02-21 09:00:00,1132,0,24.22,24.68,23.68,23.78,8649324,208362215.16,derived_ohlc4
HNX_PVS,PVS,2023-02-22 09:00:00,1133,0,23.68,25.04,23.42,23.42,14476767,345849963.63,derived_ohlc4
HNX_PVS,PVS,2023-02-23 09:00:00,1134,0,23.42,23.86,22.6,23.86,10194603,238910521.30499998,derived_ohlc4
HNX_PVS,PVS,2023-02-24 09:00:00,1135,0,23.96,24.22,23.05,23.05,5897819,139011593.83,derived_ohlc4
HNX_PVS,PVS,2023-02-27 09:00:00,1136,0,23.05,23.6,22.51,23.14,6417925,148093619.37500003,derived_ohlc4
HNX_PVS,PVS,2023-02-28 09:00:00,1137,0,23.14,23.86,23.14,23.42,3900698,91237326.22,derived_ohlc4
HNX_PVS,PVS,2023-03-01 09:00:00,1138,0,21.43,24.32,21.43,24.32,7037134,160974440.25,derived_ohlc4
HNX_PVS,PVS,2023-03-02 09:00:00,1139,0,24.32,24.5,23.96,24.04,3814237,92323606.585,derived_ohlc4
HNX_PVS,PVS,2023-03-03 09:00:00,1140,0,24.22,24.68,23.78,23.78,8674967,209196829.205,derived_ohlc4
HNX_PVS,PVS,2023-03-06 09:00:00,1141,0,23.96,24.32,23.78,23.96,4247243,101955068.215,derived_ohlc4
HNX_PVS,PVS,2023-03-07 09:00:00,1142,0,21.61,24.22,21.61,24.14,4854737,111149203.615,derived_ohlc4
HNX_PVS,PVS,2023-03-08 09:00:00,1143,0,23.96,24.76,23.78,24.76,8427895,204924266.925,derived_ohlc4
HNX_PVS,PVS,2023-03-09 09:00:00,1144,0,24.76,24.95,24.4,24.4,4171191,102726006.35249999,derived_ohlc4
HNX_PVS,PVS,2023-03-10 09:00:00,1145,0,24.32,24.32,23.68,23.78,9239735,221984633.375,derived_ohlc4
HNX_PVS,PVS,2023-03-13 09:00:00,1146,0,23.6,23.86,23.32,23.5,4832922,113911971.54,derived_ohlc4
HNX_PVS,PVS,2023-03-14 09:00:00,1147,0,23.5,23.6,22.42,22.42,9302946,213828213.81000003,derived_ohlc4
HNX_PVS,PVS,2023-03-15 09:00:00,1148,0,22.6,23.5,22.51,23.5,5646479,130024295.1725,derived_ohlc4
HNX_PVS,PVS,2023-03-16 09:00:00,1149,0,23.32,23.32,22.51,22.69,6216326,142726844.96,derived_ohlc4
HNX_PVS,PVS,2023-03-17 09:00:00,1150,0,22.78,23.05,22.6,22.87,2980123,68021307.47500001,derived_ohlc4
HNX_PVS,PVS,2023-03-20 09:00:00,1151,0,22.87,22.87,21.61,21.61,6891158,153259353.92,derived_ohlc4
HNX_PVS,PVS,2023-03-21 09:00:00,1152,0,21.97,22.15,21.61,21.88,3028075,66322412.687499985,derived_ohlc4
HNX_PVS,PVS,2023-03-22 09:00:00,1153,0,22.06,22.51,22.06,22.24,3641993,80915979.47749999,derived_ohlc4
HNX_PVS,PVS,2023-03-23 09:00:00,1154,0,22.24,22.42,22.06,22.33,2334720,51976704.0,derived_ohlc4
HNX_PVS,PVS,2023-03-24 09:00:00,1155,0,22.33,22.78,22.33,22.69,4015833,90486757.07249999,derived_ohlc4
HNX_PVS,PVS,2023-03-27 09:00:00,1156,0,22.6,22.87,21.88,22.69,3345236,75301262.36,derived_ohlc4
HNX_PVS,PVS,2023-03-28 09:00:00,1157,0,22.87,23.42,22.87,22.87,3854436,88680936.27000001,derived_ohlc4
HNX_PVS,PVS,2023-03-29 09:00:00,1158,0,22.87,23.14,22.69,22.78,2581689,59043227.43,derived_ohlc4
HNX_PVS,PVS,2023-03-30 09:00:00,1159,0,22.87,23.05,22.6,22.78,3213691,73352497.075,derived_ohlc4
HNX_PVS,PVS,2023-03-31 09:00:00,1160,0,22.87,23.14,22.78,22.87,3783733,86704241.69500001,derived_ohlc4
HNX_PVS,PVS,2023-04-03 09:00:00,1161,0,23.42,24.14,23.42,23.78,6092707,144336228.83,derived_ohlc4
HNX_PVS,PVS,2023-04-04 09:00:00,1162,0,23.86,24.14,23.6,23.68,4803216,114412605.12,derived_ohlc4
HNX_PVS,PVS,2023-04-05 09:00:00,1163,0,23.68,24.14,23.6,23.78,5862327,139523382.6,derived_ohlc4
HNX_PVS,PVS,2023-04-06 09:00:00,1164,0,22.33,23.96,22.33,23.14,5587133,128168831.02000001,derived_ohlc4
HNX_PVS,PVS,2023-04-07 09:00:00,1165,0,23.14,23.42,23.05,23.32,3550524,82487548.83000001,derived_ohlc4
HNX_PVS,PVS,2023-04-10 09:00:00,1166,0,23.05,23.68,23.05,23.14,4041966,93894870.18,derived_ohlc4
HNX_PVS,PVS,2023-04-11 09:00:00,1167,0,23.05,23.78,22.96,23.5,6820712,159076055.61999997,derived_ohlc4
HNX_PVS,PVS,2023-04-12 09:00:00,1168,0,23.68,23.96,23.5,23.5,3962846,93760936.36,derived_ohlc4
HNX_PVS,PVS,2023-04-13 09:00:00,1169,0,23.68,24.22,23.6,23.78,7901479,188213229.78,derived_ohlc4
HNX_PVS,PVS,2023-04-14 09:00:00,1170,0,23.68,23.96,23.05,23.05,4935320,115659224.19999999,derived_ohlc4
HNX_PVS,PVS,2023-04-17 09:00:00,1171,0,22.51,23.23,22.51,23.05,2560557,58444713.525,derived_ohlc4
HNX_PVS,PVS,2023-04-18 09:00:00,1172,0,23.05,23.32,22.96,23.32,2915390,67527720.875,derived_ohlc4
HNX_PVS,PVS,2023-04-19 09:00:00,1173,0,23.42,23.68,22.87,23.05,2733571,63569193.605,derived_ohlc4
HNX_PVS,PVS,2023-04-20 09:00:00,1174,0,22.96,23.05,22.51,22.78,3249085,74160365.12500001,derived_ohlc4
HNX_PVS,PVS,2023-04-21 09:00:00,1175,0,22.78,22.96,22.42,22.42,3281541,74310495.945,derived_ohlc4
HNX_PVS,PVS,2023-04-24 09:00:00,1176,0,22.42,22.69,22.24,22.51,1776302,39904624.43,derived_ohlc4
HNX_PVS,PVS,2023-04-25 09:00:00,1177,0,22.6,22.87,22.33,22.42,2404675,54237444.625,derived_ohlc4
HNX_PVS,PVS,2023-04-26 09:00:00,1178,0,22.51,22.78,22.33,22.78,2241328,50654012.800000004,derived_ohlc4
HNX_PVS,PVS,2023-04-27 09:00:00,1179,0,22.78,23.14,22.51,22.51,3328973,75684201.15500002,derived_ohlc4
HNX_PVS,PVS,2023-04-28 09:00:00,1180,0,22.6,22.87,22.51,22.78,2070364,46976559.160000004,derived_ohlc4
HNX_PVS,PVS,2023-05-04 09:00:00,1181,0,22.78,22.78,22.33,22.6,3058238,69184989.155,derived_ohlc4
HNX_PVS,PVS,2023-05-05 09:00:00,1182,0,20.35,22.78,20.35,22.6,1694291,36461142.32000001,derived_ohlc4
HNX_PVS,PVS,2023-05-08 09:00:00,1183,0,22.69,23.5,22.69,23.14,4354185,100168025.925,derived_ohlc4
HNX_PVS,PVS,2023-05-09 09:00:00,1184,0,23.23,23.78,23.14,23.32,5884591,137508180.1925,derived_ohlc4
HNX_PVS,PVS,2023-05-10 09:00:00,1185,0,23.32,23.5,23.14,23.42,2476396,57811464.620000005,derived_ohlc4
HNX_PVS,PVS,2023-05-11 09:00:00,1186,0,23.5,23.96,23.32,23.5,6300136,148494205.52,derived_ohlc4
HNX_PVS,PVS,2023-05-12 09:00:00,1187,0,23.5,23.78,23.42,23.68,3645339,86011773.705,derived_ohlc4
HNX_PVS,PVS,2023-05-15 09:00:00,1188,0,23.5,23.96,23.14,23.14,5210265,122102560.27499999,derived_ohlc4
HNX_PVS,PVS,2023-05-16 09:00:00,1189,0,23.32,24.5,23.32,24.04,10963254,260870628.93,derived_ohlc4
HNX_PVS,PVS,2023-05-17 09:00:00,1190,0,24.04,24.5,23.78,23.78,6475104,155564373.6,derived_ohlc4
HNX_PVS,PVS,2023-05-18 09:00:00,1191,0,23.86,24.14,23.78,23.96,5710502,136680865.37,derived_ohlc4
HNX_PVS,PVS,2023-05-19 09:00:00,1192,0,23.96,25.58,23.96,25.49,16008280,396164909.29999995,derived_ohlc4
HNX_PVS,PVS,2023-05-22 09:00:00,1193,0,25.67,26.39,25.67,25.85,7172271,185725957.54500002,derived_ohlc4
HNX_PVS,PVS,2023-05-23 09:00:00,1194,0,25.76,26.57,25.58,26.57,11852914,309598113.67999995,derived_ohlc4
HNX_PVS,PVS,2023-05-24 09:00:00,1195,0,26.57,27.29,26.57,26.57,9185536,245713088.0,derived_ohlc4
HNX_PVS,PVS,2023-05-25 09:00:00,1196,0,26.57,27.47,26.21,27.38,8693452,233919059.69,derived_ohlc4
HNX_PVS,PVS,2023-05-26 09:00:00,1197,0,27.38,27.74,26.93,27.29,6986379,190972669.965,derived_ohlc4
HNX_PVS,PVS,2023-05-29 09:00:00,1198,0,27.47,27.83,26.93,26.93,8143907,222247222.03,derived_ohlc4
HNX_PVS,PVS,2023-05-30 09:00:00,1199,0,26.93,27.56,26.84,27.56,8345882,227195772.745,derived_ohlc4
HNX_PVS,PVS,2023-05-31 09:00:00,1200,0,27.11,28.28,27.02,27.92,8106187,223588902.9275,derived_ohlc4
HNX_PVS,PVS,2023-06-01 09:00:00,1201,0,27.92,27.92,27.2,27.56,6313937,174580358.05,derived_ohlc4
HNX_PVS,PVS,2023-06-02 09:00:00,1202,0,27.56,28.28,27.38,27.92,7893773,219328482.805,derived_ohlc4
HNX_PVS,PVS,2023-06-05 09:00:00,1203,0,28.01,28.55,27.92,28.01,4966435,139668568.28750002,derived_ohlc4
HNX_PVS,PVS,2023-06-06 09:00:00,1204,0,27.92,28.19,27.56,27.92,5606367,156403623.3825,derived_ohlc4
HNX_PVS,PVS,2023-06-07 09:00:00,1205,0,28.1,28.46,27.83,27.92,6826473,191670295.6575,derived_ohlc4
HNX_PVS,PVS,2023-06-08 09:00:00,1206,0,27.92,28.91,27.2,27.56,11490556,320557786.01,derived_ohlc4
HNX_PVS,PVS,2023-06-09 09:00:00,1207,0,27.74,27.83,27.2,27.56,5998134,165443531.055,derived_ohlc4
HNX_PVS,PVS,2023-06-12 09:00:00,1208,0,27.56,27.83,26.93,27.83,7451899,205206668.71249998,derived_ohlc4
HNX_PVS,PVS,2023-06-13 09:00:00,1209,0,27.83,28.1,27.47,27.83,6006608,167028751.96,derived_ohlc4
HNX_PVS,PVS,2023-06-14 09:00:00,1210,0,28.01,28.46,27.47,27.47,7616507,212138761.2175,derived_ohlc4
HNX_PVS,PVS,2023-06-15 09:00:00,1211,0,27.47,29.72,27.47,29.72,14756686,421967436.16999996,derived_ohlc4
HNX_PVS,PVS,2023-06-16 09:00:00,1212,0,29.9,30.17,29.09,29.18,8466689,250486994.065,derived_ohlc4
HNX_PVS,PVS,2023-06-19 09:00:00,1213,0,29.27,30.35,29.09,29.54,9072684,268211220.75,derived_ohlc4
HNX_PVS,PVS,2023-06-20 09:00:00,1214,0,29.81,29.9,29.45,29.81,3518095,104636940.5375,derived_ohlc4
HNX_PVS,PVS,2023-06-21 09:00:00,1215,0,29.9,30.35,29.54,29.81,6918294,206856990.6,derived_ohlc4
HNX_PVS,PVS,2023-06-22 09:00:00,1216,0,30.08,30.08,29.18,29.81,7929557,236201679.13750002,derived_ohlc4
HNX_PVS,PVS,2023-06-23 09:00:00,1217,0,29.36,29.81,28.55,28.64,15028001,437164549.09,derived_ohlc4
HNX_PVS,PVS,2023-06-26 09:00:00,1218,0,28.82,29.45,28.28,29.36,6524173,189054223.1075,derived_ohlc4
HNX_PVS,PVS,2023-06-27 09:00:00,1219,0,29.45,30.08,29.36,29.54,7218552,213723278.34,derived_ohlc4
HNX_PVS,PVS,2023-06-28 09:00:00,1220,0,29.81,30.17,29.27,29.45,6585319,195419341.32500002,derived_ohlc4
HNX_PVS,PVS,2023-06-29 09:00:00,1221,0,29.72,30.08,29.27,29.27,6490729,192028217.46499997,derived_ohlc4
HNX_PVS,PVS,2023-06-30 09:00:00,1222,0,29.27,29.63,29.18,29.18,3150015,92342689.725,derived_ohlc4
HNX_PVS,PVS,2023-07-03 09:00:00,1223,0,29.18,30.26,29.18,29.9,5516059,163440828.17000002,derived_ohlc4
HNX_PVS,PVS,2023-07-04 09:00:00,1224,0,29.9,31.34,29.9,31.16,9959111,304499818.8249999,derived_ohlc4
HNX_PVS,PVS,2023-07-05 09:00:00,1225,0,31.16,31.34,30.53,30.53,5012905,154848635.45,derived_ohlc4
HNX_PVS,PVS,2023-07-06 09:00:00,1226,0,30.62,30.71,29.63,29.81,10332052,311950480.01,derived_ohlc4
HNX_PVS,PVS,2023-07-07 09:00:00,1227,0,29.81,30.17,29.72,29.9,4590807,137265129.29999998,derived_ohlc4
HNX_PVS,PVS,2023-07-10 09:00:00,1228,0,30.08,30.89,30.08,30.35,6005857,182277759.95000002,derived_ohlc4
HNX_PVS,PVS,2023-07-11 09:00:00,1229,0,30.44,30.62,30.17,30.44,4700524,142978188.77,derived_ohlc4
HNX_PVS,PVS,2023-07-12 09:00:00,1230,0,30.71,30.89,30.35,30.44,3980746,121800875.735,derived_ohlc4
HNX_PVS,PVS,2023-07-13 09:00:00,1231,0,30.62,30.98,30.35,30.62,3501309,107288861.03250001,derived_ohlc4
HNX_PVS,PVS,2023-07-14 09:00:00,1232,0,30.71,30.98,30.26,30.62,4402008,134888530.14000002,derived_ohlc4
HNX_PVS,PVS,2023-07-17 09:00:00,1233,0,30.71,31.52,30.44,31.34,6235541,193317359.85250002,derived_ohlc4
HNX_PVS,PVS,2023-07-18 09:00:00,1234,0,31.34,31.88,31.07,31.07,4343804,136134817.35999998,derived_ohlc4
HNX_PVS,PVS,2023-07-19 09:00:00,1235,0,31.16,31.25,30.44,30.53,5211610,160752110.45,derived_ohlc4
HNX_PVS,PVS,2023-07-20 09:00:00,1236,0,30.53,30.62,30.17,30.53,3566586,108647126.025,derived_ohlc4
HNX_PVS,PVS,2023-07-21 09:00:00,1237,0,30.62,31.16,30.53,30.89,3448855,106224734.0,derived_ohlc4
HNX_PVS,PVS,2023-07-24 09:00:00,1238,0,31.16,31.7,30.8,31.43,6308810,197292260.725,derived_ohlc4
HNX_PVS,PVS,2023-07-25 09:00:00,1239,0,31.52,31.88,30.98,31.52,4893418,154020331.54999998,derived_ohlc4
HNX_PVS,PVS,2023-07-26 09:00:00,1240,0,31.52,31.61,31.16,31.34,3836847,120505772.15249999,derived_ohlc4
HNX_PVS,PVS,2023-07-27 09:00:00,1241,0,31.34,31.52,30.44,30.71,7407247,229643175.11749998,derived_ohlc4
HNX_PVS,PVS,2023-07-28 09:00:00,1242,0,30.89,31.34,30.53,30.98,5608814,173508661.09,derived_ohlc4
HNX_PVS,PVS,2023-07-31 09:00:00,1243,0,30.98,31.97,30.89,30.98,5189440,161936475.20000002,derived_ohlc4
HNX_PVS,PVS,2023-08-01 09:00:00,1244,0,31.07,31.34,30.35,30.35,7331346,225640501.515,derived_ohlc4
HNX_PVS,PVS,2023-08-02 09:00:00,1245,0,30.35,30.89,30.08,30.62,5596240,170601376.4,derived_ohlc4
HNX_PVS,PVS,2023-08-03 09:00:00,1246,0,30.62,30.62,29.72,29.72,7404810,223403117.70000002,derived_ohlc4
HNX_PVS,PVS,2023-08-04 09:00:00,1247,0,29.81,30.89,29.54,30.89,6566290,198843676.925,derived_ohlc4
HNX_PVS,PVS,2023-08-07 09:00:00,1248,0,30.89,31.07,30.53,30.89,4657011,143645504.29500002,derived_ohlc4
HNX_PVS,PVS,2023-08-08 09:00:00,1249,0,30.98,32.78,30.8,32.42,21750373,690465590.885,derived_ohlc4
HNX_PVS,PVS,2023-08-09 09:00:00,1250,0,32.42,32.6,31.97,32.15,4942838,159579524.83,derived_ohlc4
HNX_PVS,PVS,2023-08-10 09:00:00,1251,0,32.42,32.6,31.52,31.52,7941612,254250708.18,derived_ohlc4
HNX_PVS,PVS,2023-08-11 09:00:00,1252,0,31.52,31.97,30.98,31.52,7030336,221438008.16,derived_ohlc4
HNX_PVS,PVS,2023-08-14 09:00:00,1253,0,31.07,31.88,31.07,31.52,5024341,157688942.285,derived_ohlc4
HNX_PVS,PVS,2023-08-15 09:00:00,1254,0,31.79,31.79,31.16,31.16,5186756,163253145.1,derived_ohlc4
HNX_PVS,PVS,2023-08-16 09:00:00,1255,0,31.16,31.97,30.98,31.25,5919263,185509702.42,derived_ohlc4
HNX_PVS,PVS,2023-08-17 09:00:00,1256,0,31.25,31.43,30.71,30.71,7087784,219898498.6,derived_ohlc4
HNX_PVS,PVS,2023-08-18 09:00:00,1257,0,30.71,31.43,27.83,28.82,12701402,377199885.895,derived_ohlc4
HNX_PVS,PVS,2023-08-21 09:00:00,1258,0,28.82,29.72,28.46,29.54,5205133,151651549.95499998,derived_ohlc4
HNX_PVS,PVS,2023-08-22 09:00:00,1259,0,29.72,29.72,28.01,29.72,4329512,126822230.26,derived_ohlc4
HNX_PVS,PVS,2023-08-23 09:00:00,1260,0,29.9,30.08,29.09,29.45,2782465,82444437.95,derived_ohlc4
HNX_PVS,PVS,2023-08-24 09:00:00,1261,0,29.36,30.08,29.18,30.08,3144419,93310633.825,derived_ohlc4
HNX_PVS,PVS,2023-08-25 09:00:00,1262,0,30.08,30.35,29.72,29.9,3088935,92706661.68750001,derived_ohlc4
HNX_PVS,PVS,2023-08-28 09:00:00,1263,0,29.9,30.35,29.9,30.17,3485725,104850608.0,derived_ohlc4
HNX_PVS,PVS,2023-08-29 09:00:00,1264,0,30.26,31.61,30.17,31.43,9004877,277958040.7975,derived_ohlc4
HNX_PVS,PVS,2023-08-30 09:00:00,1265,0,31.52,31.79,31.07,31.43,4305400,135415593.5,derived_ohlc4
HNX_PVS,PVS,2023-08-31 09:00:00,1266,0,31.43,32.24,31.43,31.97,7680779,243999146.8825,derived_ohlc4
HNX_PVS,PVS,2023-09-05 09:00:00,1267,0,32.15,33.14,32.06,32.87,8673636,282370219.98,derived_ohlc4
HNX_PVS,PVS,2023-09-06 09:00:00,1268,0,33.14,33.41,32.6,32.96,5776510,190783684.025,derived_ohlc4
HNX_PVS,PVS,2023-09-07 09:00:00,1269,0,32.96,33.95,32.78,33.77,10086753,336544513.845,derived_ohlc4
HNX_PVS,PVS,2023-09-08 09:00:00,1270,0,33.77,33.95,33.32,33.41,4276549,143745503.2625,derived_ohlc4
HNX_PVS,PVS,2023-09-11 09:00:00,1271,0,34.13,34.67,32.24,32.33,8742023,291480901.8775,derived_ohlc4
HNX_PVS,PVS,2023-09-12 09:00:00,1272,0,32.33,33.23,32.06,33.23,4764643,155863384.1375,derived_ohlc4
HNX_PVS,PVS,2023-09-13 09:00:00,1273,0,33.5,34.49,33.23,33.5,8761864,295099579.52,derived_ohlc4
HNX_PVS,PVS,2023-09-14 09:00:00,1274,0,33.68,34.67,33.14,34.13,11574931,392448035.555,derived_ohlc4
HNX_PVS,PVS,2023-09-15 09:00:00,1275,0,34.13,36.47,34.13,35.48,11291007,395778022.86749995,derived_ohlc4
HNX_PVS,PVS,2023-09-18 09:00:00,1276,0,35.48,35.75,34.49,34.67,6187684,217172239.18999997,derived_ohlc4
HNX_PVS,PVS,2023-09-19 09:00:00,1277,0,34.85,35.48,34.4,35.03,5017930,175326474.2,derived_ohlc4
HNX_PVS,PVS,2023-09-20 09:00:00,1278,0,35.21,35.39,34.85,35.3,5227511,183943043.3125,derived_ohlc4
HNX_PVS,PVS,2023-09-21 09:00:00,1279,0,35.48,35.75,34.4,34.58,7707330,270161184.825,derived_ohlc4
HNX_PVS,PVS,2023-09-22 09:00:00,1280,0,34.67,34.94,32.33,33.59,11223225,380270921.0625,derived_ohlc4
HNX_PVS,PVS,2023-09-25 09:00:00,1281,0,33.59,34.49,32.06,32.06,7209775,238283063.75000003,derived_ohlc4
HNX_PVS,PVS,2023-09-26 09:00:00,1282,0,32.06,33.68,32.06,32.51,5758159,187586424.8225,derived_ohlc4
HNX_PVS,PVS,2023-09-27 09:00:00,1283,0,32.6,33.68,32.33,33.68,5155369,170500941.2525,derived_ohlc4
HNX_PVS,PVS,2023-09-28 09:00:00,1284,0,34.22,35.57,33.86,35.57,12535543,436299574.115,derived_ohlc4
HNX_PVS,PVS,2023-09-29 09:00:00,1285,0,35.75,36.11,34.76,34.76,6241840,220617834.79999998,derived_ohlc4
HNX_PVS,PVS,2023-10-02 09:00:00,1286,0,35.21,35.21,33.95,34.13,6232571,215802770.875,derived_ohlc4
HNX_PVS,PVS,2023-10-03 09:00:00,1287,0,34.04,34.04,32.06,32.42,12745298,422379175.72,derived_ohlc4
HNX_PVS,PVS,2023-10-04 09:00:00,1288,0,32.33,34.04,31.52,33.5,8834987,290207235.48249996,derived_ohlc4
HNX_PVS,PVS,2023-10-05 09:00:00,1289,0,33.14,33.68,32.78,32.78,5629452,186306713.94,derived_ohlc4
HNX_PVS,PVS,2023-10-06 09:00:00,1290,0,32.69,33.41,32.6,33.14,4150675,136806247.99999997,derived_ohlc4
HNX_PVS,PVS,2023-10-09 09:00:00,1291,0,33.32,34.67,33.32,34.4,5997732,203488052.43,derived_ohlc4
HNX_PVS,PVS,2023-10-10 09:00:00,1292,0,34.31,34.67,34.04,34.04,4664283,159821656.995,derived_ohlc4
HNX_PVS,PVS,2023-10-11 09:00:00,1293,0,34.04,35.84,34.04,35.48,9533035,332226269.74999994,derived_ohlc4
HNX_PVS,PVS,2023-10-12 09:00:00,1294,0,35.39,35.48,34.76,35.12,5948831,209324490.8125,derived_ohlc4
HNX_PVS,PVS,2023-10-13 09:00:00,1295,0,35.03,36.38,34.85,35.93,9370861,333110681.3975,derived_ohlc4
HNX_PVS,PVS,2023-10-16 09:00:00,1296,0,36.2,37.28,35.66,36.65,9977172,363642976.46999997,derived_ohlc4
HNX_PVS,PVS,2023-10-17 09:00:00,1297,0,36.83,36.92,34.22,34.22,8790331,312474291.22249997,derived_ohlc4
HNX_PVS,PVS,2023-10-18 09:00:00,1298,0,34.22,35.12,32.78,34.67,12492461,427210935.0475001,derived_ohlc4
HNX_PVS,PVS,2023-10-19 09:00:00,1299,0,34.67,35.03,33.23,33.86,6772143,231590360.24250004,derived_ohlc4
HNX_PVS,PVS,2023-10-20 09:00:00,1300,0,33.95,35.03,33.41,35.03,7225849,248244042.39500004,derived_ohlc4
HNX_PVS,PVS,2023-10-23 09:00:00,1301,0,35.03,35.12,33.86,34.4,4288439,148390710.4975,derived_ohlc4
HNX_PVS,PVS,2023-10-24 09:00:00,1302,0,34.49,34.94,33.86,34.31,3103391,106756650.40000002,derived_ohlc4
HNX_PVS,PVS,2023-10-25 09:00:00,1303,0,33.77,34.76,33.77,34.04,3177458,108303655.93,derived_ohlc4
HNX_PVS,PVS,2023-10-26 09:00:00,1304,0,34.59,34.59,30.92,32.66,13041600,432850704.0,derived_ohlc4
HNX_PVS,PVS,2023-10-27 09:00:00,1305,0,32.66,34.32,31.66,34.04,4908893,162827980.80999997,derived_ohlc4
HNX_PVS,PVS,2023-10-30 09:00:00,1306,0,34.41,34.78,32.11,32.11,4928009,164361420.17249998,derived_ohlc4
HNX_PVS,PVS,2023-10-31 09:00:00,1307,0,32.11,32.57,28.9,30.28,10876181,336780944.665,derived_ohlc4
HNX_PVS,PVS,2023-11-01 09:00:00,1308,0,27.98,31.2,27.98,31.01,4197193,123995574.2025,derived_ohlc4
HNX_PVS,PVS,2023-11-02 09:00:00,1309,0,31.29,32.48,31.1,32.21,5272924,167520795.48000002,derived_ohlc4
HNX_PVS,PVS,2023-11-03 09:00:00,1310,0,32.21,32.66,31.47,32.02,3936222,126313363.98000002,derived_ohlc4
HNX_PVS,PVS,2023-11-06 09:00:00,1311,0,32.02,32.3,30.74,32.11,3041956,96711386.13,derived_ohlc4
HNX_PVS,PVS,2023-11-07 09:00:00,1312,0,32.39,33.49,31.75,32.66,5472335,178247631.7875,derived_ohlc4
HNX_PVS,PVS,2023-11-08 09:00:00,1313,0,32.66,34.13,32.11,34.13,5522524,183665341.93,derived_ohlc4
HNX_PVS,PVS,2023-11-09 09:00:00,1314,0,30.74,34.5,30.74,33.77,6847987,222131578.3125,derived_ohlc4
HNX_PVS,PVS,2023-11-10 09:00:00,1315,0,32.21,34.22,32.21,33.49,5473591,180806394.70750004,derived_ohlc4
HNX_PVS,PVS,2023-11-13 09:00:00,1316,0,33.49,34.32,33.31,34.32,5433994,183995036.84,derived_ohlc4
HNX_PVS,PVS,2023-11-14 09:00:00,1317,0,34.5,35.05,34.13,34.13,3903122,134472310.705,derived_ohlc4
HNX_PVS,PVS,2023-11-15 09:00:00,1318,0,34.22,34.96,33.77,33.86,6046110,206792077.275,derived_ohlc4
HNX_PVS,PVS,2023-11-16 09:00:00,1319,0,33.86,34.32,33.58,34.32,4080518,138819222.36,derived_ohlc4
HNX_PVS,PVS,2023-11-17 09:00:00,1320,0,34.13,34.32,33.22,33.4,8479079,286317300.1325,derived_ohlc4
HNX_PVS,PVS,2023-11-20 09:00:00,1321,0,33.03,33.86,32.57,33.58,3396886,112980428.36000001,derived_ohlc4
HNX_PVS,PVS,2023-11-21 09:00:00,1322,0,32.11,35.33,32.11,35.33,12381501,417504213.71999997,derived_ohlc4
HNX_PVS,PVS,2023-11-22 09:00:00,1323,0,35.33,35.6,34.68,35.23,4041347,142295827.87,derived_ohlc4
HNX_PVS,PVS,2023-11-23 09:00:00,1324,0,35.14,35.97,33.49,33.49,8412865,290433131.96250004,derived_ohlc4
HNX_PVS,PVS,2023-11-24 09:00:00,1325,0,33.49,34.04,33.03,33.95,5262046,176949451.86499998,derived_ohlc4
HNX_PVS,PVS,2023-11-27 09:00:00,1326,0,34.04,34.59,33.77,34.04,2798854,95468909.94,derived_ohlc4
HNX_PVS,PVS,2023-11-28 09:00:00,1327,0,34.04,34.32,33.67,34.13,2809208,95625440.32,derived_ohlc4
HNX_PVS,PVS,2023-11-29 09:00:00,1328,0,34.22,36.15,34.22,35.78,11727999,411564804.9075,derived_ohlc4
HNX_PVS,PVS,2023-11-30 09:00:00,1329,0,35.78,36.43,35.42,35.42,6867453,245597287.91250002,derived_ohlc4
HNX_PVS,PVS,2023-12-01 09:00:00,1330,0,35.42,36.24,35.14,35.6,4865937,173227357.20000002,derived_ohlc4
HNX_PVS,PVS,2023-12-04 09:00:00,1331,0,35.88,36.52,35.78,36.06,7171053,258588171.18,derived_ohlc4
HNX_PVS,PVS,2023-12-05 09:00:00,1332,0,36.24,37.8,36.06,36.7,9703739,356127221.3,derived_ohlc4
HNX_PVS,PVS,2023-12-06 09:00:00,1333,0,37.16,37.16,35.97,36.89,4775221,175704256.69500002,derived_ohlc4
HNX_PVS,PVS,2023-12-07 09:00:00,1334,0,36.89,36.89,35.33,35.6,9711531,351338912.7525,derived_ohlc4
HNX_PVS,PVS,2023-12-08 09:00:00,1335,0,35.69,36.06,35.23,35.6,3757767,133945604.71499999,derived_ohlc4
HNX_PVS,PVS,2023-12-11 09:00:00,1336,0,35.78,36.24,35.6,36.24,3380126,121566231.59000002,derived_ohlc4
HNX_PVS,PVS,2023-12-12 09:00:00,1337,0,32.66,36.43,32.66,36.15,1817384,62654313.400000006,derived_ohlc4
HNX_PVS,PVS,2023-12-13 09:00:00,1338,0,36.24,36.24,34.5,34.78,9672493,342793151.91999996,derived_ohlc4
HNX_PVS,PVS,2023-12-14 09:00:00,1339,0,34.96,35.33,34.59,34.59,2688279,93733568.0325,derived_ohlc4
HNX_PVS,PVS,2023-12-15 09:00:00,1340,0,34.68,35.14,34.41,34.41,4550631,157724870.45999998,derived_ohlc4
HNX_PVS,PVS,2023-12-18 09:00:00,1341,0,34.41,34.87,34.32,34.32,1838780,63401134.39999999,derived_ohlc4
HNX_PVS,PVS,2023-12-19 09:00:00,1342,0,34.5,34.78,34.04,34.78,2535686,87544559.14999999,derived_ohlc4
HNX_PVS,PVS,2023-12-20 09:00:00,1343,0,34.78,35.42,34.78,35.23,3042948,106662934.77000001,derived_ohlc4
HNX_PVS,PVS,2023-12-21 09:00:00,1344,0,34.32,35.51,34.32,35.05,1444698,50275490.4,derived_ohlc4
HNX_PVS,PVS,2023-12-22 09:00:00,1345,0,34.87,35.33,34.87,35.14,2338748,81978964.26999998,derived_ohlc4
HNX_PVS,PVS,2023-12-25 09:00:00,1346,0,35.23,35.78,35.23,35.33,2545263,90083220.72749999,derived_ohlc4
HNX_PVS,PVS,2023-12-26 09:00:00,1347,0,35.33,36.06,35.33,35.6,3087248,109844283.83999999,derived_ohlc4
HNX_PVS,PVS,2023-12-27 09:00:00,1348,0,35.78,35.97,35.51,35.51,2966843,105894043.77749999,derived_ohlc4
HNX_PVS,PVS,2023-12-28 09:00:00,1349,0,35.78,35.78,35.05,35.14,2713216,96149592.0,derived_ohlc4
HNX_PVS,PVS,2023-12-29 09:00:00,1350,0,34.96,35.23,34.87,34.87,2033213,71126873.77250001,derived_ohlc4
HNX_PVS,PVS,2024-01-02 09:00:00,1351,0,35.05,35.42,34.78,34.78,2322306,81298127.295,derived_ohlc4
HNX_PVS,PVS,2024-01-03 09:00:00,1352,0,34.78,35.05,34.59,35.05,2449197,85397376.3975,derived_ohlc4
HNX_PVS,PVS,2024-01-04 09:00:00,1353,0,35.14,35.6,35.05,35.14,4174209,147067818.5925,derived_ohlc4
HNX_PVS,PVS,2024-01-05 09:00:00,1354,0,35.23,35.51,34.59,35.05,2178571,76456949.245,derived_ohlc4
HNX_PVS,PVS,2024-01-08 09:00:00,1355,0,35.33,35.33,34.41,34.59,5104811,178234476.065,derived_ohlc4
HNX_PVS,PVS,2024-01-09 09:00:00,1356,0,34.59,34.68,33.67,33.77,8862243,302889310.1325,derived_ohlc4
HNX_PVS,PVS,2024-01-10 09:00:00,1357,0,33.95,34.13,33.49,33.49,4993932,168620113.98000005,derived_ohlc4
HNX_PVS,PVS,2024-01-11 09:00:00,1358,0,33.77,34.13,33.4,34.13,3724918,126116411.185,derived_ohlc4
HNX_PVS,PVS,2024-01-12 09:00:00,1359,0,34.22,34.5,33.67,33.77,4258359,144954540.35999998,derived_ohlc4
HNX_PVS,PVS,2024-01-15 09:00:00,1360,0,33.95,34.22,33.77,33.77,2948219,100025700.1225,derived_ohlc4
HNX_PVS,PVS,2024-01-16 09:00:00,1361,0,33.77,34.04,33.58,34.04,1593663,53957445.0225,derived_ohlc4
HNX_PVS,PVS,2024-01-17 09:00:00,1362,0,34.04,34.59,32.76,34.04,3653530,123699391.97499998,derived_ohlc4
HNX_PVS,PVS,2024-01-18 09:00:00,1363,0,34.22,34.32,33.86,34.04,2784103,94965753.33,derived_ohlc4
HNX_PVS,PVS,2024-01-19 09:00:00,1364,0,34.32,34.41,33.86,33.86,4051035,138190931.4375,derived_ohlc4
HNX_PVS,PVS,2024-01-22 09:00:00,1365,0,33.86,34.13,33.58,33.67,2763169,93422743.89,derived_ohlc4
HNX_PVS,PVS,2024-01-23 09:00:00,1366,0,33.67,34.32,33.67,34.04,5702003,193440451.77500004,derived_ohlc4
HNX_PVS,PVS,2024-01-24 09:00:00,1367,0,34.22,34.32,33.86,33.86,1928213,65684575.845,derived_ohlc4
HNX_PVS,PVS,2024-01-25 09:00:00,1368,0,33.86,34.13,33.67,33.77,2252073,76249561.5975,derived_ohlc4
HNX_PVS,PVS,2024-01-26 09:00:00,1369,0,33.67,34.22,33.58,33.86,3149562,106557556.365,derived_ohlc4
HNX_PVS,PVS,2024-01-29 09:00:00,1370,0,33.95,34.13,33.77,33.86,2022985,68634823.58750002,derived_ohlc4
HNX_PVS,PVS,2024-01-30 09:00:00,1371,0,33.95,34.5,33.95,34.13,4401841,150245837.9325,derived_ohlc4
HNX_PVS,PVS,2024-01-31 09:00:00,1372,0,34.04,34.32,33.67,33.67,4084740,138574804.5,derived_ohlc4
HNX_PVS,PVS,2024-02-01 09:00:00,1373,0,33.77,34.22,33.49,33.86,2435168,82393909.28000002,derived_ohlc4
HNX_PVS,PVS,2024-02-02 09:00:00,1374,0,33.95,33.95,33.67,33.67,3280993,110930373.33000001,derived_ohlc4
HNX_PVS,PVS,2024-02-05 09:00:00,1375,0,33.86,34.04,33.58,33.67,3791399,128101893.7125,derived_ohlc4
HNX_PVS,PVS,2024-02-06 09:00:00,1376,0,33.86,34.59,33.67,34.5,9564654,326680757.37,derived_ohlc4
HNX_PVS,PVS,2024-02-07 09:00:00,1377,0,34.68,34.68,34.13,34.5,3967554,136870694.115,derived_ohlc4
HNX_PVS,PVS,2024-02-15 09:00:00,1378,0,35.78,35.88,33.95,34.32,4739310,165792912.07500002,derived_ohlc4
HNX_PVS,PVS,2024-02-16 09:00:00,1379,0,33.67,34.59,33.67,34.13,4798817,163231760.255,derived_ohlc4
HNX_PVS,PVS,2024-02-19 09:00:00,1380,0,34.13,34.87,34.04,34.41,6052533,207980165.21249998,derived_ohlc4
HNX_PVS,PVS,2024-02-20 09:00:00,1381,0,31.01,34.87,31.01,34.22,5285602,173248819.555,derived_ohlc4
HNX_PVS,PVS,2024-02-21 09:00:00,1382,0,34.13,34.41,33.86,33.86,5085745,173245903.42499998,derived_ohlc4
HNX_PVS,PVS,2024-02-22 09:00:00,1383,0,30.55,34.59,30.55,33.95,5245630,170010868.29999998,derived_ohlc4
HNX_PVS,PVS,2024-02-23 09:00:00,1384,0,33.58,34.22,33.03,33.03,8056844,269622284.46000004,derived_ohlc4
HNX_PVS,PVS,2024-02-26 09:00:00,1385,0,33.03,33.31,32.66,33.12,4443302,146762265.06,derived_ohlc4
HNX_PVS,PVS,2024-02-27 09:00:00,1386,0,33.49,33.58,33.03,33.49,4760324,158982920.79,derived_ohlc4
HNX_PVS,PVS,2024-02-28 09:00:00,1387,0,33.49,35.33,33.49,34.13,12576757,428993181.27,derived_ohlc4
HNX_PVS,PVS,2024-02-29 09:00:00,1388,0,34.41,34.5,33.67,33.77,5190256,176922851.4,derived_ohlc4
HNX_PVS,PVS,2024-03-01 09:00:00,1389,0,33.95,34.22,33.58,33.86,5830248,197659982.82000002,derived_ohlc4
HNX_PVS,PVS,2024-03-04 09:00:00,1390,0,33.86,34.59,33.86,34.22,7209237,246069281.9025,derived_ohlc4
HNX_PVS,PVS,2024-03-05 09:00:00,1391,0,34.22,34.41,33.95,34.22,3643722,124615292.4,derived_ohlc4
HNX_PVS,PVS,2024-03-06 09:00:00,1392,0,34.22,34.96,34.04,34.41,11295552,388651705.44,derived_ohlc4
HNX_PVS,PVS,2024-03-07 09:00:00,1393,0,34.41,35.33,34.41,34.78,11763285,408568296.26250005,derived_ohlc4
HNX_PVS,PVS,2024-03-08 09:00:00,1394,0,34.87,35.05,34.13,34.13,6460239,223168956.25499997,derived_ohlc4
HNX_PVS,PVS,2024-03-11 09:00:00,1395,0,34.13,34.22,33.22,33.31,9243475,311689977.0,derived_ohlc4
HNX_PVS,PVS,2024-03-12 09:00:00,1396,0,33.22,33.58,33.12,33.31,5277063,175765775.87249997,derived_ohlc4
HNX_PVS,PVS,2024-03-13 09:00:00,1397,0,33.03,33.86,30.74,33.86,5190132,170612614.17000002,derived_ohlc4
HNX_PVS,PVS,2024-03-14 09:00:00,1398,0,34.04,35.69,33.95,34.78,18212087,630411391.5049999,derived_ohlc4
HNX_PVS,PVS,2024-03-15 09:00:00,1399,0,34.87,35.42,34.32,34.78,5382266,187558514.43499997,derived_ohlc4
HNX_PVS,PVS,2024-03-18 09:00:00,1400,0,34.78,35.14,33.49,33.77,8899297,305201390.615,derived_ohlc4
HNX_PVS,PVS,2024-03-19 09:00:00,1401,0,33.95,34.5,33.86,34.13,3315437,113089556.07,derived_ohlc4
HNX_PVS,PVS,2024-03-20 09:00:00,1402,0,34.13,34.5,33.95,34.5,4227071,144861723.17,derived_ohlc4
HNX_PVS,PVS,2024-03-21 09:00:00,1403,0,34.32,35.6,34.32,35.23,14453784,503967313.62,derived_ohlc4
HNX_PVS,PVS,2024-03-22 09:00:00,1404,0,35.42,35.69,34.87,35.33,7400223,261431378.0325,derived_ohlc4
HNX_PVS,PVS,2024-03-25 09:00:00,1405,0,35.33,36.98,35.23,35.69,14048229,503031959.91749996,derived_ohlc4
HNX_PVS,PVS,2024-03-26 09:00:00,1406,0,32.48,36.15,32.48,35.88,6538530,223928306.17499998,derived_ohlc4
HNX_PVS,PVS,2024-03-27 09:00:00,1407,0,36.24,36.98,35.97,35.97,6957774,252497618.46,derived_ohlc4
HNX_PVS,PVS,2024-03-28 09:00:00,1408,0,36.15,36.34,35.33,35.78,6702297,240612462.30000004,derived_ohlc4
HNX_PVS,PVS,2024-03-29 09:00:00,1409,0,36.24,36.7,35.97,35.97,6754269,244639623.18,derived_ohlc4
HNX_PVS,PVS,2024-04-01 09:00:00,1410,0,36.06,37.8,36.06,37.34,15239975,561059679.625,derived_ohlc4
HNX_PVS,PVS,2024-04-02 09:00:00,1411,0,36.98,40.19,36.79,40.1,16911545,651348155.6749998,derived_ohlc4
HNX_PVS,PVS,2024-04-03 09:00:00,1412,0,40.1,40.56,38.81,39.27,11510445,456792009.82500005,derived_ohlc4
HNX_PVS,PVS,2024-04-04 09:00:00,1413,0,39.27,40.74,39.09,39.36,10832439,429127070.985,derived_ohlc4
HNX_PVS,PVS,2024-04-05 09:00:00,1414,0,39.46,41.11,38.72,38.72,13052226,515595557.565,derived_ohlc4
HNX_PVS,PVS,2024-04-08 09:00:00,1415,0,39.0,39.55,38.54,38.54,8502808,330823002.26,derived_ohlc4
HNX_PVS,PVS,2024-04-09 09:00:00,1416,0,38.08,39.36,38.08,38.9,6126690,236520867.45,derived_ohlc4
HNX_PVS,PVS,2024-04-10 09:00:00,1417,0,38.9,39.36,37.9,38.08,7098995,273737247.2,derived_ohlc4
HNX_PVS,PVS,2024-04-11 09:00:00,1418,0,38.08,39.27,37.53,39.18,8882913,342125394.195,derived_ohlc4
HNX_PVS,PVS,2024-04-12 09:00:00,1419,0,39.46,39.46,38.81,39.46,4524393,177797333.9175,derived_ohlc4
HNX_PVS,PVS,2024-04-15 09:00:00,1420,0,39.64,40.1,35.6,35.69,17284090,652604028.175,derived_ohlc4
HNX_PVS,PVS,2024-04-16 09:00:00,1421,0,35.78,36.61,35.23,36.61,10890434,392681823.95500004,derived_ohlc4
HNX_PVS,PVS,2024-04-17 09:00:00,1422,0,36.7,36.7,35.42,35.42,6717721,242241019.26000002,derived_ohlc4
HNX_PVS,PVS,2024-04-19 09:00:00,1423,0,35.33,36.24,35.05,35.23,10273658,364329596.825,derived_ohlc4
HNX_PVS,PVS,2024-04-22 09:00:00,1424,0,35.14,36.06,34.87,35.6,4472591,158407991.74249998,derived_ohlc4
HNX_PVS,PVS,2024-04-23 09:00:00,1425,0,35.78,36.06,34.13,34.96,5899561,207856282.9325,derived_ohlc4
HNX_PVS,PVS,2024-04-24 09:00:00,1426,0,34.96,36.15,34.96,36.06,5907068,209892893.70999998,derived_ohlc4
HNX_PVS,PVS,2024-04-25 09:00:00,1427,0,36.24,36.24,35.51,36.06,4712245,169699723.0625,derived_ohlc4
HNX_PVS,PVS,2024-04-26 09:00:00,1428,0,35.97,36.98,35.33,36.43,7499144,271300282.05999994,derived_ohlc4
HNX_PVS,PVS,2024-05-02 09:00:00,1429,0,36.24,36.52,35.88,36.06,3312495,119829506.62500001,derived_ohlc4
HNX_PVS,PVS,2024-05-03 09:00:00,1430,0,35.88,36.89,35.78,36.15,6114639,221197065.82500002,derived_ohlc4
HNX_PVS,PVS,2024-05-06 09:00:00,1431,0,36.34,37.25,36.06,37.25,5061372,185878886.70000002,derived_ohlc4
HNX_PVS,PVS,2024-05-07 09:00:00,1432,0,37.44,37.62,36.98,37.44,3554200,132820453.99999999,derived_ohlc4
HNX_PVS,PVS,2024-05-08 09:00:00,1433,0,37.34,40.19,36.7,39.46,15651545,601371487.7625,derived_ohlc4
HNX_PVS,PVS,2024-05-09 09:00:00,1434,0,39.55,40.01,38.72,39.0,4066360,159889275.2,derived_ohlc4
HNX_PVS,PVS,2024-05-10 09:00:00,1435,0,39.0,40.74,38.63,40.28,11070019,439064628.58750004,derived_ohlc4
HNX_PVS,PVS,2024-05-13 09:00:00,1436,0,40.37,40.74,39.64,40.46,7114366,286726735.71500003,derived_ohlc4
HNX_PVS,PVS,2024-05-14 09:00:00,1437,0,40.01,40.65,39.73,39.91,3782268,151574390.1,derived_ohlc4
HNX_PVS,PVS,2024-05-15 09:00:00,1438,0,39.91,40.74,39.82,40.01,4316057,173160206.84,derived_ohlc4
HNX_PVS,PVS,2024-05-16 09:00:00,1439,0,40.65,42.21,40.1,41.84,10934156,450487227.20000005,derived_ohlc4
HNX_PVS,PVS,2024-05-17 09:00:00,1440,0,41.84,42.12,41.66,41.75,3161166,132271088.355,derived_ohlc4
HNX_PVS,PVS,2024-05-20 09:00:00,1441,0,42.21,44.04,40.92,41.02,6302802,265017067.095,derived_ohlc4
HNX_PVS,PVS,2024-05-21 09:00:00,1442,0,41.02,41.66,40.46,41.66,6644247,273742976.40000004,derived_ohlc4
HNX_PVS,PVS,2024-05-22 09:00:00,1443,0,42.02,42.02,40.46,41.29,6045627,250576125.08249998,derived_ohlc4
HNX_PVS,PVS,2024-05-23 09:00:00,1444,0,41.2,42.76,40.92,42.02,7282066,303844203.85,derived_ohlc4
HNX_PVS,PVS,2024-05-24 09:00:00,1445,0,42.02,42.85,39.46,40.28,11091196,456430443.39000005,derived_ohlc4
HNX_PVS,PVS,2024-05-27 09:00:00,1446,0,41.2,41.29,40.19,41.2,3710717,152028075.49,derived_ohlc4
HNX_PVS,PVS,2024-05-28 09:00:00,1447,0,38.54,42.02,38.54,41.56,4121927,165557197.95499998,derived_ohlc4
HNX_PVS,PVS,2024-05-29 09:00:00,1448,0,41.56,41.93,40.19,40.56,5911909,242742983.54000002,derived_ohlc4
HNX_PVS,PVS,2024-05-30 09:00:00,1449,0,40.37,40.56,36.79,40.28,8012419,316490550.5,derived_ohlc4
HNX_PVS,PVS,2024-05-31 09:00:00,1450,0,39.46,40.37,39.46,39.82,4016601,159770346.27749997,derived_ohlc4
HNX_PVS,PVS,2024-06-03 09:00:00,1451,0,39.91,40.74,39.73,40.19,5163093,207259460.7525,derived_ohlc4
HNX_PVS,PVS,2024-06-04 09:00:00,1452,0,40.37,41.47,40.01,40.56,5843638,237266311.89499998,derived_ohlc4
HNX_PVS,PVS,2024-06-05 09:00:00,1453,0,40.65,40.92,39.82,39.91,4264945,171983907.12499997,derived_ohlc4
HNX_PVS,PVS,2024-06-06 09:00:00,1454,0,39.64,40.74,39.64,40.01,3043474,121761786.055,derived_ohlc4
HNX_PVS,PVS,2024-06-07 09:00:00,1455,0,40.19,40.83,40.01,40.28,3396382,136967595.105,derived_ohlc4
HNX_PVS,PVS,2024-06-10 09:00:00,1456,0,40.28,41.29,40.1,40.46,4407390,178642535.17499998,derived_ohlc4
HNX_PVS,PVS,2024-06-11 09:00:00,1457,0,40.65,41.29,40.37,40.83,3677421,149983615.48499998,derived_ohlc4
HNX_PVS,PVS,2024-06-12 09:00:00,1458,0,40.92,41.75,40.92,41.66,5578626,230466986.625,derived_ohlc4
HNX_PVS,PVS,2024-06-13 09:00:00,1459,0,37.53,42.12,37.53,41.56,5867170,232838641.45000002,derived_ohlc4
HNX_PVS,PVS,2024-06-14 09:00:00,1460,0,43.4,43.4,40.1,40.1,7006193,292508557.75,derived_ohlc4
HNX_PVS,PVS,2024-06-17 09:00:00,1461,0,42.94,42.94,39.46,39.55,4685022,193128319.39499998,derived_ohlc4
HNX_PVS,PVS,2024-06-18 09:00:00,1462,0,39.55,40.19,39.55,40.01,3307065,131703863.62499999,derived_ohlc4
HNX_PVS,PVS,2024-06-19 09:00:00,1463,0,40.19,40.37,39.73,40.01,2961350,118676101.24999999,derived_ohlc4
HNX_PVS,PVS,2024-06-20 09:00:00,1464,0,40.1,40.56,39.46,39.73,5124666,204794465.025,derived_ohlc4
HNX_PVS,PVS,2024-06-21 09:00:00,1465,0,40.01,40.01,39.46,39.46,3922174,155847583.89,derived_ohlc4
HNX_PVS,PVS,2024-06-24 09:00:00,1466,0,39.55,39.91,37.25,37.99,7432409,287448418.075,derived_ohlc4
HNX_PVS,PVS,2024-06-25 09:00:00,1467,0,38.54,38.54,37.71,38.26,3125965,119607235.81249999,derived_ohlc4
HNX_PVS,PVS,2024-06-26 09:00:00,1468,0,38.26,38.26,37.44,38.26,3686126,140275524.93,derived_ohlc4
HNX_PVS,PVS,2024-06-27 09:00:00,1469,0,38.26,38.26,37.8,37.8,1898634,72205051.02,derived_ohlc4
HNX_PVS,PVS,2024-06-28 09:00:00,1470,0,37.8,38.17,36.79,37.25,3338067,125185857.66749999,derived_ohlc4
HNX_PVS,PVS,2024-07-01 09:00:00,1471,0,37.25,37.8,36.98,37.62,2194035,82084334.4375,derived_ohlc4
HNX_PVS,PVS,2024-07-02 09:00:00,1472,0,37.62,38.81,37.62,38.81,3522960,134629916.4,derived_ohlc4
HNX_PVS,PVS,2024-07-03 09:00:00,1473,0,36.7,39.0,36.7,38.63,2038482,76967984.115,derived_ohlc4
HNX_PVS,PVS,2024-07-04 09:00:00,1474,0,38.72,39.09,38.44,39.0,2500140,97036683.75,derived_ohlc4
HNX_PVS,PVS,2024-07-05 09:00:00,1475,0,39.36,39.46,38.44,39.18,2928946,114551078.06,derived_ohlc4
HNX_PVS,PVS,2024-07-08 09:00:00,1476,0,39.18,39.64,38.81,39.46,2781704,109244470.34,derived_ohlc4
HNX_PVS,PVS,2024-07-09 09:00:00,1477,0,39.64,40.65,39.36,40.56,5689370,227873491.92499998,derived_ohlc4
HNX_PVS,PVS,2024-07-10 09:00:00,1478,0,40.56,40.74,39.73,39.82,2583214,103877492.975,derived_ohlc4
HNX_PVS,PVS,2024-07-11 09:00:00,1479,0,39.91,40.19,39.36,39.46,2734871,108656424.83,derived_ohlc4
HNX_PVS,PVS,2024-07-12 09:00:00,1480,0,39.55,39.82,39.09,39.18,2257888,88983366.08000001,derived_ohlc4
HNX_PVS,PVS,2024-07-15 09:00:00,1481,0,39.18,39.64,39.09,39.46,1587581,62459405.4925,derived_ohlc4
HNX_PVS,PVS,2024-07-16 09:00:00,1482,0,39.46,39.73,39.0,39.46,1364992,53797747.2,derived_ohlc4
HNX_PVS,PVS,2024-07-17 09:00:00,1483,0,39.64,39.64,36.7,38.08,3927767,151277946.005,derived_ohlc4
HNX_PVS,PVS,2024-07-18 09:00:00,1484,0,38.44,38.9,37.62,38.9,2189263,84210001.295,derived_ohlc4
HNX_PVS,PVS,2024-07-19 09:00:00,1485,0,38.9,39.09,38.17,38.81,2454915,95109544.38750002,derived_ohlc4
HNX_PVS,PVS,2024-07-22 09:00:00,1486,0,38.81,38.81,37.34,37.62,2994114,114210478.53000002,derived_ohlc4
HNX_PVS,PVS,2024-07-23 09:00:00,1487,0,37.71,37.99,37.07,37.16,2215552,83044427.84,derived_ohlc4
HNX_PVS,PVS,2024-07-24 09:00:00,1488,0,37.16,37.9,36.7,37.62,2685433,100287495.38499999,derived_ohlc4
HNX_PVS,PVS,2024-07-25 09:00:00,1489,0,37.34,37.62,36.98,37.62,1495724,55925120.36,derived_ohlc4
HNX_PVS,PVS,2024-07-26 09:00:00,1490,0,37.71,38.35,37.44,38.35,2541563,96484085.3875,derived_ohlc4
HNX_PVS,PVS,2024-07-29 09:00:00,1491,0,38.08,38.44,37.53,37.8,2564172,97342379.55,derived_ohlc4
HNX_PVS,PVS,2024-07-30 09:00:00,1492,0,37.99,38.08,37.16,37.34,1888202,71076643.785,derived_ohlc4
HNX_PVS,PVS,2024-07-31 09:00:00,1493,0,37.34,37.99,37.16,37.25,2439098,91307633.63000001,derived_ohlc4
HNX_PVS,PVS,2024-08-01 09:00:00,1494,0,36.89,37.9,36.34,36.7,5303335,195998003.2625,derived_ohlc4
HNX_PVS,PVS,2024-08-02 09:00:00,1495,0,36.52,36.89,35.88,36.7,2973212,108514804.97000001,derived_ohlc4
HNX_PVS,PVS,2024-08-05 09:00:00,1496,0,36.7,36.7,33.22,34.68,7020236,247989836.70000002,derived_ohlc4
HNX_PVS,PVS,2024-08-06 09:00:00,1497,0,34.87,35.33,34.22,35.23,2514909,87801760.46249999,derived_ohlc4
HNX_PVS,PVS,2024-08-07 09:00:00,1498,0,33.95,35.33,33.95,35.23,1685016,58326828.84,derived_ohlc4
HNX_PVS,PVS,2024-08-08 09:00:00,1499,0,31.84,35.33,31.75,34.87,1775914,59399883.51499999,derived_ohlc4
HNX_PVS,PVS,2024-08-09 09:00:00,1500,0,34.22,35.42,34.22,35.42,2823601,98317786.82000001,derived_ohlc4
HNX_PVS,PVS,2024-08-12 09:00:00,1501,0,35.42,35.97,35.42,35.97,1760545,62842653.775,derived_ohlc4
HNX_PVS,PVS,2024-08-13 09:00:00,1502,0,36.15,36.43,35.23,36.06,2465218,88667728.415,derived_ohlc4
HNX_PVS,PVS,2024-08-14 09:00:00,1503,0,35.33,36.06,35.33,35.78,1834148,65341522.5,derived_ohlc4
HNX_PVS,PVS,2024-08-15 09:00:00,1504,0,35.6,35.6,35.05,35.51,1801950,63861107.99999999,derived_ohlc4
HNX_PVS,PVS,2024-08-16 09:00:00,1505,0,32.02,36.52,32.02,36.34,3420721,117074176.22500001,derived_ohlc4
HNX_PVS,PVS,2024-08-19 09:00:00,1506,0,36.34,37.25,36.15,36.98,2832558,103898227.44,derived_ohlc4
HNX_PVS,PVS,2024-08-20 09:00:00,1507,0,33.95,36.98,33.31,36.98,2164238,76408422.59,derived_ohlc4
HNX_PVS,PVS,2024-08-21 09:00:00,1508,0,36.98,38.17,36.98,37.34,4757326,177769379.305,derived_ohlc4
HNX_PVS,PVS,2024-08-22 09:00:00,1509,0,37.34,37.53,36.79,37.25,2535665,94396468.7875,derived_ohlc4
HNX_PVS,PVS,2024-08-23 09:00:00,1510,0,33.58,37.25,33.58,37.07,3048485,107824914.44999999,derived_ohlc4
HNX_PVS,PVS,2024-08-26 09:00:00,1511,0,37.34,37.8,36.89,36.89,2810038,104617714.74000001,derived_ohlc4
HNX_PVS,PVS,2024-08-27 09:00:00,1512,0,37.16,37.34,36.89,36.89,1623186,60171505.02,derived_ohlc4
HNX_PVS,PVS,2024-08-28 09:00:00,1513,0,33.22,37.34,33.22,36.89,1766015,62106332.51250001,derived_ohlc4
HNX_PVS,PVS,2024-08-29 09:00:00,1514,0,33.22,37.07,33.22,36.89,1236217,43391216.699999996,derived_ohlc4
HNX_PVS,PVS,2024-08-30 09:00:00,1515,0,37.53,37.53,36.7,37.44,2094891,78139434.3,derived_ohlc4
HNX_PVS,PVS,2024-09-04 09:00:00,1516,0,37.44,37.53,36.7,37.07,2822884,104968941.54,derived_ohlc4
HNX_PVS,PVS,2024-09-05 09:00:00,1517,0,36.79,37.16,35.78,36.7,1670773,61162822.597500004,derived_ohlc4
HNX_PVS,PVS,2024-09-06 09:00:00,1518,0,35.78,37.25,34.22,37.16,2354372,84998715.13,derived_ohlc4
HNX_PVS,PVS,2024-09-09 09:00:00,1519,0,37.16,38.26,36.98,37.34,2854178,106846153.42999999,derived_ohlc4
HNX_PVS,PVS,2024-09-10 09:00:00,1520,0,37.34,37.62,36.98,37.34,1866229,69647666.28,derived_ohlc4
HNX_PVS,PVS,2024-09-11 09:00:00,1521,0,37.16,37.16,36.7,37.16,1098799,40705008.955,derived_ohlc4
HNX_PVS,PVS,2024-09-12 09:00:00,1522,0,37.25,37.44,36.98,37.34,1270353,47323825.1325,derived_ohlc4
HNX_PVS,PVS,2024-09-13 09:00:00,1523,0,33.67,37.34,33.67,37.07,1001611,35494589.8125,derived_ohlc4
HNX_PVS,PVS,2024-09-16 09:00:00,1524,0,37.07,37.25,36.43,36.7,1840847,67858222.5375,derived_ohlc4
HNX_PVS,PVS,2024-09-17 09:00:00,1525,0,35.88,36.79,35.33,36.7,1601315,57927570.12499999,derived_ohlc4
HNX_PVS,PVS,2024-09-18 09:00:00,1526,0,36.7,37.16,36.7,36.89,976866,36009722.925,derived_ohlc4
HNX_PVS,PVS,2024-09-19 09:00:00,1527,0,36.89,37.34,36.89,37.07,1084921,40193610.7475,derived_ohlc4
HNX_PVS,PVS,2024-09-20 09:00:00,1528,0,37.25,38.44,37.16,38.17,7407148,279656872.73999995,derived_ohlc4
HNX_PVS,PVS,2024-09-23 09:00:00,1529,0,38.17,38.54,37.9,37.9,1497930,57112326.07500001,derived_ohlc4
HNX_PVS,PVS,2024-09-24 09:00:00,1530,0,37.62,38.17,37.62,38.17,2867991,108682518.945,derived_ohlc4
HNX_PVS,PVS,2024-09-25 09:00:00,1531,0,38.35,38.81,38.08,38.17,3816509,146372661.42249998,derived_ohlc4
HNX_PVS,PVS,2024-09-26 09:00:00,1532,0,37.25,38.63,37.25,37.8,5812652,219325891.59,derived_ohlc4
HNX_PVS,PVS,2024-09-27 09:00:00,1533,0,37.8,37.9,37.34,37.34,3043569,114422976.55499999,derived_ohlc4
HNX_PVS,PVS,2024-09-30 09:00:00,1534,0,37.44,37.53,37.07,37.25,2749814,102629933.015,derived_ohlc4
HNX_PVS,PVS,2024-10-01 09:00:00,1535,0,37.25,37.71,37.07,37.07,3607266,134460840.15,derived_ohlc4
HNX_PVS,PVS,2024-10-02 09:00:00,1536,0,37.34,37.8,37.34,37.44,3279392,122911612.16000001,derived_ohlc4
HNX_PVS,PVS,2024-10-03 09:00:00,1537,0,37.62,37.9,36.89,37.44,2808614,105217701.975,derived_ohlc4
HNX_PVS,PVS,2024-10-04 09:00:00,1538,0,37.44,38.63,37.44,38.08,6382817,241892807.25749996,derived_ohlc4
HNX_PVS,PVS,2024-10-07 09:00:00,1539,0,34.32,38.72,34.32,38.54,3376678,123164330.04999998,derived_ohlc4
HNX_PVS,PVS,2024-10-08 09:00:00,1540,0,38.54,39.18,38.17,38.35,4930925,190136468.0,derived_ohlc4
HNX_PVS,PVS,2024-10-09 09:00:00,1541,0,38.08,38.26,37.71,37.9,4151665,157711374.18750003,derived_ohlc4
HNX_PVS,PVS,2024-10-10 09:00:00,1542,0,38.08,38.08,37.71,37.71,3047461,115483534.59500001,derived_ohlc4
HNX_PVS,PVS,2024-10-11 09:00:00,1543,0,37.71,38.08,37.44,37.53,2990976,112729885.44,derived_ohlc4
HNX_PVS,PVS,2024-10-14 09:00:00,1544,0,37.44,37.8,37.07,37.07,3384394,126390193.92999999,derived_ohlc4
HNX_PVS,PVS,2024-10-15 09:00:00,1545,0,37.07,37.25,36.15,36.15,5631494,206422412.57,derived_ohlc4
HNX_PVS,PVS,2024-10-16 09:00:00,1546,0,36.15,36.43,35.88,35.88,1757681,63425918.885,derived_ohlc4
HNX_PVS,PVS,2024-10-17 09:00:00,1547,0,32.3,36.24,32.3,36.24,2261160,77489953.19999999,derived_ohlc4
HNX_PVS,PVS,2024-10-18 09:00:00,1548,0,32.66,36.52,32.66,35.78,1880501,64698636.905,derived_ohlc4
HNX_PVS,PVS,2024-10-21 09:00:00,1549,0,35.78,35.78,35.42,35.42,1607523,57227818.800000004,derived_ohlc4
HNX_PVS,PVS,2024-10-22 09:00:00,1550,0,35.33,35.69,34.13,34.87,2561827,89676754.135,derived_ohlc4
HNX_PVS,PVS,2024-10-23 09:00:00,1551,0,34.22,35.14,34.22,35.14,1632183,56604106.44,derived_ohlc4
HNX_PVS,PVS,2024-10-24 09:00:00,1552,0,31.66,35.42,31.66,35.05,1020353,34128256.9675,derived_ohlc4
HNX_PVS,PVS,2024-10-25 09:00:00,1553,0,35.23,35.33,34.68,34.68,899679,31470771.42,derived_ohlc4
HNX_PVS,PVS,2024-10-28 09:00:00,1554,0,34.41,35.05,34.41,34.78,553910,19199905.374999996,derived_ohlc4
HNX_PVS,PVS,2024-10-29 09:00:00,1555,0,34.78,34.96,34.41,34.78,1611187,55960552.4775,derived_ohlc4
HNX_PVS,PVS,2024-10-30 09:00:00,1556,0,34.78,35.23,34.68,34.68,1392395,48514522.7875,derived_ohlc4
HNX_PVS,PVS,2024-10-31 09:00:00,1557,0,34.68,34.87,34.5,34.68,1236305,42878148.162499994,derived_ohlc4
HNX_PVS,PVS,2024-11-01 09:00:00,1558,0,34.5,35.05,34.5,34.96,1427789,49619237.2225,derived_ohlc4
HNX_PVS,PVS,2024-11-04 09:00:00,1559,0,34.96,34.96,34.41,34.78,1234991,42949899.502500005,derived_ohlc4
HNX_PVS,PVS,2024-11-05 09:00:00,1560,0,34.78,35.05,34.59,34.59,1479608,51420077.019999996,derived_ohlc4
HNX_PVS,PVS,2024-11-06 09:00:00,1561,0,34.78,34.96,34.59,34.96,1687652,58768261.77000001,derived_ohlc4
HNX_PVS,PVS,2024-11-07 09:00:00,1562,0,35.23,35.33,34.87,34.96,1301914,45693926.615,derived_ohlc4
HNX_PVS,PVS,2024-11-08 09:00:00,1563,0,35.05,35.42,34.87,35.14,1444145,50718372.400000006,derived_ohlc4
HNX_PVS,PVS,2024-11-11 09:00:00,1564,0,35.14,35.14,34.59,34.87,1687415,58949843.025000006,derived_ohlc4
HNX_PVS,PVS,2024-11-12 09:00:00,1565,0,34.96,34.96,34.22,34.59,2882711,99979624.25750001,derived_ohlc4
HNX_PVS,PVS,2024-11-13 09:00:00,1566,0,34.87,34.87,33.0,34.12,3723377,127395344.05499999,derived_ohlc4
HNX_PVS,PVS,2024-11-14 09:00:00,1567,0,34.12,34.12,32.72,32.72,2457038,82114209.96000001,derived_ohlc4
HNX_PVS,PVS,2024-11-15 09:00:00,1568,0,29.73,33.1,29.73,31.79,5353190,166417294.125,derived_ohlc4
HNX_PVS,PVS,2024-11-18 09:00:00,1569,0,28.98,31.79,28.98,31.69,1763567,53541894.12,derived_ohlc4
HNX_PVS,PVS,2024-11-19 09:00:00,1570,0,30.85,31.97,28.89,31.23,1637652,50333234.220000006,derived_ohlc4
HNX_PVS,PVS,2024-11-20 09:00:00,1571,0,29.92,31.41,29.92,30.95,2609845,79730764.75,derived_ohlc4
HNX_PVS,PVS,2024-11-21 09:00:00,1572,0,30.1,31.51,30.1,31.41,2170182,66798201.96,derived_ohlc4
HNX_PVS,PVS,2024-11-22 09:00:00,1573,0,31.51,31.6,31.04,31.13,1954342,61209991.44,derived_ohlc4
HNX_PVS,PVS,2024-11-25 09:00:00,1574,0,30.85,32.07,30.1,31.97,2011539,62855564.9025,derived_ohlc4
HNX_PVS,PVS,2024-11-26 09:00:00,1575,0,31.6,31.97,31.51,31.69,2284032,72386684.16,derived_ohlc4
HNX_PVS,PVS,2024-11-27 09:00:00,1576,0,31.88,31.88,31.51,31.79,698001,22172001.765,derived_ohlc4
HNX_PVS,PVS,2024-11-28 09:00:00,1577,0,31.13,32.35,31.13,31.69,1305630,41225267.25,derived_ohlc4
HNX_PVS,PVS,2024-11-29 09:00:00,1578,0,31.69,32.25,31.69,32.16,1813496,57936663.45999999,derived_ohlc4
HNX_PVS,PVS,2024-12-02 09:00:00,1579,0,34.87,34.87,31.79,32.07,1709316,57091154.4,derived_ohlc4
HNX_PVS,PVS,2024-12-03 09:00:00,1580,0,32.25,32.25,31.6,31.6,2373730,75781330.25,derived_ohlc4
HNX_PVS,PVS,2024-12-04 09:00:00,1581,0,31.69,31.79,31.41,31.41,1543830,48746432.25,derived_ohlc4
HNX_PVS,PVS,2024-12-05 09:00:00,1582,0,31.41,31.97,31.23,31.88,2346095,74189389.1375,derived_ohlc4
HNX_PVS,PVS,2024-12-06 09:00:00,1583,0,31.6,32.35,31.6,31.69,3313989,105417990.09,derived_ohlc4
HNX_PVS,PVS,2024-12-09 09:00:00,1584,0,31.79,32.16,31.79,32.07,1847530,59033202.325,derived_ohlc4
HNX_PVS,PVS,2024-12-10 09:00:00,1585,0,32.16,32.25,31.88,32.07,1840438,59059655.419999994,derived_ohlc4
HNX_PVS,PVS,2024-12-11 09:00:00,1586,0,32.07,32.16,31.69,31.97,1936697,61921044.832499996,derived_ohlc4
HNX_PVS,PVS,2024-12-12 09:00:00,1587,0,31.79,32.16,31.79,31.79,1856539,59191104.667500004,derived_ohlc4
HNX_PVS,PVS,2024-12-13 09:00:00,1588,0,31.69,31.79,31.23,31.6,1768900,55857439.75,derived_ohlc4
HNX_PVS,PVS,2024-12-16 09:00:00,1589,0,31.6,31.79,31.32,31.41,1150786,36284282.58,derived_ohlc4
HNX_PVS,PVS,2024-12-17 09:00:00,1590,0,31.51,31.69,30.95,30.95,2262292,70753182.30000001,derived_ohlc4
HNX_PVS,PVS,2024-12-18 09:00:00,1591,0,30.85,32.35,30.85,31.88,3349670,105455985.775,derived_ohlc4
HNX_PVS,PVS,2024-12-19 09:00:00,1592,0,31.88,32.44,31.6,32.44,4820432,154687662.88,derived_ohlc4
HNX_PVS,PVS,2024-12-20 09:00:00,1593,0,32.44,32.53,31.88,31.97,2468554,79499781.57,derived_ohlc4
HNX_PVS,PVS,2024-12-23 09:00:00,1594,0,32.07,32.35,31.79,31.79,2720392,87052544.0,derived_ohlc4
HNX_PVS,PVS,2024-12-24 09:00:00,1595,0,28.61,31.97,28.61,31.51,1920958,57964907.65,derived_ohlc4
HNX_PVS,PVS,2024-12-25 09:00:00,1596,0,28.42,32.07,28.42,31.79,2488522,75091151.35,derived_ohlc4
HNX_PVS,PVS,2024-12-26 09:00:00,1597,0,31.51,32.35,31.51,31.69,2206578,70091950.17,derived_ohlc4
HNX_PVS,PVS,2024-12-27 09:00:00,1598,0,31.6,31.97,31.51,31.97,2118321,67283170.7625,derived_ohlc4
HNX_PVS,PVS,2024-12-30 09:00:00,1599,0,31.79,31.97,31.41,31.79,1147725,36428791.5,derived_ohlc4
HNX_PVS,PVS,2024-12-31 09:00:00,1600,0,31.79,31.88,31.6,31.69,1638706,52012528.440000005,derived_ohlc4
HNX_PVS,PVS,2025-01-02 09:00:00,1601,0,31.69,31.79,31.51,31.6,1047113,33138508.6675,derived_ohlc4
HNX_PVS,PVS,2025-01-03 09:00:00,1602,0,31.79,32.07,31.69,31.79,2252344,71703371.24,derived_ohlc4
HNX_PVS,PVS,2025-01-06 09:00:00,1603,0,31.79,31.97,31.23,31.23,2077214,65546487.769999996,derived_ohlc4
HNX_PVS,PVS,2025-01-07 09:00:00,1604,0,30.95,31.41,29.73,30.01,3168143,96707565.075,derived_ohlc4
HNX_PVS,PVS,2025-01-08 09:00:00,1605,0,30.01,30.29,29.64,30.01,2249495,67456731.3125,derived_ohlc4
HNX_PVS,PVS,2025-01-09 09:00:00,1606,0,27.02,30.38,27.02,30.1,932532,26698391.160000004,derived_ohlc4
HNX_PVS,PVS,2025-01-10 09:00:00,1607,0,28.05,30.57,27.77,29.92,1879543,54652411.5825,derived_ohlc4
HNX_PVS,PVS,2025-01-13 09:00:00,1608,0,29.54,30.48,29.45,30.48,2097534,62899800.825,derived_ohlc4
HNX_PVS,PVS,2025-01-14 09:00:00,1609,0,30.48,30.57,29.82,30.01,983554,29723001.880000003,derived_ohlc4
HNX_PVS,PVS,2025-01-15 09:00:00,1610,0,29.45,30.1,27.58,29.64,2259217,65952192.2725,derived_ohlc4
HNX_PVS,PVS,2025-01-16 09:00:00,1611,0,26.74,30.2,26.74,29.73,1457978,41337321.245,derived_ohlc4
HNX_PVS,PVS,2025-01-17 09:00:00,1612,0,29.73,30.57,29.73,30.48,2052487,61836302.0925,derived_ohlc4
HNX_PVS,PVS,2025-01-20 09:00:00,1613,0,30.66,31.23,30.57,30.66,4548504,140002953.12,derived_ohlc4
HNX_PVS,PVS,2025-01-21 09:00:00,1614,0,29.64,31.04,29.64,30.95,1794532,54405723.91,derived_ohlc4
HNX_PVS,PVS,2025-01-22 09:00:00,1615,0,31.13,31.23,30.57,31.04,1835829,56896930.2825,derived_ohlc4
HNX_PVS,PVS,2025-01-23 09:00:00,1616,0,30.95,31.23,30.76,31.23,1872952,58141112.46,derived_ohlc4
HNX_PVS,PVS,2025-01-24 09:00:00,1617,0,31.23,31.23,30.76,30.85,2465495,76473491.1625,derived_ohlc4
HNX_PVS,PVS,2025-02-03 09:00:00,1618,0,31.13,31.13,29.92,30.66,3230821,99218512.91,derived_ohlc4
HNX_PVS,PVS,2025-02-04 09:00:00,1619,0,27.67,30.76,27.67,30.76,1043538,30486962.67,derived_ohlc4
HNX_PVS,PVS,2025-02-05 09:00:00,1620,0,28.05,31.69,28.05,31.32,3075505,91580850.13750002,derived_ohlc4
HNX_PVS,PVS,2025-02-06 09:00:00,1621,0,31.32,31.69,31.23,31.51,1951501,61350312.68750001,derived_ohlc4
HNX_PVS,PVS,2025-02-07 09:00:00,1622,0,31.6,31.79,31.41,31.51,2457986,77617052.915,derived_ohlc4
HNX_PVS,PVS,2025-02-10 09:00:00,1623,0,31.23,31.97,31.23,31.23,2417769,75954213.135,derived_ohlc4
HNX_PVS,PVS,2025-02-11 09:00:00,1624,0,31.32,31.51,31.04,31.41,1514227,47425589.64,derived_ohlc4
HNX_PVS,PVS,2025-02-12 09:00:00,1625,0,31.51,31.97,31.32,31.69,2230539,70535219.5275,derived_ohlc4
HNX_PVS,PVS,2025-02-13 09:00:00,1626,0,31.79,31.88,31.41,31.79,1905228,60429069.09,derived_ohlc4
HNX_PVS,PVS,2025-02-14 09:00:00,1627,0,31.79,32.63,31.79,32.16,5256940,168708346.95000002,derived_ohlc4
HNX_PVS,PVS,2025-02-17 09:00:00,1628,0,32.16,32.53,31.88,32.16,1833123,58994480.9475,derived_ohlc4
HNX_PVS,PVS,2025-02-18 09:00:00,1629,0,32.25,32.53,31.88,32.25,2000612,64474723.23,derived_ohlc4
HNX_PVS,PVS,2025-02-19 09:00:00,1630,0,32.44,32.63,32.16,32.35,2580411,83592414.34499998,derived_ohlc4
HNX_PVS,PVS,2025-02-20 09:00:00,1631,0,32.35,32.82,32.25,32.25,1879836,60939583.53000001,derived_ohlc4
HNX_PVS,PVS,2025-02-21 09:00:00,1632,0,32.25,32.35,31.88,32.07,1377448,44267735.099999994,derived_ohlc4
HNX_PVS,PVS,2025-02-24 09:00:00,1633,0,32.07,32.63,31.88,32.44,2190408,70651610.03999999,derived_ohlc4
HNX_PVS,PVS,2025-02-25 09:00:00,1634,0,32.44,33.0,32.35,32.53,4151679,135261701.82,derived_ohlc4
HNX_PVS,PVS,2025-02-26 09:00:00,1635,0,32.63,32.82,32.35,32.53,1652718,53849684.23500001,derived_ohlc4
HNX_PVS,PVS,2025-02-27 09:00:00,1636,0,32.53,32.82,32.35,32.82,2090236,68204400.67999999,derived_ohlc4
HNX_PVS,PVS,2025-02-28 09:00:00,1637,0,32.72,33.66,32.72,33.28,4800869,158884759.555,derived_ohlc4
HNX_PVS,PVS,2025-03-03 09:00:00,1638,0,33.38,33.47,33.0,33.0,1411841,46890769.2125,derived_ohlc4
HNX_PVS,PVS,2025-03-04 09:00:00,1639,0,32.35,33.19,32.35,32.72,2416223,78895721.5075,derived_ohlc4
HNX_PVS,PVS,2025-03-05 09:00:00,1640,0,32.91,32.91,32.25,32.25,1813555,59085621.9,derived_ohlc4
HNX_PVS,PVS,2025-03-06 09:00:00,1641,0,32.35,32.44,31.6,32.07,4686148,150495643.01999998,derived_ohlc4
HNX_PVS,PVS,2025-03-07 09:00:00,1642,0,32.16,32.35,31.88,31.88,2512757,80577835.09749998,derived_ohlc4
HNX_PVS,PVS,2025-03-10 09:00:00,1643,0,31.79,32.16,31.69,31.69,2583007,82223570.3275,derived_ohlc4
HNX_PVS,PVS,2025-03-11 09:00:00,1644,0,31.69,31.69,31.32,31.41,3040130,95847698.575,derived_ohlc4
HNX_PVS,PVS,2025-03-12 09:00:00,1645,0,31.51,31.69,31.23,31.6,3131002,98650045.515,derived_ohlc4
HNX_PVS,PVS,2025-03-13 09:00:00,1646,0,31.6,31.69,30.95,31.04,2648401,82947919.32000001,derived_ohlc4
HNX_PVS,PVS,2025-03-14 09:00:00,1647,0,31.04,31.13,30.2,30.38,4454715,136704066.5625,derived_ohlc4
HNX_PVS,PVS,2025-03-17 09:00:00,1648,0,30.48,31.04,30.48,30.76,1418898,43545979.620000005,derived_ohlc4
HNX_PVS,PVS,2025-03-18 09:00:00,1649,0,30.76,31.51,30.76,31.04,2432240,75442004.2,derived_ohlc4
HNX_PVS,PVS,2025-03-19 09:00:00,1650,0,28.33,31.13,28.33,30.57,1258217,37230641.029999994,derived_ohlc4
HNX_PVS,PVS,2025-03-20 09:00:00,1651,0,30.66,30.76,30.1,30.57,1278505,39023168.862500004,derived_ohlc4
HNX_PVS,PVS,2025-03-21 09:00:00,1652,0,30.76,31.13,30.48,30.85,1741290,53640438.45,derived_ohlc4
HNX_PVS,PVS,2025-03-24 09:00:00,1653,0,30.85,30.95,30.29,30.48,1744370,53451857.725,derived_ohlc4
HNX_PVS,PVS,2025-03-25 09:00:00,1654,0,27.49,30.95,27.49,30.48,1550282,45117081.905,derived_ohlc4
HNX_PVS,PVS,2025-03-26 09:00:00,1655,0,30.48,31.13,30.29,30.48,2303314,70469891.83,derived_ohlc4
HNX_PVS,PVS,2025-03-27 09:00:00,1656,0,30.57,30.85,30.2,30.29,1757633,53568259.7575,derived_ohlc4
HNX_PVS,PVS,2025-03-28 09:00:00,1657,0,29.92,30.48,29.54,29.82,2398920,71823664.8,derived_ohlc4
HNX_PVS,PVS,2025-03-31 09:00:00,1658,0,29.82,29.82,28.8,28.8,3395380,99518587.8,derived_ohlc4
HNX_PVS,PVS,2025-04-01 09:00:00,1659,0,26.18,29.45,26.18,29.17,2022986,56127746.57,derived_ohlc4
HNX_PVS,PVS,2025-04-02 09:00:00,1660,0,29.08,29.45,28.98,28.98,1418885,41321478.4125,derived_ohlc4
HNX_PVS,PVS,2025-04-03 09:00:00,1661,0,28.52,28.7,26.08,26.08,6978483,190826617.635,derived_ohlc4
HNX_PVS,PVS,2025-04-04 09:00:00,1662,0,24.4,26.08,23.56,24.59,12068430,297577312.72499996,derived_ohlc4
HNX_PVS,PVS,2025-04-08 09:00:00,1663,0,24.31,24.4,22.16,22.16,4648485,108112139.88749999,derived_ohlc4
HNX_PVS,PVS,2025-04-09 09:00:00,1664,0,20.01,22.16,20.01,20.01,14314239,294121825.8525,derived_ohlc4
HNX_PVS,PVS,2025-04-10 09:00:00,1665,0,21.97,21.97,21.97,21.97,229084,5032975.4799999995,derived_ohlc4
HNX_PVS,PVS,2025-04-11 09:00:00,1666,0,20.1,23.75,20.1,22.62,10036206,217208588.35500002,derived_ohlc4
HNX_PVS,PVS,2025-04-14 09:00:00,1667,0,20.38,24.78,20.38,24.12,9758296,218732204.84,derived_ohlc4
HNX_PVS,PVS,2025-04-15 09:00:00,1668,0,24.21,24.5,23.28,23.37,4500804,107299167.36000001,derived_ohlc4
HNX_PVS,PVS,2025-04-16 09:00:00,1669,0,23.37,24.03,23.0,23.37,4947324,115977642.87000002,derived_ohlc4
HNX_PVS,PVS,2025-04-17 09:00:00,1670,0,23.37,23.75,22.81,23.75,4578758,107234512.36000001,derived_ohlc4
HNX_PVS,PVS,2025-04-18 09:00:00,1671,0,23.93,24.87,23.93,24.31,6037210,146462714.6,derived_ohlc4
HNX_PVS,PVS,2025-04-21 09:00:00,1672,0,24.78,25.34,24.31,25.15,4883721,121580234.29500002,derived_ohlc4
HNX_PVS,PVS,2025-04-22 09:00:00,1673,0,25.15,25.24,22.72,24.78,7757036,189834063.51,derived_ohlc4
HNX_PVS,PVS,2025-04-23 09:00:00,1674,0,24.78,25.52,24.68,24.87,2773626,69236639.02499999,derived_ohlc4
HNX_PVS,PVS,2025-04-24 09:00:00,1675,0,25.24,25.34,24.31,24.59,2734456,68005920.72,derived_ohlc4
HNX_PVS,PVS,2025-04-25 09:00:00,1676,0,24.59,25.06,24.31,24.4,2731936,67178306.24,derived_ohlc4
HNX_PVS,PVS,2025-04-28 09:00:00,1677,0,24.4,24.68,24.21,24.21,2062339,50269513.125,derived_ohlc4
HNX_PVS,PVS,2025-04-29 09:00:00,1678,0,24.31,24.4,23.84,23.93,2407389,58066222.67999999,derived_ohlc4
HNX_PVS,PVS,2025-05-05 09:00:00,1679,0,23.84,24.31,23.56,24.31,3468700,83266143.5,derived_ohlc4
HNX_PVS,PVS,2025-05-06 09:00:00,1680,0,24.31,24.96,24.31,24.59,3913600,96049528.0,derived_ohlc4
HNX_PVS,PVS,2025-05-07 09:00:00,1681,0,24.68,25.43,24.68,24.87,5039700,125564125.5,derived_ohlc4
HNX_PVS,PVS,2025-05-08 09:00:00,1682,0,25.06,25.34,24.68,25.24,4787500,120070499.99999999,derived_ohlc4
HNX_PVS,PVS,2025-05-09 09:00:00,1683,0,25.34,25.62,24.87,24.87,2607900,65653882.5,derived_ohlc4
HNX_PVS,PVS,2025-05-12 09:00:00,1684,0,24.96,25.71,24.78,25.71,4260800,107755632.0,derived_ohlc4
HNX_PVS,PVS,2025-05-13 09:00:00,1685,0,25.8,26.36,25.71,25.71,4452500,115297487.50000001,derived_ohlc4
HNX_PVS,PVS,2025-05-14 09:00:00,1686,0,25.9,26.36,25.71,26.18,4037100,105115991.25,derived_ohlc4
HNX_PVS,PVS,2025-05-15 09:00:00,1687,0,26.27,26.27,25.62,26.08,3062200,79800932.0,derived_ohlc4
HNX_PVS,PVS,2025-05-16 09:00:00,1688,0,26.08,26.27,25.62,25.71,2776500,71966880.0,derived_ohlc4
HNX_PVS,PVS,2025-05-19 09:00:00,1689,0,25.71,25.9,25.34,25.34,2507600,64125601.00000001,derived_ohlc4
HNX_PVS,PVS,2025-05-20 09:00:00,1690,0,25.34,25.62,25.24,25.34,2456700,62363329.50000001,derived_ohlc4
HNX_PVS,PVS,2025-05-21 09:00:00,1691,0,25.71,26.64,24.87,25.06,3478600,88947802.0,derived_ohlc4
HNX_PVS,PVS,2025-05-22 09:00:00,1692,0,25.15,25.15,24.5,24.59,4088700,101593973.25,derived_ohlc4
HNX_PVS,PVS,2025-05-23 09:00:00,1693,0,24.59,24.78,24.21,24.31,3401000,83230972.50000001,derived_ohlc4
HNX_PVS,PVS,2025-05-26 09:00:00,1694,0,24.4,25.34,24.03,25.15,3743600,92579227.99999999,derived_ohlc4
HNX_PVS,PVS,2025-05-27 09:00:00,1695,0,25.15,25.71,25.15,25.43,4271600,108327776.0,derived_ohlc4
HNX_PVS,PVS,2025-05-28 09:00:00,1696,0,25.62,27.58,25.52,27.11,9089400,240482800.5,derived_ohlc4
HNX_PVS,PVS,2025-05-29 09:00:00,1697,0,27.11,27.58,26.64,26.64,3496200,94371178.5,derived_ohlc4
HNX_PVS,PVS,2025-05-30 09:00:00,1698,0,26.92,26.92,25.71,25.71,5579400,146821911.00000003,derived_ohlc4
HNX_PVS,PVS,2025-06-02 09:00:00,1699,0,25.71,28.23,25.62,28.23,8506200,229220824.5,derived_ohlc4
HNX_PVS,PVS,2025-06-03 09:00:00,1700,0,28.98,31.04,28.42,28.52,7414000,216785360.0,derived_ohlc4
HNX_PVS,PVS,2025-06-04 09:00:00,1701,0,28.7,30.1,28.7,29.54,7969900,233199273.99999997,derived_ohlc4
HNX_PVS,PVS,2025-06-05 09:00:00,1702,0,29.92,31.13,28.98,30.38,9038800,272090477.0,derived_ohlc4
HNX_PVS,PVS,2025-06-06 09:00:00,1703,0,30.38,31.51,30.1,30.57,10426600,319471024.0,derived_ohlc4
HNX_PVS,PVS,2025-06-09 09:00:00,1704,0,30.57,31.23,30.1,31.04,7558900,232322791.5,derived_ohlc4
HNX_PVS,PVS,2025-06-10 09:00:00,1705,0,31.04,31.23,30.01,30.29,5958400,182580272.0,derived_ohlc4
HNX_PVS,PVS,2025-06-11 09:00:00,1706,0,30.29,30.57,29.64,30.38,5170300,156246466.0,derived_ohlc4
HNX_PVS,PVS,2025-06-12 09:00:00,1707,0,30.76,31.51,30.48,30.48,7153600,220384532.0,derived_ohlc4
HNX_PVS,PVS,2025-06-13 09:00:00,1708,0,31.32,32.63,31.04,32.53,17082900,544602852.0,derived_ohlc4
HNX_PVS,PVS,2025-06-16 09:00:00,1709,0,32.72,34.59,32.53,34.4,12114600,406565976.0,derived_ohlc4
HNX_PVS,PVS,2025-06-17 09:00:00,1710,0,34.5,34.59,32.53,33.38,11558400,390096000.0,derived_ohlc4
HNX_PVS,PVS,2025-06-18 09:00:00,1711,0,33.84,34.4,33.19,33.56,9501400,320648496.5,derived_ohlc4
HNX_PVS,PVS,2025-06-19 09:00:00,1712,0,33.66,33.66,32.53,33.19,7665500,254954529.99999997,derived_ohlc4
HNX_PVS,PVS,2025-06-20 09:00:00,1713,0,33.19,33.94,32.07,32.44,10701000,352169909.99999994,derived_ohlc4
HNX_PVS,PVS,2025-06-23 09:00:00,1714,0,32.25,34.4,32.25,32.82,13097700,431307261.0,derived_ohlc4
HNX_PVS,PVS,2025-06-24 09:00:00,1715,0,32.82,32.82,30.76,30.85,14561600,463240900.0,derived_ohlc4
HNX_PVS,PVS,2025-06-25 09:00:00,1716,0,30.85,31.32,30.2,30.38,8913800,273542237.5,derived_ohlc4
HNX_PVS,PVS,2025-06-26 09:00:00,1717,0,30.38,30.76,30.01,30.48,4267500,129764006.25000001,derived_ohlc4
HNX_PVS,PVS,2025-06-27 09:00:00,1718,0,30.48,30.66,30.01,30.01,5613000,170017770.00000003,derived_ohlc4
HNX_PVS,PVS,2025-06-30 09:00:00,1719,0,30.01,30.76,29.45,30.76,11047600,334134662.0,derived_ohlc4
HNX_PVS,PVS,2025-07-01 09:00:00,1720,0,29.64,30.85,27.86,30.01,4909400,145269146.0,derived_ohlc4
HNX_PVS,PVS,2025-07-02 09:00:00,1721,0,30.01,30.2,29.73,30.1,3759200,112813591.99999999,derived_ohlc4
HNX_PVS,PVS,2025-07-03 09:00:00,1722,0,30.2,30.66,29.82,30.01,6199700,187060448.25000003,derived_ohlc4
HNX_PVS,PVS,2025-07-04 09:00:00,1723,0,30.01,30.38,29.92,30.1,3641800,109627284.5,derived_ohlc4
HNX_PVS,PVS,2025-07-07 09:00:00,1724,0,30.29,30.38,29.92,30.01,5507200,166042080.0,derived_ohlc4
HNX_PVS,PVS,2025-07-08 09:00:00,1725,0,30.1,30.66,30.1,30.48,5375400,163062759.00000003,derived_ohlc4
HNX_PVS,PVS,2025-07-09 09:00:00,1726,0,30.48,31.13,30.48,30.66,6341700,194610918.75,derived_ohlc4
HNX_PVS,PVS,2025-07-10 09:00:00,1727,0,30.76,31.6,30.48,31.41,10242600,318160762.5,derived_ohlc4
HNX_PVS,PVS,2025-07-11 09:00:00,1728,0,31.51,31.51,30.85,30.95,5104900,159298404.5,derived_ohlc4
HNX_PVS,PVS,2025-07-14 09:00:00,1729,0,31.04,31.41,30.85,31.13,5209900,162066964.25,derived_ohlc4
HNX_PVS,PVS,2025-07-15 09:00:00,1730,0,31.13,31.69,30.95,30.95,6895000,214986100.0,derived_ohlc4
HNX_PVS,PVS,2025-07-16 09:00:00,1731,0,30.95,31.04,30.76,30.85,4036800,124737120.0,derived_ohlc4
HNX_PVS,PVS,2025-07-17 09:00:00,1732,0,30.95,31.79,30.85,31.23,7573200,236321706.0,derived_ohlc4
HNX_PVS,PVS,2025-07-18 09:00:00,1733,0,31.32,32.25,31.23,31.97,10071500,319191013.75,derived_ohlc4
HNX_PVS,PVS,2025-07-21 09:00:00,1734,0,31.97,32.44,31.23,31.23,5835900,185100158.25,derived_ohlc4
HNX_PVS,PVS,2025-07-22 09:00:00,1735,0,31.32,31.51,30.95,31.23,4717300,147427418.25,derived_ohlc4
HNX_PVS,PVS,2025-07-23 09:00:00,1736,0,31.32,31.88,31.04,31.6,7978700,251009902.0,derived_ohlc4
HNX_PVS,PVS,2025-07-24 09:00:00,1737,0,31.88,32.72,31.69,32.35,11485500,369373679.99999994,derived_ohlc4
HNX_PVS,PVS,2025-07-25 09:00:00,1738,0,32.44,33.0,32.07,32.07,7929800,256885870.99999997,derived_ohlc4
HNX_PVS,PVS,2025-07-28 09:00:00,1739,0,32.07,32.44,31.79,31.97,9133700,292894924.74999994,derived_ohlc4
HNX_PVS,PVS,2025-07-29 09:00:00,1740,0,31.97,33.47,31.97,31.97,16630400,537910288.0,derived_ohlc4
HNX_PVS,PVS,2025-07-30 09:00:00,1741,0,32.16,32.91,31.97,32.82,9682500,314342362.49999994,derived_ohlc4
HNX_PVS,PVS,2025-07-31 09:00:00,1742,0,33.0,33.94,31.97,32.07,11136000,364648320.0,derived_ohlc4
HNX_PVS,PVS,2025-08-01 09:00:00,1743,0,32.07,32.82,32.07,32.25,7809400,252263143.50000003,derived_ohlc4
HNX_PVS,PVS,2025-08-04 09:00:00,1744,0,32.53,32.53,31.6,31.88,6199900,199233786.5,derived_ohlc4
HNX_PVS,PVS,2025-08-05 09:00:00,1745,0,31.88,32.35,30.85,31.32,10946800,345918880.0,derived_ohlc4
HNX_PVS,PVS,2025-08-06 09:00:00,1746,0,31.32,32.91,30.95,32.35,7552900,240805334.25,derived_ohlc4
HNX_PVS,PVS,2025-08-07 09:00:00,1747,0,32.35,32.91,32.07,32.35,5160800,167313135.99999997,derived_ohlc4
HNX_PVS,PVS,2025-08-08 09:00:00,1748,0,32.35,35.53,32.35,35.25,27229400,922259777.9999999,derived_ohlc4
HNX_PVS,PVS,2025-08-11 09:00:00,1749,0,35.53,36.09,34.59,34.97,7682200,271143249.0,derived_ohlc4
HNX_PVS,PVS,2025-08-12 09:00:00,1750,0,35.99,36.46,34.59,35.43,10117900,360374303.25,derived_ohlc4
HNX_PVS,PVS,2025-08-13 09:00:00,1751,0,35.43,35.62,34.03,34.31,13267000,462321782.49999994,derived_ohlc4
HNX_PVS,PVS,2025-08-14 09:00:00,1752,0,34.31,35.06,33.94,35.06,9266700,320558319.75,derived_ohlc4
HNX_PVS,PVS,2025-08-15 09:00:00,1753,0,35.06,35.99,34.12,34.5,10840700,378530142.25000006,derived_ohlc4
HNX_PVS,PVS,2025-08-18 09:00:00,1754,0,34.59,35.71,34.4,34.78,9037000,315120190.00000006,derived_ohlc4
HNX_PVS,PVS,2025-08-19 09:00:00,1755,0,34.78,35.71,34.4,34.59,8167600,284804212.00000006,derived_ohlc4
HNX_PVS,PVS,2025-08-20 09:00:00,1756,0,34.68,34.97,32.25,33.0,11659900,393230127.5,derived_ohlc4
HNX_PVS,PVS,2025-08-21 09:00:00,1757,0,33.19,33.47,32.53,32.72,6646000,219168465.0,derived_ohlc4
HNX_PVS,PVS,2025-08-22 09:00:00,1758,0,32.72,33.56,31.69,31.97,8055100,261669923.5,derived_ohlc4
HNX_PVS,PVS,2025-08-25 09:00:00,1759,0,32.07,32.44,30.76,30.85,6012000,189558360.0,derived_ohlc4
HNX_PVS,PVS,2025-08-26 09:00:00,1760,0,30.85,31.6,30.57,31.51,4433100,138013485.75000003,derived_ohlc4
HNX_PVS,PVS,2025-08-27 09:00:00,1761,0,31.51,32.53,31.32,32.16,5185500,165313740.0,derived_ohlc4
HNX_PVS,PVS,2025-08-28 09:00:00,1762,0,32.07,32.35,31.6,31.79,3593200,114811723.0,derived_ohlc4
HNX_PVS,PVS,2025-08-29 09:00:00,1763,0,31.79,32.07,31.6,31.69,4788900,152227158.75,derived_ohlc4
HNX_PVS,PVS,2025-09-03 09:00:00,1764,0,31.88,33.0,31.88,32.82,4368600,141520796.99999997,derived_ohlc4
HNX_PVS,PVS,2025-09-04 09:00:00,1765,0,33.19,33.19,32.63,32.82,5283200,174121063.99999997,derived_ohlc4
HNX_PVS,PVS,2025-09-05 09:00:00,1766,0,32.82,33.75,32.53,32.82,7569400,249638811.99999997,derived_ohlc4
HNX_PVS,PVS,2025-09-08 09:00:00,1767,0,32.91,33.19,31.51,31.51,5565800,179664024.0,derived_ohlc4
HNX_PVS,PVS,2025-09-09 09:00:00,1768,0,31.51,31.88,31.41,31.6,2548900,80545240.0,derived_ohlc4
HNX_PVS,PVS,2025-09-10 09:00:00,1769,0,31.97,32.53,31.79,32.07,3514900,112793140.99999999,derived_ohlc4
HNX_PVS,PVS,2025-09-11 09:00:00,1770,0,32.35,32.63,31.69,31.97,3119800,100332767.99999999,derived_ohlc4
HNX_PVS,PVS,2025-09-12 09:00:00,1771,0,32.16,33.47,31.97,33.1,6643000,217060024.99999997,derived_ohlc4
HNX_PVS,PVS,2025-09-15 09:00:00,1772,0,33.1,33.66,32.82,33.1,3609000,119710529.99999999,derived_ohlc4
HNX_PVS,PVS,2025-09-16 09:00:00,1773,0,33.47,33.75,32.72,32.82,5054300,167752217.0,derived_ohlc4
HNX_PVS,PVS,2025-09-17 09:00:00,1774,0,33.28,33.84,32.91,33.1,6285900,209210466.75,derived_ohlc4
HNX_PVS,PVS,2025-09-18 09:00:00,1775,0,33.1,33.28,32.35,32.44,3205000,105099962.49999999,derived_ohlc4
HNX_PVS,PVS,2025-09-19 09:00:00,1776,0,32.44,32.82,32.25,32.25,2181300,70761372.0,derived_ohlc4
HNX_PVS,PVS,2025-09-22 09:00:00,1777,0,32.35,32.53,31.41,31.6,3661000,117051322.49999999,derived_ohlc4
HNX_PVS,PVS,2025-09-23 09:00:00,1778,0,31.6,32.07,31.6,31.6,1127000,35745622.5,derived_ohlc4
HNX_PVS,PVS,2025-09-24 09:00:00,1779,0,31.79,32.16,31.41,31.79,2343800,74503542.5,derived_ohlc4
HNX_PVS,PVS,2025-09-25 09:00:00,1780,0,31.97,32.44,31.97,32.16,2532500,81381887.5,derived_ohlc4
HNX_PVS,PVS,2025-09-26 09:00:00,1781,0,32.35,32.35,31.69,31.69,2657500,85093150.00000001,derived_ohlc4
HNX_PVS,PVS,2025-09-29 09:00:00,1782,0,31.51,32.07,31.51,31.51,1627500,51510375.0,derived_ohlc4
HNX_PVS,PVS,2025-09-30 09:00:00,1783,0,31.51,31.69,30.38,30.66,4914400,152641264.0,derived_ohlc4
HNX_PVS,PVS,2025-10-01 09:00:00,1784,0,30.66,30.95,30.57,30.66,1955700,60059547.0,derived_ohlc4
HNX_PVS,PVS,2025-10-02 09:00:00,1785,0,30.76,30.95,30.2,30.38,2063000,63071067.49999999,derived_ohlc4
HNX_PVS,PVS,2025-10-03 09:00:00,1786,0,30.38,30.48,29.36,29.45,4103800,122775436.5,derived_ohlc4
HNX_PVS,PVS,2025-10-06 09:00:00,1787,0,29.45,30.38,29.45,30.2,2519800,75266426.0,derived_ohlc4
HNX_PVS,PVS,2025-10-07 09:00:00,1788,0,30.38,30.76,29.92,29.92,2474900,74853350.5,derived_ohlc4
HNX_PVS,PVS,2025-10-08 09:00:00,1789,0,30.76,30.85,30.01,30.29,1738300,52979038.25,derived_ohlc4
HNX_PVS,PVS,2025-10-09 09:00:00,1790,0,30.48,31.32,30.01,31.23,4451600,136931216.0,derived_ohlc4
HNX_PVS,PVS,2025-10-10 09:00:00,1791,0,31.13,31.41,30.66,30.66,2405400,74483211.0,derived_ohlc4
HNX_PVS,PVS,2025-10-13 09:00:00,1792,0,30.66,30.66,29.73,29.82,5028100,151936611.75,derived_ohlc4
HNX_PVS,PVS,2025-10-14 09:00:00,1793,0,29.82,30.38,29.17,29.36,5934800,176159701.0,derived_ohlc4
HNX_PVS,PVS,2025-10-15 09:00:00,1794,0,29.45,29.54,28.42,28.52,6017300,174396397.25,derived_ohlc4
HNX_PVS,PVS,2025-10-16 09:00:00,1795,0,28.52,29.36,28.33,29.08,4263200,122876081.99999999,derived_ohlc4
HNX_PVS,PVS,2025-10-17 09:00:00,1796,0,29.17,29.17,28.42,28.42,2994400,86223748.0,derived_ohlc4
HNX_PVS,PVS,2025-10-20 09:00:00,1797,0,28.42,28.8,26.36,26.36,5477300,150543590.5,derived_ohlc4
HNX_PVS,PVS,2025-10-21 09:00:00,1798,0,26.36,27.49,26.36,27.11,5025100,134823433.0,derived_ohlc4
HNX_PVS,PVS,2025-10-22 09:00:00,1799,0,27.21,28.33,27.11,28.33,3748200,103993809.0,derived_ohlc4
HNX_PVS,PVS,2025-10-23 09:00:00,1800,0,28.7,29.54,28.52,28.7,3955000,114161075.0,derived_ohlc4
HNX_PVS,PVS,2025-10-24 09:00:00,1801,0,28.89,30.1,28.89,29.17,5940700,173839733.75,derived_ohlc4
HNX_PVS,PVS,2025-10-27 09:00:00,1802,0,29.45,30.29,28.8,28.98,2434700,71531486.0,derived_ohlc4
HNX_PVS,PVS,2025-10-28 09:00:00,1803,0,28.98,29.64,27.67,29.45,4388500,126981247.50000001,derived_ohlc4
HNX_PVS,PVS,2025-10-29 09:00:00,1804,0,29.45,30.2,29.45,29.82,3547100,105455282.99999999,derived_ohlc4
HNX_PVS,PVS,2025-10-30 09:00:00,1805,0,29.92,30.57,29.54,30.2,4537600,136388912.0,derived_ohlc4
HNX_PVS,PVS,2025-10-31 09:00:00,1806,0,30.2,31.97,30.01,30.66,8591200,263835752.0,derived_ohlc4
HNX_PVS,PVS,2025-11-03 09:00:00,1807,0,30.66,31.6,30.38,30.38,3769200,115921746.0,derived_ohlc4
HNX_PVS,PVS,2025-11-04 09:00:00,1808,0,30.38,30.48,28.98,30.1,5325100,159673123.5,derived_ohlc4
HNX_PVS,PVS,2025-11-05 09:00:00,1809,0,30.2,32.63,29.92,31.88,16695700,520196272.75,derived_ohlc4
HNX_PVS,PVS,2025-11-06 09:00:00,1810,0,32.07,32.72,31.23,32.25,6846200,219540518.49999997,derived_ohlc4
HNX_PVS,PVS,2025-11-07 09:00:00,1811,0,32.25,33.0,31.32,31.79,10358500,332404264.99999994,derived_ohlc4
HNX_PVS,PVS,2025-11-10 09:00:00,1812,0,31.79,31.97,30.95,30.95,5453400,171318561.0,derived_ohlc4
HNX_PVS,PVS,2025-11-11 09:00:00,1813,0,31.04,31.23,30.2,30.48,3448200,105989047.5,derived_ohlc4
HNX_PVS,PVS,2025-11-12 09:00:00,1814,0,30.48,31.32,30.48,31.13,3168400,97753061.0,derived_ohlc4
HNX_PVS,PVS,2025-11-13 09:00:00,1815,0,31.04,33.28,30.66,32.35,13535500,430868803.74999994,derived_ohlc4
HNX_PVS,PVS,2025-11-14 09:00:00,1816,0,32.44,33.38,32.35,32.91,7336300,240410550.99999997,derived_ohlc4
HNX_PVS,PVS,2025-11-17 09:00:00,1817,0,32.82,33.47,32.25,32.91,5281100,173550148.74999997,derived_ohlc4
HNX_PVS,PVS,2025-11-18 09:00:00,1818,0,32.72,33.1,32.25,32.53,5395800,176172870.0,derived_ohlc4
HNX_PVS,PVS,2025-11-19 09:00:00,1819,0,32.53,33.1,32.35,32.35,4427400,144255760.49999997,derived_ohlc4
HNX_PVS,PVS,2025-11-20 09:00:00,1820,0,32.25,32.63,31.32,32.16,2562200,82220997.99999999,derived_ohlc4
HNX_PVS,PVS,2025-11-21 09:00:00,1821,0,31.79,32.25,31.13,31.51,4158500,131699694.99999999,derived_ohlc4
HNX_PVS,PVS,2025-11-24 09:00:00,1822,0,31.51,31.88,30.95,30.95,2940000,92088150.0,derived_ohlc4
HNX_PVS,PVS,2025-11-25 09:00:00,1823,0,30.95,31.6,30.85,31.04,3380800,105176688.0,derived_ohlc4
HNX_PVS,PVS,2025-11-26 09:00:00,1824,0,31.13,31.79,31.04,31.6,2986900,93758791.0,derived_ohlc4
HNX_PVS,PVS,2025-11-27 09:00:00,1825,0,32.4,32.8,31.8,31.8,3382200,108906839.99999999,derived_ohlc4
HNX_PVS,PVS,2025-11-28 09:00:00,1826,0,31.8,33.1,31.8,32.2,5136500,165523712.5,derived_ohlc4
HNX_PVS,PVS,2025-12-01 09:00:00,1827,0,32.4,32.8,32.0,32.0,2195100,70901730.0,derived_ohlc4
HNX_PVS,PVS,2025-12-02 09:00:00,1828,0,32.1,32.8,32.0,32.8,4116900,133490482.49999999,derived_ohlc4
HNX_PVS,PVS,2025-12-03 09:00:00,1829,0,32.8,33.8,32.3,32.5,5544200,182126969.99999997,derived_ohlc4
HNX_PVS,PVS,2025-12-04 09:00:00,1830,0,32.5,33.4,32.2,33.1,4375000,143500000.00000003,derived_ohlc4
HNX_PVS,PVS,2025-12-05 09:00:00,1831,0,33.6,33.8,32.4,32.4,4334800,143265140.00000003,derived_ohlc4
HNX_PVS,PVS,2025-12-08 09:00:00,1832,0,32.5,32.6,31.5,31.8,3714500,119235450.0,derived_ohlc4
HNX_PVS,PVS,2025-12-09 09:00:00,1833,0,31.8,31.9,30.8,31.0,3630800,113916350.0,derived_ohlc4
HNX_PVS,PVS,2025-12-10 09:00:00,1834,0,31.0,31.6,31.0,31.4,1688300,52759375.0,derived_ohlc4
HNX_PVS,PVS,2025-12-11 09:00:00,1835,0,31.7,31.9,31.3,31.3,1741700,54950634.99999999,derived_ohlc4
HNX_PVS,PVS,2025-12-12 09:00:00,1836,0,31.4,31.4,30.1,30.2,4171600,128380990.00000001,derived_ohlc4
HNX_PVS,PVS,2025-12-15 09:00:00,1837,0,30.2,31.1,28.2,31.0,2849100,85829137.5,derived_ohlc4
HNX_PVS,PVS,2025-12-16 09:00:00,1838,0,31.0,32.5,30.6,32.1,4177000,131784349.99999999,derived_ohlc4
HNX_PVS,PVS,2025-12-17 09:00:00,1839,0,32.3,33.4,31.8,32.4,5683000,184555424.99999997,derived_ohlc4
HNX_PVS,PVS,2025-12-18 09:00:00,1840,0,32.4,32.8,32.1,32.8,2884500,93818362.49999997,derived_ohlc4
HNX_PVS,PVS,2025-12-19 09:00:00,1841,0,32.8,33.1,32.3,32.3,3546200,115694775.0,derived_ohlc4
HNX_PVS,PVS,2025-12-22 09:00:00,1842,0,32.4,33.2,32.3,33.1,5530300,181117325.0,derived_ohlc4
HNX_PVS,PVS,2025-12-23 09:00:00,1843,0,33.2,34.6,32.9,34.2,11868300,400258417.5000001,derived_ohlc4
HNX_PVS,PVS,2025-12-24 09:00:00,1844,0,34.2,34.4,33.6,33.6,6134100,208252694.99999997,derived_ohlc4
HNX_PVS,PVS,2025-12-25 09:00:00,1845,0,33.6,34.2,32.4,32.4,5052600,167493690.00000003,derived_ohlc4
HNX_PVS,PVS,2025-12-26 09:00:00,1846,0,32.4,33.9,32.2,33.7,5611700,185466684.99999997,derived_ohlc4
HNX_PVS,PVS,2025-12-29 09:00:00,1847,0,33.8,35.9,33.7,35.1,11597700,401570362.5,derived_ohlc4
HNX_PVS,PVS,2025-12-30 09:00:00,1848,0,35.1,35.4,34.3,34.6,3842100,133897185.0,derived_ohlc4
HNX_PVS,PVS,2025-12-31 09:00:00,1849,0,34.7,34.9,34.0,34.3,3494200,120462544.99999999,derived_ohlc4
HNX_PVS,PVS,2026-01-05 09:00:00,1850,0,34.9,36.5,34.4,35.5,12212500,431406562.50000006,derived_ohlc4
HNX_PVS,PVS,2026-01-06 09:00:00,1851,0,35.6,36.6,35.3,35.8,8890600,318505745.0,derived_ohlc4
HNX_PVS,PVS,2026-01-07 09:00:00,1852,0,35.9,36.6,35.4,36.0,8480700,305093182.5,derived_ohlc4
HNX_PVS,PVS,2026-01-08 09:00:00,1853,0,36.1,38.3,36.1,37.2,16619700,613682422.5,derived_ohlc4
HNX_PVS,PVS,2026-01-09 09:00:00,1854,0,38.0,38.6,36.5,36.7,6352000,237882400.00000003,derived_ohlc4
HNX_PVS,PVS,2026-01-12 09:00:00,1855,0,36.7,37.5,35.0,36.0,13362100,485044229.99999994,derived_ohlc4
HNX_PVS,PVS,2026-01-13 09:00:00,1856,0,36.0,39.6,36.0,39.6,14655800,553989240.0,derived_ohlc4
HNX_PVS,PVS,2026-01-14 09:00:00,1857,0,39.6,43.0,39.6,40.3,15519000,630459375.0,derived_ohlc4
HNX_PVS,PVS,2026-01-15 09:00:00,1858,0,40.3,41.5,39.0,39.7,11529400,462617175.0,derived_ohlc4
HNX_PVS,PVS,2026-01-16 09:00:00,1859,0,39.8,40.5,38.5,38.5,10250500,403100912.5,derived_ohlc4
HNX_PVS,PVS,2026-01-19 09:00:00,1860,0,38.5,39.8,38.2,39.5,7066000,275574000.0,derived_ohlc4
HNX_PVS,PVS,2026-01-20 09:00:00,1861,0,39.4,39.9,38.4,38.4,7935100,309667277.5,derived_ohlc4
HNX_PVS,PVS,2026-01-21 09:00:00,1862,0,38.5,41.4,37.4,41.4,13970700,554287522.5,derived_ohlc4
HNX_PVS,PVS,2026-01-22 09:00:00,1863,0,41.3,42.5,40.0,40.2,9470300,388282300.0,derived_ohlc4
HNX_PVS,PVS,2026-01-23 09:00:00,1864,0,41.0,41.0,38.3,38.7,8619800,342637050.0,derived_ohlc4
HNX_PVS,PVS,2026-01-26 09:00:00,1865,0,38.8,40.5,38.2,39.4,9207000,361144575.0,derived_ohlc4
HNX_PVS,PVS,2026-01-27 09:00:00,1866,0,39.4,41.8,38.5,40.8,12369800,496338225.0,derived_ohlc4
HNX_PVS,PVS,2026-01-28 09:00:00,1867,0,40.8,44.8,40.8,43.5,29429500,1250018012.4999998,derived_ohlc4
HNX_PVS,PVS,2026-01-29 09:00:00,1868,0,44.0,44.8,41.9,43.5,9737100,424050705.0,derived_ohlc4
HNX_PVS,PVS,2026-01-30 09:00:00,1869,0,43.5,47.8,43.5,45.4,11340600,510894030.00000006,derived_ohlc4
HNX_PVS,PVS,2026-02-02 09:00:00,1870,0,45.4,48.4,44.3,48.1,12727300,592455815.0,derived_ohlc4
HNX_PVS,PVS,2026-02-03 09:00:00,1871,0,48.1,49.0,45.0,46.7,12274700,579365840.0,derived_ohlc4
HNX_PVS,PVS,2026-02-04 09:00:00,1872,0,47.0,47.3,45.4,46.7,8077100,376392859.99999994,derived_ohlc4
HNX_PVS,PVS,2026-02-05 09:00:00,1873,0,46.7,47.4,45.2,45.6,9096900,420504202.5,derived_ohlc4
HNX_PVS,PVS,2026-02-06 09:00:00,1874,0,45.6,46.6,42.4,44.4,16289400,728950650.0,derived_ohlc4
HNX_PVS,PVS,2026-02-09 09:00:00,1875,0,46.6,46.6,44.4,45.9,5106000,234237750.0,derived_ohlc4
HNX_PVS,PVS,2026-02-10 09:00:00,1876,0,45.9,46.6,41.4,42.2,14132500,622183312.5000001,derived_ohlc4
HNX_PVS,PVS,2026-02-11 09:00:00,1877,0,42.3,42.9,41.4,42.8,7412300,313910904.99999994,derived_ohlc4
HNX_PVS,PVS,2026-02-12 09:00:00,1878,0,42.9,45.0,42.9,43.9,6036000,263622300.00000003,derived_ohlc4
HNX_PVS,PVS,2026-02-13 09:00:00,1879,0,43.9,44.3,42.8,44.3,4602800,201717710.0,derived_ohlc4
HNX_PVS,PVS,2026-02-23 09:00:00,1880,0,44.3,47.8,44.3,47.4,8733200,401290539.99999994,derived_ohlc4
HNX_PVS,PVS,2026-02-24 09:00:00,1881,0,47.4,48.0,46.4,47.0,8178000,386001600.0,derived_ohlc4
HNX_PVS,PVS,2026-02-25 09:00:00,1882,0,47.1,48.9,46.0,47.0,9697000,458183250.0,derived_ohlc4
HNX_PVS,PVS,2026-02-26 09:00:00,1883,0,47.5,47.5,45.5,46.3,7490200,349792340.0,derived_ohlc4
HNX_PVS,PVS,2026-02-27 09:00:00,1884,0,46.3,49.4,46.0,47.4,9753000,461073075.0,derived_ohlc4
HNX_PVS,PVS,2026-03-02 09:00:00,1885,0,48.2,52.1,47.9,52.1,16114700,806943602.5,derived_ohlc4
HNX_PVS,PVS,2026-03-03 09:00:00,1886,0,54.0,56.4,49.5,54.6,19600600,1051082175.0,derived_ohlc4
HNX_PVS,PVS,2026-03-04 09:00:00,1887,0,54.7,56.0,50.6,52.0,14433900,769687717.5,derived_ohlc4
HNX_PVS,PVS,2026-03-05 09:00:00,1888,0,52.2,55.0,47.0,51.0,24138100,1238284530.0,derived_ohlc4
HNX_PVS,PVS,2026-03-06 09:00:00,1889,0,51.0,54.0,49.5,51.0,15319500,787039312.5,derived_ohlc4
HNX_PVS,PVS,2026-03-09 09:00:00,1890,0,51.8,56.1,45.9,45.9,19670400,982044720.0000001,derived_ohlc4
HNX_PVS,PVS,2026-03-10 09:00:00,1891,0,45.9,46.8,41.4,42.2,20948800,923318360.0,derived_ohlc4
HNX_PVS,PVS,2026-03-11 09:00:00,1892,0,42.0,45.0,39.8,45.0,8418800,361587460.0,derived_ohlc4
HNX_PVS,PVS,2026-03-12 09:00:00,1893,0,46.0,46.6,42.5,43.5,8653200,386365380.0,derived_ohlc4
HNX_PVS,PVS,2026-03-13 09:00:00,1894,0,43.6,45.4,39.7,40.0,17306800,729914290.0,derived_ohlc4
HNX_PVS,PVS,2026-03-16 09:00:00,1895,0,40.3,42.1,38.8,41.8,12102200,493164650.0,derived_ohlc4
HNX_PVS,PVS,2026-03-17 09:00:00,1896,0,42.0,42.2,40.0,40.0,5415900,222322694.99999997,derived_ohlc4
HNX_PVS,PVS,2026-03-18 09:00:00,1897,0,40.0,44.0,39.6,43.0,11997800,499708370.0,derived_ohlc4
HNX_PVS,PVS,2026-03-19 09:00:00,1898,0,43.0,44.0,41.4,42.9,7489600,320742120.0,derived_ohlc4
HNX_PVS,PVS,2026-03-20 09:00:00,1899,0,43.0,43.1,39.6,40.0,9609700,398081822.5,derived_ohlc4
HNX_PVS,PVS,2026-03-23 09:00:00,1900,0,40.0,41.2,38.7,40.5,6538600,262197860.0,derived_ohlc4
HNX_PVS,PVS,2026-03-24 09:00:00,1901,0,41.3,41.5,40.2,41.0,4744900,194540900.0,derived_ohlc4
HNX_PVS,PVS,2026-03-25 09:00:00,1902,0,41.0,43.4,39.5,42.2,7282100,302389202.50000006,derived_ohlc4
HNX_PVS,PVS,2026-03-26 09:00:00,1903,0,42.5,42.6,40.7,42.0,5057500,212162125.0,derived_ohlc4
HNX_PVS,PVS,2026-03-27 09:00:00,1904,0,42.5,43.1,41.8,42.8,5938400,252678919.99999997,derived_ohlc4
HNX_PVS,PVS,2026-03-30 09:00:00,1905,0,43.2,44.3,42.5,42.8,5262900,227357280.00000003,derived_ohlc4
HNX_PVS,PVS,2026-03-31 09:00:00,1906,0,42.8,43.2,40.7,40.9,7568200,317107580.0,derived_ohlc4
HNX_PVS,PVS,2026-04-01 09:00:00,1907,0,41.5,41.7,39.9,40.2,7800600,318459495.0,derived_ohlc4
HNX_PVS,PVS,2026-04-02 09:00:00,1908,0,40.0,41.3,40.0,40.2,3282400,132526900.0,derived_ohlc4
HNX_PVS,PVS,2026-04-03 09:00:00,1909,0,40.5,41.1,40.1,40.4,3995400,161913585.0,derived_ohlc4
HNX_PVS,PVS,2026-04-06 09:00:00,1910,0,40.4,40.7,37.6,37.8,6957300,272204362.5,derived_ohlc4
HNX_PVS,PVS,2026-04-07 09:00:00,1911,0,37.9,38.4,36.6,37.4,4711000,177015825.0,derived_ohlc4
HNX_PVS,PVS,2026-04-08 09:00:00,1912,0,36.8,38.9,36.8,38.2,6116100,230424067.49999997,derived_ohlc4
HNX_PVS,PVS,2026-04-09 09:00:00,1913,0,38.2,38.8,35.0,37.5,3760600,140552425.0,derived_ohlc4
HNX_PVS,PVS,2026-04-10 09:00:00,1914,0,37.4,40.5,37.0,39.6,6848600,264527175.0,derived_ohlc4
HNX_PVS,PVS,2026-04-13 09:00:00,1915,0,39.7,40.5,39.1,39.3,2809400,111392710.00000001,derived_ohlc4
HNX_PVS,PVS,2026-04-14 09:00:00,1916,0,39.6,39.8,38.6,38.6,3967200,155315880.0,derived_ohlc4
HNX_PVS,PVS,2026-04-15 09:00:00,1917,0,38.0,39.5,36.2,38.7,3447500,131349750.0,derived_ohlc4
HNX_PVS,PVS,2026-04-16 09:00:00,1918,0,38.7,39.3,38.3,38.3,2636100,101885265.0,derived_ohlc4
HNX_PVS,PVS,2026-04-17 09:00:00,1919,0,38.8,39.5,38.1,38.7,3025600,117317640.00000001,derived_ohlc4
HNX_PVS,PVS,2026-04-20 09:00:00,1920,0,35.3,39.3,35.3,38.3,2083300,77186265.0,derived_ohlc4
HNX_PVS,PVS,2026-04-21 09:00:00,1921,0,38.3,39.2,37.8,38.5,3266400,125593080.00000001,derived_ohlc4
HNX_PVS,PVS,2026-04-22 09:00:00,1922,0,38.5,39.0,38.0,38.0,2223600,85330650.0,derived_ohlc4
HNX_PVS,PVS,2026-04-23 09:00:00,1923,0,38.1,38.6,36.3,37.4,5585100,209999760.0,derived_ohlc4
HNX_PVS,PVS,2026-04-24 09:00:00,1924,0,37.4,39.1,37.4,38.1,2895400,110025200.0,derived_ohlc4
HNX_PVS,PVS,2026-04-28 09:00:00,1925,0,38.2,38.6,36.2,36.2,4207600,156943480.00000003,derived_ohlc4
HNX_PVS,PVS,2026-04-29 09:00:00,1926,0,36.2,38.3,35.1,38.0,4812500,177581250.0,derived_ohlc4
HNX_PVS,PVS,2026-05-04 09:00:00,1927,0,38.6,39.8,38.1,39.3,5570600,216974870.00000003,derived_ohlc4
HNX_PVS,PVS,2026-05-05 09:00:00,1928,0,39.3,40.7,38.7,40.4,5808300,231025132.5,derived_ohlc4
HNX_PVS,PVS,2026-05-06 09:00:00,1929,0,40.4,41.3,40.0,40.2,4895000,198125124.99999997,derived_ohlc4
HNX_PVS,PVS,2026-05-07 09:00:00,1930,0,40.1,40.5,38.8,38.9,4279200,169349339.99999997,derived_ohlc4
HNX_PVS,PVS,2026-05-08 09:00:00,1931,0,38.9,39.3,38.2,38.7,2687100,104192302.5,derived_ohlc4
HNX_PVS,PVS,2026-05-11 09:00:00,1932,0,38.6,40.4,38.1,39.7,4403300,172609360.0,derived_ohlc4
HNX_PVS,PVS,2026-05-12 09:00:00,1933,0,39.7,40.5,39.1,40.0,3863500,153863887.5,derived_ohlc4
HNX_PVS,PVS,2026-05-13 09:00:00,1934,0,40.4,42.3,39.7,41.0,8739500,357008574.99999994,derived_ohlc4
HNX_PVS,PVS,2026-05-14 09:00:00,1935,0,41.0,41.6,40.3,40.5,3299000,134764149.99999997,derived_ohlc4
HNX_PVS,PVS,2026-05-15 09:00:00,1936,0,40.5,41.6,40.2,41.0,4930200,201275415.0,derived_ohlc4
HNX_PVS,PVS,2026-05-18 09:00:00,1937,0,41.1,44.0,41.0,42.5,10693000,450709950.0,derived_ohlc4
HNX_PVS,PVS,2026-05-19 09:00:00,1938,0,42.4,43.3,39.4,40.0,9594300,396004732.5,derived_ohlc4
HNX_PVS,PVS,2026-05-20 09:00:00,1939,0,40.0,41.3,38.0,41.2,5473000,219604125.0,derived_ohlc4
HNX_PVS,PVS,2026-05-21 09:00:00,1940,0,41.2,41.2,40.2,40.4,2215500,90281625.0,derived_ohlc4
HNX_PVS,PVS,2026-05-22 09:00:00,1941,0,40.3,40.6,39.5,39.9,2735100,109609132.50000001,derived_ohlc4
HNX_PVS,PVS,2026-05-25 09:00:00,1942,0,39.9,39.9,37.9,38.0,6415000,249703874.99999997,derived_ohlc4
HNX_PVS,PVS,2026-05-26 09:00:00,1943,0,37.9,38.7,37.9,38.5,1641200,62775900.0,derived_ohlc4
HNX_PVS,PVS,2026-05-27 09:00:00,1944,0,38.9,39.4,38.5,38.5,1910200,74163515.0,derived_ohlc4
HNX_PVS,PVS,2026-05-28 09:00:00,1945,0,38.2,39.1,38.2,38.7,2632200,101471310.00000001,derived_ohlc4
HNX_PVS,PVS,2026-05-29 09:00:00,1946,0,38.6,39.4,38.2,39.0,2821400,109470319.99999999,derived_ohlc4
HNX_PVS,PVS,2026-06-01 09:00:00,1947,0,39.0,39.4,38.6,38.6,914700,35581830.0,derived_ohlc4
HNX_PVS,PVS,2026-06-02 09:00:00,1948,0,38.2,39.0,37.8,37.8,2093300,79964060.0,derived_ohlc4
HNX_PVS,PVS,2026-06-03 09:00:00,1949,0,37.8,38.5,37.7,38.5,1521900,58022437.5,derived_ohlc4
HNX_PVS,PVS,2026-06-04 09:00:00,1950,0,38.5,39.9,38.5,39.0,2604100,101494797.5,derived_ohlc4
HNX_PVS,PVS,2026-06-05 09:00:00,1951,0,39.0,39.2,38.5,38.7,1247800,48477030.0,derived_ohlc4
HNX_PVS,PVS,2026-06-08 09:00:00,1952,0,38.7,38.9,38.0,38.0,2074300,79653120.0,derived_ohlc4
HNX_PVS,PVS,2026-06-09 09:00:00,1953,0,38.0,38.4,37.5,38.0,1336500,50753587.5,derived_ohlc4
HNX_PVS,PVS,2026-06-10 09:00:00,1954,0,38.2,38.6,38.1,38.2,1184200,45325255.00000001,derived_ohlc4
HNX_PVS,PVS,2026-06-11 09:00:00,1955,0,39.0,39.2,38.0,38.6,2294800,88808760.0,derived_ohlc4
HNX_PVS,PVS,2026-06-12 09:00:00,1956,0,38.0,38.8,38.0,38.5,1081900,41463817.5,derived_ohlc4
HNX_PVS,PVS,2026-06-15 09:00:00,1957,0,38.5,38.5,37.0,37.4,3786800,143330380.0,derived_ohlc4
HNX_PVS,PVS,2026-06-16 09:00:00,1958,0,37.1,37.8,37.0,37.8,2234400,83622420.0,derived_ohlc4
HNX_PVS,PVS,2026-06-17 09:00:00,1959,0,37.5,38.2,37.4,38.0,1284600,48525765.0,derived_ohlc4
HNX_PVS,PVS,2026-06-18 09:00:00,1960,0,38.0,39.1,37.5,39.0,4201900,161352960.0,derived_ohlc4
HNX_PVS,PVS,2026-06-19 09:00:00,1961,0,39.0,39.2,38.5,39.0,2042300,79496527.5,derived_ohlc4
HNX_PVS,PVS,2026-06-22 09:00:00,1962,0,39.0,40.3,38.9,39.6,3415000,134721750.0,derived_ohlc4
HNX_PVS,PVS,2026-06-23 09:00:00,1963,0,39.3,39.5,37.8,37.8,3854800,148795279.99999997,derived_ohlc4
HNX_PVS,PVS,2026-06-24 09:00:00,1964,0,37.8,39.0,37.5,38.8,2038500,78023587.5,derived_ohlc4
HNX_PVS,PVS,2026-06-25 09:00:00,1965,0,37.7,38.8,37.7,38.0,1078900,41052145.0,derived_ohlc4
HNX_PVS,PVS,2026-06-26 09:00:00,1966,0,38.0,38.4,37.5,37.5,1603500,60692475.0,derived_ohlc4
HNX_PVS,PVS,2026-06-29 09:00:00,1967,0,37.7,38.8,37.7,38.5,2102200,80251485.0,derived_ohlc4
HNX_PVS,PVS,2026-06-30 09:00:00,1968,0,38.1,38.6,38.0,38.1,1405500,53690100.00000001,derived_ohlc4
HNX_PVS,PVS,2026-07-01 09:00:00,1969,0,37.9,39.2,37.9,38.9,1599200,61529220.0,derived_ohlc4
HNX_PVS,PVS,2026-07-02 09:00:00,1970,0,38.8,39.0,38.3,38.5,1292000,49935800.0,derived_ohlc4
HNX_PVS,PVS,2026-07-03 09:00:00,1971,0,38.5,38.8,37.9,38.1,1436200,55042364.99999999,derived_ohlc4
HNX_PVS,PVS,2026-07-06 09:00:00,1972,0,38.0,38.3,36.2,36.4,4149700,154472582.5,derived_ohlc4
HNX_PVS,PVS,2026-07-07 09:00:00,1973,0,36.4,36.7,35.5,36.0,3162200,114313530.0,derived_ohlc4
HNX_PVS,PVS,2026-07-08 09:00:00,1974,0,36.0,37.1,36.0,36.7,1371700,49998465.00000001,derived_ohlc4
HNX_PVS,PVS,2026-07-09 09:00:00,1975,0,37.0,37.8,36.8,37.6,2851000,106342299.99999999,derived_ohlc4
HNX_PVS,PVS,2026-07-10 09:00:00,1976,0,37.6,37.6,36.2,36.2,1779700,65670930.00000001,derived_ohlc4
HNX_PVS,PVS,2026-07-13 09:00:00,1977,0,36.3,37.1,36.2,37.0,3181200,116590980.00000001,derived_ohlc4
HNX_PVS,PVS,2026-07-14 09:00:00,1978,0,37.5,39.2,36.5,38.8,6103000,231914000.0,derived_ohlc4
HNX_PVS,PVS,2026-07-15 09:00:00,1979,0,38.8,38.9,37.6,38.0,1991200,76312739.99999999,derived_ohlc4
HNX_PVS,PVS,2026-07-16 09:00:00,1980,0,37.8,38.8,35.8,38.8,3114500,117728099.99999999,derived_ohlc4
HNX_PVS,PVS,2026-07-17 09:00:00,1981,0,38.0,38.8,37.2,38.3,1522700,57976802.50000001,derived_ohlc4
HNX_PVS,PVS,2026-07-20 09:00:00,1982,0,38.3,38.8,36.7,36.7,2728600,102663575.0,derived_ohlc4
HNX_PVS,PVS,2026-07-21 09:00:00,1983,0,36.7,37.0,33.1,33.7,12004300,421651037.5,derived_ohlc4
HNX_PVS,PVS,2026-07-22 09:00:00,1984,0,33.7,34.4,32.2,33.1,4234900,141233915.0,derived_ohlc4
HNX_PVS,PVS,2026-07-23 09:00:00,1985,0,33.0,34.3,32.2,34.3,3176500,106253925.00000001,derived_ohlc4
HNX_PVS,PVS,2026-07-24 09:00:00,1986,0,35.0,35.1,34.2,34.2,2616400,90592850.0,derived_ohlc4
HNX_PVS,PVS,2026-07-27 09:00:00,1987,0,33.8,34.6,33.2,33.3,2724800,91893880.0,derived_ohlc4
HNX_PVS,PVS,2026-07-28 09:00:00,1988,0,33.6,34.3,32.6,33.6,2351600,78837390.0,derived_ohlc4
HNX_PVS,PVS,2026-07-29 09:00:00,1989,0,33.6,34.2,33.5,33.7,771800,26048250.0,derived_ohlc4
HNX_PVS,PVS,2026-07-30 09:00:00,1990,0,33.5,35.2,33.5,34.8,1950800,66814900.0,derived_ohlc4
HNX_PVS,PVS,2026-07-31 09:00:00,1991,0,34.9,35.1,34.1,34.1,2386800,82463940.0,derived_ohlc4
HNX_PVS,PVS,2026-08-03 09:00:00,1992,0,34.8,34.9,33.9,34.5,2021400,69788835.0,derived_ohlc4
HNX_PVS,PVS,2026-08-04 09:00:00,1993,0,34.5,35.0,34.4,34.5,1416600,49014360.0,derived_ohlc4
HNX_PVS,PVS,2026-08-05 09:00:00,1994,0,34.5,34.5,33.9,34.2,2239500,76758862.50000001,derived_ohlc4
HNX_PVS,PVS,2026-08-06 09:00:00,1995,0,34.2,34.8,33.9,34.0,1589900,54414327.5,derived_ohlc4
HNX_PVS,PVS,2026-08-07 09:00:00,1996,0,34.0,35.4,34.0,34.3,2987800,102855014.99999999,derived_ohlc4
