security_id,symbol,timestamps,session_id,segment_id,open,high,low,close,volume,amount,amount_source
HOSE_PVT,PVT,2018-08-09 09:00:00,0,0,7.76,7.82,7.67,7.67,164670,1272899.1,derived_ohlc4
HOSE_PVT,PVT,2018-08-10 09:00:00,1,0,7.76,7.8,7.65,7.8,163590,1268231.475,derived_ohlc4
HOSE_PVT,PVT,2018-08-13 09:00:00,2,0,7.89,7.89,7.67,7.87,232020,1816716.6,derived_ohlc4
HOSE_PVT,PVT,2018-08-14 09:00:00,3,0,7.94,7.94,7.76,7.85,129530,1019724.925,derived_ohlc4
HOSE_PVT,PVT,2018-08-15 09:00:00,4,0,7.91,7.91,7.74,7.87,308420,2423410.1500000004,derived_ohlc4
HOSE_PVT,PVT,2018-08-16 09:00:00,5,0,7.87,7.87,7.71,7.85,270630,2117679.75,derived_ohlc4
HOSE_PVT,PVT,2018-08-17 09:00:00,6,0,7.85,7.85,7.67,7.8,106770,832005.225,derived_ohlc4
HOSE_PVT,PVT,2018-08-20 09:00:00,7,0,7.76,7.8,7.69,7.78,192460,1493008.45,derived_ohlc4
HOSE_PVT,PVT,2018-08-21 09:00:00,8,0,7.78,7.8,7.67,7.76,160780,1246446.95,derived_ohlc4
HOSE_PVT,PVT,2018-08-22 09:00:00,9,0,8.06,8.21,7.85,8.02,313590,2519695.65,derived_ohlc4
HOSE_PVT,PVT,2018-08-23 09:00:00,10,0,7.97,8.09,7.97,8.04,83950,673069.1249999999,derived_ohlc4
HOSE_PVT,PVT,2018-08-24 09:00:00,11,0,8.04,8.09,7.9,7.92,122510,978548.6250000001,derived_ohlc4
HOSE_PVT,PVT,2018-08-27 09:00:00,12,0,8.04,8.04,7.88,7.92,301990,2406860.3,derived_ohlc4
HOSE_PVT,PVT,2018-08-28 09:00:00,13,0,7.95,8.18,7.9,8.18,311830,2511011.075,derived_ohlc4
HOSE_PVT,PVT,2018-08-29 09:00:00,14,0,8.18,8.18,8.02,8.16,129400,1052669.0,derived_ohlc4
HOSE_PVT,PVT,2018-08-30 09:00:00,15,0,8.04,8.32,7.99,8.28,531090,4332366.675000001,derived_ohlc4
HOSE_PVT,PVT,2018-08-31 09:00:00,16,0,8.28,8.28,8.14,8.25,87880,723911.5000000001,derived_ohlc4
HOSE_PVT,PVT,2018-09-04 09:00:00,17,0,8.16,8.28,8.06,8.28,289130,2369420.35,derived_ohlc4
HOSE_PVT,PVT,2018-09-05 09:00:00,18,0,8.14,8.32,8.14,8.28,160840,1322104.8,derived_ohlc4
HOSE_PVT,PVT,2018-09-06 09:00:00,19,0,8.28,8.28,8.18,8.21,72670,598619.125,derived_ohlc4
HOSE_PVT,PVT,2018-09-07 09:00:00,20,0,8.18,8.56,8.18,8.51,227260,1899325.45,derived_ohlc4
HOSE_PVT,PVT,2018-09-10 09:00:00,21,0,8.68,8.68,8.37,8.42,113220,966615.75,derived_ohlc4
HOSE_PVT,PVT,2018-09-11 09:00:00,22,0,8.37,8.54,8.37,8.51,93110,786546.7249999999,derived_ohlc4
HOSE_PVT,PVT,2018-09-12 09:00:00,23,0,8.61,8.77,8.49,8.61,271760,2342571.1999999997,derived_ohlc4
HOSE_PVT,PVT,2018-09-13 09:00:00,24,0,8.8,8.8,8.51,8.51,227040,1965031.2,derived_ohlc4
HOSE_PVT,PVT,2018-09-14 09:00:00,25,0,8.44,8.61,8.42,8.47,121510,1031012.35,derived_ohlc4
HOSE_PVT,PVT,2018-09-17 09:00:00,26,0,8.47,8.61,8.3,8.35,348170,2935943.525,derived_ohlc4
HOSE_PVT,PVT,2018-09-18 09:00:00,27,0,8.28,8.35,8.23,8.35,111700,927389.25,derived_ohlc4
HOSE_PVT,PVT,2018-09-19 09:00:00,28,0,8.35,8.51,8.23,8.47,236120,1981046.8,derived_ohlc4
HOSE_PVT,PVT,2018-09-20 09:00:00,29,0,8.47,8.49,8.28,8.47,306390,2582101.725,derived_ohlc4
HOSE_PVT,PVT,2018-09-21 09:00:00,30,0,8.37,8.51,8.3,8.49,200000,1683500.0,derived_ohlc4
HOSE_PVT,PVT,2018-09-24 09:00:00,31,0,8.42,8.47,8.35,8.35,108890,914403.7750000001,derived_ohlc4
HOSE_PVT,PVT,2018-09-25 09:00:00,32,0,8.47,8.66,8.37,8.54,402030,3421275.3,derived_ohlc4
HOSE_PVT,PVT,2018-09-26 09:00:00,33,0,8.56,8.8,8.54,8.8,447440,3881542.0000000005,derived_ohlc4
HOSE_PVT,PVT,2018-09-27 09:00:00,34,0,8.8,8.94,8.7,8.85,398660,3517177.85,derived_ohlc4
HOSE_PVT,PVT,2018-09-28 09:00:00,35,0,8.85,8.96,8.73,8.94,413380,3666680.6000000006,derived_ohlc4
HOSE_PVT,PVT,2018-10-01 09:00:00,36,0,8.89,8.94,8.7,8.94,311380,2761162.15,derived_ohlc4
HOSE_PVT,PVT,2018-10-02 09:00:00,37,0,8.94,8.99,8.8,8.89,193960,1727213.8000000003,derived_ohlc4
HOSE_PVT,PVT,2018-10-03 09:00:00,38,0,8.94,8.94,8.77,8.87,71980,639182.3999999999,derived_ohlc4
HOSE_PVT,PVT,2018-10-04 09:00:00,39,0,8.82,8.89,8.82,8.87,148740,1316349.0,derived_ohlc4
HOSE_PVT,PVT,2018-10-05 09:00:00,40,0,8.66,8.85,8.66,8.8,102850,899166.125,derived_ohlc4
HOSE_PVT,PVT,2018-10-08 09:00:00,41,0,8.8,9.22,8.8,8.96,296530,2652460.85,derived_ohlc4
HOSE_PVT,PVT,2018-10-09 09:00:00,42,0,8.96,9.03,8.85,8.87,61280,547077.2000000001,derived_ohlc4
HOSE_PVT,PVT,2018-10-10 09:00:00,43,0,8.87,8.87,8.73,8.85,101930,900041.9,derived_ohlc4
HOSE_PVT,PVT,2018-10-11 09:00:00,44,0,8.42,8.51,8.23,8.42,393910,3306874.4499999997,derived_ohlc4
HOSE_PVT,PVT,2018-10-12 09:00:00,45,0,7.95,8.42,7.95,8.4,227790,1863322.2,derived_ohlc4
HOSE_PVT,PVT,2018-10-15 09:00:00,46,0,8.32,8.37,8.14,8.32,141660,1174007.25,derived_ohlc4
HOSE_PVT,PVT,2018-10-16 09:00:00,47,0,8.32,8.32,8.11,8.21,318640,2625593.6,derived_ohlc4
HOSE_PVT,PVT,2018-10-17 09:00:00,48,0,8.28,8.28,8.16,8.28,158290,1305892.5,derived_ohlc4
HOSE_PVT,PVT,2018-10-18 09:00:00,49,0,8.23,8.44,8.14,8.32,89230,739047.4750000001,derived_ohlc4
HOSE_PVT,PVT,2018-10-19 09:00:00,50,0,8.23,8.3,8.11,8.3,41220,339446.69999999995,derived_ohlc4
HOSE_PVT,PVT,2018-10-22 09:00:00,51,0,8.3,8.37,8.23,8.3,48830,405289.00000000006,derived_ohlc4
HOSE_PVT,PVT,2018-10-23 09:00:00,52,0,8.23,8.23,7.8,7.95,170330,1371582.325,derived_ohlc4
HOSE_PVT,PVT,2018-10-24 09:00:00,53,0,7.9,8.04,7.62,7.95,292730,2305980.5749999997,derived_ohlc4
HOSE_PVT,PVT,2018-10-25 09:00:00,54,0,7.57,8.06,7.47,7.97,185000,1436987.5,derived_ohlc4
HOSE_PVT,PVT,2018-10-26 09:00:00,55,0,7.97,7.97,7.66,7.88,115830,911582.1,derived_ohlc4
HOSE_PVT,PVT,2018-10-29 09:00:00,56,0,7.62,7.8,7.59,7.8,58930,453908.32499999995,derived_ohlc4
HOSE_PVT,PVT,2018-10-30 09:00:00,57,0,7.57,8.02,7.57,8.02,108300,844198.5,derived_ohlc4
HOSE_PVT,PVT,2018-10-31 09:00:00,58,0,8.04,8.32,8.02,8.28,167240,1365514.5999999999,derived_ohlc4
HOSE_PVT,PVT,2018-11-01 09:00:00,59,0,8.28,8.42,8.14,8.37,118950,987582.375,derived_ohlc4
HOSE_PVT,PVT,2018-11-02 09:00:00,60,0,8.21,8.54,8.21,8.54,103900,870162.5,derived_ohlc4
HOSE_PVT,PVT,2018-11-05 09:00:00,61,0,8.54,8.54,8.25,8.47,37490,316790.5,derived_ohlc4
HOSE_PVT,PVT,2018-11-06 09:00:00,62,0,8.51,8.51,8.04,8.3,172620,1439650.8,derived_ohlc4
HOSE_PVT,PVT,2018-11-07 09:00:00,63,0,8.11,8.35,8.06,8.14,166800,1361922.0000000002,derived_ohlc4
HOSE_PVT,PVT,2018-11-08 09:00:00,64,0,8.14,8.23,8.04,8.18,102590,835852.0250000001,derived_ohlc4
HOSE_PVT,PVT,2018-11-09 09:00:00,65,0,8.18,8.18,7.9,8.04,59540,480785.49999999994,derived_ohlc4
HOSE_PVT,PVT,2018-11-12 09:00:00,66,0,7.9,8.02,7.88,8.02,146240,1163339.2,derived_ohlc4
HOSE_PVT,PVT,2018-11-13 09:00:00,67,0,7.99,7.99,7.69,7.8,127100,999959.2500000001,derived_ohlc4
HOSE_PVT,PVT,2018-11-14 09:00:00,68,0,7.71,8.35,7.66,8.35,285190,2286510.825,derived_ohlc4
HOSE_PVT,PVT,2018-11-15 09:00:00,69,0,8.04,8.37,7.92,8.02,134440,1087283.4999999998,derived_ohlc4
HOSE_PVT,PVT,2018-11-16 09:00:00,70,0,8.02,8.09,7.83,8.02,137070,1095189.2999999998,derived_ohlc4
HOSE_PVT,PVT,2018-11-19 09:00:00,71,0,7.99,8.04,7.92,8.04,64650,517038.37500000006,derived_ohlc4
HOSE_PVT,PVT,2018-11-20 09:00:00,72,0,7.83,7.97,7.8,7.95,356370,2810868.375,derived_ohlc4
HOSE_PVT,PVT,2018-11-21 09:00:00,73,0,7.83,7.99,7.83,7.99,49230,389409.3,derived_ohlc4
HOSE_PVT,PVT,2018-11-22 09:00:00,74,0,7.95,7.95,7.8,7.95,165410,1308806.625,derived_ohlc4
HOSE_PVT,PVT,2018-11-23 09:00:00,75,0,7.83,7.83,7.64,7.76,254000,1972310.0000000002,derived_ohlc4
HOSE_PVT,PVT,2018-11-26 09:00:00,76,0,7.76,7.8,7.69,7.8,27300,211916.25,derived_ohlc4
HOSE_PVT,PVT,2018-11-27 09:00:00,77,0,7.8,7.8,7.57,7.62,262660,2021825.35,derived_ohlc4
HOSE_PVT,PVT,2018-11-28 09:00:00,78,0,7.57,7.57,7.43,7.57,165890,1249981.1500000001,derived_ohlc4
HOSE_PVT,PVT,2018-11-29 09:00:00,79,0,7.57,7.57,7.47,7.57,121230,914680.35,derived_ohlc4
HOSE_PVT,PVT,2018-11-30 09:00:00,80,0,7.52,7.57,7.33,7.57,393710,2951840.725,derived_ohlc4
HOSE_PVT,PVT,2018-12-03 09:00:00,81,0,7.62,7.76,7.59,7.73,263140,2019599.5,derived_ohlc4
HOSE_PVT,PVT,2018-12-04 09:00:00,82,0,7.76,7.76,7.62,7.69,163010,1256399.5750000002,derived_ohlc4
HOSE_PVT,PVT,2018-12-05 09:00:00,83,0,7.62,7.62,7.5,7.57,373780,2832317.95,derived_ohlc4
HOSE_PVT,PVT,2018-12-06 09:00:00,84,0,7.62,7.66,7.47,7.57,89860,681138.8,derived_ohlc4
HOSE_PVT,PVT,2018-12-07 09:00:00,85,0,7.57,7.64,7.47,7.54,266080,2010234.4,derived_ohlc4
HOSE_PVT,PVT,2018-12-10 09:00:00,86,0,7.57,7.78,7.54,7.62,707670,5397752.925,derived_ohlc4
HOSE_PVT,PVT,2018-12-11 09:00:00,87,0,7.66,7.66,7.54,7.57,305120,2321200.4,derived_ohlc4
HOSE_PVT,PVT,2018-12-12 09:00:00,88,0,7.62,7.66,7.54,7.54,387560,2941580.4,derived_ohlc4
HOSE_PVT,PVT,2018-12-13 09:00:00,89,0,7.57,7.62,7.54,7.57,475110,3598958.25,derived_ohlc4
HOSE_PVT,PVT,2018-12-14 09:00:00,90,0,7.57,7.97,7.57,7.76,681850,5262177.375,derived_ohlc4
HOSE_PVT,PVT,2018-12-17 09:00:00,91,0,7.76,7.76,7.59,7.59,288080,2211014.0,derived_ohlc4
HOSE_PVT,PVT,2018-12-18 09:00:00,92,0,7.57,7.57,7.33,7.54,440460,3304551.15,derived_ohlc4
HOSE_PVT,PVT,2018-12-19 09:00:00,93,0,7.47,7.57,7.38,7.52,356230,2666381.55,derived_ohlc4
HOSE_PVT,PVT,2018-12-20 09:00:00,94,0,7.43,7.5,7.38,7.5,116680,869557.7,derived_ohlc4
HOSE_PVT,PVT,2018-12-21 09:00:00,95,0,7.38,7.43,7.31,7.4,177340,1308769.1999999997,derived_ohlc4
HOSE_PVT,PVT,2018-12-24 09:00:00,96,0,7.45,7.54,7.4,7.43,223910,1669249.05,derived_ohlc4
HOSE_PVT,PVT,2018-12-25 09:00:00,97,0,7.07,7.38,7.05,7.28,236350,1700538.25,derived_ohlc4
HOSE_PVT,PVT,2018-12-26 09:00:00,98,0,7.38,7.4,7.1,7.24,329190,2396503.2,derived_ohlc4
HOSE_PVT,PVT,2018-12-27 09:00:00,99,0,7.4,7.45,7.26,7.31,504020,3707067.0999999996,derived_ohlc4
HOSE_PVT,PVT,2018-12-28 09:00:00,100,0,7.57,7.66,7.43,7.43,603460,4539527.85,derived_ohlc4
HOSE_PVT,PVT,2019-01-02 09:00:00,101,0,7.54,7.59,7.38,7.38,226030,1689009.1749999998,derived_ohlc4
HOSE_PVT,PVT,2019-01-03 09:00:00,102,0,7.43,7.43,7.19,7.19,343070,2507841.7,derived_ohlc4
HOSE_PVT,PVT,2019-01-04 09:00:00,103,0,7.24,7.54,7.1,7.52,409640,3010854.0,derived_ohlc4
HOSE_PVT,PVT,2019-01-07 09:00:00,104,0,7.57,7.64,7.5,7.57,146060,1105674.2,derived_ohlc4
HOSE_PVT,PVT,2019-01-08 09:00:00,105,0,7.57,7.57,7.43,7.52,160570,1207887.825,derived_ohlc4
HOSE_PVT,PVT,2019-01-09 09:00:00,106,0,7.52,7.64,7.52,7.59,236550,1790092.125,derived_ohlc4
HOSE_PVT,PVT,2019-01-10 09:00:00,107,0,7.59,7.62,7.57,7.57,211420,1604149.25,derived_ohlc4
HOSE_PVT,PVT,2019-01-11 09:00:00,108,0,7.62,7.62,7.47,7.59,292910,2218793.25,derived_ohlc4
HOSE_PVT,PVT,2019-01-14 09:00:00,109,0,7.5,7.57,7.47,7.57,88100,663172.75,derived_ohlc4
HOSE_PVT,PVT,2019-01-15 09:00:00,110,0,7.57,7.83,7.57,7.8,756320,5817991.6,derived_ohlc4
HOSE_PVT,PVT,2019-01-16 09:00:00,111,0,7.8,7.88,7.76,7.8,289260,2259120.6,derived_ohlc4
HOSE_PVT,PVT,2019-01-17 09:00:00,112,0,7.8,7.8,7.73,7.78,152010,1182257.775,derived_ohlc4
HOSE_PVT,PVT,2019-01-18 09:00:00,113,0,7.76,7.76,7.64,7.71,318070,2454705.225,derived_ohlc4
HOSE_PVT,PVT,2019-01-21 09:00:00,114,0,7.8,7.8,7.69,7.69,268520,2079687.4000000001,derived_ohlc4
HOSE_PVT,PVT,2019-01-22 09:00:00,115,0,7.66,7.85,7.64,7.83,480240,3719458.8,derived_ohlc4
HOSE_PVT,PVT,2019-01-23 09:00:00,116,0,7.83,7.83,7.71,7.83,278980,2176044.0,derived_ohlc4
HOSE_PVT,PVT,2019-01-24 09:00:00,117,0,7.83,8.04,7.83,7.95,440650,3486643.125,derived_ohlc4
HOSE_PVT,PVT,2019-01-25 09:00:00,118,0,8.02,8.04,7.9,7.97,227680,1817455.6,derived_ohlc4
HOSE_PVT,PVT,2019-01-28 09:00:00,119,0,7.97,8.14,7.92,8.09,451340,3624260.2000000007,derived_ohlc4
HOSE_PVT,PVT,2019-01-29 09:00:00,120,0,8.09,8.14,7.99,8.11,300970,2432590.025,derived_ohlc4
HOSE_PVT,PVT,2019-01-30 09:00:00,121,0,8.11,8.21,7.99,8.02,410630,3318916.9749999996,derived_ohlc4
HOSE_PVT,PVT,2019-01-31 09:00:00,122,0,8.06,8.11,7.99,8.04,371300,2988965.0000000005,derived_ohlc4
HOSE_PVT,PVT,2019-02-01 09:00:00,123,0,8.04,8.06,8.02,8.04,112400,903695.9999999999,derived_ohlc4
HOSE_PVT,PVT,2019-02-11 09:00:00,124,0,8.04,8.28,8.02,8.23,510890,4159921.825,derived_ohlc4
HOSE_PVT,PVT,2019-02-12 09:00:00,125,0,8.3,8.35,8.14,8.21,779470,6430627.5,derived_ohlc4
HOSE_PVT,PVT,2019-02-13 09:00:00,126,0,8.21,8.3,8.14,8.28,440840,3629215.3,derived_ohlc4
HOSE_PVT,PVT,2019-02-14 09:00:00,127,0,8.28,8.32,8.18,8.32,441630,3654488.25,derived_ohlc4
HOSE_PVT,PVT,2019-02-15 09:00:00,128,0,8.28,8.35,8.18,8.32,497510,4120626.5749999993,derived_ohlc4
HOSE_PVT,PVT,2019-02-18 09:00:00,129,0,8.37,8.4,8.32,8.37,333220,2787385.3000000003,derived_ohlc4
HOSE_PVT,PVT,2019-02-19 09:00:00,130,0,8.3,8.37,8.21,8.21,568110,4699689.975000001,derived_ohlc4
HOSE_PVT,PVT,2019-02-20 09:00:00,131,0,8.21,8.21,7.99,8.14,966650,7866114.375000001,derived_ohlc4
HOSE_PVT,PVT,2019-02-21 09:00:00,132,0,8.14,8.14,7.95,8.04,331050,2670745.8749999995,derived_ohlc4
HOSE_PVT,PVT,2019-02-22 09:00:00,133,0,7.99,8.18,7.95,8.11,247560,1994714.7000000002,derived_ohlc4
HOSE_PVT,PVT,2019-02-25 09:00:00,134,0,8.14,8.16,7.99,8.09,307770,2491398.1499999994,derived_ohlc4
HOSE_PVT,PVT,2019-02-26 09:00:00,135,0,8.04,8.09,7.95,8.06,229240,1841943.4000000001,derived_ohlc4
HOSE_PVT,PVT,2019-02-27 09:00:00,136,0,8.06,8.18,7.99,8.18,312530,2532274.325,derived_ohlc4
HOSE_PVT,PVT,2019-02-28 09:00:00,137,0,8.25,8.25,7.99,8.18,274730,2243857.275,derived_ohlc4
HOSE_PVT,PVT,2019-03-01 09:00:00,138,0,8.18,8.18,8.04,8.04,320630,2600309.3,derived_ohlc4
HOSE_PVT,PVT,2019-03-04 09:00:00,139,0,8.04,8.32,8.04,8.32,903120,7387521.6,derived_ohlc4
HOSE_PVT,PVT,2019-03-05 09:00:00,140,0,8.23,8.61,8.23,8.32,888290,7415000.775,derived_ohlc4
HOSE_PVT,PVT,2019-03-06 09:00:00,141,0,8.21,8.42,8.09,8.42,581450,4817313.25,derived_ohlc4
HOSE_PVT,PVT,2019-03-07 09:00:00,142,0,8.3,8.42,8.25,8.25,552400,4587682.0,derived_ohlc4
HOSE_PVT,PVT,2019-03-08 09:00:00,143,0,8.25,8.25,8.11,8.23,500040,4105328.4000000004,derived_ohlc4
HOSE_PVT,PVT,2019-03-11 09:00:00,144,0,8.23,8.23,8.04,8.18,397070,3244061.9,derived_ohlc4
HOSE_PVT,PVT,2019-03-12 09:00:00,145,0,8.16,8.37,8.14,8.32,521210,4298679.475000001,derived_ohlc4
HOSE_PVT,PVT,2019-03-13 09:00:00,146,0,8.42,8.42,8.28,8.37,730330,6114687.924999999,derived_ohlc4
HOSE_PVT,PVT,2019-03-14 09:00:00,147,0,8.37,8.37,8.23,8.23,176080,1461464.0000000002,derived_ohlc4
HOSE_PVT,PVT,2019-03-15 09:00:00,148,0,8.23,8.3,8.18,8.3,234680,1936696.7000000002,derived_ohlc4
HOSE_PVT,PVT,2019-03-18 09:00:00,149,0,8.3,8.47,8.25,8.47,723410,6056750.225000001,derived_ohlc4
HOSE_PVT,PVT,2019-03-19 09:00:00,150,0,8.49,8.59,8.3,8.47,857700,7258286.25,derived_ohlc4
HOSE_PVT,PVT,2019-03-20 09:00:00,151,0,8.47,8.47,8.25,8.47,244830,2060244.4500000002,derived_ohlc4
HOSE_PVT,PVT,2019-03-21 09:00:00,152,0,8.47,8.51,8.3,8.32,304350,2556540.0,derived_ohlc4
HOSE_PVT,PVT,2019-03-22 09:00:00,153,0,8.3,8.32,8.14,8.28,299630,2474943.8,derived_ohlc4
HOSE_PVT,PVT,2019-03-25 09:00:00,154,0,8.02,8.18,7.95,8.18,588260,4754611.45,derived_ohlc4
HOSE_PVT,PVT,2019-03-26 09:00:00,155,0,8.21,8.23,8.04,8.18,179040,1461861.5999999999,derived_ohlc4
HOSE_PVT,PVT,2019-03-27 09:00:00,156,0,8.16,8.21,8.02,8.14,359420,2922983.15,derived_ohlc4
HOSE_PVT,PVT,2019-03-28 09:00:00,157,0,8.14,8.23,7.97,8.18,226060,1837867.7999999998,derived_ohlc4
HOSE_PVT,PVT,2019-03-29 09:00:00,158,0,8.09,8.18,8.02,8.04,225800,1825028.5,derived_ohlc4
HOSE_PVT,PVT,2019-04-01 09:00:00,159,0,8.16,8.16,7.83,7.83,521450,4168992.7499999995,derived_ohlc4
HOSE_PVT,PVT,2019-04-02 09:00:00,160,0,8.04,8.04,7.66,7.73,814090,6404853.075,derived_ohlc4
HOSE_PVT,PVT,2019-04-03 09:00:00,161,0,7.76,7.8,7.62,7.71,434990,3359210.275,derived_ohlc4
HOSE_PVT,PVT,2019-04-04 09:00:00,162,0,7.71,7.83,7.69,7.76,275740,2136295.65,derived_ohlc4
HOSE_PVT,PVT,2019-04-05 09:00:00,163,0,7.85,7.95,7.73,7.85,695950,5459727.75,derived_ohlc4
HOSE_PVT,PVT,2019-04-08 09:00:00,164,0,7.95,8.14,7.95,8.04,1089470,8737549.4,derived_ohlc4
HOSE_PVT,PVT,2019-04-09 09:00:00,165,0,8.14,8.16,7.9,7.95,352260,2831289.7500000005,derived_ohlc4
HOSE_PVT,PVT,2019-04-10 09:00:00,166,0,7.83,7.95,7.83,7.95,277790,2191763.1,derived_ohlc4
HOSE_PVT,PVT,2019-04-11 09:00:00,167,0,7.95,7.95,7.8,7.9,117520,928408.0,derived_ohlc4
HOSE_PVT,PVT,2019-04-12 09:00:00,168,0,7.83,7.9,7.8,7.88,203280,1596256.2,derived_ohlc4
HOSE_PVT,PVT,2019-04-16 09:00:00,169,0,7.8,7.9,7.66,7.9,365180,2853881.6999999997,derived_ohlc4
HOSE_PVT,PVT,2019-04-17 09:00:00,170,0,7.9,7.99,7.76,7.85,373750,2943281.25,derived_ohlc4
HOSE_PVT,PVT,2019-04-18 09:00:00,171,0,7.76,7.85,7.66,7.69,358060,2771384.4,derived_ohlc4
HOSE_PVT,PVT,2019-04-19 09:00:00,172,0,7.8,7.8,7.64,7.76,151760,1176140.0,derived_ohlc4
HOSE_PVT,PVT,2019-04-22 09:00:00,173,0,7.76,7.8,7.71,7.73,123130,954257.5,derived_ohlc4
HOSE_PVT,PVT,2019-04-23 09:00:00,174,0,7.69,7.78,7.69,7.73,96930,748541.925,derived_ohlc4
HOSE_PVT,PVT,2019-04-24 09:00:00,175,0,7.71,7.76,7.69,7.73,126490,976819.025,derived_ohlc4
HOSE_PVT,PVT,2019-04-25 09:00:00,176,0,7.71,7.85,7.66,7.76,557060,4314429.699999999,derived_ohlc4
HOSE_PVT,PVT,2019-04-26 09:00:00,177,0,7.76,7.76,7.69,7.73,81130,627540.55,derived_ohlc4
HOSE_PVT,PVT,2019-05-02 09:00:00,178,0,7.85,7.85,7.71,7.76,141320,1101236.1,derived_ohlc4
HOSE_PVT,PVT,2019-05-03 09:00:00,179,0,7.8,7.8,7.66,7.73,164520,1274618.7,derived_ohlc4
HOSE_PVT,PVT,2019-05-06 09:00:00,180,0,7.73,7.73,7.47,7.5,267690,2036451.675,derived_ohlc4
HOSE_PVT,PVT,2019-05-07 09:00:00,181,0,7.5,7.62,7.45,7.59,197280,1487491.2,derived_ohlc4
HOSE_PVT,PVT,2019-05-08 09:00:00,182,0,7.45,7.59,7.38,7.59,213590,1602458.9749999999,derived_ohlc4
HOSE_PVT,PVT,2019-05-09 09:00:00,183,0,7.59,7.62,7.52,7.57,92230,698642.25,derived_ohlc4
HOSE_PVT,PVT,2019-05-10 09:00:00,184,0,7.57,7.73,7.5,7.73,304570,2324630.525,derived_ohlc4
HOSE_PVT,PVT,2019-05-13 09:00:00,185,0,7.66,7.71,7.57,7.71,341720,2618429.5,derived_ohlc4
HOSE_PVT,PVT,2019-05-14 09:00:00,186,0,7.59,7.8,7.59,7.8,265270,2041252.6500000001,derived_ohlc4
HOSE_PVT,PVT,2019-05-15 09:00:00,187,0,7.8,7.9,7.73,7.83,349600,2732124.0,derived_ohlc4
HOSE_PVT,PVT,2019-05-16 09:00:00,188,0,7.85,7.85,7.73,7.78,152690,1191363.725,derived_ohlc4
HOSE_PVT,PVT,2019-05-17 09:00:00,189,0,7.78,7.8,7.73,7.73,107960,837769.6000000001,derived_ohlc4
HOSE_PVT,PVT,2019-05-20 09:00:00,190,0,7.71,7.78,7.71,7.76,165930,1284298.2,derived_ohlc4
HOSE_PVT,PVT,2019-05-21 09:00:00,191,0,7.76,7.88,7.73,7.8,305540,2380920.45,derived_ohlc4
HOSE_PVT,PVT,2019-05-22 09:00:00,192,0,7.76,7.85,7.73,7.76,169580,1318484.5,derived_ohlc4
HOSE_PVT,PVT,2019-05-23 09:00:00,193,0,7.76,7.83,7.73,7.78,219540,1706923.5,derived_ohlc4
HOSE_PVT,PVT,2019-05-24 09:00:00,194,0,7.78,8.06,7.78,8.02,1269970,10045462.7,derived_ohlc4
HOSE_PVT,PVT,2019-05-27 09:00:00,195,0,7.99,8.14,7.99,8.06,338050,2719612.2500000005,derived_ohlc4
HOSE_PVT,PVT,2019-05-28 09:00:00,196,0,8.09,8.14,7.99,8.04,180200,1453313.0,derived_ohlc4
HOSE_PVT,PVT,2019-05-29 09:00:00,197,0,7.97,8.28,7.97,8.14,641020,5185851.8,derived_ohlc4
HOSE_PVT,PVT,2019-05-30 09:00:00,198,0,8.14,8.23,8.04,8.04,305660,2479666.75,derived_ohlc4
HOSE_PVT,PVT,2019-05-31 09:00:00,199,0,7.97,8.09,7.78,7.95,269620,2142804.9499999997,derived_ohlc4
HOSE_PVT,PVT,2019-06-03 09:00:00,200,0,7.8,7.9,7.71,7.78,334910,2611460.725,derived_ohlc4
HOSE_PVT,PVT,2019-06-04 09:00:00,201,0,7.71,7.78,7.64,7.73,283290,2185582.35,derived_ohlc4
HOSE_PVT,PVT,2019-06-05 09:00:00,202,0,7.8,7.8,7.64,7.71,268120,2074578.5,derived_ohlc4
HOSE_PVT,PVT,2019-06-06 09:00:00,203,0,7.71,7.76,7.66,7.73,259990,2005822.8499999999,derived_ohlc4
HOSE_PVT,PVT,2019-06-07 09:00:00,204,0,7.73,7.92,7.73,7.92,361950,2832258.7500000005,derived_ohlc4
HOSE_PVT,PVT,2019-06-10 09:00:00,205,0,7.95,7.99,7.8,7.83,221230,1746057.775,derived_ohlc4
HOSE_PVT,PVT,2019-06-11 09:00:00,206,0,7.9,7.9,7.76,7.83,159560,1252147.1,derived_ohlc4
HOSE_PVT,PVT,2019-06-12 09:00:00,207,0,7.83,7.85,7.8,7.85,121680,953058.6,derived_ohlc4
HOSE_PVT,PVT,2019-06-13 09:00:00,208,0,7.83,7.83,7.71,7.83,145000,1131000.0,derived_ohlc4
HOSE_PVT,PVT,2019-06-14 09:00:00,209,0,7.8,7.83,7.64,7.71,161250,1248881.25,derived_ohlc4
HOSE_PVT,PVT,2019-06-17 09:00:00,210,0,7.66,7.76,7.66,7.73,115280,887944.2,derived_ohlc4
HOSE_PVT,PVT,2019-06-18 09:00:00,211,0,7.78,7.78,7.66,7.73,53910,417128.625,derived_ohlc4
HOSE_PVT,PVT,2019-06-19 09:00:00,212,0,7.71,7.78,7.69,7.71,124250,959520.625,derived_ohlc4
HOSE_PVT,PVT,2019-06-20 09:00:00,213,0,7.76,7.83,7.76,7.76,218090,1696194.9749999999,derived_ohlc4
HOSE_PVT,PVT,2019-06-21 09:00:00,214,0,7.76,7.83,7.69,7.76,355600,2759456.0,derived_ohlc4
HOSE_PVT,PVT,2019-06-24 09:00:00,215,0,7.76,7.76,7.69,7.69,141090,1089920.25,derived_ohlc4
HOSE_PVT,PVT,2019-06-25 09:00:00,216,0,7.73,7.73,7.59,7.66,48690,373817.47500000003,derived_ohlc4
HOSE_PVT,PVT,2019-06-26 09:00:00,217,0,7.62,7.8,7.62,7.73,155500,1196183.75,derived_ohlc4
HOSE_PVT,PVT,2019-06-27 09:00:00,218,0,7.76,7.76,7.69,7.73,304190,2352909.65,derived_ohlc4
HOSE_PVT,PVT,2019-06-28 09:00:00,219,0,7.76,7.76,7.62,7.71,189490,1461441.625,derived_ohlc4
HOSE_PVT,PVT,2019-07-01 09:00:00,220,0,7.71,7.8,7.69,7.78,305990,2369892.55,derived_ohlc4
HOSE_PVT,PVT,2019-07-02 09:00:00,221,0,7.8,7.8,7.66,7.8,363140,2819782.1,derived_ohlc4
HOSE_PVT,PVT,2019-07-03 09:00:00,222,0,7.8,7.8,7.69,7.76,174320,1353158.9999999998,derived_ohlc4
HOSE_PVT,PVT,2019-07-04 09:00:00,223,0,7.71,7.8,7.69,7.8,274160,2124740.0,derived_ohlc4
HOSE_PVT,PVT,2019-07-05 09:00:00,224,0,7.76,7.78,7.69,7.78,213270,1653375.675,derived_ohlc4
HOSE_PVT,PVT,2019-07-08 09:00:00,225,0,7.8,8.11,7.8,7.95,978240,7742769.6,derived_ohlc4
HOSE_PVT,PVT,2019-07-09 09:00:00,226,0,7.95,8.18,7.95,8.18,1009820,8144198.3,derived_ohlc4
HOSE_PVT,PVT,2019-07-10 09:00:00,227,0,8.23,8.3,8.06,8.14,946240,7742608.800000001,derived_ohlc4
HOSE_PVT,PVT,2019-07-11 09:00:00,228,0,8.16,8.16,7.99,8.09,708760,5740956.000000001,derived_ohlc4
HOSE_PVT,PVT,2019-07-12 09:00:00,229,0,8.09,8.23,8.04,8.23,898360,7319388.100000001,derived_ohlc4
HOSE_PVT,PVT,2019-07-16 09:00:00,231,1,8.37,8.37,8.23,8.23,786750,6530025.000000001,derived_ohlc4
HOSE_PVT,PVT,2019-07-17 09:00:00,232,1,8.23,8.32,8.16,8.23,819010,6744547.35,derived_ohlc4
HOSE_PVT,PVT,2019-07-18 09:00:00,233,1,8.18,8.25,8.14,8.23,506760,4155431.9999999995,derived_ohlc4
HOSE_PVT,PVT,2019-07-19 09:00:00,234,1,8.25,8.32,8.04,8.06,897220,7328044.350000001,derived_ohlc4
HOSE_PVT,PVT,2019-07-22 09:00:00,235,1,8.09,8.09,7.83,7.83,783070,6233237.199999999,derived_ohlc4
HOSE_PVT,PVT,2019-07-23 09:00:00,236,1,7.83,7.97,7.83,7.92,410180,3235294.7500000005,derived_ohlc4
HOSE_PVT,PVT,2019-07-24 09:00:00,237,1,7.92,7.95,7.88,7.95,447540,3546754.5,derived_ohlc4
HOSE_PVT,PVT,2019-07-25 09:00:00,238,1,7.97,8.11,7.95,8.02,535020,4286847.75,derived_ohlc4
HOSE_PVT,PVT,2019-07-26 09:00:00,239,1,8.04,8.09,7.97,8.06,481460,3870938.3999999994,derived_ohlc4
HOSE_PVT,PVT,2019-07-29 09:00:00,240,1,8.09,8.25,8.09,8.25,972200,7942874.0,derived_ohlc4
HOSE_PVT,PVT,2019-07-30 09:00:00,241,1,8.25,8.3,8.14,8.14,956990,7854495.425,derived_ohlc4
HOSE_PVT,PVT,2019-07-31 09:00:00,242,1,8.14,8.66,8.14,8.66,1036010,8702484.0,derived_ohlc4
HOSE_PVT,PVT,2019-08-01 09:00:00,243,1,8.66,8.73,8.47,8.73,1076670,9310503.825000001,derived_ohlc4
HOSE_PVT,PVT,2019-08-02 09:00:00,244,1,8.47,8.66,8.42,8.66,870560,7445464.400000001,derived_ohlc4
HOSE_PVT,PVT,2019-08-05 09:00:00,245,1,8.66,8.66,8.51,8.54,688970,5919974.725,derived_ohlc4
HOSE_PVT,PVT,2019-08-06 09:00:00,246,1,8.35,8.51,8.25,8.25,1315440,10970769.6,derived_ohlc4
HOSE_PVT,PVT,2019-08-07 09:00:00,247,1,8.35,8.51,8.14,8.51,1179880,9884444.7,derived_ohlc4
HOSE_PVT,PVT,2019-08-08 09:00:00,248,1,8.51,8.87,8.51,8.75,1777880,15396440.8,derived_ohlc4
HOSE_PVT,PVT,2019-08-09 09:00:00,249,1,8.75,8.96,8.7,8.85,1149250,10130638.75,derived_ohlc4
HOSE_PVT,PVT,2019-08-12 09:00:00,250,1,8.77,8.87,8.7,8.7,612940,5369354.399999999,derived_ohlc4
HOSE_PVT,PVT,2019-08-13 09:00:00,251,1,8.85,8.85,8.7,8.7,899630,7894253.249999999,derived_ohlc4
HOSE_PVT,PVT,2019-08-14 09:00:00,252,1,8.85,8.85,8.53,8.68,722580,6306316.949999999,derived_ohlc4
HOSE_PVT,PVT,2019-08-15 09:00:00,253,1,8.45,8.68,8.45,8.68,356170,3050596.05,derived_ohlc4
HOSE_PVT,PVT,2019-08-16 09:00:00,254,1,8.68,8.85,8.6,8.75,704610,6144199.2,derived_ohlc4
HOSE_PVT,PVT,2019-08-19 09:00:00,255,1,8.8,9.2,8.7,9.2,1284140,11525156.5,derived_ohlc4
HOSE_PVT,PVT,2019-08-20 09:00:00,256,1,9.25,9.3,9.1,9.15,555860,5113912.0,derived_ohlc4
HOSE_PVT,PVT,2019-08-21 09:00:00,257,1,9.15,9.28,9.0,9.15,1182400,10813048.0,derived_ohlc4
HOSE_PVT,PVT,2019-08-22 09:00:00,258,1,9.15,9.2,9.0,9.0,726210,6599433.375,derived_ohlc4
HOSE_PVT,PVT,2019-08-23 09:00:00,259,1,8.98,9.15,8.9,9.15,496890,4494370.05,derived_ohlc4
HOSE_PVT,PVT,2019-08-26 09:00:00,260,1,9.13,9.15,8.8,8.85,845650,7596051.125,derived_ohlc4
HOSE_PVT,PVT,2019-08-27 09:00:00,261,1,8.9,8.95,8.75,8.95,966800,8592435.0,derived_ohlc4
HOSE_PVT,PVT,2019-08-28 09:00:00,262,1,8.93,8.98,8.78,8.78,479430,4251345.524999999,derived_ohlc4
HOSE_PVT,PVT,2019-08-29 09:00:00,263,1,8.78,8.83,8.5,8.7,1004620,8742705.55,derived_ohlc4
HOSE_PVT,PVT,2019-08-30 09:00:00,264,1,8.7,8.75,8.6,8.6,756340,6551795.25,derived_ohlc4
HOSE_PVT,PVT,2019-09-03 09:00:00,265,1,8.6,8.7,8.45,8.55,1030240,8834308.0,derived_ohlc4
HOSE_PVT,PVT,2019-09-04 09:00:00,266,1,8.6,8.78,8.43,8.78,908880,7859539.799999999,derived_ohlc4
HOSE_PVT,PVT,2019-09-05 09:00:00,267,1,8.83,8.9,8.8,8.9,1291040,11435386.8,derived_ohlc4
HOSE_PVT,PVT,2019-09-06 09:00:00,268,1,8.9,8.9,8.75,8.85,457250,4046662.5,derived_ohlc4
HOSE_PVT,PVT,2019-09-09 09:00:00,269,1,8.8,9.03,8.78,8.95,727080,6463741.2,derived_ohlc4
HOSE_PVT,PVT,2019-09-10 09:00:00,270,1,8.95,8.98,8.68,8.83,1184650,10495999.0,derived_ohlc4
HOSE_PVT,PVT,2019-09-11 09:00:00,271,1,8.85,8.88,8.6,8.8,785420,6897951.149999999,derived_ohlc4
HOSE_PVT,PVT,2019-09-12 09:00:00,272,1,8.78,8.95,8.78,8.88,389450,3445658.875,derived_ohlc4
HOSE_PVT,PVT,2019-09-13 09:00:00,273,1,8.88,9.1,8.85,9.1,656550,5897460.375,derived_ohlc4
HOSE_PVT,PVT,2019-09-16 09:00:00,274,1,9.15,9.28,8.98,8.98,776530,7064481.675,derived_ohlc4
HOSE_PVT,PVT,2019-09-17 09:00:00,275,1,9.0,9.03,8.93,8.95,436110,3915177.5249999994,derived_ohlc4
HOSE_PVT,PVT,2019-09-18 09:00:00,276,1,8.95,9.13,8.83,8.85,781740,6988755.6,derived_ohlc4
HOSE_PVT,PVT,2019-09-19 09:00:00,277,1,8.9,8.9,8.8,8.88,437840,3883640.8000000003,derived_ohlc4
HOSE_PVT,PVT,2019-09-20 09:00:00,278,1,8.9,9.13,8.9,8.9,740080,6629266.6,derived_ohlc4
HOSE_PVT,PVT,2019-09-23 09:00:00,279,1,8.9,9.05,8.9,8.93,539820,4828689.9,derived_ohlc4
HOSE_PVT,PVT,2019-09-24 09:00:00,280,1,8.93,9.03,8.93,8.95,401830,3600396.8000000003,derived_ohlc4
HOSE_PVT,PVT,2019-09-25 09:00:00,281,1,8.95,8.98,8.85,8.9,866650,7730518.0,derived_ohlc4
HOSE_PVT,PVT,2019-09-26 09:00:00,282,1,8.9,8.9,8.7,8.78,1019310,8990314.200000001,derived_ohlc4
HOSE_PVT,PVT,2019-09-27 09:00:00,283,1,8.78,8.85,8.55,8.65,1459680,12710163.6,derived_ohlc4
HOSE_PVT,PVT,2019-09-30 09:00:00,284,1,8.78,8.78,8.63,8.68,536410,4676154.175,derived_ohlc4
HOSE_PVT,PVT,2019-10-01 09:00:00,285,1,8.68,8.75,8.45,8.5,1803500,15501082.499999998,derived_ohlc4
HOSE_PVT,PVT,2019-10-02 09:00:00,286,1,8.5,8.65,8.4,8.5,627640,5342785.5,derived_ohlc4
HOSE_PVT,PVT,2019-10-03 09:00:00,287,1,8.48,8.68,8.45,8.68,481700,4129373.25,derived_ohlc4
HOSE_PVT,PVT,2019-10-04 09:00:00,288,1,8.68,8.68,8.35,8.4,1187820,10129135.05,derived_ohlc4
HOSE_PVT,PVT,2019-10-07 09:00:00,289,1,8.45,8.45,8.33,8.38,910330,7649047.825,derived_ohlc4
HOSE_PVT,PVT,2019-10-08 09:00:00,290,1,8.38,8.55,8.25,8.55,703820,5934962.15,derived_ohlc4
HOSE_PVT,PVT,2019-10-09 09:00:00,291,1,8.45,8.55,8.4,8.43,331360,2802477.1999999997,derived_ohlc4
HOSE_PVT,PVT,2019-10-10 09:00:00,292,1,8.43,8.6,8.43,8.55,511360,4347838.4,derived_ohlc4
HOSE_PVT,PVT,2019-10-11 09:00:00,293,1,8.6,8.6,8.38,8.5,376290,3205990.8,derived_ohlc4
HOSE_PVT,PVT,2019-10-14 09:00:00,294,1,8.5,8.55,8.45,8.5,209930,1784405.0,derived_ohlc4
HOSE_PVT,PVT,2019-10-15 09:00:00,295,1,8.5,8.58,8.45,8.5,279710,2379632.825,derived_ohlc4
HOSE_PVT,PVT,2019-10-16 09:00:00,296,1,8.5,8.55,8.4,8.4,360440,3050223.5,derived_ohlc4
HOSE_PVT,PVT,2019-10-17 09:00:00,297,1,8.43,8.43,8.28,8.35,514830,4310414.175,derived_ohlc4
HOSE_PVT,PVT,2019-10-18 09:00:00,298,1,8.28,8.38,8.28,8.28,411460,3417175.3,derived_ohlc4
HOSE_PVT,PVT,2019-10-21 09:00:00,299,1,8.28,8.38,8.23,8.28,123620,1025118.8500000001,derived_ohlc4
HOSE_PVT,PVT,2019-10-22 09:00:00,300,1,8.25,8.33,8.2,8.23,314370,2594338.425,derived_ohlc4
HOSE_PVT,PVT,2019-10-23 09:00:00,301,1,8.23,8.4,8.23,8.35,398320,3307051.8000000003,derived_ohlc4
HOSE_PVT,PVT,2019-10-24 09:00:00,302,1,8.38,8.43,8.35,8.38,448330,3759247.0500000007,derived_ohlc4
HOSE_PVT,PVT,2019-10-25 09:00:00,303,1,8.38,8.43,8.35,8.38,113640,952871.4000000001,derived_ohlc4
HOSE_PVT,PVT,2019-10-28 09:00:00,304,1,8.43,8.55,8.43,8.55,499840,4243641.600000001,derived_ohlc4
HOSE_PVT,PVT,2019-10-29 09:00:00,305,1,8.6,8.68,8.58,8.58,631570,5437817.699999999,derived_ohlc4
HOSE_PVT,PVT,2019-10-30 09:00:00,306,1,8.6,8.6,8.5,8.6,243640,2089212.9999999998,derived_ohlc4
HOSE_PVT,PVT,2019-10-31 09:00:00,307,1,8.6,8.6,8.48,8.55,272840,2334828.3000000003,derived_ohlc4
HOSE_PVT,PVT,2019-11-01 09:00:00,308,1,8.5,8.65,8.45,8.65,642650,5502690.625,derived_ohlc4
HOSE_PVT,PVT,2019-11-04 09:00:00,309,1,8.7,8.7,8.53,8.6,432000,3729240.0,derived_ohlc4
HOSE_PVT,PVT,2019-11-05 09:00:00,310,1,8.63,8.68,8.58,8.65,455920,3936869.1999999997,derived_ohlc4
HOSE_PVT,PVT,2019-11-06 09:00:00,311,1,8.65,8.75,8.65,8.73,788050,6852094.75,derived_ohlc4
HOSE_PVT,PVT,2019-11-07 09:00:00,312,1,8.73,8.73,8.58,8.65,398120,3452695.6999999997,derived_ohlc4
HOSE_PVT,PVT,2019-11-08 09:00:00,313,1,8.65,8.65,8.48,8.55,1125170,9656771.525,derived_ohlc4
HOSE_PVT,PVT,2019-11-11 09:00:00,314,1,8.6,8.6,8.45,8.55,186830,1597396.5000000002,derived_ohlc4
HOSE_PVT,PVT,2019-11-12 09:00:00,315,1,8.55,8.63,8.48,8.63,277220,2376468.4499999997,derived_ohlc4
HOSE_PVT,PVT,2019-11-13 09:00:00,316,1,8.63,8.63,8.5,8.58,331860,2849018.1,derived_ohlc4
HOSE_PVT,PVT,2019-11-14 09:00:00,317,1,8.58,8.63,8.5,8.63,831610,7139371.850000001,derived_ohlc4
HOSE_PVT,PVT,2019-11-15 09:00:00,318,1,8.63,8.9,8.58,8.83,870680,7605389.8,derived_ohlc4
HOSE_PVT,PVT,2019-11-18 09:00:00,319,1,8.83,8.88,8.73,8.85,546810,4824231.225,derived_ohlc4
HOSE_PVT,PVT,2019-11-19 09:00:00,320,1,8.8,8.95,8.8,8.95,604010,5360588.75,derived_ohlc4
HOSE_PVT,PVT,2019-11-20 09:00:00,321,1,8.9,8.95,8.78,8.88,444990,3950398.7250000006,derived_ohlc4
HOSE_PVT,PVT,2019-11-21 09:00:00,322,1,8.88,8.88,8.78,8.85,805510,7126749.725000001,derived_ohlc4
HOSE_PVT,PVT,2019-11-22 09:00:00,323,1,8.85,8.85,8.65,8.7,518810,4546072.625,derived_ohlc4
HOSE_PVT,PVT,2019-11-25 09:00:00,324,1,8.65,8.7,8.5,8.6,334620,2881914.7500000005,derived_ohlc4
HOSE_PVT,PVT,2019-11-26 09:00:00,325,1,8.6,8.65,8.5,8.58,383170,3288556.525,derived_ohlc4
HOSE_PVT,PVT,2019-11-27 09:00:00,326,1,8.58,8.63,8.5,8.6,236050,2024718.8750000002,derived_ohlc4
HOSE_PVT,PVT,2019-11-28 09:00:00,327,1,8.58,8.68,8.45,8.48,229370,1960540.075,derived_ohlc4
HOSE_PVT,PVT,2019-11-29 09:00:00,328,1,8.48,8.7,8.45,8.7,369220,3168830.65,derived_ohlc4
HOSE_PVT,PVT,2019-12-02 09:00:00,329,1,8.68,8.7,8.5,8.58,417930,3600466.95,derived_ohlc4
HOSE_PVT,PVT,2019-12-03 09:00:00,330,1,8.5,8.58,8.3,8.35,821770,6929575.524999999,derived_ohlc4
HOSE_PVT,PVT,2019-12-04 09:00:00,331,1,8.35,8.4,8.28,8.4,308650,2579542.375,derived_ohlc4
HOSE_PVT,PVT,2019-12-05 09:00:00,332,1,8.4,8.53,8.38,8.43,194180,1637908.3,derived_ohlc4
HOSE_PVT,PVT,2019-12-06 09:00:00,333,1,8.38,8.5,8.38,8.45,145720,1228055.3000000003,derived_ohlc4
HOSE_PVT,PVT,2019-12-09 09:00:00,334,1,8.4,8.43,8.2,8.25,580340,4828428.8,derived_ohlc4
HOSE_PVT,PVT,2019-12-10 09:00:00,335,1,8.25,8.35,8.15,8.25,407900,3365175.0,derived_ohlc4
HOSE_PVT,PVT,2019-12-11 09:00:00,336,1,8.18,8.3,8.18,8.2,109380,898556.7,derived_ohlc4
HOSE_PVT,PVT,2019-12-12 09:00:00,337,1,8.25,8.38,8.23,8.38,147600,1226556.0,derived_ohlc4
HOSE_PVT,PVT,2019-12-13 09:00:00,338,1,8.38,8.43,8.3,8.38,90430,757125.175,derived_ohlc4
HOSE_PVT,PVT,2019-12-16 09:00:00,339,1,8.38,8.45,8.33,8.38,161520,1354345.2,derived_ohlc4
HOSE_PVT,PVT,2019-12-17 09:00:00,340,1,8.4,8.4,8.25,8.35,149700,1249995.0,derived_ohlc4
HOSE_PVT,PVT,2019-12-18 09:00:00,341,1,8.35,8.4,8.28,8.3,124030,1033479.975,derived_ohlc4
HOSE_PVT,PVT,2019-12-19 09:00:00,342,1,8.28,8.3,8.2,8.3,179770,1486697.9,derived_ohlc4
HOSE_PVT,PVT,2019-12-20 09:00:00,343,1,8.23,8.3,8.23,8.3,74100,612436.5,derived_ohlc4
HOSE_PVT,PVT,2019-12-23 09:00:00,344,1,8.3,8.3,8.2,8.25,194180,1604412.2499999998,derived_ohlc4
HOSE_PVT,PVT,2019-12-24 09:00:00,345,1,8.25,8.25,8.18,8.23,97930,805719.075,derived_ohlc4
HOSE_PVT,PVT,2019-12-25 09:00:00,346,1,8.18,8.25,8.15,8.2,167640,1373809.8,derived_ohlc4
HOSE_PVT,PVT,2019-12-26 09:00:00,347,1,8.2,8.38,8.2,8.33,295460,2445670.15,derived_ohlc4
HOSE_PVT,PVT,2019-12-27 09:00:00,348,1,8.33,8.38,8.28,8.38,230790,1925365.5750000002,derived_ohlc4
HOSE_PVT,PVT,2019-12-30 09:00:00,349,1,8.4,8.48,8.38,8.45,350790,2956282.7250000006,derived_ohlc4
HOSE_PVT,PVT,2019-12-31 09:00:00,350,1,8.45,8.45,8.18,8.4,322870,2702421.9,derived_ohlc4
HOSE_PVT,PVT,2020-01-02 09:00:00,351,1,8.4,8.4,8.2,8.35,312280,2603634.5,derived_ohlc4
HOSE_PVT,PVT,2020-01-03 09:00:00,352,1,8.4,8.4,8.18,8.18,251880,2088085.1999999997,derived_ohlc4
HOSE_PVT,PVT,2020-01-06 09:00:00,353,1,8.25,8.33,8.2,8.3,250190,2069071.2999999998,derived_ohlc4
HOSE_PVT,PVT,2020-01-07 09:00:00,354,1,8.25,8.28,8.13,8.2,269130,2210902.95,derived_ohlc4
HOSE_PVT,PVT,2020-01-08 09:00:00,355,1,8.2,8.23,7.93,8.03,425930,3448968.1750000003,derived_ohlc4
HOSE_PVT,PVT,2020-01-09 09:00:00,356,1,8.05,8.05,7.8,7.95,293180,2334445.75,derived_ohlc4
HOSE_PVT,PVT,2020-01-10 09:00:00,357,1,7.95,7.95,7.68,7.83,703630,5525254.574999999,derived_ohlc4
HOSE_PVT,PVT,2020-01-13 09:00:00,358,1,7.7,7.78,7.68,7.75,205610,1588851.275,derived_ohlc4
HOSE_PVT,PVT,2020-01-14 09:00:00,359,1,7.78,7.78,7.68,7.75,98780,765298.05,derived_ohlc4
HOSE_PVT,PVT,2020-01-15 09:00:00,360,1,7.78,7.78,7.7,7.78,166820,1294523.2000000002,derived_ohlc4
HOSE_PVT,PVT,2020-01-16 09:00:00,361,1,7.75,7.83,7.7,7.75,117800,913833.5,derived_ohlc4
HOSE_PVT,PVT,2020-01-17 09:00:00,362,1,7.75,7.75,7.63,7.65,202040,1554697.8,derived_ohlc4
HOSE_PVT,PVT,2020-01-20 09:00:00,363,1,7.68,7.68,7.43,7.5,428900,3247845.25,derived_ohlc4
HOSE_PVT,PVT,2020-01-21 09:00:00,364,1,7.5,7.5,7.3,7.45,551390,4100963.125,derived_ohlc4
HOSE_PVT,PVT,2020-01-22 09:00:00,365,1,7.48,7.48,7.35,7.4,513050,3810678.875,derived_ohlc4
HOSE_PVT,PVT,2020-01-30 09:00:00,366,1,7.35,7.35,7.0,7.15,665250,4798115.625,derived_ohlc4
HOSE_PVT,PVT,2020-01-31 09:00:00,367,1,7.15,7.15,6.83,6.9,354050,2481005.375,derived_ohlc4
HOSE_PVT,PVT,2020-02-03 09:00:00,368,1,6.58,6.6,6.43,6.58,1049760,6873303.6,derived_ohlc4
HOSE_PVT,PVT,2020-02-04 09:00:00,369,1,6.65,6.7,6.2,6.35,1247750,8079181.25,derived_ohlc4
HOSE_PVT,PVT,2020-02-05 09:00:00,370,1,6.35,6.63,6.25,6.6,967080,6244919.1,derived_ohlc4
HOSE_PVT,PVT,2020-02-06 09:00:00,371,1,6.6,6.83,6.5,6.8,859160,5741336.7,derived_ohlc4
HOSE_PVT,PVT,2020-02-07 09:00:00,372,1,6.8,6.93,6.78,6.83,553200,3781122.0000000005,derived_ohlc4
HOSE_PVT,PVT,2020-02-10 09:00:00,373,1,6.73,6.75,6.5,6.7,483230,3223144.1,derived_ohlc4
HOSE_PVT,PVT,2020-02-11 09:00:00,374,1,6.7,6.78,6.65,6.7,305320,2047933.9000000001,derived_ohlc4
HOSE_PVT,PVT,2020-02-12 09:00:00,375,1,6.68,6.78,6.68,6.78,456280,3070764.4000000004,derived_ohlc4
HOSE_PVT,PVT,2020-02-13 09:00:00,376,1,6.78,6.88,6.78,6.78,307530,2092741.6500000001,derived_ohlc4
HOSE_PVT,PVT,2020-02-14 09:00:00,377,1,6.78,6.83,6.75,6.75,199030,1348925.825,derived_ohlc4
HOSE_PVT,PVT,2020-02-17 09:00:00,378,1,6.78,6.85,6.78,6.83,287320,1956649.2000000002,derived_ohlc4
HOSE_PVT,PVT,2020-02-18 09:00:00,379,1,6.83,6.85,6.8,6.8,158290,1079537.8,derived_ohlc4
HOSE_PVT,PVT,2020-02-19 09:00:00,380,1,6.85,6.85,6.7,6.75,477010,3237705.375,derived_ohlc4
HOSE_PVT,PVT,2020-02-20 09:00:00,381,1,6.85,6.85,6.7,6.83,458970,3124438.2749999994,derived_ohlc4
HOSE_PVT,PVT,2020-02-21 09:00:00,382,1,6.8,6.8,6.6,6.6,614960,4120231.9999999995,derived_ohlc4
HOSE_PVT,PVT,2020-02-24 09:00:00,383,1,6.48,6.48,6.28,6.4,632910,4056953.1,derived_ohlc4
HOSE_PVT,PVT,2020-02-25 09:00:00,384,1,6.28,6.33,6.08,6.25,1326560,8271101.6,derived_ohlc4
HOSE_PVT,PVT,2020-02-26 09:00:00,385,1,6.15,6.18,6.03,6.15,828090,5074121.475,derived_ohlc4
HOSE_PVT,PVT,2020-02-27 09:00:00,386,1,6.13,6.2,6.05,6.2,457370,2810538.65,derived_ohlc4
HOSE_PVT,PVT,2020-02-28 09:00:00,387,1,6.08,6.2,6.0,6.2,1094340,6697360.8,derived_ohlc4
HOSE_PVT,PVT,2020-03-02 09:00:00,388,1,6.15,6.2,6.08,6.13,381570,2342839.8,derived_ohlc4
HOSE_PVT,PVT,2020-03-03 09:00:00,389,1,6.23,6.23,6.05,6.08,908470,5584819.325000001,derived_ohlc4
HOSE_PVT,PVT,2020-03-04 09:00:00,390,1,6.08,6.08,5.95,6.0,689760,4157528.4,derived_ohlc4
HOSE_PVT,PVT,2020-03-05 09:00:00,391,1,6.0,6.28,6.0,6.28,845310,5190203.4,derived_ohlc4
HOSE_PVT,PVT,2020-03-06 09:00:00,392,1,6.18,6.25,6.08,6.2,880560,5439659.399999999,derived_ohlc4
HOSE_PVT,PVT,2020-03-09 09:00:00,393,1,5.8,5.95,5.78,5.78,795780,4637407.95,derived_ohlc4
HOSE_PVT,PVT,2020-03-10 09:00:00,394,1,5.43,5.65,5.4,5.5,955600,5251022.0,derived_ohlc4
HOSE_PVT,PVT,2020-03-11 09:00:00,395,1,5.63,5.63,5.13,5.23,1624800,8782044.0,derived_ohlc4
HOSE_PVT,PVT,2020-03-12 09:00:00,396,1,4.9,5.0,4.86,4.86,3607650,17695523.25,derived_ohlc4
HOSE_PVT,PVT,2020-03-13 09:00:00,397,1,4.61,4.82,4.53,4.6,1494760,6935686.400000001,derived_ohlc4
HOSE_PVT,PVT,2020-03-16 09:00:00,398,1,4.5,4.55,4.33,4.55,838330,3757814.225,derived_ohlc4
HOSE_PVT,PVT,2020-03-17 09:00:00,399,1,4.3,4.45,4.23,4.45,1683950,7337812.125,derived_ohlc4
HOSE_PVT,PVT,2020-03-18 09:00:00,400,1,4.43,4.54,4.43,4.44,893740,3986080.4,derived_ohlc4
HOSE_PVT,PVT,2020-03-19 09:00:00,401,1,4.35,4.4,4.24,4.25,1359280,5858496.800000001,derived_ohlc4
HOSE_PVT,PVT,2020-03-20 09:00:00,402,1,4.35,4.37,4.1,4.23,1370200,5840477.499999999,derived_ohlc4
HOSE_PVT,PVT,2020-03-23 09:00:00,403,1,4.1,4.12,3.93,3.93,855890,3440677.8,derived_ohlc4
HOSE_PVT,PVT,2020-03-24 09:00:00,404,1,3.74,3.83,3.66,3.8,1719170,6459781.275,derived_ohlc4
HOSE_PVT,PVT,2020-03-25 09:00:00,405,1,3.85,4.07,3.85,4.07,1405940,5567522.4,derived_ohlc4
HOSE_PVT,PVT,2020-03-26 09:00:00,406,1,4.07,4.25,3.96,4.01,925460,3768935.8499999996,derived_ohlc4
HOSE_PVT,PVT,2020-03-27 09:00:00,407,1,4.01,4.1,3.98,4.01,1489090,5993587.250000001,derived_ohlc4
HOSE_PVT,PVT,2020-03-30 09:00:00,408,1,3.85,3.85,3.73,3.84,927560,3540960.3,derived_ohlc4
HOSE_PVT,PVT,2020-03-31 09:00:00,409,1,3.9,3.95,3.7,3.93,723340,2799325.8000000003,derived_ohlc4
HOSE_PVT,PVT,2020-04-01 09:00:00,410,1,3.93,4.18,3.9,4.05,566900,2276103.5,derived_ohlc4
HOSE_PVT,PVT,2020-04-03 09:00:00,411,1,4.2,4.31,4.18,4.31,1583200,6728600.0,derived_ohlc4
HOSE_PVT,PVT,2020-04-06 09:00:00,412,1,4.48,4.61,4.4,4.61,1736950,7859698.750000001,derived_ohlc4
HOSE_PVT,PVT,2020-04-07 09:00:00,413,1,4.7,4.7,4.35,4.55,1099570,5030532.75,derived_ohlc4
HOSE_PVT,PVT,2020-04-08 09:00:00,414,1,4.3,4.55,4.3,4.51,1056660,4665153.899999999,derived_ohlc4
HOSE_PVT,PVT,2020-04-09 09:00:00,415,1,4.53,4.6,4.4,4.5,3937020,17746117.650000002,derived_ohlc4
HOSE_PVT,PVT,2020-04-10 09:00:00,416,1,4.5,4.65,4.5,4.59,1111920,5070355.2,derived_ohlc4
HOSE_PVT,PVT,2020-04-13 09:00:00,417,1,4.65,4.73,4.59,4.59,1756360,8149510.400000001,derived_ohlc4
HOSE_PVT,PVT,2020-04-14 09:00:00,418,1,4.6,4.61,4.38,4.55,2095910,9504951.85,derived_ohlc4
HOSE_PVT,PVT,2020-04-15 09:00:00,419,1,4.53,4.55,4.37,4.51,2338090,10498024.1,derived_ohlc4
HOSE_PVT,PVT,2020-04-16 09:00:00,420,1,4.45,4.83,4.42,4.83,4075440,18879475.8,derived_ohlc4
HOSE_PVT,PVT,2020-04-17 09:00:00,421,1,5.15,5.15,5.05,5.15,2854200,14627775.0,derived_ohlc4
HOSE_PVT,PVT,2020-04-20 09:00:00,422,1,5.5,5.5,5.25,5.5,5240520,28495327.5,derived_ohlc4
HOSE_PVT,PVT,2020-04-21 09:00:00,423,1,5.15,5.48,5.13,5.13,5306990,27715755.275000002,derived_ohlc4
HOSE_PVT,PVT,2020-04-22 09:00:00,424,1,4.77,5.18,4.77,5.13,2594610,12875752.124999998,derived_ohlc4
HOSE_PVT,PVT,2020-04-23 09:00:00,425,1,5.25,5.35,4.99,5.05,2428720,12532195.200000001,derived_ohlc4
HOSE_PVT,PVT,2020-04-24 09:00:00,426,1,5.1,5.23,4.95,5.13,1684320,8594242.8,derived_ohlc4
HOSE_PVT,PVT,2020-04-27 09:00:00,427,1,5.2,5.2,4.98,5.0,1965780,10015649.100000001,derived_ohlc4
HOSE_PVT,PVT,2020-04-28 09:00:00,428,1,4.95,5.0,4.82,4.83,1693170,8296533.000000001,derived_ohlc4
HOSE_PVT,PVT,2020-04-29 09:00:00,429,1,4.92,4.92,4.83,4.92,1606990,7870233.525,derived_ohlc4
HOSE_PVT,PVT,2020-05-04 09:00:00,430,1,4.95,4.98,4.82,4.83,1580610,7737085.949999999,derived_ohlc4
HOSE_PVT,PVT,2020-05-05 09:00:00,431,1,4.85,4.9,4.8,4.86,982870,4769376.675,derived_ohlc4
HOSE_PVT,PVT,2020-05-06 09:00:00,432,1,4.9,4.99,4.9,4.99,1730360,8556630.200000001,derived_ohlc4
HOSE_PVT,PVT,2020-05-07 09:00:00,433,1,4.96,5.25,4.96,5.05,1499770,7581337.350000001,derived_ohlc4
HOSE_PVT,PVT,2020-05-08 09:00:00,434,1,5.1,5.2,5.05,5.08,2020850,10321491.375,derived_ohlc4
HOSE_PVT,PVT,2020-05-11 09:00:00,435,1,5.25,5.3,5.08,5.25,2568490,13407517.8,derived_ohlc4
HOSE_PVT,PVT,2020-05-12 09:00:00,436,1,5.25,5.35,5.15,5.33,1935580,10200506.6,derived_ohlc4
HOSE_PVT,PVT,2020-05-13 09:00:00,437,1,5.35,5.53,5.25,5.5,2315730,12522309.975,derived_ohlc4
HOSE_PVT,PVT,2020-05-14 09:00:00,438,1,5.43,5.6,5.4,5.45,2217400,12129178.0,derived_ohlc4
HOSE_PVT,PVT,2020-05-15 09:00:00,439,1,5.53,5.63,5.35,5.38,2103700,11512498.249999998,derived_ohlc4
HOSE_PVT,PVT,2020-05-18 09:00:00,440,1,5.5,5.5,5.35,5.43,1479810,8057565.45,derived_ohlc4
HOSE_PVT,PVT,2020-05-19 09:00:00,441,1,5.55,5.58,5.43,5.45,2303360,12674238.399999999,derived_ohlc4
HOSE_PVT,PVT,2020-05-20 09:00:00,442,1,5.4,5.45,5.35,5.38,1348880,7277207.600000001,derived_ohlc4
HOSE_PVT,PVT,2020-05-21 09:00:00,443,1,5.43,5.45,5.35,5.35,1592420,8591105.899999999,derived_ohlc4
HOSE_PVT,PVT,2020-05-22 09:00:00,444,1,5.35,5.4,5.25,5.25,2211380,11747956.25,derived_ohlc4
HOSE_PVT,PVT,2020-05-25 09:00:00,445,1,5.3,5.35,5.25,5.3,885940,4695482.0,derived_ohlc4
HOSE_PVT,PVT,2020-05-26 09:00:00,446,1,5.4,5.58,5.33,5.58,2624410,14362083.725,derived_ohlc4
HOSE_PVT,PVT,2020-05-27 09:00:00,447,1,5.6,5.73,5.5,5.5,2807430,15672477.975,derived_ohlc4
HOSE_PVT,PVT,2020-05-28 09:00:00,448,1,5.5,5.55,5.45,5.48,1088140,5979329.3,derived_ohlc4
HOSE_PVT,PVT,2020-05-29 09:00:00,449,1,5.45,5.48,5.38,5.43,1472560,8003363.6,derived_ohlc4
HOSE_PVT,PVT,2020-06-01 09:00:00,450,1,5.45,5.5,5.43,5.48,1139030,6224798.95,derived_ohlc4
HOSE_PVT,PVT,2020-06-02 09:00:00,451,1,5.5,5.78,5.43,5.6,2469950,13776146.125000002,derived_ohlc4
HOSE_PVT,PVT,2020-06-03 09:00:00,452,1,5.65,5.85,5.6,5.85,2860990,16414930.125000002,derived_ohlc4
HOSE_PVT,PVT,2020-06-04 09:00:00,453,1,5.95,6.0,5.73,5.73,2218980,12986580.45,derived_ohlc4
HOSE_PVT,PVT,2020-06-05 09:00:00,454,1,5.7,5.88,5.7,5.78,1410100,8129226.500000001,derived_ohlc4
HOSE_PVT,PVT,2020-06-08 09:00:00,455,1,5.83,5.95,5.83,5.88,2451190,14394613.274999999,derived_ohlc4
HOSE_PVT,PVT,2020-06-09 09:00:00,456,1,5.88,5.88,5.8,5.83,1635860,9565691.35,derived_ohlc4
HOSE_PVT,PVT,2020-06-10 09:00:00,457,1,5.75,5.93,5.7,5.85,1655730,9615651.975,derived_ohlc4
HOSE_PVT,PVT,2020-06-11 09:00:00,458,1,5.85,5.9,5.45,5.45,2413830,13668312.375,derived_ohlc4
HOSE_PVT,PVT,2020-06-12 09:00:00,459,1,5.1,5.4,5.1,5.38,1962440,10292997.8,derived_ohlc4
HOSE_PVT,PVT,2020-06-15 09:00:00,460,1,5.5,5.5,5.13,5.18,1285080,6846263.699999999,derived_ohlc4
HOSE_PVT,PVT,2020-06-16 09:00:00,461,1,5.4,5.4,5.2,5.35,795470,4245821.125,derived_ohlc4
HOSE_PVT,PVT,2020-06-17 09:00:00,462,1,5.35,5.38,5.28,5.38,618440,3307107.9,derived_ohlc4
HOSE_PVT,PVT,2020-06-18 09:00:00,463,1,5.25,5.38,5.25,5.33,405450,2149898.625,derived_ohlc4
HOSE_PVT,PVT,2020-06-19 09:00:00,464,1,5.38,5.4,5.33,5.38,647630,3479392.175,derived_ohlc4
HOSE_PVT,PVT,2020-06-22 09:00:00,465,1,5.4,5.58,5.4,5.58,842550,4625599.5,derived_ohlc4
HOSE_PVT,PVT,2020-06-23 09:00:00,466,1,5.53,5.65,5.43,5.48,893230,4932862.675,derived_ohlc4
HOSE_PVT,PVT,2020-06-24 09:00:00,467,1,5.48,5.58,5.43,5.45,620710,3404594.35,derived_ohlc4
HOSE_PVT,PVT,2020-06-25 09:00:00,468,1,5.35,5.45,5.33,5.43,1415960,7632024.4,derived_ohlc4
HOSE_PVT,PVT,2020-06-26 09:00:00,469,1,5.48,5.48,5.35,5.38,808040,4381596.9,derived_ohlc4
HOSE_PVT,PVT,2020-06-29 09:00:00,470,1,5.35,5.35,5.1,5.3,1103150,5819116.249999999,derived_ohlc4
HOSE_PVT,PVT,2020-06-30 09:00:00,471,1,5.3,5.35,5.08,5.3,1034720,5440040.399999999,derived_ohlc4
HOSE_PVT,PVT,2020-07-01 09:00:00,472,1,5.3,5.3,5.18,5.3,580760,3060605.1999999997,derived_ohlc4
HOSE_PVT,PVT,2020-07-02 09:00:00,473,1,5.3,5.3,5.18,5.25,864080,4542900.600000001,derived_ohlc4
HOSE_PVT,PVT,2020-07-03 09:00:00,474,1,5.28,5.3,5.13,5.18,1765780,9221786.05,derived_ohlc4
HOSE_PVT,PVT,2020-07-06 09:00:00,475,1,5.25,5.25,5.18,5.25,619700,3242580.25,derived_ohlc4
HOSE_PVT,PVT,2020-07-07 09:00:00,476,1,5.28,5.3,5.2,5.23,1242910,6528384.775,derived_ohlc4
HOSE_PVT,PVT,2020-07-08 09:00:00,477,1,5.18,5.23,5.15,5.2,1019390,5290634.100000001,derived_ohlc4
HOSE_PVT,PVT,2020-07-09 09:00:00,478,1,5.2,5.33,5.2,5.23,1782800,9341872.0,derived_ohlc4
HOSE_PVT,PVT,2020-07-10 09:00:00,479,1,5.23,5.3,5.18,5.23,1118690,5856342.15,derived_ohlc4
HOSE_PVT,PVT,2020-07-13 09:00:00,480,1,5.28,5.3,5.2,5.2,941440,4937852.8,derived_ohlc4
HOSE_PVT,PVT,2020-07-14 09:00:00,481,1,5.2,5.28,5.18,5.25,1012660,5293680.15,derived_ohlc4
HOSE_PVT,PVT,2020-07-15 09:00:00,482,1,5.28,5.3,5.23,5.23,744020,3913545.1999999997,derived_ohlc4
HOSE_PVT,PVT,2020-07-16 09:00:00,483,1,5.28,5.33,5.23,5.3,1685890,8909928.65,derived_ohlc4
HOSE_PVT,PVT,2020-07-17 09:00:00,484,1,5.3,5.3,5.25,5.28,448870,2371155.775,derived_ohlc4
HOSE_PVT,PVT,2020-07-20 09:00:00,485,1,5.28,5.28,5.2,5.2,703320,3685396.8000000003,derived_ohlc4
HOSE_PVT,PVT,2020-07-21 09:00:00,486,1,5.2,5.23,5.18,5.2,1071250,5573178.125,derived_ohlc4
HOSE_PVT,PVT,2020-07-22 09:00:00,487,1,5.25,5.25,5.15,5.15,701560,3648112.0,derived_ohlc4
HOSE_PVT,PVT,2020-07-23 09:00:00,488,1,5.18,5.18,5.13,5.15,754320,3892291.2,derived_ohlc4
HOSE_PVT,PVT,2020-07-24 09:00:00,489,1,5.13,5.15,4.8,4.8,2381060,11833868.200000001,derived_ohlc4
HOSE_PVT,PVT,2020-07-27 09:00:00,490,1,4.53,4.68,4.47,4.47,2573800,11678617.5,derived_ohlc4
HOSE_PVT,PVT,2020-07-28 09:00:00,491,1,4.5,4.78,4.49,4.78,1128280,5232398.5,derived_ohlc4
HOSE_PVT,PVT,2020-07-29 09:00:00,492,1,4.72,4.72,4.5,4.7,1071290,4992211.4,derived_ohlc4
HOSE_PVT,PVT,2020-07-30 09:00:00,493,1,4.7,4.82,4.65,4.7,754740,3560485.95,derived_ohlc4
HOSE_PVT,PVT,2020-07-31 09:00:00,494,1,4.6,4.7,4.6,4.68,362680,1684648.5999999999,derived_ohlc4
HOSE_PVT,PVT,2020-08-03 09:00:00,495,1,4.75,4.8,4.7,4.8,713830,3399615.375,derived_ohlc4
HOSE_PVT,PVT,2020-08-04 09:00:00,496,1,4.85,4.95,4.83,4.95,1087920,5325368.4,derived_ohlc4
HOSE_PVT,PVT,2020-08-05 09:00:00,497,1,4.95,5.15,4.85,5.1,1531270,7675490.875,derived_ohlc4
HOSE_PVT,PVT,2020-08-06 09:00:00,498,1,5.08,5.23,5.0,5.1,1052320,5369462.8,derived_ohlc4
HOSE_PVT,PVT,2020-08-07 09:00:00,499,1,5.08,5.13,5.0,5.08,1007950,5112826.375,derived_ohlc4
HOSE_PVT,PVT,2020-08-10 09:00:00,500,1,5.05,5.15,5.05,5.1,855560,4352661.5,derived_ohlc4
HOSE_PVT,PVT,2020-08-11 09:00:00,501,1,5.15,5.18,5.08,5.15,1058210,5439199.4,derived_ohlc4
HOSE_PVT,PVT,2020-08-12 09:00:00,502,1,5.18,5.43,5.15,5.43,3644530,19306897.674999997,derived_ohlc4
HOSE_PVT,PVT,2020-08-13 09:00:00,503,1,5.48,5.5,5.38,5.43,1760010,9587654.475,derived_ohlc4
HOSE_PVT,PVT,2020-08-14 09:00:00,504,1,5.43,5.48,5.28,5.3,1821270,9784773.075000001,derived_ohlc4
HOSE_PVT,PVT,2020-08-17 09:00:00,505,1,5.33,5.4,5.25,5.4,1316830,7038456.350000001,derived_ohlc4
HOSE_PVT,PVT,2020-08-18 09:00:00,506,1,5.4,5.6,5.4,5.5,1910670,10460918.25,derived_ohlc4
HOSE_PVT,PVT,2020-08-19 09:00:00,507,1,5.5,5.58,5.4,5.5,914130,5023144.350000001,derived_ohlc4
HOSE_PVT,PVT,2020-08-20 09:00:00,508,1,5.5,5.5,5.4,5.43,784810,4283100.574999999,derived_ohlc4
HOSE_PVT,PVT,2020-08-21 09:00:00,509,1,5.45,5.53,5.4,5.45,1543100,8421468.25,derived_ohlc4
HOSE_PVT,PVT,2020-08-24 09:00:00,510,1,5.5,5.55,5.45,5.5,2342890,12885895.0,derived_ohlc4
HOSE_PVT,PVT,2020-08-25 09:00:00,511,1,5.53,5.58,5.45,5.45,1547620,8515779.049999999,derived_ohlc4
HOSE_PVT,PVT,2020-08-26 09:00:00,512,1,5.45,5.7,5.45,5.6,3453880,19169034.000000004,derived_ohlc4
HOSE_PVT,PVT,2020-08-27 09:00:00,513,1,5.6,5.65,5.55,5.6,1019160,5707296.0,derived_ohlc4
HOSE_PVT,PVT,2020-08-28 09:00:00,514,1,5.7,5.75,5.65,5.68,2365230,13469984.850000001,derived_ohlc4
HOSE_PVT,PVT,2020-08-31 09:00:00,515,1,5.75,5.83,5.7,5.8,2820560,16274631.200000001,derived_ohlc4
HOSE_PVT,PVT,2020-09-01 09:00:00,516,1,5.85,6.0,5.83,5.95,2974670,17572863.025,derived_ohlc4
HOSE_PVT,PVT,2020-09-03 09:00:00,517,1,6.0,6.05,5.88,5.93,2647810,15794186.65,derived_ohlc4
HOSE_PVT,PVT,2020-09-04 09:00:00,518,1,5.8,5.9,5.8,5.88,2758920,16125887.399999999,derived_ohlc4
HOSE_PVT,PVT,2020-09-07 09:00:00,519,1,5.85,5.88,5.7,5.7,2994900,17318009.25,derived_ohlc4
HOSE_PVT,PVT,2020-09-08 09:00:00,520,1,5.7,5.83,5.68,5.83,1054000,6071040.0,derived_ohlc4
HOSE_PVT,PVT,2020-09-09 09:00:00,521,1,5.7,5.78,5.7,5.75,1440290,8256462.425,derived_ohlc4
HOSE_PVT,PVT,2020-09-10 09:00:00,522,1,5.83,5.83,5.78,5.8,696140,4044573.4000000004,derived_ohlc4
HOSE_PVT,PVT,2020-09-11 09:00:00,523,1,5.78,5.83,5.75,5.8,653530,3783938.7,derived_ohlc4
HOSE_PVT,PVT,2020-09-14 09:00:00,524,1,5.8,5.85,5.78,5.8,2051000,11911182.5,derived_ohlc4
HOSE_PVT,PVT,2020-09-15 09:00:00,525,1,5.85,6.13,5.8,6.05,3748960,22334429.200000003,derived_ohlc4
HOSE_PVT,PVT,2020-09-16 09:00:00,526,1,6.05,6.3,6.05,6.28,3452290,21300629.3,derived_ohlc4
HOSE_PVT,PVT,2020-09-17 09:00:00,527,1,6.28,6.3,6.13,6.2,2387830,14870211.325,derived_ohlc4
HOSE_PVT,PVT,2020-09-18 09:00:00,528,1,6.2,6.23,6.15,6.23,1358210,8424297.525,derived_ohlc4
HOSE_PVT,PVT,2020-09-21 09:00:00,529,1,6.28,6.28,6.2,6.2,2245290,14010609.6,derived_ohlc4
HOSE_PVT,PVT,2020-09-22 09:00:00,530,1,6.18,6.25,6.13,6.2,1957450,12116615.499999998,derived_ohlc4
HOSE_PVT,PVT,2020-09-23 09:00:00,531,1,6.23,6.45,6.23,6.38,2866610,18124141.724999998,derived_ohlc4
HOSE_PVT,PVT,2020-09-24 09:00:00,532,1,6.38,6.58,6.35,6.58,3321520,21498538.2,derived_ohlc4
HOSE_PVT,PVT,2020-09-25 09:00:00,533,1,6.58,6.63,6.5,6.58,1971860,12960049.85,derived_ohlc4
HOSE_PVT,PVT,2020-09-28 09:00:00,534,1,6.73,6.85,6.7,6.83,2970740,20134190.349999998,derived_ohlc4
HOSE_PVT,PVT,2020-09-29 09:00:00,535,1,6.88,6.9,6.68,6.75,3717450,25287953.625,derived_ohlc4
HOSE_PVT,PVT,2020-09-30 09:00:00,536,1,6.7,6.75,6.6,6.73,1660170,11114838.149999999,derived_ohlc4
HOSE_PVT,PVT,2020-10-01 09:00:00,537,1,6.75,6.85,6.73,6.8,1945270,13193793.775,derived_ohlc4
HOSE_PVT,PVT,2020-10-02 09:00:00,538,1,6.85,7.05,6.78,7.05,5052360,35025485.7,derived_ohlc4
HOSE_PVT,PVT,2020-10-05 09:00:00,539,1,7.25,7.38,7.2,7.3,3371920,24556007.4,derived_ohlc4
HOSE_PVT,PVT,2020-10-06 09:00:00,540,1,7.35,7.38,7.13,7.18,3080230,22362469.8,derived_ohlc4
HOSE_PVT,PVT,2020-10-07 09:00:00,541,1,7.15,7.18,7.03,7.05,3544480,25174669.2,derived_ohlc4
HOSE_PVT,PVT,2020-10-08 09:00:00,542,1,7.13,7.13,6.93,7.0,2200160,15505627.6,derived_ohlc4
HOSE_PVT,PVT,2020-10-09 09:00:00,543,1,7.05,7.08,6.95,6.98,1462350,10258385.25,derived_ohlc4
HOSE_PVT,PVT,2020-10-12 09:00:00,544,1,6.95,7.03,6.8,6.83,3133260,21627327.15,derived_ohlc4
HOSE_PVT,PVT,2020-10-13 09:00:00,545,1,6.83,6.85,6.55,6.63,3496500,23478997.5,derived_ohlc4
HOSE_PVT,PVT,2020-10-14 09:00:00,546,1,6.63,6.83,6.63,6.75,3753290,25184575.9,derived_ohlc4
HOSE_PVT,PVT,2020-10-15 09:00:00,547,1,6.8,6.83,6.63,6.7,3537770,23844569.799999997,derived_ohlc4
HOSE_PVT,PVT,2020-10-16 09:00:00,548,1,6.7,6.83,6.65,6.75,1455670,9800298.275,derived_ohlc4
HOSE_PVT,PVT,2020-10-19 09:00:00,549,1,6.83,6.88,6.75,6.88,2030130,13875938.55,derived_ohlc4
HOSE_PVT,PVT,2020-10-20 09:00:00,550,1,6.88,6.9,6.8,6.83,1498040,10265319.100000001,derived_ohlc4
HOSE_PVT,PVT,2020-10-21 09:00:00,551,1,6.85,6.9,6.8,6.85,1950040,13357774.0,derived_ohlc4
HOSE_PVT,PVT,2020-10-22 09:00:00,552,1,6.83,6.85,6.75,6.85,1862730,12703818.6,derived_ohlc4
HOSE_PVT,PVT,2020-10-23 09:00:00,553,1,6.88,6.88,6.8,6.8,1365080,9337147.2,derived_ohlc4
HOSE_PVT,PVT,2020-10-26 09:00:00,554,1,6.8,6.83,6.68,6.68,1918190,12942987.024999999,derived_ohlc4
HOSE_PVT,PVT,2020-10-27 09:00:00,555,1,6.58,6.65,6.5,6.6,2958300,19473009.75,derived_ohlc4
HOSE_PVT,PVT,2020-10-28 09:00:00,556,1,6.55,6.65,6.53,6.58,1437720,9456603.3,derived_ohlc4
HOSE_PVT,PVT,2020-10-29 09:00:00,557,1,6.53,6.58,6.43,6.55,1653130,10782540.425,derived_ohlc4
HOSE_PVT,PVT,2020-10-30 09:00:00,558,1,6.53,6.63,6.53,6.58,1302710,8555547.925,derived_ohlc4
HOSE_PVT,PVT,2020-11-02 09:00:00,559,1,6.55,6.75,6.5,6.7,925370,6130576.25,derived_ohlc4
HOSE_PVT,PVT,2020-11-03 09:00:00,560,1,6.8,6.8,6.7,6.7,1503440,10148220.0,derived_ohlc4
HOSE_PVT,PVT,2020-11-04 09:00:00,561,1,6.75,7.0,6.73,6.95,3401960,23328940.7,derived_ohlc4
HOSE_PVT,PVT,2020-11-05 09:00:00,562,1,6.9,6.95,6.83,6.85,1564860,10770148.950000001,derived_ohlc4
HOSE_PVT,PVT,2020-11-06 09:00:00,563,1,6.85,6.9,6.83,6.9,808760,5556181.199999999,derived_ohlc4
HOSE_PVT,PVT,2020-11-09 09:00:00,564,1,6.95,7.1,6.95,7.05,2715540,19042724.25,derived_ohlc4
HOSE_PVT,PVT,2020-11-10 09:00:00,565,1,7.35,7.35,7.08,7.1,3761070,27154925.400000002,derived_ohlc4
HOSE_PVT,PVT,2020-11-11 09:00:00,566,1,7.2,7.25,7.08,7.18,3107790,22306162.725,derived_ohlc4
HOSE_PVT,PVT,2020-11-12 09:00:00,567,1,7.25,7.35,7.23,7.35,4083220,29787089.9,derived_ohlc4
HOSE_PVT,PVT,2020-11-13 09:00:00,568,1,7.45,7.45,7.35,7.38,3781280,28009831.599999998,derived_ohlc4
HOSE_PVT,PVT,2020-11-16 09:00:00,569,1,7.4,7.43,7.25,7.28,3852300,28275882.0,derived_ohlc4
HOSE_PVT,PVT,2020-11-17 09:00:00,570,1,7.33,7.38,7.23,7.38,3281840,24055887.2,derived_ohlc4
HOSE_PVT,PVT,2020-11-18 09:00:00,571,1,7.38,7.45,7.35,7.4,2113810,15631624.95,derived_ohlc4
HOSE_PVT,PVT,2020-11-19 09:00:00,572,1,7.4,7.65,7.4,7.58,3362010,25240290.075,derived_ohlc4
HOSE_PVT,PVT,2020-11-20 09:00:00,573,1,7.5,7.6,7.5,7.55,2268070,17095577.625,derived_ohlc4
HOSE_PVT,PVT,2020-11-23 09:00:00,574,1,7.58,7.6,7.5,7.55,2203280,16651288.6,derived_ohlc4
HOSE_PVT,PVT,2020-11-24 09:00:00,575,1,7.58,7.58,7.38,7.45,3485340,26131336.65,derived_ohlc4
HOSE_PVT,PVT,2020-11-25 09:00:00,576,1,7.53,7.55,7.45,7.45,3276360,24556318.2,derived_ohlc4
HOSE_PVT,PVT,2020-11-26 09:00:00,577,1,7.69,7.81,7.57,7.69,3646350,28040431.5,derived_ohlc4
HOSE_PVT,PVT,2020-11-27 09:00:00,578,1,7.72,7.72,7.57,7.6,1763950,13498627.375,derived_ohlc4
HOSE_PVT,PVT,2020-11-30 09:00:00,579,1,7.6,7.63,7.42,7.42,3217300,24186052.75,derived_ohlc4
HOSE_PVT,PVT,2020-12-01 09:00:00,580,1,7.36,7.45,7.3,7.42,2782450,20541437.125,derived_ohlc4
HOSE_PVT,PVT,2020-12-02 09:00:00,581,1,7.42,7.51,7.39,7.42,3411270,25362792.450000003,derived_ohlc4
HOSE_PVT,PVT,2020-12-03 09:00:00,582,1,7.51,7.6,7.45,7.54,3003770,22603369.25,derived_ohlc4
HOSE_PVT,PVT,2020-12-04 09:00:00,583,1,7.6,7.69,7.57,7.6,2272620,17306001.3,derived_ohlc4
HOSE_PVT,PVT,2020-12-07 09:00:00,584,1,7.63,7.66,7.57,7.6,2308570,17579760.55,derived_ohlc4
HOSE_PVT,PVT,2020-12-08 09:00:00,585,1,7.6,7.63,7.54,7.6,2761420,20966081.349999998,derived_ohlc4
HOSE_PVT,PVT,2020-12-09 09:00:00,586,1,7.57,7.96,7.57,7.9,6708490,51990797.5,derived_ohlc4
HOSE_PVT,PVT,2020-12-10 09:00:00,587,1,7.9,7.96,7.72,7.72,3105870,24303432.749999996,derived_ohlc4
HOSE_PVT,PVT,2020-12-11 09:00:00,588,1,7.78,7.87,7.75,7.84,3321450,25940524.5,derived_ohlc4
HOSE_PVT,PVT,2020-12-14 09:00:00,589,1,7.87,7.98,7.84,7.96,3563810,28198646.625000004,derived_ohlc4
HOSE_PVT,PVT,2020-12-15 09:00:00,590,1,7.96,8.02,7.87,7.93,2828040,22468777.8,derived_ohlc4
HOSE_PVT,PVT,2020-12-16 09:00:00,591,1,7.96,8.04,7.87,7.93,2990750,23776462.5,derived_ohlc4
HOSE_PVT,PVT,2020-12-17 09:00:00,592,1,7.93,7.98,7.78,7.87,5423910,42794649.900000006,derived_ohlc4
HOSE_PVT,PVT,2020-12-18 09:00:00,593,1,7.87,7.9,7.81,7.84,3014020,23675127.099999998,derived_ohlc4
HOSE_PVT,PVT,2020-12-21 09:00:00,594,1,7.9,7.96,7.84,7.84,3526610,27807319.849999998,derived_ohlc4
HOSE_PVT,PVT,2020-12-22 09:00:00,595,1,7.84,7.93,7.78,7.84,3517320,27602168.7,derived_ohlc4
HOSE_PVT,PVT,2020-12-23 09:00:00,596,1,7.84,7.9,7.78,7.81,3208900,25133709.25,derived_ohlc4
HOSE_PVT,PVT,2020-12-24 09:00:00,597,1,7.87,7.87,7.45,7.63,3437160,26483317.8,derived_ohlc4
HOSE_PVT,PVT,2020-12-25 09:00:00,598,1,7.63,7.72,7.54,7.72,1956630,14973111.075,derived_ohlc4
HOSE_PVT,PVT,2020-12-28 09:00:00,599,1,7.75,8.25,7.75,8.19,8694730,69427419.05,derived_ohlc4
HOSE_PVT,PVT,2020-12-29 09:00:00,600,1,8.25,8.34,8.07,8.16,4003180,32846091.9,derived_ohlc4
HOSE_PVT,PVT,2020-12-30 09:00:00,601,1,8.16,8.25,8.1,8.16,3475220,28383859.35,derived_ohlc4
HOSE_PVT,PVT,2020-12-31 09:00:00,602,1,8.19,8.37,8.07,8.28,4245990,34933882.724999994,derived_ohlc4
HOSE_PVT,PVT,2021-01-04 09:00:00,603,1,8.4,8.72,8.37,8.61,4714100,40187702.5,derived_ohlc4
HOSE_PVT,PVT,2021-01-05 09:00:00,604,1,8.58,8.64,8.46,8.55,2691500,23032511.250000004,derived_ohlc4
HOSE_PVT,PVT,2021-01-06 09:00:00,605,1,8.7,8.72,8.52,8.55,4842600,41755318.5,derived_ohlc4
HOSE_PVT,PVT,2021-01-07 09:00:00,606,1,8.55,8.81,8.49,8.75,6174700,53411155.0,derived_ohlc4
HOSE_PVT,PVT,2021-01-08 09:00:00,607,1,8.75,9.08,8.75,8.9,4393200,38967684.0,derived_ohlc4
HOSE_PVT,PVT,2021-01-11 09:00:00,608,1,9.02,9.11,8.9,9.05,3306200,29821924.0,derived_ohlc4
HOSE_PVT,PVT,2021-01-12 09:00:00,609,1,9.05,9.08,8.87,9.05,3708100,33419251.249999996,derived_ohlc4
HOSE_PVT,PVT,2021-01-13 09:00:00,610,1,9.11,9.14,8.81,8.9,4694000,42199060.0,derived_ohlc4
HOSE_PVT,PVT,2021-01-14 09:00:00,611,1,8.87,8.93,8.7,8.9,4030100,35666385.0,derived_ohlc4
HOSE_PVT,PVT,2021-01-15 09:00:00,612,1,8.99,9.52,8.87,9.52,10603800,97820054.99999997,derived_ohlc4
HOSE_PVT,PVT,2021-01-18 09:00:00,613,1,9.76,10.17,9.73,10.17,8978900,89407396.75,derived_ohlc4
HOSE_PVT,PVT,2021-01-19 09:00:00,614,1,10.41,10.71,9.46,9.82,9396000,94899600.00000001,derived_ohlc4
HOSE_PVT,PVT,2021-01-20 09:00:00,615,1,9.94,10.32,9.17,10.23,10331300,102434839.49999999,derived_ohlc4
HOSE_PVT,PVT,2021-01-21 09:00:00,616,1,10.59,10.94,10.29,10.94,9629900,102943631.0,derived_ohlc4
HOSE_PVT,PVT,2021-01-22 09:00:00,617,1,11.24,11.68,11.12,11.59,11737200,133892108.99999999,derived_ohlc4
HOSE_PVT,PVT,2021-01-25 09:00:00,618,1,11.36,11.59,11.06,11.06,7885000,88844237.5,derived_ohlc4
HOSE_PVT,PVT,2021-01-26 09:00:00,619,1,11.0,11.18,10.29,10.53,9483900,101951925.0,derived_ohlc4
HOSE_PVT,PVT,2021-01-27 09:00:00,620,1,10.17,10.56,9.82,9.82,8633400,87132589.50000001,derived_ohlc4
HOSE_PVT,PVT,2021-01-28 09:00:00,621,1,9.14,9.46,9.14,9.14,7204400,66424568.00000001,derived_ohlc4
HOSE_PVT,PVT,2021-01-29 09:00:00,622,1,8.55,9.7,8.55,9.46,7749200,70246498.00000001,derived_ohlc4
HOSE_PVT,PVT,2021-02-01 09:00:00,623,1,9.29,9.58,8.81,8.81,7416200,67654284.5,derived_ohlc4
HOSE_PVT,PVT,2021-02-02 09:00:00,624,1,8.7,9.17,8.28,9.11,5912100,52115161.5,derived_ohlc4
HOSE_PVT,PVT,2021-02-03 09:00:00,625,1,9.35,9.73,9.11,9.7,8099200,76719672.0,derived_ohlc4
HOSE_PVT,PVT,2021-02-04 09:00:00,626,1,9.76,10.03,9.46,9.73,5136900,50059090.50000001,derived_ohlc4
HOSE_PVT,PVT,2021-02-05 09:00:00,627,1,9.76,9.97,9.76,9.82,3610800,35485137.0,derived_ohlc4
HOSE_PVT,PVT,2021-02-08 09:00:00,628,1,9.94,10.12,9.26,9.49,7357400,71385173.5,derived_ohlc4
HOSE_PVT,PVT,2021-02-09 09:00:00,629,1,9.67,9.82,9.35,9.7,4540200,43744827.00000001,derived_ohlc4
HOSE_PVT,PVT,2021-02-17 09:00:00,630,1,10.06,10.35,10.0,10.35,5865500,59769445.0,derived_ohlc4
HOSE_PVT,PVT,2021-02-18 09:00:00,631,1,10.82,10.94,10.41,10.59,8796100,94030309.00000001,derived_ohlc4
HOSE_PVT,PVT,2021-02-19 09:00:00,632,1,10.29,10.56,10.23,10.29,6005700,62113952.25000001,derived_ohlc4
HOSE_PVT,PVT,2021-02-22 09:00:00,633,1,10.26,10.44,10.12,10.35,7104000,73117920.0,derived_ohlc4
HOSE_PVT,PVT,2021-02-23 09:00:00,634,1,10.65,10.65,10.41,10.44,5320600,56065822.5,derived_ohlc4
HOSE_PVT,PVT,2021-02-24 09:00:00,635,1,10.41,10.44,10.09,10.12,4549800,46703697.0,derived_ohlc4
HOSE_PVT,PVT,2021-02-25 09:00:00,636,1,10.23,10.29,10.06,10.17,3547100,36136081.25,derived_ohlc4
HOSE_PVT,PVT,2021-02-26 09:00:00,637,1,9.94,10.14,9.94,10.09,4408700,44208239.25,derived_ohlc4
HOSE_PVT,PVT,2021-03-01 09:00:00,638,1,10.17,10.47,10.17,10.44,4314900,44497406.25,derived_ohlc4
HOSE_PVT,PVT,2021-03-02 09:00:00,639,1,10.44,10.47,10.23,10.29,4480100,46402635.75,derived_ohlc4
HOSE_PVT,PVT,2021-03-03 09:00:00,640,1,10.23,10.35,10.14,10.29,3394000,34796985.0,derived_ohlc4
HOSE_PVT,PVT,2021-03-04 09:00:00,641,1,10.47,10.85,10.32,10.59,10506700,110924485.25000001,derived_ohlc4
HOSE_PVT,PVT,2021-03-05 09:00:00,642,1,10.88,11.0,10.65,10.94,7566000,82223505.0,derived_ohlc4
HOSE_PVT,PVT,2021-03-08 09:00:00,643,1,11.36,11.42,10.94,11.09,5673100,63552902.75,derived_ohlc4
HOSE_PVT,PVT,2021-03-09 09:00:00,644,1,10.71,10.82,10.59,10.65,5611000,59995617.50000001,derived_ohlc4
HOSE_PVT,PVT,2021-03-10 09:00:00,645,1,10.47,10.91,10.35,10.76,5409200,57459227.0,derived_ohlc4
HOSE_PVT,PVT,2021-03-11 09:00:00,646,1,10.94,10.94,10.65,10.76,3515500,38046498.75,derived_ohlc4
HOSE_PVT,PVT,2021-03-12 09:00:00,647,1,10.82,10.82,10.65,10.68,3616500,38850251.25,derived_ohlc4
HOSE_PVT,PVT,2021-03-15 09:00:00,648,1,10.68,10.91,10.59,10.82,5003700,53789775.0,derived_ohlc4
HOSE_PVT,PVT,2021-03-16 09:00:00,649,1,10.76,10.8,10.53,10.65,2932300,31331625.5,derived_ohlc4
HOSE_PVT,PVT,2021-03-17 09:00:00,650,1,10.59,10.88,10.56,10.76,4160000,44501600.0,derived_ohlc4
HOSE_PVT,PVT,2021-03-18 09:00:00,651,1,10.76,10.88,10.68,10.74,3066700,33013025.5,derived_ohlc4
HOSE_PVT,PVT,2021-03-19 09:00:00,652,1,10.41,10.65,10.41,10.53,4238600,44505300.0,derived_ohlc4
HOSE_PVT,PVT,2021-03-22 09:00:00,653,1,10.65,10.74,10.47,10.56,2175100,23066935.5,derived_ohlc4
HOSE_PVT,PVT,2021-03-23 09:00:00,654,1,10.56,10.56,10.38,10.44,2940400,30830094.0,derived_ohlc4
HOSE_PVT,PVT,2021-03-24 09:00:00,655,1,10.12,10.41,10.06,10.12,4027900,40993952.25,derived_ohlc4
HOSE_PVT,PVT,2021-03-25 09:00:00,656,1,10.17,10.35,10.0,10.0,3164600,32057397.999999996,derived_ohlc4
HOSE_PVT,PVT,2021-03-26 09:00:00,657,1,9.88,10.03,9.32,9.82,5421000,52922512.49999999,derived_ohlc4
HOSE_PVT,PVT,2021-03-29 09:00:00,658,1,10.09,10.14,9.94,10.12,2332600,23495113.5,derived_ohlc4
HOSE_PVT,PVT,2021-03-30 09:00:00,659,1,10.14,10.17,10.0,10.17,2468300,24979196.000000004,derived_ohlc4
HOSE_PVT,PVT,2021-03-31 09:00:00,660,1,10.03,10.17,10.03,10.09,1996000,20119679.999999996,derived_ohlc4
HOSE_PVT,PVT,2021-04-01 09:00:00,661,1,10.17,10.38,10.12,10.35,2842500,29149837.500000004,derived_ohlc4
HOSE_PVT,PVT,2021-04-02 09:00:00,662,1,10.5,10.59,10.35,10.41,2665300,27885701.249999996,derived_ohlc4
HOSE_PVT,PVT,2021-04-05 09:00:00,663,1,10.47,10.56,10.29,10.38,2168900,22610782.5,derived_ohlc4
HOSE_PVT,PVT,2021-04-06 09:00:00,664,1,10.23,10.35,10.12,10.29,3001900,30761970.249999996,derived_ohlc4
HOSE_PVT,PVT,2021-04-07 09:00:00,665,1,10.35,10.47,10.26,10.47,2957600,30722069.999999996,derived_ohlc4
HOSE_PVT,PVT,2021-04-08 09:00:00,666,1,10.47,10.59,10.38,10.47,2642500,27686793.750000004,derived_ohlc4
HOSE_PVT,PVT,2021-04-09 09:00:00,667,1,10.5,10.76,10.47,10.65,5790100,61346109.49999999,derived_ohlc4
HOSE_PVT,PVT,2021-04-12 09:00:00,668,1,10.74,10.74,10.53,10.59,3357200,35754179.99999999,derived_ohlc4
HOSE_PVT,PVT,2021-04-13 09:00:00,669,1,10.65,10.68,10.29,10.35,4045400,42446359.5,derived_ohlc4
HOSE_PVT,PVT,2021-04-14 09:00:00,670,1,10.29,10.74,9.64,10.62,6175800,63749695.5,derived_ohlc4
HOSE_PVT,PVT,2021-04-15 09:00:00,671,1,10.76,10.76,10.38,10.38,3702500,39135425.0,derived_ohlc4
HOSE_PVT,PVT,2021-04-16 09:00:00,672,1,10.38,10.41,10.09,10.23,3342500,34352543.75,derived_ohlc4
HOSE_PVT,PVT,2021-04-19 09:00:00,673,1,10.14,10.38,10.06,10.35,2654800,27165241.000000004,derived_ohlc4
HOSE_PVT,PVT,2021-04-20 09:00:00,674,1,10.35,10.44,10.09,10.09,3173500,32504573.75,derived_ohlc4
HOSE_PVT,PVT,2021-04-22 09:00:00,675,1,10.06,10.12,9.52,9.52,3653500,35822567.5,derived_ohlc4
HOSE_PVT,PVT,2021-04-23 09:00:00,676,1,9.58,9.88,9.46,9.88,3105200,30120440.000000004,derived_ohlc4
HOSE_PVT,PVT,2021-04-26 09:00:00,677,1,9.88,9.88,9.46,9.46,2121600,20515872.000000004,derived_ohlc4
HOSE_PVT,PVT,2021-04-27 09:00:00,678,1,9.46,9.73,9.35,9.58,2244200,21387226.0,derived_ohlc4
HOSE_PVT,PVT,2021-04-28 09:00:00,679,1,9.58,9.76,9.55,9.55,1720200,16531121.999999998,derived_ohlc4
HOSE_PVT,PVT,2021-04-29 09:00:00,680,1,9.76,9.76,9.58,9.58,1258100,12165827.0,derived_ohlc4
HOSE_PVT,PVT,2021-05-04 09:00:00,681,1,9.35,9.58,9.35,9.58,1938100,18344116.5,derived_ohlc4
HOSE_PVT,PVT,2021-05-05 09:00:00,682,1,9.82,10.23,9.7,10.2,3799200,37944510.0,derived_ohlc4
HOSE_PVT,PVT,2021-05-06 09:00:00,683,1,10.2,10.26,9.91,9.94,2115200,21315928.0,derived_ohlc4
HOSE_PVT,PVT,2021-05-07 09:00:00,684,1,9.82,9.91,9.46,9.64,2725800,26460703.5,derived_ohlc4
HOSE_PVT,PVT,2021-05-10 09:00:00,685,1,9.58,9.82,9.49,9.73,2342100,22612975.500000004,derived_ohlc4
HOSE_PVT,PVT,2021-05-11 09:00:00,686,1,9.73,10.12,9.67,9.82,2688300,26439430.500000004,derived_ohlc4
HOSE_PVT,PVT,2021-05-12 09:00:00,687,1,9.82,10.06,9.82,9.97,1820300,18052825.25,derived_ohlc4
HOSE_PVT,PVT,2021-05-13 09:00:00,688,1,9.97,10.06,9.85,9.88,2995400,29774276.000000004,derived_ohlc4
HOSE_PVT,PVT,2021-05-14 09:00:00,689,1,9.88,9.91,9.7,9.76,1747700,17149306.25,derived_ohlc4
HOSE_PVT,PVT,2021-05-17 09:00:00,690,1,9.79,9.88,9.64,9.64,1606100,15639398.750000002,derived_ohlc4
HOSE_PVT,PVT,2021-05-18 09:00:00,691,1,9.7,9.76,9.49,9.67,2260300,21823196.500000004,derived_ohlc4
HOSE_PVT,PVT,2021-05-19 09:00:00,692,1,9.67,9.67,9.49,9.55,1725400,16555212.999999998,derived_ohlc4
HOSE_PVT,PVT,2021-05-20 09:00:00,693,1,9.46,9.58,9.43,9.55,2696700,25632133.499999996,derived_ohlc4
HOSE_PVT,PVT,2021-05-21 09:00:00,694,1,9.46,10.0,9.43,9.82,3605200,34889323.0,derived_ohlc4
HOSE_PVT,PVT,2021-05-24 09:00:00,695,1,10.0,10.03,9.85,9.91,2005400,19948716.500000004,derived_ohlc4
HOSE_PVT,PVT,2021-05-25 09:00:00,696,1,10.0,10.17,9.94,10.0,3872100,38827482.75,derived_ohlc4
HOSE_PVT,PVT,2021-05-26 09:00:00,697,1,9.94,10.47,9.76,10.32,7124600,72118763.5,derived_ohlc4
HOSE_PVT,PVT,2021-05-27 09:00:00,698,1,10.35,10.53,10.23,10.29,4301000,44515350.0,derived_ohlc4
HOSE_PVT,PVT,2021-05-28 09:00:00,699,1,10.53,10.76,10.38,10.65,7797600,82498608.0,derived_ohlc4
HOSE_PVT,PVT,2021-05-31 09:00:00,700,1,10.71,10.76,10.35,10.68,6136200,65197125.0,derived_ohlc4
HOSE_PVT,PVT,2021-06-01 09:00:00,701,1,11.06,11.18,10.91,10.94,4961800,54691440.50000001,derived_ohlc4
HOSE_PVT,PVT,2021-06-02 09:00:00,702,1,11.12,11.18,10.88,11.0,5627300,62153528.5,derived_ohlc4
HOSE_PVT,PVT,2021-06-03 09:00:00,703,1,11.24,11.24,11.0,11.09,4960900,55276828.25000001,derived_ohlc4
HOSE_PVT,PVT,2021-06-04 09:00:00,704,1,11.0,11.86,10.76,11.86,12469200,141774804.0,derived_ohlc4
HOSE_PVT,PVT,2021-06-07 09:00:00,705,1,12.42,12.66,11.89,12.39,9945900,122732406.0,derived_ohlc4
HOSE_PVT,PVT,2021-06-08 09:00:00,706,1,11.95,12.27,11.53,11.53,7578900,89582598.0,derived_ohlc4
HOSE_PVT,PVT,2021-06-09 09:00:00,707,1,11.53,12.1,11.15,11.8,10594800,123376446.0,derived_ohlc4
HOSE_PVT,PVT,2021-06-10 09:00:00,708,1,11.56,11.83,11.3,11.48,4190800,48372309.0,derived_ohlc4
HOSE_PVT,PVT,2021-06-11 09:00:00,709,1,11.65,12.18,11.48,11.98,6492300,76755216.75000001,derived_ohlc4
HOSE_PVT,PVT,2021-06-14 09:00:00,710,1,12.3,12.78,12.13,12.54,9522600,118437337.5,derived_ohlc4
HOSE_PVT,PVT,2021-06-15 09:00:00,711,1,12.6,12.98,12.36,12.54,6285400,79321748.0,derived_ohlc4
HOSE_PVT,PVT,2021-06-16 09:00:00,712,1,12.75,12.95,12.27,12.42,7749700,97626845.75,derived_ohlc4
HOSE_PVT,PVT,2021-06-17 09:00:00,713,1,12.18,12.72,12.13,12.54,6685400,82848819.5,derived_ohlc4
HOSE_PVT,PVT,2021-06-18 09:00:00,714,1,12.45,12.48,12.21,12.33,4969700,61462764.75,derived_ohlc4
HOSE_PVT,PVT,2021-06-21 09:00:00,715,1,12.51,12.72,12.42,12.48,4032800,50541065.99999999,derived_ohlc4
HOSE_PVT,PVT,2021-06-22 09:00:00,716,1,12.75,12.95,12.51,12.51,4941000,62651880.0,derived_ohlc4
HOSE_PVT,PVT,2021-06-23 09:00:00,717,1,12.6,12.84,12.42,12.78,5857800,74159748.0,derived_ohlc4
HOSE_PVT,PVT,2021-06-24 09:00:00,718,1,12.84,12.86,12.13,12.42,3755000,47172187.5,derived_ohlc4
HOSE_PVT,PVT,2021-06-25 09:00:00,719,1,12.51,12.72,12.3,12.57,3806400,47675160.0,derived_ohlc4
HOSE_PVT,PVT,2021-06-28 09:00:00,720,1,12.72,12.98,12.72,12.78,6316700,80853760.0,derived_ohlc4
HOSE_PVT,PVT,2021-06-29 09:00:00,721,1,12.66,12.69,12.45,12.48,4335900,54502263.0,derived_ohlc4
HOSE_PVT,PVT,2021-06-30 09:00:00,722,1,12.51,12.69,12.42,12.42,3599300,45027243.0,derived_ohlc4
HOSE_PVT,PVT,2021-07-01 09:00:00,723,1,12.42,12.54,11.56,12.33,6923400,84552022.5,derived_ohlc4
HOSE_PVT,PVT,2021-07-02 09:00:00,724,1,12.6,12.66,12.24,12.36,2799000,34889535.0,derived_ohlc4
HOSE_PVT,PVT,2021-07-05 09:00:00,725,1,12.42,12.42,11.74,11.89,5654500,68518403.75,derived_ohlc4
HOSE_PVT,PVT,2021-07-06 09:00:00,726,1,12.04,12.13,11.06,11.06,4226500,48911171.25000001,derived_ohlc4
HOSE_PVT,PVT,2021-07-07 09:00:00,727,1,11.0,11.27,10.65,11.12,5231500,57598815.0,derived_ohlc4
HOSE_PVT,PVT,2021-07-08 09:00:00,728,1,11.12,11.36,10.71,10.97,3277100,36179184.0,derived_ohlc4
HOSE_PVT,PVT,2021-07-09 09:00:00,729,1,10.76,11.03,10.29,10.41,4620000,49075949.99999999,derived_ohlc4
HOSE_PVT,PVT,2021-07-12 09:00:00,730,1,10.29,10.53,9.91,10.5,6334900,65296981.75000001,derived_ohlc4
HOSE_PVT,PVT,2021-07-13 09:00:00,731,1,10.76,10.82,10.53,10.8,2739400,29386913.499999996,derived_ohlc4
HOSE_PVT,PVT,2021-07-14 09:00:00,732,1,10.85,11.12,10.76,10.94,3560500,38871758.74999999,derived_ohlc4
HOSE_PVT,PVT,2021-07-15 09:00:00,733,1,10.71,11.12,10.71,11.03,2466500,26866351.25,derived_ohlc4
HOSE_PVT,PVT,2021-07-16 09:00:00,734,1,11.0,11.09,10.82,10.85,1672200,18293868.0,derived_ohlc4
HOSE_PVT,PVT,2021-07-19 09:00:00,735,1,10.41,10.65,10.12,10.12,4982900,51448442.5,derived_ohlc4
HOSE_PVT,PVT,2021-07-20 09:00:00,736,1,9.76,10.38,9.7,10.38,4290100,43136955.5,derived_ohlc4
HOSE_PVT,PVT,2021-07-21 09:00:00,737,1,10.44,10.59,10.29,10.35,1903300,19827627.75,derived_ohlc4
HOSE_PVT,PVT,2021-07-22 09:00:00,738,1,10.59,10.85,10.41,10.74,3173700,33791970.75,derived_ohlc4
HOSE_PVT,PVT,2021-07-23 09:00:00,739,1,10.65,10.8,10.41,10.41,2282500,24120318.75,derived_ohlc4
HOSE_PVT,PVT,2021-07-26 09:00:00,740,1,10.32,10.71,10.2,10.59,1633200,17075106.0,derived_ohlc4
HOSE_PVT,PVT,2021-07-27 09:00:00,741,1,10.76,11.12,10.68,10.85,2965500,32183088.750000004,derived_ohlc4
HOSE_PVT,PVT,2021-07-28 09:00:00,742,1,10.88,10.91,10.71,10.82,1032800,11185224.0,derived_ohlc4
HOSE_PVT,PVT,2021-07-29 09:00:00,743,1,10.82,11.0,10.76,11.0,3581200,39017174.0,derived_ohlc4
HOSE_PVT,PVT,2021-07-30 09:00:00,744,1,11.03,11.06,10.91,10.94,2282200,25069967.0,derived_ohlc4
HOSE_PVT,PVT,2021-08-02 09:00:00,745,1,11.09,11.42,11.0,11.3,3573000,40026532.5,derived_ohlc4
HOSE_PVT,PVT,2021-08-03 09:00:00,746,1,11.33,11.59,11.18,11.36,3406500,38714872.5,derived_ohlc4
HOSE_PVT,PVT,2021-08-04 09:00:00,747,1,11.48,11.62,11.27,11.42,3231700,36994885.75000001,derived_ohlc4
HOSE_PVT,PVT,2021-08-05 09:00:00,748,1,11.3,11.42,11.24,11.39,2620500,29709918.75,derived_ohlc4
HOSE_PVT,PVT,2021-08-06 09:00:00,749,1,11.42,11.5,11.3,11.3,3532400,40198712.0,derived_ohlc4
HOSE_PVT,PVT,2021-08-09 09:00:00,750,1,11.12,11.89,11.12,11.86,6417100,73780607.24999999,derived_ohlc4
HOSE_PVT,PVT,2021-08-10 09:00:00,751,1,12.13,12.18,11.95,12.18,5088500,61621735.00000001,derived_ohlc4
HOSE_PVT,PVT,2021-08-11 09:00:00,752,1,12.24,12.6,12.13,12.13,6588500,80873837.5,derived_ohlc4
HOSE_PVT,PVT,2021-08-12 09:00:00,753,1,11.95,12.57,11.89,12.18,5575300,67725956.75,derived_ohlc4
HOSE_PVT,PVT,2021-08-13 09:00:00,754,1,12.21,13.01,12.16,13.01,14132600,178035428.49999997,derived_ohlc4
HOSE_PVT,PVT,2021-08-16 09:00:00,755,1,13.54,13.9,13.22,13.4,8739000,118107584.99999999,derived_ohlc4
HOSE_PVT,PVT,2021-08-17 09:00:00,756,1,13.54,14.05,13.25,13.72,7939400,108293416.0,derived_ohlc4
HOSE_PVT,PVT,2021-08-18 09:00:00,757,1,13.6,14.08,13.43,13.72,6430700,88148820.25,derived_ohlc4
HOSE_PVT,PVT,2021-08-19 09:00:00,758,1,13.6,13.84,13.43,13.58,6203500,84445143.75,derived_ohlc4
HOSE_PVT,PVT,2021-08-20 09:00:00,759,1,13.46,13.78,12.63,12.63,13393700,175792312.50000003,derived_ohlc4
HOSE_PVT,PVT,2021-08-23 09:00:00,760,1,12.54,12.66,11.8,11.83,8413500,102707801.25,derived_ohlc4
HOSE_PVT,PVT,2021-08-24 09:00:00,761,1,12.07,12.24,11.83,12.18,5661000,68384880.0,derived_ohlc4
HOSE_PVT,PVT,2021-08-25 09:00:00,762,1,12.24,12.39,11.95,12.39,3953400,48399499.5,derived_ohlc4
HOSE_PVT,PVT,2021-08-26 09:00:00,763,1,12.36,12.98,12.27,12.69,6409400,80598205.0,derived_ohlc4
HOSE_PVT,PVT,2021-08-27 09:00:00,764,1,12.42,13.04,12.42,12.98,5616400,71412526.0,derived_ohlc4
HOSE_PVT,PVT,2021-08-30 09:00:00,765,1,13.19,13.25,12.95,13.01,4078700,53430970.0,derived_ohlc4
HOSE_PVT,PVT,2021-08-31 09:00:00,766,1,13.04,13.58,12.95,13.37,8702800,115181557.99999999,derived_ohlc4
HOSE_PVT,PVT,2021-09-01 09:00:00,767,1,13.34,13.84,13.25,13.75,7676600,103979547.0,derived_ohlc4
HOSE_PVT,PVT,2021-09-06 09:00:00,768,1,14.26,14.7,14.22,14.7,10607200,153486184.0,derived_ohlc4
HOSE_PVT,PVT,2021-09-07 09:00:00,769,1,14.73,14.79,13.72,13.9,10775000,153920875.0,derived_ohlc4
HOSE_PVT,PVT,2021-09-08 09:00:00,770,1,13.87,14.14,13.72,14.11,8691900,121338923.99999999,derived_ohlc4
HOSE_PVT,PVT,2021-09-09 09:00:00,771,1,14.2,14.73,14.11,14.49,5597000,80498852.5,derived_ohlc4
HOSE_PVT,PVT,2021-09-10 09:00:00,772,1,14.49,14.73,14.28,14.28,5913300,85417618.5,derived_ohlc4
HOSE_PVT,PVT,2021-09-13 09:00:00,773,1,14.28,14.61,13.93,14.4,8774700,125522083.5,derived_ohlc4
HOSE_PVT,PVT,2021-09-14 09:00:00,774,1,14.4,14.67,14.08,14.11,5206900,74536773.5,derived_ohlc4
HOSE_PVT,PVT,2021-09-15 09:00:00,775,1,14.02,14.49,13.93,14.37,4414900,62702617.24999999,derived_ohlc4
HOSE_PVT,PVT,2021-09-16 09:00:00,776,1,14.49,14.61,14.14,14.31,5107200,73479840.0,derived_ohlc4
HOSE_PVT,PVT,2021-09-17 09:00:00,777,1,14.4,15.08,14.26,14.67,10999100,160614357.75,derived_ohlc4
HOSE_PVT,PVT,2021-09-20 09:00:00,778,1,14.85,14.91,14.26,14.26,10228700,149032158.99999997,derived_ohlc4
HOSE_PVT,PVT,2021-09-21 09:00:00,779,1,13.9,14.46,13.9,14.4,6924600,98086959.0,derived_ohlc4
HOSE_PVT,PVT,2021-09-22 09:00:00,780,1,14.49,14.49,14.05,14.17,7585000,108465500.0,derived_ohlc4
HOSE_PVT,PVT,2021-09-23 09:00:00,781,1,14.22,14.22,13.93,13.93,8578800,120746610.00000001,derived_ohlc4
HOSE_PVT,PVT,2021-09-24 09:00:00,782,1,13.93,14.05,13.34,13.43,10920700,149477081.25,derived_ohlc4
HOSE_PVT,PVT,2021-09-27 09:00:00,783,1,13.49,13.75,13.19,13.25,4099400,55013948.0,derived_ohlc4
HOSE_PVT,PVT,2021-09-28 09:00:00,784,1,13.19,13.96,12.9,13.78,4754200,63979646.5,derived_ohlc4
HOSE_PVT,PVT,2021-09-29 09:00:00,785,1,13.78,13.84,13.37,13.66,3283500,44860818.74999999,derived_ohlc4
HOSE_PVT,PVT,2021-09-30 09:00:00,786,1,13.66,13.87,13.63,13.66,2332000,31960060.000000004,derived_ohlc4
HOSE_PVT,PVT,2021-10-01 09:00:00,787,1,13.54,13.93,13.54,13.78,4639400,63548181.5,derived_ohlc4
HOSE_PVT,PVT,2021-10-04 09:00:00,788,1,13.93,14.43,13.93,14.2,6990800,98727572.99999999,derived_ohlc4
HOSE_PVT,PVT,2021-10-05 09:00:00,789,1,14.31,14.34,13.93,14.14,4223400,59887812.0,derived_ohlc4
HOSE_PVT,PVT,2021-10-06 09:00:00,790,1,14.26,14.37,14.05,14.14,3973800,56447829.0,derived_ohlc4
HOSE_PVT,PVT,2021-10-07 09:00:00,791,1,14.11,14.7,13.9,14.58,9477100,135735764.75,derived_ohlc4
HOSE_PVT,PVT,2021-10-08 09:00:00,792,1,14.58,14.67,14.43,14.52,4232900,61588695.0,derived_ohlc4
HOSE_PVT,PVT,2021-10-11 09:00:00,793,1,14.58,14.7,14.43,14.52,3536200,51478231.5,derived_ohlc4
HOSE_PVT,PVT,2021-10-12 09:00:00,794,1,14.49,15.05,14.37,14.61,9712700,142096801.0,derived_ohlc4
HOSE_PVT,PVT,2021-10-13 09:00:00,795,1,14.79,14.79,14.46,14.52,3548300,51947112.0,derived_ohlc4
HOSE_PVT,PVT,2021-10-14 09:00:00,796,1,14.52,15.2,14.52,14.99,8674900,128453581.75,derived_ohlc4
HOSE_PVT,PVT,2021-10-15 09:00:00,797,1,15.02,15.2,14.73,14.85,4471300,66845935.00000001,derived_ohlc4
HOSE_PVT,PVT,2021-10-18 09:00:00,798,1,14.85,15.2,14.79,14.91,4809600,71843400.0,derived_ohlc4
HOSE_PVT,PVT,2021-10-19 09:00:00,799,1,14.91,14.91,14.49,14.49,4278100,62888070.00000001,derived_ohlc4
HOSE_PVT,PVT,2021-10-20 09:00:00,800,1,14.55,14.61,14.26,14.43,5686200,82236667.5,derived_ohlc4
HOSE_PVT,PVT,2021-10-21 09:00:00,801,1,14.58,14.79,14.55,14.55,2953400,43171324.5,derived_ohlc4
HOSE_PVT,PVT,2021-10-22 09:00:00,802,1,14.67,14.76,14.55,14.61,2436300,35685704.25,derived_ohlc4
HOSE_PVT,PVT,2021-10-25 09:00:00,803,1,14.79,15.05,14.64,14.64,5195500,76789490.0,derived_ohlc4
HOSE_PVT,PVT,2021-10-26 09:00:00,804,1,14.67,14.79,14.46,14.61,3049100,44615955.75,derived_ohlc4
HOSE_PVT,PVT,2021-10-27 09:00:00,805,1,14.82,15.38,14.64,15.38,6562400,98796932.00000001,derived_ohlc4
HOSE_PVT,PVT,2021-10-28 09:00:00,806,1,15.38,15.38,14.91,14.96,6391400,96877645.5,derived_ohlc4
HOSE_PVT,PVT,2021-10-29 09:00:00,807,1,14.96,15.02,14.67,14.76,6284600,93342021.5,derived_ohlc4
HOSE_PVT,PVT,2021-11-01 09:00:00,808,1,14.96,15.2,14.67,14.76,5950000,88640125.0,derived_ohlc4
HOSE_PVT,PVT,2021-11-02 09:00:00,809,1,14.76,15.08,14.67,14.99,4236600,63019425.0,derived_ohlc4
HOSE_PVT,PVT,2021-11-03 09:00:00,810,1,15.08,15.17,14.61,14.64,5753500,85583312.5,derived_ohlc4
HOSE_PVT,PVT,2021-11-04 09:00:00,811,1,14.58,14.85,14.49,14.64,3994100,58473624.0,derived_ohlc4
HOSE_PVT,PVT,2021-11-05 09:00:00,812,1,14.76,14.94,14.7,14.73,3172400,46896003.0,derived_ohlc4
HOSE_PVT,PVT,2021-11-08 09:00:00,813,1,14.94,15.2,14.85,14.96,4552100,68224598.75,derived_ohlc4
HOSE_PVT,PVT,2021-11-09 09:00:00,814,1,15.08,16.0,14.94,16.0,8959900,138923249.5,derived_ohlc4
HOSE_PVT,PVT,2021-11-10 09:00:00,815,1,16.06,16.3,15.97,16.03,5342000,85952780.0,derived_ohlc4
HOSE_PVT,PVT,2021-11-11 09:00:00,816,1,16.15,16.15,15.42,15.6,3726400,58988912.0,derived_ohlc4
HOSE_PVT,PVT,2021-11-12 09:00:00,817,1,15.42,16.12,15.17,15.72,5454100,85124865.75,derived_ohlc4
HOSE_PVT,PVT,2021-11-15 09:00:00,818,1,15.75,16.43,15.6,16.03,5660300,90295935.75,derived_ohlc4
HOSE_PVT,PVT,2021-11-16 09:00:00,819,1,15.91,16.58,15.66,16.09,5514200,88558052.0,derived_ohlc4
HOSE_PVT,PVT,2021-11-17 09:00:00,820,1,16.09,16.24,15.84,15.84,3474000,55592685.00000001,derived_ohlc4
HOSE_PVT,PVT,2021-11-18 09:00:00,821,1,15.84,15.84,15.23,15.35,7022500,109305212.5,derived_ohlc4
HOSE_PVT,PVT,2021-11-19 09:00:00,822,1,15.23,15.26,14.28,15.05,10350500,154791727.50000003,derived_ohlc4
HOSE_PVT,PVT,2021-11-22 09:00:00,823,1,14.74,14.74,14.13,14.13,3703300,53457135.5,derived_ohlc4
HOSE_PVT,PVT,2021-11-23 09:00:00,824,1,14.25,14.96,14.19,14.96,2055900,29995581.0,derived_ohlc4
HOSE_PVT,PVT,2021-11-24 09:00:00,825,1,14.98,15.11,14.59,14.74,2843800,42244649.0,derived_ohlc4
HOSE_PVT,PVT,2021-11-25 09:00:00,826,1,14.77,14.92,14.56,14.62,2542300,37416300.25,derived_ohlc4
HOSE_PVT,PVT,2021-11-26 09:00:00,827,1,14.56,14.89,14.43,14.65,2783900,40735416.75,derived_ohlc4
HOSE_PVT,PVT,2021-11-29 09:00:00,828,1,14.13,14.56,14.13,14.49,2394200,34302900.5,derived_ohlc4
HOSE_PVT,PVT,2021-11-30 09:00:00,829,1,14.68,15.05,14.46,14.49,2970400,43575768.0,derived_ohlc4
HOSE_PVT,PVT,2021-12-01 09:00:00,830,1,14.49,14.86,14.49,14.74,2025800,29667841.000000004,derived_ohlc4
HOSE_PVT,PVT,2021-12-02 09:00:00,831,1,14.74,15.05,14.74,14.74,2280200,33786863.5,derived_ohlc4
HOSE_PVT,PVT,2021-12-03 09:00:00,832,1,14.8,14.8,14.19,14.19,1996600,28940717.0,derived_ohlc4
HOSE_PVT,PVT,2021-12-06 09:00:00,833,1,14.19,14.31,13.2,13.51,2959200,40844358.0,derived_ohlc4
HOSE_PVT,PVT,2021-12-07 09:00:00,834,1,13.82,14.22,13.66,14.13,2075200,28964604.000000004,derived_ohlc4
HOSE_PVT,PVT,2021-12-08 09:00:00,835,1,14.43,14.43,13.94,13.94,1191800,16905683.0,derived_ohlc4
HOSE_PVT,PVT,2021-12-09 09:00:00,836,1,14.1,14.31,13.94,14.22,1263300,17866220.25,derived_ohlc4
HOSE_PVT,PVT,2021-12-10 09:00:00,837,1,14.1,14.34,14.1,14.34,1432200,20365884.0,derived_ohlc4
HOSE_PVT,PVT,2021-12-13 09:00:00,838,1,14.49,14.68,14.37,14.68,1951000,28396805.0,derived_ohlc4
HOSE_PVT,PVT,2021-12-14 09:00:00,839,1,14.71,15.29,14.43,14.86,2826500,41895796.25,derived_ohlc4
HOSE_PVT,PVT,2021-12-15 09:00:00,840,1,14.8,15.23,14.8,14.96,3477400,51978436.5,derived_ohlc4
HOSE_PVT,PVT,2021-12-16 09:00:00,841,1,14.96,15.02,14.62,14.8,2837800,42141330.00000001,derived_ohlc4
HOSE_PVT,PVT,2021-12-17 09:00:00,842,1,14.8,14.98,14.62,14.74,2404000,35543140.0,derived_ohlc4
HOSE_PVT,PVT,2021-12-20 09:00:00,843,1,14.52,14.59,14.13,14.22,2499900,35911063.5,derived_ohlc4
HOSE_PVT,PVT,2021-12-21 09:00:00,844,1,14.22,14.43,14.03,14.28,1435000,20434400.0,derived_ohlc4
HOSE_PVT,PVT,2021-12-22 09:00:00,845,1,14.4,14.46,14.0,14.0,2376800,33786212.0,derived_ohlc4
HOSE_PVT,PVT,2021-12-23 09:00:00,846,1,14.06,14.71,13.91,14.56,3064700,43855857.00000001,derived_ohlc4
HOSE_PVT,PVT,2021-12-24 09:00:00,847,1,14.68,14.89,14.56,14.62,2176300,31964406.25,derived_ohlc4
HOSE_PVT,PVT,2021-12-27 09:00:00,848,1,14.86,14.89,14.62,14.74,3105800,45895959.5,derived_ohlc4
HOSE_PVT,PVT,2021-12-28 09:00:00,849,1,14.98,14.98,14.59,14.59,3349800,49526793.0,derived_ohlc4
HOSE_PVT,PVT,2021-12-29 09:00:00,850,1,14.68,14.68,14.43,14.56,2122800,30966345.0,derived_ohlc4
HOSE_PVT,PVT,2021-12-30 09:00:00,851,1,14.59,14.86,14.56,14.62,1717500,25174256.249999996,derived_ohlc4
HOSE_PVT,PVT,2021-12-31 09:00:00,852,1,14.62,14.92,14.46,14.8,3071100,45145170.0,derived_ohlc4
HOSE_PVT,PVT,2022-01-04 09:00:00,853,1,14.98,15.6,14.86,15.48,5887700,89669671.0,derived_ohlc4
HOSE_PVT,PVT,2022-01-05 09:00:00,854,1,15.66,15.69,15.23,15.29,3523500,54499736.25,derived_ohlc4
HOSE_PVT,PVT,2022-01-06 09:00:00,855,1,15.14,15.63,15.11,15.26,2807900,42918751.5,derived_ohlc4
HOSE_PVT,PVT,2022-01-07 09:00:00,856,1,15.48,15.6,15.35,15.35,3965000,61239425.0,derived_ohlc4
HOSE_PVT,PVT,2022-01-10 09:00:00,857,1,15.29,15.54,14.74,14.74,3735200,56317478.0,derived_ohlc4
HOSE_PVT,PVT,2022-01-11 09:00:00,858,1,14.74,14.8,14.37,14.37,2974100,43332636.99999999,derived_ohlc4
HOSE_PVT,PVT,2022-01-12 09:00:00,859,1,14.56,15.05,14.16,14.68,3181400,46488207.5,derived_ohlc4
HOSE_PVT,PVT,2022-01-13 09:00:00,860,1,14.96,14.96,14.19,14.19,2487300,36252397.5,derived_ohlc4
HOSE_PVT,PVT,2022-01-14 09:00:00,861,1,13.91,14.49,13.88,14.31,1530300,21649919.25,derived_ohlc4
HOSE_PVT,PVT,2022-01-17 09:00:00,862,1,14.56,14.65,13.45,13.48,3172400,44524634.0,derived_ohlc4
HOSE_PVT,PVT,2022-01-18 09:00:00,863,1,13.3,13.88,12.56,12.9,3977900,52349164.0,derived_ohlc4
HOSE_PVT,PVT,2022-01-19 09:00:00,864,1,13.14,13.33,12.9,13.08,2156800,28281039.999999996,derived_ohlc4
HOSE_PVT,PVT,2022-01-20 09:00:00,865,1,13.08,13.66,12.9,13.66,1365700,18197952.5,derived_ohlc4
HOSE_PVT,PVT,2022-01-21 09:00:00,866,1,13.63,13.79,13.36,13.39,2193000,29698702.5,derived_ohlc4
HOSE_PVT,PVT,2022-01-24 09:00:00,867,1,13.51,13.76,12.9,13.3,2553900,34139258.25,derived_ohlc4
HOSE_PVT,PVT,2022-01-25 09:00:00,868,1,13.05,13.39,12.9,13.2,1422200,18680597.000000004,derived_ohlc4
HOSE_PVT,PVT,2022-01-26 09:00:00,869,1,13.33,13.45,13.11,13.14,1708100,22645135.75,derived_ohlc4
HOSE_PVT,PVT,2022-01-27 09:00:00,870,1,13.36,13.36,12.84,12.9,1890100,24788661.5,derived_ohlc4
HOSE_PVT,PVT,2022-01-28 09:00:00,871,1,13.02,13.2,12.65,13.02,1921700,24929253.25,derived_ohlc4
HOSE_PVT,PVT,2022-02-07 09:00:00,872,1,13.51,13.63,13.33,13.45,1551900,20919612.0,derived_ohlc4
HOSE_PVT,PVT,2022-02-08 09:00:00,873,1,13.51,13.79,13.39,13.66,1424500,19355393.749999996,derived_ohlc4
HOSE_PVT,PVT,2022-02-09 09:00:00,874,1,13.76,14.25,13.66,14.13,2237400,31211730.000000004,derived_ohlc4
HOSE_PVT,PVT,2022-02-10 09:00:00,875,1,14.37,14.4,14.03,14.19,1591900,22680595.249999996,derived_ohlc4
HOSE_PVT,PVT,2022-02-11 09:00:00,876,1,14.19,14.4,14.0,14.03,1430100,20243065.5,derived_ohlc4
HOSE_PVT,PVT,2022-02-14 09:00:00,877,1,14.06,14.43,14.06,14.25,2893000,41080600.0,derived_ohlc4
HOSE_PVT,PVT,2022-02-15 09:00:00,878,1,14.34,14.34,13.94,14.0,1599800,22645169.0,derived_ohlc4
HOSE_PVT,PVT,2022-02-16 09:00:00,879,1,13.94,14.13,13.85,14.1,1518300,21263791.5,derived_ohlc4
HOSE_PVT,PVT,2022-02-17 09:00:00,880,1,14.1,14.56,14.03,14.16,4751400,67529272.5,derived_ohlc4
HOSE_PVT,PVT,2022-02-18 09:00:00,881,1,14.13,14.37,14.03,14.06,1519200,21492882.0,derived_ohlc4
HOSE_PVT,PVT,2022-02-21 09:00:00,882,1,14.1,14.31,14.03,14.13,2110500,29847746.25,derived_ohlc4
HOSE_PVT,PVT,2022-02-22 09:00:00,883,1,14.06,14.46,14.03,14.28,3956300,56209132.25000001,derived_ohlc4
HOSE_PVT,PVT,2022-02-23 09:00:00,884,1,14.49,15.26,14.37,15.26,10558400,156739448.0,derived_ohlc4
HOSE_PVT,PVT,2022-02-24 09:00:00,885,1,15.23,15.81,15.08,15.35,8880500,136471083.75,derived_ohlc4
HOSE_PVT,PVT,2022-02-25 09:00:00,886,1,15.29,15.42,14.86,14.92,3829400,57910101.5,derived_ohlc4
HOSE_PVT,PVT,2022-02-28 09:00:00,887,1,15.05,15.78,14.98,15.29,5945500,90817512.5,derived_ohlc4
HOSE_PVT,PVT,2022-03-01 09:00:00,888,1,15.35,15.57,15.26,15.35,4572700,70339557.75,derived_ohlc4
HOSE_PVT,PVT,2022-03-02 09:00:00,889,1,16.15,16.21,15.75,15.97,9083500,145517670.0,derived_ohlc4
HOSE_PVT,PVT,2022-03-03 09:00:00,890,1,16.27,17.07,15.91,17.07,16894900,280117442.0,derived_ohlc4
HOSE_PVT,PVT,2022-03-04 09:00:00,891,1,17.2,17.5,16.61,16.83,5329600,90789736.0,derived_ohlc4
HOSE_PVT,PVT,2022-03-07 09:00:00,892,1,17.5,18.0,17.2,17.87,7833800,138207816.5,derived_ohlc4
HOSE_PVT,PVT,2022-03-08 09:00:00,893,1,17.26,17.75,17.01,17.01,8899100,153576218.25000003,derived_ohlc4
HOSE_PVT,PVT,2022-03-09 09:00:00,894,1,17.23,18.12,16.7,17.47,12877500,223810950.0,derived_ohlc4
HOSE_PVT,PVT,2022-03-10 09:00:00,895,1,17.38,17.38,16.89,16.98,5822400,99897828.0,derived_ohlc4
HOSE_PVT,PVT,2022-03-11 09:00:00,896,1,16.77,17.2,15.84,16.15,9261700,152725433.00000003,derived_ohlc4
HOSE_PVT,PVT,2022-03-14 09:00:00,897,1,15.84,16.03,15.14,15.14,9150400,142174340.0,derived_ohlc4
HOSE_PVT,PVT,2022-03-15 09:00:00,898,1,14.86,15.94,14.68,15.66,5572900,85181776.5,derived_ohlc4
HOSE_PVT,PVT,2022-03-16 09:00:00,899,1,15.72,15.94,15.48,15.54,2645100,41448717.0,derived_ohlc4
HOSE_PVT,PVT,2022-03-17 09:00:00,900,1,15.51,16.12,15.23,15.84,4745000,74377875.0,derived_ohlc4
HOSE_PVT,PVT,2022-03-18 09:00:00,901,1,16.21,16.27,15.84,15.84,4453900,71440556.00000001,derived_ohlc4
HOSE_PVT,PVT,2022-03-21 09:00:00,902,1,15.97,16.21,15.63,15.97,4150200,66174939.0,derived_ohlc4
HOSE_PVT,PVT,2022-03-22 09:00:00,903,1,16.27,16.46,16.03,16.18,4420400,71765194.0,derived_ohlc4
HOSE_PVT,PVT,2022-03-23 09:00:00,904,1,16.18,16.27,15.72,15.78,4302600,68787817.5,derived_ohlc4
HOSE_PVT,PVT,2022-03-24 09:00:00,905,1,16.06,16.09,15.72,15.72,3525600,56048226.0,derived_ohlc4
HOSE_PVT,PVT,2022-03-25 09:00:00,906,1,15.66,15.88,15.54,15.72,4033000,63318100.0,derived_ohlc4
HOSE_PVT,PVT,2022-03-28 09:00:00,907,1,15.54,16.21,15.51,15.97,3593400,56802670.5,derived_ohlc4
HOSE_PVT,PVT,2022-03-29 09:00:00,908,1,15.97,16.52,15.78,16.4,6931700,112068259.75,derived_ohlc4
HOSE_PVT,PVT,2022-03-30 09:00:00,909,1,16.21,16.52,15.72,15.72,4563500,73209948.75,derived_ohlc4
HOSE_PVT,PVT,2022-03-31 09:00:00,910,1,15.84,16.09,15.45,15.78,3031800,47872122.0,derived_ohlc4
HOSE_PVT,PVT,2022-04-01 09:00:00,911,1,15.48,15.78,15.23,15.54,4066200,63056596.49999999,derived_ohlc4
HOSE_PVT,PVT,2022-04-04 09:00:00,912,1,15.84,15.84,15.29,15.42,4344100,67757099.75,derived_ohlc4
HOSE_PVT,PVT,2022-04-05 09:00:00,913,1,15.54,15.72,15.35,15.38,2927200,45364282.0,derived_ohlc4
HOSE_PVT,PVT,2022-04-06 09:00:00,914,1,15.35,15.48,14.96,15.05,4859100,73906911.0,derived_ohlc4
HOSE_PVT,PVT,2022-04-07 09:00:00,915,1,15.05,15.42,14.96,15.17,3706000,56145900.0,derived_ohlc4
HOSE_PVT,PVT,2022-04-08 09:00:00,916,1,15.23,15.29,14.62,14.62,2629100,39278754.0,derived_ohlc4
HOSE_PVT,PVT,2022-04-12 09:00:00,917,1,14.65,14.89,14.13,14.13,4786400,69163480.0,derived_ohlc4
HOSE_PVT,PVT,2022-04-13 09:00:00,918,1,14.43,14.56,14.0,14.46,3018400,43351770.0,derived_ohlc4
HOSE_PVT,PVT,2022-04-14 09:00:00,919,1,14.49,15.05,14.46,14.62,2496900,36592069.5,derived_ohlc4
HOSE_PVT,PVT,2022-04-15 09:00:00,920,1,14.65,14.89,14.37,14.43,2060700,30055309.499999996,derived_ohlc4
HOSE_PVT,PVT,2022-04-18 09:00:00,921,1,14.28,14.65,13.63,13.82,3873200,54592754.0,derived_ohlc4
HOSE_PVT,PVT,2022-04-19 09:00:00,922,1,13.97,14.43,13.76,14.13,3770800,53064583.0,derived_ohlc4
HOSE_PVT,PVT,2022-04-20 09:00:00,923,1,14.06,14.28,13.2,13.2,3631800,49701182.99999999,derived_ohlc4
HOSE_PVT,PVT,2022-04-21 09:00:00,924,1,12.99,13.7,12.34,12.9,6094800,79125741.0,derived_ohlc4
HOSE_PVT,PVT,2022-04-22 09:00:00,925,1,13.02,13.36,12.01,12.28,7286600,92303005.5,derived_ohlc4
HOSE_PVT,PVT,2022-04-25 09:00:00,926,1,12.41,12.47,11.42,11.42,3681700,43922681.00000001,derived_ohlc4
HOSE_PVT,PVT,2022-04-26 09:00:00,927,1,10.78,11.98,10.78,11.98,5087400,57894611.99999999,derived_ohlc4
HOSE_PVT,PVT,2022-04-27 09:00:00,928,1,11.92,12.22,11.61,12.07,2732200,32663451.0,derived_ohlc4
HOSE_PVT,PVT,2022-04-28 09:00:00,929,1,12.04,12.38,11.92,11.92,2226800,26866342.000000004,derived_ohlc4
HOSE_PVT,PVT,2022-04-29 09:00:00,930,1,11.94,12.47,11.94,12.47,3723100,45440435.5,derived_ohlc4
HOSE_PVT,PVT,2022-05-04 09:00:00,931,1,12.5,12.96,12.44,12.59,2600900,32829860.249999996,derived_ohlc4
HOSE_PVT,PVT,2022-05-05 09:00:00,932,1,12.84,12.99,12.19,12.59,2962000,37476705.0,derived_ohlc4
HOSE_PVT,PVT,2022-05-06 09:00:00,933,1,12.22,12.41,11.82,11.82,2209700,26665554.75,derived_ohlc4
HOSE_PVT,PVT,2022-05-09 09:00:00,934,1,11.67,11.92,11.02,11.02,6043500,68941226.25,derived_ohlc4
HOSE_PVT,PVT,2022-05-10 09:00:00,935,1,10.62,11.58,10.62,11.48,3496100,38719307.5,derived_ohlc4
HOSE_PVT,PVT,2022-05-11 09:00:00,936,1,11.61,11.82,11.48,11.64,2240300,26071491.25,derived_ohlc4
HOSE_PVT,PVT,2022-05-12 09:00:00,937,1,11.67,11.76,10.84,10.84,3188400,35957181.0,derived_ohlc4
HOSE_PVT,PVT,2022-05-13 09:00:00,938,1,11.06,11.12,10.1,10.16,5314200,56383662.0,derived_ohlc4
HOSE_PVT,PVT,2022-05-16 09:00:00,939,1,10.69,10.87,10.62,10.87,3582300,38554503.75,derived_ohlc4
HOSE_PVT,PVT,2022-05-17 09:00:00,940,1,10.87,11.61,10.84,11.61,2694700,30268217.749999996,derived_ohlc4
HOSE_PVT,PVT,2022-05-18 09:00:00,941,1,11.61,11.92,11.42,11.58,2821000,32815282.5,derived_ohlc4
HOSE_PVT,PVT,2022-05-19 09:00:00,942,1,11.12,12.25,11.08,11.98,4565500,52994041.24999999,derived_ohlc4
HOSE_PVT,PVT,2022-05-20 09:00:00,943,1,12.1,12.34,11.7,11.92,2604500,31293067.5,derived_ohlc4
HOSE_PVT,PVT,2022-05-23 09:00:00,944,1,12.04,12.28,11.76,11.98,2333600,28038204.0,derived_ohlc4
HOSE_PVT,PVT,2022-05-24 09:00:00,945,1,11.79,12.01,11.18,11.85,3494200,40908346.5,derived_ohlc4
HOSE_PVT,PVT,2022-05-25 09:00:00,946,1,11.98,12.68,11.88,12.68,4664100,57391750.5,derived_ohlc4
HOSE_PVT,PVT,2022-05-26 09:00:00,947,1,12.77,12.84,12.5,12.68,3183200,40418682.0,derived_ohlc4
HOSE_PVT,PVT,2022-05-27 09:00:00,948,1,12.71,12.87,12.5,12.56,2566800,32495688.0,derived_ohlc4
HOSE_PVT,PVT,2022-05-30 09:00:00,949,1,12.8,13.11,12.59,12.71,3064000,39226860.0,derived_ohlc4
HOSE_PVT,PVT,2022-05-31 09:00:00,950,1,12.77,13.33,12.62,13.14,4237400,54937891.0,derived_ohlc4
HOSE_PVT,PVT,2022-06-01 09:00:00,951,1,13.02,13.82,13.02,13.73,4819000,64562552.50000001,derived_ohlc4
HOSE_PVT,PVT,2022-06-02 09:00:00,952,1,13.51,13.76,13.08,13.24,4393300,58859236.75000001,derived_ohlc4
HOSE_PVT,PVT,2022-06-03 09:00:00,953,1,13.27,13.45,13.17,13.3,2510000,33376725.0,derived_ohlc4
HOSE_PVT,PVT,2022-06-06 09:00:00,954,1,13.63,13.82,13.3,13.42,5528300,74867002.75,derived_ohlc4
HOSE_PVT,PVT,2022-06-07 09:00:00,955,1,13.42,14.28,12.93,14.28,6282700,86245764.25,derived_ohlc4
HOSE_PVT,PVT,2022-06-08 09:00:00,956,1,14.46,14.77,14.25,14.31,5435900,78535165.25000001,derived_ohlc4
HOSE_PVT,PVT,2022-06-09 09:00:00,957,1,14.37,14.56,14.22,14.4,3524900,50714498.75,derived_ohlc4
HOSE_PVT,PVT,2022-06-10 09:00:00,958,1,14.19,14.37,13.42,13.42,6275500,86915675.0,derived_ohlc4
HOSE_PVT,PVT,2022-06-13 09:00:00,959,1,12.71,13.2,12.5,12.5,6512400,82886571.0,derived_ohlc4
HOSE_PVT,PVT,2022-06-14 09:00:00,960,1,12.44,13.02,12.28,12.9,3663800,46383708.0,derived_ohlc4
HOSE_PVT,PVT,2022-06-15 09:00:00,961,1,12.84,13.14,12.31,12.5,2783800,35347300.5,derived_ohlc4
HOSE_PVT,PVT,2022-06-16 09:00:00,962,1,12.77,13.2,12.56,12.93,3459000,44500035.0,derived_ohlc4
HOSE_PVT,PVT,2022-06-17 09:00:00,963,1,12.47,13.39,12.16,13.14,4445900,56863060.99999999,derived_ohlc4
HOSE_PVT,PVT,2022-06-20 09:00:00,964,1,13.02,13.08,12.25,12.25,3975000,50283750.0,derived_ohlc4
HOSE_PVT,PVT,2022-06-21 09:00:00,965,1,12.01,12.8,11.79,12.19,3889600,47443396.0,derived_ohlc4
HOSE_PVT,PVT,2022-06-22 09:00:00,966,1,12.28,12.59,11.36,11.36,4409600,52463215.99999999,derived_ohlc4
HOSE_PVT,PVT,2022-06-23 09:00:00,967,1,11.12,12.1,11.12,12.1,2139300,24837273.0,derived_ohlc4
HOSE_PVT,PVT,2022-06-24 09:00:00,968,1,12.41,12.41,11.79,11.79,1310300,15854630.0,derived_ohlc4
HOSE_PVT,PVT,2022-06-27 09:00:00,969,1,12.04,12.41,12.04,12.38,2128700,26007392.25,derived_ohlc4
HOSE_PVT,PVT,2022-06-28 09:00:00,970,1,12.59,12.99,12.47,12.9,2861300,36445808.75,derived_ohlc4
HOSE_PVT,PVT,2022-06-29 09:00:00,971,1,12.9,13.36,12.71,13.2,3309300,43161545.25,derived_ohlc4
HOSE_PVT,PVT,2022-06-30 09:00:00,972,1,13.27,13.39,12.41,12.41,3552600,45721962.0,derived_ohlc4
HOSE_PVT,PVT,2022-07-01 09:00:00,973,1,12.31,12.68,12.04,12.59,3081100,38221045.5,derived_ohlc4
HOSE_PVT,PVT,2022-07-04 09:00:00,974,1,12.77,12.84,12.38,12.59,1655500,20933797.5,derived_ohlc4
HOSE_PVT,PVT,2022-07-05 09:00:00,975,1,12.59,12.77,12.28,12.44,2889000,36170280.0,derived_ohlc4
HOSE_PVT,PVT,2022-07-06 09:00:00,976,1,11.92,12.22,11.58,11.58,3517200,41590890.0,derived_ohlc4
HOSE_PVT,PVT,2022-07-07 09:00:00,977,1,11.39,11.67,11.12,11.36,1816000,20675160.0,derived_ohlc4
HOSE_PVT,PVT,2022-07-08 09:00:00,978,1,11.67,11.85,11.55,11.7,798200,9332953.5,derived_ohlc4
HOSE_PVT,PVT,2022-07-11 09:00:00,979,1,11.48,11.79,11.36,11.42,1352300,15568353.749999998,derived_ohlc4
HOSE_PVT,PVT,2022-07-12 09:00:00,980,1,11.45,12.04,11.42,11.98,1739500,20391288.75,derived_ohlc4
HOSE_PVT,PVT,2022-07-13 09:00:00,981,1,11.67,11.92,11.67,11.76,1984200,23324270.999999996,derived_ohlc4
HOSE_PVT,PVT,2022-07-14 09:00:00,982,1,11.88,11.94,11.76,11.82,963700,11419845.0,derived_ohlc4
HOSE_PVT,PVT,2022-07-15 09:00:00,983,1,11.88,11.92,11.67,11.67,1669500,19675057.5,derived_ohlc4
HOSE_PVT,PVT,2022-07-18 09:00:00,984,1,11.82,12.04,11.73,12.04,1588500,18915063.75,derived_ohlc4
HOSE_PVT,PVT,2022-07-19 09:00:00,985,1,12.19,12.41,12.1,12.19,1296600,15847693.5,derived_ohlc4
HOSE_PVT,PVT,2022-07-20 09:00:00,986,1,12.41,12.41,12.19,12.22,3186300,39215387.25,derived_ohlc4
HOSE_PVT,PVT,2022-07-21 09:00:00,987,1,12.22,12.28,12.1,12.25,1287200,15719930.0,derived_ohlc4
HOSE_PVT,PVT,2022-07-22 09:00:00,988,1,12.25,12.41,12.04,12.04,1459200,17780352.0,derived_ohlc4
HOSE_PVT,PVT,2022-07-25 09:00:00,989,1,11.98,11.98,11.61,11.64,1515700,17889049.25,derived_ohlc4
HOSE_PVT,PVT,2022-07-26 09:00:00,990,1,11.73,11.85,11.67,11.67,1057200,12400956.0,derived_ohlc4
HOSE_PVT,PVT,2022-07-27 09:00:00,991,1,11.64,11.64,11.55,11.55,1040900,12069235.499999998,derived_ohlc4
HOSE_PVT,PVT,2022-07-28 09:00:00,992,1,11.82,11.85,11.67,11.79,1527600,17998947.0,derived_ohlc4
HOSE_PVT,PVT,2022-07-29 09:00:00,993,1,11.85,11.88,11.61,11.61,1693900,19882151.25,derived_ohlc4
HOSE_PVT,PVT,2022-08-01 09:00:00,994,1,11.61,12.04,11.61,12.04,2230200,26372115.0,derived_ohlc4
HOSE_PVT,PVT,2022-08-02 09:00:00,995,1,12.04,12.22,11.85,12.16,2674500,32274528.749999996,derived_ohlc4
HOSE_PVT,PVT,2022-08-03 09:00:00,996,1,12.16,12.71,12.07,12.65,3177000,39386857.5,derived_ohlc4
HOSE_PVT,PVT,2022-08-04 09:00:00,997,1,12.65,12.65,12.41,12.56,2341600,29428058.0,derived_ohlc4
HOSE_PVT,PVT,2022-08-05 09:00:00,998,1,12.44,13.08,12.38,12.9,3919600,49778920.0,derived_ohlc4
HOSE_PVT,PVT,2022-08-08 09:00:00,999,1,12.9,13.11,12.84,12.93,2395000,31003274.999999996,derived_ohlc4
HOSE_PVT,PVT,2022-08-09 09:00:00,1000,1,12.96,13.14,12.9,12.99,1972100,25632369.75,derived_ohlc4
HOSE_PVT,PVT,2022-08-10 09:00:00,1001,1,12.9,13.2,12.8,13.02,1979400,25692612.0,derived_ohlc4
HOSE_PVT,PVT,2022-08-11 09:00:00,1002,1,13.2,13.39,12.77,12.9,2733000,35706645.0,derived_ohlc4
HOSE_PVT,PVT,2022-08-12 09:00:00,1003,1,12.96,13.08,12.8,12.96,1471600,19057220.0,derived_ohlc4
HOSE_PVT,PVT,2022-08-15 09:00:00,1004,1,13.08,13.17,12.96,12.96,1774100,23138699.25,derived_ohlc4
HOSE_PVT,PVT,2022-08-16 09:00:00,1005,1,12.9,13.14,12.8,12.9,1608000,20799480.0,derived_ohlc4
HOSE_PVT,PVT,2022-08-17 09:00:00,1006,1,13.02,13.08,12.71,12.9,1769100,22870040.25,derived_ohlc4
HOSE_PVT,PVT,2022-08-18 09:00:00,1007,1,12.9,12.96,12.71,12.71,1225900,15716038.0,derived_ohlc4
HOSE_PVT,PVT,2022-08-19 09:00:00,1008,1,12.9,13.27,12.74,12.8,2974300,38450263.25000001,derived_ohlc4
HOSE_PVT,PVT,2022-08-22 09:00:00,1009,1,12.74,12.99,12.74,12.84,1603800,20572744.5,derived_ohlc4
HOSE_PVT,PVT,2022-08-23 09:00:00,1010,1,12.77,13.45,12.77,13.39,5571900,72964030.5,derived_ohlc4
HOSE_PVT,PVT,2022-08-24 09:00:00,1011,1,13.48,13.54,13.24,13.33,2888200,38694659.5,derived_ohlc4
HOSE_PVT,PVT,2022-08-25 09:00:00,1012,1,13.42,13.82,13.3,13.63,4018900,54425953.25000001,derived_ohlc4
HOSE_PVT,PVT,2022-08-26 09:00:00,1013,1,13.63,13.66,13.27,13.33,2159700,29096558.25,derived_ohlc4
HOSE_PVT,PVT,2022-08-29 09:00:00,1014,1,13.08,14.06,12.9,13.76,5413000,72804850.0,derived_ohlc4
HOSE_PVT,PVT,2022-08-30 09:00:00,1015,1,13.94,14.06,13.63,13.63,3162500,43689937.50000001,derived_ohlc4
HOSE_PVT,PVT,2022-08-31 09:00:00,1016,1,13.54,13.76,13.39,13.39,2655500,35902360.0,derived_ohlc4
HOSE_PVT,PVT,2022-09-05 09:00:00,1017,1,13.45,14.0,13.45,13.88,3330900,45616675.5,derived_ohlc4
HOSE_PVT,PVT,2022-09-06 09:00:00,1018,1,14.22,14.25,13.91,13.91,3214700,45238865.74999999,derived_ohlc4
HOSE_PVT,PVT,2022-09-07 09:00:00,1019,1,13.63,13.88,12.96,13.05,4761600,63710207.99999999,derived_ohlc4
HOSE_PVT,PVT,2022-09-08 09:00:00,1020,1,13.17,13.36,12.93,13.05,2363900,31032097.250000004,derived_ohlc4
HOSE_PVT,PVT,2022-09-09 09:00:00,1021,1,13.24,13.48,12.9,13.48,1941800,25777394.999999996,derived_ohlc4
HOSE_PVT,PVT,2022-09-12 09:00:00,1022,1,13.51,14.0,13.51,13.6,2011700,27469763.5,derived_ohlc4
HOSE_PVT,PVT,2022-09-13 09:00:00,1023,1,13.63,13.76,13.39,13.54,1834200,24908436.0,derived_ohlc4
HOSE_PVT,PVT,2022-09-14 09:00:00,1024,1,13.27,13.79,13.27,13.79,2706300,36616239.0,derived_ohlc4
HOSE_PVT,PVT,2022-09-15 09:00:00,1025,1,13.88,14.25,13.73,13.76,5999600,83424438.0,derived_ohlc4
HOSE_PVT,PVT,2022-09-16 09:00:00,1026,1,13.66,13.76,13.39,13.51,2062500,28008750.0,derived_ohlc4
HOSE_PVT,PVT,2022-09-19 09:00:00,1027,1,13.63,13.63,12.74,12.74,3666700,48345439.5,derived_ohlc4
HOSE_PVT,PVT,2022-09-20 09:00:00,1028,1,12.87,13.02,12.59,12.99,1752100,22545146.750000004,derived_ohlc4
HOSE_PVT,PVT,2022-09-21 09:00:00,1029,1,12.9,13.27,12.87,13.24,1729300,22601951.0,derived_ohlc4
HOSE_PVT,PVT,2022-09-22 09:00:00,1030,1,13.14,13.33,12.99,13.27,1491600,19663017.0,derived_ohlc4
HOSE_PVT,PVT,2022-09-23 09:00:00,1031,1,13.33,13.39,13.08,13.08,1285500,16994310.0,derived_ohlc4
HOSE_PVT,PVT,2022-09-26 09:00:00,1032,1,12.9,12.9,12.19,12.19,4030100,50557604.5,derived_ohlc4
HOSE_PVT,PVT,2022-09-27 09:00:00,1033,1,12.22,12.56,12.16,12.22,1884700,23162963.0,derived_ohlc4
HOSE_PVT,PVT,2022-09-28 09:00:00,1034,1,12.1,12.47,11.85,11.85,2098600,25324855.5,derived_ohlc4
HOSE_PVT,PVT,2022-09-29 09:00:00,1035,1,12.22,12.25,11.73,11.73,1415300,16958832.250000004,derived_ohlc4
HOSE_PVT,PVT,2022-09-30 09:00:00,1036,1,11.67,12.04,11.12,12.04,2427700,28446574.75,derived_ohlc4
HOSE_PVT,PVT,2022-10-03 09:00:00,1037,1,11.98,11.98,11.21,11.21,2064000,23932080.0,derived_ohlc4
HOSE_PVT,PVT,2022-10-04 09:00:00,1038,1,11.42,11.48,11.06,11.06,1741800,19603959.0,derived_ohlc4
HOSE_PVT,PVT,2022-10-05 09:00:00,1039,1,11.39,11.61,11.27,11.48,1262900,14444418.75,derived_ohlc4
HOSE_PVT,PVT,2022-10-06 09:00:00,1040,1,11.48,11.64,11.06,11.06,1833300,20734623.0,derived_ohlc4
HOSE_PVT,PVT,2022-10-07 09:00:00,1041,1,10.99,11.24,10.41,11.02,2514200,27442492.999999996,derived_ohlc4
HOSE_PVT,PVT,2022-10-10 09:00:00,1042,1,11.06,11.64,11.06,11.55,1800200,20391765.5,derived_ohlc4
HOSE_PVT,PVT,2022-10-11 09:00:00,1043,1,11.58,11.64,10.75,10.78,2172000,24299250.0,derived_ohlc4
HOSE_PVT,PVT,2022-10-12 09:00:00,1044,1,10.87,11.36,10.81,11.15,1109800,12260515.5,derived_ohlc4
HOSE_PVT,PVT,2022-10-13 09:00:00,1045,1,11.27,11.48,11.15,11.36,1117800,12647907.0,derived_ohlc4
HOSE_PVT,PVT,2022-10-14 09:00:00,1046,1,11.64,11.67,11.52,11.61,1287600,14949036.0,derived_ohlc4
HOSE_PVT,PVT,2022-10-17 09:00:00,1047,1,11.27,11.85,11.18,11.85,1273200,14689545.0,derived_ohlc4
HOSE_PVT,PVT,2022-10-18 09:00:00,1048,1,12.16,12.19,11.73,11.85,1788500,21430701.25,derived_ohlc4
HOSE_PVT,PVT,2022-10-19 09:00:00,1049,1,11.88,11.98,11.67,11.76,878000,10380155.0,derived_ohlc4
HOSE_PVT,PVT,2022-10-20 09:00:00,1050,1,11.82,11.85,11.55,11.55,992700,11607144.749999998,derived_ohlc4
HOSE_PVT,PVT,2022-10-21 09:00:00,1051,1,11.67,11.7,10.75,10.75,2632800,29533434.0,derived_ohlc4
HOSE_PVT,PVT,2022-10-24 09:00:00,1052,1,10.9,10.9,10.01,10.01,2256800,23594844.0,derived_ohlc4
HOSE_PVT,PVT,2022-10-25 09:00:00,1053,1,10.1,10.5,9.7,10.04,1545500,15586367.500000002,derived_ohlc4
HOSE_PVT,PVT,2022-10-26 09:00:00,1054,1,10.32,10.44,9.95,10.1,962400,9818885.999999998,derived_ohlc4
HOSE_PVT,PVT,2022-10-27 09:00:00,1055,1,10.16,10.81,10.16,10.81,1769300,18551110.5,derived_ohlc4
HOSE_PVT,PVT,2022-10-28 09:00:00,1056,1,10.93,11.02,10.5,10.5,1044600,11216392.5,derived_ohlc4
HOSE_PVT,PVT,2022-10-31 09:00:00,1057,1,10.56,10.62,10.07,10.26,1778100,18452232.75,derived_ohlc4
HOSE_PVT,PVT,2022-11-01 09:00:00,1058,1,10.5,10.69,10.41,10.59,1226200,12933344.5,derived_ohlc4
HOSE_PVT,PVT,2022-11-02 09:00:00,1059,1,10.69,10.93,10.47,10.75,1363400,14602013.999999998,derived_ohlc4
HOSE_PVT,PVT,2022-11-03 09:00:00,1060,1,10.62,10.84,10.5,10.56,988100,10503503.0,derived_ohlc4
HOSE_PVT,PVT,2022-11-04 09:00:00,1061,1,10.62,10.69,10.13,10.44,1992600,20862521.999999996,derived_ohlc4
HOSE_PVT,PVT,2022-11-07 09:00:00,1062,1,10.62,10.75,10.32,10.32,1819500,19109298.75,derived_ohlc4
HOSE_PVT,PVT,2022-11-08 09:00:00,1063,1,10.26,10.72,10.26,10.66,1369700,14347607.500000002,derived_ohlc4
HOSE_PVT,PVT,2022-11-09 09:00:00,1064,1,10.75,10.96,10.62,10.78,1360400,14661711.0,derived_ohlc4
HOSE_PVT,PVT,2022-11-10 09:00:00,1065,1,10.62,10.72,10.04,10.07,2268900,23511476.25,derived_ohlc4
HOSE_PVT,PVT,2022-11-11 09:00:00,1066,1,10.29,10.5,10.07,10.26,1843000,18946040.0,derived_ohlc4
HOSE_PVT,PVT,2022-11-14 09:00:00,1067,1,10.13,10.23,9.55,9.55,2688800,26525012.0,derived_ohlc4
HOSE_PVT,PVT,2022-11-15 09:00:00,1068,1,8.9,9.12,8.9,8.9,2624100,23498815.5,derived_ohlc4
HOSE_PVT,PVT,2022-11-16 09:00:00,1069,1,8.29,9.52,8.29,9.52,4618000,41123290.0,derived_ohlc4
HOSE_PVT,PVT,2022-11-17 09:00:00,1070,1,9.86,9.86,9.4,9.4,1098000,10573739.999999998,derived_ohlc4
HOSE_PVT,PVT,2022-11-18 09:00:00,1071,1,9.21,10.04,8.9,9.7,2919100,27621983.749999996,derived_ohlc4
HOSE_PVT,PVT,2022-11-21 09:00:00,1072,1,9.76,10.1,9.61,9.89,1520900,14965656.0,derived_ohlc4
HOSE_PVT,PVT,2022-11-22 09:00:00,1073,1,9.8,10.56,9.8,10.32,1874800,18972976.000000004,derived_ohlc4
HOSE_PVT,PVT,2022-11-23 09:00:00,1074,1,10.44,10.93,10.38,10.75,2021000,21473125.0,derived_ohlc4
HOSE_PVT,PVT,2022-11-24 09:00:00,1075,1,10.5,10.87,10.47,10.78,1187300,12650681.5,derived_ohlc4
HOSE_PVT,PVT,2022-11-25 09:00:00,1076,1,10.96,11.24,10.78,11.24,1549600,17130828.000000004,derived_ohlc4
HOSE_PVT,PVT,2022-11-28 09:00:00,1077,1,11.36,11.76,11.36,11.73,1674100,19340040.249999996,derived_ohlc4
HOSE_PVT,PVT,2022-11-29 09:00:00,1078,1,11.73,12.19,11.42,12.19,2693800,32009078.5,derived_ohlc4
HOSE_PVT,PVT,2022-11-30 09:00:00,1079,1,12.28,12.41,12.07,12.34,1725600,21181739.999999996,derived_ohlc4
HOSE_PVT,PVT,2022-12-01 09:00:00,1080,1,12.47,12.47,11.61,11.61,1837100,22118684.0,derived_ohlc4
HOSE_PVT,PVT,2022-12-02 09:00:00,1081,1,11.48,12.28,11.48,12.28,1656600,19680408.0,derived_ohlc4
HOSE_PVT,PVT,2022-12-05 09:00:00,1082,1,12.65,12.71,12.1,12.22,1951800,24241356.0,derived_ohlc4
HOSE_PVT,PVT,2022-12-06 09:00:00,1083,1,11.85,12.71,11.73,11.73,3643500,43740217.50000001,derived_ohlc4
HOSE_PVT,PVT,2022-12-07 09:00:00,1084,1,11.76,12.22,11.67,11.92,2098200,24952843.5,derived_ohlc4
HOSE_PVT,PVT,2022-12-08 09:00:00,1085,1,12.28,12.38,11.7,12.1,1718900,20824473.5,derived_ohlc4
HOSE_PVT,PVT,2022-12-09 09:00:00,1086,1,12.13,12.16,11.73,12.16,1211900,14597335.499999998,derived_ohlc4
HOSE_PVT,PVT,2022-12-12 09:00:00,1087,1,12.19,12.5,11.82,11.98,2575400,31220286.499999996,derived_ohlc4
HOSE_PVT,PVT,2022-12-13 09:00:00,1088,1,12.04,12.59,11.85,12.59,2119400,25999739.499999996,derived_ohlc4
HOSE_PVT,PVT,2022-12-14 09:00:00,1089,1,12.77,12.96,12.53,12.9,5239500,67013204.99999999,derived_ohlc4
HOSE_PVT,PVT,2022-12-15 09:00:00,1090,1,12.9,13.02,12.68,13.02,1601200,20663486.0,derived_ohlc4
HOSE_PVT,PVT,2022-12-16 09:00:00,1091,1,12.87,13.17,12.74,13.02,1578800,20445460.0,derived_ohlc4
HOSE_PVT,PVT,2022-12-19 09:00:00,1092,1,12.96,13.08,12.5,12.77,1965900,25217582.25,derived_ohlc4
HOSE_PVT,PVT,2022-12-20 09:00:00,1093,1,12.59,13.02,12.16,13.02,3434100,43604484.74999999,derived_ohlc4
HOSE_PVT,PVT,2022-12-21 09:00:00,1094,1,13.11,13.11,12.28,12.65,1416500,18113493.75,derived_ohlc4
HOSE_PVT,PVT,2022-12-22 09:00:00,1095,1,12.9,13.2,12.59,13.2,1637900,21247657.75,derived_ohlc4
HOSE_PVT,PVT,2022-12-23 09:00:00,1096,1,13.2,13.2,12.87,13.2,1395400,18304159.5,derived_ohlc4
HOSE_PVT,PVT,2022-12-26 09:00:00,1097,1,13.17,13.17,12.38,12.38,1334000,17041850.0,derived_ohlc4
HOSE_PVT,PVT,2022-12-27 09:00:00,1098,1,12.34,12.84,12.31,12.84,1685300,21205287.25,derived_ohlc4
HOSE_PVT,PVT,2022-12-28 09:00:00,1099,1,12.84,13.51,12.84,13.27,3545700,46501855.49999999,derived_ohlc4
HOSE_PVT,PVT,2022-12-29 09:00:00,1100,1,13.36,13.39,12.96,13.39,1162300,15429532.5,derived_ohlc4
HOSE_PVT,PVT,2022-12-30 09:00:00,1101,1,13.33,13.51,13.2,13.51,1649500,22082681.25,derived_ohlc4
HOSE_PVT,PVT,2023-01-03 09:00:00,1102,1,13.48,13.85,13.45,13.76,2365500,32253592.5,derived_ohlc4
HOSE_PVT,PVT,2023-01-04 09:00:00,1103,1,13.7,14.43,13.7,13.82,2481700,34526651.25,derived_ohlc4
HOSE_PVT,PVT,2023-01-05 09:00:00,1104,1,13.82,13.82,13.11,13.39,5128600,69415601.0,derived_ohlc4
HOSE_PVT,PVT,2023-01-06 09:00:00,1105,1,13.3,13.39,12.47,12.47,5814500,75050658.75,derived_ohlc4
HOSE_PVT,PVT,2023-01-09 09:00:00,1106,1,12.65,12.96,12.53,12.62,2236200,28377378.0,derived_ohlc4
HOSE_PVT,PVT,2023-01-10 09:00:00,1107,1,12.53,12.9,12.41,12.77,1838200,23257825.5,derived_ohlc4
HOSE_PVT,PVT,2023-01-11 09:00:00,1108,1,12.87,12.9,12.53,12.53,1318900,16759921.75,derived_ohlc4
HOSE_PVT,PVT,2023-01-12 09:00:00,1109,1,12.65,12.77,12.5,12.71,1872900,23706231.75,derived_ohlc4
HOSE_PVT,PVT,2023-01-13 09:00:00,1110,1,12.8,12.87,12.44,12.53,1221300,15461658.0,derived_ohlc4
HOSE_PVT,PVT,2023-01-16 09:00:00,1111,1,12.53,12.59,12.19,12.19,2236400,27675449.999999996,derived_ohlc4
HOSE_PVT,PVT,2023-01-17 09:00:00,1112,1,12.19,12.59,12.07,12.5,2161000,26661337.5,derived_ohlc4
HOSE_PVT,PVT,2023-01-18 09:00:00,1113,1,12.59,12.65,12.47,12.53,2025600,25441536.0,derived_ohlc4
HOSE_PVT,PVT,2023-01-19 09:00:00,1114,1,12.53,13.14,12.41,13.14,3561100,45599885.5,derived_ohlc4
HOSE_PVT,PVT,2023-01-27 09:00:00,1115,1,13.33,13.33,12.9,12.9,3440400,45120846.0,derived_ohlc4
HOSE_PVT,PVT,2023-01-30 09:00:00,1116,1,12.96,13.05,12.8,12.84,2721200,35137495.00000001,derived_ohlc4
HOSE_PVT,PVT,2023-01-31 09:00:00,1117,1,12.84,13.14,12.62,13.14,2511100,32481078.5,derived_ohlc4
HOSE_PVT,PVT,2023-02-01 09:00:00,1118,1,13.17,13.27,12.25,12.25,4310700,54896764.5,derived_ohlc4
HOSE_PVT,PVT,2023-02-02 09:00:00,1119,1,12.28,12.47,11.55,11.67,2847700,34151042.25,derived_ohlc4
HOSE_PVT,PVT,2023-02-03 09:00:00,1120,1,11.73,11.92,11.45,11.85,1853700,21757803.749999996,derived_ohlc4
HOSE_PVT,PVT,2023-02-06 09:00:00,1121,1,11.82,11.82,11.42,11.76,1583700,18537208.5,derived_ohlc4
HOSE_PVT,PVT,2023-02-07 09:00:00,1122,1,11.79,11.85,11.36,11.36,2498700,28959933.0,derived_ohlc4
HOSE_PVT,PVT,2023-02-08 09:00:00,1123,1,11.58,11.85,11.42,11.73,1565800,18233741.0,derived_ohlc4
HOSE_PVT,PVT,2023-02-09 09:00:00,1124,1,11.73,12.07,11.73,11.98,1155600,13725639.000000002,derived_ohlc4
HOSE_PVT,PVT,2023-02-10 09:00:00,1125,1,11.98,11.98,11.61,11.61,1198000,14130410.0,derived_ohlc4
HOSE_PVT,PVT,2023-02-13 09:00:00,1126,1,11.42,11.67,11.18,11.36,1506200,17181976.5,derived_ohlc4
HOSE_PVT,PVT,2023-02-14 09:00:00,1127,1,11.42,11.85,11.42,11.82,1026700,11937954.25,derived_ohlc4
HOSE_PVT,PVT,2023-02-15 09:00:00,1128,1,11.79,12.13,11.67,12.1,1597200,19042617.000000004,derived_ohlc4
HOSE_PVT,PVT,2023-02-16 09:00:00,1129,1,12.28,12.65,12.16,12.53,2609400,32369607.000000004,derived_ohlc4
HOSE_PVT,PVT,2023-02-17 09:00:00,1130,1,12.53,12.56,12.31,12.47,1476600,18409510.5,derived_ohlc4
HOSE_PVT,PVT,2023-02-20 09:00:00,1131,1,12.56,12.77,12.47,12.71,1754500,22154948.75,derived_ohlc4
HOSE_PVT,PVT,2023-02-21 09:00:00,1132,1,12.8,12.8,12.47,12.47,2069800,26151923.0,derived_ohlc4
HOSE_PVT,PVT,2023-02-22 09:00:00,1133,1,12.22,12.71,12.16,12.16,2743200,33775650.0,derived_ohlc4
HOSE_PVT,PVT,2023-02-23 09:00:00,1134,1,12.28,12.34,11.73,12.19,1723300,20912245.499999996,derived_ohlc4
HOSE_PVT,PVT,2023-02-24 09:00:00,1135,1,12.19,12.31,11.88,11.88,1225200,14782038.000000002,derived_ohlc4
HOSE_PVT,PVT,2023-02-27 09:00:00,1136,1,11.82,12.04,11.64,11.64,967500,11401987.5,derived_ohlc4
HOSE_PVT,PVT,2023-02-28 09:00:00,1137,1,11.73,11.98,11.73,11.88,861300,10189179.0,derived_ohlc4
HOSE_PVT,PVT,2023-03-01 09:00:00,1138,1,11.92,12.71,11.82,12.71,4045500,49719195.00000001,derived_ohlc4
HOSE_PVT,PVT,2023-03-02 09:00:00,1139,1,12.9,13.08,12.77,12.93,4101600,52992672.0,derived_ohlc4
HOSE_PVT,PVT,2023-03-03 09:00:00,1140,1,12.93,13.11,12.59,12.59,3209000,41091245.0,derived_ohlc4
HOSE_PVT,PVT,2023-03-06 09:00:00,1141,1,12.77,13.2,12.77,12.77,2263200,29144357.999999996,derived_ohlc4
HOSE_PVT,PVT,2023-03-07 09:00:00,1142,1,13.05,13.05,12.77,12.96,1515500,19637091.250000004,derived_ohlc4
HOSE_PVT,PVT,2023-03-08 09:00:00,1143,1,12.8,13.27,12.8,13.2,2632700,34271172.25000001,derived_ohlc4
HOSE_PVT,PVT,2023-03-09 09:00:00,1144,1,13.24,13.33,12.93,13.02,2347300,30820048.999999996,derived_ohlc4
HOSE_PVT,PVT,2023-03-10 09:00:00,1145,1,12.96,12.96,12.59,12.74,2560100,32801281.250000004,derived_ohlc4
HOSE_PVT,PVT,2023-03-13 09:00:00,1146,1,12.59,13.17,12.59,12.9,1605800,20574312.499999996,derived_ohlc4
HOSE_PVT,PVT,2023-03-14 09:00:00,1147,1,12.9,13.02,12.16,12.16,3914300,49163607.99999999,derived_ohlc4
HOSE_PVT,PVT,2023-03-15 09:00:00,1148,1,12.65,12.99,12.5,12.93,3103400,39622659.5,derived_ohlc4
HOSE_PVT,PVT,2023-03-16 09:00:00,1149,1,12.77,12.8,12.5,12.56,2879400,36446005.5,derived_ohlc4
HOSE_PVT,PVT,2023-03-17 09:00:00,1150,1,12.71,12.9,12.65,12.68,1637100,20848468.5,derived_ohlc4
HOSE_PVT,PVT,2023-03-20 09:00:00,1151,1,12.62,12.65,12.22,12.22,2235900,27786647.25,derived_ohlc4
HOSE_PVT,PVT,2023-03-21 09:00:00,1152,1,12.41,12.59,12.1,12.59,1356800,16854848.0,derived_ohlc4
HOSE_PVT,PVT,2023-03-22 09:00:00,1153,1,12.68,12.71,12.47,12.47,1164700,14654837.75,derived_ohlc4
HOSE_PVT,PVT,2023-03-23 09:00:00,1154,1,12.34,12.53,12.25,12.53,1904400,23638365.0,derived_ohlc4
HOSE_PVT,PVT,2023-03-24 09:00:00,1155,1,12.53,12.74,12.47,12.59,1412600,17774039.5,derived_ohlc4
HOSE_PVT,PVT,2023-03-27 09:00:00,1156,1,12.62,12.62,12.47,12.5,1280700,16075986.75,derived_ohlc4
HOSE_PVT,PVT,2023-03-28 09:00:00,1157,1,12.71,12.77,12.53,12.53,1475300,18640415.5,derived_ohlc4
HOSE_PVT,PVT,2023-03-29 09:00:00,1158,1,12.65,12.65,12.5,12.65,737500,9301718.75,derived_ohlc4
HOSE_PVT,PVT,2023-03-30 09:00:00,1159,1,12.74,13.02,12.65,12.84,3052000,39103750.0,derived_ohlc4
HOSE_PVT,PVT,2023-03-31 09:00:00,1160,1,12.84,12.96,12.71,12.71,1606500,20571232.500000004,derived_ohlc4
HOSE_PVT,PVT,2023-04-03 09:00:00,1161,1,12.99,13.05,12.9,13.02,2704500,35131454.99999999,derived_ohlc4
HOSE_PVT,PVT,2023-04-04 09:00:00,1162,1,13.08,13.63,12.99,13.51,5323900,70821179.75,derived_ohlc4
HOSE_PVT,PVT,2023-04-05 09:00:00,1163,1,13.51,13.76,13.3,13.48,2705000,36551312.5,derived_ohlc4
HOSE_PVT,PVT,2023-04-06 09:00:00,1164,1,13.57,13.57,13.02,13.11,3402200,45308798.5,derived_ohlc4
HOSE_PVT,PVT,2023-04-07 09:00:00,1165,1,13.11,13.63,13.05,13.48,2993100,39860609.25000001,derived_ohlc4
HOSE_PVT,PVT,2023-04-10 09:00:00,1166,1,13.66,13.79,13.27,13.27,2533400,34194566.5,derived_ohlc4
HOSE_PVT,PVT,2023-04-11 09:00:00,1167,1,13.2,13.63,13.2,13.45,2791900,37327703.0,derived_ohlc4
HOSE_PVT,PVT,2023-04-12 09:00:00,1168,1,13.57,13.6,13.39,13.39,2822100,38063073.75,derived_ohlc4
HOSE_PVT,PVT,2023-04-13 09:00:00,1169,1,13.45,13.7,13.33,13.33,2928600,39396991.5,derived_ohlc4
HOSE_PVT,PVT,2023-04-14 09:00:00,1170,1,13.45,13.45,12.71,12.71,2903700,37980396.0,derived_ohlc4
HOSE_PVT,PVT,2023-04-17 09:00:00,1171,1,12.77,12.84,12.59,12.62,1855100,23569045.5,derived_ohlc4
HOSE_PVT,PVT,2023-04-18 09:00:00,1172,1,12.65,12.74,12.56,12.74,1652200,20937504.500000004,derived_ohlc4
HOSE_PVT,PVT,2023-04-19 09:00:00,1173,1,12.71,12.8,12.47,12.47,1997600,25194730.0,derived_ohlc4
HOSE_PVT,PVT,2023-04-20 09:00:00,1174,1,12.47,12.65,12.31,12.44,2002300,24963675.25,derived_ohlc4
HOSE_PVT,PVT,2023-04-21 09:00:00,1175,1,12.53,12.53,12.19,12.22,2466300,30501965.25,derived_ohlc4
HOSE_PVT,PVT,2023-04-24 09:00:00,1176,1,12.19,12.65,12.19,12.41,1681900,20788284.0,derived_ohlc4
HOSE_PVT,PVT,2023-04-25 09:00:00,1177,1,12.59,12.74,12.41,12.44,1614500,20253902.499999996,derived_ohlc4
HOSE_PVT,PVT,2023-04-26 09:00:00,1178,1,12.44,12.65,12.44,12.65,1050800,13182286.0,derived_ohlc4
HOSE_PVT,PVT,2023-04-27 09:00:00,1179,1,12.65,12.74,12.47,12.5,997000,12552230.0,derived_ohlc4
HOSE_PVT,PVT,2023-04-28 09:00:00,1180,1,12.62,12.62,12.5,12.53,1463600,18393793.0,derived_ohlc4
HOSE_PVT,PVT,2023-05-04 09:00:00,1181,1,12.47,12.47,12.31,12.34,1735200,21512142.0,derived_ohlc4
HOSE_PVT,PVT,2023-05-05 09:00:00,1182,1,12.34,12.62,12.31,12.41,2360900,29322378.000000004,derived_ohlc4
HOSE_PVT,PVT,2023-05-08 09:00:00,1183,1,12.53,12.71,12.53,12.59,2203300,27739547.0,derived_ohlc4
HOSE_PVT,PVT,2023-05-09 09:00:00,1184,1,12.62,12.77,12.59,12.62,2313700,29268305.0,derived_ohlc4
HOSE_PVT,PVT,2023-05-10 09:00:00,1185,1,12.62,12.68,12.53,12.59,2349200,29611666.0,derived_ohlc4
HOSE_PVT,PVT,2023-05-11 09:00:00,1186,1,12.59,12.9,12.56,12.87,4139900,52700927.0,derived_ohlc4
HOSE_PVT,PVT,2023-05-12 09:00:00,1187,1,12.9,12.93,12.74,12.77,1986300,25494160.5,derived_ohlc4
HOSE_PVT,PVT,2023-05-15 09:00:00,1188,1,12.9,12.9,12.53,12.53,3724000,47350660.0,derived_ohlc4
HOSE_PVT,PVT,2023-05-16 09:00:00,1189,1,12.62,12.84,12.53,12.56,1759600,22236945.000000004,derived_ohlc4
HOSE_PVT,PVT,2023-05-17 09:00:00,1190,1,12.68,12.74,12.41,12.41,3223000,40480879.99999999,derived_ohlc4
HOSE_PVT,PVT,2023-05-18 09:00:00,1191,1,12.44,12.53,12.38,12.47,1628400,20281722.0,derived_ohlc4
HOSE_PVT,PVT,2023-05-19 09:00:00,1192,1,12.53,12.77,12.53,12.65,3813500,48126370.0,derived_ohlc4
HOSE_PVT,PVT,2023-05-22 09:00:00,1193,1,12.8,12.87,12.71,12.77,2884900,36890658.75000001,derived_ohlc4
HOSE_PVT,PVT,2023-05-23 09:00:00,1194,1,12.84,12.99,12.71,12.71,3514900,45034656.25,derived_ohlc4
HOSE_PVT,PVT,2023-05-24 09:00:00,1195,1,12.8,12.99,12.71,12.71,3422900,43821677.25,derived_ohlc4
HOSE_PVT,PVT,2023-05-25 09:00:00,1196,1,12.74,12.99,12.74,12.93,4948400,63586940.0,derived_ohlc4
HOSE_PVT,PVT,2023-05-26 09:00:00,1197,1,13.08,13.14,12.9,12.9,2692500,35015962.5,derived_ohlc4
HOSE_PVT,PVT,2023-05-29 09:00:00,1198,1,13.02,13.08,12.93,13.02,2924000,38048550.0,derived_ohlc4
HOSE_PVT,PVT,2023-05-30 09:00:00,1199,1,13.08,13.27,13.02,13.08,3784700,49626878.75,derived_ohlc4
HOSE_PVT,PVT,2023-05-31 09:00:00,1200,1,13.08,13.3,12.99,13.05,3899900,51108189.5,derived_ohlc4
HOSE_PVT,PVT,2023-06-01 09:00:00,1201,1,13.05,13.08,12.84,12.96,2823700,36658685.25,derived_ohlc4
HOSE_PVT,PVT,2023-06-02 09:00:00,1202,1,13.08,13.17,12.96,13.02,2554400,33354078.000000004,derived_ohlc4
HOSE_PVT,PVT,2023-06-05 09:00:00,1203,1,13.17,13.57,13.05,13.3,5273300,69989874.25,derived_ohlc4
HOSE_PVT,PVT,2023-06-06 09:00:00,1204,1,13.39,13.39,13.24,13.3,1966300,26210779.000000004,derived_ohlc4
HOSE_PVT,PVT,2023-06-07 09:00:00,1205,1,13.3,13.42,13.17,13.2,2353800,31240810.500000004,derived_ohlc4
HOSE_PVT,PVT,2023-06-08 09:00:00,1206,1,13.33,13.36,12.87,12.9,3649700,47865815.49999999,derived_ohlc4
HOSE_PVT,PVT,2023-06-09 09:00:00,1207,1,12.93,12.96,12.71,12.71,2463200,31596698.0,derived_ohlc4
HOSE_PVT,PVT,2023-06-12 09:00:00,1208,1,12.8,12.96,12.65,12.93,2466100,31652393.500000004,derived_ohlc4
HOSE_PVT,PVT,2023-06-13 09:00:00,1209,1,13.02,13.05,12.77,12.93,1807400,23392274.5,derived_ohlc4
HOSE_PVT,PVT,2023-06-14 09:00:00,1210,1,12.93,12.99,12.74,12.87,3190600,41102904.5,derived_ohlc4
HOSE_PVT,PVT,2023-06-15 09:00:00,1211,1,12.87,12.93,12.77,12.93,1896200,24413574.999999996,derived_ohlc4
HOSE_PVT,PVT,2023-06-16 09:00:00,1212,1,13.08,13.17,12.84,12.84,4560500,59206691.25000001,derived_ohlc4
HOSE_PVT,PVT,2023-06-19 09:00:00,1213,1,12.93,12.99,12.8,12.84,1337200,17236508.0,derived_ohlc4
HOSE_PVT,PVT,2023-06-20 09:00:00,1214,1,12.96,12.96,12.77,12.87,1406700,18132363.0,derived_ohlc4
HOSE_PVT,PVT,2023-06-21 09:00:00,1215,1,12.96,13.2,12.9,13.2,3822400,49939656.00000001,derived_ohlc4
HOSE_PVT,PVT,2023-06-22 09:00:00,1216,1,13.33,13.45,13.27,13.27,3396100,45270012.99999999,derived_ohlc4
HOSE_PVT,PVT,2023-06-23 09:00:00,1217,1,13.3,13.3,13.02,13.05,3364400,44300737.0,derived_ohlc4
HOSE_PVT,PVT,2023-06-26 09:00:00,1218,1,13.05,13.14,12.84,13.11,3535500,46085242.5,derived_ohlc4
HOSE_PVT,PVT,2023-06-27 09:00:00,1219,1,13.36,14.0,13.27,14.0,9109100,124407533.24999999,derived_ohlc4
HOSE_PVT,PVT,2023-06-28 09:00:00,1220,1,14.19,14.28,14.03,14.1,4928100,69732615.0,derived_ohlc4
HOSE_PVT,PVT,2023-06-29 09:00:00,1221,1,14.06,14.52,13.97,14.06,7545700,106790519.25,derived_ohlc4
HOSE_PVT,PVT,2023-06-30 09:00:00,1222,1,14.22,14.37,14.0,14.22,3946900,56055847.25,derived_ohlc4
HOSE_PVT,PVT,2023-07-03 09:00:00,1223,1,14.59,14.59,14.16,14.25,3874800,55787433.0,derived_ohlc4
HOSE_PVT,PVT,2023-07-04 09:00:00,1224,1,14.25,14.62,14.19,14.52,4788900,68936215.5,derived_ohlc4
HOSE_PVT,PVT,2023-07-05 09:00:00,1225,1,14.65,14.65,14.4,14.4,3470300,50406107.5,derived_ohlc4
HOSE_PVT,PVT,2023-07-06 09:00:00,1226,1,14.4,14.49,14.1,14.22,4427000,63317167.5,derived_ohlc4
HOSE_PVT,PVT,2023-07-07 09:00:00,1227,1,14.13,14.31,14.06,14.16,4320700,61202715.5,derived_ohlc4
HOSE_PVT,PVT,2023-07-10 09:00:00,1228,1,14.37,14.52,14.28,14.4,4259000,61297657.5,derived_ohlc4
HOSE_PVT,PVT,2023-07-11 09:00:00,1229,1,14.49,14.62,14.22,14.4,3864000,55767180.0,derived_ohlc4
HOSE_PVT,PVT,2023-07-12 09:00:00,1230,1,14.49,14.83,14.46,14.49,3893100,56712734.25,derived_ohlc4
HOSE_PVT,PVT,2023-07-13 09:00:00,1231,1,14.56,14.59,14.46,14.56,2549100,37070286.75,derived_ohlc4
HOSE_PVT,PVT,2023-07-14 09:00:00,1232,1,14.56,14.77,14.28,14.56,4507700,65553227.25,derived_ohlc4
HOSE_PVT,PVT,2023-07-17 09:00:00,1233,1,14.59,14.8,14.37,14.65,3279200,47884518.0,derived_ohlc4
HOSE_PVT,PVT,2023-07-18 09:00:00,1234,1,14.62,14.71,14.37,14.43,2104800,30588005.999999996,derived_ohlc4
HOSE_PVT,PVT,2023-07-19 09:00:00,1235,1,14.65,14.98,14.56,14.56,6592800,96831750.00000001,derived_ohlc4
HOSE_PVT,PVT,2023-07-20 09:00:00,1236,1,14.59,14.59,14.43,14.46,2527200,36688626.0,derived_ohlc4
HOSE_PVT,PVT,2023-07-21 09:00:00,1237,1,14.49,14.62,14.46,14.62,3080900,44819392.75,derived_ohlc4
HOSE_PVT,PVT,2023-07-24 09:00:00,1238,1,14.71,14.98,14.62,14.62,3840400,56578693.0,derived_ohlc4
HOSE_PVT,PVT,2023-07-25 09:00:00,1239,1,14.74,14.86,14.43,14.68,3413900,50107517.25,derived_ohlc4
HOSE_PVT,PVT,2023-07-26 09:00:00,1240,1,14.62,14.68,14.46,14.62,2325300,33937753.5,derived_ohlc4
HOSE_PVT,PVT,2023-07-27 09:00:00,1241,1,14.62,14.68,14.22,14.31,5315700,76851732.75,derived_ohlc4
HOSE_PVT,PVT,2023-07-28 09:00:00,1242,1,14.52,14.56,14.25,14.43,3941400,56913816.0,derived_ohlc4
HOSE_PVT,PVT,2023-07-31 09:00:00,1243,1,14.68,14.8,14.4,14.49,4442700,64830099.75000001,derived_ohlc4
HOSE_PVT,PVT,2023-08-01 09:00:00,1244,1,14.62,14.68,14.16,14.4,6408600,92700398.99999999,derived_ohlc4
HOSE_PVT,PVT,2023-08-02 09:00:00,1245,1,14.37,14.46,14.16,14.31,3078200,44095215.0,derived_ohlc4
HOSE_PVT,PVT,2023-08-03 09:00:00,1246,1,14.34,14.62,14.28,14.4,5032400,72516884.0,derived_ohlc4
HOSE_PVT,PVT,2023-08-04 09:00:00,1247,1,14.62,14.68,14.37,14.52,3904000,56793440.0,derived_ohlc4
HOSE_PVT,PVT,2023-08-07 09:00:00,1248,1,14.71,14.74,14.52,14.68,4159600,60990135.0,derived_ohlc4
HOSE_PVT,PVT,2023-08-08 09:00:00,1249,1,14.74,15.14,14.74,14.96,6164000,91812780.00000001,derived_ohlc4
HOSE_PVT,PVT,2023-08-09 09:00:00,1250,1,15.02,15.02,14.56,14.56,4683500,69268965.0,derived_ohlc4
HOSE_PVT,PVT,2023-08-10 09:00:00,1251,1,14.62,14.71,14.28,14.31,4524300,65511864.0,derived_ohlc4
HOSE_PVT,PVT,2023-08-11 09:00:00,1252,1,14.46,14.46,14.16,14.34,2551900,36632524.5,derived_ohlc4
HOSE_PVT,PVT,2023-08-14 09:00:00,1253,1,14.43,14.52,14.34,14.43,2376800,34297224.0,derived_ohlc4
HOSE_PVT,PVT,2023-08-15 09:00:00,1254,1,14.52,14.71,14.43,14.49,2757100,40081341.25,derived_ohlc4
HOSE_PVT,PVT,2023-08-16 09:00:00,1255,1,14.49,14.71,14.43,14.43,2129700,30912595.5,derived_ohlc4
HOSE_PVT,PVT,2023-08-17 09:00:00,1256,1,14.4,14.49,14.16,14.19,4413000,63150029.99999999,derived_ohlc4
HOSE_PVT,PVT,2023-08-18 09:00:00,1257,1,14.19,14.4,13.2,13.2,5587800,76818280.5,derived_ohlc4
HOSE_PVT,PVT,2023-08-21 09:00:00,1258,1,13.2,13.51,13.08,13.45,2269100,30201720.999999996,derived_ohlc4
HOSE_PVT,PVT,2023-08-22 09:00:00,1259,1,13.54,13.54,12.96,13.42,2685600,35893044.0,derived_ohlc4
HOSE_PVT,PVT,2023-08-23 09:00:00,1260,1,13.51,13.51,13.3,13.33,1786100,23956066.25,derived_ohlc4
HOSE_PVT,PVT,2023-08-24 09:00:00,1261,1,13.33,13.48,13.3,13.48,1586400,21253794.0,derived_ohlc4
HOSE_PVT,PVT,2023-08-25 09:00:00,1262,1,13.48,13.57,13.27,13.3,1779800,23858219.000000004,derived_ohlc4
HOSE_PVT,PVT,2023-08-28 09:00:00,1263,1,13.39,13.45,13.3,13.36,1613500,21580562.5,derived_ohlc4
HOSE_PVT,PVT,2023-08-29 09:00:00,1264,1,13.45,13.7,13.39,13.66,2294700,31093185.0,derived_ohlc4
HOSE_PVT,PVT,2023-08-30 09:00:00,1265,1,13.66,13.7,13.45,13.66,1758400,23945012.0,derived_ohlc4
HOSE_PVT,PVT,2023-08-31 09:00:00,1266,1,13.7,14.25,13.6,14.25,4925100,68705145.0,derived_ohlc4
HOSE_PVT,PVT,2023-09-05 09:00:00,1267,1,14.52,14.59,14.19,14.59,4412700,63862800.75,derived_ohlc4
HOSE_PVT,PVT,2023-09-06 09:00:00,1268,1,14.59,14.62,14.25,14.59,2964500,43022306.25,derived_ohlc4
HOSE_PVT,PVT,2023-09-07 09:00:00,1269,1,14.56,14.62,14.37,14.46,3125000,45320312.5,derived_ohlc4
HOSE_PVT,PVT,2023-09-08 09:00:00,1270,1,14.46,14.92,14.37,14.74,5442400,79581494.0,derived_ohlc4
HOSE_PVT,PVT,2023-09-11 09:00:00,1271,1,14.8,15.75,14.8,15.51,15244300,231942024.5,derived_ohlc4
HOSE_PVT,PVT,2023-09-12 09:00:00,1272,1,15.63,15.94,15.63,15.84,6183500,97451960.00000001,derived_ohlc4
HOSE_PVT,PVT,2023-09-13 09:00:00,1273,1,15.97,16.55,15.75,16.03,7826200,125806165.00000001,derived_ohlc4
HOSE_PVT,PVT,2023-09-14 09:00:00,1274,1,16.15,16.46,15.9,16.25,5013500,81168564.99999999,derived_ohlc4
HOSE_PVT,PVT,2023-09-15 09:00:00,1275,1,16.46,16.71,16.06,16.15,4607600,75311222.0,derived_ohlc4
HOSE_PVT,PVT,2023-09-18 09:00:00,1276,1,16.31,16.4,15.84,16.12,2708400,43788057.0,derived_ohlc4
HOSE_PVT,PVT,2023-09-19 09:00:00,1277,1,16.18,16.53,15.84,16.46,4940500,80295476.24999999,derived_ohlc4
HOSE_PVT,PVT,2023-09-20 09:00:00,1278,1,16.53,17.61,16.5,17.61,7044400,120195075.0,derived_ohlc4
HOSE_PVT,PVT,2023-09-21 09:00:00,1279,1,17.64,17.83,17.15,17.46,4707200,82470144.0,derived_ohlc4
HOSE_PVT,PVT,2023-09-22 09:00:00,1280,1,17.21,17.68,16.28,17.58,7351700,126357343.75,derived_ohlc4
HOSE_PVT,PVT,2023-09-25 09:00:00,1281,1,17.43,17.77,16.37,16.37,5544400,94171634.00000001,derived_ohlc4
HOSE_PVT,PVT,2023-09-26 09:00:00,1282,1,16.4,17.02,15.84,16.0,5113700,83430015.5,derived_ohlc4
HOSE_PVT,PVT,2023-09-27 09:00:00,1283,1,16.28,16.77,15.66,16.74,4369400,71494307.49999999,derived_ohlc4
HOSE_PVT,PVT,2023-09-28 09:00:00,1284,1,16.93,17.89,16.74,17.52,8710200,150425154.0,derived_ohlc4
HOSE_PVT,PVT,2023-09-29 09:00:00,1285,1,17.64,17.74,17.27,17.58,2898900,50897436.74999999,derived_ohlc4
HOSE_PVT,PVT,2023-10-02 09:00:00,1286,1,17.68,18.33,17.55,17.74,4551600,81132270.0,derived_ohlc4
HOSE_PVT,PVT,2023-10-03 09:00:00,1287,1,17.4,17.49,16.53,16.53,9483900,161107751.25,derived_ohlc4
HOSE_PVT,PVT,2023-10-04 09:00:00,1288,1,16.28,17.21,16.28,17.21,3768500,63103532.50000001,derived_ohlc4
HOSE_PVT,PVT,2023-10-05 09:00:00,1289,1,16.99,17.4,16.46,16.59,4574000,77117640.0,derived_ohlc4
HOSE_PVT,PVT,2023-10-06 09:00:00,1290,1,16.71,17.21,16.65,17.15,2550600,43181658.0,derived_ohlc4
HOSE_PVT,PVT,2023-10-09 09:00:00,1291,1,17.49,17.99,17.4,17.46,4688000,82438480.0,derived_ohlc4
HOSE_PVT,PVT,2023-10-10 09:00:00,1292,1,17.64,17.89,17.15,17.15,3678900,64224396.75,derived_ohlc4
HOSE_PVT,PVT,2023-10-11 09:00:00,1293,1,17.24,18.02,17.12,17.95,5844100,102753888.25,derived_ohlc4
HOSE_PVT,PVT,2023-10-12 09:00:00,1294,1,17.95,18.52,17.86,18.17,5940800,107677000.0,derived_ohlc4
HOSE_PVT,PVT,2023-10-13 09:00:00,1295,1,18.02,18.61,17.95,18.61,3612100,66092399.75,derived_ohlc4
HOSE_PVT,PVT,2023-10-16 09:00:00,1296,1,18.82,19.17,18.58,18.7,4032200,75875923.5,derived_ohlc4
HOSE_PVT,PVT,2023-10-17 09:00:00,1297,1,18.76,18.82,17.4,17.4,7789300,140947383.5,derived_ohlc4
HOSE_PVT,PVT,2023-10-18 09:00:00,1298,1,17.58,17.8,16.5,16.77,7162000,122917824.99999999,derived_ohlc4
HOSE_PVT,PVT,2023-10-19 09:00:00,1299,1,16.81,17.4,16.71,16.74,3577500,60513412.5,derived_ohlc4
HOSE_PVT,PVT,2023-10-20 09:00:00,1300,1,16.87,17.46,16.34,17.4,3568400,60725246.99999999,derived_ohlc4
HOSE_PVT,PVT,2023-10-23 09:00:00,1301,1,17.27,17.33,16.71,17.09,2969900,50785289.99999999,derived_ohlc4
HOSE_PVT,PVT,2023-10-24 09:00:00,1302,1,17.02,17.18,16.71,17.06,2221100,37742041.75,derived_ohlc4
HOSE_PVT,PVT,2023-10-25 09:00:00,1303,1,17.09,17.43,16.9,17.09,2793000,47837107.49999999,derived_ohlc4
HOSE_PVT,PVT,2023-10-26 09:00:00,1304,1,16.65,16.77,15.9,15.9,6801300,110895196.5,derived_ohlc4
HOSE_PVT,PVT,2023-10-27 09:00:00,1305,1,15.9,15.97,15.1,15.66,4926300,77133542.25,derived_ohlc4
HOSE_PVT,PVT,2023-10-30 09:00:00,1306,1,15.75,15.97,14.63,14.63,3487100,53160839.5,derived_ohlc4
HOSE_PVT,PVT,2023-10-31 09:00:00,1307,1,14.82,14.82,13.64,13.64,9215900,131142257.0,derived_ohlc4
HOSE_PVT,PVT,2023-11-01 09:00:00,1308,1,13.73,14.29,13.61,14.29,5277500,73779450.0,derived_ohlc4
HOSE_PVT,PVT,2023-11-02 09:00:00,1309,1,14.48,15.22,14.38,15.13,7061500,104527853.75000001,derived_ohlc4
HOSE_PVT,PVT,2023-11-03 09:00:00,1310,1,15.19,15.22,14.51,14.79,7312100,109151372.75,derived_ohlc4
HOSE_PVT,PVT,2023-11-06 09:00:00,1311,1,14.88,14.97,14.69,14.88,2763800,41056249.0,derived_ohlc4
HOSE_PVT,PVT,2023-11-07 09:00:00,1312,1,14.85,15.6,14.72,15.1,5597600,84341838.0,derived_ohlc4
HOSE_PVT,PVT,2023-11-08 09:00:00,1313,1,15.04,16.0,15.0,15.9,4879700,75562154.5,derived_ohlc4
HOSE_PVT,PVT,2023-11-09 09:00:00,1314,1,15.9,16.09,15.63,15.66,6080000,96185600.0,derived_ohlc4
HOSE_PVT,PVT,2023-11-10 09:00:00,1315,1,15.53,15.87,15.28,15.28,6844900,106027501.0,derived_ohlc4
HOSE_PVT,PVT,2023-11-13 09:00:00,1316,1,15.35,15.72,15.32,15.6,3836100,59449959.75,derived_ohlc4
HOSE_PVT,PVT,2023-11-14 09:00:00,1317,1,15.81,16.12,15.69,15.72,3380300,53527050.5,derived_ohlc4
HOSE_PVT,PVT,2023-11-15 09:00:00,1318,1,16.09,16.09,15.63,15.72,3961900,62924876.75,derived_ohlc4
HOSE_PVT,PVT,2023-11-16 09:00:00,1319,1,15.72,15.94,15.63,15.9,2392900,37801837.75,derived_ohlc4
HOSE_PVT,PVT,2023-11-17 09:00:00,1320,1,15.87,15.94,15.32,15.38,6284400,98209461.0,derived_ohlc4
HOSE_PVT,PVT,2023-11-20 09:00:00,1321,1,15.13,15.5,14.88,15.38,6862200,104459839.50000001,derived_ohlc4
HOSE_PVT,PVT,2023-11-21 09:00:00,1322,1,15.63,15.87,15.47,15.87,3728900,58581019.0,derived_ohlc4
HOSE_PVT,PVT,2023-11-22 09:00:00,1323,1,15.87,15.9,15.63,15.9,3997600,63262020.0,derived_ohlc4
HOSE_PVT,PVT,2023-11-23 09:00:00,1324,1,16.15,16.4,15.47,15.47,6887400,109320256.49999999,derived_ohlc4
HOSE_PVT,PVT,2023-11-24 09:00:00,1325,1,15.63,15.66,14.97,15.66,4401000,68127480.0,derived_ohlc4
HOSE_PVT,PVT,2023-11-27 09:00:00,1326,1,15.75,16.03,15.66,15.66,3296000,51994399.99999999,derived_ohlc4
HOSE_PVT,PVT,2023-11-28 09:00:00,1327,1,15.75,15.9,15.41,15.87,4202600,66117404.5,derived_ohlc4
HOSE_PVT,PVT,2023-11-29 09:00:00,1328,1,16.03,16.34,16.0,16.15,6180700,99694691.00000001,derived_ohlc4
HOSE_PVT,PVT,2023-11-30 09:00:00,1329,1,16.22,16.37,16.0,16.28,4402200,71392678.5,derived_ohlc4
HOSE_PVT,PVT,2023-12-01 09:00:00,1330,1,16.31,16.65,16.22,16.4,5140900,84285055.49999999,derived_ohlc4
HOSE_PVT,PVT,2023-12-04 09:00:00,1331,1,16.65,16.87,16.59,16.65,5281900,88154910.99999999,derived_ohlc4
HOSE_PVT,PVT,2023-12-05 09:00:00,1332,1,16.68,16.93,16.46,16.46,6556300,109047659.75,derived_ohlc4
HOSE_PVT,PVT,2023-12-06 09:00:00,1333,1,16.46,16.77,16.43,16.77,4150400,68927768.0,derived_ohlc4
HOSE_PVT,PVT,2023-12-07 09:00:00,1334,1,16.77,16.77,16.06,16.34,5564000,91722540.0,derived_ohlc4
HOSE_PVT,PVT,2023-12-08 09:00:00,1335,1,16.34,16.43,16.15,16.15,2741000,44589217.49999999,derived_ohlc4
HOSE_PVT,PVT,2023-12-11 09:00:00,1336,1,16.28,16.31,16.09,16.09,2478000,40125015.00000001,derived_ohlc4
HOSE_PVT,PVT,2023-12-12 09:00:00,1337,1,16.28,16.4,16.09,16.4,2517600,41017997.99999999,derived_ohlc4
HOSE_PVT,PVT,2023-12-13 09:00:00,1338,1,16.4,16.4,15.87,15.94,6116100,98790305.25,derived_ohlc4
HOSE_PVT,PVT,2023-12-14 09:00:00,1339,1,16.09,16.09,15.69,15.72,3476100,55261299.75,derived_ohlc4
HOSE_PVT,PVT,2023-12-15 09:00:00,1340,1,15.81,15.94,15.66,15.72,2480700,39151647.75,derived_ohlc4
HOSE_PVT,PVT,2023-12-18 09:00:00,1341,1,15.78,15.84,15.66,15.66,1339200,21072312.0,derived_ohlc4
HOSE_PVT,PVT,2023-12-19 09:00:00,1342,1,15.78,16.0,15.66,16.0,3015300,47822658.0,derived_ohlc4
HOSE_PVT,PVT,2023-12-20 09:00:00,1343,1,16.09,16.43,16.06,16.43,4059100,65970522.74999999,derived_ohlc4
HOSE_PVT,PVT,2023-12-21 09:00:00,1344,1,16.34,16.62,16.28,16.46,3399200,55831860.0,derived_ohlc4
HOSE_PVT,PVT,2023-12-22 09:00:00,1345,1,16.59,16.65,16.25,16.53,3727800,61527339.0,derived_ohlc4
HOSE_PVT,PVT,2023-12-25 09:00:00,1346,1,16.59,17.06,16.53,16.96,6506500,109211602.5,derived_ohlc4
HOSE_PVT,PVT,2023-12-26 09:00:00,1347,1,17.02,17.02,16.65,16.68,3487700,58741587.25000001,derived_ohlc4
HOSE_PVT,PVT,2023-12-27 09:00:00,1348,1,16.81,16.81,16.53,16.53,3077000,51293590.00000001,derived_ohlc4
HOSE_PVT,PVT,2023-12-28 09:00:00,1349,1,16.5,16.65,16.37,16.37,5888800,97003258.0,derived_ohlc4
HOSE_PVT,PVT,2023-12-29 09:00:00,1350,1,16.46,16.53,16.37,16.4,2743200,45098207.99999999,derived_ohlc4
HOSE_PVT,PVT,2024-01-02 09:00:00,1351,1,16.5,16.65,16.34,16.59,3344900,55257748.0,derived_ohlc4
HOSE_PVT,PVT,2024-01-03 09:00:00,1352,1,16.56,16.65,16.5,16.59,3368600,55834545.0,derived_ohlc4
HOSE_PVT,PVT,2024-01-04 09:00:00,1353,1,16.62,16.84,16.53,16.53,4698200,78131066.00000001,derived_ohlc4
HOSE_PVT,PVT,2024-01-05 09:00:00,1354,1,16.56,16.65,16.4,16.46,2873700,47466339.74999999,derived_ohlc4
HOSE_PVT,PVT,2024-01-08 09:00:00,1355,1,16.56,16.56,16.43,16.43,3568200,58857458.99999999,derived_ohlc4
HOSE_PVT,PVT,2024-01-09 09:00:00,1356,1,16.43,16.46,15.97,16.03,8050300,130595991.75,derived_ohlc4
HOSE_PVT,PVT,2024-01-10 09:00:00,1357,1,16.12,16.59,16.06,16.25,4953200,80514266.0,derived_ohlc4
HOSE_PVT,PVT,2024-01-11 09:00:00,1358,1,16.25,16.37,16.09,16.25,2318300,37649192.00000001,derived_ohlc4
HOSE_PVT,PVT,2024-01-12 09:00:00,1359,1,16.31,16.62,16.18,16.22,6698700,109406517.75,derived_ohlc4
HOSE_PVT,PVT,2024-01-15 09:00:00,1360,1,16.46,16.46,16.25,16.25,1764300,28855126.5,derived_ohlc4
HOSE_PVT,PVT,2024-01-16 09:00:00,1361,1,16.34,16.4,16.18,16.37,1431400,23364026.499999996,derived_ohlc4
HOSE_PVT,PVT,2024-01-17 09:00:00,1362,1,16.46,16.84,16.43,16.59,5342200,88573675.99999999,derived_ohlc4
HOSE_PVT,PVT,2024-01-18 09:00:00,1363,1,16.59,16.65,16.5,16.56,1982300,32856622.5,derived_ohlc4
HOSE_PVT,PVT,2024-01-19 09:00:00,1364,1,16.59,16.71,16.5,16.53,3399600,56373867.0,derived_ohlc4
HOSE_PVT,PVT,2024-01-22 09:00:00,1365,1,16.59,16.59,16.37,16.43,2431900,40114190.49999999,derived_ohlc4
HOSE_PVT,PVT,2024-01-23 09:00:00,1366,1,16.53,16.68,16.43,16.5,3248300,53710640.5,derived_ohlc4
HOSE_PVT,PVT,2024-01-24 09:00:00,1367,1,16.56,16.84,16.5,16.62,5517100,91749373.0,derived_ohlc4
HOSE_PVT,PVT,2024-01-25 09:00:00,1368,1,16.65,16.74,16.53,16.53,1843800,30630127.5,derived_ohlc4
HOSE_PVT,PVT,2024-01-26 09:00:00,1369,1,16.65,16.71,16.5,16.5,1610000,26709900.0,derived_ohlc4
HOSE_PVT,PVT,2024-01-29 09:00:00,1370,1,16.65,16.65,16.34,16.37,2214200,36539835.5,derived_ohlc4
HOSE_PVT,PVT,2024-01-30 09:00:00,1371,1,16.37,16.53,16.37,16.46,1785000,29332012.500000007,derived_ohlc4
HOSE_PVT,PVT,2024-01-31 09:00:00,1372,1,16.62,16.62,16.09,16.12,3692100,60411986.25,derived_ohlc4
HOSE_PVT,PVT,2024-02-01 09:00:00,1373,1,16.09,16.37,16.09,16.25,1291300,20919060.0,derived_ohlc4
HOSE_PVT,PVT,2024-02-02 09:00:00,1374,1,16.25,16.34,16.15,16.18,1994500,32370735.0,derived_ohlc4
HOSE_PVT,PVT,2024-02-05 09:00:00,1375,1,16.22,16.5,16.22,16.34,2083100,33996192.0,derived_ohlc4
HOSE_PVT,PVT,2024-02-06 09:00:00,1376,1,16.34,16.59,16.34,16.43,2153600,35372879.99999999,derived_ohlc4
HOSE_PVT,PVT,2024-02-07 09:00:00,1377,1,16.56,16.74,16.46,16.62,2873000,47677435.0,derived_ohlc4
HOSE_PVT,PVT,2024-02-15 09:00:00,1378,1,16.74,16.74,16.59,16.62,2558400,42654924.0,derived_ohlc4
HOSE_PVT,PVT,2024-02-16 09:00:00,1379,1,16.68,17.09,16.59,17.09,5913000,99707962.5,derived_ohlc4
HOSE_PVT,PVT,2024-02-19 09:00:00,1380,1,17.15,17.33,17.06,17.15,3474900,59672720.25,derived_ohlc4
HOSE_PVT,PVT,2024-02-20 09:00:00,1381,1,17.27,17.27,16.84,16.87,3571400,60937012.5,derived_ohlc4
HOSE_PVT,PVT,2024-02-21 09:00:00,1382,1,16.9,16.93,16.5,16.56,5915300,98918604.25,derived_ohlc4
HOSE_PVT,PVT,2024-02-22 09:00:00,1383,1,16.59,16.77,16.56,16.56,2510500,41724510.0,derived_ohlc4
HOSE_PVT,PVT,2024-02-23 09:00:00,1384,1,16.59,16.71,16.18,16.22,3707900,60902257.49999999,derived_ohlc4
HOSE_PVT,PVT,2024-02-26 09:00:00,1385,1,16.22,16.46,16.18,16.37,2137500,34857281.25,derived_ohlc4
HOSE_PVT,PVT,2024-02-27 09:00:00,1386,1,16.4,16.62,16.34,16.62,2640700,43558346.5,derived_ohlc4
HOSE_PVT,PVT,2024-02-28 09:00:00,1387,1,16.71,17.27,16.65,16.77,6766300,114012155.00000001,derived_ohlc4
HOSE_PVT,PVT,2024-02-29 09:00:00,1388,1,16.84,16.9,16.53,16.65,3307100,55327782.99999999,derived_ohlc4
HOSE_PVT,PVT,2024-03-01 09:00:00,1389,1,16.59,16.87,16.56,16.84,2444000,40851460.0,derived_ohlc4
HOSE_PVT,PVT,2024-03-04 09:00:00,1390,1,16.96,17.02,16.77,16.81,3429500,57924255.0,derived_ohlc4
HOSE_PVT,PVT,2024-03-05 09:00:00,1391,1,16.77,16.87,16.65,16.65,3063000,51259305.0,derived_ohlc4
HOSE_PVT,PVT,2024-03-06 09:00:00,1392,1,16.68,17.15,16.65,17.02,6719200,113386500.0,derived_ohlc4
HOSE_PVT,PVT,2024-03-07 09:00:00,1393,1,17.09,17.3,16.96,16.96,3900100,66603957.75,derived_ohlc4
HOSE_PVT,PVT,2024-03-08 09:00:00,1394,1,16.99,17.09,16.62,16.74,3766900,63509934.0,derived_ohlc4
HOSE_PVT,PVT,2024-03-11 09:00:00,1395,1,16.74,16.77,16.25,16.5,3983700,65989990.49999999,derived_ohlc4
HOSE_PVT,PVT,2024-03-12 09:00:00,1396,1,16.46,16.71,16.34,16.5,2075900,34257539.75,derived_ohlc4
HOSE_PVT,PVT,2024-03-13 09:00:00,1397,1,16.62,16.77,16.5,16.77,3003900,50059993.5,derived_ohlc4
HOSE_PVT,PVT,2024-03-14 09:00:00,1398,1,16.93,17.92,16.81,17.92,16634400,289355388.0,derived_ohlc4
HOSE_PVT,PVT,2024-03-15 09:00:00,1399,1,18.08,18.3,17.77,18.08,5120900,92470651.74999999,derived_ohlc4
HOSE_PVT,PVT,2024-03-18 09:00:00,1400,1,18.2,18.39,17.3,18.02,7654000,137599785.0,derived_ohlc4
HOSE_PVT,PVT,2024-03-19 09:00:00,1401,1,18.02,18.08,17.64,17.71,3763400,67223732.49999999,derived_ohlc4
HOSE_PVT,PVT,2024-03-20 09:00:00,1402,1,17.86,18.17,17.52,17.95,3545400,63374025.0,derived_ohlc4
HOSE_PVT,PVT,2024-03-21 09:00:00,1403,1,18.14,18.42,17.89,18.08,6270500,113699841.25,derived_ohlc4
HOSE_PVT,PVT,2024-03-22 09:00:00,1404,1,18.08,18.17,17.77,17.83,4634200,83241817.5,derived_ohlc4
HOSE_PVT,PVT,2024-03-25 09:00:00,1405,1,17.92,18.24,17.58,17.74,5164600,92291401.99999999,derived_ohlc4
HOSE_PVT,PVT,2024-03-26 09:00:00,1406,1,17.77,18.14,17.68,17.99,3336400,59704878.0,derived_ohlc4
HOSE_PVT,PVT,2024-03-27 09:00:00,1407,1,18.27,18.27,17.86,18.08,2762400,50054687.99999999,derived_ohlc4
HOSE_PVT,PVT,2024-03-28 09:00:00,1408,1,18.2,18.2,17.74,17.86,4616500,83097000.0,derived_ohlc4
HOSE_PVT,PVT,2024-03-29 09:00:00,1409,1,17.92,18.08,17.77,17.8,2135500,38209433.75,derived_ohlc4
HOSE_PVT,PVT,2024-04-01 09:00:00,1410,1,17.74,17.99,17.52,17.71,3179900,56411426.00000001,derived_ohlc4
HOSE_PVT,PVT,2024-04-02 09:00:00,1411,1,17.86,18.52,17.71,18.52,7450400,135243386.0,derived_ohlc4
HOSE_PVT,PVT,2024-04-03 09:00:00,1412,1,18.61,18.73,18.05,18.05,5534600,101615256.0,derived_ohlc4
HOSE_PVT,PVT,2024-04-04 09:00:00,1413,1,18.05,18.14,17.83,17.83,3303800,59344507.49999999,derived_ohlc4
HOSE_PVT,PVT,2024-04-05 09:00:00,1414,1,17.71,18.17,17.52,17.58,4524800,80292576.0,derived_ohlc4
HOSE_PVT,PVT,2024-04-08 09:00:00,1415,1,17.8,17.8,17.4,17.4,3024300,53227680.00000001,derived_ohlc4
HOSE_PVT,PVT,2024-04-09 09:00:00,1416,1,17.43,17.58,17.3,17.55,2122800,37074702.0,derived_ohlc4
HOSE_PVT,PVT,2024-04-10 09:00:00,1417,1,17.58,17.64,17.24,17.24,2883600,50246729.99999999,derived_ohlc4
HOSE_PVT,PVT,2024-04-11 09:00:00,1418,1,17.17,17.58,17.17,17.34,1774700,30728930.500000004,derived_ohlc4
HOSE_PVT,PVT,2024-04-12 09:00:00,1419,1,17.55,17.62,17.34,17.62,1358900,23824914.250000004,derived_ohlc4
HOSE_PVT,PVT,2024-04-15 09:00:00,1420,1,17.65,17.89,16.39,16.39,5122700,87495715.99999999,derived_ohlc4
HOSE_PVT,PVT,2024-04-16 09:00:00,1421,1,16.39,17.14,16.05,17.14,5492500,91614900.0,derived_ohlc4
HOSE_PVT,PVT,2024-04-17 09:00:00,1422,1,17.21,17.27,16.73,16.86,2488500,42348048.75000001,derived_ohlc4
HOSE_PVT,PVT,2024-04-19 09:00:00,1423,1,16.73,17.14,16.28,16.52,2892500,48210743.75,derived_ohlc4
HOSE_PVT,PVT,2024-04-22 09:00:00,1424,1,16.8,16.8,16.32,16.66,1043300,17365728.5,derived_ohlc4
HOSE_PVT,PVT,2024-04-23 09:00:00,1425,1,16.59,17.17,16.56,16.66,2959200,49551804.0,derived_ohlc4
HOSE_PVT,PVT,2024-04-24 09:00:00,1426,1,16.73,17.07,16.73,17.07,2215700,37445330.0,derived_ohlc4
HOSE_PVT,PVT,2024-04-25 09:00:00,1427,1,17.07,17.14,16.76,16.8,1402700,23765244.75,derived_ohlc4
HOSE_PVT,PVT,2024-04-26 09:00:00,1428,1,16.42,17.07,16.42,16.97,1780400,29768287.999999996,derived_ohlc4
HOSE_PVT,PVT,2024-05-02 09:00:00,1429,1,16.93,17.48,16.76,17.48,3351600,57521835.00000001,derived_ohlc4
HOSE_PVT,PVT,2024-05-03 09:00:00,1430,1,17.55,17.62,17.31,17.34,2068600,36107413.00000001,derived_ohlc4
HOSE_PVT,PVT,2024-05-06 09:00:00,1431,1,17.48,17.86,17.34,17.82,4301800,75819225.0,derived_ohlc4
HOSE_PVT,PVT,2024-05-07 09:00:00,1432,1,17.86,18.03,17.58,17.96,2815300,50274219.75000001,derived_ohlc4
HOSE_PVT,PVT,2024-05-08 09:00:00,1433,1,18.09,19.19,17.82,19.19,7953600,147718236.0,derived_ohlc4
HOSE_PVT,PVT,2024-05-09 09:00:00,1434,1,19.73,19.97,19.36,19.77,7896800,155626186.0,derived_ohlc4
HOSE_PVT,PVT,2024-05-10 09:00:00,1435,1,19.8,20.45,19.53,20.31,7611300,152397254.25,derived_ohlc4
HOSE_PVT,PVT,2024-05-13 09:00:00,1436,1,20.35,20.55,19.94,20.18,5727000,116000385.00000001,derived_ohlc4
HOSE_PVT,PVT,2024-05-14 09:00:00,1437,1,20.18,20.35,19.84,20.14,3984700,80202049.25,derived_ohlc4
HOSE_PVT,PVT,2024-05-15 09:00:00,1438,1,20.28,20.69,19.94,20.01,5847600,118296948.0,derived_ohlc4
HOSE_PVT,PVT,2024-05-16 09:00:00,1439,1,20.14,20.59,19.97,20.08,6090700,123001686.5,derived_ohlc4
HOSE_PVT,PVT,2024-05-17 09:00:00,1440,1,20.14,20.59,19.87,20.24,8387600,169513396.0,derived_ohlc4
HOSE_PVT,PVT,2024-05-20 09:00:00,1441,1,20.48,20.76,19.9,19.9,7484900,151644074.0,derived_ohlc4
HOSE_PVT,PVT,2024-05-21 09:00:00,1442,1,19.87,20.35,19.6,20.35,6260800,125482084.0,derived_ohlc4
HOSE_PVT,PVT,2024-05-22 09:00:00,1443,1,20.42,20.45,19.6,19.8,8333800,167238531.50000003,derived_ohlc4
HOSE_PVT,PVT,2024-05-23 09:00:00,1444,1,19.73,20.14,19.7,19.94,4598200,91400720.5,derived_ohlc4
HOSE_PVT,PVT,2024-05-24 09:00:00,1445,1,19.87,21.17,19.8,20.01,13047300,263718551.25000003,derived_ohlc4
HOSE_PVT,PVT,2024-05-27 09:00:00,1446,1,20.14,20.79,20.14,20.79,5817400,119053091.0,derived_ohlc4
HOSE_PVT,PVT,2024-05-28 09:00:00,1447,1,21.1,21.1,20.62,20.79,5615300,117373808.25000001,derived_ohlc4
HOSE_PVT,PVT,2024-05-29 09:00:00,1448,1,20.83,21.34,20.48,20.59,7673400,159683454.00000003,derived_ohlc4
HOSE_PVT,PVT,2024-05-30 09:00:00,1449,1,20.42,21.13,20.11,21.1,8643900,178842290.99999997,derived_ohlc4
HOSE_PVT,PVT,2024-05-31 09:00:00,1450,1,21.17,21.2,20.55,20.62,4121000,86067085.0,derived_ohlc4
HOSE_PVT,PVT,2024-06-03 09:00:00,1451,1,20.76,20.96,20.52,20.83,4426400,91925261.99999999,derived_ohlc4
HOSE_PVT,PVT,2024-06-04 09:00:00,1452,1,20.83,21.3,20.83,20.93,5750300,120598166.74999999,derived_ohlc4
HOSE_PVT,PVT,2024-06-05 09:00:00,1453,1,20.93,21.27,20.52,20.62,6046300,125974660.5,derived_ohlc4
HOSE_PVT,PVT,2024-06-06 09:00:00,1454,1,20.83,20.89,20.48,20.69,4572000,94743270.0,derived_ohlc4
HOSE_PVT,PVT,2024-06-07 09:00:00,1455,1,20.89,21.3,20.76,20.89,5668600,118813856.0,derived_ohlc4
HOSE_PVT,PVT,2024-06-10 09:00:00,1456,1,21.2,22.33,21.1,22.06,8624600,186916643.5,derived_ohlc4
HOSE_PVT,PVT,2024-06-11 09:00:00,1457,1,22.26,22.26,21.41,21.51,5139800,112356028.00000001,derived_ohlc4
HOSE_PVT,PVT,2024-06-12 09:00:00,1458,1,21.51,21.64,21.27,21.37,4217100,90446252.25,derived_ohlc4
HOSE_PVT,PVT,2024-06-13 09:00:00,1459,1,21.47,21.64,21.24,21.44,3880800,83233457.99999999,derived_ohlc4
HOSE_PVT,PVT,2024-06-14 09:00:00,1460,1,21.47,21.85,20.69,20.69,5635200,119325360.0,derived_ohlc4
HOSE_PVT,PVT,2024-06-17 09:00:00,1461,1,20.76,20.93,20.59,20.59,3979000,82434932.5,derived_ohlc4
HOSE_PVT,PVT,2024-06-18 09:00:00,1462,1,20.89,21.1,20.72,20.79,2354200,49143925.0,derived_ohlc4
HOSE_PVT,PVT,2024-06-19 09:00:00,1463,1,20.83,21.03,20.62,20.69,3436900,71461743.25,derived_ohlc4
HOSE_PVT,PVT,2024-06-20 09:00:00,1464,1,20.72,20.89,20.08,20.18,7217100,147715994.25,derived_ohlc4
HOSE_PVT,PVT,2024-06-21 09:00:00,1465,1,20.35,20.48,20.01,20.42,3092100,62816011.50000001,derived_ohlc4
HOSE_PVT,PVT,2024-06-24 09:00:00,1466,1,20.42,20.59,19.39,19.39,5593300,111572351.75000001,derived_ohlc4
HOSE_PVT,PVT,2024-06-25 09:00:00,1467,1,19.49,20.21,19.43,19.87,3177900,62763525.0,derived_ohlc4
HOSE_PVT,PVT,2024-06-26 09:00:00,1468,1,20.01,20.14,19.6,20.08,2916800,58212036.00000001,derived_ohlc4
HOSE_PVT,PVT,2024-06-27 09:00:00,1469,1,19.94,20.21,19.8,19.87,2209600,44092568.00000001,derived_ohlc4
HOSE_PVT,PVT,2024-06-28 09:00:00,1470,1,19.9,20.28,19.49,19.53,4196800,83096640.0,derived_ohlc4
HOSE_PVT,PVT,2024-07-01 09:00:00,1471,1,19.56,20.14,19.53,20.14,2425500,48127983.75,derived_ohlc4
HOSE_PVT,PVT,2024-07-02 09:00:00,1472,1,20.35,20.35,20.08,20.24,2530400,51253252.0,derived_ohlc4
HOSE_PVT,PVT,2024-07-03 09:00:00,1473,1,20.28,20.59,20.18,20.42,3504800,71384014.0,derived_ohlc4
HOSE_PVT,PVT,2024-07-04 09:00:00,1474,1,20.28,20.76,20.24,20.66,3341200,68444482.0,derived_ohlc4
HOSE_PVT,PVT,2024-07-05 09:00:00,1475,1,20.69,21.0,20.52,20.55,3122700,64608662.99999999,derived_ohlc4
HOSE_PVT,PVT,2024-07-08 09:00:00,1476,1,20.66,21.03,20.55,20.96,3777600,78574079.99999999,derived_ohlc4
HOSE_PVT,PVT,2024-07-09 09:00:00,1477,1,21.03,21.17,20.76,20.83,2731200,57211812.00000001,derived_ohlc4
HOSE_PVT,PVT,2024-07-10 09:00:00,1478,1,20.89,21.13,20.69,20.89,3298100,68930290.0,derived_ohlc4
HOSE_PVT,PVT,2024-07-11 09:00:00,1479,1,21.03,21.06,20.62,20.62,2751600,57322707.00000001,derived_ohlc4
HOSE_PVT,PVT,2024-07-12 09:00:00,1480,1,20.66,20.76,20.04,20.35,4424700,90496176.75,derived_ohlc4
HOSE_PVT,PVT,2024-07-15 09:00:00,1481,1,20.48,20.96,20.28,20.96,3044100,62921547.00000001,derived_ohlc4
HOSE_PVT,PVT,2024-07-16 09:00:00,1482,1,21.17,21.17,20.62,20.69,2550600,53339422.5,derived_ohlc4
HOSE_PVT,PVT,2024-07-17 09:00:00,1483,1,20.79,20.79,19.39,19.73,5439200,109735860.0,derived_ohlc4
HOSE_PVT,PVT,2024-07-18 09:00:00,1484,1,19.77,20.04,19.39,20.04,2762100,54717201.00000001,derived_ohlc4
HOSE_PVT,PVT,2024-07-19 09:00:00,1485,1,20.01,20.01,19.43,19.46,2968400,58559111.0,derived_ohlc4
HOSE_PVT,PVT,2024-07-22 09:00:00,1486,1,19.46,19.46,18.64,18.71,4678600,89209205.50000001,derived_ohlc4
HOSE_PVT,PVT,2024-07-23 09:00:00,1487,1,18.95,18.98,18.54,18.54,2497700,46838119.24999999,derived_ohlc4
HOSE_PVT,PVT,2024-07-24 09:00:00,1488,1,18.5,18.98,18.3,18.81,2494900,46523647.75,derived_ohlc4
HOSE_PVT,PVT,2024-07-25 09:00:00,1489,1,18.71,18.85,18.57,18.85,1396600,26179267.0,derived_ohlc4
HOSE_PVT,PVT,2024-07-26 09:00:00,1490,1,18.95,19.43,18.91,19.43,2234000,42848120.0,derived_ohlc4
HOSE_PVT,PVT,2024-07-29 09:00:00,1491,1,19.49,19.8,19.39,19.43,1887600,36860109.0,derived_ohlc4
HOSE_PVT,PVT,2024-07-30 09:00:00,1492,1,19.36,19.97,19.29,19.8,3645000,71460225.0,derived_ohlc4
HOSE_PVT,PVT,2024-07-31 09:00:00,1493,1,19.97,19.97,19.43,19.43,1144800,22552560.0,derived_ohlc4
HOSE_PVT,PVT,2024-08-01 09:00:00,1494,1,19.49,19.66,18.47,18.91,3896500,74549786.25,derived_ohlc4
HOSE_PVT,PVT,2024-08-02 09:00:00,1495,1,18.71,19.29,18.47,19.29,2093900,39658465.99999999,derived_ohlc4
HOSE_PVT,PVT,2024-08-05 09:00:00,1496,1,18.81,19.08,18.03,18.09,3564300,65948460.75000001,derived_ohlc4
HOSE_PVT,PVT,2024-08-06 09:00:00,1497,1,18.44,18.78,18.06,18.71,2602200,48134194.50000001,derived_ohlc4
HOSE_PVT,PVT,2024-08-07 09:00:00,1498,1,18.88,18.88,18.44,18.71,1393600,26098644.0,derived_ohlc4
HOSE_PVT,PVT,2024-08-08 09:00:00,1499,1,18.71,19.32,18.68,19.08,2531300,47961806.74999999,derived_ohlc4
HOSE_PVT,PVT,2024-08-09 09:00:00,1500,1,19.19,19.26,18.91,19.19,987700,18902108.75,derived_ohlc4
HOSE_PVT,PVT,2024-08-12 09:00:00,1501,1,19.19,19.53,19.05,19.32,1611500,31057633.75,derived_ohlc4
HOSE_PVT,PVT,2024-08-13 09:00:00,1502,1,19.43,19.46,18.91,19.12,1691300,32523699.0,derived_ohlc4
HOSE_PVT,PVT,2024-08-14 09:00:00,1503,1,19.26,19.39,19.12,19.26,1088700,20965640.250000004,derived_ohlc4
HOSE_PVT,PVT,2024-08-15 09:00:00,1504,1,19.26,19.36,18.98,18.98,1071500,20513867.500000004,derived_ohlc4
HOSE_PVT,PVT,2024-08-16 09:00:00,1505,1,19.19,19.9,18.98,19.66,3912200,76023826.5,derived_ohlc4
HOSE_PVT,PVT,2024-08-19 09:00:00,1506,1,19.73,19.94,19.56,19.73,1863300,36781542.0,derived_ohlc4
HOSE_PVT,PVT,2024-08-20 09:00:00,1507,1,19.77,19.9,19.63,19.87,1844300,36503307.75,derived_ohlc4
HOSE_PVT,PVT,2024-08-21 09:00:00,1508,1,20.04,20.38,19.9,20.14,2860100,57530911.50000001,derived_ohlc4
HOSE_PVT,PVT,2024-08-22 09:00:00,1509,1,20.14,20.14,19.84,20.08,1569000,31458450.0,derived_ohlc4
HOSE_PVT,PVT,2024-08-23 09:00:00,1510,1,19.9,20.01,19.66,19.66,1696100,33595500.74999999,derived_ohlc4
HOSE_PVT,PVT,2024-08-26 09:00:00,1511,1,19.87,19.87,19.43,19.53,2967400,58383595.0,derived_ohlc4
HOSE_PVT,PVT,2024-08-27 09:00:00,1512,1,19.7,19.73,19.49,19.63,978400,19213330.0,derived_ohlc4
HOSE_PVT,PVT,2024-08-28 09:00:00,1513,1,19.73,19.73,19.39,19.53,1283900,25158020.5,derived_ohlc4
HOSE_PVT,PVT,2024-08-29 09:00:00,1514,1,19.53,19.56,19.36,19.36,946800,18417627.0,derived_ohlc4
HOSE_PVT,PVT,2024-08-30 09:00:00,1515,1,19.36,19.7,19.36,19.63,1374300,26816028.75,derived_ohlc4
HOSE_PVT,PVT,2024-09-04 09:00:00,1516,1,19.32,19.49,19.22,19.29,963700,18628321.0,derived_ohlc4
HOSE_PVT,PVT,2024-09-05 09:00:00,1517,1,19.32,19.43,19.15,19.15,1352200,26046752.5,derived_ohlc4
HOSE_PVT,PVT,2024-09-06 09:00:00,1518,1,19.12,19.36,18.98,19.29,1337600,25665200.0,derived_ohlc4
HOSE_PVT,PVT,2024-09-09 09:00:00,1519,1,19.26,19.32,19.15,19.15,888000,17067360.0,derived_ohlc4
HOSE_PVT,PVT,2024-09-10 09:00:00,1520,1,19.22,19.32,18.78,18.88,1885400,35916870.0,derived_ohlc4
HOSE_PVT,PVT,2024-09-11 09:00:00,1521,1,18.78,19.08,18.78,18.98,979500,18517447.5,derived_ohlc4
HOSE_PVT,PVT,2024-09-12 09:00:00,1522,1,19.08,19.29,19.05,19.12,884700,16928734.5,derived_ohlc4
HOSE_PVT,PVT,2024-09-13 09:00:00,1523,1,19.15,19.29,19.02,19.15,566800,10855636.999999998,derived_ohlc4
HOSE_PVT,PVT,2024-09-16 09:00:00,1524,1,19.15,19.26,18.2,18.78,1191100,22449257.25,derived_ohlc4
HOSE_PVT,PVT,2024-09-17 09:00:00,1525,1,18.81,18.91,18.5,18.85,1486500,27897888.749999996,derived_ohlc4
HOSE_PVT,PVT,2024-09-18 09:00:00,1526,1,18.95,19.12,18.88,19.05,1000700,19013300.0,derived_ohlc4
HOSE_PVT,PVT,2024-09-19 09:00:00,1527,1,19.05,19.22,19.05,19.12,650500,12431055.0,derived_ohlc4
HOSE_PVT,PVT,2024-09-20 09:00:00,1528,1,19.33,19.5,19.26,19.26,1908400,36903685.00000001,derived_ohlc4
HOSE_PVT,PVT,2024-09-23 09:00:00,1529,1,19.29,19.46,19.08,19.12,772200,14855197.5,derived_ohlc4
HOSE_PVT,PVT,2024-09-24 09:00:00,1530,1,19.08,19.33,19.08,19.33,738700,14186733.499999998,derived_ohlc4
HOSE_PVT,PVT,2024-09-25 09:00:00,1531,1,19.43,19.53,19.36,19.43,1545800,30046487.5,derived_ohlc4
HOSE_PVT,PVT,2024-09-26 09:00:00,1532,1,19.5,19.74,19.5,19.67,1789400,35076713.5,derived_ohlc4
HOSE_PVT,PVT,2024-09-27 09:00:00,1533,1,19.67,19.74,19.46,19.46,1485900,29097636.75,derived_ohlc4
HOSE_PVT,PVT,2024-09-30 09:00:00,1534,1,19.5,19.5,19.29,19.29,1052200,20407419.0,derived_ohlc4
HOSE_PVT,PVT,2024-10-01 09:00:00,1535,1,19.36,19.57,19.29,19.4,1358400,26359752.0,derived_ohlc4
HOSE_PVT,PVT,2024-10-02 09:00:00,1536,1,19.57,19.74,19.5,19.53,1261900,24714311.5,derived_ohlc4
HOSE_PVT,PVT,2024-10-03 09:00:00,1537,1,19.53,19.64,19.12,19.15,2149700,41618192.0,derived_ohlc4
HOSE_PVT,PVT,2024-10-04 09:00:00,1538,1,19.29,19.46,19.15,19.15,1219100,23482913.75,derived_ohlc4
HOSE_PVT,PVT,2024-10-07 09:00:00,1539,1,19.22,19.71,19.19,19.5,2173000,42167065.0,derived_ohlc4
HOSE_PVT,PVT,2024-10-08 09:00:00,1540,1,19.64,20.16,19.57,20.16,6254500,124355096.25,derived_ohlc4
HOSE_PVT,PVT,2024-10-09 09:00:00,1541,1,20.16,20.22,19.98,20.22,2385800,48061941.0,derived_ohlc4
HOSE_PVT,PVT,2024-10-10 09:00:00,1542,1,20.29,20.33,20.02,20.05,1852500,37369556.25,derived_ohlc4
HOSE_PVT,PVT,2024-10-11 09:00:00,1543,1,20.09,20.36,19.84,19.84,2776300,55616229.75000001,derived_ohlc4
HOSE_PVT,PVT,2024-10-14 09:00:00,1544,1,19.98,20.12,19.74,20.02,2285300,45626014.5,derived_ohlc4
HOSE_PVT,PVT,2024-10-15 09:00:00,1545,1,20.02,20.19,19.53,19.53,2734600,54192935.50000001,derived_ohlc4
HOSE_PVT,PVT,2024-10-16 09:00:00,1546,1,19.6,19.6,19.33,19.4,1824300,35541924.75,derived_ohlc4
HOSE_PVT,PVT,2024-10-17 09:00:00,1547,1,19.46,19.6,19.12,19.43,2216900,43013402.25000001,derived_ohlc4
HOSE_PVT,PVT,2024-10-18 09:00:00,1548,1,19.43,19.53,19.29,19.29,1151200,22316011.999999996,derived_ohlc4
HOSE_PVT,PVT,2024-10-21 09:00:00,1549,1,19.22,19.29,18.98,18.98,1926900,36837510.75,derived_ohlc4
HOSE_PVT,PVT,2024-10-22 09:00:00,1550,1,19.05,19.08,18.81,18.88,1588100,30102435.499999996,derived_ohlc4
HOSE_PVT,PVT,2024-10-23 09:00:00,1551,1,18.91,19.19,18.84,19.19,771300,14679767.25,derived_ohlc4
HOSE_PVT,PVT,2024-10-24 09:00:00,1552,1,19.15,19.19,18.88,18.88,1238000,23552950.0,derived_ohlc4
HOSE_PVT,PVT,2024-10-25 09:00:00,1553,1,18.7,18.98,18.7,18.84,965800,18161869.0,derived_ohlc4
HOSE_PVT,PVT,2024-10-28 09:00:00,1554,1,18.95,19.02,18.81,18.84,939200,17755576.0,derived_ohlc4
HOSE_PVT,PVT,2024-10-29 09:00:00,1555,1,18.91,19.08,18.88,18.98,1088600,20642577.5,derived_ohlc4
HOSE_PVT,PVT,2024-10-30 09:00:00,1556,1,19.12,19.19,18.84,18.98,2182100,41530818.25000001,derived_ohlc4
HOSE_PVT,PVT,2024-10-31 09:00:00,1557,1,19.4,19.5,19.22,19.4,2246900,43544922.0,derived_ohlc4
HOSE_PVT,PVT,2024-11-01 09:00:00,1558,1,19.33,19.36,18.95,19.02,1180800,22630032.0,derived_ohlc4
HOSE_PVT,PVT,2024-11-04 09:00:00,1559,1,18.91,19.12,18.91,18.98,1007100,19114758.0,derived_ohlc4
HOSE_PVT,PVT,2024-11-05 09:00:00,1560,1,18.98,19.12,18.91,18.95,881000,16730190.000000002,derived_ohlc4
HOSE_PVT,PVT,2024-11-06 09:00:00,1561,1,19.02,19.4,19.02,19.4,1251300,24037473.0,derived_ohlc4
HOSE_PVT,PVT,2024-11-07 09:00:00,1562,1,19.43,19.46,19.15,19.29,1322300,25563364.75,derived_ohlc4
HOSE_PVT,PVT,2024-11-08 09:00:00,1563,1,19.29,19.84,19.19,19.6,2672100,52052507.99999999,derived_ohlc4
HOSE_PVT,PVT,2024-11-11 09:00:00,1564,1,19.84,20.09,19.64,19.74,3991000,79131552.5,derived_ohlc4
HOSE_PVT,PVT,2024-11-12 09:00:00,1565,1,19.91,19.91,19.5,19.53,1447100,28525958.749999996,derived_ohlc4
HOSE_PVT,PVT,2024-11-13 09:00:00,1566,1,19.53,19.53,18.98,19.4,2338600,45275296.0,derived_ohlc4
HOSE_PVT,PVT,2024-11-14 09:00:00,1567,1,19.43,19.71,18.98,19.26,3284900,63546390.50000001,derived_ohlc4
HOSE_PVT,PVT,2024-11-15 09:00:00,1568,1,19.19,19.22,18.95,19.02,1794400,34264068.0,derived_ohlc4
HOSE_PVT,PVT,2024-11-18 09:00:00,1569,1,19.02,19.08,18.81,18.88,1294100,24519959.749999996,derived_ohlc4
HOSE_PVT,PVT,2024-11-19 09:00:00,1570,1,18.95,19.08,18.36,18.36,2050700,38322456.25,derived_ohlc4
HOSE_PVT,PVT,2024-11-20 09:00:00,1571,1,18.4,18.74,18.33,18.57,1457900,26985728.999999996,derived_ohlc4
HOSE_PVT,PVT,2024-11-21 09:00:00,1572,1,18.57,18.81,18.53,18.67,1028500,19176382.5,derived_ohlc4
HOSE_PVT,PVT,2024-11-22 09:00:00,1573,1,18.77,18.84,18.64,18.84,1276100,23955587.25,derived_ohlc4
HOSE_PVT,PVT,2024-11-25 09:00:00,1574,1,18.84,18.91,18.74,18.74,1798200,33819646.49999999,derived_ohlc4
HOSE_PVT,PVT,2024-11-26 09:00:00,1575,1,18.77,18.91,18.77,18.81,802400,15097156.000000002,derived_ohlc4
HOSE_PVT,PVT,2024-11-27 09:00:00,1576,1,18.81,18.84,18.46,18.5,2668700,49777926.75,derived_ohlc4
HOSE_PVT,PVT,2024-11-28 09:00:00,1577,1,18.67,18.7,18.46,18.5,1213000,22540572.500000004,derived_ohlc4
HOSE_PVT,PVT,2024-11-29 09:00:00,1578,1,18.5,18.81,18.43,18.64,1336300,24848498.5,derived_ohlc4
HOSE_PVT,PVT,2024-12-02 09:00:00,1579,1,18.67,18.74,18.5,18.57,1297100,24152001.999999996,derived_ohlc4
HOSE_PVT,PVT,2024-12-03 09:00:00,1580,1,18.6,19.12,18.53,18.7,2271600,42564105.0,derived_ohlc4
HOSE_PVT,PVT,2024-12-04 09:00:00,1581,1,18.7,18.81,18.6,18.6,1046600,19547871.500000004,derived_ohlc4
HOSE_PVT,PVT,2024-12-05 09:00:00,1582,1,18.64,18.95,18.43,18.88,1647000,30840075.000000004,derived_ohlc4
HOSE_PVT,PVT,2024-12-06 09:00:00,1583,1,18.88,19.05,18.77,18.77,1574700,29710652.25,derived_ohlc4
HOSE_PVT,PVT,2024-12-09 09:00:00,1584,1,18.84,18.95,18.74,18.77,998000,18787350.0,derived_ohlc4
HOSE_PVT,PVT,2024-12-10 09:00:00,1585,1,18.84,19.08,18.81,18.91,2031700,38419447.0,derived_ohlc4
HOSE_PVT,PVT,2024-12-11 09:00:00,1586,1,18.91,19.08,18.77,18.88,1447000,27362769.999999996,derived_ohlc4
HOSE_PVT,PVT,2024-12-12 09:00:00,1587,1,18.91,19.02,18.7,18.7,1510800,28452141.0,derived_ohlc4
HOSE_PVT,PVT,2024-12-13 09:00:00,1588,1,18.77,18.77,18.64,18.64,937500,17535937.5,derived_ohlc4
HOSE_PVT,PVT,2024-12-16 09:00:00,1589,1,18.67,18.77,18.53,18.6,1488300,27745632.749999996,derived_ohlc4
HOSE_PVT,PVT,2024-12-17 09:00:00,1590,1,18.64,18.95,18.57,18.74,1064800,19938380.0,derived_ohlc4
HOSE_PVT,PVT,2024-12-18 09:00:00,1591,1,18.81,19.26,18.77,19.12,2904100,55148859.00000001,derived_ohlc4
HOSE_PVT,PVT,2024-12-19 09:00:00,1592,1,18.95,19.46,18.88,19.02,2525700,48184041.74999999,derived_ohlc4
HOSE_PVT,PVT,2024-12-20 09:00:00,1593,1,19.12,19.5,19.05,19.19,2691000,51707565.0,derived_ohlc4
HOSE_PVT,PVT,2024-12-23 09:00:00,1594,1,19.33,19.4,19.02,19.05,1432800,27509760.0,derived_ohlc4
HOSE_PVT,PVT,2024-12-24 09:00:00,1595,1,19.08,19.67,19.02,19.67,5317900,102954544.0,derived_ohlc4
HOSE_PVT,PVT,2024-12-25 09:00:00,1596,1,19.74,19.74,19.46,19.46,2108300,41322680.0,derived_ohlc4
HOSE_PVT,PVT,2024-12-26 09:00:00,1597,1,19.46,19.53,19.29,19.33,2064400,40054521.0,derived_ohlc4
HOSE_PVT,PVT,2024-12-27 09:00:00,1598,1,19.36,19.4,19.05,19.12,2393900,46040681.75000001,derived_ohlc4
HOSE_PVT,PVT,2024-12-30 09:00:00,1599,1,19.12,19.4,19.05,19.29,1406500,27025897.499999996,derived_ohlc4
HOSE_PVT,PVT,2024-12-31 09:00:00,1600,1,19.29,19.33,19.12,19.12,1069200,20544678.0,derived_ohlc4
HOSE_PVT,PVT,2025-01-02 09:00:00,1601,1,19.15,19.29,19.12,19.29,646700,12424723.75,derived_ohlc4
HOSE_PVT,PVT,2025-01-03 09:00:00,1602,1,19.19,19.6,19.15,19.15,2346800,45228703.0,derived_ohlc4
HOSE_PVT,PVT,2025-01-06 09:00:00,1603,1,19.19,19.22,18.36,18.57,2729400,51408249.0,derived_ohlc4
HOSE_PVT,PVT,2025-01-07 09:00:00,1604,1,18.57,18.67,17.95,18.22,3053000,56030182.5,derived_ohlc4
HOSE_PVT,PVT,2025-01-08 09:00:00,1605,1,18.29,18.43,18.05,18.43,1505600,27552479.999999996,derived_ohlc4
HOSE_PVT,PVT,2025-01-09 09:00:00,1606,1,18.43,18.43,18.15,18.22,868000,15890909.999999998,derived_ohlc4
HOSE_PVT,PVT,2025-01-10 09:00:00,1607,1,18.22,18.5,17.84,17.84,1639100,29667710.000000004,derived_ohlc4
HOSE_PVT,PVT,2025-01-13 09:00:00,1608,1,17.74,18.02,17.74,17.91,1333300,23802738.25,derived_ohlc4
HOSE_PVT,PVT,2025-01-14 09:00:00,1609,1,18.08,18.08,17.88,17.91,766700,13791016.249999998,derived_ohlc4
HOSE_PVT,PVT,2025-01-15 09:00:00,1610,1,17.91,18.4,17.91,18.29,1618000,29330294.999999996,derived_ohlc4
HOSE_PVT,PVT,2025-01-16 09:00:00,1611,1,18.46,18.53,18.22,18.22,1047600,19231317.0,derived_ohlc4
HOSE_PVT,PVT,2025-01-17 09:00:00,1612,1,18.33,18.6,18.22,18.43,1793900,32998790.5,derived_ohlc4
HOSE_PVT,PVT,2025-01-20 09:00:00,1613,1,18.46,18.53,18.29,18.29,838500,15422111.249999998,derived_ohlc4
HOSE_PVT,PVT,2025-01-21 09:00:00,1614,1,18.33,18.46,17.95,18.08,1758700,32017133.499999996,derived_ohlc4
HOSE_PVT,PVT,2025-01-22 09:00:00,1615,1,18.15,18.29,18.02,18.02,891200,16148543.999999998,derived_ohlc4
HOSE_PVT,PVT,2025-01-23 09:00:00,1616,1,18.08,18.26,18.02,18.19,806200,14622452.5,derived_ohlc4
HOSE_PVT,PVT,2025-01-24 09:00:00,1617,1,18.22,18.26,18.02,18.02,1087900,19723627.0,derived_ohlc4
HOSE_PVT,PVT,2025-02-03 09:00:00,1618,1,17.84,17.95,17.53,17.53,4103600,72685015.0,derived_ohlc4
HOSE_PVT,PVT,2025-02-04 09:00:00,1619,1,17.81,17.98,17.67,17.98,1431200,25561232.0,derived_ohlc4
HOSE_PVT,PVT,2025-02-05 09:00:00,1620,1,18.05,18.29,18.02,18.15,1815200,32905037.999999996,derived_ohlc4
HOSE_PVT,PVT,2025-02-06 09:00:00,1621,1,18.22,18.46,18.12,18.4,1953300,35745389.99999999,derived_ohlc4
HOSE_PVT,PVT,2025-02-07 09:00:00,1622,1,18.36,18.5,18.29,18.33,1959200,35990503.99999999,derived_ohlc4
HOSE_PVT,PVT,2025-02-10 09:00:00,1623,1,18.26,18.26,17.84,17.88,2378400,42953904.0,derived_ohlc4
HOSE_PVT,PVT,2025-02-11 09:00:00,1624,1,18.08,18.08,17.77,17.77,1473100,26405317.499999996,derived_ohlc4
HOSE_PVT,PVT,2025-02-12 09:00:00,1625,1,17.88,18.02,17.81,17.84,504700,9027821.25,derived_ohlc4
HOSE_PVT,PVT,2025-02-13 09:00:00,1626,1,17.84,17.95,17.77,17.77,1410000,25143825.0,derived_ohlc4
HOSE_PVT,PVT,2025-02-14 09:00:00,1627,1,17.88,18.19,17.88,18.02,1668000,30011490.0,derived_ohlc4
HOSE_PVT,PVT,2025-02-17 09:00:00,1628,1,18.15,18.22,17.98,18.02,1484300,26854697.749999996,derived_ohlc4
HOSE_PVT,PVT,2025-02-18 09:00:00,1629,1,18.15,18.22,18.05,18.05,1151100,20855054.25,derived_ohlc4
HOSE_PVT,PVT,2025-02-19 09:00:00,1630,1,18.05,18.19,18.02,18.08,1932200,34943837.0,derived_ohlc4
HOSE_PVT,PVT,2025-02-20 09:00:00,1631,1,18.12,18.4,18.12,18.33,2575900,46990855.75,derived_ohlc4
HOSE_PVT,PVT,2025-02-21 09:00:00,1632,1,18.36,18.4,18.19,18.22,1326400,24263172.0,derived_ohlc4
HOSE_PVT,PVT,2025-02-24 09:00:00,1633,1,18.19,18.29,18.12,18.15,1564400,28452525.0,derived_ohlc4
HOSE_PVT,PVT,2025-02-25 09:00:00,1634,1,18.19,18.33,18.15,18.19,1740600,31705029.0,derived_ohlc4
HOSE_PVT,PVT,2025-02-26 09:00:00,1635,1,18.15,18.53,18.15,18.19,1990400,36334752.0,derived_ohlc4
HOSE_PVT,PVT,2025-02-27 09:00:00,1636,1,18.26,18.33,18.15,18.26,1227400,22400050.0,derived_ohlc4
HOSE_PVT,PVT,2025-02-28 09:00:00,1637,1,18.26,18.74,18.26,18.43,4052000,74647970.0,derived_ohlc4
HOSE_PVT,PVT,2025-03-03 09:00:00,1638,1,18.5,18.53,18.36,18.4,1659800,30619160.499999996,derived_ohlc4
HOSE_PVT,PVT,2025-03-04 09:00:00,1639,1,18.43,18.46,18.12,18.15,2564200,46899218.0,derived_ohlc4
HOSE_PVT,PVT,2025-03-05 09:00:00,1640,1,18.15,18.19,17.95,17.95,2037600,36799056.00000001,derived_ohlc4
HOSE_PVT,PVT,2025-03-06 09:00:00,1641,1,17.98,18.12,17.95,18.02,1271700,22912854.749999996,derived_ohlc4
HOSE_PVT,PVT,2025-03-07 09:00:00,1642,1,18.19,18.19,17.95,17.98,2405100,43478195.25,derived_ohlc4
HOSE_PVT,PVT,2025-03-10 09:00:00,1643,1,18.02,18.15,17.95,17.95,1252000,22557910.000000004,derived_ohlc4
HOSE_PVT,PVT,2025-03-11 09:00:00,1644,1,17.88,18.02,17.81,18.02,1427600,25600436.999999996,derived_ohlc4
HOSE_PVT,PVT,2025-03-12 09:00:00,1645,1,18.02,18.12,17.88,17.88,1704200,30632994.999999996,derived_ohlc4
HOSE_PVT,PVT,2025-03-13 09:00:00,1646,1,17.95,18.02,17.67,17.67,2133600,38036754.0,derived_ohlc4
HOSE_PVT,PVT,2025-03-14 09:00:00,1647,1,17.67,17.81,17.46,17.53,2595600,45727983.0,derived_ohlc4
HOSE_PVT,PVT,2025-03-17 09:00:00,1648,1,17.6,17.7,17.46,17.53,1301100,22863579.749999996,derived_ohlc4
HOSE_PVT,PVT,2025-03-18 09:00:00,1649,1,17.57,17.95,17.53,17.64,1124800,19878028.0,derived_ohlc4
HOSE_PVT,PVT,2025-03-19 09:00:00,1650,1,17.64,17.74,17.53,17.6,766200,13506190.499999998,derived_ohlc4
HOSE_PVT,PVT,2025-03-20 09:00:00,1651,1,17.67,17.7,17.46,17.53,918700,16159933.000000004,derived_ohlc4
HOSE_PVT,PVT,2025-03-21 09:00:00,1652,1,17.67,17.7,17.39,17.46,904400,15876742.0,derived_ohlc4
HOSE_PVT,PVT,2025-03-24 09:00:00,1653,1,17.43,17.5,17.19,17.26,1473200,25552654.000000004,derived_ohlc4
HOSE_PVT,PVT,2025-03-25 09:00:00,1654,1,17.39,17.43,17.22,17.26,1497500,25944187.5,derived_ohlc4
HOSE_PVT,PVT,2025-03-26 09:00:00,1655,1,17.36,17.88,17.36,17.6,1916900,33641594.99999999,derived_ohlc4
HOSE_PVT,PVT,2025-03-27 09:00:00,1656,1,17.64,17.77,17.46,17.46,693300,12189947.25,derived_ohlc4
HOSE_PVT,PVT,2025-03-28 09:00:00,1657,1,17.46,17.53,17.29,17.36,886700,15437447.0,derived_ohlc4
HOSE_PVT,PVT,2025-03-31 09:00:00,1658,1,17.26,17.26,17.05,17.08,1595300,27379336.250000004,derived_ohlc4
HOSE_PVT,PVT,2025-04-01 09:00:00,1659,1,17.22,17.26,17.08,17.12,769300,13208881.000000002,derived_ohlc4
HOSE_PVT,PVT,2025-04-02 09:00:00,1660,1,17.12,17.29,17.08,17.08,1060400,18177907.0,derived_ohlc4
HOSE_PVT,PVT,2025-04-03 09:00:00,1661,1,15.98,16.57,15.91,15.91,3047400,49040284.49999999,derived_ohlc4
HOSE_PVT,PVT,2025-04-04 09:00:00,1662,1,14.8,14.98,14.8,14.84,5477200,81363806.0,derived_ohlc4
HOSE_PVT,PVT,2025-04-08 09:00:00,1663,1,13.8,14.15,13.8,13.8,2239200,31096890.0,derived_ohlc4
HOSE_PVT,PVT,2025-04-09 09:00:00,1664,1,12.84,13.25,12.84,12.84,6050000,78302125.0,derived_ohlc4
HOSE_PVT,PVT,2025-04-10 09:00:00,1665,1,13.74,13.74,13.74,13.74,542900,7459446.0,derived_ohlc4
HOSE_PVT,PVT,2025-04-11 09:00:00,1666,1,14.25,14.25,13.49,14.01,5928200,82994800.0,derived_ohlc4
HOSE_PVT,PVT,2025-04-14 09:00:00,1667,1,14.12,14.98,14.08,14.98,2904800,42235792.0,derived_ohlc4
HOSE_PVT,PVT,2025-04-15 09:00:00,1668,1,15.05,15.29,14.5,14.77,2515500,37487238.75,derived_ohlc4
HOSE_PVT,PVT,2025-04-16 09:00:00,1669,1,14.87,14.87,13.91,14.08,2581300,37254612.25,derived_ohlc4
HOSE_PVT,PVT,2025-04-17 09:00:00,1670,1,13.77,14.15,13.6,14.15,2427100,33779164.25,derived_ohlc4
HOSE_PVT,PVT,2025-04-18 09:00:00,1671,1,14.22,14.87,14.22,14.6,2388500,34579508.75,derived_ohlc4
HOSE_PVT,PVT,2025-04-21 09:00:00,1672,1,14.6,14.87,14.5,14.63,1318900,19321885.0,derived_ohlc4
HOSE_PVT,PVT,2025-04-22 09:00:00,1673,1,14.5,14.56,13.63,14.22,3493500,49703771.25,derived_ohlc4
HOSE_PVT,PVT,2025-04-23 09:00:00,1674,1,14.39,14.5,13.94,14.15,1739900,24784875.5,derived_ohlc4
HOSE_PVT,PVT,2025-04-24 09:00:00,1675,1,14.22,14.53,14.18,14.29,1844700,26388433.5,derived_ohlc4
HOSE_PVT,PVT,2025-04-25 09:00:00,1676,1,14.36,14.7,14.36,14.36,1725200,24920514.0,derived_ohlc4
HOSE_PVT,PVT,2025-04-28 09:00:00,1677,1,14.46,14.77,14.36,14.46,1735800,25190797.5,derived_ohlc4
HOSE_PVT,PVT,2025-04-29 09:00:00,1678,1,14.39,14.6,14.22,14.39,2095200,30170880.0,derived_ohlc4
HOSE_PVT,PVT,2025-05-05 09:00:00,1679,1,14.53,15.05,14.36,14.94,3452300,50817855.99999999,derived_ohlc4
HOSE_PVT,PVT,2025-05-06 09:00:00,1680,1,15.12,15.15,14.77,14.91,2582000,38697725.0,derived_ohlc4
HOSE_PVT,PVT,2025-05-07 09:00:00,1681,1,14.94,15.12,14.87,15.05,2040500,30597297.500000004,derived_ohlc4
HOSE_PVT,PVT,2025-05-08 09:00:00,1682,1,15.12,15.46,15.12,15.12,2400800,36504163.99999999,derived_ohlc4
HOSE_PVT,PVT,2025-05-09 09:00:00,1683,1,15.32,15.39,15.12,15.18,1326000,20224815.0,derived_ohlc4
HOSE_PVT,PVT,2025-05-12 09:00:00,1684,1,15.25,15.39,15.18,15.32,1329800,20325993.0,derived_ohlc4
HOSE_PVT,PVT,2025-05-13 09:00:00,1685,1,15.5,15.53,15.25,15.36,1766100,27215601.0,derived_ohlc4
HOSE_PVT,PVT,2025-05-14 09:00:00,1686,1,15.39,15.43,15.18,15.25,1752600,26836687.5,derived_ohlc4
HOSE_PVT,PVT,2025-05-15 09:00:00,1687,1,15.39,15.46,15.18,15.22,3565200,54592125.0,derived_ohlc4
HOSE_PVT,PVT,2025-05-16 09:00:00,1688,1,15.32,15.36,15.12,15.18,2010800,30654646.0,derived_ohlc4
HOSE_PVT,PVT,2025-05-19 09:00:00,1689,1,15.12,15.25,15.05,15.15,1829700,27706232.25,derived_ohlc4
HOSE_PVT,PVT,2025-05-20 09:00:00,1690,1,15.08,15.18,14.91,15.05,1511200,22751116.0,derived_ohlc4
HOSE_PVT,PVT,2025-05-21 09:00:00,1691,1,15.12,15.25,14.98,15.01,1309000,19752809.999999996,derived_ohlc4
HOSE_PVT,PVT,2025-05-22 09:00:00,1692,1,14.91,15.05,14.91,14.98,2725800,40784782.50000001,derived_ohlc4
HOSE_PVT,PVT,2025-05-23 09:00:00,1693,1,15.01,15.05,14.87,14.91,970700,14521672.0,derived_ohlc4
HOSE_PVT,PVT,2025-05-26 09:00:00,1694,1,14.94,15.25,14.63,15.22,2200100,33023501.0,derived_ohlc4
HOSE_PVT,PVT,2025-05-27 09:00:00,1695,1,15.25,15.63,15.18,15.5,4401900,67745241.0,derived_ohlc4
HOSE_PVT,PVT,2025-05-28 09:00:00,1696,1,15.63,15.98,15.53,15.53,3461700,54236184.75,derived_ohlc4
HOSE_PVT,PVT,2025-05-29 09:00:00,1697,1,15.7,15.74,15.32,15.46,1539000,23939145.0,derived_ohlc4
HOSE_PVT,PVT,2025-05-30 09:00:00,1698,1,15.39,15.43,15.12,15.15,2065100,31539239.749999996,derived_ohlc4
HOSE_PVT,PVT,2025-06-02 09:00:00,1699,1,15.12,15.53,15.05,15.46,2235800,34185382.0,derived_ohlc4
HOSE_PVT,PVT,2025-06-03 09:00:00,1700,1,15.74,16.19,15.74,15.88,5280500,83893943.75,derived_ohlc4
HOSE_PVT,PVT,2025-06-04 09:00:00,1701,1,15.94,16.19,15.84,15.94,3065100,48972635.25,derived_ohlc4
HOSE_PVT,PVT,2025-06-05 09:00:00,1702,1,15.94,16.05,15.88,16.01,1850200,29547694.000000004,derived_ohlc4
HOSE_PVT,PVT,2025-06-06 09:00:00,1703,1,16.01,16.32,15.81,15.81,4821200,77078935.0,derived_ohlc4
HOSE_PVT,PVT,2025-06-09 09:00:00,1704,1,15.88,15.88,15.46,15.53,1953100,30639256.25,derived_ohlc4
HOSE_PVT,PVT,2025-06-10 09:00:00,1705,1,15.6,15.74,15.56,15.56,1041200,16258338.0,derived_ohlc4
HOSE_PVT,PVT,2025-06-11 09:00:00,1706,1,15.91,16.15,15.81,15.98,2707900,43224853.75000001,derived_ohlc4
HOSE_PVT,PVT,2025-06-12 09:00:00,1707,1,16.19,16.26,16.01,16.08,2585300,41713815.50000001,derived_ohlc4
HOSE_PVT,PVT,2025-06-13 09:00:00,1708,1,16.29,16.74,16.29,16.43,7650200,125750162.5,derived_ohlc4
HOSE_PVT,PVT,2025-06-16 09:00:00,1709,1,16.74,17.36,16.74,17.22,5236900,89105853.49999999,derived_ohlc4
HOSE_PVT,PVT,2025-06-17 09:00:00,1710,1,17.08,17.08,16.57,16.64,4341900,73128450.75,derived_ohlc4
HOSE_PVT,PVT,2025-06-18 09:00:00,1711,1,16.91,16.91,16.43,16.43,6273900,104585913.00000001,derived_ohlc4
HOSE_PVT,PVT,2025-06-19 09:00:00,1712,1,16.84,16.88,16.43,16.61,3028200,50540657.99999999,derived_ohlc4
HOSE_PVT,PVT,2025-06-20 09:00:00,1713,1,16.84,17.11,16.66,16.84,3843300,64807646.25,derived_ohlc4
HOSE_PVT,PVT,2025-06-23 09:00:00,1714,1,17.75,17.75,17.25,17.38,5578500,97805051.25,derived_ohlc4
HOSE_PVT,PVT,2025-06-24 09:00:00,1715,1,16.79,17.07,16.56,16.56,4529700,75849826.5,derived_ohlc4
HOSE_PVT,PVT,2025-06-25 09:00:00,1716,1,16.56,16.61,16.24,16.24,3245800,53271692.49999999,derived_ohlc4
HOSE_PVT,PVT,2025-06-26 09:00:00,1717,1,16.34,16.52,16.15,16.47,1922000,31463139.999999996,derived_ohlc4
HOSE_PVT,PVT,2025-06-27 09:00:00,1718,1,16.52,16.52,16.24,16.24,1214500,19893510.0,derived_ohlc4
HOSE_PVT,PVT,2025-06-30 09:00:00,1719,1,16.24,16.43,16.24,16.29,1476200,24062059.999999996,derived_ohlc4
HOSE_PVT,PVT,2025-07-01 09:00:00,1720,1,16.29,16.34,16.06,16.11,2161100,35009820.0,derived_ohlc4
HOSE_PVT,PVT,2025-07-02 09:00:00,1721,1,16.15,16.24,16.11,16.15,961700,15543476.250000002,derived_ohlc4
HOSE_PVT,PVT,2025-07-03 09:00:00,1722,1,16.24,16.47,16.15,16.24,2476000,40296900.0,derived_ohlc4
HOSE_PVT,PVT,2025-07-04 09:00:00,1723,1,16.38,16.38,16.2,16.29,1271000,20733187.5,derived_ohlc4
HOSE_PVT,PVT,2025-07-07 09:00:00,1724,1,16.43,16.43,16.24,16.24,2032800,33205787.999999996,derived_ohlc4
HOSE_PVT,PVT,2025-07-08 09:00:00,1725,1,16.34,16.38,16.2,16.29,2520700,41093711.75000001,derived_ohlc4
HOSE_PVT,PVT,2025-07-09 09:00:00,1726,1,16.38,16.56,16.29,16.38,3035700,49793069.25,derived_ohlc4
HOSE_PVT,PVT,2025-07-10 09:00:00,1727,1,16.38,16.75,16.38,16.61,4123900,68168066.99999999,derived_ohlc4
HOSE_PVT,PVT,2025-07-11 09:00:00,1728,1,16.66,16.75,16.34,16.56,3502600,58064351.5,derived_ohlc4
HOSE_PVT,PVT,2025-07-14 09:00:00,1729,1,16.47,16.56,16.34,16.52,2611600,43019581.0,derived_ohlc4
HOSE_PVT,PVT,2025-07-15 09:00:00,1730,1,16.47,16.61,16.38,16.38,2695300,44364637.99999999,derived_ohlc4
HOSE_PVT,PVT,2025-07-16 09:00:00,1731,1,16.38,16.52,16.34,16.43,1716000,28172429.999999996,derived_ohlc4
HOSE_PVT,PVT,2025-07-17 09:00:00,1732,1,16.47,16.66,16.43,16.47,2823900,46615529.25,derived_ohlc4
HOSE_PVT,PVT,2025-07-18 09:00:00,1733,1,16.52,16.79,16.43,16.66,4175000,69305000.0,derived_ohlc4
HOSE_PVT,PVT,2025-07-21 09:00:00,1734,1,16.75,16.88,16.43,16.43,3158800,52507152.99999999,derived_ohlc4
HOSE_PVT,PVT,2025-07-22 09:00:00,1735,1,16.43,16.47,16.24,16.38,3843600,62958167.99999999,derived_ohlc4
HOSE_PVT,PVT,2025-07-23 09:00:00,1736,1,16.47,16.66,16.43,16.61,3425900,56672950.74999999,derived_ohlc4
HOSE_PVT,PVT,2025-07-24 09:00:00,1737,1,16.66,16.88,16.61,16.7,4244700,70939548.75,derived_ohlc4
HOSE_PVT,PVT,2025-07-25 09:00:00,1738,1,16.75,17.16,16.75,17.02,5255500,88923059.99999999,derived_ohlc4
HOSE_PVT,PVT,2025-07-28 09:00:00,1739,1,17.07,17.2,16.88,16.97,4916000,83719479.99999999,derived_ohlc4
HOSE_PVT,PVT,2025-07-29 09:00:00,1740,1,17.07,17.43,16.47,16.47,7596300,128073618.0,derived_ohlc4
HOSE_PVT,PVT,2025-07-30 09:00:00,1741,1,16.7,16.79,16.29,16.43,3599400,59579068.49999999,derived_ohlc4
HOSE_PVT,PVT,2025-07-31 09:00:00,1742,1,16.56,16.7,16.34,16.43,2906000,47970795.0,derived_ohlc4
HOSE_PVT,PVT,2025-08-01 09:00:00,1743,1,16.38,16.97,16.29,16.66,7579200,125625240.0,derived_ohlc4
HOSE_PVT,PVT,2025-08-04 09:00:00,1744,1,16.43,16.66,16.43,16.47,4774800,78772263.00000001,derived_ohlc4
HOSE_PVT,PVT,2025-08-05 09:00:00,1745,1,16.61,16.7,16.2,16.38,8051300,132625039.25,derived_ohlc4
HOSE_PVT,PVT,2025-08-06 09:00:00,1746,1,16.47,16.79,16.38,16.7,5711800,94730203.0,derived_ohlc4
HOSE_PVT,PVT,2025-08-07 09:00:00,1747,1,16.84,16.88,16.52,16.56,5472600,91392420.0,derived_ohlc4
HOSE_PVT,PVT,2025-08-08 09:00:00,1748,1,16.66,17.43,16.66,17.25,14913800,253534600.0,derived_ohlc4
HOSE_PVT,PVT,2025-08-11 09:00:00,1749,1,17.52,17.52,17.07,17.11,6564400,113596942.0,derived_ohlc4
HOSE_PVT,PVT,2025-08-12 09:00:00,1750,1,17.25,17.7,17.07,17.25,11039900,191183468.25000003,derived_ohlc4
HOSE_PVT,PVT,2025-08-13 09:00:00,1751,1,17.47,17.47,16.88,17.02,6502500,111908024.99999999,derived_ohlc4
HOSE_PVT,PVT,2025-08-14 09:00:00,1752,1,17.2,17.25,16.93,17.02,5537500,94691250.00000001,derived_ohlc4
HOSE_PVT,PVT,2025-08-15 09:00:00,1753,1,17.2,17.57,16.93,17.02,7151000,122854180.0,derived_ohlc4
HOSE_PVT,PVT,2025-08-18 09:00:00,1754,1,17.2,17.43,17.02,17.43,5189500,89622664.99999999,derived_ohlc4
HOSE_PVT,PVT,2025-08-19 09:00:00,1755,1,17.66,17.84,17.29,17.29,5730900,100405368.0,derived_ohlc4
HOSE_PVT,PVT,2025-08-20 09:00:00,1756,1,17.29,17.34,16.56,16.7,8056700,136742340.75,derived_ohlc4
HOSE_PVT,PVT,2025-08-21 09:00:00,1757,1,16.84,16.84,16.47,16.47,3763100,62674430.50000001,derived_ohlc4
HOSE_PVT,PVT,2025-08-22 09:00:00,1758,1,16.47,16.84,16.2,16.29,4785300,78718185.00000001,derived_ohlc4
HOSE_PVT,PVT,2025-08-25 09:00:00,1759,1,16.38,16.47,16.11,16.11,3611200,58745195.99999999,derived_ohlc4
HOSE_PVT,PVT,2025-08-26 09:00:00,1760,1,16.11,16.38,16.06,16.24,2777600,44990175.99999999,derived_ohlc4
HOSE_PVT,PVT,2025-08-27 09:00:00,1761,1,16.38,16.61,16.29,16.29,2902600,47580870.49999999,derived_ohlc4
HOSE_PVT,PVT,2025-08-28 09:00:00,1762,1,16.47,16.47,16.29,16.34,1929000,31621132.499999996,derived_ohlc4
HOSE_PVT,PVT,2025-08-29 09:00:00,1763,1,16.38,16.47,16.29,16.34,2872400,47021187.99999999,derived_ohlc4
HOSE_PVT,PVT,2025-09-03 09:00:00,1764,1,16.47,16.75,16.38,16.52,2768400,45761651.99999999,derived_ohlc4
HOSE_PVT,PVT,2025-09-04 09:00:00,1765,1,16.66,16.93,16.56,16.7,3864800,64590470.00000001,derived_ohlc4
HOSE_PVT,PVT,2025-09-05 09:00:00,1766,1,16.88,17.2,16.7,16.7,5005100,84436037.0,derived_ohlc4
HOSE_PVT,PVT,2025-09-08 09:00:00,1767,1,16.66,16.79,16.29,16.29,4086900,67464501.75,derived_ohlc4
HOSE_PVT,PVT,2025-09-09 09:00:00,1768,1,16.29,16.38,16.06,16.2,3994400,64839098.00000001,derived_ohlc4
HOSE_PVT,PVT,2025-09-10 09:00:00,1769,1,16.29,16.38,16.2,16.34,1178600,19214126.500000004,derived_ohlc4
HOSE_PVT,PVT,2025-09-11 09:00:00,1770,1,16.38,16.47,16.11,16.24,1904500,31043349.999999996,derived_ohlc4
HOSE_PVT,PVT,2025-09-12 09:00:00,1771,1,16.34,16.66,16.29,16.47,2901000,47692439.99999999,derived_ohlc4
HOSE_PVT,PVT,2025-09-15 09:00:00,1772,1,16.56,16.7,16.47,16.66,2782000,46174245.0,derived_ohlc4
HOSE_PVT,PVT,2025-09-16 09:00:00,1773,1,16.75,16.79,16.47,16.52,3702600,61583494.5,derived_ohlc4
HOSE_PVT,PVT,2025-09-17 09:00:00,1774,1,16.61,17.07,16.61,16.66,5403900,90447776.25,derived_ohlc4
HOSE_PVT,PVT,2025-09-18 09:00:00,1775,1,16.75,16.75,16.47,16.56,2111100,35112870.75,derived_ohlc4
HOSE_PVT,PVT,2025-09-19 09:00:00,1776,1,16.61,16.75,16.56,16.56,1609500,26749890.0,derived_ohlc4
HOSE_PVT,PVT,2025-09-22 09:00:00,1777,1,16.66,16.93,16.43,16.52,3395600,56485806.00000001,derived_ohlc4
HOSE_PVT,PVT,2025-09-23 09:00:00,1778,1,16.47,17.07,16.47,16.93,4357600,72924436.0,derived_ohlc4
HOSE_PVT,PVT,2025-09-24 09:00:00,1779,1,17.07,17.07,16.7,16.93,2647400,44853574.50000001,derived_ohlc4
HOSE_PVT,PVT,2025-09-25 09:00:00,1780,1,17.02,17.75,17.02,17.47,11004200,190537722.99999997,derived_ohlc4
HOSE_PVT,PVT,2025-09-26 09:00:00,1781,1,17.57,17.57,16.84,16.84,4101500,70566307.50000001,derived_ohlc4
HOSE_PVT,PVT,2025-09-29 09:00:00,1782,1,16.97,16.97,16.75,16.84,2635900,44500581.75,derived_ohlc4
HOSE_PVT,PVT,2025-09-30 09:00:00,1783,1,16.84,16.88,16.29,16.52,5218900,86803354.25,derived_ohlc4
HOSE_PVT,PVT,2025-10-01 09:00:00,1784,1,16.52,16.52,16.34,16.38,2961700,48690347.99999999,derived_ohlc4
HOSE_PVT,PVT,2025-10-02 09:00:00,1785,1,16.43,16.56,16.29,16.38,2174400,35692776.0,derived_ohlc4
HOSE_PVT,PVT,2025-10-03 09:00:00,1786,1,16.38,16.38,16.15,16.15,2889900,47004223.5,derived_ohlc4
HOSE_PVT,PVT,2025-10-06 09:00:00,1787,1,16.2,16.56,16.2,16.56,2687800,44026164.0,derived_ohlc4
HOSE_PVT,PVT,2025-10-07 09:00:00,1788,1,16.61,16.66,16.29,16.29,2213400,36438097.5,derived_ohlc4
HOSE_PVT,PVT,2025-10-08 09:00:00,1789,1,16.52,16.61,16.34,16.43,2227000,36689825.0,derived_ohlc4
HOSE_PVT,PVT,2025-10-09 09:00:00,1790,1,16.56,16.56,16.29,16.43,2248500,37010310.0,derived_ohlc4
HOSE_PVT,PVT,2025-10-10 09:00:00,1791,1,16.52,16.56,16.34,16.34,1783900,29327316.000000004,derived_ohlc4
HOSE_PVT,PVT,2025-10-13 09:00:00,1792,1,16.24,16.29,16.15,16.29,2824000,45868820.0,derived_ohlc4
HOSE_PVT,PVT,2025-10-14 09:00:00,1793,1,16.34,16.38,15.93,15.93,5023100,81097949.5,derived_ohlc4
HOSE_PVT,PVT,2025-10-15 09:00:00,1794,1,16.02,16.15,15.79,15.97,2207900,35287761.75,derived_ohlc4
HOSE_PVT,PVT,2025-10-16 09:00:00,1795,1,16.02,16.11,15.88,15.93,1335200,21343172.0,derived_ohlc4
HOSE_PVT,PVT,2025-10-17 09:00:00,1796,1,15.93,16.02,15.79,15.79,1748000,27762609.999999996,derived_ohlc4
HOSE_PVT,PVT,2025-10-20 09:00:00,1797,1,15.79,15.93,14.97,15.11,2769200,42784140.0,derived_ohlc4
HOSE_PVT,PVT,2025-10-21 09:00:00,1798,1,15.15,15.52,14.97,15.47,4124700,63015104.25,derived_ohlc4
HOSE_PVT,PVT,2025-10-22 09:00:00,1799,1,15.47,15.7,15.38,15.7,1463600,22777275.0,derived_ohlc4
HOSE_PVT,PVT,2025-10-23 09:00:00,1800,1,15.88,16.11,15.79,15.84,1301400,20698767.0,derived_ohlc4
HOSE_PVT,PVT,2025-10-24 09:00:00,1801,1,16.06,16.06,15.52,15.65,1221600,19328766.0,derived_ohlc4
HOSE_PVT,PVT,2025-10-27 09:00:00,1802,1,15.84,15.88,15.56,15.56,1130100,17753871.0,derived_ohlc4
HOSE_PVT,PVT,2025-10-28 09:00:00,1803,1,15.65,15.79,15.43,15.74,1500800,23491272.0,derived_ohlc4
HOSE_PVT,PVT,2025-10-29 09:00:00,1804,1,15.74,16.15,15.74,16.06,2699000,42974827.5,derived_ohlc4
HOSE_PVT,PVT,2025-10-30 09:00:00,1805,1,16.15,16.15,15.84,15.88,1120300,17930401.5,derived_ohlc4
HOSE_PVT,PVT,2025-10-31 09:00:00,1806,1,15.97,16.43,15.97,16.02,3386000,54506135.0,derived_ohlc4
HOSE_PVT,PVT,2025-11-03 09:00:00,1807,1,16.24,16.29,15.84,15.84,1556600,24987321.500000004,derived_ohlc4
HOSE_PVT,PVT,2025-11-04 09:00:00,1808,1,15.88,15.93,15.34,15.74,2576400,40507449.00000001,derived_ohlc4
HOSE_PVT,PVT,2025-11-05 09:00:00,1809,1,15.7,16.52,15.61,16.38,6399000,102719947.49999999,derived_ohlc4
HOSE_PVT,PVT,2025-11-06 09:00:00,1810,1,16.47,16.47,16.02,16.29,1583200,25825950.0,derived_ohlc4
HOSE_PVT,PVT,2025-11-07 09:00:00,1811,1,16.29,16.56,16.02,16.02,4162800,67531022.99999999,derived_ohlc4
HOSE_PVT,PVT,2025-11-10 09:00:00,1812,1,16.11,16.11,15.74,15.84,1496000,23861200.0,derived_ohlc4
HOSE_PVT,PVT,2025-11-11 09:00:00,1813,1,15.84,15.93,15.65,15.7,1747900,27581862.000000004,derived_ohlc4
HOSE_PVT,PVT,2025-11-12 09:00:00,1814,1,15.79,16.2,15.79,16.02,1741200,27772140.0,derived_ohlc4
HOSE_PVT,PVT,2025-11-13 09:00:00,1815,1,16.02,16.84,15.97,16.84,8369300,137402982.75,derived_ohlc4
HOSE_PVT,PVT,2025-11-14 09:00:00,1816,1,16.84,17.02,16.7,16.84,2954500,49783325.00000001,derived_ohlc4
HOSE_PVT,PVT,2025-11-17 09:00:00,1817,1,17.02,17.02,16.66,17.02,3730600,63159058.0,derived_ohlc4
HOSE_PVT,PVT,2025-11-18 09:00:00,1818,1,17.07,17.11,16.75,16.88,3284600,55682181.5,derived_ohlc4
HOSE_PVT,PVT,2025-11-19 09:00:00,1819,1,16.88,16.97,16.66,16.7,3812400,64057850.99999999,derived_ohlc4
HOSE_PVT,PVT,2025-11-20 09:00:00,1820,1,16.84,16.93,16.47,16.66,2862900,47882002.49999999,derived_ohlc4
HOSE_PVT,PVT,2025-11-21 09:00:00,1821,1,16.61,16.66,16.29,16.38,2679900,44178151.5,derived_ohlc4
HOSE_PVT,PVT,2025-11-24 09:00:00,1822,1,16.47,16.56,16.24,16.24,1546800,25332716.999999996,derived_ohlc4
HOSE_PVT,PVT,2025-11-25 09:00:00,1823,1,16.52,17.16,16.47,16.84,8695600,145629561.0,derived_ohlc4
HOSE_PVT,PVT,2025-11-26 09:00:00,1824,1,17.02,17.43,16.97,17.34,5238500,90049815.0,derived_ohlc4
HOSE_PVT,PVT,2025-11-27 09:00:00,1825,1,17.38,17.43,16.93,16.93,3277500,56266481.25,derived_ohlc4
HOSE_PVT,PVT,2025-11-28 09:00:00,1826,1,17.07,17.66,17.07,17.16,8734000,150574160.00000003,derived_ohlc4
HOSE_PVT,PVT,2025-12-01 09:00:00,1827,1,17.38,17.52,17.07,17.07,2412900,41646653.99999999,derived_ohlc4
HOSE_PVT,PVT,2025-12-02 09:00:00,1828,1,17.16,17.66,17.11,17.47,5564800,96549280.00000001,derived_ohlc4
HOSE_PVT,PVT,2025-12-03 09:00:00,1829,1,17.52,17.52,17.07,17.07,4252400,73545258.0,derived_ohlc4
HOSE_PVT,PVT,2025-12-04 09:00:00,1830,1,17.25,17.57,17.11,17.29,6575600,113790758.0,derived_ohlc4
HOSE_PVT,PVT,2025-12-05 09:00:00,1831,1,17.29,17.61,17.2,17.2,3925200,68004090.0,derived_ohlc4
HOSE_PVT,PVT,2025-12-08 09:00:00,1832,1,17.25,17.29,16.7,16.75,4693900,79784565.25,derived_ohlc4
HOSE_PVT,PVT,2025-12-09 09:00:00,1833,1,16.75,16.84,16.34,16.47,4302900,71428140.0,derived_ohlc4
HOSE_PVT,PVT,2025-12-10 09:00:00,1834,1,16.52,16.66,16.43,16.43,1701800,28096717.999999996,derived_ohlc4
HOSE_PVT,PVT,2025-12-11 09:00:00,1835,1,16.56,16.66,16.34,16.38,1469900,24231301.5,derived_ohlc4
HOSE_PVT,PVT,2025-12-12 09:00:00,1836,1,16.38,16.47,15.84,15.84,3843700,62008490.25,derived_ohlc4
HOSE_PVT,PVT,2025-12-15 09:00:00,1837,1,15.84,16.34,15.74,16.24,3439400,55167976.0,derived_ohlc4
HOSE_PVT,PVT,2025-12-16 09:00:00,1838,1,16.2,16.7,16.02,16.7,2304900,37811884.5,derived_ohlc4
HOSE_PVT,PVT,2025-12-17 09:00:00,1839,1,16.61,16.93,16.47,16.7,2134500,35598123.75,derived_ohlc4
HOSE_PVT,PVT,2025-12-18 09:00:00,1840,1,16.7,16.84,16.61,16.66,1271600,21238899.0,derived_ohlc4
HOSE_PVT,PVT,2025-12-19 09:00:00,1841,1,16.66,16.88,16.61,16.61,1560700,26048082.999999996,derived_ohlc4
HOSE_PVT,PVT,2025-12-22 09:00:00,1842,1,16.61,16.84,16.61,16.84,1352700,22623907.500000004,derived_ohlc4
HOSE_PVT,PVT,2025-12-23 09:00:00,1843,1,16.93,17.16,16.79,16.79,3524200,59620653.5,derived_ohlc4
HOSE_PVT,PVT,2025-12-24 09:00:00,1844,1,16.84,17.2,16.84,17.2,4089100,69596482.0,derived_ohlc4
HOSE_PVT,PVT,2025-12-25 09:00:00,1845,1,17.2,17.25,16.75,16.75,1783000,30288712.5,derived_ohlc4
HOSE_PVT,PVT,2025-12-26 09:00:00,1846,1,16.7,17.02,16.56,16.84,2005600,33653968.0,derived_ohlc4
HOSE_PVT,PVT,2025-12-29 09:00:00,1847,1,16.93,17.47,16.93,17.25,3911600,67064382.0,derived_ohlc4
HOSE_PVT,PVT,2025-12-30 09:00:00,1848,1,17.38,17.38,16.97,17.11,1876300,32291123.0,derived_ohlc4
HOSE_PVT,PVT,2025-12-31 09:00:00,1849,1,17.16,17.16,16.75,16.75,1956100,33165675.499999996,derived_ohlc4
HOSE_PVT,PVT,2026-01-05 09:00:00,1850,1,16.93,17.38,16.75,17.11,3823400,65160294.5,derived_ohlc4
HOSE_PVT,PVT,2026-01-06 09:00:00,1851,1,17.16,17.66,17.11,17.47,7416900,128683215.00000001,derived_ohlc4
HOSE_PVT,PVT,2026-01-07 09:00:00,1852,1,17.57,18.66,17.52,18.66,12372000,223964130.0,derived_ohlc4
HOSE_PVT,PVT,2026-01-08 09:00:00,1853,1,19.11,19.57,18.66,18.89,13036900,248450721.75,derived_ohlc4
HOSE_PVT,PVT,2026-01-09 09:00:00,1854,1,18.79,19.43,18.38,18.48,6804500,127720465.0,derived_ohlc4
HOSE_PVT,PVT,2026-01-12 09:00:00,1855,1,18.89,18.89,17.75,17.93,8863000,162768995.00000003,derived_ohlc4
HOSE_PVT,PVT,2026-01-13 09:00:00,1856,1,18.07,19.16,17.93,19.16,6912700,128437966.00000001,derived_ohlc4
HOSE_PVT,PVT,2026-01-14 09:00:00,1857,1,19.61,20.11,18.84,19.02,12244100,237474319.5,derived_ohlc4
HOSE_PVT,PVT,2026-01-15 09:00:00,1858,1,19.02,19.2,18.48,18.66,5422200,102154248.0,derived_ohlc4
HOSE_PVT,PVT,2026-01-16 09:00:00,1859,1,18.79,19.39,18.61,18.75,5430000,102545549.99999999,derived_ohlc4
HOSE_PVT,PVT,2026-01-19 09:00:00,1860,1,19.02,19.16,18.57,18.75,3024600,57089325.0,derived_ohlc4
HOSE_PVT,PVT,2026-01-20 09:00:00,1861,1,18.75,18.98,18.48,18.48,4598700,85869225.75000001,derived_ohlc4
HOSE_PVT,PVT,2026-01-21 09:00:00,1862,1,18.29,18.66,17.61,18.66,7474700,136824383.5,derived_ohlc4
HOSE_PVT,PVT,2026-01-22 09:00:00,1863,1,18.98,19.25,18.66,18.98,7182700,136237862.25,derived_ohlc4
HOSE_PVT,PVT,2026-01-23 09:00:00,1864,1,19.11,19.11,17.88,18.07,4295900,79656725.74999999,derived_ohlc4
HOSE_PVT,PVT,2026-01-26 09:00:00,1865,1,18.11,18.98,18.07,18.57,6395900,117892426.75,derived_ohlc4
HOSE_PVT,PVT,2026-01-27 09:00:00,1866,1,18.57,19.11,18.11,18.7,3686100,68644397.25,derived_ohlc4
HOSE_PVT,PVT,2026-01-28 09:00:00,1867,1,18.98,19.52,18.66,19.11,8278300,157846485.25,derived_ohlc4
HOSE_PVT,PVT,2026-01-29 09:00:00,1868,1,19.2,19.2,18.66,18.66,2513200,47574876.0,derived_ohlc4
HOSE_PVT,PVT,2026-01-30 09:00:00,1869,1,18.93,19.48,18.84,18.89,4639700,88316689.5,derived_ohlc4
HOSE_PVT,PVT,2026-02-02 09:00:00,1870,1,18.75,19.75,18.48,19.75,6909000,132531892.5,derived_ohlc4
HOSE_PVT,PVT,2026-02-03 09:00:00,1871,1,20.25,20.84,19.93,19.93,11291800,228517802.5,derived_ohlc4
HOSE_PVT,PVT,2026-02-04 09:00:00,1872,1,19.93,20.93,19.75,20.52,10273300,208368207.25,derived_ohlc4
HOSE_PVT,PVT,2026-02-05 09:00:00,1873,1,20.66,20.7,19.8,19.8,4664400,94407456.0,derived_ohlc4
HOSE_PVT,PVT,2026-02-06 09:00:00,1874,1,19.39,19.7,18.84,19.02,5997400,115374982.5,derived_ohlc4
HOSE_PVT,PVT,2026-02-09 09:00:00,1875,1,19.39,19.39,18.84,19.02,2346900,44966604.0,derived_ohlc4
HOSE_PVT,PVT,2026-02-10 09:00:00,1876,1,19.11,19.29,17.84,18.11,5347800,99402232.49999999,derived_ohlc4
HOSE_PVT,PVT,2026-02-11 09:00:00,1877,1,18.11,18.38,17.98,18.34,2353300,42835943.25,derived_ohlc4
HOSE_PVT,PVT,2026-02-12 09:00:00,1878,1,18.66,18.75,18.29,18.34,1154300,21366092.999999996,derived_ohlc4
HOSE_PVT,PVT,2026-02-13 09:00:00,1879,1,18.29,18.38,18.11,18.25,1759500,32124071.25,derived_ohlc4
HOSE_PVT,PVT,2026-02-23 09:00:00,1880,1,18.75,19.2,18.7,19.16,3593700,68109599.25,derived_ohlc4
HOSE_PVT,PVT,2026-02-24 09:00:00,1881,1,19.25,20.02,19.02,20.02,6533700,127913511.74999999,derived_ohlc4
HOSE_PVT,PVT,2026-02-25 09:00:00,1882,1,20.2,20.25,19.75,19.75,5811900,116165351.25,derived_ohlc4
HOSE_PVT,PVT,2026-02-26 09:00:00,1883,1,19.7,20.57,19.7,20.48,7829600,157472830.0,derived_ohlc4
HOSE_PVT,PVT,2026-02-27 09:00:00,1884,1,20.93,21.89,20.89,21.89,21985800,470496119.99999994,derived_ohlc4
HOSE_PVT,PVT,2026-03-02 09:00:00,1885,1,23.39,23.39,23.39,23.39,2707900,63337781.0,derived_ohlc4
HOSE_PVT,PVT,2026-03-03 09:00:00,1886,1,24.98,24.98,23.66,24.98,22315900,550086935.0,derived_ohlc4
HOSE_PVT,PVT,2026-03-04 09:00:00,1887,1,25.66,26.71,24.85,26.71,29040300,754539594.75,derived_ohlc4
HOSE_PVT,PVT,2026-03-05 09:00:00,1888,1,27.08,28.58,25.35,26.12,25968800,695509386.0,derived_ohlc4
HOSE_PVT,PVT,2026-03-06 09:00:00,1889,1,27.03,27.94,26.12,27.94,24766900,675083776.75,derived_ohlc4
HOSE_PVT,PVT,2026-03-09 09:00:00,1890,1,29.76,29.76,26.03,26.03,23510800,655833766.0000001,derived_ohlc4
HOSE_PVT,PVT,2026-03-10 09:00:00,1891,1,24.57,26.39,24.21,24.21,14939700,371176846.5,derived_ohlc4
HOSE_PVT,PVT,2026-03-11 09:00:00,1892,1,23.21,25.26,22.84,25.26,22483900,542817555.75,derived_ohlc4
HOSE_PVT,PVT,2026-03-12 09:00:00,1893,1,25.57,25.62,24.03,24.12,11043400,274262839.0,derived_ohlc4
HOSE_PVT,PVT,2026-03-13 09:00:00,1894,1,24.39,25.35,22.43,22.43,24641800,582778570.0,derived_ohlc4
HOSE_PVT,PVT,2026-03-16 09:00:00,1895,1,22.71,22.84,20.89,21.93,23183100,512172636.75,derived_ohlc4
HOSE_PVT,PVT,2026-03-17 09:00:00,1896,1,22.48,22.52,20.93,21.12,8812700,191786383.75000003,derived_ohlc4
HOSE_PVT,PVT,2026-03-18 09:00:00,1897,1,21.21,22.57,20.93,22.57,13274800,289656136.0,derived_ohlc4
HOSE_PVT,PVT,2026-03-19 09:00:00,1898,1,22.34,22.48,21.07,21.21,11258200,245147304.99999997,derived_ohlc4
HOSE_PVT,PVT,2026-03-20 09:00:00,1899,1,21.48,21.52,19.75,19.8,16255600,335474945.0,derived_ohlc4
HOSE_PVT,PVT,2026-03-23 09:00:00,1900,1,19.8,20.2,18.89,19.34,11376100,222488075.75,derived_ohlc4
HOSE_PVT,PVT,2026-03-24 09:00:00,1901,1,19.7,19.84,18.43,19.29,12550700,242416770.49999997,derived_ohlc4
HOSE_PVT,PVT,2026-03-25 09:00:00,1902,1,19.61,20.25,19.39,19.75,8810800,174013300.0,derived_ohlc4
HOSE_PVT,PVT,2026-03-26 09:00:00,1903,1,19.89,20.66,19.25,20.39,13267800,265986220.5,derived_ohlc4
HOSE_PVT,PVT,2026-03-27 09:00:00,1904,1,20.48,20.61,20.07,20.3,9317400,189748851.00000003,derived_ohlc4
HOSE_PVT,PVT,2026-03-30 09:00:00,1905,1,20.43,21.12,19.8,19.89,12201400,247810433.99999997,derived_ohlc4
HOSE_PVT,PVT,2026-03-31 09:00:00,1906,1,20.11,20.34,19.8,19.84,7238400,144930864.0,derived_ohlc4
HOSE_PVT,PVT,2026-04-01 09:00:00,1907,1,20.07,20.52,19.8,19.8,8160200,163591609.5,derived_ohlc4
HOSE_PVT,PVT,2026-04-02 09:00:00,1908,1,19.93,20.16,19.25,19.61,5945200,117343385.0,derived_ohlc4
HOSE_PVT,PVT,2026-04-03 09:00:00,1909,1,19.93,20.11,19.25,19.25,6506000,127745309.99999999,derived_ohlc4
HOSE_PVT,PVT,2026-04-06 09:00:00,1910,1,19.29,19.39,18.57,18.89,5420700,103183024.5,derived_ohlc4
HOSE_PVT,PVT,2026-04-07 09:00:00,1911,1,18.84,19.25,18.66,19.02,3852400,72974087.0,derived_ohlc4
HOSE_PVT,PVT,2026-04-08 09:00:00,1912,1,19.52,20.07,19.16,20.02,8833700,173957637.25,derived_ohlc4
HOSE_PVT,PVT,2026-04-09 09:00:00,1913,1,19.84,19.98,19.52,19.75,3279900,64851822.75,derived_ohlc4
HOSE_PVT,PVT,2026-04-10 09:00:00,1914,1,19.89,20.93,19.61,20.48,9997400,202222408.5,derived_ohlc4
HOSE_PVT,PVT,2026-04-13 09:00:00,1915,1,20.48,20.75,20.16,20.43,5045600,103207747.99999999,derived_ohlc4
HOSE_PVT,PVT,2026-04-14 09:00:00,1916,1,20.66,20.7,19.84,19.89,5143700,104275658.25,derived_ohlc4
HOSE_PVT,PVT,2026-04-15 09:00:00,1917,1,19.89,20.07,19.43,19.43,7308400,144012022.0,derived_ohlc4
HOSE_PVT,PVT,2026-04-16 09:00:00,1918,1,19.52,19.66,19.16,19.34,3178000,61716760.00000001,derived_ohlc4
HOSE_PVT,PVT,2026-04-17 09:00:00,1919,1,19.43,20.02,19.34,19.8,4431400,87065931.5,derived_ohlc4
HOSE_PVT,PVT,2026-04-20 09:00:00,1920,1,19.84,20.02,19.61,19.61,2323300,45931641.0,derived_ohlc4
HOSE_PVT,PVT,2026-04-21 09:00:00,1921,1,19.61,20.57,19.48,20.11,9196900,183409178.25,derived_ohlc4
HOSE_PVT,PVT,2026-04-22 09:00:00,1922,1,20.39,20.66,20.25,20.25,6697300,136541203.75,derived_ohlc4
HOSE_PVT,PVT,2026-04-23 09:00:00,1923,1,20.3,21.66,20.25,21.66,18558600,389127445.5,derived_ohlc4
HOSE_PVT,PVT,2026-04-24 09:00:00,1924,1,22.16,22.16,21.07,21.07,6563800,141876537.0,derived_ohlc4
HOSE_PVT,PVT,2026-04-28 09:00:00,1925,1,21.07,21.25,19.61,19.61,14385000,293238225.0,derived_ohlc4
HOSE_PVT,PVT,2026-04-29 09:00:00,1926,1,19.57,20.07,19.02,20.02,5834800,114770515.99999999,derived_ohlc4
HOSE_PVT,PVT,2026-05-04 09:00:00,1927,1,20.39,20.98,20.25,20.25,3551800,72696466.5,derived_ohlc4
HOSE_PVT,PVT,2026-05-05 09:00:00,1928,1,20.43,21.66,20.16,21.62,12490000,261884075.0,derived_ohlc4
HOSE_PVT,PVT,2026-05-06 09:00:00,1929,1,21.34,21.75,21.16,21.39,5762600,123377266.0,derived_ohlc4
HOSE_PVT,PVT,2026-05-07 09:00:00,1930,1,21.21,21.21,20.34,20.34,8812200,183073455.00000003,derived_ohlc4
HOSE_PVT,PVT,2026-05-08 09:00:00,1931,1,20.57,20.66,19.89,20.11,3949600,80206502.0,derived_ohlc4
HOSE_PVT,PVT,2026-05-11 09:00:00,1932,1,20.34,20.75,20.11,20.66,4251900,87015133.5,derived_ohlc4
HOSE_PVT,PVT,2026-05-12 09:00:00,1933,1,20.66,20.93,20.39,20.57,4783200,98713290.00000001,derived_ohlc4
HOSE_PVT,PVT,2026-05-13 09:00:00,1934,1,20.75,21.98,20.66,21.48,15303200,324695646.0,derived_ohlc4
HOSE_PVT,PVT,2026-05-14 09:00:00,1935,1,21.52,21.8,21.07,21.34,5466100,117152188.25,derived_ohlc4
HOSE_PVT,PVT,2026-05-15 09:00:00,1936,1,21.34,22.39,21.16,21.89,9905000,214888975.0,derived_ohlc4
HOSE_PVT,PVT,2026-05-18 09:00:00,1937,1,22.21,23.3,21.93,23.03,11406700,257991037.25,derived_ohlc4
HOSE_PVT,PVT,2026-05-19 09:00:00,1938,1,22.98,22.98,21.43,21.43,14291100,317333875.5,derived_ohlc4
HOSE_PVT,PVT,2026-05-20 09:00:00,1939,1,21.02,21.8,20.16,21.62,7569600,160097040.00000003,derived_ohlc4
HOSE_PVT,PVT,2026-05-21 09:00:00,1940,1,21.57,21.57,20.93,21.02,2410400,51275233.99999999,derived_ohlc4
HOSE_PVT,PVT,2026-05-22 09:00:00,1941,1,21.25,21.39,20.93,21.07,2757100,58340236.0,derived_ohlc4
HOSE_PVT,PVT,2026-05-25 09:00:00,1942,1,20.61,20.75,19.98,20.02,8322600,169281684.0,derived_ohlc4
HOSE_PVT,PVT,2026-05-26 09:00:00,1943,1,20.3,20.43,20.16,20.3,1737700,35270965.75,derived_ohlc4
HOSE_PVT,PVT,2026-05-27 09:00:00,1944,1,20.48,20.57,20.11,20.11,3049100,61950089.25,derived_ohlc4
HOSE_PVT,PVT,2026-05-28 09:00:00,1945,1,20.11,20.39,19.8,19.93,3580700,71819890.24999999,derived_ohlc4
HOSE_PVT,PVT,2026-05-29 09:00:00,1946,1,19.93,20.43,19.8,20.2,3491800,70150262.0,derived_ohlc4
HOSE_PVT,PVT,2026-06-01 09:00:00,1947,1,20.43,20.43,20.02,20.11,2027200,41045732.0,derived_ohlc4
HOSE_PVT,PVT,2026-06-02 09:00:00,1948,1,20.25,20.3,19.57,19.61,2774000,55292754.99999999,derived_ohlc4
HOSE_PVT,PVT,2026-06-03 09:00:00,1949,1,19.84,20.02,19.57,19.84,2085600,41331378.0,derived_ohlc4
HOSE_PVT,PVT,2026-06-04 09:00:00,1950,1,19.93,20.52,19.93,20.25,3980400,80234913.0,derived_ohlc4
HOSE_PVT,PVT,2026-06-05 09:00:00,1951,1,20.45,20.45,20.0,20.0,1559400,31538865.000000004,derived_ohlc4
HOSE_PVT,PVT,2026-06-08 09:00:00,1952,1,19.85,20.35,19.8,20.0,2290700,45814000.0,derived_ohlc4
HOSE_PVT,PVT,2026-06-09 09:00:00,1953,1,19.9,20.4,19.9,20.0,2241100,44934054.99999999,derived_ohlc4
HOSE_PVT,PVT,2026-06-10 09:00:00,1954,1,20.0,20.2,19.9,19.9,1933500,38670000.0,derived_ohlc4
HOSE_PVT,PVT,2026-06-11 09:00:00,1955,1,20.35,20.35,19.75,19.85,2112300,42404422.50000001,derived_ohlc4
HOSE_PVT,PVT,2026-06-12 09:00:00,1956,1,19.95,20.05,19.6,19.65,2060800,40829600.0,derived_ohlc4
HOSE_PVT,PVT,2026-06-15 09:00:00,1957,1,19.9,19.9,19.35,19.4,2820600,55389532.5,derived_ohlc4
HOSE_PVT,PVT,2026-06-16 09:00:00,1958,1,19.55,19.65,19.05,19.3,3108800,60271860.0,derived_ohlc4
HOSE_PVT,PVT,2026-06-17 09:00:00,1959,1,19.2,19.75,19.2,19.75,2239100,43606472.5,derived_ohlc4
HOSE_PVT,PVT,2026-06-18 09:00:00,1960,1,19.75,20.0,19.5,19.95,1931700,38247660.0,derived_ohlc4
HOSE_PVT,PVT,2026-06-19 09:00:00,1961,1,19.95,20.4,19.5,20.3,4252900,85217483.74999999,derived_ohlc4
HOSE_PVT,PVT,2026-06-22 09:00:00,1962,1,20.3,20.8,20.15,20.5,3537700,72301743.75,derived_ohlc4
HOSE_PVT,PVT,2026-06-23 09:00:00,1963,1,20.15,20.6,19.75,19.95,4585400,92223857.5,derived_ohlc4
HOSE_PVT,PVT,2026-06-24 09:00:00,1964,1,20.15,20.25,19.65,20.05,1348400,27001709.999999996,derived_ohlc4
HOSE_PVT,PVT,2026-06-25 09:00:00,1965,1,20.2,20.25,19.75,19.8,1267700,25354000.0,derived_ohlc4
HOSE_PVT,PVT,2026-06-26 09:00:00,1966,1,19.9,20.1,19.5,19.55,1881800,37189072.5,derived_ohlc4
HOSE_PVT,PVT,2026-06-29 09:00:00,1967,1,19.55,20.05,19.55,19.95,1598600,31612315.000000004,derived_ohlc4
HOSE_PVT,PVT,2026-06-30 09:00:00,1968,1,20.0,20.25,19.75,19.85,2338900,46690291.25,derived_ohlc4
HOSE_PVT,PVT,2026-07-01 09:00:00,1969,1,19.95,20.5,19.95,20.2,2521200,50802180.00000001,derived_ohlc4
HOSE_PVT,PVT,2026-07-02 09:00:00,1970,1,20.2,20.65,20.15,20.25,3837800,77955312.5,derived_ohlc4
HOSE_PVT,PVT,2026-07-03 09:00:00,1971,1,20.3,20.4,19.8,19.8,2752500,55256437.5,derived_ohlc4
HOSE_PVT,PVT,2026-07-06 09:00:00,1972,1,19.8,19.95,18.7,19.05,4652500,90142187.5,derived_ohlc4
HOSE_PVT,PVT,2026-07-07 09:00:00,1973,1,19.2,19.2,18.5,19.0,3482100,66072847.50000001,derived_ohlc4
HOSE_PVT,PVT,2026-07-08 09:00:00,1974,1,19.4,19.5,19.05,19.45,2560200,49539870.0,derived_ohlc4
HOSE_PVT,PVT,2026-07-09 09:00:00,1975,1,19.4,20.0,19.4,19.45,3674500,71882406.25,derived_ohlc4
HOSE_PVT,PVT,2026-07-10 09:00:00,1976,1,19.45,19.55,18.9,18.9,1895700,36397440.0,derived_ohlc4
HOSE_PVT,PVT,2026-07-13 09:00:00,1977,1,19.1,19.15,18.4,18.95,2490900,47078010.0,derived_ohlc4
HOSE_PVT,PVT,2026-07-14 09:00:00,1978,1,19.2,19.55,18.95,19.2,3397600,65318860.00000001,derived_ohlc4
HOSE_PVT,PVT,2026-07-15 09:00:00,1979,1,19.25,19.3,18.55,18.7,2268100,42980495.0,derived_ohlc4
HOSE_PVT,PVT,2026-07-16 09:00:00,1980,1,18.55,18.8,17.8,18.55,2459800,45321815.0,derived_ohlc4
HOSE_PVT,PVT,2026-07-17 09:00:00,1981,1,18.7,18.7,18.1,18.1,1472700,27097679.999999996,derived_ohlc4
HOSE_PVT,PVT,2026-07-20 09:00:00,1982,1,18.2,18.3,17.0,17.0,4579100,80706637.5,derived_ohlc4
HOSE_PVT,PVT,2026-07-21 09:00:00,1983,1,16.65,17.6,16.3,16.3,7132500,119201906.24999999,derived_ohlc4
HOSE_PVT,PVT,2026-07-22 09:00:00,1984,1,16.55,17.1,16.5,16.8,5618800,94044665.0,derived_ohlc4
HOSE_PVT,PVT,2026-07-23 09:00:00,1985,1,17.3,17.3,16.5,16.95,2908600,49482557.5,derived_ohlc4
HOSE_PVT,PVT,2026-07-24 09:00:00,1986,1,16.95,17.3,16.85,16.85,2276300,38668646.25,derived_ohlc4
HOSE_PVT,PVT,2026-07-27 09:00:00,1987,1,16.75,16.8,16.3,16.3,2196800,36329579.99999999,derived_ohlc4
HOSE_PVT,PVT,2026-07-28 09:00:00,1988,1,16.2,16.7,16.05,16.65,1090700,17887480.0,derived_ohlc4
HOSE_PVT,PVT,2026-07-29 09:00:00,1989,1,16.75,17.0,16.65,17.0,1574500,26530325.000000004,derived_ohlc4
HOSE_PVT,PVT,2026-07-30 09:00:00,1990,1,17.55,18.15,17.55,18.15,3304900,58992465.00000001,derived_ohlc4
HOSE_PVT,PVT,2026-07-31 09:00:00,1991,1,18.7,18.9,18.15,18.3,5173200,95768865.0,derived_ohlc4
HOSE_PVT,PVT,2026-08-03 09:00:00,1992,1,18.35,18.75,18.3,18.6,1977600,36585600.0,derived_ohlc4
HOSE_PVT,PVT,2026-08-04 09:00:00,1993,1,18.6,18.8,18.25,18.7,2302300,42794001.25000001,derived_ohlc4
HOSE_PVT,PVT,2026-08-05 09:00:00,1994,1,18.45,18.65,18.1,18.3,4374200,80375925.0,derived_ohlc4
HOSE_PVT,PVT,2026-08-06 09:00:00,1995,1,18.4,18.4,17.8,17.85,2336100,42312611.24999999,derived_ohlc4
HOSE_PVT,PVT,2026-08-07 09:00:00,1996,1,18.0,18.45,17.95,18.35,3411100,62039381.25,derived_ohlc4
