security_id,symbol,timestamps,session_id,segment_id,open,high,low,close,volume,amount,amount_source
HOSE_SJS,SJS,2018-08-09 09:00:00,0,0,7.31,7.46,7.31,7.46,7630,56347.549999999996,derived_ohlc4
HOSE_SJS,SJS,2018-08-10 09:00:00,1,0,7.24,7.42,7.24,7.42,5420,39728.6,derived_ohlc4
HOSE_SJS,SJS,2018-08-13 09:00:00,2,0,7.42,7.49,7.31,7.49,6940,51546.85,derived_ohlc4
HOSE_SJS,SJS,2018-08-14 09:00:00,3,0,7.57,7.57,7.31,7.46,8000,59820.0,derived_ohlc4
HOSE_SJS,SJS,2018-08-15 09:00:00,4,0,7.42,7.46,7.31,7.42,20230,149752.575,derived_ohlc4
HOSE_SJS,SJS,2018-08-16 09:00:00,5,0,7.46,7.46,7.35,7.46,9460,70311.45,derived_ohlc4
HOSE_SJS,SJS,2018-08-17 09:00:00,6,0,7.38,7.6,7.31,7.53,206860,1542141.3,derived_ohlc4
HOSE_SJS,SJS,2018-08-20 09:00:00,7,0,7.42,7.46,7.31,7.42,40060,296544.15,derived_ohlc4
HOSE_SJS,SJS,2018-08-21 09:00:00,8,0,7.51,7.53,7.49,7.51,156730,1177042.3,derived_ohlc4
HOSE_SJS,SJS,2018-08-22 09:00:00,9,0,7.2,7.49,7.2,7.42,49580,363297.45,derived_ohlc4
HOSE_SJS,SJS,2018-08-23 09:00:00,10,0,7.49,7.49,7.31,7.46,29860,222083.75,derived_ohlc4
HOSE_SJS,SJS,2018-08-24 09:00:00,11,0,7.53,7.53,7.09,7.49,124300,921063.0,derived_ohlc4
HOSE_SJS,SJS,2018-08-27 09:00:00,12,0,7.46,7.46,7.24,7.24,33170,243799.5,derived_ohlc4
HOSE_SJS,SJS,2018-08-28 09:00:00,13,0,7.24,7.31,6.95,7.31,75480,543644.7,derived_ohlc4
HOSE_SJS,SJS,2018-08-29 09:00:00,14,0,7.2,7.2,6.95,6.96,87450,618927.375,derived_ohlc4
HOSE_SJS,SJS,2018-08-30 09:00:00,15,0,6.95,6.95,6.6,6.65,133070,903212.625,derived_ohlc4
HOSE_SJS,SJS,2018-08-31 09:00:00,16,0,6.8,6.98,6.8,6.95,45470,312947.275,derived_ohlc4
HOSE_SJS,SJS,2018-09-04 09:00:00,17,0,7.09,7.31,6.76,7.24,272130,1932123.0,derived_ohlc4
HOSE_SJS,SJS,2018-09-05 09:00:00,18,0,6.82,7.04,6.82,6.93,32760,226125.9,derived_ohlc4
HOSE_SJS,SJS,2018-09-06 09:00:00,19,0,6.93,6.93,6.76,6.91,66400,456997.99999999994,derived_ohlc4
HOSE_SJS,SJS,2018-09-07 09:00:00,20,0,6.8,6.89,6.65,6.69,508460,3435918.45,derived_ohlc4
HOSE_SJS,SJS,2018-09-10 09:00:00,21,0,6.93,6.93,6.65,6.76,61710,420707.92499999993,derived_ohlc4
HOSE_SJS,SJS,2018-09-11 09:00:00,22,0,6.76,6.93,6.69,6.93,29390,200660.22499999998,derived_ohlc4
HOSE_SJS,SJS,2018-09-12 09:00:00,23,0,6.95,7.0,6.84,6.95,14010,97159.34999999999,derived_ohlc4
HOSE_SJS,SJS,2018-09-13 09:00:00,24,0,6.95,6.95,6.69,6.89,57760,396811.2,derived_ohlc4
HOSE_SJS,SJS,2018-09-14 09:00:00,25,0,6.76,6.95,6.76,6.95,142780,978756.8999999999,derived_ohlc4
HOSE_SJS,SJS,2018-09-17 09:00:00,26,0,6.84,7.09,6.84,7.02,98440,683911.9,derived_ohlc4
HOSE_SJS,SJS,2018-09-18 09:00:00,27,0,6.98,7.06,6.76,7.02,37620,261647.09999999998,derived_ohlc4
HOSE_SJS,SJS,2018-09-19 09:00:00,28,0,6.95,7.06,6.95,7.06,35660,249798.3,derived_ohlc4
HOSE_SJS,SJS,2018-09-20 09:00:00,29,0,6.76,7.06,6.76,7.02,11780,81282.0,derived_ohlc4
HOSE_SJS,SJS,2018-09-21 09:00:00,30,0,7.02,7.06,6.87,6.91,22720,158244.8,derived_ohlc4
HOSE_SJS,SJS,2018-09-24 09:00:00,31,0,6.93,6.98,6.87,6.96,18160,125939.6,derived_ohlc4
HOSE_SJS,SJS,2018-09-25 09:00:00,32,0,6.98,6.98,6.87,6.87,42140,291819.50000000006,derived_ohlc4
HOSE_SJS,SJS,2018-09-26 09:00:00,33,0,6.91,7.09,6.91,7.06,38700,270609.75,derived_ohlc4
HOSE_SJS,SJS,2018-09-27 09:00:00,34,0,7.06,7.2,6.95,7.17,71570,507789.15,derived_ohlc4
HOSE_SJS,SJS,2018-09-28 09:00:00,35,0,7.13,7.24,6.98,7.15,38700,275737.5,derived_ohlc4
HOSE_SJS,SJS,2018-10-01 09:00:00,36,0,7.17,7.17,6.95,7.06,13350,94618.125,derived_ohlc4
HOSE_SJS,SJS,2018-10-02 09:00:00,37,0,7.06,7.06,6.91,6.91,8540,59651.9,derived_ohlc4
HOSE_SJS,SJS,2018-10-03 09:00:00,38,0,6.84,7.02,6.84,7.0,64380,445831.5,derived_ohlc4
HOSE_SJS,SJS,2018-10-04 09:00:00,39,0,6.87,6.93,6.84,6.93,53070,365784.975,derived_ohlc4
HOSE_SJS,SJS,2018-10-05 09:00:00,40,0,6.84,6.95,6.8,6.91,48270,331856.25,derived_ohlc4
HOSE_SJS,SJS,2018-10-08 09:00:00,41,0,6.76,6.95,6.65,6.95,26290,179494.975,derived_ohlc4
HOSE_SJS,SJS,2018-10-09 09:00:00,42,0,6.76,6.76,6.51,6.76,57040,382025.39999999997,derived_ohlc4
HOSE_SJS,SJS,2018-10-10 09:00:00,43,0,6.76,6.8,6.58,6.69,133810,897530.5750000001,derived_ohlc4
HOSE_SJS,SJS,2018-10-11 09:00:00,44,0,6.58,6.58,6.25,6.32,56790,365301.675,derived_ohlc4
HOSE_SJS,SJS,2018-10-12 09:00:00,45,0,6.47,6.47,6.27,6.32,33990,216941.17500000002,derived_ohlc4
HOSE_SJS,SJS,2018-10-15 09:00:00,46,0,6.29,6.4,6.21,6.4,68380,432503.50000000006,derived_ohlc4
HOSE_SJS,SJS,2018-10-16 09:00:00,47,0,6.4,6.54,6.21,6.21,270430,1714526.2000000002,derived_ohlc4
HOSE_SJS,SJS,2018-10-17 09:00:00,48,0,6.29,6.29,6.21,6.21,89840,561500.0,derived_ohlc4
HOSE_SJS,SJS,2018-10-18 09:00:00,49,0,6.1,6.21,5.96,6.21,45200,276624.0,derived_ohlc4
HOSE_SJS,SJS,2018-10-19 09:00:00,50,0,5.96,6.18,5.96,6.18,4420,26829.4,derived_ohlc4
HOSE_SJS,SJS,2018-10-22 09:00:00,51,0,6.05,6.21,6.03,6.03,32620,198329.6,derived_ohlc4
HOSE_SJS,SJS,2018-10-23 09:00:00,52,0,5.67,6.03,5.67,6.0,30760,179715.3,derived_ohlc4
HOSE_SJS,SJS,2018-10-24 09:00:00,53,0,6.1,6.1,5.78,5.96,22480,134542.80000000002,derived_ohlc4
HOSE_SJS,SJS,2018-10-25 09:00:00,54,0,5.78,5.78,5.59,5.78,54240,310930.8,derived_ohlc4
HOSE_SJS,SJS,2018-10-26 09:00:00,55,0,5.78,5.78,5.48,5.48,78870,444038.1,derived_ohlc4
HOSE_SJS,SJS,2018-10-29 09:00:00,56,0,5.56,5.67,5.41,5.47,41000,226627.5,derived_ohlc4
HOSE_SJS,SJS,2018-10-30 09:00:00,57,0,5.41,5.48,5.3,5.47,40760,220715.4,derived_ohlc4
HOSE_SJS,SJS,2018-10-31 09:00:00,58,0,5.21,5.65,5.21,5.65,95890,520682.69999999995,derived_ohlc4
HOSE_SJS,SJS,2018-11-01 09:00:00,59,0,5.74,5.74,5.3,5.45,49570,275485.275,derived_ohlc4
HOSE_SJS,SJS,2018-11-02 09:00:00,60,0,5.26,5.45,5.26,5.45,83220,445643.10000000003,derived_ohlc4
HOSE_SJS,SJS,2018-11-05 09:00:00,61,0,5.34,5.48,5.34,5.37,176420,949580.65,derived_ohlc4
HOSE_SJS,SJS,2018-11-06 09:00:00,62,0,5.63,5.63,5.37,5.43,24500,135117.5,derived_ohlc4
HOSE_SJS,SJS,2018-11-07 09:00:00,63,0,5.45,5.48,5.43,5.47,5840,31871.8,derived_ohlc4
HOSE_SJS,SJS,2018-11-08 09:00:00,64,0,5.48,5.52,5.47,5.47,8170,44812.45,derived_ohlc4
HOSE_SJS,SJS,2018-11-09 09:00:00,65,0,5.48,5.48,5.34,5.34,46440,251240.4,derived_ohlc4
HOSE_SJS,SJS,2018-11-12 09:00:00,66,0,5.65,5.65,5.23,5.45,7590,41707.05,derived_ohlc4
HOSE_SJS,SJS,2018-11-13 09:00:00,67,0,5.3,5.45,5.3,5.41,14260,76504.90000000001,derived_ohlc4
HOSE_SJS,SJS,2018-11-14 09:00:00,68,0,5.41,5.41,5.3,5.41,6030,32456.475000000002,derived_ohlc4
HOSE_SJS,SJS,2018-11-15 09:00:00,69,0,5.28,5.41,5.28,5.41,21620,115558.90000000001,derived_ohlc4
HOSE_SJS,SJS,2018-11-16 09:00:00,70,0,5.41,5.41,5.37,5.41,5910,31914.000000000004,derived_ohlc4
HOSE_SJS,SJS,2018-11-19 09:00:00,71,0,5.36,5.48,5.36,5.45,780,4221.75,derived_ohlc4
HOSE_SJS,SJS,2018-11-20 09:00:00,72,0,5.41,5.47,5.41,5.45,19720,107178.2,derived_ohlc4
HOSE_SJS,SJS,2018-11-21 09:00:00,73,0,5.41,5.7,5.39,5.7,25560,141858.0,derived_ohlc4
HOSE_SJS,SJS,2018-11-22 09:00:00,74,0,5.89,5.92,5.85,5.9,23820,140299.79999999996,derived_ohlc4
HOSE_SJS,SJS,2018-11-23 09:00:00,75,0,5.85,5.85,5.67,5.81,2960,17153.199999999997,derived_ohlc4
HOSE_SJS,SJS,2018-11-26 09:00:00,76,0,5.52,5.85,5.52,5.85,9350,53154.75000000001,derived_ohlc4
HOSE_SJS,SJS,2018-11-27 09:00:00,77,0,5.52,5.81,5.52,5.81,4730,26795.449999999997,derived_ohlc4
HOSE_SJS,SJS,2018-11-28 09:00:00,78,0,5.81,5.81,5.59,5.78,11300,64946.75000000001,derived_ohlc4
HOSE_SJS,SJS,2018-11-29 09:00:00,79,0,5.67,5.67,5.59,5.59,18110,101959.3,derived_ohlc4
HOSE_SJS,SJS,2018-11-30 09:00:00,80,0,5.59,5.78,5.59,5.78,110,625.35,derived_ohlc4
HOSE_SJS,SJS,2018-12-03 09:00:00,81,0,5.59,5.78,5.59,5.74,2490,14130.750000000002,derived_ohlc4
HOSE_SJS,SJS,2018-12-04 09:00:00,82,0,5.67,5.67,5.59,5.59,17530,98693.9,derived_ohlc4
HOSE_SJS,SJS,2018-12-05 09:00:00,83,0,5.59,5.7,5.41,5.65,2550,14248.125,derived_ohlc4
HOSE_SJS,SJS,2018-12-06 09:00:00,84,0,5.65,5.65,5.37,5.37,42510,234230.10000000003,derived_ohlc4
HOSE_SJS,SJS,2018-12-07 09:00:00,85,0,5.37,5.59,5.37,5.59,39600,217008.00000000003,derived_ohlc4
HOSE_SJS,SJS,2018-12-10 09:00:00,86,0,5.39,5.63,5.37,5.59,48230,265023.85,derived_ohlc4
HOSE_SJS,SJS,2018-12-11 09:00:00,87,0,5.41,5.43,5.37,5.37,82880,447137.60000000003,derived_ohlc4
HOSE_SJS,SJS,2018-12-12 09:00:00,88,0,5.39,5.41,5.36,5.36,68600,369068.0,derived_ohlc4
HOSE_SJS,SJS,2018-12-13 09:00:00,89,0,5.36,5.56,5.36,5.56,296520,1618999.2,derived_ohlc4
HOSE_SJS,SJS,2018-12-14 09:00:00,90,0,5.56,5.67,5.43,5.63,103030,574134.6749999999,derived_ohlc4
HOSE_SJS,SJS,2018-12-17 09:00:00,91,0,5.63,6.01,5.52,6.0,309350,1791136.5,derived_ohlc4
HOSE_SJS,SJS,2018-12-18 09:00:00,92,0,5.96,5.96,5.72,5.94,291700,1719571.5000000002,derived_ohlc4
HOSE_SJS,SJS,2018-12-19 09:00:00,93,0,5.96,6.34,5.92,6.34,947590,5818202.6,derived_ohlc4
HOSE_SJS,SJS,2018-12-20 09:00:00,94,0,6.54,6.69,6.43,6.54,354550,2322302.5,derived_ohlc4
HOSE_SJS,SJS,2018-12-21 09:00:00,95,0,6.51,6.8,6.43,6.62,336650,2218523.5,derived_ohlc4
HOSE_SJS,SJS,2018-12-24 09:00:00,96,0,6.62,6.91,6.62,6.76,504000,3390660.0000000005,derived_ohlc4
HOSE_SJS,SJS,2018-12-25 09:00:00,97,0,6.47,6.76,6.47,6.76,525670,3477307.0500000003,derived_ohlc4
HOSE_SJS,SJS,2018-12-26 09:00:00,98,0,6.76,6.91,6.73,6.8,283550,1928140.0,derived_ohlc4
HOSE_SJS,SJS,2018-12-27 09:00:00,99,0,6.8,6.95,6.76,6.91,306300,2099686.5,derived_ohlc4
HOSE_SJS,SJS,2018-12-28 09:00:00,100,0,6.91,6.93,6.8,6.91,328860,2265023.25,derived_ohlc4
HOSE_SJS,SJS,2019-01-02 09:00:00,101,0,6.91,6.91,6.51,6.51,446760,2997759.5999999996,derived_ohlc4
HOSE_SJS,SJS,2019-01-03 09:00:00,102,0,6.51,6.54,6.14,6.21,240220,1525397.0000000002,derived_ohlc4
HOSE_SJS,SJS,2019-01-04 09:00:00,103,0,6.12,6.43,6.07,6.36,97180,606889.1,derived_ohlc4
HOSE_SJS,SJS,2019-01-07 09:00:00,104,0,6.42,6.58,6.36,6.47,284100,1834575.7499999998,derived_ohlc4
HOSE_SJS,SJS,2019-01-08 09:00:00,105,0,6.53,6.53,6.31,6.45,81810,528083.55,derived_ohlc4
HOSE_SJS,SJS,2019-01-09 09:00:00,106,0,6.49,6.49,6.36,6.47,61830,398958.07499999995,derived_ohlc4
HOSE_SJS,SJS,2019-01-10 09:00:00,107,0,6.58,6.87,6.43,6.87,169810,1135604.375,derived_ohlc4
HOSE_SJS,SJS,2019-01-11 09:00:00,108,0,6.87,7.35,6.84,7.22,382470,2704062.9,derived_ohlc4
HOSE_SJS,SJS,2019-01-14 09:00:00,109,0,7.31,7.46,7.13,7.38,232590,1702558.7999999998,derived_ohlc4
HOSE_SJS,SJS,2019-01-15 09:00:00,110,0,7.2,7.55,7.2,7.42,513280,3768758.3999999994,derived_ohlc4
HOSE_SJS,SJS,2019-01-16 09:00:00,111,0,7.35,7.48,7.13,7.13,557290,4052891.525,derived_ohlc4
HOSE_SJS,SJS,2019-01-17 09:00:00,112,0,7.06,7.27,7.06,7.13,37970,270726.1,derived_ohlc4
HOSE_SJS,SJS,2019-01-18 09:00:00,113,0,7.24,7.62,7.09,7.57,390330,2880635.4,derived_ohlc4
HOSE_SJS,SJS,2019-01-21 09:00:00,114,0,7.84,7.84,7.53,7.68,622900,4810345.25,derived_ohlc4
HOSE_SJS,SJS,2019-01-22 09:00:00,115,0,7.57,7.79,7.38,7.71,311490,2371217.625,derived_ohlc4
HOSE_SJS,SJS,2019-01-23 09:00:00,116,0,7.49,7.71,7.49,7.68,716280,5438355.899999999,derived_ohlc4
HOSE_SJS,SJS,2019-01-24 09:00:00,117,0,7.68,7.86,7.57,7.86,686000,5311355.0,derived_ohlc4
HOSE_SJS,SJS,2019-01-25 09:00:00,118,0,7.86,8.12,7.86,8.12,439440,3511125.6,derived_ohlc4
HOSE_SJS,SJS,2019-01-28 09:00:00,119,0,8.12,8.3,8.04,8.21,383880,3135339.9000000004,derived_ohlc4
HOSE_SJS,SJS,2019-01-29 09:00:00,120,0,8.23,8.23,7.9,7.9,58820,474383.3,derived_ohlc4
HOSE_SJS,SJS,2019-01-30 09:00:00,121,0,7.93,8.19,7.93,8.12,365220,2937281.8499999996,derived_ohlc4
HOSE_SJS,SJS,2019-01-31 09:00:00,122,0,8.23,8.23,7.9,8.04,152870,1238247.0,derived_ohlc4
HOSE_SJS,SJS,2019-02-01 09:00:00,123,0,8.08,8.08,7.86,8.01,184640,1478504.8,derived_ohlc4
HOSE_SJS,SJS,2019-02-11 09:00:00,124,0,8.01,8.12,7.68,7.86,272840,2160210.6999999997,derived_ohlc4
HOSE_SJS,SJS,2019-02-12 09:00:00,125,0,7.82,7.97,7.75,7.93,302590,2380626.8249999997,derived_ohlc4
HOSE_SJS,SJS,2019-02-13 09:00:00,126,0,8.04,8.04,7.68,7.75,356810,2810770.775,derived_ohlc4
HOSE_SJS,SJS,2019-02-14 09:00:00,127,0,7.75,8.28,7.71,8.23,289190,2311351.075,derived_ohlc4
HOSE_SJS,SJS,2019-02-15 09:00:00,128,0,8.01,8.44,8.01,8.23,208630,1705028.6749999998,derived_ohlc4
HOSE_SJS,SJS,2019-02-18 09:00:00,129,0,8.12,8.23,7.99,8.04,205400,1662713.0000000002,derived_ohlc4
HOSE_SJS,SJS,2019-02-19 09:00:00,130,0,8.19,8.21,7.95,8.06,431630,3497282.0749999997,derived_ohlc4
HOSE_SJS,SJS,2019-02-20 09:00:00,131,0,8.04,8.19,7.91,7.91,126070,1010135.8749999999,derived_ohlc4
HOSE_SJS,SJS,2019-02-21 09:00:00,132,0,8.01,8.17,7.9,8.04,420200,3374205.9999999995,derived_ohlc4
HOSE_SJS,SJS,2019-02-22 09:00:00,133,0,7.93,8.15,7.93,8.04,161680,1295461.0,derived_ohlc4
HOSE_SJS,SJS,2019-02-25 09:00:00,134,0,8.37,8.37,7.86,7.88,183270,1488152.4,derived_ohlc4
HOSE_SJS,SJS,2019-02-26 09:00:00,135,0,7.79,7.9,7.71,7.73,267560,2082285.7000000002,derived_ohlc4
HOSE_SJS,SJS,2019-02-27 09:00:00,136,0,7.71,8.01,7.68,7.86,129630,1013058.45,derived_ohlc4
HOSE_SJS,SJS,2019-02-28 09:00:00,137,0,7.97,7.97,7.75,7.75,100400,789144.0,derived_ohlc4
HOSE_SJS,SJS,2019-03-01 09:00:00,138,0,7.86,7.93,7.75,7.93,84840,667478.7,derived_ohlc4
HOSE_SJS,SJS,2019-03-04 09:00:00,139,0,7.97,8.15,7.9,8.04,224640,1800489.6,derived_ohlc4
HOSE_SJS,SJS,2019-03-05 09:00:00,140,0,8.04,8.32,8.04,8.04,137010,1111151.0999999999,derived_ohlc4
HOSE_SJS,SJS,2019-03-06 09:00:00,141,0,8.12,8.12,7.86,8.02,125190,1005275.7,derived_ohlc4
HOSE_SJS,SJS,2019-03-07 09:00:00,142,0,8.01,8.04,7.68,7.68,116670,916151.1749999999,derived_ohlc4
HOSE_SJS,SJS,2019-03-08 09:00:00,143,0,7.68,7.99,7.68,7.82,245130,1910175.5250000001,derived_ohlc4
HOSE_SJS,SJS,2019-03-11 09:00:00,144,0,7.71,7.93,7.71,7.86,221580,1728877.95,derived_ohlc4
HOSE_SJS,SJS,2019-03-12 09:00:00,145,0,7.82,7.99,7.82,7.99,310690,2456004.45,derived_ohlc4
HOSE_SJS,SJS,2019-03-13 09:00:00,146,0,8.02,8.12,7.86,7.99,286780,2293523.0500000003,derived_ohlc4
HOSE_SJS,SJS,2019-03-14 09:00:00,147,0,7.99,8.54,7.97,8.54,637160,5262941.6,derived_ohlc4
HOSE_SJS,SJS,2019-03-15 09:00:00,148,0,8.74,8.96,8.66,8.74,372330,3267195.75,derived_ohlc4
HOSE_SJS,SJS,2019-03-18 09:00:00,149,0,8.77,8.77,8.63,8.72,288340,2515045.65,derived_ohlc4
HOSE_SJS,SJS,2019-03-19 09:00:00,150,0,8.7,8.92,8.59,8.72,412060,3598313.95,derived_ohlc4
HOSE_SJS,SJS,2019-03-20 09:00:00,151,0,8.63,8.72,8.41,8.54,139140,1193125.5,derived_ohlc4
HOSE_SJS,SJS,2019-03-21 09:00:00,152,0,8.61,8.96,8.48,8.52,653580,5648565.15,derived_ohlc4
HOSE_SJS,SJS,2019-03-22 09:00:00,153,0,8.52,8.76,8.52,8.76,312170,2697148.8000000003,derived_ohlc4
HOSE_SJS,SJS,2019-03-25 09:00:00,154,0,8.57,8.63,8.48,8.57,181080,1550497.5,derived_ohlc4
HOSE_SJS,SJS,2019-03-26 09:00:00,155,0,8.55,8.55,8.21,8.39,180680,1522229.0000000002,derived_ohlc4
HOSE_SJS,SJS,2019-03-27 09:00:00,156,0,8.39,8.72,8.3,8.52,266900,2263979.25,derived_ohlc4
HOSE_SJS,SJS,2019-03-28 09:00:00,157,0,8.52,8.66,8.43,8.54,474600,4051897.5,derived_ohlc4
HOSE_SJS,SJS,2019-03-29 09:00:00,158,0,8.59,8.59,8.44,8.52,158250,1350663.75,derived_ohlc4
HOSE_SJS,SJS,2019-04-01 09:00:00,159,0,8.41,8.61,8.41,8.41,174080,1472716.8,derived_ohlc4
HOSE_SJS,SJS,2019-04-02 09:00:00,160,0,8.48,8.5,8.32,8.37,143320,1206396.1,derived_ohlc4
HOSE_SJS,SJS,2019-04-03 09:00:00,161,0,8.33,8.41,8.19,8.33,118950,989069.2499999999,derived_ohlc4
HOSE_SJS,SJS,2019-04-04 09:00:00,162,0,8.57,8.57,8.28,8.57,211640,1798410.9000000001,derived_ohlc4
HOSE_SJS,SJS,2019-04-05 09:00:00,163,0,8.57,8.76,8.57,8.66,291120,2515276.8000000003,derived_ohlc4
HOSE_SJS,SJS,2019-04-08 09:00:00,164,0,8.59,8.74,8.59,8.68,276950,2395617.4999999995,derived_ohlc4
HOSE_SJS,SJS,2019-04-09 09:00:00,165,0,8.68,8.74,8.59,8.66,183010,1586239.175,derived_ohlc4
HOSE_SJS,SJS,2019-04-10 09:00:00,166,0,8.48,8.59,8.41,8.41,119370,1011362.3250000001,derived_ohlc4
HOSE_SJS,SJS,2019-04-11 09:00:00,167,0,8.41,8.44,8.26,8.33,71870,600833.2,derived_ohlc4
HOSE_SJS,SJS,2019-04-12 09:00:00,168,0,8.33,8.33,8.23,8.3,69040,572859.3999999999,derived_ohlc4
HOSE_SJS,SJS,2019-04-16 09:00:00,169,0,8.3,8.39,8.23,8.23,206210,1708965.3750000002,derived_ohlc4
HOSE_SJS,SJS,2019-04-17 09:00:00,170,0,8.3,8.35,7.66,7.66,414660,3314170.05,derived_ohlc4
HOSE_SJS,SJS,2019-04-18 09:00:00,171,0,7.49,7.6,7.13,7.13,345550,2535473.125,derived_ohlc4
HOSE_SJS,SJS,2019-04-19 09:00:00,172,0,7.06,7.2,6.69,7.09,241980,1696279.8,derived_ohlc4
HOSE_SJS,SJS,2019-04-22 09:00:00,173,0,6.91,7.04,6.76,6.87,223470,1540825.6500000001,derived_ohlc4
HOSE_SJS,SJS,2019-04-23 09:00:00,174,0,6.64,7.02,6.64,6.91,153410,1043571.525,derived_ohlc4
HOSE_SJS,SJS,2019-04-24 09:00:00,175,0,6.8,6.95,6.8,6.87,183360,1256932.8,derived_ohlc4
HOSE_SJS,SJS,2019-04-25 09:00:00,176,0,6.87,7.13,6.85,7.02,313140,2181802.95,derived_ohlc4
HOSE_SJS,SJS,2019-04-26 09:00:00,177,0,6.98,7.13,6.96,7.09,102650,722656.0,derived_ohlc4
HOSE_SJS,SJS,2019-05-02 09:00:00,178,0,6.87,7.13,6.87,7.07,172180,1202677.3,derived_ohlc4
HOSE_SJS,SJS,2019-05-03 09:00:00,179,0,7.04,7.04,6.58,6.58,248210,1690310.1,derived_ohlc4
HOSE_SJS,SJS,2019-05-06 09:00:00,180,0,6.47,6.47,6.14,6.29,398730,2528945.025,derived_ohlc4
HOSE_SJS,SJS,2019-05-07 09:00:00,181,0,6.25,6.58,6.25,6.4,60430,384939.1,derived_ohlc4
HOSE_SJS,SJS,2019-05-08 09:00:00,182,0,6.21,6.58,6.21,6.47,80630,513411.52499999997,derived_ohlc4
HOSE_SJS,SJS,2019-05-09 09:00:00,183,0,6.47,6.58,6.4,6.4,35770,231163.625,derived_ohlc4
HOSE_SJS,SJS,2019-05-10 09:00:00,184,0,6.54,6.54,6.45,6.47,34730,225745.0,derived_ohlc4
HOSE_SJS,SJS,2019-05-13 09:00:00,185,0,6.51,6.76,6.51,6.76,60360,400488.6,derived_ohlc4
HOSE_SJS,SJS,2019-05-14 09:00:00,186,0,6.65,6.91,6.65,6.91,77570,525924.6,derived_ohlc4
HOSE_SJS,SJS,2019-05-15 09:00:00,187,0,6.91,6.91,6.69,6.69,40010,272068.0,derived_ohlc4
HOSE_SJS,SJS,2019-05-16 09:00:00,188,0,6.76,6.76,6.58,6.62,62600,418168.00000000006,derived_ohlc4
HOSE_SJS,SJS,2019-05-17 09:00:00,189,0,6.58,6.65,6.47,6.47,78720,515025.6,derived_ohlc4
HOSE_SJS,SJS,2019-05-20 09:00:00,190,0,6.51,6.91,6.51,6.91,217050,1456405.5,derived_ohlc4
HOSE_SJS,SJS,2019-05-21 09:00:00,191,0,6.91,7.17,6.84,6.87,129000,896227.5000000001,derived_ohlc4
HOSE_SJS,SJS,2019-05-22 09:00:00,192,0,6.8,6.98,6.8,6.8,47110,322467.95,derived_ohlc4
HOSE_SJS,SJS,2019-05-23 09:00:00,193,0,7.03,7.03,6.84,6.88,45400,315303.0,derived_ohlc4
HOSE_SJS,SJS,2019-05-24 09:00:00,194,0,6.88,6.95,6.8,6.84,100730,691763.275,derived_ohlc4
HOSE_SJS,SJS,2019-05-27 09:00:00,195,0,6.84,7.15,6.84,7.07,90660,632353.5,derived_ohlc4
HOSE_SJS,SJS,2019-05-28 09:00:00,196,0,7.19,7.19,6.92,6.92,35190,248265.44999999998,derived_ohlc4
HOSE_SJS,SJS,2019-05-29 09:00:00,197,0,6.92,6.92,6.76,6.88,30530,209741.1,derived_ohlc4
HOSE_SJS,SJS,2019-05-30 09:00:00,198,0,6.88,6.88,6.74,6.8,15800,107835.0,derived_ohlc4
HOSE_SJS,SJS,2019-05-31 09:00:00,199,0,6.82,6.95,6.8,6.8,105060,718873.05,derived_ohlc4
HOSE_SJS,SJS,2019-06-03 09:00:00,200,0,6.92,6.92,6.72,6.76,54300,370869.0,derived_ohlc4
HOSE_SJS,SJS,2019-06-04 09:00:00,201,0,6.72,6.95,6.72,6.76,70870,481030.125,derived_ohlc4
HOSE_SJS,SJS,2019-06-05 09:00:00,202,0,6.64,6.92,6.64,6.8,27060,182655.0,derived_ohlc4
HOSE_SJS,SJS,2019-06-06 09:00:00,203,0,7.03,7.03,6.72,6.72,1190,8181.25,derived_ohlc4
HOSE_SJS,SJS,2019-06-07 09:00:00,204,0,6.61,6.92,6.61,6.8,21380,143994.30000000002,derived_ohlc4
HOSE_SJS,SJS,2019-06-10 09:00:00,205,0,6.84,7.03,6.84,6.92,335850,2319883.875,derived_ohlc4
HOSE_SJS,SJS,2019-06-11 09:00:00,206,0,6.92,7.03,6.92,6.95,46460,323129.3,derived_ohlc4
HOSE_SJS,SJS,2019-06-12 09:00:00,207,0,6.95,7.15,6.95,7.03,104730,735204.6000000001,derived_ohlc4
HOSE_SJS,SJS,2019-06-13 09:00:00,208,0,6.99,7.49,6.95,7.46,267110,1929201.975,derived_ohlc4
HOSE_SJS,SJS,2019-06-14 09:00:00,209,0,7.46,7.65,7.34,7.61,264320,1986364.7999999998,derived_ohlc4
HOSE_SJS,SJS,2019-06-17 09:00:00,210,0,7.61,7.8,7.57,7.57,151580,1157692.25,derived_ohlc4
HOSE_SJS,SJS,2019-06-18 09:00:00,211,0,7.53,8.04,7.53,7.92,186090,1443127.9500000002,derived_ohlc4
HOSE_SJS,SJS,2019-06-19 09:00:00,212,0,7.8,8.04,7.77,7.8,147070,1154867.175,derived_ohlc4
HOSE_SJS,SJS,2019-06-20 09:00:00,213,0,7.73,7.84,7.67,7.71,92940,719123.2500000001,derived_ohlc4
HOSE_SJS,SJS,2019-06-21 09:00:00,214,0,7.55,7.77,7.55,7.55,191760,1458334.8,derived_ohlc4
HOSE_SJS,SJS,2019-06-24 09:00:00,215,0,7.55,7.78,7.55,7.67,381590,2914393.6249999995,derived_ohlc4
HOSE_SJS,SJS,2019-06-25 09:00:00,216,0,7.71,8.04,7.67,7.84,347270,2713915.0500000003,derived_ohlc4
HOSE_SJS,SJS,2019-06-26 09:00:00,217,0,7.92,7.92,7.65,7.77,51990,406301.85000000003,derived_ohlc4
HOSE_SJS,SJS,2019-06-27 09:00:00,218,0,7.67,7.88,7.67,7.73,187940,1454185.75,derived_ohlc4
HOSE_SJS,SJS,2019-06-28 09:00:00,219,0,7.73,7.73,7.57,7.57,122430,936589.5,derived_ohlc4
HOSE_SJS,SJS,2019-07-01 09:00:00,220,0,7.57,7.8,7.49,7.73,388920,2974265.7,derived_ohlc4
HOSE_SJS,SJS,2019-07-02 09:00:00,221,0,7.73,7.73,7.55,7.55,84530,645809.2000000001,derived_ohlc4
HOSE_SJS,SJS,2019-07-03 09:00:00,222,0,7.57,7.65,7.34,7.34,116050,867473.7500000001,derived_ohlc4
HOSE_SJS,SJS,2019-07-04 09:00:00,223,0,7.34,7.53,7.34,7.49,82300,611077.5000000001,derived_ohlc4
HOSE_SJS,SJS,2019-07-05 09:00:00,224,0,7.49,7.71,7.46,7.67,246870,1871891.775,derived_ohlc4
HOSE_SJS,SJS,2019-07-08 09:00:00,225,0,7.67,7.67,7.34,7.57,350520,2650807.5,derived_ohlc4
HOSE_SJS,SJS,2019-07-09 09:00:00,226,0,7.65,7.65,7.48,7.59,312690,2374098.825,derived_ohlc4
HOSE_SJS,SJS,2019-07-10 09:00:00,227,0,7.55,7.55,7.26,7.49,393670,2937762.375,derived_ohlc4
HOSE_SJS,SJS,2019-07-11 09:00:00,228,0,7.49,7.49,7.26,7.26,209520,1545210.0,derived_ohlc4
HOSE_SJS,SJS,2019-07-12 09:00:00,229,0,7.26,7.4,7.19,7.34,192280,1403163.3,derived_ohlc4
HOSE_SJS,SJS,2019-07-15 09:00:00,230,0,7.26,7.34,7.19,7.22,41020,297497.55,derived_ohlc4
HOSE_SJS,SJS,2019-07-16 09:00:00,231,0,7.22,7.34,7.22,7.22,391060,2835184.9999999995,derived_ohlc4
HOSE_SJS,SJS,2019-07-17 09:00:00,232,0,7.3,7.49,7.22,7.46,481930,3550619.275,derived_ohlc4
HOSE_SJS,SJS,2019-07-18 09:00:00,233,0,7.42,7.46,7.22,7.34,151400,1114304.0,derived_ohlc4
HOSE_SJS,SJS,2019-07-19 09:00:00,234,0,7.3,7.42,7.26,7.26,136600,998545.9999999998,derived_ohlc4
HOSE_SJS,SJS,2019-07-22 09:00:00,235,0,7.19,7.22,6.76,6.8,509370,3561769.725,derived_ohlc4
HOSE_SJS,SJS,2019-07-23 09:00:00,236,0,6.92,6.92,6.66,6.66,211940,1439072.6,derived_ohlc4
HOSE_SJS,SJS,2019-07-24 09:00:00,237,0,6.7,6.78,6.59,6.76,180710,1212112.325,derived_ohlc4
HOSE_SJS,SJS,2019-07-25 09:00:00,238,0,6.76,6.76,6.61,6.66,49150,329182.125,derived_ohlc4
HOSE_SJS,SJS,2019-07-26 09:00:00,239,0,6.64,6.8,6.59,6.8,167210,1121561.0750000002,derived_ohlc4
HOSE_SJS,SJS,2019-07-29 09:00:00,240,0,6.64,6.78,6.57,6.61,102900,684285.0,derived_ohlc4
HOSE_SJS,SJS,2019-07-30 09:00:00,241,0,6.53,6.68,6.47,6.57,29670,194709.375,derived_ohlc4
HOSE_SJS,SJS,2019-07-31 09:00:00,242,0,6.37,6.53,6.34,6.53,40730,262403.025,derived_ohlc4
HOSE_SJS,SJS,2019-08-01 09:00:00,243,0,6.41,6.76,6.41,6.76,274170,1805409.4499999997,derived_ohlc4
HOSE_SJS,SJS,2019-08-02 09:00:00,244,0,6.53,6.68,6.53,6.68,11710,77344.55,derived_ohlc4
HOSE_SJS,SJS,2019-08-05 09:00:00,245,0,6.57,6.68,6.49,6.57,112750,741613.1250000001,derived_ohlc4
HOSE_SJS,SJS,2019-08-06 09:00:00,246,0,6.49,6.64,6.39,6.61,85190,556503.6749999999,derived_ohlc4
HOSE_SJS,SJS,2019-08-08 09:00:00,248,1,6.76,6.8,6.49,6.72,26200,175343.49999999997,derived_ohlc4
HOSE_SJS,SJS,2019-08-09 09:00:00,249,1,6.72,6.93,6.72,6.82,202940,1379484.65,derived_ohlc4
HOSE_SJS,SJS,2019-08-12 09:00:00,250,1,6.88,6.93,6.74,6.84,132680,908526.2999999999,derived_ohlc4
HOSE_SJS,SJS,2019-08-13 09:00:00,251,1,6.8,6.8,6.57,6.76,36470,245534.275,derived_ohlc4
HOSE_SJS,SJS,2019-08-14 09:00:00,252,1,6.61,6.7,6.49,6.64,46930,310207.3,derived_ohlc4
HOSE_SJS,SJS,2019-08-15 09:00:00,253,1,6.64,6.64,6.45,6.55,97560,640969.2000000001,derived_ohlc4
HOSE_SJS,SJS,2019-08-16 09:00:00,254,1,6.55,6.63,6.47,6.49,105190,687416.65,derived_ohlc4
HOSE_SJS,SJS,2019-08-19 09:00:00,255,1,6.49,6.72,6.45,6.57,50110,328596.325,derived_ohlc4
HOSE_SJS,SJS,2019-08-20 09:00:00,256,1,6.61,6.72,6.49,6.72,92630,614600.0499999999,derived_ohlc4
HOSE_SJS,SJS,2019-08-21 09:00:00,257,1,6.63,6.76,6.63,6.68,37340,249244.5,derived_ohlc4
HOSE_SJS,SJS,2019-08-22 09:00:00,258,1,6.72,6.76,6.68,6.68,40560,272157.6,derived_ohlc4
HOSE_SJS,SJS,2019-08-23 09:00:00,259,1,6.63,6.92,6.53,6.82,177360,1192746.0,derived_ohlc4
HOSE_SJS,SJS,2019-08-26 09:00:00,260,1,6.72,7.28,6.72,7.09,183740,1277452.3499999999,derived_ohlc4
HOSE_SJS,SJS,2019-08-27 09:00:00,261,1,7.09,7.26,7.07,7.07,114660,816665.8500000001,derived_ohlc4
HOSE_SJS,SJS,2019-08-28 09:00:00,262,1,6.92,7.07,6.92,6.95,104020,724499.2999999999,derived_ohlc4
HOSE_SJS,SJS,2019-08-29 09:00:00,263,1,6.88,6.95,6.86,6.86,131740,907359.25,derived_ohlc4
HOSE_SJS,SJS,2019-08-30 09:00:00,264,1,6.86,7.07,6.86,6.88,151340,1046894.45,derived_ohlc4
HOSE_SJS,SJS,2019-09-03 09:00:00,265,1,7.07,7.13,6.93,6.99,129090,907502.7,derived_ohlc4
HOSE_SJS,SJS,2019-09-04 09:00:00,266,1,6.99,6.99,6.66,6.68,413250,2822497.5,derived_ohlc4
HOSE_SJS,SJS,2019-09-05 09:00:00,267,1,6.66,6.84,6.66,6.76,200220,1347480.6,derived_ohlc4
HOSE_SJS,SJS,2019-09-06 09:00:00,268,1,6.88,6.88,6.66,6.66,60310,408298.7,derived_ohlc4
HOSE_SJS,SJS,2019-09-09 09:00:00,269,1,6.66,6.7,6.61,6.68,32320,215332.0,derived_ohlc4
HOSE_SJS,SJS,2019-09-10 09:00:00,270,1,6.61,6.64,6.49,6.53,93370,613207.4750000001,derived_ohlc4
HOSE_SJS,SJS,2019-09-11 09:00:00,271,1,6.64,6.64,6.49,6.59,12630,83231.7,derived_ohlc4
HOSE_SJS,SJS,2019-09-12 09:00:00,272,1,6.68,6.68,6.59,6.64,16330,108553.675,derived_ohlc4
HOSE_SJS,SJS,2019-09-13 09:00:00,273,1,6.61,6.64,6.53,6.63,33190,219136.975,derived_ohlc4
HOSE_SJS,SJS,2019-09-16 09:00:00,274,1,6.61,6.74,6.53,6.53,36970,244094.42500000005,derived_ohlc4
HOSE_SJS,SJS,2019-09-17 09:00:00,275,1,6.43,6.61,6.43,6.53,49770,323505.0,derived_ohlc4
HOSE_SJS,SJS,2019-09-18 09:00:00,276,1,6.51,6.55,6.45,6.45,21170,137393.3,derived_ohlc4
HOSE_SJS,SJS,2019-09-19 09:00:00,277,1,6.45,6.57,6.37,6.47,109880,710374.2,derived_ohlc4
HOSE_SJS,SJS,2019-09-20 09:00:00,278,1,6.57,6.57,6.34,6.37,72940,471374.75,derived_ohlc4
HOSE_SJS,SJS,2019-09-23 09:00:00,279,1,6.49,6.49,6.22,6.26,66760,424927.4,derived_ohlc4
HOSE_SJS,SJS,2019-09-24 09:00:00,280,1,6.26,6.41,6.24,6.26,88470,556697.4750000001,derived_ohlc4
HOSE_SJS,SJS,2019-09-25 09:00:00,281,1,6.22,6.37,6.22,6.37,77270,486414.65,derived_ohlc4
HOSE_SJS,SJS,2019-09-26 09:00:00,282,1,6.32,6.45,6.26,6.37,33180,210693.00000000003,derived_ohlc4
HOSE_SJS,SJS,2019-09-27 09:00:00,283,1,6.32,6.37,6.3,6.3,56550,357537.37500000006,derived_ohlc4
HOSE_SJS,SJS,2019-09-30 09:00:00,284,1,6.3,6.36,6.26,6.3,61260,386244.30000000005,derived_ohlc4
HOSE_SJS,SJS,2019-10-01 09:00:00,285,1,6.26,6.39,6.26,6.3,70760,445964.89999999997,derived_ohlc4
HOSE_SJS,SJS,2019-10-02 09:00:00,286,1,6.3,6.37,6.26,6.3,47350,298660.125,derived_ohlc4
HOSE_SJS,SJS,2019-10-03 09:00:00,287,1,6.26,6.34,6.18,6.3,133330,835979.1000000001,derived_ohlc4
HOSE_SJS,SJS,2019-10-04 09:00:00,288,1,6.3,6.36,6.2,6.22,148150,928900.4999999999,derived_ohlc4
HOSE_SJS,SJS,2019-10-07 09:00:00,289,1,6.2,6.26,6.08,6.08,59710,367515.05,derived_ohlc4
HOSE_SJS,SJS,2019-10-08 09:00:00,290,1,6.08,6.14,5.91,5.93,56240,338283.6,derived_ohlc4
HOSE_SJS,SJS,2019-10-09 09:00:00,291,1,5.89,6.05,5.87,5.91,22690,134551.69999999998,derived_ohlc4
HOSE_SJS,SJS,2019-10-10 09:00:00,292,1,6.12,6.12,5.8,5.87,21480,128396.7,derived_ohlc4
HOSE_SJS,SJS,2019-10-11 09:00:00,293,1,5.83,6.03,5.83,5.95,50730,299814.3,derived_ohlc4
HOSE_SJS,SJS,2019-10-14 09:00:00,294,1,5.95,6.08,5.87,5.95,28820,171839.25,derived_ohlc4
HOSE_SJS,SJS,2019-10-15 09:00:00,295,1,5.87,6.03,5.87,6.01,128630,764705.3500000001,derived_ohlc4
HOSE_SJS,SJS,2019-10-16 09:00:00,296,1,6.03,6.05,5.76,5.76,54800,323320.0,derived_ohlc4
HOSE_SJS,SJS,2019-10-17 09:00:00,297,1,5.74,5.8,5.49,5.49,88680,499268.4000000001,derived_ohlc4
HOSE_SJS,SJS,2019-10-18 09:00:00,298,1,5.66,5.72,5.49,5.51,95910,536616.4499999998,derived_ohlc4
HOSE_SJS,SJS,2019-10-21 09:00:00,299,1,5.68,5.68,5.52,5.58,49700,279065.5,derived_ohlc4
HOSE_SJS,SJS,2019-10-22 09:00:00,300,1,5.58,5.64,5.52,5.64,30530,170815.35,derived_ohlc4
HOSE_SJS,SJS,2019-10-23 09:00:00,301,1,5.6,5.83,5.6,5.8,157550,899216.6250000001,derived_ohlc4
HOSE_SJS,SJS,2019-10-24 09:00:00,302,1,5.64,5.89,5.64,5.89,15030,86647.95,derived_ohlc4
HOSE_SJS,SJS,2019-10-25 09:00:00,303,1,5.89,5.89,5.8,5.8,18050,105502.25,derived_ohlc4
HOSE_SJS,SJS,2019-10-28 09:00:00,304,1,5.7,5.72,5.6,5.64,60410,342222.65,derived_ohlc4
HOSE_SJS,SJS,2019-10-29 09:00:00,305,1,5.6,5.68,5.58,5.58,56240,315506.39999999997,derived_ohlc4
HOSE_SJS,SJS,2019-10-30 09:00:00,306,1,5.58,5.64,5.56,5.62,53960,302176.0,derived_ohlc4
HOSE_SJS,SJS,2019-10-31 09:00:00,307,1,5.62,5.68,5.6,5.6,60810,342056.25,derived_ohlc4
HOSE_SJS,SJS,2019-11-01 09:00:00,308,1,5.62,5.64,5.58,5.6,31240,175256.4,derived_ohlc4
HOSE_SJS,SJS,2019-11-04 09:00:00,309,1,5.64,5.66,5.54,5.64,74940,421162.8,derived_ohlc4
HOSE_SJS,SJS,2019-11-05 09:00:00,310,1,5.64,5.68,5.6,5.66,27240,153769.80000000002,derived_ohlc4
HOSE_SJS,SJS,2019-11-06 09:00:00,311,1,5.64,5.99,5.6,5.91,87310,505088.3499999999,derived_ohlc4
HOSE_SJS,SJS,2019-11-07 09:00:00,312,1,5.97,6.05,5.87,5.91,160930,957533.5,derived_ohlc4
HOSE_SJS,SJS,2019-11-08 09:00:00,313,1,6.03,6.18,5.8,6.08,405910,2444592.9750000006,derived_ohlc4
HOSE_SJS,SJS,2019-11-11 09:00:00,314,1,6.08,6.12,5.93,5.95,132230,796024.6,derived_ohlc4
HOSE_SJS,SJS,2019-11-12 09:00:00,315,1,5.97,5.99,5.91,5.97,157870,940905.2,derived_ohlc4
HOSE_SJS,SJS,2019-11-13 09:00:00,316,1,5.97,6.22,5.97,6.18,269720,1641246.2,derived_ohlc4
HOSE_SJS,SJS,2019-11-14 09:00:00,317,1,6.22,6.3,6.14,6.14,92740,574988.0,derived_ohlc4
HOSE_SJS,SJS,2019-11-15 09:00:00,318,1,6.24,6.24,6.07,6.18,74380,459854.35000000003,derived_ohlc4
HOSE_SJS,SJS,2019-11-18 09:00:00,319,1,6.18,6.22,6.03,6.1,84100,515743.25,derived_ohlc4
HOSE_SJS,SJS,2019-11-19 09:00:00,320,1,6.12,6.26,6.1,6.26,83840,518550.3999999999,derived_ohlc4
HOSE_SJS,SJS,2019-11-20 09:00:00,321,1,6.2,6.32,6.18,6.28,92470,577475.15,derived_ohlc4
HOSE_SJS,SJS,2019-11-21 09:00:00,322,1,6.28,6.7,6.26,6.61,452600,2924927.5,derived_ohlc4
HOSE_SJS,SJS,2019-11-22 09:00:00,323,1,6.61,6.76,6.2,6.34,165340,1070989.85,derived_ohlc4
HOSE_SJS,SJS,2019-11-25 09:00:00,324,1,6.37,6.61,6.37,6.61,180590,1172029.1,derived_ohlc4
HOSE_SJS,SJS,2019-11-26 09:00:00,325,1,6.68,6.68,6.49,6.55,88450,583770.0,derived_ohlc4
HOSE_SJS,SJS,2019-11-27 09:00:00,326,1,6.53,6.92,6.49,6.74,347490,2317758.3,derived_ohlc4
HOSE_SJS,SJS,2019-11-28 09:00:00,327,1,6.8,6.88,6.61,6.64,101660,684425.95,derived_ohlc4
HOSE_SJS,SJS,2019-11-29 09:00:00,328,1,6.57,6.68,6.45,6.45,160170,1047111.375,derived_ohlc4
HOSE_SJS,SJS,2019-12-02 09:00:00,329,1,6.41,6.61,6.14,6.22,303990,1928816.5499999998,derived_ohlc4
HOSE_SJS,SJS,2019-12-03 09:00:00,330,1,6.18,6.3,5.83,6.22,188290,1154688.425,derived_ohlc4
HOSE_SJS,SJS,2019-12-04 09:00:00,331,1,6.22,6.32,6.14,6.14,370890,2301372.45,derived_ohlc4
HOSE_SJS,SJS,2019-12-05 09:00:00,332,1,6.14,6.14,5.8,5.97,324420,1950575.2499999998,derived_ohlc4
HOSE_SJS,SJS,2019-12-06 09:00:00,333,1,5.99,6.26,5.99,6.22,270110,1651722.6500000001,derived_ohlc4
HOSE_SJS,SJS,2019-12-09 09:00:00,334,1,6.24,6.37,6.18,6.28,364430,2284065.025,derived_ohlc4
HOSE_SJS,SJS,2019-12-10 09:00:00,335,1,6.26,6.37,6.22,6.3,353700,2223888.75,derived_ohlc4
HOSE_SJS,SJS,2019-12-11 09:00:00,336,1,6.26,6.28,6.16,6.26,126090,786801.6,derived_ohlc4
HOSE_SJS,SJS,2019-12-12 09:00:00,337,1,6.18,6.34,6.18,6.34,296350,1855151.0,derived_ohlc4
HOSE_SJS,SJS,2019-12-13 09:00:00,338,1,6.26,6.47,6.26,6.39,115880,735258.6000000001,derived_ohlc4
HOSE_SJS,SJS,2019-12-16 09:00:00,339,1,6.57,6.68,6.49,6.49,149830,982510.2250000001,derived_ohlc4
HOSE_SJS,SJS,2019-12-17 09:00:00,340,1,6.39,6.53,6.37,6.51,106440,686537.9999999999,derived_ohlc4
HOSE_SJS,SJS,2019-12-18 09:00:00,341,1,6.51,6.72,6.39,6.51,379420,2478561.1500000004,derived_ohlc4
HOSE_SJS,SJS,2019-12-19 09:00:00,342,1,6.43,6.61,6.43,6.51,175750,1141496.2499999998,derived_ohlc4
HOSE_SJS,SJS,2019-12-20 09:00:00,343,1,6.51,6.55,6.22,6.3,146830,938977.85,derived_ohlc4
HOSE_SJS,SJS,2019-12-23 09:00:00,344,1,6.3,6.36,6.18,6.32,181240,1139999.6,derived_ohlc4
HOSE_SJS,SJS,2019-12-24 09:00:00,345,1,6.3,6.32,6.26,6.26,113630,714164.55,derived_ohlc4
HOSE_SJS,SJS,2019-12-25 09:00:00,346,1,6.18,6.41,6.18,6.37,57650,362330.25,derived_ohlc4
HOSE_SJS,SJS,2019-12-26 09:00:00,347,1,6.49,6.63,6.37,6.51,157660,1024790.0,derived_ohlc4
HOSE_SJS,SJS,2019-12-27 09:00:00,348,1,6.51,6.57,6.41,6.57,191140,1245277.1,derived_ohlc4
HOSE_SJS,SJS,2019-12-30 09:00:00,349,1,6.59,6.68,6.53,6.64,353270,2335114.7,derived_ohlc4
HOSE_SJS,SJS,2019-12-31 09:00:00,350,1,6.64,6.64,6.45,6.57,443270,2914500.25,derived_ohlc4
HOSE_SJS,SJS,2020-01-02 09:00:00,351,1,6.57,6.57,6.41,6.41,167020,1083959.8,derived_ohlc4
HOSE_SJS,SJS,2020-01-03 09:00:00,352,1,6.49,6.53,6.36,6.41,110330,711352.6749999999,derived_ohlc4
HOSE_SJS,SJS,2020-01-06 09:00:00,353,1,6.41,6.43,6.14,6.18,524020,3296085.8,derived_ohlc4
HOSE_SJS,SJS,2020-01-07 09:00:00,354,1,6.18,6.37,6.18,6.32,301810,1890085.125,derived_ohlc4
HOSE_SJS,SJS,2020-01-08 09:00:00,355,1,6.37,6.37,6.14,6.3,450610,2836589.95,derived_ohlc4
HOSE_SJS,SJS,2020-01-09 09:00:00,356,1,6.3,6.37,6.1,6.34,236540,1484879.8499999999,derived_ohlc4
HOSE_SJS,SJS,2020-01-10 09:00:00,357,1,6.36,6.47,6.34,6.43,143220,916608.0,derived_ohlc4
HOSE_SJS,SJS,2020-01-13 09:00:00,358,1,6.41,6.49,6.41,6.45,88580,570455.2000000001,derived_ohlc4
HOSE_SJS,SJS,2020-01-14 09:00:00,359,1,6.45,6.45,6.39,6.39,104980,673971.6,derived_ohlc4
HOSE_SJS,SJS,2020-01-15 09:00:00,360,1,6.37,6.41,6.37,6.41,62490,399311.10000000003,derived_ohlc4
HOSE_SJS,SJS,2020-01-16 09:00:00,361,1,6.37,6.64,6.37,6.61,224890,1461222.775,derived_ohlc4
HOSE_SJS,SJS,2020-01-17 09:00:00,362,1,6.61,6.61,6.49,6.53,83780,549596.8,derived_ohlc4
HOSE_SJS,SJS,2020-01-20 09:00:00,363,1,6.49,6.61,6.49,6.53,37050,241936.50000000003,derived_ohlc4
HOSE_SJS,SJS,2020-01-21 09:00:00,364,1,6.47,6.68,6.47,6.63,133970,879178.1249999999,derived_ohlc4
HOSE_SJS,SJS,2020-01-22 09:00:00,365,1,6.68,6.78,6.63,6.72,132900,890762.25,derived_ohlc4
HOSE_SJS,SJS,2020-01-30 09:00:00,366,1,6.72,6.72,6.49,6.57,90100,596912.5,derived_ohlc4
HOSE_SJS,SJS,2020-01-31 09:00:00,367,1,6.57,6.57,6.37,6.37,188090,1216942.3,derived_ohlc4
HOSE_SJS,SJS,2020-02-03 09:00:00,368,1,6.22,6.24,5.93,6.08,425530,2603179.775,derived_ohlc4
HOSE_SJS,SJS,2020-02-04 09:00:00,369,1,6.08,6.3,5.91,6.28,326990,2008536.075,derived_ohlc4
HOSE_SJS,SJS,2020-02-05 09:00:00,370,1,6.3,6.41,6.26,6.37,153780,974196.3,derived_ohlc4
HOSE_SJS,SJS,2020-02-06 09:00:00,371,1,6.37,6.53,6.3,6.53,68800,442556.0,derived_ohlc4
HOSE_SJS,SJS,2020-02-07 09:00:00,372,1,6.53,6.64,6.45,6.57,226420,1482484.9500000002,derived_ohlc4
HOSE_SJS,SJS,2020-02-10 09:00:00,373,1,6.57,6.72,6.49,6.7,127680,845241.6,derived_ohlc4
HOSE_SJS,SJS,2020-02-11 09:00:00,374,1,6.7,7.07,6.7,6.92,173130,1185507.675,derived_ohlc4
HOSE_SJS,SJS,2020-02-12 09:00:00,375,1,6.92,7.26,6.92,7.11,73310,517018.775,derived_ohlc4
HOSE_SJS,SJS,2020-02-13 09:00:00,376,1,7.19,7.19,6.76,6.88,114720,803613.6,derived_ohlc4
HOSE_SJS,SJS,2020-02-14 09:00:00,377,1,6.84,6.97,6.72,6.84,150130,1027264.5249999999,derived_ohlc4
HOSE_SJS,SJS,2020-02-17 09:00:00,378,1,6.84,7.03,6.76,6.99,166110,1146989.5500000003,derived_ohlc4
HOSE_SJS,SJS,2020-02-18 09:00:00,379,1,6.99,7.34,6.99,7.24,294040,2099445.6,derived_ohlc4
HOSE_SJS,SJS,2020-02-19 09:00:00,380,1,7.38,7.42,7.28,7.34,189100,1390830.5,derived_ohlc4
HOSE_SJS,SJS,2020-02-20 09:00:00,381,1,7.34,7.49,7.28,7.49,245380,1815812.0,derived_ohlc4
HOSE_SJS,SJS,2020-02-21 09:00:00,382,1,7.53,8.02,7.49,7.92,787850,6097959.0,derived_ohlc4
HOSE_SJS,SJS,2020-02-24 09:00:00,383,1,7.88,8.04,7.53,7.92,441640,3463561.6999999997,derived_ohlc4
HOSE_SJS,SJS,2020-02-25 09:00:00,384,1,7.92,8.11,7.8,8.07,243190,1939440.2500000002,derived_ohlc4
HOSE_SJS,SJS,2020-02-26 09:00:00,385,1,8.04,8.09,7.84,7.92,230180,1835110.05,derived_ohlc4
HOSE_SJS,SJS,2020-02-27 09:00:00,386,1,7.92,8.0,7.49,7.65,362860,2817607.9000000004,derived_ohlc4
HOSE_SJS,SJS,2020-02-28 09:00:00,387,1,7.34,7.53,7.13,7.49,590800,4355673.0,derived_ohlc4
HOSE_SJS,SJS,2020-03-02 09:00:00,388,1,7.26,7.61,7.17,7.32,201370,1478055.8,derived_ohlc4
HOSE_SJS,SJS,2020-03-03 09:00:00,389,1,7.21,7.73,7.19,7.48,267820,1982537.5500000003,derived_ohlc4
HOSE_SJS,SJS,2020-03-04 09:00:00,390,1,7.48,7.73,7.34,7.73,64520,488416.4,derived_ohlc4
HOSE_SJS,SJS,2020-03-05 09:00:00,391,1,7.73,8.0,7.61,7.65,222970,1727460.0750000002,derived_ohlc4
HOSE_SJS,SJS,2020-03-06 09:00:00,392,1,7.28,7.65,7.28,7.65,126890,947233.85,derived_ohlc4
HOSE_SJS,SJS,2020-03-09 09:00:00,393,1,7.19,7.46,7.13,7.13,356470,2576386.925,derived_ohlc4
HOSE_SJS,SJS,2020-03-10 09:00:00,394,1,6.82,7.13,6.8,7.13,203680,1419649.5999999999,derived_ohlc4
HOSE_SJS,SJS,2020-03-11 09:00:00,395,1,7.26,7.34,6.64,6.9,372190,2618356.65,derived_ohlc4
HOSE_SJS,SJS,2020-03-12 09:00:00,396,1,6.9,6.9,6.43,6.43,389540,2596284.1,derived_ohlc4
HOSE_SJS,SJS,2020-03-13 09:00:00,397,1,6.01,6.57,6.01,6.45,185090,1158663.4,derived_ohlc4
HOSE_SJS,SJS,2020-03-16 09:00:00,398,1,6.53,6.57,6.39,6.55,433450,2821759.5000000005,derived_ohlc4
HOSE_SJS,SJS,2020-03-17 09:00:00,399,1,6.41,6.95,6.41,6.93,157650,1052313.75,derived_ohlc4
HOSE_SJS,SJS,2020-03-18 09:00:00,400,1,6.93,7.07,6.76,6.95,196420,1360699.5499999998,derived_ohlc4
HOSE_SJS,SJS,2020-03-19 09:00:00,401,1,6.68,7.07,6.68,6.95,184360,1261944.2,derived_ohlc4
HOSE_SJS,SJS,2020-03-20 09:00:00,402,1,6.95,7.21,6.88,7.19,122570,865037.775,derived_ohlc4
HOSE_SJS,SJS,2020-03-23 09:00:00,403,1,6.8,7.11,6.68,6.68,464440,3166319.6999999997,derived_ohlc4
HOSE_SJS,SJS,2020-03-24 09:00:00,404,1,6.84,6.84,6.59,6.64,19970,134348.175,derived_ohlc4
HOSE_SJS,SJS,2020-03-25 09:00:00,405,1,6.72,6.82,6.61,6.64,36680,245664.3,derived_ohlc4
HOSE_SJS,SJS,2020-03-26 09:00:00,406,1,6.64,6.64,6.49,6.49,33160,217695.4,derived_ohlc4
HOSE_SJS,SJS,2020-03-27 09:00:00,407,1,6.41,6.41,6.18,6.18,155670,979942.65,derived_ohlc4
HOSE_SJS,SJS,2020-03-30 09:00:00,408,1,6.18,6.18,5.8,5.85,87910,527679.7749999999,derived_ohlc4
HOSE_SJS,SJS,2020-03-31 09:00:00,409,1,5.85,5.91,5.68,5.68,498820,2883179.5999999996,derived_ohlc4
HOSE_SJS,SJS,2020-04-01 09:00:00,410,1,5.83,5.87,5.74,5.78,162630,944067.1499999999,derived_ohlc4
HOSE_SJS,SJS,2020-04-03 09:00:00,411,1,5.78,6.01,5.78,5.95,104600,615048.0,derived_ohlc4
HOSE_SJS,SJS,2020-04-06 09:00:00,412,1,6.18,6.34,6.14,6.32,143080,893534.6,derived_ohlc4
HOSE_SJS,SJS,2020-04-07 09:00:00,413,1,6.57,6.57,5.99,6.07,106750,672525.0000000001,derived_ohlc4
HOSE_SJS,SJS,2020-04-08 09:00:00,414,1,5.87,6.14,5.87,5.99,61350,366106.12499999994,derived_ohlc4
HOSE_SJS,SJS,2020-04-09 09:00:00,415,1,6.32,6.34,6.03,6.18,144080,895817.4,derived_ohlc4
HOSE_SJS,SJS,2020-04-10 09:00:00,416,1,6.36,6.61,6.18,6.61,143730,925621.2,derived_ohlc4
HOSE_SJS,SJS,2020-04-13 09:00:00,417,1,6.72,7.05,6.72,7.05,92490,636793.65,derived_ohlc4
HOSE_SJS,SJS,2020-04-14 09:00:00,418,1,7.44,7.44,7.03,7.21,215650,1569932.0,derived_ohlc4
HOSE_SJS,SJS,2020-04-15 09:00:00,419,1,7.19,7.32,6.95,7.32,139830,1006076.8500000001,derived_ohlc4
HOSE_SJS,SJS,2020-04-16 09:00:00,420,1,7.34,7.34,7.15,7.28,56740,412925.35,derived_ohlc4
HOSE_SJS,SJS,2020-04-17 09:00:00,421,1,7.57,7.57,7.22,7.22,105550,780542.25,derived_ohlc4
HOSE_SJS,SJS,2020-04-20 09:00:00,422,1,7.03,7.21,6.95,6.97,113840,801433.6,derived_ohlc4
HOSE_SJS,SJS,2020-04-21 09:00:00,423,1,6.95,6.95,6.68,6.88,93600,642563.9999999999,derived_ohlc4
HOSE_SJS,SJS,2020-04-22 09:00:00,424,1,6.76,7.03,6.76,7.03,48470,334200.64999999997,derived_ohlc4
HOSE_SJS,SJS,2020-04-23 09:00:00,425,1,7.26,7.26,6.93,6.95,45130,320423.0,derived_ohlc4
HOSE_SJS,SJS,2020-04-24 09:00:00,426,1,6.95,6.99,6.86,6.99,24180,167990.55,derived_ohlc4
HOSE_SJS,SJS,2020-04-27 09:00:00,427,1,7.03,7.15,6.9,6.95,70890,496761.67499999993,derived_ohlc4
HOSE_SJS,SJS,2020-04-28 09:00:00,428,1,7.13,7.13,6.86,6.86,35540,248602.30000000002,derived_ohlc4
HOSE_SJS,SJS,2020-04-29 09:00:00,429,1,7.03,7.09,6.88,7.03,38600,270489.5,derived_ohlc4
HOSE_SJS,SJS,2020-05-04 09:00:00,430,1,6.88,6.93,6.84,6.93,22910,157964.44999999998,derived_ohlc4
HOSE_SJS,SJS,2020-05-05 09:00:00,431,1,6.88,7.03,6.8,6.93,16680,115258.8,derived_ohlc4
HOSE_SJS,SJS,2020-05-06 09:00:00,432,1,6.84,7.42,6.78,7.42,236310,1681345.6500000001,derived_ohlc4
HOSE_SJS,SJS,2020-05-07 09:00:00,433,1,7.42,7.44,7.24,7.34,68330,502908.80000000005,derived_ohlc4
HOSE_SJS,SJS,2020-05-08 09:00:00,434,1,7.38,7.53,7.22,7.53,80820,599280.3,derived_ohlc4
HOSE_SJS,SJS,2020-05-11 09:00:00,435,1,7.34,7.49,7.26,7.34,76310,561450.825,derived_ohlc4
HOSE_SJS,SJS,2020-05-12 09:00:00,436,1,7.46,7.53,7.32,7.46,63400,471854.50000000006,derived_ohlc4
HOSE_SJS,SJS,2020-05-13 09:00:00,437,1,7.44,7.48,7.4,7.4,44710,332195.3,derived_ohlc4
HOSE_SJS,SJS,2020-05-14 09:00:00,438,1,7.32,7.46,7.22,7.46,64460,474747.9,derived_ohlc4
HOSE_SJS,SJS,2020-05-15 09:00:00,439,1,7.46,7.51,7.4,7.4,68350,508694.87499999994,derived_ohlc4
HOSE_SJS,SJS,2020-05-18 09:00:00,440,1,7.69,7.69,7.46,7.49,37760,286315.2,derived_ohlc4
HOSE_SJS,SJS,2020-05-19 09:00:00,441,1,7.49,7.61,7.42,7.42,46130,345283.05000000005,derived_ohlc4
HOSE_SJS,SJS,2020-05-20 09:00:00,442,1,7.36,7.51,7.34,7.34,94470,697897.125,derived_ohlc4
HOSE_SJS,SJS,2020-05-21 09:00:00,443,1,7.46,7.46,7.3,7.34,49620,366691.8,derived_ohlc4
HOSE_SJS,SJS,2020-05-22 09:00:00,444,1,7.34,7.46,7.32,7.36,56220,414341.4,derived_ohlc4
HOSE_SJS,SJS,2020-05-25 09:00:00,445,1,7.34,7.44,7.3,7.44,48650,359037.00000000006,derived_ohlc4
HOSE_SJS,SJS,2020-05-26 09:00:00,446,1,7.49,7.94,7.36,7.94,376440,2892000.3,derived_ohlc4
HOSE_SJS,SJS,2020-05-27 09:00:00,447,1,8.48,8.48,8.04,8.11,477390,3951595.725,derived_ohlc4
HOSE_SJS,SJS,2020-05-28 09:00:00,448,1,8.11,8.31,8.07,8.13,129950,1059742.2500000002,derived_ohlc4
HOSE_SJS,SJS,2020-05-29 09:00:00,449,1,8.13,8.69,7.94,8.69,463140,3873008.2500000005,derived_ohlc4
HOSE_SJS,SJS,2020-06-01 09:00:00,450,1,9.29,9.29,9.27,9.29,183820,1706768.7,derived_ohlc4
HOSE_SJS,SJS,2020-06-02 09:00:00,451,1,9.93,9.93,9.47,9.89,699780,6861342.899999999,derived_ohlc4
HOSE_SJS,SJS,2020-06-03 09:00:00,452,1,9.66,9.85,9.23,9.5,430980,4120168.7999999993,derived_ohlc4
HOSE_SJS,SJS,2020-06-04 09:00:00,453,1,9.47,9.87,9.35,9.39,312890,2978712.8,derived_ohlc4
HOSE_SJS,SJS,2020-06-05 09:00:00,454,1,9.47,9.6,9.08,9.47,168050,1580510.25,derived_ohlc4
HOSE_SJS,SJS,2020-06-08 09:00:00,455,1,9.5,9.85,9.5,9.62,278210,2675684.675,derived_ohlc4
HOSE_SJS,SJS,2020-06-09 09:00:00,456,1,9.54,9.7,9.35,9.39,119690,1136456.5499999998,derived_ohlc4
HOSE_SJS,SJS,2020-06-10 09:00:00,457,1,9.29,9.58,9.29,9.39,174120,1634551.4999999998,derived_ohlc4
HOSE_SJS,SJS,2020-06-11 09:00:00,458,1,9.31,9.54,8.73,8.73,492230,4468217.825,derived_ohlc4
HOSE_SJS,SJS,2020-06-12 09:00:00,459,1,8.13,8.81,8.13,8.5,242610,2036104.425,derived_ohlc4
HOSE_SJS,SJS,2020-06-15 09:00:00,460,1,8.5,8.5,7.92,7.92,244280,2005538.8000000003,derived_ohlc4
HOSE_SJS,SJS,2020-06-16 09:00:00,461,1,7.92,8.31,7.88,8.19,201300,1625497.4999999998,derived_ohlc4
HOSE_SJS,SJS,2020-06-17 09:00:00,462,1,8.46,8.46,8.0,8.19,64070,530339.425,derived_ohlc4
HOSE_SJS,SJS,2020-06-18 09:00:00,463,1,8.25,8.46,8.11,8.46,82610,687315.2000000001,derived_ohlc4
HOSE_SJS,SJS,2020-06-19 09:00:00,464,1,8.31,8.85,8.31,8.79,124530,1066599.45,derived_ohlc4
HOSE_SJS,SJS,2020-06-22 09:00:00,465,1,8.79,8.87,8.48,8.54,79450,688831.4999999999,derived_ohlc4
HOSE_SJS,SJS,2020-06-23 09:00:00,466,1,8.65,8.65,8.31,8.34,127240,1079949.5,derived_ohlc4
HOSE_SJS,SJS,2020-06-24 09:00:00,467,1,8.58,8.58,8.11,8.31,95700,803401.5,derived_ohlc4
HOSE_SJS,SJS,2020-06-25 09:00:00,468,1,8.31,8.89,7.96,8.89,153800,1309222.5000000002,derived_ohlc4
HOSE_SJS,SJS,2020-06-26 09:00:00,469,1,8.89,9.48,8.81,9.12,288670,2619680.25,derived_ohlc4
HOSE_SJS,SJS,2020-06-29 09:00:00,470,1,8.89,9.12,8.5,8.69,86310,759527.9999999999,derived_ohlc4
HOSE_SJS,SJS,2020-06-30 09:00:00,471,1,8.69,9.12,8.69,9.06,192720,1713280.8,derived_ohlc4
HOSE_SJS,SJS,2020-07-01 09:00:00,472,1,9.16,9.35,9.08,9.27,258710,2384012.65,derived_ohlc4
HOSE_SJS,SJS,2020-07-02 09:00:00,473,1,9.16,9.27,9.0,9.12,74790,683393.625,derived_ohlc4
HOSE_SJS,SJS,2020-07-03 09:00:00,474,1,9.12,9.45,9.12,9.27,86170,796210.7999999998,derived_ohlc4
HOSE_SJS,SJS,2020-07-06 09:00:00,475,1,9.43,9.43,9.14,9.25,79850,743603.125,derived_ohlc4
HOSE_SJS,SJS,2020-07-07 09:00:00,476,1,9.27,9.27,9.14,9.18,97580,899199.7,derived_ohlc4
HOSE_SJS,SJS,2020-07-08 09:00:00,477,1,9.19,9.19,9.04,9.19,115300,1055283.25,derived_ohlc4
HOSE_SJS,SJS,2020-07-09 09:00:00,478,1,9.12,9.27,9.12,9.27,85210,783505.9500000001,derived_ohlc4
HOSE_SJS,SJS,2020-07-10 09:00:00,479,1,9.23,9.85,9.16,9.47,246410,2323030.275,derived_ohlc4
HOSE_SJS,SJS,2020-07-13 09:00:00,480,1,9.39,9.47,9.19,9.35,184270,1722924.5,derived_ohlc4
HOSE_SJS,SJS,2020-07-14 09:00:00,481,1,9.19,9.47,9.19,9.43,126640,1180284.8,derived_ohlc4
HOSE_SJS,SJS,2020-07-15 09:00:00,482,1,9.43,9.5,9.35,9.48,117580,1109955.2000000002,derived_ohlc4
HOSE_SJS,SJS,2020-07-16 09:00:00,483,1,9.47,9.47,9.25,9.25,206170,1929751.2,derived_ohlc4
HOSE_SJS,SJS,2020-07-17 09:00:00,484,1,9.25,9.27,8.85,8.85,436400,3951602.0,derived_ohlc4
HOSE_SJS,SJS,2020-07-20 09:00:00,485,1,8.85,8.85,8.27,8.31,446600,3827362.0,derived_ohlc4
HOSE_SJS,SJS,2020-07-21 09:00:00,486,1,8.34,8.46,8.11,8.42,212200,1768156.5,derived_ohlc4
HOSE_SJS,SJS,2020-07-22 09:00:00,487,1,8.46,8.5,8.19,8.19,95670,797409.45,derived_ohlc4
HOSE_SJS,SJS,2020-07-23 09:00:00,488,1,8.11,8.46,8.09,8.27,99990,823167.675,derived_ohlc4
HOSE_SJS,SJS,2020-07-24 09:00:00,489,1,8.15,8.38,7.73,7.84,173650,1393541.25,derived_ohlc4
HOSE_SJS,SJS,2020-07-27 09:00:00,490,1,7.46,7.84,7.3,7.3,217320,1624467.0,derived_ohlc4
HOSE_SJS,SJS,2020-07-28 09:00:00,491,1,7.73,7.77,7.44,7.59,147230,1123732.975,derived_ohlc4
HOSE_SJS,SJS,2020-07-29 09:00:00,492,1,7.57,7.57,7.09,7.42,211850,1570338.125,derived_ohlc4
HOSE_SJS,SJS,2020-07-30 09:00:00,493,1,7.73,7.73,7.42,7.53,101480,771501.7000000001,derived_ohlc4
HOSE_SJS,SJS,2020-07-31 09:00:00,494,1,7.53,7.73,7.46,7.57,32160,243531.60000000003,derived_ohlc4
HOSE_SJS,SJS,2020-08-03 09:00:00,495,1,7.42,7.77,7.42,7.77,61260,465269.7,derived_ohlc4
HOSE_SJS,SJS,2020-08-04 09:00:00,496,1,7.65,8.11,7.65,8.11,140140,1104303.2,derived_ohlc4
HOSE_SJS,SJS,2020-08-05 09:00:00,497,1,8.11,8.31,8.0,8.15,75910,618097.175,derived_ohlc4
HOSE_SJS,SJS,2020-08-06 09:00:00,498,1,8.07,8.23,8.04,8.13,53710,435990.925,derived_ohlc4
HOSE_SJS,SJS,2020-08-07 09:00:00,499,1,8.27,8.27,7.88,8.23,210090,1714859.625,derived_ohlc4
HOSE_SJS,SJS,2020-08-10 09:00:00,500,1,8.25,8.25,8.04,8.15,76860,628138.35,derived_ohlc4
HOSE_SJS,SJS,2020-08-11 09:00:00,501,1,8.07,8.23,8.07,8.15,63550,516661.50000000006,derived_ohlc4
HOSE_SJS,SJS,2020-08-12 09:00:00,502,1,8.23,8.23,8.04,8.11,87030,709512.075,derived_ohlc4
HOSE_SJS,SJS,2020-08-13 09:00:00,503,1,8.15,8.15,8.06,8.15,104290,847616.975,derived_ohlc4
HOSE_SJS,SJS,2020-08-14 09:00:00,504,1,8.07,8.36,8.07,8.23,154300,1262559.7500000002,derived_ohlc4
HOSE_SJS,SJS,2020-08-17 09:00:00,505,1,8.25,8.25,8.11,8.19,28470,233453.99999999997,derived_ohlc4
HOSE_SJS,SJS,2020-08-18 09:00:00,506,1,8.15,8.23,8.07,8.11,65750,535205.0,derived_ohlc4
HOSE_SJS,SJS,2020-08-19 09:00:00,507,1,8.11,8.36,8.11,8.15,184200,1507216.4999999998,derived_ohlc4
HOSE_SJS,SJS,2020-08-20 09:00:00,508,1,8.27,8.71,8.27,8.69,406830,3451952.55,derived_ohlc4
HOSE_SJS,SJS,2020-08-21 09:00:00,509,1,8.77,8.81,8.58,8.62,94240,819416.7999999998,derived_ohlc4
HOSE_SJS,SJS,2020-08-24 09:00:00,510,1,8.65,8.81,8.58,8.77,249370,2170142.4250000003,derived_ohlc4
HOSE_SJS,SJS,2020-08-25 09:00:00,511,1,8.65,8.89,8.63,8.77,237630,2075698.0499999998,derived_ohlc4
HOSE_SJS,SJS,2020-08-26 09:00:00,512,1,8.81,8.85,8.69,8.79,144500,1269432.5,derived_ohlc4
HOSE_SJS,SJS,2020-08-27 09:00:00,513,1,8.73,9.16,8.73,9.12,249100,2225708.5,derived_ohlc4
HOSE_SJS,SJS,2020-08-28 09:00:00,514,1,9.08,9.12,8.77,8.89,154630,1386257.95,derived_ohlc4
HOSE_SJS,SJS,2020-08-31 09:00:00,515,1,8.89,9.04,8.71,8.71,171760,1517929.0,derived_ohlc4
HOSE_SJS,SJS,2020-09-01 09:00:00,516,1,8.69,9.04,8.69,8.83,98520,868207.4999999998,derived_ohlc4
HOSE_SJS,SJS,2020-09-03 09:00:00,517,1,9.0,9.0,8.81,8.85,153080,1364708.2000000002,derived_ohlc4
HOSE_SJS,SJS,2020-09-04 09:00:00,518,1,8.77,8.89,8.65,8.85,174940,1537722.6,derived_ohlc4
HOSE_SJS,SJS,2020-09-07 09:00:00,519,1,8.85,9.19,8.85,9.04,347350,3120071.375,derived_ohlc4
HOSE_SJS,SJS,2020-09-08 09:00:00,520,1,9.16,9.23,9.04,9.16,161870,1480705.8250000002,derived_ohlc4
HOSE_SJS,SJS,2020-09-09 09:00:00,521,1,9.16,9.19,9.08,9.16,79710,729147.2250000001,derived_ohlc4
HOSE_SJS,SJS,2020-09-10 09:00:00,522,1,9.19,9.5,9.19,9.31,365690,3400002.775,derived_ohlc4
HOSE_SJS,SJS,2020-09-11 09:00:00,523,1,9.31,9.43,9.27,9.39,122650,1146777.5000000002,derived_ohlc4
HOSE_SJS,SJS,2020-09-14 09:00:00,524,1,9.47,9.5,9.39,9.41,173090,1634402.3249999997,derived_ohlc4
HOSE_SJS,SJS,2020-09-15 09:00:00,525,1,9.43,9.43,9.04,9.1,522090,4829332.5,derived_ohlc4
HOSE_SJS,SJS,2020-09-16 09:00:00,526,1,9.0,9.47,9.0,9.37,167430,1542030.2999999998,derived_ohlc4
HOSE_SJS,SJS,2020-09-17 09:00:00,527,1,9.37,9.66,9.33,9.5,304940,2886257.1,derived_ohlc4
HOSE_SJS,SJS,2020-09-18 09:00:00,528,1,9.47,9.56,9.47,9.52,113540,1079197.7,derived_ohlc4
HOSE_SJS,SJS,2020-09-21 09:00:00,529,1,9.52,9.58,9.45,9.45,104250,990375.0,derived_ohlc4
HOSE_SJS,SJS,2020-09-22 09:00:00,530,1,9.47,9.47,9.33,9.35,95480,897989.4000000001,derived_ohlc4
HOSE_SJS,SJS,2020-09-23 09:00:00,531,1,9.23,9.39,9.23,9.27,126430,1173270.4000000001,derived_ohlc4
HOSE_SJS,SJS,2020-09-24 09:00:00,532,1,9.27,9.35,9.23,9.27,56790,527011.2,derived_ohlc4
HOSE_SJS,SJS,2020-09-25 09:00:00,533,1,9.35,9.43,9.16,9.31,45970,428095.625,derived_ohlc4
HOSE_SJS,SJS,2020-09-28 09:00:00,534,1,9.39,9.39,9.19,9.23,66880,621984.0,derived_ohlc4
HOSE_SJS,SJS,2020-09-29 09:00:00,535,1,9.33,9.35,8.89,8.89,147960,1348655.4000000001,derived_ohlc4
HOSE_SJS,SJS,2020-09-30 09:00:00,536,1,8.87,9.08,8.69,9.04,138990,1239790.8,derived_ohlc4
HOSE_SJS,SJS,2020-10-01 09:00:00,537,1,9.04,9.16,9.0,9.12,80730,733028.4,derived_ohlc4
HOSE_SJS,SJS,2020-10-02 09:00:00,538,1,9.08,9.08,8.81,9.0,173140,1556961.45,derived_ohlc4
HOSE_SJS,SJS,2020-10-05 09:00:00,539,1,8.89,9.19,8.89,9.16,96010,867210.3249999998,derived_ohlc4
HOSE_SJS,SJS,2020-10-06 09:00:00,540,1,8.96,9.16,8.96,9.16,55600,503736.0,derived_ohlc4
HOSE_SJS,SJS,2020-10-07 09:00:00,541,1,9.16,9.16,9.04,9.12,98890,901876.7999999999,derived_ohlc4
HOSE_SJS,SJS,2020-10-08 09:00:00,542,1,8.98,9.08,8.94,9.08,26010,234610.19999999998,derived_ohlc4
HOSE_SJS,SJS,2020-10-09 09:00:00,543,1,9.08,9.08,9.0,9.04,66730,603906.5,derived_ohlc4
HOSE_SJS,SJS,2020-10-12 09:00:00,544,1,8.96,9.0,8.69,8.69,48810,431236.35,derived_ohlc4
HOSE_SJS,SJS,2020-10-13 09:00:00,545,1,8.69,9.04,8.69,8.92,34930,308606.55,derived_ohlc4
HOSE_SJS,SJS,2020-10-14 09:00:00,546,1,9.08,9.08,8.77,8.87,17060,152687.0,derived_ohlc4
HOSE_SJS,SJS,2020-10-15 09:00:00,547,1,8.94,8.94,8.79,8.89,83000,737870.0,derived_ohlc4
HOSE_SJS,SJS,2020-10-16 09:00:00,548,1,8.89,8.96,8.75,8.87,69230,613897.025,derived_ohlc4
HOSE_SJS,SJS,2020-10-19 09:00:00,549,1,9.02,9.02,8.81,8.89,80100,715693.5,derived_ohlc4
HOSE_SJS,SJS,2020-10-20 09:00:00,550,1,8.85,8.92,8.85,8.89,28000,248570.0,derived_ohlc4
HOSE_SJS,SJS,2020-10-21 09:00:00,551,1,9.14,9.14,8.89,8.89,41710,376015.65,derived_ohlc4
HOSE_SJS,SJS,2020-10-22 09:00:00,552,1,8.96,9.5,8.89,9.5,230030,2119151.375,derived_ohlc4
HOSE_SJS,SJS,2020-10-23 09:00:00,553,1,10.12,10.12,9.66,9.87,225870,2245712.4749999996,derived_ohlc4
HOSE_SJS,SJS,2020-10-26 09:00:00,554,1,10.01,10.01,9.5,9.58,93690,915819.75,derived_ohlc4
HOSE_SJS,SJS,2020-10-27 09:00:00,555,1,9.54,9.54,8.94,9.41,130100,1217410.7499999998,derived_ohlc4
HOSE_SJS,SJS,2020-10-28 09:00:00,556,1,9.12,9.19,9.0,9.0,59430,539475.8250000001,derived_ohlc4
HOSE_SJS,SJS,2020-10-29 09:00:00,557,1,8.69,9.35,8.69,9.35,244910,2209088.1999999997,derived_ohlc4
HOSE_SJS,SJS,2020-10-30 09:00:00,558,1,9.35,9.35,9.14,9.29,4210,39079.325,derived_ohlc4
HOSE_SJS,SJS,2020-11-02 09:00:00,559,1,9.47,9.47,9.16,9.27,70500,658646.2500000001,derived_ohlc4
HOSE_SJS,SJS,2020-11-03 09:00:00,560,1,9.21,9.27,9.08,9.12,38440,352494.8,derived_ohlc4
HOSE_SJS,SJS,2020-11-04 09:00:00,561,1,8.89,9.37,8.89,9.31,42580,388116.7,derived_ohlc4
HOSE_SJS,SJS,2020-11-05 09:00:00,562,1,9.16,9.27,9.12,9.27,22460,206744.29999999996,derived_ohlc4
HOSE_SJS,SJS,2020-11-06 09:00:00,563,1,9.23,9.31,9.08,9.14,20890,191979.09999999998,derived_ohlc4
HOSE_SJS,SJS,2020-11-09 09:00:00,564,1,9.14,9.48,9.02,9.43,100420,930642.35,derived_ohlc4
HOSE_SJS,SJS,2020-11-10 09:00:00,565,1,9.43,9.47,9.33,9.41,33800,318058.0,derived_ohlc4
HOSE_SJS,SJS,2020-11-11 09:00:00,566,1,9.41,10.06,9.39,9.89,343040,3323200.0,derived_ohlc4
HOSE_SJS,SJS,2020-11-12 09:00:00,567,1,9.77,10.04,9.77,9.89,95200,939386.0,derived_ohlc4
HOSE_SJS,SJS,2020-11-13 09:00:00,568,1,9.89,9.89,9.7,9.74,80010,784498.0499999999,derived_ohlc4
HOSE_SJS,SJS,2020-11-16 09:00:00,569,1,9.72,10.04,9.5,9.58,140610,1365323.0999999999,derived_ohlc4
HOSE_SJS,SJS,2020-11-17 09:00:00,570,1,9.85,10.24,9.54,10.04,342840,3400115.7,derived_ohlc4
HOSE_SJS,SJS,2020-11-18 09:00:00,571,1,10.04,10.62,10.04,10.55,316010,3258853.125,derived_ohlc4
HOSE_SJS,SJS,2020-11-19 09:00:00,572,1,10.55,10.55,10.35,10.39,89430,935437.8,derived_ohlc4
HOSE_SJS,SJS,2020-11-20 09:00:00,573,1,10.28,10.51,10.26,10.51,142540,1480990.5999999999,derived_ohlc4
HOSE_SJS,SJS,2020-11-23 09:00:00,574,1,10.51,10.55,10.32,10.39,105440,1101057.2000000002,derived_ohlc4
HOSE_SJS,SJS,2020-11-24 09:00:00,575,1,10.43,10.43,10.12,10.26,214520,2211701.1999999997,derived_ohlc4
HOSE_SJS,SJS,2020-11-25 09:00:00,576,1,10.24,10.3,10.2,10.2,50530,517174.55,derived_ohlc4
HOSE_SJS,SJS,2020-11-26 09:00:00,577,1,10.16,10.18,10.04,10.04,72650,734128.25,derived_ohlc4
HOSE_SJS,SJS,2020-11-27 09:00:00,578,1,10.04,10.28,10.04,10.2,92530,938254.2000000001,derived_ohlc4
HOSE_SJS,SJS,2020-11-30 09:00:00,579,1,10.16,10.55,10.16,10.39,194900,2010393.5000000002,derived_ohlc4
HOSE_SJS,SJS,2020-12-01 09:00:00,580,1,10.12,10.39,10.12,10.35,151580,1552937.0999999999,derived_ohlc4
HOSE_SJS,SJS,2020-12-02 09:00:00,581,1,10.39,10.43,10.04,10.04,143880,1471173.0,derived_ohlc4
HOSE_SJS,SJS,2020-12-03 09:00:00,582,1,10.12,10.74,10.12,10.74,430760,4492826.8,derived_ohlc4
HOSE_SJS,SJS,2020-12-04 09:00:00,583,1,10.74,10.82,10.66,10.74,91340,980991.6,derived_ohlc4
HOSE_SJS,SJS,2020-12-07 09:00:00,584,1,10.62,10.7,10.59,10.62,58740,624553.05,derived_ohlc4
HOSE_SJS,SJS,2020-12-08 09:00:00,585,1,10.62,10.64,10.39,10.43,146970,1546124.4,derived_ohlc4
HOSE_SJS,SJS,2020-12-09 09:00:00,586,1,10.43,10.57,10.32,10.43,130490,1361989.375,derived_ohlc4
HOSE_SJS,SJS,2020-12-10 09:00:00,587,1,10.43,10.43,9.97,10.04,269090,2749427.0749999997,derived_ohlc4
HOSE_SJS,SJS,2020-12-11 09:00:00,588,1,9.97,10.35,9.93,10.08,74230,748423.975,derived_ohlc4
HOSE_SJS,SJS,2020-12-14 09:00:00,589,1,10.08,10.28,10.04,10.24,166710,1693773.6,derived_ohlc4
HOSE_SJS,SJS,2020-12-15 09:00:00,590,1,10.24,10.24,10.01,10.04,154830,1568814.975,derived_ohlc4
HOSE_SJS,SJS,2020-12-16 09:00:00,591,1,10.04,10.16,9.99,10.12,88790,894781.2249999999,derived_ohlc4
HOSE_SJS,SJS,2020-12-17 09:00:00,592,1,10.04,10.06,9.64,9.93,192480,1908920.4000000001,derived_ohlc4
HOSE_SJS,SJS,2020-12-18 09:00:00,593,1,9.89,9.93,9.7,9.81,66660,655434.45,derived_ohlc4
HOSE_SJS,SJS,2020-12-21 09:00:00,594,1,9.7,10.16,9.66,9.97,106290,1049348.0250000001,derived_ohlc4
HOSE_SJS,SJS,2020-12-22 09:00:00,595,1,10.01,10.04,9.83,9.99,61490,612901.575,derived_ohlc4
HOSE_SJS,SJS,2020-12-23 09:00:00,596,1,10.03,10.32,9.89,10.04,155550,1566388.5,derived_ohlc4
HOSE_SJS,SJS,2020-12-24 09:00:00,597,1,9.97,9.97,9.47,9.85,138480,1359181.2000000002,derived_ohlc4
HOSE_SJS,SJS,2020-12-25 09:00:00,598,1,9.85,10.06,9.79,10.04,100940,1002838.8999999999,derived_ohlc4
HOSE_SJS,SJS,2020-12-28 09:00:00,599,1,10.04,10.51,9.83,10.51,429480,4390359.299999999,derived_ohlc4
HOSE_SJS,SJS,2020-12-29 09:00:00,600,1,10.59,10.78,10.51,10.68,368470,3920520.7999999993,derived_ohlc4
HOSE_SJS,SJS,2020-12-30 09:00:00,601,1,10.64,11.13,10.64,11.01,327020,3549802.1,derived_ohlc4
HOSE_SJS,SJS,2020-12-31 09:00:00,602,1,11.01,11.05,10.74,10.88,190210,2077093.2000000004,derived_ohlc4
HOSE_SJS,SJS,2021-01-04 09:00:00,603,1,10.88,11.09,10.82,10.97,218600,2391484.0,derived_ohlc4
HOSE_SJS,SJS,2021-01-05 09:00:00,604,1,10.93,11.01,10.66,10.82,200300,2174256.4999999995,derived_ohlc4
HOSE_SJS,SJS,2021-01-06 09:00:00,605,1,10.8,10.89,10.66,10.7,211300,2274116.25,derived_ohlc4
HOSE_SJS,SJS,2021-01-07 09:00:00,606,1,10.82,11.44,10.66,11.44,289800,3213882.0,derived_ohlc4
HOSE_SJS,SJS,2021-01-08 09:00:00,607,1,11.59,11.59,10.82,11.51,169100,1923935.25,derived_ohlc4
HOSE_SJS,SJS,2021-01-11 09:00:00,608,1,11.55,11.55,11.13,11.51,88000,1006280.0,derived_ohlc4
HOSE_SJS,SJS,2021-01-12 09:00:00,609,1,11.32,11.36,11.13,11.2,216000,2430540.0000000005,derived_ohlc4
HOSE_SJS,SJS,2021-01-13 09:00:00,610,1,11.2,11.55,11.17,11.38,157300,1781422.5000000002,derived_ohlc4
HOSE_SJS,SJS,2021-01-14 09:00:00,611,1,11.2,11.36,11.09,11.28,81200,912079.0,derived_ohlc4
HOSE_SJS,SJS,2021-01-15 09:00:00,612,1,11.24,11.51,11.2,11.32,119100,1347914.25,derived_ohlc4
HOSE_SJS,SJS,2021-01-18 09:00:00,613,1,11.2,11.2,11.01,11.2,93500,1042758.75,derived_ohlc4
HOSE_SJS,SJS,2021-01-19 09:00:00,614,1,11.2,11.24,10.43,10.78,278500,3039131.25,derived_ohlc4
HOSE_SJS,SJS,2021-01-20 09:00:00,615,1,10.78,10.89,10.51,10.89,267300,2878152.75,derived_ohlc4
HOSE_SJS,SJS,2021-01-21 09:00:00,616,1,10.84,11.13,10.78,11.07,127500,1396762.5,derived_ohlc4
HOSE_SJS,SJS,2021-01-22 09:00:00,617,1,11.07,11.2,10.82,10.82,114500,1256923.75,derived_ohlc4
HOSE_SJS,SJS,2021-01-25 09:00:00,618,1,10.82,11.57,10.8,11.57,281500,3149985.0,derived_ohlc4
HOSE_SJS,SJS,2021-01-26 09:00:00,619,1,11.57,12.32,11.4,11.71,332700,3909225.0,derived_ohlc4
HOSE_SJS,SJS,2021-01-27 09:00:00,620,1,11.98,12.52,11.74,12.52,758400,9244896.000000002,derived_ohlc4
HOSE_SJS,SJS,2021-01-28 09:00:00,621,1,11.98,13.33,11.65,12.32,911600,11230912.0,derived_ohlc4
HOSE_SJS,SJS,2021-01-29 09:00:00,622,1,11.82,13.17,11.82,13.17,320600,4005897.0000000005,derived_ohlc4
HOSE_SJS,SJS,2021-02-01 09:00:00,623,1,13.75,13.75,12.36,12.63,508600,6674103.5,derived_ohlc4
HOSE_SJS,SJS,2021-02-02 09:00:00,624,1,12.63,12.75,11.9,12.63,243800,3042014.5,derived_ohlc4
HOSE_SJS,SJS,2021-02-03 09:00:00,625,1,12.73,13.5,12.36,13.37,539000,7001610.0,derived_ohlc4
HOSE_SJS,SJS,2021-02-04 09:00:00,626,1,13.37,13.5,13.1,13.31,243700,3246084.0,derived_ohlc4
HOSE_SJS,SJS,2021-02-05 09:00:00,627,1,13.33,14.24,13.33,13.83,451300,6174912.25,derived_ohlc4
HOSE_SJS,SJS,2021-02-08 09:00:00,628,1,13.91,14.45,13.39,14.22,453500,6345598.75,derived_ohlc4
HOSE_SJS,SJS,2021-02-09 09:00:00,629,1,14.22,14.26,13.71,14.06,261500,3677343.75,derived_ohlc4
HOSE_SJS,SJS,2021-02-17 09:00:00,630,1,13.95,14.76,13.71,14.55,295400,4207234.5,derived_ohlc4
HOSE_SJS,SJS,2021-02-18 09:00:00,631,1,14.24,15.41,14.24,15.34,359000,5315892.5,derived_ohlc4
HOSE_SJS,SJS,2021-02-19 09:00:00,632,1,15.34,16.4,15.11,16.4,302500,4783281.249999999,derived_ohlc4
HOSE_SJS,SJS,2021-02-22 09:00:00,633,1,17.39,17.39,15.65,16.4,466500,7794048.75,derived_ohlc4
HOSE_SJS,SJS,2021-02-23 09:00:00,634,1,16.4,16.61,15.69,16.15,218400,3540809.9999999995,derived_ohlc4
HOSE_SJS,SJS,2021-02-24 09:00:00,635,1,16.15,16.25,15.65,15.88,291700,4662095.25,derived_ohlc4
HOSE_SJS,SJS,2021-02-25 09:00:00,636,1,15.92,16.23,15.41,15.65,287000,4535317.5,derived_ohlc4
HOSE_SJS,SJS,2021-02-26 09:00:00,637,1,15.3,15.76,15.07,15.61,215800,3330873.0,derived_ohlc4
HOSE_SJS,SJS,2021-03-01 09:00:00,638,1,15.61,16.03,15.57,15.92,140000,2209550.0,derived_ohlc4
HOSE_SJS,SJS,2021-03-02 09:00:00,639,1,15.92,15.92,15.26,15.57,182900,2865585.75,derived_ohlc4
HOSE_SJS,SJS,2021-03-03 09:00:00,640,1,15.11,15.57,14.68,15.14,180600,2731575.0,derived_ohlc4
HOSE_SJS,SJS,2021-03-04 09:00:00,641,1,14.84,15.14,14.14,14.64,153500,2254915.0,derived_ohlc4
HOSE_SJS,SJS,2021-03-05 09:00:00,642,1,14.64,15.07,14.14,15.07,134700,1984131.0,derived_ohlc4
HOSE_SJS,SJS,2021-03-08 09:00:00,643,1,15.07,15.26,14.87,15.07,142300,2144105.25,derived_ohlc4
HOSE_SJS,SJS,2021-03-09 09:00:00,644,1,15.07,15.96,15.07,15.69,115900,1790365.25,derived_ohlc4
HOSE_SJS,SJS,2021-03-10 09:00:00,645,1,15.84,15.92,15.65,15.92,127000,2010727.5,derived_ohlc4
HOSE_SJS,SJS,2021-03-11 09:00:00,646,1,15.92,16.03,15.53,15.67,136900,2161308.75,derived_ohlc4
HOSE_SJS,SJS,2021-03-12 09:00:00,647,1,15.57,15.65,15.18,15.45,243100,3758933.7499999995,derived_ohlc4
HOSE_SJS,SJS,2021-03-15 09:00:00,648,1,15.45,15.86,15.26,15.45,138500,2147442.5,derived_ohlc4
HOSE_SJS,SJS,2021-03-16 09:00:00,649,1,15.34,15.49,15.22,15.41,69700,1070940.5,derived_ohlc4
HOSE_SJS,SJS,2021-03-17 09:00:00,650,1,15.45,15.45,14.84,15.26,158500,2417124.9999999995,derived_ohlc4
HOSE_SJS,SJS,2021-03-18 09:00:00,651,1,15.26,15.28,14.87,15.07,87200,1318464.0,derived_ohlc4
HOSE_SJS,SJS,2021-03-19 09:00:00,652,1,14.87,15.41,14.87,15.22,134700,2032959.75,derived_ohlc4
HOSE_SJS,SJS,2021-03-22 09:00:00,653,1,15.14,15.14,14.72,14.85,80000,1197000.0,derived_ohlc4
HOSE_SJS,SJS,2021-03-23 09:00:00,654,1,14.85,15.11,14.49,14.49,141900,2090896.5000000002,derived_ohlc4
HOSE_SJS,SJS,2021-03-24 09:00:00,655,1,14.49,14.49,13.5,14.16,116000,1642560.0,derived_ohlc4
HOSE_SJS,SJS,2021-03-25 09:00:00,656,1,14.76,14.76,13.71,13.91,139800,1997043.0,derived_ohlc4
HOSE_SJS,SJS,2021-03-26 09:00:00,657,1,13.91,14.29,13.33,13.71,111000,1532910.0,derived_ohlc4
HOSE_SJS,SJS,2021-03-29 09:00:00,658,1,13.75,14.66,13.44,14.66,156500,2210953.75,derived_ohlc4
HOSE_SJS,SJS,2021-03-30 09:00:00,659,1,15.26,15.57,14.91,15.24,211100,3218219.5,derived_ohlc4
HOSE_SJS,SJS,2021-03-31 09:00:00,660,1,15.24,15.65,14.99,15.26,183800,2809383.0,derived_ohlc4
HOSE_SJS,SJS,2021-04-01 09:00:00,661,1,15.07,15.92,15.05,15.92,331800,5139582.000000001,derived_ohlc4
HOSE_SJS,SJS,2021-04-02 09:00:00,662,1,15.96,16.15,15.84,16.11,271100,4341666.5,derived_ohlc4
HOSE_SJS,SJS,2021-04-05 09:00:00,663,1,16.92,16.92,16.07,16.07,63000,1039185.0000000001,derived_ohlc4
HOSE_SJS,SJS,2021-04-06 09:00:00,664,1,15.84,16.03,15.45,16.03,189900,3007541.25,derived_ohlc4
HOSE_SJS,SJS,2021-04-07 09:00:00,665,1,15.99,15.99,15.45,15.92,55300,875813.75,derived_ohlc4
HOSE_SJS,SJS,2021-04-08 09:00:00,666,1,15.59,15.8,15.59,15.8,62100,974659.5,derived_ohlc4
HOSE_SJS,SJS,2021-04-09 09:00:00,667,1,15.8,16.81,15.8,16.61,292100,4748085.5,derived_ohlc4
HOSE_SJS,SJS,2021-04-12 09:00:00,668,1,16.81,16.96,16.42,16.73,183000,3061590.0,derived_ohlc4
HOSE_SJS,SJS,2021-04-13 09:00:00,669,1,16.81,17.77,16.81,17.58,554000,9552345.0,derived_ohlc4
HOSE_SJS,SJS,2021-04-14 09:00:00,670,1,17.39,18.8,17.39,18.8,429400,7769992.999999999,derived_ohlc4
HOSE_SJS,SJS,2021-04-15 09:00:00,671,1,19.66,19.7,18.93,19.16,373600,7233830.0,derived_ohlc4
HOSE_SJS,SJS,2021-04-16 09:00:00,672,1,18.93,19.16,17.93,18.51,199000,3707867.5,derived_ohlc4
HOSE_SJS,SJS,2021-04-19 09:00:00,673,1,18.39,18.7,18.31,18.62,219700,4065548.5000000005,derived_ohlc4
HOSE_SJS,SJS,2021-04-20 09:00:00,674,1,18.58,19.32,18.58,19.26,472700,8950574.5,derived_ohlc4
HOSE_SJS,SJS,2021-04-22 09:00:00,675,1,19.32,20.05,17.93,17.93,348100,6546890.75,derived_ohlc4
HOSE_SJS,SJS,2021-04-23 09:00:00,676,1,17.96,18.39,17.39,18.39,215800,3891413.4999999995,derived_ohlc4
HOSE_SJS,SJS,2021-04-26 09:00:00,677,1,17.96,19.1,17.77,17.85,123100,2236727.0,derived_ohlc4
HOSE_SJS,SJS,2021-04-27 09:00:00,678,1,17.46,18.08,17.42,18.0,37600,667024.0000000001,derived_ohlc4
HOSE_SJS,SJS,2021-04-28 09:00:00,679,1,18.0,18.58,17.87,18.51,107200,1955328.0000000002,derived_ohlc4
HOSE_SJS,SJS,2021-04-29 09:00:00,680,1,18.35,18.51,18.16,18.33,49700,911373.7499999999,derived_ohlc4
HOSE_SJS,SJS,2021-05-04 09:00:00,681,1,17.06,18.06,17.06,17.96,92700,1625494.4999999998,derived_ohlc4
HOSE_SJS,SJS,2021-05-05 09:00:00,682,1,16.86,18.33,16.86,17.89,131400,2297529.0,derived_ohlc4
HOSE_SJS,SJS,2021-05-06 09:00:00,683,1,17.77,18.12,17.67,17.89,44800,800240.0,derived_ohlc4
HOSE_SJS,SJS,2021-05-07 09:00:00,684,1,17.77,17.77,17.19,17.19,120500,2106340.0,derived_ohlc4
HOSE_SJS,SJS,2021-05-10 09:00:00,685,1,17.08,17.77,17.08,17.69,97500,1696987.4999999998,derived_ohlc4
HOSE_SJS,SJS,2021-05-11 09:00:00,686,1,17.69,18.54,17.58,18.12,253800,4563958.5,derived_ohlc4
HOSE_SJS,SJS,2021-05-12 09:00:00,687,1,18.08,19.12,18.08,19.08,269400,5008146.0,derived_ohlc4
HOSE_SJS,SJS,2021-05-13 09:00:00,688,1,19.08,19.08,18.54,18.54,101000,1899809.9999999998,derived_ohlc4
HOSE_SJS,SJS,2021-05-14 09:00:00,689,1,18.24,19.82,18.24,19.82,475100,9041153.0,derived_ohlc4
HOSE_SJS,SJS,2021-05-17 09:00:00,690,1,20.94,21.02,20.09,20.78,383500,7941326.25,derived_ohlc4
HOSE_SJS,SJS,2021-05-18 09:00:00,691,1,21.25,21.52,20.67,20.82,190600,4014988.9999999995,derived_ohlc4
HOSE_SJS,SJS,2021-05-19 09:00:00,692,1,20.55,21.56,20.51,21.44,198400,4169376.0,derived_ohlc4
HOSE_SJS,SJS,2021-05-20 09:00:00,693,1,21.44,22.02,21.25,21.48,146100,3148089.7500000005,derived_ohlc4
HOSE_SJS,SJS,2021-05-21 09:00:00,694,1,21.48,22.02,21.48,21.63,170700,3696081.75,derived_ohlc4
HOSE_SJS,SJS,2021-05-24 09:00:00,695,1,21.63,21.94,20.86,20.86,203700,4343393.25,derived_ohlc4
HOSE_SJS,SJS,2021-05-25 09:00:00,696,1,21.36,21.36,20.86,21.13,129500,2742486.25,derived_ohlc4
HOSE_SJS,SJS,2021-05-26 09:00:00,697,1,20.98,21.44,20.9,21.25,178600,3776050.4999999995,derived_ohlc4
HOSE_SJS,SJS,2021-05-27 09:00:00,698,1,21.25,21.63,20.05,20.78,106900,2237149.75,derived_ohlc4
HOSE_SJS,SJS,2021-05-28 09:00:00,699,1,20.78,20.78,20.28,20.55,135900,2799200.25,derived_ohlc4
HOSE_SJS,SJS,2021-05-31 09:00:00,700,1,20.51,20.51,19.7,20.13,156800,3169320.0,derived_ohlc4
HOSE_SJS,SJS,2021-06-01 09:00:00,701,1,20.13,21.25,20.13,20.86,181100,3729301.7499999995,derived_ohlc4
HOSE_SJS,SJS,2021-06-02 09:00:00,702,1,20.86,20.86,20.44,20.51,79800,1649266.5,derived_ohlc4
HOSE_SJS,SJS,2021-06-03 09:00:00,703,1,20.48,20.82,20.28,20.51,155400,3189196.5,derived_ohlc4
HOSE_SJS,SJS,2021-06-04 09:00:00,704,1,20.67,20.67,20.09,20.17,117100,2388840.0000000005,derived_ohlc4
HOSE_SJS,SJS,2021-06-07 09:00:00,705,1,20.09,20.21,19.32,19.43,119800,2367547.5,derived_ohlc4
HOSE_SJS,SJS,2021-06-08 09:00:00,706,1,19.32,19.32,18.62,19.05,157600,3006614.0,derived_ohlc4
HOSE_SJS,SJS,2021-06-09 09:00:00,707,1,19.05,20.36,19.05,20.36,337400,6648466.999999999,derived_ohlc4
HOSE_SJS,SJS,2021-06-10 09:00:00,708,1,20.36,20.9,20.32,20.78,169400,3487946.0,derived_ohlc4
HOSE_SJS,SJS,2021-06-11 09:00:00,709,1,20.86,21.06,20.48,20.48,167200,3464384.0000000005,derived_ohlc4
HOSE_SJS,SJS,2021-06-14 09:00:00,710,1,20.51,21.06,20.4,20.82,176700,3657248.2499999995,derived_ohlc4
HOSE_SJS,SJS,2021-06-15 09:00:00,711,1,20.82,20.82,20.48,20.67,84900,1757217.7500000002,derived_ohlc4
HOSE_SJS,SJS,2021-06-16 09:00:00,712,1,21.06,21.06,20.48,20.75,98500,2052493.7499999998,derived_ohlc4
HOSE_SJS,SJS,2021-06-17 09:00:00,713,1,20.59,22.18,20.44,22.18,457300,9762211.749999998,derived_ohlc4
HOSE_SJS,SJS,2021-06-18 09:00:00,714,1,23.14,23.72,22.21,23.72,713300,16546776.749999998,derived_ohlc4
HOSE_SJS,SJS,2021-06-21 09:00:00,715,1,23.95,24.57,23.72,23.84,249800,6000196.0,derived_ohlc4
HOSE_SJS,SJS,2021-06-22 09:00:00,716,1,23.37,23.76,22.99,23.53,218800,5122655.0,derived_ohlc4
HOSE_SJS,SJS,2021-06-23 09:00:00,717,1,23.22,23.53,22.95,23.18,136300,3164886.0,derived_ohlc4
HOSE_SJS,SJS,2021-06-24 09:00:00,718,1,22.99,22.99,21.56,21.56,367700,8190517.499999999,derived_ohlc4
HOSE_SJS,SJS,2021-06-25 09:00:00,719,1,21.56,22.99,21.56,22.41,350300,7752139.0,derived_ohlc4
HOSE_SJS,SJS,2021-06-28 09:00:00,720,1,22.41,22.41,22.02,22.1,90800,2018938.0,derived_ohlc4
HOSE_SJS,SJS,2021-06-29 09:00:00,721,1,22.1,22.64,22.02,22.37,114400,2549118.0000000005,derived_ohlc4
HOSE_SJS,SJS,2021-06-30 09:00:00,722,1,22.29,22.52,22.18,22.21,70300,1567690.0000000002,derived_ohlc4
HOSE_SJS,SJS,2021-07-01 09:00:00,723,1,22.41,23.76,22.41,23.72,574700,13261202.5,derived_ohlc4
HOSE_SJS,SJS,2021-07-02 09:00:00,724,1,23.76,23.76,23.22,23.22,108900,2558061.0,derived_ohlc4
HOSE_SJS,SJS,2021-07-05 09:00:00,725,1,23.49,23.49,22.64,23.18,53500,1241200.0000000002,derived_ohlc4
HOSE_SJS,SJS,2021-07-06 09:00:00,726,1,23.53,23.53,21.63,21.63,144600,3265067.9999999995,derived_ohlc4
HOSE_SJS,SJS,2021-07-07 09:00:00,727,1,21.71,21.91,20.48,21.63,269000,5765342.5,derived_ohlc4
HOSE_SJS,SJS,2021-07-08 09:00:00,728,1,21.4,22.37,21.4,21.79,59800,1300051.9999999998,derived_ohlc4
HOSE_SJS,SJS,2021-07-09 09:00:00,729,1,21.79,22.02,21.25,21.94,151700,3299475.0,derived_ohlc4
HOSE_SJS,SJS,2021-07-12 09:00:00,730,1,23.45,23.45,22.21,23.18,615400,14198816.499999998,derived_ohlc4
HOSE_SJS,SJS,2021-07-13 09:00:00,731,1,23.76,23.76,22.79,23.18,121400,2837421.5000000005,derived_ohlc4
HOSE_SJS,SJS,2021-07-14 09:00:00,732,1,23.14,23.99,22.79,23.61,237000,5541652.499999999,derived_ohlc4
HOSE_SJS,SJS,2021-07-15 09:00:00,733,1,23.61,24.03,23.49,23.88,80700,1916826.7499999998,derived_ohlc4
HOSE_SJS,SJS,2021-07-16 09:00:00,734,1,23.8,24.26,23.76,23.76,91400,2184003.0000000005,derived_ohlc4
HOSE_SJS,SJS,2021-07-19 09:00:00,735,1,23.18,23.37,22.91,23.03,191300,4423334.25,derived_ohlc4
HOSE_SJS,SJS,2021-07-20 09:00:00,736,1,22.99,23.41,22.41,23.41,89100,2054200.5,derived_ohlc4
HOSE_SJS,SJS,2021-07-21 09:00:00,737,1,23.41,23.49,23.18,23.3,72000,1680840.0,derived_ohlc4
HOSE_SJS,SJS,2021-07-22 09:00:00,738,1,22.87,23.95,22.87,23.72,175000,4086687.5,derived_ohlc4
HOSE_SJS,SJS,2021-07-23 09:00:00,739,1,23.76,24.73,23.76,24.15,357700,8620570.0,derived_ohlc4
HOSE_SJS,SJS,2021-07-26 09:00:00,740,1,24.18,24.69,24.15,24.61,75300,1837884.7500000002,derived_ohlc4
HOSE_SJS,SJS,2021-07-27 09:00:00,741,1,24.92,25.03,24.46,24.46,86800,2145479.0,derived_ohlc4
HOSE_SJS,SJS,2021-07-28 09:00:00,742,1,24.34,24.46,23.95,23.99,124200,3003777.0,derived_ohlc4
HOSE_SJS,SJS,2021-07-29 09:00:00,743,1,24.11,24.26,23.76,24.15,70200,1689714.0,derived_ohlc4
HOSE_SJS,SJS,2021-07-30 09:00:00,744,1,24.15,24.34,23.99,24.26,119600,2892526.0,derived_ohlc4
HOSE_SJS,SJS,2021-08-02 09:00:00,745,1,24.22,24.92,23.95,24.46,209300,5104303.750000001,derived_ohlc4
HOSE_SJS,SJS,2021-08-03 09:00:00,746,1,24.46,24.92,24.34,24.73,138500,3408831.25,derived_ohlc4
HOSE_SJS,SJS,2021-08-04 09:00:00,747,1,24.34,24.84,24.34,24.46,110200,2699348.9999999995,derived_ohlc4
HOSE_SJS,SJS,2021-08-05 09:00:00,748,1,24.46,24.73,24.34,24.46,114700,2809863.2500000005,derived_ohlc4
HOSE_SJS,SJS,2021-08-06 09:00:00,749,1,24.46,24.73,24.26,24.38,214600,5248579.5,derived_ohlc4
HOSE_SJS,SJS,2021-08-09 09:00:00,750,1,24.34,24.53,24.15,24.53,111100,2709451.2500000005,derived_ohlc4
HOSE_SJS,SJS,2021-08-10 09:00:00,751,1,24.53,24.73,24.46,24.73,102700,2527703.75,derived_ohlc4
HOSE_SJS,SJS,2021-08-11 09:00:00,752,1,24.57,26.27,24.57,25.15,138400,3479376.0,derived_ohlc4
HOSE_SJS,SJS,2021-08-12 09:00:00,753,1,25.15,25.69,25.07,25.07,93400,2357882.9999999995,derived_ohlc4
HOSE_SJS,SJS,2021-08-13 09:00:00,754,1,25.07,25.11,24.53,24.8,135300,3365925.75,derived_ohlc4
HOSE_SJS,SJS,2021-08-16 09:00:00,755,1,24.8,24.84,24.49,24.53,208400,5140186.0,derived_ohlc4
HOSE_SJS,SJS,2021-08-17 09:00:00,756,1,24.38,24.84,24.38,24.61,58900,1446142.25,derived_ohlc4
HOSE_SJS,SJS,2021-08-18 09:00:00,757,1,24.61,25.34,24.49,25.15,99500,2477301.25,derived_ohlc4
HOSE_SJS,SJS,2021-08-19 09:00:00,758,1,25.15,25.19,24.92,25.0,53000,1328445.0,derived_ohlc4
HOSE_SJS,SJS,2021-08-20 09:00:00,759,1,25.0,25.0,23.76,23.95,179500,4384736.25,derived_ohlc4
HOSE_SJS,SJS,2021-08-23 09:00:00,760,1,23.95,24.46,23.95,24.15,97400,2350018.5,derived_ohlc4
HOSE_SJS,SJS,2021-08-24 09:00:00,761,1,24.15,24.53,24.11,24.15,87700,2125409.5,derived_ohlc4
HOSE_SJS,SJS,2021-08-25 09:00:00,762,1,25.3,25.3,24.34,24.92,87600,2186934.0,derived_ohlc4
HOSE_SJS,SJS,2021-08-26 09:00:00,763,1,24.92,25.3,24.73,25.11,49200,1230738.0,derived_ohlc4
HOSE_SJS,SJS,2021-08-27 09:00:00,764,1,25.11,25.11,24.53,24.76,30600,761251.5,derived_ohlc4
HOSE_SJS,SJS,2021-08-30 09:00:00,765,1,24.76,25.15,24.76,24.8,55800,1387606.5,derived_ohlc4
HOSE_SJS,SJS,2021-08-31 09:00:00,766,1,24.8,24.8,24.49,24.73,59200,1462536.0,derived_ohlc4
HOSE_SJS,SJS,2021-09-01 09:00:00,767,1,24.34,24.73,24.34,24.53,37800,925533.0,derived_ohlc4
HOSE_SJS,SJS,2021-09-06 09:00:00,768,1,25.07,25.07,24.46,24.65,31300,776631.25,derived_ohlc4
HOSE_SJS,SJS,2021-09-07 09:00:00,769,1,24.88,24.88,24.15,24.34,88300,2168868.75,derived_ohlc4
HOSE_SJS,SJS,2021-09-08 09:00:00,770,1,24.03,24.34,23.91,24.34,67500,1630462.5,derived_ohlc4
HOSE_SJS,SJS,2021-09-09 09:00:00,771,1,24.07,24.34,23.95,24.3,139000,3358935.0,derived_ohlc4
HOSE_SJS,SJS,2021-09-10 09:00:00,772,1,24.46,24.46,23.95,23.99,81200,1966258.0,derived_ohlc4
HOSE_SJS,SJS,2021-09-13 09:00:00,773,1,23.95,23.95,23.45,23.57,66200,1570925.9999999998,derived_ohlc4
HOSE_SJS,SJS,2021-09-14 09:00:00,774,1,22.79,24.15,22.79,23.76,100300,2344261.75,derived_ohlc4
HOSE_SJS,SJS,2021-09-15 09:00:00,775,1,23.76,23.95,23.68,23.95,32200,767487.0,derived_ohlc4
HOSE_SJS,SJS,2021-09-16 09:00:00,776,1,23.18,23.91,23.18,23.64,45800,1075269.5000000002,derived_ohlc4
HOSE_SJS,SJS,2021-09-17 09:00:00,777,1,23.64,23.68,23.18,23.18,121900,2854898.0,derived_ohlc4
HOSE_SJS,SJS,2021-09-20 09:00:00,778,1,23.37,24.26,22.99,23.95,124400,2941127.0,derived_ohlc4
HOSE_SJS,SJS,2021-09-21 09:00:00,779,1,23.95,23.95,23.57,23.95,82500,1968037.5,derived_ohlc4
HOSE_SJS,SJS,2021-09-22 09:00:00,780,1,24.07,25.61,23.95,25.5,350700,8691222.75,derived_ohlc4
HOSE_SJS,SJS,2021-09-23 09:00:00,781,1,25.88,25.88,25.07,25.34,57700,1473802.25,derived_ohlc4
HOSE_SJS,SJS,2021-09-24 09:00:00,782,1,24.8,25.11,24.61,25.07,33000,821617.5,derived_ohlc4
HOSE_SJS,SJS,2021-09-27 09:00:00,783,1,23.99,24.57,23.68,23.76,122800,2947200.0000000005,derived_ohlc4
HOSE_SJS,SJS,2021-09-28 09:00:00,784,1,23.33,24.15,23.33,24.07,53700,1273764.0,derived_ohlc4
HOSE_SJS,SJS,2021-09-29 09:00:00,785,1,24.07,24.07,23.99,24.03,5000,120200.0,derived_ohlc4
HOSE_SJS,SJS,2021-09-30 09:00:00,786,1,24.03,24.03,23.8,23.88,26000,622310.0,derived_ohlc4
HOSE_SJS,SJS,2021-10-01 09:00:00,787,1,23.95,24.15,23.61,23.76,43300,1033462.75,derived_ohlc4
HOSE_SJS,SJS,2021-10-04 09:00:00,788,1,24.03,24.15,23.64,24.15,32000,767760.0,derived_ohlc4
HOSE_SJS,SJS,2021-10-05 09:00:00,789,1,24.18,24.34,23.84,24.15,10700,258164.24999999997,derived_ohlc4
HOSE_SJS,SJS,2021-10-06 09:00:00,790,1,23.99,24.73,23.99,24.15,66400,1607875.9999999998,derived_ohlc4
HOSE_SJS,SJS,2021-10-07 09:00:00,791,1,24.15,24.69,24.15,24.18,18900,459128.25000000006,derived_ohlc4
HOSE_SJS,SJS,2021-10-08 09:00:00,792,1,24.18,24.69,24.15,24.34,37400,910316.0000000001,derived_ohlc4
HOSE_SJS,SJS,2021-10-11 09:00:00,793,1,24.34,24.34,24.03,24.34,36200,878302.5000000001,derived_ohlc4
HOSE_SJS,SJS,2021-10-12 09:00:00,794,1,24.73,24.73,23.99,23.99,23800,579768.0,derived_ohlc4
HOSE_SJS,SJS,2021-10-13 09:00:00,795,1,24.03,24.38,24.03,24.34,20800,503256.0,derived_ohlc4
HOSE_SJS,SJS,2021-10-14 09:00:00,796,1,24.34,24.34,23.99,24.15,31300,757616.5,derived_ohlc4
HOSE_SJS,SJS,2021-10-15 09:00:00,797,1,24.03,24.26,23.95,24.22,50200,1210573.0,derived_ohlc4
HOSE_SJS,SJS,2021-10-18 09:00:00,798,1,24.22,24.22,23.64,23.64,42000,1005060.0,derived_ohlc4
HOSE_SJS,SJS,2021-10-19 09:00:00,799,1,23.64,23.99,23.57,23.64,53100,1259000.9999999998,derived_ohlc4
HOSE_SJS,SJS,2021-10-20 09:00:00,800,1,23.68,23.76,23.57,23.72,24200,573116.4999999999,derived_ohlc4
HOSE_SJS,SJS,2021-10-21 09:00:00,801,1,23.72,23.72,23.45,23.49,38600,910767.0,derived_ohlc4
HOSE_SJS,SJS,2021-10-22 09:00:00,802,1,23.49,23.49,22.64,22.99,161200,3732183.0,derived_ohlc4
HOSE_SJS,SJS,2021-10-25 09:00:00,803,1,23.14,23.37,22.99,23.03,51100,1182070.75,derived_ohlc4
HOSE_SJS,SJS,2021-10-26 09:00:00,804,1,23.03,23.95,22.79,23.57,57200,1334762.0,derived_ohlc4
HOSE_SJS,SJS,2021-10-27 09:00:00,805,1,23.57,23.72,23.37,23.57,29000,683167.4999999999,derived_ohlc4
HOSE_SJS,SJS,2021-10-28 09:00:00,806,1,23.57,23.76,23.45,23.49,81900,1930178.25,derived_ohlc4
HOSE_SJS,SJS,2021-10-29 09:00:00,807,1,23.61,23.8,23.18,23.8,95100,2244122.25,derived_ohlc4
HOSE_SJS,SJS,2021-11-01 09:00:00,808,1,23.72,25.11,23.72,24.92,226500,5519238.75,derived_ohlc4
HOSE_SJS,SJS,2021-11-02 09:00:00,809,1,25.85,26.66,25.5,26.66,361500,9459551.25,derived_ohlc4
HOSE_SJS,SJS,2021-11-03 09:00:00,810,1,27.04,28.2,26.31,26.31,171700,4629890.5,derived_ohlc4
HOSE_SJS,SJS,2021-11-04 09:00:00,811,1,26.27,27.43,25.88,26.77,120400,3201135.0,derived_ohlc4
HOSE_SJS,SJS,2021-11-05 09:00:00,812,1,26.15,26.66,26.12,26.23,80500,2116345.0,derived_ohlc4
HOSE_SJS,SJS,2021-11-08 09:00:00,813,1,26.27,27.24,26.08,26.85,100300,2668983.0,derived_ohlc4
HOSE_SJS,SJS,2021-11-09 09:00:00,814,1,26.31,27.24,26.31,26.5,49200,1308228.0,derived_ohlc4
HOSE_SJS,SJS,2021-11-10 09:00:00,815,1,26.54,26.97,26.04,26.39,61300,1623530.5,derived_ohlc4
HOSE_SJS,SJS,2021-11-11 09:00:00,816,1,26.39,26.85,26.19,26.66,102800,2726513.0,derived_ohlc4
HOSE_SJS,SJS,2021-11-12 09:00:00,817,1,26.66,27.0,26.27,26.66,102600,2734033.4999999995,derived_ohlc4
HOSE_SJS,SJS,2021-11-15 09:00:00,818,1,26.66,26.7,26.31,26.31,62100,1645339.5,derived_ohlc4
HOSE_SJS,SJS,2021-11-16 09:00:00,819,1,26.35,28.09,26.31,27.7,199900,5419788.75,derived_ohlc4
HOSE_SJS,SJS,2021-11-17 09:00:00,820,1,27.55,28.59,27.55,28.01,103400,2887445.0,derived_ohlc4
HOSE_SJS,SJS,2021-11-18 09:00:00,821,1,27.35,29.4,27.35,29.4,252800,7173200.0,derived_ohlc4
HOSE_SJS,SJS,2021-11-19 09:00:00,822,1,30.06,30.06,27.43,28.98,162100,4722378.25,derived_ohlc4
HOSE_SJS,SJS,2021-11-22 09:00:00,823,1,28.98,29.01,26.97,27.58,251600,7078766.0,derived_ohlc4
HOSE_SJS,SJS,2021-11-23 09:00:00,824,1,26.54,28.01,26.54,28.01,100300,2735682.5,derived_ohlc4
HOSE_SJS,SJS,2021-11-24 09:00:00,825,1,28.59,28.7,27.82,28.2,86400,2447496.0,derived_ohlc4
HOSE_SJS,SJS,2021-11-25 09:00:00,826,1,29.32,29.59,28.32,29.59,194500,5680372.5,derived_ohlc4
HOSE_SJS,SJS,2021-11-26 09:00:00,827,1,27.82,30.6,27.82,29.67,188700,5468054.250000001,derived_ohlc4
HOSE_SJS,SJS,2021-11-29 09:00:00,828,1,29.75,30.48,29.67,29.98,141600,4243752.0,derived_ohlc4
HOSE_SJS,SJS,2021-11-30 09:00:00,829,1,29.83,30.48,29.71,29.75,138900,4159013.2500000005,derived_ohlc4
HOSE_SJS,SJS,2021-12-01 09:00:00,830,1,29.83,30.13,29.48,29.75,50800,1513713.0,derived_ohlc4
HOSE_SJS,SJS,2021-12-02 09:00:00,831,1,29.75,30.02,29.36,29.67,107800,3201660.0,derived_ohlc4
HOSE_SJS,SJS,2021-12-03 09:00:00,832,1,29.75,29.98,28.94,29.67,108700,3215889.5,derived_ohlc4
HOSE_SJS,SJS,2021-12-06 09:00:00,833,1,29.67,30.02,29.01,29.55,96800,2861650.0,derived_ohlc4
HOSE_SJS,SJS,2021-12-07 09:00:00,834,1,29.55,29.63,29.17,29.59,103700,3057594.5,derived_ohlc4
HOSE_SJS,SJS,2021-12-08 09:00:00,835,1,29.75,31.64,29.59,31.52,300200,9193625.0,derived_ohlc4
HOSE_SJS,SJS,2021-12-09 09:00:00,836,1,31.52,31.52,29.71,30.75,82900,2559537.5,derived_ohlc4
HOSE_SJS,SJS,2021-12-10 09:00:00,837,1,30.25,31.1,30.25,30.71,52300,1599203.25,derived_ohlc4
HOSE_SJS,SJS,2021-12-13 09:00:00,838,1,30.52,31.49,30.44,31.25,140400,4341870.0,derived_ohlc4
HOSE_SJS,SJS,2021-12-14 09:00:00,839,1,30.95,31.41,30.56,30.71,104700,3236015.25,derived_ohlc4
HOSE_SJS,SJS,2021-12-15 09:00:00,840,1,30.4,30.87,30.33,30.4,64900,1979450.0,derived_ohlc4
HOSE_SJS,SJS,2021-12-16 09:00:00,841,1,30.4,30.4,30.06,30.4,69700,2112955.5,derived_ohlc4
HOSE_SJS,SJS,2021-12-17 09:00:00,842,1,30.4,30.91,30.1,30.4,106000,3227965.0,derived_ohlc4
HOSE_SJS,SJS,2021-12-20 09:00:00,843,1,30.79,30.79,29.9,30.13,110900,3371637.2499999995,derived_ohlc4
HOSE_SJS,SJS,2021-12-21 09:00:00,844,1,30.13,31.64,29.98,30.33,47200,1440544.0,derived_ohlc4
HOSE_SJS,SJS,2021-12-22 09:00:00,845,1,30.33,30.6,30.02,30.52,64100,1946556.75,derived_ohlc4
HOSE_SJS,SJS,2021-12-23 09:00:00,846,1,31.14,31.14,29.9,30.37,60000,1838250.0000000002,derived_ohlc4
HOSE_SJS,SJS,2021-12-24 09:00:00,847,1,29.94,30.37,29.94,30.29,33700,1015549.4999999999,derived_ohlc4
HOSE_SJS,SJS,2021-12-27 09:00:00,848,1,29.01,30.13,29.01,29.59,36100,1062603.5,derived_ohlc4
HOSE_SJS,SJS,2021-12-28 09:00:00,849,1,30.21,30.33,29.71,30.33,64300,1938323.5,derived_ohlc4
HOSE_SJS,SJS,2021-12-29 09:00:00,850,1,31.22,31.22,30.37,30.6,82900,2557672.25,derived_ohlc4
HOSE_SJS,SJS,2021-12-30 09:00:00,851,1,30.33,31.06,29.75,30.52,52300,1590704.5,derived_ohlc4
HOSE_SJS,SJS,2021-12-31 09:00:00,852,1,30.64,31.72,30.52,31.68,150000,4671000.0,derived_ohlc4
HOSE_SJS,SJS,2022-01-04 09:00:00,853,1,31.49,31.68,31.29,31.29,58000,1823375.0,derived_ohlc4
HOSE_SJS,SJS,2022-01-05 09:00:00,854,1,31.37,31.52,30.79,30.87,63000,1961662.5000000002,derived_ohlc4
HOSE_SJS,SJS,2022-01-06 09:00:00,855,1,30.87,31.29,30.52,31.22,57100,1768672.4999999998,derived_ohlc4
HOSE_SJS,SJS,2022-01-07 09:00:00,856,1,31.22,31.6,30.98,31.29,108100,3380557.25,derived_ohlc4
HOSE_SJS,SJS,2022-01-10 09:00:00,857,1,30.98,31.49,30.75,31.1,81600,2536128.0,derived_ohlc4
HOSE_SJS,SJS,2022-01-11 09:00:00,858,1,31.45,33.22,30.83,32.45,241800,7734577.5,derived_ohlc4
HOSE_SJS,SJS,2022-01-12 09:00:00,859,1,32.41,32.84,30.95,32.45,142600,4586372.5,derived_ohlc4
HOSE_SJS,SJS,2022-01-13 09:00:00,860,1,32.84,32.92,32.37,32.65,107400,3511443.0,derived_ohlc4
HOSE_SJS,SJS,2022-01-14 09:00:00,861,1,32.37,34.92,32.37,34.92,514200,17300258.999999996,derived_ohlc4
HOSE_SJS,SJS,2022-01-17 09:00:00,862,1,37.28,37.28,35.08,35.35,140800,5103648.0,derived_ohlc4
HOSE_SJS,SJS,2022-01-18 09:00:00,863,1,35.35,35.5,32.88,32.92,90400,3088289.9999999995,derived_ohlc4
HOSE_SJS,SJS,2022-01-19 09:00:00,864,1,31.37,33.19,31.29,32.49,98700,3166789.5,derived_ohlc4
HOSE_SJS,SJS,2022-01-20 09:00:00,865,1,31.87,34.0,31.68,34.0,87400,2874367.5000000005,derived_ohlc4
HOSE_SJS,SJS,2022-01-21 09:00:00,866,1,34.0,34.0,32.84,33.15,49000,1641377.5,derived_ohlc4
HOSE_SJS,SJS,2022-01-24 09:00:00,867,1,30.91,32.3,30.91,31.52,88400,2776643.9999999995,derived_ohlc4
HOSE_SJS,SJS,2022-01-25 09:00:00,868,1,31.29,32.45,31.29,32.45,58000,1848460.0,derived_ohlc4
HOSE_SJS,SJS,2022-01-26 09:00:00,869,1,32.45,33.19,31.29,31.68,43300,1392203.2500000002,derived_ohlc4
HOSE_SJS,SJS,2022-01-27 09:00:00,870,1,30.98,32.45,30.98,31.33,52400,1647194.0000000002,derived_ohlc4
HOSE_SJS,SJS,2022-01-28 09:00:00,871,1,31.33,31.91,31.33,31.49,62900,1982293.4999999998,derived_ohlc4
HOSE_SJS,SJS,2022-02-07 09:00:00,872,1,31.68,32.45,31.64,32.03,15500,495225.0,derived_ohlc4
HOSE_SJS,SJS,2022-02-08 09:00:00,873,1,32.03,32.03,31.6,31.68,19400,617599.0,derived_ohlc4
HOSE_SJS,SJS,2022-02-09 09:00:00,874,1,31.68,32.1,31.1,31.87,54800,1736475.0,derived_ohlc4
HOSE_SJS,SJS,2022-02-10 09:00:00,875,1,32.41,32.41,31.8,31.95,29900,961060.75,derived_ohlc4
HOSE_SJS,SJS,2022-02-11 09:00:00,876,1,31.95,32.18,31.91,31.99,27400,877005.5,derived_ohlc4
HOSE_SJS,SJS,2022-02-14 09:00:00,877,1,31.99,32.07,31.29,31.76,33200,1055013.0,derived_ohlc4
HOSE_SJS,SJS,2022-02-15 09:00:00,878,1,31.76,32.22,31.76,32.18,20600,658788.0000000001,derived_ohlc4
HOSE_SJS,SJS,2022-02-16 09:00:00,879,1,32.18,32.65,32.1,32.65,25100,813114.5000000001,derived_ohlc4
HOSE_SJS,SJS,2022-02-17 09:00:00,880,1,32.45,32.68,32.3,32.65,11900,386987.99999999994,derived_ohlc4
HOSE_SJS,SJS,2022-02-18 09:00:00,881,1,32.49,32.8,32.07,32.8,21900,712625.9999999999,derived_ohlc4
HOSE_SJS,SJS,2022-02-21 09:00:00,882,1,32.8,33.57,32.45,33.22,44400,1465644.0000000002,derived_ohlc4
HOSE_SJS,SJS,2022-02-22 09:00:00,883,1,33.26,33.26,32.07,32.76,26400,866910.0,derived_ohlc4
HOSE_SJS,SJS,2022-02-23 09:00:00,884,1,32.92,33.42,32.45,32.88,55600,1830213.0000000002,derived_ohlc4
HOSE_SJS,SJS,2022-02-24 09:00:00,885,1,32.07,32.45,31.29,31.8,48400,1544081.0,derived_ohlc4
HOSE_SJS,SJS,2022-02-25 09:00:00,886,1,32.41,33.22,32.37,32.49,88400,2883829.0,derived_ohlc4
HOSE_SJS,SJS,2022-02-28 09:00:00,887,1,32.45,32.65,31.72,32.45,34600,1118185.4999999998,derived_ohlc4
HOSE_SJS,SJS,2022-03-01 09:00:00,888,1,32.07,32.84,31.95,32.8,41400,1341981.0,derived_ohlc4
HOSE_SJS,SJS,2022-03-02 09:00:00,889,1,32.76,32.84,32.26,32.26,60400,1964811.9999999995,derived_ohlc4
HOSE_SJS,SJS,2022-03-03 09:00:00,890,1,32.34,33.96,32.34,33.65,96300,3184881.7500000005,derived_ohlc4
HOSE_SJS,SJS,2022-03-04 09:00:00,891,1,34.0,34.07,33.65,33.69,28700,971566.75,derived_ohlc4
HOSE_SJS,SJS,2022-03-07 09:00:00,892,1,34.0,34.77,33.42,34.0,29000,987377.5,derived_ohlc4
HOSE_SJS,SJS,2022-03-08 09:00:00,893,1,33.92,34.89,33.26,34.77,87200,2983112.0,derived_ohlc4
HOSE_SJS,SJS,2022-03-09 09:00:00,894,1,35.35,35.35,34.04,34.77,14900,519674.75000000006,derived_ohlc4
HOSE_SJS,SJS,2022-03-10 09:00:00,895,1,33.8,34.77,33.8,34.62,28600,979478.4999999999,derived_ohlc4
HOSE_SJS,SJS,2022-03-11 09:00:00,896,1,33.22,34.0,33.03,33.22,25500,850871.25,derived_ohlc4
HOSE_SJS,SJS,2022-03-14 09:00:00,897,1,33.22,33.22,31.83,32.61,79100,2588152.0,derived_ohlc4
HOSE_SJS,SJS,2022-03-15 09:00:00,898,1,32.49,33.11,32.49,32.99,36800,1205936.0,derived_ohlc4
HOSE_SJS,SJS,2022-03-16 09:00:00,899,1,32.99,33.22,32.76,32.76,19500,642183.75,derived_ohlc4
HOSE_SJS,SJS,2022-03-17 09:00:00,900,1,32.84,33.61,32.84,33.07,40800,1350072.0000000002,derived_ohlc4
HOSE_SJS,SJS,2022-03-18 09:00:00,901,1,33.57,33.57,33.15,33.38,13200,441110.99999999994,derived_ohlc4
HOSE_SJS,SJS,2022-03-21 09:00:00,902,1,33.88,33.88,33.38,33.57,69600,2343954.0,derived_ohlc4
HOSE_SJS,SJS,2022-03-22 09:00:00,903,1,33.61,33.88,33.57,33.61,77800,2619331.5000000005,derived_ohlc4
HOSE_SJS,SJS,2022-03-23 09:00:00,904,1,34.0,34.0,33.42,33.46,34600,1166712.0,derived_ohlc4
HOSE_SJS,SJS,2022-03-24 09:00:00,905,1,33.5,33.69,33.5,33.69,28300,950738.5,derived_ohlc4
HOSE_SJS,SJS,2022-03-25 09:00:00,906,1,33.61,34.0,33.3,33.69,68500,2305025.0,derived_ohlc4
HOSE_SJS,SJS,2022-03-28 09:00:00,907,1,33.8,33.8,33.22,33.61,32400,1088883.0,derived_ohlc4
HOSE_SJS,SJS,2022-03-29 09:00:00,908,1,33.57,34.11,32.8,34.11,38200,1285334.5,derived_ohlc4
HOSE_SJS,SJS,2022-03-30 09:00:00,909,1,34.46,36.47,34.46,36.47,262600,9313109.0,derived_ohlc4
HOSE_SJS,SJS,2022-03-31 09:00:00,910,1,36.55,37.09,36.47,36.89,41000,1506750.0,derived_ohlc4
HOSE_SJS,SJS,2022-04-01 09:00:00,911,1,35.7,36.89,35.7,36.7,38400,1391904.0,derived_ohlc4
HOSE_SJS,SJS,2022-04-04 09:00:00,912,1,37.2,37.86,36.62,37.13,104400,3883941.0,derived_ohlc4
HOSE_SJS,SJS,2022-04-05 09:00:00,913,1,37.13,38.44,36.62,37.28,65000,2428887.5,derived_ohlc4
HOSE_SJS,SJS,2022-04-06 09:00:00,914,1,37.05,37.05,34.77,35.35,36000,1297980.0,derived_ohlc4
HOSE_SJS,SJS,2022-04-07 09:00:00,915,1,35.16,35.5,33.61,33.69,85400,2945445.9999999995,derived_ohlc4
HOSE_SJS,SJS,2022-04-08 09:00:00,916,1,33.69,34.38,33.69,33.69,45600,1544129.9999999998,derived_ohlc4
HOSE_SJS,SJS,2022-04-12 09:00:00,917,1,33.65,33.96,33.22,33.53,35100,1179009.0000000002,derived_ohlc4
HOSE_SJS,SJS,2022-04-13 09:00:00,918,1,34.0,34.0,33.42,33.61,16200,546871.5,derived_ohlc4
HOSE_SJS,SJS,2022-04-14 09:00:00,919,1,33.61,33.73,33.42,33.61,10200,342643.5,derived_ohlc4
HOSE_SJS,SJS,2022-04-15 09:00:00,920,1,32.84,33.96,32.84,33.26,36000,1196100.0,derived_ohlc4
HOSE_SJS,SJS,2022-04-18 09:00:00,921,1,32.45,33.61,31.68,32.26,54100,1758250.0,derived_ohlc4
HOSE_SJS,SJS,2022-04-19 09:00:00,922,1,32.07,32.84,30.87,32.07,64800,2071170.0,derived_ohlc4
HOSE_SJS,SJS,2022-04-20 09:00:00,923,1,32.34,32.34,30.52,31.95,47600,1513085.0,derived_ohlc4
HOSE_SJS,SJS,2022-04-21 09:00:00,924,1,30.52,31.8,29.75,31.8,34100,1055991.75,derived_ohlc4
HOSE_SJS,SJS,2022-04-22 09:00:00,925,1,31.76,32.41,29.75,31.68,46900,1472660.0,derived_ohlc4
HOSE_SJS,SJS,2022-04-25 09:00:00,926,1,30.52,30.52,29.55,30.48,46700,1413492.25,derived_ohlc4
HOSE_SJS,SJS,2022-04-26 09:00:00,927,1,30.06,30.1,29.17,29.98,38600,1151341.5,derived_ohlc4
HOSE_SJS,SJS,2022-04-27 09:00:00,928,1,29.98,30.52,29.98,30.52,18100,547525.0,derived_ohlc4
HOSE_SJS,SJS,2022-04-28 09:00:00,929,1,30.56,31.83,30.13,30.64,67600,2081404.0,derived_ohlc4
HOSE_SJS,SJS,2022-04-29 09:00:00,930,1,30.91,31.29,30.91,30.98,32300,1002026.75,derived_ohlc4
HOSE_SJS,SJS,2022-05-04 09:00:00,931,1,31.6,31.6,30.71,31.1,12900,403157.24999999994,derived_ohlc4
HOSE_SJS,SJS,2022-05-05 09:00:00,932,1,31.1,31.14,30.71,30.91,34600,1071389.0,derived_ohlc4
HOSE_SJS,SJS,2022-05-06 09:00:00,933,1,30.91,30.91,30.52,30.52,47800,1468177.0,derived_ohlc4
HOSE_SJS,SJS,2022-05-09 09:00:00,934,1,30.48,30.48,28.7,28.86,5600,165928.0,derived_ohlc4
HOSE_SJS,SJS,2022-05-10 09:00:00,935,1,28.86,29.17,27.08,28.01,8700,246036.0,derived_ohlc4
HOSE_SJS,SJS,2022-05-11 09:00:00,936,1,28.01,29.71,27.82,28.28,38500,1095517.5,derived_ohlc4
HOSE_SJS,SJS,2022-05-12 09:00:00,937,1,29.13,29.13,27.82,28.05,4400,125543.0,derived_ohlc4
HOSE_SJS,SJS,2022-05-13 09:00:00,938,1,28.01,28.01,26.12,27.2,115500,3157192.5,derived_ohlc4
HOSE_SJS,SJS,2022-05-16 09:00:00,939,1,27.2,27.24,25.88,27.2,30100,809088.0,derived_ohlc4
HOSE_SJS,SJS,2022-05-17 09:00:00,940,1,26.31,27.82,26.12,27.04,9800,262860.5,derived_ohlc4
HOSE_SJS,SJS,2022-05-18 09:00:00,941,1,27.43,27.43,26.5,27.04,44900,1216790.0,derived_ohlc4
HOSE_SJS,SJS,2022-05-19 09:00:00,942,1,27.04,27.74,27.0,27.74,15900,435342.0,derived_ohlc4
HOSE_SJS,SJS,2022-05-20 09:00:00,943,1,28.13,28.55,28.05,28.13,8500,239827.5,derived_ohlc4
HOSE_SJS,SJS,2022-05-23 09:00:00,944,1,29.32,29.32,27.28,28.13,2400,68430.0,derived_ohlc4
HOSE_SJS,SJS,2022-05-24 09:00:00,945,1,26.85,27.89,26.85,27.89,9900,270963.0,derived_ohlc4
HOSE_SJS,SJS,2022-05-25 09:00:00,946,1,27.04,27.82,26.97,27.82,19600,537285.0,derived_ohlc4
HOSE_SJS,SJS,2022-05-26 09:00:00,947,1,27.89,28.01,27.28,27.82,24200,671550.0,derived_ohlc4
HOSE_SJS,SJS,2022-05-27 09:00:00,948,1,27.78,28.05,27.58,27.97,10800,300726.0,derived_ohlc4
HOSE_SJS,SJS,2022-05-30 09:00:00,949,1,28.9,28.98,27.35,28.13,21100,597973.9999999999,derived_ohlc4
HOSE_SJS,SJS,2022-05-31 09:00:00,950,1,27.39,28.13,27.28,28.13,21800,604568.5,derived_ohlc4
HOSE_SJS,SJS,2022-06-01 09:00:00,951,1,27.43,27.93,27.28,27.93,5600,154798.0,derived_ohlc4
HOSE_SJS,SJS,2022-06-02 09:00:00,952,1,27.39,28.86,27.35,27.35,16400,454894.99999999994,derived_ohlc4
HOSE_SJS,SJS,2022-06-03 09:00:00,953,1,27.24,27.85,27.24,27.82,4300,118411.25,derived_ohlc4
HOSE_SJS,SJS,2022-06-06 09:00:00,954,1,26.46,27.89,26.46,27.24,11700,316046.25,derived_ohlc4
HOSE_SJS,SJS,2022-06-07 09:00:00,955,1,27.08,27.43,26.85,27.43,15300,416121.74999999994,derived_ohlc4
HOSE_SJS,SJS,2022-06-08 09:00:00,956,1,28.24,28.67,27.43,28.51,35200,993080.0000000001,derived_ohlc4
HOSE_SJS,SJS,2022-06-09 09:00:00,957,1,28.01,30.48,27.43,30.44,55500,1614495.0,derived_ohlc4
HOSE_SJS,SJS,2022-06-10 09:00:00,958,1,29.75,30.91,29.75,30.91,21400,649062.0,derived_ohlc4
HOSE_SJS,SJS,2022-06-13 09:00:00,959,1,30.17,30.91,29.25,30.48,55200,1667178.0,derived_ohlc4
HOSE_SJS,SJS,2022-06-14 09:00:00,960,1,30.71,30.71,29.79,30.71,25700,783336.0000000001,derived_ohlc4
HOSE_SJS,SJS,2022-06-15 09:00:00,961,1,31.52,31.52,29.75,29.75,29800,912922.9999999999,derived_ohlc4
HOSE_SJS,SJS,2022-06-16 09:00:00,962,1,30.83,30.83,29.94,29.94,13600,413236.0,derived_ohlc4
HOSE_SJS,SJS,2022-06-17 09:00:00,963,1,29.25,29.75,29.05,29.25,9000,263925.0,derived_ohlc4
HOSE_SJS,SJS,2022-06-20 09:00:00,964,1,29.36,29.36,27.51,27.82,13400,382067.50000000006,derived_ohlc4
HOSE_SJS,SJS,2022-06-21 09:00:00,965,1,27.82,28.9,26.66,26.66,16700,459416.99999999994,derived_ohlc4
HOSE_SJS,SJS,2022-06-22 09:00:00,966,1,25.92,28.16,25.92,27.35,16700,448186.25,derived_ohlc4
HOSE_SJS,SJS,2022-06-23 09:00:00,967,1,27.35,27.82,26.93,27.62,5800,159094.0,derived_ohlc4
HOSE_SJS,SJS,2022-06-24 09:00:00,968,1,27.82,27.82,27.2,27.78,5900,163164.5,derived_ohlc4
HOSE_SJS,SJS,2022-06-27 09:00:00,969,1,27.78,28.2,27.04,28.2,10600,294733.00000000006,derived_ohlc4
HOSE_SJS,SJS,2022-06-28 09:00:00,970,1,28.94,28.94,26.27,28.16,14300,401508.25,derived_ohlc4
HOSE_SJS,SJS,2022-06-29 09:00:00,971,1,28.13,28.13,26.27,27.82,12000,331050.0,derived_ohlc4
HOSE_SJS,SJS,2022-06-30 09:00:00,972,1,26.7,27.82,26.7,27.78,8900,242525.0,derived_ohlc4
HOSE_SJS,SJS,2022-07-01 09:00:00,973,1,26.85,27.97,25.85,27.82,17200,466507.00000000006,derived_ohlc4
HOSE_SJS,SJS,2022-07-04 09:00:00,974,1,27.74,27.82,26.66,27.82,5000,137550.0,derived_ohlc4
HOSE_SJS,SJS,2022-07-05 09:00:00,975,1,26.73,27.78,26.73,27.78,3000,81765.00000000001,derived_ohlc4
HOSE_SJS,SJS,2022-07-06 09:00:00,976,1,27.62,27.66,26.27,27.04,12400,336629.0,derived_ohlc4
HOSE_SJS,SJS,2022-07-07 09:00:00,977,1,27.04,27.04,25.88,26.89,53400,1426447.5,derived_ohlc4
HOSE_SJS,SJS,2022-07-08 09:00:00,978,1,26.93,26.93,25.92,26.66,6200,164982.0,derived_ohlc4
HOSE_SJS,SJS,2022-07-11 09:00:00,979,1,26.85,26.85,25.88,26.66,12700,337312.0,derived_ohlc4
HOSE_SJS,SJS,2022-07-12 09:00:00,980,1,26.04,27.0,25.96,26.81,18200,481435.5,derived_ohlc4
HOSE_SJS,SJS,2022-07-13 09:00:00,981,1,27.78,27.78,26.08,26.81,20100,544961.25,derived_ohlc4
HOSE_SJS,SJS,2022-07-14 09:00:00,982,1,26.81,26.81,26.12,26.81,43900,1169386.25,derived_ohlc4
HOSE_SJS,SJS,2022-07-15 09:00:00,983,1,26.39,27.04,26.27,27.04,15800,421623.00000000006,derived_ohlc4
HOSE_SJS,SJS,2022-07-18 09:00:00,984,1,27.04,27.24,26.46,27.0,20700,557554.5,derived_ohlc4
HOSE_SJS,SJS,2022-07-19 09:00:00,985,1,26.43,27.0,26.39,27.0,3000,80115.0,derived_ohlc4
HOSE_SJS,SJS,2022-07-20 09:00:00,986,1,27.43,27.43,26.7,27.16,20000,543600.0,derived_ohlc4
HOSE_SJS,SJS,2022-07-21 09:00:00,987,1,26.77,27.74,26.77,27.16,12800,347008.0,derived_ohlc4
HOSE_SJS,SJS,2022-07-22 09:00:00,988,1,27.08,27.35,26.85,27.28,8200,222548.0,derived_ohlc4
HOSE_SJS,SJS,2022-07-25 09:00:00,989,1,27.82,27.82,26.27,27.39,8500,232262.5,derived_ohlc4
HOSE_SJS,SJS,2022-07-26 09:00:00,990,1,27.35,27.74,26.73,27.35,1800,49126.50000000001,derived_ohlc4
HOSE_SJS,SJS,2022-07-27 09:00:00,991,1,26.66,27.24,26.27,27.24,8800,236302.0,derived_ohlc4
HOSE_SJS,SJS,2022-07-28 09:00:00,992,1,27.16,27.16,26.73,27.12,13200,356961.0,derived_ohlc4
HOSE_SJS,SJS,2022-07-29 09:00:00,993,1,27.04,27.16,26.54,27.16,3100,83622.5,derived_ohlc4
HOSE_SJS,SJS,2022-08-01 09:00:00,994,1,27.0,27.0,26.27,27.0,8900,238675.75,derived_ohlc4
HOSE_SJS,SJS,2022-08-02 09:00:00,995,1,27.04,27.04,26.66,27.0,10500,282817.5,derived_ohlc4
HOSE_SJS,SJS,2022-08-03 09:00:00,996,1,27.0,27.0,26.66,26.89,5500,147881.25,derived_ohlc4
HOSE_SJS,SJS,2022-08-04 09:00:00,997,1,26.85,26.85,26.46,26.81,14200,379743.5,derived_ohlc4
HOSE_SJS,SJS,2022-08-05 09:00:00,998,1,26.66,27.24,26.58,27.12,10100,271690.0,derived_ohlc4
HOSE_SJS,SJS,2022-08-08 09:00:00,999,1,26.77,27.0,26.62,26.77,10700,286653.0,derived_ohlc4
HOSE_SJS,SJS,2022-08-09 09:00:00,1000,1,27.16,27.16,26.54,26.81,4800,129204.0,derived_ohlc4
HOSE_SJS,SJS,2022-08-10 09:00:00,1001,1,26.5,26.89,26.46,26.46,12300,326903.25,derived_ohlc4
HOSE_SJS,SJS,2022-08-11 09:00:00,1002,1,26.31,27.04,26.31,27.0,83400,2223861.0,derived_ohlc4
HOSE_SJS,SJS,2022-08-12 09:00:00,1003,1,27.04,27.04,26.62,26.97,16600,446830.5,derived_ohlc4
HOSE_SJS,SJS,2022-08-15 09:00:00,1004,1,26.93,26.97,26.31,26.66,17600,470227.99999999994,derived_ohlc4
HOSE_SJS,SJS,2022-08-16 09:00:00,1005,1,26.97,26.97,26.27,26.77,7600,203261.99999999997,derived_ohlc4
HOSE_SJS,SJS,2022-08-17 09:00:00,1006,1,26.35,26.58,26.08,26.58,17800,469875.49999999994,derived_ohlc4
HOSE_SJS,SJS,2022-08-18 09:00:00,1007,1,26.08,26.58,26.08,26.58,25600,674048.0,derived_ohlc4
HOSE_SJS,SJS,2022-08-19 09:00:00,1008,1,26.54,26.54,26.08,26.54,7400,195544.99999999997,derived_ohlc4
HOSE_SJS,SJS,2022-08-22 09:00:00,1009,1,25.58,26.27,25.58,26.08,19900,514962.24999999994,derived_ohlc4
HOSE_SJS,SJS,2022-08-23 09:00:00,1010,1,26.04,26.85,25.77,26.85,17100,451055.24999999994,derived_ohlc4
HOSE_SJS,SJS,2022-08-24 09:00:00,1011,1,26.23,27.04,26.23,26.93,69600,1851882.0000000002,derived_ohlc4
HOSE_SJS,SJS,2022-08-25 09:00:00,1012,1,26.93,28.59,26.93,28.43,61400,1702008.0,derived_ohlc4
HOSE_SJS,SJS,2022-08-26 09:00:00,1013,1,28.59,28.59,27.43,27.97,2400,67548.0,derived_ohlc4
HOSE_SJS,SJS,2022-08-29 09:00:00,1014,1,26.81,27.78,26.66,27.78,12200,332541.5,derived_ohlc4
HOSE_SJS,SJS,2022-08-30 09:00:00,1015,1,27.78,27.93,27.04,27.24,65100,1790087.25,derived_ohlc4
HOSE_SJS,SJS,2022-08-31 09:00:00,1016,1,26.85,27.08,26.81,27.08,6400,172512.0,derived_ohlc4
HOSE_SJS,SJS,2022-09-05 09:00:00,1017,1,27.04,27.24,26.81,27.2,11700,316748.25,derived_ohlc4
HOSE_SJS,SJS,2022-09-06 09:00:00,1018,1,26.85,27.04,26.7,27.04,5800,156063.5,derived_ohlc4
HOSE_SJS,SJS,2022-09-07 09:00:00,1019,1,27.0,27.24,26.66,26.89,23200,625182.0,derived_ohlc4
HOSE_SJS,SJS,2022-09-08 09:00:00,1020,1,26.27,27.04,26.27,26.89,4200,111793.5,derived_ohlc4
HOSE_SJS,SJS,2022-09-09 09:00:00,1021,1,26.85,26.85,26.27,26.85,25000,667625.0,derived_ohlc4
HOSE_SJS,SJS,2022-09-12 09:00:00,1022,1,26.35,26.66,26.35,26.66,10900,288904.5,derived_ohlc4
HOSE_SJS,SJS,2022-09-13 09:00:00,1023,1,26.66,26.66,26.27,26.5,5500,145873.75,derived_ohlc4
HOSE_SJS,SJS,2022-09-14 09:00:00,1024,1,26.27,26.66,25.34,26.46,103500,2709888.7499999995,derived_ohlc4
HOSE_SJS,SJS,2022-09-15 09:00:00,1025,1,26.27,26.46,26.08,26.39,46900,1233470.0,derived_ohlc4
HOSE_SJS,SJS,2022-09-16 09:00:00,1026,1,26.66,26.66,25.92,26.27,8000,211020.0,derived_ohlc4
HOSE_SJS,SJS,2022-09-19 09:00:00,1027,1,26.35,26.35,25.69,26.19,79200,2070684.0,derived_ohlc4
HOSE_SJS,SJS,2022-09-20 09:00:00,1028,1,26.19,26.23,25.69,26.23,19900,519091.5,derived_ohlc4
HOSE_SJS,SJS,2022-09-21 09:00:00,1029,1,25.58,26.15,25.58,26.15,10000,258650.00000000003,derived_ohlc4
HOSE_SJS,SJS,2022-09-22 09:00:00,1030,1,25.0,26.27,24.96,26.27,31300,802062.4999999999,derived_ohlc4
HOSE_SJS,SJS,2022-09-23 09:00:00,1031,1,25.65,26.62,25.65,26.62,49000,1280615.0,derived_ohlc4
HOSE_SJS,SJS,2022-09-26 09:00:00,1032,1,26.08,26.62,25.11,26.19,43300,1125800.0,derived_ohlc4
HOSE_SJS,SJS,2022-09-27 09:00:00,1033,1,25.81,26.08,25.34,25.5,7900,202891.75,derived_ohlc4
HOSE_SJS,SJS,2022-09-28 09:00:00,1034,1,25.11,25.42,24.34,25.11,56400,1409718.0,derived_ohlc4
HOSE_SJS,SJS,2022-09-29 09:00:00,1035,1,25.11,25.85,24.46,24.88,31100,779832.5,derived_ohlc4
HOSE_SJS,SJS,2022-09-30 09:00:00,1036,1,24.73,24.84,23.18,24.73,31800,774966.0,derived_ohlc4
HOSE_SJS,SJS,2022-10-03 09:00:00,1037,1,23.99,24.69,23.57,23.95,22500,541125.0,derived_ohlc4
HOSE_SJS,SJS,2022-10-04 09:00:00,1038,1,23.95,24.3,23.18,23.72,31500,749306.25,derived_ohlc4
HOSE_SJS,SJS,2022-10-05 09:00:00,1039,1,23.57,23.95,23.22,23.95,19700,466348.25,derived_ohlc4
HOSE_SJS,SJS,2022-10-06 09:00:00,1040,1,23.57,23.95,23.18,23.57,13300,313447.74999999994,derived_ohlc4
HOSE_SJS,SJS,2022-10-07 09:00:00,1041,1,23.18,23.18,21.94,22.18,73300,1658045.9999999998,derived_ohlc4
HOSE_SJS,SJS,2022-10-10 09:00:00,1042,1,20.67,22.37,20.67,22.02,35800,767283.5,derived_ohlc4
HOSE_SJS,SJS,2022-10-11 09:00:00,1043,1,21.63,22.37,20.86,22.37,54200,1181966.5,derived_ohlc4
HOSE_SJS,SJS,2022-10-12 09:00:00,1044,1,22.41,23.18,22.21,23.18,29600,673252.0000000001,derived_ohlc4
HOSE_SJS,SJS,2022-10-13 09:00:00,1045,1,23.18,23.3,22.41,23.22,14800,340807.0,derived_ohlc4
HOSE_SJS,SJS,2022-10-14 09:00:00,1046,1,23.22,23.76,22.68,23.57,13000,302997.49999999994,derived_ohlc4
HOSE_SJS,SJS,2022-10-17 09:00:00,1047,1,23.14,23.88,22.79,23.57,12600,294147.0,derived_ohlc4
HOSE_SJS,SJS,2022-10-18 09:00:00,1048,1,24.92,24.92,23.95,24.92,26500,653953.75,derived_ohlc4
HOSE_SJS,SJS,2022-10-19 09:00:00,1049,1,24.92,25.88,24.34,25.88,48300,1219816.5,derived_ohlc4
HOSE_SJS,SJS,2022-10-20 09:00:00,1050,1,25.5,26.23,25.5,25.5,3400,87320.5,derived_ohlc4
HOSE_SJS,SJS,2022-10-21 09:00:00,1051,1,24.88,24.92,23.99,24.65,11800,290398.0,derived_ohlc4
HOSE_SJS,SJS,2022-10-24 09:00:00,1052,1,24.53,24.53,22.95,22.95,46000,1092040.0,derived_ohlc4
HOSE_SJS,SJS,2022-10-25 09:00:00,1053,1,22.91,23.91,22.25,23.91,8700,202231.49999999997,derived_ohlc4
HOSE_SJS,SJS,2022-10-26 09:00:00,1054,1,23.57,24.69,23.57,24.69,500,12065.000000000002,derived_ohlc4
HOSE_SJS,SJS,2022-10-27 09:00:00,1055,1,23.84,24.61,23.45,24.53,9800,236253.50000000003,derived_ohlc4
HOSE_SJS,SJS,2022-10-28 09:00:00,1056,1,24.73,24.73,23.57,24.34,3100,75461.75,derived_ohlc4
HOSE_SJS,SJS,2022-10-31 09:00:00,1057,1,24.34,24.34,22.64,24.03,4900,116803.75,derived_ohlc4
HOSE_SJS,SJS,2022-11-01 09:00:00,1058,1,24.15,24.15,23.18,23.57,11900,282773.74999999994,derived_ohlc4
HOSE_SJS,SJS,2022-11-02 09:00:00,1059,1,23.22,23.22,22.79,23.18,18700,432016.75,derived_ohlc4
HOSE_SJS,SJS,2022-11-03 09:00:00,1060,1,23.45,23.45,22.6,23.18,18700,433279.00000000006,derived_ohlc4
HOSE_SJS,SJS,2022-11-04 09:00:00,1061,1,23.49,23.49,22.41,23.18,39400,911814.4999999999,derived_ohlc4
HOSE_SJS,SJS,2022-11-07 09:00:00,1062,1,22.48,22.48,22.25,22.37,28500,638257.5000000001,derived_ohlc4
HOSE_SJS,SJS,2022-11-08 09:00:00,1063,1,23.18,23.18,21.25,22.41,35200,792176.0,derived_ohlc4
HOSE_SJS,SJS,2022-11-09 09:00:00,1064,1,23.1,23.1,22.02,22.21,34300,775437.2500000001,derived_ohlc4
HOSE_SJS,SJS,2022-11-10 09:00:00,1065,1,23.53,23.53,20.67,21.44,99200,2211416.0,derived_ohlc4
HOSE_SJS,SJS,2022-11-11 09:00:00,1066,1,22.33,22.33,19.97,21.06,101900,2182952.75,derived_ohlc4
HOSE_SJS,SJS,2022-11-14 09:00:00,1067,1,19.7,20.82,19.59,19.59,11500,229137.5,derived_ohlc4
HOSE_SJS,SJS,2022-11-15 09:00:00,1068,1,18.24,18.24,18.24,18.24,900,16416.0,derived_ohlc4
HOSE_SJS,SJS,2022-11-16 09:00:00,1069,1,16.96,16.96,16.96,16.96,12800,217088.0,derived_ohlc4
HOSE_SJS,SJS,2022-11-17 09:00:00,1070,1,15.78,15.78,15.78,15.78,742400,11715072.0,derived_ohlc4
HOSE_SJS,SJS,2022-11-18 09:00:00,1071,1,14.68,16.19,14.68,15.78,687300,10538027.25,derived_ohlc4
HOSE_SJS,SJS,2022-11-21 09:00:00,1072,1,16.19,16.61,15.07,15.76,113900,1811864.2499999998,derived_ohlc4
HOSE_SJS,SJS,2022-11-22 09:00:00,1073,1,14.66,15.74,14.66,15.65,197700,3000591.75,derived_ohlc4
HOSE_SJS,SJS,2022-11-23 09:00:00,1074,1,15.63,15.63,14.66,15.61,57600,886032.0,derived_ohlc4
HOSE_SJS,SJS,2022-11-24 09:00:00,1075,1,14.53,15.55,14.53,15.55,101200,1522048.0,derived_ohlc4
HOSE_SJS,SJS,2022-11-25 09:00:00,1076,1,14.91,15.65,14.78,15.65,52100,794394.75,derived_ohlc4
HOSE_SJS,SJS,2022-11-28 09:00:00,1077,1,16.38,16.38,15.38,16.21,22300,358751.24999999994,derived_ohlc4
HOSE_SJS,SJS,2022-11-29 09:00:00,1078,1,16.23,16.23,15.57,16.23,46300,743809.5000000001,derived_ohlc4
HOSE_SJS,SJS,2022-11-30 09:00:00,1079,1,15.53,17.15,15.53,17.15,17200,281048.0,derived_ohlc4
HOSE_SJS,SJS,2022-12-01 09:00:00,1080,1,18.27,18.35,17.91,18.35,37200,677784.0,derived_ohlc4
HOSE_SJS,SJS,2022-12-02 09:00:00,1081,1,18.35,19.55,18.35,19.55,30700,581765.0000000001,derived_ohlc4
HOSE_SJS,SJS,2022-12-05 09:00:00,1082,1,19.59,19.78,18.93,19.32,19500,378397.5,derived_ohlc4
HOSE_SJS,SJS,2022-12-06 09:00:00,1083,1,18.56,19.32,18.27,18.27,32500,604662.4999999999,derived_ohlc4
HOSE_SJS,SJS,2022-12-07 09:00:00,1084,1,19.28,19.28,17.48,17.54,15600,286962.00000000006,derived_ohlc4
HOSE_SJS,SJS,2022-12-08 09:00:00,1085,1,18.76,18.76,17.54,17.54,13900,252284.99999999997,derived_ohlc4
HOSE_SJS,SJS,2022-12-09 09:00:00,1086,1,17.46,18.35,17.39,18.35,11000,196762.50000000003,derived_ohlc4
HOSE_SJS,SJS,2022-12-12 09:00:00,1087,1,18.95,19.24,17.46,18.54,25300,469251.75,derived_ohlc4
HOSE_SJS,SJS,2022-12-13 09:00:00,1088,1,19.05,19.05,17.77,19.05,23800,445774.0,derived_ohlc4
HOSE_SJS,SJS,2022-12-14 09:00:00,1089,1,19.32,19.51,18.54,19.28,31000,594037.5,derived_ohlc4
HOSE_SJS,SJS,2022-12-15 09:00:00,1090,1,18.54,19.32,18.51,18.51,32900,615888.0000000001,derived_ohlc4
HOSE_SJS,SJS,2022-12-16 09:00:00,1091,1,18.54,19.12,18.2,18.51,41500,771588.75,derived_ohlc4
HOSE_SJS,SJS,2022-12-19 09:00:00,1092,1,18.85,18.85,18.35,18.54,32900,613502.75,derived_ohlc4
HOSE_SJS,SJS,2022-12-20 09:00:00,1093,1,18.7,18.93,17.39,17.46,39500,715739.9999999999,derived_ohlc4
HOSE_SJS,SJS,2022-12-21 09:00:00,1094,1,18.0,18.04,16.81,17.77,38600,681482.9999999999,derived_ohlc4
HOSE_SJS,SJS,2022-12-22 09:00:00,1095,1,17.4,17.85,17.39,17.39,7800,136558.5,derived_ohlc4
HOSE_SJS,SJS,2022-12-23 09:00:00,1096,1,17.39,18.54,17.31,18.54,31000,556295.0,derived_ohlc4
HOSE_SJS,SJS,2022-12-26 09:00:00,1097,1,18.89,18.89,17.81,17.81,8800,161480.0,derived_ohlc4
HOSE_SJS,SJS,2022-12-27 09:00:00,1098,1,17.81,18.16,17.58,17.58,11800,209833.5,derived_ohlc4
HOSE_SJS,SJS,2022-12-28 09:00:00,1099,1,17.77,17.77,17.58,17.58,13600,240379.99999999997,derived_ohlc4
HOSE_SJS,SJS,2022-12-29 09:00:00,1100,1,17.39,17.62,16.61,17.42,13300,229558.00000000003,derived_ohlc4
HOSE_SJS,SJS,2022-12-30 09:00:00,1101,1,17.46,17.58,17.04,17.58,22400,390096.0,derived_ohlc4
HOSE_SJS,SJS,2023-01-03 09:00:00,1102,1,17.73,18.39,17.58,18.39,31000,558697.5,derived_ohlc4
HOSE_SJS,SJS,2023-01-04 09:00:00,1103,1,17.62,17.77,17.23,17.23,11000,192087.50000000003,derived_ohlc4
HOSE_SJS,SJS,2023-01-05 09:00:00,1104,1,17.39,17.77,17.21,17.21,8000,139160.0,derived_ohlc4
HOSE_SJS,SJS,2023-01-06 09:00:00,1105,1,17.42,17.42,17.0,17.02,10000,172150.0,derived_ohlc4
HOSE_SJS,SJS,2023-01-09 09:00:00,1106,1,17.0,18.12,17.0,18.12,3400,59704.00000000001,derived_ohlc4
HOSE_SJS,SJS,2023-01-10 09:00:00,1107,1,17.39,17.77,17.23,17.31,219800,3830015.0,derived_ohlc4
HOSE_SJS,SJS,2023-01-11 09:00:00,1108,1,17.39,17.39,16.82,17.13,12400,213063.0,derived_ohlc4
HOSE_SJS,SJS,2023-01-12 09:00:00,1109,1,17.11,17.77,17.1,17.77,1400,24412.5,derived_ohlc4
HOSE_SJS,SJS,2023-01-13 09:00:00,1110,1,17.77,18.16,17.77,18.16,12500,224562.5,derived_ohlc4
HOSE_SJS,SJS,2023-01-16 09:00:00,1111,1,17.58,18.12,17.39,18.12,2300,40945.75000000001,derived_ohlc4
HOSE_SJS,SJS,2023-01-17 09:00:00,1112,1,17.23,18.08,17.23,18.08,5300,93571.5,derived_ohlc4
HOSE_SJS,SJS,2023-01-18 09:00:00,1113,1,17.42,18.08,17.42,18.08,4500,79875.0,derived_ohlc4
HOSE_SJS,SJS,2023-01-19 09:00:00,1114,1,17.5,18.16,17.5,18.16,9000,160469.99999999997,derived_ohlc4
HOSE_SJS,SJS,2023-01-27 09:00:00,1115,1,17.77,18.54,17.77,18.54,312100,5666175.5,derived_ohlc4
HOSE_SJS,SJS,2023-01-30 09:00:00,1116,1,18.74,18.81,17.83,18.54,52200,964655.9999999999,derived_ohlc4
HOSE_SJS,SJS,2023-01-31 09:00:00,1117,1,18.74,18.74,17.42,18.54,22200,407592.0,derived_ohlc4
HOSE_SJS,SJS,2023-02-01 09:00:00,1118,1,17.91,18.54,17.91,18.43,2400,43673.99999999999,derived_ohlc4
HOSE_SJS,SJS,2023-02-02 09:00:00,1119,1,18.47,18.47,17.96,17.96,45500,828782.5,derived_ohlc4
HOSE_SJS,SJS,2023-02-03 09:00:00,1120,1,17.77,18.27,17.44,18.12,61800,1106220.0000000002,derived_ohlc4
HOSE_SJS,SJS,2023-02-06 09:00:00,1121,1,17.69,18.33,17.39,18.33,6700,120164.49999999999,derived_ohlc4
HOSE_SJS,SJS,2023-02-07 09:00:00,1122,1,18.35,18.35,17.62,17.64,82000,1475180.0000000002,derived_ohlc4
HOSE_SJS,SJS,2023-02-08 09:00:00,1123,1,18.16,18.16,17.54,18.08,149300,2685160.5,derived_ohlc4
HOSE_SJS,SJS,2023-02-09 09:00:00,1124,1,18.47,18.47,18.0,18.04,124600,2273326.9999999995,derived_ohlc4
HOSE_SJS,SJS,2023-02-10 09:00:00,1125,1,17.89,18.54,17.64,17.64,68100,1220862.7500000002,derived_ohlc4
HOSE_SJS,SJS,2023-02-13 09:00:00,1126,1,18.08,18.08,17.39,17.69,146200,2603822.0,derived_ohlc4
HOSE_SJS,SJS,2023-02-14 09:00:00,1127,1,18.0,18.0,17.42,17.69,366700,6519009.25,derived_ohlc4
HOSE_SJS,SJS,2023-02-15 09:00:00,1128,1,17.96,17.96,17.42,17.42,102300,1809687.0000000002,derived_ohlc4
HOSE_SJS,SJS,2023-02-16 09:00:00,1129,1,17.44,17.69,17.39,17.58,110300,1933007.4999999998,derived_ohlc4
HOSE_SJS,SJS,2023-02-17 09:00:00,1130,1,17.58,17.58,17.39,17.42,66400,1161502.0,derived_ohlc4
HOSE_SJS,SJS,2023-02-20 09:00:00,1131,1,17.5,17.69,17.39,17.46,70500,1234454.9999999998,derived_ohlc4
HOSE_SJS,SJS,2023-02-21 09:00:00,1132,1,18.47,18.47,17.31,17.46,44000,788810.0000000001,derived_ohlc4
HOSE_SJS,SJS,2023-02-22 09:00:00,1133,1,17.58,17.58,17.04,17.54,61900,1079226.5,derived_ohlc4
HOSE_SJS,SJS,2023-02-23 09:00:00,1134,1,17.5,17.5,16.32,17.42,69800,1199513.0000000002,derived_ohlc4
HOSE_SJS,SJS,2023-02-24 09:00:00,1135,1,17.33,17.35,16.73,17.31,66800,1147624.0,derived_ohlc4
HOSE_SJS,SJS,2023-02-27 09:00:00,1136,1,17.27,17.27,16.61,17.19,46500,794452.5,derived_ohlc4
HOSE_SJS,SJS,2023-02-28 09:00:00,1137,1,16.65,17.19,16.26,17.19,9700,163178.25000000003,derived_ohlc4
HOSE_SJS,SJS,2023-03-01 09:00:00,1138,1,16.46,17.39,16.46,17.19,15900,268312.5,derived_ohlc4
HOSE_SJS,SJS,2023-03-02 09:00:00,1139,1,17.19,17.19,16.81,17.11,4200,71715.0,derived_ohlc4
HOSE_SJS,SJS,2023-03-03 09:00:00,1140,1,17.11,17.11,16.61,16.92,20200,342137.5,derived_ohlc4
HOSE_SJS,SJS,2023-03-06 09:00:00,1141,1,17.0,17.54,16.61,17.54,40600,697203.5,derived_ohlc4
HOSE_SJS,SJS,2023-03-07 09:00:00,1142,1,17.52,17.52,17.52,17.52,2000,35040.0,derived_ohlc4
HOSE_SJS,SJS,2023-03-08 09:00:00,1143,1,17.5,17.5,16.65,17.31,71300,1229212.0,derived_ohlc4
HOSE_SJS,SJS,2023-03-09 09:00:00,1144,1,17.27,17.58,17.19,17.19,112500,1947093.7499999998,derived_ohlc4
HOSE_SJS,SJS,2023-03-10 09:00:00,1145,1,17.35,17.37,16.81,17.37,83600,1440010.0000000002,derived_ohlc4
HOSE_SJS,SJS,2023-03-13 09:00:00,1146,1,16.69,17.39,16.65,17.39,1200,20436.0,derived_ohlc4
HOSE_SJS,SJS,2023-03-14 09:00:00,1147,1,16.69,17.31,16.65,17.31,3400,57765.99999999999,derived_ohlc4
HOSE_SJS,SJS,2023-03-15 09:00:00,1148,1,17.0,17.31,17.0,17.04,105300,1799313.7499999998,derived_ohlc4
HOSE_SJS,SJS,2023-03-16 09:00:00,1149,1,17.46,17.46,16.46,17.0,398000,6803810.0,derived_ohlc4
HOSE_SJS,SJS,2023-03-17 09:00:00,1150,1,16.92,17.0,16.03,17.0,256900,4299863.75,derived_ohlc4
HOSE_SJS,SJS,2023-03-20 09:00:00,1151,1,17.19,17.19,16.96,17.08,154800,2647854.0,derived_ohlc4
HOSE_SJS,SJS,2023-03-21 09:00:00,1152,1,17.39,17.39,17.0,17.0,189800,3263611.0,derived_ohlc4
HOSE_SJS,SJS,2023-03-22 09:00:00,1153,1,16.84,17.0,16.28,17.0,157200,2637816.0,derived_ohlc4
HOSE_SJS,SJS,2023-03-23 09:00:00,1154,1,17.0,17.0,16.88,16.96,81900,1389024.0,derived_ohlc4
HOSE_SJS,SJS,2023-03-24 09:00:00,1155,1,16.61,16.92,16.61,16.92,25100,420801.5,derived_ohlc4
HOSE_SJS,SJS,2023-03-27 09:00:00,1156,1,16.32,16.88,16.3,16.61,143900,2378307.25,derived_ohlc4
HOSE_SJS,SJS,2023-03-28 09:00:00,1157,1,16.26,17.39,16.26,17.39,28300,476147.50000000006,derived_ohlc4
HOSE_SJS,SJS,2023-03-29 09:00:00,1158,1,17.54,17.54,16.17,17.33,51700,886396.5,derived_ohlc4
HOSE_SJS,SJS,2023-03-30 09:00:00,1159,1,17.35,17.35,16.25,17.23,11100,189199.50000000003,derived_ohlc4
HOSE_SJS,SJS,2023-03-31 09:00:00,1160,1,16.36,16.96,16.36,16.61,32000,530319.9999999999,derived_ohlc4
HOSE_SJS,SJS,2023-04-03 09:00:00,1161,1,16.54,16.61,16.11,16.61,66800,1100029.0,derived_ohlc4
HOSE_SJS,SJS,2023-04-04 09:00:00,1162,1,16.73,16.73,16.23,16.54,26900,445396.74999999994,derived_ohlc4
HOSE_SJS,SJS,2023-04-05 09:00:00,1163,1,16.23,16.42,15.53,16.4,50500,815322.5000000001,derived_ohlc4
HOSE_SJS,SJS,2023-04-06 09:00:00,1164,1,15.84,16.42,15.84,16.23,8500,136701.25000000003,derived_ohlc4
HOSE_SJS,SJS,2023-04-07 09:00:00,1165,1,15.78,16.3,15.78,16.11,33300,532550.25,derived_ohlc4
HOSE_SJS,SJS,2023-04-10 09:00:00,1166,1,15.84,16.23,15.72,16.23,22100,353710.5,derived_ohlc4
HOSE_SJS,SJS,2023-04-11 09:00:00,1167,1,15.86,17.0,15.86,16.21,265400,4308105.5,derived_ohlc4
HOSE_SJS,SJS,2023-04-12 09:00:00,1168,1,16.19,16.19,15.84,16.11,25100,403670.75,derived_ohlc4
HOSE_SJS,SJS,2023-04-13 09:00:00,1169,1,16.11,16.11,15.57,16.07,46900,748758.5,derived_ohlc4
HOSE_SJS,SJS,2023-04-14 09:00:00,1170,1,15.45,15.94,15.45,15.94,24400,382958.0,derived_ohlc4
HOSE_SJS,SJS,2023-04-17 09:00:00,1171,1,15.47,15.86,15.14,15.86,33500,522013.75,derived_ohlc4
HOSE_SJS,SJS,2023-04-18 09:00:00,1172,1,15.86,15.86,15.53,15.8,17400,274267.5,derived_ohlc4
HOSE_SJS,SJS,2023-04-19 09:00:00,1173,1,15.61,15.8,15.45,15.8,10600,166049.0,derived_ohlc4
HOSE_SJS,SJS,2023-04-20 09:00:00,1174,1,15.76,15.8,15.36,15.8,28400,445312.0,derived_ohlc4
HOSE_SJS,SJS,2023-04-21 09:00:00,1175,1,15.26,15.97,15.26,15.84,16300,253994.75,derived_ohlc4
HOSE_SJS,SJS,2023-04-24 09:00:00,1176,1,15.84,15.84,15.38,15.84,63500,998537.5000000001,derived_ohlc4
HOSE_SJS,SJS,2023-04-25 09:00:00,1177,1,15.51,16.23,15.47,16.23,39800,631228.0,derived_ohlc4
HOSE_SJS,SJS,2023-04-26 09:00:00,1178,1,16.42,16.42,15.14,16.21,86200,1383294.5,derived_ohlc4
HOSE_SJS,SJS,2023-04-27 09:00:00,1179,1,16.21,16.23,15.45,16.21,134100,2148952.5,derived_ohlc4
HOSE_SJS,SJS,2023-04-28 09:00:00,1180,1,16.61,16.92,15.57,16.03,55000,895537.4999999999,derived_ohlc4
HOSE_SJS,SJS,2023-05-04 09:00:00,1181,1,15.57,16.03,15.57,16.03,26100,412380.0,derived_ohlc4
HOSE_SJS,SJS,2023-05-05 09:00:00,1182,1,15.96,15.96,15.41,15.82,54100,854103.75,derived_ohlc4
HOSE_SJS,SJS,2023-05-08 09:00:00,1183,1,16.03,16.23,15.45,16.03,101800,1622183.0000000002,derived_ohlc4
HOSE_SJS,SJS,2023-05-09 09:00:00,1184,1,15.63,15.84,15.61,15.84,179200,2818816.0,derived_ohlc4
HOSE_SJS,SJS,2023-05-10 09:00:00,1185,1,15.76,15.84,15.67,15.76,183700,2894652.75,derived_ohlc4
HOSE_SJS,SJS,2023-05-11 09:00:00,1186,1,15.65,15.76,15.61,15.76,85200,1337213.9999999998,derived_ohlc4
HOSE_SJS,SJS,2023-05-12 09:00:00,1187,1,15.74,15.84,15.59,15.76,158400,2492028.0,derived_ohlc4
HOSE_SJS,SJS,2023-05-15 09:00:00,1188,1,15.59,15.78,15.45,15.76,541800,8476460.999999998,derived_ohlc4
HOSE_SJS,SJS,2023-05-16 09:00:00,1189,1,15.76,16.44,15.57,16.42,254400,4082484.0,derived_ohlc4
HOSE_SJS,SJS,2023-05-17 09:00:00,1190,1,15.69,16.42,15.69,15.84,405500,6451505.0,derived_ohlc4
HOSE_SJS,SJS,2023-05-18 09:00:00,1191,1,15.84,16.19,15.53,16.11,61200,974151.0,derived_ohlc4
HOSE_SJS,SJS,2023-05-19 09:00:00,1192,1,16.09,16.09,15.57,15.97,16300,259659.0,derived_ohlc4
HOSE_SJS,SJS,2023-05-22 09:00:00,1193,1,15.61,15.97,15.61,15.84,94100,1482780.75,derived_ohlc4
HOSE_SJS,SJS,2023-05-23 09:00:00,1194,1,15.82,15.92,15.69,15.84,144300,2282465.25,derived_ohlc4
HOSE_SJS,SJS,2023-05-24 09:00:00,1195,1,15.84,16.26,15.74,16.03,386000,6163455.0,derived_ohlc4
HOSE_SJS,SJS,2023-05-25 09:00:00,1196,1,15.86,17.15,15.86,17.15,459900,7590649.5,derived_ohlc4
HOSE_SJS,SJS,2023-05-26 09:00:00,1197,1,18.1,18.14,17.15,17.19,61200,1079874.0,derived_ohlc4
HOSE_SJS,SJS,2023-05-29 09:00:00,1198,1,17.04,17.77,16.69,17.06,184400,3160616.0,derived_ohlc4
HOSE_SJS,SJS,2023-05-30 09:00:00,1199,1,17.08,17.71,17.06,17.39,86300,1493853.0,derived_ohlc4
HOSE_SJS,SJS,2023-05-31 09:00:00,1200,1,17.42,17.69,17.19,17.39,85300,1486139.25,derived_ohlc4
HOSE_SJS,SJS,2023-06-01 09:00:00,1201,1,17.21,17.27,17.08,17.27,9900,170354.25,derived_ohlc4
HOSE_SJS,SJS,2023-06-02 09:00:00,1202,1,17.19,17.31,17.02,17.27,19500,335351.24999999994,derived_ohlc4
HOSE_SJS,SJS,2023-06-05 09:00:00,1203,1,17.27,17.27,17.0,17.19,47400,814450.5,derived_ohlc4
HOSE_SJS,SJS,2023-06-06 09:00:00,1204,1,16.57,17.0,16.52,17.0,4700,78830.75,derived_ohlc4
HOSE_SJS,SJS,2023-06-07 09:00:00,1205,1,17.0,17.0,16.48,16.94,33500,564642.5,derived_ohlc4
HOSE_SJS,SJS,2023-06-08 09:00:00,1206,1,16.81,17.0,16.5,16.5,10200,170365.5,derived_ohlc4
HOSE_SJS,SJS,2023-06-09 09:00:00,1207,1,16.46,16.54,16.26,16.54,19400,319130.00000000006,derived_ohlc4
HOSE_SJS,SJS,2023-06-12 09:00:00,1208,1,16.61,17.0,16.34,17.0,29300,490408.75,derived_ohlc4
HOSE_SJS,SJS,2023-06-13 09:00:00,1209,1,16.61,16.94,16.42,16.94,25100,419860.25,derived_ohlc4
HOSE_SJS,SJS,2023-06-14 09:00:00,1210,1,16.81,16.81,16.44,16.44,17600,292600.0,derived_ohlc4
HOSE_SJS,SJS,2023-06-15 09:00:00,1211,1,16.44,16.71,16.44,16.46,8700,143658.75000000003,derived_ohlc4
HOSE_SJS,SJS,2023-06-16 09:00:00,1212,1,16.54,16.61,16.34,16.34,33000,543097.5,derived_ohlc4
HOSE_SJS,SJS,2023-06-19 09:00:00,1213,1,16.26,16.46,15.92,16.46,12700,206692.49999999997,derived_ohlc4
HOSE_SJS,SJS,2023-06-20 09:00:00,1214,1,16.34,16.4,16.05,16.4,13500,220016.25,derived_ohlc4
HOSE_SJS,SJS,2023-06-21 09:00:00,1215,1,16.11,16.38,16.07,16.38,23400,379899.0,derived_ohlc4
HOSE_SJS,SJS,2023-06-22 09:00:00,1216,1,16.38,16.69,16.38,16.65,12900,213172.49999999997,derived_ohlc4
HOSE_SJS,SJS,2023-06-23 09:00:00,1217,1,16.71,16.71,16.23,16.23,4100,67527.00000000001,derived_ohlc4
HOSE_SJS,SJS,2023-06-26 09:00:00,1218,1,16.11,16.5,16.03,16.07,4200,67945.50000000001,derived_ohlc4
HOSE_SJS,SJS,2023-06-27 09:00:00,1219,1,16.48,16.48,15.72,16.3,31200,506844.00000000006,derived_ohlc4
HOSE_SJS,SJS,2023-06-28 09:00:00,1220,1,16.3,16.3,15.92,16.03,6600,106507.50000000001,derived_ohlc4
HOSE_SJS,SJS,2023-06-29 09:00:00,1221,1,16.03,16.19,15.76,16.19,12600,202135.5,derived_ohlc4
HOSE_SJS,SJS,2023-06-30 09:00:00,1222,1,15.84,16.19,15.84,16.19,7100,113706.5,derived_ohlc4
HOSE_SJS,SJS,2023-07-03 09:00:00,1223,1,16.19,16.19,16.05,16.05,2500,40300.0,derived_ohlc4
HOSE_SJS,SJS,2023-07-04 09:00:00,1224,1,16.03,16.07,15.92,16.05,16900,270695.75000000006,derived_ohlc4
HOSE_SJS,SJS,2023-07-05 09:00:00,1225,1,16.05,16.23,15.99,16.05,14200,228336.00000000003,derived_ohlc4
HOSE_SJS,SJS,2023-07-06 09:00:00,1226,1,15.84,16.05,15.84,16.05,14700,234391.5,derived_ohlc4
HOSE_SJS,SJS,2023-07-07 09:00:00,1227,1,16.23,16.23,15.84,16.23,6000,96795.0,derived_ohlc4
HOSE_SJS,SJS,2023-07-10 09:00:00,1228,1,15.96,16.23,15.96,16.23,268900,4327945.5,derived_ohlc4
HOSE_SJS,SJS,2023-07-11 09:00:00,1229,1,15.99,17.0,15.99,16.84,224600,3695793.0000000005,derived_ohlc4
HOSE_SJS,SJS,2023-07-12 09:00:00,1230,1,16.61,16.82,16.61,16.61,92500,1541281.2500000002,derived_ohlc4
HOSE_SJS,SJS,2023-07-13 09:00:00,1231,1,16.61,16.75,16.42,16.61,106800,1772613.0,derived_ohlc4
HOSE_SJS,SJS,2023-07-14 09:00:00,1232,1,16.65,17.19,16.65,16.73,52700,885623.5,derived_ohlc4
HOSE_SJS,SJS,2023-07-17 09:00:00,1233,1,16.73,17.0,16.55,17.0,99300,1670226.0,derived_ohlc4
HOSE_SJS,SJS,2023-07-18 09:00:00,1234,1,17.0,17.54,16.71,17.31,245500,4207870.0,derived_ohlc4
HOSE_SJS,SJS,2023-07-19 09:00:00,1235,1,17.04,17.73,17.04,17.73,240300,4177615.4999999995,derived_ohlc4
HOSE_SJS,SJS,2023-07-20 09:00:00,1236,1,17.71,17.77,17.02,17.77,445000,7817537.5,derived_ohlc4
HOSE_SJS,SJS,2023-07-21 09:00:00,1237,1,17.31,17.77,17.27,17.54,294500,5145651.249999999,derived_ohlc4
HOSE_SJS,SJS,2023-07-24 09:00:00,1238,1,17.39,17.96,17.39,17.96,115000,2032625.0,derived_ohlc4
HOSE_SJS,SJS,2023-07-25 09:00:00,1239,1,17.96,18.51,17.89,18.08,35800,648338.0,derived_ohlc4
HOSE_SJS,SJS,2023-07-26 09:00:00,1240,1,18.2,19.32,18.16,19.32,71800,1346250.0,derived_ohlc4
HOSE_SJS,SJS,2023-07-27 09:00:00,1241,1,20.28,20.67,20.24,20.67,25600,523904.0,derived_ohlc4
HOSE_SJS,SJS,2023-07-28 09:00:00,1242,1,22.1,22.1,22.1,22.1,17200,380120.0,derived_ohlc4
HOSE_SJS,SJS,2023-07-31 09:00:00,1243,1,23.64,23.64,22.1,22.91,352400,8130748.999999999,derived_ohlc4
HOSE_SJS,SJS,2023-08-01 09:00:00,1244,1,23.1,24.15,22.79,23.84,341400,8012658.0,derived_ohlc4
HOSE_SJS,SJS,2023-08-02 09:00:00,1245,1,22.83,23.57,22.72,23.37,78700,1819740.7500000002,derived_ohlc4
HOSE_SJS,SJS,2023-08-03 09:00:00,1246,1,23.37,23.37,22.02,22.79,77000,1762337.5000000002,derived_ohlc4
HOSE_SJS,SJS,2023-08-04 09:00:00,1247,1,22.79,22.79,21.63,22.76,86800,1952349.0,derived_ohlc4
HOSE_SJS,SJS,2023-08-07 09:00:00,1248,1,22.14,23.68,22.02,22.1,14100,317038.5,derived_ohlc4
HOSE_SJS,SJS,2023-08-08 09:00:00,1249,1,22.1,22.14,21.63,21.71,67400,1475723.0000000002,derived_ohlc4
HOSE_SJS,SJS,2023-08-09 09:00:00,1250,1,20.94,23.22,20.94,23.22,179100,3954527.9999999995,derived_ohlc4
HOSE_SJS,SJS,2023-08-10 09:00:00,1251,1,24.84,24.84,23.61,24.84,131300,3221117.25,derived_ohlc4
HOSE_SJS,SJS,2023-08-11 09:00:00,1252,1,25.42,25.85,24.84,24.92,142100,3589090.75,derived_ohlc4
HOSE_SJS,SJS,2023-08-14 09:00:00,1253,1,24.18,25.5,24.03,24.15,164900,4034278.5000000005,derived_ohlc4
HOSE_SJS,SJS,2023-08-15 09:00:00,1254,1,24.18,24.18,23.18,23.18,110900,2626112.0,derived_ohlc4
HOSE_SJS,SJS,2023-08-16 09:00:00,1255,1,23.14,24.73,22.79,23.68,98900,2332556.5,derived_ohlc4
HOSE_SJS,SJS,2023-08-17 09:00:00,1256,1,23.72,23.72,23.18,23.26,78500,1842395.0000000002,derived_ohlc4
HOSE_SJS,SJS,2023-08-18 09:00:00,1257,1,23.18,23.18,21.63,21.63,59300,1328616.4999999998,derived_ohlc4
HOSE_SJS,SJS,2023-08-21 09:00:00,1258,1,21.63,21.63,20.48,21.44,43900,934850.4999999999,derived_ohlc4
HOSE_SJS,SJS,2023-08-22 09:00:00,1259,1,21.87,21.87,20.01,21.13,51800,1099196.0,derived_ohlc4
HOSE_SJS,SJS,2023-08-23 09:00:00,1260,1,21.25,21.25,20.09,20.28,24500,507578.75,derived_ohlc4
HOSE_SJS,SJS,2023-08-24 09:00:00,1261,1,19.78,21.67,19.78,21.67,281100,5825797.5,derived_ohlc4
HOSE_SJS,SJS,2023-08-25 09:00:00,1262,1,23.03,23.03,21.71,22.99,60100,1363669.0,derived_ohlc4
HOSE_SJS,SJS,2023-08-28 09:00:00,1263,1,22.21,23.1,22.02,23.1,11300,255464.75000000003,derived_ohlc4
HOSE_SJS,SJS,2023-08-29 09:00:00,1264,1,23.18,23.18,22.21,23.1,23700,543144.7499999999,derived_ohlc4
HOSE_SJS,SJS,2023-08-30 09:00:00,1265,1,22.41,23.18,22.41,23.18,11100,253024.50000000003,derived_ohlc4
HOSE_SJS,SJS,2023-08-31 09:00:00,1266,1,23.1,23.3,22.64,23.18,12100,278965.5,derived_ohlc4
HOSE_SJS,SJS,2023-09-05 09:00:00,1267,1,23.18,23.37,21.56,22.99,280400,6386110.0,derived_ohlc4
HOSE_SJS,SJS,2023-09-06 09:00:00,1268,1,22.02,23.1,22.02,22.41,276200,6183427.5,derived_ohlc4
HOSE_SJS,SJS,2023-09-07 09:00:00,1269,1,22.14,23.18,22.06,22.06,280500,6271980.0,derived_ohlc4
HOSE_SJS,SJS,2023-09-08 09:00:00,1270,1,22.06,22.76,22.02,22.41,242500,5410781.25,derived_ohlc4
HOSE_SJS,SJS,2023-09-11 09:00:00,1271,1,22.41,23.14,21.91,22.41,233200,5239420.999999999,derived_ohlc4
HOSE_SJS,SJS,2023-09-12 09:00:00,1272,1,22.68,22.68,22.02,22.48,205800,4623297.0,derived_ohlc4
HOSE_SJS,SJS,2023-09-13 09:00:00,1273,1,22.72,22.76,22.1,22.6,120100,2707654.5,derived_ohlc4
HOSE_SJS,SJS,2023-09-14 09:00:00,1274,1,22.21,22.56,21.63,22.41,85200,1891652.9999999998,derived_ohlc4
HOSE_SJS,SJS,2023-09-15 09:00:00,1275,1,22.41,22.41,22.25,22.41,105200,2353323.9999999995,derived_ohlc4
HOSE_SJS,SJS,2023-09-18 09:00:00,1276,1,22.41,22.95,22.41,22.79,161500,3656360.0,derived_ohlc4
HOSE_SJS,SJS,2023-09-19 09:00:00,1277,1,22.79,22.79,22.29,22.79,109900,2490883.5,derived_ohlc4
HOSE_SJS,SJS,2023-09-20 09:00:00,1278,1,22.6,24.38,22.56,24.34,166400,3905408.0000000005,derived_ohlc4
HOSE_SJS,SJS,2023-09-21 09:00:00,1279,1,24.34,24.65,23.64,23.95,106900,2581100.5,derived_ohlc4
HOSE_SJS,SJS,2023-09-22 09:00:00,1280,1,23.84,23.84,22.41,23.64,43000,1007597.5,derived_ohlc4
HOSE_SJS,SJS,2023-09-25 09:00:00,1281,1,23.64,23.95,22.76,23.57,49700,1166956.0000000002,derived_ohlc4
HOSE_SJS,SJS,2023-09-26 09:00:00,1282,1,22.14,23.18,22.14,23.18,33200,752312.0000000001,derived_ohlc4
HOSE_SJS,SJS,2023-09-27 09:00:00,1283,1,23.41,23.95,22.48,23.91,114000,2671875.0,derived_ohlc4
HOSE_SJS,SJS,2023-09-28 09:00:00,1284,1,23.84,24.34,23.18,23.72,80200,1906354.0,derived_ohlc4
HOSE_SJS,SJS,2023-09-29 09:00:00,1285,1,23.49,24.22,23.49,23.91,118500,2817633.7499999995,derived_ohlc4
HOSE_SJS,SJS,2023-10-02 09:00:00,1286,1,23.95,24.49,23.37,24.18,125300,3006886.7500000005,derived_ohlc4
HOSE_SJS,SJS,2023-10-03 09:00:00,1287,1,23.45,24.3,23.41,23.88,91200,2166912.0,derived_ohlc4
HOSE_SJS,SJS,2023-10-04 09:00:00,1288,1,24.03,24.03,23.33,23.76,131600,3130435.0,derived_ohlc4
HOSE_SJS,SJS,2023-10-05 09:00:00,1289,1,23.84,23.95,23.37,23.88,157100,3732695.9999999995,derived_ohlc4
HOSE_SJS,SJS,2023-10-06 09:00:00,1290,1,23.53,24.15,23.33,23.99,121200,2878499.9999999995,derived_ohlc4
HOSE_SJS,SJS,2023-10-09 09:00:00,1291,1,23.88,24.15,23.33,23.91,169300,4032302.75,derived_ohlc4
HOSE_SJS,SJS,2023-10-10 09:00:00,1292,1,23.95,24.15,23.33,23.95,188900,4504320.5,derived_ohlc4
HOSE_SJS,SJS,2023-10-11 09:00:00,1293,1,24.18,24.18,23.03,23.03,157800,3724869.0,derived_ohlc4
HOSE_SJS,SJS,2023-10-12 09:00:00,1294,1,23.26,23.57,22.87,23.57,128600,2998630.5000000005,derived_ohlc4
HOSE_SJS,SJS,2023-10-13 09:00:00,1295,1,23.37,23.53,22.64,23.53,77200,1796251.0000000002,derived_ohlc4
HOSE_SJS,SJS,2023-10-16 09:00:00,1296,1,22.79,23.37,22.14,23.18,235000,5374449.999999999,derived_ohlc4
HOSE_SJS,SJS,2023-10-17 09:00:00,1297,1,22.6,23.33,22.56,22.79,162200,3701404.0,derived_ohlc4
HOSE_SJS,SJS,2023-10-18 09:00:00,1298,1,22.02,22.79,21.33,21.33,127200,2781546.0,derived_ohlc4
HOSE_SJS,SJS,2023-10-19 09:00:00,1299,1,22.21,22.56,20.94,21.75,172400,3769525.9999999995,derived_ohlc4
HOSE_SJS,SJS,2023-10-20 09:00:00,1300,1,20.9,22.18,20.9,22.02,145600,3130400.0,derived_ohlc4
HOSE_SJS,SJS,2023-10-23 09:00:00,1301,1,22.79,22.79,21.29,22.6,130700,2923432.25,derived_ohlc4
HOSE_SJS,SJS,2023-10-24 09:00:00,1302,1,22.72,22.76,21.63,22.72,151600,3404557.0,derived_ohlc4
HOSE_SJS,SJS,2023-10-25 09:00:00,1303,1,23.1,23.18,22.02,22.79,241400,5497281.5,derived_ohlc4
HOSE_SJS,SJS,2023-10-26 09:00:00,1304,1,22.72,22.72,21.36,22.18,98300,2186683.4999999995,derived_ohlc4
HOSE_SJS,SJS,2023-10-27 09:00:00,1305,1,21.48,22.21,21.44,22.18,76800,1676352.0,derived_ohlc4
HOSE_SJS,SJS,2023-10-30 09:00:00,1306,1,22.21,22.52,21.83,22.1,23200,514228.0,derived_ohlc4
HOSE_SJS,SJS,2023-10-31 09:00:00,1307,1,22.33,22.33,21.79,22.02,210200,4649098.499999999,derived_ohlc4
HOSE_SJS,SJS,2023-11-01 09:00:00,1308,1,21.44,22.25,21.33,21.91,224500,4878946.25,derived_ohlc4
HOSE_SJS,SJS,2023-11-02 09:00:00,1309,1,21.98,22.41,21.44,22.41,146900,3240614.0,derived_ohlc4
HOSE_SJS,SJS,2023-11-03 09:00:00,1310,1,22.45,23.95,21.83,23.8,408400,9396262.999999998,derived_ohlc4
HOSE_SJS,SJS,2023-11-06 09:00:00,1311,1,24.92,25.15,23.61,23.88,218700,5334093.0,derived_ohlc4
HOSE_SJS,SJS,2023-11-07 09:00:00,1312,1,23.88,24.49,23.22,24.07,273800,6547927.0,derived_ohlc4
HOSE_SJS,SJS,2023-11-08 09:00:00,1313,1,24.07,24.26,23.18,24.26,323100,7735821.75,derived_ohlc4
HOSE_SJS,SJS,2023-11-09 09:00:00,1314,1,24.26,24.88,23.41,24.15,250900,6065507.499999999,derived_ohlc4
HOSE_SJS,SJS,2023-11-10 09:00:00,1315,1,24.15,24.34,23.18,23.18,405600,9617790.0,derived_ohlc4
HOSE_SJS,SJS,2023-11-13 09:00:00,1316,1,23.1,23.64,22.83,23.45,263500,6127692.5,derived_ohlc4
HOSE_SJS,SJS,2023-11-14 09:00:00,1317,1,23.57,23.57,23.06,23.06,262300,6115524.5,derived_ohlc4
HOSE_SJS,SJS,2023-11-15 09:00:00,1318,1,23.03,23.88,23.03,23.76,426300,9986077.5,derived_ohlc4
HOSE_SJS,SJS,2023-11-16 09:00:00,1319,1,23.57,23.95,23.37,23.8,260600,6169053.5,derived_ohlc4
HOSE_SJS,SJS,2023-11-17 09:00:00,1320,1,23.41,24.73,23.41,24.34,302000,7239695.0,derived_ohlc4
HOSE_SJS,SJS,2023-11-20 09:00:00,1321,1,24.3,24.73,23.95,24.53,283200,6903708.0,derived_ohlc4
HOSE_SJS,SJS,2023-11-21 09:00:00,1322,1,24.73,24.73,24.34,24.73,193600,4768852.0,derived_ohlc4
HOSE_SJS,SJS,2023-11-22 09:00:00,1323,1,25.07,26.43,24.53,26.43,625000,16009375.000000002,derived_ohlc4
HOSE_SJS,SJS,2023-11-23 09:00:00,1324,1,27.0,27.2,26.15,26.15,148100,3943162.5,derived_ohlc4
HOSE_SJS,SJS,2023-11-24 09:00:00,1325,1,25.58,26.04,24.73,25.46,121800,3100114.5,derived_ohlc4
HOSE_SJS,SJS,2023-11-27 09:00:00,1326,1,25.5,26.85,25.5,26.35,201700,5254284.999999999,derived_ohlc4
HOSE_SJS,SJS,2023-11-28 09:00:00,1327,1,27.28,27.28,26.0,26.04,85400,2275910.0,derived_ohlc4
HOSE_SJS,SJS,2023-11-29 09:00:00,1328,1,26.08,27.04,26.04,26.12,154800,4074336.0,derived_ohlc4
HOSE_SJS,SJS,2023-11-30 09:00:00,1329,1,26.5,27.93,26.27,27.93,516900,14037711.75,derived_ohlc4
HOSE_SJS,SJS,2023-12-01 09:00:00,1330,1,28.2,28.2,27.24,28.13,233000,6510602.5,derived_ohlc4
HOSE_SJS,SJS,2023-12-04 09:00:00,1331,1,27.47,28.16,27.47,28.16,205300,5710419.499999999,derived_ohlc4
HOSE_SJS,SJS,2023-12-05 09:00:00,1332,1,27.82,28.51,27.82,28.2,467200,13122480.000000002,derived_ohlc4
HOSE_SJS,SJS,2023-12-06 09:00:00,1333,1,27.97,28.59,27.78,27.78,345400,9681562.0,derived_ohlc4
HOSE_SJS,SJS,2023-12-07 09:00:00,1334,1,27.58,28.09,26.23,27.12,161800,4409859.0,derived_ohlc4
HOSE_SJS,SJS,2023-12-08 09:00:00,1335,1,27.74,27.74,26.43,26.66,51100,1386981.75,derived_ohlc4
HOSE_SJS,SJS,2023-12-11 09:00:00,1336,1,26.27,27.31,26.27,27.08,208000,5560360.0,derived_ohlc4
HOSE_SJS,SJS,2023-12-12 09:00:00,1337,1,26.85,27.43,26.85,27.43,189200,5134888.0,derived_ohlc4
HOSE_SJS,SJS,2023-12-13 09:00:00,1338,1,27.43,27.47,26.89,26.89,217700,5914909.0,derived_ohlc4
HOSE_SJS,SJS,2023-12-14 09:00:00,1339,1,26.89,27.0,25.27,26.54,114000,3012449.9999999995,derived_ohlc4
HOSE_SJS,SJS,2023-12-15 09:00:00,1340,1,27.31,27.31,26.27,26.54,170800,4587261.0,derived_ohlc4
HOSE_SJS,SJS,2023-12-18 09:00:00,1341,1,26.43,27.66,26.43,27.16,218500,5882020.0,derived_ohlc4
HOSE_SJS,SJS,2023-12-19 09:00:00,1342,1,27.16,28.01,26.85,27.12,209100,5705293.500000001,derived_ohlc4
HOSE_SJS,SJS,2023-12-20 09:00:00,1343,1,26.66,27.04,25.88,26.15,232700,6150842.749999999,derived_ohlc4
HOSE_SJS,SJS,2023-12-21 09:00:00,1344,1,26.31,26.97,25.96,26.85,83600,2217281.0,derived_ohlc4
HOSE_SJS,SJS,2023-12-22 09:00:00,1345,1,27.39,27.39,26.35,26.66,238600,6429673.499999999,derived_ohlc4
HOSE_SJS,SJS,2023-12-25 09:00:00,1346,1,26.73,27.04,26.35,26.97,205300,5496394.25,derived_ohlc4
HOSE_SJS,SJS,2023-12-26 09:00:00,1347,1,27.04,27.62,26.85,27.16,174900,4751595.749999999,derived_ohlc4
HOSE_SJS,SJS,2023-12-27 09:00:00,1348,1,26.85,27.43,26.85,26.93,45300,1223779.5,derived_ohlc4
HOSE_SJS,SJS,2023-12-28 09:00:00,1349,1,26.85,27.28,26.85,27.2,204000,5517180.0,derived_ohlc4
HOSE_SJS,SJS,2023-12-29 09:00:00,1350,1,26.89,27.24,26.73,26.81,27900,750998.25,derived_ohlc4
HOSE_SJS,SJS,2024-01-02 09:00:00,1351,1,26.77,27.28,26.46,27.04,220600,5931382.499999999,derived_ohlc4
HOSE_SJS,SJS,2024-01-03 09:00:00,1352,1,26.43,27.43,26.43,27.04,202700,5438947.749999999,derived_ohlc4
HOSE_SJS,SJS,2024-01-04 09:00:00,1353,1,26.46,27.0,26.46,26.93,35700,953636.25,derived_ohlc4
HOSE_SJS,SJS,2024-01-05 09:00:00,1354,1,26.93,27.2,26.46,26.89,58000,1558460.0,derived_ohlc4
HOSE_SJS,SJS,2024-01-08 09:00:00,1355,1,27.04,27.04,26.54,26.73,216600,5813002.5,derived_ohlc4
HOSE_SJS,SJS,2024-01-09 09:00:00,1356,1,26.54,26.81,26.27,26.27,392400,10387808.999999998,derived_ohlc4
HOSE_SJS,SJS,2024-01-10 09:00:00,1357,1,26.43,26.85,26.08,26.54,406600,10764735.0,derived_ohlc4
HOSE_SJS,SJS,2024-01-11 09:00:00,1358,1,26.77,26.77,25.88,26.27,138500,3659516.25,derived_ohlc4
HOSE_SJS,SJS,2024-01-12 09:00:00,1359,1,26.5,26.5,26.08,26.27,184000,4846100.0,derived_ohlc4
HOSE_SJS,SJS,2024-01-15 09:00:00,1360,1,26.23,26.23,26.0,26.12,216200,5652549.000000001,derived_ohlc4
HOSE_SJS,SJS,2024-01-16 09:00:00,1361,1,26.46,26.66,26.08,26.35,125800,3319547.5000000005,derived_ohlc4
HOSE_SJS,SJS,2024-01-17 09:00:00,1362,1,26.54,26.54,26.08,26.43,243000,6414592.5,derived_ohlc4
HOSE_SJS,SJS,2024-01-18 09:00:00,1363,1,26.39,26.43,26.08,26.23,120300,3161784.7500000005,derived_ohlc4
HOSE_SJS,SJS,2024-01-19 09:00:00,1364,1,26.35,26.97,26.23,26.58,180100,4778503.25,derived_ohlc4
HOSE_SJS,SJS,2024-01-22 09:00:00,1365,1,26.27,27.0,26.27,26.66,190600,5060429.999999999,derived_ohlc4
HOSE_SJS,SJS,2024-01-23 09:00:00,1366,1,26.66,26.93,26.19,26.66,391800,10425798.0,derived_ohlc4
HOSE_SJS,SJS,2024-01-24 09:00:00,1367,1,26.27,26.66,26.27,26.62,358900,9494699.5,derived_ohlc4
HOSE_SJS,SJS,2024-01-25 09:00:00,1368,1,26.31,26.93,26.12,26.12,618900,16320393.0,derived_ohlc4
HOSE_SJS,SJS,2024-01-26 09:00:00,1369,1,26.08,26.58,26.08,26.23,304100,7980344.25,derived_ohlc4
HOSE_SJS,SJS,2024-01-29 09:00:00,1370,1,26.23,26.35,26.08,26.19,133300,3494126.25,derived_ohlc4
HOSE_SJS,SJS,2024-01-30 09:00:00,1371,1,26.19,26.66,25.96,26.5,279300,7353270.75,derived_ohlc4
HOSE_SJS,SJS,2024-01-31 09:00:00,1372,1,26.19,26.39,26.19,26.27,25800,677508.0,derived_ohlc4
HOSE_SJS,SJS,2024-02-01 09:00:00,1373,1,26.15,26.35,26.12,26.15,41500,1086988.75,derived_ohlc4
HOSE_SJS,SJS,2024-02-02 09:00:00,1374,1,26.19,26.66,26.12,26.66,55600,1468257.0,derived_ohlc4
HOSE_SJS,SJS,2024-02-05 09:00:00,1375,1,26.58,26.58,26.31,26.46,25900,685896.75,derived_ohlc4
HOSE_SJS,SJS,2024-02-06 09:00:00,1376,1,26.62,26.62,26.35,26.46,16000,424200.00000000006,derived_ohlc4
HOSE_SJS,SJS,2024-02-07 09:00:00,1377,1,26.46,26.58,26.27,26.58,41200,1090667.0,derived_ohlc4
HOSE_SJS,SJS,2024-02-15 09:00:00,1378,1,27.04,27.04,26.62,26.73,27000,725152.5,derived_ohlc4
HOSE_SJS,SJS,2024-02-16 09:00:00,1379,1,26.23,26.89,26.19,26.62,56200,1488316.5,derived_ohlc4
HOSE_SJS,SJS,2024-02-19 09:00:00,1380,1,26.62,26.7,26.54,26.66,18300,487329.0,derived_ohlc4
HOSE_SJS,SJS,2024-02-20 09:00:00,1381,1,26.93,26.93,26.54,26.66,29200,781538.0,derived_ohlc4
HOSE_SJS,SJS,2024-02-21 09:00:00,1382,1,26.66,28.2,26.54,27.74,209100,5705293.5,derived_ohlc4
HOSE_SJS,SJS,2024-02-22 09:00:00,1383,1,27.43,27.93,27.39,27.43,138000,3801210.0000000005,derived_ohlc4
HOSE_SJS,SJS,2024-02-23 09:00:00,1384,1,27.43,27.82,27.04,27.58,59000,1620582.4999999998,derived_ohlc4
HOSE_SJS,SJS,2024-02-26 09:00:00,1385,1,27.7,27.7,27.04,27.58,83000,2282915.0,derived_ohlc4
HOSE_SJS,SJS,2024-02-27 09:00:00,1386,1,27.58,27.78,27.08,27.43,135600,3724593.0,derived_ohlc4
HOSE_SJS,SJS,2024-02-28 09:00:00,1387,1,27.43,29.01,27.43,28.9,410700,11578659.750000002,derived_ohlc4
HOSE_SJS,SJS,2024-02-29 09:00:00,1388,1,29.98,29.98,28.78,29.13,85700,2525364.75,derived_ohlc4
HOSE_SJS,SJS,2024-03-01 09:00:00,1389,1,29.52,29.52,28.59,29.17,169500,4949400.0,derived_ohlc4
HOSE_SJS,SJS,2024-03-04 09:00:00,1390,1,29.32,29.32,28.51,29.05,171200,4973360.0,derived_ohlc4
HOSE_SJS,SJS,2024-03-05 09:00:00,1391,1,28.59,29.09,28.2,29.09,222800,6403829.0,derived_ohlc4
HOSE_SJS,SJS,2024-03-06 09:00:00,1392,1,29.13,29.55,28.43,29.13,151500,4402590.0,derived_ohlc4
HOSE_SJS,SJS,2024-03-07 09:00:00,1393,1,28.4,29.25,28.2,28.98,211400,6068765.5,derived_ohlc4
HOSE_SJS,SJS,2024-03-08 09:00:00,1394,1,28.86,29.13,28.2,28.78,182700,5251254.75,derived_ohlc4
HOSE_SJS,SJS,2024-03-11 09:00:00,1395,1,29.05,29.17,28.2,28.9,215000,6198450.0,derived_ohlc4
HOSE_SJS,SJS,2024-03-12 09:00:00,1396,1,28.86,29.01,28.2,28.86,159800,4591453.5,derived_ohlc4
HOSE_SJS,SJS,2024-03-13 09:00:00,1397,1,28.86,29.17,28.55,29.17,254800,7373275.0,derived_ohlc4
HOSE_SJS,SJS,2024-03-14 09:00:00,1398,1,29.17,29.75,28.9,29.44,224500,6581217.499999999,derived_ohlc4
HOSE_SJS,SJS,2024-03-15 09:00:00,1399,1,28.98,29.75,28.59,29.32,223800,6526008.000000001,derived_ohlc4
HOSE_SJS,SJS,2024-03-18 09:00:00,1400,1,29.71,31.29,29.01,30.48,376300,11335096.75,derived_ohlc4
HOSE_SJS,SJS,2024-03-19 09:00:00,1401,1,30.75,31.83,30.37,30.52,386900,11942635.75,derived_ohlc4
HOSE_SJS,SJS,2024-03-20 09:00:00,1402,1,30.56,30.91,28.59,29.36,412700,12321158.5,derived_ohlc4
HOSE_SJS,SJS,2024-03-21 09:00:00,1403,1,29.01,29.67,28.43,29.32,353900,10301144.25,derived_ohlc4
HOSE_SJS,SJS,2024-03-22 09:00:00,1404,1,29.32,29.32,28.55,28.55,200200,5792787.0,derived_ohlc4
HOSE_SJS,SJS,2024-03-25 09:00:00,1405,1,28.55,29.09,28.16,28.59,401100,11470457.25,derived_ohlc4
HOSE_SJS,SJS,2024-03-26 09:00:00,1406,1,28.01,28.59,28.01,28.55,491900,13915851.0,derived_ohlc4
HOSE_SJS,SJS,2024-03-27 09:00:00,1407,1,28.51,28.55,28.05,28.24,382600,10841927.5,derived_ohlc4
HOSE_SJS,SJS,2024-03-28 09:00:00,1408,1,28.43,28.55,28.13,28.36,235100,6669199.25,derived_ohlc4
HOSE_SJS,SJS,2024-03-29 09:00:00,1409,1,28.36,28.63,27.82,28.2,310000,8758275.0,derived_ohlc4
HOSE_SJS,SJS,2024-04-01 09:00:00,1410,1,28.2,28.28,27.62,27.62,32700,913311.0000000001,derived_ohlc4
HOSE_SJS,SJS,2024-04-02 09:00:00,1411,1,27.66,28.59,27.66,28.28,278400,7808424.0,derived_ohlc4
HOSE_SJS,SJS,2024-04-03 09:00:00,1412,1,28.28,28.55,27.78,28.16,308700,8703024.75,derived_ohlc4
HOSE_SJS,SJS,2024-04-04 09:00:00,1413,1,28.24,28.36,27.82,28.09,389100,10944410.25,derived_ohlc4
HOSE_SJS,SJS,2024-04-05 09:00:00,1414,1,28.01,28.16,27.51,27.66,219600,6112566.0,derived_ohlc4
HOSE_SJS,SJS,2024-04-08 09:00:00,1415,1,27.66,28.05,27.43,27.43,209200,5782811.0,derived_ohlc4
HOSE_SJS,SJS,2024-04-09 09:00:00,1416,1,27.43,27.62,25.69,27.43,115600,3126112.9999999995,derived_ohlc4
HOSE_SJS,SJS,2024-04-10 09:00:00,1417,1,27.43,27.66,26.46,27.39,192500,5242737.500000001,derived_ohlc4
HOSE_SJS,SJS,2024-04-11 09:00:00,1418,1,27.2,27.2,26.19,26.19,221100,5902264.5,derived_ohlc4
HOSE_SJS,SJS,2024-04-12 09:00:00,1419,1,26.66,27.04,26.31,27.04,193300,5173191.250000001,derived_ohlc4
HOSE_SJS,SJS,2024-04-15 09:00:00,1420,1,27.43,28.05,26.66,26.85,151400,4125271.5000000005,derived_ohlc4
HOSE_SJS,SJS,2024-04-16 09:00:00,1421,1,26.85,26.93,26.15,26.93,84000,2244060.0000000005,derived_ohlc4
HOSE_SJS,SJS,2024-04-17 09:00:00,1422,1,26.58,27.0,26.08,26.81,216700,5768012.25,derived_ohlc4
HOSE_SJS,SJS,2024-04-19 09:00:00,1423,1,26.73,26.73,25.11,26.5,222800,5852399.0,derived_ohlc4
HOSE_SJS,SJS,2024-04-22 09:00:00,1424,1,26.35,26.66,25.88,25.88,303700,7954662.25,derived_ohlc4
HOSE_SJS,SJS,2024-04-23 09:00:00,1425,1,25.96,26.58,25.88,26.12,245100,6405688.5,derived_ohlc4
HOSE_SJS,SJS,2024-04-24 09:00:00,1426,1,26.08,27.82,25.88,27.2,154800,4140126.0,derived_ohlc4
HOSE_SJS,SJS,2024-04-25 09:00:00,1427,1,26.73,27.35,26.27,26.85,222900,5973719.999999999,derived_ohlc4
HOSE_SJS,SJS,2024-04-26 09:00:00,1428,1,26.85,27.16,26.27,26.85,220100,5894828.25,derived_ohlc4
HOSE_SJS,SJS,2024-05-02 09:00:00,1429,1,26.15,27.12,26.15,26.66,132700,3519203.9999999995,derived_ohlc4
HOSE_SJS,SJS,2024-05-03 09:00:00,1430,1,26.66,26.66,25.88,26.31,236200,6230365.5,derived_ohlc4
HOSE_SJS,SJS,2024-05-06 09:00:00,1431,1,26.23,26.66,25.73,26.46,217400,5711098.000000001,derived_ohlc4
HOSE_SJS,SJS,2024-05-07 09:00:00,1432,1,26.43,26.62,25.96,26.08,156000,4098509.9999999995,derived_ohlc4
HOSE_SJS,SJS,2024-05-08 09:00:00,1433,1,26.12,26.39,25.5,25.5,131200,3395128.0,derived_ohlc4
HOSE_SJS,SJS,2024-05-09 09:00:00,1434,1,25.69,26.04,25.38,25.65,197300,5068637.0,derived_ohlc4
HOSE_SJS,SJS,2024-05-10 09:00:00,1435,1,25.81,26.0,25.38,25.81,49700,1279775.0,derived_ohlc4
HOSE_SJS,SJS,2024-05-13 09:00:00,1436,1,25.81,25.88,24.73,24.73,153300,3876573.75,derived_ohlc4
HOSE_SJS,SJS,2024-05-14 09:00:00,1437,1,24.49,25.61,24.49,25.46,207700,5195096.249999999,derived_ohlc4
HOSE_SJS,SJS,2024-05-15 09:00:00,1438,1,25.61,25.81,24.84,25.38,110500,2807805.0,derived_ohlc4
HOSE_SJS,SJS,2024-05-16 09:00:00,1439,1,25.11,25.38,24.92,25.34,374700,9437756.25,derived_ohlc4
HOSE_SJS,SJS,2024-05-17 09:00:00,1440,1,25.3,25.5,24.73,25.3,297600,7501752.0,derived_ohlc4
HOSE_SJS,SJS,2024-05-20 09:00:00,1441,1,25.27,25.42,24.92,25.42,213400,5389950.5,derived_ohlc4
HOSE_SJS,SJS,2024-05-21 09:00:00,1442,1,25.42,25.88,25.3,25.73,279600,7152867.0,derived_ohlc4
HOSE_SJS,SJS,2024-05-22 09:00:00,1443,1,25.73,26.04,25.34,25.73,202900,5216559.0,derived_ohlc4
HOSE_SJS,SJS,2024-05-23 09:00:00,1444,1,25.73,25.73,25.0,25.42,139000,3540330.0000000005,derived_ohlc4
HOSE_SJS,SJS,2024-05-24 09:00:00,1445,1,25.42,25.77,24.73,25.3,177900,4501759.5,derived_ohlc4
HOSE_SJS,SJS,2024-05-27 09:00:00,1446,1,25.54,25.58,24.73,25.3,132600,3353122.4999999995,derived_ohlc4
HOSE_SJS,SJS,2024-05-28 09:00:00,1447,1,25.3,25.46,24.65,25.19,218400,5492760.0,derived_ohlc4
HOSE_SJS,SJS,2024-05-29 09:00:00,1448,1,25.19,25.19,24.65,25.11,191400,4791699.0,derived_ohlc4
HOSE_SJS,SJS,2024-05-30 09:00:00,1449,1,25.07,25.11,23.95,25.07,171900,4263119.999999999,derived_ohlc4
HOSE_SJS,SJS,2024-05-31 09:00:00,1450,1,25.0,25.03,24.22,24.22,220200,5420773.5,derived_ohlc4
HOSE_SJS,SJS,2024-06-03 09:00:00,1451,1,24.76,24.92,24.38,24.92,189600,4691652.0,derived_ohlc4
HOSE_SJS,SJS,2024-06-04 09:00:00,1452,1,24.76,25.03,24.34,24.84,16700,413199.75000000006,derived_ohlc4
HOSE_SJS,SJS,2024-06-05 09:00:00,1453,1,24.76,24.84,24.26,24.26,68600,1682758.0,derived_ohlc4
HOSE_SJS,SJS,2024-06-06 09:00:00,1454,1,24.65,24.65,24.11,24.11,74300,1811434.0,derived_ohlc4
HOSE_SJS,SJS,2024-06-07 09:00:00,1455,1,24.34,24.46,24.03,24.26,35600,864101.0,derived_ohlc4
HOSE_SJS,SJS,2024-06-10 09:00:00,1456,1,24.18,24.42,23.91,24.26,87100,2107166.75,derived_ohlc4
HOSE_SJS,SJS,2024-06-11 09:00:00,1457,1,24.11,24.22,23.76,23.76,45200,1083105.0,derived_ohlc4
HOSE_SJS,SJS,2024-06-12 09:00:00,1458,1,23.57,23.95,23.57,23.91,37200,883500.0,derived_ohlc4
HOSE_SJS,SJS,2024-06-13 09:00:00,1459,1,23.91,23.91,23.61,23.84,22400,533512.0,derived_ohlc4
HOSE_SJS,SJS,2024-06-14 09:00:00,1460,1,23.76,23.8,23.57,23.72,38000,901075.0,derived_ohlc4
HOSE_SJS,SJS,2024-06-17 09:00:00,1461,1,23.49,23.72,23.33,23.53,32800,771374.0,derived_ohlc4
HOSE_SJS,SJS,2024-06-18 09:00:00,1462,1,23.3,23.72,23.18,23.72,48100,1129387.9999999998,derived_ohlc4
HOSE_SJS,SJS,2024-06-19 09:00:00,1463,1,23.95,23.95,23.45,23.95,13000,309725.0,derived_ohlc4
HOSE_SJS,SJS,2024-06-20 09:00:00,1464,1,23.76,24.07,23.76,24.07,16600,396989.0,derived_ohlc4
HOSE_SJS,SJS,2024-06-21 09:00:00,1465,1,24.15,24.26,23.95,24.26,14100,340585.5,derived_ohlc4
HOSE_SJS,SJS,2024-06-24 09:00:00,1466,1,24.22,24.26,23.37,23.49,49400,1177449.0,derived_ohlc4
HOSE_SJS,SJS,2024-06-25 09:00:00,1467,1,23.91,24.11,23.64,24.11,22900,548283.25,derived_ohlc4
HOSE_SJS,SJS,2024-06-26 09:00:00,1468,1,24.15,25.0,23.99,23.99,140900,3421404.25,derived_ohlc4
HOSE_SJS,SJS,2024-06-27 09:00:00,1469,1,24.46,24.46,24.03,24.42,13500,328623.75,derived_ohlc4
HOSE_SJS,SJS,2024-06-28 09:00:00,1470,1,24.38,24.57,23.57,24.34,83700,2026795.5000000002,derived_ohlc4
HOSE_SJS,SJS,2024-07-01 09:00:00,1471,1,24.26,24.26,23.37,23.61,58400,1394300.0,derived_ohlc4
HOSE_SJS,SJS,2024-07-02 09:00:00,1472,1,23.57,24.15,23.57,24.07,15500,369519.99999999994,derived_ohlc4
HOSE_SJS,SJS,2024-07-03 09:00:00,1473,1,24.34,24.34,23.68,24.07,5500,132591.25,derived_ohlc4
HOSE_SJS,SJS,2024-07-04 09:00:00,1474,1,24.07,24.18,24.07,24.18,22200,535575.0,derived_ohlc4
HOSE_SJS,SJS,2024-07-05 09:00:00,1475,1,24.3,24.49,24.03,24.34,19600,476084.0,derived_ohlc4
HOSE_SJS,SJS,2024-07-08 09:00:00,1476,1,24.46,24.46,24.15,24.42,12100,294907.25,derived_ohlc4
HOSE_SJS,SJS,2024-07-09 09:00:00,1477,1,24.15,24.49,24.15,24.34,28500,692051.25,derived_ohlc4
HOSE_SJS,SJS,2024-07-10 09:00:00,1478,1,24.34,24.38,24.18,24.18,13200,320364.00000000006,derived_ohlc4
HOSE_SJS,SJS,2024-07-11 09:00:00,1479,1,24.26,24.53,24.26,24.42,34100,830931.7500000001,derived_ohlc4
HOSE_SJS,SJS,2024-07-12 09:00:00,1480,1,24.49,25.11,24.46,24.96,66500,1646207.5000000002,derived_ohlc4
HOSE_SJS,SJS,2024-07-15 09:00:00,1481,1,25.11,26.66,25.11,26.39,136200,3516343.5,derived_ohlc4
HOSE_SJS,SJS,2024-07-16 09:00:00,1482,1,26.62,27.82,26.39,26.39,150900,4044874.5,derived_ohlc4
HOSE_SJS,SJS,2024-07-17 09:00:00,1483,1,27.04,27.43,24.57,24.57,105300,2727533.2499999995,derived_ohlc4
HOSE_SJS,SJS,2024-07-18 09:00:00,1484,1,26.08,26.27,25.11,25.54,153800,3960350.0,derived_ohlc4
HOSE_SJS,SJS,2024-07-19 09:00:00,1485,1,25.69,27.0,25.65,25.65,130500,3392673.7500000005,derived_ohlc4
HOSE_SJS,SJS,2024-07-22 09:00:00,1486,1,25.73,25.85,24.53,25.27,84200,2134049.0,derived_ohlc4
HOSE_SJS,SJS,2024-07-23 09:00:00,1487,1,24.8,25.07,24.42,24.42,35000,863712.5000000001,derived_ohlc4
HOSE_SJS,SJS,2024-07-24 09:00:00,1488,1,24.61,24.84,24.34,24.84,16200,399451.50000000006,derived_ohlc4
HOSE_SJS,SJS,2024-07-25 09:00:00,1489,1,24.92,24.92,24.34,24.38,15300,376992.0,derived_ohlc4
HOSE_SJS,SJS,2024-07-26 09:00:00,1490,1,24.53,25.07,24.53,25.0,8000,198260.0,derived_ohlc4
HOSE_SJS,SJS,2024-07-29 09:00:00,1491,1,25.0,26.39,25.0,25.58,6600,168250.5,derived_ohlc4
HOSE_SJS,SJS,2024-07-30 09:00:00,1492,1,25.46,25.46,24.73,25.11,33500,843865.0,derived_ohlc4
HOSE_SJS,SJS,2024-07-31 09:00:00,1493,1,25.11,25.11,24.53,24.53,14200,352444.0,derived_ohlc4
HOSE_SJS,SJS,2024-08-01 09:00:00,1494,1,25.65,25.65,23.95,24.46,29600,737854.0000000001,derived_ohlc4
HOSE_SJS,SJS,2024-08-02 09:00:00,1495,1,23.95,24.65,23.95,24.65,12400,301319.99999999994,derived_ohlc4
HOSE_SJS,SJS,2024-08-05 09:00:00,1496,1,24.15,24.49,23.76,23.76,20500,492820.00000000006,derived_ohlc4
HOSE_SJS,SJS,2024-08-06 09:00:00,1497,1,24.11,24.53,23.8,24.42,25500,617482.5,derived_ohlc4
HOSE_SJS,SJS,2024-08-07 09:00:00,1498,1,24.8,24.8,24.34,24.49,1900,46754.25,derived_ohlc4
HOSE_SJS,SJS,2024-08-08 09:00:00,1499,1,24.49,24.49,23.99,24.49,13400,326491.0,derived_ohlc4
HOSE_SJS,SJS,2024-08-09 09:00:00,1500,1,24.49,24.49,23.95,24.34,7500,182381.25,derived_ohlc4
HOSE_SJS,SJS,2024-08-12 09:00:00,1501,1,24.26,24.49,24.26,24.46,4500,109653.75,derived_ohlc4
HOSE_SJS,SJS,2024-08-13 09:00:00,1502,1,24.46,24.8,24.46,24.53,15100,370893.75,derived_ohlc4
HOSE_SJS,SJS,2024-08-14 09:00:00,1503,1,24.38,24.69,24.38,24.69,5800,142303.0,derived_ohlc4
HOSE_SJS,SJS,2024-08-15 09:00:00,1504,1,24.53,24.65,24.38,24.42,10600,259647.0,derived_ohlc4
HOSE_SJS,SJS,2024-08-16 09:00:00,1505,1,24.3,24.96,24.15,24.69,30600,750465.0,derived_ohlc4
HOSE_SJS,SJS,2024-08-19 09:00:00,1506,1,24.73,24.92,24.57,24.57,8200,202519.49999999997,derived_ohlc4
HOSE_SJS,SJS,2024-08-20 09:00:00,1507,1,25.07,26.23,24.84,25.23,63600,1611783.0,derived_ohlc4
HOSE_SJS,SJS,2024-08-21 09:00:00,1508,1,26.15,26.15,25.03,25.07,9200,235520.0,derived_ohlc4
HOSE_SJS,SJS,2024-08-22 09:00:00,1509,1,24.96,25.3,24.96,25.3,16400,412132.0,derived_ohlc4
HOSE_SJS,SJS,2024-08-23 09:00:00,1510,1,25.61,25.69,25.27,25.61,53800,1374321.0,derived_ohlc4
HOSE_SJS,SJS,2024-08-26 09:00:00,1511,1,25.61,25.61,25.03,25.03,6800,172176.0,derived_ohlc4
HOSE_SJS,SJS,2024-08-27 09:00:00,1512,1,25.07,25.27,24.96,25.27,20200,507878.50000000006,derived_ohlc4
HOSE_SJS,SJS,2024-08-28 09:00:00,1513,1,25.11,25.11,24.92,25.03,36200,906538.5,derived_ohlc4
HOSE_SJS,SJS,2024-08-29 09:00:00,1514,1,25.11,26.27,25.11,25.85,46400,1187144.0,derived_ohlc4
HOSE_SJS,SJS,2024-08-30 09:00:00,1515,1,25.85,27.35,25.85,27.12,154500,4100816.2500000005,derived_ohlc4
HOSE_SJS,SJS,2024-09-04 09:00:00,1516,1,27.12,27.55,27.04,27.24,90400,2462270.0,derived_ohlc4
HOSE_SJS,SJS,2024-09-05 09:00:00,1517,1,27.35,27.35,26.81,27.16,38200,1037798.5,derived_ohlc4
HOSE_SJS,SJS,2024-09-06 09:00:00,1518,1,25.96,27.04,25.92,27.04,42200,1117878.0,derived_ohlc4
HOSE_SJS,SJS,2024-09-09 09:00:00,1519,1,26.31,26.81,26.27,26.81,17900,475245.0,derived_ohlc4
HOSE_SJS,SJS,2024-09-10 09:00:00,1520,1,27.04,27.04,26.15,26.5,15800,421583.49999999994,derived_ohlc4
HOSE_SJS,SJS,2024-09-11 09:00:00,1521,1,26.27,26.58,26.15,26.23,13800,363043.5,derived_ohlc4
HOSE_SJS,SJS,2024-09-12 09:00:00,1522,1,26.31,26.58,26.19,26.19,23900,628988.25,derived_ohlc4
HOSE_SJS,SJS,2024-09-13 09:00:00,1523,1,25.92,26.27,25.77,26.27,18800,489880.99999999994,derived_ohlc4
HOSE_SJS,SJS,2024-09-16 09:00:00,1524,1,26.89,26.89,26.19,26.19,1700,45118.0,derived_ohlc4
HOSE_SJS,SJS,2024-09-17 09:00:00,1525,1,25.96,26.27,25.88,26.27,25800,673251.0,derived_ohlc4
HOSE_SJS,SJS,2024-09-18 09:00:00,1526,1,26.27,26.27,25.88,26.04,39000,1018485.0000000001,derived_ohlc4
HOSE_SJS,SJS,2024-09-19 09:00:00,1527,1,26.04,26.19,25.88,26.04,19200,499920.0,derived_ohlc4
HOSE_SJS,SJS,2024-09-20 09:00:00,1528,1,25.96,26.15,25.85,26.08,22100,574821.0,derived_ohlc4
HOSE_SJS,SJS,2024-09-23 09:00:00,1529,1,25.88,26.08,25.88,26.08,2600,67547.99999999999,derived_ohlc4
HOSE_SJS,SJS,2024-09-24 09:00:00,1530,1,25.88,26.08,25.88,26.08,7900,205241.99999999997,derived_ohlc4
HOSE_SJS,SJS,2024-09-25 09:00:00,1531,1,25.61,26.08,25.61,26.08,10700,276541.5,derived_ohlc4
HOSE_SJS,SJS,2024-09-26 09:00:00,1532,1,26.23,26.27,25.88,26.08,13700,357775.5,derived_ohlc4
HOSE_SJS,SJS,2024-09-27 09:00:00,1533,1,26.08,26.54,26.08,26.54,27700,728786.9999999999,derived_ohlc4
HOSE_SJS,SJS,2024-09-30 09:00:00,1534,1,26.31,26.85,26.31,26.73,15300,406215.0,derived_ohlc4
HOSE_SJS,SJS,2024-10-01 09:00:00,1535,1,26.73,26.73,26.27,26.39,18400,488152.0,derived_ohlc4
HOSE_SJS,SJS,2024-10-02 09:00:00,1536,1,26.5,26.5,26.08,26.08,11200,294448.0,derived_ohlc4
HOSE_SJS,SJS,2024-10-03 09:00:00,1537,1,26.08,26.08,25.5,25.92,28100,727649.5,derived_ohlc4
HOSE_SJS,SJS,2024-10-04 09:00:00,1538,1,25.92,25.92,25.34,25.61,11300,290381.75,derived_ohlc4
HOSE_SJS,SJS,2024-10-07 09:00:00,1539,1,25.61,26.27,25.5,25.61,12800,329568.0,derived_ohlc4
HOSE_SJS,SJS,2024-10-08 09:00:00,1540,1,25.3,25.61,25.11,25.58,8700,220980.0,derived_ohlc4
HOSE_SJS,SJS,2024-10-09 09:00:00,1541,1,25.27,25.65,25.27,25.5,3900,99147.75,derived_ohlc4
HOSE_SJS,SJS,2024-10-10 09:00:00,1542,1,25.5,25.5,25.27,25.5,8800,223894.0,derived_ohlc4
HOSE_SJS,SJS,2024-10-11 09:00:00,1543,1,25.69,25.88,25.5,25.88,14100,362898.74999999994,derived_ohlc4
HOSE_SJS,SJS,2024-10-14 09:00:00,1544,1,25.88,26.0,25.77,25.88,9700,251060.24999999997,derived_ohlc4
HOSE_SJS,SJS,2024-10-15 09:00:00,1545,1,25.34,26.04,25.19,25.5,4900,125035.74999999999,derived_ohlc4
HOSE_SJS,SJS,2024-10-16 09:00:00,1546,1,25.5,25.77,25.42,25.61,7400,189255.0,derived_ohlc4
HOSE_SJS,SJS,2024-10-17 09:00:00,1547,1,25.3,25.61,25.3,25.42,4800,121956.0,derived_ohlc4
HOSE_SJS,SJS,2024-10-18 09:00:00,1548,1,25.5,25.5,25.42,25.42,10800,274968.0,derived_ohlc4
HOSE_SJS,SJS,2024-10-21 09:00:00,1549,1,25.23,25.73,25.19,25.73,2000,50940.00000000001,derived_ohlc4
HOSE_SJS,SJS,2024-10-22 09:00:00,1550,1,25.23,25.69,25.15,25.23,15900,402667.5,derived_ohlc4
HOSE_SJS,SJS,2024-10-23 09:00:00,1551,1,25.23,25.23,24.8,25.11,17000,426572.5,derived_ohlc4
HOSE_SJS,SJS,2024-10-24 09:00:00,1552,1,25.03,25.19,25.0,25.19,4300,107940.75,derived_ohlc4
HOSE_SJS,SJS,2024-10-25 09:00:00,1553,1,24.92,25.3,24.22,25.3,8700,216934.5,derived_ohlc4
HOSE_SJS,SJS,2024-10-28 09:00:00,1554,1,25.3,25.3,24.92,24.92,200,5022.000000000001,derived_ohlc4
HOSE_SJS,SJS,2024-10-29 09:00:00,1555,1,24.8,25.11,24.73,24.84,11100,276057.0,derived_ohlc4
HOSE_SJS,SJS,2024-10-30 09:00:00,1556,1,24.92,25.11,24.73,25.03,4400,109769.0,derived_ohlc4
HOSE_SJS,SJS,2024-10-31 09:00:00,1557,1,25.11,25.11,24.73,24.76,6500,162028.75,derived_ohlc4
HOSE_SJS,SJS,2024-11-01 09:00:00,1558,1,24.38,24.8,24.38,24.8,11800,290162.0,derived_ohlc4
HOSE_SJS,SJS,2024-11-04 09:00:00,1559,1,24.73,24.73,24.53,24.61,19400,478210.00000000006,derived_ohlc4
HOSE_SJS,SJS,2024-11-05 09:00:00,1560,1,24.22,24.61,24.22,24.53,10700,261026.5,derived_ohlc4
HOSE_SJS,SJS,2024-11-06 09:00:00,1561,1,24.18,24.38,24.11,24.34,38000,921595.0,derived_ohlc4
HOSE_SJS,SJS,2024-11-07 09:00:00,1562,1,24.18,24.61,24.15,24.53,26400,643302.0,derived_ohlc4
HOSE_SJS,SJS,2024-11-08 09:00:00,1563,1,24.15,24.34,23.8,23.91,32200,774409.9999999999,derived_ohlc4
HOSE_SJS,SJS,2024-11-11 09:00:00,1564,1,23.64,23.95,23.64,23.8,7800,185308.5,derived_ohlc4
HOSE_SJS,SJS,2024-11-12 09:00:00,1565,1,23.91,23.99,23.91,23.95,3100,74214.0,derived_ohlc4
HOSE_SJS,SJS,2024-11-13 09:00:00,1566,1,23.95,23.95,23.68,23.88,2900,69208.5,derived_ohlc4
HOSE_SJS,SJS,2024-11-14 09:00:00,1567,1,23.68,23.88,23.68,23.88,4900,116522.0,derived_ohlc4
HOSE_SJS,SJS,2024-11-15 09:00:00,1568,1,25.11,25.11,23.76,23.91,5400,132151.5,derived_ohlc4
HOSE_SJS,SJS,2024-11-18 09:00:00,1569,1,23.72,23.95,23.53,23.57,19400,459634.50000000006,derived_ohlc4
HOSE_SJS,SJS,2024-11-19 09:00:00,1570,1,23.64,23.95,23.57,23.57,9200,217878.99999999997,derived_ohlc4
HOSE_SJS,SJS,2024-11-20 09:00:00,1571,1,23.41,24.22,23.37,24.22,8100,192820.5,derived_ohlc4
HOSE_SJS,SJS,2024-11-21 09:00:00,1572,1,23.95,24.15,23.95,24.15,400,9619.999999999998,derived_ohlc4
HOSE_SJS,SJS,2024-11-22 09:00:00,1573,1,24.07,24.07,23.95,23.95,10300,247303.00000000003,derived_ohlc4
HOSE_SJS,SJS,2024-11-25 09:00:00,1574,1,23.64,23.64,23.37,23.41,7100,166956.5,derived_ohlc4
HOSE_SJS,SJS,2024-11-26 09:00:00,1575,1,23.57,24.11,23.57,24.07,5900,140597.0,derived_ohlc4
HOSE_SJS,SJS,2024-11-27 09:00:00,1576,1,23.57,24.03,23.45,23.95,1800,42750.0,derived_ohlc4
HOSE_SJS,SJS,2024-11-28 09:00:00,1577,1,23.91,23.95,23.53,23.53,17200,408156.0,derived_ohlc4
HOSE_SJS,SJS,2024-11-29 09:00:00,1578,1,23.57,23.57,23.49,23.57,5500,129524.99999999999,derived_ohlc4
HOSE_SJS,SJS,2024-12-02 09:00:00,1579,1,23.37,23.76,23.37,23.49,13700,321915.75,derived_ohlc4
HOSE_SJS,SJS,2024-12-03 09:00:00,1580,1,23.53,23.91,23.49,23.91,3800,90097.99999999999,derived_ohlc4
HOSE_SJS,SJS,2024-12-04 09:00:00,1581,1,23.57,23.64,23.57,23.57,8500,200493.75,derived_ohlc4
HOSE_SJS,SJS,2024-12-05 09:00:00,1582,1,23.57,24.3,23.49,23.91,11600,276283.0,derived_ohlc4
HOSE_SJS,SJS,2024-12-06 09:00:00,1583,1,23.95,24.3,23.95,24.03,29600,712102.0,derived_ohlc4
HOSE_SJS,SJS,2024-12-09 09:00:00,1584,1,24.3,24.92,24.3,24.73,25800,633712.5,derived_ohlc4
HOSE_SJS,SJS,2024-12-10 09:00:00,1585,1,24.73,24.76,24.34,24.34,13100,321506.75,derived_ohlc4
HOSE_SJS,SJS,2024-12-11 09:00:00,1586,1,24.8,25.73,24.34,25.73,130000,3269500.0000000005,derived_ohlc4
HOSE_SJS,SJS,2024-12-12 09:00:00,1587,1,25.34,25.77,25.34,25.69,4500,114907.5,derived_ohlc4
HOSE_SJS,SJS,2024-12-13 09:00:00,1588,1,25.69,25.69,24.53,25.61,8700,220806.0,derived_ohlc4
HOSE_SJS,SJS,2024-12-16 09:00:00,1589,1,24.69,25.11,24.61,24.73,6400,158624.0,derived_ohlc4
HOSE_SJS,SJS,2024-12-17 09:00:00,1590,1,24.46,24.92,24.46,24.76,2700,66555.0,derived_ohlc4
HOSE_SJS,SJS,2024-12-18 09:00:00,1591,1,24.76,24.84,24.73,24.84,7500,185943.75,derived_ohlc4
HOSE_SJS,SJS,2024-12-19 09:00:00,1592,1,24.73,24.92,24.53,24.73,30700,759134.2500000001,derived_ohlc4
HOSE_SJS,SJS,2024-12-20 09:00:00,1593,1,25.27,26.04,25.27,26.04,64400,1652182.0,derived_ohlc4
HOSE_SJS,SJS,2024-12-23 09:00:00,1594,1,25.23,26.27,25.23,26.04,17600,452188.00000000006,derived_ohlc4
HOSE_SJS,SJS,2024-12-24 09:00:00,1595,1,25.88,26.31,25.69,26.31,30800,802263.0,derived_ohlc4
HOSE_SJS,SJS,2024-12-25 09:00:00,1596,1,26.31,26.97,26.27,26.97,67300,1792199.0,derived_ohlc4
HOSE_SJS,SJS,2024-12-26 09:00:00,1597,1,26.97,27.24,26.97,27.04,69100,1869500.5,derived_ohlc4
HOSE_SJS,SJS,2024-12-27 09:00:00,1598,1,26.66,27.43,26.66,26.85,73900,1987910.0,derived_ohlc4
HOSE_SJS,SJS,2024-12-30 09:00:00,1599,1,26.85,28.01,26.85,28.01,97700,2679911.0000000005,derived_ohlc4
HOSE_SJS,SJS,2024-12-31 09:00:00,1600,1,27.62,28.59,27.43,28.59,62300,1747982.25,derived_ohlc4
HOSE_SJS,SJS,2025-01-02 09:00:00,1601,1,28.94,28.94,26.62,28.01,73900,2078622.25,derived_ohlc4
HOSE_SJS,SJS,2025-01-03 09:00:00,1602,1,28.01,28.01,27.51,27.51,17500,485800.0,derived_ohlc4
HOSE_SJS,SJS,2025-01-06 09:00:00,1603,1,27.24,28.2,27.08,28.2,67200,1860096.0,derived_ohlc4
HOSE_SJS,SJS,2025-01-07 09:00:00,1604,1,28.4,29.28,28.24,29.28,117800,3392640.0,derived_ohlc4
HOSE_SJS,SJS,2025-01-08 09:00:00,1605,1,29.28,31.25,29.28,30.52,83000,2496847.5,derived_ohlc4
HOSE_SJS,SJS,2025-01-09 09:00:00,1606,1,30.91,32.14,30.17,31.91,156100,4883198.25,derived_ohlc4
HOSE_SJS,SJS,2025-01-10 09:00:00,1607,1,32.03,32.8,31.68,32.8,114100,3688567.75,derived_ohlc4
HOSE_SJS,SJS,2025-01-13 09:00:00,1608,1,31.68,33.96,31.37,33.96,166800,5461449.0,derived_ohlc4
HOSE_SJS,SJS,2025-01-14 09:00:00,1609,1,35.2,35.74,32.84,35.74,70800,2469504.0,derived_ohlc4
HOSE_SJS,SJS,2025-01-15 09:00:00,1610,1,34.96,36.7,34.77,36.7,99100,3546045.75,derived_ohlc4
HOSE_SJS,SJS,2025-01-16 09:00:00,1611,1,35.93,36.7,35.12,35.12,118500,4232523.75,derived_ohlc4
HOSE_SJS,SJS,2025-01-17 09:00:00,1612,1,35.12,35.12,32.88,33.11,61700,2101347.7500000005,derived_ohlc4
HOSE_SJS,SJS,2025-01-20 09:00:00,1613,1,33.11,33.11,31.33,31.33,40000,1288800.0,derived_ohlc4
HOSE_SJS,SJS,2025-01-21 09:00:00,1614,1,31.41,32.84,31.41,31.49,25600,813760.0,derived_ohlc4
HOSE_SJS,SJS,2025-01-22 09:00:00,1615,1,31.68,33.22,31.49,33.11,61400,1987825.0,derived_ohlc4
HOSE_SJS,SJS,2025-01-23 09:00:00,1616,1,34.0,34.81,33.22,34.15,38900,1324350.5,derived_ohlc4
HOSE_SJS,SJS,2025-01-24 09:00:00,1617,1,33.53,34.77,33.53,33.61,16500,558690.0,derived_ohlc4
HOSE_SJS,SJS,2025-02-03 09:00:00,1618,1,33.8,34.38,32.07,34.38,43600,1467467.0,derived_ohlc4
HOSE_SJS,SJS,2025-02-04 09:00:00,1619,1,33.42,34.58,33.42,33.96,12700,429831.5,derived_ohlc4
HOSE_SJS,SJS,2025-02-05 09:00:00,1620,1,33.61,35.62,33.61,34.77,39800,1369219.4999999998,derived_ohlc4
HOSE_SJS,SJS,2025-02-06 09:00:00,1621,1,35.23,36.12,34.77,34.85,16800,592074.0,derived_ohlc4
HOSE_SJS,SJS,2025-02-07 09:00:00,1622,1,34.96,36.12,34.96,35.54,38900,1376865.4999999998,derived_ohlc4
HOSE_SJS,SJS,2025-02-10 09:00:00,1623,1,35.35,35.54,35.04,35.04,14900,525113.25,derived_ohlc4
HOSE_SJS,SJS,2025-02-11 09:00:00,1624,1,35.54,36.39,35.35,35.97,37900,1357293.75,derived_ohlc4
HOSE_SJS,SJS,2025-02-12 09:00:00,1625,1,35.23,36.01,35.23,35.77,6300,224028.0,derived_ohlc4
HOSE_SJS,SJS,2025-02-13 09:00:00,1626,1,35.77,36.05,35.23,35.89,25300,904095.5,derived_ohlc4
HOSE_SJS,SJS,2025-02-14 09:00:00,1627,1,35.89,36.05,35.7,35.7,30800,1103718.0,derived_ohlc4
HOSE_SJS,SJS,2025-02-17 09:00:00,1628,1,35.62,38.17,35.62,38.17,64300,2372348.4999999995,derived_ohlc4
HOSE_SJS,SJS,2025-02-18 09:00:00,1629,1,38.25,40.41,38.25,39.33,29600,1156176.0,derived_ohlc4
HOSE_SJS,SJS,2025-02-19 09:00:00,1630,1,39.91,39.91,37.9,38.44,19600,765184.0,derived_ohlc4
HOSE_SJS,SJS,2025-02-20 09:00:00,1631,1,38.59,38.67,37.9,38.4,12500,479875.0,derived_ohlc4
HOSE_SJS,SJS,2025-02-21 09:00:00,1632,1,38.4,38.4,37.51,38.25,7200,274608.0,derived_ohlc4
HOSE_SJS,SJS,2025-02-24 09:00:00,1633,1,37.28,38.59,37.28,38.56,9700,367896.75,derived_ohlc4
HOSE_SJS,SJS,2025-02-25 09:00:00,1634,1,38.56,38.56,37.51,38.17,6600,252120.00000000003,derived_ohlc4
HOSE_SJS,SJS,2025-02-26 09:00:00,1635,1,38.17,38.17,37.86,37.9,6500,247162.5,derived_ohlc4
HOSE_SJS,SJS,2025-02-27 09:00:00,1636,1,37.86,39.02,37.86,38.79,10200,391501.5,derived_ohlc4
HOSE_SJS,SJS,2025-02-28 09:00:00,1637,1,38.79,38.94,38.25,38.63,17400,672553.4999999999,derived_ohlc4
HOSE_SJS,SJS,2025-03-03 09:00:00,1638,1,38.63,40.6,38.63,39.91,138700,5470674.75,derived_ohlc4
HOSE_SJS,SJS,2025-03-04 09:00:00,1639,1,39.72,40.37,39.72,40.18,6700,267983.25,derived_ohlc4
HOSE_SJS,SJS,2025-03-05 09:00:00,1640,1,40.57,42.46,40.18,41.72,38700,1595697.75,derived_ohlc4
HOSE_SJS,SJS,2025-03-06 09:00:00,1641,1,41.69,42.42,40.57,41.72,12400,515840.0,derived_ohlc4
HOSE_SJS,SJS,2025-03-07 09:00:00,1642,1,41.11,41.69,41.11,41.69,16500,683100.0,derived_ohlc4
HOSE_SJS,SJS,2025-03-10 09:00:00,1643,1,41.84,41.84,38.79,39.06,37600,1518382.0,derived_ohlc4
HOSE_SJS,SJS,2025-03-11 09:00:00,1644,1,39.02,39.79,38.59,39.02,24600,961983.0000000001,derived_ohlc4
HOSE_SJS,SJS,2025-03-12 09:00:00,1645,1,39.79,39.79,38.25,38.67,22000,860750.0,derived_ohlc4
HOSE_SJS,SJS,2025-03-13 09:00:00,1646,1,37.86,38.94,37.59,38.87,15700,601545.5,derived_ohlc4
HOSE_SJS,SJS,2025-03-14 09:00:00,1647,1,38.9,39.37,38.63,38.63,7400,287730.5,derived_ohlc4
HOSE_SJS,SJS,2025-03-17 09:00:00,1648,1,38.63,39.41,38.63,39.41,15400,600907.9999999999,derived_ohlc4
HOSE_SJS,SJS,2025-03-18 09:00:00,1649,1,39.02,39.41,39.02,39.02,3700,144734.75000000003,derived_ohlc4
HOSE_SJS,SJS,2025-03-19 09:00:00,1650,1,37.59,38.59,37.59,38.59,9500,361855.00000000006,derived_ohlc4
HOSE_SJS,SJS,2025-03-20 09:00:00,1651,1,38.59,38.63,37.86,38.63,4900,188294.75,derived_ohlc4
HOSE_SJS,SJS,2025-03-21 09:00:00,1652,1,38.63,39.41,38.25,39.02,42500,1650168.75,derived_ohlc4
HOSE_SJS,SJS,2025-03-24 09:00:00,1653,1,38.09,39.41,38.09,38.67,72100,2780536.5,derived_ohlc4
HOSE_SJS,SJS,2025-03-25 09:00:00,1654,1,38.67,39.41,38.67,39.37,6000,234180.0,derived_ohlc4
HOSE_SJS,SJS,2025-03-26 09:00:00,1655,1,39.37,41.61,39.37,40.99,34700,1399624.5,derived_ohlc4
HOSE_SJS,SJS,2025-03-27 09:00:00,1656,1,40.06,41.34,40.06,41.07,17000,690752.5,derived_ohlc4
HOSE_SJS,SJS,2025-03-28 09:00:00,1657,1,41.07,41.07,40.18,40.18,8400,341250.0,derived_ohlc4
HOSE_SJS,SJS,2025-03-31 09:00:00,1658,1,40.37,40.87,39.79,40.53,6700,270613.0,derived_ohlc4
HOSE_SJS,SJS,2025-04-01 09:00:00,1659,1,40.53,41.18,40.53,40.95,2500,101993.75,derived_ohlc4
HOSE_SJS,SJS,2025-04-02 09:00:00,1660,1,40.53,41.07,40.37,40.41,5300,215153.5,derived_ohlc4
HOSE_SJS,SJS,2025-04-03 09:00:00,1661,1,38.09,42.5,37.59,37.59,54500,2122366.25,derived_ohlc4
HOSE_SJS,SJS,2025-04-04 09:00:00,1662,1,34.96,35.93,34.96,35.85,75100,2660417.5,derived_ohlc4
HOSE_SJS,SJS,2025-04-08 09:00:00,1663,1,35.81,35.81,33.38,33.38,31000,1072445.0,derived_ohlc4
HOSE_SJS,SJS,2025-04-09 09:00:00,1664,1,31.06,33.07,31.06,31.06,38700,1221468.75,derived_ohlc4
HOSE_SJS,SJS,2025-04-10 09:00:00,1665,1,33.22,33.22,33.22,33.22,1400,46508.0,derived_ohlc4
HOSE_SJS,SJS,2025-04-11 09:00:00,1666,1,35.31,35.31,32.84,34.38,40700,1402522.0,derived_ohlc4
HOSE_SJS,SJS,2025-04-14 09:00:00,1667,1,35.85,35.85,34.0,35.58,39900,1409268.0,derived_ohlc4
HOSE_SJS,SJS,2025-04-15 09:00:00,1668,1,35.85,35.85,34.38,34.38,126500,4442047.5,derived_ohlc4
HOSE_SJS,SJS,2025-04-16 09:00:00,1669,1,35.74,35.74,34.07,34.11,16100,562131.5000000001,derived_ohlc4
HOSE_SJS,SJS,2025-04-17 09:00:00,1670,1,34.0,34.31,33.61,34.31,16400,558543.0000000001,derived_ohlc4
HOSE_SJS,SJS,2025-04-18 09:00:00,1671,1,34.31,34.31,34.0,34.0,5200,177606.0,derived_ohlc4
HOSE_SJS,SJS,2025-04-21 09:00:00,1672,1,33.22,35.08,33.22,33.92,6400,216704.0,derived_ohlc4
HOSE_SJS,SJS,2025-04-22 09:00:00,1673,1,33.92,33.92,31.56,32.72,41000,1354230.0,derived_ohlc4
HOSE_SJS,SJS,2025-04-23 09:00:00,1674,1,34.15,34.15,32.76,33.88,4200,141687.0,derived_ohlc4
HOSE_SJS,SJS,2025-04-24 09:00:00,1675,1,33.03,33.22,33.03,33.19,4200,139093.5,derived_ohlc4
HOSE_SJS,SJS,2025-04-25 09:00:00,1676,1,33.15,33.53,33.15,33.53,93900,3130626.0000000005,derived_ohlc4
HOSE_SJS,SJS,2025-04-28 09:00:00,1677,1,33.8,33.8,32.95,33.03,2900,96845.49999999999,derived_ohlc4
HOSE_SJS,SJS,2025-04-29 09:00:00,1678,1,33.03,33.73,33.03,33.61,8100,270134.99999999994,derived_ohlc4
HOSE_SJS,SJS,2025-05-05 09:00:00,1679,1,33.77,33.8,33.57,33.73,13900,468673.24999999994,derived_ohlc4
HOSE_SJS,SJS,2025-05-06 09:00:00,1680,1,33.26,34.96,33.26,34.96,95600,3260916.0,derived_ohlc4
HOSE_SJS,SJS,2025-05-07 09:00:00,1681,1,34.92,34.96,34.0,34.23,4800,165731.99999999997,derived_ohlc4
HOSE_SJS,SJS,2025-05-08 09:00:00,1682,1,34.77,35.54,34.77,35.39,44800,1573264.0000000002,derived_ohlc4
HOSE_SJS,SJS,2025-05-09 09:00:00,1683,1,35.16,35.23,35.16,35.2,2000,70375.0,derived_ohlc4
HOSE_SJS,SJS,2025-05-12 09:00:00,1684,1,35.35,35.35,35.12,35.16,2300,81063.5,derived_ohlc4
HOSE_SJS,SJS,2025-05-13 09:00:00,1685,1,34.77,35.16,33.8,35.16,2700,93750.74999999999,derived_ohlc4
HOSE_SJS,SJS,2025-05-14 09:00:00,1686,1,35.74,35.85,34.58,35.7,7200,255366.0,derived_ohlc4
HOSE_SJS,SJS,2025-05-15 09:00:00,1687,1,35.7,36.08,34.81,35.0,2400,84954.0,derived_ohlc4
HOSE_SJS,SJS,2025-05-16 09:00:00,1688,1,34.77,35.31,34.23,35.31,54200,1891851.0,derived_ohlc4
HOSE_SJS,SJS,2025-05-19 09:00:00,1689,1,33.8,35.23,33.8,35.23,1700,58675.5,derived_ohlc4
HOSE_SJS,SJS,2025-05-20 09:00:00,1690,1,35.81,35.81,34.19,35.7,8200,290095.5,derived_ohlc4
HOSE_SJS,SJS,2025-05-21 09:00:00,1691,1,36.12,36.12,34.92,35.16,5700,202806.0,derived_ohlc4
HOSE_SJS,SJS,2025-05-22 09:00:00,1692,1,35.16,35.47,34.58,34.65,17000,594404.9999999999,derived_ohlc4
HOSE_SJS,SJS,2025-05-23 09:00:00,1693,1,35.58,35.58,34.77,35.39,10200,360366.0,derived_ohlc4
HOSE_SJS,SJS,2025-05-26 09:00:00,1694,1,35.54,35.54,34.23,34.35,16600,579589.0,derived_ohlc4
HOSE_SJS,SJS,2025-05-27 09:00:00,1695,1,34.19,35.31,34.19,35.31,6300,218925.0,derived_ohlc4
HOSE_SJS,SJS,2025-05-28 09:00:00,1696,1,35.16,35.16,34.89,35.16,11200,393036.0,derived_ohlc4
HOSE_SJS,SJS,2025-05-29 09:00:00,1697,1,35.16,35.16,34.85,35.16,5200,182428.99999999997,derived_ohlc4
HOSE_SJS,SJS,2025-05-30 09:00:00,1698,1,35.23,35.23,33.46,33.46,30200,1037219.0,derived_ohlc4
HOSE_SJS,SJS,2025-06-02 09:00:00,1699,1,34.31,34.77,34.19,34.58,15000,516937.50000000006,derived_ohlc4
HOSE_SJS,SJS,2025-06-03 09:00:00,1700,1,34.04,34.96,34.04,34.58,11600,399098.0,derived_ohlc4
HOSE_SJS,SJS,2025-06-04 09:00:00,1701,1,34.96,34.96,33.8,34.42,4600,158860.99999999997,derived_ohlc4
HOSE_SJS,SJS,2025-06-05 09:00:00,1702,1,34.04,34.38,34.04,34.38,58200,1991022.0,derived_ohlc4
HOSE_SJS,SJS,2025-06-06 09:00:00,1703,1,33.65,34.31,33.65,34.15,1800,61092.00000000001,derived_ohlc4
HOSE_SJS,SJS,2025-06-09 09:00:00,1704,1,34.15,34.15,34.0,34.04,1300,44310.5,derived_ohlc4
HOSE_SJS,SJS,2025-06-10 09:00:00,1705,1,34.19,34.19,33.61,34.15,800,27227.999999999996,derived_ohlc4
HOSE_SJS,SJS,2025-06-11 09:00:00,1706,1,34.04,34.35,34.0,34.35,6800,232458.00000000003,derived_ohlc4
HOSE_SJS,SJS,2025-06-12 09:00:00,1707,1,34.89,35.54,34.89,35.47,24400,858819.0000000001,derived_ohlc4
HOSE_SJS,SJS,2025-06-13 09:00:00,1708,1,35.93,36.28,35.35,35.43,9300,332451.75,derived_ohlc4
HOSE_SJS,SJS,2025-06-16 09:00:00,1709,1,35.43,35.47,35.16,35.43,2500,88431.25,derived_ohlc4
HOSE_SJS,SJS,2025-06-17 09:00:00,1710,1,35.43,36.05,35.35,35.93,18700,667403.0,derived_ohlc4
HOSE_SJS,SJS,2025-06-18 09:00:00,1711,1,35.93,36.01,35.54,35.97,16000,573800.0,derived_ohlc4
HOSE_SJS,SJS,2025-06-19 09:00:00,1712,1,35.97,36.32,35.77,36.32,18600,671367.0,derived_ohlc4
HOSE_SJS,SJS,2025-06-20 09:00:00,1713,1,36.32,38.83,36.32,38.79,58800,2208822.0,derived_ohlc4
HOSE_SJS,SJS,2025-06-23 09:00:00,1714,1,40.95,40.95,37.86,38.44,15500,613025.0,derived_ohlc4
HOSE_SJS,SJS,2025-06-24 09:00:00,1715,1,37.51,38.56,37.47,37.55,18700,706345.7499999999,derived_ohlc4
HOSE_SJS,SJS,2025-06-25 09:00:00,1716,1,37.51,37.51,36.89,37.01,22100,822782.9999999999,derived_ohlc4
HOSE_SJS,SJS,2025-06-26 09:00:00,1717,1,36.86,36.89,36.62,36.62,58300,2142379.25,derived_ohlc4
HOSE_SJS,SJS,2025-06-27 09:00:00,1718,1,36.93,37.47,36.93,37.47,13200,491040.00000000006,derived_ohlc4
HOSE_SJS,SJS,2025-06-30 09:00:00,1719,1,37.86,38.56,37.47,38.25,44600,1696360.9999999998,derived_ohlc4
HOSE_SJS,SJS,2025-07-01 09:00:00,1720,1,38.25,39.56,38.25,38.25,26300,1014588.25,derived_ohlc4
HOSE_SJS,SJS,2025-07-02 09:00:00,1721,1,38.44,39.21,37.67,37.67,30000,1147425.0,derived_ohlc4
HOSE_SJS,SJS,2025-07-03 09:00:00,1722,1,37.86,38.25,37.09,37.32,33900,1275657.0,derived_ohlc4
HOSE_SJS,SJS,2025-07-04 09:00:00,1723,1,37.32,37.71,37.09,37.17,31500,1175658.7500000002,derived_ohlc4
HOSE_SJS,SJS,2025-07-07 09:00:00,1724,1,37.2,38.13,37.09,38.13,9600,361320.0,derived_ohlc4
HOSE_SJS,SJS,2025-07-08 09:00:00,1725,1,39.25,39.25,37.86,38.36,9300,359724.0,derived_ohlc4
HOSE_SJS,SJS,2025-07-09 09:00:00,1726,1,38.36,39.79,38.36,39.02,46400,1804148.0,derived_ohlc4
HOSE_SJS,SJS,2025-07-10 09:00:00,1727,1,39.14,41.69,39.1,40.95,83000,3338260.0,derived_ohlc4
HOSE_SJS,SJS,2025-07-11 09:00:00,1728,1,40.95,41.34,40.37,41.3,16800,688631.9999999999,derived_ohlc4
HOSE_SJS,SJS,2025-07-14 09:00:00,1729,1,40.18,41.3,40.18,41.3,6700,272957.99999999994,derived_ohlc4
HOSE_SJS,SJS,2025-07-15 09:00:00,1730,1,41.3,42.88,40.95,41.92,31900,1332223.75,derived_ohlc4
HOSE_SJS,SJS,2025-07-16 09:00:00,1731,1,41.72,42.11,41.34,42.07,13600,568616.0,derived_ohlc4
HOSE_SJS,SJS,2025-07-17 09:00:00,1732,1,40.95,42.11,40.95,41.34,41000,1694837.5000000002,derived_ohlc4
HOSE_SJS,SJS,2025-07-18 09:00:00,1733,1,41.61,44.2,41.61,44.2,66500,2853182.5,derived_ohlc4
HOSE_SJS,SJS,2025-07-21 09:00:00,1734,1,47.29,47.29,47.29,47.29,15600,737724.0,derived_ohlc4
HOSE_SJS,SJS,2025-07-22 09:00:00,1735,1,50.57,50.57,50.03,50.57,117200,5910982.0,derived_ohlc4
HOSE_SJS,SJS,2025-07-23 09:00:00,1736,1,54.09,54.09,53.66,54.09,72100,3892138.25,derived_ohlc4
HOSE_SJS,SJS,2025-07-24 09:00:00,1737,1,57.87,57.87,56.02,57.87,132300,7595012.25,derived_ohlc4
HOSE_SJS,SJS,2025-07-25 09:00:00,1738,1,61.43,61.89,57.95,61.89,88700,5392072.999999999,derived_ohlc4
HOSE_SJS,SJS,2025-07-28 09:00:00,1739,1,66.06,66.22,64.9,66.22,102600,6756209.999999999,derived_ohlc4
HOSE_SJS,SJS,2025-07-29 09:00:00,1740,1,69.54,69.54,61.62,62.2,97700,6421332.500000001,derived_ohlc4
HOSE_SJS,SJS,2025-07-30 09:00:00,1741,1,66.5,66.5,66.5,66.5,51800,3444700.0,derived_ohlc4
HOSE_SJS,SJS,2025-07-31 09:00:00,1742,1,71.1,71.1,71.1,71.1,40400,2872440.0,derived_ohlc4
HOSE_SJS,SJS,2025-08-01 09:00:00,1743,1,76.0,76.0,73.0,76.0,299300,22522325.0,derived_ohlc4
HOSE_SJS,SJS,2025-08-04 09:00:00,1744,1,79.7,79.8,75.0,75.0,139200,10770600.0,derived_ohlc4
HOSE_SJS,SJS,2025-08-05 09:00:00,1745,1,72.2,75.2,69.8,70.0,183500,13175300.0,derived_ohlc4
HOSE_SJS,SJS,2025-08-06 09:00:00,1746,1,69.9,72.5,69.0,70.0,92500,6507374.999999999,derived_ohlc4
HOSE_SJS,SJS,2025-08-07 09:00:00,1747,1,69.8,72.0,69.8,71.0,111600,7884540.000000001,derived_ohlc4
HOSE_SJS,SJS,2025-08-08 09:00:00,1748,1,72.0,72.0,70.1,70.4,66500,4729812.5,derived_ohlc4
HOSE_SJS,SJS,2025-08-11 09:00:00,1749,1,71.9,72.0,70.2,71.3,63300,4516455.000000001,derived_ohlc4
HOSE_SJS,SJS,2025-08-12 09:00:00,1750,1,71.0,72.0,70.0,72.0,79200,5643000.0,derived_ohlc4
HOSE_SJS,SJS,2025-08-13 09:00:00,1751,1,71.8,72.2,70.3,72.0,65000,4652375.0,derived_ohlc4
HOSE_SJS,SJS,2025-08-14 09:00:00,1752,1,71.7,71.7,70.5,71.7,55900,3991260.0000000005,derived_ohlc4
HOSE_SJS,SJS,2025-08-15 09:00:00,1753,1,70.8,71.4,69.3,69.3,91700,6437340.0,derived_ohlc4
HOSE_SJS,SJS,2025-08-18 09:00:00,1754,1,69.5,71.0,68.0,68.0,91700,6338762.5,derived_ohlc4
HOSE_SJS,SJS,2025-08-19 09:00:00,1755,1,71.5,71.5,65.5,65.5,73800,5055300.0,derived_ohlc4
HOSE_SJS,SJS,2025-08-20 09:00:00,1756,1,66.5,66.5,61.0,62.6,84500,5420675.000000001,derived_ohlc4
HOSE_SJS,SJS,2025-08-21 09:00:00,1757,1,61.5,63.5,61.5,61.7,66000,4095300.0,derived_ohlc4
HOSE_SJS,SJS,2025-08-22 09:00:00,1758,1,61.0,66.0,60.4,64.9,100200,6320115.0,derived_ohlc4
HOSE_SJS,SJS,2025-08-25 09:00:00,1759,1,64.9,64.9,61.9,63.0,37300,2375077.5,derived_ohlc4
HOSE_SJS,SJS,2025-08-26 09:00:00,1760,1,62.2,63.9,61.9,62.6,59800,3746470.0,derived_ohlc4
HOSE_SJS,SJS,2025-08-27 09:00:00,1761,1,66.8,66.8,64.5,65.8,88800,5858579.999999999,derived_ohlc4
HOSE_SJS,SJS,2025-08-28 09:00:00,1762,1,67.8,67.8,64.1,65.2,32800,2172180.0,derived_ohlc4
HOSE_SJS,SJS,2025-08-29 09:00:00,1763,1,64.9,66.0,64.8,65.9,28200,1844280.0000000002,derived_ohlc4
HOSE_SJS,SJS,2025-09-03 09:00:00,1764,1,67.9,67.9,65.2,66.2,28800,1923840.0,derived_ohlc4
HOSE_SJS,SJS,2025-09-04 09:00:00,1765,1,65.6,67.0,65.3,66.3,38400,2536320.0,derived_ohlc4
HOSE_SJS,SJS,2025-09-05 09:00:00,1766,1,66.9,70.9,66.9,70.9,155600,10720840.0,derived_ohlc4
HOSE_SJS,SJS,2025-09-08 09:00:00,1767,1,71.2,74.5,71.2,73.8,73100,5312542.5,derived_ohlc4
HOSE_SJS,SJS,2025-09-09 09:00:00,1768,1,73.7,73.7,69.8,72.0,48700,3521010.0,derived_ohlc4
HOSE_SJS,SJS,2025-09-10 09:00:00,1769,1,71.8,73.0,67.7,71.0,218800,15507450.0,derived_ohlc4
HOSE_SJS,SJS,2025-09-11 09:00:00,1770,1,72.0,72.0,66.1,71.1,157400,11065220.0,derived_ohlc4
HOSE_SJS,SJS,2025-09-12 09:00:00,1771,1,70.7,76.0,70.7,76.0,398500,29229974.999999996,derived_ohlc4
HOSE_SJS,SJS,2025-09-15 09:00:00,1772,1,78.0,81.3,78.0,81.3,341300,27184545.000000004,derived_ohlc4
HOSE_SJS,SJS,2025-09-16 09:00:00,1773,1,84.8,84.8,78.0,78.1,254200,20698235.0,derived_ohlc4
HOSE_SJS,SJS,2025-09-17 09:00:00,1774,1,76.5,80.9,75.1,77.7,232600,18038130.0,derived_ohlc4
HOSE_SJS,SJS,2025-09-18 09:00:00,1775,1,77.4,80.0,76.0,78.9,76000,5933700.0,derived_ohlc4
HOSE_SJS,SJS,2025-09-19 09:00:00,1776,1,79.0,79.0,76.0,76.0,90200,6990500.0,derived_ohlc4
HOSE_SJS,SJS,2025-09-22 09:00:00,1777,1,75.6,75.7,73.0,73.0,126100,9372382.5,derived_ohlc4
HOSE_SJS,SJS,2025-09-23 09:00:00,1778,1,70.7,73.0,70.7,72.2,57200,4098379.9999999995,derived_ohlc4
HOSE_SJS,SJS,2025-09-24 09:00:00,1779,1,71.0,74.4,71.0,71.0,131400,9441090.0,derived_ohlc4
HOSE_SJS,SJS,2025-09-25 09:00:00,1780,1,71.3,74.5,71.3,72.6,141900,10277107.500000002,derived_ohlc4
HOSE_SJS,SJS,2025-09-26 09:00:00,1781,1,72.6,73.8,71.0,71.0,127400,9185540.0,derived_ohlc4
HOSE_SJS,SJS,2025-09-29 09:00:00,1782,1,71.4,73.0,71.0,71.0,102500,7338999.999999999,derived_ohlc4
HOSE_SJS,SJS,2025-09-30 09:00:00,1783,1,71.0,71.5,67.3,67.3,195900,13570972.500000002,derived_ohlc4
HOSE_SJS,SJS,2025-10-01 09:00:00,1784,1,68.9,68.9,67.0,67.9,414500,28258537.500000004,derived_ohlc4
HOSE_SJS,SJS,2025-10-02 09:00:00,1785,1,68.0,71.8,68.0,68.6,78400,5417440.0,derived_ohlc4
HOSE_SJS,SJS,2025-10-03 09:00:00,1786,1,68.8,69.1,67.0,67.3,85200,5797860.0,derived_ohlc4
HOSE_SJS,SJS,2025-10-06 09:00:00,1787,1,67.4,68.9,67.3,67.8,62600,4247410.000000001,derived_ohlc4
HOSE_SJS,SJS,2025-10-07 09:00:00,1788,1,67.9,69.9,66.5,67.0,81400,5520955.0,derived_ohlc4
HOSE_SJS,SJS,2025-10-08 09:00:00,1789,1,69.2,69.2,66.0,67.0,53000,3596049.9999999995,derived_ohlc4
HOSE_SJS,SJS,2025-10-09 09:00:00,1790,1,66.5,67.6,66.0,67.5,45700,3057330.0000000005,derived_ohlc4
HOSE_SJS,SJS,2025-10-10 09:00:00,1791,1,67.8,68.0,67.2,67.4,42300,2859479.9999999995,derived_ohlc4
HOSE_SJS,SJS,2025-10-13 09:00:00,1792,1,66.9,68.5,66.5,68.0,33100,2233422.5,derived_ohlc4
HOSE_SJS,SJS,2025-10-14 09:00:00,1793,1,68.9,69.0,66.3,66.3,60200,4071025.0,derived_ohlc4
HOSE_SJS,SJS,2025-10-15 09:00:00,1794,1,66.3,66.6,65.2,66.2,47500,3138562.4999999995,derived_ohlc4
HOSE_SJS,SJS,2025-10-16 09:00:00,1795,1,66.3,70.8,66.1,70.8,188100,12884850.0,derived_ohlc4
HOSE_SJS,SJS,2025-10-17 09:00:00,1796,1,71.3,71.3,68.3,69.4,50200,3517764.9999999995,derived_ohlc4
HOSE_SJS,SJS,2025-10-20 09:00:00,1797,1,68.0,69.0,64.6,64.6,98900,6581795.0,derived_ohlc4
HOSE_SJS,SJS,2025-10-21 09:00:00,1798,1,67.5,67.5,64.6,66.8,96000,6393599.999999999,derived_ohlc4
HOSE_SJS,SJS,2025-10-22 09:00:00,1799,1,67.7,67.7,62.5,66.1,38100,2514600.0,derived_ohlc4
HOSE_SJS,SJS,2025-10-23 09:00:00,1800,1,66.8,66.9,65.2,65.6,24200,1600225.0,derived_ohlc4
HOSE_SJS,SJS,2025-10-24 09:00:00,1801,1,64.9,65.3,61.7,64.2,97200,6223229.999999999,derived_ohlc4
HOSE_SJS,SJS,2025-10-27 09:00:00,1802,1,62.4,63.8,61.8,61.8,103100,6438595.0,derived_ohlc4
HOSE_SJS,SJS,2025-10-28 09:00:00,1803,1,62.0,64.1,60.2,64.1,54100,3386660.0,derived_ohlc4
HOSE_SJS,SJS,2025-10-29 09:00:00,1804,1,64.5,64.5,62.1,62.9,27400,1739900.0,derived_ohlc4
HOSE_SJS,SJS,2025-10-30 09:00:00,1805,1,62.9,62.9,61.2,62.7,46000,2871550.0,derived_ohlc4
HOSE_SJS,SJS,2025-10-31 09:00:00,1806,1,62.1,62.6,61.5,62.6,23200,1443040.0,derived_ohlc4
HOSE_SJS,SJS,2025-11-03 09:00:00,1807,1,62.6,62.6,60.0,60.8,16200,996300.0,derived_ohlc4
HOSE_SJS,SJS,2025-11-04 09:00:00,1808,1,62.0,62.0,59.5,60.3,41000,2498950.0,derived_ohlc4
HOSE_SJS,SJS,2025-11-05 09:00:00,1809,1,60.8,63.9,58.9,60.3,23700,1445107.4999999998,derived_ohlc4
HOSE_SJS,SJS,2025-11-06 09:00:00,1810,1,60.2,60.5,60.1,60.2,9300,560325.0,derived_ohlc4
HOSE_SJS,SJS,2025-11-07 09:00:00,1811,1,60.2,62.3,60.1,60.5,25200,1531530.0,derived_ohlc4
HOSE_SJS,SJS,2025-11-10 09:00:00,1812,1,61.0,61.0,59.8,60.3,137900,8346397.500000001,derived_ohlc4
HOSE_SJS,SJS,2025-11-11 09:00:00,1813,1,62.7,62.7,60.2,60.5,13700,842892.5000000001,derived_ohlc4
HOSE_SJS,SJS,2025-11-12 09:00:00,1814,1,60.1,61.5,60.0,60.9,11100,672937.5,derived_ohlc4
HOSE_SJS,SJS,2025-11-13 09:00:00,1815,1,60.9,61.2,60.1,60.9,17500,1063562.5,derived_ohlc4
HOSE_SJS,SJS,2025-11-14 09:00:00,1816,1,60.9,60.9,60.7,60.7,13900,845120.0,derived_ohlc4
HOSE_SJS,SJS,2025-11-17 09:00:00,1817,1,61.8,61.8,60.9,61.5,9400,578100.0,derived_ohlc4
HOSE_SJS,SJS,2025-11-18 09:00:00,1818,1,61.5,61.9,60.9,61.1,28500,1748475.0,derived_ohlc4
HOSE_SJS,SJS,2025-11-19 09:00:00,1819,1,61.0,61.8,60.3,60.3,22500,1369124.9999999998,derived_ohlc4
HOSE_SJS,SJS,2025-11-20 09:00:00,1820,1,60.3,61.0,60.3,60.3,8700,526132.5,derived_ohlc4
HOSE_SJS,SJS,2025-11-21 09:00:00,1821,1,60.4,60.4,60.0,60.0,24300,1462860.0,derived_ohlc4
HOSE_SJS,SJS,2025-11-24 09:00:00,1822,1,60.7,60.7,58.5,60.1,32400,1944000.0,derived_ohlc4
HOSE_SJS,SJS,2025-11-25 09:00:00,1823,1,60.1,60.1,58.7,58.7,14800,879120.0000000001,derived_ohlc4
HOSE_SJS,SJS,2025-11-26 09:00:00,1824,1,58.3,60.9,58.3,58.3,17600,1037520.0,derived_ohlc4
HOSE_SJS,SJS,2025-11-27 09:00:00,1825,1,58.4,59.0,58.3,58.3,23000,1345500.0,derived_ohlc4
HOSE_SJS,SJS,2025-11-28 09:00:00,1826,1,59.0,59.0,58.2,58.3,25600,1500800.0,derived_ohlc4
HOSE_SJS,SJS,2025-12-01 09:00:00,1827,1,58.3,58.3,58.0,58.3,11800,687054.9999999999,derived_ohlc4
HOSE_SJS,SJS,2025-12-02 09:00:00,1828,1,57.9,58.4,57.8,58.3,25400,1475739.9999999998,derived_ohlc4
HOSE_SJS,SJS,2025-12-03 09:00:00,1829,1,56.5,58.2,56.5,57.9,24200,1386055.0,derived_ohlc4
HOSE_SJS,SJS,2025-12-04 09:00:00,1830,1,57.9,58.2,57.7,58.2,41400,2401200.0,derived_ohlc4
HOSE_SJS,SJS,2025-12-05 09:00:00,1831,1,58.3,61.0,58.3,58.7,19900,1175592.5,derived_ohlc4
HOSE_SJS,SJS,2025-12-08 09:00:00,1832,1,58.7,59.5,56.4,59.3,15700,918057.4999999999,derived_ohlc4
HOSE_SJS,SJS,2025-12-09 09:00:00,1833,1,59.2,59.2,58.0,58.7,6700,393792.50000000006,derived_ohlc4
HOSE_SJS,SJS,2025-12-10 09:00:00,1834,1,58.7,58.8,57.9,57.9,12200,711565.0,derived_ohlc4
HOSE_SJS,SJS,2025-12-11 09:00:00,1835,1,56.9,58.0,56.9,57.5,33000,1891725.0,derived_ohlc4
HOSE_SJS,SJS,2025-12-12 09:00:00,1836,1,57.5,57.5,55.5,55.5,52200,2949300.0,derived_ohlc4
HOSE_SJS,SJS,2025-12-15 09:00:00,1837,1,55.5,57.5,55.5,57.5,40800,2305200.0,derived_ohlc4
HOSE_SJS,SJS,2025-12-16 09:00:00,1838,1,57.5,58.8,56.7,58.8,51200,2967040.0,derived_ohlc4
HOSE_SJS,SJS,2025-12-17 09:00:00,1839,1,56.5,58.5,56.5,56.7,9000,513450.0,derived_ohlc4
HOSE_SJS,SJS,2025-12-18 09:00:00,1840,1,56.9,58.4,56.9,58.1,23200,1335740.0,derived_ohlc4
HOSE_SJS,SJS,2025-12-19 09:00:00,1841,1,58.4,58.4,57.7,58.1,8600,500090.0,derived_ohlc4
HOSE_SJS,SJS,2025-12-22 09:00:00,1842,1,58.0,58.7,57.0,58.7,19300,1121330.0,derived_ohlc4
HOSE_SJS,SJS,2025-12-23 09:00:00,1843,1,58.7,59.5,57.7,58.6,49400,2896075.0,derived_ohlc4
HOSE_SJS,SJS,2025-12-24 09:00:00,1844,1,57.2,58.6,57.1,58.6,5900,341462.5,derived_ohlc4
HOSE_SJS,SJS,2025-12-25 09:00:00,1845,1,57.3,58.0,56.9,58.0,67300,3873115.0,derived_ohlc4
HOSE_SJS,SJS,2025-12-26 09:00:00,1846,1,57.0,58.0,56.8,58.0,6200,356190.0,derived_ohlc4
HOSE_SJS,SJS,2025-12-29 09:00:00,1847,1,58.0,58.4,55.0,58.4,25200,1447740.0,derived_ohlc4
HOSE_SJS,SJS,2025-12-30 09:00:00,1848,1,58.0,61.0,56.6,61.0,56700,3353805.0,derived_ohlc4
HOSE_SJS,SJS,2025-12-31 09:00:00,1849,1,61.0,61.8,59.3,61.8,126200,7695044.999999999,derived_ohlc4
HOSE_SJS,SJS,2026-01-05 09:00:00,1850,1,61.0,61.0,60.0,60.0,25900,1566950.0,derived_ohlc4
HOSE_SJS,SJS,2026-01-06 09:00:00,1851,1,60.0,60.9,58.4,60.9,36300,2179815.0,derived_ohlc4
HOSE_SJS,SJS,2026-01-07 09:00:00,1852,1,60.9,61.3,60.0,60.9,70700,4296792.5,derived_ohlc4
HOSE_SJS,SJS,2026-01-08 09:00:00,1853,1,61.0,61.0,59.8,59.8,71200,4300480.0,derived_ohlc4
HOSE_SJS,SJS,2026-01-09 09:00:00,1854,1,59.8,59.8,57.0,57.2,32000,1870400.0,derived_ohlc4
HOSE_SJS,SJS,2026-01-12 09:00:00,1855,1,56.7,58.9,56.7,57.5,49700,2855265.0,derived_ohlc4
HOSE_SJS,SJS,2026-01-13 09:00:00,1856,1,57.4,58.6,57.0,57.3,28900,1663917.5,derived_ohlc4
HOSE_SJS,SJS,2026-01-14 09:00:00,1857,1,57.0,59.0,56.9,57.2,52000,2991300.0000000005,derived_ohlc4
HOSE_SJS,SJS,2026-01-15 09:00:00,1858,1,57.2,58.8,57.1,57.5,80400,4635060.0,derived_ohlc4
HOSE_SJS,SJS,2026-01-16 09:00:00,1859,1,57.5,58.9,57.5,57.5,63300,3661905.0,derived_ohlc4
HOSE_SJS,SJS,2026-01-19 09:00:00,1860,1,57.6,58.6,57.4,57.4,31300,1807575.0,derived_ohlc4
HOSE_SJS,SJS,2026-01-20 09:00:00,1861,1,57.4,58.5,57.0,57.0,30800,1770230.0,derived_ohlc4
HOSE_SJS,SJS,2026-01-21 09:00:00,1862,1,56.5,58.2,56.5,57.5,16000,914800.0,derived_ohlc4
HOSE_SJS,SJS,2026-01-22 09:00:00,1863,1,57.1,57.9,57.0,57.9,30800,1770230.0,derived_ohlc4
HOSE_SJS,SJS,2026-01-23 09:00:00,1864,1,57.9,58.0,56.0,57.6,20900,1199137.5,derived_ohlc4
HOSE_SJS,SJS,2026-01-26 09:00:00,1865,1,57.9,57.9,56.5,56.9,11300,647490.0,derived_ohlc4
HOSE_SJS,SJS,2026-01-27 09:00:00,1866,1,56.9,56.9,53.8,54.0,66300,3673020.0,derived_ohlc4
HOSE_SJS,SJS,2026-01-28 09:00:00,1867,1,53.0,53.8,50.3,53.8,65700,3464032.4999999995,derived_ohlc4
HOSE_SJS,SJS,2026-01-29 09:00:00,1868,1,52.1,53.6,51.5,53.6,39500,2081649.9999999998,derived_ohlc4
HOSE_SJS,SJS,2026-01-30 09:00:00,1869,1,53.2,53.2,50.5,52.0,81200,4240670.0,derived_ohlc4
HOSE_SJS,SJS,2026-02-02 09:00:00,1870,1,51.5,52.0,48.6,52.0,103100,5260677.5,derived_ohlc4
HOSE_SJS,SJS,2026-02-03 09:00:00,1871,1,51.9,51.9,50.0,51.6,24200,1242670.0,derived_ohlc4
HOSE_SJS,SJS,2026-02-04 09:00:00,1872,1,49.3,51.0,49.3,50.0,35500,1771450.0,derived_ohlc4
HOSE_SJS,SJS,2026-02-05 09:00:00,1873,1,50.0,50.5,49.3,50.4,28000,1401400.0000000002,derived_ohlc4
HOSE_SJS,SJS,2026-02-06 09:00:00,1874,1,49.1,49.9,49.0,49.9,16400,811390.0,derived_ohlc4
HOSE_SJS,SJS,2026-02-09 09:00:00,1875,1,49.9,49.9,48.65,48.7,16300,803386.2499999999,derived_ohlc4
HOSE_SJS,SJS,2026-02-10 09:00:00,1876,1,49.0,49.0,47.5,47.9,10700,517345.0,derived_ohlc4
HOSE_SJS,SJS,2026-02-11 09:00:00,1877,1,47.5,48.6,44.95,48.6,14700,696963.75,derived_ohlc4
HOSE_SJS,SJS,2026-02-12 09:00:00,1878,1,48.7,48.7,48.0,48.7,17100,829777.5000000001,derived_ohlc4
HOSE_SJS,SJS,2026-02-13 09:00:00,1879,1,48.5,49.5,47.95,49.5,43700,2135291.25,derived_ohlc4
HOSE_SJS,SJS,2026-02-23 09:00:00,1880,1,50.0,52.0,49.0,52.0,70000,3552500.0,derived_ohlc4
HOSE_SJS,SJS,2026-02-24 09:00:00,1881,1,52.0,52.0,50.0,52.0,28200,1452300.0,derived_ohlc4
HOSE_SJS,SJS,2026-02-25 09:00:00,1882,1,52.0,52.0,50.1,51.8,32300,1662642.4999999998,derived_ohlc4
HOSE_SJS,SJS,2026-02-26 09:00:00,1883,1,51.0,52.0,50.1,51.8,15700,804232.4999999999,derived_ohlc4
HOSE_SJS,SJS,2026-02-27 09:00:00,1884,1,50.5,51.7,49.7,51.7,88500,4504650.000000001,derived_ohlc4
HOSE_SJS,SJS,2026-03-02 09:00:00,1885,1,48.6,51.7,48.6,51.7,60600,3039090.0000000005,derived_ohlc4
HOSE_SJS,SJS,2026-03-03 09:00:00,1886,1,50.1,51.7,50.1,51.7,61700,3140530.0000000005,derived_ohlc4
HOSE_SJS,SJS,2026-03-04 09:00:00,1887,1,50.5,51.8,50.0,51.8,78400,4000360.0000000005,derived_ohlc4
HOSE_SJS,SJS,2026-03-05 09:00:00,1888,1,51.8,51.8,50.8,51.7,37600,1937339.9999999998,derived_ohlc4
HOSE_SJS,SJS,2026-03-06 09:00:00,1889,1,50.6,51.0,50.0,50.9,65700,3326062.5,derived_ohlc4
HOSE_SJS,SJS,2026-03-09 09:00:00,1890,1,47.35,48.5,47.35,47.5,120200,5730535.0,derived_ohlc4
HOSE_SJS,SJS,2026-03-10 09:00:00,1891,1,48.0,48.5,46.3,48.0,20100,958770.0,derived_ohlc4
HOSE_SJS,SJS,2026-03-11 09:00:00,1892,1,49.8,49.8,47.0,48.95,14900,728423.75,derived_ohlc4
HOSE_SJS,SJS,2026-03-12 09:00:00,1893,1,48.85,48.85,47.8,47.8,4500,217462.5,derived_ohlc4
HOSE_SJS,SJS,2026-03-13 09:00:00,1894,1,49.3,49.5,48.5,48.5,3900,190905.0,derived_ohlc4
HOSE_SJS,SJS,2026-03-16 09:00:00,1895,1,49.0,49.3,49.0,49.0,19000,932425.0,derived_ohlc4
HOSE_SJS,SJS,2026-03-17 09:00:00,1896,1,49.2,49.5,47.0,49.0,20100,978367.5,derived_ohlc4
HOSE_SJS,SJS,2026-03-18 09:00:00,1897,1,49.0,49.6,49.0,49.6,25100,1237430.0,derived_ohlc4
HOSE_SJS,SJS,2026-03-19 09:00:00,1898,1,49.0,49.6,47.7,49.6,7500,367312.5,derived_ohlc4
HOSE_SJS,SJS,2026-03-20 09:00:00,1899,1,49.6,49.6,48.5,49.2,5800,285504.99999999994,derived_ohlc4
HOSE_SJS,SJS,2026-03-23 09:00:00,1900,1,47.1,48.4,47.0,48.4,5000,238625.0,derived_ohlc4
HOSE_SJS,SJS,2026-03-24 09:00:00,1901,1,48.1,48.3,48.0,48.2,17400,837810.0000000001,derived_ohlc4
HOSE_SJS,SJS,2026-03-25 09:00:00,1902,1,48.2,49.5,48.2,48.6,15800,768275.0,derived_ohlc4
HOSE_SJS,SJS,2026-03-26 09:00:00,1903,1,48.6,49.2,48.6,49.0,32200,1572970.0,derived_ohlc4
HOSE_SJS,SJS,2026-03-27 09:00:00,1904,1,49.5,50.0,49.2,49.55,11900,589793.75,derived_ohlc4
HOSE_SJS,SJS,2026-03-30 09:00:00,1905,1,48.1,50.0,48.1,49.95,21700,1064113.7499999998,derived_ohlc4
HOSE_SJS,SJS,2026-03-31 09:00:00,1906,1,50.0,50.0,48.7,48.95,26600,1314372.4999999998,derived_ohlc4
HOSE_SJS,SJS,2026-04-01 09:00:00,1907,1,49.9,49.95,49.0,49.0,17300,855701.25,derived_ohlc4
HOSE_SJS,SJS,2026-04-02 09:00:00,1908,1,48.5,49.5,48.0,49.5,11200,547400.0,derived_ohlc4
HOSE_SJS,SJS,2026-04-03 09:00:00,1909,1,48.2,49.4,48.0,48.35,4800,232740.0,derived_ohlc4
HOSE_SJS,SJS,2026-04-06 09:00:00,1910,1,48.8,48.8,48.15,48.15,9100,441122.5,derived_ohlc4
HOSE_SJS,SJS,2026-04-07 09:00:00,1911,1,47.95,49.0,47.1,49.0,11500,555018.75,derived_ohlc4
HOSE_SJS,SJS,2026-04-08 09:00:00,1912,1,49.4,49.5,49.2,49.3,19600,967260.0000000001,derived_ohlc4
HOSE_SJS,SJS,2026-04-09 09:00:00,1913,1,49.3,52.7,49.3,52.7,115700,5900700.0,derived_ohlc4
HOSE_SJS,SJS,2026-04-10 09:00:00,1914,1,55.8,55.8,53.4,53.9,27000,1477575.0,derived_ohlc4
HOSE_SJS,SJS,2026-04-13 09:00:00,1915,1,54.2,54.2,51.5,53.3,47200,2515760.0,derived_ohlc4
HOSE_SJS,SJS,2026-04-14 09:00:00,1916,1,53.2,53.5,52.1,52.5,10300,544097.5,derived_ohlc4
HOSE_SJS,SJS,2026-04-15 09:00:00,1917,1,52.7,53.0,52.5,53.0,14400,760320.0,derived_ohlc4
HOSE_SJS,SJS,2026-04-16 09:00:00,1918,1,52.9,54.0,52.9,53.1,24600,1309335.0,derived_ohlc4
HOSE_SJS,SJS,2026-04-17 09:00:00,1919,1,53.1,53.5,52.8,53.0,18100,961109.9999999999,derived_ohlc4
HOSE_SJS,SJS,2026-04-20 09:00:00,1920,1,52.0,53.3,52.0,53.3,41200,2169180.0000000005,derived_ohlc4
HOSE_SJS,SJS,2026-04-21 09:00:00,1921,1,53.1,54.9,53.0,54.9,47800,2580005.0,derived_ohlc4
HOSE_SJS,SJS,2026-04-22 09:00:00,1922,1,55.0,58.7,55.0,58.7,118200,6719669.999999999,derived_ohlc4
HOSE_SJS,SJS,2026-04-23 09:00:00,1923,1,62.8,62.8,59.9,61.7,176700,10920060.0,derived_ohlc4
HOSE_SJS,SJS,2026-04-24 09:00:00,1924,1,61.7,62.0,58.6,59.0,55800,3366135.0,derived_ohlc4
HOSE_SJS,SJS,2026-04-28 09:00:00,1925,1,59.0,59.0,55.8,56.5,59000,3396925.0,derived_ohlc4
HOSE_SJS,SJS,2026-04-29 09:00:00,1926,1,57.5,58.0,56.6,57.7,28000,1608600.0,derived_ohlc4
HOSE_SJS,SJS,2026-05-04 09:00:00,1927,1,59.3,59.3,57.3,58.2,48700,2850167.4999999995,derived_ohlc4
HOSE_SJS,SJS,2026-05-05 09:00:00,1928,1,57.9,58.2,57.5,58.1,32600,1888355.0,derived_ohlc4
HOSE_SJS,SJS,2026-05-06 09:00:00,1929,1,58.2,58.5,57.5,57.8,20900,1212200.0,derived_ohlc4
HOSE_SJS,SJS,2026-05-07 09:00:00,1930,1,57.7,57.9,57.2,57.4,22000,1266100.0,derived_ohlc4
HOSE_SJS,SJS,2026-05-08 09:00:00,1931,1,57.4,57.5,56.6,56.7,32800,1871240.0,derived_ohlc4
HOSE_SJS,SJS,2026-05-11 09:00:00,1932,1,56.7,59.0,55.5,57.0,22900,1306445.0,derived_ohlc4
HOSE_SJS,SJS,2026-05-12 09:00:00,1933,1,57.0,57.4,56.5,56.8,15300,870952.5,derived_ohlc4
HOSE_SJS,SJS,2026-05-13 09:00:00,1934,1,56.5,56.8,56.0,56.8,49700,2809292.5000000005,derived_ohlc4
HOSE_SJS,SJS,2026-05-14 09:00:00,1935,1,56.9,56.9,55.7,55.8,37000,2084025.0,derived_ohlc4
HOSE_SJS,SJS,2026-05-15 09:00:00,1936,1,55.7,56.0,55.7,56.0,3900,217815.0,derived_ohlc4
HOSE_SJS,SJS,2026-05-18 09:00:00,1937,1,56.0,57.4,54.0,55.2,24500,1363425.0000000002,derived_ohlc4
HOSE_SJS,SJS,2026-05-19 09:00:00,1938,1,54.2,55.7,54.0,54.3,21000,1145550.0,derived_ohlc4
HOSE_SJS,SJS,2026-05-20 09:00:00,1939,1,55.5,55.5,53.5,55.3,28700,1577065.0,derived_ohlc4
HOSE_SJS,SJS,2026-05-21 09:00:00,1940,1,54.0,55.0,53.5,55.0,2400,130500.0,derived_ohlc4
HOSE_SJS,SJS,2026-05-22 09:00:00,1941,1,53.4,54.7,53.3,54.0,9900,533115.0,derived_ohlc4
HOSE_SJS,SJS,2026-05-25 09:00:00,1942,1,53.0,53.7,52.5,53.0,19400,1029170.0,derived_ohlc4
HOSE_SJS,SJS,2026-05-26 09:00:00,1943,1,53.9,53.9,53.0,53.0,10900,582605.0,derived_ohlc4
HOSE_SJS,SJS,2026-05-27 09:00:00,1944,1,53.0,53.0,52.8,53.0,6700,354765.0,derived_ohlc4
HOSE_SJS,SJS,2026-05-28 09:00:00,1945,1,53.0,53.0,51.1,51.1,29500,1535475.0,derived_ohlc4
HOSE_SJS,SJS,2026-05-29 09:00:00,1946,1,51.1,52.0,51.1,51.9,18400,948060.0,derived_ohlc4
HOSE_SJS,SJS,2026-06-01 09:00:00,1947,1,51.1,51.9,50.7,51.1,4700,240639.99999999997,derived_ohlc4
HOSE_SJS,SJS,2026-06-02 09:00:00,1948,1,49.4,51.1,49.4,51.0,27200,1366120.0,derived_ohlc4
HOSE_SJS,SJS,2026-06-03 09:00:00,1949,1,51.0,51.0,50.0,51.0,7700,390775.0,derived_ohlc4
HOSE_SJS,SJS,2026-06-04 09:00:00,1950,1,51.5,51.5,49.1,49.1,32200,1619660.0,derived_ohlc4
HOSE_SJS,SJS,2026-06-05 09:00:00,1951,1,49.1,49.95,49.1,49.95,13600,673540.0000000001,derived_ohlc4
HOSE_SJS,SJS,2026-06-08 09:00:00,1952,1,48.2,48.95,48.2,48.95,500,24287.5,derived_ohlc4
HOSE_SJS,SJS,2026-06-09 09:00:00,1953,1,48.0,49.0,47.0,49.0,30100,1452325.0,derived_ohlc4
HOSE_SJS,SJS,2026-06-10 09:00:00,1954,1,47.0,49.15,47.0,49.15,16100,774007.5,derived_ohlc4
HOSE_SJS,SJS,2026-06-11 09:00:00,1955,1,48.5,49.0,47.5,49.0,104800,5082800.0,derived_ohlc4
HOSE_SJS,SJS,2026-06-12 09:00:00,1956,1,48.5,49.0,48.0,49.0,9200,447350.0,derived_ohlc4
HOSE_SJS,SJS,2026-06-15 09:00:00,1957,1,48.1,48.9,47.95,48.9,5800,281082.5,derived_ohlc4
HOSE_SJS,SJS,2026-06-16 09:00:00,1958,1,48.9,49.0,48.85,49.0,6600,322987.5,derived_ohlc4
HOSE_SJS,SJS,2026-06-17 09:00:00,1959,1,49.0,49.35,49.0,49.0,6700,328886.25,derived_ohlc4
HOSE_SJS,SJS,2026-06-18 09:00:00,1960,1,49.0,49.25,48.95,49.25,7200,353610.0,derived_ohlc4
HOSE_SJS,SJS,2026-06-19 09:00:00,1961,1,49.2,49.8,49.0,49.4,19200,947520.0,derived_ohlc4
HOSE_SJS,SJS,2026-06-22 09:00:00,1962,1,49.3,49.3,47.8,47.8,20800,1009839.9999999999,derived_ohlc4
HOSE_SJS,SJS,2026-06-23 09:00:00,1963,1,47.7,49.0,47.25,48.0,45900,2202626.25,derived_ohlc4
HOSE_SJS,SJS,2026-06-24 09:00:00,1964,1,47.3,48.0,47.1,48.0,18700,890120.0,derived_ohlc4
HOSE_SJS,SJS,2026-06-25 09:00:00,1965,1,48.95,48.95,47.2,48.0,7900,381372.50000000006,derived_ohlc4
HOSE_SJS,SJS,2026-06-26 09:00:00,1966,1,49.25,49.25,48.0,48.0,22400,1089200.0,derived_ohlc4
HOSE_SJS,SJS,2026-06-29 09:00:00,1967,1,47.0,48.3,47.0,48.0,26800,1275010.0,derived_ohlc4
HOSE_SJS,SJS,2026-06-30 09:00:00,1968,1,48.0,48.05,47.5,48.0,32100,1537188.75,derived_ohlc4
HOSE_SJS,SJS,2026-07-01 09:00:00,1969,1,48.0,48.05,47.5,47.5,23400,1117642.5,derived_ohlc4
HOSE_SJS,SJS,2026-07-02 09:00:00,1970,1,47.5,48.1,47.4,47.8,11700,558090.0,derived_ohlc4
HOSE_SJS,SJS,2026-07-03 09:00:00,1971,1,48.6,48.6,44.5,48.0,23800,1128715.0,derived_ohlc4
HOSE_SJS,SJS,2026-07-06 09:00:00,1972,1,48.0,48.0,47.25,47.8,9000,429862.5,derived_ohlc4
HOSE_SJS,SJS,2026-07-07 09:00:00,1973,1,47.8,47.8,46.8,47.8,8500,404175.0,derived_ohlc4
HOSE_SJS,SJS,2026-07-08 09:00:00,1974,1,47.0,48.0,46.6,48.0,22100,1047540.0,derived_ohlc4
HOSE_SJS,SJS,2026-07-09 09:00:00,1975,1,47.9,48.0,47.0,47.8,9600,457680.0,derived_ohlc4
HOSE_SJS,SJS,2026-07-10 09:00:00,1976,1,47.0,47.8,47.0,47.8,41200,1952880.0000000002,derived_ohlc4
HOSE_SJS,SJS,2026-07-13 09:00:00,1977,1,47.0,47.8,45.3,47.8,20200,948894.9999999999,derived_ohlc4
HOSE_SJS,SJS,2026-07-14 09:00:00,1978,1,45.5,48.5,44.5,48.5,26700,1248225.0,derived_ohlc4
HOSE_SJS,SJS,2026-07-15 09:00:00,1979,1,48.5,48.5,47.0,48.3,9400,451905.0,derived_ohlc4
HOSE_SJS,SJS,2026-07-16 09:00:00,1980,1,48.3,48.3,47.3,48.0,31800,1525604.9999999998,derived_ohlc4
HOSE_SJS,SJS,2026-07-17 09:00:00,1981,1,47.0,47.9,47.0,47.5,51100,2419585.0,derived_ohlc4
HOSE_SJS,SJS,2026-07-20 09:00:00,1982,1,46.15,47.5,46.15,47.5,93400,4373455.0,derived_ohlc4
HOSE_SJS,SJS,2026-07-21 09:00:00,1983,1,46.6,47.5,46.6,47.4,35600,1674090.0,derived_ohlc4
HOSE_SJS,SJS,2026-07-22 09:00:00,1984,1,46.7,47.4,46.1,47.2,52900,2478364.9999999995,derived_ohlc4
HOSE_SJS,SJS,2026-07-23 09:00:00,1985,1,45.5,47.5,45.5,47.4,92900,4317527.5,derived_ohlc4
HOSE_SJS,SJS,2026-07-24 09:00:00,1986,1,46.2,47.5,46.2,47.2,34700,1623092.5000000002,derived_ohlc4
HOSE_SJS,SJS,2026-07-27 09:00:00,1987,1,47.2,47.5,46.0,47.2,187400,8803114.999999998,derived_ohlc4
HOSE_SJS,SJS,2026-07-28 09:00:00,1988,1,46.05,47.2,46.0,47.2,68300,3183633.75,derived_ohlc4
HOSE_SJS,SJS,2026-07-29 09:00:00,1989,1,47.2,47.2,46.05,47.2,43500,2040693.7499999998,derived_ohlc4
HOSE_SJS,SJS,2026-07-30 09:00:00,1990,1,46.1,47.4,45.5,47.3,76600,3567645.0,derived_ohlc4
HOSE_SJS,SJS,2026-07-31 09:00:00,1991,1,50.6,50.6,46.0,47.15,93300,4533213.75,derived_ohlc4
HOSE_SJS,SJS,2026-08-03 09:00:00,1992,1,47.15,47.35,46.15,47.15,32100,1507095.0,derived_ohlc4
HOSE_SJS,SJS,2026-08-04 09:00:00,1993,1,47.0,47.2,46.15,47.15,71300,3342187.5,derived_ohlc4
HOSE_SJS,SJS,2026-08-05 09:00:00,1994,1,47.5,47.5,46.1,47.1,73700,3467585.0,derived_ohlc4
HOSE_SJS,SJS,2026-08-06 09:00:00,1995,1,46.25,47.1,46.15,47.1,58300,2719695.0,derived_ohlc4
HOSE_SJS,SJS,2026-08-07 09:00:00,1996,1,47.05,47.3,46.85,47.2,58300,2745929.9999999995,derived_ohlc4
