security_id,symbol,timestamps,session_id,segment_id,open,high,low,close,volume,amount,amount_source
HOSE_TPB,TPB,2018-08-09 09:00:00,0,0,5.43,5.69,5.43,5.63,461210,2557409.45,derived_ohlc4
HOSE_TPB,TPB,2018-08-10 09:00:00,1,0,5.64,5.69,5.56,5.66,332110,1872270.125,derived_ohlc4
HOSE_TPB,TPB,2018-08-13 09:00:00,2,0,5.67,5.77,5.62,5.76,336850,1921729.25,derived_ohlc4
HOSE_TPB,TPB,2018-08-14 09:00:00,3,0,5.83,5.85,5.76,5.76,312680,1813543.9999999998,derived_ohlc4
HOSE_TPB,TPB,2018-08-15 09:00:00,4,0,5.76,5.82,5.69,5.71,289650,1664039.25,derived_ohlc4
HOSE_TPB,TPB,2018-08-16 09:00:00,5,0,5.67,5.78,5.67,5.77,235000,1344787.4999999998,derived_ohlc4
HOSE_TPB,TPB,2018-08-17 09:00:00,6,0,5.83,5.98,5.77,5.82,262420,1535157.0,derived_ohlc4
HOSE_TPB,TPB,2018-08-20 09:00:00,7,0,5.76,5.83,5.76,5.76,285190,1647685.2249999999,derived_ohlc4
HOSE_TPB,TPB,2018-08-21 09:00:00,8,0,5.76,5.82,5.76,5.82,312010,1806537.9,derived_ohlc4
HOSE_TPB,TPB,2018-08-22 09:00:00,9,0,5.82,5.9,5.78,5.84,435620,2541842.7,derived_ohlc4
HOSE_TPB,TPB,2018-08-23 09:00:00,10,0,5.81,5.92,5.81,5.87,375720,2198901.3,derived_ohlc4
HOSE_TPB,TPB,2018-08-24 09:00:00,11,0,5.88,5.88,5.85,5.88,318750,1871859.3749999998,derived_ohlc4
HOSE_TPB,TPB,2018-08-27 09:00:00,12,0,5.89,5.92,5.89,5.92,262880,1552306.4,derived_ohlc4
HOSE_TPB,TPB,2018-08-28 09:00:00,13,0,5.89,5.97,5.89,5.96,367780,2180015.95,derived_ohlc4
HOSE_TPB,TPB,2018-08-29 09:00:00,14,0,5.96,6.0,5.94,5.99,353290,2110024.525,derived_ohlc4
HOSE_TPB,TPB,2018-08-30 09:00:00,15,0,5.98,6.0,5.94,5.99,386140,2308151.8500000006,derived_ohlc4
HOSE_TPB,TPB,2018-08-31 09:00:00,16,0,5.99,6.04,5.96,5.96,344740,2064130.7500000002,derived_ohlc4
HOSE_TPB,TPB,2018-09-04 09:00:00,17,0,5.95,5.97,5.93,5.94,274950,1635265.1250000002,derived_ohlc4
HOSE_TPB,TPB,2018-09-05 09:00:00,18,0,5.93,5.95,5.87,5.87,287370,1696919.85,derived_ohlc4
HOSE_TPB,TPB,2018-09-06 09:00:00,19,0,5.85,5.94,5.46,5.46,314500,1785573.75,derived_ohlc4
HOSE_TPB,TPB,2018-09-07 09:00:00,20,0,5.71,5.84,5.69,5.84,334230,1928507.1,derived_ohlc4
HOSE_TPB,TPB,2018-09-10 09:00:00,21,0,5.86,5.88,5.82,5.84,295040,1725984.0000000002,derived_ohlc4
HOSE_TPB,TPB,2018-09-11 09:00:00,22,0,5.84,5.85,5.78,5.78,306000,1778625.0,derived_ohlc4
HOSE_TPB,TPB,2018-09-12 09:00:00,23,0,5.78,5.84,5.76,5.78,311310,1802484.9000000004,derived_ohlc4
HOSE_TPB,TPB,2018-09-13 09:00:00,24,0,5.79,5.82,5.78,5.81,274320,1591056.0,derived_ohlc4
HOSE_TPB,TPB,2018-09-14 09:00:00,25,0,5.81,5.83,5.79,5.81,296230,1721096.2999999998,derived_ohlc4
HOSE_TPB,TPB,2018-09-17 09:00:00,26,0,5.81,5.81,5.76,5.78,296810,1718529.9,derived_ohlc4
HOSE_TPB,TPB,2018-09-18 09:00:00,27,0,5.78,5.78,5.66,5.78,341310,1962532.5,derived_ohlc4
HOSE_TPB,TPB,2018-09-19 09:00:00,28,0,5.79,5.82,5.76,5.81,403380,2337587.0999999996,derived_ohlc4
HOSE_TPB,TPB,2018-09-20 09:00:00,29,0,5.82,5.86,5.81,5.82,451650,2631990.375,derived_ohlc4
HOSE_TPB,TPB,2018-09-21 09:00:00,30,0,5.82,5.85,5.81,5.82,458990,2673616.75,derived_ohlc4
HOSE_TPB,TPB,2018-09-24 09:00:00,31,0,5.83,5.85,5.81,5.82,179800,1047784.5,derived_ohlc4
HOSE_TPB,TPB,2018-09-25 09:00:00,32,0,5.82,5.82,5.73,5.75,352600,2038028.0,derived_ohlc4
HOSE_TPB,TPB,2018-09-26 09:00:00,33,0,5.76,5.88,5.72,5.76,280770,1622850.5999999999,derived_ohlc4
HOSE_TPB,TPB,2018-09-27 09:00:00,34,0,5.76,5.81,5.75,5.76,237590,1370894.2999999998,derived_ohlc4
HOSE_TPB,TPB,2018-09-28 09:00:00,35,0,5.76,5.81,5.74,5.81,377090,2179580.2,derived_ohlc4
HOSE_TPB,TPB,2018-10-01 09:00:00,36,0,5.81,5.84,5.79,5.81,334990,1947129.3749999998,derived_ohlc4
HOSE_TPB,TPB,2018-10-02 09:00:00,37,0,5.81,5.87,5.75,5.79,462710,2686031.55,derived_ohlc4
HOSE_TPB,TPB,2018-10-03 09:00:00,38,0,5.81,5.84,5.79,5.83,493170,2869016.4749999996,derived_ohlc4
HOSE_TPB,TPB,2018-10-04 09:00:00,39,0,5.83,6.03,5.83,5.98,918360,5434395.3,derived_ohlc4
HOSE_TPB,TPB,2018-10-05 09:00:00,40,0,6.0,6.02,5.95,5.98,691450,4140056.875,derived_ohlc4
HOSE_TPB,TPB,2018-10-08 09:00:00,41,0,5.99,5.99,5.87,5.9,586980,3485193.75,derived_ohlc4
HOSE_TPB,TPB,2018-10-09 09:00:00,42,0,5.85,5.93,5.83,5.92,1065850,6269862.625,derived_ohlc4
HOSE_TPB,TPB,2018-10-10 09:00:00,43,0,5.92,5.94,5.89,5.92,557840,3301018.2,derived_ohlc4
HOSE_TPB,TPB,2018-10-11 09:00:00,44,0,5.54,5.76,5.52,5.52,500890,2797470.65,derived_ohlc4
HOSE_TPB,TPB,2018-10-12 09:00:00,45,0,5.51,5.61,5.51,5.57,376500,2089575.0000000002,derived_ohlc4
HOSE_TPB,TPB,2018-10-15 09:00:00,46,0,5.56,5.57,5.18,5.32,336550,1819894.125,derived_ohlc4
HOSE_TPB,TPB,2018-10-16 09:00:00,47,0,5.33,5.37,5.32,5.35,328810,1756667.4249999998,derived_ohlc4
HOSE_TPB,TPB,2018-10-17 09:00:00,48,0,5.36,5.54,5.36,5.43,321550,1743604.875,derived_ohlc4
HOSE_TPB,TPB,2018-10-18 09:00:00,49,0,5.44,5.48,5.41,5.42,279180,1518041.25,derived_ohlc4
HOSE_TPB,TPB,2018-10-19 09:00:00,50,0,5.41,5.43,5.36,5.42,308190,1665766.9499999997,derived_ohlc4
HOSE_TPB,TPB,2018-10-22 09:00:00,51,0,5.42,5.56,5.42,5.45,386440,2110928.5,derived_ohlc4
HOSE_TPB,TPB,2018-10-23 09:00:00,52,0,5.46,5.46,5.4,5.41,315760,1715366.2,derived_ohlc4
HOSE_TPB,TPB,2018-10-24 09:00:00,53,0,5.42,5.46,5.41,5.44,316220,1717865.1500000001,derived_ohlc4
HOSE_TPB,TPB,2018-10-25 09:00:00,54,0,5.42,5.44,5.35,5.43,249910,1352013.1,derived_ohlc4
HOSE_TPB,TPB,2018-10-26 09:00:00,55,0,5.46,5.54,5.46,5.51,269600,1480778.0,derived_ohlc4
HOSE_TPB,TPB,2018-10-29 09:00:00,56,0,5.51,5.52,5.46,5.51,217050,1193775.0,derived_ohlc4
HOSE_TPB,TPB,2018-10-30 09:00:00,57,0,5.51,5.58,5.51,5.54,368350,2038817.25,derived_ohlc4
HOSE_TPB,TPB,2018-10-31 09:00:00,58,0,5.65,5.73,5.65,5.73,308320,1754340.8,derived_ohlc4
HOSE_TPB,TPB,2018-11-01 09:00:00,59,0,5.87,5.87,5.69,5.71,285340,1650691.9000000001,derived_ohlc4
HOSE_TPB,TPB,2018-11-02 09:00:00,60,0,5.72,5.77,5.32,5.32,511310,2828822.5749999997,derived_ohlc4
HOSE_TPB,TPB,2018-11-05 09:00:00,61,0,5.43,5.49,5.42,5.48,481700,2627673.5,derived_ohlc4
HOSE_TPB,TPB,2018-11-06 09:00:00,62,0,5.48,5.52,5.47,5.48,248270,1362381.625,derived_ohlc4
HOSE_TPB,TPB,2018-11-07 09:00:00,63,0,5.48,5.56,5.48,5.54,255460,1408861.9,derived_ohlc4
HOSE_TPB,TPB,2018-11-08 09:00:00,64,0,5.54,5.63,5.46,5.61,631830,3512974.8,derived_ohlc4
HOSE_TPB,TPB,2018-11-09 09:00:00,65,0,5.61,5.67,5.54,5.56,563400,3152223.0,derived_ohlc4
HOSE_TPB,TPB,2018-11-12 09:00:00,66,0,5.56,5.66,5.53,5.66,234920,1316139.3,derived_ohlc4
HOSE_TPB,TPB,2018-11-13 09:00:00,67,0,5.65,5.65,5.59,5.64,206970,1165758.5250000001,derived_ohlc4
HOSE_TPB,TPB,2018-11-14 09:00:00,68,0,5.64,5.67,5.64,5.65,180650,1020672.5000000001,derived_ohlc4
HOSE_TPB,TPB,2018-11-15 09:00:00,69,0,5.66,5.67,5.63,5.66,233890,1322647.95,derived_ohlc4
HOSE_TPB,TPB,2018-11-16 09:00:00,70,0,5.67,5.76,5.67,5.75,252140,1440349.75,derived_ohlc4
HOSE_TPB,TPB,2018-11-19 09:00:00,71,0,5.76,5.81,5.76,5.81,331610,1918363.8499999999,derived_ohlc4
HOSE_TPB,TPB,2018-11-20 09:00:00,72,0,5.82,5.82,5.78,5.81,286420,1663384.1500000001,derived_ohlc4
HOSE_TPB,TPB,2018-11-21 09:00:00,73,0,5.81,5.98,5.75,5.96,307800,1808325.0,derived_ohlc4
HOSE_TPB,TPB,2018-11-22 09:00:00,74,0,6.09,6.23,5.96,6.23,1262510,7736030.025,derived_ohlc4
HOSE_TPB,TPB,2018-11-23 09:00:00,75,0,6.23,6.23,6.07,6.09,1055230,6494940.65,derived_ohlc4
HOSE_TPB,TPB,2018-11-26 09:00:00,76,0,5.87,5.97,5.86,5.86,600550,3537239.5,derived_ohlc4
HOSE_TPB,TPB,2018-11-27 09:00:00,77,0,5.85,5.86,5.69,5.74,313350,1812729.75,derived_ohlc4
HOSE_TPB,TPB,2018-11-28 09:00:00,78,0,5.74,5.74,5.54,5.63,313540,1775420.25,derived_ohlc4
HOSE_TPB,TPB,2018-11-29 09:00:00,79,0,5.72,5.72,5.62,5.63,237440,1346878.4,derived_ohlc4
HOSE_TPB,TPB,2018-11-30 09:00:00,80,0,5.69,5.69,5.53,5.57,383620,2155944.4,derived_ohlc4
HOSE_TPB,TPB,2018-12-03 09:00:00,81,0,5.74,5.87,5.65,5.86,473550,2737118.9999999995,derived_ohlc4
HOSE_TPB,TPB,2018-12-04 09:00:00,82,0,5.86,5.87,5.76,5.76,307480,1787227.5,derived_ohlc4
HOSE_TPB,TPB,2018-12-05 09:00:00,83,0,5.76,5.87,5.73,5.85,459590,2666770.975,derived_ohlc4
HOSE_TPB,TPB,2018-12-06 09:00:00,84,0,5.87,5.94,5.83,5.87,575460,3382266.1500000004,derived_ohlc4
HOSE_TPB,TPB,2018-12-07 09:00:00,85,0,6.24,6.24,6.07,6.23,867780,5375897.100000001,derived_ohlc4
HOSE_TPB,TPB,2018-12-10 09:00:00,86,0,6.21,6.21,6.08,6.1,447020,2749173.0,derived_ohlc4
HOSE_TPB,TPB,2018-12-11 09:00:00,87,0,6.08,6.08,5.98,6.0,321360,1939407.6,derived_ohlc4
HOSE_TPB,TPB,2018-12-12 09:00:00,88,0,6.0,6.07,6.0,6.03,212930,1282903.25,derived_ohlc4
HOSE_TPB,TPB,2018-12-13 09:00:00,89,0,6.1,6.13,6.03,6.03,223200,1355382.0000000002,derived_ohlc4
HOSE_TPB,TPB,2018-12-14 09:00:00,90,0,6.07,6.08,5.98,6.0,324020,1954650.6500000001,derived_ohlc4
HOSE_TPB,TPB,2018-12-17 09:00:00,91,0,5.98,5.98,5.81,5.89,236170,1396945.55,derived_ohlc4
HOSE_TPB,TPB,2018-12-18 09:00:00,92,0,5.84,5.84,5.7,5.7,407110,2349024.6999999997,derived_ohlc4
HOSE_TPB,TPB,2018-12-19 09:00:00,93,0,5.84,5.87,5.67,5.67,273950,1578636.8750000002,derived_ohlc4
HOSE_TPB,TPB,2018-12-20 09:00:00,94,0,5.76,5.8,5.74,5.76,193400,1114950.9999999998,derived_ohlc4
HOSE_TPB,TPB,2018-12-21 09:00:00,95,0,5.73,5.77,5.69,5.7,264140,1511541.1500000001,derived_ohlc4
HOSE_TPB,TPB,2018-12-24 09:00:00,96,0,5.73,5.73,5.67,5.69,175850,1003224.2500000001,derived_ohlc4
HOSE_TPB,TPB,2018-12-25 09:00:00,97,0,5.67,5.67,5.39,5.47,205270,1139248.5,derived_ohlc4
HOSE_TPB,TPB,2018-12-26 09:00:00,98,0,5.47,5.64,5.47,5.56,219770,1216426.9499999997,derived_ohlc4
HOSE_TPB,TPB,2018-12-27 09:00:00,99,0,5.81,5.81,5.66,5.66,183410,1051856.35,derived_ohlc4
HOSE_TPB,TPB,2018-12-28 09:00:00,100,0,5.67,5.76,5.56,5.66,162260,918797.25,derived_ohlc4
HOSE_TPB,TPB,2019-01-02 09:00:00,101,0,5.76,5.76,5.53,5.66,101860,578310.15,derived_ohlc4
HOSE_TPB,TPB,2019-01-03 09:00:00,102,0,5.64,5.76,5.49,5.53,87800,492119.00000000006,derived_ohlc4
HOSE_TPB,TPB,2019-01-04 09:00:00,103,0,5.53,5.53,5.3,5.52,163350,893524.5,derived_ohlc4
HOSE_TPB,TPB,2019-01-07 09:00:00,104,0,5.7,5.74,5.52,5.57,100710,567249.0750000001,derived_ohlc4
HOSE_TPB,TPB,2019-01-08 09:00:00,105,0,5.62,5.7,5.55,5.59,144900,813613.5,derived_ohlc4
HOSE_TPB,TPB,2019-01-09 09:00:00,106,0,5.67,5.87,5.64,5.84,790920,4551744.6,derived_ohlc4
HOSE_TPB,TPB,2019-01-10 09:00:00,107,0,5.84,5.97,5.84,5.91,476230,2804994.6999999997,derived_ohlc4
HOSE_TPB,TPB,2019-01-11 09:00:00,108,0,5.96,5.96,5.9,5.93,395170,2346321.875,derived_ohlc4
HOSE_TPB,TPB,2019-01-14 09:00:00,109,0,5.96,6.25,5.53,6.25,265710,1593595.725,derived_ohlc4
HOSE_TPB,TPB,2019-01-15 09:00:00,110,0,6.11,6.11,5.87,5.98,442520,2662864.1,derived_ohlc4
HOSE_TPB,TPB,2019-01-16 09:00:00,111,0,6.0,6.03,5.9,5.9,121030,721036.225,derived_ohlc4
HOSE_TPB,TPB,2019-01-17 09:00:00,112,0,5.96,5.96,5.86,5.87,103420,611470.75,derived_ohlc4
HOSE_TPB,TPB,2019-01-18 09:00:00,113,0,5.87,6.03,5.87,5.9,136430,807324.525,derived_ohlc4
HOSE_TPB,TPB,2019-01-21 09:00:00,114,0,5.91,6.1,5.9,5.96,289120,1725323.6,derived_ohlc4
HOSE_TPB,TPB,2019-01-22 09:00:00,115,0,6.04,6.04,5.9,5.96,216620,1296470.7,derived_ohlc4
HOSE_TPB,TPB,2019-01-23 09:00:00,116,0,5.93,6.18,5.87,6.18,952210,5751348.4,derived_ohlc4
HOSE_TPB,TPB,2019-01-24 09:00:00,117,0,5.98,6.1,5.96,6.03,271940,1636398.95,derived_ohlc4
HOSE_TPB,TPB,2019-01-25 09:00:00,118,0,6.04,6.06,6.0,6.0,361290,2176772.25,derived_ohlc4
HOSE_TPB,TPB,2019-01-28 09:00:00,119,0,6.03,6.03,5.96,5.97,229370,1375646.575,derived_ohlc4
HOSE_TPB,TPB,2019-01-29 09:00:00,120,0,5.97,5.98,5.86,5.87,277150,1640728.0,derived_ohlc4
HOSE_TPB,TPB,2019-01-30 09:00:00,121,0,5.96,5.96,5.91,5.93,191750,1138995.0,derived_ohlc4
HOSE_TPB,TPB,2019-01-31 09:00:00,122,0,5.96,5.98,5.9,5.9,194040,1151627.4000000001,derived_ohlc4
HOSE_TPB,TPB,2019-02-01 09:00:00,123,0,5.93,5.96,5.9,5.94,133360,791158.2000000001,derived_ohlc4
HOSE_TPB,TPB,2019-02-11 09:00:00,124,0,5.97,6.03,5.97,6.03,328120,1968720.0,derived_ohlc4
HOSE_TPB,TPB,2019-02-12 09:00:00,125,0,6.04,6.08,6.03,6.04,387770,2345039.075,derived_ohlc4
HOSE_TPB,TPB,2019-02-13 09:00:00,126,0,6.06,6.08,6.01,6.06,308220,1865501.5499999998,derived_ohlc4
HOSE_TPB,TPB,2019-02-14 09:00:00,127,0,6.07,6.07,6.0,6.04,328550,1986084.75,derived_ohlc4
HOSE_TPB,TPB,2019-02-15 09:00:00,128,0,6.06,6.07,5.96,6.01,536880,3234702.0,derived_ohlc4
HOSE_TPB,TPB,2019-02-18 09:00:00,129,0,6.06,6.06,5.97,6.03,277020,1670430.6,derived_ohlc4
HOSE_TPB,TPB,2019-02-19 09:00:00,130,0,6.04,6.04,5.96,5.98,280680,1685483.4,derived_ohlc4
HOSE_TPB,TPB,2019-02-20 09:00:00,131,0,6.01,6.01,5.9,5.98,349790,2089995.2500000002,derived_ohlc4
HOSE_TPB,TPB,2019-02-21 09:00:00,132,0,6.0,6.01,5.89,5.9,475180,2827320.9999999995,derived_ohlc4
HOSE_TPB,TPB,2019-02-22 09:00:00,133,0,5.91,6.0,5.89,5.96,348120,2067832.8,derived_ohlc4
HOSE_TPB,TPB,2019-02-25 09:00:00,134,0,5.97,6.13,5.97,6.03,331450,1996986.2500000002,derived_ohlc4
HOSE_TPB,TPB,2019-02-26 09:00:00,135,0,6.03,6.03,5.9,5.96,460890,2756122.2,derived_ohlc4
HOSE_TPB,TPB,2019-02-27 09:00:00,136,0,5.96,5.96,5.87,5.94,585280,3472173.6,derived_ohlc4
HOSE_TPB,TPB,2019-02-28 09:00:00,137,0,5.94,5.96,5.86,5.89,528270,3123396.3750000005,derived_ohlc4
HOSE_TPB,TPB,2019-03-01 09:00:00,138,0,5.89,5.94,5.87,5.94,463220,2737630.2,derived_ohlc4
HOSE_TPB,TPB,2019-03-04 09:00:00,139,0,5.94,6.13,5.91,6.01,619900,3717850.2500000005,derived_ohlc4
HOSE_TPB,TPB,2019-03-05 09:00:00,140,0,6.01,6.03,5.9,5.93,620810,3704683.675,derived_ohlc4
HOSE_TPB,TPB,2019-03-06 09:00:00,141,0,5.94,5.97,5.9,5.93,187320,1111744.2000000002,derived_ohlc4
HOSE_TPB,TPB,2019-03-07 09:00:00,142,0,5.96,6.03,5.94,5.96,285270,1703775.075,derived_ohlc4
HOSE_TPB,TPB,2019-03-08 09:00:00,143,0,5.94,5.94,5.89,5.91,133070,787774.4,derived_ohlc4
HOSE_TPB,TPB,2019-03-11 09:00:00,144,0,5.9,5.93,5.86,5.9,59560,351255.10000000003,derived_ohlc4
HOSE_TPB,TPB,2019-03-12 09:00:00,145,0,5.9,6.01,5.9,6.01,667260,3973533.3000000003,derived_ohlc4
HOSE_TPB,TPB,2019-03-13 09:00:00,146,0,6.06,6.07,6.01,6.04,548920,3318221.4,derived_ohlc4
HOSE_TPB,TPB,2019-03-14 09:00:00,147,0,6.06,6.06,5.96,6.04,279910,1687857.2999999998,derived_ohlc4
HOSE_TPB,TPB,2019-03-15 09:00:00,148,0,6.03,6.06,5.96,5.96,348190,2090010.475,derived_ohlc4
HOSE_TPB,TPB,2019-03-18 09:00:00,149,0,5.96,6.04,5.96,6.03,939370,5633871.575,derived_ohlc4
HOSE_TPB,TPB,2019-03-19 09:00:00,150,0,6.04,6.06,6.0,6.03,771910,4656547.075,derived_ohlc4
HOSE_TPB,TPB,2019-03-20 09:00:00,151,0,6.03,6.04,5.94,6.01,691420,4151977.1000000006,derived_ohlc4
HOSE_TPB,TPB,2019-03-21 09:00:00,152,0,6.04,6.04,5.93,6.0,504960,3031022.4,derived_ohlc4
HOSE_TPB,TPB,2019-03-22 09:00:00,153,0,6.01,6.03,5.98,6.01,340730,2046935.475,derived_ohlc4
HOSE_TPB,TPB,2019-03-25 09:00:00,154,0,6.0,6.0,5.87,5.93,470480,2799356.0,derived_ohlc4
HOSE_TPB,TPB,2019-03-26 09:00:00,155,0,5.93,6.04,5.93,5.93,337140,2008511.5499999998,derived_ohlc4
HOSE_TPB,TPB,2019-03-27 09:00:00,156,0,5.94,6.0,5.91,5.96,321520,1913847.8000000003,derived_ohlc4
HOSE_TPB,TPB,2019-03-28 09:00:00,157,0,5.97,6.03,5.94,6.01,505130,3024465.8750000005,derived_ohlc4
HOSE_TPB,TPB,2019-03-29 09:00:00,158,0,6.04,6.06,6.03,6.03,502820,3037032.8,derived_ohlc4
HOSE_TPB,TPB,2019-04-01 09:00:00,159,0,6.04,6.44,6.0,6.41,791220,4923366.45,derived_ohlc4
HOSE_TPB,TPB,2019-04-02 09:00:00,160,0,6.41,6.44,6.3,6.31,729960,4646195.4,derived_ohlc4
HOSE_TPB,TPB,2019-04-03 09:00:00,161,0,6.33,6.44,6.3,6.41,1192390,7595524.3,derived_ohlc4
HOSE_TPB,TPB,2019-04-04 09:00:00,162,0,6.45,6.47,6.37,6.45,829600,5338476.0,derived_ohlc4
HOSE_TPB,TPB,2019-04-05 09:00:00,163,0,6.47,6.58,6.44,6.44,672710,4360842.575,derived_ohlc4
HOSE_TPB,TPB,2019-04-08 09:00:00,164,0,6.45,6.51,6.42,6.47,905710,5853150.875,derived_ohlc4
HOSE_TPB,TPB,2019-04-09 09:00:00,165,0,6.51,6.51,6.41,6.41,1599150,10330509.0,derived_ohlc4
HOSE_TPB,TPB,2019-04-10 09:00:00,166,0,6.38,6.4,6.2,6.28,665670,4203706.05,derived_ohlc4
HOSE_TPB,TPB,2019-04-11 09:00:00,167,0,6.28,6.38,6.27,6.38,869930,5504482.075,derived_ohlc4
HOSE_TPB,TPB,2019-04-12 09:00:00,168,0,6.47,6.47,6.33,6.37,204580,1311357.8,derived_ohlc4
HOSE_TPB,TPB,2019-04-16 09:00:00,169,0,6.34,6.37,6.23,6.3,351530,2218154.3000000003,derived_ohlc4
HOSE_TPB,TPB,2019-04-17 09:00:00,170,0,6.3,6.3,6.21,6.27,553850,3472639.4999999995,derived_ohlc4
HOSE_TPB,TPB,2019-04-18 09:00:00,171,0,6.28,6.31,6.18,6.2,726650,4536112.625,derived_ohlc4
HOSE_TPB,TPB,2019-04-19 09:00:00,172,0,6.23,6.52,6.16,6.27,746640,4700098.8,derived_ohlc4
HOSE_TPB,TPB,2019-04-22 09:00:00,173,0,6.33,6.33,6.13,6.17,809550,5051592.0,derived_ohlc4
HOSE_TPB,TPB,2019-04-23 09:00:00,174,0,6.24,6.24,6.08,6.16,1053980,6513596.4,derived_ohlc4
HOSE_TPB,TPB,2019-04-24 09:00:00,175,0,6.17,6.18,6.08,6.08,981910,6016653.524999999,derived_ohlc4
HOSE_TPB,TPB,2019-04-25 09:00:00,176,0,6.1,6.1,6.01,6.01,512850,3105306.75,derived_ohlc4
HOSE_TPB,TPB,2019-04-26 09:00:00,177,0,6.01,6.1,6.01,6.06,1047920,6334676.399999999,derived_ohlc4
HOSE_TPB,TPB,2019-05-02 09:00:00,178,0,6.06,6.08,6.04,6.06,879430,5329345.8,derived_ohlc4
HOSE_TPB,TPB,2019-05-03 09:00:00,179,0,6.06,6.08,6.0,6.04,1140300,6893113.5,derived_ohlc4
HOSE_TPB,TPB,2019-05-06 09:00:00,180,0,6.01,6.07,5.93,6.04,325190,1955204.8749999998,derived_ohlc4
HOSE_TPB,TPB,2019-05-07 09:00:00,181,0,6.04,6.16,6.04,6.1,1689650,10281520.249999998,derived_ohlc4
HOSE_TPB,TPB,2019-05-08 09:00:00,182,0,6.06,6.1,6.06,6.07,543450,3300100.125,derived_ohlc4
HOSE_TPB,TPB,2019-05-09 09:00:00,183,0,6.1,6.18,6.08,6.1,1714680,10485268.200000001,derived_ohlc4
HOSE_TPB,TPB,2019-05-10 09:00:00,184,0,6.2,6.38,6.13,6.38,2575760,16156454.6,derived_ohlc4
HOSE_TPB,TPB,2019-05-13 09:00:00,185,0,6.41,6.58,6.41,6.5,1525660,9878648.5,derived_ohlc4
HOSE_TPB,TPB,2019-05-14 09:00:00,186,0,6.47,6.52,6.44,6.52,1327600,8612805.0,derived_ohlc4
HOSE_TPB,TPB,2019-05-15 09:00:00,187,0,6.52,6.57,6.5,6.57,2186550,14300037.0,derived_ohlc4
HOSE_TPB,TPB,2019-05-16 09:00:00,188,0,6.59,6.61,6.54,6.61,1602800,10558445.0,derived_ohlc4
HOSE_TPB,TPB,2019-05-17 09:00:00,189,0,6.62,6.75,6.61,6.75,989260,6610729.95,derived_ohlc4
HOSE_TPB,TPB,2019-05-20 09:00:00,190,0,6.76,6.79,6.71,6.76,560820,3788339.1000000006,derived_ohlc4
HOSE_TPB,TPB,2019-05-21 09:00:00,191,0,6.78,6.79,6.74,6.78,586370,3971190.8250000007,derived_ohlc4
HOSE_TPB,TPB,2019-05-22 09:00:00,192,0,6.78,6.86,6.75,6.78,545890,3707957.825,derived_ohlc4
HOSE_TPB,TPB,2019-05-23 09:00:00,193,0,6.78,6.78,6.67,6.69,540040,3634469.2,derived_ohlc4
HOSE_TPB,TPB,2019-05-24 09:00:00,194,0,6.67,6.75,6.64,6.69,606470,4055768.125,derived_ohlc4
HOSE_TPB,TPB,2019-05-27 09:00:00,195,0,6.69,6.78,6.69,6.75,1040400,6999291.0,derived_ohlc4
HOSE_TPB,TPB,2019-05-28 09:00:00,196,0,6.79,6.81,6.74,6.74,947980,6417824.6,derived_ohlc4
HOSE_TPB,TPB,2019-05-29 09:00:00,197,0,6.74,6.85,6.74,6.82,806450,5473779.375,derived_ohlc4
HOSE_TPB,TPB,2019-05-30 09:00:00,198,0,6.84,6.86,6.81,6.82,1013440,6924328.8,derived_ohlc4
HOSE_TPB,TPB,2019-05-31 09:00:00,199,0,6.82,6.82,6.76,6.78,996740,6772848.3,derived_ohlc4
HOSE_TPB,TPB,2019-06-03 09:00:00,200,0,6.78,6.78,6.67,6.75,671850,4531628.25,derived_ohlc4
HOSE_TPB,TPB,2019-06-04 09:00:00,201,0,6.78,6.79,6.67,6.75,520530,3512276.1750000003,derived_ohlc4
HOSE_TPB,TPB,2019-06-05 09:00:00,202,0,6.75,6.78,6.74,6.78,582690,3940441.1250000005,derived_ohlc4
HOSE_TPB,TPB,2019-06-06 09:00:00,203,0,6.81,6.81,6.67,6.78,460940,3119411.45,derived_ohlc4
HOSE_TPB,TPB,2019-06-07 09:00:00,204,0,6.79,6.84,6.75,6.84,775140,5274827.7,derived_ohlc4
HOSE_TPB,TPB,2019-06-10 09:00:00,205,0,6.86,6.94,6.81,6.91,920390,6332283.2,derived_ohlc4
HOSE_TPB,TPB,2019-06-11 09:00:00,206,0,6.91,7.23,6.85,7.23,1237320,8729292.600000001,derived_ohlc4
HOSE_TPB,TPB,2019-06-12 09:00:00,207,0,7.15,7.16,7.03,7.15,1339830,9542939.175,derived_ohlc4
HOSE_TPB,TPB,2019-06-13 09:00:00,208,0,7.06,7.2,6.89,7.2,3041540,21556914.75,derived_ohlc4
HOSE_TPB,TPB,2019-06-14 09:00:00,209,0,7.2,7.2,7.01,7.06,2732610,19449351.675,derived_ohlc4
HOSE_TPB,TPB,2019-06-17 09:00:00,210,0,7.06,7.06,6.81,6.95,598040,4168338.8,derived_ohlc4
HOSE_TPB,TPB,2019-06-18 09:00:00,211,0,6.64,7.09,6.64,6.68,787400,5324792.5,derived_ohlc4
HOSE_TPB,TPB,2019-06-19 09:00:00,212,0,6.64,6.75,6.55,6.64,301690,2004730.05,derived_ohlc4
HOSE_TPB,TPB,2019-06-20 09:00:00,213,0,6.69,6.71,6.58,6.69,690390,4603175.325,derived_ohlc4
HOSE_TPB,TPB,2019-06-21 09:00:00,214,0,6.69,6.75,6.61,6.69,501090,3349786.6500000004,derived_ohlc4
HOSE_TPB,TPB,2019-06-24 09:00:00,215,0,6.69,6.69,6.51,6.51,495680,3271488.0,derived_ohlc4
HOSE_TPB,TPB,2019-06-25 09:00:00,216,0,6.51,6.52,6.35,6.5,760970,4923475.899999999,derived_ohlc4
HOSE_TPB,TPB,2019-06-26 09:00:00,217,0,6.51,6.51,6.38,6.44,612320,3955587.2,derived_ohlc4
HOSE_TPB,TPB,2019-06-27 09:00:00,218,0,6.44,6.47,6.4,6.44,349370,2249069.3750000005,derived_ohlc4
HOSE_TPB,TPB,2019-06-28 09:00:00,219,0,6.51,6.51,6.38,6.48,347030,2245284.1,derived_ohlc4
HOSE_TPB,TPB,2019-07-01 09:00:00,220,0,6.48,6.54,6.47,6.5,300040,1949509.9,derived_ohlc4
HOSE_TPB,TPB,2019-07-02 09:00:00,221,0,6.58,6.58,6.5,6.52,423140,2769451.3,derived_ohlc4
HOSE_TPB,TPB,2019-07-03 09:00:00,222,0,6.59,6.59,6.51,6.55,688790,4518462.399999999,derived_ohlc4
HOSE_TPB,TPB,2019-07-04 09:00:00,223,0,6.58,6.59,6.54,6.58,943790,6203059.774999999,derived_ohlc4
HOSE_TPB,TPB,2019-07-05 09:00:00,224,0,6.61,6.61,6.52,6.55,355190,2334486.2750000004,derived_ohlc4
HOSE_TPB,TPB,2019-07-08 09:00:00,225,0,6.58,6.58,6.47,6.52,365820,2391548.25,derived_ohlc4
HOSE_TPB,TPB,2019-07-09 09:00:00,226,0,6.52,6.55,6.5,6.52,406570,2651852.825,derived_ohlc4
HOSE_TPB,TPB,2019-07-10 09:00:00,227,0,6.55,6.55,6.5,6.52,374840,2447705.2,derived_ohlc4
HOSE_TPB,TPB,2019-07-11 09:00:00,228,0,6.52,6.54,6.5,6.51,387880,2528007.9,derived_ohlc4
HOSE_TPB,TPB,2019-07-12 09:00:00,229,0,6.52,6.52,6.47,6.5,227700,1480619.25,derived_ohlc4
HOSE_TPB,TPB,2019-07-15 09:00:00,230,0,6.52,6.54,6.48,6.54,518900,3383228.0,derived_ohlc4
HOSE_TPB,TPB,2019-07-16 09:00:00,231,0,6.58,6.67,6.58,6.61,1294800,8558628.0,derived_ohlc4
HOSE_TPB,TPB,2019-07-17 09:00:00,232,0,6.67,6.67,6.58,6.64,520850,3458444.0000000005,derived_ohlc4
HOSE_TPB,TPB,2019-07-22 09:00:00,235,1,6.45,6.52,6.42,6.52,297970,1930100.675,derived_ohlc4
HOSE_TPB,TPB,2019-07-23 09:00:00,236,1,6.59,6.59,6.48,6.55,216670,1419730.175,derived_ohlc4
HOSE_TPB,TPB,2019-07-24 09:00:00,237,1,6.58,6.58,6.47,6.54,208650,1365092.625,derived_ohlc4
HOSE_TPB,TPB,2019-07-25 09:00:00,238,1,6.52,6.54,6.47,6.52,363670,2368400.8749999995,derived_ohlc4
HOSE_TPB,TPB,2019-07-26 09:00:00,239,1,6.51,6.52,6.47,6.51,450660,2930416.65,derived_ohlc4
HOSE_TPB,TPB,2019-07-29 09:00:00,240,1,6.51,6.51,6.47,6.5,176250,1145184.375,derived_ohlc4
HOSE_TPB,TPB,2019-07-30 09:00:00,241,1,6.5,6.5,6.42,6.47,113050,731716.125,derived_ohlc4
HOSE_TPB,TPB,2019-07-31 09:00:00,242,1,6.48,6.48,6.38,6.47,154340,995878.85,derived_ohlc4
HOSE_TPB,TPB,2019-08-01 09:00:00,243,1,6.47,6.47,6.37,6.38,188550,1210962.375,derived_ohlc4
HOSE_TPB,TPB,2019-08-02 09:00:00,244,1,6.37,6.37,6.21,6.28,488500,3081213.75,derived_ohlc4
HOSE_TPB,TPB,2019-08-05 09:00:00,245,1,6.27,6.52,6.24,6.38,217370,1380842.925,derived_ohlc4
HOSE_TPB,TPB,2019-08-06 09:00:00,246,1,6.38,6.38,6.24,6.38,148200,940329.0,derived_ohlc4
HOSE_TPB,TPB,2019-08-07 09:00:00,247,1,6.38,6.41,6.33,6.38,103350,658856.2499999999,derived_ohlc4
HOSE_TPB,TPB,2019-08-08 09:00:00,248,1,6.38,6.4,6.28,6.4,192020,1222207.3,derived_ohlc4
HOSE_TPB,TPB,2019-08-09 09:00:00,249,1,6.4,6.44,6.33,6.41,310510,1985711.4500000002,derived_ohlc4
HOSE_TPB,TPB,2019-08-12 09:00:00,250,1,6.47,6.47,6.35,6.41,73710,473586.75,derived_ohlc4
HOSE_TPB,TPB,2019-08-13 09:00:00,251,1,6.38,6.42,6.24,6.41,440560,2803063.0,derived_ohlc4
HOSE_TPB,TPB,2019-08-14 09:00:00,252,1,6.41,6.41,6.3,6.37,216610,1380347.225,derived_ohlc4
HOSE_TPB,TPB,2019-08-15 09:00:00,253,1,6.33,6.35,6.28,6.35,136420,863197.55,derived_ohlc4
HOSE_TPB,TPB,2019-08-16 09:00:00,254,1,6.35,6.37,6.28,6.37,134220,851290.35,derived_ohlc4
HOSE_TPB,TPB,2019-08-19 09:00:00,255,1,6.35,6.4,6.28,6.35,138500,878782.5000000001,derived_ohlc4
HOSE_TPB,TPB,2019-08-20 09:00:00,256,1,6.35,6.35,6.3,6.34,178760,1132444.6,derived_ohlc4
HOSE_TPB,TPB,2019-08-21 09:00:00,257,1,6.34,6.35,6.25,6.35,283500,1792428.75,derived_ohlc4
HOSE_TPB,TPB,2019-08-22 09:00:00,258,1,6.35,6.37,6.31,6.37,150020,952627.0,derived_ohlc4
HOSE_TPB,TPB,2019-08-23 09:00:00,259,1,6.31,6.44,6.31,6.41,138230,880179.5249999999,derived_ohlc4
HOSE_TPB,TPB,2019-08-26 09:00:00,260,1,6.38,6.4,6.37,6.4,53010,338601.37500000006,derived_ohlc4
HOSE_TPB,TPB,2019-08-27 09:00:00,261,1,6.38,6.47,6.38,6.42,203670,1306033.875,derived_ohlc4
HOSE_TPB,TPB,2019-08-28 09:00:00,262,1,6.41,6.47,6.41,6.45,119720,770398.2,derived_ohlc4
HOSE_TPB,TPB,2019-08-29 09:00:00,263,1,6.5,6.52,6.47,6.52,437740,2846404.3499999996,derived_ohlc4
HOSE_TPB,TPB,2019-08-30 09:00:00,264,1,6.57,6.61,6.57,6.59,605890,3989785.65,derived_ohlc4
HOSE_TPB,TPB,2019-09-03 09:00:00,265,1,6.59,6.59,6.44,6.44,272060,1772470.9000000001,derived_ohlc4
HOSE_TPB,TPB,2019-09-05 09:00:00,267,2,6.47,6.47,6.3,6.35,219360,1403355.5999999999,derived_ohlc4
HOSE_TPB,TPB,2019-09-06 09:00:00,268,2,6.35,6.4,6.24,6.35,340980,2160108.3000000003,derived_ohlc4
HOSE_TPB,TPB,2019-09-09 09:00:00,269,2,6.35,6.35,6.23,6.28,319300,2012388.25,derived_ohlc4
HOSE_TPB,TPB,2019-09-10 09:00:00,270,2,6.21,6.3,5.96,6.23,326580,2016631.5,derived_ohlc4
HOSE_TPB,TPB,2019-09-11 09:00:00,271,2,6.23,6.27,6.1,6.27,102410,636734.175,derived_ohlc4
HOSE_TPB,TPB,2019-09-12 09:00:00,272,2,6.27,6.35,6.18,6.3,79700,500117.49999999994,derived_ohlc4
HOSE_TPB,TPB,2019-09-13 09:00:00,273,2,6.27,6.41,6.21,6.38,254970,1610772.9749999999,derived_ohlc4
HOSE_TPB,TPB,2019-09-16 09:00:00,274,2,6.38,6.47,6.34,6.38,64320,411165.5999999999,derived_ohlc4
HOSE_TPB,TPB,2019-09-17 09:00:00,275,2,6.38,6.38,6.33,6.38,142480,907241.3999999999,derived_ohlc4
HOSE_TPB,TPB,2019-09-18 09:00:00,276,2,6.35,6.38,6.33,6.38,127040,807974.4,derived_ohlc4
HOSE_TPB,TPB,2019-09-19 09:00:00,277,2,6.38,6.44,6.34,6.44,377020,2412928.0,derived_ohlc4
HOSE_TPB,TPB,2019-09-20 09:00:00,278,2,6.44,6.44,6.23,6.34,1186020,7546052.25,derived_ohlc4
HOSE_TPB,TPB,2019-09-23 09:00:00,279,2,6.34,6.34,6.18,6.3,458690,2885160.1,derived_ohlc4
HOSE_TPB,TPB,2019-09-24 09:00:00,280,2,6.28,6.33,6.14,6.33,391850,2456899.5,derived_ohlc4
HOSE_TPB,TPB,2019-09-25 09:00:00,281,2,6.33,6.35,6.24,6.33,139990,883686.875,derived_ohlc4
HOSE_TPB,TPB,2019-09-26 09:00:00,282,2,6.33,6.4,6.24,6.38,372640,2361606.0,derived_ohlc4
HOSE_TPB,TPB,2019-09-27 09:00:00,283,2,6.38,6.38,6.28,6.35,108320,687561.2000000001,derived_ohlc4
HOSE_TPB,TPB,2019-09-30 09:00:00,284,2,6.3,6.37,6.3,6.35,153730,973110.9,derived_ohlc4
HOSE_TPB,TPB,2019-10-01 09:00:00,285,2,6.35,6.4,6.3,6.38,493550,3137744.125,derived_ohlc4
HOSE_TPB,TPB,2019-10-02 09:00:00,286,2,6.35,6.4,6.34,6.38,241870,1540107.2249999999,derived_ohlc4
HOSE_TPB,TPB,2019-10-03 09:00:00,287,2,6.38,6.38,6.33,6.35,140520,893707.2,derived_ohlc4
HOSE_TPB,TPB,2019-10-04 09:00:00,288,2,6.35,6.35,6.3,6.35,287080,1819369.5,derived_ohlc4
HOSE_TPB,TPB,2019-10-07 09:00:00,289,2,6.35,6.38,6.3,6.33,278320,1764548.8,derived_ohlc4
HOSE_TPB,TPB,2019-10-08 09:00:00,290,2,6.33,6.33,6.27,6.33,96760,611039.3999999999,derived_ohlc4
HOSE_TPB,TPB,2019-10-09 09:00:00,291,2,6.35,6.35,6.33,6.35,90460,573968.7000000001,derived_ohlc4
HOSE_TPB,TPB,2019-10-10 09:00:00,292,2,6.37,6.37,6.3,6.35,211140,1340211.1500000001,derived_ohlc4
HOSE_TPB,TPB,2019-10-11 09:00:00,293,2,6.35,6.35,6.28,6.35,138170,874961.5249999999,derived_ohlc4
HOSE_TPB,TPB,2019-10-14 09:00:00,294,2,6.35,6.37,6.3,6.37,550930,3497028.1750000003,derived_ohlc4
HOSE_TPB,TPB,2019-10-15 09:00:00,295,2,6.35,6.35,6.31,6.35,179510,1138093.4,derived_ohlc4
HOSE_TPB,TPB,2019-10-16 09:00:00,296,2,6.35,6.37,6.33,6.35,148740,944499.0,derived_ohlc4
HOSE_TPB,TPB,2019-10-17 09:00:00,297,2,6.34,6.5,6.34,6.44,1269400,8130507.0,derived_ohlc4
HOSE_TPB,TPB,2019-10-18 09:00:00,298,2,6.42,6.47,6.37,6.44,244260,1569370.5000000002,derived_ohlc4
HOSE_TPB,TPB,2019-10-21 09:00:00,299,2,6.44,6.44,6.35,6.44,97050,622818.375,derived_ohlc4
HOSE_TPB,TPB,2019-10-22 09:00:00,300,2,6.38,6.41,6.34,6.34,196680,1252359.9,derived_ohlc4
HOSE_TPB,TPB,2019-10-23 09:00:00,301,2,6.33,6.35,6.28,6.35,262740,1662487.35,derived_ohlc4
HOSE_TPB,TPB,2019-10-24 09:00:00,302,2,6.35,6.38,6.3,6.38,295440,1876782.6,derived_ohlc4
HOSE_TPB,TPB,2019-10-25 09:00:00,303,2,6.38,6.38,6.31,6.35,86510,549771.05,derived_ohlc4
HOSE_TPB,TPB,2019-10-28 09:00:00,304,2,6.35,6.35,6.31,6.31,130940,828850.1999999998,derived_ohlc4
HOSE_TPB,TPB,2019-10-29 09:00:00,305,2,6.31,6.34,6.3,6.34,129980,821798.5499999999,derived_ohlc4
HOSE_TPB,TPB,2019-10-30 09:00:00,306,2,6.34,6.4,6.28,6.38,130380,827913.0,derived_ohlc4
HOSE_TPB,TPB,2019-10-31 09:00:00,307,2,6.38,6.38,6.31,6.37,87200,554592.0,derived_ohlc4
HOSE_TPB,TPB,2019-11-01 09:00:00,308,2,6.37,6.38,6.31,6.37,179450,1140853.375,derived_ohlc4
HOSE_TPB,TPB,2019-11-04 09:00:00,309,2,6.33,6.37,6.31,6.35,66000,418440.0,derived_ohlc4
HOSE_TPB,TPB,2019-11-05 09:00:00,310,2,6.35,6.42,6.34,6.4,310070,1977471.4249999998,derived_ohlc4
HOSE_TPB,TPB,2019-11-06 09:00:00,311,2,6.38,6.38,6.35,6.38,62370,397452.82499999995,derived_ohlc4
HOSE_TPB,TPB,2019-11-07 09:00:00,312,2,6.38,6.4,6.35,6.38,227330,1449797.0750000002,derived_ohlc4
HOSE_TPB,TPB,2019-11-08 09:00:00,313,2,6.37,6.41,6.35,6.41,486850,3108537.2500000005,derived_ohlc4
HOSE_TPB,TPB,2019-11-11 09:00:00,314,2,6.45,6.45,6.38,6.41,126270,810969.0750000001,derived_ohlc4
HOSE_TPB,TPB,2019-11-12 09:00:00,315,2,6.44,6.44,6.38,6.41,163180,1047207.65,derived_ohlc4
HOSE_TPB,TPB,2019-11-13 09:00:00,316,2,6.41,6.41,6.33,6.4,180220,1151155.2499999998,derived_ohlc4
HOSE_TPB,TPB,2019-11-14 09:00:00,317,2,6.4,6.4,6.33,6.37,344300,2194912.5000000005,derived_ohlc4
HOSE_TPB,TPB,2019-11-15 09:00:00,318,2,6.37,6.37,6.3,6.31,326040,2066278.4999999998,derived_ohlc4
HOSE_TPB,TPB,2019-11-18 09:00:00,319,2,6.34,6.34,6.23,6.3,401500,2530453.75,derived_ohlc4
HOSE_TPB,TPB,2019-11-19 09:00:00,320,2,6.3,6.34,6.24,6.34,253430,1597876.1500000001,derived_ohlc4
HOSE_TPB,TPB,2019-11-20 09:00:00,321,2,6.34,6.34,6.27,6.33,225620,1425918.4000000001,derived_ohlc4
HOSE_TPB,TPB,2019-11-21 09:00:00,322,2,6.33,6.33,6.24,6.33,218440,1377810.2999999998,derived_ohlc4
HOSE_TPB,TPB,2019-11-22 09:00:00,323,2,6.18,6.33,6.18,6.18,290960,1809043.7999999998,derived_ohlc4
HOSE_TPB,TPB,2019-11-25 09:00:00,324,2,6.18,6.24,6.1,6.18,107400,663195.0,derived_ohlc4
HOSE_TPB,TPB,2019-11-26 09:00:00,325,2,6.18,6.23,6.13,6.21,174960,1082565.0,derived_ohlc4
HOSE_TPB,TPB,2019-11-27 09:00:00,326,2,6.21,6.21,6.18,6.21,169180,1049338.9500000002,derived_ohlc4
HOSE_TPB,TPB,2019-11-28 09:00:00,327,2,6.18,6.2,6.1,6.18,97260,599607.8999999999,derived_ohlc4
HOSE_TPB,TPB,2019-11-29 09:00:00,328,2,6.18,6.21,6.11,6.21,113840,703246.6,derived_ohlc4
HOSE_TPB,TPB,2019-12-02 09:00:00,329,2,6.21,6.21,6.16,6.2,187770,1163235.15,derived_ohlc4
HOSE_TPB,TPB,2019-12-03 09:00:00,330,2,6.2,6.2,6.13,6.17,229250,1415618.7500000002,derived_ohlc4
HOSE_TPB,TPB,2019-12-04 09:00:00,331,2,6.1,6.27,6.1,6.21,136460,841958.2,derived_ohlc4
HOSE_TPB,TPB,2019-12-05 09:00:00,332,2,6.21,6.21,6.16,6.18,115300,713707.0,derived_ohlc4
HOSE_TPB,TPB,2019-12-06 09:00:00,333,2,6.16,6.17,6.13,6.16,82720,509141.60000000003,derived_ohlc4
HOSE_TPB,TPB,2019-12-09 09:00:00,334,2,6.16,6.16,5.93,6.1,92080,560537.0,derived_ohlc4
HOSE_TPB,TPB,2019-12-10 09:00:00,335,2,6.1,6.1,5.9,6.01,91110,549165.525,derived_ohlc4
HOSE_TPB,TPB,2019-12-11 09:00:00,336,2,6.01,6.04,5.9,5.96,165970,992085.6750000002,derived_ohlc4
HOSE_TPB,TPB,2019-12-12 09:00:00,337,2,5.98,5.98,5.9,5.96,144990,863415.45,derived_ohlc4
HOSE_TPB,TPB,2019-12-13 09:00:00,338,2,5.93,5.96,5.9,5.96,96660,573918.75,derived_ohlc4
HOSE_TPB,TPB,2019-12-16 09:00:00,339,2,5.96,5.96,5.9,5.96,59170,351765.65,derived_ohlc4
HOSE_TPB,TPB,2019-12-17 09:00:00,340,2,5.96,5.96,5.9,5.96,143550,853404.75,derived_ohlc4
HOSE_TPB,TPB,2019-12-18 09:00:00,341,2,5.9,5.96,5.89,5.9,238860,1412259.75,derived_ohlc4
HOSE_TPB,TPB,2019-12-19 09:00:00,342,2,5.96,5.96,5.9,5.9,383860,2276289.8,derived_ohlc4
HOSE_TPB,TPB,2019-12-20 09:00:00,343,2,5.93,5.96,5.93,5.96,208940,1242148.3,derived_ohlc4
HOSE_TPB,TPB,2019-12-23 09:00:00,344,2,5.96,5.97,5.94,5.96,226530,1349552.475,derived_ohlc4
HOSE_TPB,TPB,2019-12-24 09:00:00,345,2,5.96,5.97,5.94,5.97,82210,489971.6,derived_ohlc4
HOSE_TPB,TPB,2019-12-25 09:00:00,346,2,5.94,5.98,5.94,5.96,227240,1353214.2000000002,derived_ohlc4
HOSE_TPB,TPB,2019-12-26 09:00:00,347,2,5.98,6.0,5.96,6.0,160970,963405.4500000001,derived_ohlc4
HOSE_TPB,TPB,2019-12-27 09:00:00,348,2,6.03,6.03,5.97,5.98,48410,290581.025,derived_ohlc4
HOSE_TPB,TPB,2019-12-30 09:00:00,349,2,5.98,5.98,5.96,5.98,74370,444360.75000000006,derived_ohlc4
HOSE_TPB,TPB,2019-12-31 09:00:00,350,2,6.0,6.0,5.96,5.97,46840,280220.3,derived_ohlc4
HOSE_TPB,TPB,2020-01-02 09:00:00,351,2,5.98,6.35,5.96,6.04,130120,791454.8999999999,derived_ohlc4
HOSE_TPB,TPB,2020-01-03 09:00:00,352,2,6.04,6.18,6.04,6.1,99170,603945.2999999999,derived_ohlc4
HOSE_TPB,TPB,2020-01-06 09:00:00,353,2,6.07,6.07,5.96,6.0,112640,678656.0,derived_ohlc4
HOSE_TPB,TPB,2020-01-07 09:00:00,354,2,6.0,6.03,5.97,6.01,65060,390522.64999999997,derived_ohlc4
HOSE_TPB,TPB,2020-01-08 09:00:00,355,2,6.01,6.01,5.93,5.93,102880,614193.6,derived_ohlc4
HOSE_TPB,TPB,2020-01-09 09:00:00,356,2,5.93,6.04,5.93,5.98,189800,1133106.0,derived_ohlc4
HOSE_TPB,TPB,2020-01-10 09:00:00,357,2,5.98,6.11,5.98,6.1,133980,809574.15,derived_ohlc4
HOSE_TPB,TPB,2020-01-13 09:00:00,358,2,6.1,6.14,6.07,6.11,98460,601098.2999999999,derived_ohlc4
HOSE_TPB,TPB,2020-01-14 09:00:00,359,2,6.11,6.16,6.11,6.16,226240,1387982.4,derived_ohlc4
HOSE_TPB,TPB,2020-01-15 09:00:00,360,2,6.16,6.17,5.98,6.17,46350,283662.00000000006,derived_ohlc4
HOSE_TPB,TPB,2020-01-16 09:00:00,361,2,6.17,6.27,6.17,6.21,383350,2378686.75,derived_ohlc4
HOSE_TPB,TPB,2020-01-17 09:00:00,362,2,6.28,6.28,6.11,6.11,37830,234356.85,derived_ohlc4
HOSE_TPB,TPB,2020-01-20 09:00:00,363,2,6.11,6.17,5.69,6.1,78000,469365.0,derived_ohlc4
HOSE_TPB,TPB,2020-01-21 09:00:00,364,2,5.93,6.13,5.93,6.1,122920,740285.6999999998,derived_ohlc4
HOSE_TPB,TPB,2020-01-22 09:00:00,365,2,6.01,6.11,6.01,6.1,45070,273011.525,derived_ohlc4
HOSE_TPB,TPB,2020-01-30 09:00:00,366,2,6.03,6.07,5.98,6.07,103000,621862.5,derived_ohlc4
HOSE_TPB,TPB,2020-01-31 09:00:00,367,2,5.98,6.07,5.67,5.93,89490,529109.625,derived_ohlc4
HOSE_TPB,TPB,2020-02-03 09:00:00,368,2,5.56,5.89,5.53,5.89,173210,990328.175,derived_ohlc4
HOSE_TPB,TPB,2020-02-04 09:00:00,369,2,5.96,5.97,5.81,5.96,14600,86505.0,derived_ohlc4
HOSE_TPB,TPB,2020-02-05 09:00:00,370,2,5.91,5.98,5.91,5.98,28510,169491.95,derived_ohlc4
HOSE_TPB,TPB,2020-02-06 09:00:00,371,2,6.07,6.1,5.93,6.07,77450,467991.62500000006,derived_ohlc4
HOSE_TPB,TPB,2020-02-07 09:00:00,372,2,5.97,6.06,5.9,5.9,78430,467246.725,derived_ohlc4
HOSE_TPB,TPB,2020-02-10 09:00:00,373,2,5.98,5.98,5.87,5.93,71850,426789.0,derived_ohlc4
HOSE_TPB,TPB,2020-02-11 09:00:00,374,2,5.93,5.97,5.9,5.96,43150,256310.99999999997,derived_ohlc4
HOSE_TPB,TPB,2020-02-12 09:00:00,375,2,5.96,6.01,5.96,5.97,90120,538467.0,derived_ohlc4
HOSE_TPB,TPB,2020-02-13 09:00:00,376,2,5.97,6.01,5.94,5.97,113750,679371.875,derived_ohlc4
HOSE_TPB,TPB,2020-02-14 09:00:00,377,2,5.97,6.21,5.97,6.18,294880,1793607.5999999999,derived_ohlc4
HOSE_TPB,TPB,2020-02-17 09:00:00,378,2,6.21,6.23,6.1,6.18,207270,1280928.5999999999,derived_ohlc4
HOSE_TPB,TPB,2020-02-18 09:00:00,379,2,6.18,6.2,6.1,6.18,111000,684314.9999999999,derived_ohlc4
HOSE_TPB,TPB,2020-02-19 09:00:00,380,2,6.16,6.16,6.04,6.04,124780,761158.0,derived_ohlc4
HOSE_TPB,TPB,2020-02-20 09:00:00,381,2,6.07,6.08,6.06,6.07,145520,883306.4,derived_ohlc4
HOSE_TPB,TPB,2020-02-21 09:00:00,382,2,6.06,6.08,6.01,6.04,90300,546089.25,derived_ohlc4
HOSE_TPB,TPB,2020-02-24 09:00:00,383,2,5.81,5.96,5.74,5.74,161490,938660.625,derived_ohlc4
HOSE_TPB,TPB,2020-02-25 09:00:00,384,2,5.59,5.94,5.59,5.94,27270,157211.55000000002,derived_ohlc4
HOSE_TPB,TPB,2020-02-26 09:00:00,385,2,5.93,5.93,5.81,5.89,41910,246849.9,derived_ohlc4
HOSE_TPB,TPB,2020-02-27 09:00:00,386,2,5.89,6.16,5.81,6.08,271110,1622593.3499999999,derived_ohlc4
HOSE_TPB,TPB,2020-02-28 09:00:00,387,2,6.04,6.08,5.96,6.07,156510,944929.1250000001,derived_ohlc4
HOSE_TPB,TPB,2020-03-02 09:00:00,388,2,6.08,6.1,5.98,6.06,99240,600898.2,derived_ohlc4
HOSE_TPB,TPB,2020-03-03 09:00:00,389,2,6.1,6.17,6.06,6.07,254330,1551413.0,derived_ohlc4
HOSE_TPB,TPB,2020-03-04 09:00:00,390,2,6.17,6.28,6.06,6.21,671700,4151106.0,derived_ohlc4
HOSE_TPB,TPB,2020-03-05 09:00:00,391,2,6.33,6.33,6.21,6.24,310620,1949917.05,derived_ohlc4
HOSE_TPB,TPB,2020-03-06 09:00:00,392,2,6.21,6.24,6.14,6.24,233160,1447340.7,derived_ohlc4
HOSE_TPB,TPB,2020-03-09 09:00:00,393,2,5.81,5.96,5.81,5.81,438780,2565766.05,derived_ohlc4
HOSE_TPB,TPB,2020-03-10 09:00:00,394,2,5.49,5.96,5.49,5.96,242330,1387339.25,derived_ohlc4
HOSE_TPB,TPB,2020-03-11 09:00:00,395,2,5.96,5.96,5.59,5.96,154120,904299.1,derived_ohlc4
HOSE_TPB,TPB,2020-03-12 09:00:00,396,2,5.76,5.79,5.55,5.76,610480,3488893.1999999997,derived_ohlc4
HOSE_TPB,TPB,2020-03-13 09:00:00,397,2,5.36,5.79,5.36,5.57,281610,1554487.2000000002,derived_ohlc4
HOSE_TPB,TPB,2020-03-16 09:00:00,398,2,5.57,5.8,5.57,5.8,563900,3205771.5000000005,derived_ohlc4
HOSE_TPB,TPB,2020-03-17 09:00:00,399,2,5.76,5.96,5.57,5.96,269620,1567166.25,derived_ohlc4
HOSE_TPB,TPB,2020-03-18 09:00:00,400,2,5.96,6.04,5.91,6.04,558100,3341623.75,derived_ohlc4
HOSE_TPB,TPB,2020-03-19 09:00:00,401,2,6.03,6.04,5.9,6.04,503440,3021898.5999999996,derived_ohlc4
HOSE_TPB,TPB,2020-03-20 09:00:00,402,2,5.91,6.21,5.91,6.21,1064230,6449233.800000001,derived_ohlc4
HOSE_TPB,TPB,2020-03-23 09:00:00,403,2,6.21,6.21,5.81,6.04,763990,4635509.325,derived_ohlc4
HOSE_TPB,TPB,2020-03-24 09:00:00,404,2,6.1,6.23,5.96,6.23,1415010,8674011.3,derived_ohlc4
HOSE_TPB,TPB,2020-03-25 09:00:00,405,2,6.11,6.23,6.11,6.21,249770,1539832.05,derived_ohlc4
HOSE_TPB,TPB,2020-03-26 09:00:00,406,2,6.21,6.21,5.81,5.81,117490,706114.9,derived_ohlc4
HOSE_TPB,TPB,2020-03-27 09:00:00,407,2,5.62,5.81,5.6,5.6,98820,559074.15,derived_ohlc4
HOSE_TPB,TPB,2020-03-30 09:00:00,408,2,5.25,5.53,5.22,5.22,166320,882327.6,derived_ohlc4
HOSE_TPB,TPB,2020-03-31 09:00:00,409,2,5.22,5.22,4.86,4.86,122410,616946.4,derived_ohlc4
HOSE_TPB,TPB,2020-04-01 09:00:00,410,2,4.52,4.96,4.52,4.6,286720,1333248.0,derived_ohlc4
HOSE_TPB,TPB,2020-04-03 09:00:00,411,2,4.6,4.79,4.6,4.75,101430,475199.55000000005,derived_ohlc4
HOSE_TPB,TPB,2020-04-06 09:00:00,412,2,4.82,4.96,4.75,4.95,395510,1926133.7,derived_ohlc4
HOSE_TPB,TPB,2020-04-07 09:00:00,413,2,4.96,4.96,4.79,4.96,200320,985073.6000000001,derived_ohlc4
HOSE_TPB,TPB,2020-04-08 09:00:00,414,2,4.68,4.92,4.68,4.85,52310,250172.57499999998,derived_ohlc4
HOSE_TPB,TPB,2020-04-09 09:00:00,415,2,4.95,4.99,4.88,4.94,167930,829574.2000000001,derived_ohlc4
HOSE_TPB,TPB,2020-04-10 09:00:00,416,2,4.94,4.94,4.82,4.88,86670,424249.65,derived_ohlc4
HOSE_TPB,TPB,2020-04-13 09:00:00,417,2,4.92,4.96,4.88,4.94,204450,1006916.25,derived_ohlc4
HOSE_TPB,TPB,2020-04-14 09:00:00,418,2,4.96,4.98,4.88,4.92,119710,590768.8500000001,derived_ohlc4
HOSE_TPB,TPB,2020-04-15 09:00:00,419,2,4.92,5.19,4.92,5.19,197400,997857.0,derived_ohlc4
HOSE_TPB,TPB,2020-04-16 09:00:00,420,2,5.19,5.19,5.05,5.15,73710,379237.94999999995,derived_ohlc4
HOSE_TPB,TPB,2020-04-17 09:00:00,421,2,5.13,5.28,5.13,5.25,135520,704365.2,derived_ohlc4
HOSE_TPB,TPB,2020-04-20 09:00:00,422,2,5.25,5.3,5.19,5.19,126480,661806.6000000001,derived_ohlc4
HOSE_TPB,TPB,2020-04-21 09:00:00,423,2,5.18,5.18,4.85,4.88,156100,784012.25,derived_ohlc4
HOSE_TPB,TPB,2020-04-22 09:00:00,424,2,4.82,5.02,4.82,5.02,33200,163344.0,derived_ohlc4
HOSE_TPB,TPB,2020-04-23 09:00:00,425,2,5.16,5.16,4.96,5.02,31680,160776.0,derived_ohlc4
HOSE_TPB,TPB,2020-04-24 09:00:00,426,2,5.12,5.12,5.02,5.02,34280,173799.6,derived_ohlc4
HOSE_TPB,TPB,2020-04-27 09:00:00,427,2,5.02,5.05,4.94,4.96,29160,145581.30000000002,derived_ohlc4
HOSE_TPB,TPB,2020-04-28 09:00:00,428,2,5.02,5.02,4.88,4.96,34610,172011.69999999998,derived_ohlc4
HOSE_TPB,TPB,2020-04-29 09:00:00,429,2,4.94,5.01,4.88,4.94,88040,435137.7,derived_ohlc4
HOSE_TPB,TPB,2020-05-04 09:00:00,430,2,4.88,4.98,4.88,4.94,74680,367425.6,derived_ohlc4
HOSE_TPB,TPB,2020-05-05 09:00:00,431,2,4.99,4.99,4.94,4.99,33750,167990.62500000003,derived_ohlc4
HOSE_TPB,TPB,2020-05-06 09:00:00,432,2,5.02,5.11,4.99,5.09,101950,515102.375,derived_ohlc4
HOSE_TPB,TPB,2020-05-07 09:00:00,433,2,5.16,5.16,5.09,5.13,85730,440223.55,derived_ohlc4
HOSE_TPB,TPB,2020-05-08 09:00:00,434,2,5.16,5.25,5.12,5.13,168160,868546.4,derived_ohlc4
HOSE_TPB,TPB,2020-05-11 09:00:00,435,2,5.32,5.39,5.13,5.32,137630,728062.7,derived_ohlc4
HOSE_TPB,TPB,2020-05-12 09:00:00,436,2,5.33,5.69,5.26,5.69,353420,1941159.3500000003,derived_ohlc4
HOSE_TPB,TPB,2020-05-13 09:00:00,437,2,5.7,6.08,5.63,6.08,346820,2036700.4500000002,derived_ohlc4
HOSE_TPB,TPB,2020-05-14 09:00:00,438,2,6.38,6.38,6.08,6.2,652330,4083585.8,derived_ohlc4
HOSE_TPB,TPB,2020-05-15 09:00:00,439,2,5.98,6.2,5.9,6.2,338510,2054755.6999999997,derived_ohlc4
HOSE_TPB,TPB,2020-05-18 09:00:00,440,2,5.96,6.18,5.93,6.1,102210,617603.925,derived_ohlc4
HOSE_TPB,TPB,2020-05-19 09:00:00,441,2,6.21,6.27,6.1,6.24,310870,1928948.35,derived_ohlc4
HOSE_TPB,TPB,2020-05-20 09:00:00,442,2,6.24,6.24,6.13,6.23,136380,846919.8,derived_ohlc4
HOSE_TPB,TPB,2020-05-21 09:00:00,443,2,6.21,6.24,6.13,6.18,161530,999870.7,derived_ohlc4
HOSE_TPB,TPB,2020-05-22 09:00:00,444,2,6.23,6.24,5.96,5.96,166670,1016270.3250000001,derived_ohlc4
HOSE_TPB,TPB,2020-05-25 09:00:00,445,2,5.96,6.04,5.9,5.96,77950,464971.75,derived_ohlc4
HOSE_TPB,TPB,2020-05-26 09:00:00,446,2,5.96,5.98,5.87,5.98,238050,1415802.3750000002,derived_ohlc4
HOSE_TPB,TPB,2020-05-27 09:00:00,447,2,6.07,6.1,5.93,5.93,74930,450141.97500000003,derived_ohlc4
HOSE_TPB,TPB,2020-05-28 09:00:00,448,2,5.96,6.08,5.84,5.86,88230,523645.05,derived_ohlc4
HOSE_TPB,TPB,2020-05-29 09:00:00,449,2,5.84,5.9,5.81,5.86,123320,721730.3,derived_ohlc4
HOSE_TPB,TPB,2020-06-01 09:00:00,450,2,5.9,6.07,5.9,6.04,150440,899255.1,derived_ohlc4
HOSE_TPB,TPB,2020-06-02 09:00:00,451,2,6.04,6.1,5.96,5.96,125520,755002.8,derived_ohlc4
HOSE_TPB,TPB,2020-06-03 09:00:00,452,2,5.96,6.27,5.96,6.23,546590,3336931.95,derived_ohlc4
HOSE_TPB,TPB,2020-06-04 09:00:00,453,2,6.24,6.27,6.21,6.24,313230,1954555.2,derived_ohlc4
HOSE_TPB,TPB,2020-06-05 09:00:00,454,2,6.21,6.27,6.18,6.23,323580,2013476.55,derived_ohlc4
HOSE_TPB,TPB,2020-06-08 09:00:00,455,2,6.16,6.24,6.16,6.18,132990,822543.15,derived_ohlc4
HOSE_TPB,TPB,2020-06-09 09:00:00,456,2,6.18,6.18,6.1,6.14,42790,263158.5,derived_ohlc4
HOSE_TPB,TPB,2020-06-10 09:00:00,457,2,6.14,6.24,6.14,6.24,126730,784458.7,derived_ohlc4
HOSE_TPB,TPB,2020-06-11 09:00:00,458,2,6.24,6.28,5.84,5.84,126510,765385.5,derived_ohlc4
HOSE_TPB,TPB,2020-06-12 09:00:00,459,2,5.47,5.96,5.47,5.96,149330,853420.95,derived_ohlc4
HOSE_TPB,TPB,2020-06-15 09:00:00,460,2,5.96,5.96,5.76,5.76,82650,484328.99999999994,derived_ohlc4
HOSE_TPB,TPB,2020-06-16 09:00:00,461,2,5.76,5.96,5.76,5.96,67860,397659.6,derived_ohlc4
HOSE_TPB,TPB,2020-06-17 09:00:00,462,2,5.96,5.96,5.83,5.83,19700,116131.49999999999,derived_ohlc4
HOSE_TPB,TPB,2020-06-18 09:00:00,463,2,5.79,5.87,5.79,5.86,20140,117365.84999999999,derived_ohlc4
HOSE_TPB,TPB,2020-06-19 09:00:00,464,2,5.87,5.96,5.8,5.96,82100,484184.75,derived_ohlc4
HOSE_TPB,TPB,2020-06-22 09:00:00,465,2,5.96,6.04,5.81,5.94,122470,727165.625,derived_ohlc4
HOSE_TPB,TPB,2020-06-23 09:00:00,466,2,6.07,6.07,5.89,6.04,145090,873079.075,derived_ohlc4
HOSE_TPB,TPB,2020-06-24 09:00:00,467,2,5.93,6.04,5.93,6.03,148580,888879.85,derived_ohlc4
HOSE_TPB,TPB,2020-06-25 09:00:00,468,2,5.91,5.98,5.84,5.96,75010,444246.72500000003,derived_ohlc4
HOSE_TPB,TPB,2020-06-26 09:00:00,469,2,5.87,6.0,5.87,6.0,59750,354616.25000000006,derived_ohlc4
HOSE_TPB,TPB,2020-06-29 09:00:00,470,2,5.96,5.96,5.76,5.91,90490,533664.775,derived_ohlc4
HOSE_TPB,TPB,2020-06-30 09:00:00,471,2,5.91,5.91,5.84,5.84,35420,208092.5,derived_ohlc4
HOSE_TPB,TPB,2020-07-01 09:00:00,472,2,5.84,5.93,5.81,5.91,23010,135126.22499999998,derived_ohlc4
HOSE_TPB,TPB,2020-07-02 09:00:00,473,2,5.81,5.91,5.81,5.9,33440,195874.8,derived_ohlc4
HOSE_TPB,TPB,2020-07-03 09:00:00,474,2,5.9,5.9,5.84,5.84,22730,133425.1,derived_ohlc4
HOSE_TPB,TPB,2020-07-06 09:00:00,475,2,5.89,5.93,5.86,5.93,55120,325345.8,derived_ohlc4
HOSE_TPB,TPB,2020-07-07 09:00:00,476,2,5.96,6.04,5.94,5.94,85360,509599.20000000007,derived_ohlc4
HOSE_TPB,TPB,2020-07-08 09:00:00,477,2,5.94,6.16,5.94,6.07,79230,477558.82500000007,derived_ohlc4
HOSE_TPB,TPB,2020-07-09 09:00:00,478,2,6.1,6.33,6.1,6.23,214960,1330602.4000000001,derived_ohlc4
HOSE_TPB,TPB,2020-07-10 09:00:00,479,2,6.1,6.23,6.1,6.16,67580,415448.05,derived_ohlc4
HOSE_TPB,TPB,2020-07-13 09:00:00,480,2,6.18,6.35,6.1,6.18,83070,515241.675,derived_ohlc4
HOSE_TPB,TPB,2020-07-14 09:00:00,481,2,6.18,6.18,6.08,6.16,34430,211744.49999999997,derived_ohlc4
HOSE_TPB,TPB,2020-07-15 09:00:00,482,2,6.17,6.2,6.13,6.14,22780,140324.80000000002,derived_ohlc4
HOSE_TPB,TPB,2020-07-16 09:00:00,483,2,6.14,6.3,6.08,6.27,116430,721574.9249999999,derived_ohlc4
HOSE_TPB,TPB,2020-07-17 09:00:00,484,2,6.2,6.27,6.2,6.24,63130,393142.07499999995,derived_ohlc4
HOSE_TPB,TPB,2020-07-20 09:00:00,485,2,6.24,6.24,6.2,6.2,30750,191265.0,derived_ohlc4
HOSE_TPB,TPB,2020-07-21 09:00:00,486,2,6.2,6.2,6.06,6.1,71650,439931.00000000006,derived_ohlc4
HOSE_TPB,TPB,2020-07-22 09:00:00,487,2,6.18,6.18,5.98,6.1,59360,362689.6,derived_ohlc4
HOSE_TPB,TPB,2020-07-23 09:00:00,488,2,6.13,6.13,5.96,6.07,67290,408618.52499999997,derived_ohlc4
HOSE_TPB,TPB,2020-07-24 09:00:00,489,2,6.01,6.18,5.81,5.87,155090,925499.5750000001,derived_ohlc4
HOSE_TPB,TPB,2020-07-27 09:00:00,490,2,5.5,5.79,5.5,5.53,101280,565142.4,derived_ohlc4
HOSE_TPB,TPB,2020-07-28 09:00:00,491,2,5.53,5.91,5.53,5.91,211440,1209436.8,derived_ohlc4
HOSE_TPB,TPB,2020-07-29 09:00:00,492,2,5.73,5.81,5.59,5.76,65230,373278.675,derived_ohlc4
HOSE_TPB,TPB,2020-07-30 09:00:00,493,2,5.67,5.81,5.67,5.81,16870,96833.79999999999,derived_ohlc4
HOSE_TPB,TPB,2020-07-31 09:00:00,494,2,5.62,5.84,5.62,5.84,35190,201638.7,derived_ohlc4
HOSE_TPB,TPB,2020-08-03 09:00:00,495,2,5.87,5.87,5.84,5.86,23300,136538.0,derived_ohlc4
HOSE_TPB,TPB,2020-08-04 09:00:00,496,2,5.96,6.1,5.86,5.93,75210,448439.62499999994,derived_ohlc4
HOSE_TPB,TPB,2020-08-05 09:00:00,497,2,6.1,6.1,5.9,5.96,26400,158796.00000000003,derived_ohlc4
HOSE_TPB,TPB,2020-08-06 09:00:00,498,2,5.96,5.96,5.89,5.96,51960,308772.3,derived_ohlc4
HOSE_TPB,TPB,2020-08-07 09:00:00,499,2,6.01,6.01,5.9,5.93,22300,132963.75,derived_ohlc4
HOSE_TPB,TPB,2020-08-10 09:00:00,500,2,5.93,5.98,5.93,5.96,63600,378420.0,derived_ohlc4
HOSE_TPB,TPB,2020-08-11 09:00:00,501,2,5.98,5.98,5.93,5.98,38000,226765.0,derived_ohlc4
HOSE_TPB,TPB,2020-08-12 09:00:00,502,2,5.98,6.01,5.96,5.98,41650,249171.125,derived_ohlc4
HOSE_TPB,TPB,2020-08-13 09:00:00,503,2,6.04,6.06,6.0,6.06,12850,77614.0,derived_ohlc4
HOSE_TPB,TPB,2020-08-14 09:00:00,504,2,5.98,6.07,5.97,5.97,26190,157074.525,derived_ohlc4
HOSE_TPB,TPB,2020-08-17 09:00:00,505,2,5.9,5.98,5.9,5.97,31080,184537.5,derived_ohlc4
HOSE_TPB,TPB,2020-08-18 09:00:00,506,2,6.04,6.04,5.91,5.98,70860,424628.55000000005,derived_ohlc4
HOSE_TPB,TPB,2020-08-19 09:00:00,507,2,6.04,6.04,5.93,6.0,25160,151022.9,derived_ohlc4
HOSE_TPB,TPB,2020-08-20 09:00:00,508,2,5.93,6.07,5.93,6.07,150390,902340.0,derived_ohlc4
HOSE_TPB,TPB,2020-08-21 09:00:00,509,2,6.13,6.27,6.13,6.24,219380,1358510.6499999997,derived_ohlc4
HOSE_TPB,TPB,2020-08-24 09:00:00,510,2,6.41,6.45,6.33,6.35,457370,2920307.4499999997,derived_ohlc4
HOSE_TPB,TPB,2020-08-25 09:00:00,511,2,6.35,6.37,6.3,6.37,281750,1788408.125,derived_ohlc4
HOSE_TPB,TPB,2020-08-26 09:00:00,512,2,6.38,6.38,6.33,6.33,150080,953758.4,derived_ohlc4
HOSE_TPB,TPB,2020-08-27 09:00:00,513,2,6.35,6.35,6.24,6.33,128510,811861.9249999999,derived_ohlc4
HOSE_TPB,TPB,2020-08-28 09:00:00,514,2,6.35,6.35,6.28,6.33,266980,1689315.9500000002,derived_ohlc4
HOSE_TPB,TPB,2020-08-31 09:00:00,515,2,6.35,6.41,6.33,6.38,214630,1366656.525,derived_ohlc4
HOSE_TPB,TPB,2020-09-01 09:00:00,516,2,6.44,6.72,6.41,6.64,565870,3707863.1750000003,derived_ohlc4
HOSE_TPB,TPB,2020-09-03 09:00:00,517,2,6.64,6.69,6.52,6.68,375140,2488116.0500000003,derived_ohlc4
HOSE_TPB,TPB,2020-09-04 09:00:00,518,2,6.61,6.64,6.52,6.57,378370,2491566.45,derived_ohlc4
HOSE_TPB,TPB,2020-09-07 09:00:00,519,2,6.57,6.64,6.47,6.47,1393600,9110660.0,derived_ohlc4
HOSE_TPB,TPB,2020-09-08 09:00:00,520,2,6.47,6.55,6.47,6.51,1094670,7115355.0,derived_ohlc4
HOSE_TPB,TPB,2020-09-09 09:00:00,521,2,6.47,6.54,6.42,6.52,1336480,8670414.0,derived_ohlc4
HOSE_TPB,TPB,2020-09-10 09:00:00,522,2,6.54,6.61,6.52,6.59,1455720,9556801.8,derived_ohlc4
HOSE_TPB,TPB,2020-09-11 09:00:00,523,2,6.58,6.58,6.52,6.57,1144310,7509534.375,derived_ohlc4
HOSE_TPB,TPB,2020-09-14 09:00:00,524,2,6.58,6.61,6.52,6.54,1036980,6805181.25,derived_ohlc4
HOSE_TPB,TPB,2020-09-15 09:00:00,525,2,6.52,6.55,6.48,6.51,1276570,8316853.550000001,derived_ohlc4
HOSE_TPB,TPB,2020-09-16 09:00:00,526,2,6.52,6.54,6.48,6.51,1310010,8531440.125,derived_ohlc4
HOSE_TPB,TPB,2020-09-17 09:00:00,527,2,6.51,6.54,6.48,6.51,1330110,8659016.1,derived_ohlc4
HOSE_TPB,TPB,2020-09-18 09:00:00,528,2,6.51,6.79,6.48,6.74,2844100,18856383.000000004,derived_ohlc4
HOSE_TPB,TPB,2020-09-21 09:00:00,529,2,6.81,6.82,6.71,6.72,1445490,9778739.85,derived_ohlc4
HOSE_TPB,TPB,2020-09-22 09:00:00,530,2,6.69,6.95,6.69,6.78,2864060,19411166.650000002,derived_ohlc4
HOSE_TPB,TPB,2020-09-23 09:00:00,531,2,6.78,6.86,6.72,6.72,1634160,11063263.2,derived_ohlc4
HOSE_TPB,TPB,2020-09-24 09:00:00,532,2,6.72,6.78,6.71,6.75,1428130,9625596.200000001,derived_ohlc4
HOSE_TPB,TPB,2020-09-25 09:00:00,533,2,6.75,6.76,6.67,6.67,1447080,9713524.5,derived_ohlc4
HOSE_TPB,TPB,2020-09-28 09:00:00,534,2,6.67,6.81,6.67,6.72,1006930,6764052.274999999,derived_ohlc4
HOSE_TPB,TPB,2020-09-29 09:00:00,535,2,6.75,6.78,6.61,6.61,1121300,7498693.75,derived_ohlc4
HOSE_TPB,TPB,2020-09-30 09:00:00,536,2,6.67,6.71,6.62,6.65,2843160,18942553.5,derived_ohlc4
HOSE_TPB,TPB,2020-10-01 09:00:00,537,2,6.67,7.05,6.67,7.01,4408980,30201513.0,derived_ohlc4
HOSE_TPB,TPB,2020-10-02 09:00:00,538,2,7.06,7.12,6.84,7.05,3339580,23435502.65,derived_ohlc4
HOSE_TPB,TPB,2020-10-05 09:00:00,539,2,7.09,7.18,7.08,7.13,3570750,25423740.0,derived_ohlc4
HOSE_TPB,TPB,2020-10-06 09:00:00,540,2,7.12,7.23,7.05,7.12,3513190,25049044.700000003,derived_ohlc4
HOSE_TPB,TPB,2020-10-07 09:00:00,541,2,7.08,7.12,7.01,7.02,2744360,19368320.7,derived_ohlc4
HOSE_TPB,TPB,2020-10-08 09:00:00,542,2,7.06,7.09,6.94,6.98,1913730,13429600.275,derived_ohlc4
HOSE_TPB,TPB,2020-10-09 09:00:00,543,2,6.98,7.11,6.95,7.06,3478130,24433863.25,derived_ohlc4
HOSE_TPB,TPB,2020-10-12 09:00:00,544,2,7.12,7.15,7.03,7.03,2026030,14349357.475000001,derived_ohlc4
HOSE_TPB,TPB,2020-10-13 09:00:00,545,2,7.03,7.11,6.96,7.05,1935520,13621222.000000002,derived_ohlc4
HOSE_TPB,TPB,2020-10-14 09:00:00,546,2,7.08,7.13,7.03,7.09,3276270,23204182.275000002,derived_ohlc4
HOSE_TPB,TPB,2020-10-15 09:00:00,547,2,7.11,7.12,7.03,7.03,2932680,20741379.3,derived_ohlc4
HOSE_TPB,TPB,2020-10-16 09:00:00,548,2,7.02,7.23,7.01,7.08,3618880,25639764.799999997,derived_ohlc4
HOSE_TPB,TPB,2020-10-19 09:00:00,549,2,7.11,7.29,7.06,7.23,3684050,26423848.625,derived_ohlc4
HOSE_TPB,TPB,2020-10-20 09:00:00,550,2,7.26,7.35,7.2,7.28,3335700,24258878.25,derived_ohlc4
HOSE_TPB,TPB,2020-10-21 09:00:00,551,2,7.28,7.32,7.09,7.09,4031080,29003620.6,derived_ohlc4
HOSE_TPB,TPB,2020-10-22 09:00:00,552,2,7.09,7.15,6.95,7.15,2022830,14331750.550000003,derived_ohlc4
HOSE_TPB,TPB,2020-10-23 09:00:00,553,2,7.15,7.15,6.99,6.99,2178010,15398530.700000001,derived_ohlc4
HOSE_TPB,TPB,2020-10-26 09:00:00,554,2,6.99,7.05,6.81,6.81,1951470,13494415.049999999,derived_ohlc4
HOSE_TPB,TPB,2020-10-27 09:00:00,555,2,6.78,6.81,6.64,6.74,2688920,18130043.099999998,derived_ohlc4
HOSE_TPB,TPB,2020-10-28 09:00:00,556,2,6.68,6.69,6.27,6.27,1990850,12895730.875,derived_ohlc4
HOSE_TPB,TPB,2020-10-29 09:00:00,557,2,6.33,6.52,6.33,6.45,1949300,12490139.75,derived_ohlc4
HOSE_TPB,TPB,2020-10-30 09:00:00,558,2,6.5,6.55,6.35,6.47,915230,5919250.024999999,derived_ohlc4
HOSE_TPB,TPB,2020-11-02 09:00:00,559,2,6.5,6.57,6.5,6.55,1070100,6987753.0,derived_ohlc4
HOSE_TPB,TPB,2020-11-03 09:00:00,560,2,6.58,6.67,6.52,6.61,1578820,10412317.9,derived_ohlc4
HOSE_TPB,TPB,2020-11-04 09:00:00,561,2,6.67,6.72,6.62,6.71,1800080,12024534.4,derived_ohlc4
HOSE_TPB,TPB,2020-11-05 09:00:00,562,2,6.71,6.74,6.64,6.64,1206860,8064841.95,derived_ohlc4
HOSE_TPB,TPB,2020-11-06 09:00:00,563,2,6.64,6.68,6.61,6.65,921120,6120842.399999999,derived_ohlc4
HOSE_TPB,TPB,2020-11-09 09:00:00,564,2,6.68,6.95,6.68,6.95,3670230,25012617.45,derived_ohlc4
HOSE_TPB,TPB,2020-11-10 09:00:00,565,2,7.01,7.03,6.81,6.81,1607900,11118628.499999998,derived_ohlc4
HOSE_TPB,TPB,2020-11-11 09:00:00,566,2,6.86,6.95,6.81,6.85,1884080,12938919.4,derived_ohlc4
HOSE_TPB,TPB,2020-11-12 09:00:00,567,2,6.86,6.88,6.81,6.86,1254330,8595296.325,derived_ohlc4
HOSE_TPB,TPB,2020-11-13 09:00:00,568,2,6.91,6.94,6.85,6.89,1526510,10529102.725000001,derived_ohlc4
HOSE_TPB,TPB,2020-11-16 09:00:00,569,2,6.95,6.98,6.86,6.86,1617010,11177581.625,derived_ohlc4
HOSE_TPB,TPB,2020-11-17 09:00:00,570,2,6.92,6.95,6.85,6.92,1698360,11735667.6,derived_ohlc4
HOSE_TPB,TPB,2020-11-18 09:00:00,571,2,7.01,7.05,6.96,7.02,2058430,14429594.299999999,derived_ohlc4
HOSE_TPB,TPB,2020-11-19 09:00:00,572,2,7.03,7.06,6.99,7.01,1917270,13464028.574999997,derived_ohlc4
HOSE_TPB,TPB,2020-11-20 09:00:00,573,2,7.01,7.03,6.96,6.99,1415320,9903701.700000001,derived_ohlc4
HOSE_TPB,TPB,2020-11-23 09:00:00,574,2,6.99,7.01,6.91,6.96,1807420,12593198.85,derived_ohlc4
HOSE_TPB,TPB,2020-11-24 09:00:00,575,2,7.06,7.18,7.01,7.18,5979860,42501854.95,derived_ohlc4
HOSE_TPB,TPB,2020-11-25 09:00:00,576,2,7.23,7.25,7.12,7.13,1958840,14069368.3,derived_ohlc4
HOSE_TPB,TPB,2020-11-26 09:00:00,577,2,7.09,7.15,7.01,7.03,1995910,14111083.700000001,derived_ohlc4
HOSE_TPB,TPB,2020-11-27 09:00:00,578,2,7.05,7.23,7.03,7.23,3783720,26996842.200000003,derived_ohlc4
HOSE_TPB,TPB,2020-11-30 09:00:00,579,2,7.68,7.72,7.44,7.72,3057830,23361821.2,derived_ohlc4
HOSE_TPB,TPB,2020-12-01 09:00:00,580,2,7.61,7.94,7.61,7.73,2665390,20583474.275000002,derived_ohlc4
HOSE_TPB,TPB,2020-12-02 09:00:00,581,2,7.7,7.73,7.53,7.58,4206070,32113344.45,derived_ohlc4
HOSE_TPB,TPB,2020-12-03 09:00:00,582,2,7.56,7.58,7.48,7.51,2474760,18641129.700000003,derived_ohlc4
HOSE_TPB,TPB,2020-12-04 09:00:00,583,2,7.51,7.68,7.46,7.58,2515760,19012856.2,derived_ohlc4
HOSE_TPB,TPB,2020-12-07 09:00:00,584,2,7.58,7.68,7.56,7.61,1778380,13529025.85,derived_ohlc4
HOSE_TPB,TPB,2020-12-08 09:00:00,585,2,7.65,7.65,7.6,7.63,1964080,14990840.6,derived_ohlc4
HOSE_TPB,TPB,2020-12-09 09:00:00,586,2,7.63,7.79,7.61,7.77,3548360,27322372.0,derived_ohlc4
HOSE_TPB,TPB,2020-12-10 09:00:00,587,2,7.79,7.79,7.68,7.68,1978540,15304006.899999999,derived_ohlc4
HOSE_TPB,TPB,2020-12-11 09:00:00,588,2,7.67,7.73,7.63,7.72,1785650,13727184.375,derived_ohlc4
HOSE_TPB,TPB,2020-12-14 09:00:00,589,2,7.73,7.86,7.68,7.77,1913000,14844880.0,derived_ohlc4
HOSE_TPB,TPB,2020-12-15 09:00:00,590,2,7.77,7.77,7.68,7.68,1077470,8323455.75,derived_ohlc4
HOSE_TPB,TPB,2020-12-16 09:00:00,591,2,7.73,7.93,7.7,7.86,2612110,20387518.55,derived_ohlc4
HOSE_TPB,TPB,2020-12-17 09:00:00,592,2,7.89,8.25,7.77,8.13,3057240,24488492.4,derived_ohlc4
HOSE_TPB,TPB,2020-12-18 09:00:00,593,2,8.29,8.63,8.15,8.62,3473990,29259680.775,derived_ohlc4
HOSE_TPB,TPB,2020-12-21 09:00:00,594,2,8.93,9.21,8.89,9.21,4223670,38266450.2,derived_ohlc4
HOSE_TPB,TPB,2020-12-22 09:00:00,595,2,9.31,9.79,9.31,9.55,3622360,34376196.400000006,derived_ohlc4
HOSE_TPB,TPB,2020-12-23 09:00:00,596,2,9.48,9.69,9.0,9.17,2570550,23996084.250000004,derived_ohlc4
HOSE_TPB,TPB,2020-12-24 09:00:00,597,2,9.07,9.21,8.53,9.0,2785860,24940411.650000002,derived_ohlc4
HOSE_TPB,TPB,2020-12-25 09:00:00,598,2,8.86,9.45,8.69,9.4,4348120,39567892.0,derived_ohlc4
HOSE_TPB,TPB,2020-12-28 09:00:00,599,2,9.52,9.66,9.15,9.31,2166250,20384412.5,derived_ohlc4
HOSE_TPB,TPB,2020-12-29 09:00:00,600,2,9.17,9.31,9.1,9.17,1563460,14364288.75,derived_ohlc4
HOSE_TPB,TPB,2020-12-30 09:00:00,601,2,9.17,9.34,9.1,9.19,1910680,17578256.0,derived_ohlc4
HOSE_TPB,TPB,2020-12-31 09:00:00,602,2,9.27,9.33,9.12,9.27,1784030,16497817.424999997,derived_ohlc4
HOSE_TPB,TPB,2021-01-04 09:00:00,603,2,9.57,9.66,9.41,9.62,3721100,35592321.5,derived_ohlc4
HOSE_TPB,TPB,2021-01-05 09:00:00,604,2,9.66,9.76,9.55,9.6,2719500,26222778.75,derived_ohlc4
HOSE_TPB,TPB,2021-01-06 09:00:00,605,2,9.67,9.93,9.55,9.69,3750900,36421239.0,derived_ohlc4
HOSE_TPB,TPB,2021-01-07 09:00:00,606,2,9.69,9.93,9.62,9.81,3874900,37828711.25,derived_ohlc4
HOSE_TPB,TPB,2021-01-08 09:00:00,607,2,9.86,9.95,9.72,9.86,4106300,40436789.25,derived_ohlc4
HOSE_TPB,TPB,2021-01-11 09:00:00,608,2,9.86,9.95,9.69,9.76,3098700,30413740.5,derived_ohlc4
HOSE_TPB,TPB,2021-01-12 09:00:00,609,2,9.81,9.81,9.45,9.69,2537300,24586437.0,derived_ohlc4
HOSE_TPB,TPB,2021-01-13 09:00:00,610,2,9.69,9.76,9.53,9.55,4604600,44353809.5,derived_ohlc4
HOSE_TPB,TPB,2021-01-14 09:00:00,611,2,9.55,9.62,9.43,9.57,2198600,20980140.5,derived_ohlc4
HOSE_TPB,TPB,2021-01-15 09:00:00,612,2,9.69,10.17,9.66,9.93,8547500,84299718.75,derived_ohlc4
HOSE_TPB,TPB,2021-01-18 09:00:00,613,2,10.21,10.21,9.93,9.97,4421500,44568720.0,derived_ohlc4
HOSE_TPB,TPB,2021-01-19 09:00:00,614,2,10.04,10.12,9.27,9.67,4912800,48022619.99999999,derived_ohlc4
HOSE_TPB,TPB,2021-01-20 09:00:00,615,2,9.69,9.79,9.0,9.66,3656500,34864727.5,derived_ohlc4
HOSE_TPB,TPB,2021-01-21 09:00:00,616,2,9.69,10.0,9.55,9.86,3197000,31250674.999999996,derived_ohlc4
HOSE_TPB,TPB,2021-01-22 09:00:00,617,2,9.79,9.86,9.57,9.59,2745500,26638213.75,derived_ohlc4
HOSE_TPB,TPB,2021-01-25 09:00:00,618,2,9.59,9.6,9.41,9.45,1988200,18912752.5,derived_ohlc4
HOSE_TPB,TPB,2021-01-26 09:00:00,619,2,9.41,9.45,9.0,9.24,2712200,25155655.0,derived_ohlc4
HOSE_TPB,TPB,2021-01-27 09:00:00,620,2,9.0,9.21,8.62,8.69,2839900,25218311.999999996,derived_ohlc4
HOSE_TPB,TPB,2021-01-28 09:00:00,621,2,8.08,8.41,8.08,8.08,4594000,37498525.0,derived_ohlc4
HOSE_TPB,TPB,2021-01-29 09:00:00,622,2,7.61,8.63,7.61,8.63,3775400,30656248.000000004,derived_ohlc4
HOSE_TPB,TPB,2021-02-01 09:00:00,623,2,8.79,8.98,8.29,8.43,1379600,11895600.999999998,derived_ohlc4
HOSE_TPB,TPB,2021-02-02 09:00:00,624,2,8.43,8.82,8.31,8.76,1646100,14123538.0,derived_ohlc4
HOSE_TPB,TPB,2021-02-03 09:00:00,625,2,8.93,9.36,8.86,9.27,1899400,17294037.0,derived_ohlc4
HOSE_TPB,TPB,2021-02-04 09:00:00,626,2,9.31,9.31,8.82,9.17,1119000,10241647.5,derived_ohlc4
HOSE_TPB,TPB,2021-02-05 09:00:00,627,2,9.07,9.4,9.07,9.24,1117600,10276332.0,derived_ohlc4
HOSE_TPB,TPB,2021-02-08 09:00:00,628,2,9.24,9.31,8.65,9.07,2133900,19349138.25,derived_ohlc4
HOSE_TPB,TPB,2021-02-09 09:00:00,629,2,9.14,9.34,8.96,9.29,1529600,14045552.000000002,derived_ohlc4
HOSE_TPB,TPB,2021-02-17 09:00:00,630,2,9.34,9.59,9.31,9.59,1709300,16165704.75,derived_ohlc4
HOSE_TPB,TPB,2021-02-18 09:00:00,631,2,9.62,9.64,9.48,9.64,1481100,14211154.499999998,derived_ohlc4
HOSE_TPB,TPB,2021-02-19 09:00:00,632,2,9.59,9.66,9.52,9.59,1768000,16955120.0,derived_ohlc4
HOSE_TPB,TPB,2021-02-22 09:00:00,633,2,9.67,9.9,9.6,9.66,3988300,38716422.25,derived_ohlc4
HOSE_TPB,TPB,2021-02-23 09:00:00,634,2,9.71,9.72,9.55,9.67,2963500,28634818.75,derived_ohlc4
HOSE_TPB,TPB,2021-02-24 09:00:00,635,2,9.69,9.72,9.27,9.48,1909800,18219492.0,derived_ohlc4
HOSE_TPB,TPB,2021-02-25 09:00:00,636,2,9.52,9.52,9.34,9.47,1739500,16460018.75,derived_ohlc4
HOSE_TPB,TPB,2021-02-26 09:00:00,637,2,9.34,9.59,9.31,9.53,1406800,13283709.000000002,derived_ohlc4
HOSE_TPB,TPB,2021-03-01 09:00:00,638,2,9.69,9.76,9.62,9.69,3672800,35589432.0,derived_ohlc4
HOSE_TPB,TPB,2021-03-02 09:00:00,639,2,9.86,10.36,9.74,10.3,17188900,173006278.50000003,derived_ohlc4
HOSE_TPB,TPB,2021-03-03 09:00:00,640,2,10.35,10.73,10.28,10.3,5889600,61340183.99999999,derived_ohlc4
HOSE_TPB,TPB,2021-03-04 09:00:00,641,2,10.31,10.35,9.86,9.92,4032100,40764531.0,derived_ohlc4
HOSE_TPB,TPB,2021-03-05 09:00:00,642,2,9.76,10.04,9.59,9.86,6168400,60527425.0,derived_ohlc4
HOSE_TPB,TPB,2021-03-08 09:00:00,643,2,9.97,10.11,9.83,9.86,4699200,46721795.99999999,derived_ohlc4
HOSE_TPB,TPB,2021-03-09 09:00:00,644,2,9.76,9.97,9.62,9.83,3367100,32980744.5,derived_ohlc4
HOSE_TPB,TPB,2021-03-10 09:00:00,645,2,9.85,9.92,9.69,9.85,2567700,25234071.75,derived_ohlc4
HOSE_TPB,TPB,2021-03-11 09:00:00,646,2,9.95,9.98,9.86,9.9,5008800,49699818.0,derived_ohlc4
HOSE_TPB,TPB,2021-03-12 09:00:00,647,2,9.92,10.09,9.88,9.9,5823500,57929266.25,derived_ohlc4
HOSE_TPB,TPB,2021-03-15 09:00:00,648,2,9.93,10.04,9.92,9.93,4597200,45765126.0,derived_ohlc4
HOSE_TPB,TPB,2021-03-16 09:00:00,649,2,9.97,10.0,9.76,9.86,3011500,29806321.249999996,derived_ohlc4
HOSE_TPB,TPB,2021-03-17 09:00:00,650,2,9.83,9.97,9.78,9.93,3656000,36112140.0,derived_ohlc4
HOSE_TPB,TPB,2021-03-18 09:00:00,651,2,10.04,10.11,9.93,10.04,5781900,57992457.0,derived_ohlc4
HOSE_TPB,TPB,2021-03-19 09:00:00,652,2,10.04,10.12,9.92,10.0,6947000,69608940.0,derived_ohlc4
HOSE_TPB,TPB,2021-03-22 09:00:00,653,2,10.0,10.11,9.93,9.97,3471700,34725679.25,derived_ohlc4
HOSE_TPB,TPB,2021-03-23 09:00:00,654,2,9.93,10.0,9.69,9.79,4377900,43133259.74999999,derived_ohlc4
HOSE_TPB,TPB,2021-03-24 09:00:00,655,2,9.62,9.76,9.31,9.33,6669100,63389795.49999999,derived_ohlc4
HOSE_TPB,TPB,2021-03-25 09:00:00,656,2,9.41,9.5,9.26,9.31,5221400,48924518.00000001,derived_ohlc4
HOSE_TPB,TPB,2021-03-26 09:00:00,657,2,9.26,9.31,8.89,9.24,5041800,46258515.0,derived_ohlc4
HOSE_TPB,TPB,2021-03-29 09:00:00,658,2,9.38,9.48,9.29,9.48,2164500,20362533.749999996,derived_ohlc4
HOSE_TPB,TPB,2021-03-30 09:00:00,659,2,9.52,9.62,9.48,9.62,2611900,24969764.0,derived_ohlc4
HOSE_TPB,TPB,2021-03-31 09:00:00,660,2,9.62,9.71,9.57,9.64,2172200,20929147.0,derived_ohlc4
HOSE_TPB,TPB,2021-04-01 09:00:00,661,2,9.64,9.74,9.6,9.69,4129700,39923874.75,derived_ohlc4
HOSE_TPB,TPB,2021-04-02 09:00:00,662,2,9.86,9.97,9.76,9.79,3197300,31477418.499999996,derived_ohlc4
HOSE_TPB,TPB,2021-04-05 09:00:00,663,2,9.92,9.93,9.78,9.83,3468800,34219712.0,derived_ohlc4
HOSE_TPB,TPB,2021-04-06 09:00:00,664,2,9.81,9.83,9.69,9.74,5698500,55660098.75,derived_ohlc4
HOSE_TPB,TPB,2021-04-07 09:00:00,665,2,9.74,10.11,9.72,9.97,8769900,86690461.5,derived_ohlc4
HOSE_TPB,TPB,2021-04-08 09:00:00,666,2,10.04,10.09,9.93,10.0,4230200,42365453.0,derived_ohlc4
HOSE_TPB,TPB,2021-04-09 09:00:00,667,2,10.02,10.04,9.9,9.97,2837100,28321350.75,derived_ohlc4
HOSE_TPB,TPB,2021-04-12 09:00:00,668,2,10.07,10.09,9.97,10.09,7405300,74460291.5,derived_ohlc4
HOSE_TPB,TPB,2021-04-13 09:00:00,669,2,10.16,10.62,10.14,10.24,13381000,137690490.0,derived_ohlc4
HOSE_TPB,TPB,2021-04-14 09:00:00,670,2,10.19,10.3,10.04,10.26,4211400,42945751.5,derived_ohlc4
HOSE_TPB,TPB,2021-04-15 09:00:00,671,2,10.26,10.28,9.97,9.97,5927900,59990347.99999999,derived_ohlc4
HOSE_TPB,TPB,2021-04-16 09:00:00,672,2,9.83,9.86,9.5,9.59,9357800,90723871.0,derived_ohlc4
HOSE_TPB,TPB,2021-04-19 09:00:00,673,2,9.69,9.79,9.48,9.79,4273500,41399531.25,derived_ohlc4
HOSE_TPB,TPB,2021-04-20 09:00:00,674,2,9.85,9.88,9.57,9.62,4568500,44451505.0,derived_ohlc4
HOSE_TPB,TPB,2021-04-22 09:00:00,675,2,9.62,9.85,9.34,9.34,4524000,43147650.0,derived_ohlc4
HOSE_TPB,TPB,2021-04-23 09:00:00,676,2,9.52,9.69,9.27,9.69,3974200,37923803.5,derived_ohlc4
HOSE_TPB,TPB,2021-04-26 09:00:00,677,2,9.69,9.69,9.38,9.4,2466600,23531363.999999996,derived_ohlc4
HOSE_TPB,TPB,2021-04-27 09:00:00,678,2,9.4,9.5,9.31,9.38,1963700,18453870.75,derived_ohlc4
HOSE_TPB,TPB,2021-04-28 09:00:00,679,2,9.34,9.5,9.31,9.43,2403800,22583701.0,derived_ohlc4
HOSE_TPB,TPB,2021-04-29 09:00:00,680,2,9.5,9.62,9.41,9.48,6020100,57206000.25,derived_ohlc4
HOSE_TPB,TPB,2021-05-04 09:00:00,681,2,9.33,9.69,9.31,9.69,4210300,40018901.49999999,derived_ohlc4
HOSE_TPB,TPB,2021-05-05 09:00:00,682,2,9.76,9.97,9.71,9.92,5462800,53753952.0,derived_ohlc4
HOSE_TPB,TPB,2021-05-06 09:00:00,683,2,9.85,10.0,9.72,9.74,3732900,36685074.75,derived_ohlc4
HOSE_TPB,TPB,2021-05-07 09:00:00,684,2,9.66,10.23,9.66,10.07,11689700,115786478.50000001,derived_ohlc4
HOSE_TPB,TPB,2021-05-10 09:00:00,685,2,10.07,10.76,10.04,10.76,14127900,147036119.24999997,derived_ohlc4
HOSE_TPB,TPB,2021-05-11 09:00:00,686,2,11.07,11.14,10.73,10.73,9406500,102695463.75,derived_ohlc4
HOSE_TPB,TPB,2021-05-12 09:00:00,687,2,10.66,11.06,10.59,11.06,7670600,83168480.50000001,derived_ohlc4
HOSE_TPB,TPB,2021-05-13 09:00:00,688,2,11.07,11.25,10.9,10.9,8058500,88885255.0,derived_ohlc4
HOSE_TPB,TPB,2021-05-14 09:00:00,689,2,11.01,11.14,10.9,11.06,7273700,80210726.75,derived_ohlc4
HOSE_TPB,TPB,2021-05-17 09:00:00,690,2,11.11,11.39,11.11,11.28,6851800,76894325.5,derived_ohlc4
HOSE_TPB,TPB,2021-05-18 09:00:00,691,2,11.28,11.28,10.94,11.11,6628100,73919885.25,derived_ohlc4
HOSE_TPB,TPB,2021-05-19 09:00:00,692,2,11.11,11.39,11.11,11.39,6049900,68061375.0,derived_ohlc4
HOSE_TPB,TPB,2021-05-20 09:00:00,693,2,11.42,11.61,11.37,11.42,6273700,71865233.5,derived_ohlc4
HOSE_TPB,TPB,2021-05-21 09:00:00,694,2,11.42,11.59,11.3,11.42,6207600,70968387.0,derived_ohlc4
HOSE_TPB,TPB,2021-05-24 09:00:00,695,2,11.42,11.59,11.28,11.54,7400000,84785500.0,derived_ohlc4
HOSE_TPB,TPB,2021-05-25 09:00:00,696,2,11.63,12.23,11.61,12.15,6027300,71755006.5,derived_ohlc4
HOSE_TPB,TPB,2021-05-26 09:00:00,697,2,12.16,12.46,12.15,12.44,7918500,97417346.25,derived_ohlc4
HOSE_TPB,TPB,2021-05-27 09:00:00,698,2,12.39,12.46,11.94,12.15,7594100,92913813.5,derived_ohlc4
HOSE_TPB,TPB,2021-05-28 09:00:00,699,2,12.15,12.49,12.06,12.49,6656000,81852160.00000001,derived_ohlc4
HOSE_TPB,TPB,2021-05-31 09:00:00,700,2,12.49,12.98,12.49,12.96,3844900,48945577.0,derived_ohlc4
HOSE_TPB,TPB,2021-06-01 09:00:00,701,2,13.36,13.36,12.96,13.08,6046600,79754654.0,derived_ohlc4
HOSE_TPB,TPB,2021-06-02 09:00:00,702,2,12.8,13.03,12.67,12.87,5058600,64965070.5,derived_ohlc4
HOSE_TPB,TPB,2021-06-03 09:00:00,703,2,12.96,13.25,12.87,13.24,5342100,69874668.0,derived_ohlc4
HOSE_TPB,TPB,2021-06-04 09:00:00,704,2,13.15,14.15,12.98,13.5,4796400,64487598.0,derived_ohlc4
HOSE_TPB,TPB,2021-06-07 09:00:00,705,2,13.15,13.43,12.63,12.87,5115100,66598602.0,derived_ohlc4
HOSE_TPB,TPB,2021-06-08 09:00:00,706,2,12.8,12.98,11.97,12.11,5103800,63618867.0,derived_ohlc4
HOSE_TPB,TPB,2021-06-09 09:00:00,707,2,12.11,12.6,11.77,12.42,5857500,71607937.50000001,derived_ohlc4
HOSE_TPB,TPB,2021-06-10 09:00:00,708,2,12.63,12.77,12.2,12.2,3283700,40882065.0,derived_ohlc4
HOSE_TPB,TPB,2021-06-11 09:00:00,709,2,12.29,12.8,12.2,12.67,5631100,70332439.0,derived_ohlc4
HOSE_TPB,TPB,2021-06-14 09:00:00,710,2,12.8,12.8,12.39,12.56,3289600,41572320.0,derived_ohlc4
HOSE_TPB,TPB,2021-06-15 09:00:00,711,2,12.56,12.63,12.29,12.46,3629500,45314307.50000001,derived_ohlc4
HOSE_TPB,TPB,2021-06-16 09:00:00,712,2,12.29,12.67,12.11,12.32,5993800,74008445.5,derived_ohlc4
HOSE_TPB,TPB,2021-06-17 09:00:00,713,2,12.11,12.46,12.01,12.25,3953600,48263572.0,derived_ohlc4
HOSE_TPB,TPB,2021-06-18 09:00:00,714,2,12.39,12.44,12.27,12.29,2732200,33735839.49999999,derived_ohlc4
HOSE_TPB,TPB,2021-06-21 09:00:00,715,2,12.41,12.49,12.18,12.2,3684200,45389344.0,derived_ohlc4
HOSE_TPB,TPB,2021-06-22 09:00:00,716,2,12.2,12.46,12.18,12.27,3665200,44999493.0,derived_ohlc4
HOSE_TPB,TPB,2021-06-23 09:00:00,717,2,12.42,12.48,12.3,12.37,2609800,32341946.5,derived_ohlc4
HOSE_TPB,TPB,2021-06-24 09:00:00,718,2,12.46,12.49,12.27,12.34,2873600,35603904.0,derived_ohlc4
HOSE_TPB,TPB,2021-06-25 09:00:00,719,2,12.34,12.42,12.2,12.42,2778100,34295644.5,derived_ohlc4
HOSE_TPB,TPB,2021-06-28 09:00:00,720,2,12.56,13.03,12.39,13.03,11082500,141329581.25,derived_ohlc4
HOSE_TPB,TPB,2021-06-29 09:00:00,721,2,13.15,13.15,12.77,12.91,4886800,63503966.00000001,derived_ohlc4
HOSE_TPB,TPB,2021-06-30 09:00:00,722,2,12.87,12.94,12.7,12.72,2831800,36268278.5,derived_ohlc4
HOSE_TPB,TPB,2021-07-01 09:00:00,723,2,12.74,12.87,12.51,12.87,5441400,69364246.5,derived_ohlc4
HOSE_TPB,TPB,2021-07-02 09:00:00,724,2,13.01,13.12,12.87,13.06,5091100,66260666.5,derived_ohlc4
HOSE_TPB,TPB,2021-07-05 09:00:00,725,2,13.17,13.6,13.1,13.6,8382000,112046385.0,derived_ohlc4
HOSE_TPB,TPB,2021-07-06 09:00:00,726,2,13.6,13.67,12.65,12.65,6908600,90796275.5,derived_ohlc4
HOSE_TPB,TPB,2021-07-07 09:00:00,727,2,12.77,13.08,12.32,12.98,5701400,72906652.50000001,derived_ohlc4
HOSE_TPB,TPB,2021-07-08 09:00:00,728,2,12.96,13.46,12.87,13.06,5774600,75575077.5,derived_ohlc4
HOSE_TPB,TPB,2021-07-09 09:00:00,729,2,12.94,13.29,12.46,12.8,4759000,61260227.49999999,derived_ohlc4
HOSE_TPB,TPB,2021-07-12 09:00:00,730,2,12.8,12.8,11.92,12.13,7554300,93767748.75000001,derived_ohlc4
HOSE_TPB,TPB,2021-07-13 09:00:00,731,2,12.29,12.34,11.77,12.04,3263000,39514930.0,derived_ohlc4
HOSE_TPB,TPB,2021-07-14 09:00:00,732,2,12.01,12.11,11.39,11.42,5212700,61158002.75,derived_ohlc4
HOSE_TPB,TPB,2021-07-15 09:00:00,733,2,11.42,11.92,11.28,11.66,3272200,37859354.0,derived_ohlc4
HOSE_TPB,TPB,2021-07-16 09:00:00,734,2,11.87,11.9,11.7,11.73,1930300,22777540.0,derived_ohlc4
HOSE_TPB,TPB,2021-07-19 09:00:00,735,2,11.49,11.49,10.92,10.92,5202600,58295133.0,derived_ohlc4
HOSE_TPB,TPB,2021-07-20 09:00:00,736,2,11.01,11.42,10.87,11.42,7650000,85527000.0,derived_ohlc4
HOSE_TPB,TPB,2021-07-21 09:00:00,737,2,11.49,11.59,11.39,11.46,5750900,66034709.25,derived_ohlc4
HOSE_TPB,TPB,2021-07-22 09:00:00,738,2,11.46,11.71,11.32,11.71,6179900,71377845.0,derived_ohlc4
HOSE_TPB,TPB,2021-07-23 09:00:00,739,2,11.52,11.68,11.42,11.42,6293200,72434732.0,derived_ohlc4
HOSE_TPB,TPB,2021-07-26 09:00:00,740,2,11.25,11.58,11.23,11.39,7083400,80485132.5,derived_ohlc4
HOSE_TPB,TPB,2021-07-27 09:00:00,741,2,11.56,11.87,11.49,11.8,9483900,110771952.0,derived_ohlc4
HOSE_TPB,TPB,2021-07-28 09:00:00,742,2,11.73,12.01,11.7,11.84,5651400,66799548.0,derived_ohlc4
HOSE_TPB,TPB,2021-07-29 09:00:00,743,2,11.89,12.11,11.89,12.01,7422900,88889227.5,derived_ohlc4
HOSE_TPB,TPB,2021-07-30 09:00:00,744,2,12.11,12.22,12.01,12.11,5460700,66142728.74999999,derived_ohlc4
HOSE_TPB,TPB,2021-08-02 09:00:00,745,2,12.01,12.15,11.92,11.92,6590300,79083600.0,derived_ohlc4
HOSE_TPB,TPB,2021-08-03 09:00:00,746,2,11.94,12.06,11.8,11.96,3921100,46817934.0,derived_ohlc4
HOSE_TPB,TPB,2021-08-04 09:00:00,747,2,12.01,12.35,11.99,12.15,9425000,114278125.0,derived_ohlc4
HOSE_TPB,TPB,2021-08-05 09:00:00,748,2,12.29,12.42,12.15,12.42,4879300,60112976.0,derived_ohlc4
HOSE_TPB,TPB,2021-08-06 09:00:00,749,2,12.49,12.56,12.27,12.29,3867300,47964188.25,derived_ohlc4
HOSE_TPB,TPB,2021-08-09 09:00:00,750,2,12.22,12.42,12.1,12.42,3632200,44639738.0,derived_ohlc4
HOSE_TPB,TPB,2021-08-10 09:00:00,751,2,12.53,12.53,12.25,12.46,3413600,42473718.0,derived_ohlc4
HOSE_TPB,TPB,2021-08-11 09:00:00,752,2,12.53,12.98,12.39,12.8,13559700,171869197.5,derived_ohlc4
HOSE_TPB,TPB,2021-08-12 09:00:00,753,2,12.77,12.84,12.6,12.6,3106500,39460316.25,derived_ohlc4
HOSE_TPB,TPB,2021-08-13 09:00:00,754,2,12.32,12.63,12.32,12.6,3475900,43335783.25000001,derived_ohlc4
HOSE_TPB,TPB,2021-08-16 09:00:00,755,2,12.6,12.89,12.46,12.84,6804300,86397599.25000001,derived_ohlc4
HOSE_TPB,TPB,2021-08-17 09:00:00,756,2,13.1,13.1,12.8,12.93,4819100,62563965.75,derived_ohlc4
HOSE_TPB,TPB,2021-08-18 09:00:00,757,2,12.91,13.01,12.8,12.89,2954100,38115275.25,derived_ohlc4
HOSE_TPB,TPB,2021-08-19 09:00:00,758,2,12.82,12.84,12.61,12.7,3203000,40814227.5,derived_ohlc4
HOSE_TPB,TPB,2021-08-20 09:00:00,759,2,12.7,12.7,11.84,12.11,6442500,79484343.74999999,derived_ohlc4
HOSE_TPB,TPB,2021-08-23 09:00:00,760,2,11.97,12.18,11.7,11.7,4981600,59218770.0,derived_ohlc4
HOSE_TPB,TPB,2021-08-24 09:00:00,761,2,11.68,11.84,11.63,11.78,3121900,36627691.75,derived_ohlc4
HOSE_TPB,TPB,2021-08-25 09:00:00,762,2,11.78,12.08,11.63,12.08,3063600,36433863.0,derived_ohlc4
HOSE_TPB,TPB,2021-08-26 09:00:00,763,2,12.11,12.16,11.8,11.8,3452600,41318990.50000001,derived_ohlc4
HOSE_TPB,TPB,2021-08-27 09:00:00,764,2,11.65,12.03,11.58,11.77,2387500,28071031.25,derived_ohlc4
HOSE_TPB,TPB,2021-08-30 09:00:00,765,2,11.87,12.06,11.75,11.99,2214900,26396070.75,derived_ohlc4
HOSE_TPB,TPB,2021-08-31 09:00:00,766,2,12.01,12.11,11.77,11.8,1914500,22825626.25,derived_ohlc4
HOSE_TPB,TPB,2021-09-01 09:00:00,767,2,11.77,11.94,11.73,11.84,2358900,27882198.0,derived_ohlc4
HOSE_TPB,TPB,2021-09-06 09:00:00,768,2,12.06,12.18,11.89,12.04,4847800,58379631.5,derived_ohlc4
HOSE_TPB,TPB,2021-09-07 09:00:00,769,2,12.08,12.63,12.04,12.6,11320500,139666668.75,derived_ohlc4
HOSE_TPB,TPB,2021-09-08 09:00:00,770,2,12.63,12.79,12.46,12.49,6472700,81507474.75,derived_ohlc4
HOSE_TPB,TPB,2021-09-09 09:00:00,771,2,12.49,13.12,12.41,13.08,12528300,160049032.49999997,derived_ohlc4
HOSE_TPB,TPB,2021-09-10 09:00:00,772,2,13.15,13.32,12.94,12.94,7832100,102502608.74999999,derived_ohlc4
HOSE_TPB,TPB,2021-09-13 09:00:00,773,2,12.98,13.39,12.91,13.19,6969300,91419792.75,derived_ohlc4
HOSE_TPB,TPB,2021-09-14 09:00:00,774,2,13.01,13.29,13.0,13.01,6127000,80125842.5,derived_ohlc4
HOSE_TPB,TPB,2021-09-15 09:00:00,775,2,12.98,13.32,12.8,13.24,6953500,90986547.5,derived_ohlc4
HOSE_TPB,TPB,2021-09-16 09:00:00,776,2,13.32,13.6,13.22,13.38,5226100,69925218.0,derived_ohlc4
HOSE_TPB,TPB,2021-09-17 09:00:00,777,2,13.43,14.12,13.36,14.12,11835000,162820012.49999997,derived_ohlc4
HOSE_TPB,TPB,2021-09-20 09:00:00,778,2,14.19,14.47,13.67,13.88,8941100,125644807.75,derived_ohlc4
HOSE_TPB,TPB,2021-09-21 09:00:00,779,2,13.7,13.98,13.67,13.84,6615400,91275981.5,derived_ohlc4
HOSE_TPB,TPB,2021-09-22 09:00:00,780,2,13.95,13.95,13.6,13.88,4172000,57761340.0,derived_ohlc4
HOSE_TPB,TPB,2021-09-23 09:00:00,781,2,14.0,14.54,13.7,14.38,17971500,254386582.5,derived_ohlc4
HOSE_TPB,TPB,2021-09-24 09:00:00,782,2,14.43,14.57,14.29,14.4,9113500,131439453.75,derived_ohlc4
HOSE_TPB,TPB,2021-09-27 09:00:00,783,2,14.43,14.43,13.84,13.84,6183100,87398118.50000001,derived_ohlc4
HOSE_TPB,TPB,2021-09-28 09:00:00,784,2,13.67,14.09,13.53,14.09,5440500,75323722.5,derived_ohlc4
HOSE_TPB,TPB,2021-09-29 09:00:00,785,2,13.95,14.36,13.95,14.33,8107000,114693782.49999999,derived_ohlc4
HOSE_TPB,TPB,2021-09-30 09:00:00,786,2,14.22,14.48,14.22,14.4,6327900,90678807.0,derived_ohlc4
HOSE_TPB,TPB,2021-10-01 09:00:00,787,2,14.48,14.78,14.34,14.74,14912000,217491520.0,derived_ohlc4
HOSE_TPB,TPB,2021-10-04 09:00:00,788,2,14.81,14.85,14.36,14.54,13232300,193720871.99999997,derived_ohlc4
HOSE_TPB,TPB,2021-10-05 09:00:00,789,2,14.64,14.74,14.4,14.71,9289100,135829864.75,derived_ohlc4
HOSE_TPB,TPB,2021-10-06 09:00:00,790,2,14.71,14.93,14.5,14.64,8403600,123490902.0,derived_ohlc4
HOSE_TPB,TPB,2021-10-07 09:00:00,791,2,14.69,14.69,14.47,14.54,4681500,68338196.25,derived_ohlc4
HOSE_TPB,TPB,2021-10-08 09:00:00,792,2,14.78,14.78,14.47,14.59,3133300,45918511.5,derived_ohlc4
HOSE_TPB,TPB,2021-10-11 09:00:00,793,2,14.57,14.92,14.55,14.92,4961600,73133984.00000001,derived_ohlc4
HOSE_TPB,TPB,2021-10-12 09:00:00,794,2,14.95,14.99,14.78,14.78,1868600,27795425.0,derived_ohlc4
HOSE_TPB,TPB,2021-10-13 09:00:00,795,2,14.71,14.81,14.64,14.67,2308600,33953734.5,derived_ohlc4
HOSE_TPB,TPB,2021-10-14 09:00:00,796,2,14.6,14.76,14.54,14.64,3529900,51660086.5,derived_ohlc4
HOSE_TPB,TPB,2021-10-15 09:00:00,797,2,14.74,15.12,14.73,15.07,8141800,121434947.00000001,derived_ohlc4
HOSE_TPB,TPB,2021-10-18 09:00:00,798,2,15.16,15.33,15.11,15.23,5380700,81826995.25,derived_ohlc4
HOSE_TPB,TPB,2021-10-19 09:00:00,799,2,15.19,15.31,14.99,15.19,1757300,26658241.0,derived_ohlc4
HOSE_TPB,TPB,2021-10-20 09:00:00,800,2,15.4,15.4,15.09,15.26,3448400,52717415.0,derived_ohlc4
HOSE_TPB,TPB,2021-10-21 09:00:00,801,2,15.21,15.38,15.12,15.12,3518900,53513671.75,derived_ohlc4
HOSE_TPB,TPB,2021-10-22 09:00:00,802,2,15.14,15.23,14.92,14.95,2608400,39282504.0,derived_ohlc4
HOSE_TPB,TPB,2021-10-25 09:00:00,803,2,14.95,15.02,14.54,14.54,3636400,53682355.0,derived_ohlc4
HOSE_TPB,TPB,2021-10-26 09:00:00,804,2,14.5,14.73,14.43,14.71,2109700,30785797.25,derived_ohlc4
HOSE_TPB,TPB,2021-10-27 09:00:00,805,2,14.86,15.05,14.71,14.99,1765600,26311854.000000004,derived_ohlc4
HOSE_TPB,TPB,2021-10-28 09:00:00,806,2,15.05,15.4,15.05,15.37,5366700,81667757.25,derived_ohlc4
HOSE_TPB,TPB,2021-10-29 09:00:00,807,2,15.37,15.56,15.21,15.52,4835600,74540774.0,derived_ohlc4
HOSE_TPB,TPB,2021-11-01 09:00:00,808,2,15.52,15.52,14.85,15.02,3171500,48294016.25,derived_ohlc4
HOSE_TPB,TPB,2021-11-02 09:00:00,809,2,15.05,15.3,15.02,15.16,4763800,72088203.5,derived_ohlc4
HOSE_TPB,TPB,2021-11-03 09:00:00,810,2,15.16,15.45,15.12,15.3,4896100,74702245.75,derived_ohlc4
HOSE_TPB,TPB,2021-11-04 09:00:00,811,2,15.3,15.31,15.11,15.14,2000700,30440650.5,derived_ohlc4
HOSE_TPB,TPB,2021-11-05 09:00:00,812,2,15.26,15.28,14.95,15.05,2881900,43617556.49999999,derived_ohlc4
HOSE_TPB,TPB,2021-11-08 09:00:00,813,2,15.18,15.24,15.12,15.16,4557700,69163097.5,derived_ohlc4
HOSE_TPB,TPB,2021-11-09 09:00:00,814,2,15.23,15.23,14.95,15.02,2345100,35428598.24999999,derived_ohlc4
HOSE_TPB,TPB,2021-11-10 09:00:00,815,2,14.95,15.23,14.9,15.23,1869200,28182863.0,derived_ohlc4
HOSE_TPB,TPB,2021-11-11 09:00:00,816,2,15.23,15.26,14.81,14.88,2416900,36362260.50000001,derived_ohlc4
HOSE_TPB,TPB,2021-11-12 09:00:00,817,2,14.92,15.16,14.78,15.05,1388100,20790267.75,derived_ohlc4
HOSE_TPB,TPB,2021-11-15 09:00:00,818,2,15.3,15.3,15.05,15.21,2505800,38125747.00000001,derived_ohlc4
HOSE_TPB,TPB,2021-11-16 09:00:00,819,2,15.23,15.3,15.12,15.12,2533500,38490198.75,derived_ohlc4
HOSE_TPB,TPB,2021-11-17 09:00:00,820,2,15.23,15.23,14.95,14.97,1572000,23729340.0,derived_ohlc4
HOSE_TPB,TPB,2021-11-18 09:00:00,821,2,14.93,14.99,14.86,14.86,2206300,32895933.0,derived_ohlc4
HOSE_TPB,TPB,2021-11-19 09:00:00,822,2,14.85,15.4,14.83,15.05,3155700,47438060.25,derived_ohlc4
HOSE_TPB,TPB,2021-11-22 09:00:00,823,2,15.23,16.09,15.05,16.09,10239600,159891354.00000003,derived_ohlc4
HOSE_TPB,TPB,2021-11-23 09:00:00,824,2,16.44,16.85,16.09,16.85,7755400,128410035.50000003,derived_ohlc4
HOSE_TPB,TPB,2021-11-24 09:00:00,825,2,16.85,17.25,16.51,16.99,7302100,123405489.99999999,derived_ohlc4
HOSE_TPB,TPB,2021-11-25 09:00:00,826,2,17.13,17.13,16.66,17.03,4304700,73126091.25,derived_ohlc4
HOSE_TPB,TPB,2021-11-26 09:00:00,827,2,16.99,17.03,16.44,16.44,3319200,55513619.99999999,derived_ohlc4
HOSE_TPB,TPB,2021-11-29 09:00:00,828,2,16.09,16.61,16.09,16.33,2410200,39238056.0,derived_ohlc4
HOSE_TPB,TPB,2021-11-30 09:00:00,829,2,16.58,16.58,15.4,15.61,6316500,101332451.24999999,derived_ohlc4
HOSE_TPB,TPB,2021-12-01 09:00:00,830,2,15.57,16.7,15.5,16.7,5480300,88328735.25,derived_ohlc4
HOSE_TPB,TPB,2021-12-02 09:00:00,831,2,16.63,17.27,16.63,16.75,5754000,96782280.0,derived_ohlc4
HOSE_TPB,TPB,2021-12-03 09:00:00,832,2,16.92,16.96,16.27,16.27,3624400,60183162.0,derived_ohlc4
HOSE_TPB,TPB,2021-12-06 09:00:00,833,2,16.13,16.54,15.57,16.27,4309000,69493397.5,derived_ohlc4
HOSE_TPB,TPB,2021-12-07 09:00:00,834,2,16.4,16.78,16.11,16.54,2257700,37156097.75,derived_ohlc4
HOSE_TPB,TPB,2021-12-08 09:00:00,835,2,16.65,17.68,16.65,17.68,9186000,157677690.0,derived_ohlc4
HOSE_TPB,TPB,2021-12-09 09:00:00,836,2,17.68,18.0,17.44,17.72,2544400,45061324.0,derived_ohlc4
HOSE_TPB,TPB,2021-12-10 09:00:00,837,2,17.72,18.52,17.58,18.0,8180500,146880877.5,derived_ohlc4
HOSE_TPB,TPB,2021-12-13 09:00:00,838,2,18.0,18.13,17.3,17.48,4682900,83016109.75,derived_ohlc4
HOSE_TPB,TPB,2021-12-14 09:00:00,839,2,17.3,17.75,17.13,17.48,2339500,40742392.5,derived_ohlc4
HOSE_TPB,TPB,2021-12-15 09:00:00,840,2,17.51,18.24,17.27,18.0,4599700,81667673.5,derived_ohlc4
HOSE_TPB,TPB,2021-12-16 09:00:00,841,2,18.24,18.24,17.72,17.72,4016000,72207679.99999999,derived_ohlc4
HOSE_TPB,TPB,2021-12-17 09:00:00,842,2,17.79,17.82,17.44,17.75,4365800,77274660.0,derived_ohlc4
HOSE_TPB,TPB,2021-12-20 09:00:00,843,2,18.22,18.69,18.08,18.59,8238900,151554565.5,derived_ohlc4
HOSE_TPB,TPB,2021-12-21 09:00:00,844,2,18.45,18.5,17.99,18.13,3634600,66395055.49999999,derived_ohlc4
HOSE_TPB,TPB,2021-12-22 09:00:00,845,2,17.99,18.45,17.71,17.75,5929700,106586357.50000001,derived_ohlc4
HOSE_TPB,TPB,2021-12-23 09:00:00,846,2,17.75,18.03,16.68,17.15,4598100,80018435.25,derived_ohlc4
HOSE_TPB,TPB,2021-12-24 09:00:00,847,2,17.1,18.34,17.03,18.34,7855000,139053137.5,derived_ohlc4
HOSE_TPB,TPB,2021-12-27 09:00:00,848,2,18.5,19.44,18.31,19.04,9038200,170121519.49999997,derived_ohlc4
HOSE_TPB,TPB,2021-12-28 09:00:00,849,2,18.92,19.72,18.69,19.65,8593600,165383831.99999997,derived_ohlc4
HOSE_TPB,TPB,2021-12-29 09:00:00,850,2,19.65,19.83,19.23,19.32,5365300,104663589.75,derived_ohlc4
HOSE_TPB,TPB,2021-12-30 09:00:00,851,2,19.23,19.34,18.95,19.04,3226200,61749468.0,derived_ohlc4
HOSE_TPB,TPB,2021-12-31 09:00:00,852,2,19.16,19.79,19.16,19.18,3726100,71997567.25,derived_ohlc4
HOSE_TPB,TPB,2022-01-04 09:00:00,853,2,19.39,20.21,19.3,19.97,11034900,217580640.75,derived_ohlc4
HOSE_TPB,TPB,2022-01-05 09:00:00,854,2,19.86,19.97,19.58,19.62,3828100,75633685.75,derived_ohlc4
HOSE_TPB,TPB,2022-01-06 09:00:00,855,2,19.3,20.09,19.3,19.62,5190400,101615056.0,derived_ohlc4
HOSE_TPB,TPB,2022-01-07 09:00:00,856,2,19.55,19.81,19.16,19.16,4150700,80606593.99999999,derived_ohlc4
HOSE_TPB,TPB,2022-01-10 09:00:00,857,2,19.16,19.6,18.9,18.9,4219100,80753574.0,derived_ohlc4
HOSE_TPB,TPB,2022-01-11 09:00:00,858,2,18.87,19.39,18.69,18.78,4830300,91449654.75,derived_ohlc4
HOSE_TPB,TPB,2022-01-12 09:00:00,859,2,18.78,20.09,18.69,20.09,18620300,361466573.75,derived_ohlc4
HOSE_TPB,TPB,2022-01-13 09:00:00,860,2,20.23,20.56,19.67,19.69,17622800,353116855.0,derived_ohlc4
HOSE_TPB,TPB,2022-01-14 09:00:00,861,2,19.48,19.88,19.44,19.58,5566400,109073608.0,derived_ohlc4
HOSE_TPB,TPB,2022-01-17 09:00:00,862,2,19.44,19.72,18.78,18.78,9068700,173937666.0,derived_ohlc4
HOSE_TPB,TPB,2022-01-18 09:00:00,863,2,18.5,18.8,18.1,18.17,9953400,183067909.49999997,derived_ohlc4
HOSE_TPB,TPB,2022-01-19 09:00:00,864,2,18.03,18.83,18.03,18.36,6653400,121840387.5,derived_ohlc4
HOSE_TPB,TPB,2022-01-20 09:00:00,865,2,18.36,18.85,18.34,18.5,7434600,137633032.5,derived_ohlc4
HOSE_TPB,TPB,2022-01-21 09:00:00,866,2,18.52,19.16,18.52,18.69,8225000,153992562.5,derived_ohlc4
HOSE_TPB,TPB,2022-01-24 09:00:00,867,2,18.69,18.92,17.38,17.64,6820100,123835965.74999999,derived_ohlc4
HOSE_TPB,TPB,2022-01-25 09:00:00,868,2,17.61,18.69,17.61,18.57,8957900,162317147.99999997,derived_ohlc4
HOSE_TPB,TPB,2022-01-26 09:00:00,869,2,18.69,18.95,18.31,18.31,10946400,203219916.0,derived_ohlc4
HOSE_TPB,TPB,2022-01-27 09:00:00,870,2,18.41,18.92,18.31,18.78,7264800,135161604.0,derived_ohlc4
HOSE_TPB,TPB,2022-01-28 09:00:00,871,2,18.76,19.76,18.69,19.6,15526500,298147616.25,derived_ohlc4
HOSE_TPB,TPB,2022-02-07 09:00:00,872,2,19.76,19.9,19.3,19.48,5806800,113871348.0,derived_ohlc4
HOSE_TPB,TPB,2022-02-08 09:00:00,873,2,19.55,19.81,19.3,19.62,5776900,113053933.0,derived_ohlc4
HOSE_TPB,TPB,2022-02-09 09:00:00,874,2,19.58,19.79,19.34,19.39,5316900,103812472.49999999,derived_ohlc4
HOSE_TPB,TPB,2022-02-10 09:00:00,875,2,19.53,19.53,19.06,19.25,3954300,76486047.75,derived_ohlc4
HOSE_TPB,TPB,2022-02-11 09:00:00,876,2,19.16,20.07,19.06,20.02,15984500,312936548.75,derived_ohlc4
HOSE_TPB,TPB,2022-02-14 09:00:00,877,2,19.62,20.02,18.69,18.69,7405700,142596753.5,derived_ohlc4
HOSE_TPB,TPB,2022-02-15 09:00:00,878,2,19.16,19.18,18.78,19.04,3153900,60050256.0,derived_ohlc4
HOSE_TPB,TPB,2022-02-16 09:00:00,879,2,19.13,19.2,18.85,18.87,2879600,54748395.0,derived_ohlc4
HOSE_TPB,TPB,2022-02-17 09:00:00,880,2,18.87,19.23,18.83,19.23,3081100,58664144.0,derived_ohlc4
HOSE_TPB,TPB,2022-02-18 09:00:00,881,2,18.92,19.25,18.92,19.06,3759900,71579096.25,derived_ohlc4
HOSE_TPB,TPB,2022-02-21 09:00:00,882,2,18.92,19.11,18.73,19.11,3924200,74432263.5,derived_ohlc4
HOSE_TPB,TPB,2022-02-22 09:00:00,883,2,18.95,19.39,18.87,19.39,8309400,159125010.00000003,derived_ohlc4
HOSE_TPB,TPB,2022-02-23 09:00:00,884,2,19.39,20.18,19.37,19.9,16076300,316863873.0,derived_ohlc4
HOSE_TPB,TPB,2022-02-24 09:00:00,885,2,19.62,19.81,18.83,19.27,4957200,96082929.0,derived_ohlc4
HOSE_TPB,TPB,2022-02-25 09:00:00,886,2,19.48,19.97,19.3,19.6,10795200,211450979.99999997,derived_ohlc4
HOSE_TPB,TPB,2022-02-28 09:00:00,887,2,19.53,19.86,19.16,19.74,5548200,108592144.49999999,derived_ohlc4
HOSE_TPB,TPB,2022-03-01 09:00:00,888,2,19.72,20.18,19.58,20.0,11884800,236150975.99999997,derived_ohlc4
HOSE_TPB,TPB,2022-03-02 09:00:00,889,2,19.83,20.23,19.2,19.37,8271600,162598977.00000003,derived_ohlc4
HOSE_TPB,TPB,2022-03-03 09:00:00,890,2,19.44,19.74,19.2,19.39,4590700,89254684.75,derived_ohlc4
HOSE_TPB,TPB,2022-03-04 09:00:00,891,2,19.2,19.51,18.92,19.04,5107000,97888422.5,derived_ohlc4
HOSE_TPB,TPB,2022-03-07 09:00:00,892,2,18.87,18.9,17.99,18.22,10005000,185042474.99999997,derived_ohlc4
HOSE_TPB,TPB,2022-03-08 09:00:00,893,2,18.13,18.69,17.92,18.13,5092700,92776262.25,derived_ohlc4
HOSE_TPB,TPB,2022-03-09 09:00:00,894,2,18.15,18.38,18.13,18.13,2653800,48292525.49999999,derived_ohlc4
HOSE_TPB,TPB,2022-03-10 09:00:00,895,2,18.59,18.59,18.2,18.22,2043100,37593040.0,derived_ohlc4
HOSE_TPB,TPB,2022-03-11 09:00:00,896,2,18.08,18.45,18.01,18.06,2509400,45545610.00000001,derived_ohlc4
HOSE_TPB,TPB,2022-03-14 09:00:00,897,2,17.99,18.45,17.99,18.31,2160600,39290511.0,derived_ohlc4
HOSE_TPB,TPB,2022-03-15 09:00:00,898,2,18.31,18.83,18.27,18.64,8713700,161312371.25,derived_ohlc4
HOSE_TPB,TPB,2022-03-16 09:00:00,899,2,18.66,18.87,18.52,18.57,2937800,54804659.0,derived_ohlc4
HOSE_TPB,TPB,2022-03-17 09:00:00,900,2,18.71,18.87,18.5,18.5,3131300,58383088.5,derived_ohlc4
HOSE_TPB,TPB,2022-03-18 09:00:00,901,2,18.64,18.69,18.43,18.45,1622300,30097720.749999996,derived_ohlc4
HOSE_TPB,TPB,2022-03-21 09:00:00,902,2,18.48,18.83,18.48,18.64,3849800,71635153.5,derived_ohlc4
HOSE_TPB,TPB,2022-03-22 09:00:00,903,2,18.64,19.11,18.62,18.92,6367200,119846622.00000001,derived_ohlc4
HOSE_TPB,TPB,2022-03-23 09:00:00,904,2,18.92,19.18,18.69,18.71,4207000,79407125.0,derived_ohlc4
HOSE_TPB,TPB,2022-03-24 09:00:00,905,2,18.71,18.8,18.59,18.73,2951000,55205832.50000001,derived_ohlc4
HOSE_TPB,TPB,2022-03-25 09:00:00,906,2,18.97,18.97,18.64,18.64,2187700,41139698.5,derived_ohlc4
HOSE_TPB,TPB,2022-03-28 09:00:00,907,2,18.62,18.78,18.15,18.43,2993800,55370331.0,derived_ohlc4
HOSE_TPB,TPB,2022-03-29 09:00:00,908,2,18.43,18.92,18.43,18.83,4909800,91580044.5,derived_ohlc4
HOSE_TPB,TPB,2022-03-30 09:00:00,909,2,18.83,19.13,18.59,18.69,5350100,100635381.0,derived_ohlc4
HOSE_TPB,TPB,2022-03-31 09:00:00,910,2,18.83,19.06,18.73,18.76,2433800,45864961.00000001,derived_ohlc4
HOSE_TPB,TPB,2022-04-01 09:00:00,911,2,18.76,19.41,18.69,19.27,11121000,211660432.5,derived_ohlc4
HOSE_TPB,TPB,2022-04-04 09:00:00,912,2,19.48,19.53,19.2,19.27,6600400,127849748.0,derived_ohlc4
HOSE_TPB,TPB,2022-04-05 09:00:00,913,2,19.16,19.41,19.02,19.06,4682200,89722657.5,derived_ohlc4
HOSE_TPB,TPB,2022-04-06 09:00:00,914,2,19.02,19.34,18.78,19.23,6695600,127835743.00000001,derived_ohlc4
HOSE_TPB,TPB,2022-04-07 09:00:00,915,2,19.32,19.48,19.02,19.16,8696600,167366066.99999997,derived_ohlc4
HOSE_TPB,TPB,2022-04-08 09:00:00,916,2,19.11,19.25,18.78,18.78,3486300,66169974.0,derived_ohlc4
HOSE_TPB,TPB,2022-04-12 09:00:00,917,2,18.83,18.9,17.78,17.78,3022200,55374259.49999999,derived_ohlc4
HOSE_TPB,TPB,2022-04-13 09:00:00,918,2,18.06,18.78,17.78,18.69,5941400,108891008.5,derived_ohlc4
HOSE_TPB,TPB,2022-04-14 09:00:00,919,2,18.69,18.69,18.22,18.24,2541800,46921628.0,derived_ohlc4
HOSE_TPB,TPB,2022-04-15 09:00:00,920,2,18.27,18.36,17.45,17.45,5117800,91519058.5,derived_ohlc4
HOSE_TPB,TPB,2022-04-18 09:00:00,921,2,17.66,17.89,17.29,17.71,3139300,55369403.75,derived_ohlc4
HOSE_TPB,TPB,2022-04-19 09:00:00,922,2,17.71,17.8,16.91,16.91,1927100,33401460.75,derived_ohlc4
HOSE_TPB,TPB,2022-04-20 09:00:00,923,2,17.19,17.33,16.59,16.59,3759500,63629537.5,derived_ohlc4
HOSE_TPB,TPB,2022-04-21 09:00:00,924,2,16.63,16.96,15.93,16.26,3722600,61218157.0,derived_ohlc4
HOSE_TPB,TPB,2022-04-22 09:00:00,925,2,16.38,16.82,16.26,16.45,2544600,41928646.50000001,derived_ohlc4
HOSE_TPB,TPB,2022-04-25 09:00:00,926,2,16.49,16.68,15.3,16.12,3408500,55038753.75,derived_ohlc4
HOSE_TPB,TPB,2022-04-26 09:00:00,927,2,15.88,16.38,15.14,16.33,3801700,60570585.25,derived_ohlc4
HOSE_TPB,TPB,2022-04-27 09:00:00,928,2,16.33,16.35,15.63,16.26,2244300,36228612.75000001,derived_ohlc4
HOSE_TPB,TPB,2022-04-28 09:00:00,929,2,16.31,16.31,15.7,15.7,1822600,29170713.0,derived_ohlc4
HOSE_TPB,TPB,2022-04-29 09:00:00,930,2,15.7,16.1,15.51,15.7,3022600,47613506.50000001,derived_ohlc4
HOSE_TPB,TPB,2022-05-04 09:00:00,931,2,15.7,15.74,14.95,14.95,1643600,25204606.0,derived_ohlc4
HOSE_TPB,TPB,2022-05-05 09:00:00,932,2,15.18,15.98,15.18,15.98,7805500,121609690.00000001,derived_ohlc4
HOSE_TPB,TPB,2022-05-06 09:00:00,933,2,15.7,16.1,15.53,15.7,2046700,32250875.25,derived_ohlc4
HOSE_TPB,TPB,2022-05-09 09:00:00,934,2,15.32,15.81,14.67,14.76,2197900,33276206.0,derived_ohlc4
HOSE_TPB,TPB,2022-05-10 09:00:00,935,2,14.48,15.7,14.25,15.56,5931000,88950172.5,derived_ohlc4
HOSE_TPB,TPB,2022-05-11 09:00:00,936,2,15.56,15.63,14.86,15.63,3606600,55613772.0,derived_ohlc4
HOSE_TPB,TPB,2022-05-12 09:00:00,937,2,15.42,15.56,14.55,14.76,2322400,35004374.0,derived_ohlc4
HOSE_TPB,TPB,2022-05-13 09:00:00,938,2,14.95,14.95,13.74,14.02,3558200,51291453.0,derived_ohlc4
HOSE_TPB,TPB,2022-05-16 09:00:00,939,2,14.48,14.76,14.11,14.48,2422200,35018956.5,derived_ohlc4
HOSE_TPB,TPB,2022-05-17 09:00:00,940,2,14.48,15.44,14.25,15.42,3919900,58396710.25,derived_ohlc4
HOSE_TPB,TPB,2022-05-18 09:00:00,941,2,15.46,15.93,15.04,15.04,3950000,60701625.0,derived_ohlc4
HOSE_TPB,TPB,2022-05-19 09:00:00,942,2,14.69,15.02,14.37,14.55,1963400,28778535.499999996,derived_ohlc4
HOSE_TPB,TPB,2022-05-20 09:00:00,943,2,14.9,15.04,14.58,14.67,2095800,31012600.5,derived_ohlc4
HOSE_TPB,TPB,2022-05-23 09:00:00,944,2,14.9,15.0,13.97,14.02,2555000,36977237.5,derived_ohlc4
HOSE_TPB,TPB,2022-05-24 09:00:00,945,2,14.11,14.46,14.11,14.44,1674200,23907576.0,derived_ohlc4
HOSE_TPB,TPB,2022-05-25 09:00:00,946,2,14.46,14.95,14.44,14.9,4540800,66693000.0,derived_ohlc4
HOSE_TPB,TPB,2022-05-26 09:00:00,947,2,14.9,14.93,14.69,14.76,1314300,19477925.999999996,derived_ohlc4
HOSE_TPB,TPB,2022-05-27 09:00:00,948,2,14.76,15.32,14.72,15.09,4877200,73023877.0,derived_ohlc4
HOSE_TPB,TPB,2022-05-30 09:00:00,949,2,15.14,15.46,15.02,15.42,5396700,82353642.00000001,derived_ohlc4
HOSE_TPB,TPB,2022-05-31 09:00:00,950,2,15.42,15.44,15.11,15.11,2721700,41560359.0,derived_ohlc4
HOSE_TPB,TPB,2022-06-01 09:00:00,951,2,15.02,15.28,14.72,14.95,1734700,26007489.75,derived_ohlc4
HOSE_TPB,TPB,2022-06-02 09:00:00,952,2,14.95,14.95,14.58,14.95,3017400,44831020.49999999,derived_ohlc4
HOSE_TPB,TPB,2022-06-03 09:00:00,953,2,14.83,14.95,14.58,14.88,1206700,17871227.0,derived_ohlc4
HOSE_TPB,TPB,2022-06-06 09:00:00,954,2,14.86,14.88,14.16,14.34,2785800,40561248.00000001,derived_ohlc4
HOSE_TPB,TPB,2022-06-07 09:00:00,955,2,14.34,14.34,13.78,13.83,2127800,29943465.5,derived_ohlc4
HOSE_TPB,TPB,2022-06-08 09:00:00,956,2,13.88,14.48,13.88,14.13,3549200,50017101.00000001,derived_ohlc4
HOSE_TPB,TPB,2022-06-09 09:00:00,957,2,14.13,14.18,14.02,14.04,1929100,27185841.75,derived_ohlc4
HOSE_TPB,TPB,2022-06-10 09:00:00,958,2,13.97,14.3,13.88,13.88,1371900,19216889.250000004,derived_ohlc4
HOSE_TPB,TPB,2022-06-13 09:00:00,959,2,13.64,13.64,12.92,12.92,3791000,50344480.00000001,derived_ohlc4
HOSE_TPB,TPB,2022-06-14 09:00:00,960,2,12.85,12.85,12.15,12.38,4019300,50472359.75000001,derived_ohlc4
HOSE_TPB,TPB,2022-06-15 09:00:00,961,2,12.38,12.47,11.59,12.4,3493100,42650751.0,derived_ohlc4
HOSE_TPB,TPB,2022-06-16 09:00:00,962,2,12.47,12.71,12.26,12.52,2916700,36429582.99999999,derived_ohlc4
HOSE_TPB,TPB,2022-06-17 09:00:00,963,2,12.15,12.33,11.68,11.91,3209900,38574973.24999999,derived_ohlc4
HOSE_TPB,TPB,2022-06-20 09:00:00,964,2,11.89,12.22,11.7,11.7,3691400,43844603.50000001,derived_ohlc4
HOSE_TPB,TPB,2022-06-21 09:00:00,965,2,11.66,12.24,11.66,11.98,3071400,36503589.00000001,derived_ohlc4
HOSE_TPB,TPB,2022-06-22 09:00:00,966,2,11.98,12.38,11.98,12.24,1667200,20248144.000000004,derived_ohlc4
HOSE_TPB,TPB,2022-06-23 09:00:00,967,2,12.24,12.38,12.01,12.38,1838200,22522545.500000004,derived_ohlc4
HOSE_TPB,TPB,2022-06-24 09:00:00,968,2,12.38,12.45,12.15,12.15,906300,11131629.749999998,derived_ohlc4
HOSE_TPB,TPB,2022-06-27 09:00:00,969,2,12.15,12.68,12.15,12.47,1953200,24146434.999999996,derived_ohlc4
HOSE_TPB,TPB,2022-06-28 09:00:00,970,2,12.8,13.08,12.59,12.89,2059500,26443980.0,derived_ohlc4
HOSE_TPB,TPB,2022-06-29 09:00:00,971,2,12.66,13.22,12.66,12.8,1929300,24762565.5,derived_ohlc4
HOSE_TPB,TPB,2022-06-30 09:00:00,972,2,12.71,13.08,12.68,12.68,1757700,22476588.75,derived_ohlc4
HOSE_TPB,TPB,2022-07-01 09:00:00,973,2,12.68,12.89,12.33,12.75,898800,11381055.0,derived_ohlc4
HOSE_TPB,TPB,2022-07-04 09:00:00,974,2,12.75,12.99,12.71,12.75,575300,7363840.0,derived_ohlc4
HOSE_TPB,TPB,2022-07-05 09:00:00,975,2,12.85,13.06,12.64,12.85,2314300,29738755.0,derived_ohlc4
HOSE_TPB,TPB,2022-07-06 09:00:00,976,2,12.75,12.99,12.33,12.59,1497300,18963304.5,derived_ohlc4
HOSE_TPB,TPB,2022-07-07 09:00:00,977,2,12.47,12.92,12.47,12.82,1466500,18580555.0,derived_ohlc4
HOSE_TPB,TPB,2022-07-08 09:00:00,978,2,12.85,13.01,12.61,12.66,1153300,14742057.249999998,derived_ohlc4
HOSE_TPB,TPB,2022-07-11 09:00:00,979,2,12.61,12.66,12.15,12.15,1301000,16122642.5,derived_ohlc4
HOSE_TPB,TPB,2022-07-12 09:00:00,980,2,12.17,12.5,12.17,12.47,629500,7760161.25,derived_ohlc4
HOSE_TPB,TPB,2022-07-13 09:00:00,981,2,12.47,12.85,12.17,12.45,1522200,19004667.0,derived_ohlc4
HOSE_TPB,TPB,2022-07-14 09:00:00,982,2,12.4,12.64,12.38,12.57,678000,8473305.0,derived_ohlc4
HOSE_TPB,TPB,2022-07-15 09:00:00,983,2,12.61,12.85,12.61,12.66,1418200,17986321.5,derived_ohlc4
HOSE_TPB,TPB,2022-07-18 09:00:00,984,2,12.78,12.85,12.68,12.73,1343100,17137956.000000004,derived_ohlc4
HOSE_TPB,TPB,2022-07-19 09:00:00,985,2,12.75,12.75,12.5,12.68,807800,10234826.0,derived_ohlc4
HOSE_TPB,TPB,2022-07-20 09:00:00,986,2,12.85,13.32,12.71,13.29,3076300,40122642.75,derived_ohlc4
HOSE_TPB,TPB,2022-07-21 09:00:00,987,2,13.34,13.39,13.1,13.22,2614000,34668175.0,derived_ohlc4
HOSE_TPB,TPB,2022-07-22 09:00:00,988,2,13.22,13.39,13.06,13.1,2447800,32292601.500000004,derived_ohlc4
HOSE_TPB,TPB,2022-07-25 09:00:00,989,2,12.87,13.03,12.75,12.8,1365400,17562457.5,derived_ohlc4
HOSE_TPB,TPB,2022-07-26 09:00:00,990,2,12.85,12.89,12.61,12.61,1261300,16068962.0,derived_ohlc4
HOSE_TPB,TPB,2022-07-27 09:00:00,991,2,12.61,12.66,12.38,12.59,1623200,20387391.999999996,derived_ohlc4
HOSE_TPB,TPB,2022-07-28 09:00:00,992,2,12.64,12.99,12.64,12.71,2373300,30247708.500000004,derived_ohlc4
HOSE_TPB,TPB,2022-07-29 09:00:00,993,2,12.89,12.89,12.43,12.43,3021600,38253456.0,derived_ohlc4
HOSE_TPB,TPB,2022-08-01 09:00:00,994,2,12.66,12.82,12.64,12.73,1942000,24687675.000000004,derived_ohlc4
HOSE_TPB,TPB,2022-08-02 09:00:00,995,2,12.75,12.99,12.75,12.92,2302300,29590310.750000004,derived_ohlc4
HOSE_TPB,TPB,2022-08-03 09:00:00,996,2,12.85,13.13,12.75,13.08,2573400,33331963.5,derived_ohlc4
HOSE_TPB,TPB,2022-08-04 09:00:00,997,2,13.32,13.64,13.2,13.46,5311300,71197976.5,derived_ohlc4
HOSE_TPB,TPB,2022-08-05 09:00:00,998,2,13.5,13.64,13.32,13.46,1921300,25899124.0,derived_ohlc4
HOSE_TPB,TPB,2022-08-08 09:00:00,999,2,13.43,13.62,13.25,13.34,2285100,30643191.0,derived_ohlc4
HOSE_TPB,TPB,2022-08-09 09:00:00,1000,2,13.53,13.53,13.27,13.36,2334000,31328115.0,derived_ohlc4
HOSE_TPB,TPB,2022-08-10 09:00:00,1001,2,13.41,13.41,13.2,13.22,1904100,25343570.999999996,derived_ohlc4
HOSE_TPB,TPB,2022-08-11 09:00:00,1002,2,13.39,13.6,13.2,13.32,2561900,34271817.25,derived_ohlc4
HOSE_TPB,TPB,2022-08-12 09:00:00,1003,2,13.39,13.39,13.25,13.36,1013100,13522352.25,derived_ohlc4
HOSE_TPB,TPB,2022-08-15 09:00:00,1004,2,13.53,13.69,13.41,13.53,3271800,44300172.0,derived_ohlc4
HOSE_TPB,TPB,2022-08-16 09:00:00,1005,2,13.55,13.57,13.43,13.48,1398100,18884835.75,derived_ohlc4
HOSE_TPB,TPB,2022-08-17 09:00:00,1006,2,13.48,13.53,13.41,13.41,1323000,17804272.5,derived_ohlc4
HOSE_TPB,TPB,2022-08-18 09:00:00,1007,2,13.41,13.46,13.22,13.41,2094800,28017950.0,derived_ohlc4
HOSE_TPB,TPB,2022-08-19 09:00:00,1008,2,13.46,13.46,13.22,13.27,1464800,19558742.0,derived_ohlc4
HOSE_TPB,TPB,2022-08-22 09:00:00,1009,2,13.2,13.22,12.96,13.03,1455600,19071999.0,derived_ohlc4
HOSE_TPB,TPB,2022-08-23 09:00:00,1010,2,12.85,13.08,12.85,13.08,1225800,15892497.0,derived_ohlc4
HOSE_TPB,TPB,2022-08-24 09:00:00,1011,2,13.08,13.2,13.06,13.13,1183300,15521937.750000002,derived_ohlc4
HOSE_TPB,TPB,2022-08-25 09:00:00,1012,2,13.29,13.5,13.15,13.46,1687100,22522785.0,derived_ohlc4
HOSE_TPB,TPB,2022-08-26 09:00:00,1013,2,13.48,13.5,13.25,13.27,1359300,18180637.5,derived_ohlc4
HOSE_TPB,TPB,2022-08-29 09:00:00,1014,2,13.08,13.13,12.66,12.94,2031300,26310413.25,derived_ohlc4
HOSE_TPB,TPB,2022-08-30 09:00:00,1015,2,13.08,13.18,12.94,13.03,821500,10726736.25,derived_ohlc4
HOSE_TPB,TPB,2022-08-31 09:00:00,1016,2,13.03,13.15,12.87,13.08,585300,7627922.249999999,derived_ohlc4
HOSE_TPB,TPB,2022-09-05 09:00:00,1017,2,13.32,13.32,12.96,13.08,1827200,24064224.0,derived_ohlc4
HOSE_TPB,TPB,2022-09-06 09:00:00,1018,2,13.15,13.15,12.92,13.08,1348000,17625100.0,derived_ohlc4
HOSE_TPB,TPB,2022-09-07 09:00:00,1019,2,12.99,13.03,12.75,12.75,1754000,22591520.0,derived_ohlc4
HOSE_TPB,TPB,2022-09-08 09:00:00,1020,2,12.78,12.8,12.57,12.57,1410600,17886408.0,derived_ohlc4
HOSE_TPB,TPB,2022-09-09 09:00:00,1021,2,12.75,12.75,12.43,12.61,935700,11822569.5,derived_ohlc4
HOSE_TPB,TPB,2022-09-12 09:00:00,1022,2,12.61,12.66,12.52,12.59,822500,10359387.499999998,derived_ohlc4
HOSE_TPB,TPB,2022-09-13 09:00:00,1023,2,12.66,12.66,12.5,12.54,769200,9684228.0,derived_ohlc4
HOSE_TPB,TPB,2022-09-14 09:00:00,1024,2,12.38,12.52,12.26,12.4,953000,11807669.999999998,derived_ohlc4
HOSE_TPB,TPB,2022-09-15 09:00:00,1025,2,12.45,12.78,12.38,12.4,797400,9969493.5,derived_ohlc4
HOSE_TPB,TPB,2022-09-16 09:00:00,1026,2,12.38,12.54,12.29,12.29,865600,10711800.0,derived_ohlc4
HOSE_TPB,TPB,2022-09-19 09:00:00,1027,2,12.29,12.29,11.54,11.68,1438500,17190075.0,derived_ohlc4
HOSE_TPB,TPB,2022-09-20 09:00:00,1028,2,11.87,11.87,11.63,11.87,890600,10517985.999999998,derived_ohlc4
HOSE_TPB,TPB,2022-09-21 09:00:00,1029,2,11.68,11.87,11.68,11.8,675800,7945718.5,derived_ohlc4
HOSE_TPB,TPB,2022-09-22 09:00:00,1030,2,11.68,11.84,11.59,11.84,604500,7095318.75,derived_ohlc4
HOSE_TPB,TPB,2022-09-23 09:00:00,1031,2,11.84,11.87,11.68,11.7,1059500,12472963.75,derived_ohlc4
HOSE_TPB,TPB,2022-09-26 09:00:00,1032,2,11.54,11.63,11.07,11.63,1898800,21774489.000000004,derived_ohlc4
HOSE_TPB,TPB,2022-09-27 09:00:00,1033,2,11.59,11.63,11.21,11.63,1141500,13144372.5,derived_ohlc4
HOSE_TPB,TPB,2022-09-28 09:00:00,1034,2,11.33,11.56,10.98,11.52,1533900,17405930.25,derived_ohlc4
HOSE_TPB,TPB,2022-09-29 09:00:00,1035,2,11.54,11.68,11.31,11.54,983500,11327461.25,derived_ohlc4
HOSE_TPB,TPB,2022-09-30 09:00:00,1036,2,11.45,11.73,11.19,11.68,2074800,23886135.0,derived_ohlc4
HOSE_TPB,TPB,2022-10-03 09:00:00,1037,2,11.73,11.73,10.93,11.14,1603200,18248424.0,derived_ohlc4
HOSE_TPB,TPB,2022-10-04 09:00:00,1038,2,11.17,11.4,11.1,11.12,958200,10729444.5,derived_ohlc4
HOSE_TPB,TPB,2022-10-05 09:00:00,1039,2,11.21,11.28,11.1,11.21,1213400,13590080.000000002,derived_ohlc4
HOSE_TPB,TPB,2022-10-06 09:00:00,1040,2,11.17,11.31,10.75,11.21,3201100,35564221.00000001,derived_ohlc4
HOSE_TPB,TPB,2022-10-07 09:00:00,1041,2,10.77,10.82,10.44,10.44,2059600,21867803.0,derived_ohlc4
HOSE_TPB,TPB,2022-10-10 09:00:00,1042,2,9.72,10.14,9.72,9.72,2388400,23466030.0,derived_ohlc4
HOSE_TPB,TPB,2022-10-11 09:00:00,1043,2,9.04,9.34,9.04,9.04,8998300,82019504.49999999,derived_ohlc4
HOSE_TPB,TPB,2022-10-12 09:00:00,1044,2,8.55,9.58,8.55,9.58,4642600,42085169.00000001,derived_ohlc4
HOSE_TPB,TPB,2022-10-13 09:00:00,1045,2,9.58,9.62,9.2,9.62,3781000,35938404.99999999,derived_ohlc4
HOSE_TPB,TPB,2022-10-14 09:00:00,1046,2,9.79,9.83,9.48,9.62,2177800,21081104.0,derived_ohlc4
HOSE_TPB,TPB,2022-10-17 09:00:00,1047,2,9.39,9.62,9.06,9.62,4157200,39171217.0,derived_ohlc4
HOSE_TPB,TPB,2022-10-18 09:00:00,1048,2,9.67,9.79,9.53,9.62,2524400,24366771.0,derived_ohlc4
HOSE_TPB,TPB,2022-10-19 09:00:00,1049,2,9.67,9.67,9.37,9.6,1715200,16427328.000000002,derived_ohlc4
HOSE_TPB,TPB,2022-10-20 09:00:00,1050,2,9.48,9.65,9.34,9.62,1713300,16314899.250000002,derived_ohlc4
HOSE_TPB,TPB,2022-10-21 09:00:00,1051,2,9.62,9.72,9.04,9.39,2778800,26238818.999999996,derived_ohlc4
HOSE_TPB,TPB,2022-10-24 09:00:00,1052,2,9.39,9.41,8.74,9.41,3261700,30129953.750000004,derived_ohlc4
HOSE_TPB,TPB,2022-10-25 09:00:00,1053,2,9.2,9.65,9.02,9.41,3234600,30146472.0,derived_ohlc4
HOSE_TPB,TPB,2022-10-26 09:00:00,1054,2,9.44,9.55,9.25,9.34,1128900,10606015.5,derived_ohlc4
HOSE_TPB,TPB,2022-10-27 09:00:00,1055,2,9.32,9.81,9.27,9.81,4337200,41431103.0,derived_ohlc4
HOSE_TPB,TPB,2022-10-28 09:00:00,1056,2,9.9,10.04,9.65,9.74,2784700,27380562.75,derived_ohlc4
HOSE_TPB,TPB,2022-10-31 09:00:00,1057,2,9.81,9.81,9.48,9.67,2827900,27409420.750000004,derived_ohlc4
HOSE_TPB,TPB,2022-11-01 09:00:00,1058,2,9.81,10.33,9.76,10.18,5884300,58960686.0,derived_ohlc4
HOSE_TPB,TPB,2022-11-02 09:00:00,1059,2,10.18,10.51,10.07,10.07,4002500,40855518.75,derived_ohlc4
HOSE_TPB,TPB,2022-11-03 09:00:00,1060,2,9.97,10.33,9.74,9.93,3799000,37961507.5,derived_ohlc4
HOSE_TPB,TPB,2022-11-04 09:00:00,1061,2,9.81,9.95,9.25,9.95,7373300,71815941.99999999,derived_ohlc4
HOSE_TPB,TPB,2022-11-07 09:00:00,1062,2,10.02,10.02,9.34,9.39,2521800,24442546.499999996,derived_ohlc4
HOSE_TPB,TPB,2022-11-08 09:00:00,1063,2,9.2,9.67,9.11,9.58,4238700,39801392.99999999,derived_ohlc4
HOSE_TPB,TPB,2022-11-09 09:00:00,1064,2,9.67,9.81,9.39,9.44,2799700,26814126.75,derived_ohlc4
HOSE_TPB,TPB,2022-11-10 09:00:00,1065,2,9.37,9.39,8.88,9.3,2993600,27645896.0,derived_ohlc4
HOSE_TPB,TPB,2022-11-11 09:00:00,1066,2,9.58,9.58,8.97,9.3,3738000,34978335.00000001,derived_ohlc4
HOSE_TPB,TPB,2022-11-14 09:00:00,1067,2,9.11,9.23,8.9,9.2,3212600,29266786.0,derived_ohlc4
HOSE_TPB,TPB,2022-11-15 09:00:00,1068,2,9.06,9.3,8.57,9.3,5346500,48425923.75000001,derived_ohlc4
HOSE_TPB,TPB,2022-11-16 09:00:00,1069,2,8.76,9.81,8.69,9.74,5537900,51225575.0,derived_ohlc4
HOSE_TPB,TPB,2022-11-17 09:00:00,1070,2,9.95,10.04,9.55,9.74,5229400,51352708.0,derived_ohlc4
HOSE_TPB,TPB,2022-11-18 09:00:00,1071,2,9.62,9.76,9.41,9.62,2041400,19602543.5,derived_ohlc4
HOSE_TPB,TPB,2022-11-21 09:00:00,1072,2,9.67,9.67,9.34,9.62,3199900,30639042.499999996,derived_ohlc4
HOSE_TPB,TPB,2022-11-22 09:00:00,1073,2,9.58,9.9,9.41,9.65,5489300,52889405.5,derived_ohlc4
HOSE_TPB,TPB,2022-11-23 09:00:00,1074,2,9.51,9.72,9.3,9.34,2889500,27356341.250000004,derived_ohlc4
HOSE_TPB,TPB,2022-11-24 09:00:00,1075,2,9.39,9.46,8.97,9.34,4812700,44709982.99999999,derived_ohlc4
HOSE_TPB,TPB,2022-11-25 09:00:00,1076,2,9.44,9.51,9.23,9.48,3035400,28578290.999999996,derived_ohlc4
HOSE_TPB,TPB,2022-11-28 09:00:00,1077,2,9.58,9.95,9.37,9.81,12703500,122938121.25,derived_ohlc4
HOSE_TPB,TPB,2022-11-29 09:00:00,1078,2,9.95,10.09,9.67,10.04,9286500,92284593.75,derived_ohlc4
HOSE_TPB,TPB,2022-11-30 09:00:00,1079,2,10.14,10.51,9.74,10.28,12992800,132104294.0,derived_ohlc4
HOSE_TPB,TPB,2022-12-01 09:00:00,1080,2,10.44,10.63,10.09,10.18,15159700,156675499.5,derived_ohlc4
HOSE_TPB,TPB,2022-12-02 09:00:00,1081,2,10.04,10.65,9.9,10.65,8249700,85054406.99999999,derived_ohlc4
HOSE_TPB,TPB,2022-12-05 09:00:00,1082,2,10.84,11.21,10.72,10.82,16149600,175990266.0,derived_ohlc4
HOSE_TPB,TPB,2022-12-06 09:00:00,1083,2,10.75,10.82,10.09,10.09,11606200,121139712.5,derived_ohlc4
HOSE_TPB,TPB,2022-12-07 09:00:00,1084,2,10.04,10.18,9.69,9.79,8893600,88268979.99999999,derived_ohlc4
HOSE_TPB,TPB,2022-12-08 09:00:00,1085,2,9.97,10.47,9.72,10.28,20798800,210275868.00000003,derived_ohlc4
HOSE_TPB,TPB,2022-12-09 09:00:00,1086,2,10.37,10.75,10.18,10.51,13274500,138751711.24999997,derived_ohlc4
HOSE_TPB,TPB,2022-12-12 09:00:00,1087,2,10.63,10.84,10.42,10.7,14481000,154186447.5,derived_ohlc4
HOSE_TPB,TPB,2022-12-13 09:00:00,1088,2,10.56,10.75,10.51,10.75,9694900,103177973.25,derived_ohlc4
HOSE_TPB,TPB,2022-12-14 09:00:00,1089,2,10.93,10.93,10.56,10.65,5662000,60965585.0,derived_ohlc4
HOSE_TPB,TPB,2022-12-15 09:00:00,1090,2,10.58,11.03,10.51,10.75,13100400,140403537.0,derived_ohlc4
HOSE_TPB,TPB,2022-12-16 09:00:00,1091,2,10.63,11.0,10.51,10.75,4769000,51135602.5,derived_ohlc4
HOSE_TPB,TPB,2022-12-19 09:00:00,1092,2,10.72,10.89,10.51,10.51,7144900,76146771.74999999,derived_ohlc4
HOSE_TPB,TPB,2022-12-20 09:00:00,1093,2,10.49,10.49,9.93,10.28,9974100,102708294.75,derived_ohlc4
HOSE_TPB,TPB,2022-12-21 09:00:00,1094,2,10.4,10.47,10.02,10.09,3513500,35995807.5,derived_ohlc4
HOSE_TPB,TPB,2022-12-22 09:00:00,1095,2,10.23,10.51,10.09,10.44,6223100,64206834.25000001,derived_ohlc4
HOSE_TPB,TPB,2022-12-23 09:00:00,1096,2,10.47,10.47,10.21,10.28,2280500,23620278.75,derived_ohlc4
HOSE_TPB,TPB,2022-12-26 09:00:00,1097,2,10.21,10.33,9.62,9.81,3117700,31153617.25,derived_ohlc4
HOSE_TPB,TPB,2022-12-27 09:00:00,1098,2,9.6,9.95,9.6,9.83,2796500,27251892.499999996,derived_ohlc4
HOSE_TPB,TPB,2022-12-28 09:00:00,1099,2,9.83,10.02,9.65,10.0,2828300,27929462.5,derived_ohlc4
HOSE_TPB,TPB,2022-12-29 09:00:00,1100,2,10.04,10.07,9.9,10.0,3162200,31629905.5,derived_ohlc4
HOSE_TPB,TPB,2022-12-30 09:00:00,1101,2,10.07,10.07,9.83,9.83,3246000,32297699.999999996,derived_ohlc4
HOSE_TPB,TPB,2023-01-03 09:00:00,1102,2,9.83,10.23,9.83,10.23,2332900,23398987.000000004,derived_ohlc4
HOSE_TPB,TPB,2023-01-04 09:00:00,1103,2,10.35,10.44,10.11,10.28,4383100,45124014.5,derived_ohlc4
HOSE_TPB,TPB,2023-01-05 09:00:00,1104,2,10.28,10.65,10.21,10.54,7503200,78183344.0,derived_ohlc4
HOSE_TPB,TPB,2023-01-06 09:00:00,1105,2,10.54,10.79,10.42,10.51,5805800,61338277.0,derived_ohlc4
HOSE_TPB,TPB,2023-01-09 09:00:00,1106,2,10.54,10.72,10.42,10.51,4156300,43838574.25,derived_ohlc4
HOSE_TPB,TPB,2023-01-10 09:00:00,1107,2,10.65,10.65,10.42,10.51,2904600,30665314.499999996,derived_ohlc4
HOSE_TPB,TPB,2023-01-11 09:00:00,1108,2,10.47,10.68,10.44,10.49,5229800,55017496.0,derived_ohlc4
HOSE_TPB,TPB,2023-01-12 09:00:00,1109,2,10.56,10.56,10.4,10.47,2066900,21697282.75,derived_ohlc4
HOSE_TPB,TPB,2023-01-13 09:00:00,1110,2,10.51,10.54,10.37,10.47,4920200,51526794.49999999,derived_ohlc4
HOSE_TPB,TPB,2023-01-16 09:00:00,1111,2,10.47,10.51,10.28,10.28,2962600,30766601.0,derived_ohlc4
HOSE_TPB,TPB,2023-01-17 09:00:00,1112,2,10.37,10.75,10.33,10.75,13155800,138793690.0,derived_ohlc4
HOSE_TPB,TPB,2023-01-18 09:00:00,1113,2,10.77,11.12,10.77,11.03,10092300,110233146.75,derived_ohlc4
HOSE_TPB,TPB,2023-01-19 09:00:00,1114,2,10.93,11.28,10.86,11.21,13448400,148873788.0,derived_ohlc4
HOSE_TPB,TPB,2023-01-27 09:00:00,1115,2,11.35,11.59,11.21,11.45,12821500,146165099.99999997,derived_ohlc4
HOSE_TPB,TPB,2023-01-30 09:00:00,1116,2,11.45,11.45,11.12,11.17,8372400,94587189.0,derived_ohlc4
HOSE_TPB,TPB,2023-01-31 09:00:00,1117,2,11.19,11.68,10.96,11.68,16661100,189561665.25,derived_ohlc4
HOSE_TPB,TPB,2023-02-01 09:00:00,1118,2,11.68,11.87,10.89,11.07,14496400,164932791.0,derived_ohlc4
HOSE_TPB,TPB,2023-02-02 09:00:00,1119,2,11.12,11.26,10.98,11.17,8033700,89435165.25,derived_ohlc4
HOSE_TPB,TPB,2023-02-03 09:00:00,1120,2,11.21,11.21,11.0,11.21,5938200,66255466.50000001,derived_ohlc4
HOSE_TPB,TPB,2023-02-06 09:00:00,1121,2,11.12,11.31,11.1,11.26,4563500,51099791.25,derived_ohlc4
HOSE_TPB,TPB,2023-02-07 09:00:00,1122,2,11.31,11.66,11.24,11.4,17624400,200962221.0,derived_ohlc4
HOSE_TPB,TPB,2023-02-08 09:00:00,1123,2,11.63,11.63,11.4,11.49,6007800,69314992.50000001,derived_ohlc4
HOSE_TPB,TPB,2023-02-09 09:00:00,1124,2,11.45,11.75,11.33,11.33,10387600,119093834.0,derived_ohlc4
HOSE_TPB,TPB,2023-02-10 09:00:00,1125,2,11.33,11.45,11.0,11.0,4093100,45822254.5,derived_ohlc4
HOSE_TPB,TPB,2023-02-13 09:00:00,1126,2,11.0,11.07,10.63,10.75,4326300,46994433.75,derived_ohlc4
HOSE_TPB,TPB,2023-02-14 09:00:00,1127,2,10.93,11.03,10.89,10.98,2689800,29473483.5,derived_ohlc4
HOSE_TPB,TPB,2023-02-15 09:00:00,1128,2,11.0,11.38,10.96,11.12,6781300,75374149.5,derived_ohlc4
HOSE_TPB,TPB,2023-02-16 09:00:00,1129,2,11.17,11.21,11.05,11.21,3654400,40783104.00000001,derived_ohlc4
HOSE_TPB,TPB,2023-02-17 09:00:00,1130,2,11.26,11.26,11.07,11.14,4451900,49783371.75000001,derived_ohlc4
HOSE_TPB,TPB,2023-02-20 09:00:00,1131,2,11.14,11.49,11.12,11.49,8701300,98411703.0,derived_ohlc4
HOSE_TPB,TPB,2023-02-21 09:00:00,1132,2,11.54,11.73,11.35,11.59,11404800,131753951.99999999,derived_ohlc4
HOSE_TPB,TPB,2023-02-22 09:00:00,1133,2,11.45,11.49,11.0,11.0,4053900,45545566.5,derived_ohlc4
HOSE_TPB,TPB,2023-02-23 09:00:00,1134,2,11.07,11.21,10.89,11.21,4538600,50355767.0,derived_ohlc4
HOSE_TPB,TPB,2023-02-24 09:00:00,1135,2,11.21,11.31,10.98,10.98,2352900,26164248.000000004,derived_ohlc4
HOSE_TPB,TPB,2023-02-27 09:00:00,1136,2,10.89,11.03,10.77,10.86,3119800,33966822.5,derived_ohlc4
HOSE_TPB,TPB,2023-02-28 09:00:00,1137,2,10.93,11.03,10.89,10.89,2093100,22888048.5,derived_ohlc4
HOSE_TPB,TPB,2023-03-01 09:00:00,1138,2,10.86,11.26,10.79,11.21,4259000,46976770.0,derived_ohlc4
HOSE_TPB,TPB,2023-03-02 09:00:00,1139,2,11.21,11.31,11.12,11.12,2696900,30178311.0,derived_ohlc4
HOSE_TPB,TPB,2023-03-03 09:00:00,1140,2,11.12,11.24,10.93,10.93,2869100,31717900.5,derived_ohlc4
HOSE_TPB,TPB,2023-03-06 09:00:00,1141,2,11.03,11.19,10.96,10.96,2322000,25623270.0,derived_ohlc4
HOSE_TPB,TPB,2023-03-07 09:00:00,1142,2,11.07,11.12,10.93,10.98,1778600,19609064.999999996,derived_ohlc4
HOSE_TPB,TPB,2023-03-08 09:00:00,1143,2,10.93,11.21,10.89,11.19,5405400,59756697.0,derived_ohlc4
HOSE_TPB,TPB,2023-03-09 09:00:00,1144,2,11.21,11.47,11.17,11.45,7712500,87344062.5,derived_ohlc4
HOSE_TPB,TPB,2023-03-10 09:00:00,1145,2,11.31,11.42,11.17,11.21,2711500,30578941.25,derived_ohlc4
HOSE_TPB,TPB,2023-03-13 09:00:00,1146,2,11.07,11.49,11.05,11.35,6635000,74577400.0,derived_ohlc4
HOSE_TPB,TPB,2023-03-14 09:00:00,1147,2,11.42,11.42,11.14,11.31,6715100,76031719.75000001,derived_ohlc4
HOSE_TPB,TPB,2023-03-15 09:00:00,1148,2,11.49,11.73,11.35,11.52,9040600,104170313.50000001,derived_ohlc4
HOSE_TPB,TPB,2023-03-16 09:00:00,1149,2,11.47,11.63,11.38,11.52,3007800,34589700.0,derived_ohlc4
HOSE_TPB,TPB,2023-03-17 09:00:00,1150,2,11.52,11.91,11.52,11.82,10696300,125066487.75000001,derived_ohlc4
HOSE_TPB,TPB,2023-03-20 09:00:00,1151,2,11.82,11.82,11.2,11.2,3893800,44817638.00000001,derived_ohlc4
HOSE_TPB,TPB,2023-03-21 09:00:00,1152,2,11.3,11.38,11.12,11.2,2205300,24809625.0,derived_ohlc4
HOSE_TPB,TPB,2023-03-22 09:00:00,1153,2,11.25,11.48,11.25,11.3,3281600,37147712.0,derived_ohlc4
HOSE_TPB,TPB,2023-03-23 09:00:00,1154,2,11.3,11.48,11.25,11.43,2586700,29397845.5,derived_ohlc4
HOSE_TPB,TPB,2023-03-24 09:00:00,1155,2,11.43,11.51,11.35,11.41,2492900,28481382.5,derived_ohlc4
HOSE_TPB,TPB,2023-03-27 09:00:00,1156,2,11.43,11.54,11.35,11.35,2416500,27590388.75,derived_ohlc4
HOSE_TPB,TPB,2023-03-28 09:00:00,1157,2,11.41,11.51,11.33,11.33,2007700,22877741.5,derived_ohlc4
HOSE_TPB,TPB,2023-03-29 09:00:00,1158,2,11.41,11.41,11.28,11.35,1440900,16372226.250000002,derived_ohlc4
HOSE_TPB,TPB,2023-03-30 09:00:00,1159,2,11.41,11.51,11.35,11.48,2720800,31119150.0,derived_ohlc4
HOSE_TPB,TPB,2023-03-31 09:00:00,1160,2,11.46,11.56,11.46,11.51,2386600,27439933.5,derived_ohlc4
HOSE_TPB,TPB,2023-04-03 09:00:00,1161,2,11.66,11.82,11.54,11.79,8217100,96160612.74999999,derived_ohlc4
HOSE_TPB,TPB,2023-04-04 09:00:00,1162,2,11.87,11.87,11.64,11.72,3619400,42618434.99999999,derived_ohlc4
HOSE_TPB,TPB,2023-04-05 09:00:00,1163,2,11.74,11.79,11.56,11.77,5448700,63831520.5,derived_ohlc4
HOSE_TPB,TPB,2023-04-06 09:00:00,1164,2,11.77,12.11,11.72,11.98,10310100,122638639.5,derived_ohlc4
HOSE_TPB,TPB,2023-04-07 09:00:00,1165,2,11.87,12.08,11.85,11.98,4469000,53382205.0,derived_ohlc4
HOSE_TPB,TPB,2023-04-10 09:00:00,1166,2,12.08,12.18,11.82,11.98,7616400,91511046.0,derived_ohlc4
HOSE_TPB,TPB,2023-04-11 09:00:00,1167,2,11.9,12.05,11.74,11.98,2703300,32216577.75,derived_ohlc4
HOSE_TPB,TPB,2023-04-12 09:00:00,1168,2,11.98,12.08,11.87,11.98,3844200,46043905.5,derived_ohlc4
HOSE_TPB,TPB,2023-04-13 09:00:00,1169,2,12.13,12.13,11.98,12.03,2530900,30541635.750000004,derived_ohlc4
HOSE_TPB,TPB,2023-04-14 09:00:00,1170,2,12.03,12.34,12.03,12.03,7235100,87598973.25,derived_ohlc4
HOSE_TPB,TPB,2023-04-17 09:00:00,1171,2,12.03,12.03,11.82,11.92,1630000,19478500.0,derived_ohlc4
HOSE_TPB,TPB,2023-04-18 09:00:00,1172,2,11.82,12.08,11.72,11.82,1700400,20166744.0,derived_ohlc4
HOSE_TPB,TPB,2023-04-19 09:00:00,1173,2,11.82,11.92,11.59,11.59,1858000,21794340.0,derived_ohlc4
HOSE_TPB,TPB,2023-04-20 09:00:00,1174,2,11.59,11.72,11.54,11.61,951600,11052834.0,derived_ohlc4
HOSE_TPB,TPB,2023-04-21 09:00:00,1175,2,11.61,11.95,11.61,11.69,2604800,30515232.0,derived_ohlc4
HOSE_TPB,TPB,2023-04-24 09:00:00,1176,2,11.66,11.95,11.66,11.85,4773400,56230652.0,derived_ohlc4
HOSE_TPB,TPB,2023-04-25 09:00:00,1177,2,11.85,11.87,11.72,11.79,1385200,16355748.999999998,derived_ohlc4
HOSE_TPB,TPB,2023-04-26 09:00:00,1178,2,11.74,12.0,11.66,11.92,4375100,51757433.00000001,derived_ohlc4
HOSE_TPB,TPB,2023-04-27 09:00:00,1179,2,11.98,12.05,11.9,11.95,1874500,22437764.999999996,derived_ohlc4
HOSE_TPB,TPB,2023-04-28 09:00:00,1180,2,11.95,12.34,11.92,12.34,8037300,97552728.75,derived_ohlc4
HOSE_TPB,TPB,2023-05-04 09:00:00,1181,2,12.34,12.34,12.16,12.23,1873800,22986841.500000004,derived_ohlc4
HOSE_TPB,TPB,2023-05-05 09:00:00,1182,2,12.18,12.29,11.95,12.11,2076700,25195562.75,derived_ohlc4
HOSE_TPB,TPB,2023-05-08 09:00:00,1183,2,12.08,12.21,11.95,12.05,2833900,34212257.74999999,derived_ohlc4
HOSE_TPB,TPB,2023-05-09 09:00:00,1184,2,12.05,12.29,12.05,12.21,3221000,39135150.0,derived_ohlc4
HOSE_TPB,TPB,2023-05-10 09:00:00,1185,2,12.23,12.39,12.08,12.31,4225700,51775389.25000001,derived_ohlc4
HOSE_TPB,TPB,2023-05-11 09:00:00,1186,2,12.34,12.36,12.13,12.23,1383100,16963721.5,derived_ohlc4
HOSE_TPB,TPB,2023-05-12 09:00:00,1187,2,12.26,12.26,12.11,12.21,1785000,21794850.0,derived_ohlc4
HOSE_TPB,TPB,2023-05-15 09:00:00,1188,2,12.23,12.55,12.18,12.39,10104400,124663035.0,derived_ohlc4
HOSE_TPB,TPB,2023-05-16 09:00:00,1189,2,12.39,12.42,12.23,12.36,1726700,21324745.000000004,derived_ohlc4
HOSE_TPB,TPB,2023-05-17 09:00:00,1190,2,12.39,12.42,12.05,12.05,1959500,23959786.25,derived_ohlc4
HOSE_TPB,TPB,2023-05-18 09:00:00,1191,2,12.08,12.29,12.08,12.13,1265800,15373141.0,derived_ohlc4
HOSE_TPB,TPB,2023-05-19 09:00:00,1192,2,12.23,12.23,12.03,12.16,1117100,13586728.750000002,derived_ohlc4
HOSE_TPB,TPB,2023-05-22 09:00:00,1193,2,12.36,12.44,12.18,12.34,4990900,61537796.99999999,derived_ohlc4
HOSE_TPB,TPB,2023-05-23 09:00:00,1194,2,12.29,12.49,12.29,12.29,4100800,50603872.0,derived_ohlc4
HOSE_TPB,TPB,2023-05-24 09:00:00,1195,2,12.39,12.42,12.18,12.18,1902400,23385252.0,derived_ohlc4
HOSE_TPB,TPB,2023-05-25 09:00:00,1196,2,12.23,12.29,12.08,12.13,987500,12030218.750000002,derived_ohlc4
HOSE_TPB,TPB,2023-05-26 09:00:00,1197,2,12.29,12.29,12.13,12.26,1359200,16640006.0,derived_ohlc4
HOSE_TPB,TPB,2023-05-29 09:00:00,1198,2,12.42,12.68,12.29,12.6,6814100,85159214.75,derived_ohlc4
HOSE_TPB,TPB,2023-05-30 09:00:00,1199,2,12.73,12.73,12.39,12.49,2890900,36381976.5,derived_ohlc4
HOSE_TPB,TPB,2023-05-31 09:00:00,1200,2,12.68,13.06,12.57,12.96,11085500,142088396.25,derived_ohlc4
HOSE_TPB,TPB,2023-06-01 09:00:00,1201,2,13.12,13.56,12.96,13.56,13565100,180415830.0,derived_ohlc4
HOSE_TPB,TPB,2023-06-02 09:00:00,1202,2,13.35,13.92,13.35,13.63,12079200,163824150.0,derived_ohlc4
HOSE_TPB,TPB,2023-06-05 09:00:00,1203,2,14.26,14.26,13.48,13.53,9601600,133294212.0,derived_ohlc4
HOSE_TPB,TPB,2023-06-06 09:00:00,1204,2,13.53,13.66,13.25,13.38,10016600,134773353.0,derived_ohlc4
HOSE_TPB,TPB,2023-06-07 09:00:00,1205,2,13.48,13.66,13.35,13.61,9305100,125851477.5,derived_ohlc4
HOSE_TPB,TPB,2023-06-08 09:00:00,1206,2,13.66,13.66,13.27,13.27,7731800,104108687.0,derived_ohlc4
HOSE_TPB,TPB,2023-06-09 09:00:00,1207,2,13.49,13.7,13.34,13.45,7729200,104305554.00000001,derived_ohlc4
HOSE_TPB,TPB,2023-06-12 09:00:00,1208,2,13.52,13.52,13.16,13.27,2665800,35635081.5,derived_ohlc4
HOSE_TPB,TPB,2023-06-13 09:00:00,1209,2,13.34,13.34,13.09,13.09,3059200,40427328.0,derived_ohlc4
HOSE_TPB,TPB,2023-06-14 09:00:00,1210,2,13.13,13.31,13.09,13.09,3719300,48927391.50000001,derived_ohlc4
HOSE_TPB,TPB,2023-06-15 09:00:00,1211,2,13.13,13.13,13.02,13.09,2761300,36152320.25,derived_ohlc4
HOSE_TPB,TPB,2023-06-16 09:00:00,1212,2,13.09,13.27,13.09,13.13,4859900,63883385.50000001,derived_ohlc4
HOSE_TPB,TPB,2023-06-19 09:00:00,1213,2,13.16,13.2,13.06,13.2,1542700,20294218.5,derived_ohlc4
HOSE_TPB,TPB,2023-06-20 09:00:00,1214,2,13.2,13.24,13.09,13.16,2285700,30108383.25,derived_ohlc4
HOSE_TPB,TPB,2023-06-21 09:00:00,1215,2,13.2,13.27,13.16,13.27,4232500,55974812.49999999,derived_ohlc4
HOSE_TPB,TPB,2023-06-22 09:00:00,1216,2,13.42,13.52,13.27,13.27,5292600,70762061.99999999,derived_ohlc4
HOSE_TPB,TPB,2023-06-23 09:00:00,1217,2,13.31,13.45,13.24,13.34,6148700,81992914.5,derived_ohlc4
HOSE_TPB,TPB,2023-06-26 09:00:00,1218,2,13.38,13.45,13.16,13.31,3352300,44669397.5,derived_ohlc4
HOSE_TPB,TPB,2023-06-27 09:00:00,1219,2,13.31,13.34,13.16,13.27,2754100,36546907.0,derived_ohlc4
HOSE_TPB,TPB,2023-06-28 09:00:00,1220,2,13.27,13.31,13.2,13.31,3332900,44235915.25,derived_ohlc4
HOSE_TPB,TPB,2023-06-29 09:00:00,1221,2,13.34,13.34,13.06,13.06,3935500,51948600.00000001,derived_ohlc4
HOSE_TPB,TPB,2023-06-30 09:00:00,1222,2,13.06,13.09,12.98,12.98,2644200,34447315.5,derived_ohlc4
HOSE_TPB,TPB,2023-07-03 09:00:00,1223,2,13.16,13.16,13.02,13.09,2903600,38058937.00000001,derived_ohlc4
HOSE_TPB,TPB,2023-07-04 09:00:00,1224,2,13.13,13.16,13.06,13.09,1808300,23706813.0,derived_ohlc4
HOSE_TPB,TPB,2023-07-05 09:00:00,1225,2,13.13,13.16,13.06,13.06,3935100,51559647.75,derived_ohlc4
HOSE_TPB,TPB,2023-07-06 09:00:00,1226,2,13.06,13.13,12.98,13.13,4455200,58251740.00000001,derived_ohlc4
HOSE_TPB,TPB,2023-07-07 09:00:00,1227,2,13.02,13.13,12.95,13.02,4757800,61994133.999999985,derived_ohlc4
HOSE_TPB,TPB,2023-07-10 09:00:00,1228,2,13.06,13.16,12.98,13.13,5894900,77120029.25000001,derived_ohlc4
HOSE_TPB,TPB,2023-07-11 09:00:00,1229,2,13.2,13.42,13.13,13.2,8860800,117294840.0,derived_ohlc4
HOSE_TPB,TPB,2023-07-12 09:00:00,1230,2,13.27,13.27,13.09,13.09,3904900,51466582.0,derived_ohlc4
HOSE_TPB,TPB,2023-07-13 09:00:00,1231,2,13.13,13.2,13.06,13.16,4690600,61622757.5,derived_ohlc4
HOSE_TPB,TPB,2023-07-14 09:00:00,1232,2,13.16,13.2,13.02,13.09,3857600,50602068.0,derived_ohlc4
HOSE_TPB,TPB,2023-07-17 09:00:00,1233,2,13.09,13.16,13.06,13.16,4226300,55438490.25,derived_ohlc4
HOSE_TPB,TPB,2023-07-18 09:00:00,1234,2,13.16,13.67,13.13,13.67,24802600,332540859.5,derived_ohlc4
HOSE_TPB,TPB,2023-07-19 09:00:00,1235,2,13.7,13.78,13.45,13.49,9348200,127182260.99999999,derived_ohlc4
HOSE_TPB,TPB,2023-07-20 09:00:00,1236,2,13.49,13.56,13.27,13.56,11167500,150426225.0,derived_ohlc4
HOSE_TPB,TPB,2023-07-21 09:00:00,1237,2,13.49,13.67,13.42,13.52,9105000,123145124.99999999,derived_ohlc4
HOSE_TPB,TPB,2023-07-24 09:00:00,1238,2,13.49,13.56,13.31,13.45,7040500,94712326.25,derived_ohlc4
HOSE_TPB,TPB,2023-07-25 09:00:00,1239,2,13.45,13.88,13.42,13.7,13353600,181775880.0,derived_ohlc4
HOSE_TPB,TPB,2023-07-26 09:00:00,1240,2,13.7,13.7,13.49,13.56,6632400,90283545.0,derived_ohlc4
HOSE_TPB,TPB,2023-07-27 09:00:00,1241,2,13.56,13.6,13.27,13.38,6659700,89589614.25,derived_ohlc4
HOSE_TPB,TPB,2023-07-28 09:00:00,1242,2,13.34,13.56,13.31,13.49,7177700,96360622.5,derived_ohlc4
HOSE_TPB,TPB,2023-07-31 09:00:00,1243,2,13.45,13.6,13.42,13.52,5197200,70149207.0,derived_ohlc4
HOSE_TPB,TPB,2023-08-01 09:00:00,1244,2,13.56,13.88,13.52,13.56,14475300,197298339.0,derived_ohlc4
HOSE_TPB,TPB,2023-08-02 09:00:00,1245,2,13.52,13.7,13.49,13.63,6633500,90116097.5,derived_ohlc4
HOSE_TPB,TPB,2023-08-03 09:00:00,1246,2,13.63,13.7,13.27,13.31,6907200,93091788.0,derived_ohlc4
HOSE_TPB,TPB,2023-08-04 09:00:00,1247,2,13.42,13.7,13.31,13.67,12267000,165911175.0,derived_ohlc4
HOSE_TPB,TPB,2023-08-07 09:00:00,1248,2,13.7,14.03,13.67,13.92,17746100,245428563.0,derived_ohlc4
HOSE_TPB,TPB,2023-08-08 09:00:00,1249,2,13.99,13.99,13.67,13.7,6314100,87371358.74999999,derived_ohlc4
HOSE_TPB,TPB,2023-08-09 09:00:00,1250,2,13.74,13.78,13.52,13.6,5495600,75069896.0,derived_ohlc4
HOSE_TPB,TPB,2023-08-10 09:00:00,1251,2,13.6,13.63,13.31,13.34,5798400,78104448.0,derived_ohlc4
HOSE_TPB,TPB,2023-08-11 09:00:00,1252,2,13.38,13.45,13.16,13.45,5338000,71315680.0,derived_ohlc4
HOSE_TPB,TPB,2023-08-14 09:00:00,1253,2,13.45,13.49,13.34,13.45,5485400,73682635.5,derived_ohlc4
HOSE_TPB,TPB,2023-08-15 09:00:00,1254,2,13.49,13.81,13.38,13.7,12072000,164118840.0,derived_ohlc4
HOSE_TPB,TPB,2023-08-16 09:00:00,1255,2,13.7,13.81,13.56,13.78,8494700,116483573.75,derived_ohlc4
HOSE_TPB,TPB,2023-08-17 09:00:00,1256,2,13.78,13.81,13.56,13.6,5848800,80055450.0,derived_ohlc4
HOSE_TPB,TPB,2023-08-18 09:00:00,1257,2,13.52,13.56,12.98,13.06,11563300,153560624.0,derived_ohlc4
HOSE_TPB,TPB,2023-08-21 09:00:00,1258,2,13.2,13.42,13.02,13.34,8195100,108544099.50000001,derived_ohlc4
HOSE_TPB,TPB,2023-08-22 09:00:00,1259,2,13.27,13.42,13.13,13.38,4103300,54573890.0,derived_ohlc4
HOSE_TPB,TPB,2023-08-23 09:00:00,1260,2,13.45,13.45,13.24,13.34,5560400,74342548.0,derived_ohlc4
HOSE_TPB,TPB,2023-08-24 09:00:00,1261,2,13.34,13.63,13.24,13.56,10067900,135337745.75,derived_ohlc4
HOSE_TPB,TPB,2023-08-25 09:00:00,1262,2,13.49,13.6,13.42,13.6,3737000,50552267.5,derived_ohlc4
HOSE_TPB,TPB,2023-08-28 09:00:00,1263,2,13.67,13.74,13.56,13.7,7206500,98494838.75,derived_ohlc4
HOSE_TPB,TPB,2023-08-29 09:00:00,1264,2,13.7,13.78,13.6,13.7,6935300,94978933.5,derived_ohlc4
HOSE_TPB,TPB,2023-08-30 09:00:00,1265,2,13.7,14.1,13.7,14.1,21992900,305701310.0,derived_ohlc4
HOSE_TPB,TPB,2023-08-31 09:00:00,1266,2,14.17,14.21,13.96,14.14,5939500,83865740.0,derived_ohlc4
HOSE_TPB,TPB,2023-09-05 09:00:00,1267,2,14.21,14.32,14.14,14.17,9227200,131118512.00000001,derived_ohlc4
HOSE_TPB,TPB,2023-09-06 09:00:00,1268,2,14.17,14.25,13.81,14.25,11948100,168707172.0,derived_ohlc4
HOSE_TPB,TPB,2023-09-07 09:00:00,1269,2,14.28,14.5,14.1,14.17,16379000,233605487.50000003,derived_ohlc4
HOSE_TPB,TPB,2023-09-08 09:00:00,1270,2,14.17,14.21,13.99,13.99,6024300,84882387.00000001,derived_ohlc4
HOSE_TPB,TPB,2023-09-11 09:00:00,1271,2,14.07,14.14,13.63,13.67,10189800,141408949.5,derived_ohlc4
HOSE_TPB,TPB,2023-09-12 09:00:00,1272,2,13.67,13.85,13.56,13.85,9025800,123946798.5,derived_ohlc4
HOSE_TPB,TPB,2023-09-13 09:00:00,1273,2,13.88,13.96,13.67,13.88,5524300,76497744.25000001,derived_ohlc4
HOSE_TPB,TPB,2023-09-14 09:00:00,1274,2,13.88,14.07,13.7,13.7,5652300,78213701.25000001,derived_ohlc4
HOSE_TPB,TPB,2023-09-15 09:00:00,1275,2,13.85,13.92,13.74,13.85,4832500,66881800.0,derived_ohlc4
HOSE_TPB,TPB,2023-09-18 09:00:00,1276,2,13.85,13.85,13.56,13.67,5313200,72963519.0,derived_ohlc4
HOSE_TPB,TPB,2023-09-19 09:00:00,1277,2,13.56,13.78,13.52,13.74,6063000,82759950.0,derived_ohlc4
HOSE_TPB,TPB,2023-09-20 09:00:00,1278,2,13.67,14.14,13.6,14.07,14284100,198120467.0,derived_ohlc4
HOSE_TPB,TPB,2023-09-21 09:00:00,1279,2,14.07,14.1,13.74,13.74,5544300,77135073.75000001,derived_ohlc4
HOSE_TPB,TPB,2023-09-22 09:00:00,1280,2,13.6,13.67,13.24,13.38,8917400,120139671.5,derived_ohlc4
HOSE_TPB,TPB,2023-09-25 09:00:00,1281,2,13.38,13.49,12.98,12.98,6148800,81210276.0,derived_ohlc4
HOSE_TPB,TPB,2023-09-26 09:00:00,1282,2,12.98,13.16,12.77,12.77,7202100,93051131.99999999,derived_ohlc4
HOSE_TPB,TPB,2023-09-27 09:00:00,1283,2,12.77,12.88,12.55,12.84,5750800,73380208.00000001,derived_ohlc4
HOSE_TPB,TPB,2023-09-28 09:00:00,1284,2,12.84,13.06,12.44,13.02,6388200,82024488.0,derived_ohlc4
HOSE_TPB,TPB,2023-09-29 09:00:00,1285,2,13.02,13.06,12.84,12.88,3984200,51595390.00000001,derived_ohlc4
HOSE_TPB,TPB,2023-10-02 09:00:00,1286,2,12.88,12.91,12.62,12.62,4168100,53174535.74999999,derived_ohlc4
HOSE_TPB,TPB,2023-10-03 09:00:00,1287,2,12.55,12.55,12.05,12.05,7810600,96070380.0,derived_ohlc4
HOSE_TPB,TPB,2023-10-04 09:00:00,1288,2,11.9,12.26,11.9,11.97,3541500,42524561.25,derived_ohlc4
HOSE_TPB,TPB,2023-10-05 09:00:00,1289,2,12.19,12.19,11.9,11.94,3336200,40217891.0,derived_ohlc4
HOSE_TPB,TPB,2023-10-06 09:00:00,1290,2,11.94,12.15,11.9,12.12,4441500,53420141.25,derived_ohlc4
HOSE_TPB,TPB,2023-10-09 09:00:00,1291,2,12.12,12.3,12.05,12.15,4907100,59645800.5,derived_ohlc4
HOSE_TPB,TPB,2023-10-10 09:00:00,1292,2,12.26,12.26,12.08,12.08,4293100,52247027.0,derived_ohlc4
HOSE_TPB,TPB,2023-10-11 09:00:00,1293,2,12.12,12.15,12.01,12.08,3217900,38904411.0,derived_ohlc4
HOSE_TPB,TPB,2023-10-12 09:00:00,1294,2,12.15,12.41,12.08,12.41,5222800,64044585.0,derived_ohlc4
HOSE_TPB,TPB,2023-10-13 09:00:00,1295,2,12.26,12.51,12.23,12.44,7508500,92805060.0,derived_ohlc4
HOSE_TPB,TPB,2023-10-16 09:00:00,1296,2,12.41,12.41,12.08,12.12,4724900,57903649.49999999,derived_ohlc4
HOSE_TPB,TPB,2023-10-17 09:00:00,1297,2,12.12,12.23,11.9,11.9,3429200,41278995.0,derived_ohlc4
HOSE_TPB,TPB,2023-10-18 09:00:00,1298,2,11.94,11.97,11.5,11.72,5437800,64070878.49999999,derived_ohlc4
HOSE_TPB,TPB,2023-10-19 09:00:00,1299,2,11.72,11.76,11.58,11.65,2472900,28877289.75,derived_ohlc4
HOSE_TPB,TPB,2023-10-20 09:00:00,1300,2,11.61,11.94,11.61,11.9,2685900,31599613.499999996,derived_ohlc4
HOSE_TPB,TPB,2023-10-23 09:00:00,1301,2,11.9,12.08,11.79,11.87,4555200,54252431.99999999,derived_ohlc4
HOSE_TPB,TPB,2023-10-24 09:00:00,1302,2,11.9,12.15,11.87,12.12,4260800,51172208.0,derived_ohlc4
HOSE_TPB,TPB,2023-10-25 09:00:00,1303,2,12.12,12.19,11.97,12.08,4184700,50593023.0,derived_ohlc4
HOSE_TPB,TPB,2023-10-26 09:00:00,1304,2,11.83,11.97,11.29,11.54,6938900,80890226.75,derived_ohlc4
HOSE_TPB,TPB,2023-10-27 09:00:00,1305,2,11.54,11.76,11.47,11.68,2254000,26174574.999999996,derived_ohlc4
HOSE_TPB,TPB,2023-10-30 09:00:00,1306,2,11.68,11.79,11.54,11.54,4288500,49907418.75,derived_ohlc4
HOSE_TPB,TPB,2023-10-31 09:00:00,1307,2,11.61,11.61,11.4,11.4,2935200,33769476.0,derived_ohlc4
HOSE_TPB,TPB,2023-11-01 09:00:00,1308,2,11.5,11.5,11.25,11.4,3183400,36330552.5,derived_ohlc4
HOSE_TPB,TPB,2023-11-02 09:00:00,1309,2,11.58,12.05,11.58,11.83,7603800,89420688.0,derived_ohlc4
HOSE_TPB,TPB,2023-11-03 09:00:00,1310,2,11.97,12.01,11.58,11.58,5735600,67594046.0,derived_ohlc4
HOSE_TPB,TPB,2023-11-06 09:00:00,1311,2,11.87,12.08,11.68,11.97,4380500,52127949.99999999,derived_ohlc4
HOSE_TPB,TPB,2023-11-07 09:00:00,1312,2,11.9,12.08,11.87,11.94,3707700,44297745.75,derived_ohlc4
HOSE_TPB,TPB,2023-11-08 09:00:00,1313,2,11.94,12.62,11.9,12.44,8610200,105259695.0,derived_ohlc4
HOSE_TPB,TPB,2023-11-09 09:00:00,1314,2,12.51,12.59,12.3,12.33,5483600,68174857.0,derived_ohlc4
HOSE_TPB,TPB,2023-11-10 09:00:00,1315,2,12.26,12.48,12.19,12.26,5916200,72754469.5,derived_ohlc4
HOSE_TPB,TPB,2023-11-13 09:00:00,1316,2,12.26,12.44,12.19,12.44,4233300,52207172.25,derived_ohlc4
HOSE_TPB,TPB,2023-11-14 09:00:00,1317,2,12.62,12.88,12.44,12.55,12503700,157827953.24999997,derived_ohlc4
HOSE_TPB,TPB,2023-11-15 09:00:00,1318,2,12.59,12.91,12.55,12.77,9714000,123416369.99999999,derived_ohlc4
HOSE_TPB,TPB,2023-11-16 09:00:00,1319,2,12.69,12.69,12.44,12.62,5219100,65812851.0,derived_ohlc4
HOSE_TPB,TPB,2023-11-17 09:00:00,1320,2,12.62,12.73,12.19,12.26,7432100,92529645.0,derived_ohlc4
HOSE_TPB,TPB,2023-11-20 09:00:00,1321,2,12.05,12.55,12.01,12.41,4721200,57858305.99999999,derived_ohlc4
HOSE_TPB,TPB,2023-11-21 09:00:00,1322,2,12.41,12.55,12.26,12.3,2615500,32379889.999999996,derived_ohlc4
HOSE_TPB,TPB,2023-11-22 09:00:00,1323,2,12.3,12.41,12.26,12.33,2304200,28399265.0,derived_ohlc4
HOSE_TPB,TPB,2023-11-23 09:00:00,1324,2,12.41,12.55,12.26,12.26,6954700,86029639.0,derived_ohlc4
HOSE_TPB,TPB,2023-11-24 09:00:00,1325,2,12.3,12.3,12.08,12.26,3548100,43411003.5,derived_ohlc4
HOSE_TPB,TPB,2023-11-27 09:00:00,1326,2,12.23,12.26,12.01,12.01,3113700,37761396.75,derived_ohlc4
HOSE_TPB,TPB,2023-11-28 09:00:00,1327,2,12.01,12.15,11.9,12.08,2505600,30154896.0,derived_ohlc4
HOSE_TPB,TPB,2023-11-29 09:00:00,1328,2,12.08,12.23,12.05,12.15,2466900,29917329.75,derived_ohlc4
HOSE_TPB,TPB,2023-11-30 09:00:00,1329,2,12.08,12.33,12.08,12.26,8676600,105746062.5,derived_ohlc4
HOSE_TPB,TPB,2023-12-01 09:00:00,1330,2,12.3,12.37,12.15,12.33,9186800,112882805.0,derived_ohlc4
HOSE_TPB,TPB,2023-12-04 09:00:00,1331,2,12.37,12.59,12.33,12.41,11159100,138651817.5,derived_ohlc4
HOSE_TPB,TPB,2023-12-05 09:00:00,1332,2,12.44,12.44,12.3,12.3,4489600,55536352.00000001,derived_ohlc4
HOSE_TPB,TPB,2023-12-06 09:00:00,1333,2,12.33,12.69,12.3,12.59,14002600,174717441.5,derived_ohlc4
HOSE_TPB,TPB,2023-12-07 09:00:00,1334,2,12.62,12.69,12.44,12.66,15077100,190009152.75,derived_ohlc4
HOSE_TPB,TPB,2023-12-08 09:00:00,1335,2,12.62,12.77,12.55,12.59,4736000,59827520.0,derived_ohlc4
HOSE_TPB,TPB,2023-12-11 09:00:00,1336,2,12.59,12.66,12.51,12.51,4330200,54419788.49999999,derived_ohlc4
HOSE_TPB,TPB,2023-12-12 09:00:00,1337,2,12.55,12.59,12.44,12.51,2415200,30244341.999999996,derived_ohlc4
HOSE_TPB,TPB,2023-12-13 09:00:00,1338,2,12.55,12.55,12.26,12.26,3334000,41358270.0,derived_ohlc4
HOSE_TPB,TPB,2023-12-14 09:00:00,1339,2,12.33,12.41,12.15,12.19,3328300,40838241.0,derived_ohlc4
HOSE_TPB,TPB,2023-12-15 09:00:00,1340,2,12.26,12.3,12.15,12.23,3379900,41353076.5,derived_ohlc4
HOSE_TPB,TPB,2023-12-18 09:00:00,1341,2,12.19,12.26,12.08,12.19,3076300,37469334.0,derived_ohlc4
HOSE_TPB,TPB,2023-12-19 09:00:00,1342,2,12.12,12.26,12.08,12.26,2428400,29577912.0,derived_ohlc4
HOSE_TPB,TPB,2023-12-20 09:00:00,1343,2,12.19,12.26,12.15,12.19,2824600,34453058.5,derived_ohlc4
HOSE_TPB,TPB,2023-12-21 09:00:00,1344,2,12.19,12.19,12.05,12.19,2096800,25486604.0,derived_ohlc4
HOSE_TPB,TPB,2023-12-22 09:00:00,1345,2,12.19,12.23,12.08,12.19,2372900,28884125.25,derived_ohlc4
HOSE_TPB,TPB,2023-12-25 09:00:00,1346,2,12.19,12.33,12.19,12.3,2546800,31204667.000000004,derived_ohlc4
HOSE_TPB,TPB,2023-12-26 09:00:00,1347,2,12.33,12.33,12.23,12.26,2029300,24935023.75,derived_ohlc4
HOSE_TPB,TPB,2023-12-27 09:00:00,1348,2,12.26,12.51,12.26,12.51,5355700,66330344.5,derived_ohlc4
HOSE_TPB,TPB,2023-12-28 09:00:00,1349,2,12.48,12.51,12.37,12.48,3898200,48571572.0,derived_ohlc4
HOSE_TPB,TPB,2023-12-29 09:00:00,1350,2,12.55,12.59,12.44,12.55,3046800,38184021.0,derived_ohlc4
HOSE_TPB,TPB,2024-01-02 09:00:00,1351,2,12.59,12.62,12.44,12.48,6970700,87360297.74999999,derived_ohlc4
HOSE_TPB,TPB,2024-01-03 09:00:00,1352,2,12.44,12.59,12.33,12.59,7154500,89341818.75,derived_ohlc4
HOSE_TPB,TPB,2024-01-04 09:00:00,1353,2,12.62,13.13,12.55,12.91,30598000,391730894.99999994,derived_ohlc4
HOSE_TPB,TPB,2024-01-05 09:00:00,1354,2,12.91,13.09,12.8,12.98,11024500,142712152.5,derived_ohlc4
HOSE_TPB,TPB,2024-01-08 09:00:00,1355,2,13.13,13.13,12.84,12.95,10132200,131845252.5,derived_ohlc4
HOSE_TPB,TPB,2024-01-09 09:00:00,1356,2,12.98,13.02,12.77,12.8,10503800,135420241.49999997,derived_ohlc4
HOSE_TPB,TPB,2024-01-10 09:00:00,1357,2,12.84,13.42,12.8,13.34,24216600,317237460.00000006,derived_ohlc4
HOSE_TPB,TPB,2024-01-11 09:00:00,1358,2,13.34,13.7,13.24,13.34,18114600,242826213.00000003,derived_ohlc4
HOSE_TPB,TPB,2024-01-12 09:00:00,1359,2,13.24,13.56,13.09,13.38,18899600,251695423.0,derived_ohlc4
HOSE_TPB,TPB,2024-01-15 09:00:00,1360,2,13.52,13.56,13.2,13.2,6963100,93096647.0,derived_ohlc4
HOSE_TPB,TPB,2024-01-16 09:00:00,1361,2,13.13,13.42,13.13,13.42,9333300,123899557.5,derived_ohlc4
HOSE_TPB,TPB,2024-01-17 09:00:00,1362,2,13.38,13.49,13.24,13.24,7453000,99404387.5,derived_ohlc4
HOSE_TPB,TPB,2024-01-18 09:00:00,1363,2,13.24,13.31,13.13,13.31,5369000,71125827.5,derived_ohlc4
HOSE_TPB,TPB,2024-01-19 09:00:00,1364,2,13.31,13.45,13.27,13.42,5649500,75491443.75,derived_ohlc4
HOSE_TPB,TPB,2024-01-22 09:00:00,1365,2,13.42,13.49,13.31,13.45,8796900,118032405.75,derived_ohlc4
HOSE_TPB,TPB,2024-01-23 09:00:00,1366,2,13.45,13.56,13.34,13.42,9420200,126631038.49999999,derived_ohlc4
HOSE_TPB,TPB,2024-01-24 09:00:00,1367,2,13.38,13.38,13.16,13.2,9177000,121870560.00000001,derived_ohlc4
HOSE_TPB,TPB,2024-01-25 09:00:00,1368,2,13.2,13.2,13.09,13.09,5630100,74007664.5,derived_ohlc4
HOSE_TPB,TPB,2024-01-26 09:00:00,1369,2,13.13,13.34,13.09,13.2,3898400,51419896.00000001,derived_ohlc4
HOSE_TPB,TPB,2024-01-29 09:00:00,1370,2,13.2,13.27,13.09,13.09,2947500,38796468.75000001,derived_ohlc4
HOSE_TPB,TPB,2024-01-30 09:00:00,1371,2,13.09,13.31,13.09,13.2,7021600,92492026.0,derived_ohlc4
HOSE_TPB,TPB,2024-01-31 09:00:00,1372,2,13.31,13.31,12.84,12.88,8855600,115875526.00000001,derived_ohlc4
HOSE_TPB,TPB,2024-02-01 09:00:00,1373,2,12.88,13.02,12.84,12.88,5055900,65246389.5,derived_ohlc4
HOSE_TPB,TPB,2024-02-02 09:00:00,1374,2,12.91,12.95,12.62,12.62,9172100,117173577.49999999,derived_ohlc4
HOSE_TPB,TPB,2024-02-05 09:00:00,1375,2,12.62,13.16,12.62,13.09,18712100,240871507.24999997,derived_ohlc4
HOSE_TPB,TPB,2024-02-06 09:00:00,1376,2,13.16,13.24,13.06,13.06,9956100,130723593.00000001,derived_ohlc4
HOSE_TPB,TPB,2024-02-07 09:00:00,1377,2,13.06,13.42,13.06,13.34,14675200,194006143.99999997,derived_ohlc4
HOSE_TPB,TPB,2024-02-15 09:00:00,1378,2,13.45,13.81,13.42,13.6,25897300,351426361.0,derived_ohlc4
HOSE_TPB,TPB,2024-02-16 09:00:00,1379,2,13.63,13.74,13.56,13.63,14361000,195884040.0,derived_ohlc4
HOSE_TPB,TPB,2024-02-19 09:00:00,1380,2,13.63,13.67,13.45,13.56,8778700,119192799.25,derived_ohlc4
HOSE_TPB,TPB,2024-02-20 09:00:00,1381,2,13.52,13.6,13.45,13.52,9312600,125929633.49999997,derived_ohlc4
HOSE_TPB,TPB,2024-02-21 09:00:00,1382,2,13.52,14.07,13.38,14.07,31792400,437463424.0,derived_ohlc4
HOSE_TPB,TPB,2024-02-22 09:00:00,1383,2,14.07,14.25,13.85,14.1,15643700,220067749.75,derived_ohlc4
HOSE_TPB,TPB,2024-02-23 09:00:00,1384,2,14.14,14.5,13.78,13.78,43600000,612580000.0,derived_ohlc4
HOSE_TPB,TPB,2024-02-26 09:00:00,1385,2,13.74,13.92,13.67,13.81,8201000,113050785.0,derived_ohlc4
HOSE_TPB,TPB,2024-02-27 09:00:00,1386,2,13.81,13.92,13.6,13.81,15268600,210477651.0,derived_ohlc4
HOSE_TPB,TPB,2024-02-28 09:00:00,1387,2,13.88,14.43,13.78,14.43,25599800,361725174.0,derived_ohlc4
HOSE_TPB,TPB,2024-02-29 09:00:00,1388,2,14.43,14.61,14.21,14.32,30155900,434018790.75,derived_ohlc4
HOSE_TPB,TPB,2024-03-01 09:00:00,1389,2,14.32,14.39,14.1,14.32,14281200,203971239.0,derived_ohlc4
HOSE_TPB,TPB,2024-03-04 09:00:00,1390,2,14.35,14.39,14.07,14.14,15039300,214122033.75,derived_ohlc4
HOSE_TPB,TPB,2024-03-05 09:00:00,1391,2,14.14,14.14,13.92,13.99,12293300,172690131.75,derived_ohlc4
HOSE_TPB,TPB,2024-03-06 09:00:00,1392,2,13.99,14.17,13.78,13.85,10014300,139674449.25,derived_ohlc4
HOSE_TPB,TPB,2024-03-07 09:00:00,1393,2,13.96,13.96,13.81,13.88,9134900,126997947.25000001,derived_ohlc4
HOSE_TPB,TPB,2024-03-08 09:00:00,1394,2,13.88,13.92,13.42,13.42,22061000,301353260.0,derived_ohlc4
HOSE_TPB,TPB,2024-03-11 09:00:00,1395,2,13.38,13.56,13.27,13.34,11033100,147705626.25,derived_ohlc4
HOSE_TPB,TPB,2024-03-12 09:00:00,1396,2,13.34,13.49,13.31,13.34,7979800,106689926.00000001,derived_ohlc4
HOSE_TPB,TPB,2024-03-13 09:00:00,1397,2,13.34,13.7,13.31,13.7,7641800,103259822.5,derived_ohlc4
HOSE_TPB,TPB,2024-03-14 09:00:00,1398,2,13.7,13.74,13.42,13.52,7674300,104332108.49999999,derived_ohlc4
HOSE_TPB,TPB,2024-03-15 09:00:00,1399,2,13.49,13.7,13.31,13.56,8997700,121603915.5,derived_ohlc4
HOSE_TPB,TPB,2024-03-18 09:00:00,1400,2,13.7,13.7,12.77,13.2,13698800,182776239.00000003,derived_ohlc4
HOSE_TPB,TPB,2024-03-19 09:00:00,1401,2,13.2,13.27,13.13,13.13,4381200,57755169.00000001,derived_ohlc4
HOSE_TPB,TPB,2024-03-20 09:00:00,1402,2,13.13,13.52,12.95,13.42,15977100,211776460.49999997,derived_ohlc4
HOSE_TPB,TPB,2024-03-21 09:00:00,1403,2,13.56,13.6,13.34,13.52,9181400,123994806.99999999,derived_ohlc4
HOSE_TPB,TPB,2024-03-22 09:00:00,1404,2,13.56,13.88,13.45,13.52,17965600,244377073.99999997,derived_ohlc4
HOSE_TPB,TPB,2024-03-25 09:00:00,1405,2,13.56,13.88,13.49,13.7,17580600,240107044.49999997,derived_ohlc4
HOSE_TPB,TPB,2024-03-26 09:00:00,1406,2,13.7,13.85,13.63,13.81,10841600,149044896.0,derived_ohlc4
HOSE_TPB,TPB,2024-03-27 09:00:00,1407,2,13.85,13.88,13.7,13.85,6029000,83320780.0,derived_ohlc4
HOSE_TPB,TPB,2024-03-28 09:00:00,1408,2,13.99,14.07,13.7,13.78,10132800,140693928.00000003,derived_ohlc4
HOSE_TPB,TPB,2024-03-29 09:00:00,1409,2,13.85,13.85,13.7,13.78,5775400,79671643.0,derived_ohlc4
HOSE_TPB,TPB,2024-04-01 09:00:00,1410,2,13.7,13.74,13.45,13.52,10017500,136263043.75,derived_ohlc4
HOSE_TPB,TPB,2024-04-02 09:00:00,1411,2,13.45,13.6,13.2,13.6,10357500,139437843.75,derived_ohlc4
HOSE_TPB,TPB,2024-04-03 09:00:00,1412,2,13.56,13.56,13.31,13.34,8201800,110252696.49999999,derived_ohlc4
HOSE_TPB,TPB,2024-04-04 09:00:00,1413,2,13.34,13.38,13.2,13.27,11405700,151667295.75,derived_ohlc4
HOSE_TPB,TPB,2024-04-05 09:00:00,1414,2,13.13,13.24,13.06,13.13,9629700,126534258.0,derived_ohlc4
HOSE_TPB,TPB,2024-04-08 09:00:00,1415,2,13.13,13.42,13.06,13.16,11665800,153901066.5,derived_ohlc4
HOSE_TPB,TPB,2024-04-09 09:00:00,1416,2,13.24,13.42,13.09,13.42,4445600,59093138.0,derived_ohlc4
HOSE_TPB,TPB,2024-04-10 09:00:00,1417,2,13.45,13.45,13.24,13.24,4267500,56949787.5,derived_ohlc4
HOSE_TPB,TPB,2024-04-11 09:00:00,1418,2,13.06,13.24,13.06,13.24,6870000,90340500.0,derived_ohlc4
HOSE_TPB,TPB,2024-04-12 09:00:00,1419,2,13.24,13.49,13.16,13.49,10980100,146529434.5,derived_ohlc4
HOSE_TPB,TPB,2024-04-15 09:00:00,1420,2,13.31,13.45,12.62,12.62,12288000,159743999.99999997,derived_ohlc4
HOSE_TPB,TPB,2024-04-16 09:00:00,1421,2,12.62,12.8,12.26,12.69,16793400,211470889.5,derived_ohlc4
HOSE_TPB,TPB,2024-04-17 09:00:00,1422,2,12.77,12.77,12.26,12.26,6196500,77549197.49999999,derived_ohlc4
HOSE_TPB,TPB,2024-04-19 09:00:00,1423,2,12.23,12.33,11.83,11.97,8460400,102286236.0,derived_ohlc4
HOSE_TPB,TPB,2024-04-22 09:00:00,1424,2,12.26,12.66,12.12,12.62,12634100,156852351.5,derived_ohlc4
HOSE_TPB,TPB,2024-04-23 09:00:00,1425,2,12.55,12.69,12.37,12.44,6323700,79125296.25,derived_ohlc4
HOSE_TPB,TPB,2024-04-24 09:00:00,1426,2,12.66,12.98,12.62,12.98,11888100,152286560.99999997,derived_ohlc4
HOSE_TPB,TPB,2024-04-25 09:00:00,1427,2,12.95,12.98,12.77,12.95,4944200,63841982.50000001,derived_ohlc4
HOSE_TPB,TPB,2024-04-26 09:00:00,1428,2,12.73,12.95,12.73,12.91,3090800,39654963.99999999,derived_ohlc4
HOSE_TPB,TPB,2024-05-02 09:00:00,1429,2,12.91,12.95,12.73,12.73,1667000,21387610.000000004,derived_ohlc4
HOSE_TPB,TPB,2024-05-03 09:00:00,1430,2,12.8,12.91,12.62,12.62,7855100,100054336.24999999,derived_ohlc4
HOSE_TPB,TPB,2024-05-06 09:00:00,1431,2,12.77,12.91,12.69,12.84,4036600,51678571.49999999,derived_ohlc4
HOSE_TPB,TPB,2024-05-07 09:00:00,1432,2,12.88,12.88,12.69,12.8,2573500,32972968.75,derived_ohlc4
HOSE_TPB,TPB,2024-05-08 09:00:00,1433,2,12.77,12.84,12.66,12.8,4167200,53204725.99999999,derived_ohlc4
HOSE_TPB,TPB,2024-05-09 09:00:00,1434,2,12.84,13.27,12.77,13.09,15535600,201846283.0,derived_ohlc4
HOSE_TPB,TPB,2024-05-10 09:00:00,1435,2,13.13,13.2,12.98,13.06,8319000,108916507.50000001,derived_ohlc4
HOSE_TPB,TPB,2024-05-13 09:00:00,1436,2,13.06,13.24,12.91,12.98,5842600,76231323.5,derived_ohlc4
HOSE_TPB,TPB,2024-05-14 09:00:00,1437,2,13.02,13.13,12.91,12.98,4385800,57059258.00000001,derived_ohlc4
HOSE_TPB,TPB,2024-05-15 09:00:00,1438,2,13.13,13.13,12.91,12.95,9486200,123605186.00000001,derived_ohlc4
HOSE_TPB,TPB,2024-05-16 09:00:00,1439,2,13.13,13.27,12.98,13.24,9637600,126782628.0,derived_ohlc4
HOSE_TPB,TPB,2024-05-17 09:00:00,1440,2,13.27,13.45,13.16,13.27,12133500,161223881.24999997,derived_ohlc4
HOSE_TPB,TPB,2024-05-20 09:00:00,1441,2,13.27,13.42,13.27,13.31,13761500,183268776.25,derived_ohlc4
HOSE_TPB,TPB,2024-05-21 09:00:00,1442,2,13.34,13.34,13.13,13.24,4448700,59000883.75000001,derived_ohlc4
HOSE_TPB,TPB,2024-05-22 09:00:00,1443,2,13.27,13.31,13.06,13.09,6154000,81125105.0,derived_ohlc4
HOSE_TPB,TPB,2024-05-23 09:00:00,1444,2,13.09,13.2,13.02,13.2,5060500,66431713.75000001,derived_ohlc4
HOSE_TPB,TPB,2024-05-24 09:00:00,1445,2,12.98,13.24,12.69,12.8,15598300,201647023.24999997,derived_ohlc4
HOSE_TPB,TPB,2024-05-27 09:00:00,1446,2,12.8,12.91,12.66,12.77,5790100,74026428.5,derived_ohlc4
HOSE_TPB,TPB,2024-05-28 09:00:00,1447,2,12.84,12.91,12.77,12.88,4456600,57267310.0,derived_ohlc4
HOSE_TPB,TPB,2024-05-29 09:00:00,1448,2,12.91,12.91,12.77,12.77,4679700,60087348.0,derived_ohlc4
HOSE_TPB,TPB,2024-05-30 09:00:00,1449,2,12.77,12.8,12.62,12.77,6358400,81006015.99999999,derived_ohlc4
HOSE_TPB,TPB,2024-05-31 09:00:00,1450,2,12.77,12.84,12.66,12.73,3886000,49546500.0,derived_ohlc4
HOSE_TPB,TPB,2024-06-03 09:00:00,1451,2,12.8,13.24,12.77,13.02,12042300,156038102.25,derived_ohlc4
HOSE_TPB,TPB,2024-06-04 09:00:00,1452,2,13.09,13.13,12.98,13.02,4463400,58269687.0,derived_ohlc4
HOSE_TPB,TPB,2024-06-05 09:00:00,1453,2,13.02,13.09,12.95,12.98,4055200,52758152.00000001,derived_ohlc4
HOSE_TPB,TPB,2024-06-06 09:00:00,1454,2,12.98,13.24,12.95,13.16,8347800,109210093.5,derived_ohlc4
HOSE_TPB,TPB,2024-06-07 09:00:00,1455,2,13.2,13.27,13.06,13.06,3479300,45744096.75,derived_ohlc4
HOSE_TPB,TPB,2024-06-10 09:00:00,1456,2,13.16,13.42,13.13,13.24,13096800,173368890.0,derived_ohlc4
HOSE_TPB,TPB,2024-06-11 09:00:00,1457,2,13.27,13.34,13.09,13.13,4545700,60037332.75000001,derived_ohlc4
HOSE_TPB,TPB,2024-06-12 09:00:00,1458,2,13.13,13.34,13.09,13.31,6745500,89158646.25000001,derived_ohlc4
HOSE_TPB,TPB,2024-06-13 09:00:00,1459,2,13.34,13.78,13.31,13.7,43999800,595427293.5,derived_ohlc4
HOSE_TPB,TPB,2024-06-14 09:00:00,1460,2,13.7,13.78,13.45,13.45,11910200,161919169.0,derived_ohlc4
HOSE_TPB,TPB,2024-06-17 09:00:00,1461,2,13.49,13.49,13.27,13.38,9223000,123657372.5,derived_ohlc4
HOSE_TPB,TPB,2024-06-18 09:00:00,1462,2,13.52,13.52,13.34,13.42,7922300,106554935.0,derived_ohlc4
HOSE_TPB,TPB,2024-06-19 09:00:00,1463,2,13.49,13.52,13.27,13.38,8452000,113383580.00000001,derived_ohlc4
HOSE_TPB,TPB,2024-06-20 09:00:00,1464,2,13.57,13.57,13.34,13.53,8930200,120580025.50000001,derived_ohlc4
HOSE_TPB,TPB,2024-06-21 09:00:00,1465,2,13.45,13.6,13.38,13.42,7475400,100637572.5,derived_ohlc4
HOSE_TPB,TPB,2024-06-24 09:00:00,1466,2,13.38,13.42,12.9,12.9,9992600,131402690.0,derived_ohlc4
HOSE_TPB,TPB,2024-06-25 09:00:00,1467,2,13.01,13.05,12.9,13.01,4193100,54478851.75,derived_ohlc4
HOSE_TPB,TPB,2024-06-26 09:00:00,1468,2,12.97,13.01,12.82,13.01,4412700,57155496.74999999,derived_ohlc4
HOSE_TPB,TPB,2024-06-27 09:00:00,1469,2,12.94,13.01,12.86,12.94,2868300,37108631.25,derived_ohlc4
HOSE_TPB,TPB,2024-06-28 09:00:00,1470,2,12.79,12.97,12.68,12.75,5434800,69551853.0,derived_ohlc4
HOSE_TPB,TPB,2024-07-01 09:00:00,1471,2,12.75,12.86,12.71,12.86,2303000,29466885.0,derived_ohlc4
HOSE_TPB,TPB,2024-07-02 09:00:00,1472,2,12.86,13.05,12.86,12.94,2731300,35308880.74999999,derived_ohlc4
HOSE_TPB,TPB,2024-07-03 09:00:00,1473,2,12.97,13.12,12.94,13.01,3468300,45122583.0,derived_ohlc4
HOSE_TPB,TPB,2024-07-04 09:00:00,1474,2,13.05,13.19,13.01,13.08,4743500,62056838.75,derived_ohlc4
HOSE_TPB,TPB,2024-07-05 09:00:00,1475,2,13.08,13.12,12.94,13.12,2531700,33076660.5,derived_ohlc4
HOSE_TPB,TPB,2024-07-08 09:00:00,1476,2,13.12,13.38,13.12,13.16,12782900,168670365.5,derived_ohlc4
HOSE_TPB,TPB,2024-07-09 09:00:00,1477,2,13.16,13.34,13.12,13.27,7756600,102561643.5,derived_ohlc4
HOSE_TPB,TPB,2024-07-10 09:00:00,1478,2,13.34,13.34,13.05,13.23,4927400,65238776.00000001,derived_ohlc4
HOSE_TPB,TPB,2024-07-11 09:00:00,1479,2,13.27,13.38,13.16,13.27,9295200,123347304.0,derived_ohlc4
HOSE_TPB,TPB,2024-07-12 09:00:00,1480,2,13.27,13.34,13.19,13.31,4261300,56579410.75,derived_ohlc4
HOSE_TPB,TPB,2024-07-15 09:00:00,1481,2,13.31,13.34,13.05,13.08,2938500,38773507.5,derived_ohlc4
HOSE_TPB,TPB,2024-07-16 09:00:00,1482,2,13.12,13.38,13.12,13.23,4740200,62629892.49999999,derived_ohlc4
HOSE_TPB,TPB,2024-07-17 09:00:00,1483,2,13.23,13.57,13.12,13.23,10965700,145706738.75000003,derived_ohlc4
HOSE_TPB,TPB,2024-07-18 09:00:00,1484,2,13.31,13.34,13.12,13.34,3672200,48757635.5,derived_ohlc4
HOSE_TPB,TPB,2024-07-19 09:00:00,1485,2,13.34,13.75,13.27,13.64,42887000,578974500.0,derived_ohlc4
HOSE_TPB,TPB,2024-07-22 09:00:00,1486,2,13.64,14.01,13.57,13.79,32697700,449675119.25,derived_ohlc4
HOSE_TPB,TPB,2024-07-23 09:00:00,1487,2,13.82,13.86,12.82,13.16,14187900,190330678.5,derived_ohlc4
HOSE_TPB,TPB,2024-07-24 09:00:00,1488,2,13.08,13.42,12.97,13.31,16209200,213880394.0,derived_ohlc4
HOSE_TPB,TPB,2024-07-25 09:00:00,1489,2,13.12,13.34,13.12,13.19,7531000,99352717.49999999,derived_ohlc4
HOSE_TPB,TPB,2024-07-26 09:00:00,1490,2,13.27,13.34,13.19,13.23,5556100,73659995.75,derived_ohlc4
HOSE_TPB,TPB,2024-07-29 09:00:00,1491,2,13.34,13.57,13.31,13.42,13236200,177497442.0,derived_ohlc4
HOSE_TPB,TPB,2024-07-30 09:00:00,1492,2,13.42,13.49,13.19,13.34,5119100,68391176.0,derived_ohlc4
HOSE_TPB,TPB,2024-07-31 09:00:00,1493,2,13.38,13.75,13.34,13.45,21618000,291410640.0,derived_ohlc4
HOSE_TPB,TPB,2024-08-01 09:00:00,1494,2,13.49,13.53,12.97,13.12,14226800,188896337.0,derived_ohlc4
HOSE_TPB,TPB,2024-08-02 09:00:00,1495,2,12.97,13.16,12.86,13.16,12007100,156542566.25000003,derived_ohlc4
HOSE_TPB,TPB,2024-08-05 09:00:00,1496,2,12.82,13.01,12.45,12.45,17824900,226064294.25000003,derived_ohlc4
HOSE_TPB,TPB,2024-08-06 09:00:00,1497,2,12.64,12.97,12.49,12.86,9812700,125013798.0,derived_ohlc4
HOSE_TPB,TPB,2024-08-07 09:00:00,1498,2,12.86,13.05,12.6,12.64,13938700,178241126.25,derived_ohlc4
HOSE_TPB,TPB,2024-08-08 09:00:00,1499,2,12.64,12.75,12.49,12.53,6124700,77186531.75,derived_ohlc4
HOSE_TPB,TPB,2024-08-09 09:00:00,1500,2,12.75,12.86,12.6,12.68,13229000,168305952.5,derived_ohlc4
HOSE_TPB,TPB,2024-08-12 09:00:00,1501,2,12.68,12.82,12.6,12.79,4131100,52557919.75,derived_ohlc4
HOSE_TPB,TPB,2024-08-13 09:00:00,1502,2,12.79,12.97,12.71,12.79,7202000,92293630.0,derived_ohlc4
HOSE_TPB,TPB,2024-08-14 09:00:00,1503,2,12.86,12.86,12.75,12.75,2720100,34830880.5,derived_ohlc4
HOSE_TPB,TPB,2024-08-15 09:00:00,1504,2,12.75,12.82,12.68,12.68,3772100,48028263.25,derived_ohlc4
HOSE_TPB,TPB,2024-08-16 09:00:00,1505,2,12.71,13.01,12.71,12.97,8172700,105019195.0,derived_ohlc4
HOSE_TPB,TPB,2024-08-19 09:00:00,1506,2,12.97,13.08,12.86,12.97,8330100,108041396.99999999,derived_ohlc4
HOSE_TPB,TPB,2024-08-20 09:00:00,1507,2,12.97,13.12,12.97,13.01,8885500,115666996.25,derived_ohlc4
HOSE_TPB,TPB,2024-08-21 09:00:00,1508,2,13.01,13.27,12.97,13.27,16727200,219628135.99999997,derived_ohlc4
HOSE_TPB,TPB,2024-08-22 09:00:00,1509,2,13.34,13.49,13.27,13.34,7985000,106679600.0,derived_ohlc4
HOSE_TPB,TPB,2024-08-23 09:00:00,1510,2,13.34,13.34,13.12,13.27,8048000,106776839.99999999,derived_ohlc4
HOSE_TPB,TPB,2024-08-26 09:00:00,1511,2,13.27,13.49,13.19,13.19,11809400,156887878.99999997,derived_ohlc4
HOSE_TPB,TPB,2024-08-27 09:00:00,1512,2,13.19,13.27,13.12,13.16,4463800,58855202.99999999,derived_ohlc4
HOSE_TPB,TPB,2024-08-28 09:00:00,1513,2,13.19,13.34,13.12,13.16,8033600,106063604.0,derived_ohlc4
HOSE_TPB,TPB,2024-08-29 09:00:00,1514,2,13.16,13.38,13.16,13.23,7339300,97117287.25000001,derived_ohlc4
HOSE_TPB,TPB,2024-08-30 09:00:00,1515,2,13.23,13.34,13.19,13.27,6996800,92760076.0,derived_ohlc4
HOSE_TPB,TPB,2024-09-04 09:00:00,1516,2,13.05,13.16,12.97,13.08,7585400,99103251.0,derived_ohlc4
HOSE_TPB,TPB,2024-09-05 09:00:00,1517,2,13.16,13.19,13.01,13.05,4864500,63737111.24999999,derived_ohlc4
HOSE_TPB,TPB,2024-09-06 09:00:00,1518,2,13.08,13.27,13.01,13.12,7407100,97181152.0,derived_ohlc4
HOSE_TPB,TPB,2024-09-09 09:00:00,1519,2,13.08,13.16,13.01,13.05,3032800,39653860.0,derived_ohlc4
HOSE_TPB,TPB,2024-09-10 09:00:00,1520,2,13.12,13.38,13.12,13.19,16886000,222937414.99999997,derived_ohlc4
HOSE_TPB,TPB,2024-09-11 09:00:00,1521,2,13.27,13.31,13.12,13.23,3935400,52075180.49999999,derived_ohlc4
HOSE_TPB,TPB,2024-09-12 09:00:00,1522,2,13.34,13.6,13.27,13.45,28878900,387410443.5,derived_ohlc4
HOSE_TPB,TPB,2024-09-13 09:00:00,1523,2,13.49,13.53,13.38,13.45,6112700,82292223.74999999,derived_ohlc4
HOSE_TPB,TPB,2024-09-16 09:00:00,1524,2,13.45,13.6,13.27,13.34,14297700,191803645.5,derived_ohlc4
HOSE_TPB,TPB,2024-09-17 09:00:00,1525,2,13.34,13.45,13.27,13.45,4889100,65403935.25000001,derived_ohlc4
HOSE_TPB,TPB,2024-09-18 09:00:00,1526,2,13.53,13.64,13.38,13.53,15982800,216087456.00000003,derived_ohlc4
HOSE_TPB,TPB,2024-09-19 09:00:00,1527,2,13.57,13.71,13.53,13.53,15194500,206417282.5,derived_ohlc4
HOSE_TPB,TPB,2024-09-20 09:00:00,1528,2,13.6,13.71,13.38,13.42,24874500,336489798.75000006,derived_ohlc4
HOSE_TPB,TPB,2024-09-23 09:00:00,1529,2,13.59,13.86,13.55,13.55,11929900,162694011.25,derived_ohlc4
HOSE_TPB,TPB,2024-09-24 09:00:00,1530,2,13.59,13.68,13.46,13.68,5340600,72645511.5,derived_ohlc4
HOSE_TPB,TPB,2024-09-25 09:00:00,1531,2,13.77,13.91,13.73,13.86,11738000,162189815.0,derived_ohlc4
HOSE_TPB,TPB,2024-09-26 09:00:00,1532,2,13.95,14.79,13.82,14.79,60820600,872015352.5,derived_ohlc4
HOSE_TPB,TPB,2024-09-27 09:00:00,1533,2,15.11,15.28,14.75,15.02,60281900,906639776.0,derived_ohlc4
HOSE_TPB,TPB,2024-09-30 09:00:00,1534,2,15.02,15.51,14.97,15.28,37862000,575313090.0,derived_ohlc4
HOSE_TPB,TPB,2024-10-01 09:00:00,1535,2,15.28,15.46,15.06,15.19,30044700,458106563.25,derived_ohlc4
HOSE_TPB,TPB,2024-10-02 09:00:00,1536,2,15.33,15.64,15.15,15.55,33118600,510606015.5,derived_ohlc4
HOSE_TPB,TPB,2024-10-03 09:00:00,1537,2,15.64,16.08,15.42,15.55,51532500,807643106.25,derived_ohlc4
HOSE_TPB,TPB,2024-10-04 09:00:00,1538,2,15.73,15.73,15.28,15.33,20462400,317525292.0,derived_ohlc4
HOSE_TPB,TPB,2024-10-07 09:00:00,1539,2,15.51,15.64,15.33,15.55,16722300,259321067.25,derived_ohlc4
HOSE_TPB,TPB,2024-10-08 09:00:00,1540,2,15.73,16.08,15.59,15.59,32029800,504389275.49999994,derived_ohlc4
HOSE_TPB,TPB,2024-10-09 09:00:00,1541,2,15.64,15.73,15.46,15.64,15086300,235610290.25,derived_ohlc4
HOSE_TPB,TPB,2024-10-10 09:00:00,1542,2,15.82,16.04,15.46,15.51,34471200,541456374.0,derived_ohlc4
HOSE_TPB,TPB,2024-10-11 09:00:00,1543,2,15.51,15.55,15.33,15.55,13142400,203510064.0,derived_ohlc4
HOSE_TPB,TPB,2024-10-14 09:00:00,1544,2,15.64,15.73,15.42,15.51,13859900,215867942.5,derived_ohlc4
HOSE_TPB,TPB,2024-10-15 09:00:00,1545,2,15.64,15.82,15.46,15.51,14881000,232255207.5,derived_ohlc4
HOSE_TPB,TPB,2024-10-16 09:00:00,1546,2,15.46,15.59,15.42,15.55,8606300,133440681.49999999,derived_ohlc4
HOSE_TPB,TPB,2024-10-17 09:00:00,1547,2,15.59,15.95,15.37,15.9,22478600,352970216.5,derived_ohlc4
HOSE_TPB,TPB,2024-10-18 09:00:00,1548,2,15.99,16.08,15.77,15.82,29518000,469778970.0,derived_ohlc4
HOSE_TPB,TPB,2024-10-21 09:00:00,1549,2,15.68,15.82,15.55,15.55,12873600,201471839.99999997,derived_ohlc4
HOSE_TPB,TPB,2024-10-22 09:00:00,1550,2,15.46,15.82,15.24,15.37,31041200,480284967.0,derived_ohlc4
HOSE_TPB,TPB,2024-10-23 09:00:00,1551,2,15.42,15.77,15.28,15.68,18002200,279709182.5,derived_ohlc4
HOSE_TPB,TPB,2024-10-24 09:00:00,1552,2,15.77,15.86,15.15,15.15,18317600,283602242.0,derived_ohlc4
HOSE_TPB,TPB,2024-10-25 09:00:00,1553,2,15.24,15.37,15.11,15.15,16901500,257198576.25,derived_ohlc4
HOSE_TPB,TPB,2024-10-28 09:00:00,1554,2,15.15,15.28,15.15,15.28,7919600,120496714.0,derived_ohlc4
HOSE_TPB,TPB,2024-10-29 09:00:00,1555,2,15.33,15.42,15.19,15.19,9762400,149193878.0,derived_ohlc4
HOSE_TPB,TPB,2024-10-30 09:00:00,1556,2,15.24,15.33,15.11,15.33,11117800,169574244.5,derived_ohlc4
HOSE_TPB,TPB,2024-10-31 09:00:00,1557,2,15.24,15.59,15.15,15.37,19905800,305305207.5,derived_ohlc4
HOSE_TPB,TPB,2024-11-01 09:00:00,1558,2,15.28,15.37,15.15,15.15,13064000,199062700.0,derived_ohlc4
HOSE_TPB,TPB,2024-11-04 09:00:00,1559,2,15.15,15.19,14.66,14.71,27011700,403217151.75,derived_ohlc4
HOSE_TPB,TPB,2024-11-05 09:00:00,1560,2,14.71,14.84,14.66,14.71,9258300,136374759.0,derived_ohlc4
HOSE_TPB,TPB,2024-11-06 09:00:00,1561,2,14.84,15.15,14.71,15.06,12037400,179838756.00000003,derived_ohlc4
HOSE_TPB,TPB,2024-11-07 09:00:00,1562,2,15.15,15.15,14.88,14.93,6837000,102743017.5,derived_ohlc4
HOSE_TPB,TPB,2024-11-08 09:00:00,1563,2,15.02,15.02,14.71,14.79,8665200,128981502.0,derived_ohlc4
HOSE_TPB,TPB,2024-11-11 09:00:00,1564,2,14.75,14.79,14.22,14.39,30694100,446215478.75,derived_ohlc4
HOSE_TPB,TPB,2024-11-12 09:00:00,1565,2,14.48,14.48,14.26,14.31,9278100,133442273.25,derived_ohlc4
HOSE_TPB,TPB,2024-11-13 09:00:00,1566,2,14.26,14.39,13.95,14.35,17328900,246720213.74999997,derived_ohlc4
HOSE_TPB,TPB,2024-11-14 09:00:00,1567,2,14.26,14.48,13.99,13.99,10651400,151036852.00000003,derived_ohlc4
HOSE_TPB,TPB,2024-11-15 09:00:00,1568,2,13.86,13.99,13.77,13.86,16220400,224976948.00000003,derived_ohlc4
HOSE_TPB,TPB,2024-11-18 09:00:00,1569,2,13.86,14.31,13.82,14.22,16208300,227767135.75,derived_ohlc4
HOSE_TPB,TPB,2024-11-19 09:00:00,1570,2,14.17,14.26,14.04,14.04,9959400,140701423.5,derived_ohlc4
HOSE_TPB,TPB,2024-11-20 09:00:00,1571,2,13.95,14.53,13.95,14.26,11375300,161216439.24999997,derived_ohlc4
HOSE_TPB,TPB,2024-11-21 09:00:00,1572,2,14.35,14.44,14.26,14.44,6027200,86625931.99999999,derived_ohlc4
HOSE_TPB,TPB,2024-11-22 09:00:00,1573,2,14.39,14.48,14.31,14.31,6826400,98112434.0,derived_ohlc4
HOSE_TPB,TPB,2024-11-25 09:00:00,1574,2,14.35,14.44,14.26,14.35,5428500,77898975.0,derived_ohlc4
HOSE_TPB,TPB,2024-11-26 09:00:00,1575,2,14.35,14.57,14.35,14.35,7393100,106497605.50000001,derived_ohlc4
HOSE_TPB,TPB,2024-11-27 09:00:00,1576,2,14.35,14.48,14.31,14.35,4886900,70236970.25,derived_ohlc4
HOSE_TPB,TPB,2024-11-28 09:00:00,1577,2,14.44,14.66,14.39,14.44,11221300,162512477.25,derived_ohlc4
HOSE_TPB,TPB,2024-11-29 09:00:00,1578,2,14.44,14.53,14.39,14.39,4912000,70917000.0,derived_ohlc4
HOSE_TPB,TPB,2024-12-02 09:00:00,1579,2,14.53,14.62,14.31,14.31,6793000,98107902.5,derived_ohlc4
HOSE_TPB,TPB,2024-12-03 09:00:00,1580,2,14.35,14.39,14.22,14.22,6553700,93685141.5,derived_ohlc4
HOSE_TPB,TPB,2024-12-04 09:00:00,1581,2,14.26,14.26,14.04,14.04,8010900,113354235.0,derived_ohlc4
HOSE_TPB,TPB,2024-12-05 09:00:00,1582,2,14.08,14.62,13.99,14.62,11737500,168169031.25,derived_ohlc4
HOSE_TPB,TPB,2024-12-06 09:00:00,1583,2,14.66,14.66,14.44,14.44,9727100,141529305.0,derived_ohlc4
HOSE_TPB,TPB,2024-12-09 09:00:00,1584,2,14.53,14.66,14.44,14.57,8418500,122489174.99999999,derived_ohlc4
HOSE_TPB,TPB,2024-12-10 09:00:00,1585,2,14.57,14.66,14.53,14.53,4978800,72553563.0,derived_ohlc4
HOSE_TPB,TPB,2024-12-11 09:00:00,1586,2,14.57,14.66,14.39,14.48,6312900,91694872.50000001,derived_ohlc4
HOSE_TPB,TPB,2024-12-12 09:00:00,1587,2,14.53,14.79,14.44,14.53,17357400,252940711.5,derived_ohlc4
HOSE_TPB,TPB,2024-12-13 09:00:00,1588,2,14.53,14.62,14.44,14.44,4585600,66525591.99999999,derived_ohlc4
HOSE_TPB,TPB,2024-12-16 09:00:00,1589,2,14.44,14.57,14.35,14.39,9848600,142189162.5,derived_ohlc4
HOSE_TPB,TPB,2024-12-17 09:00:00,1590,2,14.39,14.48,14.35,14.39,4265400,61432423.5,derived_ohlc4
HOSE_TPB,TPB,2024-12-18 09:00:00,1591,2,14.39,14.48,14.31,14.44,5405700,77869108.5,derived_ohlc4
HOSE_TPB,TPB,2024-12-19 09:00:00,1592,2,14.26,14.35,14.17,14.22,10785400,153691950.0,derived_ohlc4
HOSE_TPB,TPB,2024-12-20 09:00:00,1593,2,14.26,14.26,14.13,14.13,5572800,79105896.0,derived_ohlc4
HOSE_TPB,TPB,2024-12-23 09:00:00,1594,2,14.35,14.39,14.22,14.26,6272100,89722390.5,derived_ohlc4
HOSE_TPB,TPB,2024-12-24 09:00:00,1595,2,14.26,14.35,14.22,14.26,5949200,84909957.0,derived_ohlc4
HOSE_TPB,TPB,2024-12-25 09:00:00,1596,2,14.31,14.97,14.26,14.57,14525600,211020654.0,derived_ohlc4
HOSE_TPB,TPB,2024-12-26 09:00:00,1597,2,14.53,14.75,14.53,14.71,6862500,100398375.0,derived_ohlc4
HOSE_TPB,TPB,2024-12-27 09:00:00,1598,2,14.75,15.15,14.71,14.88,27796400,413401959.0,derived_ohlc4
HOSE_TPB,TPB,2024-12-30 09:00:00,1599,2,14.93,15.02,14.66,14.79,6732600,99979110.0,derived_ohlc4
HOSE_TPB,TPB,2024-12-31 09:00:00,1600,2,14.79,14.93,14.66,14.79,7930000,117304524.99999999,derived_ohlc4
HOSE_TPB,TPB,2025-01-02 09:00:00,1601,2,14.84,14.84,14.57,14.71,5149600,75905104.0,derived_ohlc4
HOSE_TPB,TPB,2025-01-03 09:00:00,1602,2,14.66,14.71,14.39,14.39,9674200,140638682.5,derived_ohlc4
HOSE_TPB,TPB,2025-01-06 09:00:00,1603,2,14.39,14.48,14.22,14.26,7769800,111399507.5,derived_ohlc4
HOSE_TPB,TPB,2025-01-07 09:00:00,1604,2,14.31,14.44,14.26,14.31,5751500,82418995.0,derived_ohlc4
HOSE_TPB,TPB,2025-01-08 09:00:00,1605,2,14.44,14.53,14.35,14.39,4606600,66461721.5,derived_ohlc4
HOSE_TPB,TPB,2025-01-09 09:00:00,1606,2,14.48,14.48,14.26,14.31,4448700,63983427.75,derived_ohlc4
HOSE_TPB,TPB,2025-01-10 09:00:00,1607,2,14.31,14.44,14.08,14.13,8367400,119151776.0,derived_ohlc4
HOSE_TPB,TPB,2025-01-13 09:00:00,1608,2,14.04,14.26,13.95,14.13,6936800,97774196.0,derived_ohlc4
HOSE_TPB,TPB,2025-01-14 09:00:00,1609,2,14.13,14.26,14.08,14.13,3547500,50197125.0,derived_ohlc4
HOSE_TPB,TPB,2025-01-15 09:00:00,1610,2,14.22,14.31,14.13,14.22,5695500,80990010.0,derived_ohlc4
HOSE_TPB,TPB,2025-01-16 09:00:00,1611,2,14.31,14.39,14.22,14.26,6277100,89731144.5,derived_ohlc4
HOSE_TPB,TPB,2025-01-17 09:00:00,1612,2,14.26,14.39,14.22,14.35,4337800,62052229.0,derived_ohlc4
HOSE_TPB,TPB,2025-01-20 09:00:00,1613,2,14.44,14.62,14.39,14.57,6756100,97997230.5,derived_ohlc4
HOSE_TPB,TPB,2025-01-21 09:00:00,1614,2,14.66,14.66,14.39,14.39,5404500,78500362.5,derived_ohlc4
HOSE_TPB,TPB,2025-01-22 09:00:00,1615,2,14.48,14.48,14.31,14.31,5141700,74014771.5,derived_ohlc4
HOSE_TPB,TPB,2025-01-23 09:00:00,1616,2,14.44,14.57,14.31,14.53,6159900,89087553.75,derived_ohlc4
HOSE_TPB,TPB,2025-01-24 09:00:00,1617,2,14.48,14.66,14.48,14.62,8382700,122052112.0,derived_ohlc4
HOSE_TPB,TPB,2025-02-03 09:00:00,1618,2,14.57,14.57,14.31,14.35,8872100,128201845.00000001,derived_ohlc4
HOSE_TPB,TPB,2025-02-04 09:00:00,1619,2,14.44,14.75,14.35,14.71,10936200,159258412.5,derived_ohlc4
HOSE_TPB,TPB,2025-02-05 09:00:00,1620,2,14.75,14.84,14.62,14.75,8947000,131878780.0,derived_ohlc4
HOSE_TPB,TPB,2025-02-06 09:00:00,1621,2,14.84,15.02,14.66,14.71,8814900,130526631.75,derived_ohlc4
HOSE_TPB,TPB,2025-02-07 09:00:00,1622,2,14.79,14.93,14.62,14.71,10057900,148479748.75,derived_ohlc4
HOSE_TPB,TPB,2025-02-10 09:00:00,1623,2,14.66,14.97,14.53,14.88,17700200,261254952.00000003,derived_ohlc4
HOSE_TPB,TPB,2025-02-11 09:00:00,1624,2,14.88,15.28,14.88,15.11,42514000,639304275.0,derived_ohlc4
HOSE_TPB,TPB,2025-02-12 09:00:00,1625,2,15.19,15.19,14.93,14.97,7638400,115110688.0,derived_ohlc4
HOSE_TPB,TPB,2025-02-13 09:00:00,1626,2,14.97,15.06,14.88,15.02,7949000,119095892.50000001,derived_ohlc4
HOSE_TPB,TPB,2025-02-14 09:00:00,1627,2,15.11,15.24,15.02,15.02,9816600,148206118.5,derived_ohlc4
HOSE_TPB,TPB,2025-02-17 09:00:00,1628,2,15.02,15.11,14.93,14.97,8521000,127878907.5,derived_ohlc4
HOSE_TPB,TPB,2025-02-18 09:00:00,1629,2,14.97,15.15,14.93,15.02,9227100,138567974.24999997,derived_ohlc4
HOSE_TPB,TPB,2025-02-19 09:00:00,1630,2,15.06,15.11,14.97,15.11,8589200,129374825.0,derived_ohlc4
HOSE_TPB,TPB,2025-02-20 09:00:00,1631,2,15.11,15.33,15.06,15.19,17107500,259563543.75,derived_ohlc4
HOSE_TPB,TPB,2025-02-21 09:00:00,1632,2,15.24,15.24,15.02,15.11,9998800,151506817.0,derived_ohlc4
HOSE_TPB,TPB,2025-02-24 09:00:00,1633,2,15.11,15.24,15.02,15.15,12868200,194695866.0,derived_ohlc4
HOSE_TPB,TPB,2025-02-25 09:00:00,1634,2,15.24,15.24,15.02,15.06,15150600,229380084.0,derived_ohlc4
HOSE_TPB,TPB,2025-02-26 09:00:00,1635,2,15.19,15.19,15.02,15.06,12927200,195394628.0,derived_ohlc4
HOSE_TPB,TPB,2025-02-27 09:00:00,1636,2,15.11,15.15,14.93,15.02,18061000,271863202.5,derived_ohlc4
HOSE_TPB,TPB,2025-02-28 09:00:00,1637,2,14.97,15.02,14.84,14.84,20436100,304855521.75,derived_ohlc4
HOSE_TPB,TPB,2025-03-03 09:00:00,1638,2,14.57,14.62,14.31,14.39,61853300,895171884.25,derived_ohlc4
HOSE_TPB,TPB,2025-03-04 09:00:00,1639,2,14.39,14.53,14.31,14.39,20875800,300715899.0,derived_ohlc4
HOSE_TPB,TPB,2025-03-05 09:00:00,1640,2,14.44,14.57,14.31,14.31,15091100,217425023.25,derived_ohlc4
HOSE_TPB,TPB,2025-03-06 09:00:00,1641,2,14.31,14.44,14.26,14.39,17481600,250860960.0,derived_ohlc4
HOSE_TPB,TPB,2025-03-07 09:00:00,1642,2,14.39,14.62,14.39,14.53,18976100,274821368.25,derived_ohlc4
HOSE_TPB,TPB,2025-03-10 09:00:00,1643,2,14.53,14.62,14.39,14.39,12081100,174964530.75,derived_ohlc4
HOSE_TPB,TPB,2025-03-11 09:00:00,1644,2,14.31,14.44,14.26,14.44,9436300,135528858.75,derived_ohlc4
HOSE_TPB,TPB,2025-03-12 09:00:00,1645,2,14.44,14.48,14.31,14.35,8865400,127617433.00000001,derived_ohlc4
HOSE_TPB,TPB,2025-03-13 09:00:00,1646,2,14.35,14.39,14.26,14.26,9950000,142434250.0,derived_ohlc4
HOSE_TPB,TPB,2025-03-14 09:00:00,1647,2,14.26,14.35,14.22,14.31,10218600,145972701.0,derived_ohlc4
HOSE_TPB,TPB,2025-03-17 09:00:00,1648,2,14.35,14.62,14.26,14.53,14569500,210383580.0,derived_ohlc4
HOSE_TPB,TPB,2025-03-18 09:00:00,1649,2,14.57,14.57,14.39,14.44,5575000,80795687.5,derived_ohlc4
HOSE_TPB,TPB,2025-03-19 09:00:00,1650,2,14.44,14.48,14.22,14.26,17889400,256712890.0,derived_ohlc4
HOSE_TPB,TPB,2025-03-20 09:00:00,1651,2,14.26,14.31,13.33,13.51,80976700,1121729736.75,derived_ohlc4
HOSE_TPB,TPB,2025-03-21 09:00:00,1652,2,13.33,13.51,12.97,13.11,38265700,506255211.0,derived_ohlc4
HOSE_TPB,TPB,2025-03-24 09:00:00,1653,2,13.06,13.28,12.84,12.88,29368600,382232329.0,derived_ohlc4
HOSE_TPB,TPB,2025-03-25 09:00:00,1654,2,12.93,13.33,12.93,13.15,18398200,240740446.99999997,derived_ohlc4
HOSE_TPB,TPB,2025-03-26 09:00:00,1655,2,13.15,13.19,12.84,12.88,18645400,242669881.0,derived_ohlc4
HOSE_TPB,TPB,2025-03-27 09:00:00,1656,2,12.88,12.97,12.62,12.71,19566700,250355926.5,derived_ohlc4
HOSE_TPB,TPB,2025-03-28 09:00:00,1657,2,12.75,12.8,12.62,12.62,9629500,122270576.25,derived_ohlc4
HOSE_TPB,TPB,2025-03-31 09:00:00,1658,2,12.62,12.88,12.62,12.71,12035800,152944928.5,derived_ohlc4
HOSE_TPB,TPB,2025-04-01 09:00:00,1659,2,12.8,12.84,12.66,12.71,7873900,100411909.75,derived_ohlc4
HOSE_TPB,TPB,2025-04-02 09:00:00,1660,2,12.71,12.8,12.62,12.66,11850800,150475533.00000003,derived_ohlc4
HOSE_TPB,TPB,2025-04-03 09:00:00,1661,2,11.91,12.44,11.82,11.82,52438800,629134503.0,derived_ohlc4
HOSE_TPB,TPB,2025-04-04 09:00:00,1662,2,11.02,11.51,11.02,11.33,42676000,478824719.99999994,derived_ohlc4
HOSE_TPB,TPB,2025-04-08 09:00:00,1663,2,11.02,11.11,10.57,10.57,30397700,328827119.75,derived_ohlc4
HOSE_TPB,TPB,2025-04-09 09:00:00,1664,2,9.86,11.06,9.86,10.4,30873400,317841653.0,derived_ohlc4
HOSE_TPB,TPB,2025-04-10 09:00:00,1665,2,11.11,11.11,11.11,11.11,1277800,14196358.0,derived_ohlc4
HOSE_TPB,TPB,2025-04-11 09:00:00,1666,2,11.86,11.86,11.33,11.73,26108300,305336568.5,derived_ohlc4
HOSE_TPB,TPB,2025-04-14 09:00:00,1667,2,11.77,11.82,11.51,11.6,13386500,156287387.5,derived_ohlc4
HOSE_TPB,TPB,2025-04-15 09:00:00,1668,2,11.6,11.64,11.33,11.37,11188200,128496477.0,derived_ohlc4
HOSE_TPB,TPB,2025-04-16 09:00:00,1669,2,11.33,11.55,11.33,11.51,8419500,96234885.0,derived_ohlc4
HOSE_TPB,TPB,2025-04-17 09:00:00,1670,2,11.46,11.64,11.42,11.64,9430300,108825662.00000001,derived_ohlc4
HOSE_TPB,TPB,2025-04-18 09:00:00,1671,2,11.64,11.86,11.64,11.73,12414900,145471590.75,derived_ohlc4
HOSE_TPB,TPB,2025-04-21 09:00:00,1672,2,12.0,12.22,11.91,12.04,15956100,192151334.24999997,derived_ohlc4
HOSE_TPB,TPB,2025-04-22 09:00:00,1673,2,11.91,12.04,11.55,11.91,24165100,286416847.75,derived_ohlc4
HOSE_TPB,TPB,2025-04-23 09:00:00,1674,2,12.17,12.17,11.95,12.0,8547800,103193315.5,derived_ohlc4
HOSE_TPB,TPB,2025-04-24 09:00:00,1675,2,12.04,12.08,11.86,11.95,6904700,82735567.74999999,derived_ohlc4
HOSE_TPB,TPB,2025-04-25 09:00:00,1676,2,12.04,12.08,11.91,11.91,14038800,168255018.0,derived_ohlc4
HOSE_TPB,TPB,2025-04-28 09:00:00,1677,2,12.08,12.08,11.91,12.0,8453300,101587532.75,derived_ohlc4
HOSE_TPB,TPB,2025-04-29 09:00:00,1678,2,12.04,12.13,12.0,12.08,7014500,84612406.25,derived_ohlc4
HOSE_TPB,TPB,2025-05-05 09:00:00,1679,2,12.17,12.22,12.04,12.08,4493800,54498559.5,derived_ohlc4
HOSE_TPB,TPB,2025-05-06 09:00:00,1680,2,12.0,12.4,12.0,12.26,14692900,178739128.5,derived_ohlc4
HOSE_TPB,TPB,2025-05-07 09:00:00,1681,2,12.44,12.44,12.26,12.35,12153500,150369178.75,derived_ohlc4
HOSE_TPB,TPB,2025-05-08 09:00:00,1682,2,12.44,12.57,12.4,12.48,17146100,213854732.25,derived_ohlc4
HOSE_TPB,TPB,2025-05-09 09:00:00,1683,2,12.62,12.62,12.44,12.48,17752400,222615095.99999997,derived_ohlc4
HOSE_TPB,TPB,2025-05-12 09:00:00,1684,2,12.57,13.15,12.53,13.11,34278300,440133372.0,derived_ohlc4
HOSE_TPB,TPB,2025-05-13 09:00:00,1685,2,13.3,13.3,12.87,12.96,18602700,243834890.25,derived_ohlc4
HOSE_TPB,TPB,2025-05-14 09:00:00,1686,2,13.01,13.15,12.96,13.15,14763500,192922036.25,derived_ohlc4
HOSE_TPB,TPB,2025-05-15 09:00:00,1687,2,13.15,13.25,12.92,13.11,14236200,186600991.5,derived_ohlc4
HOSE_TPB,TPB,2025-05-16 09:00:00,1688,2,13.06,13.11,12.92,12.96,8585600,111720120.00000001,derived_ohlc4
HOSE_TPB,TPB,2025-05-19 09:00:00,1689,2,12.87,12.92,12.77,12.82,8525600,109511332.0,derived_ohlc4
HOSE_TPB,TPB,2025-05-20 09:00:00,1690,2,12.82,12.92,12.72,12.87,10472800,134392206.0,derived_ohlc4
HOSE_TPB,TPB,2025-05-21 09:00:00,1691,2,12.87,13.11,12.82,12.87,15401200,198945000.99999997,derived_ohlc4
HOSE_TPB,TPB,2025-05-22 09:00:00,1692,2,12.82,12.87,12.63,12.68,15410500,196483875.0,derived_ohlc4
HOSE_TPB,TPB,2025-05-23 09:00:00,1693,2,12.68,12.72,12.53,12.63,9575500,121034320.0,derived_ohlc4
HOSE_TPB,TPB,2025-05-26 09:00:00,1694,2,12.68,12.77,12.39,12.72,9088300,114876112.0,derived_ohlc4
HOSE_TPB,TPB,2025-05-27 09:00:00,1695,2,12.72,12.82,12.39,12.72,11170500,141446456.25,derived_ohlc4
HOSE_TPB,TPB,2025-05-28 09:00:00,1696,2,12.77,12.87,12.68,12.72,8508800,108572288.0,derived_ohlc4
HOSE_TPB,TPB,2025-05-29 09:00:00,1697,2,12.77,12.82,12.72,12.77,7026200,89724574.0,derived_ohlc4
HOSE_TPB,TPB,2025-05-30 09:00:00,1698,2,12.77,12.82,12.58,12.63,7899800,100327460.00000001,derived_ohlc4
HOSE_TPB,TPB,2025-06-02 09:00:00,1699,2,12.3,12.53,12.15,12.49,21637900,267606728.25,derived_ohlc4
HOSE_TPB,TPB,2025-06-03 09:00:00,1700,2,12.53,12.68,12.53,12.63,7560600,95206855.50000001,derived_ohlc4
HOSE_TPB,TPB,2025-06-04 09:00:00,1701,2,12.63,12.68,12.49,12.49,8553600,107540136.00000001,derived_ohlc4
HOSE_TPB,TPB,2025-06-05 09:00:00,1702,2,12.58,12.58,12.49,12.53,4778700,59948791.5,derived_ohlc4
HOSE_TPB,TPB,2025-06-06 09:00:00,1703,2,12.53,12.58,12.44,12.49,6755000,84505050.0,derived_ohlc4
HOSE_TPB,TPB,2025-06-09 09:00:00,1704,2,12.49,12.53,12.39,12.44,5645200,70353304.99999999,derived_ohlc4
HOSE_TPB,TPB,2025-06-10 09:00:00,1705,2,12.44,12.53,12.39,12.44,4591700,57166665.0,derived_ohlc4
HOSE_TPB,TPB,2025-06-11 09:00:00,1706,2,12.49,12.72,12.44,12.63,9199300,115635201.0,derived_ohlc4
HOSE_TPB,TPB,2025-06-12 09:00:00,1707,2,12.63,12.72,12.58,12.68,7342100,92895920.25,derived_ohlc4
HOSE_TPB,TPB,2025-06-13 09:00:00,1708,2,12.58,12.68,12.49,12.58,15361500,193286073.75,derived_ohlc4
HOSE_TPB,TPB,2025-06-16 09:00:00,1709,2,12.58,12.72,12.53,12.68,8624300,108903348.25,derived_ohlc4
HOSE_TPB,TPB,2025-06-17 09:00:00,1710,2,12.77,13.06,12.72,12.87,15758100,202570375.49999997,derived_ohlc4
HOSE_TPB,TPB,2025-06-18 09:00:00,1711,2,12.92,12.92,12.72,12.77,5248200,67347526.5,derived_ohlc4
HOSE_TPB,TPB,2025-06-19 09:00:00,1712,2,12.77,12.87,12.72,12.77,4779800,61097793.49999999,derived_ohlc4
HOSE_TPB,TPB,2025-06-20 09:00:00,1713,2,12.72,12.87,12.68,12.72,6952300,88624444.24999999,derived_ohlc4
HOSE_TPB,TPB,2025-06-23 09:00:00,1714,2,12.58,12.68,12.53,12.68,6859100,86544694.25,derived_ohlc4
HOSE_TPB,TPB,2025-06-24 09:00:00,1715,2,12.77,12.77,12.63,12.63,6089300,77334110.0,derived_ohlc4
HOSE_TPB,TPB,2025-06-25 09:00:00,1716,2,12.68,12.87,12.63,12.77,11605600,147826330.0,derived_ohlc4
HOSE_TPB,TPB,2025-06-26 09:00:00,1717,2,12.77,12.82,12.68,12.72,4858000,61927354.99999999,derived_ohlc4
HOSE_TPB,TPB,2025-06-27 09:00:00,1718,2,12.77,12.82,12.68,12.77,8293800,105828887.99999999,derived_ohlc4
HOSE_TPB,TPB,2025-06-30 09:00:00,1719,2,12.82,12.92,12.77,12.82,12750800,163624641.00000003,derived_ohlc4
HOSE_TPB,TPB,2025-07-01 09:00:00,1720,2,12.92,12.96,12.82,12.92,13097300,169020656.5,derived_ohlc4
HOSE_TPB,TPB,2025-07-02 09:00:00,1721,2,12.92,13.01,12.87,12.96,9756200,126245228.0,derived_ohlc4
HOSE_TPB,TPB,2025-07-03 09:00:00,1722,2,13.01,13.3,12.92,13.11,27252400,356597654.0,derived_ohlc4
HOSE_TPB,TPB,2025-07-04 09:00:00,1723,2,13.15,13.25,13.11,13.11,10473100,137773630.5,derived_ohlc4
HOSE_TPB,TPB,2025-07-07 09:00:00,1724,2,13.11,13.53,13.11,13.49,26250600,349395486.0,derived_ohlc4
HOSE_TPB,TPB,2025-07-08 09:00:00,1725,2,13.3,13.49,13.25,13.34,32540400,434251637.99999994,derived_ohlc4
HOSE_TPB,TPB,2025-07-09 09:00:00,1726,2,13.44,14.25,13.39,14.2,62035800,857334756.0,derived_ohlc4
HOSE_TPB,TPB,2025-07-10 09:00:00,1727,2,14.3,14.35,14.01,14.15,17093800,242774694.49999997,derived_ohlc4
HOSE_TPB,TPB,2025-07-11 09:00:00,1728,2,14.15,14.44,14.06,14.15,26321200,373761040.0,derived_ohlc4
HOSE_TPB,TPB,2025-07-14 09:00:00,1729,2,14.15,14.2,13.87,14.2,20660000,291409300.0,derived_ohlc4
HOSE_TPB,TPB,2025-07-15 09:00:00,1730,2,14.25,14.39,14.06,14.06,19482400,276455256.0,derived_ohlc4
HOSE_TPB,TPB,2025-07-16 09:00:00,1731,2,14.01,14.2,14.01,14.2,15927900,224663029.5,derived_ohlc4
HOSE_TPB,TPB,2025-07-17 09:00:00,1732,2,14.3,14.44,14.11,14.2,19292100,275153576.25,derived_ohlc4
HOSE_TPB,TPB,2025-07-18 09:00:00,1733,2,14.25,14.63,14.15,14.39,26879600,385856658.0,derived_ohlc4
HOSE_TPB,TPB,2025-07-21 09:00:00,1734,2,14.54,14.58,14.35,14.39,21259300,307515774.5,derived_ohlc4
HOSE_TPB,TPB,2025-07-22 09:00:00,1735,2,14.35,14.73,14.15,14.58,28514100,412100030.24999994,derived_ohlc4
HOSE_TPB,TPB,2025-07-23 09:00:00,1736,2,14.73,14.82,14.54,14.68,27098100,398138834.25,derived_ohlc4
HOSE_TPB,TPB,2025-07-24 09:00:00,1737,2,14.68,15.16,14.68,14.87,28826900,428007397.74999994,derived_ohlc4
HOSE_TPB,TPB,2025-07-25 09:00:00,1738,2,15.01,15.06,14.77,14.87,23916200,357009075.5,derived_ohlc4
HOSE_TPB,TPB,2025-07-28 09:00:00,1739,2,14.92,15.73,14.87,15.68,42094400,644044320.0,derived_ohlc4
HOSE_TPB,TPB,2025-07-29 09:00:00,1740,2,15.82,15.82,14.58,14.58,48783300,741506160.0,derived_ohlc4
HOSE_TPB,TPB,2025-07-30 09:00:00,1741,2,14.68,15.25,14.58,15.16,28359900,423058808.25,derived_ohlc4
HOSE_TPB,TPB,2025-07-31 09:00:00,1742,2,15.3,15.35,14.73,14.96,19584200,295427657.0,derived_ohlc4
HOSE_TPB,TPB,2025-08-01 09:00:00,1743,2,14.96,15.01,14.63,14.96,20589500,306577655.0,derived_ohlc4
HOSE_TPB,TPB,2025-08-04 09:00:00,1744,2,14.77,15.97,14.77,15.97,58130500,893465785.0,derived_ohlc4
HOSE_TPB,TPB,2025-08-05 09:00:00,1745,2,16.63,17.06,16.06,16.78,95593800,1589963878.5,derived_ohlc4
HOSE_TPB,TPB,2025-08-06 09:00:00,1746,2,17.25,17.92,16.97,17.35,52729600,916044976.0000001,derived_ohlc4
HOSE_TPB,TPB,2025-08-07 09:00:00,1747,2,17.49,18.54,17.16,18.54,73654600,1320811114.4999998,derived_ohlc4
HOSE_TPB,TPB,2025-08-08 09:00:00,1748,2,18.83,19.16,18.21,18.44,43594800,813478968.0,derived_ohlc4
HOSE_TPB,TPB,2025-08-11 09:00:00,1749,2,18.49,18.78,17.97,18.63,60916300,1124971770.2499998,derived_ohlc4
HOSE_TPB,TPB,2025-08-12 09:00:00,1750,2,18.78,18.87,18.06,18.3,41379400,765622348.5,derived_ohlc4
HOSE_TPB,TPB,2025-08-13 09:00:00,1751,2,18.3,18.59,17.68,18.25,43125300,785096086.4999999,derived_ohlc4
HOSE_TPB,TPB,2025-08-14 09:00:00,1752,2,18.25,19.4,18.25,18.87,71645800,1339239116.5,derived_ohlc4
HOSE_TPB,TPB,2025-08-15 09:00:00,1753,2,19.11,19.11,18.3,18.59,44703500,839419971.25,derived_ohlc4
HOSE_TPB,TPB,2025-08-18 09:00:00,1754,2,18.59,19.64,18.35,19.21,50412200,955185159.5000001,derived_ohlc4
HOSE_TPB,TPB,2025-08-19 09:00:00,1755,2,19.35,20.25,19.21,20.25,70595800,1395325987.0,derived_ohlc4
HOSE_TPB,TPB,2025-08-20 09:00:00,1756,2,20.49,20.54,18.87,19.68,55892900,1111989245.5000002,derived_ohlc4
HOSE_TPB,TPB,2025-08-21 09:00:00,1757,2,20.02,21.02,19.68,21.02,114491700,2339637889.5,derived_ohlc4
HOSE_TPB,TPB,2025-08-22 09:00:00,1758,2,20.97,21.73,19.59,20.59,80694300,1671985896.0000002,derived_ohlc4
HOSE_TPB,TPB,2025-08-25 09:00:00,1759,2,20.59,20.78,19.16,19.16,59487200,1185133742.0,derived_ohlc4
HOSE_TPB,TPB,2025-08-26 09:00:00,1760,2,18.59,20.06,18.4,19.97,49478800,952714294.0,derived_ohlc4
HOSE_TPB,TPB,2025-08-27 09:00:00,1761,2,20.3,20.64,19.11,19.25,54262500,1075754062.5,derived_ohlc4
HOSE_TPB,TPB,2025-08-28 09:00:00,1762,2,19.54,20.02,19.21,19.83,38282600,752253090.0,derived_ohlc4
HOSE_TPB,TPB,2025-08-29 09:00:00,1763,2,20.02,20.4,19.68,19.92,47735900,954956679.5000001,derived_ohlc4
HOSE_TPB,TPB,2025-09-03 09:00:00,1764,2,19.97,20.16,19.73,20.06,27320500,545863590.0,derived_ohlc4
HOSE_TPB,TPB,2025-09-04 09:00:00,1765,2,20.35,20.68,20.06,20.49,37882800,772619706.0,derived_ohlc4
HOSE_TPB,TPB,2025-09-05 09:00:00,1766,2,20.59,20.83,19.64,19.64,47070000,949637250.0,derived_ohlc4
HOSE_TPB,TPB,2025-09-08 09:00:00,1767,2,19.25,19.59,18.44,18.44,54200200,1026009786.0,derived_ohlc4
HOSE_TPB,TPB,2025-09-09 09:00:00,1768,2,18.54,18.68,18.16,18.54,21852800,403839743.99999994,derived_ohlc4
HOSE_TPB,TPB,2025-09-10 09:00:00,1769,2,18.63,18.83,18.21,18.3,20204200,373626168.5,derived_ohlc4
HOSE_TPB,TPB,2025-09-11 09:00:00,1770,2,18.25,18.78,17.54,18.73,33078100,606156182.5,derived_ohlc4
HOSE_TPB,TPB,2025-09-12 09:00:00,1771,2,18.87,18.87,18.44,18.59,13552300,253326367.75000003,derived_ohlc4
HOSE_TPB,TPB,2025-09-15 09:00:00,1772,2,18.63,18.97,18.54,18.87,13096000,245582739.99999997,derived_ohlc4
HOSE_TPB,TPB,2025-09-16 09:00:00,1773,2,19.02,19.11,18.59,18.73,14881100,280694748.75,derived_ohlc4
HOSE_TPB,TPB,2025-09-17 09:00:00,1774,2,18.73,18.78,18.4,18.4,10738100,199487052.75,derived_ohlc4
HOSE_TPB,TPB,2025-09-18 09:00:00,1775,2,18.4,18.54,17.82,17.97,18506300,336490799.74999994,derived_ohlc4
HOSE_TPB,TPB,2025-09-19 09:00:00,1776,2,18.01,18.25,17.73,17.73,12254000,219714220.00000003,derived_ohlc4
HOSE_TPB,TPB,2025-09-22 09:00:00,1777,2,17.82,18.11,17.35,18.11,20761200,370535517.0,derived_ohlc4
HOSE_TPB,TPB,2025-09-23 09:00:00,1778,2,18.06,18.3,17.87,18.3,12062800,218728721.0,derived_ohlc4
HOSE_TPB,TPB,2025-09-24 09:00:00,1779,2,18.25,18.73,17.78,18.73,29866300,548718596.7500001,derived_ohlc4
HOSE_TPB,TPB,2025-09-25 09:00:00,1780,2,18.73,18.78,18.44,18.49,9188700,171001707.0,derived_ohlc4
HOSE_TPB,TPB,2025-09-26 09:00:00,1781,2,18.44,18.54,17.92,17.92,10599500,192963897.50000003,derived_ohlc4
HOSE_TPB,TPB,2025-09-29 09:00:00,1782,2,17.92,18.21,17.78,17.97,7329400,131709317.99999999,derived_ohlc4
HOSE_TPB,TPB,2025-09-30 09:00:00,1783,2,18.01,18.11,17.54,17.97,11734600,210137349.5,derived_ohlc4
HOSE_TPB,TPB,2025-10-01 09:00:00,1784,2,17.97,18.63,17.92,18.4,19780100,360591222.99999994,derived_ohlc4
HOSE_TPB,TPB,2025-10-02 09:00:00,1785,2,18.4,18.63,17.92,17.92,11176400,203606067.0,derived_ohlc4
HOSE_TPB,TPB,2025-10-03 09:00:00,1786,2,17.82,18.01,17.68,17.82,9148300,163137059.75,derived_ohlc4
HOSE_TPB,TPB,2025-10-06 09:00:00,1787,2,18.16,19.02,17.92,18.92,25592500,473589212.50000006,derived_ohlc4
HOSE_TPB,TPB,2025-10-07 09:00:00,1788,2,19.02,19.02,18.44,18.44,12560200,235252546.0,derived_ohlc4
HOSE_TPB,TPB,2025-10-08 09:00:00,1789,2,18.78,18.78,18.21,18.54,21253800,394842469.5,derived_ohlc4
HOSE_TPB,TPB,2025-10-09 09:00:00,1790,2,18.63,19.11,18.49,19.06,42825400,806081091.4999999,derived_ohlc4
HOSE_TPB,TPB,2025-10-10 09:00:00,1791,2,19.16,19.21,18.63,18.68,23788700,450082204.00000006,derived_ohlc4
HOSE_TPB,TPB,2025-10-13 09:00:00,1792,2,18.4,18.63,18.35,18.54,18298800,338161824.0,derived_ohlc4
HOSE_TPB,TPB,2025-10-14 09:00:00,1793,2,18.59,18.87,18.16,18.3,41097900,759489192.0,derived_ohlc4
HOSE_TPB,TPB,2025-10-15 09:00:00,1794,2,18.3,18.92,18.3,18.78,28525100,529853732.5,derived_ohlc4
HOSE_TPB,TPB,2025-10-16 09:00:00,1795,2,18.92,18.92,18.59,18.83,17126800,322240742.0,derived_ohlc4
HOSE_TPB,TPB,2025-10-17 09:00:00,1796,2,18.83,18.87,18.3,18.35,18700200,347589967.5,derived_ohlc4
HOSE_TPB,TPB,2025-10-20 09:00:00,1797,2,18.35,18.35,17.11,17.11,26339100,466992243.0,derived_ohlc4
HOSE_TPB,TPB,2025-10-21 09:00:00,1798,2,16.97,17.54,16.2,17.35,23292000,396313380.0,derived_ohlc4
HOSE_TPB,TPB,2025-10-22 09:00:00,1799,2,17.49,17.54,16.73,17.3,8153400,140768451.0,derived_ohlc4
HOSE_TPB,TPB,2025-10-23 09:00:00,1800,2,17.35,17.4,16.97,16.97,9146100,157061402.25,derived_ohlc4
HOSE_TPB,TPB,2025-10-24 09:00:00,1801,2,17.01,17.11,16.63,17.06,10405100,176392457.75,derived_ohlc4
HOSE_TPB,TPB,2025-10-27 09:00:00,1802,2,17.16,17.2,16.73,16.73,7149400,121218077.00000001,derived_ohlc4
HOSE_TPB,TPB,2025-10-28 09:00:00,1803,2,16.68,17.11,16.63,17.11,8875800,149845693.5,derived_ohlc4
HOSE_TPB,TPB,2025-10-29 09:00:00,1804,2,17.16,17.54,17.06,17.3,10934100,188777236.5,derived_ohlc4
HOSE_TPB,TPB,2025-10-30 09:00:00,1805,2,17.5,17.5,17.15,17.15,5633500,97600387.5,derived_ohlc4
HOSE_TPB,TPB,2025-10-31 09:00:00,1806,2,17.1,17.3,16.65,16.65,8998600,152301305.0,derived_ohlc4
HOSE_TPB,TPB,2025-11-03 09:00:00,1807,2,16.8,17.3,16.65,16.65,20592700,346986995.0,derived_ohlc4
HOSE_TPB,TPB,2025-11-04 09:00:00,1808,2,16.65,17.45,16.55,17.25,16470600,279588434.99999994,derived_ohlc4
HOSE_TPB,TPB,2025-11-05 09:00:00,1809,2,17.2,17.25,16.85,16.9,4660000,79453000.0,derived_ohlc4
HOSE_TPB,TPB,2025-11-06 09:00:00,1810,2,16.9,17.15,16.75,16.9,4174700,70656797.49999999,derived_ohlc4
HOSE_TPB,TPB,2025-11-07 09:00:00,1811,2,16.8,16.95,16.35,16.5,8560700,142535655.0,derived_ohlc4
HOSE_TPB,TPB,2025-11-10 09:00:00,1812,2,16.5,16.8,16.45,16.5,5423200,89821750.0,derived_ohlc4
HOSE_TPB,TPB,2025-11-11 09:00:00,1813,2,16.55,16.9,16.45,16.9,4332600,72354420.00000001,derived_ohlc4
HOSE_TPB,TPB,2025-11-12 09:00:00,1814,2,16.9,17.3,16.75,17.3,10048700,171455943.75,derived_ohlc4
HOSE_TPB,TPB,2025-11-13 09:00:00,1815,2,17.2,17.25,16.95,16.95,4498500,76868118.75000001,derived_ohlc4
HOSE_TPB,TPB,2025-11-14 09:00:00,1816,2,16.95,17.0,16.8,16.95,4315300,73036452.5,derived_ohlc4
HOSE_TPB,TPB,2025-11-17 09:00:00,1817,2,17.0,17.2,16.9,17.15,4670500,79690406.25,derived_ohlc4
HOSE_TPB,TPB,2025-11-18 09:00:00,1818,2,17.15,17.6,17.1,17.6,13307100,231044523.75,derived_ohlc4
HOSE_TPB,TPB,2025-11-19 09:00:00,1819,2,17.6,17.6,17.15,17.15,4219000,73305125.0,derived_ohlc4
HOSE_TPB,TPB,2025-11-20 09:00:00,1820,2,17.2,17.3,17.0,17.25,4211000,72376562.5,derived_ohlc4
HOSE_TPB,TPB,2025-11-21 09:00:00,1821,2,17.05,17.25,16.85,17.25,5447600,93153960.00000001,derived_ohlc4
HOSE_TPB,TPB,2025-11-24 09:00:00,1822,2,17.25,17.3,17.0,17.25,6498000,111765600.0,derived_ohlc4
HOSE_TPB,TPB,2025-11-25 09:00:00,1823,2,17.1,17.25,16.85,16.95,5087000,86669762.5,derived_ohlc4
HOSE_TPB,TPB,2025-11-26 09:00:00,1824,2,16.9,17.45,16.9,17.4,6895100,118337153.74999999,derived_ohlc4
HOSE_TPB,TPB,2025-11-27 09:00:00,1825,2,17.4,17.8,17.3,17.35,8297800,144900332.5,derived_ohlc4
HOSE_TPB,TPB,2025-11-28 09:00:00,1826,2,17.35,17.4,17.0,17.3,3772500,65122781.25,derived_ohlc4
HOSE_TPB,TPB,2025-12-01 09:00:00,1827,2,17.2,17.25,17.0,17.0,4157400,71143507.5,derived_ohlc4
HOSE_TPB,TPB,2025-12-02 09:00:00,1828,2,17.0,17.15,16.85,17.1,6543900,111409897.49999999,derived_ohlc4
HOSE_TPB,TPB,2025-12-03 09:00:00,1829,2,17.15,17.65,17.15,17.35,17159000,297279675.0,derived_ohlc4
HOSE_TPB,TPB,2025-12-04 09:00:00,1830,2,17.35,17.65,17.35,17.6,16127000,282020912.5,derived_ohlc4
HOSE_TPB,TPB,2025-12-05 09:00:00,1831,2,17.7,17.75,17.25,17.4,7624600,133621114.99999999,derived_ohlc4
HOSE_TPB,TPB,2025-12-08 09:00:00,1832,2,17.35,17.45,17.15,17.2,4425100,76498916.24999999,derived_ohlc4
HOSE_TPB,TPB,2025-12-09 09:00:00,1833,2,17.15,17.25,16.7,16.9,16834200,286181400.0,derived_ohlc4
HOSE_TPB,TPB,2025-12-10 09:00:00,1834,2,16.9,17.1,16.9,16.9,2980100,50512695.0,derived_ohlc4
HOSE_TPB,TPB,2025-12-11 09:00:00,1835,2,16.95,17.05,16.75,16.8,6528300,110246666.25,derived_ohlc4
HOSE_TPB,TPB,2025-12-12 09:00:00,1836,2,16.8,16.9,16.35,16.35,9135900,151655940.0,derived_ohlc4
HOSE_TPB,TPB,2025-12-15 09:00:00,1837,2,16.3,16.5,16.25,16.35,7333700,119905995.00000001,derived_ohlc4
HOSE_TPB,TPB,2025-12-16 09:00:00,1838,2,16.35,16.8,15.9,16.8,10785400,177554647.50000003,derived_ohlc4
HOSE_TPB,TPB,2025-12-17 09:00:00,1839,2,16.7,16.9,16.5,16.5,4972400,82790460.0,derived_ohlc4
HOSE_TPB,TPB,2025-12-18 09:00:00,1840,2,16.5,16.7,16.45,16.7,3417100,56681146.25000001,derived_ohlc4
HOSE_TPB,TPB,2025-12-19 09:00:00,1841,2,16.75,16.85,16.65,16.85,3947500,66219312.49999999,derived_ohlc4
HOSE_TPB,TPB,2025-12-22 09:00:00,1842,2,16.95,17.4,16.8,17.3,12313500,210714768.74999997,derived_ohlc4
HOSE_TPB,TPB,2025-12-23 09:00:00,1843,2,17.4,17.65,16.95,17.35,11798600,204558227.49999997,derived_ohlc4
HOSE_TPB,TPB,2025-12-24 09:00:00,1844,2,17.35,17.6,17.1,17.4,5933400,103018657.5,derived_ohlc4
HOSE_TPB,TPB,2025-12-25 09:00:00,1845,2,17.45,17.55,17.0,17.0,6278500,108304125.0,derived_ohlc4
HOSE_TPB,TPB,2025-12-26 09:00:00,1846,2,16.9,17.15,16.6,16.95,7454900,125987809.99999999,derived_ohlc4
HOSE_TPB,TPB,2025-12-29 09:00:00,1847,2,17.0,17.15,16.9,16.9,4987800,84730252.49999999,derived_ohlc4
HOSE_TPB,TPB,2025-12-30 09:00:00,1848,2,17.0,17.3,16.95,17.15,9182200,157015620.0,derived_ohlc4
HOSE_TPB,TPB,2025-12-31 09:00:00,1849,2,17.25,17.25,17.1,17.1,4734200,81309885.0,derived_ohlc4
HOSE_TPB,TPB,2026-01-05 09:00:00,1850,2,17.15,17.2,16.55,16.6,9746200,164467125.0,derived_ohlc4
HOSE_TPB,TPB,2026-01-06 09:00:00,1851,2,16.75,17.15,16.55,17.05,9984600,168490125.0,derived_ohlc4
HOSE_TPB,TPB,2026-01-07 09:00:00,1852,2,17.2,17.65,17.1,17.45,24298100,421572034.99999994,derived_ohlc4
HOSE_TPB,TPB,2026-01-08 09:00:00,1853,2,17.5,18.15,17.3,17.65,28555100,503997514.99999994,derived_ohlc4
HOSE_TPB,TPB,2026-01-09 09:00:00,1854,2,17.9,18.0,17.5,17.6,23633700,419498175.0,derived_ohlc4
HOSE_TPB,TPB,2026-01-12 09:00:00,1855,2,17.6,18.4,17.55,18.2,31613600,567068950.0,derived_ohlc4
HOSE_TPB,TPB,2026-01-13 09:00:00,1856,2,18.3,18.5,17.85,17.9,25027900,453943536.25,derived_ohlc4
HOSE_TPB,TPB,2026-01-14 09:00:00,1857,2,17.95,17.95,17.5,17.5,16879600,299190910.0,derived_ohlc4
HOSE_TPB,TPB,2026-01-15 09:00:00,1858,2,17.5,17.65,17.3,17.4,9922700,173275148.75,derived_ohlc4
HOSE_TPB,TPB,2026-01-16 09:00:00,1859,2,17.65,17.7,17.35,17.4,8678500,152090712.5,derived_ohlc4
HOSE_TPB,TPB,2026-01-19 09:00:00,1860,2,17.4,17.5,17.3,17.35,5048400,87779055.00000001,derived_ohlc4
HOSE_TPB,TPB,2026-01-20 09:00:00,1861,2,17.4,17.8,17.4,17.45,19291000,337833637.5,derived_ohlc4
HOSE_TPB,TPB,2026-01-21 09:00:00,1862,2,17.3,17.45,17.1,17.2,7502100,129505001.25,derived_ohlc4
HOSE_TPB,TPB,2026-01-22 09:00:00,1863,2,17.2,17.6,17.2,17.4,7320300,127007205.00000001,derived_ohlc4
HOSE_TPB,TPB,2026-01-23 09:00:00,1864,2,17.4,17.5,17.2,17.25,6045100,104806921.24999999,derived_ohlc4
HOSE_TPB,TPB,2026-01-26 09:00:00,1865,2,17.15,17.25,16.8,17.1,9056800,154644860.00000003,derived_ohlc4
HOSE_TPB,TPB,2026-01-27 09:00:00,1866,2,17.05,17.25,17.0,17.2,7435400,127331225.0,derived_ohlc4
HOSE_TPB,TPB,2026-01-28 09:00:00,1867,2,17.25,17.25,16.85,16.9,6350500,108355406.25,derived_ohlc4
HOSE_TPB,TPB,2026-01-29 09:00:00,1868,2,16.9,17.1,16.7,16.7,5243000,88344550.00000001,derived_ohlc4
HOSE_TPB,TPB,2026-01-30 09:00:00,1869,2,16.8,17.2,16.65,17.2,6437600,109197789.99999999,derived_ohlc4
HOSE_TPB,TPB,2026-02-02 09:00:00,1870,2,17.2,17.35,17.0,17.0,7436300,127439591.25,derived_ohlc4
HOSE_TPB,TPB,2026-02-03 09:00:00,1871,2,17.2,17.35,16.95,17.15,8592700,147472213.75,derived_ohlc4
HOSE_TPB,TPB,2026-02-04 09:00:00,1872,2,17.15,17.45,17.1,17.4,8474000,146388350.0,derived_ohlc4
HOSE_TPB,TPB,2026-02-05 09:00:00,1873,2,17.4,17.55,17.1,17.1,5380800,93020580.00000001,derived_ohlc4
HOSE_TPB,TPB,2026-02-06 09:00:00,1874,2,17.05,17.1,16.75,16.8,8877300,150248302.5,derived_ohlc4
HOSE_TPB,TPB,2026-02-09 09:00:00,1875,2,16.9,17.0,16.75,16.8,4925200,83051185.0,derived_ohlc4
HOSE_TPB,TPB,2026-02-10 09:00:00,1876,2,16.7,17.0,16.65,16.8,4365300,73282473.75,derived_ohlc4
HOSE_TPB,TPB,2026-02-11 09:00:00,1877,2,16.8,17.35,16.8,17.35,9392200,160371815.00000003,derived_ohlc4
HOSE_TPB,TPB,2026-02-12 09:00:00,1878,2,17.45,17.5,17.15,17.15,4649600,80496200.0,derived_ohlc4
HOSE_TPB,TPB,2026-02-13 09:00:00,1879,2,17.15,17.5,17.1,17.5,5366800,92912725.0,derived_ohlc4
HOSE_TPB,TPB,2026-02-23 09:00:00,1880,2,17.6,18.05,17.4,18.0,34774400,617680280.0000001,derived_ohlc4
HOSE_TPB,TPB,2026-02-24 09:00:00,1881,2,18.0,18.35,17.65,18.05,34910600,628827182.5,derived_ohlc4
HOSE_TPB,TPB,2026-02-25 09:00:00,1882,2,18.25,18.7,18.05,18.65,50381300,927645686.2500001,derived_ohlc4
HOSE_TPB,TPB,2026-02-26 09:00:00,1883,2,18.8,18.8,18.15,18.35,20461500,379049287.5,derived_ohlc4
HOSE_TPB,TPB,2026-02-27 09:00:00,1884,2,18.45,18.7,18.25,18.4,17459800,322133310.0,derived_ohlc4
HOSE_TPB,TPB,2026-03-02 09:00:00,1885,2,17.9,18.45,17.8,17.8,38690700,695948966.2499999,derived_ohlc4
HOSE_TPB,TPB,2026-03-03 09:00:00,1886,2,17.85,18.2,17.55,17.6,24818800,441774639.99999994,derived_ohlc4
HOSE_TPB,TPB,2026-03-04 09:00:00,1887,2,17.55,17.8,16.6,17.3,30118900,521433456.25,derived_ohlc4
HOSE_TPB,TPB,2026-03-05 09:00:00,1888,2,17.5,17.7,17.05,17.05,18616900,322537792.5,derived_ohlc4
HOSE_TPB,TPB,2026-03-06 09:00:00,1889,2,17.0,17.25,16.85,16.85,14312800,243138690.0,derived_ohlc4
HOSE_TPB,TPB,2026-03-09 09:00:00,1890,2,15.8,16.5,15.7,15.7,28431800,452776415.0,derived_ohlc4
HOSE_TPB,TPB,2026-03-10 09:00:00,1891,2,16.1,16.35,15.7,16.0,22268300,357127861.25000006,derived_ohlc4
HOSE_TPB,TPB,2026-03-11 09:00:00,1892,2,16.05,16.7,16.0,16.45,21018900,342608070.0,derived_ohlc4
HOSE_TPB,TPB,2026-03-12 09:00:00,1893,2,16.2,16.45,15.95,16.05,13103500,211785318.74999997,derived_ohlc4
HOSE_TPB,TPB,2026-03-13 09:00:00,1894,2,16.1,16.2,15.85,16.0,11262700,180625551.25000003,derived_ohlc4
HOSE_TPB,TPB,2026-03-16 09:00:00,1895,2,16.1,16.2,15.95,16.0,6987300,112233506.25,derived_ohlc4
HOSE_TPB,TPB,2026-03-17 09:00:00,1896,2,16.15,16.35,16.1,16.1,6385100,103278992.5,derived_ohlc4
HOSE_TPB,TPB,2026-03-18 09:00:00,1897,2,16.2,16.35,15.9,16.05,8612200,138871725.0,derived_ohlc4
HOSE_TPB,TPB,2026-03-19 09:00:00,1898,2,15.85,16.1,15.75,16.0,11842100,188585442.5,derived_ohlc4
HOSE_TPB,TPB,2026-03-20 09:00:00,1899,2,15.9,16.0,15.8,15.8,4820600,76527025.0,derived_ohlc4
HOSE_TPB,TPB,2026-03-23 09:00:00,1900,2,15.6,15.75,15.1,15.1,11931000,183588262.5,derived_ohlc4
HOSE_TPB,TPB,2026-03-24 09:00:00,1901,2,15.5,15.95,15.35,15.8,11898000,186203699.99999997,derived_ohlc4
HOSE_TPB,TPB,2026-03-25 09:00:00,1902,2,15.85,16.2,15.8,16.15,11989200,191827199.99999997,derived_ohlc4
HOSE_TPB,TPB,2026-03-26 09:00:00,1903,2,16.15,16.15,15.9,15.9,6802600,109011664.99999999,derived_ohlc4
HOSE_TPB,TPB,2026-03-27 09:00:00,1904,2,15.9,16.3,15.9,16.25,9247800,148773982.5,derived_ohlc4
HOSE_TPB,TPB,2026-03-30 09:00:00,1905,2,15.9,16.2,15.85,15.95,5128400,81926190.0,derived_ohlc4
HOSE_TPB,TPB,2026-03-31 09:00:00,1906,2,16.05,16.5,16.0,16.3,11363300,184227501.24999997,derived_ohlc4
HOSE_TPB,TPB,2026-04-01 09:00:00,1907,2,16.55,16.75,16.3,16.35,11594500,191164318.74999997,derived_ohlc4
HOSE_TPB,TPB,2026-04-02 09:00:00,1908,2,16.25,16.25,15.95,16.0,5650100,91037236.25,derived_ohlc4
HOSE_TPB,TPB,2026-04-03 09:00:00,1909,2,16.15,16.15,15.95,16.0,4118600,66155012.5,derived_ohlc4
HOSE_TPB,TPB,2026-04-06 09:00:00,1910,2,16.0,16.1,15.85,15.85,4698000,74933100.0,derived_ohlc4
HOSE_TPB,TPB,2026-04-07 09:00:00,1911,2,15.95,16.0,15.55,15.75,9187900,145283668.75,derived_ohlc4
HOSE_TPB,TPB,2026-04-08 09:00:00,1912,2,16.2,16.6,16.15,16.5,17311600,283261054.99999994,derived_ohlc4
HOSE_TPB,TPB,2026-04-09 09:00:00,1913,2,16.45,16.45,16.25,16.25,5397600,88250760.00000001,derived_ohlc4
HOSE_TPB,TPB,2026-04-10 09:00:00,1914,2,16.4,16.9,16.3,16.3,8878700,146276582.49999997,derived_ohlc4
HOSE_TPB,TPB,2026-04-13 09:00:00,1915,2,16.2,16.5,16.1,16.35,7939500,129314606.25000001,derived_ohlc4
HOSE_TPB,TPB,2026-04-14 09:00:00,1916,2,16.5,16.7,16.4,16.45,8610800,142185835.0,derived_ohlc4
HOSE_TPB,TPB,2026-04-15 09:00:00,1917,2,16.45,16.6,16.35,16.4,6809100,112009695.0,derived_ohlc4
HOSE_TPB,TPB,2026-04-16 09:00:00,1918,2,16.4,16.45,16.2,16.25,6088700,99398027.5,derived_ohlc4
HOSE_TPB,TPB,2026-04-17 09:00:00,1919,2,16.25,16.4,16.2,16.25,6009400,97802984.99999999,derived_ohlc4
HOSE_TPB,TPB,2026-04-20 09:00:00,1920,2,16.25,16.5,16.25,16.4,6485400,106036290.00000001,derived_ohlc4
HOSE_TPB,TPB,2026-04-21 09:00:00,1921,2,16.45,16.5,16.25,16.25,6860400,112253295.0,derived_ohlc4
HOSE_TPB,TPB,2026-04-22 09:00:00,1922,2,16.35,16.35,16.15,16.3,5312400,86525715.00000001,derived_ohlc4
HOSE_TPB,TPB,2026-04-23 09:00:00,1923,2,16.3,16.65,16.25,16.3,7412000,121371500.0,derived_ohlc4
HOSE_TPB,TPB,2026-04-24 09:00:00,1924,2,16.35,16.45,16.25,16.3,4051000,66183212.49999999,derived_ohlc4
HOSE_TPB,TPB,2026-04-28 09:00:00,1925,2,16.3,16.4,16.25,16.25,4413200,71935160.0,derived_ohlc4
HOSE_TPB,TPB,2026-04-29 09:00:00,1926,2,16.25,16.4,16.15,16.25,4029500,65529743.75,derived_ohlc4
HOSE_TPB,TPB,2026-05-04 09:00:00,1927,2,16.25,16.45,16.25,16.3,6862500,111944531.25,derived_ohlc4
HOSE_TPB,TPB,2026-05-05 09:00:00,1928,2,16.25,16.3,15.95,16.25,11225300,181709543.75,derived_ohlc4
HOSE_TPB,TPB,2026-05-06 09:00:00,1929,2,16.2,16.3,16.0,16.25,7676800,124268200.0,derived_ohlc4
HOSE_TPB,TPB,2026-05-07 09:00:00,1930,2,16.25,16.35,16.05,16.05,10346200,167349785.0,derived_ohlc4
HOSE_TPB,TPB,2026-05-08 09:00:00,1931,2,16.05,16.2,15.95,16.0,12442900,199708545.0,derived_ohlc4
HOSE_TPB,TPB,2026-05-11 09:00:00,1932,2,16.1,16.1,15.75,15.75,12446900,198216882.5,derived_ohlc4
HOSE_TPB,TPB,2026-05-12 09:00:00,1933,2,15.8,15.85,15.5,15.8,11282100,177552048.75,derived_ohlc4
HOSE_TPB,TPB,2026-05-13 09:00:00,1934,2,15.8,15.85,15.55,15.6,7045100,110608070.00000001,derived_ohlc4
HOSE_TPB,TPB,2026-05-14 09:00:00,1935,2,15.7,16.0,15.6,15.85,11037200,174249795.0,derived_ohlc4
HOSE_TPB,TPB,2026-05-15 09:00:00,1936,2,15.9,15.95,15.7,15.7,2817200,44546975.0,derived_ohlc4
HOSE_TPB,TPB,2026-05-18 09:00:00,1937,2,15.7,15.7,15.5,15.5,7794500,121594200.0,derived_ohlc4
HOSE_TPB,TPB,2026-05-19 09:00:00,1938,2,15.65,15.7,15.35,15.35,8041100,124737563.75000001,derived_ohlc4
HOSE_TPB,TPB,2026-05-20 09:00:00,1939,2,15.45,15.65,15.15,15.5,13707400,211607987.5,derived_ohlc4
HOSE_TPB,TPB,2026-05-21 09:00:00,1940,2,15.6,15.65,15.5,15.6,5920600,92287352.5,derived_ohlc4
HOSE_TPB,TPB,2026-05-22 09:00:00,1941,2,15.6,15.6,15.4,15.55,4716400,73281065.0,derived_ohlc4
HOSE_TPB,TPB,2026-05-25 09:00:00,1942,2,15.6,15.7,15.5,15.6,4907800,76561680.0,derived_ohlc4
HOSE_TPB,TPB,2026-05-26 09:00:00,1943,2,15.6,15.9,15.6,15.8,10799100,169815847.50000003,derived_ohlc4
HOSE_TPB,TPB,2026-05-27 09:00:00,1944,2,15.85,16.3,15.8,16.25,22070600,354233130.0,derived_ohlc4
HOSE_TPB,TPB,2026-05-28 09:00:00,1945,2,16.25,16.25,15.9,15.9,7024400,112917230.0,derived_ohlc4
HOSE_TPB,TPB,2026-05-29 09:00:00,1946,2,15.9,16.15,15.85,15.9,10467100,166950245.0,derived_ohlc4
HOSE_TPB,TPB,2026-06-01 09:00:00,1947,2,16.0,16.05,15.7,15.7,7151500,113440668.75,derived_ohlc4
HOSE_TPB,TPB,2026-06-02 09:00:00,1948,2,15.75,15.8,15.55,15.6,7023600,110094930.0,derived_ohlc4
HOSE_TPB,TPB,2026-06-03 09:00:00,1949,2,15.6,15.9,15.6,15.7,7620800,119646560.0,derived_ohlc4
HOSE_TPB,TPB,2026-06-04 09:00:00,1950,2,15.7,15.95,15.7,15.95,7207400,114057105.0,derived_ohlc4
HOSE_TPB,TPB,2026-06-05 09:00:00,1951,2,15.95,16.4,15.95,16.2,28615800,461429775.0,derived_ohlc4
HOSE_TPB,TPB,2026-06-08 09:00:00,1952,2,16.05,16.1,15.8,15.8,10799200,172112250.0,derived_ohlc4
HOSE_TPB,TPB,2026-06-09 09:00:00,1953,2,15.85,16.0,15.75,16.0,5911300,93989670.0,derived_ohlc4
HOSE_TPB,TPB,2026-06-10 09:00:00,1954,2,15.95,16.15,15.9,15.95,6641500,106180981.24999999,derived_ohlc4
HOSE_TPB,TPB,2026-06-11 09:00:00,1955,2,15.85,16.05,15.8,15.85,5464100,86810888.75,derived_ohlc4
HOSE_TPB,TPB,2026-06-12 09:00:00,1956,2,16.05,16.6,16.0,16.35,44500500,723133125.0,derived_ohlc4
HOSE_TPB,TPB,2026-06-15 09:00:00,1957,2,16.45,16.6,16.3,16.45,19583400,322146930.0,derived_ohlc4
HOSE_TPB,TPB,2026-06-16 09:00:00,1958,2,16.6,16.6,16.3,16.45,15322100,252623123.75,derived_ohlc4
HOSE_TPB,TPB,2026-06-17 09:00:00,1959,2,16.45,16.6,16.3,16.45,16106600,264953570.0,derived_ohlc4
HOSE_TPB,TPB,2026-06-18 09:00:00,1960,2,16.45,16.55,16.15,16.2,18062000,295087925.0,derived_ohlc4
HOSE_TPB,TPB,2026-06-19 09:00:00,1961,2,16.2,16.2,16.05,16.2,7920400,128013465.00000001,derived_ohlc4
HOSE_TPB,TPB,2026-06-22 09:00:00,1962,2,16.25,16.25,16.0,16.25,10984200,177806737.5,derived_ohlc4
HOSE_TPB,TPB,2026-06-23 09:00:00,1963,2,16.25,16.6,16.1,16.15,14302200,232768304.99999997,derived_ohlc4
HOSE_TPB,TPB,2026-06-24 09:00:00,1964,2,16.15,16.2,15.95,16.0,8873700,142644727.5,derived_ohlc4
HOSE_TPB,TPB,2026-06-25 09:00:00,1965,2,16.05,16.25,16.0,16.0,5236700,84179952.5,derived_ohlc4
HOSE_TPB,TPB,2026-06-26 09:00:00,1966,2,16.0,16.2,16.0,16.1,5985600,96218520.00000001,derived_ohlc4
HOSE_TPB,TPB,2026-06-29 09:00:00,1967,2,16.15,16.4,16.15,16.35,10092000,164121150.0,derived_ohlc4
HOSE_TPB,TPB,2026-06-30 09:00:00,1968,2,16.35,16.65,16.25,16.6,32654500,537574706.25,derived_ohlc4
HOSE_TPB,TPB,2026-07-01 09:00:00,1969,2,16.6,16.75,16.5,16.75,21976800,365913719.99999994,derived_ohlc4
HOSE_TPB,TPB,2026-07-02 09:00:00,1970,2,16.8,16.8,16.4,16.5,9887100,164373037.5,derived_ohlc4
HOSE_TPB,TPB,2026-07-03 09:00:00,1971,2,16.5,16.6,16.35,16.55,7418900,122411850.0,derived_ohlc4
HOSE_TPB,TPB,2026-07-06 09:00:00,1972,2,16.65,16.65,16.1,16.2,9645700,158189480.0,derived_ohlc4
HOSE_TPB,TPB,2026-07-07 09:00:00,1973,2,16.25,16.3,16.1,16.2,5916800,95926119.99999999,derived_ohlc4
HOSE_TPB,TPB,2026-07-08 09:00:00,1974,2,16.2,16.5,16.2,16.3,11505800,187544540.0,derived_ohlc4
HOSE_TPB,TPB,2026-07-09 09:00:00,1975,2,16.25,16.45,16.15,16.2,6449600,104886620.0,derived_ohlc4
HOSE_TPB,TPB,2026-07-10 09:00:00,1976,2,16.2,16.25,15.95,15.95,7734900,124435203.75000001,derived_ohlc4
HOSE_TPB,TPB,2026-07-13 09:00:00,1977,2,15.9,15.95,15.35,15.55,14668100,230105818.75,derived_ohlc4
HOSE_TPB,TPB,2026-07-14 09:00:00,1978,2,15.55,15.65,15.3,15.5,7153700,110882350.0,derived_ohlc4
HOSE_TPB,TPB,2026-07-15 09:00:00,1979,2,15.55,15.55,15.25,15.3,7412400,114243615.00000001,derived_ohlc4
HOSE_TPB,TPB,2026-07-16 09:00:00,1980,2,15.25,15.5,15.05,15.4,14125400,216118619.99999997,derived_ohlc4
HOSE_TPB,TPB,2026-07-17 09:00:00,1981,2,15.5,15.5,15.2,15.2,3539600,54332860.00000001,derived_ohlc4
HOSE_TPB,TPB,2026-07-20 09:00:00,1982,2,15.15,15.2,14.45,14.55,11497600,170595639.99999997,derived_ohlc4
HOSE_TPB,TPB,2026-07-21 09:00:00,1983,2,14.4,14.75,14.4,14.55,6349100,92220677.49999999,derived_ohlc4
HOSE_TPB,TPB,2026-07-22 09:00:00,1984,2,14.55,14.75,13.9,14.1,17492600,250581495.00000003,derived_ohlc4
HOSE_TPB,TPB,2026-07-23 09:00:00,1985,2,13.9,14.2,13.75,14.0,15575200,217468730.0,derived_ohlc4
HOSE_TPB,TPB,2026-07-24 09:00:00,1986,2,13.95,14.35,13.75,14.2,12197200,171523125.0,derived_ohlc4
HOSE_TPB,TPB,2026-07-27 09:00:00,1987,2,14.4,14.45,13.9,13.9,6261500,88678493.75,derived_ohlc4
HOSE_TPB,TPB,2026-07-28 09:00:00,1988,2,13.9,14.2,13.8,14.05,8165700,114217728.75,derived_ohlc4
HOSE_TPB,TPB,2026-07-29 09:00:00,1989,2,14.05,14.15,14.0,14.1,4506100,63423357.50000001,derived_ohlc4
HOSE_TPB,TPB,2026-07-30 09:00:00,1990,2,14.05,14.45,14.05,14.4,7989100,113744811.24999999,derived_ohlc4
HOSE_TPB,TPB,2026-07-31 09:00:00,1991,2,14.5,14.7,14.1,14.1,10522700,151000745.0,derived_ohlc4
HOSE_TPB,TPB,2026-08-03 09:00:00,1992,2,14.25,14.6,14.2,14.4,11241900,161461788.75,derived_ohlc4
HOSE_TPB,TPB,2026-08-04 09:00:00,1993,2,14.4,14.55,14.35,14.55,7492500,108360281.25000001,derived_ohlc4
HOSE_TPB,TPB,2026-08-05 09:00:00,1994,2,14.55,15.05,14.55,14.75,20657300,304178742.5,derived_ohlc4
HOSE_TPB,TPB,2026-08-06 09:00:00,1995,2,14.75,14.75,14.45,14.5,6257200,91433335.0,derived_ohlc4
HOSE_TPB,TPB,2026-08-07 09:00:00,1996,2,14.45,14.65,14.35,14.6,4801500,69681768.75,derived_ohlc4
