security_id,symbol,timestamps,session_id,segment_id,open,high,low,close,volume,amount,amount_source
UPCOM_VEA,VEA,2018-08-09 09:00:00,0,0,11.88,11.88,11.46,11.74,813800,9554012.0,derived_ohlc4
UPCOM_VEA,VEA,2018-08-10 09:00:00,1,0,11.65,11.65,11.37,11.55,160600,1855733.0,derived_ohlc4
UPCOM_VEA,VEA,2018-08-13 09:00:00,2,0,11.92,11.97,11.74,11.88,1002100,11902442.750000002,derived_ohlc4
UPCOM_VEA,VEA,2018-08-14 09:00:00,3,0,11.0,12.89,11.0,12.89,1428600,17064627.0,derived_ohlc4
UPCOM_VEA,VEA,2018-08-15 09:00:00,4,0,12.57,13.81,12.43,13.35,1715000,22363600.0,derived_ohlc4
UPCOM_VEA,VEA,2018-08-16 09:00:00,5,0,13.35,13.95,13.21,13.76,2229200,30244670.999999996,derived_ohlc4
UPCOM_VEA,VEA,2018-08-17 09:00:00,6,0,13.76,14.22,13.76,14.22,1668900,23347911.0,derived_ohlc4
UPCOM_VEA,VEA,2018-08-20 09:00:00,7,0,14.27,14.27,13.72,13.81,1408699,19746438.2325,derived_ohlc4
UPCOM_VEA,VEA,2018-08-21 09:00:00,8,0,13.9,13.9,12.89,13.67,1126440,15308319.6,derived_ohlc4
UPCOM_VEA,VEA,2018-08-22 09:00:00,9,0,13.58,13.95,13.58,13.63,598450,8189788.25,derived_ohlc4
UPCOM_VEA,VEA,2018-08-23 09:00:00,10,0,13.58,13.9,13.53,13.9,818760,11239527.899999999,derived_ohlc4
UPCOM_VEA,VEA,2018-08-24 09:00:00,11,0,13.76,13.86,13.63,13.86,290200,3998230.5,derived_ohlc4
UPCOM_VEA,VEA,2018-08-27 09:00:00,12,0,13.67,13.86,13.49,13.58,294000,4013100.0,derived_ohlc4
UPCOM_VEA,VEA,2018-08-28 09:00:00,13,0,13.58,13.58,13.12,13.3,1014795,13593179.025,derived_ohlc4
UPCOM_VEA,VEA,2018-08-29 09:00:00,14,0,13.3,13.3,12.89,13.03,416250,5465362.5,derived_ohlc4
UPCOM_VEA,VEA,2018-08-30 09:00:00,15,0,12.89,13.81,12.89,13.76,625821,8346887.5875,derived_ohlc4
UPCOM_VEA,VEA,2018-08-31 09:00:00,16,0,13.76,13.86,13.63,13.67,284200,3902066.0,derived_ohlc4
UPCOM_VEA,VEA,2018-09-04 09:00:00,17,0,13.72,13.81,13.58,13.76,612425,8400939.9375,derived_ohlc4
UPCOM_VEA,VEA,2018-09-05 09:00:00,18,0,13.58,13.72,13.44,13.58,336320,4567225.6,derived_ohlc4
UPCOM_VEA,VEA,2018-09-06 09:00:00,19,0,13.49,13.63,13.44,13.63,115100,1559317.2500000002,derived_ohlc4
UPCOM_VEA,VEA,2018-09-07 09:00:00,20,0,13.53,13.86,13.53,13.53,450300,6129708.75,derived_ohlc4
UPCOM_VEA,VEA,2018-09-10 09:00:00,21,0,13.63,13.63,13.53,13.58,103800,1410901.5,derived_ohlc4
UPCOM_VEA,VEA,2018-09-11 09:00:00,22,0,13.63,13.81,13.49,13.67,279800,3819270.0,derived_ohlc4
UPCOM_VEA,VEA,2018-09-12 09:00:00,23,0,13.67,13.76,13.49,13.58,136400,1858450.0,derived_ohlc4
UPCOM_VEA,VEA,2018-09-13 09:00:00,24,0,13.53,13.58,13.4,13.58,356651,4822813.1475,derived_ohlc4
UPCOM_VEA,VEA,2018-09-14 09:00:00,25,0,13.58,13.72,13.44,13.58,228700,3105746.0,derived_ohlc4
UPCOM_VEA,VEA,2018-09-17 09:00:00,26,0,13.49,13.58,13.26,13.35,224740,3016010.8,derived_ohlc4
UPCOM_VEA,VEA,2018-09-18 09:00:00,27,0,13.26,13.44,13.21,13.44,220600,2942252.4999999995,derived_ohlc4
UPCOM_VEA,VEA,2018-09-19 09:00:00,28,0,13.44,13.76,13.44,13.76,574270,7810072.0,derived_ohlc4
UPCOM_VEA,VEA,2018-09-20 09:00:00,29,0,13.76,14.41,13.76,14.32,1265400,17794687.5,derived_ohlc4
UPCOM_VEA,VEA,2018-09-21 09:00:00,30,0,14.5,15.47,14.27,15.42,2509960,37436053.4,derived_ohlc4
UPCOM_VEA,VEA,2018-09-24 09:00:00,31,0,15.42,15.88,15.19,15.88,468835,7310309.737500001,derived_ohlc4
UPCOM_VEA,VEA,2018-09-25 09:00:00,32,0,15.51,16.57,15.42,16.34,1043300,16651068.0,derived_ohlc4
UPCOM_VEA,VEA,2018-09-26 09:00:00,33,0,16.34,16.53,16.02,16.3,898480,14642977.799999999,derived_ohlc4
UPCOM_VEA,VEA,2018-09-27 09:00:00,34,0,16.2,16.34,15.56,15.93,525650,8414342.375,derived_ohlc4
UPCOM_VEA,VEA,2018-09-28 09:00:00,35,0,15.88,15.88,15.51,15.7,719400,11325154.5,derived_ohlc4
UPCOM_VEA,VEA,2018-10-01 09:00:00,36,0,15.7,15.7,15.1,15.19,512315,7901178.087499999,derived_ohlc4
UPCOM_VEA,VEA,2018-10-02 09:00:00,37,0,14.96,15.38,14.68,15.33,433020,6533189.25,derived_ohlc4
UPCOM_VEA,VEA,2018-10-03 09:00:00,38,0,15.24,16.43,15.24,16.3,1245530,19682487.825000003,derived_ohlc4
UPCOM_VEA,VEA,2018-10-04 09:00:00,39,0,16.11,16.8,16.11,16.53,665970,10913583.375,derived_ohlc4
UPCOM_VEA,VEA,2018-10-05 09:00:00,40,0,16.53,16.53,15.93,16.11,268300,4366582.5,derived_ohlc4
UPCOM_VEA,VEA,2018-10-08 09:00:00,41,0,15.7,16.07,15.56,15.74,281960,4445804.3,derived_ohlc4
UPCOM_VEA,VEA,2018-10-09 09:00:00,42,0,15.84,16.57,15.65,16.07,155330,2490328.2249999996,derived_ohlc4
UPCOM_VEA,VEA,2018-10-10 09:00:00,43,0,16.11,16.3,15.97,16.25,228220,3687464.65,derived_ohlc4
UPCOM_VEA,VEA,2018-10-11 09:00:00,44,0,15.88,15.88,15.14,15.19,953830,14805826.175,derived_ohlc4
UPCOM_VEA,VEA,2018-10-12 09:00:00,45,0,14.96,16.25,14.87,16.25,1000600,15591849.5,derived_ohlc4
UPCOM_VEA,VEA,2018-10-15 09:00:00,46,0,16.11,16.25,15.65,15.74,102420,1632318.75,derived_ohlc4
UPCOM_VEA,VEA,2018-10-16 09:00:00,47,0,15.84,16.07,15.84,16.07,202500,3230887.5,derived_ohlc4
UPCOM_VEA,VEA,2018-10-17 09:00:00,48,0,16.07,16.11,15.84,15.84,290700,4641025.5,derived_ohlc4
UPCOM_VEA,VEA,2018-10-18 09:00:00,49,0,15.79,15.79,15.33,15.65,456000,7131839.999999999,derived_ohlc4
UPCOM_VEA,VEA,2018-10-19 09:00:00,50,0,15.56,16.11,15.33,15.65,166000,2599975.0,derived_ohlc4
UPCOM_VEA,VEA,2018-10-22 09:00:00,51,0,15.51,16.07,15.51,15.93,302600,4767463.0,derived_ohlc4
UPCOM_VEA,VEA,2018-10-23 09:00:00,52,0,16.11,16.34,15.42,15.61,223800,3551706.0,derived_ohlc4
UPCOM_VEA,VEA,2018-10-24 09:00:00,53,0,15.74,15.84,15.47,15.51,147400,2305336.0,derived_ohlc4
UPCOM_VEA,VEA,2018-10-25 09:00:00,54,0,15.42,15.51,14.73,15.14,643900,9787280.0,derived_ohlc4
UPCOM_VEA,VEA,2018-10-26 09:00:00,55,0,15.19,15.38,15.01,15.01,323500,4900216.25,derived_ohlc4
UPCOM_VEA,VEA,2018-10-29 09:00:00,56,0,15.14,15.19,14.82,15.05,95600,1438780.0,derived_ohlc4
UPCOM_VEA,VEA,2018-10-30 09:00:00,57,0,14.91,15.14,14.91,15.01,94500,1416791.25,derived_ohlc4
UPCOM_VEA,VEA,2018-10-31 09:00:00,58,0,15.19,15.84,15.19,15.84,1147700,17806565.5,derived_ohlc4
UPCOM_VEA,VEA,2018-11-01 09:00:00,59,0,15.84,16.57,15.79,16.39,1392224,22480937.040000003,derived_ohlc4
UPCOM_VEA,VEA,2018-11-02 09:00:00,60,0,16.39,16.85,16.39,16.57,966740,15999547.0,derived_ohlc4
UPCOM_VEA,VEA,2018-11-05 09:00:00,61,0,16.66,16.66,15.93,16.07,219500,3584434.9999999995,derived_ohlc4
UPCOM_VEA,VEA,2018-11-06 09:00:00,62,0,16.11,16.34,16.11,16.11,173810,2810073.1750000003,derived_ohlc4
UPCOM_VEA,VEA,2018-11-07 09:00:00,63,0,16.11,16.11,15.65,15.79,235594,3749478.51,derived_ohlc4
UPCOM_VEA,VEA,2018-11-08 09:00:00,64,0,15.79,16.16,15.79,16.02,214700,3422317.9999999995,derived_ohlc4
UPCOM_VEA,VEA,2018-11-09 09:00:00,65,0,15.74,16.02,15.74,15.84,147900,2341996.5,derived_ohlc4
UPCOM_VEA,VEA,2018-11-12 09:00:00,66,0,15.93,16.07,15.74,15.97,205680,3275968.2,derived_ohlc4
UPCOM_VEA,VEA,2018-11-13 09:00:00,67,0,15.79,16.53,15.79,16.2,741111,11915212.102500001,derived_ohlc4
UPCOM_VEA,VEA,2018-11-14 09:00:00,68,0,16.3,16.39,16.2,16.3,391500,6380471.25,derived_ohlc4
UPCOM_VEA,VEA,2018-11-15 09:00:00,69,0,16.3,17.17,16.3,16.89,1772374,29536612.709999997,derived_ohlc4
UPCOM_VEA,VEA,2018-11-16 09:00:00,70,0,16.89,17.49,16.89,17.49,1139221,19583208.99,derived_ohlc4
UPCOM_VEA,VEA,2018-11-19 09:00:00,71,0,17.26,17.81,16.02,17.63,553860,9515314.8,derived_ohlc4
UPCOM_VEA,VEA,2018-11-20 09:00:00,72,0,17.49,17.49,17.17,17.26,579944,10063478.26,derived_ohlc4
UPCOM_VEA,VEA,2018-11-21 09:00:00,73,0,17.22,17.26,16.76,17.12,460130,7863621.700000001,derived_ohlc4
UPCOM_VEA,VEA,2018-11-22 09:00:00,74,0,17.03,17.26,17.03,17.08,523120,8945352.0,derived_ohlc4
UPCOM_VEA,VEA,2018-11-23 09:00:00,75,0,17.08,17.17,16.8,16.99,532670,9060716.7,derived_ohlc4
UPCOM_VEA,VEA,2018-11-26 09:00:00,76,0,16.94,17.03,16.8,16.94,177530,3005139.0749999997,derived_ohlc4
UPCOM_VEA,VEA,2018-11-27 09:00:00,77,0,16.94,17.49,16.94,17.22,1090700,18702778.25,derived_ohlc4
UPCOM_VEA,VEA,2018-11-28 09:00:00,78,0,17.26,17.77,17.22,17.63,907440,15852976.799999999,derived_ohlc4
UPCOM_VEA,VEA,2018-11-29 09:00:00,79,0,17.63,17.81,17.45,17.45,885500,15571517.5,derived_ohlc4
UPCOM_VEA,VEA,2018-11-30 09:00:00,80,0,17.45,17.68,17.4,17.63,713585,12516280.899999999,derived_ohlc4
UPCOM_VEA,VEA,2018-12-03 09:00:00,81,0,17.81,17.81,17.58,17.72,614010,10886397.299999999,derived_ohlc4
UPCOM_VEA,VEA,2018-12-04 09:00:00,82,0,17.63,17.77,17.58,17.58,469224,8277111.36,derived_ohlc4
UPCOM_VEA,VEA,2018-12-05 09:00:00,83,0,17.63,17.63,17.31,17.49,457660,8015914.8999999985,derived_ohlc4
UPCOM_VEA,VEA,2018-12-06 09:00:00,84,0,17.4,17.45,16.99,17.08,373670,6438334.099999999,derived_ohlc4
UPCOM_VEA,VEA,2018-12-07 09:00:00,85,0,17.08,17.49,17.08,17.4,156594,2703203.9249999993,derived_ohlc4
UPCOM_VEA,VEA,2018-12-10 09:00:00,86,0,17.31,17.31,16.85,16.89,279530,4777167.7,derived_ohlc4
UPCOM_VEA,VEA,2018-12-11 09:00:00,87,0,17.03,17.17,16.8,17.08,239660,4079013.1999999997,derived_ohlc4
UPCOM_VEA,VEA,2018-12-12 09:00:00,88,0,17.12,17.22,17.03,17.17,122130,2092697.5500000003,derived_ohlc4
UPCOM_VEA,VEA,2018-12-13 09:00:00,89,0,17.12,17.77,17.08,17.72,592890,10329626.025,derived_ohlc4
UPCOM_VEA,VEA,2018-12-14 09:00:00,90,0,17.72,17.72,17.49,17.68,192180,3392457.4499999993,derived_ohlc4
UPCOM_VEA,VEA,2018-12-17 09:00:00,91,0,17.68,17.68,17.31,17.63,254450,4471958.75,derived_ohlc4
UPCOM_VEA,VEA,2018-12-18 09:00:00,92,0,17.49,17.72,17.26,17.54,660510,11560576.274999999,derived_ohlc4
UPCOM_VEA,VEA,2018-12-19 09:00:00,93,0,17.35,17.49,17.26,17.35,212090,3682412.625000001,derived_ohlc4
UPCOM_VEA,VEA,2018-12-20 09:00:00,94,0,17.31,17.54,17.26,17.45,606820,10552599.8,derived_ohlc4
UPCOM_VEA,VEA,2018-12-21 09:00:00,95,0,17.49,17.49,17.35,17.45,510420,8904276.9,derived_ohlc4
UPCOM_VEA,VEA,2018-12-24 09:00:00,96,0,17.4,17.49,16.66,17.03,806610,13829328.45,derived_ohlc4
UPCOM_VEA,VEA,2018-12-25 09:00:00,97,0,16.94,17.03,15.51,16.94,1347415,22373826.075,derived_ohlc4
UPCOM_VEA,VEA,2018-12-26 09:00:00,98,0,16.34,17.49,16.34,17.49,858800,14526602.0,derived_ohlc4
UPCOM_VEA,VEA,2018-12-27 09:00:00,99,0,17.49,17.72,17.31,17.63,685290,12018273.374999998,derived_ohlc4
UPCOM_VEA,VEA,2018-12-28 09:00:00,100,0,17.49,18.41,17.26,17.95,1033050,18365046.375,derived_ohlc4
UPCOM_VEA,VEA,2019-01-02 09:00:00,101,0,18.05,18.05,15.05,17.49,125436,2152481.7600000002,derived_ohlc4
UPCOM_VEA,VEA,2019-01-03 09:00:00,102,0,17.54,17.54,17.03,17.22,274900,4764704.25,derived_ohlc4
UPCOM_VEA,VEA,2019-01-04 09:00:00,103,0,17.22,17.35,17.03,17.35,90190,1554650.125,derived_ohlc4
UPCOM_VEA,VEA,2019-01-07 09:00:00,104,0,17.4,17.4,14.64,17.31,82050,1369209.375,derived_ohlc4
UPCOM_VEA,VEA,2019-01-08 09:00:00,105,0,17.26,17.63,17.26,17.58,226780,3953342.35,derived_ohlc4
UPCOM_VEA,VEA,2019-01-09 09:00:00,106,0,17.54,18.28,17.54,18.18,680129,12164107.165,derived_ohlc4
UPCOM_VEA,VEA,2019-01-10 09:00:00,107,0,18.14,20.71,18.14,18.51,629370,11879358.75,derived_ohlc4
UPCOM_VEA,VEA,2019-01-11 09:00:00,108,0,18.51,19.24,18.41,19.2,593095,11173909.8,derived_ohlc4
UPCOM_VEA,VEA,2019-01-14 09:00:00,109,0,19.2,19.56,18.83,19.29,654541,12580278.02,derived_ohlc4
UPCOM_VEA,VEA,2019-01-15 09:00:00,110,0,19.29,19.47,18.41,18.87,466435,8866929.350000001,derived_ohlc4
UPCOM_VEA,VEA,2019-01-16 09:00:00,111,0,19.01,19.2,18.64,19.01,289285,5486290.025,derived_ohlc4
UPCOM_VEA,VEA,2019-01-17 09:00:00,112,0,19.01,19.52,18.92,18.97,178500,3410242.5,derived_ohlc4
UPCOM_VEA,VEA,2019-01-18 09:00:00,113,0,18.97,19.33,18.92,19.24,116085,2218964.775,derived_ohlc4
UPCOM_VEA,VEA,2019-01-21 09:00:00,114,0,19.15,19.52,19.1,19.33,243450,4692498.75,derived_ohlc4
UPCOM_VEA,VEA,2019-01-22 09:00:00,115,0,19.33,20.39,19.33,20.3,659527,13083366.862499999,derived_ohlc4
UPCOM_VEA,VEA,2019-01-23 09:00:00,116,0,20.39,20.71,20.02,20.16,239245,4861458.4,derived_ohlc4
UPCOM_VEA,VEA,2019-01-24 09:00:00,117,0,20.25,20.39,20.07,20.35,146860,2976117.9,derived_ohlc4
UPCOM_VEA,VEA,2019-01-25 09:00:00,118,0,20.25,20.71,20.25,20.48,196385,4010672.6625,derived_ohlc4
UPCOM_VEA,VEA,2019-01-28 09:00:00,119,0,20.58,21.73,20.58,21.04,465470,9766724.275,derived_ohlc4
UPCOM_VEA,VEA,2019-01-29 09:00:00,120,0,20.99,21.59,20.95,21.36,167270,3549887.575,derived_ohlc4
UPCOM_VEA,VEA,2019-01-30 09:00:00,121,0,21.59,21.64,21.31,21.45,252830,5435212.925000001,derived_ohlc4
UPCOM_VEA,VEA,2019-01-31 09:00:00,122,0,21.87,23.02,21.64,22.56,514830,11466551.175,derived_ohlc4
UPCOM_VEA,VEA,2019-02-01 09:00:00,123,0,22.56,22.92,22.46,22.92,290800,6605522.0,derived_ohlc4
UPCOM_VEA,VEA,2019-02-11 09:00:00,124,0,22.92,24.17,22.92,24.17,215712,5078939.04,derived_ohlc4
UPCOM_VEA,VEA,2019-02-12 09:00:00,125,0,24.26,25.23,21.82,23.11,1262338,29797488.490000002,derived_ohlc4
UPCOM_VEA,VEA,2019-02-13 09:00:00,126,0,22.79,23.25,22.19,22.97,390483,8903012.4,derived_ohlc4
UPCOM_VEA,VEA,2019-02-14 09:00:00,127,0,22.97,23.38,22.37,22.42,284795,6489054.075,derived_ohlc4
UPCOM_VEA,VEA,2019-02-15 09:00:00,128,0,23.15,23.15,21.64,21.91,559780,12574058.25,derived_ohlc4
UPCOM_VEA,VEA,2019-02-18 09:00:00,129,0,22.1,22.1,20.95,21.41,897239,19416251.96,derived_ohlc4
UPCOM_VEA,VEA,2019-02-19 09:00:00,130,0,21.41,22.51,21.31,22.46,316226,6932464.484999999,derived_ohlc4
UPCOM_VEA,VEA,2019-02-20 09:00:00,131,0,22.33,22.69,22.19,22.33,570850,12778477.249999998,derived_ohlc4
UPCOM_VEA,VEA,2019-02-21 09:00:00,132,0,22.37,22.46,21.64,22.23,275690,6113425.75,derived_ohlc4
UPCOM_VEA,VEA,2019-02-22 09:00:00,133,0,22.19,22.42,22.1,22.19,234175,5204539.375,derived_ohlc4
UPCOM_VEA,VEA,2019-02-25 09:00:00,134,0,22.23,22.83,22.19,22.51,579173,12996642.120000001,derived_ohlc4
UPCOM_VEA,VEA,2019-02-26 09:00:00,135,0,22.51,23.62,22.51,23.2,1001013,22983258.48,derived_ohlc4
UPCOM_VEA,VEA,2019-02-27 09:00:00,136,0,23.34,23.48,22.83,23.2,378110,8776878.375,derived_ohlc4
UPCOM_VEA,VEA,2019-02-28 09:00:00,137,0,23.25,23.34,22.33,22.56,575950,13171976.5,derived_ohlc4
UPCOM_VEA,VEA,2019-03-01 09:00:00,138,0,22.65,24.31,22.42,23.2,548900,12704290.5,derived_ohlc4
UPCOM_VEA,VEA,2019-03-04 09:00:00,139,0,23.06,23.71,22.79,22.97,444487,10282095.5275,derived_ohlc4
UPCOM_VEA,VEA,2019-03-05 09:00:00,140,0,23.02,23.11,22.69,23.02,176050,4042107.9999999995,derived_ohlc4
UPCOM_VEA,VEA,2019-03-06 09:00:00,141,0,23.25,23.43,19.56,22.65,342200,7604539.499999999,derived_ohlc4
UPCOM_VEA,VEA,2019-03-07 09:00:00,142,0,22.65,23.02,22.46,22.88,340557,7748523.142499999,derived_ohlc4
UPCOM_VEA,VEA,2019-03-08 09:00:00,143,0,22.79,23.06,22.46,22.65,297920,6774700.800000001,derived_ohlc4
UPCOM_VEA,VEA,2019-03-11 09:00:00,144,0,22.83,22.83,22.1,22.46,215125,4852144.375,derived_ohlc4
UPCOM_VEA,VEA,2019-03-12 09:00:00,145,0,22.46,22.92,22.42,22.69,357708,8092249.23,derived_ohlc4
UPCOM_VEA,VEA,2019-03-13 09:00:00,146,0,22.69,23.8,22.56,23.43,1366510,31593711.199999996,derived_ohlc4
UPCOM_VEA,VEA,2019-03-14 09:00:00,147,0,23.25,23.43,23.02,23.29,311460,7240666.350000001,derived_ohlc4
UPCOM_VEA,VEA,2019-03-15 09:00:00,148,0,23.25,23.25,22.97,23.25,192659,4465835.62,derived_ohlc4
UPCOM_VEA,VEA,2019-03-18 09:00:00,149,0,23.02,23.94,23.02,23.2,711800,16581381.000000002,derived_ohlc4
UPCOM_VEA,VEA,2019-03-19 09:00:00,150,0,23.25,23.62,23.15,23.29,599220,13978304.55,derived_ohlc4
UPCOM_VEA,VEA,2019-03-20 09:00:00,151,0,23.34,23.66,23.06,23.38,555990,12987926.4,derived_ohlc4
UPCOM_VEA,VEA,2019-03-21 09:00:00,152,0,23.48,24.49,23.43,23.57,1206517,28645729.8725,derived_ohlc4
UPCOM_VEA,VEA,2019-03-22 09:00:00,153,0,23.89,23.89,23.52,23.89,413085,9830390.2875,derived_ohlc4
UPCOM_VEA,VEA,2019-03-25 09:00:00,154,0,23.71,24.21,23.43,23.94,654037,15580796.4325,derived_ohlc4
UPCOM_VEA,VEA,2019-03-26 09:00:00,155,0,23.8,24.86,23.8,24.54,1138600,27611050.0,derived_ohlc4
UPCOM_VEA,VEA,2019-03-27 09:00:00,156,0,24.63,24.95,24.17,24.4,677848,16632695.3,derived_ohlc4
UPCOM_VEA,VEA,2019-03-28 09:00:00,157,0,24.35,24.54,23.98,24.54,614418,14962614.344999999,derived_ohlc4
UPCOM_VEA,VEA,2019-03-29 09:00:00,158,0,24.4,24.49,24.17,24.21,239600,5826473.000000001,derived_ohlc4
UPCOM_VEA,VEA,2019-04-01 09:00:00,159,0,24.21,24.21,22.92,23.62,1144740,27176127.6,derived_ohlc4
UPCOM_VEA,VEA,2019-04-02 09:00:00,160,0,23.66,24.17,23.52,23.71,232740,5531066.100000001,derived_ohlc4
UPCOM_VEA,VEA,2019-04-03 09:00:00,161,0,23.75,23.75,23.11,23.25,293766,6893219.19,derived_ohlc4
UPCOM_VEA,VEA,2019-04-04 09:00:00,162,0,23.11,23.38,23.02,23.29,385575,8945339.999999998,derived_ohlc4
UPCOM_VEA,VEA,2019-04-05 09:00:00,163,0,23.2,23.62,23.2,23.29,159960,3731466.9,derived_ohlc4
UPCOM_VEA,VEA,2019-04-08 09:00:00,164,0,23.34,23.52,22.28,22.33,704910,16119529.424999999,derived_ohlc4
UPCOM_VEA,VEA,2019-04-09 09:00:00,165,0,22.6,22.97,22.37,22.97,465472,10579014.879999999,derived_ohlc4
UPCOM_VEA,VEA,2019-04-10 09:00:00,166,0,22.88,23.15,22.79,23.06,344660,7916840.199999999,derived_ohlc4
UPCOM_VEA,VEA,2019-04-11 09:00:00,167,0,23.06,23.29,22.97,22.97,264112,6093724.119999999,derived_ohlc4
UPCOM_VEA,VEA,2019-04-12 09:00:00,168,0,22.83,22.88,22.56,22.74,231486,5266885.215,derived_ohlc4
UPCOM_VEA,VEA,2019-04-16 09:00:00,169,0,22.56,22.74,22.56,22.69,151744,3435104.8,derived_ohlc4
UPCOM_VEA,VEA,2019-04-17 09:00:00,170,0,22.65,22.65,22.51,22.56,218450,4935331.625,derived_ohlc4
UPCOM_VEA,VEA,2019-04-18 09:00:00,171,0,22.56,22.56,21.87,22.05,354520,7891615.199999999,derived_ohlc4
UPCOM_VEA,VEA,2019-04-19 09:00:00,172,0,22.05,22.19,21.91,21.91,94377,2077709.655,derived_ohlc4
UPCOM_VEA,VEA,2019-04-22 09:00:00,173,0,21.68,21.87,21.18,21.45,183940,3962987.3,derived_ohlc4
UPCOM_VEA,VEA,2019-04-23 09:00:00,174,0,21.45,22.1,21.31,21.91,108120,2345393.1,derived_ohlc4
UPCOM_VEA,VEA,2019-04-24 09:00:00,175,0,22.1,22.46,21.96,22.28,177537,3941321.4000000004,derived_ohlc4
UPCOM_VEA,VEA,2019-04-25 09:00:00,176,0,22.42,22.65,22.33,22.65,443055,9974275.687500002,derived_ohlc4
UPCOM_VEA,VEA,2019-04-26 09:00:00,177,0,22.65,22.92,22.42,22.65,239713,5431896.580000001,derived_ohlc4
UPCOM_VEA,VEA,2019-05-02 09:00:00,178,0,22.65,22.65,22.23,22.33,110690,2486650.85,derived_ohlc4
UPCOM_VEA,VEA,2019-05-03 09:00:00,179,0,22.14,22.28,22.0,22.1,179623,3975056.9900000007,derived_ohlc4
UPCOM_VEA,VEA,2019-05-06 09:00:00,180,0,22.1,22.19,21.54,21.54,248355,5424694.0875,derived_ohlc4
UPCOM_VEA,VEA,2019-05-07 09:00:00,181,0,21.64,22.1,21.64,22.0,76000,1660220.0,derived_ohlc4
UPCOM_VEA,VEA,2019-05-08 09:00:00,182,0,22.05,22.05,21.77,22.05,111150,2443077.0,derived_ohlc4
UPCOM_VEA,VEA,2019-05-09 09:00:00,183,0,21.96,22.05,21.91,21.96,30017,659473.49,derived_ohlc4
UPCOM_VEA,VEA,2019-05-10 09:00:00,184,0,22.0,22.19,22.0,22.1,129200,2851766.9999999995,derived_ohlc4
UPCOM_VEA,VEA,2019-05-13 09:00:00,185,0,22.1,22.14,21.91,22.1,108622,2396472.875,derived_ohlc4
UPCOM_VEA,VEA,2019-05-14 09:00:00,186,0,22.19,22.19,21.91,22.05,126209,2787325.765,derived_ohlc4
UPCOM_VEA,VEA,2019-05-15 09:00:00,187,0,22.14,22.46,22.14,22.42,183000,4079070.0000000005,derived_ohlc4
UPCOM_VEA,VEA,2019-05-16 09:00:00,188,0,22.42,22.83,22.42,22.79,252010,5699206.15,derived_ohlc4
UPCOM_VEA,VEA,2019-05-17 09:00:00,189,0,22.83,23.15,22.79,23.02,663518,15226079.304999998,derived_ohlc4
UPCOM_VEA,VEA,2019-05-20 09:00:00,190,0,22.97,23.15,22.56,22.97,307786,7052146.725,derived_ohlc4
UPCOM_VEA,VEA,2019-05-21 09:00:00,191,0,23.02,23.85,23.02,23.62,314643,7355566.732500001,derived_ohlc4
UPCOM_VEA,VEA,2019-05-22 09:00:00,192,0,23.71,23.94,23.43,23.48,198051,4681925.640000001,derived_ohlc4
UPCOM_VEA,VEA,2019-05-23 09:00:00,193,0,23.38,23.71,23.34,23.71,341060,8026847.1000000015,derived_ohlc4
UPCOM_VEA,VEA,2019-05-24 09:00:00,194,0,23.25,24.31,23.25,23.98,776825,18408810.4375,derived_ohlc4
UPCOM_VEA,VEA,2019-05-27 09:00:00,195,0,23.94,24.12,23.62,23.85,168445,4022887.7125,derived_ohlc4
UPCOM_VEA,VEA,2019-05-28 09:00:00,196,0,23.75,23.98,23.75,23.89,185425,4420995.5625,derived_ohlc4
UPCOM_VEA,VEA,2019-05-29 09:00:00,197,0,23.8,24.31,23.8,24.12,461640,11082822.3,derived_ohlc4
UPCOM_VEA,VEA,2019-05-30 09:00:00,198,0,24.03,24.12,23.94,24.12,213750,5141221.875,derived_ohlc4
UPCOM_VEA,VEA,2019-05-31 09:00:00,199,0,24.12,24.17,23.89,24.17,261515,6299242.562500001,derived_ohlc4
UPCOM_VEA,VEA,2019-06-03 09:00:00,200,0,24.03,24.4,23.98,24.17,503180,12149281.1,derived_ohlc4
UPCOM_VEA,VEA,2019-06-04 09:00:00,201,0,23.94,24.17,23.52,23.85,520860,12432928.2,derived_ohlc4
UPCOM_VEA,VEA,2019-06-05 09:00:00,202,0,24.08,24.12,23.52,23.66,238610,5689655.45,derived_ohlc4
UPCOM_VEA,VEA,2019-06-06 09:00:00,203,0,23.52,23.62,23.29,23.52,252513,5930899.0875,derived_ohlc4
UPCOM_VEA,VEA,2019-06-07 09:00:00,204,0,23.48,23.8,23.48,23.8,357040,8440425.6,derived_ohlc4
UPCOM_VEA,VEA,2019-06-10 09:00:00,205,0,23.94,24.63,23.94,24.44,1129156,27367918.55,derived_ohlc4
UPCOM_VEA,VEA,2019-06-11 09:00:00,206,0,24.49,25.69,24.49,25.55,731929,18338481.095,derived_ohlc4
UPCOM_VEA,VEA,2019-06-12 09:00:00,207,0,25.55,26.05,25.55,25.82,481059,12383661.3075,derived_ohlc4
UPCOM_VEA,VEA,2019-06-13 09:00:00,208,0,25.78,26.61,25.55,26.15,554316,14424688.110000001,derived_ohlc4
UPCOM_VEA,VEA,2019-06-14 09:00:00,209,0,26.15,26.19,25.78,26.05,387209,10083890.3825,derived_ohlc4
UPCOM_VEA,VEA,2019-06-17 09:00:00,210,0,26.05,26.75,26.01,26.24,454667,11940692.0875,derived_ohlc4
UPCOM_VEA,VEA,2019-06-18 09:00:00,211,0,26.28,27.11,26.28,26.7,716833,19062381.552500002,derived_ohlc4
UPCOM_VEA,VEA,2019-06-19 09:00:00,212,0,26.7,27.53,26.7,27.44,439002,11893661.685,derived_ohlc4
UPCOM_VEA,VEA,2019-06-20 09:00:00,213,0,27.44,27.53,26.88,27.07,396688,10801814.239999998,derived_ohlc4
UPCOM_VEA,VEA,2019-06-21 09:00:00,214,0,26.98,27.07,26.65,26.79,387060,10401269.849999998,derived_ohlc4
UPCOM_VEA,VEA,2019-06-24 09:00:00,215,0,26.84,27.39,26.7,27.25,308593,8345897.6850000005,derived_ohlc4
UPCOM_VEA,VEA,2019-06-25 09:00:00,216,0,27.34,27.8,27.16,27.62,377660,10378096.8,derived_ohlc4
UPCOM_VEA,VEA,2019-06-26 09:00:00,217,0,27.76,27.99,27.48,27.53,402593,11147800.17,derived_ohlc4
UPCOM_VEA,VEA,2019-06-27 09:00:00,218,0,27.48,27.48,26.7,26.7,372182,10082410.38,derived_ohlc4
UPCOM_VEA,VEA,2019-06-28 09:00:00,219,0,26.7,26.79,26.38,26.61,731725,19478519.499999996,derived_ohlc4
UPCOM_VEA,VEA,2019-07-01 09:00:00,220,0,26.52,27.07,26.52,26.88,83551,2234780.3725,derived_ohlc4
UPCOM_VEA,VEA,2019-07-02 09:00:00,221,0,26.93,27.02,26.01,26.24,677479,17987067.45,derived_ohlc4
UPCOM_VEA,VEA,2019-07-03 09:00:00,222,0,26.24,26.84,26.15,26.84,201223,5335930.9025,derived_ohlc4
UPCOM_VEA,VEA,2019-07-04 09:00:00,223,0,26.7,26.88,26.61,26.65,179286,4788729.0600000005,derived_ohlc4
UPCOM_VEA,VEA,2019-07-05 09:00:00,224,0,26.7,26.79,26.56,26.7,137540,3670598.75,derived_ohlc4
UPCOM_VEA,VEA,2019-07-08 09:00:00,225,0,26.7,26.98,26.61,26.65,333217,8908556.495,derived_ohlc4
UPCOM_VEA,VEA,2019-07-09 09:00:00,226,0,26.7,27.3,26.52,27.07,211936,5700548.5600000005,derived_ohlc4
UPCOM_VEA,VEA,2019-07-10 09:00:00,227,0,27.16,27.34,26.93,27.16,276722,7512310.495,derived_ohlc4
UPCOM_VEA,VEA,2019-07-11 09:00:00,228,0,27.21,27.57,27.07,27.48,381735,10433771.8875,derived_ohlc4
UPCOM_VEA,VEA,2019-07-12 09:00:00,229,0,27.57,27.71,27.21,27.44,183562,5044742.665,derived_ohlc4
UPCOM_VEA,VEA,2019-07-15 09:00:00,230,0,27.25,28.72,27.25,28.59,643310,17982122.775,derived_ohlc4
UPCOM_VEA,VEA,2019-07-16 09:00:00,231,0,28.77,28.77,28.4,28.54,395207,11310824.34,derived_ohlc4
UPCOM_VEA,VEA,2019-07-17 09:00:00,232,0,28.54,28.54,28.22,28.36,210520,5981925.8,derived_ohlc4
UPCOM_VEA,VEA,2019-07-18 09:00:00,233,0,28.36,28.49,28.03,28.36,304480,8619828.799999999,derived_ohlc4
UPCOM_VEA,VEA,2019-07-19 09:00:00,234,0,28.36,28.59,28.22,28.31,364143,10330736.91,derived_ohlc4
UPCOM_VEA,VEA,2019-07-22 09:00:00,235,0,28.45,28.49,28.22,28.49,209210,5944179.125,derived_ohlc4
UPCOM_VEA,VEA,2019-07-23 09:00:00,236,0,28.45,28.59,28.4,28.54,331509,9446348.955,derived_ohlc4
UPCOM_VEA,VEA,2019-07-24 09:00:00,237,0,28.54,28.72,28.45,28.54,396950,11337884.375,derived_ohlc4
UPCOM_VEA,VEA,2019-07-25 09:00:00,238,0,28.68,29.6,28.68,29.46,953642,27755750.410000004,derived_ohlc4
UPCOM_VEA,VEA,2019-07-26 09:00:00,239,0,29.46,29.92,29.46,29.69,650830,19285719.975,derived_ohlc4
UPCOM_VEA,VEA,2019-07-29 09:00:00,240,0,29.83,29.92,28.77,29.0,616546,18114121.48,derived_ohlc4
UPCOM_VEA,VEA,2019-07-30 09:00:00,241,0,29.0,29.14,26.7,27.62,1293067,36354578.705000006,derived_ohlc4
UPCOM_VEA,VEA,2019-07-31 09:00:00,242,0,27.62,28.08,27.07,28.08,649978,18012515.325000003,derived_ohlc4
UPCOM_VEA,VEA,2019-08-01 09:00:00,243,0,27.85,27.85,27.25,27.71,222543,6156652.095,derived_ohlc4
UPCOM_VEA,VEA,2019-08-02 09:00:00,244,0,27.53,27.53,27.02,27.3,391284,10699660.98,derived_ohlc4
UPCOM_VEA,VEA,2019-08-05 09:00:00,245,0,26.93,27.16,26.47,26.98,654181,17587656.185000002,derived_ohlc4
UPCOM_VEA,VEA,2019-08-06 09:00:00,246,0,26.93,27.76,26.52,26.93,745708,20160215.779999997,derived_ohlc4
UPCOM_VEA,VEA,2019-08-07 09:00:00,247,0,26.93,27.48,26.93,27.07,134330,3640678.8249999997,derived_ohlc4
UPCOM_VEA,VEA,2019-08-08 09:00:00,248,0,27.11,27.11,26.38,26.79,713751,19162429.972499996,derived_ohlc4
UPCOM_VEA,VEA,2019-08-09 09:00:00,249,0,26.79,26.79,26.56,26.7,322067,8602409.57,derived_ohlc4
UPCOM_VEA,VEA,2019-08-12 09:00:00,250,0,26.56,26.56,25.32,25.41,625109,16229392.4125,derived_ohlc4
UPCOM_VEA,VEA,2019-08-13 09:00:00,251,0,25.41,25.41,23.48,23.89,622708,15285924.629999999,derived_ohlc4
UPCOM_VEA,VEA,2019-08-14 09:00:00,252,0,23.94,25.04,23.89,24.86,506902,12384883.115,derived_ohlc4
UPCOM_VEA,VEA,2019-08-15 09:00:00,253,0,24.63,24.77,24.03,24.26,221930,5420085.425000001,derived_ohlc4
UPCOM_VEA,VEA,2019-08-16 09:00:00,254,0,24.31,24.54,23.71,23.89,545634,13156599.825000001,derived_ohlc4
UPCOM_VEA,VEA,2019-08-19 09:00:00,255,0,23.94,24.4,22.51,22.69,964538,22555721.130000003,derived_ohlc4
UPCOM_VEA,VEA,2019-08-20 09:00:00,256,0,22.56,23.06,22.19,22.42,881585,19886353.6375,derived_ohlc4
UPCOM_VEA,VEA,2019-08-21 09:00:00,257,0,22.37,24.08,22.37,23.94,377766,8760393.540000001,derived_ohlc4
UPCOM_VEA,VEA,2019-08-22 09:00:00,258,0,23.94,25.27,23.66,25.09,660046,16164526.540000001,derived_ohlc4
UPCOM_VEA,VEA,2019-08-23 09:00:00,259,0,25.09,25.09,24.58,24.95,384719,9590082.872499999,derived_ohlc4
UPCOM_VEA,VEA,2019-08-26 09:00:00,260,0,24.67,25.09,24.17,24.95,366272,9054243.840000002,derived_ohlc4
UPCOM_VEA,VEA,2019-08-27 09:00:00,261,0,24.95,25.69,24.86,25.59,240284,6072577.390000001,derived_ohlc4
UPCOM_VEA,VEA,2019-08-28 09:00:00,262,0,25.55,25.96,25.41,25.78,163822,4206129.850000001,derived_ohlc4
UPCOM_VEA,VEA,2019-08-29 09:00:00,263,0,25.78,25.78,25.09,25.23,221465,5640713.550000001,derived_ohlc4
UPCOM_VEA,VEA,2019-08-30 09:00:00,264,0,25.41,25.73,24.86,25.41,138435,3509673.3375,derived_ohlc4
UPCOM_VEA,VEA,2019-09-03 09:00:00,265,0,25.23,25.32,23.48,23.85,247284,6051039.4799999995,derived_ohlc4
UPCOM_VEA,VEA,2019-09-04 09:00:00,266,0,23.94,24.31,23.43,23.62,229007,5456091.775,derived_ohlc4
UPCOM_VEA,VEA,2019-09-05 09:00:00,267,0,23.57,24.86,23.11,23.2,229620,5438549.699999999,derived_ohlc4
UPCOM_VEA,VEA,2019-09-06 09:00:00,268,0,23.43,24.17,23.43,23.98,714500,16971161.25,derived_ohlc4
UPCOM_VEA,VEA,2019-09-09 09:00:00,269,0,24.17,24.17,23.89,23.94,156370,3759525.725,derived_ohlc4
UPCOM_VEA,VEA,2019-09-10 09:00:00,270,0,24.12,24.12,23.57,23.8,263042,6287361.405,derived_ohlc4
UPCOM_VEA,VEA,2019-09-11 09:00:00,271,0,23.57,24.86,23.06,23.75,332518,7917253.579999999,derived_ohlc4
UPCOM_VEA,VEA,2019-09-12 09:00:00,272,0,23.94,24.17,23.85,24.12,300685,7222453.700000001,derived_ohlc4
UPCOM_VEA,VEA,2019-09-13 09:00:00,273,0,24.17,24.31,24.12,24.17,255710,6186264.175000001,derived_ohlc4
UPCOM_VEA,VEA,2019-09-16 09:00:00,274,0,24.17,24.63,24.17,24.49,312530,7614793.449999999,derived_ohlc4
UPCOM_VEA,VEA,2019-09-17 09:00:00,275,0,24.49,24.58,24.35,24.54,316135,7742146.1499999985,derived_ohlc4
UPCOM_VEA,VEA,2019-09-18 09:00:00,276,0,24.54,25.04,24.44,24.86,392449,9701339.28,derived_ohlc4
UPCOM_VEA,VEA,2019-09-19 09:00:00,277,0,24.86,25.46,24.86,25.41,764766,19231952.985,derived_ohlc4
UPCOM_VEA,VEA,2019-09-20 09:00:00,278,0,25.32,25.32,25.04,25.27,387141,9770470.9875,derived_ohlc4
UPCOM_VEA,VEA,2019-09-23 09:00:00,279,0,25.09,25.18,24.86,24.86,87722,2192830.695,derived_ohlc4
UPCOM_VEA,VEA,2019-09-24 09:00:00,280,0,24.54,25.27,24.54,25.04,133025,3305338.6874999995,derived_ohlc4
UPCOM_VEA,VEA,2019-09-25 09:00:00,281,0,25.09,25.32,25.09,25.23,372922,9391108.265,derived_ohlc4
UPCOM_VEA,VEA,2019-09-26 09:00:00,282,0,25.27,26.15,25.18,26.01,544330,13963425.325,derived_ohlc4
UPCOM_VEA,VEA,2019-09-27 09:00:00,283,0,26.19,26.33,25.82,26.1,266965,6970456.149999999,derived_ohlc4
UPCOM_VEA,VEA,2019-09-30 09:00:00,284,0,26.01,26.05,25.09,25.27,195695,5010770.475,derived_ohlc4
UPCOM_VEA,VEA,2019-10-01 09:00:00,285,0,25.23,25.46,24.95,25.36,464625,11731781.25,derived_ohlc4
UPCOM_VEA,VEA,2019-10-02 09:00:00,286,0,25.36,25.55,25.32,25.55,277635,7064422.574999999,derived_ohlc4
UPCOM_VEA,VEA,2019-10-03 09:00:00,287,0,25.41,25.41,25.09,25.32,135686,3433873.445,derived_ohlc4
UPCOM_VEA,VEA,2019-10-04 09:00:00,288,0,25.32,25.32,25.23,25.27,381845,9654950.825,derived_ohlc4
UPCOM_VEA,VEA,2019-10-07 09:00:00,289,0,25.13,29.05,25.0,25.32,276510,7223823.75,derived_ohlc4
UPCOM_VEA,VEA,2019-10-08 09:00:00,290,0,25.23,25.36,25.18,25.32,311440,7870867.4,derived_ohlc4
UPCOM_VEA,VEA,2019-10-09 09:00:00,291,0,25.23,25.59,25.23,25.27,347665,8806354.45,derived_ohlc4
UPCOM_VEA,VEA,2019-10-10 09:00:00,292,0,25.32,25.5,25.32,25.5,197330,5014155.3,derived_ohlc4
UPCOM_VEA,VEA,2019-10-11 09:00:00,293,0,25.41,25.41,25.04,25.09,226096,5706097.8,derived_ohlc4
UPCOM_VEA,VEA,2019-10-15 09:00:00,295,1,24.86,24.86,24.17,24.72,228600,5635561.5,derived_ohlc4
UPCOM_VEA,VEA,2019-10-16 09:00:00,296,1,24.81,24.86,24.58,24.72,195012,4825084.41,derived_ohlc4
UPCOM_VEA,VEA,2019-10-17 09:00:00,297,1,24.77,25.27,24.63,24.81,135100,3359937.0,derived_ohlc4
UPCOM_VEA,VEA,2019-10-18 09:00:00,298,1,24.77,24.77,24.31,24.31,46840,1149453.5999999999,derived_ohlc4
UPCOM_VEA,VEA,2019-10-21 09:00:00,299,1,24.26,24.4,23.89,23.98,91242,2201897.565,derived_ohlc4
UPCOM_VEA,VEA,2019-10-22 09:00:00,300,1,24.03,24.49,23.98,24.4,185559,4495166.775,derived_ohlc4
UPCOM_VEA,VEA,2019-10-23 09:00:00,301,1,24.31,24.54,24.31,24.49,186115,4543532.4375,derived_ohlc4
UPCOM_VEA,VEA,2019-10-24 09:00:00,302,1,24.58,24.58,24.31,24.49,121550,2976759.5,derived_ohlc4
UPCOM_VEA,VEA,2019-10-25 09:00:00,303,1,24.4,24.49,24.35,24.44,119160,2909887.2,derived_ohlc4
UPCOM_VEA,VEA,2019-10-28 09:00:00,304,1,24.58,28.08,24.31,24.35,46940,1188990.2,derived_ohlc4
UPCOM_VEA,VEA,2019-10-29 09:00:00,305,1,24.54,24.54,23.38,23.48,460668,11049121.98,derived_ohlc4
UPCOM_VEA,VEA,2019-10-30 09:00:00,306,1,23.52,23.52,23.11,23.2,282848,6600965.2,derived_ohlc4
UPCOM_VEA,VEA,2019-10-31 09:00:00,307,1,23.38,23.38,22.28,22.56,453790,10391791.0,derived_ohlc4
UPCOM_VEA,VEA,2019-11-01 09:00:00,308,1,22.69,22.79,22.56,22.6,304310,6895664.6000000015,derived_ohlc4
UPCOM_VEA,VEA,2019-11-04 09:00:00,309,1,22.83,22.97,22.51,22.56,447385,10163468.7375,derived_ohlc4
UPCOM_VEA,VEA,2019-11-05 09:00:00,310,1,22.56,22.65,22.51,22.56,303700,6854509.0,derived_ohlc4
UPCOM_VEA,VEA,2019-11-06 09:00:00,311,1,22.97,25.92,22.51,22.56,218300,5127867.0,derived_ohlc4
UPCOM_VEA,VEA,2019-11-07 09:00:00,312,1,22.6,23.38,22.6,23.11,84430,1935346.6750000003,derived_ohlc4
UPCOM_VEA,VEA,2019-11-08 09:00:00,313,1,23.11,23.25,22.79,22.79,79210,1820641.8499999999,derived_ohlc4
UPCOM_VEA,VEA,2019-11-11 09:00:00,314,1,22.74,22.88,22.65,22.74,204680,4656981.699999999,derived_ohlc4
UPCOM_VEA,VEA,2019-11-12 09:00:00,315,1,22.65,23.91,22.65,22.65,144961,3329029.3650000007,derived_ohlc4
UPCOM_VEA,VEA,2019-11-13 09:00:00,316,1,22.65,22.65,22.42,22.65,185429,4189304.6825,derived_ohlc4
UPCOM_VEA,VEA,2019-11-14 09:00:00,317,1,22.6,23.15,22.6,22.97,151950,3469018.4999999995,derived_ohlc4
UPCOM_VEA,VEA,2019-11-15 09:00:00,318,1,23.06,23.29,22.97,23.02,175689,4055780.5649999995,derived_ohlc4
UPCOM_VEA,VEA,2019-11-18 09:00:00,319,1,23.06,23.25,22.6,22.79,111412,2554120.0999999996,derived_ohlc4
UPCOM_VEA,VEA,2019-11-19 09:00:00,320,1,22.79,22.92,22.69,22.83,68910,1571664.825,derived_ohlc4
UPCOM_VEA,VEA,2019-11-20 09:00:00,321,1,22.83,23.02,22.79,22.88,92300,2111823.9999999995,derived_ohlc4
UPCOM_VEA,VEA,2019-11-21 09:00:00,322,1,22.79,23.02,22.69,22.69,58541,1334588.4475,derived_ohlc4
UPCOM_VEA,VEA,2019-11-22 09:00:00,323,1,22.65,22.79,22.1,22.1,128210,2873186.0999999996,derived_ohlc4
UPCOM_VEA,VEA,2019-11-25 09:00:00,324,1,22.1,25.64,22.1,22.33,175618,4046677.765,derived_ohlc4
UPCOM_VEA,VEA,2019-11-26 09:00:00,325,1,20.95,27.57,20.95,22.1,231870,5308083.975,derived_ohlc4
UPCOM_VEA,VEA,2019-11-27 09:00:00,326,1,22.1,24.4,22.05,22.1,168290,3813872.1250000005,derived_ohlc4
UPCOM_VEA,VEA,2019-11-28 09:00:00,327,1,22.33,22.46,21.73,21.73,240160,5298530.0,derived_ohlc4
UPCOM_VEA,VEA,2019-11-29 09:00:00,328,1,21.64,21.77,21.22,21.54,107300,2311510.2499999995,derived_ohlc4
UPCOM_VEA,VEA,2019-12-02 09:00:00,329,1,22.05,22.51,21.64,21.77,292222,6426692.335,derived_ohlc4
UPCOM_VEA,VEA,2019-12-03 09:00:00,330,1,22.0,22.23,21.73,21.96,279907,6152355.860000001,derived_ohlc4
UPCOM_VEA,VEA,2019-12-04 09:00:00,331,1,21.96,22.1,18.69,21.91,193980,4105586.6999999997,derived_ohlc4
UPCOM_VEA,VEA,2019-12-05 09:00:00,332,1,22.1,22.1,21.59,21.77,24100,527549.0,derived_ohlc4
UPCOM_VEA,VEA,2019-12-06 09:00:00,333,1,22.0,22.1,21.77,22.1,212230,4667468.275,derived_ohlc4
UPCOM_VEA,VEA,2019-12-09 09:00:00,334,1,22.1,22.19,21.96,22.0,111880,2468352.5,derived_ohlc4
UPCOM_VEA,VEA,2019-12-10 09:00:00,335,1,22.1,22.1,21.87,22.0,38315,843600.5125000001,derived_ohlc4
UPCOM_VEA,VEA,2019-12-11 09:00:00,336,1,22.19,22.19,21.96,22.0,130536,2882887.56,derived_ohlc4
UPCOM_VEA,VEA,2019-12-12 09:00:00,337,1,22.1,22.23,22.1,22.19,279649,6195623.595000001,derived_ohlc4
UPCOM_VEA,VEA,2019-12-13 09:00:00,338,1,22.56,25.46,22.56,22.83,678107,15835493.7175,derived_ohlc4
UPCOM_VEA,VEA,2019-12-16 09:00:00,339,1,23.02,23.62,22.92,22.97,241282,5581455.865,derived_ohlc4
UPCOM_VEA,VEA,2019-12-18 09:00:00,341,2,22.23,22.69,22.1,22.42,55200,1234272.0000000002,derived_ohlc4
UPCOM_VEA,VEA,2019-12-19 09:00:00,342,2,22.42,22.46,22.23,22.23,53477,1194408.7950000002,derived_ohlc4
UPCOM_VEA,VEA,2019-12-20 09:00:00,343,2,22.33,22.88,22.0,22.19,142003,3173767.05,derived_ohlc4
UPCOM_VEA,VEA,2019-12-23 09:00:00,344,2,22.33,22.33,21.64,21.64,223300,4909250.5,derived_ohlc4
UPCOM_VEA,VEA,2019-12-24 09:00:00,345,2,22.0,22.28,21.41,21.87,68350,1496181.5,derived_ohlc4
UPCOM_VEA,VEA,2019-12-25 09:00:00,346,2,22.9,22.95,21.9,22.0,32290,724506.875,derived_ohlc4
UPCOM_VEA,VEA,2019-12-26 09:00:00,347,2,22.05,22.15,18.74,21.55,170800,3607723.0,derived_ohlc4
UPCOM_VEA,VEA,2019-12-27 09:00:00,348,2,21.15,22.05,21.15,21.85,80890,1743179.4999999998,derived_ohlc4
UPCOM_VEA,VEA,2019-12-31 09:00:00,350,3,22.25,25.56,22.1,22.55,251530,5814115.949999999,derived_ohlc4
UPCOM_VEA,VEA,2020-01-02 09:00:00,351,3,22.7,22.9,22.6,22.8,60900,1385474.9999999998,derived_ohlc4
UPCOM_VEA,VEA,2020-01-03 09:00:00,352,3,22.7,22.8,22.45,22.7,111562,2528273.825,derived_ohlc4
UPCOM_VEA,VEA,2020-01-06 09:00:00,353,3,22.55,22.55,22.15,22.2,41270,922900.375,derived_ohlc4
UPCOM_VEA,VEA,2020-01-07 09:00:00,354,3,22.15,22.2,22.05,22.1,38100,842962.5,derived_ohlc4
UPCOM_VEA,VEA,2020-01-08 09:00:00,355,3,22.05,22.05,21.0,21.4,73670,1593113.75,derived_ohlc4
UPCOM_VEA,VEA,2020-01-09 09:00:00,356,3,21.55,21.9,21.55,21.65,48110,1042182.8750000001,derived_ohlc4
UPCOM_VEA,VEA,2020-01-10 09:00:00,357,3,21.55,22.4,21.55,22.3,129900,2851305.0,derived_ohlc4
UPCOM_VEA,VEA,2020-01-13 09:00:00,358,3,22.4,22.6,22.35,22.5,71143,1598049.6375,derived_ohlc4
UPCOM_VEA,VEA,2020-01-14 09:00:00,359,3,22.55,22.6,22.35,22.55,163940,3690699.25,derived_ohlc4
UPCOM_VEA,VEA,2020-01-15 09:00:00,360,3,22.4,22.5,22.35,22.4,25130,563226.125,derived_ohlc4
UPCOM_VEA,VEA,2020-01-16 09:00:00,361,3,22.3,22.5,21.55,22.25,30711,680248.6499999999,derived_ohlc4
UPCOM_VEA,VEA,2020-01-17 09:00:00,362,3,21.95,25.36,18.74,22.05,49310,1086052.75,derived_ohlc4
UPCOM_VEA,VEA,2020-01-20 09:00:00,363,3,21.25,22.05,21.25,21.95,38428,831005.5,derived_ohlc4
UPCOM_VEA,VEA,2020-01-21 09:00:00,364,3,22.05,22.3,22.0,22.05,87600,1935959.9999999998,derived_ohlc4
UPCOM_VEA,VEA,2020-01-22 09:00:00,365,3,22.05,22.65,18.74,22.5,39490,848442.65,derived_ohlc4
UPCOM_VEA,VEA,2020-01-30 09:00:00,366,3,22.45,22.8,22.05,22.8,311865,7024759.125,derived_ohlc4
UPCOM_VEA,VEA,2020-01-31 09:00:00,367,3,22.6,22.65,21.85,22.05,127802,2848387.0749999997,derived_ohlc4
UPCOM_VEA,VEA,2020-02-03 09:00:00,368,3,22.05,22.05,18.89,21.55,142610,3014062.35,derived_ohlc4
UPCOM_VEA,VEA,2020-02-04 09:00:00,369,3,21.35,22.05,21.35,22.05,241410,5238597.0,derived_ohlc4
UPCOM_VEA,VEA,2020-02-05 09:00:00,370,3,22.1,22.45,22.05,22.3,106650,2370296.25,derived_ohlc4
UPCOM_VEA,VEA,2020-02-06 09:00:00,371,3,22.35,22.35,22.05,22.1,197600,4389190.0,derived_ohlc4
UPCOM_VEA,VEA,2020-02-07 09:00:00,372,3,22.05,22.3,21.95,22.1,56680,1252628.0,derived_ohlc4
UPCOM_VEA,VEA,2020-02-10 09:00:00,373,3,22.05,22.1,22.05,22.05,196519,4335700.4375,derived_ohlc4
UPCOM_VEA,VEA,2020-02-11 09:00:00,374,3,22.05,22.15,22.05,22.05,82831,1828494.325,derived_ohlc4
UPCOM_VEA,VEA,2020-02-12 09:00:00,375,3,22.1,22.1,21.95,22.05,99005,2183060.25,derived_ohlc4
UPCOM_VEA,VEA,2020-02-13 09:00:00,376,3,22.05,22.3,21.85,21.9,211950,4668198.75,derived_ohlc4
UPCOM_VEA,VEA,2020-02-14 09:00:00,377,3,22.0,22.0,21.75,21.8,29500,645681.25,derived_ohlc4
UPCOM_VEA,VEA,2020-02-17 09:00:00,378,3,22.05,22.05,21.55,21.55,84400,1839920.0,derived_ohlc4
UPCOM_VEA,VEA,2020-02-19 09:00:00,380,4,21.35,21.95,21.35,21.4,49548,1065901.35,derived_ohlc4
UPCOM_VEA,VEA,2020-02-20 09:00:00,381,4,21.5,21.55,18.29,21.55,58360,1209365.1,derived_ohlc4
UPCOM_VEA,VEA,2020-02-21 09:00:00,382,4,21.5,21.55,21.3,21.4,171770,3682319.375,derived_ohlc4
UPCOM_VEA,VEA,2020-02-24 09:00:00,383,4,21.2,21.25,20.35,20.45,165970,3454250.625,derived_ohlc4
UPCOM_VEA,VEA,2020-02-25 09:00:00,384,4,20.5,21.05,20.05,21.05,100994,2086788.5249999997,derived_ohlc4
UPCOM_VEA,VEA,2020-02-26 09:00:00,385,4,20.5,20.85,20.3,20.55,66510,1366780.5,derived_ohlc4
UPCOM_VEA,VEA,2020-02-27 09:00:00,386,4,20.3,20.55,17.44,20.4,43380,853393.0499999999,derived_ohlc4
UPCOM_VEA,VEA,2020-02-28 09:00:00,387,4,20.3,20.3,20.0,20.05,120825,2436134.0625,derived_ohlc4
UPCOM_VEA,VEA,2020-03-02 09:00:00,388,4,20.1,20.15,19.8,20.05,100308,2008667.7,derived_ohlc4
UPCOM_VEA,VEA,2020-03-03 09:00:00,389,4,20.05,20.25,20.05,20.15,132811,2672821.375,derived_ohlc4
UPCOM_VEA,VEA,2020-03-04 09:00:00,390,4,20.15,20.15,19.55,19.85,95450,1901841.2499999998,derived_ohlc4
UPCOM_VEA,VEA,2020-03-05 09:00:00,391,4,19.95,20.05,19.9,20.0,159260,3181218.5,derived_ohlc4
UPCOM_VEA,VEA,2020-03-06 09:00:00,392,4,19.75,19.9,19.7,19.75,48200,953154.9999999999,derived_ohlc4
UPCOM_VEA,VEA,2020-03-09 09:00:00,393,4,19.55,19.55,17.44,17.54,300170,5559148.400000001,derived_ohlc4
UPCOM_VEA,VEA,2020-03-10 09:00:00,394,4,17.29,17.89,17.14,17.54,1117150,19511024.75,derived_ohlc4
UPCOM_VEA,VEA,2020-03-11 09:00:00,395,4,17.54,18.04,16.04,16.04,767160,12976511.399999999,derived_ohlc4
UPCOM_VEA,VEA,2020-03-12 09:00:00,396,4,16.04,16.04,15.29,15.54,604020,9499724.549999999,derived_ohlc4
UPCOM_VEA,VEA,2020-03-13 09:00:00,397,4,15.54,15.54,14.28,15.19,272351,4122713.2624999997,derived_ohlc4
UPCOM_VEA,VEA,2020-03-16 09:00:00,398,4,15.08,15.74,15.03,15.49,127830,1960273.05,derived_ohlc4
UPCOM_VEA,VEA,2020-03-17 09:00:00,399,4,15.49,15.64,15.03,15.54,221480,3416329.0,derived_ohlc4
UPCOM_VEA,VEA,2020-03-18 09:00:00,400,4,15.54,15.54,15.34,15.44,198280,3066400.2,derived_ohlc4
UPCOM_VEA,VEA,2020-03-19 09:00:00,401,4,15.39,15.44,15.03,15.29,114050,1743539.375,derived_ohlc4
UPCOM_VEA,VEA,2020-03-20 09:00:00,402,4,15.24,15.44,15.14,15.34,221600,3388264.0,derived_ohlc4
UPCOM_VEA,VEA,2020-03-23 09:00:00,403,4,15.08,17.49,14.28,14.48,375361,5755222.5325,derived_ohlc4
UPCOM_VEA,VEA,2020-03-24 09:00:00,404,4,14.38,15.29,14.28,14.98,689506,10158147.145000001,derived_ohlc4
UPCOM_VEA,VEA,2020-03-25 09:00:00,405,4,15.14,15.84,15.14,15.84,583000,9030670.000000002,derived_ohlc4
UPCOM_VEA,VEA,2020-03-26 09:00:00,406,4,15.84,15.84,15.49,15.59,480670,7541712.300000001,derived_ohlc4
UPCOM_VEA,VEA,2020-03-27 09:00:00,407,4,15.29,15.69,14.93,14.93,247100,3758391.0,derived_ohlc4
UPCOM_VEA,VEA,2020-03-30 09:00:00,408,4,14.63,17.69,14.13,14.13,271630,4113836.3500000006,derived_ohlc4
UPCOM_VEA,VEA,2020-03-31 09:00:00,409,4,14.43,14.53,12.23,14.03,194570,2686038.85,derived_ohlc4
UPCOM_VEA,VEA,2020-04-01 09:00:00,410,4,14.53,14.73,14.48,14.68,129000,1884044.9999999998,derived_ohlc4
UPCOM_VEA,VEA,2020-04-03 09:00:00,411,4,14.68,14.68,14.23,14.38,275900,3998480.7500000005,derived_ohlc4
UPCOM_VEA,VEA,2020-04-06 09:00:00,412,4,14.48,14.73,14.33,14.63,547960,7968708.3,derived_ohlc4
UPCOM_VEA,VEA,2020-04-07 09:00:00,413,4,14.68,15.94,14.68,15.79,1153450,17616065.125,derived_ohlc4
UPCOM_VEA,VEA,2020-04-08 09:00:00,414,4,15.54,16.79,15.54,16.79,325260,5257827.899999999,derived_ohlc4
UPCOM_VEA,VEA,2020-04-09 09:00:00,415,4,16.79,18.14,16.54,17.79,638437,11054536.655,derived_ohlc4
UPCOM_VEA,VEA,2020-04-10 09:00:00,416,4,17.54,17.64,16.44,16.74,544093,9298549.37,derived_ohlc4
UPCOM_VEA,VEA,2020-04-13 09:00:00,417,4,16.74,17.74,16.49,17.54,293359,5024506.272499999,derived_ohlc4
UPCOM_VEA,VEA,2020-04-14 09:00:00,418,4,17.59,18.04,16.99,17.44,257842,4516102.629999999,derived_ohlc4
UPCOM_VEA,VEA,2020-04-15 09:00:00,419,4,17.44,18.04,17.24,17.89,392295,6924987.4875,derived_ohlc4
UPCOM_VEA,VEA,2020-04-16 09:00:00,420,4,17.69,17.69,17.04,17.24,276050,4807410.75,derived_ohlc4
UPCOM_VEA,VEA,2020-04-17 09:00:00,421,4,17.24,18.04,17.09,17.69,206897,3623800.955,derived_ohlc4
UPCOM_VEA,VEA,2020-04-20 09:00:00,422,4,17.64,17.89,17.49,17.64,343100,6060861.5,derived_ohlc4
UPCOM_VEA,VEA,2020-04-21 09:00:00,423,4,17.69,17.69,16.24,16.54,341199,5814030.96,derived_ohlc4
UPCOM_VEA,VEA,2020-04-22 09:00:00,424,4,16.29,17.04,16.04,16.94,221567,3673026.9425000004,derived_ohlc4
UPCOM_VEA,VEA,2020-04-23 09:00:00,425,4,16.94,17.44,16.79,17.09,139360,2378178.4000000004,derived_ohlc4
UPCOM_VEA,VEA,2020-04-24 09:00:00,426,4,17.14,17.14,16.84,16.94,88674,1508788.11,derived_ohlc4
UPCOM_VEA,VEA,2020-04-27 09:00:00,427,4,16.99,17.54,16.99,17.54,288977,4989187.905,derived_ohlc4
UPCOM_VEA,VEA,2020-04-28 09:00:00,428,4,17.54,19.85,17.54,18.14,379069,6924642.9575,derived_ohlc4
UPCOM_VEA,VEA,2020-04-29 09:00:00,429,4,18.09,19.04,18.09,19.04,602448,11184447.12,derived_ohlc4
UPCOM_VEA,VEA,2020-05-04 09:00:00,430,4,19.04,19.19,18.74,18.89,176656,3350281.04,derived_ohlc4
UPCOM_VEA,VEA,2020-05-05 09:00:00,431,4,18.84,18.84,18.34,18.49,211091,3932097.6024999996,derived_ohlc4
UPCOM_VEA,VEA,2020-05-06 09:00:00,432,4,18.49,18.94,18.44,18.89,160436,2998548.8400000003,derived_ohlc4
UPCOM_VEA,VEA,2020-05-07 09:00:00,433,4,18.69,18.89,18.34,18.54,171380,3190238.7,derived_ohlc4
UPCOM_VEA,VEA,2020-05-08 09:00:00,434,4,18.79,19.55,18.79,19.29,409140,7816619.7,derived_ohlc4
UPCOM_VEA,VEA,2020-05-11 09:00:00,435,4,19.39,19.9,19.24,19.39,372940,7264871.2,derived_ohlc4
UPCOM_VEA,VEA,2020-05-12 09:00:00,436,4,19.34,19.5,19.14,19.34,173754,3358664.8200000003,derived_ohlc4
UPCOM_VEA,VEA,2020-05-13 09:00:00,437,4,19.34,19.65,19.19,19.55,215330,4184400.2249999996,derived_ohlc4
UPCOM_VEA,VEA,2020-05-14 09:00:00,438,4,19.45,19.55,19.19,19.19,249377,4824198.0649999995,derived_ohlc4
UPCOM_VEA,VEA,2020-05-15 09:00:00,439,4,19.29,19.34,18.79,18.79,181305,3454313.5124999997,derived_ohlc4
UPCOM_VEA,VEA,2020-05-18 09:00:00,440,4,18.99,19.19,18.54,19.14,102080,1935947.2,derived_ohlc4
UPCOM_VEA,VEA,2020-05-19 09:00:00,441,4,18.99,20.05,18.99,19.65,475137,9227160.540000001,derived_ohlc4
UPCOM_VEA,VEA,2020-05-20 09:00:00,442,4,19.9,21.05,19.85,20.7,497979,10146322.125,derived_ohlc4
UPCOM_VEA,VEA,2020-05-21 09:00:00,443,4,20.8,21.6,20.8,21.4,419115,8864282.25,derived_ohlc4
UPCOM_VEA,VEA,2020-05-22 09:00:00,444,4,21.4,21.45,20.05,20.55,325170,6783859.124999999,derived_ohlc4
UPCOM_VEA,VEA,2020-05-25 09:00:00,445,4,20.85,20.85,20.3,20.5,174854,3606363.75,derived_ohlc4
UPCOM_VEA,VEA,2020-05-26 09:00:00,446,4,20.55,20.7,20.4,20.55,222491,4572190.05,derived_ohlc4
UPCOM_VEA,VEA,2020-05-27 09:00:00,447,4,20.55,20.75,20.05,20.05,358258,7290550.299999999,derived_ohlc4
UPCOM_VEA,VEA,2020-05-28 09:00:00,448,4,20.25,20.3,20.1,20.2,311727,6300781.9875,derived_ohlc4
UPCOM_VEA,VEA,2020-05-29 09:00:00,449,4,20.15,20.65,20.05,20.15,242122,4902970.5,derived_ohlc4
UPCOM_VEA,VEA,2020-06-01 09:00:00,450,4,20.35,20.8,20.3,20.75,140590,2889124.5,derived_ohlc4
UPCOM_VEA,VEA,2020-06-02 09:00:00,451,4,20.8,22.05,17.54,21.65,679630,13939211.299999999,derived_ohlc4
UPCOM_VEA,VEA,2020-06-03 09:00:00,452,4,21.55,21.85,21.3,21.65,291476,6292238.149999999,derived_ohlc4
UPCOM_VEA,VEA,2020-06-04 09:00:00,453,4,21.55,21.75,21.55,21.6,135774,2934415.5749999997,derived_ohlc4
UPCOM_VEA,VEA,2020-06-05 09:00:00,454,4,21.6,21.65,21.1,21.1,318213,6797825.212499999,derived_ohlc4
UPCOM_VEA,VEA,2020-06-08 09:00:00,455,4,21.1,21.95,21.1,21.85,181200,3895800.0,derived_ohlc4
UPCOM_VEA,VEA,2020-06-09 09:00:00,456,4,21.8,22.4,18.49,22.4,328604,6990228.59,derived_ohlc4
UPCOM_VEA,VEA,2020-06-10 09:00:00,457,4,22.3,22.35,18.89,22.05,105534,2258163.765,derived_ohlc4
UPCOM_VEA,VEA,2020-06-11 09:00:00,458,4,21.85,22.1,20.85,21.05,224444,4817129.350000001,derived_ohlc4
UPCOM_VEA,VEA,2020-06-12 09:00:00,459,4,20.95,21.4,20.45,21.4,212800,4479439.999999999,derived_ohlc4
UPCOM_VEA,VEA,2020-06-15 09:00:00,460,4,20.95,21.5,20.9,21.05,173915,3669606.5000000005,derived_ohlc4
UPCOM_VEA,VEA,2020-06-16 09:00:00,461,4,21.3,21.7,21.3,21.7,130345,2802417.5,derived_ohlc4
UPCOM_VEA,VEA,2020-06-17 09:00:00,462,4,21.45,21.9,21.4,21.8,128853,2788056.7875,derived_ohlc4
UPCOM_VEA,VEA,2020-06-18 09:00:00,463,4,21.55,21.8,21.55,21.55,39190,846993.875,derived_ohlc4
UPCOM_VEA,VEA,2020-06-19 09:00:00,464,4,21.8,22.55,18.49,22.55,486647,10388696.8325,derived_ohlc4
UPCOM_VEA,VEA,2020-06-22 09:00:00,465,4,23.05,24.56,22.7,23.25,507144,11862098.16,derived_ohlc4
UPCOM_VEA,VEA,2020-06-23 09:00:00,466,4,23.45,23.65,22.45,22.85,155676,3596115.6,derived_ohlc4
UPCOM_VEA,VEA,2020-06-24 09:00:00,467,4,22.55,22.65,21.9,22.1,359474,8016270.199999999,derived_ohlc4
UPCOM_VEA,VEA,2020-06-25 09:00:00,468,4,21.9,22.25,21.55,21.95,129089,2828662.7125000004,derived_ohlc4
UPCOM_VEA,VEA,2020-06-26 09:00:00,469,4,21.95,22.25,21.7,21.8,209540,4594164.5,derived_ohlc4
UPCOM_VEA,VEA,2020-06-29 09:00:00,470,4,21.85,22.05,21.2,21.4,200635,4338731.875,derived_ohlc4
UPCOM_VEA,VEA,2020-06-30 09:00:00,471,4,21.65,21.7,20.9,21.1,179475,3829547.8124999995,derived_ohlc4
UPCOM_VEA,VEA,2020-07-01 09:00:00,472,4,21.1,21.8,20.8,21.8,82520,1763865.0,derived_ohlc4
UPCOM_VEA,VEA,2020-07-02 09:00:00,473,4,21.35,21.65,21.3,21.5,67845,1455275.25,derived_ohlc4
UPCOM_VEA,VEA,2020-07-03 09:00:00,474,4,21.5,22.15,21.5,22.05,139115,3032707.0,derived_ohlc4
UPCOM_VEA,VEA,2020-07-06 09:00:00,475,4,22.05,22.2,21.9,22.0,123086,2712507.725,derived_ohlc4
UPCOM_VEA,VEA,2020-07-07 09:00:00,476,4,22.0,22.05,21.65,21.8,181825,3977421.8749999995,derived_ohlc4
UPCOM_VEA,VEA,2020-07-08 09:00:00,477,4,21.6,22.45,21.6,22.3,130410,2867389.875,derived_ohlc4
UPCOM_VEA,VEA,2020-07-09 09:00:00,478,4,22.15,22.45,22.05,22.2,131860,2928940.25,derived_ohlc4
UPCOM_VEA,VEA,2020-07-10 09:00:00,479,4,22.2,22.25,21.95,22.2,97830,2166934.5,derived_ohlc4
UPCOM_VEA,VEA,2020-07-13 09:00:00,480,4,22.1,22.25,22.05,22.15,60900,1348173.7500000002,derived_ohlc4
UPCOM_VEA,VEA,2020-07-14 09:00:00,481,4,22.05,22.15,22.0,22.15,31330,692001.375,derived_ohlc4
UPCOM_VEA,VEA,2020-07-15 09:00:00,482,4,22.15,22.4,22.15,22.3,114868,2555812.9999999995,derived_ohlc4
UPCOM_VEA,VEA,2020-07-16 09:00:00,483,4,22.3,22.95,22.3,22.7,161601,3646122.5625,derived_ohlc4
UPCOM_VEA,VEA,2020-07-17 09:00:00,484,4,22.6,22.95,22.55,22.7,106904,2426720.8,derived_ohlc4
UPCOM_VEA,VEA,2020-07-20 09:00:00,485,4,22.6,22.7,22.45,22.55,157928,3565224.6,derived_ohlc4
UPCOM_VEA,VEA,2020-07-21 09:00:00,486,4,22.6,22.65,22.15,22.6,100770,2267325.0,derived_ohlc4
UPCOM_VEA,VEA,2020-07-22 09:00:00,487,4,22.5,22.8,22.3,22.45,69630,1567545.375,derived_ohlc4
UPCOM_VEA,VEA,2020-07-23 09:00:00,488,4,22.3,22.3,21.55,22.0,84040,1852031.5000000002,derived_ohlc4
UPCOM_VEA,VEA,2020-07-24 09:00:00,489,4,22.05,22.05,20.95,21.4,210670,4553105.374999999,derived_ohlc4
UPCOM_VEA,VEA,2020-07-27 09:00:00,490,4,21.15,21.15,19.9,20.05,502031,10323012.4375,derived_ohlc4
UPCOM_VEA,VEA,2020-07-28 09:00:00,491,4,19.95,21.4,19.95,21.3,195907,4045479.55,derived_ohlc4
UPCOM_VEA,VEA,2020-07-29 09:00:00,492,4,21.05,21.05,20.45,21.0,183031,3823060.0124999997,derived_ohlc4
UPCOM_VEA,VEA,2020-07-30 09:00:00,493,4,21.05,21.25,20.8,21.15,99528,2096308.5,derived_ohlc4
UPCOM_VEA,VEA,2020-07-31 09:00:00,494,4,20.55,21.05,20.55,20.8,77568,1608566.4000000001,derived_ohlc4
UPCOM_VEA,VEA,2020-08-03 09:00:00,495,4,20.95,21.5,20.65,21.4,112931,2385667.375,derived_ohlc4
UPCOM_VEA,VEA,2020-08-04 09:00:00,496,4,21.55,21.75,21.45,21.75,68320,1477420.0,derived_ohlc4
UPCOM_VEA,VEA,2020-08-05 09:00:00,497,4,21.55,22.15,21.45,22.05,158411,3453359.8000000003,derived_ohlc4
UPCOM_VEA,VEA,2020-08-06 09:00:00,498,4,21.9,22.35,21.75,21.8,180023,3951504.85,derived_ohlc4
UPCOM_VEA,VEA,2020-08-07 09:00:00,499,4,22.05,22.3,22.05,22.2,103753,2298128.95,derived_ohlc4
UPCOM_VEA,VEA,2020-08-10 09:00:00,500,4,22.2,22.3,21.55,22.25,70653,1559664.9749999999,derived_ohlc4
UPCOM_VEA,VEA,2020-08-11 09:00:00,501,4,22.15,22.15,21.65,21.85,132890,2916935.4999999995,derived_ohlc4
UPCOM_VEA,VEA,2020-08-12 09:00:00,502,4,22.05,22.05,21.85,22.05,57250,1259500.0,derived_ohlc4
UPCOM_VEA,VEA,2020-08-13 09:00:00,503,4,22.1,22.3,21.65,21.7,151637,3326536.6875000005,derived_ohlc4
UPCOM_VEA,VEA,2020-08-14 09:00:00,504,4,21.95,21.95,21.5,21.55,96687,2101733.6625,derived_ohlc4
UPCOM_VEA,VEA,2020-08-17 09:00:00,505,4,21.6,21.6,21.35,21.35,44088,946789.8,derived_ohlc4
UPCOM_VEA,VEA,2020-08-18 09:00:00,506,4,21.4,21.4,21.05,21.2,125820,2675247.75,derived_ohlc4
UPCOM_VEA,VEA,2020-08-19 09:00:00,507,4,21.3,21.45,21.25,21.3,105224,2243901.8,derived_ohlc4
UPCOM_VEA,VEA,2020-08-20 09:00:00,508,4,21.55,21.65,21.35,21.35,41580,892930.5000000001,derived_ohlc4
UPCOM_VEA,VEA,2020-08-21 09:00:00,509,4,21.45,21.55,21.4,21.45,53753,1153673.7625000002,derived_ohlc4
UPCOM_VEA,VEA,2020-08-24 09:00:00,510,4,21.5,21.9,21.5,21.9,65730,1426341.0000000002,derived_ohlc4
UPCOM_VEA,VEA,2020-08-25 09:00:00,511,4,21.95,22.1,21.8,22.0,108037,2372762.6125,derived_ohlc4
UPCOM_VEA,VEA,2020-08-26 09:00:00,512,4,22.0,22.2,21.85,21.95,29141,641102.0000000001,derived_ohlc4
UPCOM_VEA,VEA,2020-08-27 09:00:00,513,4,21.95,22.1,21.8,22.1,47500,1044406.2499999999,derived_ohlc4
UPCOM_VEA,VEA,2020-08-28 09:00:00,514,4,22.1,23.05,22.1,22.8,563928,12695429.1,derived_ohlc4
UPCOM_VEA,VEA,2020-08-31 09:00:00,515,4,22.85,23.05,22.55,22.55,108522,2468875.5,derived_ohlc4
UPCOM_VEA,VEA,2020-09-01 09:00:00,516,4,22.55,22.9,22.35,22.6,32825,741845.0,derived_ohlc4
UPCOM_VEA,VEA,2020-09-03 09:00:00,517,4,22.7,22.7,21.95,22.2,212879,4765828.6125,derived_ohlc4
UPCOM_VEA,VEA,2020-09-04 09:00:00,518,4,22.05,22.15,21.6,22.05,104091,2286098.5875000004,derived_ohlc4
UPCOM_VEA,VEA,2020-09-07 09:00:00,519,4,22.15,22.55,22.0,22.1,100660,2234652.0000000005,derived_ohlc4
UPCOM_VEA,VEA,2020-09-08 09:00:00,520,4,22.2,22.25,21.9,22.2,100700,2229246.25,derived_ohlc4
UPCOM_VEA,VEA,2020-09-09 09:00:00,521,4,22.0,22.25,21.8,22.05,64731,1425700.275,derived_ohlc4
UPCOM_VEA,VEA,2020-09-10 09:00:00,522,4,22.2,22.25,22.05,22.2,48744,1080898.2,derived_ohlc4
UPCOM_VEA,VEA,2020-09-11 09:00:00,523,4,22.2,22.25,22.05,22.1,113660,2517569.0,derived_ohlc4
UPCOM_VEA,VEA,2020-09-14 09:00:00,524,4,22.2,22.3,22.0,22.05,132680,2937203.5,derived_ohlc4
UPCOM_VEA,VEA,2020-09-15 09:00:00,525,4,22.05,22.3,22.0,22.1,113990,2520603.8749999995,derived_ohlc4
UPCOM_VEA,VEA,2020-09-16 09:00:00,526,4,22.15,22.85,22.15,22.65,284950,6397127.500000001,derived_ohlc4
UPCOM_VEA,VEA,2020-09-17 09:00:00,527,4,22.55,22.7,22.3,22.5,120839,2720387.9875,derived_ohlc4
UPCOM_VEA,VEA,2020-09-18 09:00:00,528,4,22.35,22.5,22.15,22.4,105833,2365367.5500000003,derived_ohlc4
UPCOM_VEA,VEA,2020-09-21 09:00:00,529,4,22.4,22.4,22.1,22.2,103220,2299225.5,derived_ohlc4
UPCOM_VEA,VEA,2020-09-22 09:00:00,530,4,22.05,22.25,22.05,22.05,115420,2550781.9999999995,derived_ohlc4
UPCOM_VEA,VEA,2020-09-23 09:00:00,531,4,22.1,22.2,21.95,22.05,192643,4252594.225,derived_ohlc4
UPCOM_VEA,VEA,2020-09-24 09:00:00,532,4,22.2,22.2,21.95,22.05,121648,2688420.8,derived_ohlc4
UPCOM_VEA,VEA,2020-09-25 09:00:00,533,4,22.1,22.15,21.75,22.0,234927,5168394.0,derived_ohlc4
UPCOM_VEA,VEA,2020-09-28 09:00:00,534,4,21.95,22.05,21.9,22.0,66006,1450481.85,derived_ohlc4
UPCOM_VEA,VEA,2020-09-29 09:00:00,535,4,21.95,22.05,21.6,21.6,165892,3616445.5999999996,derived_ohlc4
UPCOM_VEA,VEA,2020-09-30 09:00:00,536,4,21.65,21.85,21.5,21.65,99725,2160292.8125,derived_ohlc4
UPCOM_VEA,VEA,2020-10-01 09:00:00,537,4,21.7,21.95,21.7,21.75,103337,2250163.175,derived_ohlc4
UPCOM_VEA,VEA,2020-10-02 09:00:00,538,4,21.85,21.95,21.35,21.8,169281,3679745.7375000003,derived_ohlc4
UPCOM_VEA,VEA,2020-10-05 09:00:00,539,4,21.95,21.95,21.65,21.75,38830,847464.75,derived_ohlc4
UPCOM_VEA,VEA,2020-10-06 09:00:00,540,4,21.85,22.0,21.75,22.0,76570,1676883.0,derived_ohlc4
UPCOM_VEA,VEA,2020-10-07 09:00:00,541,4,21.8,22.6,21.8,22.25,175905,3889699.3125,derived_ohlc4
UPCOM_VEA,VEA,2020-10-08 09:00:00,542,4,22.2,22.25,21.95,22.05,38756,856992.05,derived_ohlc4
UPCOM_VEA,VEA,2020-10-09 09:00:00,543,4,22.15,22.15,22.0,22.1,51160,1130636.0,derived_ohlc4
UPCOM_VEA,VEA,2020-10-12 09:00:00,544,4,22.1,22.1,21.9,21.95,90292,1987552.65,derived_ohlc4
UPCOM_VEA,VEA,2020-10-13 09:00:00,545,4,21.95,21.95,21.85,21.9,80917,1773093.7625000002,derived_ohlc4
UPCOM_VEA,VEA,2020-10-14 09:00:00,546,4,21.95,21.95,21.75,21.75,68310,1492573.5,derived_ohlc4
UPCOM_VEA,VEA,2020-10-15 09:00:00,547,4,21.8,21.8,21.55,21.6,135032,2928506.5,derived_ohlc4
UPCOM_VEA,VEA,2020-10-16 09:00:00,548,4,21.65,21.95,21.55,21.85,98080,2133240.0,derived_ohlc4
UPCOM_VEA,VEA,2020-10-19 09:00:00,549,4,21.85,22.05,21.85,22.0,64538,1415802.375,derived_ohlc4
UPCOM_VEA,VEA,2020-10-20 09:00:00,550,4,22.0,22.05,21.8,21.95,39160,859562.0,derived_ohlc4
UPCOM_VEA,VEA,2020-10-21 09:00:00,551,4,21.85,21.95,21.8,21.8,59320,1296141.9999999998,derived_ohlc4
UPCOM_VEA,VEA,2020-10-22 09:00:00,552,4,21.85,21.85,21.7,21.85,44720,975455.0,derived_ohlc4
UPCOM_VEA,VEA,2020-10-23 09:00:00,553,4,21.75,21.95,21.3,21.6,258419,5594771.35,derived_ohlc4
UPCOM_VEA,VEA,2020-10-26 09:00:00,554,4,21.6,21.65,21.5,21.55,80667,1740390.525,derived_ohlc4
UPCOM_VEA,VEA,2020-10-27 09:00:00,555,4,21.55,21.55,21.45,21.55,30927,665703.6749999999,derived_ohlc4
UPCOM_VEA,VEA,2020-10-28 09:00:00,556,4,21.55,21.55,21.2,21.35,105284,2254393.6500000004,derived_ohlc4
UPCOM_VEA,VEA,2020-10-29 09:00:00,557,4,21.35,21.35,20.95,21.3,140741,2988986.9875000003,derived_ohlc4
UPCOM_VEA,VEA,2020-10-30 09:00:00,558,4,21.3,21.35,21.15,21.15,25000,530937.5,derived_ohlc4
UPCOM_VEA,VEA,2020-11-02 09:00:00,559,4,21.3,21.55,21.25,21.35,13532,289077.35,derived_ohlc4
UPCOM_VEA,VEA,2020-11-03 09:00:00,560,4,21.6,21.65,21.4,21.65,48418,1044618.3500000001,derived_ohlc4
UPCOM_VEA,VEA,2020-11-04 09:00:00,561,4,21.65,21.9,21.5,21.85,65338,1419468.05,derived_ohlc4
UPCOM_VEA,VEA,2020-11-05 09:00:00,562,4,21.85,21.85,21.6,21.6,31700,688682.5,derived_ohlc4
UPCOM_VEA,VEA,2020-11-06 09:00:00,563,4,21.6,21.75,21.6,21.65,37821,818824.6499999999,derived_ohlc4
UPCOM_VEA,VEA,2020-11-09 09:00:00,564,4,21.65,22.7,21.65,22.55,397520,8800099.0,derived_ohlc4
UPCOM_VEA,VEA,2020-11-10 09:00:00,565,4,22.8,22.8,22.4,22.45,203127,4593209.287500001,derived_ohlc4
UPCOM_VEA,VEA,2020-11-11 09:00:00,566,4,22.45,22.6,22.4,22.45,121990,2741725.2499999995,derived_ohlc4
UPCOM_VEA,VEA,2020-11-12 09:00:00,567,4,22.4,23.65,22.35,23.35,375136,8604682.0,derived_ohlc4
UPCOM_VEA,VEA,2020-11-13 09:00:00,568,4,23.35,23.5,23.15,23.2,157709,3674619.7,derived_ohlc4
UPCOM_VEA,VEA,2020-11-16 09:00:00,569,4,23.55,23.96,23.45,23.6,510965,12079212.6,derived_ohlc4
UPCOM_VEA,VEA,2020-11-17 09:00:00,570,4,23.65,23.86,23.45,23.45,452170,10672342.424999999,derived_ohlc4
UPCOM_VEA,VEA,2020-11-18 09:00:00,571,4,23.65,23.75,23.5,23.65,118040,2790170.5000000005,derived_ohlc4
UPCOM_VEA,VEA,2020-11-19 09:00:00,572,4,23.65,23.75,23.6,23.7,139615,3305385.125,derived_ohlc4
UPCOM_VEA,VEA,2020-11-20 09:00:00,573,4,23.81,24.56,23.81,24.11,279560,6729708.1,derived_ohlc4
UPCOM_VEA,VEA,2020-11-23 09:00:00,574,4,24.11,24.51,24.11,24.41,194361,4720056.885,derived_ohlc4
UPCOM_VEA,VEA,2020-11-24 09:00:00,575,4,24.31,24.46,23.6,24.11,202390,4881646.8,derived_ohlc4
UPCOM_VEA,VEA,2020-11-25 09:00:00,576,4,24.11,24.16,23.65,23.7,267160,6386459.8,derived_ohlc4
UPCOM_VEA,VEA,2020-11-26 09:00:00,577,4,23.7,24.16,23.65,23.75,213659,5088289.085,derived_ohlc4
UPCOM_VEA,VEA,2020-11-27 09:00:00,578,4,23.75,24.21,23.7,24.21,215729,5170484.8075,derived_ohlc4
UPCOM_VEA,VEA,2020-11-30 09:00:00,579,4,24.31,24.31,24.06,24.26,241455,5851661.925,derived_ohlc4
UPCOM_VEA,VEA,2020-12-01 09:00:00,580,4,24.11,24.26,23.75,24.26,344875,8309763.125000001,derived_ohlc4
UPCOM_VEA,VEA,2020-12-02 09:00:00,581,4,24.16,25.51,24.16,25.01,629120,15545555.200000001,derived_ohlc4
UPCOM_VEA,VEA,2020-12-03 09:00:00,582,4,25.06,25.06,24.81,24.81,204897,5109106.694999999,derived_ohlc4
UPCOM_VEA,VEA,2020-12-04 09:00:00,583,4,24.96,25.31,24.81,25.16,322228,8075033.68,derived_ohlc4
UPCOM_VEA,VEA,2020-12-07 09:00:00,584,4,25.31,25.66,25.21,25.56,347390,8835864.65,derived_ohlc4
UPCOM_VEA,VEA,2020-12-08 09:00:00,585,4,25.51,25.61,25.41,25.61,259252,6619999.82,derived_ohlc4
UPCOM_VEA,VEA,2020-12-09 09:00:00,586,4,26.01,26.41,25.06,25.61,506433,13052044.4925,derived_ohlc4
UPCOM_VEA,VEA,2020-12-10 09:00:00,587,4,25.76,25.76,25.06,25.16,416105,10583630.674999999,derived_ohlc4
UPCOM_VEA,VEA,2020-12-11 09:00:00,588,4,25.21,25.51,24.31,25.51,205847,5173964.345000001,derived_ohlc4
UPCOM_VEA,VEA,2020-12-14 09:00:00,589,4,25.26,25.66,25.21,25.51,149448,3797473.68,derived_ohlc4
UPCOM_VEA,VEA,2020-12-15 09:00:00,590,4,25.56,25.81,25.26,25.41,312067,7960829.169999999,derived_ohlc4
UPCOM_VEA,VEA,2020-12-16 09:00:00,591,4,25.46,25.56,25.41,25.56,213662,5447846.845,derived_ohlc4
UPCOM_VEA,VEA,2020-12-17 09:00:00,592,4,25.51,26.36,25.36,25.96,513723,13252769.0925,derived_ohlc4
UPCOM_VEA,VEA,2020-12-18 09:00:00,593,4,25.81,27.11,25.81,27.06,610818,16154609.055000002,derived_ohlc4
UPCOM_VEA,VEA,2020-12-21 09:00:00,594,4,27.16,27.56,26.66,27.26,450967,12248263.72,derived_ohlc4
UPCOM_VEA,VEA,2020-12-22 09:00:00,595,4,27.16,27.66,27.06,27.51,747534,20443186.065,derived_ohlc4
UPCOM_VEA,VEA,2020-12-23 09:00:00,596,4,27.61,27.91,27.06,27.36,662955,18221318.175,derived_ohlc4
UPCOM_VEA,VEA,2020-12-24 09:00:00,597,4,27.56,28.57,26.96,27.56,1139442,31519814.325000003,derived_ohlc4
UPCOM_VEA,VEA,2020-12-25 09:00:00,598,4,27.61,28.12,27.56,27.81,399961,11108916.775,derived_ohlc4
UPCOM_VEA,VEA,2020-12-28 09:00:00,599,4,28.06,28.06,27.56,27.56,341770,9504623.7,derived_ohlc4
UPCOM_VEA,VEA,2020-12-29 09:00:00,600,4,27.56,27.66,27.11,27.56,398853,10957489.0425,derived_ohlc4
UPCOM_VEA,VEA,2020-12-30 09:00:00,601,4,27.51,27.81,27.31,27.81,523676,14458694.36,derived_ohlc4
UPCOM_VEA,VEA,2020-12-31 09:00:00,602,4,27.56,27.76,27.56,27.61,223079,6161999.677499999,derived_ohlc4
UPCOM_VEA,VEA,2021-01-04 09:00:00,603,4,27.99,29.09,27.43,27.54,299320,8384701.499999999,derived_ohlc4
UPCOM_VEA,VEA,2021-01-05 09:00:00,604,4,27.54,27.54,26.21,26.54,622156,16771770.369999997,derived_ohlc4
UPCOM_VEA,VEA,2021-01-06 09:00:00,605,4,26.32,26.71,26.05,26.6,389675,10295213.5,derived_ohlc4
UPCOM_VEA,VEA,2021-01-07 09:00:00,606,4,26.54,26.77,25.66,25.94,395191,10364871.952499999,derived_ohlc4
UPCOM_VEA,VEA,2021-01-08 09:00:00,607,4,25.94,25.94,25.16,25.6,991490,25441633.400000002,derived_ohlc4
UPCOM_VEA,VEA,2021-01-11 09:00:00,608,4,25.6,26.71,25.55,26.6,527403,13773129.345,derived_ohlc4
UPCOM_VEA,VEA,2021-01-12 09:00:00,609,4,26.6,27.43,26.6,27.15,770912,20772223.84,derived_ohlc4
UPCOM_VEA,VEA,2021-01-13 09:00:00,610,4,27.15,27.49,26.99,27.27,670772,18261767.7,derived_ohlc4
UPCOM_VEA,VEA,2021-01-14 09:00:00,611,4,27.27,27.32,26.66,26.66,348279,9395696.7225,derived_ohlc4
UPCOM_VEA,VEA,2021-01-15 09:00:00,612,4,26.77,26.82,26.38,26.49,321461,8555684.514999999,derived_ohlc4
UPCOM_VEA,VEA,2021-01-18 09:00:00,613,4,26.54,26.88,26.21,26.6,261530,6945582.975,derived_ohlc4
UPCOM_VEA,VEA,2021-01-19 09:00:00,614,4,26.6,26.88,24.49,25.71,675140,17499628.8,derived_ohlc4
UPCOM_VEA,VEA,2021-01-20 09:00:00,615,4,25.77,26.6,24.83,25.71,176700,4546049.25,derived_ohlc4
UPCOM_VEA,VEA,2021-01-21 09:00:00,616,4,26.05,26.27,25.44,26.16,366800,9529464.0,derived_ohlc4
UPCOM_VEA,VEA,2021-01-22 09:00:00,617,4,26.16,26.6,26.16,26.32,426315,11216347.65,derived_ohlc4
UPCOM_VEA,VEA,2021-01-25 09:00:00,618,4,26.32,26.38,25.88,26.1,151500,3964755.0000000005,derived_ohlc4
UPCOM_VEA,VEA,2021-01-26 09:00:00,619,4,26.05,26.05,24.94,25.49,221930,5688620.725,derived_ohlc4
UPCOM_VEA,VEA,2021-01-27 09:00:00,620,4,25.21,25.38,24.49,25.1,220941,5533467.345000001,derived_ohlc4
UPCOM_VEA,VEA,2021-01-28 09:00:00,621,4,24.66,24.83,22.17,23.22,589226,13976440.719999999,derived_ohlc4
UPCOM_VEA,VEA,2021-01-29 09:00:00,622,4,22.94,24.27,22.83,24.11,138490,3259708.3749999995,derived_ohlc4
UPCOM_VEA,VEA,2021-02-01 09:00:00,623,4,23.83,24.27,23.55,23.72,71090,1694963.3249999997,derived_ohlc4
UPCOM_VEA,VEA,2021-02-02 09:00:00,624,4,23.83,23.83,23.33,23.5,139230,3288960.675,derived_ohlc4
UPCOM_VEA,VEA,2021-02-03 09:00:00,625,4,23.44,24.22,23.44,23.55,193100,4569228.75,derived_ohlc4
UPCOM_VEA,VEA,2021-02-04 09:00:00,626,4,23.66,24.11,23.66,23.94,90170,2149878.2249999996,derived_ohlc4
UPCOM_VEA,VEA,2021-02-05 09:00:00,627,4,24.11,24.22,24.0,24.16,116175,2802431.4375,derived_ohlc4
UPCOM_VEA,VEA,2021-02-08 09:00:00,628,4,24.16,24.38,23.33,23.83,67900,1624507.5,derived_ohlc4
UPCOM_VEA,VEA,2021-02-09 09:00:00,629,4,23.83,24.44,23.28,24.38,128370,3078633.525,derived_ohlc4
UPCOM_VEA,VEA,2021-02-17 09:00:00,630,4,24.38,25.21,24.33,24.99,104648,2587683.42,derived_ohlc4
UPCOM_VEA,VEA,2021-02-18 09:00:00,631,4,24.94,25.05,24.49,24.49,247150,6115108.875,derived_ohlc4
UPCOM_VEA,VEA,2021-02-19 09:00:00,632,4,24.77,24.94,24.49,24.77,95350,2359197.375,derived_ohlc4
UPCOM_VEA,VEA,2021-02-22 09:00:00,633,4,25.05,25.05,24.72,24.72,96826,2409515.01,derived_ohlc4
UPCOM_VEA,VEA,2021-02-23 09:00:00,634,4,24.88,24.99,24.72,24.88,62020,1542282.35,derived_ohlc4
UPCOM_VEA,VEA,2021-02-24 09:00:00,635,4,24.88,25.21,24.77,24.94,197700,4932615.0,derived_ohlc4
UPCOM_VEA,VEA,2021-02-25 09:00:00,636,4,25.1,25.21,24.77,24.83,143709,3589491.5475,derived_ohlc4
UPCOM_VEA,VEA,2021-02-26 09:00:00,637,4,24.77,24.88,24.61,24.77,85909,2126892.0675,derived_ohlc4
UPCOM_VEA,VEA,2021-03-01 09:00:00,638,4,24.77,24.83,24.61,24.77,179044,4430443.779999999,derived_ohlc4
UPCOM_VEA,VEA,2021-03-02 09:00:00,639,4,24.94,25.21,24.77,24.77,135845,3385597.0124999997,derived_ohlc4
UPCOM_VEA,VEA,2021-03-03 09:00:00,640,4,24.88,24.88,24.72,24.83,57156,1419040.5899999999,derived_ohlc4
UPCOM_VEA,VEA,2021-03-04 09:00:00,641,4,24.77,25.16,24.77,24.99,368859,9192888.4275,derived_ohlc4
UPCOM_VEA,VEA,2021-03-05 09:00:00,642,4,24.99,26.88,24.99,26.66,1178986,30512157.68,derived_ohlc4
UPCOM_VEA,VEA,2021-03-08 09:00:00,643,4,26.66,27.15,26.43,26.54,217228,5798901.46,derived_ohlc4
UPCOM_VEA,VEA,2021-03-09 09:00:00,644,4,26.6,26.6,25.77,25.77,213823,5598955.255,derived_ohlc4
UPCOM_VEA,VEA,2021-03-10 09:00:00,645,4,25.77,26.38,25.27,26.21,342513,8873655.5475,derived_ohlc4
UPCOM_VEA,VEA,2021-03-11 09:00:00,646,4,26.38,26.38,25.77,25.88,218830,5712010.075,derived_ohlc4
UPCOM_VEA,VEA,2021-03-12 09:00:00,647,4,26.05,26.1,25.55,25.55,216821,5596692.0625,derived_ohlc4
UPCOM_VEA,VEA,2021-03-15 09:00:00,648,4,25.49,25.77,25.49,25.6,151200,3868830.0,derived_ohlc4
UPCOM_VEA,VEA,2021-03-16 09:00:00,649,4,25.88,25.88,25.05,25.21,273945,6986967.225000001,derived_ohlc4
UPCOM_VEA,VEA,2021-03-17 09:00:00,650,4,25.21,25.77,25.21,25.55,178656,4544115.359999999,derived_ohlc4
UPCOM_VEA,VEA,2021-03-18 09:00:00,651,4,25.66,25.66,25.27,25.49,132621,3384487.92,derived_ohlc4
UPCOM_VEA,VEA,2021-03-19 09:00:00,652,4,25.44,25.66,25.38,25.55,203550,5192051.625,derived_ohlc4
UPCOM_VEA,VEA,2021-03-22 09:00:00,653,4,25.66,25.66,25.21,25.38,186806,4759349.865,derived_ohlc4
UPCOM_VEA,VEA,2021-03-23 09:00:00,654,4,25.49,25.49,24.88,25.1,159200,4018208.0000000005,derived_ohlc4
UPCOM_VEA,VEA,2021-03-24 09:00:00,655,4,24.94,24.94,24.11,24.38,480813,11824393.7025,derived_ohlc4
UPCOM_VEA,VEA,2021-03-25 09:00:00,656,4,24.61,24.66,24.33,24.44,306900,7522118.999999999,derived_ohlc4
UPCOM_VEA,VEA,2021-03-26 09:00:00,657,4,24.38,24.61,24.05,24.33,187942,4574978.135,derived_ohlc4
UPCOM_VEA,VEA,2021-03-29 09:00:00,658,4,24.33,24.61,24.22,24.61,129500,3165303.75,derived_ohlc4
UPCOM_VEA,VEA,2021-03-30 09:00:00,659,4,24.49,24.72,24.38,24.44,107207,2627375.5524999998,derived_ohlc4
UPCOM_VEA,VEA,2021-03-31 09:00:00,660,4,24.44,24.55,24.33,24.44,50200,1226888.0,derived_ohlc4
UPCOM_VEA,VEA,2021-04-01 09:00:00,661,4,24.38,24.77,24.33,24.72,172400,4232419.999999999,derived_ohlc4
UPCOM_VEA,VEA,2021-04-02 09:00:00,662,4,24.94,25.44,24.77,25.33,236600,5943392.0,derived_ohlc4
UPCOM_VEA,VEA,2021-04-05 09:00:00,663,4,25.33,25.55,24.88,25.38,316155,7993979.174999999,derived_ohlc4
UPCOM_VEA,VEA,2021-04-06 09:00:00,664,4,25.21,25.33,25.05,25.33,181308,4574400.84,derived_ohlc4
UPCOM_VEA,VEA,2021-04-07 09:00:00,665,4,25.33,25.33,24.88,24.88,182419,4579628.994999999,derived_ohlc4
UPCOM_VEA,VEA,2021-04-08 09:00:00,666,4,24.99,25.05,24.72,24.94,162100,4040342.4999999995,derived_ohlc4
UPCOM_VEA,VEA,2021-04-09 09:00:00,667,4,24.88,25.05,24.66,24.88,119900,2981613.25,derived_ohlc4
UPCOM_VEA,VEA,2021-04-12 09:00:00,668,4,24.77,25.05,24.61,25.05,220800,5491296.0,derived_ohlc4
UPCOM_VEA,VEA,2021-04-13 09:00:00,669,4,24.83,24.99,24.38,24.44,208824,5149599.839999999,derived_ohlc4
UPCOM_VEA,VEA,2021-04-14 09:00:00,670,4,24.44,24.66,24.33,24.66,186718,4578792.155,derived_ohlc4
UPCOM_VEA,VEA,2021-04-15 09:00:00,671,4,24.49,24.55,24.05,24.05,216070,5247259.95,derived_ohlc4
UPCOM_VEA,VEA,2021-04-16 09:00:00,672,4,24.27,24.27,23.72,23.77,147410,3538945.5749999997,derived_ohlc4
UPCOM_VEA,VEA,2021-04-19 09:00:00,673,4,23.83,23.88,23.55,23.66,140400,3331691.9999999995,derived_ohlc4
UPCOM_VEA,VEA,2021-04-20 09:00:00,674,4,23.66,24.0,23.61,23.61,137435,3259958.1999999997,derived_ohlc4
UPCOM_VEA,VEA,2021-04-22 09:00:00,675,4,23.55,23.61,22.61,23.05,396300,9196141.5,derived_ohlc4
UPCOM_VEA,VEA,2021-04-23 09:00:00,676,4,23.0,23.0,22.61,22.78,174223,3980559.9925,derived_ohlc4
UPCOM_VEA,VEA,2021-04-26 09:00:00,677,4,22.78,23.0,22.67,22.72,185560,4229376.3,derived_ohlc4
UPCOM_VEA,VEA,2021-04-27 09:00:00,678,4,22.72,22.72,22.06,22.28,257036,5769173.0200000005,derived_ohlc4
UPCOM_VEA,VEA,2021-04-28 09:00:00,679,4,22.44,22.72,22.28,22.61,216045,4863713.0625,derived_ohlc4
UPCOM_VEA,VEA,2021-04-29 09:00:00,680,4,22.61,22.78,22.55,22.61,174306,3945852.0749999997,derived_ohlc4
UPCOM_VEA,VEA,2021-05-04 09:00:00,681,4,22.44,22.61,22.22,22.61,147635,3317358.4499999997,derived_ohlc4
UPCOM_VEA,VEA,2021-05-05 09:00:00,682,4,22.72,22.94,22.61,22.94,175087,3992421.3175,derived_ohlc4
UPCOM_VEA,VEA,2021-05-06 09:00:00,683,4,23.0,23.44,22.94,23.33,538800,12488037.0,derived_ohlc4
UPCOM_VEA,VEA,2021-05-07 09:00:00,684,4,23.33,23.33,23.0,23.11,648610,15042887.424999999,derived_ohlc4
UPCOM_VEA,VEA,2021-05-10 09:00:00,685,4,23.0,23.11,22.78,23.05,551007,12664895.895,derived_ohlc4
UPCOM_VEA,VEA,2021-05-11 09:00:00,686,4,23.0,23.33,23.0,23.28,497500,11518368.75,derived_ohlc4
UPCOM_VEA,VEA,2021-05-12 09:00:00,687,4,23.28,23.28,23.05,23.22,330703,7674789.8725,derived_ohlc4
UPCOM_VEA,VEA,2021-05-13 09:00:00,688,4,23.16,23.16,23.0,23.0,208810,4819334.8,derived_ohlc4
UPCOM_VEA,VEA,2021-05-14 09:00:00,689,4,23.22,23.22,22.55,22.67,410033,9395906.195,derived_ohlc4
UPCOM_VEA,VEA,2021-05-17 09:00:00,690,4,22.67,22.83,22.33,22.44,441833,9971066.2275,derived_ohlc4
UPCOM_VEA,VEA,2021-05-18 09:00:00,691,4,22.5,22.89,22.33,22.83,246100,5571088.75,derived_ohlc4
UPCOM_VEA,VEA,2021-05-19 09:00:00,692,4,22.83,22.83,22.55,22.67,62000,1408640.0,derived_ohlc4
UPCOM_VEA,VEA,2021-05-20 09:00:00,693,4,22.61,22.67,22.44,22.55,136800,3087234.0,derived_ohlc4
UPCOM_VEA,VEA,2021-05-21 09:00:00,694,4,22.55,23.61,22.55,23.61,314307,7254205.56,derived_ohlc4
UPCOM_VEA,VEA,2021-05-24 09:00:00,695,4,23.66,23.94,23.55,23.83,336560,7991617.2,derived_ohlc4
UPCOM_VEA,VEA,2021-05-25 09:00:00,696,4,24.11,24.49,23.88,24.27,229627,5554103.062499999,derived_ohlc4
UPCOM_VEA,VEA,2021-05-26 09:00:00,697,4,24.38,24.38,23.77,23.83,65918,1587964.6199999999,derived_ohlc4
UPCOM_VEA,VEA,2021-05-27 09:00:00,698,4,23.83,23.83,23.05,23.72,161305,3808007.7874999996,derived_ohlc4
UPCOM_VEA,VEA,2021-05-28 09:00:00,699,4,23.39,23.55,23.39,23.55,44300,1039721.0,derived_ohlc4
UPCOM_VEA,VEA,2021-05-31 09:00:00,700,4,23.55,23.55,23.11,23.55,56351,1320867.4400000002,derived_ohlc4
UPCOM_VEA,VEA,2021-06-01 09:00:00,701,4,23.33,24.27,23.33,24.27,229130,5453293.999999999,derived_ohlc4
UPCOM_VEA,VEA,2021-06-02 09:00:00,702,4,24.0,25.21,23.61,25.21,341480,8368821.100000001,derived_ohlc4
UPCOM_VEA,VEA,2021-06-03 09:00:00,703,4,25.21,26.05,24.88,26.05,715981,18291524.5975,derived_ohlc4
UPCOM_VEA,VEA,2021-06-04 09:00:00,704,4,26.05,26.27,25.49,26.21,685370,17823046.85,derived_ohlc4
UPCOM_VEA,VEA,2021-06-07 09:00:00,705,4,25.82,26.77,25.49,26.6,523506,13700152.020000001,derived_ohlc4
UPCOM_VEA,VEA,2021-06-08 09:00:00,706,4,26.32,26.99,25.77,25.77,416633,10920992.5125,derived_ohlc4
UPCOM_VEA,VEA,2021-06-09 09:00:00,707,4,25.77,26.54,25.71,25.77,331355,8597833.8625,derived_ohlc4
UPCOM_VEA,VEA,2021-06-10 09:00:00,708,4,25.77,26.6,25.49,25.55,424210,10966889.025,derived_ohlc4
UPCOM_VEA,VEA,2021-06-11 09:00:00,709,4,25.6,26.21,25.6,25.94,64960,1678404.0,derived_ohlc4
UPCOM_VEA,VEA,2021-06-14 09:00:00,710,4,25.94,26.32,25.94,26.05,78050,2034178.125,derived_ohlc4
UPCOM_VEA,VEA,2021-06-15 09:00:00,711,4,26.16,26.32,24.94,26.05,48085,1243838.7375,derived_ohlc4
UPCOM_VEA,VEA,2021-06-16 09:00:00,712,4,26.27,26.32,25.94,26.1,136326,3565947.3449999997,derived_ohlc4
UPCOM_VEA,VEA,2021-06-17 09:00:00,713,4,26.1,26.27,26.1,26.21,99600,2606532.0,derived_ohlc4
UPCOM_VEA,VEA,2021-06-18 09:00:00,714,4,26.27,26.49,26.1,26.21,196835,5170363.3625,derived_ohlc4
UPCOM_VEA,VEA,2021-06-21 09:00:00,715,4,26.1,26.27,25.94,26.05,63032,1644504.88,derived_ohlc4
UPCOM_VEA,VEA,2021-06-22 09:00:00,716,4,26.27,28.26,26.16,27.82,844561,22910828.5275,derived_ohlc4
UPCOM_VEA,VEA,2021-06-23 09:00:00,717,4,27.82,28.26,26.99,27.15,163400,4502487.0,derived_ohlc4
UPCOM_VEA,VEA,2021-06-24 09:00:00,718,4,26.88,27.38,26.82,27.1,68510,1852852.9500000002,derived_ohlc4
UPCOM_VEA,VEA,2021-06-25 09:00:00,719,4,27.1,27.1,26.05,26.88,297124,7957723.529999999,derived_ohlc4
UPCOM_VEA,VEA,2021-06-28 09:00:00,720,4,26.88,26.88,26.1,26.21,325966,8643803.405,derived_ohlc4
UPCOM_VEA,VEA,2021-06-29 09:00:00,721,4,26.38,26.43,25.94,26.16,287424,7538412.96,derived_ohlc4
UPCOM_VEA,VEA,2021-06-30 09:00:00,722,4,26.16,26.88,26.05,26.88,319203,8456485.4775,derived_ohlc4
UPCOM_VEA,VEA,2021-07-01 09:00:00,723,4,27.15,27.54,26.82,27.15,363654,9878660.91,derived_ohlc4
UPCOM_VEA,VEA,2021-07-02 09:00:00,724,4,27.27,27.99,27.15,27.15,384784,10539233.76,derived_ohlc4
UPCOM_VEA,VEA,2021-07-05 09:00:00,725,4,27.15,27.6,26.6,26.77,254702,6884595.06,derived_ohlc4
UPCOM_VEA,VEA,2021-07-06 09:00:00,726,4,26.71,26.88,26.16,26.32,223414,5924380.744999999,derived_ohlc4
UPCOM_VEA,VEA,2021-07-07 09:00:00,727,4,26.66,26.66,25.88,26.05,282259,7426939.9375,derived_ohlc4
UPCOM_VEA,VEA,2021-07-08 09:00:00,728,4,26.27,26.27,25.44,25.49,336609,8707233.3075,derived_ohlc4
UPCOM_VEA,VEA,2021-07-09 09:00:00,729,4,25.82,25.82,24.88,24.88,381200,9663420.0,derived_ohlc4
UPCOM_VEA,VEA,2021-07-12 09:00:00,730,4,27.65,27.65,24.05,24.05,615320,15906021.999999998,derived_ohlc4
UPCOM_VEA,VEA,2021-07-13 09:00:00,731,4,24.94,25.66,24.49,25.66,221300,5573993.75,derived_ohlc4
UPCOM_VEA,VEA,2021-07-14 09:00:00,732,4,25.49,25.6,24.83,25.1,346200,8743281.0,derived_ohlc4
UPCOM_VEA,VEA,2021-07-15 09:00:00,733,4,28.05,28.05,24.49,24.74,239600,6309267.0,derived_ohlc4
UPCOM_VEA,VEA,2021-07-16 09:00:00,734,4,24.87,24.93,24.49,24.68,104340,2581632.45,derived_ohlc4
UPCOM_VEA,VEA,2021-07-19 09:00:00,735,4,24.31,24.31,23.5,23.62,595200,14246112.000000002,derived_ohlc4
UPCOM_VEA,VEA,2021-07-20 09:00:00,736,4,22.87,24.18,22.56,24.06,238100,5575706.75,derived_ohlc4
UPCOM_VEA,VEA,2021-07-21 09:00:00,737,4,23.81,24.37,23.81,24.31,337140,8116645.5,derived_ohlc4
UPCOM_VEA,VEA,2021-07-22 09:00:00,738,4,24.31,25.43,24.18,25.05,331800,8209561.499999999,derived_ohlc4
UPCOM_VEA,VEA,2021-07-23 09:00:00,739,4,25.05,25.49,24.62,25.43,156030,3923764.4250000003,derived_ohlc4
UPCOM_VEA,VEA,2021-07-26 09:00:00,740,4,25.18,26.11,24.93,25.93,363828,9291257.55,derived_ohlc4
UPCOM_VEA,VEA,2021-07-27 09:00:00,741,4,25.74,26.18,25.68,26.05,144300,3739173.7499999995,derived_ohlc4
UPCOM_VEA,VEA,2021-07-28 09:00:00,742,4,25.99,26.11,25.86,25.86,46319,1202209.645,derived_ohlc4
UPCOM_VEA,VEA,2021-07-29 09:00:00,743,4,25.68,26.67,25.68,26.61,731800,19143888.0,derived_ohlc4
UPCOM_VEA,VEA,2021-07-30 09:00:00,744,4,26.61,27.05,26.55,26.99,514710,13794227.999999998,derived_ohlc4
UPCOM_VEA,VEA,2021-08-02 09:00:00,745,4,27.11,27.36,26.49,26.55,425733,11442638.7075,derived_ohlc4
UPCOM_VEA,VEA,2021-08-03 09:00:00,746,4,26.67,27.36,26.11,27.17,369400,9910078.5,derived_ohlc4
UPCOM_VEA,VEA,2021-08-04 09:00:00,747,4,26.8,27.3,26.67,26.8,45718,1229471.3150000002,derived_ohlc4
UPCOM_VEA,VEA,2021-08-05 09:00:00,748,4,26.86,27.11,26.61,27.11,73231,1971561.5975,derived_ohlc4
UPCOM_VEA,VEA,2021-08-06 09:00:00,749,4,26.92,27.11,26.67,26.8,102820,2763287.5,derived_ohlc4
UPCOM_VEA,VEA,2021-08-09 09:00:00,750,4,26.86,26.86,26.55,26.61,19200,513024.0,derived_ohlc4
UPCOM_VEA,VEA,2021-08-10 09:00:00,751,4,26.74,27.3,26.74,27.24,197510,5333757.55,derived_ohlc4
UPCOM_VEA,VEA,2021-08-11 09:00:00,752,4,27.17,27.61,27.11,27.42,178730,4884244.075,derived_ohlc4
UPCOM_VEA,VEA,2021-08-12 09:00:00,753,4,27.42,27.67,27.42,27.42,67100,1844075.75,derived_ohlc4
UPCOM_VEA,VEA,2021-08-13 09:00:00,754,4,26.92,27.42,26.86,27.42,60708,1648525.74,derived_ohlc4
UPCOM_VEA,VEA,2021-08-16 09:00:00,755,4,27.42,27.61,27.3,27.48,189310,5197032.775,derived_ohlc4
UPCOM_VEA,VEA,2021-08-17 09:00:00,756,4,27.48,27.67,27.3,27.48,97520,2680093.4000000004,derived_ohlc4
UPCOM_VEA,VEA,2021-08-18 09:00:00,757,4,27.42,27.67,27.36,27.42,137543,3777962.3525,derived_ohlc4
UPCOM_VEA,VEA,2021-08-19 09:00:00,758,4,27.42,27.48,27.3,27.42,149310,4091840.5500000003,derived_ohlc4
UPCOM_VEA,VEA,2021-08-20 09:00:00,759,4,27.42,27.61,26.92,26.92,172000,4681410.0,derived_ohlc4
UPCOM_VEA,VEA,2021-08-23 09:00:00,760,4,26.92,26.92,26.43,26.43,86106,2296877.5500000003,derived_ohlc4
UPCOM_VEA,VEA,2021-08-24 09:00:00,761,4,26.43,26.43,25.93,26.18,48500,1272761.25,derived_ohlc4
UPCOM_VEA,VEA,2021-08-25 09:00:00,762,4,26.18,26.18,25.93,26.18,50400,1316322.0,derived_ohlc4
UPCOM_VEA,VEA,2021-08-26 09:00:00,763,4,27.05,27.05,25.93,25.93,14200,376158.0,derived_ohlc4
UPCOM_VEA,VEA,2021-08-27 09:00:00,764,4,26.18,26.18,25.8,26.18,94600,2467641.0,derived_ohlc4
UPCOM_VEA,VEA,2021-08-30 09:00:00,765,4,25.99,26.55,25.99,26.36,50652,1328222.07,derived_ohlc4
UPCOM_VEA,VEA,2021-08-31 09:00:00,766,4,26.43,26.92,26.43,26.92,69019,1841081.825,derived_ohlc4
UPCOM_VEA,VEA,2021-09-01 09:00:00,767,4,26.92,27.17,26.67,26.67,54401,1461074.8575000002,derived_ohlc4
UPCOM_VEA,VEA,2021-09-06 09:00:00,768,4,26.86,26.86,26.55,26.61,98440,2630316.8,derived_ohlc4
UPCOM_VEA,VEA,2021-09-07 09:00:00,769,4,26.74,27.17,26.61,27.17,92126,2480262.235,derived_ohlc4
UPCOM_VEA,VEA,2021-09-08 09:00:00,770,4,27.17,27.48,26.61,27.42,275054,7473217.180000001,derived_ohlc4
UPCOM_VEA,VEA,2021-09-09 09:00:00,771,4,27.36,27.61,27.17,27.17,93900,2566052.25,derived_ohlc4
UPCOM_VEA,VEA,2021-09-10 09:00:00,772,4,27.3,27.48,27.17,27.36,34916,954166.99,derived_ohlc4
UPCOM_VEA,VEA,2021-09-13 09:00:00,773,4,23.31,27.36,23.31,26.8,64663,1629184.285,derived_ohlc4
UPCOM_VEA,VEA,2021-09-14 09:00:00,774,4,25.55,26.8,25.55,26.43,83919,2188817.3175000004,derived_ohlc4
UPCOM_VEA,VEA,2021-09-15 09:00:00,775,4,24.93,26.67,24.93,26.67,31300,807540.0,derived_ohlc4
UPCOM_VEA,VEA,2021-09-16 09:00:00,776,4,24.93,27.11,24.93,26.55,116300,3009844.0,derived_ohlc4
UPCOM_VEA,VEA,2021-09-17 09:00:00,777,4,26.49,26.67,26.49,26.55,78600,2086829.9999999998,derived_ohlc4
UPCOM_VEA,VEA,2021-09-20 09:00:00,778,4,25.86,26.55,25.86,25.99,174900,4558768.5,derived_ohlc4
UPCOM_VEA,VEA,2021-09-21 09:00:00,779,4,22.31,26.11,22.31,25.86,149900,3619710.25,derived_ohlc4
UPCOM_VEA,VEA,2021-09-22 09:00:00,780,4,24.31,26.11,24.31,25.93,141500,3560847.5,derived_ohlc4
UPCOM_VEA,VEA,2021-09-23 09:00:00,781,4,25.86,26.67,25.86,26.36,122719,3213703.8125,derived_ohlc4
UPCOM_VEA,VEA,2021-09-24 09:00:00,782,4,25.99,26.55,25.99,26.24,66630,1745206.275,derived_ohlc4
UPCOM_VEA,VEA,2021-09-27 09:00:00,783,4,26.49,26.49,26.11,26.24,99000,2606917.5,derived_ohlc4
UPCOM_VEA,VEA,2021-09-28 09:00:00,784,4,26.18,26.18,25.93,26.05,201300,5250910.499999999,derived_ohlc4
UPCOM_VEA,VEA,2021-09-29 09:00:00,785,4,22.5,26.49,22.5,25.86,136480,3321582.0,derived_ohlc4
UPCOM_VEA,VEA,2021-09-30 09:00:00,786,4,24.31,26.05,24.31,25.86,121400,3051085.5,derived_ohlc4
UPCOM_VEA,VEA,2021-10-01 09:00:00,787,4,24.62,26.18,24.62,25.93,104700,2652836.25,derived_ohlc4
UPCOM_VEA,VEA,2021-10-04 09:00:00,788,4,24.93,26.49,24.93,25.93,210700,5387599.0,derived_ohlc4
UPCOM_VEA,VEA,2021-10-05 09:00:00,789,4,24.93,26.05,24.93,26.05,48800,1243912.0,derived_ohlc4
UPCOM_VEA,VEA,2021-10-06 09:00:00,790,4,25.93,26.49,25.93,26.11,69114,1804912.1099999999,derived_ohlc4
UPCOM_VEA,VEA,2021-10-07 09:00:00,791,4,25.12,26.49,25.12,26.3,84305,2171486.0375,derived_ohlc4
UPCOM_VEA,VEA,2021-10-08 09:00:00,792,4,26.05,26.3,26.05,26.3,129901,3400158.6750000003,derived_ohlc4
UPCOM_VEA,VEA,2021-10-11 09:00:00,793,4,24.31,26.36,24.31,26.24,70151,1775171.055,derived_ohlc4
UPCOM_VEA,VEA,2021-10-12 09:00:00,794,4,25.53,26.47,25.53,26.41,74676,1940455.8599999999,derived_ohlc4
UPCOM_VEA,VEA,2021-10-13 09:00:00,795,4,25.9,26.41,25.9,26.28,117900,3079842.7500000005,derived_ohlc4
UPCOM_VEA,VEA,2021-10-14 09:00:00,796,4,25.4,26.28,25.4,26.16,283800,7324878.0,derived_ohlc4
UPCOM_VEA,VEA,2021-10-15 09:00:00,797,4,25.21,26.09,25.21,26.03,214224,5491632.239999999,derived_ohlc4
UPCOM_VEA,VEA,2021-10-18 09:00:00,798,4,26.35,26.35,25.46,25.46,356200,9227361.0,derived_ohlc4
UPCOM_VEA,VEA,2021-10-19 09:00:00,799,4,25.59,25.59,25.27,25.59,211858,5404497.58,derived_ohlc4
UPCOM_VEA,VEA,2021-10-20 09:00:00,800,4,25.46,25.72,25.27,25.34,204800,5211648.0,derived_ohlc4
UPCOM_VEA,VEA,2021-10-21 09:00:00,801,4,25.34,25.59,25.27,25.27,244400,6199817.0,derived_ohlc4
UPCOM_VEA,VEA,2021-10-22 09:00:00,802,4,25.27,25.84,25.27,25.78,345300,8818962.0,derived_ohlc4
UPCOM_VEA,VEA,2021-10-25 09:00:00,803,4,25.78,26.53,25.65,25.65,450242,11662393.405000001,derived_ohlc4
UPCOM_VEA,VEA,2021-10-26 09:00:00,804,4,26.79,26.79,25.84,26.03,297400,7840207.5,derived_ohlc4
UPCOM_VEA,VEA,2021-10-27 09:00:00,805,4,26.35,26.79,26.03,26.47,266600,7040906.0,derived_ohlc4
UPCOM_VEA,VEA,2021-10-28 09:00:00,806,4,30.25,30.25,26.6,27.23,459608,13136745.66,derived_ohlc4
UPCOM_VEA,VEA,2021-10-29 09:00:00,807,4,31.26,31.26,24.71,27.42,285550,8184576.875,derived_ohlc4
UPCOM_VEA,VEA,2021-11-01 09:00:00,808,4,31.26,31.26,26.98,27.04,430100,12530963.5,derived_ohlc4
UPCOM_VEA,VEA,2021-11-02 09:00:00,809,4,23.19,27.23,23.19,26.85,246750,6197126.250000001,derived_ohlc4
UPCOM_VEA,VEA,2021-11-03 09:00:00,810,4,26.28,26.85,26.28,26.41,234202,6195813.909999999,derived_ohlc4
UPCOM_VEA,VEA,2021-11-04 09:00:00,811,4,25.34,26.47,25.34,26.47,71000,1839255.0,derived_ohlc4
UPCOM_VEA,VEA,2021-11-05 09:00:00,812,4,22.56,26.79,22.56,26.53,65937,1622709.57,derived_ohlc4
UPCOM_VEA,VEA,2021-11-08 09:00:00,813,4,27.04,27.04,26.47,26.72,310488,8326511.9399999995,derived_ohlc4
UPCOM_VEA,VEA,2021-11-09 09:00:00,814,4,26.41,26.72,26.41,26.6,148930,3951857.5499999993,derived_ohlc4
UPCOM_VEA,VEA,2021-11-10 09:00:00,815,4,23.32,26.79,23.32,26.6,154600,3866159.5,derived_ohlc4
UPCOM_VEA,VEA,2021-11-11 09:00:00,816,4,26.79,26.79,26.47,26.47,231101,6154219.63,derived_ohlc4
UPCOM_VEA,VEA,2021-11-12 09:00:00,817,4,26.6,26.79,26.47,26.66,125140,3332478.1999999997,derived_ohlc4
UPCOM_VEA,VEA,2021-11-15 09:00:00,818,4,26.6,26.72,26.53,26.6,185451,4935314.7375,derived_ohlc4
UPCOM_VEA,VEA,2021-11-16 09:00:00,819,4,26.66,27.54,26.53,27.29,806828,21788390.14,derived_ohlc4
UPCOM_VEA,VEA,2021-11-17 09:00:00,820,4,27.42,27.67,26.72,26.98,370300,10071234.25,derived_ohlc4
UPCOM_VEA,VEA,2021-11-18 09:00:00,821,4,26.98,26.98,26.72,26.98,204600,5506809.000000001,derived_ohlc4
UPCOM_VEA,VEA,2021-11-19 09:00:00,822,4,26.79,27.73,26.6,26.79,1010200,27252670.5,derived_ohlc4
UPCOM_VEA,VEA,2021-11-22 09:00:00,823,4,27.1,27.61,26.79,27.48,608800,16586756.0,derived_ohlc4
UPCOM_VEA,VEA,2021-11-23 09:00:00,824,4,27.48,28.99,27.48,28.61,680323,19144289.22,derived_ohlc4
UPCOM_VEA,VEA,2021-11-24 09:00:00,825,4,28.68,29.31,28.43,28.68,645640,18578291.0,derived_ohlc4
UPCOM_VEA,VEA,2021-11-25 09:00:00,826,4,28.68,28.68,28.24,28.3,265420,7557834.499999999,derived_ohlc4
UPCOM_VEA,VEA,2021-11-26 09:00:00,827,4,28.05,30.88,28.05,29.69,1056500,30815463.75,derived_ohlc4
UPCOM_VEA,VEA,2021-11-29 09:00:00,828,4,28.99,29.62,28.68,29.37,394150,11495384.75,derived_ohlc4
UPCOM_VEA,VEA,2021-11-30 09:00:00,829,4,29.12,29.62,28.49,29.12,394702,11480894.425,derived_ohlc4
UPCOM_VEA,VEA,2021-12-01 09:00:00,830,4,28.87,29.31,28.11,28.3,406628,11648875.629999999,derived_ohlc4
UPCOM_VEA,VEA,2021-12-02 09:00:00,831,4,28.36,29.18,28.24,28.87,345612,9906103.950000001,derived_ohlc4
UPCOM_VEA,VEA,2021-12-03 09:00:00,832,4,28.68,29.12,28.11,28.24,374100,10675878.75,derived_ohlc4
UPCOM_VEA,VEA,2021-12-06 09:00:00,833,4,27.73,28.36,26.79,27.23,353100,9719960.25,derived_ohlc4
UPCOM_VEA,VEA,2021-12-07 09:00:00,834,4,27.8,27.98,27.23,27.73,261303,7234173.555000001,derived_ohlc4
UPCOM_VEA,VEA,2021-12-08 09:00:00,835,4,27.98,28.05,27.42,27.73,203116,5645609.220000001,derived_ohlc4
UPCOM_VEA,VEA,2021-12-09 09:00:00,836,4,27.73,28.55,27.54,28.05,306000,8558055.0,derived_ohlc4
UPCOM_VEA,VEA,2021-12-10 09:00:00,837,4,28.74,28.74,27.73,28.24,200740,5693488.249999999,derived_ohlc4
UPCOM_VEA,VEA,2021-12-13 09:00:00,838,4,28.24,28.61,27.73,28.05,256750,7229438.125,derived_ohlc4
UPCOM_VEA,VEA,2021-12-14 09:00:00,839,4,27.8,27.86,27.54,27.8,273605,7592538.749999999,derived_ohlc4
UPCOM_VEA,VEA,2021-12-15 09:00:00,840,4,27.73,28.3,27.61,28.17,210401,5881233.9525,derived_ohlc4
UPCOM_VEA,VEA,2021-12-16 09:00:00,841,4,28.11,28.17,27.8,27.98,107715,3017635.725,derived_ohlc4
UPCOM_VEA,VEA,2021-12-17 09:00:00,842,4,28.05,28.24,27.61,27.8,304249,8496153.325000001,derived_ohlc4
UPCOM_VEA,VEA,2021-12-20 09:00:00,843,4,27.67,27.73,27.42,27.61,295100,8146973.250000001,derived_ohlc4
UPCOM_VEA,VEA,2021-12-21 09:00:00,844,4,27.61,28.17,27.35,27.8,316916,8788872.969999999,derived_ohlc4
UPCOM_VEA,VEA,2021-12-22 09:00:00,845,4,27.8,28.3,27.67,28.11,386709,10816250.73,derived_ohlc4
UPCOM_VEA,VEA,2021-12-23 09:00:00,846,4,28.05,28.87,27.8,28.17,351261,9913463.5725,derived_ohlc4
UPCOM_VEA,VEA,2021-12-24 09:00:00,847,4,28.36,28.36,27.67,28.24,114401,3221246.1574999997,derived_ohlc4
UPCOM_VEA,VEA,2021-12-27 09:00:00,848,4,28.3,28.3,27.67,27.98,100715,2826314.6875000005,derived_ohlc4
UPCOM_VEA,VEA,2021-12-28 09:00:00,849,4,27.8,28.3,27.54,28.11,339350,9480590.625,derived_ohlc4
UPCOM_VEA,VEA,2021-12-29 09:00:00,850,4,28.11,28.11,27.73,28.05,127262,3563336.0,derived_ohlc4
UPCOM_VEA,VEA,2021-12-30 09:00:00,851,4,27.98,27.98,27.67,27.86,36501,1017374.1224999999,derived_ohlc4
UPCOM_VEA,VEA,2021-12-31 09:00:00,852,4,27.73,27.98,27.48,27.98,140100,3893729.25,derived_ohlc4
UPCOM_VEA,VEA,2022-01-04 09:00:00,853,4,27.73,27.73,27.04,27.29,544400,14942418.999999998,derived_ohlc4
UPCOM_VEA,VEA,2022-01-05 09:00:00,854,4,27.29,28.05,27.29,27.48,424859,11695306.1225,derived_ohlc4
UPCOM_VEA,VEA,2022-01-06 09:00:00,855,4,27.54,27.67,27.17,27.42,145237,3986755.65,derived_ohlc4
UPCOM_VEA,VEA,2022-01-07 09:00:00,856,4,27.17,27.35,27.1,27.17,176300,4794919.25,derived_ohlc4
UPCOM_VEA,VEA,2022-01-10 09:00:00,857,4,27.17,27.35,26.91,26.98,328307,8897940.467500001,derived_ohlc4
UPCOM_VEA,VEA,2022-01-11 09:00:00,858,4,27.04,27.1,26.85,26.85,81130,2187264.8000000003,derived_ohlc4
UPCOM_VEA,VEA,2022-01-12 09:00:00,859,4,26.79,26.98,26.47,26.79,107913,2887482.0975,derived_ohlc4
UPCOM_VEA,VEA,2022-01-13 09:00:00,860,4,26.98,27.29,26.98,27.17,107900,2924629.5,derived_ohlc4
UPCOM_VEA,VEA,2022-01-14 09:00:00,861,4,26.79,27.1,26.66,27.1,45500,1224518.75,derived_ohlc4
UPCOM_VEA,VEA,2022-01-17 09:00:00,862,4,27.1,27.42,26.72,27.04,181500,4913205.0,derived_ohlc4
UPCOM_VEA,VEA,2022-01-18 09:00:00,863,4,27.04,27.04,26.16,26.41,105500,2812893.75,derived_ohlc4
UPCOM_VEA,VEA,2022-01-19 09:00:00,864,4,26.47,26.72,26.28,26.47,99705,2640686.925,derived_ohlc4
UPCOM_VEA,VEA,2022-01-20 09:00:00,865,4,26.47,27.1,26.35,27.1,40400,1080902.0,derived_ohlc4
UPCOM_VEA,VEA,2022-01-21 09:00:00,866,4,26.72,26.91,26.47,26.91,47300,1265393.25,derived_ohlc4
UPCOM_VEA,VEA,2022-01-24 09:00:00,867,4,26.79,26.79,26.35,26.47,92200,2452520.0,derived_ohlc4
UPCOM_VEA,VEA,2022-01-25 09:00:00,868,4,26.47,26.79,26.47,26.53,55206,1466547.39,derived_ohlc4
UPCOM_VEA,VEA,2022-01-26 09:00:00,869,4,26.53,27.1,26.53,26.98,134100,3591868.5,derived_ohlc4
UPCOM_VEA,VEA,2022-01-27 09:00:00,870,4,26.98,26.98,26.53,26.53,27302,730465.0100000001,derived_ohlc4
UPCOM_VEA,VEA,2022-01-28 09:00:00,871,4,27.04,27.04,26.66,26.72,34303,921550.095,derived_ohlc4
UPCOM_VEA,VEA,2022-02-07 09:00:00,872,4,26.85,27.23,26.85,27.04,93500,2523798.75,derived_ohlc4
UPCOM_VEA,VEA,2022-02-08 09:00:00,873,4,27.04,28.3,27.04,28.24,232222,6422099.409999999,derived_ohlc4
UPCOM_VEA,VEA,2022-02-09 09:00:00,874,4,28.36,28.74,27.73,28.11,62205,1756358.175,derived_ohlc4
UPCOM_VEA,VEA,2022-02-10 09:00:00,875,4,28.17,28.68,28.11,28.17,135570,3834258.5250000004,derived_ohlc4
UPCOM_VEA,VEA,2022-02-11 09:00:00,876,4,28.3,28.43,28.05,28.05,132810,3746238.0749999997,derived_ohlc4
UPCOM_VEA,VEA,2022-02-14 09:00:00,877,4,28.36,28.36,27.61,28.05,101110,2840685.4499999997,derived_ohlc4
UPCOM_VEA,VEA,2022-02-15 09:00:00,878,4,27.61,27.73,27.42,27.48,52967,1459770.52,derived_ohlc4
UPCOM_VEA,VEA,2022-02-16 09:00:00,879,4,27.54,28.24,27.23,28.11,153100,4253118.0,derived_ohlc4
UPCOM_VEA,VEA,2022-02-17 09:00:00,880,4,28.05,28.24,27.73,28.17,76826,2154777.235,derived_ohlc4
UPCOM_VEA,VEA,2022-02-18 09:00:00,881,4,27.92,28.24,27.92,28.05,65803,1844622.5975,derived_ohlc4
UPCOM_VEA,VEA,2022-02-21 09:00:00,882,4,28.05,28.11,27.61,28.05,70220,1963000.0999999999,derived_ohlc4
UPCOM_VEA,VEA,2022-02-22 09:00:00,883,4,27.86,27.98,27.61,27.98,72800,2028026.0000000002,derived_ohlc4
UPCOM_VEA,VEA,2022-02-23 09:00:00,884,4,27.73,28.05,27.73,27.86,66300,1845957.75,derived_ohlc4
UPCOM_VEA,VEA,2022-02-24 09:00:00,885,4,27.98,28.05,27.23,27.54,66400,1839280.0000000002,derived_ohlc4
UPCOM_VEA,VEA,2022-02-25 09:00:00,886,4,27.54,27.86,27.54,27.61,54913,1517658.0374999999,derived_ohlc4
UPCOM_VEA,VEA,2022-02-28 09:00:00,887,4,27.73,27.86,27.61,27.73,84953,2355959.0725000002,derived_ohlc4
UPCOM_VEA,VEA,2022-03-01 09:00:00,888,4,27.73,28.55,27.61,28.36,244607,6864283.9375,derived_ohlc4
UPCOM_VEA,VEA,2022-03-02 09:00:00,889,4,28.36,28.36,28.05,28.24,87204,2463731.01,derived_ohlc4
UPCOM_VEA,VEA,2022-03-03 09:00:00,890,4,28.24,28.49,28.05,28.43,149500,4231223.75,derived_ohlc4
UPCOM_VEA,VEA,2022-03-04 09:00:00,891,4,28.17,28.8,28.17,28.49,153041,4347512.2075,derived_ohlc4
UPCOM_VEA,VEA,2022-03-07 09:00:00,892,4,28.49,28.55,28.24,28.43,137420,3906507.0500000003,derived_ohlc4
UPCOM_VEA,VEA,2022-03-08 09:00:00,893,4,28.36,28.55,28.24,28.43,148791,4224920.444999999,derived_ohlc4
UPCOM_VEA,VEA,2022-03-09 09:00:00,894,4,28.05,28.43,27.73,28.36,117900,3318000.75,derived_ohlc4
UPCOM_VEA,VEA,2022-03-10 09:00:00,895,4,28.36,30.0,28.24,29.56,775273,22513927.919999998,derived_ohlc4
UPCOM_VEA,VEA,2022-03-11 09:00:00,896,4,29.62,29.81,29.06,29.06,109632,3221810.4,derived_ohlc4
UPCOM_VEA,VEA,2022-03-14 09:00:00,897,4,29.31,29.31,28.87,29.12,134000,3906435.0,derived_ohlc4
UPCOM_VEA,VEA,2022-03-15 09:00:00,898,4,29.12,29.12,28.43,28.68,230260,6640122.75,derived_ohlc4
UPCOM_VEA,VEA,2022-03-16 09:00:00,899,4,28.87,28.93,28.49,28.61,84000,2412900.0,derived_ohlc4
UPCOM_VEA,VEA,2022-03-17 09:00:00,900,4,28.49,28.93,28.49,28.87,99500,2855152.5,derived_ohlc4
UPCOM_VEA,VEA,2022-03-18 09:00:00,901,4,28.74,29.25,28.68,28.99,176940,5116220.1,derived_ohlc4
UPCOM_VEA,VEA,2022-03-21 09:00:00,902,4,29.06,29.12,28.87,28.99,135600,3933755.9999999995,derived_ohlc4
UPCOM_VEA,VEA,2022-03-22 09:00:00,903,4,28.99,28.99,28.61,28.93,133400,3852592.0000000005,derived_ohlc4
UPCOM_VEA,VEA,2022-03-23 09:00:00,904,4,28.87,29.18,28.68,28.93,94703,2738337.245,derived_ohlc4
UPCOM_VEA,VEA,2022-03-24 09:00:00,905,4,28.93,29.18,28.87,28.99,84000,2435370.0,derived_ohlc4
UPCOM_VEA,VEA,2022-03-25 09:00:00,906,4,29.31,29.31,28.68,28.8,90000,2612250.0,derived_ohlc4
UPCOM_VEA,VEA,2022-03-28 09:00:00,907,4,28.68,28.8,28.43,28.49,180100,5150860.0,derived_ohlc4
UPCOM_VEA,VEA,2022-03-29 09:00:00,908,4,28.55,28.68,28.36,28.49,288300,8222316.0,derived_ohlc4
UPCOM_VEA,VEA,2022-03-30 09:00:00,909,4,28.49,29.31,28.36,29.25,465900,13442379.75,derived_ohlc4
UPCOM_VEA,VEA,2022-03-31 09:00:00,910,4,29.25,30.88,29.18,30.19,612220,18290072.5,derived_ohlc4
UPCOM_VEA,VEA,2022-04-01 09:00:00,911,4,30.13,30.25,29.75,30.06,218545,6566730.8875,derived_ohlc4
UPCOM_VEA,VEA,2022-04-04 09:00:00,912,4,30.06,31.83,29.81,31.14,374900,11513179.0,derived_ohlc4
UPCOM_VEA,VEA,2022-04-05 09:00:00,913,4,31.14,31.39,30.88,30.95,82700,2571143.0,derived_ohlc4
UPCOM_VEA,VEA,2022-04-06 09:00:00,914,4,30.0,31.2,30.0,30.76,123902,3777771.9800000004,derived_ohlc4
UPCOM_VEA,VEA,2022-04-07 09:00:00,915,4,30.82,30.82,30.06,30.25,152222,4640868.225000001,derived_ohlc4
UPCOM_VEA,VEA,2022-04-08 09:00:00,916,4,30.32,30.44,29.94,30.38,130300,3944181.0,derived_ohlc4
UPCOM_VEA,VEA,2022-04-12 09:00:00,917,4,30.38,30.76,30.0,30.32,251800,7645907.000000001,derived_ohlc4
UPCOM_VEA,VEA,2022-04-13 09:00:00,918,4,30.32,30.57,30.25,30.51,150510,4577385.375,derived_ohlc4
UPCOM_VEA,VEA,2022-04-14 09:00:00,919,4,30.51,31.64,30.51,31.64,287601,8937201.075000001,derived_ohlc4
UPCOM_VEA,VEA,2022-04-15 09:00:00,920,4,31.64,32.77,31.26,31.51,274037,8713006.415000001,derived_ohlc4
UPCOM_VEA,VEA,2022-04-18 09:00:00,921,4,31.51,32.65,31.51,32.08,297280,9494380.0,derived_ohlc4
UPCOM_VEA,VEA,2022-04-19 09:00:00,922,4,32.14,33.09,32.02,32.33,282500,9151587.499999998,derived_ohlc4
UPCOM_VEA,VEA,2022-04-20 09:00:00,923,4,32.46,32.46,30.88,31.7,529500,16877812.5,derived_ohlc4
UPCOM_VEA,VEA,2022-04-21 09:00:00,924,4,31.51,31.64,30.25,31.26,461806,14392183.990000002,derived_ohlc4
UPCOM_VEA,VEA,2022-04-22 09:00:00,925,4,31.14,31.33,28.36,29.94,494000,14915095.0,derived_ohlc4
UPCOM_VEA,VEA,2022-04-25 09:00:00,926,4,30.06,30.57,28.43,28.93,365200,10772487.0,derived_ohlc4
UPCOM_VEA,VEA,2022-04-26 09:00:00,927,4,28.68,29.5,28.11,29.5,168200,4868969.5,derived_ohlc4
UPCOM_VEA,VEA,2022-04-27 09:00:00,928,4,28.61,29.43,27.98,28.36,344151,9840997.844999999,derived_ohlc4
UPCOM_VEA,VEA,2022-04-28 09:00:00,929,4,28.24,29.18,28.24,28.87,397300,11375692.25,derived_ohlc4
UPCOM_VEA,VEA,2022-04-29 09:00:00,930,4,28.87,29.56,28.43,28.99,118300,3426263.75,derived_ohlc4
UPCOM_VEA,VEA,2022-05-04 09:00:00,931,4,29.37,29.37,28.36,28.68,70200,2031939.0,derived_ohlc4
UPCOM_VEA,VEA,2022-05-05 09:00:00,932,4,28.68,28.93,28.3,28.61,120200,3441326.0,derived_ohlc4
UPCOM_VEA,VEA,2022-05-06 09:00:00,933,4,28.36,28.74,27.86,27.98,147000,4150545.0,derived_ohlc4
UPCOM_VEA,VEA,2022-05-09 09:00:00,934,4,28.05,28.05,26.47,27.1,475000,13023312.499999998,derived_ohlc4
UPCOM_VEA,VEA,2022-05-10 09:00:00,935,4,26.47,28.36,26.16,28.36,121010,3308110.875,derived_ohlc4
UPCOM_VEA,VEA,2022-05-11 09:00:00,936,4,27.61,28.24,26.79,28.17,63200,1750797.9999999998,derived_ohlc4
UPCOM_VEA,VEA,2022-05-12 09:00:00,937,4,28.24,28.24,26.85,27.04,53600,1478958.0,derived_ohlc4
UPCOM_VEA,VEA,2022-05-13 09:00:00,938,4,27.1,27.42,26.41,26.79,187900,5060147.0,derived_ohlc4
UPCOM_VEA,VEA,2022-05-16 09:00:00,939,4,26.79,27.54,26.66,26.79,257700,6943726.5,derived_ohlc4
UPCOM_VEA,VEA,2022-05-17 09:00:00,940,4,26.85,27.48,26.66,27.35,232204,6289245.34,derived_ohlc4
UPCOM_VEA,VEA,2022-05-18 09:00:00,941,4,27.67,27.67,27.1,27.23,63400,1738269.5,derived_ohlc4
UPCOM_VEA,VEA,2022-05-19 09:00:00,942,4,26.91,27.23,26.91,27.23,60100,1626907.0,derived_ohlc4
UPCOM_VEA,VEA,2022-05-20 09:00:00,943,4,27.42,27.61,27.35,27.48,129500,3556717.5,derived_ohlc4
UPCOM_VEA,VEA,2022-05-23 09:00:00,944,4,27.61,27.8,27.48,27.61,125500,3466937.5,derived_ohlc4
UPCOM_VEA,VEA,2022-05-24 09:00:00,945,4,27.67,27.67,27.1,27.42,58700,1612195.5,derived_ohlc4
UPCOM_VEA,VEA,2022-05-25 09:00:00,946,4,27.73,27.73,27.35,27.54,179600,4954715.0,derived_ohlc4
UPCOM_VEA,VEA,2022-05-26 09:00:00,947,4,27.67,27.73,27.54,27.61,69600,1923570.0,derived_ohlc4
UPCOM_VEA,VEA,2022-05-27 09:00:00,948,4,27.67,27.92,27.61,27.92,102900,2858562.0,derived_ohlc4
UPCOM_VEA,VEA,2022-05-30 09:00:00,949,4,27.86,28.05,27.8,27.86,91203,2543879.6774999998,derived_ohlc4
UPCOM_VEA,VEA,2022-05-31 09:00:00,950,4,27.8,28.05,27.61,27.86,113323,3153779.0900000003,derived_ohlc4
UPCOM_VEA,VEA,2022-06-01 09:00:00,951,4,27.86,27.86,27.54,27.67,103000,2856447.5,derived_ohlc4
UPCOM_VEA,VEA,2022-06-02 09:00:00,952,4,27.73,27.73,27.29,27.67,74477,2055937.585,derived_ohlc4
UPCOM_VEA,VEA,2022-06-03 09:00:00,953,4,27.54,28.55,27.54,28.05,135900,3794327.9999999995,derived_ohlc4
UPCOM_VEA,VEA,2022-06-06 09:00:00,954,4,28.3,29.62,28.05,29.43,344615,9942142.75,derived_ohlc4
UPCOM_VEA,VEA,2022-06-07 09:00:00,955,4,29.06,29.56,29.06,29.37,191400,5600842.5,derived_ohlc4
UPCOM_VEA,VEA,2022-06-08 09:00:00,956,4,29.31,29.62,29.31,29.31,126676,3722690.9499999997,derived_ohlc4
UPCOM_VEA,VEA,2022-06-09 09:00:00,957,4,29.37,29.62,29.06,29.62,80700,2373992.25,derived_ohlc4
UPCOM_VEA,VEA,2022-06-10 09:00:00,958,4,29.56,29.69,28.87,28.99,100415,2939900.1625,derived_ohlc4
UPCOM_VEA,VEA,2022-06-13 09:00:00,959,4,28.68,28.87,27.8,28.17,141400,4012932.0,derived_ohlc4
UPCOM_VEA,VEA,2022-06-14 09:00:00,960,4,28.17,28.61,27.42,28.05,39360,1104540.0,derived_ohlc4
UPCOM_VEA,VEA,2022-06-15 09:00:00,961,4,28.17,28.24,27.73,27.98,58500,1639755.0,derived_ohlc4
UPCOM_VEA,VEA,2022-06-16 09:00:00,962,4,27.98,28.3,27.86,28.11,48800,1369450.0,derived_ohlc4
UPCOM_VEA,VEA,2022-06-17 09:00:00,963,4,27.8,27.92,27.67,27.92,70127,1951459.0925,derived_ohlc4
UPCOM_VEA,VEA,2022-06-20 09:00:00,964,4,27.8,27.8,27.35,27.42,69420,1915471.35,derived_ohlc4
UPCOM_VEA,VEA,2022-06-21 09:00:00,965,4,27.42,27.42,26.66,26.98,293600,7962432.0,derived_ohlc4
UPCOM_VEA,VEA,2022-06-22 09:00:00,966,4,28.24,29.56,27.29,27.73,16801,473872.205,derived_ohlc4
UPCOM_VEA,VEA,2022-06-23 09:00:00,967,4,27.92,28.24,27.42,28.24,23600,659738.0,derived_ohlc4
UPCOM_VEA,VEA,2022-06-24 09:00:00,968,4,27.73,28.11,27.73,27.98,65266,1820105.5750000002,derived_ohlc4
UPCOM_VEA,VEA,2022-06-27 09:00:00,969,4,27.42,27.73,27.42,27.54,90600,2493991.5000000005,derived_ohlc4
UPCOM_VEA,VEA,2022-06-28 09:00:00,970,4,27.42,28.3,27.35,28.24,100801,2805039.8274999997,derived_ohlc4
UPCOM_VEA,VEA,2022-06-29 09:00:00,971,4,27.92,28.17,27.61,27.67,145060,4038833.0500000003,derived_ohlc4
UPCOM_VEA,VEA,2022-06-30 09:00:00,972,4,27.8,28.3,27.17,28.3,83600,2331813.0,derived_ohlc4
UPCOM_VEA,VEA,2022-07-01 09:00:00,973,4,28.17,28.17,27.23,27.73,36427,1013581.2750000001,derived_ohlc4
UPCOM_VEA,VEA,2022-07-04 09:00:00,974,4,27.8,27.8,27.17,27.54,282401,7787913.577500001,derived_ohlc4
UPCOM_VEA,VEA,2022-07-05 09:00:00,975,4,27.29,27.29,27.1,27.23,278500,7582858.750000001,derived_ohlc4
UPCOM_VEA,VEA,2022-07-06 09:00:00,976,4,27.1,27.42,27.04,27.04,165703,4498836.45,derived_ohlc4
UPCOM_VEA,VEA,2022-07-07 09:00:00,977,4,27.1,27.42,27.04,27.42,146800,3999566.0,derived_ohlc4
UPCOM_VEA,VEA,2022-07-08 09:00:00,978,4,27.1,27.48,26.79,27.48,377201,10264582.2125,derived_ohlc4
UPCOM_VEA,VEA,2022-07-11 09:00:00,979,4,27.04,27.42,26.98,27.23,113707,3089134.9225,derived_ohlc4
UPCOM_VEA,VEA,2022-07-12 09:00:00,980,4,27.1,27.42,26.72,26.91,403400,10906927.5,derived_ohlc4
UPCOM_VEA,VEA,2022-07-13 09:00:00,981,4,27.35,27.48,26.98,27.42,59000,1611142.5,derived_ohlc4
UPCOM_VEA,VEA,2022-07-14 09:00:00,982,4,27.35,27.67,27.35,27.61,70400,1935648.0,derived_ohlc4
UPCOM_VEA,VEA,2022-07-15 09:00:00,983,4,27.48,27.48,26.79,27.42,429313,11717025.0525,derived_ohlc4
UPCOM_VEA,VEA,2022-07-18 09:00:00,984,4,26.91,27.42,26.91,27.23,19800,536926.5,derived_ohlc4
UPCOM_VEA,VEA,2022-07-19 09:00:00,985,4,26.98,27.42,26.98,27.42,46406,1262243.2000000002,derived_ohlc4
UPCOM_VEA,VEA,2022-07-20 09:00:00,986,4,27.17,27.42,27.17,27.35,124601,3398803.7775000003,derived_ohlc4
UPCOM_VEA,VEA,2022-07-21 09:00:00,987,4,27.17,27.42,27.04,27.42,38319,1044671.7374999999,derived_ohlc4
UPCOM_VEA,VEA,2022-07-22 09:00:00,988,4,27.29,27.48,27.29,27.35,67908,1857453.5699999998,derived_ohlc4
UPCOM_VEA,VEA,2022-07-25 09:00:00,989,4,27.8,28.36,27.54,27.73,112050,3121432.875,derived_ohlc4
UPCOM_VEA,VEA,2022-07-26 09:00:00,990,4,27.8,27.8,27.48,27.61,44014,1217977.415,derived_ohlc4
UPCOM_VEA,VEA,2022-07-27 09:00:00,991,4,27.48,27.8,27.42,27.73,76000,2098170.0,derived_ohlc4
UPCOM_VEA,VEA,2022-07-28 09:00:00,992,4,27.73,27.98,27.61,27.86,103800,2885121.0,derived_ohlc4
UPCOM_VEA,VEA,2022-07-29 09:00:00,993,4,27.8,28.05,27.61,28.05,78300,2182808.25,derived_ohlc4
UPCOM_VEA,VEA,2022-08-01 09:00:00,994,4,28.05,28.8,27.92,28.68,310600,8809392.500000002,derived_ohlc4
UPCOM_VEA,VEA,2022-08-02 09:00:00,995,4,28.68,28.68,28.24,28.36,61200,1743588.0,derived_ohlc4
UPCOM_VEA,VEA,2022-08-03 09:00:00,996,4,28.05,28.49,27.92,28.24,77500,2183562.5,derived_ohlc4
UPCOM_VEA,VEA,2022-08-04 09:00:00,997,4,28.3,28.8,27.98,28.74,190900,5432059.5,derived_ohlc4
UPCOM_VEA,VEA,2022-08-05 09:00:00,998,4,28.68,28.68,28.36,28.49,29873,852948.8324999999,derived_ohlc4
UPCOM_VEA,VEA,2022-08-08 09:00:00,999,4,28.43,28.49,28.36,28.49,57900,1646820.75,derived_ohlc4
UPCOM_VEA,VEA,2022-08-09 09:00:00,1000,4,28.49,29.5,28.49,28.93,243176,7016235.54,derived_ohlc4
UPCOM_VEA,VEA,2022-08-10 09:00:00,1001,4,29.12,29.12,28.61,28.61,47600,1373974.0,derived_ohlc4
UPCOM_VEA,VEA,2022-08-11 09:00:00,1002,4,29.12,29.12,28.61,28.68,59200,1709844.0,derived_ohlc4
UPCOM_VEA,VEA,2022-08-12 09:00:00,1003,4,28.61,28.99,28.43,28.68,40446,1159890.165,derived_ohlc4
UPCOM_VEA,VEA,2022-08-15 09:00:00,1004,4,28.8,29.12,28.8,28.99,67631,1956395.7525,derived_ohlc4
UPCOM_VEA,VEA,2022-08-16 09:00:00,1005,4,28.8,29.25,28.68,29.06,101800,2946855.5,derived_ohlc4
UPCOM_VEA,VEA,2022-08-17 09:00:00,1006,4,29.06,29.06,28.87,28.99,64800,1878875.9999999998,derived_ohlc4
UPCOM_VEA,VEA,2022-08-18 09:00:00,1007,4,28.93,29.06,28.36,28.36,111304,3191920.46,derived_ohlc4
UPCOM_VEA,VEA,2022-08-19 09:00:00,1008,4,28.43,28.55,28.24,28.43,81300,2309936.25,derived_ohlc4
UPCOM_VEA,VEA,2022-08-22 09:00:00,1009,4,28.49,28.49,28.11,28.17,99510,2817625.65,derived_ohlc4
UPCOM_VEA,VEA,2022-08-23 09:00:00,1010,4,28.17,28.3,27.98,28.05,119000,3346875.0,derived_ohlc4
UPCOM_VEA,VEA,2022-08-24 09:00:00,1011,4,28.43,28.93,28.24,28.87,109800,3142201.5,derived_ohlc4
UPCOM_VEA,VEA,2022-08-25 09:00:00,1012,4,28.8,28.8,28.17,28.43,39400,1124870.0000000002,derived_ohlc4
UPCOM_VEA,VEA,2022-08-26 09:00:00,1013,4,28.43,28.61,28.24,28.36,36700,1042647.0,derived_ohlc4
UPCOM_VEA,VEA,2022-08-29 09:00:00,1014,4,28.11,28.3,27.73,27.92,277700,7779765.5,derived_ohlc4
UPCOM_VEA,VEA,2022-08-30 09:00:00,1015,4,27.86,28.17,27.86,28.11,100700,2819600.0,derived_ohlc4
UPCOM_VEA,VEA,2022-08-31 09:00:00,1016,4,27.92,28.55,27.86,28.55,72237,2038528.14,derived_ohlc4
UPCOM_VEA,VEA,2022-09-05 09:00:00,1017,4,28.55,28.55,28.17,28.43,95200,2706060.0000000005,derived_ohlc4
UPCOM_VEA,VEA,2022-09-06 09:00:00,1018,4,28.43,28.61,28.36,28.43,103600,2948197.0000000005,derived_ohlc4
UPCOM_VEA,VEA,2022-09-07 09:00:00,1019,4,28.43,28.49,28.11,28.11,91520,2588643.2,derived_ohlc4
UPCOM_VEA,VEA,2022-09-08 09:00:00,1020,4,28.24,28.3,28.11,28.11,167637,4725687.03,derived_ohlc4
UPCOM_VEA,VEA,2022-09-09 09:00:00,1021,4,28.24,28.24,28.05,28.17,66002,1859606.35,derived_ohlc4
UPCOM_VEA,VEA,2022-09-12 09:00:00,1022,4,28.17,29.62,28.17,29.37,359006,10351040.495000001,derived_ohlc4
UPCOM_VEA,VEA,2022-09-13 09:00:00,1023,4,29.37,29.43,29.12,29.25,89401,2618778.7925,derived_ohlc4
UPCOM_VEA,VEA,2022-09-14 09:00:00,1024,4,29.25,29.94,28.87,29.62,230420,6778956.4,derived_ohlc4
UPCOM_VEA,VEA,2022-09-15 09:00:00,1025,4,29.62,29.94,29.37,29.5,104180,3084509.35,derived_ohlc4
UPCOM_VEA,VEA,2022-09-16 09:00:00,1026,4,29.56,29.94,29.43,29.62,198843,5893209.412500001,derived_ohlc4
UPCOM_VEA,VEA,2022-09-19 09:00:00,1027,4,29.88,29.88,28.99,29.18,128450,3787027.125,derived_ohlc4
UPCOM_VEA,VEA,2022-09-20 09:00:00,1028,4,29.31,29.31,28.49,28.8,180452,5229047.83,derived_ohlc4
UPCOM_VEA,VEA,2022-09-21 09:00:00,1029,4,28.8,28.8,28.68,28.8,88610,2549309.7,derived_ohlc4
UPCOM_VEA,VEA,2022-09-22 09:00:00,1030,4,28.68,28.68,27.73,27.86,1125116,31770463.05,derived_ohlc4
UPCOM_VEA,VEA,2022-09-23 09:00:00,1031,4,28.05,29.69,28.05,29.56,304549,8782431.787500001,derived_ohlc4
UPCOM_VEA,VEA,2022-09-26 09:00:00,1032,4,29.56,29.56,27.98,28.36,690081,19919188.064999998,derived_ohlc4
UPCOM_VEA,VEA,2022-09-27 09:00:00,1033,4,28.36,28.74,28.24,28.36,837338,23801332.65,derived_ohlc4
UPCOM_VEA,VEA,2022-09-28 09:00:00,1034,4,28.68,28.93,28.24,28.3,682801,19485433.537499998,derived_ohlc4
UPCOM_VEA,VEA,2022-09-29 09:00:00,1035,4,28.49,28.49,27.48,27.73,762755,21393370.8625,derived_ohlc4
UPCOM_VEA,VEA,2022-09-30 09:00:00,1036,4,27.86,28.05,27.1,28.05,366053,10163461.544999998,derived_ohlc4
UPCOM_VEA,VEA,2022-10-03 09:00:00,1037,4,28.05,28.17,26.98,27.29,247603,6839413.867500001,derived_ohlc4
UPCOM_VEA,VEA,2022-10-04 09:00:00,1038,4,27.42,27.73,27.23,27.29,176554,4840669.295000001,derived_ohlc4
UPCOM_VEA,VEA,2022-10-05 09:00:00,1039,4,27.42,27.92,27.42,27.73,126218,3486456.705,derived_ohlc4
UPCOM_VEA,VEA,2022-10-06 09:00:00,1040,4,27.61,27.67,27.17,27.42,85810,2356986.1750000003,derived_ohlc4
UPCOM_VEA,VEA,2022-10-07 09:00:00,1041,4,27.23,27.42,26.79,27.17,219232,5952696.88,derived_ohlc4
UPCOM_VEA,VEA,2022-10-10 09:00:00,1042,4,27.17,27.42,27.04,27.1,474711,12903831.757499998,derived_ohlc4
UPCOM_VEA,VEA,2022-10-11 09:00:00,1043,4,27.17,27.35,26.79,27.1,442470,11992043.174999999,derived_ohlc4
UPCOM_VEA,VEA,2022-10-12 09:00:00,1044,4,27.1,27.42,26.79,27.1,419700,11374919.25,derived_ohlc4
UPCOM_VEA,VEA,2022-10-13 09:00:00,1045,4,27.1,27.29,26.91,26.98,375780,10172364.6,derived_ohlc4
UPCOM_VEA,VEA,2022-10-14 09:00:00,1046,4,27.1,27.42,27.04,27.29,212027,5769784.7375,derived_ohlc4
UPCOM_VEA,VEA,2022-10-17 09:00:00,1047,4,27.23,27.73,27.1,27.48,204756,5607243.0600000005,derived_ohlc4
UPCOM_VEA,VEA,2022-10-18 09:00:00,1048,4,27.54,27.73,27.29,27.42,677580,18630062.1,derived_ohlc4
UPCOM_VEA,VEA,2022-10-19 09:00:00,1049,4,27.61,28.68,27.61,28.43,327148,9187133.71,derived_ohlc4
UPCOM_VEA,VEA,2022-10-20 09:00:00,1050,4,28.36,28.49,27.92,28.11,155202,4379800.4399999995,derived_ohlc4
UPCOM_VEA,VEA,2022-10-21 09:00:00,1051,4,28.3,28.3,27.23,27.42,268476,7466988.75,derived_ohlc4
UPCOM_VEA,VEA,2022-10-24 09:00:00,1052,4,27.73,27.92,27.29,27.42,159151,4390976.09,derived_ohlc4
UPCOM_VEA,VEA,2022-10-25 09:00:00,1053,4,27.67,27.86,27.17,27.67,271171,7482285.8175,derived_ohlc4
UPCOM_VEA,VEA,2022-10-26 09:00:00,1054,4,27.67,28.11,27.67,27.98,295110,8221026.825,derived_ohlc4
UPCOM_VEA,VEA,2022-10-27 09:00:00,1055,4,27.98,27.98,27.42,27.67,770277,21384815.2125,derived_ohlc4
UPCOM_VEA,VEA,2022-10-28 09:00:00,1056,4,28.01,28.43,27.51,27.58,163512,4559123.34,derived_ohlc4
UPCOM_VEA,VEA,2022-10-31 09:00:00,1057,4,27.58,27.65,27.09,27.37,266567,7309933.5575,derived_ohlc4
UPCOM_VEA,VEA,2022-11-01 09:00:00,1058,4,27.37,27.51,27.16,27.3,144477,3949278.795,derived_ohlc4
UPCOM_VEA,VEA,2022-11-02 09:00:00,1059,4,27.3,28.01,27.3,28.01,280138,7747216.390000001,derived_ohlc4
UPCOM_VEA,VEA,2022-11-03 09:00:00,1060,4,27.51,27.8,27.09,27.37,134111,3680341.1175,derived_ohlc4
UPCOM_VEA,VEA,2022-11-04 09:00:00,1061,4,27.37,27.44,25.62,26.95,507002,13610468.690000001,derived_ohlc4
UPCOM_VEA,VEA,2022-11-07 09:00:00,1062,4,26.67,26.67,25.41,26.32,519891,13656236.8425,derived_ohlc4
UPCOM_VEA,VEA,2022-11-08 09:00:00,1063,4,25.34,27.37,25.2,26.6,522755,13658281.2625,derived_ohlc4
UPCOM_VEA,VEA,2022-11-09 09:00:00,1064,4,26.18,26.81,26.11,26.74,195714,5178592.4399999995,derived_ohlc4
UPCOM_VEA,VEA,2022-11-10 09:00:00,1065,4,26.67,26.95,25.34,25.9,373221,9783988.515,derived_ohlc4
UPCOM_VEA,VEA,2022-11-11 09:00:00,1066,4,25.97,26.39,25.97,26.32,153713,4021516.3625000003,derived_ohlc4
UPCOM_VEA,VEA,2022-11-14 09:00:00,1067,4,25.97,25.97,25.48,25.83,196810,5080158.125,derived_ohlc4
UPCOM_VEA,VEA,2022-11-15 09:00:00,1068,4,25.83,27.37,23.51,24.08,433695,10928029.762500001,derived_ohlc4
UPCOM_VEA,VEA,2022-11-16 09:00:00,1069,4,23.86,24.92,22.11,24.08,205759,4885233.0575,derived_ohlc4
UPCOM_VEA,VEA,2022-11-17 09:00:00,1070,4,24.85,25.97,24.29,24.92,223901,5599204.2575,derived_ohlc4
UPCOM_VEA,VEA,2022-11-18 09:00:00,1071,4,25.48,25.48,24.36,25.48,124887,3147152.4,derived_ohlc4
UPCOM_VEA,VEA,2022-11-21 09:00:00,1072,4,25.27,25.27,24.5,24.85,320700,8008680.749999999,derived_ohlc4
UPCOM_VEA,VEA,2022-11-22 09:00:00,1073,4,24.92,26.67,24.5,25.62,326645,8305765.737500001,derived_ohlc4
UPCOM_VEA,VEA,2022-11-23 09:00:00,1074,4,26.32,27.02,25.69,25.76,80301,2103685.4475000002,derived_ohlc4
UPCOM_VEA,VEA,2022-11-24 09:00:00,1075,4,26.18,27.02,25.9,26.18,209801,5521962.32,derived_ohlc4
UPCOM_VEA,VEA,2022-11-25 09:00:00,1076,4,26.67,27.02,26.32,26.67,85212,2272604.04,derived_ohlc4
UPCOM_VEA,VEA,2022-11-28 09:00:00,1077,4,26.53,27.37,26.39,27.3,81302,2186820.545,derived_ohlc4
UPCOM_VEA,VEA,2022-11-29 09:00:00,1078,4,26.88,27.02,26.39,27.02,81068,2174851.7699999996,derived_ohlc4
UPCOM_VEA,VEA,2022-11-30 09:00:00,1079,4,27.37,27.73,26.74,27.65,112251,3072590.4975,derived_ohlc4
UPCOM_VEA,VEA,2022-12-01 09:00:00,1080,4,27.65,27.65,27.09,27.37,115544,3170527.3600000003,derived_ohlc4
UPCOM_VEA,VEA,2022-12-02 09:00:00,1081,4,27.37,27.44,27.02,27.37,83020,2266446.0,derived_ohlc4
UPCOM_VEA,VEA,2022-12-05 09:00:00,1082,4,27.09,27.51,27.09,27.51,63483,1733085.9000000001,derived_ohlc4
UPCOM_VEA,VEA,2022-12-06 09:00:00,1083,4,27.3,27.3,26.67,27.09,110868,3003414.1200000006,derived_ohlc4
UPCOM_VEA,VEA,2022-12-07 09:00:00,1084,4,27.02,27.37,26.39,27.23,107105,2892102.7625,derived_ohlc4
UPCOM_VEA,VEA,2022-12-08 09:00:00,1085,4,26.95,27.37,26.46,26.95,153000,4120672.5,derived_ohlc4
UPCOM_VEA,VEA,2022-12-09 09:00:00,1086,4,26.95,27.44,26.74,27.3,147642,4002205.5149999997,derived_ohlc4
UPCOM_VEA,VEA,2022-12-12 09:00:00,1087,4,27.3,27.37,26.95,27.02,27775,754369.0,derived_ohlc4
UPCOM_VEA,VEA,2022-12-13 09:00:00,1088,4,27.23,27.3,27.23,27.23,35355,963335.3625,derived_ohlc4
UPCOM_VEA,VEA,2022-12-14 09:00:00,1089,4,27.37,28.01,27.3,28.01,150392,4161722.6200000006,derived_ohlc4
UPCOM_VEA,VEA,2022-12-15 09:00:00,1090,4,27.8,28.43,27.8,28.43,95548,2686332.02,derived_ohlc4
UPCOM_VEA,VEA,2022-12-16 09:00:00,1091,4,27.94,28.36,27.8,28.36,34043,957118.945,derived_ohlc4
UPCOM_VEA,VEA,2022-12-19 09:00:00,1092,4,27.94,28.43,27.94,28.08,107065,3008258.8375,derived_ohlc4
UPCOM_VEA,VEA,2022-12-20 09:00:00,1093,4,28.29,28.29,27.73,28.29,162902,4585691.3,derived_ohlc4
UPCOM_VEA,VEA,2022-12-21 09:00:00,1094,4,28.08,28.08,27.87,27.94,14183,397017.6275,derived_ohlc4
UPCOM_VEA,VEA,2022-12-22 09:00:00,1095,4,27.87,27.87,27.44,27.87,15210,422267.62500000006,derived_ohlc4
UPCOM_VEA,VEA,2022-12-23 09:00:00,1096,4,27.58,27.58,27.58,27.58,2500,68950.0,derived_ohlc4
UPCOM_VEA,VEA,2022-12-26 09:00:00,1097,4,27.58,27.58,27.02,27.3,19801,541953.37,derived_ohlc4
UPCOM_VEA,VEA,2022-12-27 09:00:00,1098,4,27.09,27.37,27.09,27.23,14090,383177.55,derived_ohlc4
UPCOM_VEA,VEA,2022-12-28 09:00:00,1099,4,27.02,27.3,27.02,27.09,10625,288017.1875,derived_ohlc4
UPCOM_VEA,VEA,2022-12-29 09:00:00,1100,4,27.02,27.8,27.02,27.51,78023,2132953.7625,derived_ohlc4
UPCOM_VEA,VEA,2022-12-30 09:00:00,1101,4,27.44,28.64,26.95,28.64,51313,1432530.6775,derived_ohlc4
UPCOM_VEA,VEA,2023-01-03 09:00:00,1102,4,27.58,28.08,27.51,28.08,25705,714920.3125,derived_ohlc4
UPCOM_VEA,VEA,2023-01-04 09:00:00,1103,4,27.8,28.08,27.73,28.01,146441,4086436.105,derived_ohlc4
UPCOM_VEA,VEA,2023-01-05 09:00:00,1104,4,27.94,28.15,27.87,27.94,15640,437529.0,derived_ohlc4
UPCOM_VEA,VEA,2023-01-06 09:00:00,1105,4,27.8,27.94,27.37,27.37,75012,2071831.4400000002,derived_ohlc4
UPCOM_VEA,VEA,2023-01-09 09:00:00,1106,4,27.73,27.73,27.44,27.51,10018,276521.84500000003,derived_ohlc4
UPCOM_VEA,VEA,2023-01-10 09:00:00,1107,4,27.37,27.37,27.23,27.3,16900,461665.75,derived_ohlc4
UPCOM_VEA,VEA,2023-01-11 09:00:00,1108,4,27.37,27.44,27.09,27.37,32600,890550.5000000001,derived_ohlc4
UPCOM_VEA,VEA,2023-01-12 09:00:00,1109,4,27.3,27.37,27.16,27.23,9501,259044.765,derived_ohlc4
UPCOM_VEA,VEA,2023-01-13 09:00:00,1110,4,27.09,27.09,26.95,27.02,133615,3612615.5624999995,derived_ohlc4
UPCOM_VEA,VEA,2023-01-16 09:00:00,1111,4,27.09,27.16,25.83,26.32,278467,7407222.2,derived_ohlc4
UPCOM_VEA,VEA,2023-01-17 09:00:00,1112,4,26.32,26.81,26.32,26.74,73800,1959205.4999999998,derived_ohlc4
UPCOM_VEA,VEA,2023-01-18 09:00:00,1113,4,26.67,26.67,26.53,26.6,49003,1304337.3525,derived_ohlc4
UPCOM_VEA,VEA,2023-01-19 09:00:00,1114,4,26.53,26.74,26.53,26.67,34212,910637.91,derived_ohlc4
UPCOM_VEA,VEA,2023-01-27 09:00:00,1115,4,27.37,28.08,27.37,27.8,156314,4322863.67,derived_ohlc4
UPCOM_VEA,VEA,2023-01-30 09:00:00,1116,4,27.73,28.22,27.73,28.22,159986,4475608.350000001,derived_ohlc4
UPCOM_VEA,VEA,2023-01-31 09:00:00,1117,4,28.15,29.13,28.08,28.85,180140,5143447.350000001,derived_ohlc4
UPCOM_VEA,VEA,2023-02-01 09:00:00,1118,4,28.92,29.34,28.36,28.36,101617,2920980.665,derived_ohlc4
UPCOM_VEA,VEA,2023-02-02 09:00:00,1119,4,28.71,28.71,28.22,28.22,47739,1358890.635,derived_ohlc4
UPCOM_VEA,VEA,2023-02-03 09:00:00,1120,4,28.36,28.71,28.22,28.29,62643,1778747.9849999996,derived_ohlc4
UPCOM_VEA,VEA,2023-02-06 09:00:00,1121,4,28.29,28.57,28.22,28.43,70801,2009155.3775,derived_ohlc4
UPCOM_VEA,VEA,2023-02-07 09:00:00,1122,4,28.64,28.64,28.29,28.36,50330,1433524.2249999999,derived_ohlc4
UPCOM_VEA,VEA,2023-02-08 09:00:00,1123,4,28.36,28.43,28.01,28.08,539901,15236006.219999999,derived_ohlc4
UPCOM_VEA,VEA,2023-02-09 09:00:00,1124,4,28.22,28.22,26.67,27.23,537405,14824316.925,derived_ohlc4
UPCOM_VEA,VEA,2023-02-10 09:00:00,1125,4,27.02,27.73,27.02,27.37,25521,696340.485,derived_ohlc4
UPCOM_VEA,VEA,2023-02-13 09:00:00,1126,4,27.44,27.44,26.74,27.02,78042,2119620.72,derived_ohlc4
UPCOM_VEA,VEA,2023-02-14 09:00:00,1127,4,27.02,27.3,26.88,27.23,40911,1108994.9325,derived_ohlc4
UPCOM_VEA,VEA,2023-02-15 09:00:00,1128,4,27.3,27.3,27.16,27.3,42100,1147856.5,derived_ohlc4
UPCOM_VEA,VEA,2023-02-16 09:00:00,1129,4,27.23,27.3,26.95,27.3,93120,2532398.4,derived_ohlc4
UPCOM_VEA,VEA,2023-02-17 09:00:00,1130,4,27.23,27.37,26.95,26.95,50206,1361837.75,derived_ohlc4
UPCOM_VEA,VEA,2023-02-20 09:00:00,1131,4,27.3,27.37,26.81,27.23,130725,3552778.6875000005,derived_ohlc4
UPCOM_VEA,VEA,2023-02-21 09:00:00,1132,4,27.23,27.87,27.23,27.65,89200,2452554.0,derived_ohlc4
UPCOM_VEA,VEA,2023-02-22 09:00:00,1133,4,27.44,27.51,27.16,27.44,77442,2120942.775,derived_ohlc4
UPCOM_VEA,VEA,2023-02-23 09:00:00,1134,4,27.3,27.3,26.88,27.09,67620,1835375.85,derived_ohlc4
UPCOM_VEA,VEA,2023-02-24 09:00:00,1135,4,27.16,27.16,27.02,27.02,12740,345126.6,derived_ohlc4
UPCOM_VEA,VEA,2023-02-27 09:00:00,1136,4,26.81,27.09,26.6,26.67,142897,3828567.8725,derived_ohlc4
UPCOM_VEA,VEA,2023-02-28 09:00:00,1137,4,26.81,26.81,26.46,26.67,105143,2806003.8125,derived_ohlc4
UPCOM_VEA,VEA,2023-03-01 09:00:00,1138,4,26.53,26.67,26.53,26.6,85401,2270172.0825000005,derived_ohlc4
UPCOM_VEA,VEA,2023-03-02 09:00:00,1139,4,26.67,26.67,26.46,26.53,63906,1698781.245,derived_ohlc4
UPCOM_VEA,VEA,2023-03-03 09:00:00,1140,4,26.67,26.74,26.53,26.53,48627,1294329.1725,derived_ohlc4
UPCOM_VEA,VEA,2023-03-06 09:00:00,1141,4,26.74,26.95,26.6,26.67,38311,1024436.1399999999,derived_ohlc4
UPCOM_VEA,VEA,2023-03-07 09:00:00,1142,4,26.74,26.74,26.6,26.67,52010,1388016.875,derived_ohlc4
UPCOM_VEA,VEA,2023-03-08 09:00:00,1143,4,26.6,26.6,26.32,26.39,100572,2662895.1300000004,derived_ohlc4
UPCOM_VEA,VEA,2023-03-09 09:00:00,1144,4,26.6,26.67,26.39,26.6,143629,3815504.385,derived_ohlc4
UPCOM_VEA,VEA,2023-03-10 09:00:00,1145,4,26.6,26.81,26.53,26.74,44712,1192469.0399999998,derived_ohlc4
UPCOM_VEA,VEA,2023-03-13 09:00:00,1146,4,26.67,26.74,26.46,26.53,60942,1621057.2000000002,derived_ohlc4
UPCOM_VEA,VEA,2023-03-14 09:00:00,1147,4,26.53,26.6,26.39,26.46,37821,1002067.3950000001,derived_ohlc4
UPCOM_VEA,VEA,2023-03-15 09:00:00,1148,4,26.67,26.74,26.6,26.74,79833,2130543.1874999995,derived_ohlc4
UPCOM_VEA,VEA,2023-03-16 09:00:00,1149,4,26.74,26.74,26.46,26.46,26041,692690.6000000001,derived_ohlc4
UPCOM_VEA,VEA,2023-03-17 09:00:00,1150,4,26.67,26.67,26.53,26.67,26859,715389.4650000001,derived_ohlc4
UPCOM_VEA,VEA,2023-03-20 09:00:00,1151,4,26.67,26.74,26.39,26.39,52236,1386735.21,derived_ohlc4
UPCOM_VEA,VEA,2023-03-21 09:00:00,1152,4,26.39,26.6,26.32,26.53,62200,1645812.0,derived_ohlc4
UPCOM_VEA,VEA,2023-03-22 09:00:00,1153,4,26.46,26.6,26.46,26.6,45246,1200376.3800000001,derived_ohlc4
UPCOM_VEA,VEA,2023-03-23 09:00:00,1154,4,26.53,26.67,26.46,26.6,67900,1803763.4999999998,derived_ohlc4
UPCOM_VEA,VEA,2023-03-24 09:00:00,1155,4,26.6,26.6,26.46,26.53,32454,861572.565,derived_ohlc4
UPCOM_VEA,VEA,2023-03-27 09:00:00,1156,4,26.6,26.67,26.46,26.6,62810,1669646.8250000002,derived_ohlc4
UPCOM_VEA,VEA,2023-03-28 09:00:00,1157,4,26.6,26.67,26.53,26.53,39506,1050168.245,derived_ohlc4
UPCOM_VEA,VEA,2023-03-29 09:00:00,1158,4,26.6,26.6,26.53,26.6,44410,1180528.8250000002,derived_ohlc4
UPCOM_VEA,VEA,2023-03-30 09:00:00,1159,4,26.6,26.6,26.53,26.53,49730,1321077.45,derived_ohlc4
UPCOM_VEA,VEA,2023-03-31 09:00:00,1160,4,26.46,26.6,26.39,26.39,128359,3396379.14,derived_ohlc4
UPCOM_VEA,VEA,2023-04-03 09:00:00,1161,4,26.53,26.6,26.46,26.53,62180,1649635.4000000001,derived_ohlc4
UPCOM_VEA,VEA,2023-04-04 09:00:00,1162,4,26.53,26.53,26.18,26.39,171808,4537019.760000001,derived_ohlc4
UPCOM_VEA,VEA,2023-04-05 09:00:00,1163,4,26.46,26.46,26.25,26.39,129312,3412543.68,derived_ohlc4
UPCOM_VEA,VEA,2023-04-06 09:00:00,1164,4,26.46,26.46,26.25,26.25,110135,2902607.9250000003,derived_ohlc4
UPCOM_VEA,VEA,2023-04-07 09:00:00,1165,4,26.32,26.39,26.25,26.25,96902,2548764.855,derived_ohlc4
UPCOM_VEA,VEA,2023-04-10 09:00:00,1166,4,26.39,26.39,26.18,26.18,120803,3175306.8550000004,derived_ohlc4
UPCOM_VEA,VEA,2023-04-11 09:00:00,1167,4,26.18,26.25,26.11,26.18,132500,3468850.0,derived_ohlc4
UPCOM_VEA,VEA,2023-04-12 09:00:00,1168,4,26.25,26.53,26.18,26.18,72746,1912128.6100000003,derived_ohlc4
UPCOM_VEA,VEA,2023-04-13 09:00:00,1169,4,26.32,26.39,26.18,26.32,72011,1894069.3275000001,derived_ohlc4
UPCOM_VEA,VEA,2023-04-14 09:00:00,1170,4,26.32,26.39,26.18,26.18,62421,1639643.6175,derived_ohlc4
UPCOM_VEA,VEA,2023-04-17 09:00:00,1171,4,26.25,26.25,25.97,25.97,140361,3664825.71,derived_ohlc4
UPCOM_VEA,VEA,2023-04-18 09:00:00,1172,4,26.04,26.18,25.9,25.9,139910,3638359.5500000003,derived_ohlc4
UPCOM_VEA,VEA,2023-04-19 09:00:00,1173,4,25.97,25.97,25.83,25.9,65609,1700421.2574999998,derived_ohlc4
UPCOM_VEA,VEA,2023-04-20 09:00:00,1174,4,25.9,25.97,25.76,25.83,55112,1425471.88,derived_ohlc4
UPCOM_VEA,VEA,2023-04-21 09:00:00,1175,4,25.83,26.6,25.83,25.9,70415,1833606.5999999999,derived_ohlc4
UPCOM_VEA,VEA,2023-04-24 09:00:00,1176,4,26.25,26.25,25.83,25.9,44506,1159715.095,derived_ohlc4
UPCOM_VEA,VEA,2023-04-25 09:00:00,1177,4,25.83,25.97,25.76,25.76,88100,2275623.0,derived_ohlc4
UPCOM_VEA,VEA,2023-04-26 09:00:00,1178,4,25.83,25.9,25.55,25.76,83070,2139883.2,derived_ohlc4
UPCOM_VEA,VEA,2023-04-27 09:00:00,1179,4,25.69,25.97,25.69,25.9,34100,880206.25,derived_ohlc4
UPCOM_VEA,VEA,2023-04-28 09:00:00,1180,4,26.18,26.39,25.76,26.04,80800,2108274.0,derived_ohlc4
UPCOM_VEA,VEA,2023-05-04 09:00:00,1181,4,25.97,26.25,25.69,25.83,37206,964937.61,derived_ohlc4
UPCOM_VEA,VEA,2023-05-05 09:00:00,1182,4,25.9,25.97,25.76,25.97,70639,1829550.0999999999,derived_ohlc4
UPCOM_VEA,VEA,2023-05-08 09:00:00,1183,4,25.97,26.11,25.83,25.9,70761,1836424.8525,derived_ohlc4
UPCOM_VEA,VEA,2023-05-09 09:00:00,1184,4,25.9,25.97,25.9,25.97,79818,2070079.8299999998,derived_ohlc4
UPCOM_VEA,VEA,2023-05-10 09:00:00,1185,4,25.97,26.11,25.83,25.97,211723,5498446.31,derived_ohlc4
UPCOM_VEA,VEA,2023-05-11 09:00:00,1186,4,25.97,26.25,25.69,25.97,294407,7645749.79,derived_ohlc4
UPCOM_VEA,VEA,2023-05-12 09:00:00,1187,4,25.97,26.11,25.76,26.11,59037,1534224.0375,derived_ohlc4
UPCOM_VEA,VEA,2023-05-15 09:00:00,1188,4,26.11,27.02,26.11,26.6,405043,10717437.780000001,derived_ohlc4
UPCOM_VEA,VEA,2023-05-16 09:00:00,1189,4,26.53,26.88,26.53,26.67,102712,2737531.58,derived_ohlc4
UPCOM_VEA,VEA,2023-05-17 09:00:00,1190,4,26.67,27.3,26.67,26.95,215756,5803297.01,derived_ohlc4
UPCOM_VEA,VEA,2023-05-18 09:00:00,1191,4,27.02,27.09,26.67,26.95,130008,3501440.46,derived_ohlc4
UPCOM_VEA,VEA,2023-05-19 09:00:00,1192,4,26.95,27.09,26.67,26.74,125657,3375461.1625,derived_ohlc4
UPCOM_VEA,VEA,2023-05-22 09:00:00,1193,4,27.02,27.02,26.81,26.88,53188,1432485.8099999998,derived_ohlc4
UPCOM_VEA,VEA,2023-05-23 09:00:00,1194,4,26.95,27.02,26.6,26.67,67925,1821069.25,derived_ohlc4
UPCOM_VEA,VEA,2023-05-24 09:00:00,1195,4,26.81,26.81,26.46,26.53,54824,1461196.66,derived_ohlc4
UPCOM_VEA,VEA,2023-05-25 09:00:00,1196,4,26.74,26.74,26.53,26.53,67108,1787421.5799999998,derived_ohlc4
UPCOM_VEA,VEA,2023-05-26 09:00:00,1197,4,26.67,27.23,26.67,27.09,327357,8810813.655000001,derived_ohlc4
UPCOM_VEA,VEA,2023-05-29 09:00:00,1198,4,27.02,27.3,27.02,27.09,117145,3175508.0875000004,derived_ohlc4
UPCOM_VEA,VEA,2023-05-30 09:00:00,1199,4,27.09,27.16,26.6,26.81,306700,8254830.5,derived_ohlc4
UPCOM_VEA,VEA,2023-05-31 09:00:00,1200,4,26.74,26.88,26.53,26.67,174905,4670838.025,derived_ohlc4
UPCOM_VEA,VEA,2023-06-01 09:00:00,1201,4,26.74,27.3,26.74,27.02,288375,7771706.25,derived_ohlc4
UPCOM_VEA,VEA,2023-06-02 09:00:00,1202,4,27.02,27.16,26.95,27.02,207221,5602737.7875,derived_ohlc4
UPCOM_VEA,VEA,2023-06-05 09:00:00,1203,4,27.16,27.23,26.88,26.95,131848,3567147.64,derived_ohlc4
UPCOM_VEA,VEA,2023-06-06 09:00:00,1204,4,27.02,27.02,26.74,26.88,113613,3057893.895,derived_ohlc4
UPCOM_VEA,VEA,2023-06-07 09:00:00,1205,4,26.88,26.95,26.81,26.88,114101,3067034.88,derived_ohlc4
UPCOM_VEA,VEA,2023-06-08 09:00:00,1206,4,27.16,27.16,26.88,26.88,147610,3988422.1999999997,derived_ohlc4
UPCOM_VEA,VEA,2023-06-09 09:00:00,1207,4,26.88,26.95,26.67,26.81,149971,4023347.0025,derived_ohlc4
UPCOM_VEA,VEA,2023-06-12 09:00:00,1208,4,26.81,26.95,26.74,26.95,68703,1845534.3375000001,derived_ohlc4
UPCOM_VEA,VEA,2023-06-13 09:00:00,1209,4,27.02,27.02,26.88,26.95,111711,3012566.3925,derived_ohlc4
UPCOM_VEA,VEA,2023-06-14 09:00:00,1210,4,26.95,26.95,26.67,26.74,161610,4335592.274999999,derived_ohlc4
UPCOM_VEA,VEA,2023-06-15 09:00:00,1211,4,26.67,26.81,26.6,26.67,115500,3082406.2500000005,derived_ohlc4
UPCOM_VEA,VEA,2023-06-16 09:00:00,1212,4,26.67,26.95,26.67,26.81,75234,2014390.35,derived_ohlc4
UPCOM_VEA,VEA,2023-06-19 09:00:00,1213,4,26.81,26.81,26.6,26.74,111737,2987847.38,derived_ohlc4
UPCOM_VEA,VEA,2023-06-20 09:00:00,1214,4,26.67,26.74,26.6,26.74,85101,2271132.9374999995,derived_ohlc4
UPCOM_VEA,VEA,2023-06-21 09:00:00,1215,4,26.81,26.88,26.67,26.67,57935,1550195.7625,derived_ohlc4
UPCOM_VEA,VEA,2023-06-22 09:00:00,1216,4,26.67,26.81,26.6,26.74,163715,4372009.075,derived_ohlc4
UPCOM_VEA,VEA,2023-06-23 09:00:00,1217,4,26.81,26.81,26.67,26.67,66431,1776364.94,derived_ohlc4
UPCOM_VEA,VEA,2023-06-26 09:00:00,1218,4,26.67,26.74,26.53,26.67,161213,4296729.4825,derived_ohlc4
UPCOM_VEA,VEA,2023-06-27 09:00:00,1219,4,26.67,26.67,26.6,26.67,142215,3790385.2875,derived_ohlc4
UPCOM_VEA,VEA,2023-06-28 09:00:00,1220,4,26.67,26.74,26.6,26.67,96076,2562346.92,derived_ohlc4
UPCOM_VEA,VEA,2023-06-29 09:00:00,1221,4,26.67,26.67,26.46,26.53,167601,4455253.5825000005,derived_ohlc4
UPCOM_VEA,VEA,2023-06-30 09:00:00,1222,4,26.6,26.6,26.39,26.53,142152,3771292.56,derived_ohlc4
UPCOM_VEA,VEA,2023-07-03 09:00:00,1223,4,26.67,26.67,26.39,26.53,60912,1618127.28,derived_ohlc4
UPCOM_VEA,VEA,2023-07-04 09:00:00,1224,4,26.46,26.46,26.32,26.46,126122,3332773.8500000006,derived_ohlc4
UPCOM_VEA,VEA,2023-07-05 09:00:00,1225,4,26.39,26.46,26.32,26.39,118814,3135501.46,derived_ohlc4
UPCOM_VEA,VEA,2023-07-06 09:00:00,1226,4,26.39,26.46,26.25,26.32,136032,3585123.3599999994,derived_ohlc4
UPCOM_VEA,VEA,2023-07-07 09:00:00,1227,4,26.32,26.46,26.18,26.32,69601,1831898.32,derived_ohlc4
UPCOM_VEA,VEA,2023-07-10 09:00:00,1228,4,26.32,26.39,26.18,26.32,256686,6751483.515000001,derived_ohlc4
UPCOM_VEA,VEA,2023-07-11 09:00:00,1229,4,26.32,26.39,26.18,26.32,137295,3611201.7375000003,derived_ohlc4
UPCOM_VEA,VEA,2023-07-12 09:00:00,1230,4,26.32,26.6,26.32,26.39,183363,4842158.4225,derived_ohlc4
UPCOM_VEA,VEA,2023-07-13 09:00:00,1231,4,26.53,26.67,26.39,26.39,169805,4498983.475000001,derived_ohlc4
UPCOM_VEA,VEA,2023-07-14 09:00:00,1232,4,26.53,26.53,26.18,26.39,186545,4926187.0875,derived_ohlc4
UPCOM_VEA,VEA,2023-07-17 09:00:00,1233,4,26.46,26.46,26.18,26.18,567707,14942048.24,derived_ohlc4
UPCOM_VEA,VEA,2023-07-18 09:00:00,1234,4,26.32,26.53,26.32,26.46,371631,9813845.6325,derived_ohlc4
UPCOM_VEA,VEA,2023-07-19 09:00:00,1235,4,26.46,26.53,26.32,26.32,170197,4494477.2775,derived_ohlc4
UPCOM_VEA,VEA,2023-07-20 09:00:00,1236,4,26.46,26.6,26.46,26.6,361700,9595901.0,derived_ohlc4
UPCOM_VEA,VEA,2023-07-21 09:00:00,1237,4,26.6,27.44,26.6,27.16,1237452,33349331.400000002,derived_ohlc4
UPCOM_VEA,VEA,2023-07-24 09:00:00,1238,4,27.44,27.65,27.02,27.09,660589,18034079.7,derived_ohlc4
UPCOM_VEA,VEA,2023-07-25 09:00:00,1239,4,27.16,27.3,26.67,26.81,568577,15343050.344999999,derived_ohlc4
UPCOM_VEA,VEA,2023-07-26 09:00:00,1240,4,26.95,26.95,26.32,26.39,1215394,32393288.585,derived_ohlc4
UPCOM_VEA,VEA,2023-07-27 09:00:00,1241,4,26.53,26.67,26.39,26.6,342465,9091589.5875,derived_ohlc4
UPCOM_VEA,VEA,2023-07-28 09:00:00,1242,4,26.67,26.74,26.53,26.67,140511,3744969.4274999998,derived_ohlc4
UPCOM_VEA,VEA,2023-07-31 09:00:00,1243,4,26.67,26.67,26.39,26.46,532782,14144030.145,derived_ohlc4
UPCOM_VEA,VEA,2023-08-01 09:00:00,1244,4,26.67,26.81,26.46,26.67,787559,20990416.2475,derived_ohlc4
UPCOM_VEA,VEA,2023-08-02 09:00:00,1245,4,26.67,27.8,26.46,27.65,3733659,101350173.555,derived_ohlc4
UPCOM_VEA,VEA,2023-08-03 09:00:00,1246,4,27.8,28.29,27.44,27.58,2207287,61312914.6425,derived_ohlc4
UPCOM_VEA,VEA,2023-08-04 09:00:00,1247,4,27.73,28.78,27.58,28.57,4140672,116622026.88,derived_ohlc4
UPCOM_VEA,VEA,2023-08-07 09:00:00,1248,4,28.57,28.78,28.01,28.22,1560018,44296711.11,derived_ohlc4
UPCOM_VEA,VEA,2023-08-08 09:00:00,1249,4,28.43,28.5,27.73,27.87,1728159,48617433.0675,derived_ohlc4
UPCOM_VEA,VEA,2023-08-09 09:00:00,1250,4,28.08,28.08,27.51,27.51,1776536,49378818.120000005,derived_ohlc4
UPCOM_VEA,VEA,2023-08-10 09:00:00,1251,4,27.65,28.29,27.44,27.94,1279262,35601861.46,derived_ohlc4
UPCOM_VEA,VEA,2023-08-11 09:00:00,1252,4,28.01,28.29,27.37,27.73,1298171,36154062.35,derived_ohlc4
UPCOM_VEA,VEA,2023-08-14 09:00:00,1253,4,27.94,28.15,27.51,28.01,1325600,36987554.00000001,derived_ohlc4
UPCOM_VEA,VEA,2023-08-15 09:00:00,1254,4,28.01,28.01,27.58,27.73,853413,23752617.322499998,derived_ohlc4
UPCOM_VEA,VEA,2023-08-16 09:00:00,1255,4,27.73,27.87,27.44,27.65,892226,24690123.985,derived_ohlc4
UPCOM_VEA,VEA,2023-08-17 09:00:00,1256,4,27.58,27.65,26.74,26.74,2937791,79841814.90249999,derived_ohlc4
UPCOM_VEA,VEA,2023-08-18 09:00:00,1257,4,27.09,27.09,25.69,25.9,2052734,54279418.795,derived_ohlc4
UPCOM_VEA,VEA,2023-08-21 09:00:00,1258,4,26.25,26.25,25.83,26.04,931717,24310825.8225,derived_ohlc4
UPCOM_VEA,VEA,2023-08-22 09:00:00,1259,4,26.11,26.25,25.62,26.25,772292,20123998.79,derived_ohlc4
UPCOM_VEA,VEA,2023-08-23 09:00:00,1260,4,26.25,26.32,25.97,26.04,464986,12157058.969999999,derived_ohlc4
UPCOM_VEA,VEA,2023-08-24 09:00:00,1261,4,26.11,26.39,26.11,26.32,539358,14148708.735000001,derived_ohlc4
UPCOM_VEA,VEA,2023-08-25 09:00:00,1262,4,26.39,26.39,25.83,25.97,1118249,29236620.105,derived_ohlc4
UPCOM_VEA,VEA,2023-08-28 09:00:00,1263,4,25.48,26.18,25.48,26.11,347108,8959725.25,derived_ohlc4
UPCOM_VEA,VEA,2023-08-29 09:00:00,1264,4,26.18,26.53,26.18,26.46,605923,15958497.0125,derived_ohlc4
UPCOM_VEA,VEA,2023-08-30 09:00:00,1265,4,26.46,26.6,26.25,26.39,285843,7553401.275,derived_ohlc4
UPCOM_VEA,VEA,2023-08-31 09:00:00,1266,4,26.39,26.46,26.25,26.32,660305,17402338.275,derived_ohlc4
UPCOM_VEA,VEA,2023-09-05 09:00:00,1267,4,26.6,26.6,26.39,26.46,688426,18251894.325000003,derived_ohlc4
UPCOM_VEA,VEA,2023-09-06 09:00:00,1268,4,26.53,27.09,26.32,27.09,1177006,31493738.045,derived_ohlc4
UPCOM_VEA,VEA,2023-09-07 09:00:00,1269,4,26.81,27.16,26.67,26.95,591918,15921114.405000001,derived_ohlc4
UPCOM_VEA,VEA,2023-09-08 09:00:00,1270,4,26.88,27.23,26.88,27.16,526171,14226348.4125,derived_ohlc4
UPCOM_VEA,VEA,2023-09-11 09:00:00,1271,4,27.3,27.3,26.67,26.67,463811,12515939.835,derived_ohlc4
UPCOM_VEA,VEA,2023-09-12 09:00:00,1272,4,26.74,26.95,26.6,26.95,598006,16032540.86,derived_ohlc4
UPCOM_VEA,VEA,2023-09-13 09:00:00,1273,4,26.95,26.95,26.6,26.81,535145,14356602.4875,derived_ohlc4
UPCOM_VEA,VEA,2023-09-14 09:00:00,1274,4,26.81,26.81,26.39,26.67,628266,16755854.219999999,derived_ohlc4
UPCOM_VEA,VEA,2023-09-15 09:00:00,1275,4,26.53,26.67,26.39,26.53,444153,11783379.09,derived_ohlc4
UPCOM_VEA,VEA,2023-09-18 09:00:00,1276,4,26.53,26.67,26.39,26.53,282379,7491514.87,derived_ohlc4
UPCOM_VEA,VEA,2023-09-19 09:00:00,1277,4,26.53,26.67,26.46,26.67,253438,6737015.635,derived_ohlc4
UPCOM_VEA,VEA,2023-09-20 09:00:00,1278,4,26.53,26.81,26.46,26.74,296292,7891737.420000001,derived_ohlc4
UPCOM_VEA,VEA,2023-09-21 09:00:00,1279,4,26.74,27.02,26.74,26.81,394942,10595306.505,derived_ohlc4
UPCOM_VEA,VEA,2023-09-22 09:00:00,1280,4,26.88,26.88,26.18,26.32,896389,23812573.784999996,derived_ohlc4
UPCOM_VEA,VEA,2023-09-25 09:00:00,1281,4,26.32,26.74,25.62,25.97,768788,20113416.05,derived_ohlc4
UPCOM_VEA,VEA,2023-09-26 09:00:00,1282,4,25.97,26.04,25.62,25.76,687265,17764082.0875,derived_ohlc4
UPCOM_VEA,VEA,2023-09-27 09:00:00,1283,4,25.83,26.11,25.76,26.11,277761,7208592.3525,derived_ohlc4
UPCOM_VEA,VEA,2023-09-28 09:00:00,1284,4,26.11,26.25,25.9,26.11,291648,7609825.4399999995,derived_ohlc4
UPCOM_VEA,VEA,2023-09-29 09:00:00,1285,4,26.18,26.32,26.04,26.32,182296,4778889.64,derived_ohlc4
UPCOM_VEA,VEA,2023-10-02 09:00:00,1286,4,26.18,26.53,26.11,26.39,120639,3173107.2975,derived_ohlc4
UPCOM_VEA,VEA,2023-10-03 09:00:00,1287,4,26.25,26.25,25.83,25.83,518660,13505906.4,derived_ohlc4
UPCOM_VEA,VEA,2023-10-04 09:00:00,1288,4,25.97,25.97,25.76,25.9,575357,14901746.299999999,derived_ohlc4
UPCOM_VEA,VEA,2023-10-05 09:00:00,1289,4,25.97,26.04,25.83,25.97,275534,7150796.135,derived_ohlc4
UPCOM_VEA,VEA,2023-10-06 09:00:00,1290,4,25.97,26.04,25.83,26.04,174003,4518857.91,derived_ohlc4
UPCOM_VEA,VEA,2023-10-09 09:00:00,1291,4,26.11,26.39,26.04,26.39,313560,8225462.699999999,derived_ohlc4
UPCOM_VEA,VEA,2023-10-10 09:00:00,1292,4,26.39,26.46,26.18,26.25,501228,13192320.96,derived_ohlc4
UPCOM_VEA,VEA,2023-10-11 09:00:00,1293,4,26.39,26.39,26.11,26.25,281732,7405325.62,derived_ohlc4
UPCOM_VEA,VEA,2023-10-12 09:00:00,1294,4,26.46,26.46,26.25,26.25,370077,9753379.335,derived_ohlc4
UPCOM_VEA,VEA,2023-10-13 09:00:00,1295,4,26.32,26.32,26.11,26.32,376561,9891316.067499999,derived_ohlc4
UPCOM_VEA,VEA,2023-10-16 09:00:00,1296,4,26.32,26.32,26.11,26.11,403003,10564723.645,derived_ohlc4
UPCOM_VEA,VEA,2023-10-17 09:00:00,1297,4,26.46,26.67,25.97,25.97,387324,10174033.17,derived_ohlc4
UPCOM_VEA,VEA,2023-10-18 09:00:00,1298,4,26.11,26.11,25.48,25.76,753899,19499597.635,derived_ohlc4
UPCOM_VEA,VEA,2023-10-19 09:00:00,1299,4,25.76,25.76,25.34,25.48,416177,10647888.545,derived_ohlc4
UPCOM_VEA,VEA,2023-10-20 09:00:00,1300,4,25.41,25.9,25.41,25.83,164680,4221983.5,derived_ohlc4
UPCOM_VEA,VEA,2023-10-23 09:00:00,1301,4,25.83,26.11,25.62,25.76,165312,4270008.96,derived_ohlc4
UPCOM_VEA,VEA,2023-10-24 09:00:00,1302,4,25.76,25.83,25.69,25.76,50357,1297196.32,derived_ohlc4
UPCOM_VEA,VEA,2023-10-25 09:00:00,1303,4,25.83,26.04,25.83,25.97,143492,3718953.9099999997,derived_ohlc4
UPCOM_VEA,VEA,2023-10-26 09:00:00,1304,4,25.9,25.97,25.27,25.41,501244,12850643.049999999,derived_ohlc4
UPCOM_VEA,VEA,2023-10-27 09:00:00,1305,4,25.41,25.55,25.2,25.41,260060,6603573.55,derived_ohlc4
UPCOM_VEA,VEA,2023-10-30 09:00:00,1306,4,25.48,25.48,25.27,25.27,246480,6254430.0,derived_ohlc4
UPCOM_VEA,VEA,2023-10-31 09:00:00,1307,4,25.27,25.48,24.92,25.13,318830,8034516.0,derived_ohlc4
UPCOM_VEA,VEA,2023-11-01 09:00:00,1308,4,25.13,25.13,24.78,24.99,643450,16091075.874999998,derived_ohlc4
UPCOM_VEA,VEA,2023-11-02 09:00:00,1309,4,24.99,25.62,24.99,25.55,614238,15532543.424999999,derived_ohlc4
UPCOM_VEA,VEA,2023-11-03 09:00:00,1310,4,25.55,26.32,25.55,26.25,757049,19620817.4575,derived_ohlc4
UPCOM_VEA,VEA,2023-11-06 09:00:00,1311,4,26.32,27.51,26.32,27.09,936088,25096519.28,derived_ohlc4
UPCOM_VEA,VEA,2023-11-07 09:00:00,1312,4,27.37,27.8,26.74,26.88,499767,13592412.9825,derived_ohlc4
UPCOM_VEA,VEA,2023-11-08 09:00:00,1313,4,26.95,27.16,26.81,27.02,636645,17179865.325,derived_ohlc4
UPCOM_VEA,VEA,2023-11-09 09:00:00,1314,4,27.16,27.51,26.88,26.95,474650,12874881.25,derived_ohlc4
UPCOM_VEA,VEA,2023-11-10 09:00:00,1315,4,26.95,26.95,26.67,26.67,449444,12049593.639999999,derived_ohlc4
UPCOM_VEA,VEA,2023-11-13 09:00:00,1316,4,27.02,27.02,26.74,27.02,937997,25279019.15,derived_ohlc4
UPCOM_VEA,VEA,2023-11-14 09:00:00,1317,4,27.02,27.02,26.88,27.02,705927,19049440.095,derived_ohlc4
UPCOM_VEA,VEA,2023-11-15 09:00:00,1318,4,27.09,27.16,26.81,26.95,1835000,49549587.5,derived_ohlc4
UPCOM_VEA,VEA,2023-11-16 09:00:00,1319,4,27.02,27.02,26.67,26.88,1342726,36115972.585,derived_ohlc4
UPCOM_VEA,VEA,2023-11-17 09:00:00,1320,4,28.02,29.75,26.6,26.91,1131547,31479637.54,derived_ohlc4
UPCOM_VEA,VEA,2023-11-20 09:00:00,1321,4,26.99,26.99,26.2,26.6,717125,19143651.875,derived_ohlc4
UPCOM_VEA,VEA,2023-11-21 09:00:00,1322,4,26.44,26.52,26.2,26.52,577627,15260905.34,derived_ohlc4
UPCOM_VEA,VEA,2023-11-22 09:00:00,1323,4,26.44,26.44,26.12,26.28,325926,8578372.32,derived_ohlc4
UPCOM_VEA,VEA,2023-11-23 09:00:00,1324,4,26.36,26.44,25.81,25.96,503300,13157520.25,derived_ohlc4
UPCOM_VEA,VEA,2023-11-24 09:00:00,1325,4,26.04,26.04,25.33,25.73,658926,16990406.91,derived_ohlc4
UPCOM_VEA,VEA,2023-11-27 09:00:00,1326,4,25.73,25.73,25.33,25.33,326465,8334651.449999999,derived_ohlc4
UPCOM_VEA,VEA,2023-11-28 09:00:00,1327,4,25.33,25.73,25.33,25.65,347795,8872250.45,derived_ohlc4
UPCOM_VEA,VEA,2023-11-29 09:00:00,1328,4,25.73,26.12,25.65,25.96,401835,10393462.275,derived_ohlc4
UPCOM_VEA,VEA,2023-11-30 09:00:00,1329,4,26.12,26.44,25.96,26.12,408084,10675477.440000001,derived_ohlc4
UPCOM_VEA,VEA,2023-12-01 09:00:00,1330,4,26.2,26.2,25.81,25.96,197186,5135216.404999999,derived_ohlc4
UPCOM_VEA,VEA,2023-12-04 09:00:00,1331,4,26.04,26.04,25.81,26.04,376276,9776591.17,derived_ohlc4
UPCOM_VEA,VEA,2023-12-05 09:00:00,1332,4,26.12,26.12,25.81,25.81,165349,4293286.785,derived_ohlc4
UPCOM_VEA,VEA,2023-12-06 09:00:00,1333,4,25.96,25.96,25.81,25.96,248116,6431787.01,derived_ohlc4
UPCOM_VEA,VEA,2023-12-07 09:00:00,1334,4,25.96,25.96,25.65,25.89,323585,8369526.024999999,derived_ohlc4
UPCOM_VEA,VEA,2023-12-08 09:00:00,1335,4,25.89,26.12,25.81,26.04,667911,17342309.115000002,derived_ohlc4
UPCOM_VEA,VEA,2023-12-11 09:00:00,1336,4,26.04,26.04,25.81,25.89,250934,6510482.63,derived_ohlc4
UPCOM_VEA,VEA,2023-12-12 09:00:00,1337,4,25.89,26.04,25.81,25.89,135302,3505336.565,derived_ohlc4
UPCOM_VEA,VEA,2023-12-13 09:00:00,1338,4,25.96,26.04,25.89,25.96,258479,6710761.0375,derived_ohlc4
UPCOM_VEA,VEA,2023-12-14 09:00:00,1339,4,25.96,26.04,25.89,25.96,349469,9073088.9125,derived_ohlc4
UPCOM_VEA,VEA,2023-12-15 09:00:00,1340,4,25.96,26.04,25.89,26.04,268462,6975313.915,derived_ohlc4
UPCOM_VEA,VEA,2023-12-18 09:00:00,1341,4,26.04,26.36,26.04,26.28,305099,7987491.82,derived_ohlc4
UPCOM_VEA,VEA,2023-12-19 09:00:00,1342,4,26.28,26.44,26.12,26.36,392561,10324354.3,derived_ohlc4
UPCOM_VEA,VEA,2023-12-20 09:00:00,1343,4,26.36,26.67,26.36,26.67,551612,14625992.18,derived_ohlc4
UPCOM_VEA,VEA,2023-12-21 09:00:00,1344,4,26.67,26.91,26.44,26.91,647822,17317901.615,derived_ohlc4
UPCOM_VEA,VEA,2023-12-22 09:00:00,1345,4,26.83,27.07,26.83,26.91,524453,14113030.229999999,derived_ohlc4
UPCOM_VEA,VEA,2023-12-25 09:00:00,1346,4,26.91,26.91,26.6,26.91,395743,10618774.0475,derived_ohlc4
UPCOM_VEA,VEA,2023-12-26 09:00:00,1347,4,26.83,26.99,26.75,26.91,203452,5466755.239999999,derived_ohlc4
UPCOM_VEA,VEA,2023-12-27 09:00:00,1348,4,26.75,26.99,26.75,26.91,338856,9098283.6,derived_ohlc4
UPCOM_VEA,VEA,2023-12-28 09:00:00,1349,4,26.83,26.99,26.83,26.91,257498,6924121.219999999,derived_ohlc4
UPCOM_VEA,VEA,2023-12-29 09:00:00,1350,4,26.99,27.23,26.75,27.15,603300,16307199.0,derived_ohlc4
UPCOM_VEA,VEA,2024-01-02 09:00:00,1351,4,26.99,27.15,26.75,26.83,263833,7105022.6899999995,derived_ohlc4
UPCOM_VEA,VEA,2024-01-03 09:00:00,1352,4,26.99,26.99,26.67,26.91,202981,5458159.09,derived_ohlc4
UPCOM_VEA,VEA,2024-01-04 09:00:00,1353,4,26.83,27.07,26.83,27.07,483803,13038490.849999998,derived_ohlc4
UPCOM_VEA,VEA,2024-01-05 09:00:00,1354,4,27.07,27.23,26.83,27.15,408368,11054521.76,derived_ohlc4
UPCOM_VEA,VEA,2024-01-08 09:00:00,1355,4,27.15,27.38,27.07,27.31,472091,12853857.702499999,derived_ohlc4
UPCOM_VEA,VEA,2024-01-09 09:00:00,1356,4,27.31,28.1,27.31,27.86,730044,20182066.38,derived_ohlc4
UPCOM_VEA,VEA,2024-01-10 09:00:00,1357,4,27.86,28.02,27.46,27.78,399307,11092748.46,derived_ohlc4
UPCOM_VEA,VEA,2024-01-11 09:00:00,1358,4,27.86,27.94,27.62,27.94,538627,14995375.68,derived_ohlc4
UPCOM_VEA,VEA,2024-01-12 09:00:00,1359,4,27.86,28.25,27.78,28.25,1214608,34051535.28,derived_ohlc4
UPCOM_VEA,VEA,2024-01-15 09:00:00,1360,4,28.1,28.65,28.1,28.49,537537,15231110.894999998,derived_ohlc4
UPCOM_VEA,VEA,2024-01-16 09:00:00,1361,4,28.49,28.57,28.17,28.49,583742,16595785.06,derived_ohlc4
UPCOM_VEA,VEA,2024-01-17 09:00:00,1362,4,28.49,28.49,28.41,28.49,473008,13466537.76,derived_ohlc4
UPCOM_VEA,VEA,2024-01-18 09:00:00,1363,4,28.41,28.49,28.17,28.41,733526,20810132.619999997,derived_ohlc4
UPCOM_VEA,VEA,2024-01-19 09:00:00,1364,4,28.41,28.49,28.17,28.41,333158,9451692.459999999,derived_ohlc4
UPCOM_VEA,VEA,2024-01-22 09:00:00,1365,4,28.41,28.49,28.33,28.41,217757,6186476.369999999,derived_ohlc4
UPCOM_VEA,VEA,2024-01-23 09:00:00,1366,4,28.41,28.49,28.25,28.41,177215,5031133.850000001,derived_ohlc4
UPCOM_VEA,VEA,2024-01-24 09:00:00,1367,4,28.41,28.49,28.33,28.41,171835,4881832.35,derived_ohlc4
UPCOM_VEA,VEA,2024-01-25 09:00:00,1368,4,28.41,28.49,28.33,28.49,218232,6204335.759999999,derived_ohlc4
UPCOM_VEA,VEA,2024-01-26 09:00:00,1369,4,28.41,28.65,28.41,28.65,217807,6214033.71,derived_ohlc4
UPCOM_VEA,VEA,2024-01-29 09:00:00,1370,4,28.65,29.04,28.65,29.04,363535,10486167.075,derived_ohlc4
UPCOM_VEA,VEA,2024-01-30 09:00:00,1371,4,28.88,29.12,28.88,29.12,128225,3718525.0,derived_ohlc4
UPCOM_VEA,VEA,2024-01-31 09:00:00,1372,4,29.04,29.12,28.81,28.96,326888,9474031.46,derived_ohlc4
UPCOM_VEA,VEA,2024-02-01 09:00:00,1373,4,28.88,29.12,28.73,29.12,291300,8436776.25,derived_ohlc4
UPCOM_VEA,VEA,2024-02-02 09:00:00,1374,4,28.96,29.2,28.88,29.04,95341,2766795.82,derived_ohlc4
UPCOM_VEA,VEA,2024-02-05 09:00:00,1375,4,28.96,28.96,28.65,28.88,439313,12679671.462499999,derived_ohlc4
UPCOM_VEA,VEA,2024-02-06 09:00:00,1376,4,28.81,29.12,28.73,29.12,683242,19776439.69,derived_ohlc4
UPCOM_VEA,VEA,2024-02-07 09:00:00,1377,4,29.12,29.44,29.12,29.44,242979,7114425.12,derived_ohlc4
UPCOM_VEA,VEA,2024-02-15 09:00:00,1378,4,29.2,29.59,29.2,29.36,260495,7642272.0625,derived_ohlc4
UPCOM_VEA,VEA,2024-02-16 09:00:00,1379,4,29.44,29.44,29.28,29.44,257699,7576350.6,derived_ohlc4
UPCOM_VEA,VEA,2024-02-19 09:00:00,1380,4,29.44,29.44,29.04,29.2,600405,17579858.400000002,derived_ohlc4
UPCOM_VEA,VEA,2024-02-20 09:00:00,1381,4,29.2,29.2,28.96,28.96,537712,15636664.959999999,derived_ohlc4
UPCOM_VEA,VEA,2024-02-21 09:00:00,1382,4,28.96,29.12,28.88,28.88,422175,12226187.999999998,derived_ohlc4
UPCOM_VEA,VEA,2024-02-22 09:00:00,1383,4,28.73,29.04,28.73,28.81,365337,10531752.3675,derived_ohlc4
UPCOM_VEA,VEA,2024-02-23 09:00:00,1384,4,28.81,28.96,28.65,28.81,397174,11441590.004999999,derived_ohlc4
UPCOM_VEA,VEA,2024-02-26 09:00:00,1385,4,28.57,28.88,28.57,28.88,228123,6552833.175000001,derived_ohlc4
UPCOM_VEA,VEA,2024-02-27 09:00:00,1386,4,28.41,28.96,28.41,28.81,206893,5926967.2175,derived_ohlc4
UPCOM_VEA,VEA,2024-02-28 09:00:00,1387,4,28.73,28.88,28.57,28.88,404657,11639958.605,derived_ohlc4
UPCOM_VEA,VEA,2024-02-29 09:00:00,1388,4,28.73,28.88,28.65,28.81,131206,3774468.605,derived_ohlc4
UPCOM_VEA,VEA,2024-03-01 09:00:00,1389,4,28.73,28.88,28.57,28.57,251392,7211808.0,derived_ohlc4
UPCOM_VEA,VEA,2024-03-04 09:00:00,1390,4,28.41,28.73,28.41,28.65,204197,5829824.35,derived_ohlc4
UPCOM_VEA,VEA,2024-03-05 09:00:00,1391,4,27.62,29.12,27.62,28.96,287987,8158671.71,derived_ohlc4
UPCOM_VEA,VEA,2024-03-06 09:00:00,1392,4,28.65,29.12,28.65,28.88,229702,6621160.149999999,derived_ohlc4
UPCOM_VEA,VEA,2024-03-07 09:00:00,1393,4,28.02,28.88,28.02,28.88,214929,6114730.05,derived_ohlc4
UPCOM_VEA,VEA,2024-03-08 09:00:00,1394,4,28.81,28.88,28.41,28.57,607216,17407364.68,derived_ohlc4
UPCOM_VEA,VEA,2024-03-11 09:00:00,1395,4,27.62,28.57,27.62,28.49,767449,21546130.675,derived_ohlc4
UPCOM_VEA,VEA,2024-03-12 09:00:00,1396,4,28.41,28.49,28.33,28.41,568961,16164182.009999998,derived_ohlc4
UPCOM_VEA,VEA,2024-03-13 09:00:00,1397,4,28.02,28.57,28.02,28.49,439029,12413544.975,derived_ohlc4
UPCOM_VEA,VEA,2024-03-14 09:00:00,1398,4,28.41,29.83,28.41,28.73,96945,2796378.525,derived_ohlc4
UPCOM_VEA,VEA,2024-03-15 09:00:00,1399,4,28.57,28.57,28.41,28.57,1317559,37589958.27,derived_ohlc4
UPCOM_VEA,VEA,2024-03-18 09:00:00,1400,4,28.57,28.73,28.33,28.57,441853,12614903.149999999,derived_ohlc4
UPCOM_VEA,VEA,2024-03-19 09:00:00,1401,4,27.7,28.65,27.7,28.65,71567,2016400.2249999999,derived_ohlc4
UPCOM_VEA,VEA,2024-03-20 09:00:00,1402,4,28.57,28.65,28.49,28.65,126620,3620065.7999999993,derived_ohlc4
UPCOM_VEA,VEA,2024-03-21 09:00:00,1403,4,28.65,28.73,28.49,28.73,335511,9612390.15,derived_ohlc4
UPCOM_VEA,VEA,2024-03-22 09:00:00,1404,4,29.04,29.04,28.57,28.65,268196,7730749.700000001,derived_ohlc4
UPCOM_VEA,VEA,2024-03-25 09:00:00,1405,4,27.86,28.81,27.86,28.73,295387,8363882.905,derived_ohlc4
UPCOM_VEA,VEA,2024-03-26 09:00:00,1406,4,28.81,29.83,28.65,29.75,789204,23092109.04,derived_ohlc4
UPCOM_VEA,VEA,2024-03-27 09:00:00,1407,4,29.2,29.75,29.2,29.75,257264,7582856.4,derived_ohlc4
UPCOM_VEA,VEA,2024-03-28 09:00:00,1408,4,29.67,29.91,29.44,29.83,279882,8315993.925,derived_ohlc4
UPCOM_VEA,VEA,2024-03-29 09:00:00,1409,4,29.75,29.83,29.36,29.75,164253,4873797.1425,derived_ohlc4
UPCOM_VEA,VEA,2024-04-01 09:00:00,1410,4,29.2,29.75,29.2,29.59,196459,5782770.665,derived_ohlc4
UPCOM_VEA,VEA,2024-04-02 09:00:00,1411,4,29.52,29.59,29.2,29.28,317771,9341672.9725,derived_ohlc4
UPCOM_VEA,VEA,2024-04-03 09:00:00,1412,4,29.44,29.44,29.12,29.12,221483,6485022.24,derived_ohlc4
UPCOM_VEA,VEA,2024-04-04 09:00:00,1413,4,29.12,29.28,28.96,29.12,270184,7867758.080000001,derived_ohlc4
UPCOM_VEA,VEA,2024-04-05 09:00:00,1414,4,29.12,29.12,28.81,29.12,518782,15066726.235,derived_ohlc4
UPCOM_VEA,VEA,2024-04-08 09:00:00,1415,4,28.96,29.12,28.81,29.12,306338,8884567.845,derived_ohlc4
UPCOM_VEA,VEA,2024-04-09 09:00:00,1416,4,29.2,29.28,28.88,29.12,137250,3996720.0,derived_ohlc4
UPCOM_VEA,VEA,2024-04-10 09:00:00,1417,4,29.2,29.28,29.12,29.2,94218,2751165.6,derived_ohlc4
UPCOM_VEA,VEA,2024-04-11 09:00:00,1418,4,29.04,29.12,28.96,28.96,111114,3224528.2800000003,derived_ohlc4
UPCOM_VEA,VEA,2024-04-12 09:00:00,1419,4,28.96,29.12,28.88,28.96,161855,4690557.899999999,derived_ohlc4
UPCOM_VEA,VEA,2024-04-15 09:00:00,1420,4,28.96,29.12,28.57,28.57,268656,7738636.08,derived_ohlc4
UPCOM_VEA,VEA,2024-04-16 09:00:00,1421,4,28.73,28.73,28.25,28.49,414668,11838771.4,derived_ohlc4
UPCOM_VEA,VEA,2024-04-17 09:00:00,1422,4,28.49,28.65,28.41,28.49,305300,8704103.0,derived_ohlc4
UPCOM_VEA,VEA,2024-04-19 09:00:00,1423,4,28.49,28.49,28.17,28.25,432705,12267186.75,derived_ohlc4
UPCOM_VEA,VEA,2024-04-22 09:00:00,1424,4,28.25,28.41,28.02,28.33,653615,18466257.787499998,derived_ohlc4
UPCOM_VEA,VEA,2024-04-23 09:00:00,1425,4,28.17,28.17,27.62,27.86,571384,15973039.72,derived_ohlc4
UPCOM_VEA,VEA,2024-04-24 09:00:00,1426,4,28.02,28.1,27.78,28.1,465214,13025992.0,derived_ohlc4
UPCOM_VEA,VEA,2024-04-25 09:00:00,1427,4,28.1,28.1,27.78,27.86,238029,6655290.84,derived_ohlc4
UPCOM_VEA,VEA,2024-04-26 09:00:00,1428,4,27.94,28.1,27.78,28.1,174633,4886231.340000001,derived_ohlc4
UPCOM_VEA,VEA,2024-05-02 09:00:00,1429,4,28.1,29.04,28.02,28.88,439944,12542803.44,derived_ohlc4
UPCOM_VEA,VEA,2024-05-03 09:00:00,1430,4,28.88,29.12,28.81,29.04,243198,7043622.074999999,derived_ohlc4
UPCOM_VEA,VEA,2024-05-06 09:00:00,1431,4,29.04,29.36,29.04,29.12,181665,5293718.100000001,derived_ohlc4
UPCOM_VEA,VEA,2024-05-07 09:00:00,1432,4,29.2,29.2,28.96,29.12,163978,4775039.36,derived_ohlc4
UPCOM_VEA,VEA,2024-05-08 09:00:00,1433,4,29.12,29.2,28.81,28.96,171014,4963253.815,derived_ohlc4
UPCOM_VEA,VEA,2024-05-09 09:00:00,1434,4,28.96,28.96,28.57,28.81,549520,15839914.000000002,derived_ohlc4
UPCOM_VEA,VEA,2024-05-10 09:00:00,1435,4,28.81,28.96,28.81,28.81,199422,5752826.1450000005,derived_ohlc4
UPCOM_VEA,VEA,2024-05-13 09:00:00,1436,4,28.81,31.17,28.81,29.83,2630393,78004304.415,derived_ohlc4
UPCOM_VEA,VEA,2024-05-14 09:00:00,1437,4,29.83,30.07,29.28,29.44,755663,22409186.265,derived_ohlc4
UPCOM_VEA,VEA,2024-05-15 09:00:00,1438,4,29.59,29.59,29.12,29.2,1413917,41533811.875,derived_ohlc4
UPCOM_VEA,VEA,2024-05-16 09:00:00,1439,4,29.36,29.75,29.28,29.75,751116,22184211.06,derived_ohlc4
UPCOM_VEA,VEA,2024-05-17 09:00:00,1440,4,29.59,29.75,29.12,29.44,1347182,39708189.45,derived_ohlc4
UPCOM_VEA,VEA,2024-05-20 09:00:00,1441,4,29.28,30.54,29.28,30.38,4187355,125076293.85,derived_ohlc4
UPCOM_VEA,VEA,2024-05-21 09:00:00,1442,4,30.38,32.12,30.15,31.17,11781775,364704845.125,derived_ohlc4
UPCOM_VEA,VEA,2024-05-22 09:00:00,1443,4,31.25,32.83,31.17,31.57,3261381,103402084.60499999,derived_ohlc4
UPCOM_VEA,VEA,2024-05-23 09:00:00,1444,4,31.57,33.86,31.41,33.22,3194224,103860193.36,derived_ohlc4
UPCOM_VEA,VEA,2024-05-24 09:00:00,1445,4,33.15,35.04,32.91,33.54,3530595,118839827.69999999,derived_ohlc4
UPCOM_VEA,VEA,2024-05-27 09:00:00,1446,4,33.93,36.7,33.93,36.07,3429812,120583615.39,derived_ohlc4
UPCOM_VEA,VEA,2024-05-28 09:00:00,1447,4,36.07,36.85,34.96,35.67,3176374,113992121.92500001,derived_ohlc4
UPCOM_VEA,VEA,2024-05-29 09:00:00,1448,4,35.67,36.07,34.41,34.65,3503528,123324185.60000001,derived_ohlc4
UPCOM_VEA,VEA,2024-05-30 09:00:00,1449,4,34.72,35.67,33.54,35.28,4318832,150306150.68,derived_ohlc4
UPCOM_VEA,VEA,2024-05-31 09:00:00,1450,4,35.2,35.75,34.65,34.72,2206228,77394478.24,derived_ohlc4
UPCOM_VEA,VEA,2024-06-03 09:00:00,1451,4,34.49,35.83,34.49,35.12,1808188,63254936.71,derived_ohlc4
UPCOM_VEA,VEA,2024-06-04 09:00:00,1452,4,35.36,36.46,34.57,34.8,3912083,138086749.6925,derived_ohlc4
UPCOM_VEA,VEA,2024-06-05 09:00:00,1453,4,35.12,36.46,34.72,36.07,4833071,172021079.5675,derived_ohlc4
UPCOM_VEA,VEA,2024-06-06 09:00:00,1454,4,36.3,38.99,36.07,38.51,4407205,165126953.33749998,derived_ohlc4
UPCOM_VEA,VEA,2024-06-07 09:00:00,1455,4,37.88,39.06,37.64,38.04,2610222,99593020.41,derived_ohlc4
UPCOM_VEA,VEA,2024-06-10 09:00:00,1456,4,38.04,38.28,36.85,37.17,3627893,136354358.40499997,derived_ohlc4
UPCOM_VEA,VEA,2024-06-11 09:00:00,1457,4,37.25,38.12,36.85,37.49,1873974,70138161.885,derived_ohlc4
UPCOM_VEA,VEA,2024-06-12 09:00:00,1458,4,36.7,36.7,35.2,36.46,7462460,270626111.9,derived_ohlc4
UPCOM_VEA,VEA,2024-06-13 09:00:00,1459,4,36.3,36.7,35.36,36.38,3374946,122122421.01,derived_ohlc4
UPCOM_VEA,VEA,2024-06-14 09:00:00,1460,4,36.38,38.28,36.3,37.17,4128852,152901711.69,derived_ohlc4
UPCOM_VEA,VEA,2024-06-17 09:00:00,1461,4,37.41,37.96,36.93,37.33,1956026,73170042.595,derived_ohlc4
UPCOM_VEA,VEA,2024-06-18 09:00:00,1462,4,37.33,38.28,37.25,37.88,2259112,85134635.72,derived_ohlc4
UPCOM_VEA,VEA,2024-06-19 09:00:00,1463,4,37.88,38.04,37.09,37.33,1508004,56678330.34,derived_ohlc4
UPCOM_VEA,VEA,2024-06-20 09:00:00,1464,4,36.07,37.8,36.07,37.01,1976230,72601749.625,derived_ohlc4
UPCOM_VEA,VEA,2024-06-21 09:00:00,1465,4,37.09,40.17,37.09,38.83,4495706,172163061.27,derived_ohlc4
UPCOM_VEA,VEA,2024-06-24 09:00:00,1466,4,38.83,39.38,36.78,37.01,3929901,149336238.0,derived_ohlc4
UPCOM_VEA,VEA,2024-06-25 09:00:00,1467,4,37.01,37.17,35.67,36.22,3111043,113607512.7525,derived_ohlc4
UPCOM_VEA,VEA,2024-06-26 09:00:00,1468,4,36.22,37.01,35.99,36.78,1510364,55128286.0,derived_ohlc4
UPCOM_VEA,VEA,2024-06-27 09:00:00,1469,4,36.85,36.85,35.51,35.83,1667582,60466523.32000001,derived_ohlc4
UPCOM_VEA,VEA,2024-06-28 09:00:00,1470,4,36.22,36.3,34.41,34.96,3890113,137992033.39249998,derived_ohlc4
UPCOM_VEA,VEA,2024-07-01 09:00:00,1471,4,35.12,35.2,33.86,34.25,1669882,57790441.315000005,derived_ohlc4
UPCOM_VEA,VEA,2024-07-02 09:00:00,1472,4,34.41,35.51,34.33,35.12,1164704,40581199.11999999,derived_ohlc4
UPCOM_VEA,VEA,2024-07-03 09:00:00,1473,4,35.28,35.59,34.96,35.2,1235606,43564378.54500001,derived_ohlc4
UPCOM_VEA,VEA,2024-07-04 09:00:00,1474,4,35.51,35.51,34.8,35.36,1117543,39443680.185,derived_ohlc4
UPCOM_VEA,VEA,2024-07-05 09:00:00,1475,4,35.36,36.14,35.36,35.75,1193243,42542096.057500005,derived_ohlc4
UPCOM_VEA,VEA,2024-07-08 09:00:00,1476,4,35.83,36.14,35.2,35.43,1121331,39975450.15,derived_ohlc4
UPCOM_VEA,VEA,2024-07-09 09:00:00,1477,4,35.51,37.33,35.43,36.7,2474958,89698665.31500001,derived_ohlc4
UPCOM_VEA,VEA,2024-07-10 09:00:00,1478,4,36.7,37.09,36.14,36.22,2172601,79381409.03750001,derived_ohlc4
UPCOM_VEA,VEA,2024-07-11 09:00:00,1479,4,36.62,37.64,36.3,36.7,1820750,67030911.24999999,derived_ohlc4
UPCOM_VEA,VEA,2024-07-12 09:00:00,1480,4,36.93,37.01,36.07,36.3,1498287,54803592.7425,derived_ohlc4
UPCOM_VEA,VEA,2024-07-15 09:00:00,1481,4,36.22,36.93,36.22,36.93,1335171,48833879.325,derived_ohlc4
UPCOM_VEA,VEA,2024-07-16 09:00:00,1482,4,37.09,37.49,36.46,36.7,1612228,59547641.18000001,derived_ohlc4
UPCOM_VEA,VEA,2024-07-17 09:00:00,1483,4,36.7,36.93,33.93,34.88,3110848,110777297.28,derived_ohlc4
UPCOM_VEA,VEA,2024-07-18 09:00:00,1484,4,35.51,35.51,34.41,35.12,1236175,43436099.06249999,derived_ohlc4
UPCOM_VEA,VEA,2024-07-19 09:00:00,1485,4,34.96,35.36,34.41,34.57,1054354,36717878.05,derived_ohlc4
UPCOM_VEA,VEA,2024-07-22 09:00:00,1486,4,34.57,34.72,33.07,33.3,2360770,80065514.54999998,derived_ohlc4
UPCOM_VEA,VEA,2024-07-23 09:00:00,1487,4,33.62,33.7,32.28,32.75,1698559,56201070.912499994,derived_ohlc4
UPCOM_VEA,VEA,2024-07-24 09:00:00,1488,4,32.75,32.99,31.65,32.99,1721181,56101894.69500001,derived_ohlc4
UPCOM_VEA,VEA,2024-07-25 09:00:00,1489,4,32.99,33.15,32.51,33.15,423716,13961442.200000001,derived_ohlc4
UPCOM_VEA,VEA,2024-07-26 09:00:00,1490,4,33.38,33.86,33.07,33.86,631173,21171120.352500003,derived_ohlc4
UPCOM_VEA,VEA,2024-07-29 09:00:00,1491,4,33.93,34.01,33.7,33.7,534561,18086871.435,derived_ohlc4
UPCOM_VEA,VEA,2024-07-30 09:00:00,1492,4,33.78,33.86,33.07,33.7,740459,24881273.547500003,derived_ohlc4
UPCOM_VEA,VEA,2024-07-31 09:00:00,1493,4,33.7,34.01,33.07,33.78,745379,25074549.56,derived_ohlc4
UPCOM_VEA,VEA,2024-08-01 09:00:00,1494,4,33.78,33.78,32.36,32.44,1431612,47372041.080000006,derived_ohlc4
UPCOM_VEA,VEA,2024-08-02 09:00:00,1495,4,32.44,33.07,32.04,32.99,1197505,39080575.675,derived_ohlc4
UPCOM_VEA,VEA,2024-08-05 09:00:00,1496,4,32.75,32.75,31.57,31.73,1653735,53250266.99999999,derived_ohlc4
UPCOM_VEA,VEA,2024-08-06 09:00:00,1497,4,32.12,32.59,31.8,32.44,1091841,35198224.2375,derived_ohlc4
UPCOM_VEA,VEA,2024-08-07 09:00:00,1498,4,32.44,33.15,32.2,32.99,757924,24780325.18,derived_ohlc4
UPCOM_VEA,VEA,2024-08-08 09:00:00,1499,4,32.99,32.99,32.44,32.75,702285,23029680.862500004,derived_ohlc4
UPCOM_VEA,VEA,2024-08-09 09:00:00,1500,4,32.83,33.07,32.67,33.07,688559,22660476.69,derived_ohlc4
UPCOM_VEA,VEA,2024-08-12 09:00:00,1501,4,32.83,33.78,32.83,33.62,872655,29028868.575,derived_ohlc4
UPCOM_VEA,VEA,2024-08-13 09:00:00,1502,4,33.62,33.7,33.3,33.46,468274,15696544.479999999,derived_ohlc4
UPCOM_VEA,VEA,2024-08-14 09:00:00,1503,4,33.46,33.7,33.3,33.38,330819,11069203.74,derived_ohlc4
UPCOM_VEA,VEA,2024-08-15 09:00:00,1504,4,33.7,34.49,32.83,32.91,916802,30696822.965,derived_ohlc4
UPCOM_VEA,VEA,2024-08-16 09:00:00,1505,4,33.22,34.01,32.99,33.93,1077208,36126863.300000004,derived_ohlc4
UPCOM_VEA,VEA,2024-08-19 09:00:00,1506,4,33.93,35.28,33.93,35.28,2280494,78916494.87,derived_ohlc4
UPCOM_VEA,VEA,2024-08-20 09:00:00,1507,4,35.28,35.36,34.72,35.04,681188,23909698.8,derived_ohlc4
UPCOM_VEA,VEA,2024-08-21 09:00:00,1508,4,35.12,35.43,34.96,35.12,868195,30523565.7125,derived_ohlc4
UPCOM_VEA,VEA,2024-08-22 09:00:00,1509,4,35.12,35.83,34.8,35.59,1407736,49742351.55999999,derived_ohlc4
UPCOM_VEA,VEA,2024-08-23 09:00:00,1510,4,35.59,35.75,35.04,35.28,469507,16627590.405,derived_ohlc4
UPCOM_VEA,VEA,2024-08-26 09:00:00,1511,4,35.12,35.59,34.65,34.8,691243,24221154.720000003,derived_ohlc4
UPCOM_VEA,VEA,2024-08-27 09:00:00,1512,4,34.88,34.96,34.49,34.88,758355,26392649.887500003,derived_ohlc4
UPCOM_VEA,VEA,2024-08-28 09:00:00,1513,4,34.96,35.04,34.49,34.65,407784,14184766.440000001,derived_ohlc4
UPCOM_VEA,VEA,2024-08-29 09:00:00,1514,4,34.65,34.8,34.41,34.72,418985,14515735.325,derived_ohlc4
UPCOM_VEA,VEA,2024-08-30 09:00:00,1515,4,34.57,34.88,34.57,34.72,281537,9765110.845,derived_ohlc4
UPCOM_VEA,VEA,2024-09-04 09:00:00,1516,4,34.72,34.72,33.93,34.57,723856,24962174.16,derived_ohlc4
UPCOM_VEA,VEA,2024-09-05 09:00:00,1517,4,34.72,35.36,34.57,34.8,690390,24068721.374999996,derived_ohlc4
UPCOM_VEA,VEA,2024-09-06 09:00:00,1518,4,34.96,34.96,34.41,34.65,450902,15666589.989999998,derived_ohlc4
UPCOM_VEA,VEA,2024-09-09 09:00:00,1519,4,34.72,35.51,34.49,34.72,497233,17333542.38,derived_ohlc4
UPCOM_VEA,VEA,2024-09-10 09:00:00,1520,4,34.88,34.96,34.57,34.57,1415066,49166468.169999994,derived_ohlc4
UPCOM_VEA,VEA,2024-09-11 09:00:00,1521,4,34.8,34.8,34.01,34.41,695093,23984183.964999996,derived_ohlc4
UPCOM_VEA,VEA,2024-09-12 09:00:00,1522,4,34.41,34.65,34.09,34.57,432300,14884089.0,derived_ohlc4
UPCOM_VEA,VEA,2024-09-13 09:00:00,1523,4,34.49,34.65,34.25,34.25,138033,4749715.529999999,derived_ohlc4
UPCOM_VEA,VEA,2024-09-16 09:00:00,1524,4,34.25,34.57,34.01,34.09,598251,20478131.729999997,derived_ohlc4
UPCOM_VEA,VEA,2024-09-17 09:00:00,1525,4,34.17,34.49,34.01,34.49,294466,10097239.14,derived_ohlc4
UPCOM_VEA,VEA,2024-09-18 09:00:00,1526,4,34.49,35.2,34.25,34.96,1083917,37639017.825,derived_ohlc4
UPCOM_VEA,VEA,2024-09-19 09:00:00,1527,4,34.8,35.12,34.72,34.96,416159,14523949.1,derived_ohlc4
UPCOM_VEA,VEA,2024-09-20 09:00:00,1528,4,35.12,35.2,34.72,34.88,585401,20477326.979999997,derived_ohlc4
UPCOM_VEA,VEA,2024-09-23 09:00:00,1529,4,34.96,35.04,34.49,34.72,418463,14563558.557500001,derived_ohlc4
UPCOM_VEA,VEA,2024-09-24 09:00:00,1530,4,34.8,34.88,34.57,34.88,401800,13975608.5,derived_ohlc4
UPCOM_VEA,VEA,2024-09-25 09:00:00,1531,4,34.96,35.2,34.65,34.88,430746,15042727.185,derived_ohlc4
UPCOM_VEA,VEA,2024-09-26 09:00:00,1532,4,34.72,35.75,34.72,35.28,1133074,39790726.195,derived_ohlc4
UPCOM_VEA,VEA,2024-09-27 09:00:00,1533,4,35.28,35.36,34.8,34.88,529739,18583244.119999997,derived_ohlc4
UPCOM_VEA,VEA,2024-09-30 09:00:00,1534,4,35.04,35.36,34.72,35.36,518287,18202239.44,derived_ohlc4
UPCOM_VEA,VEA,2024-10-01 09:00:00,1535,4,35.2,35.36,34.8,34.96,705772,24758481.759999998,derived_ohlc4
UPCOM_VEA,VEA,2024-10-02 09:00:00,1536,4,35.12,35.12,34.65,34.65,571968,19953103.68,derived_ohlc4
UPCOM_VEA,VEA,2024-10-03 09:00:00,1537,4,34.57,34.8,34.17,34.41,1041959,35934561.012499996,derived_ohlc4
UPCOM_VEA,VEA,2024-10-04 09:00:00,1538,4,34.49,34.57,34.09,34.17,521581,17905875.73,derived_ohlc4
UPCOM_VEA,VEA,2024-10-07 09:00:00,1539,4,34.17,34.57,34.17,34.41,278541,9562312.53,derived_ohlc4
UPCOM_VEA,VEA,2024-10-08 09:00:00,1540,4,34.41,34.49,34.25,34.49,373587,12855128.670000002,derived_ohlc4
UPCOM_VEA,VEA,2024-10-09 09:00:00,1541,4,34.49,34.65,34.33,34.57,383374,13230236.739999998,derived_ohlc4
UPCOM_VEA,VEA,2024-10-10 09:00:00,1542,4,34.57,34.88,34.57,34.65,268424,9305589.020000001,derived_ohlc4
UPCOM_VEA,VEA,2024-10-11 09:00:00,1543,4,34.65,34.72,34.41,34.57,311344,10768610.6,derived_ohlc4
UPCOM_VEA,VEA,2024-10-14 09:00:00,1544,4,35.04,35.04,34.57,34.57,185315,6449888.575,derived_ohlc4
UPCOM_VEA,VEA,2024-10-15 09:00:00,1545,4,34.57,34.72,34.49,34.49,352296,12177991.98,derived_ohlc4
UPCOM_VEA,VEA,2024-10-16 09:00:00,1546,4,34.49,34.57,34.41,34.49,399595,13782031.55,derived_ohlc4
UPCOM_VEA,VEA,2024-10-17 09:00:00,1547,4,34.49,34.72,34.41,34.57,285911,9877510.272499999,derived_ohlc4
UPCOM_VEA,VEA,2024-10-18 09:00:00,1548,4,34.57,35.04,34.57,34.72,408302,14178286.950000001,derived_ohlc4
UPCOM_VEA,VEA,2024-10-21 09:00:00,1549,4,34.88,35.75,34.72,34.8,353769,12395181.337499999,derived_ohlc4
UPCOM_VEA,VEA,2024-10-22 09:00:00,1550,4,34.8,34.8,34.33,34.49,537831,18611641.755,derived_ohlc4
UPCOM_VEA,VEA,2024-10-23 09:00:00,1551,4,34.49,34.57,34.33,34.49,188587,6500593.89,derived_ohlc4
UPCOM_VEA,VEA,2024-10-24 09:00:00,1552,4,34.49,34.65,34.41,34.41,336050,11590364.499999998,derived_ohlc4
UPCOM_VEA,VEA,2024-10-25 09:00:00,1553,4,34.57,34.72,34.49,34.65,237468,8218173.8100000005,derived_ohlc4
UPCOM_VEA,VEA,2024-10-28 09:00:00,1554,4,34.57,34.72,34.49,34.72,311567,10788007.375,derived_ohlc4
UPCOM_VEA,VEA,2024-10-29 09:00:00,1555,4,34.8,34.88,34.65,34.8,310653,10805287.9725,derived_ohlc4
UPCOM_VEA,VEA,2024-10-30 09:00:00,1556,4,34.8,36.14,34.72,35.83,2020962,71486478.345,derived_ohlc4
UPCOM_VEA,VEA,2024-10-31 09:00:00,1557,4,35.83,35.83,35.43,35.75,344270,12293881.700000001,derived_ohlc4
UPCOM_VEA,VEA,2024-11-01 09:00:00,1558,4,35.75,35.83,35.12,35.36,768674,27299457.11,derived_ohlc4
UPCOM_VEA,VEA,2024-11-04 09:00:00,1559,4,35.36,35.43,34.96,35.28,536743,18924216.3225,derived_ohlc4
UPCOM_VEA,VEA,2024-11-05 09:00:00,1560,4,35.2,35.91,35.2,35.75,868904,30859125.56,derived_ohlc4
UPCOM_VEA,VEA,2024-11-06 09:00:00,1561,4,36.14,36.93,35.99,36.38,2224268,80874384.48,derived_ohlc4
UPCOM_VEA,VEA,2024-11-07 09:00:00,1562,4,37.01,37.01,35.99,35.99,953544,34804356.0,derived_ohlc4
UPCOM_VEA,VEA,2024-11-08 09:00:00,1563,4,36.22,36.22,35.83,35.99,719052,25932610.38,derived_ohlc4
UPCOM_VEA,VEA,2024-11-11 09:00:00,1564,4,36.07,36.38,35.91,36.07,1022560,36922085.2,derived_ohlc4
UPCOM_VEA,VEA,2024-11-12 09:00:00,1565,4,36.22,36.3,35.91,36.07,899878,32508092.75,derived_ohlc4
UPCOM_VEA,VEA,2024-11-13 09:00:00,1566,4,36.14,36.14,35.75,35.83,752714,27071359.01,derived_ohlc4
UPCOM_VEA,VEA,2024-11-14 09:00:00,1567,4,35.91,36.62,35.75,35.83,1456244,52464830.71000001,derived_ohlc4
UPCOM_VEA,VEA,2024-11-15 09:00:00,1568,4,35.83,36.14,35.36,35.43,1443054,51502597.26,derived_ohlc4
UPCOM_VEA,VEA,2024-11-18 09:00:00,1569,4,35.59,35.91,35.28,35.43,1383911,49201495.8275,derived_ohlc4
UPCOM_VEA,VEA,2024-11-19 09:00:00,1570,4,39.13,39.13,33.54,33.63,1683575,61210578.0625,derived_ohlc4
UPCOM_VEA,VEA,2024-11-20 09:00:00,1571,4,34.25,34.25,32.92,33.89,985994,33353712.035,derived_ohlc4
UPCOM_VEA,VEA,2024-11-21 09:00:00,1572,4,33.89,34.34,33.54,34.34,473279,16104501.172500001,derived_ohlc4
UPCOM_VEA,VEA,2024-11-22 09:00:00,1573,4,34.43,34.43,33.89,34.16,481509,16480849.2975,derived_ohlc4
UPCOM_VEA,VEA,2024-11-25 09:00:00,1574,4,34.16,34.25,33.54,33.98,748115,25422817.987499997,derived_ohlc4
UPCOM_VEA,VEA,2024-11-26 09:00:00,1575,4,33.98,33.98,33.63,33.89,415891,14086228.170000002,derived_ohlc4
UPCOM_VEA,VEA,2024-11-27 09:00:00,1576,4,33.89,33.89,33.36,33.54,611267,20581359.89,derived_ohlc4
UPCOM_VEA,VEA,2024-11-28 09:00:00,1577,4,33.72,33.89,33.54,33.81,388069,13093448.06,derived_ohlc4
UPCOM_VEA,VEA,2024-11-29 09:00:00,1578,4,33.81,34.16,33.81,33.98,239055,8113526.699999999,derived_ohlc4
UPCOM_VEA,VEA,2024-12-02 09:00:00,1579,4,33.98,34.16,33.89,34.07,236988,8063516.699999999,derived_ohlc4
UPCOM_VEA,VEA,2024-12-03 09:00:00,1580,4,34.07,34.16,33.89,33.98,473212,16101038.299999999,derived_ohlc4
UPCOM_VEA,VEA,2024-12-04 09:00:00,1581,4,33.98,33.98,33.72,33.72,314776,10655167.599999998,derived_ohlc4
UPCOM_VEA,VEA,2024-12-05 09:00:00,1582,4,33.89,34.16,33.72,34.16,477149,16214715.8925,derived_ohlc4
UPCOM_VEA,VEA,2024-12-06 09:00:00,1583,4,34.16,34.16,33.89,33.98,224997,7660585.3575,derived_ohlc4
UPCOM_VEA,VEA,2024-12-09 09:00:00,1584,4,33.98,34.34,33.72,34.34,509974,17387563.53,derived_ohlc4
UPCOM_VEA,VEA,2024-12-10 09:00:00,1585,4,34.25,34.52,34.16,34.16,232591,7971475.0475,derived_ohlc4
UPCOM_VEA,VEA,2024-12-11 09:00:00,1586,4,34.25,34.34,33.89,33.98,332052,11327953.98,derived_ohlc4
UPCOM_VEA,VEA,2024-12-12 09:00:00,1587,4,34.07,34.16,33.98,33.98,243481,8289919.347499998,derived_ohlc4
UPCOM_VEA,VEA,2024-12-13 09:00:00,1588,4,33.98,34.16,33.89,34.16,399725,13609636.9375,derived_ohlc4
UPCOM_VEA,VEA,2024-12-16 09:00:00,1589,4,34.16,34.34,33.89,34.16,431601,14733779.137500001,derived_ohlc4
UPCOM_VEA,VEA,2024-12-17 09:00:00,1590,4,34.16,34.25,33.89,33.98,229093,7805198.51,derived_ohlc4
UPCOM_VEA,VEA,2024-12-18 09:00:00,1591,4,34.16,34.96,33.98,34.87,1258955,43424505.3375,derived_ohlc4
UPCOM_VEA,VEA,2024-12-19 09:00:00,1592,4,34.6,34.78,34.25,34.78,663646,22963810.715,derived_ohlc4
UPCOM_VEA,VEA,2024-12-20 09:00:00,1593,4,34.78,35.4,34.78,35.14,396658,13892946.450000003,derived_ohlc4
UPCOM_VEA,VEA,2024-12-23 09:00:00,1594,4,35.14,35.31,34.87,34.96,286181,10036367.67,derived_ohlc4
UPCOM_VEA,VEA,2024-12-24 09:00:00,1595,4,35.05,35.31,34.69,35.05,786485,27546637.125,derived_ohlc4
UPCOM_VEA,VEA,2024-12-25 09:00:00,1596,4,35.14,35.31,34.96,35.05,331380,11636408.699999997,derived_ohlc4
UPCOM_VEA,VEA,2024-12-26 09:00:00,1597,4,35.14,35.23,34.87,35.05,233622,8193707.595000002,derived_ohlc4
UPCOM_VEA,VEA,2024-12-27 09:00:00,1598,4,35.05,36.11,34.96,35.49,725749,25693328.972500004,derived_ohlc4
UPCOM_VEA,VEA,2024-12-30 09:00:00,1599,4,35.76,35.76,35.14,35.23,267145,9476301.0125,derived_ohlc4
UPCOM_VEA,VEA,2024-12-31 09:00:00,1600,4,35.23,35.49,34.6,35.31,525096,18461062.62,derived_ohlc4
UPCOM_VEA,VEA,2025-01-02 09:00:00,1601,4,35.31,35.31,34.96,35.14,189847,6678817.460000001,derived_ohlc4
UPCOM_VEA,VEA,2025-01-03 09:00:00,1602,4,35.14,39.84,35.14,35.58,837603,30509689.275,derived_ohlc4
UPCOM_VEA,VEA,2025-01-06 09:00:00,1603,4,35.58,35.67,35.14,35.31,362332,12835611.1,derived_ohlc4
UPCOM_VEA,VEA,2025-01-07 09:00:00,1604,4,35.49,35.49,35.14,35.31,370844,13112116.73,derived_ohlc4
UPCOM_VEA,VEA,2025-01-08 09:00:00,1605,4,35.31,35.31,34.78,35.05,229619,8062497.137499999,derived_ohlc4
UPCOM_VEA,VEA,2025-01-09 09:00:00,1606,4,35.14,35.23,34.78,34.78,286484,10021926.530000001,derived_ohlc4
UPCOM_VEA,VEA,2025-01-10 09:00:00,1607,4,35.05,35.05,34.34,34.52,392600,13638924.0,derived_ohlc4
UPCOM_VEA,VEA,2025-01-13 09:00:00,1608,4,34.52,34.6,34.16,34.6,254488,8772201.36,derived_ohlc4
UPCOM_VEA,VEA,2025-01-14 09:00:00,1609,4,34.43,34.6,34.34,34.43,273285,9414668.25,derived_ohlc4
UPCOM_VEA,VEA,2025-01-15 09:00:00,1610,4,34.43,34.78,34.43,34.78,277605,9606521.025,derived_ohlc4
UPCOM_VEA,VEA,2025-01-16 09:00:00,1611,4,34.6,35.05,34.43,34.69,296510,10286673.175,derived_ohlc4
UPCOM_VEA,VEA,2025-01-17 09:00:00,1612,4,34.6,35.05,34.16,34.87,168742,5850285.140000001,derived_ohlc4
UPCOM_VEA,VEA,2025-01-20 09:00:00,1613,4,34.87,34.87,34.6,34.6,213770,7425300.95,derived_ohlc4
UPCOM_VEA,VEA,2025-01-21 09:00:00,1614,4,34.69,34.87,34.52,34.6,251592,8722694.64,derived_ohlc4
UPCOM_VEA,VEA,2025-01-22 09:00:00,1615,4,34.6,34.78,34.52,34.6,212043,7341988.875,derived_ohlc4
UPCOM_VEA,VEA,2025-01-23 09:00:00,1616,4,34.78,34.78,34.52,34.78,318182,11045688.13,derived_ohlc4
UPCOM_VEA,VEA,2025-01-24 09:00:00,1617,4,34.6,35.23,34.6,35.23,263944,9215604.76,derived_ohlc4
UPCOM_VEA,VEA,2025-02-03 09:00:00,1618,4,35.23,35.94,34.87,35.23,565779,19981899.832499996,derived_ohlc4
UPCOM_VEA,VEA,2025-02-04 09:00:00,1619,4,35.49,35.49,35.31,35.4,402712,14265065.82,derived_ohlc4
UPCOM_VEA,VEA,2025-02-05 09:00:00,1620,4,35.4,35.94,35.4,35.85,458039,16327945.2525,derived_ohlc4
UPCOM_VEA,VEA,2025-02-06 09:00:00,1621,4,35.85,36.11,35.76,36.11,551900,19844944.249999996,derived_ohlc4
UPCOM_VEA,VEA,2025-02-07 09:00:00,1622,4,36.11,36.29,35.76,35.76,291028,10471187.44,derived_ohlc4
UPCOM_VEA,VEA,2025-02-10 09:00:00,1623,4,35.94,35.94,35.31,35.4,538121,19182668.3475,derived_ohlc4
UPCOM_VEA,VEA,2025-02-11 09:00:00,1624,4,35.4,35.49,35.05,35.31,324347,11453503.4375,derived_ohlc4
UPCOM_VEA,VEA,2025-02-12 09:00:00,1625,4,35.58,35.67,35.31,35.4,177453,6297806.970000001,derived_ohlc4
UPCOM_VEA,VEA,2025-02-13 09:00:00,1626,4,35.58,35.67,35.31,35.67,246854,8777511.105,derived_ohlc4
UPCOM_VEA,VEA,2025-02-14 09:00:00,1627,4,35.67,37.53,35.67,36.91,2022651,73715515.69500001,derived_ohlc4
UPCOM_VEA,VEA,2025-02-17 09:00:00,1628,4,37.27,37.44,36.73,36.82,376298,13947485.37,derived_ohlc4
UPCOM_VEA,VEA,2025-02-18 09:00:00,1629,4,36.82,37.0,36.29,36.73,474315,17412103.65,derived_ohlc4
UPCOM_VEA,VEA,2025-02-19 09:00:00,1630,4,36.73,36.73,35.85,36.2,926982,33721287.705,derived_ohlc4
UPCOM_VEA,VEA,2025-02-20 09:00:00,1631,4,36.2,36.38,36.02,36.2,503964,18243496.8,derived_ohlc4
UPCOM_VEA,VEA,2025-02-21 09:00:00,1632,4,36.2,37.0,36.11,36.38,560977,20432184.7825,derived_ohlc4
UPCOM_VEA,VEA,2025-02-24 09:00:00,1633,4,36.38,36.47,36.11,36.47,489573,17799650.3475,derived_ohlc4
UPCOM_VEA,VEA,2025-02-25 09:00:00,1634,4,36.38,36.56,35.94,36.11,794041,28782001.1475,derived_ohlc4
UPCOM_VEA,VEA,2025-02-26 09:00:00,1635,4,36.2,36.2,35.94,36.02,470971,16997343.39,derived_ohlc4
UPCOM_VEA,VEA,2025-02-27 09:00:00,1636,4,36.02,36.11,35.4,35.76,760541,27244479.9725,derived_ohlc4
UPCOM_VEA,VEA,2025-02-28 09:00:00,1637,4,36.29,36.38,35.58,35.76,498874,17960711.185,derived_ohlc4
UPCOM_VEA,VEA,2025-03-03 09:00:00,1638,4,35.76,35.85,35.67,35.85,453110,16213408.575,derived_ohlc4
UPCOM_VEA,VEA,2025-03-04 09:00:00,1639,4,35.85,35.85,35.49,35.76,513319,18344737.7625,derived_ohlc4
UPCOM_VEA,VEA,2025-03-05 09:00:00,1640,4,35.67,35.76,35.58,35.67,329950,11769316.5,derived_ohlc4
UPCOM_VEA,VEA,2025-03-06 09:00:00,1641,4,35.67,36.11,35.67,35.94,348039,12476328.052499998,derived_ohlc4
UPCOM_VEA,VEA,2025-03-07 09:00:00,1642,4,35.94,36.02,35.67,35.85,419804,15058369.480000002,derived_ohlc4
UPCOM_VEA,VEA,2025-03-10 09:00:00,1643,4,35.85,36.02,35.76,35.85,467653,16774713.11,derived_ohlc4
UPCOM_VEA,VEA,2025-03-11 09:00:00,1644,4,35.85,35.85,35.49,35.67,393137,14040887.955000002,derived_ohlc4
UPCOM_VEA,VEA,2025-03-12 09:00:00,1645,4,35.76,35.76,35.49,35.58,398383,14201357.992499998,derived_ohlc4
UPCOM_VEA,VEA,2025-03-13 09:00:00,1646,4,35.58,35.85,35.49,35.58,598098,21307241.25,derived_ohlc4
UPCOM_VEA,VEA,2025-03-14 09:00:00,1647,4,35.58,35.67,35.14,35.23,1316830,46622366.15,derived_ohlc4
UPCOM_VEA,VEA,2025-03-17 09:00:00,1648,4,35.49,35.67,35.31,35.49,229118,8131397.82,derived_ohlc4
UPCOM_VEA,VEA,2025-03-18 09:00:00,1649,4,35.49,35.67,35.05,35.23,493204,17439693.44,derived_ohlc4
UPCOM_VEA,VEA,2025-03-19 09:00:00,1650,4,35.23,35.31,34.96,35.05,390825,13732613.437500002,derived_ohlc4
UPCOM_VEA,VEA,2025-03-20 09:00:00,1651,4,35.14,35.23,34.96,34.96,402035,14100372.537500001,derived_ohlc4
UPCOM_VEA,VEA,2025-03-21 09:00:00,1652,4,35.05,35.05,34.6,34.78,1056349,36834889.629999995,derived_ohlc4
UPCOM_VEA,VEA,2025-03-24 09:00:00,1653,4,34.78,34.87,34.43,34.43,697859,24165112.522500005,derived_ohlc4
UPCOM_VEA,VEA,2025-03-25 09:00:00,1654,4,34.6,35.23,34.6,35.05,335678,11705091.860000001,derived_ohlc4
UPCOM_VEA,VEA,2025-03-26 09:00:00,1655,4,35.05,35.23,34.96,35.05,228033,7997687.392500001,derived_ohlc4
UPCOM_VEA,VEA,2025-03-27 09:00:00,1656,4,35.14,35.14,34.78,34.96,205888,7207109.44,derived_ohlc4
UPCOM_VEA,VEA,2025-03-28 09:00:00,1657,4,34.96,35.05,34.69,34.87,296191,10334844.4675,derived_ohlc4
UPCOM_VEA,VEA,2025-03-31 09:00:00,1658,4,34.87,35.76,34.6,35.76,442268,15588841.329999998,derived_ohlc4
UPCOM_VEA,VEA,2025-04-01 09:00:00,1659,4,35.49,35.49,35.05,35.23,254376,8983288.44,derived_ohlc4
UPCOM_VEA,VEA,2025-04-02 09:00:00,1660,4,35.23,35.31,35.05,35.14,141692,4985078.79,derived_ohlc4
UPCOM_VEA,VEA,2025-04-03 09:00:00,1661,4,35.05,35.05,32.03,32.21,3205435,107654534.47500001,derived_ohlc4
UPCOM_VEA,VEA,2025-04-04 09:00:00,1662,4,32.12,33.72,31.5,33.27,1686827,55079118.61750001,derived_ohlc4
UPCOM_VEA,VEA,2025-04-08 09:00:00,1663,4,32.74,33.27,31.59,31.68,1759454,56865553.28,derived_ohlc4
UPCOM_VEA,VEA,2025-04-09 09:00:00,1664,4,31.68,32.74,31.06,31.5,1419176,45051742.120000005,derived_ohlc4
UPCOM_VEA,VEA,2025-04-10 09:00:00,1665,4,34.6,36.73,33.72,36.11,3333665,117645037.85,derived_ohlc4
UPCOM_VEA,VEA,2025-04-11 09:00:00,1666,4,36.11,36.11,34.52,34.78,965320,34153021.6,derived_ohlc4
UPCOM_VEA,VEA,2025-04-14 09:00:00,1667,4,34.87,35.05,34.25,34.52,810679,28108267.6275,derived_ohlc4
UPCOM_VEA,VEA,2025-04-15 09:00:00,1668,4,34.52,34.6,33.98,34.07,617592,21178773.659999996,derived_ohlc4
UPCOM_VEA,VEA,2025-04-16 09:00:00,1669,4,33.89,34.16,33.72,33.72,555187,18805571.657500003,derived_ohlc4
UPCOM_VEA,VEA,2025-04-17 09:00:00,1670,4,33.72,34.07,33.72,34.07,331418,11233413.11,derived_ohlc4
UPCOM_VEA,VEA,2025-04-18 09:00:00,1671,4,34.07,34.52,34.07,34.16,326335,11162288.674999999,derived_ohlc4
UPCOM_VEA,VEA,2025-04-21 09:00:00,1672,4,34.16,34.34,33.98,34.07,231560,7904879.499999999,derived_ohlc4
UPCOM_VEA,VEA,2025-04-22 09:00:00,1673,4,34.07,34.07,33.18,33.89,1049829,35486844.77249999,derived_ohlc4
UPCOM_VEA,VEA,2025-04-23 09:00:00,1674,4,34.07,34.16,33.81,33.98,310323,10552533.614999998,derived_ohlc4
UPCOM_VEA,VEA,2025-04-24 09:00:00,1675,4,34.07,34.43,34.07,34.34,340226,11645085.415,derived_ohlc4
UPCOM_VEA,VEA,2025-04-25 09:00:00,1676,4,34.25,34.43,33.98,34.25,341613,11692558.9575,derived_ohlc4
UPCOM_VEA,VEA,2025-04-28 09:00:00,1677,4,34.34,34.69,33.98,34.07,520216,17827802.319999997,derived_ohlc4
UPCOM_VEA,VEA,2025-04-29 09:00:00,1678,4,34.34,34.52,33.89,34.52,636491,21842779.892500002,derived_ohlc4
UPCOM_VEA,VEA,2025-05-05 09:00:00,1679,4,34.52,34.52,33.98,34.16,278700,9558016.5,derived_ohlc4
UPCOM_VEA,VEA,2025-05-06 09:00:00,1680,4,34.16,34.34,33.72,33.89,738300,25122503.250000004,derived_ohlc4
UPCOM_VEA,VEA,2025-05-07 09:00:00,1681,4,33.89,34.16,33.72,33.89,551900,18717688.5,derived_ohlc4
UPCOM_VEA,VEA,2025-05-08 09:00:00,1682,4,33.89,34.16,33.72,34.07,643300,21846468.0,derived_ohlc4
UPCOM_VEA,VEA,2025-05-09 09:00:00,1683,4,34.07,34.16,33.72,34.07,404500,13755022.499999998,derived_ohlc4
UPCOM_VEA,VEA,2025-05-12 09:00:00,1684,4,34.07,34.25,33.89,34.16,352000,12000560.0,derived_ohlc4
UPCOM_VEA,VEA,2025-05-13 09:00:00,1685,4,34.16,34.69,34.16,34.52,430300,14794789.75,derived_ohlc4
UPCOM_VEA,VEA,2025-05-14 09:00:00,1686,4,34.6,34.96,34.34,34.43,462100,15980573.250000002,derived_ohlc4
UPCOM_VEA,VEA,2025-05-15 09:00:00,1687,4,34.87,34.87,34.25,34.43,511000,17683155.0,derived_ohlc4
UPCOM_VEA,VEA,2025-05-16 09:00:00,1688,4,34.34,34.52,34.34,34.43,343100,11805213.250000002,derived_ohlc4
UPCOM_VEA,VEA,2025-05-19 09:00:00,1689,4,34.43,34.52,34.25,34.34,237100,8152683.500000001,derived_ohlc4
UPCOM_VEA,VEA,2025-05-20 09:00:00,1690,4,34.43,34.52,34.25,34.34,482000,16573570.000000002,derived_ohlc4
UPCOM_VEA,VEA,2025-05-21 09:00:00,1691,4,34.34,34.34,34.16,34.34,300000,10288500.0,derived_ohlc4
UPCOM_VEA,VEA,2025-05-22 09:00:00,1692,4,34.25,34.34,34.16,34.25,322500,11045625.0,derived_ohlc4
UPCOM_VEA,VEA,2025-05-23 09:00:00,1693,4,34.25,35.14,34.25,34.78,477400,16520427.000000002,derived_ohlc4
UPCOM_VEA,VEA,2025-05-26 09:00:00,1694,4,34.6,34.78,34.34,34.78,256600,8884775.0,derived_ohlc4
UPCOM_VEA,VEA,2025-05-27 09:00:00,1695,4,34.78,35.05,34.69,34.78,210700,7337627.500000001,derived_ohlc4
UPCOM_VEA,VEA,2025-05-28 09:00:00,1696,4,34.78,34.96,34.6,34.78,552600,19219428.0,derived_ohlc4
UPCOM_VEA,VEA,2025-05-29 09:00:00,1697,4,34.6,34.87,34.6,34.78,154600,5366552.5,derived_ohlc4
UPCOM_VEA,VEA,2025-05-30 09:00:00,1698,4,34.87,34.87,34.69,34.78,429800,14958114.499999998,derived_ohlc4
UPCOM_VEA,VEA,2025-06-02 09:00:00,1699,4,34.96,35.85,34.87,35.76,979800,34645728.0,derived_ohlc4
UPCOM_VEA,VEA,2025-06-03 09:00:00,1700,4,35.76,35.94,35.49,35.67,531300,18975379.5,derived_ohlc4
UPCOM_VEA,VEA,2025-06-04 09:00:00,1701,4,34.87,36.56,30.26,35.58,415400,14255489.500000002,derived_ohlc4
UPCOM_VEA,VEA,2025-06-05 09:00:00,1702,4,35.85,35.94,35.31,35.85,658800,23543864.999999996,derived_ohlc4
UPCOM_VEA,VEA,2025-06-06 09:00:00,1703,4,35.58,35.76,34.87,35.14,348600,12318652.500000002,derived_ohlc4
UPCOM_VEA,VEA,2025-06-09 09:00:00,1704,4,35.05,35.23,34.69,34.87,341100,11924856.0,derived_ohlc4
UPCOM_VEA,VEA,2025-06-10 09:00:00,1705,4,34.96,35.05,34.6,34.96,397300,13862790.25,derived_ohlc4
UPCOM_VEA,VEA,2025-06-11 09:00:00,1706,4,34.78,35.23,34.69,35.23,253000,8850572.499999998,derived_ohlc4
UPCOM_VEA,VEA,2025-06-12 09:00:00,1707,4,34.96,35.23,34.96,35.14,110600,3879018.5000000005,derived_ohlc4
UPCOM_VEA,VEA,2025-06-13 09:00:00,1708,4,34.6,35.05,34.6,34.87,346900,12065182.0,derived_ohlc4
UPCOM_VEA,VEA,2025-06-16 09:00:00,1709,4,34.87,34.87,34.69,34.78,420900,14648372.249999998,derived_ohlc4
UPCOM_VEA,VEA,2025-06-17 09:00:00,1710,4,34.78,35.05,34.69,34.87,382800,13339622.999999998,derived_ohlc4
UPCOM_VEA,VEA,2025-06-18 09:00:00,1711,4,34.78,35.05,33.72,34.78,416400,14400152.999999998,derived_ohlc4
UPCOM_VEA,VEA,2025-06-19 09:00:00,1712,4,34.78,34.96,34.69,34.78,244200,8498770.5,derived_ohlc4
UPCOM_VEA,VEA,2025-06-20 09:00:00,1713,4,34.78,34.87,34.6,34.69,361800,12567123.0,derived_ohlc4
UPCOM_VEA,VEA,2025-06-23 09:00:00,1714,4,34.78,34.78,34.52,34.78,739600,25675214.000000004,derived_ohlc4
UPCOM_VEA,VEA,2025-06-24 09:00:00,1715,4,34.78,34.87,34.6,34.69,274400,9531284.0,derived_ohlc4
UPCOM_VEA,VEA,2025-06-25 09:00:00,1716,4,34.69,34.78,34.69,34.78,134200,4661437.0,derived_ohlc4
UPCOM_VEA,VEA,2025-06-26 09:00:00,1717,4,34.87,34.96,34.78,34.87,235900,8225832.999999999,derived_ohlc4
UPCOM_VEA,VEA,2025-06-27 09:00:00,1718,4,34.96,34.96,34.78,34.87,223900,7812430.75,derived_ohlc4
UPCOM_VEA,VEA,2025-06-30 09:00:00,1719,4,34.78,34.87,34.6,34.87,389200,13536376.0,derived_ohlc4
UPCOM_VEA,VEA,2025-07-01 09:00:00,1720,4,34.87,34.87,34.69,34.78,225200,7837522.999999999,derived_ohlc4
UPCOM_VEA,VEA,2025-07-02 09:00:00,1721,4,34.87,34.96,34.69,34.87,351400,12245411.499999998,derived_ohlc4
UPCOM_VEA,VEA,2025-07-03 09:00:00,1722,4,34.87,36.29,34.87,35.31,1302800,46034438.0,derived_ohlc4
UPCOM_VEA,VEA,2025-07-04 09:00:00,1723,4,35.49,35.58,35.23,35.49,215700,7646025.75,derived_ohlc4
UPCOM_VEA,VEA,2025-07-07 09:00:00,1724,4,35.58,35.67,35.05,35.23,528700,18706727.75,derived_ohlc4
UPCOM_VEA,VEA,2025-07-08 09:00:00,1725,4,35.31,35.31,35.05,35.14,768000,27035520.0,derived_ohlc4
UPCOM_VEA,VEA,2025-07-09 09:00:00,1726,4,35.14,35.49,35.05,35.23,825000,29062687.5,derived_ohlc4
UPCOM_VEA,VEA,2025-07-10 09:00:00,1727,4,35.23,35.23,35.05,35.14,506600,17813322.499999996,derived_ohlc4
UPCOM_VEA,VEA,2025-07-11 09:00:00,1728,4,35.14,35.23,34.96,35.14,325900,11444793.250000002,derived_ohlc4
UPCOM_VEA,VEA,2025-07-14 09:00:00,1729,4,35.05,35.05,34.16,34.34,2766300,95852295.0,derived_ohlc4
UPCOM_VEA,VEA,2025-07-15 09:00:00,1730,4,34.34,34.69,33.81,33.98,2127700,72777978.5,derived_ohlc4
UPCOM_VEA,VEA,2025-07-16 09:00:00,1731,4,34.07,34.34,33.98,34.07,1291600,44062933.99999999,derived_ohlc4
UPCOM_VEA,VEA,2025-07-17 09:00:00,1732,4,34.07,34.25,33.89,33.98,769500,26199551.25,derived_ohlc4
UPCOM_VEA,VEA,2025-07-18 09:00:00,1733,4,33.98,34.07,33.63,33.72,1383800,46841630.0,derived_ohlc4
UPCOM_VEA,VEA,2025-07-21 09:00:00,1734,4,33.72,33.98,33.72,33.72,864900,29220646.499999996,derived_ohlc4
UPCOM_VEA,VEA,2025-07-22 09:00:00,1735,4,33.98,33.98,33.63,33.72,906300,30657863.25,derived_ohlc4
UPCOM_VEA,VEA,2025-07-23 09:00:00,1736,4,33.72,33.89,33.63,33.72,751200,25345488.0,derived_ohlc4
UPCOM_VEA,VEA,2025-07-24 09:00:00,1737,4,33.72,33.89,33.63,33.81,764100,25797926.250000004,derived_ohlc4
UPCOM_VEA,VEA,2025-07-25 09:00:00,1738,4,33.81,33.89,33.72,33.81,674300,22796397.250000004,derived_ohlc4
UPCOM_VEA,VEA,2025-07-28 09:00:00,1739,4,33.81,34.16,33.81,34.16,844000,28683340.0,derived_ohlc4
UPCOM_VEA,VEA,2025-07-29 09:00:00,1740,4,34.25,34.34,33.81,33.89,923000,31448917.500000004,derived_ohlc4
UPCOM_VEA,VEA,2025-07-30 09:00:00,1741,4,34.07,34.07,33.72,33.98,582500,19781700.0,derived_ohlc4
UPCOM_VEA,VEA,2025-07-31 09:00:00,1742,4,33.98,34.16,33.81,33.98,574100,19509353.249999996,derived_ohlc4
UPCOM_VEA,VEA,2025-08-01 09:00:00,1743,4,33.98,34.16,33.98,34.16,530800,18084355.999999996,derived_ohlc4
UPCOM_VEA,VEA,2025-08-04 09:00:00,1744,4,34.16,34.43,33.98,34.25,706600,24169253.0,derived_ohlc4
UPCOM_VEA,VEA,2025-08-05 09:00:00,1745,4,34.34,34.69,34.25,34.52,1138700,39228215.0,derived_ohlc4
UPCOM_VEA,VEA,2025-08-06 09:00:00,1746,4,34.52,34.69,34.43,34.6,477300,16495488.000000002,derived_ohlc4
UPCOM_VEA,VEA,2025-08-07 09:00:00,1747,4,34.6,34.69,34.34,34.6,526100,18180700.75,derived_ohlc4
UPCOM_VEA,VEA,2025-08-08 09:00:00,1748,4,34.6,34.96,34.43,34.78,551900,19146790.75,derived_ohlc4
UPCOM_VEA,VEA,2025-08-11 09:00:00,1749,4,34.78,35.49,34.6,34.78,1051000,36693037.5,derived_ohlc4
UPCOM_VEA,VEA,2025-08-12 09:00:00,1750,4,34.96,35.05,34.52,34.87,765200,26667220.0,derived_ohlc4
UPCOM_VEA,VEA,2025-08-13 09:00:00,1751,4,34.69,35.05,34.6,34.87,537200,18695903.0,derived_ohlc4
UPCOM_VEA,VEA,2025-08-14 09:00:00,1752,4,34.87,34.96,34.6,34.69,617400,21473172.0,derived_ohlc4
UPCOM_VEA,VEA,2025-08-15 09:00:00,1753,4,34.69,34.78,34.25,34.34,859200,29655288.0,derived_ohlc4
UPCOM_VEA,VEA,2025-08-18 09:00:00,1754,4,34.34,34.43,34.16,34.43,445100,15284734.000000002,derived_ohlc4
UPCOM_VEA,VEA,2025-08-19 09:00:00,1755,4,34.43,34.52,34.25,34.52,1030800,35490444.0,derived_ohlc4
UPCOM_VEA,VEA,2025-08-20 09:00:00,1756,4,34.52,34.52,34.16,34.25,939300,32276696.249999996,derived_ohlc4
UPCOM_VEA,VEA,2025-08-21 09:00:00,1757,4,34.16,34.34,34.07,34.25,490500,16777552.5,derived_ohlc4
UPCOM_VEA,VEA,2025-08-22 09:00:00,1758,4,34.25,34.34,34.07,34.07,650700,22242552.75,derived_ohlc4
UPCOM_VEA,VEA,2025-08-25 09:00:00,1759,4,34.16,34.43,34.16,34.34,505400,17321321.5,derived_ohlc4
UPCOM_VEA,VEA,2025-08-26 09:00:00,1760,4,34.25,34.6,34.25,34.6,571800,19684215.0,derived_ohlc4
UPCOM_VEA,VEA,2025-08-27 09:00:00,1761,4,34.52,34.87,34.43,34.78,806900,27959085.0,derived_ohlc4
UPCOM_VEA,VEA,2025-08-28 09:00:00,1762,4,34.78,35.23,34.69,34.96,605500,21141032.5,derived_ohlc4
UPCOM_VEA,VEA,2025-08-29 09:00:00,1763,4,34.96,34.96,34.6,34.87,492700,17169363.25,derived_ohlc4
UPCOM_VEA,VEA,2025-09-03 09:00:00,1764,4,34.87,34.87,34.6,34.78,515900,17943002.0,derived_ohlc4
UPCOM_VEA,VEA,2025-09-04 09:00:00,1765,4,34.78,34.87,34.69,34.69,715600,24872467.0,derived_ohlc4
UPCOM_VEA,VEA,2025-09-05 09:00:00,1766,4,34.78,35.05,34.69,34.78,1477300,51446972.50000001,derived_ohlc4
UPCOM_VEA,VEA,2025-09-08 09:00:00,1767,4,34.87,35.14,34.78,34.87,1107000,38650905.0,derived_ohlc4
UPCOM_VEA,VEA,2025-09-09 09:00:00,1768,4,34.96,35.05,34.69,34.87,478600,16699550.5,derived_ohlc4
UPCOM_VEA,VEA,2025-09-10 09:00:00,1769,4,35.05,35.31,34.43,34.87,498200,17394653.0,derived_ohlc4
UPCOM_VEA,VEA,2025-09-11 09:00:00,1770,4,34.87,34.96,34.69,34.87,696500,24271283.749999996,derived_ohlc4
UPCOM_VEA,VEA,2025-09-12 09:00:00,1771,4,34.96,36.02,34.87,35.58,1649500,58322196.25,derived_ohlc4
UPCOM_VEA,VEA,2025-09-15 09:00:00,1772,4,35.67,35.76,35.31,35.49,384100,13657635.750000002,derived_ohlc4
UPCOM_VEA,VEA,2025-09-16 09:00:00,1773,4,35.49,35.67,35.14,35.31,473500,16763083.750000002,derived_ohlc4
UPCOM_VEA,VEA,2025-09-17 09:00:00,1774,4,35.4,35.4,35.05,35.05,558400,19669639.999999996,derived_ohlc4
UPCOM_VEA,VEA,2025-09-18 09:00:00,1775,4,35.14,35.23,34.96,35.23,391900,13771366.0,derived_ohlc4
UPCOM_VEA,VEA,2025-09-19 09:00:00,1776,4,35.23,35.31,34.96,34.96,494600,17367879.0,derived_ohlc4
UPCOM_VEA,VEA,2025-09-22 09:00:00,1777,4,35.14,35.14,34.52,34.78,558100,19474899.5,derived_ohlc4
UPCOM_VEA,VEA,2025-09-23 09:00:00,1778,4,34.78,34.96,34.6,34.69,686700,23867975.25,derived_ohlc4
UPCOM_VEA,VEA,2025-09-24 09:00:00,1779,4,34.78,34.96,34.69,34.87,300400,10461430.0,derived_ohlc4
UPCOM_VEA,VEA,2025-09-25 09:00:00,1780,4,34.96,35.14,34.87,35.14,358900,12571369.750000002,derived_ohlc4
UPCOM_VEA,VEA,2025-09-26 09:00:00,1781,4,35.14,35.14,34.87,34.96,266700,9341834.25,derived_ohlc4
UPCOM_VEA,VEA,2025-09-29 09:00:00,1782,4,35.05,35.14,34.87,34.96,351800,12314759.0,derived_ohlc4
UPCOM_VEA,VEA,2025-09-30 09:00:00,1783,4,34.96,35.05,34.69,34.87,536000,18702380.0,derived_ohlc4
UPCOM_VEA,VEA,2025-10-01 09:00:00,1784,4,34.78,35.05,34.78,35.05,218400,7625436.0,derived_ohlc4
UPCOM_VEA,VEA,2025-10-02 09:00:00,1785,4,34.96,35.14,34.78,34.87,298400,10425350.0,derived_ohlc4
UPCOM_VEA,VEA,2025-10-03 09:00:00,1786,4,34.96,35.05,34.78,34.96,288800,10089950.0,derived_ohlc4
UPCOM_VEA,VEA,2025-10-06 09:00:00,1787,4,34.96,35.4,34.87,35.31,505400,17757229.0,derived_ohlc4
UPCOM_VEA,VEA,2025-10-07 09:00:00,1788,4,35.31,35.49,35.14,35.31,213000,7521562.5,derived_ohlc4
UPCOM_VEA,VEA,2025-10-08 09:00:00,1789,4,35.31,35.49,35.23,35.49,255000,9021900.0,derived_ohlc4
UPCOM_VEA,VEA,2025-10-09 09:00:00,1790,4,35.4,35.58,35.4,35.58,284900,10111100.999999998,derived_ohlc4
UPCOM_VEA,VEA,2025-10-10 09:00:00,1791,4,35.49,35.58,35.4,35.58,369300,13114766.250000002,derived_ohlc4
UPCOM_VEA,VEA,2025-10-13 09:00:00,1792,4,35.58,35.58,35.05,35.14,334200,11809792.5,derived_ohlc4
UPCOM_VEA,VEA,2025-10-14 09:00:00,1793,4,35.14,35.31,35.05,35.23,373500,13140663.749999998,derived_ohlc4
UPCOM_VEA,VEA,2025-10-15 09:00:00,1794,4,35.14,35.23,35.14,35.23,286900,10094576.5,derived_ohlc4
UPCOM_VEA,VEA,2025-10-16 09:00:00,1795,4,35.14,35.49,35.05,35.31,416400,14677059.000000002,derived_ohlc4
UPCOM_VEA,VEA,2025-10-17 09:00:00,1796,4,35.49,35.49,35.14,35.31,369100,13050453.25,derived_ohlc4
UPCOM_VEA,VEA,2025-10-20 09:00:00,1797,4,35.31,35.31,34.52,34.6,762400,26634444.0,derived_ohlc4
UPCOM_VEA,VEA,2025-10-21 09:00:00,1798,4,34.96,34.96,34.52,34.78,595200,20715936.0,derived_ohlc4
UPCOM_VEA,VEA,2025-10-22 09:00:00,1799,4,34.78,34.96,34.6,34.87,206200,7176275.5,derived_ohlc4
UPCOM_VEA,VEA,2025-10-23 09:00:00,1800,4,34.87,35.14,34.87,35.05,353600,12369812.0,derived_ohlc4
UPCOM_VEA,VEA,2025-10-24 09:00:00,1801,4,35.05,35.14,34.87,35.14,185900,6515794.999999999,derived_ohlc4
UPCOM_VEA,VEA,2025-10-27 09:00:00,1802,4,35.14,35.14,34.96,35.05,317900,11149547.750000002,derived_ohlc4
UPCOM_VEA,VEA,2025-10-28 09:00:00,1803,4,35.05,35.14,34.96,35.05,398000,13949899.999999998,derived_ohlc4
UPCOM_VEA,VEA,2025-10-29 09:00:00,1804,4,35.05,35.67,33.1,35.58,668300,23290254.999999996,derived_ohlc4
UPCOM_VEA,VEA,2025-10-30 09:00:00,1805,4,35.67,37.27,35.58,36.47,1354000,49079115.0,derived_ohlc4
UPCOM_VEA,VEA,2025-10-31 09:00:00,1806,4,36.47,37.18,36.29,36.56,660500,24190812.5,derived_ohlc4
UPCOM_VEA,VEA,2025-11-03 09:00:00,1807,4,36.65,36.82,36.38,36.56,504400,18462301.0,derived_ohlc4
UPCOM_VEA,VEA,2025-11-04 09:00:00,1808,4,36.56,37.18,36.47,36.91,1294000,47593320.0,derived_ohlc4
UPCOM_VEA,VEA,2025-11-05 09:00:00,1809,4,36.82,37.71,36.82,37.09,1190700,44186877.0,derived_ohlc4
UPCOM_VEA,VEA,2025-11-06 09:00:00,1810,4,37.18,37.18,36.65,36.82,670600,24783699.499999996,derived_ohlc4
UPCOM_VEA,VEA,2025-11-07 09:00:00,1811,4,36.91,36.91,36.65,36.73,934600,34393280.0,derived_ohlc4
UPCOM_VEA,VEA,2025-11-10 09:00:00,1812,4,36.82,37.0,36.65,36.73,815100,29995679.999999996,derived_ohlc4
UPCOM_VEA,VEA,2025-11-11 09:00:00,1813,4,36.73,36.91,36.65,36.82,441100,16222555.249999998,derived_ohlc4
UPCOM_VEA,VEA,2025-11-12 09:00:00,1814,4,36.82,36.91,36.73,36.91,613300,22595505.249999996,derived_ohlc4
UPCOM_VEA,VEA,2025-11-13 09:00:00,1815,4,36.91,36.91,36.65,36.82,774800,28530073.0,derived_ohlc4
UPCOM_VEA,VEA,2025-11-14 09:00:00,1816,4,36.82,36.91,36.65,36.91,867400,31939836.5,derived_ohlc4
UPCOM_VEA,VEA,2025-11-17 09:00:00,1817,4,36.91,37.35,36.73,36.91,2051900,75869002.49999999,derived_ohlc4
UPCOM_VEA,VEA,2025-11-18 09:00:00,1818,4,37.1,39.2,36.5,36.8,1027600,38432240.00000001,derived_ohlc4
UPCOM_VEA,VEA,2025-11-19 09:00:00,1819,4,36.9,36.9,35.7,36.0,1148100,41762137.5,derived_ohlc4
UPCOM_VEA,VEA,2025-11-20 09:00:00,1820,4,36.0,36.0,35.5,35.7,622900,22299820.0,derived_ohlc4
UPCOM_VEA,VEA,2025-11-21 09:00:00,1821,4,35.7,35.7,35.3,35.6,310800,11056710.0,derived_ohlc4
UPCOM_VEA,VEA,2025-11-24 09:00:00,1822,4,35.6,35.7,35.4,35.6,237000,8431275.0,derived_ohlc4
UPCOM_VEA,VEA,2025-11-25 09:00:00,1823,4,35.7,35.8,35.2,35.4,348000,12362700.0,derived_ohlc4
UPCOM_VEA,VEA,2025-11-26 09:00:00,1824,4,35.3,35.6,35.2,35.3,313800,11092830.0,derived_ohlc4
UPCOM_VEA,VEA,2025-11-27 09:00:00,1825,4,35.3,35.4,35.1,35.2,265500,9358875.0,derived_ohlc4
UPCOM_VEA,VEA,2025-11-28 09:00:00,1826,4,35.2,35.5,35.1,35.4,242500,8560250.000000002,derived_ohlc4
UPCOM_VEA,VEA,2025-12-01 09:00:00,1827,4,35.4,35.4,35.1,35.2,161800,5707495.000000001,derived_ohlc4
UPCOM_VEA,VEA,2025-12-02 09:00:00,1828,4,35.2,35.2,34.9,35.0,324000,11364300.0,derived_ohlc4
UPCOM_VEA,VEA,2025-12-03 09:00:00,1829,4,35.0,35.2,34.9,35.0,348200,12195705.0,derived_ohlc4
UPCOM_VEA,VEA,2025-12-04 09:00:00,1830,4,35.0,35.1,34.9,35.0,216100,7563500.0,derived_ohlc4
UPCOM_VEA,VEA,2025-12-05 09:00:00,1831,4,35.0,35.0,34.8,34.9,335500,11717337.499999998,derived_ohlc4
UPCOM_VEA,VEA,2025-12-08 09:00:00,1832,4,34.8,34.9,34.6,34.7,300000,10425000.0,derived_ohlc4
UPCOM_VEA,VEA,2025-12-09 09:00:00,1833,4,34.8,34.8,34.2,34.2,532900,18385050.0,derived_ohlc4
UPCOM_VEA,VEA,2025-12-10 09:00:00,1834,4,34.3,34.3,34.1,34.2,213500,7307037.499999999,derived_ohlc4
UPCOM_VEA,VEA,2025-12-11 09:00:00,1835,4,34.3,34.3,34.1,34.2,237000,8111324.999999999,derived_ohlc4
UPCOM_VEA,VEA,2025-12-12 09:00:00,1836,4,34.2,34.3,33.9,34.0,288800,9848080.0,derived_ohlc4
UPCOM_VEA,VEA,2025-12-15 09:00:00,1837,4,34.0,34.1,33.8,33.9,270900,9197054.999999998,derived_ohlc4
UPCOM_VEA,VEA,2025-12-16 09:00:00,1838,4,34.0,34.0,33.8,33.9,318100,10791542.5,derived_ohlc4
UPCOM_VEA,VEA,2025-12-17 09:00:00,1839,4,34.0,34.2,33.9,34.1,242500,8257124.999999999,derived_ohlc4
UPCOM_VEA,VEA,2025-12-18 09:00:00,1840,4,34.1,34.3,34.1,34.3,187700,6419340.000000001,derived_ohlc4
UPCOM_VEA,VEA,2025-12-19 09:00:00,1841,4,34.4,34.4,33.9,34.0,416400,14230469.999999998,derived_ohlc4
UPCOM_VEA,VEA,2025-12-22 09:00:00,1842,4,34.1,34.1,33.8,33.9,569000,19331775.0,derived_ohlc4
UPCOM_VEA,VEA,2025-12-23 09:00:00,1843,4,34.0,34.1,33.9,33.9,203800,6924105.0,derived_ohlc4
UPCOM_VEA,VEA,2025-12-24 09:00:00,1844,4,34.1,34.1,33.7,33.8,247700,8403222.5,derived_ohlc4
UPCOM_VEA,VEA,2025-12-25 09:00:00,1845,4,33.8,33.8,33.6,33.7,268900,9068652.499999998,derived_ohlc4
UPCOM_VEA,VEA,2025-12-26 09:00:00,1846,4,33.7,33.7,33.5,33.6,243300,8180962.5,derived_ohlc4
UPCOM_VEA,VEA,2025-12-29 09:00:00,1847,4,33.5,33.7,33.5,33.6,240500,8074787.500000001,derived_ohlc4
UPCOM_VEA,VEA,2025-12-30 09:00:00,1848,4,33.7,38.6,33.5,33.8,323700,11297130.000000002,derived_ohlc4
UPCOM_VEA,VEA,2025-12-31 09:00:00,1849,4,33.0,34.2,29.3,34.2,172200,5626634.999999999,derived_ohlc4
UPCOM_VEA,VEA,2026-01-05 09:00:00,1850,4,34.0,34.2,33.7,33.8,151800,5149815.0,derived_ohlc4
UPCOM_VEA,VEA,2026-01-06 09:00:00,1851,4,33.8,34.0,33.5,33.7,459000,15491250.0,derived_ohlc4
UPCOM_VEA,VEA,2026-01-07 09:00:00,1852,4,33.8,34.2,33.7,34.2,408300,13871992.5,derived_ohlc4
UPCOM_VEA,VEA,2026-01-08 09:00:00,1853,4,34.2,35.0,34.2,34.8,672600,23238329.999999996,derived_ohlc4
UPCOM_VEA,VEA,2026-01-09 09:00:00,1854,4,34.9,35.1,34.5,34.5,410600,14268350.0,derived_ohlc4
UPCOM_VEA,VEA,2026-01-12 09:00:00,1855,4,34.5,35.9,34.5,35.6,1237600,43470700.0,derived_ohlc4
UPCOM_VEA,VEA,2026-01-13 09:00:00,1856,4,36.0,36.0,34.9,35.0,426200,15119445.0,derived_ohlc4
UPCOM_VEA,VEA,2026-01-14 09:00:00,1857,4,34.5,35.9,34.5,35.8,2108000,74148900.0,derived_ohlc4
UPCOM_VEA,VEA,2026-01-15 09:00:00,1858,4,36.0,40.5,35.8,40.5,10307600,393750320.0,derived_ohlc4
UPCOM_VEA,VEA,2026-01-16 09:00:00,1859,4,39.5,43.2,39.5,40.4,3287300,133628745.0,derived_ohlc4
UPCOM_VEA,VEA,2026-01-19 09:00:00,1860,4,40.2,41.1,38.6,38.8,3672700,145714372.5,derived_ohlc4
UPCOM_VEA,VEA,2026-01-20 09:00:00,1861,4,38.8,40.2,37.8,38.3,3496500,135576787.5,derived_ohlc4
UPCOM_VEA,VEA,2026-01-21 09:00:00,1862,4,38.1,38.7,36.5,37.4,2588000,97502900.00000001,derived_ohlc4
UPCOM_VEA,VEA,2026-01-22 09:00:00,1863,4,37.2,38.4,37.0,37.3,1174400,44010639.99999999,derived_ohlc4
UPCOM_VEA,VEA,2026-01-23 09:00:00,1864,4,37.3,37.7,35.6,35.7,1998500,73095137.5,derived_ohlc4
UPCOM_VEA,VEA,2026-01-26 09:00:00,1865,4,35.7,36.1,35.0,35.2,1882500,66828750.0,derived_ohlc4
UPCOM_VEA,VEA,2026-01-27 09:00:00,1866,4,35.4,36.2,35.1,35.8,765700,27278062.5,derived_ohlc4
UPCOM_VEA,VEA,2026-01-28 09:00:00,1867,4,35.8,36.3,35.5,35.9,972900,34902787.5,derived_ohlc4
UPCOM_VEA,VEA,2026-01-29 09:00:00,1868,4,36.0,36.1,35.5,35.8,628200,22520969.999999996,derived_ohlc4
UPCOM_VEA,VEA,2026-01-30 09:00:00,1869,4,35.8,36.1,35.5,35.8,950500,34027900.0,derived_ohlc4
UPCOM_VEA,VEA,2026-02-02 09:00:00,1870,4,35.8,36.3,35.3,35.9,879600,31511669.999999996,derived_ohlc4
UPCOM_VEA,VEA,2026-02-03 09:00:00,1871,4,35.9,37.4,35.8,36.9,1646100,60082650.0,derived_ohlc4
UPCOM_VEA,VEA,2026-02-04 09:00:00,1872,4,36.9,37.1,36.4,36.8,781000,28740799.999999996,derived_ohlc4
UPCOM_VEA,VEA,2026-02-05 09:00:00,1873,4,37.0,37.0,35.8,36.0,1101000,40131450.0,derived_ohlc4
UPCOM_VEA,VEA,2026-02-06 09:00:00,1874,4,36.0,36.2,35.1,35.5,1000800,35728560.0,derived_ohlc4
UPCOM_VEA,VEA,2026-02-09 09:00:00,1875,4,35.7,35.7,35.2,35.4,376500,13365750.0,derived_ohlc4
UPCOM_VEA,VEA,2026-02-10 09:00:00,1876,4,35.5,35.6,35.0,35.1,645100,22772030.0,derived_ohlc4
UPCOM_VEA,VEA,2026-02-11 09:00:00,1877,4,35.2,35.5,35.2,35.3,420300,14836589.999999998,derived_ohlc4
UPCOM_VEA,VEA,2026-02-12 09:00:00,1878,4,35.3,35.7,35.3,35.6,148800,5278680.0,derived_ohlc4
UPCOM_VEA,VEA,2026-02-13 09:00:00,1879,4,35.5,35.7,35.3,35.5,336000,11928000.0,derived_ohlc4
UPCOM_VEA,VEA,2026-02-23 09:00:00,1880,4,35.5,36.1,35.5,35.9,365100,13052325.0,derived_ohlc4
UPCOM_VEA,VEA,2026-02-24 09:00:00,1881,4,36.0,36.1,35.4,35.6,526900,18849847.5,derived_ohlc4
UPCOM_VEA,VEA,2026-02-25 09:00:00,1882,4,35.6,35.7,35.1,35.3,1322100,46835392.49999999,derived_ohlc4
UPCOM_VEA,VEA,2026-02-26 09:00:00,1883,4,35.3,35.5,35.1,35.4,360900,12748792.500000002,derived_ohlc4
UPCOM_VEA,VEA,2026-02-27 09:00:00,1884,4,35.5,35.5,35.1,35.3,505200,17858819.999999996,derived_ohlc4
UPCOM_VEA,VEA,2026-03-02 09:00:00,1885,4,35.2,35.2,34.3,34.8,1615100,56326612.5,derived_ohlc4
UPCOM_VEA,VEA,2026-03-03 09:00:00,1886,4,34.7,35.0,34.0,34.3,1209400,41724300.0,derived_ohlc4
UPCOM_VEA,VEA,2026-03-04 09:00:00,1887,4,34.3,34.3,33.6,34.1,1046100,35645857.49999999,derived_ohlc4
UPCOM_VEA,VEA,2026-03-05 09:00:00,1888,4,34.1,34.9,34.1,34.3,419200,14399519.999999998,derived_ohlc4
UPCOM_VEA,VEA,2026-03-06 09:00:00,1889,4,34.4,34.6,34.0,34.1,488300,16736482.5,derived_ohlc4
UPCOM_VEA,VEA,2026-03-09 09:00:00,1890,4,34.1,34.1,31.0,31.8,2421300,79297575.0,derived_ohlc4
UPCOM_VEA,VEA,2026-03-10 09:00:00,1891,4,32.3,33.9,31.8,33.5,857200,28180450.0,derived_ohlc4
UPCOM_VEA,VEA,2026-03-11 09:00:00,1892,4,33.7,34.0,33.5,34.0,450300,15220139.999999998,derived_ohlc4
UPCOM_VEA,VEA,2026-03-12 09:00:00,1893,4,33.9,33.9,33.4,33.7,354600,11958884.999999998,derived_ohlc4
UPCOM_VEA,VEA,2026-03-13 09:00:00,1894,4,33.8,34.4,33.5,34.0,414000,14044949.999999998,derived_ohlc4
UPCOM_VEA,VEA,2026-03-16 09:00:00,1895,4,34.0,34.4,33.8,33.9,228000,7757700.0,derived_ohlc4
UPCOM_VEA,VEA,2026-03-17 09:00:00,1896,4,33.9,34.2,33.8,34.1,258800,8799200.0,derived_ohlc4
UPCOM_VEA,VEA,2026-03-18 09:00:00,1897,4,34.1,34.2,34.0,34.0,286200,9752265.0,derived_ohlc4
UPCOM_VEA,VEA,2026-03-19 09:00:00,1898,4,34.4,34.8,33.4,33.6,599100,20399355.0,derived_ohlc4
UPCOM_VEA,VEA,2026-03-20 09:00:00,1899,4,33.5,33.8,33.3,33.4,426500,14287750.0,derived_ohlc4
UPCOM_VEA,VEA,2026-03-23 09:00:00,1900,4,33.5,33.5,32.5,32.6,760700,25122117.5,derived_ohlc4
UPCOM_VEA,VEA,2026-03-24 09:00:00,1901,4,32.8,33.7,32.8,33.2,348600,11547375.0,derived_ohlc4
UPCOM_VEA,VEA,2026-03-25 09:00:00,1902,4,33.2,33.7,33.2,33.6,221600,7406980.000000001,derived_ohlc4
UPCOM_VEA,VEA,2026-03-26 09:00:00,1903,4,33.6,33.6,33.0,33.2,298800,9964980.0,derived_ohlc4
UPCOM_VEA,VEA,2026-03-27 09:00:00,1904,4,33.2,33.5,33.2,33.4,205700,6854952.500000001,derived_ohlc4
UPCOM_VEA,VEA,2026-03-30 09:00:00,1905,4,33.4,33.4,33.0,33.3,297000,9882675.0,derived_ohlc4
UPCOM_VEA,VEA,2026-03-31 09:00:00,1906,4,33.2,33.6,33.2,33.4,292300,9748205.0,derived_ohlc4
UPCOM_VEA,VEA,2026-04-01 09:00:00,1907,4,33.4,33.7,33.4,33.5,333400,11168900.0,derived_ohlc4
UPCOM_VEA,VEA,2026-04-02 09:00:00,1908,4,33.6,33.6,33.0,33.2,479900,16004665.0,derived_ohlc4
UPCOM_VEA,VEA,2026-04-03 09:00:00,1909,4,33.1,33.5,32.9,32.9,460600,15245860.0,derived_ohlc4
UPCOM_VEA,VEA,2026-04-06 09:00:00,1910,4,33.1,33.2,33.0,33.0,146600,4848795.0,derived_ohlc4
UPCOM_VEA,VEA,2026-04-07 09:00:00,1911,4,33.1,33.3,33.0,33.2,213700,7084155.000000001,derived_ohlc4
UPCOM_VEA,VEA,2026-04-08 09:00:00,1912,4,33.2,33.6,33.1,33.6,331800,11073825.0,derived_ohlc4
UPCOM_VEA,VEA,2026-04-09 09:00:00,1913,4,33.6,33.6,33.2,33.3,178700,5973047.499999999,derived_ohlc4
UPCOM_VEA,VEA,2026-04-10 09:00:00,1914,4,33.3,33.5,33.2,33.3,262600,8751145.0,derived_ohlc4
UPCOM_VEA,VEA,2026-04-13 09:00:00,1915,4,33.3,33.5,33.2,33.3,251900,8394567.5,derived_ohlc4
UPCOM_VEA,VEA,2026-04-14 09:00:00,1916,4,33.3,33.7,33.3,33.5,349500,11690775.000000002,derived_ohlc4
UPCOM_VEA,VEA,2026-04-15 09:00:00,1917,4,33.6,33.7,33.4,33.5,300400,10078420.000000002,derived_ohlc4
UPCOM_VEA,VEA,2026-04-16 09:00:00,1918,4,33.5,33.5,33.4,33.4,163600,5472420.0,derived_ohlc4
UPCOM_VEA,VEA,2026-04-17 09:00:00,1919,4,33.5,33.6,33.3,33.4,244800,8188559.999999999,derived_ohlc4
UPCOM_VEA,VEA,2026-04-20 09:00:00,1920,4,33.4,33.7,33.4,33.5,159600,5346600.0,derived_ohlc4
UPCOM_VEA,VEA,2026-04-21 09:00:00,1921,4,33.6,33.6,33.3,33.4,182000,6092450.0,derived_ohlc4
UPCOM_VEA,VEA,2026-04-22 09:00:00,1922,4,33.5,33.5,33.3,33.5,160500,5368725.0,derived_ohlc4
UPCOM_VEA,VEA,2026-04-23 09:00:00,1923,4,33.4,33.6,33.3,33.5,201900,6753555.000000001,derived_ohlc4
UPCOM_VEA,VEA,2026-04-24 09:00:00,1924,4,33.4,33.5,33.0,33.2,602800,20058170.000000004,derived_ohlc4
UPCOM_VEA,VEA,2026-04-28 09:00:00,1925,4,33.3,33.5,33.1,33.3,203400,6773219.999999999,derived_ohlc4
UPCOM_VEA,VEA,2026-04-29 09:00:00,1926,4,33.3,33.4,33.1,33.4,143100,4765230.0,derived_ohlc4
UPCOM_VEA,VEA,2026-05-04 09:00:00,1927,4,33.4,33.6,33.2,33.4,355100,11860340.0,derived_ohlc4
UPCOM_VEA,VEA,2026-05-05 09:00:00,1928,4,33.4,33.5,33.2,33.3,168900,5632815.0,derived_ohlc4
UPCOM_VEA,VEA,2026-05-06 09:00:00,1929,4,33.3,33.6,33.3,33.6,304800,10195560.0,derived_ohlc4
UPCOM_VEA,VEA,2026-05-07 09:00:00,1930,4,33.6,33.7,33.5,33.6,235600,7916160.0,derived_ohlc4
UPCOM_VEA,VEA,2026-05-08 09:00:00,1931,4,33.7,33.7,33.4,33.5,203700,6839227.500000001,derived_ohlc4
UPCOM_VEA,VEA,2026-05-11 09:00:00,1932,4,33.5,33.7,33.5,33.6,206200,6923165.000000001,derived_ohlc4
UPCOM_VEA,VEA,2026-05-12 09:00:00,1933,4,33.6,33.7,33.5,33.6,192300,6461280.0,derived_ohlc4
UPCOM_VEA,VEA,2026-05-13 09:00:00,1934,4,33.6,34.8,33.6,34.7,594500,20317037.5,derived_ohlc4
UPCOM_VEA,VEA,2026-05-14 09:00:00,1935,4,34.7,35.2,34.5,34.8,377600,13140479.999999998,derived_ohlc4
UPCOM_VEA,VEA,2026-05-15 09:00:00,1936,4,34.8,35.1,34.2,34.3,305400,10566840.0,derived_ohlc4
UPCOM_VEA,VEA,2026-05-18 09:00:00,1937,4,34.5,34.7,33.9,34.6,366300,12609877.499999998,derived_ohlc4
UPCOM_VEA,VEA,2026-05-19 09:00:00,1938,4,34.7,35.8,34.6,34.9,433700,15179500.0,derived_ohlc4
UPCOM_VEA,VEA,2026-05-20 09:00:00,1939,4,34.9,35.2,34.1,35.0,451300,15705239.999999998,derived_ohlc4
UPCOM_VEA,VEA,2026-05-21 09:00:00,1940,4,35.0,35.3,34.6,34.7,270500,9440450.000000002,derived_ohlc4
UPCOM_VEA,VEA,2026-05-22 09:00:00,1941,4,34.9,34.9,34.3,34.7,201200,6981640.000000001,derived_ohlc4
UPCOM_VEA,VEA,2026-05-25 09:00:00,1942,4,34.7,34.9,34.4,34.6,198200,6867630.0,derived_ohlc4
UPCOM_VEA,VEA,2026-05-26 09:00:00,1943,4,35.0,36.2,34.8,35.4,906700,32051845.0,derived_ohlc4
UPCOM_VEA,VEA,2026-05-27 09:00:00,1944,4,35.6,35.6,35.0,35.2,207900,7349265.0,derived_ohlc4
UPCOM_VEA,VEA,2026-05-28 09:00:00,1945,4,35.2,35.2,34.7,34.8,259600,9079510.0,derived_ohlc4
UPCOM_VEA,VEA,2026-05-29 09:00:00,1946,4,34.8,35.5,34.8,34.8,101600,3553459.9999999995,derived_ohlc4
UPCOM_VEA,VEA,2026-06-01 09:00:00,1947,4,35.0,35.2,34.7,34.8,163700,5717222.5,derived_ohlc4
UPCOM_VEA,VEA,2026-06-02 09:00:00,1948,4,34.9,34.9,34.4,34.6,276700,9601489.999999998,derived_ohlc4
UPCOM_VEA,VEA,2026-06-03 09:00:00,1949,4,34.6,34.6,34.4,34.6,153500,5303425.0,derived_ohlc4
UPCOM_VEA,VEA,2026-06-04 09:00:00,1950,4,34.5,34.8,34.5,34.7,80500,2787312.5,derived_ohlc4
UPCOM_VEA,VEA,2026-06-05 09:00:00,1951,4,34.7,34.9,34.6,34.7,95200,3305819.9999999995,derived_ohlc4
UPCOM_VEA,VEA,2026-06-08 09:00:00,1952,4,34.6,34.8,34.3,34.6,277500,9594562.5,derived_ohlc4
UPCOM_VEA,VEA,2026-06-09 09:00:00,1953,4,34.6,34.6,34.4,34.5,140900,4864572.5,derived_ohlc4
UPCOM_VEA,VEA,2026-06-10 09:00:00,1954,4,34.4,34.6,34.3,34.5,108100,3724045.0000000005,derived_ohlc4
UPCOM_VEA,VEA,2026-06-11 09:00:00,1955,4,34.5,34.6,34.4,34.6,109600,3783940.0,derived_ohlc4
UPCOM_VEA,VEA,2026-06-12 09:00:00,1956,4,34.5,35.1,34.5,34.8,209100,7260997.499999999,derived_ohlc4
UPCOM_VEA,VEA,2026-06-15 09:00:00,1957,4,34.8,35.0,34.6,34.7,200200,6961955.000000001,derived_ohlc4
UPCOM_VEA,VEA,2026-06-16 09:00:00,1958,4,34.8,35.0,34.6,34.8,235200,8184959.999999999,derived_ohlc4
UPCOM_VEA,VEA,2026-06-17 09:00:00,1959,4,34.9,35.3,34.8,35.2,281400,9863070.0,derived_ohlc4
UPCOM_VEA,VEA,2026-06-18 09:00:00,1960,4,35.3,35.6,35.3,35.4,358400,12687360.0,derived_ohlc4
UPCOM_VEA,VEA,2026-06-19 09:00:00,1961,4,35.4,35.6,35.3,35.4,334100,11835492.499999998,derived_ohlc4
UPCOM_VEA,VEA,2026-06-22 09:00:00,1962,4,35.4,35.6,35.3,35.3,401700,14220180.0,derived_ohlc4
UPCOM_VEA,VEA,2026-06-23 09:00:00,1963,4,35.2,35.5,35.1,35.2,161000,5675250.0,derived_ohlc4
UPCOM_VEA,VEA,2026-06-24 09:00:00,1964,4,35.2,35.2,35.0,35.1,160300,5630537.5,derived_ohlc4
UPCOM_VEA,VEA,2026-06-25 09:00:00,1965,4,35.2,35.3,35.0,35.0,161700,5679712.5,derived_ohlc4
UPCOM_VEA,VEA,2026-06-26 09:00:00,1966,4,35.0,35.1,34.8,35.0,155700,5445607.499999999,derived_ohlc4
UPCOM_VEA,VEA,2026-06-29 09:00:00,1967,4,35.1,35.3,34.8,35.1,184800,6481860.000000001,derived_ohlc4
UPCOM_VEA,VEA,2026-06-30 09:00:00,1968,4,35.2,35.3,35.0,35.2,96500,3394387.4999999995,derived_ohlc4
UPCOM_VEA,VEA,2026-07-01 09:00:00,1969,4,35.2,35.3,35.0,35.1,121700,4277755.0,derived_ohlc4
UPCOM_VEA,VEA,2026-07-02 09:00:00,1970,4,35.1,35.2,35.0,35.2,140900,4949112.5,derived_ohlc4
UPCOM_VEA,VEA,2026-07-03 09:00:00,1971,4,35.2,35.2,35.0,35.2,107100,3764565.0000000005,derived_ohlc4
UPCOM_VEA,VEA,2026-07-06 09:00:00,1972,4,35.2,35.3,34.9,35.1,198000,6954750.0,derived_ohlc4
UPCOM_VEA,VEA,2026-07-07 09:00:00,1973,4,35.0,35.1,34.9,35.0,131200,4592000.0,derived_ohlc4
UPCOM_VEA,VEA,2026-07-08 09:00:00,1974,4,35.0,35.1,35.0,35.1,137800,4829890.0,derived_ohlc4
UPCOM_VEA,VEA,2026-07-09 09:00:00,1975,4,35.1,35.1,34.9,35.1,130400,4570520.0,derived_ohlc4
UPCOM_VEA,VEA,2026-07-10 09:00:00,1976,4,35.1,35.2,34.8,34.9,121700,4259500.0,derived_ohlc4
UPCOM_VEA,VEA,2026-07-13 09:00:00,1977,4,34.9,34.9,34.4,34.7,306300,10636267.499999998,derived_ohlc4
UPCOM_VEA,VEA,2026-07-14 09:00:00,1978,4,34.8,34.8,34.6,34.7,150000,5208749.999999999,derived_ohlc4
UPCOM_VEA,VEA,2026-07-15 09:00:00,1979,4,34.8,34.9,34.5,34.6,134600,4670619.999999999,derived_ohlc4
UPCOM_VEA,VEA,2026-07-16 09:00:00,1980,4,34.7,34.7,34.2,34.5,244500,8441362.500000002,derived_ohlc4
UPCOM_VEA,VEA,2026-07-17 09:00:00,1981,4,34.5,34.7,34.3,34.6,136100,4698852.5,derived_ohlc4
UPCOM_VEA,VEA,2026-07-20 09:00:00,1982,4,34.7,34.7,34.3,34.4,230800,7968370.0,derived_ohlc4
UPCOM_VEA,VEA,2026-07-21 09:00:00,1983,4,34.5,34.5,34.2,34.4,141600,4871040.0,derived_ohlc4
UPCOM_VEA,VEA,2026-07-22 09:00:00,1984,4,34.4,34.4,33.8,34.0,306100,10453315.0,derived_ohlc4
UPCOM_VEA,VEA,2026-07-23 09:00:00,1985,4,34.0,34.2,33.6,33.9,393000,13332525.000000002,derived_ohlc4
UPCOM_VEA,VEA,2026-07-24 09:00:00,1986,4,34.3,34.3,33.7,33.9,199600,6796379.999999999,derived_ohlc4
UPCOM_VEA,VEA,2026-07-27 09:00:00,1987,4,33.9,34.5,33.8,33.9,333800,11357545.0,derived_ohlc4
UPCOM_VEA,VEA,2026-07-28 09:00:00,1988,4,34.1,34.1,33.8,34.1,163400,5559685.0,derived_ohlc4
UPCOM_VEA,VEA,2026-07-29 09:00:00,1989,4,34.0,34.1,33.7,33.9,265800,9017265.0,derived_ohlc4
UPCOM_VEA,VEA,2026-07-30 09:00:00,1990,4,34.0,34.2,34.0,34.2,148400,5060440.0,derived_ohlc4
UPCOM_VEA,VEA,2026-07-31 09:00:00,1991,4,34.3,34.7,34.3,34.4,218600,7525304.999999999,derived_ohlc4
UPCOM_VEA,VEA,2026-08-03 09:00:00,1992,4,34.5,34.7,34.4,34.7,249300,8619547.5,derived_ohlc4
UPCOM_VEA,VEA,2026-08-04 09:00:00,1993,4,34.7,34.8,34.5,34.7,137300,4760877.5,derived_ohlc4
UPCOM_VEA,VEA,2026-08-05 09:00:00,1994,4,34.7,35.1,34.7,34.9,241600,8419760.0,derived_ohlc4
UPCOM_VEA,VEA,2026-08-06 09:00:00,1995,4,34.9,35.0,34.7,34.8,108200,3770770.0,derived_ohlc4
UPCOM_VEA,VEA,2026-08-07 09:00:00,1996,4,34.8,35.4,34.7,35.2,470400,16475760.0,derived_ohlc4
