security_id,symbol,timestamps,session_id,segment_id,open,high,low,close,volume,amount,amount_source
UPCOM_VEF,VEF,2018-08-10 09:00:00,1,0,34.14,34.14,32.8,33.4,600.0,20172.0,derived_ohlc4
UPCOM_VEF,VEF,2018-08-13 09:00:00,2,0,33.13,33.13,33.13,33.13,700.0,23191.0,derived_ohlc4
UPCOM_VEF,VEF,2018-08-14 09:00:00,3,0,33.13,33.13,32.8,32.8,2800.0,92302.00000000001,derived_ohlc4
UPCOM_VEF,VEF,2018-08-15 09:00:00,4,0,32.93,32.93,32.47,32.47,1600.0,52320.00000000001,derived_ohlc4
UPCOM_VEF,VEF,2018-08-16 09:00:00,5,0,33.07,33.07,32.8,32.8,400.0,13174.0,derived_ohlc4
UPCOM_VEF,VEF,2018-08-17 09:00:00,6,0,33.47,33.47,32.93,32.93,300.0,9960.0,derived_ohlc4
UPCOM_VEF,VEF,2018-08-20 09:00:00,7,0,33.34,36.82,33.13,33.8,12700.0,435260.74999999994,derived_ohlc4
UPCOM_VEF,VEF,2018-08-21 09:00:00,8,0,36.82,38.49,36.08,38.49,21230.0,795488.1,derived_ohlc4
UPCOM_VEF,VEF,2018-08-22 09:00:00,9,0,36.82,39.83,36.82,39.29,18720.0,714916.7999999999,derived_ohlc4
UPCOM_VEF,VEF,2018-08-23 09:00:00,10,0,40.16,41.84,40.16,40.77,13000.0,529522.5,derived_ohlc4
UPCOM_VEF,VEF,2018-08-24 09:00:00,11,0,40.83,41.17,40.77,40.83,14600.0,597140.0000000001,derived_ohlc4
UPCOM_VEF,VEF,2018-08-27 09:00:00,12,0,40.83,40.83,39.49,39.49,4500.0,180720.00000000003,derived_ohlc4
UPCOM_VEF,VEF,2018-08-28 09:00:00,13,0,39.43,39.49,38.15,38.29,7900.0,306835.99999999994,derived_ohlc4
UPCOM_VEF,VEF,2018-08-29 09:00:00,14,0,37.55,37.55,36.82,37.49,4900.0,183027.25,derived_ohlc4
UPCOM_VEF,VEF,2018-08-30 09:00:00,15,0,38.49,40.77,38.49,40.3,6900.0,272636.25,derived_ohlc4
UPCOM_VEF,VEF,2018-08-31 09:00:00,16,0,40.3,40.3,39.49,40.16,4600.0,184287.5,derived_ohlc4
UPCOM_VEF,VEF,2018-09-04 09:00:00,17,0,40.56,40.56,40.56,40.56,110.0,4461.6,derived_ohlc4
UPCOM_VEF,VEF,2018-09-05 09:00:00,18,0,40.5,40.5,40.1,40.16,4250.0,171338.75,derived_ohlc4
UPCOM_VEF,VEF,2018-09-06 09:00:00,19,0,37.55,40.16,37.55,40.03,1800.0,69880.5,derived_ohlc4
UPCOM_VEF,VEF,2018-09-07 09:00:00,20,0,39.63,39.76,39.43,39.69,6200.0,245690.5,derived_ohlc4
UPCOM_VEF,VEF,2018-09-10 09:00:00,21,0,40.16,40.16,39.16,39.29,3700.0,146862.24999999997,derived_ohlc4
UPCOM_VEF,VEF,2018-09-11 09:00:00,22,0,39.9,40.83,39.9,40.83,210.0,8476.65,derived_ohlc4
UPCOM_VEF,VEF,2018-09-12 09:00:00,23,0,41.17,46.39,40.5,40.5,1910.0,80487.4,derived_ohlc4
UPCOM_VEF,VEF,2018-09-13 09:00:00,24,0,41.03,41.03,41.03,41.03,500.0,20515.0,derived_ohlc4
UPCOM_VEF,VEF,2018-09-14 09:00:00,25,0,41.84,41.84,41.03,41.5,3800.0,157899.5,derived_ohlc4
UPCOM_VEF,VEF,2018-09-17 09:00:00,26,0,41.43,43.18,41.43,42.84,6110.0,257964.19999999998,derived_ohlc4
UPCOM_VEF,VEF,2018-09-18 09:00:00,27,0,43.24,44.18,42.84,43.78,6840.0,297608.39999999997,derived_ohlc4
UPCOM_VEF,VEF,2018-09-19 09:00:00,28,0,43.38,44.18,43.38,43.51,2540.0,110775.75,derived_ohlc4
UPCOM_VEF,VEF,2018-09-20 09:00:00,29,0,43.84,44.18,41.5,41.5,3910.0,167172.05000000002,derived_ohlc4
UPCOM_VEF,VEF,2018-09-21 09:00:00,30,0,42.57,42.84,42.17,42.71,17360.0,739058.6,derived_ohlc4
UPCOM_VEF,VEF,2018-09-24 09:00:00,31,0,41.64,42.84,41.5,42.17,2600.0,109297.5,derived_ohlc4
UPCOM_VEF,VEF,2018-09-25 09:00:00,32,0,42.17,42.17,40.83,40.83,12700.0,527050.0,derived_ohlc4
UPCOM_VEF,VEF,2018-09-26 09:00:00,33,0,42.84,42.84,41.84,41.84,300.0,12702.000000000002,derived_ohlc4
UPCOM_VEF,VEF,2018-09-27 09:00:00,34,0,42.37,43.51,41.64,43.51,5300.0,226614.75,derived_ohlc4
UPCOM_VEF,VEF,2018-09-28 09:00:00,35,0,42.17,43.18,41.97,41.97,6800.0,287793.0,derived_ohlc4
UPCOM_VEF,VEF,2018-10-01 09:00:00,36,0,43.31,43.31,41.84,41.84,5400.0,229905.00000000003,derived_ohlc4
UPCOM_VEF,VEF,2018-10-02 09:00:00,37,0,42.64,42.77,41.5,41.5,3800.0,159989.5,derived_ohlc4
UPCOM_VEF,VEF,2018-10-03 09:00:00,38,0,42.17,42.17,41.84,42.17,2100.0,88383.75000000001,derived_ohlc4
UPCOM_VEF,VEF,2018-10-04 09:00:00,39,0,43.11,44.18,42.1,42.1,9400.0,403001.49999999994,derived_ohlc4
UPCOM_VEF,VEF,2018-10-05 09:00:00,40,0,43.18,43.18,42.17,42.24,2800.0,119539.0,derived_ohlc4
UPCOM_VEF,VEF,2018-10-08 09:00:00,41,0,42.77,48.2,42.77,44.18,4900.0,217952.00000000003,derived_ohlc4
UPCOM_VEF,VEF,2018-10-09 09:00:00,42,0,45.52,46.19,45.52,45.99,2600.0,119093.00000000001,derived_ohlc4
UPCOM_VEF,VEF,2018-10-10 09:00:00,43,0,46.79,46.79,44.18,44.85,4200.0,191740.49999999997,derived_ohlc4
UPCOM_VEF,VEF,2018-10-11 09:00:00,44,0,42.17,43.18,42.17,42.97,11200.0,477372.0,derived_ohlc4
UPCOM_VEF,VEF,2018-10-12 09:00:00,45,0,44.18,44.25,44.11,44.11,1400.0,61827.500000000015,derived_ohlc4
UPCOM_VEF,VEF,2018-10-15 09:00:00,46,0,44.11,44.18,43.84,43.84,1300.0,57190.25,derived_ohlc4
UPCOM_VEF,VEF,2018-10-16 09:00:00,47,0,42.24,44.85,42.24,44.18,1700.0,73741.75000000001,derived_ohlc4
UPCOM_VEF,VEF,2018-10-17 09:00:00,48,0,44.18,44.18,42.84,42.84,1200.0,52212.0,derived_ohlc4
UPCOM_VEF,VEF,2018-10-18 09:00:00,49,0,43.51,43.51,43.18,43.24,600.0,26016.0,derived_ohlc4
UPCOM_VEF,VEF,2018-10-22 09:00:00,51,1,42.84,42.84,42.84,42.84,100.0,4284.0,derived_ohlc4
UPCOM_VEF,VEF,2018-10-23 09:00:00,52,1,43.51,43.51,42.31,42.31,9800.0,420517.99999999994,derived_ohlc4
UPCOM_VEF,VEF,2018-10-24 09:00:00,53,1,43.38,43.44,42.17,42.17,2400.0,102696.00000000001,derived_ohlc4
UPCOM_VEF,VEF,2018-10-25 09:00:00,54,1,42.84,42.97,42.84,42.97,3600.0,154458.0,derived_ohlc4
UPCOM_VEF,VEF,2018-10-26 09:00:00,55,1,42.31,42.84,42.31,42.84,500.0,21287.5,derived_ohlc4
UPCOM_VEF,VEF,2018-10-29 09:00:00,56,1,42.17,42.24,42.17,42.17,1520.0,64125.0,derived_ohlc4
UPCOM_VEF,VEF,2018-10-30 09:00:00,57,1,42.17,42.17,42.17,42.17,13600.0,573512.0,derived_ohlc4
UPCOM_VEF,VEF,2018-10-31 09:00:00,58,1,42.17,42.84,42.17,42.84,1800.0,76509.0,derived_ohlc4
UPCOM_VEF,VEF,2018-11-01 09:00:00,59,1,42.51,42.51,41.9,42.17,1600.0,67635.99999999999,derived_ohlc4
UPCOM_VEF,VEF,2018-11-02 09:00:00,60,1,42.17,42.17,41.5,41.57,5100.0,213447.75,derived_ohlc4
UPCOM_VEF,VEF,2018-11-05 09:00:00,61,1,42.84,47.79,41.57,42.17,6900.0,300788.25,derived_ohlc4
UPCOM_VEF,VEF,2018-11-06 09:00:00,62,1,42.17,42.24,41.57,42.24,1600.0,67288.0,derived_ohlc4
UPCOM_VEF,VEF,2018-11-07 09:00:00,63,1,43.84,48.26,41.9,42.04,1200.0,52812.0,derived_ohlc4
UPCOM_VEF,VEF,2018-11-08 09:00:00,64,1,41.84,43.51,41.84,42.91,1900.0,80797.5,derived_ohlc4
UPCOM_VEF,VEF,2018-11-09 09:00:00,65,1,42.31,43.18,42.31,43.18,1100.0,47019.50000000001,derived_ohlc4
UPCOM_VEF,VEF,2018-11-12 09:00:00,66,1,43.51,43.51,42.17,42.84,600.0,25804.5,derived_ohlc4
UPCOM_VEF,VEF,2018-11-13 09:00:00,67,1,42.71,43.18,42.71,43.18,900.0,38650.5,derived_ohlc4
UPCOM_VEF,VEF,2018-11-14 09:00:00,68,1,43.44,44.18,42.91,42.97,3200.0,138800.0,derived_ohlc4
UPCOM_VEF,VEF,2018-11-15 09:00:00,69,1,42.91,43.38,42.91,43.31,2600.0,112131.5,derived_ohlc4
UPCOM_VEF,VEF,2018-11-16 09:00:00,70,1,42.57,44.18,42.57,43.84,2590.0,112121.09999999999,derived_ohlc4
UPCOM_VEF,VEF,2018-11-19 09:00:00,71,1,43.31,43.31,43.31,43.31,500.0,21655.0,derived_ohlc4
UPCOM_VEF,VEF,2018-11-20 09:00:00,72,1,42.84,43.51,42.57,43.31,5300.0,228204.75,derived_ohlc4
UPCOM_VEF,VEF,2018-11-21 09:00:00,73,1,43.04,43.84,43.04,43.84,12000.0,521280.0,derived_ohlc4
UPCOM_VEF,VEF,2018-11-22 09:00:00,74,1,43.58,44.18,43.58,44.18,6300.0,276444.0,derived_ohlc4
UPCOM_VEF,VEF,2018-11-23 09:00:00,75,1,44.11,44.18,42.84,42.84,2200.0,95683.5,derived_ohlc4
UPCOM_VEF,VEF,2018-11-26 09:00:00,76,1,43.51,44.18,43.51,43.71,7060.0,308716.14999999997,derived_ohlc4
UPCOM_VEF,VEF,2018-11-27 09:00:00,77,1,44.85,48.2,44.85,46.86,13400.0,618946.0,derived_ohlc4
UPCOM_VEF,VEF,2018-11-28 09:00:00,78,1,46.86,46.86,44.18,44.31,23000.0,1047707.5,derived_ohlc4
UPCOM_VEF,VEF,2018-11-29 09:00:00,79,1,44.78,45.52,44.51,45.52,11320.0,510333.9,derived_ohlc4
UPCOM_VEF,VEF,2018-11-30 09:00:00,80,1,46.72,51.74,46.72,51.74,36600.0,1801818.0000000002,derived_ohlc4
UPCOM_VEF,VEF,2018-12-03 09:00:00,81,1,56.9,57.7,55.49,57.7,46940.0,2673115.6500000004,derived_ohlc4
UPCOM_VEF,VEF,2018-12-04 09:00:00,82,1,59.04,64.26,57.23,60.24,93500.0,5627998.75,derived_ohlc4
UPCOM_VEF,VEF,2018-12-05 09:00:00,83,1,60.24,66.94,59.51,66.8,83250.0,5275760.625,derived_ohlc4
UPCOM_VEF,VEF,2018-12-06 09:00:00,84,1,65.73,66.94,64.6,64.66,27641.0,1810001.7825,derived_ohlc4
UPCOM_VEF,VEF,2018-12-07 09:00:00,85,1,65.6,66.94,64.26,65.87,32400.0,2127627.0,derived_ohlc4
UPCOM_VEF,VEF,2018-12-10 09:00:00,86,1,64.6,65.67,64.46,65.6,22525.0,1465983.3124999995,derived_ohlc4
UPCOM_VEF,VEF,2018-12-11 09:00:00,87,1,65.6,66.27,64.93,65.33,35900.0,2352616.75,derived_ohlc4
UPCOM_VEF,VEF,2018-12-12 09:00:00,88,1,66.14,66.14,61.58,63.26,24450.0,1571646.0,derived_ohlc4
UPCOM_VEF,VEF,2018-12-13 09:00:00,89,1,64.26,64.93,63.26,63.59,27120.0,1735951.1999999997,derived_ohlc4
UPCOM_VEF,VEF,2018-12-14 09:00:00,90,1,64.19,64.19,54.69,54.69,71300.0,4238072.0,derived_ohlc4
UPCOM_VEF,VEF,2018-12-17 09:00:00,91,1,53.55,56.23,50.81,52.61,41000.0,2185300.0,derived_ohlc4
UPCOM_VEF,VEF,2018-12-18 09:00:00,92,1,50.87,54.89,50.87,54.89,27400.0,1448911.9999999998,derived_ohlc4
UPCOM_VEF,VEF,2018-12-19 09:00:00,93,1,55.89,56.03,53.68,53.75,15600.0,855465.0,derived_ohlc4
UPCOM_VEF,VEF,2018-12-20 09:00:00,94,1,53.55,54.42,51.54,52.21,26000.0,1376180.0,derived_ohlc4
UPCOM_VEF,VEF,2018-12-21 09:00:00,95,1,52.28,52.75,51.81,52.21,15700.0,820521.25,derived_ohlc4
UPCOM_VEF,VEF,2018-12-24 09:00:00,96,1,52.88,54.22,48.87,49.2,24730.0,1268463.5250000001,derived_ohlc4
UPCOM_VEF,VEF,2018-12-25 09:00:00,97,1,50.74,51.34,47.39,47.39,29400.0,1446921.0,derived_ohlc4
UPCOM_VEF,VEF,2018-12-26 09:00:00,98,1,49.4,49.4,46.86,47.19,16800.0,809970.0,derived_ohlc4
UPCOM_VEF,VEF,2018-12-27 09:00:00,99,1,48.2,49.0,48.2,48.2,8110.0,392524.00000000006,derived_ohlc4
UPCOM_VEF,VEF,2018-12-28 09:00:00,100,1,48.53,49.4,47.53,47.79,22200.0,1072537.5,derived_ohlc4
UPCOM_VEF,VEF,2019-01-02 09:00:00,101,1,47.99,48.53,47.99,48.53,2200.0,106172.00000000001,derived_ohlc4
UPCOM_VEF,VEF,2019-01-03 09:00:00,102,1,48.87,51.54,48.87,51.54,16700.0,838423.5,derived_ohlc4
UPCOM_VEF,VEF,2019-01-04 09:00:00,103,1,51.54,52.55,50.87,52.55,11900.0,617342.25,derived_ohlc4
UPCOM_VEF,VEF,2019-01-07 09:00:00,104,1,53.55,56.16,53.55,54.69,11100.0,604811.25,derived_ohlc4
UPCOM_VEF,VEF,2019-01-08 09:00:00,105,1,54.89,55.22,53.42,54.22,14400.0,783900.0,derived_ohlc4
UPCOM_VEF,VEF,2019-01-09 09:00:00,106,1,53.95,53.95,53.68,53.95,6900.0,371789.25000000006,derived_ohlc4
UPCOM_VEF,VEF,2019-01-10 09:00:00,107,1,53.82,53.89,53.55,53.55,14700.0,789426.75,derived_ohlc4
UPCOM_VEF,VEF,2019-01-11 09:00:00,108,1,53.22,54.22,53.22,54.15,6900.0,370547.25,derived_ohlc4
UPCOM_VEF,VEF,2019-01-14 09:00:00,109,1,54.76,56.23,53.89,54.49,5600.0,307118.0,derived_ohlc4
UPCOM_VEF,VEF,2019-01-15 09:00:00,110,1,54.62,58.24,54.49,58.24,15210.0,857805.975,derived_ohlc4
UPCOM_VEF,VEF,2019-01-16 09:00:00,111,1,57.63,58.84,57.57,58.84,12700.0,739394.0,derived_ohlc4
UPCOM_VEF,VEF,2019-01-17 09:00:00,112,1,58.91,60.24,58.3,59.58,7900.0,468134.24999999994,derived_ohlc4
UPCOM_VEF,VEF,2019-01-18 09:00:00,113,1,59.11,59.11,55.56,56.9,11700.0,674739.0,derived_ohlc4
UPCOM_VEF,VEF,2019-01-21 09:00:00,114,1,56.56,57.5,56.3,57.43,8700.0,495443.25000000006,derived_ohlc4
UPCOM_VEF,VEF,2019-01-22 09:00:00,115,1,56.5,58.24,56.43,57.63,4700.0,268840.0,derived_ohlc4
UPCOM_VEF,VEF,2019-01-23 09:00:00,116,1,58.24,58.91,58.24,58.24,6010.0,351029.075,derived_ohlc4
UPCOM_VEF,VEF,2019-01-24 09:00:00,117,1,58.24,58.24,57.83,58.24,4620.0,268595.25,derived_ohlc4
UPCOM_VEF,VEF,2019-01-25 09:00:00,118,1,58.24,58.24,57.97,57.97,2700.0,156883.5,derived_ohlc4
UPCOM_VEF,VEF,2019-01-28 09:00:00,119,1,58.44,58.44,57.7,58.24,5530.0,321873.64999999997,derived_ohlc4
UPCOM_VEF,VEF,2019-01-29 09:00:00,120,1,58.1,59.58,58.1,59.31,11910.0,699980.475,derived_ohlc4
UPCOM_VEF,VEF,2019-01-30 09:00:00,121,1,58.57,61.32,58.57,60.24,24790.0,1479343.25,derived_ohlc4
UPCOM_VEF,VEF,2019-01-31 09:00:00,122,1,60.24,61.25,60.24,61.25,12000.0,728940.0,derived_ohlc4
UPCOM_VEF,VEF,2019-02-01 09:00:00,123,1,60.91,62.92,60.91,62.25,10530.0,650201.175,derived_ohlc4
UPCOM_VEF,VEF,2019-02-11 09:00:00,124,1,59.91,60.85,59.04,60.24,19204.0,1152432.04,derived_ohlc4
UPCOM_VEF,VEF,2019-02-12 09:00:00,125,1,60.24,60.38,59.91,60.24,7500.0,451443.75,derived_ohlc4
UPCOM_VEF,VEF,2019-02-13 09:00:00,126,1,60.91,60.91,60.24,60.24,5320.0,322259.0,derived_ohlc4
UPCOM_VEF,VEF,2019-02-14 09:00:00,127,1,60.45,60.58,60.31,60.58,3404.0,205873.92,derived_ohlc4
UPCOM_VEF,VEF,2019-02-15 09:00:00,128,1,60.38,60.85,60.24,60.24,6800.0,410907.0,derived_ohlc4
UPCOM_VEF,VEF,2019-02-18 09:00:00,129,1,60.31,62.25,59.98,60.38,7600.0,461548.0,derived_ohlc4
UPCOM_VEF,VEF,2019-02-19 09:00:00,130,1,61.25,62.92,61.25,62.59,8300.0,514620.75000000006,derived_ohlc4
UPCOM_VEF,VEF,2019-02-20 09:00:00,131,1,62.59,64.86,62.32,64.26,33550.0,2130676.6250000005,derived_ohlc4
UPCOM_VEF,VEF,2019-02-21 09:00:00,132,1,63.93,66.0,63.93,63.99,14200.0,915367.5000000001,derived_ohlc4
UPCOM_VEF,VEF,2019-02-22 09:00:00,133,1,64.93,64.93,64.6,64.6,14100.0,913186.5,derived_ohlc4
UPCOM_VEF,VEF,2019-02-25 09:00:00,134,1,64.93,66.27,64.93,65.93,24200.0,1585463.0,derived_ohlc4
UPCOM_VEF,VEF,2019-02-26 09:00:00,135,1,66.94,68.28,65.8,67.27,11910.0,798833.4749999999,derived_ohlc4
UPCOM_VEF,VEF,2019-02-27 09:00:00,136,1,67.27,67.27,65.6,65.6,9100.0,604558.5,derived_ohlc4
UPCOM_VEF,VEF,2019-02-28 09:00:00,137,1,66.0,66.0,64.26,64.26,13600.0,885767.9999999999,derived_ohlc4
UPCOM_VEF,VEF,2019-03-01 09:00:00,138,1,65.6,65.6,64.26,64.93,2800.0,182273.0,derived_ohlc4
UPCOM_VEF,VEF,2019-03-04 09:00:00,139,1,64.93,66.47,64.93,65.6,7700.0,504215.25,derived_ohlc4
UPCOM_VEF,VEF,2019-03-05 09:00:00,140,1,65.67,65.93,65.0,65.0,9000.0,588600.0,derived_ohlc4
UPCOM_VEF,VEF,2019-03-06 09:00:00,141,1,65.13,65.6,64.6,65.6,8500.0,554476.2499999999,derived_ohlc4
UPCOM_VEF,VEF,2019-03-07 09:00:00,142,1,65.06,65.6,65.06,65.26,9700.0,632876.5,derived_ohlc4
UPCOM_VEF,VEF,2019-03-08 09:00:00,143,1,65.33,65.33,64.93,64.93,5220.0,339978.6,derived_ohlc4
UPCOM_VEF,VEF,2019-03-11 09:00:00,144,1,65.26,74.84,65.26,74.84,42825.0,2999891.2500000005,derived_ohlc4
UPCOM_VEF,VEF,2019-03-12 09:00:00,145,1,78.99,81.66,78.99,80.33,16500.0,1319876.2499999998,derived_ohlc4
UPCOM_VEF,VEF,2019-03-13 09:00:00,146,1,81.66,82.33,79.66,79.99,12200.0,987102.0,derived_ohlc4
UPCOM_VEF,VEF,2019-03-14 09:00:00,147,1,80.33,85.68,78.65,80.33,23300.0,1893066.75,derived_ohlc4
UPCOM_VEF,VEF,2019-03-15 09:00:00,148,1,81.66,85.68,81.66,84.48,49700.0,4143489.0,derived_ohlc4
UPCOM_VEF,VEF,2019-03-18 09:00:00,149,1,85.68,89.03,85.68,88.96,25800.0,2253307.5,derived_ohlc4
UPCOM_VEF,VEF,2019-03-19 09:00:00,150,1,87.09,88.89,83.67,84.68,34700.0,2987062.7500000005,derived_ohlc4
UPCOM_VEF,VEF,2019-03-20 09:00:00,151,1,86.22,86.22,83.74,84.07,14200.0,1207887.5,derived_ohlc4
UPCOM_VEF,VEF,2019-03-21 09:00:00,152,1,83.67,83.67,82.33,83.54,17800.0,1482784.5000000002,derived_ohlc4
UPCOM_VEF,VEF,2019-03-22 09:00:00,153,1,83.0,85.68,83.0,84.34,14510.0,1218912.55,derived_ohlc4
UPCOM_VEF,VEF,2019-03-25 09:00:00,154,1,87.02,87.02,80.33,83.34,7706.0,650598.3150000001,derived_ohlc4
UPCOM_VEF,VEF,2019-03-26 09:00:00,155,1,83.34,84.28,81.0,82.0,10900.0,900939.5,derived_ohlc4
UPCOM_VEF,VEF,2019-03-27 09:00:00,156,1,83.67,86.35,83.67,86.35,13200.0,1122131.9999999998,derived_ohlc4
UPCOM_VEF,VEF,2019-03-28 09:00:00,157,1,85.01,85.01,80.33,83.0,20900.0,1741753.7500000002,derived_ohlc4
UPCOM_VEF,VEF,2019-03-29 09:00:00,158,1,83.67,85.68,83.67,85.55,5600.0,473998.00000000006,derived_ohlc4
UPCOM_VEF,VEF,2019-04-01 09:00:00,159,1,84.34,86.35,83.67,85.68,5500.0,467555.0,derived_ohlc4
UPCOM_VEF,VEF,2019-04-02 09:00:00,160,1,85.41,86.35,85.01,85.01,10410.0,889482.45,derived_ohlc4
UPCOM_VEF,VEF,2019-04-03 09:00:00,161,1,85.61,85.68,83.67,83.67,5400.0,457150.50000000006,derived_ohlc4
UPCOM_VEF,VEF,2019-04-04 09:00:00,162,1,84.34,84.34,83.41,83.67,3810.0,319811.39999999997,derived_ohlc4
UPCOM_VEF,VEF,2019-04-05 09:00:00,163,1,83.67,83.87,83.34,83.67,3310.0,276840.125,derived_ohlc4
UPCOM_VEF,VEF,2019-04-08 09:00:00,164,1,83.0,83.67,81.66,81.66,20600.0,1699448.5,derived_ohlc4
UPCOM_VEF,VEF,2019-04-09 09:00:00,165,1,81.66,81.66,78.99,80.39,9900.0,798682.5,derived_ohlc4
UPCOM_VEF,VEF,2019-04-10 09:00:00,166,1,79.66,82.0,78.99,80.33,1500.0,120367.49999999999,derived_ohlc4
UPCOM_VEF,VEF,2019-04-11 09:00:00,167,1,79.99,81.66,79.99,81.66,2300.0,185897.49999999997,derived_ohlc4
UPCOM_VEF,VEF,2019-04-12 09:00:00,168,1,81.66,82.33,81.4,82.2,3600.0,294831.0,derived_ohlc4
UPCOM_VEF,VEF,2019-04-16 09:00:00,169,1,81.66,81.66,71.29,78.38,22200.0,1737094.5,derived_ohlc4
UPCOM_VEF,VEF,2019-04-17 09:00:00,170,1,78.72,81.66,78.72,78.99,5900.0,469182.74999999994,derived_ohlc4
UPCOM_VEF,VEF,2019-04-18 09:00:00,171,1,79.39,79.39,76.98,76.98,5800.0,453473.0,derived_ohlc4
UPCOM_VEF,VEF,2019-04-19 09:00:00,172,1,77.72,77.78,76.98,76.98,7400.0,572501.0000000001,derived_ohlc4
UPCOM_VEF,VEF,2019-04-22 09:00:00,173,1,77.31,77.31,76.98,76.98,2650.0,204434.25000000003,derived_ohlc4
UPCOM_VEF,VEF,2019-04-23 09:00:00,174,1,75.98,75.98,70.29,72.96,24000.0,1771259.9999999998,derived_ohlc4
UPCOM_VEF,VEF,2019-04-24 09:00:00,175,1,79.66,79.66,73.63,75.64,1600.0,123435.99999999999,derived_ohlc4
UPCOM_VEF,VEF,2019-04-25 09:00:00,176,1,76.31,78.25,75.98,78.12,3600.0,277794.0,derived_ohlc4
UPCOM_VEF,VEF,2019-04-26 09:00:00,177,1,78.92,80.33,78.05,78.18,7700.0,607299.0,derived_ohlc4
UPCOM_VEF,VEF,2019-05-02 09:00:00,178,1,77.65,77.65,76.98,76.98,1100.0,85046.50000000001,derived_ohlc4
UPCOM_VEF,VEF,2019-05-03 09:00:00,179,1,76.98,76.98,74.97,75.98,4300.0,327778.25,derived_ohlc4
UPCOM_VEF,VEF,2019-05-06 09:00:00,180,1,74.3,74.9,73.63,74.1,4200.0,311776.49999999994,derived_ohlc4
UPCOM_VEF,VEF,2019-05-07 09:00:00,181,1,74.37,75.31,74.3,75.31,3700.0,276843.25,derived_ohlc4
UPCOM_VEF,VEF,2019-05-08 09:00:00,182,1,74.97,74.97,74.9,74.9,1100.0,82428.5,derived_ohlc4
UPCOM_VEF,VEF,2019-05-09 09:00:00,183,1,75.04,75.04,74.37,74.97,1000.0,74855.0,derived_ohlc4
UPCOM_VEF,VEF,2019-05-10 09:00:00,184,1,74.97,74.97,73.63,74.97,5400.0,403028.99999999994,derived_ohlc4
UPCOM_VEF,VEF,2019-05-13 09:00:00,185,1,74.5,76.31,74.44,74.44,500.0,37461.25,derived_ohlc4
UPCOM_VEF,VEF,2019-05-14 09:00:00,186,1,74.97,75.31,74.84,74.84,1700.0,127483.00000000001,derived_ohlc4
UPCOM_VEF,VEF,2019-05-15 09:00:00,187,1,74.97,75.17,74.9,74.9,1580.0,118476.3,derived_ohlc4
UPCOM_VEF,VEF,2019-05-16 09:00:00,188,1,74.97,74.97,72.29,72.29,6100.0,449143.00000000006,derived_ohlc4
UPCOM_VEF,VEF,2019-05-17 09:00:00,189,1,70.29,73.63,70.29,72.7,9220.0,661327.55,derived_ohlc4
UPCOM_VEF,VEF,2019-05-20 09:00:00,190,1,71.02,71.02,69.68,70.62,13700.0,967014.5000000001,derived_ohlc4
UPCOM_VEF,VEF,2019-05-21 09:00:00,191,1,70.55,70.95,67.61,69.75,14414.0,1004872.01,derived_ohlc4
UPCOM_VEF,VEF,2019-05-22 09:00:00,192,1,70.95,71.62,70.29,70.62,7300.0,517351.00000000006,derived_ohlc4
UPCOM_VEF,VEF,2019-05-23 09:00:00,193,1,71.09,71.29,70.62,71.29,1200.0,85287.0,derived_ohlc4
UPCOM_VEF,VEF,2019-05-24 09:00:00,194,1,72.96,72.96,69.95,70.29,3500.0,250390.00000000003,derived_ohlc4
UPCOM_VEF,VEF,2019-05-27 09:00:00,195,1,70.29,70.95,70.29,70.95,1110.0,78388.20000000001,derived_ohlc4
UPCOM_VEF,VEF,2019-05-28 09:00:00,196,1,70.42,70.89,69.62,70.82,3200.0,225400.0,derived_ohlc4
UPCOM_VEF,VEF,2019-05-29 09:00:00,197,1,70.29,70.95,70.29,70.62,2200.0,155182.50000000003,derived_ohlc4
UPCOM_VEF,VEF,2019-05-30 09:00:00,198,1,70.62,70.95,70.49,70.82,2000.0,141440.0,derived_ohlc4
UPCOM_VEF,VEF,2019-05-31 09:00:00,199,1,70.55,70.55,69.75,69.95,2300.0,161460.0,derived_ohlc4
UPCOM_VEF,VEF,2019-06-03 09:00:00,200,1,69.88,70.08,69.62,69.62,3514.0,245277.19999999998,derived_ohlc4
UPCOM_VEF,VEF,2019-06-04 09:00:00,201,1,72.96,72.96,70.02,71.29,1300.0,93349.75,derived_ohlc4
UPCOM_VEF,VEF,2019-06-05 09:00:00,202,1,72.96,72.96,70.95,71.29,4500.0,324180.0,derived_ohlc4
UPCOM_VEF,VEF,2019-06-06 09:00:00,203,1,71.29,71.29,70.35,70.62,920.0,65216.5,derived_ohlc4
UPCOM_VEF,VEF,2019-06-07 09:00:00,204,1,72.9,72.9,70.29,71.62,5000.0,359637.50000000006,derived_ohlc4
UPCOM_VEF,VEF,2019-06-10 09:00:00,205,1,71.16,71.16,70.89,70.89,2800.0,198869.99999999997,derived_ohlc4
UPCOM_VEF,VEF,2019-06-11 09:00:00,206,1,70.62,70.62,70.29,70.29,3000.0,211365.00000000003,derived_ohlc4
UPCOM_VEF,VEF,2019-06-12 09:00:00,207,1,72.96,72.96,70.29,70.29,2900.0,207712.5,derived_ohlc4
UPCOM_VEF,VEF,2019-06-13 09:00:00,208,1,69.82,69.82,69.75,69.75,1104.0,77042.64,derived_ohlc4
UPCOM_VEF,VEF,2019-06-14 09:00:00,209,1,69.95,70.89,69.62,70.89,4600.0,323552.5,derived_ohlc4
UPCOM_VEF,VEF,2019-06-17 09:00:00,210,1,70.95,70.95,69.88,70.29,2200.0,155138.5,derived_ohlc4
UPCOM_VEF,VEF,2019-06-18 09:00:00,211,1,69.95,70.62,69.95,69.95,600.0,42070.49999999999,derived_ohlc4
UPCOM_VEF,VEF,2019-06-19 09:00:00,212,1,80.79,80.79,71.96,74.03,17920.0,1377913.6000000003,derived_ohlc4
UPCOM_VEF,VEF,2019-06-20 09:00:00,213,1,74.97,84.54,74.97,84.54,19416.0,1548523.0799999998,derived_ohlc4
UPCOM_VEF,VEF,2019-06-21 09:00:00,214,1,85.88,94.52,85.88,89.03,50900.0,4521319.749999999,derived_ohlc4
UPCOM_VEF,VEF,2019-06-24 09:00:00,215,1,90.37,90.37,80.39,85.75,20300.0,1760416.0,derived_ohlc4
UPCOM_VEF,VEF,2019-06-25 09:00:00,216,1,84.34,87.02,84.34,85.35,12450.0,1061518.125,derived_ohlc4
UPCOM_VEF,VEF,2019-06-26 09:00:00,217,1,86.35,86.35,83.67,85.01,10960.0,935381.2,derived_ohlc4
UPCOM_VEF,VEF,2019-06-27 09:00:00,218,1,84.14,85.35,80.66,82.33,9700.0,806264.0,derived_ohlc4
UPCOM_VEF,VEF,2019-06-28 09:00:00,219,1,82.0,82.33,76.98,77.65,37550.0,2994237.0000000005,derived_ohlc4
UPCOM_VEF,VEF,2019-07-01 09:00:00,220,1,85.01,85.01,74.97,74.97,27880.0,2230121.2,derived_ohlc4
UPCOM_VEF,VEF,2019-07-02 09:00:00,221,1,76.38,76.98,73.63,73.97,13300.0,1000692.0000000001,derived_ohlc4
UPCOM_VEF,VEF,2019-07-03 09:00:00,222,1,76.64,78.92,76.64,77.65,8600.0,666177.5,derived_ohlc4
UPCOM_VEF,VEF,2019-07-04 09:00:00,223,1,79.32,79.86,78.32,79.12,12300.0,973606.5,derived_ohlc4
UPCOM_VEF,VEF,2019-07-05 09:00:00,224,1,78.65,78.65,77.05,77.05,5601.0,436037.85000000003,derived_ohlc4
UPCOM_VEF,VEF,2019-07-08 09:00:00,225,1,77.05,77.05,75.98,76.98,4849.0,372233.485,derived_ohlc4
UPCOM_VEF,VEF,2019-07-09 09:00:00,226,1,74.97,76.64,74.97,76.38,7300.0,552902.0000000001,derived_ohlc4
UPCOM_VEF,VEF,2019-07-10 09:00:00,227,1,76.98,79.66,76.64,78.32,6100.0,475189.99999999994,derived_ohlc4
UPCOM_VEF,VEF,2019-07-11 09:00:00,228,1,78.12,78.12,77.65,77.65,7519.0,585617.3150000001,derived_ohlc4
UPCOM_VEF,VEF,2019-07-12 09:00:00,229,1,79.32,79.32,77.31,78.12,3030.0,237908.025,derived_ohlc4
UPCOM_VEF,VEF,2019-07-15 09:00:00,230,1,77.72,77.72,77.31,77.65,2600.0,201759.99999999997,derived_ohlc4
UPCOM_VEF,VEF,2019-07-16 09:00:00,231,1,77.05,77.72,76.44,77.72,6700.0,517457.74999999994,derived_ohlc4
UPCOM_VEF,VEF,2019-07-17 09:00:00,232,1,76.98,77.31,76.64,76.98,9020.0,694337.05,derived_ohlc4
UPCOM_VEF,VEF,2019-07-18 09:00:00,233,1,76.98,76.98,76.31,76.44,3700.0,283706.75000000006,derived_ohlc4
UPCOM_VEF,VEF,2019-07-19 09:00:00,234,1,76.31,76.98,75.98,76.78,8140.0,622811.7500000001,derived_ohlc4
UPCOM_VEF,VEF,2019-07-22 09:00:00,235,1,76.98,76.98,76.38,76.38,2000.0,153360.0,derived_ohlc4
UPCOM_VEF,VEF,2019-07-23 09:00:00,236,1,75.64,77.65,75.64,76.44,8200.0,626008.5,derived_ohlc4
UPCOM_VEF,VEF,2019-07-24 09:00:00,237,1,76.51,76.64,76.31,76.64,2610.0,199730.25000000003,derived_ohlc4
UPCOM_VEF,VEF,2019-07-25 09:00:00,238,1,76.31,76.98,76.11,76.98,5110.0,391400.45000000007,derived_ohlc4
UPCOM_VEF,VEF,2019-07-26 09:00:00,239,1,75.98,77.65,75.98,77.65,3500.0,268852.5,derived_ohlc4
UPCOM_VEF,VEF,2019-07-29 09:00:00,240,1,78.32,78.65,76.64,77.85,1200.0,93438.00000000001,derived_ohlc4
UPCOM_VEF,VEF,2019-07-30 09:00:00,241,1,77.98,88.36,77.98,82.74,25080.0,2050666.2,derived_ohlc4
UPCOM_VEF,VEF,2019-07-31 09:00:00,242,1,85.35,87.02,82.74,82.74,11810.0,997502.1250000001,derived_ohlc4
UPCOM_VEF,VEF,2019-08-01 09:00:00,243,1,85.68,87.69,85.01,85.15,28915.0,2483292.4875,derived_ohlc4
UPCOM_VEF,VEF,2019-08-02 09:00:00,244,1,83.67,84.34,82.0,84.34,15700.0,1312323.75,derived_ohlc4
UPCOM_VEF,VEF,2019-08-05 09:00:00,245,1,83.34,85.68,83.34,84.34,6700.0,563972.5000000001,derived_ohlc4
UPCOM_VEF,VEF,2019-08-06 09:00:00,246,1,81.73,85.01,81.73,82.74,3300.0,273248.25000000006,derived_ohlc4
UPCOM_VEF,VEF,2019-08-07 09:00:00,247,1,85.68,85.68,83.0,83.0,1106.0,93280.04000000001,derived_ohlc4
UPCOM_VEF,VEF,2019-08-08 09:00:00,248,1,83.27,84.34,83.2,84.34,4100.0,343528.75,derived_ohlc4
UPCOM_VEF,VEF,2019-08-09 09:00:00,249,1,83.47,87.02,83.47,86.35,13189.0,1122087.1475,derived_ohlc4
UPCOM_VEF,VEF,2019-08-12 09:00:00,250,1,86.35,97.06,86.35,87.35,8050.0,718683.875,derived_ohlc4
UPCOM_VEF,VEF,2019-08-13 09:00:00,251,1,87.02,87.02,86.42,87.02,4900.0,425662.99999999994,derived_ohlc4
UPCOM_VEF,VEF,2019-08-14 09:00:00,252,1,86.35,86.35,85.01,85.41,3420.0,293367.6,derived_ohlc4
UPCOM_VEF,VEF,2019-08-15 09:00:00,253,1,85.01,87.02,85.01,86.95,9700.0,834175.75,derived_ohlc4
UPCOM_VEF,VEF,2019-08-16 09:00:00,254,1,87.02,87.02,86.69,86.95,1910.0,166017.2,derived_ohlc4
UPCOM_VEF,VEF,2019-08-19 09:00:00,255,1,87.02,87.02,86.35,86.75,3100.0,269033.5,derived_ohlc4
UPCOM_VEF,VEF,2019-08-20 09:00:00,256,1,86.95,86.95,85.75,85.75,4400.0,379940.0,derived_ohlc4
UPCOM_VEF,VEF,2019-08-21 09:00:00,257,1,86.35,86.35,83.81,84.01,7100.0,604423.0,derived_ohlc4
UPCOM_VEF,VEF,2019-08-22 09:00:00,258,1,86.69,86.69,82.33,82.33,8200.0,692981.9999999999,derived_ohlc4
UPCOM_VEF,VEF,2019-08-23 09:00:00,259,1,83.67,83.67,82.33,83.0,3010.0,250334.17500000002,derived_ohlc4
UPCOM_VEF,VEF,2019-08-26 09:00:00,260,1,83.41,84.68,83.41,84.34,1800.0,151128.0,derived_ohlc4
UPCOM_VEF,VEF,2019-08-27 09:00:00,261,1,84.68,86.35,84.68,85.01,3500.0,298130.0,derived_ohlc4
UPCOM_VEF,VEF,2019-08-28 09:00:00,262,1,84.34,85.61,83.67,84.34,4800.0,405552.00000000006,derived_ohlc4
UPCOM_VEF,VEF,2019-08-29 09:00:00,263,1,83.67,83.67,83.0,83.0,5000.0,416675.00000000006,derived_ohlc4
UPCOM_VEF,VEF,2019-08-30 09:00:00,264,1,83.0,85.68,83.0,85.55,4300.0,362522.25,derived_ohlc4
UPCOM_VEF,VEF,2019-09-03 09:00:00,265,1,84.34,84.34,83.67,83.67,4200.0,352821.00000000006,derived_ohlc4
UPCOM_VEF,VEF,2019-09-04 09:00:00,266,1,83.0,84.07,82.67,82.67,3700.0,307479.25,derived_ohlc4
UPCOM_VEF,VEF,2019-09-05 09:00:00,267,1,81.66,83.0,81.66,82.67,2700.0,222068.25,derived_ohlc4
UPCOM_VEF,VEF,2019-09-06 09:00:00,268,1,82.87,83.14,82.07,82.33,2400.0,198245.99999999997,derived_ohlc4
UPCOM_VEF,VEF,2019-09-09 09:00:00,269,1,82.67,82.67,79.32,79.66,2500.0,202700.0,derived_ohlc4
UPCOM_VEF,VEF,2019-09-10 09:00:00,270,1,74.3,81.66,74.3,77.65,5000.0,384887.49999999994,derived_ohlc4
UPCOM_VEF,VEF,2019-09-11 09:00:00,271,1,77.31,78.32,76.98,77.65,7800.0,605007.0,derived_ohlc4
UPCOM_VEF,VEF,2019-09-12 09:00:00,272,1,77.65,79.66,77.65,79.66,7300.0,574181.5,derived_ohlc4
UPCOM_VEF,VEF,2019-09-13 09:00:00,273,1,79.05,79.05,78.32,78.32,7200.0,566532.0,derived_ohlc4
UPCOM_VEF,VEF,2019-09-16 09:00:00,274,1,78.85,78.99,78.65,78.65,2400.0,189084.0,derived_ohlc4
UPCOM_VEF,VEF,2019-09-17 09:00:00,275,1,78.99,78.99,77.78,78.32,1400.0,109928.0,derived_ohlc4
UPCOM_VEF,VEF,2019-09-18 09:00:00,276,1,78.32,79.66,78.05,78.61,2600.0,204516.0,derived_ohlc4
UPCOM_VEF,VEF,2019-09-19 09:00:00,277,1,78.99,80.39,78.99,80.33,2900.0,231057.5,derived_ohlc4
UPCOM_VEF,VEF,2019-09-20 09:00:00,278,1,81.66,81.66,81.66,81.66,600.0,48996.0,derived_ohlc4
UPCOM_VEF,VEF,2019-09-23 09:00:00,279,1,82.2,82.2,81.66,81.66,200.0,16386.0,derived_ohlc4
UPCOM_VEF,VEF,2019-09-24 09:00:00,280,1,81.66,81.66,80.33,80.33,600.0,48596.99999999999,derived_ohlc4
UPCOM_VEF,VEF,2019-09-25 09:00:00,281,1,78.32,78.72,77.65,77.65,1000.0,78085.00000000001,derived_ohlc4
UPCOM_VEF,VEF,2019-09-26 09:00:00,282,1,78.45,81.33,78.32,81.33,1100.0,87843.25,derived_ohlc4
UPCOM_VEF,VEF,2019-09-27 09:00:00,283,1,81.2,81.2,80.33,80.33,603.0,48701.295,derived_ohlc4
UPCOM_VEF,VEF,2019-09-30 09:00:00,284,1,80.33,80.33,78.32,79.59,10750.0,856156.875,derived_ohlc4
UPCOM_VEF,VEF,2019-10-01 09:00:00,285,1,78.99,80.33,78.38,78.45,3100.0,245016.24999999997,derived_ohlc4
UPCOM_VEF,VEF,2019-10-02 09:00:00,286,1,78.65,79.32,78.59,79.32,9300.0,734421.0,derived_ohlc4
UPCOM_VEF,VEF,2019-10-03 09:00:00,287,1,79.66,79.79,79.32,79.66,6200.0,493566.49999999994,derived_ohlc4
UPCOM_VEF,VEF,2019-10-04 09:00:00,288,1,79.66,79.99,77.65,77.65,4620.0,363767.25,derived_ohlc4
UPCOM_VEF,VEF,2019-10-07 09:00:00,289,1,78.38,78.99,78.32,78.32,3000.0,235507.5,derived_ohlc4
UPCOM_VEF,VEF,2019-10-08 09:00:00,290,1,78.38,78.79,78.38,78.79,1600.0,125736.00000000001,derived_ohlc4
UPCOM_VEF,VEF,2019-10-09 09:00:00,291,1,78.65,78.65,77.98,77.98,6400.0,501216.00000000006,derived_ohlc4
UPCOM_VEF,VEF,2019-10-10 09:00:00,292,1,78.32,78.32,76.98,76.98,8000.0,621200.0,derived_ohlc4
UPCOM_VEF,VEF,2019-10-15 09:00:00,295,2,76.64,76.64,76.31,76.31,3900.0,298252.5,derived_ohlc4
UPCOM_VEF,VEF,2019-10-16 09:00:00,296,2,78.32,78.32,76.98,76.98,2200.0,170830.0,derived_ohlc4
UPCOM_VEF,VEF,2019-10-17 09:00:00,297,2,76.98,76.98,76.78,76.78,2810.0,216032.8,derived_ohlc4
UPCOM_VEF,VEF,2019-10-18 09:00:00,298,2,76.31,76.31,74.3,75.04,15040.0,1135369.6,derived_ohlc4
UPCOM_VEF,VEF,2019-10-22 09:00:00,300,3,75.04,76.31,74.97,75.64,7000.0,528430.0000000001,derived_ohlc4
UPCOM_VEF,VEF,2019-10-23 09:00:00,301,3,75.64,75.91,75.51,75.91,3720.0,281762.10000000003,derived_ohlc4
UPCOM_VEF,VEF,2019-10-24 09:00:00,302,3,75.64,75.98,74.97,75.98,1100.0,83206.75,derived_ohlc4
UPCOM_VEF,VEF,2019-10-25 09:00:00,303,3,75.77,75.77,74.97,74.97,2100.0,158277.0,derived_ohlc4
UPCOM_VEF,VEF,2019-10-28 09:00:00,304,3,75.51,75.51,75.17,75.51,1010.0,76179.25,derived_ohlc4
UPCOM_VEF,VEF,2019-10-29 09:00:00,305,3,73.63,75.04,73.63,74.3,3110.0,230606.50000000003,derived_ohlc4
UPCOM_VEF,VEF,2019-10-30 09:00:00,306,3,74.97,74.97,73.63,74.64,3520.0,262424.8,derived_ohlc4
UPCOM_VEF,VEF,2019-10-31 09:00:00,307,3,73.83,73.83,73.63,73.77,4600.0,339319.0,derived_ohlc4
UPCOM_VEF,VEF,2019-11-01 09:00:00,308,3,73.83,75.57,73.83,74.5,5800.0,431708.49999999994,derived_ohlc4
UPCOM_VEF,VEF,2019-11-04 09:00:00,309,3,76.31,77.85,76.31,77.85,2860.0,220448.8,derived_ohlc4
UPCOM_VEF,VEF,2019-11-05 09:00:00,310,3,77.18,78.99,76.98,78.72,1800.0,140341.5,derived_ohlc4
UPCOM_VEF,VEF,2019-11-06 09:00:00,311,3,78.52,79.66,77.65,77.65,3020.0,236677.40000000002,derived_ohlc4
UPCOM_VEF,VEF,2019-11-07 09:00:00,312,3,78.99,79.66,78.32,78.32,2810.0,221491.22499999998,derived_ohlc4
UPCOM_VEF,VEF,2019-11-08 09:00:00,313,3,79.66,79.66,78.05,79.39,1315.0,104134.84999999999,derived_ohlc4
UPCOM_VEF,VEF,2019-11-11 09:00:00,314,3,78.32,79.12,78.32,79.12,1200.0,94464.0,derived_ohlc4
UPCOM_VEF,VEF,2019-11-12 09:00:00,315,3,78.99,81.66,78.32,81.0,6801.0,544028.9924999999,derived_ohlc4
UPCOM_VEF,VEF,2019-11-13 09:00:00,316,3,80.66,82.33,80.66,81.33,4116.0,334404.42000000004,derived_ohlc4
UPCOM_VEF,VEF,2019-11-14 09:00:00,317,3,93.04,93.04,82.0,83.67,4804.0,422451.75000000006,derived_ohlc4
UPCOM_VEF,VEF,2019-11-15 09:00:00,318,3,86.02,86.02,84.34,85.48,3000.0,256395.0,derived_ohlc4
UPCOM_VEF,VEF,2019-11-18 09:00:00,319,3,85.68,86.35,80.33,80.33,6030.0,501530.175,derived_ohlc4
UPCOM_VEF,VEF,2019-11-19 09:00:00,320,3,83.67,83.67,81.0,83.0,2800.0,231938.00000000003,derived_ohlc4
UPCOM_VEF,VEF,2019-11-20 09:00:00,321,3,82.33,84.34,82.33,84.01,3100.0,258082.75,derived_ohlc4
UPCOM_VEF,VEF,2019-11-21 09:00:00,322,3,83.34,83.34,82.07,82.67,1500.0,124282.5,derived_ohlc4
UPCOM_VEF,VEF,2019-11-22 09:00:00,323,3,82.67,82.67,81.0,81.0,1800.0,147303.0,derived_ohlc4
UPCOM_VEF,VEF,2019-11-25 09:00:00,324,3,81.0,82.2,80.53,81.0,1620.0,131515.65,derived_ohlc4
UPCOM_VEF,VEF,2019-11-26 09:00:00,325,3,81.66,81.66,81.33,81.66,2000.0,163154.99999999997,derived_ohlc4
UPCOM_VEF,VEF,2019-11-27 09:00:00,326,3,81.66,81.73,80.66,81.66,2100.0,170997.75,derived_ohlc4
UPCOM_VEF,VEF,2019-11-28 09:00:00,327,3,81.53,81.66,81.13,81.33,1700.0,138401.25,derived_ohlc4
UPCOM_VEF,VEF,2019-11-29 09:00:00,328,3,80.66,81.0,80.66,81.0,2100.0,169743.0,derived_ohlc4
UPCOM_VEF,VEF,2019-12-02 09:00:00,329,3,80.33,80.33,78.99,78.99,5720.0,455655.19999999995,derived_ohlc4
UPCOM_VEF,VEF,2019-12-03 09:00:00,330,3,78.45,78.45,78.32,78.32,1000.0,78384.99999999999,derived_ohlc4
UPCOM_VEF,VEF,2019-12-04 09:00:00,331,3,79.66,79.66,75.98,75.98,500.0,38910.00000000001,derived_ohlc4
UPCOM_VEF,VEF,2019-12-06 09:00:00,333,4,78.59,78.59,78.32,78.32,200.0,15691.0,derived_ohlc4
UPCOM_VEF,VEF,2019-12-09 09:00:00,334,4,77.98,78.32,77.65,78.32,900.0,70260.75,derived_ohlc4
UPCOM_VEF,VEF,2019-12-10 09:00:00,335,4,80.19,80.19,76.98,77.65,2700.0,212631.75,derived_ohlc4
UPCOM_VEF,VEF,2019-12-11 09:00:00,336,4,77.98,77.98,77.05,77.05,200.0,15503.0,derived_ohlc4
UPCOM_VEF,VEF,2019-12-12 09:00:00,337,4,76.98,77.65,76.51,76.98,2800.0,215684.0,derived_ohlc4
UPCOM_VEF,VEF,2019-12-13 09:00:00,338,4,76.98,76.98,73.7,73.7,1800.0,135612.0,derived_ohlc4
UPCOM_VEF,VEF,2019-12-18 09:00:00,341,5,75.91,75.91,75.91,75.91,100.0,7591.0,derived_ohlc4
UPCOM_VEF,VEF,2019-12-19 09:00:00,342,5,75.31,75.31,74.64,74.64,1400.0,104964.99999999999,derived_ohlc4
UPCOM_VEF,VEF,2019-12-20 09:00:00,343,5,75.31,75.64,74.3,74.3,2500.0,187218.75,derived_ohlc4
UPCOM_VEF,VEF,2019-12-23 09:00:00,344,5,73.63,76.31,73.63,73.63,900.0,66870.0,derived_ohlc4
UPCOM_VEF,VEF,2019-12-24 09:00:00,345,5,74.97,74.97,69.62,71.62,3600.0,262062.0,derived_ohlc4
UPCOM_VEF,VEF,2019-12-25 09:00:00,346,5,77.51,77.51,71.36,71.82,6600.0,492030.0,derived_ohlc4
UPCOM_VEF,VEF,2019-12-26 09:00:00,347,5,73.63,74.3,72.29,73.63,2800.0,205695.00000000003,derived_ohlc4
UPCOM_VEF,VEF,2019-12-27 09:00:00,348,5,72.29,72.63,71.96,72.29,3000.0,216877.5,derived_ohlc4
UPCOM_VEF,VEF,2019-12-31 09:00:00,350,6,76.85,76.91,71.76,72.96,5400.0,402947.99999999994,derived_ohlc4
UPCOM_VEF,VEF,2020-01-02 09:00:00,351,6,72.96,74.3,72.96,74.3,1100.0,80993.0,derived_ohlc4
UPCOM_VEF,VEF,2020-01-03 09:00:00,352,6,75.37,75.37,71.96,72.43,4900.0,361534.25,derived_ohlc4
UPCOM_VEF,VEF,2020-01-07 09:00:00,354,7,71.62,72.29,71.62,71.89,2812.0,202056.26,derived_ohlc4
UPCOM_VEF,VEF,2020-01-10 09:00:00,357,8,72.96,72.96,71.62,71.69,1400.0,101230.5,derived_ohlc4
UPCOM_VEF,VEF,2020-01-13 09:00:00,358,8,71.62,71.62,67.67,68.28,2100.0,146574.75000000003,derived_ohlc4
UPCOM_VEF,VEF,2020-01-14 09:00:00,359,8,71.29,71.49,69.62,69.62,2000.0,141010.0,derived_ohlc4
UPCOM_VEF,VEF,2020-01-15 09:00:00,360,8,69.62,69.62,66.94,66.94,3200.0,218496.0,derived_ohlc4
UPCOM_VEF,VEF,2020-01-16 09:00:00,361,8,68.95,68.95,67.01,68.01,2800.0,191044.0,derived_ohlc4
UPCOM_VEF,VEF,2020-01-17 09:00:00,362,8,66.94,68.28,65.6,68.14,4100.0,275684.0,derived_ohlc4
UPCOM_VEF,VEF,2020-01-20 09:00:00,363,8,67.94,68.01,66.94,66.94,3300.0,222609.75,derived_ohlc4
UPCOM_VEF,VEF,2020-01-21 09:00:00,364,8,68.28,68.28,66.94,67.27,1700.0,115077.24999999999,derived_ohlc4
UPCOM_VEF,VEF,2020-01-30 09:00:00,366,9,68.95,68.95,66.94,66.94,200.0,13588.999999999998,derived_ohlc4
UPCOM_VEF,VEF,2020-01-31 09:00:00,367,9,66.27,66.94,64.93,64.93,1700.0,111804.75,derived_ohlc4
UPCOM_VEF,VEF,2020-02-03 09:00:00,368,9,60.24,62.25,56.9,62.25,2300.0,138943.0,derived_ohlc4
UPCOM_VEF,VEF,2020-02-04 09:00:00,369,9,66.94,66.94,60.91,60.91,1100.0,70317.5,derived_ohlc4
UPCOM_VEF,VEF,2020-02-05 09:00:00,370,9,62.25,66.87,62.25,66.2,700.0,45074.75,derived_ohlc4
UPCOM_VEF,VEF,2020-02-06 09:00:00,371,9,66.94,70.29,66.94,68.28,2600.0,177092.50000000003,derived_ohlc4
UPCOM_VEF,VEF,2020-02-07 09:00:00,372,9,69.28,71.62,66.94,66.94,1800.0,123650.99999999999,derived_ohlc4
UPCOM_VEF,VEF,2020-02-10 09:00:00,373,9,67.27,67.27,63.66,63.66,400.0,26186.0,derived_ohlc4
UPCOM_VEF,VEF,2020-02-11 09:00:00,374,9,66.94,66.94,64.6,64.6,1020.0,67085.4,derived_ohlc4
UPCOM_VEF,VEF,2020-02-12 09:00:00,375,9,63.59,64.26,62.92,63.59,3400.0,216206.0,derived_ohlc4
UPCOM_VEF,VEF,2020-02-13 09:00:00,376,9,63.59,63.79,63.59,63.79,4400.0,280236.0,derived_ohlc4
UPCOM_VEF,VEF,2020-02-14 09:00:00,377,9,63.59,63.59,62.92,62.92,820.0,51869.100000000006,derived_ohlc4
UPCOM_VEF,VEF,2020-02-17 09:00:00,378,9,62.92,62.92,61.58,61.58,1200.0,74700.0,derived_ohlc4
UPCOM_VEF,VEF,2020-02-19 09:00:00,380,10,60.91,60.91,58.24,58.57,8130.0,485015.475,derived_ohlc4
UPCOM_VEF,VEF,2020-02-20 09:00:00,381,10,58.24,63.46,53.55,63.46,6500.0,387903.75,derived_ohlc4
UPCOM_VEF,VEF,2020-02-21 09:00:00,382,10,60.85,61.58,60.85,61.58,1200.0,73458.0,derived_ohlc4
UPCOM_VEF,VEF,2020-02-25 09:00:00,384,11,60.24,60.24,59.58,59.58,600.0,35946.0,derived_ohlc4
UPCOM_VEF,VEF,2020-02-26 09:00:00,385,11,59.58,59.58,59.58,59.58,149.0,8877.42,derived_ohlc4
UPCOM_VEF,VEF,2020-02-27 09:00:00,386,11,61.25,61.25,59.58,59.58,820.0,49540.299999999996,derived_ohlc4
UPCOM_VEF,VEF,2020-02-28 09:00:00,387,11,60.91,60.91,55.56,58.24,7500.0,441787.5,derived_ohlc4
UPCOM_VEF,VEF,2020-03-02 09:00:00,388,11,57.57,58.24,56.9,58.24,600.0,34642.5,derived_ohlc4
UPCOM_VEF,VEF,2020-03-03 09:00:00,389,11,60.18,60.18,56.9,58.91,2600.0,153510.5,derived_ohlc4
UPCOM_VEF,VEF,2020-03-04 09:00:00,390,11,58.24,58.24,58.24,58.24,310.0,18054.4,derived_ohlc4
UPCOM_VEF,VEF,2020-03-05 09:00:00,391,11,57.9,58.17,56.9,56.9,3000.0,172402.5,derived_ohlc4
UPCOM_VEF,VEF,2020-03-06 09:00:00,392,11,59.91,59.91,56.9,56.9,1500.0,87607.5,derived_ohlc4
UPCOM_VEF,VEF,2020-03-09 09:00:00,393,11,54.89,54.89,49.33,52.21,8500.0,449055.00000000006,derived_ohlc4
UPCOM_VEF,VEF,2020-03-10 09:00:00,394,11,54.82,54.82,52.21,53.15,3400.0,182750.0,derived_ohlc4
UPCOM_VEF,VEF,2020-03-11 09:00:00,395,11,53.55,53.55,48.2,49.53,4900.0,250916.75000000003,derived_ohlc4
UPCOM_VEF,VEF,2020-03-12 09:00:00,396,11,47.06,47.06,43.51,43.51,14820.0,671123.7,derived_ohlc4
UPCOM_VEF,VEF,2020-03-13 09:00:00,397,11,40.16,46.79,38.49,46.05,24700.0,1058950.75,derived_ohlc4
UPCOM_VEF,VEF,2020-03-16 09:00:00,398,11,42.17,45.65,40.16,40.16,12000.0,504419.99999999994,derived_ohlc4
UPCOM_VEF,VEF,2020-03-17 09:00:00,399,11,40.16,40.16,36.62,39.29,71100.0,2776988.25,derived_ohlc4
UPCOM_VEF,VEF,2020-03-18 09:00:00,400,11,40.03,42.17,40.03,41.84,9400.0,385564.5,derived_ohlc4
UPCOM_VEF,VEF,2020-03-19 09:00:00,401,11,40.83,40.83,38.15,38.15,3700.0,146113.0,derived_ohlc4
UPCOM_VEF,VEF,2020-03-20 09:00:00,402,11,39.16,40.1,39.16,40.1,700.0,27740.999999999996,derived_ohlc4
UPCOM_VEF,VEF,2020-03-23 09:00:00,403,11,34.14,36.82,34.14,34.47,13720.0,478725.1,derived_ohlc4
UPCOM_VEF,VEF,2020-03-24 09:00:00,404,11,37.42,37.42,34.81,36.68,4039.0,147756.7175,derived_ohlc4
UPCOM_VEF,VEF,2020-03-25 09:00:00,405,11,39.96,39.96,38.76,39.43,6200.0,245070.50000000003,derived_ohlc4
UPCOM_VEF,VEF,2020-03-26 09:00:00,406,11,38.82,38.89,38.82,38.82,1300.0,50488.75,derived_ohlc4
UPCOM_VEF,VEF,2020-03-27 09:00:00,407,11,36.95,36.95,36.95,36.95,200.0,7390.000000000001,derived_ohlc4
UPCOM_VEF,VEF,2020-03-30 09:00:00,408,11,35.14,35.48,34.54,35.48,1900.0,66804.0,derived_ohlc4
UPCOM_VEF,VEF,2020-03-31 09:00:00,409,11,39.23,39.23,34.81,34.81,1600.0,59231.99999999999,derived_ohlc4
UPCOM_VEF,VEF,2020-04-01 09:00:00,410,11,34.14,36.82,34.14,36.82,2240.0,79475.20000000001,derived_ohlc4
UPCOM_VEF,VEF,2020-04-03 09:00:00,411,11,36.82,40.03,36.82,39.49,11500.0,440335.0,derived_ohlc4
UPCOM_VEF,VEF,2020-04-06 09:00:00,412,11,38.76,41.43,38.76,41.3,24710.0,989944.375,derived_ohlc4
UPCOM_VEF,VEF,2020-04-07 09:00:00,413,11,41.5,44.05,41.5,44.05,19910.0,851650.25,derived_ohlc4
UPCOM_VEF,VEF,2020-04-08 09:00:00,414,11,45.52,46.86,42.84,45.52,14640.0,661508.4,derived_ohlc4
UPCOM_VEF,VEF,2020-04-09 09:00:00,415,11,48.06,48.06,45.18,45.52,14210.0,663678.05,derived_ohlc4
UPCOM_VEF,VEF,2020-04-10 09:00:00,416,11,46.72,46.72,42.84,43.84,10500.0,472815.0,derived_ohlc4
UPCOM_VEF,VEF,2020-04-13 09:00:00,417,11,43.51,44.51,42.84,43.51,7300.0,318225.25,derived_ohlc4
UPCOM_VEF,VEF,2020-04-14 09:00:00,418,11,42.51,42.64,41.84,41.9,4100.0,173112.25000000003,derived_ohlc4
UPCOM_VEF,VEF,2020-04-15 09:00:00,419,11,43.51,43.91,42.24,43.91,11800.0,512031.5,derived_ohlc4
UPCOM_VEF,VEF,2020-04-16 09:00:00,420,11,43.64,50.14,43.51,48.53,32000.0,1486560.0,derived_ohlc4
UPCOM_VEF,VEF,2020-04-17 09:00:00,421,11,50.2,50.2,48.53,48.87,4220.0,208679.0,derived_ohlc4
UPCOM_VEF,VEF,2020-04-20 09:00:00,422,11,49.47,49.53,48.2,48.6,4600.0,225169.99999999997,derived_ohlc4
UPCOM_VEF,VEF,2020-04-21 09:00:00,423,11,47.19,47.19,45.65,45.85,7900.0,367113.0,derived_ohlc4
UPCOM_VEF,VEF,2020-04-22 09:00:00,424,11,46.19,48.2,44.85,48.2,5400.0,253044.0,derived_ohlc4
UPCOM_VEF,VEF,2020-04-23 09:00:00,425,11,49.2,50.2,47.86,50.14,12500.0,616874.9999999999,derived_ohlc4
UPCOM_VEF,VEF,2020-04-24 09:00:00,426,11,52.88,52.88,48.87,49.13,6900.0,351486.0,derived_ohlc4
UPCOM_VEF,VEF,2020-04-27 09:00:00,427,11,49.13,49.53,49.13,49.53,6800.0,335444.0,derived_ohlc4
UPCOM_VEF,VEF,2020-04-28 09:00:00,428,11,54.22,54.22,49.67,49.67,1420.0,73761.90000000001,derived_ohlc4
UPCOM_VEF,VEF,2020-04-29 09:00:00,429,11,53.55,53.55,48.87,50.2,1600.0,82468.0,derived_ohlc4
UPCOM_VEF,VEF,2020-05-04 09:00:00,430,11,52.88,52.88,50.61,50.61,3400.0,175933.00000000003,derived_ohlc4
UPCOM_VEF,VEF,2020-05-05 09:00:00,431,11,52.55,52.75,50.87,51.54,3600.0,186938.99999999997,derived_ohlc4
UPCOM_VEF,VEF,2020-05-06 09:00:00,432,11,53.55,55.96,53.42,55.96,6400.0,350224.0,derived_ohlc4
UPCOM_VEF,VEF,2020-05-07 09:00:00,433,11,60.91,60.91,54.89,56.56,739.0,43096.6325,derived_ohlc4
UPCOM_VEF,VEF,2020-05-08 09:00:00,434,11,63.59,63.59,57.23,57.57,4520.0,273437.39999999997,derived_ohlc4
UPCOM_VEF,VEF,2020-05-11 09:00:00,435,11,58.91,59.58,58.24,58.24,900.0,52868.25,derived_ohlc4
UPCOM_VEF,VEF,2020-05-12 09:00:00,436,11,62.92,65.6,55.22,59.58,3100.0,188573.0,derived_ohlc4
UPCOM_VEF,VEF,2020-05-13 09:00:00,437,11,59.98,59.98,57.57,57.7,2200.0,129376.50000000001,derived_ohlc4
UPCOM_VEF,VEF,2020-05-14 09:00:00,438,11,57.7,57.7,56.23,56.23,9622.0,548117.23,derived_ohlc4
UPCOM_VEF,VEF,2020-05-15 09:00:00,439,11,53.22,56.83,53.22,56.83,700.0,38517.49999999999,derived_ohlc4
UPCOM_VEF,VEF,2020-05-18 09:00:00,440,11,54.76,55.56,54.22,54.22,4100.0,224229.0,derived_ohlc4
UPCOM_VEF,VEF,2020-05-19 09:00:00,441,11,54.22,55.22,53.55,54.22,4900.0,266082.25,derived_ohlc4
UPCOM_VEF,VEF,2020-05-20 09:00:00,442,11,54.89,54.89,53.55,54.35,5000.0,272100.0,derived_ohlc4
UPCOM_VEF,VEF,2020-05-21 09:00:00,443,11,54.89,54.89,53.22,53.68,6010.0,325561.7,derived_ohlc4
UPCOM_VEF,VEF,2020-05-22 09:00:00,444,11,53.82,54.82,53.55,53.55,1010.0,54474.350000000006,derived_ohlc4
UPCOM_VEF,VEF,2020-05-25 09:00:00,445,11,53.89,54.02,52.88,52.88,3350.0,178948.625,derived_ohlc4
UPCOM_VEF,VEF,2020-05-26 09:00:00,446,11,54.76,54.76,52.88,52.88,5900.0,317538.0,derived_ohlc4
UPCOM_VEF,VEF,2020-05-27 09:00:00,447,11,54.82,54.89,52.41,52.41,7300.0,391517.25,derived_ohlc4
UPCOM_VEF,VEF,2020-05-28 09:00:00,448,11,53.55,53.55,53.02,53.02,500.0,26642.500000000004,derived_ohlc4
UPCOM_VEF,VEF,2020-05-29 09:00:00,449,11,54.89,54.89,52.21,52.28,5457.0,292317.84750000003,derived_ohlc4
UPCOM_VEF,VEF,2020-06-01 09:00:00,450,11,52.81,54.89,52.81,53.35,12200.0,652273.0,derived_ohlc4
UPCOM_VEF,VEF,2020-06-02 09:00:00,451,11,54.15,55.76,53.55,54.89,17100.0,933446.2499999999,derived_ohlc4
UPCOM_VEF,VEF,2020-06-03 09:00:00,452,11,55.22,60.58,55.22,60.58,17111.0,990726.8999999999,derived_ohlc4
UPCOM_VEF,VEF,2020-06-04 09:00:00,453,11,62.25,66.47,62.25,66.47,34440.0,2216558.4,derived_ohlc4
UPCOM_VEF,VEF,2020-06-05 09:00:00,454,11,65.6,68.95,60.58,67.01,10540.0,690738.8999999999,derived_ohlc4
UPCOM_VEF,VEF,2020-06-08 09:00:00,455,11,67.01,74.97,66.94,73.57,21150.0,1493665.875,derived_ohlc4
UPCOM_VEF,VEF,2020-06-09 09:00:00,456,11,76.98,76.98,68.95,68.95,17600.0,1284184.0,derived_ohlc4
UPCOM_VEF,VEF,2020-06-10 09:00:00,457,11,66.94,83.0,66.94,82.54,43247.0,3237254.185,derived_ohlc4
UPCOM_VEF,VEF,2020-06-11 09:00:00,458,11,81.66,85.01,75.64,75.64,14799.0,1176335.5125,derived_ohlc4
UPCOM_VEF,VEF,2020-06-12 09:00:00,459,11,73.63,75.71,70.29,75.71,13140.0,970191.8999999999,derived_ohlc4
UPCOM_VEF,VEF,2020-06-15 09:00:00,460,11,73.63,77.65,68.28,71.62,34374.0,2502255.33,derived_ohlc4
UPCOM_VEF,VEF,2020-06-16 09:00:00,461,11,74.97,77.65,74.97,76.98,19550.0,1488585.875,derived_ohlc4
UPCOM_VEF,VEF,2020-06-17 09:00:00,462,11,80.19,80.19,75.71,77.11,8500.0,665550.0,derived_ohlc4
UPCOM_VEF,VEF,2020-06-18 09:00:00,463,11,80.33,80.33,74.97,76.31,14714.0,1147471.29,derived_ohlc4
UPCOM_VEF,VEF,2020-06-19 09:00:00,464,11,77.98,79.66,74.3,78.99,19931.0,1549286.4575,derived_ohlc4
UPCOM_VEF,VEF,2020-06-22 09:00:00,465,11,80.33,89.5,80.26,82.87,42519.0,3539281.5599999996,derived_ohlc4
UPCOM_VEF,VEF,2020-06-23 09:00:00,466,11,87.02,87.02,78.38,80.46,16909.0,1407166.98,derived_ohlc4
UPCOM_VEF,VEF,2020-06-24 09:00:00,467,11,81.0,81.0,79.66,80.46,16800.0,1352904.0,derived_ohlc4
UPCOM_VEF,VEF,2020-06-25 09:00:00,468,11,76.98,80.33,76.98,79.72,5100.0,400362.75,derived_ohlc4
UPCOM_VEF,VEF,2020-06-26 09:00:00,469,11,78.38,82.33,78.38,79.66,20800.0,1657500.0,derived_ohlc4
UPCOM_VEF,VEF,2020-06-29 09:00:00,470,11,80.33,80.33,77.31,77.78,10700.0,844631.25,derived_ohlc4
UPCOM_VEF,VEF,2020-06-30 09:00:00,471,11,76.98,79.52,76.98,76.98,15100.0,1171986.5000000002,derived_ohlc4
UPCOM_VEF,VEF,2020-07-01 09:00:00,472,11,77.38,82.33,77.38,80.33,25600.0,2031487.9999999998,derived_ohlc4
UPCOM_VEF,VEF,2020-07-02 09:00:00,473,11,81.66,81.66,78.32,78.32,4810.0,384751.89999999997,derived_ohlc4
UPCOM_VEF,VEF,2020-07-03 09:00:00,474,11,78.32,79.32,77.78,78.18,8200.0,642880.0,derived_ohlc4
UPCOM_VEF,VEF,2020-07-06 09:00:00,475,11,78.99,81.0,78.92,78.99,9820.0,780444.5000000001,derived_ohlc4
UPCOM_VEF,VEF,2020-07-07 09:00:00,476,11,79.32,79.32,76.31,76.31,10630.0,827173.45,derived_ohlc4
UPCOM_VEF,VEF,2020-07-08 09:00:00,477,11,77.98,77.98,76.18,77.51,1380.0,106829.25000000001,derived_ohlc4
UPCOM_VEF,VEF,2020-07-09 09:00:00,478,11,79.32,79.32,75.98,76.98,4530.0,352887.0,derived_ohlc4
UPCOM_VEF,VEF,2020-07-10 09:00:00,479,11,76.98,76.98,71.62,74.9,12350.0,927732.0,derived_ohlc4
UPCOM_VEF,VEF,2020-07-13 09:00:00,480,11,74.97,76.98,73.63,73.63,2300.0,172045.75,derived_ohlc4
UPCOM_VEF,VEF,2020-07-14 09:00:00,481,11,71.29,71.62,66.94,70.29,38950.0,2727863.2500000005,derived_ohlc4
UPCOM_VEF,VEF,2020-07-15 09:00:00,482,11,68.48,71.29,68.48,70.29,2200.0,153197.0,derived_ohlc4
UPCOM_VEF,VEF,2020-07-16 09:00:00,483,11,70.95,70.95,68.95,68.95,300.0,20985.0,derived_ohlc4
UPCOM_VEF,VEF,2020-07-17 09:00:00,484,11,71.82,74.17,68.95,74.17,27260.0,1970284.6500000001,derived_ohlc4
UPCOM_VEF,VEF,2020-07-20 09:00:00,485,11,74.3,79.32,71.62,78.25,10000.0,758725.0,derived_ohlc4
UPCOM_VEF,VEF,2020-07-21 09:00:00,486,11,77.65,87.02,76.31,77.65,9620.0,766305.15,derived_ohlc4
UPCOM_VEF,VEF,2020-07-22 09:00:00,487,11,78.92,85.61,77.65,78.05,29570.0,2367300.275,derived_ohlc4
UPCOM_VEF,VEF,2020-07-23 09:00:00,488,11,78.92,83.67,76.98,81.66,20430.0,1640682.225,derived_ohlc4
UPCOM_VEF,VEF,2020-07-24 09:00:00,489,11,80.66,83.0,71.62,71.62,32000.0,2455200.0,derived_ohlc4
UPCOM_VEF,VEF,2020-07-27 09:00:00,490,11,76.31,78.99,72.29,72.63,22250.0,1669973.7500000002,derived_ohlc4
UPCOM_VEF,VEF,2020-07-28 09:00:00,491,11,76.91,79.66,76.24,78.32,23600.0,1835667.0,derived_ohlc4
UPCOM_VEF,VEF,2020-07-29 09:00:00,492,11,76.98,77.18,67.61,70.22,47560.0,3471761.1,derived_ohlc4
UPCOM_VEF,VEF,2020-07-30 09:00:00,493,11,70.29,80.33,70.29,78.99,29600.0,2219260.0000000005,derived_ohlc4
UPCOM_VEF,VEF,2020-07-31 09:00:00,494,11,73.63,78.99,71.62,76.98,42400.0,3192932.0000000005,derived_ohlc4
UPCOM_VEF,VEF,2020-08-03 09:00:00,495,11,76.98,78.32,75.17,76.38,20750.0,1591784.3750000002,derived_ohlc4
UPCOM_VEF,VEF,2020-08-04 09:00:00,496,11,77.18,78.99,76.71,77.65,19134.0,1485420.255,derived_ohlc4
UPCOM_VEF,VEF,2020-08-05 09:00:00,497,11,78.32,80.33,78.32,78.99,43000.0,3396570.0,derived_ohlc4
UPCOM_VEF,VEF,2020-08-06 09:00:00,498,11,78.99,79.99,78.72,78.72,10839.0,857419.0949999999,derived_ohlc4
UPCOM_VEF,VEF,2020-08-07 09:00:00,499,11,78.92,78.99,77.65,78.32,4170.0,327219.9,derived_ohlc4
UPCOM_VEF,VEF,2020-08-10 09:00:00,500,11,77.65,78.52,76.98,77.65,11710.0,909867.0000000002,derived_ohlc4
UPCOM_VEF,VEF,2020-08-11 09:00:00,501,11,78.18,78.32,76.31,77.11,14200.0,1100216.0,derived_ohlc4
UPCOM_VEF,VEF,2020-08-12 09:00:00,502,11,76.31,77.65,76.31,76.31,8434.0,646423.93,derived_ohlc4
UPCOM_VEF,VEF,2020-08-13 09:00:00,503,11,75.98,76.44,75.64,75.98,9110.0,692451.1000000001,derived_ohlc4
UPCOM_VEF,VEF,2020-08-14 09:00:00,504,11,75.91,75.91,74.3,75.31,10410.0,784471.5750000001,derived_ohlc4
UPCOM_VEF,VEF,2020-08-17 09:00:00,505,11,73.7,74.64,72.29,74.64,28030.0,2069104.525,derived_ohlc4
UPCOM_VEF,VEF,2020-08-18 09:00:00,506,11,74.97,74.97,72.16,72.43,16700.0,1229662.75,derived_ohlc4
UPCOM_VEF,VEF,2020-08-19 09:00:00,507,11,73.3,73.63,71.96,71.96,15600.0,1134314.9999999998,derived_ohlc4
UPCOM_VEF,VEF,2020-08-20 09:00:00,508,11,72.63,72.96,70.95,72.96,8410.0,608673.7499999999,derived_ohlc4
UPCOM_VEF,VEF,2020-08-21 09:00:00,509,11,73.3,73.3,72.29,73.3,600.0,43828.5,derived_ohlc4
UPCOM_VEF,VEF,2020-08-24 09:00:00,510,11,73.63,75.64,73.63,75.17,22100.0,1646836.75,derived_ohlc4
UPCOM_VEF,VEF,2020-08-25 09:00:00,511,11,74.97,74.97,73.63,73.63,16390.0,1217777.0,derived_ohlc4
UPCOM_VEF,VEF,2020-08-26 09:00:00,512,11,74.1,74.97,74.1,74.23,11901.0,884839.35,derived_ohlc4
UPCOM_VEF,VEF,2020-08-27 09:00:00,513,11,75.24,75.24,73.97,74.64,20800.0,1555267.9999999998,derived_ohlc4
UPCOM_VEF,VEF,2020-08-28 09:00:00,514,11,74.97,74.97,74.84,74.97,2230.0,167110.625,derived_ohlc4
UPCOM_VEF,VEF,2020-08-31 09:00:00,515,11,74.97,75.31,73.63,73.63,7900.0,587641.4999999999,derived_ohlc4
UPCOM_VEF,VEF,2020-09-01 09:00:00,516,11,74.97,74.97,73.3,73.63,3700.0,274604.75,derived_ohlc4
UPCOM_VEF,VEF,2020-09-03 09:00:00,517,11,74.64,74.64,73.63,74.17,9319.0,692122.13,derived_ohlc4
UPCOM_VEF,VEF,2020-09-04 09:00:00,518,11,73.9,74.64,72.36,74.64,10000.0,738850.0,derived_ohlc4
UPCOM_VEF,VEF,2020-09-07 09:00:00,519,11,74.64,74.97,72.96,73.7,7906.0,585577.6549999999,derived_ohlc4
UPCOM_VEF,VEF,2020-09-08 09:00:00,520,11,74.64,80.33,73.97,74.97,26900.0,2043794.7499999998,derived_ohlc4
UPCOM_VEF,VEF,2020-09-09 09:00:00,521,11,73.97,75.04,73.97,74.5,2510.0,186668.7,derived_ohlc4
UPCOM_VEF,VEF,2020-09-10 09:00:00,522,11,75.31,75.31,72.29,74.57,16819.0,1250829.03,derived_ohlc4
UPCOM_VEF,VEF,2020-09-11 09:00:00,523,11,74.64,74.64,73.3,73.3,1130.0,83586.1,derived_ohlc4
UPCOM_VEF,VEF,2020-09-14 09:00:00,524,11,72.96,72.96,71.56,71.96,15010.0,1086123.6,derived_ohlc4
UPCOM_VEF,VEF,2020-09-15 09:00:00,525,11,71.96,72.03,70.95,71.76,11600.0,831430.0,derived_ohlc4
UPCOM_VEF,VEF,2020-09-16 09:00:00,526,11,73.63,73.63,71.62,71.96,3350.0,243578.49999999997,derived_ohlc4
UPCOM_VEF,VEF,2020-09-17 09:00:00,527,11,71.62,71.62,70.75,71.62,10510.0,750440.275,derived_ohlc4
UPCOM_VEF,VEF,2020-09-18 09:00:00,528,11,72.29,72.29,70.75,72.29,3200.0,230096.0,derived_ohlc4
UPCOM_VEF,VEF,2020-09-21 09:00:00,529,11,70.95,71.62,70.35,71.09,5200.0,369213.0,derived_ohlc4
UPCOM_VEF,VEF,2020-09-22 09:00:00,530,11,70.35,71.62,68.28,68.28,10764.0,749524.23,derived_ohlc4
UPCOM_VEF,VEF,2020-09-23 09:00:00,531,11,71.42,71.42,68.95,69.28,8500.0,597273.7500000001,derived_ohlc4
UPCOM_VEF,VEF,2020-09-24 09:00:00,532,11,68.95,68.95,66.94,66.94,10600.0,720216.9999999999,derived_ohlc4
UPCOM_VEF,VEF,2020-09-25 09:00:00,533,11,67.01,68.95,67.01,68.81,2800.0,190246.00000000003,derived_ohlc4
UPCOM_VEF,VEF,2020-09-28 09:00:00,534,11,72.29,72.29,68.34,68.34,9000.0,632835.0,derived_ohlc4
UPCOM_VEF,VEF,2020-09-29 09:00:00,535,11,68.34,68.75,67.61,68.28,4110.0,280486.95,derived_ohlc4
UPCOM_VEF,VEF,2020-09-30 09:00:00,536,11,67.61,68.28,66.94,67.27,7200.0,486179.99999999994,derived_ohlc4
UPCOM_VEF,VEF,2020-10-01 09:00:00,537,11,68.28,68.28,66.94,66.94,8100.0,547641.0,derived_ohlc4
UPCOM_VEF,VEF,2020-10-02 09:00:00,538,11,66.6,67.61,66.6,66.6,8700.0,581616.7499999999,derived_ohlc4
UPCOM_VEF,VEF,2020-10-05 09:00:00,539,11,66.94,67.61,66.94,66.94,2700.0,181190.25,derived_ohlc4
UPCOM_VEF,VEF,2020-10-06 09:00:00,540,11,67.21,67.27,66.87,67.27,1900.0,127594.5,derived_ohlc4
UPCOM_VEF,VEF,2020-10-07 09:00:00,541,11,67.01,67.61,66.94,66.94,4050.0,271856.25,derived_ohlc4
UPCOM_VEF,VEF,2020-10-08 09:00:00,542,11,66.94,67.07,65.6,66.27,5900.0,392173.0,derived_ohlc4
UPCOM_VEF,VEF,2020-10-09 09:00:00,543,11,66.27,69.62,64.6,69.62,5049.0,340946.34750000003,derived_ohlc4
UPCOM_VEF,VEF,2020-10-12 09:00:00,544,11,65.6,65.6,63.26,63.59,15600.0,1006394.9999999998,derived_ohlc4
UPCOM_VEF,VEF,2020-10-13 09:00:00,545,11,64.19,64.26,63.59,64.19,2700.0,172955.25,derived_ohlc4
UPCOM_VEF,VEF,2020-10-14 09:00:00,546,11,64.06,64.06,62.92,63.59,1300.0,82754.75000000001,derived_ohlc4
UPCOM_VEF,VEF,2020-10-15 09:00:00,547,11,62.92,62.92,60.24,60.24,20700.0,1274706.0,derived_ohlc4
UPCOM_VEF,VEF,2020-10-16 09:00:00,548,11,59.24,61.45,58.57,60.24,6000.0,359250.0,derived_ohlc4
UPCOM_VEF,VEF,2020-10-19 09:00:00,549,11,60.24,63.26,60.24,61.18,3900.0,238797.00000000003,derived_ohlc4
UPCOM_VEF,VEF,2020-10-20 09:00:00,550,11,61.25,61.58,61.25,61.25,750.0,45999.375,derived_ohlc4
UPCOM_VEF,VEF,2020-10-21 09:00:00,551,11,60.24,61.38,59.24,61.38,6940.0,420286.4,derived_ohlc4
UPCOM_VEF,VEF,2020-10-22 09:00:00,552,11,61.05,61.05,61.05,61.05,100.0,6105.0,derived_ohlc4
UPCOM_VEF,VEF,2020-10-23 09:00:00,553,11,60.91,66.8,60.91,63.39,11300.0,711928.25,derived_ohlc4
UPCOM_VEF,VEF,2020-10-26 09:00:00,554,11,62.25,62.59,60.91,61.58,8100.0,500843.24999999994,derived_ohlc4
UPCOM_VEF,VEF,2020-10-27 09:00:00,555,11,60.31,61.25,59.91,59.91,5636.0,340104.42,derived_ohlc4
UPCOM_VEF,VEF,2020-10-28 09:00:00,556,11,59.58,60.38,58.24,60.38,5000.0,298225.0,derived_ohlc4
UPCOM_VEF,VEF,2020-10-29 09:00:00,557,11,58.24,59.37,58.24,58.3,2700.0,158051.24999999997,derived_ohlc4
UPCOM_VEF,VEF,2020-10-30 09:00:00,558,11,63.39,63.39,58.57,58.77,2400.0,146472.0,derived_ohlc4
UPCOM_VEF,VEF,2020-11-02 09:00:00,559,11,62.19,62.19,56.23,61.52,1500.0,90798.75,derived_ohlc4
UPCOM_VEF,VEF,2020-11-03 09:00:00,560,11,58.24,60.65,58.24,60.65,8600.0,511227.0,derived_ohlc4
UPCOM_VEF,VEF,2020-11-04 09:00:00,561,11,61.18,61.18,60.58,60.98,3500.0,213430.0,derived_ohlc4
UPCOM_VEF,VEF,2020-11-05 09:00:00,562,11,62.39,62.52,60.24,61.25,1700.0,104720.0,derived_ohlc4
UPCOM_VEF,VEF,2020-11-06 09:00:00,563,11,63.06,63.06,59.24,60.71,3200.0,196856.00000000003,derived_ohlc4
UPCOM_VEF,VEF,2020-11-09 09:00:00,564,11,60.58,60.65,59.58,60.24,2800.0,168735.0,derived_ohlc4
UPCOM_VEF,VEF,2020-11-10 09:00:00,565,11,59.24,61.52,59.24,61.52,740.0,44681.200000000004,derived_ohlc4
UPCOM_VEF,VEF,2020-11-11 09:00:00,566,11,60.58,60.58,60.24,60.24,300.0,18123.0,derived_ohlc4
UPCOM_VEF,VEF,2020-11-12 09:00:00,567,11,60.18,60.24,60.18,60.24,11800.0,710478.0,derived_ohlc4
UPCOM_VEF,VEF,2020-11-13 09:00:00,568,11,59.31,60.24,58.91,60.24,6600.0,393855.0,derived_ohlc4
UPCOM_VEF,VEF,2020-11-16 09:00:00,569,11,59.58,60.24,58.57,58.57,2900.0,171795.99999999997,derived_ohlc4
UPCOM_VEF,VEF,2020-11-17 09:00:00,570,11,61.78,61.78,58.57,58.64,7400.0,445424.49999999994,derived_ohlc4
UPCOM_VEF,VEF,2020-11-18 09:00:00,571,11,58.97,59.58,56.9,58.91,10300.0,603477.0,derived_ohlc4
UPCOM_VEF,VEF,2020-11-19 09:00:00,572,11,60.11,60.11,58.3,59.31,3614.0,214879.405,derived_ohlc4
UPCOM_VEF,VEF,2020-11-20 09:00:00,573,11,58.91,59.17,57.57,57.7,12800.0,746720.0000000001,derived_ohlc4
UPCOM_VEF,VEF,2020-11-23 09:00:00,574,11,57.77,59.11,57.77,58.7,13001.0,758445.8375,derived_ohlc4
UPCOM_VEF,VEF,2020-11-24 09:00:00,575,11,58.91,59.24,57.57,58.1,5930.0,346638.14999999997,derived_ohlc4
UPCOM_VEF,VEF,2020-11-25 09:00:00,576,11,57.57,58.17,57.57,58.17,9700.0,561339.0,derived_ohlc4
UPCOM_VEF,VEF,2020-11-26 09:00:00,577,11,58.1,58.7,57.63,58.24,6900.0,401355.75,derived_ohlc4
UPCOM_VEF,VEF,2020-11-27 09:00:00,578,11,58.24,58.5,57.57,57.7,5159.0,299234.89749999996,derived_ohlc4
UPCOM_VEF,VEF,2020-11-30 09:00:00,579,11,57.57,58.1,57.57,57.57,4200.0,242350.5,derived_ohlc4
UPCOM_VEF,VEF,2020-12-01 09:00:00,580,11,57.3,58.64,57.3,57.57,2400.0,138486.0,derived_ohlc4
UPCOM_VEF,VEF,2020-12-02 09:00:00,581,11,58.44,66.14,57.57,59.44,21600.0,1304586.0,derived_ohlc4
UPCOM_VEF,VEF,2020-12-03 09:00:00,582,11,61.11,61.11,57.7,57.77,11050.0,656618.6250000001,derived_ohlc4
UPCOM_VEF,VEF,2020-12-04 09:00:00,583,11,58.5,58.57,57.7,57.7,3500.0,203411.24999999997,derived_ohlc4
UPCOM_VEF,VEF,2020-12-07 09:00:00,584,11,57.83,58.3,57.77,57.77,7100.0,411214.25,derived_ohlc4
UPCOM_VEF,VEF,2020-12-08 09:00:00,585,11,57.63,57.77,56.9,57.57,14200.0,816038.5,derived_ohlc4
UPCOM_VEF,VEF,2020-12-09 09:00:00,586,11,57.57,57.9,57.3,57.77,9420.0,542921.7,derived_ohlc4
UPCOM_VEF,VEF,2020-12-10 09:00:00,587,11,57.57,58.1,57.43,57.57,8200.0,472873.5,derived_ohlc4
UPCOM_VEF,VEF,2020-12-11 09:00:00,588,11,57.57,57.57,56.9,57.3,5000.0,286674.99999999994,derived_ohlc4
UPCOM_VEF,VEF,2020-12-14 09:00:00,589,11,58.24,58.24,56.23,56.63,9605.0,550702.675,derived_ohlc4
UPCOM_VEF,VEF,2020-12-15 09:00:00,590,11,56.56,56.56,55.56,56.36,14200.0,798892.0000000001,derived_ohlc4
UPCOM_VEF,VEF,2020-12-16 09:00:00,591,11,56.09,56.23,55.56,55.83,12400.0,693500.9999999999,derived_ohlc4
UPCOM_VEF,VEF,2020-12-17 09:00:00,592,11,55.29,55.76,54.89,55.22,10100.0,558429.0,derived_ohlc4
UPCOM_VEF,VEF,2020-12-18 09:00:00,593,11,55.42,55.42,54.89,55.16,11700.0,646103.25,derived_ohlc4
UPCOM_VEF,VEF,2020-12-21 09:00:00,594,11,55.22,59.24,55.09,57.63,12800.0,726976.0,derived_ohlc4
UPCOM_VEF,VEF,2020-12-22 09:00:00,595,11,57.57,57.57,56.9,57.57,3320.0,190576.3,derived_ohlc4
UPCOM_VEF,VEF,2020-12-23 09:00:00,596,11,57.57,60.18,57.57,59.58,20600.0,1209734.9999999998,derived_ohlc4
UPCOM_VEF,VEF,2020-12-24 09:00:00,597,11,58.57,58.91,57.23,58.24,4800.0,279540.0,derived_ohlc4
UPCOM_VEF,VEF,2020-12-25 09:00:00,598,11,59.37,59.44,58.17,59.44,8601.0,508362.10500000004,derived_ohlc4
UPCOM_VEF,VEF,2020-12-28 09:00:00,599,11,60.24,60.24,58.91,58.91,10640.0,633878.0,derived_ohlc4
UPCOM_VEF,VEF,2020-12-29 09:00:00,600,11,58.91,59.11,58.91,59.11,5820.0,343438.2,derived_ohlc4
UPCOM_VEF,VEF,2020-12-30 09:00:00,601,11,58.97,58.97,58.57,58.77,6239.0,366977.98,derived_ohlc4
UPCOM_VEF,VEF,2020-12-31 09:00:00,602,11,57.63,58.77,56.9,58.77,8375.0,485896.56250000006,derived_ohlc4
UPCOM_VEF,VEF,2021-01-04 09:00:00,603,11,57.3,57.57,56.56,56.9,12913.0,737106.3225,derived_ohlc4
UPCOM_VEF,VEF,2021-01-05 09:00:00,604,11,56.9,57.43,56.9,56.96,3650.0,208223.375,derived_ohlc4
UPCOM_VEF,VEF,2021-01-06 09:00:00,605,11,56.96,57.5,56.7,57.5,4800.0,274392.00000000006,derived_ohlc4
UPCOM_VEF,VEF,2021-01-07 09:00:00,606,11,57.57,64.19,57.57,61.52,43610.0,2625867.125,derived_ohlc4
UPCOM_VEF,VEF,2021-01-08 09:00:00,607,11,60.98,62.92,60.38,62.92,26000.0,1606800.0,derived_ohlc4
UPCOM_VEF,VEF,2021-01-11 09:00:00,608,11,63.59,65.2,63.59,65.2,18703.0,1204379.6850000003,derived_ohlc4
UPCOM_VEF,VEF,2021-01-12 09:00:00,609,11,64.8,64.93,63.52,63.52,21720.0,1394261.1000000003,derived_ohlc4
UPCOM_VEF,VEF,2021-01-13 09:00:00,610,11,64.73,65.93,63.73,63.73,28500.0,1839105.0,derived_ohlc4
UPCOM_VEF,VEF,2021-01-14 09:00:00,611,11,64.26,64.26,62.92,63.46,16100.0,1025972.5,derived_ohlc4
UPCOM_VEF,VEF,2021-01-15 09:00:00,612,11,62.86,64.26,62.86,62.92,16606.0,1049914.35,derived_ohlc4
UPCOM_VEF,VEF,2021-01-18 09:00:00,613,11,60.91,62.99,60.24,61.25,11621.0,712919.2975,derived_ohlc4
UPCOM_VEF,VEF,2021-01-19 09:00:00,614,11,61.38,62.19,54.69,57.9,29500.0,1741680.0,derived_ohlc4
UPCOM_VEF,VEF,2021-01-20 09:00:00,615,11,58.3,58.84,55.96,58.84,15400.0,892969.0,derived_ohlc4
UPCOM_VEF,VEF,2021-01-21 09:00:00,616,11,56.23,60.18,56.23,60.18,17300.0,1006946.5,derived_ohlc4
UPCOM_VEF,VEF,2021-01-22 09:00:00,617,11,57.9,59.51,57.7,57.77,6006.0,349669.32,derived_ohlc4
UPCOM_VEF,VEF,2021-01-25 09:00:00,618,11,58.84,59.24,58.24,58.24,5600.0,328384.00000000006,derived_ohlc4
UPCOM_VEF,VEF,2021-01-26 09:00:00,619,11,58.64,58.64,56.23,58.24,26800.0,1552725.0,derived_ohlc4
UPCOM_VEF,VEF,2021-01-27 09:00:00,620,11,57.57,57.57,56.23,56.56,18300.0,1042779.75,derived_ohlc4
UPCOM_VEF,VEF,2021-01-28 09:00:00,621,11,56.16,56.16,50.2,52.68,45350.0,2439830.0,derived_ohlc4
UPCOM_VEF,VEF,2021-01-29 09:00:00,622,11,53.48,56.03,53.48,55.83,14900.0,815104.5,derived_ohlc4
UPCOM_VEF,VEF,2021-02-01 09:00:00,623,11,55.56,55.56,54.02,54.02,5800.0,317782.00000000006,derived_ohlc4
UPCOM_VEF,VEF,2021-02-02 09:00:00,624,11,53.55,54.82,53.55,54.82,5705.0,309125.425,derived_ohlc4
UPCOM_VEF,VEF,2021-02-03 09:00:00,625,11,54.29,57.23,54.29,56.9,11500.0,640291.25,derived_ohlc4
UPCOM_VEF,VEF,2021-02-04 09:00:00,626,11,56.36,56.56,56.23,56.56,7110.0,401199.525,derived_ohlc4
UPCOM_VEF,VEF,2021-02-05 09:00:00,627,11,56.9,57.17,56.36,57.17,6900.0,392610.00000000006,derived_ohlc4
UPCOM_VEF,VEF,2021-02-08 09:00:00,628,11,56.56,58.24,55.89,56.9,14700.0,836393.25,derived_ohlc4
UPCOM_VEF,VEF,2021-02-09 09:00:00,629,11,56.9,57.63,56.23,57.63,4010.0,228960.97499999998,derived_ohlc4
UPCOM_VEF,VEF,2021-02-17 09:00:00,630,11,58.5,59.91,58.3,59.91,3700.0,218873.49999999997,derived_ohlc4
UPCOM_VEF,VEF,2021-02-18 09:00:00,631,11,60.91,65.33,60.91,61.58,33000.0,2052022.4999999998,derived_ohlc4
UPCOM_VEF,VEF,2021-02-19 09:00:00,632,11,62.92,62.92,60.91,62.65,15800.0,985130.0,derived_ohlc4
UPCOM_VEF,VEF,2021-02-22 09:00:00,633,11,64.93,70.29,64.8,68.88,54306.0,3650720.8500000006,derived_ohlc4
UPCOM_VEF,VEF,2021-02-23 09:00:00,634,11,67.01,69.95,66.94,69.62,21400.0,1463332.0,derived_ohlc4
UPCOM_VEF,VEF,2021-02-24 09:00:00,635,11,69.35,70.95,68.61,70.15,31000.0,2162715.0000000005,derived_ohlc4
UPCOM_VEF,VEF,2021-02-25 09:00:00,636,11,70.29,70.55,68.01,69.28,18200.0,1265491.5,derived_ohlc4
UPCOM_VEF,VEF,2021-02-26 09:00:00,637,11,69.28,69.62,67.34,68.88,11900.0,818482.0,derived_ohlc4
UPCOM_VEF,VEF,2021-03-01 09:00:00,638,11,68.95,70.29,68.61,68.68,14300.0,988594.7500000001,derived_ohlc4
UPCOM_VEF,VEF,2021-03-02 09:00:00,639,11,68.28,69.62,68.28,68.54,8600.0,590648.0000000001,derived_ohlc4
UPCOM_VEF,VEF,2021-03-03 09:00:00,640,11,68.54,68.88,67.94,68.28,10900.0,745669.0,derived_ohlc4
UPCOM_VEF,VEF,2021-03-04 09:00:00,641,11,68.95,69.62,66.94,68.61,34000.0,2330020.0,derived_ohlc4
UPCOM_VEF,VEF,2021-03-05 09:00:00,642,11,68.28,69.95,68.28,69.95,15500.0,1071282.5000000002,derived_ohlc4
UPCOM_VEF,VEF,2021-03-08 09:00:00,643,11,69.01,72.63,69.01,70.95,17800.0,1253119.9999999998,derived_ohlc4
UPCOM_VEF,VEF,2021-03-09 09:00:00,644,11,72.23,81.93,72.23,81.93,106216.0,8187129.280000001,derived_ohlc4
UPCOM_VEF,VEF,2021-03-10 09:00:00,645,11,89.16,92.71,87.02,92.71,100920.0,9123168.0,derived_ohlc4
UPCOM_VEF,VEF,2021-03-11 09:00:00,646,11,100.41,106.3,97.73,102.21,134264.0,13649613.899999999,derived_ohlc4
UPCOM_VEF,VEF,2021-03-12 09:00:00,647,11,102.21,102.21,93.04,96.39,54730.0,5388852.624999999,derived_ohlc4
UPCOM_VEF,VEF,2021-03-15 09:00:00,648,11,93.71,99.07,93.65,99.07,38200.0,3681524.9999999995,derived_ohlc4
UPCOM_VEF,VEF,2021-03-16 09:00:00,649,11,97.06,107.1,95.39,103.02,54330.0,5467907.025,derived_ohlc4
UPCOM_VEF,VEF,2021-03-17 09:00:00,650,11,101.81,102.88,99.07,101.08,18100.0,1831901.0,derived_ohlc4
UPCOM_VEF,VEF,2021-03-18 09:00:00,651,11,100.41,104.42,100.41,103.75,29329.0,2998816.9275,derived_ohlc4
UPCOM_VEF,VEF,2021-03-19 09:00:00,652,11,102.08,104.96,99.74,101.08,51701.0,5271692.465,derived_ohlc4
UPCOM_VEF,VEF,2021-03-22 09:00:00,653,11,101.28,101.28,93.04,98.33,82773.0,8151691.9725,derived_ohlc4
UPCOM_VEF,VEF,2021-03-23 09:00:00,654,11,100.41,101.75,95.72,98.13,9220.0,912803.0499999999,derived_ohlc4
UPCOM_VEF,VEF,2021-03-24 09:00:00,655,11,97.86,99.07,93.11,96.32,19700.0,1902823.0,derived_ohlc4
UPCOM_VEF,VEF,2021-03-25 09:00:00,656,11,96.32,96.32,93.71,95.52,8000.0,763739.9999999999,derived_ohlc4
UPCOM_VEF,VEF,2021-03-26 09:00:00,657,11,94.25,95.05,90.37,94.85,16107.0,1508098.41,derived_ohlc4
UPCOM_VEF,VEF,2021-03-29 09:00:00,658,11,94.78,96.93,93.25,93.38,18100.0,1711988.5000000002,derived_ohlc4
UPCOM_VEF,VEF,2021-03-30 09:00:00,659,11,92.37,95.39,91.71,93.11,9000.0,838305.0,derived_ohlc4
UPCOM_VEF,VEF,2021-03-31 09:00:00,660,11,93.71,95.05,92.04,94.38,10540.0,988599.3,derived_ohlc4
UPCOM_VEF,VEF,2021-04-01 09:00:00,661,11,93.65,95.39,93.04,94.58,22400.0,2109296.0,derived_ohlc4
UPCOM_VEF,VEF,2021-04-02 09:00:00,662,11,94.58,95.99,93.71,95.59,16110.0,1529926.425,derived_ohlc4
UPCOM_VEF,VEF,2021-04-05 09:00:00,663,11,95.05,97.66,95.05,97.4,33301.0,3206553.2899999996,derived_ohlc4
UPCOM_VEF,VEF,2021-04-06 09:00:00,664,11,96.39,96.73,95.72,96.39,22300.0,2147657.25,derived_ohlc4
UPCOM_VEF,VEF,2021-04-07 09:00:00,665,11,96.39,96.39,94.38,95.92,10000.0,957700.0,derived_ohlc4
UPCOM_VEF,VEF,2021-04-08 09:00:00,666,11,94.72,95.86,93.71,94.38,14700.0,1391612.2499999998,derived_ohlc4
UPCOM_VEF,VEF,2021-04-09 09:00:00,667,11,95.05,95.72,93.71,94.58,11600.0,1099273.9999999998,derived_ohlc4
UPCOM_VEF,VEF,2021-04-12 09:00:00,668,11,93.71,94.65,92.78,93.38,28600.0,2677818.0,derived_ohlc4
UPCOM_VEF,VEF,2021-04-13 09:00:00,669,11,93.58,93.58,89.03,91.37,54512.0,5009107.68,derived_ohlc4
UPCOM_VEF,VEF,2021-04-14 09:00:00,670,11,90.7,91.17,87.02,87.69,21400.0,1907703.0,derived_ohlc4
UPCOM_VEF,VEF,2021-04-15 09:00:00,671,11,87.69,88.36,83.67,88.02,18200.0,1582217.0,derived_ohlc4
UPCOM_VEF,VEF,2021-04-16 09:00:00,672,11,84.88,87.02,82.33,83.34,17800.0,1502186.4999999998,derived_ohlc4
UPCOM_VEF,VEF,2021-04-19 09:00:00,673,11,80.53,85.68,80.53,83.0,7300.0,601775.5,derived_ohlc4
UPCOM_VEF,VEF,2021-04-20 09:00:00,674,11,81.33,83.94,81.33,83.0,10100.0,832239.9999999999,derived_ohlc4
UPCOM_VEF,VEF,2021-04-22 09:00:00,675,11,80.73,81.66,76.38,78.99,26300.0,2089272.0,derived_ohlc4
UPCOM_VEF,VEF,2021-04-23 09:00:00,676,11,73.63,79.66,73.63,77.65,11930.0,908380.025,derived_ohlc4
UPCOM_VEF,VEF,2021-04-26 09:00:00,677,11,78.99,78.99,75.64,78.18,16100.0,1254995.0,derived_ohlc4
UPCOM_VEF,VEF,2021-04-27 09:00:00,678,11,75.1,77.58,74.64,75.77,6100.0,462212.24999999994,derived_ohlc4
UPCOM_VEF,VEF,2021-04-28 09:00:00,679,11,74.97,77.31,74.97,77.31,8900.0,677646.0,derived_ohlc4
UPCOM_VEF,VEF,2021-04-29 09:00:00,680,11,76.98,79.52,76.98,79.52,11300.0,884225.0,derived_ohlc4
UPCOM_VEF,VEF,2021-05-04 09:00:00,681,11,77.92,89.63,76.71,89.63,40000.0,3338900.0,derived_ohlc4
UPCOM_VEF,VEF,2021-05-05 09:00:00,682,11,93.04,97.73,89.83,92.84,50400.0,4705344.000000001,derived_ohlc4
UPCOM_VEF,VEF,2021-05-06 09:00:00,683,11,94.38,94.38,87.09,88.36,17700.0,1611629.2500000002,derived_ohlc4
UPCOM_VEF,VEF,2021-05-07 09:00:00,684,11,87.02,90.23,85.08,89.03,13510.0,1186718.4000000001,derived_ohlc4
UPCOM_VEF,VEF,2021-05-10 09:00:00,685,11,87.02,89.63,85.61,88.36,11000.0,964205.0,derived_ohlc4
UPCOM_VEF,VEF,2021-05-11 09:00:00,686,11,88.49,90.37,87.69,90.37,18300.0,1632909.0,derived_ohlc4
UPCOM_VEF,VEF,2021-05-12 09:00:00,687,11,88.76,97.73,88.76,97.06,61300.0,5705650.75,derived_ohlc4
UPCOM_VEF,VEF,2021-05-13 09:00:00,688,11,95.65,95.65,90.37,93.71,21608.0,2027802.76,derived_ohlc4
UPCOM_VEF,VEF,2021-05-14 09:00:00,689,11,92.37,92.37,89.7,91.71,16201.0,1482999.0374999999,derived_ohlc4
UPCOM_VEF,VEF,2021-05-17 09:00:00,690,11,90.37,91.64,90.1,90.1,10300.0,932690.7500000001,derived_ohlc4
UPCOM_VEF,VEF,2021-05-18 09:00:00,691,11,87.82,92.11,87.82,92.11,22500.0,2024212.5,derived_ohlc4
UPCOM_VEF,VEF,2021-05-19 09:00:00,692,11,92.11,92.11,89.7,89.7,22900.0,2081724.5,derived_ohlc4
UPCOM_VEF,VEF,2021-05-20 09:00:00,693,11,90.37,90.37,89.7,89.7,6100.0,549213.5,derived_ohlc4
UPCOM_VEF,VEF,2021-05-21 09:00:00,694,11,89.03,89.03,87.09,88.43,14100.0,1246369.5,derived_ohlc4
UPCOM_VEF,VEF,2021-05-24 09:00:00,695,11,87.89,88.36,87.15,87.42,5000.0,438525.0,derived_ohlc4
UPCOM_VEF,VEF,2021-05-25 09:00:00,696,11,87.56,87.56,86.42,86.42,8601.0,748200.9900000001,derived_ohlc4
UPCOM_VEF,VEF,2021-05-26 09:00:00,697,11,86.69,87.42,86.35,86.35,9000.0,780322.5000000001,derived_ohlc4
UPCOM_VEF,VEF,2021-05-27 09:00:00,698,11,87.02,89.03,80.33,89.03,17042.0,1471619.305,derived_ohlc4
UPCOM_VEF,VEF,2021-05-28 09:00:00,699,11,85.48,87.02,83.67,87.02,12000.0,1029570.0,derived_ohlc4
UPCOM_VEF,VEF,2021-05-31 09:00:00,700,11,87.02,94.99,87.02,90.37,19141.0,1719818.8499999999,derived_ohlc4
UPCOM_VEF,VEF,2021-06-01 09:00:00,701,11,90.37,91.04,90.03,90.1,7600.0,686926.0000000001,derived_ohlc4
UPCOM_VEF,VEF,2021-06-02 09:00:00,702,11,90.1,90.1,89.03,90.03,3730.0,335009.95,derived_ohlc4
UPCOM_VEF,VEF,2021-06-03 09:00:00,703,11,91.04,93.04,90.9,91.71,27900.0,2557662.75,derived_ohlc4
UPCOM_VEF,VEF,2021-06-04 09:00:00,704,11,93.65,93.65,90.77,91.04,8700.0,802814.25,derived_ohlc4
UPCOM_VEF,VEF,2021-06-07 09:00:00,705,11,92.11,92.11,88.36,89.36,25600.0,2316416.0,derived_ohlc4
UPCOM_VEF,VEF,2021-06-08 09:00:00,706,11,89.03,89.03,87.02,87.02,25500.0,2244637.5,derived_ohlc4
UPCOM_VEF,VEF,2021-06-09 09:00:00,707,11,86.48,88.02,85.68,88.02,21341.0,1857734.05,derived_ohlc4
UPCOM_VEF,VEF,2021-06-10 09:00:00,708,11,87.69,87.69,85.61,85.68,7212.0,625046.01,derived_ohlc4
UPCOM_VEF,VEF,2021-06-11 09:00:00,709,11,86.22,87.69,85.68,87.69,10100.0,876882.0000000001,derived_ohlc4
UPCOM_VEF,VEF,2021-06-14 09:00:00,710,11,87.69,88.36,86.35,87.02,9000.0,786194.9999999999,derived_ohlc4
UPCOM_VEF,VEF,2021-06-15 09:00:00,711,11,90.37,90.37,86.69,87.02,6012.0,532738.35,derived_ohlc4
UPCOM_VEF,VEF,2021-06-16 09:00:00,712,11,87.02,87.02,86.35,86.69,2400.0,208248.0,derived_ohlc4
UPCOM_VEF,VEF,2021-06-17 09:00:00,713,11,87.02,87.02,86.48,87.02,9110.0,791522.3499999999,derived_ohlc4
UPCOM_VEF,VEF,2021-06-18 09:00:00,714,11,87.02,87.69,86.95,87.35,2800.0,244307.0,derived_ohlc4
UPCOM_VEF,VEF,2021-06-21 09:00:00,715,11,88.36,88.36,87.35,87.35,7400.0,650126.9999999999,derived_ohlc4
UPCOM_VEF,VEF,2021-06-22 09:00:00,716,11,88.02,88.02,87.35,87.49,4100.0,359652.0,derived_ohlc4
UPCOM_VEF,VEF,2021-06-23 09:00:00,717,11,87.69,87.69,87.02,87.22,5500.0,480727.5,derived_ohlc4
UPCOM_VEF,VEF,2021-06-24 09:00:00,718,11,87.15,87.35,86.95,87.22,12200.0,1063443.4999999998,derived_ohlc4
UPCOM_VEF,VEF,2021-06-25 09:00:00,719,11,86.42,87.35,86.42,87.02,16000.0,1388840.0,derived_ohlc4
UPCOM_VEF,VEF,2021-06-28 09:00:00,720,11,87.02,87.02,85.08,85.41,17300.0,1490092.2499999998,derived_ohlc4
UPCOM_VEF,VEF,2021-06-29 09:00:00,721,11,86.35,86.35,85.21,85.35,12500.0,1072687.5,derived_ohlc4
UPCOM_VEF,VEF,2021-06-30 09:00:00,722,11,85.35,88.36,85.35,86.69,12200.0,1054537.4999999998,derived_ohlc4
UPCOM_VEF,VEF,2021-07-01 09:00:00,723,11,88.96,88.96,86.35,87.22,7200.0,632682.0,derived_ohlc4
UPCOM_VEF,VEF,2021-07-02 09:00:00,724,11,86.02,87.62,86.02,86.95,14000.0,1213134.9999999998,derived_ohlc4
UPCOM_VEF,VEF,2021-07-05 09:00:00,725,11,86.95,87.02,86.02,86.02,20400.0,1764651.0,derived_ohlc4
UPCOM_VEF,VEF,2021-07-06 09:00:00,726,11,86.02,86.62,84.48,84.48,12800.0,1093120.0,derived_ohlc4
UPCOM_VEF,VEF,2021-07-07 09:00:00,727,11,85.08,86.28,83.67,85.35,13600.0,1157292.0,derived_ohlc4
UPCOM_VEF,VEF,2021-07-08 09:00:00,728,11,84.88,86.08,83.67,83.67,21200.0,1792990.0,derived_ohlc4
UPCOM_VEF,VEF,2021-07-09 09:00:00,729,11,83.0,85.01,82.33,83.07,11700.0,975224.2499999999,derived_ohlc4
UPCOM_VEF,VEF,2021-07-12 09:00:00,730,11,79.66,82.33,78.99,78.99,36200.0,2895728.5000000005,derived_ohlc4
UPCOM_VEF,VEF,2021-07-13 09:00:00,731,11,80.33,82.33,80.33,81.4,8300.0,673109.25,derived_ohlc4
UPCOM_VEF,VEF,2021-07-14 09:00:00,732,11,81.0,81.4,80.33,80.33,5100.0,411901.5,derived_ohlc4
UPCOM_VEF,VEF,2021-07-15 09:00:00,733,11,80.33,81.0,78.99,80.33,5410.0,433679.12499999994,derived_ohlc4
UPCOM_VEF,VEF,2021-07-16 09:00:00,734,11,79.66,81.66,79.66,81.66,4410.0,355710.6,derived_ohlc4
UPCOM_VEF,VEF,2021-07-19 09:00:00,735,11,83.0,83.0,79.32,79.32,7400.0,600584.0,derived_ohlc4
UPCOM_VEF,VEF,2021-07-20 09:00:00,736,11,81.66,81.66,80.33,81.6,4900.0,398431.25,derived_ohlc4
UPCOM_VEF,VEF,2021-07-21 09:00:00,737,11,81.66,81.66,79.32,81.6,8513.0,690063.78,derived_ohlc4
UPCOM_VEF,VEF,2021-07-22 09:00:00,738,11,81.66,89.7,81.0,85.75,39733.0,3358531.1575,derived_ohlc4
UPCOM_VEF,VEF,2021-07-23 09:00:00,739,11,85.68,85.95,84.14,84.14,12400.0,1053721.0,derived_ohlc4
UPCOM_VEF,VEF,2021-07-26 09:00:00,740,11,82.67,84.54,82.67,84.54,2200.0,183931.0,derived_ohlc4
UPCOM_VEF,VEF,2021-07-27 09:00:00,741,11,83.81,85.28,83.81,83.81,5300.0,446140.75000000006,derived_ohlc4
UPCOM_VEF,VEF,2021-07-28 09:00:00,742,11,85.61,85.61,85.61,85.61,100.0,8561.0,derived_ohlc4
UPCOM_VEF,VEF,2021-07-29 09:00:00,743,11,86.15,86.15,85.01,85.01,6400.0,547712.0,derived_ohlc4
UPCOM_VEF,VEF,2021-07-30 09:00:00,744,11,85.01,85.68,83.81,83.81,3200.0,270648.0,derived_ohlc4
UPCOM_VEF,VEF,2021-08-02 09:00:00,745,11,85.61,85.61,84.34,84.34,2500.0,212437.5,derived_ohlc4
UPCOM_VEF,VEF,2021-08-03 09:00:00,746,11,84.34,85.01,84.34,84.81,3400.0,287725.0,derived_ohlc4
UPCOM_VEF,VEF,2021-08-04 09:00:00,747,11,84.34,84.68,84.34,84.61,3300.0,278825.25,derived_ohlc4
UPCOM_VEF,VEF,2021-08-05 09:00:00,748,11,84.61,88.36,84.61,87.02,12500.0,1076875.0,derived_ohlc4
UPCOM_VEF,VEF,2021-08-06 09:00:00,749,11,87.02,88.29,87.02,87.09,21000.0,1834454.9999999998,derived_ohlc4
UPCOM_VEF,VEF,2021-08-09 09:00:00,750,11,87.02,87.69,86.82,87.35,18420.0,1606592.4,derived_ohlc4
UPCOM_VEF,VEF,2021-08-10 09:00:00,751,11,87.09,89.7,87.09,88.96,37600.0,3316695.9999999995,derived_ohlc4
UPCOM_VEF,VEF,2021-08-11 09:00:00,752,11,89.03,89.03,88.36,88.36,6600.0,585387.0,derived_ohlc4
UPCOM_VEF,VEF,2021-08-12 09:00:00,753,11,88.36,88.36,87.02,87.76,5900.0,518462.5,derived_ohlc4
UPCOM_VEF,VEF,2021-08-13 09:00:00,754,11,88.02,89.03,88.02,89.03,14360.0,1271219.0,derived_ohlc4
UPCOM_VEF,VEF,2021-08-16 09:00:00,755,11,89.7,90.37,89.03,90.37,18550.0,1667042.1250000002,derived_ohlc4
UPCOM_VEF,VEF,2021-08-17 09:00:00,756,11,90.37,90.37,89.23,90.03,15400.0,1386000.0,derived_ohlc4
UPCOM_VEF,VEF,2021-08-18 09:00:00,757,11,90.37,90.37,89.43,89.7,16698.0,1502277.315,derived_ohlc4
UPCOM_VEF,VEF,2021-08-19 09:00:00,758,11,90.37,90.7,89.03,90.03,12100.0,1089393.25,derived_ohlc4
UPCOM_VEF,VEF,2021-08-20 09:00:00,759,11,89.76,89.76,87.35,89.03,24100.0,2144297.5,derived_ohlc4
UPCOM_VEF,VEF,2021-08-23 09:00:00,760,11,88.02,88.36,85.01,85.35,20900.0,1811716.5,derived_ohlc4
UPCOM_VEF,VEF,2021-08-24 09:00:00,761,11,87.02,87.02,84.34,84.41,9300.0,796986.7499999999,derived_ohlc4
UPCOM_VEF,VEF,2021-08-25 09:00:00,762,11,85.35,87.02,85.35,85.68,5900.0,506515.00000000006,derived_ohlc4
UPCOM_VEF,VEF,2021-08-26 09:00:00,763,11,88.36,88.36,88.02,88.36,4300.0,379582.5,derived_ohlc4
UPCOM_VEF,VEF,2021-08-27 09:00:00,764,11,87.29,88.02,87.02,87.76,3501.0,306416.27249999996,derived_ohlc4
UPCOM_VEF,VEF,2021-08-30 09:00:00,765,11,89.03,89.03,88.69,88.69,3500.0,311010.0,derived_ohlc4
UPCOM_VEF,VEF,2021-08-31 09:00:00,766,11,88.29,89.83,85.68,89.63,20762.0,1834478.415,derived_ohlc4
UPCOM_VEF,VEF,2021-09-01 09:00:00,767,11,89.63,89.63,88.09,88.09,6200.0,550932.0000000001,derived_ohlc4
UPCOM_VEF,VEF,2021-09-06 09:00:00,768,11,85.01,89.03,84.34,87.69,4800.0,415284.0,derived_ohlc4
UPCOM_VEF,VEF,2021-09-07 09:00:00,769,11,87.69,87.69,86.35,86.35,2600.0,226252.00000000003,derived_ohlc4
UPCOM_VEF,VEF,2021-09-08 09:00:00,770,11,86.69,86.69,84.68,85.35,13400.0,1150423.5,derived_ohlc4
UPCOM_VEF,VEF,2021-09-09 09:00:00,771,11,87.02,87.02,84.34,85.35,5800.0,498408.5,derived_ohlc4
UPCOM_VEF,VEF,2021-09-10 09:00:00,772,11,86.48,86.48,85.08,85.35,2900.0,248957.75,derived_ohlc4
UPCOM_VEF,VEF,2021-09-13 09:00:00,773,11,87.02,87.02,85.35,85.48,7702.0,664047.185,derived_ohlc4
UPCOM_VEF,VEF,2021-09-14 09:00:00,774,11,85.01,86.89,85.01,85.01,3400.0,290632.0,derived_ohlc4
UPCOM_VEF,VEF,2021-09-15 09:00:00,775,11,86.35,86.35,85.01,85.01,16400.0,1405151.9999999998,derived_ohlc4
UPCOM_VEF,VEF,2021-09-16 09:00:00,776,11,85.48,85.48,84.68,84.74,13408.0,1140953.76,derived_ohlc4
UPCOM_VEF,VEF,2021-09-17 09:00:00,777,11,85.01,85.35,84.68,84.88,7400.0,628852.0,derived_ohlc4
UPCOM_VEF,VEF,2021-09-20 09:00:00,778,11,84.88,84.88,84.01,84.01,11300.0,954228.4999999999,derived_ohlc4
UPCOM_VEF,VEF,2021-09-21 09:00:00,779,11,83.67,84.34,83.07,84.07,14712.0,1232681.7,derived_ohlc4
UPCOM_VEF,VEF,2021-09-22 09:00:00,780,11,84.68,84.68,83.67,84.01,8638.0,727837.88,derived_ohlc4
UPCOM_VEF,VEF,2021-09-23 09:00:00,781,11,85.01,86.35,83.2,86.35,31300.0,2667620.7499999995,derived_ohlc4
UPCOM_VEF,VEF,2021-09-24 09:00:00,782,11,86.35,90.37,86.35,89.36,36162.0,3186143.415,derived_ohlc4
UPCOM_VEF,VEF,2021-09-27 09:00:00,783,11,89.36,90.23,87.35,87.35,2400.0,212573.99999999997,derived_ohlc4
UPCOM_VEF,VEF,2021-09-28 09:00:00,784,11,85.75,87.35,85.61,87.35,8600.0,744028.9999999999,derived_ohlc4
UPCOM_VEF,VEF,2021-09-29 09:00:00,785,11,87.02,88.36,86.69,88.36,29200.0,2558139.0,derived_ohlc4
UPCOM_VEF,VEF,2021-09-30 09:00:00,786,11,88.29,89.36,88.29,88.69,5900.0,523079.25,derived_ohlc4
UPCOM_VEF,VEF,2021-10-01 09:00:00,787,11,88.69,88.96,87.02,88.29,6100.0,538264.0,derived_ohlc4
UPCOM_VEF,VEF,2021-10-04 09:00:00,788,11,87.69,89.03,87.02,89.03,32700.0,2883894.75,derived_ohlc4
UPCOM_VEF,VEF,2021-10-05 09:00:00,789,11,89.03,96.39,89.03,95.72,75205.0,6959658.712500001,derived_ohlc4
UPCOM_VEF,VEF,2021-10-06 09:00:00,790,11,97.06,97.06,93.71,95.32,16208.0,1552523.7999999998,derived_ohlc4
UPCOM_VEF,VEF,2021-10-07 09:00:00,791,11,94.38,95.72,93.65,95.39,18142.0,1719589.47,derived_ohlc4
UPCOM_VEF,VEF,2021-10-08 09:00:00,792,11,100.41,108.57,97.06,108.57,183190.0,18988101.474999998,derived_ohlc4
UPCOM_VEF,VEF,2021-10-11 09:00:00,793,11,120.42,122.7,116.14,122.7,122151.0,14717973.99,derived_ohlc4
UPCOM_VEF,VEF,2021-10-12 09:00:00,794,11,129.79,137.22,123.17,124.51,191680.0,24663944.800000004,derived_ohlc4
UPCOM_VEF,VEF,2021-10-13 09:00:00,795,11,129.79,131.13,123.84,125.84,91377.0,11664274.05,derived_ohlc4
UPCOM_VEF,VEF,2021-10-14 09:00:00,796,11,129.19,129.19,125.84,126.92,70420.0,8998619.700000001,derived_ohlc4
UPCOM_VEF,VEF,2021-10-15 09:00:00,797,11,126.92,127.05,121.43,123.17,58000.0,7229265.0,derived_ohlc4
UPCOM_VEF,VEF,2021-10-18 09:00:00,798,11,123.97,123.97,117.81,119.15,58663.0,7111422.175,derived_ohlc4
UPCOM_VEF,VEF,2021-10-19 09:00:00,799,11,118.48,126.51,118.15,123.84,26350.0,3207980.75,derived_ohlc4
UPCOM_VEF,VEF,2021-10-20 09:00:00,800,11,123.84,123.84,121.89,121.89,12430.0,1527211.95,derived_ohlc4
UPCOM_VEF,VEF,2021-10-21 09:00:00,801,11,121.89,125.84,121.16,125.11,27061.0,3342033.5,derived_ohlc4
UPCOM_VEF,VEF,2021-10-22 09:00:00,802,11,125.78,132.94,125.17,126.45,13800.0,1760673.0,derived_ohlc4
UPCOM_VEF,VEF,2021-10-25 09:00:00,803,11,129.19,141.57,128.52,141.24,89119.0,12042650.469999999,derived_ohlc4
UPCOM_VEF,VEF,2021-10-26 09:00:00,804,11,143.92,155.63,140.57,155.3,80724.0,12016171.02,derived_ohlc4
UPCOM_VEF,VEF,2021-10-27 09:00:00,805,11,155.3,164.0,151.28,160.65,63600.0,10036557.0,derived_ohlc4
UPCOM_VEF,VEF,2021-10-28 09:00:00,806,11,159.31,169.35,158.31,166.74,78221.0,12783462.477500001,derived_ohlc4
UPCOM_VEF,VEF,2021-10-29 09:00:00,807,11,167.35,169.35,162.66,166.01,43767.0,7280312.1975,derived_ohlc4
UPCOM_VEF,VEF,2021-11-01 09:00:00,808,11,166.34,167.35,150.61,163.66,51774.0,8386870.260000001,derived_ohlc4
UPCOM_VEF,VEF,2021-11-02 09:00:00,809,11,159.65,174.04,159.51,173.3,73320.0,12216945.0,derived_ohlc4
UPCOM_VEF,VEF,2021-11-03 09:00:00,810,11,174.04,177.39,167.35,172.63,24625.0,4256492.8125,derived_ohlc4
UPCOM_VEF,VEF,2021-11-04 09:00:00,811,11,172.03,172.03,159.38,167.35,17920.0,3005139.1999999997,derived_ohlc4
UPCOM_VEF,VEF,2021-11-05 09:00:00,812,11,167.28,177.39,160.65,163.66,32250.0,5393651.249999999,derived_ohlc4
UPCOM_VEF,VEF,2021-11-08 09:00:00,813,11,167.35,167.35,160.65,166.61,26000.0,4302740.0,derived_ohlc4
UPCOM_VEF,VEF,2021-11-09 09:00:00,814,11,164.0,166.01,162.66,165.34,19205.0,3159270.5125,derived_ohlc4
UPCOM_VEF,VEF,2021-11-10 09:00:00,815,11,165.34,165.34,161.99,164.53,16600.0,2727380.0,derived_ohlc4
UPCOM_VEF,VEF,2021-11-11 09:00:00,816,11,164.0,164.0,160.65,161.32,33230.0,5399625.775,derived_ohlc4
UPCOM_VEF,VEF,2021-11-12 09:00:00,817,11,163.87,163.93,159.98,161.66,26555.0,4311469.8,derived_ohlc4
UPCOM_VEF,VEF,2021-11-15 09:00:00,818,11,161.19,161.32,156.64,157.97,43830.0,6981242.4,derived_ohlc4
UPCOM_VEF,VEF,2021-11-16 09:00:00,819,11,155.3,155.3,143.92,143.92,101584.0,15197982.239999998,derived_ohlc4
UPCOM_VEF,VEF,2021-11-17 09:00:00,820,11,148.6,148.6,139.23,144.59,69720.0,10127178.6,derived_ohlc4
UPCOM_VEF,VEF,2021-11-18 09:00:00,821,11,142.78,151.62,141.37,147.2,23810.0,3470128.9250000003,derived_ohlc4
UPCOM_VEF,VEF,2021-11-19 09:00:00,822,11,151.28,151.62,139.9,146.53,27531.0,4056211.0574999996,derived_ohlc4
UPCOM_VEF,VEF,2021-11-22 09:00:00,823,11,144.52,145.26,140.24,143.92,21198.0,3041595.03,derived_ohlc4
UPCOM_VEF,VEF,2021-11-23 09:00:00,824,11,137.89,144.59,137.89,143.92,16020.0,2259981.4499999997,derived_ohlc4
UPCOM_VEF,VEF,2021-11-24 09:00:00,825,11,143.92,143.92,140.57,140.64,16600.0,2361557.5,derived_ohlc4
UPCOM_VEF,VEF,2021-11-25 09:00:00,826,11,143.92,160.65,141.84,157.31,52063.0,7857868.590000001,derived_ohlc4
UPCOM_VEF,VEF,2021-11-26 09:00:00,827,11,164.0,168.68,159.98,165.34,48500.0,7978250.0,derived_ohlc4
UPCOM_VEF,VEF,2021-11-29 09:00:00,828,11,164.74,170.69,153.96,170.69,47622.0,7858582.4399999995,derived_ohlc4
UPCOM_VEF,VEF,2021-11-30 09:00:00,829,11,170.69,176.99,170.69,175.98,45893.0,7966451.1375,derived_ohlc4
UPCOM_VEF,VEF,2021-12-01 09:00:00,830,11,180.33,180.33,167.35,170.02,42358.0,7391788.685,derived_ohlc4
UPCOM_VEF,VEF,2021-12-02 09:00:00,831,11,172.7,172.7,164.0,164.67,20700.0,3488312.2499999995,derived_ohlc4
UPCOM_VEF,VEF,2021-12-03 09:00:00,832,11,164.67,184.42,163.66,174.17,64110.0,11009610.299999999,derived_ohlc4
UPCOM_VEF,VEF,2021-12-06 09:00:00,833,11,172.7,183.68,167.35,174.04,33341.0,5816087.3925,derived_ohlc4
UPCOM_VEF,VEF,2021-12-07 09:00:00,834,11,168.68,173.97,163.4,167.35,30846.0,5192924.1,derived_ohlc4
UPCOM_VEF,VEF,2021-12-08 09:00:00,835,11,164.0,164.67,157.31,164.0,28050.0,4557984.75,derived_ohlc4
UPCOM_VEF,VEF,2021-12-09 09:00:00,836,11,164.0,171.03,158.64,163.26,13001.0,2135186.7325,derived_ohlc4
UPCOM_VEF,VEF,2021-12-10 09:00:00,837,11,159.98,164.0,159.98,160.65,10370.0,1671151.425,derived_ohlc4
UPCOM_VEF,VEF,2021-12-13 09:00:00,838,11,158.04,162.66,158.04,159.65,28704.0,4581086.64,derived_ohlc4
UPCOM_VEF,VEF,2021-12-14 09:00:00,839,11,159.65,160.32,155.3,157.31,27202.0,4301860.29,derived_ohlc4
UPCOM_VEF,VEF,2021-12-15 09:00:00,840,11,157.71,162.66,155.97,160.59,17832.0,2839433.9400000004,derived_ohlc4
UPCOM_VEF,VEF,2021-12-16 09:00:00,841,11,158.31,160.52,157.37,160.32,7210.0,1147327.3,derived_ohlc4
UPCOM_VEF,VEF,2021-12-17 09:00:00,842,11,159.31,160.32,158.44,158.64,18901.0,3008613.9275,derived_ohlc4
UPCOM_VEF,VEF,2021-12-20 09:00:00,843,11,157.24,159.31,150.61,151.95,33520.0,5188141.8,derived_ohlc4
UPCOM_VEF,VEF,2021-12-21 09:00:00,844,11,153.62,153.62,142.58,149.27,44800.0,6709808.0,derived_ohlc4
UPCOM_VEF,VEF,2021-12-22 09:00:00,845,11,147.93,160.65,145.93,155.97,18630.0,2843310.6,derived_ohlc4
UPCOM_VEF,VEF,2021-12-23 09:00:00,846,11,159.31,161.99,154.03,158.64,31506.0,4993464.705,derived_ohlc4
UPCOM_VEF,VEF,2021-12-24 09:00:00,847,11,159.31,159.65,155.3,156.23,11700.0,1844183.25,derived_ohlc4
UPCOM_VEF,VEF,2021-12-27 09:00:00,848,11,157.31,157.37,154.63,155.97,8431.0,1317933.92,derived_ohlc4
UPCOM_VEF,VEF,2021-12-28 09:00:00,849,11,157.31,157.31,151.95,152.69,18500.0,2864077.5,derived_ohlc4
UPCOM_VEF,VEF,2021-12-29 09:00:00,850,11,152.62,153.29,145.93,153.29,32800.0,4962066.0,derived_ohlc4
UPCOM_VEF,VEF,2021-12-30 09:00:00,851,11,153.29,153.36,148.54,149.27,21170.0,3199104.55,derived_ohlc4
UPCOM_VEF,VEF,2021-12-31 09:00:00,852,11,150.61,153.96,147.26,149.14,10400.0,1562522.0,derived_ohlc4
UPCOM_VEF,VEF,2022-01-04 09:00:00,853,11,149.14,151.28,145.93,150.61,26840.0,4005601.6,derived_ohlc4
UPCOM_VEF,VEF,2022-01-05 09:00:00,854,11,148.6,149.27,146.66,147.26,17226.0,2548543.635,derived_ohlc4
UPCOM_VEF,VEF,2022-01-06 09:00:00,855,11,147.47,153.29,146.8,148.27,13900.0,2070509.2500000002,derived_ohlc4
UPCOM_VEF,VEF,2022-01-07 09:00:00,856,11,147.4,149.27,146.26,147.26,29100.0,4293632.25,derived_ohlc4
UPCOM_VEF,VEF,2022-01-10 09:00:00,857,11,144.79,147.93,144.05,146.6,28810.0,4201722.425,derived_ohlc4
UPCOM_VEF,VEF,2022-01-11 09:00:00,858,11,146.6,148.8,145.32,147.26,20700.0,3042796.5,derived_ohlc4
UPCOM_VEF,VEF,2022-01-12 09:00:00,859,11,147.26,147.87,143.25,146.6,22700.0,3319761.5,derived_ohlc4
UPCOM_VEF,VEF,2022-01-13 09:00:00,860,11,145.93,145.93,143.92,143.98,18200.0,2637908.0,derived_ohlc4
UPCOM_VEF,VEF,2022-01-14 09:00:00,861,11,137.96,144.92,137.89,143.92,22300.0,3148146.7499999995,derived_ohlc4
UPCOM_VEF,VEF,2022-01-17 09:00:00,862,11,144.59,146.6,136.55,139.23,22500.0,3189206.25,derived_ohlc4
UPCOM_VEF,VEF,2022-01-18 09:00:00,863,11,135.22,140.57,130.2,130.2,17228.0,2309370.3299999996,derived_ohlc4
UPCOM_VEF,VEF,2022-01-19 09:00:00,864,11,132.67,132.67,117.14,122.16,31890.0,4023242.4,derived_ohlc4
UPCOM_VEF,VEF,2022-01-20 09:00:00,865,11,122.5,125.17,122.5,125.17,11600.0,1436486.0,derived_ohlc4
UPCOM_VEF,VEF,2022-01-21 09:00:00,866,11,127.18,141.24,127.18,130.53,11000.0,1446857.5,derived_ohlc4
UPCOM_VEF,VEF,2022-01-24 09:00:00,867,11,125.04,130.53,123.84,123.84,7900.0,993918.75,derived_ohlc4
UPCOM_VEF,VEF,2022-01-25 09:00:00,868,11,115.8,125.31,114.13,125.17,7100.0,852727.75,derived_ohlc4
UPCOM_VEF,VEF,2022-01-26 09:00:00,869,11,119.82,126.85,119.82,125.58,6500.0,799613.75,derived_ohlc4
UPCOM_VEF,VEF,2022-01-27 09:00:00,870,11,124.37,125.17,123.84,124.51,5510.0,685843.475,derived_ohlc4
UPCOM_VEF,VEF,2022-01-28 09:00:00,871,11,133.21,133.21,123.84,124.51,5500.0,707808.75,derived_ohlc4
UPCOM_VEF,VEF,2022-02-07 09:00:00,872,11,129.79,129.79,125.31,125.38,3719.0,474423.5325,derived_ohlc4
UPCOM_VEF,VEF,2022-02-08 09:00:00,873,11,125.78,131.8,125.17,127.18,7260.0,925522.9500000001,derived_ohlc4
UPCOM_VEF,VEF,2022-02-09 09:00:00,874,11,129.12,129.12,126.38,126.38,5212.0,665833.0,derived_ohlc4
UPCOM_VEF,VEF,2022-02-10 09:00:00,875,11,132.27,136.55,129.19,136.49,19836.0,2650585.5,derived_ohlc4
UPCOM_VEF,VEF,2022-02-11 09:00:00,876,11,139.57,146.6,136.49,145.86,20056.0,2850559.28,derived_ohlc4
UPCOM_VEF,VEF,2022-02-14 09:00:00,877,11,145.93,151.95,145.12,147.26,17900.0,2641413.5,derived_ohlc4
UPCOM_VEF,VEF,2022-02-15 09:00:00,878,11,146.86,146.86,141.91,146.46,8240.0,1199105.4000000001,derived_ohlc4
UPCOM_VEF,VEF,2022-02-16 09:00:00,879,11,143.38,145.93,143.25,145.93,11515.0,1665328.0875000001,derived_ohlc4
UPCOM_VEF,VEF,2022-02-17 09:00:00,880,11,145.12,145.12,143.98,144.99,4221.0,611211.3525,derived_ohlc4
UPCOM_VEF,VEF,2022-02-18 09:00:00,881,11,145.39,145.86,144.25,144.65,13435.0,1948578.8125,derived_ohlc4
UPCOM_VEF,VEF,2022-02-21 09:00:00,882,11,148.54,148.54,142.71,144.52,11202.0,1636360.1549999998,derived_ohlc4
UPCOM_VEF,VEF,2022-02-22 09:00:00,883,11,143.92,145.66,141.57,141.91,3800.0,544407.0,derived_ohlc4
UPCOM_VEF,VEF,2022-02-23 09:00:00,884,11,144.85,147.26,142.58,144.59,16320.0,2363462.4000000004,derived_ohlc4
UPCOM_VEF,VEF,2022-02-24 09:00:00,885,11,146.39,147.26,137.29,145.59,20001.0,2882794.1325,derived_ohlc4
UPCOM_VEF,VEF,2022-02-25 09:00:00,886,11,146.6,146.6,144.59,146.46,10600.0,1548262.5,derived_ohlc4
UPCOM_VEF,VEF,2022-02-28 09:00:00,887,11,151.95,153.29,145.99,150.21,60004.0,9022201.440000001,derived_ohlc4
UPCOM_VEF,VEF,2022-03-01 09:00:00,888,11,148.0,149.21,145.93,147.26,22405.0,3306978.0000000005,derived_ohlc4
UPCOM_VEF,VEF,2022-03-02 09:00:00,889,11,145.26,145.26,143.85,144.59,16700.0,2417158.0,derived_ohlc4
UPCOM_VEF,VEF,2022-03-03 09:00:00,890,11,144.05,144.59,140.91,142.91,10600.0,1517018.9999999998,derived_ohlc4
UPCOM_VEF,VEF,2022-03-04 09:00:00,891,11,141.91,145.93,141.91,145.93,23600.0,3396512.0000000005,derived_ohlc4
UPCOM_VEF,VEF,2022-03-07 09:00:00,892,11,146.6,146.6,141.44,145.26,15500.0,2247112.5,derived_ohlc4
UPCOM_VEF,VEF,2022-03-08 09:00:00,893,11,144.59,145.86,141.37,145.86,4100.0,592122.0000000001,derived_ohlc4
UPCOM_VEF,VEF,2022-03-09 09:00:00,894,11,143.25,146.6,141.91,146.6,6520.0,942726.8,derived_ohlc4
UPCOM_VEF,VEF,2022-03-10 09:00:00,895,11,147.26,165.27,146.26,165.27,101280.0,15801199.2,derived_ohlc4
UPCOM_VEF,VEF,2022-03-11 09:00:00,896,11,171.96,181.27,171.96,181.27,169937.0,30013423.255000003,derived_ohlc4
UPCOM_VEF,VEF,2022-03-14 09:00:00,897,11,184.08,190.77,172.7,180.73,83534.0,15209035.379999999,derived_ohlc4
UPCOM_VEF,VEF,2022-03-15 09:00:00,898,11,180.73,184.08,175.38,184.08,28000.0,5069890.000000001,derived_ohlc4
UPCOM_VEF,VEF,2022-03-16 09:00:00,899,11,184.75,184.75,178.93,181.4,30625.0,5587760.9375,derived_ohlc4
UPCOM_VEF,VEF,2022-03-17 09:00:00,900,11,180.8,181.0,176.72,180.73,36160.0,6502020.0,derived_ohlc4
UPCOM_VEF,VEF,2022-03-18 09:00:00,901,11,177.39,179.39,174.91,177.52,32110.0,5693183.274999999,derived_ohlc4
UPCOM_VEF,VEF,2022-03-21 09:00:00,902,11,176.05,176.05,167.41,171.5,40974.0,7078360.935,derived_ohlc4
UPCOM_VEF,VEF,2022-03-22 09:00:00,903,11,171.36,172.03,165.34,168.08,38348.0,6488577.470000001,derived_ohlc4
UPCOM_VEF,VEF,2022-03-23 09:00:00,904,11,164.0,166.68,157.31,162.33,36707.0,5967824.0600000005,derived_ohlc4
UPCOM_VEF,VEF,2022-03-24 09:00:00,905,11,160.65,170.69,160.65,166.01,18203.0,2994393.5,derived_ohlc4
UPCOM_VEF,VEF,2022-03-25 09:00:00,906,11,167.28,167.28,158.78,163.0,26800.0,4397478.0,derived_ohlc4
UPCOM_VEF,VEF,2022-03-28 09:00:00,907,11,157.31,157.71,152.69,155.3,20001.0,3115205.7525,derived_ohlc4
UPCOM_VEF,VEF,2022-03-29 09:00:00,908,11,157.97,157.97,154.83,155.03,10518.0,1645541.0999999999,derived_ohlc4
UPCOM_VEF,VEF,2022-03-30 09:00:00,909,11,153.96,157.97,147.93,156.64,29265.0,4510468.125,derived_ohlc4
UPCOM_VEF,VEF,2022-03-31 09:00:00,910,11,152.62,172.7,152.62,160.65,17657.0,2818895.9075,derived_ohlc4
UPCOM_VEF,VEF,2022-04-01 09:00:00,911,11,156.37,160.59,156.3,156.3,13801.0,2172139.39,derived_ohlc4
UPCOM_VEF,VEF,2022-04-04 09:00:00,912,11,159.31,159.31,155.97,156.57,8500.0,1341215.0000000002,derived_ohlc4
UPCOM_VEF,VEF,2022-04-05 09:00:00,913,11,156.37,157.97,152.69,153.36,19550.0,3032156.1250000005,derived_ohlc4
UPCOM_VEF,VEF,2022-04-06 09:00:00,914,11,153.29,153.29,148.6,152.62,36450.0,5538577.5,derived_ohlc4
UPCOM_VEF,VEF,2022-04-07 09:00:00,915,11,147.6,149.27,146.6,147.93,18634.0,2755036.9000000004,derived_ohlc4
UPCOM_VEF,VEF,2022-04-08 09:00:00,916,11,146.73,153.96,146.73,153.96,4805.0,722407.725,derived_ohlc4
UPCOM_VEF,VEF,2022-04-12 09:00:00,917,11,147.4,148.0,144.59,147.26,8331.0,1223094.9375,derived_ohlc4
UPCOM_VEF,VEF,2022-04-13 09:00:00,918,11,143.92,147.6,142.58,147.6,10277.0,1494532.725,derived_ohlc4
UPCOM_VEF,VEF,2022-04-14 09:00:00,919,11,144.05,149.27,144.05,147.2,4600.0,672255.5,derived_ohlc4
UPCOM_VEF,VEF,2022-04-15 09:00:00,920,11,144.25,145.26,141.91,142.58,8712.0,1250172.0,derived_ohlc4
UPCOM_VEF,VEF,2022-04-18 09:00:00,921,11,147.26,161.32,147.26,151.01,25925.0,3933146.5624999995,derived_ohlc4
UPCOM_VEF,VEF,2022-04-19 09:00:00,922,11,153.29,153.96,147.93,153.29,12705.0,1932652.8375000001,derived_ohlc4
UPCOM_VEF,VEF,2022-04-20 09:00:00,923,11,149.88,149.88,142.51,147.93,13412.0,1978940.6,derived_ohlc4
UPCOM_VEF,VEF,2022-04-21 09:00:00,924,11,145.12,145.12,135.28,136.62,21481.0,3018832.335,derived_ohlc4
UPCOM_VEF,VEF,2022-04-22 09:00:00,925,11,138.56,140.57,133.88,134.01,19100.0,2612020.5,derived_ohlc4
UPCOM_VEF,VEF,2022-04-25 09:00:00,926,11,134.21,134.21,120.56,125.44,30135.0,3875511.6750000007,derived_ohlc4
UPCOM_VEF,VEF,2022-04-26 09:00:00,927,11,120.49,129.66,119.15,129.66,12312.0,1535798.8799999997,derived_ohlc4
UPCOM_VEF,VEF,2022-04-27 09:00:00,928,11,123.9,127.18,123.84,126.51,3800.0,476358.5,derived_ohlc4
UPCOM_VEF,VEF,2022-04-28 09:00:00,929,11,124.84,133.21,124.84,131.87,4300.0,553367.0,derived_ohlc4
UPCOM_VEF,VEF,2022-04-29 09:00:00,930,11,133.88,143.92,133.88,140.57,8600.0,1187337.5,derived_ohlc4
UPCOM_VEF,VEF,2022-05-04 09:00:00,931,11,139.9,140.57,137.56,137.89,6119.0,850418.6200000001,derived_ohlc4
UPCOM_VEF,VEF,2022-05-05 09:00:00,932,11,138.36,139.23,133.88,139.23,4200.0,578235.0,derived_ohlc4
UPCOM_VEF,VEF,2022-05-06 09:00:00,933,11,132.54,135.88,130.53,135.88,2500.0,334268.74999999994,derived_ohlc4
UPCOM_VEF,VEF,2022-05-09 09:00:00,934,11,125.84,130.53,120.49,120.49,17800.0,2213207.5,derived_ohlc4
UPCOM_VEF,VEF,2022-05-10 09:00:00,935,11,115.8,123.84,115.8,121.23,22313.0,2658984.4275,derived_ohlc4
UPCOM_VEF,VEF,2022-05-11 09:00:00,936,11,121.49,125.17,119.82,125.17,6300.0,774348.75,derived_ohlc4
UPCOM_VEF,VEF,2022-05-12 09:00:00,937,11,121.23,121.63,119.22,120.15,10905.0,1314679.5375,derived_ohlc4
UPCOM_VEF,VEF,2022-05-13 09:00:00,938,11,119.15,119.82,107.1,117.81,31217.0,3620235.4899999998,derived_ohlc4
UPCOM_VEF,VEF,2022-05-16 09:00:00,939,11,117.14,117.81,113.8,113.8,15020.0,1736875.25,derived_ohlc4
UPCOM_VEF,VEF,2022-05-17 09:00:00,940,11,115.94,117.14,113.8,117.14,24985.0,2898384.925,derived_ohlc4
UPCOM_VEF,VEF,2022-05-18 09:00:00,941,11,119.82,121.49,115.13,120.49,28000.0,3338510.0,derived_ohlc4
UPCOM_VEF,VEF,2022-05-19 09:00:00,942,11,114.53,119.42,114.53,117.14,10300.0,1198971.5,derived_ohlc4
UPCOM_VEF,VEF,2022-05-20 09:00:00,943,11,117.14,119.49,117.14,117.88,2700.0,318363.75,derived_ohlc4
UPCOM_VEF,VEF,2022-05-23 09:00:00,944,11,116.47,116.47,112.46,112.52,6800.0,778463.9999999999,derived_ohlc4
UPCOM_VEF,VEF,2022-05-24 09:00:00,945,11,113.8,113.8,110.45,112.46,11100.0,1250165.25,derived_ohlc4
UPCOM_VEF,VEF,2022-05-25 09:00:00,946,11,111.45,113.8,110.45,111.39,19300.0,2157209.25,derived_ohlc4
UPCOM_VEF,VEF,2022-05-26 09:00:00,947,11,119.82,119.82,109.78,113.73,17501.0,2026397.0374999999,derived_ohlc4
UPCOM_VEF,VEF,2022-05-27 09:00:00,948,11,113.73,113.8,107.77,111.25,16505.0,1842576.9375,derived_ohlc4
UPCOM_VEF,VEF,2022-05-30 09:00:00,949,11,110.45,112.39,109.78,110.11,2800.0,309911.0,derived_ohlc4
UPCOM_VEF,VEF,2022-05-31 09:00:00,950,11,109.78,112.32,109.65,111.79,5300.0,587690.5,derived_ohlc4
UPCOM_VEF,VEF,2022-06-01 09:00:00,951,11,110.11,111.79,110.11,110.52,6505.0,719664.4125,derived_ohlc4
UPCOM_VEF,VEF,2022-06-02 09:00:00,952,11,110.45,110.72,110.11,110.45,6505.0,718363.4125,derived_ohlc4
UPCOM_VEF,VEF,2022-06-03 09:00:00,953,11,111.79,111.79,109.78,110.45,4300.0,477095.75,derived_ohlc4
UPCOM_VEF,VEF,2022-06-06 09:00:00,954,11,107.77,110.52,107.1,107.9,5400.0,584941.5,derived_ohlc4
UPCOM_VEF,VEF,2022-06-07 09:00:00,955,11,107.77,107.9,105.76,107.1,8600.0,921339.4999999999,derived_ohlc4
UPCOM_VEF,VEF,2022-06-08 09:00:00,956,11,109.04,113.8,107.77,113.8,22300.0,2477585.75,derived_ohlc4
UPCOM_VEF,VEF,2022-06-09 09:00:00,957,11,109.78,114.46,109.78,113.8,28510.0,3191837.05,derived_ohlc4
UPCOM_VEF,VEF,2022-06-10 09:00:00,958,11,112.79,121.16,112.79,115.07,15202.0,1755108.905,derived_ohlc4
UPCOM_VEF,VEF,2022-06-13 09:00:00,959,11,107.1,111.79,107.1,108.11,14028.0,1522388.7000000002,derived_ohlc4
UPCOM_VEF,VEF,2022-06-14 09:00:00,960,11,107.3,109.11,107.17,107.44,8400.0,905142.0,derived_ohlc4
UPCOM_VEF,VEF,2022-06-15 09:00:00,961,11,108.44,108.44,105.76,105.83,10415.0,1115628.7625,derived_ohlc4
UPCOM_VEF,VEF,2022-06-16 09:00:00,962,11,107.1,107.1,105.76,106.23,10100.0,1076129.75,derived_ohlc4
UPCOM_VEF,VEF,2022-06-17 09:00:00,963,11,103.75,103.75,101.08,102.48,6700.0,688525.5,derived_ohlc4
UPCOM_VEF,VEF,2022-06-20 09:00:00,964,11,100.47,103.75,97.06,97.06,7100.0,707053.5,derived_ohlc4
UPCOM_VEF,VEF,2022-06-21 09:00:00,965,11,96.39,99.67,93.71,95.72,7100.0,684244.75,derived_ohlc4
UPCOM_VEF,VEF,2022-06-22 09:00:00,966,11,96.86,97.06,95.39,95.39,3800.0,365465.0,derived_ohlc4
UPCOM_VEF,VEF,2022-06-23 09:00:00,967,11,96.12,96.32,85.68,95.05,4014.0,374476.09500000003,derived_ohlc4
UPCOM_VEF,VEF,2022-06-24 09:00:00,968,11,93.71,96.39,93.71,95.05,2700.0,255730.5,derived_ohlc4
UPCOM_VEF,VEF,2022-06-27 09:00:00,969,11,98.33,98.4,94.72,97.06,3300.0,320520.75000000006,derived_ohlc4
UPCOM_VEF,VEF,2022-06-28 09:00:00,970,11,96.59,99.74,95.99,99.67,6101.0,597882.7475,derived_ohlc4
UPCOM_VEF,VEF,2022-06-29 09:00:00,971,11,99.07,99.07,96.73,98.06,1328.0,130452.76000000001,derived_ohlc4
UPCOM_VEF,VEF,2022-06-30 09:00:00,972,11,97.13,97.13,93.71,95.32,2700.0,258720.74999999997,derived_ohlc4
UPCOM_VEF,VEF,2022-07-01 09:00:00,973,11,95.65,97.06,92.44,95.72,2402.0,228712.435,derived_ohlc4
UPCOM_VEF,VEF,2022-07-04 09:00:00,974,11,94.38,95.05,93.71,93.71,3400.0,320322.5,derived_ohlc4
UPCOM_VEF,VEF,2022-07-05 09:00:00,975,11,93.71,93.71,93.04,93.04,6100.0,569587.5,derived_ohlc4
UPCOM_VEF,VEF,2022-07-06 09:00:00,976,11,93.31,93.31,92.44,92.44,3208.0,297943.0,derived_ohlc4
UPCOM_VEF,VEF,2022-07-07 09:00:00,977,11,93.71,93.71,84.81,89.36,18611.0,1682387.8725,derived_ohlc4
UPCOM_VEF,VEF,2022-07-08 09:00:00,978,11,86.35,87.42,85.68,87.42,6000.0,520305.0,derived_ohlc4
UPCOM_VEF,VEF,2022-07-11 09:00:00,979,11,85.82,86.02,80.33,80.33,20310.0,1688268.7499999998,derived_ohlc4
UPCOM_VEF,VEF,2022-07-12 09:00:00,980,11,81.0,87.02,78.99,81.66,12807.0,1052319.1724999999,derived_ohlc4
UPCOM_VEF,VEF,2022-07-13 09:00:00,981,11,81.66,81.66,78.32,78.32,4306.0,344436.94,derived_ohlc4
UPCOM_VEF,VEF,2022-07-14 09:00:00,982,11,80.33,80.33,78.99,78.99,4200.0,334572.0,derived_ohlc4
UPCOM_VEF,VEF,2022-07-15 09:00:00,983,11,79.66,84.94,70.55,70.75,17400.0,1330665.0,derived_ohlc4
UPCOM_VEF,VEF,2022-07-18 09:00:00,984,11,72.29,74.57,68.95,69.15,7327.0,521975.48000000004,derived_ohlc4
UPCOM_VEF,VEF,2022-07-19 09:00:00,985,11,68.14,70.62,66.94,69.62,10809.0,743983.47,derived_ohlc4
UPCOM_VEF,VEF,2022-07-20 09:00:00,986,11,73.5,73.5,68.28,70.29,7624.0,544296.42,derived_ohlc4
UPCOM_VEF,VEF,2022-07-21 09:00:00,987,11,68.28,70.29,68.28,69.62,4402.0,304255.23500000004,derived_ohlc4
UPCOM_VEF,VEF,2022-07-22 09:00:00,988,11,70.22,70.29,68.28,68.28,13600.0,942038.0,derived_ohlc4
UPCOM_VEF,VEF,2022-07-25 09:00:00,989,11,68.75,69.28,67.01,69.21,3000.0,205687.5,derived_ohlc4
UPCOM_VEF,VEF,2022-07-26 09:00:00,990,11,69.55,70.29,68.95,70.29,6700.0,467459.00000000006,derived_ohlc4
UPCOM_VEF,VEF,2022-07-27 09:00:00,991,11,70.22,70.22,68.34,69.75,2305.0,160502.91249999998,derived_ohlc4
UPCOM_VEF,VEF,2022-07-28 09:00:00,992,11,69.95,70.29,69.28,70.08,10420.0,728358.0000000001,derived_ohlc4
UPCOM_VEF,VEF,2022-07-29 09:00:00,993,11,70.62,74.9,63.12,70.95,22900.0,1600652.7500000002,derived_ohlc4
UPCOM_VEF,VEF,2022-08-01 09:00:00,994,11,70.35,71.62,70.35,71.62,5300.0,376220.5,derived_ohlc4
UPCOM_VEF,VEF,2022-08-02 09:00:00,995,11,74.1,80.33,74.1,77.65,12900.0,987430.5,derived_ohlc4
UPCOM_VEF,VEF,2022-08-03 09:00:00,996,11,74.7,78.12,74.7,75.64,4600.0,348633.99999999994,derived_ohlc4
UPCOM_VEF,VEF,2022-08-04 09:00:00,997,11,76.31,76.91,74.97,76.91,4700.0,358492.5,derived_ohlc4
UPCOM_VEF,VEF,2022-08-05 09:00:00,998,11,75.64,77.65,75.64,76.78,6100.0,466207.75000000006,derived_ohlc4
UPCOM_VEF,VEF,2022-08-08 09:00:00,999,11,76.85,77.31,76.85,77.05,7600.0,585314.0,derived_ohlc4
UPCOM_VEF,VEF,2022-08-09 09:00:00,1000,11,77.11,78.32,77.11,78.32,1522.0,118282.23000000001,derived_ohlc4
UPCOM_VEF,VEF,2022-08-10 09:00:00,1001,11,76.64,79.52,76.58,78.99,6300.0,490974.75,derived_ohlc4
UPCOM_VEF,VEF,2022-08-11 09:00:00,1002,11,79.19,79.19,78.18,78.18,700.0,55079.5,derived_ohlc4
UPCOM_VEF,VEF,2022-08-12 09:00:00,1003,11,67.61,84.21,67.61,76.38,503.0,37198.1075,derived_ohlc4
UPCOM_VEF,VEF,2022-08-15 09:00:00,1004,11,77.11,78.52,77.11,77.18,12400.0,960752.0,derived_ohlc4
UPCOM_VEF,VEF,2022-08-16 09:00:00,1005,11,76.64,77.65,76.31,77.65,4000.0,308250.0,derived_ohlc4
UPCOM_VEF,VEF,2022-08-17 09:00:00,1006,11,76.64,76.64,76.38,76.44,4600.0,352015.0,derived_ohlc4
UPCOM_VEF,VEF,2022-08-18 09:00:00,1007,11,76.31,76.38,76.31,76.31,2200.0,167920.5,derived_ohlc4
UPCOM_VEF,VEF,2022-08-19 09:00:00,1008,11,76.38,76.44,76.38,76.38,7400.0,565323.0,derived_ohlc4
UPCOM_VEF,VEF,2022-08-22 09:00:00,1009,11,76.38,76.38,75.64,75.71,10300.0,783083.2499999999,derived_ohlc4
UPCOM_VEF,VEF,2022-08-23 09:00:00,1010,11,75.64,76.24,75.44,76.24,4300.0,326327.0,derived_ohlc4
UPCOM_VEF,VEF,2022-08-24 09:00:00,1011,11,76.85,76.98,75.71,76.64,5260.0,402626.69999999995,derived_ohlc4
UPCOM_VEF,VEF,2022-08-25 09:00:00,1012,11,76.31,76.64,75.98,76.64,1200.0,91671.0,derived_ohlc4
UPCOM_VEF,VEF,2022-08-26 09:00:00,1013,11,74.44,76.38,74.44,76.38,2000.0,150820.0,derived_ohlc4
UPCOM_VEF,VEF,2022-08-29 09:00:00,1014,11,73.7,75.64,73.63,75.64,1700.0,126909.25,derived_ohlc4
UPCOM_VEF,VEF,2022-08-30 09:00:00,1015,11,74.3,75.64,74.3,75.64,1300.0,97461.0,derived_ohlc4
UPCOM_VEF,VEF,2022-08-31 09:00:00,1016,11,75.31,75.64,75.31,75.64,3300.0,249067.49999999997,derived_ohlc4
UPCOM_VEF,VEF,2022-09-05 09:00:00,1017,11,75.64,76.31,75.37,76.24,3900.0,295971.0,derived_ohlc4
UPCOM_VEF,VEF,2022-09-06 09:00:00,1018,11,75.04,75.98,75.04,75.98,600.0,45306.0,derived_ohlc4
UPCOM_VEF,VEF,2022-09-07 09:00:00,1019,11,85.35,85.35,72.29,76.91,5100.0,407872.5,derived_ohlc4
UPCOM_VEF,VEF,2022-09-08 09:00:00,1020,11,75.17,76.98,74.97,76.98,3610.0,274450.25,derived_ohlc4
UPCOM_VEF,VEF,2022-09-09 09:00:00,1021,11,78.99,78.99,75.64,77.58,2200.0,171160.0,derived_ohlc4
UPCOM_VEF,VEF,2022-09-12 09:00:00,1022,11,75.1,76.24,71.62,76.24,1500.0,112200.0,derived_ohlc4
UPCOM_VEF,VEF,2022-09-13 09:00:00,1023,11,73.77,76.31,73.77,74.84,3600.0,268820.99999999994,derived_ohlc4
UPCOM_VEF,VEF,2022-09-14 09:00:00,1024,11,76.04,76.04,76.04,76.04,100.0,7604.000000000001,derived_ohlc4
UPCOM_VEF,VEF,2022-09-15 09:00:00,1025,11,75.64,75.64,75.64,75.64,2600.0,196664.0,derived_ohlc4
UPCOM_VEF,VEF,2022-09-16 09:00:00,1026,11,76.18,76.31,76.18,76.24,1300.0,99095.75000000001,derived_ohlc4
UPCOM_VEF,VEF,2022-09-19 09:00:00,1027,11,76.04,76.18,71.82,71.82,700.0,51775.5,derived_ohlc4
UPCOM_VEF,VEF,2022-09-20 09:00:00,1028,11,75.17,75.64,75.17,75.64,400.0,30162.0,derived_ohlc4
UPCOM_VEF,VEF,2022-09-21 09:00:00,1029,11,71.96,75.31,71.96,75.24,1200.0,88340.99999999999,derived_ohlc4
UPCOM_VEF,VEF,2022-09-22 09:00:00,1030,11,73.57,75.64,73.57,75.64,400.0,29841.999999999996,derived_ohlc4
UPCOM_VEF,VEF,2022-09-23 09:00:00,1031,11,74.3,75.37,72.96,72.96,2100.0,155184.75,derived_ohlc4
UPCOM_VEF,VEF,2022-09-26 09:00:00,1032,11,73.83,73.83,68.41,70.29,3500.0,250565.0,derived_ohlc4
UPCOM_VEF,VEF,2022-09-27 09:00:00,1033,11,71.62,71.62,68.54,71.29,400.0,28307.000000000004,derived_ohlc4
UPCOM_VEF,VEF,2022-09-28 09:00:00,1034,11,67.67,70.95,66.34,67.61,3200.0,218056.0,derived_ohlc4
UPCOM_VEF,VEF,2022-09-29 09:00:00,1035,11,68.34,69.62,68.34,68.81,4200.0,288865.5,derived_ohlc4
UPCOM_VEF,VEF,2022-09-30 09:00:00,1036,11,66.94,68.28,66.94,68.28,6809.0,460356.49,derived_ohlc4
UPCOM_VEF,VEF,2022-10-03 09:00:00,1037,11,66.94,66.94,62.92,62.92,4700.0,305171.00000000006,derived_ohlc4
UPCOM_VEF,VEF,2022-10-04 09:00:00,1038,11,64.93,64.93,61.58,62.25,2208.0,140036.88,derived_ohlc4
UPCOM_VEF,VEF,2022-10-05 09:00:00,1039,11,66.2,66.27,61.58,63.52,4217.0,271543.1725,derived_ohlc4
UPCOM_VEF,VEF,2022-10-06 09:00:00,1040,11,64.39,64.39,56.9,56.9,4000.0,242580.0,derived_ohlc4
UPCOM_VEF,VEF,2022-10-07 09:00:00,1041,11,53.82,54.89,53.22,53.68,13039.0,702834.6975,derived_ohlc4
UPCOM_VEF,VEF,2022-10-10 09:00:00,1042,11,54.22,55.56,54.22,55.56,725.0,39795.25,derived_ohlc4
UPCOM_VEF,VEF,2022-10-11 09:00:00,1043,11,57.3,57.3,50.87,52.88,4600.0,251102.5,derived_ohlc4
UPCOM_VEF,VEF,2022-10-12 09:00:00,1044,11,52.88,54.82,51.61,52.88,2800.0,148533.0,derived_ohlc4
UPCOM_VEF,VEF,2022-10-13 09:00:00,1045,11,59.11,59.11,53.62,53.62,2600.0,146549.0,derived_ohlc4
UPCOM_VEF,VEF,2022-10-14 09:00:00,1046,11,54.22,55.89,54.22,54.89,3701.0,202833.30499999996,derived_ohlc4
UPCOM_VEF,VEF,2022-10-17 09:00:00,1047,11,57.43,57.43,54.76,56.09,2500.0,141068.75,derived_ohlc4
UPCOM_VEF,VEF,2022-10-18 09:00:00,1048,11,55.29,56.83,55.22,56.23,2801.0,156554.8925,derived_ohlc4
UPCOM_VEF,VEF,2022-10-19 09:00:00,1049,11,56.9,56.9,55.56,55.89,4500.0,253406.25,derived_ohlc4
UPCOM_VEF,VEF,2022-10-20 09:00:00,1050,11,59.51,59.51,59.51,59.51,121.0,7200.71,derived_ohlc4
UPCOM_VEF,VEF,2022-10-21 09:00:00,1051,11,55.29,55.29,53.55,53.55,700.0,38094.0,derived_ohlc4
UPCOM_VEF,VEF,2022-10-24 09:00:00,1052,11,55.22,55.22,51.01,51.01,6700.0,355870.49999999994,derived_ohlc4
UPCOM_VEF,VEF,2022-10-25 09:00:00,1053,11,51.21,52.08,46.86,50.87,13500.0,678442.4999999999,derived_ohlc4
UPCOM_VEF,VEF,2022-10-26 09:00:00,1054,11,50.14,50.14,47.19,47.19,1900.0,92463.5,derived_ohlc4
UPCOM_VEF,VEF,2022-10-27 09:00:00,1055,11,50.2,50.87,49.87,50.87,1700.0,85769.25,derived_ohlc4
UPCOM_VEF,VEF,2022-10-28 09:00:00,1056,11,55.76,55.76,47.93,52.75,3900.0,206895.0,derived_ohlc4
UPCOM_VEF,VEF,2022-10-31 09:00:00,1057,11,50.54,53.42,47.39,50.54,1830.0,92364.675,derived_ohlc4
UPCOM_VEF,VEF,2022-11-01 09:00:00,1058,11,49.94,51.41,49.94,50.81,1100.0,55577.5,derived_ohlc4
UPCOM_VEF,VEF,2022-11-02 09:00:00,1059,11,50.27,50.87,50.27,50.87,500.0,25285.0,derived_ohlc4
UPCOM_VEF,VEF,2022-11-03 09:00:00,1060,11,49.53,49.53,48.87,48.87,600.0,29520.0,derived_ohlc4
UPCOM_VEF,VEF,2022-11-04 09:00:00,1061,11,46.86,48.87,46.86,48.87,4700.0,224965.49999999997,derived_ohlc4
UPCOM_VEF,VEF,2022-11-07 09:00:00,1062,11,45.25,45.52,40.16,40.16,18800.0,804123.0,derived_ohlc4
UPCOM_VEF,VEF,2022-11-08 09:00:00,1063,11,44.85,44.85,37.49,40.83,10700.0,449453.49999999994,derived_ohlc4
UPCOM_VEF,VEF,2022-11-09 09:00:00,1064,11,40.23,44.92,40.23,43.44,5700.0,240568.5,derived_ohlc4
UPCOM_VEF,VEF,2022-11-10 09:00:00,1065,11,40.83,40.83,38.15,38.82,6700.0,265705.25,derived_ohlc4
UPCOM_VEF,VEF,2022-11-11 09:00:00,1066,11,38.15,39.36,36.82,38.62,9700.0,370903.75,derived_ohlc4
UPCOM_VEF,VEF,2022-11-14 09:00:00,1067,11,37.49,37.49,33.4,34.14,25900.0,922816.9999999999,derived_ohlc4
UPCOM_VEF,VEF,2022-11-15 09:00:00,1068,11,34.81,34.81,32.13,32.73,30100.0,1011961.9999999999,derived_ohlc4
UPCOM_VEF,VEF,2022-11-16 09:00:00,1069,11,32.13,37.55,28.78,37.55,12000.0,408030.0,derived_ohlc4
UPCOM_VEF,VEF,2022-11-17 09:00:00,1070,11,34.14,37.55,34.14,37.49,6100.0,218563.0,derived_ohlc4
UPCOM_VEF,VEF,2022-11-18 09:00:00,1071,11,37.35,38.76,36.15,37.49,5520.0,206655.0,derived_ohlc4
UPCOM_VEF,VEF,2022-11-21 09:00:00,1072,11,37.35,39.83,37.35,39.43,3004.0,115623.96,derived_ohlc4
UPCOM_VEF,VEF,2022-11-22 09:00:00,1073,11,39.49,40.1,38.15,38.69,3300.0,129054.75,derived_ohlc4
UPCOM_VEF,VEF,2022-11-23 09:00:00,1074,11,39.16,39.49,36.88,38.76,1901.0,73326.3225,derived_ohlc4
UPCOM_VEF,VEF,2022-11-24 09:00:00,1075,11,36.88,38.49,36.15,38.49,4002.0,150085.00500000003,derived_ohlc4
UPCOM_VEF,VEF,2022-11-25 09:00:00,1076,11,36.75,38.49,36.75,38.36,4300.0,161626.25000000003,derived_ohlc4
UPCOM_VEF,VEF,2022-11-28 09:00:00,1077,11,39.16,42.97,39.16,40.77,6400.0,259296.0,derived_ohlc4
UPCOM_VEF,VEF,2022-11-29 09:00:00,1078,11,46.19,46.19,42.84,44.18,5006.0,224519.1,derived_ohlc4
UPCOM_VEF,VEF,2022-11-30 09:00:00,1079,11,45.52,48.46,45.52,47.26,9900.0,462231.0,derived_ohlc4
UPCOM_VEF,VEF,2022-12-01 09:00:00,1080,11,48.73,53.82,48.73,50.87,14100.0,712578.75,derived_ohlc4
UPCOM_VEF,VEF,2022-12-02 09:00:00,1081,11,51.74,53.22,51.54,52.61,6600.0,345031.5,derived_ohlc4
UPCOM_VEF,VEF,2022-12-05 09:00:00,1082,11,53.55,53.55,48.6,48.6,12365.0,631542.375,derived_ohlc4
UPCOM_VEF,VEF,2022-12-06 09:00:00,1083,11,50.34,50.34,44.92,45.85,12000.0,574350.0,derived_ohlc4
UPCOM_VEF,VEF,2022-12-07 09:00:00,1084,11,46.72,46.72,41.64,43.38,10800.0,481841.99999999994,derived_ohlc4
UPCOM_VEF,VEF,2022-12-08 09:00:00,1085,11,43.51,46.05,42.51,43.51,8100.0,355549.49999999994,derived_ohlc4
UPCOM_VEF,VEF,2022-12-09 09:00:00,1086,11,44.85,44.85,41.5,41.5,3300.0,142477.5,derived_ohlc4
UPCOM_VEF,VEF,2022-12-12 09:00:00,1087,11,43.91,46.46,42.97,43.04,6400.0,282208.0,derived_ohlc4
UPCOM_VEF,VEF,2022-12-13 09:00:00,1088,11,42.84,43.44,42.17,43.44,12100.0,519967.24999999994,derived_ohlc4
UPCOM_VEF,VEF,2022-12-14 09:00:00,1089,11,42.91,44.78,42.64,44.78,7800.0,341464.5,derived_ohlc4
UPCOM_VEF,VEF,2022-12-15 09:00:00,1090,11,42.84,44.71,42.84,44.71,5400.0,236385.00000000003,derived_ohlc4
UPCOM_VEF,VEF,2022-12-16 09:00:00,1091,11,43.31,45.45,43.04,45.38,2900.0,128455.5,derived_ohlc4
UPCOM_VEF,VEF,2022-12-19 09:00:00,1092,11,44.92,46.72,44.92,46.19,1900.0,86806.25,derived_ohlc4
UPCOM_VEF,VEF,2022-12-20 09:00:00,1093,11,42.84,42.84,41.9,42.51,5800.0,246630.5,derived_ohlc4
UPCOM_VEF,VEF,2022-12-21 09:00:00,1094,11,43.44,44.85,42.51,44.45,3100.0,135818.75,derived_ohlc4
UPCOM_VEF,VEF,2022-12-22 09:00:00,1095,11,44.18,44.18,43.58,44.18,1300.0,57239.0,derived_ohlc4
UPCOM_VEF,VEF,2022-12-23 09:00:00,1096,11,42.91,44.18,42.84,43.18,7200.0,311598.0,derived_ohlc4
UPCOM_VEF,VEF,2022-12-26 09:00:00,1097,11,42.84,42.84,40.83,40.83,7001.0,292886.835,derived_ohlc4
UPCOM_VEF,VEF,2022-12-27 09:00:00,1098,11,41.37,43.31,41.37,42.84,1900.0,80222.75,derived_ohlc4
UPCOM_VEF,VEF,2022-12-28 09:00:00,1099,11,43.44,43.44,41.97,42.17,1900.0,81234.49999999999,derived_ohlc4
UPCOM_VEF,VEF,2022-12-29 09:00:00,1100,11,42.31,43.51,42.17,43.51,4300.0,184362.5,derived_ohlc4
UPCOM_VEF,VEF,2022-12-30 09:00:00,1101,11,44.78,44.78,44.78,44.78,200.0,8956.0,derived_ohlc4
UPCOM_VEF,VEF,2023-01-03 09:00:00,1102,11,43.51,43.51,42.91,42.91,6405.0,276760.05,derived_ohlc4
UPCOM_VEF,VEF,2023-01-04 09:00:00,1103,11,43.51,43.84,43.51,43.84,1700.0,74247.5,derived_ohlc4
UPCOM_VEF,VEF,2023-01-05 09:00:00,1104,11,42.51,43.64,42.17,42.17,5800.0,247210.5,derived_ohlc4
UPCOM_VEF,VEF,2023-01-06 09:00:00,1105,11,42.84,46.72,42.84,46.72,2300.0,102994.0,derived_ohlc4
UPCOM_VEF,VEF,2023-01-09 09:00:00,1106,11,45.79,45.85,43.51,43.51,1300.0,58064.5,derived_ohlc4
UPCOM_VEF,VEF,2023-01-10 09:00:00,1107,11,43.51,44.51,42.84,42.91,2900.0,125983.25000000001,derived_ohlc4
UPCOM_VEF,VEF,2023-01-11 09:00:00,1108,11,43.18,45.05,43.04,43.04,4600.0,200456.49999999997,derived_ohlc4
UPCOM_VEF,VEF,2023-01-12 09:00:00,1109,11,43.04,43.18,42.84,43.18,2400.0,103344.0,derived_ohlc4
UPCOM_VEF,VEF,2023-01-13 09:00:00,1110,11,48.2,48.2,42.84,42.97,7500.0,341643.75,derived_ohlc4
UPCOM_VEF,VEF,2023-01-16 09:00:00,1111,11,46.66,46.72,46.66,46.72,1200.0,56028.0,derived_ohlc4
UPCOM_VEF,VEF,2023-01-17 09:00:00,1112,11,43.51,43.51,42.57,42.71,1100.0,47382.5,derived_ohlc4
UPCOM_VEF,VEF,2023-01-18 09:00:00,1113,11,43.84,44.71,43.84,44.71,3800.0,168245.00000000003,derived_ohlc4
UPCOM_VEF,VEF,2023-01-19 09:00:00,1114,11,44.65,45.45,44.58,45.45,1900.0,85561.75,derived_ohlc4
UPCOM_VEF,VEF,2023-01-27 09:00:00,1115,11,45.52,45.52,44.71,44.85,3100.0,139965.0,derived_ohlc4
UPCOM_VEF,VEF,2023-01-30 09:00:00,1116,11,46.86,46.86,44.31,45.92,1100.0,50586.25,derived_ohlc4
UPCOM_VEF,VEF,2023-01-31 09:00:00,1117,11,45.85,46.19,45.85,46.19,1601.0,73678.01999999999,derived_ohlc4
UPCOM_VEF,VEF,2023-02-01 09:00:00,1118,11,46.79,47.53,44.18,44.18,3802.0,173637.34,derived_ohlc4
UPCOM_VEF,VEF,2023-02-03 09:00:00,1120,12,45.52,45.52,45.52,45.52,6700.0,304984.0,derived_ohlc4
UPCOM_VEF,VEF,2023-02-06 09:00:00,1121,12,45.52,46.19,45.52,45.52,3900.0,178181.25000000003,derived_ohlc4
UPCOM_VEF,VEF,2023-02-07 09:00:00,1122,12,45.85,45.85,45.52,45.85,9700.0,443944.75,derived_ohlc4
UPCOM_VEF,VEF,2023-02-08 09:00:00,1123,12,45.59,45.59,45.52,45.52,3100.0,141220.50000000003,derived_ohlc4
UPCOM_VEF,VEF,2023-02-09 09:00:00,1124,12,44.31,46.79,44.31,46.05,2600.0,117948.99999999999,derived_ohlc4
UPCOM_VEF,VEF,2023-02-10 09:00:00,1125,12,45.45,45.52,44.18,45.52,2321.0,104833.76750000002,derived_ohlc4
UPCOM_VEF,VEF,2023-02-13 09:00:00,1126,12,44.18,44.18,43.18,43.31,4300.0,187963.75,derived_ohlc4
UPCOM_VEF,VEF,2023-02-14 09:00:00,1127,12,43.24,43.24,43.18,43.18,700.0,30247.0,derived_ohlc4
UPCOM_VEF,VEF,2023-02-15 09:00:00,1128,12,43.18,45.52,43.18,44.18,17000.0,748255.0,derived_ohlc4
UPCOM_VEF,VEF,2023-02-16 09:00:00,1129,12,45.45,45.45,45.18,45.18,1306.0,59181.39000000001,derived_ohlc4
UPCOM_VEF,VEF,2023-02-17 09:00:00,1130,12,45.65,45.65,43.64,43.64,410.0,18304.449999999997,derived_ohlc4
UPCOM_VEF,VEF,2023-02-20 09:00:00,1131,12,48.87,48.87,44.71,44.71,5700.0,266703.0,derived_ohlc4
UPCOM_VEF,VEF,2023-02-21 09:00:00,1132,12,45.05,46.46,45.05,46.46,2710.0,123996.05,derived_ohlc4
UPCOM_VEF,VEF,2023-02-22 09:00:00,1133,12,43.64,45.72,43.64,43.64,4800.0,211967.99999999997,derived_ohlc4
UPCOM_VEF,VEF,2023-02-23 09:00:00,1134,12,43.58,45.38,43.58,45.38,1506.0,66986.88,derived_ohlc4
UPCOM_VEF,VEF,2023-02-24 09:00:00,1135,12,43.71,43.71,43.71,43.71,100.0,4371.0,derived_ohlc4
UPCOM_VEF,VEF,2023-02-27 09:00:00,1136,12,43.51,44.78,42.84,44.78,1300.0,57170.75,derived_ohlc4
UPCOM_VEF,VEF,2023-02-28 09:00:00,1137,12,45.52,45.52,43.84,43.84,300.0,13404.0,derived_ohlc4
UPCOM_VEF,VEF,2023-03-01 09:00:00,1138,12,43.51,45.79,43.51,45.79,6400.0,285760.0,derived_ohlc4
UPCOM_VEF,VEF,2023-03-02 09:00:00,1139,12,44.51,44.65,44.18,44.65,3900.0,173540.25,derived_ohlc4
UPCOM_VEF,VEF,2023-03-03 09:00:00,1140,12,44.31,45.45,43.51,45.45,2800.0,125104.00000000001,derived_ohlc4
UPCOM_VEF,VEF,2023-03-06 09:00:00,1141,12,44.31,48.2,44.31,44.85,2600.0,118085.49999999999,derived_ohlc4
UPCOM_VEF,VEF,2023-03-07 09:00:00,1142,12,46.52,46.52,46.52,46.52,300.0,13956.000000000002,derived_ohlc4
UPCOM_VEF,VEF,2023-03-08 09:00:00,1143,12,46.79,46.79,44.58,44.58,500.0,22842.5,derived_ohlc4
UPCOM_VEF,VEF,2023-03-09 09:00:00,1144,12,44.92,46.19,44.85,45.52,2700.0,122499.00000000001,derived_ohlc4
UPCOM_VEF,VEF,2023-03-10 09:00:00,1145,12,45.52,45.85,45.25,45.72,6200.0,282627.0,derived_ohlc4
UPCOM_VEF,VEF,2023-03-13 09:00:00,1146,12,45.32,45.52,45.32,45.52,2800.0,127176.0,derived_ohlc4
UPCOM_VEF,VEF,2023-03-14 09:00:00,1147,12,45.85,50.0,44.85,44.98,1100.0,51061.99999999999,derived_ohlc4
UPCOM_VEF,VEF,2023-03-15 09:00:00,1148,12,46.19,46.19,44.85,46.12,5100.0,233771.25,derived_ohlc4
UPCOM_VEF,VEF,2023-03-16 09:00:00,1149,12,44.85,44.85,44.85,44.85,500.0,22425.0,derived_ohlc4
UPCOM_VEF,VEF,2023-03-17 09:00:00,1150,12,44.51,44.85,44.51,44.85,800.0,35744.0,derived_ohlc4
UPCOM_VEF,VEF,2023-03-20 09:00:00,1151,12,44.85,46.05,44.18,44.18,5300.0,237519.50000000003,derived_ohlc4
UPCOM_VEF,VEF,2023-03-21 09:00:00,1152,12,44.78,44.78,44.18,44.38,2900.0,129137.0,derived_ohlc4
UPCOM_VEF,VEF,2023-03-22 09:00:00,1153,12,47.19,47.19,47.19,47.19,300.0,14157.0,derived_ohlc4
UPCOM_VEF,VEF,2023-03-24 09:00:00,1155,13,44.92,44.92,44.92,44.92,800.0,35936.0,derived_ohlc4
UPCOM_VEF,VEF,2023-03-27 09:00:00,1156,13,45.05,45.12,45.05,45.12,600.0,27050.999999999996,derived_ohlc4
UPCOM_VEF,VEF,2023-03-28 09:00:00,1157,13,45.99,45.99,45.18,45.18,600.0,27351.0,derived_ohlc4
UPCOM_VEF,VEF,2023-03-29 09:00:00,1158,13,45.52,45.52,45.38,45.38,4200.0,190890.0,derived_ohlc4
UPCOM_VEF,VEF,2023-03-30 09:00:00,1159,13,45.32,45.72,45.32,45.72,1075.0,48933.99999999999,derived_ohlc4
UPCOM_VEF,VEF,2023-03-31 09:00:00,1160,13,45.85,46.19,45.59,46.19,6097.0,280187.635,derived_ohlc4
UPCOM_VEF,VEF,2023-04-03 09:00:00,1161,13,45.65,48.13,45.65,47.53,1303.0,60902.22,derived_ohlc4
UPCOM_VEF,VEF,2023-04-05 09:00:00,1163,14,47.19,48.8,47.19,47.53,1100.0,52445.25,derived_ohlc4
UPCOM_VEF,VEF,2023-04-06 09:00:00,1164,14,48.93,48.93,48.8,48.87,300.0,14664.75,derived_ohlc4
UPCOM_VEF,VEF,2023-04-07 09:00:00,1165,14,48.53,48.53,48.53,48.53,200.0,9706.0,derived_ohlc4
UPCOM_VEF,VEF,2023-04-10 09:00:00,1166,14,49.47,49.47,46.92,46.92,401.0,19326.195000000003,derived_ohlc4
UPCOM_VEF,VEF,2023-04-11 09:00:00,1167,14,46.86,48.2,44.25,48.2,3800.0,178134.5,derived_ohlc4
UPCOM_VEF,VEF,2023-04-12 09:00:00,1168,14,45.85,49.53,45.85,49.53,12102.0,577144.38,derived_ohlc4
UPCOM_VEF,VEF,2023-04-13 09:00:00,1169,14,48.53,50.2,46.19,48.93,21200.0,1027405.0000000001,derived_ohlc4
UPCOM_VEF,VEF,2023-04-14 09:00:00,1170,14,50.2,50.2,48.2,48.2,1700.0,83640.0,derived_ohlc4
UPCOM_VEF,VEF,2023-04-17 09:00:00,1171,14,48.6,48.6,45.99,46.86,5600.0,266070.0,derived_ohlc4
UPCOM_VEF,VEF,2023-04-18 09:00:00,1172,14,46.86,46.86,46.86,46.86,402.0,18837.72,derived_ohlc4
UPCOM_VEF,VEF,2023-04-19 09:00:00,1173,14,50.14,50.2,49.94,49.94,900.0,45049.5,derived_ohlc4
UPCOM_VEF,VEF,2023-04-20 09:00:00,1174,14,49.94,49.94,48.87,48.87,900.0,44464.5,derived_ohlc4
UPCOM_VEF,VEF,2023-04-21 09:00:00,1175,14,48.87,48.87,48.8,48.87,8400.0,410361.0,derived_ohlc4
UPCOM_VEF,VEF,2023-04-24 09:00:00,1176,14,47.53,50.14,46.86,49.47,3400.0,164900.0,derived_ohlc4
UPCOM_VEF,VEF,2023-04-25 09:00:00,1177,14,47.53,48.73,47.39,48.73,6902.0,331951.68999999994,derived_ohlc4
UPCOM_VEF,VEF,2023-04-26 09:00:00,1178,14,47.46,49.4,47.46,49.4,500.0,24215.0,derived_ohlc4
UPCOM_VEF,VEF,2023-04-27 09:00:00,1179,14,48.6,49.87,47.19,49.87,2900.0,141759.25,derived_ohlc4
UPCOM_VEF,VEF,2023-04-28 09:00:00,1180,14,46.86,49.47,46.86,49.47,600.0,28899.0,derived_ohlc4
UPCOM_VEF,VEF,2023-05-04 09:00:00,1181,14,48.2,50.2,47.19,50.2,2942.0,144003.545,derived_ohlc4
UPCOM_VEF,VEF,2023-05-05 09:00:00,1182,14,50.14,50.2,49.2,50.2,700.0,34954.5,derived_ohlc4
UPCOM_VEF,VEF,2023-05-08 09:00:00,1183,14,49.53,50.2,48.2,50.2,7901.0,391356.2825,derived_ohlc4
UPCOM_VEF,VEF,2023-05-09 09:00:00,1184,14,49.47,52.08,49.47,52.08,1300.0,66007.49999999999,derived_ohlc4
UPCOM_VEF,VEF,2023-05-10 09:00:00,1185,14,50.74,52.15,50.74,52.15,1700.0,87456.5,derived_ohlc4
UPCOM_VEF,VEF,2023-05-11 09:00:00,1186,14,51.14,53.55,51.07,53.55,7900.0,413387.25,derived_ohlc4
UPCOM_VEF,VEF,2023-05-12 09:00:00,1187,14,56.23,56.23,55.22,56.23,3600.0,201519.0,derived_ohlc4
UPCOM_VEF,VEF,2023-05-15 09:00:00,1188,14,61.25,64.53,61.25,64.53,8837.0,555758.93,derived_ohlc4
UPCOM_VEF,VEF,2023-05-16 09:00:00,1189,14,64.26,72.96,64.26,72.96,14500.0,994845.0,derived_ohlc4
UPCOM_VEF,VEF,2023-05-17 09:00:00,1190,14,82.8,82.8,82.8,82.8,12684.0,1050235.2,derived_ohlc4
UPCOM_VEF,VEF,2023-05-18 09:00:00,1191,14,95.19,95.19,88.36,95.19,78825.0,7368758.0625,derived_ohlc4
UPCOM_VEF,VEF,2023-05-19 09:00:00,1192,14,107.1,107.1,93.71,96.39,29141.0,2945426.5749999997,derived_ohlc4
UPCOM_VEF,VEF,2023-05-22 09:00:00,1193,14,101.88,103.75,88.36,88.63,35459.0,3391830.645,derived_ohlc4
UPCOM_VEF,VEF,2023-05-23 09:00:00,1194,14,90.03,90.03,82.33,85.68,24035.0,2091465.6125,derived_ohlc4
UPCOM_VEF,VEF,2023-05-24 09:00:00,1195,14,84.81,92.37,84.81,84.81,17915.0,1553230.5,derived_ohlc4
UPCOM_VEF,VEF,2023-05-25 09:00:00,1196,14,87.02,89.7,83.0,84.34,14800.0,1273022.0000000002,derived_ohlc4
UPCOM_VEF,VEF,2023-05-26 09:00:00,1197,14,73.7,81.73,73.7,75.17,37259.0,2834478.4250000003,derived_ohlc4
UPCOM_VEF,VEF,2023-05-29 09:00:00,1198,14,74.37,74.37,67.01,68.61,59159.0,4205613.3100000005,derived_ohlc4
UPCOM_VEF,VEF,2023-05-30 09:00:00,1199,14,73.36,80.13,70.35,80.13,35445.0,2693554.1625,derived_ohlc4
UPCOM_VEF,VEF,2023-05-31 09:00:00,1200,14,84.41,90.23,81.0,82.4,41214.0,3482995.1399999997,derived_ohlc4
UPCOM_VEF,VEF,2023-06-01 09:00:00,1201,14,83.67,86.95,77.65,81.46,10902.0,898679.1150000001,derived_ohlc4
UPCOM_VEF,VEF,2023-06-02 09:00:00,1202,14,80.13,80.13,76.38,78.99,15570.0,1228589.775,derived_ohlc4
UPCOM_VEF,VEF,2023-06-05 09:00:00,1203,14,78.99,78.99,75.64,78.52,11705.0,913399.6749999999,derived_ohlc4
UPCOM_VEF,VEF,2023-06-06 09:00:00,1204,14,80.33,80.33,76.31,76.71,3800.0,297996.0,derived_ohlc4
UPCOM_VEF,VEF,2023-06-07 09:00:00,1205,14,76.51,78.99,76.31,76.98,11700.0,903210.7500000001,derived_ohlc4
UPCOM_VEF,VEF,2023-06-08 09:00:00,1206,14,76.98,78.32,76.31,77.92,11929.0,923095.8425000001,derived_ohlc4
UPCOM_VEF,VEF,2023-06-09 09:00:00,1207,14,76.98,79.46,76.98,78.32,4250.0,331223.75,derived_ohlc4
UPCOM_VEF,VEF,2023-06-12 09:00:00,1208,14,77.18,78.85,76.64,77.65,3700.0,287046.00000000006,derived_ohlc4
UPCOM_VEF,VEF,2023-06-13 09:00:00,1209,14,76.71,77.05,75.71,76.64,10100.0,772927.7499999999,derived_ohlc4
UPCOM_VEF,VEF,2023-06-14 09:00:00,1210,14,76.31,78.99,76.31,77.58,9410.0,727369.475,derived_ohlc4
UPCOM_VEF,VEF,2023-06-15 09:00:00,1211,14,76.31,77.11,75.64,75.64,8500.0,647487.5,derived_ohlc4
UPCOM_VEF,VEF,2023-06-16 09:00:00,1212,14,75.57,76.91,75.24,75.57,9200.0,697566.9999999999,derived_ohlc4
UPCOM_VEF,VEF,2023-06-19 09:00:00,1213,14,75.31,75.31,74.23,74.23,7000.0,523390.00000000006,derived_ohlc4
UPCOM_VEF,VEF,2023-06-20 09:00:00,1214,14,72.96,75.57,72.29,74.97,6807.0,503360.63249999995,derived_ohlc4
UPCOM_VEF,VEF,2023-06-21 09:00:00,1215,14,73.63,74.77,72.96,74.77,5300.0,392372.24999999994,derived_ohlc4
UPCOM_VEF,VEF,2023-06-22 09:00:00,1216,14,75.64,75.98,74.03,75.91,3500.0,263865.0,derived_ohlc4
UPCOM_VEF,VEF,2023-06-23 09:00:00,1217,14,72.96,76.18,72.96,76.18,2507.0,186946.99,derived_ohlc4
UPCOM_VEF,VEF,2023-06-26 09:00:00,1218,14,77.65,77.65,74.64,75.04,5700.0,434596.5,derived_ohlc4
UPCOM_VEF,VEF,2023-06-27 09:00:00,1219,14,76.98,77.58,76.31,76.98,5070.0,390199.875,derived_ohlc4
UPCOM_VEF,VEF,2023-06-28 09:00:00,1220,14,79.26,87.02,78.99,86.22,8100.0,671267.25,derived_ohlc4
UPCOM_VEF,VEF,2023-06-29 09:00:00,1221,14,86.35,92.37,86.02,89.36,10700.0,947217.5000000001,derived_ohlc4
UPCOM_VEF,VEF,2023-06-30 09:00:00,1222,14,91.57,91.57,82.54,85.68,8201.0,720375.8400000001,derived_ohlc4
UPCOM_VEF,VEF,2023-07-03 09:00:00,1223,14,85.95,85.95,78.99,79.72,5306.0,438554.16500000004,derived_ohlc4
UPCOM_VEF,VEF,2023-07-04 09:00:00,1224,14,85.61,85.68,80.39,83.54,2000.0,167610.0,derived_ohlc4
UPCOM_VEF,VEF,2023-07-05 09:00:00,1225,14,81.0,84.01,80.33,83.67,4716.0,387902.79,derived_ohlc4
UPCOM_VEF,VEF,2023-07-06 09:00:00,1226,14,83.0,83.0,81.33,81.66,1606.0,132089.48500000002,derived_ohlc4
UPCOM_VEF,VEF,2023-07-07 09:00:00,1227,14,81.06,83.67,81.0,81.26,4000.0,326990.0,derived_ohlc4
UPCOM_VEF,VEF,2023-07-10 09:00:00,1228,14,81.66,83.0,80.33,80.33,8522.0,693094.26,derived_ohlc4
UPCOM_VEF,VEF,2023-07-11 09:00:00,1229,14,80.86,81.0,80.06,80.93,2104.0,169819.1,derived_ohlc4
UPCOM_VEF,VEF,2023-07-12 09:00:00,1230,14,82.94,82.94,80.33,82.27,5505.0,452070.5999999999,derived_ohlc4
UPCOM_VEF,VEF,2023-07-13 09:00:00,1231,14,80.53,81.6,80.33,81.6,4585.0,371453.77499999997,derived_ohlc4
UPCOM_VEF,VEF,2023-07-14 09:00:00,1232,14,80.66,80.66,79.66,80.33,4800.0,385572.0,derived_ohlc4
UPCOM_VEF,VEF,2023-07-17 09:00:00,1233,14,82.6,82.6,80.39,81.66,3800.0,310887.5,derived_ohlc4
UPCOM_VEF,VEF,2023-07-18 09:00:00,1234,14,81.53,82.33,81.0,81.33,4100.0,334344.75,derived_ohlc4
UPCOM_VEF,VEF,2023-07-19 09:00:00,1235,14,80.53,80.66,80.33,80.33,6001.0,482855.46249999997,derived_ohlc4
UPCOM_VEF,VEF,2023-07-20 09:00:00,1236,14,80.53,81.0,80.33,80.33,1900.0,153040.25,derived_ohlc4
UPCOM_VEF,VEF,2023-07-21 09:00:00,1237,14,81.66,85.35,81.66,83.67,8804.0,731480.34,derived_ohlc4
UPCOM_VEF,VEF,2023-07-24 09:00:00,1238,14,85.21,87.02,84.07,85.68,11920.0,1019100.3999999999,derived_ohlc4
UPCOM_VEF,VEF,2023-07-25 09:00:00,1239,14,85.35,85.35,84.34,84.54,7419.0,629836.005,derived_ohlc4
UPCOM_VEF,VEF,2023-07-26 09:00:00,1240,14,84.88,85.68,84.88,85.68,3700.0,315536.0,derived_ohlc4
UPCOM_VEF,VEF,2023-07-27 09:00:00,1241,14,85.21,86.02,83.81,84.34,3409.0,289236.605,derived_ohlc4
UPCOM_VEF,VEF,2023-07-28 09:00:00,1242,14,85.61,86.95,84.81,86.95,7200.0,619776.0,derived_ohlc4
UPCOM_VEF,VEF,2023-07-31 09:00:00,1243,14,87.02,90.23,86.35,90.03,17715.0,1566138.8625,derived_ohlc4
UPCOM_VEF,VEF,2023-08-01 09:00:00,1244,14,92.04,95.05,89.7,91.71,15785.0,1454193.125,derived_ohlc4
UPCOM_VEF,VEF,2023-08-02 09:00:00,1245,14,93.38,93.71,89.56,93.04,5907.0,545939.7075,derived_ohlc4
UPCOM_VEF,VEF,2023-08-03 09:00:00,1246,14,93.04,93.04,88.36,88.49,7425.0,673688.8125,derived_ohlc4
UPCOM_VEF,VEF,2023-08-04 09:00:00,1247,14,91.04,91.04,89.36,91.04,3029.0,274487.98000000004,derived_ohlc4
UPCOM_VEF,VEF,2023-08-07 09:00:00,1248,14,90.43,90.43,86.08,87.35,6231.0,551895.2474999999,derived_ohlc4
UPCOM_VEF,VEF,2023-08-08 09:00:00,1249,14,90.3,90.3,85.68,88.63,775.0,68763.8125,derived_ohlc4
UPCOM_VEF,VEF,2023-08-09 09:00:00,1250,14,87.02,87.02,84.34,84.34,2000.0,171360.0,derived_ohlc4
UPCOM_VEF,VEF,2023-08-10 09:00:00,1251,14,85.01,86.28,84.34,85.01,3086.0,262803.76,derived_ohlc4
UPCOM_VEF,VEF,2023-08-11 09:00:00,1252,14,84.88,90.37,84.48,90.37,5901.0,516485.025,derived_ohlc4
UPCOM_VEF,VEF,2023-08-14 09:00:00,1253,14,85.55,86.35,85.48,85.48,5040.0,432003.60000000003,derived_ohlc4
UPCOM_VEF,VEF,2023-08-15 09:00:00,1254,14,85.75,88.36,85.68,85.75,1107.0,95628.195,derived_ohlc4
UPCOM_VEF,VEF,2023-08-16 09:00:00,1255,14,85.35,88.36,85.35,88.36,4800.0,416903.99999999994,derived_ohlc4
UPCOM_VEF,VEF,2023-08-17 09:00:00,1256,14,86.95,87.69,86.42,86.42,2401.0,208574.87000000002,derived_ohlc4
UPCOM_VEF,VEF,2023-08-18 09:00:00,1257,14,84.48,84.48,80.66,82.8,12100.0,1005570.5,derived_ohlc4
UPCOM_VEF,VEF,2023-08-21 09:00:00,1258,14,81.0,83.67,76.98,82.87,10508.0,852514.0400000002,derived_ohlc4
UPCOM_VEF,VEF,2023-08-22 09:00:00,1259,14,81.66,82.67,81.0,81.0,13330.0,1087494.7249999999,derived_ohlc4
UPCOM_VEF,VEF,2023-08-23 09:00:00,1260,14,84.34,87.02,82.54,86.35,5104.0,434159.0,derived_ohlc4
UPCOM_VEF,VEF,2023-08-24 09:00:00,1261,14,83.67,83.67,83.0,83.14,7002.0,583756.74,derived_ohlc4
UPCOM_VEF,VEF,2023-08-25 09:00:00,1262,14,83.0,84.21,83.0,83.67,1400.0,116858.0,derived_ohlc4
UPCOM_VEF,VEF,2023-08-28 09:00:00,1263,14,83.67,83.67,82.33,83.0,7709.0,641138.2575000001,derived_ohlc4
UPCOM_VEF,VEF,2023-08-29 09:00:00,1264,14,82.94,83.61,81.66,82.94,5401.0,447135.2875,derived_ohlc4
UPCOM_VEF,VEF,2023-08-30 09:00:00,1265,14,82.47,84.88,82.33,82.33,2431.0,201779.07749999998,derived_ohlc4
UPCOM_VEF,VEF,2023-08-31 09:00:00,1266,14,82.4,84.34,82.4,83.67,4301.0,357853.9525,derived_ohlc4
UPCOM_VEF,VEF,2023-09-05 09:00:00,1267,14,84.34,84.34,83.0,83.67,4501.0,377352.5875,derived_ohlc4
UPCOM_VEF,VEF,2023-09-06 09:00:00,1268,14,90.37,90.63,84.81,84.81,12114.0,1061852.67,derived_ohlc4
UPCOM_VEF,VEF,2023-09-07 09:00:00,1269,14,84.34,87.02,84.07,85.68,4915.0,419138.91250000003,derived_ohlc4
UPCOM_VEF,VEF,2023-09-08 09:00:00,1270,14,85.35,86.35,85.35,85.35,6600.0,564960.0,derived_ohlc4
UPCOM_VEF,VEF,2023-09-11 09:00:00,1271,14,86.02,86.02,85.01,85.35,16130.0,1380728.0,derived_ohlc4
UPCOM_VEF,VEF,2023-09-12 09:00:00,1272,14,85.82,88.02,85.68,87.29,15000.0,1300537.5,derived_ohlc4
UPCOM_VEF,VEF,2023-09-13 09:00:00,1273,14,87.02,87.96,86.75,87.69,13200.0,1153086.0,derived_ohlc4
UPCOM_VEF,VEF,2023-09-14 09:00:00,1274,14,87.02,87.02,85.01,85.01,3800.0,326857.0,derived_ohlc4
UPCOM_VEF,VEF,2023-09-15 09:00:00,1275,14,84.34,84.34,81.66,82.0,13700.0,1138264.5,derived_ohlc4
UPCOM_VEF,VEF,2023-09-18 09:00:00,1276,14,83.27,83.27,80.93,80.93,9210.0,756141.0,derived_ohlc4
UPCOM_VEF,VEF,2023-09-19 09:00:00,1277,14,82.47,84.68,81.66,81.73,8943.0,739004.805,derived_ohlc4
UPCOM_VEF,VEF,2023-09-20 09:00:00,1278,14,84.21,84.21,80.33,83.61,18003.0,1495869.27,derived_ohlc4
UPCOM_VEF,VEF,2023-09-21 09:00:00,1279,14,85.68,86.35,82.87,84.94,17500.0,1486800.0000000002,derived_ohlc4
UPCOM_VEF,VEF,2023-09-22 09:00:00,1280,14,85.61,85.61,81.33,82.33,8502.0,711787.44,derived_ohlc4
UPCOM_VEF,VEF,2023-09-25 09:00:00,1281,14,82.33,86.69,82.33,84.54,33627.0,2823743.2575,derived_ohlc4
UPCOM_VEF,VEF,2023-09-26 09:00:00,1282,14,84.61,84.61,82.47,84.54,16410.0,1379383.5750000002,derived_ohlc4
UPCOM_VEF,VEF,2023-09-27 09:00:00,1283,14,82.4,82.4,78.99,81.33,17526.0,1424513.28,derived_ohlc4
UPCOM_VEF,VEF,2023-09-28 09:00:00,1284,14,81.33,83.54,79.12,83.54,2800.0,229271.00000000003,derived_ohlc4
UPCOM_VEF,VEF,2023-09-29 09:00:00,1285,14,81.13,83.34,81.13,82.74,11300.0,927560.4999999999,derived_ohlc4
UPCOM_VEF,VEF,2023-10-02 09:00:00,1286,14,82.94,83.34,81.66,83.34,6401.0,530130.82,derived_ohlc4
UPCOM_VEF,VEF,2023-10-03 09:00:00,1287,14,81.66,83.67,80.39,82.27,14600.0,1197163.4999999998,derived_ohlc4
UPCOM_VEF,VEF,2023-10-04 09:00:00,1288,14,81.4,82.33,81.0,82.27,4500.0,367875.0,derived_ohlc4
UPCOM_VEF,VEF,2023-10-05 09:00:00,1289,14,70.22,83.0,70.22,80.33,7600.0,577163.0,derived_ohlc4
UPCOM_VEF,VEF,2023-10-06 09:00:00,1290,14,79.66,79.99,77.78,79.66,6700.0,531125.75,derived_ohlc4
UPCOM_VEF,VEF,2023-10-09 09:00:00,1291,14,79.12,81.6,79.12,80.73,4900.0,392698.25,derived_ohlc4
UPCOM_VEF,VEF,2023-10-10 09:00:00,1292,14,80.53,81.0,79.66,81.0,2700.0,217478.25,derived_ohlc4
UPCOM_VEF,VEF,2023-10-11 09:00:00,1293,14,82.0,82.33,80.73,80.73,3700.0,301355.75,derived_ohlc4
UPCOM_VEF,VEF,2023-10-12 09:00:00,1294,14,81.53,81.53,80.33,81.0,5001.0,405568.5975,derived_ohlc4
UPCOM_VEF,VEF,2023-10-13 09:00:00,1295,14,80.33,81.33,79.66,81.33,2300.0,185523.75,derived_ohlc4
UPCOM_VEF,VEF,2023-10-16 09:00:00,1296,14,80.06,80.59,79.66,80.59,5100.0,409147.5,derived_ohlc4
UPCOM_VEF,VEF,2023-10-17 09:00:00,1297,14,80.86,80.86,79.99,79.99,1100.0,88467.5,derived_ohlc4
UPCOM_VEF,VEF,2023-10-18 09:00:00,1298,14,78.32,79.99,77.05,78.32,3500.0,274470.0,derived_ohlc4
UPCOM_VEF,VEF,2023-10-19 09:00:00,1299,14,77.98,79.32,75.64,79.32,6302.0,491965.63,derived_ohlc4
UPCOM_VEF,VEF,2023-10-20 09:00:00,1300,14,78.92,80.19,74.3,80.19,14100.0,1105440.0,derived_ohlc4
UPCOM_VEF,VEF,2023-10-23 09:00:00,1301,14,80.33,81.0,77.65,79.66,3410.0,271640.6,derived_ohlc4
UPCOM_VEF,VEF,2023-10-24 09:00:00,1302,14,80.93,81.66,78.32,78.92,7100.0,567698.25,derived_ohlc4
UPCOM_VEF,VEF,2023-10-25 09:00:00,1303,14,78.32,80.66,76.98,79.26,13505.0,1064261.525,derived_ohlc4
UPCOM_VEF,VEF,2023-10-26 09:00:00,1304,14,76.64,78.65,70.29,74.57,14900.0,1118058.7500000002,derived_ohlc4
UPCOM_VEF,VEF,2023-10-27 09:00:00,1305,14,74.3,76.98,72.96,76.31,6800.0,510935.0,derived_ohlc4
UPCOM_VEF,VEF,2023-10-30 09:00:00,1306,14,75.91,76.18,70.29,74.84,5900.0,438399.50000000006,derived_ohlc4
UPCOM_VEF,VEF,2023-10-31 09:00:00,1307,14,75.1,75.51,71.02,74.9,4209.0,312023.69249999995,derived_ohlc4
UPCOM_VEF,VEF,2023-11-01 09:00:00,1308,14,76.98,76.98,75.84,76.31,1500.0,114791.25,derived_ohlc4
UPCOM_VEF,VEF,2023-11-02 09:00:00,1309,14,73.63,75.91,72.96,75.64,7000.0,521745.0,derived_ohlc4
UPCOM_VEF,VEF,2023-11-03 09:00:00,1310,14,77.65,77.65,73.77,76.64,5500.0,420351.25,derived_ohlc4
UPCOM_VEF,VEF,2023-11-06 09:00:00,1311,14,79.99,80.33,74.97,76.31,2800.0,218120.00000000003,derived_ohlc4
UPCOM_VEF,VEF,2023-11-07 09:00:00,1312,14,78.99,78.99,75.31,77.92,2300.0,178945.75,derived_ohlc4
UPCOM_VEF,VEF,2023-11-08 09:00:00,1313,14,77.38,78.25,74.3,77.72,25700.0,1976651.2499999998,derived_ohlc4
UPCOM_VEF,VEF,2023-11-09 09:00:00,1314,14,78.59,78.99,76.98,77.38,6701.0,522577.485,derived_ohlc4
UPCOM_VEF,VEF,2023-11-10 09:00:00,1315,14,77.65,78.59,76.18,78.32,11935.0,927170.475,derived_ohlc4
UPCOM_VEF,VEF,2023-11-13 09:00:00,1316,14,79.66,79.66,76.71,76.78,2110.0,165007.27499999997,derived_ohlc4
UPCOM_VEF,VEF,2023-11-14 09:00:00,1317,14,76.98,78.25,76.98,78.25,7600.0,589874.0000000001,derived_ohlc4
UPCOM_VEF,VEF,2023-11-15 09:00:00,1318,14,79.66,79.66,78.32,78.32,2201.0,173856.99,derived_ohlc4
UPCOM_VEF,VEF,2023-11-16 09:00:00,1319,14,79.59,79.59,77.98,77.98,600.0,47271.00000000001,derived_ohlc4
UPCOM_VEF,VEF,2023-11-17 09:00:00,1320,14,77.72,77.72,75.31,77.31,5500.0,423582.5,derived_ohlc4
UPCOM_VEF,VEF,2023-11-20 09:00:00,1321,14,79.59,79.59,75.31,77.92,701.0,54749.8525,derived_ohlc4
UPCOM_VEF,VEF,2023-11-21 09:00:00,1322,14,75.64,76.85,75.64,75.84,2209.0,167867.43250000002,derived_ohlc4
UPCOM_VEF,VEF,2023-11-22 09:00:00,1323,14,77.58,77.58,75.71,76.98,1860.0,143150.25,derived_ohlc4
UPCOM_VEF,VEF,2023-11-23 09:00:00,1324,14,76.91,77.31,76.31,76.31,1200.0,92052.00000000001,derived_ohlc4
UPCOM_VEF,VEF,2023-11-24 09:00:00,1325,14,74.97,76.31,73.63,74.64,8500.0,636543.75,derived_ohlc4
UPCOM_VEF,VEF,2023-11-27 09:00:00,1326,14,75.64,75.64,73.97,74.3,1400.0,104842.5,derived_ohlc4
UPCOM_VEF,VEF,2023-11-28 09:00:00,1327,14,73.63,76.71,73.63,76.71,14200.0,1067413.9999999998,derived_ohlc4
UPCOM_VEF,VEF,2023-11-29 09:00:00,1328,14,75.37,78.99,75.37,78.25,5800.0,446571.0,derived_ohlc4
UPCOM_VEF,VEF,2023-11-30 09:00:00,1329,14,77.92,80.33,77.92,80.13,7721.0,610538.0750000001,derived_ohlc4
UPCOM_VEF,VEF,2023-12-01 09:00:00,1330,14,81.6,90.9,81.6,83.67,18216.0,1538204.5799999998,derived_ohlc4
UPCOM_VEF,VEF,2023-12-04 09:00:00,1331,14,85.68,87.69,82.67,84.34,17661.0,1502862.795,derived_ohlc4
UPCOM_VEF,VEF,2023-12-05 09:00:00,1332,14,85.68,85.68,81.0,83.0,13466.0,1128989.44,derived_ohlc4
UPCOM_VEF,VEF,2023-12-06 09:00:00,1333,14,86.69,86.69,77.38,78.99,15362.0,1266404.875,derived_ohlc4
UPCOM_VEF,VEF,2023-12-07 09:00:00,1334,14,79.05,79.66,77.65,79.32,10367.0,818163.6399999999,derived_ohlc4
UPCOM_VEF,VEF,2023-12-08 09:00:00,1335,14,78.59,78.59,77.38,77.65,1602.0,125040.10500000001,derived_ohlc4
UPCOM_VEF,VEF,2023-12-11 09:00:00,1336,14,77.31,78.32,76.98,76.98,9701.0,750833.1475000001,derived_ohlc4
UPCOM_VEF,VEF,2023-12-12 09:00:00,1337,14,75.98,77.38,75.84,77.38,2009.0,153979.80500000002,derived_ohlc4
UPCOM_VEF,VEF,2023-12-13 09:00:00,1338,14,77.11,78.25,76.98,77.18,3107.0,240419.66000000003,derived_ohlc4
UPCOM_VEF,VEF,2023-12-14 09:00:00,1339,14,77.25,78.85,76.44,78.18,10100.0,784568.0000000001,derived_ohlc4
UPCOM_VEF,VEF,2023-12-15 09:00:00,1340,14,77.05,77.05,74.97,76.31,8002.0,610912.69,derived_ohlc4
UPCOM_VEF,VEF,2023-12-18 09:00:00,1341,14,75.84,76.31,75.64,75.64,8300.0,629617.25,derived_ohlc4
UPCOM_VEF,VEF,2023-12-19 09:00:00,1342,14,75.44,76.18,73.63,75.98,7002.0,527303.115,derived_ohlc4
UPCOM_VEF,VEF,2023-12-20 09:00:00,1343,14,75.17,75.17,73.97,75.17,7111.0,532400.5700000001,derived_ohlc4
UPCOM_VEF,VEF,2023-12-21 09:00:00,1344,14,74.7,75.64,74.3,74.97,2702.0,202386.55500000002,derived_ohlc4
UPCOM_VEF,VEF,2023-12-22 09:00:00,1345,14,75.17,75.64,74.5,75.64,4606.0,346543.925,derived_ohlc4
UPCOM_VEF,VEF,2023-12-25 09:00:00,1346,14,73.3,75.57,73.3,74.3,8807.0,652752.8225,derived_ohlc4
UPCOM_VEF,VEF,2023-12-26 09:00:00,1347,14,73.77,75.1,73.63,74.64,10500.0,779992.5,derived_ohlc4
UPCOM_VEF,VEF,2023-12-27 09:00:00,1348,14,74.9,75.51,73.77,73.83,9005.0,670895.0125,derived_ohlc4
UPCOM_VEF,VEF,2023-12-28 09:00:00,1349,14,73.83,74.3,73.63,73.97,12100.0,894583.25,derived_ohlc4
UPCOM_VEF,VEF,2023-12-29 09:00:00,1350,14,73.63,73.77,73.16,73.16,4608.0,338365.43999999994,derived_ohlc4
UPCOM_VEF,VEF,2024-01-02 09:00:00,1351,14,73.43,75.24,72.63,74.57,7500.0,554756.25,derived_ohlc4
UPCOM_VEF,VEF,2024-01-03 09:00:00,1352,14,73.63,73.63,72.63,73.36,7500.0,549843.75,derived_ohlc4
UPCOM_VEF,VEF,2024-01-04 09:00:00,1353,14,73.63,75.64,73.3,75.64,2711.0,202111.82749999998,derived_ohlc4
UPCOM_VEF,VEF,2024-01-05 09:00:00,1354,14,73.63,74.9,73.63,74.9,3040.0,225765.6,derived_ohlc4
UPCOM_VEF,VEF,2024-01-08 09:00:00,1355,14,74.97,74.97,73.63,74.57,5601.0,417470.535,derived_ohlc4
UPCOM_VEF,VEF,2024-01-09 09:00:00,1356,14,74.64,74.84,73.83,74.7,2500.0,186256.25,derived_ohlc4
UPCOM_VEF,VEF,2024-01-10 09:00:00,1357,14,74.57,76.78,74.57,76.24,3400.0,256835.99999999997,derived_ohlc4
UPCOM_VEF,VEF,2024-01-11 09:00:00,1358,14,74.97,75.57,74.7,75.44,2900.0,217993.0,derived_ohlc4
UPCOM_VEF,VEF,2024-01-12 09:00:00,1359,14,74.37,75.24,74.37,75.1,5900.0,441143.00000000006,derived_ohlc4
UPCOM_VEF,VEF,2024-01-15 09:00:00,1360,14,74.97,75.51,74.7,75.31,4200.0,315514.5,derived_ohlc4
UPCOM_VEF,VEF,2024-01-16 09:00:00,1361,14,75.04,75.51,74.97,75.51,3756.0,282667.17000000004,derived_ohlc4
UPCOM_VEF,VEF,2024-01-17 09:00:00,1362,14,75.24,76.04,75.24,75.98,4700.0,355437.5,derived_ohlc4
UPCOM_VEF,VEF,2024-01-18 09:00:00,1363,14,75.98,75.98,75.24,75.77,5200.0,393860.99999999994,derived_ohlc4
UPCOM_VEF,VEF,2024-01-19 09:00:00,1364,14,76.11,76.11,75.04,75.44,1900.0,143782.5,derived_ohlc4
UPCOM_VEF,VEF,2024-01-22 09:00:00,1365,14,75.84,78.18,75.84,78.18,14400.0,1108944.0,derived_ohlc4
UPCOM_VEF,VEF,2024-01-23 09:00:00,1366,14,86.69,86.69,77.65,82.94,14157.0,1182003.3225,derived_ohlc4
UPCOM_VEF,VEF,2024-01-24 09:00:00,1367,14,80.66,86.95,80.39,86.28,39468.0,3298340.76,derived_ohlc4
UPCOM_VEF,VEF,2024-01-25 09:00:00,1368,14,87.02,95.86,87.02,95.86,44512.0,4070177.28,derived_ohlc4
UPCOM_VEF,VEF,2024-01-26 09:00:00,1369,14,109.51,109.51,95.72,101.41,135570.0,14104363.875,derived_ohlc4
UPCOM_VEF,VEF,2024-01-29 09:00:00,1370,14,100.41,104.36,90.37,95.39,41957.0,4096366.8024999998,derived_ohlc4
UPCOM_VEF,VEF,2024-01-30 09:00:00,1371,14,94.65,98.06,93.04,96.39,24255.0,2317201.425,derived_ohlc4
UPCOM_VEF,VEF,2024-01-31 09:00:00,1372,14,97.4,106.43,97.4,103.75,47920.0,4851660.4,derived_ohlc4
UPCOM_VEF,VEF,2024-02-01 09:00:00,1373,14,101.75,101.75,97.73,100.41,33910.0,3404903.1,derived_ohlc4
UPCOM_VEF,VEF,2024-02-02 09:00:00,1374,14,100.41,100.41,94.25,96.53,16859.0,1650496.1,derived_ohlc4
UPCOM_VEF,VEF,2024-02-05 09:00:00,1375,14,93.71,95.72,87.02,87.69,56498.0,5143295.43,derived_ohlc4
UPCOM_VEF,VEF,2024-02-06 09:00:00,1376,14,90.5,98.4,90.03,94.38,19313.0,1802434.0075,derived_ohlc4
UPCOM_VEF,VEF,2024-02-07 09:00:00,1377,14,94.38,98.4,94.38,97.06,11537.0,1108186.535,derived_ohlc4
UPCOM_VEF,VEF,2024-02-15 09:00:00,1378,14,95.12,98.73,95.12,97.4,6612.0,638669.61,derived_ohlc4
UPCOM_VEF,VEF,2024-02-16 09:00:00,1379,14,97.73,97.73,95.86,96.86,6302.0,611577.59,derived_ohlc4
UPCOM_VEF,VEF,2024-02-19 09:00:00,1380,14,95.79,95.79,93.78,94.25,14630.0,1388423.575,derived_ohlc4
UPCOM_VEF,VEF,2024-02-20 09:00:00,1381,14,94.72,101.75,94.72,99.14,25368.0,2475472.86,derived_ohlc4
UPCOM_VEF,VEF,2024-02-21 09:00:00,1382,14,99.4,99.74,98.2,99.07,5935.0,588173.3374999999,derived_ohlc4
UPCOM_VEF,VEF,2024-02-22 09:00:00,1383,14,99.07,99.07,96.06,96.73,13600.0,1329162.0,derived_ohlc4
UPCOM_VEF,VEF,2024-02-23 09:00:00,1384,14,97.13,97.13,96.26,97.06,13300.0,1288703.5,derived_ohlc4
UPCOM_VEF,VEF,2024-02-26 09:00:00,1385,14,97.06,102.42,97.06,102.35,17923.0,1787326.3675,derived_ohlc4
UPCOM_VEF,VEF,2024-02-27 09:00:00,1386,14,101.08,103.75,101.08,102.35,8110.0,827747.15,derived_ohlc4
UPCOM_VEF,VEF,2024-02-28 09:00:00,1387,14,103.09,103.22,101.08,101.55,3400.0,347599.0,derived_ohlc4
UPCOM_VEF,VEF,2024-02-29 09:00:00,1388,14,102.21,102.21,97.8,100.34,19300.0,1942351.9999999998,derived_ohlc4
UPCOM_VEF,VEF,2024-03-01 09:00:00,1389,14,99.94,101.08,99.07,99.74,7601.0,759776.9575,derived_ohlc4
UPCOM_VEF,VEF,2024-03-04 09:00:00,1390,14,99.87,102.42,99.74,100.41,11300.0,1136893.0000000002,derived_ohlc4
UPCOM_VEF,VEF,2024-03-05 09:00:00,1391,14,100.41,100.41,98.4,98.6,11301.0,1123940.955,derived_ohlc4
UPCOM_VEF,VEF,2024-03-06 09:00:00,1392,14,98.93,99.0,97.4,97.53,9500.0,933042.5,derived_ohlc4
UPCOM_VEF,VEF,2024-03-07 09:00:00,1393,14,97.73,97.73,95.12,97.6,5613.0,544713.5850000001,derived_ohlc4
UPCOM_VEF,VEF,2024-03-08 09:00:00,1394,14,96.86,99.6,96.86,99.07,8054.0,790077.265,derived_ohlc4
UPCOM_VEF,VEF,2024-03-11 09:00:00,1395,14,99.67,111.79,99.67,103.09,26912.0,2786872.16,derived_ohlc4
UPCOM_VEF,VEF,2024-03-12 09:00:00,1396,14,103.62,107.1,103.55,105.76,20075.0,2108025.5625,derived_ohlc4
UPCOM_VEF,VEF,2024-03-13 09:00:00,1397,14,105.76,120.82,105.76,120.82,54937.0,6223812.7299999995,derived_ohlc4
UPCOM_VEF,VEF,2024-03-14 09:00:00,1398,14,130.53,134.48,124.51,129.73,48733.0,6326152.5625,derived_ohlc4
UPCOM_VEF,VEF,2024-03-15 09:00:00,1399,14,129.73,130.2,124.84,127.18,26820.0,3432624.75,derived_ohlc4
UPCOM_VEF,VEF,2024-03-18 09:00:00,1400,14,127.18,127.18,120.49,125.84,43134.0,5399190.615,derived_ohlc4
UPCOM_VEF,VEF,2024-03-19 09:00:00,1401,14,127.18,127.18,121.63,125.11,5900.0,739122.5,derived_ohlc4
UPCOM_VEF,VEF,2024-03-20 09:00:00,1402,14,123.84,123.84,121.83,121.83,10802.0,1326863.67,derived_ohlc4
UPCOM_VEF,VEF,2024-03-21 09:00:00,1403,14,122.3,125.17,120.49,122.83,10908.0,1338384.3299999998,derived_ohlc4
UPCOM_VEF,VEF,2024-03-22 09:00:00,1404,14,122.5,126.51,121.83,123.84,16391.0,2027074.9699999997,derived_ohlc4
UPCOM_VEF,VEF,2024-03-25 09:00:00,1405,14,126.85,142.24,126.51,141.78,92960.0,12488711.2,derived_ohlc4
UPCOM_VEF,VEF,2024-03-26 09:00:00,1406,14,141.24,147.26,139.23,141.24,42087.0,5986560.0975,derived_ohlc4
UPCOM_VEF,VEF,2024-03-27 09:00:00,1407,14,142.58,143.92,139.57,141.24,16520.0,2342990.3,derived_ohlc4
UPCOM_VEF,VEF,2024-03-28 09:00:00,1408,14,138.03,141.64,134.75,138.56,23536.0,3253734.3200000003,derived_ohlc4
UPCOM_VEF,VEF,2024-03-29 09:00:00,1409,14,137.29,141.17,137.29,140.57,12975.0,1804562.9999999998,derived_ohlc4
UPCOM_VEF,VEF,2024-04-01 09:00:00,1410,14,141.44,141.44,138.23,138.56,20365.0,2849419.8875,derived_ohlc4
UPCOM_VEF,VEF,2024-04-02 09:00:00,1411,14,136.42,138.5,131.2,134.21,26534.0,3584279.0549999997,derived_ohlc4
UPCOM_VEF,VEF,2024-04-03 09:00:00,1412,14,133.88,137.29,133.88,135.82,28061.0,3794338.267499999,derived_ohlc4
UPCOM_VEF,VEF,2024-04-04 09:00:00,1413,14,133.88,136.55,132.54,135.82,13203.0,1778411.0924999998,derived_ohlc4
UPCOM_VEF,VEF,2024-04-05 09:00:00,1414,14,134.55,135.15,133.21,134.55,9934.0,1334781.9100000001,derived_ohlc4
UPCOM_VEF,VEF,2024-04-08 09:00:00,1415,14,134.08,134.08,131.87,133.21,12412.0,1654643.72,derived_ohlc4
UPCOM_VEF,VEF,2024-04-09 09:00:00,1416,14,132.54,133.01,130.53,132.94,13041.0,1724737.4549999998,derived_ohlc4
UPCOM_VEF,VEF,2024-04-10 09:00:00,1417,14,136.35,136.35,130.53,132.27,13655.0,1828063.125,derived_ohlc4
UPCOM_VEF,VEF,2024-04-11 09:00:00,1418,14,130.53,132.47,129.86,131.87,5620.0,737245.65,derived_ohlc4
UPCOM_VEF,VEF,2024-04-12 09:00:00,1419,14,131.47,133.81,131.2,133.81,5943.0,787878.3674999999,derived_ohlc4
UPCOM_VEF,VEF,2024-04-15 09:00:00,1420,14,132.54,133.88,120.49,127.12,17400.0,2236030.5,derived_ohlc4
UPCOM_VEF,VEF,2024-04-16 09:00:00,1421,14,127.18,130.46,123.23,127.18,9773.0,1241293.1625,derived_ohlc4
UPCOM_VEF,VEF,2024-04-17 09:00:00,1422,14,129.19,129.19,124.3,128.25,7309.0,933596.8425,derived_ohlc4
UPCOM_VEF,VEF,2024-04-19 09:00:00,1423,14,123.84,126.71,117.28,122.77,14500.0,1778425.0,derived_ohlc4
UPCOM_VEF,VEF,2024-04-22 09:00:00,1424,14,122.63,127.18,122.63,127.12,15301.0,1910941.89,derived_ohlc4
UPCOM_VEF,VEF,2024-04-23 09:00:00,1425,14,129.19,141.91,127.38,136.76,26755.0,3580086.5500000003,derived_ohlc4
UPCOM_VEF,VEF,2024-04-24 09:00:00,1426,14,137.89,137.89,133.14,137.89,9201.0,1257799.7025,derived_ohlc4
UPCOM_VEF,VEF,2024-04-25 09:00:00,1427,14,136.55,136.55,132.54,136.42,7007.0,949553.6049999999,derived_ohlc4
UPCOM_VEF,VEF,2024-04-26 09:00:00,1428,14,136.55,143.92,136.55,140.57,22145.0,3086957.6375,derived_ohlc4
UPCOM_VEF,VEF,2024-05-02 09:00:00,1429,14,147.26,161.99,147.26,156.5,49859.0,7641016.3975,derived_ohlc4
UPCOM_VEF,VEF,2024-05-03 09:00:00,1430,14,164.94,164.94,155.43,157.71,21585.0,3469896.675,derived_ohlc4
UPCOM_VEF,VEF,2024-05-06 09:00:00,1431,14,158.98,167.35,158.98,162.33,14196.0,2298474.36,derived_ohlc4
UPCOM_VEF,VEF,2024-05-07 09:00:00,1432,14,160.99,161.99,156.64,160.52,16407.0,2625694.245,derived_ohlc4
UPCOM_VEF,VEF,2024-05-08 09:00:00,1433,14,160.59,160.65,156.7,160.65,32836.0,5242185.3100000005,derived_ohlc4
UPCOM_VEF,VEF,2024-05-09 09:00:00,1434,14,158.78,161.99,155.3,159.85,11126.0,1768811.48,derived_ohlc4
UPCOM_VEF,VEF,2024-05-10 09:00:00,1435,14,160.25,160.25,152.62,155.97,6951.0,1093201.1475,derived_ohlc4
UPCOM_VEF,VEF,2024-05-13 09:00:00,1436,14,154.96,155.97,151.68,153.29,9420.0,1450444.5,derived_ohlc4
UPCOM_VEF,VEF,2024-05-14 09:00:00,1437,14,153.62,153.76,147.2,147.2,13100.0,1970829.5,derived_ohlc4
UPCOM_VEF,VEF,2024-05-15 09:00:00,1438,14,149.27,149.74,146.6,149.74,9163.0,1363798.0125,derived_ohlc4
UPCOM_VEF,VEF,2024-05-16 09:00:00,1439,14,155.23,155.23,149.07,149.41,4806.0,731641.4099999999,derived_ohlc4
UPCOM_VEF,VEF,2024-05-17 09:00:00,1440,14,152.62,152.62,149.94,151.28,6200.0,940013.0,derived_ohlc4
UPCOM_VEF,VEF,2024-05-20 09:00:00,1441,14,151.21,154.29,151.15,151.21,8480.0,1288663.2,derived_ohlc4
UPCOM_VEF,VEF,2024-05-21 09:00:00,1442,14,148.74,150.95,148.74,150.61,1482.0,221944.31999999998,derived_ohlc4
UPCOM_VEF,VEF,2024-05-22 09:00:00,1443,14,151.01,151.28,149.27,149.67,11636.0,1748978.0699999998,derived_ohlc4
UPCOM_VEF,VEF,2024-05-23 09:00:00,1444,14,149.27,150.14,147.26,149.88,5500.0,820256.2499999999,derived_ohlc4
UPCOM_VEF,VEF,2024-05-24 09:00:00,1445,14,148.2,150.21,140.57,141.91,21415.0,3109939.8375,derived_ohlc4
UPCOM_VEF,VEF,2024-05-27 09:00:00,1446,14,140.64,144.59,136.09,144.59,11470.0,1622746.9250000003,derived_ohlc4
UPCOM_VEF,VEF,2024-05-28 09:00:00,1447,14,143.92,143.92,140.57,143.92,11003.0,1574336.7474999998,derived_ohlc4
UPCOM_VEF,VEF,2024-05-29 09:00:00,1448,14,142.11,144.59,142.11,143.65,7311.0,1046313.765,derived_ohlc4
UPCOM_VEF,VEF,2024-05-30 09:00:00,1449,14,142.58,145.93,138.23,143.18,10320.0,1470393.6,derived_ohlc4
UPCOM_VEF,VEF,2024-05-31 09:00:00,1450,14,143.25,153.29,143.25,149.61,13786.0,2031367.0999999999,derived_ohlc4
UPCOM_VEF,VEF,2024-06-03 09:00:00,1451,14,150.61,159.98,149.27,153.89,17069.0,2619024.6875,derived_ohlc4
UPCOM_VEF,VEF,2024-06-04 09:00:00,1452,14,153.96,158.64,147.93,149.94,8763.0,1337387.1525,derived_ohlc4
UPCOM_VEF,VEF,2024-06-05 09:00:00,1453,14,150.61,151.28,147.26,147.33,6373.0,950341.76,derived_ohlc4
UPCOM_VEF,VEF,2024-06-06 09:00:00,1454,14,149.88,150.61,145.93,145.99,6400.0,947856.0000000001,derived_ohlc4
UPCOM_VEF,VEF,2024-06-07 09:00:00,1455,14,147.93,150.28,144.05,148.54,3301.0,487557.70000000007,derived_ohlc4
UPCOM_VEF,VEF,2024-06-10 09:00:00,1456,14,149.88,155.97,149.88,153.89,13489.0,2055791.045,derived_ohlc4
UPCOM_VEF,VEF,2024-06-11 09:00:00,1457,14,152.75,153.29,150.21,150.21,8011.0,1214587.7650000001,derived_ohlc4
UPCOM_VEF,VEF,2024-06-12 09:00:00,1458,14,150.01,150.01,146.93,147.93,17501.0,2602748.72,derived_ohlc4
UPCOM_VEF,VEF,2024-06-13 09:00:00,1459,14,147.93,148.6,145.93,147.67,13902.0,2050996.815,derived_ohlc4
UPCOM_VEF,VEF,2024-06-14 09:00:00,1460,14,145.99,148.6,139.77,142.58,19510.0,2814024.85,derived_ohlc4
UPCOM_VEF,VEF,2024-06-17 09:00:00,1461,14,141.24,144.25,141.24,144.25,6622.0,945257.39,derived_ohlc4
UPCOM_VEF,VEF,2024-06-18 09:00:00,1462,14,142.65,142.65,140.57,142.51,6103.0,867205.785,derived_ohlc4
UPCOM_VEF,VEF,2024-06-19 09:00:00,1463,14,140.91,141.91,139.9,141.57,2700.0,380895.75,derived_ohlc4
UPCOM_VEF,VEF,2024-06-20 09:00:00,1464,14,141.24,143.11,139.23,143.11,4609.0,652968.5525000001,derived_ohlc4
UPCOM_VEF,VEF,2024-06-21 09:00:00,1465,14,139.5,140.57,139.5,139.77,4100.0,573323.5,derived_ohlc4
UPCOM_VEF,VEF,2024-06-24 09:00:00,1466,14,139.9,139.9,133.88,135.28,9900.0,1358676.0,derived_ohlc4
UPCOM_VEF,VEF,2024-06-25 09:00:00,1467,14,134.55,139.23,134.55,136.22,3000.0,408412.49999999994,derived_ohlc4
UPCOM_VEF,VEF,2024-06-26 09:00:00,1468,14,137.22,139.23,136.55,139.23,3651.0,504047.9325,derived_ohlc4
UPCOM_VEF,VEF,2024-06-27 09:00:00,1469,14,141.24,141.24,139.37,139.37,2302.0,322982.11000000004,derived_ohlc4
UPCOM_VEF,VEF,2024-06-28 09:00:00,1470,14,138.56,140.44,133.88,139.23,11900.0,1642527.25,derived_ohlc4
UPCOM_VEF,VEF,2024-07-01 09:00:00,1471,14,135.48,139.23,135.48,138.83,1700.0,233333.5,derived_ohlc4
UPCOM_VEF,VEF,2024-07-02 09:00:00,1472,14,139.03,145.19,138.9,141.91,5504.0,777481.2799999999,derived_ohlc4
UPCOM_VEF,VEF,2024-07-03 09:00:00,1473,14,140.77,144.25,140.77,141.31,6300.0,893182.4999999999,derived_ohlc4
UPCOM_VEF,VEF,2024-07-04 09:00:00,1474,14,136.62,145.66,136.62,142.91,15800.0,2219149.5,derived_ohlc4
UPCOM_VEF,VEF,2024-07-05 09:00:00,1475,14,140.64,141.91,140.64,141.04,3700.0,521912.7499999999,derived_ohlc4
UPCOM_VEF,VEF,2024-07-08 09:00:00,1476,14,145.93,145.93,141.91,142.98,4906.0,707383.875,derived_ohlc4
UPCOM_VEF,VEF,2024-07-09 09:00:00,1477,14,143.92,143.92,142.71,143.92,7818.0,1122801.6149999998,derived_ohlc4
UPCOM_VEF,VEF,2024-07-10 09:00:00,1478,14,143.25,147.26,143.25,145.93,15700.0,2275283.25,derived_ohlc4
UPCOM_VEF,VEF,2024-07-11 09:00:00,1479,14,145.93,147.26,144.05,145.79,4605.0,671213.2875,derived_ohlc4
UPCOM_VEF,VEF,2024-07-12 09:00:00,1480,14,137.22,146.53,137.22,145.26,3584.0,507342.08,derived_ohlc4
UPCOM_VEF,VEF,2024-07-15 09:00:00,1481,14,146.6,146.6,141.24,142.58,3579.0,516288.64499999996,derived_ohlc4
UPCOM_VEF,VEF,2024-07-16 09:00:00,1482,14,143.65,144.59,143.25,143.58,2609.0,375089.40750000003,derived_ohlc4
UPCOM_VEF,VEF,2024-07-17 09:00:00,1483,14,143.92,143.92,139.63,143.92,8645.0,1234916.6375,derived_ohlc4
UPCOM_VEF,VEF,2024-07-18 09:00:00,1484,14,142.71,143.92,140.64,143.92,3600.0,514070.99999999994,derived_ohlc4
UPCOM_VEF,VEF,2024-07-19 09:00:00,1485,14,141.71,143.92,141.31,143.18,3900.0,555867.0,derived_ohlc4
UPCOM_VEF,VEF,2024-07-22 09:00:00,1486,14,143.92,143.92,141.24,142.04,2900.0,414062.0,derived_ohlc4
UPCOM_VEF,VEF,2024-07-23 09:00:00,1487,14,141.37,142.24,139.63,140.57,7403.0,1043471.3574999999,derived_ohlc4
UPCOM_VEF,VEF,2024-07-24 09:00:00,1488,14,139.63,140.77,133.88,140.77,5827.0,808569.0874999999,derived_ohlc4
UPCOM_VEF,VEF,2024-07-25 09:00:00,1489,14,138.63,139.9,137.89,139.9,1405.0,195407.39999999997,derived_ohlc4
UPCOM_VEF,VEF,2024-07-26 09:00:00,1490,14,139.23,139.23,138.56,138.56,1100.0,152784.49999999997,derived_ohlc4
UPCOM_VEF,VEF,2024-07-29 09:00:00,1491,14,139.23,139.43,139.16,139.23,1905.0,265295.0625,derived_ohlc4
UPCOM_VEF,VEF,2024-07-30 09:00:00,1492,14,136.89,139.9,135.22,139.23,3800.0,523678.0,derived_ohlc4
UPCOM_VEF,VEF,2024-07-31 09:00:00,1493,14,135.88,141.57,135.88,141.44,2494.0,345899.095,derived_ohlc4
UPCOM_VEF,VEF,2024-08-01 09:00:00,1494,14,138.16,138.16,135.22,135.22,4101.0,560565.69,derived_ohlc4
UPCOM_VEF,VEF,2024-08-02 09:00:00,1495,14,135.88,137.56,135.88,137.56,3425.0,468266.0,derived_ohlc4
UPCOM_VEF,VEF,2024-08-05 09:00:00,1496,14,134.41,137.29,130.53,133.54,9503.0,1272855.5775,derived_ohlc4
UPCOM_VEF,VEF,2024-08-06 09:00:00,1497,14,133.21,134.55,133.21,134.48,3004.0,402122.95,derived_ohlc4
UPCOM_VEF,VEF,2024-08-07 09:00:00,1498,14,134.55,137.22,134.08,134.08,4500.0,607421.2500000001,derived_ohlc4
UPCOM_VEF,VEF,2024-08-08 09:00:00,1499,14,133.88,135.68,133.21,135.22,7210.0,969726.975,derived_ohlc4
UPCOM_VEF,VEF,2024-08-09 09:00:00,1500,14,134.55,137.09,133.88,133.88,3500.0,471975.0,derived_ohlc4
UPCOM_VEF,VEF,2024-08-12 09:00:00,1501,14,134.08,135.22,133.88,133.88,3302.0,443343.02999999997,derived_ohlc4
UPCOM_VEF,VEF,2024-08-13 09:00:00,1502,14,134.55,134.55,132.54,132.54,7400.0,988232.9999999999,derived_ohlc4
UPCOM_VEF,VEF,2024-08-14 09:00:00,1503,14,133.88,133.88,133.21,133.21,1702.0,227293.59000000003,derived_ohlc4
UPCOM_VEF,VEF,2024-08-15 09:00:00,1504,14,133.21,134.55,133.21,134.55,2900.0,388252.0,derived_ohlc4
UPCOM_VEF,VEF,2024-08-16 09:00:00,1505,14,135.22,139.16,133.94,139.16,4600.0,629602.0,derived_ohlc4
UPCOM_VEF,VEF,2024-08-19 09:00:00,1506,14,139.9,142.58,139.9,142.58,8205.0,1158874.2000000002,derived_ohlc4
UPCOM_VEF,VEF,2024-08-20 09:00:00,1507,14,142.58,154.63,142.58,154.63,33142.0,4925066.91,derived_ohlc4
UPCOM_VEF,VEF,2024-08-21 09:00:00,1508,14,155.3,160.65,153.62,157.04,28743.0,4502662.8075,derived_ohlc4
UPCOM_VEF,VEF,2024-08-22 09:00:00,1509,14,156.84,156.84,152.08,153.29,4947.0,765610.0874999999,derived_ohlc4
UPCOM_VEF,VEF,2024-08-23 09:00:00,1510,14,153.29,153.89,150.81,153.89,7207.0,1102454.7899999998,derived_ohlc4
UPCOM_VEF,VEF,2024-08-26 09:00:00,1511,14,154.83,155.3,153.29,155.3,7323.0,1132721.6400000001,derived_ohlc4
UPCOM_VEF,VEF,2024-08-27 09:00:00,1512,14,153.96,160.59,153.96,158.64,17782.0,2787995.3249999997,derived_ohlc4
UPCOM_VEF,VEF,2024-08-28 09:00:00,1513,14,158.64,160.65,154.63,158.31,3955.0,625117.4125,derived_ohlc4
UPCOM_VEF,VEF,2024-08-29 09:00:00,1514,14,158.64,159.31,156.64,158.58,8213.0,1300056.3025,derived_ohlc4
UPCOM_VEF,VEF,2024-08-30 09:00:00,1515,14,157.84,160.65,156.3,160.65,11277.0,1791464.2200000002,derived_ohlc4
UPCOM_VEF,VEF,2024-09-04 09:00:00,1516,14,160.65,164.2,159.31,159.38,31470.0,5063050.949999999,derived_ohlc4
UPCOM_VEF,VEF,2024-09-05 09:00:00,1517,14,160.65,164.0,159.31,160.65,11349.0,1828919.7225000001,derived_ohlc4
UPCOM_VEF,VEF,2024-09-06 09:00:00,1518,14,159.65,162.66,158.64,159.31,8889.0,1422817.785,derived_ohlc4
UPCOM_VEF,VEF,2024-09-09 09:00:00,1519,14,159.31,159.31,156.64,157.97,3650.0,577822.375,derived_ohlc4
UPCOM_VEF,VEF,2024-09-10 09:00:00,1520,14,156.37,156.64,151.95,152.62,11673.0,1802252.8349999997,derived_ohlc4
UPCOM_VEF,VEF,2024-09-11 09:00:00,1521,14,152.62,155.3,152.62,152.62,5900.0,904411.0000000001,derived_ohlc4
UPCOM_VEF,VEF,2024-09-12 09:00:00,1522,14,153.89,153.96,150.01,150.95,5443.0,828438.2074999999,derived_ohlc4
UPCOM_VEF,VEF,2024-09-13 09:00:00,1523,14,151.21,151.21,147.73,147.93,4710.0,704239.2,derived_ohlc4
UPCOM_VEF,VEF,2024-09-16 09:00:00,1524,14,148.47,148.47,145.59,147.2,4002.0,590024.865,derived_ohlc4
UPCOM_VEF,VEF,2024-09-17 09:00:00,1525,14,145.79,149.21,145.79,149.21,12508.0,1844930.0,derived_ohlc4
UPCOM_VEF,VEF,2024-09-18 09:00:00,1526,14,150.61,151.41,147.33,151.41,4102.0,616079.38,derived_ohlc4
UPCOM_VEF,VEF,2024-09-19 09:00:00,1527,14,148.67,150.61,148.67,150.14,4300.0,642946.7499999999,derived_ohlc4
UPCOM_VEF,VEF,2024-09-20 09:00:00,1528,14,157.31,157.31,153.29,153.96,8038.0,1249647.765,derived_ohlc4
UPCOM_VEF,VEF,2024-09-23 09:00:00,1529,14,153.96,153.96,151.28,151.28,2000.0,305240.0,derived_ohlc4
UPCOM_VEF,VEF,2024-09-24 09:00:00,1530,14,150.61,152.28,149.41,151.95,3100.0,468293.75,derived_ohlc4
UPCOM_VEF,VEF,2024-09-25 09:00:00,1531,14,149.94,151.28,148.6,150.88,16401.0,2463020.1750000003,derived_ohlc4
UPCOM_VEF,VEF,2024-09-26 09:00:00,1532,14,149.27,151.95,149.27,149.27,3100.0,464814.0,derived_ohlc4
UPCOM_VEF,VEF,2024-09-27 09:00:00,1533,14,148.07,148.6,146.6,147.6,6700.0,989707.25,derived_ohlc4
UPCOM_VEF,VEF,2024-09-30 09:00:00,1534,14,143.92,147.6,142.31,145.19,8000.0,1158040.0,derived_ohlc4
UPCOM_VEF,VEF,2024-10-01 09:00:00,1535,14,142.65,144.59,141.91,143.92,18220.0,2610333.8499999996,derived_ohlc4
UPCOM_VEF,VEF,2024-10-02 09:00:00,1536,14,142.24,143.18,141.24,143.18,6400.0,911744.0,derived_ohlc4
UPCOM_VEF,VEF,2024-10-03 09:00:00,1537,14,143.92,143.92,140.91,142.44,3300.0,471231.75000000006,derived_ohlc4
UPCOM_VEF,VEF,2024-10-04 09:00:00,1538,14,140.57,140.7,137.89,139.9,15000.0,2096474.9999999998,derived_ohlc4
UPCOM_VEF,VEF,2024-10-07 09:00:00,1539,14,139.23,139.23,137.89,139.16,5506.0,764659.515,derived_ohlc4
UPCOM_VEF,VEF,2024-10-08 09:00:00,1540,14,138.43,138.43,134.55,136.42,34500.0,4725033.75,derived_ohlc4
UPCOM_VEF,VEF,2024-10-09 09:00:00,1541,14,136.55,140.3,136.55,138.5,7400.0,1021015.0000000001,derived_ohlc4
UPCOM_VEF,VEF,2024-10-10 09:00:00,1542,14,137.22,137.89,135.55,137.22,7342.0,1005633.74,derived_ohlc4
UPCOM_VEF,VEF,2024-10-11 09:00:00,1543,14,135.28,137.63,134.61,137.63,7600.0,1035785.0,derived_ohlc4
UPCOM_VEF,VEF,2024-10-14 09:00:00,1544,14,139.57,139.77,136.55,137.89,1600.0,221512.0,derived_ohlc4
UPCOM_VEF,VEF,2024-10-15 09:00:00,1545,14,138.03,138.03,137.36,137.63,940.0,129496.74999999999,derived_ohlc4
UPCOM_VEF,VEF,2024-10-16 09:00:00,1546,14,137.56,138.56,137.56,137.89,4006.0,552397.355,derived_ohlc4
UPCOM_VEF,VEF,2024-10-17 09:00:00,1547,14,137.76,137.76,135.88,137.76,1400.0,192206.0,derived_ohlc4
UPCOM_VEF,VEF,2024-10-18 09:00:00,1548,14,135.42,139.9,135.42,139.37,5800.0,797659.5,derived_ohlc4
UPCOM_VEF,VEF,2024-10-21 09:00:00,1549,14,139.37,147.06,139.37,145.86,15605.0,2230188.575,derived_ohlc4
UPCOM_VEF,VEF,2024-10-22 09:00:00,1550,14,145.93,147.93,144.59,145.26,18606.0,2715127.065,derived_ohlc4
UPCOM_VEF,VEF,2024-10-23 09:00:00,1551,14,146.6,146.6,140.91,145.26,5811.0,841679.7675,derived_ohlc4
UPCOM_VEF,VEF,2024-10-24 09:00:00,1552,14,142.38,143.78,139.9,143.78,10552.0,1503237.9199999997,derived_ohlc4
UPCOM_VEF,VEF,2024-10-25 09:00:00,1553,14,139.97,141.91,138.56,141.91,13790.0,1938701.625,derived_ohlc4
UPCOM_VEF,VEF,2024-10-28 09:00:00,1554,14,141.84,142.91,140.77,142.78,5542.0,787379.6499999999,derived_ohlc4
UPCOM_VEF,VEF,2024-10-29 09:00:00,1555,14,144.52,144.59,142.58,143.72,2812.0,404513.23000000004,derived_ohlc4
UPCOM_VEF,VEF,2024-10-30 09:00:00,1556,14,141.57,141.57,141.24,141.31,2300.0,325271.75000000006,derived_ohlc4
UPCOM_VEF,VEF,2024-10-31 09:00:00,1557,14,140.77,143.11,140.77,143.05,1703.0,241698.27500000002,derived_ohlc4
UPCOM_VEF,VEF,2024-11-01 09:00:00,1558,14,141.71,142.58,141.71,142.24,9203.0,1307378.18,derived_ohlc4
UPCOM_VEF,VEF,2024-11-04 09:00:00,1559,14,147.26,147.93,135.88,137.22,26220.0,3725140.9499999997,derived_ohlc4
UPCOM_VEF,VEF,2024-11-05 09:00:00,1560,14,135.22,137.22,134.95,136.55,20800.0,2828488.0000000005,derived_ohlc4
UPCOM_VEF,VEF,2024-11-06 09:00:00,1561,14,137.22,138.23,136.55,138.23,6400.0,880368.0,derived_ohlc4
UPCOM_VEF,VEF,2024-11-07 09:00:00,1562,14,137.22,137.89,135.88,137.83,6016.0,825425.28,derived_ohlc4
UPCOM_VEF,VEF,2024-11-08 09:00:00,1563,14,138.23,138.23,135.22,135.22,8412.0,1150130.7,derived_ohlc4
UPCOM_VEF,VEF,2024-11-11 09:00:00,1564,14,135.22,135.22,132.54,133.88,19623.0,2633700.9450000003,derived_ohlc4
UPCOM_VEF,VEF,2024-11-12 09:00:00,1565,14,135.88,135.88,132.54,134.55,9521.0,1282597.7124999997,derived_ohlc4
UPCOM_VEF,VEF,2024-11-13 09:00:00,1566,14,133.88,133.88,129.86,129.86,9400.0,1239578.0,derived_ohlc4
UPCOM_VEF,VEF,2024-11-14 09:00:00,1567,14,131.8,131.94,123.23,123.5,37548.0,4791781.890000001,derived_ohlc4
UPCOM_VEF,VEF,2024-11-15 09:00:00,1568,14,123.84,123.84,121.16,123.03,7400.0,909959.5,derived_ohlc4
UPCOM_VEF,VEF,2024-11-18 09:00:00,1569,14,104.22,131.2,104.22,124.97,5914.0,686925.885,derived_ohlc4
UPCOM_VEF,VEF,2024-11-19 09:00:00,1570,14,126.45,126.45,118.01,118.01,26401.0,3226994.23,derived_ohlc4
UPCOM_VEF,VEF,2024-11-20 09:00:00,1571,14,117.81,119.69,107.1,113.06,34012.0,3891482.98,derived_ohlc4
UPCOM_VEF,VEF,2024-11-21 09:00:00,1572,14,107.77,112.66,107.77,112.66,14300.0,1576074.5,derived_ohlc4
UPCOM_VEF,VEF,2024-11-22 09:00:00,1573,14,117.08,117.08,113.13,115.47,7600.0,879244.0,derived_ohlc4
UPCOM_VEF,VEF,2024-11-25 09:00:00,1574,14,115.6,123.1,115.33,119.49,14100.0,1669158.0,derived_ohlc4
UPCOM_VEF,VEF,2024-11-26 09:00:00,1575,14,114.53,121.83,114.53,118.48,5800.0,680586.5,derived_ohlc4
UPCOM_VEF,VEF,2024-11-27 09:00:00,1576,14,115.8,120.42,115.8,118.08,2740.0,322018.5,derived_ohlc4
UPCOM_VEF,VEF,2024-11-28 09:00:00,1577,14,116.47,119.69,116.0,118.41,5181.0,609505.7924999999,derived_ohlc4
UPCOM_VEF,VEF,2024-11-29 09:00:00,1578,14,116.54,119.35,116.47,118.08,3102.0,364826.22,derived_ohlc4
UPCOM_VEF,VEF,2024-12-02 09:00:00,1579,14,107.17,118.01,107.17,116.0,6507.0,729353.3625,derived_ohlc4
UPCOM_VEF,VEF,2024-12-03 09:00:00,1580,14,115.33,117.01,115.2,116.94,1204.0,139808.48,derived_ohlc4
UPCOM_VEF,VEF,2024-12-04 09:00:00,1581,14,117.14,117.14,115.47,115.47,1801.0,209465.30500000002,derived_ohlc4
UPCOM_VEF,VEF,2024-12-05 09:00:00,1582,14,115.47,122.9,115.47,117.48,4686.0,552151.38,derived_ohlc4
UPCOM_VEF,VEF,2024-12-06 09:00:00,1583,14,116.87,117.81,115.8,116.14,3100.0,361630.5,derived_ohlc4
UPCOM_VEF,VEF,2024-12-09 09:00:00,1584,14,114.53,114.53,113.8,113.8,6101.0,696520.665,derived_ohlc4
UPCOM_VEF,VEF,2024-12-10 09:00:00,1585,14,113.8,118.41,113.46,114.46,4925.0,566535.0624999999,derived_ohlc4
UPCOM_VEF,VEF,2024-12-11 09:00:00,1586,14,118.41,118.41,113.53,113.59,3800.0,440743.00000000006,derived_ohlc4
UPCOM_VEF,VEF,2024-12-12 09:00:00,1587,14,113.8,114.87,113.13,114.13,3258.0,371354.985,derived_ohlc4
UPCOM_VEF,VEF,2024-12-13 09:00:00,1588,14,119.82,119.82,112.86,113.33,3400.0,395955.5,derived_ohlc4
UPCOM_VEF,VEF,2024-12-16 09:00:00,1589,14,114.46,115.07,113.26,114.2,4715.0,538676.9624999999,derived_ohlc4
UPCOM_VEF,VEF,2024-12-17 09:00:00,1590,14,130.66,130.66,113.8,115.47,8720.0,1069486.2,derived_ohlc4
UPCOM_VEF,VEF,2024-12-18 09:00:00,1591,14,114.46,115.6,114.46,115.6,2115.0,243288.45,derived_ohlc4
UPCOM_VEF,VEF,2024-12-19 09:00:00,1592,14,113.46,114.93,113.13,113.86,3748.0,426691.06,derived_ohlc4
UPCOM_VEF,VEF,2024-12-20 09:00:00,1593,14,113.86,114.8,113.8,114.8,11900.0,1360348.5,derived_ohlc4
UPCOM_VEF,VEF,2024-12-23 09:00:00,1594,14,115.13,118.15,114.93,116.21,8236.0,956240.78,derived_ohlc4
UPCOM_VEF,VEF,2024-12-24 09:00:00,1595,14,116.47,116.47,114.8,115.13,4001.0,462985.7175,derived_ohlc4
UPCOM_VEF,VEF,2024-12-25 09:00:00,1596,14,115.8,116.47,114.53,116.47,5036.0,583256.9299999999,derived_ohlc4
UPCOM_VEF,VEF,2024-12-26 09:00:00,1597,14,131.87,131.87,114.8,116.34,3601.0,445515.72,derived_ohlc4
UPCOM_VEF,VEF,2024-12-27 09:00:00,1598,14,114.8,115.13,114.8,114.87,3401.0,390774.9,derived_ohlc4
UPCOM_VEF,VEF,2024-12-30 09:00:00,1599,14,115.13,115.47,114.06,115.47,2422.0,278608.715,derived_ohlc4
UPCOM_VEF,VEF,2024-12-31 09:00:00,1600,14,113.8,115.13,113.8,115.07,3900.0,446355.0,derived_ohlc4
UPCOM_VEF,VEF,2025-01-02 09:00:00,1601,14,112.46,115.13,112.46,115.13,10454.0,1189612.93,derived_ohlc4
UPCOM_VEF,VEF,2025-01-03 09:00:00,1602,14,114.53,114.53,114.13,114.46,5301.0,606500.6625,derived_ohlc4
UPCOM_VEF,VEF,2025-01-06 09:00:00,1603,14,114.06,114.46,112.79,112.79,5000.0,567625.0,derived_ohlc4
UPCOM_VEF,VEF,2025-01-07 09:00:00,1604,14,114.46,114.46,112.12,112.46,4020.0,455767.49999999994,derived_ohlc4
UPCOM_VEF,VEF,2025-01-08 09:00:00,1605,14,112.79,112.79,111.45,112.46,3836.0,431060.91000000003,derived_ohlc4
UPCOM_VEF,VEF,2025-01-09 09:00:00,1606,14,111.99,113.73,111.99,112.46,2500.0,281356.25,derived_ohlc4
UPCOM_VEF,VEF,2025-01-10 09:00:00,1607,14,112.46,113.13,111.52,111.52,2600.0,291609.49999999994,derived_ohlc4
UPCOM_VEF,VEF,2025-01-13 09:00:00,1608,14,112.32,112.32,108.77,110.45,8710.0,966505.1499999999,derived_ohlc4
UPCOM_VEF,VEF,2025-01-14 09:00:00,1609,14,109.11,109.78,108.44,109.78,4940.0,539830.85,derived_ohlc4
UPCOM_VEF,VEF,2025-01-15 09:00:00,1610,14,111.12,111.12,109.11,109.11,513.0,56488.995,derived_ohlc4
UPCOM_VEF,VEF,2025-01-16 09:00:00,1611,14,111.79,113.73,111.12,113.73,3505.0,394636.7125,derived_ohlc4
UPCOM_VEF,VEF,2025-01-17 09:00:00,1612,14,113.8,117.81,113.8,116.14,6270.0,723479.625,derived_ohlc4
UPCOM_VEF,VEF,2025-01-20 09:00:00,1613,14,119.82,119.82,115.33,115.8,1324.0,155824.87,derived_ohlc4
UPCOM_VEF,VEF,2025-01-21 09:00:00,1614,14,124.51,127.18,120.49,122.77,19237.0,2380338.2875,derived_ohlc4
UPCOM_VEF,VEF,2025-01-22 09:00:00,1615,14,127.18,130.86,121.83,121.83,7330.0,919365.25,derived_ohlc4
UPCOM_VEF,VEF,2025-01-23 09:00:00,1616,14,125.84,125.84,121.16,123.1,5106.0,633067.41,derived_ohlc4
UPCOM_VEF,VEF,2025-01-24 09:00:00,1617,14,120.82,123.17,119.22,122.5,10266.0,1246574.715,derived_ohlc4
UPCOM_VEF,VEF,2025-02-03 09:00:00,1618,14,120.49,120.49,113.8,118.35,16241.0,1921026.0825,derived_ohlc4
UPCOM_VEF,VEF,2025-02-04 09:00:00,1619,14,116.61,116.87,114.0,116.87,6100.0,708133.75,derived_ohlc4
UPCOM_VEF,VEF,2025-02-05 09:00:00,1620,14,114.87,120.36,114.87,116.47,1853.0,216138.55250000002,derived_ohlc4
UPCOM_VEF,VEF,2025-02-06 09:00:00,1621,14,115.13,116.47,114.46,115.13,4806.0,554119.785,derived_ohlc4
UPCOM_VEF,VEF,2025-02-07 09:00:00,1622,14,114.67,117.01,113.13,114.93,5245.0,602834.0750000001,derived_ohlc4
UPCOM_VEF,VEF,2025-02-10 09:00:00,1623,14,114.53,114.53,111.25,112.46,13701.0,1550850.4425,derived_ohlc4
UPCOM_VEF,VEF,2025-02-11 09:00:00,1624,14,112.32,113.33,111.25,111.25,8725.0,977527.1875,derived_ohlc4
UPCOM_VEF,VEF,2025-02-12 09:00:00,1625,14,112.52,112.52,110.52,111.52,2200.0,245894.0,derived_ohlc4
UPCOM_VEF,VEF,2025-02-13 09:00:00,1626,14,110.85,112.46,110.78,112.46,3600.0,401895.0,derived_ohlc4
UPCOM_VEF,VEF,2025-02-14 09:00:00,1627,14,112.46,114.46,112.46,114.26,6505.0,737732.0499999999,derived_ohlc4
UPCOM_VEF,VEF,2025-02-17 09:00:00,1628,14,113.86,120.62,113.86,117.14,8376.0,974715.12,derived_ohlc4
UPCOM_VEF,VEF,2025-02-18 09:00:00,1629,14,121.16,121.16,115.47,117.14,2147.0,254918.67749999996,derived_ohlc4
UPCOM_VEF,VEF,2025-02-19 09:00:00,1630,14,119.15,119.15,116.67,118.15,3902.0,461528.56,derived_ohlc4
UPCOM_VEF,VEF,2025-02-20 09:00:00,1631,14,118.41,119.82,115.33,117.68,2902.0,341884.62,derived_ohlc4
UPCOM_VEF,VEF,2025-02-21 09:00:00,1632,14,115.13,118.28,115.13,117.08,4002.0,465852.80999999994,derived_ohlc4
UPCOM_VEF,VEF,2025-02-24 09:00:00,1633,14,119.08,119.08,115.13,117.48,5522.0,649897.985,derived_ohlc4
UPCOM_VEF,VEF,2025-02-25 09:00:00,1634,14,115.94,123.1,115.87,121.16,25865.0,3078387.6374999997,derived_ohlc4
UPCOM_VEF,VEF,2025-02-26 09:00:00,1635,14,121.83,125.58,121.83,122.7,28804.0,3542459.94,derived_ohlc4
UPCOM_VEF,VEF,2025-02-27 09:00:00,1636,14,122.83,123.57,120.56,123.57,5562.0,682081.965,derived_ohlc4
UPCOM_VEF,VEF,2025-02-28 09:00:00,1637,14,121.89,122.5,120.49,122.16,4851.0,590657.76,derived_ohlc4
UPCOM_VEF,VEF,2025-03-03 09:00:00,1638,14,121.76,123.7,120.56,122.83,6412.0,783626.5499999999,derived_ohlc4
UPCOM_VEF,VEF,2025-03-04 09:00:00,1639,14,121.89,122.5,121.49,121.63,10625.0,1294948.4375,derived_ohlc4
UPCOM_VEF,VEF,2025-03-05 09:00:00,1640,14,123.77,124.51,121.69,122.83,4783.0,589265.6,derived_ohlc4
UPCOM_VEF,VEF,2025-03-06 09:00:00,1641,14,122.83,123.17,121.29,122.03,6776.0,828908.0800000001,derived_ohlc4
UPCOM_VEF,VEF,2025-03-07 09:00:00,1642,14,121.83,125.17,121.69,123.5,8720.0,1072974.2,derived_ohlc4
UPCOM_VEF,VEF,2025-03-10 09:00:00,1643,14,123.84,125.11,123.84,124.51,7392.0,919010.3999999999,derived_ohlc4
UPCOM_VEF,VEF,2025-03-11 09:00:00,1644,14,122.5,124.51,122.3,124.3,3823.0,471767.7575,derived_ohlc4
UPCOM_VEF,VEF,2025-03-12 09:00:00,1645,14,123.23,123.64,122.56,123.64,7140.0,880129.95,derived_ohlc4
UPCOM_VEF,VEF,2025-03-13 09:00:00,1646,14,125.78,129.19,124.3,126.51,33182.0,4195697.99,derived_ohlc4
UPCOM_VEF,VEF,2025-03-14 09:00:00,1647,14,126.51,126.65,125.31,125.31,8011.0,1008945.395,derived_ohlc4
UPCOM_VEF,VEF,2025-03-17 09:00:00,1648,14,125.71,125.84,122.56,124.17,9640.0,1200854.8,derived_ohlc4
UPCOM_VEF,VEF,2025-03-18 09:00:00,1649,14,124.51,125.04,123.17,124.17,4457.0,553659.6825,derived_ohlc4
UPCOM_VEF,VEF,2025-03-19 09:00:00,1650,14,121.43,123.84,121.43,123.5,7414.0,908585.7000000001,derived_ohlc4
UPCOM_VEF,VEF,2025-03-20 09:00:00,1651,14,123.17,125.17,123.17,124.51,6660.0,825873.2999999999,derived_ohlc4
UPCOM_VEF,VEF,2025-03-21 09:00:00,1652,14,124.51,125.91,123.84,123.84,4606.0,573562.15,derived_ohlc4
UPCOM_VEF,VEF,2025-03-24 09:00:00,1653,14,125.84,129.19,125.84,128.52,15660.0,1994261.8499999999,derived_ohlc4
UPCOM_VEF,VEF,2025-03-25 09:00:00,1654,14,131.6,131.87,128.92,130.53,5376.0,702804.48,derived_ohlc4
UPCOM_VEF,VEF,2025-03-26 09:00:00,1655,14,127.85,128.19,123.84,125.17,22133.0,2794567.9125,derived_ohlc4
UPCOM_VEF,VEF,2025-03-27 09:00:00,1656,14,123.17,125.04,123.03,123.64,2205.0,272802.6,derived_ohlc4
UPCOM_VEF,VEF,2025-03-28 09:00:00,1657,14,124.1,124.44,122.5,123.84,7229.0,894371.88,derived_ohlc4
UPCOM_VEF,VEF,2025-03-31 09:00:00,1658,14,122.16,122.5,120.69,121.09,7482.0,909886.0200000001,derived_ohlc4
UPCOM_VEF,VEF,2025-04-01 09:00:00,1659,14,123.77,125.84,122.36,124.84,12038.0,1495149.695,derived_ohlc4
UPCOM_VEF,VEF,2025-04-02 09:00:00,1660,14,124.51,124.57,124.51,124.51,2144.0,266981.6,derived_ohlc4
UPCOM_VEF,VEF,2025-04-03 09:00:00,1661,14,120.49,121.16,111.12,111.79,53565.0,6221039.1,derived_ohlc4
UPCOM_VEF,VEF,2025-04-04 09:00:00,1662,14,112.46,114.46,107.1,113.73,29453.0,3296895.1875,derived_ohlc4
UPCOM_VEF,VEF,2025-04-08 09:00:00,1663,14,111.12,111.12,102.08,106.43,21210.0,2284051.875,derived_ohlc4
UPCOM_VEF,VEF,2025-04-09 09:00:00,1664,14,101.75,113.13,99.07,105.76,16800.0,1762782.0,derived_ohlc4
UPCOM_VEF,VEF,2025-04-10 09:00:00,1665,14,119.15,119.15,113.8,117.81,34380.0,4038876.45,derived_ohlc4
UPCOM_VEF,VEF,2025-04-11 09:00:00,1666,14,115.8,119.75,113.13,119.15,6232.0,728879.14,derived_ohlc4
UPCOM_VEF,VEF,2025-04-14 09:00:00,1667,14,116.81,122.5,116.47,119.82,17901.0,2128428.9,derived_ohlc4
UPCOM_VEF,VEF,2025-04-15 09:00:00,1668,14,119.82,120.49,114.46,117.14,18500.0,2182583.75,derived_ohlc4
UPCOM_VEF,VEF,2025-04-16 09:00:00,1669,14,117.14,119.15,116.21,117.81,14800.0,1740147.0,derived_ohlc4
UPCOM_VEF,VEF,2025-04-17 09:00:00,1670,14,117.14,117.81,116.87,117.41,8200.0,961921.5,derived_ohlc4
UPCOM_VEF,VEF,2025-04-18 09:00:00,1671,14,118.48,123.37,118.48,123.17,18205.0,2200529.3750000005,derived_ohlc4
UPCOM_VEF,VEF,2025-04-21 09:00:00,1672,14,127.18,141.17,127.18,138.36,103875.0,13864455.937500002,derived_ohlc4
UPCOM_VEF,VEF,2025-04-22 09:00:00,1673,14,137.16,137.83,126.51,133.21,31890.0,4262975.475000001,derived_ohlc4
UPCOM_VEF,VEF,2025-04-23 09:00:00,1674,14,152.55,152.55,140.57,143.78,66533.0,9804469.2125,derived_ohlc4
UPCOM_VEF,VEF,2025-04-24 09:00:00,1675,14,143.92,145.19,136.02,140.24,29750.0,4204939.375,derived_ohlc4
UPCOM_VEF,VEF,2025-04-25 09:00:00,1676,14,141.37,147.2,137.96,144.59,40968.0,5849411.04,derived_ohlc4
UPCOM_VEF,VEF,2025-04-28 09:00:00,1677,14,144.59,145.26,139.9,143.25,31105.0,4455791.25,derived_ohlc4
UPCOM_VEF,VEF,2025-04-29 09:00:00,1678,14,141.91,141.91,137.29,138.63,21145.0,2958925.575,derived_ohlc4
UPCOM_VEF,VEF,2025-05-05 09:00:00,1679,14,141.91,141.91,138.56,139.9,17600.0,2474032.0,derived_ohlc4
UPCOM_VEF,VEF,2025-05-06 09:00:00,1680,14,140.24,143.58,140.24,140.5,33500.0,4728190.000000001,derived_ohlc4
UPCOM_VEF,VEF,2025-05-07 09:00:00,1681,14,140.57,141.24,139.9,140.57,15100.0,2122607.0,derived_ohlc4
UPCOM_VEF,VEF,2025-05-08 09:00:00,1682,14,140.91,148.6,140.57,144.85,22600.0,3248354.4999999995,derived_ohlc4
UPCOM_VEF,VEF,2025-05-09 09:00:00,1683,14,147.26,157.97,147.26,151.95,49100.0,7419501.000000001,derived_ohlc4
UPCOM_VEF,VEF,2025-05-12 09:00:00,1684,14,155.97,162.59,153.02,162.26,116500.0,18460590.0,derived_ohlc4
UPCOM_VEF,VEF,2025-05-13 09:00:00,1685,14,163.8,166.01,158.71,160.59,39500.0,6409961.25,derived_ohlc4
UPCOM_VEF,VEF,2025-05-14 09:00:00,1686,14,160.65,161.92,155.63,156.37,50000.0,7932124.999999999,derived_ohlc4
UPCOM_VEF,VEF,2025-05-15 09:00:00,1687,14,154.63,155.97,153.29,153.29,29900.0,4613420.5,derived_ohlc4
UPCOM_VEF,VEF,2025-05-16 09:00:00,1688,14,153.96,153.96,150.61,151.88,33000.0,5035882.500000001,derived_ohlc4
UPCOM_VEF,VEF,2025-05-19 09:00:00,1689,14,149.88,155.36,149.88,153.96,16300.0,2482001.0,derived_ohlc4
UPCOM_VEF,VEF,2025-05-20 09:00:00,1690,14,155.3,161.99,154.9,157.91,36700.0,5781167.5,derived_ohlc4
UPCOM_VEF,VEF,2025-05-21 09:00:00,1691,14,155.3,160.05,153.29,155.23,22200.0,3462478.5,derived_ohlc4
UPCOM_VEF,VEF,2025-05-22 09:00:00,1692,14,155.3,155.3,151.35,153.29,21200.0,3260772.0,derived_ohlc4
UPCOM_VEF,VEF,2025-05-23 09:00:00,1693,14,152.02,153.96,151.41,153.29,10400.0,1587767.9999999998,derived_ohlc4
UPCOM_VEF,VEF,2025-05-26 09:00:00,1694,14,152.62,156.64,152.28,153.29,13000.0,1998197.4999999998,derived_ohlc4
UPCOM_VEF,VEF,2025-05-27 09:00:00,1695,14,154.49,154.49,152.62,153.29,10100.0,1552597.25,derived_ohlc4
UPCOM_VEF,VEF,2025-05-28 09:00:00,1696,14,153.96,153.96,152.69,152.69,16900.0,2591192.5,derived_ohlc4
UPCOM_VEF,VEF,2025-05-29 09:00:00,1697,14,152.95,155.1,152.62,153.96,20600.0,3165344.5,derived_ohlc4
UPCOM_VEF,VEF,2025-05-30 09:00:00,1698,14,151.35,153.96,148.6,148.6,28200.0,4247695.5,derived_ohlc4
UPCOM_VEF,VEF,2025-06-02 09:00:00,1699,14,148.0,148.0,142.91,145.26,21500.0,3139913.75,derived_ohlc4
UPCOM_VEF,VEF,2025-06-03 09:00:00,1700,14,152.62,155.97,147.26,154.96,84800.0,12949172.000000002,derived_ohlc4
UPCOM_VEF,VEF,2025-06-04 09:00:00,1701,14,157.31,164.0,157.17,160.52,81600.0,13035600.0,derived_ohlc4
UPCOM_VEF,VEF,2025-06-05 09:00:00,1702,14,161.66,161.66,157.1,158.24,20200.0,3225233.0,derived_ohlc4
UPCOM_VEF,VEF,2025-06-06 09:00:00,1703,14,159.25,160.52,157.31,157.44,26400.0,4187832.0,derived_ohlc4
UPCOM_VEF,VEF,2025-06-09 09:00:00,1704,14,159.25,159.65,157.31,157.31,41300.0,6541094.0,derived_ohlc4
UPCOM_VEF,VEF,2025-06-10 09:00:00,1705,14,158.38,158.51,157.04,157.84,25400.0,4011739.5,derived_ohlc4
UPCOM_VEF,VEF,2025-06-11 09:00:00,1706,14,158.64,158.64,157.31,157.71,30400.0,4805480.0,derived_ohlc4
UPCOM_VEF,VEF,2025-06-12 09:00:00,1707,14,164.21,164.21,149.43,150.5,40200.0,6314917.5,derived_ohlc4
UPCOM_VEF,VEF,2025-06-13 09:00:00,1708,14,149.43,150.5,141.22,144.42,42700.0,6250959.749999999,derived_ohlc4
UPCOM_VEF,VEF,2025-06-16 09:00:00,1709,14,146.15,146.15,139.58,144.5,22500.0,3242137.5,derived_ohlc4
UPCOM_VEF,VEF,2025-06-17 09:00:00,1710,14,145.32,146.97,145.24,146.47,16800.0,2452800.0,derived_ohlc4
UPCOM_VEF,VEF,2025-06-18 09:00:00,1711,14,143.93,146.97,143.93,145.82,11700.0,1698401.25,derived_ohlc4
UPCOM_VEF,VEF,2025-06-19 09:00:00,1712,14,146.97,146.97,144.59,145.73,9700.0,1416830.5,derived_ohlc4
UPCOM_VEF,VEF,2025-06-20 09:00:00,1713,14,145.73,146.15,144.83,146.15,9800.0,1428007.0,derived_ohlc4
UPCOM_VEF,VEF,2025-06-23 09:00:00,1714,14,144.5,146.06,143.6,145.32,20400.0,2955348.0,derived_ohlc4
UPCOM_VEF,VEF,2025-06-24 09:00:00,1715,14,144.26,145.32,144.26,145.32,11000.0,1592690.0,derived_ohlc4
UPCOM_VEF,VEF,2025-06-25 09:00:00,1716,14,145.41,147.05,145.41,146.56,11600.0,1694847.0000000002,derived_ohlc4
UPCOM_VEF,VEF,2025-06-26 09:00:00,1717,14,144.67,146.56,144.67,146.47,9800.0,1426806.5,derived_ohlc4
UPCOM_VEF,VEF,2025-06-27 09:00:00,1718,14,147.13,147.79,146.06,147.79,11500.0,1692713.75,derived_ohlc4
UPCOM_VEF,VEF,2025-06-30 09:00:00,1719,14,148.61,148.85,147.46,148.85,20600.0,3057915.5000000005,derived_ohlc4
UPCOM_VEF,VEF,2025-07-01 09:00:00,1720,14,147.79,153.86,147.79,152.71,16600.0,2498922.5,derived_ohlc4
UPCOM_VEF,VEF,2025-07-02 09:00:00,1721,14,152.8,153.95,152.22,153.53,6500.0,995312.5,derived_ohlc4
UPCOM_VEF,VEF,2025-07-03 09:00:00,1722,14,155.18,155.18,152.39,152.71,9400.0,1446331.0,derived_ohlc4
UPCOM_VEF,VEF,2025-07-04 09:00:00,1723,14,153.21,153.45,149.43,153.45,11700.0,1782904.5,derived_ohlc4
UPCOM_VEF,VEF,2025-07-07 09:00:00,1724,14,151.81,153.95,151.81,153.53,7000.0,1069425.0,derived_ohlc4
UPCOM_VEF,VEF,2025-07-08 09:00:00,1725,14,153.12,153.53,152.3,153.12,10300.0,1576080.2499999998,derived_ohlc4
UPCOM_VEF,VEF,2025-07-09 09:00:00,1726,14,153.04,153.04,149.51,151.89,35000.0,5315450.0,derived_ohlc4
UPCOM_VEF,VEF,2025-07-10 09:00:00,1727,14,153.12,153.12,151.89,152.3,8000.0,1220860.0000000002,derived_ohlc4
UPCOM_VEF,VEF,2025-07-11 09:00:00,1728,14,153.21,153.21,149.92,151.48,6200.0,942121.0000000001,derived_ohlc4
UPCOM_VEF,VEF,2025-07-14 09:00:00,1729,14,151.24,151.48,147.79,149.84,18400.0,2761610.0,derived_ohlc4
UPCOM_VEF,VEF,2025-07-15 09:00:00,1730,14,149.84,151.07,149.02,150.91,6700.0,1006406.9999999999,derived_ohlc4
UPCOM_VEF,VEF,2025-07-16 09:00:00,1731,14,150.17,150.17,148.94,149.27,7400.0,1107317.5,derived_ohlc4
UPCOM_VEF,VEF,2025-07-17 09:00:00,1732,14,149.51,151.48,149.51,150.99,12800.0,1924768.0,derived_ohlc4
UPCOM_VEF,VEF,2025-07-18 09:00:00,1733,14,150.58,156.82,150.58,152.8,20800.0,3176056.0,derived_ohlc4
UPCOM_VEF,VEF,2025-07-21 09:00:00,1734,14,153.95,155.18,150.25,150.91,24000.0,3661740.0,derived_ohlc4
UPCOM_VEF,VEF,2025-07-22 09:00:00,1735,14,151.4,151.89,150.41,151.07,12900.0,1950383.25,derived_ohlc4
UPCOM_VEF,VEF,2025-07-23 09:00:00,1736,14,151.07,152.06,150.25,152.06,11700.0,1770912.0000000002,derived_ohlc4
UPCOM_VEF,VEF,2025-07-24 09:00:00,1737,14,152.06,155.01,151.07,152.14,8200.0,1251074.0,derived_ohlc4
UPCOM_VEF,VEF,2025-07-25 09:00:00,1738,14,152.14,152.71,150.41,152.63,17000.0,2583532.5,derived_ohlc4
UPCOM_VEF,VEF,2025-07-28 09:00:00,1739,14,153.29,155.01,153.12,153.37,31100.0,4779992.25,derived_ohlc4
UPCOM_VEF,VEF,2025-07-29 09:00:00,1740,14,154.36,154.36,148.61,149.18,16500.0,2501853.75,derived_ohlc4
UPCOM_VEF,VEF,2025-07-30 09:00:00,1741,14,149.43,151.89,148.44,149.84,7400.0,1109260.0,derived_ohlc4
UPCOM_VEF,VEF,2025-07-31 09:00:00,1742,14,149.92,150.25,147.79,149.02,16200.0,2417768.9999999995,derived_ohlc4
UPCOM_VEF,VEF,2025-08-01 09:00:00,1743,14,148.36,148.36,147.62,148.28,8400.0,1244502.0,derived_ohlc4
UPCOM_VEF,VEF,2025-08-04 09:00:00,1744,14,147.79,150.33,147.79,147.95,11300.0,1677654.4999999998,derived_ohlc4
UPCOM_VEF,VEF,2025-08-05 09:00:00,1745,14,148.2,149.02,147.62,148.36,13000.0,1927900.0000000002,derived_ohlc4
UPCOM_VEF,VEF,2025-08-06 09:00:00,1746,14,147.95,148.53,147.38,148.2,5800.0,858486.9999999999,derived_ohlc4
UPCOM_VEF,VEF,2025-08-07 09:00:00,1747,14,148.77,148.77,146.72,146.88,17200.0,2541902.0,derived_ohlc4
UPCOM_VEF,VEF,2025-08-08 09:00:00,1748,14,146.39,146.39,144.26,144.5,18300.0,2660545.5,derived_ohlc4
UPCOM_VEF,VEF,2025-08-11 09:00:00,1749,14,144.91,144.91,142.12,142.86,35400.0,5086980.0,derived_ohlc4
UPCOM_VEF,VEF,2025-08-12 09:00:00,1750,14,141.47,142.37,140.4,140.4,23400.0,3303144.0,derived_ohlc4
UPCOM_VEF,VEF,2025-08-13 09:00:00,1751,14,140.4,141.22,138.51,140.32,15000.0,2101687.5,derived_ohlc4
UPCOM_VEF,VEF,2025-08-14 09:00:00,1752,14,140.32,140.4,138.84,139.91,10000.0,1398675.0,derived_ohlc4
UPCOM_VEF,VEF,2025-08-15 09:00:00,1753,14,139.99,140.4,138.1,138.18,17400.0,2421514.5000000005,derived_ohlc4
UPCOM_VEF,VEF,2025-08-18 09:00:00,1754,14,138.18,138.18,133.17,133.25,29500.0,4003002.5,derived_ohlc4
UPCOM_VEF,VEF,2025-08-19 09:00:00,1755,14,134.65,134.65,130.55,132.19,36100.0,4801661.0,derived_ohlc4
UPCOM_VEF,VEF,2025-08-20 09:00:00,1756,14,131.61,131.69,127.26,128.9,22200.0,2883003.0,derived_ohlc4
UPCOM_VEF,VEF,2025-08-21 09:00:00,1757,14,128.74,128.82,126.44,127.67,13500.0,1726886.25,derived_ohlc4
UPCOM_VEF,VEF,2025-08-22 09:00:00,1758,14,127.84,135.14,127.84,133.83,23100.0,3029853.7500000005,derived_ohlc4
UPCOM_VEF,VEF,2025-08-25 09:00:00,1759,14,134.16,135.39,131.78,132.27,4300.0,573619.9999999999,derived_ohlc4
UPCOM_VEF,VEF,2025-08-26 09:00:00,1760,14,132.84,134.9,132.84,134.65,11100.0,1485263.25,derived_ohlc4
UPCOM_VEF,VEF,2025-08-27 09:00:00,1761,14,133.91,146.15,133.83,139.58,10700.0,1480532.25,derived_ohlc4
UPCOM_VEF,VEF,2025-08-28 09:00:00,1762,14,139.58,139.58,138.67,138.76,6500.0,904458.75,derived_ohlc4
UPCOM_VEF,VEF,2025-08-29 09:00:00,1763,14,138.76,138.76,132.27,133.09,26500.0,3596580.0,derived_ohlc4
UPCOM_VEF,VEF,2025-09-03 09:00:00,1764,14,134.65,136.54,133.17,136.54,14400.0,1947240.0,derived_ohlc4
UPCOM_VEF,VEF,2025-09-04 09:00:00,1765,14,135.06,136.87,135.06,135.47,6100.0,827251.5,derived_ohlc4
UPCOM_VEF,VEF,2025-09-05 09:00:00,1766,14,135.64,135.64,133.99,133.99,12800.0,1725632.0,derived_ohlc4
UPCOM_VEF,VEF,2025-09-08 09:00:00,1767,14,136.21,136.29,130.55,130.55,21800.0,2908120.0,derived_ohlc4
UPCOM_VEF,VEF,2025-09-09 09:00:00,1768,14,134.65,134.65,128.82,131.37,9500.0,1257538.75,derived_ohlc4
UPCOM_VEF,VEF,2025-09-10 09:00:00,1769,14,130.13,134.16,128.9,129.89,37400.0,4890797.999999999,derived_ohlc4
UPCOM_VEF,VEF,2025-09-11 09:00:00,1770,14,130.13,132.19,128.9,132.19,11300.0,1478633.2500000002,derived_ohlc4
UPCOM_VEF,VEF,2025-09-12 09:00:00,1771,14,130.55,135.06,130.55,133.83,7400.0,980481.5,derived_ohlc4
UPCOM_VEF,VEF,2025-09-15 09:00:00,1772,14,133.42,135.23,133.42,135.23,9800.0,1316385.0,derived_ohlc4
UPCOM_VEF,VEF,2025-09-16 09:00:00,1773,14,135.47,135.47,134.65,135.31,12000.0,1622700.0000000002,derived_ohlc4
UPCOM_VEF,VEF,2025-09-17 09:00:00,1774,14,134.98,135.47,134.9,135.06,4500.0,607961.2500000001,derived_ohlc4
UPCOM_VEF,VEF,2025-09-18 09:00:00,1775,14,135.06,135.06,132.19,135.06,23500.0,3157048.75,derived_ohlc4
UPCOM_VEF,VEF,2025-09-19 09:00:00,1776,14,133.83,136.29,133.5,135.47,9700.0,1307293.25,derived_ohlc4
UPCOM_VEF,VEF,2025-09-22 09:00:00,1777,14,136.29,145.16,136.29,145.16,46400.0,6529640.0,derived_ohlc4
UPCOM_VEF,VEF,2025-09-23 09:00:00,1778,14,146.97,156.0,146.97,151.15,62900.0,9452140.25,derived_ohlc4
UPCOM_VEF,VEF,2025-09-24 09:00:00,1779,14,151.15,155.18,147.79,149.43,23700.0,3576033.7499999995,derived_ohlc4
UPCOM_VEF,VEF,2025-09-25 09:00:00,1780,14,149.43,151.07,148.61,150.99,24900.0,3735622.5,derived_ohlc4
UPCOM_VEF,VEF,2025-09-26 09:00:00,1781,14,150.66,151.4,148.69,150.5,19700.0,2961156.25,derived_ohlc4
UPCOM_VEF,VEF,2025-09-29 09:00:00,1782,14,151.81,151.89,150.25,151.89,19000.0,2877739.9999999995,derived_ohlc4
UPCOM_VEF,VEF,2025-09-30 09:00:00,1783,14,150.66,152.47,150.33,150.66,15200.0,2295656.0,derived_ohlc4
UPCOM_VEF,VEF,2025-10-01 09:00:00,1784,14,150.66,151.89,150.25,151.07,18800.0,2838188.9999999995,derived_ohlc4
UPCOM_VEF,VEF,2025-10-02 09:00:00,1785,14,150.41,152.63,150.41,151.48,14800.0,2238241.0,derived_ohlc4
UPCOM_VEF,VEF,2025-10-03 09:00:00,1786,14,151.48,152.22,148.12,149.92,10500.0,1579567.5,derived_ohlc4
UPCOM_VEF,VEF,2025-10-06 09:00:00,1787,14,151.07,151.32,148.85,149.76,10200.0,1532550.0,derived_ohlc4
UPCOM_VEF,VEF,2025-10-07 09:00:00,1788,14,149.76,149.76,148.61,148.61,13900.0,2073671.5,derived_ohlc4
UPCOM_VEF,VEF,2025-10-08 09:00:00,1789,14,149.02,149.84,148.61,149.27,53900.0,8041071.5,derived_ohlc4
UPCOM_VEF,VEF,2025-10-09 09:00:00,1790,14,149.35,150.66,147.54,150.17,18200.0,2719625.9999999995,derived_ohlc4
UPCOM_VEF,VEF,2025-10-10 09:00:00,1791,14,149.84,149.84,148.61,149.51,9100.0,1359995.0,derived_ohlc4
UPCOM_VEF,VEF,2025-10-13 09:00:00,1792,14,149.84,159.28,149.84,156.82,50500.0,7774222.5,derived_ohlc4
UPCOM_VEF,VEF,2025-10-14 09:00:00,1793,14,159.28,161.75,158.46,158.87,29900.0,4771741.0,derived_ohlc4
UPCOM_VEF,VEF,2025-10-15 09:00:00,1794,14,159.28,160.68,154.44,156.0,89100.0,14042160.000000002,derived_ohlc4
UPCOM_VEF,VEF,2025-10-16 09:00:00,1795,14,157.64,157.64,155.18,156.49,22500.0,3526593.7500000005,derived_ohlc4
UPCOM_VEF,VEF,2025-10-17 09:00:00,1796,14,157.23,159.69,156.08,156.08,46100.0,7250147.000000001,derived_ohlc4
UPCOM_VEF,VEF,2025-10-20 09:00:00,1797,14,159.28,160.02,152.06,152.96,71700.0,11190936.0,derived_ohlc4
UPCOM_VEF,VEF,2025-10-21 09:00:00,1798,14,156.0,156.98,149.84,151.07,97600.0,14978916.000000002,derived_ohlc4
UPCOM_VEF,VEF,2025-10-22 09:00:00,1799,14,149.0,150.0,144.0,145.8,31300.0,4607360.0,derived_ohlc4
UPCOM_VEF,VEF,2025-10-23 09:00:00,1800,14,146.0,151.7,144.4,145.0,36700.0,5386642.5,derived_ohlc4
UPCOM_VEF,VEF,2025-10-24 09:00:00,1801,14,147.0,147.0,137.5,138.0,49000.0,6976375.0,derived_ohlc4
UPCOM_VEF,VEF,2025-10-27 09:00:00,1802,14,139.8,139.8,134.9,134.9,33000.0,4532550.0,derived_ohlc4
UPCOM_VEF,VEF,2025-10-28 09:00:00,1803,14,136.0,136.0,128.8,132.5,66900.0,8919442.5,derived_ohlc4
UPCOM_VEF,VEF,2025-10-29 09:00:00,1804,14,132.5,134.5,132.2,133.9,18500.0,2465587.5,derived_ohlc4
UPCOM_VEF,VEF,2025-10-30 09:00:00,1805,14,134.5,142.0,134.5,138.3,28100.0,3858832.4999999995,derived_ohlc4
UPCOM_VEF,VEF,2025-10-31 09:00:00,1806,14,138.0,139.5,134.5,134.6,21600.0,2951640.0,derived_ohlc4
UPCOM_VEF,VEF,2025-11-03 09:00:00,1807,14,135.9,136.7,130.0,134.8,40900.0,5494915.000000001,derived_ohlc4
UPCOM_VEF,VEF,2025-11-04 09:00:00,1808,14,132.5,132.5,131.0,131.9,27100.0,3576522.5,derived_ohlc4
UPCOM_VEF,VEF,2025-11-05 09:00:00,1809,14,134.0,134.0,132.0,132.0,11700.0,1556100.0,derived_ohlc4
UPCOM_VEF,VEF,2025-11-06 09:00:00,1810,14,131.2,133.4,131.0,131.5,23100.0,3044002.5,derived_ohlc4
UPCOM_VEF,VEF,2025-11-07 09:00:00,1811,14,130.8,131.5,128.5,129.5,32700.0,4253452.5,derived_ohlc4
UPCOM_VEF,VEF,2025-11-10 09:00:00,1812,14,133.4,133.4,128.3,128.6,8700.0,1139047.5,derived_ohlc4
UPCOM_VEF,VEF,2025-11-11 09:00:00,1813,14,129.7,130.7,128.5,129.5,8600.0,1114560.0,derived_ohlc4
UPCOM_VEF,VEF,2025-11-12 09:00:00,1814,14,129.7,131.3,129.6,129.9,11900.0,1548487.5,derived_ohlc4
UPCOM_VEF,VEF,2025-11-13 09:00:00,1815,14,130.3,132.9,130.0,132.1,19200.0,2521440.0000000005,derived_ohlc4
UPCOM_VEF,VEF,2025-11-14 09:00:00,1816,14,131.0,132.2,131.0,132.0,12100.0,1591755.0000000002,derived_ohlc4
UPCOM_VEF,VEF,2025-11-17 09:00:00,1817,14,131.3,132.0,131.3,131.9,16800.0,2211300.0,derived_ohlc4
UPCOM_VEF,VEF,2025-11-18 09:00:00,1818,14,132.0,132.0,131.2,131.5,10500.0,1382587.5000000002,derived_ohlc4
UPCOM_VEF,VEF,2025-11-19 09:00:00,1819,14,131.7,131.7,130.0,131.0,16500.0,2163150.0,derived_ohlc4
UPCOM_VEF,VEF,2025-11-20 09:00:00,1820,14,131.8,131.8,130.1,130.7,8700.0,1140570.0000000002,derived_ohlc4
UPCOM_VEF,VEF,2025-11-21 09:00:00,1821,14,130.5,132.0,130.0,130.7,11600.0,1517280.0000000002,derived_ohlc4
UPCOM_VEF,VEF,2025-11-24 09:00:00,1822,14,131.9,131.9,131.1,131.7,8000.0,1053199.9999999998,derived_ohlc4
UPCOM_VEF,VEF,2025-11-25 09:00:00,1823,14,132.0,132.9,131.7,131.8,11800.0,1558780.0,derived_ohlc4
UPCOM_VEF,VEF,2025-11-26 09:00:00,1824,14,132.3,132.3,131.8,132.2,9000.0,1189350.0,derived_ohlc4
UPCOM_VEF,VEF,2025-11-27 09:00:00,1825,14,132.2,132.5,131.6,131.9,5500.0,726274.9999999999,derived_ohlc4
UPCOM_VEF,VEF,2025-11-28 09:00:00,1826,14,131.6,132.8,130.5,132.0,16900.0,2226152.5,derived_ohlc4
UPCOM_VEF,VEF,2025-12-01 09:00:00,1827,14,132.0,132.8,131.6,132.0,9200.0,1215320.0,derived_ohlc4
UPCOM_VEF,VEF,2025-12-02 09:00:00,1828,14,132.0,132.1,131.5,132.1,11300.0,1490752.5000000002,derived_ohlc4
UPCOM_VEF,VEF,2025-12-03 09:00:00,1829,14,132.0,132.0,131.6,131.8,9000.0,1186650.0000000002,derived_ohlc4
UPCOM_VEF,VEF,2025-12-04 09:00:00,1830,14,131.8,138.8,131.8,136.0,29400.0,3957240.0000000005,derived_ohlc4
UPCOM_VEF,VEF,2025-12-05 09:00:00,1831,14,137.5,139.0,135.2,136.4,11200.0,1534680.0,derived_ohlc4
UPCOM_VEF,VEF,2025-12-08 09:00:00,1832,14,136.0,136.0,134.0,134.0,7300.0,985500.0,derived_ohlc4
UPCOM_VEF,VEF,2025-12-09 09:00:00,1833,14,134.5,134.8,131.6,132.1,15200.0,2025400.0,derived_ohlc4
UPCOM_VEF,VEF,2025-12-10 09:00:00,1834,14,132.3,133.2,131.6,131.9,8600.0,1137350.0,derived_ohlc4
UPCOM_VEF,VEF,2025-12-11 09:00:00,1835,14,131.6,132.4,131.6,132.2,6600.0,870869.9999999999,derived_ohlc4
UPCOM_VEF,VEF,2025-12-12 09:00:00,1836,14,131.9,131.9,130.7,131.1,11800.0,1550520.0,derived_ohlc4
UPCOM_VEF,VEF,2025-12-15 09:00:00,1837,14,130.0,131.4,130.0,131.4,9700.0,1267790.0,derived_ohlc4
UPCOM_VEF,VEF,2025-12-16 09:00:00,1838,14,130.1,130.8,130.0,130.8,4500.0,586912.5,derived_ohlc4
UPCOM_VEF,VEF,2025-12-17 09:00:00,1839,14,130.7,131.7,130.2,130.2,6800.0,888759.9999999999,derived_ohlc4
UPCOM_VEF,VEF,2025-12-18 09:00:00,1840,14,131.4,131.5,130.1,130.5,7200.0,942300.0,derived_ohlc4
UPCOM_VEF,VEF,2025-12-19 09:00:00,1841,14,131.0,131.0,130.5,130.9,8600.0,1125310.0,derived_ohlc4
UPCOM_VEF,VEF,2025-12-22 09:00:00,1842,14,130.8,131.8,130.7,131.0,16000.0,2097200.0,derived_ohlc4
UPCOM_VEF,VEF,2025-12-23 09:00:00,1843,14,131.9,138.0,131.9,134.5,46100.0,6180857.499999999,derived_ohlc4
UPCOM_VEF,VEF,2025-12-24 09:00:00,1844,14,137.0,137.0,134.5,135.0,23600.0,3206650.0,derived_ohlc4
UPCOM_VEF,VEF,2025-12-25 09:00:00,1845,14,135.0,136.1,130.0,131.0,33500.0,4456337.5,derived_ohlc4
UPCOM_VEF,VEF,2025-12-26 09:00:00,1846,14,131.0,131.5,130.0,131.4,21700.0,2842157.5,derived_ohlc4
UPCOM_VEF,VEF,2025-12-29 09:00:00,1847,14,132.5,133.6,130.6,131.5,11700.0,1544985.0000000002,derived_ohlc4
UPCOM_VEF,VEF,2025-12-30 09:00:00,1848,14,133.9,133.9,130.8,131.3,6400.0,847840.0000000001,derived_ohlc4
UPCOM_VEF,VEF,2025-12-31 09:00:00,1849,14,130.8,131.2,130.1,131.2,21000.0,2747324.9999999995,derived_ohlc4
UPCOM_VEF,VEF,2026-01-05 09:00:00,1850,14,131.6,131.6,130.0,130.2,14800.0,1936580.0,derived_ohlc4
UPCOM_VEF,VEF,2026-01-06 09:00:00,1851,14,130.7,132.0,130.0,131.0,7400.0,968845.0000000001,derived_ohlc4
UPCOM_VEF,VEF,2026-01-07 09:00:00,1852,14,130.6,131.0,129.8,130.0,22000.0,2867700.0000000005,derived_ohlc4
UPCOM_VEF,VEF,2026-01-08 09:00:00,1853,14,130.2,131.3,130.0,130.7,18500.0,2415175.0,derived_ohlc4
UPCOM_VEF,VEF,2026-01-09 09:00:00,1854,14,130.3,130.3,128.9,129.5,18000.0,2335500.0,derived_ohlc4
UPCOM_VEF,VEF,2026-01-12 09:00:00,1855,14,129.8,129.8,124.0,126.5,39300.0,5011732.5,derived_ohlc4
UPCOM_VEF,VEF,2026-01-13 09:00:00,1856,14,126.5,126.7,124.7,126.7,26600.0,3355590.0,derived_ohlc4
UPCOM_VEF,VEF,2026-01-14 09:00:00,1857,14,124.0,128.4,124.0,127.0,19700.0,2479245.0,derived_ohlc4
UPCOM_VEF,VEF,2026-01-15 09:00:00,1858,14,127.0,128.0,123.8,124.7,38900.0,4896537.5,derived_ohlc4
UPCOM_VEF,VEF,2026-01-16 09:00:00,1859,14,124.5,126.8,123.5,123.5,22000.0,2740650.0,derived_ohlc4
UPCOM_VEF,VEF,2026-01-19 09:00:00,1860,14,124.0,124.3,122.7,124.3,15500.0,1919287.5,derived_ohlc4
UPCOM_VEF,VEF,2026-01-20 09:00:00,1861,14,123.3,124.0,122.3,122.7,18500.0,2276887.5,derived_ohlc4
UPCOM_VEF,VEF,2026-01-21 09:00:00,1862,14,122.0,122.0,115.1,116.0,77800.0,9240695.0,derived_ohlc4
UPCOM_VEF,VEF,2026-01-22 09:00:00,1863,14,117.9,117.9,114.0,114.5,61700.0,7161827.5,derived_ohlc4
UPCOM_VEF,VEF,2026-01-23 09:00:00,1864,14,114.8,115.3,113.8,114.0,37300.0,4269917.5,derived_ohlc4
UPCOM_VEF,VEF,2026-01-26 09:00:00,1865,14,115.0,115.8,113.0,114.7,25800.0,2957325.0,derived_ohlc4
UPCOM_VEF,VEF,2026-01-27 09:00:00,1866,14,114.7,114.7,111.0,112.0,13400.0,1515540.0,derived_ohlc4
UPCOM_VEF,VEF,2026-01-28 09:00:00,1867,14,115.0,115.0,108.9,111.9,23800.0,2682259.9999999995,derived_ohlc4
UPCOM_VEF,VEF,2026-01-29 09:00:00,1868,14,111.2,114.5,109.1,113.8,18600.0,2085989.9999999998,derived_ohlc4
UPCOM_VEF,VEF,2026-01-30 09:00:00,1869,14,116.0,116.0,112.7,113.2,12100.0,1385147.5,derived_ohlc4
UPCOM_VEF,VEF,2026-02-02 09:00:00,1870,14,114.5,114.5,112.0,112.0,18900.0,2140425.0,derived_ohlc4
UPCOM_VEF,VEF,2026-02-03 09:00:00,1871,14,114.3,114.3,112.0,113.2,7800.0,884910.0,derived_ohlc4
UPCOM_VEF,VEF,2026-02-04 09:00:00,1872,14,113.2,113.2,111.5,111.6,10700.0,1202412.5,derived_ohlc4
UPCOM_VEF,VEF,2026-02-05 09:00:00,1873,14,112.0,113.4,111.5,112.3,9800.0,1100540.0,derived_ohlc4
UPCOM_VEF,VEF,2026-02-06 09:00:00,1874,14,112.8,112.8,109.5,110.0,11500.0,1279662.5,derived_ohlc4
UPCOM_VEF,VEF,2026-02-09 09:00:00,1875,14,109.5,111.6,109.0,111.3,4800.0,529680.0,derived_ohlc4
UPCOM_VEF,VEF,2026-02-10 09:00:00,1876,14,111.3,113.8,111.0,111.0,8500.0,950087.5,derived_ohlc4
UPCOM_VEF,VEF,2026-02-11 09:00:00,1877,14,113.0,114.5,112.3,113.7,11500.0,1303812.5,derived_ohlc4
UPCOM_VEF,VEF,2026-02-12 09:00:00,1878,14,112.0,113.9,112.0,113.6,11200.0,1264200.0,derived_ohlc4
UPCOM_VEF,VEF,2026-02-13 09:00:00,1879,14,113.5,113.9,112.3,113.5,4500.0,509850.0,derived_ohlc4
UPCOM_VEF,VEF,2026-02-23 09:00:00,1880,14,114.0,114.4,113.4,113.7,8000.0,911000.0,derived_ohlc4
UPCOM_VEF,VEF,2026-02-24 09:00:00,1881,14,113.8,113.8,112.0,113.0,15300.0,1731195.0,derived_ohlc4
UPCOM_VEF,VEF,2026-02-25 09:00:00,1882,14,113.1,113.1,112.5,112.5,12600.0,1421280.0,derived_ohlc4
UPCOM_VEF,VEF,2026-02-26 09:00:00,1883,14,112.0,112.6,112.0,112.1,11600.0,1301230.0000000002,derived_ohlc4
UPCOM_VEF,VEF,2026-02-27 09:00:00,1884,14,113.9,113.9,110.0,110.0,14700.0,1645665.0,derived_ohlc4
UPCOM_VEF,VEF,2026-03-02 09:00:00,1885,14,110.0,110.0,106.0,108.4,13400.0,1455240.0,derived_ohlc4
UPCOM_VEF,VEF,2026-03-03 09:00:00,1886,14,107.6,108.9,106.3,106.3,16700.0,1791492.5,derived_ohlc4
UPCOM_VEF,VEF,2026-03-04 09:00:00,1887,14,106.1,106.1,102.6,103.6,25800.0,2698680.0,derived_ohlc4
UPCOM_VEF,VEF,2026-03-05 09:00:00,1888,14,104.4,109.5,104.4,104.6,10000.0,1057250.0,derived_ohlc4
UPCOM_VEF,VEF,2026-03-06 09:00:00,1889,14,106.6,106.6,103.1,104.6,3000.0,315675.0,derived_ohlc4
UPCOM_VEF,VEF,2026-03-09 09:00:00,1890,14,100.1,100.1,89.0,89.1,39900.0,3773542.4999999995,derived_ohlc4
UPCOM_VEF,VEF,2026-03-10 09:00:00,1891,14,93.0,102.5,92.5,94.9,22100.0,2115522.5,derived_ohlc4
UPCOM_VEF,VEF,2026-03-11 09:00:00,1892,14,100.0,100.0,97.0,97.8,8500.0,838950.0,derived_ohlc4
UPCOM_VEF,VEF,2026-03-12 09:00:00,1893,14,95.3,99.9,95.3,98.3,7300.0,709560.0,derived_ohlc4
UPCOM_VEF,VEF,2026-03-13 09:00:00,1894,14,98.0,98.0,93.0,95.5,12000.0,1153500.0,derived_ohlc4
UPCOM_VEF,VEF,2026-03-16 09:00:00,1895,14,94.3,96.9,94.3,95.3,4200.0,399840.0,derived_ohlc4
UPCOM_VEF,VEF,2026-03-17 09:00:00,1896,14,96.9,97.0,95.2,95.3,6800.0,653480.0,derived_ohlc4
UPCOM_VEF,VEF,2026-03-18 09:00:00,1897,14,98.5,98.5,95.0,96.5,4500.0,437062.5,derived_ohlc4
UPCOM_VEF,VEF,2026-03-19 09:00:00,1898,14,96.0,96.9,94.0,96.9,5300.0,508534.99999999994,derived_ohlc4
UPCOM_VEF,VEF,2026-03-20 09:00:00,1899,14,94.3,95.8,92.0,95.2,12300.0,1160197.5,derived_ohlc4
UPCOM_VEF,VEF,2026-03-23 09:00:00,1900,14,95.9,95.9,92.3,92.3,7700.0,724570.0000000001,derived_ohlc4
UPCOM_VEF,VEF,2026-03-24 09:00:00,1901,14,92.6,95.0,92.6,94.8,6200.0,581250.0,derived_ohlc4
UPCOM_VEF,VEF,2026-03-25 09:00:00,1902,14,94.8,95.5,94.8,95.3,3400.0,323340.0,derived_ohlc4
UPCOM_VEF,VEF,2026-03-26 09:00:00,1903,14,95.2,95.2,94.5,95.2,4100.0,389602.49999999994,derived_ohlc4
UPCOM_VEF,VEF,2026-03-27 09:00:00,1904,14,95.0,95.8,95.0,95.2,5600.0,533400.0,derived_ohlc4
UPCOM_VEF,VEF,2026-03-30 09:00:00,1905,14,95.0,95.7,94.6,95.5,2600.0,247519.99999999997,derived_ohlc4
UPCOM_VEF,VEF,2026-03-31 09:00:00,1906,14,93.5,96.7,93.5,96.0,5700.0,541072.5,derived_ohlc4
UPCOM_VEF,VEF,2026-04-01 09:00:00,1907,14,98.0,104.9,98.0,104.9,20900.0,2120304.9999999995,derived_ohlc4
UPCOM_VEF,VEF,2026-04-02 09:00:00,1908,14,105.0,110.9,105.0,106.9,17700.0,1893014.9999999998,derived_ohlc4
UPCOM_VEF,VEF,2026-04-03 09:00:00,1909,14,103.5,107.8,103.5,103.9,5700.0,596647.5000000001,derived_ohlc4
UPCOM_VEF,VEF,2026-04-06 09:00:00,1910,14,109.0,109.0,102.3,106.4,16900.0,1802807.5000000002,derived_ohlc4
UPCOM_VEF,VEF,2026-04-07 09:00:00,1911,14,107.0,110.8,106.3,108.8,22100.0,2391772.5,derived_ohlc4
UPCOM_VEF,VEF,2026-04-08 09:00:00,1912,14,112.0,115.0,108.5,110.6,6000.0,669150.0,derived_ohlc4
UPCOM_VEF,VEF,2026-04-09 09:00:00,1913,14,110.0,110.0,105.1,108.8,6400.0,694240.0,derived_ohlc4
UPCOM_VEF,VEF,2026-04-10 09:00:00,1914,14,110.0,115.0,109.6,109.6,6400.0,710720.0000000001,derived_ohlc4
UPCOM_VEF,VEF,2026-04-13 09:00:00,1915,14,111.5,111.5,108.4,109.0,6200.0,682620.0,derived_ohlc4
UPCOM_VEF,VEF,2026-04-14 09:00:00,1916,14,109.2,109.8,108.0,108.0,9200.0,1000500.0,derived_ohlc4
UPCOM_VEF,VEF,2026-04-15 09:00:00,1917,14,109.8,111.6,108.0,111.6,23900.0,2634975.0,derived_ohlc4
UPCOM_VEF,VEF,2026-04-16 09:00:00,1918,14,111.6,111.6,108.5,109.2,9200.0,1014070.0,derived_ohlc4
UPCOM_VEF,VEF,2026-04-17 09:00:00,1919,14,111.0,111.0,107.1,107.1,5600.0,610680.0000000001,derived_ohlc4
UPCOM_VEF,VEF,2026-04-20 09:00:00,1920,14,107.9,109.3,107.0,107.0,17900.0,1929620.0,derived_ohlc4
UPCOM_VEF,VEF,2026-04-21 09:00:00,1921,14,107.1,109.2,107.1,107.5,10500.0,1131112.5,derived_ohlc4
UPCOM_VEF,VEF,2026-04-22 09:00:00,1922,14,108.0,108.0,106.0,106.1,16500.0,1765912.5,derived_ohlc4
UPCOM_VEF,VEF,2026-04-23 09:00:00,1923,14,106.8,106.8,100.1,101.9,29100.0,3023490.0,derived_ohlc4
UPCOM_VEF,VEF,2026-04-24 09:00:00,1924,14,102.0,102.5,98.8,99.9,23600.0,2378880.0000000005,derived_ohlc4
UPCOM_VEF,VEF,2026-04-28 09:00:00,1925,14,99.5,100.0,99.0,99.5,11900.0,1184050.0,derived_ohlc4
UPCOM_VEF,VEF,2026-04-29 09:00:00,1926,14,99.0,99.0,96.5,98.0,7600.0,745750.0,derived_ohlc4
UPCOM_VEF,VEF,2026-05-04 09:00:00,1927,14,98.0,98.0,96.0,96.2,8700.0,844335.0,derived_ohlc4
UPCOM_VEF,VEF,2026-05-05 09:00:00,1928,14,97.1,97.1,96.1,96.3,9900.0,956834.9999999999,derived_ohlc4
UPCOM_VEF,VEF,2026-05-06 09:00:00,1929,14,96.0,96.2,95.0,95.5,20200.0,1932635.0,derived_ohlc4
UPCOM_VEF,VEF,2026-05-07 09:00:00,1930,14,94.5,97.5,94.5,96.2,10900.0,1042857.5,derived_ohlc4
UPCOM_VEF,VEF,2026-05-08 09:00:00,1931,14,96.3,96.5,94.9,95.1,6300.0,602910.0000000001,derived_ohlc4
UPCOM_VEF,VEF,2026-05-11 09:00:00,1932,14,95.1,95.3,93.5,93.5,9400.0,886890.0,derived_ohlc4
UPCOM_VEF,VEF,2026-05-12 09:00:00,1933,14,94.2,94.4,93.5,93.5,9200.0,863880.0,derived_ohlc4
UPCOM_VEF,VEF,2026-05-13 09:00:00,1934,14,93.4,93.8,93.0,93.1,9400.0,877254.9999999999,derived_ohlc4
UPCOM_VEF,VEF,2026-05-14 09:00:00,1935,14,93.1,94.3,93.1,94.1,3800.0,355870.0,derived_ohlc4
UPCOM_VEF,VEF,2026-05-15 09:00:00,1936,14,94.0,95.5,94.0,94.9,4700.0,444620.0,derived_ohlc4
UPCOM_VEF,VEF,2026-05-18 09:00:00,1937,14,91.0,95.8,91.0,95.7,3700.0,345487.5,derived_ohlc4
UPCOM_VEF,VEF,2026-05-19 09:00:00,1938,14,93.5,94.4,93.0,93.5,6400.0,599040.0,derived_ohlc4
UPCOM_VEF,VEF,2026-05-20 09:00:00,1939,14,103.9,103.9,94.2,95.0,6200.0,615350.0,derived_ohlc4
UPCOM_VEF,VEF,2026-05-21 09:00:00,1940,14,95.2,95.2,94.0,95.2,3500.0,332149.99999999994,derived_ohlc4
UPCOM_VEF,VEF,2026-05-22 09:00:00,1941,14,94.0,94.0,93.7,93.7,4500.0,422325.0,derived_ohlc4
UPCOM_VEF,VEF,2026-05-25 09:00:00,1942,14,93.9,93.9,93.4,93.7,1500.0,140587.5,derived_ohlc4
UPCOM_VEF,VEF,2026-05-26 09:00:00,1943,14,93.1,93.2,93.0,93.0,6500.0,604987.5,derived_ohlc4
UPCOM_VEF,VEF,2026-05-27 09:00:00,1944,14,93.1,93.1,92.4,93.0,2500.0,232250.0,derived_ohlc4
UPCOM_VEF,VEF,2026-05-28 09:00:00,1945,14,92.0,93.5,92.0,93.0,5700.0,527962.5,derived_ohlc4
UPCOM_VEF,VEF,2026-05-29 09:00:00,1946,14,92.4,92.9,92.0,92.2,5300.0,489587.5,derived_ohlc4
UPCOM_VEF,VEF,2026-06-01 09:00:00,1947,14,91.3,93.3,90.4,93.3,10200.0,939165.0,derived_ohlc4
UPCOM_VEF,VEF,2026-06-02 09:00:00,1948,14,93.3,93.3,90.6,91.9,3900.0,359872.5,derived_ohlc4
UPCOM_VEF,VEF,2026-06-03 09:00:00,1949,14,90.5,90.7,90.2,90.7,5400.0,488834.99999999994,derived_ohlc4
UPCOM_VEF,VEF,2026-06-04 09:00:00,1950,14,90.5,90.5,90.0,90.5,5200.0,469950.0,derived_ohlc4
UPCOM_VEF,VEF,2026-06-05 09:00:00,1951,14,90.5,90.5,90.0,90.5,6600.0,596475.0,derived_ohlc4
UPCOM_VEF,VEF,2026-06-08 09:00:00,1952,14,89.9,90.0,87.0,88.9,8400.0,747179.9999999999,derived_ohlc4
UPCOM_VEF,VEF,2026-06-09 09:00:00,1953,14,89.2,90.2,89.2,89.2,2000.0,178900.0,derived_ohlc4
UPCOM_VEF,VEF,2026-06-10 09:00:00,1954,14,90.0,90.0,88.9,89.0,4000.0,357900.0,derived_ohlc4
UPCOM_VEF,VEF,2026-06-11 09:00:00,1955,14,89.0,89.1,88.0,88.0,4100.0,362952.5,derived_ohlc4
UPCOM_VEF,VEF,2026-06-12 09:00:00,1956,14,90.5,90.5,89.2,89.6,4800.0,431759.99999999994,derived_ohlc4
UPCOM_VEF,VEF,2026-06-15 09:00:00,1957,14,90.6,90.6,90.0,90.5,900.0,81382.5,derived_ohlc4
UPCOM_VEF,VEF,2026-06-16 09:00:00,1958,14,90.0,91.0,90.0,90.4,3100.0,280085.0,derived_ohlc4
UPCOM_VEF,VEF,2026-06-17 09:00:00,1959,14,90.3,90.3,89.0,90.2,3400.0,305830.0,derived_ohlc4
UPCOM_VEF,VEF,2026-06-18 09:00:00,1960,14,90.2,90.5,87.1,87.5,10300.0,914897.4999999999,derived_ohlc4
UPCOM_VEF,VEF,2026-06-19 09:00:00,1961,14,88.6,89.8,87.2,87.2,4100.0,361619.99999999994,derived_ohlc4
UPCOM_VEF,VEF,2026-06-22 09:00:00,1962,14,89.9,89.9,88.9,89.0,1600.0,143080.00000000003,derived_ohlc4
UPCOM_VEF,VEF,2026-06-23 09:00:00,1963,14,89.0,89.1,87.7,87.7,2600.0,229775.0,derived_ohlc4
UPCOM_VEF,VEF,2026-06-24 09:00:00,1964,14,88.1,90.0,88.1,88.1,3100.0,274582.49999999994,derived_ohlc4
UPCOM_VEF,VEF,2026-06-25 09:00:00,1965,14,88.1,88.5,88.0,88.0,1300.0,114595.00000000001,derived_ohlc4
UPCOM_VEF,VEF,2026-06-26 09:00:00,1966,14,87.3,88.1,87.2,88.0,2900.0,254184.99999999997,derived_ohlc4
UPCOM_VEF,VEF,2026-06-29 09:00:00,1967,14,87.9,89.3,87.8,87.8,4800.0,423360.0,derived_ohlc4
UPCOM_VEF,VEF,2026-06-30 09:00:00,1968,14,88.2,88.2,87.0,87.2,3600.0,315539.99999999994,derived_ohlc4
UPCOM_VEF,VEF,2026-07-01 09:00:00,1969,14,87.2,87.2,87.0,87.2,4100.0,357314.99999999994,derived_ohlc4
UPCOM_VEF,VEF,2026-07-02 09:00:00,1970,14,86.5,88.0,86.2,87.0,1700.0,147772.5,derived_ohlc4
UPCOM_VEF,VEF,2026-07-03 09:00:00,1971,14,86.8,86.8,85.3,85.5,10200.0,878220.0,derived_ohlc4
UPCOM_VEF,VEF,2026-07-06 09:00:00,1972,14,86.0,86.0,84.5,85.2,2300.0,196477.5,derived_ohlc4
UPCOM_VEF,VEF,2026-07-07 09:00:00,1973,14,84.0,84.0,81.8,83.0,7900.0,657280.0,derived_ohlc4
UPCOM_VEF,VEF,2026-07-08 09:00:00,1974,14,82.6,82.6,81.6,82.0,5700.0,468539.99999999994,derived_ohlc4
UPCOM_VEF,VEF,2026-07-09 09:00:00,1975,14,81.4,82.3,80.8,81.9,4300.0,350880.0,derived_ohlc4
UPCOM_VEF,VEF,2026-07-10 09:00:00,1976,14,81.7,81.7,81.5,81.7,1300.0,106145.00000000001,derived_ohlc4
UPCOM_VEF,VEF,2026-07-13 09:00:00,1977,14,81.7,81.7,79.0,79.0,4200.0,337470.0,derived_ohlc4
UPCOM_VEF,VEF,2026-07-14 09:00:00,1978,14,79.6,79.9,78.0,79.0,3600.0,284850.0,derived_ohlc4
UPCOM_VEF,VEF,2026-07-15 09:00:00,1979,14,80.0,80.0,74.9,77.0,4600.0,358685.0,derived_ohlc4
UPCOM_VEF,VEF,2026-07-16 09:00:00,1980,14,77.0,77.1,74.0,76.8,7000.0,533575.0,derived_ohlc4
UPCOM_VEF,VEF,2026-07-17 09:00:00,1981,14,74.0,75.0,73.2,73.5,8000.0,591400.0,derived_ohlc4
UPCOM_VEF,VEF,2026-07-20 09:00:00,1982,14,73.7,73.7,69.5,70.0,12300.0,882217.4999999999,derived_ohlc4
UPCOM_VEF,VEF,2026-07-21 09:00:00,1983,14,70.0,71.0,67.0,69.2,15900.0,1101870.0,derived_ohlc4
UPCOM_VEF,VEF,2026-07-22 09:00:00,1984,14,67.0,70.4,67.0,70.3,8000.0,549400.0,derived_ohlc4
UPCOM_VEF,VEF,2026-07-23 09:00:00,1985,14,71.5,71.5,69.5,71.0,5200.0,368550.0,derived_ohlc4
UPCOM_VEF,VEF,2026-07-24 09:00:00,1986,14,71.0,71.0,70.1,70.1,3800.0,268090.0,derived_ohlc4
UPCOM_VEF,VEF,2026-07-27 09:00:00,1987,14,70.5,71.8,70.5,70.9,4200.0,297885.00000000006,derived_ohlc4
UPCOM_VEF,VEF,2026-07-28 09:00:00,1988,14,71.3,71.4,71.1,71.1,1200.0,85470.0,derived_ohlc4
UPCOM_VEF,VEF,2026-07-29 09:00:00,1989,14,71.9,73.5,71.5,73.3,10200.0,740010.0,derived_ohlc4
UPCOM_VEF,VEF,2026-07-30 09:00:00,1990,14,74.9,76.0,74.3,75.1,4600.0,345344.99999999994,derived_ohlc4
UPCOM_VEF,VEF,2026-07-31 09:00:00,1991,14,74.8,75.3,73.6,73.6,2600.0,193244.99999999997,derived_ohlc4
UPCOM_VEF,VEF,2026-08-03 09:00:00,1992,14,74.6,84.5,74.6,80.5,20400.0,1602420.0,derived_ohlc4
UPCOM_VEF,VEF,2026-08-04 09:00:00,1993,14,83.9,84.9,81.5,83.3,10600.0,884040.0000000001,derived_ohlc4
UPCOM_VEF,VEF,2026-08-05 09:00:00,1994,14,84.0,85.4,82.8,83.9,6400.0,537760.0,derived_ohlc4
UPCOM_VEF,VEF,2026-08-06 09:00:00,1995,14,82.5,83.0,80.0,80.8,4700.0,383402.5,derived_ohlc4
UPCOM_VEF,VEF,2026-08-07 09:00:00,1996,14,80.8,80.8,77.5,79.8,13600.0,1084260.0,derived_ohlc4
