security_id,symbol,timestamps,session_id,segment_id,open,high,low,close,volume,amount,amount_source
HOSE_VIX,VIX,2018-08-09 09:00:00,0,0,1.27,1.29,1.25,1.29,78040.0,99501.0,derived_ohlc4
HOSE_VIX,VIX,2018-08-10 09:00:00,1,0,1.27,1.29,1.25,1.25,79400.0,100441.00000000001,derived_ohlc4
HOSE_VIX,VIX,2018-08-13 09:00:00,2,0,1.25,1.27,1.25,1.27,65720.0,82807.2,derived_ohlc4
HOSE_VIX,VIX,2018-08-14 09:00:00,3,0,1.27,1.29,1.27,1.29,114320.0,146329.6,derived_ohlc4
HOSE_VIX,VIX,2018-08-15 09:00:00,4,0,1.29,1.29,1.25,1.25,127740.0,162229.8,derived_ohlc4
HOSE_VIX,VIX,2018-08-16 09:00:00,5,0,1.24,1.25,1.22,1.24,107660.0,133229.25,derived_ohlc4
HOSE_VIX,VIX,2018-08-17 09:00:00,6,0,1.24,1.27,1.24,1.25,49988.0,62485.0,derived_ohlc4
HOSE_VIX,VIX,2018-08-20 09:00:00,7,0,1.25,1.27,1.25,1.25,113195.0,142059.72499999998,derived_ohlc4
HOSE_VIX,VIX,2018-08-21 09:00:00,8,0,1.25,1.27,1.24,1.27,73070.0,91885.525,derived_ohlc4
HOSE_VIX,VIX,2018-08-22 09:00:00,9,0,1.27,1.35,1.27,1.31,438600.0,570180.0,derived_ohlc4
HOSE_VIX,VIX,2018-08-23 09:00:00,10,0,1.31,1.43,1.31,1.43,1013025.0,1387844.25,derived_ohlc4
HOSE_VIX,VIX,2018-08-24 09:00:00,11,0,1.43,1.56,1.43,1.5,441915.0,654034.2,derived_ohlc4
HOSE_VIX,VIX,2018-08-27 09:00:00,12,0,1.52,1.52,1.45,1.49,283580.0,423952.10000000003,derived_ohlc4
HOSE_VIX,VIX,2018-08-28 09:00:00,13,0,1.47,1.49,1.43,1.43,415540.0,604610.7,derived_ohlc4
HOSE_VIX,VIX,2018-08-29 09:00:00,14,0,1.43,1.45,1.39,1.43,308862.0,440128.3499999999,derived_ohlc4
HOSE_VIX,VIX,2018-08-30 09:00:00,15,0,1.43,1.45,1.43,1.43,121981.0,175042.735,derived_ohlc4
HOSE_VIX,VIX,2018-08-31 09:00:00,16,0,1.43,1.47,1.41,1.43,157480.0,225983.79999999996,derived_ohlc4
HOSE_VIX,VIX,2018-09-04 09:00:00,17,0,1.41,1.43,1.39,1.41,160440.0,226220.4,derived_ohlc4
HOSE_VIX,VIX,2018-09-05 09:00:00,18,0,1.41,1.41,1.39,1.39,212999.0,298198.6,derived_ohlc4
HOSE_VIX,VIX,2018-09-06 09:00:00,19,0,1.39,1.41,1.39,1.41,134085.0,187719.0,derived_ohlc4
HOSE_VIX,VIX,2018-09-07 09:00:00,20,0,1.41,1.43,1.41,1.43,144040.0,204536.8,derived_ohlc4
HOSE_VIX,VIX,2018-09-10 09:00:00,21,0,1.45,1.5,1.45,1.5,351657.0,518694.075,derived_ohlc4
HOSE_VIX,VIX,2018-09-11 09:00:00,22,0,1.54,1.54,1.47,1.49,129093.0,194930.43,derived_ohlc4
HOSE_VIX,VIX,2018-09-12 09:00:00,23,0,1.49,1.54,1.49,1.52,126584.0,191141.84000000003,derived_ohlc4
HOSE_VIX,VIX,2018-09-13 09:00:00,24,0,1.52,1.54,1.5,1.52,209020.0,317710.4,derived_ohlc4
HOSE_VIX,VIX,2018-09-14 09:00:00,25,0,1.52,1.56,1.52,1.54,111267.0,170794.845,derived_ohlc4
HOSE_VIX,VIX,2018-09-17 09:00:00,26,0,1.54,1.58,1.54,1.58,248684.0,387947.04000000004,derived_ohlc4
HOSE_VIX,VIX,2018-09-18 09:00:00,27,0,1.72,1.72,1.54,1.58,189711.0,311126.04000000004,derived_ohlc4
HOSE_VIX,VIX,2018-09-19 09:00:00,28,0,1.58,1.62,1.58,1.6,57710.0,92047.45000000001,derived_ohlc4
HOSE_VIX,VIX,2018-09-20 09:00:00,29,0,1.6,1.6,1.54,1.54,172652.0,271063.64,derived_ohlc4
HOSE_VIX,VIX,2018-09-21 09:00:00,30,0,1.54,1.58,1.52,1.58,198370.0,308465.35000000003,derived_ohlc4
HOSE_VIX,VIX,2018-09-24 09:00:00,31,0,1.58,1.58,1.54,1.56,63692.0,99677.98,derived_ohlc4
HOSE_VIX,VIX,2018-09-25 09:00:00,32,0,1.54,1.56,1.5,1.52,265619.0,406397.06999999995,derived_ohlc4
HOSE_VIX,VIX,2018-09-26 09:00:00,33,0,1.54,1.56,1.5,1.54,115970.0,178013.94999999998,derived_ohlc4
HOSE_VIX,VIX,2018-09-27 09:00:00,34,0,1.54,1.58,1.54,1.56,143570.0,223251.35000000003,derived_ohlc4
HOSE_VIX,VIX,2018-09-28 09:00:00,35,0,1.56,1.58,1.54,1.58,192107.0,300647.455,derived_ohlc4
HOSE_VIX,VIX,2018-10-01 09:00:00,36,0,1.58,1.62,1.56,1.6,174361.0,277233.99,derived_ohlc4
HOSE_VIX,VIX,2018-10-02 09:00:00,37,0,1.62,1.64,1.58,1.6,204700.0,329567.0,derived_ohlc4
HOSE_VIX,VIX,2018-10-03 09:00:00,38,0,1.6,1.62,1.58,1.6,146406.0,234249.6,derived_ohlc4
HOSE_VIX,VIX,2018-10-04 09:00:00,39,0,1.58,1.64,1.58,1.64,161067.0,259317.86999999997,derived_ohlc4
HOSE_VIX,VIX,2018-10-05 09:00:00,40,0,1.62,1.7,1.62,1.66,252181.0,416098.65,derived_ohlc4
HOSE_VIX,VIX,2018-10-08 09:00:00,41,0,1.68,1.7,1.64,1.68,209076.0,350202.3,derived_ohlc4
HOSE_VIX,VIX,2018-10-09 09:00:00,42,0,1.52,1.7,1.52,1.7,174670.0,281218.7,derived_ohlc4
HOSE_VIX,VIX,2018-10-10 09:00:00,43,0,1.68,1.7,1.68,1.7,152043.0,256952.66999999998,derived_ohlc4
HOSE_VIX,VIX,2018-10-11 09:00:00,44,0,1.66,1.66,1.56,1.58,625297.0,1009854.655,derived_ohlc4
HOSE_VIX,VIX,2018-10-12 09:00:00,45,0,1.58,1.66,1.58,1.64,177096.0,286010.04,derived_ohlc4
HOSE_VIX,VIX,2018-10-15 09:00:00,46,0,1.64,1.64,1.62,1.62,141492.0,230631.96000000002,derived_ohlc4
HOSE_VIX,VIX,2018-10-16 09:00:00,47,0,1.6,1.72,1.6,1.7,133097.0,220275.535,derived_ohlc4
HOSE_VIX,VIX,2018-10-17 09:00:00,48,0,1.7,1.76,1.7,1.74,110391.0,190424.475,derived_ohlc4
HOSE_VIX,VIX,2018-10-18 09:00:00,49,0,1.7,1.91,1.7,1.91,685030.0,1236479.15,derived_ohlc4
HOSE_VIX,VIX,2018-10-19 09:00:00,50,0,1.97,2.04,1.89,1.93,169827.0,332436.3525,derived_ohlc4
HOSE_VIX,VIX,2018-10-22 09:00:00,51,0,2.01,2.03,1.87,1.93,191825.0,375976.99999999994,derived_ohlc4
HOSE_VIX,VIX,2018-10-23 09:00:00,52,0,1.89,1.89,1.78,1.87,241580.0,448734.85,derived_ohlc4
HOSE_VIX,VIX,2018-10-24 09:00:00,53,0,1.81,1.85,1.81,1.83,164484.0,300183.30000000005,derived_ohlc4
HOSE_VIX,VIX,2018-10-25 09:00:00,54,0,1.66,1.76,1.66,1.74,135774.0,231494.67,derived_ohlc4
HOSE_VIX,VIX,2018-10-26 09:00:00,55,0,1.79,1.79,1.7,1.7,61675.0,107622.875,derived_ohlc4
HOSE_VIX,VIX,2018-10-29 09:00:00,56,0,1.64,1.74,1.64,1.68,176528.0,295684.39999999997,derived_ohlc4
HOSE_VIX,VIX,2018-10-30 09:00:00,57,0,1.66,1.72,1.66,1.68,157368.0,264378.24,derived_ohlc4
HOSE_VIX,VIX,2018-10-31 09:00:00,58,0,1.72,1.76,1.72,1.74,94600.0,164131.0,derived_ohlc4
HOSE_VIX,VIX,2018-11-01 09:00:00,59,0,1.74,1.79,1.74,1.74,51800.0,90779.50000000001,derived_ohlc4
HOSE_VIX,VIX,2018-11-02 09:00:00,60,0,1.74,1.81,1.74,1.81,72210.0,128172.75,derived_ohlc4
HOSE_VIX,VIX,2018-11-05 09:00:00,61,0,1.78,1.83,1.78,1.81,131750.0,237150.00000000003,derived_ohlc4
HOSE_VIX,VIX,2018-11-06 09:00:00,62,0,1.83,1.83,1.81,1.81,117546.0,213933.72000000003,derived_ohlc4
HOSE_VIX,VIX,2018-11-07 09:00:00,63,0,1.81,1.83,1.78,1.78,181500.0,326700.0,derived_ohlc4
HOSE_VIX,VIX,2018-11-08 09:00:00,64,0,1.81,1.83,1.79,1.83,64410.0,116904.15,derived_ohlc4
HOSE_VIX,VIX,2018-11-09 09:00:00,65,0,1.81,1.83,1.79,1.79,32300.0,58301.5,derived_ohlc4
HOSE_VIX,VIX,2018-11-12 09:00:00,66,0,1.79,1.87,1.78,1.87,121680.0,222370.2,derived_ohlc4
HOSE_VIX,VIX,2018-11-13 09:00:00,67,0,1.87,1.87,1.83,1.87,92874.0,172745.64,derived_ohlc4
HOSE_VIX,VIX,2018-11-14 09:00:00,68,0,1.87,1.87,1.85,1.85,39620.0,73693.2,derived_ohlc4
HOSE_VIX,VIX,2018-11-15 09:00:00,69,0,1.83,1.85,1.81,1.85,49420.0,90685.7,derived_ohlc4
HOSE_VIX,VIX,2018-11-16 09:00:00,70,0,1.85,1.87,1.81,1.83,99220.0,182564.80000000002,derived_ohlc4
HOSE_VIX,VIX,2018-11-19 09:00:00,71,0,1.87,1.87,1.83,1.83,21500.0,39775.0,derived_ohlc4
HOSE_VIX,VIX,2018-11-20 09:00:00,72,0,1.83,1.87,1.83,1.87,45400.0,83990.0,derived_ohlc4
HOSE_VIX,VIX,2018-11-21 09:00:00,73,0,1.85,1.87,1.83,1.83,37400.0,69003.00000000001,derived_ohlc4
HOSE_VIX,VIX,2018-11-22 09:00:00,74,0,1.85,1.85,1.83,1.85,107920.0,199112.40000000002,derived_ohlc4
HOSE_VIX,VIX,2018-11-23 09:00:00,75,0,1.85,1.87,1.85,1.87,43910.0,81672.6,derived_ohlc4
HOSE_VIX,VIX,2018-11-26 09:00:00,76,0,1.83,1.85,1.83,1.85,28200.0,51887.99999999999,derived_ohlc4
HOSE_VIX,VIX,2018-11-27 09:00:00,77,0,1.85,1.85,1.83,1.83,41060.0,75550.40000000001,derived_ohlc4
HOSE_VIX,VIX,2018-11-28 09:00:00,78,0,1.85,1.85,1.81,1.83,14088.0,25851.48,derived_ohlc4
HOSE_VIX,VIX,2018-11-29 09:00:00,79,0,1.83,1.85,1.81,1.85,16982.0,31161.97,derived_ohlc4
HOSE_VIX,VIX,2018-11-30 09:00:00,80,0,1.85,1.87,1.81,1.83,92070.0,169408.80000000002,derived_ohlc4
HOSE_VIX,VIX,2018-12-03 09:00:00,81,0,1.83,1.85,1.83,1.85,34900.0,64215.99999999999,derived_ohlc4
HOSE_VIX,VIX,2018-12-04 09:00:00,82,0,1.85,1.87,1.85,1.85,32474.0,60239.27,derived_ohlc4
HOSE_VIX,VIX,2018-12-05 09:00:00,83,0,1.83,1.85,1.83,1.85,115026.0,211647.84,derived_ohlc4
HOSE_VIX,VIX,2018-12-06 09:00:00,84,0,1.85,1.85,1.83,1.85,24305.0,44842.725000000006,derived_ohlc4
HOSE_VIX,VIX,2018-12-07 09:00:00,85,0,1.85,1.89,1.85,1.89,105760.0,197771.19999999998,derived_ohlc4
HOSE_VIX,VIX,2018-12-10 09:00:00,86,0,1.89,2.01,1.87,1.97,62608.0,121146.48,derived_ohlc4
HOSE_VIX,VIX,2018-12-11 09:00:00,87,0,1.99,1.99,1.93,1.95,9866.0,19386.690000000002,derived_ohlc4
HOSE_VIX,VIX,2018-12-12 09:00:00,88,0,1.95,1.95,1.89,1.93,81000.0,156330.0,derived_ohlc4
HOSE_VIX,VIX,2018-12-13 09:00:00,89,0,1.89,1.91,1.87,1.91,43908.0,83205.66,derived_ohlc4
HOSE_VIX,VIX,2018-12-14 09:00:00,90,0,1.87,1.87,1.85,1.87,30800.0,57442.0,derived_ohlc4
HOSE_VIX,VIX,2018-12-17 09:00:00,91,0,1.85,1.87,1.81,1.81,41400.0,75969.0,derived_ohlc4
HOSE_VIX,VIX,2018-12-18 09:00:00,92,0,1.74,1.79,1.74,1.74,40200.0,70450.5,derived_ohlc4
HOSE_VIX,VIX,2018-12-19 09:00:00,93,0,1.74,1.78,1.74,1.76,25909.0,45470.295,derived_ohlc4
HOSE_VIX,VIX,2018-12-20 09:00:00,94,0,1.78,1.78,1.76,1.76,9200.0,16284.0,derived_ohlc4
HOSE_VIX,VIX,2018-12-21 09:00:00,95,0,1.76,1.76,1.74,1.74,15450.0,27037.5,derived_ohlc4
HOSE_VIX,VIX,2018-12-24 09:00:00,96,0,1.74,1.76,1.74,1.76,13100.0,22925.0,derived_ohlc4
HOSE_VIX,VIX,2018-12-25 09:00:00,97,0,1.74,1.74,1.64,1.74,24799.0,42530.285,derived_ohlc4
HOSE_VIX,VIX,2018-12-26 09:00:00,98,0,1.74,1.81,1.74,1.76,7900.0,13923.75,derived_ohlc4
HOSE_VIX,VIX,2018-12-27 09:00:00,99,0,1.81,1.81,1.76,1.76,1700.0,3034.5,derived_ohlc4
HOSE_VIX,VIX,2018-12-28 09:00:00,100,0,1.78,1.81,1.74,1.79,27800.0,49484.0,derived_ohlc4
HOSE_VIX,VIX,2019-01-02 09:00:00,101,0,1.74,1.78,1.74,1.76,2867.0,5031.585,derived_ohlc4
HOSE_VIX,VIX,2019-01-03 09:00:00,102,0,1.68,1.78,1.66,1.76,3370.0,5796.4,derived_ohlc4
HOSE_VIX,VIX,2019-01-04 09:00:00,103,0,1.66,1.76,1.58,1.76,11700.0,19773.0,derived_ohlc4
HOSE_VIX,VIX,2019-01-08 09:00:00,105,1,1.76,1.76,1.76,1.76,5.0,8.8,derived_ohlc4
HOSE_VIX,VIX,2019-01-09 09:00:00,106,1,1.72,1.74,1.62,1.74,28700.0,48933.5,derived_ohlc4
HOSE_VIX,VIX,2019-01-10 09:00:00,107,1,1.72,1.72,1.72,1.72,4900.0,8428.0,derived_ohlc4
HOSE_VIX,VIX,2019-01-11 09:00:00,108,1,1.72,1.72,1.7,1.7,4830.0,8259.3,derived_ohlc4
HOSE_VIX,VIX,2019-01-14 09:00:00,109,1,1.7,1.7,1.64,1.64,12185.0,20348.95,derived_ohlc4
HOSE_VIX,VIX,2019-01-15 09:00:00,110,1,1.76,1.76,1.64,1.72,3974.0,6835.28,derived_ohlc4
HOSE_VIX,VIX,2019-01-16 09:00:00,111,1,1.64,1.72,1.64,1.72,13857.0,23279.76,derived_ohlc4
HOSE_VIX,VIX,2019-01-17 09:00:00,112,1,1.66,1.72,1.64,1.7,17900.0,30072.0,derived_ohlc4
HOSE_VIX,VIX,2019-01-18 09:00:00,113,1,1.66,1.7,1.66,1.7,10700.0,17976.0,derived_ohlc4
HOSE_VIX,VIX,2019-01-21 09:00:00,114,1,1.66,1.72,1.64,1.64,26198.0,43619.67,derived_ohlc4
HOSE_VIX,VIX,2019-01-22 09:00:00,115,1,1.66,1.72,1.66,1.72,10750.0,18167.5,derived_ohlc4
HOSE_VIX,VIX,2019-01-23 09:00:00,116,1,1.72,1.72,1.68,1.68,900.0,1530.0,derived_ohlc4
HOSE_VIX,VIX,2019-01-24 09:00:00,117,1,1.66,1.7,1.64,1.7,29389.0,49226.575000000004,derived_ohlc4
HOSE_VIX,VIX,2019-01-25 09:00:00,118,1,1.7,1.72,1.66,1.7,5300.0,8983.5,derived_ohlc4
HOSE_VIX,VIX,2019-01-28 09:00:00,119,1,1.72,1.72,1.72,1.72,600.0,1032.0,derived_ohlc4
HOSE_VIX,VIX,2019-01-29 09:00:00,120,1,1.64,1.72,1.64,1.68,11800.0,19706.0,derived_ohlc4
HOSE_VIX,VIX,2019-01-30 09:00:00,121,1,1.64,1.66,1.64,1.66,8999.0,14848.349999999999,derived_ohlc4
HOSE_VIX,VIX,2019-01-31 09:00:00,122,1,1.66,1.66,1.64,1.64,14500.0,23925.0,derived_ohlc4
HOSE_VIX,VIX,2019-02-01 09:00:00,123,1,1.64,1.64,1.64,1.64,1600.0,2624.0,derived_ohlc4
HOSE_VIX,VIX,2019-02-11 09:00:00,124,1,1.64,1.68,1.64,1.68,11248.0,18671.68,derived_ohlc4
HOSE_VIX,VIX,2019-02-12 09:00:00,125,1,1.64,1.68,1.64,1.68,16511.0,27408.26,derived_ohlc4
HOSE_VIX,VIX,2019-02-13 09:00:00,126,1,1.66,1.76,1.66,1.72,31972.0,54352.4,derived_ohlc4
HOSE_VIX,VIX,2019-02-14 09:00:00,127,1,1.72,1.72,1.66,1.66,14400.0,24336.0,derived_ohlc4
HOSE_VIX,VIX,2019-02-15 09:00:00,128,1,1.66,1.68,1.64,1.68,12380.0,20612.699999999997,derived_ohlc4
HOSE_VIX,VIX,2019-02-18 09:00:00,129,1,1.68,1.7,1.66,1.7,22303.0,37580.555,derived_ohlc4
HOSE_VIX,VIX,2019-02-19 09:00:00,130,1,1.72,1.72,1.68,1.7,15700.0,26768.5,derived_ohlc4
HOSE_VIX,VIX,2019-02-20 09:00:00,131,1,1.68,1.7,1.66,1.68,93000.0,156240.0,derived_ohlc4
HOSE_VIX,VIX,2019-02-21 09:00:00,132,1,1.68,1.68,1.68,1.68,35500.0,59640.0,derived_ohlc4
HOSE_VIX,VIX,2019-02-22 09:00:00,133,1,1.66,1.7,1.64,1.68,43264.0,72250.87999999999,derived_ohlc4
HOSE_VIX,VIX,2019-02-25 09:00:00,134,1,1.7,1.7,1.66,1.68,74790.0,126021.15,derived_ohlc4
HOSE_VIX,VIX,2019-02-26 09:00:00,135,1,1.68,1.7,1.66,1.7,13679.0,23049.115,derived_ohlc4
HOSE_VIX,VIX,2019-02-27 09:00:00,136,1,1.7,1.7,1.68,1.68,22420.0,37889.799999999996,derived_ohlc4
HOSE_VIX,VIX,2019-02-28 09:00:00,137,1,1.68,1.68,1.66,1.68,35600.0,59629.99999999999,derived_ohlc4
HOSE_VIX,VIX,2019-03-01 09:00:00,138,1,1.68,1.7,1.66,1.7,27918.0,47041.83,derived_ohlc4
HOSE_VIX,VIX,2019-03-04 09:00:00,139,1,1.7,1.7,1.66,1.68,55263.0,93118.15499999998,derived_ohlc4
HOSE_VIX,VIX,2019-03-05 09:00:00,140,1,1.68,1.74,1.66,1.68,37750.0,63797.5,derived_ohlc4
HOSE_VIX,VIX,2019-03-06 09:00:00,141,1,1.68,1.76,1.68,1.74,62000.0,106330.0,derived_ohlc4
HOSE_VIX,VIX,2019-03-07 09:00:00,142,1,1.72,1.78,1.72,1.78,34256.0,59948.0,derived_ohlc4
HOSE_VIX,VIX,2019-03-08 09:00:00,143,1,1.76,1.76,1.72,1.76,12450.0,21787.5,derived_ohlc4
HOSE_VIX,VIX,2019-03-11 09:00:00,144,1,1.74,1.74,1.68,1.7,26001.0,44591.715000000004,derived_ohlc4
HOSE_VIX,VIX,2019-03-12 09:00:00,145,1,1.68,1.72,1.68,1.68,73391.0,124030.79,derived_ohlc4
HOSE_VIX,VIX,2019-03-13 09:00:00,146,1,1.68,1.74,1.68,1.7,26770.0,45509.0,derived_ohlc4
HOSE_VIX,VIX,2019-03-14 09:00:00,147,1,1.74,1.74,1.7,1.74,12508.0,21638.84,derived_ohlc4
HOSE_VIX,VIX,2019-03-15 09:00:00,148,1,1.72,1.78,1.72,1.74,16600.0,28884.0,derived_ohlc4
HOSE_VIX,VIX,2019-03-18 09:00:00,149,1,1.78,1.78,1.72,1.76,9491.0,16704.16,derived_ohlc4
HOSE_VIX,VIX,2019-03-19 09:00:00,150,1,1.78,1.78,1.66,1.76,36658.0,63968.21,derived_ohlc4
HOSE_VIX,VIX,2019-03-20 09:00:00,151,1,1.72,1.74,1.72,1.74,7000.0,12110.0,derived_ohlc4
HOSE_VIX,VIX,2019-03-21 09:00:00,152,1,1.74,1.74,1.72,1.74,36835.0,63908.725000000006,derived_ohlc4
HOSE_VIX,VIX,2019-03-22 09:00:00,153,1,1.72,1.74,1.72,1.72,20100.0,34672.5,derived_ohlc4
HOSE_VIX,VIX,2019-03-25 09:00:00,154,1,1.66,1.72,1.64,1.7,50900.0,85512.0,derived_ohlc4
HOSE_VIX,VIX,2019-03-26 09:00:00,155,1,1.7,1.7,1.68,1.68,17616.0,29771.04,derived_ohlc4
HOSE_VIX,VIX,2019-03-27 09:00:00,156,1,1.7,1.7,1.68,1.68,13136.0,22199.84,derived_ohlc4
HOSE_VIX,VIX,2019-03-28 09:00:00,157,1,1.68,1.68,1.66,1.68,41500.0,69512.49999999999,derived_ohlc4
HOSE_VIX,VIX,2019-03-29 09:00:00,158,1,1.68,1.76,1.68,1.76,43523.0,74859.56,derived_ohlc4
HOSE_VIX,VIX,2019-04-01 09:00:00,159,1,1.76,1.76,1.74,1.74,3121.0,5461.75,derived_ohlc4
HOSE_VIX,VIX,2019-04-02 09:00:00,160,1,1.74,1.74,1.7,1.72,3900.0,6727.499999999999,derived_ohlc4
HOSE_VIX,VIX,2019-04-03 09:00:00,161,1,1.7,1.7,1.68,1.7,10460.0,17729.7,derived_ohlc4
HOSE_VIX,VIX,2019-04-04 09:00:00,162,1,1.7,1.7,1.66,1.66,12608.0,21181.44,derived_ohlc4
HOSE_VIX,VIX,2019-04-05 09:00:00,163,1,1.7,1.72,1.7,1.72,10389.0,17765.19,derived_ohlc4
HOSE_VIX,VIX,2019-04-08 09:00:00,164,1,1.74,1.78,1.72,1.72,15733.0,27375.42,derived_ohlc4
HOSE_VIX,VIX,2019-04-09 09:00:00,165,1,1.76,1.78,1.72,1.72,34900.0,60900.49999999999,derived_ohlc4
HOSE_VIX,VIX,2019-04-10 09:00:00,166,1,1.72,1.76,1.72,1.76,41181.0,71654.94,derived_ohlc4
HOSE_VIX,VIX,2019-04-11 09:00:00,167,1,1.85,1.85,1.72,1.74,12480.0,22339.2,derived_ohlc4
HOSE_VIX,VIX,2019-04-12 09:00:00,168,1,1.74,1.74,1.7,1.7,1410.0,2425.2,derived_ohlc4
HOSE_VIX,VIX,2019-04-16 09:00:00,169,1,1.72,1.72,1.68,1.68,200.0,340.0,derived_ohlc4
HOSE_VIX,VIX,2019-04-17 09:00:00,170,1,1.74,1.74,1.64,1.7,5300.0,9036.5,derived_ohlc4
HOSE_VIX,VIX,2019-04-18 09:00:00,171,1,1.7,1.7,1.62,1.68,7600.0,12729.999999999998,derived_ohlc4
HOSE_VIX,VIX,2019-04-19 09:00:00,172,1,1.68,1.68,1.6,1.62,11257.0,18517.765,derived_ohlc4
HOSE_VIX,VIX,2019-04-22 09:00:00,173,1,1.64,1.68,1.64,1.68,48600.0,80676.0,derived_ohlc4
HOSE_VIX,VIX,2019-04-23 09:00:00,174,1,1.64,1.64,1.64,1.64,15010.0,24616.399999999998,derived_ohlc4
HOSE_VIX,VIX,2019-04-24 09:00:00,175,1,1.64,1.64,1.62,1.62,28700.0,46781.0,derived_ohlc4
HOSE_VIX,VIX,2019-04-25 09:00:00,176,1,1.64,1.64,1.62,1.62,6330.0,10317.900000000001,derived_ohlc4
HOSE_VIX,VIX,2019-04-26 09:00:00,177,1,1.64,1.64,1.64,1.64,100.0,164.0,derived_ohlc4
HOSE_VIX,VIX,2019-05-03 09:00:00,179,2,1.64,1.66,1.6,1.64,1401.0,2290.635,derived_ohlc4
HOSE_VIX,VIX,2019-05-06 09:00:00,180,2,1.58,1.62,1.56,1.6,5400.0,8586.0,derived_ohlc4
HOSE_VIX,VIX,2019-05-07 09:00:00,181,2,1.6,1.6,1.6,1.6,24200.0,38720.0,derived_ohlc4
HOSE_VIX,VIX,2019-05-08 09:00:00,182,2,1.54,1.6,1.54,1.6,14400.0,22607.999999999996,derived_ohlc4
HOSE_VIX,VIX,2019-05-09 09:00:00,183,2,1.58,1.6,1.58,1.6,588.0,934.92,derived_ohlc4
HOSE_VIX,VIX,2019-05-10 09:00:00,184,2,1.62,1.62,1.62,1.62,806.0,1305.72,derived_ohlc4
HOSE_VIX,VIX,2019-05-13 09:00:00,185,2,1.64,1.64,1.62,1.62,6568.0,10705.84,derived_ohlc4
HOSE_VIX,VIX,2019-05-14 09:00:00,186,2,1.62,1.62,1.62,1.62,127.0,205.74,derived_ohlc4
HOSE_VIX,VIX,2019-05-15 09:00:00,187,2,1.62,1.62,1.58,1.6,1500.0,2407.5,derived_ohlc4
HOSE_VIX,VIX,2019-05-16 09:00:00,188,2,1.6,1.62,1.6,1.62,23550.0,37915.5,derived_ohlc4
HOSE_VIX,VIX,2019-05-17 09:00:00,189,2,1.64,1.66,1.62,1.64,8608.0,14117.119999999999,derived_ohlc4
HOSE_VIX,VIX,2019-05-20 09:00:00,190,2,1.64,1.66,1.64,1.66,18300.0,30195.0,derived_ohlc4
HOSE_VIX,VIX,2019-05-21 09:00:00,191,2,1.66,1.66,1.64,1.64,20800.0,34320.0,derived_ohlc4
HOSE_VIX,VIX,2019-05-22 09:00:00,192,2,1.64,1.64,1.64,1.64,1611.0,2642.04,derived_ohlc4
HOSE_VIX,VIX,2019-05-23 09:00:00,193,2,1.73,1.73,1.66,1.68,2402.0,4083.4,derived_ohlc4
HOSE_VIX,VIX,2019-05-24 09:00:00,194,2,1.66,1.66,1.66,1.66,3039.0,5044.74,derived_ohlc4
HOSE_VIX,VIX,2019-05-27 09:00:00,195,2,1.6,1.66,1.6,1.66,1129.0,1840.27,derived_ohlc4
HOSE_VIX,VIX,2019-05-28 09:00:00,196,2,1.62,1.64,1.57,1.64,2815.0,4553.2625,derived_ohlc4
HOSE_VIX,VIX,2019-05-29 09:00:00,197,2,1.66,1.68,1.66,1.68,9700.0,16199.0,derived_ohlc4
HOSE_VIX,VIX,2019-05-30 09:00:00,198,2,1.64,1.66,1.64,1.66,1300.0,2145.0,derived_ohlc4
HOSE_VIX,VIX,2019-05-31 09:00:00,199,2,1.6,1.64,1.6,1.64,3500.0,5670.0,derived_ohlc4
HOSE_VIX,VIX,2019-06-03 09:00:00,200,2,1.62,1.66,1.62,1.66,20000.0,32800.0,derived_ohlc4
HOSE_VIX,VIX,2019-06-04 09:00:00,201,2,1.66,1.66,1.66,1.66,20056.0,33292.96,derived_ohlc4
HOSE_VIX,VIX,2019-06-05 09:00:00,202,2,1.66,1.68,1.66,1.68,5010.0,8366.699999999999,derived_ohlc4
HOSE_VIX,VIX,2019-06-06 09:00:00,203,2,1.57,1.68,1.57,1.64,1600.0,2584.0,derived_ohlc4
HOSE_VIX,VIX,2019-06-07 09:00:00,204,2,1.66,1.68,1.64,1.68,17200.0,28637.999999999996,derived_ohlc4
HOSE_VIX,VIX,2019-06-11 09:00:00,206,3,1.66,1.66,1.66,1.66,2700.0,4482.0,derived_ohlc4
HOSE_VIX,VIX,2019-06-12 09:00:00,207,3,1.55,1.55,1.55,1.55,3000.0,4650.0,derived_ohlc4
HOSE_VIX,VIX,2019-06-13 09:00:00,208,3,1.66,1.66,1.6,1.62,565.0,923.775,derived_ohlc4
HOSE_VIX,VIX,2019-06-14 09:00:00,209,3,1.62,1.62,1.62,1.62,200.0,324.0,derived_ohlc4
HOSE_VIX,VIX,2019-06-17 09:00:00,210,3,1.57,1.6,1.57,1.57,21701.0,34233.3275,derived_ohlc4
HOSE_VIX,VIX,2019-06-18 09:00:00,211,3,1.57,1.57,1.53,1.53,3120.0,4836.0,derived_ohlc4
HOSE_VIX,VIX,2019-06-19 09:00:00,212,3,1.57,1.6,1.53,1.55,10905.0,17039.0625,derived_ohlc4
HOSE_VIX,VIX,2019-06-20 09:00:00,213,3,1.51,1.57,1.51,1.57,7280.0,11211.2,derived_ohlc4
HOSE_VIX,VIX,2019-06-21 09:00:00,214,3,1.57,1.57,1.55,1.57,1800.0,2817.0000000000005,derived_ohlc4
HOSE_VIX,VIX,2019-06-24 09:00:00,215,3,1.57,1.57,1.57,1.57,100.0,157.0,derived_ohlc4
HOSE_VIX,VIX,2019-06-25 09:00:00,216,3,1.57,1.6,1.55,1.57,1645.0,2586.7625,derived_ohlc4
HOSE_VIX,VIX,2019-06-26 09:00:00,217,3,1.55,1.55,1.51,1.55,11504.0,17716.16,derived_ohlc4
HOSE_VIX,VIX,2019-06-27 09:00:00,218,3,1.55,1.55,1.46,1.55,37150.0,56746.625,derived_ohlc4
HOSE_VIX,VIX,2019-06-28 09:00:00,219,3,1.55,1.55,1.55,1.55,227.0,351.85,derived_ohlc4
HOSE_VIX,VIX,2019-07-01 09:00:00,220,3,1.53,1.55,1.53,1.55,400.0,616.0,derived_ohlc4
HOSE_VIX,VIX,2019-07-02 09:00:00,221,3,1.53,1.55,1.51,1.55,18800.0,28858.0,derived_ohlc4
HOSE_VIX,VIX,2019-07-03 09:00:00,222,3,1.64,1.64,1.64,1.64,116.0,190.23999999999998,derived_ohlc4
HOSE_VIX,VIX,2019-07-04 09:00:00,223,3,1.6,1.6,1.51,1.53,14000.0,21840.0,derived_ohlc4
HOSE_VIX,VIX,2019-07-05 09:00:00,224,3,1.53,1.55,1.51,1.55,4600.0,7061.0,derived_ohlc4
HOSE_VIX,VIX,2019-07-08 09:00:00,225,3,1.51,1.53,1.48,1.53,4387.0,6635.3375,derived_ohlc4
HOSE_VIX,VIX,2019-07-09 09:00:00,226,3,1.46,1.53,1.46,1.53,4200.0,6279.0,derived_ohlc4
HOSE_VIX,VIX,2019-07-10 09:00:00,227,3,1.53,1.55,1.42,1.55,7690.0,11631.125,derived_ohlc4
HOSE_VIX,VIX,2019-07-11 09:00:00,228,3,1.51,1.51,1.51,1.51,1569.0,2369.19,derived_ohlc4
HOSE_VIX,VIX,2019-07-12 09:00:00,229,3,1.46,1.51,1.44,1.51,14817.0,21929.16,derived_ohlc4
HOSE_VIX,VIX,2019-07-15 09:00:00,230,3,1.46,1.51,1.42,1.51,87300.0,128767.49999999999,derived_ohlc4
HOSE_VIX,VIX,2019-07-16 09:00:00,231,3,1.48,1.53,1.48,1.53,6100.0,9180.5,derived_ohlc4
HOSE_VIX,VIX,2019-07-17 09:00:00,232,3,1.48,1.53,1.48,1.53,4960.0,7464.8,derived_ohlc4
HOSE_VIX,VIX,2019-07-18 09:00:00,233,3,1.46,1.55,1.46,1.55,12000.0,18060.0,derived_ohlc4
HOSE_VIX,VIX,2019-07-19 09:00:00,234,3,1.55,1.55,1.4,1.55,34872.0,52743.9,derived_ohlc4
HOSE_VIX,VIX,2019-07-22 09:00:00,235,3,1.48,1.51,1.46,1.51,2117.0,3154.33,derived_ohlc4
HOSE_VIX,VIX,2019-07-23 09:00:00,236,3,1.51,1.51,1.51,1.51,50.0,75.5,derived_ohlc4
HOSE_VIX,VIX,2019-07-24 09:00:00,237,3,1.44,1.51,1.44,1.51,12203.0,17999.425,derived_ohlc4
HOSE_VIX,VIX,2019-07-25 09:00:00,238,3,1.48,1.53,1.44,1.51,5638.0,8400.619999999999,derived_ohlc4
HOSE_VIX,VIX,2019-07-26 09:00:00,239,3,1.51,1.51,1.51,1.51,41.0,61.910000000000004,derived_ohlc4
HOSE_VIX,VIX,2019-07-29 09:00:00,240,3,1.46,1.48,1.46,1.48,2590.0,3807.3000000000006,derived_ohlc4
HOSE_VIX,VIX,2019-07-30 09:00:00,241,3,1.48,1.51,1.44,1.48,3172.0,4686.63,derived_ohlc4
HOSE_VIX,VIX,2019-07-31 09:00:00,242,3,1.42,1.46,1.37,1.46,45520.0,64979.8,derived_ohlc4
HOSE_VIX,VIX,2019-08-01 09:00:00,243,3,1.42,1.48,1.42,1.48,26995.0,39142.75000000001,derived_ohlc4
HOSE_VIX,VIX,2019-08-02 09:00:00,244,3,1.42,1.48,1.42,1.48,23650.0,34292.50000000001,derived_ohlc4
HOSE_VIX,VIX,2019-08-05 09:00:00,245,3,1.42,1.48,1.42,1.48,15732.0,22811.4,derived_ohlc4
HOSE_VIX,VIX,2019-08-06 09:00:00,246,3,1.4,1.48,1.37,1.46,39009.0,55685.347499999996,derived_ohlc4
HOSE_VIX,VIX,2019-08-07 09:00:00,247,3,1.42,1.48,1.37,1.48,24995.0,35930.3125,derived_ohlc4
HOSE_VIX,VIX,2019-08-08 09:00:00,248,3,1.46,1.48,1.42,1.48,6800.0,9928.0,derived_ohlc4
HOSE_VIX,VIX,2019-08-09 09:00:00,249,3,1.44,1.48,1.4,1.4,16220.0,23194.600000000002,derived_ohlc4
HOSE_VIX,VIX,2019-08-12 09:00:00,250,3,1.4,1.46,1.4,1.46,6823.0,9756.89,derived_ohlc4
HOSE_VIX,VIX,2019-08-13 09:00:00,251,3,1.46,1.46,1.42,1.46,10200.0,14790.0,derived_ohlc4
HOSE_VIX,VIX,2019-08-14 09:00:00,252,3,1.46,1.46,1.4,1.42,413.0,592.655,derived_ohlc4
HOSE_VIX,VIX,2019-08-15 09:00:00,253,3,1.4,1.46,1.35,1.35,24111.0,33514.29,derived_ohlc4
HOSE_VIX,VIX,2019-08-16 09:00:00,254,3,1.42,1.42,1.35,1.4,4461.0,6234.2474999999995,derived_ohlc4
HOSE_VIX,VIX,2019-08-19 09:00:00,255,3,1.4,1.48,1.4,1.48,42200.0,60768.0,derived_ohlc4
HOSE_VIX,VIX,2019-08-20 09:00:00,256,3,1.44,1.44,1.4,1.4,3045.0,4323.9,derived_ohlc4
HOSE_VIX,VIX,2019-08-21 09:00:00,257,3,1.42,1.42,1.37,1.37,1227.0,1711.665,derived_ohlc4
HOSE_VIX,VIX,2019-08-22 09:00:00,258,3,1.33,1.42,1.33,1.42,16636.0,22874.5,derived_ohlc4
HOSE_VIX,VIX,2019-08-23 09:00:00,259,3,1.37,1.42,1.37,1.42,2500.0,3487.5,derived_ohlc4
HOSE_VIX,VIX,2019-08-26 09:00:00,260,3,1.4,1.4,1.33,1.37,22062.0,30335.25,derived_ohlc4
HOSE_VIX,VIX,2019-08-27 09:00:00,261,3,1.37,1.37,1.37,1.37,100.0,137.0,derived_ohlc4
HOSE_VIX,VIX,2019-08-28 09:00:00,262,3,1.37,1.42,1.37,1.37,1838.0,2541.0350000000003,derived_ohlc4
HOSE_VIX,VIX,2019-08-29 09:00:00,263,3,1.37,1.37,1.33,1.33,447.0,603.45,derived_ohlc4
HOSE_VIX,VIX,2019-08-30 09:00:00,264,3,1.4,1.4,1.33,1.37,5060.0,6957.5,derived_ohlc4
HOSE_VIX,VIX,2019-09-03 09:00:00,265,3,1.33,1.4,1.33,1.35,800.0,1082.0,derived_ohlc4
HOSE_VIX,VIX,2019-09-04 09:00:00,266,3,1.4,1.4,1.33,1.33,2000.0,2730.0,derived_ohlc4
HOSE_VIX,VIX,2019-09-05 09:00:00,267,3,1.33,1.33,1.33,1.33,5000.0,6650.0,derived_ohlc4
HOSE_VIX,VIX,2019-09-06 09:00:00,268,3,1.31,1.37,1.24,1.37,37500.0,49593.75,derived_ohlc4
HOSE_VIX,VIX,2019-09-09 09:00:00,269,3,1.33,1.37,1.33,1.37,31440.0,42444.0,derived_ohlc4
HOSE_VIX,VIX,2019-09-10 09:00:00,270,3,1.33,1.37,1.33,1.37,5783.0,7807.05,derived_ohlc4
HOSE_VIX,VIX,2019-09-11 09:00:00,271,3,1.33,1.37,1.33,1.37,15603.0,21064.050000000003,derived_ohlc4
HOSE_VIX,VIX,2019-09-12 09:00:00,272,3,1.33,1.37,1.33,1.37,11300.0,15255.000000000002,derived_ohlc4
HOSE_VIX,VIX,2019-09-13 09:00:00,273,3,1.33,1.37,1.33,1.37,103000.0,139050.0,derived_ohlc4
HOSE_VIX,VIX,2019-09-16 09:00:00,274,3,1.35,1.37,1.35,1.37,22267.0,30283.120000000003,derived_ohlc4
HOSE_VIX,VIX,2019-09-17 09:00:00,275,3,1.35,1.37,1.33,1.37,44072.0,59717.56000000001,derived_ohlc4
HOSE_VIX,VIX,2019-09-18 09:00:00,276,3,1.33,1.37,1.33,1.33,6712.0,8994.08,derived_ohlc4
HOSE_VIX,VIX,2019-09-19 09:00:00,277,3,1.35,1.37,1.33,1.33,1300.0,1748.5000000000002,derived_ohlc4
HOSE_VIX,VIX,2019-09-20 09:00:00,278,3,1.35,1.46,1.33,1.46,41105.0,57547.00000000001,derived_ohlc4
HOSE_VIX,VIX,2019-09-23 09:00:00,279,3,1.44,1.44,1.35,1.35,30100.0,41989.5,derived_ohlc4
HOSE_VIX,VIX,2019-09-24 09:00:00,280,3,1.33,1.35,1.33,1.35,42300.0,56681.99999999999,derived_ohlc4
HOSE_VIX,VIX,2019-09-25 09:00:00,281,3,1.33,1.35,1.33,1.35,16740.0,22431.6,derived_ohlc4
HOSE_VIX,VIX,2019-09-26 09:00:00,282,3,1.33,1.37,1.33,1.35,49187.0,66156.51500000001,derived_ohlc4
HOSE_VIX,VIX,2019-09-27 09:00:00,283,3,1.35,1.37,1.35,1.35,62094.0,84137.37,derived_ohlc4
HOSE_VIX,VIX,2019-09-30 09:00:00,284,3,1.35,1.35,1.33,1.35,21879.0,29427.255000000005,derived_ohlc4
HOSE_VIX,VIX,2019-10-01 09:00:00,285,3,1.33,1.33,1.33,1.33,21414.0,28480.620000000003,derived_ohlc4
HOSE_VIX,VIX,2019-10-02 09:00:00,286,3,1.33,1.35,1.33,1.35,7546.0,10111.64,derived_ohlc4
HOSE_VIX,VIX,2019-10-03 09:00:00,287,3,1.33,1.35,1.33,1.35,8983.0,12037.22,derived_ohlc4
HOSE_VIX,VIX,2019-10-04 09:00:00,288,3,1.33,1.33,1.31,1.33,10328.0,13684.600000000002,derived_ohlc4
HOSE_VIX,VIX,2019-10-07 09:00:00,289,3,1.33,1.33,1.24,1.26,11200.0,14448.0,derived_ohlc4
HOSE_VIX,VIX,2019-10-08 09:00:00,290,3,1.29,1.35,1.26,1.35,27450.0,36028.125,derived_ohlc4
HOSE_VIX,VIX,2019-10-09 09:00:00,291,3,1.33,1.35,1.33,1.35,7400.0,9915.999999999998,derived_ohlc4
HOSE_VIX,VIX,2019-10-10 09:00:00,292,3,1.31,1.33,1.31,1.33,11680.0,15417.6,derived_ohlc4
HOSE_VIX,VIX,2019-10-11 09:00:00,293,3,1.33,1.33,1.31,1.33,9504.0,12592.800000000001,derived_ohlc4
HOSE_VIX,VIX,2019-10-14 09:00:00,294,3,1.33,1.33,1.31,1.31,4900.0,6468.0,derived_ohlc4
HOSE_VIX,VIX,2019-10-15 09:00:00,295,3,1.31,1.33,1.31,1.33,7054.0,9311.28,derived_ohlc4
HOSE_VIX,VIX,2019-10-16 09:00:00,296,3,1.31,1.35,1.31,1.35,5000.0,6650.0,derived_ohlc4
HOSE_VIX,VIX,2019-10-17 09:00:00,297,3,1.33,1.35,1.31,1.35,5600.0,7476.0,derived_ohlc4
HOSE_VIX,VIX,2019-10-18 09:00:00,298,3,1.33,1.33,1.29,1.33,17400.0,22968.0,derived_ohlc4
HOSE_VIX,VIX,2019-10-21 09:00:00,299,3,1.31,1.33,1.31,1.33,9991.0,13188.12,derived_ohlc4
HOSE_VIX,VIX,2019-10-22 09:00:00,300,3,1.31,1.31,1.29,1.31,8600.0,11223.000000000002,derived_ohlc4
HOSE_VIX,VIX,2019-10-23 09:00:00,301,3,1.31,1.31,1.29,1.31,30450.0,39737.25000000001,derived_ohlc4
HOSE_VIX,VIX,2019-10-24 09:00:00,302,3,1.31,1.31,1.26,1.31,39500.0,51251.24999999999,derived_ohlc4
HOSE_VIX,VIX,2019-10-25 09:00:00,303,3,1.26,1.31,1.26,1.31,6500.0,8352.500000000002,derived_ohlc4
HOSE_VIX,VIX,2019-10-28 09:00:00,304,3,1.29,1.29,1.26,1.29,7000.0,8977.5,derived_ohlc4
HOSE_VIX,VIX,2019-10-29 09:00:00,305,3,1.26,1.26,1.24,1.26,62600.0,78563.0,derived_ohlc4
HOSE_VIX,VIX,2019-10-30 09:00:00,306,3,1.24,1.26,1.22,1.26,17444.0,21717.78,derived_ohlc4
HOSE_VIX,VIX,2019-10-31 09:00:00,307,3,1.22,1.26,1.22,1.26,3110.0,3856.4,derived_ohlc4
HOSE_VIX,VIX,2019-11-01 09:00:00,308,3,1.26,1.26,1.26,1.26,2430.0,3061.8,derived_ohlc4
HOSE_VIX,VIX,2019-11-04 09:00:00,309,3,1.15,1.26,1.15,1.26,7182.0,8654.310000000001,derived_ohlc4
HOSE_VIX,VIX,2019-11-05 09:00:00,310,3,1.24,1.26,1.24,1.26,12310.0,15387.5,derived_ohlc4
HOSE_VIX,VIX,2019-11-06 09:00:00,311,3,1.24,1.26,1.22,1.26,13173.0,16400.385,derived_ohlc4
HOSE_VIX,VIX,2019-11-07 09:00:00,312,3,1.26,1.31,1.24,1.31,327221.0,418842.88000000006,derived_ohlc4
HOSE_VIX,VIX,2019-11-08 09:00:00,313,3,1.31,1.33,1.26,1.33,48700.0,63675.25000000001,derived_ohlc4
HOSE_VIX,VIX,2019-11-11 09:00:00,314,3,1.26,1.31,1.26,1.31,2420.0,3109.7000000000003,derived_ohlc4
HOSE_VIX,VIX,2019-11-12 09:00:00,315,3,1.26,1.31,1.26,1.31,13000.0,16705.000000000004,derived_ohlc4
HOSE_VIX,VIX,2019-11-13 09:00:00,316,3,1.29,1.31,1.26,1.31,29502.0,38131.335,derived_ohlc4
HOSE_VIX,VIX,2019-11-14 09:00:00,317,3,1.26,1.31,1.26,1.31,21000.0,26985.000000000004,derived_ohlc4
HOSE_VIX,VIX,2019-11-15 09:00:00,318,3,1.26,1.31,1.26,1.31,14593.0,18752.005,derived_ohlc4
HOSE_VIX,VIX,2019-11-18 09:00:00,319,3,1.26,1.31,1.26,1.31,23500.0,30197.500000000004,derived_ohlc4
HOSE_VIX,VIX,2019-11-19 09:00:00,320,3,1.26,1.31,1.26,1.31,24600.0,31611.000000000004,derived_ohlc4
HOSE_VIX,VIX,2019-11-20 09:00:00,321,3,1.26,1.31,1.26,1.31,40900.0,52556.50000000001,derived_ohlc4
HOSE_VIX,VIX,2019-11-21 09:00:00,322,3,1.26,1.31,1.26,1.31,12100.0,15548.500000000002,derived_ohlc4
HOSE_VIX,VIX,2019-11-22 09:00:00,323,3,1.26,1.31,1.26,1.31,14007.0,17998.995000000003,derived_ohlc4
HOSE_VIX,VIX,2019-11-25 09:00:00,324,3,1.26,1.31,1.26,1.31,30000.0,38550.00000000001,derived_ohlc4
HOSE_VIX,VIX,2019-11-26 09:00:00,325,3,1.29,1.31,1.29,1.31,1700.0,2210.0,derived_ohlc4
HOSE_VIX,VIX,2019-11-27 09:00:00,326,3,1.29,1.29,1.29,1.29,13248.0,17089.920000000002,derived_ohlc4
HOSE_VIX,VIX,2019-11-28 09:00:00,327,3,1.29,1.29,1.29,1.29,500.0,645.0,derived_ohlc4
HOSE_VIX,VIX,2019-11-29 09:00:00,328,3,1.29,1.29,1.29,1.29,9508.0,12265.32,derived_ohlc4
HOSE_VIX,VIX,2019-12-02 09:00:00,329,3,1.26,1.29,1.26,1.29,7100.0,9052.5,derived_ohlc4
HOSE_VIX,VIX,2019-12-03 09:00:00,330,3,1.26,1.29,1.26,1.29,9100.0,11602.5,derived_ohlc4
HOSE_VIX,VIX,2019-12-04 09:00:00,331,3,1.26,1.33,1.26,1.33,14000.0,18130.0,derived_ohlc4
HOSE_VIX,VIX,2019-12-05 09:00:00,332,3,1.29,1.31,1.26,1.31,41200.0,53251.0,derived_ohlc4
HOSE_VIX,VIX,2019-12-06 09:00:00,333,3,1.29,1.31,1.29,1.31,5600.0,7280.0,derived_ohlc4
HOSE_VIX,VIX,2019-12-09 09:00:00,334,3,1.29,1.29,1.29,1.29,3200.0,4128.0,derived_ohlc4
HOSE_VIX,VIX,2019-12-10 09:00:00,335,3,1.31,1.31,1.26,1.29,21200.0,27401.0,derived_ohlc4
HOSE_VIX,VIX,2019-12-11 09:00:00,336,3,1.26,1.29,1.24,1.29,29800.0,37846.0,derived_ohlc4
HOSE_VIX,VIX,2019-12-12 09:00:00,337,3,1.29,1.29,1.29,1.29,97.0,125.13000000000001,derived_ohlc4
HOSE_VIX,VIX,2019-12-13 09:00:00,338,3,1.26,1.29,1.24,1.29,20000.0,25400.0,derived_ohlc4
HOSE_VIX,VIX,2019-12-16 09:00:00,339,3,1.24,1.29,1.24,1.29,28000.0,35420.0,derived_ohlc4
HOSE_VIX,VIX,2019-12-17 09:00:00,340,3,1.26,1.29,1.24,1.29,76540.0,97205.8,derived_ohlc4
HOSE_VIX,VIX,2019-12-18 09:00:00,341,3,1.26,1.26,1.24,1.26,39995.0,50193.725,derived_ohlc4
HOSE_VIX,VIX,2019-12-19 09:00:00,342,3,1.24,1.26,1.22,1.26,26000.0,32369.999999999996,derived_ohlc4
HOSE_VIX,VIX,2019-12-20 09:00:00,343,3,1.26,1.26,1.22,1.26,62145.0,77681.25,derived_ohlc4
HOSE_VIX,VIX,2019-12-23 09:00:00,344,3,1.22,1.26,1.22,1.26,69500.0,86180.0,derived_ohlc4
HOSE_VIX,VIX,2019-12-24 09:00:00,345,3,1.24,1.24,1.22,1.24,35300.0,43595.5,derived_ohlc4
HOSE_VIX,VIX,2019-12-25 09:00:00,346,3,1.22,1.24,1.22,1.24,45557.0,56035.11,derived_ohlc4
HOSE_VIX,VIX,2019-12-26 09:00:00,347,3,1.24,1.24,1.2,1.24,41626.0,51199.979999999996,derived_ohlc4
HOSE_VIX,VIX,2019-12-27 09:00:00,348,3,1.2,1.24,1.2,1.24,21250.0,25925.0,derived_ohlc4
HOSE_VIX,VIX,2019-12-30 09:00:00,349,3,1.24,1.25,1.24,1.24,1500.0,1863.7500000000002,derived_ohlc4
HOSE_VIX,VIX,2019-12-31 09:00:00,350,3,1.24,1.24,1.2,1.24,31200.0,38376.0,derived_ohlc4
HOSE_VIX,VIX,2020-01-02 09:00:00,351,3,1.2,1.24,1.2,1.24,7561.0,9224.42,derived_ohlc4
HOSE_VIX,VIX,2020-01-03 09:00:00,352,3,1.24,1.24,1.22,1.24,4265.0,5267.275000000001,derived_ohlc4
HOSE_VIX,VIX,2020-01-06 09:00:00,353,3,1.22,1.24,1.22,1.24,31600.0,38868.0,derived_ohlc4
HOSE_VIX,VIX,2020-01-07 09:00:00,354,3,1.22,1.24,1.22,1.24,10900.0,13407.0,derived_ohlc4
HOSE_VIX,VIX,2020-01-08 09:00:00,355,3,1.22,1.22,1.18,1.2,25500.0,30727.5,derived_ohlc4
HOSE_VIX,VIX,2020-01-09 09:00:00,356,3,1.2,1.2,1.18,1.2,79800.0,95361.0,derived_ohlc4
HOSE_VIX,VIX,2020-01-10 09:00:00,357,3,1.18,1.2,1.18,1.2,28505.0,33920.95,derived_ohlc4
HOSE_VIX,VIX,2020-01-13 09:00:00,358,3,1.2,1.2,1.18,1.2,73800.0,88191.0,derived_ohlc4
HOSE_VIX,VIX,2020-01-14 09:00:00,359,3,1.18,1.2,1.15,1.2,60500.0,71541.25,derived_ohlc4
HOSE_VIX,VIX,2020-01-15 09:00:00,360,3,1.18,1.2,1.15,1.2,37005.0,43758.4125,derived_ohlc4
HOSE_VIX,VIX,2020-01-16 09:00:00,361,3,1.2,1.31,1.2,1.31,16100.0,20205.5,derived_ohlc4
HOSE_VIX,VIX,2020-01-17 09:00:00,362,3,1.29,1.31,1.22,1.29,27200.0,34748.0,derived_ohlc4
HOSE_VIX,VIX,2020-01-20 09:00:00,363,3,1.24,1.29,1.24,1.29,14135.0,17880.775,derived_ohlc4
HOSE_VIX,VIX,2020-01-21 09:00:00,364,3,1.24,1.29,1.24,1.29,4500.0,5692.500000000001,derived_ohlc4
HOSE_VIX,VIX,2020-01-22 09:00:00,365,3,1.26,1.29,1.26,1.29,6700.0,8542.5,derived_ohlc4
HOSE_VIX,VIX,2020-01-30 09:00:00,366,3,1.26,1.31,1.26,1.31,8000.0,10280.000000000002,derived_ohlc4
HOSE_VIX,VIX,2020-01-31 09:00:00,367,3,1.26,1.31,1.26,1.31,15110.0,19416.350000000002,derived_ohlc4
HOSE_VIX,VIX,2020-02-03 09:00:00,368,3,1.26,1.26,1.2,1.2,10600.0,13038.0,derived_ohlc4
HOSE_VIX,VIX,2020-02-04 09:00:00,369,3,1.2,1.29,1.2,1.29,20000.0,24900.000000000004,derived_ohlc4
HOSE_VIX,VIX,2020-02-05 09:00:00,370,3,1.22,1.29,1.22,1.29,23700.0,29743.499999999996,derived_ohlc4
HOSE_VIX,VIX,2020-02-06 09:00:00,371,3,1.22,1.26,1.22,1.26,55700.0,69068.0,derived_ohlc4
HOSE_VIX,VIX,2020-02-07 09:00:00,372,3,1.24,1.24,1.22,1.22,30855.0,37951.65,derived_ohlc4
HOSE_VIX,VIX,2020-02-10 09:00:00,373,3,1.22,1.23,1.22,1.22,200.0,244.49999999999997,derived_ohlc4
HOSE_VIX,VIX,2020-02-11 09:00:00,374,3,1.22,1.24,1.2,1.24,8163.0,9999.675000000001,derived_ohlc4
HOSE_VIX,VIX,2020-02-12 09:00:00,375,3,1.24,1.24,1.24,1.24,10000.0,12400.0,derived_ohlc4
HOSE_VIX,VIX,2020-02-13 09:00:00,376,3,1.24,1.24,1.24,1.24,1180.0,1463.2,derived_ohlc4
HOSE_VIX,VIX,2020-02-14 09:00:00,377,3,1.22,1.24,1.22,1.24,14512.0,17849.76,derived_ohlc4
HOSE_VIX,VIX,2020-02-17 09:00:00,378,3,1.22,1.22,1.22,1.22,1800.0,2196.0,derived_ohlc4
HOSE_VIX,VIX,2020-02-18 09:00:00,379,3,1.22,1.24,1.22,1.24,5800.0,7134.0,derived_ohlc4
HOSE_VIX,VIX,2020-02-19 09:00:00,380,3,1.22,1.24,1.22,1.24,23210.0,28548.3,derived_ohlc4
HOSE_VIX,VIX,2020-02-20 09:00:00,381,3,1.22,1.24,1.22,1.24,24860.0,30577.8,derived_ohlc4
HOSE_VIX,VIX,2020-02-21 09:00:00,382,3,1.22,1.24,1.22,1.24,13904.0,17101.92,derived_ohlc4
HOSE_VIX,VIX,2020-02-24 09:00:00,383,3,1.22,1.24,1.13,1.24,36298.0,43829.835,derived_ohlc4
HOSE_VIX,VIX,2020-02-25 09:00:00,384,3,1.2,1.22,1.18,1.22,14200.0,17110.999999999996,derived_ohlc4
HOSE_VIX,VIX,2020-02-26 09:00:00,385,3,1.2,1.2,1.2,1.2,1800.0,2160.0,derived_ohlc4
HOSE_VIX,VIX,2020-02-27 09:00:00,386,3,1.22,1.22,1.22,1.22,200.0,244.0,derived_ohlc4
HOSE_VIX,VIX,2020-02-28 09:00:00,387,3,1.18,1.24,1.18,1.24,29223.0,35359.83,derived_ohlc4
HOSE_VIX,VIX,2020-03-02 09:00:00,388,3,1.18,1.24,1.18,1.24,7200.0,8712.0,derived_ohlc4
HOSE_VIX,VIX,2020-03-03 09:00:00,389,3,1.24,1.24,1.2,1.22,16120.0,19746.999999999996,derived_ohlc4
HOSE_VIX,VIX,2020-03-04 09:00:00,390,3,1.2,1.22,1.2,1.22,22690.0,27454.899999999998,derived_ohlc4
HOSE_VIX,VIX,2020-03-05 09:00:00,391,3,1.2,1.22,1.2,1.22,22075.0,26710.75,derived_ohlc4
HOSE_VIX,VIX,2020-03-06 09:00:00,392,3,1.22,1.22,1.2,1.2,11025.0,13340.25,derived_ohlc4
HOSE_VIX,VIX,2020-03-09 09:00:00,393,3,1.18,1.18,1.11,1.11,52400.0,59998.0,derived_ohlc4
HOSE_VIX,VIX,2020-03-10 09:00:00,394,3,1.11,1.2,1.09,1.2,49000.0,56350.00000000001,derived_ohlc4
HOSE_VIX,VIX,2020-03-11 09:00:00,395,3,1.2,1.2,1.15,1.2,5800.0,6887.5,derived_ohlc4
HOSE_VIX,VIX,2020-03-12 09:00:00,396,3,1.13,1.2,1.09,1.09,69300.0,78135.75,derived_ohlc4
HOSE_VIX,VIX,2020-03-13 09:00:00,397,3,1.04,1.11,1.0,1.09,10070.0,10674.2,derived_ohlc4
HOSE_VIX,VIX,2020-03-16 09:00:00,398,3,1.11,1.11,1.04,1.11,24917.0,27221.822500000002,derived_ohlc4
HOSE_VIX,VIX,2020-03-17 09:00:00,399,3,1.02,1.22,1.02,1.11,31300.0,34195.25,derived_ohlc4
HOSE_VIX,VIX,2020-03-18 09:00:00,400,3,1.11,1.13,1.06,1.11,63000.0,69457.5,derived_ohlc4
HOSE_VIX,VIX,2020-03-19 09:00:00,401,3,1.06,1.09,1.06,1.09,35945.0,38640.87500000001,derived_ohlc4
HOSE_VIX,VIX,2020-03-20 09:00:00,402,3,1.11,1.11,1.11,1.11,17555.0,19486.050000000003,derived_ohlc4
HOSE_VIX,VIX,2020-03-23 09:00:00,403,3,1.04,1.11,1.0,1.11,55000.0,58575.00000000001,derived_ohlc4
HOSE_VIX,VIX,2020-03-24 09:00:00,404,3,1.04,1.11,1.04,1.11,49100.0,52782.50000000001,derived_ohlc4
HOSE_VIX,VIX,2020-03-25 09:00:00,405,3,1.06,1.11,1.06,1.11,10278.0,11151.63,derived_ohlc4
HOSE_VIX,VIX,2020-03-26 09:00:00,406,3,1.04,1.11,1.0,1.11,60016.0,63917.04000000001,derived_ohlc4
HOSE_VIX,VIX,2020-03-27 09:00:00,407,3,1.06,1.11,1.04,1.11,40904.0,44176.32,derived_ohlc4
HOSE_VIX,VIX,2020-03-30 09:00:00,408,3,1.04,1.11,1.0,1.11,83600.0,89034.00000000001,derived_ohlc4
HOSE_VIX,VIX,2020-03-31 09:00:00,409,3,1.09,1.11,1.02,1.11,62500.0,67656.25,derived_ohlc4
HOSE_VIX,VIX,2020-04-01 09:00:00,410,3,1.06,1.11,1.06,1.11,22700.0,24629.5,derived_ohlc4
HOSE_VIX,VIX,2020-04-03 09:00:00,411,3,1.09,1.11,1.06,1.11,36734.0,40131.895000000004,derived_ohlc4
HOSE_VIX,VIX,2020-04-06 09:00:00,412,3,1.06,1.11,1.06,1.11,154630.0,167773.55,derived_ohlc4
HOSE_VIX,VIX,2020-04-07 09:00:00,413,3,1.06,1.09,1.06,1.09,61560.0,66177.00000000001,derived_ohlc4
HOSE_VIX,VIX,2020-04-08 09:00:00,414,3,1.04,1.09,1.02,1.09,89600.0,94976.0,derived_ohlc4
HOSE_VIX,VIX,2020-04-09 09:00:00,415,3,1.09,1.09,1.09,1.09,58600.0,63874.00000000001,derived_ohlc4
HOSE_VIX,VIX,2020-04-10 09:00:00,416,3,1.09,1.11,1.04,1.09,83420.0,90302.15000000001,derived_ohlc4
HOSE_VIX,VIX,2020-04-13 09:00:00,417,3,1.09,1.18,1.09,1.18,56689.0,64342.015,derived_ohlc4
HOSE_VIX,VIX,2020-04-14 09:00:00,418,3,1.24,1.26,1.2,1.2,62957.0,77122.32500000001,derived_ohlc4
HOSE_VIX,VIX,2020-04-15 09:00:00,419,3,1.2,1.22,1.11,1.11,73150.0,84854.00000000001,derived_ohlc4
HOSE_VIX,VIX,2020-04-16 09:00:00,420,3,1.15,1.15,1.09,1.11,13911.0,15649.875,derived_ohlc4
HOSE_VIX,VIX,2020-04-17 09:00:00,421,3,1.09,1.15,1.09,1.13,124610.0,138940.15,derived_ohlc4
HOSE_VIX,VIX,2020-04-20 09:00:00,422,3,1.15,1.24,1.15,1.18,101090.0,119286.2,derived_ohlc4
HOSE_VIX,VIX,2020-04-21 09:00:00,423,3,1.18,1.18,1.11,1.11,53700.0,61486.5,derived_ohlc4
HOSE_VIX,VIX,2020-04-22 09:00:00,424,3,1.11,1.13,1.09,1.11,46369.0,51469.590000000004,derived_ohlc4
HOSE_VIX,VIX,2020-04-23 09:00:00,425,3,1.11,1.15,1.11,1.11,58100.0,65072.00000000001,derived_ohlc4
HOSE_VIX,VIX,2020-04-24 09:00:00,426,3,1.11,1.15,1.09,1.11,16500.0,18397.5,derived_ohlc4
HOSE_VIX,VIX,2020-04-27 09:00:00,427,3,1.11,1.11,1.09,1.09,45640.0,50204.00000000001,derived_ohlc4
HOSE_VIX,VIX,2020-04-28 09:00:00,428,3,1.09,1.11,1.09,1.09,11210.0,12274.949999999999,derived_ohlc4
HOSE_VIX,VIX,2020-04-29 09:00:00,429,3,1.09,1.11,1.09,1.11,19107.0,21017.7,derived_ohlc4
HOSE_VIX,VIX,2020-05-04 09:00:00,430,3,1.09,1.11,1.06,1.11,14310.0,15633.675000000001,derived_ohlc4
HOSE_VIX,VIX,2020-05-05 09:00:00,431,3,1.09,1.09,1.06,1.06,13100.0,14082.500000000002,derived_ohlc4
HOSE_VIX,VIX,2020-05-06 09:00:00,432,3,1.06,1.09,1.06,1.09,8406.0,9036.45,derived_ohlc4
HOSE_VIX,VIX,2020-05-07 09:00:00,433,3,1.06,1.09,1.06,1.09,34504.0,37091.8,derived_ohlc4
HOSE_VIX,VIX,2020-05-08 09:00:00,434,3,1.09,1.11,1.09,1.09,26519.0,29038.305,derived_ohlc4
HOSE_VIX,VIX,2020-05-11 09:00:00,435,3,1.11,1.11,1.09,1.11,52116.0,57588.18000000001,derived_ohlc4
HOSE_VIX,VIX,2020-05-12 09:00:00,436,3,1.09,1.11,1.09,1.09,30604.0,33511.38,derived_ohlc4
HOSE_VIX,VIX,2020-05-13 09:00:00,437,3,1.09,1.09,1.06,1.06,78800.0,84710.00000000001,derived_ohlc4
HOSE_VIX,VIX,2020-05-14 09:00:00,438,3,1.09,1.13,1.09,1.11,55686.0,61533.03,derived_ohlc4
HOSE_VIX,VIX,2020-05-15 09:00:00,439,3,1.11,1.11,1.11,1.11,18200.0,20202.0,derived_ohlc4
HOSE_VIX,VIX,2020-05-18 09:00:00,440,3,1.09,1.11,1.09,1.11,39400.0,43340.0,derived_ohlc4
HOSE_VIX,VIX,2020-05-19 09:00:00,441,3,1.11,1.15,1.11,1.11,80050.0,89656.00000000001,derived_ohlc4
HOSE_VIX,VIX,2020-05-20 09:00:00,442,3,1.11,1.13,1.11,1.13,11300.0,12656.000000000002,derived_ohlc4
HOSE_VIX,VIX,2020-05-21 09:00:00,443,3,1.11,1.11,1.09,1.09,45500.0,50050.00000000001,derived_ohlc4
HOSE_VIX,VIX,2020-05-22 09:00:00,444,3,1.11,1.15,1.11,1.15,68020.0,76862.59999999999,derived_ohlc4
HOSE_VIX,VIX,2020-05-25 09:00:00,445,3,1.13,1.15,1.13,1.13,13700.0,15549.499999999996,derived_ohlc4
HOSE_VIX,VIX,2020-05-26 09:00:00,446,3,1.13,1.15,1.13,1.13,49409.0,56079.21499999999,derived_ohlc4
HOSE_VIX,VIX,2020-05-27 09:00:00,447,3,1.13,1.15,1.02,1.11,128559.0,141736.29750000002,derived_ohlc4
HOSE_VIX,VIX,2020-05-28 09:00:00,448,3,1.13,1.13,1.09,1.09,70600.0,78365.99999999999,derived_ohlc4
HOSE_VIX,VIX,2020-05-29 09:00:00,449,3,1.11,1.13,1.11,1.13,14740.0,16508.800000000003,derived_ohlc4
HOSE_VIX,VIX,2020-06-01 09:00:00,450,3,1.11,1.18,1.09,1.18,354567.0,404206.37999999995,derived_ohlc4
HOSE_VIX,VIX,2020-06-02 09:00:00,451,3,1.18,1.18,1.13,1.13,13710.0,15835.049999999997,derived_ohlc4
HOSE_VIX,VIX,2020-06-03 09:00:00,452,3,1.13,1.15,1.13,1.15,15733.0,17935.62,derived_ohlc4
HOSE_VIX,VIX,2020-06-04 09:00:00,453,3,1.13,1.2,1.11,1.18,323225.0,373324.875,derived_ohlc4
HOSE_VIX,VIX,2020-06-05 09:00:00,454,3,1.18,1.22,1.18,1.22,262270.0,314724.0,derived_ohlc4
HOSE_VIX,VIX,2020-06-08 09:00:00,455,3,1.24,1.33,1.24,1.33,543527.0,698432.1950000001,derived_ohlc4
HOSE_VIX,VIX,2020-06-09 09:00:00,456,3,1.35,1.46,1.35,1.42,513151.0,715845.645,derived_ohlc4
HOSE_VIX,VIX,2020-06-10 09:00:00,457,3,1.4,1.55,1.37,1.55,457161.0,670883.7675,derived_ohlc4
HOSE_VIX,VIX,2020-06-11 09:00:00,458,3,1.57,1.71,1.53,1.57,683834.0,1090715.2300000002,derived_ohlc4
HOSE_VIX,VIX,2020-06-12 09:00:00,459,3,1.53,1.55,1.46,1.53,75968.0,115281.44,derived_ohlc4
HOSE_VIX,VIX,2020-06-15 09:00:00,460,3,1.53,1.53,1.42,1.51,73838.0,110572.405,derived_ohlc4
HOSE_VIX,VIX,2020-06-16 09:00:00,461,3,1.44,1.48,1.4,1.4,76849.0,109894.07,derived_ohlc4
HOSE_VIX,VIX,2020-06-17 09:00:00,462,3,1.46,1.51,1.4,1.42,48998.0,70924.605,derived_ohlc4
HOSE_VIX,VIX,2020-06-18 09:00:00,463,3,1.37,1.44,1.29,1.42,46840.0,64639.2,derived_ohlc4
HOSE_VIX,VIX,2020-06-19 09:00:00,464,3,1.42,1.44,1.4,1.44,12502.0,17815.35,derived_ohlc4
HOSE_VIX,VIX,2020-06-22 09:00:00,465,3,1.44,1.46,1.4,1.4,77103.0,109871.77499999998,derived_ohlc4
HOSE_VIX,VIX,2020-06-23 09:00:00,466,3,1.4,1.53,1.4,1.53,1014944.0,1486892.9600000002,derived_ohlc4
HOSE_VIX,VIX,2020-06-24 09:00:00,467,3,1.55,1.66,1.55,1.66,1582497.0,2539907.685,derived_ohlc4
HOSE_VIX,VIX,2020-06-25 09:00:00,468,3,1.66,1.82,1.66,1.82,1155032.0,2009755.68,derived_ohlc4
HOSE_VIX,VIX,2020-06-26 09:00:00,469,3,1.84,1.86,1.66,1.75,1017518.0,1808638.245,derived_ohlc4
HOSE_VIX,VIX,2020-06-29 09:00:00,470,3,1.75,1.75,1.64,1.68,499235.0,851195.6749999999,derived_ohlc4
HOSE_VIX,VIX,2020-06-30 09:00:00,471,3,1.68,1.73,1.55,1.55,537285.0,874431.3375,derived_ohlc4
HOSE_VIX,VIX,2020-07-01 09:00:00,472,3,1.57,1.66,1.55,1.66,445280.0,716900.8,derived_ohlc4
HOSE_VIX,VIX,2020-07-02 09:00:00,473,3,1.66,1.71,1.62,1.64,261300.0,433104.75,derived_ohlc4
HOSE_VIX,VIX,2020-07-03 09:00:00,474,3,1.64,1.68,1.57,1.64,329465.0,537851.6124999999,derived_ohlc4
HOSE_VIX,VIX,2020-07-06 09:00:00,475,3,1.6,1.64,1.57,1.6,272260.0,436296.65,derived_ohlc4
HOSE_VIX,VIX,2020-07-07 09:00:00,476,3,1.62,1.66,1.6,1.6,281573.0,456148.26,derived_ohlc4
HOSE_VIX,VIX,2020-07-08 09:00:00,477,3,1.6,1.64,1.6,1.64,210518.0,341039.16,derived_ohlc4
HOSE_VIX,VIX,2020-07-09 09:00:00,478,3,1.74,1.79,1.69,1.79,228698.0,400793.24500000005,derived_ohlc4
HOSE_VIX,VIX,2020-07-10 09:00:00,479,3,1.71,1.84,1.71,1.81,132485.0,234167.23750000002,derived_ohlc4
HOSE_VIX,VIX,2020-07-13 09:00:00,480,3,1.81,1.84,1.76,1.76,142627.0,255658.8975,derived_ohlc4
HOSE_VIX,VIX,2020-07-14 09:00:00,481,3,1.76,1.76,1.71,1.76,147800.0,258280.5,derived_ohlc4
HOSE_VIX,VIX,2020-07-15 09:00:00,482,3,1.76,1.76,1.69,1.76,246649.0,429785.8825,derived_ohlc4
HOSE_VIX,VIX,2020-07-16 09:00:00,483,3,1.76,1.81,1.71,1.74,126300.0,221656.50000000003,derived_ohlc4
HOSE_VIX,VIX,2020-07-17 09:00:00,484,3,1.74,1.74,1.69,1.71,55810.0,95993.2,derived_ohlc4
HOSE_VIX,VIX,2020-07-20 09:00:00,485,3,1.66,1.71,1.64,1.69,84022.0,140736.84999999998,derived_ohlc4
HOSE_VIX,VIX,2020-07-21 09:00:00,486,3,1.69,1.74,1.64,1.74,147720.0,251493.3,derived_ohlc4
HOSE_VIX,VIX,2020-07-22 09:00:00,487,3,1.76,1.91,1.74,1.88,379253.0,691188.5925,derived_ohlc4
HOSE_VIX,VIX,2020-07-23 09:00:00,488,3,1.86,2.06,1.86,2.06,1261640.0,2472814.4,derived_ohlc4
HOSE_VIX,VIX,2020-07-24 09:00:00,489,3,2.06,2.23,2.03,2.18,1186000.0,2520250.0,derived_ohlc4
HOSE_VIX,VIX,2020-07-27 09:00:00,490,3,2.1,2.2,1.98,1.98,408427.0,843401.7550000001,derived_ohlc4
HOSE_VIX,VIX,2020-07-28 09:00:00,491,3,1.98,2.18,1.86,2.18,962090.0,1972284.5000000002,derived_ohlc4
HOSE_VIX,VIX,2020-07-29 09:00:00,492,3,2.18,2.18,1.98,2.08,500170.0,1052857.85,derived_ohlc4
HOSE_VIX,VIX,2020-07-30 09:00:00,493,3,2.08,2.23,2.06,2.15,619486.0,1319505.1800000002,derived_ohlc4
HOSE_VIX,VIX,2020-07-31 09:00:00,494,3,2.15,2.18,2.06,2.08,181000.0,383267.5,derived_ohlc4
HOSE_VIX,VIX,2020-08-03 09:00:00,495,3,2.06,2.18,2.06,2.1,721504.0,1515158.4000000001,derived_ohlc4
HOSE_VIX,VIX,2020-08-04 09:00:00,496,3,2.08,2.23,2.06,2.1,554000.0,1173095.0,derived_ohlc4
HOSE_VIX,VIX,2020-08-05 09:00:00,497,3,2.1,2.18,2.06,2.08,187600.0,394898.0,derived_ohlc4
HOSE_VIX,VIX,2020-08-06 09:00:00,498,3,2.08,2.08,2.01,2.06,144477.0,297261.4275,derived_ohlc4
HOSE_VIX,VIX,2020-08-07 09:00:00,499,3,2.06,2.08,1.98,2.03,119113.0,242692.73750000002,derived_ohlc4
HOSE_VIX,VIX,2020-08-10 09:00:00,500,3,2.03,2.1,2.03,2.03,152300.0,311834.25,derived_ohlc4
HOSE_VIX,VIX,2020-08-11 09:00:00,501,3,2.03,2.08,2.01,2.03,111710.0,227609.12499999997,derived_ohlc4
HOSE_VIX,VIX,2020-08-12 09:00:00,502,3,2.03,2.08,2.01,2.08,109848.0,225188.4,derived_ohlc4
HOSE_VIX,VIX,2020-08-13 09:00:00,503,3,2.08,2.15,2.06,2.13,190177.0,400322.5850000001,derived_ohlc4
HOSE_VIX,VIX,2020-08-14 09:00:00,504,3,2.13,2.13,2.08,2.1,102392.0,216047.12,derived_ohlc4
HOSE_VIX,VIX,2020-08-17 09:00:00,505,3,2.08,2.1,1.98,2.08,141421.0,291327.26,derived_ohlc4
HOSE_VIX,VIX,2020-08-18 09:00:00,506,3,2.06,2.06,1.98,1.98,92600.0,187052.0,derived_ohlc4
HOSE_VIX,VIX,2020-08-19 09:00:00,507,3,1.98,2.1,1.98,2.08,193410.0,393589.35000000003,derived_ohlc4
HOSE_VIX,VIX,2020-08-20 09:00:00,508,3,2.08,2.18,2.08,2.1,207032.0,436837.51999999996,derived_ohlc4
HOSE_VIX,VIX,2020-08-21 09:00:00,509,3,2.1,2.2,2.1,2.15,154237.0,329681.5875,derived_ohlc4
HOSE_VIX,VIX,2020-08-24 09:00:00,510,3,2.18,2.2,2.15,2.18,206200.0,449000.50000000006,derived_ohlc4
HOSE_VIX,VIX,2020-08-25 09:00:00,511,3,2.18,2.2,2.13,2.13,180020.0,388843.2,derived_ohlc4
HOSE_VIX,VIX,2020-08-26 09:00:00,512,3,2.13,2.18,2.13,2.15,124594.0,267565.615,derived_ohlc4
HOSE_VIX,VIX,2020-08-27 09:00:00,513,3,2.15,2.35,2.15,2.35,939930.0,2114842.5,derived_ohlc4
HOSE_VIX,VIX,2020-08-28 09:00:00,514,3,2.38,2.57,2.38,2.52,681308.0,1677720.95,derived_ohlc4
HOSE_VIX,VIX,2020-08-31 09:00:00,515,3,2.5,2.72,2.5,2.52,375830.0,962124.8,derived_ohlc4
HOSE_VIX,VIX,2020-09-01 09:00:00,516,3,2.47,2.52,2.42,2.45,256584.0,632479.5599999999,derived_ohlc4
HOSE_VIX,VIX,2020-09-03 09:00:00,517,3,2.45,2.57,2.45,2.55,409527.0,1025865.135,derived_ohlc4
HOSE_VIX,VIX,2020-09-04 09:00:00,518,3,2.52,2.79,2.47,2.79,739824.0,1954984.9200000002,derived_ohlc4
HOSE_VIX,VIX,2020-09-07 09:00:00,519,3,2.82,3.06,2.82,3.06,1106973.0,3254500.62,derived_ohlc4
HOSE_VIX,VIX,2020-09-08 09:00:00,520,3,3.18,3.23,2.91,3.06,1109266.0,3433178.27,derived_ohlc4
HOSE_VIX,VIX,2020-09-09 09:00:00,521,3,3.08,3.11,3.01,3.06,532757.0,1632900.205,derived_ohlc4
HOSE_VIX,VIX,2020-09-10 09:00:00,522,3,3.06,3.26,3.06,3.11,721239.0,2252068.7775,derived_ohlc4
HOSE_VIX,VIX,2020-09-11 09:00:00,523,3,3.08,3.08,2.91,3.01,877705.0,2650669.1,derived_ohlc4
HOSE_VIX,VIX,2020-09-14 09:00:00,524,3,3.01,3.11,2.94,3.11,873183.0,2656659.2774999994,derived_ohlc4
HOSE_VIX,VIX,2020-09-15 09:00:00,525,3,3.11,3.23,2.96,3.18,1141988.0,3563002.56,derived_ohlc4
HOSE_VIX,VIX,2020-09-16 09:00:00,526,3,3.18,3.21,2.99,3.18,1413556.0,4438565.84,derived_ohlc4
HOSE_VIX,VIX,2020-09-17 09:00:00,527,3,3.18,3.18,2.99,3.08,1497019.0,4651986.5425,derived_ohlc4
HOSE_VIX,VIX,2020-09-18 09:00:00,528,3,3.08,3.11,2.96,2.96,1473250.0,4460264.375,derived_ohlc4
HOSE_VIX,VIX,2020-09-21 09:00:00,529,3,2.96,3.06,2.94,2.96,592200.0,1764755.9999999998,derived_ohlc4
HOSE_VIX,VIX,2020-09-22 09:00:00,530,3,2.99,2.99,2.86,2.96,899924.0,2654775.8000000003,derived_ohlc4
HOSE_VIX,VIX,2020-09-23 09:00:00,531,3,2.96,3.04,2.94,2.99,369900.0,1103226.75,derived_ohlc4
HOSE_VIX,VIX,2020-09-24 09:00:00,532,3,2.99,2.99,2.89,2.96,473695.0,1400952.9625000001,derived_ohlc4
HOSE_VIX,VIX,2020-09-25 09:00:00,533,3,2.96,2.96,2.89,2.94,391186.0,1149108.875,derived_ohlc4
HOSE_VIX,VIX,2020-09-28 09:00:00,534,3,2.94,2.94,2.82,2.89,411216.0,1191498.3599999999,derived_ohlc4
HOSE_VIX,VIX,2020-09-29 09:00:00,535,3,2.89,2.94,2.86,2.89,480357.0,1390633.515,derived_ohlc4
HOSE_VIX,VIX,2020-09-30 09:00:00,536,3,2.89,2.91,2.84,2.91,309374.0,893317.425,derived_ohlc4
HOSE_VIX,VIX,2020-10-01 09:00:00,537,3,2.91,3.18,2.91,3.18,1266408.0,3856212.36,derived_ohlc4
HOSE_VIX,VIX,2020-10-02 09:00:00,538,3,3.18,3.26,2.96,3.16,1206636.0,3788837.0399999996,derived_ohlc4
HOSE_VIX,VIX,2020-10-05 09:00:00,539,3,3.16,3.4,3.16,3.38,1054755.0,3454322.6250000005,derived_ohlc4
HOSE_VIX,VIX,2020-10-06 09:00:00,540,3,3.38,3.48,3.28,3.45,990387.0,3364839.8325,derived_ohlc4
HOSE_VIX,VIX,2020-10-07 09:00:00,541,3,3.45,3.45,3.28,3.33,1033393.0,3490284.8575,derived_ohlc4
HOSE_VIX,VIX,2020-10-08 09:00:00,542,3,3.33,3.35,3.18,3.23,717894.0,2349308.1149999998,derived_ohlc4
HOSE_VIX,VIX,2020-10-09 09:00:00,543,3,3.23,3.43,3.23,3.4,1496697.0,4972775.782500001,derived_ohlc4
HOSE_VIX,VIX,2020-10-12 09:00:00,544,3,3.45,3.57,3.38,3.43,1275354.0,4409536.454999999,derived_ohlc4
HOSE_VIX,VIX,2020-10-13 09:00:00,545,3,3.45,3.48,3.33,3.4,995117.0,3398324.555,derived_ohlc4
HOSE_VIX,VIX,2020-10-14 09:00:00,546,3,3.43,3.48,3.3,3.33,991638.0,3356694.6300000004,derived_ohlc4
HOSE_VIX,VIX,2020-10-15 09:00:00,547,3,3.35,3.4,3.26,3.3,1197088.0,3983310.32,derived_ohlc4
HOSE_VIX,VIX,2020-10-16 09:00:00,548,3,3.3,3.35,3.18,3.26,776296.0,2540428.66,derived_ohlc4
HOSE_VIX,VIX,2020-10-19 09:00:00,549,3,3.26,3.3,3.13,3.16,817668.0,2626758.4499999997,derived_ohlc4
HOSE_VIX,VIX,2020-10-20 09:00:00,550,3,3.16,3.16,2.86,2.96,1118328.0,3394125.48,derived_ohlc4
HOSE_VIX,VIX,2020-10-21 09:00:00,551,3,2.96,3.16,2.96,3.04,589531.0,1786278.9300000002,derived_ohlc4
HOSE_VIX,VIX,2020-10-22 09:00:00,552,3,3.04,3.08,2.96,3.06,642685.0,1950548.975,derived_ohlc4
HOSE_VIX,VIX,2020-10-23 09:00:00,553,3,3.06,3.11,3.04,3.08,577563.0,1774562.3175000001,derived_ohlc4
HOSE_VIX,VIX,2020-10-26 09:00:00,554,3,3.08,3.08,2.96,2.99,616010.0,1864970.2750000001,derived_ohlc4
HOSE_VIX,VIX,2020-10-27 09:00:00,555,3,2.99,2.99,2.79,2.79,1016194.0,2936800.6599999997,derived_ohlc4
HOSE_VIX,VIX,2020-10-28 09:00:00,556,3,2.77,2.82,2.69,2.79,812926.0,2249772.705,derived_ohlc4
HOSE_VIX,VIX,2020-10-29 09:00:00,557,3,2.82,3.06,2.79,3.06,1583446.0,4643455.3950000005,derived_ohlc4
HOSE_VIX,VIX,2020-10-30 09:00:00,558,3,3.08,3.35,3.06,3.35,1554370.0,4989527.7,derived_ohlc4
HOSE_VIX,VIX,2020-11-02 09:00:00,559,3,3.38,3.43,3.35,3.38,911131.0,3084178.4349999996,derived_ohlc4
HOSE_VIX,VIX,2020-11-03 09:00:00,560,3,3.38,3.4,3.23,3.35,680140.0,2271667.6,derived_ohlc4
HOSE_VIX,VIX,2020-11-04 09:00:00,561,3,3.35,3.55,3.35,3.52,1249348.0,4300880.49,derived_ohlc4
HOSE_VIX,VIX,2020-11-05 09:00:00,562,3,3.52,3.6,3.48,3.5,1148226.0,4047496.65,derived_ohlc4
HOSE_VIX,VIX,2020-11-06 09:00:00,563,3,3.5,3.57,3.45,3.5,854707.0,2995748.0349999997,derived_ohlc4
HOSE_VIX,VIX,2020-11-09 09:00:00,564,3,3.5,3.84,3.5,3.84,2282527.0,8376874.09,derived_ohlc4
HOSE_VIX,VIX,2020-11-10 09:00:00,565,3,3.82,3.87,3.57,3.65,2470806.0,9209929.365,derived_ohlc4
HOSE_VIX,VIX,2020-11-11 09:00:00,566,3,3.62,3.65,3.43,3.57,1917301.0,6839971.3175,derived_ohlc4
HOSE_VIX,VIX,2020-11-12 09:00:00,567,3,3.57,3.72,3.5,3.6,2092324.0,7527135.589999999,derived_ohlc4
HOSE_VIX,VIX,2020-11-13 09:00:00,568,3,3.6,3.65,3.5,3.65,2423270.0,8723772.0,derived_ohlc4
HOSE_VIX,VIX,2020-11-16 09:00:00,569,3,3.65,3.67,3.4,3.55,4578078.0,16332293.264999999,derived_ohlc4
HOSE_VIX,VIX,2020-11-17 09:00:00,570,3,3.55,3.82,3.55,3.79,3678014.0,13525896.484999998,derived_ohlc4
HOSE_VIX,VIX,2020-11-18 09:00:00,571,3,3.79,3.89,3.67,3.84,3338597.0,12678322.1075,derived_ohlc4
HOSE_VIX,VIX,2020-11-19 09:00:00,572,3,3.79,3.92,3.77,3.87,4166980.0,15990785.750000002,derived_ohlc4
HOSE_VIX,VIX,2020-11-20 09:00:00,573,3,3.87,3.89,3.77,3.84,3772545.0,14496004.1625,derived_ohlc4
HOSE_VIX,VIX,2020-11-23 09:00:00,574,3,3.84,4.21,3.84,4.21,6429600.0,25879140.000000004,derived_ohlc4
HOSE_VIX,VIX,2020-11-24 09:00:00,575,3,4.21,4.46,4.09,4.28,5832224.0,24845274.24,derived_ohlc4
HOSE_VIX,VIX,2020-11-25 09:00:00,576,3,4.28,4.43,4.16,4.16,4483229.0,19087347.4675,derived_ohlc4
HOSE_VIX,VIX,2020-11-26 09:00:00,577,3,4.16,4.16,3.99,3.99,2926004.0,11923466.3,derived_ohlc4
HOSE_VIX,VIX,2020-11-27 09:00:00,578,3,3.99,4.11,3.97,4.09,2633215.0,10638188.600000003,derived_ohlc4
HOSE_VIX,VIX,2020-11-30 09:00:00,579,3,4.06,4.11,3.92,3.97,3515044.0,14112901.659999998,derived_ohlc4
HOSE_VIX,VIX,2020-12-01 09:00:00,580,3,3.97,4.06,3.82,4.04,3285378.0,13051164.105,derived_ohlc4
HOSE_VIX,VIX,2020-12-02 09:00:00,581,3,4.04,4.28,4.01,4.28,2721678.0,11301767.895,derived_ohlc4
HOSE_VIX,VIX,2020-12-03 09:00:00,582,3,4.28,4.68,4.28,4.5,5089559.0,22572194.165000003,derived_ohlc4
HOSE_VIX,VIX,2020-12-04 09:00:00,583,3,4.5,4.6,4.36,4.46,3850937.0,17252197.76,derived_ohlc4
HOSE_VIX,VIX,2020-12-07 09:00:00,584,3,4.46,4.6,4.41,4.48,4218435.0,18930227.0625,derived_ohlc4
HOSE_VIX,VIX,2020-12-08 09:00:00,585,3,4.48,4.55,4.41,4.53,3122040.0,14025764.700000001,derived_ohlc4
HOSE_VIX,VIX,2020-12-09 09:00:00,586,3,4.53,4.68,4.53,4.63,4545371.0,20874616.317500003,derived_ohlc4
HOSE_VIX,VIX,2020-12-10 09:00:00,587,3,4.63,4.9,4.6,4.65,4931212.0,23152040.34,derived_ohlc4
HOSE_VIX,VIX,2020-12-11 09:00:00,588,3,4.65,4.92,4.63,4.9,3781679.0,18057517.225,derived_ohlc4
HOSE_VIX,VIX,2020-12-14 09:00:00,589,3,4.87,5.36,4.87,5.29,3987500.0,20326281.25,derived_ohlc4
HOSE_VIX,VIX,2020-12-15 09:00:00,590,3,5.29,5.29,4.94,5.09,5432469.0,27990796.5225,derived_ohlc4
HOSE_VIX,VIX,2020-12-16 09:00:00,591,3,5.07,5.12,4.87,4.97,4331675.0,21690862.5625,derived_ohlc4
HOSE_VIX,VIX,2020-12-17 09:00:00,592,3,4.94,5.12,4.8,5.02,3883124.0,19299126.279999997,derived_ohlc4
HOSE_VIX,VIX,2020-12-18 09:00:00,593,3,5.04,5.51,4.99,5.51,4593334.0,24172420.175,derived_ohlc4
HOSE_VIX,VIX,2020-12-21 09:00:00,594,3,5.51,5.95,5.36,5.78,5154005.0,29120128.25,derived_ohlc4
HOSE_VIX,VIX,2020-12-22 09:00:00,595,3,5.75,6.34,5.53,6.34,4538794.0,27187376.060000002,derived_ohlc4
HOSE_VIX,VIX,2020-12-23 09:00:00,596,3,6.36,6.36,5.8,5.85,3267893.0,19909638.1025,derived_ohlc4
HOSE_VIX,VIX,2020-12-24 09:00:00,597,3,5.78,5.8,5.29,5.53,5878802.0,32921291.200000003,derived_ohlc4
HOSE_VIX,VIX,2020-12-25 09:00:00,598,3,5.51,6.0,5.38,5.7,3335399.0,18836665.8525,derived_ohlc4
HOSE_VIX,VIX,2020-12-28 09:00:00,599,3,5.7,5.95,5.61,5.63,2873607.0,16444216.057500001,derived_ohlc4
HOSE_VIX,VIX,2021-01-08 09:00:00,607,4,5.96,5.96,5.96,5.96,484900.0,2890004.0,derived_ohlc4
HOSE_VIX,VIX,2021-01-11 09:00:00,608,4,6.19,6.19,5.97,6.06,3365300.0,20536743.25,derived_ohlc4
HOSE_VIX,VIX,2021-01-12 09:00:00,609,4,6.06,6.18,5.96,6.14,3057600.0,18605496.0,derived_ohlc4
HOSE_VIX,VIX,2021-01-13 09:00:00,610,4,6.14,6.14,5.96,6.05,3205600.0,19466006.0,derived_ohlc4
HOSE_VIX,VIX,2021-01-14 09:00:00,611,4,6.05,6.16,5.88,6.14,3526300.0,21360562.25,derived_ohlc4
HOSE_VIX,VIX,2021-01-15 09:00:00,612,4,6.3,6.57,6.22,6.57,5288100.0,33923161.5,derived_ohlc4
HOSE_VIX,VIX,2021-01-18 09:00:00,613,4,6.73,7.03,6.7,7.03,6137300.0,42178594.25,derived_ohlc4
HOSE_VIX,VIX,2021-01-19 09:00:00,614,4,7.08,7.08,6.54,6.62,5344700.0,36504301.0,derived_ohlc4
HOSE_VIX,VIX,2021-01-20 09:00:00,615,4,6.54,6.66,6.17,6.66,5723500.0,37245676.25,derived_ohlc4
HOSE_VIX,VIX,2021-01-21 09:00:00,616,4,6.67,6.78,6.61,6.76,3763100.0,25231585.5,derived_ohlc4
HOSE_VIX,VIX,2021-01-22 09:00:00,617,4,6.77,6.83,6.5,6.63,4398900.0,29395649.25,derived_ohlc4
HOSE_VIX,VIX,2021-01-25 09:00:00,618,4,6.67,6.67,6.24,6.41,3178300.0,20651004.25,derived_ohlc4
HOSE_VIX,VIX,2021-01-26 09:00:00,619,4,6.49,6.49,6.0,6.06,2428400.0,15201784.0,derived_ohlc4
HOSE_VIX,VIX,2021-01-27 09:00:00,620,4,6.06,6.14,5.64,5.64,3007400.0,17653438.0,derived_ohlc4
HOSE_VIX,VIX,2021-01-28 09:00:00,621,4,5.25,5.31,5.25,5.25,1943500.0,10232527.5,derived_ohlc4
HOSE_VIX,VIX,2021-01-29 09:00:00,622,4,4.88,5.62,4.88,5.62,2202500.0,11563125.0,derived_ohlc4
HOSE_VIX,VIX,2021-02-01 09:00:00,623,4,5.68,5.89,5.58,5.61,3911900.0,22258710.999999996,derived_ohlc4
HOSE_VIX,VIX,2021-02-02 09:00:00,624,4,5.66,5.97,5.51,5.97,3864300.0,22325993.25,derived_ohlc4
HOSE_VIX,VIX,2021-02-03 09:00:00,625,4,6.0,6.39,5.97,6.39,3050000.0,18871875.0,derived_ohlc4
HOSE_VIX,VIX,2021-02-04 09:00:00,626,4,6.41,6.48,6.24,6.32,2448200.0,15576672.500000002,derived_ohlc4
HOSE_VIX,VIX,2021-02-05 09:00:00,627,4,6.35,6.38,6.24,6.36,1692100.0,10715223.25,derived_ohlc4
HOSE_VIX,VIX,2021-02-08 09:00:00,628,4,6.39,6.45,6.1,6.18,3073900.0,19304091.999999996,derived_ohlc4
HOSE_VIX,VIX,2021-02-09 09:00:00,629,4,6.19,6.45,6.17,6.4,2844400.0,17926831.0,derived_ohlc4
HOSE_VIX,VIX,2021-02-17 09:00:00,630,4,6.44,6.58,6.44,6.55,1982400.0,12890556.0,derived_ohlc4
HOSE_VIX,VIX,2021-02-18 09:00:00,631,4,6.55,6.56,6.36,6.39,1920000.0,12412800.0,derived_ohlc4
HOSE_VIX,VIX,2021-02-19 09:00:00,632,4,6.36,6.83,6.25,6.83,6433800.0,42253981.50000001,derived_ohlc4
HOSE_VIX,VIX,2021-02-22 09:00:00,633,4,6.94,7.31,6.93,7.31,6571700.0,46806933.25,derived_ohlc4
HOSE_VIX,VIX,2021-02-23 09:00:00,634,4,7.34,7.81,7.17,7.81,7911200.0,59591114.0,derived_ohlc4
HOSE_VIX,VIX,2021-02-24 09:00:00,635,4,7.81,7.81,7.36,7.42,5647000.0,42917200.0,derived_ohlc4
HOSE_VIX,VIX,2021-02-25 09:00:00,636,4,7.45,7.93,7.33,7.93,5007600.0,38358216.0,derived_ohlc4
HOSE_VIX,VIX,2021-02-26 09:00:00,637,4,7.93,8.48,7.82,8.48,7261900.0,59384187.25,derived_ohlc4
HOSE_VIX,VIX,2021-03-01 09:00:00,638,4,8.53,8.59,8.08,8.36,4637500.0,38908624.99999999,derived_ohlc4
HOSE_VIX,VIX,2021-03-02 09:00:00,639,4,8.42,8.62,8.05,8.62,5252900.0,44268814.75,derived_ohlc4
HOSE_VIX,VIX,2021-03-03 09:00:00,640,4,8.69,9.22,8.6,9.22,8186500.0,73125911.25,derived_ohlc4
HOSE_VIX,VIX,2021-03-04 09:00:00,641,4,9.3,9.47,9.02,9.47,6189500.0,57655192.50000001,derived_ohlc4
HOSE_VIX,VIX,2021-03-05 09:00:00,642,4,9.51,9.84,9.04,9.83,8436100.0,80606935.5,derived_ohlc4
HOSE_VIX,VIX,2021-03-08 09:00:00,643,4,9.86,10.04,9.76,9.84,8958000.0,88460250.0,derived_ohlc4
HOSE_VIX,VIX,2021-03-09 09:00:00,644,4,9.84,9.85,9.15,9.19,7942400.0,75512367.99999999,derived_ohlc4
HOSE_VIX,VIX,2021-03-10 09:00:00,645,4,9.18,9.19,8.73,8.81,6086300.0,54639758.24999999,derived_ohlc4
HOSE_VIX,VIX,2021-03-11 09:00:00,646,4,8.86,8.9,8.57,8.87,6155700.0,54170159.99999999,derived_ohlc4
HOSE_VIX,VIX,2021-03-12 09:00:00,647,4,8.9,9.49,8.84,9.49,8782600.0,80624268.0,derived_ohlc4
HOSE_VIX,VIX,2021-03-15 09:00:00,648,4,9.51,10.15,9.5,10.15,8765500.0,86142951.25,derived_ohlc4
HOSE_VIX,VIX,2021-03-16 09:00:00,649,4,10.15,10.15,9.44,9.55,7723600.0,75865061.00000001,derived_ohlc4
HOSE_VIX,VIX,2021-03-17 09:00:00,650,4,9.55,9.67,9.29,9.51,7192500.0,68364712.5,derived_ohlc4
HOSE_VIX,VIX,2021-03-18 09:00:00,651,4,9.54,9.57,9.03,9.14,7047300.0,65680836.0,derived_ohlc4
HOSE_VIX,VIX,2021-03-19 09:00:00,652,4,9.14,9.14,8.57,8.82,9668100.0,86215281.75,derived_ohlc4
HOSE_VIX,VIX,2021-03-22 09:00:00,653,4,8.85,8.86,8.44,8.72,8022600.0,69937015.5,derived_ohlc4
HOSE_VIX,VIX,2021-03-23 09:00:00,654,4,8.72,8.72,8.15,8.34,7267200.0,61644024.000000015,derived_ohlc4
HOSE_VIX,VIX,2021-03-24 09:00:00,655,4,8.21,8.22,7.76,7.78,8392300.0,67075457.75,derived_ohlc4
HOSE_VIX,VIX,2021-03-25 09:00:00,656,4,7.78,8.32,7.37,8.27,12478600.0,99017691.0,derived_ohlc4
HOSE_VIX,VIX,2021-03-26 09:00:00,657,4,8.27,8.27,7.7,8.08,6447200.0,52093376.0,derived_ohlc4
HOSE_VIX,VIX,2021-03-29 09:00:00,658,4,8.09,8.09,7.82,7.85,5481100.0,43643258.75,derived_ohlc4
HOSE_VIX,VIX,2021-03-30 09:00:00,659,4,7.66,7.7,7.31,7.34,9769200.0,73293423.0,derived_ohlc4
HOSE_VIX,VIX,2021-03-31 09:00:00,660,4,7.34,7.78,7.09,7.58,7887000.0,58738432.5,derived_ohlc4
HOSE_VIX,VIX,2021-04-01 09:00:00,661,4,7.59,7.86,7.55,7.82,4302000.0,33146910.0,derived_ohlc4
HOSE_VIX,VIX,2021-04-02 09:00:00,662,4,7.85,7.9,7.47,7.66,5286200.0,40809464.0,derived_ohlc4
HOSE_VIX,VIX,2021-04-05 09:00:00,663,4,7.66,7.67,7.37,7.59,6614800.0,50090573.0,derived_ohlc4
HOSE_VIX,VIX,2021-04-06 09:00:00,664,4,7.49,7.64,7.33,7.53,6179300.0,46329301.75,derived_ohlc4
HOSE_VIX,VIX,2021-04-07 09:00:00,665,4,7.54,7.55,7.34,7.54,4532800.0,33962004.0,derived_ohlc4
HOSE_VIX,VIX,2021-04-08 09:00:00,666,4,7.54,7.71,7.54,7.69,5598200.0,42658284.0,derived_ohlc4
HOSE_VIX,VIX,2021-04-09 09:00:00,667,4,7.65,7.71,7.55,7.65,3767800.0,28785992.000000004,derived_ohlc4
HOSE_VIX,VIX,2021-04-12 09:00:00,668,4,7.61,7.65,7.47,7.56,5260300.0,39833621.75,derived_ohlc4
HOSE_VIX,VIX,2021-04-13 09:00:00,669,4,7.53,7.53,7.22,7.34,6634600.0,49129213.0,derived_ohlc4
HOSE_VIX,VIX,2021-04-14 09:00:00,670,4,7.27,7.43,7.23,7.37,5198900.0,38081942.5,derived_ohlc4
HOSE_VIX,VIX,2021-04-15 09:00:00,671,4,7.38,7.38,7.16,7.16,5152100.0,37455767.0,derived_ohlc4
HOSE_VIX,VIX,2021-04-16 09:00:00,672,4,7.1,7.18,6.84,7.05,5691000.0,40078867.5,derived_ohlc4
HOSE_VIX,VIX,2021-04-19 09:00:00,673,4,7.05,7.26,6.93,7.25,4975200.0,35435862.0,derived_ohlc4
HOSE_VIX,VIX,2021-04-20 09:00:00,674,4,7.26,7.37,7.16,7.25,4819700.0,34991022.0,derived_ohlc4
HOSE_VIX,VIX,2021-04-22 09:00:00,675,4,7.22,7.75,7.15,7.75,17688000.0,132085139.99999999,derived_ohlc4
HOSE_VIX,VIX,2021-04-23 09:00:00,676,4,7.75,8.29,7.74,8.29,13639700.0,109356294.75,derived_ohlc4
HOSE_VIX,VIX,2021-04-26 09:00:00,677,4,8.3,8.57,8.19,8.41,11024800.0,92250014.0,derived_ohlc4
HOSE_VIX,VIX,2021-04-27 09:00:00,678,4,8.21,8.6,7.97,8.58,15593000.0,130045620.0,derived_ohlc4
HOSE_VIX,VIX,2021-04-28 09:00:00,679,4,8.53,8.64,8.31,8.31,10243700.0,86533655.75000001,derived_ohlc4
HOSE_VIX,VIX,2021-04-29 09:00:00,680,4,8.3,8.52,8.07,8.35,10145700.0,84310767.0,derived_ohlc4
HOSE_VIX,VIX,2021-05-04 09:00:00,681,4,8.08,8.08,7.77,7.77,9321700.0,73874472.5,derived_ohlc4
HOSE_VIX,VIX,2021-05-05 09:00:00,682,4,7.62,7.62,7.32,7.34,9117300.0,68151817.5,derived_ohlc4
HOSE_VIX,VIX,2021-05-06 09:00:00,683,4,7.36,7.54,7.33,7.4,4035100.0,29890003.250000004,derived_ohlc4
HOSE_VIX,VIX,2021-05-07 09:00:00,684,4,7.4,7.65,7.4,7.49,8000900.0,59886736.50000001,derived_ohlc4
HOSE_VIX,VIX,2021-05-10 09:00:00,685,4,7.49,7.54,7.32,7.37,8264100.0,61402263.00000001,derived_ohlc4
HOSE_VIX,VIX,2021-05-11 09:00:00,686,4,7.38,7.39,7.1,7.2,6543800.0,47557066.49999999,derived_ohlc4
HOSE_VIX,VIX,2021-05-12 09:00:00,687,4,7.1,7.12,6.84,6.99,7616100.0,53407901.24999999,derived_ohlc4
HOSE_VIX,VIX,2021-05-13 09:00:00,688,4,6.99,6.99,6.82,6.82,6372000.0,43998660.0,derived_ohlc4
HOSE_VIX,VIX,2021-05-14 09:00:00,689,4,6.82,7.08,6.82,6.85,4570100.0,31499414.25,derived_ohlc4
HOSE_VIX,VIX,2021-05-17 09:00:00,690,4,6.88,6.94,6.49,6.5,6786900.0,45489197.25000001,derived_ohlc4
HOSE_VIX,VIX,2021-05-18 09:00:00,691,4,6.41,6.49,6.07,6.13,8274700.0,51923742.49999999,derived_ohlc4
HOSE_VIX,VIX,2021-05-19 09:00:00,692,4,6.29,6.46,6.22,6.45,2730500.0,17352327.5,derived_ohlc4
HOSE_VIX,VIX,2021-05-20 09:00:00,693,4,6.46,6.87,6.46,6.83,4843800.0,32235488.999999996,derived_ohlc4
HOSE_VIX,VIX,2021-05-21 09:00:00,694,4,6.62,6.83,6.54,6.56,2543300.0,16881153.75,derived_ohlc4
HOSE_VIX,VIX,2021-05-24 09:00:00,695,4,6.61,6.66,6.38,6.66,4417700.0,29057421.75,derived_ohlc4
HOSE_VIX,VIX,2021-05-25 09:00:00,696,4,6.61,6.66,6.49,6.66,3197200.0,21117506.0,derived_ohlc4
HOSE_VIX,VIX,2021-05-26 09:00:00,697,4,6.56,6.82,6.49,6.71,4350300.0,28907743.5,derived_ohlc4
HOSE_VIX,VIX,2021-05-27 09:00:00,698,4,6.71,6.72,6.44,6.49,2410800.0,15887172.0,derived_ohlc4
HOSE_VIX,VIX,2021-05-28 09:00:00,699,4,6.49,6.58,6.38,6.58,5169000.0,33637267.5,derived_ohlc4
HOSE_VIX,VIX,2021-05-31 09:00:00,700,4,6.61,7.04,6.61,7.04,8932500.0,60964312.5,derived_ohlc4
HOSE_VIX,VIX,2021-06-01 09:00:00,701,4,7.18,7.53,7.18,7.44,6575100.0,48211920.75,derived_ohlc4
HOSE_VIX,VIX,2021-06-02 09:00:00,702,4,7.16,7.58,7.12,7.52,6074400.0,44616468.0,derived_ohlc4
HOSE_VIX,VIX,2021-06-03 09:00:00,703,4,7.56,8.02,7.56,7.91,8538100.0,66277001.24999999,derived_ohlc4
HOSE_VIX,VIX,2021-06-04 09:00:00,704,4,7.96,8.02,7.37,7.59,8296300.0,64171880.5,derived_ohlc4
HOSE_VIX,VIX,2021-06-07 09:00:00,705,4,7.65,7.66,7.1,7.32,7282300.0,54125694.75,derived_ohlc4
HOSE_VIX,VIX,2021-06-08 09:00:00,706,4,7.22,7.26,6.82,6.82,6156400.0,43279492.0,derived_ohlc4
HOSE_VIX,VIX,2021-06-09 09:00:00,707,4,6.66,7.06,6.36,6.73,7420500.0,49735901.25,derived_ohlc4
HOSE_VIX,VIX,2021-06-10 09:00:00,708,4,6.73,6.9,6.58,6.62,3648800.0,24474326.0,derived_ohlc4
HOSE_VIX,VIX,2021-06-11 09:00:00,709,4,6.85,6.9,6.63,6.79,3401400.0,23104009.5,derived_ohlc4
HOSE_VIX,VIX,2021-06-14 09:00:00,710,4,6.79,7.09,6.67,6.92,5030000.0,34543525.0,derived_ohlc4
HOSE_VIX,VIX,2021-06-15 09:00:00,711,4,6.93,7.1,6.92,6.96,3361600.0,23455564.0,derived_ohlc4
HOSE_VIX,VIX,2021-06-16 09:00:00,712,4,6.96,7.08,6.85,6.92,2770700.0,19263291.75,derived_ohlc4
HOSE_VIX,VIX,2021-06-17 09:00:00,713,4,6.83,6.9,6.73,6.87,2789300.0,19057892.25,derived_ohlc4
HOSE_VIX,VIX,2021-06-18 09:00:00,714,4,6.89,7.05,6.89,6.98,2982600.0,20736526.5,derived_ohlc4
HOSE_VIX,VIX,2021-06-21 09:00:00,715,4,7.01,7.45,7.0,7.37,6626500.0,47760498.75,derived_ohlc4
HOSE_VIX,VIX,2021-06-22 09:00:00,716,4,7.5,7.59,7.26,7.27,3561500.0,26372907.5,derived_ohlc4
HOSE_VIX,VIX,2021-06-23 09:00:00,717,4,7.25,7.39,7.1,7.14,2892300.0,20882406.0,derived_ohlc4
HOSE_VIX,VIX,2021-06-24 09:00:00,718,4,7.18,7.2,7.08,7.08,2393700.0,17079049.5,derived_ohlc4
HOSE_VIX,VIX,2021-06-25 09:00:00,719,4,7.17,7.33,7.0,7.25,3209600.0,23069000.0,derived_ohlc4
HOSE_VIX,VIX,2021-06-28 09:00:00,720,4,7.43,7.47,7.17,7.17,5324200.0,38919902.0,derived_ohlc4
HOSE_VIX,VIX,2021-06-29 09:00:00,721,4,7.17,7.28,7.04,7.06,5649700.0,40324733.74999999,derived_ohlc4
HOSE_VIX,VIX,2021-06-30 09:00:00,722,4,7.01,7.05,6.92,6.92,3996000.0,27872100.0,derived_ohlc4
HOSE_VIX,VIX,2021-07-01 09:00:00,723,4,6.9,7.12,6.8,6.98,5020900.0,34895255.0,derived_ohlc4
HOSE_VIX,VIX,2021-07-02 09:00:00,724,4,7.08,7.1,6.9,6.96,4438300.0,31112483.0,derived_ohlc4
HOSE_VIX,VIX,2021-07-05 09:00:00,725,4,6.95,6.96,6.73,6.79,4191300.0,28741839.75,derived_ohlc4
HOSE_VIX,VIX,2021-07-06 09:00:00,726,4,6.78,6.78,6.34,6.34,5711200.0,37465472.0,derived_ohlc4
HOSE_VIX,VIX,2021-07-07 09:00:00,727,4,6.34,6.49,5.95,6.49,4765200.0,30104151.000000004,derived_ohlc4
HOSE_VIX,VIX,2021-07-08 09:00:00,728,4,6.51,6.51,6.24,6.27,1895500.0,12098028.749999998,derived_ohlc4
HOSE_VIX,VIX,2021-07-09 09:00:00,729,4,6.12,6.24,5.85,5.88,4080500.0,24574811.25,derived_ohlc4
HOSE_VIX,VIX,2021-07-12 09:00:00,730,4,5.66,5.74,5.47,5.47,3111200.0,17376052.0,derived_ohlc4
HOSE_VIX,VIX,2021-07-13 09:00:00,731,4,5.48,5.52,5.09,5.24,4779200.0,25485083.999999996,derived_ohlc4
HOSE_VIX,VIX,2021-07-14 09:00:00,732,4,5.3,5.52,5.14,5.32,3629000.0,19306280.0,derived_ohlc4
HOSE_VIX,VIX,2021-07-15 09:00:00,733,4,5.32,5.51,5.29,5.46,1965600.0,10604412.0,derived_ohlc4
HOSE_VIX,VIX,2021-07-16 09:00:00,734,4,5.46,5.51,5.35,5.41,2014500.0,10943771.25,derived_ohlc4
HOSE_VIX,VIX,2021-07-19 09:00:00,735,4,5.07,5.21,5.04,5.04,3186400.0,16218776.0,derived_ohlc4
HOSE_VIX,VIX,2021-07-20 09:00:00,736,4,4.82,5.07,4.7,5.03,5155200.0,25286256.0,derived_ohlc4
HOSE_VIX,VIX,2021-07-21 09:00:00,737,4,5.14,5.14,4.92,4.99,2020900.0,10200492.749999998,derived_ohlc4
HOSE_VIX,VIX,2021-07-22 09:00:00,738,4,4.99,5.03,4.82,4.98,2540300.0,12587186.5,derived_ohlc4
HOSE_VIX,VIX,2021-07-23 09:00:00,739,4,4.98,5.32,4.9,5.32,6588500.0,33799005.00000001,derived_ohlc4
HOSE_VIX,VIX,2021-07-26 09:00:00,740,4,5.29,5.56,5.2,5.51,2708300.0,14597737.000000002,derived_ohlc4
HOSE_VIX,VIX,2021-07-27 09:00:00,741,4,5.51,5.57,5.36,5.41,2631900.0,14376753.750000002,derived_ohlc4
HOSE_VIX,VIX,2021-07-28 09:00:00,742,4,5.31,5.38,5.26,5.31,3066400.0,16297915.999999998,derived_ohlc4
HOSE_VIX,VIX,2021-07-29 09:00:00,743,4,5.34,5.38,5.25,5.31,1452600.0,7727831.999999999,derived_ohlc4
HOSE_VIX,VIX,2021-07-30 09:00:00,744,4,5.34,5.56,5.28,5.43,2662100.0,14381995.25,derived_ohlc4
HOSE_VIX,VIX,2021-08-02 09:00:00,745,4,5.43,5.45,5.31,5.36,2118400.0,11412879.999999998,derived_ohlc4
HOSE_VIX,VIX,2021-08-03 09:00:00,746,4,5.34,5.38,5.26,5.34,2231900.0,11896027.0,derived_ohlc4
HOSE_VIX,VIX,2021-08-04 09:00:00,747,4,5.38,5.5,5.34,5.42,3005700.0,16260837.0,derived_ohlc4
HOSE_VIX,VIX,2021-08-05 09:00:00,748,4,5.38,5.57,5.35,5.57,3645100.0,19929584.249999996,derived_ohlc4
HOSE_VIX,VIX,2021-08-06 09:00:00,749,4,5.63,5.85,5.63,5.68,3358100.0,19132774.75,derived_ohlc4
HOSE_VIX,VIX,2021-08-09 09:00:00,750,4,5.61,5.83,5.59,5.76,2400800.0,13678558.0,derived_ohlc4
HOSE_VIX,VIX,2021-08-10 09:00:00,751,4,5.78,5.8,5.66,5.75,3205200.0,18421887.0,derived_ohlc4
HOSE_VIX,VIX,2021-08-11 09:00:00,752,4,5.75,5.75,5.64,5.64,2819400.0,16056483.0,derived_ohlc4
HOSE_VIX,VIX,2021-08-12 09:00:00,753,4,5.54,5.63,5.53,5.56,3052200.0,16985493.0,derived_ohlc4
HOSE_VIX,VIX,2021-08-13 09:00:00,754,4,5.56,5.56,5.41,5.51,3284600.0,18098146.0,derived_ohlc4
HOSE_VIX,VIX,2021-08-16 09:00:00,755,4,5.68,5.89,5.64,5.89,5670200.0,32745405.000000004,derived_ohlc4
HOSE_VIX,VIX,2021-08-17 09:00:00,756,4,6.12,6.14,5.95,6.02,5228900.0,31674061.75,derived_ohlc4
HOSE_VIX,VIX,2021-08-18 09:00:00,757,4,5.95,6.44,5.9,6.44,7827200.0,48391664.0,derived_ohlc4
HOSE_VIX,VIX,2021-08-19 09:00:00,758,4,6.52,6.88,6.51,6.88,6117800.0,40973965.49999999,derived_ohlc4
HOSE_VIX,VIX,2021-08-20 09:00:00,759,4,7.34,7.36,6.88,7.22,13701800.0,98652959.99999999,derived_ohlc4
HOSE_VIX,VIX,2021-08-23 09:00:00,760,4,7.22,7.64,7.22,7.54,7469900.0,55314609.49999999,derived_ohlc4
HOSE_VIX,VIX,2021-08-24 09:00:00,761,4,7.56,7.71,7.01,7.01,10549500.0,77248713.75,derived_ohlc4
HOSE_VIX,VIX,2021-08-25 09:00:00,762,4,6.98,6.98,6.56,6.76,4966000.0,33868120.0,derived_ohlc4
HOSE_VIX,VIX,2021-08-26 09:00:00,763,4,6.76,7.0,6.44,6.44,4204000.0,27998640.0,derived_ohlc4
HOSE_VIX,VIX,2021-08-27 09:00:00,764,4,6.44,6.88,6.28,6.88,6261900.0,41453778.0,derived_ohlc4
HOSE_VIX,VIX,2021-08-30 09:00:00,765,4,7.15,7.17,7.0,7.03,4240500.0,30054543.75,derived_ohlc4
HOSE_VIX,VIX,2021-08-31 09:00:00,766,4,7.03,7.03,6.73,6.73,6082500.0,41847600.0,derived_ohlc4
HOSE_VIX,VIX,2021-09-01 09:00:00,767,4,6.63,6.7,6.58,6.61,6641500.0,44033145.0,derived_ohlc4
HOSE_VIX,VIX,2021-09-06 09:00:00,768,4,6.62,6.84,6.55,6.55,10275300.0,68227992.0,derived_ohlc4
HOSE_VIX,VIX,2021-09-07 09:00:00,769,4,6.99,6.99,6.99,6.99,611600.0,4275084.0,derived_ohlc4
HOSE_VIX,VIX,2021-09-08 09:00:00,770,4,7.47,7.47,7.47,7.47,1466200.0,10952514.0,derived_ohlc4
HOSE_VIX,VIX,2021-09-09 09:00:00,771,4,7.93,7.95,7.3,7.51,11534500.0,88498451.25,derived_ohlc4
HOSE_VIX,VIX,2021-09-10 09:00:00,772,4,7.52,7.56,7.47,7.51,2800000.0,21041999.999999996,derived_ohlc4
HOSE_VIX,VIX,2021-09-13 09:00:00,773,4,7.47,7.49,7.26,7.28,3034700.0,22380912.5,derived_ohlc4
HOSE_VIX,VIX,2021-09-14 09:00:00,774,4,7.14,7.18,7.01,7.05,3646600.0,25872627.0,derived_ohlc4
HOSE_VIX,VIX,2021-09-15 09:00:00,775,4,6.89,7.24,6.89,7.2,3261400.0,23009177.0,derived_ohlc4
HOSE_VIX,VIX,2021-09-16 09:00:00,776,4,7.24,7.31,7.14,7.22,1600200.0,11565445.5,derived_ohlc4
HOSE_VIX,VIX,2021-09-17 09:00:00,777,4,7.45,7.58,7.33,7.45,3209400.0,23918053.5,derived_ohlc4
HOSE_VIX,VIX,2021-09-20 09:00:00,778,4,7.52,7.58,7.24,7.28,3003400.0,22240177.0,derived_ohlc4
HOSE_VIX,VIX,2021-09-21 09:00:00,779,4,7.12,7.24,7.03,7.12,2809700.0,20026136.75,derived_ohlc4
HOSE_VIX,VIX,2021-09-22 09:00:00,780,4,7.12,7.2,7.03,7.14,2208700.0,15731465.750000002,derived_ohlc4
HOSE_VIX,VIX,2021-09-23 09:00:00,781,4,7.2,7.43,7.08,7.18,3411700.0,24641003.25,derived_ohlc4
HOSE_VIX,VIX,2021-09-24 09:00:00,782,4,7.18,7.31,7.14,7.14,1656200.0,11912218.5,derived_ohlc4
HOSE_VIX,VIX,2021-09-27 09:00:00,783,4,7.14,7.24,6.86,6.86,2627100.0,18455377.5,derived_ohlc4
HOSE_VIX,VIX,2021-09-28 09:00:00,784,4,6.74,6.95,6.66,6.89,2096800.0,14279208.000000002,derived_ohlc4
HOSE_VIX,VIX,2021-09-29 09:00:00,785,4,6.89,6.89,6.72,6.78,1358800.0,9267016.0,derived_ohlc4
HOSE_VIX,VIX,2021-09-30 09:00:00,786,4,6.82,6.93,6.82,6.86,1014300.0,6955562.25,derived_ohlc4
HOSE_VIX,VIX,2021-10-01 09:00:00,787,4,6.74,6.86,6.74,6.76,1558200.0,10556805.0,derived_ohlc4
HOSE_VIX,VIX,2021-10-04 09:00:00,788,4,6.78,6.82,6.64,6.72,2126400.0,14331936.0,derived_ohlc4
HOSE_VIX,VIX,2021-10-05 09:00:00,789,4,6.82,7.08,6.74,7.03,2859900.0,19783358.25,derived_ohlc4
HOSE_VIX,VIX,2021-10-06 09:00:00,790,4,7.05,7.1,6.91,6.91,1617900.0,11313165.75,derived_ohlc4
HOSE_VIX,VIX,2021-10-07 09:00:00,791,4,6.91,7.01,6.87,6.93,2201800.0,15258474.0,derived_ohlc4
HOSE_VIX,VIX,2021-10-08 09:00:00,792,4,6.97,6.99,6.87,6.87,2797500.0,19372687.500000004,derived_ohlc4
HOSE_VIX,VIX,2021-10-11 09:00:00,793,4,6.89,6.99,6.87,6.99,2766100.0,19182903.5,derived_ohlc4
HOSE_VIX,VIX,2021-10-12 09:00:00,794,4,6.99,7.39,6.99,7.24,5453700.0,39007589.25,derived_ohlc4
HOSE_VIX,VIX,2021-10-13 09:00:00,795,4,7.28,7.35,7.14,7.16,2204300.0,15942599.75,derived_ohlc4
HOSE_VIX,VIX,2021-10-14 09:00:00,796,4,7.12,7.26,7.12,7.2,2088500.0,14984987.5,derived_ohlc4
HOSE_VIX,VIX,2021-10-15 09:00:00,797,4,7.24,7.26,7.12,7.16,2432900.0,17504715.5,derived_ohlc4
HOSE_VIX,VIX,2021-10-18 09:00:00,798,4,7.2,7.66,7.2,7.66,9036800.0,67143424.0,derived_ohlc4
HOSE_VIX,VIX,2021-10-19 09:00:00,799,4,7.89,8.14,7.76,7.87,5930400.0,46939116.0,derived_ohlc4
HOSE_VIX,VIX,2021-10-20 09:00:00,800,4,7.87,8.02,7.58,7.81,5213100.0,40766442.0,derived_ohlc4
HOSE_VIX,VIX,2021-10-21 09:00:00,801,4,7.81,7.96,7.68,7.89,3616900.0,28338411.5,derived_ohlc4
HOSE_VIX,VIX,2021-10-22 09:00:00,802,4,7.96,8.21,7.96,8.12,5327500.0,42952968.75,derived_ohlc4
HOSE_VIX,VIX,2021-10-25 09:00:00,803,4,8.27,8.27,7.96,7.96,3899500.0,31644442.5,derived_ohlc4
HOSE_VIX,VIX,2021-10-26 09:00:00,804,4,7.87,8.06,7.7,7.95,3024200.0,23876059.0,derived_ohlc4
HOSE_VIX,VIX,2021-10-27 09:00:00,805,4,7.96,8.02,7.85,8.0,3964900.0,31550691.75,derived_ohlc4
HOSE_VIX,VIX,2021-10-28 09:00:00,806,4,8.04,8.31,8.02,8.2,5384200.0,43840848.5,derived_ohlc4
HOSE_VIX,VIX,2021-10-29 09:00:00,807,4,8.39,8.54,8.23,8.5,6828700.0,57463510.49999999,derived_ohlc4
HOSE_VIX,VIX,2021-11-01 09:00:00,808,4,8.73,9.1,8.64,9.1,6836500.0,60793576.25,derived_ohlc4
HOSE_VIX,VIX,2021-11-02 09:00:00,809,4,9.27,9.65,9.19,9.55,6413900.0,60386868.49999999,derived_ohlc4
HOSE_VIX,VIX,2021-11-03 09:00:00,810,4,9.76,9.82,9.19,9.19,10187100.0,96675578.99999999,derived_ohlc4
HOSE_VIX,VIX,2021-11-04 09:00:00,811,4,9.27,9.82,9.19,9.82,6943200.0,66133980.0,derived_ohlc4
HOSE_VIX,VIX,2021-11-05 09:00:00,812,4,10.15,10.24,9.82,10.01,6058200.0,60915201.0,derived_ohlc4
HOSE_VIX,VIX,2021-11-08 09:00:00,813,4,10.15,10.7,10.07,10.7,7619100.0,79276735.50000001,derived_ohlc4
HOSE_VIX,VIX,2021-11-09 09:00:00,814,4,10.91,11.22,10.72,11.14,8639800.0,95016200.5,derived_ohlc4
HOSE_VIX,VIX,2021-11-10 09:00:00,815,4,11.49,11.49,11.14,11.43,3786000.0,43113075.00000001,derived_ohlc4
HOSE_VIX,VIX,2021-11-11 09:00:00,816,4,11.3,11.72,10.74,11.34,8962800.0,101055570.00000001,derived_ohlc4
HOSE_VIX,VIX,2021-11-12 09:00:00,817,4,11.34,11.37,10.76,11.09,7145200.0,79597528.0,derived_ohlc4
HOSE_VIX,VIX,2021-11-15 09:00:00,818,4,11.49,11.85,11.1,11.83,7153000.0,82742327.5,derived_ohlc4
HOSE_VIX,VIX,2021-11-16 09:00:00,819,4,11.81,11.81,11.3,11.56,4872600.0,56619612.00000001,derived_ohlc4
HOSE_VIX,VIX,2021-11-17 09:00:00,820,4,11.56,11.95,11.3,11.6,5930500.0,68808626.25,derived_ohlc4
HOSE_VIX,VIX,2021-11-18 09:00:00,821,4,11.87,12.41,11.68,12.41,8159800.0,98672381.50000001,derived_ohlc4
HOSE_VIX,VIX,2021-11-19 09:00:00,822,4,13.02,13.27,11.68,12.98,11810000.0,150429875.0,derived_ohlc4
HOSE_VIX,VIX,2021-11-22 09:00:00,823,4,13.04,13.56,12.25,12.25,10174200.0,129975405.0,derived_ohlc4
HOSE_VIX,VIX,2021-11-23 09:00:00,824,4,12.1,12.75,11.49,12.64,9378000.0,114833610.00000001,derived_ohlc4
HOSE_VIX,VIX,2021-11-24 09:00:00,825,4,13.21,13.29,12.64,12.64,7637300.0,98864848.5,derived_ohlc4
HOSE_VIX,VIX,2021-11-25 09:00:00,826,4,12.18,13.02,11.99,12.83,24712700.0,309032313.5,derived_ohlc4
HOSE_VIX,VIX,2021-11-26 09:00:00,827,4,13.02,13.25,12.68,12.85,11951600.0,154773220.0,derived_ohlc4
HOSE_VIX,VIX,2021-11-29 09:00:00,828,4,12.6,13.73,12.52,13.73,18524600.0,243505867.0,derived_ohlc4
HOSE_VIX,VIX,2021-11-30 09:00:00,829,4,14.02,14.4,13.73,14.0,9944400.0,139594515.0,derived_ohlc4
HOSE_VIX,VIX,2021-12-01 09:00:00,830,4,13.86,14.32,13.86,14.02,7696800.0,107870652.0,derived_ohlc4
HOSE_VIX,VIX,2021-12-02 09:00:00,831,4,14.02,14.09,13.71,13.8,9421300.0,131003176.50000001,derived_ohlc4
HOSE_VIX,VIX,2021-12-03 09:00:00,832,4,13.82,13.98,12.85,12.85,19976300.0,267183012.5,derived_ohlc4
HOSE_VIX,VIX,2021-12-06 09:00:00,833,4,12.48,12.75,11.97,11.97,10707000.0,131615797.5,derived_ohlc4
HOSE_VIX,VIX,2021-12-07 09:00:00,834,4,11.97,12.33,11.34,12.02,12042700.0,143488770.5,derived_ohlc4
HOSE_VIX,VIX,2021-12-08 09:00:00,835,4,12.1,12.14,11.49,11.49,5292300.0,62475601.50000001,derived_ohlc4
HOSE_VIX,VIX,2021-12-09 09:00:00,836,4,11.34,12.14,11.2,12.14,5878300.0,68805501.5,derived_ohlc4
HOSE_VIX,VIX,2021-12-10 09:00:00,837,4,12.25,12.56,12.16,12.27,6849000.0,84311189.99999999,derived_ohlc4
HOSE_VIX,VIX,2021-12-13 09:00:00,838,4,12.31,12.6,12.14,12.48,4516800.0,55929276.0,derived_ohlc4
HOSE_VIX,VIX,2021-12-14 09:00:00,839,4,12.56,13.0,12.37,12.71,7366200.0,93256092.0,derived_ohlc4
HOSE_VIX,VIX,2021-12-15 09:00:00,840,4,12.64,12.73,12.25,12.25,5252600.0,65486790.50000001,derived_ohlc4
HOSE_VIX,VIX,2021-12-16 09:00:00,841,4,12.48,12.48,11.99,12.08,5348800.0,65562916.0,derived_ohlc4
HOSE_VIX,VIX,2021-12-17 09:00:00,842,4,12.1,12.41,12.1,12.41,5746600.0,70424583.0,derived_ohlc4
HOSE_VIX,VIX,2021-12-20 09:00:00,843,4,12.56,12.81,12.25,12.48,5644900.0,70702372.50000001,derived_ohlc4
HOSE_VIX,VIX,2021-12-21 09:00:00,844,4,12.33,12.6,12.31,12.41,4247800.0,52725817.50000001,derived_ohlc4
HOSE_VIX,VIX,2021-12-22 09:00:00,845,4,12.41,12.58,11.87,11.91,7362800.0,89770939.0,derived_ohlc4
HOSE_VIX,VIX,2021-12-23 09:00:00,846,4,11.91,12.02,11.12,11.34,8831100.0,102418682.25,derived_ohlc4
HOSE_VIX,VIX,2021-12-24 09:00:00,847,4,11.41,11.68,11.3,11.56,4223800.0,48520902.5,derived_ohlc4
HOSE_VIX,VIX,2021-12-27 09:00:00,848,4,12.35,12.35,11.76,12.02,2740200.0,33211224.000000004,derived_ohlc4
HOSE_VIX,VIX,2021-12-28 09:00:00,849,4,12.1,12.1,11.8,11.85,4049900.0,48446928.75,derived_ohlc4
HOSE_VIX,VIX,2021-12-29 09:00:00,850,4,11.85,12.1,11.68,11.85,3358800.0,39868956.0,derived_ohlc4
HOSE_VIX,VIX,2021-12-30 09:00:00,851,4,11.95,12.68,11.91,12.68,8765100.0,107854555.5,derived_ohlc4
HOSE_VIX,VIX,2021-12-31 09:00:00,852,4,12.87,13.21,12.64,12.64,5897900.0,75729036.0,derived_ohlc4
HOSE_VIX,VIX,2022-01-04 09:00:00,853,4,12.83,13.02,12.58,12.75,5597400.0,71618733.0,derived_ohlc4
HOSE_VIX,VIX,2022-01-05 09:00:00,854,4,12.79,13.0,12.66,12.71,6366800.0,81431372.0,derived_ohlc4
HOSE_VIX,VIX,2022-01-06 09:00:00,855,4,12.64,12.73,12.41,12.56,5728800.0,72096948.0,derived_ohlc4
HOSE_VIX,VIX,2022-01-07 09:00:00,856,4,12.48,13.4,12.48,13.25,9756900.0,125888402.25,derived_ohlc4
HOSE_VIX,VIX,2022-01-10 09:00:00,857,4,13.38,13.63,12.64,12.64,7506900.0,98133950.25000001,derived_ohlc4
HOSE_VIX,VIX,2022-01-11 09:00:00,858,4,12.94,12.94,12.25,12.31,5141000.0,64828010.0,derived_ohlc4
HOSE_VIX,VIX,2022-01-12 09:00:00,859,4,12.25,12.64,11.56,12.25,8295700.0,101000147.5,derived_ohlc4
HOSE_VIX,VIX,2022-01-13 09:00:00,860,4,12.25,12.41,11.6,11.68,5788000.0,69369180.0,derived_ohlc4
HOSE_VIX,VIX,2022-01-14 09:00:00,861,4,11.41,12.06,11.34,11.78,4081800.0,47542765.5,derived_ohlc4
HOSE_VIX,VIX,2022-01-17 09:00:00,862,4,11.8,11.97,10.95,10.95,9027000.0,103065772.5,derived_ohlc4
HOSE_VIX,VIX,2022-01-18 09:00:00,863,4,10.34,10.65,10.19,10.19,7524200.0,77819038.5,derived_ohlc4
HOSE_VIX,VIX,2022-01-19 09:00:00,864,4,10.34,10.57,10.07,10.24,3925700.0,40454338.5,derived_ohlc4
HOSE_VIX,VIX,2022-01-20 09:00:00,865,4,10.22,10.65,10.19,10.57,2883500.0,30010026.25,derived_ohlc4
HOSE_VIX,VIX,2022-01-21 09:00:00,866,4,10.65,10.7,10.26,10.26,3217800.0,33682321.5,derived_ohlc4
HOSE_VIX,VIX,2022-01-24 09:00:00,867,4,9.99,10.07,9.55,9.55,4290500.0,42003995.00000001,derived_ohlc4
HOSE_VIX,VIX,2022-01-25 09:00:00,868,4,8.96,9.57,8.96,9.42,4122700.0,38042214.25000001,derived_ohlc4
HOSE_VIX,VIX,2022-01-26 09:00:00,869,4,9.46,9.69,9.23,9.23,2905800.0,27321784.5,derived_ohlc4
HOSE_VIX,VIX,2022-01-27 09:00:00,870,4,9.23,9.55,8.88,9.54,2352700.0,21880110.0,derived_ohlc4
HOSE_VIX,VIX,2022-01-28 09:00:00,871,4,9.65,9.9,9.57,9.88,2252500.0,21961875.0,derived_ohlc4
HOSE_VIX,VIX,2022-02-07 09:00:00,872,4,10.15,10.44,9.99,10.38,2248000.0,23019520.0,derived_ohlc4
HOSE_VIX,VIX,2022-02-08 09:00:00,873,4,10.3,10.34,9.88,10.19,1800800.0,18327642.0,derived_ohlc4
HOSE_VIX,VIX,2022-02-09 09:00:00,874,4,10.22,10.59,10.17,10.42,2543400.0,26324190.000000004,derived_ohlc4
HOSE_VIX,VIX,2022-02-10 09:00:00,875,4,10.42,10.72,10.32,10.51,2517700.0,26416967.25,derived_ohlc4
HOSE_VIX,VIX,2022-02-11 09:00:00,876,4,10.59,11.07,10.59,10.86,3019200.0,32539428.0,derived_ohlc4
HOSE_VIX,VIX,2022-02-14 09:00:00,877,4,10.84,11.3,10.65,10.88,4594400.0,50159362.0,derived_ohlc4
HOSE_VIX,VIX,2022-02-15 09:00:00,878,4,10.8,11.1,10.57,10.82,1962800.0,21242403.0,derived_ohlc4
HOSE_VIX,VIX,2022-02-16 09:00:00,879,4,10.93,11.05,10.86,10.97,1726800.0,18912777.0,derived_ohlc4
HOSE_VIX,VIX,2022-02-17 09:00:00,880,4,11.09,11.09,10.72,10.8,2616900.0,28589632.5,derived_ohlc4
HOSE_VIX,VIX,2022-02-18 09:00:00,881,4,10.68,11.03,10.59,10.91,3950800.0,42678516.99999999,derived_ohlc4
HOSE_VIX,VIX,2022-02-21 09:00:00,882,4,10.95,11.26,10.91,11.18,6478300.0,71747172.5,derived_ohlc4
HOSE_VIX,VIX,2022-02-22 09:00:00,883,4,11.03,11.09,10.65,10.65,5432000.0,58964359.99999999,derived_ohlc4
HOSE_VIX,VIX,2022-02-23 09:00:00,884,4,10.8,10.8,10.53,10.7,11564300.0,123824742.25,derived_ohlc4
HOSE_VIX,VIX,2022-02-24 09:00:00,885,4,11.45,11.45,10.8,11.38,10102200.0,113851794.00000001,derived_ohlc4
HOSE_VIX,VIX,2022-02-25 09:00:00,886,4,11.45,11.77,11.23,11.6,5429100.0,62502513.75000001,derived_ohlc4
HOSE_VIX,VIX,2022-02-28 09:00:00,887,4,11.4,11.55,11.32,11.4,3402300.0,38845760.25,derived_ohlc4
HOSE_VIX,VIX,2022-03-01 09:00:00,888,4,11.35,11.42,11.23,11.28,3497500.0,39591700.0,derived_ohlc4
HOSE_VIX,VIX,2022-03-02 09:00:00,889,4,11.2,11.28,10.98,11.05,3074800.0,34214836.99999999,derived_ohlc4
HOSE_VIX,VIX,2022-03-03 09:00:00,890,4,11.2,11.28,11.0,11.23,3011500.0,33661041.24999999,derived_ohlc4
HOSE_VIX,VIX,2022-03-04 09:00:00,891,4,11.32,11.6,11.32,11.4,3146200.0,35898142.0,derived_ohlc4
HOSE_VIX,VIX,2022-03-07 09:00:00,892,4,11.4,11.62,11.28,11.48,3942000.0,45116190.0,derived_ohlc4
HOSE_VIX,VIX,2022-03-08 09:00:00,893,4,11.3,11.75,11.3,11.35,5297300.0,60521652.50000001,derived_ohlc4
HOSE_VIX,VIX,2022-03-09 09:00:00,894,4,11.45,11.6,11.2,11.38,3590200.0,40955206.5,derived_ohlc4
HOSE_VIX,VIX,2022-03-10 09:00:00,895,4,11.62,11.7,11.4,11.4,2632100.0,30348113.0,derived_ohlc4
HOSE_VIX,VIX,2022-03-11 09:00:00,896,4,11.35,11.4,11.0,11.15,3271200.0,36719220.0,derived_ohlc4
HOSE_VIX,VIX,2022-03-14 09:00:00,897,4,11.1,11.1,10.75,10.85,2930400.0,32087880.000000004,derived_ohlc4
HOSE_VIX,VIX,2022-03-15 09:00:00,898,4,10.83,11.1,10.83,10.95,2096300.0,22907318.249999996,derived_ohlc4
HOSE_VIX,VIX,2022-03-16 09:00:00,899,4,11.1,11.15,10.93,10.98,1521000.0,16791840.0,derived_ohlc4
HOSE_VIX,VIX,2022-03-17 09:00:00,900,4,11.1,11.1,10.9,10.93,1847600.0,20337457.0,derived_ohlc4
HOSE_VIX,VIX,2022-03-18 09:00:00,901,4,11.05,11.52,10.9,11.35,6473500.0,72535567.5,derived_ohlc4
HOSE_VIX,VIX,2022-03-21 09:00:00,902,4,11.48,11.6,11.42,11.45,6300400.0,72375845.0,derived_ohlc4
HOSE_VIX,VIX,2022-03-22 09:00:00,903,4,11.5,11.65,11.4,11.55,8792400.0,101332409.99999999,derived_ohlc4
HOSE_VIX,VIX,2022-03-23 09:00:00,904,4,11.62,12.05,11.48,11.95,12810000.0,150837750.00000003,derived_ohlc4
HOSE_VIX,VIX,2022-03-24 09:00:00,905,4,12.02,12.22,11.92,11.92,5437000.0,65352740.00000001,derived_ohlc4
HOSE_VIX,VIX,2022-03-25 09:00:00,906,4,11.9,11.92,11.7,11.7,5643300.0,66619156.5,derived_ohlc4
HOSE_VIX,VIX,2022-03-28 09:00:00,907,4,11.48,11.57,11.03,11.05,9281200.0,104715138.99999999,derived_ohlc4
HOSE_VIX,VIX,2022-03-29 09:00:00,908,4,11.3,11.7,11.23,11.57,4009400.0,45907630.00000001,derived_ohlc4
HOSE_VIX,VIX,2022-03-30 09:00:00,909,4,11.4,11.62,11.05,11.2,3858500.0,43668573.74999999,derived_ohlc4
HOSE_VIX,VIX,2022-03-31 09:00:00,910,4,11.3,11.6,11.2,11.23,2993300.0,33921572.25,derived_ohlc4
HOSE_VIX,VIX,2022-04-01 09:00:00,911,4,11.35,11.45,11.18,11.45,2937200.0,33359248.999999996,derived_ohlc4
HOSE_VIX,VIX,2022-04-04 09:00:00,912,4,11.65,12.25,11.55,12.15,12005800.0,142869020.0,derived_ohlc4
HOSE_VIX,VIX,2022-04-05 09:00:00,913,4,12.0,12.42,11.85,11.9,6667400.0,80292164.5,derived_ohlc4
HOSE_VIX,VIX,2022-04-06 09:00:00,914,4,11.42,11.7,11.08,11.25,14836200.0,168576322.49999997,derived_ohlc4
HOSE_VIX,VIX,2022-04-07 09:00:00,915,4,11.25,11.42,10.75,10.9,8841500.0,97963820.0,derived_ohlc4
HOSE_VIX,VIX,2022-04-08 09:00:00,916,4,10.85,10.9,10.16,10.16,12119200.0,127463686.0,derived_ohlc4
HOSE_VIX,VIX,2022-04-12 09:00:00,917,4,10.16,10.43,9.63,10.28,5637900.0,57083737.5,derived_ohlc4
HOSE_VIX,VIX,2022-04-13 09:00:00,918,4,10.16,10.8,9.76,10.7,4040900.0,41843519.5,derived_ohlc4
HOSE_VIX,VIX,2022-04-14 09:00:00,919,4,10.75,10.75,10.06,10.06,3609700.0,37558928.50000001,derived_ohlc4
HOSE_VIX,VIX,2022-04-15 09:00:00,920,4,9.83,9.96,9.36,9.36,5245200.0,50498163.0,derived_ohlc4
HOSE_VIX,VIX,2022-04-18 09:00:00,921,4,9.06,9.26,8.71,8.71,5405600.0,48299036.0,derived_ohlc4
HOSE_VIX,VIX,2022-04-19 09:00:00,922,4,8.69,8.91,8.11,8.21,3888900.0,32977872.0,derived_ohlc4
HOSE_VIX,VIX,2022-04-20 09:00:00,923,4,8.21,8.41,7.87,7.92,3262200.0,26431975.500000004,derived_ohlc4
HOSE_VIX,VIX,2022-04-21 09:00:00,924,4,7.37,8.14,7.37,7.72,7428700.0,56829555.0,derived_ohlc4
HOSE_VIX,VIX,2022-04-22 09:00:00,925,4,7.87,8.09,7.47,7.62,3169700.0,24604796.25,derived_ohlc4
HOSE_VIX,VIX,2022-04-25 09:00:00,926,4,7.72,7.84,7.09,7.09,3258000.0,24223230.0,derived_ohlc4
HOSE_VIX,VIX,2022-04-26 09:00:00,927,4,6.87,7.52,6.72,7.52,4433000.0,31729197.5,derived_ohlc4
HOSE_VIX,VIX,2022-04-27 09:00:00,928,4,7.57,7.72,7.39,7.57,2066000.0,15624125.0,derived_ohlc4
HOSE_VIX,VIX,2022-04-28 09:00:00,929,4,7.52,7.72,7.47,7.49,2946600.0,22246829.999999996,derived_ohlc4
HOSE_VIX,VIX,2022-04-29 09:00:00,930,4,7.47,7.82,7.32,7.72,4248100.0,32211218.25,derived_ohlc4
HOSE_VIX,VIX,2022-05-04 09:00:00,931,4,7.57,7.72,7.47,7.49,2507100.0,18959943.75,derived_ohlc4
HOSE_VIX,VIX,2022-05-05 09:00:00,932,4,7.62,7.72,7.42,7.47,2872100.0,21705895.749999996,derived_ohlc4
HOSE_VIX,VIX,2022-05-06 09:00:00,933,4,7.04,7.32,6.94,6.94,4426600.0,31251796.000000004,derived_ohlc4
HOSE_VIX,VIX,2022-05-09 09:00:00,934,4,6.72,6.72,6.47,6.47,4234300.0,27925208.5,derived_ohlc4
HOSE_VIX,VIX,2022-05-10 09:00:00,935,4,6.02,6.47,6.02,6.22,6333400.0,39156245.49999999,derived_ohlc4
HOSE_VIX,VIX,2022-05-11 09:00:00,936,4,6.32,6.37,5.97,6.22,2434000.0,15139480.0,derived_ohlc4
HOSE_VIX,VIX,2022-05-12 09:00:00,937,4,6.17,6.3,5.8,5.8,3386300.0,20377060.25,derived_ohlc4
HOSE_VIX,VIX,2022-05-13 09:00:00,938,4,5.72,5.87,5.4,5.4,5848300.0,32735859.25,derived_ohlc4
HOSE_VIX,VIX,2022-05-16 09:00:00,939,4,5.62,5.78,5.48,5.48,4978000.0,27827020.000000004,derived_ohlc4
HOSE_VIX,VIX,2022-05-17 09:00:00,940,4,5.38,5.85,5.38,5.85,3380500.0,18981507.5,derived_ohlc4
HOSE_VIX,VIX,2022-05-18 09:00:00,941,4,6.12,6.25,6.02,6.25,5256700.0,32381272.0,derived_ohlc4
HOSE_VIX,VIX,2022-05-19 09:00:00,942,4,5.97,6.45,5.97,6.3,9725200.0,60028797.0,derived_ohlc4
HOSE_VIX,VIX,2022-05-20 09:00:00,943,4,6.42,6.57,6.22,6.32,7018500.0,44795576.25,derived_ohlc4
HOSE_VIX,VIX,2022-05-23 09:00:00,944,4,6.35,6.4,5.9,5.95,8774600.0,53963789.99999999,derived_ohlc4
HOSE_VIX,VIX,2022-05-24 09:00:00,945,4,5.92,6.0,5.58,5.97,8148300.0,47810150.25,derived_ohlc4
HOSE_VIX,VIX,2022-05-25 09:00:00,946,4,6.02,6.37,6.02,6.37,9662200.0,59857329.0,derived_ohlc4
HOSE_VIX,VIX,2022-05-26 09:00:00,947,4,6.47,6.72,6.37,6.47,10277600.0,66881481.99999999,derived_ohlc4
HOSE_VIX,VIX,2022-05-27 09:00:00,948,4,6.47,6.57,6.37,6.5,6687700.0,43319576.75,derived_ohlc4
HOSE_VIX,VIX,2022-05-30 09:00:00,949,4,6.47,6.67,6.42,6.52,7516100.0,49004972.0,derived_ohlc4
HOSE_VIX,VIX,2022-05-31 09:00:00,950,4,6.47,6.57,6.35,6.52,7675900.0,49720642.25,derived_ohlc4
HOSE_VIX,VIX,2022-06-01 09:00:00,951,4,6.52,6.6,6.3,6.45,6240800.0,40362373.99999999,derived_ohlc4
HOSE_VIX,VIX,2022-06-02 09:00:00,952,4,6.45,6.57,6.27,6.32,8794000.0,56303585.0,derived_ohlc4
HOSE_VIX,VIX,2022-06-03 09:00:00,953,4,6.27,6.42,6.07,6.25,6727000.0,42060567.5,derived_ohlc4
HOSE_VIX,VIX,2022-06-06 09:00:00,954,4,6.25,6.35,6.02,6.02,7560400.0,46572063.99999999,derived_ohlc4
HOSE_VIX,VIX,2022-06-07 09:00:00,955,4,5.97,6.02,5.68,5.87,7556600.0,44470591.0,derived_ohlc4
HOSE_VIX,VIX,2022-06-08 09:00:00,956,4,5.97,6.27,5.95,6.2,6285300.0,38324616.74999999,derived_ohlc4
HOSE_VIX,VIX,2022-06-09 09:00:00,957,4,6.27,6.32,6.2,6.22,5010900.0,31330652.249999996,derived_ohlc4
HOSE_VIX,VIX,2022-06-10 09:00:00,958,4,6.12,6.37,6.05,6.15,8666500.0,53493971.24999999,derived_ohlc4
HOSE_VIX,VIX,2022-06-13 09:00:00,959,4,5.82,6.02,5.72,5.72,8690300.0,50577545.99999999,derived_ohlc4
HOSE_VIX,VIX,2022-06-14 09:00:00,960,4,5.58,5.75,5.4,5.48,5356400.0,29741411.0,derived_ohlc4
HOSE_VIX,VIX,2022-06-15 09:00:00,961,4,5.6,5.6,5.1,5.1,8433700.0,45120295.0,derived_ohlc4
HOSE_VIX,VIX,2022-06-16 09:00:00,962,4,5.23,5.28,4.75,4.75,7922100.0,39630305.25,derived_ohlc4
HOSE_VIX,VIX,2022-06-17 09:00:00,963,4,4.48,4.66,4.43,4.43,11650600.0,52427700.0,derived_ohlc4
HOSE_VIX,VIX,2022-06-20 09:00:00,964,4,4.38,4.56,4.12,4.12,6658600.0,28598687.0,derived_ohlc4
HOSE_VIX,VIX,2022-06-21 09:00:00,965,4,3.89,4.37,3.84,4.03,5787100.0,23336480.75,derived_ohlc4
HOSE_VIX,VIX,2022-06-22 09:00:00,966,4,4.23,4.31,4.18,4.31,6019100.0,25626318.249999996,derived_ohlc4
HOSE_VIX,VIX,2022-06-23 09:00:00,967,4,4.41,4.61,4.33,4.53,4869100.0,21764877.0,derived_ohlc4
HOSE_VIX,VIX,2022-06-24 09:00:00,968,4,4.53,4.62,4.5,4.54,3895700.0,17715695.75,derived_ohlc4
HOSE_VIX,VIX,2022-06-27 09:00:00,969,4,4.57,4.85,4.54,4.85,4481600.0,21074724.000000004,derived_ohlc4
HOSE_VIX,VIX,2022-06-28 09:00:00,970,4,4.85,4.96,4.76,4.78,5032400.0,24344234.999999996,derived_ohlc4
HOSE_VIX,VIX,2022-06-29 09:00:00,971,4,4.7,4.87,4.7,4.78,4782600.0,22777132.5,derived_ohlc4
HOSE_VIX,VIX,2022-06-30 09:00:00,972,4,4.82,4.9,4.46,4.46,5308200.0,24736212.0,derived_ohlc4
HOSE_VIX,VIX,2022-07-01 09:00:00,973,4,4.48,4.76,4.46,4.76,7744800.0,35742252.0,derived_ohlc4
HOSE_VIX,VIX,2022-07-04 09:00:00,974,4,4.93,5.08,4.88,5.03,7298300.0,36345534.0,derived_ohlc4
HOSE_VIX,VIX,2022-07-05 09:00:00,975,4,5.03,5.23,4.88,5.08,8001300.0,40446571.5,derived_ohlc4
HOSE_VIX,VIX,2022-07-06 09:00:00,976,4,4.95,5.15,4.9,4.96,6736100.0,33613139.0,derived_ohlc4
HOSE_VIX,VIX,2022-07-07 09:00:00,977,4,4.97,5.1,4.93,5.0,4759200.0,23796000.0,derived_ohlc4
HOSE_VIX,VIX,2022-07-08 09:00:00,978,4,5.13,5.28,5.03,5.23,6561700.0,33907584.75,derived_ohlc4
HOSE_VIX,VIX,2022-07-11 09:00:00,979,4,5.2,5.3,4.95,5.03,7088300.0,36292096.0,derived_ohlc4
HOSE_VIX,VIX,2022-07-12 09:00:00,980,4,5.08,5.2,5.0,5.2,5182100.0,26532352.0,derived_ohlc4
HOSE_VIX,VIX,2022-07-13 09:00:00,981,4,5.25,5.35,5.18,5.25,5916100.0,31103895.75,derived_ohlc4
HOSE_VIX,VIX,2022-07-14 09:00:00,982,4,5.2,5.58,5.18,5.53,9094100.0,48858052.25000001,derived_ohlc4
HOSE_VIX,VIX,2022-07-15 09:00:00,983,4,5.5,5.62,5.45,5.45,7255600.0,39942078.0,derived_ohlc4
HOSE_VIX,VIX,2022-07-18 09:00:00,984,4,5.53,5.72,5.5,5.62,7058600.0,39475220.5,derived_ohlc4
HOSE_VIX,VIX,2022-07-19 09:00:00,985,4,5.68,5.73,5.49,5.62,5876600.0,33085258.0,derived_ohlc4
HOSE_VIX,VIX,2022-07-20 09:00:00,986,4,5.73,5.94,5.68,5.89,7581100.0,44046191.00000001,derived_ohlc4
HOSE_VIX,VIX,2022-07-21 09:00:00,987,4,5.84,5.89,5.7,5.76,4772800.0,27670307.999999996,derived_ohlc4
HOSE_VIX,VIX,2022-07-22 09:00:00,988,4,5.78,5.81,5.6,5.65,5315100.0,30349220.999999996,derived_ohlc4
HOSE_VIX,VIX,2022-07-25 09:00:00,989,4,5.6,5.73,5.47,5.6,6262100.0,35067760.0,derived_ohlc4
HOSE_VIX,VIX,2022-07-26 09:00:00,990,4,5.6,5.62,5.52,5.55,2811600.0,15667641.0,derived_ohlc4
HOSE_VIX,VIX,2022-07-27 09:00:00,991,4,5.44,5.65,5.44,5.62,4017000.0,22244137.500000004,derived_ohlc4
HOSE_VIX,VIX,2022-07-28 09:00:00,992,4,5.76,5.92,5.68,5.84,7983100.0,46301980.0,derived_ohlc4
HOSE_VIX,VIX,2022-07-29 09:00:00,993,4,5.84,5.94,5.78,5.84,6276700.0,36718695.0,derived_ohlc4
HOSE_VIX,VIX,2022-08-01 09:00:00,994,4,5.89,6.23,5.84,6.2,11577400.0,69927496.0,derived_ohlc4
HOSE_VIX,VIX,2022-08-02 09:00:00,995,4,6.23,6.36,6.12,6.18,8454100.0,52605637.25,derived_ohlc4
HOSE_VIX,VIX,2022-08-03 09:00:00,996,4,6.1,6.31,6.07,6.28,7512500.0,46502375.0,derived_ohlc4
HOSE_VIX,VIX,2022-08-04 09:00:00,997,4,6.49,6.49,6.23,6.31,8897600.0,56766688.0,derived_ohlc4
HOSE_VIX,VIX,2022-08-05 09:00:00,998,4,6.26,6.73,6.26,6.73,12129200.0,78779154.0,derived_ohlc4
HOSE_VIX,VIX,2022-08-08 09:00:00,999,4,6.84,7.1,6.78,6.94,13347000.0,92294505.0,derived_ohlc4
HOSE_VIX,VIX,2022-08-09 09:00:00,1000,4,6.86,7.02,6.78,6.99,8497200.0,58736895.0,derived_ohlc4
HOSE_VIX,VIX,2022-08-10 09:00:00,1001,4,6.89,7.15,6.84,6.99,8531900.0,59446013.24999999,derived_ohlc4
HOSE_VIX,VIX,2022-08-11 09:00:00,1002,4,7.15,7.23,6.65,6.73,13368000.0,92773920.0,derived_ohlc4
HOSE_VIX,VIX,2022-08-12 09:00:00,1003,4,6.73,7.18,6.73,7.18,16525400.0,114934157.0,derived_ohlc4
HOSE_VIX,VIX,2022-08-15 09:00:00,1004,4,7.41,7.52,7.28,7.31,11103400.0,81943092.0,derived_ohlc4
HOSE_VIX,VIX,2022-08-16 09:00:00,1005,4,7.31,7.44,7.23,7.36,6334300.0,46462090.5,derived_ohlc4
HOSE_VIX,VIX,2022-08-17 09:00:00,1006,4,7.36,7.52,7.28,7.36,9177100.0,67726998.0,derived_ohlc4
HOSE_VIX,VIX,2022-08-18 09:00:00,1007,4,7.31,7.65,7.26,7.57,11684100.0,87017334.75,derived_ohlc4
HOSE_VIX,VIX,2022-08-19 09:00:00,1008,4,7.57,7.86,7.57,7.7,11380600.0,87346105.0,derived_ohlc4
HOSE_VIX,VIX,2022-08-22 09:00:00,1009,4,7.7,7.96,7.62,7.81,11429800.0,88838120.5,derived_ohlc4
HOSE_VIX,VIX,2022-08-23 09:00:00,1010,4,7.73,7.89,7.52,7.89,10857800.0,84229383.5,derived_ohlc4
HOSE_VIX,VIX,2022-08-24 09:00:00,1011,4,7.91,7.99,7.81,7.86,9339500.0,73712003.75,derived_ohlc4
HOSE_VIX,VIX,2022-08-25 09:00:00,1012,4,7.86,8.04,7.83,7.89,9602300.0,75906181.5,derived_ohlc4
HOSE_VIX,VIX,2022-08-26 09:00:00,1013,4,8.08,8.16,7.86,7.86,8237800.0,65820022.0,derived_ohlc4
HOSE_VIX,VIX,2022-08-29 09:00:00,1014,4,7.61,7.69,7.33,7.69,14182900.0,107506382.00000001,derived_ohlc4
HOSE_VIX,VIX,2022-08-30 09:00:00,1015,4,7.83,7.86,7.47,7.47,6384000.0,48885480.0,derived_ohlc4
HOSE_VIX,VIX,2022-08-31 09:00:00,1016,4,7.36,7.61,7.3,7.58,7019800.0,52385257.5,derived_ohlc4
HOSE_VIX,VIX,2022-09-05 09:00:00,1017,4,7.58,7.69,7.47,7.47,4375100.0,33042942.749999996,derived_ohlc4
HOSE_VIX,VIX,2022-09-06 09:00:00,1018,4,7.58,7.61,7.27,7.27,8523300.0,63349427.25,derived_ohlc4
HOSE_VIX,VIX,2022-09-07 09:00:00,1019,4,7.27,7.36,6.77,6.8,11008900.0,77612745.0,derived_ohlc4
HOSE_VIX,VIX,2022-09-08 09:00:00,1020,4,6.91,6.94,6.66,6.69,8525900.0,57976120.00000001,derived_ohlc4
HOSE_VIX,VIX,2022-09-09 09:00:00,1021,4,6.8,6.86,6.38,6.86,5845400.0,39310315.0,derived_ohlc4
HOSE_VIX,VIX,2022-09-12 09:00:00,1022,4,6.97,6.99,6.72,6.74,2888400.0,19799982.0,derived_ohlc4
HOSE_VIX,VIX,2022-09-13 09:00:00,1023,4,6.8,6.8,6.6,6.69,4059100.0,27287299.75,derived_ohlc4
HOSE_VIX,VIX,2022-09-14 09:00:00,1024,4,6.46,6.91,6.46,6.88,6235500.0,41637551.25,derived_ohlc4
HOSE_VIX,VIX,2022-09-15 09:00:00,1025,4,6.97,6.97,6.74,6.74,3881300.0,26606311.5,derived_ohlc4
HOSE_VIX,VIX,2022-09-16 09:00:00,1026,4,6.69,6.77,6.46,6.66,5887900.0,39125095.5,derived_ohlc4
HOSE_VIX,VIX,2022-09-19 09:00:00,1027,4,6.6,6.66,6.21,6.21,6768000.0,43450560.0,derived_ohlc4
HOSE_VIX,VIX,2022-09-20 09:00:00,1028,4,6.3,6.41,5.85,6.41,9654700.0,60269464.75000001,derived_ohlc4
HOSE_VIX,VIX,2022-09-21 09:00:00,1029,4,6.38,6.41,6.16,6.21,4384200.0,27576618.0,derived_ohlc4
HOSE_VIX,VIX,2022-09-22 09:00:00,1030,4,6.08,6.44,6.08,6.35,8012800.0,49979840.00000001,derived_ohlc4
HOSE_VIX,VIX,2022-09-23 09:00:00,1031,4,6.38,6.41,6.13,6.16,7110600.0,44583462.0,derived_ohlc4
HOSE_VIX,VIX,2022-09-26 09:00:00,1032,4,5.99,6.05,5.74,5.8,14771100.0,87075634.5,derived_ohlc4
HOSE_VIX,VIX,2022-09-27 09:00:00,1033,4,5.88,5.91,5.6,5.63,8135200.0,46818076.0,derived_ohlc4
HOSE_VIX,VIX,2022-09-28 09:00:00,1034,4,5.57,5.74,5.54,5.57,8034700.0,45034493.5,derived_ohlc4
HOSE_VIX,VIX,2022-09-29 09:00:00,1035,4,5.74,5.77,5.18,5.18,8209700.0,44886534.74999999,derived_ohlc4
HOSE_VIX,VIX,2022-09-30 09:00:00,1036,4,5.16,5.46,4.9,5.46,9100500.0,47732122.5,derived_ohlc4
HOSE_VIX,VIX,2022-10-03 09:00:00,1037,4,5.43,5.45,5.08,5.08,5927700.0,31179702.0,derived_ohlc4
HOSE_VIX,VIX,2022-10-04 09:00:00,1038,4,5.21,5.21,4.81,4.81,9083600.0,45508836.0,derived_ohlc4
HOSE_VIX,VIX,2022-10-05 09:00:00,1039,4,4.93,5.14,4.93,5.13,7693700.0,38718545.25,derived_ohlc4
HOSE_VIX,VIX,2022-10-06 09:00:00,1040,4,5.13,5.14,4.78,4.78,11418200.0,56605726.50000001,derived_ohlc4
HOSE_VIX,VIX,2022-10-07 09:00:00,1041,4,4.52,4.73,4.45,4.45,17161100.0,77868491.25,derived_ohlc4
HOSE_VIX,VIX,2022-10-10 09:00:00,1042,4,4.24,4.6,4.17,4.53,8505400.0,37296179.0,derived_ohlc4
HOSE_VIX,VIX,2022-10-11 09:00:00,1043,4,4.51,4.51,4.21,4.21,6802400.0,29658464.000000004,derived_ohlc4
HOSE_VIX,VIX,2022-10-12 09:00:00,1044,4,3.96,4.45,3.96,4.24,10069300.0,41812768.25,derived_ohlc4
HOSE_VIX,VIX,2022-10-13 09:00:00,1045,4,4.29,4.32,4.1,4.12,7754600.0,32627479.499999996,derived_ohlc4
HOSE_VIX,VIX,2022-10-14 09:00:00,1046,4,4.4,4.41,4.31,4.41,9864100.0,43229418.25,derived_ohlc4
HOSE_VIX,VIX,2022-10-17 09:00:00,1047,4,4.41,4.63,4.38,4.63,12922100.0,58310976.24999999,derived_ohlc4
HOSE_VIX,VIX,2022-10-18 09:00:00,1048,4,4.79,4.79,4.61,4.61,11001400.0,51706580.0,derived_ohlc4
HOSE_VIX,VIX,2022-10-19 09:00:00,1049,4,4.65,4.68,4.48,4.51,7808800.0,35764304.0,derived_ohlc4
HOSE_VIX,VIX,2022-10-20 09:00:00,1050,4,4.46,4.5,4.29,4.34,7646200.0,33624164.5,derived_ohlc4
HOSE_VIX,VIX,2022-10-21 09:00:00,1051,4,4.35,4.37,4.04,4.04,11962600.0,50242919.99999999,derived_ohlc4
HOSE_VIX,VIX,2022-10-24 09:00:00,1052,4,4.03,4.04,3.76,3.76,10960200.0,42717379.5,derived_ohlc4
HOSE_VIX,VIX,2022-10-25 09:00:00,1053,4,3.55,4.01,3.49,3.68,10953000.0,40334422.5,derived_ohlc4
HOSE_VIX,VIX,2022-10-26 09:00:00,1054,4,3.76,3.84,3.51,3.51,4443100.0,16239530.5,derived_ohlc4
HOSE_VIX,VIX,2022-10-27 09:00:00,1055,4,3.6,3.76,3.57,3.76,9401800.0,34528110.5,derived_ohlc4
HOSE_VIX,VIX,2022-10-28 09:00:00,1056,4,3.93,4.02,3.9,4.02,16794300.0,66631385.25,derived_ohlc4
HOSE_VIX,VIX,2022-10-31 09:00:00,1057,4,4.02,4.24,3.85,4.18,10665400.0,43434841.5,derived_ohlc4
HOSE_VIX,VIX,2022-11-01 09:00:00,1058,4,4.26,4.38,4.2,4.28,12930300.0,55341684.0,derived_ohlc4
HOSE_VIX,VIX,2022-11-02 09:00:00,1059,4,4.28,4.32,4.17,4.2,8592900.0,36455378.25000001,derived_ohlc4
HOSE_VIX,VIX,2022-11-03 09:00:00,1060,4,4.07,4.26,4.07,4.2,8329900.0,34569085.0,derived_ohlc4
HOSE_VIX,VIX,2022-11-04 09:00:00,1061,4,4.18,4.18,3.91,3.91,13098100.0,52981814.5,derived_ohlc4
HOSE_VIX,VIX,2022-11-07 09:00:00,1062,4,3.92,3.98,3.64,3.64,10233000.0,38834235.00000001,derived_ohlc4
HOSE_VIX,VIX,2022-11-08 09:00:00,1063,4,3.51,3.88,3.48,3.88,7369700.0,27175768.75,derived_ohlc4
HOSE_VIX,VIX,2022-11-09 09:00:00,1064,4,3.96,4.05,3.83,3.9,6035000.0,23747725.0,derived_ohlc4
HOSE_VIX,VIX,2022-11-10 09:00:00,1065,4,3.79,3.86,3.63,3.63,5490700.0,20466584.25,derived_ohlc4
HOSE_VIX,VIX,2022-11-11 09:00:00,1066,4,3.68,3.78,3.4,3.4,10411700.0,37117710.5,derived_ohlc4
HOSE_VIX,VIX,2022-11-14 09:00:00,1067,4,3.29,3.3,3.17,3.17,13073600.0,42260412.0,derived_ohlc4
HOSE_VIX,VIX,2022-11-15 09:00:00,1068,4,2.96,3.06,2.95,2.95,7867300.0,23444553.999999996,derived_ohlc4
HOSE_VIX,VIX,2022-11-16 09:00:00,1069,4,2.74,3.15,2.74,3.15,15305400.0,45074403.00000001,derived_ohlc4
HOSE_VIX,VIX,2022-11-17 09:00:00,1070,4,3.27,3.37,3.27,3.37,6042300.0,20060436.0,derived_ohlc4
HOSE_VIX,VIX,2022-11-18 09:00:00,1071,4,3.4,3.61,3.18,3.61,19700600.0,67967070.0,derived_ohlc4
HOSE_VIX,VIX,2022-11-21 09:00:00,1072,4,3.71,3.83,3.58,3.79,13185800.0,49150069.5,derived_ohlc4
HOSE_VIX,VIX,2022-11-22 09:00:00,1073,4,3.73,4.05,3.67,3.82,18308600.0,69893080.5,derived_ohlc4
HOSE_VIX,VIX,2022-11-23 09:00:00,1074,4,3.76,3.88,3.59,3.59,9753200.0,36135606.0,derived_ohlc4
HOSE_VIX,VIX,2022-11-24 09:00:00,1075,4,3.56,3.84,3.48,3.84,10819900.0,39817232.0,derived_ohlc4
HOSE_VIX,VIX,2022-11-25 09:00:00,1076,4,4.05,4.11,3.93,4.11,13102900.0,53066745.0,derived_ohlc4
HOSE_VIX,VIX,2022-11-28 09:00:00,1077,4,4.18,4.32,3.91,4.24,34946500.0,145464806.25,derived_ohlc4
HOSE_VIX,VIX,2022-11-29 09:00:00,1078,4,4.24,4.51,4.06,4.31,18053400.0,77268551.99999999,derived_ohlc4
HOSE_VIX,VIX,2022-11-30 09:00:00,1079,4,4.32,4.47,4.18,4.38,15304300.0,66382401.24999999,derived_ohlc4
HOSE_VIX,VIX,2022-12-01 09:00:00,1080,4,4.49,4.69,4.36,4.46,24992800.0,112467600.0,derived_ohlc4
HOSE_VIX,VIX,2022-12-02 09:00:00,1081,4,4.38,4.76,4.28,4.76,19022500.0,86457262.5,derived_ohlc4
HOSE_VIX,VIX,2022-12-05 09:00:00,1082,4,4.96,4.98,4.74,4.8,21778500.0,106061295.0,derived_ohlc4
HOSE_VIX,VIX,2022-12-06 09:00:00,1083,4,4.72,4.8,4.47,4.47,24702700.0,114002960.49999999,derived_ohlc4
HOSE_VIX,VIX,2022-12-07 09:00:00,1084,4,4.44,4.45,4.16,4.16,20636300.0,88787680.75,derived_ohlc4
HOSE_VIX,VIX,2022-12-08 09:00:00,1085,4,4.27,4.45,4.26,4.45,18948700.0,82568960.25,derived_ohlc4
HOSE_VIX,VIX,2022-12-09 09:00:00,1086,4,4.67,4.72,4.51,4.72,23665600.0,110163368.0,derived_ohlc4
HOSE_VIX,VIX,2022-12-12 09:00:00,1087,4,4.79,4.95,4.4,4.4,21521500.0,99752152.5,derived_ohlc4
HOSE_VIX,VIX,2022-12-13 09:00:00,1088,4,4.41,4.7,4.29,4.7,15955700.0,72199542.49999999,derived_ohlc4
HOSE_VIX,VIX,2022-12-14 09:00:00,1089,4,4.82,4.84,4.63,4.69,14168900.0,67231430.5,derived_ohlc4
HOSE_VIX,VIX,2022-12-15 09:00:00,1090,4,4.6,4.73,4.47,4.61,12745900.0,58663004.75,derived_ohlc4
HOSE_VIX,VIX,2022-12-16 09:00:00,1091,4,4.53,4.67,4.49,4.63,14015800.0,64192364.0,derived_ohlc4
HOSE_VIX,VIX,2022-12-19 09:00:00,1092,4,4.68,4.93,4.62,4.63,25340100.0,119478571.5,derived_ohlc4
HOSE_VIX,VIX,2022-12-20 09:00:00,1093,4,4.63,4.68,4.3,4.3,25567600.0,114478929.0,derived_ohlc4
HOSE_VIX,VIX,2022-12-21 09:00:00,1094,4,4.4,4.42,4.0,4.0,20827400.0,87579217.0,derived_ohlc4
HOSE_VIX,VIX,2022-12-22 09:00:00,1095,4,4.07,4.1,3.8,4.01,13229000.0,52849854.99999999,derived_ohlc4
HOSE_VIX,VIX,2022-12-23 09:00:00,1096,4,3.98,4.06,3.84,3.87,8404500.0,33092718.75,derived_ohlc4
HOSE_VIX,VIX,2022-12-26 09:00:00,1097,4,3.86,3.87,3.6,3.6,14373000.0,53647222.5,derived_ohlc4
HOSE_VIX,VIX,2022-12-27 09:00:00,1098,4,3.56,3.85,3.52,3.85,10954700.0,40477616.5,derived_ohlc4
HOSE_VIX,VIX,2022-12-28 09:00:00,1099,4,3.84,3.88,3.76,3.79,6315900.0,24110948.25,derived_ohlc4
HOSE_VIX,VIX,2022-12-29 09:00:00,1100,4,3.75,3.83,3.71,3.72,5500400.0,20640251.0,derived_ohlc4
HOSE_VIX,VIX,2022-12-30 09:00:00,1101,4,3.76,3.77,3.62,3.62,6527000.0,24100947.5,derived_ohlc4
HOSE_VIX,VIX,2023-01-03 09:00:00,1102,4,3.63,3.87,3.63,3.87,9767400.0,36627750.0,derived_ohlc4
HOSE_VIX,VIX,2023-01-04 09:00:00,1103,4,3.96,4.06,3.88,3.88,11718600.0,46229876.99999999,derived_ohlc4
HOSE_VIX,VIX,2023-01-05 09:00:00,1104,4,3.94,4.01,3.85,3.97,9044500.0,35657941.25,derived_ohlc4
HOSE_VIX,VIX,2023-01-06 09:00:00,1105,4,3.99,4.09,3.91,3.92,10139400.0,40329463.5,derived_ohlc4
HOSE_VIX,VIX,2023-01-09 09:00:00,1106,4,3.97,3.98,3.93,3.93,7561100.0,29885247.75,derived_ohlc4
HOSE_VIX,VIX,2023-01-10 09:00:00,1107,4,3.94,3.96,3.8,3.9,6650200.0,25935780.0,derived_ohlc4
HOSE_VIX,VIX,2023-01-11 09:00:00,1108,4,3.95,4.07,3.92,3.92,8038500.0,31872652.5,derived_ohlc4
HOSE_VIX,VIX,2023-01-12 09:00:00,1109,4,3.94,4.01,3.93,3.98,6748300.0,26757009.5,derived_ohlc4
HOSE_VIX,VIX,2023-01-13 09:00:00,1110,4,4.0,4.15,4.0,4.06,14464500.0,58617386.25,derived_ohlc4
HOSE_VIX,VIX,2023-01-16 09:00:00,1111,4,4.06,4.08,3.95,4.04,6767700.0,27290750.25,derived_ohlc4
HOSE_VIX,VIX,2023-01-17 09:00:00,1112,4,4.07,4.24,4.04,4.24,10437500.0,43289531.25000001,derived_ohlc4
HOSE_VIX,VIX,2023-01-18 09:00:00,1113,4,4.26,4.29,4.16,4.24,10396000.0,44053050.00000001,derived_ohlc4
HOSE_VIX,VIX,2023-01-19 09:00:00,1114,4,4.15,4.34,4.14,4.32,14144400.0,59936895.0,derived_ohlc4
HOSE_VIX,VIX,2023-01-27 09:00:00,1115,4,4.36,4.54,4.33,4.46,13359500.0,59082388.75000001,derived_ohlc4
HOSE_VIX,VIX,2023-01-30 09:00:00,1116,4,4.46,4.49,4.33,4.33,14735800.0,64874359.5,derived_ohlc4
HOSE_VIX,VIX,2023-01-31 09:00:00,1117,4,4.33,4.4,4.16,4.4,16705900.0,72211252.75,derived_ohlc4
HOSE_VIX,VIX,2023-02-01 09:00:00,1118,4,4.45,4.48,4.1,4.1,20265900.0,86788716.75,derived_ohlc4
HOSE_VIX,VIX,2023-02-02 09:00:00,1119,4,4.12,4.15,4.02,4.04,11010000.0,44948324.99999999,derived_ohlc4
HOSE_VIX,VIX,2023-02-03 09:00:00,1120,4,4.07,4.13,4.02,4.08,7248900.0,29539267.499999996,derived_ohlc4
HOSE_VIX,VIX,2023-02-06 09:00:00,1121,4,4.04,4.24,4.01,4.24,6366700.0,26310387.75,derived_ohlc4
HOSE_VIX,VIX,2023-02-07 09:00:00,1122,4,4.23,4.3,4.07,4.08,10678300.0,44528511.0,derived_ohlc4
HOSE_VIX,VIX,2023-02-08 09:00:00,1123,4,4.12,4.21,4.05,4.15,6536000.0,27010020.0,derived_ohlc4
HOSE_VIX,VIX,2023-02-09 09:00:00,1124,4,4.15,4.21,4.11,4.14,4456400.0,18505201.0,derived_ohlc4
HOSE_VIX,VIX,2023-02-10 09:00:00,1125,4,4.12,4.15,3.99,3.99,7731700.0,31410031.25,derived_ohlc4
HOSE_VIX,VIX,2023-02-13 09:00:00,1126,4,3.95,3.95,3.71,3.71,14992300.0,57420509.0,derived_ohlc4
HOSE_VIX,VIX,2023-02-14 09:00:00,1127,4,3.73,3.78,3.71,3.77,4065000.0,15233587.499999998,derived_ohlc4
HOSE_VIX,VIX,2023-02-15 09:00:00,1128,4,3.73,3.88,3.73,3.82,5332800.0,20211312.0,derived_ohlc4
HOSE_VIX,VIX,2023-02-16 09:00:00,1129,4,3.87,4.01,3.87,4.0,6314000.0,24861375.0,derived_ohlc4
HOSE_VIX,VIX,2023-02-17 09:00:00,1130,4,3.96,4.1,3.96,4.01,7373600.0,29549702.000000004,derived_ohlc4
HOSE_VIX,VIX,2023-02-20 09:00:00,1131,4,4.02,4.26,4.02,4.26,8203100.0,33960834.0,derived_ohlc4
HOSE_VIX,VIX,2023-02-21 09:00:00,1132,4,4.32,4.32,4.15,4.15,8565500.0,36274892.5,derived_ohlc4
HOSE_VIX,VIX,2023-02-22 09:00:00,1133,4,3.93,4.06,3.91,3.92,12580900.0,49757459.5,derived_ohlc4
HOSE_VIX,VIX,2023-02-23 09:00:00,1134,4,3.9,3.91,3.72,3.9,12515600.0,48278927.00000001,derived_ohlc4
HOSE_VIX,VIX,2023-02-24 09:00:00,1135,4,3.95,3.95,3.78,3.78,12660100.0,48931286.5,derived_ohlc4
HOSE_VIX,VIX,2023-02-27 09:00:00,1136,4,3.72,3.76,3.67,3.68,12983000.0,48134472.5,derived_ohlc4
HOSE_VIX,VIX,2023-02-28 09:00:00,1137,4,3.73,3.78,3.66,3.66,7761900.0,28777244.25,derived_ohlc4
HOSE_VIX,VIX,2023-03-01 09:00:00,1138,4,3.68,3.86,3.64,3.86,5212900.0,19600504.0,derived_ohlc4
HOSE_VIX,VIX,2023-03-02 09:00:00,1139,4,3.89,3.89,3.78,3.79,3310700.0,12704811.250000002,derived_ohlc4
HOSE_VIX,VIX,2023-03-03 09:00:00,1140,4,3.8,3.84,3.71,3.71,3256800.0,12261851.999999998,derived_ohlc4
HOSE_VIX,VIX,2023-03-06 09:00:00,1141,4,3.76,3.84,3.76,3.76,2949000.0,11147220.0,derived_ohlc4
HOSE_VIX,VIX,2023-03-07 09:00:00,1142,4,3.77,3.81,3.72,3.78,3621400.0,13652678.0,derived_ohlc4
HOSE_VIX,VIX,2023-03-08 09:00:00,1143,4,3.73,3.82,3.72,3.82,3790800.0,14300793.0,derived_ohlc4
HOSE_VIX,VIX,2023-03-09 09:00:00,1144,4,3.83,3.93,3.83,3.87,7017600.0,27123024.0,derived_ohlc4
HOSE_VIX,VIX,2023-03-10 09:00:00,1145,4,3.84,3.85,3.8,3.8,2471200.0,9446162.0,derived_ohlc4
HOSE_VIX,VIX,2023-03-13 09:00:00,1146,4,3.75,3.79,3.72,3.77,5951400.0,22362385.5,derived_ohlc4
HOSE_VIX,VIX,2023-03-14 09:00:00,1147,4,3.78,3.81,3.73,3.75,4708400.0,17738897.0,derived_ohlc4
HOSE_VIX,VIX,2023-03-15 09:00:00,1148,4,3.89,4.01,3.84,4.01,15321100.0,60326831.25,derived_ohlc4
HOSE_VIX,VIX,2023-03-16 09:00:00,1149,4,3.96,4.0,3.9,3.9,6493700.0,25585178.0,derived_ohlc4
HOSE_VIX,VIX,2023-03-17 09:00:00,1150,4,3.96,4.06,3.89,4.06,9303300.0,37143425.25,derived_ohlc4
HOSE_VIX,VIX,2023-03-20 09:00:00,1151,4,3.99,4.0,3.88,3.88,4899200.0,19290600.0,derived_ohlc4
HOSE_VIX,VIX,2023-03-21 09:00:00,1152,4,3.96,3.96,3.84,3.94,2264300.0,8887377.5,derived_ohlc4
HOSE_VIX,VIX,2023-03-22 09:00:00,1153,4,3.98,3.98,3.93,3.93,3042800.0,12034274.0,derived_ohlc4
HOSE_VIX,VIX,2023-03-23 09:00:00,1154,4,3.87,3.98,3.87,3.94,5809400.0,22743800.999999996,derived_ohlc4
HOSE_VIX,VIX,2023-03-24 09:00:00,1155,4,4.0,4.1,3.99,4.05,10337000.0,41709795.0,derived_ohlc4
HOSE_VIX,VIX,2023-03-27 09:00:00,1156,4,4.07,4.28,4.06,4.23,16187700.0,67340832.0,derived_ohlc4
HOSE_VIX,VIX,2023-03-28 09:00:00,1157,4,4.31,4.36,4.2,4.22,12693400.0,54232551.5,derived_ohlc4
HOSE_VIX,VIX,2023-03-29 09:00:00,1158,4,4.21,4.25,4.15,4.22,7454100.0,31363125.750000004,derived_ohlc4
HOSE_VIX,VIX,2023-03-30 09:00:00,1159,4,4.34,4.34,4.21,4.22,10164900.0,43480359.75,derived_ohlc4
HOSE_VIX,VIX,2023-03-31 09:00:00,1160,4,4.22,4.35,4.14,4.29,14383900.0,61131575.0,derived_ohlc4
HOSE_VIX,VIX,2023-04-03 09:00:00,1161,4,4.48,4.48,4.41,4.48,14590800.0,65111445.00000001,derived_ohlc4
HOSE_VIX,VIX,2023-04-04 09:00:00,1162,4,4.49,4.62,4.42,4.6,17153100.0,77746425.75,derived_ohlc4
HOSE_VIX,VIX,2023-04-05 09:00:00,1163,4,4.57,4.66,4.53,4.65,10562400.0,48613446.00000001,derived_ohlc4
HOSE_VIX,VIX,2023-04-06 09:00:00,1164,4,4.67,4.73,4.35,4.4,17193100.0,78013691.25,derived_ohlc4
HOSE_VIX,VIX,2023-04-07 09:00:00,1165,4,4.41,4.51,4.38,4.5,16158300.0,71904435.0,derived_ohlc4
HOSE_VIX,VIX,2023-04-10 09:00:00,1166,4,4.63,4.72,4.53,4.54,15161100.0,69816865.5,derived_ohlc4
HOSE_VIX,VIX,2023-04-11 09:00:00,1167,4,4.54,4.63,4.43,4.63,14495000.0,66060962.5,derived_ohlc4
HOSE_VIX,VIX,2023-04-12 09:00:00,1168,4,4.65,4.65,4.51,4.51,11058900.0,50649762.0,derived_ohlc4
HOSE_VIX,VIX,2023-04-13 09:00:00,1169,4,4.52,4.55,4.38,4.4,16242300.0,72481263.75,derived_ohlc4
HOSE_VIX,VIX,2023-04-14 09:00:00,1170,4,4.44,4.45,4.18,4.18,17121800.0,73837762.5,derived_ohlc4
HOSE_VIX,VIX,2023-04-17 09:00:00,1171,4,4.21,4.29,4.18,4.28,9276600.0,39332784.0,derived_ohlc4
HOSE_VIX,VIX,2023-04-18 09:00:00,1172,4,4.29,4.38,4.25,4.35,9070500.0,39161883.75,derived_ohlc4
HOSE_VIX,VIX,2023-04-19 09:00:00,1173,4,4.38,4.45,4.24,4.25,9190200.0,39793566.0,derived_ohlc4
HOSE_VIX,VIX,2023-04-20 09:00:00,1174,4,4.25,4.29,4.24,4.25,4880600.0,20779154.5,derived_ohlc4
HOSE_VIX,VIX,2023-04-21 09:00:00,1175,4,4.26,4.45,4.26,4.32,12826200.0,55441249.5,derived_ohlc4
HOSE_VIX,VIX,2023-04-24 09:00:00,1176,4,4.32,4.51,4.27,4.48,17200800.0,75597516.0,derived_ohlc4
HOSE_VIX,VIX,2023-04-25 09:00:00,1177,4,4.53,4.59,4.32,4.36,14209700.0,63233165.0,derived_ohlc4
HOSE_VIX,VIX,2023-04-26 09:00:00,1178,4,4.35,4.42,4.34,4.4,9108600.0,39872896.49999999,derived_ohlc4
HOSE_VIX,VIX,2023-04-27 09:00:00,1179,4,4.41,4.47,4.35,4.36,7882200.0,34661974.5,derived_ohlc4
HOSE_VIX,VIX,2023-04-28 09:00:00,1180,4,4.38,4.44,4.37,4.42,8062100.0,35493395.25,derived_ohlc4
HOSE_VIX,VIX,2023-05-04 09:00:00,1181,4,4.43,4.73,4.4,4.73,37487800.0,171412965.5,derived_ohlc4
HOSE_VIX,VIX,2023-05-05 09:00:00,1182,4,4.74,4.93,4.74,4.9,24166800.0,116665227.00000001,derived_ohlc4
HOSE_VIX,VIX,2023-05-08 09:00:00,1183,4,4.97,5.07,4.9,4.9,25488600.0,126423456.0,derived_ohlc4
HOSE_VIX,VIX,2023-05-09 09:00:00,1184,4,4.92,5.24,4.84,5.24,27545900.0,139382254.0,derived_ohlc4
HOSE_VIX,VIX,2023-05-10 09:00:00,1185,4,5.32,5.41,5.32,5.36,14101900.0,75480419.75,derived_ohlc4
HOSE_VIX,VIX,2023-05-11 09:00:00,1186,4,5.35,5.4,5.26,5.27,20209000.0,107511879.99999999,derived_ohlc4
HOSE_VIX,VIX,2023-05-12 09:00:00,1187,4,5.27,5.57,5.19,5.57,22162700.0,119678580.00000001,derived_ohlc4
HOSE_VIX,VIX,2023-05-15 09:00:00,1188,4,5.71,5.77,5.38,5.38,21778400.0,121087903.99999999,derived_ohlc4
HOSE_VIX,VIX,2023-05-16 09:00:00,1189,4,5.41,5.74,5.38,5.74,23502900.0,130852395.75000001,derived_ohlc4
HOSE_VIX,VIX,2023-05-17 09:00:00,1190,4,5.74,5.82,5.51,5.54,17494800.0,98889357.0,derived_ohlc4
HOSE_VIX,VIX,2023-05-18 09:00:00,1191,4,5.57,5.71,5.3,5.3,21999700.0,120338359.00000001,derived_ohlc4
HOSE_VIX,VIX,2023-05-19 09:00:00,1192,4,5.35,5.47,5.3,5.46,23337700.0,125906891.50000001,derived_ohlc4
HOSE_VIX,VIX,2023-05-22 09:00:00,1193,4,5.52,5.63,5.42,5.5,15828100.0,87331541.75,derived_ohlc4
HOSE_VIX,VIX,2023-05-23 09:00:00,1194,4,5.54,5.6,5.39,5.43,21682300.0,119035827.0,derived_ohlc4
HOSE_VIX,VIX,2023-05-24 09:00:00,1195,4,5.48,5.54,5.41,5.46,23933600.0,130976626.0,derived_ohlc4
HOSE_VIX,VIX,2023-05-25 09:00:00,1196,4,5.64,5.73,5.59,5.61,19224400.0,108473677.0,derived_ohlc4
HOSE_VIX,VIX,2023-05-26 09:00:00,1197,4,5.63,5.96,5.59,5.82,18990500.0,109195375.0,derived_ohlc4
HOSE_VIX,VIX,2023-05-29 09:00:00,1198,4,5.91,6.09,5.87,6.09,15559100.0,93199009.0,derived_ohlc4
HOSE_VIX,VIX,2023-05-30 09:00:00,1199,4,6.11,6.18,6.0,6.06,19299500.0,117485706.24999999,derived_ohlc4
HOSE_VIX,VIX,2023-05-31 09:00:00,1200,4,6.06,6.09,6.0,6.01,15668800.0,94639551.99999999,derived_ohlc4
HOSE_VIX,VIX,2023-06-01 09:00:00,1201,4,6.03,6.28,6.01,6.26,17985300.0,110519668.49999999,derived_ohlc4
HOSE_VIX,VIX,2023-06-02 09:00:00,1202,4,6.32,6.48,6.32,6.39,23512700.0,149952244.25,derived_ohlc4
HOSE_VIX,VIX,2023-06-05 09:00:00,1203,4,6.48,6.57,6.34,6.39,23119100.0,149002599.5,derived_ohlc4
HOSE_VIX,VIX,2023-06-06 09:00:00,1204,4,6.39,6.7,6.36,6.7,20654700.0,135030101.25,derived_ohlc4
HOSE_VIX,VIX,2023-06-07 09:00:00,1205,4,6.73,6.92,6.57,6.92,15972400.0,108372734.0,derived_ohlc4
HOSE_VIX,VIX,2023-06-08 09:00:00,1206,4,6.89,7.24,6.86,6.86,31851300.0,221764676.24999997,derived_ohlc4
HOSE_VIX,VIX,2023-06-09 09:00:00,1207,4,6.92,7.18,6.86,7.18,22491000.0,158224185.0,derived_ohlc4
HOSE_VIX,VIX,2023-06-12 09:00:00,1208,4,7.24,7.28,6.96,7.05,14619000.0,104270017.5,derived_ohlc4
HOSE_VIX,VIX,2023-06-13 09:00:00,1209,4,7.12,7.21,6.99,6.99,16155700.0,114341966.75000001,derived_ohlc4
HOSE_VIX,VIX,2023-06-14 09:00:00,1210,4,7.02,7.08,6.8,6.8,17028100.0,117919592.5,derived_ohlc4
HOSE_VIX,VIX,2023-06-15 09:00:00,1211,4,6.8,6.86,6.67,6.83,15110900.0,102603010.99999999,derived_ohlc4
HOSE_VIX,VIX,2023-06-16 09:00:00,1212,4,7.02,7.28,6.96,6.99,30384200.0,214588412.5,derived_ohlc4
HOSE_VIX,VIX,2023-06-19 09:00:00,1213,4,7.02,7.12,6.92,6.99,13014500.0,91264181.25000001,derived_ohlc4
HOSE_VIX,VIX,2023-06-20 09:00:00,1214,4,6.99,7.08,6.86,7.08,10661700.0,74658554.25,derived_ohlc4
HOSE_VIX,VIX,2023-06-21 09:00:00,1215,4,7.15,7.47,7.08,7.44,21285500.0,155064867.50000003,derived_ohlc4
HOSE_VIX,VIX,2023-06-22 09:00:00,1216,4,7.53,7.56,7.37,7.56,13288000.0,99726440.0,derived_ohlc4
HOSE_VIX,VIX,2023-06-23 09:00:00,1217,4,7.6,7.95,7.5,7.82,19869500.0,153342866.25,derived_ohlc4
HOSE_VIX,VIX,2023-06-26 09:00:00,1218,4,7.69,7.76,7.28,7.37,68551300.0,515848532.5,derived_ohlc4
HOSE_VIX,VIX,2023-06-27 09:00:00,1219,4,7.47,7.47,6.99,7.12,23758800.0,172548285.0,derived_ohlc4
HOSE_VIX,VIX,2023-06-28 09:00:00,1220,4,7.12,7.34,6.96,7.18,16516200.0,118090830.0,derived_ohlc4
HOSE_VIX,VIX,2023-06-29 09:00:00,1221,4,7.18,7.18,6.83,6.86,16236000.0,113854949.99999999,derived_ohlc4
HOSE_VIX,VIX,2023-06-30 09:00:00,1222,4,6.8,6.96,6.8,6.92,12210500.0,83886134.99999999,derived_ohlc4
HOSE_VIX,VIX,2023-07-03 09:00:00,1223,4,6.99,7.08,6.89,7.02,7998000.0,55946010.0,derived_ohlc4
HOSE_VIX,VIX,2023-07-04 09:00:00,1224,4,7.02,7.4,6.99,7.37,19399700.0,139580841.5,derived_ohlc4
HOSE_VIX,VIX,2023-07-05 09:00:00,1225,4,7.44,7.53,7.34,7.37,21827900.0,161963018.00000003,derived_ohlc4
HOSE_VIX,VIX,2023-07-06 09:00:00,1226,4,7.28,7.4,6.99,7.18,20331900.0,146643828.75,derived_ohlc4
HOSE_VIX,VIX,2023-07-07 09:00:00,1227,4,6.99,7.31,6.86,7.28,24664200.0,175362462.0,derived_ohlc4
HOSE_VIX,VIX,2023-07-10 09:00:00,1228,4,7.37,7.44,7.28,7.4,18546600.0,136734808.5,derived_ohlc4
HOSE_VIX,VIX,2023-07-11 09:00:00,1229,4,7.47,7.6,7.37,7.37,19674400.0,146623466.0,derived_ohlc4
HOSE_VIX,VIX,2023-07-12 09:00:00,1230,4,7.37,7.47,7.24,7.28,12472000.0,91544480.0,derived_ohlc4
HOSE_VIX,VIX,2023-07-13 09:00:00,1231,4,7.37,7.53,7.34,7.5,14424200.0,107243927.0,derived_ohlc4
HOSE_VIX,VIX,2023-07-14 09:00:00,1232,4,7.63,8.01,7.53,8.01,42224700.0,329141536.5,derived_ohlc4
HOSE_VIX,VIX,2023-07-17 09:00:00,1233,4,8.3,8.43,8.11,8.21,26733900.0,220888848.74999997,derived_ohlc4
HOSE_VIX,VIX,2023-07-18 09:00:00,1234,4,8.27,8.27,8.01,8.27,13871200.0,113813195.99999997,derived_ohlc4
HOSE_VIX,VIX,2023-07-19 09:00:00,1235,4,8.4,8.75,8.27,8.4,34498800.0,291687354.0,derived_ohlc4
HOSE_VIX,VIX,2023-07-20 09:00:00,1236,4,8.49,8.72,8.37,8.69,21298100.0,182471471.74999997,derived_ohlc4
HOSE_VIX,VIX,2023-07-21 09:00:00,1237,4,8.94,9.1,8.82,8.98,24399200.0,218616832.00000003,derived_ohlc4
HOSE_VIX,VIX,2023-07-24 09:00:00,1238,4,9.1,9.14,8.82,9.14,19330900.0,174944645.0,derived_ohlc4
HOSE_VIX,VIX,2023-07-25 09:00:00,1239,4,9.14,9.17,8.88,8.98,16235100.0,146805891.75,derived_ohlc4
HOSE_VIX,VIX,2023-07-26 09:00:00,1240,4,8.98,9.23,8.82,9.23,18324100.0,166107966.50000003,derived_ohlc4
HOSE_VIX,VIX,2023-07-27 09:00:00,1241,4,9.39,9.43,9.04,9.26,19486900.0,180838432.0,derived_ohlc4
HOSE_VIX,VIX,2023-07-28 09:00:00,1242,4,9.23,9.74,9.2,9.74,33466700.0,317180649.25,derived_ohlc4
HOSE_VIX,VIX,2023-07-31 09:00:00,1243,4,9.94,10.07,9.74,10.07,29136700.0,290055848.5,derived_ohlc4
HOSE_VIX,VIX,2023-08-01 09:00:00,1244,4,10.26,10.26,9.71,9.81,27403500.0,274309035.0,derived_ohlc4
HOSE_VIX,VIX,2023-08-02 09:00:00,1245,4,9.74,10.48,9.68,10.48,29697700.0,299798281.49999994,derived_ohlc4
HOSE_VIX,VIX,2023-08-03 09:00:00,1246,4,10.48,10.93,10.35,10.8,37890000.0,403149600.0,derived_ohlc4
HOSE_VIX,VIX,2023-08-04 09:00:00,1247,4,10.9,10.9,10.58,10.74,21457400.0,231310772.00000003,derived_ohlc4
HOSE_VIX,VIX,2023-08-07 09:00:00,1248,4,10.9,11.0,10.71,10.84,22862200.0,248340647.50000003,derived_ohlc4
HOSE_VIX,VIX,2023-08-08 09:00:00,1249,4,10.93,10.93,10.32,10.32,25984100.0,276081062.5,derived_ohlc4
HOSE_VIX,VIX,2023-08-09 09:00:00,1250,4,10.29,10.58,10.13,10.42,23013000.0,238299615.0,derived_ohlc4
HOSE_VIX,VIX,2023-08-10 09:00:00,1251,4,10.52,10.52,10.13,10.29,21713700.0,225062500.5,derived_ohlc4
HOSE_VIX,VIX,2023-08-11 09:00:00,1252,4,10.39,10.39,9.97,10.39,19695300.0,202566160.5,derived_ohlc4
HOSE_VIX,VIX,2023-08-14 09:00:00,1253,4,10.52,10.9,10.39,10.9,40845300.0,436125690.75,derived_ohlc4
HOSE_VIX,VIX,2023-08-15 09:00:00,1254,4,10.96,11.0,10.64,11.0,30104300.0,328136870.0,derived_ohlc4
HOSE_VIX,VIX,2023-08-16 09:00:00,1255,4,10.9,11.7,10.8,11.7,43470200.0,490126505.0000001,derived_ohlc4
HOSE_VIX,VIX,2023-08-17 09:00:00,1256,4,11.76,11.99,11.57,11.67,30795400.0,361768961.5,derived_ohlc4
HOSE_VIX,VIX,2023-08-18 09:00:00,1257,4,11.44,11.54,10.87,10.87,37040000.0,414107199.99999994,derived_ohlc4
HOSE_VIX,VIX,2023-08-21 09:00:00,1258,4,10.77,10.84,10.13,10.52,40496100.0,427841296.50000006,derived_ohlc4
HOSE_VIX,VIX,2023-08-22 09:00:00,1259,4,10.64,10.9,9.81,10.9,41746900.0,440951631.25,derived_ohlc4
HOSE_VIX,VIX,2023-08-23 09:00:00,1260,4,11.09,11.12,10.58,10.71,26066700.0,283475362.5,derived_ohlc4
HOSE_VIX,VIX,2023-08-24 09:00:00,1261,4,10.84,11.44,10.64,11.44,38715000.0,429349350.0,derived_ohlc4
HOSE_VIX,VIX,2023-08-25 09:00:00,1262,4,11.44,11.73,11.25,11.67,42437900.0,488990702.75000006,derived_ohlc4
HOSE_VIX,VIX,2023-08-28 09:00:00,1263,4,11.73,12.02,11.67,12.02,32148300.0,381278838.0,derived_ohlc4
HOSE_VIX,VIX,2023-08-29 09:00:00,1264,4,12.18,12.18,11.6,12.02,38024500.0,456103877.50000006,derived_ohlc4
HOSE_VIX,VIX,2023-08-30 09:00:00,1265,4,12.02,12.5,11.73,12.47,37976300.0,462551334.0,derived_ohlc4
HOSE_VIX,VIX,2023-08-31 09:00:00,1266,4,12.5,12.7,12.31,12.7,33021900.0,414507399.74999994,derived_ohlc4
HOSE_VIX,VIX,2023-09-05 09:00:00,1267,4,12.79,12.79,12.5,12.6,31375500.0,397527585.0,derived_ohlc4
HOSE_VIX,VIX,2023-09-06 09:00:00,1268,4,12.6,13.08,12.34,12.89,42709500.0,543585161.25,derived_ohlc4
HOSE_VIX,VIX,2023-09-07 09:00:00,1269,4,12.95,12.95,12.63,12.76,31460000.0,403395850.0,derived_ohlc4
HOSE_VIX,VIX,2023-09-08 09:00:00,1270,4,12.66,12.92,12.63,12.7,26292400.0,334636521.0,derived_ohlc4
HOSE_VIX,VIX,2023-09-11 09:00:00,1271,4,12.79,12.89,12.37,12.37,44899400.0,565956936.9999999,derived_ohlc4
HOSE_VIX,VIX,2023-09-12 09:00:00,1272,4,12.41,13.21,12.28,13.21,38159100.0,487577900.25,derived_ohlc4
HOSE_VIX,VIX,2023-09-13 09:00:00,1273,4,13.21,13.3,12.66,12.82,38055500.0,494626361.25,derived_ohlc4
HOSE_VIX,VIX,2023-09-14 09:00:00,1274,4,12.82,12.89,12.28,12.37,40416000.0,508837440.0,derived_ohlc4
HOSE_VIX,VIX,2023-09-15 09:00:00,1275,4,12.5,12.6,12.05,12.57,34389400.0,427460242.00000006,derived_ohlc4
HOSE_VIX,VIX,2023-09-18 09:00:00,1276,4,12.44,12.57,12.12,12.21,30840100.0,380412633.5,derived_ohlc4
HOSE_VIX,VIX,2023-09-19 09:00:00,1277,4,12.34,12.37,11.67,12.05,38605400.0,467414880.50000006,derived_ohlc4
HOSE_VIX,VIX,2023-09-20 09:00:00,1278,4,12.12,12.7,11.99,12.66,26477600.0,327461718.0,derived_ohlc4
HOSE_VIX,VIX,2023-09-21 09:00:00,1279,4,12.66,12.66,12.15,12.21,31435300.0,390426426.0,derived_ohlc4
HOSE_VIX,VIX,2023-09-22 09:00:00,1280,4,11.76,11.86,11.38,11.38,64651100.0,749629504.5,derived_ohlc4
HOSE_VIX,VIX,2023-09-25 09:00:00,1281,4,11.19,11.41,10.61,10.61,38759100.0,424605940.5,derived_ohlc4
HOSE_VIX,VIX,2023-09-26 09:00:00,1282,4,10.26,11.03,9.94,10.07,56084700.0,579074527.5,derived_ohlc4
HOSE_VIX,VIX,2023-09-27 09:00:00,1283,4,10.13,10.61,9.49,10.61,47829100.0,488335111.00000006,derived_ohlc4
HOSE_VIX,VIX,2023-09-28 09:00:00,1284,4,10.55,10.55,10.07,10.19,31375400.0,324421636.0,derived_ohlc4
HOSE_VIX,VIX,2023-09-29 09:00:00,1285,4,10.35,10.48,10.07,10.1,20660600.0,211771150.0,derived_ohlc4
HOSE_VIX,VIX,2023-10-02 09:00:00,1286,4,10.13,10.58,10.03,10.26,30483800.0,312458950.0,derived_ohlc4
HOSE_VIX,VIX,2023-10-03 09:00:00,1287,4,10.03,10.13,9.55,9.55,37147800.0,364605657.00000006,derived_ohlc4
HOSE_VIX,VIX,2023-10-04 09:00:00,1288,4,9.01,10.07,9.01,9.71,44958100.0,424854044.99999994,derived_ohlc4
HOSE_VIX,VIX,2023-10-05 09:00:00,1289,4,9.78,9.91,9.1,9.1,23176100.0,219535607.25,derived_ohlc4
HOSE_VIX,VIX,2023-10-06 09:00:00,1290,4,9.07,9.71,9.07,9.71,37828900.0,355213371.0,derived_ohlc4
HOSE_VIX,VIX,2023-10-09 09:00:00,1291,4,9.78,9.97,9.65,9.91,25316300.0,248795938.25,derived_ohlc4
HOSE_VIX,VIX,2023-10-10 09:00:00,1292,4,10.07,10.35,9.94,9.97,31678400.0,319397468.0,derived_ohlc4
HOSE_VIX,VIX,2023-10-11 09:00:00,1293,4,10.0,10.29,9.81,10.29,22644200.0,228649809.5,derived_ohlc4
HOSE_VIX,VIX,2023-10-12 09:00:00,1294,4,10.45,10.45,10.1,10.19,20755700.0,213731820.75,derived_ohlc4
HOSE_VIX,VIX,2023-10-13 09:00:00,1295,4,9.94,10.29,9.78,10.07,27355800.0,274105116.0,derived_ohlc4
HOSE_VIX,VIX,2023-10-16 09:00:00,1296,4,10.07,10.16,9.81,9.81,19235500.0,191633668.75,derived_ohlc4
HOSE_VIX,VIX,2023-10-17 09:00:00,1297,4,9.94,10.13,9.17,9.17,21891200.0,210210248.00000003,derived_ohlc4
HOSE_VIX,VIX,2023-10-18 09:00:00,1298,4,9.43,9.81,9.17,9.52,48845800.0,463180298.50000006,derived_ohlc4
HOSE_VIX,VIX,2023-10-19 09:00:00,1299,4,9.59,9.71,9.2,9.23,23731900.0,223851146.75000003,derived_ohlc4
HOSE_VIX,VIX,2023-10-20 09:00:00,1300,4,9.26,9.68,8.85,9.62,27968700.0,261577266.74999997,derived_ohlc4
HOSE_VIX,VIX,2023-10-23 09:00:00,1301,4,9.62,9.68,9.17,9.23,20967000.0,197613975.0,derived_ohlc4
HOSE_VIX,VIX,2023-10-24 09:00:00,1302,4,9.36,9.49,9.2,9.43,17873900.0,167478443.00000003,derived_ohlc4
HOSE_VIX,VIX,2023-10-25 09:00:00,1303,4,9.49,9.78,9.36,9.39,24900600.0,236680202.99999997,derived_ohlc4
HOSE_VIX,VIX,2023-10-26 09:00:00,1304,4,9.14,9.17,8.75,8.75,46463900.0,415968064.75,derived_ohlc4
HOSE_VIX,VIX,2023-10-27 09:00:00,1305,4,8.98,8.98,8.27,8.72,32405600.0,283143930.0,derived_ohlc4
HOSE_VIX,VIX,2023-10-30 09:00:00,1306,4,8.53,8.69,8.11,8.11,21232000.0,177499520.0,derived_ohlc4
HOSE_VIX,VIX,2023-10-31 09:00:00,1307,4,8.08,8.34,7.56,7.73,36020400.0,285551721.0,derived_ohlc4
HOSE_VIX,VIX,2023-11-01 09:00:00,1308,4,7.85,8.21,7.63,8.21,38898700.0,310217132.5,derived_ohlc4
HOSE_VIX,VIX,2023-11-02 09:00:00,1309,4,8.46,8.75,8.37,8.75,34187000.0,293409927.5,derived_ohlc4
HOSE_VIX,VIX,2023-11-03 09:00:00,1310,4,8.85,9.04,8.59,8.75,39567500.0,348490756.25000006,derived_ohlc4
HOSE_VIX,VIX,2023-11-06 09:00:00,1311,4,8.88,8.91,8.65,8.88,26572700.0,234636941.0,derived_ohlc4
HOSE_VIX,VIX,2023-11-07 09:00:00,1312,4,8.75,9.04,8.65,8.75,29527900.0,259771700.24999997,derived_ohlc4
HOSE_VIX,VIX,2023-11-08 09:00:00,1313,4,8.75,9.36,8.69,9.36,46780300.0,422893911.99999994,derived_ohlc4
HOSE_VIX,VIX,2023-11-09 09:00:00,1314,4,9.71,10.0,9.62,10.0,61692300.0,606589539.75,derived_ohlc4
HOSE_VIX,VIX,2023-11-10 09:00:00,1315,4,9.87,10.55,9.84,10.1,56222700.0,567287043.0,derived_ohlc4
HOSE_VIX,VIX,2023-11-13 09:00:00,1316,4,10.23,10.39,9.78,10.23,45324000.0,460378529.99999994,derived_ohlc4
HOSE_VIX,VIX,2023-11-14 09:00:00,1317,4,10.52,10.71,10.26,10.35,34908100.0,365138726.0,derived_ohlc4
HOSE_VIX,VIX,2023-11-15 09:00:00,1318,4,10.8,10.84,10.32,10.48,40181500.0,426325715.0,derived_ohlc4
HOSE_VIX,VIX,2023-11-16 09:00:00,1319,4,10.35,10.77,10.29,10.77,35444200.0,373759088.99999994,derived_ohlc4
HOSE_VIX,VIX,2023-11-17 09:00:00,1320,4,10.77,10.93,10.26,10.39,61236100.0,648337208.75,derived_ohlc4
HOSE_VIX,VIX,2023-11-20 09:00:00,1321,4,10.13,10.9,10.13,10.84,49138000.0,515949000.0,derived_ohlc4
HOSE_VIX,VIX,2023-11-21 09:00:00,1322,4,10.96,11.06,10.74,10.9,29376700.0,320646680.5,derived_ohlc4
HOSE_VIX,VIX,2023-11-22 09:00:00,1323,4,10.9,11.09,10.74,11.03,42751200.0,467698128.00000006,derived_ohlc4
HOSE_VIX,VIX,2023-11-23 09:00:00,1324,4,11.16,11.22,10.26,10.26,45211400.0,484892265.0,derived_ohlc4
HOSE_VIX,VIX,2023-11-24 09:00:00,1325,4,10.45,10.64,10.0,10.64,56859900.0,593190906.75,derived_ohlc4
HOSE_VIX,VIX,2023-11-27 09:00:00,1326,4,10.64,10.64,10.29,10.32,22101800.0,231461100.5,derived_ohlc4
HOSE_VIX,VIX,2023-11-28 09:00:00,1327,4,10.32,10.45,9.94,10.42,35570300.0,365751609.75,derived_ohlc4
HOSE_VIX,VIX,2023-11-29 09:00:00,1328,4,10.52,10.61,10.39,10.55,24052300.0,252970065.25,derived_ohlc4
HOSE_VIX,VIX,2023-11-30 09:00:00,1329,4,10.48,10.84,10.48,10.52,38612500.0,408520250.0,derived_ohlc4
HOSE_VIX,VIX,2023-12-01 09:00:00,1330,4,10.64,10.8,10.45,10.71,29422400.0,313348560.0,derived_ohlc4
HOSE_VIX,VIX,2023-12-04 09:00:00,1331,4,11.0,11.44,10.96,11.41,68838100.0,771158815.25,derived_ohlc4
HOSE_VIX,VIX,2023-12-05 09:00:00,1332,4,11.41,11.51,11.28,11.35,32030100.0,364742763.75000006,derived_ohlc4
HOSE_VIX,VIX,2023-12-06 09:00:00,1333,4,11.35,11.64,11.28,11.57,29383800.0,336738348.0,derived_ohlc4
HOSE_VIX,VIX,2023-12-07 09:00:00,1334,4,11.57,11.6,10.9,11.19,73885100.0,836009906.5,derived_ohlc4
HOSE_VIX,VIX,2023-12-08 09:00:00,1335,4,11.22,11.28,10.9,11.03,23882500.0,265274868.75,derived_ohlc4
HOSE_VIX,VIX,2023-12-11 09:00:00,1336,4,10.9,11.09,10.64,10.96,41138300.0,448304624.25000006,derived_ohlc4
HOSE_VIX,VIX,2023-12-12 09:00:00,1337,4,11.03,11.12,10.93,10.96,12588200.0,138596082.0,derived_ohlc4
HOSE_VIX,VIX,2023-12-13 09:00:00,1338,4,11.09,11.12,10.64,10.64,28221900.0,306842607.75,derived_ohlc4
HOSE_VIX,VIX,2023-12-14 09:00:00,1339,4,10.8,10.84,10.52,10.55,24074000.0,257050134.99999997,derived_ohlc4
HOSE_VIX,VIX,2023-12-15 09:00:00,1340,4,10.52,10.84,10.45,10.58,24036200.0,254723629.5,derived_ohlc4
HOSE_VIX,VIX,2023-12-18 09:00:00,1341,4,10.64,10.68,10.48,10.52,12670000.0,134048600.0,derived_ohlc4
HOSE_VIX,VIX,2023-12-19 09:00:00,1342,4,10.52,10.77,10.48,10.77,16399400.0,174407619.0,derived_ohlc4
HOSE_VIX,VIX,2023-12-20 09:00:00,1343,4,10.84,11.0,10.71,10.87,17481900.0,189766024.49999997,derived_ohlc4
HOSE_VIX,VIX,2023-12-21 09:00:00,1344,4,10.71,10.84,10.71,10.8,10020900.0,107874988.5,derived_ohlc4
HOSE_VIX,VIX,2023-12-22 09:00:00,1345,4,10.84,11.0,10.68,10.71,19619900.0,212042069.24999997,derived_ohlc4
HOSE_VIX,VIX,2023-12-25 09:00:00,1346,4,10.74,10.96,10.64,10.84,19444900.0,209907695.50000003,derived_ohlc4
HOSE_VIX,VIX,2023-12-26 09:00:00,1347,4,10.93,11.03,10.87,10.96,15361800.0,168173305.5,derived_ohlc4
HOSE_VIX,VIX,2023-12-27 09:00:00,1348,4,11.03,11.19,10.96,10.96,19914400.0,219755404.0,derived_ohlc4
HOSE_VIX,VIX,2023-12-28 09:00:00,1349,4,10.93,11.09,10.9,10.96,17094000.0,187521180.0,derived_ohlc4
HOSE_VIX,VIX,2023-12-29 09:00:00,1350,4,11.03,11.06,10.93,10.96,13095800.0,143988321.0,derived_ohlc4
HOSE_VIX,VIX,2024-01-02 09:00:00,1351,4,11.09,11.12,10.35,10.52,51739900.0,557238723.0,derived_ohlc4
HOSE_VIX,VIX,2024-01-03 09:00:00,1352,4,10.48,10.68,10.48,10.68,13671800.0,144647644.0,derived_ohlc4
HOSE_VIX,VIX,2024-01-04 09:00:00,1353,4,10.71,11.06,10.71,10.74,31652100.0,342000940.50000006,derived_ohlc4
HOSE_VIX,VIX,2024-01-05 09:00:00,1354,4,10.84,10.84,10.64,10.74,12793200.0,137718798.0,derived_ohlc4
HOSE_VIX,VIX,2024-01-08 09:00:00,1355,4,10.84,11.0,10.74,10.84,20208100.0,219358925.5,derived_ohlc4
HOSE_VIX,VIX,2024-01-09 09:00:00,1356,4,10.93,11.09,10.84,10.87,25700700.0,280972902.75,derived_ohlc4
HOSE_VIX,VIX,2024-01-10 09:00:00,1357,4,10.87,10.9,10.64,10.71,18711900.0,201714282.0,derived_ohlc4
HOSE_VIX,VIX,2024-01-11 09:00:00,1358,4,10.84,11.09,10.77,11.03,42515800.0,464803983.50000006,derived_ohlc4
HOSE_VIX,VIX,2024-01-12 09:00:00,1359,4,10.93,11.12,10.8,10.87,36632100.0,400388852.99999994,derived_ohlc4
HOSE_VIX,VIX,2024-01-15 09:00:00,1360,4,10.96,11.03,10.71,10.71,21280400.0,230945541.00000003,derived_ohlc4
HOSE_VIX,VIX,2024-01-16 09:00:00,1361,4,10.68,10.93,10.64,10.93,17245700.0,186167331.5,derived_ohlc4
HOSE_VIX,VIX,2024-01-17 09:00:00,1362,4,11.0,11.51,10.93,11.19,52825200.0,589397168.9999999,derived_ohlc4
HOSE_VIX,VIX,2024-01-18 09:00:00,1363,4,11.22,11.35,11.12,11.19,19269900.0,216208277.99999997,derived_ohlc4
HOSE_VIX,VIX,2024-01-19 09:00:00,1364,4,11.41,11.48,11.09,11.12,26828400.0,302490210.0,derived_ohlc4
HOSE_VIX,VIX,2024-01-22 09:00:00,1365,4,11.22,11.28,10.93,11.12,23008300.0,256254941.24999997,derived_ohlc4
HOSE_VIX,VIX,2024-01-23 09:00:00,1366,4,11.16,11.22,11.09,11.12,16659800.0,185715120.49999997,derived_ohlc4
HOSE_VIX,VIX,2024-01-24 09:00:00,1367,4,11.12,11.35,11.12,11.16,24395100.0,272920181.25,derived_ohlc4
HOSE_VIX,VIX,2024-01-25 09:00:00,1368,4,11.25,11.25,11.12,11.12,9967400.0,111485368.99999999,derived_ohlc4
HOSE_VIX,VIX,2024-01-26 09:00:00,1369,4,11.12,11.22,11.09,11.12,13983800.0,155744572.5,derived_ohlc4
HOSE_VIX,VIX,2024-01-29 09:00:00,1370,4,11.16,11.25,11.06,11.06,14750000.0,164204375.0,derived_ohlc4
HOSE_VIX,VIX,2024-01-30 09:00:00,1371,4,11.06,11.16,10.96,11.16,14185800.0,157249593.0,derived_ohlc4
HOSE_VIX,VIX,2024-01-31 09:00:00,1372,4,11.19,11.48,11.16,11.19,37296800.0,419775483.99999994,derived_ohlc4
HOSE_VIX,VIX,2024-02-01 09:00:00,1373,4,11.22,11.25,11.12,11.16,12072900.0,135065568.75,derived_ohlc4
HOSE_VIX,VIX,2024-02-02 09:00:00,1374,4,11.25,11.54,11.19,11.35,39022200.0,442219081.5,derived_ohlc4
HOSE_VIX,VIX,2024-02-05 09:00:00,1375,4,11.38,11.48,11.32,11.41,15557700.0,177318885.75,derived_ohlc4
HOSE_VIX,VIX,2024-02-06 09:00:00,1376,4,11.48,11.73,11.44,11.54,25528000.0,294784580.0,derived_ohlc4
HOSE_VIX,VIX,2024-02-07 09:00:00,1377,4,11.6,11.7,11.44,11.6,16138800.0,186967997.99999997,derived_ohlc4
HOSE_VIX,VIX,2024-02-15 09:00:00,1378,4,11.67,11.7,11.41,11.44,24610900.0,284378949.5,derived_ohlc4
HOSE_VIX,VIX,2024-02-16 09:00:00,1379,4,11.44,11.64,11.41,11.51,21892500.0,251763749.99999997,derived_ohlc4
HOSE_VIX,VIX,2024-02-19 09:00:00,1380,4,11.51,11.54,11.22,11.48,27335500.0,312649781.25,derived_ohlc4
HOSE_VIX,VIX,2024-02-20 09:00:00,1381,4,11.54,11.99,11.54,11.73,49421900.0,578236230.0,derived_ohlc4
HOSE_VIX,VIX,2024-02-21 09:00:00,1382,4,11.76,11.86,11.64,11.76,24689500.0,290225072.5,derived_ohlc4
HOSE_VIX,VIX,2024-02-22 09:00:00,1383,4,11.73,11.8,11.57,11.57,15180100.0,177113816.75,derived_ohlc4
HOSE_VIX,VIX,2024-02-23 09:00:00,1384,4,11.67,11.67,11.19,11.22,37253400.0,426085762.5,derived_ohlc4
HOSE_VIX,VIX,2024-02-26 09:00:00,1385,4,11.19,11.64,11.09,11.51,24947100.0,283336688.25,derived_ohlc4
HOSE_VIX,VIX,2024-02-27 09:00:00,1386,4,11.6,11.83,11.48,11.6,22081700.0,256754966.75,derived_ohlc4
HOSE_VIX,VIX,2024-02-28 09:00:00,1387,4,11.67,11.83,11.54,11.64,28140100.0,328394967.0,derived_ohlc4
HOSE_VIX,VIX,2024-02-29 09:00:00,1388,4,11.73,12.05,11.64,11.73,36495800.0,430194242.50000006,derived_ohlc4
HOSE_VIX,VIX,2024-03-01 09:00:00,1389,4,11.76,12.15,11.76,12.12,38393700.0,458708730.75,derived_ohlc4
HOSE_VIX,VIX,2024-03-04 09:00:00,1390,4,12.37,12.41,12.05,12.12,25303600.0,309652805.0,derived_ohlc4
HOSE_VIX,VIX,2024-03-05 09:00:00,1391,4,12.15,12.28,11.92,12.25,29867300.0,362887695.0,derived_ohlc4
HOSE_VIX,VIX,2024-03-06 09:00:00,1392,4,12.28,12.37,11.89,11.99,28514200.0,345948531.5,derived_ohlc4
HOSE_VIX,VIX,2024-03-07 09:00:00,1393,4,11.99,12.82,11.96,12.7,63121400.0,780653914.5,derived_ohlc4
HOSE_VIX,VIX,2024-03-08 09:00:00,1394,4,12.79,12.92,12.44,12.47,38530900.0,487608539.5,derived_ohlc4
HOSE_VIX,VIX,2024-03-11 09:00:00,1395,4,12.47,12.6,12.05,12.44,34039700.0,421751883.0,derived_ohlc4
HOSE_VIX,VIX,2024-03-12 09:00:00,1396,4,12.28,12.34,11.99,12.05,34312900.0,417416428.5,derived_ohlc4
HOSE_VIX,VIX,2024-03-13 09:00:00,1397,4,12.09,12.89,12.09,12.89,37286500.0,465708385.0,derived_ohlc4
HOSE_VIX,VIX,2024-03-14 09:00:00,1398,4,12.92,13.75,12.82,13.34,46825800.0,618451753.5,derived_ohlc4
HOSE_VIX,VIX,2024-03-15 09:00:00,1399,4,13.34,13.59,12.98,13.34,25393300.0,338048306.25,derived_ohlc4
HOSE_VIX,VIX,2024-03-18 09:00:00,1400,4,13.46,13.59,12.41,12.66,62725200.0,817309356.0000001,derived_ohlc4
HOSE_VIX,VIX,2024-03-19 09:00:00,1401,4,12.79,12.79,12.37,12.37,23912800.0,300823023.99999994,derived_ohlc4
HOSE_VIX,VIX,2024-03-20 09:00:00,1402,4,12.44,12.82,12.31,12.82,28825700.0,363131755.75,derived_ohlc4
HOSE_VIX,VIX,2024-03-21 09:00:00,1403,4,13.18,13.21,12.79,12.92,31786900.0,414024372.5,derived_ohlc4
HOSE_VIX,VIX,2024-03-22 09:00:00,1404,4,13.08,13.27,12.76,12.92,39365100.0,512041538.25,derived_ohlc4
HOSE_VIX,VIX,2024-03-25 09:00:00,1405,4,13.27,13.27,12.82,12.95,40039600.0,523617869.0,derived_ohlc4
HOSE_VIX,VIX,2024-03-26 09:00:00,1406,4,12.95,13.43,12.7,13.43,35860900.0,470763964.75,derived_ohlc4
HOSE_VIX,VIX,2024-03-27 09:00:00,1407,4,13.69,13.69,13.27,13.46,26462600.0,357972821.5,derived_ohlc4
HOSE_VIX,VIX,2024-03-28 09:00:00,1408,4,13.62,13.62,13.3,13.46,29128100.0,393229350.0,derived_ohlc4
HOSE_VIX,VIX,2024-03-29 09:00:00,1409,4,13.46,13.46,13.14,13.18,29218300.0,388895573.0,derived_ohlc4
HOSE_VIX,VIX,2024-04-01 09:00:00,1410,4,13.11,13.34,12.89,13.18,31818500.0,417776905.0,derived_ohlc4
HOSE_VIX,VIX,2024-04-02 09:00:00,1411,4,13.14,13.43,12.92,13.43,25867300.0,342224379.0,derived_ohlc4
HOSE_VIX,VIX,2024-04-03 09:00:00,1412,4,13.46,13.72,13.14,13.14,42439900.0,567209263.5,derived_ohlc4
HOSE_VIX,VIX,2024-04-04 09:00:00,1413,4,13.18,13.21,12.82,12.89,30664900.0,399410322.5,derived_ohlc4
HOSE_VIX,VIX,2024-04-05 09:00:00,1414,4,12.7,12.73,12.37,12.37,51517300.0,646155735.2499999,derived_ohlc4
HOSE_VIX,VIX,2024-04-08 09:00:00,1415,4,12.47,12.47,12.15,12.15,33944100.0,417851871.0,derived_ohlc4
HOSE_VIX,VIX,2024-04-09 09:00:00,1416,4,12.25,12.6,12.15,12.6,27604300.0,342293320.0,derived_ohlc4
HOSE_VIX,VIX,2024-04-10 09:00:00,1417,4,12.6,12.6,12.31,12.31,17468800.0,217573904.0,derived_ohlc4
HOSE_VIX,VIX,2024-04-11 09:00:00,1418,4,12.15,12.41,12.12,12.28,26483000.0,324151920.0,derived_ohlc4
HOSE_VIX,VIX,2024-04-12 09:00:00,1419,4,12.44,12.63,12.31,12.5,22798700.0,284299789.0,derived_ohlc4
HOSE_VIX,VIX,2024-04-15 09:00:00,1420,4,12.47,12.66,11.64,11.64,43872200.0,530963300.50000006,derived_ohlc4
HOSE_VIX,VIX,2024-04-16 09:00:00,1421,4,11.6,11.67,10.87,11.44,62504400.0,712237638.0,derived_ohlc4
HOSE_VIX,VIX,2024-04-17 09:00:00,1422,4,11.54,11.57,10.9,10.9,32305000.0,362704387.5,derived_ohlc4
HOSE_VIX,VIX,2024-04-19 09:00:00,1423,4,10.64,11.03,10.26,10.45,47414700.0,502358746.49999994,derived_ohlc4
HOSE_VIX,VIX,2024-04-22 09:00:00,1424,4,10.8,11.16,10.68,11.0,27927800.0,304692298.0,derived_ohlc4
HOSE_VIX,VIX,2024-04-23 09:00:00,1425,4,11.0,11.03,10.55,10.61,20899500.0,225662351.25,derived_ohlc4
HOSE_VIX,VIX,2024-04-24 09:00:00,1426,4,10.84,11.16,10.74,11.06,26365800.0,288705510.0,derived_ohlc4
HOSE_VIX,VIX,2024-04-25 09:00:00,1427,4,11.0,11.03,10.84,10.96,15161200.0,166128849.00000003,derived_ohlc4
HOSE_VIX,VIX,2024-04-26 09:00:00,1428,4,10.71,10.96,10.71,10.8,16459000.0,177674905.00000003,derived_ohlc4
HOSE_VIX,VIX,2024-05-02 09:00:00,1429,4,10.8,10.87,10.64,10.74,11509400.0,123869917.50000001,derived_ohlc4
HOSE_VIX,VIX,2024-05-03 09:00:00,1430,4,10.9,10.96,10.71,10.77,14412500.0,156159437.5,derived_ohlc4
HOSE_VIX,VIX,2024-05-06 09:00:00,1431,4,10.9,11.32,10.84,11.28,28662500.0,317723812.5,derived_ohlc4
HOSE_VIX,VIX,2024-05-07 09:00:00,1432,4,11.28,11.32,11.12,11.22,14662100.0,164728693.5,derived_ohlc4
HOSE_VIX,VIX,2024-05-08 09:00:00,1433,4,11.09,11.38,11.0,11.22,22962200.0,256545179.5,derived_ohlc4
HOSE_VIX,VIX,2024-05-09 09:00:00,1434,4,11.28,11.35,11.03,11.06,17253400.0,192893012.0,derived_ohlc4
HOSE_VIX,VIX,2024-05-10 09:00:00,1435,4,11.16,11.28,11.0,11.25,18466000.0,206311385.0,derived_ohlc4
HOSE_VIX,VIX,2024-05-13 09:00:00,1436,4,11.28,11.41,11.16,11.25,17701600.0,199585539.99999997,derived_ohlc4
HOSE_VIX,VIX,2024-05-14 09:00:00,1437,4,11.28,11.38,11.19,11.22,9984700.0,112502607.25,derived_ohlc4
HOSE_VIX,VIX,2024-05-15 09:00:00,1438,4,11.22,11.64,11.22,11.44,27860800.0,317055904.0,derived_ohlc4
HOSE_VIX,VIX,2024-05-16 09:00:00,1439,4,11.6,11.76,11.54,11.64,27146500.0,315849527.5,derived_ohlc4
HOSE_VIX,VIX,2024-05-17 09:00:00,1440,4,11.67,11.83,11.57,11.7,20800900.0,243214523.24999997,derived_ohlc4
HOSE_VIX,VIX,2024-05-20 09:00:00,1441,4,11.86,11.92,11.7,11.7,22182800.0,261646126.00000003,derived_ohlc4
HOSE_VIX,VIX,2024-05-21 09:00:00,1442,4,11.7,11.8,11.51,11.73,20781800.0,242835332.99999997,derived_ohlc4
HOSE_VIX,VIX,2024-05-22 09:00:00,1443,4,11.76,12.02,11.6,11.67,28465200.0,334821915.00000006,derived_ohlc4
HOSE_VIX,VIX,2024-05-23 09:00:00,1444,4,11.64,11.8,11.32,11.8,29132500.0,339102300.0,derived_ohlc4
HOSE_VIX,VIX,2024-05-24 09:00:00,1445,4,11.64,11.7,11.19,11.35,34730400.0,398357688.0,derived_ohlc4
HOSE_VIX,VIX,2024-05-27 09:00:00,1446,4,11.35,11.51,11.22,11.48,11674100.0,132967999.0,derived_ohlc4
HOSE_VIX,VIX,2024-05-28 09:00:00,1447,4,11.54,11.67,11.48,11.64,15171500.0,175723898.75,derived_ohlc4
HOSE_VIX,VIX,2024-05-29 09:00:00,1448,4,11.64,11.8,11.48,11.54,18816300.0,218551324.5,derived_ohlc4
HOSE_VIX,VIX,2024-05-30 09:00:00,1449,4,11.38,11.57,11.25,11.48,21945200.0,250614184.00000003,derived_ohlc4
HOSE_VIX,VIX,2024-05-31 09:00:00,1450,4,11.48,11.7,11.48,11.54,16869900.0,194847344.99999997,derived_ohlc4
HOSE_VIX,VIX,2024-06-03 09:00:00,1451,4,11.67,11.86,11.67,11.76,23339400.0,274004556.0,derived_ohlc4
HOSE_VIX,VIX,2024-06-04 09:00:00,1452,4,11.8,11.96,11.7,11.7,17645100.0,208035728.99999997,derived_ohlc4
HOSE_VIX,VIX,2024-06-05 09:00:00,1453,4,11.8,11.86,11.64,11.64,13273400.0,155763349.0,derived_ohlc4
HOSE_VIX,VIX,2024-06-06 09:00:00,1454,4,11.67,11.76,11.54,11.6,11665700.0,135817912.25,derived_ohlc4
HOSE_VIX,VIX,2024-06-07 09:00:00,1455,4,11.67,11.7,11.57,11.57,12232300.0,142231068.25,derived_ohlc4
HOSE_VIX,VIX,2024-06-10 09:00:00,1456,4,11.64,11.83,11.6,11.7,14502000.0,169564635.0,derived_ohlc4
HOSE_VIX,VIX,2024-06-11 09:00:00,1457,4,11.76,11.8,11.6,11.76,17089900.0,200464527.0,derived_ohlc4
HOSE_VIX,VIX,2024-06-12 09:00:00,1458,4,11.83,12.34,11.8,12.21,50539200.0,608744664.0,derived_ohlc4
HOSE_VIX,VIX,2024-06-13 09:00:00,1459,4,12.31,12.34,12.12,12.12,15162300.0,185321211.74999997,derived_ohlc4
HOSE_VIX,VIX,2024-06-14 09:00:00,1460,4,12.21,12.31,11.67,11.67,32262000.0,386014830.00000006,derived_ohlc4
HOSE_VIX,VIX,2024-06-17 09:00:00,1461,4,11.67,11.8,11.57,11.67,17129000.0,200023897.5,derived_ohlc4
HOSE_VIX,VIX,2024-06-18 09:00:00,1462,4,11.76,11.83,11.64,11.67,13424600.0,157403435.00000003,derived_ohlc4
HOSE_VIX,VIX,2024-06-19 09:00:00,1463,4,11.67,11.73,11.54,11.57,15750500.0,183138938.75,derived_ohlc4
HOSE_VIX,VIX,2024-06-20 09:00:00,1464,4,11.64,11.64,11.28,11.28,22939200.0,262883232.00000003,derived_ohlc4
HOSE_VIX,VIX,2024-06-21 09:00:00,1465,4,11.32,11.41,11.22,11.22,15258900.0,172311128.25,derived_ohlc4
HOSE_VIX,VIX,2024-06-24 09:00:00,1466,4,11.22,11.28,10.64,10.71,33192500.0,363872781.25,derived_ohlc4
HOSE_VIX,VIX,2024-06-25 09:00:00,1467,4,10.77,10.87,10.68,10.77,10805700.0,116404403.25000001,derived_ohlc4
HOSE_VIX,VIX,2024-06-26 09:00:00,1468,4,10.77,10.93,10.71,10.77,7789700.0,84089811.49999999,derived_ohlc4
HOSE_VIX,VIX,2024-06-27 09:00:00,1469,4,10.77,10.87,10.68,10.77,7150700.0,77030915.75,derived_ohlc4
HOSE_VIX,VIX,2024-06-28 09:00:00,1470,4,10.77,10.84,10.39,10.52,15197200.0,161546235.99999997,derived_ohlc4
HOSE_VIX,VIX,2024-07-01 09:00:00,1471,4,10.58,10.68,10.42,10.64,6408700.0,67804046.0,derived_ohlc4
HOSE_VIX,VIX,2024-07-02 09:00:00,1472,4,10.71,10.8,10.68,10.8,5463100.0,58714667.24999999,derived_ohlc4
HOSE_VIX,VIX,2024-07-03 09:00:00,1473,4,10.8,11.0,10.8,10.93,7895700.0,85924955.25,derived_ohlc4
HOSE_VIX,VIX,2024-07-04 09:00:00,1474,4,10.96,11.09,10.84,10.87,6217500.0,68019450.0,derived_ohlc4
HOSE_VIX,VIX,2024-07-05 09:00:00,1475,4,10.9,10.9,10.71,10.77,6754800.0,73086936.0,derived_ohlc4
HOSE_VIX,VIX,2024-07-08 09:00:00,1476,4,10.87,10.93,10.74,10.77,6437900.0,69706362.25,derived_ohlc4
HOSE_VIX,VIX,2024-07-09 09:00:00,1477,4,10.77,11.09,10.77,11.06,13005100.0,142048204.75,derived_ohlc4
HOSE_VIX,VIX,2024-07-10 09:00:00,1478,4,11.06,11.09,10.9,10.9,6093700.0,66954528.74999999,derived_ohlc4
HOSE_VIX,VIX,2024-07-11 09:00:00,1479,4,11.0,11.09,10.93,11.03,9638400.0,106142880.0,derived_ohlc4
HOSE_VIX,VIX,2024-07-12 09:00:00,1480,4,11.06,11.09,10.8,10.8,9459200.0,103460000.0,derived_ohlc4
HOSE_VIX,VIX,2024-07-15 09:00:00,1481,4,10.87,10.9,10.77,10.8,5485800.0,59438643.00000001,derived_ohlc4
HOSE_VIX,VIX,2024-07-16 09:00:00,1482,4,10.87,11.03,10.8,10.84,8490500.0,92419092.50000001,derived_ohlc4
HOSE_VIX,VIX,2024-07-17 09:00:00,1483,4,10.96,11.03,10.55,10.64,14003900.0,151172100.50000003,derived_ohlc4
HOSE_VIX,VIX,2024-07-18 09:00:00,1484,4,10.71,10.87,10.52,10.87,7969300.0,85610205.24999999,derived_ohlc4
HOSE_VIX,VIX,2024-07-19 09:00:00,1485,4,10.8,10.84,10.13,10.13,55222400.0,578454640.0000001,derived_ohlc4
HOSE_VIX,VIX,2024-07-22 09:00:00,1486,4,9.87,9.97,9.46,9.46,27572200.0,267174618.00000003,derived_ohlc4
HOSE_VIX,VIX,2024-07-23 09:00:00,1487,4,9.59,9.62,8.91,8.94,31441600.0,291306424.0,derived_ohlc4
HOSE_VIX,VIX,2024-07-24 09:00:00,1488,4,8.69,9.33,8.69,9.3,18622400.0,167648156.00000003,derived_ohlc4
HOSE_VIX,VIX,2024-07-25 09:00:00,1489,4,9.3,9.3,8.98,9.01,9187300.0,84040826.75000001,derived_ohlc4
HOSE_VIX,VIX,2024-07-26 09:00:00,1490,4,9.1,9.1,8.75,8.85,20236800.0,181119360.0,derived_ohlc4
HOSE_VIX,VIX,2024-07-29 09:00:00,1491,4,8.91,9.1,8.88,8.91,22024400.0,197118379.99999997,derived_ohlc4
HOSE_VIX,VIX,2024-07-30 09:00:00,1492,4,8.91,8.91,8.46,8.46,39949300.0,346959670.5,derived_ohlc4
HOSE_VIX,VIX,2024-07-31 09:00:00,1493,4,9.02,9.02,8.9,9.02,28663500.0,257684864.99999994,derived_ohlc4
HOSE_VIX,VIX,2024-08-01 09:00:00,1494,4,9.26,9.26,8.74,8.94,32787900.0,296730494.99999994,derived_ohlc4
HOSE_VIX,VIX,2024-08-02 09:00:00,1495,4,8.9,9.26,8.82,9.22,24816400.0,224588420.00000003,derived_ohlc4
HOSE_VIX,VIX,2024-08-05 09:00:00,1496,4,8.94,9.22,8.62,8.7,24602800.0,218226836.00000003,derived_ohlc4
HOSE_VIX,VIX,2024-08-06 09:00:00,1497,4,8.94,9.02,8.7,8.94,15203300.0,135309370.0,derived_ohlc4
HOSE_VIX,VIX,2024-08-07 09:00:00,1498,4,9.02,9.02,8.78,8.94,11779100.0,105305154.0,derived_ohlc4
HOSE_VIX,VIX,2024-08-08 09:00:00,1499,4,8.82,9.1,8.82,8.9,11727900.0,104495589.0,derived_ohlc4
HOSE_VIX,VIX,2024-08-09 09:00:00,1500,4,9.06,9.18,8.94,9.1,21616400.0,196060748.0,derived_ohlc4
HOSE_VIX,VIX,2024-08-12 09:00:00,1501,4,9.14,9.22,9.06,9.22,13020800.0,119270528.0,derived_ohlc4
HOSE_VIX,VIX,2024-08-13 09:00:00,1502,4,9.22,9.22,8.94,9.1,15174500.0,138391440.00000003,derived_ohlc4
HOSE_VIX,VIX,2024-08-14 09:00:00,1503,4,9.18,9.18,8.86,8.9,17980300.0,162362109.0,derived_ohlc4
HOSE_VIX,VIX,2024-08-15 09:00:00,1504,4,8.94,8.98,8.74,8.98,15148700.0,134974917.0,derived_ohlc4
HOSE_VIX,VIX,2024-08-16 09:00:00,1505,4,9.02,9.59,8.98,9.59,55165900.0,512767040.5,derived_ohlc4
HOSE_VIX,VIX,2024-08-19 09:00:00,1506,4,9.79,9.83,9.51,9.63,25136700.0,243574623.0,derived_ohlc4
HOSE_VIX,VIX,2024-08-20 09:00:00,1507,4,9.63,9.91,9.43,9.75,37741700.0,365339656.0,derived_ohlc4
HOSE_VIX,VIX,2024-08-21 09:00:00,1508,4,9.71,9.83,9.59,9.83,22595700.0,220082118.0,derived_ohlc4
HOSE_VIX,VIX,2024-08-22 09:00:00,1509,4,9.83,9.83,9.67,9.75,18601500.0,181736655.0,derived_ohlc4
HOSE_VIX,VIX,2024-08-23 09:00:00,1510,4,9.75,9.83,9.55,9.75,28508900.0,277106507.99999994,derived_ohlc4
HOSE_VIX,VIX,2024-08-26 09:00:00,1511,4,9.87,9.95,9.67,9.75,31266200.0,306721422.0,derived_ohlc4
HOSE_VIX,VIX,2024-08-27 09:00:00,1512,4,9.71,9.75,9.47,9.55,26442400.0,254375888.00000003,derived_ohlc4
HOSE_VIX,VIX,2024-08-28 09:00:00,1513,4,9.59,9.67,9.35,9.67,36321300.0,347594841.0,derived_ohlc4
HOSE_VIX,VIX,2024-08-29 09:00:00,1514,4,9.71,9.91,9.55,9.75,54515500.0,530435815.0,derived_ohlc4
HOSE_VIX,VIX,2024-08-30 09:00:00,1515,4,9.79,9.79,9.55,9.75,40942100.0,397957211.99999994,derived_ohlc4
HOSE_VIX,VIX,2024-09-04 09:00:00,1516,4,9.55,9.71,9.51,9.63,20352200.0,195381120.00000003,derived_ohlc4
HOSE_VIX,VIX,2024-09-05 09:00:00,1517,4,9.75,9.79,9.47,9.55,20041100.0,193196204.0,derived_ohlc4
HOSE_VIX,VIX,2024-09-06 09:00:00,1518,4,9.55,9.59,9.35,9.47,17922300.0,170082627.0,derived_ohlc4
HOSE_VIX,VIX,2024-09-09 09:00:00,1519,4,9.47,9.47,9.26,9.35,14059000.0,131978862.50000001,derived_ohlc4
HOSE_VIX,VIX,2024-09-10 09:00:00,1520,4,9.47,9.47,9.02,9.1,21326400.0,197589096.0,derived_ohlc4
HOSE_VIX,VIX,2024-09-11 09:00:00,1521,4,9.1,9.22,8.94,9.06,14810100.0,134475708.0,derived_ohlc4
HOSE_VIX,VIX,2024-09-12 09:00:00,1522,4,9.22,9.26,9.02,9.02,8021600.0,73237207.99999999,derived_ohlc4
HOSE_VIX,VIX,2024-09-13 09:00:00,1523,4,9.14,9.22,9.02,9.06,11841900.0,107879709.0,derived_ohlc4
HOSE_VIX,VIX,2024-09-16 09:00:00,1524,4,9.14,9.14,8.86,8.86,12148800.0,109339200.0,derived_ohlc4
HOSE_VIX,VIX,2024-09-17 09:00:00,1525,4,8.86,9.06,8.86,9.06,10040600.0,89963776.00000001,derived_ohlc4
HOSE_VIX,VIX,2024-09-18 09:00:00,1526,4,9.1,9.3,9.06,9.1,15519400.0,141847316.0,derived_ohlc4
HOSE_VIX,VIX,2024-09-19 09:00:00,1527,4,9.18,9.22,9.06,9.14,8365000.0,76539750.0,derived_ohlc4
HOSE_VIX,VIX,2024-09-20 09:00:00,1528,4,9.22,9.3,9.02,9.02,34788200.0,317964148.0,derived_ohlc4
HOSE_VIX,VIX,2024-09-23 09:00:00,1529,4,9.14,9.18,9.06,9.1,9292300.0,84745776.00000001,derived_ohlc4
HOSE_VIX,VIX,2024-09-24 09:00:00,1530,4,9.14,9.18,9.06,9.14,7783800.0,71066094.0,derived_ohlc4
HOSE_VIX,VIX,2024-09-25 09:00:00,1531,4,9.18,9.63,9.18,9.63,39869600.0,374973588.00000006,derived_ohlc4
HOSE_VIX,VIX,2024-09-26 09:00:00,1532,4,9.67,9.71,9.55,9.59,19666300.0,189386469.00000003,derived_ohlc4
HOSE_VIX,VIX,2024-09-27 09:00:00,1533,4,9.63,9.75,9.51,9.55,23206000.0,223009660.0,derived_ohlc4
HOSE_VIX,VIX,2024-09-30 09:00:00,1534,4,9.59,9.79,9.47,9.63,23709300.0,228083466.00000003,derived_ohlc4
HOSE_VIX,VIX,2024-10-01 09:00:00,1535,4,9.71,10.15,9.63,9.91,50102400.0,493508640.00000006,derived_ohlc4
HOSE_VIX,VIX,2024-10-02 09:00:00,1536,4,9.87,9.95,9.75,9.79,21606200.0,212605008.0,derived_ohlc4
HOSE_VIX,VIX,2024-10-03 09:00:00,1537,4,9.87,9.91,9.39,9.51,36110100.0,349184667.0,derived_ohlc4
HOSE_VIX,VIX,2024-10-04 09:00:00,1538,4,9.51,9.59,9.43,9.47,14097600.0,133927200.0,derived_ohlc4
HOSE_VIX,VIX,2024-10-07 09:00:00,1539,4,9.51,9.59,9.39,9.51,11837800.0,112459100.0,derived_ohlc4
HOSE_VIX,VIX,2024-10-08 09:00:00,1540,4,9.51,9.75,9.39,9.63,27947000.0,267452790.0,derived_ohlc4
HOSE_VIX,VIX,2024-10-09 09:00:00,1541,4,9.67,9.79,9.55,9.67,18933100.0,183083077.0,derived_ohlc4
HOSE_VIX,VIX,2024-10-10 09:00:00,1542,4,9.75,9.79,9.43,9.51,27572900.0,265251297.99999997,derived_ohlc4
HOSE_VIX,VIX,2024-10-11 09:00:00,1543,4,9.51,9.55,9.47,9.55,12856900.0,122397688.0,derived_ohlc4
HOSE_VIX,VIX,2024-10-14 09:00:00,1544,4,9.59,9.67,9.14,9.22,47401800.0,445813928.99999994,derived_ohlc4
HOSE_VIX,VIX,2024-10-15 09:00:00,1545,4,9.22,9.3,9.06,9.06,19077300.0,174748068.00000003,derived_ohlc4
HOSE_VIX,VIX,2024-10-16 09:00:00,1546,4,9.1,9.22,8.98,9.06,20853900.0,189561951.0,derived_ohlc4
HOSE_VIX,VIX,2024-10-17 09:00:00,1547,4,9.1,9.18,8.94,9.18,16469900.0,149876090.0,derived_ohlc4
HOSE_VIX,VIX,2024-10-18 09:00:00,1548,4,9.3,9.3,9.14,9.14,8806800.0,81198696.0,derived_ohlc4
HOSE_VIX,VIX,2024-10-21 09:00:00,1549,4,9.14,9.47,9.06,9.26,29166500.0,269279711.25,derived_ohlc4
HOSE_VIX,VIX,2024-10-22 09:00:00,1550,4,9.26,9.39,9.14,9.22,14411300.0,133340553.25,derived_ohlc4
HOSE_VIX,VIX,2024-10-23 09:00:00,1551,4,9.22,9.26,9.14,9.18,8938400.0,82233280.0,derived_ohlc4
HOSE_VIX,VIX,2024-10-24 09:00:00,1552,4,9.18,9.18,9.02,9.02,15051100.0,136965010.0,derived_ohlc4
HOSE_VIX,VIX,2024-10-25 09:00:00,1553,4,9.1,9.1,8.9,8.9,11382400.0,102441600.0,derived_ohlc4
HOSE_VIX,VIX,2024-10-28 09:00:00,1554,4,8.82,8.9,8.74,8.78,32908200.0,289921242.0,derived_ohlc4
HOSE_VIX,VIX,2024-10-29 09:00:00,1555,4,8.82,8.94,8.78,8.82,14649800.0,129504232.0,derived_ohlc4
HOSE_VIX,VIX,2024-10-30 09:00:00,1556,4,8.82,8.86,8.66,8.7,14315000.0,125399400.0,derived_ohlc4
HOSE_VIX,VIX,2024-10-31 09:00:00,1557,4,8.74,8.82,8.66,8.78,13709900.0,119961625.0,derived_ohlc4
HOSE_VIX,VIX,2024-11-01 09:00:00,1558,4,8.74,8.78,8.62,8.62,11102800.0,96483332.0,derived_ohlc4
HOSE_VIX,VIX,2024-11-04 09:00:00,1559,4,8.7,8.7,8.42,8.62,25135900.0,216420099.0,derived_ohlc4
HOSE_VIX,VIX,2024-11-05 09:00:00,1560,4,8.62,8.7,8.5,8.5,9901900.0,84958302.0,derived_ohlc4
HOSE_VIX,VIX,2024-11-06 09:00:00,1561,4,8.58,8.7,8.5,8.66,15274200.0,131510861.99999999,derived_ohlc4
HOSE_VIX,VIX,2024-11-07 09:00:00,1562,4,8.74,8.78,8.62,8.62,11310900.0,98291721.0,derived_ohlc4
HOSE_VIX,VIX,2024-11-08 09:00:00,1563,4,8.66,8.7,8.54,8.54,10132900.0,87244269.0,derived_ohlc4
HOSE_VIX,VIX,2024-11-11 09:00:00,1564,4,8.54,8.58,8.38,8.42,18359300.0,155686864.0,derived_ohlc4
HOSE_VIX,VIX,2024-11-12 09:00:00,1565,4,8.46,8.54,8.3,8.34,16101100.0,135410251.0,derived_ohlc4
HOSE_VIX,VIX,2024-11-13 09:00:00,1566,4,8.3,8.34,8.02,8.14,37984500.0,311472900.0,derived_ohlc4
HOSE_VIX,VIX,2024-11-14 09:00:00,1567,4,8.1,8.18,7.94,7.96,20729900.0,166772045.5,derived_ohlc4
HOSE_VIX,VIX,2024-11-15 09:00:00,1568,4,7.95,8.02,7.7,7.78,29351400.0,230775382.5,derived_ohlc4
HOSE_VIX,VIX,2024-11-18 09:00:00,1569,4,7.74,8.1,7.74,7.94,24066900.0,189647172.0,derived_ohlc4
HOSE_VIX,VIX,2024-11-19 09:00:00,1570,4,7.94,8.0,7.68,7.68,14856600.0,116252895.0,derived_ohlc4
HOSE_VIX,VIX,2024-11-20 09:00:00,1571,4,7.68,7.89,7.57,7.76,20069900.0,155039977.5,derived_ohlc4
HOSE_VIX,VIX,2024-11-21 09:00:00,1572,4,7.78,7.93,7.76,7.92,12212100.0,95834454.75,derived_ohlc4
HOSE_VIX,VIX,2024-11-22 09:00:00,1573,4,7.91,7.93,7.8,7.8,13558800.0,106572168.0,derived_ohlc4
HOSE_VIX,VIX,2024-11-25 09:00:00,1574,4,7.8,7.93,7.8,7.89,13241300.0,104010411.5,derived_ohlc4
HOSE_VIX,VIX,2024-11-26 09:00:00,1575,4,7.89,8.22,7.89,8.1,24994000.0,200576850.0,derived_ohlc4
HOSE_VIX,VIX,2024-11-27 09:00:00,1576,4,8.14,8.18,8.02,8.06,8478700.0,68677470.0,derived_ohlc4
HOSE_VIX,VIX,2024-11-28 09:00:00,1577,4,8.14,8.18,8.02,8.02,11562600.0,93541434.0,derived_ohlc4
HOSE_VIX,VIX,2024-11-29 09:00:00,1578,4,8.02,8.18,8.01,8.06,15915100.0,128395069.25000001,derived_ohlc4
HOSE_VIX,VIX,2024-12-02 09:00:00,1579,4,8.14,8.18,8.02,8.06,8431100.0,68291910.0,derived_ohlc4
HOSE_VIX,VIX,2024-12-03 09:00:00,1580,4,8.02,8.1,7.93,7.93,20594400.0,164652227.99999997,derived_ohlc4
HOSE_VIX,VIX,2024-12-04 09:00:00,1581,4,7.93,7.97,7.79,7.79,15773100.0,124134296.99999999,derived_ohlc4
HOSE_VIX,VIX,2024-12-05 09:00:00,1582,4,7.82,8.3,7.71,8.3,36627400.0,294209590.5,derived_ohlc4
HOSE_VIX,VIX,2024-12-06 09:00:00,1583,4,8.34,8.42,8.18,8.18,24868100.0,205907867.99999997,derived_ohlc4
HOSE_VIX,VIX,2024-12-09 09:00:00,1584,4,8.22,8.34,8.18,8.22,16018400.0,131991616.0,derived_ohlc4
HOSE_VIX,VIX,2024-12-10 09:00:00,1585,4,8.18,8.3,8.18,8.18,12191000.0,100088110.00000001,derived_ohlc4
HOSE_VIX,VIX,2024-12-11 09:00:00,1586,4,8.22,8.26,8.1,8.14,12128300.0,99209494.0,derived_ohlc4
HOSE_VIX,VIX,2024-12-12 09:00:00,1587,4,8.14,8.22,8.1,8.14,8531300.0,69530095.0,derived_ohlc4
HOSE_VIX,VIX,2024-12-13 09:00:00,1588,4,8.1,8.18,8.06,8.06,8828900.0,71514090.00000001,derived_ohlc4
HOSE_VIX,VIX,2024-12-16 09:00:00,1589,4,8.06,8.34,8.06,8.3,23363300.0,191345427.00000003,derived_ohlc4
HOSE_VIX,VIX,2024-12-17 09:00:00,1590,4,8.34,8.34,8.26,8.26,13213300.0,109670389.99999999,derived_ohlc4
HOSE_VIX,VIX,2024-12-18 09:00:00,1591,4,8.26,8.38,8.22,8.3,13446000.0,111467339.99999999,derived_ohlc4
HOSE_VIX,VIX,2024-12-19 09:00:00,1592,4,8.22,8.26,8.1,8.18,19957000.0,163447830.0,derived_ohlc4
HOSE_VIX,VIX,2024-12-20 09:00:00,1593,4,8.22,8.26,8.1,8.26,28825900.0,236660638.99999997,derived_ohlc4
HOSE_VIX,VIX,2024-12-23 09:00:00,1594,4,8.26,8.3,8.18,8.18,10009300.0,82376539.0,derived_ohlc4
HOSE_VIX,VIX,2024-12-24 09:00:00,1595,4,8.18,8.22,8.06,8.1,10966400.0,89266496.0,derived_ohlc4
HOSE_VIX,VIX,2024-12-25 09:00:00,1596,4,8.1,8.34,8.1,8.22,14037100.0,114963849.0,derived_ohlc4
HOSE_VIX,VIX,2024-12-26 09:00:00,1597,4,8.22,8.26,8.14,8.14,7500800.0,61431552.00000001,derived_ohlc4
HOSE_VIX,VIX,2024-12-27 09:00:00,1598,4,8.14,8.22,8.1,8.14,9085600.0,74047640.0,derived_ohlc4
HOSE_VIX,VIX,2024-12-30 09:00:00,1599,4,8.14,8.18,8.01,8.02,12057500.0,97515031.24999999,derived_ohlc4
HOSE_VIX,VIX,2024-12-31 09:00:00,1600,4,8.02,8.06,7.9,7.9,14713800.0,117268985.99999999,derived_ohlc4
HOSE_VIX,VIX,2025-01-02 09:00:00,1601,4,7.89,8.1,7.89,7.97,8591000.0,68405837.5,derived_ohlc4
HOSE_VIX,VIX,2025-01-03 09:00:00,1602,4,7.98,8.02,7.91,7.91,10941300.0,87038041.5,derived_ohlc4
HOSE_VIX,VIX,2025-01-06 09:00:00,1603,4,7.91,7.93,7.65,7.7,14300600.0,111508928.5,derived_ohlc4
HOSE_VIX,VIX,2025-01-07 09:00:00,1604,4,7.74,7.8,7.59,7.62,12106000.0,93064875.0,derived_ohlc4
HOSE_VIX,VIX,2025-01-08 09:00:00,1605,4,7.62,7.77,7.62,7.73,7523700.0,57819634.50000001,derived_ohlc4
HOSE_VIX,VIX,2025-01-09 09:00:00,1606,4,7.71,7.76,7.67,7.67,5551700.0,42761969.25,derived_ohlc4
HOSE_VIX,VIX,2025-01-10 09:00:00,1607,4,7.67,7.69,7.38,7.38,20384700.0,153496791.0,derived_ohlc4
HOSE_VIX,VIX,2025-01-13 09:00:00,1608,4,7.34,7.41,7.24,7.32,17489000.0,128150647.50000001,derived_ohlc4
HOSE_VIX,VIX,2025-01-14 09:00:00,1609,4,7.32,7.41,7.25,7.25,10708400.0,78251633.0,derived_ohlc4
HOSE_VIX,VIX,2025-01-15 09:00:00,1610,4,7.25,7.45,7.25,7.42,11082000.0,81369585.0,derived_ohlc4
HOSE_VIX,VIX,2025-01-16 09:00:00,1611,4,7.48,7.86,7.48,7.56,14603400.0,110912823.0,derived_ohlc4
HOSE_VIX,VIX,2025-01-17 09:00:00,1612,4,7.6,7.65,7.56,7.6,8462200.0,64333875.49999999,derived_ohlc4
HOSE_VIX,VIX,2025-01-20 09:00:00,1613,4,7.6,7.7,7.55,7.64,14100100.0,107478012.25,derived_ohlc4
HOSE_VIX,VIX,2025-01-21 09:00:00,1614,4,7.64,7.74,7.63,7.68,11194500.0,85889801.25,derived_ohlc4
HOSE_VIX,VIX,2025-01-22 09:00:00,1615,4,7.69,7.76,7.56,7.56,9683900.0,74009205.74999999,derived_ohlc4
HOSE_VIX,VIX,2025-01-23 09:00:00,1616,4,7.58,7.74,7.56,7.68,13938700.0,106491668.0,derived_ohlc4
HOSE_VIX,VIX,2025-01-24 09:00:00,1617,4,7.7,8.02,7.7,7.93,23384600.0,183276802.5,derived_ohlc4
HOSE_VIX,VIX,2025-02-03 09:00:00,1618,4,7.7,8.02,7.7,7.89,11027200.0,86315408.0,derived_ohlc4
HOSE_VIX,VIX,2025-02-04 09:00:00,1619,4,7.92,8.14,7.92,8.14,24068300.0,193268449.00000003,derived_ohlc4
HOSE_VIX,VIX,2025-02-05 09:00:00,1620,4,8.18,8.18,8.0,8.01,18885900.0,152834145.75,derived_ohlc4
HOSE_VIX,VIX,2025-02-06 09:00:00,1621,4,8.1,8.26,8.02,8.06,23316200.0,189094382.0,derived_ohlc4
HOSE_VIX,VIX,2025-02-07 09:00:00,1622,4,8.14,8.14,8.02,8.1,10815300.0,87603930.0,derived_ohlc4
HOSE_VIX,VIX,2025-02-10 09:00:00,1623,4,8.06,8.1,7.97,7.99,20728200.0,166447446.0,derived_ohlc4
HOSE_VIX,VIX,2025-02-11 09:00:00,1624,4,7.99,8.02,7.97,7.97,8591300.0,68623008.74999999,derived_ohlc4
HOSE_VIX,VIX,2025-02-12 09:00:00,1625,4,7.97,8.14,7.97,8.01,15566200.0,124879839.49999999,derived_ohlc4
HOSE_VIX,VIX,2025-02-13 09:00:00,1626,4,8.01,8.18,7.99,8.06,17348500.0,139828910.0,derived_ohlc4
HOSE_VIX,VIX,2025-02-14 09:00:00,1627,4,8.1,8.26,8.1,8.14,25225600.0,205588640.0,derived_ohlc4
HOSE_VIX,VIX,2025-02-17 09:00:00,1628,4,8.18,8.7,8.14,8.62,87797000.0,738372770.0,derived_ohlc4
HOSE_VIX,VIX,2025-02-18 09:00:00,1629,4,8.7,8.94,8.58,8.78,42349200.0,370555500.0,derived_ohlc4
HOSE_VIX,VIX,2025-02-19 09:00:00,1630,4,8.86,8.98,8.78,8.98,49089700.0,436898329.99999994,derived_ohlc4
HOSE_VIX,VIX,2025-02-20 09:00:00,1631,4,9.02,9.18,8.9,9.02,49075500.0,443151765.00000006,derived_ohlc4
HOSE_VIX,VIX,2025-02-21 09:00:00,1632,4,8.98,9.06,8.9,9.06,29387600.0,264488400.0,derived_ohlc4
HOSE_VIX,VIX,2025-02-24 09:00:00,1633,4,9.02,9.26,8.94,9.22,42255300.0,384945783.0,derived_ohlc4
HOSE_VIX,VIX,2025-02-25 09:00:00,1634,4,9.26,9.39,9.14,9.18,51596300.0,476878802.75,derived_ohlc4
HOSE_VIX,VIX,2025-02-26 09:00:00,1635,4,9.22,9.39,9.14,9.18,36947400.0,341116870.5,derived_ohlc4
HOSE_VIX,VIX,2025-02-27 09:00:00,1636,4,9.22,9.3,8.98,9.22,39566700.0,363222306.00000006,derived_ohlc4
HOSE_VIX,VIX,2025-02-28 09:00:00,1637,4,9.22,9.39,9.1,9.18,35634800.0,328641943.0,derived_ohlc4
HOSE_VIX,VIX,2025-03-03 09:00:00,1638,4,9.18,9.63,9.06,9.47,65459400.0,611063499.0,derived_ohlc4
HOSE_VIX,VIX,2025-03-04 09:00:00,1639,4,9.39,9.51,8.82,9.22,96300700.0,889336964.5,derived_ohlc4
HOSE_VIX,VIX,2025-03-05 09:00:00,1640,4,9.22,9.39,8.9,8.9,59867900.0,544947559.75,derived_ohlc4
HOSE_VIX,VIX,2025-03-06 09:00:00,1641,4,9.02,9.51,8.98,9.51,113122700.0,1046950588.5000001,derived_ohlc4
HOSE_VIX,VIX,2025-03-07 09:00:00,1642,4,9.63,9.75,9.47,9.51,40172000.0,385249480.0,derived_ohlc4
HOSE_VIX,VIX,2025-03-10 09:00:00,1643,4,9.55,9.75,9.51,9.55,39652300.0,380265557.0,derived_ohlc4
HOSE_VIX,VIX,2025-03-11 09:00:00,1644,4,9.39,9.67,9.26,9.59,45997000.0,435936567.49999994,derived_ohlc4
HOSE_VIX,VIX,2025-03-12 09:00:00,1645,4,9.63,10.03,9.63,9.99,87926300.0,863436266.0,derived_ohlc4
HOSE_VIX,VIX,2025-03-13 09:00:00,1646,4,9.95,10.03,9.71,9.79,41309900.0,407728712.99999994,derived_ohlc4
HOSE_VIX,VIX,2025-03-14 09:00:00,1647,4,9.71,9.95,9.67,9.87,33569400.0,328980119.99999994,derived_ohlc4
HOSE_VIX,VIX,2025-03-17 09:00:00,1648,4,9.87,9.99,9.83,9.87,22900000.0,226480999.99999997,derived_ohlc4
HOSE_VIX,VIX,2025-03-18 09:00:00,1649,4,9.99,10.03,9.71,9.79,32914800.0,325198223.99999994,derived_ohlc4
HOSE_VIX,VIX,2025-03-19 09:00:00,1650,4,9.75,9.79,9.55,9.71,25783800.0,250102859.99999997,derived_ohlc4
HOSE_VIX,VIX,2025-03-20 09:00:00,1651,4,9.75,9.95,9.67,9.87,24819000.0,243474389.99999997,derived_ohlc4
HOSE_VIX,VIX,2025-03-21 09:00:00,1652,4,9.79,9.99,9.79,9.83,28560000.0,281316000.0,derived_ohlc4
HOSE_VIX,VIX,2025-03-24 09:00:00,1653,4,9.83,9.91,9.71,9.91,25081100.0,246798024.0,derived_ohlc4
HOSE_VIX,VIX,2025-03-25 09:00:00,1654,4,9.99,10.31,9.87,9.99,58779300.0,590144172.0,derived_ohlc4
HOSE_VIX,VIX,2025-03-26 09:00:00,1655,4,9.99,10.27,9.95,10.11,48809200.0,491996735.99999994,derived_ohlc4
HOSE_VIX,VIX,2025-03-27 09:00:00,1656,4,10.19,10.23,10.07,10.07,25071200.0,254221968.0,derived_ohlc4
HOSE_VIX,VIX,2025-03-28 09:00:00,1657,4,10.07,10.19,9.95,10.07,34013100.0,342511917.0,derived_ohlc4
HOSE_VIX,VIX,2025-03-31 09:00:00,1658,4,9.99,10.03,9.83,9.83,27401500.0,271822880.0,derived_ohlc4
HOSE_VIX,VIX,2025-04-01 09:00:00,1659,4,9.91,10.11,9.87,10.03,20158400.0,201180832.0,derived_ohlc4
HOSE_VIX,VIX,2025-04-02 09:00:00,1660,4,10.11,10.51,10.03,10.39,62087700.0,637019802.0,derived_ohlc4
HOSE_VIX,VIX,2025-04-03 09:00:00,1661,4,9.99,10.11,9.67,9.67,71170000.0,701736200.0000001,derived_ohlc4
HOSE_VIX,VIX,2025-04-04 09:00:00,1662,4,9.02,9.63,9.02,9.63,77554400.0,723194780.0,derived_ohlc4
HOSE_VIX,VIX,2025-04-08 09:00:00,1663,4,9.3,9.47,8.98,8.98,21589100.0,198241910.75000003,derived_ohlc4
HOSE_VIX,VIX,2025-04-09 09:00:00,1664,4,8.38,8.86,8.38,8.38,92920700.0,789825950.0000001,derived_ohlc4
HOSE_VIX,VIX,2025-04-10 09:00:00,1665,4,8.94,8.94,8.94,8.94,1233300.0,11025702.0,derived_ohlc4
HOSE_VIX,VIX,2025-04-11 09:00:00,1666,4,9.39,9.55,9.06,9.55,71997000.0,675871837.5,derived_ohlc4
HOSE_VIX,VIX,2025-04-14 09:00:00,1667,4,9.67,10.19,9.55,10.19,61248500.0,606360150.0,derived_ohlc4
HOSE_VIX,VIX,2025-04-15 09:00:00,1668,4,10.19,10.51,9.83,10.11,51452100.0,522753336.0,derived_ohlc4
HOSE_VIX,VIX,2025-04-16 09:00:00,1669,4,10.23,10.31,9.91,9.99,30521000.0,308567310.0,derived_ohlc4
HOSE_VIX,VIX,2025-04-17 09:00:00,1670,4,9.87,10.27,9.87,10.07,37149800.0,372240996.0,derived_ohlc4
HOSE_VIX,VIX,2025-04-18 09:00:00,1671,4,10.23,10.59,10.11,10.19,90243800.0,927706264.0,derived_ohlc4
HOSE_VIX,VIX,2025-04-21 09:00:00,1672,4,10.39,10.47,9.87,10.03,42548600.0,433570234.0,derived_ohlc4
HOSE_VIX,VIX,2025-04-22 09:00:00,1673,4,9.83,10.07,9.35,9.79,109293200.0,1066701632.0,derived_ohlc4
HOSE_VIX,VIX,2025-04-23 09:00:00,1674,4,10.15,10.19,9.83,9.83,23702500.0,237025000.0,derived_ohlc4
HOSE_VIX,VIX,2025-04-24 09:00:00,1675,4,9.95,9.95,9.51,9.71,42194500.0,412662210.0,derived_ohlc4
HOSE_VIX,VIX,2025-04-25 09:00:00,1676,4,9.83,9.83,9.55,9.63,24851100.0,241304181.00000003,derived_ohlc4
HOSE_VIX,VIX,2025-04-28 09:00:00,1677,4,9.75,9.79,9.59,9.67,18906700.0,183394990.0,derived_ohlc4
HOSE_VIX,VIX,2025-04-29 09:00:00,1678,4,9.67,9.75,9.59,9.59,17988200.0,173586130.0,derived_ohlc4
HOSE_VIX,VIX,2025-05-05 09:00:00,1679,4,9.71,10.11,9.67,9.99,33787000.0,333477690.00000006,derived_ohlc4
HOSE_VIX,VIX,2025-05-06 09:00:00,1680,4,10.07,10.15,9.83,9.87,30955400.0,308934891.99999994,derived_ohlc4
HOSE_VIX,VIX,2025-05-07 09:00:00,1681,4,9.83,9.95,9.71,9.75,27039700.0,265259457.0,derived_ohlc4
HOSE_VIX,VIX,2025-05-08 09:00:00,1682,4,9.83,10.03,9.79,9.95,25755200.0,254976479.99999997,derived_ohlc4
HOSE_VIX,VIX,2025-05-09 09:00:00,1683,4,10.03,10.27,9.95,9.99,38831900.0,390648913.99999994,derived_ohlc4
HOSE_VIX,VIX,2025-05-12 09:00:00,1684,4,10.07,10.15,9.95,10.11,29467400.0,296736718.0,derived_ohlc4
HOSE_VIX,VIX,2025-05-13 09:00:00,1685,4,10.35,10.63,10.19,10.31,60474000.0,627115380.0000001,derived_ohlc4
HOSE_VIX,VIX,2025-05-14 09:00:00,1686,4,10.31,10.51,10.19,10.31,37213600.0,384416488.0,derived_ohlc4
HOSE_VIX,VIX,2025-05-15 09:00:00,1687,4,10.39,10.55,10.19,10.51,47917400.0,498820134.0,derived_ohlc4
HOSE_VIX,VIX,2025-05-16 09:00:00,1688,4,10.55,10.75,10.47,10.47,67956900.0,717624864.0,derived_ohlc4
HOSE_VIX,VIX,2025-05-19 09:00:00,1689,4,10.39,10.55,10.27,10.27,43199400.0,447977778.00000006,derived_ohlc4
HOSE_VIX,VIX,2025-05-20 09:00:00,1690,4,10.31,10.75,10.19,10.67,64797400.0,679076752.0,derived_ohlc4
HOSE_VIX,VIX,2025-05-21 09:00:00,1691,4,10.79,10.91,10.63,10.75,49411300.0,532159701.0,derived_ohlc4
HOSE_VIX,VIX,2025-05-22 09:00:00,1692,4,10.79,11.43,10.71,10.87,105880300.0,1159389285.0,derived_ohlc4
HOSE_VIX,VIX,2025-05-23 09:00:00,1693,4,11.07,11.11,10.67,10.75,42501200.0,463263080.0,derived_ohlc4
HOSE_VIX,VIX,2025-05-26 09:00:00,1694,4,10.79,10.95,10.39,10.87,54036500.0,580892374.9999999,derived_ohlc4
HOSE_VIX,VIX,2025-05-27 09:00:00,1695,4,10.95,11.11,10.79,10.91,46189100.0,505308753.9999999,derived_ohlc4
HOSE_VIX,VIX,2025-05-28 09:00:00,1696,4,11.11,11.39,10.87,11.07,74828200.0,831341302.0,derived_ohlc4
HOSE_VIX,VIX,2025-05-29 09:00:00,1697,4,11.15,11.43,10.99,11.15,55360700.0,618932626.0,derived_ohlc4
HOSE_VIX,VIX,2025-05-30 09:00:00,1698,4,11.15,11.31,10.83,10.95,44885500.0,496433629.99999994,derived_ohlc4
HOSE_VIX,VIX,2025-06-02 09:00:00,1699,4,10.91,11.15,10.83,11.15,33480800.0,368623608.0,derived_ohlc4
HOSE_VIX,VIX,2025-06-03 09:00:00,1700,4,11.35,11.59,11.19,11.27,65402200.0,742314969.9999999,derived_ohlc4
HOSE_VIX,VIX,2025-06-04 09:00:00,1701,4,11.31,11.51,11.23,11.31,39324700.0,445942098.0,derived_ohlc4
HOSE_VIX,VIX,2025-06-05 09:00:00,1702,4,11.31,11.39,10.99,11.11,50710300.0,567955360.0,derived_ohlc4
HOSE_VIX,VIX,2025-06-06 09:00:00,1703,4,11.07,11.11,10.79,10.87,47686000.0,522638559.99999994,derived_ohlc4
HOSE_VIX,VIX,2025-06-09 09:00:00,1704,4,10.87,10.95,10.51,10.55,37896600.0,406251551.99999994,derived_ohlc4
HOSE_VIX,VIX,2025-06-10 09:00:00,1705,4,10.55,10.79,10.55,10.59,38515700.0,409036734.00000006,derived_ohlc4
HOSE_VIX,VIX,2025-06-11 09:00:00,1706,4,10.71,10.83,10.59,10.67,23927500.0,256024249.99999997,derived_ohlc4
HOSE_VIX,VIX,2025-06-12 09:00:00,1707,4,10.75,10.87,10.71,10.75,26886400.0,289566528.0,derived_ohlc4
HOSE_VIX,VIX,2025-06-13 09:00:00,1708,4,10.55,10.63,10.27,10.43,65948900.0,690484982.9999999,derived_ohlc4
HOSE_VIX,VIX,2025-06-16 09:00:00,1709,4,10.35,10.67,10.35,10.67,23979700.0,252026647.0,derived_ohlc4
HOSE_VIX,VIX,2025-06-17 09:00:00,1710,4,10.71,10.75,10.51,10.55,27625800.0,293662254.0,derived_ohlc4
HOSE_VIX,VIX,2025-06-18 09:00:00,1711,4,10.76,10.8,10.59,10.63,22702900.0,242807515.50000006,derived_ohlc4
HOSE_VIX,VIX,2025-06-19 09:00:00,1712,4,10.63,10.63,10.46,10.51,15391600.0,162496817.00000003,derived_ohlc4
HOSE_VIX,VIX,2025-06-20 09:00:00,1713,4,10.59,10.72,10.55,10.59,14686900.0,155864726.25,derived_ohlc4
HOSE_VIX,VIX,2025-06-23 09:00:00,1714,4,10.51,10.55,10.25,10.51,22294700.0,233091088.5,derived_ohlc4
HOSE_VIX,VIX,2025-06-24 09:00:00,1715,4,10.72,11.06,10.68,10.89,53372200.0,578421217.5,derived_ohlc4
HOSE_VIX,VIX,2025-06-25 09:00:00,1716,4,10.93,10.97,10.8,10.84,21455400.0,233542029.00000003,derived_ohlc4
HOSE_VIX,VIX,2025-06-26 09:00:00,1717,4,10.8,10.84,10.63,10.72,17666900.0,189875007.75,derived_ohlc4
HOSE_VIX,VIX,2025-06-27 09:00:00,1718,4,10.84,10.89,10.68,10.72,16828200.0,181450066.49999997,derived_ohlc4
HOSE_VIX,VIX,2025-06-30 09:00:00,1719,4,10.89,10.97,10.76,10.76,19153200.0,207716453.99999997,derived_ohlc4
HOSE_VIX,VIX,2025-07-01 09:00:00,1720,4,10.89,10.89,10.68,10.8,25903800.0,280149597.00000006,derived_ohlc4
HOSE_VIX,VIX,2025-07-02 09:00:00,1721,4,10.8,11.52,10.8,11.52,120961800.0,1349933688.0,derived_ohlc4
HOSE_VIX,VIX,2025-07-03 09:00:00,1722,4,11.56,12.32,11.48,11.94,125401100.0,1482868007.5,derived_ohlc4
HOSE_VIX,VIX,2025-07-04 09:00:00,1723,4,12.07,12.49,12.07,12.28,74330400.0,908874966.0000001,derived_ohlc4
HOSE_VIX,VIX,2025-07-07 09:00:00,1724,4,12.45,12.83,12.28,12.53,69939100.0,875812379.7500001,derived_ohlc4
HOSE_VIX,VIX,2025-07-08 09:00:00,1725,4,12.53,12.83,12.45,12.78,55672600.0,704119208.5,derived_ohlc4
HOSE_VIX,VIX,2025-07-09 09:00:00,1726,4,12.91,13.5,12.91,13.12,60326700.0,790883037.0,derived_ohlc4
HOSE_VIX,VIX,2025-07-10 09:00:00,1727,4,13.21,13.29,12.83,13.16,46300600.0,607579623.5,derived_ohlc4
HOSE_VIX,VIX,2025-07-11 09:00:00,1728,4,13.16,13.59,13.04,13.38,50644800.0,673196004.0,derived_ohlc4
HOSE_VIX,VIX,2025-07-14 09:00:00,1729,4,13.38,13.42,12.95,13.33,46475900.0,616735193.0,derived_ohlc4
HOSE_VIX,VIX,2025-07-15 09:00:00,1730,4,13.29,14.09,13.25,13.5,60606300.0,820154754.7499999,derived_ohlc4
HOSE_VIX,VIX,2025-07-16 09:00:00,1731,4,13.5,14.43,13.5,14.43,91904900.0,1283451928.5,derived_ohlc4
HOSE_VIX,VIX,2025-07-17 09:00:00,1732,4,14.94,15.19,14.64,14.9,51288400.0,765094706.9999999,derived_ohlc4
HOSE_VIX,VIX,2025-07-18 09:00:00,1733,4,15.11,15.91,15.02,15.91,65011100.0,1006859411.25,derived_ohlc4
HOSE_VIX,VIX,2025-07-21 09:00:00,1734,4,16.41,16.62,15.7,16.29,71038700.0,1154734068.5000002,derived_ohlc4
HOSE_VIX,VIX,2025-07-22 09:00:00,1735,4,16.16,17.43,16.12,17.43,61721300.0,1035992020.5000002,derived_ohlc4
HOSE_VIX,VIX,2025-07-23 09:00:00,1736,4,18.14,18.61,17.6,18.27,64590100.0,1172633265.5,derived_ohlc4
HOSE_VIX,VIX,2025-07-24 09:00:00,1737,4,18.57,18.99,18.06,18.99,44869600.0,836930214.0,derived_ohlc4
HOSE_VIX,VIX,2025-07-25 09:00:00,1738,4,19.32,20.3,19.16,20.3,35258900.0,697068453.0,derived_ohlc4
HOSE_VIX,VIX,2025-07-28 09:00:00,1739,4,21.6,21.69,21.22,21.69,32943200.0,709925960.0,derived_ohlc4
HOSE_VIX,VIX,2025-07-29 09:00:00,1740,4,23.08,23.08,20.21,20.21,118786000.0,2571122970.0000005,derived_ohlc4
HOSE_VIX,VIX,2025-07-30 09:00:00,1741,4,20.59,21.6,19.79,21.6,72979100.0,1524898294.5,derived_ohlc4
HOSE_VIX,VIX,2025-07-31 09:00:00,1742,4,22.2,23.04,21.56,23.04,54199600.0,1217323016.0,derived_ohlc4
HOSE_VIX,VIX,2025-08-01 09:00:00,1743,4,23.04,23.46,21.94,22.2,50221700.0,1138023722.0,derived_ohlc4
HOSE_VIX,VIX,2025-08-04 09:00:00,1744,4,21.39,23.54,21.35,23.38,45086000.0,1010602690.0,derived_ohlc4
HOSE_VIX,VIX,2025-08-05 09:00:00,1745,4,24.01,24.01,21.77,22.62,77812600.0,1797665591.5000002,derived_ohlc4
HOSE_VIX,VIX,2025-08-06 09:00:00,1746,4,22.74,24.18,22.32,24.05,60174500.0,1403419776.25,derived_ohlc4
HOSE_VIX,VIX,2025-08-07 09:00:00,1747,4,24.64,24.64,23.42,23.92,39959500.0,965221722.5,derived_ohlc4
HOSE_VIX,VIX,2025-08-08 09:00:00,1748,4,24.09,24.64,23.5,24.05,52277200.0,1258312204.0,derived_ohlc4
HOSE_VIX,VIX,2025-08-11 09:00:00,1749,4,24.47,25.28,23.97,24.68,46874400.0,1153110240.0,derived_ohlc4
HOSE_VIX,VIX,2025-08-12 09:00:00,1750,4,24.98,25.49,24.47,25.32,31299200.0,784514447.9999999,derived_ohlc4
HOSE_VIX,VIX,2025-08-13 09:00:00,1751,4,25.32,25.7,23.88,25.61,61939500.0,1556384786.2499998,derived_ohlc4
HOSE_VIX,VIX,2025-08-14 09:00:00,1752,4,25.74,27.38,25.7,27.38,38549200.0,1023481259.9999999,derived_ohlc4
HOSE_VIX,VIX,2025-08-15 09:00:00,1753,4,29.28,29.28,28.27,29.28,45093800.0,1308960279.5,derived_ohlc4
HOSE_VIX,VIX,2025-08-18 09:00:00,1754,4,30.72,31.22,29.75,31.22,38995000.0,1198218862.5,derived_ohlc4
HOSE_VIX,VIX,2025-08-19 09:00:00,1755,4,31.44,32.11,30.21,30.63,33039100.0,1027433412.2499999,derived_ohlc4
HOSE_VIX,VIX,2025-08-20 09:00:00,1756,4,30.63,31.6,28.52,30.8,48731400.0,1480825417.5,derived_ohlc4
HOSE_VIX,VIX,2025-08-21 09:00:00,1757,4,31.48,31.65,29.54,29.54,33667700.0,1028632404.2499999,derived_ohlc4
HOSE_VIX,VIX,2025-08-22 09:00:00,1758,4,29.03,29.96,27.76,29.12,43479600.0,1259495313.0,derived_ohlc4
HOSE_VIX,VIX,2025-08-25 09:00:00,1759,4,30.76,30.76,27.26,27.51,35657100.0,1036641039.75,derived_ohlc4
HOSE_VIX,VIX,2025-08-26 09:00:00,1760,4,27.38,29.41,27.26,29.41,32111700.0,910848370.5,derived_ohlc4
HOSE_VIX,VIX,2025-08-27 09:00:00,1761,4,30.42,31.44,29.96,31.1,61173100.0,1879849362.9999998,derived_ohlc4
HOSE_VIX,VIX,2025-08-28 09:00:00,1762,4,31.22,32.45,30.25,32.41,58098900.0,1834908509.25,derived_ohlc4
HOSE_VIX,VIX,2025-08-29 09:00:00,1763,4,32.74,33.12,31.77,31.82,64672100.0,2092950836.2499998,derived_ohlc4
HOSE_VIX,VIX,2025-09-03 09:00:00,1764,4,31.73,31.94,31.14,31.6,22924900.0,724484152.25,derived_ohlc4
HOSE_VIX,VIX,2025-09-04 09:00:00,1765,4,31.94,32.03,31.31,31.65,24527700.0,778325240.25,derived_ohlc4
HOSE_VIX,VIX,2025-09-05 09:00:00,1766,4,32.07,32.07,29.96,30.38,38178100.0,1188102472.0,derived_ohlc4
HOSE_VIX,VIX,2025-09-08 09:00:00,1767,4,30.34,30.34,28.27,28.27,48937200.0,1434104646.0,derived_ohlc4
HOSE_VIX,VIX,2025-09-09 09:00:00,1768,4,27.51,29.96,26.62,29.96,38455200.0,1096453890.0,derived_ohlc4
HOSE_VIX,VIX,2025-09-10 09:00:00,1769,4,30.72,30.76,29.66,30.21,33130600.0,1005099577.5,derived_ohlc4
HOSE_VIX,VIX,2025-09-11 09:00:00,1770,4,30.13,30.13,28.1,29.37,44949800.0,1322984988.5,derived_ohlc4
HOSE_VIX,VIX,2025-09-12 09:00:00,1771,4,29.58,29.66,28.99,29.54,27309800.0,804068786.4999999,derived_ohlc4
HOSE_VIX,VIX,2025-09-15 09:00:00,1772,4,30.8,31.6,30.38,31.6,49369000.0,1535129055.0,derived_ohlc4
HOSE_VIX,VIX,2025-09-16 09:00:00,1773,4,33.71,33.71,31.65,32.07,62363500.0,2044587347.4999998,derived_ohlc4
HOSE_VIX,VIX,2025-09-17 09:00:00,1774,4,31.65,31.82,30.8,30.8,20204000.0,631728570.0,derived_ohlc4
HOSE_VIX,VIX,2025-09-18 09:00:00,1775,4,30.97,31.6,30.13,31.22,27618300.0,855614934.0,derived_ohlc4
HOSE_VIX,VIX,2025-09-19 09:00:00,1776,4,31.31,31.65,29.7,29.7,39114500.0,1196512555.0,derived_ohlc4
HOSE_VIX,VIX,2025-09-22 09:00:00,1777,4,30.38,30.55,28.31,30.51,47687900.0,1427656506.25,derived_ohlc4
HOSE_VIX,VIX,2025-09-23 09:00:00,1778,4,30.51,31.39,30.17,31.14,23333000.0,718714732.5,derived_ohlc4
HOSE_VIX,VIX,2025-09-24 09:00:00,1779,4,31.35,31.35,30.38,31.31,25941200.0,806706467.0,derived_ohlc4
HOSE_VIX,VIX,2025-09-25 09:00:00,1780,4,31.48,32.07,31.27,31.44,24967300.0,788092824.5,derived_ohlc4
HOSE_VIX,VIX,2025-09-26 09:00:00,1781,4,31.56,31.56,30.34,30.38,22037800.0,682290288.0,derived_ohlc4
HOSE_VIX,VIX,2025-09-29 09:00:00,1782,4,30.38,30.97,29.96,30.46,17398800.0,529662969.00000006,derived_ohlc4
HOSE_VIX,VIX,2025-09-30 09:00:00,1783,4,30.8,30.8,29.66,30.46,17665600.0,537564208.0,derived_ohlc4
HOSE_VIX,VIX,2025-10-01 09:00:00,1784,4,31.06,31.9,30.84,31.22,31091800.0,971774209.0,derived_ohlc4
HOSE_VIX,VIX,2025-10-02 09:00:00,1785,4,31.65,31.65,30.42,30.55,14714700.0,457148942.25,derived_ohlc4
HOSE_VIX,VIX,2025-10-03 09:00:00,1786,4,30.46,30.46,29.62,29.96,22114400.0,666196300.0,derived_ohlc4
HOSE_VIX,VIX,2025-10-06 09:00:00,1787,4,30.8,32.03,30.38,32.03,44750500.0,1401138155.0,derived_ohlc4
HOSE_VIX,VIX,2025-10-07 09:00:00,1788,4,32.07,32.83,31.52,31.65,27375700.0,876501474.75,derived_ohlc4
HOSE_VIX,VIX,2025-10-08 09:00:00,1789,4,32.49,32.7,30.84,32.15,41788400.0,1339109278.0,derived_ohlc4
HOSE_VIX,VIX,2025-10-09 09:00:00,1790,4,32.83,32.83,31.73,32.15,31750600.0,1028243180.9999999,derived_ohlc4
HOSE_VIX,VIX,2025-10-10 09:00:00,1791,4,32.07,32.66,31.6,31.77,40677300.0,1302690532.5,derived_ohlc4
HOSE_VIX,VIX,2025-10-13 09:00:00,1792,4,31.27,31.77,30.97,31.65,33204000.0,1043103660.0,derived_ohlc4
HOSE_VIX,VIX,2025-10-14 09:00:00,1793,4,32.24,33.8,32.15,33.0,76556600.0,2510865088.5,derived_ohlc4
HOSE_VIX,VIX,2025-10-15 09:00:00,1794,4,33.59,33.92,33.04,33.42,42894900.0,1436657438.2500002,derived_ohlc4
HOSE_VIX,VIX,2025-10-16 09:00:00,1795,4,33.8,34.14,33.08,33.38,37095400.0,1246405440.0,derived_ohlc4
HOSE_VIX,VIX,2025-10-17 09:00:00,1796,4,33.5,33.88,32.28,32.41,42432700.0,1401021672.25,derived_ohlc4
HOSE_VIX,VIX,2025-10-20 09:00:00,1797,4,32.24,32.91,30.17,30.17,45007500.0,1411997793.75,derived_ohlc4
HOSE_VIX,VIX,2025-10-21 09:00:00,1798,4,30.0,30.55,28.19,29.28,76646100.0,2261443180.5,derived_ohlc4
HOSE_VIX,VIX,2025-10-22 09:00:00,1799,4,29.41,29.62,27.43,29.37,35307200.0,1022408244.0000001,derived_ohlc4
HOSE_VIX,VIX,2025-10-23 09:00:00,1800,4,29.54,29.54,27.93,27.93,22088700.0,634718794.5,derived_ohlc4
HOSE_VIX,VIX,2025-10-24 09:00:00,1801,4,27.64,27.68,26.12,26.12,51360700.0,1381089223.0,derived_ohlc4
HOSE_VIX,VIX,2025-10-27 09:00:00,1802,4,26.16,27.76,25.99,26.16,56368900.0,1494762305.75,derived_ohlc4
HOSE_VIX,VIX,2025-10-28 09:00:00,1803,4,26.58,27.0,26.03,27.0,27812200.0,741264660.5,derived_ohlc4
HOSE_VIX,VIX,2025-10-29 09:00:00,1804,4,27.05,27.17,26.24,26.58,26712800.0,714834528.0,derived_ohlc4
HOSE_VIX,VIX,2025-10-30 09:00:00,1805,4,26.67,26.67,24.73,24.73,65614800.0,1686300360.0000002,derived_ohlc4
HOSE_VIX,VIX,2025-10-31 09:00:00,1806,4,24.47,25.23,23.25,23.63,47723100.0,1152274249.5,derived_ohlc4
HOSE_VIX,VIX,2025-11-03 09:00:00,1807,4,23.63,23.76,21.98,21.98,70721900.0,1615111391.2500002,derived_ohlc4
HOSE_VIX,VIX,2025-11-04 09:00:00,1808,4,21.69,23.5,21.69,23.5,63196200.0,1427918139.0,derived_ohlc4
HOSE_VIX,VIX,2025-11-05 09:00:00,1809,4,23.5,23.5,22.57,22.83,32145600.0,742563359.9999999,derived_ohlc4
HOSE_VIX,VIX,2025-11-06 09:00:00,1810,4,22.78,22.95,21.98,22.15,26169600.0,587900064.0000001,derived_ohlc4
HOSE_VIX,VIX,2025-11-07 09:00:00,1811,4,22.15,22.49,20.68,20.68,32217700.0,692680550.0,derived_ohlc4
HOSE_VIX,VIX,2025-11-10 09:00:00,1812,4,20.55,20.97,19.41,19.75,60743300.0,1225192361.0,derived_ohlc4
HOSE_VIX,VIX,2025-11-11 09:00:00,1813,4,20.0,20.59,19.58,20.55,41135600.0,830116408.0,derived_ohlc4
HOSE_VIX,VIX,2025-11-12 09:00:00,1814,4,20.93,21.73,20.55,21.48,52122100.0,1103555162.25,derived_ohlc4
HOSE_VIX,VIX,2025-11-13 09:00:00,1815,4,21.52,21.56,20.93,21.1,36123000.0,768607132.4999999,derived_ohlc4
HOSE_VIX,VIX,2025-11-14 09:00:00,1816,4,21.01,22.15,20.84,21.77,47746700.0,1023808614.75,derived_ohlc4
HOSE_VIX,VIX,2025-11-17 09:00:00,1817,4,21.9,22.07,21.56,21.94,30010300.0,656250235.25,derived_ohlc4
HOSE_VIX,VIX,2025-11-18 09:00:00,1818,4,22.03,22.53,21.6,21.94,44335700.0,976493792.4999999,derived_ohlc4
HOSE_VIX,VIX,2025-11-19 09:00:00,1819,4,21.9,21.94,20.72,21.1,42804700.0,916662650.5,derived_ohlc4
HOSE_VIX,VIX,2025-11-20 09:00:00,1820,4,21.1,21.39,20.34,20.72,37869700.0,791003358.75,derived_ohlc4
HOSE_VIX,VIX,2025-11-21 09:00:00,1821,4,20.34,20.38,19.41,19.66,67511600.0,1346687640.9999998,derived_ohlc4
HOSE_VIX,VIX,2025-11-24 09:00:00,1822,4,19.87,20.25,19.58,19.87,30323000.0,603200277.5,derived_ohlc4
HOSE_VIX,VIX,2025-11-25 09:00:00,1823,4,19.96,19.96,18.9,19.32,52352900.0,1022713901.5,derived_ohlc4
HOSE_VIX,VIX,2025-11-26 09:00:00,1824,4,19.54,20.68,19.49,20.68,62793200.0,1261986336.9999998,derived_ohlc4
HOSE_VIX,VIX,2025-11-27 09:00:00,1825,4,21.1,21.98,20.93,21.22,69072000.0,1471751639.9999998,derived_ohlc4
HOSE_VIX,VIX,2025-11-28 09:00:00,1826,4,21.44,21.44,20.55,20.68,58439100.0,1228828175.2500002,derived_ohlc4
HOSE_VIX,VIX,2025-12-01 09:00:00,1827,4,20.76,21.18,20.3,20.68,36431200.0,755218775.9999999,derived_ohlc4
HOSE_VIX,VIX,2025-12-02 09:00:00,1828,4,20.72,20.72,19.92,20.63,40952900.0,839432067.75,derived_ohlc4
HOSE_VIX,VIX,2025-12-03 09:00:00,1829,4,20.8,20.8,20.21,20.51,31580800.0,649932864.0,derived_ohlc4
HOSE_VIX,VIX,2025-12-04 09:00:00,1830,4,20.68,21.31,20.68,21.14,54467800.0,1141236579.5,derived_ohlc4
HOSE_VIX,VIX,2025-12-05 09:00:00,1831,4,21.22,21.39,20.55,20.59,33275900.0,696714156.25,derived_ohlc4
HOSE_VIX,VIX,2025-12-08 09:00:00,1832,4,20.72,20.72,19.83,19.87,31307000.0,635062495.0,derived_ohlc4
HOSE_VIX,VIX,2025-12-09 09:00:00,1833,4,19.58,19.96,18.9,19.83,59310100.0,1160550381.75,derived_ohlc4
HOSE_VIX,VIX,2025-12-10 09:00:00,1834,4,19.83,20.25,19.24,19.41,29271800.0,576142203.4999999,derived_ohlc4
HOSE_VIX,VIX,2025-12-11 09:00:00,1835,4,19.54,19.96,19.37,19.75,24943000.0,490254665.0,derived_ohlc4
HOSE_VIX,VIX,2025-12-12 09:00:00,1836,4,19.92,19.92,18.4,18.4,42260300.0,809707348.0,derived_ohlc4
HOSE_VIX,VIX,2025-12-15 09:00:00,1837,4,18.44,18.86,18.02,18.4,35419500.0,652781385.0,derived_ohlc4
HOSE_VIX,VIX,2025-12-16 09:00:00,1838,4,18.57,19.45,17.72,19.32,49663400.0,931933701.0,derived_ohlc4
HOSE_VIX,VIX,2025-12-17 09:00:00,1839,4,19.32,19.37,18.65,18.78,23712200.0,451243166.0,derived_ohlc4
HOSE_VIX,VIX,2025-12-18 09:00:00,1840,4,18.86,18.86,18.31,18.57,25574600.0,476966289.99999994,derived_ohlc4
HOSE_VIX,VIX,2025-12-19 09:00:00,1841,4,18.69,18.99,18.52,18.82,30813100.0,577899690.5000001,derived_ohlc4
HOSE_VIX,VIX,2025-12-22 09:00:00,1842,4,19.11,20.0,18.9,19.83,53301700.0,1037251082.0,derived_ohlc4
HOSE_VIX,VIX,2025-12-23 09:00:00,1843,4,20.0,20.51,19.7,20.17,49114300.0,986951858.5000001,derived_ohlc4
HOSE_VIX,VIX,2025-12-24 09:00:00,1844,4,20.17,20.25,19.7,19.92,27920300.0,558685203.0,derived_ohlc4
HOSE_VIX,VIX,2025-12-25 09:00:00,1845,4,20.0,20.55,19.41,19.41,37860500.0,751246971.2499999,derived_ohlc4
HOSE_VIX,VIX,2025-12-26 09:00:00,1846,4,19.41,19.66,18.52,19.24,45212700.0,868422935.25,derived_ohlc4
HOSE_VIX,VIX,2025-12-29 09:00:00,1847,4,19.41,19.58,19.16,19.24,13699000.0,265041402.49999994,derived_ohlc4
HOSE_VIX,VIX,2025-12-30 09:00:00,1848,4,19.37,19.54,19.16,19.32,24743400.0,478722931.49999994,derived_ohlc4
HOSE_VIX,VIX,2025-12-31 09:00:00,1849,4,19.45,19.45,18.9,18.99,19042200.0,365562634.49999994,derived_ohlc4
HOSE_VIX,VIX,2026-01-05 09:00:00,1850,4,19.11,19.11,17.68,17.72,81265400.0,1495689687.0,derived_ohlc4
HOSE_VIX,VIX,2026-01-06 09:00:00,1851,4,17.85,18.14,17.0,17.72,43164400.0,763038681.0000001,derived_ohlc4
HOSE_VIX,VIX,2026-01-07 09:00:00,1852,4,18.02,18.74,17.98,18.44,31417800.0,574788651.0,derived_ohlc4
HOSE_VIX,VIX,2026-01-08 09:00:00,1853,4,18.57,19.2,18.31,18.57,47483100.0,886153353.7500001,derived_ohlc4
HOSE_VIX,VIX,2026-01-09 09:00:00,1854,4,18.82,18.9,17.64,18.06,58468700.0,1073192988.5,derived_ohlc4
HOSE_VIX,VIX,2026-01-12 09:00:00,1855,4,18.23,19.28,18.1,19.28,61552500.0,1152416681.2500002,derived_ohlc4
HOSE_VIX,VIX,2026-01-13 09:00:00,1856,4,19.83,20.59,19.79,20.59,101441500.0,2049118300.0,derived_ohlc4
HOSE_VIX,VIX,2026-01-14 09:00:00,1857,4,20.84,21.18,20.0,20.84,62550900.0,1295741893.5,derived_ohlc4
HOSE_VIX,VIX,2026-01-15 09:00:00,1858,4,21.01,21.73,20.68,21.18,70439100.0,1489786965.0,derived_ohlc4
HOSE_VIX,VIX,2026-01-16 09:00:00,1859,4,21.48,21.48,20.42,20.84,50481500.0,1062887982.5,derived_ohlc4
HOSE_VIX,VIX,2026-01-19 09:00:00,1860,4,20.89,22.28,20.68,21.94,68096700.0,1460503973.25,derived_ohlc4
HOSE_VIX,VIX,2026-01-20 09:00:00,1861,4,22.11,22.11,21.14,21.56,47641400.0,1035247622.0,derived_ohlc4
HOSE_VIX,VIX,2026-01-21 09:00:00,1862,4,21.27,21.31,20.08,20.55,83006800.0,1726748956.9999998,derived_ohlc4
HOSE_VIX,VIX,2026-01-22 09:00:00,1863,4,20.72,21.06,20.25,20.76,32701000.0,676828947.5,derived_ohlc4
HOSE_VIX,VIX,2026-01-23 09:00:00,1864,4,20.84,21.22,20.42,20.51,39699100.0,823657077.2500001,derived_ohlc4
HOSE_VIX,VIX,2026-01-26 09:00:00,1865,4,20.51,20.51,19.07,19.2,63125500.0,1251305223.75,derived_ohlc4
HOSE_VIX,VIX,2026-01-27 09:00:00,1866,4,19.37,19.49,18.86,19.07,35429100.0,680150147.2499999,derived_ohlc4
HOSE_VIX,VIX,2026-01-28 09:00:00,1867,4,19.24,19.24,18.36,18.61,46517200.0,877430684.9999999,derived_ohlc4
HOSE_VIX,VIX,2026-01-29 09:00:00,1868,4,18.74,19.16,18.57,18.57,20249900.0,379888123.99999994,derived_ohlc4
HOSE_VIX,VIX,2026-01-30 09:00:00,1869,4,18.69,19.16,18.27,19.07,29034300.0,545772254.25,derived_ohlc4
HOSE_VIX,VIX,2026-02-02 09:00:00,1870,4,19.11,19.11,18.19,18.48,36799000.0,688969277.5,derived_ohlc4
HOSE_VIX,VIX,2026-02-03 09:00:00,1871,4,18.69,19.45,18.65,19.16,35162000.0,667638475.0,derived_ohlc4
HOSE_VIX,VIX,2026-02-04 09:00:00,1872,4,19.37,19.79,19.07,19.07,29567100.0,571384207.5,derived_ohlc4
HOSE_VIX,VIX,2026-02-05 09:00:00,1873,4,19.24,19.24,18.65,18.74,20586500.0,390474438.74999994,derived_ohlc4
HOSE_VIX,VIX,2026-02-06 09:00:00,1874,4,18.65,18.69,17.89,17.89,38422700.0,702366956.0,derived_ohlc4
HOSE_VIX,VIX,2026-02-09 09:00:00,1875,4,18.19,18.27,17.6,17.6,20836400.0,373284106.0,derived_ohlc4
HOSE_VIX,VIX,2026-02-10 09:00:00,1876,4,17.76,18.1,17.38,17.89,24398100.0,433859213.25,derived_ohlc4
HOSE_VIX,VIX,2026-02-11 09:00:00,1877,4,18.02,18.95,17.98,18.74,30255200.0,557376422.0,derived_ohlc4
HOSE_VIX,VIX,2026-02-12 09:00:00,1878,4,18.9,18.9,18.31,18.48,15658100.0,291984419.75,derived_ohlc4
HOSE_VIX,VIX,2026-02-13 09:00:00,1879,4,18.48,19.32,18.27,19.03,32444100.0,609137977.5,derived_ohlc4
HOSE_VIX,VIX,2026-02-23 09:00:00,1880,4,19.07,19.32,18.23,19.2,49055300.0,929843211.5000001,derived_ohlc4
HOSE_VIX,VIX,2026-02-24 09:00:00,1881,4,19.03,20.38,18.99,19.58,55193100.0,1075989484.4999998,derived_ohlc4
HOSE_VIX,VIX,2026-02-25 09:00:00,1882,4,19.87,19.92,19.24,19.28,36493600.0,714453454.0,derived_ohlc4
HOSE_VIX,VIX,2026-02-26 09:00:00,1883,4,19.32,19.54,18.99,19.11,30662100.0,589938804.0,derived_ohlc4
HOSE_VIX,VIX,2026-02-27 09:00:00,1884,4,19.16,19.49,18.74,18.99,31571200.0,602852064.0,derived_ohlc4
HOSE_VIX,VIX,2026-03-02 09:00:00,1885,4,17.98,18.78,17.98,18.06,55476100.0,1009665020.0000001,derived_ohlc4
HOSE_VIX,VIX,2026-03-03 09:00:00,1886,4,18.06,18.74,17.98,18.4,41116100.0,752219049.5000001,derived_ohlc4
HOSE_VIX,VIX,2026-03-04 09:00:00,1887,4,18.27,18.65,17.3,17.81,51144500.0,920984583.75,derived_ohlc4
HOSE_VIX,VIX,2026-03-05 09:00:00,1888,4,18.14,18.65,17.3,17.3,88908600.0,1586796238.5,derived_ohlc4
HOSE_VIX,VIX,2026-03-06 09:00:00,1889,4,18.45,18.45,17.6,17.65,41810600.0,754158697.5,derived_ohlc4
HOSE_VIX,VIX,2026-03-09 09:00:00,1890,4,16.45,16.9,16.45,16.45,17475700.0,289441281.25,derived_ohlc4
HOSE_VIX,VIX,2026-03-10 09:00:00,1891,4,16.75,17.05,15.85,16.0,46659200.0,765794120.0000001,derived_ohlc4
HOSE_VIX,VIX,2026-03-11 09:00:00,1892,4,15.9,17.1,15.85,17.1,37447500.0,617415656.25,derived_ohlc4
HOSE_VIX,VIX,2026-03-12 09:00:00,1893,4,17.0,17.7,16.75,16.8,29465100.0,502748268.75,derived_ohlc4
HOSE_VIX,VIX,2026-03-13 09:00:00,1894,4,16.8,17.1,16.3,16.45,25616700.0,426838263.75000006,derived_ohlc4
HOSE_VIX,VIX,2026-03-16 09:00:00,1895,4,16.65,16.8,16.05,16.2,26092800.0,428574240.0,derived_ohlc4
HOSE_VIX,VIX,2026-03-17 09:00:00,1896,4,16.8,17.3,16.7,16.9,45258800.0,766005189.9999999,derived_ohlc4
HOSE_VIX,VIX,2026-03-18 09:00:00,1897,4,17.15,17.25,16.4,16.6,22757000.0,383455450.00000006,derived_ohlc4
HOSE_VIX,VIX,2026-03-19 09:00:00,1898,4,16.35,16.45,15.95,16.2,30442100.0,494303598.75,derived_ohlc4
HOSE_VIX,VIX,2026-03-20 09:00:00,1899,4,16.2,16.8,16.0,16.25,31658800.0,516434175.0,derived_ohlc4
HOSE_VIX,VIX,2026-03-23 09:00:00,1900,4,16.0,16.1,15.15,15.35,37934000.0,593667100.0,derived_ohlc4
HOSE_VIX,VIX,2026-03-24 09:00:00,1901,4,15.85,16.2,15.6,15.65,21913000.0,346773225.0,derived_ohlc4
HOSE_VIX,VIX,2026-03-25 09:00:00,1902,4,15.9,16.35,15.75,16.2,30948400.0,496721820.0,derived_ohlc4
HOSE_VIX,VIX,2026-03-26 09:00:00,1903,4,16.2,16.3,15.9,16.0,17744800.0,285691280.0,derived_ohlc4
HOSE_VIX,VIX,2026-03-27 09:00:00,1904,4,16.05,16.85,16.0,16.75,38991900.0,639954558.75,derived_ohlc4
HOSE_VIX,VIX,2026-03-30 09:00:00,1905,4,16.2,16.75,16.05,16.35,25131800.0,410590782.49999994,derived_ohlc4
HOSE_VIX,VIX,2026-03-31 09:00:00,1906,4,16.55,17.1,16.4,16.65,27092000.0,451759100.0,derived_ohlc4
HOSE_VIX,VIX,2026-04-01 09:00:00,1907,4,17.1,17.4,16.9,17.0,46206200.0,790126020.0000001,derived_ohlc4
HOSE_VIX,VIX,2026-04-02 09:00:00,1908,4,16.8,17.0,16.35,16.6,27862700.0,464958806.25,derived_ohlc4
HOSE_VIX,VIX,2026-04-03 09:00:00,1909,4,16.6,16.8,16.15,16.2,34839900.0,572680856.25,derived_ohlc4
HOSE_VIX,VIX,2026-04-06 09:00:00,1910,4,16.2,16.4,15.85,15.85,37052200.0,595614115.0,derived_ohlc4
HOSE_VIX,VIX,2026-04-07 09:00:00,1911,4,16.15,16.95,16.0,16.95,38743600.0,639753695.0,derived_ohlc4
HOSE_VIX,VIX,2026-04-08 09:00:00,1912,4,18.0,18.1,17.6,18.1,75304700.0,1351719365.0000002,derived_ohlc4
HOSE_VIX,VIX,2026-04-09 09:00:00,1913,4,17.8,18.4,17.75,18.0,55459800.0,997583152.5,derived_ohlc4
HOSE_VIX,VIX,2026-04-10 09:00:00,1914,4,18.3,18.6,18.0,18.05,41339400.0,753927307.5,derived_ohlc4
HOSE_VIX,VIX,2026-04-13 09:00:00,1915,4,17.75,18.3,17.7,18.05,33383500.0,599233825.0,derived_ohlc4
HOSE_VIX,VIX,2026-04-14 09:00:00,1916,4,18.4,18.5,17.9,18.15,32339900.0,589798926.2499999,derived_ohlc4
HOSE_VIX,VIX,2026-04-15 09:00:00,1917,4,18.4,18.7,18.1,18.2,50125900.0,919810264.9999999,derived_ohlc4
HOSE_VIX,VIX,2026-04-16 09:00:00,1918,4,18.2,18.3,17.6,17.8,43405900.0,780221052.5000001,derived_ohlc4
HOSE_VIX,VIX,2026-04-17 09:00:00,1919,4,17.9,18.0,17.5,17.5,30422300.0,539235267.5,derived_ohlc4
HOSE_VIX,VIX,2026-04-20 09:00:00,1920,4,17.15,17.7,16.9,17.4,42443200.0,733736819.9999999,derived_ohlc4
HOSE_VIX,VIX,2026-04-21 09:00:00,1921,4,17.55,17.65,17.0,17.05,30362900.0,525657706.25,derived_ohlc4
HOSE_VIX,VIX,2026-04-22 09:00:00,1922,4,17.15,17.3,17.05,17.05,21439300.0,367416003.75,derived_ohlc4
HOSE_VIX,VIX,2026-04-23 09:00:00,1923,4,17.1,17.2,16.3,16.85,53326200.0,899213047.4999999,derived_ohlc4
HOSE_VIX,VIX,2026-04-24 09:00:00,1924,4,16.9,16.9,16.5,16.6,17019900.0,284657827.5,derived_ohlc4
HOSE_VIX,VIX,2026-04-28 09:00:00,1925,4,16.7,16.75,16.3,16.35,16127000.0,266498674.99999997,derived_ohlc4
HOSE_VIX,VIX,2026-04-29 09:00:00,1926,4,16.4,16.8,16.35,16.7,15745500.0,260784843.75,derived_ohlc4
HOSE_VIX,VIX,2026-05-04 09:00:00,1927,4,16.85,17.1,16.75,16.85,15282000.0,258074775.00000003,derived_ohlc4
HOSE_VIX,VIX,2026-05-05 09:00:00,1928,4,16.85,16.85,16.45,16.45,14854800.0,247332420.00000003,derived_ohlc4
HOSE_VIX,VIX,2026-05-06 09:00:00,1929,4,16.6,17.6,16.5,17.6,56148500.0,958735637.5000001,derived_ohlc4
HOSE_VIX,VIX,2026-05-07 09:00:00,1930,4,17.9,18.45,17.7,17.7,56206300.0,1008200506.25,derived_ohlc4
HOSE_VIX,VIX,2026-05-08 09:00:00,1931,4,17.7,18.85,17.6,18.6,79495300.0,1445820768.75,derived_ohlc4
HOSE_VIX,VIX,2026-05-11 09:00:00,1932,4,18.85,19.85,18.75,19.35,104290200.0,2002371840.0000002,derived_ohlc4
HOSE_VIX,VIX,2026-05-12 09:00:00,1933,4,19.4,19.5,18.8,19.05,38021700.0,729541368.75,derived_ohlc4
HOSE_VIX,VIX,2026-05-13 09:00:00,1934,4,19.1,19.4,18.1,18.8,67829200.0,1278580420.0,derived_ohlc4
HOSE_VIX,VIX,2026-05-14 09:00:00,1935,4,18.9,19.2,18.65,18.85,23964800.0,452934719.99999994,derived_ohlc4
HOSE_VIX,VIX,2026-05-15 09:00:00,1936,4,19.05,19.4,18.65,18.75,31944500.0,605747581.25,derived_ohlc4
HOSE_VIX,VIX,2026-05-18 09:00:00,1937,4,18.4,19.0,18.25,19.0,44228700.0,825418113.7500001,derived_ohlc4
HOSE_VIX,VIX,2026-05-19 09:00:00,1938,4,19.25,19.8,18.85,19.25,62922000.0,1213608075.0,derived_ohlc4
HOSE_VIX,VIX,2026-05-20 09:00:00,1939,4,19.1,19.4,18.0,18.8,50873500.0,957693637.5,derived_ohlc4
HOSE_VIX,VIX,2026-05-21 09:00:00,1940,4,19.05,19.35,18.8,19.1,36978900.0,705372517.5000001,derived_ohlc4
HOSE_VIX,VIX,2026-05-22 09:00:00,1941,4,18.95,19.3,18.25,18.55,67503200.0,1266528790.0,derived_ohlc4
HOSE_VIX,VIX,2026-05-25 09:00:00,1942,4,18.65,18.85,18.4,18.55,20461700.0,380843391.25,derived_ohlc4
HOSE_VIX,VIX,2026-05-26 09:00:00,1943,4,18.5,18.95,18.45,18.65,24638100.0,459192588.75000006,derived_ohlc4
HOSE_VIX,VIX,2026-05-27 09:00:00,1944,4,18.7,18.9,18.35,18.35,27774200.0,515905765.0,derived_ohlc4
HOSE_VIX,VIX,2026-05-28 09:00:00,1945,4,18.25,18.6,17.6,17.6,60299500.0,1086144743.7500002,derived_ohlc4
HOSE_VIX,VIX,2026-05-29 09:00:00,1946,4,17.4,18.1,17.35,17.7,49019800.0,864586722.5,derived_ohlc4
HOSE_VIX,VIX,2026-06-01 09:00:00,1947,4,17.7,18.2,17.6,17.9,36602100.0,653347485.0,derived_ohlc4
HOSE_VIX,VIX,2026-06-02 09:00:00,1948,4,17.85,18.05,17.35,17.4,30678000.0,541850175.0,derived_ohlc4
HOSE_VIX,VIX,2026-06-03 09:00:00,1949,4,17.5,17.9,17.35,17.9,29458500.0,520310756.25000006,derived_ohlc4
HOSE_VIX,VIX,2026-06-04 09:00:00,1950,4,18.0,18.1,17.6,17.9,23370300.0,418328369.99999994,derived_ohlc4
HOSE_VIX,VIX,2026-06-05 09:00:00,1951,4,17.95,18.1,17.75,17.75,25959500.0,464350556.25,derived_ohlc4
HOSE_VIX,VIX,2026-06-08 09:00:00,1952,4,17.35,17.4,16.75,16.85,55523600.0,948759514.9999999,derived_ohlc4
HOSE_VIX,VIX,2026-06-09 09:00:00,1953,4,16.95,17.15,16.8,17.1,24269200.0,412576400.0,derived_ohlc4
HOSE_VIX,VIX,2026-06-10 09:00:00,1954,4,17.0,17.35,16.9,17.05,21205400.0,362082205.0,derived_ohlc4
HOSE_VIX,VIX,2026-06-11 09:00:00,1955,4,16.9,17.05,16.7,16.85,28072000.0,473715000.0,derived_ohlc4
HOSE_VIX,VIX,2026-06-12 09:00:00,1956,4,17.15,17.2,16.85,17.05,25908000.0,442055250.0,derived_ohlc4
HOSE_VIX,VIX,2026-06-15 09:00:00,1957,4,17.3,17.9,17.25,17.6,51564200.0,903018052.5000001,derived_ohlc4
HOSE_VIX,VIX,2026-06-16 09:00:00,1958,4,17.65,18.2,17.5,18.0,42854900.0,764424278.7499999,derived_ohlc4
HOSE_VIX,VIX,2026-06-17 09:00:00,1959,4,18.05,18.2,17.85,17.95,30885200.0,556319665.0,derived_ohlc4
HOSE_VIX,VIX,2026-06-18 09:00:00,1960,4,17.8,18.1,17.7,17.7,31325000.0,558368125.0000001,derived_ohlc4
HOSE_VIX,VIX,2026-06-19 09:00:00,1961,4,17.65,17.85,17.45,17.45,33161000.0,583633600.0,derived_ohlc4
HOSE_VIX,VIX,2026-06-22 09:00:00,1962,4,17.5,17.6,17.2,17.4,26885800.0,468485064.99999994,derived_ohlc4
HOSE_VIX,VIX,2026-06-23 09:00:00,1963,4,17.5,17.6,17.05,17.1,28628300.0,495627443.75,derived_ohlc4
HOSE_VIX,VIX,2026-06-24 09:00:00,1964,4,17.05,17.2,16.8,16.95,30549000.0,519333000.0,derived_ohlc4
HOSE_VIX,VIX,2026-06-25 09:00:00,1965,4,17.0,17.1,16.7,16.7,18520900.0,312540187.5,derived_ohlc4
HOSE_VIX,VIX,2026-06-26 09:00:00,1966,4,16.7,17.05,16.65,16.85,23524600.0,395507337.5,derived_ohlc4
HOSE_VIX,VIX,2026-06-29 09:00:00,1967,4,16.95,17.0,16.75,16.8,17396400.0,293564250.0,derived_ohlc4
HOSE_VIX,VIX,2026-06-30 09:00:00,1968,4,16.95,17.3,16.85,16.9,24443200.0,415534400.0,derived_ohlc4
HOSE_VIX,VIX,2026-07-01 09:00:00,1969,4,17.0,17.15,16.9,17.1,23242800.0,395999205.00000006,derived_ohlc4
HOSE_VIX,VIX,2026-07-02 09:00:00,1970,4,17.15,17.25,16.9,16.9,20816200.0,354916209.99999994,derived_ohlc4
HOSE_VIX,VIX,2026-07-03 09:00:00,1971,4,17.0,17.2,16.85,17.05,33066200.0,562952055.0000001,derived_ohlc4
HOSE_VIX,VIX,2026-07-06 09:00:00,1972,4,17.15,17.2,15.9,16.3,54164200.0,901156877.5,derived_ohlc4
HOSE_VIX,VIX,2026-07-07 09:00:00,1973,4,16.35,16.65,16.25,16.5,24428200.0,401538537.5,derived_ohlc4
HOSE_VIX,VIX,2026-07-08 09:00:00,1974,4,16.5,16.85,16.4,16.5,22153300.0,366914031.25,derived_ohlc4
HOSE_VIX,VIX,2026-07-09 09:00:00,1975,4,16.4,16.5,16.0,16.05,40750600.0,661687867.5,derived_ohlc4
HOSE_VIX,VIX,2026-07-10 09:00:00,1976,4,16.1,16.2,15.4,15.45,50351300.0,794921148.7499999,derived_ohlc4
HOSE_VIX,VIX,2026-07-13 09:00:00,1977,4,15.45,15.45,14.4,14.65,53290600.0,798692867.5,derived_ohlc4
HOSE_VIX,VIX,2026-07-14 09:00:00,1978,4,14.5,14.9,14.5,14.7,21992000.0,322182799.99999994,derived_ohlc4
HOSE_VIX,VIX,2026-07-15 09:00:00,1979,4,14.75,14.8,13.75,13.95,50714000.0,725844125.0,derived_ohlc4
HOSE_VIX,VIX,2026-07-16 09:00:00,1980,4,13.8,14.55,13.2,14.05,54802500.0,761754749.9999999,derived_ohlc4
HOSE_VIX,VIX,2026-07-17 09:00:00,1981,4,14.0,14.25,13.7,13.75,19614100.0,273126342.5,derived_ohlc4
HOSE_VIX,VIX,2026-07-20 09:00:00,1982,4,13.25,13.55,12.8,12.8,51642000.0,676510200.0000001,derived_ohlc4
HOSE_VIX,VIX,2026-07-21 09:00:00,1983,4,12.75,13.2,12.3,12.5,41188900.0,522584168.75,derived_ohlc4
HOSE_VIX,VIX,2026-07-22 09:00:00,1984,4,12.7,12.85,11.95,12.1,80689700.0,1000552280.0,derived_ohlc4
HOSE_VIX,VIX,2026-07-23 09:00:00,1985,4,11.95,12.9,11.95,12.9,70731800.0,878842614.9999999,derived_ohlc4
HOSE_VIX,VIX,2026-07-24 09:00:00,1986,4,13.0,13.05,12.45,12.45,38001100.0,484039011.25,derived_ohlc4
HOSE_VIX,VIX,2026-07-27 09:00:00,1987,4,12.55,12.7,11.75,11.75,45825900.0,558503156.25,derived_ohlc4
HOSE_VIX,VIX,2026-07-28 09:00:00,1988,4,11.7,12.55,11.55,12.3,55966200.0,672993554.9999999,derived_ohlc4
HOSE_VIX,VIX,2026-07-29 09:00:00,1989,4,12.45,12.45,12.1,12.2,24028700.0,295553010.0,derived_ohlc4
HOSE_VIX,VIX,2026-07-30 09:00:00,1990,4,12.25,13.05,12.2,13.05,76160500.0,962478318.75,derived_ohlc4
HOSE_VIX,VIX,2026-07-31 09:00:00,1991,4,13.2,13.4,12.95,13.0,52038700.0,683658421.25,derived_ohlc4
HOSE_VIX,VIX,2026-08-03 09:00:00,1992,4,13.15,13.6,13.1,13.4,42962200.0,571934287.5,derived_ohlc4
HOSE_VIX,VIX,2026-08-04 09:00:00,1993,4,13.4,13.95,13.2,13.9,51444300.0,700285533.75,derived_ohlc4
HOSE_VIX,VIX,2026-08-05 09:00:00,1994,4,14.05,14.25,13.8,14.0,46905000.0,657842625.0,derived_ohlc4
HOSE_VIX,VIX,2026-08-06 09:00:00,1995,4,14.0,14.1,13.65,13.7,42213100.0,585179098.75,derived_ohlc4
HOSE_VIX,VIX,2026-08-07 09:00:00,1996,4,13.6,13.9,13.5,13.6,30031900.0,409935435.0,derived_ohlc4
