,pretrained,tokenizer_v1,tokenizer_v2
Open,225.23289792553305,211.9355802089718,206.22100449465185
High,181.0540345814569,171.83354690787652,168.89207258901877
Low,195.1958947130534,180.8691353276474,177.57737908911295
Close,165.1714773461276,155.4668096054914,148.51556738317174
Volume,252340.67758960876,226864.21216151424,207345.26299162075
Amount,6553662738.064626,5530515600.505979,5013911421.097857
