,pretrained,tokenizer_v1,tokenizer_v2
Open,0.6491344483041447,0.6185263991043102,0.6036236378774836
High,0.5333530642010373,0.5044951404078875,0.49463086124834044
Low,0.5890951424201148,0.5389146416181217,0.5322318729927129
Close,0.49916027791356793,0.4678976739188816,0.44695036466088867
Volume,5.736326477647818,5.218900463700503,4.743110344812176
Amount,6.520899267444373,5.48742367637239,4.962228575391004
