,pretrained,tokenizer_v1,tokenizer_v2
Open,0.7888694063704623,0.7360410334784194,0.7150859683090847
High,0.6138464765006075,0.5790839640544768,0.5666847496783486
Low,0.6869413383146444,0.6333077353951971,0.6200579478124811
Close,0.5722815343740808,0.5351857580286264,0.5099703684566332
Volume,3279807232.1165757,1967560623.2593045,1717368202.7943254
Amount,38006601327643.44,24120206983566.176,19002142125388.82
