,pretrained,tokenizer_v1,tokenizer_v2
Open,0.4788888742992747,0.463171027136154,0.45100690787355774
High,0.39572784042581066,0.3814755101067909,0.3747442281861176
Low,0.4329275713784546,0.3949104726959475,0.3882869727498688
Close,0.36665556507922126,0.346656368225124,0.3296890238616194
Volume,3.719492572110182,3.4764425714543017,3.1861288006081026
Amount,4.012227915545008,3.5900327632898894,3.279023971314804
