,pretrained,tokenizer_v1,tokenizer_v2
Open,0.5338076481345069,0.5087208818865848,0.49425020510999124
High,0.4285652017732684,0.41099573937555567,0.4044499736740646
Low,0.47130325301558557,0.43289354107297046,0.4222465073637108
Close,0.3931209950256877,0.37270731435207977,0.35304775339690964
Volume,4.182177789351208,3.8230000041021244,3.499541193305488
Amount,4.556117426149173,3.9875535925654924,3.594827644670246
