,pretrained,tokenizer_v1,tokenizer_v2
Open,195.6941823260735,187.134358713034,182.6095815842919
High,163.670427778156,154.8506024724317,151.74921731736043
Low,174.0192441945859,159.6811709098838,157.69477748482382
Close,150.0746015986999,141.29544894846552,134.4827971971264
Volume,244038.1649352305,226223.62445313696,207076.52476597388
Amount,5692145882.044956,4877411792.291361,4463145548.904596
