time,open,high,low,close,volume
2018-08-09 07:00:00,107.67,108.86,107.44,107.8,39719344
2018-08-10 07:00:00,107.8,108.42,106.65,108.41,32351144
2018-08-13 07:00:00,108.41,110.48,107.86,110.46,59146793
2018-08-14 07:00:00,110.49,110.83,109.79,109.79,36566127
2018-08-15 07:00:00,109.79,110.66,107.94,108.02,54484930
2018-08-16 07:00:00,107.8,108.39,106.28,107.92,42530552
2018-08-17 07:00:00,107.92,109.31,107.92,108.02,31554126
2018-08-20 07:00:00,108.02,108.71,107.48,108.06,30808133
2018-08-21 07:00:00,108.06,110.02,107.92,110.02,36250229
2018-08-22 07:00:00,110.03,110.89,109.67,109.99,37903955
2018-08-23 07:00:00,109.97,110.65,109.53,110.52,32176080
2018-08-24 07:00:00,110.52,111.96,110.0,111.62,45020407
2018-08-27 07:00:00,111.63,112.68,111.59,111.62,50530309
2018-08-28 07:00:00,111.62,112.57,111.62,112.24,43753736
2018-08-29 07:00:00,112.28,112.84,111.54,112.78,37368389
2018-08-30 07:00:00,112.71,113.59,112.4,113.59,36385154
2018-08-31 07:00:00,113.59,113.87,112.5,112.79,37337153
2018-09-04 07:00:00,112.79,113.15,110.79,111.23,43542619
2018-09-05 07:00:00,111.23,111.65,109.78,110.47,42561312
2018-09-06 07:00:00,110.48,112.42,110.22,110.48,36096777
2018-09-07 07:00:00,110.49,111.8,110.34,111.7,40165067
2018-09-10 07:00:00,111.71,111.98,108.39,110.69,39215942
2018-09-11 07:00:00,110.7,111.76,110.51,111.43,41106770
2018-09-12 07:00:00,111.43,112.31,111.43,111.65,49986869
2018-09-13 07:00:00,111.65,113.31,111.62,112.66,55589942
2018-09-14 07:00:00,112.31,113.77,112.31,113.37,40859144
2018-09-17 07:00:00,113.37,113.61,112.51,112.76,43383481
2018-09-18 07:00:00,112.5,113.6,111.93,113.6,51456896
2018-09-19 07:00:00,113.6,115.04,113.58,114.2,62050903
2018-09-20 07:00:00,114.2,115.18,114.03,115.06,46437886
2018-09-21 07:00:00,115.06,115.96,114.31,115.8,69657043
2018-09-24 07:00:00,115.79,116.38,115.34,115.59,48631995
2018-09-25 07:00:00,115.59,116.37,115.23,115.52,59255748
2018-09-26 07:00:00,115.54,116.41,115.23,115.58,54351259
2018-09-27 07:00:00,115.58,116.27,115.34,116.08,58112465
2018-09-28 07:00:00,116.09,117.34,116.07,116.28,56336987
2018-10-01 07:00:00,116.38,116.99,115.36,115.52,56458032
2018-10-02 07:00:00,115.52,115.96,114.7,115.0,58462208
2018-10-03 07:00:00,114.99,115.89,114.73,115.29,39074934
2018-10-04 07:00:00,115.3,116.72,115.14,116.27,42227904
2018-10-05 07:00:00,116.27,116.39,114.56,114.67,58959646
2018-10-08 07:00:00,114.55,114.93,113.68,114.38,50836652
2018-10-09 07:00:00,114.36,115.09,114.11,114.3,41012466
2018-10-10 07:00:00,114.3,114.75,113.24,113.76,40757732
2018-10-11 07:00:00,113.66,113.66,106.92,107.17,99123286
2018-10-12 07:00:00,106.66,109.8,105.45,109.76,58534586
2018-10-15 07:00:00,109.76,110.02,107.65,107.67,32407991
2018-10-16 07:00:00,107.67,108.77,107.44,108.6,31919117
2018-10-17 07:00:00,108.6,110.35,108.6,109.39,39591214
2018-10-18 07:00:00,109.39,109.39,107.83,107.91,36973200
2018-10-19 07:00:00,107.91,109.19,106.24,108.1,36864325
2018-10-22 07:00:00,108.1,108.93,107.47,107.55,38453932
2018-10-23 07:00:00,107.54,107.61,104.3,105.07,53377162
2018-10-24 07:00:00,104.96,106.07,103.73,103.73,33994862
2018-10-25 07:00:00,103.69,103.69,99.98,103.1,48227023
2018-10-26 07:00:00,102.36,104.53,101.71,101.79,32894281
2018-10-29 07:00:00,101.79,102.29,100.78,101.17,30573917
2018-10-30 07:00:00,101.17,102.87,100.49,101.72,35849125
2018-10-31 07:00:00,101.71,105.39,101.7,105.35,37715933
2018-11-01 07:00:00,105.35,105.84,103.34,103.37,30367377
2018-11-02 07:00:00,103.37,105.75,103.32,105.75,38229873
2018-11-05 07:00:00,105.77,106.24,104.2,105.54,30367334
2018-11-06 07:00:00,105.56,106.09,104.55,104.55,31346680
2018-11-07 07:00:00,104.94,105.11,103.65,104.2,29150472
2018-11-08 07:00:00,104.2,105.85,104.2,104.54,33531822
2018-11-09 07:00:00,104.53,104.66,102.92,103.01,34930231
2018-11-12 07:00:00,103.01,103.43,102.14,103.37,28822212
2018-11-13 07:00:00,103.27,103.27,101.94,102.47,35507414
2018-11-14 07:00:00,102.42,103.01,100.81,101.2,33691353
2018-11-15 07:00:00,101.21,101.98,100.55,101.02,36534524
2018-11-16 07:00:00,100.94,103.61,100.94,103.01,33792085
2018-11-19 07:00:00,102.7,104.04,102.63,103.95,27407607
2018-11-20 07:00:00,103.95,103.95,103.06,103.91,30141066
2018-11-21 07:00:00,103.91,103.95,102.68,103.9,30064507
2018-11-22 07:00:00,105.15,105.54,104.2,104.55,34630599
2018-11-23 07:00:00,104.56,104.93,103.88,104.27,36463991
2018-11-26 07:00:00,103.64,104.31,103.53,103.98,29883899
2018-11-27 07:00:00,103.98,104.68,102.88,103.19,29144318
2018-11-28 07:00:00,103.19,104.11,100.58,104.1,26675253
2018-11-29 07:00:00,104.22,105.22,104.07,104.17,26938618
2018-11-30 07:00:00,101.67,105.12,101.67,104.82,29207523
2018-12-03 07:00:00,104.82,107.84,104.82,107.64,42956114
2018-12-04 07:00:00,107.64,108.18,106.9,107.39,34395437
2018-12-05 07:00:00,107.39,107.97,106.32,107.74,41894002
2018-12-06 07:00:00,107.88,107.97,106.75,107.1,35024657
2018-12-07 07:00:00,107.1,108.01,106.89,107.14,36391283
2018-12-10 07:00:00,107.14,107.65,106.2,106.82,29056731
2018-12-11 07:00:00,103.06,107.59,102.46,106.59,31405339
2018-12-12 07:00:00,106.64,107.68,105.48,107.68,29765408
2018-12-13 07:00:00,107.77,108.02,107.15,107.3,30704222
2018-12-14 07:00:00,107.3,107.36,106.46,106.65,29167555
2018-12-17 07:00:00,106.66,106.79,105.0,105.01,33188726
2018-12-18 07:00:00,105.01,105.01,103.19,104.42,37997962
2018-12-19 07:00:00,104.53,108.22,103.5,104.16,31437311
2018-12-20 07:00:00,104.27,104.76,103.65,104.53,25395401
2018-12-21 07:00:00,104.53,104.67,103.41,104.45,29189654
2018-12-24 07:00:00,104.45,105.02,102.56,103.34,34047475
2018-12-25 07:00:00,103.34,103.35,100.64,102.44,42046193
2018-12-26 07:00:00,98.94,103.09,98.92,102.28,25534772
2018-12-27 07:00:00,102.28,104.44,102.27,103.99,32483257
2018-12-28 07:00:00,103.99,104.36,102.94,104.23,23583944
2019-01-02 07:00:00,104.23,104.49,102.38,102.67,19007217
2019-01-03 07:00:00,99.05,102.68,98.85,100.52,29543455
2019-01-04 07:00:00,100.57,101.23,99.17,100.85,29288584
2019-01-07 07:00:00,100.86,102.38,100.83,101.93,22446454
2019-01-08 07:00:00,101.93,105.31,101.2,101.27,23068390
2019-01-09 07:00:00,101.25,102.29,101.25,102.13,27033241
2019-01-10 07:00:00,102.14,102.36,101.57,101.78,21333646
2019-01-11 07:00:00,101.78,102.32,101.54,101.87,22980701
2019-01-14 07:00:00,101.87,102.34,101.45,101.58,27656015
2019-01-15 07:00:00,101.58,102.74,98.71,102.58,23012371
2019-01-16 07:00:00,102.58,103.11,101.97,101.99,18887309
2019-01-17 07:00:00,101.98,102.58,101.83,101.92,16652123
2019-01-18 07:00:00,101.92,102.23,101.26,101.56,26019668
2019-01-21 07:00:00,101.56,103.78,101.47,103.37,34689801
2019-01-22 07:00:00,103.4,103.72,102.52,102.54,25390476
2019-01-23 07:00:00,102.55,102.87,102.08,102.67,19071064
2019-01-24 07:00:00,102.67,103.39,102.38,102.78,25477689
2019-01-25 07:00:00,102.79,103.65,102.47,102.74,18827589
2019-01-28 07:00:00,102.74,103.14,101.2,102.31,26230825
2019-01-29 07:00:00,102.31,102.38,101.5,102.37,20259599
2019-01-30 07:00:00,102.37,104.86,102.27,102.81,20576383
2019-01-31 07:00:00,102.81,103.63,102.7,102.88,19913820
2019-02-01 07:00:00,102.88,103.34,102.58,103.34,15258710
2019-02-11 07:00:00,103.23,105.25,103.23,105.25,31752658
2019-02-12 07:00:00,105.05,106.08,104.97,106.04,33792815
2019-02-13 07:00:00,106.04,106.62,105.64,106.49,30870294
2019-02-14 07:00:00,106.49,106.54,106.0,106.12,36351323
2019-02-15 07:00:00,106.12,106.67,105.9,106.11,32306138
2019-02-18 07:00:00,106.11,107.09,106.08,106.84,37549853
2019-02-19 07:00:00,106.87,107.13,106.09,106.21,38279927
2019-02-20 07:00:00,106.21,106.62,105.76,106.3,29084078
2019-02-21 07:00:00,106.3,106.95,106.01,106.11,30386268
2019-02-22 07:00:00,106.22,107.09,105.91,106.82,33380880
2019-02-25 07:00:00,106.82,108.44,106.72,107.61,33533845
2019-02-26 07:00:00,107.61,108.11,106.89,107.66,36924705
2019-02-27 07:00:00,107.62,108.17,107.27,107.63,36366812
2019-02-28 07:00:00,107.63,107.92,105.8,105.86,57627655
2019-03-01 07:00:00,105.86,107.27,105.69,107.26,30692676
2019-03-04 07:00:00,108.49,108.7,107.15,108.53,45221471
2019-03-05 07:00:00,108.55,109.16,108.04,108.24,49911135
2019-03-06 07:00:00,108.31,108.65,107.68,108.48,48591742
2019-03-07 07:00:00,108.49,109.62,108.48,108.88,69670075
2019-03-08 07:00:00,108.88,108.92,107.87,108.22,43593511
2019-03-11 07:00:00,108.2,108.75,107.6,108.32,37417398
2019-03-12 07:00:00,108.32,109.55,108.22,109.55,50618322
2019-03-13 07:00:00,109.55,110.61,109.55,109.82,51828614
2019-03-14 07:00:00,109.85,110.71,109.58,110.02,39624537
2019-03-15 07:00:00,110.04,110.55,109.7,110.44,46125787
2019-03-18 07:00:00,110.44,111.61,110.44,110.88,44391732
2019-03-19 07:00:00,110.9,111.35,109.74,110.06,53968959
2019-03-20 07:00:00,109.96,110.08,108.52,109.62,37999036
2019-03-21 07:00:00,109.62,110.33,107.81,107.81,38578834
2019-03-22 07:00:00,107.81,108.36,107.47,108.09,30405143
2019-03-25 07:00:00,108.09,108.09,105.89,106.41,42134803
2019-03-26 07:00:00,106.41,107.31,106.29,106.85,24112437
2019-03-27 07:00:00,107.23,107.82,106.86,107.56,25373381
2019-03-28 07:00:00,107.66,107.66,106.98,107.34,24506763
2019-03-29 07:00:00,107.34,107.94,107.27,107.44,31090939
2019-04-01 07:00:00,107.44,108.03,107.35,107.72,26890067
2019-04-02 07:00:00,107.72,108.57,107.18,107.48,28493064
2019-04-03 07:00:00,107.48,107.77,106.87,107.3,29775845
2019-04-04 07:00:00,107.32,107.74,106.97,107.42,29174600
2019-04-05 07:00:00,107.42,107.93,107.29,107.87,27594591
2019-04-08 07:00:00,107.87,108.93,107.79,108.93,35442371
2019-04-09 07:00:00,108.93,109.24,107.66,107.71,42403734
2019-04-10 07:00:00,107.71,107.98,106.99,107.43,30707125
2019-04-11 07:00:00,107.44,107.94,107.23,107.57,21183053
2019-04-12 07:00:00,107.57,107.71,107.11,107.7,29679279
2019-04-16 07:00:00,107.7,107.7,106.5,107.11,27588200
2019-04-17 07:00:00,107.11,107.64,106.38,106.43,30188946
2019-04-18 07:00:00,106.43,106.8,105.35,105.75,31341981
2019-04-19 07:00:00,105.76,106.44,105.69,105.88,23676581
2019-04-22 07:00:00,105.88,106.17,105.04,105.63,31216040
2019-04-23 07:00:00,105.64,106.6,105.33,106.29,28033446
2019-04-24 07:00:00,106.29,107.27,106.29,107.14,30348154
2019-04-25 07:00:00,107.15,107.68,106.79,106.93,34067616
2019-04-26 07:00:00,106.93,107.56,106.21,107.46,28038317
2019-05-02 07:00:00,107.46,108.03,106.72,107.0,30009054
2019-05-03 07:00:00,106.99,107.39,106.6,106.87,26024518
2019-05-06 07:00:00,106.88,106.88,105.02,105.42,40573270
2019-05-07 07:00:00,105.42,106.34,105.22,105.83,28053173
2019-05-08 07:00:00,105.83,105.99,105.06,105.91,25788386
2019-05-09 07:00:00,105.91,105.99,105.0,105.26,23163800
2019-05-10 07:00:00,105.26,105.96,105.14,105.86,23562074
2019-05-13 07:00:00,105.85,106.11,105.52,105.61,26356758
2019-05-14 07:00:00,105.61,105.72,105.03,105.7,33925004
2019-05-15 07:00:00,105.7,106.73,105.61,106.43,30844556
2019-05-16 07:00:00,106.44,106.83,105.95,106.09,27160766
2019-05-17 07:00:00,106.09,106.44,105.72,105.79,32987820
2019-05-20 07:00:00,105.79,106.81,105.68,106.31,28869202
2019-05-21 07:00:00,106.31,106.83,106.14,106.28,27259450
2019-05-22 07:00:00,106.29,107.06,105.98,106.13,39110306
2019-05-23 07:00:00,106.13,106.55,105.52,106.3,29547587
2019-05-24 07:00:00,106.3,106.4,103.28,105.39,32296656
2019-05-27 07:00:00,105.26,105.62,104.97,105.04,20069500
2019-05-28 07:00:00,105.04,105.32,104.75,105.03,22631135
2019-05-29 07:00:00,105.03,105.34,104.4,105.32,23092110
2019-05-30 07:00:00,105.32,105.6,104.88,105.32,20801261
2019-05-31 07:00:00,105.32,105.33,103.95,104.35,26814813
2019-06-03 07:00:00,104.34,104.44,103.13,103.28,31285903
2019-06-04 07:00:00,103.27,103.87,103.01,103.06,16578059
2019-06-05 07:00:00,103.06,103.79,102.97,103.54,17767222
2019-06-06 07:00:00,103.56,103.56,102.61,103.03,18236345
2019-06-07 07:00:00,103.05,104.22,103.05,104.21,22750614
2019-06-10 07:00:00,104.21,104.73,103.9,103.99,16297684
2019-06-11 07:00:00,103.93,104.16,103.63,103.95,21179819
2019-06-12 07:00:00,103.95,104.08,103.46,103.56,16562038
2019-06-13 07:00:00,103.56,103.65,103.28,103.5,18818708
2019-06-14 07:00:00,103.5,104.21,103.39,103.46,16044518
2019-06-17 07:00:00,103.46,104.01,103.21,103.5,17287126
2019-06-18 07:00:00,103.5,103.77,103.24,103.75,17411091
2019-06-19 07:00:00,103.76,104.17,103.38,103.77,16865669
2019-06-20 07:00:00,103.77,105.07,103.49,105.06,22990563
2019-06-21 07:00:00,105.05,105.83,104.53,104.85,21674227
2019-06-24 07:00:00,104.85,105.11,104.56,104.78,21336183
2019-06-25 07:00:00,104.78,104.88,103.65,104.15,20780887
2019-06-26 07:00:00,104.15,104.32,103.74,103.95,24016377
2019-06-27 07:00:00,103.95,104.07,102.72,102.96,27327643
2019-06-28 07:00:00,102.96,103.52,102.35,103.51,20696718
2019-07-01 07:00:00,104.15,104.39,103.67,104.09,21842723
2019-07-02 07:00:00,104.2,104.2,103.35,103.46,22735576
2019-07-03 07:00:00,103.46,103.98,103.44,103.67,16499668
2019-07-04 07:00:00,103.67,104.54,103.67,104.34,20438091
2019-07-05 07:00:00,104.34,104.87,104.21,104.38,16275208
2019-07-08 07:00:00,104.38,104.7,103.5,103.81,14784374
2019-07-09 07:00:00,103.83,105.1,103.55,105.1,19227100
2019-07-10 07:00:00,105.1,105.6,105.05,105.14,22307996
2019-07-11 07:00:00,105.14,106.22,105.14,106.01,23839187
2019-07-12 07:00:00,106.01,106.62,105.78,105.86,25949487
2019-07-15 07:00:00,105.88,106.23,105.33,105.61,18944941
2019-07-16 07:00:00,105.72,106.25,105.5,105.85,22533297
2019-07-17 07:00:00,105.81,106.94,105.76,106.58,28837839
2019-07-18 07:00:00,106.58,106.74,105.88,106.74,24944797
2019-07-19 07:00:00,106.74,108.3,106.59,107.07,27462186
2019-07-22 07:00:00,111.1,111.1,106.12,106.76,23248804
2019-07-23 07:00:00,106.76,106.98,106.44,106.71,24718753
2019-07-24 07:00:00,106.71,107.5,105.92,106.44,29383975
2019-07-25 07:00:00,106.44,107.39,106.39,106.76,22753069
2019-07-26 07:00:00,106.76,107.06,105.94,106.4,25966594
2019-07-29 07:00:00,106.4,106.42,104.96,105.29,22671476
2019-07-30 07:00:00,105.29,105.86,104.35,104.43,23705542
2019-07-31 07:00:00,104.44,104.91,103.67,104.43,29642140
2019-08-01 07:00:00,104.43,104.83,103.64,103.88,19422728
2019-08-02 07:00:00,103.89,103.99,102.72,103.7,23599441
2019-08-05 07:00:00,103.7,103.73,102.3,102.91,26065414
2019-08-06 07:00:00,100.38,102.74,100.37,101.89,34022329
2019-08-07 07:00:00,101.89,102.77,101.39,101.89,23174993
2019-08-08 07:00:00,101.91,103.0,99.21,102.9,21241362
2019-08-09 07:00:00,102.9,103.76,101.89,102.79,23140996
2019-08-12 07:00:00,102.79,103.2,102.46,102.82,21556891
2019-08-13 07:00:00,102.82,102.82,101.54,102.29,21469256
2019-08-14 07:00:00,102.31,103.17,101.75,101.98,22663441
2019-08-15 07:00:00,102.01,102.01,100.63,101.66,22616691
2019-08-16 07:00:00,101.66,102.87,101.59,102.35,22580254
2019-08-19 07:00:00,102.34,103.44,102.09,102.58,17075156
2019-08-20 07:00:00,102.58,103.2,102.55,102.98,25606096
2019-08-21 07:00:00,103.0,103.42,102.73,103.01,29348348
2019-08-22 07:00:00,102.9,103.98,102.9,103.5,19942021
2019-08-23 07:00:00,103.5,103.76,102.89,103.25,21178074
2019-08-26 07:00:00,103.25,103.25,102.02,102.81,22307150
2019-08-27 07:00:00,102.82,103.33,102.36,102.86,21048453
2019-08-28 07:00:00,102.86,103.16,102.32,102.32,21020624
2019-08-29 07:00:00,102.32,102.89,101.72,101.94,17661209
2019-08-30 07:00:00,101.94,102.71,101.91,102.32,21891796
2019-09-03 07:00:00,102.32,102.99,101.19,101.4,20487898
2019-09-04 07:00:00,101.4,101.51,100.43,100.95,24791378
2019-09-05 07:00:00,100.95,101.4,100.66,100.96,15545234
2019-09-06 07:00:00,100.97,101.29,100.4,100.92,15392522
2019-09-09 07:00:00,100.41,101.2,100.04,100.85,16046902
2019-09-10 07:00:00,100.83,100.98,99.5,99.97,27040701
2019-09-11 07:00:00,99.98,100.2,99.42,100.17,18978449
2019-09-12 07:00:00,100.18,101.17,100.07,101.11,16720278
2019-09-13 07:00:00,101.12,102.2,100.97,102.2,19638940
2019-09-16 07:00:00,102.17,102.54,101.85,102.21,21292681
2019-09-17 07:00:00,102.29,102.49,101.46,102.23,21093792
2019-09-18 07:00:00,102.19,102.9,101.82,102.29,18025543
2019-09-19 07:00:00,102.29,104.05,102.06,104.04,24056717
2019-09-20 07:00:00,104.04,107.87,103.84,104.14,23183752
2019-09-23 07:00:00,104.14,105.28,103.91,104.38,21548493
2019-09-24 07:00:00,104.38,104.65,103.88,104.01,21635015
2019-09-25 07:00:00,104.02,104.05,103.41,103.81,19269702
2019-09-26 07:00:00,103.81,104.78,103.66,104.77,25330058
2019-09-27 07:00:00,107.6,107.6,104.52,104.77,22630898
2019-09-30 07:00:00,104.77,105.74,104.74,105.05,21079760
2019-10-01 07:00:00,105.05,105.85,104.85,105.85,25318709
2019-10-02 07:00:00,105.81,106.17,105.09,105.27,20238395
2019-10-03 07:00:00,105.27,105.27,104.46,105.21,19424039
2019-10-04 07:00:00,105.22,105.53,104.81,105.16,21131839
2019-10-07 07:00:00,105.15,105.15,103.61,103.73,19598699
2019-10-08 07:00:00,100.51,104.08,100.31,103.92,20060567
2019-10-09 07:00:00,103.92,104.72,103.88,104.62,21819638
2019-10-10 07:00:00,104.62,105.83,104.5,105.16,21951557
2019-10-11 07:00:00,105.16,105.55,104.87,105.26,17961167
2019-10-14 07:00:00,105.31,106.6,105.3,106.05,27988650
2019-10-15 07:00:00,106.04,106.16,105.64,106.01,23961679
2019-10-16 07:00:00,106.3,106.59,105.9,105.93,26618650
2019-10-17 07:00:00,105.98,106.08,105.39,106.07,17851096
2019-10-18 07:00:00,106.07,106.21,104.94,105.48,23581226
2019-10-21 07:00:00,105.48,105.63,103.9,104.01,27342835
2019-10-22 07:00:00,104.01,104.5,103.75,104.49,25498832
2019-10-23 07:00:00,104.49,104.8,103.94,104.14,16254828
2019-10-24 07:00:00,104.14,104.64,103.77,104.64,18836856
2019-10-25 07:00:00,104.69,104.9,104.21,104.71,21904231
2019-10-28 07:00:00,104.71,105.66,104.65,105.04,22144649
2019-10-29 07:00:00,105.16,105.42,104.27,104.68,16383011
2019-10-30 07:00:00,104.85,106.08,104.4,105.89,27420014
2019-10-31 07:00:00,105.91,106.36,105.13,105.19,25261391
2019-11-01 07:00:00,105.19,106.03,104.48,105.75,23157005
2019-11-04 07:00:00,105.75,106.85,105.7,106.6,23948115
2019-11-05 07:00:00,106.6,107.25,106.35,106.71,25240002
2019-11-06 07:00:00,106.71,107.18,106.59,106.75,17238406
2019-11-07 07:00:00,106.75,107.03,106.42,106.88,21388820
2019-11-08 07:00:00,107.38,107.9,106.88,107.27,24204684
2019-11-11 07:00:00,107.27,107.5,106.67,106.76,20522561
2019-11-12 07:00:00,106.76,107.09,106.38,106.96,19998959
2019-11-13 07:00:00,106.96,108.07,106.93,107.2,24916731
2019-11-14 07:00:00,107.2,107.44,106.13,106.24,21565179
2019-11-15 07:00:00,106.24,106.71,105.92,106.03,21445303
2019-11-18 07:00:00,106.02,106.34,105.02,105.15,18666193
2019-11-19 07:00:00,105.15,105.58,104.92,105.49,16934214
2019-11-20 07:00:00,105.6,105.73,104.68,104.91,15415992
2019-11-21 07:00:00,101.78,104.98,101.69,104.74,17294518
2019-11-22 07:00:00,104.74,104.92,102.67,103.09,23250356
2019-11-25 07:00:00,103.08,103.87,102.92,103.46,20563599
2019-11-26 07:00:00,103.46,104.2,103.39,103.99,16788018
2019-11-27 07:00:00,103.95,104.25,103.19,103.23,16071697
2019-11-28 07:00:00,103.24,103.52,102.05,102.34,17338744
2019-11-29 07:00:00,102.35,102.69,102.0,102.5,18702509
2019-12-02 07:00:00,102.5,102.78,100.83,100.9,23098810
2019-12-03 07:00:00,100.9,101.85,100.46,101.07,18571035
2019-12-04 07:00:00,101.07,102.54,100.85,102.47,20275693
2019-12-05 07:00:00,102.47,102.95,102.07,102.37,20149642
2019-12-06 07:00:00,102.37,102.78,102.14,102.5,15561594
2019-12-09 07:00:00,102.5,102.83,101.82,102.36,19243855
2019-12-10 07:00:00,102.36,102.57,101.42,102.04,16592186
2019-12-11 07:00:00,102.04,102.38,101.45,102.38,14648663
2019-12-12 07:00:00,102.38,102.85,102.11,102.71,23717193
2019-12-13 07:00:00,102.71,103.54,102.64,102.94,29612324
2019-12-16 07:00:00,102.95,103.74,102.95,103.22,26216290
2019-12-17 07:00:00,103.24,103.51,102.56,102.9,44014379
2019-12-18 07:00:00,102.89,102.94,101.58,101.8,27199668
2019-12-19 07:00:00,101.8,102.02,101.29,102.0,20620545
2019-12-20 07:00:00,102.0,102.42,101.62,102.42,20944728
2019-12-23 07:00:00,102.42,102.89,102.28,102.35,28858970
2019-12-24 07:00:00,102.34,102.64,101.87,102.45,19926459
2019-12-25 07:00:00,102.46,102.95,102.01,102.93,27823720
2019-12-26 07:00:00,102.93,102.93,101.89,102.32,21264942
2019-12-27 07:00:00,102.31,102.6,101.88,102.6,24942170
2019-12-30 07:00:00,102.6,102.97,101.75,102.16,26529593
2019-12-31 07:00:00,102.16,102.51,101.5,102.51,25838838
2020-01-02 07:00:00,102.51,103.06,102.22,102.99,19682735
2020-01-03 07:00:00,102.99,103.52,102.27,102.39,21848453
2020-01-06 07:00:00,102.39,102.43,101.11,101.23,24509390
2020-01-07 07:00:00,101.23,101.63,100.95,101.42,19294344
2020-01-08 07:00:00,101.46,101.75,100.07,100.92,11535540
2020-01-09 07:00:00,100.33,101.74,100.32,101.25,9254968
2020-01-10 07:00:00,101.36,102.76,101.35,102.22,32274062
2020-01-13 07:00:00,102.22,102.83,101.98,102.3,23704628
2020-01-14 07:00:00,102.3,103.48,102.14,103.36,20440034
2020-01-15 07:00:00,103.36,103.46,102.62,103.19,18831413
2020-01-16 07:00:00,103.19,104.54,103.14,104.32,23021865
2020-01-17 07:00:00,104.32,104.66,103.68,103.88,20998900
2020-01-20 07:00:00,103.88,105.24,103.57,104.64,22989583
2020-01-21 07:00:00,104.64,105.88,104.53,105.59,25422355
2020-01-22 07:00:00,105.59,106.28,105.21,106.28,24758473
2020-01-30 07:00:00,106.28,106.28,103.12,104.11,29849374
2020-01-31 07:00:00,104.09,104.53,102.22,102.36,47522555
2020-02-03 07:00:00,102.4,102.45,98.58,101.31,63521733
2020-02-04 07:00:00,101.58,102.58,100.92,102.57,29833323
2020-02-05 07:00:00,102.57,103.93,102.31,103.19,34827420
2020-02-06 07:00:00,102.8,105.84,102.74,105.84,33582447
2020-02-07 07:00:00,105.84,106.06,104.55,104.92,30804829
2020-02-10 07:00:00,104.92,105.08,103.69,103.97,28848434
2020-02-11 07:00:00,103.97,104.82,103.62,104.78,26348149
2020-02-12 07:00:00,104.78,108.64,104.78,108.51,41462436
2020-02-13 07:00:00,108.51,108.71,107.35,108.19,36541133
2020-02-14 07:00:00,108.19,110.42,108.19,109.74,30675790
2020-02-17 07:00:00,109.74,110.21,108.91,109.57,28806146
2020-02-18 07:00:00,109.57,111.01,109.31,110.07,28521342
2020-02-19 07:00:00,110.07,110.19,108.7,109.3,30425471
2020-02-20 07:00:00,109.3,110.92,108.85,109.57,35877582
2020-02-21 07:00:00,109.57,109.92,107.15,108.09,33072872
2020-02-24 07:00:00,108.09,108.09,103.8,104.18,64980105
2020-02-25 07:00:00,104.08,106.68,102.48,106.66,42554203
2020-02-26 07:00:00,106.66,107.34,105.08,106.61,52931256
2020-02-27 07:00:00,106.61,109.38,105.69,109.26,41813575
2020-02-28 07:00:00,108.9,109.69,104.87,109.58,65579274
2020-03-02 07:00:00,109.58,110.77,108.15,110.67,78154131
2020-03-03 07:00:00,110.86,113.4,110.78,112.58,78402725
2020-03-04 07:00:00,112.6,114.02,111.81,114.02,87859605
2020-03-05 07:00:00,114.03,116.67,114.03,115.03,110920939
2020-03-06 07:00:00,115.03,115.03,112.88,113.66,50521552
2020-03-09 07:00:00,113.64,113.64,105.75,106.34,54731620
2020-03-10 07:00:00,104.87,108.25,103.35,106.2,62318679
2020-03-11 07:00:00,106.2,107.97,102.5,105.52,71651940
2020-03-12 07:00:00,105.54,105.54,100.54,101.92,74738948
2020-03-13 07:00:00,101.99,102.24,97.07,101.38,84581037
2020-03-16 07:00:00,101.4,101.85,98.9,99.62,40707487
2020-03-17 07:00:00,99.64,101.05,96.79,100.72,47438568
2020-03-18 07:00:00,100.75,102.55,100.64,101.84,66041806
2020-03-19 07:00:00,101.84,101.96,99.83,100.99,87560554
2020-03-20 07:00:00,101.03,104.69,100.31,101.79,50042454
2020-03-23 07:00:00,101.52,101.52,96.08,96.46,64746314
2020-03-24 07:00:00,96.45,97.37,95.9,96.95,51432323
2020-03-25 07:00:00,97.01,100.44,96.99,100.09,42916325
2020-03-26 07:00:00,100.07,100.3,97.66,97.81,40990198
2020-03-27 07:00:00,97.85,98.32,96.39,97.35,40620562
2020-03-30 07:00:00,97.3,97.3,92.65,93.28,39733077
2020-03-31 07:00:00,93.06,94.98,91.58,92.64,49587767
2020-04-01 07:00:00,92.64,95.91,89.7,95.61,32719748
2020-04-03 07:00:00,95.62,98.17,94.81,97.84,44083771
2020-04-06 07:00:00,97.86,103.28,97.86,103.26,61245860
2020-04-07 07:00:00,103.43,104.21,102.02,103.43,56496300
2020-04-08 07:00:00,103.16,106.6,101.59,103.93,41298353
2020-04-09 07:00:00,107.14,107.2,103.65,105.08,48056753
2020-04-10 07:00:00,105.08,107.33,101.58,106.18,49934956
2020-04-13 07:00:00,106.2,108.02,103.1,107.16,35870256
2020-04-14 07:00:00,107.16,107.45,105.66,107.15,50359789
2020-04-15 07:00:00,107.15,108.9,106.78,108.33,48874915
2020-04-16 07:00:00,108.33,108.76,107.27,108.75,37420426
2020-04-17 07:00:00,108.73,110.61,108.18,110.46,51306251
2020-04-20 07:00:00,110.48,111.27,109.66,109.68,67829037
2020-04-21 07:00:00,109.7,109.72,104.4,104.7,73187141
2020-04-22 07:00:00,104.71,107.28,102.28,106.8,28862183
2020-04-23 07:00:00,106.78,108.57,106.5,106.97,47131859
2020-04-24 07:00:00,106.99,107.12,105.92,106.97,43462238
2020-04-27 07:00:00,106.98,107.59,105.92,106.3,37824206
2020-04-28 07:00:00,106.3,106.68,104.89,106.26,40512355
2020-04-29 07:00:00,106.3,106.85,105.9,106.84,47903271
2020-05-04 07:00:00,106.84,106.87,105.49,105.72,40364478
2020-05-05 07:00:00,105.68,106.15,105.11,105.41,26230216
2020-05-06 07:00:00,105.41,106.75,104.75,106.66,51330112
2020-05-07 07:00:00,106.65,108.36,106.58,108.31,37482697
2020-05-08 07:00:00,108.31,110.79,107.2,110.02,62052998
2020-05-11 07:00:00,110.03,111.57,110.03,111.57,51117937
2020-05-12 07:00:00,111.59,112.24,110.51,111.78,51681067
2020-05-13 07:00:00,111.78,112.3,110.62,111.86,61064447
2020-05-14 07:00:00,111.88,112.08,110.78,111.34,59396895
2020-05-15 07:00:00,111.34,112.76,109.0,109.02,70719098
2020-05-18 07:00:00,109.03,109.51,106.39,108.54,51200406
2020-05-19 07:00:00,108.54,110.38,108.18,108.83,58347846
2020-05-20 07:00:00,108.83,108.83,106.48,106.94,43391387
2020-05-21 07:00:00,105.2,106.33,104.66,105.74,71805288
2020-05-22 07:00:00,105.74,107.7,105.09,107.04,67033693
2020-05-25 07:00:00,107.05,109.36,107.05,109.15,43872374
2020-05-26 07:00:00,109.15,110.67,108.14,110.49,60723593
2020-05-27 07:00:00,110.49,111.55,108.54,108.89,58125495
2020-05-28 07:00:00,108.87,110.34,108.8,109.64,39255921
2020-05-29 07:00:00,109.64,109.85,108.88,109.81,49614751
2020-06-01 07:00:00,109.83,114.18,109.53,114.14,78682828
2020-06-02 07:00:00,114.14,116.37,113.23,113.64,76887589
2020-06-03 07:00:00,113.64,116.51,113.61,116.49,56634266
2020-06-04 07:00:00,116.48,117.89,116.48,117.42,65089386
2020-06-05 07:00:00,117.51,118.08,116.35,118.08,67376517
2020-06-08 07:00:00,118.14,120.68,118.14,120.1,102287647
2020-06-09 07:00:00,120.1,120.56,118.88,120.13,79378595
2020-06-10 07:00:00,120.13,121.06,118.85,120.68,72813348
2020-06-11 07:00:00,120.62,121.96,116.04,116.06,118261640
2020-06-12 07:00:00,116.07,116.96,111.92,116.91,80381905
2020-06-15 07:00:00,116.91,117.46,113.32,113.82,81916109
2020-06-16 07:00:00,113.82,116.16,113.82,115.49,60932793
2020-06-17 07:00:00,115.94,115.96,113.27,113.27,70258860
2020-06-18 07:00:00,113.27,113.29,112.03,112.74,48278656
2020-06-19 07:00:00,112.74,115.39,112.74,115.36,48015798
2020-06-22 07:00:00,115.36,116.46,114.53,114.72,57426959
2020-06-23 07:00:00,114.73,115.71,114.01,114.63,66879459
2020-06-24 07:00:00,114.63,115.7,113.57,113.7,51814711
2020-06-25 07:00:00,113.69,114.07,112.51,114.07,57783476
2020-06-26 07:00:00,114.06,115.32,113.26,113.45,50288838
2020-06-29 07:00:00,113.42,113.42,109.53,110.32,53405130
2020-06-30 07:00:00,110.34,111.83,107.94,109.76,57552636
2020-07-01 07:00:00,109.74,112.01,108.83,111.69,33105247
2020-07-02 07:00:00,111.69,112.47,111.23,111.61,24023970
2020-07-03 07:00:00,111.61,112.29,111.39,111.55,31477377
2020-07-06 07:00:00,111.55,113.27,111.37,113.07,31247259
2020-07-07 07:00:00,113.08,114.47,111.76,113.71,33401474
2020-07-08 07:00:00,113.71,114.41,112.67,114.37,25220007
2020-07-09 07:00:00,114.37,116.23,114.36,116.16,46286374
2020-07-10 07:00:00,116.16,116.67,115.05,115.66,30484831
2020-07-13 07:00:00,115.74,116.74,114.84,115.65,29195906
2020-07-14 07:00:00,115.65,116.14,115.04,116.14,32272041
2020-07-15 07:00:00,116.14,117.19,115.75,115.91,29667165
2020-07-16 07:00:00,115.92,116.6,115.1,115.59,31400881
2020-07-17 07:00:00,115.59,117.07,114.9,116.81,38928865
2020-07-20 07:00:00,116.81,117.08,115.49,115.72,35066577
2020-07-21 07:00:00,115.72,116.18,114.45,116.09,32112446
2020-07-22 07:00:00,116.16,116.3,114.66,115.32,32172749
2020-07-23 07:00:00,115.33,115.35,113.13,113.87,39308356
2020-07-24 07:00:00,113.87,114.24,107.74,109.33,68878170
2020-07-27 07:00:00,105.67,108.13,102.47,102.85,65042215
2020-07-28 07:00:00,102.83,107.98,101.83,107.98,48366160
2020-07-29 07:00:00,107.98,107.98,102.8,106.85,52687898
2020-07-30 07:00:00,106.85,108.49,105.98,108.1,29112152
2020-07-31 07:00:00,108.1,108.29,105.76,107.51,31961232
2020-08-03 07:00:00,107.51,110.43,106.69,110.43,42710213
2020-08-04 07:00:00,110.43,112.7,110.43,112.5,39699187
2020-08-05 07:00:00,112.5,114.28,112.45,114.02,40619101
2020-08-06 07:00:00,114.02,114.06,112.6,113.35,40712248
2020-08-07 07:00:00,113.35,114.09,112.38,112.78,30593324
2020-08-10 07:00:00,112.78,114.1,112.78,113.64,47384720
2020-08-11 07:00:00,113.64,116.3,112.71,116.3,48631049
2020-08-12 07:00:00,116.3,117.03,115.49,116.1,37596991
2020-08-13 07:00:00,116.08,116.87,116.01,116.87,38380885
2020-08-14 07:00:00,116.87,117.1,115.09,116.23,48714542
2020-08-17 07:00:00,116.23,117.21,115.53,117.21,40873898
2020-08-18 07:00:00,117.21,117.73,116.92,117.02,39642689
2020-08-19 07:00:00,117.02,119.57,116.76,119.19,51910937
2020-08-20 07:00:00,119.19,122.25,119.19,121.18,55289989
2020-08-21 07:00:00,121.47,122.73,120.59,122.64,43844161
2020-08-24 07:00:00,122.64,124.4,122.2,123.16,48044859
2020-08-25 07:00:00,123.16,124.1,122.6,123.37,52589258
2020-08-26 07:00:00,123.47,124.28,122.88,123.89,58551701
2020-08-27 07:00:00,123.89,125.08,123.61,124.92,42782543
2020-08-28 07:00:00,124.92,126.87,124.92,125.84,57458286
2020-08-31 07:00:00,125.85,126.69,124.7,124.85,54434086
2020-09-01 07:00:00,124.85,125.41,124.0,125.41,44157802
2020-09-03 07:00:00,125.41,126.52,124.57,126.05,52274337
2020-09-04 07:00:00,126.05,126.16,123.91,126.15,51247233
2020-09-07 07:00:00,126.15,126.66,124.73,125.43,52359123
2020-09-08 07:00:00,125.43,125.89,124.7,124.8,50452308
2020-09-09 07:00:00,124.8,125.93,123.59,125.93,40073990
2020-09-10 07:00:00,125.93,126.95,125.7,125.82,40616314
2020-09-11 07:00:00,125.93,126.78,124.87,126.21,48532557
2020-09-14 07:00:00,126.21,127.54,126.21,127.43,55291252
2020-09-15 07:00:00,127.43,128.08,127.17,127.93,57734928
2020-09-16 07:00:00,127.93,128.15,127.38,127.87,53020156
2020-09-17 07:00:00,127.87,129.41,127.54,128.47,58380014
2020-09-18 07:00:00,128.48,129.21,128.23,129.2,43222995
2020-09-21 07:00:00,129.2,131.89,129.2,130.58,69188597
2020-09-22 07:00:00,130.58,132.19,129.94,132.19,66597919
2020-09-23 07:00:00,132.19,133.68,132.03,132.64,50990054
2020-09-24 07:00:00,132.65,132.83,131.32,131.71,45847426
2020-09-25 07:00:00,131.71,132.25,130.22,131.52,48371754
2020-09-28 07:00:00,131.52,133.55,131.52,133.12,52337676
2020-09-29 07:00:00,133.12,134.08,131.47,131.74,62257668
2020-09-30 07:00:00,131.74,132.93,131.05,132.93,43369120
2020-10-01 07:00:00,132.93,133.94,132.37,133.5,54159767
2020-10-02 07:00:00,133.5,135.92,132.65,134.91,87915215
2020-10-05 07:00:00,134.76,137.3,134.76,137.19,79313307
2020-10-06 07:00:00,137.19,138.67,136.78,137.77,58134867
2020-10-07 07:00:00,137.77,138.05,136.04,136.13,68387602
2020-10-08 07:00:00,136.13,136.99,134.49,135.61,65778660
2020-10-09 07:00:00,135.61,137.43,135.48,136.91,65034732
2020-10-12 07:00:00,136.91,138.16,135.65,135.9,64210503
2020-10-13 07:00:00,135.9,136.32,135.07,136.15,35134021
2020-10-14 07:00:00,136.15,137.75,136.1,137.49,59137588
2020-10-15 07:00:00,137.52,140.62,137.32,139.66,62834586
2020-10-16 07:00:00,139.66,140.88,138.81,139.82,45056580
2020-10-19 07:00:00,139.82,141.85,139.82,140.88,47334961
2020-10-20 07:00:00,140.88,141.28,139.48,140.33,46051796
2020-10-21 07:00:00,140.33,141.41,139.98,139.98,49565097
2020-10-22 07:00:00,139.98,141.42,139.48,140.86,41794839
2020-10-23 07:00:00,140.86,142.26,140.85,141.7,60775692
2020-10-26 07:00:00,141.7,142.28,139.03,139.03,55693811
2020-10-27 07:00:00,139.03,139.35,137.13,137.13,48055584
2020-10-28 07:00:00,137.13,137.34,133.9,134.04,59015088
2020-10-29 07:00:00,134.04,135.43,132.61,134.37,42968371
2020-10-30 07:00:00,134.34,135.85,133.67,135.34,33869385
2020-11-02 07:00:00,135.43,136.87,135.2,136.87,30168092
2020-11-03 07:00:00,136.87,138.71,136.87,138.58,36520429
2020-11-04 07:00:00,138.58,140.55,138.56,140.03,44208729
2020-11-05 07:00:00,140.03,140.48,138.18,138.3,34721880
2020-11-06 07:00:00,138.3,139.31,137.77,139.31,32392178
2020-11-09 07:00:00,139.33,141.61,139.33,141.61,53564813
2020-11-10 07:00:00,141.61,143.67,141.24,141.37,69301876
2020-11-11 07:00:00,141.37,142.06,140.62,141.82,43708099
2020-11-12 07:00:00,141.82,144.62,141.61,144.62,55452124
2020-11-13 07:00:00,144.62,145.1,143.9,144.74,49269853
2020-11-16 07:00:00,144.74,145.71,143.12,143.36,58094280
2020-11-17 07:00:00,143.36,146.58,143.36,146.58,66052735
2020-11-18 07:00:00,146.58,147.67,145.7,146.8,59170462
2020-11-19 07:00:00,146.8,147.36,146.03,146.85,56703970
2020-11-20 07:00:00,146.85,147.57,146.0,147.21,61937085
2020-11-23 07:00:00,147.21,148.18,146.46,148.18,63270462
2020-11-24 07:00:00,148.18,148.88,146.32,147.58,69977550
2020-11-25 07:00:00,147.58,148.67,147.06,148.09,73244103
2020-11-26 07:00:00,148.09,148.9,147.06,148.4,62252832
2020-11-27 07:00:00,148.4,148.96,147.68,148.17,50992707
2020-11-30 07:00:00,148.17,148.5,147.17,147.7,57834659
2020-12-01 07:00:00,147.7,148.93,145.58,148.93,82178695
2020-12-02 07:00:00,148.97,151.07,148.67,150.8,67293141
2020-12-03 07:00:00,150.8,151.99,150.8,151.99,55280885
2020-12-04 07:00:00,151.99,153.18,150.98,152.48,60647496
2020-12-07 07:00:00,152.48,154.2,152.25,154.2,58099377
2020-12-08 07:00:00,154.2,156.9,154.17,156.61,72802304
2020-12-09 07:00:00,156.61,159.41,156.58,158.74,74465678
2020-12-10 07:00:00,158.74,161.08,158.74,159.3,72316606
2020-12-11 07:00:00,159.3,162.32,159.2,162.32,54130929
2020-12-14 07:00:00,162.32,166.08,161.66,165.74,76284345
2020-12-15 07:00:00,165.74,168.75,165.74,167.87,100958397
2020-12-16 07:00:00,167.87,172.1,167.87,171.62,71382900
2020-12-17 07:00:00,171.62,172.32,169.16,172.0,112313328
2020-12-18 07:00:00,172.0,177.02,170.0,177.02,88928387
2020-12-21 07:00:00,177.02,182.11,177.02,182.11,115950696
2020-12-22 07:00:00,182.11,187.85,180.21,187.85,114509670
2020-12-23 07:00:00,187.89,191.53,187.01,190.25,145206159
2020-12-24 07:00:00,190.25,190.65,184.25,187.63,133096036
2020-12-25 07:00:00,187.63,192.66,183.9,192.46,98340719
2020-12-28 07:00:00,192.46,198.08,192.46,196.57,122251167
2020-12-29 07:00:00,196.57,197.85,194.21,197.1,101812186
2020-12-30 07:00:00,197.1,197.32,192.06,196.94,110872108
2020-12-31 07:00:00,196.94,203.12,194.35,203.12,100281136
2021-01-04 07:00:00,203.12,206.6,200.46,206.28,106271330
2021-01-05 07:00:00,206.28,213.0,205.73,208.13,123520433
2021-01-06 07:00:00,208.36,212.95,208.36,211.68,126097649
2021-01-07 07:00:00,211.68,216.23,211.16,216.23,152274623
2021-01-08 07:00:00,216.23,218.12,215.6,217.4,165060870
2021-01-11 07:00:00,217.4,221.51,217.4,219.12,137969521
2021-01-12 07:00:00,219.3,221.97,216.56,221.97,166570688
2021-01-13 07:00:00,222.44,225.01,219.1,222.49,197181639
2021-01-14 07:00:00,222.86,222.91,219.66,222.27,124683342
2021-01-15 07:00:00,222.27,226.99,220.85,225.47,174574053
2021-01-18 07:00:00,225.59,232.82,225.59,230.5,155722835
2021-01-19 07:00:00,230.69,237.22,220.46,224.02,263670027
2021-01-20 07:00:00,223.99,233.26,222.11,233.26,172499955
2021-01-21 07:00:00,233.26,243.56,233.26,240.27,128159184
2021-01-22 07:00:00,240.27,245.75,233.82,240.12,144572240
2021-01-25 07:00:00,240.12,240.19,231.84,231.84,146309937
2021-01-26 07:00:00,231.75,234.95,222.62,227.82,183503721
2021-01-27 07:00:00,227.82,227.83,218.85,220.79,137352831
2021-01-28 07:00:00,220.79,220.79,201.36,203.05,119345337
2021-01-29 07:00:00,203.05,214.5,195.78,214.21,162951162
2021-02-01 07:00:00,213.92,218.46,208.48,208.85,101534222
2021-02-02 07:00:00,208.87,215.6,207.12,215.36,104307298
2021-02-03 07:00:00,215.36,223.91,215.36,223.62,117160664
2021-02-04 07:00:00,223.62,225.73,222.74,223.68,80768986
2021-02-05 07:00:00,223.68,227.19,221.88,223.84,98632935
2021-02-08 07:00:00,223.84,227.32,219.09,220.76,122185642
2021-02-09 07:00:00,220.76,225.36,220.23,224.9,73849671
2021-02-17 07:00:00,225.45,230.43,224.04,230.02,83079984
2021-02-18 07:00:00,230.57,232.24,229.96,230.96,124754301
2021-02-19 07:00:00,230.96,232.24,229.21,231.18,100487526
2021-02-22 07:00:00,231.18,237.97,229.62,237.97,104566337
2021-02-23 07:00:00,237.97,238.78,232.46,238.78,124703167
2021-02-24 07:00:00,238.78,240.5,233.6,237.89,148639107
2021-02-25 07:00:00,237.89,246.2,237.89,246.2,113362762
2021-02-26 07:00:00,246.2,252.36,245.2,249.22,113027062
2021-03-01 07:00:00,249.22,252.59,247.66,252.37,121160252
2021-03-02 07:00:00,252.37,255.03,247.94,247.94,111067422
2021-03-03 07:00:00,247.95,254.1,247.62,254.1,118078208
2021-03-04 07:00:00,254.1,257.24,251.41,255.77,171277656
2021-03-05 07:00:00,255.77,260.61,254.0,259.8,151837717
2021-03-08 07:00:00,259.8,265.43,259.8,263.42,143326715
2021-03-09 07:00:00,263.42,266.59,263.42,264.83,143878969
2021-03-10 07:00:00,264.83,267.1,263.57,267.1,147168549
2021-03-11 07:00:00,267.1,273.59,267.1,273.52,158702767
2021-03-12 07:00:00,273.52,278.46,273.36,273.91,140815735
2021-03-15 07:00:00,273.91,279.49,273.91,275.19,136837453
2021-03-16 07:00:00,275.19,276.97,272.99,275.88,164936693
2021-03-17 07:00:00,275.88,276.98,274.67,276.55,142987724
2021-03-18 07:00:00,276.55,278.71,275.27,277.48,143093257
2021-03-19 07:00:00,277.48,277.79,274.63,277.7,140322896
2021-03-22 07:00:00,278.02,278.84,274.31,274.84,131598669
2021-03-23 07:00:00,274.84,276.22,269.49,272.34,163960658
2021-03-24 07:00:00,272.34,272.69,265.13,268.69,168551684
2021-03-25 07:00:00,268.69,269.79,266.45,267.19,107194292
2021-03-26 07:00:00,267.19,270.96,258.73,270.96,215622952
2021-03-29 07:00:00,270.96,276.16,269.83,276.16,170220537
2021-03-30 07:00:00,276.16,281.37,276.16,281.14,160783444
2021-03-31 07:00:00,281.14,286.72,279.81,286.67,210779964
2021-04-01 07:00:00,286.67,293.84,284.39,292.4,187336986
2021-04-02 07:00:00,292.4,298.0,291.91,294.89,178006432
2021-04-05 07:00:00,294.57,297.34,291.24,291.24,149004209
2021-04-06 07:00:00,292.03,292.82,288.99,291.68,189576119
2021-04-07 07:00:00,291.68,293.26,291.06,292.84,157636222
2021-04-08 07:00:00,292.86,294.18,291.15,293.75,178358127
2021-04-09 07:00:00,293.75,294.15,291.92,293.79,160739500
2021-04-12 07:00:00,293.79,295.85,292.86,295.53,183188830
2021-04-13 07:00:00,295.53,298.28,292.19,292.19,227435372
2021-04-14 07:00:00,292.19,294.83,290.7,294.83,155331024
2021-04-15 07:00:00,294.83,297.22,294.16,296.12,157389076
2021-04-16 07:00:00,296.12,296.72,290.21,293.11,218553575
2021-04-19 07:00:00,292.39,295.78,291.13,295.75,151325000
2021-04-20 07:00:00,295.75,297.57,295.48,296.48,155958300
2021-04-22 07:00:00,296.48,297.37,287.04,287.04,168394400
2021-04-23 07:00:00,287.04,287.53,277.93,283.63,137537600
2021-04-26 07:00:00,283.63,287.82,280.24,280.68,127902700
2021-04-27 07:00:00,280.68,280.68,277.56,280.56,100340600
2021-04-28 07:00:00,280.56,282.1,279.02,282.07,85745400
2021-04-29 07:00:00,282.07,282.62,281.02,281.75,85136900
2021-05-04 07:00:00,281.75,282.0,276.49,277.71,100550800
2021-05-05 07:00:00,277.71,281.96,277.32,280.93,115032600
2021-05-06 07:00:00,280.86,286.13,280.78,281.09,112014000
2021-05-07 07:00:00,281.09,281.16,275.39,279.86,114815000
2021-05-10 07:00:00,279.86,281.19,277.62,280.27,109897100
2021-05-11 07:00:00,280.27,282.58,278.93,279.76,110116900
2021-05-12 07:00:00,279.76,282.49,277.99,282.33,88912000
2021-05-13 07:00:00,282.33,288.01,282.23,287.03,118826500
2021-05-14 07:00:00,287.03,294.79,287.01,294.72,139290700
2021-05-17 07:00:00,294.72,300.46,294.16,296.79,128799200
2021-05-18 07:00:00,296.79,297.33,291.74,294.64,118991800
2021-05-19 07:00:00,294.64,295.27,292.09,295.25,127035900
2021-05-20 07:00:00,295.25,296.29,294.33,295.1,124957900
2021-05-21 07:00:00,295.1,299.63,293.98,297.99,133041300
2021-05-24 07:00:00,297.99,300.35,297.67,300.33,106801400
2021-05-25 07:00:00,300.33,301.87,299.77,301.59,116139600
2021-05-26 07:00:00,301.59,305.74,301.01,304.86,135890100
2021-05-27 07:00:00,304.86,307.41,301.49,304.45,137893400
2021-05-28 07:00:00,304.45,311.38,303.55,310.46,168327600
2021-05-31 07:00:00,310.46,318.37,308.7,317.85,186211200
2021-06-01 07:00:00,317.85,324.7,315.9,318.47,201092900
2021-06-02 07:00:00,318.47,322.1,314.06,322.05,177494100
2021-06-03 07:00:00,322.05,331.4,321.87,329.95,222872200
2021-06-04 07:00:00,329.95,331.9,325.25,329.76,203047500
2021-06-07 07:00:00,329.76,330.65,317.21,318.63,224092600
2021-06-08 07:00:00,318.63,324.87,301.58,306.39,222189200
2021-06-09 07:00:00,306.39,317.16,302.08,316.87,150514600
2021-06-10 07:00:00,316.87,319.11,311.32,311.32,142386100
2021-06-11 07:00:00,311.32,320.23,311.27,316.69,149812200
2021-06-14 07:00:00,316.69,322.23,316.68,319.01,165094500
2021-06-15 07:00:00,319.01,321.81,317.67,318.29,152941800
2021-06-16 07:00:00,318.29,320.94,313.65,313.65,174234200
2021-06-17 07:00:00,313.65,317.27,309.46,317.07,146323600
2021-06-18 07:00:00,317.07,320.63,316.82,318.73,134889300
2021-06-21 07:00:00,318.73,320.01,315.74,316.24,136498800
2021-06-22 07:00:00,316.24,322.84,316.24,317.09,138999000
2021-06-23 07:00:00,317.09,318.71,314.89,315.8,122028900
2021-06-24 07:00:00,315.8,317.38,313.67,315.08,89488200
2021-06-25 07:00:00,315.08,318.23,313.55,318.22,117521700
2021-06-28 07:00:00,318.22,323.3,318.04,323.1,127964400
2021-06-29 07:00:00,323.1,325.57,322.22,323.79,128612500
2021-06-30 07:00:00,323.79,324.77,321.75,323.32,99823900
2021-07-01 07:00:00,323.32,326.55,321.63,325.72,151069800
2021-07-02 07:00:00,325.72,328.79,325.6,328.01,139521600
2021-07-05 07:00:00,328.01,329.0,323.4,327.76,138244400
2021-07-06 07:00:00,327.76,330.97,318.51,318.51,160199400
2021-07-07 07:00:00,318.51,324.98,312.46,319.83,145940700
2021-07-08 07:00:00,319.83,321.48,315.82,315.98,94603400
2021-07-09 07:00:00,315.98,317.36,306.54,306.73,119797500
2021-07-12 07:00:00,306.73,307.94,288.27,292.98,183249200
2021-07-13 07:00:00,292.98,298.58,292.22,296.7,100789800
2021-07-14 07:00:00,295.97,299.85,292.11,296.84,88487400
2021-07-15 07:00:00,296.84,306.3,295.01,306.3,88833400
2021-07-16 07:00:00,306.3,311.57,306.3,307.76,94959200
2021-07-19 07:00:00,307.76,307.76,291.84,292.06,115983900
2021-07-20 07:00:00,292.06,301.11,288.79,301.11,92856900
2021-07-21 07:00:00,301.11,304.28,299.07,300.8,59483400
2021-07-22 07:00:00,300.8,306.69,300.03,305.97,87183100
2021-07-23 07:00:00,305.97,306.47,301.77,301.77,86904100
2021-07-26 07:00:00,301.77,303.35,298.68,302.88,71577100
2021-07-27 07:00:00,302.88,307.68,296.17,306.0,90260200
2021-07-28 07:00:00,306.0,307.27,298.93,306.25,62291100
2021-07-29 07:00:00,306.25,311.25,306.04,310.97,87608900
2021-07-30 07:00:00,310.97,315.02,310.97,314.85,106365700
2021-08-02 07:00:00,314.85,317.7,314.06,314.93,102573800
2021-08-03 07:00:00,314.93,319.13,314.17,319.13,113022200
2021-08-04 07:00:00,319.13,326.59,318.21,320.02,119074800
2021-08-05 07:00:00,320.02,325.51,318.93,325.46,134085500
2021-08-06 07:00:00,325.46,327.38,324.45,325.46,135327000
2021-08-09 07:00:00,325.46,330.82,323.81,330.68,136707000
2021-08-10 07:00:00,330.68,335.32,330.62,335.08,161453300
2021-08-11 07:00:00,335.08,338.13,334.44,334.44,147633900
2021-08-12 07:00:00,334.44,337.5,332.86,334.33,149652300
2021-08-13 07:00:00,334.33,336.97,330.1,336.96,152347000
2021-08-16 07:00:00,336.96,343.76,336.76,343.53,180367300
2021-08-17 07:00:00,343.53,345.38,341.24,343.11,167110500
2021-08-18 07:00:00,343.11,346.14,342.51,344.82,147949900
2021-08-19 07:00:00,344.82,347.15,343.38,346.07,152364900
2021-08-20 07:00:00,346.07,347.31,332.46,338.06,258868800
2021-08-23 07:00:00,338.06,339.62,334.84,334.84,166823800
2021-08-24 07:00:00,334.84,339.15,329.91,331.79,161130100
2021-08-25 07:00:00,331.79,336.01,329.47,336.01,100048600
2021-08-26 07:00:00,337.93,340.75,335.02,336.85,118692200
2021-08-27 07:00:00,336.85,338.79,332.41,338.79,133782400
2021-08-30 07:00:00,338.79,342.68,338.58,341.3,134945900
2021-08-31 07:00:00,341.3,343.85,341.06,342.81,144039300
2021-09-01 07:00:00,342.81,345.68,341.87,343.42,133940900
2021-09-06 07:00:00,343.42,348.45,343.42,345.63,184684000
2021-09-07 07:00:00,345.63,350.81,345.63,346.48,169026100
2021-09-08 07:00:00,346.48,350.61,346.48,347.28,117111700
2021-09-09 07:00:00,347.28,350.99,347.07,350.44,107106400
2021-09-10 07:00:00,350.44,352.36,349.38,350.05,120752200
2021-09-13 07:00:00,350.05,354.39,348.7,349.05,167600500
2021-09-14 07:00:00,349.05,353.44,347.35,347.86,165054800
2021-09-15 07:00:00,347.86,352.08,347.66,350.75,169171100
2021-09-16 07:00:00,350.75,355.6,350.75,353.24,157912100
2021-09-17 07:00:00,353.24,359.02,353.24,357.97,170061800
2021-09-20 07:00:00,357.97,362.19,357.14,358.87,184301900
2021-09-21 07:00:00,359.09,359.47,354.3,358.98,185902000
2021-09-22 07:00:00,358.98,363.43,358.58,363.43,181164000
2021-09-23 07:00:00,363.43,365.75,359.69,361.02,198814300
2021-09-24 07:00:00,361.02,362.7,358.59,359.63,135347300
2021-09-27 07:00:00,359.63,361.51,352.73,353.01,145718500
2021-09-28 07:00:00,353.01,357.1,349.62,356.03,135627100
2021-09-29 07:00:00,356.03,356.64,352.71,354.29,105750400
2021-09-30 07:00:00,354.29,359.05,354.25,357.33,90731800
2021-10-01 07:00:00,357.33,359.42,355.16,356.49,114264200
2021-10-04 07:00:00,356.49,360.97,356.12,360.89,142454400
2021-10-05 07:00:00,360.89,366.53,359.96,366.5,144938800
2021-10-06 07:00:00,366.5,368.52,366.5,368.47,98010800
2021-10-07 07:00:00,368.47,371.74,368.28,370.4,102275400
2021-10-08 07:00:00,370.4,372.68,370.07,371.92,93671000
2021-10-11 07:00:00,371.92,375.2,371.66,374.34,93798200
2021-10-12 07:00:00,374.34,378.31,374.34,375.68,105239100
2021-10-13 07:00:00,375.68,379.95,375.68,379.34,90734400
2021-10-14 07:00:00,379.34,386.49,379.34,384.84,104367200
2021-10-15 07:00:00,384.84,387.5,383.29,384.84,114743600
2021-10-18 07:00:00,384.84,388.05,384.33,384.88,122549500
2021-10-19 07:00:00,384.88,388.0,383.81,387.0,106980700
2021-10-20 07:00:00,387.0,390.2,385.96,388.29,134430700
2021-10-21 07:00:00,388.29,391.28,386.33,388.45,117429300
2021-10-22 07:00:00,388.45,392.13,388.43,391.21,151836200
2021-10-25 07:00:00,391.21,397.46,390.55,395.88,145261700
2021-10-26 07:00:00,395.88,398.02,393.46,397.81,112002300
2021-10-27 07:00:00,397.81,404.83,397.81,404.37,136456100
2021-10-28 07:00:00,404.37,411.07,403.92,411.07,161212300
2021-10-29 07:00:00,411.07,413.93,409.2,412.12,146374600
2021-11-01 07:00:00,412.12,420.42,412.12,415.54,169050000
2021-11-02 07:00:00,415.54,424.83,415.54,424.11,178214900
2021-11-03 07:00:00,424.11,430.31,415.7,415.71,216137400
2021-11-04 07:00:00,415.71,422.92,413.84,422.42,135762100
2021-11-05 07:00:00,422.42,428.52,422.36,427.64,145119300
2021-11-08 07:00:00,427.64,433.95,427.5,432.1,159429400
2021-11-09 07:00:00,432.1,434.91,430.16,432.64,143014200
2021-11-10 07:00:00,432.64,438.33,432.64,438.24,150767700
2021-11-11 07:00:00,438.24,440.76,432.98,438.73,181844700
2021-11-12 07:00:00,438.73,442.17,437.43,441.63,162874300
2021-11-15 07:00:00,441.63,449.62,441.63,444.28,204548800
2021-11-16 07:00:00,444.28,453.43,439.16,452.25,191314200
2021-11-17 07:00:00,452.25,462.98,451.53,462.95,140122800
2021-11-18 07:00:00,462.95,469.9,462.02,468.73,168658000
2021-11-19 07:00:00,468.73,474.76,453.97,453.97,250857900
2021-11-22 07:00:00,453.97,456.5,443.25,444.62,180709500
2021-11-23 07:00:00,444.62,448.6,437.53,448.6,116667600
2021-11-24 07:00:00,448.6,455.58,448.22,455.58,106462600
2021-11-25 07:00:00,455.58,459.99,455.19,459.67,106573600
2021-11-26 07:00:00,459.67,463.76,455.06,458.63,133678700
2021-11-29 07:00:00,458.63,464.4,449.33,460.58,133958700
2021-11-30 07:00:00,460.58,464.01,456.36,458.05,149163900
2021-12-01 07:00:00,458.05,458.62,454.02,455.81,126660400
2021-12-02 07:00:00,455.81,460.12,448.17,458.23,124028700
2021-12-03 07:00:00,458.23,460.13,449.27,449.27,153845200
2021-12-06 07:00:00,449.27,450.18,432.99,435.85,138533000
2021-12-07 07:00:00,435.85,446.41,435.27,446.41,104932500
2021-12-08 07:00:00,446.41,451.72,446.17,449.74,121184900
2021-12-09 07:00:00,449.74,453.68,448.47,452.53,88295000
2021-12-10 07:00:00,452.53,453.73,449.58,450.75,103339100
2021-12-13 07:00:00,450.75,457.71,450.57,457.56,108079600
2021-12-14 07:00:00,457.56,459.12,452.33,454.68,108099500
2021-12-15 07:00:00,454.68,456.23,453.01,453.7,112761400
2021-12-16 07:00:00,453.7,457.45,453.53,457.03,115571100
2021-12-17 07:00:00,457.03,461.15,454.82,456.2,140192200
2021-12-20 07:00:00,456.2,458.31,451.83,454.59,120831100
2021-12-21 07:00:00,454.59,456.72,451.87,455.01,111218500
2021-12-22 07:00:00,455.01,457.62,451.6,453.1,142414000
2021-12-23 07:00:00,453.1,454.02,440.97,442.61,161994900
2021-12-24 07:00:00,442.61,447.04,440.69,445.61,115176500
2021-12-27 07:00:00,445.61,449.84,444.83,449.41,85296600
2021-12-28 07:00:00,449.41,458.05,449.41,458.05,128258800
2021-12-29 07:00:00,458.05,460.33,456.9,457.83,105723100
2021-12-30 07:00:00,457.83,461.88,457.69,461.65,115856700
2021-12-31 07:00:00,461.65,474.18,460.94,473.99,102377700
2022-01-04 07:00:00,473.99,479.81,467.51,474.1,97180800
2022-01-05 07:00:00,474.1,480.87,474.1,480.36,131877600
2022-01-06 07:00:00,480.36,487.35,479.54,484.89,139691000
2022-01-07 07:00:00,484.89,493.94,484.87,493.84,143928700
2022-01-10 07:00:00,493.84,500.09,482.65,482.89,185622800
2022-01-11 07:00:00,482.89,486.75,479.8,481.61,138112900
2022-01-12 07:00:00,481.61,481.77,464.91,473.64,135123100
2022-01-13 07:00:00,473.64,478.7,460.7,460.83,106145900
2022-01-14 07:00:00,460.83,468.48,451.85,466.86,86084700
2022-01-17 07:00:00,466.86,475.93,445.27,445.34,130503600
2022-01-18 07:00:00,445.34,445.38,417.21,421.21,91152000
2022-01-19 07:00:00,421.21,421.21,405.84,409.31,98813000
2022-01-20 07:00:00,409.31,413.36,397.49,411.8,78508500
2022-01-21 07:00:00,411.8,421.43,411.8,417.84,81059000
2022-01-24 07:00:00,417.84,421.63,400.67,400.76,110386200
2022-01-25 07:00:00,400.76,410.95,395.24,410.23,69615300
2022-01-26 07:00:00,410.23,417.34,410.23,411.82,52308800
2022-01-27 07:00:00,411.82,414.6,405.97,411.27,51670900
2022-01-28 07:00:00,411.27,417.03,406.85,416.73,67644100
2022-02-07 07:00:00,416.73,423.81,416.73,419.33,52318800
2022-02-08 07:00:00,419.33,419.62,416.09,417.89,58753100
2022-02-09 07:00:00,417.89,424.29,415.12,424.19,64772500
2022-02-10 07:00:00,424.19,431.14,424.19,428.24,55309700
2022-02-11 07:00:00,428.24,429.72,425.74,426.89,70943600
2022-02-14 07:00:00,426.89,427.41,421.01,421.01,74875600
2022-02-15 07:00:00,421.01,425.25,418.82,423.84,47083000
2022-02-16 07:00:00,423.84,429.53,423.73,429.12,72431000
2022-02-17 07:00:00,429.12,432.27,427.88,430.24,62338600
2022-02-18 07:00:00,430.24,435.73,427.27,435.61,81601500
2022-02-21 07:00:00,435.61,443.01,435.57,440.99,97364900
2022-02-22 07:00:00,440.99,441.42,430.64,434.43,119180400
2022-02-23 07:00:00,434.43,442.89,432.35,442.54,108673800
2022-02-24 07:00:00,442.54,444.38,428.39,434.88,158826800
2022-02-25 07:00:00,434.88,442.74,434.59,440.16,104592800
2022-02-28 07:00:00,440.16,442.12,438.8,440.42,98753400
2022-03-01 07:00:00,440.42,444.7,440.14,443.56,117185700
2022-03-02 07:00:00,443.56,446.45,440.4,442.25,104739100
2022-03-03 07:00:00,442.25,449.33,442.25,449.31,119375500
2022-03-04 07:00:00,449.31,452.93,449.22,450.59,137479900
2022-03-07 07:00:00,450.59,454.04,449.64,452.86,136638900
2022-03-08 07:00:00,452.86,453.0,445.44,445.89,140082700
2022-03-09 07:00:00,445.89,448.37,437.97,444.6,138613700
2022-03-10 07:00:00,444.6,449.87,442.88,447.64,118661500
2022-03-11 07:00:00,447.64,448.17,440.68,442.2,168784500
2022-03-14 07:00:00,442.2,443.53,434.07,436.57,125684100
2022-03-15 07:00:00,436.57,443.6,435.48,443.52,96850400
2022-03-16 07:00:00,443.52,448.3,443.52,446.18,80395300
2022-03-17 07:00:00,446.18,450.34,445.93,446.16,102193700
2022-03-18 07:00:00,446.16,453.76,446.16,451.21,111052900
2022-03-21 07:00:00,451.21,458.29,451.21,458.29,100373300
2022-03-22 07:00:00,458.29,465.2,458.29,461.35,134213100
2022-03-23 07:00:00,461.35,465.59,460.86,462.1,122868700
2022-03-24 07:00:00,462.1,462.88,458.72,462.8,116364600
2022-03-25 07:00:00,462.8,464.0,458.77,461.75,127183200
2022-03-28 07:00:00,461.75,462.19,450.97,454.89,148446600
2022-03-29 07:00:00,454.89,465.22,453.73,461.24,141147300
2022-03-30 07:00:00,461.24,461.24,450.86,451.19,130820400
2022-03-31 07:00:00,451.19,453.71,449.3,449.62,120007300
2022-04-01 07:00:00,449.62,454.1,444.62,454.1,122997000
2022-04-04 07:00:00,454.1,460.54,454.07,458.69,84017700
2022-04-05 07:00:00,458.69,460.32,456.1,456.1,82660100
2022-04-06 07:00:00,456.1,456.1,445.59,446.83,114000600
2022-04-07 07:00:00,446.83,447.83,441.61,441.61,86121000
2022-04-08 07:00:00,441.61,443.34,432.0,432.02,84348500
2022-04-12 07:00:00,432.02,436.97,420.69,421.01,92825000
2022-04-13 07:00:00,421.01,427.52,415.05,427.45,80497400
2022-04-14 07:00:00,427.45,431.86,423.69,423.69,56266100
2022-04-15 07:00:00,423.69,424.95,416.61,416.71,69317300
2022-04-18 07:00:00,416.71,418.35,400.88,403.12,97824200
2022-04-19 07:00:00,403.12,407.59,392.61,392.69,87177500
2022-04-20 07:00:00,392.69,393.56,380.04,380.04,87809600
2022-04-21 07:00:00,380.04,380.04,365.26,366.61,99524500
2022-04-22 07:00:00,366.61,372.32,356.61,359.12,113522300
2022-04-25 07:00:00,359.12,362.03,337.29,337.51,96001400
2022-04-26 07:00:00,337.51,345.17,324.52,345.17,83460500
2022-04-27 07:00:00,345.17,357.39,344.39,357.09,66426800
2022-04-28 07:00:00,357.09,363.16,357.09,360.2,69274000
2022-04-29 07:00:00,360.2,367.83,358.35,365.83,77703500
2022-05-04 07:00:00,365.83,366.89,360.81,360.97,72943300
2022-05-05 07:00:00,360.97,365.16,352.88,358.75,68198900
2022-05-06 07:00:00,358.75,358.75,343.46,343.46,61704300
2022-05-09 07:00:00,343.46,343.46,322.49,323.39,88614900
2022-05-10 07:00:00,323.39,330.02,312.23,330.02,74036400
2022-05-11 07:00:00,330.02,335.55,329.4,333.04,47267400
2022-05-12 07:00:00,333.04,333.56,315.29,315.52,71357900
2022-05-13 07:00:00,315.52,316.46,300.19,302.39,101540800
2022-05-16 07:00:00,302.39,314.98,300.86,307.05,74121800
2022-05-17 07:00:00,307.05,317.82,304.56,315.44,70427500
2022-05-18 07:00:00,315.44,317.55,309.83,309.84,78005600
2022-05-19 07:00:00,309.84,309.84,301.84,308.02,74499400
2022-05-20 07:00:00,308.02,310.88,305.27,307.02,70132100
2022-05-23 07:00:00,307.02,310.9,299.08,300.66,73275600
2022-05-24 07:00:00,300.66,305.96,296.4,305.96,76598600
2022-05-25 07:00:00,305.96,315.39,305.96,314.91,91111800
2022-05-26 07:00:00,314.91,315.89,311.17,313.29,81379500
2022-05-27 07:00:00,313.29,314.19,311.16,311.17,70080900
2022-05-30 07:00:00,311.17,315.62,309.38,312.77,81374300
2022-05-31 07:00:00,312.77,315.76,310.96,315.76,84062100
2022-06-01 07:00:00,315.76,316.57,311.48,315.37,69933200
2022-06-02 07:00:00,315.37,315.92,309.64,311.77,87847300
2022-06-03 07:00:00,311.77,312.85,306.31,310.48,65188900
2022-06-06 07:00:00,310.48,312.34,306.81,306.81,79236700
2022-06-07 07:00:00,306.81,306.85,298.7,304.15,99221800
2022-06-08 07:00:00,304.15,312.54,304.1,310.93,76470700
2022-06-09 07:00:00,310.93,313.45,310.69,312.74,51185200
2022-06-10 07:00:00,312.74,313.5,306.44,306.44,86921000
2022-06-13 07:00:00,306.44,306.44,288.2,288.37,98106800
2022-06-14 07:00:00,288.37,292.26,284.34,290.08,63160700
2022-06-15 07:00:00,290.08,292.85,280.54,283.25,69346800
2022-06-16 07:00:00,283.25,290.45,282.99,287.77,61790200
2022-06-17 07:00:00,287.77,289.85,279.16,280.06,80535100
2022-06-20 07:00:00,280.06,282.32,267.9,267.92,74941800
2022-06-21 07:00:00,267.92,269.42,263.39,264.62,75633400
2022-06-22 07:00:00,264.62,270.03,262.48,269.39,69461500
2022-06-23 07:00:00,269.39,277.18,268.53,277.18,49615100
2022-06-24 07:00:00,277.18,279.5,275.58,275.93,54941000
2022-06-27 07:00:00,275.93,281.56,275.93,280.42,49400800
2022-06-28 07:00:00,280.42,284.97,278.87,283.87,63123100
2022-06-29 07:00:00,283.87,285.56,279.84,282.35,50935500
2022-06-30 07:00:00,282.35,284.49,277.61,277.68,55644300
2022-07-01 07:00:00,277.68,280.1,269.21,278.88,73856400
2022-07-04 07:00:00,278.88,283.45,278.82,281.19,46889900
2022-07-05 07:00:00,281.19,282.33,277.37,277.94,56264700
2022-07-06 07:00:00,277.94,277.94,271.88,271.92,62460900
2022-07-07 07:00:00,271.92,272.66,268.21,271.86,40475700
2022-07-08 07:00:00,271.86,277.87,271.86,277.8,51719000
2022-07-11 07:00:00,277.8,278.85,274.23,276.93,56367900
2022-07-12 07:00:00,276.93,282.23,275.77,281.99,58322000
2022-07-13 07:00:00,281.99,284.24,280.5,281.36,57730900
2022-07-14 07:00:00,281.36,285.03,280.03,284.75,69327200
2022-07-15 07:00:00,284.75,287.74,284.4,284.4,64230000
2022-07-18 07:00:00,284.4,287.32,283.98,284.63,56958100
2022-07-19 07:00:00,284.63,286.84,280.1,284.43,60232300
2022-07-20 07:00:00,284.43,289.86,284.43,288.87,87335100
2022-07-21 07:00:00,288.87,289.61,287.44,288.09,62539100
2022-07-22 07:00:00,288.09,290.53,288.09,288.83,60104000
2022-07-25 07:00:00,288.83,288.89,284.0,285.38,58816600
2022-07-26 07:00:00,285.38,286.54,282.75,282.88,42009800
2022-07-27 07:00:00,282.88,284.57,280.72,284.52,45463700
2022-07-28 07:00:00,284.52,291.97,284.52,289.84,77987500
2022-07-29 07:00:00,289.84,291.82,288.37,288.61,62178300
2022-08-01 07:00:00,288.61,294.62,287.68,294.62,79721500
2022-08-02 07:00:00,294.62,297.62,293.99,295.84,106777400
2022-08-03 07:00:00,295.84,298.11,295.17,298.11,85229600
2022-08-04 07:00:00,298.11,300.28,296.89,297.73,91574200
2022-08-05 07:00:00,297.73,300.26,296.44,299.9,91268800
2022-08-08 07:00:00,299.9,302.48,299.79,301.33,93875800
2022-08-09 07:00:00,301.33,302.72,300.01,301.41,96901100
2022-08-10 07:00:00,301.41,304.22,300.5,303.54,92580500
2022-08-11 07:00:00,303.54,307.57,299.48,300.18,128180000
2022-08-12 07:00:00,300.18,303.51,299.81,303.42,68864900
2022-08-15 07:00:00,303.42,307.83,302.96,303.97,77793100
2022-08-16 07:00:00,303.97,304.53,302.4,303.02,73810400
2022-08-17 07:00:00,303.02,305.2,301.05,302.59,95037600
2022-08-18 07:00:00,302.59,302.71,299.26,301.19,71567800
2022-08-19 07:00:00,301.19,302.04,297.33,297.94,78593800
2022-08-22 07:00:00,297.94,297.94,292.73,294.73,102799300
2022-08-23 07:00:00,294.73,299.14,292.61,299.14,89539000
2022-08-24 07:00:00,299.14,301.32,298.83,301.3,73636200
2022-08-25 07:00:00,301.3,302.7,301.17,301.86,84010100
2022-08-26 07:00:00,301.86,302.99,298.13,299.5,91892000
2022-08-29 07:00:00,299.5,299.5,288.94,295.54,127274100
2022-08-30 07:00:00,295.54,297.88,293.52,293.86,66145700
2022-08-31 07:00:00,293.86,294.03,291.56,291.92,66216400
2022-09-05 07:00:00,291.92,294.55,290.26,292.82,62651100
2022-09-06 07:00:00,292.82,294.67,292.58,293.27,67405500
2022-09-07 07:00:00,293.27,293.29,284.05,284.05,100644800
2022-09-08 07:00:00,284.05,285.95,281.48,282.15,79739100
2022-09-09 07:00:00,282.15,284.7,278.2,284.63,68594800
2022-09-12 07:00:00,284.63,286.79,282.93,283.08,51305300
2022-09-13 07:00:00,283.08,284.5,279.57,281.59,54705700
2022-09-14 07:00:00,281.59,281.59,276.45,279.42,71129600
2022-09-15 07:00:00,279.42,281.18,277.94,279.69,50631100
2022-09-16 07:00:00,279.69,280.35,272.82,272.88,76417700
2022-09-19 07:00:00,272.88,275.06,263.09,264.25,84461500
2022-09-20 07:00:00,264.25,267.67,262.78,266.91,56344900
2022-09-21 07:00:00,266.91,266.98,263.48,265.09,41203400
2022-09-22 07:00:00,265.09,265.64,260.92,265.64,56744400
2022-09-23 07:00:00,265.64,268.13,264.34,264.44,56076800
2022-09-26 07:00:00,264.44,264.44,251.62,255.68,82317100
2022-09-27 07:00:00,255.68,257.0,253.88,255.52,45850300
2022-09-28 07:00:00,255.52,255.66,251.99,252.35,61473700
2022-09-29 07:00:00,252.35,255.92,249.25,249.41,50659400
2022-09-30 07:00:00,249.41,250.25,241.5,250.25,74088900
2022-10-03 07:00:00,250.25,250.25,238.16,238.17,60130700
2022-10-04 07:00:00,238.17,241.82,235.01,235.61,56098700
2022-10-05 07:00:00,235.61,242.58,234.35,242.12,48961200
2022-10-06 07:00:00,242.12,243.44,233.66,235.13,50755600
2022-10-07 07:00:00,235.13,235.25,222.92,226.09,83773900
2022-10-10 07:00:00,226.09,230.24,222.21,229.85,59483700
2022-10-11 07:00:00,229.85,230.19,218.74,218.78,73872500
2022-10-12 07:00:00,218.78,225.09,215.84,223.43,50728400
2022-10-13 07:00:00,223.43,224.94,222.91,224.74,32688700
2022-10-14 07:00:00,224.74,229.58,224.69,227.89,66725100
2022-10-17 07:00:00,227.89,228.01,223.84,226.46,43308600
2022-10-18 07:00:00,226.46,231.61,225.98,229.12,54943100
2022-10-19 07:00:00,229.12,230.61,227.2,227.9,37263900
2022-10-20 07:00:00,227.9,228.52,224.9,225.88,32304400
2022-10-21 07:00:00,225.88,226.02,216.34,217.41,88611400
2022-10-24 07:00:00,217.41,218.69,208.17,209.5,63697800
2022-10-25 07:00:00,209.5,211.24,203.44,208.02,73563900
2022-10-26 07:00:00,208.02,209.78,204.5,205.95,39379500
2022-10-27 07:00:00,205.95,213.63,201.94,213.63,55276700
2022-10-28 07:00:00,213.63,217.11,212.42,213.73,55702600
2022-10-31 07:00:00,213.73,215.12,208.29,210.43,50805500
2022-11-01 07:00:00,210.43,213.27,209.69,212.36,53691600
2022-11-02 07:00:00,212.36,213.94,211.27,211.66,47360700
2022-11-03 07:00:00,211.66,211.78,209.8,210.74,37225800
2022-11-04 07:00:00,210.74,210.84,203.25,204.56,73067300
2022-11-07 07:00:00,204.56,205.1,198.11,198.56,62797600
2022-11-08 07:00:00,198.56,199.78,195.43,199.77,51546000
2022-11-09 07:00:00,199.77,203.52,198.35,201.39,44350000
2022-11-10 07:00:00,201.39,201.39,191.89,192.39,59887900
2022-11-11 07:00:00,192.39,193.69,188.97,189.81,77909300
2022-11-14 07:00:00,189.81,189.81,182.4,183.45,65560700
2022-11-15 07:00:00,183.45,183.45,174.34,175.78,58218500
2022-11-16 07:00:00,175.78,183.5,168.16,183.45,101408100
2022-11-17 07:00:00,183.45,188.77,181.73,187.86,70441600
2022-11-18 07:00:00,187.86,190.88,183.43,190.87,97207400
2022-11-21 07:00:00,190.87,193.73,187.99,192.4,52052700
2022-11-22 07:00:00,192.4,197.98,190.95,194.66,99129200
2022-11-23 07:00:00,194.66,195.85,191.0,191.0,56024100
2022-11-24 07:00:00,191.0,191.81,188.48,191.22,58281900
2022-11-25 07:00:00,191.22,196.8,189.35,196.77,56228300
2022-11-28 07:00:00,196.77,204.1,196.48,204.06,77543100
2022-11-29 07:00:00,204.06,208.49,202.42,208.22,152083900
2022-11-30 07:00:00,208.22,210.89,204.41,208.79,88050200
2022-12-01 07:00:00,208.79,214.73,208.54,211.0,136716100
2022-12-02 07:00:00,211.0,216.04,208.19,215.96,135171000
2022-12-05 07:00:00,215.96,222.34,215.96,219.96,118915100
2022-12-06 07:00:00,219.96,221.84,212.8,212.8,186735100
2022-12-07 07:00:00,212.8,214.22,208.05,209.93,112941200
2022-12-08 07:00:00,209.93,216.69,208.78,215.37,100424000
2022-12-09 07:00:00,215.37,217.6,213.71,217.0,101112700
2022-12-12 07:00:00,217.0,219.48,210.53,210.53,114750100
2022-12-13 07:00:00,210.53,213.75,206.34,213.59,95483100
2022-12-14 07:00:00,213.59,217.23,211.93,213.21,85548200
2022-12-15 07:00:00,213.21,214.69,210.74,212.95,71507600
2022-12-16 07:00:00,212.95,215.25,211.35,212.99,101708600
2022-12-19 07:00:00,212.99,217.48,212.24,212.24,101624200
2022-12-20 07:00:00,212.24,213.69,204.17,207.53,117881400
2022-12-21 07:00:00,207.53,208.63,200.47,204.46,84037500
2022-12-22 07:00:00,204.46,206.79,201.33,205.79,55587100
2022-12-23 07:00:00,205.79,206.49,203.0,205.3,46248800
2022-12-26 07:00:00,205.3,205.81,197.95,198.5,80857300
2022-12-27 07:00:00,198.5,203.14,197.09,203.14,58869000
2022-12-28 07:00:00,203.14,206.3,202.79,206.04,43898000
2022-12-29 07:00:00,206.04,206.57,203.1,206.54,41261700
2022-12-30 07:00:00,206.54,207.66,204.69,205.31,35583400
2023-01-03 07:00:00,205.31,212.56,204.71,212.56,66640100
2023-01-04 07:00:00,212.56,215.27,211.24,213.06,66302900
2023-01-05 07:00:00,213.06,214.7,211.35,213.11,52758800
2023-01-06 07:00:00,213.11,214.58,210.1,210.65,58610900
2023-01-09 07:00:00,210.65,212.96,208.81,209.67,41623000
2023-01-10 07:00:00,209.67,211.17,207.21,210.63,46341900
2023-01-11 07:00:00,210.63,213.07,209.5,211.67,58730400
2023-01-12 07:00:00,211.67,213.09,210.77,211.94,49518400
2023-01-13 07:00:00,211.94,213.68,210.72,211.26,58739800
2023-01-16 07:00:00,211.26,211.97,210.02,210.88,36787700
2023-01-17 07:00:00,210.88,215.15,210.17,215.15,64674900
2023-01-18 07:00:00,215.15,218.16,215.15,217.73,75298700
2023-01-19 07:00:00,217.73,219.87,217.49,219.87,69382300
2023-01-27 07:00:00,219.87,223.16,219.73,220.76,68581700
2023-01-30 07:00:00,220.76,223.09,219.57,220.78,103793800
2023-01-31 07:00:00,220.78,222.43,218.21,222.43,86592700
2023-02-01 07:00:00,222.43,224.49,216.0,216.01,129118400
2023-02-02 07:00:00,216.01,217.4,214.16,215.31,81696200
2023-02-03 07:00:00,215.31,217.0,213.67,215.28,55770600
2023-02-06 07:00:00,215.28,215.74,213.63,214.47,50018900
2023-02-07 07:00:00,214.47,215.31,209.98,210.0,69212100
2023-02-08 07:00:00,210.0,212.15,208.74,210.62,61459700
2023-02-09 07:00:00,210.62,211.55,209.95,210.91,45875400
2023-02-10 07:00:00,210.91,211.29,207.75,208.5,48735800
2023-02-13 07:00:00,208.5,208.83,202.02,204.49,81565700
2023-02-14 07:00:00,204.49,205.43,201.89,204.86,36357800
2023-02-15 07:00:00,204.86,209.25,204.82,207.97,58432100
2023-02-16 07:00:00,207.97,210.85,207.97,210.84,65318100
2023-02-17 07:00:00,210.84,212.46,209.5,209.95,60131200
2023-02-20 07:00:00,209.95,215.97,209.95,215.83,90868300
2023-02-21 07:00:00,215.83,217.5,214.01,214.08,79245800
2023-02-22 07:00:00,214.08,214.48,209.96,209.96,108963800
2023-02-23 07:00:00,209.96,210.45,205.68,209.31,78644700
2023-02-24 07:00:00,209.31,211.0,207.26,207.32,55997900
2023-02-27 07:00:00,207.32,207.49,202.58,203.27,67332100
2023-02-28 07:00:00,203.27,205.51,201.0,202.38,48907900
2023-03-01 07:00:00,202.38,206.83,200.35,206.83,58270000
2023-03-02 07:00:00,206.83,208.79,204.55,206.14,38574700
2023-03-03 07:00:00,206.14,207.68,204.15,204.89,62497500
2023-03-06 07:00:00,204.89,208.45,204.83,206.56,50786500
2023-03-07 07:00:00,206.56,207.94,203.31,207.5,43275300
2023-03-08 07:00:00,207.5,208.69,205.91,208.68,57756500
2023-03-09 07:00:00,208.68,209.9,207.05,209.03,55081800
2023-03-10 07:00:00,209.03,209.14,206.96,207.86,65589200
2023-03-13 07:00:00,207.86,207.86,205.7,205.85,50565700
2023-03-14 07:00:00,205.85,206.57,201.5,202.55,75556600
2023-03-15 07:00:00,202.55,207.99,202.55,207.01,80292800
2023-03-16 07:00:00,207.01,207.11,203.63,204.19,48299300
2023-03-17 07:00:00,204.19,206.57,203.26,204.47,43736800
2023-03-20 07:00:00,204.47,205.22,201.62,201.62,54528800
2023-03-21 07:00:00,201.62,203.17,201.17,203.11,36065100
2023-03-22 07:00:00,203.11,205.19,203.1,203.96,42959200
2023-03-23 07:00:00,203.96,204.17,200.54,203.32,48379700
2023-03-24 07:00:00,203.32,206.47,203.32,205.72,66194000
2023-03-27 07:00:00,205.72,206.67,205.14,206.67,63298000
2023-03-28 07:00:00,206.67,207.94,204.93,205.76,69184400
2023-03-29 07:00:00,205.76,206.46,204.14,205.59,51761700
2023-03-30 07:00:00,205.59,207.53,205.59,205.95,69665400
2023-03-31 07:00:00,205.95,207.52,204.97,207.5,78320600
2023-04-03 07:00:00,207.5,211.19,207.5,210.48,94583300
2023-04-04 07:00:00,210.48,211.7,209.8,210.73,92327600
2023-04-05 07:00:00,210.73,213.18,210.58,212.58,118127600
2023-04-06 07:00:00,212.58,215.42,211.42,211.43,149188300
2023-04-07 07:00:00,211.43,212.81,209.46,211.6,103718500
2023-04-10 07:00:00,211.6,214.76,210.53,212.0,154228800
2023-04-11 07:00:00,212.0,212.34,208.81,212.34,112222000
2023-04-12 07:00:00,212.34,213.49,211.4,211.94,93045800
2023-04-13 07:00:00,211.94,212.69,209.52,209.84,84777000
2023-04-14 07:00:00,209.84,210.84,207.25,207.25,109453700
2023-04-17 07:00:00,207.25,207.51,205.8,206.63,55552500
2023-04-18 07:00:00,206.63,208.25,206.01,208.25,74313800
2023-04-19 07:00:00,208.25,208.93,205.71,205.85,61614700
2023-04-20 07:00:00,205.85,207.64,205.37,206.61,65191200
2023-04-21 07:00:00,206.61,208.51,206.16,206.92,93023900
2023-04-24 07:00:00,206.92,208.19,206.13,206.76,59010600
2023-04-25 07:00:00,206.76,207.7,204.34,204.69,85409500
2023-04-26 07:00:00,204.69,205.84,203.62,205.84,62716900
2023-04-27 07:00:00,205.84,207.47,205.4,205.86,66711300
2023-04-28 07:00:00,205.86,207.63,205.52,207.48,71354700
2023-05-04 07:00:00,207.48,208.7,206.88,208.15,85437500
2023-05-05 07:00:00,207.22,209.29,205.02,207.8,70610100
2023-05-08 07:00:00,207.74,211.18,207.74,210.92,111600800
2023-05-09 07:00:00,210.98,212.2,210.75,211.95,77374000
2023-05-10 07:00:00,211.9,214.27,211.24,213.89,117533600
2023-05-11 07:00:00,213.94,215.82,213.89,214.41,118735300
2023-05-12 07:00:00,214.47,215.11,213.54,215.1,117050800
2023-05-15 07:00:00,215.1,217.4,214.33,214.33,114774200
2023-05-16 07:00:00,213.55,216.12,213.55,214.62,93249200
2023-05-17 07:00:00,214.69,215.79,212.7,212.86,118554000
2023-05-18 07:00:00,212.94,214.47,212.79,213.01,105923100
2023-05-19 07:00:00,213.01,214.92,212.3,213.91,102582300
2023-05-22 07:00:00,213.97,216.14,213.91,215.9,82282300
2023-05-23 07:00:00,216.01,217.34,214.55,215.79,106763800
2023-05-24 07:00:00,215.79,217.28,215.68,215.96,90654500
2023-05-25 07:00:00,216.07,217.11,215.04,216.78,81540200
2023-05-26 07:00:00,216.78,217.75,216.71,217.64,79665300
2023-05-29 07:00:00,217.75,220.57,217.64,220.31,127794300
2023-05-30 07:00:00,220.31,222.05,219.79,221.33,111919400
2023-05-31 07:00:00,221.46,223.9,221.33,222.81,130408200
2023-06-01 07:00:00,222.9,225.11,222.39,223.97,117998200
2023-06-02 07:00:00,223.97,227.71,223.95,226.03,126959200
2023-06-05 07:00:00,226.03,229.17,225.97,226.56,107230400
2023-06-06 07:00:00,226.56,228.73,225.77,228.72,130500000
2023-06-07 07:00:00,228.73,230.51,228.54,230.33,114024000
2023-06-08 07:00:00,230.34,231.62,226.78,226.78,150186800
2023-06-09 07:00:00,226.8,227.85,224.68,227.6,117909900
2023-06-12 07:00:00,227.6,229.38,226.37,229.37,104836300
2023-06-13 07:00:00,229.37,231.08,229.08,230.25,118080100
2023-06-14 07:00:00,230.25,232.68,228.68,228.91,117252200
2023-06-15 07:00:00,228.92,229.54,227.76,229.53,89334000
2023-06-16 07:00:00,229.53,232.13,228.44,228.44,135519300
2023-06-19 07:00:00,228.37,229.02,226.31,226.52,127552700
2023-06-20 07:00:00,226.52,228.79,226.1,228.77,77076700
2023-06-21 07:00:00,228.77,231.77,228.66,231.77,100619900
2023-06-22 07:00:00,231.81,233.39,230.81,231.91,107156800
2023-06-23 07:00:00,231.91,233.3,230.83,231.54,122047800
2023-06-26 07:00:00,231.54,232.09,228.03,231.01,114654000
2023-06-27 07:00:00,231.01,232.0,229.44,230.82,68199800
2023-06-28 07:00:00,230.85,231.53,229.03,230.25,77789300
2023-06-29 07:00:00,230.22,230.6,227.48,227.48,94196800
2023-06-30 07:00:00,226.49,228.0,224.4,227.32,63926400
2023-07-03 07:00:00,227.32,228.35,225.8,226.6,74973700
2023-07-04 07:00:00,226.52,228.79,226.35,228.76,108285100
2023-07-05 07:00:00,228.76,230.12,227.63,227.84,90326900
2023-07-06 07:00:00,227.84,228.09,223.81,225.08,109123700
2023-07-07 07:00:00,225.07,225.82,222.93,225.82,81137400
2023-07-10 07:00:00,225.82,228.78,225.81,228.37,120395100
2023-07-11 07:00:00,228.33,230.54,228.04,229.22,111718800
2023-07-12 07:00:00,229.22,230.55,228.13,228.88,95464800
2023-07-13 07:00:00,228.88,230.23,228.01,229.97,99227300
2023-07-14 07:00:00,230.11,231.69,228.31,230.19,105546500
2023-07-17 07:00:00,230.2,231.91,230.15,230.95,113369700
2023-07-18 07:00:00,230.94,232.15,230.04,230.96,95872500
2023-07-19 07:00:00,230.98,233.29,230.93,231.47,91266700
2023-07-20 07:00:00,232.12,233.19,230.74,233.07,87051600
2023-07-21 07:00:00,233.19,234.99,233.07,234.98,91782800
2023-07-24 07:00:00,234.86,237.48,233.92,236.53,126554900
2023-07-25 07:00:00,235.82,237.66,234.77,236.93,107428000
2023-07-26 07:00:00,236.93,237.94,235.34,236.2,74176600
2023-07-27 07:00:00,236.2,237.67,234.21,235.64,106448500
2023-07-28 07:00:00,235.64,237.84,235.63,237.54,121974100
2023-07-31 07:00:00,237.54,240.62,237.44,239.55,114837300
2023-08-01 07:00:00,239.56,241.74,239.29,239.35,147174800
2023-08-02 07:00:00,239.35,241.94,239.04,241.31,94420100
2023-08-03 07:00:00,241.31,242.27,239.18,239.77,100236300
2023-08-04 07:00:00,239.77,242.7,239.58,242.41,106347300
2023-08-07 07:00:00,242.51,246.24,242.41,245.68,120018900
2023-08-08 07:00:00,245.65,247.85,245.64,246.07,158279300
2023-08-09 07:00:00,246.22,247.84,245.36,245.88,126452600
2023-08-10 07:00:00,245.88,247.22,243.73,243.91,131571600
2023-08-11 07:00:00,243.91,245.6,241.69,245.25,108968000
2023-08-14 07:00:00,245.07,250.69,245.01,250.44,132868700
2023-08-15 07:00:00,250.63,253.53,250.44,251.45,119713800
2023-08-16 07:00:00,251.65,252.83,250.71,252.56,103370100
2023-08-17 07:00:00,252.56,253.62,249.97,249.97,137339400
2023-08-18 07:00:00,249.99,249.99,235.23,235.96,238169400
2023-08-21 07:00:00,235.87,239.05,232.92,237.97,116509700
2023-08-22 07:00:00,238.04,239.86,231.74,239.65,118695900
2023-08-23 07:00:00,239.65,241.77,237.63,238.07,70252300
2023-08-24 07:00:00,238.07,243.23,237.54,243.23,99968200
2023-08-25 07:00:00,243.23,245.14,242.11,242.9,94819200
2023-08-28 07:00:00,243.02,244.98,241.29,244.88,99654500
2023-08-29 07:00:00,244.92,248.02,244.88,246.48,104017100
2023-08-30 07:00:00,246.47,248.2,244.9,247.96,95312000
2023-08-31 07:00:00,247.96,249.77,247.91,249.75,94757800
2023-09-05 07:00:00,249.75,252.95,248.04,252.28,111879700
2023-09-06 07:00:00,252.16,255.37,250.85,255.36,105685500
2023-09-07 07:00:00,255.36,257.74,254.72,256.14,117385200
2023-09-08 07:00:00,256.13,257.81,255.32,256.2,107226000
2023-09-11 07:00:00,256.2,258.32,251.33,251.33,130335000
2023-09-12 07:00:00,251.1,256.36,250.46,256.32,97505600
2023-09-13 07:00:00,256.32,259.03,254.29,256.11,116463000
2023-09-14 07:00:00,256.11,256.97,251.8,251.86,121708700
2023-09-15 07:00:00,251.86,254.54,251.05,252.76,82265300
2023-09-18 07:00:00,252.74,253.1,249.31,250.48,78253700
2023-09-19 07:00:00,249.73,252.33,247.29,250.22,86509300
2023-09-20 07:00:00,250.22,254.83,250.05,254.82,77548100
2023-09-21 07:00:00,254.82,255.57,251.24,251.87,101433100
2023-09-22 07:00:00,251.91,251.91,240.9,243.15,174468700
2023-09-25 07:00:00,243.12,243.84,231.5,231.5,130444800
2023-09-26 07:00:00,231.43,235.62,229.68,229.75,120452000
2023-09-27 07:00:00,229.75,235.85,227.89,235.84,98772900
2023-09-28 07:00:00,235.84,236.17,231.81,234.5,82309700
2023-09-29 07:00:00,234.58,236.88,234.08,236.35,79609100
2023-10-02 07:00:00,236.35,238.17,235.74,236.72,63844000
2023-10-03 07:00:00,236.72,236.8,226.3,226.68,134889100
2023-10-04 07:00:00,226.45,232.24,222.92,230.2,91999900
2023-10-05 07:00:00,230.2,232.32,227.99,228.01,67820100
2023-10-06 07:00:00,228.01,230.53,225.78,230.45,71441400
2023-10-09 07:00:00,230.53,233.57,230.45,233.55,77885100
2023-10-10 07:00:00,233.55,236.61,233.07,234.17,96734400
2023-10-11 07:00:00,234.3,237.02,233.43,237.0,89382300
2023-10-12 07:00:00,237.06,239.98,236.27,238.44,96639700
2023-10-13 07:00:00,238.47,239.69,235.78,239.05,88803300
2023-10-16 07:00:00,239.05,240.61,236.33,236.46,85904000
2023-10-17 07:00:00,236.47,237.73,230.02,230.03,90831200
2023-10-18 07:00:00,230.03,231.86,221.67,227.11,128613300
2023-10-19 07:00:00,227.11,227.6,222.61,223.45,76278200
2023-10-20 07:00:00,223.41,228.45,220.9,228.45,92004200
2023-10-23 07:00:00,227.3,229.55,225.15,226.26,63529600
2023-10-24 07:00:00,224.53,228.96,224.08,228.89,60814400
2023-10-25 07:00:00,228.89,230.8,226.73,227.01,71896500
2023-10-26 07:00:00,226.79,227.01,213.06,214.98,175430800
2023-10-27 07:00:00,214.33,218.47,212.63,218.04,79198000
2023-10-30 07:00:00,217.98,218.35,211.34,211.34,64544100
2023-10-31 07:00:00,211.55,212.93,204.48,206.17,102673900
2023-11-01 07:00:00,205.74,209.68,203.33,209.65,95162800
2023-11-02 07:00:00,209.83,218.38,208.06,217.97,116146600
2023-11-03 07:00:00,217.97,219.44,216.42,217.75,91361000
2023-11-06 07:00:00,217.77,219.59,215.54,219.59,76165500
2023-11-07 07:00:00,217.73,221.57,217.73,218.29,88804200
2023-11-08 07:00:00,218.27,227.03,216.63,227.03,124587400
2023-11-09 07:00:00,225.69,231.44,225.69,228.22,129931400
2023-11-10 07:00:00,227.61,229.82,226.2,226.65,124346600
2023-11-13 07:00:00,225.63,228.0,224.12,226.11,92312800
2023-11-14 07:00:00,226.13,229.47,225.97,227.43,82116000
2023-11-15 07:00:00,225.45,232.25,225.45,227.88,108421200
2023-11-16 07:00:00,227.86,229.57,226.49,229.56,101417800
2023-11-17 07:00:00,229.56,231.11,225.41,226.54,147441600
2023-11-20 07:00:00,226.54,228.47,223.5,227.77,93190300
2023-11-21 07:00:00,227.2,229.95,225.92,229.8,91303900
2023-11-22 07:00:00,229.37,230.74,228.03,230.49,97333700
2023-11-23 07:00:00,230.49,232.01,224.54,224.54,129071000
2023-11-24 07:00:00,222.9,226.1,220.15,226.1,122379800
2023-11-27 07:00:00,226.1,226.82,222.93,223.89,55289900
2023-11-28 07:00:00,223.25,224.66,220.75,224.39,77851800
2023-11-29 07:00:00,224.39,227.04,224.06,227.03,76612600
2023-11-30 07:00:00,227.03,228.76,226.13,226.15,97855500
2023-12-01 07:00:00,226.15,227.47,224.35,226.26,74168300
2023-12-04 07:00:00,226.08,232.75,226.08,231.31,136470000
2023-12-05 07:00:00,230.49,232.62,230.24,231.34,91788800
2023-12-06 07:00:00,231.28,233.64,231.05,233.63,100754800
2023-12-07 07:00:00,232.29,234.71,228.72,231.84,185176500
2023-12-08 07:00:00,232.65,233.09,230.12,231.2,90162700
2023-12-11 07:00:00,231.02,232.64,229.81,231.37,76360300
2023-12-12 07:00:00,230.09,232.91,226.38,231.71,74246200
2023-12-13 07:00:00,231.67,232.57,228.0,228.42,97238100
2023-12-14 07:00:00,228.52,230.05,226.48,227.23,80909200
2023-12-15 07:00:00,227.23,228.49,226.16,227.02,76520600
2023-12-18 07:00:00,227.04,227.56,225.11,225.73,62271000
2023-12-19 07:00:00,224.87,227.27,223.39,227.27,78474300
2023-12-20 07:00:00,227.04,228.21,226.92,228.16,45785200
2023-12-21 07:00:00,228.16,228.49,227.12,228.48,45998500
2023-12-22 07:00:00,228.48,229.89,227.34,228.27,80080700
2023-12-25 07:00:00,227.57,229.95,225.9,229.45,53571800
2023-12-26 07:00:00,228.11,231.29,224.62,231.26,54602700
2023-12-27 07:00:00,231.26,231.98,230.07,230.6,62641900
2023-12-28 07:00:00,230.45,231.54,229.95,231.35,55936000
2023-12-29 07:00:00,229.25,232.29,229.24,231.04,68730800
2024-01-02 07:00:00,230.69,232.4,229.7,229.99,59394600
2024-01-03 07:00:00,230.12,231.64,228.81,231.64,57900400
2024-01-04 07:00:00,231.63,233.66,231.63,232.56,111741500
2024-01-05 07:00:00,232.56,233.35,231.69,232.76,59577900
2024-01-08 07:00:00,232.76,234.88,232.38,233.33,82783300
2024-01-09 07:00:00,233.33,233.95,232.02,232.5,78360000
2024-01-10 07:00:00,232.39,233.44,230.91,231.41,88698800
2024-01-11 07:00:00,231.43,233.46,231.18,232.71,82324700
2024-01-12 07:00:00,232.59,232.71,229.2,230.31,98272900
2024-01-15 07:00:00,230.31,231.3,227.47,227.55,62381400
2024-01-16 07:00:00,227.02,229.5,226.54,229.5,52494900
2024-01-17 07:00:00,229.5,231.32,228.58,229.5,74938400
2024-01-18 07:00:00,229.35,230.52,228.95,229.93,47725600
2024-01-19 07:00:00,229.93,231.47,229.35,229.48,59926500
2024-01-22 07:00:00,229.48,230.6,228.19,229.77,63779200
2024-01-23 07:00:00,229.65,230.31,228.93,229.26,60551900
2024-01-24 07:00:00,229.26,229.93,226.66,228.53,55984900
2024-01-25 07:00:00,228.53,229.41,228.01,228.52,42552200
2024-01-26 07:00:00,228.49,229.89,228.45,229.43,59454500
2024-01-29 07:00:00,229.46,230.22,229.02,229.05,52423300
2024-01-30 07:00:00,229.04,230.82,228.89,230.66,58206700
2024-01-31 07:00:00,230.66,231.9,229.05,229.18,95982400
2024-02-01 07:00:00,229.18,231.02,228.91,230.57,52615200
2024-02-02 07:00:00,230.57,231.92,230.19,230.56,74802700
2024-02-05 07:00:00,230.56,231.03,229.86,230.28,69442500
2024-02-06 07:00:00,228.21,231.47,228.12,230.63,84479300
2024-02-07 07:00:00,230.52,231.63,230.42,231.04,61542300
2024-02-15 07:00:00,231.54,233.39,230.96,232.75,59216400
2024-02-16 07:00:00,232.65,234.32,230.2,233.04,66005600
2024-02-19 07:00:00,233.04,234.04,232.23,233.37,83207900
2024-02-20 07:00:00,231.88,234.53,230.38,233.5,95823600
2024-02-21 07:00:00,233.5,234.59,232.48,233.84,64072319
2024-02-22 07:00:00,232.84,235.05,231.35,234.01,81473671
2024-02-23 07:00:00,233.79,234.79,230.69,231.08,121124199
2024-02-26 07:00:00,231.08,232.86,230.24,232.86,79594753
2024-02-27 07:00:00,232.86,235.38,232.25,235.38,92511618
2024-02-28 07:00:00,235.39,236.52,234.07,235.16,91291080
2024-02-29 07:00:00,235.16,236.35,233.78,235.46,96151134
2024-03-01 07:00:00,235.45,236.66,235.33,236.43,104761087
2024-03-04 07:00:00,236.6,238.86,235.7,237.38,104818945
2024-03-05 07:00:00,237.37,238.02,234.88,237.35,81397296
2024-03-06 07:00:00,236.93,237.93,233.96,235.45,106626461
2024-03-07 07:00:00,233.51,237.66,233.39,237.37,144624630
2024-03-08 07:00:00,237.38,239.0,235.81,236.32,128629380
2024-03-11 07:00:00,236.24,237.12,233.11,233.84,92669238
2024-03-12 07:00:00,233.85,234.87,233.45,234.03,76483084
2024-03-13 07:00:00,234.14,238.22,232.0,238.2,107810121
2024-03-14 07:00:00,237.85,241.01,237.85,239.68,163781012
2024-03-15 07:00:00,239.42,241.07,237.95,239.54,107438074
2024-03-18 07:00:00,239.31,241.14,232.77,236.68,182835591
2024-03-19 07:00:00,236.68,238.39,235.35,236.16,82983950
2024-03-20 07:00:00,236.17,238.03,235.28,238.03,76150798
2024-03-21 07:00:00,238.03,241.22,237.51,241.14,163477693
2024-03-22 07:00:00,241.21,243.59,240.54,241.68,120109210
2024-03-25 07:00:00,241.68,243.75,239.75,240.81,128783367
2024-03-26 07:00:00,240.47,242.03,237.91,242.03,83159375
2024-03-27 07:00:00,242.05,243.89,241.61,242.85,78852821
2024-03-28 07:00:00,242.83,244.34,242.69,243.92,84073426
2024-03-29 07:00:00,243.93,244.43,242.58,242.58,76569922
2024-04-01 07:00:00,242.53,243.38,240.79,242.9,97129515
2024-04-02 07:00:00,242.32,245.91,241.19,245.9,121533051
2024-04-03 07:00:00,245.9,246.85,243.36,243.96,120448255
2024-04-04 07:00:00,243.97,244.16,241.51,242.44,99612330
2024-04-05 07:00:00,242.33,242.72,239.68,239.68,127477177
2024-04-08 07:00:00,239.68,240.29,238.08,238.08,79802058
2024-04-09 07:00:00,238.08,240.36,237.74,240.36,79628669
2024-04-10 07:00:00,240.36,240.94,238.5,238.79,56960295
2024-04-11 07:00:00,238.39,239.36,236.9,239.07,75450066
2024-04-12 07:00:00,239.07,241.34,238.51,241.34,75846620
2024-04-15 07:00:00,241.34,242.24,229.71,229.71,163999049
2024-04-16 07:00:00,229.71,230.18,224.42,228.83,135426678
2024-04-17 07:00:00,228.83,230.1,225.8,226.2,79970971
2024-04-19 07:00:00,225.11,226.2,218.88,220.8,127734425
2024-04-22 07:00:00,221.48,225.84,220.8,225.31,75370567
2024-04-23 07:00:00,224.41,225.64,221.12,222.63,68327490
2024-04-24 07:00:00,222.63,228.04,219.45,227.87,80781811
2024-04-25 07:00:00,227.94,228.1,225.84,227.57,55268515
2024-04-26 07:00:00,227.57,228.11,225.88,226.82,60403269
2024-05-02 07:00:00,226.83,227.51,225.67,227.49,47214937
2024-05-03 07:00:00,227.44,229.17,227.22,228.22,55541890
2024-05-06 07:00:00,228.23,232.32,228.22,232.29,79659136
2024-05-07 07:00:00,232.33,232.98,231.57,232.96,69328648
2024-05-08 07:00:00,230.84,234.87,230.84,234.52,100392842
2024-05-09 07:00:00,234.46,236.33,234.15,234.58,81571506
2024-05-10 07:00:00,234.53,235.86,233.02,235.68,89275813
2024-05-13 07:00:00,235.68,237.18,234.82,236.36,77041783
2024-05-14 07:00:00,236.42,238.04,236.08,236.95,83128641
2024-05-15 07:00:00,237.08,239.62,236.95,238.78,114996547
2024-05-16 07:00:00,238.86,241.16,238.78,240.02,99963106
2024-05-17 07:00:00,240.02,241.55,240.0,241.54,99491573
2024-05-20 07:00:00,241.54,244.7,241.54,242.57,100453397
2024-05-21 07:00:00,241.48,243.29,238.55,243.29,107791610
2024-05-22 07:00:00,241.11,246.23,240.99,245.15,135338634
2024-05-23 07:00:00,245.02,246.92,244.19,246.91,102011429
2024-05-24 07:00:00,246.95,246.95,238.9,241.72,146565266
2024-05-27 07:00:00,239.66,243.12,239.65,242.83,64928567
2024-05-28 07:00:00,242.83,245.64,241.37,245.58,77629942
2024-05-29 07:00:00,245.24,247.18,243.41,244.15,94112678
2024-05-30 07:00:00,243.74,244.22,239.96,244.01,137017204
2024-05-31 07:00:00,244.01,244.57,242.62,243.09,74940314
2024-06-03 07:00:00,242.82,245.09,242.82,244.72,99254463
2024-06-04 07:00:00,244.67,245.81,243.96,244.32,82148713
2024-06-05 07:00:00,244.33,246.02,244.09,244.49,88769338
2024-06-06 07:00:00,244.03,245.53,243.26,244.18,63437175
2024-06-07 07:00:00,244.18,245.49,243.95,244.99,75953229
2024-06-10 07:00:00,244.01,246.53,243.64,245.58,77759549
2024-06-11 07:00:00,245.58,247.07,244.18,246.41,87048604
2024-06-12 07:00:00,245.03,248.31,244.56,248.31,76753607
2024-06-13 07:00:00,246.71,249.53,246.65,248.36,73776132
2024-06-14 07:00:00,248.36,249.07,243.97,243.97,105968295
2024-06-17 07:00:00,243.95,245.3,242.57,243.16,68275105
2024-06-18 07:00:00,241.1,244.71,241.1,244.43,52019821
2024-06-19 07:00:00,244.38,245.02,242.6,243.57,58024953
2024-06-20 07:00:00,243.34,245.01,241.94,243.97,66719236
2024-06-21 07:00:00,243.85,245.32,243.62,244.36,71306986
2024-06-24 07:00:00,242.3,245.36,238.16,239.74,110018462
2024-06-25 07:00:00,239.34,240.79,236.75,240.19,46091425
2024-06-26 07:00:00,239.45,240.47,237.78,239.68,48001957
2024-06-27 07:00:00,238.99,240.11,238.07,240.07,46697606
2024-06-28 07:00:00,240.05,240.27,236.51,237.59,66479458
2024-07-01 07:00:00,237.36,238.57,235.88,238.56,48004347
2024-07-02 07:00:00,238.22,240.92,237.74,240.8,40100732
2024-07-03 07:00:00,240.53,241.9,237.53,241.43,42675195
2024-07-04 07:00:00,241.42,242.78,241.02,241.88,45092670
2024-07-05 07:00:00,242.02,242.44,240.32,242.31,58097897
2024-07-08 07:00:00,242.19,243.86,241.79,243.15,60836806
2024-07-09 07:00:00,243.04,245.83,242.87,245.66,66816407
2024-07-10 07:00:00,244.29,246.45,244.06,244.54,57530677
2024-07-11 07:00:00,242.59,246.54,242.59,245.39,62623969
2024-07-12 07:00:00,245.34,246.16,243.94,245.02,51269158
2024-07-15 07:00:00,244.22,245.86,243.24,244.84,50526874
2024-07-16 07:00:00,244.1,246.37,241.12,244.91,59001076
2024-07-17 07:00:00,244.91,246.22,238.37,240.9,87886370
2024-07-18 07:00:00,240.9,242.49,239.02,242.49,50148943
2024-07-19 07:00:00,242.48,242.79,239.35,240.52,63475664
2024-07-22 07:00:00,240.52,240.75,236.17,238.38,80401224
2024-07-23 07:00:00,238.38,239.03,234.59,234.6,50835844
2024-07-24 07:00:00,234.37,236.17,231.48,236.17,57676814
2024-07-25 07:00:00,236.23,236.34,234.04,235.25,34613630
2024-07-26 07:00:00,234.53,236.66,234.2,236.66,32810408
2024-07-29 07:00:00,236.66,238.49,236.64,237.52,44597276
2024-07-30 07:00:00,235.42,238.14,234.53,235.87,54400593
2024-07-31 07:00:00,235.87,236.9,234.06,235.36,45932823
2024-08-01 07:00:00,235.22,236.06,227.99,229.23,95970296
2024-08-02 07:00:00,228.77,231.71,226.16,231.56,56936115
2024-08-05 07:00:00,231.56,231.56,221.33,222.71,83037365
2024-08-06 07:00:00,222.71,226.54,221.59,226.46,57677975
2024-08-07 07:00:00,225.96,228.05,224.99,227.95,38792323
2024-08-08 07:00:00,226.47,229.26,225.99,226.73,51461827
2024-08-09 07:00:00,226.73,229.41,226.26,229.38,50277555
2024-08-12 07:00:00,228.02,230.77,228.0,230.77,39613950
2024-08-13 07:00:00,230.53,231.16,228.71,230.18,42403225
2024-08-14 07:00:00,229.04,231.65,228.22,229.68,38200972
2024-08-15 07:00:00,229.67,229.93,227.08,228.54,36063917
2024-08-16 07:00:00,227.2,235.18,226.68,235.15,87012374
2024-08-19 07:00:00,234.84,236.65,233.55,236.01,53009610
2024-08-20 07:00:00,235.83,237.96,233.89,237.31,68251593
2024-08-21 07:00:00,236.41,238.42,236.38,238.42,57254117
2024-08-22 07:00:00,237.46,239.0,235.63,238.47,59097537
2024-08-23 07:00:00,240.29,240.29,237.01,240.07,64974231
2024-08-26 07:00:00,240.3,241.8,238.83,238.97,55577743
2024-08-27 07:00:00,238.02,239.53,235.88,238.91,44691591
2024-08-28 07:00:00,237.5,239.24,236.67,238.23,54135253
2024-08-29 07:00:00,237.93,238.74,234.52,237.88,33632803
2024-08-30 07:00:00,237.87,238.43,236.68,237.56,48506467
2024-09-04 07:00:00,237.58,237.58,235.09,236.14,48656715
2024-09-05 07:00:00,236.14,237.1,234.08,234.96,43057650
2024-09-06 07:00:00,234.95,235.06,232.25,234.65,43796661
2024-09-09 07:00:00,234.49,234.76,232.45,233.46,52142957
2024-09-10 07:00:00,232.56,234.5,230.85,231.69,51514567
2024-09-11 07:00:00,231.6,231.92,229.78,231.45,38646731
2024-09-12 07:00:00,231.11,232.83,229.41,231.9,34421800
2024-09-13 07:00:00,231.01,232.61,228.84,232.42,43496053
2024-09-16 07:00:00,232.42,232.97,230.15,230.84,39527712
2024-09-17 07:00:00,229.59,232.4,229.05,232.3,45079450
2024-09-18 07:00:00,232.3,233.67,229.66,232.95,57319132
2024-09-19 07:00:00,230.98,233.78,229.27,233.77,42502545
2024-09-20 07:00:00,233.77,235.7,233.13,234.3,57161298
2024-09-23 07:00:00,234.31,234.74,233.13,233.38,41417374
2024-09-24 07:00:00,233.41,234.34,232.76,234.32,40381276
2024-09-25 07:00:00,232.61,236.17,231.77,235.84,71752535
2024-09-26 07:00:00,235.49,236.42,234.04,235.92,51370360
2024-09-27 07:00:00,236.05,237.18,235.23,235.71,64795288
2024-09-30 07:00:00,235.66,236.02,234.33,234.91,52700844
2024-10-01 07:00:00,234.86,237.45,234.53,236.05,78482373
2024-10-02 07:00:00,236.05,236.19,234.29,235.05,53687015
2024-10-03 07:00:00,235.04,235.82,232.44,233.35,70103338
2024-10-04 07:00:00,233.35,234.03,232.56,232.67,52111457
2024-10-07 07:00:00,232.66,233.9,230.92,232.47,40559927
2024-10-08 07:00:00,231.62,233.23,229.46,231.52,65404753
2024-10-09 07:00:00,231.53,232.33,230.52,231.77,41799881
2024-10-10 07:00:00,231.17,232.87,229.16,231.29,43553922
2024-10-11 07:00:00,231.29,231.77,230.75,231.37,40088063
2024-10-14 07:00:00,231.24,232.45,230.38,230.72,38446348
2024-10-15 07:00:00,230.72,231.47,228.45,228.95,51001436
2024-10-16 07:00:00,228.83,229.37,227.84,228.26,33581332
2024-10-17 07:00:00,226.89,230.12,226.55,230.12,50186983
2024-10-18 07:00:00,228.41,230.69,227.04,229.21,34823586
2024-10-21 07:00:00,228.49,229.37,227.24,227.43,42209579
2024-10-22 07:00:00,227.25,227.84,224.82,225.5,52875252
2024-10-23 07:00:00,225.2,226.51,224.71,226.5,40113217
2024-10-24 07:00:00,225.61,227.04,224.13,224.69,34644687
2024-10-25 07:00:00,224.69,225.48,224.12,224.63,36318726
2024-10-28 07:00:00,223.94,225.21,222.73,224.59,35431585
2024-10-29 07:00:00,224.59,226.06,224.25,225.56,37164309
2024-10-30 07:00:00,225.22,226.57,224.63,225.88,40564851
2024-10-31 07:00:00,225.99,226.81,224.62,226.36,36067438
2024-11-01 07:00:00,226.35,226.39,224.56,225.41,38306566
2024-11-04 07:00:00,225.41,225.43,223.4,224.45,36175726
2024-11-05 07:00:00,224.37,224.98,224.18,224.86,26691795
2024-11-06 07:00:00,223.71,227.87,223.71,227.76,41241167
2024-11-07 07:00:00,226.92,228.72,226.92,227.49,40641648
2024-11-08 07:00:00,227.46,228.13,226.35,226.88,44662215
2024-11-11 07:00:00,226.77,227.26,225.89,226.86,49638133
2024-11-12 07:00:00,226.86,228.13,225.88,226.69,38563488
2024-11-13 07:00:00,226.69,226.69,224.49,226.21,41396142
2024-11-14 07:00:00,226.11,226.71,223.67,223.82,45319323
2024-11-15 07:00:00,223.82,224.03,220.72,221.53,61150084
2024-11-18 07:00:00,220.39,222.05,219.15,221.79,53083313
2024-11-19 07:00:00,221.67,222.35,219.41,219.68,32374039
2024-11-20 07:00:00,219.19,222.4,216.77,221.29,51872887
2024-11-21 07:00:00,220.97,222.03,219.61,221.76,25559902
2024-11-22 07:00:00,221.65,222.25,220.65,221.29,44214782
2024-11-25 07:00:00,221.29,222.53,220.17,222.25,34749012
2024-11-26 07:00:00,222.14,224.18,221.33,223.7,43814524
2024-11-27 07:00:00,223.46,224.09,220.13,223.09,30860971
2024-11-28 07:00:00,221.6,224.56,221.6,223.57,31578195
2024-11-29 07:00:00,223.2,224.65,223.2,224.64,43123708
2024-12-02 07:00:00,225.67,226.3,224.54,225.32,33635858
2024-12-03 07:00:00,225.32,226.33,224.89,225.29,44691178
2024-12-04 07:00:00,225.22,225.99,224.15,224.62,48110884
2024-12-05 07:00:00,223.73,229.6,223.45,229.6,84507927
2024-12-06 07:00:00,229.6,230.99,228.65,228.93,62305731
2024-12-09 07:00:00,228.82,230.13,228.48,229.21,49151399
2024-12-10 07:00:00,229.07,230.19,228.76,229.24,45313390
2024-12-11 07:00:00,228.81,229.92,227.59,228.18,44657918
2024-12-12 07:00:00,227.99,228.94,226.92,227.99,46414417
2024-12-13 07:00:00,228.0,228.2,226.36,227.0,39510756
2024-12-16 07:00:00,226.84,227.78,225.86,227.04,35641154
2024-12-17 07:00:00,227.04,227.48,226.54,226.89,28459145
2024-12-18 07:00:00,226.55,227.53,226.13,227.43,39130702
2024-12-19 07:00:00,227.36,227.54,225.49,227.54,58896047
2024-12-20 07:00:00,227.53,227.96,226.85,227.07,45978076
2024-12-23 07:00:00,226.43,228.59,226.37,228.51,52996034
2024-12-24 07:00:00,228.13,228.86,226.56,228.36,51569141
2024-12-25 07:00:00,227.53,230.9,225.52,229.81,67043286
2024-12-26 07:00:00,229.75,230.87,228.96,229.9,40701008
2024-12-27 07:00:00,230.03,230.5,228.55,229.13,46998270
2024-12-30 07:00:00,228.88,229.34,227.13,228.14,35093329
2024-12-31 07:00:00,228.03,228.34,226.43,227.43,36384574
2025-01-02 07:00:00,227.24,228.19,225.5,227.69,31040075
2025-01-03 07:00:00,225.28,228.17,225.27,225.66,52617031
2025-01-06 07:00:00,225.08,226.15,222.35,222.95,51739747
2025-01-07 07:00:00,222.69,223.69,220.46,220.98,42432852
2025-01-08 07:00:00,220.98,222.0,219.68,221.87,37184225
2025-01-09 07:00:00,220.74,222.71,218.82,221.94,34064905
2025-01-10 07:00:00,221.71,222.58,219.4,219.49,48154622
2025-01-13 07:00:00,218.58,219.86,217.83,219.62,43794340
2025-01-14 07:00:00,219.5,220.46,217.54,218.27,30584083
2025-01-15 07:00:00,217.64,219.8,216.24,219.55,43231137
2025-01-16 07:00:00,218.97,222.24,215.6,220.84,39843783
2025-01-17 07:00:00,220.84,222.48,219.24,222.48,40039444
2025-01-20 07:00:00,222.26,223.23,220.66,221.69,40241665
2025-01-21 07:00:00,219.91,222.91,217.58,221.68,45353095
2025-01-22 07:00:00,221.68,222.42,220.4,220.67,39246566
2025-01-23 07:00:00,220.1,222.67,219.98,222.67,37864124
2025-01-24 07:00:00,221.87,223.11,219.74,223.01,36848793
2025-02-03 07:00:00,223.01,223.91,222.29,223.49,42894153
2025-02-04 07:00:00,223.29,226.61,219.7,226.61,60314916
2025-02-05 07:00:00,226.0,228.46,223.31,227.98,48123171
2025-02-06 07:00:00,226.5,229.62,225.61,229.13,44658191
2025-02-07 07:00:00,229.04,230.2,228.93,229.49,56531193
2025-02-10 07:00:00,229.51,229.6,227.94,227.97,61825883
2025-02-11 07:00:00,228.0,229.08,226.93,228.87,57319177
2025-02-12 07:00:00,228.06,229.81,226.12,229.32,46054114
2025-02-13 07:00:00,228.51,229.93,227.59,229.52,40155070
2025-02-14 07:00:00,228.7,232.91,228.7,231.22,68645862
2025-02-17 07:00:00,231.15,233.76,230.79,233.19,68313617
2025-02-18 07:00:00,232.99,236.07,232.78,235.84,72061555
2025-02-19 07:00:00,234.95,237.9,234.23,237.79,72681908
2025-02-20 07:00:00,236.84,239.3,236.84,238.02,62461991
2025-02-21 07:00:00,238.02,238.84,236.54,237.57,66960037
2025-02-24 07:00:00,235.97,238.54,235.76,238.49,60178906
2025-02-25 07:00:00,237.0,240.13,235.23,238.31,73602370
2025-02-26 07:00:00,238.19,239.59,237.89,238.6,64348696
2025-02-27 07:00:00,238.6,239.77,236.84,239.39,70202016
2025-02-28 07:00:00,239.39,240.56,238.42,239.19,62451416
2025-03-03 07:00:00,239.08,239.62,238.04,238.34,75406558
2025-03-04 07:00:00,237.38,238.39,235.44,237.35,58726078
2025-03-05 07:00:00,236.47,238.48,235.39,235.41,51788161
2025-03-06 07:00:00,235.28,238.01,234.87,238.01,73086785
2025-03-07 07:00:00,237.13,239.28,237.13,238.41,74756457
2025-03-10 07:00:00,238.41,240.81,238.32,239.5,56390955
2025-03-11 07:00:00,238.96,240.58,237.11,240.58,55591077
2025-03-12 07:00:00,240.69,242.46,240.47,241.87,69918512
2025-03-13 07:00:00,240.16,244.77,239.46,241.31,62047849
2025-03-14 07:00:00,240.8,244.22,239.44,242.73,72989796
2025-03-17 07:00:00,242.82,246.98,242.37,246.77,56581490
2025-03-18 07:00:00,246.77,250.38,246.66,247.03,47849311
2025-03-19 07:00:00,247.01,247.97,243.45,245.28,45128401
2025-03-20 07:00:00,245.24,247.17,244.14,245.77,66079290
2025-03-21 07:00:00,244.93,246.8,243.36,245.82,43406741
2025-03-24 07:00:00,245.82,246.49,243.79,246.0,50022148
2025-03-25 07:00:00,245.21,247.32,242.21,244.56,53141921
2025-03-26 07:00:00,244.29,245.3,240.66,241.33,53858208
2025-03-27 07:00:00,241.27,241.71,238.48,239.54,46037178
2025-03-28 07:00:00,239.4,240.45,237.14,238.2,54678974
2025-03-31 07:00:00,238.11,238.2,234.37,235.06,50668074
2025-04-01 07:00:00,235.01,236.5,233.2,236.42,46287808
2025-04-02 07:00:00,236.43,238.57,236.05,238.13,49264256
2025-04-03 07:00:00,237.59,238.13,219.13,220.95,145329341
2025-04-04 07:00:00,220.74,220.95,206.09,216.97,128716092
2025-04-08 07:00:00,216.97,216.97,200.4,201.04,84218834
2025-04-09 07:00:00,200.97,201.04,190.83,192.58,119324195
2025-04-10 07:00:00,192.45,208.46,191.98,208.32,51096910
2025-04-11 07:00:00,208.72,215.83,207.24,213.34,133912155
2025-04-14 07:00:00,212.5,215.87,212.43,215.0,87417697
2025-04-15 07:00:00,214.97,215.0,210.06,210.24,70911943
2025-04-16 07:00:00,209.36,211.46,208.48,209.41,53232590
2025-04-17 07:00:00,209.37,209.94,207.6,209.58,54480052
2025-04-18 07:00:00,209.58,214.79,208.53,213.1,92189777
2025-04-21 07:00:00,211.62,213.96,210.7,211.47,62526920
2025-04-22 07:00:00,211.05,211.47,199.79,207.71,119847863
2025-04-23 07:00:00,206.55,211.65,205.5,211.45,59850621
2025-04-24 07:00:00,211.14,213.32,210.34,211.07,60455583
2025-04-25 07:00:00,210.44,212.31,209.96,211.72,57203206
2025-04-28 07:00:00,211.72,212.64,210.91,211.45,41108810
2025-04-29 07:00:00,211.43,213.3,211.35,211.94,43826557
2025-05-05 07:00:00,211.94,213.48,210.9,212.81,40843845
2025-05-06 07:00:00,212.81,214.46,212.49,212.89,65765734
2025-05-07 07:00:00,212.89,213.51,211.71,213.41,59023702
2025-05-08 07:00:00,213.41,215.31,213.41,215.21,62893922
2025-05-09 07:00:00,215.21,216.03,213.03,214.13,59859279
2025-05-12 07:00:00,214.13,216.04,213.99,216.04,56230436
2025-05-13 07:00:00,216.04,219.33,216.04,217.93,73332889
2025-05-14 07:00:00,217.93,218.97,216.74,218.88,87830911
2025-05-15 07:00:00,218.88,219.99,217.16,219.28,79714540
2025-05-16 07:00:00,219.28,220.6,217.97,218.69,80947026
2025-05-19 07:00:00,218.69,218.69,216.8,217.24,60957028
2025-05-20 07:00:00,217.24,218.27,216.34,217.7,56951222
2025-05-21 07:00:00,217.7,218.53,215.98,217.46,68547877
2025-05-22 07:00:00,217.46,217.99,215.81,216.79,89038963
2025-05-23 07:00:00,216.79,217.58,215.82,216.32,57033131
2025-05-26 07:00:00,216.32,219.41,214.68,219.41,79467373
2025-05-27 07:00:00,219.41,222.23,219.41,221.79,122616845
2025-05-28 07:00:00,221.79,224.76,221.79,223.56,92954565
2025-05-29 07:00:00,223.56,225.6,223.3,224.3,81222611
2025-05-30 07:00:00,224.3,225.29,222.06,223.22,99033760
2025-06-02 07:00:00,223.22,226.17,222.21,226.17,95634409
2025-06-03 07:00:00,226.17,229.73,226.17,228.94,140305494
2025-06-04 07:00:00,228.94,231.26,228.94,230.83,92133187
2025-06-05 07:00:00,230.83,232.12,229.79,231.19,106992211
2025-06-06 07:00:00,231.19,231.46,228.28,228.61,115003033
2025-06-09 07:00:00,228.61,229.18,225.56,226.49,86030380
2025-06-10 07:00:00,226.49,227.64,225.74,226.4,69341908
2025-06-11 07:00:00,226.4,227.05,224.69,226.23,66288337
2025-06-12 07:00:00,226.23,228.0,226.23,227.73,74311003
2025-06-13 07:00:00,227.73,227.73,223.12,224.82,159580186
2025-06-16 07:00:00,224.82,228.25,224.82,228.12,67726651
2025-06-17 07:00:00,228.12,229.45,227.3,228.24,82304207
2025-06-18 07:00:00,228.24,229.48,226.83,228.2,70606112
2025-06-19 07:00:00,228.2,228.52,226.61,227.56,77577661
2025-06-20 07:00:00,227.56,228.75,226.32,227.07,70368569
2025-06-23 07:00:00,227.07,227.42,225.83,227.42,88298601
2025-06-24 07:00:00,227.42,228.5,227.14,227.79,102525419
2025-06-25 07:00:00,227.79,228.74,227.04,227.66,69408494
2025-06-26 07:00:00,227.66,228.16,226.72,227.7,62890167
2025-06-27 07:00:00,227.7,229.21,226.85,227.81,65344077
2025-06-30 07:00:00,227.81,229.22,227.75,229.22,65360363
2025-07-01 07:00:00,229.22,229.65,227.68,228.45,79010860
2025-07-02 07:00:00,228.45,231.62,228.03,231.62,100961480
2025-07-03 07:00:00,231.71,232.83,229.83,230.93,134741267
2025-07-04 07:00:00,231.0,232.91,230.91,232.51,89570369
2025-07-07 07:00:00,232.89,235.9,232.51,235.9,122220800
2025-07-08 07:00:00,236.94,238.4,235.87,237.68,104476195
2025-07-09 07:00:00,237.66,239.88,237.62,238.63,158874193
2025-07-10 07:00:00,239.01,240.04,237.77,238.44,109166972
2025-07-11 07:00:00,238.86,240.05,237.96,238.81,140469119
2025-07-14 07:00:00,239.36,239.99,236.9,239.61,136158484
2025-07-15 07:00:00,240.37,242.57,239.61,240.33,161908037
2025-07-16 07:00:00,240.46,242.35,239.78,242.35,156599564
2025-07-17 07:00:00,242.66,247.72,242.35,246.09,192814440
2025-07-18 07:00:00,247.39,250.54,246.09,247.77,177983316
2025-07-21 07:00:00,248.36,250.15,244.99,245.79,151790980
2025-07-22 07:00:00,245.73,247.85,244.61,247.85,146578718
2025-07-23 07:00:00,248.55,251.3,247.85,249.33,153882937
2025-07-24 07:00:00,249.89,251.53,248.4,250.67,136538252
2025-07-25 07:00:00,252.42,254.56,250.67,254.56,163753821
2025-07-28 07:00:00,255.55,263.79,254.56,263.79,194200429
2025-07-29 07:00:00,266.16,269.64,254.15,255.36,315474917
2025-07-30 07:00:00,255.87,261.51,255.36,261.51,178566296
2025-07-31 07:00:00,263.92,266.52,260.17,266.34,195555373
2025-08-01 07:00:00,267.64,268.02,262.88,264.93,187295757
2025-08-04 07:00:00,264.05,268.35,262.88,268.34,160802702
2025-08-05 07:00:00,269.46,272.87,261.04,266.12,258181051
2025-08-06 07:00:00,266.27,268.66,266.12,268.66,131115724
2025-08-07 07:00:00,270.22,271.73,268.65,270.86,131589305
2025-08-08 07:00:00,271.39,273.23,268.14,272.46,218138088
2025-08-11 07:00:00,273.23,276.6,272.46,276.46,163955517
2025-08-12 07:00:00,275.86,277.17,272.91,276.47,141235648
2025-08-13 07:00:00,277.21,279.69,273.95,279.69,226113883
2025-08-14 07:00:00,281.09,285.15,279.69,285.15,181429299
2025-08-15 07:00:00,286.91,289.07,279.76,282.34,199957221
2025-08-18 07:00:00,283.04,284.16,280.98,283.87,152114607
2025-08-19 07:00:00,284.7,288.69,283.87,286.45,186671727
2025-08-20 07:00:00,286.79,287.16,275.42,283.73,219521502
2025-08-21 07:00:00,284.4,288.07,283.32,284.39,146969243
2025-08-22 07:00:00,283.58,284.39,270.73,272.48,203680642
2025-08-25 07:00:00,272.75,275.19,265.08,266.58,117880078
2025-08-26 07:00:00,265.05,275.79,265.02,275.79,111939523
2025-08-27 07:00:00,276.86,279.5,275.79,276.38,128753266
2025-08-28 07:00:00,276.61,277.59,274.78,276.63,100843190
2025-08-29 07:00:00,277.31,282.26,276.63,279.98,144146182
2025-09-03 07:00:00,280.45,282.83,279.98,282.7,117129454
2025-09-04 07:00:00,282.96,286.0,282.68,283.99,108993003
2025-09-05 07:00:00,285.17,288.32,280.67,280.67,172392802
2025-09-08 07:00:00,280.12,281.59,271.37,271.57,173752793
2025-09-09 07:00:00,271.73,274.82,270.95,274.82,93528269
2025-09-10 07:00:00,275.53,277.05,273.01,274.6,80195997
2025-09-11 07:00:00,274.44,274.77,267.68,274.18,120264874
2025-09-12 07:00:00,275.13,277.39,274.18,276.51,88855644
2025-09-15 07:00:00,277.39,280.69,276.51,280.69,101067231
2025-09-16 07:00:00,281.79,283.71,277.08,278.98,100100795
2025-09-17 07:00:00,279.12,281.01,277.23,277.63,79506666
2025-09-18 07:00:00,277.74,279.01,276.11,276.92,67068605
2025-09-19 07:00:00,277.16,278.3,273.86,276.24,67429574
2025-09-22 07:00:00,276.39,277.66,271.55,274.23,105992206
2025-09-23 07:00:00,274.5,275.89,272.72,273.01,56906420
2025-09-24 07:00:00,273.67,277.28,272.06,277.28,91053696
2025-09-25 07:00:00,277.64,280.13,277.28,277.65,86349548
2025-09-26 07:00:00,277.88,278.53,275.58,276.06,96672625
2025-09-29 07:00:00,276.04,277.28,274.56,275.15,69484283
2025-09-30 07:00:00,274.87,275.88,269.24,273.16,104563066
2025-10-01 07:00:00,273.34,274.53,272.56,273.22,65609647
2025-10-02 07:00:00,273.25,274.48,269.04,269.55,72193637
2025-10-03 07:00:00,269.67,269.67,265.55,265.75,83297420
2025-10-06 07:00:00,266.12,275.27,265.75,274.69,95137149
2025-10-07 07:00:00,275.11,276.16,272.55,272.87,79293465
2025-10-08 07:00:00,276.28,278.16,272.01,273.34,98276864
2025-10-09 07:00:00,273.44,274.94,272.94,274.94,72335661
2025-10-10 07:00:00,275.4,276.51,273.03,273.62,90962584
2025-10-13 07:00:00,271.43,276.21,270.92,275.35,130746135
2025-10-14 07:00:00,276.31,279.39,274.88,275.33,139970900
2025-10-15 07:00:00,275.3,276.89,273.83,276.12,89138167
2025-10-16 07:00:00,276.73,278.63,275.66,277.08,100125847
2025-10-17 07:00:00,277.45,278.8,275.17,276.11,99958425
2025-10-20 07:00:00,275.54,278.91,262.8,263.02,168904693
2025-10-21 07:00:00,262.43,266.99,259.4,264.65,140750639
2025-10-22 07:00:00,265.59,268.69,262.06,268.69,107619785
2025-10-23 07:00:00,269.29,269.86,266.05,266.78,81158782
2025-10-24 07:00:00,267.21,268.84,264.65,267.28,104184864
2025-10-27 07:00:00,269.13,270.46,265.24,265.36,91166688
2025-10-28 07:00:00,265.2,267.17,261.9,266.78,100850465
2025-10-29 07:00:00,267.44,270.03,266.78,268.04,66813465
2025-10-30 07:00:00,268.17,269.95,266.02,266.96,79130299
2025-10-31 07:00:00,267.33,269.04,265.28,265.85,82270724
2025-11-03 07:00:00,266.07,267.54,258.86,259.18,126507805
2025-11-04 07:00:00,258.6,265.91,255.61,265.91,112782375
2025-11-05 07:00:00,266.45,266.93,264.91,266.7,84404560
2025-11-06 07:00:00,267.06,267.5,263.76,266.15,77302317
2025-11-07 07:00:00,265.89,266.45,259.79,260.11,79143397
2025-11-10 07:00:00,259.97,261.76,256.83,258.18,72718852
2025-11-11 07:00:00,258.2,261.1,257.68,261.08,53818490
2025-11-12 07:00:00,261.25,265.1,261.08,264.79,65919316
2025-11-13 07:00:00,264.95,267.46,264.22,266.29,70794613
2025-11-14 07:00:00,265.96,268.2,265.31,267.61,66834955
2025-11-17 07:00:00,268.57,269.76,267.61,268.69,68512639
2025-11-18 07:00:00,268.67,269.95,264.95,267.36,65931863
2025-11-19 07:00:00,266.75,267.97,263.87,265.03,71024428
2025-11-20 07:00:00,265.19,265.78,261.95,264.23,47980019
2025-11-21 07:00:00,263.63,264.23,260.78,263.13,61134759
2025-11-24 07:00:00,263.49,264.91,261.06,261.22,41063875
2025-11-25 07:00:00,260.89,261.93,256.51,257.3,72452276
2025-11-26 07:00:00,257.72,262.12,257.3,261.91,54787738
2025-11-27 07:00:00,262.3,263.36,260.13,261.43,46925496
2025-11-28 07:00:00,261.42,261.9,258.66,259.91,61759909
2025-12-01 07:00:00,260.29,261.08,257.42,257.91,50553241
2025-12-02 07:00:00,258.13,258.87,255.41,258.87,60240571
2025-12-03 07:00:00,258.98,260.11,258.28,259.67,59820781
2025-12-04 07:00:00,260.04,262.66,259.67,262.31,70679903
2025-12-05 07:00:00,262.8,264.8,259.39,260.65,61354721
2025-12-08 07:00:00,260.8,261.58,258.16,258.68,52092144
2025-12-09 07:00:00,258.72,259.05,254.59,257.14,70617614
2025-12-10 07:00:00,257.35,257.81,255.36,256.48,37556066
2025-12-11 07:00:00,257.51,258.31,255.03,255.87,43006652
2025-12-12 07:00:00,255.88,256.96,249.78,250.09,81586855
2025-12-15 07:00:00,249.87,251.95,248.7,249.37,62173148
2025-12-16 07:00:00,249.54,255.65,248.05,255.08,75628064
2025-12-17 07:00:00,255.02,256.42,252.61,253.12,41338483
2025-12-18 07:00:00,252.73,254.07,252.03,253.23,41428481
2025-12-19 07:00:00,253.22,255.88,250.81,253.97,57492985
2025-12-22 07:00:00,254.11,257.29,253.97,257.23,59059972
2025-12-23 07:00:00,257.34,257.93,254.1,255.47,65952436
2025-12-24 07:00:00,255.65,257.39,251.45,252.6,54253021
2025-12-25 07:00:00,252.8,255.39,250.7,250.98,56167067
2025-12-26 07:00:00,250.36,251.91,246.43,250.53,75656886
2025-12-29 07:00:00,250.56,251.77,250.53,251.22,50635227
2025-12-30 07:00:00,251.55,252.21,248.13,250.5,35535343
2025-12-31 07:00:00,250.66,251.38,247.89,248.77,49726805
2026-01-05 07:00:00,248.91,251.33,245.76,246.74,78438814
2026-01-06 07:00:00,246.81,248.52,244.67,246.52,82826094
2026-01-07 07:00:00,246.98,249.82,246.52,249.4,67189074
2026-01-08 07:00:00,249.72,250.99,246.98,249.1,93905236
2026-01-09 07:00:00,249.39,250.55,246.04,247.1,108432401
2026-01-12 07:00:00,247.17,251.88,244.88,251.88,110477595
2026-01-13 07:00:00,252.98,254.29,251.87,252.85,108120167
2026-01-14 07:00:00,253.17,254.59,251.38,253.32,122428355
2026-01-15 07:00:00,253.7,254.13,249.59,253.16,85777177
2026-01-16 07:00:00,253.55,255.35,251.41,252.28,96300283
2026-01-19 07:00:00,252.89,255.57,252.28,254.95,69368861
2026-01-20 07:00:00,255.41,256.9,252.5,253.11,86096613
2026-01-21 07:00:00,252.9,253.39,249.93,252.66,106947339
2026-01-22 07:00:00,253.46,258.43,252.35,258.43,106778244
2026-01-23 07:00:00,258.49,258.76,252.13,252.96,80227580
2026-01-26 07:00:00,252.74,253.62,246.46,247.3,90488738
2026-01-27 07:00:00,247.17,252.85,247.17,252.84,59874312
2026-01-28 07:00:00,252.15,256.52,250.31,252.47,101690812
2026-01-29 07:00:00,252.48,254.35,251.03,252.72,64777031
2026-01-30 07:00:00,253.45,256.86,252.72,256.13,94988784
2026-02-02 07:00:00,255.93,260.39,255.9,260.39,87585470
2026-02-03 07:00:00,263.74,265.71,260.39,265.18,88754388
2026-02-04 07:00:00,265.44,268.97,263.62,265.95,85387479
2026-02-05 07:00:00,266.35,267.68,262.18,263.04,70575161
2026-02-06 07:00:00,263.17,263.17,255.84,256.28,103309210
2026-02-09 07:00:00,257.35,258.28,254.76,256.01,41958463
2026-02-10 07:00:00,256.44,258.34,250.95,253.77,60985189
2026-02-11 07:00:00,253.9,256.86,253.36,255.86,57424234
2026-02-12 07:00:00,256.43,256.98,254.83,256.48,44079464
2026-02-13 07:00:00,256.38,257.28,254.98,257.06,49804166
2026-02-23 07:00:00,257.72,261.96,257.06,261.83,61033047
2026-02-24 07:00:00,262.11,264.05,261.77,262.72,77899345
2026-02-25 07:00:00,262.97,265.33,261.9,263.23,77118437
2026-02-26 07:00:00,263.83,264.07,260.97,262.33,56180480
2026-02-27 07:00:00,262.52,263.69,261.32,262.82,91795550
2026-03-02 07:00:00,261.7,262.82,256.84,259.0,130436925
2026-03-03 07:00:00,259.87,261.52,258.63,260.01,112595566
2026-03-04 07:00:00,259.92,260.96,250.48,257.85,132450346
2026-03-05 07:00:00,258.9,260.12,255.96,257.59,149552829
2026-03-06 07:00:00,257.8,258.91,251.23,253.64,101887231
2026-03-09 07:00:00,250.26,253.64,233.39,235.36,138407286
2026-03-10 07:00:00,236.69,242.07,235.36,240.07,139519244
2026-03-11 07:00:00,240.15,247.02,240.03,247.02,79806159
2026-03-12 07:00:00,247.19,247.85,243.0,247.85,80169130
2026-03-13 07:00:00,247.86,248.44,243.57,245.84,95483559
2026-03-16 07:00:00,246.13,247.48,243.17,245.74,81617748
2026-03-17 07:00:00,246.33,248.88,245.74,246.86,66966394
2026-03-18 07:00:00,247.69,248.68,245.23,247.78,74356034
2026-03-19 07:00:00,247.28,247.78,243.82,245.73,72440156
2026-03-20 07:00:00,245.78,246.08,239.81,243.46,74581641
2026-03-23 07:00:00,242.14,243.46,235.75,237.54,85808843
2026-03-24 07:00:00,239.44,243.81,237.54,243.81,61927001
2026-03-25 07:00:00,244.69,249.71,243.81,249.67,84085918
2026-03-26 07:00:00,249.99,250.27,246.95,248.21,65429173
2026-03-27 07:00:00,248.37,252.36,248.21,252.36,98313338
2026-03-30 07:00:00,250.39,252.36,249.35,250.59,62796629
2026-03-31 07:00:00,250.89,252.76,249.95,250.98,91527608
2026-04-01 07:00:00,252.63,254.48,250.36,251.46,97745796
2026-04-02 07:00:00,251.7,251.74,248.7,250.36,66017718
2026-04-03 07:00:00,250.67,251.36,247.18,248.68,62861812
2026-04-06 07:00:00,248.74,248.97,244.42,245.03,58045742
2026-04-07 07:00:00,244.76,246.91,243.82,246.7,52305166
2026-04-08 07:00:00,250.24,253.39,246.7,253.32,105928844
2026-04-09 07:00:00,253.07,253.32,250.18,250.98,80233675
2026-04-10 07:00:00,251.07,252.47,250.56,251.91,82432645
2026-04-13 07:00:00,250.74,253.18,250.25,251.66,74835232
2026-04-14 07:00:00,252.86,254.06,251.28,252.41,62176817
2026-04-15 07:00:00,252.97,254.21,252.27,252.72,74533942
2026-04-16 07:00:00,252.89,256.49,252.43,256.49,67323970
2026-04-17 07:00:00,256.58,261.8,256.49,260.0,63070212
2026-04-20 07:00:00,260.49,260.98,256.11,257.33,40828074
2026-04-21 07:00:00,257.35,259.27,252.48,253.27,65484898
2026-04-22 07:00:00,253.3,256.76,252.5,255.36,42337571
2026-04-23 07:00:00,255.34,256.31,250.85,253.23,62453303
2026-04-24 07:00:00,253.34,253.73,250.62,251.95,44394571
2026-04-28 07:00:00,251.87,252.87,248.73,249.44,39768491
2026-04-29 07:00:00,249.43,251.7,249.17,250.66,57029288
2026-05-04 07:00:00,251.07,252.53,248.39,250.04,51952434
2026-05-05 07:00:00,250.13,250.61,246.36,247.42,49655302
2026-05-06 07:00:00,247.35,249.11,247.33,248.46,52110338
2026-05-07 07:00:00,248.67,249.44,247.49,247.76,45061794
2026-05-08 07:00:00,247.26,248.49,245.4,246.49,47028594
2026-05-11 07:00:00,246.86,249.16,246.49,248.06,66067134
2026-05-12 07:00:00,248.14,253.41,248.01,253.28,42309885
2026-05-13 07:00:00,254.02,255.86,253.13,254.62,62339356
2026-05-14 07:00:00,256.53,257.42,254.41,255.07,36483792
2026-05-15 07:00:00,257.46,259.95,255.07,257.42,57371433
2026-05-18 07:00:00,255.92,260.34,255.88,259.25,80477389
2026-05-19 07:00:00,259.6,262.2,258.81,259.5,74698704
2026-05-20 07:00:00,262.18,262.88,256.22,261.33,83570223
2026-05-21 07:00:00,264.69,265.74,261.33,264.37,38013650
2026-05-22 07:00:00,267.91,268.72,264.71,267.51,63250199
2026-05-25 07:00:00,267.69,272.38,265.67,271.8,40769768
2026-05-26 07:00:00,271.9,278.39,271.8,278.15,75248187
2026-05-27 07:00:00,282.92,283.63,278.15,282.23,37431734
2026-05-28 07:00:00,287.07,288.08,282.23,285.56,48355250
2026-05-29 07:00:00,290.16,294.94,289.84,294.94,47476605
2026-06-01 07:00:00,305.11,305.66,294.94,305.18,45786145
2026-06-02 07:00:00,316.19,316.56,305.18,314.79,56443820
2026-06-03 07:00:00,325.63,326.03,303.71,317.48,47765431
2026-06-04 07:00:00,317.11,317.48,304.41,304.86,40276002
2026-06-05 07:00:00,300.75,304.86,292.57,293.79,51836138
2026-06-08 07:00:00,286.5,298.36,283.51,298.36,57153237
2026-06-09 07:00:00,305.19,306.95,298.36,305.74,42062722
2026-06-10 07:00:00,312.98,313.83,299.67,301.15,47850267
2026-06-11 07:00:00,301.18,305.69,294.54,300.09,43400896
2026-06-12 07:00:00,300.35,307.07,300.23,302.49,49464596
2026-06-15 07:00:00,303.1,311.55,302.49,310.91,70763984
2026-06-16 07:00:00,319.09,320.11,310.91,319.62,59206502
2026-06-17 07:00:00,328.48,330.22,319.62,330.2,52153284
2026-06-18 07:00:00,339.59,339.91,328.95,336.16,39663749
2026-06-19 07:00:00,335.75,337.39,323.84,324.83,50289685
2026-06-22 07:00:00,324.92,325.37,315.73,321.06,35030023
2026-06-23 07:00:00,321.0,330.63,321.0,326.38,59202232
2026-06-24 07:00:00,326.41,327.4,317.9,318.24,43179135
2026-06-25 07:00:00,320.01,321.51,311.7,319.44,32002826
2026-06-26 07:00:00,319.56,322.22,314.61,317.83,34045526
2026-06-29 07:00:00,318.07,325.85,315.11,317.99,33306140
2026-06-30 07:00:00,317.86,318.54,311.16,313.16,33609865
2026-07-01 07:00:00,313.28,315.09,310.06,313.16,35511304
2026-07-02 07:00:00,313.28,313.98,305.35,306.73,44732188
2026-07-03 07:00:00,307.12,313.28,306.37,307.57,87040915
2026-07-06 07:00:00,307.65,308.91,293.24,296.51,66164022
2026-07-07 07:00:00,296.55,296.95,289.77,293.74,56796633
2026-07-08 07:00:00,294.1,301.59,293.63,300.39,69007937
2026-07-09 07:00:00,306.64,307.46,300.39,306.67,53715638
2026-07-10 07:00:00,313.8,313.8,303.13,303.76,50961551
2026-07-13 07:00:00,303.58,304.09,290.17,291.9,89147208
2026-07-14 07:00:00,291.79,297.34,287.59,297.34,52623128
2026-07-15 07:00:00,297.31,297.71,289.96,291.07,47690653
2026-07-16 07:00:00,290.69,291.57,280.66,288.32,72758531
2026-07-17 07:00:00,288.19,293.01,286.1,291.7,36669552
2026-07-20 07:00:00,290.35,294.01,282.03,284.41,80470448
2026-07-21 07:00:00,283.73,288.5,277.92,280.74,67131863
2026-07-22 07:00:00,281.18,282.22,272.82,275.49,66473451
2026-07-23 07:00:00,274.75,281.37,271.63,281.07,65890921
2026-07-24 07:00:00,281.01,282.75,272.32,272.99,45724970
2026-07-27 07:00:00,272.66,275.95,268.23,269.35,55337783
2026-07-28 07:00:00,268.47,271.0,266.12,269.45,62627544
2026-07-29 07:00:00,269.86,272.81,269.45,271.68,32498215
2026-07-30 07:00:00,271.66,275.89,271.16,275.05,58987046
2026-07-31 07:00:00,277.1,278.5,269.53,271.25,46427197
2026-08-03 07:00:00,277.02,279.89,271.25,279.28,54216393
2026-08-04 07:00:00,286.02,287.11,279.28,286.41,41347185
2026-08-05 07:00:00,293.72,296.49,286.41,293.59,47820966
2026-08-06 07:00:00,301.2,301.37,289.12,292.64,30503052
2026-08-07 07:00:00,293.19,300.1,291.9,293.44,46362582
