time,open,high,low,close,volume
2018-08-09 07:00:00,67.23,69.5,67.23,68.91,173410
2018-08-10 07:00:00,68.91,71.01,68.91,71.01,195740
2018-08-13 07:00:00,71.01,71.01,68.49,69.75,127080
2018-08-14 07:00:00,69.33,70.51,69.33,69.5,42550
2018-08-15 07:00:00,70.34,70.34,67.23,67.74,80900
2018-08-16 07:00:00,65.97,68.83,65.97,68.83,90740
2018-08-17 07:00:00,68.58,71.01,68.58,70.76,156220
2018-08-20 07:00:00,70.93,70.93,69.92,70.59,100990
2018-08-21 07:00:00,70.59,70.59,69.5,70.17,44010
2018-08-22 07:00:00,71.01,73.54,70.59,73.54,216960
2018-08-23 07:00:00,74.38,76.98,72.69,76.48,219700
2018-08-24 07:00:00,75.64,76.9,74.04,74.04,163000
2018-08-27 07:00:00,75.64,76.39,74.12,76.39,121260
2018-08-28 07:00:00,76.39,76.73,75.64,76.39,63100
2018-08-29 07:00:00,75.8,76.9,75.8,76.56,86860
2018-08-30 07:00:00,77.32,77.32,76.48,76.98,23980
2018-08-31 07:00:00,76.98,78.49,76.98,77.74,115500
2018-09-04 07:00:00,77.32,78.07,75.38,75.89,90260
2018-09-05 07:00:00,74.21,76.48,73.54,74.38,59550
2018-09-06 07:00:00,74.38,74.46,72.19,72.27,142290
2018-09-07 07:00:00,72.27,75.22,72.27,74.29,44030
2018-09-10 07:00:00,74.38,76.39,74.38,75.22,41160
2018-09-11 07:00:00,75.22,80.43,75.22,80.43,165280
2018-09-12 07:00:00,80.68,80.68,79.0,79.84,215930
2018-09-13 07:00:00,79.08,84.88,79.08,83.2,260180
2018-09-14 07:00:00,83.2,83.2,81.86,82.11,59810
2018-09-17 07:00:00,81.52,81.52,78.33,79.0,70650
2018-09-18 07:00:00,78.16,81.52,78.16,81.52,91820
2018-09-19 07:00:00,81.52,82.36,78.16,81.94,89870
2018-09-20 07:00:00,81.94,82.36,79.5,82.36,44550
2018-09-21 07:00:00,82.36,83.2,81.1,82.11,266280
2018-09-24 07:00:00,82.78,82.78,81.52,82.11,11960
2018-09-25 07:00:00,81.77,82.11,79.0,81.52,24830
2018-09-26 07:00:00,81.52,81.52,79.84,79.84,49360
2018-09-27 07:00:00,79.84,82.7,79.84,82.7,101430
2018-09-28 07:00:00,83.2,83.45,81.86,82.36,45070
2018-10-01 07:00:00,82.36,82.36,81.35,81.52,60200
2018-10-02 07:00:00,81.52,82.36,80.68,80.68,69440
2018-10-03 07:00:00,80.01,81.94,80.01,80.68,10110
2018-10-04 07:00:00,79.92,80.68,79.0,80.26,38220
2018-10-05 07:00:00,80.68,81.52,80.17,80.68,26760
2018-10-08 07:00:00,80.68,80.68,77.74,78.24,82280
2018-10-09 07:00:00,80.26,80.26,77.82,77.82,20800
2018-10-10 07:00:00,77.82,78.16,76.48,77.32,121780
2018-10-11 07:00:00,74.8,74.88,71.94,73.62,193090
2018-10-12 07:00:00,71.18,76.48,71.18,76.48,137360
2018-10-15 07:00:00,76.48,76.48,72.36,75.64,69370
2018-10-16 07:00:00,74.04,75.64,74.04,75.13,57750
2018-10-17 07:00:00,75.64,75.97,75.13,75.22,44560
2018-10-18 07:00:00,75.22,77.74,75.05,77.49,64260
2018-10-19 07:00:00,76.31,77.82,76.06,77.32,67550
2018-10-22 07:00:00,77.32,78.07,76.81,77.15,29130
2018-10-23 07:00:00,77.15,77.32,76.14,77.32,67890
2018-10-24 07:00:00,75.22,78.16,75.22,78.16,84930
2018-10-25 07:00:00,73.2,78.07,73.2,78.07,139280
2018-10-26 07:00:00,78.07,78.58,75.55,78.58,141820
2018-10-29 07:00:00,77.32,79.59,77.32,79.59,144560
2018-10-30 07:00:00,76.9,81.1,76.9,81.01,229710
2018-10-31 07:00:00,81.01,83.2,80.68,82.44,273050
2018-11-01 07:00:00,82.44,82.86,82.11,82.78,277060
2018-11-02 07:00:00,83.12,83.12,80.26,80.51,94690
2018-11-05 07:00:00,80.26,80.43,77.74,78.07,86550
2018-11-06 07:00:00,77.82,79.0,77.82,78.58,44440
2018-11-07 07:00:00,80.59,80.59,77.82,79.25,11550
2018-11-08 07:00:00,75.72,80.26,75.72,79.17,105260
2018-11-09 07:00:00,79.0,80.68,79.0,80.43,51740
2018-11-12 07:00:00,79.84,82.53,79.84,82.02,88770
2018-11-13 07:00:00,81.52,83.2,80.68,83.2,60710
2018-11-14 07:00:00,83.2,83.2,81.52,82.36,89250
2018-11-15 07:00:00,80.85,81.1,79.0,79.0,81850
2018-11-16 07:00:00,79.84,80.59,79.0,79.67,41790
2018-11-19 07:00:00,79.59,79.84,78.16,79.84,63740
2018-11-20 07:00:00,79.75,79.92,78.16,79.59,53000
2018-11-21 07:00:00,78.16,79.42,78.16,79.0,40110
2018-11-22 07:00:00,80.59,80.85,78.66,80.85,62530
2018-11-23 07:00:00,80.59,82.28,80.59,82.28,74860
2018-11-26 07:00:00,82.28,82.28,81.6,82.28,138330
2018-11-27 07:00:00,82.28,82.28,80.85,82.02,72990
2018-11-28 07:00:00,82.02,82.02,80.68,81.77,34180
2018-11-29 07:00:00,80.68,80.93,79.84,79.84,58130
2018-11-30 07:00:00,79.84,85.38,79.84,80.51,257850
2018-12-03 07:00:00,81.52,83.2,81.35,81.77,60370
2018-12-04 07:00:00,81.94,82.86,81.86,82.53,62390
2018-12-05 07:00:00,81.52,86.14,81.52,86.14,190820
2018-12-06 07:00:00,86.14,86.14,84.71,85.55,70600
2018-12-07 07:00:00,84.46,86.56,84.46,86.06,90430
2018-12-10 07:00:00,86.56,86.56,84.04,85.55,41210
2018-12-11 07:00:00,85.55,85.55,83.62,84.29,72940
2018-12-12 07:00:00,85.72,87.4,84.96,85.72,106070
2018-12-13 07:00:00,85.72,85.72,84.88,84.88,76620
2018-12-14 07:00:00,84.12,84.8,83.54,83.54,87660
2018-12-17 07:00:00,83.87,84.04,81.94,82.86,50810
2018-12-18 07:00:00,82.86,82.86,78.33,79.0,140910
2018-12-19 07:00:00,79.0,79.75,76.48,76.48,148480
2018-12-20 07:00:00,76.48,79.0,76.48,78.41,76800
2018-12-21 07:00:00,79.42,80.01,77.32,80.01,120930
2018-12-24 07:00:00,80.01,80.01,77.32,77.32,60340
2018-12-25 07:00:00,77.32,77.91,75.05,77.32,38890
2018-12-26 07:00:00,77.32,77.32,75.8,76.22,86530
2018-12-27 07:00:00,77.32,78.58,77.32,77.57,22060
2018-12-28 07:00:00,77.74,78.16,74.8,74.8,58390
2019-01-02 07:00:00,76.39,76.39,74.8,74.8,87080
2019-01-03 07:00:00,76.06,76.48,74.29,74.96,55310
2019-01-04 07:00:00,74.96,74.96,72.27,74.46,96940
2019-01-07 07:00:00,75.22,76.31,73.7,74.46,92970
2019-01-08 07:00:00,74.46,74.46,73.96,74.12,36610
2019-01-09 07:00:00,72.27,75.64,72.27,74.8,100610
2019-01-10 07:00:00,74.04,75.72,74.04,75.22,49800
2019-01-11 07:00:00,75.97,76.39,75.22,75.97,32020
2019-01-14 07:00:00,75.89,75.89,73.96,74.38,26560
2019-01-15 07:00:00,74.38,75.13,74.04,74.54,42400
2019-01-16 07:00:00,75.55,75.64,74.63,75.64,41990
2019-01-17 07:00:00,75.64,77.65,75.64,77.23,51470
2019-01-18 07:00:00,75.72,77.32,75.72,77.23,38310
2019-01-21 07:00:00,77.32,77.74,76.48,77.32,22660
2019-01-22 07:00:00,77.65,77.65,75.64,75.64,57790
2019-01-23 07:00:00,77.23,77.23,75.64,75.89,47870
2019-01-24 07:00:00,76.48,76.9,75.64,75.89,33490
2019-01-25 07:00:00,75.89,77.32,75.89,77.23,21490
2019-01-28 07:00:00,78.91,78.91,77.32,78.24,39180
2019-01-29 07:00:00,78.58,79.33,77.4,79.33,51580
2019-01-30 07:00:00,76.14,81.35,76.14,81.1,125610
2019-01-31 07:00:00,81.52,81.52,77.49,77.49,79540
2019-02-01 07:00:00,80.68,80.68,78.41,80.43,54770
2019-02-11 07:00:00,79.84,80.43,79.84,80.26,64480
2019-02-12 07:00:00,80.26,80.26,79.84,79.92,77860
2019-02-13 07:00:00,80.26,82.36,79.42,81.1,111960
2019-02-14 07:00:00,81.52,82.78,80.93,80.93,122040
2019-02-15 07:00:00,81.52,82.11,79.84,80.26,88230
2019-02-18 07:00:00,80.26,81.35,77.49,78.16,91670
2019-02-19 07:00:00,78.58,79.75,78.24,79.17,30770
2019-02-20 07:00:00,79.17,81.1,79.0,80.68,88130
2019-02-21 07:00:00,80.68,80.68,80.01,80.17,114100
2019-02-22 07:00:00,80.68,82.28,79.84,81.1,147330
2019-02-25 07:00:00,81.1,81.86,79.5,79.75,180880
2019-02-26 07:00:00,79.75,80.59,78.16,78.33,114570
2019-02-27 07:00:00,79.0,80.26,78.41,80.01,74070
2019-02-28 07:00:00,80.01,80.51,78.66,79.0,153040
2019-03-01 07:00:00,79.42,79.42,78.41,78.75,56320
2019-03-04 07:00:00,78.75,81.35,78.75,81.1,119450
2019-03-05 07:00:00,79.92,82.7,79.92,82.61,300850
2019-03-06 07:00:00,82.61,82.78,81.77,82.36,73310
2019-03-07 07:00:00,82.53,82.78,81.1,81.18,92910
2019-03-08 07:00:00,80.26,80.68,79.84,80.17,49270
2019-03-11 07:00:00,80.76,80.76,80.17,80.34,92780
2019-03-12 07:00:00,80.51,81.27,80.43,80.51,199160
2019-03-13 07:00:00,81.1,81.52,80.59,80.68,158480
2019-03-14 07:00:00,80.68,81.94,80.51,80.51,105300
2019-03-15 07:00:00,80.68,81.6,80.68,80.93,485910
2019-03-18 07:00:00,80.93,81.52,79.84,79.84,122480
2019-03-19 07:00:00,80.68,80.68,79.59,80.09,203310
2019-03-20 07:00:00,80.09,82.28,80.09,82.02,219060
2019-03-21 07:00:00,81.52,82.53,80.68,80.68,81670
2019-03-22 07:00:00,80.34,81.1,80.34,80.76,72660
2019-03-25 07:00:00,80.76,80.76,80.26,80.26,76750
2019-03-26 07:00:00,80.26,80.51,79.5,79.5,75260
2019-03-27 07:00:00,80.26,81.1,79.67,80.43,47500
2019-03-28 07:00:00,80.68,81.01,78.16,80.68,39030
2019-03-29 07:00:00,80.68,81.86,79.84,79.84,148060
2019-04-01 07:00:00,80.68,80.68,79.0,79.84,75410
2019-04-02 07:00:00,79.84,80.85,78.66,79.25,71220
2019-04-03 07:00:00,79.0,79.75,77.74,78.16,109810
2019-04-04 07:00:00,78.58,79.08,78.16,79.0,48150
2019-04-05 07:00:00,79.0,79.08,78.75,78.75,21140
2019-04-08 07:00:00,79.0,79.33,78.91,79.08,67060
2019-04-09 07:00:00,79.84,79.84,79.08,79.84,141630
2019-04-10 07:00:00,79.42,79.75,78.16,79.42,36060
2019-04-11 07:00:00,78.91,79.42,78.66,78.91,46900
2019-04-12 07:00:00,79.0,79.0,77.57,77.57,115230
2019-04-16 07:00:00,77.57,77.57,75.64,76.73,40520
2019-04-17 07:00:00,76.06,78.07,75.97,76.64,95820
2019-04-18 07:00:00,77.32,77.32,76.31,76.48,45450
2019-04-19 07:00:00,76.48,77.4,76.48,76.9,14560
2019-04-22 07:00:00,76.9,76.9,75.64,75.89,22920
2019-04-23 07:00:00,74.8,77.15,74.8,77.15,30600
2019-04-24 07:00:00,76.48,77.32,76.39,76.39,16560
2019-04-25 07:00:00,76.14,77.32,75.13,75.13,102270
2019-04-26 07:00:00,75.13,75.13,73.45,74.46,90340
2019-05-02 07:00:00,69.25,69.25,69.25,69.25,164290
2019-05-03 07:00:00,64.46,64.46,64.46,64.46,86250
2019-05-06 07:00:00,60.0,63.87,60.0,61.27,1977550
2019-05-07 07:00:00,61.35,64.71,61.27,64.71,855180
2019-05-08 07:00:00,64.71,65.13,62.78,63.03,518130
2019-05-09 07:00:00,61.77,62.61,60.51,61.18,1060210
2019-05-10 07:00:00,61.35,62.19,60.76,61.6,470440
2019-05-13 07:00:00,61.6,64.54,61.6,63.95,724890
2019-05-14 07:00:00,62.86,65.55,62.86,65.38,826240
2019-05-15 07:00:00,65.55,66.56,65.55,66.39,571120
2019-05-16 07:00:00,66.39,66.81,65.38,65.55,523210
2019-05-17 07:00:00,65.47,66.39,65.47,65.89,455930
2019-05-20 07:00:00,65.55,66.31,65.47,66.06,393580
2019-05-21 07:00:00,66.14,67.06,66.14,66.56,439050
2019-05-22 07:00:00,65.8,66.98,65.64,65.8,341030
2019-05-23 07:00:00,65.55,66.14,65.47,66.06,238050
2019-05-24 07:00:00,65.55,65.89,63.87,64.88,452390
2019-05-27 07:00:00,64.88,65.13,64.12,64.12,195810
2019-05-28 07:00:00,64.12,64.71,63.28,64.12,278150
2019-05-29 07:00:00,63.95,64.79,63.87,64.79,183860
2019-05-30 07:00:00,65.22,65.47,64.71,65.13,289570
2019-05-31 07:00:00,64.12,65.13,64.12,64.54,320170
2019-06-03 07:00:00,63.03,65.13,63.03,64.96,384090
2019-06-04 07:00:00,64.71,65.47,64.63,65.38,325360
2019-06-05 07:00:00,65.38,65.55,65.3,65.38,318460
2019-06-06 07:00:00,64.79,65.38,64.79,65.38,163610
2019-06-07 07:00:00,65.22,65.97,65.22,65.8,305770
2019-06-10 07:00:00,66.06,66.81,66.06,66.39,370010
2019-06-11 07:00:00,66.39,67.15,65.8,67.06,394630
2019-06-12 07:00:00,67.15,67.99,66.39,67.48,578310
2019-06-13 07:00:00,67.23,67.32,66.73,67.23,218690
2019-06-14 07:00:00,66.9,67.99,66.9,67.23,431440
2019-06-17 07:00:00,67.23,67.65,66.39,67.65,259530
2019-06-18 07:00:00,67.23,67.74,66.81,67.65,378680
2019-06-19 07:00:00,67.06,67.65,66.81,67.06,180940
2019-06-20 07:00:00,67.23,67.57,66.81,67.57,389260
2019-06-21 07:00:00,67.4,67.48,66.81,66.81,483210
2019-06-24 07:00:00,66.64,67.65,65.97,67.48,566940
2019-06-25 07:00:00,67.32,67.57,67.15,67.32,261160
2019-06-26 07:00:00,67.23,67.9,66.81,67.9,481930
2019-06-27 07:00:00,67.9,68.83,67.74,67.99,251800
2019-06-28 07:00:00,67.48,68.07,67.48,67.9,130010
2019-07-01 07:00:00,67.74,68.24,67.48,68.16,188730
2019-07-02 07:00:00,67.9,68.41,67.9,68.32,168710
2019-07-03 07:00:00,68.32,69.5,68.07,69.5,440630
2019-07-04 07:00:00,69.5,69.92,69.08,69.5,167950
2019-07-05 07:00:00,69.75,69.92,68.91,69.67,106450
2019-07-08 07:00:00,69.75,69.92,69.33,69.67,199930
2019-07-09 07:00:00,69.67,70.09,69.59,70.09,188400
2019-07-10 07:00:00,70.09,71.18,70.01,71.1,284930
2019-07-11 07:00:00,71.1,71.35,71.1,71.35,143890
2019-07-12 07:00:00,71.35,71.94,71.35,71.35,192430
2019-07-15 07:00:00,71.27,71.52,69.75,70.85,163750
2019-07-16 07:00:00,70.17,72.61,70.17,72.61,204330
2019-07-17 07:00:00,72.44,74.46,72.02,73.96,441090
2019-07-18 07:00:00,72.44,73.79,72.11,72.11,372910
2019-07-19 07:00:00,72.19,72.19,70.51,71.01,338310
2019-07-22 07:00:00,70.85,72.11,70.26,72.11,71060
2019-07-23 07:00:00,71.43,72.27,70.76,70.76,157410
2019-07-24 07:00:00,70.85,71.6,70.51,71.6,127290
2019-07-25 07:00:00,71.1,71.6,70.76,71.27,170270
2019-07-26 07:00:00,71.1,72.02,71.1,71.77,225070
2019-07-29 07:00:00,71.6,72.11,71.01,71.85,151520
2019-07-30 07:00:00,71.43,71.94,71.18,71.69,153390
2019-07-31 07:00:00,71.52,71.69,70.51,70.59,117780
2019-08-01 07:00:00,70.59,71.43,70.26,70.76,147320
2019-08-02 07:00:00,70.76,70.76,69.75,69.75,268720
2019-08-05 07:00:00,69.33,69.75,65.72,66.06,359980
2019-08-06 07:00:00,65.55,65.97,64.71,64.71,173600
2019-08-07 07:00:00,64.71,65.8,63.11,63.45,100880
2019-08-08 07:00:00,63.45,67.23,63.45,67.15,193150
2019-08-09 07:00:00,66.9,67.15,65.55,65.55,105190
2019-08-12 07:00:00,65.55,65.8,65.55,65.55,38810
2019-08-13 07:00:00,65.55,65.55,64.79,64.96,158390
2019-08-14 07:00:00,65.22,66.31,65.22,65.97,88740
2019-08-15 07:00:00,65.13,65.89,64.54,65.89,92830
2019-08-16 07:00:00,65.55,65.55,64.71,64.79,144210
2019-08-19 07:00:00,65.47,65.47,64.54,65.3,42400
2019-08-20 07:00:00,65.47,65.47,64.29,64.71,128690
2019-08-21 07:00:00,64.71,65.38,64.63,65.38,85620
2019-08-22 07:00:00,65.55,67.06,65.55,66.14,144600
2019-08-23 07:00:00,66.22,66.22,65.13,65.97,91040
2019-08-26 07:00:00,64.96,65.55,64.79,65.38,85800
2019-08-27 07:00:00,64.96,65.38,64.71,64.71,107890
2019-08-28 07:00:00,64.71,65.13,64.29,64.88,89400
2019-08-29 07:00:00,64.37,64.37,63.87,63.87,166240
2019-08-30 07:00:00,64.71,64.71,63.87,63.87,64770
2019-09-03 07:00:00,64.54,64.54,63.45,63.45,78770
2019-09-04 07:00:00,63.28,64.29,63.03,63.87,127710
2019-09-05 07:00:00,63.79,64.12,63.62,63.87,49380
2019-09-06 07:00:00,63.87,64.29,63.45,63.45,41090
2019-09-09 07:00:00,63.03,63.45,62.78,63.03,54720
2019-09-10 07:00:00,63.03,63.03,60.59,60.76,226180
2019-09-11 07:00:00,60.51,61.27,60.42,60.68,142170
2019-09-12 07:00:00,60.68,62.61,60.68,62.11,86800
2019-09-13 07:00:00,62.69,62.69,61.6,62.44,95610
2019-09-16 07:00:00,62.61,62.61,61.77,62.02,82100
2019-09-17 07:00:00,62.02,62.11,61.6,61.6,99630
2019-09-18 07:00:00,61.6,62.11,61.6,61.94,79090
2019-09-19 07:00:00,62.02,62.19,61.52,61.94,115760
2019-09-20 07:00:00,61.6,61.77,60.51,60.51,1437250
2019-09-23 07:00:00,61.1,61.77,61.1,61.43,106260
2019-09-24 07:00:00,61.43,61.85,61.1,61.52,82690
2019-09-25 07:00:00,61.35,61.35,60.59,60.59,285900
2019-09-26 07:00:00,60.76,61.18,60.34,60.76,216600
2019-09-27 07:00:00,60.93,61.94,60.59,61.6,312160
2019-09-30 07:00:00,61.77,63.79,61.77,62.86,538970
2019-10-01 07:00:00,62.86,64.21,62.86,63.62,223610
2019-10-02 07:00:00,63.45,63.87,62.78,62.86,140250
2019-10-03 07:00:00,61.52,62.61,61.43,62.61,145590
2019-10-04 07:00:00,62.86,62.86,61.18,61.18,236400
2019-10-07 07:00:00,60.93,61.35,59.42,59.42,377380
2019-10-08 07:00:00,59.67,60.51,59.67,60.42,133110
2019-10-09 07:00:00,60.42,60.42,59.5,59.84,108940
2019-10-10 07:00:00,59.67,60.34,59.67,60.09,119930
2019-10-11 07:00:00,60.09,61.35,60.09,60.59,69830
2019-10-14 07:00:00,60.76,60.76,60.51,60.51,101310
2019-10-15 07:00:00,60.51,60.68,60.09,60.17,106480
2019-10-16 07:00:00,60.42,60.51,60.09,60.34,104680
2019-10-17 07:00:00,60.17,60.34,59.92,59.92,135060
2019-10-18 07:00:00,59.92,60.17,59.92,60.0,61890
2019-10-21 07:00:00,60.17,60.17,59.25,59.5,101280
2019-10-22 07:00:00,59.16,59.5,59.0,59.25,124850
2019-10-23 07:00:00,59.16,60.0,59.16,59.5,76080
2019-10-24 07:00:00,59.67,59.67,59.25,59.42,84560
2019-10-25 07:00:00,59.42,60.17,59.42,60.09,73560
2019-10-28 07:00:00,60.0,60.0,59.33,59.67,216540
2019-10-29 07:00:00,59.5,59.84,59.5,59.58,99310
2019-10-30 07:00:00,59.58,60.26,59.42,59.5,146510
2019-10-31 07:00:00,60.09,61.27,60.0,60.59,318850
2019-11-01 07:00:00,60.59,62.27,60.59,62.19,410880
2019-11-04 07:00:00,62.69,62.78,61.85,62.19,232940
2019-11-05 07:00:00,62.19,63.45,62.02,63.2,365140
2019-11-06 07:00:00,63.37,63.37,62.78,63.11,201360
2019-11-07 07:00:00,63.11,63.11,62.19,62.27,192310
2019-11-08 07:00:00,62.53,62.61,61.77,61.85,164590
2019-11-11 07:00:00,61.85,62.44,61.52,61.85,135680
2019-11-12 07:00:00,61.85,62.19,61.35,62.02,136550
2019-11-13 07:00:00,62.19,62.19,61.01,61.35,194320
2019-11-14 07:00:00,61.01,61.85,61.01,61.77,105870
2019-11-15 07:00:00,62.2,62.96,61.94,62.37,118990
2019-11-18 07:00:00,62.2,62.62,62.11,62.2,110590
2019-11-19 07:00:00,62.2,62.2,61.68,61.77,179930
2019-11-20 07:00:00,61.51,61.6,61.26,61.43,118680
2019-11-21 07:00:00,61.0,61.34,60.07,60.07,195650
2019-11-22 07:00:00,60.49,61.09,59.98,60.41,135120
2019-11-25 07:00:00,60.49,61.51,60.41,61.43,112070
2019-11-26 07:00:00,61.26,61.68,60.83,60.83,121720
2019-11-27 07:00:00,60.83,61.26,60.49,60.49,108940
2019-11-28 07:00:00,60.32,60.92,59.55,59.72,114250
2019-11-29 07:00:00,59.72,59.98,59.47,59.9,67070
2019-12-02 07:00:00,60.41,60.41,58.36,58.36,88870
2019-12-03 07:00:00,58.02,58.62,56.66,56.83,199420
2019-12-04 07:00:00,56.83,57.17,55.46,56.91,130450
2019-12-05 07:00:00,56.91,57.68,56.23,56.4,105160
2019-12-06 07:00:00,56.4,56.4,55.38,56.06,108190
2019-12-09 07:00:00,56.23,56.23,55.72,55.98,120840
2019-12-10 07:00:00,56.23,58.7,56.23,57.68,267860
2019-12-11 07:00:00,58.02,58.36,57.51,57.94,91410
2019-12-12 07:00:00,57.68,58.28,57.59,57.94,169360
2019-12-13 07:00:00,57.94,58.19,57.08,57.94,137540
2019-12-16 07:00:00,58.45,61.94,57.94,61.94,434040
2019-12-17 07:00:00,62.62,63.39,61.51,61.51,378650
2019-12-18 07:00:00,61.51,63.56,61.0,62.2,292770
2019-12-19 07:00:00,63.13,63.39,60.92,60.92,193310
2019-12-20 07:00:00,60.92,62.71,60.92,61.77,957620
2019-12-23 07:00:00,61.77,62.45,61.34,61.34,325140
2019-12-24 07:00:00,61.34,61.77,59.13,59.3,185890
2019-12-25 07:00:00,59.3,59.81,58.53,58.53,165220
2019-12-26 07:00:00,58.45,58.53,57.51,57.94,182140
2019-12-27 07:00:00,57.85,59.55,57.85,58.62,126510
2019-12-30 07:00:00,58.79,59.21,58.36,59.13,137330
2019-12-31 07:00:00,58.87,60.07,58.45,58.45,85290
2020-01-02 07:00:00,58.45,59.21,58.45,58.79,87010
2020-01-03 07:00:00,59.13,59.13,58.36,58.45,59290
2020-01-06 07:00:00,58.19,58.36,57.59,57.59,129160
2020-01-07 07:00:00,57.85,57.94,57.42,57.51,67160
2020-01-08 07:00:00,57.0,57.0,55.98,56.23,163230
2020-01-09 07:00:00,57.25,57.25,55.46,55.46,157250
2020-01-10 07:00:00,56.23,57.34,55.38,57.08,136260
2020-01-13 07:00:00,57.0,57.08,56.66,56.83,63230
2020-01-14 07:00:00,56.66,57.08,55.38,56.23,171640
2020-01-15 07:00:00,56.57,56.57,55.64,56.15,92440
2020-01-16 07:00:00,56.06,56.49,56.06,56.23,157100
2020-01-17 07:00:00,56.32,56.32,55.98,56.15,131930
2020-01-20 07:00:00,56.15,56.4,55.46,55.72,107680
2020-01-21 07:00:00,56.06,56.15,55.55,56.15,119020
2020-01-22 07:00:00,55.64,57.08,55.55,57.08,156250
2020-01-30 07:00:00,56.15,56.23,53.25,53.76,335430
2020-01-31 07:00:00,53.76,55.04,50.1,50.1,176570
2020-02-03 07:00:00,46.86,49.59,46.6,47.37,270730
2020-02-04 07:00:00,46.94,48.56,46.94,47.46,312880
2020-02-05 07:00:00,47.63,48.65,47.54,48.39,298760
2020-02-06 07:00:00,49.42,49.76,48.65,49.76,176570
2020-02-07 07:00:00,50.78,50.95,49.93,50.95,158980
2020-02-10 07:00:00,50.86,50.86,48.73,48.99,208410
2020-02-11 07:00:00,48.99,49.42,48.82,49.25,210080
2020-02-12 07:00:00,50.52,50.52,48.9,48.99,192330
2020-02-13 07:00:00,49.67,49.67,48.82,48.99,145610
2020-02-14 07:00:00,48.99,49.16,48.56,48.56,215320
2020-02-17 07:00:00,48.56,48.99,48.05,48.05,178000
2020-02-18 07:00:00,48.82,48.82,47.71,47.8,313670
2020-02-19 07:00:00,47.8,48.56,47.29,48.05,159970
2020-02-20 07:00:00,48.05,49.42,48.05,48.99,281140
2020-02-21 07:00:00,48.99,50.95,48.99,49.84,369290
2020-02-24 07:00:00,46.43,48.99,46.43,47.71,211810
2020-02-25 07:00:00,47.29,48.48,47.29,48.48,98010
2020-02-26 07:00:00,47.46,48.22,47.29,47.29,258550
2020-02-27 07:00:00,47.37,48.05,46.52,48.05,240770
2020-02-28 07:00:00,46.86,47.29,46.43,46.77,225310
2020-03-02 07:00:00,46.77,47.29,46.6,46.6,150220
2020-03-03 07:00:00,47.29,47.54,46.77,47.46,134260
2020-03-04 07:00:00,47.46,47.46,46.86,47.46,98150
2020-03-05 07:00:00,47.88,47.88,46.94,47.03,180900
2020-03-06 07:00:00,46.86,47.29,46.52,46.94,140150
2020-03-09 07:00:00,43.88,44.3,43.71,43.71,223930
2020-03-10 07:00:00,41.15,44.3,40.68,41.49,379820
2020-03-11 07:00:00,41.49,43.11,38.6,38.85,333320
2020-03-12 07:00:00,36.47,38.34,36.17,36.17,333240
2020-03-13 07:00:00,33.65,35.78,33.65,34.46,771590
2020-03-16 07:00:00,34.51,34.93,32.8,32.8,256330
2020-03-17 07:00:00,32.38,34.08,31.1,33.23,259670
2020-03-18 07:00:00,33.82,34.25,33.23,33.23,359810
2020-03-19 07:00:00,33.06,33.06,31.35,31.61,410470
2020-03-20 07:00:00,31.61,32.21,29.56,29.56,1738250
2020-03-23 07:00:00,29.82,29.82,27.52,27.52,719140
2020-03-24 07:00:00,28.12,29.44,27.69,29.44,656590
2020-03-25 07:00:00,31.06,31.48,30.84,31.48,572360
2020-03-26 07:00:00,32.21,33.65,31.95,33.65,1358190
2020-03-27 07:00:00,34.08,34.76,32.38,32.38,891510
2020-03-30 07:00:00,30.42,32.21,30.12,30.67,539450
2020-03-31 07:00:00,30.67,32.12,30.42,31.52,805060
2020-04-01 07:00:00,31.52,33.7,31.44,33.7,640300
2020-04-03 07:00:00,34.51,36.04,34.51,36.04,1120910
2020-04-06 07:00:00,36.12,38.55,36.08,38.55,1131900
2020-04-07 07:00:00,38.77,40.81,38.08,40.73,851500
2020-04-08 07:00:00,39.19,42.17,38.17,40.73,993810
2020-04-09 07:00:00,40.73,42.26,40.04,40.21,803850
2020-04-10 07:00:00,40.04,40.98,38.81,39.19,750810
2020-04-13 07:00:00,40.04,40.55,39.11,39.4,688640
2020-04-14 07:00:00,39.4,39.7,38.51,39.36,558310
2020-04-15 07:00:00,40.04,41.83,39.96,41.41,699600
2020-04-16 07:00:00,41.32,41.41,40.21,41.11,448560
2020-04-17 07:00:00,41.75,41.75,40.47,41.28,758580
2020-04-20 07:00:00,40.98,41.28,40.21,40.77,893750
2020-04-21 07:00:00,40.04,40.55,38.85,38.85,608330
2020-04-22 07:00:00,37.57,40.9,37.57,40.04,398660
2020-04-23 07:00:00,40.81,41.19,40.04,40.3,607220
2020-04-24 07:00:00,40.47,40.47,39.53,40.04,307960
2020-04-27 07:00:00,40.9,40.9,39.58,39.58,287510
2020-04-28 07:00:00,39.45,39.96,38.42,39.28,433680
2020-04-29 07:00:00,39.36,39.62,38.85,39.36,312690
2020-05-04 07:00:00,39.19,39.58,37.57,37.57,449700
2020-05-05 07:00:00,37.49,38.34,37.49,38.34,361060
2020-05-06 07:00:00,38.51,39.62,37.91,39.62,587550
2020-05-07 07:00:00,39.62,40.47,39.19,40.0,874170
2020-05-08 07:00:00,40.04,42.09,40.04,40.81,1646520
2020-05-11 07:00:00,41.02,41.58,40.9,41.02,917750
2020-05-12 07:00:00,40.81,42.6,40.47,42.43,1471180
2020-05-13 07:00:00,42.34,44.73,41.36,43.03,1085990
2020-05-14 07:00:00,42.17,43.45,42.17,42.34,963990
2020-05-15 07:00:00,42.51,42.86,41.07,41.11,932240
2020-05-18 07:00:00,41.32,41.92,40.9,41.58,619780
2020-05-19 07:00:00,42.68,42.68,41.32,41.41,999630
2020-05-20 07:00:00,41.36,42.6,41.15,42.17,873620
2020-05-21 07:00:00,42.51,43.45,42.17,42.68,1347860
2020-05-22 07:00:00,42.34,42.94,41.83,41.88,891980
2020-05-25 07:00:00,41.92,42.39,41.75,42.17,618230
2020-05-26 07:00:00,42.09,44.64,41.96,44.3,2157490
2020-05-27 07:00:00,44.73,45.33,43.03,43.03,1804210
2020-05-28 07:00:00,43.03,43.54,42.43,42.94,771840
2020-05-29 07:00:00,42.77,42.94,42.34,42.56,865840
2020-06-01 07:00:00,42.68,43.62,42.68,43.2,710180
2020-06-02 07:00:00,43.45,43.54,42.51,42.51,1122590
2020-06-03 07:00:00,42.6,42.86,42.09,42.51,1059760
2020-06-04 07:00:00,42.6,43.2,42.39,42.47,690490
2020-06-05 07:00:00,42.47,42.47,41.83,42.39,669340
2020-06-08 07:00:00,42.77,43.88,42.68,43.11,1401870
2020-06-09 07:00:00,43.45,45.16,43.37,44.64,2255000
2020-06-10 07:00:00,44.81,45.16,43.79,44.99,1128810
2020-06-11 07:00:00,44.73,44.9,41.92,41.92,1531870
2020-06-12 07:00:00,41.58,41.75,39.62,41.15,1764620
2020-06-15 07:00:00,41.32,42.13,39.19,40.21,1240270
2020-06-16 07:00:00,40.9,41.92,40.55,41.92,641350
2020-06-17 07:00:00,41.92,41.92,40.9,40.9,487610
2020-06-18 07:00:00,40.73,41.19,40.3,40.9,274450
2020-06-19 07:00:00,40.9,42.17,40.9,42.17,1296450
2020-06-22 07:00:00,42.17,42.43,41.32,41.75,570410
2020-06-23 07:00:00,41.75,42.09,40.98,41.41,526810
2020-06-24 07:00:00,41.41,41.66,40.9,40.9,515830
2020-06-25 07:00:00,40.47,40.9,40.38,40.9,434930
2020-06-26 07:00:00,40.9,41.15,40.47,40.47,272160
2020-06-29 07:00:00,39.19,40.04,38.85,38.98,810560
2020-06-30 07:00:00,39.49,39.66,38.34,38.77,422070
2020-07-01 07:00:00,39.19,39.19,38.51,39.15,538190
2020-07-02 07:00:00,39.15,40.47,39.06,39.96,474710
2020-07-03 07:00:00,39.7,40.04,38.34,39.62,323340
2020-07-06 07:00:00,39.62,40.47,39.45,40.04,435550
2020-07-07 07:00:00,40.21,40.81,40.13,40.21,548920
2020-07-08 07:00:00,40.13,40.43,39.92,40.21,225550
2020-07-09 07:00:00,40.38,40.81,40.21,40.68,444710
2020-07-10 07:00:00,40.47,41.45,40.38,40.81,561640
2020-07-13 07:00:00,40.9,41.19,40.47,40.47,435230
2020-07-14 07:00:00,40.38,40.64,40.09,40.51,352890
2020-07-15 07:00:00,40.73,40.98,40.55,40.77,611470
2020-07-16 07:00:00,40.85,40.94,40.47,40.9,361820
2020-07-17 07:00:00,40.9,41.66,40.6,41.19,641980
2020-07-20 07:00:00,41.24,41.24,40.13,40.13,499110
2020-07-21 07:00:00,40.21,40.21,39.7,39.79,529300
2020-07-22 07:00:00,39.79,40.21,39.15,39.19,641900
2020-07-23 07:00:00,39.19,39.45,38.77,39.11,394690
2020-07-24 07:00:00,39.02,39.19,36.47,37.15,822340
2020-07-27 07:00:00,34.59,36.17,34.55,34.55,1074090
2020-07-28 07:00:00,34.51,36.04,34.51,35.7,731010
2020-07-29 07:00:00,34.51,35.61,33.74,34.16,595950
2020-07-30 07:00:00,34.76,34.93,34.42,34.59,413760
2020-07-31 07:00:00,33.65,35.02,33.4,34.42,875290
2020-08-03 07:00:00,34.42,36.81,34.42,36.81,766120
2020-08-04 07:00:00,37.83,39.19,37.57,38.6,741900
2020-08-05 07:00:00,38.6,39.36,37.91,39.19,848700
2020-08-06 07:00:00,39.15,39.15,38.47,38.64,446440
2020-08-07 07:00:00,38.77,38.77,38.04,38.25,478820
2020-08-10 07:00:00,38.34,38.94,38.34,38.68,364040
2020-08-11 07:00:00,38.77,38.89,38.51,38.55,216390
2020-08-12 07:00:00,38.68,38.98,38.34,38.72,333050
2020-08-13 07:00:00,38.77,40.55,38.77,40.0,920670
2020-08-14 07:00:00,40.0,40.04,38.98,39.06,584630
2020-08-17 07:00:00,39.02,39.02,38.51,38.77,230300
2020-08-18 07:00:00,38.77,38.94,37.91,38.0,762020
2020-08-19 07:00:00,38.0,38.68,38.0,38.6,348070
2020-08-20 07:00:00,38.77,39.02,38.13,38.6,378780
2020-08-21 07:00:00,38.6,39.15,38.6,39.06,438610
2020-08-24 07:00:00,39.62,40.13,39.23,39.96,948780
2020-08-25 07:00:00,40.47,41.07,40.34,40.38,1069560
2020-08-26 07:00:00,40.38,40.81,40.21,40.55,548640
2020-08-27 07:00:00,40.55,40.73,40.21,40.55,585730
2020-08-28 07:00:00,40.64,41.24,40.26,40.94,1183880
2020-08-31 07:00:00,41.11,42.86,41.11,42.51,2226020
2020-09-01 07:00:00,42.43,43.96,42.26,43.88,1763210
2020-09-03 07:00:00,43.88,44.39,43.62,44.05,1133940
2020-09-04 07:00:00,43.03,43.79,42.68,43.71,1202750
2020-09-07 07:00:00,43.88,44.22,41.79,41.79,1640520
2020-09-08 07:00:00,42.17,42.6,41.62,42.51,996740
2020-09-09 07:00:00,41.75,42.43,41.58,42.0,684210
2020-09-10 07:00:00,42.17,42.6,41.07,41.15,1823420
2020-09-11 07:00:00,40.3,40.9,40.3,40.6,1033830
2020-09-14 07:00:00,40.64,42.17,40.64,41.41,546410
2020-09-15 07:00:00,41.41,41.58,40.9,40.94,517470
2020-09-16 07:00:00,40.9,41.07,40.85,41.02,362290
2020-09-17 07:00:00,40.9,41.24,40.9,41.24,521720
2020-09-18 07:00:00,41.45,41.92,41.41,41.49,950600
2020-09-21 07:00:00,41.71,42.51,41.58,42.13,980320
2020-09-22 07:00:00,41.79,42.86,41.75,42.51,880580
2020-09-23 07:00:00,42.51,42.94,42.34,42.47,651310
2020-09-24 07:00:00,42.17,42.26,41.75,42.0,613090
2020-09-25 07:00:00,42.0,42.26,41.75,42.17,538610
2020-09-28 07:00:00,42.43,42.86,42.0,42.34,538880
2020-09-29 07:00:00,42.39,42.47,40.9,40.9,1113070
2020-09-30 07:00:00,40.9,41.58,40.73,41.49,471690
2020-10-01 07:00:00,41.49,41.79,41.49,41.62,254320
2020-10-02 07:00:00,41.83,41.83,40.21,41.32,657470
2020-10-05 07:00:00,41.24,41.36,40.9,40.9,926830
2020-10-06 07:00:00,41.32,41.71,41.07,41.45,731120
2020-10-07 07:00:00,41.45,42.77,41.07,42.47,1472800
2020-10-08 07:00:00,42.86,43.28,42.26,42.47,686840
2020-10-09 07:00:00,42.3,42.77,42.0,42.43,440560
2020-10-12 07:00:00,42.68,45.16,42.68,45.07,3903200
2020-10-13 07:00:00,45.58,46.6,45.16,45.75,2057180
2020-10-14 07:00:00,46.01,46.6,46.01,46.35,1146350
2020-10-15 07:00:00,46.01,46.69,45.33,46.01,1663940
2020-10-16 07:00:00,45.92,45.92,44.81,45.92,1483160
2020-10-19 07:00:00,46.94,47.71,46.94,47.29,1599020
2020-10-20 07:00:00,47.29,47.8,45.73,46.68,980240
2020-10-21 07:00:00,46.68,46.68,44.95,44.95,1321570
2020-10-22 07:00:00,44.43,47.03,44.09,46.94,1581840
2020-10-23 07:00:00,47.29,48.32,46.94,47.98,1487560
2020-10-26 07:00:00,48.24,48.84,46.59,46.59,1570570
2020-10-27 07:00:00,46.25,46.85,45.47,45.82,960170
2020-10-28 07:00:00,45.38,45.82,42.79,42.79,1554490
2020-10-29 07:00:00,42.36,43.91,42.1,43.4,1239150
2020-10-30 07:00:00,43.91,43.91,42.75,43.65,737940
2020-11-02 07:00:00,43.65,44.26,42.44,44.09,404520
2020-11-03 07:00:00,44.52,45.12,44.26,44.95,759870
2020-11-04 07:00:00,44.95,45.82,44.43,45.47,691310
2020-11-05 07:00:00,45.47,46.08,45.12,45.12,477620
2020-11-06 07:00:00,45.12,45.3,44.52,44.95,423060
2020-11-09 07:00:00,45.3,45.99,44.95,45.73,947000
2020-11-10 07:00:00,46.59,46.59,45.9,46.25,992420
2020-11-11 07:00:00,46.25,46.77,45.64,46.08,725960
2020-11-12 07:00:00,46.25,46.68,45.9,46.68,621470
2020-11-13 07:00:00,46.68,48.06,46.68,47.72,1229580
2020-11-16 07:00:00,47.98,47.98,46.59,46.68,1160320
2020-11-17 07:00:00,46.94,47.46,46.42,47.29,590000
2020-11-18 07:00:00,47.29,48.15,47.03,47.8,1049940
2020-11-19 07:00:00,47.63,49.71,47.54,49.19,1615620
2020-11-20 07:00:00,49.45,49.53,48.93,49.1,460010
2020-11-23 07:00:00,49.01,49.19,48.41,49.1,859800
2020-11-24 07:00:00,49.27,50.14,46.68,48.24,1569950
2020-11-25 07:00:00,48.32,48.84,47.54,47.72,844330
2020-11-26 07:00:00,47.63,47.8,47.03,47.2,892770
2020-11-27 07:00:00,47.46,48.24,47.37,48.24,747250
2020-11-30 07:00:00,48.32,48.84,47.54,47.54,974780
2020-12-01 07:00:00,46.42,47.98,46.42,47.72,992550
2020-12-02 07:00:00,47.72,48.24,47.46,48.24,686600
2020-12-03 07:00:00,48.41,49.1,48.41,48.76,639210
2020-12-04 07:00:00,48.93,49.1,47.8,47.89,545990
2020-12-07 07:00:00,47.98,48.67,47.8,48.41,565990
2020-12-08 07:00:00,48.84,50.31,48.76,49.79,1601980
2020-12-09 07:00:00,49.79,50.57,49.53,50.05,1283610
2020-12-10 07:00:00,50.05,50.14,48.84,49.01,1116050
2020-12-11 07:00:00,49.01,49.71,48.41,49.71,1161870
2020-12-14 07:00:00,50.14,51.35,49.53,50.66,1530650
2020-12-15 07:00:00,50.66,51.35,50.14,50.31,1522230
2020-12-16 07:00:00,50.48,50.66,49.97,50.66,937270
2020-12-17 07:00:00,50.48,50.66,49.27,49.27,1212490
2020-12-18 07:00:00,49.27,49.88,48.93,49.36,1271560
2020-12-21 07:00:00,49.79,49.97,49.19,49.36,1266240
2020-12-22 07:00:00,49.36,49.62,49.1,49.19,871000
2020-12-23 07:00:00,49.53,51.87,49.19,50.66,1934620
2020-12-24 07:00:00,51.0,51.52,49.27,50.48,1191350
2020-12-25 07:00:00,50.92,53.94,50.4,53.51,2812050
2020-12-28 07:00:00,53.6,56.36,53.51,55.33,2393040
2020-12-29 07:00:00,54.63,57.92,54.63,57.92,1342220
2020-12-30 07:00:00,57.75,58.61,55.76,56.19,1719280
2020-12-31 07:00:00,56.19,57.75,55.33,57.05,1317310
2021-01-04 07:00:00,57.92,58.35,56.71,57.31,1192300
2021-01-05 07:00:00,56.62,57.31,56.54,57.05,1018200
2021-01-06 07:00:00,57.49,58.61,57.05,57.49,1472400
2021-01-07 07:00:00,57.49,58.26,57.49,57.92,898000
2021-01-08 07:00:00,58.61,59.65,58.44,59.04,1639800
2021-01-11 07:00:00,59.91,59.91,57.83,58.87,1106000
2021-01-12 07:00:00,58.61,59.13,58.0,58.96,641100
2021-01-13 07:00:00,59.65,61.55,59.22,60.86,1738600
2021-01-14 07:00:00,60.86,61.2,58.96,60.51,710400
2021-01-15 07:00:00,60.68,60.68,59.56,59.99,1399200
2021-01-18 07:00:00,59.99,60.25,58.96,59.3,1008300
2021-01-19 07:00:00,59.3,59.65,55.15,56.19,1798900
2021-01-20 07:00:00,55.33,56.36,52.39,55.58,1133400
2021-01-21 07:00:00,55.58,57.05,55.41,56.79,638500
2021-01-22 07:00:00,57.05,57.23,55.33,55.93,685900
2021-01-25 07:00:00,55.84,55.93,55.33,55.33,695400
2021-01-26 07:00:00,55.15,55.33,51.87,52.3,1166900
2021-01-27 07:00:00,51.18,52.56,49.45,50.14,931000
2021-01-28 07:00:00,47.11,49.27,46.68,46.68,1256500
2021-01-29 07:00:00,44.09,49.45,44.09,48.84,1069500
2021-02-01 07:00:00,49.19,49.71,46.16,46.25,1216900
2021-02-02 07:00:00,46.94,47.98,45.21,47.29,573400
2021-02-03 07:00:00,48.41,50.57,48.41,50.57,810900
2021-02-04 07:00:00,51.78,51.78,50.22,50.22,922900
2021-02-05 07:00:00,51.0,52.04,50.57,51.87,588100
2021-02-08 07:00:00,52.73,52.73,48.5,49.62,914200
2021-02-09 07:00:00,49.62,51.78,49.27,51.78,743300
2021-02-17 07:00:00,52.3,53.51,51.87,53.51,872100
2021-02-18 07:00:00,53.68,53.68,52.3,53.51,803300
2021-02-19 07:00:00,52.73,53.51,52.65,53.16,424400
2021-02-22 07:00:00,53.16,53.34,52.3,52.82,585300
2021-02-23 07:00:00,52.3,52.65,51.61,52.3,954000
2021-02-24 07:00:00,52.65,52.9,51.26,51.61,603300
2021-02-25 07:00:00,51.87,52.3,51.0,51.52,676100
2021-02-26 07:00:00,50.92,51.52,50.83,51.09,556000
2021-03-01 07:00:00,51.61,53.6,51.35,53.42,941100
2021-03-02 07:00:00,54.46,54.46,53.16,53.42,996300
2021-03-03 07:00:00,53.51,53.6,52.9,52.99,489900
2021-03-04 07:00:00,53.51,53.51,51.44,51.87,491000
2021-03-05 07:00:00,51.69,51.69,50.57,51.0,744100
2021-03-08 07:00:00,51.0,51.95,51.0,51.09,784000
2021-03-09 07:00:00,51.0,51.09,50.05,50.92,570700
2021-03-10 07:00:00,51.0,51.87,50.57,51.52,464200
2021-03-11 07:00:00,52.3,52.47,51.95,52.3,561200
2021-03-12 07:00:00,52.56,53.08,51.87,52.3,675600
2021-03-15 07:00:00,52.3,52.39,51.87,51.95,393400
2021-03-16 07:00:00,51.95,52.21,51.18,51.52,379700
2021-03-17 07:00:00,51.69,51.69,51.18,51.52,391200
2021-03-18 07:00:00,52.3,52.56,51.78,52.47,958800
2021-03-19 07:00:00,52.47,55.07,52.47,52.73,3085100
2021-03-22 07:00:00,54.46,54.55,53.68,53.77,1133700
2021-03-23 07:00:00,53.77,53.94,52.82,53.34,868900
2021-03-24 07:00:00,52.13,52.9,50.83,51.44,1152100
2021-03-25 07:00:00,51.61,51.78,51.0,51.35,615600
2021-03-26 07:00:00,51.18,51.44,49.27,50.48,788600
2021-03-29 07:00:00,51.0,51.26,50.57,51.18,522800
2021-03-30 07:00:00,51.87,52.3,51.35,51.87,882200
2021-03-31 07:00:00,51.69,51.95,51.09,51.52,571200
2021-04-01 07:00:00,51.78,52.73,51.44,52.65,1192800
2021-04-02 07:00:00,53.16,54.11,52.9,53.42,1382400
2021-04-05 07:00:00,54.46,54.46,52.47,52.47,1021500
2021-04-06 07:00:00,52.3,53.6,52.13,53.25,938700
2021-04-07 07:00:00,53.25,55.15,53.25,54.81,2403200
2021-04-08 07:00:00,54.98,55.07,53.6,53.94,713300
2021-04-09 07:00:00,53.6,54.46,53.42,53.94,551500
2021-04-12 07:00:00,54.29,54.29,53.16,53.94,1036800
2021-04-13 07:00:00,54.03,54.03,52.13,52.56,1533800
2021-04-14 07:00:00,51.95,52.47,51.61,52.47,1345100
2021-04-15 07:00:00,52.9,53.08,51.44,51.44,1388500
2021-04-16 07:00:00,51.0,51.87,49.71,50.05,1365000
2021-04-19 07:00:00,50.66,51.61,49.88,51.44,711700
2021-04-20 07:00:00,51.61,52.73,51.26,51.87,1224900
2021-04-22 07:00:00,51.87,52.3,50.14,50.14,1053600
2021-04-23 07:00:00,50.14,51.0,49.62,51.0,779100
2021-04-26 07:00:00,51.09,51.09,49.27,49.62,895000
2021-04-27 07:00:00,49.62,49.71,48.84,49.19,590900
2021-04-28 07:00:00,49.36,49.62,48.93,49.62,553200
2021-04-29 07:00:00,49.62,50.05,49.19,49.53,393800
2021-05-04 07:00:00,48.41,48.67,47.63,48.06,1157300
2021-05-05 07:00:00,48.41,49.27,48.15,48.67,824900
2021-05-06 07:00:00,48.67,49.71,48.06,48.41,719300
2021-05-07 07:00:00,48.15,48.41,46.77,46.85,1177400
2021-05-10 07:00:00,46.68,48.67,45.64,48.5,1265100
2021-05-11 07:00:00,48.93,49.36,48.06,48.41,1034700
2021-05-12 07:00:00,48.32,49.19,47.98,49.1,915400
2021-05-13 07:00:00,48.41,48.84,47.89,48.06,828000
2021-05-14 07:00:00,48.32,48.76,47.89,48.24,947900
2021-05-17 07:00:00,48.24,48.41,47.03,47.2,661300
2021-05-18 07:00:00,47.2,47.37,46.51,46.68,663200
2021-05-19 07:00:00,46.68,46.68,45.99,45.99,596100
2021-05-20 07:00:00,45.99,46.16,44.95,45.64,1023200
2021-05-21 07:00:00,45.56,47.46,45.04,46.08,826800
2021-05-24 07:00:00,47.29,47.37,46.68,46.94,461100
2021-05-25 07:00:00,46.94,48.24,46.85,47.72,939400
2021-05-26 07:00:00,47.8,48.58,47.72,47.98,925900
2021-05-27 07:00:00,47.89,49.1,44.69,48.5,1109600
2021-05-28 07:00:00,48.5,48.5,47.72,47.98,499300
2021-05-31 07:00:00,47.54,47.89,46.68,46.77,653800
2021-06-01 07:00:00,46.77,47.11,46.16,46.33,680900
2021-06-02 07:00:00,46.33,46.42,45.9,46.33,658100
2021-06-03 07:00:00,46.68,47.98,46.51,47.46,823800
2021-06-04 07:00:00,47.54,49.71,47.54,49.36,2013000
2021-06-07 07:00:00,49.71,51.44,49.45,50.57,2320700
2021-06-08 07:00:00,50.57,51.44,48.67,49.27,1326600
2021-06-09 07:00:00,48.93,49.01,47.54,48.76,1088500
2021-06-10 07:00:00,48.76,48.76,47.72,47.98,1007100
2021-06-11 07:00:00,48.41,49.79,48.32,49.53,1430200
2021-06-14 07:00:00,50.57,52.47,50.14,51.87,3394700
2021-06-15 07:00:00,51.87,53.16,51.61,52.9,2252500
2021-06-16 07:00:00,52.73,53.16,51.87,52.13,1462800
2021-06-17 07:00:00,51.26,53.6,51.09,53.6,1926300
2021-06-18 07:00:00,53.6,53.86,52.73,52.73,1363900
2021-06-21 07:00:00,52.73,52.73,51.18,51.61,1610800
2021-06-22 07:00:00,52.3,52.73,51.69,51.78,1477500
2021-06-23 07:00:00,52.3,52.3,50.14,50.83,1583600
2021-06-24 07:00:00,50.57,51.69,50.05,50.14,1278900
2021-06-25 07:00:00,50.14,50.57,49.36,50.4,1040900
2021-06-28 07:00:00,51.0,52.13,50.48,51.87,1030400
2021-06-29 07:00:00,51.87,52.04,50.92,51.09,930900
2021-06-30 07:00:00,51.09,51.35,50.48,50.48,804400
2021-07-01 07:00:00,50.92,51.26,50.14,51.0,1073300
2021-07-02 07:00:00,51.44,51.78,50.66,51.09,959500
2021-07-05 07:00:00,51.09,51.09,49.88,50.4,1030100
2021-07-06 07:00:00,50.22,50.83,48.32,48.32,2597100
2021-07-07 07:00:00,48.32,48.32,46.42,47.11,2063400
2021-07-08 07:00:00,47.2,48.67,47.03,47.46,1036200
2021-07-09 07:00:00,47.37,47.89,45.9,45.9,1000800
2021-07-12 07:00:00,45.21,45.82,42.7,43.48,1807900
2021-07-13 07:00:00,43.91,44.43,42.79,43.83,914200
2021-07-14 07:00:00,43.91,44.26,42.36,43.22,793300
2021-07-15 07:00:00,42.79,43.65,42.79,43.65,886900
2021-07-16 07:00:00,44.09,44.87,43.83,44.09,1521200
2021-07-19 07:00:00,43.14,43.48,41.49,41.49,1039700
2021-07-20 07:00:00,41.49,43.14,40.63,43.14,803900
2021-07-21 07:00:00,43.14,43.22,42.57,42.79,372300
2021-07-22 07:00:00,42.88,44.09,42.7,43.91,621400
2021-07-23 07:00:00,43.74,44.52,43.57,43.57,1060900
2021-07-26 07:00:00,42.88,44.0,42.79,43.74,488800
2021-07-27 07:00:00,44.35,44.43,43.48,43.65,656700
2021-07-28 07:00:00,43.22,44.09,43.22,43.4,320800
2021-07-29 07:00:00,43.65,43.83,43.4,43.57,427200
2021-07-30 07:00:00,43.57,44.52,43.57,44.17,960300
2021-08-02 07:00:00,44.69,45.73,44.26,45.21,981300
2021-08-03 07:00:00,45.47,46.25,45.38,45.56,711900
2021-08-04 07:00:00,45.82,46.68,45.56,46.51,1162100
2021-08-05 07:00:00,46.16,46.42,45.9,46.33,659800
2021-08-06 07:00:00,46.25,46.68,45.56,46.51,1125800
2021-08-09 07:00:00,45.99,46.85,45.9,46.59,736800
2021-08-10 07:00:00,46.68,47.03,45.99,46.16,694400
2021-08-11 07:00:00,46.33,47.37,46.16,46.85,1348500
2021-08-12 07:00:00,46.85,47.98,46.85,47.8,1430300
2021-08-13 07:00:00,47.72,47.72,46.59,47.03,828900
2021-08-16 07:00:00,47.11,47.46,46.59,46.85,1051700
2021-08-17 07:00:00,46.85,46.94,46.33,46.33,884100
2021-08-18 07:00:00,46.68,47.8,46.59,47.29,1304200
2021-08-19 07:00:00,47.46,47.72,47.11,47.54,779400
2021-08-20 07:00:00,47.54,47.8,44.87,46.16,1584200
2021-08-23 07:00:00,45.99,45.99,44.95,44.95,1178300
2021-08-24 07:00:00,44.95,45.47,44.61,45.47,765100
2021-08-25 07:00:00,45.47,45.82,45.04,45.56,336100
2021-08-26 07:00:00,45.73,46.51,45.38,45.47,591400
2021-08-27 07:00:00,45.04,46.33,44.95,46.16,656900
2021-08-30 07:00:00,46.33,47.54,46.33,47.54,1461400
2021-08-31 07:00:00,48.41,49.71,48.32,49.27,2580900
2021-09-01 07:00:00,49.53,49.53,48.84,49.1,1249800
2021-09-06 07:00:00,49.19,49.45,48.67,48.76,845100
2021-09-07 07:00:00,48.5,48.84,47.63,47.8,1459500
2021-09-08 07:00:00,47.8,47.89,46.68,46.85,1200700
2021-09-09 07:00:00,47.11,47.89,46.68,47.46,586800
2021-09-10 07:00:00,47.46,48.58,47.11,48.41,921400
2021-09-13 07:00:00,48.41,48.41,47.2,47.2,950400
2021-09-14 07:00:00,47.2,47.54,46.51,46.68,755300
2021-09-15 07:00:00,46.68,46.77,45.82,46.77,829000
2021-09-16 07:00:00,46.85,47.46,46.68,47.11,499100
2021-09-17 07:00:00,46.77,48.15,46.33,46.33,2249200
2021-09-20 07:00:00,47.11,47.29,46.33,46.59,898700
2021-09-21 07:00:00,45.99,48.24,45.99,48.15,1973900
2021-09-22 07:00:00,48.41,51.09,48.41,51.0,4575300
2021-09-23 07:00:00,51.44,51.44,49.88,49.97,1954900
2021-09-24 07:00:00,50.14,51.35,49.79,50.83,1588700
2021-09-27 07:00:00,50.22,50.83,48.84,48.84,2063500
2021-09-28 07:00:00,48.84,50.92,48.15,50.74,1677700
2021-09-29 07:00:00,50.48,51.0,49.79,50.14,1067500
2021-09-30 07:00:00,50.74,51.44,50.48,50.48,1585700
2021-10-01 07:00:00,50.14,50.57,49.62,50.05,1245400
2021-10-04 07:00:00,50.14,52.39,50.14,51.44,3168000
2021-10-05 07:00:00,51.61,52.21,51.35,51.78,1146900
2021-10-06 07:00:00,51.95,53.16,51.87,52.73,1659500
2021-10-07 07:00:00,52.39,54.03,52.39,53.51,2304900
2021-10-08 07:00:00,53.6,54.29,52.56,52.9,1688100
2021-10-11 07:00:00,53.16,53.6,52.3,53.6,1537400
2021-10-12 07:00:00,53.77,53.94,52.56,53.51,1317300
2021-10-13 07:00:00,53.25,53.51,51.87,51.87,1563600
2021-10-14 07:00:00,51.95,52.47,51.78,51.78,1616100
2021-10-15 07:00:00,51.95,52.3,51.44,51.69,1329600
2021-10-18 07:00:00,51.61,52.56,51.0,51.52,1436700
2021-10-19 07:00:00,51.87,53.34,51.18,53.08,2026200
2021-10-20 07:00:00,53.08,53.42,51.61,52.3,1080800
2021-10-21 07:00:00,52.3,52.65,51.61,51.87,746000
2021-10-22 07:00:00,51.87,52.56,51.61,52.13,921200
2021-10-25 07:00:00,53.77,55.76,53.6,55.76,4464000
2021-10-26 07:00:00,56.54,57.49,55.33,55.58,2025500
2021-10-27 07:00:00,55.58,56.71,55.24,56.1,1389800
2021-10-28 07:00:00,56.1,57.14,55.33,56.71,2031200
2021-10-29 07:00:00,56.97,57.05,55.84,55.93,1712800
2021-11-01 07:00:00,55.93,56.88,55.33,55.41,1777400
2021-11-02 07:00:00,55.41,56.02,55.15,56.02,1515700
2021-11-03 07:00:00,56.02,56.54,54.89,54.89,1823100
2021-11-04 07:00:00,55.33,55.93,54.89,54.89,992700
2021-11-05 07:00:00,55.07,55.76,54.89,55.33,993300
2021-11-08 07:00:00,56.11,56.38,55.33,55.68,868700
2021-11-09 07:00:00,55.76,58.04,55.76,56.82,2081700
2021-11-10 07:00:00,56.73,57.08,55.94,56.55,1093400
2021-11-11 07:00:00,56.38,56.55,54.89,55.41,1274000
2021-11-12 07:00:00,55.24,55.59,54.54,55.06,1434700
2021-11-15 07:00:00,56.46,56.46,54.8,54.97,1172200
2021-11-16 07:00:00,55.24,58.04,55.06,56.64,2630200
2021-11-17 07:00:00,57.25,57.43,56.29,56.29,963200
2021-11-18 07:00:00,56.38,56.73,55.68,56.29,1075800
2021-11-19 07:00:00,56.03,56.29,52.43,53.57,3553500
2021-11-22 07:00:00,53.13,53.92,51.73,52.78,1678800
2021-11-23 07:00:00,52.43,54.71,52.43,54.71,1080800
2021-11-24 07:00:00,54.8,55.06,54.19,55.06,1037500
2021-11-25 07:00:00,55.15,56.46,55.15,55.33,1301100
2021-11-26 07:00:00,55.68,55.68,53.92,54.54,1086700
2021-11-29 07:00:00,53.75,55.06,53.48,54.36,938200
2021-11-30 07:00:00,54.71,55.06,53.05,53.48,1345100
2021-12-01 07:00:00,53.66,53.92,52.78,53.57,1262900
2021-12-02 07:00:00,53.57,53.92,53.13,53.13,611300
2021-12-03 07:00:00,53.57,53.57,50.68,50.68,1675000
2021-12-06 07:00:00,50.68,51.2,48.49,50.42,1623800
2021-12-07 07:00:00,50.68,51.29,50.42,51.2,665900
2021-12-08 07:00:00,51.2,51.38,50.5,50.59,581500
2021-12-09 07:00:00,50.59,50.94,50.24,50.68,741800
2021-12-10 07:00:00,50.85,51.99,50.77,51.55,639500
2021-12-13 07:00:00,51.91,52.34,51.38,51.91,655500
2021-12-14 07:00:00,51.73,51.73,50.85,51.29,562100
2021-12-15 07:00:00,51.29,51.38,50.42,51.03,630000
2021-12-16 07:00:00,51.73,51.73,50.77,50.85,413600
2021-12-17 07:00:00,50.85,51.29,50.42,50.5,739300
2021-12-20 07:00:00,50.68,50.94,49.1,49.63,1114200
2021-12-21 07:00:00,49.36,50.5,49.01,49.98,1416400
2021-12-22 07:00:00,49.98,50.5,49.19,49.54,884600
2021-12-23 07:00:00,49.54,49.71,48.14,48.14,1201300
2021-12-24 07:00:00,48.4,49.28,47.96,49.1,898700
2021-12-27 07:00:00,49.54,49.63,48.66,49.19,557000
2021-12-28 07:00:00,49.1,49.19,48.66,48.84,663000
2021-12-29 07:00:00,48.92,49.01,48.22,48.4,830900
2021-12-30 07:00:00,48.57,48.75,48.22,48.31,675800
2021-12-31 07:00:00,48.4,49.28,48.4,49.1,815800
2022-01-04 07:00:00,49.1,50.33,49.1,49.89,623000
2022-01-05 07:00:00,49.98,50.42,49.45,49.63,825200
2022-01-06 07:00:00,49.63,49.71,49.01,49.28,700800
2022-01-07 07:00:00,49.54,49.89,48.31,48.75,1011700
2022-01-10 07:00:00,48.75,48.92,47.96,47.96,889000
2022-01-11 07:00:00,47.96,48.22,46.29,47.17,783600
2022-01-12 07:00:00,47.35,47.96,46.03,47.35,833500
2022-01-13 07:00:00,47.87,49.01,47.35,47.35,987400
2022-01-14 07:00:00,46.91,48.22,46.91,47.52,542700
2022-01-17 07:00:00,48.14,48.14,46.12,46.21,646600
2022-01-18 07:00:00,46.21,46.64,44.89,45.24,849500
2022-01-19 07:00:00,45.24,45.94,45.07,45.51,459700
2022-01-20 07:00:00,45.94,46.21,45.33,45.86,432700
2022-01-21 07:00:00,45.77,46.38,45.68,46.03,484000
2022-01-24 07:00:00,45.77,46.03,44.72,44.8,664500
2022-01-25 07:00:00,44.54,45.42,44.19,45.24,457200
2022-01-26 07:00:00,45.77,46.73,44.72,46.47,790000
2022-01-27 07:00:00,46.38,47.87,45.86,47.17,722200
2022-01-28 07:00:00,47.26,47.96,47.17,47.7,528100
2022-02-07 07:00:00,48.66,49.1,48.05,48.66,882500
2022-02-08 07:00:00,48.66,49.01,47.96,48.57,755700
2022-02-09 07:00:00,48.57,49.54,48.4,49.01,893700
2022-02-10 07:00:00,49.01,49.1,48.22,48.57,582900
2022-02-11 07:00:00,48.49,48.66,48.05,48.31,410200
2022-02-14 07:00:00,47.52,48.49,47.17,47.52,682400
2022-02-15 07:00:00,47.61,48.14,47.35,48.05,450500
2022-02-16 07:00:00,48.57,50.33,48.05,50.33,1909900
2022-02-17 07:00:00,50.59,50.68,49.8,49.89,712300
2022-02-18 07:00:00,49.8,50.85,49.45,50.24,860800
2022-02-21 07:00:00,50.24,50.42,49.8,50.15,625700
2022-02-22 07:00:00,49.89,50.06,49.01,49.36,1150700
2022-02-23 07:00:00,49.36,50.77,49.36,50.5,970800
2022-02-24 07:00:00,50.5,52.08,50.24,51.73,2656100
2022-02-25 07:00:00,51.73,52.69,51.47,51.73,1061100
2022-02-28 07:00:00,51.55,52.17,51.12,51.82,712800
2022-03-01 07:00:00,51.99,53.48,51.91,52.43,1582400
2022-03-02 07:00:00,52.34,52.96,51.73,51.73,1103800
2022-03-03 07:00:00,51.82,52.34,51.12,51.73,928600
2022-03-04 07:00:00,51.29,52.78,51.2,52.34,1259200
2022-03-07 07:00:00,52.78,52.78,51.55,51.64,868700
2022-03-08 07:00:00,51.03,52.17,51.03,51.2,647600
2022-03-09 07:00:00,51.12,51.47,49.45,49.45,1797100
2022-03-10 07:00:00,50.42,50.42,49.54,50.33,704500
2022-03-11 07:00:00,50.06,51.12,49.8,49.98,646000
2022-03-14 07:00:00,49.19,49.98,48.22,48.31,895400
2022-03-15 07:00:00,48.14,48.4,47.87,48.31,762100
2022-03-16 07:00:00,48.66,49.36,48.49,49.28,420700
2022-03-17 07:00:00,49.54,49.89,48.92,49.28,346800
2022-03-18 07:00:00,49.19,49.45,48.92,49.19,820100
2022-03-21 07:00:00,49.89,51.38,49.28,51.29,1400800
2022-03-22 07:00:00,51.55,51.99,50.85,51.29,899900
2022-03-23 07:00:00,51.29,52.43,50.94,51.73,1281500
2022-03-24 07:00:00,51.64,52.34,51.29,51.55,681200
2022-03-25 07:00:00,51.73,51.91,50.85,51.29,608300
2022-03-28 07:00:00,51.29,51.29,50.68,51.29,912400
2022-03-29 07:00:00,51.38,53.92,51.29,53.83,2592800
2022-03-30 07:00:00,53.48,55.06,53.31,54.1,1899300
2022-03-31 07:00:00,54.1,54.71,53.92,53.92,1150200
2022-04-01 07:00:00,53.48,56.46,53.48,55.59,3758200
2022-04-04 07:00:00,56.03,57.17,55.68,55.76,2376500
2022-04-05 07:00:00,55.41,56.03,55.15,55.94,1520600
2022-04-06 07:00:00,55.24,57.34,55.24,57.17,2574400
2022-04-07 07:00:00,57.43,58.22,56.46,56.46,2039800
2022-04-08 07:00:00,56.38,57.43,55.68,55.68,1314000
2022-04-12 07:00:00,55.68,56.03,52.61,52.61,1935300
2022-04-13 07:00:00,53.48,55.76,52.17,55.5,1698200
2022-04-14 07:00:00,55.94,56.64,54.8,54.8,1343300
2022-04-15 07:00:00,54.71,58.57,54.62,58.57,3373000
2022-04-18 07:00:00,59.18,60.06,58.31,58.57,3846200
2022-04-19 07:00:00,58.83,61.37,57.6,57.6,2632100
2022-04-20 07:00:00,56.99,58.66,56.11,56.11,2744400
2022-04-21 07:00:00,55.24,59.97,53.48,58.31,3570900
2022-04-22 07:00:00,58.74,59.8,54.27,55.24,3200800
2022-04-25 07:00:00,55.24,55.68,51.38,51.38,2724200
2022-04-26 07:00:00,48.57,54.36,47.87,54.27,2891900
2022-04-27 07:00:00,53.48,53.92,51.82,53.92,1138200
2022-04-28 07:00:00,53.92,54.54,52.61,52.61,977400
2022-04-29 07:00:00,51.99,54.8,51.99,54.45,1652200
2022-05-04 07:00:00,54.27,56.9,53.66,55.24,1951400
2022-05-05 07:00:00,56.11,56.9,54.8,56.11,1707000
2022-05-06 07:00:00,55.15,58.04,54.8,55.94,3122600
2022-05-09 07:00:00,55.76,55.76,52.08,52.08,2433000
2022-05-10 07:00:00,49.98,52.61,49.19,52.61,1831600
2022-05-11 07:00:00,52.08,52.43,50.59,51.29,1574900
2022-05-12 07:00:00,50.33,51.2,47.78,47.78,3026900
2022-05-13 07:00:00,47.61,47.96,44.45,44.45,3115600
2022-05-16 07:00:00,45.59,47.35,42.0,42.0,1700500
2022-05-17 07:00:00,41.21,44.89,41.21,44.89,1824800
2022-05-18 07:00:00,45.51,46.03,44.28,44.45,1289600
2022-05-19 07:00:00,43.14,44.63,43.09,43.93,1582900
2022-05-20 07:00:00,43.84,45.15,43.71,44.01,1463400
2022-05-23 07:00:00,44.72,45.51,43.36,44.54,1398000
2022-05-24 07:00:00,44.63,44.98,42.92,44.63,1102000
2022-05-25 07:00:00,44.54,46.82,44.54,46.29,1860300
2022-05-26 07:00:00,46.38,47.26,45.68,46.91,1449900
2022-05-27 07:00:00,47.08,47.52,46.73,47.0,1158300
2022-05-30 07:00:00,47.0,47.78,46.64,46.91,1193800
2022-05-31 07:00:00,46.91,46.91,45.51,46.12,1959400
2022-06-01 07:00:00,46.12,46.82,45.59,46.38,1111900
2022-06-02 07:00:00,46.38,48.57,46.21,47.43,2407700
2022-06-03 07:00:00,47.43,47.78,47.0,47.52,1013700
2022-06-06 07:00:00,47.35,48.75,47.26,47.43,1799800
2022-06-07 07:00:00,47.35,49.8,45.68,49.19,3214100
2022-06-08 07:00:00,49.28,49.8,48.49,48.57,1562000
2022-06-09 07:00:00,48.05,48.84,47.96,48.22,723400
2022-06-10 07:00:00,47.78,49.28,47.17,47.17,2205200
2022-06-13 07:00:00,45.86,46.82,43.93,43.93,2739800
2022-06-14 07:00:00,43.84,45.07,43.4,45.07,1253100
2022-06-15 07:00:00,44.37,45.42,43.4,45.07,1126300
2022-06-16 07:00:00,45.59,46.91,45.51,45.94,2262900
2022-06-17 07:00:00,45.15,45.94,44.45,45.15,1231100
2022-06-20 07:00:00,44.89,45.94,44.1,44.19,1055700
2022-06-21 07:00:00,44.45,45.77,44.19,45.15,1282400
2022-06-22 07:00:00,45.59,46.03,44.54,44.8,845200
2022-06-23 07:00:00,44.72,46.38,44.72,46.21,1029700
2022-06-24 07:00:00,46.38,48.66,46.21,48.05,2319800
2022-06-27 07:00:00,48.4,48.57,47.78,48.31,881200
2022-06-28 07:00:00,48.22,49.54,47.96,49.36,1981100
2022-06-29 07:00:00,48.75,49.19,47.96,48.22,1006400
2022-06-30 07:00:00,48.22,48.57,46.03,46.03,1386600
2022-07-01 07:00:00,45.77,47.78,45.77,46.56,960000
2022-07-04 07:00:00,46.91,47.52,46.91,47.08,591100
2022-07-05 07:00:00,47.35,48.05,46.21,46.29,1103800
2022-07-06 07:00:00,46.12,47.96,46.03,46.47,1496500
2022-07-07 07:00:00,46.82,48.75,46.64,48.22,1661700
2022-07-08 07:00:00,48.4,48.92,47.87,47.87,954700
2022-07-11 07:00:00,47.7,48.66,47.52,47.87,995400
2022-07-12 07:00:00,48.4,49.54,47.61,49.01,1108000
2022-07-13 07:00:00,49.19,51.29,49.1,50.85,2132000
2022-07-14 07:00:00,50.68,50.85,50.15,50.77,740200
2022-07-15 07:00:00,50.77,50.77,49.54,49.54,1162000
2022-07-18 07:00:00,49.71,50.77,48.57,50.24,1542600
2022-07-19 07:00:00,50.33,50.33,49.28,50.06,574000
2022-07-20 07:00:00,50.24,51.38,50.06,50.42,1477400
2022-07-21 07:00:00,50.15,50.33,49.71,49.71,701800
2022-07-22 07:00:00,49.98,50.42,49.19,49.36,1005800
2022-07-25 07:00:00,49.54,49.54,47.96,48.57,1292000
2022-07-26 07:00:00,48.66,49.01,47.7,47.7,955600
2022-07-27 07:00:00,47.52,50.15,46.91,50.15,1513000
2022-07-28 07:00:00,50.42,50.5,49.63,49.63,784800
2022-07-29 07:00:00,49.98,51.29,49.8,50.68,1564700
2022-08-01 07:00:00,50.59,52.34,50.06,51.91,2168600
2022-08-02 07:00:00,51.73,51.99,51.12,51.64,1050700
2022-08-03 07:00:00,50.85,51.64,50.85,51.2,1039100
2022-08-04 07:00:00,51.64,52.78,51.2,51.2,1850800
2022-08-05 07:00:00,51.2,51.55,50.85,51.55,625800
2022-08-08 07:00:00,51.73,52.87,51.12,51.47,1456500
2022-08-09 07:00:00,51.2,51.91,50.85,51.12,1249600
2022-08-10 07:00:00,51.12,51.38,50.15,50.42,1532300
2022-08-11 07:00:00,50.59,50.85,49.71,49.71,1022100
2022-08-12 07:00:00,49.71,51.03,49.63,51.03,750100
2022-08-15 07:00:00,51.29,51.29,50.5,50.77,766900
2022-08-16 07:00:00,50.77,51.03,50.42,50.42,612400
2022-08-17 07:00:00,50.5,50.85,49.71,49.8,974000
2022-08-18 07:00:00,49.8,50.42,49.1,49.54,1061000
2022-08-19 07:00:00,49.45,50.24,48.84,48.92,1142700
2022-08-22 07:00:00,48.92,50.42,48.84,49.98,899200
2022-08-23 07:00:00,49.89,50.06,49.63,49.8,761300
2022-08-24 07:00:00,49.98,50.5,49.71,49.89,1228000
2022-08-25 07:00:00,50.06,50.5,49.89,49.98,949200
2022-08-26 07:00:00,50.33,51.2,49.98,49.98,1554000
2022-08-29 07:00:00,49.8,50.59,49.19,50.24,1383300
2022-08-30 07:00:00,50.42,50.85,50.15,50.33,917800
2022-08-31 07:00:00,50.33,52.17,50.33,51.29,2855900
2022-09-05 07:00:00,51.38,52.87,51.38,52.26,2596700
2022-09-06 07:00:00,52.61,52.78,51.82,51.82,1440500
2022-09-07 07:00:00,51.73,52.17,49.63,49.63,2796400
2022-09-08 07:00:00,50.15,50.33,49.1,49.1,1498800
2022-09-09 07:00:00,49.1,49.8,48.75,49.63,1529200
2022-09-12 07:00:00,49.98,50.24,49.54,49.63,827200
2022-09-13 07:00:00,49.8,49.98,49.28,49.54,576300
2022-09-14 07:00:00,48.92,49.8,48.92,49.45,882500
2022-09-15 07:00:00,49.54,49.98,49.54,49.63,550100
2022-09-16 07:00:00,49.63,49.8,49.01,49.1,952700
2022-09-19 07:00:00,49.1,49.19,46.56,46.56,1977900
2022-09-20 07:00:00,46.73,47.78,46.29,47.7,1060000
2022-09-21 07:00:00,46.91,48.31,46.56,48.31,743600
2022-09-22 07:00:00,48.22,48.75,47.7,48.4,629500
2022-09-23 07:00:00,49.19,51.73,49.1,51.2,4405600
2022-09-26 07:00:00,51.03,52.17,49.63,50.77,2254800
2022-09-27 07:00:00,51.2,51.38,50.24,50.33,1002300
2022-09-28 07:00:00,49.98,50.42,47.87,49.1,2186100
2022-09-29 07:00:00,49.54,49.89,46.91,46.91,1546800
2022-09-30 07:00:00,46.91,47.7,45.24,46.91,1718500
2022-10-03 07:00:00,46.91,47.35,43.66,43.66,1381100
2022-10-04 07:00:00,44.8,44.98,42.26,42.26,1683600
2022-10-05 07:00:00,43.58,44.89,43.14,44.37,978300
2022-10-06 07:00:00,44.37,44.63,42.52,42.87,1088000
2022-10-07 07:00:00,42.61,42.7,40.86,42.26,1482200
2022-10-10 07:00:00,41.65,44.37,41.65,43.84,1099700
2022-10-11 07:00:00,43.84,43.84,41.21,41.21,1189900
2022-10-12 07:00:00,41.34,43.4,41.34,42.57,692400
2022-10-13 07:00:00,42.52,43.4,42.35,43.18,707400
2022-10-14 07:00:00,43.93,44.54,43.4,44.45,1097800
2022-10-17 07:00:00,44.01,44.45,43.31,44.45,554300
2022-10-18 07:00:00,45.15,45.24,44.45,44.63,582500
2022-10-19 07:00:00,44.89,44.98,44.28,44.89,558800
2022-10-20 07:00:00,44.89,45.07,44.1,44.72,520100
2022-10-21 07:00:00,44.63,44.63,42.04,42.13,911700
2022-10-24 07:00:00,42.96,43.05,41.56,42.0,788600
2022-10-25 07:00:00,42.96,44.63,42.22,43.84,1136900
2022-10-26 07:00:00,43.84,44.89,43.84,44.89,602700
2022-10-27 07:00:00,44.89,46.47,44.89,46.47,866900
2022-10-28 07:00:00,46.91,47.08,45.33,46.03,825100
2022-10-31 07:00:00,46.29,46.29,44.63,46.03,785800
2022-11-01 07:00:00,45.15,46.82,45.15,46.47,1036400
2022-11-02 07:00:00,46.29,46.56,45.59,45.59,636300
2022-11-03 07:00:00,44.89,46.03,44.89,45.94,493700
2022-11-04 07:00:00,45.51,45.59,43.05,43.84,898800
2022-11-07 07:00:00,43.49,44.45,42.87,42.87,644400
2022-11-08 07:00:00,42.7,44.63,42.26,44.54,636100
2022-11-09 07:00:00,45.59,46.21,44.8,44.98,694500
2022-11-10 07:00:00,44.72,44.89,41.95,42.66,1061100
2022-11-11 07:00:00,43.05,43.75,42.66,42.96,428000
2022-11-14 07:00:00,42.52,42.96,41.43,41.73,814000
2022-11-15 07:00:00,41.82,41.82,38.84,38.84,2079100
2022-11-16 07:00:00,36.39,41.56,36.12,41.47,1764400
2022-11-17 07:00:00,41.82,42.57,41.47,41.56,610900
2022-11-18 07:00:00,41.65,42.66,40.33,42.35,775500
2022-11-21 07:00:00,42.48,42.96,41.73,41.82,510100
2022-11-22 07:00:00,42.04,43.14,41.82,42.22,618400
2022-11-23 07:00:00,42.26,43.05,42.22,42.66,401300
2022-11-24 07:00:00,42.87,42.87,42.39,42.7,502700
2022-11-25 07:00:00,43.49,43.96,42.93,43.87,427400
2022-11-28 07:00:00,44.15,44.8,43.78,43.78,854600
2022-11-29 07:00:00,43.49,44.8,43.4,44.15,781900
2022-11-30 07:00:00,44.71,45.79,43.78,45.32,1188400
2022-12-01 07:00:00,45.74,45.74,44.52,44.71,1091000
2022-12-02 07:00:00,44.06,45.27,43.96,45.08,836800
2022-12-05 07:00:00,45.46,47.24,45.46,47.24,1576300
2022-12-06 07:00:00,46.96,46.96,44.9,44.9,913400
2022-12-07 07:00:00,44.8,45.46,44.71,45.18,620700
2022-12-08 07:00:00,45.55,46.3,44.8,45.37,683400
2022-12-09 07:00:00,45.37,45.37,44.29,44.8,760300
2022-12-12 07:00:00,44.71,45.83,44.57,45.37,760400
2022-12-13 07:00:00,45.41,46.67,44.9,46.67,1451100
2022-12-14 07:00:00,47.24,47.52,46.02,46.53,691200
2022-12-15 07:00:00,46.53,46.77,46.07,46.3,652800
2022-12-16 07:00:00,45.46,46.39,45.46,46.39,1031800
2022-12-19 07:00:00,46.21,46.21,45.08,45.08,642200
2022-12-20 07:00:00,44.9,45.93,43.49,44.9,1172700
2022-12-21 07:00:00,44.9,45.18,44.43,44.9,483600
2022-12-22 07:00:00,45.08,45.46,44.48,45.08,309100
2022-12-23 07:00:00,44.71,45.08,44.43,44.8,493100
2022-12-26 07:00:00,44.71,44.9,42.56,42.56,494100
2022-12-27 07:00:00,42.56,43.96,42.56,43.49,460000
2022-12-28 07:00:00,44.01,44.01,43.03,43.68,147900
2022-12-29 07:00:00,43.68,44.29,43.49,43.49,457700
2022-12-30 07:00:00,43.68,44.06,43.59,43.59,140300
2023-01-03 07:00:00,43.63,44.66,43.49,44.62,270500
2023-01-04 07:00:00,44.8,44.9,44.43,44.62,507200
2023-01-05 07:00:00,44.9,45.27,44.76,44.94,285300
2023-01-06 07:00:00,45.27,45.6,44.8,44.94,493200
2023-01-09 07:00:00,44.99,45.46,44.76,44.8,187700
2023-01-10 07:00:00,44.9,44.99,44.43,44.9,274300
2023-01-11 07:00:00,45.27,45.65,44.9,45.46,523900
2023-01-12 07:00:00,45.74,46.21,45.46,45.93,457000
2023-01-13 07:00:00,46.11,46.3,45.69,45.74,293700
2023-01-16 07:00:00,45.74,45.93,45.04,45.04,282600
2023-01-17 07:00:00,45.08,45.6,45.04,45.46,442500
2023-01-18 07:00:00,45.55,45.79,45.08,45.27,495300
2023-01-19 07:00:00,45.27,46.77,45.22,46.67,1090600
2023-01-27 07:00:00,46.72,48.26,46.72,47.7,711400
2023-01-30 07:00:00,47.61,48.17,46.96,47.24,636800
2023-01-31 07:00:00,47.24,47.24,46.39,47.14,669200
2023-02-01 07:00:00,47.24,48.45,46.39,46.77,1368300
2023-02-02 07:00:00,47.24,47.33,45.74,46.72,414900
2023-02-03 07:00:00,46.77,47.24,45.93,46.49,471600
2023-02-06 07:00:00,46.53,47.33,46.02,47.33,593700
2023-02-07 07:00:00,47.14,47.61,46.02,46.02,466700
2023-02-08 07:00:00,46.07,46.86,45.93,46.07,481300
2023-02-09 07:00:00,46.3,46.77,46.07,46.16,153200
2023-02-10 07:00:00,46.39,46.96,45.88,46.58,560400
2023-02-13 07:00:00,46.58,46.58,45.37,45.37,359400
2023-02-14 07:00:00,46.02,46.21,45.65,45.93,181300
2023-02-15 07:00:00,45.93,46.53,45.83,46.21,162100
2023-02-16 07:00:00,46.39,47.14,46.11,46.86,402600
2023-02-17 07:00:00,46.86,47.89,46.72,47.14,761500
2023-02-20 07:00:00,47.7,47.89,47.24,47.89,569400
2023-02-21 07:00:00,48.08,48.08,47.14,47.24,375400
2023-02-22 07:00:00,46.77,47.89,46.77,46.77,445900
2023-02-23 07:00:00,46.77,46.77,45.83,46.39,463700
2023-02-24 07:00:00,46.58,46.58,45.74,45.74,240200
2023-02-27 07:00:00,45.69,45.69,44.99,45.08,392900
2023-02-28 07:00:00,45.13,45.83,45.08,45.37,163900
2023-03-01 07:00:00,45.41,46.3,45.08,46.25,243700
2023-03-02 07:00:00,46.25,46.25,45.83,45.83,122200
2023-03-03 07:00:00,46.25,46.3,45.32,45.32,176000
2023-03-06 07:00:00,45.51,45.74,44.9,44.9,180300
2023-03-07 07:00:00,45.13,45.83,45.04,45.18,185900
2023-03-08 07:00:00,45.18,45.83,45.04,45.83,155600
2023-03-09 07:00:00,45.93,46.3,45.6,46.25,222500
2023-03-10 07:00:00,46.02,46.02,45.46,46.02,112400
2023-03-13 07:00:00,45.83,46.49,45.27,46.3,489100
2023-03-14 07:00:00,46.11,46.21,45.55,45.55,160200
2023-03-15 07:00:00,46.3,46.3,45.65,46.11,338900
2023-03-16 07:00:00,46.07,46.11,45.37,45.46,117400
2023-03-17 07:00:00,45.83,46.77,45.32,46.77,844700
2023-03-20 07:00:00,46.77,46.77,45.74,45.83,323900
2023-03-21 07:00:00,45.88,46.21,45.55,45.83,211800
2023-03-22 07:00:00,46.16,46.16,45.6,45.83,193400
2023-03-23 07:00:00,45.65,45.83,45.37,45.74,199400
2023-03-24 07:00:00,45.74,45.83,44.9,45.37,296600
2023-03-27 07:00:00,45.37,45.55,45.13,45.37,278100
2023-03-28 07:00:00,45.37,45.83,45.37,45.37,175600
2023-03-29 07:00:00,45.55,45.55,45.04,45.18,193800
2023-03-30 07:00:00,45.18,45.46,45.18,45.32,114200
2023-03-31 07:00:00,45.37,45.51,45.27,45.32,144100
2023-04-03 07:00:00,45.46,45.83,45.46,45.83,275500
2023-04-04 07:00:00,46.11,46.11,45.6,46.02,174800
2023-04-05 07:00:00,46.02,46.11,45.65,45.88,182500
2023-04-06 07:00:00,46.21,46.21,45.37,45.37,239000
2023-04-07 07:00:00,45.37,45.51,45.22,45.37,192800
2023-04-10 07:00:00,45.51,45.83,45.32,45.74,225700
2023-04-11 07:00:00,45.55,45.97,45.41,45.97,155600
2023-04-12 07:00:00,46.07,46.07,45.37,45.37,260600
2023-04-13 07:00:00,45.37,45.46,45.27,45.27,222000
2023-04-14 07:00:00,45.37,45.41,44.9,44.9,358600
2023-04-17 07:00:00,44.99,45.04,44.15,44.15,439600
2023-04-18 07:00:00,44.9,44.9,43.87,43.96,235000
2023-04-19 07:00:00,44.06,44.06,43.17,43.17,365600
2023-04-20 07:00:00,43.4,44.29,43.4,43.96,220500
2023-04-21 07:00:00,44.24,44.24,43.45,43.82,236500
2023-04-24 07:00:00,43.87,43.87,43.35,43.4,146100
2023-04-25 07:00:00,43.4,43.49,42.65,42.65,277300
2023-04-26 07:00:00,42.65,42.93,42.09,42.89,362800
2023-04-27 07:00:00,42.93,43.26,41.95,41.95,556400
2023-04-28 07:00:00,42.0,42.51,41.95,42.0,267600
2023-05-04 07:00:00,42.0,42.79,42.0,42.33,297700
2023-05-05 07:00:00,42.33,43.26,42.33,42.93,309100
2023-05-08 07:00:00,42.93,43.26,42.84,43.03,298000
2023-05-09 07:00:00,43.35,43.35,42.98,43.03,224100
2023-05-10 07:00:00,43.26,43.26,42.84,42.98,319800
2023-05-11 07:00:00,43.03,43.26,42.65,42.75,469200
2023-05-12 07:00:00,42.79,43.03,42.14,43.03,627500
2023-05-15 07:00:00,43.03,43.45,42.51,42.56,600100
2023-05-16 07:00:00,42.56,42.98,42.28,42.37,277600
2023-05-17 07:00:00,42.37,42.47,42.14,42.14,332100
2023-05-18 07:00:00,42.28,42.37,41.9,41.9,625800
2023-05-19 07:00:00,42.04,42.47,41.44,41.44,640100
2023-05-22 07:00:00,41.44,41.62,40.97,40.97,1040500
2023-05-23 07:00:00,40.97,41.72,40.97,41.72,830100
2023-05-24 07:00:00,41.9,42.23,41.58,41.58,479800
2023-05-25 07:00:00,41.53,41.76,41.16,41.25,383500
2023-05-26 07:00:00,41.16,41.62,40.69,40.74,974300
2023-05-29 07:00:00,41.02,41.3,40.69,41.11,552200
2023-05-30 07:00:00,41.25,41.53,40.88,40.97,570800
2023-05-31 07:00:00,40.97,41.11,40.69,40.69,674400
2023-06-01 07:00:00,40.69,41.06,40.59,40.83,431900
2023-06-02 07:00:00,41.06,41.44,41.06,41.25,1094200
2023-06-05 07:00:00,41.81,42.14,41.58,41.62,950500
2023-06-06 07:00:00,41.67,42.28,41.67,42.04,1196500
2023-06-07 07:00:00,42.09,42.23,41.62,41.76,592800
2023-06-08 07:00:00,41.81,42.09,41.25,41.25,840200
2023-06-09 07:00:00,41.16,41.3,40.83,40.97,687400
2023-06-12 07:00:00,40.88,41.62,40.88,41.62,926000
2023-06-13 07:00:00,42.0,42.75,41.9,42.09,1766400
2023-06-14 07:00:00,42.14,42.56,41.62,41.72,885500
2023-06-15 07:00:00,41.86,41.95,41.3,41.53,855600
2023-06-16 07:00:00,41.76,42.14,41.2,41.2,978600
2023-06-19 07:00:00,41.16,41.34,40.83,40.88,717400
2023-06-20 07:00:00,40.88,41.16,40.69,41.16,644200
2023-06-21 07:00:00,41.2,41.34,40.83,41.3,661500
2023-06-22 07:00:00,41.58,41.58,41.06,41.3,1121500
2023-06-23 07:00:00,41.44,42.18,41.39,42.18,1823700
2023-06-26 07:00:00,42.37,42.61,41.72,42.33,1300200
2023-06-27 07:00:00,42.65,42.98,42.28,42.37,1275900
2023-06-28 07:00:00,42.23,42.84,42.14,42.23,721800
2023-06-29 07:00:00,42.33,42.33,41.44,41.44,1112400
2023-06-30 07:00:00,41.53,41.53,41.2,41.25,788100
2023-07-03 07:00:00,41.53,41.81,41.34,41.62,498300
2023-07-04 07:00:00,41.72,42.14,41.58,42.14,878000
2023-07-05 07:00:00,42.14,42.18,41.9,41.9,533500
2023-07-06 07:00:00,41.9,42.65,41.9,42.09,1982700
2023-07-07 07:00:00,42.33,42.42,41.9,42.33,678800
2023-07-10 07:00:00,42.56,42.7,42.37,42.65,1178700
2023-07-11 07:00:00,42.84,42.84,42.42,42.56,1394000
2023-07-12 07:00:00,42.65,44.34,42.61,43.82,1971300
2023-07-13 07:00:00,44.34,44.43,43.82,43.96,1043400
2023-07-14 07:00:00,44.01,44.15,43.31,43.78,1475500
2023-07-17 07:00:00,43.96,44.24,43.45,44.24,977000
2023-07-18 07:00:00,44.24,44.71,43.96,44.01,776300
2023-07-19 07:00:00,44.01,44.15,43.73,43.87,789800
2023-07-20 07:00:00,43.68,43.96,43.54,43.78,574500
2023-07-21 07:00:00,43.92,44.9,43.82,44.43,1428700
2023-07-24 07:00:00,44.62,44.76,44.06,44.2,878800
2023-07-25 07:00:00,44.2,44.2,43.54,43.87,1215300
2023-07-26 07:00:00,43.87,44.1,43.59,43.63,844800
2023-07-27 07:00:00,43.68,44.06,43.4,43.54,874200
2023-07-28 07:00:00,43.4,43.82,43.35,43.63,666900
2023-07-31 07:00:00,44.06,45.27,44.06,45.04,1958900
2023-08-01 07:00:00,45.22,45.27,44.2,44.2,1367100
2023-08-02 07:00:00,44.24,45.04,43.87,44.76,1143800
2023-08-03 07:00:00,44.76,44.9,44.15,44.24,861800
2023-08-04 07:00:00,44.43,44.48,44.01,44.06,1064100
2023-08-07 07:00:00,44.2,44.9,44.1,44.9,1313900
2023-08-08 07:00:00,45.08,45.13,44.43,44.48,991500
2023-08-09 07:00:00,44.66,44.66,44.24,44.34,674700
2023-08-10 07:00:00,44.62,44.8,43.96,43.96,620000
2023-08-11 07:00:00,44.01,44.1,43.45,43.68,1076900
2023-08-14 07:00:00,43.92,44.15,43.63,43.87,597700
2023-08-15 07:00:00,43.87,44.9,43.78,44.15,524100
2023-08-16 07:00:00,44.01,44.15,43.78,43.87,530200
2023-08-17 07:00:00,43.82,43.87,43.49,43.49,676700
2023-08-18 07:00:00,43.49,43.78,41.34,41.34,1903200
2023-08-21 07:00:00,41.34,42.14,41.11,41.72,1025700
2023-08-22 07:00:00,41.76,42.51,41.53,42.47,943900
2023-08-23 07:00:00,42.56,42.65,42.04,42.56,455600
2023-08-24 07:00:00,42.14,42.56,42.14,42.47,361100
2023-08-25 07:00:00,42.56,42.56,41.95,42.0,540700
2023-08-28 07:00:00,42.0,42.18,41.76,42.0,591800
2023-08-29 07:00:00,42.04,42.51,41.9,41.9,737800
2023-08-30 07:00:00,42.09,42.28,41.95,42.14,453400
2023-08-31 07:00:00,42.18,42.47,42.14,42.28,1098600
2023-09-05 07:00:00,42.37,42.93,42.37,42.51,731700
2023-09-06 07:00:00,42.75,42.79,42.42,42.7,580800
2023-09-07 07:00:00,42.84,43.03,42.56,42.79,1010400
2023-09-08 07:00:00,42.79,43.03,42.61,42.7,437900
2023-09-11 07:00:00,42.75,43.4,42.56,42.56,921000
2023-09-12 07:00:00,42.56,42.84,42.47,42.84,456800
2023-09-13 07:00:00,42.98,43.07,42.56,42.61,805400
2023-09-14 07:00:00,42.61,42.65,41.95,42.28,670400
2023-09-15 07:00:00,42.28,42.56,42.0,42.0,600500
2023-09-18 07:00:00,42.0,42.28,41.62,41.9,541800
2023-09-19 07:00:00,41.95,42.0,40.92,41.2,1740500
2023-09-20 07:00:00,41.3,41.9,41.11,41.72,309700
2023-09-21 07:00:00,41.72,41.9,41.48,41.48,300600
2023-09-22 07:00:00,41.16,41.25,40.22,40.78,880900
2023-09-25 07:00:00,40.88,41.16,39.47,39.47,748800
2023-09-26 07:00:00,39.29,40.08,39.0,39.29,1153500
2023-09-27 07:00:00,39.29,39.66,39.19,39.66,461500
2023-09-28 07:00:00,39.57,39.8,39.43,39.66,481200
2023-09-29 07:00:00,39.75,39.89,39.43,39.43,231800
2023-10-02 07:00:00,39.8,39.8,39.38,39.52,223300
2023-10-03 07:00:00,39.33,39.61,39.1,39.14,647900
2023-10-04 07:00:00,38.91,39.66,38.82,39.33,378300
2023-10-05 07:00:00,39.75,39.75,39.19,39.19,174800
2023-10-06 07:00:00,39.19,39.43,38.82,39.19,245100
2023-10-09 07:00:00,39.29,39.57,39.14,39.47,222600
2023-10-10 07:00:00,39.71,39.99,39.52,39.8,258600
2023-10-11 07:00:00,39.66,39.94,39.66,39.85,121700
2023-10-12 07:00:00,39.94,40.03,39.8,39.89,239800
2023-10-13 07:00:00,39.85,39.85,39.29,39.57,210400
2023-10-16 07:00:00,39.57,39.57,38.63,38.96,331200
2023-10-17 07:00:00,39.05,39.33,38.86,38.86,173600
2023-10-18 07:00:00,38.86,38.91,37.88,38.21,467100
2023-10-19 07:00:00,37.98,38.26,37.6,37.6,342300
2023-10-20 07:00:00,37.65,38.49,37.55,38.35,210800
2023-10-23 07:00:00,38.35,38.35,37.7,37.88,202100
2023-10-24 07:00:00,38.12,38.16,37.7,38.12,128500
2023-10-25 07:00:00,38.12,38.44,38.12,38.21,154100
2023-10-26 07:00:00,37.7,37.88,36.29,36.53,646500
2023-10-27 07:00:00,36.57,37.04,36.48,36.95,460800
2023-10-30 07:00:00,36.95,37.13,36.48,36.62,155400
2023-10-31 07:00:00,36.95,37.04,36.39,36.39,373700
2023-11-01 07:00:00,36.48,36.95,36.11,36.48,255800
2023-11-02 07:00:00,36.81,37.98,36.57,37.98,488100
2023-11-03 07:00:00,37.98,38.12,37.6,37.79,196600
2023-11-06 07:00:00,37.88,38.21,37.79,38.07,191800
2023-11-07 07:00:00,37.98,38.02,37.7,37.79,162200
2023-11-08 07:00:00,37.79,38.35,37.41,38.35,352500
2023-11-09 07:00:00,38.4,38.82,38.35,38.35,394000
2023-11-10 07:00:00,38.26,38.3,37.98,37.98,247100
2023-11-13 07:00:00,37.98,38.16,37.79,37.93,143300
2023-11-14 07:00:00,38.02,38.35,37.84,38.16,295800
2023-11-15 07:00:00,38.68,38.82,38.16,38.26,556200
2023-11-16 07:00:00,38.26,39.0,38.26,38.63,483500
2023-11-17 07:00:00,39.0,39.14,38.21,38.21,407800
2023-11-20 07:00:00,37.79,38.4,37.79,38.16,246300
2023-11-21 07:00:00,38.35,38.35,38.12,38.16,212000
2023-11-22 07:00:00,38.16,38.3,37.88,38.21,242700
2023-11-23 07:00:00,38.35,38.49,37.88,37.88,292700
2023-11-24 07:00:00,37.88,38.02,37.23,37.65,413600
2023-11-27 07:00:00,37.74,38.13,37.17,37.22,315000
2023-11-28 07:00:00,37.22,37.94,37.22,37.94,248600
2023-11-29 07:00:00,37.94,38.27,37.84,38.03,269200
2023-11-30 07:00:00,37.94,38.46,37.36,37.36,386700
2023-12-01 07:00:00,37.98,38.32,37.7,38.03,211200
2023-12-04 07:00:00,38.27,38.56,38.08,38.32,399700
2023-12-05 07:00:00,38.51,38.51,37.98,38.13,292800
2023-12-06 07:00:00,38.13,38.61,38.08,38.37,361300
2023-12-07 07:00:00,38.37,38.41,37.74,37.94,466800
2023-12-08 07:00:00,38.03,38.13,37.65,37.89,214400
2023-12-11 07:00:00,37.94,38.41,37.89,38.37,396000
2023-12-12 07:00:00,38.37,38.61,38.32,38.41,324200
2023-12-13 07:00:00,38.41,39.32,38.41,38.8,900300
2023-12-14 07:00:00,38.89,38.94,38.46,38.46,313000
2023-12-15 07:00:00,38.46,38.51,37.84,37.84,533600
2023-12-18 07:00:00,37.89,38.03,37.36,37.41,276400
2023-12-19 07:00:00,37.41,37.74,37.36,37.55,143900
2023-12-20 07:00:00,37.6,37.79,37.41,37.7,171000
2023-12-21 07:00:00,37.7,37.79,37.55,37.7,132100
2023-12-22 07:00:00,37.7,37.7,37.27,37.27,359900
2023-12-25 07:00:00,37.31,37.79,37.27,37.65,224200
2023-12-26 07:00:00,37.5,37.98,37.5,37.84,240200
2023-12-27 07:00:00,37.84,38.32,37.84,37.89,236700
2023-12-28 07:00:00,37.94,38.03,37.84,37.94,168100
2023-12-29 07:00:00,37.94,38.08,37.84,37.84,270300
2024-01-02 07:00:00,37.84,38.22,37.84,37.94,223400
2024-01-03 07:00:00,37.84,38.13,37.84,38.13,148000
2024-01-04 07:00:00,38.32,38.7,38.08,38.41,684000
2024-01-05 07:00:00,38.46,38.51,38.18,38.32,189300
2024-01-08 07:00:00,38.37,38.65,38.27,38.32,301100
2024-01-09 07:00:00,38.32,38.75,38.13,38.32,377300
2024-01-10 07:00:00,38.46,39.23,38.46,38.8,886900
2024-01-11 07:00:00,38.8,40.43,38.7,40.23,1196200
2024-01-12 07:00:00,40.23,40.28,39.52,40.04,690800
2024-01-15 07:00:00,39.95,40.23,39.28,39.28,435500
2024-01-16 07:00:00,39.28,39.32,38.89,39.28,553600
2024-01-17 07:00:00,38.99,39.95,38.99,39.42,503300
2024-01-18 07:00:00,39.28,39.71,39.28,39.42,289000
2024-01-19 07:00:00,39.42,39.71,39.42,39.52,250000
2024-01-22 07:00:00,39.71,39.76,39.42,39.47,234600
2024-01-23 07:00:00,39.47,39.47,38.99,39.09,449800
2024-01-24 07:00:00,39.09,39.23,38.89,38.99,334100
2024-01-25 07:00:00,39.13,39.13,38.89,38.99,157900
2024-01-26 07:00:00,38.99,39.13,38.99,39.13,140100
2024-01-29 07:00:00,39.23,39.71,38.99,39.47,266200
2024-01-30 07:00:00,39.56,39.71,39.23,39.28,143800
2024-01-31 07:00:00,39.56,39.56,38.8,38.8,336300
2024-02-01 07:00:00,38.99,39.66,38.89,39.52,485100
2024-02-02 07:00:00,39.52,39.52,39.13,39.28,167900
2024-02-05 07:00:00,39.32,40.23,39.32,39.32,387700
2024-02-06 07:00:00,39.37,39.61,39.28,39.37,221000
2024-02-07 07:00:00,39.37,39.66,39.32,39.47,289900
2024-02-15 07:00:00,39.47,39.95,39.47,39.56,359900
2024-02-16 07:00:00,39.85,40.95,39.76,40.71,981500
2024-02-19 07:00:00,40.91,41.43,40.67,41.38,818800
2024-02-20 07:00:00,41.38,41.43,40.86,40.95,457400
2024-02-21 07:00:00,40.95,41.0,40.47,40.67,464100
2024-02-22 07:00:00,40.76,40.81,40.38,40.38,400600
2024-02-23 07:00:00,40.47,41.05,40.09,40.19,627200
2024-02-26 07:00:00,40.19,40.47,40.14,40.28,353400
2024-02-27 07:00:00,40.33,40.71,40.33,40.67,290100
2024-02-28 07:00:00,40.67,40.76,40.38,40.67,390700
2024-02-29 07:00:00,40.91,41.48,40.91,41.1,673800
2024-03-01 07:00:00,41.05,41.38,40.91,41.0,399700
2024-03-04 07:00:00,40.95,41.53,40.95,41.38,804100
2024-03-05 07:00:00,41.19,41.62,41.1,41.48,491900
2024-03-06 07:00:00,41.77,42.34,41.1,41.48,769600
2024-03-07 07:00:00,41.53,43.01,41.43,43.01,1673700
2024-03-08 07:00:00,43.4,43.64,42.44,42.58,1514100
2024-03-11 07:00:00,42.58,42.63,41.38,41.53,874200
2024-03-12 07:00:00,41.53,41.67,41.19,41.58,889900
2024-03-13 07:00:00,41.62,42.15,41.43,42.15,579300
2024-03-14 07:00:00,42.15,42.15,41.72,41.82,582300
2024-03-15 07:00:00,41.67,42.01,41.15,41.29,793000
2024-03-18 07:00:00,41.29,41.58,39.76,40.23,900900
2024-03-19 07:00:00,40.23,40.57,40.14,40.23,195700
2024-03-20 07:00:00,40.28,40.62,40.04,40.47,280700
2024-03-21 07:00:00,40.76,41.1,40.67,41.0,492200
2024-03-22 07:00:00,41.15,41.15,40.57,40.71,439900
2024-03-25 07:00:00,40.71,41.48,40.62,41.0,728400
2024-03-26 07:00:00,41.24,41.24,40.86,41.1,297100
2024-03-27 07:00:00,41.1,41.48,40.91,41.48,546900
2024-03-28 07:00:00,41.48,41.72,41.38,41.48,389700
2024-03-29 07:00:00,41.58,41.58,40.86,40.95,526100
2024-04-01 07:00:00,41.0,41.15,40.57,40.62,268000
2024-04-02 07:00:00,40.62,40.62,40.14,40.62,486000
2024-04-03 07:00:00,40.62,41.15,40.23,40.52,273000
2024-04-04 07:00:00,40.57,40.81,40.23,40.33,199200
2024-04-05 07:00:00,40.14,40.23,39.95,39.95,274700
2024-04-08 07:00:00,39.95,40.23,39.71,39.8,323700
2024-04-09 07:00:00,39.95,40.19,39.56,39.8,302900
2024-04-10 07:00:00,39.8,40.09,39.76,39.8,233000
2024-04-11 07:00:00,39.8,39.8,39.52,39.71,173600
2024-04-12 07:00:00,40.04,40.14,39.56,40.14,132400
2024-04-15 07:00:00,40.04,40.04,37.84,38.03,405000
2024-04-16 07:00:00,38.22,38.32,37.55,37.7,618000
2024-04-17 07:00:00,37.79,38.32,36.93,36.98,779300
2024-04-19 07:00:00,36.98,37.31,36.59,36.88,606400
2024-04-22 07:00:00,37.84,38.37,36.93,37.94,446700
2024-04-23 07:00:00,37.94,37.94,37.27,37.6,209900
2024-04-24 07:00:00,37.6,37.98,37.41,37.94,239800
2024-04-25 07:00:00,37.79,38.03,37.55,37.65,154300
2024-04-26 07:00:00,37.55,37.79,37.27,37.79,303900
2024-05-02 07:00:00,37.79,38.8,37.79,38.41,359200
2024-05-03 07:00:00,38.41,38.99,38.27,38.32,297400
2024-05-06 07:00:00,38.37,38.85,38.32,38.85,246300
2024-05-07 07:00:00,38.85,39.8,38.85,39.66,596900
2024-05-08 07:00:00,39.23,39.8,39.09,39.37,332400
2024-05-09 07:00:00,39.56,39.76,38.89,39.23,235600
2024-05-10 07:00:00,39.18,39.76,38.85,38.99,244000
2024-05-13 07:00:00,38.99,39.47,38.75,38.75,145900
2024-05-14 07:00:00,38.75,39.04,38.41,38.7,162600
2024-05-15 07:00:00,38.65,38.99,38.65,38.85,185400
2024-05-16 07:00:00,39.28,39.28,38.94,39.09,193900
2024-05-17 07:00:00,39.09,39.18,38.85,39.13,286900
2024-05-20 07:00:00,39.76,40.86,39.23,40.57,1061000
2024-05-21 07:00:00,40.62,41.1,40.0,40.38,658000
2024-05-22 07:00:00,40.52,40.62,39.85,39.95,482800
2024-05-23 07:00:00,39.85,42.73,39.8,42.73,2686300
2024-05-24 07:00:00,43.11,44.07,41.91,42.73,1772000
2024-05-27 07:00:00,42.73,44.93,42.73,44.45,2540600
2024-05-28 07:00:00,44.5,45.36,43.92,45.02,1528300
2024-05-29 07:00:00,45.22,45.22,43.59,43.68,1257800
2024-05-30 07:00:00,43.59,43.59,42.44,43.11,1906600
2024-05-31 07:00:00,43.11,44.45,42.97,42.97,922900
2024-06-03 07:00:00,43.68,44.35,43.11,43.44,659300
2024-06-04 07:00:00,43.59,44.45,43.3,43.92,997300
2024-06-05 07:00:00,43.97,46.27,43.97,45.26,2402500
2024-06-06 07:00:00,45.26,45.84,44.55,44.55,916400
2024-06-07 07:00:00,44.83,45.41,44.02,44.45,829000
2024-06-10 07:00:00,44.79,45.12,44.31,44.35,1126800
2024-06-11 07:00:00,44.35,44.55,43.4,43.73,1025700
2024-06-12 07:00:00,43.35,44.55,43.3,44.26,559700
2024-06-13 07:00:00,44.31,44.45,43.54,43.83,1345200
2024-06-14 07:00:00,43.78,44.31,42.63,42.63,707900
2024-06-17 07:00:00,42.63,43.01,42.25,42.44,601700
2024-06-18 07:00:00,43.3,43.64,42.63,43.49,756500
2024-06-19 07:00:00,43.59,44.07,43.3,43.88,503200
2024-06-20 07:00:00,43.88,44.26,43.11,43.35,726500
2024-06-21 07:00:00,43.2,43.88,43.2,43.25,584900
2024-06-24 07:00:00,43.25,43.68,41.48,42.63,896400
2024-06-25 07:00:00,42.63,42.92,42.25,42.92,358300
2024-06-26 07:00:00,42.63,42.92,42.15,42.87,279000
2024-06-27 07:00:00,42.87,45.46,42.49,44.07,2351900
2024-06-28 07:00:00,44.74,44.74,43.4,44.07,1077100
2024-07-01 07:00:00,43.83,44.45,43.83,44.45,399000
2024-07-02 07:00:00,44.74,46.08,44.64,45.6,1653400
2024-07-03 07:00:00,45.98,45.98,44.83,45.02,647400
2024-07-04 07:00:00,44.83,45.79,44.74,44.88,598800
2024-07-05 07:00:00,45.12,45.26,44.45,44.45,696700
2024-07-08 07:00:00,44.55,45.02,43.11,44.35,930700
2024-07-09 07:00:00,44.45,45.89,44.16,45.5,1139000
2024-07-10 07:00:00,45.5,45.55,44.64,44.64,561200
2024-07-11 07:00:00,44.93,45.02,44.16,44.16,584000
2024-07-12 07:00:00,44.5,44.5,43.59,43.59,582200
2024-07-15 07:00:00,43.59,44.16,43.59,44.11,429700
2024-07-16 07:00:00,44.5,44.83,44.26,44.55,741600
2024-07-17 07:00:00,44.83,45.31,42.44,44.45,1426700
2024-07-18 07:00:00,44.21,45.02,43.2,45.02,581100
2024-07-19 07:00:00,45.02,45.02,43.83,43.83,802700
2024-07-22 07:00:00,43.49,43.88,42.2,42.87,879100
2024-07-23 07:00:00,42.87,43.06,41.67,41.67,778200
2024-07-24 07:00:00,41.53,41.91,40.33,40.67,1568100
2024-07-25 07:00:00,40.81,41.67,40.38,41.38,688500
2024-07-26 07:00:00,41.19,41.38,40.91,41.38,430600
2024-07-29 07:00:00,41.48,41.72,41.34,41.53,325000
2024-07-30 07:00:00,41.38,41.38,41.0,41.19,427200
2024-07-31 07:00:00,41.19,42.25,41.15,41.77,635800
2024-08-01 07:00:00,42.06,42.49,40.91,41.0,627000
2024-08-02 07:00:00,40.47,41.67,40.47,41.67,635300
2024-08-05 07:00:00,41.19,41.34,39.8,40.14,990500
2024-08-06 07:00:00,41.05,41.05,39.76,40.57,541300
2024-08-07 07:00:00,40.62,40.81,40.19,40.52,308200
2024-08-08 07:00:00,40.28,41.15,40.28,40.81,427000
2024-08-09 07:00:00,40.86,41.48,40.38,41.48,463500
2024-08-12 07:00:00,41.48,41.48,41.0,41.48,308100
2024-08-13 07:00:00,41.34,41.77,40.81,41.0,507200
2024-08-14 07:00:00,41.05,41.48,40.91,41.48,495500
2024-08-15 07:00:00,41.48,41.58,40.91,40.95,285800
2024-08-16 07:00:00,41.38,42.15,40.95,42.1,835600
2024-08-19 07:00:00,42.1,42.77,41.67,42.63,921600
2024-08-20 07:00:00,42.63,43.01,42.2,42.63,1079800
2024-08-21 07:00:00,42.63,43.3,42.44,42.82,441600
2024-08-22 07:00:00,42.73,43.35,42.34,42.92,891500
2024-08-23 07:00:00,42.92,44.4,42.68,44.35,1830500
2024-08-26 07:00:00,44.35,44.45,43.73,43.88,518600
2024-08-27 07:00:00,43.88,43.88,43.11,43.68,587800
2024-08-28 07:00:00,43.4,43.59,43.16,43.3,330300
2024-08-29 07:00:00,43.11,43.78,43.11,43.44,357100
2024-08-30 07:00:00,43.44,43.59,43.01,43.59,257300
2024-09-04 07:00:00,43.11,43.11,42.73,42.82,545800
2024-09-05 07:00:00,42.82,42.97,42.63,42.82,489600
2024-09-06 07:00:00,42.92,43.49,42.73,42.92,541100
2024-09-09 07:00:00,42.77,42.82,41.96,42.15,694600
2024-09-10 07:00:00,42.15,42.15,41.29,41.48,1194600
2024-09-11 07:00:00,41.19,41.53,41.1,41.29,351100
2024-09-12 07:00:00,41.29,41.58,41.0,41.05,411200
2024-09-13 07:00:00,40.86,41.53,40.71,40.95,560700
2024-09-16 07:00:00,41.0,41.38,40.52,40.91,430500
2024-09-17 07:00:00,40.86,41.05,40.67,41.05,189400
2024-09-18 07:00:00,41.19,41.29,40.95,41.05,248300
2024-09-19 07:00:00,41.34,41.34,41.05,41.1,124000
2024-09-20 07:00:00,41.19,41.38,40.86,41.29,745600
2024-09-23 07:00:00,41.29,41.96,41.0,41.96,351200
2024-09-24 07:00:00,41.96,41.96,41.43,41.82,269100
2024-09-25 07:00:00,41.62,41.77,41.43,41.53,242200
2024-09-26 07:00:00,41.34,41.96,41.34,41.48,215300
2024-09-27 07:00:00,41.53,41.67,41.38,41.48,232500
2024-09-30 07:00:00,41.48,41.48,41.05,41.05,298700
2024-10-01 07:00:00,41.0,41.62,40.91,41.58,731900
2024-10-02 07:00:00,41.58,41.58,41.24,41.38,402400
2024-10-03 07:00:00,41.48,41.77,41.0,41.1,414200
2024-10-04 07:00:00,41.1,41.24,40.95,41.05,212100
2024-10-07 07:00:00,41.1,41.34,41.05,41.15,236300
2024-10-08 07:00:00,41.19,41.29,41.05,41.15,178300
2024-10-09 07:00:00,41.19,41.43,41.05,41.43,314600
2024-10-10 07:00:00,41.43,42.1,41.43,42.06,901300
2024-10-11 07:00:00,42.15,42.58,42.01,42.25,576800
2024-10-14 07:00:00,42.25,42.63,42.06,42.15,293500
2024-10-15 07:00:00,41.77,42.2,41.77,41.86,259200
2024-10-16 07:00:00,41.67,42.1,41.58,41.96,254200
2024-10-17 07:00:00,41.91,42.15,41.67,42.15,217000
2024-10-18 07:00:00,42.15,42.44,41.91,42.15,410500
2024-10-21 07:00:00,42.29,42.39,41.91,41.91,205500
2024-10-22 07:00:00,42.06,42.1,41.19,41.38,192100
2024-10-23 07:00:00,41.38,41.53,41.29,41.48,228200
2024-10-24 07:00:00,41.62,41.72,41.48,41.62,156000
2024-10-25 07:00:00,41.67,41.72,41.48,41.53,156000
2024-10-28 07:00:00,41.24,41.53,41.19,41.38,69900
2024-10-29 07:00:00,41.62,41.62,41.38,41.43,106400
2024-10-30 07:00:00,41.38,41.48,41.0,41.15,164900
2024-10-31 07:00:00,41.19,41.53,41.19,41.19,197800
2024-11-01 07:00:00,41.19,41.82,41.19,41.77,306800
2024-11-04 07:00:00,41.82,42.53,41.77,41.96,321700
2024-11-05 07:00:00,41.96,42.25,41.19,42.15,212100
2024-11-06 07:00:00,42.2,42.29,42.01,42.29,199600
2024-11-07 07:00:00,42.34,42.39,41.82,42.06,249700
2024-11-08 07:00:00,42.29,43.3,42.06,43.25,792700
2024-11-11 07:00:00,43.4,43.83,43.25,43.83,1017200
2024-11-12 07:00:00,43.78,43.83,43.3,43.3,599100
2024-11-13 07:00:00,43.59,43.59,42.49,43.3,304300
2024-11-14 07:00:00,43.11,43.3,42.49,42.49,209000
2024-11-15 07:00:00,42.34,42.63,41.86,42.53,381300
2024-11-18 07:00:00,42.01,42.53,41.77,41.96,266100
2024-11-19 07:00:00,42.16,43.04,41.86,42.65,359900
2024-11-20 07:00:00,42.3,42.84,42.25,42.74,196600
2024-11-21 07:00:00,42.79,43.33,42.55,43.33,200900
2024-11-22 07:00:00,43.38,43.43,42.65,43.33,282300
2024-11-25 07:00:00,43.38,44.21,43.33,43.38,462600
2024-11-26 07:00:00,43.87,43.92,43.38,43.38,217400
2024-11-27 07:00:00,43.14,43.67,43.09,43.58,271300
2024-11-28 07:00:00,43.72,44.41,43.53,43.53,331200
2024-11-29 07:00:00,43.58,46.57,43.53,46.57,1959000
2024-12-02 07:00:00,47.55,48.23,47.06,48.04,1672300
2024-12-03 07:00:00,47.65,51.37,47.65,51.08,1834400
2024-12-04 07:00:00,50.98,51.96,49.9,50.98,1114300
2024-12-05 07:00:00,50.39,52.15,50.39,50.88,1252600
2024-12-06 07:00:00,51.37,52.45,50.29,50.98,902800
2024-12-09 07:00:00,50.78,50.88,49.9,50.68,862600
2024-12-10 07:00:00,50.68,52.35,50.39,51.57,1119500
2024-12-11 07:00:00,51.96,51.96,50.39,51.17,523100
2024-12-12 07:00:00,51.17,51.96,50.68,51.86,602100
2024-12-13 07:00:00,51.66,53.72,51.17,52.15,1403200
2024-12-16 07:00:00,51.96,52.06,51.17,51.27,468800
2024-12-17 07:00:00,51.17,51.96,51.08,51.08,538600
2024-12-18 07:00:00,50.88,51.96,50.68,51.17,495600
2024-12-19 07:00:00,50.98,52.25,50.59,51.37,892800
2024-12-20 07:00:00,50.98,51.76,50.1,50.19,1322900
2024-12-23 07:00:00,50.39,52.25,50.39,52.06,714500
2024-12-24 07:00:00,52.35,52.35,51.08,51.76,558700
2024-12-25 07:00:00,52.15,54.61,51.86,52.55,1431800
2024-12-26 07:00:00,52.15,52.35,51.47,51.57,653300
2024-12-27 07:00:00,51.37,51.57,50.88,51.27,384900
2024-12-30 07:00:00,50.68,51.96,50.59,50.98,360600
2024-12-31 07:00:00,50.98,51.08,49.7,49.7,786400
2025-01-02 07:00:00,50.19,50.98,49.8,50.49,614300
2025-01-03 07:00:00,50.29,50.39,48.77,48.77,1174600
2025-01-06 07:00:00,48.53,48.97,47.55,47.55,1085100
2025-01-07 07:00:00,47.55,48.33,47.11,47.84,712500
2025-01-08 07:00:00,47.3,48.82,47.3,48.43,539900
2025-01-09 07:00:00,48.04,48.33,47.84,48.04,435700
2025-01-10 07:00:00,47.84,49.12,47.65,48.53,905500
2025-01-13 07:00:00,48.04,48.53,47.99,48.53,332800
2025-01-14 07:00:00,48.53,49.8,48.53,49.8,693200
2025-01-15 07:00:00,49.9,50.68,49.41,50.19,770900
2025-01-16 07:00:00,50.59,50.59,49.12,50.19,447200
2025-01-17 07:00:00,50.0,51.47,50.0,51.17,732800
2025-01-20 07:00:00,50.88,51.37,50.59,51.17,443100
2025-01-21 07:00:00,51.27,52.15,50.49,50.98,987200
2025-01-22 07:00:00,50.98,51.08,49.7,49.7,499500
2025-01-23 07:00:00,49.8,50.39,49.51,49.7,563800
2025-01-24 07:00:00,49.8,50.19,49.31,49.8,389600
2025-02-03 07:00:00,49.8,50.29,49.61,49.7,390000
2025-02-04 07:00:00,49.7,50.39,49.7,50.39,382600
2025-02-05 07:00:00,50.39,50.88,49.7,50.29,415400
2025-02-06 07:00:00,50.39,50.59,49.8,50.19,407500
2025-02-07 07:00:00,50.19,52.35,50.1,51.08,1239500
2025-02-10 07:00:00,51.08,52.35,50.59,51.86,968500
2025-02-11 07:00:00,51.86,52.65,51.57,51.66,775700
2025-02-12 07:00:00,51.86,53.92,51.47,53.33,1456500
2025-02-13 07:00:00,54.21,54.21,53.04,53.33,755200
2025-02-14 07:00:00,53.23,54.21,52.65,53.33,1080700
2025-02-17 07:00:00,53.33,53.92,52.55,52.55,804200
2025-02-18 07:00:00,52.65,56.17,52.15,56.17,2241900
2025-02-19 07:00:00,56.66,56.66,55.39,55.39,429100
2025-02-20 07:00:00,55.39,57.25,55.39,55.78,1048400
2025-02-21 07:00:00,56.27,57.15,55.1,56.86,910500
2025-02-24 07:00:00,56.27,57.74,55.78,57.55,901200
2025-02-25 07:00:00,56.86,57.55,55.68,56.08,529700
2025-02-26 07:00:00,56.17,56.76,55.88,56.66,372300
2025-02-27 07:00:00,56.66,58.53,56.47,56.66,1158500
2025-02-28 07:00:00,56.66,56.66,55.49,55.49,767400
2025-03-03 07:00:00,55.19,55.88,55.1,55.78,771500
2025-03-04 07:00:00,55.78,55.78,54.61,55.49,677200
2025-03-05 07:00:00,55.49,56.17,55.0,55.49,625900
2025-03-06 07:00:00,55.88,56.66,55.49,56.57,877200
2025-03-07 07:00:00,56.57,56.96,55.59,55.59,692500
2025-03-10 07:00:00,55.68,56.27,54.8,55.1,692500
2025-03-11 07:00:00,54.8,55.39,53.43,53.82,1174700
2025-03-12 07:00:00,54.12,54.31,53.53,53.92,438400
2025-03-13 07:00:00,53.92,54.51,52.94,53.04,695300
2025-03-14 07:00:00,53.04,53.33,52.25,52.55,661300
2025-03-17 07:00:00,52.65,53.33,50.59,51.96,669500
2025-03-18 07:00:00,51.86,52.45,51.86,52.25,256500
2025-03-19 07:00:00,52.15,52.84,51.76,52.35,502100
2025-03-20 07:00:00,51.96,52.65,51.76,51.96,475500
2025-03-21 07:00:00,52.25,52.35,51.47,51.47,393800
2025-03-24 07:00:00,51.47,51.76,50.59,51.17,523600
2025-03-25 07:00:00,51.17,51.86,51.17,51.37,237900
2025-03-26 07:00:00,51.37,51.66,50.68,51.17,259900
2025-03-27 07:00:00,51.17,52.74,50.98,52.15,596900
2025-03-28 07:00:00,52.15,53.14,51.86,52.45,464100
2025-03-31 07:00:00,52.74,53.43,52.15,52.25,602700
2025-04-01 07:00:00,52.35,52.35,51.37,51.66,391000
2025-04-02 07:00:00,51.96,52.35,50.98,51.08,563400
2025-04-03 07:00:00,47.94,49.9,47.55,47.55,800900
2025-04-04 07:00:00,44.26,47.55,44.26,44.26,2125400
2025-04-08 07:00:00,42.74,44.12,41.17,41.17,784300
2025-04-09 07:00:00,38.33,41.17,38.33,38.33,1657300
2025-04-10 07:00:00,40.98,40.98,40.98,40.98,56800
2025-04-11 07:00:00,43.33,43.33,41.86,43.14,1115800
2025-04-14 07:00:00,43.77,44.12,43.33,43.72,520300
2025-04-15 07:00:00,43.23,43.72,42.11,43.14,1029700
2025-04-16 07:00:00,42.69,44.7,42.69,43.18,680400
2025-04-17 07:00:00,43.18,44.56,43.14,44.46,558500
2025-04-18 07:00:00,44.75,45.0,44.12,44.12,536100
2025-04-21 07:00:00,44.56,44.56,42.74,43.14,402800
2025-04-22 07:00:00,42.69,43.04,40.19,42.55,1658000
2025-04-23 07:00:00,44.12,44.12,43.14,43.14,501600
2025-04-24 07:00:00,43.23,45.68,43.23,45.54,1257700
2025-04-25 07:00:00,45.83,46.37,45.19,45.19,629400
2025-04-28 07:00:00,45.78,45.78,44.8,45.1,206200
2025-04-29 07:00:00,45.29,45.73,44.61,45.05,296500
2025-05-05 07:00:00,45.68,45.98,44.66,45.19,300700
2025-05-06 07:00:00,45.24,47.25,45.1,46.57,1032100
2025-05-07 07:00:00,46.17,48.33,46.17,48.04,1320500
2025-05-08 07:00:00,48.18,48.18,47.06,47.94,598200
2025-05-09 07:00:00,47.79,48.87,47.2,47.25,582400
2025-05-12 07:00:00,47.25,47.89,46.91,47.84,496000
2025-05-13 07:00:00,48.82,48.82,47.84,48.14,479300
2025-05-14 07:00:00,48.48,48.48,47.55,48.23,392900
2025-05-15 07:00:00,48.23,49.31,47.84,48.63,770100
2025-05-16 07:00:00,48.67,48.82,47.3,47.3,291400
2025-05-19 07:00:00,47.3,47.79,47.2,47.3,338200
2025-05-20 07:00:00,47.25,48.82,46.96,48.72,859200
2025-05-21 07:00:00,49.21,49.9,48.82,49.31,569700
2025-05-22 07:00:00,48.18,49.61,48.18,48.53,413600
2025-05-23 07:00:00,48.67,49.21,48.28,48.67,250000
2025-05-26 07:00:00,48.72,50.39,48.33,50.39,1265300
2025-05-27 07:00:00,50.68,51.66,50.19,51.47,936400
2025-05-28 07:00:00,50.98,51.47,50.1,51.37,429300
2025-05-29 07:00:00,51.17,51.27,50.39,50.59,307500
2025-05-30 07:00:00,50.39,50.49,49.51,49.61,460300
2025-06-02 07:00:00,50.39,50.39,48.82,49.51,444300
2025-06-03 07:00:00,49.61,50.78,49.61,50.39,516000
2025-06-04 07:00:00,50.68,50.68,49.7,50.29,269600
2025-06-05 07:00:00,50.29,50.29,48.97,49.41,879500
2025-06-06 07:00:00,49.02,49.51,48.53,48.53,445100
2025-06-09 07:00:00,48.43,49.02,47.65,47.65,560400
2025-06-10 07:00:00,48.04,48.82,47.65,47.94,297000
2025-06-11 07:00:00,48.04,48.48,47.84,48.43,315500
2025-06-12 07:00:00,48.92,48.92,48.33,48.82,247900
2025-06-13 07:00:00,48.48,48.63,48.14,48.33,286900
2025-06-16 07:00:00,48.33,50.68,48.33,50.59,785100
2025-06-17 07:00:00,50.88,51.47,50.1,50.68,636200
2025-06-18 07:00:00,50.68,51.08,50.49,50.88,245700
2025-06-19 07:00:00,51.08,51.17,50.29,50.29,232000
2025-06-20 07:00:00,50.49,51.08,49.61,49.61,521800
2025-06-23 07:00:00,49.61,50.78,49.02,50.19,266300
2025-06-24 07:00:00,50.49,53.04,50.49,53.04,987900
2025-06-25 07:00:00,53.04,53.04,51.66,51.66,290000
2025-06-26 07:00:00,52.35,52.35,51.37,51.47,181700
2025-06-27 07:00:00,51.27,52.25,51.08,51.17,381300
2025-06-30 07:00:00,51.37,52.65,50.98,52.06,360400
2025-07-01 07:00:00,51.66,53.23,50.68,52.55,655500
2025-07-02 07:00:00,52.25,53.33,52.25,52.45,515400
2025-07-03 07:00:00,51.96,52.65,51.47,51.96,606200
2025-07-04 07:00:00,51.76,53.92,51.37,53.82,529900
2025-07-07 07:00:00,53.14,53.82,52.74,53.43,303500
2025-07-08 07:00:00,53.43,53.43,52.74,52.84,245400
2025-07-09 07:00:00,53.23,53.92,52.74,52.84,811100
2025-07-10 07:00:00,52.84,53.23,52.06,52.94,455500
2025-07-11 07:00:00,52.94,53.72,52.65,52.65,525900
2025-07-14 07:00:00,52.65,53.33,52.45,52.84,364700
2025-07-15 07:00:00,53.23,53.72,52.45,52.74,652600
2025-07-16 07:00:00,52.74,53.33,52.25,53.33,291600
2025-07-17 07:00:00,53.33,53.43,52.35,52.45,542500
2025-07-18 07:00:00,52.25,52.35,51.37,51.47,593000
2025-07-21 07:00:00,51.47,51.76,50.68,50.88,421600
2025-07-22 07:00:00,50.68,51.47,50.59,51.47,349300
2025-07-23 07:00:00,51.66,52.15,51.27,51.37,366900
2025-07-24 07:00:00,51.66,51.86,50.98,51.17,298800
2025-07-25 07:00:00,51.27,51.66,50.88,50.98,698000
2025-07-28 07:00:00,50.98,52.06,50.88,51.17,750300
2025-07-29 07:00:00,51.27,51.57,48.63,48.63,949800
2025-07-30 07:00:00,48.23,49.12,48.23,48.58,553600
2025-07-31 07:00:00,49.21,49.31,48.09,48.28,1132800
2025-08-01 07:00:00,48.53,49.02,48.28,49.02,849300
2025-08-04 07:00:00,49.02,49.7,48.97,49.02,667400
2025-08-05 07:00:00,49.21,50.0,48.82,48.82,1114000
2025-08-06 07:00:00,49.02,50.19,48.82,50.19,653100
2025-08-07 07:00:00,50.49,50.98,50.1,50.98,818400
2025-08-08 07:00:00,50.98,51.47,50.49,50.98,715500
2025-08-11 07:00:00,51.08,53.23,51.08,52.55,1559900
2025-08-12 07:00:00,52.94,52.94,51.47,52.35,908000
2025-08-13 07:00:00,52.84,55.98,52.84,55.98,2711000
2025-08-14 07:00:00,59.61,59.8,58.33,59.7,2568100
2025-08-15 07:00:00,62.94,63.04,58.53,60.59,2216600
2025-08-18 07:00:00,61.27,64.21,58.63,61.57,1702200
2025-08-19 07:00:00,61.66,61.66,59.8,60.0,1127000
2025-08-20 07:00:00,60.29,60.49,57.06,58.23,1244700
2025-08-21 07:00:00,57.64,60.19,57.15,58.82,1371600
2025-08-22 07:00:00,57.35,58.63,55.29,55.98,1207400
2025-08-25 07:00:00,56.27,58.33,56.17,57.35,683400
2025-08-26 07:00:00,57.35,59.7,56.08,59.31,720100
2025-08-27 07:00:00,58.82,59.51,57.94,58.53,594100
2025-08-28 07:00:00,58.63,59.31,57.64,59.31,576300
2025-08-29 07:00:00,60.0,60.0,56.37,57.74,724700
2025-09-03 07:00:00,56.96,58.53,56.96,57.25,382300
2025-09-04 07:00:00,57.25,59.41,57.25,59.31,568700
2025-09-05 07:00:00,59.9,59.9,57.35,57.35,743500
2025-09-08 07:00:00,57.64,57.64,55.78,55.78,689800
2025-09-09 07:00:00,55.49,55.98,54.9,55.68,289300
2025-09-10 07:00:00,55.68,57.06,55.68,56.17,213400
2025-09-11 07:00:00,56.17,56.66,54.7,56.57,405400
2025-09-12 07:00:00,57.06,57.45,56.37,56.57,319500
2025-09-15 07:00:00,56.57,58.14,56.57,58.14,350600
2025-09-16 07:00:00,58.33,58.33,57.06,57.25,344600
2025-09-17 07:00:00,56.96,59.7,56.96,58.33,830100
2025-09-18 07:00:00,58.82,58.82,57.35,57.55,205500
2025-09-19 07:00:00,58.04,58.04,56.76,56.76,400300
2025-09-22 07:00:00,56.37,56.57,55.1,55.39,351100
2025-09-23 07:00:00,55.39,55.78,54.9,54.9,167500
2025-09-24 07:00:00,54.9,55.59,53.92,55.39,319700
2025-09-25 07:00:00,55.49,55.88,55.0,55.39,156000
2025-09-26 07:00:00,55.39,56.08,55.19,55.39,263000
2025-09-29 07:00:00,55.59,55.59,54.51,55.1,208800
2025-09-30 07:00:00,54.9,55.29,53.63,54.21,360700
2025-10-01 07:00:00,54.21,54.41,53.82,53.82,164500
2025-10-02 07:00:00,53.92,54.41,53.04,53.04,180500
2025-10-03 07:00:00,52.65,53.04,51.86,51.96,236300
2025-10-06 07:00:00,52.74,53.43,52.45,53.43,248100
2025-10-07 07:00:00,53.33,53.53,52.25,52.35,443700
2025-10-08 07:00:00,53.33,53.82,52.74,53.72,240900
2025-10-09 07:00:00,53.33,54.12,53.33,54.02,178600
2025-10-10 07:00:00,54.12,54.12,52.94,53.43,396900
2025-10-13 07:00:00,53.33,53.33,51.37,51.76,550400
2025-10-14 07:00:00,52.06,52.55,50.68,50.98,817000
2025-10-15 07:00:00,50.98,50.98,49.51,50.0,725100
2025-10-16 07:00:00,50.0,50.39,48.04,50.39,362900
2025-10-17 07:00:00,50.88,50.88,49.12,49.51,314400
2025-10-20 07:00:00,49.41,49.7,46.17,46.17,635300
2025-10-21 07:00:00,46.57,48.04,46.37,48.04,508400
2025-10-22 07:00:00,48.53,48.72,47.45,48.33,144300
2025-10-23 07:00:00,48.33,48.53,48.14,48.43,87900
2025-10-24 07:00:00,48.43,48.53,47.3,47.79,307300
2025-10-27 07:00:00,47.79,49.61,47.79,48.82,271900
2025-10-28 07:00:00,48.82,48.97,48.33,48.92,164500
2025-10-29 07:00:00,49.02,49.9,48.87,49.21,344100
2025-10-30 07:00:00,49.21,49.8,49.12,49.61,219100
2025-10-31 07:00:00,50.29,51.37,49.7,49.8,737800
2025-11-03 07:00:00,50.39,53.23,49.9,53.23,877500
2025-11-04 07:00:00,53.82,54.12,50.68,53.23,1009800
2025-11-05 07:00:00,53.04,54.8,52.55,53.43,835000
2025-11-06 07:00:00,54.02,54.02,52.15,53.04,347700
2025-11-07 07:00:00,53.04,53.33,50.78,50.98,465800
2025-11-10 07:00:00,51.08,53.04,50.98,51.96,367500
2025-11-11 07:00:00,52.45,53.04,52.06,52.35,281200
2025-11-12 07:00:00,52.35,55.19,52.06,54.9,827800
2025-11-13 07:00:00,55.68,55.68,54.02,54.9,451500
2025-11-14 07:00:00,54.5,56.1,54.5,55.3,530700
2025-11-17 07:00:00,55.8,55.8,54.0,54.1,433400
2025-11-18 07:00:00,54.1,54.2,53.3,54.2,404500
2025-11-19 07:00:00,54.1,55.1,54.1,54.2,327900
2025-11-20 07:00:00,54.2,55.7,54.2,55.3,748300
2025-11-21 07:00:00,54.7,55.3,53.0,54.1,467200
2025-11-24 07:00:00,54.1,54.2,53.1,53.2,199300
2025-11-25 07:00:00,53.2,53.2,51.9,51.9,349200
2025-11-26 07:00:00,52.3,52.3,51.6,51.9,163500
2025-11-27 07:00:00,52.5,52.9,52.0,52.9,151600
2025-11-28 07:00:00,52.9,53.0,52.0,52.1,156400
2025-12-01 07:00:00,52.1,52.2,51.5,51.5,203000
2025-12-02 07:00:00,51.4,52.3,50.4,51.7,496700
2025-12-03 07:00:00,51.8,53.4,51.8,53.4,389000
2025-12-04 07:00:00,53.5,53.5,52.7,52.8,347700
2025-12-05 07:00:00,53.2,53.2,51.9,52.0,386700
2025-12-08 07:00:00,52.0,55.6,52.0,55.6,1282300
2025-12-09 07:00:00,56.5,57.0,54.2,55.0,855400
2025-12-10 07:00:00,55.4,55.4,53.1,54.3,554800
2025-12-11 07:00:00,54.2,55.3,53.4,54.6,501000
2025-12-12 07:00:00,54.6,54.8,52.0,52.0,578300
2025-12-15 07:00:00,51.9,53.0,51.6,52.7,303800
2025-12-16 07:00:00,52.6,53.6,51.0,53.4,446500
2025-12-17 07:00:00,53.2,54.4,53.0,53.4,347300
2025-12-18 07:00:00,53.5,54.2,53.2,53.4,291900
2025-12-19 07:00:00,53.4,54.1,52.3,54.0,339400
2025-12-22 07:00:00,54.0,56.0,53.7,56.0,828400
2025-12-23 07:00:00,55.9,57.1,54.8,56.0,584400
2025-12-24 07:00:00,56.0,56.0,54.5,56.0,442800
2025-12-25 07:00:00,56.0,56.0,54.6,55.3,380300
2025-12-26 07:00:00,54.5,55.9,52.8,55.9,715000
2025-12-29 07:00:00,55.9,59.8,55.5,59.8,1306800
2025-12-30 07:00:00,60.0,60.0,58.2,59.4,452900
2025-12-31 07:00:00,59.1,59.5,56.8,56.8,625000
2026-01-05 07:00:00,56.9,59.0,56.2,57.3,601100
2026-01-06 07:00:00,57.3,61.3,57.3,61.3,920400
2026-01-07 07:00:00,63.0,65.5,63.0,65.5,1593200
2026-01-08 07:00:00,70.0,70.0,66.0,66.2,3021300
2026-01-09 07:00:00,69.0,69.4,66.6,67.5,1864400
2026-01-12 07:00:00,67.9,70.0,64.1,66.0,1804600
2026-01-13 07:00:00,65.1,68.0,64.8,67.9,1210600
2026-01-14 07:00:00,68.6,72.0,67.2,68.5,2486700
2026-01-15 07:00:00,68.7,73.2,67.3,73.2,2122500
2026-01-16 07:00:00,78.0,78.0,73.5,73.7,2961800
2026-01-19 07:00:00,73.7,73.7,70.2,71.3,1369600
2026-01-20 07:00:00,72.0,75.9,70.8,73.0,1698100
2026-01-21 07:00:00,71.3,75.4,71.3,73.9,1271800
2026-01-22 07:00:00,74.8,78.5,73.0,76.0,1644300
2026-01-23 07:00:00,75.2,75.2,72.1,72.6,1249000
2026-01-26 07:00:00,71.1,71.1,67.6,67.8,1937800
2026-01-27 07:00:00,68.3,70.8,66.9,69.0,1368400
2026-01-28 07:00:00,70.2,70.4,67.4,68.8,964300
2026-01-29 07:00:00,68.8,69.3,66.6,69.1,748000
2026-01-30 07:00:00,69.3,71.0,68.5,69.8,707100
2026-02-02 07:00:00,69.8,74.6,69.8,74.6,1682700
2026-02-03 07:00:00,75.0,79.8,73.0,79.8,1985700
2026-02-04 07:00:00,79.9,84.5,79.0,82.0,1943400
2026-02-05 07:00:00,81.4,82.7,79.1,79.5,973400
2026-02-06 07:00:00,77.5,82.0,75.2,78.0,1731400
2026-02-09 07:00:00,77.9,79.0,76.0,76.5,524900
2026-02-10 07:00:00,77.8,79.2,72.0,74.9,1152300
2026-02-11 07:00:00,75.0,80.0,73.5,78.3,1019800
2026-02-12 07:00:00,79.0,79.3,76.3,76.6,394100
2026-02-13 07:00:00,77.1,77.1,74.0,76.0,646400
2026-02-23 07:00:00,77.0,81.3,76.8,81.3,835500
2026-02-24 07:00:00,83.6,84.0,82.0,84.0,721600
2026-02-25 07:00:00,84.4,87.4,79.5,86.0,1181200
2026-02-26 07:00:00,85.1,85.5,81.9,84.0,615300
2026-02-27 07:00:00,83.9,84.2,80.0,81.1,975100
2026-03-02 07:00:00,79.7,85.0,79.5,82.1,797400
2026-03-03 07:00:00,82.0,84.7,81.3,81.6,589400
2026-03-04 07:00:00,81.6,82.1,75.9,80.0,1456800
2026-03-05 07:00:00,80.1,81.5,76.0,76.0,668100
2026-03-06 07:00:00,74.7,77.4,74.0,76.6,979400
2026-03-09 07:00:00,71.4,73.9,71.3,71.3,500700
2026-03-10 07:00:00,73.8,74.7,70.9,71.3,1029600
2026-03-11 07:00:00,71.0,75.5,70.5,74.5,599100
2026-03-12 07:00:00,74.4,78.0,72.3,72.3,788500
2026-03-13 07:00:00,72.4,74.4,71.3,72.7,555100
2026-03-16 07:00:00,73.4,74.4,71.9,72.0,319900
2026-03-17 07:00:00,72.9,75.7,72.9,75.7,554500
2026-03-18 07:00:00,76.7,76.7,72.4,75.2,489900
2026-03-19 07:00:00,73.7,75.5,73.2,74.4,466600
2026-03-20 07:00:00,73.9,77.6,73.9,76.0,901300
2026-03-23 07:00:00,75.8,76.5,72.6,75.1,453700
2026-03-24 07:00:00,76.5,80.3,75.4,80.3,1675200
2026-03-25 07:00:00,81.0,85.9,80.6,85.9,1532500
2026-03-26 07:00:00,85.7,85.7,81.5,81.5,802700
2026-03-27 07:00:00,81.5,84.0,81.0,84.0,439300
2026-03-30 07:00:00,81.8,86.5,81.4,84.5,762400
2026-03-31 07:00:00,84.0,85.0,81.7,82.5,459500
2026-04-01 07:00:00,84.8,84.8,81.9,83.8,390300
2026-04-02 07:00:00,83.8,88.5,81.5,82.5,1405000
2026-04-03 07:00:00,83.5,85.3,78.0,85.0,856100
2026-04-06 07:00:00,85.0,85.1,81.2,81.2,347300
2026-04-07 07:00:00,81.0,81.9,77.8,79.9,619600
2026-04-08 07:00:00,81.5,83.5,79.7,83.5,506900
2026-04-09 07:00:00,82.6,83.0,79.5,79.8,575200
2026-04-10 07:00:00,78.5,80.2,75.3,76.4,1598500
2026-04-13 07:00:00,77.3,77.3,75.1,75.1,540800
2026-04-14 07:00:00,75.6,77.1,75.1,75.2,389400
2026-04-15 07:00:00,76.0,76.4,73.9,74.0,582300
2026-04-16 07:00:00,73.5,74.3,70.9,73.5,1682500
2026-04-17 07:00:00,73.9,74.1,72.4,72.6,425400
2026-04-20 07:00:00,72.9,73.9,71.9,72.3,449000
2026-04-21 07:00:00,72.7,72.9,71.2,71.2,369200
2026-04-22 07:00:00,71.2,72.3,70.6,70.8,453900
2026-04-23 07:00:00,70.8,71.5,67.3,71.0,1020200
2026-04-24 07:00:00,71.2,72.6,70.8,71.8,491900
2026-04-28 07:00:00,71.8,72.0,69.5,71.0,589400
2026-04-29 07:00:00,70.1,70.9,69.2,70.5,483300
2026-05-04 07:00:00,70.1,72.0,70.1,70.2,485500
2026-05-05 07:00:00,70.2,70.8,68.3,69.2,665000
2026-05-06 07:00:00,69.5,69.8,68.3,68.5,610700
2026-05-07 07:00:00,68.2,69.4,67.2,67.2,945800
2026-05-08 07:00:00,68.5,68.5,65.1,66.0,1406600
2026-05-11 07:00:00,66.0,66.4,62.9,63.7,1412000
2026-05-12 07:00:00,63.4,66.9,63.4,66.6,1034000
2026-05-13 07:00:00,66.8,69.2,66.4,68.7,1434000
2026-05-14 07:00:00,68.7,68.7,67.8,67.9,532700
2026-05-15 07:00:00,68.0,68.0,66.4,67.1,488900
2026-05-18 07:00:00,67.6,71.7,67.5,71.7,1824600
2026-05-19 07:00:00,72.5,72.5,69.7,71.0,846100
2026-05-20 07:00:00,70.2,71.7,68.0,70.5,1116600
2026-05-21 07:00:00,71.0,72.3,69.6,72.2,714400
2026-05-22 07:00:00,71.2,72.0,70.1,72.0,525900
2026-05-25 07:00:00,71.1,71.3,70.1,70.1,379300
2026-05-26 07:00:00,70.4,70.5,69.2,69.2,477900
2026-05-27 07:00:00,69.2,69.2,66.8,68.1,611900
2026-05-28 07:00:00,68.1,68.4,67.0,67.0,184400
2026-05-29 07:00:00,66.8,68.2,66.0,67.7,477100
2026-06-01 07:00:00,68.1,68.1,67.0,67.1,99800
2026-06-02 07:00:00,67.4,69.7,66.8,69.7,1032500
2026-06-03 07:00:00,69.7,69.7,68.6,69.7,242500
2026-06-04 07:00:00,69.6,70.4,69.3,70.0,421300
2026-06-05 07:00:00,70.1,70.1,69.0,69.7,249700
2026-06-08 07:00:00,68.9,68.9,66.6,66.6,299600
2026-06-09 07:00:00,67.3,67.5,64.2,67.5,456900
2026-06-10 07:00:00,66.9,67.9,65.5,66.2,392100
2026-06-11 07:00:00,65.5,67.5,65.5,67.5,252700
2026-06-12 07:00:00,67.1,67.5,65.6,65.6,261300
2026-06-15 07:00:00,66.2,66.4,65.2,65.2,305400
2026-06-16 07:00:00,65.2,67.0,65.1,65.5,310200
2026-06-17 07:00:00,65.8,66.9,65.6,66.9,251200
2026-06-18 07:00:00,67.0,67.3,66.2,67.0,304500
2026-06-19 07:00:00,66.5,67.0,65.9,66.8,291700
2026-06-22 07:00:00,66.3,66.5,66.0,66.0,270500
2026-06-23 07:00:00,66.6,66.6,64.9,64.9,424700
2026-06-24 07:00:00,64.8,65.0,63.0,64.3,448000
2026-06-25 07:00:00,64.0,64.6,63.2,63.6,334500
2026-06-26 07:00:00,63.2,64.1,63.1,63.4,326900
2026-06-29 07:00:00,63.4,65.4,61.7,64.9,678200
2026-06-30 07:00:00,64.4,64.6,63.6,64.6,175900
2026-07-01 07:00:00,64.5,64.8,63.7,64.0,266100
2026-07-02 07:00:00,63.7,64.1,62.8,63.3,405800
2026-07-03 07:00:00,63.0,63.1,62.2,62.3,296900
2026-07-06 07:00:00,62.3,62.4,59.7,60.0,861300
2026-07-07 07:00:00,60.2,61.5,59.0,59.5,528700
2026-07-08 07:00:00,60.2,60.6,59.5,60.4,316200
2026-07-09 07:00:00,60.8,60.8,59.5,60.1,368500
2026-07-10 07:00:00,60.0,60.6,59.0,59.0,239000
2026-07-13 07:00:00,59.4,59.4,57.5,57.5,390600
2026-07-14 07:00:00,57.5,59.0,57.5,58.6,327600
2026-07-15 07:00:00,58.6,60.2,58.6,59.0,417500
2026-07-16 07:00:00,59.0,60.6,57.2,60.5,671100
2026-07-17 07:00:00,60.7,61.3,59.7,60.0,312000
2026-07-20 07:00:00,59.8,60.2,58.0,58.1,278300
2026-07-21 07:00:00,58.0,59.2,56.0,58.3,382200
2026-07-22 07:00:00,58.0,58.8,57.1,57.1,281600
2026-07-23 07:00:00,57.1,57.5,55.2,57.2,238600
2026-07-24 07:00:00,56.9,58.0,56.1,57.0,167300
2026-07-27 07:00:00,57.1,58.8,57.0,57.5,240100
2026-07-28 07:00:00,57.5,57.8,56.0,56.6,156400
2026-07-29 07:00:00,56.6,59.0,56.6,59.0,325800
2026-07-30 07:00:00,59.0,61.4,58.4,61.1,539500
2026-07-31 07:00:00,61.1,63.3,60.1,60.1,720500
2026-08-03 07:00:00,61.2,64.3,60.9,64.3,937000
2026-08-04 07:00:00,64.3,64.9,62.9,63.0,255900
2026-08-05 07:00:00,63.0,63.9,61.7,63.9,612400
2026-08-06 07:00:00,63.9,63.9,62.5,62.8,103700
2026-08-07 07:00:00,62.6,67.1,62.4,66.9,1276400
