time,open,high,low,close,volume
2018-08-09 07:00:00,7.2,7.73,7.18,7.66,2340880
2018-08-10 07:00:00,7.69,7.71,7.55,7.59,1224940
2018-08-13 07:00:00,7.62,7.83,7.57,7.62,1699830
2018-08-14 07:00:00,7.81,7.81,7.67,7.67,1250210
2018-08-15 07:00:00,7.67,7.69,7.52,7.52,1092560
2018-08-16 07:00:00,7.32,7.54,7.32,7.47,762080
2018-08-17 07:00:00,7.52,7.76,7.52,7.74,1195940
2018-08-20 07:00:00,7.74,8.2,7.72,8.11,3190220
2018-08-21 07:00:00,8.06,8.25,8.06,8.15,1396440
2018-08-22 07:00:00,8.13,8.42,8.13,8.25,1590470
2018-08-23 07:00:00,8.15,8.28,8.13,8.13,1083800
2018-08-24 07:00:00,8.13,8.5,8.06,8.35,1550180
2018-08-27 07:00:00,8.42,8.57,8.25,8.3,1460270
2018-08-28 07:00:00,8.35,8.4,8.23,8.25,1160720
2018-08-29 07:00:00,8.25,8.45,8.2,8.35,1342500
2018-08-30 07:00:00,8.28,8.45,8.28,8.4,1144140
2018-08-31 07:00:00,8.45,8.72,8.42,8.52,1861800
2018-09-04 07:00:00,8.55,8.72,8.37,8.37,1072250
2018-09-05 07:00:00,8.35,8.42,8.18,8.18,1639130
2018-09-06 07:00:00,8.3,8.3,8.06,8.06,958240
2018-09-07 07:00:00,8.06,8.2,8.01,8.15,679850
2018-09-10 07:00:00,8.18,8.25,7.91,7.96,1405240
2018-09-11 07:00:00,7.96,8.15,7.91,8.15,1687080
2018-09-12 07:00:00,8.25,8.42,8.18,8.3,1592330
2018-09-13 07:00:00,8.37,8.4,8.28,8.35,633830
2018-09-14 07:00:00,8.4,8.42,8.2,8.35,1023380
2018-09-17 07:00:00,8.25,8.3,8.15,8.15,784500
2018-09-18 07:00:00,8.01,8.23,7.98,8.23,1784550
2018-09-19 07:00:00,8.25,8.5,8.2,8.28,2806830
2018-09-20 07:00:00,8.3,8.64,8.3,8.62,2648540
2018-09-21 07:00:00,8.64,8.69,8.45,8.64,2304770
2018-09-24 07:00:00,8.79,8.79,8.55,8.62,2067020
2018-09-25 07:00:00,8.62,8.96,8.55,8.77,2965510
2018-09-26 07:00:00,8.79,8.96,8.77,8.77,2331850
2018-09-27 07:00:00,8.77,8.84,8.72,8.81,1415180
2018-09-28 07:00:00,8.79,8.84,8.67,8.67,2019590
2018-10-01 07:00:00,8.62,8.69,8.45,8.52,2019540
2018-10-02 07:00:00,8.45,8.64,8.42,8.5,1167700
2018-10-03 07:00:00,8.5,8.69,8.5,8.59,987810
2018-10-04 07:00:00,8.69,8.79,8.59,8.79,1304560
2018-10-05 07:00:00,8.74,8.86,8.64,8.69,1902650
2018-10-08 07:00:00,8.59,8.89,8.55,8.69,3366990
2018-10-09 07:00:00,8.69,8.79,8.67,8.72,2863320
2018-10-10 07:00:00,8.72,8.79,8.57,8.57,1476310
2018-10-11 07:00:00,8.11,8.3,7.98,7.98,6901570
2018-10-12 07:00:00,7.81,8.13,7.69,8.06,1240530
2018-10-15 07:00:00,8.06,8.06,7.86,7.89,958320
2018-10-16 07:00:00,7.91,8.06,7.84,8.01,1996370
2018-10-17 07:00:00,8.06,8.2,8.06,8.15,1104280
2018-10-18 07:00:00,8.06,8.15,8.06,8.11,865300
2018-10-19 07:00:00,7.86,8.11,7.86,8.06,1283640
2018-10-22 07:00:00,8.11,8.11,7.5,7.5,7334150
2018-10-23 07:00:00,7.32,7.47,7.03,7.42,1906270
2018-10-24 07:00:00,7.28,7.42,7.01,7.01,1265460
2018-10-25 07:00:00,6.59,7.11,6.59,7.11,1517540
2018-10-26 07:00:00,7.23,7.25,6.84,6.84,895590
2018-10-29 07:00:00,6.93,6.93,6.69,6.71,917090
2018-10-30 07:00:00,6.69,6.84,6.45,6.67,836340
2018-10-31 07:00:00,6.71,6.93,6.71,6.93,790110
2018-11-01 07:00:00,6.93,7.01,6.79,6.79,700930
2018-11-02 07:00:00,6.84,7.03,6.84,6.98,601390
2018-11-05 07:00:00,6.98,7.08,6.91,7.08,462510
2018-11-06 07:00:00,7.13,7.3,7.13,7.2,976720
2018-11-07 07:00:00,7.2,7.2,6.93,7.03,513590
2018-11-08 07:00:00,7.23,7.23,7.06,7.08,289610
2018-11-09 07:00:00,7.08,7.18,6.93,6.93,416080
2018-11-12 07:00:00,6.93,7.08,6.86,6.96,750960
2018-11-13 07:00:00,6.93,7.11,6.86,6.96,885810
2018-11-14 07:00:00,6.96,7.11,6.96,6.98,477000
2018-11-15 07:00:00,6.89,7.08,6.89,6.96,562910
2018-11-16 07:00:00,7.03,7.13,6.98,7.06,734580
2018-11-19 07:00:00,7.11,7.52,7.11,7.52,1075710
2018-11-20 07:00:00,7.52,7.52,7.4,7.42,625260
2018-11-21 07:00:00,7.3,7.59,7.25,7.52,1090450
2018-11-22 07:00:00,7.62,7.64,7.47,7.52,837390
2018-11-23 07:00:00,7.42,7.57,7.37,7.52,772920
2018-11-26 07:00:00,7.45,7.5,7.42,7.47,611080
2018-11-27 07:00:00,7.47,7.52,7.42,7.47,1289020
2018-11-28 07:00:00,7.47,7.54,7.42,7.5,905990
2018-11-29 07:00:00,7.5,7.62,7.47,7.52,1119700
2018-11-30 07:00:00,7.57,7.62,7.47,7.62,1330190
2018-12-03 07:00:00,7.74,7.79,7.67,7.72,1273000
2018-12-04 07:00:00,7.67,7.74,7.54,7.54,1285730
2018-12-05 07:00:00,7.47,7.54,7.35,7.5,1635120
2018-12-06 07:00:00,7.47,7.57,7.32,7.37,1426320
2018-12-07 07:00:00,7.47,7.69,7.45,7.57,2192930
2018-12-10 07:00:00,7.47,7.57,7.45,7.5,722160
2018-12-11 07:00:00,7.5,7.69,7.47,7.67,1703690
2018-12-12 07:00:00,7.76,7.81,7.69,7.79,1945900
2018-12-13 07:00:00,7.81,8.03,7.79,7.96,2013890
2018-12-14 07:00:00,7.98,7.98,7.74,7.76,1317490
2018-12-17 07:00:00,7.69,7.74,7.52,7.52,1113550
2018-12-18 07:00:00,7.37,7.52,7.18,7.35,1909400
2018-12-19 07:00:00,7.37,7.52,7.35,7.37,658110
2018-12-20 07:00:00,7.37,7.52,7.37,7.42,712020
2018-12-21 07:00:00,7.42,7.54,7.35,7.54,736670
2018-12-24 07:00:00,7.52,7.57,7.4,7.4,446180
2018-12-25 07:00:00,7.23,7.37,6.96,7.37,2195490
2018-12-26 07:00:00,7.42,7.42,7.08,7.08,638350
2018-12-27 07:00:00,7.28,7.42,7.18,7.42,1515510
2018-12-28 07:00:00,7.32,7.81,7.32,7.57,3848030
2019-01-02 07:00:00,7.59,7.64,7.32,7.32,580840
2019-01-03 07:00:00,7.52,7.52,7.23,7.25,1106600
2019-01-04 07:00:00,7.15,7.47,7.15,7.42,646620
2019-01-07 07:00:00,7.57,7.57,7.37,7.42,402340
2019-01-08 07:00:00,7.52,7.62,7.42,7.52,1239630
2019-01-09 07:00:00,7.45,7.57,7.45,7.5,285720
2019-01-10 07:00:00,7.47,7.57,7.47,7.47,464960
2019-01-11 07:00:00,7.5,7.59,7.47,7.59,1212870
2019-01-14 07:00:00,7.64,7.86,7.59,7.81,1996580
2019-01-15 07:00:00,7.81,8.01,7.79,7.98,1913730
2019-01-16 07:00:00,7.98,8.06,7.84,7.84,1910950
2019-01-17 07:00:00,7.84,7.86,7.67,7.67,851710
2019-01-18 07:00:00,7.64,7.86,7.64,7.79,698010
2019-01-21 07:00:00,7.79,7.91,7.72,7.91,706590
2019-01-22 07:00:00,7.91,7.91,7.81,7.86,631460
2019-01-23 07:00:00,7.81,7.91,7.76,7.81,1003670
2019-01-24 07:00:00,7.89,7.89,7.74,7.74,332870
2019-01-25 07:00:00,7.74,7.76,7.62,7.64,761260
2019-01-28 07:00:00,7.64,7.81,7.64,7.72,305960
2019-01-29 07:00:00,7.72,7.86,7.67,7.84,467750
2019-01-30 07:00:00,7.84,7.84,7.76,7.84,395990
2019-01-31 07:00:00,7.89,7.91,7.64,7.64,741520
2019-02-01 07:00:00,7.74,7.74,7.62,7.69,312360
2019-02-11 07:00:00,7.76,7.86,7.72,7.84,342800
2019-02-12 07:00:00,7.89,8.23,7.89,8.18,2117750
2019-02-13 07:00:00,8.2,8.37,8.18,8.18,1788150
2019-02-14 07:00:00,8.15,8.3,8.11,8.15,685130
2019-02-15 07:00:00,8.13,8.28,8.08,8.13,1007190
2019-02-18 07:00:00,8.18,8.25,8.11,8.15,902630
2019-02-19 07:00:00,8.15,8.4,8.13,8.15,1574260
2019-02-20 07:00:00,8.15,8.25,8.13,8.18,593860
2019-02-21 07:00:00,8.15,8.23,8.03,8.06,1034660
2019-02-22 07:00:00,8.06,8.13,7.98,8.03,939920
2019-02-25 07:00:00,8.03,8.08,7.94,7.94,1471100
2019-02-26 07:00:00,7.91,8.06,7.89,7.98,855500
2019-02-27 07:00:00,8.06,8.18,8.03,8.06,1413820
2019-02-28 07:00:00,8.36,8.39,8.13,8.16,1264580
2019-03-01 07:00:00,8.16,8.34,8.16,8.31,691940
2019-03-04 07:00:00,8.49,8.71,8.49,8.66,2352560
2019-03-05 07:00:00,8.66,8.71,8.51,8.51,1911500
2019-03-06 07:00:00,8.46,8.66,8.44,8.66,1219490
2019-03-07 07:00:00,8.9,8.9,8.74,8.74,1213790
2019-03-08 07:00:00,8.64,8.74,8.53,8.56,595510
2019-03-11 07:00:00,8.51,8.61,8.51,8.53,591110
2019-03-12 07:00:00,8.69,8.69,8.43,8.56,875530
2019-03-13 07:00:00,8.56,8.66,8.51,8.53,781410
2019-03-14 07:00:00,8.53,8.74,8.48,8.66,946160
2019-03-15 07:00:00,8.69,8.69,8.58,8.61,516080
2019-03-18 07:00:00,8.58,8.64,8.48,8.53,1140500
2019-03-19 07:00:00,8.53,8.64,8.43,8.51,1347540
2019-03-20 07:00:00,8.51,8.53,8.43,8.53,588340
2019-03-21 07:00:00,8.53,8.61,8.32,8.32,926500
2019-03-22 07:00:00,8.32,8.4,8.22,8.22,929840
2019-03-25 07:00:00,8.01,8.06,7.72,7.79,1284190
2019-03-26 07:00:00,7.79,8.16,7.74,8.11,1045970
2019-03-27 07:00:00,8.11,8.27,8.01,8.11,801210
2019-03-28 07:00:00,8.11,8.16,8.03,8.11,524600
2019-03-29 07:00:00,8.24,8.24,8.01,8.03,1064390
2019-04-01 07:00:00,8.03,8.14,7.98,8.01,672770
2019-04-02 07:00:00,8.08,8.08,7.9,7.9,513890
2019-04-03 07:00:00,7.9,7.98,7.85,7.98,458160
2019-04-04 07:00:00,8.06,8.24,7.98,8.11,854390
2019-04-05 07:00:00,8.16,8.22,8.03,8.03,424400
2019-04-08 07:00:00,8.06,8.16,8.01,8.06,442440
2019-04-09 07:00:00,8.11,8.11,7.9,7.95,576810
2019-04-10 07:00:00,7.95,8.01,7.85,8.01,538600
2019-04-11 07:00:00,8.06,8.06,7.93,8.01,170660
2019-04-12 07:00:00,7.93,8.01,7.9,7.93,181060
2019-04-16 07:00:00,7.87,7.93,7.72,7.9,589210
2019-04-17 07:00:00,7.95,7.95,7.74,7.85,428410
2019-04-18 07:00:00,7.74,7.82,7.58,7.77,713200
2019-04-19 07:00:00,7.79,7.87,7.69,7.87,415540
2019-04-22 07:00:00,7.79,7.82,7.74,7.79,183530
2019-04-23 07:00:00,7.79,7.85,7.72,7.82,406930
2019-04-24 07:00:00,7.79,8.03,7.79,7.95,460410
2019-04-25 07:00:00,7.95,7.98,7.87,7.9,252240
2019-04-26 07:00:00,7.9,8.06,7.9,8.01,1040780
2019-05-02 07:00:00,8.06,8.06,7.98,8.01,550180
2019-05-03 07:00:00,7.98,8.01,7.79,7.98,715560
2019-05-06 07:00:00,7.9,8.06,7.79,7.9,768930
2019-05-07 07:00:00,7.9,7.9,7.82,7.9,433350
2019-05-08 07:00:00,7.85,7.87,7.79,7.87,255060
2019-05-09 07:00:00,7.87,7.87,7.69,7.77,1361090
2019-05-10 07:00:00,7.77,7.77,7.58,7.58,638250
2019-05-13 07:00:00,7.58,7.69,7.37,7.5,740400
2019-05-14 07:00:00,7.43,7.64,7.37,7.53,399670
2019-05-15 07:00:00,7.64,7.69,7.48,7.69,459300
2019-05-16 07:00:00,7.69,7.69,7.56,7.56,352410
2019-05-17 07:00:00,7.56,7.64,7.56,7.58,204970
2019-05-20 07:00:00,7.53,7.64,7.53,7.53,544480
2019-05-21 07:00:00,7.53,7.66,7.53,7.58,836600
2019-05-22 07:00:00,7.56,7.64,7.5,7.56,894580
2019-05-23 07:00:00,7.5,7.56,7.43,7.43,556710
2019-05-24 07:00:00,7.43,7.53,7.37,7.4,668090
2019-05-27 07:00:00,7.43,7.45,7.29,7.37,810460
2019-05-28 07:00:00,7.37,7.37,7.29,7.37,636500
2019-05-29 07:00:00,7.4,7.4,7.29,7.32,679700
2019-05-30 07:00:00,7.32,7.5,7.29,7.5,2030560
2019-05-31 07:00:00,7.56,7.56,7.4,7.5,469280
2019-06-03 07:00:00,7.45,7.45,7.29,7.32,886290
2019-06-04 07:00:00,7.32,7.5,7.29,7.32,865510
2019-06-05 07:00:00,7.37,7.45,7.27,7.32,691090
2019-06-06 07:00:00,7.19,7.43,7.14,7.29,800170
2019-06-07 07:00:00,7.32,7.35,7.24,7.35,324280
2019-06-10 07:00:00,7.32,7.4,7.24,7.24,512280
2019-06-11 07:00:00,7.11,7.27,7.11,7.27,775820
2019-06-12 07:00:00,7.22,7.27,7.16,7.22,420480
2019-06-13 07:00:00,7.22,7.22,7.14,7.19,304510
2019-06-14 07:00:00,7.14,7.35,7.14,7.35,485540
2019-06-17 07:00:00,7.24,7.32,7.19,7.27,224840
2019-06-18 07:00:00,7.19,7.27,7.16,7.22,453310
2019-06-19 07:00:00,7.16,7.27,7.16,7.16,228050
2019-06-20 07:00:00,7.16,7.22,7.11,7.19,468860
2019-06-21 07:00:00,7.19,7.24,7.14,7.19,488460
2019-06-24 07:00:00,7.19,7.24,7.16,7.19,456990
2019-06-25 07:00:00,7.16,7.19,7.08,7.19,504240
2019-06-26 07:00:00,7.08,7.19,7.08,7.11,459280
2019-06-27 07:00:00,7.11,7.11,6.93,6.93,393060
2019-06-28 07:00:00,6.9,7.11,6.85,7.11,1069540
2019-07-01 07:00:00,7.11,7.11,6.85,7.03,424260
2019-07-02 07:00:00,7.03,7.03,6.93,6.93,141520
2019-07-03 07:00:00,6.9,6.95,6.82,6.85,337630
2019-07-04 07:00:00,6.87,7.06,6.87,7.0,498440
2019-07-05 07:00:00,7.0,7.03,6.93,6.95,146780
2019-07-08 07:00:00,7.03,7.03,6.9,6.9,300800
2019-07-09 07:00:00,6.9,6.98,6.82,6.98,843160
2019-07-10 07:00:00,6.95,7.0,6.82,6.9,485280
2019-07-11 07:00:00,6.9,7.03,6.87,6.95,404970
2019-07-12 07:00:00,6.93,7.06,6.9,6.9,569710
2019-07-15 07:00:00,6.9,7.0,6.9,6.95,883050
2019-07-16 07:00:00,6.98,7.0,6.93,6.95,992790
2019-07-17 07:00:00,7.0,7.43,6.93,7.43,1927730
2019-07-18 07:00:00,7.32,7.43,7.24,7.24,788700
2019-07-19 07:00:00,7.24,7.56,7.22,7.29,669180
2019-07-22 07:00:00,7.32,7.43,7.24,7.27,853290
2019-07-23 07:00:00,7.32,7.32,7.16,7.27,502070
2019-07-24 07:00:00,7.27,7.32,7.16,7.16,352490
2019-07-25 07:00:00,7.16,7.43,7.16,7.32,1181200
2019-07-26 07:00:00,7.24,7.35,7.22,7.22,248780
2019-07-29 07:00:00,7.19,7.27,7.19,7.24,564250
2019-07-30 07:00:00,7.22,7.22,7.0,7.06,832920
2019-07-31 07:00:00,6.85,7.06,6.82,6.93,1458230
2019-08-01 07:00:00,6.87,7.03,6.87,6.98,386190
2019-08-02 07:00:00,6.95,6.95,6.85,6.87,362730
2019-08-05 07:00:00,6.87,6.98,6.79,6.79,638890
2019-08-06 07:00:00,6.71,6.77,6.58,6.61,566070
2019-08-07 07:00:00,6.71,6.71,6.58,6.64,532570
2019-08-08 07:00:00,6.58,6.79,6.58,6.77,603210
2019-08-09 07:00:00,6.77,6.82,6.69,6.77,234300
2019-08-12 07:00:00,6.74,6.74,6.64,6.74,321280
2019-08-13 07:00:00,6.64,6.77,6.64,6.74,424590
2019-08-14 07:00:00,7.07,7.07,6.74,6.85,302360
2019-08-15 07:00:00,6.85,6.93,6.71,6.93,422370
2019-08-16 07:00:00,6.93,6.96,6.85,6.93,498670
2019-08-19 07:00:00,6.85,6.96,6.85,6.96,371940
2019-08-20 07:00:00,6.96,7.43,6.96,7.43,2533660
2019-08-21 07:00:00,7.46,7.68,7.46,7.46,1411240
2019-08-22 07:00:00,7.43,7.65,7.43,7.49,679840
2019-08-23 07:00:00,7.49,7.68,7.43,7.68,1236870
2019-08-26 07:00:00,7.57,8.01,7.54,7.96,2178250
2019-08-27 07:00:00,8.12,8.26,7.98,8.04,2096860
2019-08-28 07:00:00,8.04,8.15,7.93,7.93,957610
2019-08-29 07:00:00,7.93,8.07,7.9,7.9,871900
2019-08-30 07:00:00,7.9,8.01,7.76,7.93,1046020
2019-09-03 07:00:00,7.98,7.98,7.63,7.68,769120
2019-09-04 07:00:00,7.98,7.82,7.6,7.82,652330
2019-09-05 07:00:00,7.79,7.93,7.76,7.82,400870
2019-09-06 07:00:00,7.85,7.85,7.71,7.71,283240
2019-09-09 07:00:00,7.71,7.71,7.57,7.6,457630
2019-09-10 07:00:00,7.54,7.71,7.38,7.38,701930
2019-09-11 07:00:00,7.38,7.49,7.32,7.46,477980
2019-09-12 07:00:00,7.57,7.74,7.51,7.71,676820
2019-09-13 07:00:00,7.68,7.79,7.65,7.76,520880
2019-09-16 07:00:00,7.82,7.98,7.74,7.87,1233460
2019-09-17 07:00:00,7.79,7.98,7.79,7.96,830160
2019-09-18 07:00:00,7.9,7.98,7.74,7.82,557030
2019-09-19 07:00:00,7.82,7.87,7.68,7.76,531300
2019-09-20 07:00:00,7.76,7.79,7.51,7.51,547830
2019-09-23 07:00:00,7.51,7.79,7.51,7.63,907350
2019-09-24 07:00:00,7.6,7.79,7.6,7.76,660060
2019-09-25 07:00:00,7.74,7.98,7.68,7.98,1558300
2019-09-26 07:00:00,8.07,8.15,7.93,8.01,1465540
2019-09-27 07:00:00,8.01,8.09,7.93,7.96,1126090
2019-09-30 07:00:00,7.96,8.26,7.96,8.01,1806400
2019-10-01 07:00:00,8.01,8.26,8.01,8.26,1334860
2019-10-02 07:00:00,8.34,8.45,8.23,8.26,2442440
2019-10-03 07:00:00,8.15,8.43,8.15,8.34,1708480
2019-10-04 07:00:00,8.45,8.45,8.12,8.15,949980
2019-10-07 07:00:00,8.23,8.43,8.09,8.18,2871720
2019-10-08 07:00:00,8.26,8.34,8.15,8.18,1055730
2019-10-09 07:00:00,8.18,8.21,8.04,8.07,1166580
2019-10-10 07:00:00,8.07,8.15,8.01,8.01,1249170
2019-10-11 07:00:00,8.01,8.09,7.96,8.01,873020
2019-10-14 07:00:00,8.12,8.15,8.07,8.07,924530
2019-10-15 07:00:00,8.07,8.09,8.01,8.09,727710
2019-10-16 07:00:00,8.12,8.15,8.04,8.04,685620
2019-10-17 07:00:00,8.04,8.04,7.87,7.87,1161380
2019-10-18 07:00:00,7.87,7.93,7.82,7.82,953710
2019-10-21 07:00:00,7.87,7.87,7.68,7.74,1261590
2019-10-22 07:00:00,7.74,7.85,7.71,7.76,512070
2019-10-23 07:00:00,7.76,7.85,7.76,7.79,407110
2019-10-24 07:00:00,7.82,7.96,7.82,7.9,768260
2019-10-25 07:00:00,7.9,7.96,7.87,7.96,283570
2019-10-28 07:00:00,7.96,8.01,7.85,7.85,456670
2019-10-29 07:00:00,7.85,7.85,7.63,7.63,1104730
2019-10-30 07:00:00,7.63,7.79,7.57,7.68,533700
2019-10-31 07:00:00,7.68,7.68,7.4,7.4,1465420
2019-11-01 07:00:00,7.4,7.46,7.27,7.4,1296750
2019-11-04 07:00:00,7.43,7.63,7.43,7.6,930510
2019-11-05 07:00:00,7.6,7.63,7.54,7.54,610190
2019-11-06 07:00:00,7.54,7.74,7.51,7.63,989810
2019-11-07 07:00:00,7.6,7.68,7.57,7.6,243190
2019-11-08 07:00:00,7.65,7.65,7.46,7.46,496050
2019-11-11 07:00:00,7.46,7.49,7.35,7.35,494350
2019-11-12 07:00:00,7.4,7.65,7.4,7.54,1073180
2019-11-13 07:00:00,7.54,7.68,7.51,7.51,480830
2019-11-14 07:00:00,7.54,7.54,7.46,7.46,289200
2019-11-15 07:00:00,7.46,7.68,7.46,7.63,961380
2019-11-18 07:00:00,7.65,7.68,7.51,7.51,385680
2019-11-19 07:00:00,7.51,7.6,7.49,7.57,392860
2019-11-20 07:00:00,7.65,7.65,7.51,7.51,243810
2019-11-21 07:00:00,7.54,7.57,7.46,7.46,488120
2019-11-22 07:00:00,7.46,7.51,7.18,7.21,664940
2019-11-25 07:00:00,7.29,7.4,7.21,7.21,524750
2019-11-26 07:00:00,7.21,7.43,7.21,7.29,581590
2019-11-27 07:00:00,7.35,7.4,7.27,7.29,546410
2019-11-28 07:00:00,7.29,7.35,7.21,7.29,550060
2019-11-29 07:00:00,7.32,7.32,7.21,7.24,227220
2019-12-02 07:00:00,7.27,7.32,7.07,7.27,601600
2019-12-03 07:00:00,7.24,7.32,7.18,7.18,455030
2019-12-04 07:00:00,7.27,7.38,7.16,7.38,380030
2019-12-05 07:00:00,7.43,7.46,7.35,7.4,792350
2019-12-06 07:00:00,7.4,7.43,7.35,7.38,284110
2019-12-09 07:00:00,7.38,7.46,7.35,7.43,561950
2019-12-10 07:00:00,7.46,7.46,7.32,7.32,429740
2019-12-11 07:00:00,7.32,7.4,7.29,7.4,281710
2019-12-12 07:00:00,7.43,7.6,7.43,7.57,1405630
2019-12-13 07:00:00,7.63,7.74,7.54,7.57,743620
2019-12-16 07:00:00,7.57,7.6,7.51,7.54,462300
2019-12-17 07:00:00,7.54,7.54,7.4,7.4,393420
2019-12-18 07:00:00,7.4,7.46,7.29,7.29,641100
2019-12-19 07:00:00,7.29,7.43,7.24,7.4,421800
2019-12-20 07:00:00,7.38,7.43,7.38,7.4,268340
2019-12-23 07:00:00,7.4,7.43,7.32,7.4,449330
2019-12-24 07:00:00,7.68,7.68,7.46,7.54,1537780
2019-12-25 07:00:00,7.57,7.79,7.57,7.74,969440
2019-12-26 07:00:00,7.74,7.85,7.63,7.63,1047700
2019-12-27 07:00:00,7.68,7.68,7.6,7.6,569460
2019-12-30 07:00:00,7.6,7.65,7.46,7.51,866360
2019-12-31 07:00:00,7.49,7.63,7.46,7.63,923890
2020-01-02 07:00:00,7.57,7.68,7.57,7.63,866500
2020-01-03 07:00:00,7.63,7.82,7.63,7.68,2242240
2020-01-06 07:00:00,7.71,7.71,7.54,7.57,470820
2020-01-07 07:00:00,7.51,7.68,7.51,7.54,424110
2020-01-08 07:00:00,7.49,7.49,7.16,7.16,2280630
2020-01-09 07:00:00,7.24,7.38,7.24,7.27,553820
2020-01-10 07:00:00,7.29,7.38,7.24,7.27,553300
2020-01-13 07:00:00,7.27,7.35,7.16,7.16,946160
2020-01-14 07:00:00,7.18,7.24,7.05,7.18,715360
2020-01-15 07:00:00,7.18,7.21,7.13,7.18,270530
2020-01-16 07:00:00,7.18,7.21,7.13,7.16,553400
2020-01-17 07:00:00,7.18,7.18,6.96,6.96,1151600
2020-01-20 07:00:00,6.96,7.02,6.96,7.02,294050
2020-01-21 07:00:00,7.02,7.24,7.02,7.24,497590
2020-01-22 07:00:00,7.24,7.32,7.18,7.18,876300
2020-01-30 07:00:00,7.18,7.18,6.82,6.93,1044820
2020-01-31 07:00:00,6.88,6.96,6.69,6.69,2053420
2020-02-03 07:00:00,6.35,6.55,6.24,6.24,2361500
2020-02-04 07:00:00,6.38,6.38,6.16,6.27,1463880
2020-02-05 07:00:00,6.27,6.33,6.24,6.3,1089750
2020-02-06 07:00:00,6.3,6.35,6.24,6.35,1495560
2020-02-07 07:00:00,6.41,6.6,6.38,6.41,1322960
2020-02-10 07:00:00,6.41,6.55,6.3,6.46,1066490
2020-02-11 07:00:00,6.44,6.6,6.44,6.55,1438680
2020-02-12 07:00:00,6.58,6.99,6.58,6.99,2679770
2020-02-13 07:00:00,6.99,7.16,6.99,7.16,1908600
2020-02-14 07:00:00,7.16,7.24,7.07,7.18,983250
2020-02-17 07:00:00,7.13,7.4,7.13,7.24,1394660
2020-02-18 07:00:00,7.27,7.35,7.21,7.35,1300470
2020-02-19 07:00:00,7.46,7.68,7.46,7.49,1452330
2020-02-20 07:00:00,7.6,7.63,7.46,7.46,925570
2020-02-21 07:00:00,7.29,7.46,7.27,7.29,908390
2020-02-24 07:00:00,6.93,7.07,6.82,6.96,1755640
2020-02-25 07:00:00,6.96,7.1,6.82,7.07,943960
2020-02-26 07:00:00,7.05,7.13,6.93,6.99,557830
2020-02-27 07:00:00,7.07,7.07,6.99,7.02,665060
2020-02-28 07:00:00,6.96,7.02,6.82,6.93,1095910
2020-03-02 07:00:00,6.93,7.05,6.85,6.85,490500
2020-03-03 07:00:00,6.96,7.18,6.93,7.18,806940
2020-03-04 07:00:00,7.24,7.51,7.21,7.51,2211650
2020-03-05 07:00:00,7.51,7.63,7.24,7.32,1144260
2020-03-06 07:00:00,7.27,7.46,7.13,7.46,919740
2020-03-09 07:00:00,7.05,7.13,6.96,6.96,2153190
2020-03-10 07:00:00,6.91,7.07,6.71,6.96,1396790
2020-03-11 07:00:00,6.96,7.07,6.49,6.96,1361650
2020-03-12 07:00:00,6.55,6.93,6.49,6.49,2626960
2020-03-13 07:00:00,6.05,6.49,6.05,6.44,2049070
2020-03-16 07:00:00,6.35,6.46,6.16,6.35,971660
2020-03-17 07:00:00,6.08,6.35,6.0,6.35,2376460
2020-03-18 07:00:00,6.46,6.6,6.38,6.46,1203540
2020-03-19 07:00:00,6.27,6.46,6.19,6.41,1123970
2020-03-20 07:00:00,6.33,6.38,6.19,6.35,1511820
2020-03-23 07:00:00,6.13,6.33,5.91,5.91,2354750
2020-03-24 07:00:00,5.86,5.94,5.55,5.94,1548700
2020-03-25 07:00:00,6.19,6.22,5.97,6.08,906180
2020-03-26 07:00:00,6.19,6.19,5.91,6.08,1294140
2020-03-27 07:00:00,6.08,6.11,5.94,6.08,1606100
2020-03-30 07:00:00,5.97,5.97,5.66,5.83,2410670
2020-03-31 07:00:00,5.72,5.97,5.43,5.72,2440790
2020-04-01 07:00:00,5.72,5.91,5.5,5.91,2103820
2020-04-03 07:00:00,5.8,6.05,5.75,5.97,1998980
2020-04-06 07:00:00,6.0,6.16,5.97,6.11,2045960
2020-04-07 07:00:00,6.11,6.11,5.91,6.02,1466540
2020-04-08 07:00:00,6.0,6.0,5.8,5.8,1870160
2020-04-09 07:00:00,5.91,6.19,5.88,6.19,2464860
2020-04-10 07:00:00,6.13,6.27,5.97,6.19,1529370
2020-04-13 07:00:00,6.11,6.19,6.02,6.05,1323760
2020-04-14 07:00:00,6.0,6.3,5.97,6.24,2465220
2020-04-15 07:00:00,6.24,6.33,6.16,6.27,1664740
2020-04-16 07:00:00,6.16,6.46,6.16,6.38,1739850
2020-04-17 07:00:00,6.46,6.49,6.35,6.38,1868890
2020-04-20 07:00:00,6.46,6.46,6.3,6.41,1514450
2020-04-21 07:00:00,6.3,6.33,6.0,6.3,2704130
2020-04-22 07:00:00,6.08,6.3,6.02,6.3,1130910
2020-04-23 07:00:00,6.35,6.35,6.19,6.19,552770
2020-04-24 07:00:00,6.19,6.46,6.08,6.35,3072790
2020-04-27 07:00:00,6.41,6.44,6.24,6.3,1095700
2020-04-28 07:00:00,6.3,6.33,6.22,6.3,497130
2020-04-29 07:00:00,6.24,6.3,6.19,6.24,960250
2020-05-04 07:00:00,6.19,6.19,6.02,6.16,965810
2020-05-05 07:00:00,6.08,6.24,6.08,6.24,339970
2020-05-06 07:00:00,6.24,6.3,6.19,6.27,667010
2020-05-07 07:00:00,6.27,6.3,6.19,6.3,754260
2020-05-08 07:00:00,6.3,6.52,6.3,6.41,2580160
2020-05-11 07:00:00,6.58,6.58,6.27,6.58,1675860
2020-05-12 07:00:00,6.58,6.82,6.46,6.74,945260
2020-05-13 07:00:00,6.69,6.77,6.55,6.63,1141710
2020-05-14 07:00:00,6.58,6.71,6.55,6.6,972630
2020-05-15 07:00:00,6.58,6.63,6.41,6.6,1312550
2020-05-18 07:00:00,6.6,6.6,6.49,6.58,903500
2020-05-19 07:00:00,6.58,6.74,6.55,6.58,1219190
2020-05-20 07:00:00,6.58,6.88,6.55,6.82,2556190
2020-05-21 07:00:00,6.82,6.91,6.74,6.74,760480
2020-05-22 07:00:00,6.69,6.8,6.63,6.74,734910
2020-05-25 07:00:00,6.69,6.85,6.58,6.69,1204050
2020-05-26 07:00:00,6.77,6.82,6.69,6.77,1006110
2020-05-27 07:00:00,6.8,6.82,6.63,6.63,1059910
2020-05-28 07:00:00,6.63,6.69,6.52,6.69,1242790
2020-05-29 07:00:00,6.69,6.71,6.58,6.69,605980
2020-06-01 07:00:00,6.69,6.85,6.66,6.74,569410
2020-06-02 07:00:00,6.8,7.1,6.8,6.85,3323690
2020-06-03 07:00:00,6.85,7.05,6.85,6.96,892370
2020-06-04 07:00:00,7.1,7.1,6.93,7.02,1056460
2020-06-05 07:00:00,7.05,7.05,6.91,7.02,891190
2020-06-08 07:00:00,7.02,7.18,6.96,7.1,1976560
2020-06-09 07:00:00,7.13,7.21,7.02,7.05,1451000
2020-06-10 07:00:00,7.02,7.4,6.93,7.32,1984620
2020-06-11 07:00:00,7.32,7.51,6.82,6.85,2818360
2020-06-12 07:00:00,6.52,6.8,6.52,6.8,1769700
2020-06-15 07:00:00,6.77,6.8,6.35,6.66,1784580
2020-06-16 07:00:00,6.69,6.77,6.58,6.71,834780
2020-06-17 07:00:00,6.71,6.85,6.6,6.63,797480
2020-06-18 07:00:00,6.55,6.63,6.49,6.63,807310
2020-06-19 07:00:00,6.6,6.82,6.6,6.8,1217400
2020-06-22 07:00:00,6.85,6.85,6.69,6.82,718120
2020-06-23 07:00:00,6.71,6.93,6.71,6.88,1228080
2020-06-24 07:00:00,6.88,6.91,6.71,6.82,989120
2020-06-25 07:00:00,6.69,6.85,6.63,6.85,630320
2020-06-26 07:00:00,6.77,7.05,6.71,6.71,682720
2020-06-29 07:00:00,6.71,6.71,6.33,6.71,1944850
2020-06-30 07:00:00,6.71,6.8,6.58,6.77,1882420
2020-07-01 07:00:00,6.63,6.82,6.63,6.8,707110
2020-07-02 07:00:00,6.8,6.88,6.69,6.77,680740
2020-07-03 07:00:00,6.77,7.18,6.74,7.16,1446490
2020-07-06 07:00:00,7.16,7.21,6.99,7.16,734240
2020-07-07 07:00:00,7.18,7.18,7.02,7.02,751350
2020-07-08 07:00:00,6.96,7.16,6.91,7.16,1307570
2020-07-09 07:00:00,7.16,7.57,7.16,7.46,4201640
2020-07-10 07:00:00,7.38,7.49,7.29,7.38,866960
2020-07-13 07:00:00,7.38,7.71,7.35,7.54,2668160
2020-07-14 07:00:00,7.46,7.63,7.43,7.54,814620
2020-07-15 07:00:00,7.63,7.71,7.57,7.57,1022160
2020-07-16 07:00:00,7.57,7.57,7.4,7.46,1148560
2020-07-17 07:00:00,7.51,7.63,7.4,7.46,1010710
2020-07-20 07:00:00,7.51,7.51,7.16,7.16,1066200
2020-07-21 07:00:00,7.21,7.27,7.13,7.16,1101940
2020-07-22 07:00:00,7.16,7.21,6.99,7.05,703280
2020-07-23 07:00:00,7.05,7.13,6.96,7.1,870080
2020-07-24 07:00:00,7.02,7.05,6.63,6.8,1752990
2020-07-27 07:00:00,6.52,6.8,6.33,6.8,4211890
2020-07-28 07:00:00,6.8,6.96,6.63,6.82,1497590
2020-07-29 07:00:00,6.74,6.8,6.46,6.8,1409900
2020-07-30 07:00:00,6.69,6.8,6.63,6.77,605280
2020-07-31 07:00:00,6.63,6.85,6.63,6.71,905010
2020-08-03 07:00:00,6.77,6.82,6.63,6.82,1061230
2020-08-04 07:00:00,6.85,6.93,6.82,6.88,518480
2020-08-05 07:00:00,6.88,6.99,6.8,6.96,1371480
2020-08-06 07:00:00,6.93,6.96,6.8,6.8,713030
2020-08-07 07:00:00,6.82,6.85,6.52,6.82,938260
2020-08-10 07:00:00,6.82,6.88,6.8,6.82,859180
2020-08-11 07:00:00,6.82,6.85,6.77,6.82,369820
2020-08-12 07:00:00,6.82,7.1,6.82,7.02,2122580
2020-08-13 07:00:00,7.1,7.1,6.96,7.02,971120
2020-08-14 07:00:00,7.02,7.07,6.96,6.99,794740
2020-08-17 07:00:00,6.99,6.99,6.85,6.93,925430
2020-08-18 07:00:00,6.96,7.16,6.96,7.07,1985090
2020-08-19 07:00:00,7.1,7.13,7.05,7.1,1433580
2020-08-20 07:00:00,7.05,7.13,6.99,7.02,659540
2020-08-21 07:00:00,7.02,7.13,6.99,7.05,1431230
2020-08-24 07:00:00,7.13,7.27,7.07,7.1,2086710
2020-08-25 07:00:00,7.13,7.18,6.99,7.1,2154980
2020-08-26 07:00:00,7.1,7.38,7.05,7.29,2319110
2020-08-27 07:00:00,7.29,7.32,7.18,7.24,1263650
2020-08-28 07:00:00,7.27,7.4,7.21,7.21,2092330
2020-08-31 07:00:00,7.35,7.4,7.16,7.16,2063120
2020-09-01 07:00:00,7.13,7.24,7.13,7.18,1027820
2020-09-03 07:00:00,7.18,7.24,7.13,7.16,1377660
2020-09-04 07:00:00,7.1,7.18,7.07,7.18,1303070
2020-09-07 07:00:00,7.24,7.6,7.18,7.38,4945420
2020-09-08 07:00:00,7.4,7.51,7.38,7.43,1725590
2020-09-09 07:00:00,7.4,7.51,7.29,7.49,1166460
2020-09-10 07:00:00,7.49,7.51,7.43,7.43,1450980
2020-09-11 07:00:00,7.4,7.6,7.38,7.54,2018590
2020-09-14 07:00:00,7.57,7.9,7.57,7.85,2757700
2020-09-15 07:00:00,7.9,8.15,7.9,7.96,3450400
2020-09-16 07:00:00,7.9,8.04,7.85,8.01,1778680
2020-09-17 07:00:00,7.93,8.01,7.71,7.87,2857800
2020-09-18 07:00:00,7.9,8.18,7.79,8.04,1617820
2020-09-21 07:00:00,8.01,8.23,7.9,7.98,2222270
2020-09-22 07:00:00,7.9,8.07,7.87,8.04,1056290
2020-09-23 07:00:00,8.04,8.09,7.96,7.98,1274730
2020-09-24 07:00:00,7.93,8.12,7.93,8.04,1875070
2020-09-25 07:00:00,8.04,8.09,7.96,8.04,956720
2020-09-28 07:00:00,8.09,8.43,8.04,8.29,3498850
2020-09-29 07:00:00,8.48,8.62,8.18,8.32,2710770
2020-09-30 07:00:00,8.32,8.59,8.29,8.43,4110520
2020-10-01 07:00:00,8.56,8.92,8.48,8.92,3530660
2020-10-02 07:00:00,8.95,9.53,8.92,9.53,4112670
2020-10-05 07:00:00,10.17,10.19,9.67,10.17,7500610
2020-10-06 07:00:00,10.06,10.44,9.67,9.86,5528700
2020-10-07 07:00:00,9.75,10.28,9.7,9.78,3920670
2020-10-08 07:00:00,9.78,9.89,9.5,9.89,5360750
2020-10-09 07:00:00,10.17,10.22,9.86,10.17,3176960
2020-10-12 07:00:00,10.39,10.58,10.03,10.03,4457970
2020-10-13 07:00:00,9.95,10.06,9.86,9.86,1934130
2020-10-14 07:00:00,9.84,9.86,9.64,9.81,2202370
2020-10-15 07:00:00,9.89,10.0,9.61,9.89,2842470
2020-10-16 07:00:00,9.95,10.44,9.92,10.11,3603210
2020-10-19 07:00:00,10.06,10.55,9.92,10.36,4382630
2020-10-20 07:00:00,10.36,10.83,10.28,10.83,4615600
2020-10-21 07:00:00,10.83,11.11,10.55,10.55,2639450
2020-10-22 07:00:00,10.53,10.77,10.39,10.72,2432340
2020-10-23 07:00:00,10.77,10.83,10.53,10.61,1967510
2020-10-26 07:00:00,10.72,11.05,10.55,10.77,6975230
2020-10-27 07:00:00,10.72,10.8,10.58,10.66,2883500
2020-10-28 07:00:00,10.61,10.94,10.55,10.55,4443690
2020-10-29 07:00:00,10.61,10.86,10.55,10.58,2678150
2020-10-30 07:00:00,10.77,10.77,10.44,10.58,2657280
2020-11-02 07:00:00,10.58,10.75,10.58,10.66,1491620
2020-11-03 07:00:00,10.72,10.75,10.61,10.72,1424920
2020-11-04 07:00:00,10.77,11.41,10.77,11.24,7604770
2020-11-05 07:00:00,11.33,11.33,10.97,10.97,2009220
2020-11-06 07:00:00,10.97,11.13,10.86,11.05,1894420
2020-11-09 07:00:00,11.05,11.27,11.0,11.16,3792160
2020-11-10 07:00:00,11.16,11.27,10.83,10.89,3855660
2020-11-11 07:00:00,10.86,11.02,10.8,10.91,2226740
2020-11-12 07:00:00,10.91,11.33,10.8,11.16,2436400
2020-11-13 07:00:00,11.16,11.24,11.02,11.19,3034670
2020-11-16 07:00:00,11.24,11.58,11.16,11.36,5099720
2020-11-17 07:00:00,11.49,11.52,11.36,11.52,2465550
2020-11-18 07:00:00,11.52,11.69,11.41,11.49,2349900
2020-11-19 07:00:00,11.6,11.6,11.38,11.41,2308570
2020-11-20 07:00:00,11.44,11.85,11.38,11.69,2942400
2020-11-23 07:00:00,11.74,12.05,11.66,11.69,2066260
2020-11-24 07:00:00,11.85,11.94,11.63,11.77,3227320
2020-11-25 07:00:00,11.77,11.88,11.49,11.8,3422440
2020-11-26 07:00:00,11.69,11.82,11.58,11.6,2404020
2020-11-27 07:00:00,11.6,12.38,11.6,11.99,4639810
2020-11-30 07:00:00,12.21,12.71,12.05,12.38,5399340
2020-12-01 07:00:00,12.27,12.93,12.27,12.43,8146210
2020-12-02 07:00:00,12.99,13.29,12.76,13.29,5619890
2020-12-03 07:00:00,14.15,14.2,13.81,14.2,3521260
2020-12-04 07:00:00,14.64,15.11,14.17,14.64,6448020
2020-12-07 07:00:00,14.42,14.81,13.95,14.45,4605900
2020-12-08 07:00:00,14.48,14.7,14.31,14.5,3643160
2020-12-09 07:00:00,14.59,14.59,14.31,14.31,3902570
2020-12-10 07:00:00,14.28,14.28,13.59,13.59,7480540
2020-12-11 07:00:00,13.54,13.95,13.32,13.87,3403730
2020-12-14 07:00:00,14.03,14.59,13.79,14.39,3857790
2020-12-15 07:00:00,14.37,14.48,13.81,14.01,4494850
2020-12-16 07:00:00,14.03,14.26,13.95,14.03,2877220
2020-12-17 07:00:00,13.9,14.42,13.76,14.31,4142520
2020-12-18 07:00:00,14.31,15.22,14.31,15.11,6476930
2020-12-21 07:00:00,15.2,15.42,14.89,15.36,6100610
2020-12-22 07:00:00,15.2,15.42,15.11,15.36,3156420
2020-12-23 07:00:00,15.25,15.25,14.64,14.92,3666820
2020-12-24 07:00:00,14.86,15.0,13.9,14.62,5946530
2020-12-25 07:00:00,14.42,14.92,14.31,14.48,2328570
2020-12-28 07:00:00,14.64,14.75,14.39,14.45,4346940
2020-12-29 07:00:00,14.48,15.28,14.37,15.08,5659820
2020-12-30 07:00:00,15.47,15.8,15.11,15.11,3939190
2020-12-31 07:00:00,15.2,15.44,15.08,15.31,2312570
2021-01-04 07:00:00,15.58,16.36,15.47,16.33,7909000
2021-01-05 07:00:00,16.58,17.46,16.47,17.41,7069400
2021-01-06 07:00:00,17.9,17.93,16.96,17.24,4237900
2021-01-07 07:00:00,17.24,17.76,16.85,17.57,5114000
2021-01-08 07:00:00,17.68,17.88,17.29,17.43,3082700
2021-01-11 07:00:00,17.49,17.63,17.07,17.38,2381400
2021-01-12 07:00:00,17.41,18.59,17.07,18.59,5545800
2021-01-13 07:00:00,18.79,18.9,18.34,18.46,4217000
2021-01-14 07:00:00,18.29,18.73,18.18,18.54,4045000
2021-01-15 07:00:00,18.79,18.87,18.43,18.62,4032600
2021-01-18 07:00:00,19.92,19.92,19.01,19.26,6304500
2021-01-19 07:00:00,19.23,19.45,17.93,17.93,3821000
2021-01-20 07:00:00,17.93,18.18,16.69,17.68,4201900
2021-01-21 07:00:00,18.07,18.43,17.13,18.43,3773300
2021-01-22 07:00:00,18.4,18.73,18.15,18.23,3990300
2021-01-25 07:00:00,17.96,18.9,17.96,18.29,6015400
2021-01-26 07:00:00,18.34,18.34,17.02,17.13,4933000
2021-01-27 07:00:00,16.85,17.05,15.94,15.94,6653000
2021-01-28 07:00:00,14.84,15.2,14.84,14.84,2765800
2021-01-29 07:00:00,13.81,15.36,13.81,14.84,8174300
2021-02-01 07:00:00,14.53,15.31,14.09,14.81,4716600
2021-02-02 07:00:00,15.2,15.66,14.7,15.31,3892900
2021-02-03 07:00:00,15.64,16.25,15.44,16.02,4069400
2021-02-04 07:00:00,16.02,16.25,15.58,15.75,3422300
2021-02-05 07:00:00,15.8,16.36,15.47,16.36,3989500
2021-02-08 07:00:00,16.36,17.07,15.25,15.91,5152900
2021-02-09 07:00:00,15.91,16.3,15.53,16.11,2238000
2021-02-17 07:00:00,16.36,16.8,16.25,16.77,3014600
2021-02-18 07:00:00,16.83,17.07,16.58,17.02,4573000
2021-02-19 07:00:00,16.8,17.68,16.8,17.38,4262200
2021-02-22 07:00:00,17.41,17.57,16.91,17.1,3052500
2021-02-23 07:00:00,17.13,17.46,16.85,17.18,3087500
2021-02-24 07:00:00,17.41,17.63,16.85,17.13,6517300
2021-02-25 07:00:00,17.24,17.52,17.07,17.27,5124400
2021-02-26 07:00:00,17.13,18.23,17.05,18.1,6989700
2021-03-01 07:00:00,18.34,18.4,17.96,18.1,3684900
2021-03-02 07:00:00,18.15,18.18,17.88,17.9,4039900
2021-03-03 07:00:00,17.79,17.93,17.63,17.79,5704700
2021-03-04 07:00:00,17.79,17.9,16.69,17.07,5940300
2021-03-05 07:00:00,16.74,16.99,16.3,16.85,5172100
2021-03-08 07:00:00,17.07,17.13,16.69,16.85,3977100
2021-03-09 07:00:00,16.71,17.24,16.11,16.85,4092600
2021-03-10 07:00:00,16.91,17.02,16.58,16.88,2295100
2021-03-11 07:00:00,17.13,17.13,16.85,16.96,3437600
2021-03-12 07:00:00,17.13,17.9,17.02,17.57,8198600
2021-03-15 07:00:00,17.68,17.88,17.43,17.52,4324300
2021-03-16 07:00:00,17.46,17.52,17.07,17.27,3373400
2021-03-17 07:00:00,17.13,17.35,17.1,17.24,3387900
2021-03-18 07:00:00,17.29,17.96,17.16,17.63,6024700
2021-03-19 07:00:00,17.68,18.1,17.68,17.93,5792900
2021-03-22 07:00:00,17.96,17.99,17.57,17.82,3742500
2021-03-23 07:00:00,17.82,17.82,17.07,17.18,4698300
2021-03-24 07:00:00,16.85,17.18,16.52,16.85,5067300
2021-03-25 07:00:00,16.85,17.07,16.49,16.77,2822700
2021-03-26 07:00:00,16.58,16.8,15.69,16.52,3871100
2021-03-29 07:00:00,16.58,16.8,16.44,16.58,3139800
2021-03-30 07:00:00,17.06,17.09,16.76,16.94,2756700
2021-03-31 07:00:00,17.0,17.06,16.7,16.76,1511900
2021-04-01 07:00:00,16.97,17.61,16.76,17.61,2053500
2021-04-02 07:00:00,18.03,18.19,17.61,17.73,3454700
2021-04-05 07:00:00,17.79,17.97,17.49,17.67,3027200
2021-04-06 07:00:00,17.49,17.64,17.37,17.49,2170200
2021-04-07 07:00:00,17.34,17.94,17.18,17.79,3419700
2021-04-08 07:00:00,17.91,18.82,17.88,18.76,10477800
2021-04-09 07:00:00,18.82,18.82,18.58,18.61,3320600
2021-04-12 07:00:00,18.67,18.82,18.4,18.73,5356300
2021-04-13 07:00:00,18.82,18.82,17.97,18.16,5191300
2021-04-14 07:00:00,17.91,18.16,17.73,18.09,3294800
2021-04-15 07:00:00,18.09,18.16,17.61,17.61,4035000
2021-04-16 07:00:00,17.31,17.64,16.76,17.24,6207600
2021-04-19 07:00:00,17.24,17.73,16.94,17.67,3177500
2021-04-20 07:00:00,17.82,17.85,17.0,17.34,2726600
2021-04-22 07:00:00,17.0,17.34,16.58,16.61,3356300
2021-04-23 07:00:00,16.52,17.0,16.09,17.0,3311500
2021-04-26 07:00:00,17.0,17.0,16.27,16.27,2015500
2021-04-27 07:00:00,16.21,16.33,15.97,15.97,2776600
2021-04-28 07:00:00,16.0,16.33,15.88,16.06,1726000
2021-04-29 07:00:00,16.09,16.7,16.03,16.24,2157900
2021-05-04 07:00:00,15.79,16.61,15.73,16.39,2559400
2021-05-05 07:00:00,16.52,16.73,16.49,16.64,3565600
2021-05-06 07:00:00,16.64,17.18,16.52,16.88,4692300
2021-05-07 07:00:00,16.88,16.94,16.3,16.42,2877300
2021-05-10 07:00:00,16.27,16.61,16.06,16.33,2803400
2021-05-11 07:00:00,16.27,17.31,16.21,16.82,7519400
2021-05-12 07:00:00,16.94,17.18,16.76,17.09,3816800
2021-05-13 07:00:00,17.06,17.31,16.94,17.03,4119800
2021-05-14 07:00:00,17.03,17.61,16.94,17.37,6557900
2021-05-17 07:00:00,17.37,17.55,16.88,17.0,3421000
2021-05-18 07:00:00,16.94,17.0,16.39,16.46,4099800
2021-05-19 07:00:00,16.15,16.36,15.97,16.09,5388000
2021-05-20 07:00:00,16.06,16.82,15.91,16.76,4162400
2021-05-21 07:00:00,16.88,17.31,16.7,17.09,5507700
2021-05-24 07:00:00,17.09,18.28,17.09,18.28,13356900
2021-05-25 07:00:00,18.4,18.58,17.94,17.94,6398800
2021-05-26 07:00:00,17.82,18.52,17.73,18.34,8263200
2021-05-27 07:00:00,18.34,19.43,18.34,18.82,8583300
2021-05-28 07:00:00,19.25,19.37,18.91,19.1,5309000
2021-05-31 07:00:00,18.94,19.43,18.49,19.37,7717600
2021-06-01 07:00:00,19.49,20.34,19.49,19.73,5572300
2021-06-02 07:00:00,19.55,19.86,19.01,19.19,7367900
2021-06-03 07:00:00,19.43,19.67,19.13,19.52,7911900
2021-06-04 07:00:00,19.55,20.04,19.55,19.83,7540200
2021-06-07 07:00:00,19.95,19.98,18.46,19.13,7216200
2021-06-08 07:00:00,19.52,20.01,18.45,18.52,7883400
2021-06-09 07:00:00,18.17,18.49,17.39,18.35,6433300
2021-06-10 07:00:00,18.1,18.24,17.39,17.53,7400000
2021-06-11 07:00:00,17.53,18.1,17.39,17.88,5915700
2021-06-14 07:00:00,17.96,18.38,17.74,18.1,4313300
2021-06-15 07:00:00,18.1,18.74,17.85,18.59,5490100
2021-06-16 07:00:00,18.74,19.27,18.59,18.67,7697300
2021-06-17 07:00:00,18.1,18.88,18.1,18.67,4574800
2021-06-18 07:00:00,18.74,19.52,18.45,19.2,10892800
2021-06-21 07:00:00,19.16,19.41,18.98,19.09,5415900
2021-06-22 07:00:00,19.23,19.3,18.81,18.95,3702100
2021-06-23 07:00:00,18.88,18.91,18.2,18.24,7469200
2021-06-24 07:00:00,18.17,18.38,17.88,18.03,4146700
2021-06-25 07:00:00,18.03,18.28,17.78,18.17,3732300
2021-06-28 07:00:00,18.13,18.81,18.03,18.74,6787100
2021-06-29 07:00:00,18.81,18.81,18.45,18.52,2988800
2021-06-30 07:00:00,18.52,18.52,18.2,18.2,2660800
2021-07-01 07:00:00,18.2,18.45,18.03,18.42,3660900
2021-07-02 07:00:00,18.52,18.52,18.1,18.1,4055600
2021-07-05 07:00:00,18.1,18.13,17.6,17.67,4773800
2021-07-06 07:00:00,17.74,17.74,16.47,16.47,5408200
2021-07-07 07:00:00,16.25,16.47,15.51,15.97,5843200
2021-07-08 07:00:00,16.32,17.03,16.22,16.47,4320900
2021-07-09 07:00:00,16.54,16.68,15.61,16.68,3355000
2021-07-12 07:00:00,16.39,16.39,15.54,16.18,5701400
2021-07-13 07:00:00,15.97,16.22,15.61,16.18,2159900
2021-07-14 07:00:00,16.11,16.68,15.76,16.15,3196900
2021-07-15 07:00:00,15.86,16.54,15.86,16.29,1987800
2021-07-16 07:00:00,16.29,16.89,16.25,16.78,4053500
2021-07-19 07:00:00,16.08,16.68,15.61,15.61,5933700
2021-07-20 07:00:00,15.68,15.97,14.98,15.83,3168200
2021-07-21 07:00:00,15.83,16.08,15.61,15.61,2280800
2021-07-22 07:00:00,15.58,16.68,15.44,16.68,7460500
2021-07-23 07:00:00,16.82,17.39,16.64,16.68,7180600
2021-07-26 07:00:00,16.54,17.74,16.47,17.49,6889400
2021-07-27 07:00:00,17.74,17.78,17.03,17.39,6942500
2021-07-28 07:00:00,17.32,18.1,17.25,17.71,7046200
2021-07-29 07:00:00,17.78,17.88,17.53,17.85,5504400
2021-07-30 07:00:00,17.88,18.56,17.81,18.17,8428600
2021-08-02 07:00:00,17.92,18.52,17.88,17.96,5303900
2021-08-03 07:00:00,17.99,18.42,17.85,18.35,7361000
2021-08-04 07:00:00,18.7,19.52,18.67,19.3,19655200
2021-08-05 07:00:00,19.3,19.98,19.2,19.69,10349700
2021-08-06 07:00:00,19.73,21.04,19.45,20.62,17865900
2021-08-09 07:00:00,20.79,21.93,20.76,21.86,14605800
2021-08-10 07:00:00,22.14,22.32,21.11,21.5,22463500
2021-08-11 07:00:00,21.5,21.89,21.08,21.72,15671800
2021-08-12 07:00:00,22.0,23.21,22.0,23.1,18911600
2021-08-13 07:00:00,22.71,24.56,21.93,24.13,15929400
2021-08-16 07:00:00,24.84,24.84,24.06,24.06,13009500
2021-08-17 07:00:00,23.74,23.81,22.82,22.82,17656000
2021-08-18 07:00:00,22.71,24.41,22.64,24.13,12154000
2021-08-19 07:00:00,24.49,25.05,24.49,24.7,7994000
2021-08-20 07:00:00,24.38,24.77,22.99,23.07,22874200
2021-08-23 07:00:00,22.89,23.78,22.43,23.03,13341300
2021-08-24 07:00:00,23.42,23.56,21.65,21.72,13581300
2021-08-25 07:00:00,21.86,23.21,21.72,23.21,9676500
2021-08-26 07:00:00,23.63,23.78,22.71,23.1,8716500
2021-08-27 07:00:00,22.71,24.49,22.64,23.92,17419500
2021-08-30 07:00:00,23.99,24.41,23.63,23.92,11127900
2021-08-31 07:00:00,23.99,25.27,23.78,24.77,18841000
2021-09-01 07:00:00,24.7,25.55,24.56,25.3,8905000
2021-09-06 07:00:00,25.51,25.73,24.73,24.77,12458200
2021-09-07 07:00:00,24.49,24.63,23.42,23.63,18877300
2021-09-08 07:00:00,23.46,24.17,23.46,23.85,6705600
2021-09-09 07:00:00,24.13,24.34,23.78,24.2,4133100
2021-09-10 07:00:00,24.34,24.34,23.85,23.92,6236900
2021-09-13 07:00:00,23.95,24.13,22.96,23.1,13771600
2021-09-14 07:00:00,22.92,23.39,22.07,22.53,11020500
2021-09-15 07:00:00,22.5,23.42,22.36,22.99,4802900
2021-09-16 07:00:00,23.31,23.56,23.03,23.49,5163400
2021-09-17 07:00:00,23.85,24.34,23.63,24.17,9864000
2021-09-20 07:00:00,23.74,24.06,22.71,22.71,11818300
2021-09-21 07:00:00,22.07,23.28,21.72,22.78,11863300
2021-09-22 07:00:00,22.92,23.21,22.57,22.85,4831000
2021-09-23 07:00:00,23.07,23.53,22.57,22.57,5532200
2021-09-24 07:00:00,22.57,22.82,22.43,22.43,4210900
2021-09-27 07:00:00,22.39,22.64,20.87,20.87,10003500
2021-09-28 07:00:00,20.58,22.0,20.44,22.0,8840600
2021-09-29 07:00:00,21.86,22.5,21.58,22.0,6735500
2021-09-30 07:00:00,22.21,22.71,21.97,22.0,3555400
2021-10-01 07:00:00,21.75,22.14,21.65,21.65,4461300
2021-10-04 07:00:00,21.65,22.29,20.94,21.33,6076600
2021-10-05 07:00:00,21.65,22.29,21.29,22.07,4583300
2021-10-06 07:00:00,22.64,23.6,22.36,23.6,12520700
2021-10-07 07:00:00,23.78,24.2,23.6,23.6,6183600
2021-10-08 07:00:00,23.99,24.49,23.7,23.85,7017700
2021-10-11 07:00:00,24.13,24.41,23.78,23.85,7767400
2021-10-12 07:00:00,24.02,24.98,23.81,24.7,11015900
2021-10-13 07:00:00,24.98,25.34,24.77,25.12,7369900
2021-10-14 07:00:00,25.41,26.61,25.34,26.54,13356200
2021-10-15 07:00:00,26.76,27.11,26.05,26.54,9412500
2021-10-18 07:00:00,26.65,27.25,26.65,27.08,8939900
2021-10-19 07:00:00,27.0,27.08,26.47,26.51,8316400
2021-10-20 07:00:00,26.44,27.89,26.44,27.22,9870500
2021-10-21 07:00:00,27.61,28.39,27.36,28.32,7651500
2021-10-22 07:00:00,28.74,30.27,28.42,30.23,10895300
2021-10-25 07:00:00,30.52,31.12,29.24,29.24,9600700
2021-10-26 07:00:00,29.24,30.84,28.67,30.73,12336200
2021-10-27 07:00:00,31.48,32.86,31.23,32.79,8079900
2021-10-28 07:00:00,33.36,34.78,33.21,34.78,6773800
2021-10-29 07:00:00,35.41,36.76,35.13,36.12,10850400
2021-11-01 07:00:00,36.12,38.61,35.34,38.61,11113000
2021-11-02 07:00:00,40.45,41.31,40.45,41.31,4217600
2021-11-03 07:00:00,44.14,44.14,38.47,38.47,22938300
2021-11-04 07:00:00,38.32,40.81,36.41,39.82,15810500
2021-11-05 07:00:00,41.16,41.73,39.39,39.46,6322900
2021-11-08 07:00:00,39.46,40.45,38.75,39.46,7357400
2021-11-09 07:00:00,39.11,41.52,38.82,41.16,8542000
2021-11-10 07:00:00,42.58,44.0,41.87,44.0,6260900
2021-11-11 07:00:00,45.99,47.05,44.36,47.05,8510700
2021-11-12 07:00:00,47.62,50.32,47.2,50.32,6613800
2021-11-15 07:00:00,50.96,53.58,46.84,48.26,12342900
2021-11-16 07:00:00,46.98,49.54,46.34,47.55,9677300
2021-11-17 07:00:00,47.27,48.26,46.84,47.69,5045600
2021-11-18 07:00:00,48.97,51.03,48.33,51.03,5074000
2021-11-19 07:00:00,53.94,53.94,47.69,49.68,8220000
2021-11-22 07:00:00,49.68,50.67,46.2,46.2,10200200
2021-11-23 07:00:00,43.01,45.99,43.01,43.29,13201500
2021-11-24 07:00:00,44.78,45.78,43.29,44.78,4730800
2021-11-25 07:00:00,45.49,47.91,45.49,47.91,2718000
2021-11-26 07:00:00,51.24,51.24,48.26,49.61,8802900
2021-11-29 07:00:00,48.97,50.96,48.33,49.75,4815600
2021-11-30 07:00:00,49.89,51.1,47.34,48.62,9366600
2021-12-01 07:00:00,48.19,48.19,46.27,46.42,6227400
2021-12-02 07:00:00,47.55,49.33,46.63,48.47,4803100
2021-12-03 07:00:00,49.18,50.67,46.13,46.13,5574400
2021-12-06 07:00:00,47.13,47.83,43.86,45.71,5764800
2021-12-07 07:00:00,46.63,48.62,44.71,48.26,4209800
2021-12-08 07:00:00,48.47,50.74,47.27,48.47,6444100
2021-12-09 07:00:00,48.47,49.61,48.47,49.25,3314100
2021-12-10 07:00:00,49.68,50.39,48.4,48.62,4534600
2021-12-13 07:00:00,48.62,51.95,48.26,51.95,9044700
2021-12-14 07:00:00,52.66,55.36,52.66,55.29,5154300
2021-12-15 07:00:00,58.2,58.2,56.42,57.84,5651900
2021-12-16 07:00:00,58.48,61.89,57.84,61.89,6229700
2021-12-17 07:00:00,64.44,66.0,61.75,64.58,8913300
2021-12-20 07:00:00,64.58,64.66,60.33,61.75,7237000
2021-12-21 07:00:00,61.39,66.0,60.33,66.0,6335000
2021-12-22 07:00:00,69.55,70.26,67.49,68.35,4751700
2021-12-23 07:00:00,68.42,68.49,63.59,63.59,10207800
2021-12-24 07:00:00,61.89,66.15,61.89,63.87,4147200
2021-12-27 07:00:00,64.58,68.35,63.52,68.35,4182600
2021-12-28 07:00:00,70.76,72.6,68.77,72.04,5198300
2021-12-29 07:00:00,73.1,74.17,67.99,68.84,4962500
2021-12-30 07:00:00,68.84,70.97,67.42,68.13,3465900
2021-12-31 07:00:00,68.84,69.98,67.42,68.63,3207500
2022-01-04 07:00:00,70.97,73.38,69.62,73.38,3536300
2022-01-05 07:00:00,78.49,78.49,75.23,78.49,5196200
2022-01-06 07:00:00,77.5,80.84,76.65,77.71,5140200
2022-01-07 07:00:00,78.85,83.11,76.65,83.11,4244200
2022-01-10 07:00:00,82.26,88.86,79.49,79.49,6048800
2022-01-11 07:00:00,81.62,85.02,79.84,85.02,5806500
2022-01-12 07:00:00,84.46,88.71,79.13,79.13,13756100
2022-01-13 07:00:00,79.49,82.33,73.6,73.6,6175500
2022-01-14 07:00:00,68.49,75.23,68.49,68.56,12905300
2022-01-17 07:00:00,70.76,70.9,63.8,63.8,8371300
2022-01-18 07:00:00,59.4,59.4,59.4,59.4,700800
2022-01-19 07:00:00,55.29,55.29,55.29,55.29,680900
2022-01-20 07:00:00,51.45,59.12,51.45,59.12,13033500
2022-01-21 07:00:00,63.24,63.24,59.12,63.24,8261400
2022-01-24 07:00:00,64.02,64.58,58.84,58.84,6567200
2022-01-25 07:00:00,54.72,61.11,54.72,59.62,7432700
2022-01-26 07:00:00,59.69,63.73,59.62,60.33,4680400
2022-01-27 07:00:00,60.33,61.04,56.14,56.14,3013300
2022-01-28 07:00:00,52.24,54.72,52.24,52.24,9074500
2022-02-07 07:00:00,52.87,54.65,48.62,48.62,5271400
2022-02-08 07:00:00,45.35,46.77,45.28,45.28,6680600
2022-02-09 07:00:00,42.16,48.4,42.16,48.4,10218600
2022-02-10 07:00:00,51.74,51.74,50.53,51.74,4090600
2022-02-11 07:00:00,50.39,53.16,48.97,48.97,4926000
2022-02-14 07:00:00,46.84,52.38,46.84,52.38,6599000
2022-02-15 07:00:00,53.09,56.0,52.52,56.0,4811200
2022-02-16 07:00:00,58.55,59.9,58.2,59.9,3266800
2022-02-17 07:00:00,61.89,63.16,59.62,60.82,7571800
2022-02-18 07:00:00,60.33,65.01,59.62,64.94,5543100
2022-02-21 07:00:00,66.71,69.27,65.51,67.42,4792200
2022-02-22 07:00:00,62.74,65.51,62.74,62.74,12212200
2022-02-23 07:00:00,63.87,66.71,62.74,66.0,6058000
2022-02-24 07:00:00,65.29,66.71,61.39,62.03,10818300
2022-02-25 07:00:00,64.09,65.22,62.53,62.53,4180300
2022-02-28 07:00:00,61.75,63.16,59.62,61.04,4523200
2022-03-01 07:00:00,61.11,65.29,61.04,65.29,7356500
2022-03-02 07:00:00,66.64,67.78,63.87,65.51,4674900
2022-03-03 07:00:00,66.0,67.07,65.29,66.29,3361900
2022-03-04 07:00:00,66.71,69.98,65.86,68.27,5264200
2022-03-07 07:00:00,68.77,69.2,66.0,66.78,4292900
2022-03-08 07:00:00,64.02,66.29,62.17,62.17,9470200
2022-03-09 07:00:00,63.02,63.16,58.41,62.53,6316400
2022-03-10 07:00:00,65.15,66.0,64.02,64.58,3015500
2022-03-11 07:00:00,63.52,64.58,61.39,62.46,3944800
2022-03-14 07:00:00,61.04,65.29,60.33,63.52,5620700
2022-03-15 07:00:00,65.29,65.44,63.87,64.8,3092200
2022-03-16 07:00:00,65.86,65.86,64.16,64.16,2939600
2022-03-17 07:00:00,64.58,65.65,64.51,65.01,2982400
2022-03-18 07:00:00,65.29,69.06,64.94,67.42,8715500
2022-03-21 07:00:00,68.13,72.11,68.06,72.11,5941800
2022-03-22 07:00:00,74.52,76.72,72.11,72.75,5213100
2022-03-23 07:00:00,72.75,75.94,71.68,75.37,4624200
2022-03-24 07:00:00,76.65,77.5,74.24,74.66,3746100
2022-03-25 07:00:00,74.66,75.58,72.39,72.39,5003100
2022-03-28 07:00:00,69.77,70.9,67.35,67.35,15773100
2022-03-29 07:00:00,68.84,72.04,68.49,72.04,4454900
2022-03-30 07:00:00,71.68,73.1,67.0,67.42,8157400
2022-03-31 07:00:00,67.71,68.98,64.58,65.65,4177200
2022-04-01 07:00:00,65.65,69.34,64.58,69.13,4855800
2022-04-04 07:00:00,70.9,70.97,67.42,67.42,4270500
2022-04-05 07:00:00,65.37,68.84,65.37,66.36,6003300
2022-04-06 07:00:00,65.29,66.0,61.75,61.75,13156200
2022-04-07 07:00:00,60.68,61.75,57.63,58.91,8675400
2022-04-08 07:00:00,58.98,60.33,58.2,59.33,4901100
2022-04-12 07:00:00,60.26,60.96,55.22,55.22,6089800
2022-04-13 07:00:00,56.07,56.42,51.53,56.42,9730800
2022-04-14 07:00:00,57.13,57.49,52.66,52.87,6108300
2022-04-15 07:00:00,51.53,52.45,49.18,49.18,9914000
2022-04-18 07:00:00,47.69,51.95,46.27,51.95,10012700
2022-04-19 07:00:00,52.8,53.58,51.1,51.24,6611100
2022-04-20 07:00:00,50.39,52.02,49.33,49.33,4799400
2022-04-21 07:00:00,45.92,48.97,45.92,45.92,10454900
2022-04-22 07:00:00,44.0,47.55,42.73,42.94,8698700
2022-04-25 07:00:00,44.0,44.57,39.96,39.96,7833700
2022-04-26 07:00:00,37.19,42.73,37.19,42.73,10288800
2022-04-27 07:00:00,43.29,45.71,39.82,45.71,10375100
2022-04-28 07:00:00,45.78,46.63,43.65,43.86,6421200
2022-04-29 07:00:00,43.29,46.84,43.29,46.13,7752100
2022-05-04 07:00:00,45.07,45.99,43.29,43.29,7016700
2022-05-05 07:00:00,44.29,44.5,40.38,41.23,7119400
2022-05-06 07:00:00,39.74,40.81,38.4,38.4,7020300
2022-05-09 07:00:00,37.26,37.54,35.77,35.77,8771200
2022-05-10 07:00:00,33.43,37.62,33.29,37.62,14106500
2022-05-11 07:00:00,39.03,40.24,35.84,40.24,11641300
2022-05-12 07:00:00,40.38,41.09,37.47,37.47,9288300
2022-05-13 07:00:00,37.26,37.26,34.88,34.88,12420600
2022-05-16 07:00:00,36.91,37.05,34.42,34.42,7130300
2022-05-17 07:00:00,34.42,36.76,34.07,36.76,6108200
2022-05-18 07:00:00,37.83,39.32,37.47,39.32,9176500
2022-05-19 07:00:00,37.9,39.89,37.9,39.32,6854900
2022-05-20 07:00:00,39.67,42.02,39.32,41.8,8215900
2022-05-23 07:00:00,42.02,42.16,38.89,38.89,9667200
2022-05-24 07:00:00,37.97,41.16,36.55,41.16,8674200
2022-05-25 07:00:00,41.8,43.65,40.67,42.65,7680300
2022-05-26 07:00:00,42.58,43.51,41.59,41.87,5243400
2022-05-27 07:00:00,41.87,44.0,41.52,42.73,6944200
2022-05-30 07:00:00,43.29,44.5,42.8,43.58,4998500
2022-05-31 07:00:00,43.29,44.5,42.37,42.87,7891700
2022-06-01 07:00:00,42.58,42.94,40.81,41.52,9351600
2022-06-02 07:00:00,41.52,42.44,39.39,39.53,8799600
2022-06-03 07:00:00,39.25,41.45,38.68,40.6,6547600
2022-06-06 07:00:00,41.09,41.09,37.76,37.76,6583300
2022-06-07 07:00:00,37.62,37.62,35.34,37.54,8167800
2022-06-08 07:00:00,37.97,40.17,37.83,39.03,5147800
2022-06-09 07:00:00,39.18,40.1,38.68,38.68,3018900
2022-06-10 07:00:00,37.97,38.61,36.91,36.91,5341900
2022-06-13 07:00:00,35.41,36.12,34.35,34.35,8268800
2022-06-14 07:00:00,33.36,35.13,32.01,32.01,6744800
2022-06-15 07:00:00,32.01,32.97,29.77,29.77,11625500
2022-06-16 07:00:00,30.52,31.19,27.71,27.71,9400600
2022-06-17 07:00:00,26.26,26.97,25.8,25.8,13824800
2022-06-20 07:00:00,25.55,26.58,24.02,24.02,9576900
2022-06-21 07:00:00,22.71,23.99,22.36,22.36,9522800
2022-06-22 07:00:00,23.07,23.92,22.29,23.92,9381300
2022-06-23 07:00:00,25.41,25.59,24.56,25.59,7562800
2022-06-24 07:00:00,25.94,27.29,24.88,24.88,11785600
2022-06-27 07:00:00,24.8,26.22,24.13,25.62,7919600
2022-06-28 07:00:00,25.98,27.4,25.55,27.4,7692800
2022-06-29 07:00:00,26.97,28.03,26.51,26.97,7551500
2022-06-30 07:00:00,26.9,27.08,25.09,25.12,11006100
2022-07-01 07:00:00,24.49,26.83,23.42,25.9,10675100
2022-07-04 07:00:00,26.47,26.97,25.83,25.98,4006100
2022-07-05 07:00:00,25.94,26.26,24.45,24.77,5039800
2022-07-06 07:00:00,24.17,26.22,24.17,24.77,7774500
2022-07-07 07:00:00,25.19,25.87,25.09,25.51,4664100
2022-07-08 07:00:00,26.26,27.29,26.01,27.29,17592700
2022-07-11 07:00:00,27.54,28.85,26.97,28.46,11810400
2022-07-12 07:00:00,28.92,30.45,28.92,30.45,7827700
2022-07-13 07:00:00,30.52,30.84,28.99,29.52,12115800
2022-07-14 07:00:00,29.13,30.66,29.13,30.09,7828700
2022-07-15 07:00:00,30.84,31.48,29.77,29.77,8695400
2022-07-18 07:00:00,29.81,30.2,27.75,28.14,16873900
2022-07-19 07:00:00,27.79,29.7,27.32,28.92,9137100
2022-07-20 07:00:00,29.67,30.45,29.1,29.81,10392600
2022-07-21 07:00:00,31.84,31.88,31.24,31.5,12848600
2022-07-22 07:00:00,31.15,31.63,30.8,30.89,6017800
2022-07-25 07:00:00,30.28,31.02,29.72,30.46,6768300
2022-07-26 07:00:00,30.72,31.15,30.37,30.37,4550600
2022-07-27 07:00:00,30.24,31.58,29.85,31.58,5391000
2022-07-28 07:00:00,32.58,33.79,32.32,33.7,14804200
2022-07-29 07:00:00,33.75,33.83,33.14,33.14,6789200
2022-08-01 07:00:00,33.27,34.7,33.27,34.22,6472200
2022-08-02 07:00:00,34.57,35.0,33.57,34.26,7561800
2022-08-03 07:00:00,33.31,34.26,33.31,34.18,8645000
2022-08-04 07:00:00,34.74,35.39,34.18,34.31,6926300
2022-08-05 07:00:00,34.18,35.74,34.0,35.52,8401900
2022-08-08 07:00:00,36.25,36.25,35.0,35.26,7035900
2022-08-09 07:00:00,35.39,35.95,34.91,35.43,5416600
2022-08-10 07:00:00,35.35,37.03,35.17,36.43,9908200
2022-08-11 07:00:00,36.86,36.95,34.18,34.61,12624900
2022-08-12 07:00:00,34.61,35.43,34.26,35.09,6583700
2022-08-15 07:00:00,35.48,35.61,34.83,35.22,5604000
2022-08-16 07:00:00,35.22,35.91,35.04,35.69,6431900
2022-08-17 07:00:00,35.78,37.03,35.56,35.65,11277600
2022-08-18 07:00:00,35.48,35.78,35.04,35.3,6327400
2022-08-19 07:00:00,35.3,35.91,34.78,35.22,6441900
2022-08-22 07:00:00,34.7,35.0,32.88,33.01,14506300
2022-08-23 07:00:00,32.49,34.61,32.49,34.61,7628500
2022-08-24 07:00:00,34.78,35.0,34.13,34.26,5231700
2022-08-25 07:00:00,34.26,35.13,34.09,34.61,6039400
2022-08-26 07:00:00,34.78,35.48,34.35,34.7,9010000
2022-08-29 07:00:00,33.75,34.44,32.88,34.44,9304600
2022-08-30 07:00:00,34.61,34.78,32.88,32.88,7561700
2022-08-31 07:00:00,32.19,33.36,32.01,32.88,9204300
2022-09-05 07:00:00,32.88,33.4,32.62,32.62,5268200
2022-09-06 07:00:00,32.71,33.62,32.58,33.31,6322700
2022-09-07 07:00:00,33.18,33.57,31.58,31.58,7796900
2022-09-08 07:00:00,32.19,32.27,30.28,30.28,8796700
2022-09-09 07:00:00,30.63,32.01,28.55,32.01,12071300
2022-09-12 07:00:00,32.01,32.01,31.15,31.15,4526900
2022-09-13 07:00:00,31.15,31.15,30.28,30.8,5019300
2022-09-14 07:00:00,29.85,31.32,29.85,30.8,8125100
2022-09-15 07:00:00,30.93,31.32,30.67,30.67,3726300
2022-09-16 07:00:00,30.46,30.54,29.12,29.16,8242600
2022-09-19 07:00:00,29.25,29.42,27.26,28.55,11066200
2022-09-20 07:00:00,28.55,28.99,27.77,28.6,5185300
2022-09-21 07:00:00,28.21,29.16,28.03,28.47,3782600
2022-09-22 07:00:00,28.12,28.94,28.12,28.68,4581400
2022-09-23 07:00:00,28.55,28.9,27.82,27.82,4695100
2022-09-26 07:00:00,26.82,27.6,25.87,27.6,18104400
2022-09-27 07:00:00,27.26,27.6,25.96,26.74,4925200
2022-09-28 07:00:00,25.96,27.13,25.61,26.65,7593900
2022-09-29 07:00:00,27.0,27.26,25.87,25.96,5295800
2022-09-30 07:00:00,25.53,25.7,24.14,25.7,13026800
2022-10-03 07:00:00,24.7,25.35,23.92,23.92,6420800
2022-10-04 07:00:00,23.79,24.23,22.32,23.32,13431400
2022-10-05 07:00:00,23.71,24.83,23.45,24.66,9020000
2022-10-06 07:00:00,24.66,24.7,23.1,23.62,8611500
2022-10-07 07:00:00,22.32,23.06,21.98,23.06,16525700
2022-10-10 07:00:00,21.54,22.97,21.5,22.93,9234100
2022-10-11 07:00:00,22.32,22.76,21.33,21.33,8799700
2022-10-12 07:00:00,19.9,22.06,19.86,21.37,12537500
2022-10-13 07:00:00,21.63,22.45,21.46,21.89,5794700
2022-10-14 07:00:00,22.37,22.76,22.06,22.11,6051100
2022-10-17 07:00:00,21.63,21.8,20.59,21.2,8402200
2022-10-18 07:00:00,21.63,22.67,21.37,22.67,11719300
2022-10-19 07:00:00,22.93,23.1,22.58,22.58,5436800
2022-10-20 07:00:00,22.41,22.71,21.85,21.89,5160700
2022-10-21 07:00:00,21.89,21.89,20.38,20.38,10090200
2022-10-24 07:00:00,20.16,20.33,18.99,18.99,4999500
2022-10-25 07:00:00,17.69,19.47,17.69,17.69,14021100
2022-10-26 07:00:00,16.96,17.65,16.48,16.48,7705800
2022-10-27 07:00:00,15.36,17.43,15.36,17.13,27040700
2022-10-28 07:00:00,17.65,18.17,16.44,16.44,10866100
2022-10-31 07:00:00,16.01,16.18,15.32,15.32,19026400
2022-11-01 07:00:00,15.57,16.35,15.49,16.35,17193100
2022-11-02 07:00:00,16.44,17.0,16.09,16.09,10306100
2022-11-03 07:00:00,15.19,16.27,15.19,15.4,12256200
2022-11-04 07:00:00,15.32,15.36,14.36,14.36,13199900
2022-11-07 07:00:00,13.37,13.37,13.37,13.37,2477300
2022-11-08 07:00:00,12.46,12.46,12.46,12.46,1242400
2022-11-09 07:00:00,11.59,13.11,11.59,11.59,57331500
2022-11-10 07:00:00,10.82,11.29,10.82,10.82,13218900
2022-11-11 07:00:00,10.38,11.03,10.08,10.08,19507200
2022-11-14 07:00:00,9.39,9.56,9.39,9.39,20547800
2022-11-15 07:00:00,8.74,8.74,8.74,8.74,1082300
2022-11-16 07:00:00,8.13,9.34,8.13,9.34,51935000
2022-11-17 07:00:00,9.47,9.99,9.47,9.65,16815800
2022-11-18 07:00:00,9.69,10.3,9.09,10.3,29358100
2022-11-21 07:00:00,10.99,10.99,10.77,10.99,29409600
2022-11-22 07:00:00,11.55,11.72,10.56,11.25,36518100
2022-11-23 07:00:00,10.99,11.33,10.47,10.47,18978100
2022-11-24 07:00:00,9.86,10.77,9.78,10.51,28696900
2022-11-25 07:00:00,10.9,11.25,10.64,11.25,20627600
2022-11-28 07:00:00,12.03,12.03,11.94,12.03,6090400
2022-11-29 07:00:00,12.85,12.85,11.77,12.81,45771000
2022-11-30 07:00:00,12.81,13.67,12.37,13.67,21464600
2022-12-01 07:00:00,14.62,14.62,13.24,14.62,30680400
2022-12-02 07:00:00,15.57,15.62,14.15,15.62,37004600
2022-12-05 07:00:00,16.57,16.7,15.88,16.7,18009300
2022-12-06 07:00:00,16.7,17.65,15.53,15.53,44242600
2022-12-07 07:00:00,14.71,15.49,14.45,14.45,26931500
2022-12-08 07:00:00,14.88,15.44,14.84,15.44,17111000
2022-12-09 07:00:00,16.18,16.48,15.23,16.48,22983000
2022-12-12 07:00:00,16.61,17.13,15.36,15.36,20850800
2022-12-13 07:00:00,14.93,15.96,14.32,15.96,28579700
2022-12-14 07:00:00,16.44,16.44,15.4,15.4,13165300
2022-12-15 07:00:00,15.1,15.96,14.75,15.75,13989900
2022-12-16 07:00:00,15.36,16.44,15.19,16.44,22309500
2022-12-19 07:00:00,16.7,17.05,15.57,15.57,19117600
2022-12-20 07:00:00,15.4,15.53,14.49,14.49,27131000
2022-12-21 07:00:00,14.88,14.88,13.5,13.5,18035800
2022-12-22 07:00:00,13.97,14.1,13.11,13.93,12998900
2022-12-23 07:00:00,13.84,14.28,13.58,13.71,6582800
2022-12-26 07:00:00,13.8,13.8,12.76,12.76,9105800
2022-12-27 07:00:00,12.11,13.63,12.03,13.63,13935600
2022-12-28 07:00:00,13.97,14.1,13.41,13.58,9488200
2022-12-29 07:00:00,13.58,13.93,12.81,12.81,8422300
2022-12-30 07:00:00,12.98,13.07,12.37,12.37,6044400
2023-01-03 07:00:00,12.46,13.24,12.46,13.24,6305000
2023-01-04 07:00:00,13.58,13.97,13.5,13.58,11586000
2023-01-05 07:00:00,13.63,13.93,13.2,13.71,8350100
2023-01-06 07:00:00,13.67,13.97,13.07,13.07,9497200
2023-01-09 07:00:00,13.32,13.41,12.81,12.81,6428600
2023-01-10 07:00:00,12.89,13.24,12.5,13.07,5990500
2023-01-11 07:00:00,13.24,13.84,13.2,13.41,7319300
2023-01-12 07:00:00,13.58,13.58,13.15,13.15,4787500
2023-01-13 07:00:00,13.28,13.5,13.11,13.2,5968300
2023-01-16 07:00:00,13.2,13.24,12.89,12.89,5251200
2023-01-17 07:00:00,12.89,13.41,12.89,13.41,7543300
2023-01-18 07:00:00,13.67,14.32,13.5,14.32,13970400
2023-01-19 07:00:00,14.36,14.62,14.1,14.28,9266900
2023-01-27 07:00:00,14.54,14.67,13.97,13.97,9192900
2023-01-30 07:00:00,13.93,14.93,13.76,14.71,17889700
2023-01-31 07:00:00,14.8,15.14,14.58,15.14,13722400
2023-02-01 07:00:00,15.36,15.49,14.1,14.1,19788500
2023-02-02 07:00:00,14.15,14.28,13.24,13.5,13078700
2023-02-03 07:00:00,13.76,13.89,13.24,13.54,9380200
2023-02-06 07:00:00,13.41,13.84,13.2,13.76,5357800
2023-02-07 07:00:00,13.71,13.84,12.98,12.98,9213900
2023-02-08 07:00:00,13.07,13.24,12.37,12.94,8538700
2023-02-09 07:00:00,12.94,13.24,12.81,12.81,4938500
2023-02-10 07:00:00,12.85,12.85,12.2,12.29,7574400
2023-02-13 07:00:00,12.11,12.11,11.46,11.46,15149100
2023-02-14 07:00:00,11.46,11.68,11.33,11.46,4773100
2023-02-15 07:00:00,11.46,12.24,11.42,12.11,6964400
2023-02-16 07:00:00,12.33,12.42,12.03,12.29,4815300
2023-02-17 07:00:00,12.37,12.85,12.29,12.29,7747100
2023-02-20 07:00:00,12.46,13.11,12.46,13.11,12463900
2023-02-21 07:00:00,13.41,13.67,13.24,13.24,10776500
2023-02-22 07:00:00,12.94,13.15,12.37,12.37,11554000
2023-02-23 07:00:00,12.37,12.55,11.59,12.33,10161100
2023-02-24 07:00:00,12.37,12.5,11.9,11.94,4404800
2023-02-27 07:00:00,11.9,11.9,11.42,11.42,6986400
2023-02-28 07:00:00,11.59,11.81,11.51,11.68,4492300
2023-03-01 07:00:00,10.9,11.25,10.9,10.9,34561000
2023-03-02 07:00:00,10.9,11.33,10.82,10.9,6189000
2023-03-03 07:00:00,10.73,10.99,10.17,10.17,22838300
2023-03-06 07:00:00,10.56,10.86,10.47,10.86,12765400
2023-03-07 07:00:00,10.95,10.95,10.25,10.34,10806300
2023-03-08 07:00:00,10.12,10.73,10.12,10.56,8567400
2023-03-09 07:00:00,10.73,10.82,10.43,10.47,6709300
2023-03-10 07:00:00,10.3,10.43,10.17,10.21,9150400
2023-03-13 07:00:00,9.95,10.34,9.95,10.04,6801800
2023-03-14 07:00:00,10.04,10.12,9.39,9.52,11710100
2023-03-15 07:00:00,9.95,10.17,9.78,10.17,9494000
2023-03-16 07:00:00,10.12,10.56,9.95,10.38,12886200
2023-03-17 07:00:00,10.69,10.9,10.47,10.77,17506700
2023-03-20 07:00:00,10.64,10.82,10.12,10.12,10261400
2023-03-21 07:00:00,10.3,10.51,10.04,10.43,11349400
2023-03-22 07:00:00,10.73,10.9,10.56,10.6,10979200
2023-03-23 07:00:00,10.47,10.82,10.43,10.82,9956100
2023-03-24 07:00:00,10.9,11.25,10.73,11.03,19033100
2023-03-27 07:00:00,11.16,11.51,11.08,11.46,16542800
2023-03-28 07:00:00,11.68,11.72,11.16,11.16,15145500
2023-03-29 07:00:00,11.25,11.42,11.03,11.38,8402200
2023-03-30 07:00:00,11.68,11.68,11.16,11.16,11277600
2023-03-31 07:00:00,11.21,11.77,11.08,11.68,14812900
2023-04-03 07:00:00,12.2,12.46,12.07,12.46,20426500
2023-04-04 07:00:00,12.63,13.11,12.63,12.89,17006200
2023-04-05 07:00:00,12.76,13.41,12.68,13.41,19498100
2023-04-06 07:00:00,13.67,14.32,13.5,13.76,31893200
2023-04-07 07:00:00,14.02,14.71,13.8,14.71,27903700
2023-04-10 07:00:00,15.23,15.4,14.75,15.06,26975500
2023-04-11 07:00:00,14.75,15.14,14.02,15.14,41249300
2023-04-12 07:00:00,15.19,15.44,14.58,14.88,20607700
2023-04-13 07:00:00,15.14,15.53,14.75,15.06,24484400
2023-04-14 07:00:00,15.14,15.23,14.02,14.02,40577800
2023-04-17 07:00:00,14.02,14.15,13.67,14.1,14373900
2023-04-18 07:00:00,14.1,15.06,13.76,15.06,33217500
2023-04-19 07:00:00,15.36,15.53,14.71,14.71,24545000
2023-04-20 07:00:00,14.88,15.1,14.41,14.84,14379200
2023-04-21 07:00:00,14.88,15.36,14.67,14.8,20168300
2023-04-24 07:00:00,14.88,15.01,14.23,14.62,16068700
2023-04-25 07:00:00,14.84,15.06,14.02,14.02,23953800
2023-04-26 07:00:00,14.15,14.62,14.06,14.62,12006300
2023-04-27 07:00:00,14.67,15.49,14.62,15.14,32598000
2023-04-28 07:00:00,15.32,16.18,15.14,16.18,34089900
2023-05-04 07:00:00,16.18,16.96,16.01,16.35,29595900
2023-05-05 07:00:00,16.35,16.7,15.79,16.48,22033100
2023-05-08 07:00:00,16.79,16.79,15.92,16.31,28911700
2023-05-09 07:00:00,16.31,16.4,15.83,16.01,16318600
2023-05-10 07:00:00,16.01,16.87,16.01,16.57,21290200
2023-05-11 07:00:00,16.7,17.69,16.61,17.69,35770300
2023-05-12 07:00:00,17.74,17.95,17.56,17.87,18622400
2023-05-15 07:00:00,18.08,18.3,17.48,17.48,19760300
2023-05-16 07:00:00,17.52,18.17,17.48,18.17,21177400
2023-05-17 07:00:00,18.34,18.69,18.0,18.0,21834300
2023-05-18 07:00:00,18.04,18.13,16.74,16.74,33831900
2023-05-19 07:00:00,17.09,17.74,16.44,17.74,31926300
2023-05-22 07:00:00,18.0,18.0,17.48,17.74,12991800
2023-05-23 07:00:00,17.82,18.13,17.61,17.82,21727300
2023-05-24 07:00:00,17.91,18.56,17.91,18.04,26286800
2023-05-25 07:00:00,17.82,18.13,17.18,17.78,21191400
2023-05-26 07:00:00,17.78,18.3,17.52,18.0,15835400
2023-05-29 07:00:00,18.34,18.43,18.0,18.08,15832600
2023-05-30 07:00:00,18.43,18.78,18.04,18.13,27591400
2023-05-31 07:00:00,18.21,18.73,18.0,18.47,21736000
2023-06-01 07:00:00,18.65,19.25,18.6,19.17,23101000
2023-06-02 07:00:00,19.55,19.55,18.65,18.86,22620600
2023-06-05 07:00:00,18.99,19.04,18.34,18.34,24029000
2023-06-06 07:00:00,18.3,18.65,18.0,18.47,21346400
2023-06-07 07:00:00,18.39,19.21,18.39,19.04,24945900
2023-06-08 07:00:00,19.17,19.25,18.0,18.0,28200600
2023-06-09 07:00:00,18.08,18.3,17.13,18.08,29069500
2023-06-12 07:00:00,18.0,18.08,17.26,17.52,20145000
2023-06-13 07:00:00,17.78,18.39,17.48,18.13,23340100
2023-06-14 07:00:00,18.34,18.6,17.74,17.74,15125300
2023-06-15 07:00:00,17.74,17.91,17.56,17.78,9995900
2023-06-16 07:00:00,18.08,18.47,17.95,18.0,25058000
2023-06-19 07:00:00,18.17,18.73,17.91,18.34,21117800
2023-06-20 07:00:00,18.56,18.95,18.43,18.91,18877900
2023-06-21 07:00:00,18.95,18.99,18.56,18.78,22209800
2023-06-22 07:00:00,19.21,20.07,19.12,19.94,47760100
2023-06-23 07:00:00,19.94,20.03,19.55,19.73,21975700
2023-06-26 07:00:00,19.64,20.16,19.04,19.99,36668400
2023-06-27 07:00:00,20.16,20.16,19.64,19.77,18341100
2023-06-28 07:00:00,19.94,19.99,19.38,19.38,21499200
2023-06-29 07:00:00,19.21,19.3,18.26,18.26,48143500
2023-06-30 07:00:00,18.17,18.39,17.91,18.21,18187400
2023-07-03 07:00:00,18.34,18.47,18.0,18.08,11247800
2023-07-04 07:00:00,18.08,18.65,18.0,18.6,15187700
2023-07-05 07:00:00,18.78,18.82,18.39,18.39,10754900
2023-07-06 07:00:00,18.39,18.56,17.82,18.04,18180300
2023-07-07 07:00:00,17.95,18.08,17.31,18.0,16241100
2023-07-10 07:00:00,18.0,18.78,18.0,18.52,15646400
2023-07-11 07:00:00,18.69,18.78,18.17,18.26,15329900
2023-07-12 07:00:00,18.3,18.39,18.0,18.21,12768800
2023-07-13 07:00:00,18.34,19.3,18.21,19.12,35989400
2023-07-14 07:00:00,19.47,19.47,18.86,19.38,21468500
2023-07-17 07:00:00,19.6,20.51,19.55,20.03,47533300
2023-07-18 07:00:00,20.07,20.46,19.77,20.2,32297000
2023-07-19 07:00:00,20.46,20.64,19.81,19.86,39472800
2023-07-20 07:00:00,19.73,20.07,19.3,20.07,29010300
2023-07-21 07:00:00,20.07,21.46,20.03,21.46,41031700
2023-07-24 07:00:00,21.76,22.15,21.5,21.63,33705300
2023-07-25 07:00:00,21.63,22.28,21.46,22.15,40710200
2023-07-26 07:00:00,22.06,22.41,21.72,22.02,25404600
2023-07-27 07:00:00,22.02,22.67,21.76,22.5,46581400
2023-07-28 07:00:00,22.5,22.89,21.98,22.15,41099900
2023-07-31 07:00:00,21.98,22.58,21.5,22.5,37767400
2023-08-01 07:00:00,22.63,22.67,21.54,21.54,27815500
2023-08-02 07:00:00,21.54,22.11,21.46,21.89,17893800
2023-08-03 07:00:00,21.89,22.41,21.67,22.15,26836300
2023-08-04 07:00:00,22.5,23.54,22.24,23.28,36216600
2023-08-07 07:00:00,23.45,23.45,22.76,23.06,21489800
2023-08-08 07:00:00,23.06,23.15,22.54,22.67,24384800
2023-08-09 07:00:00,22.5,22.8,22.32,22.32,20421200
2023-08-10 07:00:00,22.32,22.84,22.24,22.28,19242400
2023-08-11 07:00:00,22.5,22.93,21.93,22.93,23064900
2023-08-14 07:00:00,23.41,24.36,23.28,23.79,32704600
2023-08-15 07:00:00,24.05,24.18,23.58,23.71,20538800
2023-08-16 07:00:00,23.75,24.66,23.28,24.66,31510400
2023-08-17 07:00:00,24.79,24.88,24.05,24.05,21741400
2023-08-18 07:00:00,23.79,24.01,22.41,22.41,50660100
2023-08-21 07:00:00,22.06,22.45,21.11,21.98,26433700
2023-08-22 07:00:00,21.98,22.24,20.77,21.98,23161200
2023-08-23 07:00:00,22.32,22.58,21.76,21.76,19639500
2023-08-24 07:00:00,21.85,23.28,21.72,23.28,33408000
2023-08-25 07:00:00,23.28,23.97,23.28,23.36,29418000
2023-08-28 07:00:00,23.41,23.97,23.19,23.97,20803600
2023-08-29 07:00:00,24.14,24.88,23.97,23.97,25713000
2023-08-30 07:00:00,24.05,24.79,23.75,24.66,30069600
2023-08-31 07:00:00,25.01,25.31,24.79,24.79,16999200
2023-09-05 07:00:00,24.92,25.44,24.79,25.05,17373700
2023-09-06 07:00:00,24.88,25.53,24.57,25.48,26747700
2023-09-07 07:00:00,25.65,25.96,25.18,25.4,21752500
2023-09-08 07:00:00,25.27,25.7,25.18,25.44,15447600
2023-09-11 07:00:00,25.53,25.61,24.05,24.05,33620700
2023-09-12 07:00:00,24.05,25.05,23.54,25.05,24147200
2023-09-13 07:00:00,25.09,25.48,24.23,24.57,24192500
2023-09-14 07:00:00,24.4,24.53,23.62,23.62,27447700
2023-09-15 07:00:00,23.75,24.1,23.36,23.54,17733400
2023-09-18 07:00:00,23.36,23.71,23.1,23.19,16821600
2023-09-19 07:00:00,23.36,23.79,22.89,23.71,19999200
2023-09-20 07:00:00,23.88,24.75,23.62,24.49,16497400
2023-09-21 07:00:00,24.57,24.57,23.79,23.79,17159600
2023-09-22 07:00:00,23.19,23.28,22.15,22.15,28828600
2023-09-25 07:00:00,22.06,22.41,20.64,20.64,26114100
2023-09-26 07:00:00,20.33,21.5,20.29,21.2,25379200
2023-09-27 07:00:00,21.2,22.06,20.38,22.06,17003500
2023-09-28 07:00:00,21.8,21.93,21.07,21.2,19590200
2023-09-29 07:00:00,21.59,21.8,21.33,21.72,17032800
2023-10-02 07:00:00,21.72,22.06,21.5,21.72,7942900
2023-10-03 07:00:00,21.29,21.33,20.2,20.2,27941600
2023-10-04 07:00:00,19.04,20.68,19.04,20.25,19183400
2023-10-05 07:00:00,20.42,20.64,18.86,18.86,18899600
2023-10-06 07:00:00,18.73,19.3,18.0,19.3,21901000
2023-10-09 07:00:00,19.25,20.16,19.04,20.03,14284400
2023-10-10 07:00:00,20.16,20.29,19.73,19.86,13881600
2023-10-11 07:00:00,19.86,20.25,19.25,20.25,14033000
2023-10-12 07:00:00,20.42,20.85,20.2,20.59,13867000
2023-10-13 07:00:00,20.07,20.94,19.77,20.51,15448800
2023-10-16 07:00:00,20.51,20.85,20.03,20.29,13597000
2023-10-17 07:00:00,20.51,20.51,18.91,18.91,11010300
2023-10-18 07:00:00,18.99,19.12,17.61,17.61,24315300
2023-10-19 07:00:00,17.48,17.74,16.48,16.48,23371600
2023-10-20 07:00:00,16.48,17.61,16.48,17.61,17629300
2023-10-23 07:00:00,17.69,18.17,17.31,17.35,15661500
2023-10-24 07:00:00,17.61,18.43,17.48,18.43,16056500
2023-10-25 07:00:00,18.52,18.78,18.17,18.17,19797300
2023-10-26 07:00:00,17.52,17.61,16.92,17.13,37078300
2023-10-27 07:00:00,17.52,18.3,17.13,18.3,23893600
2023-10-30 07:00:00,18.13,18.69,17.52,17.52,18924400
2023-10-31 07:00:00,17.74,18.34,17.31,17.48,24265600
2023-11-01 07:00:00,17.82,17.82,16.87,17.82,19774800
2023-11-02 07:00:00,18.21,19.04,18.08,19.04,26227800
2023-11-03 07:00:00,19.34,19.6,18.91,19.3,26869400
2023-11-06 07:00:00,19.51,19.73,19.12,19.73,14761800
2023-11-07 07:00:00,19.43,19.86,19.21,19.34,17969100
2023-11-08 07:00:00,19.3,20.68,19.17,20.68,26441000
2023-11-09 07:00:00,21.11,21.8,20.85,21.2,28703200
2023-11-10 07:00:00,20.9,22.41,20.9,21.11,35129600
2023-11-13 07:00:00,21.42,21.76,20.98,21.63,22517300
2023-11-14 07:00:00,21.93,22.06,21.2,21.42,18092200
2023-11-15 07:00:00,21.98,22.32,21.37,21.5,25530600
2023-11-16 07:00:00,21.29,22.58,21.29,22.58,28433000
2023-11-17 07:00:00,22.76,23.1,21.37,22.15,36148400
2023-11-20 07:00:00,21.63,22.76,21.37,22.5,21034000
2023-11-21 07:00:00,22.93,22.97,22.32,22.45,16102300
2023-11-22 07:00:00,22.41,23.19,22.32,23.02,25656100
2023-11-23 07:00:00,23.15,23.32,21.42,21.42,37517100
2023-11-24 07:00:00,21.63,21.72,20.33,21.63,34208000
2023-11-27 07:00:00,21.67,21.76,20.9,20.9,12984200
2023-11-28 07:00:00,20.77,21.33,20.38,21.2,18818000
2023-11-29 07:00:00,21.29,21.72,21.16,21.67,15253700
2023-11-30 07:00:00,21.67,22.06,21.37,21.37,16948400
2023-12-01 07:00:00,21.67,21.98,21.24,21.72,13467800
2023-12-04 07:00:00,22.15,23.23,22.11,22.97,28946500
2023-12-05 07:00:00,22.97,23.19,22.84,22.93,17811000
2023-12-06 07:00:00,22.93,23.71,22.67,23.58,23660000
2023-12-07 07:00:00,23.62,23.75,22.15,22.89,33278800
2023-12-08 07:00:00,22.97,23.45,22.58,23.15,24607100
2023-12-11 07:00:00,23.36,23.36,22.5,22.8,12432100
2023-12-12 07:00:00,22.93,23.1,22.76,22.8,11030400
2023-12-13 07:00:00,23.02,23.15,22.32,22.32,18992300
2023-12-14 07:00:00,22.71,22.71,21.72,21.72,16642400
2023-12-15 07:00:00,21.67,22.37,21.46,21.8,18783500
2023-12-18 07:00:00,22.06,22.41,21.89,22.02,9676600
2023-12-19 07:00:00,22.02,22.37,21.72,22.37,11754900
2023-12-20 07:00:00,22.5,22.58,22.24,22.32,6814300
2023-12-21 07:00:00,22.15,22.76,22.02,22.63,13706700
2023-12-22 07:00:00,22.67,22.89,22.32,22.32,9669100
2023-12-25 07:00:00,22.41,23.1,22.32,23.02,16740400
2023-12-26 07:00:00,23.19,23.32,22.89,23.15,16842400
2023-12-27 07:00:00,23.28,23.45,22.97,22.97,12903200
2023-12-28 07:00:00,23.02,23.54,22.97,23.1,18519400
2023-12-29 07:00:00,23.32,23.36,23.06,23.15,10736200
2024-01-02 07:00:00,23.36,23.36,22.45,22.5,20527800
2024-01-03 07:00:00,22.37,22.84,22.37,22.76,11793500
2024-01-04 07:00:00,22.76,23.49,22.63,22.93,25582200
2024-01-05 07:00:00,23.02,23.58,23.02,23.49,27632300
2024-01-08 07:00:00,23.79,24.4,23.75,24.01,31694300
2024-01-09 07:00:00,24.1,24.23,23.62,23.71,27019100
2024-01-10 07:00:00,23.71,23.79,23.06,23.19,23271800
2024-01-11 07:00:00,23.32,23.49,23.02,23.41,13921500
2024-01-12 07:00:00,23.1,23.19,22.58,22.8,30897600
2024-01-15 07:00:00,22.93,23.28,22.71,22.71,10934000
2024-01-16 07:00:00,22.58,23.19,22.54,23.19,10004600
2024-01-17 07:00:00,23.23,23.62,23.1,23.23,16298300
2024-01-18 07:00:00,23.49,23.71,23.28,23.36,17339200
2024-01-19 07:00:00,23.58,23.66,23.02,23.02,14230500
2024-01-22 07:00:00,23.1,23.54,22.84,23.49,18383700
2024-01-23 07:00:00,23.66,23.66,23.23,23.23,8125600
2024-01-24 07:00:00,23.23,23.49,23.15,23.23,10296100
2024-01-25 07:00:00,23.28,23.49,23.15,23.23,9445100
2024-01-26 07:00:00,23.32,23.75,23.28,23.32,12540400
2024-01-29 07:00:00,23.41,23.45,23.1,23.1,9100100
2024-01-30 07:00:00,23.19,23.45,23.19,23.32,9309500
2024-01-31 07:00:00,23.54,23.84,23.32,23.45,26054200
2024-02-01 07:00:00,23.54,23.97,23.49,23.71,16140100
2024-02-02 07:00:00,23.92,24.7,23.79,23.92,26331600
2024-02-05 07:00:00,24.05,24.1,23.62,23.84,16056100
2024-02-06 07:00:00,23.88,24.1,23.79,23.84,10125400
2024-02-07 07:00:00,23.88,23.92,23.58,23.62,18341400
2024-02-15 07:00:00,23.79,23.97,23.58,23.97,16420600
2024-02-16 07:00:00,24.23,24.57,24.05,24.1,25679100
2024-02-19 07:00:00,24.14,24.14,23.71,23.88,19153300
2024-02-20 07:00:00,23.97,24.18,23.71,23.79,15936300
2024-02-21 07:00:00,23.79,23.92,23.41,23.54,20435400
2024-02-22 07:00:00,23.54,23.62,23.36,23.36,12816100
2024-02-23 07:00:00,23.45,23.45,22.5,22.63,27786500
2024-02-26 07:00:00,22.67,22.97,22.5,22.89,13352200
2024-02-27 07:00:00,23.02,23.66,22.89,23.66,18912300
2024-02-28 07:00:00,23.79,23.79,23.23,23.36,13613400
2024-02-29 07:00:00,23.45,24.05,23.36,23.62,28065800
2024-03-01 07:00:00,23.79,23.97,23.62,23.84,13412300
2024-03-04 07:00:00,24.18,24.92,24.18,24.31,49273800
2024-03-05 07:00:00,24.36,24.49,23.97,24.1,19130700
2024-03-06 07:00:00,24.1,24.18,23.45,23.49,23821600
2024-03-07 07:00:00,23.45,23.79,23.1,23.66,28910200
2024-03-08 07:00:00,23.79,23.84,22.97,22.97,32128300
2024-03-11 07:00:00,22.97,23.19,22.54,22.67,18539000
2024-03-12 07:00:00,22.71,23.06,22.58,22.8,13972900
2024-03-13 07:00:00,22.97,23.36,22.8,23.36,14820100
2024-03-14 07:00:00,23.62,24.05,23.36,23.79,35281500
2024-03-15 07:00:00,23.92,25.09,23.84,24.66,69887600
2024-03-18 07:00:00,25.01,26.35,24.92,26.35,78932200
2024-03-19 07:00:00,26.78,26.78,25.87,25.87,28335800
2024-03-20 07:00:00,25.83,26.65,25.57,26.3,29500600
2024-03-21 07:00:00,26.74,27.77,25.87,27.43,44811900
2024-03-22 07:00:00,27.69,27.95,26.87,27.65,24601900
2024-03-25 07:00:00,27.56,28.55,27.43,27.69,25546500
2024-03-26 07:00:00,27.52,28.25,27.17,27.65,17271700
2024-03-27 07:00:00,27.73,28.99,27.47,28.34,22462300
2024-03-28 07:00:00,28.55,28.64,28.25,28.29,12618800
2024-03-29 07:00:00,28.29,28.38,27.73,27.86,16886600
2024-04-01 07:00:00,27.86,29.33,27.82,28.99,26743300
2024-04-02 07:00:00,28.68,29.25,28.29,29.07,18671400
2024-04-03 07:00:00,28.99,28.99,27.52,27.52,27588400
2024-04-04 07:00:00,27.86,28.9,27.43,27.86,31924800
2024-04-05 07:00:00,27.47,28.51,27.34,27.69,24872100
2024-04-08 07:00:00,27.69,28.25,27.52,27.77,17973700
2024-04-09 07:00:00,27.82,28.51,27.52,28.51,17300600
2024-04-10 07:00:00,28.51,28.64,27.95,27.95,16980300
2024-04-11 07:00:00,27.56,28.81,27.56,28.55,22049900
2024-04-12 07:00:00,28.73,29.38,28.64,29.07,23388900
2024-04-15 07:00:00,28.86,29.12,27.04,27.04,35671500
2024-04-16 07:00:00,26.78,26.82,25.31,26.04,45670500
2024-04-17 07:00:00,26.22,26.35,24.92,24.92,26638200
2024-04-19 07:00:00,24.23,25.09,23.41,23.71,38934500
2024-04-22 07:00:00,24.4,24.62,23.79,24.31,18528700
2024-04-23 07:00:00,24.31,24.4,23.02,23.19,22766300
2024-04-24 07:00:00,23.66,24.79,23.62,24.79,25333700
2024-04-25 07:00:00,24.7,24.75,24.18,24.49,15069200
2024-04-26 07:00:00,24.14,24.66,23.97,24.05,21396900
2024-05-02 07:00:00,23.62,23.75,22.67,23.23,34452500
2024-05-03 07:00:00,23.58,23.71,23.19,23.23,12391000
2024-05-06 07:00:00,23.58,24.4,23.28,24.31,21566000
2024-05-07 07:00:00,24.36,24.4,23.92,24.1,13921600
2024-05-08 07:00:00,23.71,25.09,23.28,24.75,28545700
2024-05-09 07:00:00,25.05,25.22,24.23,24.31,15533200
2024-05-10 07:00:00,24.49,25.01,24.27,24.75,20979000
2024-05-13 07:00:00,24.92,24.96,24.01,24.66,13827800
2024-05-14 07:00:00,24.7,24.96,24.49,24.53,11075800
2024-05-15 07:00:00,24.66,24.92,24.44,24.66,14586500
2024-05-16 07:00:00,25.14,25.53,24.83,24.83,17896100
2024-05-17 07:00:00,24.83,25.35,24.75,25.31,18538300
2024-05-20 07:00:00,25.78,25.78,25.14,25.14,14256800
2024-05-21 07:00:00,25.09,25.18,24.66,25.01,16918700
2024-05-22 07:00:00,25.09,25.7,25.01,25.35,24604600
2024-05-23 07:00:00,25.27,25.31,24.88,25.27,13634800
2024-05-24 07:00:00,25.09,25.48,23.62,24.05,31504200
2024-05-27 07:00:00,24.05,24.1,23.66,23.66,14699800
2024-05-28 07:00:00,23.88,24.49,23.84,24.1,10454600
2024-05-29 07:00:00,24.23,24.44,23.88,24.18,13197700
2024-05-30 07:00:00,23.88,24.14,23.49,23.88,15645200
2024-05-31 07:00:00,24.18,24.36,23.79,24.01,9390500
2024-06-03 07:00:00,24.27,25.05,24.27,24.7,15720100
2024-06-04 07:00:00,24.79,24.83,24.49,24.49,9241100
2024-06-05 07:00:00,24.66,24.75,24.27,24.27,11003400
2024-06-06 07:00:00,24.44,24.44,23.84,24.01,11956400
2024-06-07 07:00:00,24.23,24.23,23.88,23.92,7612000
2024-06-10 07:00:00,24.1,24.4,23.79,24.05,10417600
2024-06-11 07:00:00,24.05,24.14,23.66,23.79,10426700
2024-06-12 07:00:00,23.88,24.05,23.66,24.01,8735500
2024-06-13 07:00:00,24.23,24.83,24.18,24.4,19557100
2024-06-14 07:00:00,24.44,24.49,23.71,23.71,13479800
2024-06-17 07:00:00,23.71,23.79,23.36,23.36,12611200
2024-06-18 07:00:00,23.45,23.75,23.36,23.36,7306800
2024-06-19 07:00:00,23.62,23.62,23.15,23.23,9866100
2024-06-20 07:00:00,23.41,23.41,22.67,22.97,13018100
2024-06-21 07:00:00,22.93,23.02,22.63,22.63,9635400
2024-06-24 07:00:00,22.93,23.58,22.93,22.97,18895700
2024-06-25 07:00:00,23.32,23.32,22.97,23.15,5078400
2024-06-26 07:00:00,23.15,23.28,22.67,22.8,7238900
2024-06-27 07:00:00,22.84,23.75,22.67,23.58,13592000
2024-06-28 07:00:00,23.62,23.62,22.89,22.97,8247600
2024-07-01 07:00:00,23.06,23.45,22.93,23.28,5851400
2024-07-02 07:00:00,23.49,23.92,23.15,23.88,12915600
2024-07-03 07:00:00,23.92,24.01,23.58,23.71,5786300
2024-07-04 07:00:00,23.71,23.97,23.36,23.45,7289900
2024-07-05 07:00:00,23.45,23.62,23.1,23.23,8940100
2024-07-08 07:00:00,23.28,23.32,22.67,22.8,14275500
2024-07-09 07:00:00,22.76,23.1,22.76,22.93,7136100
2024-07-10 07:00:00,23.02,23.23,22.8,22.89,6402900
2024-07-11 07:00:00,23.1,23.92,23.06,23.41,16669300
2024-07-12 07:00:00,23.62,23.62,23.06,23.1,6914700
2024-07-15 07:00:00,23.1,23.28,22.97,22.97,5727000
2024-07-16 07:00:00,23.02,23.32,22.76,22.76,7934800
2024-07-17 07:00:00,22.8,22.93,21.2,21.2,35495200
2024-07-18 07:00:00,21.24,21.42,20.68,21.37,12650600
2024-07-19 07:00:00,21.46,21.46,20.33,20.59,11849400
2024-07-22 07:00:00,20.33,20.9,19.9,20.77,14319800
2024-07-23 07:00:00,20.94,20.94,20.07,20.16,5807800
2024-07-24 07:00:00,19.94,21.24,19.86,21.16,12335900
2024-07-25 07:00:00,20.81,21.03,20.59,21.03,5816300
2024-07-26 07:00:00,21.03,21.03,20.51,21.03,5500900
2024-07-29 07:00:00,21.2,21.67,21.03,21.2,8713400
2024-07-30 07:00:00,21.03,21.24,20.46,21.03,6133100
2024-07-31 07:00:00,21.11,21.46,20.72,21.16,6756000
2024-08-01 07:00:00,21.11,21.11,19.68,20.2,14146400
2024-08-02 07:00:00,20.16,20.68,19.64,20.68,10272000
2024-08-05 07:00:00,20.07,20.33,19.25,19.51,19505800
2024-08-06 07:00:00,19.9,20.07,19.21,19.73,9612800
2024-08-07 07:00:00,19.9,20.16,19.6,19.9,7076900
2024-08-08 07:00:00,19.81,20.25,19.51,19.81,8715500
2024-08-09 07:00:00,20.12,20.2,19.77,20.03,6766300
2024-08-12 07:00:00,18.78,19.47,18.65,19.3,34262900
2024-08-13 07:00:00,19.3,19.64,19.08,19.38,7255400
2024-08-14 07:00:00,19.43,19.55,18.95,19.21,9755100
2024-08-15 07:00:00,19.21,19.3,18.78,19.21,13801500
2024-08-16 07:00:00,19.47,20.55,19.3,20.55,28028300
2024-08-19 07:00:00,20.9,21.11,20.42,20.51,13679100
2024-08-20 07:00:00,20.72,21.8,20.46,21.67,26124600
2024-08-21 07:00:00,21.59,21.67,21.03,21.24,21433200
2024-08-22 07:00:00,21.29,21.59,21.07,21.33,10226200
2024-08-23 07:00:00,21.33,22.06,21.11,21.76,20017700
2024-08-26 07:00:00,21.93,21.98,21.63,21.72,11865800
2024-08-27 07:00:00,21.46,21.93,21.37,21.67,15858500
2024-08-28 07:00:00,21.89,22.15,20.25,20.81,41917700
2024-08-29 07:00:00,20.77,21.11,20.59,20.64,10908100
2024-08-30 07:00:00,20.42,20.59,19.55,20.07,32324200
2024-09-04 07:00:00,19.68,20.25,19.55,20.2,9372300
2024-09-05 07:00:00,20.2,20.51,19.68,19.77,12148300
2024-09-06 07:00:00,19.81,19.86,18.99,19.43,18662500
2024-09-09 07:00:00,19.38,19.73,19.21,19.43,6241800
2024-09-10 07:00:00,19.47,19.55,18.78,19.47,13617000
2024-09-11 07:00:00,19.34,19.34,18.6,18.95,8734800
2024-09-12 07:00:00,19.12,19.21,18.78,18.78,4728500
2024-09-13 07:00:00,18.82,19.12,18.69,19.04,6622500
2024-09-16 07:00:00,19.04,19.12,18.6,18.95,7796400
2024-09-17 07:00:00,18.78,19.55,18.78,19.47,12889800
2024-09-18 07:00:00,19.55,19.73,19.34,19.6,9181800
2024-09-19 07:00:00,19.6,19.99,19.6,19.81,10010300
2024-09-20 07:00:00,19.99,19.99,19.6,19.68,7578000
2024-09-23 07:00:00,19.68,19.73,19.38,19.55,5999200
2024-09-24 07:00:00,19.43,19.73,19.38,19.68,6848500
2024-09-25 07:00:00,19.81,20.16,19.77,19.94,12809600
2024-09-26 07:00:00,20.07,20.16,19.86,19.94,8730500
2024-09-27 07:00:00,20.07,20.38,19.81,20.07,12775200
2024-09-30 07:00:00,19.99,20.07,19.73,20.07,9750700
2024-10-01 07:00:00,20.2,20.29,19.77,19.81,12859200
2024-10-02 07:00:00,19.64,19.77,19.04,19.38,20544900
2024-10-03 07:00:00,19.21,19.34,18.65,18.95,15578800
2024-10-04 07:00:00,18.99,19.17,18.82,18.82,7983200
2024-10-07 07:00:00,18.99,19.04,18.69,18.78,4339600
2024-10-08 07:00:00,18.78,18.86,18.39,18.43,10233300
2024-10-09 07:00:00,18.56,18.73,18.43,18.52,5099700
2024-10-10 07:00:00,18.69,18.82,18.43,18.47,5787500
2024-10-11 07:00:00,18.47,18.78,18.47,18.6,4737700
2024-10-14 07:00:00,18.69,18.78,18.39,18.39,5610700
2024-10-15 07:00:00,18.39,18.47,17.18,17.61,24968000
2024-10-16 07:00:00,17.56,17.61,17.31,17.31,5026300
2024-10-17 07:00:00,17.43,18.43,17.26,18.21,10505600
2024-10-18 07:00:00,18.43,18.43,17.65,17.65,5175400
2024-10-21 07:00:00,17.65,17.91,17.52,17.52,5574400
2024-10-22 07:00:00,17.52,17.82,17.39,17.52,7320500
2024-10-23 07:00:00,17.65,18.3,17.52,18.13,11819700
2024-10-24 07:00:00,18.13,18.26,17.87,17.87,4716000
2024-10-25 07:00:00,18.08,18.43,17.91,18.21,9711700
2024-10-28 07:00:00,18.26,18.3,17.91,18.04,3767000
2024-10-29 07:00:00,18.26,18.26,17.74,17.74,6419600
2024-10-30 07:00:00,17.74,18.13,17.65,17.78,4423600
2024-10-31 07:00:00,17.78,18.08,17.74,17.78,3327700
2024-11-01 07:00:00,17.78,18.3,17.78,18.0,9829300
2024-11-04 07:00:00,18.13,18.21,17.82,18.13,5223000
2024-11-05 07:00:00,18.13,18.65,18.13,18.26,10143600
2024-11-06 07:00:00,18.47,18.52,18.0,18.21,7808600
2024-11-07 07:00:00,18.3,18.73,18.21,18.39,10026000
2024-11-08 07:00:00,18.39,18.47,18.0,18.04,6910000
2024-11-11 07:00:00,18.0,18.04,17.61,17.65,8429500
2024-11-12 07:00:00,17.74,17.91,17.56,17.61,4532000
2024-11-13 07:00:00,17.61,17.87,17.48,17.82,5227000
2024-11-14 07:00:00,17.87,17.95,17.35,17.43,4238900
2024-11-15 07:00:00,17.48,17.52,17.0,17.31,8556100
2024-11-18 07:00:00,17.31,17.48,16.92,17.22,5911500
2024-11-19 07:00:00,17.13,17.52,17.13,17.22,5624400
2024-11-20 07:00:00,17.31,18.34,17.22,17.95,14090800
2024-11-21 07:00:00,18.0,18.08,17.87,17.95,2749500
2024-11-22 07:00:00,18.08,18.08,17.69,17.74,4521000
2024-11-25 07:00:00,17.82,17.82,17.52,17.74,6001700
2024-11-26 07:00:00,17.65,18.17,17.65,17.82,7834500
2024-11-27 07:00:00,17.82,17.87,17.52,17.78,5192600
2024-11-28 07:00:00,17.82,17.91,17.52,17.61,4757700
2024-11-29 07:00:00,17.56,17.61,17.31,17.56,7817200
2024-12-02 07:00:00,17.65,17.82,17.48,17.56,5133400
2024-12-03 07:00:00,17.65,17.65,17.22,17.56,7593400
2024-12-04 07:00:00,17.56,17.74,17.22,17.48,8216400
2024-12-05 07:00:00,17.43,18.3,17.22,18.17,16331900
2024-12-06 07:00:00,18.17,18.3,17.91,18.04,7941500
2024-12-09 07:00:00,18.08,18.43,18.04,18.17,9391000
2024-12-10 07:00:00,18.17,18.34,18.13,18.17,5790300
2024-12-11 07:00:00,18.17,18.34,17.91,18.0,6132200
2024-12-12 07:00:00,18.04,18.08,17.74,17.95,6690200
2024-12-13 07:00:00,17.91,18.0,17.65,17.78,6446400
2024-12-16 07:00:00,17.74,17.74,17.13,17.43,16866300
2024-12-17 07:00:00,17.43,17.48,17.13,17.31,6520400
2024-12-18 07:00:00,17.22,17.39,17.18,17.22,4756800
2024-12-19 07:00:00,16.96,17.05,16.31,16.92,16592900
2024-12-20 07:00:00,16.79,16.87,16.44,16.44,5919200
2024-12-23 07:00:00,16.79,16.92,16.74,16.79,5459800
2024-12-24 07:00:00,16.66,16.79,16.31,16.61,7112700
2024-12-25 07:00:00,16.61,16.79,16.57,16.61,4028600
2024-12-26 07:00:00,16.7,16.96,16.61,16.61,5025500
2024-12-27 07:00:00,16.66,16.7,16.44,16.44,5210500
2024-12-30 07:00:00,16.44,16.53,16.14,16.35,6232900
2024-12-31 07:00:00,16.31,16.48,16.09,16.35,6186100
2025-01-02 07:00:00,16.4,16.7,16.27,16.7,4114400
2025-01-03 07:00:00,16.7,16.74,16.27,16.57,4830700
2025-01-06 07:00:00,16.57,16.57,16.01,16.22,5741900
2025-01-07 07:00:00,16.22,16.22,15.4,15.66,12234900
2025-01-08 07:00:00,15.57,15.92,15.23,15.92,6454100
2025-01-09 07:00:00,15.66,16.05,15.57,15.7,4096800
2025-01-10 07:00:00,15.7,15.79,15.27,15.49,4986700
2025-01-13 07:00:00,15.4,15.7,14.97,15.57,7211100
2025-01-14 07:00:00,15.57,15.66,15.32,15.49,2887600
2025-01-15 07:00:00,15.44,15.92,15.44,15.79,5697200
2025-01-16 07:00:00,15.88,16.05,15.75,15.88,3702600
2025-01-17 07:00:00,15.88,16.09,15.75,15.92,3834000
2025-01-20 07:00:00,15.79,15.96,15.66,15.92,4445300
2025-01-21 07:00:00,15.75,16.09,15.75,16.05,5377500
2025-01-22 07:00:00,16.09,16.09,15.75,15.88,3420700
2025-01-23 07:00:00,15.92,16.01,15.75,15.75,4535900
2025-01-24 07:00:00,15.75,16.01,15.1,15.32,17521200
2025-02-03 07:00:00,15.44,15.49,14.75,15.1,9421600
2025-02-04 07:00:00,15.1,15.36,15.01,15.32,7026400
2025-02-05 07:00:00,15.44,16.35,15.32,16.35,24114500
2025-02-06 07:00:00,16.4,16.44,16.14,16.27,6102100
2025-02-07 07:00:00,16.35,16.53,16.14,16.18,7375900
2025-02-10 07:00:00,16.09,16.14,15.79,15.88,8134100
2025-02-11 07:00:00,15.88,15.96,15.75,15.96,6890100
2025-02-12 07:00:00,16.09,16.14,15.75,15.83,5190900
2025-02-13 07:00:00,15.92,16.09,15.83,16.09,6098200
2025-02-14 07:00:00,16.27,16.4,15.96,15.96,6359100
2025-02-17 07:00:00,16.09,16.4,16.05,16.27,8246600
2025-02-18 07:00:00,16.35,17.0,16.22,16.66,14085200
2025-02-19 07:00:00,16.66,16.96,16.66,16.79,10455500
2025-02-20 07:00:00,16.87,17.05,16.57,16.61,11794900
2025-02-21 07:00:00,16.61,16.79,16.44,16.74,8696400
2025-02-24 07:00:00,16.79,16.96,16.61,16.74,5269600
2025-02-25 07:00:00,16.92,17.18,16.79,16.92,13689100
2025-02-26 07:00:00,16.92,17.0,16.66,16.74,6320500
2025-02-27 07:00:00,16.66,17.18,16.66,17.18,16083200
2025-02-28 07:00:00,17.22,17.48,17.05,17.22,13165500
2025-03-03 07:00:00,17.26,17.43,17.13,17.31,10269600
2025-03-04 07:00:00,17.31,17.65,17.18,17.26,13867300
2025-03-05 07:00:00,17.31,17.35,16.87,16.92,12616700
2025-03-06 07:00:00,16.92,17.31,16.87,17.31,10373700
2025-03-07 07:00:00,17.43,17.87,17.39,17.48,12653300
2025-03-10 07:00:00,17.52,17.61,17.35,17.43,9988100
2025-03-11 07:00:00,17.22,17.61,17.09,17.61,8930100
2025-03-12 07:00:00,17.74,17.74,17.31,17.43,7698800
2025-03-13 07:00:00,17.43,17.74,17.0,17.39,15950200
2025-03-14 07:00:00,17.39,18.34,17.18,17.87,25203700
2025-03-17 07:00:00,18.34,18.47,18.04,18.21,21606600
2025-03-18 07:00:00,18.39,18.39,17.74,18.04,16329400
2025-03-19 07:00:00,18.04,18.04,17.61,17.69,10404300
2025-03-20 07:00:00,17.82,17.87,17.22,17.61,13574200
2025-03-21 07:00:00,17.65,17.74,17.48,17.48,7383200
2025-03-24 07:00:00,17.39,17.43,16.87,17.26,15410200
2025-03-25 07:00:00,17.39,17.69,17.22,17.48,8628200
2025-03-26 07:00:00,17.48,17.61,17.05,17.05,6981600
2025-03-27 07:00:00,17.09,17.26,16.96,17.09,5321100
2025-03-28 07:00:00,17.22,17.39,16.96,17.13,9041900
2025-03-31 07:00:00,16.96,17.39,16.74,17.18,9650400
2025-04-01 07:00:00,17.26,17.31,17.09,17.22,4016400
2025-04-02 07:00:00,17.31,17.48,17.18,17.18,10811700
2025-04-03 07:00:00,16.22,16.74,16.01,16.01,17058700
2025-04-04 07:00:00,14.93,15.36,14.93,14.93,22525400
2025-04-08 07:00:00,13.89,14.28,13.89,13.89,4083000
2025-04-09 07:00:00,12.94,12.94,12.94,12.94,2969100
2025-04-10 07:00:00,13.8,13.8,13.8,13.8,28274900
2025-04-11 07:00:00,13.28,14.45,12.98,14.41,26963500
2025-04-14 07:00:00,14.49,14.58,13.54,14.19,20786200
2025-04-15 07:00:00,13.93,14.45,13.54,13.54,17596900
2025-04-16 07:00:00,13.58,13.8,13.15,13.15,12806900
2025-04-17 07:00:00,12.89,13.54,12.68,13.54,16898500
2025-04-18 07:00:00,13.76,13.76,13.32,13.54,12594400
2025-04-21 07:00:00,13.54,13.71,13.15,13.2,11151300
2025-04-22 07:00:00,13.07,13.15,12.29,12.29,30611000
2025-04-23 07:00:00,12.63,12.94,11.81,12.55,18634400
2025-04-24 07:00:00,12.55,13.11,12.55,12.89,10512700
2025-04-25 07:00:00,12.94,13.2,12.72,12.72,8485700
2025-04-28 07:00:00,12.72,12.98,12.68,12.72,7219000
2025-04-29 07:00:00,12.89,12.89,12.68,12.72,5084600
2025-05-05 07:00:00,12.76,13.07,12.68,13.07,7818700
2025-05-06 07:00:00,13.11,13.58,13.11,13.24,11527600
2025-05-07 07:00:00,13.2,13.76,13.2,13.54,12389300
2025-05-08 07:00:00,13.71,13.71,13.28,13.41,8112800
2025-05-09 07:00:00,13.54,13.71,13.28,13.32,10361400
2025-05-12 07:00:00,13.41,13.58,13.32,13.41,6184600
2025-05-13 07:00:00,13.63,13.76,13.54,13.63,10706000
2025-05-14 07:00:00,13.63,13.97,13.45,13.84,14209900
2025-05-15 07:00:00,14.06,14.15,13.76,13.84,8330000
2025-05-16 07:00:00,13.84,14.06,13.58,13.63,10680300
2025-05-19 07:00:00,13.54,14.1,13.45,13.84,15060300
2025-05-20 07:00:00,13.93,13.97,13.67,13.71,6530700
2025-05-21 07:00:00,13.8,13.8,13.5,13.67,8952900
2025-05-22 07:00:00,13.67,13.93,13.5,13.76,12181700
2025-05-23 07:00:00,13.8,13.84,13.5,13.5,6704800
2025-05-26 07:00:00,13.58,14.06,12.98,13.97,19132500
2025-05-27 07:00:00,14.1,14.93,14.1,14.93,32234400
2025-05-28 07:00:00,15.32,15.32,14.62,14.71,17580500
2025-05-29 07:00:00,15.03,15.26,14.62,15.03,17076800
2025-05-30 07:00:00,15.12,15.17,14.57,14.76,19168300
2025-06-02 07:00:00,15.12,15.76,15.12,15.76,13588400
2025-06-03 07:00:00,16.13,16.54,15.99,16.04,24384900
2025-06-04 07:00:00,16.22,16.91,16.04,16.4,24299800
2025-06-05 07:00:00,16.73,16.73,16.18,16.31,12184900
2025-06-06 07:00:00,16.18,16.86,15.9,16.5,24770400
2025-06-09 07:00:00,16.59,17.05,16.54,16.59,20065900
2025-06-10 07:00:00,16.54,16.73,16.08,16.31,14100000
2025-06-11 07:00:00,16.36,16.45,15.9,16.13,15685800
2025-06-12 07:00:00,16.13,16.63,16.13,16.31,13260400
2025-06-13 07:00:00,15.99,16.08,15.21,15.35,35984000
2025-06-16 07:00:00,15.4,15.76,15.31,15.76,8805900
2025-06-17 07:00:00,15.81,16.08,15.67,15.81,12824700
2025-06-18 07:00:00,15.85,16.18,15.72,15.85,12537500
2025-06-19 07:00:00,15.81,16.04,15.53,15.9,11137600
2025-06-20 07:00:00,15.95,16.08,15.72,15.9,7912400
2025-06-23 07:00:00,15.76,15.76,15.49,15.72,9867400
2025-06-24 07:00:00,15.9,16.13,15.81,15.85,14279900
2025-06-25 07:00:00,15.95,16.13,15.81,15.81,8885700
2025-06-26 07:00:00,15.81,15.95,15.67,15.85,8866800
2025-06-27 07:00:00,16.04,16.59,16.04,16.13,23661700
2025-06-30 07:00:00,16.36,16.36,16.13,16.22,9268000
2025-07-01 07:00:00,16.36,16.36,15.63,15.67,19066700
2025-07-02 07:00:00,15.85,15.99,15.67,15.95,11122300
2025-07-03 07:00:00,15.95,16.36,15.9,16.18,22281000
2025-07-04 07:00:00,16.27,17.05,16.27,16.73,28487800
2025-07-07 07:00:00,16.95,17.32,16.63,17.05,21636600
2025-07-08 07:00:00,17.23,17.23,16.68,16.95,22383400
2025-07-09 07:00:00,17.18,17.5,16.91,17.09,25733600
2025-07-10 07:00:00,17.14,17.32,16.73,16.86,22927600
2025-07-11 07:00:00,16.91,17.0,16.54,16.54,21406400
2025-07-14 07:00:00,16.59,17.28,16.22,17.18,29638500
2025-07-15 07:00:00,17.32,17.5,16.86,16.86,23276500
2025-07-16 07:00:00,16.86,17.64,16.77,17.41,29706100
2025-07-17 07:00:00,17.69,18.6,17.46,18.6,51670900
2025-07-18 07:00:00,19.2,19.84,18.79,18.83,31490800
2025-07-21 07:00:00,19.2,19.2,18.42,18.42,32367300
2025-07-22 07:00:00,18.33,18.79,18.1,18.79,25530400
2025-07-23 07:00:00,19.06,19.52,18.56,18.6,29350100
2025-07-24 07:00:00,18.79,19.34,18.56,18.97,25979600
2025-07-25 07:00:00,19.06,19.98,18.97,19.98,34914800
2025-07-28 07:00:00,20.76,21.35,20.44,21.35,31017400
2025-07-29 07:00:00,22.0,22.09,19.89,19.89,63159200
2025-07-30 07:00:00,19.89,20.44,19.38,20.21,30232200
2025-07-31 07:00:00,20.25,20.39,19.02,19.93,39800100
2025-08-01 07:00:00,20.07,20.12,19.11,19.11,26945400
2025-08-04 07:00:00,18.74,19.7,18.74,19.7,16931500
2025-08-05 07:00:00,19.98,20.62,18.33,19.48,48416200
2025-08-06 07:00:00,19.57,19.8,19.43,19.75,13923900
2025-08-07 07:00:00,20.35,20.53,19.98,20.21,24068700
2025-08-08 07:00:00,20.3,21.31,19.84,20.9,45271500
2025-08-11 07:00:00,21.31,22.13,21.22,21.4,29234900
2025-08-12 07:00:00,21.49,22.0,20.44,21.22,37268700
2025-08-13 07:00:00,21.54,22.41,21.22,22.18,43143100
2025-08-14 07:00:00,22.68,22.68,21.67,22.32,32689200
2025-08-15 07:00:00,22.32,22.32,21.08,21.35,34254000
2025-08-18 07:00:00,21.26,22.09,20.71,21.54,32933200
2025-08-19 07:00:00,21.67,23.0,21.67,23.0,52275900
2025-08-20 07:00:00,23.28,23.65,21.95,22.91,47224600
2025-08-21 07:00:00,23.05,23.32,22.32,22.32,25845500
2025-08-22 07:00:00,21.72,21.95,20.76,20.8,49567100
2025-08-25 07:00:00,21.03,21.45,19.52,19.52,25390100
2025-08-26 07:00:00,19.57,20.85,19.52,20.85,18943000
2025-08-27 07:00:00,21.08,22.0,20.99,21.17,20722600
2025-08-28 07:00:00,21.17,21.26,20.71,21.22,13406900
2025-08-29 07:00:00,21.54,22.0,21.31,21.35,18809500
2025-09-03 07:00:00,21.72,22.82,21.67,22.82,30216300
2025-09-04 07:00:00,23.55,24.1,23.1,23.28,33214700
2025-09-05 07:00:00,23.65,24.74,23.23,23.28,47285300
2025-09-08 07:00:00,23.0,23.42,22.0,22.0,40651400
2025-09-09 07:00:00,22.04,22.32,21.45,22.22,24656800
2025-09-10 07:00:00,22.36,22.36,21.45,21.58,23607800
2025-09-11 07:00:00,21.35,22.0,20.71,22.0,21409800
2025-09-12 07:00:00,22.36,23.23,22.32,22.5,24392400
2025-09-15 07:00:00,22.82,23.6,22.55,23.05,21591400
2025-09-16 07:00:00,23.46,23.46,22.18,22.36,25769100
2025-09-17 07:00:00,22.18,22.59,21.67,21.67,21850400
2025-09-18 07:00:00,21.81,22.45,21.45,22.13,15519800
2025-09-19 07:00:00,22.36,23.05,22.13,22.45,18921000
2025-09-22 07:00:00,22.68,23.28,22.36,22.73,30058600
2025-09-23 07:00:00,23.0,23.1,22.09,22.18,11680800
2025-09-24 07:00:00,21.95,23.37,21.81,23.37,28252500
2025-09-25 07:00:00,23.55,24.19,23.19,23.19,28473700
2025-09-26 07:00:00,23.23,23.69,22.87,23.05,21695400
2025-09-29 07:00:00,23.42,23.78,22.36,22.36,31418300
2025-09-30 07:00:00,22.36,22.59,20.99,21.35,36919300
2025-10-01 07:00:00,21.54,21.63,21.26,21.31,13237300
2025-10-02 07:00:00,21.35,21.49,20.57,20.57,19696800
2025-10-03 07:00:00,20.39,20.44,19.7,19.7,27402800
2025-10-06 07:00:00,19.89,21.08,19.89,21.08,15008000
2025-10-07 07:00:00,21.12,21.12,20.16,20.21,16184300
2025-10-08 07:00:00,20.53,20.62,19.52,19.75,38832300
2025-10-09 07:00:00,20.5,20.95,20.25,20.8,13013600
2025-10-10 07:00:00,21.0,21.55,20.95,21.4,10732900
2025-10-13 07:00:00,20.95,22.5,20.9,22.5,25956000
2025-10-14 07:00:00,22.8,23.2,22.35,22.6,26843000
2025-10-15 07:00:00,22.6,23.0,22.35,23.0,17682600
2025-10-16 07:00:00,23.25,24.6,23.25,24.6,43774400
2025-10-17 07:00:00,24.6,25.1,24.25,24.6,24105900
2025-10-20 07:00:00,24.1,24.8,22.9,22.9,35152700
2025-10-21 07:00:00,22.9,22.9,21.6,21.9,33230200
2025-10-22 07:00:00,22.1,22.5,21.0,22.5,20270900
2025-10-23 07:00:00,22.6,22.9,21.85,21.85,14273800
2025-10-24 07:00:00,21.6,22.4,21.25,21.9,15011500
2025-10-27 07:00:00,22.1,22.2,20.4,20.4,17398300
2025-10-28 07:00:00,19.9,20.95,19.5,20.95,18966400
2025-10-29 07:00:00,21.1,21.45,21.1,21.15,7710600
2025-10-30 07:00:00,21.2,21.65,21.0,21.25,8212000
2025-10-31 07:00:00,21.25,21.25,20.55,20.6,7672100
2025-11-03 07:00:00,20.55,20.75,19.3,19.3,16513300
2025-11-04 07:00:00,19.25,20.65,18.6,20.65,17529300
2025-11-05 07:00:00,20.65,20.65,20.05,20.15,5482000
2025-11-06 07:00:00,20.2,20.55,19.75,20.3,8907900
2025-11-07 07:00:00,20.3,20.35,19.5,19.7,8163900
2025-11-10 07:00:00,19.6,19.95,19.05,19.65,7745700
2025-11-11 07:00:00,19.7,20.2,19.6,20.15,9886500
2025-11-12 07:00:00,20.25,20.85,20.05,20.6,12044100
2025-11-13 07:00:00,20.65,20.65,20.0,20.0,8758300
2025-11-14 07:00:00,20.1,20.6,20.0,20.45,11956700
2025-11-17 07:00:00,20.6,21.65,20.6,21.35,16821600
2025-11-18 07:00:00,21.4,21.4,20.85,21.0,9901400
2025-11-19 07:00:00,21.1,21.6,20.75,21.1,14748300
2025-11-20 07:00:00,21.25,21.25,20.5,21.1,8136400
2025-11-21 07:00:00,20.85,21.15,20.55,21.0,10267400
2025-11-24 07:00:00,21.0,21.05,20.6,20.7,7233000
2025-11-25 07:00:00,20.7,21.0,19.8,20.05,11951400
2025-11-26 07:00:00,20.15,20.85,20.0,20.75,7851300
2025-11-27 07:00:00,20.8,20.85,20.25,20.25,7447800
2025-11-28 07:00:00,20.25,20.8,20.05,20.65,8816000
2025-12-01 07:00:00,20.7,20.7,20.15,20.2,6984500
2025-12-02 07:00:00,20.2,20.2,19.5,20.0,11349800
2025-12-03 07:00:00,20.05,20.3,19.75,20.2,6339900
2025-12-04 07:00:00,20.25,20.95,20.25,20.8,12488100
2025-12-05 07:00:00,20.8,20.8,20.4,20.55,8014600
2025-12-08 07:00:00,20.55,20.65,19.9,20.0,10980900
2025-12-09 07:00:00,20.0,20.0,19.0,19.8,14415200
2025-12-10 07:00:00,19.9,19.9,19.25,19.4,5924700
2025-12-11 07:00:00,19.5,19.6,19.15,19.4,5308900
2025-12-12 07:00:00,19.4,19.45,18.05,18.05,14734100
2025-12-15 07:00:00,18.05,18.15,17.15,17.45,15045900
2025-12-16 07:00:00,17.3,18.65,16.85,17.95,15698600
2025-12-17 07:00:00,18.1,18.35,17.75,17.9,6211700
2025-12-18 07:00:00,17.95,18.05,17.5,17.9,5423200
2025-12-19 07:00:00,18.0,18.2,17.65,17.95,8098700
2025-12-22 07:00:00,18.05,18.45,18.0,18.45,6347700
2025-12-23 07:00:00,18.5,18.5,17.75,18.05,6686700
2025-12-24 07:00:00,18.15,18.7,18.1,18.2,10263500
2025-12-25 07:00:00,18.35,18.45,17.8,17.8,8928300
2025-12-26 07:00:00,17.6,17.9,17.05,17.5,10865900
2025-12-29 07:00:00,17.6,17.75,17.3,17.4,6202200
2025-12-30 07:00:00,17.45,17.5,17.05,17.05,8231200
2025-12-31 07:00:00,17.05,17.2,16.75,16.75,9557000
2026-01-05 07:00:00,17.0,17.5,16.95,17.3,10998600
2026-01-06 07:00:00,17.45,17.5,16.6,17.0,8531700
2026-01-07 07:00:00,17.1,17.25,16.85,17.15,6508700
2026-01-08 07:00:00,17.15,17.5,16.8,17.0,16548000
2026-01-09 07:00:00,16.95,17.0,15.85,16.0,30057000
2026-01-12 07:00:00,16.0,16.85,15.6,16.6,17134500
2026-01-13 07:00:00,16.95,17.05,16.5,16.75,17243400
2026-01-14 07:00:00,16.75,17.0,16.3,16.7,15200400
2026-01-15 07:00:00,16.45,17.0,16.3,16.5,13607500
2026-01-16 07:00:00,16.6,16.65,16.1,16.15,12654800
2026-01-19 07:00:00,16.15,16.5,16.1,16.25,5961900
2026-01-20 07:00:00,16.25,16.4,15.9,16.05,9453700
2026-01-21 07:00:00,16.05,16.2,15.35,15.55,15787100
2026-01-22 07:00:00,15.7,16.6,15.5,16.6,23064500
2026-01-23 07:00:00,16.6,16.6,16.05,16.1,7287100
2026-01-26 07:00:00,16.2,16.3,15.35,15.55,10352300
2026-01-27 07:00:00,15.6,15.85,15.4,15.6,6371600
2026-01-28 07:00:00,15.65,16.2,15.1,15.95,11728700
2026-01-29 07:00:00,16.1,16.2,15.85,16.0,3284600
2026-01-30 07:00:00,16.15,16.5,15.95,16.2,13135200
2026-02-02 07:00:00,16.4,16.4,15.9,16.2,7595100
2026-02-03 07:00:00,16.3,16.5,16.1,16.3,7661400
2026-02-04 07:00:00,16.3,16.45,16.05,16.3,10014300
2026-02-05 07:00:00,16.35,16.5,15.9,15.9,9650000
2026-02-06 07:00:00,15.6,15.75,15.3,15.3,12010500
2026-02-09 07:00:00,15.5,15.6,15.2,15.5,7976400
2026-02-10 07:00:00,15.55,15.6,15.3,15.35,3885200
2026-02-11 07:00:00,15.4,16.4,15.4,16.15,14805700
2026-02-12 07:00:00,16.15,16.2,15.75,15.8,6036000
2026-02-13 07:00:00,15.8,15.95,15.55,15.85,10646700
2026-02-23 07:00:00,15.95,16.05,15.7,16.0,5777200
2026-02-24 07:00:00,15.95,16.1,15.55,15.6,14427900
2026-02-25 07:00:00,15.7,15.75,15.35,15.35,12231800
2026-02-26 07:00:00,15.45,15.55,15.2,15.35,9065300
2026-02-27 07:00:00,15.35,15.4,14.95,14.95,15970800
2026-03-02 07:00:00,14.1,14.6,13.95,14.0,20783700
2026-03-03 07:00:00,14.0,14.35,13.95,14.05,18009200
2026-03-04 07:00:00,14.05,14.25,13.25,14.05,13361000
2026-03-05 07:00:00,14.25,14.35,13.75,13.75,12327500
2026-03-06 07:00:00,13.95,14.0,13.5,13.55,7937500
2026-03-09 07:00:00,12.65,12.95,12.65,12.65,9282100
2026-03-10 07:00:00,12.45,12.95,12.35,12.6,27165600
2026-03-11 07:00:00,12.65,13.45,12.65,13.35,13446400
2026-03-12 07:00:00,13.3,13.55,13.0,13.45,12249600
2026-03-13 07:00:00,13.35,13.9,13.25,13.55,13098000
2026-03-16 07:00:00,13.7,14.0,13.6,13.7,10052000
2026-03-17 07:00:00,13.85,13.85,13.45,13.45,7124000
2026-03-18 07:00:00,13.45,13.55,13.1,13.45,7578400
2026-03-19 07:00:00,13.25,13.9,13.2,13.6,9710200
2026-03-20 07:00:00,13.55,13.8,13.35,13.35,7088400
2026-03-23 07:00:00,13.3,13.4,12.7,12.8,14134100
2026-03-24 07:00:00,13.25,13.65,13.0,13.5,8186500
2026-03-25 07:00:00,13.7,14.0,13.5,13.8,11696900
2026-03-26 07:00:00,13.85,14.0,13.5,13.55,8624500
2026-03-27 07:00:00,13.6,14.45,13.6,14.45,24713800
2026-03-30 07:00:00,14.1,14.6,14.05,14.2,13413500
2026-03-31 07:00:00,14.3,14.5,14.1,14.25,11416400
2026-04-01 07:00:00,14.5,14.65,14.25,14.3,12468600
2026-04-02 07:00:00,14.25,14.35,13.95,14.25,8485800
2026-04-03 07:00:00,14.25,14.4,14.1,14.15,12857300
2026-04-06 07:00:00,14.1,14.35,13.55,13.6,9972700
2026-04-07 07:00:00,13.65,13.8,13.4,13.6,10008600
2026-04-08 07:00:00,14.05,14.5,14.05,14.45,17760200
2026-04-09 07:00:00,14.4,15.15,14.25,14.55,16838800
2026-04-10 07:00:00,14.8,15.0,14.55,14.55,7862600
2026-04-13 07:00:00,14.45,15.1,14.35,14.65,14085800
2026-04-14 07:00:00,14.9,14.95,14.55,14.75,6880300
2026-04-15 07:00:00,14.75,15.0,14.65,14.65,12867500
2026-04-16 07:00:00,14.7,14.7,14.3,14.55,8068000
2026-04-17 07:00:00,14.65,14.7,14.3,14.35,6684400
2026-04-20 07:00:00,14.35,14.6,14.3,14.35,5230400
2026-04-21 07:00:00,14.4,14.6,14.15,14.15,9680000
2026-04-22 07:00:00,14.25,14.4,14.1,14.15,4446400
2026-04-23 07:00:00,14.2,14.4,13.85,14.05,11906200
2026-04-24 07:00:00,14.05,14.4,13.95,14.3,6594800
2026-04-28 07:00:00,14.3,14.5,14.1,14.1,5558400
2026-04-29 07:00:00,14.1,14.9,14.1,14.7,15546200
2026-05-04 07:00:00,14.8,15.1,14.6,14.65,10535100
2026-05-05 07:00:00,14.6,14.7,14.15,14.3,8762200
2026-05-06 07:00:00,14.55,14.9,14.45,14.75,10481200
2026-05-07 07:00:00,14.85,15.0,14.5,14.5,8825100
2026-05-08 07:00:00,14.55,14.6,14.35,14.45,8140500
2026-05-11 07:00:00,14.55,14.75,14.3,14.45,10269200
2026-05-12 07:00:00,14.45,14.95,14.45,14.65,14794700
2026-05-13 07:00:00,14.65,14.8,14.5,14.65,5426900
2026-05-14 07:00:00,14.8,15.2,14.7,14.85,12869700
2026-05-15 07:00:00,14.9,15.05,14.75,14.95,8152500
2026-05-18 07:00:00,14.9,14.9,14.55,14.85,8178600
2026-05-19 07:00:00,14.9,15.0,14.45,14.65,12151800
2026-05-20 07:00:00,14.65,14.65,13.65,13.85,26783300
2026-05-21 07:00:00,13.85,13.95,13.6,13.6,5646200
2026-05-22 07:00:00,13.7,13.7,13.45,13.5,6160600
2026-05-25 07:00:00,13.6,13.85,13.55,13.6,4744900
2026-05-26 07:00:00,13.7,14.15,13.65,13.8,7859600
2026-05-27 07:00:00,13.85,13.9,13.75,13.75,3128400
2026-05-28 07:00:00,13.8,13.85,13.5,13.5,4324500
2026-05-29 07:00:00,13.45,13.55,13.05,13.05,5852300
2026-06-01 07:00:00,13.25,13.4,13.1,13.2,5152700
2026-06-02 07:00:00,13.35,13.4,12.75,12.9,8222100
2026-06-03 07:00:00,13.0,13.2,12.85,13.1,3317900
2026-06-04 07:00:00,13.1,13.15,12.95,13.0,2790800
2026-06-05 07:00:00,13.05,13.1,12.8,12.85,4201000
2026-06-08 07:00:00,12.75,12.85,12.55,12.55,5366600
2026-06-09 07:00:00,12.65,12.75,12.5,12.55,4644300
2026-06-10 07:00:00,12.55,13.05,12.55,12.9,4977000
2026-06-11 07:00:00,12.9,12.9,12.7,12.7,2020000
2026-06-12 07:00:00,12.9,12.9,12.55,12.6,3542700
2026-06-15 07:00:00,12.85,13.05,12.75,13.0,4856600
2026-06-16 07:00:00,13.05,13.2,12.95,13.2,5698200
2026-06-17 07:00:00,13.2,13.4,13.1,13.15,4141700
2026-06-18 07:00:00,13.2,13.25,12.95,13.0,3035900
2026-06-19 07:00:00,13.1,13.35,12.9,12.95,4264000
2026-06-22 07:00:00,12.9,13.0,12.75,12.8,2874200
2026-06-23 07:00:00,12.85,12.95,12.5,12.5,4685000
2026-06-24 07:00:00,12.7,12.7,12.35,12.5,3902300
2026-06-25 07:00:00,12.5,12.65,12.4,12.45,2335300
2026-06-26 07:00:00,12.4,12.5,12.35,12.35,2353200
2026-06-29 07:00:00,12.4,12.6,12.35,12.6,3222800
2026-06-30 07:00:00,12.65,12.65,12.45,12.45,2498200
2026-07-01 07:00:00,12.55,12.6,12.45,12.55,2062500
2026-07-02 07:00:00,12.7,12.7,12.45,12.45,2098300
2026-07-03 07:00:00,12.45,12.5,12.15,12.25,5328500
2026-07-06 07:00:00,12.3,12.4,11.8,11.9,6434200
2026-07-07 07:00:00,11.9,12.05,11.55,11.9,6980700
2026-07-08 07:00:00,11.9,12.6,11.9,12.25,10734500
2026-07-09 07:00:00,12.2,12.45,12.2,12.25,2737100
2026-07-10 07:00:00,12.25,12.6,12.2,12.3,4368200
2026-07-13 07:00:00,12.25,12.8,12.2,12.65,12305100
2026-07-14 07:00:00,12.65,12.75,12.45,12.6,6116400
2026-07-15 07:00:00,12.6,12.65,12.0,12.0,7460600
2026-07-16 07:00:00,12.05,12.5,11.75,12.45,10130600
2026-07-17 07:00:00,12.45,12.65,12.05,12.05,5569900
2026-07-20 07:00:00,12.0,12.1,11.25,11.25,11464100
2026-07-21 07:00:00,11.0,11.35,10.75,10.85,10521300
2026-07-22 07:00:00,10.7,11.4,10.55,11.0,13122300
2026-07-23 07:00:00,11.0,11.2,10.25,10.8,13378200
2026-07-24 07:00:00,10.6,11.0,10.3,10.3,6792700
2026-07-27 07:00:00,10.3,10.45,9.69,9.69,19130700
2026-07-28 07:00:00,9.35,10.35,9.35,9.96,15320100
2026-07-29 07:00:00,9.98,10.15,9.9,10.1,6279000
2026-07-30 07:00:00,10.0,10.4,9.96,10.2,13328300
2026-07-31 07:00:00,10.4,10.45,10.0,10.05,10967400
2026-08-03 07:00:00,10.1,10.75,10.1,10.6,11902800
2026-08-04 07:00:00,10.6,10.75,10.5,10.7,7378400
2026-08-05 07:00:00,10.8,11.05,10.65,10.7,10921500
2026-08-06 07:00:00,10.7,10.8,10.55,10.7,7317400
2026-08-07 07:00:00,10.7,10.85,10.65,10.7,5355100
