time,open,high,low,close,volume
2018-08-09 07:00:00,56.86,57.44,56.04,57.27,573240
2018-08-10 07:00:00,57.27,57.62,56.68,57.56,571920
2018-08-13 07:00:00,57.15,60.06,56.8,60.06,552870
2018-08-14 07:00:00,60.06,60.41,58.32,59.01,399060
2018-08-15 07:00:00,59.01,59.48,55.4,55.4,660200
2018-08-16 07:00:00,54.23,55.92,52.48,55.11,926520
2018-08-17 07:00:00,56.57,56.62,55.63,56.1,245620
2018-08-20 07:00:00,56.1,57.32,55.87,57.27,342360
2018-08-21 07:00:00,56.62,57.15,56.16,56.86,488840
2018-08-22 07:00:00,57.44,58.61,57.21,58.32,569580
2018-08-23 07:00:00,58.9,59.6,57.79,58.55,332960
2018-08-24 07:00:00,58.2,59.71,58.2,59.19,515530
2018-08-27 07:00:00,60.02,60.2,59.49,59.61,451380
2018-08-28 07:00:00,60.02,60.97,59.31,60.8,433220
2018-08-29 07:00:00,60.8,61.03,59.37,60.02,370820
2018-08-30 07:00:00,60.08,62.46,59.49,62.46,723510
2018-08-31 07:00:00,62.46,63.18,61.27,61.27,382800
2018-09-04 07:00:00,61.27,61.87,60.5,61.27,433000
2018-09-05 07:00:00,60.38,61.27,58.6,59.55,508070
2018-09-06 07:00:00,59.49,60.38,58.89,59.61,257060
2018-09-07 07:00:00,59.01,60.08,58.83,59.73,368200
2018-09-10 07:00:00,59.73,60.86,59.73,59.96,197420
2018-09-11 07:00:00,59.49,61.57,59.49,61.57,463340
2018-09-12 07:00:00,62.46,65.79,61.87,64.84,1239470
2018-09-13 07:00:00,64.96,66.92,63.47,64.25,472370
2018-09-14 07:00:00,63.71,65.26,63.35,64.25,502510
2018-09-17 07:00:00,64.25,65.91,63.77,64.84,687310
2018-09-18 07:00:00,64.25,65.32,63.77,65.2,268030
2018-09-19 07:00:00,66.63,67.16,66.03,66.69,545150
2018-09-20 07:00:00,67.22,69.24,66.98,69.01,563350
2018-09-21 07:00:00,68.77,69.48,67.99,68.95,461610
2018-09-24 07:00:00,68.95,70.2,68.95,70.08,339610
2018-09-25 07:00:00,71.33,71.33,70.2,70.2,411900
2018-09-26 07:00:00,70.2,70.67,69.66,69.66,327570
2018-09-27 07:00:00,70.08,70.14,68.23,69.72,386390
2018-09-28 07:00:00,70.2,70.2,68.83,68.83,286600
2018-10-01 07:00:00,68.89,71.33,68.89,71.15,493290
2018-10-02 07:00:00,71.27,73.47,71.21,72.28,515710
2018-10-03 07:00:00,71.92,73.17,71.86,72.99,239720
2018-10-04 07:00:00,74.36,74.36,73.17,73.76,227900
2018-10-05 07:00:00,72.52,73.53,71.38,71.38,403490
2018-10-08 07:00:00,69.9,70.67,69.12,69.3,347700
2018-10-09 07:00:00,71.38,71.38,70.14,70.97,169930
2018-10-10 07:00:00,71.38,72.04,70.97,71.98,185290
2018-10-11 07:00:00,67.1,69.48,66.98,66.98,944220
2018-10-12 07:00:00,66.98,71.33,64.25,71.33,607890
2018-10-15 07:00:00,70.2,71.38,68.41,68.41,473420
2018-10-16 07:00:00,68.41,70.43,68.35,69.48,316710
2018-10-17 07:00:00,70.79,71.09,69.48,69.66,492070
2018-10-18 07:00:00,69.06,69.3,68.11,68.11,242460
2018-10-19 07:00:00,65.44,67.7,65.44,66.63,654420
2018-10-22 07:00:00,67.22,68.17,66.63,66.63,341980
2018-10-23 07:00:00,66.63,66.63,63.12,65.08,384490
2018-10-24 07:00:00,63.71,64.42,60.56,60.56,798130
2018-10-25 07:00:00,57.7,60.68,56.57,60.56,568570
2018-10-26 07:00:00,61.87,62.05,60.56,60.56,473890
2018-10-29 07:00:00,60.44,60.5,56.81,57.7,481650
2018-10-30 07:00:00,57.46,59.19,57.23,58.89,526490
2018-10-31 07:00:00,59.78,61.87,59.49,61.87,516660
2018-11-01 07:00:00,61.27,61.51,60.26,60.38,282450
2018-11-02 07:00:00,60.26,61.21,59.19,61.09,665140
2018-11-05 07:00:00,60.38,60.97,59.43,60.86,460360
2018-11-06 07:00:00,61.69,62.1,60.44,60.62,413030
2018-11-07 07:00:00,59.96,60.68,58.95,59.37,605260
2018-11-08 07:00:00,60.68,60.68,59.55,59.55,229280
2018-11-09 07:00:00,59.25,59.25,56.51,56.51,681560
2018-11-12 07:00:00,56.51,57.94,55.62,57.46,438100
2018-11-13 07:00:00,55.56,56.39,55.38,55.86,438310
2018-11-14 07:00:00,54.73,55.62,52.94,53.66,807750
2018-11-15 07:00:00,54.67,55.32,53.6,53.78,612630
2018-11-16 07:00:00,55.03,56.51,54.31,56.51,580710
2018-11-19 07:00:00,56.51,57.7,56.51,57.35,516050
2018-11-20 07:00:00,56.99,57.64,56.57,57.17,513460
2018-11-21 07:00:00,55.92,56.22,55.44,55.86,734350
2018-11-22 07:00:00,55.86,56.75,55.32,55.44,295800
2018-11-23 07:00:00,55.32,55.68,54.79,55.03,292670
2018-11-26 07:00:00,53.9,54.55,53.66,54.01,668590
2018-11-27 07:00:00,54.61,54.97,53.72,53.9,529980
2018-11-28 07:00:00,53.9,55.03,53.84,54.43,563260
2018-11-29 07:00:00,54.85,54.85,53.0,53.6,908960
2018-11-30 07:00:00,53.66,54.25,53.36,54.01,437560
2018-12-03 07:00:00,55.92,57.7,55.44,57.7,1357490
2018-12-04 07:00:00,57.7,58.0,56.81,57.41,850850
2018-12-05 07:00:00,56.81,57.41,56.22,57.17,576190
2018-12-06 07:00:00,56.81,57.64,56.04,56.57,831270
2018-12-07 07:00:00,56.51,57.58,56.51,57.29,936130
2018-12-10 07:00:00,57.41,58.89,57.23,58.12,1017190
2018-12-11 07:00:00,57.7,57.88,57.11,57.17,613810
2018-12-12 07:00:00,57.17,58.06,57.17,57.7,466030
2018-12-13 07:00:00,57.7,58.54,57.58,57.76,464540
2018-12-14 07:00:00,57.88,58.3,56.81,56.99,584180
2018-12-17 07:00:00,56.99,56.99,55.32,55.32,805870
2018-12-18 07:00:00,54.13,55.62,54.01,55.62,818850
2018-12-19 07:00:00,55.62,55.62,53.84,54.73,802830
2018-12-20 07:00:00,54.49,55.62,54.49,55.62,303240
2018-12-21 07:00:00,54.73,54.97,54.13,54.55,208950
2018-12-24 07:00:00,54.19,54.31,52.94,52.94,718380
2018-12-25 07:00:00,50.27,51.46,49.67,51.04,758570
2018-12-26 07:00:00,51.04,51.4,49.02,49.37,684770
2018-12-27 07:00:00,51.75,52.17,51.04,51.46,555700
2018-12-28 07:00:00,51.46,51.81,50.68,51.52,351010
2019-01-02 07:00:00,51.22,51.69,51.22,51.64,417520
2019-01-03 07:00:00,51.46,51.75,49.97,50.39,404480
2019-01-04 07:00:00,49.85,50.86,49.02,50.27,336550
2019-01-07 07:00:00,51.46,51.93,50.86,51.34,255840
2019-01-08 07:00:00,51.34,52.77,51.34,52.53,600270
2019-01-09 07:00:00,53.36,53.78,52.94,53.48,515500
2019-01-10 07:00:00,54.07,54.85,53.84,54.31,685580
2019-01-11 07:00:00,54.37,54.55,53.6,54.13,338400
2019-01-14 07:00:00,54.01,54.01,52.94,53.24,370320
2019-01-15 07:00:00,53.24,53.84,53.24,53.72,368380
2019-01-16 07:00:00,54.37,54.37,53.72,53.9,198780
2019-01-17 07:00:00,54.13,54.13,52.94,52.94,178680
2019-01-18 07:00:00,53.24,53.42,52.77,52.94,227340
2019-01-21 07:00:00,54.01,54.19,53.24,53.84,257610
2019-01-22 07:00:00,54.01,54.07,53.36,53.36,220970
2019-01-23 07:00:00,53.3,53.84,53.0,53.54,227610
2019-01-24 07:00:00,53.6,54.31,53.42,53.42,332180
2019-01-25 07:00:00,53.18,53.72,53.12,53.24,325280
2019-01-28 07:00:00,53.6,53.66,53.06,53.24,189380
2019-01-29 07:00:00,52.71,52.94,52.05,52.29,309890
2019-01-30 07:00:00,52.35,52.94,52.35,52.35,216190
2019-01-31 07:00:00,53.18,53.18,52.23,52.23,327020
2019-02-01 07:00:00,52.53,52.82,52.35,52.35,329360
2019-02-11 07:00:00,52.82,53.84,52.23,53.84,513260
2019-02-12 07:00:00,53.66,54.73,53.54,54.13,623510
2019-02-13 07:00:00,54.61,55.68,54.49,55.32,571680
2019-02-14 07:00:00,55.38,55.74,54.91,55.03,475450
2019-02-15 07:00:00,55.2,56.1,55.03,55.92,916910
2019-02-18 07:00:00,56.81,57.94,56.51,57.82,971850
2019-02-19 07:00:00,57.82,58.24,56.81,57.11,784000
2019-02-20 07:00:00,57.11,57.29,56.57,57.11,533120
2019-02-21 07:00:00,57.11,58.0,56.93,57.82,1213190
2019-02-22 07:00:00,57.46,59.37,57.17,59.07,876610
2019-02-25 07:00:00,59.78,60.08,58.89,59.01,587600
2019-02-26 07:00:00,58.6,58.83,57.7,58.24,919960
2019-02-27 07:00:00,58.42,59.01,58.12,58.6,475590
2019-02-28 07:00:00,58.89,59.96,58.3,58.42,1014710
2019-03-01 07:00:00,59.19,59.49,58.54,59.49,549800
2019-03-04 07:00:00,60.2,61.27,60.2,61.27,1064060
2019-03-05 07:00:00,60.38,62.46,60.2,61.87,878610
2019-03-06 07:00:00,61.33,61.87,60.38,61.87,607480
2019-03-07 07:00:00,62.16,62.76,61.27,61.27,636880
2019-03-08 07:00:00,60.74,61.09,59.9,60.08,717540
2019-03-11 07:00:00,60.08,60.14,58.83,59.61,497400
2019-03-12 07:00:00,60.68,60.68,59.61,60.62,528030
2019-03-13 07:00:00,61.27,61.51,60.08,60.44,452730
2019-03-14 07:00:00,60.97,61.39,60.44,60.86,746300
2019-03-15 07:00:00,61.89,61.95,61.28,61.64,624450
2019-03-18 07:00:00,61.89,63.4,61.83,63.1,824960
2019-03-19 07:00:00,63.65,63.71,62.19,62.8,754590
2019-03-20 07:00:00,62.49,62.49,61.34,62.01,592690
2019-03-21 07:00:00,62.8,62.8,60.07,60.07,689690
2019-03-22 07:00:00,60.61,60.92,59.88,60.61,715730
2019-03-25 07:00:00,58.55,59.58,58.0,59.58,875550
2019-03-26 07:00:00,60.07,60.07,58.37,58.91,349120
2019-03-27 07:00:00,59.82,59.82,58.91,58.97,371570
2019-03-28 07:00:00,58.25,59.82,58.25,59.82,340660
2019-03-29 07:00:00,60.01,60.37,59.52,59.58,255710
2019-04-01 07:00:00,59.76,61.28,59.76,61.1,433760
2019-04-02 07:00:00,61.95,62.25,61.28,61.28,563160
2019-04-03 07:00:00,61.34,61.83,60.73,61.58,451150
2019-04-04 07:00:00,61.83,62.01,61.4,61.46,379650
2019-04-05 07:00:00,61.46,62.98,61.28,62.98,845350
2019-04-08 07:00:00,63.71,64.92,63.71,64.92,886190
2019-04-09 07:00:00,65.53,65.53,63.4,63.71,705700
2019-04-10 07:00:00,63.4,64.13,63.04,63.83,467860
2019-04-11 07:00:00,64.44,64.44,63.71,63.71,281390
2019-04-12 07:00:00,63.4,65.1,62.92,64.62,393550
2019-04-16 07:00:00,63.71,64.19,63.1,63.89,303000
2019-04-17 07:00:00,63.95,65.47,63.95,64.8,664240
2019-04-18 07:00:00,64.62,64.92,63.89,64.07,265360
2019-04-19 07:00:00,64.92,65.28,64.25,64.44,221520
2019-04-22 07:00:00,64.5,66.74,64.44,65.89,415660
2019-04-23 07:00:00,66.74,68.5,66.44,68.08,743710
2019-04-24 07:00:00,67.95,69.71,67.95,68.08,451460
2019-04-25 07:00:00,68.08,69.05,67.77,68.56,310480
2019-04-26 07:00:00,68.08,68.86,67.95,68.44,155140
2019-05-02 07:00:00,67.95,69.47,67.89,69.17,229350
2019-05-03 07:00:00,68.14,69.11,67.65,68.26,208380
2019-05-06 07:00:00,66.74,67.65,64.74,65.47,388710
2019-05-07 07:00:00,66.01,66.62,65.53,65.83,235770
2019-05-08 07:00:00,65.83,66.44,64.31,66.13,388880
2019-05-09 07:00:00,66.13,66.13,64.56,64.68,319300
2019-05-10 07:00:00,64.68,65.77,64.68,65.47,242390
2019-05-13 07:00:00,65.53,65.53,64.62,64.68,266910
2019-05-14 07:00:00,64.62,66.13,64.19,66.13,312120
2019-05-15 07:00:00,66.13,67.23,66.13,66.74,308570
2019-05-16 07:00:00,67.95,67.95,66.8,66.8,186420
2019-05-17 07:00:00,67.35,67.59,66.86,66.86,291760
2019-05-20 07:00:00,67.17,68.56,66.86,68.56,395860
2019-05-21 07:00:00,68.56,68.68,67.53,67.65,396200
2019-05-22 07:00:00,67.04,68.86,67.04,67.04,255740
2019-05-23 07:00:00,66.74,67.04,65.22,66.19,469570
2019-05-24 07:00:00,64.92,66.19,64.62,64.62,605650
2019-05-27 07:00:00,64.92,65.59,64.62,65.35,196160
2019-05-28 07:00:00,66.07,66.07,64.92,65.47,141830
2019-05-29 07:00:00,65.47,66.07,65.22,65.95,254400
2019-05-30 07:00:00,65.95,66.19,65.53,65.59,105790
2019-05-31 07:00:00,64.62,65.41,63.28,63.28,370420
2019-06-03 07:00:00,62.07,62.49,60.07,61.52,585280
2019-06-04 07:00:00,61.52,62.49,60.67,61.89,187500
2019-06-05 07:00:00,62.8,62.92,61.89,61.89,100400
2019-06-06 07:00:00,61.28,61.28,60.55,60.55,343360
2019-06-07 07:00:00,61.28,62.49,60.55,62.49,553140
2019-06-10 07:00:00,63.1,63.46,62.49,62.8,301290
2019-06-11 07:00:00,62.8,63.16,61.95,63.1,239360
2019-06-12 07:00:00,62.55,62.74,61.58,61.58,222140
2019-06-13 07:00:00,60.61,62.19,60.43,61.58,277920
2019-06-14 07:00:00,61.58,62.25,61.58,61.89,181500
2019-06-17 07:00:00,61.89,62.31,61.34,61.83,117830
2019-06-18 07:00:00,61.58,61.83,61.34,61.58,157350
2019-06-19 07:00:00,62.92,62.92,62.13,62.92,177540
2019-06-20 07:00:00,62.92,63.83,62.49,63.59,326020
2019-06-21 07:00:00,64.01,64.37,63.71,64.01,194280
2019-06-24 07:00:00,61.28,63.83,61.28,63.4,141490
2019-06-25 07:00:00,62.8,63.71,62.68,62.8,225300
2019-06-26 07:00:00,63.4,63.89,63.04,63.53,150000
2019-06-27 07:00:00,63.89,64.01,59.46,59.46,219480
2019-06-28 07:00:00,61.89,62.86,59.16,59.16,995340
2019-07-01 07:00:00,62.49,62.92,61.64,62.92,357230
2019-07-02 07:00:00,63.04,63.1,62.37,63.04,199800
2019-07-03 07:00:00,62.49,62.62,61.95,62.49,200830
2019-07-04 07:00:00,62.49,63.1,62.49,62.62,134830
2019-07-05 07:00:00,62.98,62.98,62.62,62.86,221780
2019-07-08 07:00:00,63.04,63.04,62.01,62.49,160240
2019-07-09 07:00:00,62.49,63.65,62.25,63.34,224910
2019-07-10 07:00:00,63.71,64.19,63.71,64.19,406980
2019-07-11 07:00:00,64.8,65.16,64.44,64.44,198380
2019-07-12 07:00:00,65.04,65.1,63.95,64.19,166770
2019-07-15 07:00:00,65.04,64.5,63.71,64.31,151450
2019-07-16 07:00:00,64.31,64.62,64.01,64.56,231630
2019-07-17 07:00:00,64.25,66.13,64.01,66.07,532120
2019-07-18 07:00:00,66.07,66.07,64.92,65.04,196780
2019-07-19 07:00:00,65.22,65.22,64.19,64.31,299330
2019-07-22 07:00:00,63.77,64.98,63.77,64.01,126500
2019-07-23 07:00:00,64.01,65.53,64.01,64.98,165220
2019-07-24 07:00:00,65.1,65.65,64.68,64.74,133000
2019-07-25 07:00:00,64.68,65.83,64.31,65.53,436120
2019-07-26 07:00:00,65.53,66.13,65.47,65.53,300030
2019-07-29 07:00:00,65.65,67.35,65.28,67.35,668960
2019-07-30 07:00:00,67.35,68.26,66.13,66.13,378650
2019-07-31 07:00:00,66.13,67.04,65.89,66.19,126560
2019-08-01 07:00:00,66.68,66.68,65.41,65.71,235090
2019-08-02 07:00:00,64.31,64.98,63.71,64.31,436240
2019-08-05 07:00:00,64.07,64.31,63.04,63.1,343310
2019-08-06 07:00:00,61.4,62.49,60.67,61.89,409620
2019-08-07 07:00:00,61.4,62.49,60.61,60.98,217060
2019-08-08 07:00:00,60.73,62.8,60.31,61.28,397340
2019-08-09 07:00:00,61.4,62.19,61.34,61.46,170690
2019-08-12 07:00:00,62.01,62.49,61.89,61.89,207340
2019-08-13 07:00:00,61.34,61.77,60.61,60.67,499630
2019-08-14 07:00:00,62.19,62.19,60.98,61.22,163970
2019-08-15 07:00:00,60.07,61.22,59.88,61.22,266470
2019-08-16 07:00:00,61.16,61.77,61.04,61.22,373200
2019-08-19 07:00:00,61.89,62.19,61.28,61.77,177900
2019-08-20 07:00:00,62.19,62.68,62.07,62.49,315690
2019-08-21 07:00:00,62.8,64.13,62.62,63.83,495360
2019-08-22 07:00:00,63.95,63.95,63.1,63.46,284870
2019-08-23 07:00:00,63.71,63.71,62.43,63.1,293260
2019-08-26 07:00:00,62.25,62.49,61.28,61.58,518030
2019-08-27 07:00:00,62.37,62.37,61.58,61.83,150750
2019-08-28 07:00:00,61.89,62.62,61.89,62.07,106940
2019-08-29 07:00:00,62.69,63.19,62.38,62.38,205170
2019-08-30 07:00:00,62.38,63.06,62.38,62.44,176460
2019-09-03 07:00:00,62.5,62.5,60.21,61.94,159010
2019-09-04 07:00:00,62.5,62.5,61.94,62.32,235150
2019-09-05 07:00:00,63.0,63.31,62.32,62.38,109840
2019-09-06 07:00:00,63.0,63.0,62.32,62.57,70560
2019-09-09 07:00:00,62.19,62.69,62.13,62.13,100280
2019-09-10 07:00:00,62.38,62.69,61.39,61.63,338880
2019-09-11 07:00:00,61.63,61.76,61.14,61.26,170960
2019-09-12 07:00:00,61.45,62.01,61.39,61.63,85080
2019-09-13 07:00:00,61.45,63.12,61.45,62.69,260180
2019-09-16 07:00:00,64.55,64.61,63.81,64.18,622830
2019-09-17 07:00:00,64.55,66.41,64.24,66.35,836730
2019-09-18 07:00:00,65.79,65.79,64.37,64.55,691660
2019-09-19 07:00:00,63.93,64.43,63.87,64.43,266300
2019-09-20 07:00:00,64.43,64.99,63.68,63.81,276350
2019-09-23 07:00:00,63.81,64.92,63.81,64.24,257330
2019-09-24 07:00:00,64.49,64.92,63.93,64.24,229570
2019-09-25 07:00:00,63.93,63.93,63.12,63.56,216420
2019-09-26 07:00:00,63.56,64.74,63.19,64.55,343280
2019-09-27 07:00:00,64.8,65.73,64.8,65.17,489500
2019-09-30 07:00:00,65.17,66.72,65.17,65.98,632370
2019-10-01 07:00:00,65.92,66.1,65.17,65.92,283850
2019-10-02 07:00:00,65.79,65.79,64.06,64.24,450590
2019-10-03 07:00:00,63.93,63.93,63.0,63.31,511550
2019-10-04 07:00:00,63.31,63.87,62.38,62.38,595640
2019-10-07 07:00:00,63.0,63.0,62.38,62.5,224250
2019-10-08 07:00:00,62.5,62.63,61.82,62.01,425630
2019-10-09 07:00:00,62.01,62.69,61.88,62.26,201050
2019-10-10 07:00:00,62.26,62.81,62.26,62.75,173870
2019-10-11 07:00:00,62.81,63.93,62.81,63.5,212840
2019-10-14 07:00:00,63.87,63.93,63.06,63.31,217560
2019-10-15 07:00:00,63.31,63.31,62.69,62.81,194130
2019-10-16 07:00:00,62.81,63.25,62.75,62.81,147010
2019-10-17 07:00:00,62.88,63.25,62.38,62.69,247850
2019-10-18 07:00:00,63.19,63.19,62.63,62.69,167550
2019-10-21 07:00:00,62.69,63.25,62.38,62.81,170180
2019-10-22 07:00:00,62.81,63.12,62.81,62.94,122380
2019-10-23 07:00:00,62.94,63.06,62.69,62.81,105640
2019-10-24 07:00:00,63.31,63.62,63.19,63.56,150780
2019-10-25 07:00:00,63.93,63.93,63.31,63.62,254770
2019-10-28 07:00:00,63.74,64.06,63.62,63.87,217560
2019-10-29 07:00:00,63.93,63.93,63.43,63.43,127260
2019-10-30 07:00:00,63.5,64.12,63.12,64.06,339620
2019-10-31 07:00:00,64.24,64.43,63.5,64.24,410730
2019-11-01 07:00:00,63.56,65.05,63.56,64.86,401260
2019-11-04 07:00:00,65.23,66.1,65.23,65.48,499870
2019-11-05 07:00:00,65.54,66.54,65.48,66.41,618060
2019-11-06 07:00:00,66.41,66.41,65.48,65.67,350590
2019-11-07 07:00:00,65.48,66.04,65.23,65.86,175980
2019-11-08 07:00:00,66.41,66.41,65.54,65.61,224320
2019-11-11 07:00:00,65.61,65.79,64.74,64.74,279720
2019-11-12 07:00:00,64.61,65.42,64.55,65.17,177250
2019-11-13 07:00:00,65.17,65.17,64.61,65.17,179700
2019-11-14 07:00:00,65.17,66.85,65.11,66.1,645350
2019-11-15 07:00:00,66.1,67.34,65.79,67.03,568170
2019-11-18 07:00:00,67.34,67.66,67.22,67.34,505950
2019-11-19 07:00:00,67.03,67.03,66.35,66.72,283980
2019-11-20 07:00:00,66.41,66.48,65.17,65.17,628880
2019-11-21 07:00:00,64.55,65.79,64.55,64.61,390200
2019-11-22 07:00:00,65.3,65.42,63.19,63.99,409620
2019-11-25 07:00:00,63.74,64.55,63.56,63.99,211820
2019-11-26 07:00:00,64.43,64.43,63.31,63.31,252670
2019-11-27 07:00:00,63.74,63.74,63.25,63.31,210540
2019-11-28 07:00:00,63.31,63.68,62.19,62.57,613070
2019-11-29 07:00:00,62.94,62.94,62.32,62.38,183130
2019-12-02 07:00:00,62.69,62.94,59.9,60.83,497220
2019-12-03 07:00:00,60.83,61.32,60.21,60.33,299980
2019-12-04 07:00:00,60.33,61.76,59.96,61.63,229290
2019-12-05 07:00:00,62.07,62.07,60.46,60.83,238890
2019-12-06 07:00:00,60.83,61.45,60.21,60.83,89240
2019-12-09 07:00:00,60.83,61.94,60.83,61.94,255030
2019-12-10 07:00:00,62.01,62.01,60.39,60.77,241390
2019-12-11 07:00:00,60.77,61.14,60.39,60.89,173200
2019-12-12 07:00:00,61.01,61.01,60.46,60.77,252590
2019-12-13 07:00:00,61.45,61.45,60.83,60.83,211520
2019-12-16 07:00:00,60.83,61.57,60.77,60.95,169400
2019-12-17 07:00:00,61.2,61.32,60.52,60.52,179390
2019-12-18 07:00:00,60.39,60.7,59.28,59.28,353770
2019-12-19 07:00:00,59.59,60.08,59.34,59.46,288330
2019-12-20 07:00:00,60.27,60.27,59.59,59.59,193020
2019-12-23 07:00:00,59.9,60.14,59.28,59.46,382060
2019-12-24 07:00:00,59.34,59.83,59.34,59.77,201150
2019-12-25 07:00:00,60.02,60.46,59.77,60.14,177680
2019-12-26 07:00:00,60.21,60.39,59.71,59.71,135710
2019-12-27 07:00:00,60.02,60.33,59.65,60.21,150260
2019-12-30 07:00:00,60.21,60.39,59.83,59.83,224740
2019-12-31 07:00:00,60.08,60.08,58.03,58.16,388160
2020-01-02 07:00:00,58.16,59.09,58.16,58.72,141260
2020-01-03 07:00:00,58.72,59.83,58.72,58.84,218980
2020-01-06 07:00:00,60.02,60.83,59.71,60.7,431090
2020-01-07 07:00:00,60.64,60.64,59.77,60.27,142800
2020-01-08 07:00:00,61.2,61.45,60.21,60.21,439260
2020-01-09 07:00:00,59.59,60.08,58.84,59.09,320980
2020-01-10 07:00:00,59.28,59.59,58.97,59.52,160820
2020-01-13 07:00:00,59.52,59.52,58.78,59.15,355190
2020-01-14 07:00:00,59.09,59.59,58.9,58.9,166850
2020-01-15 07:00:00,58.97,58.97,57.79,58.34,201400
2020-01-16 07:00:00,58.34,58.53,57.72,57.91,508390
2020-01-17 07:00:00,57.91,58.47,57.54,57.85,281760
2020-01-20 07:00:00,57.85,58.1,57.66,57.97,134180
2020-01-21 07:00:00,57.97,58.9,57.97,58.9,180960
2020-01-22 07:00:00,58.9,59.21,58.53,58.9,162790
2020-01-30 07:00:00,56.48,58.22,56.48,57.1,379940
2020-01-31 07:00:00,56.54,56.92,53.38,53.69,551680
2020-02-03 07:00:00,52.76,53.32,50.03,51.64,565980
2020-02-04 07:00:00,52.7,52.76,50.9,50.9,376400
2020-02-05 07:00:00,51.52,52.14,50.03,50.65,290230
2020-02-06 07:00:00,50.65,53.32,50.65,53.32,253870
2020-02-07 07:00:00,53.32,54.0,52.76,53.38,299430
2020-02-10 07:00:00,52.76,53.94,52.14,53.88,282460
2020-02-11 07:00:00,53.44,53.88,53.01,53.13,235700
2020-02-12 07:00:00,53.75,53.75,53.13,53.38,175490
2020-02-13 07:00:00,53.26,54.68,53.26,54.31,272240
2020-02-14 07:00:00,54.31,55.18,54.0,54.93,162870
2020-02-17 07:00:00,54.93,55.43,54.19,54.19,180040
2020-02-18 07:00:00,54.0,54.25,53.26,53.38,215600
2020-02-19 07:00:00,53.38,53.44,52.94,52.94,166790
2020-02-20 07:00:00,54.62,54.62,52.88,52.94,198200
2020-02-21 07:00:00,53.38,53.5,53.01,53.01,171440
2020-02-24 07:00:00,52.76,52.76,51.83,52.08,348150
2020-02-25 07:00:00,51.21,52.08,51.21,51.52,348890
2020-02-26 07:00:00,51.21,51.21,49.41,49.59,478410
2020-02-27 07:00:00,49.53,49.59,48.48,49.03,359090
2020-02-28 07:00:00,46.61,48.35,46.61,47.05,449640
2020-03-02 07:00:00,46.92,49.34,46.8,49.03,255710
2020-03-03 07:00:00,51.46,51.46,49.66,49.66,270460
2020-03-04 07:00:00,49.34,49.34,48.29,48.48,307460
2020-03-05 07:00:00,48.48,49.66,48.48,48.48,262610
2020-03-06 07:00:00,48.41,48.48,47.86,48.1,208460
2020-03-09 07:00:00,44.75,44.75,44.75,44.75,226330
2020-03-10 07:00:00,41.65,44.01,41.65,42.52,1377350
2020-03-11 07:00:00,43.45,44.13,39.6,39.6,1022830
2020-03-12 07:00:00,36.87,37.8,36.87,36.87,832050
2020-03-13 07:00:00,34.32,36.31,34.32,35.38,975880
2020-03-16 07:00:00,35.26,37.37,34.76,36.81,664400
2020-03-17 07:00:00,34.88,37.18,34.88,37.12,531530
2020-03-18 07:00:00,37.24,37.24,35.88,36.0,1111270
2020-03-19 07:00:00,34.76,35.07,34.08,34.32,897780
2020-03-20 07:00:00,35.38,36.06,34.76,35.94,563530
2020-03-23 07:00:00,34.26,34.76,33.46,33.46,779860
2020-03-24 07:00:00,34.76,35.01,33.83,34.88,769350
2020-03-25 07:00:00,36.81,37.3,36.12,37.3,1074610
2020-03-26 07:00:00,37.24,37.49,36.31,36.43,564130
2020-03-27 07:00:00,36.43,36.68,35.44,36.12,484150
2020-03-30 07:00:00,34.08,34.39,33.83,33.89,556090
2020-03-31 07:00:00,35.81,35.81,33.52,34.01,414540
2020-04-01 07:00:00,33.95,35.75,33.95,34.82,577930
2020-04-03 07:00:00,37.24,37.24,35.69,36.74,1147360
2020-04-06 07:00:00,38.48,39.1,37.86,39.1,1513290
2020-04-07 07:00:00,39.66,39.66,38.36,39.04,945030
2020-04-08 07:00:00,38.05,38.98,37.74,38.92,869540
2020-04-09 07:00:00,39.35,41.59,39.17,41.59,1506780
2020-04-10 07:00:00,40.97,41.9,40.34,41.65,944260
2020-04-13 07:00:00,42.33,43.14,41.9,42.21,1048800
2020-04-14 07:00:00,41.59,41.77,40.59,41.59,1273310
2020-04-15 07:00:00,40.84,41.77,40.66,41.34,645240
2020-04-16 07:00:00,41.34,42.21,40.84,41.83,717400
2020-04-17 07:00:00,41.9,42.83,41.9,42.02,811680
2020-04-20 07:00:00,42.21,42.83,41.65,42.7,1227520
2020-04-21 07:00:00,40.97,41.71,40.03,40.03,1557070
2020-04-22 07:00:00,37.86,40.1,37.86,39.41,760590
2020-04-23 07:00:00,40.34,40.97,40.22,40.41,620260
2020-04-24 07:00:00,40.84,40.97,40.16,40.41,583010
2020-04-27 07:00:00,40.41,40.9,39.72,39.85,476510
2020-04-28 07:00:00,38.86,39.72,38.73,38.98,775610
2020-04-29 07:00:00,39.35,39.85,39.1,39.35,623860
2020-05-04 07:00:00,40.34,40.72,39.48,39.6,410240
2020-05-05 07:00:00,40.34,40.66,39.72,40.66,652830
2020-05-06 07:00:00,41.4,42.7,41.4,42.58,1540630
2020-05-07 07:00:00,42.58,43.14,42.02,42.64,705710
2020-05-08 07:00:00,42.64,43.94,42.64,43.2,1700680
2020-05-11 07:00:00,45.31,45.31,43.45,45.31,1084850
2020-05-12 07:00:00,45.25,45.93,44.07,45.43,1145720
2020-05-13 07:00:00,45.31,45.87,44.69,44.94,991060
2020-05-14 07:00:00,44.44,44.94,44.19,44.38,688000
2020-05-15 07:00:00,45.25,45.31,44.01,44.01,904360
2020-05-18 07:00:00,44.44,45.62,44.44,45.62,1071380
2020-05-19 07:00:00,46.8,46.8,45.99,46.43,1144660
2020-05-20 07:00:00,45.31,46.43,45.31,46.06,548540
2020-05-21 07:00:00,46.24,46.92,45.93,46.55,952810
2020-05-22 07:00:00,46.49,46.49,45.68,45.87,982700
2020-05-25 07:00:00,45.87,45.99,45.56,45.74,554990
2020-05-26 07:00:00,46.24,46.49,45.81,46.49,615970
2020-05-27 07:00:00,46.86,47.36,46.43,46.55,1141480
2020-05-28 07:00:00,46.55,46.8,45.87,45.87,551210
2020-05-29 07:00:00,46.24,46.24,45.74,46.18,372610
2020-06-01 07:00:00,46.49,47.17,46.3,46.74,596060
2020-06-02 07:00:00,46.74,48.29,46.55,47.42,1452270
2020-06-03 07:00:00,48.1,48.6,47.61,48.41,633960
2020-06-04 07:00:00,48.48,49.34,48.41,48.41,848030
2020-06-05 07:00:00,47.79,48.41,47.48,47.79,881330
2020-06-08 07:00:00,49.34,49.34,48.6,49.03,659450
2020-06-09 07:00:00,48.54,48.97,48.41,48.66,481610
2020-06-10 07:00:00,48.41,48.66,48.1,48.41,426400
2020-06-11 07:00:00,48.1,48.48,45.06,45.06,1251510
2020-06-12 07:00:00,43.51,46.49,43.51,46.3,878600
2020-06-15 07:00:00,46.3,46.8,44.75,44.75,554870
2020-06-16 07:00:00,45.62,45.62,45.0,45.37,454210
2020-06-17 07:00:00,45.62,45.87,45.06,45.25,330300
2020-06-18 07:00:00,45.06,45.31,44.69,44.81,317660
2020-06-19 07:00:00,45.43,45.5,45.06,45.06,303720
2020-06-22 07:00:00,45.43,45.74,45.31,45.37,227680
2020-06-23 07:00:00,45.43,46.12,45.31,45.87,349770
2020-06-24 07:00:00,45.68,46.06,44.69,45.06,240120
2020-06-25 07:00:00,44.69,45.31,44.38,44.94,335210
2020-06-26 07:00:00,45.0,45.43,44.69,44.81,322890
2020-06-29 07:00:00,44.69,44.69,43.26,43.26,571650
2020-06-30 07:00:00,43.82,44.38,42.21,42.83,459150
2020-07-01 07:00:00,43.14,44.07,42.83,44.07,387430
2020-07-02 07:00:00,44.32,44.38,43.76,43.76,210850
2020-07-03 07:00:00,44.32,44.32,43.63,43.63,310040
2020-07-06 07:00:00,44.57,45.19,44.19,44.94,485000
2020-07-07 07:00:00,45.31,46.12,44.94,44.94,819010
2020-07-08 07:00:00,45.31,45.99,45.0,45.25,534040
2020-07-09 07:00:00,45.87,47.05,45.74,46.68,1179910
2020-07-10 07:00:00,46.55,46.8,46.06,46.12,461690
2020-07-13 07:00:00,46.55,46.74,46.12,46.49,592380
2020-07-14 07:00:00,46.88,47.86,46.82,47.01,631990
2020-07-15 07:00:00,47.47,47.92,46.95,46.95,507920
2020-07-16 07:00:00,47.34,47.47,47.01,47.01,534310
2020-07-17 07:00:00,47.01,47.21,46.82,46.82,382400
2020-07-20 07:00:00,46.36,46.75,46.16,46.16,492500
2020-07-21 07:00:00,46.16,46.69,46.1,46.23,264440
2020-07-22 07:00:00,46.55,46.55,45.64,45.71,343540
2020-07-23 07:00:00,45.71,46.62,45.71,46.29,629750
2020-07-24 07:00:00,46.29,46.55,43.95,44.47,1173440
2020-07-27 07:00:00,41.8,44.93,41.54,41.67,1319680
2020-07-28 07:00:00,42.97,44.15,41.67,44.15,683540
2020-07-29 07:00:00,42.39,43.36,41.22,41.35,777530
2020-07-30 07:00:00,44.21,44.21,42.0,42.65,417700
2020-07-31 07:00:00,42.0,42.65,41.54,42.65,314230
2020-08-03 07:00:00,42.52,43.95,42.45,43.75,536220
2020-08-04 07:00:00,44.6,44.6,44.08,44.34,387300
2020-08-05 07:00:00,44.34,44.86,44.15,44.67,566050
2020-08-06 07:00:00,44.6,45.45,44.54,45.25,640610
2020-08-07 07:00:00,45.25,46.03,45.06,45.71,571770
2020-08-10 07:00:00,45.77,46.29,45.71,45.9,469290
2020-08-11 07:00:00,45.9,46.1,45.38,45.58,550870
2020-08-12 07:00:00,45.9,46.62,45.58,46.36,973330
2020-08-13 07:00:00,46.55,47.47,46.55,47.27,951630
2020-08-14 07:00:00,46.88,47.4,46.75,47.08,870730
2020-08-17 07:00:00,46.88,47.14,46.36,46.88,460890
2020-08-18 07:00:00,47.53,47.53,46.55,46.82,297780
2020-08-19 07:00:00,46.88,47.08,46.75,46.95,224530
2020-08-20 07:00:00,46.82,47.01,46.23,46.23,444340
2020-08-21 07:00:00,46.36,46.95,46.29,46.88,494700
2020-08-24 07:00:00,47.01,47.86,47.01,47.53,638880
2020-08-25 07:00:00,47.66,48.51,47.66,48.05,722600
2020-08-26 07:00:00,48.18,48.44,47.86,47.86,431210
2020-08-27 07:00:00,47.79,47.79,47.21,47.53,501290
2020-08-28 07:00:00,48.18,48.83,47.6,48.31,1011700
2020-08-31 07:00:00,48.44,48.83,47.86,48.25,549950
2020-09-01 07:00:00,48.25,49.16,48.05,49.09,844110
2020-09-03 07:00:00,49.48,49.62,49.03,49.35,587250
2020-09-04 07:00:00,48.25,48.96,48.25,48.57,937330
2020-09-07 07:00:00,48.44,48.44,46.88,46.88,1336130
2020-09-08 07:00:00,46.88,47.73,46.88,46.88,663940
2020-09-09 07:00:00,46.23,46.88,46.16,46.69,740970
2020-09-10 07:00:00,47.21,47.47,46.82,46.88,620770
2020-09-11 07:00:00,46.69,47.21,46.42,46.75,264100
2020-09-14 07:00:00,46.88,47.21,46.49,46.49,557430
2020-09-15 07:00:00,47.01,47.08,46.49,47.08,727700
2020-09-16 07:00:00,47.14,47.53,46.88,46.88,353430
2020-09-17 07:00:00,47.21,47.4,46.69,46.69,398140
2020-09-18 07:00:00,47.01,47.34,46.62,47.21,373220
2020-09-21 07:00:00,47.47,47.92,46.95,47.4,939720
2020-09-22 07:00:00,47.21,47.47,46.82,46.82,821590
2020-09-23 07:00:00,47.21,47.86,47.01,47.34,823090
2020-09-24 07:00:00,47.34,48.05,47.14,47.86,820660
2020-09-25 07:00:00,47.86,47.92,47.27,47.6,459680
2020-09-28 07:00:00,47.6,47.86,47.01,47.01,417070
2020-09-29 07:00:00,47.01,47.53,46.55,46.55,1073200
2020-09-30 07:00:00,46.55,46.88,46.42,46.42,615450
2020-10-01 07:00:00,46.55,47.14,46.55,47.14,252570
2020-10-02 07:00:00,47.14,47.21,46.29,46.82,612860
2020-10-05 07:00:00,46.82,47.4,46.62,47.21,704400
2020-10-06 07:00:00,47.4,47.66,47.14,47.21,763230
2020-10-07 07:00:00,47.21,49.03,47.01,48.25,2294270
2020-10-08 07:00:00,48.77,48.96,48.25,48.57,774540
2020-10-09 07:00:00,48.83,48.83,48.25,48.38,438960
2020-10-12 07:00:00,48.38,49.88,48.18,48.83,1917010
2020-10-13 07:00:00,48.9,49.29,48.64,48.83,596720
2020-10-14 07:00:00,49.16,49.62,48.77,48.96,1263470
2020-10-15 07:00:00,49.48,50.07,48.83,48.83,1377170
2020-10-16 07:00:00,48.83,49.48,48.44,49.09,1091120
2020-10-19 07:00:00,49.16,49.48,48.12,48.18,1196620
2020-10-20 07:00:00,47.86,48.18,47.21,47.27,1119350
2020-10-21 07:00:00,47.53,47.79,47.08,47.08,950020
2020-10-22 07:00:00,47.08,47.99,46.82,47.99,796300
2020-10-23 07:00:00,48.05,48.31,47.79,47.86,606780
2020-10-26 07:00:00,47.92,48.18,46.88,46.88,649920
2020-10-27 07:00:00,47.14,47.27,46.82,46.88,653240
2020-10-28 07:00:00,46.88,47.34,46.69,46.82,776140
2020-10-29 07:00:00,46.69,47.01,46.23,46.23,779650
2020-10-30 07:00:00,46.88,46.88,45.58,45.84,786390
2020-11-02 07:00:00,45.9,46.1,45.19,45.38,926540
2020-11-03 07:00:00,45.58,46.36,45.51,45.71,975380
2020-11-04 07:00:00,46.16,47.21,46.1,46.82,577270
2020-11-05 07:00:00,46.88,46.88,46.42,46.55,432170
2020-11-06 07:00:00,46.49,46.75,46.03,46.1,474350
2020-11-09 07:00:00,46.23,46.75,46.23,46.49,717480
2020-11-10 07:00:00,47.92,48.05,47.01,47.01,1271490
2020-11-11 07:00:00,47.73,48.05,47.47,47.66,1594170
2020-11-12 07:00:00,47.86,48.18,47.6,47.79,547590
2020-11-13 07:00:00,47.6,47.86,47.34,47.86,896800
2020-11-16 07:00:00,48.12,48.18,47.21,47.21,1255550
2020-11-17 07:00:00,47.53,49.16,47.47,49.16,2192600
2020-11-18 07:00:00,49.22,52.09,48.9,52.09,3450740
2020-11-19 07:00:00,52.35,54.89,52.35,53.46,2283360
2020-11-20 07:00:00,53.07,53.52,52.68,53.26,1207780
2020-11-23 07:00:00,53.46,54.37,52.87,54.37,1796080
2020-11-24 07:00:00,54.37,54.56,52.74,53.72,1824250
2020-11-25 07:00:00,54.43,54.5,53.85,53.85,1428530
2020-11-26 07:00:00,53.72,54.3,53.2,54.24,1099520
2020-11-27 07:00:00,54.37,54.37,53.85,54.37,947930
2020-11-30 07:00:00,54.43,56.06,54.37,54.37,1332670
2020-12-01 07:00:00,53.39,55.15,53.26,54.37,1332900
2020-12-02 07:00:00,54.37,55.02,53.85,54.69,983710
2020-12-03 07:00:00,54.69,55.28,54.37,55.02,978850
2020-12-04 07:00:00,55.34,56.26,55.02,55.67,1502870
2020-12-07 07:00:00,55.8,56.26,55.41,56.19,1390120
2020-12-08 07:00:00,56.32,56.32,55.67,56.06,1140540
2020-12-09 07:00:00,56.0,57.04,55.67,56.06,1135190
2020-12-10 07:00:00,56.06,56.26,54.95,54.95,1085890
2020-12-11 07:00:00,55.74,56.06,55.15,56.06,914520
2020-12-14 07:00:00,56.06,56.78,55.87,56.65,860080
2020-12-15 07:00:00,56.32,56.58,55.48,55.61,1095430
2020-12-16 07:00:00,56.0,56.26,55.41,55.87,773810
2020-12-17 07:00:00,55.48,55.74,54.76,54.76,1844030
2020-12-18 07:00:00,54.76,55.41,54.76,55.28,590630
2020-12-21 07:00:00,55.48,56.26,55.08,56.19,1296520
2020-12-22 07:00:00,55.67,56.0,55.08,55.54,909760
2020-12-23 07:00:00,55.41,55.87,55.08,55.15,551200
2020-12-24 07:00:00,55.34,55.61,53.39,54.63,1253120
2020-12-25 07:00:00,54.56,55.15,53.72,54.82,617310
2020-12-28 07:00:00,55.34,57.69,54.89,56.58,2377030
2020-12-29 07:00:00,56.65,57.3,56.0,56.71,490820
2020-12-30 07:00:00,56.71,56.97,56.52,56.58,672840
2020-12-31 07:00:00,56.65,56.71,56.13,56.39,957350
2021-01-04 07:00:00,57.23,58.21,56.71,57.82,1362600
2021-01-05 07:00:00,57.3,58.73,56.39,58.6,1262700
2021-01-06 07:00:00,59.25,59.84,58.6,58.86,1161900
2021-01-07 07:00:00,59.25,60.42,58.08,60.36,1446600
2021-01-08 07:00:00,60.36,60.75,59.71,60.36,934700
2021-01-11 07:00:00,60.55,61.66,60.36,60.75,743600
2021-01-12 07:00:00,60.75,61.14,59.9,60.94,949100
2021-01-13 07:00:00,61.6,61.6,60.36,60.55,1091600
2021-01-14 07:00:00,60.29,60.55,59.58,59.97,775000
2021-01-15 07:00:00,60.55,60.75,58.93,59.64,1767000
2021-01-18 07:00:00,59.9,59.9,58.54,58.99,972000
2021-01-19 07:00:00,58.99,58.99,54.89,55.34,1158400
2021-01-20 07:00:00,56.0,56.32,52.22,56.32,1022600
2021-01-21 07:00:00,56.97,57.23,56.32,56.97,966400
2021-01-22 07:00:00,56.97,57.3,56.26,56.39,1062200
2021-01-25 07:00:00,56.19,56.45,55.08,55.15,1225400
2021-01-26 07:00:00,55.21,55.21,52.74,54.24,1329100
2021-01-27 07:00:00,54.24,54.24,51.44,51.44,940900
2021-01-28 07:00:00,48.18,50.79,47.86,47.86,1569900
2021-01-29 07:00:00,47.86,50.79,47.21,49.68,902600
2021-02-01 07:00:00,50.01,50.59,48.51,48.96,670300
2021-02-02 07:00:00,48.96,50.14,48.7,49.81,934100
2021-02-03 07:00:00,51.11,52.09,50.79,52.09,874500
2021-02-04 07:00:00,52.74,53.2,51.96,52.74,790800
2021-02-05 07:00:00,53.52,54.04,52.87,52.87,799000
2021-02-08 07:00:00,53.91,53.98,50.2,51.44,1695100
2021-02-09 07:00:00,51.76,52.94,50.79,52.94,1216500
2021-02-17 07:00:00,55.34,56.58,54.37,56.58,1923100
2021-02-18 07:00:00,57.88,58.93,56.84,58.67,2259700
2021-02-19 07:00:00,57.3,58.27,57.3,57.88,1134700
2021-02-22 07:00:00,57.3,58.08,56.71,57.43,1156500
2021-02-23 07:00:00,58.6,58.8,57.69,58.21,1546200
2021-02-24 07:00:00,57.95,57.95,56.65,57.36,820100
2021-02-25 07:00:00,57.95,58.21,57.43,58.08,1366000
2021-02-26 07:00:00,56.78,58.14,56.78,58.14,872900
2021-03-01 07:00:00,58.8,59.84,58.21,59.84,1661100
2021-03-02 07:00:00,59.9,60.88,59.25,59.25,1386700
2021-03-03 07:00:00,59.25,59.58,58.73,59.25,696900
2021-03-04 07:00:00,59.38,59.9,57.95,59.19,1325100
2021-03-05 07:00:00,60.03,61.01,58.93,60.23,1469200
2021-03-08 07:00:00,61.86,62.51,61.01,61.86,1649000
2021-03-09 07:00:00,61.73,61.73,59.25,61.01,696100
2021-03-10 07:00:00,60.62,60.62,59.25,59.9,995600
2021-03-11 07:00:00,60.55,60.55,59.9,60.36,337200
2021-03-12 07:00:00,60.55,60.55,59.19,59.32,398400
2021-03-15 07:00:00,59.58,59.9,59.32,59.32,398200
2021-03-16 07:00:00,59.32,59.58,58.41,58.8,893400
2021-03-17 07:00:00,58.86,61.86,58.34,60.42,798700
2021-03-18 07:00:00,60.49,60.55,59.58,59.77,276400
2021-03-19 07:00:00,58.93,59.19,58.41,59.19,966800
2021-03-22 07:00:00,59.25,59.64,58.6,58.93,510900
2021-03-23 07:00:00,58.6,59.9,58.54,59.77,563500
2021-03-24 07:00:00,57.95,58.67,57.82,58.67,729000
2021-03-25 07:00:00,58.67,59.77,57.95,58.8,635700
2021-03-26 07:00:00,58.14,58.27,56.0,58.08,375100
2021-03-29 07:00:00,58.6,58.93,57.95,58.27,257900
2021-03-30 07:00:00,58.27,58.6,57.95,58.34,588000
2021-03-31 07:00:00,58.08,59.06,57.95,58.41,630300
2021-04-01 07:00:00,58.47,58.99,58.34,58.99,632100
2021-04-02 07:00:00,59.45,59.71,58.8,58.8,951100
2021-04-05 07:00:00,58.93,59.38,58.21,58.21,723500
2021-04-06 07:00:00,58.14,58.47,57.95,58.41,674800
2021-04-07 07:00:00,58.54,59.25,57.95,58.01,1201200
2021-04-08 07:00:00,58.6,58.6,57.88,57.95,684700
2021-04-09 07:00:00,57.95,58.54,57.62,57.82,379200
2021-04-12 07:00:00,57.95,58.01,56.52,57.23,1911900
2021-04-13 07:00:00,57.04,57.23,55.8,56.0,1358600
2021-04-14 07:00:00,56.0,57.17,55.67,56.32,741700
2021-04-15 07:00:00,57.17,57.49,55.67,56.0,1471400
2021-04-16 07:00:00,56.0,56.65,55.67,56.0,590300
2021-04-19 07:00:00,56.0,56.78,55.74,56.78,577300
2021-04-20 07:00:00,56.97,57.95,56.71,57.3,1410500
2021-04-22 07:00:00,57.3,57.3,55.87,55.87,1101600
2021-04-23 07:00:00,55.8,56.0,54.69,56.0,849600
2021-04-26 07:00:00,55.74,55.74,53.07,53.07,1072100
2021-04-27 07:00:00,53.07,53.39,52.22,53.07,791100
2021-04-28 07:00:00,53.07,53.72,52.81,53.33,631900
2021-04-29 07:00:00,54.04,54.43,53.59,54.37,624400
2021-05-04 07:00:00,54.04,54.24,53.39,54.24,930600
2021-05-05 07:00:00,55.02,56.0,54.69,55.67,919800
2021-05-06 07:00:00,55.87,55.87,54.95,55.28,911300
2021-05-07 07:00:00,54.69,55.28,53.39,54.69,856900
2021-05-10 07:00:00,54.37,56.0,54.04,56.0,763900
2021-05-11 07:00:00,55.8,56.06,55.34,55.54,737800
2021-05-12 07:00:00,55.67,56.26,55.41,56.26,616200
2021-05-13 07:00:00,56.26,56.39,55.67,55.74,549200
2021-05-14 07:00:00,55.41,55.74,54.37,54.76,825800
2021-05-17 07:00:00,55.34,55.34,53.52,53.72,1039300
2021-05-18 07:00:00,53.91,54.04,52.94,53.39,1096100
2021-05-19 07:00:00,53.39,54.04,53.07,53.13,299500
2021-05-20 07:00:00,53.26,53.26,52.28,52.61,714400
2021-05-21 07:00:00,52.09,53.26,51.96,52.74,596800
2021-05-24 07:00:00,53.13,53.72,52.94,53.39,504600
2021-05-25 07:00:00,53.72,54.17,53.46,53.98,594700
2021-05-26 07:00:00,53.52,53.85,53.33,53.33,414400
2021-05-27 07:00:00,53.2,53.39,52.09,52.15,687500
2021-05-28 07:00:00,52.81,53.65,52.41,53.39,655400
2021-05-31 07:00:00,53.33,53.85,52.61,53.78,853700
2021-06-01 07:00:00,55.28,55.28,54.43,54.5,1013500
2021-06-02 07:00:00,54.89,56.97,54.69,56.91,1981500
2021-06-03 07:00:00,57.95,57.95,57.3,57.49,1263100
2021-06-04 07:00:00,57.17,59.77,55.34,59.51,2154200
2021-06-07 07:00:00,59.84,59.97,56.0,59.06,1617400
2021-06-08 07:00:00,58.41,58.99,57.04,57.36,972400
2021-06-09 07:00:00,57.56,57.95,56.06,56.91,866600
2021-06-10 07:00:00,56.32,56.78,55.67,56.06,1036100
2021-06-11 07:00:00,56.65,56.84,56.13,56.65,390700
2021-06-14 07:00:00,57.95,58.86,57.3,58.27,1645200
2021-06-15 07:00:00,58.27,58.47,57.62,57.75,548600
2021-06-16 07:00:00,58.47,60.23,58.27,59.84,2150100
2021-06-17 07:00:00,59.19,61.53,58.93,61.14,1664700
2021-06-18 07:00:00,61.01,61.07,60.23,60.36,753100
2021-06-21 07:00:00,60.62,62.51,60.29,60.55,967400
2021-06-22 07:00:00,61.53,61.99,60.88,61.79,1273100
2021-06-23 07:00:00,61.73,61.99,60.42,61.14,907200
2021-06-24 07:00:00,61.2,62.96,61.14,62.38,1357600
2021-06-25 07:00:00,62.51,63.81,61.92,63.81,1539200
2021-06-28 07:00:00,65.02,65.09,59.71,63.81,868700
2021-06-29 07:00:00,63.14,63.47,61.86,62.47,790600
2021-06-30 07:00:00,62.47,63.41,61.46,62.47,841400
2021-07-01 07:00:00,62.8,63.27,62.13,63.27,983500
2021-07-02 07:00:00,63.94,65.49,63.88,64.88,1847800
2021-07-05 07:00:00,64.55,64.88,61.79,61.79,1553700
2021-07-06 07:00:00,63.54,63.74,57.63,57.63,1053200
2021-07-07 07:00:00,57.76,61.46,57.76,61.46,1397500
2021-07-08 07:00:00,60.99,63.0,60.38,62.47,912200
2021-07-09 07:00:00,61.59,63.74,60.65,61.59,1080000
2021-07-12 07:00:00,61.73,61.73,58.64,59.11,990800
2021-07-13 07:00:00,60.99,62.4,59.85,61.46,581300
2021-07-14 07:00:00,61.46,62.26,60.92,61.32,611500
2021-07-15 07:00:00,60.79,61.46,60.45,60.79,494000
2021-07-16 07:00:00,60.45,61.19,60.45,60.45,279000
2021-07-19 07:00:00,58.77,59.78,58.23,58.23,703200
2021-07-20 07:00:00,57.83,60.18,57.09,59.78,665100
2021-07-21 07:00:00,60.45,60.45,58.3,58.7,569200
2021-07-22 07:00:00,59.44,60.59,58.7,60.05,487700
2021-07-23 07:00:00,59.98,60.38,59.11,59.11,356400
2021-07-26 07:00:00,58.97,60.18,58.23,59.31,614500
2021-07-27 07:00:00,60.45,60.85,59.44,59.78,877900
2021-07-28 07:00:00,59.78,60.79,59.78,59.85,322200
2021-07-29 07:00:00,60.38,60.45,59.71,60.12,504300
2021-07-30 07:00:00,60.45,60.92,60.12,60.18,530200
2021-08-02 07:00:00,61.12,63.61,60.85,62.8,1567600
2021-08-03 07:00:00,62.8,62.87,61.73,62.47,974700
2021-08-04 07:00:00,62.47,63.61,62.33,63.14,538300
2021-08-05 07:00:00,62.87,63.07,62.13,63.0,634600
2021-08-06 07:00:00,63.0,63.54,61.93,62.06,1309200
2021-08-09 07:00:00,61.79,62.8,61.12,62.47,1055000
2021-08-10 07:00:00,62.47,65.09,62.4,64.48,2217800
2021-08-11 07:00:00,65.15,66.43,63.94,64.15,1507800
2021-08-12 07:00:00,63.47,64.15,63.47,63.47,727100
2021-08-13 07:00:00,63.2,63.27,61.53,62.47,1311800
2021-08-16 07:00:00,62.13,63.81,61.79,63.27,1110200
2021-08-17 07:00:00,63.27,63.27,62.06,62.06,1132300
2021-08-18 07:00:00,62.06,62.47,61.86,62.2,522300
2021-08-19 07:00:00,62.13,62.13,60.25,61.06,2388200
2021-08-20 07:00:00,60.45,60.79,58.57,58.77,2766300
2021-08-23 07:00:00,58.77,59.44,57.63,57.63,1158700
2021-08-24 07:00:00,58.44,58.64,57.09,57.76,1081800
2021-08-25 07:00:00,57.83,58.64,57.76,58.64,557300
2021-08-26 07:00:00,58.91,58.91,57.83,57.97,687800
2021-08-27 07:00:00,57.97,58.5,57.76,58.44,927500
2021-08-30 07:00:00,59.38,59.44,58.57,58.77,793100
2021-08-31 07:00:00,59.11,60.05,58.84,60.05,878800
2021-09-01 07:00:00,59.91,60.05,59.51,59.51,536100
2021-09-06 07:00:00,60.12,60.79,59.91,60.72,868100
2021-09-07 07:00:00,60.79,60.85,59.58,59.58,720100
2021-09-08 07:00:00,59.58,59.78,58.91,58.97,550500
2021-09-09 07:00:00,59.38,59.85,59.17,59.51,444500
2021-09-10 07:00:00,59.44,59.98,59.44,59.51,421100
2021-09-13 07:00:00,60.32,60.32,59.51,59.51,613400
2021-09-14 07:00:00,60.18,60.52,59.65,59.78,669100
2021-09-15 07:00:00,60.12,62.0,59.44,61.46,1379300
2021-09-16 07:00:00,61.79,62.33,61.73,62.2,981700
2021-09-17 07:00:00,61.93,62.33,61.59,61.73,834000
2021-09-20 07:00:00,61.73,61.73,59.65,59.65,1516300
2021-09-21 07:00:00,59.17,59.44,57.97,59.24,1444000
2021-09-22 07:00:00,59.44,60.12,58.84,59.38,712000
2021-09-23 07:00:00,59.91,61.79,59.65,60.85,1094400
2021-09-24 07:00:00,61.46,62.33,60.85,61.12,925000
2021-09-27 07:00:00,62.06,62.13,60.45,60.45,1124300
2021-09-28 07:00:00,61.12,64.15,60.59,63.88,4515800
2021-09-29 07:00:00,64.15,66.09,64.01,65.02,2756300
2021-09-30 07:00:00,64.88,65.29,64.21,65.15,1244900
2021-10-01 07:00:00,64.48,69.65,64.41,69.52,4336000
2021-10-04 07:00:00,71.2,74.35,69.85,69.85,4046700
2021-10-05 07:00:00,71.87,73.82,70.86,73.21,2090000
2021-10-06 07:00:00,73.21,76.3,73.21,76.24,2420800
2021-10-07 07:00:00,74.56,75.9,73.55,74.56,2255400
2021-10-08 07:00:00,75.09,76.5,73.55,75.5,1830600
2021-10-11 07:00:00,75.63,75.9,73.95,75.56,2259900
2021-10-12 07:00:00,75.09,76.91,74.29,75.23,1949700
2021-10-13 07:00:00,75.56,75.56,73.88,74.56,1789300
2021-10-14 07:00:00,74.35,76.91,74.35,74.76,3003400
2021-10-15 07:00:00,75.23,75.9,74.89,75.23,1099600
2021-10-18 07:00:00,75.56,80.0,75.43,78.25,3109300
2021-10-19 07:00:00,77.91,78.92,76.57,76.91,1065700
2021-10-20 07:00:00,77.51,77.51,74.22,76.91,1708500
2021-10-21 07:00:00,77.24,77.51,75.23,75.36,1640500
2021-10-22 07:00:00,75.5,76.5,74.35,75.3,1280800
2021-10-25 07:00:00,75.9,77.38,75.03,75.23,2117000
2021-10-26 07:00:00,75.9,77.31,75.5,76.44,2367100
2021-10-27 07:00:00,77.38,81.74,77.04,81.74,4182900
2021-10-28 07:00:00,81.61,86.24,80.13,83.96,2341300
2021-10-29 07:00:00,83.29,85.64,81.61,83.62,1159800
2021-11-01 07:00:00,83.69,85.3,81.27,81.47,2076500
2021-11-02 07:00:00,82.55,82.55,80.8,81.68,1507400
2021-11-03 07:00:00,81.68,82.55,79.59,80.6,1891200
2021-11-04 07:00:00,79.33,81.94,78.59,78.65,1660900
2021-11-05 07:00:00,79.26,83.02,78.12,82.21,1340800
2021-11-08 07:00:00,83.15,83.22,80.06,82.62,1648200
2021-11-09 07:00:00,81.14,83.29,79.93,80.06,1665900
2021-11-10 07:00:00,80.67,82.41,79.93,80.87,1009600
2021-11-11 07:00:00,80.6,81.94,78.85,79.93,1895800
2021-11-12 07:00:00,80.06,81.21,78.18,79.33,1370200
2021-11-15 07:00:00,79.93,80.53,77.04,79.86,2157500
2021-11-16 07:00:00,79.26,80.74,78.12,78.38,1545600
2021-11-17 07:00:00,78.59,79.73,78.45,78.85,701200
2021-11-18 07:00:00,77.91,78.59,76.44,76.44,1277500
2021-11-19 07:00:00,76.44,76.57,71.13,71.2,2905400
2021-11-22 07:00:00,69.85,71.4,68.24,68.58,1436500
2021-11-23 07:00:00,68.85,70.86,68.85,70.26,768400
2021-11-24 07:00:00,71.67,71.8,69.18,69.18,922700
2021-11-25 07:00:00,69.59,70.59,69.05,69.79,657700
2021-11-26 07:00:00,69.79,69.85,68.24,68.51,1256000
2021-11-29 07:00:00,65.56,67.91,65.56,66.76,1292000
2021-11-30 07:00:00,67.23,68.31,66.03,66.03,1391100
2021-12-01 07:00:00,65.56,66.83,65.49,66.16,1464900
2021-12-02 07:00:00,66.09,66.83,65.82,66.09,591100
2021-12-03 07:00:00,66.56,66.56,64.88,64.88,1033200
2021-12-06 07:00:00,64.68,65.15,61.12,61.79,1232300
2021-12-07 07:00:00,63.47,64.82,62.8,64.82,964000
2021-12-08 07:00:00,65.49,66.7,65.02,65.96,1098500
2021-12-09 07:00:00,65.76,67.17,65.15,66.29,560300
2021-12-10 07:00:00,66.09,66.09,64.62,64.88,677400
2021-12-13 07:00:00,65.82,66.7,65.29,65.82,720800
2021-12-14 07:00:00,65.76,66.43,64.82,65.96,765000
2021-12-15 07:00:00,65.56,65.96,64.75,65.62,473400
2021-12-16 07:00:00,65.82,67.23,65.22,66.23,956600
2021-12-17 07:00:00,66.56,67.17,65.69,66.5,531800
2021-12-20 07:00:00,65.82,65.82,64.48,64.95,860700
2021-12-21 07:00:00,64.95,65.09,63.14,63.14,1259500
2021-12-22 07:00:00,64.41,64.88,63.54,63.94,592000
2021-12-23 07:00:00,64.48,65.62,63.47,63.94,1522500
2021-12-24 07:00:00,64.68,65.15,64.01,64.28,700000
2021-12-27 07:00:00,64.28,65.02,64.28,64.41,328900
2021-12-28 07:00:00,65.15,66.16,65.15,65.89,1086700
2021-12-29 07:00:00,66.36,66.36,65.02,65.15,458100
2021-12-30 07:00:00,65.82,66.09,65.15,65.15,580600
2021-12-31 07:00:00,65.42,65.42,64.55,64.62,674800
2022-01-04 07:00:00,65.09,68.44,65.09,68.44,1730300
2022-01-05 07:00:00,68.98,70.79,68.85,70.53,2082700
2022-01-06 07:00:00,69.85,70.46,69.12,69.65,828300
2022-01-07 07:00:00,70.19,73.41,69.38,72.21,1777900
2022-01-10 07:00:00,72.21,72.21,68.51,68.51,1000600
2022-01-11 07:00:00,69.18,70.19,68.51,69.38,650100
2022-01-12 07:00:00,70.53,73.15,70.53,72.54,1475800
2022-01-13 07:00:00,73.28,74.56,70.53,70.53,772800
2022-01-14 07:00:00,69.85,71.53,69.52,70.86,539400
2022-01-17 07:00:00,71.67,73.68,65.96,70.26,1451600
2022-01-18 07:00:00,69.85,72.54,69.85,71.87,931200
2022-01-19 07:00:00,72.61,73.15,70.86,71.87,664500
2022-01-20 07:00:00,71.87,72.94,70.86,72.94,717300
2022-01-21 07:00:00,72.54,73.08,70.32,72.14,1063800
2022-01-24 07:00:00,71.87,73.21,71.74,71.94,1029200
2022-01-25 07:00:00,71.2,73.55,69.85,73.55,1322100
2022-01-26 07:00:00,74.09,75.9,73.21,75.36,1440600
2022-01-27 07:00:00,75.56,77.18,74.02,75.09,911500
2022-01-28 07:00:00,75.16,75.9,71.53,73.21,1656400
2022-02-07 07:00:00,76.44,77.91,75.3,77.04,926300
2022-02-08 07:00:00,76.91,77.58,75.63,76.57,637800
2022-02-09 07:00:00,75.9,76.3,73.88,73.88,1828900
2022-02-10 07:00:00,75.23,75.77,73.88,75.23,859800
2022-02-11 07:00:00,75.56,75.77,74.56,74.56,483000
2022-02-14 07:00:00,76.3,79.26,75.77,77.91,1817900
2022-02-15 07:00:00,77.91,80.33,76.3,78.85,1425600
2022-02-16 07:00:00,76.91,77.85,75.9,76.91,723400
2022-02-17 07:00:00,76.84,79.73,76.37,79.73,1128100
2022-02-18 07:00:00,78.25,79.73,77.44,78.59,732400
2022-02-21 07:00:00,78.25,78.59,77.58,77.78,332600
2022-02-22 07:00:00,79.26,79.59,77.91,78.25,721200
2022-02-23 07:00:00,78.99,80.94,78.12,78.59,1292100
2022-02-24 07:00:00,79.26,82.28,78.79,79.93,1890000
2022-02-25 07:00:00,80.67,82.08,78.32,78.72,1320300
2022-02-28 07:00:00,79.93,80.33,78.59,79.26,940300
2022-03-01 07:00:00,79.93,79.93,77.98,79.06,1037700
2022-03-02 07:00:00,80.6,81.41,79.26,80.06,1558200
2022-03-03 07:00:00,81.88,81.88,79.93,81.07,1368500
2022-03-04 07:00:00,80.6,80.6,79.26,79.26,1555800
2022-03-07 07:00:00,84.3,84.3,82.28,83.69,2264100
2022-03-08 07:00:00,82.35,84.5,80.67,81.07,1426800
2022-03-09 07:00:00,82.48,84.09,81.07,82.08,1297600
2022-03-10 07:00:00,79.26,80.47,78.45,79.59,963500
2022-03-11 07:00:00,79.26,79.26,75.43,75.83,1619500
2022-03-14 07:00:00,73.88,75.23,71.2,71.2,1389300
2022-03-15 07:00:00,69.85,72.54,68.51,72.54,967000
2022-03-16 07:00:00,72.88,73.88,71.2,73.35,617000
2022-03-17 07:00:00,72.61,73.75,71.2,71.2,744100
2022-03-18 07:00:00,72.54,73.75,72.21,73.15,601000
2022-03-21 07:00:00,73.48,77.24,73.15,76.57,830800
2022-03-22 07:00:00,77.24,78.25,76.24,77.24,788400
2022-03-23 07:00:00,76.77,77.38,75.3,75.43,620500
2022-03-24 07:00:00,77.18,77.24,75.16,75.43,596000
2022-03-25 07:00:00,76.5,76.57,72.54,74.35,385200
2022-03-28 07:00:00,74.42,75.9,74.09,74.22,357200
2022-03-29 07:00:00,73.88,75.9,73.15,75.16,695700
2022-03-30 07:00:00,74.49,74.82,73.28,73.95,590500
2022-03-31 07:00:00,73.88,75.16,72.68,72.74,374200
2022-04-01 07:00:00,72.41,74.49,71.87,73.68,429800
2022-04-04 07:00:00,73.95,75.83,73.82,75.5,610500
2022-04-05 07:00:00,75.7,77.11,74.56,76.77,727800
2022-04-06 07:00:00,76.84,78.25,76.03,76.37,832600
2022-04-07 07:00:00,76.37,77.24,75.16,75.77,729000
2022-04-08 07:00:00,76.44,76.91,74.02,74.02,617300
2022-04-12 07:00:00,74.35,75.56,71.87,73.15,632900
2022-04-13 07:00:00,73.28,74.22,72.47,73.95,513600
2022-04-14 07:00:00,74.82,75.56,74.76,74.96,461700
2022-04-15 07:00:00,75.56,79.26,75.23,77.31,1786900
2022-04-18 07:00:00,78.45,79.19,76.71,77.44,848000
2022-04-19 07:00:00,78.92,78.92,76.5,76.5,676400
2022-04-20 07:00:00,76.3,76.3,71.53,71.6,1409200
2022-04-21 07:00:00,69.85,72.74,69.18,70.53,1072500
2022-04-22 07:00:00,70.59,75.43,67.17,75.43,1341800
2022-04-25 07:00:00,73.21,75.43,70.19,70.19,684200
2022-04-26 07:00:00,68.51,73.21,65.89,73.21,669700
2022-04-27 07:00:00,70.53,74.89,69.85,74.56,789600
2022-04-28 07:00:00,74.09,74.09,72.34,72.34,215400
2022-04-29 07:00:00,71.87,72.81,70.53,71.2,548300
2022-05-04 07:00:00,72.27,73.88,72.0,72.54,521100
2022-05-05 07:00:00,74.56,74.56,73.15,73.48,351200
2022-05-06 07:00:00,71.53,73.82,71.53,73.75,576300
2022-05-09 07:00:00,73.21,73.21,69.18,70.46,571900
2022-05-10 07:00:00,67.5,72.61,67.17,72.54,645200
2022-05-11 07:00:00,72.07,73.55,71.2,73.15,328500
2022-05-12 07:00:00,72.54,72.54,69.59,70.93,833900
2022-05-13 07:00:00,70.06,71.53,67.17,67.17,899400
2022-05-16 07:00:00,69.18,69.59,63.81,63.81,955900
2022-05-17 07:00:00,63.81,67.77,63.14,67.77,516700
2022-05-18 07:00:00,67.84,71.47,67.37,70.53,909900
2022-05-19 07:00:00,66.83,71.53,66.83,71.06,1136600
2022-05-20 07:00:00,70.86,71.67,69.59,70.19,292900
2022-05-23 07:00:00,70.86,71.0,69.05,69.52,541100
2022-05-24 07:00:00,69.52,71.8,68.91,71.06,840400
2022-05-25 07:00:00,71.4,72.81,71.06,72.81,764900
2022-05-26 07:00:00,73.88,74.69,71.2,72.27,565300
2022-05-27 07:00:00,72.88,74.69,72.88,73.88,404700
2022-05-30 07:00:00,75.03,75.43,73.75,73.88,682000
2022-05-31 07:00:00,74.42,79.06,73.55,79.06,2358100
2022-06-01 07:00:00,79.73,83.22,78.59,81.27,1740200
2022-06-02 07:00:00,80.6,82.62,79.12,79.86,1399300
2022-06-03 07:00:00,79.26,83.96,79.26,83.42,2364500
2022-06-06 07:00:00,84.3,89.0,84.3,87.25,2646200
2022-06-07 07:00:00,87.25,87.99,83.36,87.32,2035900
2022-06-08 07:00:00,87.32,88.59,86.18,86.58,1703300
2022-06-09 07:00:00,86.58,87.45,85.44,85.71,1293800
2022-06-10 07:00:00,84.97,85.71,79.73,79.73,2455800
2022-06-13 07:00:00,77.24,82.01,76.91,79.26,1737200
2022-06-14 07:00:00,80.6,84.63,79.33,84.63,1357700
2022-06-15 07:00:00,83.29,86.04,81.14,83.29,2223400
2022-06-16 07:00:00,84.03,88.59,82.48,85.97,2330800
2022-06-17 07:00:00,83.96,90.0,83.62,90.0,1558000
2022-06-20 07:00:00,87.99,88.66,83.76,83.76,1717900
2022-06-21 07:00:00,83.29,85.5,77.91,80.27,2345500
2022-06-22 07:00:00,79.59,80.6,74.69,74.69,1887400
2022-06-23 07:00:00,73.88,79.86,73.88,78.45,1113700
2022-06-24 07:00:00,78.45,79.06,76.44,76.57,806000
2022-06-27 07:00:00,77.24,79.06,76.57,76.84,903600
2022-06-28 07:00:00,78.25,78.99,77.51,77.91,798300
2022-06-29 07:00:00,77.91,79.26,76.77,78.59,968700
2022-06-30 07:00:00,78.25,80.27,77.58,77.58,1008200
2022-07-01 07:00:00,77.11,77.78,73.88,75.9,974500
2022-07-04 07:00:00,77.35,77.62,74.86,74.93,462800
2022-07-05 07:00:00,75.21,76.45,70.38,71.07,1503400
2022-07-06 07:00:00,68.72,68.93,66.1,66.1,1689000
2022-07-07 07:00:00,64.93,66.58,63.89,64.93,628400
2022-07-08 07:00:00,67.27,67.76,65.55,65.96,692300
2022-07-11 07:00:00,65.89,66.86,65.48,65.48,477100
2022-07-12 07:00:00,65.69,68.31,65.69,68.31,779400
2022-07-13 07:00:00,66.93,66.93,65.83,66.45,896400
2022-07-14 07:00:00,66.93,68.45,66.93,68.17,697700
2022-07-15 07:00:00,68.17,68.24,66.93,67.27,516900
2022-07-18 07:00:00,67.34,67.96,66.58,67.27,567900
2022-07-19 07:00:00,68.17,70.38,67.83,70.31,933900
2022-07-20 07:00:00,71.41,71.83,70.38,71.07,894600
2022-07-21 07:00:00,71.0,72.45,70.03,71.83,862900
2022-07-22 07:00:00,71.76,75.83,71.76,74.38,1087700
2022-07-25 07:00:00,74.17,75.55,72.04,72.24,543700
2022-07-26 07:00:00,74.31,74.31,71.76,72.24,483400
2022-07-27 07:00:00,72.17,72.73,71.41,72.24,374600
2022-07-28 07:00:00,73.83,75.69,72.79,73.35,508900
2022-07-29 07:00:00,74.52,75.55,73.69,74.17,530100
2022-08-01 07:00:00,74.17,75.55,73.69,74.45,424900
2022-08-02 07:00:00,74.17,74.8,72.93,74.66,444800
2022-08-03 07:00:00,74.73,77.97,74.52,77.28,583600
2022-08-04 07:00:00,76.93,77.21,74.86,75.21,769800
2022-08-05 07:00:00,74.38,75.9,73.48,75.55,726100
2022-08-08 07:00:00,75.28,77.28,74.52,76.59,350600
2022-08-09 07:00:00,76.8,77.62,75.9,77.28,368600
2022-08-10 07:00:00,76.59,77.42,75.97,76.52,389600
2022-08-11 07:00:00,77.28,78.59,76.8,77.97,846900
2022-08-12 07:00:00,77.97,79.97,77.97,78.94,363800
2022-08-15 07:00:00,79.35,79.49,77.76,78.66,404300
2022-08-16 07:00:00,77.97,78.66,77.28,78.31,326200
2022-08-17 07:00:00,78.66,79.28,76.93,77.56,879200
2022-08-18 07:00:00,77.97,81.35,77.21,78.45,987400
2022-08-19 07:00:00,79.28,81.42,78.94,79.76,536800
2022-08-22 07:00:00,79.63,80.73,79.14,79.28,370200
2022-08-23 07:00:00,79.69,80.94,79.69,80.73,446500
2022-08-24 07:00:00,81.42,82.45,80.73,80.94,358100
2022-08-25 07:00:00,81.35,82.11,80.38,80.38,424500
2022-08-26 07:00:00,80.38,80.38,79.42,79.49,491500
2022-08-29 07:00:00,78.8,81.07,78.8,81.07,669800
2022-08-30 07:00:00,81.14,82.8,80.73,82.04,725100
2022-08-31 07:00:00,81.28,82.11,80.66,80.8,429300
2022-09-05 07:00:00,80.25,81.07,79.83,80.32,325500
2022-09-06 07:00:00,81.07,81.28,80.32,80.38,247300
2022-09-07 07:00:00,80.04,80.04,77.28,77.28,846100
2022-09-08 07:00:00,77.97,78.31,76.31,77.14,315200
2022-09-09 07:00:00,77.9,78.66,77.0,78.66,332700
2022-09-12 07:00:00,78.66,79.63,78.31,78.45,364300
2022-09-13 07:00:00,78.38,79.21,77.83,78.8,246500
2022-09-14 07:00:00,77.49,78.45,77.14,77.62,317100
2022-09-15 07:00:00,78.66,78.8,76.73,77.14,566400
2022-09-16 07:00:00,76.59,77.97,76.24,76.59,498800
2022-09-19 07:00:00,76.59,77.83,74.52,74.52,501200
2022-09-20 07:00:00,75.9,75.9,74.17,75.28,403400
2022-09-21 07:00:00,75.28,75.83,74.73,75.21,216700
2022-09-22 07:00:00,75.21,76.87,75.07,76.59,232400
2022-09-23 07:00:00,76.87,79.0,76.59,77.62,361700
2022-09-26 07:00:00,76.59,78.8,76.59,78.38,666700
2022-09-27 07:00:00,78.66,78.66,76.59,76.93,215200
2022-09-28 07:00:00,75.9,77.42,71.76,71.76,662800
2022-09-29 07:00:00,73.48,74.31,72.45,72.45,307600
2022-09-30 07:00:00,70.38,77.28,69.97,75.9,719100
2022-10-03 07:00:00,75.21,75.21,73.35,73.83,367400
2022-10-04 07:00:00,73.9,75.21,71.41,73.14,260400
2022-10-05 07:00:00,73.21,75.14,73.21,73.83,402300
2022-10-06 07:00:00,73.97,74.86,73.76,73.76,447800
2022-10-07 07:00:00,73.76,73.76,70.38,70.38,334000
2022-10-10 07:00:00,70.38,75.28,70.38,73.14,431000
2022-10-11 07:00:00,73.14,75.28,72.45,73.21,508200
2022-10-12 07:00:00,72.52,74.38,72.52,73.83,169800
2022-10-13 07:00:00,73.07,74.66,72.52,74.52,544600
2022-10-14 07:00:00,74.59,76.04,74.52,75.76,387800
2022-10-17 07:00:00,74.45,78.11,73.97,76.93,300200
2022-10-18 07:00:00,78.11,78.11,76.59,76.59,448500
2022-10-19 07:00:00,76.66,77.97,74.52,75.28,423200
2022-10-20 07:00:00,75.21,76.59,74.66,76.52,165200
2022-10-21 07:00:00,76.52,77.69,73.97,73.97,468300
2022-10-24 07:00:00,73.97,75.14,73.48,73.97,503600
2022-10-25 07:00:00,73.97,75.21,72.86,73.97,367300
2022-10-26 07:00:00,73.97,74.66,73.76,74.52,181800
2022-10-27 07:00:00,75.14,76.73,73.9,75.9,468600
2022-10-28 07:00:00,75.97,76.59,75.21,75.21,194100
2022-10-31 07:00:00,75.21,76.66,74.86,76.66,156300
2022-11-01 07:00:00,76.87,78.31,75.35,75.9,451300
2022-11-02 07:00:00,76.31,78.31,75.0,75.9,584100
2022-11-03 07:00:00,77.14,77.42,75.9,76.87,162300
2022-11-04 07:00:00,76.87,77.28,74.59,76.59,329600
2022-11-07 07:00:00,76.93,78.31,76.93,77.9,404900
2022-11-08 07:00:00,78.59,79.35,77.9,78.94,381600
2022-11-09 07:00:00,79.0,81.07,78.94,80.32,404800
2022-11-10 07:00:00,79.42,80.59,75.9,78.25,276200
2022-11-11 07:00:00,78.38,80.38,78.38,78.59,170100
2022-11-14 07:00:00,78.45,80.04,76.45,78.52,350400
2022-11-15 07:00:00,78.52,79.0,75.21,76.93,421000
2022-11-16 07:00:00,72.79,80.73,72.79,80.73,314700
2022-11-17 07:00:00,79.76,82.8,79.76,82.59,442400
2022-11-18 07:00:00,82.18,82.39,77.28,78.87,398600
2022-11-21 07:00:00,78.87,79.0,76.24,76.8,172200
2022-11-22 07:00:00,76.66,79.28,75.28,75.35,314100
2022-11-23 07:00:00,75.62,77.07,74.52,74.66,227700
2022-11-24 07:00:00,75.21,75.21,72.45,73.0,474500
2022-11-25 07:00:00,73.83,74.17,71.76,72.31,398800
2022-11-28 07:00:00,72.31,77.35,71.76,77.35,370200
2022-11-29 07:00:00,77.28,78.59,75.14,77.28,405200
2022-11-30 07:00:00,77.28,77.28,75.9,76.04,282900
2022-12-01 07:00:00,77.28,77.28,72.45,73.48,514400
2022-12-02 07:00:00,73.48,77.97,73.48,76.73,572000
2022-12-05 07:00:00,77.97,78.38,76.38,78.11,500600
2022-12-06 07:00:00,77.97,78.31,75.21,75.55,494500
2022-12-07 07:00:00,75.55,76.93,73.69,73.69,336900
2022-12-08 07:00:00,74.59,76.52,73.14,73.14,465900
2022-12-09 07:00:00,74.45,74.86,73.14,73.14,374700
2022-12-12 07:00:00,74.52,74.8,72.45,72.45,350200
2022-12-13 07:00:00,73.76,74.17,72.52,72.86,400900
2022-12-14 07:00:00,73.55,74.52,73.48,74.17,277500
2022-12-15 07:00:00,73.83,74.52,72.86,73.35,504800
2022-12-16 07:00:00,73.35,74.45,73.0,73.42,256100
2022-12-19 07:00:00,73.14,73.69,72.59,72.59,449500
2022-12-20 07:00:00,72.45,72.79,71.48,72.31,218300
2022-12-21 07:00:00,73.14,73.14,71.41,71.41,198400
2022-12-22 07:00:00,72.45,72.45,69.83,69.83,254000
2022-12-23 07:00:00,70.72,71.62,70.03,70.03,261500
2022-12-26 07:00:00,70.45,72.17,70.45,70.79,332400
2022-12-27 07:00:00,71.69,71.76,70.24,71.14,154700
2022-12-28 07:00:00,71.48,71.76,70.52,71.07,221800
2022-12-29 07:00:00,71.69,71.69,70.79,70.79,97600
2022-12-30 07:00:00,70.79,70.93,70.03,70.03,141500
2023-01-03 07:00:00,70.38,72.45,70.31,72.45,287800
2023-01-04 07:00:00,72.79,72.79,71.76,72.45,225000
2023-01-05 07:00:00,72.45,73.62,72.1,73.55,270100
2023-01-06 07:00:00,73.48,73.76,72.17,72.24,138800
2023-01-09 07:00:00,72.66,72.86,71.76,72.1,153500
2023-01-10 07:00:00,72.1,72.17,71.14,72.17,256300
2023-01-11 07:00:00,72.38,72.73,71.83,71.9,108100
2023-01-12 07:00:00,71.9,72.59,71.9,72.45,236800
2023-01-13 07:00:00,72.17,72.79,72.04,72.1,193100
2023-01-16 07:00:00,72.31,72.31,71.07,71.07,244900
2023-01-17 07:00:00,71.07,72.24,70.72,71.9,290300
2023-01-18 07:00:00,72.38,72.93,71.9,71.97,151800
2023-01-19 07:00:00,72.24,72.38,71.41,72.1,249800
2023-01-27 07:00:00,72.52,76.04,72.52,74.66,535400
2023-01-30 07:00:00,75.21,75.28,73.55,73.55,267500
2023-01-31 07:00:00,73.55,74.17,72.86,73.35,283700
2023-02-01 07:00:00,73.76,76.31,73.14,73.55,732800
2023-02-02 07:00:00,73.83,74.52,73.42,73.83,293900
2023-02-03 07:00:00,73.69,73.83,72.59,72.59,258900
2023-02-06 07:00:00,72.59,73.83,71.9,73.14,242000
2023-02-07 07:00:00,73.62,74.38,72.45,73.35,287400
2023-02-08 07:00:00,73.35,74.52,73.28,74.04,273500
2023-02-09 07:00:00,74.45,75.07,74.04,74.59,314600
2023-02-10 07:00:00,74.59,74.59,73.21,73.21,202400
2023-02-13 07:00:00,73.21,74.38,72.66,73.07,201400
2023-02-14 07:00:00,73.35,73.83,72.86,72.86,108200
2023-02-15 07:00:00,73.14,74.17,72.93,73.9,181700
2023-02-16 07:00:00,73.42,75.14,73.42,74.45,261100
2023-02-17 07:00:00,74.17,74.45,73.62,73.97,186300
2023-02-20 07:00:00,74.04,75.21,74.04,75.21,200100
2023-02-21 07:00:00,74.86,75.55,74.73,74.73,216200
2023-02-22 07:00:00,74.17,75.9,73.76,73.83,240700
2023-02-23 07:00:00,74.24,74.24,72.31,73.0,174700
2023-02-24 07:00:00,73.14,74.17,72.45,73.48,127400
2023-02-27 07:00:00,73.48,73.48,71.07,71.76,245200
2023-02-28 07:00:00,72.45,72.73,71.35,71.41,73500
2023-03-01 07:00:00,71.21,73.07,71.21,72.52,113000
2023-03-02 07:00:00,72.45,73.0,72.17,72.45,115100
2023-03-03 07:00:00,73.07,73.07,70.93,72.1,184400
2023-03-06 07:00:00,72.45,72.79,71.48,71.55,91900
2023-03-07 07:00:00,72.38,72.79,71.69,72.1,203700
2023-03-08 07:00:00,71.62,73.07,71.55,73.07,147800
2023-03-09 07:00:00,72.66,74.45,72.66,73.69,190600
2023-03-10 07:00:00,73.35,74.04,72.79,73.83,229400
2023-03-13 07:00:00,73.83,74.86,73.07,74.59,347000
2023-03-14 07:00:00,73.35,74.52,72.79,74.31,185000
2023-03-15 07:00:00,74.31,74.52,73.55,73.83,196300
2023-03-16 07:00:00,73.83,73.83,71.9,72.17,277700
2023-03-17 07:00:00,72.66,73.28,71.55,71.55,226600
2023-03-20 07:00:00,71.76,72.17,71.0,71.07,189500
2023-03-21 07:00:00,71.21,71.76,70.79,71.21,112000
2023-03-22 07:00:00,71.76,71.76,70.86,71.0,126300
2023-03-23 07:00:00,70.72,71.07,70.38,70.72,146700
2023-03-24 07:00:00,70.79,71.48,70.45,70.66,251400
2023-03-27 07:00:00,70.72,71.14,70.38,70.38,102100
2023-03-28 07:00:00,70.66,71.83,70.66,71.55,270800
2023-03-29 07:00:00,71.55,71.55,70.79,70.93,99300
2023-03-30 07:00:00,71.07,71.69,70.66,70.66,138900
2023-03-31 07:00:00,70.66,71.21,70.24,70.38,246900
2023-04-03 07:00:00,71.48,71.62,70.38,70.72,322100
2023-04-04 07:00:00,71.41,71.41,70.24,70.31,564900
2023-04-05 07:00:00,71.0,71.0,70.24,70.31,217900
2023-04-06 07:00:00,70.86,70.86,69.97,70.03,307100
2023-04-07 07:00:00,69.97,70.31,69.69,69.83,145000
2023-04-10 07:00:00,69.76,70.17,68.65,68.65,467900
2023-04-11 07:00:00,68.65,69.28,68.65,68.93,240000
2023-04-12 07:00:00,69.0,69.76,68.72,68.86,280100
2023-04-13 07:00:00,69.62,69.62,68.79,69.0,181400
2023-04-14 07:00:00,69.48,69.48,67.69,67.69,281200
2023-04-17 07:00:00,67.76,68.03,67.0,67.07,238400
2023-04-18 07:00:00,67.27,67.48,66.72,66.79,220200
2023-04-19 07:00:00,67.27,67.48,65.62,65.96,334400
2023-04-20 07:00:00,66.24,67.27,65.96,66.24,280900
2023-04-21 07:00:00,66.79,66.79,65.69,65.83,414800
2023-04-24 07:00:00,65.89,66.03,64.24,64.24,563800
2023-04-25 07:00:00,64.86,64.86,63.48,63.48,321700
2023-04-26 07:00:00,63.2,65.0,63.2,64.45,336500
2023-04-27 07:00:00,64.58,65.0,63.62,63.62,299000
2023-04-28 07:00:00,64.38,64.38,63.69,64.03,161300
2023-05-04 07:00:00,63.55,64.03,63.2,63.48,204200
2023-05-05 07:00:00,63.48,63.76,63.2,63.41,167600
2023-05-08 07:00:00,63.62,64.24,63.62,64.24,263400
2023-05-09 07:00:00,64.51,65.34,64.51,64.93,276600
2023-05-10 07:00:00,65.27,65.27,64.03,64.31,247500
2023-05-11 07:00:00,64.51,64.72,63.62,63.62,407300
2023-05-12 07:00:00,63.48,64.03,63.48,63.82,263300
2023-05-15 07:00:00,64.17,64.79,63.62,63.62,396300
2023-05-16 07:00:00,64.17,64.31,63.62,63.76,253100
2023-05-17 07:00:00,63.82,64.17,63.34,63.41,291000
2023-05-18 07:00:00,63.48,64.51,63.34,64.17,502900
2023-05-19 07:00:00,64.31,65.89,64.24,65.48,861600
2023-05-22 07:00:00,65.89,65.96,64.86,65.34,359100
2023-05-23 07:00:00,65.48,65.48,64.24,64.31,435400
2023-05-24 07:00:00,64.65,64.65,63.82,63.82,413900
2023-05-25 07:00:00,64.17,65.41,63.82,65.34,611300
2023-05-26 07:00:00,65.83,65.83,64.51,64.65,428800
2023-05-29 07:00:00,64.86,65.14,64.51,64.72,415700
2023-05-30 07:00:00,64.72,64.86,64.03,64.1,586500
2023-05-31 07:00:00,64.03,64.31,64.03,64.03,405400
2023-06-01 07:00:00,64.51,64.51,63.48,63.48,548100
2023-06-02 07:00:00,63.69,64.03,63.48,63.48,574800
2023-06-05 07:00:00,63.89,64.86,63.89,64.86,521600
2023-06-06 07:00:00,65.2,66.1,65.07,65.62,837700
2023-06-07 07:00:00,65.69,65.89,64.72,65.2,706700
2023-06-08 07:00:00,65.55,65.69,64.38,64.58,632000
2023-06-09 07:00:00,64.58,64.93,64.31,64.65,288800
2023-06-12 07:00:00,65.14,65.14,64.1,64.79,490200
2023-06-13 07:00:00,65.07,65.14,64.58,64.86,582100
2023-06-14 07:00:00,64.93,66.03,64.93,65.27,760100
2023-06-15 07:00:00,65.48,67.48,65.34,66.65,1299100
2023-06-16 07:00:00,67.07,67.21,65.89,65.89,589800
2023-06-19 07:00:00,66.03,66.86,65.69,65.69,637900
2023-06-20 07:00:00,65.69,66.58,65.41,66.58,508200
2023-06-21 07:00:00,66.58,66.58,65.76,66.1,483500
2023-06-22 07:00:00,66.1,66.58,65.89,65.96,812800
2023-06-23 07:00:00,66.45,66.45,65.55,65.69,628300
2023-06-26 07:00:00,65.69,66.45,65.62,66.24,942400
2023-06-27 07:00:00,66.72,66.93,66.24,66.45,510600
2023-06-28 07:00:00,66.86,66.86,65.83,65.83,762500
2023-06-29 07:00:00,65.89,66.1,65.27,65.27,710100
2023-06-30 07:00:00,65.27,65.55,64.17,64.17,681400
2023-07-03 07:00:00,64.72,65.2,64.58,64.86,380900
2023-07-04 07:00:00,65.14,65.83,64.93,65.62,498400
2023-07-05 07:00:00,65.76,65.76,65.07,65.07,410400
2023-07-06 07:00:00,65.55,66.58,65.34,65.69,1374300
2023-07-07 07:00:00,66.03,66.65,65.76,66.24,672500
2023-07-10 07:00:00,66.58,67.34,66.52,67.27,1125900
2023-07-11 07:00:00,67.48,67.62,66.93,67.07,719600
2023-07-12 07:00:00,67.34,67.34,66.38,66.58,568500
2023-07-13 07:00:00,66.93,68.72,66.65,68.52,1368300
2023-07-14 07:00:00,68.65,69.34,67.96,68.31,695200
2023-07-17 07:00:00,68.38,68.45,67.69,68.31,514100
2023-07-18 07:00:00,68.31,69.28,67.96,68.86,742300
2023-07-19 07:00:00,69.21,69.21,68.24,68.24,526000
2023-07-20 07:00:00,68.1,68.45,67.27,68.1,562600
2023-07-21 07:00:00,68.1,68.59,67.69,68.59,532600
2023-07-24 07:00:00,68.79,68.93,67.9,67.96,539100
2023-07-25 07:00:00,68.17,68.72,67.96,68.17,413300
2023-07-26 07:00:00,68.17,68.17,67.76,67.76,390200
2023-07-27 07:00:00,67.96,68.17,67.69,67.76,468200
2023-07-28 07:00:00,67.62,68.72,67.62,68.65,537300
2023-07-31 07:00:00,69.07,70.79,69.07,70.1,1189900
2023-08-01 07:00:00,70.59,70.59,69.48,69.48,608900
2023-08-02 07:00:00,69.69,70.1,68.93,69.28,330500
2023-08-03 07:00:00,69.28,69.34,68.72,68.72,451000
2023-08-04 07:00:00,68.72,69.62,68.59,69.21,544800
2023-08-07 07:00:00,69.9,69.9,68.93,69.62,351200
2023-08-08 07:00:00,69.62,69.97,69.41,69.83,529700
2023-08-09 07:00:00,69.97,69.97,69.41,69.69,371500
2023-08-10 07:00:00,70.31,71.55,70.03,70.38,771900
2023-08-11 07:00:00,70.24,70.38,69.48,70.03,344200
2023-08-14 07:00:00,70.1,70.31,69.34,69.41,549300
2023-08-15 07:00:00,69.48,69.48,69.07,69.28,326400
2023-08-16 07:00:00,69.28,69.97,69.0,69.14,403400
2023-08-17 07:00:00,69.0,69.69,68.72,69.0,416400
2023-08-18 07:00:00,68.93,68.93,67.34,67.34,905200
2023-08-21 07:00:00,68.03,68.59,67.69,68.38,451700
2023-08-22 07:00:00,68.65,69.69,68.31,69.21,598300
2023-08-23 07:00:00,69.21,70.45,69.21,70.31,724300
2023-08-24 07:00:00,70.72,70.72,70.31,70.66,553400
2023-08-25 07:00:00,70.66,70.66,69.69,69.97,539600
2023-08-28 07:00:00,70.59,71.62,70.24,71.21,687500
2023-08-29 07:00:00,72.21,72.21,71.06,71.42,543100
2023-08-30 07:00:00,71.49,71.49,70.64,70.99,426600
2023-08-31 07:00:00,70.99,71.14,70.49,70.49,573700
2023-09-05 07:00:00,71.64,71.64,70.56,71.21,420600
2023-09-06 07:00:00,71.42,72.78,71.28,72.57,547900
2023-09-07 07:00:00,72.49,73.78,71.92,73.57,911900
2023-09-08 07:00:00,73.57,73.85,73.07,73.07,548900
2023-09-11 07:00:00,74.0,74.0,72.28,72.49,371800
2023-09-12 07:00:00,73.07,74.07,72.28,73.42,588800
2023-09-13 07:00:00,73.71,76.0,73.42,75.5,1296300
2023-09-14 07:00:00,75.5,77.14,74.71,75.78,552900
2023-09-15 07:00:00,76.5,78.43,75.85,78.36,793000
2023-09-18 07:00:00,78.57,80.0,77.21,77.93,469500
2023-09-19 07:00:00,77.93,79.36,76.93,78.64,404100
2023-09-20 07:00:00,78.64,78.64,77.5,77.93,428400
2023-09-21 07:00:00,77.64,77.93,76.14,76.14,774100
2023-09-22 07:00:00,77.08,78.03,76.14,77.94,730800
2023-09-25 07:00:00,77.94,78.88,76.31,76.74,507700
2023-09-26 07:00:00,76.74,77.34,76.14,76.14,441600
2023-09-27 07:00:00,76.31,76.74,73.74,76.23,570500
2023-09-28 07:00:00,77.0,78.46,76.23,78.46,924000
2023-09-29 07:00:00,78.63,78.63,76.74,77.77,596500
2023-10-02 07:00:00,77.6,77.6,76.23,76.57,289100
2023-10-03 07:00:00,76.14,76.14,73.74,74.0,546000
2023-10-04 07:00:00,73.74,74.17,73.57,73.57,603600
2023-10-05 07:00:00,73.48,73.57,72.2,72.2,589900
2023-10-06 07:00:00,72.11,72.2,71.17,72.2,350400
2023-10-09 07:00:00,74.17,74.85,73.31,74.25,514800
2023-10-10 07:00:00,74.77,75.63,73.23,74.08,986100
2023-10-11 07:00:00,74.6,75.03,73.31,73.74,658700
2023-10-12 07:00:00,74.08,74.08,72.88,73.74,639900
2023-10-13 07:00:00,72.97,73.74,72.37,73.57,431800
2023-10-16 07:00:00,74.17,75.37,74.17,74.51,874500
2023-10-17 07:00:00,74.34,74.51,73.05,73.05,454400
2023-10-18 07:00:00,72.88,72.97,69.88,71.17,792800
2023-10-19 07:00:00,71.17,71.6,70.22,70.22,638800
2023-10-20 07:00:00,70.48,71.34,68.6,71.34,812700
2023-10-23 07:00:00,71.42,71.42,68.94,69.11,467400
2023-10-24 07:00:00,69.45,69.71,68.6,69.62,348400
2023-10-25 07:00:00,69.45,69.8,68.94,68.94,329400
2023-10-26 07:00:00,66.71,68.6,64.74,64.74,1072900
2023-10-27 07:00:00,65.59,67.31,64.82,66.54,377800
2023-10-30 07:00:00,66.54,66.62,65.59,65.68,256600
2023-10-31 07:00:00,65.68,66.11,65.17,65.68,355200
2023-11-01 07:00:00,66.45,66.45,65.42,65.94,296600
2023-11-02 07:00:00,66.28,67.91,65.94,67.91,444700
2023-11-03 07:00:00,68.08,68.34,67.14,67.82,455300
2023-11-06 07:00:00,67.82,67.82,66.88,67.74,415200
2023-11-07 07:00:00,67.74,68.94,67.31,67.57,309800
2023-11-08 07:00:00,67.31,68.6,66.88,68.6,504300
2023-11-09 07:00:00,68.6,68.94,67.74,68.6,628100
2023-11-10 07:00:00,67.74,68.6,67.31,67.48,525700
2023-11-13 07:00:00,67.74,68.17,67.39,67.74,306300
2023-11-14 07:00:00,67.99,68.34,67.31,67.82,445500
2023-11-15 07:00:00,68.25,69.2,68.25,68.68,823800
2023-11-16 07:00:00,68.51,68.6,67.74,68.6,652000
2023-11-17 07:00:00,68.25,68.34,67.14,67.48,778800
2023-11-20 07:00:00,66.62,67.65,66.54,67.14,572600
2023-11-21 07:00:00,67.57,67.82,67.14,67.74,379300
2023-11-22 07:00:00,67.74,67.99,67.22,67.74,481600
2023-11-23 07:00:00,67.82,67.91,66.02,66.02,611500
2023-11-24 07:00:00,66.11,66.54,65.17,66.45,624900
2023-11-27 07:00:00,66.62,66.62,65.59,65.85,404100
2023-11-28 07:00:00,65.59,66.02,64.99,66.02,526300
2023-11-29 07:00:00,65.77,66.88,65.68,66.71,596100
2023-11-30 07:00:00,66.79,67.14,65.59,65.59,465700
2023-12-01 07:00:00,66.02,66.79,65.68,66.62,492700
2023-12-04 07:00:00,66.71,67.82,66.62,67.74,783500
2023-12-05 07:00:00,67.74,68.51,67.48,67.74,661500
2023-12-06 07:00:00,67.74,68.42,67.65,68.42,480100
2023-12-07 07:00:00,68.08,68.17,66.45,66.79,856700
2023-12-08 07:00:00,66.97,67.48,66.45,66.54,884500
2023-12-11 07:00:00,67.39,67.39,66.71,67.14,694500
2023-12-12 07:00:00,67.14,67.22,66.79,67.05,471100
2023-12-13 07:00:00,67.05,67.05,65.85,65.94,1119800
2023-12-14 07:00:00,65.94,66.62,65.77,65.94,403200
2023-12-15 07:00:00,65.94,65.94,65.17,65.17,806600
2023-12-18 07:00:00,65.17,65.25,64.74,64.74,615300
2023-12-19 07:00:00,64.31,64.65,63.62,64.31,886500
2023-12-20 07:00:00,64.74,64.74,64.14,64.48,573700
2023-12-21 07:00:00,64.31,64.39,63.79,64.05,727800
2023-12-22 07:00:00,64.22,64.48,63.71,64.05,616600
2023-12-25 07:00:00,64.05,65.77,64.05,65.59,1056300
2023-12-26 07:00:00,65.77,65.77,64.91,65.51,755000
2023-12-27 07:00:00,65.51,65.77,65.25,65.42,706400
2023-12-28 07:00:00,65.51,65.51,64.82,65.17,767200
2023-12-29 07:00:00,65.34,65.42,64.74,64.74,1035000
2024-01-02 07:00:00,64.99,65.42,64.74,64.82,693400
2024-01-03 07:00:00,64.74,65.17,64.65,65.17,569300
2024-01-04 07:00:00,65.17,66.37,65.17,65.77,1507700
2024-01-05 07:00:00,66.02,66.37,66.02,66.19,1077100
2024-01-08 07:00:00,66.28,66.71,65.59,65.85,1022900
2024-01-09 07:00:00,65.85,66.02,65.08,65.08,891500
2024-01-10 07:00:00,65.34,65.51,64.74,64.74,1027400
2024-01-11 07:00:00,64.91,65.25,64.74,65.17,494000
2024-01-12 07:00:00,65.25,65.25,64.31,64.39,809900
2024-01-15 07:00:00,64.74,65.08,64.74,64.91,441100
2024-01-16 07:00:00,64.74,64.91,64.31,64.82,457100
2024-01-17 07:00:00,65.17,65.17,64.39,64.48,831700
2024-01-18 07:00:00,64.48,64.82,64.48,64.57,413100
2024-01-19 07:00:00,64.74,65.77,64.65,65.77,1004200
2024-01-22 07:00:00,65.94,65.94,65.34,65.42,482700
2024-01-23 07:00:00,65.51,65.77,65.17,65.25,763000
2024-01-24 07:00:00,65.25,65.51,64.91,64.99,479600
2024-01-25 07:00:00,64.99,65.25,64.65,64.65,548000
2024-01-26 07:00:00,65.17,65.59,64.48,64.48,729000
2024-01-29 07:00:00,64.57,65.77,64.57,65.68,924600
2024-01-30 07:00:00,65.25,65.68,65.25,65.51,504300
2024-01-31 07:00:00,65.59,65.59,64.65,64.65,595700
2024-02-01 07:00:00,64.74,64.91,64.57,64.74,514700
2024-02-02 07:00:00,65.08,65.08,64.48,64.48,675400
2024-02-05 07:00:00,64.48,64.99,64.39,64.48,638800
2024-02-06 07:00:00,64.74,65.08,64.65,64.91,796900
2024-02-07 07:00:00,64.91,64.99,64.74,64.91,474300
2024-02-15 07:00:00,64.99,65.17,64.91,64.91,549700
2024-02-16 07:00:00,64.91,66.02,64.91,65.68,1013500
2024-02-19 07:00:00,66.11,68.17,66.02,67.99,2373000
2024-02-20 07:00:00,68.17,68.34,67.05,67.39,1007300
2024-02-21 07:00:00,67.39,67.39,66.45,66.62,1111900
2024-02-22 07:00:00,66.88,67.48,66.45,66.79,1037600
2024-02-23 07:00:00,66.97,67.14,65.51,65.51,1955100
2024-02-26 07:00:00,65.59,65.85,64.99,65.34,1094800
2024-02-27 07:00:00,65.59,66.71,65.34,66.54,1154300
2024-02-28 07:00:00,66.88,67.91,66.62,66.88,1570600
2024-02-29 07:00:00,67.31,67.31,66.19,66.37,1255800
2024-03-01 07:00:00,66.71,66.71,66.28,66.54,991000
2024-03-04 07:00:00,66.71,67.31,66.62,66.71,1137700
2024-03-05 07:00:00,66.88,67.91,66.71,67.74,2069600
2024-03-06 07:00:00,68.08,69.97,68.08,68.68,2289000
2024-03-07 07:00:00,68.77,69.2,68.25,68.94,1247100
2024-03-08 07:00:00,69.45,69.97,68.17,68.17,2105800
2024-03-11 07:00:00,68.17,68.17,66.71,66.71,1478000
2024-03-12 07:00:00,66.71,67.31,66.62,66.79,1174600
2024-03-13 07:00:00,67.22,67.91,66.88,67.74,1230900
2024-03-14 07:00:00,68.34,69.8,68.08,69.45,3837000
2024-03-15 07:00:00,69.71,71.08,69.2,70.57,2398900
2024-03-18 07:00:00,70.57,71.08,68.51,68.77,2494200
2024-03-19 07:00:00,69.45,69.45,68.34,68.34,950400
2024-03-20 07:00:00,68.6,69.62,68.25,69.45,1462300
2024-03-21 07:00:00,70.22,70.22,69.02,69.45,938700
2024-03-22 07:00:00,69.45,69.88,68.94,69.02,1235000
2024-03-25 07:00:00,69.02,69.8,68.68,68.94,972900
2024-03-26 07:00:00,69.02,69.37,68.6,69.2,596500
2024-03-27 07:00:00,69.62,70.05,68.68,68.85,847300
2024-03-28 07:00:00,68.94,69.2,68.51,68.85,774800
2024-03-29 07:00:00,69.11,69.62,68.77,68.77,616400
2024-04-01 07:00:00,68.77,69.2,68.42,69.11,747700
2024-04-02 07:00:00,68.94,70.82,68.51,70.74,1742200
2024-04-03 07:00:00,70.74,71.51,70.14,70.14,1761700
2024-04-04 07:00:00,70.31,70.65,69.54,69.88,751900
2024-04-05 07:00:00,69.45,71.34,68.94,69.37,1384300
2024-04-08 07:00:00,69.45,69.45,68.42,68.42,675700
2024-04-09 07:00:00,68.6,69.02,68.17,68.51,623600
2024-04-10 07:00:00,68.51,69.02,67.91,67.91,637900
2024-04-11 07:00:00,67.65,67.99,67.39,67.57,645500
2024-04-12 07:00:00,67.74,68.42,67.57,68.34,360000
2024-04-15 07:00:00,68.51,69.11,63.62,65.17,1096500
2024-04-16 07:00:00,65.34,65.94,64.31,65.17,1116000
2024-04-17 07:00:00,65.34,65.59,64.39,64.39,650100
2024-04-19 07:00:00,64.39,65.34,64.05,64.31,884100
2024-04-22 07:00:00,64.48,64.82,64.22,64.31,820000
2024-04-23 07:00:00,64.74,64.74,63.45,63.62,474500
2024-04-24 07:00:00,64.31,64.31,63.71,63.97,852300
2024-04-25 07:00:00,63.97,64.22,63.45,63.45,788500
2024-04-26 07:00:00,63.36,63.62,63.02,63.02,774000
2024-05-02 07:00:00,62.59,63.71,62.59,63.36,692000
2024-05-03 07:00:00,63.54,63.97,63.36,63.62,514700
2024-05-06 07:00:00,63.88,64.48,63.88,64.14,890300
2024-05-07 07:00:00,64.65,65.42,64.05,65.42,1496500
2024-05-08 07:00:00,65.51,66.54,64.48,66.37,1383100
2024-05-09 07:00:00,66.45,66.45,65.25,65.25,772400
2024-05-10 07:00:00,65.42,65.85,64.22,64.74,650900
2024-05-13 07:00:00,65.08,65.25,64.31,64.48,630700
2024-05-14 07:00:00,64.74,65.08,64.22,64.48,785300
2024-05-15 07:00:00,64.48,64.99,64.22,64.74,883300
2024-05-16 07:00:00,65.17,65.59,65.08,65.08,1116700
2024-05-17 07:00:00,65.34,65.34,64.74,64.91,965100
2024-05-20 07:00:00,65.25,65.85,65.17,65.17,1110600
2024-05-21 07:00:00,65.34,66.54,65.17,65.77,1696800
2024-05-22 07:00:00,66.28,66.28,65.59,65.68,832300
2024-05-23 07:00:00,65.68,68.51,65.51,68.51,3989500
2024-05-24 07:00:00,69.02,69.88,66.71,67.74,2572800
2024-05-27 07:00:00,67.74,69.71,66.97,69.45,2133900
2024-05-28 07:00:00,70.31,70.65,69.45,70.22,2232700
2024-05-29 07:00:00,71.17,72.45,69.54,70.48,3691900
2024-05-30 07:00:00,70.22,70.57,68.68,69.54,2355400
2024-05-31 07:00:00,69.88,70.05,68.68,68.68,1429500
2024-06-03 07:00:00,69.37,70.05,68.94,68.94,1706000
2024-06-04 07:00:00,68.94,70.22,68.85,69.28,1515300
2024-06-05 07:00:00,69.37,70.48,69.11,69.11,1781200
2024-06-06 07:00:00,69.88,69.88,68.77,68.85,1056200
2024-06-07 07:00:00,69.02,69.45,68.85,68.85,874000
2024-06-10 07:00:00,69.28,69.45,68.85,68.85,1115800
2024-06-11 07:00:00,69.2,69.97,68.85,68.85,2392700
2024-06-12 07:00:00,69.02,69.45,68.68,68.94,1336700
2024-06-13 07:00:00,69.45,69.45,68.77,68.77,1403600
2024-06-14 07:00:00,68.77,69.11,67.74,67.74,2277200
2024-06-17 07:00:00,67.74,67.99,66.54,66.54,1251500
2024-06-18 07:00:00,66.88,67.74,66.88,66.88,938200
2024-06-19 07:00:00,67.05,67.57,66.79,67.05,994100
2024-06-20 07:00:00,67.48,67.65,66.88,66.88,831500
2024-06-21 07:00:00,67.05,67.74,66.79,66.79,1053300
2024-06-24 07:00:00,66.79,67.22,65.51,65.59,1726600
2024-06-25 07:00:00,65.68,66.19,65.42,65.42,1018000
2024-06-26 07:00:00,65.59,65.94,65.25,65.59,1133800
2024-06-27 07:00:00,65.68,66.71,65.59,65.59,1010000
2024-06-28 07:00:00,65.68,66.19,65.59,65.68,660200
2024-07-01 07:00:00,65.77,66.62,65.68,66.62,792100
2024-07-02 07:00:00,66.88,67.14,66.54,67.05,876400
2024-07-03 07:00:00,67.31,67.31,66.88,67.05,640700
2024-07-04 07:00:00,67.22,68.34,67.05,67.05,1165700
2024-07-05 07:00:00,67.31,67.99,67.22,67.39,752100
2024-07-08 07:00:00,67.48,67.82,67.31,67.48,793300
2024-07-09 07:00:00,67.74,67.74,67.22,67.74,1535400
2024-07-10 07:00:00,67.91,68.34,67.31,67.31,1121400
2024-07-11 07:00:00,67.39,67.65,67.05,67.05,728000
2024-07-12 07:00:00,67.48,68.51,66.62,66.88,1232700
2024-07-15 07:00:00,67.74,68.08,67.14,67.14,1208600
2024-07-16 07:00:00,67.74,67.82,67.14,67.14,907800
2024-07-17 07:00:00,67.57,67.57,66.11,66.88,1573000
2024-07-18 07:00:00,66.97,67.39,66.71,66.97,1131900
2024-07-19 07:00:00,66.97,67.22,66.62,66.71,663300
2024-07-22 07:00:00,66.71,66.71,65.68,66.02,1142800
2024-07-23 07:00:00,66.11,66.28,65.85,65.85,656800
2024-07-24 07:00:00,65.77,66.37,65.42,66.02,1006200
2024-07-25 07:00:00,65.94,66.02,65.51,65.85,490600
2024-07-26 07:00:00,65.68,66.19,65.59,66.19,545800
2024-07-29 07:00:00,66.45,66.45,66.02,66.02,362200
2024-07-30 07:00:00,66.02,66.19,65.85,66.19,631600
2024-07-31 07:00:00,66.37,69.02,66.37,68.51,3188600
2024-08-01 07:00:00,68.68,69.54,67.48,67.65,1422900
2024-08-02 07:00:00,66.97,67.65,66.71,67.65,1395600
2024-08-05 07:00:00,66.88,67.31,65.51,65.59,2101300
2024-08-06 07:00:00,65.85,66.88,65.59,66.28,888700
2024-08-07 07:00:00,66.54,68.17,66.54,68.08,1832200
2024-08-08 07:00:00,68.08,70.65,67.65,70.05,3931000
2024-08-09 07:00:00,70.31,70.48,69.37,69.97,1243900
2024-08-12 07:00:00,69.97,71.42,69.62,70.74,1889500
2024-08-13 07:00:00,70.57,70.57,69.54,69.88,1731900
2024-08-14 07:00:00,70.22,71.42,70.14,70.31,2298800
2024-08-15 07:00:00,70.31,70.91,69.62,69.62,1248000
2024-08-16 07:00:00,69.97,71.25,69.45,70.82,2313100
2024-08-19 07:00:00,70.91,72.63,70.82,72.45,3021100
2024-08-20 07:00:00,73.05,73.83,72.45,72.45,2910000
2024-08-21 07:00:00,72.45,73.31,72.37,72.88,2170800
2024-08-22 07:00:00,73.14,73.23,72.28,72.45,1300200
2024-08-23 07:00:00,72.63,73.23,72.54,72.63,891400
2024-08-26 07:00:00,73.05,73.14,71.94,72.2,1215500
2024-08-27 07:00:00,72.45,72.45,71.17,71.6,1795300
2024-08-28 07:00:00,71.42,72.2,71.42,71.85,845500
2024-08-29 07:00:00,71.85,72.11,71.51,71.51,907700
2024-08-30 07:00:00,71.77,72.02,71.42,71.42,958100
2024-09-04 07:00:00,71.17,72.37,71.08,71.94,1377600
2024-09-05 07:00:00,72.37,72.71,71.42,71.42,900300
2024-09-06 07:00:00,72.45,72.45,71.85,72.11,877900
2024-09-09 07:00:00,71.85,73.23,71.77,72.63,1968200
2024-09-10 07:00:00,72.54,73.05,71.6,72.11,1905500
2024-09-11 07:00:00,72.02,72.02,71.17,71.68,1490200
2024-09-12 07:00:00,71.85,72.2,71.51,71.68,1759000
2024-09-13 07:00:00,71.68,71.68,69.89,69.99,2093200
2024-09-16 07:00:00,69.7,69.7,68.39,68.39,1863200
2024-09-17 07:00:00,68.39,68.95,68.1,68.48,764100
2024-09-18 07:00:00,69.04,69.23,68.67,68.86,777600
2024-09-19 07:00:00,68.95,69.14,68.67,69.14,980600
2024-09-20 07:00:00,69.33,69.52,68.76,68.86,998500
2024-09-23 07:00:00,68.86,69.04,68.67,68.76,552300
2024-09-24 07:00:00,68.76,69.61,68.76,69.42,853100
2024-09-25 07:00:00,69.7,69.7,69.23,69.52,665000
2024-09-26 07:00:00,69.52,70.27,69.52,69.7,1109800
2024-09-27 07:00:00,69.89,69.99,69.23,69.23,536000
2024-09-30 07:00:00,69.23,69.33,68.76,68.95,646900
2024-10-01 07:00:00,69.04,69.42,68.76,68.76,1032300
2024-10-02 07:00:00,69.04,69.7,68.67,68.67,1053700
2024-10-03 07:00:00,69.14,69.14,68.29,68.29,793300
2024-10-04 07:00:00,68.57,69.42,68.29,69.04,867900
2024-10-07 07:00:00,69.23,69.42,68.39,68.67,580700
2024-10-08 07:00:00,69.14,69.14,68.39,68.39,637900
2024-10-09 07:00:00,68.39,68.67,68.1,68.48,547200
2024-10-10 07:00:00,68.95,69.33,68.29,69.04,1046200
2024-10-11 07:00:00,69.23,69.42,68.95,68.95,603500
2024-10-14 07:00:00,69.33,69.33,68.48,68.67,526200
2024-10-15 07:00:00,68.48,68.76,68.2,68.48,596300
2024-10-16 07:00:00,68.39,68.48,67.82,67.82,758400
2024-10-17 07:00:00,67.82,68.1,67.07,67.35,739500
2024-10-18 07:00:00,67.44,68.1,67.44,67.54,322500
2024-10-21 07:00:00,67.54,67.54,67.16,67.54,469700
2024-10-22 07:00:00,67.54,67.73,67.07,67.07,545500
2024-10-23 07:00:00,67.07,67.07,66.6,66.78,667000
2024-10-24 07:00:00,66.78,67.07,66.78,66.88,413400
2024-10-25 07:00:00,66.88,67.25,66.78,66.78,322500
2024-10-28 07:00:00,66.78,66.88,66.6,66.6,311300
2024-10-29 07:00:00,66.6,66.97,66.6,66.69,352000
2024-10-30 07:00:00,66.78,67.16,66.5,66.5,318400
2024-10-31 07:00:00,66.88,66.88,66.41,66.41,620200
2024-11-01 07:00:00,66.41,66.6,65.94,66.12,427300
2024-11-04 07:00:00,66.31,66.31,65.84,65.84,461700
2024-11-05 07:00:00,65.84,65.94,65.37,65.56,542000
2024-11-06 07:00:00,65.94,66.97,65.84,66.03,501500
2024-11-07 07:00:00,66.88,66.88,66.03,66.03,372800
2024-11-08 07:00:00,66.12,66.69,65.94,65.94,428800
2024-11-11 07:00:00,66.03,66.41,65.94,66.03,544200
2024-11-12 07:00:00,66.03,66.41,65.75,65.75,425500
2024-11-13 07:00:00,65.94,65.94,64.05,65.47,827600
2024-11-14 07:00:00,65.18,66.22,64.99,64.99,543800
2024-11-15 07:00:00,64.9,65.37,64.62,64.62,774000
2024-11-18 07:00:00,64.62,65.09,64.33,64.99,936700
2024-11-19 07:00:00,65.47,65.65,63.96,63.96,693100
2024-11-20 07:00:00,63.96,64.43,63.58,63.68,711800
2024-11-21 07:00:00,63.86,64.62,63.86,64.24,1167900
2024-11-22 07:00:00,64.62,66.5,64.62,65.18,1015100
2024-11-25 07:00:00,65.37,66.22,65.28,65.28,901200
2024-11-26 07:00:00,65.37,65.84,65.37,65.56,448200
2024-11-27 07:00:00,65.75,65.75,64.99,65.28,417500
2024-11-28 07:00:00,65.28,65.94,65.28,65.28,442900
2024-11-29 07:00:00,65.28,65.75,65.18,65.56,283000
2024-12-02 07:00:00,65.65,65.75,64.99,65.18,404200
2024-12-03 07:00:00,65.28,65.56,64.71,64.71,634300
2024-12-04 07:00:00,64.71,65.18,64.52,64.62,308300
2024-12-05 07:00:00,64.71,65.75,64.52,64.9,630900
2024-12-06 07:00:00,65.84,65.84,64.99,65.18,430800
2024-12-09 07:00:00,65.47,65.47,65.18,65.28,395900
2024-12-10 07:00:00,65.37,65.56,64.99,64.99,402500
2024-12-11 07:00:00,64.99,65.18,64.62,64.71,539000
2024-12-12 07:00:00,64.81,64.99,64.52,64.52,516000
2024-12-13 07:00:00,64.52,64.62,64.24,64.43,348000
2024-12-16 07:00:00,64.52,64.62,64.15,64.15,350100
2024-12-17 07:00:00,64.15,64.52,64.05,64.05,412900
2024-12-18 07:00:00,64.43,64.71,64.33,64.52,504100
2024-12-19 07:00:00,64.24,64.62,64.05,64.52,721400
2024-12-20 07:00:00,64.52,64.81,64.43,64.62,341700
2024-12-23 07:00:00,64.81,65.09,64.52,64.52,563700
2024-12-24 07:00:00,64.62,64.71,64.24,64.24,509800
2024-12-25 07:00:00,64.33,64.9,64.33,64.43,456300
2024-12-26 07:00:00,64.62,65.56,64.52,64.52,997100
2024-12-27 07:00:00,64.71,64.99,64.52,64.52,539900
2024-12-30 07:00:00,64.62,64.81,64.24,64.24,402400
2024-12-31 07:00:00,64.43,64.71,64.15,64.15,770800
2025-01-02 07:00:00,64.33,64.52,64.05,64.15,427800
2025-01-03 07:00:00,64.15,64.43,64.05,64.05,460500
2025-01-06 07:00:00,64.05,64.24,63.39,63.58,673300
2025-01-07 07:00:00,63.68,63.96,63.02,63.11,683200
2025-01-08 07:00:00,63.11,63.3,62.73,63.2,521700
2025-01-09 07:00:00,63.3,63.58,62.92,63.11,369400
2025-01-10 07:00:00,63.11,63.58,62.83,62.83,422600
2025-01-13 07:00:00,62.83,63.2,62.36,62.55,542400
2025-01-14 07:00:00,62.64,63.49,62.64,63.02,397300
2025-01-15 07:00:00,63.3,63.49,62.92,62.92,395000
2025-01-16 07:00:00,63.2,63.39,62.73,63.02,493400
2025-01-17 07:00:00,63.3,63.3,62.73,62.92,321700
2025-01-20 07:00:00,63.3,64.24,62.92,63.77,662000
2025-01-21 07:00:00,64.05,64.15,63.2,63.2,349300
2025-01-22 07:00:00,63.58,63.58,62.83,62.92,313300
2025-01-23 07:00:00,62.92,63.3,62.83,63.11,317100
2025-01-24 07:00:00,63.11,63.96,62.92,63.96,432300
2025-02-03 07:00:00,63.86,63.86,63.02,63.2,463200
2025-02-04 07:00:00,63.02,63.39,63.02,63.2,398400
2025-02-05 07:00:00,63.58,64.15,63.49,63.86,652400
2025-02-06 07:00:00,64.24,64.24,63.58,63.68,539300
2025-02-07 07:00:00,63.68,64.05,63.39,63.39,818200
2025-02-10 07:00:00,63.3,63.68,63.02,63.39,732900
2025-02-11 07:00:00,63.39,63.96,62.64,63.11,671300
2025-02-12 07:00:00,63.11,63.58,63.11,63.2,344200
2025-02-13 07:00:00,63.2,63.2,62.73,62.83,650700
2025-02-14 07:00:00,63.39,63.96,63.11,63.77,1147200
2025-02-17 07:00:00,63.77,64.43,63.58,63.86,762900
2025-02-18 07:00:00,64.05,64.33,63.77,64.05,634400
2025-02-19 07:00:00,64.24,64.99,63.96,64.71,1389800
2025-02-20 07:00:00,65.18,65.28,64.52,64.81,601500
2025-02-21 07:00:00,64.62,64.81,64.24,64.43,767500
2025-02-24 07:00:00,64.24,64.81,63.86,64.62,1066000
2025-02-25 07:00:00,64.71,65.28,64.33,64.71,809600
2025-02-26 07:00:00,64.71,64.9,64.43,64.43,519300
2025-02-27 07:00:00,64.43,64.62,63.96,64.05,809600
2025-02-28 07:00:00,64.15,64.71,64.05,64.05,787600
2025-03-03 07:00:00,64.15,64.71,64.15,64.62,647800
2025-03-04 07:00:00,64.62,65.37,64.33,65.09,1445200
2025-03-05 07:00:00,65.18,65.28,64.43,64.43,740500
2025-03-06 07:00:00,64.33,64.52,64.15,64.33,829800
2025-03-07 07:00:00,64.33,64.43,63.77,63.86,1398100
2025-03-10 07:00:00,64.15,64.24,63.3,63.86,1420900
2025-03-11 07:00:00,63.68,63.77,63.11,63.49,523600
2025-03-12 07:00:00,63.86,64.33,63.49,63.96,761300
2025-03-13 07:00:00,63.96,64.81,63.86,64.33,1088000
2025-03-14 07:00:00,64.24,64.33,63.39,63.77,942800
2025-03-17 07:00:00,63.86,64.43,63.77,64.24,1117200
2025-03-18 07:00:00,64.62,65.84,64.15,65.09,2797200
2025-03-19 07:00:00,65.09,65.75,64.62,64.81,703700
2025-03-20 07:00:00,64.71,65.09,64.15,64.62,750000
2025-03-21 07:00:00,64.52,64.62,63.77,63.77,1173400
2025-03-24 07:00:00,64.05,64.05,63.11,63.3,1195100
2025-03-25 07:00:00,63.58,63.68,63.2,63.3,767600
2025-03-26 07:00:00,63.39,64.24,63.3,63.58,548300
2025-03-27 07:00:00,63.68,64.05,63.2,63.3,426500
2025-03-28 07:00:00,63.49,63.49,62.92,62.92,771800
2025-03-31 07:00:00,62.92,62.92,62.17,62.92,727900
2025-04-01 07:00:00,63.02,63.86,62.83,63.58,870900
2025-04-02 07:00:00,63.3,63.68,63.11,63.2,254300
2025-04-03 07:00:00,59.81,61.6,58.87,58.87,2014500
2025-04-04 07:00:00,54.82,57.27,54.82,55.29,2745000
2025-04-08 07:00:00,52.75,53.03,51.43,51.43,2632500
2025-04-09 07:00:00,47.85,52.75,47.85,47.85,2768600
2025-04-10 07:00:00,51.15,51.15,51.15,51.15,57500
2025-04-11 07:00:00,54.73,54.73,52.56,54.73,2256900
2025-04-14 07:00:00,56.33,56.33,55.2,55.76,1092600
2025-04-15 07:00:00,55.57,55.86,54.73,54.82,840700
2025-04-16 07:00:00,54.82,55.39,53.79,54.73,628800
2025-04-17 07:00:00,53.97,54.92,53.69,54.73,483900
2025-04-18 07:00:00,55.01,55.95,54.92,55.01,656600
2025-04-21 07:00:00,55.01,55.29,54.44,54.73,300000
2025-04-22 07:00:00,53.79,54.73,51.15,54.16,1110400
2025-04-23 07:00:00,54.73,55.2,54.07,54.16,698300
2025-04-24 07:00:00,54.16,54.63,53.97,54.16,410200
2025-04-25 07:00:00,54.26,55.1,54.16,55.1,913600
2025-04-28 07:00:00,55.01,55.1,54.73,55.01,271300
2025-04-29 07:00:00,55.01,55.01,54.82,54.92,310200
2025-05-05 07:00:00,55.01,55.29,54.44,55.1,658500
2025-05-06 07:00:00,55.39,56.33,55.2,56.14,899900
2025-05-07 07:00:00,56.14,57.93,56.14,56.99,884100
2025-05-08 07:00:00,57.46,58.12,57.18,57.84,861800
2025-05-09 07:00:00,58.02,58.4,57.27,57.55,491700
2025-05-12 07:00:00,57.46,58.87,57.46,58.68,834300
2025-05-13 07:00:00,58.87,58.97,58.21,58.4,666800
2025-05-14 07:00:00,58.4,58.68,58.02,58.31,655600
2025-05-15 07:00:00,58.31,58.49,57.84,58.4,668800
2025-05-16 07:00:00,58.4,58.4,57.84,58.21,297500
2025-05-19 07:00:00,57.27,57.65,57.18,57.18,584300
2025-05-20 07:00:00,57.27,57.27,56.52,56.99,605100
2025-05-21 07:00:00,56.99,57.36,56.71,56.8,315100
2025-05-22 07:00:00,56.89,57.93,56.89,57.46,760400
2025-05-23 07:00:00,57.55,59.72,57.55,59.34,1312500
2025-05-26 07:00:00,59.44,59.81,57.93,59.34,631800
2025-05-27 07:00:00,59.81,60.19,59.25,60.0,778400
2025-05-28 07:00:00,60.28,60.94,60.28,60.38,1151600
2025-05-29 07:00:00,60.28,60.47,60.0,60.28,672900
2025-05-30 07:00:00,60.28,61.51,60.28,61.23,1361400
2025-06-02 07:00:00,60.94,61.79,60.38,61.7,723700
2025-06-03 07:00:00,61.7,62.07,61.51,61.98,743200
2025-06-04 07:00:00,61.98,61.98,60.94,61.04,740200
2025-06-05 07:00:00,61.04,61.04,59.81,60.1,805500
2025-06-06 07:00:00,60.1,60.1,59.15,59.34,871500
2025-06-09 07:00:00,59.44,60.1,59.15,59.63,553700
2025-06-10 07:00:00,59.63,59.91,59.06,59.25,427500
2025-06-11 07:00:00,59.34,59.63,58.78,58.97,489700
2025-06-12 07:00:00,59.81,59.81,58.97,59.15,479700
2025-06-13 07:00:00,60.66,62.17,60.0,60.66,3697000
2025-06-16 07:00:00,62.17,64.9,61.89,64.9,3178200
2025-06-17 07:00:00,65.56,65.84,64.24,65.28,2768300
2025-06-18 07:00:00,65.94,67.16,65.18,66.78,2662500
2025-06-19 07:00:00,66.78,68.1,66.03,67.63,2684700
2025-06-20 07:00:00,67.82,67.82,65.28,65.47,1741900
2025-06-23 07:00:00,69.33,69.33,67.44,68.39,2938600
2025-06-24 07:00:00,64.15,66.31,64.15,65.09,2630300
2025-06-25 07:00:00,64.81,64.9,63.58,63.58,1723200
2025-06-26 07:00:00,63.77,64.52,63.58,64.52,761500
2025-06-27 07:00:00,64.52,64.62,63.68,64.05,700400
2025-06-30 07:00:00,64.24,64.33,63.39,63.86,673500
2025-07-01 07:00:00,63.58,63.86,62.55,62.55,857400
2025-07-02 07:00:00,62.55,63.11,62.36,62.55,563600
2025-07-03 07:00:00,63.02,63.58,62.36,62.36,912600
2025-07-04 07:00:00,62.55,62.83,62.36,62.55,556000
2025-07-07 07:00:00,62.83,62.83,62.55,62.64,501100
2025-07-08 07:00:00,63.2,63.77,62.83,63.77,910200
2025-07-09 07:00:00,63.96,64.05,63.68,64.05,951700
2025-07-10 07:00:00,64.15,64.9,63.68,64.43,1136600
2025-07-11 07:00:00,64.15,64.52,63.68,63.96,686500
2025-07-14 07:00:00,64.52,64.62,63.96,64.24,770100
2025-07-15 07:00:00,64.24,64.52,63.77,63.77,801200
2025-07-16 07:00:00,63.77,63.96,63.3,63.49,525200
2025-07-17 07:00:00,63.58,63.96,63.11,63.77,1392400
2025-07-18 07:00:00,63.96,64.52,63.49,64.15,902000
2025-07-21 07:00:00,64.24,64.24,63.3,63.58,725600
2025-07-22 07:00:00,63.77,63.96,63.2,63.96,653600
2025-07-23 07:00:00,64.15,65.28,63.68,64.99,1701700
2025-07-24 07:00:00,65.09,66.12,64.99,65.09,1234800
2025-07-25 07:00:00,65.09,65.94,64.71,64.71,1098700
2025-07-28 07:00:00,65.09,65.37,64.33,64.9,1177700
2025-07-29 07:00:00,64.9,66.41,64.05,64.05,2108400
2025-07-30 07:00:00,64.71,64.71,63.3,63.96,903500
2025-07-31 07:00:00,65.56,65.56,63.68,63.77,839700
2025-08-01 07:00:00,64.24,64.24,63.39,63.68,889400
2025-08-04 07:00:00,63.77,64.81,63.58,64.05,2046300
2025-08-05 07:00:00,64.43,65.37,63.49,63.86,2020900
2025-08-06 07:00:00,63.86,65.28,63.86,65.28,1299600
2025-08-07 07:00:00,65.84,65.84,64.62,65.09,977200
2025-08-08 07:00:00,65.37,66.78,64.99,66.12,2210600
2025-08-11 07:00:00,66.22,67.07,66.03,66.31,1228900
2025-08-12 07:00:00,66.31,67.16,65.94,66.41,1692600
2025-08-13 07:00:00,66.5,66.78,65.28,65.94,1887300
2025-08-14 07:00:00,66.12,66.22,65.18,65.65,1225100
2025-08-15 07:00:00,65.94,67.35,65.37,65.65,1676700
2025-08-18 07:00:00,66.97,66.97,65.56,65.94,1175100
2025-08-19 07:00:00,66.22,66.69,65.75,65.84,1326000
2025-08-20 07:00:00,65.94,66.03,63.58,64.33,1685400
2025-08-21 07:00:00,64.99,65.47,64.05,65.28,1060400
2025-08-22 07:00:00,64.99,65.09,64.05,64.05,1195000
2025-08-25 07:00:00,64.9,65.56,64.52,64.71,967000
2025-08-26 07:00:00,64.81,65.47,64.71,65.47,777700
2025-08-27 07:00:00,65.65,65.65,64.71,64.9,1390500
2025-08-28 07:00:00,65.5,65.5,64.7,64.9,768200
2025-08-29 07:00:00,65.0,65.0,63.8,63.8,1475500
2025-09-03 07:00:00,64.2,64.4,63.4,63.8,894200
2025-09-04 07:00:00,63.9,64.2,63.8,64.2,719500
2025-09-05 07:00:00,64.9,65.2,63.6,63.8,1217800
2025-09-08 07:00:00,63.8,64.2,62.6,62.6,1293800
2025-09-09 07:00:00,63.0,63.1,61.6,62.1,1258200
2025-09-10 07:00:00,62.1,62.5,61.7,61.9,756900
2025-09-11 07:00:00,62.4,62.6,61.3,62.0,810900
2025-09-12 07:00:00,62.3,62.9,61.7,62.5,556100
2025-09-15 07:00:00,62.6,63.3,62.6,63.2,651000
2025-09-16 07:00:00,63.6,63.6,62.7,62.7,773700
2025-09-17 07:00:00,62.8,64.3,62.8,64.0,1489100
2025-09-18 07:00:00,64.0,64.1,62.9,63.0,731300
2025-09-19 07:00:00,63.3,63.3,62.5,62.5,658200
2025-09-22 07:00:00,62.4,62.5,61.2,61.8,883600
2025-09-23 07:00:00,61.9,62.0,61.2,61.6,544500
2025-09-24 07:00:00,61.6,61.7,61.1,61.6,558200
2025-09-25 07:00:00,62.0,62.3,61.8,61.9,550000
2025-09-26 07:00:00,62.3,62.4,61.5,61.5,265100
2025-09-29 07:00:00,61.6,62.0,61.4,61.5,381300
2025-09-30 07:00:00,61.5,61.7,60.4,60.4,647500
2025-10-01 07:00:00,60.5,60.9,60.5,60.6,211700
2025-10-02 07:00:00,60.7,61.0,60.3,60.3,454300
2025-10-03 07:00:00,60.2,60.5,60.0,60.1,470400
2025-10-06 07:00:00,61.1,61.1,60.2,60.8,420400
2025-10-07 07:00:00,61.1,61.1,60.6,60.9,302600
2025-10-08 07:00:00,61.2,61.6,60.9,60.9,379300
2025-10-09 07:00:00,60.9,61.4,60.6,60.9,363100
2025-10-10 07:00:00,60.9,61.2,60.6,60.9,592500
2025-10-13 07:00:00,60.1,60.9,60.1,60.6,516900
2025-10-14 07:00:00,60.9,60.9,60.0,60.0,568000
2025-10-15 07:00:00,60.0,60.2,58.8,59.0,1271300
2025-10-16 07:00:00,58.8,59.2,58.5,58.7,956300
2025-10-17 07:00:00,58.7,59.2,58.5,58.6,320000
2025-10-20 07:00:00,58.6,59.5,57.0,57.0,604700
2025-10-21 07:00:00,57.3,58.8,56.0,56.0,837900
2025-10-22 07:00:00,57.2,59.0,57.2,59.0,1023700
2025-10-23 07:00:00,60.0,60.7,59.5,59.8,554800
2025-10-24 07:00:00,60.4,60.8,59.6,59.6,643300
2025-10-27 07:00:00,60.2,60.2,59.3,59.3,512900
2025-10-28 07:00:00,59.3,60.2,59.1,60.0,660100
2025-10-29 07:00:00,60.1,61.2,60.0,60.2,639500
2025-10-30 07:00:00,60.2,60.8,59.7,59.7,460400
2025-10-31 07:00:00,59.8,62.3,59.8,61.6,1173700
2025-11-03 07:00:00,62.0,62.9,61.5,61.5,1095100
2025-11-04 07:00:00,62.1,62.2,60.1,60.5,1008600
2025-11-05 07:00:00,60.7,63.6,60.6,63.0,1680600
2025-11-06 07:00:00,63.3,63.3,61.7,62.1,626000
2025-11-07 07:00:00,61.8,62.9,61.0,62.9,1225100
2025-11-10 07:00:00,62.8,62.8,61.0,61.2,738300
2025-11-11 07:00:00,61.3,62.0,60.9,61.1,553500
2025-11-12 07:00:00,61.5,62.0,60.6,61.9,648800
2025-11-13 07:00:00,61.7,63.5,61.4,62.9,1158200
2025-11-14 07:00:00,62.9,63.4,62.5,62.8,496800
2025-11-17 07:00:00,63.2,63.8,62.0,63.0,689000
2025-11-18 07:00:00,63.4,63.4,62.1,62.4,749600
2025-11-19 07:00:00,62.5,62.8,62.0,62.2,380800
2025-11-20 07:00:00,62.2,62.3,61.7,62.1,392000
2025-11-21 07:00:00,61.6,61.9,61.0,61.9,467300
2025-11-24 07:00:00,61.9,62.0,61.0,61.0,390000
2025-11-25 07:00:00,61.0,61.4,60.8,60.8,405700
2025-11-26 07:00:00,60.8,62.0,60.7,62.0,529300
2025-11-27 07:00:00,61.9,63.1,61.5,63.0,1562200
2025-11-28 07:00:00,63.0,63.8,62.5,63.4,1243100
2025-12-01 07:00:00,63.4,65.8,63.4,65.4,2743800
2025-12-02 07:00:00,65.4,66.1,64.8,66.1,1960300
2025-12-03 07:00:00,66.2,66.2,64.3,64.5,1151400
2025-12-04 07:00:00,64.6,65.0,64.1,65.0,1027400
2025-12-05 07:00:00,65.2,65.2,64.0,64.0,735600
2025-12-08 07:00:00,64.1,65.4,63.6,65.4,1050700
2025-12-09 07:00:00,65.3,65.3,63.6,64.0,731000
2025-12-10 07:00:00,63.9,64.1,63.4,63.5,443900
2025-12-11 07:00:00,63.6,63.9,62.5,62.6,470100
2025-12-12 07:00:00,62.6,62.9,61.3,61.3,598400
2025-12-15 07:00:00,61.3,62.4,61.0,62.1,620600
2025-12-16 07:00:00,62.5,64.3,62.1,64.3,870400
2025-12-17 07:00:00,64.2,64.8,62.9,62.9,532900
2025-12-18 07:00:00,63.6,63.8,62.4,63.3,625000
2025-12-19 07:00:00,63.6,64.0,63.0,64.0,658000
2025-12-22 07:00:00,64.3,65.3,64.2,65.3,1262800
2025-12-23 07:00:00,65.3,66.3,64.6,65.3,1512400
2025-12-24 07:00:00,65.4,66.1,64.4,66.1,1526800
2025-12-25 07:00:00,66.1,69.3,65.5,69.2,3702300
2025-12-26 07:00:00,69.0,70.9,68.0,70.5,2428400
2025-12-29 07:00:00,70.6,75.4,70.2,75.1,5613700
2025-12-30 07:00:00,75.1,75.7,73.8,74.9,1764400
2025-12-31 07:00:00,74.5,75.8,72.4,72.4,1872800
2026-01-05 07:00:00,73.1,77.4,72.8,77.4,5364200
2026-01-06 07:00:00,77.8,82.8,77.8,82.8,4730300
2026-01-07 07:00:00,85.2,88.5,85.2,88.5,4173200
2026-01-08 07:00:00,93.5,94.6,90.0,91.6,6171100
2026-01-09 07:00:00,90.6,98.0,89.8,97.1,4592600
2026-01-12 07:00:00,101.0,102.5,94.5,97.0,5514400
2026-01-13 07:00:00,97.0,103.7,96.0,103.7,4960100
2026-01-14 07:00:00,107.0,110.9,100.0,107.0,4910800
2026-01-15 07:00:00,106.9,107.1,102.3,103.0,3558000
2026-01-16 07:00:00,103.2,107.2,99.8,99.8,4537900
2026-01-19 07:00:00,100.0,106.2,98.1,105.8,4498200
2026-01-20 07:00:00,106.0,110.8,104.0,104.5,3888800
2026-01-21 07:00:00,101.2,110.0,101.0,110.0,4569400
2026-01-22 07:00:00,110.5,110.5,104.7,104.8,4035100
2026-01-23 07:00:00,104.8,106.3,99.2,100.8,3428600
2026-01-26 07:00:00,100.5,107.8,100.5,107.8,6102800
2026-01-27 07:00:00,109.8,115.3,109.0,115.3,5889900
2026-01-28 07:00:00,121.0,122.8,115.0,118.0,7140900
2026-01-29 07:00:00,118.5,118.5,111.3,116.8,3705700
2026-01-30 07:00:00,116.8,122.0,115.8,117.0,3644900
2026-02-02 07:00:00,113.9,116.8,110.0,114.5,5534800
2026-02-03 07:00:00,115.8,121.9,113.1,117.0,3319000
2026-02-04 07:00:00,117.0,120.0,114.3,115.8,2275800
2026-02-05 07:00:00,115.8,116.8,112.0,112.0,2555300
2026-02-06 07:00:00,110.0,118.8,109.5,115.0,3964600
2026-02-09 07:00:00,117.0,117.8,114.5,115.7,901300
2026-02-10 07:00:00,115.9,119.6,107.7,107.7,6158900
2026-02-11 07:00:00,105.8,107.4,102.0,102.0,3230600
2026-02-12 07:00:00,106.2,106.2,101.0,101.4,2700300
2026-02-13 07:00:00,101.5,103.7,99.7,101.6,2039200
2026-02-23 07:00:00,104.9,108.7,104.9,108.7,956400
2026-02-24 07:00:00,112.0,112.4,107.1,110.5,4780400
2026-02-25 07:00:00,110.5,117.5,108.0,110.0,3689100
2026-02-26 07:00:00,111.0,111.0,105.5,106.0,3151900
2026-02-27 07:00:00,106.0,111.9,105.5,107.9,2827100
2026-03-02 07:00:00,115.3,115.4,112.5,115.4,3660300
2026-03-03 07:00:00,119.9,123.4,111.0,123.4,7680200
2026-03-04 07:00:00,124.0,131.5,121.8,128.7,4554900
2026-03-05 07:00:00,126.0,126.9,119.7,119.7,5317800
2026-03-06 07:00:00,118.6,118.6,112.0,112.1,4731500
2026-03-09 07:00:00,116.0,116.3,104.3,104.3,5387400
2026-03-10 07:00:00,104.0,107.5,97.0,97.0,3885500
2026-03-11 07:00:00,93.3,103.0,93.2,103.0,4146800
2026-03-12 07:00:00,103.0,103.0,98.7,98.7,1736400
2026-03-13 07:00:00,97.9,101.3,91.8,91.8,4442600
2026-03-16 07:00:00,91.0,91.1,85.4,87.9,5461400
2026-03-17 07:00:00,89.0,90.4,86.0,86.4,1712800
2026-03-18 07:00:00,86.4,92.4,86.4,91.7,2627100
2026-03-19 07:00:00,92.3,92.4,87.4,88.1,2140100
2026-03-20 07:00:00,88.1,88.8,82.0,82.0,3150400
2026-03-23 07:00:00,78.5,83.6,78.5,80.5,2980000
2026-03-24 07:00:00,82.0,82.7,78.8,80.7,1892400
2026-03-25 07:00:00,82.0,84.7,81.2,82.5,2006800
2026-03-26 07:00:00,83.0,83.0,79.8,80.3,1290400
2026-03-27 07:00:00,80.4,82.6,79.9,82.1,2023700
2026-03-30 07:00:00,82.1,83.2,80.4,80.8,2027000
2026-03-31 07:00:00,81.6,81.6,78.1,78.3,2432200
2026-04-01 07:00:00,80.0,81.3,79.6,80.0,1876800
2026-04-02 07:00:00,80.0,81.1,78.7,78.7,1167900
2026-04-03 07:00:00,80.0,80.9,79.6,79.7,1931200
2026-04-06 07:00:00,80.2,80.3,78.1,78.5,1170800
2026-04-07 07:00:00,78.5,79.4,75.8,77.3,1236400
2026-04-08 07:00:00,79.0,80.4,78.3,79.9,1438600
2026-04-09 07:00:00,79.9,79.9,78.1,78.4,1051600
2026-04-10 07:00:00,78.6,82.4,78.2,80.7,2856700
2026-04-13 07:00:00,81.2,82.2,80.6,80.7,948300
2026-04-14 07:00:00,81.0,81.6,79.1,79.3,1205900
2026-04-15 07:00:00,79.8,80.5,79.1,79.2,1038400
2026-04-16 07:00:00,79.2,80.2,78.1,78.4,1169300
2026-04-17 07:00:00,78.6,80.4,78.1,80.1,1249000
2026-04-20 07:00:00,80.0,81.3,79.0,79.2,1205300
2026-04-21 07:00:00,79.3,80.1,78.5,78.7,1356000
2026-04-22 07:00:00,79.0,79.8,78.1,78.1,760600
2026-04-23 07:00:00,78.1,79.5,75.9,77.4,1488800
2026-04-24 07:00:00,77.6,80.0,77.5,78.3,1193000
2026-04-28 07:00:00,78.0,78.2,73.1,73.5,1966400
2026-04-29 07:00:00,73.5,75.4,73.0,75.2,1268600
2026-05-04 07:00:00,77.0,79.9,76.2,76.5,1660000
2026-05-05 07:00:00,76.7,78.3,76.1,77.7,1319800
2026-05-06 07:00:00,78.0,80.5,77.6,79.2,2983000
2026-05-07 07:00:00,78.4,79.0,76.0,76.0,2302900
2026-05-08 07:00:00,76.9,77.3,74.5,74.7,1415100
2026-05-11 07:00:00,75.1,75.5,73.4,73.6,1835100
2026-05-12 07:00:00,73.9,77.1,73.8,76.5,1557500
2026-05-13 07:00:00,76.5,81.8,75.7,81.8,6350300
2026-05-14 07:00:00,84.5,85.8,83.2,83.6,4068100
2026-05-15 07:00:00,82.8,89.4,82.6,89.4,4986200
2026-05-18 07:00:00,91.7,95.5,90.2,93.0,4078700
2026-05-19 07:00:00,94.1,94.2,86.5,86.5,5410100
2026-05-20 07:00:00,85.6,89.7,81.1,89.7,4912400
2026-05-21 07:00:00,89.5,89.5,86.2,87.3,1357100
2026-05-22 07:00:00,87.1,87.8,84.3,84.9,1642900
2026-05-25 07:00:00,82.3,83.5,81.0,82.0,2341800
2026-05-26 07:00:00,83.5,84.3,82.3,82.5,976400
2026-05-27 07:00:00,82.5,83.7,81.5,81.5,902800
2026-05-28 07:00:00,81.5,83.8,79.5,81.7,2476900
2026-05-29 07:00:00,81.1,87.4,80.2,87.4,3155800
2026-06-01 07:00:00,88.0,88.2,84.2,84.2,1357900
2026-06-02 07:00:00,85.1,85.5,81.8,82.2,1514300
2026-06-03 07:00:00,82.2,85.5,82.2,84.5,1015900
2026-06-04 07:00:00,85.8,89.2,85.1,85.2,1871600
2026-06-05 07:00:00,85.2,87.8,83.8,85.0,1317900
2026-06-08 07:00:00,83.6,85.7,83.3,83.9,1058600
2026-06-09 07:00:00,84.5,84.5,81.9,82.4,906800
2026-06-10 07:00:00,82.1,83.9,81.9,82.5,509100
2026-06-11 07:00:00,83.3,84.5,82.5,82.5,530400
2026-06-12 07:00:00,82.5,87.1,82.0,85.1,1976800
2026-06-15 07:00:00,83.3,84.3,81.8,82.6,1531900
2026-06-16 07:00:00,82.6,83.7,79.7,81.8,1617400
2026-06-17 07:00:00,81.6,82.8,80.0,80.9,1031800
2026-06-18 07:00:00,80.0,82.6,80.0,81.8,949100
2026-06-19 07:00:00,81.7,81.8,80.5,81.2,478800
2026-06-22 07:00:00,81.6,82.6,81.1,81.7,702900
2026-06-23 07:00:00,81.4,82.1,78.7,78.9,2252100
2026-06-24 07:00:00,78.2,80.5,76.4,79.3,2046800
2026-06-25 07:00:00,78.5,79.3,77.5,77.5,868700
2026-06-26 07:00:00,77.8,78.5,77.0,77.0,618600
2026-06-29 07:00:00,77.2,78.7,77.0,77.7,606800
2026-06-30 07:00:00,77.7,78.4,77.1,77.4,510400
2026-07-01 07:00:00,77.5,79.9,77.5,78.0,741600
2026-07-02 07:00:00,78.0,78.2,77.3,77.3,453500
2026-07-03 07:00:00,77.4,77.7,75.3,75.3,1649400
2026-07-06 07:00:00,75.5,75.5,73.0,74.0,1615900
2026-07-07 07:00:00,74.1,75.4,73.3,73.8,648400
2026-07-08 07:00:00,74.8,75.9,74.7,74.8,648000
2026-07-09 07:00:00,75.1,78.5,75.1,77.0,1998200
2026-07-10 07:00:00,77.0,77.2,75.2,75.2,512700
2026-07-13 07:00:00,76.5,77.5,74.5,75.4,909400
2026-07-14 07:00:00,76.5,78.8,76.0,78.5,2251800
2026-07-15 07:00:00,78.8,78.8,77.2,77.6,946200
2026-07-16 07:00:00,77.6,78.0,75.7,77.4,988000
2026-07-17 07:00:00,77.4,77.4,76.0,76.2,569800
2026-07-20 07:00:00,76.6,77.6,72.0,73.1,870100
2026-07-21 07:00:00,73.1,74.3,68.0,68.0,4293300
2026-07-22 07:00:00,68.0,69.0,64.4,64.4,2734100
2026-07-23 07:00:00,64.7,66.8,64.7,66.8,1510800
2026-07-24 07:00:00,67.0,68.8,67.0,67.2,1050700
2026-07-27 07:00:00,67.0,68.5,66.2,66.9,850800
2026-07-28 07:00:00,66.7,67.3,66.1,67.0,619600
2026-07-29 07:00:00,66.9,68.5,66.9,67.9,993000
2026-07-30 07:00:00,69.0,69.3,68.0,68.7,945900
2026-07-31 07:00:00,69.8,69.8,68.1,68.6,968600
2026-08-03 07:00:00,68.6,71.2,68.1,71.2,1150500
2026-08-04 07:00:00,71.2,71.2,69.2,69.9,852900
2026-08-05 07:00:00,69.8,70.5,68.9,70.5,1138300
2026-08-06 07:00:00,70.5,71.4,69.8,69.8,674200
2026-08-07 07:00:00,70.5,74.6,70.4,74.6,2114300
