time,open,high,low,close,volume
2018-08-09 07:00:00,6.61,6.66,6.51,6.54,29690
2018-08-10 07:00:00,6.54,6.54,6.45,6.45,112870
2018-08-13 07:00:00,6.45,6.45,6.34,6.36,15620
2018-08-14 07:00:00,6.28,6.32,6.26,6.26,33290
2018-08-15 07:00:00,6.17,6.39,6.17,6.27,34630
2018-08-16 07:00:00,6.27,6.41,6.25,6.41,80150
2018-08-17 07:00:00,6.5,6.83,6.5,6.64,104990
2018-08-20 07:00:00,6.64,6.98,6.64,6.82,138850
2018-08-21 07:00:00,6.93,7.08,6.93,7.08,331050
2018-08-22 07:00:00,7.09,7.33,7.01,7.13,183220
2018-08-23 07:00:00,7.27,7.28,7.13,7.16,150740
2018-08-24 07:00:00,7.2,7.21,7.06,7.12,152840
2018-08-27 07:00:00,7.12,7.22,7.12,7.13,236270
2018-08-28 07:00:00,7.24,7.56,7.21,7.52,265970
2018-08-29 07:00:00,7.63,7.79,7.58,7.76,185930
2018-08-30 07:00:00,7.94,7.94,7.67,7.79,195350
2018-08-31 07:00:00,7.76,7.8,7.65,7.68,217960
2018-09-04 07:00:00,7.7,7.9,7.63,7.65,153690
2018-09-05 07:00:00,7.65,7.72,7.27,7.67,293330
2018-09-06 07:00:00,7.67,7.7,7.49,7.57,172280
2018-09-07 07:00:00,7.57,7.66,7.49,7.57,131090
2018-09-10 07:00:00,7.56,7.79,7.52,7.64,112460
2018-09-11 07:00:00,7.63,8.17,7.63,8.17,461460
2018-09-12 07:00:00,8.17,8.4,8.15,8.22,272170
2018-09-13 07:00:00,8.26,8.26,8.12,8.19,202450
2018-09-14 07:00:00,8.19,8.46,8.15,8.35,261200
2018-09-17 07:00:00,8.42,8.69,8.37,8.58,290600
2018-09-18 07:00:00,8.62,8.69,8.46,8.69,195320
2018-09-19 07:00:00,8.78,8.91,8.61,8.62,300490
2018-09-20 07:00:00,8.62,8.69,8.46,8.6,183940
2018-09-21 07:00:00,8.6,9.0,8.6,8.76,192950
2018-09-24 07:00:00,8.85,8.87,8.7,8.71,158260
2018-09-25 07:00:00,8.71,8.94,8.69,8.91,309950
2018-09-26 07:00:00,8.8,8.98,8.8,8.87,180600
2018-09-27 07:00:00,8.91,8.91,8.67,8.71,229580
2018-09-28 07:00:00,8.69,8.85,8.69,8.73,170340
2018-10-01 07:00:00,8.79,9.07,8.71,8.96,319170
2018-10-02 07:00:00,8.98,9.14,8.84,9.0,236600
2018-10-03 07:00:00,9.0,9.02,8.78,8.82,196360
2018-10-04 07:00:00,8.82,8.87,8.73,8.74,152170
2018-10-05 07:00:00,8.69,8.88,8.6,8.63,270510
2018-10-08 07:00:00,8.64,8.73,8.52,8.65,254470
2018-10-09 07:00:00,8.65,8.89,8.65,8.78,236460
2018-10-10 07:00:00,8.85,8.87,8.67,8.69,147760
2018-10-11 07:00:00,8.46,8.53,8.15,8.15,417940
2018-10-12 07:00:00,8.12,8.46,8.1,8.44,181080
2018-10-15 07:00:00,8.44,8.46,8.24,8.35,48890
2018-10-16 07:00:00,8.35,8.55,8.28,8.3,163300
2018-10-17 07:00:00,8.44,8.48,8.35,8.48,153400
2018-10-18 07:00:00,8.46,8.51,8.36,8.4,157220
2018-10-19 07:00:00,8.3,8.37,8.26,8.35,99550
2018-10-22 07:00:00,8.48,8.48,8.3,8.3,116180
2018-10-23 07:00:00,8.26,8.33,7.85,8.07,235780
2018-10-24 07:00:00,8.01,8.01,7.54,7.54,200590
2018-10-25 07:00:00,7.22,7.45,7.02,7.42,1531630
2018-10-26 07:00:00,7.49,7.52,7.29,7.37,282200
2018-10-29 07:00:00,7.37,7.45,7.22,7.45,313390
2018-10-30 07:00:00,7.24,7.55,7.24,7.42,401250
2018-10-31 07:00:00,7.38,7.65,7.38,7.65,398380
2018-11-01 07:00:00,7.65,7.9,7.49,7.63,443440
2018-11-02 07:00:00,7.63,7.88,7.63,7.85,253950
2018-11-05 07:00:00,7.88,7.88,7.7,7.81,334760
2018-11-06 07:00:00,7.81,7.88,7.67,7.73,467050
2018-11-07 07:00:00,7.74,7.82,7.49,7.67,184740
2018-11-08 07:00:00,7.76,7.76,7.36,7.36,438890
2018-11-09 07:00:00,7.31,7.4,7.0,7.02,381170
2018-11-12 07:00:00,6.86,7.33,6.84,7.32,237320
2018-11-13 07:00:00,7.32,7.36,7.18,7.18,232940
2018-11-14 07:00:00,7.22,7.31,7.11,7.2,152210
2018-11-15 07:00:00,7.24,7.56,7.21,7.39,318130
2018-11-16 07:00:00,7.39,7.65,7.39,7.65,207200
2018-11-19 07:00:00,7.66,7.67,7.45,7.67,177750
2018-11-20 07:00:00,7.67,7.8,7.57,7.72,209290
2018-11-21 07:00:00,7.72,7.72,7.56,7.71,143390
2018-11-22 07:00:00,7.83,7.83,7.71,7.73,110540
2018-11-23 07:00:00,7.83,7.85,7.73,7.78,206280
2018-11-26 07:00:00,7.67,7.8,7.6,7.6,223350
2018-11-27 07:00:00,7.66,7.67,7.48,7.48,229100
2018-11-28 07:00:00,7.48,7.59,7.4,7.59,111260
2018-11-29 07:00:00,7.65,7.67,7.6,7.66,179630
2018-11-30 07:00:00,7.67,7.85,7.58,7.85,287330
2018-12-03 07:00:00,7.9,8.22,7.9,8.15,290440
2018-12-04 07:00:00,8.24,8.24,8.03,8.12,235710
2018-12-05 07:00:00,8.08,8.53,8.02,8.28,378370
2018-12-06 07:00:00,8.28,8.69,8.28,8.51,363230
2018-12-07 07:00:00,8.53,8.76,8.48,8.51,424610
2018-12-10 07:00:00,8.33,8.51,8.33,8.44,274580
2018-12-11 07:00:00,8.35,8.58,8.35,8.58,232840
2018-12-12 07:00:00,8.55,8.76,8.51,8.67,338350
2018-12-13 07:00:00,8.62,8.77,8.52,8.58,377530
2018-12-14 07:00:00,8.51,8.64,8.51,8.58,227210
2018-12-17 07:00:00,8.58,8.58,8.33,8.4,319920
2018-12-18 07:00:00,8.24,8.35,8.07,8.19,296090
2018-12-19 07:00:00,8.19,8.24,8.07,8.2,237420
2018-12-20 07:00:00,8.18,8.33,8.12,8.26,223070
2018-12-21 07:00:00,8.24,8.34,8.12,8.27,137240
2018-12-24 07:00:00,8.4,8.5,8.36,8.44,205440
2018-12-25 07:00:00,8.38,8.4,8.0,8.14,195860
2018-12-26 07:00:00,8.14,8.28,8.14,8.14,168190
2018-12-27 07:00:00,8.35,8.35,8.14,8.27,200660
2018-12-28 07:00:00,8.19,8.22,8.0,8.0,184270
2019-01-02 07:00:00,8.0,8.24,7.68,7.68,229660
2019-01-03 07:00:00,7.68,7.82,7.59,7.63,180650
2019-01-04 07:00:00,7.61,7.99,7.49,7.99,181500
2019-01-07 07:00:00,8.12,8.24,8.07,8.24,154070
2019-01-08 07:00:00,8.29,8.32,8.19,8.21,207610
2019-01-09 07:00:00,8.14,8.35,8.14,8.34,192550
2019-01-10 07:00:00,8.35,8.38,8.21,8.21,63000
2019-01-11 07:00:00,8.21,8.49,8.21,8.4,415380
2019-01-14 07:00:00,8.4,8.44,8.27,8.4,152710
2019-01-15 07:00:00,8.35,8.58,8.35,8.44,228400
2019-01-16 07:00:00,8.49,8.49,8.28,8.28,141700
2019-01-17 07:00:00,8.35,8.35,8.19,8.21,202540
2019-01-18 07:00:00,8.2,8.24,8.15,8.18,158750
2019-01-21 07:00:00,8.18,8.47,8.18,8.46,245650
2019-01-22 07:00:00,8.46,8.68,8.4,8.52,276490
2019-01-23 07:00:00,8.52,8.61,8.35,8.52,216410
2019-01-24 07:00:00,8.52,8.6,8.38,8.38,132610
2019-01-25 07:00:00,8.38,8.52,8.35,8.52,215290
2019-01-28 07:00:00,8.61,8.65,8.52,8.58,245040
2019-01-29 07:00:00,8.54,8.61,8.47,8.61,153350
2019-01-30 07:00:00,8.63,8.77,8.55,8.72,374500
2019-01-31 07:00:00,8.72,8.84,8.63,8.68,148320
2019-02-01 07:00:00,8.63,8.68,8.52,8.68,82050
2019-02-11 07:00:00,8.75,8.75,8.54,8.56,114170
2019-02-12 07:00:00,8.68,8.82,8.63,8.68,575880
2019-02-13 07:00:00,8.64,8.68,8.56,8.63,365900
2019-02-14 07:00:00,8.63,8.63,8.54,8.54,212080
2019-02-15 07:00:00,8.49,8.63,8.48,8.54,218150
2019-02-18 07:00:00,8.54,8.68,8.52,8.53,225450
2019-02-19 07:00:00,8.53,8.75,8.5,8.65,639310
2019-02-20 07:00:00,8.65,8.71,8.58,8.61,204270
2019-02-21 07:00:00,8.61,8.7,8.55,8.56,414060
2019-02-22 07:00:00,8.54,8.58,8.47,8.58,381250
2019-02-25 07:00:00,8.58,8.68,8.55,8.57,200770
2019-02-26 07:00:00,8.63,8.63,8.52,8.57,213570
2019-02-27 07:00:00,8.58,9.12,8.56,9.1,1220890
2019-02-28 07:00:00,9.15,9.23,8.96,8.96,599990
2019-03-01 07:00:00,8.96,9.44,8.93,9.44,680870
2019-03-04 07:00:00,9.59,9.65,9.33,9.44,704720
2019-03-05 07:00:00,9.44,9.72,9.28,9.44,484010
2019-03-06 07:00:00,9.44,9.85,9.35,9.85,708090
2019-03-07 07:00:00,9.85,9.85,9.63,9.68,283170
2019-03-08 07:00:00,9.7,9.7,9.36,9.4,614350
2019-03-11 07:00:00,9.49,9.72,9.37,9.68,385220
2019-03-12 07:00:00,9.74,9.81,9.58,9.81,264870
2019-03-13 07:00:00,9.86,9.88,9.65,9.72,213680
2019-03-14 07:00:00,9.72,9.82,9.63,9.79,382330
2019-03-15 07:00:00,9.84,10.09,9.8,9.88,532450
2019-03-18 07:00:00,9.98,10.32,9.98,10.31,690700
2019-03-19 07:00:00,10.32,10.44,10.12,10.13,607360
2019-03-20 07:00:00,10.02,10.18,9.84,10.18,672110
2019-03-21 07:00:00,10.18,10.32,9.7,9.7,384760
2019-03-22 07:00:00,9.68,9.84,9.63,9.77,377720
2019-03-25 07:00:00,9.49,9.68,9.35,9.35,718890
2019-03-26 07:00:00,9.58,9.58,9.32,9.55,352030
2019-03-27 07:00:00,9.65,9.71,9.49,9.63,334670
2019-03-28 07:00:00,9.51,9.68,9.44,9.63,243000
2019-03-29 07:00:00,9.65,9.73,9.56,9.56,204640
2019-04-01 07:00:00,9.56,9.88,9.56,9.86,565510
2019-04-02 07:00:00,9.95,10.02,9.79,9.81,487000
2019-04-03 07:00:00,9.81,9.95,9.7,9.86,286990
2019-04-04 07:00:00,9.79,10.02,9.74,9.84,426660
2019-04-05 07:00:00,9.91,9.95,9.74,9.88,242350
2019-04-08 07:00:00,9.98,10.13,9.86,10.1,653170
2019-04-09 07:00:00,10.18,10.18,9.99,9.99,403650
2019-04-10 07:00:00,9.88,10.09,9.79,10.02,442830
2019-04-11 07:00:00,9.98,10.09,9.93,9.93,343170
2019-04-12 07:00:00,9.88,10.06,9.86,9.98,387170
2019-04-16 07:00:00,9.91,9.95,9.74,9.92,394310
2019-04-17 07:00:00,9.98,10.0,9.72,9.74,388420
2019-04-18 07:00:00,9.72,9.74,9.19,9.41,883350
2019-04-19 07:00:00,9.45,9.49,9.06,9.06,617770
2019-04-22 07:00:00,8.96,9.05,8.61,8.7,816560
2019-04-23 07:00:00,8.85,8.98,8.76,8.87,203970
2019-04-24 07:00:00,8.93,9.05,8.82,8.93,104840
2019-04-25 07:00:00,8.98,8.98,8.58,8.78,464650
2019-04-26 07:00:00,8.84,9.05,8.72,9.05,192610
2019-05-02 07:00:00,9.06,9.16,8.96,9.16,206340
2019-05-03 07:00:00,9.33,9.42,9.15,9.26,555050
2019-05-06 07:00:00,9.26,9.26,8.8,8.8,342910
2019-05-07 07:00:00,8.82,8.96,8.79,8.86,127400
2019-05-08 07:00:00,8.7,8.86,8.65,8.86,211980
2019-05-09 07:00:00,8.86,9.0,8.64,8.68,197760
2019-05-10 07:00:00,8.65,8.86,8.58,8.77,194310
2019-05-13 07:00:00,8.72,8.89,8.72,8.86,216260
2019-05-14 07:00:00,8.82,8.87,8.77,8.86,203070
2019-05-15 07:00:00,8.92,9.01,8.92,9.01,332760
2019-05-16 07:00:00,9.05,9.07,9.01,9.01,263760
2019-05-17 07:00:00,9.05,9.05,8.89,8.89,114630
2019-05-20 07:00:00,8.87,9.02,8.83,8.98,325570
2019-05-21 07:00:00,9.01,9.01,8.93,8.93,183990
2019-05-22 07:00:00,8.92,9.0,8.86,8.92,197390
2019-05-23 07:00:00,8.92,8.93,8.85,8.93,248200
2019-05-24 07:00:00,8.87,9.33,8.87,9.2,837290
2019-05-27 07:00:00,9.33,9.44,9.24,9.42,574190
2019-05-28 07:00:00,9.42,9.58,9.34,9.55,410860
2019-05-29 07:00:00,9.51,9.62,9.4,9.41,455220
2019-05-30 07:00:00,9.41,9.47,9.3,9.42,203130
2019-05-31 07:00:00,9.42,9.43,8.99,8.99,464110
2019-06-03 07:00:00,8.91,9.12,8.91,8.94,333660
2019-06-04 07:00:00,8.99,9.0,8.91,8.94,190510
2019-06-05 07:00:00,9.1,9.1,8.96,8.97,109010
2019-06-06 07:00:00,8.97,9.0,8.85,8.89,409080
2019-06-07 07:00:00,8.87,8.96,8.86,8.89,140970
2019-06-10 07:00:00,8.91,9.11,8.91,9.08,353710
2019-06-11 07:00:00,9.21,9.53,9.21,9.47,528090
2019-06-12 07:00:00,9.49,9.49,9.29,9.34,195050
2019-06-13 07:00:00,9.24,9.42,9.18,9.27,170220
2019-06-14 07:00:00,9.27,9.36,9.21,9.27,84390
2019-06-17 07:00:00,9.27,9.27,9.13,9.15,165850
2019-06-18 07:00:00,9.15,9.15,8.92,8.95,219390
2019-06-19 07:00:00,9.07,9.13,9.04,9.07,171300
2019-06-20 07:00:00,9.15,9.26,9.04,9.24,189970
2019-06-21 07:00:00,9.24,9.46,9.24,9.34,399750
2019-06-24 07:00:00,9.39,9.46,9.29,9.34,310130
2019-06-25 07:00:00,9.34,9.34,9.17,9.21,160490
2019-06-26 07:00:00,9.2,9.36,9.18,9.3,164870
2019-06-27 07:00:00,9.37,9.37,9.18,9.33,190290
2019-06-28 07:00:00,9.36,9.66,9.36,9.66,1405170
2019-07-01 07:00:00,9.69,9.92,9.69,9.85,565100
2019-07-02 07:00:00,9.91,9.94,9.79,9.88,354550
2019-07-03 07:00:00,9.79,10.05,9.74,9.95,805030
2019-07-04 07:00:00,10.04,10.04,9.91,9.91,377440
2019-07-05 07:00:00,9.85,10.05,9.85,9.97,315790
2019-07-08 07:00:00,10.05,10.11,9.95,10.1,868100
2019-07-09 07:00:00,10.0,10.13,10.0,10.11,291770
2019-07-10 07:00:00,10.11,10.14,10.02,10.14,403910
2019-07-11 07:00:00,10.14,10.26,9.79,9.92,1155000
2019-07-12 07:00:00,9.88,10.1,9.88,9.95,519700
2019-07-15 07:00:00,9.88,10.02,9.91,9.95,316470
2019-07-16 07:00:00,9.95,10.37,9.95,10.28,1347680
2019-07-17 07:00:00,10.28,10.56,10.14,10.4,669350
2019-07-18 07:00:00,10.4,10.43,10.17,10.36,350580
2019-07-19 07:00:00,10.31,10.43,10.2,10.23,664370
2019-07-22 07:00:00,10.15,10.17,9.97,10.02,739120
2019-07-23 07:00:00,9.97,10.52,9.97,10.52,1354980
2019-07-24 07:00:00,10.52,10.71,10.52,10.59,873820
2019-07-25 07:00:00,10.62,10.69,10.49,10.69,499700
2019-07-26 07:00:00,10.66,10.72,10.49,10.55,458030
2019-07-29 07:00:00,10.55,10.6,10.31,10.49,766020
2019-07-30 07:00:00,10.49,10.6,10.2,10.23,656280
2019-07-31 07:00:00,10.34,10.56,10.1,10.56,645040
2019-08-01 07:00:00,10.6,10.85,10.55,10.79,1254450
2019-08-02 07:00:00,10.75,10.89,10.62,10.81,719460
2019-08-05 07:00:00,10.78,10.82,10.6,10.71,1008770
2019-08-06 07:00:00,10.58,10.6,10.3,10.6,963640
2019-08-07 07:00:00,10.58,10.66,10.43,10.55,437570
2019-08-08 07:00:00,10.44,10.78,10.44,10.76,940650
2019-08-09 07:00:00,10.75,10.91,10.63,10.63,746950
2019-08-12 07:00:00,10.6,10.69,10.37,10.52,634110
2019-08-13 07:00:00,10.4,10.55,10.15,10.15,1427860
2019-08-14 07:00:00,10.23,10.37,10.23,10.33,542870
2019-08-15 07:00:00,10.17,10.49,10.11,10.49,675530
2019-08-16 07:00:00,10.55,10.55,10.31,10.49,852690
2019-08-19 07:00:00,10.43,10.59,10.42,10.53,504010
2019-08-20 07:00:00,10.63,10.73,10.49,10.68,1557630
2019-08-21 07:00:00,10.72,10.81,10.43,10.43,1001550
2019-08-22 07:00:00,10.47,10.52,10.4,10.47,514640
2019-08-23 07:00:00,10.43,10.47,10.31,10.4,748060
2019-08-26 07:00:00,10.28,10.28,10.13,10.21,504310
2019-08-27 07:00:00,10.23,10.37,10.15,10.17,451090
2019-08-28 07:00:00,10.2,10.2,9.88,9.88,1152280
2019-08-29 07:00:00,9.82,10.04,9.82,9.97,581110
2019-08-30 07:00:00,9.97,10.28,9.97,10.17,455730
2019-09-03 07:00:00,10.17,10.34,10.08,10.11,256660
2019-09-04 07:00:00,10.17,10.08,9.88,10.0,433550
2019-09-05 07:00:00,10.14,10.26,10.05,10.24,304970
2019-09-06 07:00:00,10.24,10.3,10.04,10.2,184670
2019-09-09 07:00:00,10.05,10.18,9.94,9.94,219740
2019-09-10 07:00:00,9.94,9.98,9.42,9.56,1235630
2019-09-11 07:00:00,9.55,9.81,9.53,9.81,377580
2019-09-12 07:00:00,9.81,9.95,9.81,9.94,307290
2019-09-13 07:00:00,9.88,10.02,9.88,10.01,310610
2019-09-16 07:00:00,10.02,10.08,9.88,9.94,201400
2019-09-17 07:00:00,9.94,9.97,9.79,9.91,278230
2019-09-18 07:00:00,9.94,10.1,9.94,10.05,326920
2019-09-19 07:00:00,10.05,10.05,9.94,10.02,139290
2019-09-20 07:00:00,10.05,10.05,9.85,9.91,309610
2019-09-23 07:00:00,9.91,9.91,9.72,9.82,339290
2019-09-24 07:00:00,9.82,9.94,9.74,9.94,235490
2019-09-25 07:00:00,9.94,10.08,9.94,10.07,328480
2019-09-26 07:00:00,10.14,10.18,10.07,10.14,259520
2019-09-27 07:00:00,10.14,10.3,10.11,10.18,485670
2019-09-30 07:00:00,10.26,10.26,10.05,10.14,157660
2019-10-01 07:00:00,10.05,10.26,10.05,10.2,243560
2019-10-02 07:00:00,10.23,10.4,10.2,10.28,731040
2019-10-03 07:00:00,10.31,10.62,10.28,10.62,1173330
2019-10-04 07:00:00,10.71,10.72,10.46,10.52,497570
2019-10-07 07:00:00,10.46,10.55,10.28,10.28,488270
2019-10-08 07:00:00,10.21,10.37,10.21,10.34,302120
2019-10-09 07:00:00,10.39,10.58,10.3,10.46,556650
2019-10-10 07:00:00,10.46,10.58,10.46,10.53,621560
2019-10-11 07:00:00,10.6,10.62,10.43,10.53,840570
2019-10-14 07:00:00,10.72,10.78,10.55,10.58,1977970
2019-10-15 07:00:00,10.49,10.52,10.21,10.37,1311470
2019-10-16 07:00:00,10.43,10.43,10.23,10.26,381260
2019-10-17 07:00:00,10.17,10.27,10.1,10.23,688000
2019-10-18 07:00:00,10.23,10.36,10.17,10.28,382200
2019-10-21 07:00:00,10.17,10.34,10.17,10.26,281780
2019-10-22 07:00:00,10.17,10.33,10.17,10.26,413780
2019-10-23 07:00:00,10.28,10.28,10.17,10.26,268900
2019-10-24 07:00:00,10.24,10.28,10.18,10.23,278880
2019-10-25 07:00:00,10.28,10.28,10.17,10.24,375510
2019-10-28 07:00:00,10.27,10.33,10.23,10.24,235740
2019-10-29 07:00:00,10.23,10.27,10.15,10.15,245720
2019-10-30 07:00:00,10.14,10.23,10.11,10.2,234170
2019-10-31 07:00:00,10.3,10.37,10.18,10.24,420100
2019-11-01 07:00:00,10.23,10.24,10.11,10.24,304530
2019-11-04 07:00:00,10.26,10.4,10.23,10.4,592740
2019-11-05 07:00:00,10.43,10.47,10.28,10.39,430110
2019-11-06 07:00:00,10.4,10.49,10.33,10.33,423060
2019-11-07 07:00:00,10.39,10.39,10.24,10.28,283610
2019-11-08 07:00:00,10.3,10.3,10.18,10.26,263710
2019-11-11 07:00:00,10.26,10.26,10.11,10.14,420240
2019-11-12 07:00:00,10.13,10.17,9.97,10.08,597200
2019-11-13 07:00:00,10.08,10.11,10.01,10.08,249640
2019-11-14 07:00:00,10.08,10.11,10.02,10.1,201400
2019-11-15 07:00:00,10.1,10.14,10.02,10.13,226860
2019-11-18 07:00:00,10.08,10.13,9.91,10.05,597630
2019-11-19 07:00:00,10.05,10.05,9.94,10.0,347270
2019-11-20 07:00:00,10.0,10.08,9.92,10.07,394930
2019-11-21 07:00:00,10.08,10.08,9.94,10.07,740480
2019-11-22 07:00:00,10.02,10.05,9.81,9.92,596450
2019-11-25 07:00:00,9.85,9.91,9.5,9.56,504000
2019-11-26 07:00:00,9.56,9.85,9.56,9.85,1233960
2019-11-27 07:00:00,9.85,10.0,9.63,9.92,447470
2019-11-28 07:00:00,9.68,9.91,9.68,9.71,254640
2019-11-29 07:00:00,9.62,9.76,9.62,9.68,125960
2019-12-02 07:00:00,9.74,9.78,9.33,9.52,400150
2019-12-03 07:00:00,9.18,9.5,9.15,9.15,403550
2019-12-04 07:00:00,9.05,9.15,8.95,9.15,595770
2019-12-05 07:00:00,9.17,9.39,9.17,9.36,459370
2019-12-06 07:00:00,9.18,9.4,9.18,9.39,212750
2019-12-09 07:00:00,9.39,9.42,9.32,9.39,326840
2019-12-10 07:00:00,9.33,9.39,9.33,9.37,296090
2019-12-11 07:00:00,9.29,9.36,9.24,9.33,153220
2019-12-12 07:00:00,9.27,9.55,9.27,9.55,246720
2019-12-13 07:00:00,9.55,9.6,9.44,9.53,111500
2019-12-16 07:00:00,9.53,9.53,9.42,9.46,97750
2019-12-17 07:00:00,9.47,9.5,9.42,9.46,207810
2019-12-18 07:00:00,9.44,9.56,9.42,9.42,274750
2019-12-19 07:00:00,9.44,9.44,9.39,9.44,183920
2019-12-20 07:00:00,9.47,9.55,9.42,9.44,388480
2019-12-23 07:00:00,9.46,9.5,9.36,9.36,192570
2019-12-24 07:00:00,9.36,9.36,9.1,9.11,214870
2019-12-25 07:00:00,9.18,9.26,9.07,9.18,226870
2019-12-26 07:00:00,9.42,9.42,9.15,9.3,181060
2019-12-27 07:00:00,9.17,9.26,9.08,9.18,98820
2019-12-30 07:00:00,9.17,9.27,9.02,9.02,293760
2019-12-31 07:00:00,9.02,9.02,8.84,8.98,185130
2020-01-02 07:00:00,8.88,9.11,8.88,8.98,207360
2020-01-03 07:00:00,8.98,9.27,8.98,9.17,381270
2020-01-06 07:00:00,9.2,9.2,8.99,9.05,218960
2020-01-07 07:00:00,8.98,9.04,8.9,9.04,262170
2020-01-08 07:00:00,8.94,9.27,8.56,9.27,359560
2020-01-09 07:00:00,9.04,9.15,8.91,8.99,179980
2020-01-10 07:00:00,8.99,9.08,8.86,8.91,130280
2020-01-13 07:00:00,8.77,8.98,8.77,8.8,105560
2020-01-14 07:00:00,8.91,9.05,8.8,9.05,262930
2020-01-15 07:00:00,9.08,9.17,8.96,9.15,254790
2020-01-16 07:00:00,9.05,9.17,9.04,9.15,221510
2020-01-17 07:00:00,9.12,9.12,8.96,8.96,114120
2020-01-20 07:00:00,8.88,8.96,8.86,8.88,117710
2020-01-21 07:00:00,8.88,8.98,8.86,8.98,131460
2020-01-22 07:00:00,8.98,9.12,8.93,8.94,101130
2020-01-30 07:00:00,8.94,8.94,8.53,8.66,320140
2020-01-31 07:00:00,8.6,8.68,8.23,8.23,429210
2020-02-03 07:00:00,8.05,8.05,7.66,7.96,832420
2020-02-04 07:00:00,7.79,7.97,7.75,7.78,161190
2020-02-05 07:00:00,7.78,7.96,7.78,7.87,155520
2020-02-06 07:00:00,7.91,8.15,7.81,8.15,185780
2020-02-07 07:00:00,8.08,8.15,8.0,8.15,100460
2020-02-10 07:00:00,7.96,8.05,7.94,7.94,93190
2020-02-11 07:00:00,8.06,8.06,7.94,8.05,129280
2020-02-12 07:00:00,8.02,8.35,8.02,8.27,329660
2020-02-13 07:00:00,8.27,8.53,8.21,8.47,167310
2020-02-14 07:00:00,8.41,8.53,8.39,8.41,84540
2020-02-17 07:00:00,8.41,8.41,8.23,8.27,172380
2020-02-18 07:00:00,8.27,8.35,8.17,8.27,114550
2020-02-19 07:00:00,8.27,8.33,8.26,8.27,106640
2020-02-20 07:00:00,8.33,8.42,8.26,8.42,220810
2020-02-21 07:00:00,8.44,8.65,8.44,8.45,494060
2020-02-24 07:00:00,8.17,8.2,7.93,7.93,210710
2020-02-25 07:00:00,7.55,8.23,7.55,8.23,326380
2020-02-26 07:00:00,7.85,8.08,7.85,7.99,112760
2020-02-27 07:00:00,7.99,8.17,7.9,8.17,106490
2020-02-28 07:00:00,7.94,8.12,7.88,8.02,399070
2020-03-02 07:00:00,7.85,7.96,7.78,7.9,135130
2020-03-03 07:00:00,8.05,8.05,7.87,7.87,253300
2020-03-04 07:00:00,7.81,7.93,7.79,7.87,149140
2020-03-05 07:00:00,7.93,7.97,7.87,7.87,122270
2020-03-06 07:00:00,7.88,8.05,7.85,7.94,438430
2020-03-09 07:00:00,7.45,7.7,7.39,7.39,349660
2020-03-10 07:00:00,6.97,7.39,6.94,7.18,343770
2020-03-11 07:00:00,7.33,7.33,6.69,6.69,638030
2020-03-12 07:00:00,6.28,6.31,6.22,6.22,806400
2020-03-13 07:00:00,5.79,6.13,5.79,6.13,695750
2020-03-16 07:00:00,5.83,6.04,5.71,5.71,662940
2020-03-17 07:00:00,5.38,6.1,5.32,5.92,1315930
2020-03-18 07:00:00,5.97,5.98,5.77,5.92,640230
2020-03-19 07:00:00,5.86,5.86,5.62,5.68,425880
2020-03-20 07:00:00,5.65,5.76,5.59,5.68,364770
2020-03-23 07:00:00,5.68,5.68,5.3,5.3,788010
2020-03-24 07:00:00,5.18,5.44,5.0,5.28,572080
2020-03-25 07:00:00,5.38,5.56,5.38,5.49,509070
2020-03-26 07:00:00,5.46,5.46,5.16,5.18,855560
2020-03-27 07:00:00,5.26,5.3,5.12,5.21,339550
2020-03-30 07:00:00,4.92,5.01,4.85,4.85,524680
2020-03-31 07:00:00,4.85,5.18,4.79,4.91,267720
2020-04-01 07:00:00,4.91,5.18,4.88,5.07,174430
2020-04-03 07:00:00,5.16,5.38,5.16,5.31,355510
2020-04-06 07:00:00,5.42,5.67,5.42,5.67,494070
2020-04-07 07:00:00,5.89,6.06,5.71,6.01,564650
2020-04-08 07:00:00,5.98,6.04,5.71,5.91,299930
2020-04-09 07:00:00,5.89,6.13,5.89,6.03,318690
2020-04-10 07:00:00,5.89,6.15,5.89,5.98,230190
2020-04-13 07:00:00,6.04,6.25,6.03,6.22,224140
2020-04-14 07:00:00,6.28,6.43,6.19,6.4,634760
2020-04-15 07:00:00,6.54,6.84,6.46,6.84,620640
2020-04-16 07:00:00,6.94,7.3,6.94,7.3,921010
2020-04-17 07:00:00,7.61,7.81,7.6,7.67,1288180
2020-04-20 07:00:00,7.6,7.63,7.18,7.3,794140
2020-04-21 07:00:00,7.18,7.24,6.79,6.79,903100
2020-04-22 07:00:00,6.46,7.12,6.46,7.1,335690
2020-04-23 07:00:00,7.18,7.27,6.85,6.91,375230
2020-04-24 07:00:00,6.88,7.03,6.78,6.94,487610
2020-04-27 07:00:00,7.21,7.21,6.9,7.1,629130
2020-04-28 07:00:00,7.1,7.28,7.09,7.24,633280
2020-04-29 07:00:00,7.26,7.28,7.18,7.26,307320
2020-05-04 07:00:00,7.21,7.21,7.0,7.0,191090
2020-05-05 07:00:00,7.0,7.06,6.88,7.02,150820
2020-05-06 07:00:00,7.09,7.14,6.97,7.12,308890
2020-05-07 07:00:00,7.12,7.24,7.09,7.24,452900
2020-05-08 07:00:00,7.32,7.36,7.15,7.18,389660
2020-05-11 07:00:00,7.42,7.42,7.16,7.42,466870
2020-05-12 07:00:00,7.42,7.66,7.33,7.57,400790
2020-05-13 07:00:00,7.49,7.76,7.48,7.63,396330
2020-05-14 07:00:00,7.57,8.15,7.51,8.15,1082360
2020-05-15 07:00:00,8.26,8.38,7.99,7.99,901280
2020-05-18 07:00:00,7.99,8.12,7.9,8.05,396470
2020-05-19 07:00:00,8.14,8.2,8.02,8.02,621890
2020-05-20 07:00:00,7.99,8.05,7.91,7.91,435020
2020-05-21 07:00:00,7.91,8.05,7.91,8.0,264330
2020-05-22 07:00:00,8.0,8.0,7.78,7.78,577650
2020-05-25 07:00:00,7.87,8.32,7.7,8.32,957230
2020-05-26 07:00:00,8.5,8.59,8.38,8.42,557780
2020-05-27 07:00:00,8.47,8.47,8.23,8.23,862740
2020-05-28 07:00:00,8.18,8.35,8.14,8.29,374410
2020-05-29 07:00:00,8.32,8.53,8.26,8.53,580200
2020-06-01 07:00:00,8.62,8.68,8.53,8.59,440680
2020-06-02 07:00:00,8.68,8.71,8.44,8.47,613750
2020-06-03 07:00:00,8.47,8.71,8.41,8.56,529030
2020-06-04 07:00:00,8.56,8.65,8.5,8.5,444390
2020-06-05 07:00:00,8.53,8.62,8.44,8.56,418100
2020-06-08 07:00:00,8.68,8.68,8.59,8.63,455600
2020-06-09 07:00:00,8.68,9.23,8.62,9.11,1037760
2020-06-10 07:00:00,9.12,9.18,8.87,9.08,462550
2020-06-11 07:00:00,9.08,9.12,8.45,8.45,930830
2020-06-12 07:00:00,7.97,8.45,7.97,8.29,761760
2020-06-15 07:00:00,8.56,8.56,7.74,7.9,902970
2020-06-16 07:00:00,8.25,8.25,8.0,8.21,253430
2020-06-17 07:00:00,8.31,8.31,8.02,8.11,335240
2020-06-18 07:00:00,8.02,8.17,8.02,8.11,261210
2020-06-19 07:00:00,8.17,8.29,8.05,8.29,313520
2020-06-22 07:00:00,8.42,8.42,8.17,8.27,351020
2020-06-23 07:00:00,8.27,8.27,8.13,8.17,442380
2020-06-24 07:00:00,8.17,8.29,8.05,8.09,359010
2020-06-25 07:00:00,7.8,8.07,7.8,8.05,256200
2020-06-26 07:00:00,8.17,8.17,7.94,8.03,120180
2020-06-29 07:00:00,8.05,8.05,7.55,7.66,508270
2020-06-30 07:00:00,7.55,7.82,7.39,7.49,388680
2020-07-01 07:00:00,7.61,7.61,7.45,7.55,385590
2020-07-02 07:00:00,7.55,7.63,7.49,7.51,113230
2020-07-03 07:00:00,7.53,7.55,7.49,7.53,312050
2020-07-06 07:00:00,7.57,7.63,7.53,7.59,266710
2020-07-07 07:00:00,7.66,8.11,7.66,8.02,2470760
2020-07-08 07:00:00,8.02,8.4,8.02,8.21,1006020
2020-07-09 07:00:00,8.25,8.36,8.15,8.21,592060
2020-07-10 07:00:00,8.07,8.17,7.98,8.05,855940
2020-07-13 07:00:00,8.17,8.21,7.94,7.98,566650
2020-07-14 07:00:00,7.98,8.07,7.92,7.98,394660
2020-07-15 07:00:00,8.09,8.19,7.98,8.05,842470
2020-07-16 07:00:00,8.15,8.17,7.98,7.98,588350
2020-07-17 07:00:00,7.98,8.13,7.98,8.09,524540
2020-07-20 07:00:00,8.11,8.11,7.98,7.98,456880
2020-07-21 07:00:00,7.98,8.0,7.8,7.92,401160
2020-07-22 07:00:00,7.92,7.92,7.72,7.74,527510
2020-07-23 07:00:00,7.74,7.9,7.74,7.86,431760
2020-07-24 07:00:00,7.78,7.82,7.31,7.31,1383970
2020-07-27 07:00:00,6.81,7.14,6.81,6.81,1705620
2020-07-28 07:00:00,6.81,7.12,6.71,6.96,720420
2020-07-29 07:00:00,6.71,6.81,6.48,6.61,1074240
2020-07-30 07:00:00,6.61,6.89,6.61,6.69,345840
2020-07-31 07:00:00,7.16,7.16,7.12,7.16,1886000
2020-08-03 07:00:00,7.63,7.64,7.39,7.64,2606650
2020-08-04 07:00:00,7.78,8.05,7.74,7.78,880440
2020-08-05 07:00:00,7.7,8.02,7.66,7.86,1750310
2020-08-06 07:00:00,7.8,8.11,7.8,8.0,1882340
2020-08-07 07:00:00,8.09,8.11,7.96,7.98,846640
2020-08-10 07:00:00,8.11,8.11,7.9,7.96,1446310
2020-08-11 07:00:00,7.96,7.98,7.82,7.9,1173490
2020-08-12 07:00:00,7.9,8.07,7.9,8.02,1223580
2020-08-13 07:00:00,8.09,8.35,7.96,8.23,1678710
2020-08-14 07:00:00,8.25,8.52,8.19,8.35,2039110
2020-08-17 07:00:00,8.36,8.44,8.21,8.33,1060530
2020-08-18 07:00:00,8.25,8.36,8.23,8.31,1243930
2020-08-19 07:00:00,8.33,8.35,8.25,8.33,987840
2020-08-20 07:00:00,8.33,8.72,8.29,8.68,3374870
2020-08-21 07:00:00,8.75,8.99,8.68,8.91,2267860
2020-08-24 07:00:00,9.05,9.06,8.83,8.87,2094450
2020-08-25 07:00:00,8.87,8.93,8.79,8.87,2667070
2020-08-26 07:00:00,8.83,9.1,8.75,8.93,1885130
2020-08-27 07:00:00,8.93,9.09,8.91,8.95,1502060
2020-08-28 07:00:00,8.95,9.01,8.89,8.89,1177810
2020-08-31 07:00:00,8.95,8.99,8.77,8.81,1110150
2020-09-01 07:00:00,8.81,8.89,8.7,8.73,2024910
2020-09-03 07:00:00,8.79,8.85,8.58,8.62,1991180
2020-09-04 07:00:00,8.54,9.01,8.5,8.89,2822710
2020-09-07 07:00:00,8.95,8.95,8.73,8.73,1292910
2020-09-08 07:00:00,8.95,8.95,8.72,8.75,664150
2020-09-09 07:00:00,8.68,8.77,8.68,8.77,1100900
2020-09-10 07:00:00,8.89,9.03,8.77,8.93,3663080
2020-09-11 07:00:00,8.93,9.41,8.83,9.38,4911690
2020-09-14 07:00:00,9.49,9.53,9.41,9.44,2001860
2020-09-15 07:00:00,9.44,9.45,9.28,9.34,2255690
2020-09-16 07:00:00,9.32,9.55,9.28,9.45,2152470
2020-09-17 07:00:00,9.45,9.71,9.44,9.61,2763040
2020-09-18 07:00:00,9.63,9.65,9.51,9.57,1019810
2020-09-21 07:00:00,9.57,9.61,9.3,9.32,3110690
2020-09-22 07:00:00,9.26,9.47,9.26,9.34,2030540
2020-09-23 07:00:00,9.38,9.47,9.34,9.44,1452960
2020-09-24 07:00:00,9.4,9.49,9.34,9.47,1195140
2020-09-25 07:00:00,9.44,9.49,9.38,9.4,1317800
2020-09-28 07:00:00,9.4,9.45,9.36,9.4,983690
2020-09-29 07:00:00,9.44,9.71,9.4,9.44,2524220
2020-09-30 07:00:00,9.47,9.69,9.44,9.69,2736490
2020-10-01 07:00:00,9.84,9.92,9.75,9.84,1976370
2020-10-02 07:00:00,9.84,9.9,9.45,9.73,2985170
2020-10-05 07:00:00,9.73,10.04,9.69,10.02,2816750
2020-10-06 07:00:00,10.08,10.08,9.94,10.02,1436070
2020-10-07 07:00:00,9.96,10.21,9.92,10.0,2387280
2020-10-08 07:00:00,10.06,10.06,9.84,9.92,2620120
2020-10-09 07:00:00,9.9,10.0,9.88,9.94,1058990
2020-10-12 07:00:00,9.94,10.04,9.86,9.88,1374880
2020-10-13 07:00:00,9.88,9.92,9.73,9.76,1631590
2020-10-14 07:00:00,9.76,9.84,9.73,9.73,1024380
2020-10-15 07:00:00,9.73,9.82,9.38,9.38,1816090
2020-10-16 07:00:00,9.38,9.41,9.2,9.34,1312000
2020-10-19 07:00:00,9.34,9.65,9.34,9.53,827930
2020-10-20 07:00:00,9.53,9.65,9.45,9.57,611010
2020-10-21 07:00:00,9.61,9.61,9.47,9.51,687460
2020-10-22 07:00:00,9.49,9.49,9.41,9.47,315860
2020-10-23 07:00:00,9.49,9.61,9.47,9.59,645250
2020-10-26 07:00:00,9.59,9.9,9.59,9.69,1446180
2020-10-27 07:00:00,9.63,9.82,9.59,9.65,1007170
2020-10-28 07:00:00,9.71,9.71,9.34,9.34,952910
2020-10-29 07:00:00,9.22,9.4,9.03,9.12,1344750
2020-10-30 07:00:00,9.26,9.28,8.89,9.03,1073250
2020-11-02 07:00:00,8.95,8.97,8.79,8.87,1188960
2020-11-03 07:00:00,8.87,9.32,8.87,9.18,679590
2020-11-04 07:00:00,9.28,9.4,9.18,9.38,801660
2020-11-05 07:00:00,9.34,9.41,9.28,9.28,825520
2020-11-06 07:00:00,9.28,9.61,9.26,9.53,1238640
2020-11-09 07:00:00,9.61,9.69,9.49,9.65,937350
2020-11-10 07:00:00,9.76,9.82,9.61,9.63,906010
2020-11-11 07:00:00,9.69,9.71,9.57,9.65,1406470
2020-11-12 07:00:00,9.65,9.82,9.65,9.73,1427110
2020-11-13 07:00:00,9.76,9.8,9.71,9.76,1572640
2020-11-16 07:00:00,9.84,9.84,9.71,9.71,2410140
2020-11-17 07:00:00,9.71,9.96,9.67,9.96,2343130
2020-11-18 07:00:00,9.96,10.5,9.94,10.5,3477540
2020-11-19 07:00:00,10.54,10.6,10.39,10.56,1988860
2020-11-20 07:00:00,10.56,10.8,10.5,10.76,2286790
2020-11-23 07:00:00,10.78,10.84,10.62,10.74,1804330
2020-11-24 07:00:00,10.7,10.78,10.37,10.54,2141930
2020-11-25 07:00:00,10.54,10.62,10.39,10.43,1533420
2020-11-26 07:00:00,10.35,10.64,10.29,10.64,2215250
2020-11-27 07:00:00,10.72,11.38,10.62,11.38,3960830
2020-11-30 07:00:00,11.57,11.87,11.4,11.42,1987610
2020-12-01 07:00:00,11.28,11.96,11.17,11.87,2505610
2020-12-02 07:00:00,11.87,11.9,11.59,11.65,2330000
2020-12-03 07:00:00,11.67,12.2,11.61,12.1,1799750
2020-12-04 07:00:00,12.04,12.29,11.96,12.18,1305240
2020-12-07 07:00:00,12.18,12.35,11.96,12.06,2566100
2020-12-08 07:00:00,12.06,12.12,11.75,11.92,1982910
2020-12-09 07:00:00,11.98,12.2,11.96,12.12,2161500
2020-12-10 07:00:00,12.14,12.57,12.02,12.28,2606050
2020-12-11 07:00:00,12.28,12.33,12.1,12.28,2256630
2020-12-14 07:00:00,12.45,13.05,12.45,13.01,1964080
2020-12-15 07:00:00,13.03,13.42,12.86,13.4,2240950
2020-12-16 07:00:00,13.42,13.62,13.27,13.38,1244140
2020-12-17 07:00:00,13.23,13.34,12.96,13.0,1753830
2020-12-18 07:00:00,13.17,13.54,12.92,13.54,2150800
2020-12-21 07:00:00,13.54,13.97,13.54,13.62,1267210
2020-12-22 07:00:00,13.6,13.71,13.42,13.68,1332530
2020-12-23 07:00:00,13.79,13.89,13.42,13.58,1512020
2020-12-24 07:00:00,13.54,13.62,12.76,13.42,1910880
2020-12-25 07:00:00,13.58,13.6,13.42,13.54,1028110
2020-12-28 07:00:00,13.62,14.18,13.58,14.1,2857790
2020-12-29 07:00:00,14.04,14.61,14.01,14.57,1915690
2020-12-30 07:00:00,14.61,15.31,14.57,15.1,1636710
2020-12-31 07:00:00,15.0,15.29,14.96,15.21,1840860
2021-01-04 07:00:00,15.72,16.26,15.41,16.15,1698700
2021-01-05 07:00:00,16.15,17.27,15.87,17.26,1770900
2021-01-06 07:00:00,17.26,17.7,16.73,16.85,2359500
2021-01-07 07:00:00,16.83,17.0,16.46,16.85,1726400
2021-01-08 07:00:00,16.92,17.2,16.57,16.81,1321100
2021-01-11 07:00:00,16.94,17.08,16.57,16.69,1795000
2021-01-12 07:00:00,16.81,16.83,16.46,16.69,1300800
2021-01-13 07:00:00,16.73,16.77,16.38,16.4,1687400
2021-01-14 07:00:00,16.4,16.4,15.64,16.24,1926600
2021-01-15 07:00:00,16.46,16.85,16.46,16.69,1792800
2021-01-18 07:00:00,16.92,17.7,16.65,17.31,2561300
2021-01-19 07:00:00,17.31,17.31,16.11,16.26,1756900
2021-01-20 07:00:00,16.36,16.61,15.41,16.54,1603600
2021-01-21 07:00:00,16.85,16.85,16.34,16.83,1221800
2021-01-22 07:00:00,16.83,17.99,16.77,17.72,4196400
2021-01-25 07:00:00,18.04,18.12,17.5,17.86,1628200
2021-01-26 07:00:00,17.56,17.78,16.63,16.87,1773200
2021-01-27 07:00:00,16.51,16.71,15.69,15.69,3134000
2021-01-28 07:00:00,14.6,15.36,14.6,14.6,3128200
2021-01-29 07:00:00,13.64,15.24,13.64,15.06,1602900
2021-02-01 07:00:00,15.06,15.12,14.02,14.02,1570700
2021-02-02 07:00:00,14.02,14.9,13.72,14.9,1953400
2021-02-03 07:00:00,15.12,15.43,14.84,15.3,1640200
2021-02-04 07:00:00,15.41,15.49,15.0,15.47,1233800
2021-02-05 07:00:00,15.47,16.27,15.22,16.03,916400
2021-02-08 07:00:00,16.19,16.21,15.0,15.36,1539700
2021-02-09 07:00:00,15.4,15.75,14.84,15.67,1769900
2021-02-17 07:00:00,15.71,16.71,15.71,16.51,952500
2021-02-18 07:00:00,16.63,16.69,16.31,16.49,943000
2021-02-19 07:00:00,16.49,17.3,16.31,16.83,1742400
2021-02-22 07:00:00,16.79,16.89,16.57,16.71,978300
2021-02-23 07:00:00,16.47,16.93,16.47,16.63,1136200
2021-02-24 07:00:00,16.65,16.91,16.03,16.19,1526900
2021-02-25 07:00:00,16.19,16.49,16.11,16.29,1547700
2021-02-26 07:00:00,15.91,16.59,15.91,16.55,1218800
2021-03-01 07:00:00,16.71,16.91,16.63,16.73,2086700
2021-03-02 07:00:00,16.91,17.2,16.77,17.02,2610200
2021-03-03 07:00:00,17.18,17.7,17.18,17.62,2941100
2021-03-04 07:00:00,17.7,18.12,17.1,17.66,3012500
2021-03-05 07:00:00,17.42,17.62,16.91,17.46,1406500
2021-03-08 07:00:00,17.5,17.7,17.42,17.62,1678400
2021-03-09 07:00:00,17.5,18.86,17.1,18.78,4276000
2021-03-10 07:00:00,18.86,19.01,18.62,18.78,1410400
2021-03-11 07:00:00,18.74,18.78,18.58,18.58,1113800
2021-03-12 07:00:00,18.54,19.07,18.54,18.7,2050900
2021-03-15 07:00:00,18.7,18.93,18.58,18.64,1456000
2021-03-16 07:00:00,18.7,18.93,18.62,18.84,2067400
2021-03-17 07:00:00,18.84,18.9,18.8,18.88,1244300
2021-03-18 07:00:00,19.09,19.09,18.68,18.78,1564000
2021-03-19 07:00:00,18.7,18.95,18.7,18.93,1595300
2021-03-22 07:00:00,19.09,19.09,18.9,18.93,1646400
2021-03-23 07:00:00,18.82,18.82,18.1,18.3,1858100
2021-03-24 07:00:00,17.74,18.12,17.07,17.3,2640700
2021-03-25 07:00:00,17.3,17.42,16.31,17.18,1597900
2021-03-26 07:00:00,17.1,17.18,16.27,17.02,1253300
2021-03-29 07:00:00,17.14,17.3,17.05,17.28,868200
2021-03-30 07:00:00,17.3,17.3,16.95,17.14,819300
2021-03-31 07:00:00,17.1,17.26,16.87,17.18,1120800
2021-04-01 07:00:00,17.18,17.5,17.02,17.5,791900
2021-04-02 07:00:00,17.7,17.7,17.3,17.46,821400
2021-04-05 07:00:00,17.46,17.52,17.1,17.34,850700
2021-04-06 07:00:00,17.18,17.3,17.05,17.1,1037000
2021-04-07 07:00:00,17.02,17.46,17.01,17.38,612100
2021-04-08 07:00:00,17.46,17.48,17.3,17.3,816600
2021-04-09 07:00:00,17.3,17.36,17.26,17.3,675900
2021-04-12 07:00:00,17.34,17.86,17.34,17.62,1781000
2021-04-13 07:00:00,17.62,17.7,17.1,17.26,985200
2021-04-14 07:00:00,17.01,17.22,16.67,17.18,797000
2021-04-15 07:00:00,16.99,17.02,16.67,16.83,1295900
2021-04-16 07:00:00,16.59,16.79,15.83,16.29,1484200
2021-04-19 07:00:00,16.47,16.47,15.87,16.29,695500
2021-04-20 07:00:00,16.27,16.31,15.87,15.93,867500
2021-04-22 07:00:00,15.75,15.91,14.86,14.86,1749500
2021-04-23 07:00:00,14.86,15.67,14.72,15.32,1107800
2021-04-26 07:00:00,15.36,15.79,14.74,15.36,732100
2021-04-27 07:00:00,15.51,16.11,15.36,15.38,1026300
2021-04-28 07:00:00,15.38,15.65,15.36,15.51,430200
2021-04-29 07:00:00,15.43,15.57,15.43,15.43,352200
2021-05-04 07:00:00,15.04,15.87,14.76,15.59,606000
2021-05-05 07:00:00,15.59,16.67,15.59,16.67,1497000
2021-05-06 07:00:00,16.91,17.02,16.31,16.39,818500
2021-05-07 07:00:00,16.39,16.39,15.71,16.03,959700
2021-05-10 07:00:00,15.91,16.11,15.59,15.99,837700
2021-05-11 07:00:00,16.23,16.91,16.11,16.39,942000
2021-05-12 07:00:00,16.39,16.71,16.39,16.65,564800
2021-05-13 07:00:00,16.51,17.1,16.35,16.91,1079800
2021-05-14 07:00:00,16.91,17.3,16.65,17.05,1120200
2021-05-17 07:00:00,17.05,17.1,16.33,16.35,683700
2021-05-18 07:00:00,16.31,16.47,16.11,16.19,801200
2021-05-19 07:00:00,16.03,16.31,16.03,16.31,744400
2021-05-20 07:00:00,16.31,16.31,16.19,16.23,686400
2021-05-21 07:00:00,16.23,17.07,16.23,16.69,1274000
2021-05-24 07:00:00,16.75,17.7,16.75,17.56,2630600
2021-05-25 07:00:00,17.58,17.86,17.38,17.4,1122200
2021-05-26 07:00:00,17.3,17.74,17.18,17.44,1225500
2021-05-27 07:00:00,17.44,17.88,17.1,17.34,2845900
2021-05-28 07:00:00,17.5,17.72,17.1,17.64,1724600
2021-05-31 07:00:00,17.7,17.7,17.18,17.54,1933900
2021-06-01 07:00:00,17.7,18.76,17.5,18.3,3623200
2021-06-02 07:00:00,18.3,18.7,18.14,18.24,1760600
2021-06-03 07:00:00,18.26,18.62,18.22,18.46,1628800
2021-06-04 07:00:00,18.46,18.56,18.24,18.3,2490900
2021-06-07 07:00:00,18.5,18.8,17.1,18.18,2083100
2021-06-08 07:00:00,17.7,18.08,16.93,16.93,3155900
2021-06-09 07:00:00,16.71,17.44,15.95,16.81,2181000
2021-06-10 07:00:00,16.43,16.81,16.27,16.37,1646800
2021-06-11 07:00:00,16.51,16.99,16.39,16.75,1358000
2021-06-14 07:00:00,16.99,17.22,16.71,16.89,996100
2021-06-15 07:00:00,16.89,16.99,16.71,16.89,1073700
2021-06-16 07:00:00,16.89,16.89,16.47,16.65,942900
2021-06-17 07:00:00,16.55,17.3,16.41,17.26,1395200
2021-06-18 07:00:00,17.4,17.66,17.3,17.4,956700
2021-06-21 07:00:00,17.4,17.5,17.08,17.1,863300
2021-06-22 07:00:00,17.3,17.34,17.1,17.18,1154800
2021-06-23 07:00:00,17.12,17.34,16.79,16.99,1046500
2021-06-24 07:00:00,16.99,16.99,16.79,16.83,606800
2021-06-25 07:00:00,16.83,17.3,16.73,17.08,794300
2021-06-28 07:00:00,17.16,17.16,16.99,17.1,1139600
2021-06-29 07:00:00,17.18,17.7,17.01,17.26,2067900
2021-06-30 07:00:00,17.3,17.78,17.26,17.38,1409800
2021-07-01 07:00:00,17.42,17.5,17.14,17.34,1143700
2021-07-02 07:00:00,17.34,17.5,17.18,17.24,1122400
2021-07-05 07:00:00,17.22,17.26,16.75,17.26,1197100
2021-07-06 07:00:00,17.26,17.86,17.02,17.02,3121400
2021-07-07 07:00:00,17.1,17.18,16.43,17.18,1129100
2021-07-08 07:00:00,17.22,17.74,17.22,17.46,1927500
2021-07-09 07:00:00,17.46,18.42,17.3,18.22,4377200
2021-07-12 07:00:00,18.18,18.18,17.02,17.64,1915200
2021-07-13 07:00:00,17.84,18.5,17.46,18.5,2111700
2021-07-14 07:00:00,18.7,19.49,18.7,19.19,4190300
2021-07-15 07:00:00,19.09,20.01,18.84,19.57,2662800
2021-07-16 07:00:00,19.69,20.09,19.37,20.05,2874700
2021-07-19 07:00:00,19.69,20.92,19.53,19.69,4915000
2021-07-20 07:00:00,20.09,20.09,18.84,19.57,3426000
2021-07-21 07:00:00,19.49,20.53,19.39,20.53,3076200
2021-07-22 07:00:00,20.64,21.48,20.57,21.28,2549600
2021-07-23 07:00:00,21.08,21.64,20.68,20.96,2382400
2021-07-26 07:00:00,20.8,21.68,20.76,21.52,2713200
2021-07-27 07:00:00,21.56,21.64,20.92,20.92,3262000
2021-07-28 07:00:00,20.72,20.96,19.89,19.89,3781200
2021-07-29 07:00:00,19.85,21.28,19.67,21.08,4254400
2021-07-30 07:00:00,20.88,21.84,20.88,21.2,2317900
2021-08-02 07:00:00,20.68,21.24,20.49,21.0,4814300
2021-08-03 07:00:00,20.76,22.44,20.76,22.44,6207100
2021-08-04 07:00:00,22.44,22.91,22.08,22.24,1950500
2021-08-05 07:00:00,22.08,22.48,21.68,22.4,2251900
2021-08-06 07:00:00,22.32,23.39,22.24,22.75,2846100
2021-08-09 07:00:00,22.67,23.15,22.6,22.79,2105800
2021-08-10 07:00:00,22.87,23.67,22.44,23.27,2988100
2021-08-11 07:00:00,23.07,23.47,22.63,22.63,2188100
2021-08-12 07:00:00,22.63,23.43,22.36,22.79,3163800
2021-08-13 07:00:00,22.75,23.83,22.6,23.83,3884400
2021-08-16 07:00:00,24.07,24.07,23.47,23.63,1517400
2021-08-17 07:00:00,23.47,23.63,22.95,23.07,2506200
2021-08-18 07:00:00,22.91,23.55,22.91,23.27,1776100
2021-08-19 07:00:00,23.15,23.59,23.03,23.59,1604000
2021-08-20 07:00:00,23.35,23.67,21.96,21.96,5330100
2021-08-23 07:00:00,21.8,21.88,20.45,20.45,4727800
2021-08-24 07:00:00,20.41,20.88,20.09,20.49,2266200
2021-08-25 07:00:00,20.49,21.28,20.29,21.28,1509600
2021-08-26 07:00:00,21.28,21.44,20.92,21.0,1700600
2021-08-27 07:00:00,20.96,21.88,20.68,21.88,2565500
2021-08-30 07:00:00,22.0,22.24,21.64,21.96,1685400
2021-08-31 07:00:00,22.08,22.75,21.88,22.44,2145500
2021-09-01 07:00:00,22.4,22.63,22.08,22.12,1825200
2021-09-06 07:00:00,22.24,22.79,22.08,22.24,2368600
2021-09-07 07:00:00,22.24,22.63,21.48,21.6,1743500
2021-09-08 07:00:00,21.6,21.88,21.32,21.32,1610800
2021-09-09 07:00:00,21.12,21.48,21.04,21.28,1673600
2021-09-10 07:00:00,21.52,21.76,21.28,21.36,716700
2021-09-13 07:00:00,21.52,21.64,20.88,21.0,1371000
2021-09-14 07:00:00,21.0,21.08,20.49,20.49,1872400
2021-09-15 07:00:00,20.37,21.08,20.37,21.08,785600
2021-09-16 07:00:00,21.28,21.28,20.49,21.16,958700
2021-09-17 07:00:00,21.56,22.63,21.28,22.63,4029200
2021-09-20 07:00:00,22.95,22.95,22.08,22.12,1450300
2021-09-21 07:00:00,21.48,23.63,21.48,23.63,4580500
2021-09-22 07:00:00,23.87,23.91,23.19,23.63,1551300
2021-09-23 07:00:00,23.75,24.46,23.11,23.27,1617600
2021-09-24 07:00:00,23.23,23.59,22.95,23.11,1303100
2021-09-27 07:00:00,23.15,23.43,21.68,21.68,2462800
2021-09-28 07:00:00,21.68,22.87,21.48,22.75,1615500
2021-09-29 07:00:00,22.28,23.55,22.24,23.11,1064300
2021-09-30 07:00:00,23.27,23.47,22.44,23.07,1289100
2021-10-01 07:00:00,23.03,23.11,22.48,22.48,1265600
2021-10-04 07:00:00,22.48,23.43,22.28,23.23,2063100
2021-10-05 07:00:00,23.47,24.38,23.27,24.19,2408600
2021-10-06 07:00:00,24.22,24.74,23.99,24.38,990200
2021-10-07 07:00:00,24.38,24.62,24.11,24.38,1217100
2021-10-08 07:00:00,24.42,24.98,24.22,24.46,1351800
2021-10-11 07:00:00,24.46,24.82,24.03,24.07,1357700
2021-10-12 07:00:00,24.07,24.98,23.71,24.98,2117900
2021-10-13 07:00:00,25.26,26.06,25.02,25.62,1815700
2021-10-14 07:00:00,25.86,25.86,24.82,25.54,1373400
2021-10-15 07:00:00,25.46,26.1,25.26,25.58,1213900
2021-10-18 07:00:00,25.46,25.94,25.42,25.42,985800
2021-10-19 07:00:00,25.42,25.86,25.06,25.66,982200
2021-10-20 07:00:00,25.7,26.41,25.54,26.21,1350300
2021-10-21 07:00:00,26.45,26.45,25.74,26.25,1009500
2021-10-22 07:00:00,26.41,26.97,26.02,26.02,1604700
2021-10-25 07:00:00,26.02,26.69,25.46,25.46,1690400
2021-10-26 07:00:00,25.54,26.21,24.74,26.21,1830000
2021-10-27 07:00:00,26.37,26.45,25.9,26.1,1243700
2021-10-28 07:00:00,26.1,26.85,26.1,26.29,1450800
2021-10-29 07:00:00,26.33,26.65,26.21,26.25,1358700
2021-11-01 07:00:00,26.25,27.25,26.06,26.69,1826800
2021-11-02 07:00:00,26.65,27.05,26.45,26.77,1357300
2021-11-03 07:00:00,26.69,27.13,24.9,24.9,3025700
2021-11-04 07:00:00,25.06,25.46,24.26,25.46,1726400
2021-11-05 07:00:00,25.38,25.74,25.14,25.5,888300
2021-11-08 07:00:00,25.66,26.06,25.42,25.54,1715200
2021-11-09 07:00:00,25.54,26.06,25.42,25.58,1109700
2021-11-10 07:00:00,25.86,26.1,25.54,25.94,935800
2021-11-11 07:00:00,26.1,27.21,25.58,26.25,1662800
2021-11-12 07:00:00,26.29,26.77,26.21,26.25,887900
2021-11-15 07:00:00,26.33,26.65,25.86,26.29,1179900
2021-11-16 07:00:00,26.29,26.29,25.54,25.66,1215600
2021-11-17 07:00:00,25.82,26.06,25.54,25.74,794300
2021-11-18 07:00:00,25.78,27.17,25.78,26.69,1670900
2021-11-19 07:00:00,26.97,26.97,25.26,25.86,1102000
2021-11-22 07:00:00,25.9,26.06,24.66,24.78,1508300
2021-11-23 07:00:00,24.7,25.58,24.7,25.58,922800
2021-11-24 07:00:00,25.86,27.37,25.78,27.37,3329100
2021-11-25 07:00:00,27.53,29.24,27.53,28.56,1787600
2021-11-26 07:00:00,29.04,29.64,28.84,29.04,1259800
2021-11-29 07:00:00,28.28,29.28,28.28,29.28,1206800
2021-11-30 07:00:00,29.6,30.15,27.84,29.44,1351800
2021-12-01 07:00:00,29.04,29.24,28.4,28.56,1071400
2021-12-02 07:00:00,28.72,29.8,28.04,29.2,1093700
2021-12-03 07:00:00,29.04,29.44,28.64,28.8,733600
2021-12-06 07:00:00,28.8,30.03,28.56,29.44,1771200
2021-12-07 07:00:00,29.8,30.39,29.12,30.35,1289300
2021-12-08 07:00:00,30.59,31.78,30.19,30.35,1926500
2021-12-09 07:00:00,30.55,30.63,29.87,29.87,1286500
2021-12-10 07:00:00,29.4,30.63,29.12,30.23,1113800
2021-12-13 07:00:00,30.27,30.83,30.27,30.31,954900
2021-12-14 07:00:00,30.31,30.35,29.52,29.83,1090300
2021-12-15 07:00:00,29.52,29.8,29.2,29.44,1077200
2021-12-16 07:00:00,29.48,30.15,29.04,29.91,742300
2021-12-17 07:00:00,29.72,31.03,29.64,30.23,1028900
2021-12-20 07:00:00,29.91,30.15,29.44,29.44,1086900
2021-12-21 07:00:00,30.44,30.44,29.48,30.44,845700
2021-12-22 07:00:00,30.53,32.35,30.53,31.87,1073600
2021-12-23 07:00:00,31.82,31.87,30.82,31.63,1239600
2021-12-24 07:00:00,31.11,31.63,30.77,31.25,392600
2021-12-27 07:00:00,31.49,31.49,30.2,30.96,420200
2021-12-28 07:00:00,30.96,32.35,30.06,31.77,1454100
2021-12-29 07:00:00,31.96,32.35,31.39,31.82,604000
2021-12-30 07:00:00,31.73,31.96,31.15,31.73,662400
2021-12-31 07:00:00,31.73,31.73,31.2,31.73,447900
2022-01-04 07:00:00,31.73,32.16,31.25,31.73,933000
2022-01-05 07:00:00,31.96,32.35,31.44,31.96,1094700
2022-01-06 07:00:00,32.39,32.54,31.96,32.35,1265000
2022-01-07 07:00:00,32.44,32.44,31.73,31.96,1123800
2022-01-10 07:00:00,31.54,31.96,30.3,30.3,955500
2022-01-11 07:00:00,30.82,30.82,29.68,30.44,740300
2022-01-12 07:00:00,29.72,30.3,28.34,29.82,1411700
2022-01-13 07:00:00,30.06,30.06,28.39,29.34,655800
2022-01-14 07:00:00,28.39,30.06,28.39,29.82,457400
2022-01-17 07:00:00,29.15,30.2,28.15,28.58,724200
2022-01-18 07:00:00,28.15,28.24,26.62,27.19,1306200
2022-01-19 07:00:00,26.48,28.15,26.48,28.05,383800
2022-01-20 07:00:00,27.34,29.1,27.34,28.86,368200
2022-01-21 07:00:00,28.86,28.86,28.2,28.72,451300
2022-01-24 07:00:00,28.39,28.39,26.96,27.58,555100
2022-01-25 07:00:00,27.15,27.67,26.62,27.58,275100
2022-01-26 07:00:00,27.91,28.15,27.43,28.1,683200
2022-01-27 07:00:00,27.67,29.06,27.67,28.67,628200
2022-01-28 07:00:00,28.67,29.82,28.67,29.1,601300
2022-02-07 07:00:00,29.53,30.06,29.15,29.96,777100
2022-02-08 07:00:00,29.96,30.3,29.63,30.15,436600
2022-02-09 07:00:00,30.15,30.44,29.58,30.34,565200
2022-02-10 07:00:00,30.3,30.39,29.72,30.25,428900
2022-02-11 07:00:00,29.77,31.01,29.77,30.68,1132800
2022-02-14 07:00:00,30.25,31.25,30.25,30.39,1083400
2022-02-15 07:00:00,30.39,30.63,30.06,30.58,359000
2022-02-16 07:00:00,30.63,31.11,30.49,30.72,886600
2022-02-17 07:00:00,30.72,30.87,30.2,30.77,844200
2022-02-18 07:00:00,30.34,32.2,30.34,32.06,3024400
2022-02-21 07:00:00,32.2,33.49,32.2,33.35,2792800
2022-02-22 07:00:00,32.92,33.64,32.44,33.4,1232700
2022-02-23 07:00:00,33.4,34.02,32.87,33.4,1703700
2022-02-24 07:00:00,33.02,33.54,31.3,32.78,1764300
2022-02-25 07:00:00,33.3,34.3,33.02,33.64,1620300
2022-02-28 07:00:00,33.4,33.83,33.06,33.59,702100
2022-03-01 07:00:00,33.73,33.78,33.21,33.68,1097900
2022-03-02 07:00:00,33.44,33.68,33.02,33.4,1054700
2022-03-03 07:00:00,33.49,34.83,33.02,34.83,1923800
2022-03-04 07:00:00,34.83,35.11,34.35,34.73,998100
2022-03-07 07:00:00,34.16,34.78,34.06,34.54,1229200
2022-03-08 07:00:00,33.68,34.11,32.2,32.2,2371200
2022-03-09 07:00:00,32.01,33.11,30.77,32.87,1736100
2022-03-10 07:00:00,33.3,33.64,32.87,33.25,942000
2022-03-11 07:00:00,33.25,33.44,32.58,33.16,1100400
2022-03-14 07:00:00,32.78,33.4,32.49,32.82,1036700
2022-03-15 07:00:00,32.63,33.16,32.35,33.02,766300
2022-03-16 07:00:00,33.35,34.59,32.92,34.11,1826700
2022-03-17 07:00:00,34.26,34.79,34.16,34.4,686600
2022-03-18 07:00:00,34.45,35.32,34.11,34.98,1642800
2022-03-21 07:00:00,34.98,35.71,34.69,35.56,1936500
2022-03-22 07:00:00,35.66,36.19,34.69,35.32,1463500
2022-03-23 07:00:00,35.18,35.8,34.45,35.32,1706400
2022-03-24 07:00:00,35.27,35.56,34.64,35.08,1393700
2022-03-25 07:00:00,35.32,35.32,34.69,35.27,894600
2022-03-28 07:00:00,34.79,35.27,33.92,34.5,1433300
2022-03-29 07:00:00,34.69,34.84,34.21,34.35,1338700
2022-03-30 07:00:00,34.16,34.89,33.14,33.29,1663300
2022-03-31 07:00:00,33.19,33.87,33.14,33.87,1029700
2022-04-01 07:00:00,33.44,34.69,33.29,34.64,1279000
2022-04-04 07:00:00,34.74,34.98,34.4,34.6,1025800
2022-04-05 07:00:00,34.5,34.74,33.97,33.97,705500
2022-04-06 07:00:00,33.77,33.82,33.19,33.77,1454100
2022-04-07 07:00:00,33.48,33.48,32.52,32.9,1102600
2022-04-08 07:00:00,32.71,33.0,32.22,32.22,865700
2022-04-12 07:00:00,32.27,32.56,30.72,31.45,907500
2022-04-13 07:00:00,31.06,32.66,30.48,32.52,857200
2022-04-14 07:00:00,32.56,32.61,32.08,32.18,604500
2022-04-15 07:00:00,31.94,33.87,31.5,32.81,986800
2022-04-18 07:00:00,32.66,33.19,31.84,32.42,1036600
2022-04-19 07:00:00,32.9,33.0,31.98,32.22,506900
2022-04-20 07:00:00,32.22,32.22,30.0,30.0,1041400
2022-04-21 07:00:00,29.03,30.48,28.06,29.95,1498600
2022-04-22 07:00:00,29.95,30.53,27.87,29.32,1706600
2022-04-25 07:00:00,28.89,28.89,27.29,27.29,1003500
2022-04-26 07:00:00,25.4,25.94,25.4,25.94,1975000
2022-04-27 07:00:00,25.84,27.1,25.31,27.1,721600
2022-04-28 07:00:00,27.34,27.72,26.81,27.68,1238900
2022-04-29 07:00:00,27.29,28.31,27.1,27.87,889200
2022-05-04 07:00:00,27.68,27.68,26.37,26.37,456000
2022-05-05 07:00:00,26.56,27.24,25.16,26.52,827300
2022-05-06 07:00:00,25.55,26.08,24.68,24.68,1010500
2022-05-09 07:00:00,24.14,24.19,22.96,22.96,1667800
2022-05-10 07:00:00,21.36,22.4,21.36,22.31,2000700
2022-05-11 07:00:00,22.64,23.22,22.26,22.74,856700
2022-05-12 07:00:00,22.64,23.13,21.17,21.17,890900
2022-05-13 07:00:00,21.07,21.17,19.69,19.69,936200
2022-05-16 07:00:00,19.84,20.71,18.34,18.34,1112000
2022-05-17 07:00:00,17.56,19.62,17.56,19.62,938000
2022-05-18 07:00:00,20.08,20.98,19.89,20.98,1768300
2022-05-19 07:00:00,20.56,22.4,20.32,22.23,1299600
2022-05-20 07:00:00,22.21,23.08,21.82,22.55,1180000
2022-05-23 07:00:00,22.55,22.94,21.68,22.26,1271500
2022-05-24 07:00:00,21.82,22.35,21.1,22.35,847200
2022-05-25 07:00:00,22.45,23.71,22.26,23.44,1477500
2022-05-26 07:00:00,23.52,24.44,23.44,24.44,1039600
2022-05-27 07:00:00,24.19,24.77,23.98,24.44,903900
2022-05-30 07:00:00,24.63,24.72,23.56,24.44,1206900
2022-05-31 07:00:00,24.29,24.92,23.81,24.87,1578600
2022-06-01 07:00:00,24.82,24.87,23.76,24.44,1384200
2022-06-02 07:00:00,24.44,24.44,23.32,23.66,1642400
2022-06-03 07:00:00,23.47,24.0,23.27,23.44,966300
2022-06-06 07:00:00,23.47,24.77,22.74,24.24,2471800
2022-06-07 07:00:00,24.14,25.94,24.12,25.94,3975400
2022-06-08 07:00:00,26.32,27.0,25.94,26.61,1561200
2022-06-09 07:00:00,26.37,26.71,26.08,26.61,1635300
2022-06-10 07:00:00,26.13,27.34,25.35,25.35,2452200
2022-06-13 07:00:00,24.44,26.61,24.24,24.92,2254700
2022-06-14 07:00:00,24.92,26.47,24.87,25.89,1664000
2022-06-15 07:00:00,25.64,26.22,24.29,25.16,1219100
2022-06-16 07:00:00,25.84,26.9,25.45,26.9,3971800
2022-06-17 07:00:00,26.37,28.45,26.37,28.31,3337400
2022-06-20 07:00:00,28.06,28.98,26.61,26.95,2476900
2022-06-21 07:00:00,26.47,27.48,25.11,25.11,3624700
2022-06-22 07:00:00,24.97,25.31,23.37,25.16,3132700
2022-06-23 07:00:00,25.31,26.66,25.16,26.66,1807800
2022-06-24 07:00:00,26.61,27.24,26.13,26.52,1211000
2022-06-27 07:00:00,26.22,27.05,26.22,26.47,1350600
2022-06-28 07:00:00,26.71,27.87,26.47,27.58,2243500
2022-06-29 07:00:00,27.29,27.58,26.66,27.58,1395500
2022-06-30 07:00:00,27.63,28.21,27.34,27.34,2200200
2022-07-01 07:00:00,27.34,27.34,25.45,26.56,2949800
2022-07-04 07:00:00,26.47,26.47,24.72,24.72,2073500
2022-07-05 07:00:00,24.63,24.77,23.95,24.68,2540600
2022-07-06 07:00:00,24.79,24.91,23.86,24.04,1310800
2022-07-07 07:00:00,23.81,25.49,23.11,25.4,1068700
2022-07-08 07:00:00,25.37,25.84,24.91,25.32,1024100
2022-07-11 07:00:00,24.68,25.29,24.27,25.0,699700
2022-07-12 07:00:00,25.05,26.36,24.68,26.36,1724600
2022-07-13 07:00:00,26.13,26.42,25.55,25.75,406100
2022-07-14 07:00:00,26.01,26.22,25.26,26.01,841600
2022-07-15 07:00:00,26.01,26.71,25.61,26.04,1297700
2022-07-18 07:00:00,26.3,26.65,25.81,25.81,733100
2022-07-19 07:00:00,25.9,27.23,25.87,26.88,1632200
2022-07-20 07:00:00,27.32,27.7,27.0,27.41,1623000
2022-07-21 07:00:00,27.41,27.75,27.06,27.29,781400
2022-07-22 07:00:00,27.23,27.67,27.12,27.46,881100
2022-07-25 07:00:00,27.17,28.22,27.17,28.22,1509600
2022-07-26 07:00:00,28.22,28.68,27.93,28.22,995400
2022-07-27 07:00:00,27.87,28.57,27.81,28.57,833900
2022-07-28 07:00:00,28.97,30.54,28.6,30.08,3431200
2022-07-29 07:00:00,30.19,30.77,29.73,30.72,1204900
2022-08-01 07:00:00,30.77,31.64,29.79,30.14,2794500
2022-08-02 07:00:00,29.84,30.77,29.73,30.14,2674700
2022-08-03 07:00:00,30.14,31.35,30.02,30.77,1900800
2022-08-04 07:00:00,30.77,30.83,29.73,29.73,2650400
2022-08-05 07:00:00,29.73,30.42,29.61,30.02,1530900
2022-08-08 07:00:00,30.02,31.01,29.9,30.72,1774500
2022-08-09 07:00:00,30.72,31.01,29.96,29.96,2680300
2022-08-10 07:00:00,29.9,30.42,29.73,30.37,1458700
2022-08-11 07:00:00,30.54,30.6,29.03,29.32,1855900
2022-08-12 07:00:00,29.5,30.08,29.32,30.08,1246800
2022-08-15 07:00:00,30.19,31.64,29.96,31.64,6070500
2022-08-16 07:00:00,31.64,31.82,31.18,31.35,1246900
2022-08-17 07:00:00,31.35,31.94,31.12,31.3,1715800
2022-08-18 07:00:00,31.12,31.64,30.77,31.06,1770600
2022-08-19 07:00:00,31.3,31.59,30.25,30.77,2397900
2022-08-22 07:00:00,30.6,30.95,30.14,30.89,1792100
2022-08-23 07:00:00,30.37,31.53,30.37,31.47,2463100
2022-08-24 07:00:00,31.76,32.63,31.53,32.22,3276200
2022-08-25 07:00:00,31.94,33.04,31.82,32.4,3326000
2022-08-26 07:00:00,32.28,32.69,31.64,31.88,2019900
2022-08-29 07:00:00,30.77,31.3,30.02,31.3,3121900
2022-08-30 07:00:00,31.47,31.64,31.12,31.18,1533500
2022-08-31 07:00:00,31.06,31.88,30.48,31.64,2080700
2022-09-05 07:00:00,31.82,31.82,31.35,31.35,932400
2022-09-06 07:00:00,31.59,32.17,31.35,31.35,1799600
2022-09-07 07:00:00,31.18,31.35,29.5,29.79,2638700
2022-09-08 07:00:00,30.19,30.19,29.21,29.21,1714700
2022-09-09 07:00:00,29.61,30.48,29.26,30.48,1468100
2022-09-12 07:00:00,30.77,30.77,30.31,30.48,711600
2022-09-13 07:00:00,30.54,30.6,29.67,30.48,1238400
2022-09-14 07:00:00,29.84,30.42,29.79,30.19,1593200
2022-09-15 07:00:00,30.25,30.48,29.73,29.96,1704900
2022-09-16 07:00:00,29.79,29.96,28.51,28.51,2801500
2022-09-19 07:00:00,28.48,28.77,26.54,26.54,3083900
2022-09-20 07:00:00,26.71,27.0,25.58,26.71,2052200
2022-09-21 07:00:00,26.39,26.48,25.95,26.13,817700
2022-09-22 07:00:00,25.66,25.9,24.74,25.81,3073000
2022-09-23 07:00:00,26.13,26.82,25.92,26.36,1571900
2022-09-26 07:00:00,25.78,25.81,24.53,24.53,3453400
2022-09-27 07:00:00,24.53,25.14,23.95,24.27,1294400
2022-09-28 07:00:00,24.18,24.94,23.86,24.27,1258100
2022-09-29 07:00:00,24.79,24.79,23.22,23.22,1552800
2022-09-30 07:00:00,22.5,24.1,21.6,23.63,2690600
2022-10-03 07:00:00,23.34,23.37,22.01,22.01,1738600
2022-10-04 07:00:00,22.24,22.35,20.61,20.73,2063800
2022-10-05 07:00:00,21.48,22.01,21.08,21.89,1911200
2022-10-06 07:00:00,21.89,21.89,20.38,20.38,1943000
2022-10-07 07:00:00,19.34,19.74,18.96,18.96,2365900
2022-10-10 07:00:00,18.35,20.26,18.35,19.83,1885200
2022-10-11 07:00:00,20.03,20.03,18.46,18.46,1518200
2022-10-12 07:00:00,18.87,19.74,18.2,19.74,2139000
2022-10-13 07:00:00,19.74,20.5,19.68,20.32,871700
2022-10-14 07:00:00,20.84,20.87,20.15,20.58,2442600
2022-10-17 07:00:00,20.18,20.9,19.74,20.9,1134900
2022-10-18 07:00:00,21.14,21.45,20.61,20.64,1512900
2022-10-19 07:00:00,20.67,20.87,20.15,20.64,1157000
2022-10-20 07:00:00,20.38,20.55,19.57,19.57,1965700
2022-10-21 07:00:00,19.57,19.57,18.2,18.2,2046600
2022-10-24 07:00:00,17.74,17.94,16.95,16.95,1249100
2022-10-25 07:00:00,15.91,17.13,15.79,15.88,3250000
2022-10-26 07:00:00,15.91,16.55,14.78,14.78,2543400
2022-10-27 07:00:00,14.57,15.79,14.57,15.79,2409100
2022-10-28 07:00:00,16.02,16.9,16.02,16.9,2694500
2022-10-31 07:00:00,17.36,17.68,16.26,17.24,3132200
2022-11-01 07:00:00,17.36,17.65,16.9,17.01,1250600
2022-11-02 07:00:00,16.9,17.82,16.9,17.48,1858900
2022-11-03 07:00:00,17.13,17.68,17.13,17.68,1380400
2022-11-04 07:00:00,17.42,17.68,16.46,16.81,3224300
2022-11-07 07:00:00,16.66,16.78,15.65,15.65,1040200
2022-11-08 07:00:00,14.57,16.32,14.57,16.26,3514000
2022-11-09 07:00:00,16.55,16.98,15.79,15.97,1736500
2022-11-10 07:00:00,15.42,15.79,14.86,14.86,2572700
2022-11-11 07:00:00,15.36,15.39,14.52,15.21,2924200
2022-11-14 07:00:00,14.52,14.81,14.17,14.52,2758700
2022-11-15 07:00:00,13.76,14.28,13.5,13.5,1871600
2022-11-16 07:00:00,12.57,14.43,12.57,14.43,3438200
2022-11-17 07:00:00,14.89,15.39,14.52,15.39,1895600
2022-11-18 07:00:00,15.33,16.08,14.57,15.68,1503800
2022-11-21 07:00:00,15.74,16.49,15.65,15.79,1636400
2022-11-22 07:00:00,15.62,16.49,14.92,15.5,6367800
2022-11-23 07:00:00,15.44,15.59,14.89,15.07,1092900
2022-11-24 07:00:00,14.78,15.62,14.31,15.04,3036200
2022-11-25 07:00:00,15.39,16.08,15.15,16.08,3487500
2022-11-28 07:00:00,16.55,17.13,16.37,17.13,3602200
2022-11-29 07:00:00,17.36,17.42,16.43,17.16,4025500
2022-11-30 07:00:00,17.16,18.35,16.78,18.35,4536200
2022-12-01 07:00:00,18.99,19.39,17.42,18.23,3352500
2022-12-02 07:00:00,17.77,19.16,17.62,19.16,3667600
2022-12-05 07:00:00,19.39,19.51,18.64,19.13,3175500
2022-12-06 07:00:00,18.46,19.1,18.06,18.35,5254200
2022-12-07 07:00:00,17.88,18.26,17.36,17.59,2285600
2022-12-08 07:00:00,18.12,18.64,17.82,18.29,2240700
2022-12-09 07:00:00,18.58,18.58,17.91,18.58,1492900
2022-12-12 07:00:00,18.81,19.31,18.09,18.09,2799300
2022-12-13 07:00:00,17.94,18.55,17.45,18.55,2184500
2022-12-14 07:00:00,18.87,19.02,18.64,18.75,1795200
2022-12-15 07:00:00,18.87,19.74,18.64,19.74,2763900
2022-12-16 07:00:00,19.34,20.21,19.28,20.15,2228100
2022-12-19 07:00:00,20.15,20.18,18.96,18.96,2328600
2022-12-20 07:00:00,18.58,18.96,17.8,18.58,3202500
2022-12-21 07:00:00,18.58,18.64,17.45,18.46,1337200
2022-12-22 07:00:00,18.41,18.58,17.71,18.23,940700
2022-12-23 07:00:00,18.12,18.81,17.71,18.43,1301000
2022-12-26 07:00:00,18.43,18.43,17.24,17.36,1025600
2022-12-27 07:00:00,17.19,18.14,16.9,18.14,1039200
2022-12-28 07:00:00,18.0,18.14,17.8,18.0,514000
2022-12-29 07:00:00,17.68,18.2,17.68,17.8,398200
2022-12-30 07:00:00,18.0,18.23,17.65,18.23,705300
2023-01-03 07:00:00,18.17,19.1,17.88,18.99,1885600
2023-01-04 07:00:00,19.05,19.28,18.49,18.58,1080000
2023-01-05 07:00:00,18.49,19.39,18.49,19.16,1558300
2023-01-06 07:00:00,19.16,19.28,18.7,18.99,1125900
2023-01-09 07:00:00,18.99,19.28,18.55,18.61,789300
2023-01-10 07:00:00,18.58,18.64,17.91,18.2,996700
2023-01-11 07:00:00,18.35,18.75,18.23,18.46,650700
2023-01-12 07:00:00,18.7,18.7,18.35,18.35,483200
2023-01-13 07:00:00,18.7,19.1,18.35,18.52,966300
2023-01-16 07:00:00,18.49,18.64,18.0,18.23,651800
2023-01-17 07:00:00,18.43,19.05,18.26,19.05,1296400
2023-01-18 07:00:00,19.1,19.31,19.07,19.28,1240400
2023-01-19 07:00:00,19.31,19.77,19.25,19.6,1560700
2023-01-27 07:00:00,20.03,20.03,19.57,19.62,896400
2023-01-30 07:00:00,19.65,20.09,19.34,19.36,1885100
2023-01-31 07:00:00,19.22,19.86,19.22,19.86,1457200
2023-02-01 07:00:00,20.06,20.82,19.02,19.02,4326100
2023-02-02 07:00:00,19.16,19.28,18.32,18.58,1337500
2023-02-03 07:00:00,18.67,19.02,18.46,18.7,1162000
2023-02-06 07:00:00,18.58,19.05,18.46,19.05,1080300
2023-02-07 07:00:00,19.34,19.34,18.29,18.87,1319200
2023-02-08 07:00:00,18.87,18.87,18.0,18.58,909200
2023-02-09 07:00:00,18.64,18.7,18.23,18.23,789400
2023-02-10 07:00:00,18.23,18.41,17.48,17.48,1451200
2023-02-13 07:00:00,17.42,17.42,16.4,16.61,1438000
2023-02-14 07:00:00,16.84,17.16,16.61,16.95,687200
2023-02-15 07:00:00,16.84,17.54,16.84,17.36,786700
2023-02-16 07:00:00,17.36,17.71,17.36,17.71,555500
2023-02-17 07:00:00,17.71,18.17,17.54,17.8,584100
2023-02-20 07:00:00,17.82,18.52,17.8,18.49,1150900
2023-02-21 07:00:00,18.52,18.7,18.17,18.17,728400
2023-02-22 07:00:00,17.82,18.0,17.13,17.13,1175800
2023-02-23 07:00:00,17.24,17.27,16.61,17.24,1105200
2023-02-24 07:00:00,17.27,17.39,16.87,16.87,300700
2023-02-27 07:00:00,16.66,16.84,16.17,16.26,995700
2023-02-28 07:00:00,16.37,17.13,16.26,17.07,731900
2023-03-01 07:00:00,17.07,17.42,16.72,17.42,461600
2023-03-02 07:00:00,17.45,17.45,16.98,17.42,656400
2023-03-03 07:00:00,17.42,17.48,17.07,17.33,495300
2023-03-06 07:00:00,17.54,18.06,17.42,17.42,700700
2023-03-07 07:00:00,17.54,17.71,17.33,17.42,386600
2023-03-08 07:00:00,17.13,17.71,17.13,17.71,439100
2023-03-09 07:00:00,17.88,17.88,17.65,17.88,507700
2023-03-10 07:00:00,17.62,17.8,17.33,17.68,735900
2023-03-13 07:00:00,17.42,17.59,17.19,17.19,667700
2023-03-14 07:00:00,17.1,17.3,16.61,16.61,740000
2023-03-15 07:00:00,17.07,17.33,16.87,17.16,421000
2023-03-16 07:00:00,17.13,17.19,16.84,17.19,268400
2023-03-17 07:00:00,17.19,17.36,17.13,17.36,764400
2023-03-20 07:00:00,17.24,17.3,16.9,16.9,316900
2023-03-21 07:00:00,17.13,17.13,16.78,17.01,268700
2023-03-22 07:00:00,17.19,17.19,16.9,16.92,194400
2023-03-23 07:00:00,16.84,16.95,16.55,16.87,539600
2023-03-24 07:00:00,16.9,17.3,16.9,17.19,450500
2023-03-27 07:00:00,17.19,17.54,17.13,17.36,470100
2023-03-28 07:00:00,17.45,17.68,17.36,17.65,780900
2023-03-29 07:00:00,17.65,17.65,17.36,17.54,281100
2023-03-30 07:00:00,17.71,17.71,17.36,17.48,427900
2023-03-31 07:00:00,17.48,17.68,17.36,17.68,499200
2023-04-03 07:00:00,18.23,18.38,17.88,18.14,1083100
2023-04-04 07:00:00,18.17,18.17,17.88,18.17,709700
2023-04-05 07:00:00,18.17,18.96,18.17,18.73,1733700
2023-04-06 07:00:00,18.87,18.93,18.32,18.32,1121100
2023-04-07 07:00:00,18.35,18.38,18.0,18.17,560700
2023-04-10 07:00:00,18.41,18.52,18.0,18.12,741900
2023-04-11 07:00:00,18.06,18.64,17.85,18.64,1198100
2023-04-12 07:00:00,18.81,19.68,18.73,19.54,3775900
2023-04-13 07:00:00,19.57,19.68,19.16,19.25,1032100
2023-04-14 07:00:00,19.39,19.45,18.7,18.7,1921400
2023-04-17 07:00:00,18.43,18.93,18.2,18.87,895900
2023-04-18 07:00:00,18.87,18.99,18.52,18.58,1016500
2023-04-19 07:00:00,18.73,18.73,18.17,18.17,979000
2023-04-20 07:00:00,18.03,18.32,18.03,18.2,735100
2023-04-21 07:00:00,18.29,18.29,17.88,17.91,735800
2023-04-24 07:00:00,18.0,18.58,18.0,18.46,933000
2023-04-25 07:00:00,18.58,18.78,18.23,18.58,973400
2023-04-26 07:00:00,18.58,19.13,18.46,19.13,1595600
2023-04-27 07:00:00,19.16,19.62,19.07,19.1,1512300
2023-04-28 07:00:00,19.36,19.57,19.22,19.57,1655400
2023-05-04 07:00:00,19.48,20.09,19.48,19.65,1935700
2023-05-05 07:00:00,19.71,19.74,19.28,19.31,953800
2023-05-08 07:00:00,19.51,19.74,19.31,19.34,1154200
2023-05-09 07:00:00,19.6,19.6,19.28,19.51,878100
2023-05-10 07:00:00,19.71,20.41,19.57,20.03,3822200
2023-05-11 07:00:00,20.26,20.52,20.03,20.09,2165600
2023-05-12 07:00:00,20.24,20.44,20.03,20.32,1873000
2023-05-15 07:00:00,20.61,20.61,19.6,19.6,2174400
2023-05-16 07:00:00,20.0,20.03,19.74,19.83,1299300
2023-05-17 07:00:00,19.74,19.97,19.45,19.74,1233900
2023-05-18 07:00:00,19.8,19.86,19.65,19.68,879800
2023-05-19 07:00:00,19.62,20.21,19.62,19.86,1063600
2023-05-22 07:00:00,20.15,20.47,20.0,20.44,2182200
2023-05-23 07:00:00,20.55,20.7,20.26,20.38,1156600
2023-05-24 07:00:00,20.61,20.61,20.03,20.03,1199300
2023-05-25 07:00:00,20.03,20.03,19.77,19.83,1056300
2023-05-26 07:00:00,20.0,20.29,19.89,20.18,772400
2023-05-29 07:00:00,20.41,20.52,20.24,20.32,1137900
2023-05-30 07:00:00,20.5,21.19,20.29,21.19,2684000
2023-05-31 07:00:00,21.19,21.8,20.82,21.31,1387300
2023-06-01 07:00:00,21.02,21.48,20.84,21.31,1005500
2023-06-02 07:00:00,21.48,21.6,21.02,21.16,1065600
2023-06-05 07:00:00,21.19,21.34,20.67,20.84,1700000
2023-06-06 07:00:00,20.67,21.34,20.58,21.28,1331500
2023-06-07 07:00:00,21.42,21.42,20.9,21.37,1017200
2023-06-08 07:00:00,21.28,21.86,20.9,20.9,1550400
2023-06-09 07:00:00,20.96,21.77,20.96,21.77,2024300
2023-06-12 07:00:00,22.04,22.41,22.01,22.41,2921600
2023-06-13 07:00:00,22.62,22.91,21.98,22.15,1704600
2023-06-14 07:00:00,22.35,22.35,21.83,21.95,1072900
2023-06-15 07:00:00,21.92,22.04,21.54,21.89,747500
2023-06-16 07:00:00,21.89,22.38,21.54,21.54,1765600
2023-06-19 07:00:00,21.66,21.95,21.57,21.86,887000
2023-06-20 07:00:00,21.86,22.3,21.86,22.24,1229400
2023-06-21 07:00:00,22.27,22.82,22.27,22.82,1539700
2023-06-22 07:00:00,22.94,22.94,22.44,22.88,1083300
2023-06-23 07:00:00,22.88,22.88,22.15,22.5,981700
2023-06-26 07:00:00,22.44,22.82,22.01,22.82,1209100
2023-06-27 07:00:00,22.82,22.82,22.64,22.79,535500
2023-06-28 07:00:00,22.85,22.96,22.59,22.59,592600
2023-06-29 07:00:00,22.79,22.82,22.27,22.64,743200
2023-06-30 07:00:00,22.35,22.59,22.21,22.47,829300
2023-07-03 07:00:00,22.62,22.62,22.3,22.3,870800
2023-07-04 07:00:00,22.51,22.8,22.51,22.8,781200
2023-07-05 07:00:00,22.88,22.88,22.3,22.44,1640200
2023-07-06 07:00:00,22.44,22.59,21.53,22.08,1674400
2023-07-07 07:00:00,21.64,22.08,21.53,22.04,1006600
2023-07-10 07:00:00,22.04,22.15,21.86,21.97,1036400
2023-07-11 07:00:00,21.9,22.4,21.9,22.08,729200
2023-07-12 07:00:00,22.44,22.44,22.01,22.26,614100
2023-07-13 07:00:00,22.3,23.17,22.26,23.02,1779900
2023-07-14 07:00:00,23.02,23.17,22.73,22.99,763700
2023-07-17 07:00:00,23.17,23.57,23.17,23.57,1625100
2023-07-18 07:00:00,23.57,23.6,23.1,23.5,800500
2023-07-19 07:00:00,23.6,23.6,23.02,23.24,836600
2023-07-20 07:00:00,23.24,23.53,23.06,23.46,601200
2023-07-21 07:00:00,23.46,23.86,23.46,23.75,1103600
2023-07-24 07:00:00,24.0,24.08,23.6,23.75,818400
2023-07-25 07:00:00,23.75,23.86,23.24,23.6,882000
2023-07-26 07:00:00,23.6,23.6,23.2,23.28,863000
2023-07-27 07:00:00,23.28,24.08,23.28,23.82,1537100
2023-07-28 07:00:00,23.82,24.58,23.82,24.26,1795800
2023-07-31 07:00:00,24.26,24.33,23.71,24.11,2123600
2023-08-01 07:00:00,24.26,24.33,23.64,23.68,1215400
2023-08-02 07:00:00,23.68,23.82,23.53,23.57,1023000
2023-08-03 07:00:00,23.57,23.82,23.1,23.1,1916300
2023-08-04 07:00:00,23.1,23.13,22.77,23.06,2727700
2023-08-07 07:00:00,23.46,23.46,22.91,23.02,1265700
2023-08-08 07:00:00,23.17,23.39,23.1,23.24,1952900
2023-08-09 07:00:00,23.31,23.71,23.17,23.53,1441700
2023-08-10 07:00:00,23.57,23.86,22.88,23.06,2439500
2023-08-11 07:00:00,23.1,23.1,22.3,22.59,2240200
2023-08-14 07:00:00,22.59,23.02,22.55,22.91,1397800
2023-08-15 07:00:00,23.06,23.2,22.7,22.73,1786700
2023-08-16 07:00:00,22.73,22.73,22.33,22.33,2388100
2023-08-17 07:00:00,22.44,22.7,22.15,22.19,1259400
2023-08-18 07:00:00,22.15,22.33,20.66,20.66,2429500
2023-08-21 07:00:00,20.34,22.08,20.26,21.02,1784600
2023-08-22 07:00:00,21.1,21.39,20.7,21.28,1069300
2023-08-23 07:00:00,21.28,21.42,21.06,21.06,572500
2023-08-24 07:00:00,21.06,21.39,20.99,21.35,1145800
2023-08-25 07:00:00,21.35,21.35,20.81,20.81,2575500
2023-08-28 07:00:00,21.13,21.21,20.92,21.17,1144100
2023-08-29 07:00:00,21.17,21.72,21.17,21.35,1973500
2023-08-30 07:00:00,21.39,21.57,21.17,21.57,1439000
2023-08-31 07:00:00,21.64,22.51,21.64,22.51,2248700
2023-09-05 07:00:00,22.66,22.66,22.19,22.37,2481300
2023-09-06 07:00:00,22.22,22.51,22.01,22.15,5253600
2023-09-07 07:00:00,22.3,22.99,22.26,22.73,4981700
2023-09-08 07:00:00,22.73,23.5,22.73,23.02,4103400
2023-09-11 07:00:00,23.57,23.57,22.3,22.3,4198600
2023-09-12 07:00:00,22.33,22.88,22.22,22.84,2548200
2023-09-13 07:00:00,23.06,23.28,22.7,23.17,4846200
2023-09-14 07:00:00,23.1,23.6,22.73,23.17,4059100
2023-09-15 07:00:00,23.24,23.46,22.73,22.8,2925600
2023-09-18 07:00:00,22.84,23.02,22.04,22.37,2481000
2023-09-19 07:00:00,22.59,22.59,21.79,22.33,2509000
2023-09-20 07:00:00,22.22,22.88,22.22,22.88,2289500
2023-09-21 07:00:00,22.95,23.2,22.66,22.7,2942600
2023-09-22 07:00:00,22.3,22.33,21.21,21.32,3221400
2023-09-25 07:00:00,21.32,21.57,19.83,19.83,3914000
2023-09-26 07:00:00,19.25,20.41,19.25,19.72,2029600
2023-09-27 07:00:00,19.97,20.77,19.46,20.77,2063000
2023-09-28 07:00:00,20.55,20.77,20.12,20.55,1392900
2023-09-29 07:00:00,20.59,20.66,20.08,20.44,1155600
2023-10-02 07:00:00,20.44,20.66,20.19,20.48,759100
2023-10-03 07:00:00,20.19,20.34,19.54,19.54,1963500
2023-10-04 07:00:00,19.17,20.15,19.03,19.57,1282700
2023-10-05 07:00:00,19.75,20.08,19.54,19.64,1418900
2023-10-06 07:00:00,19.64,20.15,19.54,20.12,807300
2023-10-09 07:00:00,20.12,20.52,20.08,20.3,774600
2023-10-10 07:00:00,20.37,20.88,20.37,20.52,1260300
2023-10-11 07:00:00,20.52,20.66,20.15,20.48,860000
2023-10-12 07:00:00,20.66,20.77,20.23,20.48,1232800
2023-10-13 07:00:00,20.3,20.74,20.12,20.55,1157800
2023-10-16 07:00:00,20.55,20.59,19.97,19.97,1044800
2023-10-17 07:00:00,20.08,20.26,18.88,18.88,850000
2023-10-18 07:00:00,19.1,19.28,17.72,18.16,2046200
2023-10-19 07:00:00,18.23,18.41,17.72,17.98,1366300
2023-10-20 07:00:00,17.98,19.21,17.94,19.21,1218400
2023-10-23 07:00:00,19.1,19.32,18.81,18.88,694700
2023-10-24 07:00:00,18.77,19.25,18.74,19.25,579900
2023-10-25 07:00:00,19.32,19.57,19.14,19.17,758900
2023-10-26 07:00:00,18.74,18.74,17.9,18.48,1583300
2023-10-27 07:00:00,18.66,19.1,18.37,18.81,764100
2023-10-30 07:00:00,18.41,19.14,18.41,18.81,495900
2023-10-31 07:00:00,18.45,18.77,18.12,18.3,1010200
2023-11-01 07:00:00,18.45,18.56,17.83,18.56,610200
2023-11-02 07:00:00,18.74,19.61,18.66,19.54,1192400
2023-11-03 07:00:00,19.61,19.61,19.17,19.32,700600
2023-11-06 07:00:00,19.54,19.54,19.17,19.25,744900
2023-11-07 07:00:00,19.14,19.43,18.95,18.95,637300
2023-11-08 07:00:00,18.95,20.15,18.95,20.12,1445500
2023-11-09 07:00:00,20.12,20.52,20.01,20.19,1736300
2023-11-10 07:00:00,19.97,20.7,19.97,20.34,2990100
2023-11-13 07:00:00,20.34,20.48,19.94,20.3,1154800
2023-11-14 07:00:00,20.59,20.59,19.97,20.3,1182400
2023-11-15 07:00:00,20.7,20.7,20.19,20.44,1199000
2023-11-16 07:00:00,20.15,20.63,20.15,20.63,983900
2023-11-17 07:00:00,20.7,20.77,19.97,20.12,1644600
2023-11-20 07:00:00,19.68,20.23,19.61,20.19,976200
2023-11-21 07:00:00,20.26,20.44,20.12,20.23,738600
2023-11-22 07:00:00,20.23,20.59,20.15,20.48,1403600
2023-11-23 07:00:00,20.66,21.39,20.48,20.48,3950600
2023-11-24 07:00:00,20.41,20.52,19.68,20.41,1875800
2023-11-27 07:00:00,20.41,20.63,19.79,20.12,1149500
2023-11-28 07:00:00,19.94,20.12,19.54,19.97,1139500
2023-11-29 07:00:00,20.08,20.15,20.01,20.08,601200
2023-11-30 07:00:00,20.08,20.19,19.9,20.05,1080100
2023-12-01 07:00:00,20.05,20.05,19.57,19.86,867100
2023-12-04 07:00:00,19.9,20.66,19.9,20.26,1415500
2023-12-05 07:00:00,20.41,20.74,20.26,20.55,2223300
2023-12-06 07:00:00,20.55,21.28,20.44,21.28,2336600
2023-12-07 07:00:00,21.21,21.28,20.52,21.06,2275700
2023-12-08 07:00:00,20.92,21.1,20.44,20.84,1953900
2023-12-11 07:00:00,20.74,20.81,20.34,20.41,1095500
2023-12-12 07:00:00,20.59,20.63,20.37,20.63,1160500
2023-12-13 07:00:00,20.7,20.84,20.34,20.34,1212700
2023-12-14 07:00:00,20.44,20.59,19.72,20.26,1431700
2023-12-15 07:00:00,20.12,20.55,19.9,20.23,1285500
2023-12-18 07:00:00,20.23,20.3,19.9,20.19,692500
2023-12-19 07:00:00,19.97,20.26,19.72,20.19,677100
2023-12-20 07:00:00,19.97,20.26,19.97,20.15,431400
2023-12-21 07:00:00,20.23,20.92,20.01,20.92,1733400
2023-12-22 07:00:00,20.92,21.24,20.7,21.13,2009800
2023-12-25 07:00:00,20.99,21.24,20.92,21.24,1577800
2023-12-26 07:00:00,21.21,21.21,20.63,20.84,2845300
2023-12-27 07:00:00,20.77,20.92,20.01,20.05,4260300
2023-12-28 07:00:00,19.9,20.01,19.68,20.01,3558200
2023-12-29 07:00:00,20.19,20.19,19.94,20.05,1178200
2024-01-02 07:00:00,20.19,20.19,19.61,19.61,2473600
2024-01-03 07:00:00,19.57,19.57,19.25,19.25,3074400
2024-01-04 07:00:00,19.36,19.75,19.36,19.36,2137200
2024-01-05 07:00:00,19.46,19.75,19.39,19.54,1431500
2024-01-08 07:00:00,19.61,19.75,19.43,19.46,1648300
2024-01-09 07:00:00,19.57,19.72,19.36,19.39,1802300
2024-01-10 07:00:00,19.46,19.46,18.7,18.88,3851400
2024-01-11 07:00:00,18.88,19.06,18.56,18.59,2472800
2024-01-12 07:00:00,18.48,18.48,18.05,18.16,3444700
2024-01-15 07:00:00,18.3,18.52,17.83,17.83,2369200
2024-01-16 07:00:00,17.83,18.99,17.83,18.99,3206100
2024-01-17 07:00:00,19.06,19.06,18.63,18.63,1968600
2024-01-18 07:00:00,18.77,19.14,18.52,18.81,2401300
2024-01-19 07:00:00,18.81,19.03,18.59,18.63,1682500
2024-01-22 07:00:00,18.66,19.14,18.66,19.14,2280900
2024-01-23 07:00:00,19.14,19.14,18.81,18.88,1178700
2024-01-24 07:00:00,18.88,19.1,18.7,18.74,1703600
2024-01-25 07:00:00,18.92,18.92,18.7,18.7,663000
2024-01-26 07:00:00,18.74,18.81,18.63,18.7,1163800
2024-01-29 07:00:00,18.7,19.14,18.7,18.95,1961900
2024-01-30 07:00:00,18.95,19.36,18.95,19.21,1875800
2024-01-31 07:00:00,19.32,19.32,18.92,19.03,1819200
2024-02-01 07:00:00,18.92,19.21,18.88,19.06,1360000
2024-02-02 07:00:00,19.06,19.54,19.06,19.36,2768100
2024-02-05 07:00:00,19.43,19.46,19.21,19.25,1384300
2024-02-06 07:00:00,19.25,19.32,19.1,19.14,1667000
2024-02-07 07:00:00,19.25,19.68,19.25,19.46,1789900
2024-02-15 07:00:00,19.61,20.01,19.54,19.75,1851600
2024-02-16 07:00:00,19.97,19.97,19.64,19.64,1526200
2024-02-19 07:00:00,19.68,19.68,19.46,19.64,1840700
2024-02-20 07:00:00,19.83,19.83,19.39,19.43,2465900
2024-02-21 07:00:00,19.5,19.61,19.28,19.54,1961600
2024-02-22 07:00:00,19.54,19.72,19.46,19.46,1713300
2024-02-23 07:00:00,19.46,19.5,18.81,18.81,2958900
2024-02-26 07:00:00,18.88,18.99,18.7,18.95,1780500
2024-02-27 07:00:00,18.95,19.32,18.88,19.32,1572200
2024-02-28 07:00:00,19.36,19.75,19.21,19.36,1893500
2024-02-29 07:00:00,19.36,19.5,19.25,19.28,1701000
2024-03-01 07:00:00,19.43,20.63,19.25,20.63,6856600
2024-03-04 07:00:00,20.95,21.24,20.48,20.55,7236800
2024-03-05 07:00:00,20.55,21.24,20.48,20.99,4875200
2024-03-06 07:00:00,20.92,21.06,20.37,20.48,2456600
2024-03-07 07:00:00,20.52,20.74,20.37,20.63,2439400
2024-03-08 07:00:00,20.7,21.5,20.44,21.21,5975300
2024-03-11 07:00:00,21.24,21.61,20.52,20.52,3372300
2024-03-12 07:00:00,20.7,20.7,20.41,20.44,2666300
2024-03-13 07:00:00,20.63,21.24,20.52,21.21,6768600
2024-03-14 07:00:00,21.61,21.97,21.42,21.64,6567900
2024-03-15 07:00:00,21.64,22.26,21.42,21.64,6099400
2024-03-18 07:00:00,21.93,22.15,20.15,20.99,7784000
2024-03-19 07:00:00,21.06,21.64,20.92,20.95,3400800
2024-03-20 07:00:00,21.06,21.21,20.77,21.13,2453400
2024-03-21 07:00:00,21.39,21.72,21.13,21.35,3465400
2024-03-22 07:00:00,21.64,21.72,21.13,21.21,3139400
2024-03-25 07:00:00,21.24,21.53,20.81,20.92,2416000
2024-03-26 07:00:00,20.92,21.32,20.77,21.17,1922200
2024-03-27 07:00:00,21.39,22.08,21.17,21.61,4440000
2024-03-28 07:00:00,21.68,21.9,21.32,21.39,1792200
2024-03-29 07:00:00,21.61,21.64,21.24,21.24,2440300
2024-04-01 07:00:00,21.21,21.5,21.1,21.42,2516000
2024-04-02 07:00:00,21.42,21.9,21.17,21.75,3838900
2024-04-03 07:00:00,21.79,22.08,21.42,21.57,5657600
2024-04-04 07:00:00,21.57,21.61,21.06,21.42,3565600
2024-04-05 07:00:00,21.21,21.21,20.7,20.7,3017100
2024-04-08 07:00:00,20.7,20.77,20.48,20.48,1587300
2024-04-09 07:00:00,20.52,20.77,20.34,20.7,1751400
2024-04-10 07:00:00,20.81,21.13,20.74,20.74,1605900
2024-04-11 07:00:00,20.52,20.74,20.41,20.7,1441900
2024-04-12 07:00:00,20.77,20.84,20.59,20.77,1134800
2024-04-15 07:00:00,20.63,20.7,19.32,19.39,4024200
2024-04-16 07:00:00,19.43,19.46,18.59,19.25,3196800
2024-04-17 07:00:00,19.28,19.39,18.88,18.88,1821700
2024-04-19 07:00:00,18.66,18.85,18.23,18.3,2400700
2024-04-22 07:00:00,18.52,18.92,18.52,18.74,1014200
2024-04-23 07:00:00,18.81,18.92,18.56,18.56,976100
2024-04-24 07:00:00,18.74,19.43,18.74,19.17,1209800
2024-04-25 07:00:00,19.17,19.36,19.06,19.25,650300
2024-04-26 07:00:00,19.03,19.5,18.99,19.36,715600
2024-05-02 07:00:00,19.43,20.26,19.39,19.61,995200
2024-05-03 07:00:00,19.75,19.79,19.25,19.36,757700
2024-05-06 07:00:00,19.43,19.9,19.43,19.61,1200100
2024-05-07 07:00:00,19.64,19.79,19.46,19.54,819400
2024-05-08 07:00:00,19.46,20.19,19.39,19.9,2003900
2024-05-09 07:00:00,20.12,20.12,19.61,19.61,949000
2024-05-10 07:00:00,19.61,19.75,19.32,19.5,1565200
2024-05-13 07:00:00,19.68,19.83,19.46,19.64,974500
2024-05-14 07:00:00,19.75,19.83,19.57,19.64,661800
2024-05-15 07:00:00,19.64,20.08,19.64,19.86,1718000
2024-05-16 07:00:00,19.97,20.12,19.72,19.9,1737200
2024-05-17 07:00:00,19.97,21.28,19.97,21.28,7759300
2024-05-20 07:00:00,21.53,22.77,21.42,22.73,12097400
2024-05-21 07:00:00,22.77,23.6,22.44,23.42,7555700
2024-05-22 07:00:00,23.6,24.18,23.42,23.93,10353400
2024-05-23 07:00:00,23.93,24.87,23.68,24.55,10212600
2024-05-24 07:00:00,23.97,24.55,23.02,23.53,12264600
2024-05-27 07:00:00,23.64,24.58,23.5,23.68,5315100
2024-05-28 07:00:00,23.97,25.31,23.86,25.31,12012300
2024-05-29 07:00:00,25.82,25.82,24.33,24.69,11484300
2024-05-30 07:00:00,24.33,25.27,23.82,24.84,11660800
2024-05-31 07:00:00,25.06,25.09,24.29,24.58,5762900
2024-06-03 07:00:00,24.87,24.98,24.44,24.51,6151700
2024-06-04 07:00:00,24.62,25.53,24.55,24.66,6837000
2024-06-05 07:00:00,24.69,25.56,24.4,24.84,9180800
2024-06-06 07:00:00,24.98,25.56,24.73,25.02,7555000
2024-06-07 07:00:00,25.42,25.42,24.48,24.76,6682300
2024-06-10 07:00:00,24.8,25.75,24.76,25.2,8477100
2024-06-11 07:00:00,25.46,25.75,25.13,25.2,7014600
2024-06-12 07:00:00,25.2,25.35,24.84,25.24,5546500
2024-06-13 07:00:00,25.42,26.04,25.09,25.2,7292700
2024-06-14 07:00:00,25.24,25.24,23.57,23.57,19196200
2024-06-17 07:00:00,23.6,24.04,23.17,23.78,5734900
2024-06-18 07:00:00,23.97,24.08,23.1,23.17,6821100
2024-06-19 07:00:00,23.24,23.82,23.1,23.28,6510600
2024-06-20 07:00:00,23.53,24.22,23.13,24.18,7734300
2024-06-21 07:00:00,24.33,24.33,23.53,23.82,7018900
2024-06-24 07:00:00,24.02,24.19,22.32,22.32,6730700
2024-06-25 07:00:00,22.36,22.97,22.36,22.97,3656500
2024-06-26 07:00:00,22.97,23.58,22.56,23.25,4942400
2024-06-27 07:00:00,23.33,23.46,23.01,23.13,2336800
2024-06-28 07:00:00,23.13,23.5,22.68,22.85,5864500
2024-07-01 07:00:00,22.97,23.94,22.85,23.46,4679300
2024-07-02 07:00:00,23.66,23.78,23.46,23.7,2287100
2024-07-03 07:00:00,23.86,23.94,23.42,23.42,3409200
2024-07-04 07:00:00,23.5,23.66,23.25,23.66,3763600
2024-07-05 07:00:00,23.78,24.27,23.46,23.94,6646700
2024-07-08 07:00:00,24.1,24.88,23.98,24.84,9684100
2024-07-09 07:00:00,25.08,25.36,24.59,24.76,6501800
2024-07-10 07:00:00,24.92,26.46,24.59,25.89,12338800
2024-07-11 07:00:00,26.13,26.38,25.81,25.81,4209400
2024-07-12 07:00:00,25.97,25.97,25.2,25.48,6491600
2024-07-15 07:00:00,25.73,26.78,25.61,26.3,7487000
2024-07-16 07:00:00,26.38,26.62,25.65,25.73,4796600
2024-07-17 07:00:00,25.81,26.09,23.94,24.51,11323900
2024-07-18 07:00:00,24.51,25.73,24.39,25.73,6082900
2024-07-19 07:00:00,25.73,25.77,24.92,25.16,5108300
2024-07-22 07:00:00,24.76,25.16,23.42,23.42,10725000
2024-07-23 07:00:00,23.46,23.66,22.08,22.08,8421100
2024-07-24 07:00:00,22.08,23.05,21.91,22.81,6768100
2024-07-25 07:00:00,22.6,23.33,22.56,23.13,3781200
2024-07-26 07:00:00,23.29,23.42,22.85,23.38,3769200
2024-07-29 07:00:00,23.38,23.5,22.97,23.13,3123100
2024-07-30 07:00:00,23.13,23.74,22.73,22.97,3392100
2024-07-31 07:00:00,22.97,23.33,22.56,22.77,3030000
2024-08-01 07:00:00,22.77,22.89,21.39,21.67,7071200
2024-08-02 07:00:00,21.51,22.28,21.3,22.28,3222800
2024-08-05 07:00:00,21.35,22.0,20.74,20.74,6360900
2024-08-06 07:00:00,21.02,21.43,20.29,21.06,5237200
2024-08-07 07:00:00,21.18,21.75,20.74,21.51,3357000
2024-08-08 07:00:00,21.22,21.67,20.86,20.9,4443300
2024-08-09 07:00:00,21.1,21.43,20.9,21.39,3383200
2024-08-12 07:00:00,21.55,22.0,21.35,22.0,4696500
2024-08-13 07:00:00,21.96,22.04,21.51,21.59,3485100
2024-08-14 07:00:00,21.83,21.83,21.26,21.26,2456400
2024-08-15 07:00:00,21.35,21.71,21.3,21.3,3895500
2024-08-16 07:00:00,21.67,22.77,21.43,22.77,10688600
2024-08-19 07:00:00,22.89,23.09,22.73,22.77,3711700
2024-08-20 07:00:00,22.85,23.86,22.85,23.38,8203600
2024-08-21 07:00:00,23.38,23.5,23.01,23.09,4232600
2024-08-22 07:00:00,23.21,23.78,23.05,23.29,5113200
2024-08-23 07:00:00,23.29,23.62,22.97,23.33,3495500
2024-08-26 07:00:00,23.54,23.86,23.13,23.21,4816600
2024-08-27 07:00:00,23.21,23.38,22.73,22.93,5212800
2024-08-28 07:00:00,23.13,23.38,22.52,22.93,4469200
2024-08-29 07:00:00,22.93,23.13,22.85,22.85,1575000
2024-08-30 07:00:00,22.89,23.09,22.77,22.89,1975000
2024-09-04 07:00:00,22.64,22.97,22.56,22.93,3626700
2024-09-05 07:00:00,23.05,23.25,22.6,22.64,2900800
2024-09-06 07:00:00,22.64,23.33,22.6,23.33,5694500
2024-09-09 07:00:00,23.29,23.7,23.21,23.21,4993800
2024-09-10 07:00:00,23.38,23.38,22.73,22.81,4435100
2024-09-11 07:00:00,22.81,22.89,22.2,22.52,5355300
2024-09-12 07:00:00,22.68,22.93,22.48,22.48,1682900
2024-09-13 07:00:00,22.64,22.77,22.36,22.4,2235600
2024-09-16 07:00:00,22.4,22.73,22.32,22.36,2226200
2024-09-17 07:00:00,22.28,22.89,22.12,22.89,3584300
2024-09-18 07:00:00,22.97,23.05,22.68,22.73,3045500
2024-09-19 07:00:00,22.73,23.38,22.73,23.33,3862100
2024-09-20 07:00:00,23.54,23.62,23.17,23.29,4096600
2024-09-23 07:00:00,23.29,23.46,22.97,22.97,2656100
2024-09-24 07:00:00,23.13,23.38,22.97,23.38,2729100
2024-09-25 07:00:00,23.54,23.94,23.33,23.74,8440800
2024-09-26 07:00:00,23.78,23.82,23.38,23.42,3891600
2024-09-27 07:00:00,23.42,23.94,22.89,22.89,5824900
2024-09-30 07:00:00,22.89,23.01,22.48,22.68,6519500
2024-10-01 07:00:00,22.81,23.13,22.73,22.89,3757500
2024-10-02 07:00:00,22.73,23.05,22.68,22.68,2887200
2024-10-03 07:00:00,22.73,22.81,22.16,22.16,5282300
2024-10-04 07:00:00,22.16,22.6,22.16,22.2,3299700
2024-10-07 07:00:00,22.56,22.56,22.16,22.24,1674900
2024-10-08 07:00:00,22.24,22.6,22.24,22.44,1935500
2024-10-09 07:00:00,22.6,22.6,22.44,22.6,1840800
2024-10-10 07:00:00,22.68,22.73,22.32,22.36,1615800
2024-10-11 07:00:00,22.52,22.68,22.32,22.64,1594600
2024-10-14 07:00:00,22.89,22.89,22.48,22.48,1326500
2024-10-15 07:00:00,22.64,22.77,22.32,22.36,2626200
2024-10-16 07:00:00,22.36,22.52,22.28,22.36,1083800
2024-10-17 07:00:00,22.44,22.85,22.08,22.68,2621200
2024-10-18 07:00:00,22.73,22.77,22.32,22.32,1940800
2024-10-21 07:00:00,22.32,22.4,21.71,21.71,2922800
2024-10-22 07:00:00,21.63,22.08,21.39,21.55,3181500
2024-10-23 07:00:00,21.63,21.96,21.39,21.87,1789500
2024-10-24 07:00:00,21.79,22.0,21.51,21.63,1822000
2024-10-25 07:00:00,21.63,21.83,21.55,21.59,1559500
2024-10-28 07:00:00,21.83,21.83,21.59,21.67,818000
2024-10-29 07:00:00,21.79,21.83,21.51,21.55,1298300
2024-10-30 07:00:00,21.59,21.79,21.43,21.63,1537900
2024-10-31 07:00:00,21.63,21.79,21.59,21.63,904500
2024-11-01 07:00:00,21.71,22.36,21.71,22.16,5092100
2024-11-04 07:00:00,22.16,22.48,22.0,22.28,2387500
2024-11-05 07:00:00,22.28,22.6,22.28,22.44,2419300
2024-11-06 07:00:00,22.48,22.56,22.36,22.56,2202900
2024-11-07 07:00:00,22.56,23.05,22.56,22.89,4617700
2024-11-08 07:00:00,22.97,23.05,22.77,22.81,3288300
2024-11-11 07:00:00,22.81,23.29,22.73,23.09,4239800
2024-11-12 07:00:00,23.09,23.21,22.64,22.73,3309800
2024-11-13 07:00:00,22.68,23.38,22.64,23.38,5587400
2024-11-14 07:00:00,23.42,23.42,22.52,22.6,3433800
2024-11-15 07:00:00,22.4,22.68,22.08,22.16,4496600
2024-11-18 07:00:00,22.32,22.52,21.91,22.28,2398200
2024-11-19 07:00:00,22.32,22.44,22.08,22.08,2069900
2024-11-20 07:00:00,22.08,23.29,22.08,22.77,5072500
2024-11-21 07:00:00,22.93,23.13,22.77,22.93,1983200
2024-11-22 07:00:00,22.97,23.01,22.6,22.93,2365300
2024-11-25 07:00:00,23.13,23.78,23.05,23.17,9892000
2024-11-26 07:00:00,23.33,23.54,23.09,23.17,2959700
2024-11-27 07:00:00,23.17,23.7,23.01,23.7,4303800
2024-11-28 07:00:00,23.82,23.86,23.38,23.46,3348300
2024-11-29 07:00:00,23.5,23.82,23.29,23.29,4050800
2024-12-02 07:00:00,23.5,23.54,23.21,23.21,1908000
2024-12-03 07:00:00,23.17,23.66,23.13,23.25,3699100
2024-12-04 07:00:00,23.29,23.7,23.21,23.42,3718700
2024-12-05 07:00:00,23.42,24.71,23.42,24.71,12097600
2024-12-06 07:00:00,24.84,24.84,24.43,24.51,4255600
2024-12-09 07:00:00,24.59,25.48,24.55,25.2,6812900
2024-12-10 07:00:00,25.2,25.32,24.76,24.88,4525400
2024-12-11 07:00:00,24.92,25.12,24.76,25.04,3032800
2024-12-12 07:00:00,25.04,25.08,24.55,24.67,3912500
2024-12-13 07:00:00,24.47,24.92,24.47,24.59,3203600
2024-12-16 07:00:00,24.59,24.84,24.27,24.51,2448600
2024-12-17 07:00:00,24.71,24.92,24.47,24.59,2023200
2024-12-18 07:00:00,24.59,25.08,24.59,24.76,2918800
2024-12-19 07:00:00,24.43,24.71,24.06,24.47,4944600
2024-12-20 07:00:00,24.55,25.0,24.47,24.51,3620200
2024-12-23 07:00:00,24.67,25.28,24.63,25.0,4726200
2024-12-24 07:00:00,25.0,25.0,24.27,24.35,8348800
2024-12-25 07:00:00,24.43,24.59,24.19,24.27,4006400
2024-12-26 07:00:00,24.31,24.59,24.19,24.19,3039700
2024-12-27 07:00:00,24.43,24.43,23.58,23.58,5975500
2024-12-30 07:00:00,23.62,23.82,23.5,23.54,2281300
2024-12-31 07:00:00,23.58,23.7,23.13,23.13,2295600
2025-01-02 07:00:00,23.25,23.7,23.25,23.58,1991400
2025-01-03 07:00:00,23.58,23.58,23.25,23.25,2140600
2025-01-06 07:00:00,23.25,23.33,22.24,22.44,4984700
2025-01-07 07:00:00,22.44,22.68,22.32,22.36,2575300
2025-01-08 07:00:00,22.36,22.81,22.36,22.64,1743800
2025-01-09 07:00:00,22.56,22.77,22.4,22.4,1419100
2025-01-10 07:00:00,22.4,22.6,21.87,21.87,2332100
2025-01-13 07:00:00,21.83,22.28,21.67,22.16,1710100
2025-01-14 07:00:00,22.2,22.32,21.91,21.91,956000
2025-01-15 07:00:00,22.24,22.28,22.0,22.28,1034600
2025-01-16 07:00:00,22.44,22.44,21.96,22.0,1736800
2025-01-17 07:00:00,22.04,22.56,22.0,22.4,2023400
2025-01-20 07:00:00,22.28,22.52,22.24,22.32,1013500
2025-01-21 07:00:00,22.4,22.48,22.0,22.04,1893500
2025-01-22 07:00:00,22.12,22.2,21.43,21.43,4443500
2025-01-23 07:00:00,21.47,21.79,21.43,21.75,1454000
2025-01-24 07:00:00,21.75,21.83,21.55,21.55,1221100
2025-02-03 07:00:00,21.59,21.83,21.47,21.67,1436400
2025-02-04 07:00:00,21.79,22.2,21.75,22.12,2378000
2025-02-05 07:00:00,22.2,22.52,22.16,22.16,2246500
2025-02-06 07:00:00,22.24,22.32,22.04,22.24,1472100
2025-02-07 07:00:00,22.28,22.48,22.16,22.16,1687100
2025-02-10 07:00:00,22.16,22.16,21.67,21.67,2906800
2025-02-11 07:00:00,21.71,21.87,21.55,21.83,1343500
2025-02-12 07:00:00,21.91,22.04,21.71,21.71,1763300
2025-02-13 07:00:00,21.79,22.04,21.71,21.91,2203400
2025-02-14 07:00:00,22.08,22.52,22.08,22.36,3037600
2025-02-17 07:00:00,22.52,22.81,22.36,22.48,2974600
2025-02-18 07:00:00,22.52,22.73,22.28,22.28,1918000
2025-02-19 07:00:00,22.28,22.85,22.28,22.6,2556500
2025-02-20 07:00:00,22.68,22.89,22.56,22.6,2296500
2025-02-21 07:00:00,22.6,22.6,22.36,22.48,1417900
2025-02-24 07:00:00,22.32,22.81,22.28,22.73,2092700
2025-02-25 07:00:00,22.89,23.05,22.56,22.68,2357500
2025-02-26 07:00:00,22.77,23.01,22.64,22.64,2067500
2025-02-27 07:00:00,22.68,23.01,22.6,22.97,2702300
2025-02-28 07:00:00,23.09,23.29,22.77,22.85,2047500
2025-03-03 07:00:00,22.97,23.21,22.81,22.81,3240900
2025-03-04 07:00:00,22.77,23.09,22.56,22.6,3884800
2025-03-05 07:00:00,22.64,22.68,22.28,22.28,3181500
2025-03-06 07:00:00,22.48,22.48,22.12,22.48,2617900
2025-03-07 07:00:00,22.56,22.85,22.44,22.48,2308000
2025-03-10 07:00:00,22.77,22.77,22.4,22.48,2288000
2025-03-11 07:00:00,22.28,22.36,22.2,22.32,2881100
2025-03-12 07:00:00,22.4,22.89,22.32,22.68,3223000
2025-03-13 07:00:00,22.77,23.38,22.56,22.68,6963200
2025-03-14 07:00:00,22.73,23.05,22.48,22.48,2347800
2025-03-17 07:00:00,22.73,22.93,22.36,22.56,4027800
2025-03-18 07:00:00,22.64,23.21,22.64,22.73,4423500
2025-03-19 07:00:00,22.73,22.93,22.48,22.52,2179500
2025-03-20 07:00:00,22.52,22.64,22.2,22.24,2688100
2025-03-21 07:00:00,22.2,22.32,21.96,22.0,2895200
2025-03-24 07:00:00,22.0,22.08,21.71,21.79,2381400
2025-03-25 07:00:00,21.75,22.04,21.75,21.83,1718600
2025-03-26 07:00:00,21.83,21.96,21.71,21.87,1430600
2025-03-27 07:00:00,21.87,21.91,21.75,21.75,779800
2025-03-28 07:00:00,21.83,21.87,21.39,21.39,2105100
2025-03-31 07:00:00,21.39,21.75,21.1,21.39,2182900
2025-04-01 07:00:00,21.67,21.67,21.47,21.51,876600
2025-04-02 07:00:00,21.35,21.75,21.22,21.26,2491700
2025-04-03 07:00:00,19.89,20.29,19.8,19.8,3149500
2025-04-04 07:00:00,18.42,18.67,18.42,18.42,6186700
2025-04-08 07:00:00,17.9,18.1,17.17,17.17,2226800
2025-04-09 07:00:00,15.99,16.64,15.99,15.99,5873500
2025-04-10 07:00:00,17.08,17.08,17.08,17.08,2096800
2025-04-11 07:00:00,17.57,17.86,16.76,17.86,4253200
2025-04-14 07:00:00,18.22,19.07,17.86,19.07,3299100
2025-04-15 07:00:00,18.99,19.36,18.34,18.5,2016500
2025-04-16 07:00:00,18.22,18.91,18.02,18.02,1659100
2025-04-17 07:00:00,17.9,18.59,17.9,18.55,1345100
2025-04-18 07:00:00,18.83,18.99,18.63,18.75,1645200
2025-04-21 07:00:00,18.59,18.91,18.22,18.26,1606600
2025-04-22 07:00:00,17.94,18.26,17.0,18.26,4363100
2025-04-23 07:00:00,18.55,18.91,18.22,18.67,1547200
2025-04-24 07:00:00,18.67,18.87,18.46,18.67,1355100
2025-04-25 07:00:00,18.63,19.32,18.63,18.87,2130000
2025-04-28 07:00:00,19.07,19.07,18.67,18.83,976000
2025-04-29 07:00:00,18.95,19.07,18.67,18.99,1647800
2025-05-05 07:00:00,19.07,19.36,18.87,19.28,2142700
2025-05-06 07:00:00,19.32,19.84,19.32,19.36,2226500
2025-05-07 07:00:00,19.4,19.89,19.4,19.89,3431300
2025-05-08 07:00:00,20.01,20.13,19.6,19.8,1433500
2025-05-09 07:00:00,20.01,20.01,19.44,19.6,2204700
2025-05-12 07:00:00,19.68,19.89,19.56,19.64,1587400
2025-05-13 07:00:00,19.72,20.13,19.64,19.97,2720300
2025-05-14 07:00:00,19.89,20.09,19.76,20.05,1906800
2025-05-15 07:00:00,20.09,20.45,20.01,20.13,2781700
2025-05-16 07:00:00,20.13,20.29,19.93,20.01,2216000
2025-05-19 07:00:00,20.01,20.25,19.84,19.97,1496600
2025-05-20 07:00:00,19.97,20.13,19.89,19.89,2222100
2025-05-21 07:00:00,19.93,20.62,19.93,20.53,3758200
2025-05-22 07:00:00,20.78,21.87,20.62,21.02,6591600
2025-05-23 07:00:00,21.51,21.59,21.1,21.39,2320700
2025-05-26 07:00:00,21.39,21.67,20.7,21.26,3494500
2025-05-27 07:00:00,21.51,22.24,21.51,21.83,4636100
2025-05-28 07:00:00,21.96,22.16,21.51,21.79,2675300
2025-05-29 07:00:00,21.79,22.0,21.47,21.87,3277000
2025-05-30 07:00:00,21.87,21.87,21.1,21.26,4563600
2025-06-02 07:00:00,21.14,22.04,21.14,21.63,3867100
2025-06-03 07:00:00,21.87,21.91,21.67,21.75,2036900
2025-06-04 07:00:00,21.71,22.28,21.63,21.71,3224700
2025-06-05 07:00:00,21.63,21.91,21.35,21.91,2728600
2025-06-06 07:00:00,22.0,22.52,21.91,21.91,4844200
2025-06-09 07:00:00,21.91,21.91,21.39,21.47,2334900
2025-06-10 07:00:00,21.51,21.79,21.43,21.55,1893600
2025-06-11 07:00:00,21.55,21.79,21.39,21.79,3609400
2025-06-12 07:00:00,21.83,21.96,21.63,21.79,3298400
2025-06-13 07:00:00,21.79,22.19,21.21,21.79,3964300
2025-06-16 07:00:00,21.52,21.88,21.48,21.88,2683100
2025-06-17 07:00:00,22.06,23.13,22.06,22.42,6443400
2025-06-18 07:00:00,22.42,22.68,22.19,22.19,2167700
2025-06-19 07:00:00,22.15,22.28,21.75,22.19,3821400
2025-06-20 07:00:00,22.51,23.58,22.46,23.18,8333000
2025-06-23 07:00:00,22.78,23.13,22.6,22.95,3794000
2025-06-24 07:00:00,23.22,23.98,23.09,23.4,8444900
2025-06-25 07:00:00,23.4,23.53,23.09,23.09,2926700
2025-06-26 07:00:00,23.09,23.18,22.6,22.82,3891000
2025-06-27 07:00:00,22.86,23.0,22.46,22.46,3823600
2025-06-30 07:00:00,22.51,22.78,22.37,22.64,3896300
2025-07-01 07:00:00,22.73,22.91,22.33,22.37,4466100
2025-07-02 07:00:00,22.37,23.04,22.37,22.78,4155600
2025-07-03 07:00:00,22.73,22.91,22.42,22.6,3447100
2025-07-04 07:00:00,22.68,23.13,22.6,22.64,3372600
2025-07-07 07:00:00,22.82,23.13,22.73,22.86,3045700
2025-07-08 07:00:00,23.0,23.31,22.82,23.04,3751300
2025-07-09 07:00:00,23.31,23.31,22.91,22.95,5444200
2025-07-10 07:00:00,23.0,23.18,22.68,22.86,4336800
2025-07-11 07:00:00,22.86,22.95,22.42,22.51,6101900
2025-07-14 07:00:00,22.42,23.04,22.15,22.95,7397400
2025-07-15 07:00:00,22.95,23.53,22.95,23.0,6273600
2025-07-16 07:00:00,23.18,24.47,23.04,23.62,7527500
2025-07-17 07:00:00,23.94,25.28,23.67,25.19,16763800
2025-07-18 07:00:00,25.5,25.99,24.56,24.78,6357100
2025-07-21 07:00:00,24.83,25.14,23.8,23.8,12019900
2025-07-22 07:00:00,23.71,24.43,23.36,24.38,6776700
2025-07-23 07:00:00,24.78,25.36,24.2,25.1,10431300
2025-07-24 07:00:00,25.36,25.36,24.78,25.05,5669900
2025-07-25 07:00:00,25.19,25.72,24.7,25.01,7768100
2025-07-28 07:00:00,25.36,26.35,25.23,25.9,8854700
2025-07-29 07:00:00,26.12,26.12,24.11,24.11,9658100
2025-07-30 07:00:00,24.11,24.43,23.4,23.98,6746500
2025-07-31 07:00:00,23.76,23.89,22.82,23.36,10427100
2025-08-01 07:00:00,23.31,23.85,23.27,23.31,4933200
2025-08-04 07:00:00,23.31,23.89,23.31,23.62,5075600
2025-08-05 07:00:00,23.85,24.52,23.13,23.58,9795600
2025-08-06 07:00:00,23.76,24.43,23.58,24.07,4161800
2025-08-07 07:00:00,24.52,24.92,24.2,24.87,7272100
2025-08-08 07:00:00,25.05,25.36,24.38,25.01,7896500
2025-08-11 07:00:00,25.36,26.12,25.19,25.23,7401100
2025-08-12 07:00:00,25.32,25.86,24.65,25.72,8676400
2025-08-13 07:00:00,26.17,27.51,26.04,27.51,13827200
2025-08-14 07:00:00,29.43,29.43,29.16,29.43,6559400
2025-08-15 07:00:00,29.88,29.88,27.51,28.36,15773000
2025-08-18 07:00:00,28.45,30.32,27.87,30.32,13310900
2025-08-19 07:00:00,30.41,31.3,29.7,29.7,8395700
2025-08-20 07:00:00,29.74,29.74,27.64,27.73,15882900
2025-08-21 07:00:00,27.96,28.67,27.6,27.82,6255700
2025-08-22 07:00:00,27.24,29.03,27.2,28.36,10941900
2025-08-25 07:00:00,28.58,28.8,26.48,26.48,7587400
2025-08-26 07:00:00,26.53,28.13,26.48,28.09,5088400
2025-08-27 07:00:00,28.4,29.12,27.78,28.09,6980400
2025-08-28 07:00:00,28.13,28.58,27.73,28.58,4188600
2025-08-29 07:00:00,28.67,29.07,28.22,28.45,4709300
2025-09-03 07:00:00,28.13,29.65,28.13,29.43,4720600
2025-09-04 07:00:00,29.47,30.28,29.12,29.16,4840800
2025-09-05 07:00:00,29.25,29.83,27.87,27.87,7858900
2025-09-08 07:00:00,27.73,28.0,26.08,26.08,7899900
2025-09-09 07:00:00,26.48,27.33,25.9,27.33,5853300
2025-09-10 07:00:00,27.46,27.51,26.62,26.7,3576200
2025-09-11 07:00:00,26.62,28.13,26.57,28.13,6800500
2025-09-12 07:00:00,28.27,28.71,27.91,28.31,2722900
2025-09-15 07:00:00,28.54,28.58,28.0,28.58,2902300
2025-09-16 07:00:00,28.94,28.98,27.87,27.87,3390800
2025-09-17 07:00:00,27.82,28.31,27.33,27.33,2363900
2025-09-18 07:00:00,27.33,28.62,27.24,28.09,4324900
2025-09-19 07:00:00,28.49,28.8,28.27,28.31,4546800
2025-09-22 07:00:00,28.45,30.01,28.36,28.76,10596000
2025-09-23 07:00:00,28.8,29.03,26.79,27.82,3314000
2025-09-24 07:00:00,27.82,29.03,27.69,29.03,3808600
2025-09-25 07:00:00,29.12,29.65,28.67,28.89,4794700
2025-09-26 07:00:00,28.89,30.9,28.8,30.37,17381900
2025-09-29 07:00:00,30.37,30.63,29.3,29.43,4334200
2025-09-30 07:00:00,29.47,29.61,27.55,28.85,9265500
2025-10-01 07:00:00,28.89,28.98,28.4,28.71,2559500
2025-10-02 07:00:00,28.58,28.76,27.46,27.46,4121100
2025-10-03 07:00:00,27.15,27.42,26.62,26.79,4461900
2025-10-06 07:00:00,27.11,28.67,27.11,28.67,4568400
2025-10-07 07:00:00,28.54,28.67,28.0,28.13,1707800
2025-10-08 07:00:00,28.67,29.03,27.6,28.94,4802300
2025-10-09 07:00:00,29.3,29.43,28.8,29.34,2611800
2025-10-10 07:00:00,29.47,29.88,28.85,29.12,3188400
2025-10-13 07:00:00,28.58,30.68,28.49,30.68,8718300
2025-10-14 07:00:00,31.17,31.17,29.7,29.83,6382100
2025-10-15 07:00:00,29.47,31.88,29.25,31.88,8664800
2025-10-16 07:00:00,31.88,32.51,31.17,31.88,7016300
2025-10-17 07:00:00,32.24,32.33,30.86,30.86,6384700
2025-10-20 07:00:00,30.37,30.9,28.71,28.71,8963400
2025-10-21 07:00:00,28.58,28.62,27.15,27.69,7616100
2025-10-22 07:00:00,28.13,28.62,27.11,28.36,3922800
2025-10-23 07:00:00,28.04,28.58,27.82,28.22,2175000
2025-10-24 07:00:00,28.04,28.4,27.55,28.36,2560700
2025-10-27 07:00:00,28.54,28.58,26.97,26.97,3169300
2025-10-28 07:00:00,26.75,27.87,26.39,27.42,2837500
2025-10-29 07:00:00,27.6,27.96,27.51,27.6,1483700
2025-10-30 07:00:00,27.91,28.27,27.51,27.69,2256200
2025-10-31 07:00:00,27.78,28.04,27.24,27.51,1804200
2025-11-03 07:00:00,27.96,27.96,26.62,26.62,3196000
2025-11-04 07:00:00,26.21,28.4,26.04,28.22,4341000
2025-11-05 07:00:00,27.87,28.22,27.6,27.6,1166400
2025-11-06 07:00:00,27.64,28.36,27.6,28.04,2901400
2025-11-07 07:00:00,27.78,28.04,26.79,26.97,2492900
2025-11-10 07:00:00,27.15,27.46,26.66,26.97,1371300
2025-11-11 07:00:00,27.02,27.46,27.02,27.28,1512300
2025-11-12 07:00:00,27.55,28.4,27.33,28.18,2700900
2025-11-13 07:00:00,28.22,28.54,27.91,27.91,2033900
2025-11-14 07:00:00,27.87,29.47,27.87,29.2,4887700
2025-11-17 07:00:00,29.43,30.05,29.2,30.01,4349700
2025-11-18 07:00:00,30.19,30.19,29.3,29.3,3439900
2025-11-19 07:00:00,29.12,29.7,28.58,28.58,3820000
2025-11-20 07:00:00,28.45,28.94,27.87,28.94,2505900
2025-11-21 07:00:00,28.76,28.89,28.22,28.85,1725400
2025-11-24 07:00:00,29.12,29.61,28.89,29.3,3541400
2025-11-25 07:00:00,28.94,29.38,28.22,28.4,2455600
2025-11-26 07:00:00,28.4,29.16,28.4,29.03,1772100
2025-11-27 07:00:00,29.12,29.25,28.58,28.76,1350700
2025-11-28 07:00:00,28.76,28.89,28.22,28.36,1985400
2025-12-01 07:00:00,28.36,28.58,27.87,27.87,1500700
2025-12-02 07:00:00,27.87,28.09,27.02,27.78,2414600
2025-12-03 07:00:00,27.87,28.13,27.64,28.13,1420700
2025-12-04 07:00:00,28.31,28.62,28.13,28.49,1727600
2025-12-05 07:00:00,28.49,28.49,27.82,27.82,1620500
2025-12-08 07:00:00,27.78,27.91,27.15,27.15,2223300
2025-12-09 07:00:00,27.15,27.82,26.3,27.55,3030000
2025-12-10 07:00:00,27.37,27.55,26.79,27.15,864400
2025-12-11 07:00:00,27.24,27.33,26.79,26.97,1011000
2025-12-12 07:00:00,26.97,27.06,25.1,25.1,2720000
2025-12-15 07:00:00,25.1,25.32,24.65,25.1,1667100
2025-12-16 07:00:00,24.83,26.04,23.67,25.99,4146000
2025-12-17 07:00:00,25.99,25.99,25.45,25.72,813800
2025-12-18 07:00:00,25.36,25.68,25.1,25.36,1111100
2025-12-19 07:00:00,25.68,25.86,25.19,25.19,1445800
2025-12-22 07:00:00,25.54,25.81,25.36,25.72,2054900
2025-12-23 07:00:00,25.9,26.08,25.41,25.41,1574600
2025-12-24 07:00:00,25.41,25.63,25.1,25.59,1218900
2025-12-25 07:00:00,25.59,25.81,25.01,25.01,2401500
2025-12-26 07:00:00,24.96,25.01,24.11,24.65,1901500
2025-12-29 07:00:00,24.83,24.83,24.11,24.78,1772700
2025-12-30 07:00:00,24.47,24.74,24.16,24.65,2215700
2025-12-31 07:00:00,24.65,24.65,24.34,24.38,1158200
2026-01-05 07:00:00,24.43,24.61,23.22,23.31,3298600
2026-01-06 07:00:00,23.49,23.67,22.91,23.22,3638900
2026-01-07 07:00:00,23.31,24.07,23.31,23.94,2825600
2026-01-08 07:00:00,24.2,24.2,23.49,23.49,2945200
2026-01-09 07:00:00,23.58,24.02,23.22,23.49,5291300
2026-01-12 07:00:00,23.27,24.2,22.95,23.98,3947400
2026-01-13 07:00:00,24.52,24.52,23.76,24.11,2929200
2026-01-14 07:00:00,24.11,24.43,23.49,23.67,3994200
2026-01-15 07:00:00,23.67,24.11,23.4,23.76,2807300
2026-01-16 07:00:00,23.8,23.98,23.36,23.44,2275100
2026-01-19 07:00:00,23.67,23.76,23.44,23.44,1844400
2026-01-20 07:00:00,23.53,23.8,23.4,23.62,2185400
2026-01-21 07:00:00,23.58,23.62,23.04,23.13,2668300
2026-01-22 07:00:00,23.18,24.47,23.18,24.07,3593700
2026-01-23 07:00:00,24.07,24.34,23.49,23.49,1597500
2026-01-26 07:00:00,23.49,23.49,22.37,22.51,2728800
2026-01-27 07:00:00,22.51,23.27,22.28,23.0,2307800
2026-01-28 07:00:00,22.68,23.49,22.68,23.13,1876100
2026-01-29 07:00:00,23.49,23.58,23.27,23.58,1089900
2026-01-30 07:00:00,23.71,24.74,23.71,24.52,5362500
2026-02-02 07:00:00,24.47,24.87,24.11,24.7,2339500
2026-02-03 07:00:00,24.92,24.92,24.11,24.7,2470400
2026-02-04 07:00:00,24.7,24.7,24.16,24.52,1756100
2026-02-05 07:00:00,24.52,24.78,24.2,24.2,1537300
2026-02-06 07:00:00,24.11,24.11,23.27,23.31,2437600
2026-02-09 07:00:00,23.4,23.49,23.13,23.4,1122800
2026-02-10 07:00:00,23.44,23.49,22.95,23.22,1429300
2026-02-11 07:00:00,23.27,24.02,23.18,23.94,1770500
2026-02-12 07:00:00,24.07,24.07,23.76,23.94,549600
2026-02-13 07:00:00,23.89,23.98,23.76,23.89,810800
2026-02-23 07:00:00,23.89,24.07,23.71,24.02,1090000
2026-02-24 07:00:00,24.02,24.47,23.94,24.47,1730800
2026-02-25 07:00:00,24.56,24.61,23.94,24.02,1147400
2026-02-26 07:00:00,24.11,24.65,23.85,24.65,2965500
2026-02-27 07:00:00,24.65,24.65,24.2,24.38,2236900
2026-03-02 07:00:00,23.58,25.41,23.58,25.01,6559800
2026-03-03 07:00:00,25.32,25.41,24.02,24.43,2917900
2026-03-04 07:00:00,24.43,25.68,24.43,25.63,6994000
2026-03-05 07:00:00,25.72,25.77,25.01,25.28,2272000
2026-03-06 07:00:00,24.83,25.05,24.43,24.87,2215400
2026-03-09 07:00:00,23.18,24.11,23.18,23.18,1469000
2026-03-10 07:00:00,23.4,23.62,22.86,23.22,2821700
2026-03-11 07:00:00,23.4,24.83,23.4,24.83,2128600
2026-03-12 07:00:00,24.92,26.19,24.6,25.65,4569000
2026-03-13 07:00:00,25.92,26.33,25.69,25.88,3477600
2026-03-16 07:00:00,25.74,26.38,25.06,26.01,2783900
2026-03-17 07:00:00,26.06,26.19,25.19,25.88,2152200
2026-03-18 07:00:00,25.92,25.92,25.01,25.19,2299000
2026-03-19 07:00:00,24.92,26.38,24.83,26.01,4235500
2026-03-20 07:00:00,26.01,27.24,25.92,26.51,7098500
2026-03-23 07:00:00,25.92,26.65,25.06,25.65,3954200
2026-03-24 07:00:00,26.01,27.28,25.92,27.15,5833600
2026-03-25 07:00:00,27.28,28.19,26.83,27.83,5708900
2026-03-26 07:00:00,27.83,28.1,26.92,26.92,3519300
2026-03-27 07:00:00,26.92,27.51,26.92,27.1,2723900
2026-03-30 07:00:00,26.42,27.47,26.42,26.65,3032800
2026-03-31 07:00:00,27.01,27.1,26.47,26.92,2598500
2026-04-01 07:00:00,27.28,27.42,26.38,26.38,2716100
2026-04-02 07:00:00,26.28,27.1,26.15,26.92,3283300
2026-04-03 07:00:00,26.83,27.1,26.38,26.38,1893300
2026-04-06 07:00:00,26.19,26.51,24.92,25.1,3732800
2026-04-07 07:00:00,25.1,25.42,24.42,25.28,2565000
2026-04-08 07:00:00,25.92,26.28,25.38,26.15,1978300
2026-04-09 07:00:00,26.1,26.28,25.42,25.74,2938900
2026-04-10 07:00:00,25.83,25.97,25.33,25.47,2782700
2026-04-13 07:00:00,25.83,26.1,25.65,25.69,1841100
2026-04-14 07:00:00,25.97,26.28,25.78,26.06,2505300
2026-04-15 07:00:00,26.24,26.51,25.74,25.83,2504200
2026-04-16 07:00:00,25.78,25.83,25.15,25.38,2356600
2026-04-17 07:00:00,25.42,25.6,25.28,25.38,1216800
2026-04-20 07:00:00,25.38,25.88,25.33,25.74,1436300
2026-04-21 07:00:00,25.74,25.83,25.33,25.42,1543800
2026-04-22 07:00:00,25.33,25.47,25.06,25.19,1182600
2026-04-23 07:00:00,25.19,25.38,23.69,24.24,4674700
2026-04-24 07:00:00,24.24,24.33,23.92,24.19,1891100
2026-04-28 07:00:00,24.19,24.28,23.24,23.24,2499800
2026-04-29 07:00:00,23.74,23.74,23.24,23.56,1794000
2026-05-04 07:00:00,23.56,23.92,23.51,23.51,1170700
2026-05-05 07:00:00,23.51,23.65,22.65,23.28,3165400
2026-05-06 07:00:00,23.28,23.42,22.92,23.28,1659900
2026-05-07 07:00:00,23.56,23.65,23.06,23.24,1842600
2026-05-08 07:00:00,23.28,23.28,22.74,22.83,2618500
2026-05-11 07:00:00,22.83,22.92,22.56,22.6,1168700
2026-05-12 07:00:00,22.6,22.92,22.6,22.83,719700
2026-05-13 07:00:00,22.92,22.92,22.56,22.65,1220100
2026-05-14 07:00:00,22.6,22.74,22.46,22.51,1585000
2026-05-15 07:00:00,22.51,22.69,22.51,22.51,968400
2026-05-18 07:00:00,22.46,22.51,22.19,22.24,1642900
2026-05-19 07:00:00,22.46,22.6,22.15,22.19,1132300
2026-05-20 07:00:00,22.28,22.37,20.64,21.56,3235400
2026-05-21 07:00:00,21.6,21.69,21.24,21.37,1347000
2026-05-22 07:00:00,21.46,21.46,20.96,21.06,2597000
2026-05-25 07:00:00,21.46,21.69,21.1,21.24,1342100
2026-05-26 07:00:00,21.19,21.69,21.1,21.37,1099800
2026-05-27 07:00:00,21.37,22.01,21.37,21.87,2167100
2026-05-28 07:00:00,21.96,21.96,21.56,21.65,866800
2026-05-29 07:00:00,21.46,21.56,21.24,21.28,1127900
2026-06-01 07:00:00,21.28,21.33,21.06,21.28,732700
2026-06-02 07:00:00,21.1,21.24,20.92,20.92,1384000
2026-06-03 07:00:00,20.87,21.46,20.78,21.1,1239000
2026-06-04 07:00:00,21.1,21.28,20.74,20.92,1935200
2026-06-05 07:00:00,20.87,21.14,20.87,21.1,1211900
2026-06-08 07:00:00,21.1,21.25,20.8,20.8,767400
2026-06-09 07:00:00,20.95,20.95,20.7,20.75,514400
2026-06-10 07:00:00,20.75,21.2,20.75,21.05,793300
2026-06-11 07:00:00,20.9,21.4,20.85,21.3,767900
2026-06-12 07:00:00,21.3,21.4,21.1,21.15,481300
2026-06-15 07:00:00,21.45,21.45,21.15,21.2,772200
2026-06-16 07:00:00,21.35,21.45,21.1,21.4,1118700
2026-06-17 07:00:00,21.6,21.9,21.4,21.4,1225300
2026-06-18 07:00:00,21.6,21.6,21.1,21.1,1813000
2026-06-19 07:00:00,21.3,21.4,20.8,20.8,2037500
2026-06-22 07:00:00,21.1,21.8,20.8,21.55,2154100
2026-06-23 07:00:00,21.6,21.85,21.05,21.05,3203700
2026-06-24 07:00:00,21.2,21.25,20.85,20.9,1040900
2026-06-25 07:00:00,20.95,21.05,20.7,20.95,847400
2026-06-26 07:00:00,20.95,21.0,20.55,20.55,1443300
2026-06-29 07:00:00,20.8,20.85,20.55,20.8,627700
2026-06-30 07:00:00,20.65,20.9,20.6,20.8,1080600
2026-07-01 07:00:00,20.8,20.85,20.65,20.8,838300
2026-07-02 07:00:00,20.75,20.85,20.7,20.7,668500
2026-07-03 07:00:00,20.75,20.75,19.5,20.0,3652600
2026-07-06 07:00:00,20.05,20.2,18.6,18.6,7070200
2026-07-07 07:00:00,18.0,18.7,18.0,18.7,5041800
2026-07-08 07:00:00,18.7,19.1,18.7,19.0,2155900
2026-07-09 07:00:00,18.75,19.0,18.75,18.85,1717900
2026-07-10 07:00:00,18.9,19.05,18.85,18.9,1265900
2026-07-13 07:00:00,18.9,19.2,18.7,18.9,1767200
2026-07-14 07:00:00,18.75,19.35,18.75,19.15,1249900
2026-07-15 07:00:00,19.2,19.2,19.0,19.0,1411900
2026-07-16 07:00:00,18.9,19.0,17.75,18.3,2465900
2026-07-17 07:00:00,18.1,18.3,17.8,17.8,954800
2026-07-20 07:00:00,17.8,17.8,16.7,16.8,2254600
2026-07-21 07:00:00,16.5,16.95,16.5,16.55,1162700
2026-07-22 07:00:00,16.55,16.8,16.2,16.4,2389100
2026-07-23 07:00:00,16.4,16.85,16.0,16.4,2011700
2026-07-24 07:00:00,16.4,16.5,16.25,16.3,537500
2026-07-27 07:00:00,16.5,16.65,15.5,15.5,1610500
2026-07-28 07:00:00,15.2,16.2,15.2,16.1,1315800
2026-07-29 07:00:00,16.15,16.25,15.8,16.0,2765100
2026-07-30 07:00:00,16.0,16.7,16.0,16.5,1197200
2026-07-31 07:00:00,16.65,16.65,16.1,16.15,1334000
2026-08-03 07:00:00,16.35,16.7,16.15,16.4,1644400
2026-08-04 07:00:00,16.45,16.9,16.45,16.65,941600
2026-08-05 07:00:00,16.85,16.85,16.65,16.8,1352000
2026-08-06 07:00:00,16.75,17.0,16.55,16.55,887900
2026-08-07 07:00:00,16.5,16.8,16.45,16.55,651600
