time,open,high,low,close,volume
2018-08-09 07:00:00,13.72,13.96,13.67,13.84,1080300
2018-08-10 07:00:00,13.84,14.06,13.82,14.01,1096960
2018-08-13 07:00:00,14.04,14.09,13.91,14.06,1080800
2018-08-14 07:00:00,14.01,14.18,13.96,14.16,1133630
2018-08-15 07:00:00,14.18,14.3,13.72,13.72,1644740
2018-08-16 07:00:00,13.62,13.65,13.06,13.36,2237770
2018-08-17 07:00:00,13.4,13.87,13.4,13.87,1647750
2018-08-20 07:00:00,13.82,13.94,13.65,13.82,1376370
2018-08-21 07:00:00,13.79,14.11,13.77,13.91,1429950
2018-08-22 07:00:00,13.94,14.6,13.89,14.21,2117740
2018-08-23 07:00:00,14.26,14.4,14.13,14.33,2516140
2018-08-24 07:00:00,14.3,14.38,14.04,14.04,1565140
2018-08-27 07:00:00,13.99,14.09,13.65,13.82,1269240
2018-08-28 07:00:00,13.62,13.96,13.14,13.91,1461140
2018-08-29 07:00:00,13.94,14.18,13.94,14.18,1076220
2018-08-30 07:00:00,14.21,14.33,13.72,13.77,1319830
2018-08-31 07:00:00,13.82,13.94,13.14,13.19,1499990
2018-09-04 07:00:00,13.23,13.33,12.99,13.31,658280
2018-09-05 07:00:00,13.28,14.01,13.19,13.82,623650
2018-09-06 07:00:00,13.33,13.53,12.97,12.97,562070
2018-09-07 07:00:00,12.8,13.06,12.07,12.46,531740
2018-09-10 07:00:00,12.21,12.29,11.6,12.07,617030
2018-09-11 07:00:00,11.9,12.89,11.34,12.89,834170
2018-09-12 07:00:00,12.82,12.89,12.04,12.46,535910
2018-09-13 07:00:00,12.5,12.5,11.97,12.26,636370
2018-09-14 07:00:00,12.24,12.26,11.77,12.11,530070
2018-09-17 07:00:00,11.63,12.11,11.63,11.94,625750
2018-09-18 07:00:00,11.7,11.82,11.58,11.77,730970
2018-09-19 07:00:00,11.75,11.97,11.19,11.9,266280
2018-09-20 07:00:00,11.9,11.99,11.77,11.87,372670
2018-09-21 07:00:00,11.87,11.87,11.04,11.04,1651480
2018-09-24 07:00:00,11.12,11.63,11.12,11.6,491190
2018-09-25 07:00:00,11.7,11.87,11.51,11.87,309960
2018-09-26 07:00:00,11.68,11.87,11.63,11.87,554360
2018-09-27 07:00:00,11.85,11.85,11.65,11.75,524550
2018-09-28 07:00:00,11.75,11.77,11.48,11.7,408990
2018-10-01 07:00:00,11.56,11.7,11.43,11.43,921070
2018-10-02 07:00:00,11.53,11.53,11.14,11.19,676040
2018-10-03 07:00:00,11.04,11.58,11.04,11.43,817430
2018-10-04 07:00:00,11.48,11.48,11.19,11.46,884620
2018-10-05 07:00:00,11.31,11.38,11.19,11.34,735440
2018-10-08 07:00:00,11.19,11.87,11.19,11.8,5011050
2018-10-09 07:00:00,11.41,11.92,11.38,11.92,3211790
2018-10-10 07:00:00,11.43,11.73,11.38,11.68,2296650
2018-10-11 07:00:00,10.9,11.09,10.87,10.87,639120
2018-10-12 07:00:00,10.22,11.19,10.12,11.19,2769180
2018-10-15 07:00:00,10.95,11.02,10.46,10.63,1214900
2018-10-16 07:00:00,10.48,10.66,10.36,10.58,379760
2018-10-17 07:00:00,10.66,10.75,9.88,10.61,568480
2018-10-18 07:00:00,10.41,10.7,10.36,10.63,562520
2018-10-19 07:00:00,10.41,10.66,9.9,10.51,1831030
2018-10-22 07:00:00,10.53,10.61,10.22,10.41,313830
2018-10-23 07:00:00,10.31,10.39,9.71,10.05,965270
2018-10-24 07:00:00,9.93,10.05,9.63,9.83,833120
2018-10-25 07:00:00,9.22,10.12,9.15,10.07,1714370
2018-10-26 07:00:00,9.97,10.14,9.78,10.05,1707820
2018-10-29 07:00:00,9.88,10.05,9.73,9.83,548250
2018-10-30 07:00:00,9.73,9.95,9.68,9.8,1324110
2018-10-31 07:00:00,9.68,9.88,9.63,9.88,1671890
2018-11-01 07:00:00,9.73,9.9,9.61,9.73,732890
2018-11-02 07:00:00,9.71,9.83,9.24,9.76,845700
2018-11-05 07:00:00,9.73,9.73,9.56,9.71,788530
2018-11-06 07:00:00,9.71,9.73,9.51,9.71,553470
2018-11-07 07:00:00,9.54,9.73,9.54,9.73,705450
2018-11-08 07:00:00,9.78,10.29,9.78,10.29,1293220
2018-11-09 07:00:00,10.05,10.31,10.05,10.12,760310
2018-11-12 07:00:00,9.88,10.07,9.78,9.95,895670
2018-11-13 07:00:00,9.63,9.78,9.44,9.78,1124670
2018-11-14 07:00:00,9.66,9.8,9.49,9.8,859550
2018-11-15 07:00:00,9.73,9.93,9.66,9.88,590390
2018-11-16 07:00:00,9.8,9.9,9.76,9.88,419040
2018-11-19 07:00:00,9.9,10.05,9.9,10.0,666240
2018-11-20 07:00:00,9.93,10.39,9.93,10.31,806930
2018-11-21 07:00:00,10.22,10.7,10.17,10.58,488190
2018-11-22 07:00:00,10.61,10.66,10.46,10.53,410160
2018-11-23 07:00:00,10.41,10.48,10.07,10.24,1053720
2018-11-26 07:00:00,10.22,10.27,9.97,10.07,447640
2018-11-27 07:00:00,10.1,10.17,9.88,10.14,888150
2018-11-28 07:00:00,10.02,10.17,9.95,10.07,807020
2018-11-29 07:00:00,10.05,10.17,9.88,9.88,343150
2018-11-30 07:00:00,9.9,10.02,9.78,9.97,635060
2018-12-03 07:00:00,10.02,10.14,9.97,10.07,591290
2018-12-04 07:00:00,10.05,10.17,10.02,10.02,456970
2018-12-05 07:00:00,9.9,10.14,9.85,10.14,1574430
2018-12-06 07:00:00,10.17,10.19,9.97,10.07,685830
2018-12-07 07:00:00,10.1,10.12,10.02,10.07,752130
2018-12-10 07:00:00,10.1,10.1,9.88,9.88,1066750
2018-12-11 07:00:00,9.9,10.0,9.63,9.73,536820
2018-12-12 07:00:00,9.63,9.8,9.63,9.78,620310
2018-12-13 07:00:00,9.73,9.83,9.63,9.73,444510
2018-12-14 07:00:00,9.63,9.93,9.61,9.88,1590920
2018-12-17 07:00:00,9.93,10.0,9.68,9.8,761960
2018-12-18 07:00:00,9.61,9.71,9.24,9.63,379260
2018-12-19 07:00:00,9.66,9.68,9.27,9.63,1387240
2018-12-20 07:00:00,9.63,9.71,9.41,9.71,1165330
2018-12-21 07:00:00,9.66,9.66,9.46,9.58,639770
2018-12-24 07:00:00,9.63,9.66,9.24,9.24,686540
2018-12-25 07:00:00,8.98,9.0,8.61,8.61,1137240
2018-12-26 07:00:00,8.49,8.76,8.42,8.64,1184890
2018-12-27 07:00:00,8.71,8.85,8.44,8.64,1110620
2018-12-28 07:00:00,8.64,8.66,8.08,8.64,202700
2019-01-02 07:00:00,8.64,8.71,8.27,8.34,489900
2019-01-03 07:00:00,8.08,8.42,7.76,8.37,1659190
2019-01-04 07:00:00,8.13,8.27,8.05,8.27,712610
2019-01-07 07:00:00,8.34,8.37,8.15,8.25,374060
2019-01-08 07:00:00,8.2,8.2,8.03,8.17,501740
2019-01-09 07:00:00,8.2,8.22,8.08,8.13,614590
2019-01-10 07:00:00,8.13,8.17,8.08,8.15,324630
2019-01-11 07:00:00,8.15,8.3,8.08,8.27,927630
2019-01-14 07:00:00,8.3,8.34,8.13,8.22,436350
2019-01-15 07:00:00,8.15,8.27,8.13,8.25,251400
2019-01-16 07:00:00,8.25,8.27,8.17,8.25,311640
2019-01-17 07:00:00,8.27,8.3,8.15,8.2,457980
2019-01-18 07:00:00,8.2,8.51,8.05,8.51,1630230
2019-01-21 07:00:00,8.51,8.68,8.51,8.66,1083950
2019-01-22 07:00:00,8.51,8.78,8.51,8.76,1727940
2019-01-23 07:00:00,8.73,8.81,8.61,8.78,983970
2019-01-24 07:00:00,8.81,8.83,8.66,8.76,570760
2019-01-25 07:00:00,8.68,8.85,8.64,8.81,980410
2019-01-28 07:00:00,8.83,8.93,8.78,8.93,812360
2019-01-29 07:00:00,8.98,9.12,8.9,9.07,1062820
2019-01-30 07:00:00,9.1,9.2,9.07,9.17,700530
2019-01-31 07:00:00,9.17,9.2,8.9,9.1,434840
2019-02-01 07:00:00,9.15,9.49,9.05,9.49,933340
2019-02-11 07:00:00,9.56,9.73,9.49,9.73,220740
2019-02-12 07:00:00,9.8,9.85,9.66,9.83,261820
2019-02-13 07:00:00,9.83,9.88,9.76,9.85,219950
2019-02-14 07:00:00,9.85,9.85,9.73,9.83,227220
2019-02-15 07:00:00,9.85,10.22,9.71,10.22,529320
2019-02-18 07:00:00,10.22,10.7,10.22,10.7,468450
2019-02-19 07:00:00,10.78,10.95,10.63,10.95,415380
2019-02-20 07:00:00,10.9,11.09,10.9,11.09,361530
2019-02-21 07:00:00,11.14,11.43,11.09,11.43,1535020
2019-02-22 07:00:00,11.34,12.04,10.97,12.04,7118500
2019-02-25 07:00:00,11.97,12.16,11.8,11.92,2476770
2019-02-26 07:00:00,11.85,11.94,11.19,11.92,1540640
2019-02-27 07:00:00,11.99,12.65,11.97,12.65,2986310
2019-02-28 07:00:00,12.65,12.67,11.87,11.87,1212820
2019-03-01 07:00:00,11.82,11.92,11.68,11.73,603810
2019-03-04 07:00:00,11.75,11.75,10.92,11.09,2454210
2019-03-05 07:00:00,10.95,11.12,10.9,11.12,965630
2019-03-06 07:00:00,11.14,11.26,11.14,11.21,612190
2019-03-07 07:00:00,11.24,11.26,11.0,11.12,675180
2019-03-08 07:00:00,11.0,11.14,10.8,11.14,479780
2019-03-11 07:00:00,11.14,11.26,11.09,11.21,242850
2019-03-12 07:00:00,11.24,11.26,11.19,11.26,145490
2019-03-13 07:00:00,11.29,11.36,11.29,11.29,372250
2019-03-14 07:00:00,11.29,11.43,11.26,11.43,446930
2019-03-15 07:00:00,11.46,11.48,11.04,11.07,723880
2019-03-18 07:00:00,11.07,11.14,10.66,10.92,312340
2019-03-19 07:00:00,10.9,10.95,10.75,10.95,541270
2019-03-20 07:00:00,10.95,11.0,10.92,10.97,586870
2019-03-21 07:00:00,11.0,11.09,10.92,11.09,1019180
2019-03-22 07:00:00,11.17,11.19,11.07,11.14,352860
2019-03-25 07:00:00,11.14,11.17,10.7,10.97,371660
2019-03-26 07:00:00,10.97,11.02,10.85,11.0,231820
2019-03-27 07:00:00,11.0,11.02,10.85,11.0,166620
2019-03-28 07:00:00,10.85,10.97,10.83,10.97,444960
2019-03-29 07:00:00,11.0,11.04,10.9,11.0,532600
2019-04-01 07:00:00,10.85,11.07,10.85,11.0,310440
2019-04-02 07:00:00,10.92,11.46,10.92,11.41,1981990
2019-04-03 07:00:00,11.46,11.82,11.43,11.77,2435780
2019-04-04 07:00:00,11.77,11.94,11.56,11.77,1644270
2019-04-05 07:00:00,11.6,11.6,11.19,11.31,823540
2019-04-08 07:00:00,11.26,11.26,10.53,10.78,1016770
2019-04-09 07:00:00,10.78,10.9,10.07,10.87,667880
2019-04-10 07:00:00,10.78,10.78,10.61,10.7,571060
2019-04-11 07:00:00,10.73,10.78,10.66,10.78,723200
2019-04-12 07:00:00,10.75,10.8,10.63,10.7,697530
2019-04-16 07:00:00,10.66,10.7,10.24,10.48,440000
2019-04-17 07:00:00,10.44,10.56,10.29,10.36,440870
2019-04-18 07:00:00,10.36,10.39,10.27,10.27,208210
2019-04-19 07:00:00,10.29,10.34,10.24,10.29,341730
2019-04-22 07:00:00,10.31,10.31,10.1,10.27,522670
2019-04-23 07:00:00,10.29,10.39,10.27,10.29,571240
2019-04-24 07:00:00,10.29,10.31,10.24,10.29,624060
2019-04-25 07:00:00,10.29,10.41,10.27,10.31,552220
2019-04-26 07:00:00,10.34,10.41,10.34,10.41,552280
2019-05-02 07:00:00,10.44,10.46,10.22,10.41,618680
2019-05-03 07:00:00,10.44,10.48,10.39,10.44,1237100
2019-05-06 07:00:00,10.44,10.51,10.34,10.39,593920
2019-05-07 07:00:00,10.41,10.44,9.93,10.12,472530
2019-05-08 07:00:00,10.12,10.19,10.02,10.17,505670
2019-05-09 07:00:00,10.17,10.27,10.17,10.19,830600
2019-05-10 07:00:00,10.22,10.29,10.07,10.17,611670
2019-05-13 07:00:00,10.17,10.22,9.97,10.1,543360
2019-05-14 07:00:00,10.12,10.17,10.02,10.14,539940
2019-05-15 07:00:00,10.17,10.36,10.12,10.34,972310
2019-05-16 07:00:00,10.36,10.46,10.34,10.34,627550
2019-05-17 07:00:00,10.31,10.39,10.27,10.34,495700
2019-05-20 07:00:00,10.34,10.34,10.22,10.34,641660
2019-05-21 07:00:00,10.39,10.44,10.31,10.34,696190
2019-05-22 07:00:00,10.34,10.36,10.27,10.34,423640
2019-05-23 07:00:00,10.31,10.36,10.24,10.36,496090
2019-05-24 07:00:00,10.34,10.36,10.17,10.31,497070
2019-05-27 07:00:00,10.29,10.31,10.22,10.27,531770
2019-05-28 07:00:00,10.24,10.31,10.22,10.22,597560
2019-05-29 07:00:00,10.24,10.27,9.8,10.22,516150
2019-05-30 07:00:00,10.19,10.22,10.14,10.19,431270
2019-05-31 07:00:00,10.19,10.22,9.88,10.07,540190
2019-06-03 07:00:00,10.07,10.17,10.05,10.17,517070
2019-06-04 07:00:00,10.19,10.27,10.14,10.22,1090400
2019-06-05 07:00:00,10.22,10.27,10.14,10.24,886640
2019-06-06 07:00:00,10.24,10.27,10.02,10.07,507740
2019-06-07 07:00:00,10.07,10.27,10.02,10.22,1041160
2019-06-10 07:00:00,10.22,10.39,10.12,10.36,1167710
2019-06-11 07:00:00,10.39,10.66,10.36,10.56,1378160
2019-06-12 07:00:00,10.53,10.61,10.48,10.58,852170
2019-06-13 07:00:00,10.56,10.61,10.22,10.22,1211020
2019-06-14 07:00:00,10.24,10.44,10.24,10.36,1551810
2019-06-17 07:00:00,10.39,10.41,10.22,10.39,1103380
2019-06-18 07:00:00,10.39,10.51,10.34,10.41,953310
2019-06-19 07:00:00,9.95,10.48,9.95,9.95,777780
2019-06-20 07:00:00,9.93,9.93,9.71,9.76,636290
2019-06-21 07:00:00,9.78,9.85,9.71,9.78,2083420
2019-06-24 07:00:00,9.78,10.24,9.76,10.22,1180980
2019-06-25 07:00:00,10.19,10.24,10.07,10.17,1089890
2019-06-26 07:00:00,10.19,10.29,10.14,10.29,1179930
2019-06-27 07:00:00,10.24,10.31,10.17,10.22,758080
2019-06-28 07:00:00,10.22,10.24,10.1,10.22,811870
2019-07-01 07:00:00,10.27,10.83,10.19,10.61,2136320
2019-07-02 07:00:00,10.58,10.66,10.46,10.61,907510
2019-07-03 07:00:00,10.61,10.75,10.56,10.61,1097760
2019-07-04 07:00:00,10.61,10.61,10.46,10.58,505000
2019-07-05 07:00:00,10.56,10.88,10.53,10.73,2011940
2019-07-08 07:00:00,10.76,10.86,10.68,10.81,582970
2019-07-09 07:00:00,10.76,10.83,10.71,10.81,587950
2019-07-10 07:00:00,10.81,10.86,10.76,10.83,801190
2019-07-11 07:00:00,10.86,11.03,10.81,10.96,467320
2019-07-12 07:00:00,11.03,11.03,10.81,10.88,835640
2019-07-15 07:00:00,11.03,10.91,10.71,10.81,677090
2019-07-16 07:00:00,10.83,10.93,10.73,10.86,1171410
2019-07-17 07:00:00,10.88,11.01,10.78,10.98,1095470
2019-07-18 07:00:00,11.01,11.06,10.86,10.96,743170
2019-07-19 07:00:00,11.01,11.19,10.86,10.98,1312160
2019-07-22 07:00:00,10.91,11.03,10.61,10.68,471600
2019-07-23 07:00:00,10.68,10.71,10.53,10.56,382550
2019-07-24 07:00:00,10.56,10.66,10.56,10.63,222970
2019-07-25 07:00:00,10.61,11.16,10.58,10.98,1049110
2019-07-26 07:00:00,11.01,11.06,10.83,10.96,591400
2019-07-29 07:00:00,10.93,11.11,10.86,11.08,1120820
2019-07-30 07:00:00,11.08,11.16,10.91,11.03,881070
2019-07-31 07:00:00,10.96,11.49,10.86,11.49,1519090
2019-08-01 07:00:00,11.24,11.56,11.14,11.46,3059920
2019-08-02 07:00:00,11.34,11.44,11.26,11.29,199550
2019-08-05 07:00:00,11.24,11.31,10.91,11.31,315090
2019-08-06 07:00:00,10.91,11.11,10.91,11.03,248600
2019-08-07 07:00:00,10.91,11.11,10.96,11.08,1080530
2019-08-08 07:00:00,11.06,11.26,11.01,11.24,938150
2019-08-09 07:00:00,11.16,11.56,11.16,11.56,1853800
2019-08-12 07:00:00,11.41,11.59,11.29,11.51,3045720
2019-08-13 07:00:00,11.46,11.49,11.31,11.39,372880
2019-08-14 07:00:00,11.41,11.51,11.41,11.46,775520
2019-08-15 07:00:00,11.06,11.41,11.06,11.41,599190
2019-08-16 07:00:00,11.34,11.34,11.14,11.31,701060
2019-08-19 07:00:00,11.36,11.36,11.06,11.26,342070
2019-08-20 07:00:00,11.24,11.49,11.11,11.49,736180
2019-08-21 07:00:00,11.41,11.46,11.34,11.46,279880
2019-08-22 07:00:00,11.39,11.39,11.19,11.31,1282930
2019-08-23 07:00:00,11.29,11.41,11.26,11.31,577890
2019-08-26 07:00:00,11.24,11.26,11.03,11.21,291630
2019-08-27 07:00:00,11.16,11.31,11.08,11.08,930880
2019-08-28 07:00:00,11.14,11.29,11.11,11.19,770890
2019-08-29 07:00:00,11.24,11.26,11.08,11.19,224440
2019-08-30 07:00:00,11.16,11.54,11.16,11.44,4085710
2019-09-03 07:00:00,11.51,11.56,11.34,11.36,517460
2019-09-04 07:00:00,11.51,11.36,11.24,11.36,433430
2019-09-05 07:00:00,11.44,11.46,11.16,11.26,1567820
2019-09-06 07:00:00,11.16,11.19,11.06,11.08,534410
2019-09-09 07:00:00,11.11,11.41,11.08,11.39,1294950
2019-09-10 07:00:00,11.39,11.81,11.24,11.79,2215270
2019-09-11 07:00:00,11.74,12.07,11.66,12.07,3246530
2019-09-12 07:00:00,12.07,12.12,11.56,11.56,2896530
2019-09-13 07:00:00,11.56,11.76,11.44,11.49,925630
2019-09-16 07:00:00,11.51,11.86,11.46,11.86,1143250
2019-09-17 07:00:00,11.76,12.19,11.76,12.12,2224310
2019-09-18 07:00:00,12.14,12.17,11.94,12.07,824060
2019-09-19 07:00:00,11.91,12.47,11.89,12.32,2118430
2019-09-20 07:00:00,12.32,12.49,11.99,12.09,3002740
2019-09-23 07:00:00,12.04,12.32,11.96,12.12,1509080
2019-09-24 07:00:00,12.04,12.22,11.96,12.17,1542260
2019-09-25 07:00:00,12.04,12.07,11.96,12.01,760430
2019-09-26 07:00:00,12.01,12.24,11.86,12.24,1804060
2019-09-27 07:00:00,12.24,12.27,12.12,12.22,729930
2019-09-30 07:00:00,12.17,12.17,12.04,12.14,538300
2019-10-01 07:00:00,12.07,12.19,11.81,11.96,2171100
2019-10-02 07:00:00,11.91,12.27,11.91,12.19,2000770
2019-10-03 07:00:00,12.09,12.19,11.99,12.12,1070030
2019-10-04 07:00:00,12.01,12.01,11.79,12.01,1331680
2019-10-07 07:00:00,12.01,12.04,11.84,11.86,1100380
2019-10-08 07:00:00,11.89,12.07,11.81,11.99,1240560
2019-10-09 07:00:00,11.94,12.09,11.91,11.94,1136830
2019-10-10 07:00:00,11.94,12.22,11.91,12.14,3798900
2019-10-11 07:00:00,12.07,12.22,12.04,12.19,1848870
2019-10-14 07:00:00,12.22,12.39,12.19,12.34,1501860
2019-10-15 07:00:00,12.32,12.44,12.17,12.19,775350
2019-10-16 07:00:00,12.22,12.32,12.17,12.22,1181300
2019-10-17 07:00:00,12.22,12.44,12.07,12.39,1775370
2019-10-18 07:00:00,12.39,12.44,12.19,12.27,709880
2019-10-21 07:00:00,12.27,12.34,11.81,11.94,646400
2019-10-22 07:00:00,12.01,12.01,11.46,11.46,2339440
2019-10-23 07:00:00,11.49,11.64,11.46,11.56,568080
2019-10-24 07:00:00,11.59,11.66,11.51,11.51,560030
2019-10-25 07:00:00,11.51,11.51,11.03,11.06,937770
2019-10-28 07:00:00,11.08,11.14,11.01,11.08,492050
2019-10-29 07:00:00,11.06,11.21,11.03,11.14,1214160
2019-10-30 07:00:00,11.21,11.66,11.21,11.54,2290950
2019-10-31 07:00:00,11.51,11.61,11.41,11.41,366570
2019-11-01 07:00:00,11.49,11.71,11.44,11.71,977920
2019-11-04 07:00:00,11.74,11.76,11.61,11.74,1202730
2019-11-05 07:00:00,11.76,11.81,11.74,11.81,680920
2019-11-06 07:00:00,11.86,12.01,11.84,11.94,1023780
2019-11-07 07:00:00,11.86,12.07,11.86,11.94,1347210
2019-11-08 07:00:00,11.94,12.01,11.79,11.81,1011900
2019-11-11 07:00:00,11.84,11.89,11.81,11.89,1101940
2019-11-12 07:00:00,11.91,12.39,11.84,12.24,1859420
2019-11-13 07:00:00,12.32,12.62,12.32,12.57,546700
2019-11-14 07:00:00,12.54,13.05,12.54,12.87,1209130
2019-11-15 07:00:00,12.89,13.2,12.89,13.15,1123180
2019-11-18 07:00:00,13.27,13.42,13.25,13.3,1291830
2019-11-19 07:00:00,13.3,13.4,12.92,12.92,1381490
2019-11-20 07:00:00,12.87,13.25,12.69,13.2,2559950
2019-11-21 07:00:00,13.25,13.25,12.87,12.87,2283600
2019-11-22 07:00:00,13.13,13.77,13.1,13.77,4778290
2019-11-25 07:00:00,13.87,14.15,13.79,14.15,2685400
2019-11-26 07:00:00,14.17,14.58,13.56,14.28,2669330
2019-11-27 07:00:00,13.92,14.07,13.79,14.07,1620530
2019-11-28 07:00:00,14.07,14.53,14.05,14.51,2410120
2019-11-29 07:00:00,14.48,14.79,14.48,14.66,1697190
2019-12-02 07:00:00,14.71,14.74,14.28,14.33,1863640
2019-12-03 07:00:00,14.28,14.81,14.12,14.79,3145480
2019-12-04 07:00:00,14.84,14.97,14.81,14.84,1442730
2019-12-05 07:00:00,14.84,14.92,14.33,14.35,1541520
2019-12-06 07:00:00,14.3,14.51,14.23,14.4,1152740
2019-12-09 07:00:00,14.4,14.43,14.07,14.1,1186330
2019-12-10 07:00:00,14.02,14.2,13.74,14.07,1656920
2019-12-11 07:00:00,14.12,14.89,14.12,14.89,2387420
2019-12-12 07:00:00,14.94,15.56,14.94,15.45,2151810
2019-12-13 07:00:00,15.5,15.53,15.12,15.15,1315080
2019-12-16 07:00:00,15.15,15.15,14.69,14.94,1575360
2019-12-17 07:00:00,14.84,15.22,14.81,15.04,2656610
2019-12-18 07:00:00,14.99,15.17,14.94,15.1,1481850
2019-12-19 07:00:00,15.04,15.2,14.28,14.35,1125300
2019-12-20 07:00:00,14.33,14.46,14.3,14.38,1378990
2019-12-23 07:00:00,14.53,15.38,14.53,15.38,2471380
2019-12-24 07:00:00,15.25,15.68,15.2,15.4,1920930
2019-12-25 07:00:00,15.35,15.61,15.35,15.56,1280670
2019-12-26 07:00:00,15.56,16.07,15.53,15.97,1667560
2019-12-27 07:00:00,15.86,16.27,15.84,16.22,1752530
2019-12-30 07:00:00,16.12,16.5,16.12,16.43,1431110
2019-12-31 07:00:00,16.43,16.78,16.43,16.71,1223330
2020-01-02 07:00:00,16.66,17.04,16.66,17.04,1542690
2020-01-03 07:00:00,17.04,17.4,17.04,17.24,1290400
2020-01-06 07:00:00,17.24,17.35,17.14,17.19,729770
2020-01-07 07:00:00,17.24,17.58,17.22,17.45,1188090
2020-01-08 07:00:00,17.47,17.55,17.42,17.5,783960
2020-01-09 07:00:00,17.5,17.68,17.5,17.58,1291880
2020-01-10 07:00:00,17.58,17.73,17.58,17.73,1032370
2020-01-13 07:00:00,17.73,17.86,17.73,17.86,1121720
2020-01-14 07:00:00,17.86,18.75,17.86,18.73,779660
2020-01-15 07:00:00,18.73,20.03,18.73,19.96,534410
2020-01-16 07:00:00,19.96,20.37,19.93,19.93,655480
2020-01-17 07:00:00,19.96,20.26,19.91,20.26,1110320
2020-01-20 07:00:00,20.26,20.34,20.26,20.31,809700
2020-01-21 07:00:00,20.31,20.47,20.31,20.47,751430
2020-01-22 07:00:00,20.47,20.75,20.47,20.75,1759120
2020-01-30 07:00:00,20.72,20.8,20.72,20.8,767580
2020-01-31 07:00:00,20.8,21.01,20.78,21.01,865140
2020-02-03 07:00:00,21.01,21.03,20.67,20.93,549950
2020-02-04 07:00:00,20.95,21.11,20.95,21.08,613880
2020-02-05 07:00:00,21.08,21.36,21.08,21.36,729910
2020-02-06 07:00:00,21.75,21.75,21.36,21.75,701640
2020-02-07 07:00:00,21.75,22.03,21.75,22.03,844690
2020-02-10 07:00:00,22.05,22.54,22.03,22.54,660200
2020-02-11 07:00:00,22.57,22.95,22.54,22.92,673810
2020-02-12 07:00:00,22.92,23.1,22.92,23.08,660560
2020-02-13 07:00:00,23.1,23.23,23.08,23.23,626960
2020-02-14 07:00:00,23.23,23.31,22.46,22.64,1183840
2020-02-17 07:00:00,22.62,22.75,22.57,22.75,622810
2020-02-18 07:00:00,22.75,22.85,22.57,22.72,288440
2020-02-19 07:00:00,22.72,22.8,22.64,22.72,614030
2020-02-20 07:00:00,22.72,22.8,22.64,22.77,494490
2020-02-21 07:00:00,22.52,22.95,22.49,22.85,538180
2020-02-24 07:00:00,22.03,22.05,21.26,21.26,1132380
2020-02-25 07:00:00,19.98,20.19,19.78,19.83,1060480
2020-02-26 07:00:00,18.68,19.8,18.6,18.7,1742640
2020-02-27 07:00:00,17.91,17.94,17.47,17.47,1214400
2020-02-28 07:00:00,17.47,17.5,16.27,16.27,1035070
2020-03-02 07:00:00,15.94,17.35,15.94,17.35,5053330
2020-03-03 07:00:00,17.3,17.78,17.04,17.63,4446520
2020-03-04 07:00:00,17.65,17.68,17.09,17.14,1344340
2020-03-05 07:00:00,16.22,16.84,15.97,16.84,2239250
2020-03-06 07:00:00,16.12,16.17,15.68,15.99,1644630
2020-03-09 07:00:00,14.89,14.94,14.89,14.89,822930
2020-03-10 07:00:00,13.87,13.92,13.87,13.87,1272070
2020-03-11 07:00:00,13.3,13.46,12.92,12.92,1738790
2020-03-12 07:00:00,12.03,12.2,12.03,12.03,977450
2020-03-13 07:00:00,11.21,11.21,11.21,11.21,714270
2020-03-16 07:00:00,10.49,11.97,10.49,11.97,6621930
2020-03-17 07:00:00,11.23,12.79,11.23,12.38,750840
2020-03-18 07:00:00,12.54,12.54,11.54,12.38,691300
2020-03-19 07:00:00,11.54,11.54,11.54,11.54,212900
2020-03-20 07:00:00,10.75,10.95,10.75,10.75,1962400
2020-03-23 07:00:00,10.0,10.13,10.0,10.0,339810
2020-03-24 07:00:00,9.31,9.31,9.31,9.31,126240
2020-03-25 07:00:00,8.9,9.67,8.67,9.34,2265810
2020-03-26 07:00:00,9.06,9.39,8.7,8.78,540620
2020-03-27 07:00:00,8.78,9.24,8.78,9.01,1087580
2020-03-30 07:00:00,8.7,8.72,8.39,8.57,260930
2020-03-31 07:00:00,8.52,8.72,8.32,8.44,535790
2020-04-01 07:00:00,8.44,8.57,8.32,8.52,333350
2020-04-03 07:00:00,8.52,8.62,8.47,8.62,151630
2020-04-06 07:00:00,8.65,9.21,8.65,9.21,1484610
2020-04-07 07:00:00,9.85,9.85,9.85,9.85,589390
2020-04-08 07:00:00,10.52,10.52,9.65,10.52,4525680
2020-04-09 07:00:00,10.93,10.93,10.49,10.59,632030
2020-04-10 07:00:00,10.08,10.59,9.98,10.23,416590
2020-04-13 07:00:00,9.88,10.16,9.54,10.08,388490
2020-04-14 07:00:00,9.85,10.0,9.67,9.75,310550
2020-04-15 07:00:00,9.77,10.41,9.77,9.98,544080
2020-04-16 07:00:00,10.06,10.34,9.98,10.13,361730
2020-04-17 07:00:00,10.18,10.82,10.11,10.82,1349840
2020-04-20 07:00:00,11.26,11.56,11.08,11.26,782020
2020-04-21 07:00:00,10.75,10.95,10.49,10.49,559210
2020-04-22 07:00:00,9.9,10.39,9.82,10.39,512160
2020-04-23 07:00:00,10.69,10.72,10.26,10.59,1132730
2020-04-24 07:00:00,10.49,10.59,10.18,10.36,486170
2020-04-27 07:00:00,10.46,10.93,10.46,10.75,1380210
2020-04-28 07:00:00,10.75,10.93,10.31,10.54,799320
2020-04-29 07:00:00,10.85,10.95,10.54,10.85,1165090
2020-05-04 07:00:00,10.64,10.87,10.41,10.75,817150
2020-05-05 07:00:00,10.29,11.41,10.29,11.23,2055150
2020-05-06 07:00:00,11.21,11.51,11.1,11.33,1119940
2020-05-07 07:00:00,11.36,11.36,11.16,11.23,437810
2020-05-08 07:00:00,11.23,11.49,11.1,11.28,1399890
2020-05-11 07:00:00,11.92,11.92,11.16,11.92,1762180
2020-05-12 07:00:00,11.97,12.05,11.67,11.95,816530
2020-05-13 07:00:00,11.77,11.82,11.26,11.77,706410
2020-05-14 07:00:00,11.56,11.9,11.36,11.74,1463400
2020-05-15 07:00:00,11.82,12.03,11.59,11.77,2601150
2020-05-18 07:00:00,11.56,11.92,11.51,11.77,1742090
2020-05-19 07:00:00,11.79,11.97,11.64,11.64,2348930
2020-05-20 07:00:00,11.51,11.59,11.41,11.41,396480
2020-05-21 07:00:00,11.44,11.51,11.28,11.36,409030
2020-05-22 07:00:00,11.41,11.69,11.05,11.64,3062460
2020-05-25 07:00:00,11.77,12.33,11.72,11.92,2983070
2020-05-26 07:00:00,11.97,12.1,11.59,12.03,3532230
2020-05-27 07:00:00,12.03,12.05,11.26,11.26,1309960
2020-05-28 07:00:00,11.41,11.41,10.75,10.75,2232320
2020-05-29 07:00:00,10.49,10.9,10.34,10.85,1420330
2020-06-01 07:00:00,10.9,11.08,10.85,10.93,1314330
2020-06-02 07:00:00,10.95,11.21,10.8,11.1,1777710
2020-06-03 07:00:00,11.13,11.21,10.93,11.1,1225130
2020-06-04 07:00:00,11.13,11.44,11.05,11.31,1823700
2020-06-05 07:00:00,11.36,11.44,11.23,11.44,1188990
2020-06-08 07:00:00,11.51,11.95,11.51,11.82,3087950
2020-06-09 07:00:00,11.77,11.82,11.41,11.59,1873080
2020-06-10 07:00:00,11.41,12.08,11.33,11.9,4513940
2020-06-11 07:00:00,11.95,12.05,11.08,11.08,2076530
2020-06-12 07:00:00,10.31,11.56,10.31,11.56,4408330
2020-06-15 07:00:00,11.26,11.77,10.77,11.03,3419050
2020-06-16 07:00:00,11.08,11.23,10.72,11.05,1735680
2020-06-17 07:00:00,10.59,10.9,10.59,10.75,1409400
2020-06-18 07:00:00,10.64,10.95,10.36,10.77,1713490
2020-06-19 07:00:00,10.8,10.9,10.64,10.82,1640490
2020-06-22 07:00:00,10.95,11.03,10.69,10.98,887840
2020-06-23 07:00:00,10.9,11.69,10.72,11.51,8649860
2020-06-24 07:00:00,11.28,11.64,11.23,11.49,6323650
2020-06-25 07:00:00,11.03,11.36,11.0,11.36,2276640
2020-06-26 07:00:00,11.1,11.36,10.69,11.1,3146660
2020-06-29 07:00:00,10.75,11.72,10.34,11.72,5063080
2020-06-30 07:00:00,11.1,11.26,10.9,10.9,1546040
2020-07-01 07:00:00,10.34,10.9,10.34,10.49,1815810
2020-07-02 07:00:00,10.57,10.69,10.49,10.52,836510
2020-07-03 07:00:00,10.54,10.95,10.54,10.77,1162640
2020-07-06 07:00:00,10.77,10.85,10.67,10.77,1034150
2020-07-07 07:00:00,10.82,10.87,10.62,10.69,2005510
2020-07-08 07:00:00,10.69,10.69,10.57,10.62,1054820
2020-07-09 07:00:00,10.78,10.99,10.7,10.93,3503900
2020-07-10 07:00:00,10.96,11.2,10.83,11.14,3722560
2020-07-13 07:00:00,11.22,11.59,11.22,11.46,4143310
2020-07-14 07:00:00,11.49,11.49,11.14,11.22,1783480
2020-07-15 07:00:00,11.28,11.54,10.99,11.41,4399680
2020-07-16 07:00:00,11.46,11.67,11.28,11.59,7149050
2020-07-17 07:00:00,11.54,11.64,11.41,11.59,6244180
2020-07-20 07:00:00,11.54,11.54,11.3,11.3,1082330
2020-07-21 07:00:00,11.59,11.98,11.41,11.8,13123330
2020-07-22 07:00:00,11.64,11.93,11.56,11.67,5485880
2020-07-23 07:00:00,11.67,11.7,11.46,11.54,1820260
2020-07-24 07:00:00,11.28,11.33,10.75,10.85,8373070
2020-07-27 07:00:00,10.14,10.33,10.12,10.12,1601960
2020-07-28 07:00:00,9.7,10.51,9.46,10.51,6305520
2020-07-29 07:00:00,10.01,10.09,9.78,9.99,5571400
2020-07-30 07:00:00,10.01,10.12,9.91,10.01,1522620
2020-07-31 07:00:00,9.96,10.7,9.33,10.36,9952340
2020-08-03 07:00:00,10.25,10.54,10.2,10.43,1722270
2020-08-04 07:00:00,10.51,10.67,10.46,10.51,1935400
2020-08-05 07:00:00,10.46,10.64,10.28,10.54,2922930
2020-08-06 07:00:00,10.54,10.59,10.41,10.57,1293750
2020-08-07 07:00:00,10.59,10.75,10.51,10.7,2701620
2020-08-10 07:00:00,10.72,10.96,10.67,10.83,3049920
2020-08-11 07:00:00,10.88,10.88,10.67,10.78,1338440
2020-08-12 07:00:00,10.8,10.93,10.57,10.78,4365390
2020-08-13 07:00:00,10.88,10.88,10.7,10.8,2574480
2020-08-14 07:00:00,10.78,10.8,10.51,10.72,3644340
2020-08-17 07:00:00,10.64,10.67,10.36,10.51,1871920
2020-08-18 07:00:00,10.51,10.59,10.46,10.49,1173650
2020-08-19 07:00:00,10.51,10.64,10.38,10.64,3694390
2020-08-20 07:00:00,10.64,10.64,10.41,10.51,1271000
2020-08-21 07:00:00,10.54,10.67,10.41,10.62,4938640
2020-08-24 07:00:00,10.64,10.8,10.64,10.72,2746730
2020-08-25 07:00:00,10.75,11.09,10.51,11.04,14623570
2020-08-26 07:00:00,10.96,11.38,10.83,11.2,8713210
2020-08-27 07:00:00,11.06,11.35,11.04,11.25,9663670
2020-08-28 07:00:00,11.22,11.28,11.04,11.22,6630540
2020-08-31 07:00:00,11.2,11.2,10.88,10.93,3153790
2020-09-01 07:00:00,10.78,10.96,10.75,10.96,2694450
2020-09-03 07:00:00,11.06,11.14,10.96,11.01,4330970
2020-09-04 07:00:00,10.72,11.25,10.72,11.25,5073270
2020-09-07 07:00:00,11.06,11.09,10.88,10.99,2811510
2020-09-08 07:00:00,10.99,10.99,10.78,10.96,4852250
2020-09-09 07:00:00,10.75,10.88,10.75,10.88,2484550
2020-09-10 07:00:00,10.88,11.12,10.88,11.06,4471930
2020-09-11 07:00:00,11.09,11.2,11.01,11.06,4102210
2020-09-14 07:00:00,11.12,11.12,10.93,10.93,1029310
2020-09-15 07:00:00,10.99,11.01,10.85,10.85,1224410
2020-09-16 07:00:00,10.88,10.91,10.8,10.8,1253180
2020-09-17 07:00:00,10.83,10.88,10.78,10.78,1780490
2020-09-18 07:00:00,10.8,10.91,10.75,10.91,4061250
2020-09-21 07:00:00,10.96,11.01,10.83,10.96,3414820
2020-09-22 07:00:00,10.85,11.09,10.75,11.06,9041600
2020-09-23 07:00:00,11.06,11.06,10.88,10.99,2853510
2020-09-24 07:00:00,10.85,10.93,10.8,10.85,2869380
2020-09-25 07:00:00,10.83,10.88,10.7,10.88,3255030
2020-09-28 07:00:00,10.91,11.06,10.78,11.01,6870830
2020-09-29 07:00:00,11.49,11.56,11.14,11.3,13046320
2020-09-30 07:00:00,11.09,11.46,10.96,11.33,15024070
2020-10-01 07:00:00,11.25,11.35,10.88,11.28,9975400
2020-10-02 07:00:00,11.06,11.35,10.72,11.35,21924910
2020-10-05 07:00:00,11.3,11.33,11.09,11.09,2803010
2020-10-06 07:00:00,11.17,11.35,11.09,11.33,12978280
2020-10-07 07:00:00,11.14,11.3,11.12,11.14,19829730
2020-10-08 07:00:00,11.2,11.2,10.85,10.99,11863940
2020-10-09 07:00:00,11.04,11.25,10.83,11.2,16097270
2020-10-12 07:00:00,11.33,11.33,10.99,10.99,4123850
2020-10-13 07:00:00,11.04,11.04,10.88,11.01,8998620
2020-10-14 07:00:00,10.96,11.22,10.7,11.09,22840530
2020-10-15 07:00:00,11.12,11.25,10.93,11.04,15567050
2020-10-16 07:00:00,11.01,11.09,10.78,11.09,14283420
2020-10-19 07:00:00,10.96,10.96,10.83,10.83,7497370
2020-10-20 07:00:00,11.01,11.12,10.72,10.99,36953630
2020-10-21 07:00:00,10.99,11.01,10.72,10.99,13073280
2020-10-22 07:00:00,10.85,10.91,10.75,10.75,7023460
2020-10-23 07:00:00,10.78,10.85,10.75,10.78,2962630
2020-10-26 07:00:00,10.8,10.93,10.54,10.54,11895940
2020-10-27 07:00:00,10.57,10.64,10.14,10.3,12793100
2020-10-28 07:00:00,10.17,10.2,9.75,9.99,11540740
2020-10-29 07:00:00,9.88,9.93,9.72,9.83,3934950
2020-10-30 07:00:00,9.88,9.93,9.59,9.72,5839620
2020-11-02 07:00:00,9.78,9.78,9.46,9.46,3920940
2020-11-03 07:00:00,9.49,9.83,9.49,9.78,4976030
2020-11-04 07:00:00,9.83,9.93,9.7,9.88,3617320
2020-11-05 07:00:00,9.83,10.04,9.8,9.88,3922890
2020-11-06 07:00:00,9.91,9.99,9.78,9.88,3188320
2020-11-09 07:00:00,9.91,9.93,9.86,9.88,2326120
2020-11-10 07:00:00,9.93,9.99,9.78,9.88,5280320
2020-11-11 07:00:00,9.8,9.86,9.7,9.75,7274850
2020-11-12 07:00:00,9.78,9.86,9.7,9.83,3366410
2020-11-13 07:00:00,9.83,9.83,9.72,9.8,1714110
2020-11-16 07:00:00,9.8,9.83,9.51,9.51,3215370
2020-11-17 07:00:00,9.57,9.86,9.51,9.86,8399350
2020-11-18 07:00:00,9.78,9.96,9.72,9.91,5918250
2020-11-19 07:00:00,9.83,10.01,9.75,9.99,8325970
2020-11-20 07:00:00,10.07,10.67,10.07,10.67,11655810
2020-11-23 07:00:00,10.88,11.2,10.41,10.96,16584510
2020-11-24 07:00:00,10.93,10.93,10.51,10.57,8262730
2020-11-25 07:00:00,10.49,10.62,10.25,10.59,8672770
2020-11-26 07:00:00,10.67,10.91,10.64,10.85,11578480
2020-11-27 07:00:00,10.85,10.85,10.62,10.62,5437700
2020-11-30 07:00:00,10.64,10.75,10.25,10.25,9693850
2020-12-01 07:00:00,9.93,10.8,9.88,10.8,28270800
2020-12-02 07:00:00,10.54,10.59,10.41,10.54,12125400
2020-12-03 07:00:00,10.46,10.54,10.2,10.54,16912120
2020-12-04 07:00:00,10.36,10.36,10.2,10.36,19491690
2020-12-07 07:00:00,10.38,10.38,10.12,10.38,23272730
2020-12-08 07:00:00,10.25,10.3,10.09,10.22,10095660
2020-12-09 07:00:00,10.22,10.33,9.88,10.33,26878490
2020-12-10 07:00:00,10.09,10.22,10.04,10.04,2676550
2020-12-11 07:00:00,10.09,10.17,9.96,10.07,2133770
2020-12-14 07:00:00,10.2,10.25,10.12,10.12,4815760
2020-12-15 07:00:00,10.14,10.17,10.04,10.04,4687670
2020-12-16 07:00:00,10.14,10.14,10.04,10.04,3987770
2020-12-17 07:00:00,10.04,10.2,9.93,10.07,8512500
2020-12-18 07:00:00,10.12,10.2,10.07,10.14,5683010
2020-12-21 07:00:00,10.22,10.25,10.12,10.14,5875150
2020-12-22 07:00:00,10.14,10.36,10.09,10.28,6491870
2020-12-23 07:00:00,10.41,10.88,10.22,10.67,12008360
2020-12-24 07:00:00,10.72,10.88,10.09,10.49,10796900
2020-12-25 07:00:00,10.46,10.62,10.28,10.51,4770700
2020-12-28 07:00:00,10.59,10.93,10.54,10.72,9875830
2020-12-29 07:00:00,10.78,10.94,10.78,10.86,4892390
2020-12-30 07:00:00,10.94,11.18,10.83,10.88,6472720
2020-12-31 07:00:00,10.88,10.94,10.72,10.75,5345790
2021-01-04 07:00:00,10.83,11.02,10.72,10.8,5695300
2021-01-05 07:00:00,10.78,10.91,10.72,10.8,5199100
2021-01-06 07:00:00,10.88,11.56,10.8,11.21,19957600
2021-01-07 07:00:00,11.37,11.53,11.29,11.37,8550300
2021-01-08 07:00:00,11.5,12.15,11.4,12.15,18368900
2021-01-11 07:00:00,12.5,12.99,12.39,12.99,12515100
2021-01-12 07:00:00,13.36,13.71,12.99,13.47,9784100
2021-01-13 07:00:00,13.36,13.47,13.01,13.01,11307600
2021-01-14 07:00:00,13.15,13.85,12.96,13.85,11809100
2021-01-15 07:00:00,14.17,14.44,14.01,14.23,5956100
2021-01-18 07:00:00,14.06,14.76,13.88,14.09,7919300
2021-01-19 07:00:00,14.01,14.04,13.12,13.12,10511200
2021-01-20 07:00:00,13.12,13.36,12.2,12.77,11910900
2021-01-21 07:00:00,13.07,13.66,12.82,13.66,9267500
2021-01-22 07:00:00,13.9,14.28,13.66,13.96,8736000
2021-01-25 07:00:00,13.69,14.17,13.58,13.98,6660600
2021-01-26 07:00:00,13.98,13.98,13.01,13.09,9280400
2021-01-27 07:00:00,12.82,13.44,12.34,12.39,8180800
2021-01-28 07:00:00,11.53,11.91,11.53,11.53,9232700
2021-01-29 07:00:00,10.78,12.15,10.78,11.83,9480600
2021-02-01 07:00:00,11.8,12.07,11.02,11.02,8495100
2021-02-02 07:00:00,11.05,11.59,10.67,11.32,5477700
2021-02-03 07:00:00,11.48,12.1,11.32,12.1,6281900
2021-02-04 07:00:00,12.12,12.26,11.85,12.04,5233400
2021-02-05 07:00:00,12.07,12.39,11.94,12.15,4129200
2021-02-08 07:00:00,12.12,12.15,11.32,11.32,8662500
2021-02-09 07:00:00,11.42,11.69,11.1,11.48,4655800
2021-02-17 07:00:00,11.64,12.04,11.61,11.94,4564200
2021-02-18 07:00:00,11.94,12.77,11.77,12.66,9018700
2021-02-19 07:00:00,12.45,12.82,12.42,12.56,3965000
2021-02-22 07:00:00,12.56,12.74,12.18,12.29,5735600
2021-02-23 07:00:00,12.29,12.64,12.18,12.39,5557800
2021-02-24 07:00:00,12.56,12.56,11.91,11.99,6689300
2021-02-25 07:00:00,12.18,12.23,11.77,11.88,6209100
2021-02-26 07:00:00,11.69,11.88,11.53,11.75,5700300
2021-03-01 07:00:00,11.88,12.23,11.8,12.18,3998800
2021-03-02 07:00:00,12.39,12.45,12.07,12.12,3712200
2021-03-03 07:00:00,12.07,12.34,12.02,12.26,4409600
2021-03-04 07:00:00,12.31,12.37,11.64,11.75,4660900
2021-03-05 07:00:00,11.75,11.96,11.61,11.83,3965300
2021-03-08 07:00:00,11.91,12.07,11.85,11.88,3958100
2021-03-09 07:00:00,11.88,12.39,11.72,12.04,5186900
2021-03-10 07:00:00,12.18,12.29,12.04,12.23,3988000
2021-03-11 07:00:00,12.39,12.42,12.23,12.29,3821800
2021-03-12 07:00:00,12.34,12.34,12.12,12.2,3587000
2021-03-15 07:00:00,12.18,12.37,12.12,12.23,4015100
2021-03-16 07:00:00,12.26,12.82,12.23,12.72,9215400
2021-03-17 07:00:00,12.82,13.15,12.74,12.85,6236000
2021-03-18 07:00:00,12.93,12.93,12.66,12.82,4200500
2021-03-19 07:00:00,12.72,12.8,12.39,12.39,5082700
2021-03-22 07:00:00,12.56,12.64,12.39,12.5,3895800
2021-03-23 07:00:00,12.5,12.5,12.12,12.2,4431200
2021-03-24 07:00:00,11.99,12.12,11.69,11.8,6193600
2021-03-25 07:00:00,11.83,11.96,11.61,11.75,4423700
2021-03-26 07:00:00,11.69,11.8,11.21,11.64,4888800
2021-03-29 07:00:00,11.8,12.18,11.67,12.07,3548900
2021-03-30 07:00:00,12.15,12.39,11.96,12.29,4334300
2021-03-31 07:00:00,12.29,12.69,12.12,12.34,7797400
2021-04-01 07:00:00,12.39,13.09,12.34,13.07,11768100
2021-04-02 07:00:00,13.15,13.31,12.8,13.04,10056200
2021-04-05 07:00:00,13.15,13.34,12.88,13.23,14249700
2021-04-06 07:00:00,13.04,14.01,12.96,13.96,10585700
2021-04-07 07:00:00,13.74,14.28,13.55,14.23,10147400
2021-04-08 07:00:00,14.04,14.04,13.74,14.01,6876200
2021-04-09 07:00:00,13.79,14.23,13.47,14.23,18335900
2021-04-12 07:00:00,14.01,14.01,13.77,13.96,13462500
2021-04-13 07:00:00,13.9,13.9,13.15,13.26,10375400
2021-04-14 07:00:00,12.99,13.42,12.88,13.2,6823100
2021-04-15 07:00:00,13.2,13.53,12.91,12.91,6236200
2021-04-16 07:00:00,12.88,12.88,12.2,12.37,9160500
2021-04-19 07:00:00,12.34,12.77,12.2,12.58,6941800
2021-04-20 07:00:00,12.66,12.69,12.26,12.26,4829600
2021-04-22 07:00:00,12.12,12.31,11.59,11.59,6153900
2021-04-23 07:00:00,11.59,12.07,11.48,12.02,7949700
2021-04-26 07:00:00,12.02,12.02,11.59,11.59,4586400
2021-04-27 07:00:00,11.59,11.91,11.42,11.72,3400000
2021-04-28 07:00:00,11.72,11.99,11.69,11.85,3095800
2021-04-29 07:00:00,11.96,11.96,11.69,11.69,3798700
2021-05-04 07:00:00,11.5,12.37,11.37,12.15,5824300
2021-05-05 07:00:00,12.29,12.37,12.12,12.12,3480600
2021-05-06 07:00:00,12.37,12.66,12.23,12.23,6403700
2021-05-07 07:00:00,12.18,12.2,11.75,11.8,5665500
2021-05-10 07:00:00,11.64,12.02,11.59,11.77,4475900
2021-05-11 07:00:00,11.85,12.18,11.85,11.91,4534500
2021-05-12 07:00:00,11.91,12.07,11.88,12.02,2713900
2021-05-13 07:00:00,12.04,12.26,11.85,11.85,5250600
2021-05-14 07:00:00,11.96,12.12,11.85,12.12,4772300
2021-05-17 07:00:00,12.39,12.45,12.07,12.34,6798500
2021-05-18 07:00:00,12.26,12.26,11.96,11.96,3444400
2021-05-19 07:00:00,11.96,12.02,11.75,11.77,4403500
2021-05-20 07:00:00,11.77,11.83,11.48,11.83,6730200
2021-05-21 07:00:00,11.8,12.12,11.61,12.12,5059200
2021-05-24 07:00:00,12.18,12.66,12.04,12.66,11000200
2021-05-25 07:00:00,12.5,12.69,12.42,12.66,6501600
2021-05-26 07:00:00,12.5,12.53,12.31,12.39,4913400
2021-05-27 07:00:00,12.29,12.29,11.85,11.91,5724200
2021-05-28 07:00:00,11.85,12.2,11.8,12.12,5430000
2021-05-31 07:00:00,11.96,12.12,11.85,12.02,4819600
2021-06-01 07:00:00,11.96,11.96,11.75,11.77,6499500
2021-06-02 07:00:00,11.72,12.02,11.64,11.96,4469400
2021-06-03 07:00:00,12.12,12.12,11.94,12.04,5097100
2021-06-04 07:00:00,12.04,12.04,11.85,11.91,4955100
2021-06-07 07:00:00,12.02,12.39,11.91,12.18,5843400
2021-06-08 07:00:00,12.2,12.31,11.8,11.8,4956000
2021-06-09 07:00:00,11.8,11.96,11.72,11.85,4560300
2021-06-10 07:00:00,11.8,11.91,11.75,11.75,3864900
2021-06-11 07:00:00,11.75,11.91,11.72,11.8,4051100
2021-06-14 07:00:00,11.8,12.02,11.72,11.96,7615500
2021-06-15 07:00:00,12.02,12.02,11.59,12.02,8303000
2021-06-16 07:00:00,12.04,12.31,11.91,12.12,6656300
2021-06-17 07:00:00,11.91,12.12,11.91,11.96,3424600
2021-06-18 07:00:00,12.02,12.8,11.91,12.66,16894200
2021-06-21 07:00:00,12.66,12.66,12.29,12.29,5885900
2021-06-22 07:00:00,12.29,12.56,12.2,12.23,5421700
2021-06-23 07:00:00,12.18,12.23,11.91,11.91,6701900
2021-06-24 07:00:00,11.91,12.07,11.8,11.94,3828100
2021-06-25 07:00:00,11.99,12.02,11.8,11.88,4052900
2021-06-28 07:00:00,11.85,11.94,11.8,11.88,3853700
2021-06-29 07:00:00,11.85,12.02,11.8,11.8,4099900
2021-06-30 07:00:00,11.8,11.91,11.77,11.77,2541500
2021-07-01 07:00:00,11.8,11.85,11.72,11.8,3459100
2021-07-02 07:00:00,11.83,11.85,11.69,11.77,3599400
2021-07-05 07:00:00,11.69,11.77,11.42,11.48,5973500
2021-07-06 07:00:00,11.42,11.53,10.99,11.1,8454400
2021-07-07 07:00:00,11.07,11.8,10.53,11.8,10158200
2021-07-08 07:00:00,11.5,11.5,11.21,11.34,3314900
2021-07-09 07:00:00,11.15,11.18,10.7,10.78,4030600
2021-07-12 07:00:00,10.67,10.78,10.02,10.1,7699900
2021-07-13 07:00:00,10.18,10.59,9.97,10.59,5483500
2021-07-14 07:00:00,10.45,10.64,10.13,10.29,3969700
2021-07-15 07:00:00,10.18,10.4,10.18,10.32,3740900
2021-07-16 07:00:00,10.35,10.62,10.29,10.35,4106700
2021-07-19 07:00:00,10.0,10.29,9.73,9.73,6864600
2021-07-20 07:00:00,9.75,10.18,9.48,10.16,8076300
2021-07-21 07:00:00,10.0,10.32,9.97,10.18,11064400
2021-07-22 07:00:00,10.05,10.35,10.05,10.32,5776100
2021-07-23 07:00:00,10.24,10.29,9.97,9.97,2982900
2021-07-26 07:00:00,9.86,10.08,9.75,10.02,2480600
2021-07-27 07:00:00,10.02,10.18,10.0,10.13,3805800
2021-07-28 07:00:00,10.02,10.35,9.97,10.32,6891300
2021-07-29 07:00:00,10.29,10.29,10.16,10.18,2532000
2021-07-30 07:00:00,10.18,10.48,10.08,10.32,13089800
2021-08-02 07:00:00,10.24,10.29,10.1,10.13,3503100
2021-08-03 07:00:00,10.13,10.35,10.05,10.35,8621700
2021-08-04 07:00:00,10.24,10.29,10.16,10.18,3176300
2021-08-05 07:00:00,10.13,10.29,10.08,10.21,6237000
2021-08-06 07:00:00,10.21,10.29,10.1,10.16,6248500
2021-08-09 07:00:00,10.13,10.24,10.13,10.18,5071400
2021-08-10 07:00:00,10.32,10.62,10.21,10.59,11920900
2021-08-11 07:00:00,10.64,10.78,10.62,10.67,7943600
2021-08-12 07:00:00,10.51,10.59,10.45,10.51,4621300
2021-08-13 07:00:00,10.45,10.48,10.16,10.45,7676500
2021-08-16 07:00:00,10.51,10.53,10.35,10.35,5700100
2021-08-17 07:00:00,10.37,10.37,10.18,10.27,5232500
2021-08-18 07:00:00,10.18,10.51,10.16,10.4,12004700
2021-08-19 07:00:00,10.43,10.43,10.21,10.21,3452000
2021-08-20 07:00:00,10.24,10.29,9.91,10.24,12077800
2021-08-23 07:00:00,10.08,10.13,9.86,10.13,7320600
2021-08-24 07:00:00,9.97,10.08,9.81,9.81,5670400
2021-08-25 07:00:00,9.83,9.97,9.75,9.89,3090700
2021-08-26 07:00:00,9.91,9.94,9.81,9.86,2099200
2021-08-27 07:00:00,9.81,9.94,9.67,9.91,3817000
2021-08-30 07:00:00,10.29,10.35,10.08,10.24,13644300
2021-08-31 07:00:00,10.24,10.7,10.08,10.51,15861400
2021-09-01 07:00:00,10.48,10.67,10.4,10.59,7135100
2021-09-06 07:00:00,10.59,10.97,10.48,10.86,10601700
2021-09-07 07:00:00,10.86,10.86,10.43,10.45,8171000
2021-09-08 07:00:00,10.45,10.45,10.05,10.24,11728700
2021-09-09 07:00:00,10.1,10.27,9.97,9.97,13850600
2021-09-10 07:00:00,10.65,10.65,10.65,10.65,2452800
2021-09-13 07:00:00,11.4,11.4,10.71,10.71,16053900
2021-09-14 07:00:00,10.62,10.93,10.4,10.84,11365200
2021-09-15 07:00:00,10.84,11.06,10.84,11.06,7235800
2021-09-16 07:00:00,10.9,10.99,10.62,10.62,10089100
2021-09-17 07:00:00,10.56,10.68,10.56,10.68,8268700
2021-09-20 07:00:00,10.75,10.81,10.59,10.71,6135300
2021-09-21 07:00:00,10.56,10.81,10.5,10.68,7047600
2021-09-22 07:00:00,10.68,10.71,10.59,10.71,4641600
2021-09-23 07:00:00,10.81,10.99,10.75,10.96,22367000
2021-09-24 07:00:00,10.99,11.37,10.9,11.21,15939900
2021-09-27 07:00:00,11.24,11.27,10.96,11.12,8061100
2021-09-28 07:00:00,11.06,11.34,10.78,11.21,17649000
2021-09-29 07:00:00,10.99,11.06,10.78,11.06,12156900
2021-09-30 07:00:00,10.99,11.09,10.81,11.09,9729900
2021-10-01 07:00:00,10.9,11.12,10.84,11.12,12410500
2021-10-04 07:00:00,11.06,11.06,10.81,10.87,13891100
2021-10-05 07:00:00,10.81,10.96,10.75,10.9,11175800
2021-10-06 07:00:00,10.93,10.96,10.81,10.93,9667900
2021-10-07 07:00:00,10.96,10.96,10.75,10.75,4972300
2021-10-08 07:00:00,10.75,10.81,10.59,10.59,4597300
2021-10-11 07:00:00,10.59,10.62,10.5,10.56,4623500
2021-10-12 07:00:00,10.59,10.75,10.59,10.68,4003700
2021-10-13 07:00:00,10.71,10.75,10.62,10.62,9069500
2021-10-14 07:00:00,10.62,10.71,10.59,10.65,6255200
2021-10-15 07:00:00,10.65,10.68,10.53,10.59,6120300
2021-10-18 07:00:00,10.59,10.62,10.4,10.4,4559600
2021-10-19 07:00:00,10.4,10.43,10.28,10.28,4908800
2021-10-20 07:00:00,10.28,10.47,10.28,10.34,3350700
2021-10-21 07:00:00,10.37,10.4,10.31,10.34,2084800
2021-10-22 07:00:00,10.37,10.78,10.31,10.56,10344600
2021-10-25 07:00:00,10.59,10.71,10.56,10.56,4294200
2021-10-26 07:00:00,10.5,10.56,10.43,10.47,2654600
2021-10-27 07:00:00,10.5,10.65,10.47,10.53,5648500
2021-10-28 07:00:00,10.59,10.93,10.53,10.81,12470100
2021-10-29 07:00:00,10.9,11.18,10.84,11.09,10596800
2021-11-01 07:00:00,11.18,11.74,11.18,11.71,12784500
2021-11-02 07:00:00,11.8,12.08,11.61,11.83,10275000
2021-11-03 07:00:00,11.83,11.89,11.18,11.18,13562100
2021-11-04 07:00:00,11.09,11.46,10.99,11.18,7136400
2021-11-05 07:00:00,11.24,11.55,11.21,11.49,4875600
2021-11-08 07:00:00,11.61,11.96,11.52,11.74,7977500
2021-11-09 07:00:00,11.8,11.89,11.49,11.52,5826600
2021-11-10 07:00:00,11.55,11.99,11.4,11.89,9490800
2021-11-11 07:00:00,12.11,12.7,11.99,12.7,11892600
2021-11-12 07:00:00,13.57,13.57,13.57,13.57,3171900
2021-11-15 07:00:00,14.5,14.5,13.66,14.5,13292400
2021-11-16 07:00:00,14.16,15.15,14.04,14.47,19447800
2021-11-17 07:00:00,14.47,14.81,14.19,14.78,10150200
2021-11-18 07:00:00,14.91,15.81,14.91,15.81,10446100
2021-11-19 07:00:00,16.74,16.8,14.78,15.93,18315800
2021-11-22 07:00:00,15.93,15.93,14.84,14.84,11367700
2021-11-23 07:00:00,14.04,15.19,13.97,14.6,14210100
2021-11-24 07:00:00,14.81,14.91,13.97,13.97,8399600
2021-11-25 07:00:00,13.79,14.94,13.48,14.94,32436200
2021-11-26 07:00:00,15.4,15.71,14.44,14.6,12139200
2021-11-29 07:00:00,14.35,14.88,14.22,14.47,12092000
2021-11-30 07:00:00,14.72,15.47,14.41,15.12,21997200
2021-12-01 07:00:00,15.22,15.84,14.91,15.09,9755200
2021-12-02 07:00:00,15.22,15.4,14.91,14.91,8821600
2021-12-03 07:00:00,15.03,15.06,13.88,13.88,20222300
2021-12-06 07:00:00,13.88,14.01,12.92,12.92,17370800
2021-12-07 07:00:00,13.04,13.38,12.89,13.14,9493500
2021-12-08 07:00:00,13.26,13.38,12.95,12.95,9614600
2021-12-09 07:00:00,12.92,13.85,12.86,13.85,12833800
2021-12-10 07:00:00,13.97,14.01,13.51,13.66,10084500
2021-12-13 07:00:00,13.91,14.6,13.66,14.6,13827100
2021-12-14 07:00:00,14.84,15.34,14.5,14.91,15745100
2021-12-15 07:00:00,14.91,15.4,14.66,14.94,14284700
2021-12-16 07:00:00,15.15,15.81,14.91,15.59,18511100
2021-12-17 07:00:00,15.75,16.12,15.53,15.65,19955400
2021-12-20 07:00:00,15.53,15.9,15.12,15.34,15361200
2021-12-21 07:00:00,15.22,16.4,15.03,16.4,18649200
2021-12-22 07:00:00,17.02,17.52,16.86,17.52,22269500
2021-12-23 07:00:00,17.55,17.95,16.8,17.3,22117400
2021-12-24 07:00:00,17.2,17.95,16.52,17.17,14379900
2021-12-27 07:00:00,17.2,18.35,16.71,18.35,18229300
2021-12-28 07:00:00,18.82,18.88,17.79,18.23,12565600
2021-12-29 07:00:00,18.23,18.29,17.7,17.7,9407300
2021-12-30 07:00:00,17.42,18.14,17.39,17.48,11050700
2021-12-31 07:00:00,17.48,17.7,16.89,17.05,12983100
2022-01-04 07:00:00,17.27,17.98,17.02,17.45,10533500
2022-01-05 07:00:00,17.7,18.2,17.48,17.58,12020700
2022-01-06 07:00:00,17.39,18.26,17.33,18.01,16472400
2022-01-07 07:00:00,18.2,18.26,17.7,17.7,11140800
2022-01-10 07:00:00,17.7,18.91,17.2,17.39,24750500
2022-01-11 07:00:00,17.7,18.07,17.39,17.58,16555300
2022-01-12 07:00:00,17.3,17.64,16.37,16.37,25635900
2022-01-13 07:00:00,16.7,16.74,15.23,15.29,15361800
2022-01-14 07:00:00,14.76,16.23,14.76,15.96,10540400
2022-01-17 07:00:00,15.96,16.16,14.86,14.86,9776400
2022-01-18 07:00:00,14.76,14.82,13.82,13.82,9533000
2022-01-19 07:00:00,13.68,14.39,13.68,14.02,8403900
2022-01-20 07:00:00,14.22,14.99,14.09,14.99,4749700
2022-01-21 07:00:00,15.29,15.49,14.79,15.23,7814300
2022-01-24 07:00:00,14.89,15.02,14.19,14.19,7735400
2022-01-25 07:00:00,13.95,14.35,13.48,14.25,7052800
2022-01-26 07:00:00,14.35,14.42,13.28,13.28,11562000
2022-01-27 07:00:00,13.15,13.68,12.95,13.08,5029400
2022-01-28 07:00:00,13.41,13.41,12.51,13.25,5942100
2022-02-07 07:00:00,13.48,13.99,13.45,13.72,3212800
2022-02-08 07:00:00,13.72,13.95,13.48,13.68,4625000
2022-02-09 07:00:00,13.68,14.29,13.58,14.12,6708900
2022-02-10 07:00:00,14.25,14.52,14.05,14.09,4121200
2022-02-11 07:00:00,13.95,14.12,13.82,13.88,3904100
2022-02-14 07:00:00,13.45,13.95,13.45,13.62,5391000
2022-02-15 07:00:00,13.62,14.02,13.62,13.92,3551200
2022-02-16 07:00:00,13.99,14.89,13.99,14.66,12077500
2022-02-17 07:00:00,14.66,14.82,14.52,14.59,5242900
2022-02-18 07:00:00,14.42,15.09,14.32,15.09,9121900
2022-02-21 07:00:00,15.16,15.66,15.16,15.19,10950300
2022-02-22 07:00:00,14.89,15.13,14.42,14.72,10909400
2022-02-23 07:00:00,14.76,15.02,14.72,14.76,5516200
2022-02-24 07:00:00,14.62,14.92,13.75,14.29,12740200
2022-02-25 07:00:00,14.49,14.76,14.39,14.45,6127500
2022-02-28 07:00:00,14.45,14.52,14.25,14.32,4824400
2022-03-01 07:00:00,14.32,14.86,14.25,14.49,7163500
2022-03-02 07:00:00,14.39,14.66,14.09,14.19,8764300
2022-03-03 07:00:00,14.25,14.52,14.15,14.35,5453800
2022-03-04 07:00:00,14.32,14.92,14.25,14.82,11718300
2022-03-07 07:00:00,14.82,15.09,14.59,14.96,8377200
2022-03-08 07:00:00,14.69,15.36,14.62,14.62,10571600
2022-03-09 07:00:00,14.62,14.79,14.29,14.39,8513800
2022-03-10 07:00:00,14.66,14.66,14.42,14.45,4836400
2022-03-11 07:00:00,14.32,14.45,14.02,14.09,7488000
2022-03-14 07:00:00,14.02,14.05,13.48,13.48,8490900
2022-03-15 07:00:00,13.58,13.78,13.55,13.68,4255300
2022-03-16 07:00:00,13.88,13.95,13.75,13.75,2980000
2022-03-17 07:00:00,13.99,14.25,13.82,13.92,3493800
2022-03-18 07:00:00,14.02,14.19,13.88,13.88,4019700
2022-03-21 07:00:00,13.95,14.32,13.95,14.29,5670900
2022-03-22 07:00:00,14.42,14.42,14.15,14.15,6476300
2022-03-23 07:00:00,14.15,14.22,14.02,14.09,6193900
2022-03-24 07:00:00,14.09,14.42,13.88,14.25,6299700
2022-03-25 07:00:00,14.35,14.89,14.25,14.69,13311200
2022-03-28 07:00:00,14.42,14.66,13.95,14.09,7782400
2022-03-29 07:00:00,14.29,14.42,14.15,14.35,4457900
2022-03-30 07:00:00,14.09,14.32,13.62,13.65,10521500
2022-03-31 07:00:00,13.82,13.88,13.52,13.55,4632800
2022-04-01 07:00:00,13.48,13.95,13.41,13.88,4074500
2022-04-04 07:00:00,14.02,14.02,13.78,13.82,3408500
2022-04-05 07:00:00,13.82,13.88,13.65,13.65,4617200
2022-04-06 07:00:00,13.52,13.75,13.41,13.55,5242700
2022-04-07 07:00:00,13.55,13.65,13.28,13.28,5987700
2022-04-08 07:00:00,13.38,13.38,12.74,12.74,6189500
2022-04-12 07:00:00,12.74,13.05,12.61,12.61,4946500
2022-04-13 07:00:00,12.74,12.84,12.27,12.68,4082500
2022-04-14 07:00:00,12.74,12.88,12.54,12.54,2376200
2022-04-15 07:00:00,12.54,12.71,11.94,12.11,3978600
2022-04-18 07:00:00,12.07,12.14,11.27,11.27,8575900
2022-04-19 07:00:00,11.34,11.5,10.5,10.5,4983200
2022-04-20 07:00:00,10.5,10.97,10.26,10.46,6342000
2022-04-21 07:00:00,10.3,10.73,9.96,10.33,5306500
2022-04-22 07:00:00,10.6,10.83,10.2,10.63,3327400
2022-04-25 07:00:00,10.6,10.87,9.89,9.89,5830400
2022-04-26 07:00:00,9.89,10.43,9.66,10.43,4656300
2022-04-27 07:00:00,10.36,10.7,10.2,10.66,2749900
2022-04-28 07:00:00,10.7,10.83,10.5,10.53,2928300
2022-04-29 07:00:00,10.43,10.87,10.43,10.8,4207500
2022-05-04 07:00:00,10.63,10.83,10.43,10.46,3402000
2022-05-05 07:00:00,10.7,10.7,10.26,10.36,2516400
2022-05-06 07:00:00,10.06,10.33,9.93,9.93,3161700
2022-05-09 07:00:00,9.73,9.79,9.26,9.26,5816300
2022-05-10 07:00:00,8.72,9.22,8.65,9.22,4559900
2022-05-11 07:00:00,9.26,9.52,9.16,9.32,3095400
2022-05-12 07:00:00,9.29,9.36,8.69,8.69,4013800
2022-05-13 07:00:00,8.45,8.79,8.08,8.08,9217100
2022-05-16 07:00:00,8.25,8.52,7.98,8.02,4056300
2022-05-17 07:00:00,8.08,8.55,7.98,8.55,5205900
2022-05-18 07:00:00,8.72,9.02,8.69,8.75,4522500
2022-05-19 07:00:00,8.45,8.75,8.45,8.69,3039100
2022-05-20 07:00:00,8.69,9.09,8.65,8.92,4081400
2022-05-23 07:00:00,9.06,9.06,8.42,8.48,3882200
2022-05-24 07:00:00,8.52,8.62,8.22,8.52,3505100
2022-05-25 07:00:00,8.59,9.09,8.59,9.09,6590700
2022-05-26 07:00:00,9.16,9.46,9.16,9.32,6406800
2022-05-27 07:00:00,9.36,9.42,9.26,9.36,4061400
2022-05-30 07:00:00,9.46,9.52,9.29,9.32,3129200
2022-05-31 07:00:00,9.26,9.36,9.16,9.16,3769600
2022-06-01 07:00:00,9.16,9.29,8.99,9.16,2791800
2022-06-02 07:00:00,9.16,9.26,8.75,8.79,4340400
2022-06-03 07:00:00,8.79,8.92,8.65,8.69,2316700
2022-06-06 07:00:00,8.69,8.82,8.45,8.45,3302000
2022-06-07 07:00:00,8.45,8.55,8.25,8.52,4158400
2022-06-08 07:00:00,8.62,8.92,8.59,8.85,2588900
2022-06-09 07:00:00,8.85,9.26,8.65,9.06,3561300
2022-06-10 07:00:00,8.85,9.32,8.79,8.92,4344100
2022-06-13 07:00:00,8.52,8.75,8.32,8.32,4793200
2022-06-14 07:00:00,8.25,8.42,8.05,8.15,3270300
2022-06-15 07:00:00,8.18,8.32,7.58,7.71,6207500
2022-06-16 07:00:00,7.98,8.05,7.65,7.65,3057900
2022-06-17 07:00:00,7.31,7.51,7.14,7.14,7156100
2022-06-20 07:00:00,6.98,7.21,6.65,6.65,7388400
2022-06-21 07:00:00,6.22,6.77,6.22,6.64,4828000
2022-06-22 07:00:00,6.91,7.08,6.77,7.08,4373700
2022-06-23 07:00:00,7.11,7.24,7.04,7.18,3035900
2022-06-24 07:00:00,7.11,7.28,7.08,7.08,3070300
2022-06-27 07:00:00,7.21,7.55,7.08,7.55,4720800
2022-06-28 07:00:00,7.61,7.91,7.55,7.71,4416900
2022-06-29 07:00:00,7.55,7.75,7.38,7.51,3271400
2022-06-30 07:00:00,7.48,7.68,7.18,7.18,4799400
2022-07-01 07:00:00,7.18,7.41,6.91,7.34,4121000
2022-07-04 07:00:00,7.55,7.55,7.31,7.41,2272900
2022-07-05 07:00:00,7.41,7.45,7.11,7.11,2952100
2022-07-06 07:00:00,6.91,7.34,6.91,6.94,3775300
2022-07-07 07:00:00,7.04,7.14,6.91,7.04,2908500
2022-07-08 07:00:00,7.18,7.51,7.11,7.51,7427000
2022-07-11 07:00:00,7.51,7.68,7.38,7.48,3634900
2022-07-12 07:00:00,7.51,7.81,7.48,7.78,5054500
2022-07-13 07:00:00,7.78,7.85,7.61,7.61,4410700
2022-07-14 07:00:00,7.58,7.88,7.55,7.75,3974500
2022-07-15 07:00:00,7.85,8.15,7.81,7.95,5997300
2022-07-18 07:00:00,7.98,8.12,7.85,7.88,4590200
2022-07-19 07:00:00,7.85,7.91,7.65,7.85,3861900
2022-07-20 07:00:00,8.05,8.38,7.95,8.15,6627400
2022-07-21 07:00:00,8.18,8.25,7.95,7.98,2961300
2022-07-22 07:00:00,8.05,8.12,7.91,7.91,2286300
2022-07-25 07:00:00,7.88,7.91,7.74,7.81,2007500
2022-07-26 07:00:00,7.84,7.95,7.78,7.81,1477800
2022-07-27 07:00:00,7.71,7.98,7.71,7.95,2503800
2022-07-28 07:00:00,8.15,8.26,8.05,8.12,4161300
2022-07-29 07:00:00,8.15,8.26,8.05,8.12,2847800
2022-08-01 07:00:00,8.12,8.46,8.09,8.43,5826800
2022-08-02 07:00:00,8.43,8.6,8.33,8.46,5297000
2022-08-03 07:00:00,8.39,8.46,8.33,8.46,7038500
2022-08-04 07:00:00,8.5,8.74,8.43,8.57,7074100
2022-08-05 07:00:00,8.6,8.6,8.43,8.57,3113600
2022-08-08 07:00:00,8.6,8.7,8.46,8.46,4598900
2022-08-09 07:00:00,8.46,8.84,8.46,8.64,8430600
2022-08-10 07:00:00,8.64,8.81,8.6,8.67,3739300
2022-08-11 07:00:00,8.77,8.81,8.39,8.43,4695600
2022-08-12 07:00:00,8.43,8.57,8.33,8.5,3099500
2022-08-15 07:00:00,8.6,8.67,8.5,8.57,3612900
2022-08-16 07:00:00,8.53,8.6,8.46,8.53,2811000
2022-08-17 07:00:00,8.6,8.77,8.46,8.5,4672800
2022-08-18 07:00:00,8.5,8.5,8.36,8.36,2879100
2022-08-19 07:00:00,8.36,8.46,8.22,8.22,3466600
2022-08-22 07:00:00,8.22,8.26,8.02,8.02,3048100
2022-08-23 07:00:00,7.98,8.29,7.91,8.29,2415200
2022-08-24 07:00:00,8.29,8.36,8.26,8.33,2986700
2022-08-25 07:00:00,8.39,8.6,8.33,8.57,5028900
2022-08-26 07:00:00,8.67,8.88,8.53,8.6,7969500
2022-08-29 07:00:00,8.36,8.43,8.15,8.33,4854400
2022-08-30 07:00:00,8.43,8.43,8.19,8.19,3103200
2022-08-31 07:00:00,8.26,8.39,8.15,8.33,3064800
2022-09-05 07:00:00,8.33,8.39,8.22,8.26,2112300
2022-09-06 07:00:00,8.26,8.33,8.22,8.22,2939000
2022-09-07 07:00:00,8.22,8.26,7.67,7.91,5326100
2022-09-08 07:00:00,7.98,8.02,7.64,7.71,3460000
2022-09-09 07:00:00,7.78,7.84,7.5,7.64,3580400
2022-09-12 07:00:00,7.78,7.84,7.57,7.64,3282900
2022-09-13 07:00:00,7.71,7.78,7.53,7.64,2756400
2022-09-14 07:00:00,7.47,7.6,7.36,7.53,3790600
2022-09-15 07:00:00,7.64,7.64,7.5,7.53,1868600
2022-09-16 07:00:00,7.53,7.53,7.26,7.29,2386100
2022-09-19 07:00:00,7.36,7.36,6.88,6.88,4197400
2022-09-20 07:00:00,7.02,7.19,6.88,7.19,3474400
2022-09-21 07:00:00,7.16,7.43,7.09,7.4,4299300
2022-09-22 07:00:00,7.36,7.71,7.29,7.67,4084000
2022-09-23 07:00:00,7.74,7.81,7.47,7.57,3628900
2022-09-26 07:00:00,7.5,7.95,7.47,7.88,10167700
2022-09-27 07:00:00,8.12,8.43,7.98,8.33,11456500
2022-09-28 07:00:00,8.46,8.53,7.84,8.02,9967100
2022-09-29 07:00:00,8.19,8.22,7.47,7.47,6448000
2022-09-30 07:00:00,7.47,7.78,7.09,7.78,7665300
2022-10-03 07:00:00,7.74,8.05,7.33,7.43,7455900
2022-10-04 07:00:00,7.64,7.71,7.29,7.36,5089500
2022-10-05 07:00:00,7.57,7.71,7.5,7.57,4233400
2022-10-06 07:00:00,7.6,7.67,7.05,7.05,6043800
2022-10-07 07:00:00,6.95,6.98,6.57,6.58,7130900
2022-10-10 07:00:00,6.47,6.88,6.47,6.88,4256100
2022-10-11 07:00:00,6.81,6.88,6.4,6.4,4323700
2022-10-12 07:00:00,6.33,6.83,6.33,6.72,3330700
2022-10-13 07:00:00,6.72,6.81,6.6,6.69,1727300
2022-10-14 07:00:00,6.86,6.88,6.63,6.69,3257900
2022-10-17 07:00:00,6.68,6.74,6.47,6.63,2050900
2022-10-18 07:00:00,6.74,7.05,6.73,6.82,4053300
2022-10-19 07:00:00,6.88,6.95,6.77,6.78,1218300
2022-10-20 07:00:00,6.78,6.78,6.6,6.68,2114100
2022-10-21 07:00:00,6.74,6.74,6.23,6.23,4515900
2022-10-24 07:00:00,6.32,6.46,5.79,5.79,7472400
2022-10-25 07:00:00,5.61,5.98,5.42,5.54,6034800
2022-10-26 07:00:00,5.64,5.75,5.2,5.2,4717700
2022-10-27 07:00:00,5.22,5.55,5.16,5.55,3628000
2022-10-28 07:00:00,5.65,5.87,5.61,5.66,3192000
2022-10-31 07:00:00,5.71,5.71,5.34,5.5,4862100
2022-11-01 07:00:00,5.66,5.71,5.5,5.59,2504300
2022-11-02 07:00:00,5.6,5.7,5.53,5.54,2003800
2022-11-03 07:00:00,5.44,5.54,5.37,5.4,2199800
2022-11-04 07:00:00,5.37,5.4,5.03,5.03,6433600
2022-11-07 07:00:00,4.93,5.07,4.68,4.68,6708400
2022-11-08 07:00:00,4.79,4.99,4.69,4.99,6362900
2022-11-09 07:00:00,5.15,5.33,5.13,5.22,5550500
2022-11-10 07:00:00,5.16,5.22,4.86,4.86,8050300
2022-11-11 07:00:00,5.02,5.08,4.52,4.52,7148400
2022-11-14 07:00:00,4.21,4.36,4.21,4.21,8490000
2022-11-15 07:00:00,3.92,4.06,3.92,3.92,5079500
2022-11-16 07:00:00,3.65,4.19,3.65,4.19,11014000
2022-11-17 07:00:00,4.46,4.48,4.33,4.48,6806700
2022-11-18 07:00:00,4.58,4.79,4.2,4.79,12621900
2022-11-21 07:00:00,4.95,5.12,4.92,5.12,5389400
2022-11-22 07:00:00,5.48,5.48,5.37,5.48,15182100
2022-11-23 07:00:00,5.48,5.75,5.35,5.46,9814300
2022-11-24 07:00:00,5.37,5.61,5.33,5.57,5618900
2022-11-25 07:00:00,5.78,5.93,5.65,5.93,7036600
2022-11-28 07:00:00,6.12,6.34,6.07,6.34,8110800
2022-11-29 07:00:00,6.47,6.47,6.06,6.23,12608100
2022-11-30 07:00:00,6.23,6.43,6.16,6.26,9832700
2022-12-01 07:00:00,6.65,6.65,6.18,6.21,10810500
2022-12-02 07:00:00,6.0,6.35,5.87,6.34,10129300
2022-12-05 07:00:00,6.49,6.57,6.14,6.14,9502000
2022-12-06 07:00:00,6.02,6.06,5.71,5.71,15093700
2022-12-07 07:00:00,5.48,5.71,5.32,5.32,9409600
2022-12-08 07:00:00,5.47,5.68,5.47,5.68,9388700
2022-12-09 07:00:00,5.75,5.75,5.6,5.66,3650800
2022-12-12 07:00:00,5.64,5.87,5.59,5.6,7067100
2022-12-13 07:00:00,5.59,5.78,5.52,5.78,4736700
2022-12-14 07:00:00,5.94,6.18,5.85,6.18,9615100
2022-12-15 07:00:00,6.26,6.38,6.08,6.1,8297500
2022-12-16 07:00:00,5.9,6.26,5.9,6.26,7958800
2022-12-19 07:00:00,6.26,6.32,5.83,5.83,8986800
2022-12-20 07:00:00,5.75,5.9,5.47,5.55,8598700
2022-12-21 07:00:00,5.75,5.75,5.22,5.48,5446200
2022-12-22 07:00:00,5.6,5.67,5.31,5.55,2816200
2022-12-23 07:00:00,5.55,5.59,5.44,5.52,1941900
2022-12-26 07:00:00,5.47,5.51,5.14,5.14,3968400
2022-12-27 07:00:00,5.15,5.47,5.11,5.47,3087900
2022-12-28 07:00:00,5.51,5.55,5.39,5.47,1890700
2022-12-29 07:00:00,5.45,5.62,5.39,5.44,2045900
2022-12-30 07:00:00,5.48,5.48,5.23,5.38,2016200
2023-01-03 07:00:00,5.38,5.71,5.38,5.71,4228100
2023-01-04 07:00:00,5.74,5.78,5.62,5.63,3764800
2023-01-05 07:00:00,5.64,5.69,5.56,5.64,2095400
2023-01-06 07:00:00,5.66,5.71,5.52,5.52,3148300
2023-01-09 07:00:00,5.62,5.62,5.51,5.51,1747200
2023-01-10 07:00:00,5.55,5.7,5.4,5.6,2728300
2023-01-11 07:00:00,5.71,5.75,5.6,5.65,3417800
2023-01-12 07:00:00,5.64,5.68,5.56,5.58,1979700
2023-01-13 07:00:00,5.64,5.7,5.55,5.6,3071100
2023-01-16 07:00:00,5.6,5.67,5.55,5.55,2058800
2023-01-17 07:00:00,5.62,5.87,5.58,5.84,5522900
2023-01-18 07:00:00,5.87,6.02,5.79,5.98,4351900
2023-01-19 07:00:00,5.97,6.02,5.87,5.96,4388800
2023-01-27 07:00:00,6.06,6.1,5.95,6.0,3775100
2023-01-30 07:00:00,6.08,6.28,5.98,6.21,8089900
2023-01-31 07:00:00,6.21,6.26,5.98,6.17,5706100
2023-02-01 07:00:00,6.17,6.36,6.01,6.02,10238100
2023-02-02 07:00:00,6.1,6.1,5.75,5.79,4366400
2023-02-03 07:00:00,5.83,5.9,5.72,5.83,3642200
2023-02-06 07:00:00,5.85,6.13,5.83,6.1,6605300
2023-02-07 07:00:00,6.1,6.22,5.87,5.92,5334600
2023-02-08 07:00:00,5.98,5.99,5.74,5.88,3725700
2023-02-09 07:00:00,5.87,6.05,5.87,5.91,2464600
2023-02-10 07:00:00,5.91,5.93,5.77,5.77,3021700
2023-02-13 07:00:00,5.71,5.73,5.43,5.55,6285700
2023-02-14 07:00:00,5.63,5.66,5.53,5.55,1473400
2023-02-15 07:00:00,5.55,5.79,5.47,5.71,1994500
2023-02-16 07:00:00,5.75,5.76,5.6,5.71,2108800
2023-02-17 07:00:00,5.71,5.84,5.71,5.75,3389100
2023-02-20 07:00:00,5.75,6.15,5.75,6.15,7664300
2023-02-21 07:00:00,6.35,6.45,6.18,6.26,14367200
2023-02-22 07:00:00,6.14,6.34,6.06,6.1,9313600
2023-02-23 07:00:00,6.1,6.1,5.72,5.94,7414100
2023-02-24 07:00:00,5.98,6.08,5.76,5.8,4189700
2023-02-27 07:00:00,5.67,5.7,5.55,5.55,5660200
2023-02-28 07:00:00,5.63,5.69,5.52,5.54,5959500
2023-03-01 07:00:00,5.51,5.68,5.47,5.68,3548500
2023-03-02 07:00:00,5.71,5.75,5.61,5.66,2448400
2023-03-03 07:00:00,5.7,5.7,5.58,5.58,2105300
2023-03-06 07:00:00,5.75,5.93,5.67,5.69,4253600
2023-03-07 07:00:00,5.71,5.77,5.63,5.64,1935700
2023-03-08 07:00:00,5.59,5.72,5.58,5.71,3061300
2023-03-09 07:00:00,5.71,5.85,5.71,5.74,3154300
2023-03-10 07:00:00,5.65,5.72,5.61,5.62,3971000
2023-03-13 07:00:00,5.55,5.7,5.55,5.59,2991300
2023-03-14 07:00:00,5.6,5.63,5.47,5.49,3721200
2023-03-15 07:00:00,5.64,5.71,5.59,5.7,3467100
2023-03-16 07:00:00,5.65,5.66,5.55,5.59,4254300
2023-03-17 07:00:00,5.64,5.67,5.56,5.57,4571800
2023-03-20 07:00:00,5.6,5.75,5.59,5.61,3998500
2023-03-21 07:00:00,5.64,5.68,5.57,5.68,2327900
2023-03-22 07:00:00,5.7,5.8,5.68,5.71,4793000
2023-03-23 07:00:00,5.67,5.78,5.64,5.78,2376300
2023-03-24 07:00:00,5.79,5.87,5.76,5.82,3513500
2023-03-27 07:00:00,5.64,5.84,5.64,5.79,4783900
2023-03-28 07:00:00,5.84,5.94,5.83,5.86,5993300
2023-03-29 07:00:00,5.87,5.9,5.75,5.86,3699000
2023-03-30 07:00:00,5.89,5.98,5.84,5.87,7212300
2023-03-31 07:00:00,5.88,5.88,5.82,5.84,2548100
2023-04-03 07:00:00,5.98,6.13,5.92,6.03,8547400
2023-04-04 07:00:00,6.1,6.1,6.02,6.06,5597600
2023-04-05 07:00:00,6.06,6.14,6.02,6.11,5296900
2023-04-06 07:00:00,6.18,6.53,6.17,6.22,20882800
2023-04-07 07:00:00,6.27,6.3,6.15,6.29,7756000
2023-04-10 07:00:00,6.42,6.42,6.14,6.15,8599400
2023-04-11 07:00:00,6.16,6.16,5.95,6.14,6353900
2023-04-12 07:00:00,6.2,6.21,6.08,6.12,6632300
2023-04-13 07:00:00,6.13,6.18,6.06,6.06,3818100
2023-04-14 07:00:00,6.11,6.11,5.83,5.83,7412800
2023-04-17 07:00:00,5.83,5.89,5.83,5.84,2765900
2023-04-18 07:00:00,5.87,5.9,5.79,5.87,3726400
2023-04-19 07:00:00,5.87,5.93,5.77,5.8,3157000
2023-04-20 07:00:00,5.8,5.87,5.79,5.84,3134900
2023-04-21 07:00:00,5.87,5.91,5.79,5.83,2957700
2023-04-24 07:00:00,5.83,5.98,5.82,5.87,3239400
2023-04-25 07:00:00,5.93,5.93,5.84,5.86,2495600
2023-04-26 07:00:00,5.83,5.88,5.83,5.88,2761400
2023-04-27 07:00:00,5.91,6.1,5.9,6.04,4132500
2023-04-28 07:00:00,6.06,6.22,6.05,6.21,9542700
2023-05-04 07:00:00,6.29,6.41,6.26,6.3,9013100
2023-05-05 07:00:00,6.33,6.33,6.19,6.21,5940300
2023-05-08 07:00:00,6.25,6.46,6.24,6.46,11358800
2023-05-09 07:00:00,6.5,6.56,6.33,6.37,8600600
2023-05-10 07:00:00,6.38,6.62,6.38,6.55,9546400
2023-05-11 07:00:00,6.62,6.68,6.52,6.52,7761100
2023-05-12 07:00:00,6.52,6.54,6.44,6.53,7078100
2023-05-15 07:00:00,6.58,6.6,6.4,6.42,6945600
2023-05-16 07:00:00,6.42,6.53,6.39,6.43,7458300
2023-05-17 07:00:00,6.44,6.87,6.44,6.86,24643100
2023-05-18 07:00:00,6.9,6.96,6.74,6.74,7985000
2023-05-19 07:00:00,6.81,6.81,6.51,6.66,9551700
2023-05-22 07:00:00,6.7,6.86,6.67,6.85,6898000
2023-05-23 07:00:00,6.89,6.93,6.75,6.77,5214600
2023-05-24 07:00:00,6.82,6.89,6.75,6.79,6721100
2023-05-25 07:00:00,6.78,6.8,6.69,6.73,6470200
2023-05-26 07:00:00,6.77,7.02,6.73,6.97,9487000
2023-05-29 07:00:00,7.05,7.21,7.04,7.12,6349600
2023-05-30 07:00:00,7.13,7.15,6.94,7.05,9110100
2023-05-31 07:00:00,7.08,7.36,6.98,7.25,10824800
2023-06-01 07:00:00,7.26,7.32,7.13,7.15,6713400
2023-06-02 07:00:00,7.25,7.25,6.97,6.98,13527000
2023-06-05 07:00:00,7.05,7.1,6.98,7.01,5888700
2023-06-06 07:00:00,7.05,7.18,6.98,7.15,6284400
2023-06-07 07:00:00,7.2,7.39,7.16,7.28,7186400
2023-06-08 07:00:00,7.36,7.44,7.15,7.15,10550100
2023-06-09 07:00:00,7.17,7.19,7.01,7.12,6098500
2023-06-12 07:00:00,7.13,7.2,7.04,7.09,4277300
2023-06-13 07:00:00,7.13,7.24,7.11,7.19,6574300
2023-06-14 07:00:00,7.21,7.26,7.09,7.09,4729200
2023-06-15 07:00:00,7.02,7.1,6.97,6.98,5782800
2023-06-16 07:00:00,7.08,7.13,6.9,6.9,6030200
2023-06-19 07:00:00,6.92,6.97,6.86,6.86,4261200
2023-06-20 07:00:00,6.9,7.01,6.87,6.99,2969000
2023-06-21 07:00:00,7.01,7.13,6.99,7.12,4786700
2023-06-22 07:00:00,7.13,7.24,7.13,7.22,7055000
2023-06-23 07:00:00,7.24,7.32,7.12,7.19,6127600
2023-06-26 07:00:00,7.18,7.2,6.97,7.13,6940800
2023-06-27 07:00:00,7.13,7.19,7.06,7.09,3015500
2023-06-28 07:00:00,7.13,7.25,7.1,7.18,7539700
2023-06-29 07:00:00,7.21,7.21,7.05,7.06,4223400
2023-06-30 07:00:00,7.06,7.08,7.02,7.05,2854600
2023-07-03 07:00:00,7.05,7.13,7.03,7.06,1534000
2023-07-04 07:00:00,7.06,7.2,7.05,7.16,3393200
2023-07-05 07:00:00,7.24,7.24,7.15,7.19,4297800
2023-07-06 07:00:00,7.21,7.5,7.17,7.44,18017200
2023-07-07 07:00:00,7.42,7.53,7.33,7.37,6645300
2023-07-10 07:00:00,7.43,7.52,7.37,7.45,8172800
2023-07-11 07:00:00,7.49,7.68,7.47,7.54,10033700
2023-07-12 07:00:00,7.56,7.62,7.4,7.43,6643300
2023-07-13 07:00:00,7.46,7.52,7.43,7.45,6718800
2023-07-14 07:00:00,7.51,7.59,7.43,7.52,8555300
2023-07-17 07:00:00,7.61,7.69,7.55,7.62,8473800
2023-07-18 07:00:00,7.61,7.61,7.49,7.53,6878500
2023-07-19 07:00:00,7.53,7.58,7.33,7.33,10552300
2023-07-20 07:00:00,7.33,7.4,7.32,7.37,3868700
2023-07-21 07:00:00,7.42,7.47,7.38,7.45,4470600
2023-07-24 07:00:00,7.49,7.59,7.47,7.59,7499700
2023-07-25 07:00:00,7.61,7.67,7.57,7.61,8269700
2023-07-26 07:00:00,7.61,7.91,7.61,7.85,12408200
2023-07-27 07:00:00,7.85,8.24,7.85,8.16,17955400
2023-07-28 07:00:00,8.24,8.4,8.05,8.16,12971400
2023-07-31 07:00:00,8.24,8.72,8.2,8.64,12949400
2023-08-01 07:00:00,8.8,8.88,8.32,8.32,13749200
2023-08-02 07:00:00,8.32,8.48,8.24,8.4,9791100
2023-08-03 07:00:00,8.4,8.68,8.32,8.48,10263900
2023-08-04 07:00:00,8.64,9.04,8.64,9.04,24512500
2023-08-07 07:00:00,9.43,9.63,9.27,9.63,22213100
2023-08-08 07:00:00,9.83,10.19,9.59,9.71,20420100
2023-08-09 07:00:00,9.55,9.95,9.51,9.83,12063800
2023-08-10 07:00:00,9.75,9.87,9.39,9.43,12257500
2023-08-11 07:00:00,9.55,10.07,9.27,10.07,18401500
2023-08-14 07:00:00,10.3,10.74,10.22,10.74,19683900
2023-08-15 07:00:00,10.9,10.9,10.26,10.38,18514700
2023-08-16 07:00:00,10.38,10.66,10.19,10.42,12833500
2023-08-17 07:00:00,10.42,10.74,10.22,10.26,10642200
2023-08-18 07:00:00,10.07,10.22,9.55,9.55,22575000
2023-08-21 07:00:00,9.39,9.75,9.04,9.43,14819100
2023-08-22 07:00:00,9.63,10.07,9.19,10.07,23751200
2023-08-23 07:00:00,10.34,10.38,10.07,10.15,12700100
2023-08-24 07:00:00,10.15,10.42,10.03,10.3,12567700
2023-08-25 07:00:00,10.42,10.62,10.3,10.38,14176300
2023-08-28 07:00:00,10.5,10.5,10.19,10.3,14175900
2023-08-29 07:00:00,10.38,10.86,10.3,10.66,13837200
2023-08-30 07:00:00,10.86,11.22,10.78,11.06,14835600
2023-08-31 07:00:00,11.26,11.26,10.89,10.93,13078200
2023-09-05 07:00:00,11.02,11.26,10.65,10.69,19169300
2023-09-06 07:00:00,10.6,10.97,10.44,10.97,13117500
2023-09-07 07:00:00,11.1,11.34,10.97,10.97,13994700
2023-09-08 07:00:00,10.97,11.14,10.89,10.93,9756600
2023-09-11 07:00:00,11.1,11.1,10.6,10.6,16278700
2023-09-12 07:00:00,10.6,10.97,10.48,10.97,11427300
2023-09-13 07:00:00,11.02,11.59,11.02,11.18,21834000
2023-09-14 07:00:00,11.22,11.34,10.73,11.1,13363800
2023-09-15 07:00:00,11.26,11.34,10.89,10.93,10559900
2023-09-18 07:00:00,11.02,11.26,10.89,11.18,13421800
2023-09-19 07:00:00,11.26,11.39,11.02,11.26,10576900
2023-09-20 07:00:00,11.34,11.47,11.22,11.43,12347100
2023-09-21 07:00:00,11.51,12.17,11.47,11.92,20242800
2023-09-22 07:00:00,11.51,11.71,11.1,11.1,24607000
2023-09-25 07:00:00,10.81,11.06,10.36,10.36,16519500
2023-09-26 07:00:00,9.91,10.36,9.66,9.66,18579900
2023-09-27 07:00:00,9.66,10.07,9.04,10.07,14325000
2023-09-28 07:00:00,9.95,10.03,9.62,9.86,6846000
2023-09-29 07:00:00,10.03,10.07,9.54,9.54,7007400
2023-10-02 07:00:00,9.54,9.91,9.54,9.74,4656100
2023-10-03 07:00:00,9.66,9.66,9.08,9.08,14068700
2023-10-04 07:00:00,8.88,9.49,8.76,9.29,9315700
2023-10-05 07:00:00,9.45,9.45,8.96,9.13,5822400
2023-10-06 07:00:00,9.17,9.74,9.17,9.74,13204600
2023-10-09 07:00:00,9.99,10.15,9.78,10.03,9013200
2023-10-10 07:00:00,10.23,10.23,9.82,9.82,7193500
2023-10-11 07:00:00,9.86,9.99,9.7,9.99,4569600
2023-10-12 07:00:00,10.11,10.32,9.91,9.99,5518000
2023-10-13 07:00:00,9.82,10.11,9.7,10.03,5969800
2023-10-16 07:00:00,10.03,10.48,9.95,10.19,11723300
2023-10-17 07:00:00,10.23,10.48,9.54,9.54,5635300
2023-10-18 07:00:00,9.78,9.91,9.08,9.45,12166800
2023-10-19 07:00:00,9.41,9.78,9.21,9.37,6762800
2023-10-20 07:00:00,9.37,9.82,9.29,9.78,5669300
2023-10-23 07:00:00,9.78,9.99,9.62,9.7,6174700
2023-10-24 07:00:00,9.86,9.95,9.54,9.86,4430300
2023-10-25 07:00:00,9.95,10.15,9.91,9.95,6775000
2023-10-26 07:00:00,9.54,9.66,9.29,9.29,12671200
2023-10-27 07:00:00,9.45,9.54,8.67,9.37,10734200
2023-10-30 07:00:00,9.37,9.54,8.96,8.96,4929600
2023-10-31 07:00:00,9.04,9.13,8.34,8.34,9814000
2023-11-01 07:00:00,8.39,8.8,8.14,8.67,8892700
2023-11-02 07:00:00,8.92,9.25,8.8,9.25,5958300
2023-11-03 07:00:00,9.45,9.45,9.21,9.21,5553900
2023-11-06 07:00:00,9.37,9.37,9.08,9.33,3869400
2023-11-07 07:00:00,9.29,9.37,9.13,9.13,4614600
2023-11-08 07:00:00,9.13,9.74,9.13,9.74,10499700
2023-11-09 07:00:00,9.86,10.23,9.82,9.86,12017400
2023-11-10 07:00:00,9.82,10.36,9.7,10.15,15786200
2023-11-13 07:00:00,10.23,10.36,9.91,10.11,8257400
2023-11-14 07:00:00,10.28,10.44,10.03,10.07,8670600
2023-11-15 07:00:00,10.4,10.4,9.99,10.03,9497500
2023-11-16 07:00:00,9.95,10.36,9.95,10.36,7424500
2023-11-17 07:00:00,10.44,10.81,10.23,10.36,23406000
2023-11-20 07:00:00,10.11,10.73,10.11,10.6,13442300
2023-11-21 07:00:00,10.77,10.85,10.56,10.6,10068200
2023-11-22 07:00:00,10.6,10.85,10.52,10.69,10470500
2023-11-23 07:00:00,10.77,11.02,9.95,9.95,15519500
2023-11-24 07:00:00,10.07,10.19,9.54,10.11,12977100
2023-11-27 07:00:00,10.11,10.23,9.78,9.78,5518800
2023-11-28 07:00:00,9.86,9.95,9.49,9.91,8556800
2023-11-29 07:00:00,9.99,10.15,9.91,10.07,5394800
2023-11-30 07:00:00,10.07,10.23,9.99,10.23,9095800
2023-12-01 07:00:00,10.23,10.28,9.99,10.03,5367200
2023-12-04 07:00:00,10.19,10.6,10.19,10.48,10858100
2023-12-05 07:00:00,10.52,10.56,10.28,10.28,7515400
2023-12-06 07:00:00,10.32,10.6,10.32,10.56,8700200
2023-12-07 07:00:00,10.69,10.81,10.28,10.44,13821700
2023-12-08 07:00:00,10.56,10.93,10.4,10.65,15103500
2023-12-11 07:00:00,10.73,10.81,10.52,10.52,7435800
2023-12-12 07:00:00,10.65,10.73,10.52,10.65,8037000
2023-12-13 07:00:00,10.65,10.89,10.36,10.4,10550300
2023-12-14 07:00:00,10.52,10.56,10.19,10.28,6965300
2023-12-15 07:00:00,10.28,10.48,10.19,10.32,6786700
2023-12-18 07:00:00,10.36,10.81,10.36,10.6,10292000
2023-12-19 07:00:00,10.73,10.81,10.4,10.56,6234900
2023-12-20 07:00:00,10.65,10.81,10.65,10.81,7523400
2023-12-21 07:00:00,10.77,11.1,10.69,10.85,12186500
2023-12-22 07:00:00,10.89,11.1,10.65,10.81,9073000
2023-12-25 07:00:00,10.81,10.93,10.77,10.81,8126400
2023-12-26 07:00:00,10.93,10.93,10.77,10.85,5667800
2023-12-27 07:00:00,10.85,11.18,10.85,10.89,11611300
2023-12-28 07:00:00,10.93,11.06,10.85,10.89,6840100
2023-12-29 07:00:00,10.93,10.97,10.77,10.85,6519400
2024-01-02 07:00:00,10.89,10.97,10.65,10.69,6788700
2024-01-03 07:00:00,10.69,10.81,10.6,10.73,7634700
2024-01-04 07:00:00,10.73,10.97,10.73,10.73,8796400
2024-01-05 07:00:00,10.77,10.93,10.73,10.81,7473600
2024-01-08 07:00:00,10.89,11.06,10.85,10.89,7185600
2024-01-09 07:00:00,10.93,11.39,10.93,11.1,14797200
2024-01-10 07:00:00,11.1,11.18,10.85,10.85,7677100
2024-01-11 07:00:00,10.85,11.02,10.69,10.73,8292300
2024-01-12 07:00:00,10.69,10.73,10.36,10.48,11281700
2024-01-15 07:00:00,10.65,10.77,10.48,10.6,4356000
2024-01-16 07:00:00,10.52,10.77,10.48,10.77,3476800
2024-01-17 07:00:00,10.77,10.89,10.69,10.73,5167000
2024-01-18 07:00:00,10.81,10.89,10.69,10.81,5417800
2024-01-19 07:00:00,10.85,10.97,10.65,10.69,4939700
2024-01-22 07:00:00,10.69,10.77,10.52,10.56,6121500
2024-01-23 07:00:00,10.65,10.69,10.56,10.65,4144500
2024-01-24 07:00:00,10.69,10.69,10.56,10.56,2728400
2024-01-25 07:00:00,10.65,10.65,10.48,10.48,2699000
2024-01-26 07:00:00,10.52,10.69,10.52,10.6,2959000
2024-01-29 07:00:00,10.73,11.1,10.69,10.97,14026300
2024-01-30 07:00:00,11.14,11.26,10.93,11.1,9737100
2024-01-31 07:00:00,11.14,11.18,10.77,10.85,9131100
2024-02-01 07:00:00,10.85,11.39,10.81,11.22,14487700
2024-02-02 07:00:00,11.26,11.43,11.14,11.22,8183300
2024-02-05 07:00:00,11.18,11.51,11.14,11.26,10047900
2024-02-06 07:00:00,11.3,11.34,11.02,11.1,6800000
2024-02-07 07:00:00,11.14,11.14,10.97,11.02,6302500
2024-02-15 07:00:00,11.06,11.34,11.02,11.18,7586400
2024-02-16 07:00:00,11.22,11.43,11.18,11.26,8455600
2024-02-19 07:00:00,11.26,11.34,11.1,11.14,6169600
2024-02-20 07:00:00,11.18,11.26,11.1,11.1,7445900
2024-02-21 07:00:00,11.1,11.18,11.02,11.02,5851900
2024-02-22 07:00:00,11.1,11.18,10.93,10.97,6029100
2024-02-23 07:00:00,11.02,11.06,10.56,10.56,13350200
2024-02-26 07:00:00,10.56,10.77,10.52,10.69,5689500
2024-02-27 07:00:00,10.77,10.89,10.65,10.85,4532700
2024-02-28 07:00:00,10.85,10.97,10.69,10.77,4613300
2024-02-29 07:00:00,10.81,10.85,10.65,10.77,6934400
2024-03-01 07:00:00,10.73,10.93,10.69,10.85,5464900
2024-03-04 07:00:00,10.97,11.34,10.93,11.02,15024600
2024-03-05 07:00:00,11.02,11.18,11.02,11.06,5525300
2024-03-06 07:00:00,11.1,11.1,10.73,10.77,8057000
2024-03-07 07:00:00,10.81,10.89,10.69,10.77,8555900
2024-03-08 07:00:00,10.89,10.89,10.56,10.6,10674300
2024-03-11 07:00:00,10.6,10.73,10.44,10.52,5578500
2024-03-12 07:00:00,10.52,10.6,10.4,10.52,6520400
2024-03-13 07:00:00,10.56,10.77,10.52,10.77,5644800
2024-03-14 07:00:00,10.85,10.93,10.65,10.77,9058800
2024-03-15 07:00:00,10.77,11.22,10.73,10.93,16272800
2024-03-18 07:00:00,11.1,11.67,11.02,11.67,45506300
2024-03-19 07:00:00,12.08,12.08,11.63,11.63,14016000
2024-03-20 07:00:00,11.67,12.29,11.55,12.29,21913100
2024-03-21 07:00:00,12.41,12.58,12.08,12.33,21653300
2024-03-22 07:00:00,12.45,12.5,12.13,12.25,16593900
2024-03-25 07:00:00,12.37,12.62,12.04,12.08,15099500
2024-03-26 07:00:00,12.0,12.7,12.0,12.66,13785000
2024-03-27 07:00:00,12.91,12.91,12.58,12.7,9960400
2024-03-28 07:00:00,12.7,12.82,12.45,12.5,8900700
2024-03-29 07:00:00,12.41,13.07,12.41,12.91,11893800
2024-04-01 07:00:00,12.78,13.24,12.78,13.11,11830800
2024-04-02 07:00:00,13.07,13.32,12.82,13.24,10429700
2024-04-03 07:00:00,13.28,13.32,12.87,12.91,12821100
2024-04-04 07:00:00,12.91,13.77,12.66,13.52,21851100
2024-04-05 07:00:00,13.36,13.89,13.24,13.56,14080700
2024-04-08 07:00:00,13.56,13.61,13.32,13.32,8857600
2024-04-09 07:00:00,13.32,13.4,12.82,13.28,17057400
2024-04-10 07:00:00,13.36,13.73,13.19,13.19,8635200
2024-04-11 07:00:00,13.03,14.1,12.95,13.98,22381400
2024-04-12 07:00:00,14.1,14.22,13.85,14.02,9035600
2024-04-15 07:00:00,13.98,14.1,13.07,13.07,25287100
2024-04-16 07:00:00,12.99,13.07,12.33,12.99,30248900
2024-04-17 07:00:00,13.11,13.36,12.62,12.82,17313000
2024-04-19 07:00:00,12.54,12.78,12.0,12.21,24555200
2024-04-22 07:00:00,12.5,12.66,12.29,12.5,11187700
2024-04-23 07:00:00,12.58,12.58,11.88,11.96,12152700
2024-04-24 07:00:00,12.21,12.78,12.04,12.78,17167100
2024-04-25 07:00:00,12.82,13.11,12.7,12.99,14603400
2024-04-26 07:00:00,12.82,13.4,12.82,13.15,11171300
2024-05-02 07:00:00,13.56,13.69,13.28,13.4,13423400
2024-05-03 07:00:00,13.48,13.52,13.19,13.36,12796200
2024-05-06 07:00:00,13.44,14.26,13.32,14.26,15360800
2024-05-07 07:00:00,14.59,15.17,14.47,14.84,17191000
2024-05-08 07:00:00,14.72,15.41,14.59,15.09,19327800
2024-05-09 07:00:00,15.13,15.21,14.76,14.96,13169300
2024-05-10 07:00:00,14.96,15.87,14.92,15.29,15894500
2024-05-13 07:00:00,15.46,15.5,14.63,14.96,12594600
2024-05-14 07:00:00,15.04,15.37,14.92,15.09,9217400
2024-05-15 07:00:00,15.13,15.62,15.04,15.37,11555900
2024-05-16 07:00:00,15.7,15.7,15.25,15.33,13378100
2024-05-17 07:00:00,15.41,15.78,15.25,15.62,9818200
2024-05-20 07:00:00,16.03,16.56,15.62,15.62,18439000
2024-05-21 07:00:00,15.62,16.44,15.37,16.32,18261500
2024-05-22 07:00:00,16.44,16.44,15.78,15.87,15375000
2024-05-23 07:00:00,15.78,16.15,15.74,16.11,11740700
2024-05-24 07:00:00,15.99,16.07,15.0,15.13,25811800
2024-05-27 07:00:00,15.13,15.82,15.09,15.74,12908900
2024-05-28 07:00:00,15.95,15.99,15.7,15.95,9393100
2024-05-29 07:00:00,15.95,16.81,15.82,16.28,18944300
2024-05-30 07:00:00,16.03,16.4,15.74,16.36,13713800
2024-05-31 07:00:00,16.44,16.81,16.19,16.19,10410300
2024-06-03 07:00:00,16.56,16.56,16.15,16.36,10328900
2024-06-04 07:00:00,16.44,16.77,16.28,16.44,8252600
2024-06-05 07:00:00,16.44,16.52,16.11,16.15,11194900
2024-06-06 07:00:00,16.19,16.32,15.78,15.95,11591200
2024-06-07 07:00:00,16.03,16.44,15.82,16.44,8217500
2024-06-10 07:00:00,16.44,16.61,16.15,16.28,8482600
2024-06-11 07:00:00,16.28,16.36,15.87,15.95,9925600
2024-06-12 07:00:00,15.82,16.36,15.78,16.15,8202800
2024-06-13 07:00:00,16.28,16.69,16.15,16.15,9996000
2024-06-14 07:00:00,16.15,16.32,15.62,15.62,10210700
2024-06-17 07:00:00,15.58,15.7,15.21,15.37,12614700
2024-06-18 07:00:00,15.5,16.07,15.5,15.78,10166000
2024-06-19 07:00:00,15.78,16.61,15.78,16.32,17348500
2024-06-20 07:00:00,16.44,17.43,16.24,17.43,33177100
2024-06-21 07:00:00,17.43,17.8,17.1,17.26,14278400
2024-06-24 07:00:00,17.1,17.35,16.07,16.11,26683200
2024-06-25 07:00:00,16.15,16.36,15.7,16.32,10123100
2024-06-26 07:00:00,16.32,16.4,15.82,16.03,7641700
2024-06-27 07:00:00,15.99,16.19,15.78,15.99,6686300
2024-06-28 07:00:00,16.11,16.11,15.29,15.62,13986800
2024-07-01 07:00:00,15.62,15.78,15.37,15.62,5562000
2024-07-02 07:00:00,15.78,15.99,15.66,15.99,6183900
2024-07-03 07:00:00,16.07,16.11,15.78,15.95,4608900
2024-07-04 07:00:00,15.95,16.15,15.74,16.03,5386800
2024-07-05 07:00:00,16.07,16.4,15.91,16.11,7958600
2024-07-08 07:00:00,16.15,16.61,16.11,16.36,9385800
2024-07-09 07:00:00,16.44,16.93,16.4,16.69,11863900
2024-07-10 07:00:00,16.77,17.3,16.4,16.81,13677600
2024-07-11 07:00:00,17.06,17.43,16.69,16.69,11806200
2024-07-12 07:00:00,16.85,16.89,16.52,16.85,6621200
2024-07-15 07:00:00,16.89,17.14,16.77,16.93,5384200
2024-07-16 07:00:00,17.14,17.26,16.73,16.77,8365300
2024-07-17 07:00:00,16.85,16.85,15.62,15.62,23220900
2024-07-18 07:00:00,15.62,15.99,15.25,15.99,12223200
2024-07-19 07:00:00,15.99,15.99,15.29,15.37,8520300
2024-07-22 07:00:00,15.21,15.37,14.35,14.8,15572200
2024-07-23 07:00:00,14.88,15.13,14.14,14.14,12641600
2024-07-24 07:00:00,13.98,14.8,13.98,14.63,11379600
2024-07-25 07:00:00,14.55,14.59,14.26,14.59,5508400
2024-07-26 07:00:00,14.63,14.76,14.39,14.72,5322300
2024-07-29 07:00:00,14.96,15.37,14.72,15.29,10116100
2024-07-30 07:00:00,15.37,15.37,14.8,15.13,7138600
2024-07-31 07:00:00,15.17,15.41,14.67,14.88,6238200
2024-08-01 07:00:00,14.88,14.92,13.85,13.85,22155800
2024-08-02 07:00:00,13.56,14.55,13.52,14.35,10483000
2024-08-05 07:00:00,14.06,14.22,13.36,13.4,13796200
2024-08-06 07:00:00,13.89,14.3,13.44,14.3,12976400
2024-08-07 07:00:00,14.51,14.63,14.02,14.63,9061800
2024-08-08 07:00:00,14.39,14.72,13.65,13.65,21107900
2024-08-09 07:00:00,13.81,14.55,12.99,13.65,33652500
2024-08-12 07:00:00,13.56,13.73,13.07,13.19,12703100
2024-08-13 07:00:00,13.15,13.77,12.99,13.65,10661500
2024-08-14 07:00:00,13.65,14.14,13.52,14.02,13766600
2024-08-15 07:00:00,14.06,14.14,13.85,14.02,8633300
2024-08-16 07:00:00,14.1,14.92,14.02,14.92,17805100
2024-08-19 07:00:00,15.04,15.13,14.72,14.84,8028800
2024-08-20 07:00:00,14.84,15.5,14.59,15.25,13025200
2024-08-21 07:00:00,15.21,15.33,14.92,15.29,9978800
2024-08-22 07:00:00,15.21,15.33,15.0,15.29,6465800
2024-08-23 07:00:00,15.17,15.5,15.0,15.46,9515700
2024-08-26 07:00:00,15.66,15.7,15.13,15.13,6309700
2024-08-27 07:00:00,15.13,15.54,15.09,15.41,10393300
2024-08-28 07:00:00,15.5,15.5,14.8,15.17,8514300
2024-08-29 07:00:00,15.21,15.21,14.96,15.04,3825200
2024-08-30 07:00:00,15.04,15.21,14.84,15.21,6648900
2024-09-04 07:00:00,14.96,15.13,14.8,15.09,6457500
2024-09-05 07:00:00,15.09,15.33,14.8,15.04,5200000
2024-09-06 07:00:00,14.92,15.0,14.67,15.0,5683100
2024-09-09 07:00:00,14.8,14.96,14.67,14.67,6443400
2024-09-10 07:00:00,14.8,14.84,14.35,14.51,6745300
2024-09-11 07:00:00,14.43,14.59,14.06,14.47,5829600
2024-09-12 07:00:00,14.63,14.63,14.22,14.3,2835300
2024-09-13 07:00:00,14.3,14.63,14.26,14.63,4032600
2024-09-16 07:00:00,14.59,14.63,14.26,14.26,3493900
2024-09-17 07:00:00,14.22,14.55,14.1,14.47,4411600
2024-09-18 07:00:00,14.47,14.67,14.39,14.55,3588200
2024-09-19 07:00:00,14.63,14.72,14.51,14.63,3376000
2024-09-20 07:00:00,14.8,14.88,14.47,14.55,4919000
2024-09-23 07:00:00,14.39,14.55,14.26,14.3,3432800
2024-09-24 07:00:00,14.26,14.43,14.26,14.39,2952800
2024-09-25 07:00:00,14.51,14.67,14.43,14.63,5951600
2024-09-26 07:00:00,14.63,14.96,14.63,14.92,10761500
2024-09-27 07:00:00,15.04,15.09,14.8,14.84,5051200
2024-09-30 07:00:00,14.76,14.92,14.59,14.92,5477700
2024-10-01 07:00:00,14.96,15.21,14.84,14.96,8798400
2024-10-02 07:00:00,14.88,14.92,14.67,14.67,4714900
2024-10-03 07:00:00,14.67,14.76,14.1,14.14,9905200
2024-10-04 07:00:00,14.14,14.3,14.14,14.14,4383800
2024-10-07 07:00:00,14.22,14.3,14.06,14.22,2287800
2024-10-08 07:00:00,14.18,14.3,14.06,14.26,3684800
2024-10-09 07:00:00,14.26,14.39,14.18,14.26,2872600
2024-10-10 07:00:00,14.35,14.39,14.22,14.35,3132500
2024-10-11 07:00:00,14.35,14.59,14.3,14.43,3477700
2024-10-14 07:00:00,13.48,13.93,13.44,13.52,35136700
2024-10-15 07:00:00,13.52,13.69,12.74,13.19,13668800
2024-10-16 07:00:00,13.56,13.61,13.28,13.32,5424500
2024-10-17 07:00:00,13.32,13.73,13.03,13.48,8356300
2024-10-18 07:00:00,13.52,13.56,13.28,13.32,4151500
2024-10-21 07:00:00,13.32,13.32,12.74,12.74,11296700
2024-10-22 07:00:00,12.74,13.03,12.74,12.95,5809800
2024-10-23 07:00:00,12.95,13.07,12.7,13.03,4162500
2024-10-24 07:00:00,13.03,13.03,12.78,12.95,2682400
2024-10-25 07:00:00,12.91,12.99,12.74,12.82,3642100
2024-10-28 07:00:00,12.91,12.95,12.78,12.91,2346600
2024-10-29 07:00:00,12.99,13.48,12.99,13.24,7228600
2024-10-30 07:00:00,13.32,13.4,13.19,13.24,3210400
2024-10-31 07:00:00,13.24,13.44,13.15,13.28,3496900
2024-11-01 07:00:00,13.19,13.24,12.91,12.99,4020100
2024-11-04 07:00:00,12.74,12.95,12.37,12.54,7069000
2024-11-05 07:00:00,12.41,12.74,12.41,12.58,2925300
2024-11-06 07:00:00,12.7,12.74,12.58,12.74,3250100
2024-11-07 07:00:00,12.78,13.03,12.7,12.74,4196600
2024-11-08 07:00:00,12.74,12.82,12.54,12.74,3400200
2024-11-11 07:00:00,12.66,12.66,12.33,12.5,5191100
2024-11-12 07:00:00,12.54,12.74,12.41,12.41,3857000
2024-11-13 07:00:00,12.37,12.45,12.17,12.29,3955100
2024-11-14 07:00:00,12.29,12.37,11.92,11.92,3426400
2024-11-15 07:00:00,11.84,11.92,11.51,11.67,7669600
2024-11-18 07:00:00,11.67,12.45,11.63,12.45,7267200
2024-11-19 07:00:00,12.58,12.7,12.37,12.5,5261000
2024-11-20 07:00:00,12.45,13.15,12.29,12.95,10557600
2024-11-21 07:00:00,12.91,12.99,12.7,12.95,3244900
2024-11-22 07:00:00,12.91,12.91,12.5,12.74,6173400
2024-11-25 07:00:00,12.66,12.74,12.54,12.54,4249800
2024-11-26 07:00:00,12.62,13.28,12.58,12.87,7545600
2024-11-27 07:00:00,12.91,12.91,12.7,12.82,2251300
2024-11-28 07:00:00,12.99,13.03,12.74,12.87,3951900
2024-11-29 07:00:00,12.78,12.91,12.7,12.82,3922300
2024-12-02 07:00:00,12.82,13.11,12.7,12.82,4397200
2024-12-03 07:00:00,12.87,12.99,12.74,12.74,2490800
2024-12-04 07:00:00,12.7,12.82,12.54,12.58,4973300
2024-12-05 07:00:00,12.66,13.19,12.41,13.15,7487800
2024-12-06 07:00:00,13.24,13.32,12.91,12.99,4698400
2024-12-09 07:00:00,12.87,13.32,12.82,13.07,6958600
2024-12-10 07:00:00,13.07,13.15,12.91,12.95,3183400
2024-12-11 07:00:00,12.95,13.03,12.78,12.91,2715900
2024-12-12 07:00:00,12.91,12.95,12.78,12.91,2566800
2024-12-13 07:00:00,12.87,12.87,12.62,12.74,3465600
2024-12-16 07:00:00,12.66,12.74,12.5,12.58,2444300
2024-12-17 07:00:00,12.66,12.66,12.45,12.58,2224000
2024-12-18 07:00:00,12.54,12.74,12.54,12.74,1930700
2024-12-19 07:00:00,12.45,12.58,12.25,12.41,6128000
2024-12-20 07:00:00,12.41,12.5,12.33,12.33,2492500
2024-12-23 07:00:00,12.5,12.7,12.41,12.58,2437500
2024-12-24 07:00:00,12.41,12.58,12.21,12.41,4095300
2024-12-25 07:00:00,12.41,12.82,12.25,12.82,7283500
2024-12-26 07:00:00,12.91,12.91,12.62,12.87,3446800
2024-12-27 07:00:00,12.91,12.91,12.62,12.7,3122500
2024-12-30 07:00:00,12.62,12.7,12.45,12.54,2660100
2024-12-31 07:00:00,12.41,12.66,12.41,12.45,2227900
2025-01-02 07:00:00,12.45,12.54,12.41,12.45,1711700
2025-01-03 07:00:00,12.45,12.45,12.17,12.17,3213900
2025-01-06 07:00:00,12.17,12.25,11.59,11.76,3997200
2025-01-07 07:00:00,11.84,11.84,11.51,11.59,3499000
2025-01-08 07:00:00,11.59,11.88,11.43,11.8,2714100
2025-01-09 07:00:00,11.84,11.88,11.59,11.59,1483400
2025-01-10 07:00:00,11.63,11.67,11.1,11.1,2955200
2025-01-13 07:00:00,10.93,11.43,10.93,11.43,3589600
2025-01-14 07:00:00,11.39,11.43,11.22,11.22,1265500
2025-01-15 07:00:00,11.3,11.47,11.3,11.43,1635800
2025-01-16 07:00:00,11.43,11.67,11.3,11.34,1819600
2025-01-17 07:00:00,11.39,11.71,11.3,11.67,3288200
2025-01-20 07:00:00,11.67,11.76,11.51,11.51,1089800
2025-01-21 07:00:00,11.59,11.71,11.47,11.59,2061100
2025-01-22 07:00:00,11.63,11.67,11.51,11.51,2343200
2025-01-23 07:00:00,11.67,11.92,11.59,11.84,3350600
2025-01-24 07:00:00,11.88,12.54,11.84,12.5,5564600
2025-02-03 07:00:00,12.41,12.5,12.21,12.5,2801400
2025-02-04 07:00:00,12.45,12.78,12.41,12.74,4848200
2025-02-05 07:00:00,12.74,13.03,12.74,12.87,5461800
2025-02-06 07:00:00,12.91,12.91,12.58,12.7,3249300
2025-02-07 07:00:00,12.74,12.78,12.54,12.58,3012100
2025-02-10 07:00:00,12.5,12.54,12.37,12.41,4048300
2025-02-11 07:00:00,12.45,12.74,12.41,12.62,4274000
2025-02-12 07:00:00,12.62,12.7,12.5,12.5,1597800
2025-02-13 07:00:00,12.45,12.66,12.45,12.66,2558300
2025-02-14 07:00:00,12.78,12.95,12.7,12.7,4346500
2025-02-17 07:00:00,12.74,12.87,12.62,12.7,2925100
2025-02-18 07:00:00,12.66,13.07,12.66,12.95,6339500
2025-02-19 07:00:00,13.07,13.85,12.95,13.85,20702600
2025-02-20 07:00:00,14.02,14.06,13.81,13.89,6004800
2025-02-21 07:00:00,13.89,14.14,13.69,13.98,6361800
2025-02-24 07:00:00,13.98,13.98,13.61,13.98,5779800
2025-02-25 07:00:00,14.06,14.26,13.85,14.06,6293400
2025-02-26 07:00:00,14.1,14.1,13.81,14.02,4817600
2025-02-27 07:00:00,14.02,14.51,13.98,14.51,14436600
2025-02-28 07:00:00,14.55,14.59,14.22,14.39,7723800
2025-03-03 07:00:00,14.39,14.63,14.26,14.63,6793900
2025-03-04 07:00:00,14.51,14.63,14.1,14.43,6080700
2025-03-05 07:00:00,14.39,14.51,14.06,14.06,5938300
2025-03-06 07:00:00,14.1,14.3,14.02,14.22,5705200
2025-03-07 07:00:00,14.3,14.92,14.26,14.59,11902100
2025-03-10 07:00:00,14.76,14.88,14.55,14.67,5531500
2025-03-11 07:00:00,14.3,14.72,14.3,14.72,6637600
2025-03-12 07:00:00,14.72,14.72,14.39,14.43,5762800
2025-03-13 07:00:00,14.39,14.55,14.1,14.18,5493200
2025-03-14 07:00:00,14.1,14.55,14.02,14.22,5253800
2025-03-17 07:00:00,14.39,14.8,14.35,14.8,9573200
2025-03-18 07:00:00,14.88,14.88,14.47,14.51,4819200
2025-03-19 07:00:00,14.51,14.59,14.22,14.3,6449400
2025-03-20 07:00:00,14.35,14.43,14.06,14.22,3845200
2025-03-21 07:00:00,14.35,14.72,14.22,14.26,5167500
2025-03-24 07:00:00,14.3,14.72,14.3,14.51,7223400
2025-03-25 07:00:00,14.59,14.92,14.43,14.63,5974400
2025-03-26 07:00:00,14.63,15.21,14.63,14.96,8334400
2025-03-27 07:00:00,14.96,15.82,14.72,15.46,14801600
2025-03-28 07:00:00,15.5,16.03,15.33,15.37,12613600
2025-03-31 07:00:00,15.29,15.58,14.67,14.8,12817600
2025-04-01 07:00:00,14.96,14.96,14.72,14.92,5917200
2025-04-02 07:00:00,15.04,15.46,14.96,15.04,7120300
2025-04-03 07:00:00,14.06,14.51,14.02,14.02,13932300
2025-04-04 07:00:00,13.07,13.65,13.07,13.61,18382600
2025-04-08 07:00:00,13.15,13.32,12.66,12.66,5658000
2025-04-09 07:00:00,11.8,12.41,11.8,11.8,18873000
2025-04-10 07:00:00,12.62,12.62,12.62,12.62,367900
2025-04-11 07:00:00,13.11,13.44,12.41,13.4,16954100
2025-04-14 07:00:00,13.44,14.18,13.19,13.98,8694200
2025-04-15 07:00:00,13.81,13.93,13.24,13.48,9167800
2025-04-16 07:00:00,13.28,13.77,13.28,13.52,6055900
2025-04-17 07:00:00,13.4,14.14,13.32,13.73,6678900
2025-04-18 07:00:00,13.98,14.22,13.73,13.73,8918300
2025-04-21 07:00:00,13.81,14.1,13.69,13.93,6889900
2025-04-22 07:00:00,13.77,14.3,12.99,13.77,17360500
2025-04-23 07:00:00,14.18,14.59,13.93,14.35,9105600
2025-04-24 07:00:00,14.3,14.63,14.06,14.55,8514700
2025-04-25 07:00:00,14.39,14.55,14.22,14.51,5433900
2025-04-28 07:00:00,14.55,14.55,13.85,14.02,8426800
2025-04-29 07:00:00,14.1,14.3,13.89,14.14,5720200
2025-05-05 07:00:00,14.18,14.18,13.89,14.02,7166900
2025-05-06 07:00:00,14.06,14.51,14.06,14.14,8585800
2025-05-07 07:00:00,14.14,14.63,14.06,14.43,10808000
2025-05-08 07:00:00,14.55,15.13,14.47,14.92,11844900
2025-05-09 07:00:00,15.09,15.09,14.39,14.51,15628700
2025-05-12 07:00:00,14.55,14.88,14.3,14.8,12458200
2025-05-13 07:00:00,14.84,14.96,14.55,14.8,11322600
2025-05-14 07:00:00,14.84,14.96,14.8,14.84,8635200
2025-05-15 07:00:00,14.84,14.92,14.47,14.55,10561900
2025-05-16 07:00:00,14.55,14.96,14.51,14.92,13837400
2025-05-19 07:00:00,14.84,15.29,14.72,14.8,8250200
2025-05-20 07:00:00,14.84,15.0,14.72,14.96,6543700
2025-05-21 07:00:00,15.09,15.13,14.72,14.96,6951300
2025-05-22 07:00:00,15.0,15.33,14.84,15.0,14205600
2025-05-23 07:00:00,15.04,15.58,14.84,15.5,13218600
2025-05-26 07:00:00,15.54,16.52,15.0,16.36,14728400
2025-05-27 07:00:00,16.61,16.61,16.15,16.28,10403100
2025-05-28 07:00:00,16.28,16.52,15.95,16.03,11773700
2025-05-29 07:00:00,16.11,16.77,15.99,16.48,10558800
2025-05-30 07:00:00,16.48,16.52,16.11,16.28,6029800
2025-06-02 07:00:00,16.28,17.06,16.28,16.77,9076300
2025-06-03 07:00:00,16.93,16.93,16.48,16.77,7135300
2025-06-04 07:00:00,16.69,16.81,16.4,16.48,8025000
2025-06-05 07:00:00,16.48,16.56,16.03,16.28,6683700
2025-06-06 07:00:00,16.15,16.65,16.15,16.36,5900700
2025-06-09 07:00:00,16.44,16.93,16.36,16.52,7517200
2025-06-10 07:00:00,16.48,16.81,16.28,16.44,6563000
2025-06-11 07:00:00,16.48,16.52,16.15,16.19,4925200
2025-06-12 07:00:00,16.32,16.61,16.28,16.36,4862600
2025-06-13 07:00:00,16.07,16.28,15.46,15.66,14318600
2025-06-16 07:00:00,15.62,15.99,15.62,15.99,5222900
2025-06-17 07:00:00,16.07,16.36,15.91,16.19,6265500
2025-06-18 07:00:00,16.19,16.32,15.91,16.19,4905600
2025-06-19 07:00:00,16.15,16.15,15.82,15.99,3898500
2025-06-20 07:00:00,15.99,16.07,15.66,15.99,5532800
2025-06-23 07:00:00,15.82,15.87,15.62,15.66,5855000
2025-06-24 07:00:00,15.87,16.11,15.74,15.99,5760500
2025-06-25 07:00:00,16.07,16.28,15.87,15.87,4790600
2025-06-26 07:00:00,15.91,16.03,15.82,15.99,2838700
2025-06-27 07:00:00,16.15,16.36,16.03,16.07,6654900
2025-06-30 07:00:00,16.11,16.81,16.07,16.44,10473200
2025-07-01 07:00:00,16.56,16.61,16.19,16.36,3212600
2025-07-02 07:00:00,16.28,16.48,16.24,16.44,3778100
2025-07-03 07:00:00,16.69,16.85,16.28,16.28,8132000
2025-07-04 07:00:00,16.36,17.39,16.36,17.18,15205400
2025-07-07 07:00:00,17.55,18.37,17.3,18.37,13071900
2025-07-08 07:00:00,18.83,19.52,18.41,18.91,10513500
2025-07-09 07:00:00,18.95,19.32,18.7,18.95,8291100
2025-07-10 07:00:00,19.11,19.36,18.87,19.15,7008300
2025-07-11 07:00:00,19.28,19.89,18.7,19.61,10006100
2025-07-14 07:00:00,19.52,20.51,18.99,20.43,9791600
2025-07-15 07:00:00,20.14,20.39,19.69,19.69,10319700
2025-07-16 07:00:00,19.57,20.02,19.44,19.85,6168400
2025-07-17 07:00:00,19.94,21.13,19.81,20.31,9050000
2025-07-18 07:00:00,20.47,20.72,19.89,20.14,7400600
2025-07-21 07:00:00,20.14,20.47,19.77,19.77,7304200
2025-07-22 07:00:00,19.48,20.22,19.48,20.22,7580800
2025-07-23 07:00:00,20.51,21.46,20.14,20.51,11045600
2025-07-24 07:00:00,20.51,20.8,20.18,20.76,6578800
2025-07-25 07:00:00,20.88,21.13,20.51,21.05,7989400
2025-07-28 07:00:00,21.37,22.24,21.17,21.7,10437200
2025-07-29 07:00:00,21.79,21.79,20.22,20.22,21247200
2025-07-30 07:00:00,20.39,20.63,19.32,19.57,15960900
2025-07-31 07:00:00,20.06,20.06,18.78,19.69,12936500
2025-08-01 07:00:00,19.69,19.73,18.91,18.91,8031200
2025-08-04 07:00:00,18.62,19.65,18.58,19.65,6356800
2025-08-05 07:00:00,19.73,20.35,18.74,19.4,13819300
2025-08-06 07:00:00,19.57,19.98,19.15,19.57,7799500
2025-08-07 07:00:00,19.73,19.98,19.61,19.85,10230900
2025-08-08 07:00:00,20.02,20.55,19.48,20.39,14638200
2025-08-11 07:00:00,20.59,21.13,20.43,20.55,10267000
2025-08-12 07:00:00,20.55,20.92,20.02,20.84,11195000
2025-08-13 07:00:00,21.13,21.58,20.8,21.37,14318300
2025-08-14 07:00:00,21.79,21.79,21.05,21.37,11127700
2025-08-15 07:00:00,21.42,21.46,20.1,20.31,12137000
2025-08-18 07:00:00,20.47,20.47,19.73,20.22,12084400
2025-08-19 07:00:00,20.31,20.96,19.98,20.59,12599100
2025-08-20 07:00:00,22.02,22.02,20.5,21.17,11995300
2025-08-21 07:00:00,21.26,21.26,20.35,20.35,6529000
2025-08-22 07:00:00,19.4,19.93,18.97,19.59,21285200
2025-08-25 07:00:00,19.64,19.73,18.83,19.4,8352000
2025-08-26 07:00:00,19.4,20.4,19.16,20.4,8182800
2025-08-27 07:00:00,20.4,21.21,20.02,20.21,10101200
2025-08-28 07:00:00,20.5,20.97,20.07,20.97,6955700
2025-08-29 07:00:00,21.4,21.55,20.88,20.88,7925500
2025-09-03 07:00:00,20.93,21.64,20.88,21.59,13690300
2025-09-04 07:00:00,21.88,23.07,21.88,23.02,24450200
2025-09-05 07:00:00,23.07,23.21,21.88,21.88,10852400
2025-09-08 07:00:00,21.88,21.88,20.45,20.45,20227200
2025-09-09 07:00:00,20.45,20.78,19.97,20.78,6978000
2025-09-10 07:00:00,20.97,20.97,20.16,20.5,5548700
2025-09-11 07:00:00,20.5,20.5,19.59,20.16,8275000
2025-09-12 07:00:00,20.31,20.97,20.31,20.64,6564700
2025-09-15 07:00:00,20.78,21.02,20.64,20.97,6924700
2025-09-16 07:00:00,21.36,21.36,20.64,20.74,6304700
2025-09-17 07:00:00,20.69,20.83,20.26,20.31,5231900
2025-09-18 07:00:00,20.45,20.45,19.93,20.02,7008700
2025-09-19 07:00:00,20.35,20.5,19.73,19.73,8264000
2025-09-22 07:00:00,20.12,20.35,19.59,20.12,6896400
2025-09-23 07:00:00,20.31,20.35,19.88,20.21,4088300
2025-09-24 07:00:00,20.16,20.69,19.73,20.69,5314500
2025-09-25 07:00:00,20.78,21.4,20.69,21.17,14423500
2025-09-26 07:00:00,21.17,21.45,20.83,20.97,10712000
2025-09-29 07:00:00,20.59,21.12,20.55,21.02,6380600
2025-09-30 07:00:00,21.02,21.12,20.07,21.12,7934700
2025-10-01 07:00:00,21.12,22.6,20.83,21.83,19877600
2025-10-02 07:00:00,22.07,22.07,20.97,21.07,6145000
2025-10-03 07:00:00,20.74,20.97,20.4,20.4,7840800
2025-10-06 07:00:00,20.78,21.69,20.55,21.64,6936900
2025-10-07 07:00:00,21.69,21.69,21.07,21.07,5349800
2025-10-08 07:00:00,21.45,22.31,20.78,22.21,13472600
2025-10-09 07:00:00,22.45,22.79,22.07,22.5,9075600
2025-10-10 07:00:00,22.83,23.55,22.5,23.55,23770100
2025-10-13 07:00:00,23.17,24.69,23.17,24.64,19285000
2025-10-14 07:00:00,24.98,25.03,23.55,23.55,19636300
2025-10-15 07:00:00,23.64,24.03,22.98,23.36,16970100
2025-10-16 07:00:00,23.55,24.31,23.21,24.31,15551900
2025-10-17 07:00:00,24.41,24.6,23.36,23.36,14042200
2025-10-20 07:00:00,23.07,23.41,21.74,21.74,14583300
2025-10-21 07:00:00,21.26,21.64,20.26,20.5,17940000
2025-10-22 07:00:00,20.69,21.59,20.45,21.5,8734300
2025-10-23 07:00:00,21.5,21.78,20.97,21.02,6013400
2025-10-24 07:00:00,20.97,21.17,20.35,20.97,7445600
2025-10-27 07:00:00,21.02,21.17,20.16,20.16,5549500
2025-10-28 07:00:00,20.07,20.93,19.78,20.93,7208400
2025-10-29 07:00:00,21.02,21.31,20.88,21.17,4212300
2025-10-30 07:00:00,20.93,21.5,20.4,21.07,8459800
2025-10-31 07:00:00,21.07,21.07,20.55,20.64,4035500
2025-11-03 07:00:00,20.5,20.69,19.21,19.21,7642300
2025-11-04 07:00:00,19.12,20.55,18.4,20.55,10882700
2025-11-05 07:00:00,20.16,21.07,20.12,20.97,6217200
2025-11-06 07:00:00,20.97,21.07,20.26,20.69,6462200
2025-11-07 07:00:00,20.5,20.55,19.35,20.02,6631600
2025-11-10 07:00:00,19.69,20.12,19.26,19.54,3985300
2025-11-11 07:00:00,19.64,19.88,19.31,19.88,4239000
2025-11-12 07:00:00,20.12,20.4,19.73,20.4,4891700
2025-11-13 07:00:00,20.4,20.4,20.02,20.07,2862800
2025-11-14 07:00:00,19.97,20.5,19.93,20.31,3831800
2025-11-17 07:00:00,20.5,20.88,20.35,20.74,4904000
2025-11-18 07:00:00,20.69,20.83,20.4,20.74,5666100
2025-11-19 07:00:00,20.74,20.74,20.12,20.74,4481600
2025-11-20 07:00:00,20.5,20.59,20.21,20.45,4043300
2025-11-21 07:00:00,20.9,20.9,20.25,20.5,4371400
2025-11-24 07:00:00,20.5,20.6,20.2,20.45,3703700
2025-11-25 07:00:00,20.45,20.55,19.8,20.1,4669300
2025-11-26 07:00:00,20.1,20.75,20.05,20.7,4914700
2025-11-27 07:00:00,20.7,20.75,20.2,20.35,3509500
2025-11-28 07:00:00,20.4,20.45,19.95,20.45,5774700
2025-12-01 07:00:00,20.45,20.45,20.05,20.3,2939500
2025-12-02 07:00:00,20.05,20.2,19.6,20.2,4415400
2025-12-03 07:00:00,20.25,20.35,19.95,20.3,2763400
2025-12-04 07:00:00,20.4,20.8,20.3,20.75,7464400
2025-12-05 07:00:00,20.9,20.9,20.2,20.4,3584800
2025-12-08 07:00:00,20.25,20.4,19.95,20.1,2740700
2025-12-09 07:00:00,20.0,20.1,19.3,20.1,5472800
2025-12-10 07:00:00,19.95,20.0,19.7,20.0,1721200
2025-12-11 07:00:00,19.95,20.1,19.65,19.95,1964300
2025-12-12 07:00:00,19.85,19.85,18.6,18.6,7173100
2025-12-15 07:00:00,18.6,18.7,17.65,17.95,5363600
2025-12-16 07:00:00,17.75,19.0,17.0,19.0,9970400
2025-12-17 07:00:00,18.55,18.75,18.35,18.65,2812300
2025-12-18 07:00:00,18.4,18.4,18.05,18.4,5172500
2025-12-19 07:00:00,18.25,18.8,18.1,18.8,4761400
2025-12-22 07:00:00,18.75,19.2,18.55,19.15,4994600
2025-12-23 07:00:00,19.05,19.1,18.65,18.85,3038400
2025-12-24 07:00:00,18.7,19.05,18.55,19.0,4791200
2025-12-25 07:00:00,18.9,18.95,18.45,18.85,6146900
2025-12-26 07:00:00,18.35,18.75,18.0,18.7,5517900
2025-12-29 07:00:00,18.55,18.6,18.25,18.5,3149500
2025-12-30 07:00:00,18.4,18.45,18.15,18.3,3216800
2025-12-31 07:00:00,18.2,18.3,17.9,18.3,4990600
2026-01-05 07:00:00,18.15,18.2,17.5,17.9,7408600
2026-01-06 07:00:00,17.6,17.85,17.0,17.25,8397100
2026-01-07 07:00:00,17.4,17.65,17.0,17.6,5299900
2026-01-08 07:00:00,17.6,17.7,17.1,17.1,7069700
2026-01-09 07:00:00,17.1,17.1,15.95,15.95,18430400
2026-01-12 07:00:00,15.95,16.6,15.5,16.3,7789900
2026-01-13 07:00:00,16.6,16.85,16.45,16.45,6674400
2026-01-14 07:00:00,16.45,16.6,15.95,15.95,9496700
2026-01-15 07:00:00,15.7,16.3,15.7,15.95,7917200
2026-01-16 07:00:00,16.05,16.3,15.75,15.9,4785200
2026-01-19 07:00:00,15.9,16.1,15.75,16.0,5439200
2026-01-20 07:00:00,16.0,16.05,15.55,15.55,7560700
2026-01-21 07:00:00,15.5,15.85,15.0,15.1,8237900
2026-01-22 07:00:00,15.15,16.15,15.1,16.05,11595200
2026-01-23 07:00:00,16.05,16.05,15.35,15.35,5632200
2026-01-26 07:00:00,15.4,15.5,14.55,14.6,7350500
2026-01-27 07:00:00,14.6,14.8,14.4,14.6,4429600
2026-01-28 07:00:00,14.75,15.5,14.05,15.5,9149500
2026-01-29 07:00:00,15.4,15.5,14.9,15.45,5677800
2026-01-30 07:00:00,15.5,15.7,15.15,15.7,7576700
2026-02-02 07:00:00,15.45,15.5,14.9,15.4,7648600
2026-02-03 07:00:00,15.4,15.5,15.25,15.5,4408200
2026-02-04 07:00:00,15.35,15.55,15.2,15.4,4845800
2026-02-05 07:00:00,15.55,15.65,15.3,15.4,4279100
2026-02-06 07:00:00,15.3,15.3,14.7,14.7,5329800
2026-02-09 07:00:00,14.8,15.0,14.45,15.0,3088500
2026-02-10 07:00:00,14.9,15.2,14.8,15.05,3630700
2026-02-11 07:00:00,15.05,16.1,15.05,16.1,14272900
2026-02-12 07:00:00,16.3,16.7,15.85,16.55,7090600
2026-02-13 07:00:00,16.4,16.65,16.1,16.65,6540200
2026-02-23 07:00:00,16.65,16.7,16.2,16.7,5432900
2026-02-24 07:00:00,16.6,16.6,16.3,16.55,5457800
2026-02-25 07:00:00,16.4,16.5,15.9,15.9,8097600
2026-02-26 07:00:00,15.95,16.0,15.5,15.8,5920300
2026-02-27 07:00:00,15.9,15.9,15.2,15.2,8753700
2026-03-02 07:00:00,14.55,14.95,14.5,14.6,12189300
2026-03-03 07:00:00,14.55,14.85,14.3,14.4,6788100
2026-03-04 07:00:00,14.3,14.5,13.45,13.95,9873200
2026-03-05 07:00:00,14.2,14.4,13.9,13.95,4846400
2026-03-06 07:00:00,14.2,14.2,13.7,13.8,4739000
2026-03-09 07:00:00,12.9,13.1,12.85,12.85,10178200
2026-03-10 07:00:00,13.2,13.7,12.95,13.7,10965400
2026-03-11 07:00:00,13.9,14.65,13.8,14.65,10558700
2026-03-12 07:00:00,14.65,14.85,14.25,14.6,5965100
2026-03-13 07:00:00,14.3,15.25,14.3,15.1,13619400
2026-03-16 07:00:00,15.1,15.5,14.75,14.85,5881100
2026-03-17 07:00:00,15.1,15.1,14.5,14.5,4279500
2026-03-18 07:00:00,14.4,14.7,14.25,14.4,3640300
2026-03-19 07:00:00,14.25,15.15,14.2,14.6,7546200
2026-03-20 07:00:00,14.6,15.2,14.55,14.9,9013900
2026-03-23 07:00:00,14.8,15.2,14.25,14.95,12342600
2026-03-24 07:00:00,15.35,15.95,15.15,15.95,27190500
2026-03-25 07:00:00,16.2,17.0,16.0,16.5,15023600
2026-03-26 07:00:00,16.5,16.5,15.85,15.9,12286900
2026-03-27 07:00:00,15.85,16.85,15.85,16.7,15421600
2026-03-30 07:00:00,16.2,16.9,16.1,16.35,10710200
2026-03-31 07:00:00,16.65,17.45,16.35,17.4,18683800
2026-04-01 07:00:00,17.9,17.9,17.0,17.5,10216400
2026-04-02 07:00:00,17.3,17.3,16.8,17.2,9576400
2026-04-03 07:00:00,17.2,17.25,16.5,16.5,11924400
2026-04-06 07:00:00,16.25,16.75,15.45,15.8,12990500
2026-04-07 07:00:00,16.05,16.6,15.75,16.15,8606900
2026-04-08 07:00:00,16.95,17.25,16.45,17.25,14833000
2026-04-09 07:00:00,17.1,17.8,16.9,17.15,13032300
2026-04-10 07:00:00,17.35,17.4,16.65,17.0,13558200
2026-04-13 07:00:00,16.85,17.35,16.75,17.1,6734100
2026-04-14 07:00:00,17.4,17.8,17.15,17.3,15569000
2026-04-15 07:00:00,17.4,17.7,17.0,17.0,11715200
2026-04-16 07:00:00,17.0,17.7,16.8,17.55,14124000
2026-04-17 07:00:00,17.7,17.7,17.1,17.1,8089300
2026-04-20 07:00:00,17.1,17.35,16.95,17.1,5979500
2026-04-21 07:00:00,17.15,17.25,16.6,16.7,9621200
2026-04-22 07:00:00,16.6,17.0,16.6,16.9,5088100
2026-04-23 07:00:00,16.85,17.25,16.4,17.1,8232600
2026-04-24 07:00:00,17.05,18.0,16.7,17.5,12934300
2026-04-28 07:00:00,17.55,18.15,17.35,17.9,14117600
2026-04-29 07:00:00,17.65,18.3,17.65,18.15,13900800
2026-05-04 07:00:00,18.3,18.5,17.3,17.3,13654200
2026-05-05 07:00:00,17.25,17.35,16.6,17.05,12306500
2026-05-06 07:00:00,17.2,17.55,16.95,17.35,5739800
2026-05-07 07:00:00,17.5,17.75,17.05,17.05,9322000
2026-05-08 07:00:00,17.0,17.25,16.9,16.95,8575100
2026-05-11 07:00:00,17.0,17.45,16.6,16.6,15919400
2026-05-12 07:00:00,16.8,17.2,16.7,16.8,6669500
2026-05-13 07:00:00,16.85,17.1,16.6,16.75,5817500
2026-05-14 07:00:00,16.8,17.0,16.7,16.8,3338100
2026-05-15 07:00:00,16.85,17.05,16.7,16.8,6540700
2026-05-18 07:00:00,16.75,16.8,16.3,16.65,7481600
2026-05-19 07:00:00,16.8,16.85,16.4,16.4,6828700
2026-05-20 07:00:00,16.4,16.5,15.3,15.55,17461100
2026-05-21 07:00:00,15.7,15.8,15.2,15.6,5577700
2026-05-22 07:00:00,15.6,15.8,15.4,15.65,4200300
2026-05-25 07:00:00,15.65,16.15,15.6,15.65,3141400
2026-05-26 07:00:00,15.75,16.15,15.6,16.0,5321000
2026-05-27 07:00:00,16.0,16.05,15.75,15.75,2849500
2026-05-28 07:00:00,15.7,15.9,15.4,15.45,3754300
2026-05-29 07:00:00,15.6,15.6,15.05,15.05,6842100
2026-06-01 07:00:00,15.25,15.5,15.1,15.5,3285600
2026-06-02 07:00:00,15.45,15.6,14.8,15.0,6050200
2026-06-03 07:00:00,15.05,15.3,14.9,15.15,2705800
2026-06-04 07:00:00,15.15,15.2,14.85,14.9,2317400
2026-06-05 07:00:00,14.95,15.05,14.7,14.8,3021200
2026-06-08 07:00:00,14.6,15.05,14.55,14.8,4346100
2026-06-09 07:00:00,14.95,14.95,14.6,14.8,2414600
2026-06-10 07:00:00,14.8,15.5,14.75,15.2,7857400
2026-06-11 07:00:00,15.1,15.3,14.95,15.0,2647500
2026-06-12 07:00:00,15.2,15.25,14.9,14.95,4363500
2026-06-15 07:00:00,15.15,15.2,14.8,15.05,6030700
2026-06-16 07:00:00,15.2,15.35,15.05,15.35,5261200
2026-06-17 07:00:00,15.45,15.9,15.3,15.3,7524800
2026-06-18 07:00:00,15.35,15.4,15.0,15.1,4918800
2026-06-19 07:00:00,15.1,15.45,14.9,14.9,3850500
2026-06-22 07:00:00,15.0,15.05,14.8,14.9,2215200
2026-06-23 07:00:00,14.95,15.15,14.6,14.6,5783000
2026-06-24 07:00:00,14.65,14.7,14.15,14.5,4574400
2026-06-25 07:00:00,14.65,14.65,14.3,14.35,1962200
2026-06-26 07:00:00,14.3,14.45,14.2,14.25,1773900
2026-06-29 07:00:00,14.25,14.5,14.2,14.4,3064400
2026-06-30 07:00:00,14.35,14.6,14.35,14.55,1940400
2026-07-01 07:00:00,14.6,14.65,14.5,14.6,1689700
2026-07-02 07:00:00,14.65,14.75,14.4,14.4,1910300
2026-07-03 07:00:00,14.4,14.45,14.0,14.3,5231900
2026-07-06 07:00:00,14.2,14.25,13.6,13.65,6643000
2026-07-07 07:00:00,13.6,14.0,13.45,13.9,3840600
2026-07-08 07:00:00,13.9,14.2,13.7,14.05,3564400
2026-07-09 07:00:00,13.95,14.0,13.7,13.75,1598900
2026-07-10 07:00:00,13.75,14.05,13.65,13.65,2430700
2026-07-13 07:00:00,13.6,13.95,13.55,13.8,4268000
2026-07-14 07:00:00,13.8,14.7,13.6,14.3,8887300
2026-07-15 07:00:00,14.25,14.4,13.9,13.9,3162100
2026-07-16 07:00:00,13.75,14.0,13.1,13.8,6776700
2026-07-17 07:00:00,13.8,13.8,13.4,13.45,2206900
2026-07-20 07:00:00,13.2,13.2,12.55,12.55,7070600
2026-07-21 07:00:00,12.55,12.8,12.4,12.45,4602900
2026-07-22 07:00:00,12.45,12.7,11.85,11.9,8544200
2026-07-23 07:00:00,11.9,12.25,11.25,11.9,6359600
2026-07-24 07:00:00,11.8,12.15,11.7,11.7,1989900
2026-07-27 07:00:00,11.7,11.85,11.0,11.0,4989200
2026-07-28 07:00:00,10.55,11.5,10.55,11.25,6736300
2026-07-29 07:00:00,11.25,11.4,10.95,11.2,3731400
2026-07-30 07:00:00,11.2,11.7,11.2,11.55,4744800
2026-07-31 07:00:00,11.7,11.75,11.4,11.4,4050300
2026-08-03 07:00:00,11.6,12.15,11.45,12.15,7570600
2026-08-04 07:00:00,12.15,12.35,12.0,12.3,4728000
2026-08-05 07:00:00,12.4,12.6,12.1,12.25,6925600
2026-08-06 07:00:00,12.25,12.25,11.9,12.1,3604100
2026-08-07 07:00:00,11.95,12.1,11.8,11.8,5248500
