time,open,high,low,close,volume
2018-08-09 07:00:00,11.88,11.88,11.46,11.74,813800
2018-08-10 07:00:00,11.65,11.65,11.37,11.55,160600
2018-08-13 07:00:00,11.92,11.97,11.74,11.88,1002100
2018-08-14 07:00:00,11.0,12.89,11.0,12.89,1428600
2018-08-15 07:00:00,12.57,13.81,12.43,13.35,1715000
2018-08-16 07:00:00,13.35,13.95,13.21,13.76,2229200
2018-08-17 07:00:00,13.76,14.22,13.76,14.22,1668900
2018-08-20 07:00:00,14.27,14.27,13.72,13.81,1408699
2018-08-21 07:00:00,13.9,13.9,12.89,13.67,1126440
2018-08-22 07:00:00,13.58,13.95,13.58,13.63,598450
2018-08-23 07:00:00,13.58,13.9,13.53,13.9,818760
2018-08-24 07:00:00,13.76,13.86,13.63,13.86,290200
2018-08-27 07:00:00,13.67,13.86,13.49,13.58,294000
2018-08-28 07:00:00,13.58,13.58,13.12,13.3,1014795
2018-08-29 07:00:00,13.3,13.3,12.89,13.03,416250
2018-08-30 07:00:00,12.89,13.81,12.89,13.76,625821
2018-08-31 07:00:00,13.76,13.86,13.63,13.67,284200
2018-09-04 07:00:00,13.72,13.81,13.58,13.76,612425
2018-09-05 07:00:00,13.58,13.72,13.44,13.58,336320
2018-09-06 07:00:00,13.49,13.63,13.44,13.63,115100
2018-09-07 07:00:00,13.53,13.86,13.53,13.53,450300
2018-09-10 07:00:00,13.63,13.63,13.53,13.58,103800
2018-09-11 07:00:00,13.63,13.81,13.49,13.67,279800
2018-09-12 07:00:00,13.67,13.76,13.49,13.58,136400
2018-09-13 07:00:00,13.53,13.58,13.4,13.58,356651
2018-09-14 07:00:00,13.58,13.72,13.44,13.58,228700
2018-09-17 07:00:00,13.49,13.58,13.26,13.35,224740
2018-09-18 07:00:00,13.26,13.44,13.21,13.44,220600
2018-09-19 07:00:00,13.44,13.76,13.44,13.76,574270
2018-09-20 07:00:00,13.76,14.41,13.76,14.32,1265400
2018-09-21 07:00:00,14.5,15.47,14.27,15.42,2509960
2018-09-24 07:00:00,15.42,15.88,15.19,15.88,468835
2018-09-25 07:00:00,15.51,16.57,15.42,16.34,1043300
2018-09-26 07:00:00,16.34,16.53,16.02,16.3,898480
2018-09-27 07:00:00,16.2,16.34,15.56,15.93,525650
2018-09-28 07:00:00,15.88,15.88,15.51,15.7,719400
2018-10-01 07:00:00,15.7,15.7,15.1,15.19,512315
2018-10-02 07:00:00,14.96,15.38,14.68,15.33,433020
2018-10-03 07:00:00,15.24,16.43,15.24,16.3,1245530
2018-10-04 07:00:00,16.11,16.8,16.11,16.53,665970
2018-10-05 07:00:00,16.53,16.53,15.93,16.11,268300
2018-10-08 07:00:00,15.7,16.07,15.56,15.74,281960
2018-10-09 07:00:00,15.84,16.57,15.65,16.07,155330
2018-10-10 07:00:00,16.11,16.3,15.97,16.25,228220
2018-10-11 07:00:00,15.88,15.88,15.14,15.19,953830
2018-10-12 07:00:00,14.96,16.25,14.87,16.25,1000600
2018-10-15 07:00:00,16.11,16.25,15.65,15.74,102420
2018-10-16 07:00:00,15.84,16.07,15.84,16.07,202500
2018-10-17 07:00:00,16.07,16.11,15.84,15.84,290700
2018-10-18 07:00:00,15.79,15.79,15.33,15.65,456000
2018-10-19 07:00:00,15.56,16.11,15.33,15.65,166000
2018-10-22 07:00:00,15.51,16.07,15.51,15.93,302600
2018-10-23 07:00:00,16.11,16.34,15.42,15.61,223800
2018-10-24 07:00:00,15.74,15.84,15.47,15.51,147400
2018-10-25 07:00:00,15.42,15.51,14.73,15.14,643900
2018-10-26 07:00:00,15.19,15.38,15.01,15.01,323500
2018-10-29 07:00:00,15.14,15.19,14.82,15.05,95600
2018-10-30 07:00:00,14.91,15.14,14.91,15.01,94500
2018-10-31 07:00:00,15.19,15.84,15.19,15.84,1147700
2018-11-01 07:00:00,15.84,16.57,15.79,16.39,1392224
2018-11-02 07:00:00,16.39,16.85,16.39,16.57,966740
2018-11-05 07:00:00,16.66,16.66,15.93,16.07,219500
2018-11-06 07:00:00,16.11,16.34,16.11,16.11,173810
2018-11-07 07:00:00,16.11,16.11,15.65,15.79,235594
2018-11-08 07:00:00,15.79,16.16,15.79,16.02,214700
2018-11-09 07:00:00,15.74,16.02,15.74,15.84,147900
2018-11-12 07:00:00,15.93,16.07,15.74,15.97,205680
2018-11-13 07:00:00,15.79,16.53,15.79,16.2,741111
2018-11-14 07:00:00,16.3,16.39,16.2,16.3,391500
2018-11-15 07:00:00,16.3,17.17,16.3,16.89,1772374
2018-11-16 07:00:00,16.89,17.49,16.89,17.49,1139221
2018-11-19 07:00:00,17.26,17.81,16.02,17.63,553860
2018-11-20 07:00:00,17.49,17.49,17.17,17.26,579944
2018-11-21 07:00:00,17.22,17.26,16.76,17.12,460130
2018-11-22 07:00:00,17.03,17.26,17.03,17.08,523120
2018-11-23 07:00:00,17.08,17.17,16.8,16.99,532670
2018-11-26 07:00:00,16.94,17.03,16.8,16.94,177530
2018-11-27 07:00:00,16.94,17.49,16.94,17.22,1090700
2018-11-28 07:00:00,17.26,17.77,17.22,17.63,907440
2018-11-29 07:00:00,17.63,17.81,17.45,17.45,885500
2018-11-30 07:00:00,17.45,17.68,17.4,17.63,713585
2018-12-03 07:00:00,17.81,17.81,17.58,17.72,614010
2018-12-04 07:00:00,17.63,17.77,17.58,17.58,469224
2018-12-05 07:00:00,17.63,17.63,17.31,17.49,457660
2018-12-06 07:00:00,17.4,17.45,16.99,17.08,373670
2018-12-07 07:00:00,17.08,17.49,17.08,17.4,156594
2018-12-10 07:00:00,17.31,17.31,16.85,16.89,279530
2018-12-11 07:00:00,17.03,17.17,16.8,17.08,239660
2018-12-12 07:00:00,17.12,17.22,17.03,17.17,122130
2018-12-13 07:00:00,17.12,17.77,17.08,17.72,592890
2018-12-14 07:00:00,17.72,17.72,17.49,17.68,192180
2018-12-17 07:00:00,17.68,17.68,17.31,17.63,254450
2018-12-18 07:00:00,17.49,17.72,17.26,17.54,660510
2018-12-19 07:00:00,17.35,17.49,17.26,17.35,212090
2018-12-20 07:00:00,17.31,17.54,17.26,17.45,606820
2018-12-21 07:00:00,17.49,17.49,17.35,17.45,510420
2018-12-24 07:00:00,17.4,17.49,16.66,17.03,806610
2018-12-25 07:00:00,16.94,17.03,15.51,16.94,1347415
2018-12-26 07:00:00,16.34,17.49,16.34,17.49,858800
2018-12-27 07:00:00,17.49,17.72,17.31,17.63,685290
2018-12-28 07:00:00,17.49,18.41,17.26,17.95,1033050
2019-01-02 07:00:00,18.05,18.05,15.05,17.49,125436
2019-01-03 07:00:00,17.54,17.54,17.03,17.22,274900
2019-01-04 07:00:00,17.22,17.35,17.03,17.35,90190
2019-01-07 07:00:00,17.4,17.4,14.64,17.31,82050
2019-01-08 07:00:00,17.26,17.63,17.26,17.58,226780
2019-01-09 07:00:00,17.54,18.28,17.54,18.18,680129
2019-01-10 07:00:00,18.14,20.71,18.14,18.51,629370
2019-01-11 07:00:00,18.51,19.24,18.41,19.2,593095
2019-01-14 07:00:00,19.2,19.56,18.83,19.29,654541
2019-01-15 07:00:00,19.29,19.47,18.41,18.87,466435
2019-01-16 07:00:00,19.01,19.2,18.64,19.01,289285
2019-01-17 07:00:00,19.01,19.52,18.92,18.97,178500
2019-01-18 07:00:00,18.97,19.33,18.92,19.24,116085
2019-01-21 07:00:00,19.15,19.52,19.1,19.33,243450
2019-01-22 07:00:00,19.33,20.39,19.33,20.3,659527
2019-01-23 07:00:00,20.39,20.71,20.02,20.16,239245
2019-01-24 07:00:00,20.25,20.39,20.07,20.35,146860
2019-01-25 07:00:00,20.25,20.71,20.25,20.48,196385
2019-01-28 07:00:00,20.58,21.73,20.58,21.04,465470
2019-01-29 07:00:00,20.99,21.59,20.95,21.36,167270
2019-01-30 07:00:00,21.59,21.64,21.31,21.45,252830
2019-01-31 07:00:00,21.87,23.02,21.64,22.56,514830
2019-02-01 07:00:00,22.56,22.92,22.46,22.92,290800
2019-02-11 07:00:00,22.92,24.17,22.92,24.17,215712
2019-02-12 07:00:00,24.26,25.23,21.82,23.11,1262338
2019-02-13 07:00:00,22.79,23.25,22.19,22.97,390483
2019-02-14 07:00:00,22.97,23.38,22.37,22.42,284795
2019-02-15 07:00:00,23.15,23.15,21.64,21.91,559780
2019-02-18 07:00:00,22.1,22.1,20.95,21.41,897239
2019-02-19 07:00:00,21.41,22.51,21.31,22.46,316226
2019-02-20 07:00:00,22.33,22.69,22.19,22.33,570850
2019-02-21 07:00:00,22.37,22.46,21.64,22.23,275690
2019-02-22 07:00:00,22.19,22.42,22.1,22.19,234175
2019-02-25 07:00:00,22.23,22.83,22.19,22.51,579173
2019-02-26 07:00:00,22.51,23.62,22.51,23.2,1001013
2019-02-27 07:00:00,23.34,23.48,22.83,23.2,378110
2019-02-28 07:00:00,23.25,23.34,22.33,22.56,575950
2019-03-01 07:00:00,22.65,24.31,22.42,23.2,548900
2019-03-04 07:00:00,23.06,23.71,22.79,22.97,444487
2019-03-05 07:00:00,23.02,23.11,22.69,23.02,176050
2019-03-06 07:00:00,23.25,23.43,19.56,22.65,342200
2019-03-07 07:00:00,22.65,23.02,22.46,22.88,340557
2019-03-08 07:00:00,22.79,23.06,22.46,22.65,297920
2019-03-11 07:00:00,22.83,22.83,22.1,22.46,215125
2019-03-12 07:00:00,22.46,22.92,22.42,22.69,357708
2019-03-13 07:00:00,22.69,23.8,22.56,23.43,1366510
2019-03-14 07:00:00,23.25,23.43,23.02,23.29,311460
2019-03-15 07:00:00,23.25,23.25,22.97,23.25,192659
2019-03-18 07:00:00,23.02,23.94,23.02,23.2,711800
2019-03-19 07:00:00,23.25,23.62,23.15,23.29,599220
2019-03-20 07:00:00,23.34,23.66,23.06,23.38,555990
2019-03-21 07:00:00,23.48,24.49,23.43,23.57,1206517
2019-03-22 07:00:00,23.89,23.89,23.52,23.89,413085
2019-03-25 07:00:00,23.71,24.21,23.43,23.94,654037
2019-03-26 07:00:00,23.8,24.86,23.8,24.54,1138600
2019-03-27 07:00:00,24.63,24.95,24.17,24.4,677848
2019-03-28 07:00:00,24.35,24.54,23.98,24.54,614418
2019-03-29 07:00:00,24.4,24.49,24.17,24.21,239600
2019-04-01 07:00:00,24.21,24.21,22.92,23.62,1144740
2019-04-02 07:00:00,23.66,24.17,23.52,23.71,232740
2019-04-03 07:00:00,23.75,23.75,23.11,23.25,293766
2019-04-04 07:00:00,23.11,23.38,23.02,23.29,385575
2019-04-05 07:00:00,23.2,23.62,23.2,23.29,159960
2019-04-08 07:00:00,23.34,23.52,22.28,22.33,704910
2019-04-09 07:00:00,22.6,22.97,22.37,22.97,465472
2019-04-10 07:00:00,22.88,23.15,22.79,23.06,344660
2019-04-11 07:00:00,23.06,23.29,22.97,22.97,264112
2019-04-12 07:00:00,22.83,22.88,22.56,22.74,231486
2019-04-16 07:00:00,22.56,22.74,22.56,22.69,151744
2019-04-17 07:00:00,22.65,22.65,22.51,22.56,218450
2019-04-18 07:00:00,22.56,22.56,21.87,22.05,354520
2019-04-19 07:00:00,22.05,22.19,21.91,21.91,94377
2019-04-22 07:00:00,21.68,21.87,21.18,21.45,183940
2019-04-23 07:00:00,21.45,22.1,21.31,21.91,108120
2019-04-24 07:00:00,22.1,22.46,21.96,22.28,177537
2019-04-25 07:00:00,22.42,22.65,22.33,22.65,443055
2019-04-26 07:00:00,22.65,22.92,22.42,22.65,239713
2019-05-02 07:00:00,22.65,22.65,22.23,22.33,110690
2019-05-03 07:00:00,22.14,22.28,22.0,22.1,179623
2019-05-06 07:00:00,22.1,22.19,21.54,21.54,248355
2019-05-07 07:00:00,21.64,22.1,21.64,22.0,76000
2019-05-08 07:00:00,22.05,22.05,21.77,22.05,111150
2019-05-09 07:00:00,21.96,22.05,21.91,21.96,30017
2019-05-10 07:00:00,22.0,22.19,22.0,22.1,129200
2019-05-13 07:00:00,22.1,22.14,21.91,22.1,108622
2019-05-14 07:00:00,22.19,22.19,21.91,22.05,126209
2019-05-15 07:00:00,22.14,22.46,22.14,22.42,183000
2019-05-16 07:00:00,22.42,22.83,22.42,22.79,252010
2019-05-17 07:00:00,22.83,23.15,22.79,23.02,663518
2019-05-20 07:00:00,22.97,23.15,22.56,22.97,307786
2019-05-21 07:00:00,23.02,23.85,23.02,23.62,314643
2019-05-22 07:00:00,23.71,23.94,23.43,23.48,198051
2019-05-23 07:00:00,23.38,23.71,23.34,23.71,341060
2019-05-24 07:00:00,23.25,24.31,23.25,23.98,776825
2019-05-27 07:00:00,23.94,24.12,23.62,23.85,168445
2019-05-28 07:00:00,23.75,23.98,23.75,23.89,185425
2019-05-29 07:00:00,23.8,24.31,23.8,24.12,461640
2019-05-30 07:00:00,24.03,24.12,23.94,24.12,213750
2019-05-31 07:00:00,24.12,24.17,23.89,24.17,261515
2019-06-03 07:00:00,24.03,24.4,23.98,24.17,503180
2019-06-04 07:00:00,23.94,24.17,23.52,23.85,520860
2019-06-05 07:00:00,24.08,24.12,23.52,23.66,238610
2019-06-06 07:00:00,23.52,23.62,23.29,23.52,252513
2019-06-07 07:00:00,23.48,23.8,23.48,23.8,357040
2019-06-10 07:00:00,23.94,24.63,23.94,24.44,1129156
2019-06-11 07:00:00,24.49,25.69,24.49,25.55,731929
2019-06-12 07:00:00,25.55,26.05,25.55,25.82,481059
2019-06-13 07:00:00,25.78,26.61,25.55,26.15,554316
2019-06-14 07:00:00,26.15,26.19,25.78,26.05,387209
2019-06-17 07:00:00,26.05,26.75,26.01,26.24,454667
2019-06-18 07:00:00,26.28,27.11,26.28,26.7,716833
2019-06-19 07:00:00,26.7,27.53,26.7,27.44,439002
2019-06-20 07:00:00,27.44,27.53,26.88,27.07,396688
2019-06-21 07:00:00,26.98,27.07,26.65,26.79,387060
2019-06-24 07:00:00,26.84,27.39,26.7,27.25,308593
2019-06-25 07:00:00,27.34,27.8,27.16,27.62,377660
2019-06-26 07:00:00,27.76,27.99,27.48,27.53,402593
2019-06-27 07:00:00,27.48,27.48,26.7,26.7,372182
2019-06-28 07:00:00,26.7,26.79,26.38,26.61,731725
2019-07-01 07:00:00,26.52,27.07,26.52,26.88,83551
2019-07-02 07:00:00,26.93,27.02,26.01,26.24,677479
2019-07-03 07:00:00,26.24,26.84,26.15,26.84,201223
2019-07-04 07:00:00,26.7,26.88,26.61,26.65,179286
2019-07-05 07:00:00,26.7,26.79,26.56,26.7,137540
2019-07-08 07:00:00,26.7,26.98,26.61,26.65,333217
2019-07-09 07:00:00,26.7,27.3,26.52,27.07,211936
2019-07-10 07:00:00,27.16,27.34,26.93,27.16,276722
2019-07-11 07:00:00,27.21,27.57,27.07,27.48,381735
2019-07-12 07:00:00,27.57,27.71,27.21,27.44,183562
2019-07-15 07:00:00,27.25,28.72,27.25,28.59,643310
2019-07-16 07:00:00,28.77,28.77,28.4,28.54,395207
2019-07-17 07:00:00,28.54,28.54,28.22,28.36,210520
2019-07-18 07:00:00,28.36,28.49,28.03,28.36,304480
2019-07-19 07:00:00,28.36,28.59,28.22,28.31,364143
2019-07-22 07:00:00,28.45,28.49,28.22,28.49,209210
2019-07-23 07:00:00,28.45,28.59,28.4,28.54,331509
2019-07-24 07:00:00,28.54,28.72,28.45,28.54,396950
2019-07-25 07:00:00,28.68,29.6,28.68,29.46,953642
2019-07-26 07:00:00,29.46,29.92,29.46,29.69,650830
2019-07-29 07:00:00,29.83,29.92,28.77,29.0,616546
2019-07-30 07:00:00,29.0,29.14,26.7,27.62,1293067
2019-07-31 07:00:00,27.62,28.08,27.07,28.08,649978
2019-08-01 07:00:00,27.85,27.85,27.25,27.71,222543
2019-08-02 07:00:00,27.53,27.53,27.02,27.3,391284
2019-08-05 07:00:00,26.93,27.16,26.47,26.98,654181
2019-08-06 07:00:00,26.93,27.76,26.52,26.93,745708
2019-08-07 07:00:00,26.93,27.48,26.93,27.07,134330
2019-08-08 07:00:00,27.11,27.11,26.38,26.79,713751
2019-08-09 07:00:00,26.79,26.79,26.56,26.7,322067
2019-08-12 07:00:00,26.56,26.56,25.32,25.41,625109
2019-08-13 07:00:00,25.41,25.41,23.48,23.89,622708
2019-08-14 07:00:00,23.94,25.04,23.89,24.86,506902
2019-08-15 07:00:00,24.63,24.77,24.03,24.26,221930
2019-08-16 07:00:00,24.31,24.54,23.71,23.89,545634
2019-08-19 07:00:00,23.94,24.4,22.51,22.69,964538
2019-08-20 07:00:00,22.56,23.06,22.19,22.42,881585
2019-08-21 07:00:00,22.37,24.08,22.37,23.94,377766
2019-08-22 07:00:00,23.94,25.27,23.66,25.09,660046
2019-08-23 07:00:00,25.09,25.09,24.58,24.95,384719
2019-08-26 07:00:00,24.67,25.09,24.17,24.95,366272
2019-08-27 07:00:00,24.95,25.69,24.86,25.59,240284
2019-08-28 07:00:00,25.55,25.96,25.41,25.78,163822
2019-08-29 07:00:00,25.78,25.78,25.09,25.23,221465
2019-08-30 07:00:00,25.41,25.73,24.86,25.41,138435
2019-09-03 07:00:00,25.23,25.32,23.48,23.85,247284
2019-09-04 07:00:00,23.94,24.31,23.43,23.62,229007
2019-09-05 07:00:00,23.57,24.86,23.11,23.2,229620
2019-09-06 07:00:00,23.43,24.17,23.43,23.98,714500
2019-09-09 07:00:00,24.17,24.17,23.89,23.94,156370
2019-09-10 07:00:00,24.12,24.12,23.57,23.8,263042
2019-09-11 07:00:00,23.57,24.86,23.06,23.75,332518
2019-09-12 07:00:00,23.94,24.17,23.85,24.12,300685
2019-09-13 07:00:00,24.17,24.31,24.12,24.17,255710
2019-09-16 07:00:00,24.17,24.63,24.17,24.49,312530
2019-09-17 07:00:00,24.49,24.58,24.35,24.54,316135
2019-09-18 07:00:00,24.54,25.04,24.44,24.86,392449
2019-09-19 07:00:00,24.86,25.46,24.86,25.41,764766
2019-09-20 07:00:00,25.32,25.32,25.04,25.27,387141
2019-09-23 07:00:00,25.09,25.18,24.86,24.86,87722
2019-09-24 07:00:00,24.54,25.27,24.54,25.04,133025
2019-09-25 07:00:00,25.09,25.32,25.09,25.23,372922
2019-09-26 07:00:00,25.27,26.15,25.18,26.01,544330
2019-09-27 07:00:00,26.19,26.33,25.82,26.1,266965
2019-09-30 07:00:00,26.01,26.05,25.09,25.27,195695
2019-10-01 07:00:00,25.23,25.46,24.95,25.36,464625
2019-10-02 07:00:00,25.36,25.55,25.32,25.55,277635
2019-10-03 07:00:00,25.41,25.41,25.09,25.32,135686
2019-10-04 07:00:00,25.32,25.32,25.23,25.27,381845
2019-10-07 07:00:00,25.13,29.05,25.0,25.32,276510
2019-10-08 07:00:00,25.23,25.36,25.18,25.32,311440
2019-10-09 07:00:00,25.23,25.59,25.23,25.27,347665
2019-10-10 07:00:00,25.32,25.5,25.32,25.5,197330
2019-10-11 07:00:00,25.41,25.41,25.04,25.09,226096
2019-10-14 07:00:00,25.09,25.18,24.9,24.86,52530
2019-10-15 07:00:00,24.86,24.86,24.17,24.72,228600
2019-10-16 07:00:00,24.81,24.86,24.58,24.72,195012
2019-10-17 07:00:00,24.77,25.27,24.63,24.81,135100
2019-10-18 07:00:00,24.77,24.77,24.31,24.31,46840
2019-10-21 07:00:00,24.26,24.4,23.89,23.98,91242
2019-10-22 07:00:00,24.03,24.49,23.98,24.4,185559
2019-10-23 07:00:00,24.31,24.54,24.31,24.49,186115
2019-10-24 07:00:00,24.58,24.58,24.31,24.49,121550
2019-10-25 07:00:00,24.4,24.49,24.35,24.44,119160
2019-10-28 07:00:00,24.58,28.08,24.31,24.35,46940
2019-10-29 07:00:00,24.54,24.54,23.38,23.48,460668
2019-10-30 07:00:00,23.52,23.52,23.11,23.2,282848
2019-10-31 07:00:00,23.38,23.38,22.28,22.56,453790
2019-11-01 07:00:00,22.69,22.79,22.56,22.6,304310
2019-11-04 07:00:00,22.83,22.97,22.51,22.56,447385
2019-11-05 07:00:00,22.56,22.65,22.51,22.56,303700
2019-11-06 07:00:00,22.97,25.92,22.51,22.56,218300
2019-11-07 07:00:00,22.6,23.38,22.6,23.11,84430
2019-11-08 07:00:00,23.11,23.25,22.79,22.79,79210
2019-11-11 07:00:00,22.74,22.88,22.65,22.74,204680
2019-11-12 07:00:00,22.65,23.91,22.65,22.65,144961
2019-11-13 07:00:00,22.65,22.65,22.42,22.65,185429
2019-11-14 07:00:00,22.6,23.15,22.6,22.97,151950
2019-11-15 07:00:00,23.06,23.29,22.97,23.02,175689
2019-11-18 07:00:00,23.06,23.25,22.6,22.79,111412
2019-11-19 07:00:00,22.79,22.92,22.69,22.83,68910
2019-11-20 07:00:00,22.83,23.02,22.79,22.88,92300
2019-11-21 07:00:00,22.79,23.02,22.69,22.69,58541
2019-11-22 07:00:00,22.65,22.79,22.1,22.1,128210
2019-11-25 07:00:00,22.1,25.64,22.1,22.33,175618
2019-11-26 07:00:00,20.95,27.57,20.95,22.1,231870
2019-11-27 07:00:00,22.1,24.4,22.05,22.1,168290
2019-11-28 07:00:00,22.33,22.46,21.73,21.73,240160
2019-11-29 07:00:00,21.64,21.77,21.22,21.54,107300
2019-12-02 07:00:00,22.05,22.51,21.64,21.77,292222
2019-12-03 07:00:00,22.0,22.23,21.73,21.96,279907
2019-12-04 07:00:00,21.96,22.1,18.69,21.91,193980
2019-12-05 07:00:00,22.1,22.1,21.59,21.77,24100
2019-12-06 07:00:00,22.0,22.1,21.77,22.1,212230
2019-12-09 07:00:00,22.1,22.19,21.96,22.0,111880
2019-12-10 07:00:00,22.1,22.1,21.87,22.0,38315
2019-12-11 07:00:00,22.19,22.19,21.96,22.0,130536
2019-12-12 07:00:00,22.1,22.23,22.1,22.19,279649
2019-12-13 07:00:00,22.56,25.46,22.56,22.83,678107
2019-12-16 07:00:00,23.02,23.62,22.92,22.97,241282
2019-12-17 07:00:00,23.15,23.15,22.83,22.56,75170
2019-12-18 07:00:00,22.23,22.69,22.1,22.42,55200
2019-12-19 07:00:00,22.42,22.46,22.23,22.23,53477
2019-12-20 07:00:00,22.33,22.88,22.0,22.19,142003
2019-12-23 07:00:00,22.33,22.33,21.64,21.64,223300
2019-12-24 07:00:00,22.0,22.28,21.41,21.87,68350
2019-12-25 07:00:00,22.9,22.95,21.9,22.0,32290
2019-12-26 07:00:00,22.05,22.15,18.74,21.55,170800
2019-12-27 07:00:00,21.15,22.05,21.15,21.85,80890
2019-12-30 07:00:00,21.7,21.95,21.4,22.55,150938
2019-12-31 07:00:00,22.25,25.56,22.1,22.55,251530
2020-01-02 07:00:00,22.7,22.9,22.6,22.8,60900
2020-01-03 07:00:00,22.7,22.8,22.45,22.7,111562
2020-01-06 07:00:00,22.55,22.55,22.15,22.2,41270
2020-01-07 07:00:00,22.15,22.2,22.05,22.1,38100
2020-01-08 07:00:00,22.05,22.05,21.0,21.4,73670
2020-01-09 07:00:00,21.55,21.9,21.55,21.65,48110
2020-01-10 07:00:00,21.55,22.4,21.55,22.3,129900
2020-01-13 07:00:00,22.4,22.6,22.35,22.5,71143
2020-01-14 07:00:00,22.55,22.6,22.35,22.55,163940
2020-01-15 07:00:00,22.4,22.5,22.35,22.4,25130
2020-01-16 07:00:00,22.3,22.5,21.55,22.25,30711
2020-01-17 07:00:00,21.95,25.36,18.74,22.05,49310
2020-01-20 07:00:00,21.25,22.05,21.25,21.95,38428
2020-01-21 07:00:00,22.05,22.3,22.0,22.05,87600
2020-01-22 07:00:00,22.05,22.65,18.74,22.5,39490
2020-01-30 07:00:00,22.45,22.8,22.05,22.8,311865
2020-01-31 07:00:00,22.6,22.65,21.85,22.05,127802
2020-02-03 07:00:00,22.05,22.05,18.89,21.55,142610
2020-02-04 07:00:00,21.35,22.05,21.35,22.05,241410
2020-02-05 07:00:00,22.1,22.45,22.05,22.3,106650
2020-02-06 07:00:00,22.35,22.35,22.05,22.1,197600
2020-02-07 07:00:00,22.05,22.3,21.95,22.1,56680
2020-02-10 07:00:00,22.05,22.1,22.05,22.05,196519
2020-02-11 07:00:00,22.05,22.15,22.05,22.05,82831
2020-02-12 07:00:00,22.1,22.1,21.95,22.05,99005
2020-02-13 07:00:00,22.05,22.3,21.85,21.9,211950
2020-02-14 07:00:00,22.0,22.0,21.75,21.8,29500
2020-02-17 07:00:00,22.05,22.05,21.55,21.55,84400
2020-02-18 07:00:00,21.7,21.7,21.7,21.55,63320
2020-02-19 07:00:00,21.35,21.95,21.35,21.4,49548
2020-02-20 07:00:00,21.5,21.55,18.29,21.55,58360
2020-02-21 07:00:00,21.5,21.55,21.3,21.4,171770
2020-02-24 07:00:00,21.2,21.25,20.35,20.45,165970
2020-02-25 07:00:00,20.5,21.05,20.05,21.05,100994
2020-02-26 07:00:00,20.5,20.85,20.3,20.55,66510
2020-02-27 07:00:00,20.3,20.55,17.44,20.4,43380
2020-02-28 07:00:00,20.3,20.3,20.0,20.05,120825
2020-03-02 07:00:00,20.1,20.15,19.8,20.05,100308
2020-03-03 07:00:00,20.05,20.25,20.05,20.15,132811
2020-03-04 07:00:00,20.15,20.15,19.55,19.85,95450
2020-03-05 07:00:00,19.95,20.05,19.9,20.0,159260
2020-03-06 07:00:00,19.75,19.9,19.7,19.75,48200
2020-03-09 07:00:00,19.55,19.55,17.44,17.54,300170
2020-03-10 07:00:00,17.29,17.89,17.14,17.54,1117150
2020-03-11 07:00:00,17.54,18.04,16.04,16.04,767160
2020-03-12 07:00:00,16.04,16.04,15.29,15.54,604020
2020-03-13 07:00:00,15.54,15.54,14.28,15.19,272351
2020-03-16 07:00:00,15.08,15.74,15.03,15.49,127830
2020-03-17 07:00:00,15.49,15.64,15.03,15.54,221480
2020-03-18 07:00:00,15.54,15.54,15.34,15.44,198280
2020-03-19 07:00:00,15.39,15.44,15.03,15.29,114050
2020-03-20 07:00:00,15.24,15.44,15.14,15.34,221600
2020-03-23 07:00:00,15.08,17.49,14.28,14.48,375361
2020-03-24 07:00:00,14.38,15.29,14.28,14.98,689506
2020-03-25 07:00:00,15.14,15.84,15.14,15.84,583000
2020-03-26 07:00:00,15.84,15.84,15.49,15.59,480670
2020-03-27 07:00:00,15.29,15.69,14.93,14.93,247100
2020-03-30 07:00:00,14.63,17.69,14.13,14.13,271630
2020-03-31 07:00:00,14.43,14.53,12.23,14.03,194570
2020-04-01 07:00:00,14.53,14.73,14.48,14.68,129000
2020-04-03 07:00:00,14.68,14.68,14.23,14.38,275900
2020-04-06 07:00:00,14.48,14.73,14.33,14.63,547960
2020-04-07 07:00:00,14.68,15.94,14.68,15.79,1153450
2020-04-08 07:00:00,15.54,16.79,15.54,16.79,325260
2020-04-09 07:00:00,16.79,18.14,16.54,17.79,638437
2020-04-10 07:00:00,17.54,17.64,16.44,16.74,544093
2020-04-13 07:00:00,16.74,17.74,16.49,17.54,293359
2020-04-14 07:00:00,17.59,18.04,16.99,17.44,257842
2020-04-15 07:00:00,17.44,18.04,17.24,17.89,392295
2020-04-16 07:00:00,17.69,17.69,17.04,17.24,276050
2020-04-17 07:00:00,17.24,18.04,17.09,17.69,206897
2020-04-20 07:00:00,17.64,17.89,17.49,17.64,343100
2020-04-21 07:00:00,17.69,17.69,16.24,16.54,341199
2020-04-22 07:00:00,16.29,17.04,16.04,16.94,221567
2020-04-23 07:00:00,16.94,17.44,16.79,17.09,139360
2020-04-24 07:00:00,17.14,17.14,16.84,16.94,88674
2020-04-27 07:00:00,16.99,17.54,16.99,17.54,288977
2020-04-28 07:00:00,17.54,19.85,17.54,18.14,379069
2020-04-29 07:00:00,18.09,19.04,18.09,19.04,602448
2020-05-04 07:00:00,19.04,19.19,18.74,18.89,176656
2020-05-05 07:00:00,18.84,18.84,18.34,18.49,211091
2020-05-06 07:00:00,18.49,18.94,18.44,18.89,160436
2020-05-07 07:00:00,18.69,18.89,18.34,18.54,171380
2020-05-08 07:00:00,18.79,19.55,18.79,19.29,409140
2020-05-11 07:00:00,19.39,19.9,19.24,19.39,372940
2020-05-12 07:00:00,19.34,19.5,19.14,19.34,173754
2020-05-13 07:00:00,19.34,19.65,19.19,19.55,215330
2020-05-14 07:00:00,19.45,19.55,19.19,19.19,249377
2020-05-15 07:00:00,19.29,19.34,18.79,18.79,181305
2020-05-18 07:00:00,18.99,19.19,18.54,19.14,102080
2020-05-19 07:00:00,18.99,20.05,18.99,19.65,475137
2020-05-20 07:00:00,19.9,21.05,19.85,20.7,497979
2020-05-21 07:00:00,20.8,21.6,20.8,21.4,419115
2020-05-22 07:00:00,21.4,21.45,20.05,20.55,325170
2020-05-25 07:00:00,20.85,20.85,20.3,20.5,174854
2020-05-26 07:00:00,20.55,20.7,20.4,20.55,222491
2020-05-27 07:00:00,20.55,20.75,20.05,20.05,358258
2020-05-28 07:00:00,20.25,20.3,20.1,20.2,311727
2020-05-29 07:00:00,20.15,20.65,20.05,20.15,242122
2020-06-01 07:00:00,20.35,20.8,20.3,20.75,140590
2020-06-02 07:00:00,20.8,22.05,17.54,21.65,679630
2020-06-03 07:00:00,21.55,21.85,21.3,21.65,291476
2020-06-04 07:00:00,21.55,21.75,21.55,21.6,135774
2020-06-05 07:00:00,21.6,21.65,21.1,21.1,318213
2020-06-08 07:00:00,21.1,21.95,21.1,21.85,181200
2020-06-09 07:00:00,21.8,22.4,18.49,22.4,328604
2020-06-10 07:00:00,22.3,22.35,18.89,22.05,105534
2020-06-11 07:00:00,21.85,22.1,20.85,21.05,224444
2020-06-12 07:00:00,20.95,21.4,20.45,21.4,212800
2020-06-15 07:00:00,20.95,21.5,20.9,21.05,173915
2020-06-16 07:00:00,21.3,21.7,21.3,21.7,130345
2020-06-17 07:00:00,21.45,21.9,21.4,21.8,128853
2020-06-18 07:00:00,21.55,21.8,21.55,21.55,39190
2020-06-19 07:00:00,21.8,22.55,18.49,22.55,486647
2020-06-22 07:00:00,23.05,24.56,22.7,23.25,507144
2020-06-23 07:00:00,23.45,23.65,22.45,22.85,155676
2020-06-24 07:00:00,22.55,22.65,21.9,22.1,359474
2020-06-25 07:00:00,21.9,22.25,21.55,21.95,129089
2020-06-26 07:00:00,21.95,22.25,21.7,21.8,209540
2020-06-29 07:00:00,21.85,22.05,21.2,21.4,200635
2020-06-30 07:00:00,21.65,21.7,20.9,21.1,179475
2020-07-01 07:00:00,21.1,21.8,20.8,21.8,82520
2020-07-02 07:00:00,21.35,21.65,21.3,21.5,67845
2020-07-03 07:00:00,21.5,22.15,21.5,22.05,139115
2020-07-06 07:00:00,22.05,22.2,21.9,22.0,123086
2020-07-07 07:00:00,22.0,22.05,21.65,21.8,181825
2020-07-08 07:00:00,21.6,22.45,21.6,22.3,130410
2020-07-09 07:00:00,22.15,22.45,22.05,22.2,131860
2020-07-10 07:00:00,22.2,22.25,21.95,22.2,97830
2020-07-13 07:00:00,22.1,22.25,22.05,22.15,60900
2020-07-14 07:00:00,22.05,22.15,22.0,22.15,31330
2020-07-15 07:00:00,22.15,22.4,22.15,22.3,114868
2020-07-16 07:00:00,22.3,22.95,22.3,22.7,161601
2020-07-17 07:00:00,22.6,22.95,22.55,22.7,106904
2020-07-20 07:00:00,22.6,22.7,22.45,22.55,157928
2020-07-21 07:00:00,22.6,22.65,22.15,22.6,100770
2020-07-22 07:00:00,22.5,22.8,22.3,22.45,69630
2020-07-23 07:00:00,22.3,22.3,21.55,22.0,84040
2020-07-24 07:00:00,22.05,22.05,20.95,21.4,210670
2020-07-27 07:00:00,21.15,21.15,19.9,20.05,502031
2020-07-28 07:00:00,19.95,21.4,19.95,21.3,195907
2020-07-29 07:00:00,21.05,21.05,20.45,21.0,183031
2020-07-30 07:00:00,21.05,21.25,20.8,21.15,99528
2020-07-31 07:00:00,20.55,21.05,20.55,20.8,77568
2020-08-03 07:00:00,20.95,21.5,20.65,21.4,112931
2020-08-04 07:00:00,21.55,21.75,21.45,21.75,68320
2020-08-05 07:00:00,21.55,22.15,21.45,22.05,158411
2020-08-06 07:00:00,21.9,22.35,21.75,21.8,180023
2020-08-07 07:00:00,22.05,22.3,22.05,22.2,103753
2020-08-10 07:00:00,22.2,22.3,21.55,22.25,70653
2020-08-11 07:00:00,22.15,22.15,21.65,21.85,132890
2020-08-12 07:00:00,22.05,22.05,21.85,22.05,57250
2020-08-13 07:00:00,22.1,22.3,21.65,21.7,151637
2020-08-14 07:00:00,21.95,21.95,21.5,21.55,96687
2020-08-17 07:00:00,21.6,21.6,21.35,21.35,44088
2020-08-18 07:00:00,21.4,21.4,21.05,21.2,125820
2020-08-19 07:00:00,21.3,21.45,21.25,21.3,105224
2020-08-20 07:00:00,21.55,21.65,21.35,21.35,41580
2020-08-21 07:00:00,21.45,21.55,21.4,21.45,53753
2020-08-24 07:00:00,21.5,21.9,21.5,21.9,65730
2020-08-25 07:00:00,21.95,22.1,21.8,22.0,108037
2020-08-26 07:00:00,22.0,22.2,21.85,21.95,29141
2020-08-27 07:00:00,21.95,22.1,21.8,22.1,47500
2020-08-28 07:00:00,22.1,23.05,22.1,22.8,563928
2020-08-31 07:00:00,22.85,23.05,22.55,22.55,108522
2020-09-01 07:00:00,22.55,22.9,22.35,22.6,32825
2020-09-03 07:00:00,22.7,22.7,21.95,22.2,212879
2020-09-04 07:00:00,22.05,22.15,21.6,22.05,104091
2020-09-07 07:00:00,22.15,22.55,22.0,22.1,100660
2020-09-08 07:00:00,22.2,22.25,21.9,22.2,100700
2020-09-09 07:00:00,22.0,22.25,21.8,22.05,64731
2020-09-10 07:00:00,22.2,22.25,22.05,22.2,48744
2020-09-11 07:00:00,22.2,22.25,22.05,22.1,113660
2020-09-14 07:00:00,22.2,22.3,22.0,22.05,132680
2020-09-15 07:00:00,22.05,22.3,22.0,22.1,113990
2020-09-16 07:00:00,22.15,22.85,22.15,22.65,284950
2020-09-17 07:00:00,22.55,22.7,22.3,22.5,120839
2020-09-18 07:00:00,22.35,22.5,22.15,22.4,105833
2020-09-21 07:00:00,22.4,22.4,22.1,22.2,103220
2020-09-22 07:00:00,22.05,22.25,22.05,22.05,115420
2020-09-23 07:00:00,22.1,22.2,21.95,22.05,192643
2020-09-24 07:00:00,22.2,22.2,21.95,22.05,121648
2020-09-25 07:00:00,22.1,22.15,21.75,22.0,234927
2020-09-28 07:00:00,21.95,22.05,21.9,22.0,66006
2020-09-29 07:00:00,21.95,22.05,21.6,21.6,165892
2020-09-30 07:00:00,21.65,21.85,21.5,21.65,99725
2020-10-01 07:00:00,21.7,21.95,21.7,21.75,103337
2020-10-02 07:00:00,21.85,21.95,21.35,21.8,169281
2020-10-05 07:00:00,21.95,21.95,21.65,21.75,38830
2020-10-06 07:00:00,21.85,22.0,21.75,22.0,76570
2020-10-07 07:00:00,21.8,22.6,21.8,22.25,175905
2020-10-08 07:00:00,22.2,22.25,21.95,22.05,38756
2020-10-09 07:00:00,22.15,22.15,22.0,22.1,51160
2020-10-12 07:00:00,22.1,22.1,21.9,21.95,90292
2020-10-13 07:00:00,21.95,21.95,21.85,21.9,80917
2020-10-14 07:00:00,21.95,21.95,21.75,21.75,68310
2020-10-15 07:00:00,21.8,21.8,21.55,21.6,135032
2020-10-16 07:00:00,21.65,21.95,21.55,21.85,98080
2020-10-19 07:00:00,21.85,22.05,21.85,22.0,64538
2020-10-20 07:00:00,22.0,22.05,21.8,21.95,39160
2020-10-21 07:00:00,21.85,21.95,21.8,21.8,59320
2020-10-22 07:00:00,21.85,21.85,21.7,21.85,44720
2020-10-23 07:00:00,21.75,21.95,21.3,21.6,258419
2020-10-26 07:00:00,21.6,21.65,21.5,21.55,80667
2020-10-27 07:00:00,21.55,21.55,21.45,21.55,30927
2020-10-28 07:00:00,21.55,21.55,21.2,21.35,105284
2020-10-29 07:00:00,21.35,21.35,20.95,21.3,140741
2020-10-30 07:00:00,21.3,21.35,21.15,21.15,25000
2020-11-02 07:00:00,21.3,21.55,21.25,21.35,13532
2020-11-03 07:00:00,21.6,21.65,21.4,21.65,48418
2020-11-04 07:00:00,21.65,21.9,21.5,21.85,65338
2020-11-05 07:00:00,21.85,21.85,21.6,21.6,31700
2020-11-06 07:00:00,21.6,21.75,21.6,21.65,37821
2020-11-09 07:00:00,21.65,22.7,21.65,22.55,397520
2020-11-10 07:00:00,22.8,22.8,22.4,22.45,203127
2020-11-11 07:00:00,22.45,22.6,22.4,22.45,121990
2020-11-12 07:00:00,22.4,23.65,22.35,23.35,375136
2020-11-13 07:00:00,23.35,23.5,23.15,23.2,157709
2020-11-16 07:00:00,23.55,23.96,23.45,23.6,510965
2020-11-17 07:00:00,23.65,23.86,23.45,23.45,452170
2020-11-18 07:00:00,23.65,23.75,23.5,23.65,118040
2020-11-19 07:00:00,23.65,23.75,23.6,23.7,139615
2020-11-20 07:00:00,23.81,24.56,23.81,24.11,279560
2020-11-23 07:00:00,24.11,24.51,24.11,24.41,194361
2020-11-24 07:00:00,24.31,24.46,23.6,24.11,202390
2020-11-25 07:00:00,24.11,24.16,23.65,23.7,267160
2020-11-26 07:00:00,23.7,24.16,23.65,23.75,213659
2020-11-27 07:00:00,23.75,24.21,23.7,24.21,215729
2020-11-30 07:00:00,24.31,24.31,24.06,24.26,241455
2020-12-01 07:00:00,24.11,24.26,23.75,24.26,344875
2020-12-02 07:00:00,24.16,25.51,24.16,25.01,629120
2020-12-03 07:00:00,25.06,25.06,24.81,24.81,204897
2020-12-04 07:00:00,24.96,25.31,24.81,25.16,322228
2020-12-07 07:00:00,25.31,25.66,25.21,25.56,347390
2020-12-08 07:00:00,25.51,25.61,25.41,25.61,259252
2020-12-09 07:00:00,26.01,26.41,25.06,25.61,506433
2020-12-10 07:00:00,25.76,25.76,25.06,25.16,416105
2020-12-11 07:00:00,25.21,25.51,24.31,25.51,205847
2020-12-14 07:00:00,25.26,25.66,25.21,25.51,149448
2020-12-15 07:00:00,25.56,25.81,25.26,25.41,312067
2020-12-16 07:00:00,25.46,25.56,25.41,25.56,213662
2020-12-17 07:00:00,25.51,26.36,25.36,25.96,513723
2020-12-18 07:00:00,25.81,27.11,25.81,27.06,610818
2020-12-21 07:00:00,27.16,27.56,26.66,27.26,450967
2020-12-22 07:00:00,27.16,27.66,27.06,27.51,747534
2020-12-23 07:00:00,27.61,27.91,27.06,27.36,662955
2020-12-24 07:00:00,27.56,28.57,26.96,27.56,1139442
2020-12-25 07:00:00,27.61,28.12,27.56,27.81,399961
2020-12-28 07:00:00,28.06,28.06,27.56,27.56,341770
2020-12-29 07:00:00,27.56,27.66,27.11,27.56,398853
2020-12-30 07:00:00,27.51,27.81,27.31,27.81,523676
2020-12-31 07:00:00,27.56,27.76,27.56,27.61,223079
2021-01-04 07:00:00,27.99,29.09,27.43,27.54,299320
2021-01-05 07:00:00,27.54,27.54,26.21,26.54,622156
2021-01-06 07:00:00,26.32,26.71,26.05,26.6,389675
2021-01-07 07:00:00,26.54,26.77,25.66,25.94,395191
2021-01-08 07:00:00,25.94,25.94,25.16,25.6,991490
2021-01-11 07:00:00,25.6,26.71,25.55,26.6,527403
2021-01-12 07:00:00,26.6,27.43,26.6,27.15,770912
2021-01-13 07:00:00,27.15,27.49,26.99,27.27,670772
2021-01-14 07:00:00,27.27,27.32,26.66,26.66,348279
2021-01-15 07:00:00,26.77,26.82,26.38,26.49,321461
2021-01-18 07:00:00,26.54,26.88,26.21,26.6,261530
2021-01-19 07:00:00,26.6,26.88,24.49,25.71,675140
2021-01-20 07:00:00,25.77,26.6,24.83,25.71,176700
2021-01-21 07:00:00,26.05,26.27,25.44,26.16,366800
2021-01-22 07:00:00,26.16,26.6,26.16,26.32,426315
2021-01-25 07:00:00,26.32,26.38,25.88,26.1,151500
2021-01-26 07:00:00,26.05,26.05,24.94,25.49,221930
2021-01-27 07:00:00,25.21,25.38,24.49,25.1,220941
2021-01-28 07:00:00,24.66,24.83,22.17,23.22,589226
2021-01-29 07:00:00,22.94,24.27,22.83,24.11,138490
2021-02-01 07:00:00,23.83,24.27,23.55,23.72,71090
2021-02-02 07:00:00,23.83,23.83,23.33,23.5,139230
2021-02-03 07:00:00,23.44,24.22,23.44,23.55,193100
2021-02-04 07:00:00,23.66,24.11,23.66,23.94,90170
2021-02-05 07:00:00,24.11,24.22,24.0,24.16,116175
2021-02-08 07:00:00,24.16,24.38,23.33,23.83,67900
2021-02-09 07:00:00,23.83,24.44,23.28,24.38,128370
2021-02-17 07:00:00,24.38,25.21,24.33,24.99,104648
2021-02-18 07:00:00,24.94,25.05,24.49,24.49,247150
2021-02-19 07:00:00,24.77,24.94,24.49,24.77,95350
2021-02-22 07:00:00,25.05,25.05,24.72,24.72,96826
2021-02-23 07:00:00,24.88,24.99,24.72,24.88,62020
2021-02-24 07:00:00,24.88,25.21,24.77,24.94,197700
2021-02-25 07:00:00,25.1,25.21,24.77,24.83,143709
2021-02-26 07:00:00,24.77,24.88,24.61,24.77,85909
2021-03-01 07:00:00,24.77,24.83,24.61,24.77,179044
2021-03-02 07:00:00,24.94,25.21,24.77,24.77,135845
2021-03-03 07:00:00,24.88,24.88,24.72,24.83,57156
2021-03-04 07:00:00,24.77,25.16,24.77,24.99,368859
2021-03-05 07:00:00,24.99,26.88,24.99,26.66,1178986
2021-03-08 07:00:00,26.66,27.15,26.43,26.54,217228
2021-03-09 07:00:00,26.6,26.6,25.77,25.77,213823
2021-03-10 07:00:00,25.77,26.38,25.27,26.21,342513
2021-03-11 07:00:00,26.38,26.38,25.77,25.88,218830
2021-03-12 07:00:00,26.05,26.1,25.55,25.55,216821
2021-03-15 07:00:00,25.49,25.77,25.49,25.6,151200
2021-03-16 07:00:00,25.88,25.88,25.05,25.21,273945
2021-03-17 07:00:00,25.21,25.77,25.21,25.55,178656
2021-03-18 07:00:00,25.66,25.66,25.27,25.49,132621
2021-03-19 07:00:00,25.44,25.66,25.38,25.55,203550
2021-03-22 07:00:00,25.66,25.66,25.21,25.38,186806
2021-03-23 07:00:00,25.49,25.49,24.88,25.1,159200
2021-03-24 07:00:00,24.94,24.94,24.11,24.38,480813
2021-03-25 07:00:00,24.61,24.66,24.33,24.44,306900
2021-03-26 07:00:00,24.38,24.61,24.05,24.33,187942
2021-03-29 07:00:00,24.33,24.61,24.22,24.61,129500
2021-03-30 07:00:00,24.49,24.72,24.38,24.44,107207
2021-03-31 07:00:00,24.44,24.55,24.33,24.44,50200
2021-04-01 07:00:00,24.38,24.77,24.33,24.72,172400
2021-04-02 07:00:00,24.94,25.44,24.77,25.33,236600
2021-04-05 07:00:00,25.33,25.55,24.88,25.38,316155
2021-04-06 07:00:00,25.21,25.33,25.05,25.33,181308
2021-04-07 07:00:00,25.33,25.33,24.88,24.88,182419
2021-04-08 07:00:00,24.99,25.05,24.72,24.94,162100
2021-04-09 07:00:00,24.88,25.05,24.66,24.88,119900
2021-04-12 07:00:00,24.77,25.05,24.61,25.05,220800
2021-04-13 07:00:00,24.83,24.99,24.38,24.44,208824
2021-04-14 07:00:00,24.44,24.66,24.33,24.66,186718
2021-04-15 07:00:00,24.49,24.55,24.05,24.05,216070
2021-04-16 07:00:00,24.27,24.27,23.72,23.77,147410
2021-04-19 07:00:00,23.83,23.88,23.55,23.66,140400
2021-04-20 07:00:00,23.66,24.0,23.61,23.61,137435
2021-04-22 07:00:00,23.55,23.61,22.61,23.05,396300
2021-04-23 07:00:00,23.0,23.0,22.61,22.78,174223
2021-04-26 07:00:00,22.78,23.0,22.67,22.72,185560
2021-04-27 07:00:00,22.72,22.72,22.06,22.28,257036
2021-04-28 07:00:00,22.44,22.72,22.28,22.61,216045
2021-04-29 07:00:00,22.61,22.78,22.55,22.61,174306
2021-05-04 07:00:00,22.44,22.61,22.22,22.61,147635
2021-05-05 07:00:00,22.72,22.94,22.61,22.94,175087
2021-05-06 07:00:00,23.0,23.44,22.94,23.33,538800
2021-05-07 07:00:00,23.33,23.33,23.0,23.11,648610
2021-05-10 07:00:00,23.0,23.11,22.78,23.05,551007
2021-05-11 07:00:00,23.0,23.33,23.0,23.28,497500
2021-05-12 07:00:00,23.28,23.28,23.05,23.22,330703
2021-05-13 07:00:00,23.16,23.16,23.0,23.0,208810
2021-05-14 07:00:00,23.22,23.22,22.55,22.67,410033
2021-05-17 07:00:00,22.67,22.83,22.33,22.44,441833
2021-05-18 07:00:00,22.5,22.89,22.33,22.83,246100
2021-05-19 07:00:00,22.83,22.83,22.55,22.67,62000
2021-05-20 07:00:00,22.61,22.67,22.44,22.55,136800
2021-05-21 07:00:00,22.55,23.61,22.55,23.61,314307
2021-05-24 07:00:00,23.66,23.94,23.55,23.83,336560
2021-05-25 07:00:00,24.11,24.49,23.88,24.27,229627
2021-05-26 07:00:00,24.38,24.38,23.77,23.83,65918
2021-05-27 07:00:00,23.83,23.83,23.05,23.72,161305
2021-05-28 07:00:00,23.39,23.55,23.39,23.55,44300
2021-05-31 07:00:00,23.55,23.55,23.11,23.55,56351
2021-06-01 07:00:00,23.33,24.27,23.33,24.27,229130
2021-06-02 07:00:00,24.0,25.21,23.61,25.21,341480
2021-06-03 07:00:00,25.21,26.05,24.88,26.05,715981
2021-06-04 07:00:00,26.05,26.27,25.49,26.21,685370
2021-06-07 07:00:00,25.82,26.77,25.49,26.6,523506
2021-06-08 07:00:00,26.32,26.99,25.77,25.77,416633
2021-06-09 07:00:00,25.77,26.54,25.71,25.77,331355
2021-06-10 07:00:00,25.77,26.6,25.49,25.55,424210
2021-06-11 07:00:00,25.6,26.21,25.6,25.94,64960
2021-06-14 07:00:00,25.94,26.32,25.94,26.05,78050
2021-06-15 07:00:00,26.16,26.32,24.94,26.05,48085
2021-06-16 07:00:00,26.27,26.32,25.94,26.1,136326
2021-06-17 07:00:00,26.1,26.27,26.1,26.21,99600
2021-06-18 07:00:00,26.27,26.49,26.1,26.21,196835
2021-06-21 07:00:00,26.1,26.27,25.94,26.05,63032
2021-06-22 07:00:00,26.27,28.26,26.16,27.82,844561
2021-06-23 07:00:00,27.82,28.26,26.99,27.15,163400
2021-06-24 07:00:00,26.88,27.38,26.82,27.1,68510
2021-06-25 07:00:00,27.1,27.1,26.05,26.88,297124
2021-06-28 07:00:00,26.88,26.88,26.1,26.21,325966
2021-06-29 07:00:00,26.38,26.43,25.94,26.16,287424
2021-06-30 07:00:00,26.16,26.88,26.05,26.88,319203
2021-07-01 07:00:00,27.15,27.54,26.82,27.15,363654
2021-07-02 07:00:00,27.27,27.99,27.15,27.15,384784
2021-07-05 07:00:00,27.15,27.6,26.6,26.77,254702
2021-07-06 07:00:00,26.71,26.88,26.16,26.32,223414
2021-07-07 07:00:00,26.66,26.66,25.88,26.05,282259
2021-07-08 07:00:00,26.27,26.27,25.44,25.49,336609
2021-07-09 07:00:00,25.82,25.82,24.88,24.88,381200
2021-07-12 07:00:00,27.65,27.65,24.05,24.05,615320
2021-07-13 07:00:00,24.94,25.66,24.49,25.66,221300
2021-07-14 07:00:00,25.49,25.6,24.83,25.1,346200
2021-07-15 07:00:00,28.05,28.05,24.49,24.74,239600
2021-07-16 07:00:00,24.87,24.93,24.49,24.68,104340
2021-07-19 07:00:00,24.31,24.31,23.5,23.62,595200
2021-07-20 07:00:00,22.87,24.18,22.56,24.06,238100
2021-07-21 07:00:00,23.81,24.37,23.81,24.31,337140
2021-07-22 07:00:00,24.31,25.43,24.18,25.05,331800
2021-07-23 07:00:00,25.05,25.49,24.62,25.43,156030
2021-07-26 07:00:00,25.18,26.11,24.93,25.93,363828
2021-07-27 07:00:00,25.74,26.18,25.68,26.05,144300
2021-07-28 07:00:00,25.99,26.11,25.86,25.86,46319
2021-07-29 07:00:00,25.68,26.67,25.68,26.61,731800
2021-07-30 07:00:00,26.61,27.05,26.55,26.99,514710
2021-08-02 07:00:00,27.11,27.36,26.49,26.55,425733
2021-08-03 07:00:00,26.67,27.36,26.11,27.17,369400
2021-08-04 07:00:00,26.8,27.3,26.67,26.8,45718
2021-08-05 07:00:00,26.86,27.11,26.61,27.11,73231
2021-08-06 07:00:00,26.92,27.11,26.67,26.8,102820
2021-08-09 07:00:00,26.86,26.86,26.55,26.61,19200
2021-08-10 07:00:00,26.74,27.3,26.74,27.24,197510
2021-08-11 07:00:00,27.17,27.61,27.11,27.42,178730
2021-08-12 07:00:00,27.42,27.67,27.42,27.42,67100
2021-08-13 07:00:00,26.92,27.42,26.86,27.42,60708
2021-08-16 07:00:00,27.42,27.61,27.3,27.48,189310
2021-08-17 07:00:00,27.48,27.67,27.3,27.48,97520
2021-08-18 07:00:00,27.42,27.67,27.36,27.42,137543
2021-08-19 07:00:00,27.42,27.48,27.3,27.42,149310
2021-08-20 07:00:00,27.42,27.61,26.92,26.92,172000
2021-08-23 07:00:00,26.92,26.92,26.43,26.43,86106
2021-08-24 07:00:00,26.43,26.43,25.93,26.18,48500
2021-08-25 07:00:00,26.18,26.18,25.93,26.18,50400
2021-08-26 07:00:00,27.05,27.05,25.93,25.93,14200
2021-08-27 07:00:00,26.18,26.18,25.8,26.18,94600
2021-08-30 07:00:00,25.99,26.55,25.99,26.36,50652
2021-08-31 07:00:00,26.43,26.92,26.43,26.92,69019
2021-09-01 07:00:00,26.92,27.17,26.67,26.67,54401
2021-09-06 07:00:00,26.86,26.86,26.55,26.61,98440
2021-09-07 07:00:00,26.74,27.17,26.61,27.17,92126
2021-09-08 07:00:00,27.17,27.48,26.61,27.42,275054
2021-09-09 07:00:00,27.36,27.61,27.17,27.17,93900
2021-09-10 07:00:00,27.3,27.48,27.17,27.36,34916
2021-09-13 07:00:00,23.31,27.36,23.31,26.8,64663
2021-09-14 07:00:00,25.55,26.8,25.55,26.43,83919
2021-09-15 07:00:00,24.93,26.67,24.93,26.67,31300
2021-09-16 07:00:00,24.93,27.11,24.93,26.55,116300
2021-09-17 07:00:00,26.49,26.67,26.49,26.55,78600
2021-09-20 07:00:00,25.86,26.55,25.86,25.99,174900
2021-09-21 07:00:00,22.31,26.11,22.31,25.86,149900
2021-09-22 07:00:00,24.31,26.11,24.31,25.93,141500
2021-09-23 07:00:00,25.86,26.67,25.86,26.36,122719
2021-09-24 07:00:00,25.99,26.55,25.99,26.24,66630
2021-09-27 07:00:00,26.49,26.49,26.11,26.24,99000
2021-09-28 07:00:00,26.18,26.18,25.93,26.05,201300
2021-09-29 07:00:00,22.5,26.49,22.5,25.86,136480
2021-09-30 07:00:00,24.31,26.05,24.31,25.86,121400
2021-10-01 07:00:00,24.62,26.18,24.62,25.93,104700
2021-10-04 07:00:00,24.93,26.49,24.93,25.93,210700
2021-10-05 07:00:00,24.93,26.05,24.93,26.05,48800
2021-10-06 07:00:00,25.93,26.49,25.93,26.11,69114
2021-10-07 07:00:00,25.12,26.49,25.12,26.3,84305
2021-10-08 07:00:00,26.05,26.3,26.05,26.3,129901
2021-10-11 07:00:00,24.31,26.36,24.31,26.24,70151
2021-10-12 07:00:00,25.53,26.47,25.53,26.41,74676
2021-10-13 07:00:00,25.9,26.41,25.9,26.28,117900
2021-10-14 07:00:00,25.4,26.28,25.4,26.16,283800
2021-10-15 07:00:00,25.21,26.09,25.21,26.03,214224
2021-10-18 07:00:00,26.35,26.35,25.46,25.46,356200
2021-10-19 07:00:00,25.59,25.59,25.27,25.59,211858
2021-10-20 07:00:00,25.46,25.72,25.27,25.34,204800
2021-10-21 07:00:00,25.34,25.59,25.27,25.27,244400
2021-10-22 07:00:00,25.27,25.84,25.27,25.78,345300
2021-10-25 07:00:00,25.78,26.53,25.65,25.65,450242
2021-10-26 07:00:00,26.79,26.79,25.84,26.03,297400
2021-10-27 07:00:00,26.35,26.79,26.03,26.47,266600
2021-10-28 07:00:00,30.25,30.25,26.6,27.23,459608
2021-10-29 07:00:00,31.26,31.26,24.71,27.42,285550
2021-11-01 07:00:00,31.26,31.26,26.98,27.04,430100
2021-11-02 07:00:00,23.19,27.23,23.19,26.85,246750
2021-11-03 07:00:00,26.28,26.85,26.28,26.41,234202
2021-11-04 07:00:00,25.34,26.47,25.34,26.47,71000
2021-11-05 07:00:00,22.56,26.79,22.56,26.53,65937
2021-11-08 07:00:00,27.04,27.04,26.47,26.72,310488
2021-11-09 07:00:00,26.41,26.72,26.41,26.6,148930
2021-11-10 07:00:00,23.32,26.79,23.32,26.6,154600
2021-11-11 07:00:00,26.79,26.79,26.47,26.47,231101
2021-11-12 07:00:00,26.6,26.79,26.47,26.66,125140
2021-11-15 07:00:00,26.6,26.72,26.53,26.6,185451
2021-11-16 07:00:00,26.66,27.54,26.53,27.29,806828
2021-11-17 07:00:00,27.42,27.67,26.72,26.98,370300
2021-11-18 07:00:00,26.98,26.98,26.72,26.98,204600
2021-11-19 07:00:00,26.79,27.73,26.6,26.79,1010200
2021-11-22 07:00:00,27.1,27.61,26.79,27.48,608800
2021-11-23 07:00:00,27.48,28.99,27.48,28.61,680323
2021-11-24 07:00:00,28.68,29.31,28.43,28.68,645640
2021-11-25 07:00:00,28.68,28.68,28.24,28.3,265420
2021-11-26 07:00:00,28.05,30.88,28.05,29.69,1056500
2021-11-29 07:00:00,28.99,29.62,28.68,29.37,394150
2021-11-30 07:00:00,29.12,29.62,28.49,29.12,394702
2021-12-01 07:00:00,28.87,29.31,28.11,28.3,406628
2021-12-02 07:00:00,28.36,29.18,28.24,28.87,345612
2021-12-03 07:00:00,28.68,29.12,28.11,28.24,374100
2021-12-06 07:00:00,27.73,28.36,26.79,27.23,353100
2021-12-07 07:00:00,27.8,27.98,27.23,27.73,261303
2021-12-08 07:00:00,27.98,28.05,27.42,27.73,203116
2021-12-09 07:00:00,27.73,28.55,27.54,28.05,306000
2021-12-10 07:00:00,28.74,28.74,27.73,28.24,200740
2021-12-13 07:00:00,28.24,28.61,27.73,28.05,256750
2021-12-14 07:00:00,27.8,27.86,27.54,27.8,273605
2021-12-15 07:00:00,27.73,28.3,27.61,28.17,210401
2021-12-16 07:00:00,28.11,28.17,27.8,27.98,107715
2021-12-17 07:00:00,28.05,28.24,27.61,27.8,304249
2021-12-20 07:00:00,27.67,27.73,27.42,27.61,295100
2021-12-21 07:00:00,27.61,28.17,27.35,27.8,316916
2021-12-22 07:00:00,27.8,28.3,27.67,28.11,386709
2021-12-23 07:00:00,28.05,28.87,27.8,28.17,351261
2021-12-24 07:00:00,28.36,28.36,27.67,28.24,114401
2021-12-27 07:00:00,28.3,28.3,27.67,27.98,100715
2021-12-28 07:00:00,27.8,28.3,27.54,28.11,339350
2021-12-29 07:00:00,28.11,28.11,27.73,28.05,127262
2021-12-30 07:00:00,27.98,27.98,27.67,27.86,36501
2021-12-31 07:00:00,27.73,27.98,27.48,27.98,140100
2022-01-04 07:00:00,27.73,27.73,27.04,27.29,544400
2022-01-05 07:00:00,27.29,28.05,27.29,27.48,424859
2022-01-06 07:00:00,27.54,27.67,27.17,27.42,145237
2022-01-07 07:00:00,27.17,27.35,27.1,27.17,176300
2022-01-10 07:00:00,27.17,27.35,26.91,26.98,328307
2022-01-11 07:00:00,27.04,27.1,26.85,26.85,81130
2022-01-12 07:00:00,26.79,26.98,26.47,26.79,107913
2022-01-13 07:00:00,26.98,27.29,26.98,27.17,107900
2022-01-14 07:00:00,26.79,27.1,26.66,27.1,45500
2022-01-17 07:00:00,27.1,27.42,26.72,27.04,181500
2022-01-18 07:00:00,27.04,27.04,26.16,26.41,105500
2022-01-19 07:00:00,26.47,26.72,26.28,26.47,99705
2022-01-20 07:00:00,26.47,27.1,26.35,27.1,40400
2022-01-21 07:00:00,26.72,26.91,26.47,26.91,47300
2022-01-24 07:00:00,26.79,26.79,26.35,26.47,92200
2022-01-25 07:00:00,26.47,26.79,26.47,26.53,55206
2022-01-26 07:00:00,26.53,27.1,26.53,26.98,134100
2022-01-27 07:00:00,26.98,26.98,26.53,26.53,27302
2022-01-28 07:00:00,27.04,27.04,26.66,26.72,34303
2022-02-07 07:00:00,26.85,27.23,26.85,27.04,93500
2022-02-08 07:00:00,27.04,28.3,27.04,28.24,232222
2022-02-09 07:00:00,28.36,28.74,27.73,28.11,62205
2022-02-10 07:00:00,28.17,28.68,28.11,28.17,135570
2022-02-11 07:00:00,28.3,28.43,28.05,28.05,132810
2022-02-14 07:00:00,28.36,28.36,27.61,28.05,101110
2022-02-15 07:00:00,27.61,27.73,27.42,27.48,52967
2022-02-16 07:00:00,27.54,28.24,27.23,28.11,153100
2022-02-17 07:00:00,28.05,28.24,27.73,28.17,76826
2022-02-18 07:00:00,27.92,28.24,27.92,28.05,65803
2022-02-21 07:00:00,28.05,28.11,27.61,28.05,70220
2022-02-22 07:00:00,27.86,27.98,27.61,27.98,72800
2022-02-23 07:00:00,27.73,28.05,27.73,27.86,66300
2022-02-24 07:00:00,27.98,28.05,27.23,27.54,66400
2022-02-25 07:00:00,27.54,27.86,27.54,27.61,54913
2022-02-28 07:00:00,27.73,27.86,27.61,27.73,84953
2022-03-01 07:00:00,27.73,28.55,27.61,28.36,244607
2022-03-02 07:00:00,28.36,28.36,28.05,28.24,87204
2022-03-03 07:00:00,28.24,28.49,28.05,28.43,149500
2022-03-04 07:00:00,28.17,28.8,28.17,28.49,153041
2022-03-07 07:00:00,28.49,28.55,28.24,28.43,137420
2022-03-08 07:00:00,28.36,28.55,28.24,28.43,148791
2022-03-09 07:00:00,28.05,28.43,27.73,28.36,117900
2022-03-10 07:00:00,28.36,30.0,28.24,29.56,775273
2022-03-11 07:00:00,29.62,29.81,29.06,29.06,109632
2022-03-14 07:00:00,29.31,29.31,28.87,29.12,134000
2022-03-15 07:00:00,29.12,29.12,28.43,28.68,230260
2022-03-16 07:00:00,28.87,28.93,28.49,28.61,84000
2022-03-17 07:00:00,28.49,28.93,28.49,28.87,99500
2022-03-18 07:00:00,28.74,29.25,28.68,28.99,176940
2022-03-21 07:00:00,29.06,29.12,28.87,28.99,135600
2022-03-22 07:00:00,28.99,28.99,28.61,28.93,133400
2022-03-23 07:00:00,28.87,29.18,28.68,28.93,94703
2022-03-24 07:00:00,28.93,29.18,28.87,28.99,84000
2022-03-25 07:00:00,29.31,29.31,28.68,28.8,90000
2022-03-28 07:00:00,28.68,28.8,28.43,28.49,180100
2022-03-29 07:00:00,28.55,28.68,28.36,28.49,288300
2022-03-30 07:00:00,28.49,29.31,28.36,29.25,465900
2022-03-31 07:00:00,29.25,30.88,29.18,30.19,612220
2022-04-01 07:00:00,30.13,30.25,29.75,30.06,218545
2022-04-04 07:00:00,30.06,31.83,29.81,31.14,374900
2022-04-05 07:00:00,31.14,31.39,30.88,30.95,82700
2022-04-06 07:00:00,30.0,31.2,30.0,30.76,123902
2022-04-07 07:00:00,30.82,30.82,30.06,30.25,152222
2022-04-08 07:00:00,30.32,30.44,29.94,30.38,130300
2022-04-12 07:00:00,30.38,30.76,30.0,30.32,251800
2022-04-13 07:00:00,30.32,30.57,30.25,30.51,150510
2022-04-14 07:00:00,30.51,31.64,30.51,31.64,287601
2022-04-15 07:00:00,31.64,32.77,31.26,31.51,274037
2022-04-18 07:00:00,31.51,32.65,31.51,32.08,297280
2022-04-19 07:00:00,32.14,33.09,32.02,32.33,282500
2022-04-20 07:00:00,32.46,32.46,30.88,31.7,529500
2022-04-21 07:00:00,31.51,31.64,30.25,31.26,461806
2022-04-22 07:00:00,31.14,31.33,28.36,29.94,494000
2022-04-25 07:00:00,30.06,30.57,28.43,28.93,365200
2022-04-26 07:00:00,28.68,29.5,28.11,29.5,168200
2022-04-27 07:00:00,28.61,29.43,27.98,28.36,344151
2022-04-28 07:00:00,28.24,29.18,28.24,28.87,397300
2022-04-29 07:00:00,28.87,29.56,28.43,28.99,118300
2022-05-04 07:00:00,29.37,29.37,28.36,28.68,70200
2022-05-05 07:00:00,28.68,28.93,28.3,28.61,120200
2022-05-06 07:00:00,28.36,28.74,27.86,27.98,147000
2022-05-09 07:00:00,28.05,28.05,26.47,27.1,475000
2022-05-10 07:00:00,26.47,28.36,26.16,28.36,121010
2022-05-11 07:00:00,27.61,28.24,26.79,28.17,63200
2022-05-12 07:00:00,28.24,28.24,26.85,27.04,53600
2022-05-13 07:00:00,27.1,27.42,26.41,26.79,187900
2022-05-16 07:00:00,26.79,27.54,26.66,26.79,257700
2022-05-17 07:00:00,26.85,27.48,26.66,27.35,232204
2022-05-18 07:00:00,27.67,27.67,27.1,27.23,63400
2022-05-19 07:00:00,26.91,27.23,26.91,27.23,60100
2022-05-20 07:00:00,27.42,27.61,27.35,27.48,129500
2022-05-23 07:00:00,27.61,27.8,27.48,27.61,125500
2022-05-24 07:00:00,27.67,27.67,27.1,27.42,58700
2022-05-25 07:00:00,27.73,27.73,27.35,27.54,179600
2022-05-26 07:00:00,27.67,27.73,27.54,27.61,69600
2022-05-27 07:00:00,27.67,27.92,27.61,27.92,102900
2022-05-30 07:00:00,27.86,28.05,27.8,27.86,91203
2022-05-31 07:00:00,27.8,28.05,27.61,27.86,113323
2022-06-01 07:00:00,27.86,27.86,27.54,27.67,103000
2022-06-02 07:00:00,27.73,27.73,27.29,27.67,74477
2022-06-03 07:00:00,27.54,28.55,27.54,28.05,135900
2022-06-06 07:00:00,28.3,29.62,28.05,29.43,344615
2022-06-07 07:00:00,29.06,29.56,29.06,29.37,191400
2022-06-08 07:00:00,29.31,29.62,29.31,29.31,126676
2022-06-09 07:00:00,29.37,29.62,29.06,29.62,80700
2022-06-10 07:00:00,29.56,29.69,28.87,28.99,100415
2022-06-13 07:00:00,28.68,28.87,27.8,28.17,141400
2022-06-14 07:00:00,28.17,28.61,27.42,28.05,39360
2022-06-15 07:00:00,28.17,28.24,27.73,27.98,58500
2022-06-16 07:00:00,27.98,28.3,27.86,28.11,48800
2022-06-17 07:00:00,27.8,27.92,27.67,27.92,70127
2022-06-20 07:00:00,27.8,27.8,27.35,27.42,69420
2022-06-21 07:00:00,27.42,27.42,26.66,26.98,293600
2022-06-22 07:00:00,28.24,29.56,27.29,27.73,16801
2022-06-23 07:00:00,27.92,28.24,27.42,28.24,23600
2022-06-24 07:00:00,27.73,28.11,27.73,27.98,65266
2022-06-27 07:00:00,27.42,27.73,27.42,27.54,90600
2022-06-28 07:00:00,27.42,28.3,27.35,28.24,100801
2022-06-29 07:00:00,27.92,28.17,27.61,27.67,145060
2022-06-30 07:00:00,27.8,28.3,27.17,28.3,83600
2022-07-01 07:00:00,28.17,28.17,27.23,27.73,36427
2022-07-04 07:00:00,27.8,27.8,27.17,27.54,282401
2022-07-05 07:00:00,27.29,27.29,27.1,27.23,278500
2022-07-06 07:00:00,27.1,27.42,27.04,27.04,165703
2022-07-07 07:00:00,27.1,27.42,27.04,27.42,146800
2022-07-08 07:00:00,27.1,27.48,26.79,27.48,377201
2022-07-11 07:00:00,27.04,27.42,26.98,27.23,113707
2022-07-12 07:00:00,27.1,27.42,26.72,26.91,403400
2022-07-13 07:00:00,27.35,27.48,26.98,27.42,59000
2022-07-14 07:00:00,27.35,27.67,27.35,27.61,70400
2022-07-15 07:00:00,27.48,27.48,26.79,27.42,429313
2022-07-18 07:00:00,26.91,27.42,26.91,27.23,19800
2022-07-19 07:00:00,26.98,27.42,26.98,27.42,46406
2022-07-20 07:00:00,27.17,27.42,27.17,27.35,124601
2022-07-21 07:00:00,27.17,27.42,27.04,27.42,38319
2022-07-22 07:00:00,27.29,27.48,27.29,27.35,67908
2022-07-25 07:00:00,27.8,28.36,27.54,27.73,112050
2022-07-26 07:00:00,27.8,27.8,27.48,27.61,44014
2022-07-27 07:00:00,27.48,27.8,27.42,27.73,76000
2022-07-28 07:00:00,27.73,27.98,27.61,27.86,103800
2022-07-29 07:00:00,27.8,28.05,27.61,28.05,78300
2022-08-01 07:00:00,28.05,28.8,27.92,28.68,310600
2022-08-02 07:00:00,28.68,28.68,28.24,28.36,61200
2022-08-03 07:00:00,28.05,28.49,27.92,28.24,77500
2022-08-04 07:00:00,28.3,28.8,27.98,28.74,190900
2022-08-05 07:00:00,28.68,28.68,28.36,28.49,29873
2022-08-08 07:00:00,28.43,28.49,28.36,28.49,57900
2022-08-09 07:00:00,28.49,29.5,28.49,28.93,243176
2022-08-10 07:00:00,29.12,29.12,28.61,28.61,47600
2022-08-11 07:00:00,29.12,29.12,28.61,28.68,59200
2022-08-12 07:00:00,28.61,28.99,28.43,28.68,40446
2022-08-15 07:00:00,28.8,29.12,28.8,28.99,67631
2022-08-16 07:00:00,28.8,29.25,28.68,29.06,101800
2022-08-17 07:00:00,29.06,29.06,28.87,28.99,64800
2022-08-18 07:00:00,28.93,29.06,28.36,28.36,111304
2022-08-19 07:00:00,28.43,28.55,28.24,28.43,81300
2022-08-22 07:00:00,28.49,28.49,28.11,28.17,99510
2022-08-23 07:00:00,28.17,28.3,27.98,28.05,119000
2022-08-24 07:00:00,28.43,28.93,28.24,28.87,109800
2022-08-25 07:00:00,28.8,28.8,28.17,28.43,39400
2022-08-26 07:00:00,28.43,28.61,28.24,28.36,36700
2022-08-29 07:00:00,28.11,28.3,27.73,27.92,277700
2022-08-30 07:00:00,27.86,28.17,27.86,28.11,100700
2022-08-31 07:00:00,27.92,28.55,27.86,28.55,72237
2022-09-05 07:00:00,28.55,28.55,28.17,28.43,95200
2022-09-06 07:00:00,28.43,28.61,28.36,28.43,103600
2022-09-07 07:00:00,28.43,28.49,28.11,28.11,91520
2022-09-08 07:00:00,28.24,28.3,28.11,28.11,167637
2022-09-09 07:00:00,28.24,28.24,28.05,28.17,66002
2022-09-12 07:00:00,28.17,29.62,28.17,29.37,359006
2022-09-13 07:00:00,29.37,29.43,29.12,29.25,89401
2022-09-14 07:00:00,29.25,29.94,28.87,29.62,230420
2022-09-15 07:00:00,29.62,29.94,29.37,29.5,104180
2022-09-16 07:00:00,29.56,29.94,29.43,29.62,198843
2022-09-19 07:00:00,29.88,29.88,28.99,29.18,128450
2022-09-20 07:00:00,29.31,29.31,28.49,28.8,180452
2022-09-21 07:00:00,28.8,28.8,28.68,28.8,88610
2022-09-22 07:00:00,28.68,28.68,27.73,27.86,1125116
2022-09-23 07:00:00,28.05,29.69,28.05,29.56,304549
2022-09-26 07:00:00,29.56,29.56,27.98,28.36,690081
2022-09-27 07:00:00,28.36,28.74,28.24,28.36,837338
2022-09-28 07:00:00,28.68,28.93,28.24,28.3,682801
2022-09-29 07:00:00,28.49,28.49,27.48,27.73,762755
2022-09-30 07:00:00,27.86,28.05,27.1,28.05,366053
2022-10-03 07:00:00,28.05,28.17,26.98,27.29,247603
2022-10-04 07:00:00,27.42,27.73,27.23,27.29,176554
2022-10-05 07:00:00,27.42,27.92,27.42,27.73,126218
2022-10-06 07:00:00,27.61,27.67,27.17,27.42,85810
2022-10-07 07:00:00,27.23,27.42,26.79,27.17,219232
2022-10-10 07:00:00,27.17,27.42,27.04,27.1,474711
2022-10-11 07:00:00,27.17,27.35,26.79,27.1,442470
2022-10-12 07:00:00,27.1,27.42,26.79,27.1,419700
2022-10-13 07:00:00,27.1,27.29,26.91,26.98,375780
2022-10-14 07:00:00,27.1,27.42,27.04,27.29,212027
2022-10-17 07:00:00,27.23,27.73,27.1,27.48,204756
2022-10-18 07:00:00,27.54,27.73,27.29,27.42,677580
2022-10-19 07:00:00,27.61,28.68,27.61,28.43,327148
2022-10-20 07:00:00,28.36,28.49,27.92,28.11,155202
2022-10-21 07:00:00,28.3,28.3,27.23,27.42,268476
2022-10-24 07:00:00,27.73,27.92,27.29,27.42,159151
2022-10-25 07:00:00,27.67,27.86,27.17,27.67,271171
2022-10-26 07:00:00,27.67,28.11,27.67,27.98,295110
2022-10-27 07:00:00,27.98,27.98,27.42,27.67,770277
2022-10-28 07:00:00,28.01,28.43,27.51,27.58,163512
2022-10-31 07:00:00,27.58,27.65,27.09,27.37,266567
2022-11-01 07:00:00,27.37,27.51,27.16,27.3,144477
2022-11-02 07:00:00,27.3,28.01,27.3,28.01,280138
2022-11-03 07:00:00,27.51,27.8,27.09,27.37,134111
2022-11-04 07:00:00,27.37,27.44,25.62,26.95,507002
2022-11-07 07:00:00,26.67,26.67,25.41,26.32,519891
2022-11-08 07:00:00,25.34,27.37,25.2,26.6,522755
2022-11-09 07:00:00,26.18,26.81,26.11,26.74,195714
2022-11-10 07:00:00,26.67,26.95,25.34,25.9,373221
2022-11-11 07:00:00,25.97,26.39,25.97,26.32,153713
2022-11-14 07:00:00,25.97,25.97,25.48,25.83,196810
2022-11-15 07:00:00,25.83,27.37,23.51,24.08,433695
2022-11-16 07:00:00,23.86,24.92,22.11,24.08,205759
2022-11-17 07:00:00,24.85,25.97,24.29,24.92,223901
2022-11-18 07:00:00,25.48,25.48,24.36,25.48,124887
2022-11-21 07:00:00,25.27,25.27,24.5,24.85,320700
2022-11-22 07:00:00,24.92,26.67,24.5,25.62,326645
2022-11-23 07:00:00,26.32,27.02,25.69,25.76,80301
2022-11-24 07:00:00,26.18,27.02,25.9,26.18,209801
2022-11-25 07:00:00,26.67,27.02,26.32,26.67,85212
2022-11-28 07:00:00,26.53,27.37,26.39,27.3,81302
2022-11-29 07:00:00,26.88,27.02,26.39,27.02,81068
2022-11-30 07:00:00,27.37,27.73,26.74,27.65,112251
2022-12-01 07:00:00,27.65,27.65,27.09,27.37,115544
2022-12-02 07:00:00,27.37,27.44,27.02,27.37,83020
2022-12-05 07:00:00,27.09,27.51,27.09,27.51,63483
2022-12-06 07:00:00,27.3,27.3,26.67,27.09,110868
2022-12-07 07:00:00,27.02,27.37,26.39,27.23,107105
2022-12-08 07:00:00,26.95,27.37,26.46,26.95,153000
2022-12-09 07:00:00,26.95,27.44,26.74,27.3,147642
2022-12-12 07:00:00,27.3,27.37,26.95,27.02,27775
2022-12-13 07:00:00,27.23,27.3,27.23,27.23,35355
2022-12-14 07:00:00,27.37,28.01,27.3,28.01,150392
2022-12-15 07:00:00,27.8,28.43,27.8,28.43,95548
2022-12-16 07:00:00,27.94,28.36,27.8,28.36,34043
2022-12-19 07:00:00,27.94,28.43,27.94,28.08,107065
2022-12-20 07:00:00,28.29,28.29,27.73,28.29,162902
2022-12-21 07:00:00,28.08,28.08,27.87,27.94,14183
2022-12-22 07:00:00,27.87,27.87,27.44,27.87,15210
2022-12-23 07:00:00,27.58,27.58,27.58,27.58,2500
2022-12-26 07:00:00,27.58,27.58,27.02,27.3,19801
2022-12-27 07:00:00,27.09,27.37,27.09,27.23,14090
2022-12-28 07:00:00,27.02,27.3,27.02,27.09,10625
2022-12-29 07:00:00,27.02,27.8,27.02,27.51,78023
2022-12-30 07:00:00,27.44,28.64,26.95,28.64,51313
2023-01-03 07:00:00,27.58,28.08,27.51,28.08,25705
2023-01-04 07:00:00,27.8,28.08,27.73,28.01,146441
2023-01-05 07:00:00,27.94,28.15,27.87,27.94,15640
2023-01-06 07:00:00,27.8,27.94,27.37,27.37,75012
2023-01-09 07:00:00,27.73,27.73,27.44,27.51,10018
2023-01-10 07:00:00,27.37,27.37,27.23,27.3,16900
2023-01-11 07:00:00,27.37,27.44,27.09,27.37,32600
2023-01-12 07:00:00,27.3,27.37,27.16,27.23,9501
2023-01-13 07:00:00,27.09,27.09,26.95,27.02,133615
2023-01-16 07:00:00,27.09,27.16,25.83,26.32,278467
2023-01-17 07:00:00,26.32,26.81,26.32,26.74,73800
2023-01-18 07:00:00,26.67,26.67,26.53,26.6,49003
2023-01-19 07:00:00,26.53,26.74,26.53,26.67,34212
2023-01-27 07:00:00,27.37,28.08,27.37,27.8,156314
2023-01-30 07:00:00,27.73,28.22,27.73,28.22,159986
2023-01-31 07:00:00,28.15,29.13,28.08,28.85,180140
2023-02-01 07:00:00,28.92,29.34,28.36,28.36,101617
2023-02-02 07:00:00,28.71,28.71,28.22,28.22,47739
2023-02-03 07:00:00,28.36,28.71,28.22,28.29,62643
2023-02-06 07:00:00,28.29,28.57,28.22,28.43,70801
2023-02-07 07:00:00,28.64,28.64,28.29,28.36,50330
2023-02-08 07:00:00,28.36,28.43,28.01,28.08,539901
2023-02-09 07:00:00,28.22,28.22,26.67,27.23,537405
2023-02-10 07:00:00,27.02,27.73,27.02,27.37,25521
2023-02-13 07:00:00,27.44,27.44,26.74,27.02,78042
2023-02-14 07:00:00,27.02,27.3,26.88,27.23,40911
2023-02-15 07:00:00,27.3,27.3,27.16,27.3,42100
2023-02-16 07:00:00,27.23,27.3,26.95,27.3,93120
2023-02-17 07:00:00,27.23,27.37,26.95,26.95,50206
2023-02-20 07:00:00,27.3,27.37,26.81,27.23,130725
2023-02-21 07:00:00,27.23,27.87,27.23,27.65,89200
2023-02-22 07:00:00,27.44,27.51,27.16,27.44,77442
2023-02-23 07:00:00,27.3,27.3,26.88,27.09,67620
2023-02-24 07:00:00,27.16,27.16,27.02,27.02,12740
2023-02-27 07:00:00,26.81,27.09,26.6,26.67,142897
2023-02-28 07:00:00,26.81,26.81,26.46,26.67,105143
2023-03-01 07:00:00,26.53,26.67,26.53,26.6,85401
2023-03-02 07:00:00,26.67,26.67,26.46,26.53,63906
2023-03-03 07:00:00,26.67,26.74,26.53,26.53,48627
2023-03-06 07:00:00,26.74,26.95,26.6,26.67,38311
2023-03-07 07:00:00,26.74,26.74,26.6,26.67,52010
2023-03-08 07:00:00,26.6,26.6,26.32,26.39,100572
2023-03-09 07:00:00,26.6,26.67,26.39,26.6,143629
2023-03-10 07:00:00,26.6,26.81,26.53,26.74,44712
2023-03-13 07:00:00,26.67,26.74,26.46,26.53,60942
2023-03-14 07:00:00,26.53,26.6,26.39,26.46,37821
2023-03-15 07:00:00,26.67,26.74,26.6,26.74,79833
2023-03-16 07:00:00,26.74,26.74,26.46,26.46,26041
2023-03-17 07:00:00,26.67,26.67,26.53,26.67,26859
2023-03-20 07:00:00,26.67,26.74,26.39,26.39,52236
2023-03-21 07:00:00,26.39,26.6,26.32,26.53,62200
2023-03-22 07:00:00,26.46,26.6,26.46,26.6,45246
2023-03-23 07:00:00,26.53,26.67,26.46,26.6,67900
2023-03-24 07:00:00,26.6,26.6,26.46,26.53,32454
2023-03-27 07:00:00,26.6,26.67,26.46,26.6,62810
2023-03-28 07:00:00,26.6,26.67,26.53,26.53,39506
2023-03-29 07:00:00,26.6,26.6,26.53,26.6,44410
2023-03-30 07:00:00,26.6,26.6,26.53,26.53,49730
2023-03-31 07:00:00,26.46,26.6,26.39,26.39,128359
2023-04-03 07:00:00,26.53,26.6,26.46,26.53,62180
2023-04-04 07:00:00,26.53,26.53,26.18,26.39,171808
2023-04-05 07:00:00,26.46,26.46,26.25,26.39,129312
2023-04-06 07:00:00,26.46,26.46,26.25,26.25,110135
2023-04-07 07:00:00,26.32,26.39,26.25,26.25,96902
2023-04-10 07:00:00,26.39,26.39,26.18,26.18,120803
2023-04-11 07:00:00,26.18,26.25,26.11,26.18,132500
2023-04-12 07:00:00,26.25,26.53,26.18,26.18,72746
2023-04-13 07:00:00,26.32,26.39,26.18,26.32,72011
2023-04-14 07:00:00,26.32,26.39,26.18,26.18,62421
2023-04-17 07:00:00,26.25,26.25,25.97,25.97,140361
2023-04-18 07:00:00,26.04,26.18,25.9,25.9,139910
2023-04-19 07:00:00,25.97,25.97,25.83,25.9,65609
2023-04-20 07:00:00,25.9,25.97,25.76,25.83,55112
2023-04-21 07:00:00,25.83,26.6,25.83,25.9,70415
2023-04-24 07:00:00,26.25,26.25,25.83,25.9,44506
2023-04-25 07:00:00,25.83,25.97,25.76,25.76,88100
2023-04-26 07:00:00,25.83,25.9,25.55,25.76,83070
2023-04-27 07:00:00,25.69,25.97,25.69,25.9,34100
2023-04-28 07:00:00,26.18,26.39,25.76,26.04,80800
2023-05-04 07:00:00,25.97,26.25,25.69,25.83,37206
2023-05-05 07:00:00,25.9,25.97,25.76,25.97,70639
2023-05-08 07:00:00,25.97,26.11,25.83,25.9,70761
2023-05-09 07:00:00,25.9,25.97,25.9,25.97,79818
2023-05-10 07:00:00,25.97,26.11,25.83,25.97,211723
2023-05-11 07:00:00,25.97,26.25,25.69,25.97,294407
2023-05-12 07:00:00,25.97,26.11,25.76,26.11,59037
2023-05-15 07:00:00,26.11,27.02,26.11,26.6,405043
2023-05-16 07:00:00,26.53,26.88,26.53,26.67,102712
2023-05-17 07:00:00,26.67,27.3,26.67,26.95,215756
2023-05-18 07:00:00,27.02,27.09,26.67,26.95,130008
2023-05-19 07:00:00,26.95,27.09,26.67,26.74,125657
2023-05-22 07:00:00,27.02,27.02,26.81,26.88,53188
2023-05-23 07:00:00,26.95,27.02,26.6,26.67,67925
2023-05-24 07:00:00,26.81,26.81,26.46,26.53,54824
2023-05-25 07:00:00,26.74,26.74,26.53,26.53,67108
2023-05-26 07:00:00,26.67,27.23,26.67,27.09,327357
2023-05-29 07:00:00,27.02,27.3,27.02,27.09,117145
2023-05-30 07:00:00,27.09,27.16,26.6,26.81,306700
2023-05-31 07:00:00,26.74,26.88,26.53,26.67,174905
2023-06-01 07:00:00,26.74,27.3,26.74,27.02,288375
2023-06-02 07:00:00,27.02,27.16,26.95,27.02,207221
2023-06-05 07:00:00,27.16,27.23,26.88,26.95,131848
2023-06-06 07:00:00,27.02,27.02,26.74,26.88,113613
2023-06-07 07:00:00,26.88,26.95,26.81,26.88,114101
2023-06-08 07:00:00,27.16,27.16,26.88,26.88,147610
2023-06-09 07:00:00,26.88,26.95,26.67,26.81,149971
2023-06-12 07:00:00,26.81,26.95,26.74,26.95,68703
2023-06-13 07:00:00,27.02,27.02,26.88,26.95,111711
2023-06-14 07:00:00,26.95,26.95,26.67,26.74,161610
2023-06-15 07:00:00,26.67,26.81,26.6,26.67,115500
2023-06-16 07:00:00,26.67,26.95,26.67,26.81,75234
2023-06-19 07:00:00,26.81,26.81,26.6,26.74,111737
2023-06-20 07:00:00,26.67,26.74,26.6,26.74,85101
2023-06-21 07:00:00,26.81,26.88,26.67,26.67,57935
2023-06-22 07:00:00,26.67,26.81,26.6,26.74,163715
2023-06-23 07:00:00,26.81,26.81,26.67,26.67,66431
2023-06-26 07:00:00,26.67,26.74,26.53,26.67,161213
2023-06-27 07:00:00,26.67,26.67,26.6,26.67,142215
2023-06-28 07:00:00,26.67,26.74,26.6,26.67,96076
2023-06-29 07:00:00,26.67,26.67,26.46,26.53,167601
2023-06-30 07:00:00,26.6,26.6,26.39,26.53,142152
2023-07-03 07:00:00,26.67,26.67,26.39,26.53,60912
2023-07-04 07:00:00,26.46,26.46,26.32,26.46,126122
2023-07-05 07:00:00,26.39,26.46,26.32,26.39,118814
2023-07-06 07:00:00,26.39,26.46,26.25,26.32,136032
2023-07-07 07:00:00,26.32,26.46,26.18,26.32,69601
2023-07-10 07:00:00,26.32,26.39,26.18,26.32,256686
2023-07-11 07:00:00,26.32,26.39,26.18,26.32,137295
2023-07-12 07:00:00,26.32,26.6,26.32,26.39,183363
2023-07-13 07:00:00,26.53,26.67,26.39,26.39,169805
2023-07-14 07:00:00,26.53,26.53,26.18,26.39,186545
2023-07-17 07:00:00,26.46,26.46,26.18,26.18,567707
2023-07-18 07:00:00,26.32,26.53,26.32,26.46,371631
2023-07-19 07:00:00,26.46,26.53,26.32,26.32,170197
2023-07-20 07:00:00,26.46,26.6,26.46,26.6,361700
2023-07-21 07:00:00,26.6,27.44,26.6,27.16,1237452
2023-07-24 07:00:00,27.44,27.65,27.02,27.09,660589
2023-07-25 07:00:00,27.16,27.3,26.67,26.81,568577
2023-07-26 07:00:00,26.95,26.95,26.32,26.39,1215394
2023-07-27 07:00:00,26.53,26.67,26.39,26.6,342465
2023-07-28 07:00:00,26.67,26.74,26.53,26.67,140511
2023-07-31 07:00:00,26.67,26.67,26.39,26.46,532782
2023-08-01 07:00:00,26.67,26.81,26.46,26.67,787559
2023-08-02 07:00:00,26.67,27.8,26.46,27.65,3733659
2023-08-03 07:00:00,27.8,28.29,27.44,27.58,2207287
2023-08-04 07:00:00,27.73,28.78,27.58,28.57,4140672
2023-08-07 07:00:00,28.57,28.78,28.01,28.22,1560018
2023-08-08 07:00:00,28.43,28.5,27.73,27.87,1728159
2023-08-09 07:00:00,28.08,28.08,27.51,27.51,1776536
2023-08-10 07:00:00,27.65,28.29,27.44,27.94,1279262
2023-08-11 07:00:00,28.01,28.29,27.37,27.73,1298171
2023-08-14 07:00:00,27.94,28.15,27.51,28.01,1325600
2023-08-15 07:00:00,28.01,28.01,27.58,27.73,853413
2023-08-16 07:00:00,27.73,27.87,27.44,27.65,892226
2023-08-17 07:00:00,27.58,27.65,26.74,26.74,2937791
2023-08-18 07:00:00,27.09,27.09,25.69,25.9,2052734
2023-08-21 07:00:00,26.25,26.25,25.83,26.04,931717
2023-08-22 07:00:00,26.11,26.25,25.62,26.25,772292
2023-08-23 07:00:00,26.25,26.32,25.97,26.04,464986
2023-08-24 07:00:00,26.11,26.39,26.11,26.32,539358
2023-08-25 07:00:00,26.39,26.39,25.83,25.97,1118249
2023-08-28 07:00:00,25.48,26.18,25.48,26.11,347108
2023-08-29 07:00:00,26.18,26.53,26.18,26.46,605923
2023-08-30 07:00:00,26.46,26.6,26.25,26.39,285843
2023-08-31 07:00:00,26.39,26.46,26.25,26.32,660305
2023-09-05 07:00:00,26.6,26.6,26.39,26.46,688426
2023-09-06 07:00:00,26.53,27.09,26.32,27.09,1177006
2023-09-07 07:00:00,26.81,27.16,26.67,26.95,591918
2023-09-08 07:00:00,26.88,27.23,26.88,27.16,526171
2023-09-11 07:00:00,27.3,27.3,26.67,26.67,463811
2023-09-12 07:00:00,26.74,26.95,26.6,26.95,598006
2023-09-13 07:00:00,26.95,26.95,26.6,26.81,535145
2023-09-14 07:00:00,26.81,26.81,26.39,26.67,628266
2023-09-15 07:00:00,26.53,26.67,26.39,26.53,444153
2023-09-18 07:00:00,26.53,26.67,26.39,26.53,282379
2023-09-19 07:00:00,26.53,26.67,26.46,26.67,253438
2023-09-20 07:00:00,26.53,26.81,26.46,26.74,296292
2023-09-21 07:00:00,26.74,27.02,26.74,26.81,394942
2023-09-22 07:00:00,26.88,26.88,26.18,26.32,896389
2023-09-25 07:00:00,26.32,26.74,25.62,25.97,768788
2023-09-26 07:00:00,25.97,26.04,25.62,25.76,687265
2023-09-27 07:00:00,25.83,26.11,25.76,26.11,277761
2023-09-28 07:00:00,26.11,26.25,25.9,26.11,291648
2023-09-29 07:00:00,26.18,26.32,26.04,26.32,182296
2023-10-02 07:00:00,26.18,26.53,26.11,26.39,120639
2023-10-03 07:00:00,26.25,26.25,25.83,25.83,518660
2023-10-04 07:00:00,25.97,25.97,25.76,25.9,575357
2023-10-05 07:00:00,25.97,26.04,25.83,25.97,275534
2023-10-06 07:00:00,25.97,26.04,25.83,26.04,174003
2023-10-09 07:00:00,26.11,26.39,26.04,26.39,313560
2023-10-10 07:00:00,26.39,26.46,26.18,26.25,501228
2023-10-11 07:00:00,26.39,26.39,26.11,26.25,281732
2023-10-12 07:00:00,26.46,26.46,26.25,26.25,370077
2023-10-13 07:00:00,26.32,26.32,26.11,26.32,376561
2023-10-16 07:00:00,26.32,26.32,26.11,26.11,403003
2023-10-17 07:00:00,26.46,26.67,25.97,25.97,387324
2023-10-18 07:00:00,26.11,26.11,25.48,25.76,753899
2023-10-19 07:00:00,25.76,25.76,25.34,25.48,416177
2023-10-20 07:00:00,25.41,25.9,25.41,25.83,164680
2023-10-23 07:00:00,25.83,26.11,25.62,25.76,165312
2023-10-24 07:00:00,25.76,25.83,25.69,25.76,50357
2023-10-25 07:00:00,25.83,26.04,25.83,25.97,143492
2023-10-26 07:00:00,25.9,25.97,25.27,25.41,501244
2023-10-27 07:00:00,25.41,25.55,25.2,25.41,260060
2023-10-30 07:00:00,25.48,25.48,25.27,25.27,246480
2023-10-31 07:00:00,25.27,25.48,24.92,25.13,318830
2023-11-01 07:00:00,25.13,25.13,24.78,24.99,643450
2023-11-02 07:00:00,24.99,25.62,24.99,25.55,614238
2023-11-03 07:00:00,25.55,26.32,25.55,26.25,757049
2023-11-06 07:00:00,26.32,27.51,26.32,27.09,936088
2023-11-07 07:00:00,27.37,27.8,26.74,26.88,499767
2023-11-08 07:00:00,26.95,27.16,26.81,27.02,636645
2023-11-09 07:00:00,27.16,27.51,26.88,26.95,474650
2023-11-10 07:00:00,26.95,26.95,26.67,26.67,449444
2023-11-13 07:00:00,27.02,27.02,26.74,27.02,937997
2023-11-14 07:00:00,27.02,27.02,26.88,27.02,705927
2023-11-15 07:00:00,27.09,27.16,26.81,26.95,1835000
2023-11-16 07:00:00,27.02,27.02,26.67,26.88,1342726
2023-11-17 07:00:00,28.02,29.75,26.6,26.91,1131547
2023-11-20 07:00:00,26.99,26.99,26.2,26.6,717125
2023-11-21 07:00:00,26.44,26.52,26.2,26.52,577627
2023-11-22 07:00:00,26.44,26.44,26.12,26.28,325926
2023-11-23 07:00:00,26.36,26.44,25.81,25.96,503300
2023-11-24 07:00:00,26.04,26.04,25.33,25.73,658926
2023-11-27 07:00:00,25.73,25.73,25.33,25.33,326465
2023-11-28 07:00:00,25.33,25.73,25.33,25.65,347795
2023-11-29 07:00:00,25.73,26.12,25.65,25.96,401835
2023-11-30 07:00:00,26.12,26.44,25.96,26.12,408084
2023-12-01 07:00:00,26.2,26.2,25.81,25.96,197186
2023-12-04 07:00:00,26.04,26.04,25.81,26.04,376276
2023-12-05 07:00:00,26.12,26.12,25.81,25.81,165349
2023-12-06 07:00:00,25.96,25.96,25.81,25.96,248116
2023-12-07 07:00:00,25.96,25.96,25.65,25.89,323585
2023-12-08 07:00:00,25.89,26.12,25.81,26.04,667911
2023-12-11 07:00:00,26.04,26.04,25.81,25.89,250934
2023-12-12 07:00:00,25.89,26.04,25.81,25.89,135302
2023-12-13 07:00:00,25.96,26.04,25.89,25.96,258479
2023-12-14 07:00:00,25.96,26.04,25.89,25.96,349469
2023-12-15 07:00:00,25.96,26.04,25.89,26.04,268462
2023-12-18 07:00:00,26.04,26.36,26.04,26.28,305099
2023-12-19 07:00:00,26.28,26.44,26.12,26.36,392561
2023-12-20 07:00:00,26.36,26.67,26.36,26.67,551612
2023-12-21 07:00:00,26.67,26.91,26.44,26.91,647822
2023-12-22 07:00:00,26.83,27.07,26.83,26.91,524453
2023-12-25 07:00:00,26.91,26.91,26.6,26.91,395743
2023-12-26 07:00:00,26.83,26.99,26.75,26.91,203452
2023-12-27 07:00:00,26.75,26.99,26.75,26.91,338856
2023-12-28 07:00:00,26.83,26.99,26.83,26.91,257498
2023-12-29 07:00:00,26.99,27.23,26.75,27.15,603300
2024-01-02 07:00:00,26.99,27.15,26.75,26.83,263833
2024-01-03 07:00:00,26.99,26.99,26.67,26.91,202981
2024-01-04 07:00:00,26.83,27.07,26.83,27.07,483803
2024-01-05 07:00:00,27.07,27.23,26.83,27.15,408368
2024-01-08 07:00:00,27.15,27.38,27.07,27.31,472091
2024-01-09 07:00:00,27.31,28.1,27.31,27.86,730044
2024-01-10 07:00:00,27.86,28.02,27.46,27.78,399307
2024-01-11 07:00:00,27.86,27.94,27.62,27.94,538627
2024-01-12 07:00:00,27.86,28.25,27.78,28.25,1214608
2024-01-15 07:00:00,28.1,28.65,28.1,28.49,537537
2024-01-16 07:00:00,28.49,28.57,28.17,28.49,583742
2024-01-17 07:00:00,28.49,28.49,28.41,28.49,473008
2024-01-18 07:00:00,28.41,28.49,28.17,28.41,733526
2024-01-19 07:00:00,28.41,28.49,28.17,28.41,333158
2024-01-22 07:00:00,28.41,28.49,28.33,28.41,217757
2024-01-23 07:00:00,28.41,28.49,28.25,28.41,177215
2024-01-24 07:00:00,28.41,28.49,28.33,28.41,171835
2024-01-25 07:00:00,28.41,28.49,28.33,28.49,218232
2024-01-26 07:00:00,28.41,28.65,28.41,28.65,217807
2024-01-29 07:00:00,28.65,29.04,28.65,29.04,363535
2024-01-30 07:00:00,28.88,29.12,28.88,29.12,128225
2024-01-31 07:00:00,29.04,29.12,28.81,28.96,326888
2024-02-01 07:00:00,28.88,29.12,28.73,29.12,291300
2024-02-02 07:00:00,28.96,29.2,28.88,29.04,95341
2024-02-05 07:00:00,28.96,28.96,28.65,28.88,439313
2024-02-06 07:00:00,28.81,29.12,28.73,29.12,683242
2024-02-07 07:00:00,29.12,29.44,29.12,29.44,242979
2024-02-15 07:00:00,29.2,29.59,29.2,29.36,260495
2024-02-16 07:00:00,29.44,29.44,29.28,29.44,257699
2024-02-19 07:00:00,29.44,29.44,29.04,29.2,600405
2024-02-20 07:00:00,29.2,29.2,28.96,28.96,537712
2024-02-21 07:00:00,28.96,29.12,28.88,28.88,422175
2024-02-22 07:00:00,28.73,29.04,28.73,28.81,365337
2024-02-23 07:00:00,28.81,28.96,28.65,28.81,397174
2024-02-26 07:00:00,28.57,28.88,28.57,28.88,228123
2024-02-27 07:00:00,28.41,28.96,28.41,28.81,206893
2024-02-28 07:00:00,28.73,28.88,28.57,28.88,404657
2024-02-29 07:00:00,28.73,28.88,28.65,28.81,131206
2024-03-01 07:00:00,28.73,28.88,28.57,28.57,251392
2024-03-04 07:00:00,28.41,28.73,28.41,28.65,204197
2024-03-05 07:00:00,27.62,29.12,27.62,28.96,287987
2024-03-06 07:00:00,28.65,29.12,28.65,28.88,229702
2024-03-07 07:00:00,28.02,28.88,28.02,28.88,214929
2024-03-08 07:00:00,28.81,28.88,28.41,28.57,607216
2024-03-11 07:00:00,27.62,28.57,27.62,28.49,767449
2024-03-12 07:00:00,28.41,28.49,28.33,28.41,568961
2024-03-13 07:00:00,28.02,28.57,28.02,28.49,439029
2024-03-14 07:00:00,28.41,29.83,28.41,28.73,96945
2024-03-15 07:00:00,28.57,28.57,28.41,28.57,1317559
2024-03-18 07:00:00,28.57,28.73,28.33,28.57,441853
2024-03-19 07:00:00,27.7,28.65,27.7,28.65,71567
2024-03-20 07:00:00,28.57,28.65,28.49,28.65,126620
2024-03-21 07:00:00,28.65,28.73,28.49,28.73,335511
2024-03-22 07:00:00,29.04,29.04,28.57,28.65,268196
2024-03-25 07:00:00,27.86,28.81,27.86,28.73,295387
2024-03-26 07:00:00,28.81,29.83,28.65,29.75,789204
2024-03-27 07:00:00,29.2,29.75,29.2,29.75,257264
2024-03-28 07:00:00,29.67,29.91,29.44,29.83,279882
2024-03-29 07:00:00,29.75,29.83,29.36,29.75,164253
2024-04-01 07:00:00,29.2,29.75,29.2,29.59,196459
2024-04-02 07:00:00,29.52,29.59,29.2,29.28,317771
2024-04-03 07:00:00,29.44,29.44,29.12,29.12,221483
2024-04-04 07:00:00,29.12,29.28,28.96,29.12,270184
2024-04-05 07:00:00,29.12,29.12,28.81,29.12,518782
2024-04-08 07:00:00,28.96,29.12,28.81,29.12,306338
2024-04-09 07:00:00,29.2,29.28,28.88,29.12,137250
2024-04-10 07:00:00,29.2,29.28,29.12,29.2,94218
2024-04-11 07:00:00,29.04,29.12,28.96,28.96,111114
2024-04-12 07:00:00,28.96,29.12,28.88,28.96,161855
2024-04-15 07:00:00,28.96,29.12,28.57,28.57,268656
2024-04-16 07:00:00,28.73,28.73,28.25,28.49,414668
2024-04-17 07:00:00,28.49,28.65,28.41,28.49,305300
2024-04-19 07:00:00,28.49,28.49,28.17,28.25,432705
2024-04-22 07:00:00,28.25,28.41,28.02,28.33,653615
2024-04-23 07:00:00,28.17,28.17,27.62,27.86,571384
2024-04-24 07:00:00,28.02,28.1,27.78,28.1,465214
2024-04-25 07:00:00,28.1,28.1,27.78,27.86,238029
2024-04-26 07:00:00,27.94,28.1,27.78,28.1,174633
2024-05-02 07:00:00,28.1,29.04,28.02,28.88,439944
2024-05-03 07:00:00,28.88,29.12,28.81,29.04,243198
2024-05-06 07:00:00,29.04,29.36,29.04,29.12,181665
2024-05-07 07:00:00,29.2,29.2,28.96,29.12,163978
2024-05-08 07:00:00,29.12,29.2,28.81,28.96,171014
2024-05-09 07:00:00,28.96,28.96,28.57,28.81,549520
2024-05-10 07:00:00,28.81,28.96,28.81,28.81,199422
2024-05-13 07:00:00,28.81,31.17,28.81,29.83,2630393
2024-05-14 07:00:00,29.83,30.07,29.28,29.44,755663
2024-05-15 07:00:00,29.59,29.59,29.12,29.2,1413917
2024-05-16 07:00:00,29.36,29.75,29.28,29.75,751116
2024-05-17 07:00:00,29.59,29.75,29.12,29.44,1347182
2024-05-20 07:00:00,29.28,30.54,29.28,30.38,4187355
2024-05-21 07:00:00,30.38,32.12,30.15,31.17,11781775
2024-05-22 07:00:00,31.25,32.83,31.17,31.57,3261381
2024-05-23 07:00:00,31.57,33.86,31.41,33.22,3194224
2024-05-24 07:00:00,33.15,35.04,32.91,33.54,3530595
2024-05-27 07:00:00,33.93,36.7,33.93,36.07,3429812
2024-05-28 07:00:00,36.07,36.85,34.96,35.67,3176374
2024-05-29 07:00:00,35.67,36.07,34.41,34.65,3503528
2024-05-30 07:00:00,34.72,35.67,33.54,35.28,4318832
2024-05-31 07:00:00,35.2,35.75,34.65,34.72,2206228
2024-06-03 07:00:00,34.49,35.83,34.49,35.12,1808188
2024-06-04 07:00:00,35.36,36.46,34.57,34.8,3912083
2024-06-05 07:00:00,35.12,36.46,34.72,36.07,4833071
2024-06-06 07:00:00,36.3,38.99,36.07,38.51,4407205
2024-06-07 07:00:00,37.88,39.06,37.64,38.04,2610222
2024-06-10 07:00:00,38.04,38.28,36.85,37.17,3627893
2024-06-11 07:00:00,37.25,38.12,36.85,37.49,1873974
2024-06-12 07:00:00,36.7,36.7,35.2,36.46,7462460
2024-06-13 07:00:00,36.3,36.7,35.36,36.38,3374946
2024-06-14 07:00:00,36.38,38.28,36.3,37.17,4128852
2024-06-17 07:00:00,37.41,37.96,36.93,37.33,1956026
2024-06-18 07:00:00,37.33,38.28,37.25,37.88,2259112
2024-06-19 07:00:00,37.88,38.04,37.09,37.33,1508004
2024-06-20 07:00:00,36.07,37.8,36.07,37.01,1976230
2024-06-21 07:00:00,37.09,40.17,37.09,38.83,4495706
2024-06-24 07:00:00,38.83,39.38,36.78,37.01,3929901
2024-06-25 07:00:00,37.01,37.17,35.67,36.22,3111043
2024-06-26 07:00:00,36.22,37.01,35.99,36.78,1510364
2024-06-27 07:00:00,36.85,36.85,35.51,35.83,1667582
2024-06-28 07:00:00,36.22,36.3,34.41,34.96,3890113
2024-07-01 07:00:00,35.12,35.2,33.86,34.25,1669882
2024-07-02 07:00:00,34.41,35.51,34.33,35.12,1164704
2024-07-03 07:00:00,35.28,35.59,34.96,35.2,1235606
2024-07-04 07:00:00,35.51,35.51,34.8,35.36,1117543
2024-07-05 07:00:00,35.36,36.14,35.36,35.75,1193243
2024-07-08 07:00:00,35.83,36.14,35.2,35.43,1121331
2024-07-09 07:00:00,35.51,37.33,35.43,36.7,2474958
2024-07-10 07:00:00,36.7,37.09,36.14,36.22,2172601
2024-07-11 07:00:00,36.62,37.64,36.3,36.7,1820750
2024-07-12 07:00:00,36.93,37.01,36.07,36.3,1498287
2024-07-15 07:00:00,36.22,36.93,36.22,36.93,1335171
2024-07-16 07:00:00,37.09,37.49,36.46,36.7,1612228
2024-07-17 07:00:00,36.7,36.93,33.93,34.88,3110848
2024-07-18 07:00:00,35.51,35.51,34.41,35.12,1236175
2024-07-19 07:00:00,34.96,35.36,34.41,34.57,1054354
2024-07-22 07:00:00,34.57,34.72,33.07,33.3,2360770
2024-07-23 07:00:00,33.62,33.7,32.28,32.75,1698559
2024-07-24 07:00:00,32.75,32.99,31.65,32.99,1721181
2024-07-25 07:00:00,32.99,33.15,32.51,33.15,423716
2024-07-26 07:00:00,33.38,33.86,33.07,33.86,631173
2024-07-29 07:00:00,33.93,34.01,33.7,33.7,534561
2024-07-30 07:00:00,33.78,33.86,33.07,33.7,740459
2024-07-31 07:00:00,33.7,34.01,33.07,33.78,745379
2024-08-01 07:00:00,33.78,33.78,32.36,32.44,1431612
2024-08-02 07:00:00,32.44,33.07,32.04,32.99,1197505
2024-08-05 07:00:00,32.75,32.75,31.57,31.73,1653735
2024-08-06 07:00:00,32.12,32.59,31.8,32.44,1091841
2024-08-07 07:00:00,32.44,33.15,32.2,32.99,757924
2024-08-08 07:00:00,32.99,32.99,32.44,32.75,702285
2024-08-09 07:00:00,32.83,33.07,32.67,33.07,688559
2024-08-12 07:00:00,32.83,33.78,32.83,33.62,872655
2024-08-13 07:00:00,33.62,33.7,33.3,33.46,468274
2024-08-14 07:00:00,33.46,33.7,33.3,33.38,330819
2024-08-15 07:00:00,33.7,34.49,32.83,32.91,916802
2024-08-16 07:00:00,33.22,34.01,32.99,33.93,1077208
2024-08-19 07:00:00,33.93,35.28,33.93,35.28,2280494
2024-08-20 07:00:00,35.28,35.36,34.72,35.04,681188
2024-08-21 07:00:00,35.12,35.43,34.96,35.12,868195
2024-08-22 07:00:00,35.12,35.83,34.8,35.59,1407736
2024-08-23 07:00:00,35.59,35.75,35.04,35.28,469507
2024-08-26 07:00:00,35.12,35.59,34.65,34.8,691243
2024-08-27 07:00:00,34.88,34.96,34.49,34.88,758355
2024-08-28 07:00:00,34.96,35.04,34.49,34.65,407784
2024-08-29 07:00:00,34.65,34.8,34.41,34.72,418985
2024-08-30 07:00:00,34.57,34.88,34.57,34.72,281537
2024-09-04 07:00:00,34.72,34.72,33.93,34.57,723856
2024-09-05 07:00:00,34.72,35.36,34.57,34.8,690390
2024-09-06 07:00:00,34.96,34.96,34.41,34.65,450902
2024-09-09 07:00:00,34.72,35.51,34.49,34.72,497233
2024-09-10 07:00:00,34.88,34.96,34.57,34.57,1415066
2024-09-11 07:00:00,34.8,34.8,34.01,34.41,695093
2024-09-12 07:00:00,34.41,34.65,34.09,34.57,432300
2024-09-13 07:00:00,34.49,34.65,34.25,34.25,138033
2024-09-16 07:00:00,34.25,34.57,34.01,34.09,598251
2024-09-17 07:00:00,34.17,34.49,34.01,34.49,294466
2024-09-18 07:00:00,34.49,35.2,34.25,34.96,1083917
2024-09-19 07:00:00,34.8,35.12,34.72,34.96,416159
2024-09-20 07:00:00,35.12,35.2,34.72,34.88,585401
2024-09-23 07:00:00,34.96,35.04,34.49,34.72,418463
2024-09-24 07:00:00,34.8,34.88,34.57,34.88,401800
2024-09-25 07:00:00,34.96,35.2,34.65,34.88,430746
2024-09-26 07:00:00,34.72,35.75,34.72,35.28,1133074
2024-09-27 07:00:00,35.28,35.36,34.8,34.88,529739
2024-09-30 07:00:00,35.04,35.36,34.72,35.36,518287
2024-10-01 07:00:00,35.2,35.36,34.8,34.96,705772
2024-10-02 07:00:00,35.12,35.12,34.65,34.65,571968
2024-10-03 07:00:00,34.57,34.8,34.17,34.41,1041959
2024-10-04 07:00:00,34.49,34.57,34.09,34.17,521581
2024-10-07 07:00:00,34.17,34.57,34.17,34.41,278541
2024-10-08 07:00:00,34.41,34.49,34.25,34.49,373587
2024-10-09 07:00:00,34.49,34.65,34.33,34.57,383374
2024-10-10 07:00:00,34.57,34.88,34.57,34.65,268424
2024-10-11 07:00:00,34.65,34.72,34.41,34.57,311344
2024-10-14 07:00:00,35.04,35.04,34.57,34.57,185315
2024-10-15 07:00:00,34.57,34.72,34.49,34.49,352296
2024-10-16 07:00:00,34.49,34.57,34.41,34.49,399595
2024-10-17 07:00:00,34.49,34.72,34.41,34.57,285911
2024-10-18 07:00:00,34.57,35.04,34.57,34.72,408302
2024-10-21 07:00:00,34.88,35.75,34.72,34.8,353769
2024-10-22 07:00:00,34.8,34.8,34.33,34.49,537831
2024-10-23 07:00:00,34.49,34.57,34.33,34.49,188587
2024-10-24 07:00:00,34.49,34.65,34.41,34.41,336050
2024-10-25 07:00:00,34.57,34.72,34.49,34.65,237468
2024-10-28 07:00:00,34.57,34.72,34.49,34.72,311567
2024-10-29 07:00:00,34.8,34.88,34.65,34.8,310653
2024-10-30 07:00:00,34.8,36.14,34.72,35.83,2020962
2024-10-31 07:00:00,35.83,35.83,35.43,35.75,344270
2024-11-01 07:00:00,35.75,35.83,35.12,35.36,768674
2024-11-04 07:00:00,35.36,35.43,34.96,35.28,536743
2024-11-05 07:00:00,35.2,35.91,35.2,35.75,868904
2024-11-06 07:00:00,36.14,36.93,35.99,36.38,2224268
2024-11-07 07:00:00,37.01,37.01,35.99,35.99,953544
2024-11-08 07:00:00,36.22,36.22,35.83,35.99,719052
2024-11-11 07:00:00,36.07,36.38,35.91,36.07,1022560
2024-11-12 07:00:00,36.22,36.3,35.91,36.07,899878
2024-11-13 07:00:00,36.14,36.14,35.75,35.83,752714
2024-11-14 07:00:00,35.91,36.62,35.75,35.83,1456244
2024-11-15 07:00:00,35.83,36.14,35.36,35.43,1443054
2024-11-18 07:00:00,35.59,35.91,35.28,35.43,1383911
2024-11-19 07:00:00,39.13,39.13,33.54,33.63,1683575
2024-11-20 07:00:00,34.25,34.25,32.92,33.89,985994
2024-11-21 07:00:00,33.89,34.34,33.54,34.34,473279
2024-11-22 07:00:00,34.43,34.43,33.89,34.16,481509
2024-11-25 07:00:00,34.16,34.25,33.54,33.98,748115
2024-11-26 07:00:00,33.98,33.98,33.63,33.89,415891
2024-11-27 07:00:00,33.89,33.89,33.36,33.54,611267
2024-11-28 07:00:00,33.72,33.89,33.54,33.81,388069
2024-11-29 07:00:00,33.81,34.16,33.81,33.98,239055
2024-12-02 07:00:00,33.98,34.16,33.89,34.07,236988
2024-12-03 07:00:00,34.07,34.16,33.89,33.98,473212
2024-12-04 07:00:00,33.98,33.98,33.72,33.72,314776
2024-12-05 07:00:00,33.89,34.16,33.72,34.16,477149
2024-12-06 07:00:00,34.16,34.16,33.89,33.98,224997
2024-12-09 07:00:00,33.98,34.34,33.72,34.34,509974
2024-12-10 07:00:00,34.25,34.52,34.16,34.16,232591
2024-12-11 07:00:00,34.25,34.34,33.89,33.98,332052
2024-12-12 07:00:00,34.07,34.16,33.98,33.98,243481
2024-12-13 07:00:00,33.98,34.16,33.89,34.16,399725
2024-12-16 07:00:00,34.16,34.34,33.89,34.16,431601
2024-12-17 07:00:00,34.16,34.25,33.89,33.98,229093
2024-12-18 07:00:00,34.16,34.96,33.98,34.87,1258955
2024-12-19 07:00:00,34.6,34.78,34.25,34.78,663646
2024-12-20 07:00:00,34.78,35.4,34.78,35.14,396658
2024-12-23 07:00:00,35.14,35.31,34.87,34.96,286181
2024-12-24 07:00:00,35.05,35.31,34.69,35.05,786485
2024-12-25 07:00:00,35.14,35.31,34.96,35.05,331380
2024-12-26 07:00:00,35.14,35.23,34.87,35.05,233622
2024-12-27 07:00:00,35.05,36.11,34.96,35.49,725749
2024-12-30 07:00:00,35.76,35.76,35.14,35.23,267145
2024-12-31 07:00:00,35.23,35.49,34.6,35.31,525096
2025-01-02 07:00:00,35.31,35.31,34.96,35.14,189847
2025-01-03 07:00:00,35.14,39.84,35.14,35.58,837603
2025-01-06 07:00:00,35.58,35.67,35.14,35.31,362332
2025-01-07 07:00:00,35.49,35.49,35.14,35.31,370844
2025-01-08 07:00:00,35.31,35.31,34.78,35.05,229619
2025-01-09 07:00:00,35.14,35.23,34.78,34.78,286484
2025-01-10 07:00:00,35.05,35.05,34.34,34.52,392600
2025-01-13 07:00:00,34.52,34.6,34.16,34.6,254488
2025-01-14 07:00:00,34.43,34.6,34.34,34.43,273285
2025-01-15 07:00:00,34.43,34.78,34.43,34.78,277605
2025-01-16 07:00:00,34.6,35.05,34.43,34.69,296510
2025-01-17 07:00:00,34.6,35.05,34.16,34.87,168742
2025-01-20 07:00:00,34.87,34.87,34.6,34.6,213770
2025-01-21 07:00:00,34.69,34.87,34.52,34.6,251592
2025-01-22 07:00:00,34.6,34.78,34.52,34.6,212043
2025-01-23 07:00:00,34.78,34.78,34.52,34.78,318182
2025-01-24 07:00:00,34.6,35.23,34.6,35.23,263944
2025-02-03 07:00:00,35.23,35.94,34.87,35.23,565779
2025-02-04 07:00:00,35.49,35.49,35.31,35.4,402712
2025-02-05 07:00:00,35.4,35.94,35.4,35.85,458039
2025-02-06 07:00:00,35.85,36.11,35.76,36.11,551900
2025-02-07 07:00:00,36.11,36.29,35.76,35.76,291028
2025-02-10 07:00:00,35.94,35.94,35.31,35.4,538121
2025-02-11 07:00:00,35.4,35.49,35.05,35.31,324347
2025-02-12 07:00:00,35.58,35.67,35.31,35.4,177453
2025-02-13 07:00:00,35.58,35.67,35.31,35.67,246854
2025-02-14 07:00:00,35.67,37.53,35.67,36.91,2022651
2025-02-17 07:00:00,37.27,37.44,36.73,36.82,376298
2025-02-18 07:00:00,36.82,37.0,36.29,36.73,474315
2025-02-19 07:00:00,36.73,36.73,35.85,36.2,926982
2025-02-20 07:00:00,36.2,36.38,36.02,36.2,503964
2025-02-21 07:00:00,36.2,37.0,36.11,36.38,560977
2025-02-24 07:00:00,36.38,36.47,36.11,36.47,489573
2025-02-25 07:00:00,36.38,36.56,35.94,36.11,794041
2025-02-26 07:00:00,36.2,36.2,35.94,36.02,470971
2025-02-27 07:00:00,36.02,36.11,35.4,35.76,760541
2025-02-28 07:00:00,36.29,36.38,35.58,35.76,498874
2025-03-03 07:00:00,35.76,35.85,35.67,35.85,453110
2025-03-04 07:00:00,35.85,35.85,35.49,35.76,513319
2025-03-05 07:00:00,35.67,35.76,35.58,35.67,329950
2025-03-06 07:00:00,35.67,36.11,35.67,35.94,348039
2025-03-07 07:00:00,35.94,36.02,35.67,35.85,419804
2025-03-10 07:00:00,35.85,36.02,35.76,35.85,467653
2025-03-11 07:00:00,35.85,35.85,35.49,35.67,393137
2025-03-12 07:00:00,35.76,35.76,35.49,35.58,398383
2025-03-13 07:00:00,35.58,35.85,35.49,35.58,598098
2025-03-14 07:00:00,35.58,35.67,35.14,35.23,1316830
2025-03-17 07:00:00,35.49,35.67,35.31,35.49,229118
2025-03-18 07:00:00,35.49,35.67,35.05,35.23,493204
2025-03-19 07:00:00,35.23,35.31,34.96,35.05,390825
2025-03-20 07:00:00,35.14,35.23,34.96,34.96,402035
2025-03-21 07:00:00,35.05,35.05,34.6,34.78,1056349
2025-03-24 07:00:00,34.78,34.87,34.43,34.43,697859
2025-03-25 07:00:00,34.6,35.23,34.6,35.05,335678
2025-03-26 07:00:00,35.05,35.23,34.96,35.05,228033
2025-03-27 07:00:00,35.14,35.14,34.78,34.96,205888
2025-03-28 07:00:00,34.96,35.05,34.69,34.87,296191
2025-03-31 07:00:00,34.87,35.76,34.6,35.76,442268
2025-04-01 07:00:00,35.49,35.49,35.05,35.23,254376
2025-04-02 07:00:00,35.23,35.31,35.05,35.14,141692
2025-04-03 07:00:00,35.05,35.05,32.03,32.21,3205435
2025-04-04 07:00:00,32.12,33.72,31.5,33.27,1686827
2025-04-08 07:00:00,32.74,33.27,31.59,31.68,1759454
2025-04-09 07:00:00,31.68,32.74,31.06,31.5,1419176
2025-04-10 07:00:00,34.6,36.73,33.72,36.11,3333665
2025-04-11 07:00:00,36.11,36.11,34.52,34.78,965320
2025-04-14 07:00:00,34.87,35.05,34.25,34.52,810679
2025-04-15 07:00:00,34.52,34.6,33.98,34.07,617592
2025-04-16 07:00:00,33.89,34.16,33.72,33.72,555187
2025-04-17 07:00:00,33.72,34.07,33.72,34.07,331418
2025-04-18 07:00:00,34.07,34.52,34.07,34.16,326335
2025-04-21 07:00:00,34.16,34.34,33.98,34.07,231560
2025-04-22 07:00:00,34.07,34.07,33.18,33.89,1049829
2025-04-23 07:00:00,34.07,34.16,33.81,33.98,310323
2025-04-24 07:00:00,34.07,34.43,34.07,34.34,340226
2025-04-25 07:00:00,34.25,34.43,33.98,34.25,341613
2025-04-28 07:00:00,34.34,34.69,33.98,34.07,520216
2025-04-29 07:00:00,34.34,34.52,33.89,34.52,636491
2025-05-05 07:00:00,34.52,34.52,33.98,34.16,278700
2025-05-06 07:00:00,34.16,34.34,33.72,33.89,738300
2025-05-07 07:00:00,33.89,34.16,33.72,33.89,551900
2025-05-08 07:00:00,33.89,34.16,33.72,34.07,643300
2025-05-09 07:00:00,34.07,34.16,33.72,34.07,404500
2025-05-12 07:00:00,34.07,34.25,33.89,34.16,352000
2025-05-13 07:00:00,34.16,34.69,34.16,34.52,430300
2025-05-14 07:00:00,34.6,34.96,34.34,34.43,462100
2025-05-15 07:00:00,34.87,34.87,34.25,34.43,511000
2025-05-16 07:00:00,34.34,34.52,34.34,34.43,343100
2025-05-19 07:00:00,34.43,34.52,34.25,34.34,237100
2025-05-20 07:00:00,34.43,34.52,34.25,34.34,482000
2025-05-21 07:00:00,34.34,34.34,34.16,34.34,300000
2025-05-22 07:00:00,34.25,34.34,34.16,34.25,322500
2025-05-23 07:00:00,34.25,35.14,34.25,34.78,477400
2025-05-26 07:00:00,34.6,34.78,34.34,34.78,256600
2025-05-27 07:00:00,34.78,35.05,34.69,34.78,210700
2025-05-28 07:00:00,34.78,34.96,34.6,34.78,552600
2025-05-29 07:00:00,34.6,34.87,34.6,34.78,154600
2025-05-30 07:00:00,34.87,34.87,34.69,34.78,429800
2025-06-02 07:00:00,34.96,35.85,34.87,35.76,979800
2025-06-03 07:00:00,35.76,35.94,35.49,35.67,531300
2025-06-04 07:00:00,34.87,36.56,30.26,35.58,415400
2025-06-05 07:00:00,35.85,35.94,35.31,35.85,658800
2025-06-06 07:00:00,35.58,35.76,34.87,35.14,348600
2025-06-09 07:00:00,35.05,35.23,34.69,34.87,341100
2025-06-10 07:00:00,34.96,35.05,34.6,34.96,397300
2025-06-11 07:00:00,34.78,35.23,34.69,35.23,253000
2025-06-12 07:00:00,34.96,35.23,34.96,35.14,110600
2025-06-13 07:00:00,34.6,35.05,34.6,34.87,346900
2025-06-16 07:00:00,34.87,34.87,34.69,34.78,420900
2025-06-17 07:00:00,34.78,35.05,34.69,34.87,382800
2025-06-18 07:00:00,34.78,35.05,33.72,34.78,416400
2025-06-19 07:00:00,34.78,34.96,34.69,34.78,244200
2025-06-20 07:00:00,34.78,34.87,34.6,34.69,361800
2025-06-23 07:00:00,34.78,34.78,34.52,34.78,739600
2025-06-24 07:00:00,34.78,34.87,34.6,34.69,274400
2025-06-25 07:00:00,34.69,34.78,34.69,34.78,134200
2025-06-26 07:00:00,34.87,34.96,34.78,34.87,235900
2025-06-27 07:00:00,34.96,34.96,34.78,34.87,223900
2025-06-30 07:00:00,34.78,34.87,34.6,34.87,389200
2025-07-01 07:00:00,34.87,34.87,34.69,34.78,225200
2025-07-02 07:00:00,34.87,34.96,34.69,34.87,351400
2025-07-03 07:00:00,34.87,36.29,34.87,35.31,1302800
2025-07-04 07:00:00,35.49,35.58,35.23,35.49,215700
2025-07-07 07:00:00,35.58,35.67,35.05,35.23,528700
2025-07-08 07:00:00,35.31,35.31,35.05,35.14,768000
2025-07-09 07:00:00,35.14,35.49,35.05,35.23,825000
2025-07-10 07:00:00,35.23,35.23,35.05,35.14,506600
2025-07-11 07:00:00,35.14,35.23,34.96,35.14,325900
2025-07-14 07:00:00,35.05,35.05,34.16,34.34,2766300
2025-07-15 07:00:00,34.34,34.69,33.81,33.98,2127700
2025-07-16 07:00:00,34.07,34.34,33.98,34.07,1291600
2025-07-17 07:00:00,34.07,34.25,33.89,33.98,769500
2025-07-18 07:00:00,33.98,34.07,33.63,33.72,1383800
2025-07-21 07:00:00,33.72,33.98,33.72,33.72,864900
2025-07-22 07:00:00,33.98,33.98,33.63,33.72,906300
2025-07-23 07:00:00,33.72,33.89,33.63,33.72,751200
2025-07-24 07:00:00,33.72,33.89,33.63,33.81,764100
2025-07-25 07:00:00,33.81,33.89,33.72,33.81,674300
2025-07-28 07:00:00,33.81,34.16,33.81,34.16,844000
2025-07-29 07:00:00,34.25,34.34,33.81,33.89,923000
2025-07-30 07:00:00,34.07,34.07,33.72,33.98,582500
2025-07-31 07:00:00,33.98,34.16,33.81,33.98,574100
2025-08-01 07:00:00,33.98,34.16,33.98,34.16,530800
2025-08-04 07:00:00,34.16,34.43,33.98,34.25,706600
2025-08-05 07:00:00,34.34,34.69,34.25,34.52,1138700
2025-08-06 07:00:00,34.52,34.69,34.43,34.6,477300
2025-08-07 07:00:00,34.6,34.69,34.34,34.6,526100
2025-08-08 07:00:00,34.6,34.96,34.43,34.78,551900
2025-08-11 07:00:00,34.78,35.49,34.6,34.78,1051000
2025-08-12 07:00:00,34.96,35.05,34.52,34.87,765200
2025-08-13 07:00:00,34.69,35.05,34.6,34.87,537200
2025-08-14 07:00:00,34.87,34.96,34.6,34.69,617400
2025-08-15 07:00:00,34.69,34.78,34.25,34.34,859200
2025-08-18 07:00:00,34.34,34.43,34.16,34.43,445100
2025-08-19 07:00:00,34.43,34.52,34.25,34.52,1030800
2025-08-20 07:00:00,34.52,34.52,34.16,34.25,939300
2025-08-21 07:00:00,34.16,34.34,34.07,34.25,490500
2025-08-22 07:00:00,34.25,34.34,34.07,34.07,650700
2025-08-25 07:00:00,34.16,34.43,34.16,34.34,505400
2025-08-26 07:00:00,34.25,34.6,34.25,34.6,571800
2025-08-27 07:00:00,34.52,34.87,34.43,34.78,806900
2025-08-28 07:00:00,34.78,35.23,34.69,34.96,605500
2025-08-29 07:00:00,34.96,34.96,34.6,34.87,492700
2025-09-03 07:00:00,34.87,34.87,34.6,34.78,515900
2025-09-04 07:00:00,34.78,34.87,34.69,34.69,715600
2025-09-05 07:00:00,34.78,35.05,34.69,34.78,1477300
2025-09-08 07:00:00,34.87,35.14,34.78,34.87,1107000
2025-09-09 07:00:00,34.96,35.05,34.69,34.87,478600
2025-09-10 07:00:00,35.05,35.31,34.43,34.87,498200
2025-09-11 07:00:00,34.87,34.96,34.69,34.87,696500
2025-09-12 07:00:00,34.96,36.02,34.87,35.58,1649500
2025-09-15 07:00:00,35.67,35.76,35.31,35.49,384100
2025-09-16 07:00:00,35.49,35.67,35.14,35.31,473500
2025-09-17 07:00:00,35.4,35.4,35.05,35.05,558400
2025-09-18 07:00:00,35.14,35.23,34.96,35.23,391900
2025-09-19 07:00:00,35.23,35.31,34.96,34.96,494600
2025-09-22 07:00:00,35.14,35.14,34.52,34.78,558100
2025-09-23 07:00:00,34.78,34.96,34.6,34.69,686700
2025-09-24 07:00:00,34.78,34.96,34.69,34.87,300400
2025-09-25 07:00:00,34.96,35.14,34.87,35.14,358900
2025-09-26 07:00:00,35.14,35.14,34.87,34.96,266700
2025-09-29 07:00:00,35.05,35.14,34.87,34.96,351800
2025-09-30 07:00:00,34.96,35.05,34.69,34.87,536000
2025-10-01 07:00:00,34.78,35.05,34.78,35.05,218400
2025-10-02 07:00:00,34.96,35.14,34.78,34.87,298400
2025-10-03 07:00:00,34.96,35.05,34.78,34.96,288800
2025-10-06 07:00:00,34.96,35.4,34.87,35.31,505400
2025-10-07 07:00:00,35.31,35.49,35.14,35.31,213000
2025-10-08 07:00:00,35.31,35.49,35.23,35.49,255000
2025-10-09 07:00:00,35.4,35.58,35.4,35.58,284900
2025-10-10 07:00:00,35.49,35.58,35.4,35.58,369300
2025-10-13 07:00:00,35.58,35.58,35.05,35.14,334200
2025-10-14 07:00:00,35.14,35.31,35.05,35.23,373500
2025-10-15 07:00:00,35.14,35.23,35.14,35.23,286900
2025-10-16 07:00:00,35.14,35.49,35.05,35.31,416400
2025-10-17 07:00:00,35.49,35.49,35.14,35.31,369100
2025-10-20 07:00:00,35.31,35.31,34.52,34.6,762400
2025-10-21 07:00:00,34.96,34.96,34.52,34.78,595200
2025-10-22 07:00:00,34.78,34.96,34.6,34.87,206200
2025-10-23 07:00:00,34.87,35.14,34.87,35.05,353600
2025-10-24 07:00:00,35.05,35.14,34.87,35.14,185900
2025-10-27 07:00:00,35.14,35.14,34.96,35.05,317900
2025-10-28 07:00:00,35.05,35.14,34.96,35.05,398000
2025-10-29 07:00:00,35.05,35.67,33.1,35.58,668300
2025-10-30 07:00:00,35.67,37.27,35.58,36.47,1354000
2025-10-31 07:00:00,36.47,37.18,36.29,36.56,660500
2025-11-03 07:00:00,36.65,36.82,36.38,36.56,504400
2025-11-04 07:00:00,36.56,37.18,36.47,36.91,1294000
2025-11-05 07:00:00,36.82,37.71,36.82,37.09,1190700
2025-11-06 07:00:00,37.18,37.18,36.65,36.82,670600
2025-11-07 07:00:00,36.91,36.91,36.65,36.73,934600
2025-11-10 07:00:00,36.82,37.0,36.65,36.73,815100
2025-11-11 07:00:00,36.73,36.91,36.65,36.82,441100
2025-11-12 07:00:00,36.82,36.91,36.73,36.91,613300
2025-11-13 07:00:00,36.91,36.91,36.65,36.82,774800
2025-11-14 07:00:00,36.82,36.91,36.65,36.91,867400
2025-11-17 07:00:00,36.91,37.35,36.73,36.91,2051900
2025-11-18 07:00:00,37.1,39.2,36.5,36.8,1027600
2025-11-19 07:00:00,36.9,36.9,35.7,36.0,1148100
2025-11-20 07:00:00,36.0,36.0,35.5,35.7,622900
2025-11-21 07:00:00,35.7,35.7,35.3,35.6,310800
2025-11-24 07:00:00,35.6,35.7,35.4,35.6,237000
2025-11-25 07:00:00,35.7,35.8,35.2,35.4,348000
2025-11-26 07:00:00,35.3,35.6,35.2,35.3,313800
2025-11-27 07:00:00,35.3,35.4,35.1,35.2,265500
2025-11-28 07:00:00,35.2,35.5,35.1,35.4,242500
2025-12-01 07:00:00,35.4,35.4,35.1,35.2,161800
2025-12-02 07:00:00,35.2,35.2,34.9,35.0,324000
2025-12-03 07:00:00,35.0,35.2,34.9,35.0,348200
2025-12-04 07:00:00,35.0,35.1,34.9,35.0,216100
2025-12-05 07:00:00,35.0,35.0,34.8,34.9,335500
2025-12-08 07:00:00,34.8,34.9,34.6,34.7,300000
2025-12-09 07:00:00,34.8,34.8,34.2,34.2,532900
2025-12-10 07:00:00,34.3,34.3,34.1,34.2,213500
2025-12-11 07:00:00,34.3,34.3,34.1,34.2,237000
2025-12-12 07:00:00,34.2,34.3,33.9,34.0,288800
2025-12-15 07:00:00,34.0,34.1,33.8,33.9,270900
2025-12-16 07:00:00,34.0,34.0,33.8,33.9,318100
2025-12-17 07:00:00,34.0,34.2,33.9,34.1,242500
2025-12-18 07:00:00,34.1,34.3,34.1,34.3,187700
2025-12-19 07:00:00,34.4,34.4,33.9,34.0,416400
2025-12-22 07:00:00,34.1,34.1,33.8,33.9,569000
2025-12-23 07:00:00,34.0,34.1,33.9,33.9,203800
2025-12-24 07:00:00,34.1,34.1,33.7,33.8,247700
2025-12-25 07:00:00,33.8,33.8,33.6,33.7,268900
2025-12-26 07:00:00,33.7,33.7,33.5,33.6,243300
2025-12-29 07:00:00,33.5,33.7,33.5,33.6,240500
2025-12-30 07:00:00,33.7,38.6,33.5,33.8,323700
2025-12-31 07:00:00,33.0,34.2,29.3,34.2,172200
2026-01-05 07:00:00,34.0,34.2,33.7,33.8,151800
2026-01-06 07:00:00,33.8,34.0,33.5,33.7,459000
2026-01-07 07:00:00,33.8,34.2,33.7,34.2,408300
2026-01-08 07:00:00,34.2,35.0,34.2,34.8,672600
2026-01-09 07:00:00,34.9,35.1,34.5,34.5,410600
2026-01-12 07:00:00,34.5,35.9,34.5,35.6,1237600
2026-01-13 07:00:00,36.0,36.0,34.9,35.0,426200
2026-01-14 07:00:00,34.5,35.9,34.5,35.8,2108000
2026-01-15 07:00:00,36.0,40.5,35.8,40.5,10307600
2026-01-16 07:00:00,39.5,43.2,39.5,40.4,3287300
2026-01-19 07:00:00,40.2,41.1,38.6,38.8,3672700
2026-01-20 07:00:00,38.8,40.2,37.8,38.3,3496500
2026-01-21 07:00:00,38.1,38.7,36.5,37.4,2588000
2026-01-22 07:00:00,37.2,38.4,37.0,37.3,1174400
2026-01-23 07:00:00,37.3,37.7,35.6,35.7,1998500
2026-01-26 07:00:00,35.7,36.1,35.0,35.2,1882500
2026-01-27 07:00:00,35.4,36.2,35.1,35.8,765700
2026-01-28 07:00:00,35.8,36.3,35.5,35.9,972900
2026-01-29 07:00:00,36.0,36.1,35.5,35.8,628200
2026-01-30 07:00:00,35.8,36.1,35.5,35.8,950500
2026-02-02 07:00:00,35.8,36.3,35.3,35.9,879600
2026-02-03 07:00:00,35.9,37.4,35.8,36.9,1646100
2026-02-04 07:00:00,36.9,37.1,36.4,36.8,781000
2026-02-05 07:00:00,37.0,37.0,35.8,36.0,1101000
2026-02-06 07:00:00,36.0,36.2,35.1,35.5,1000800
2026-02-09 07:00:00,35.7,35.7,35.2,35.4,376500
2026-02-10 07:00:00,35.5,35.6,35.0,35.1,645100
2026-02-11 07:00:00,35.2,35.5,35.2,35.3,420300
2026-02-12 07:00:00,35.3,35.7,35.3,35.6,148800
2026-02-13 07:00:00,35.5,35.7,35.3,35.5,336000
2026-02-23 07:00:00,35.5,36.1,35.5,35.9,365100
2026-02-24 07:00:00,36.0,36.1,35.4,35.6,526900
2026-02-25 07:00:00,35.6,35.7,35.1,35.3,1322100
2026-02-26 07:00:00,35.3,35.5,35.1,35.4,360900
2026-02-27 07:00:00,35.5,35.5,35.1,35.3,505200
2026-03-02 07:00:00,35.2,35.2,34.3,34.8,1615100
2026-03-03 07:00:00,34.7,35.0,34.0,34.3,1209400
2026-03-04 07:00:00,34.3,34.3,33.6,34.1,1046100
2026-03-05 07:00:00,34.1,34.9,34.1,34.3,419200
2026-03-06 07:00:00,34.4,34.6,34.0,34.1,488300
2026-03-09 07:00:00,34.1,34.1,31.0,31.8,2421300
2026-03-10 07:00:00,32.3,33.9,31.8,33.5,857200
2026-03-11 07:00:00,33.7,34.0,33.5,34.0,450300
2026-03-12 07:00:00,33.9,33.9,33.4,33.7,354600
2026-03-13 07:00:00,33.8,34.4,33.5,34.0,414000
2026-03-16 07:00:00,34.0,34.4,33.8,33.9,228000
2026-03-17 07:00:00,33.9,34.2,33.8,34.1,258800
2026-03-18 07:00:00,34.1,34.2,34.0,34.0,286200
2026-03-19 07:00:00,34.4,34.8,33.4,33.6,599100
2026-03-20 07:00:00,33.5,33.8,33.3,33.4,426500
2026-03-23 07:00:00,33.5,33.5,32.5,32.6,760700
2026-03-24 07:00:00,32.8,33.7,32.8,33.2,348600
2026-03-25 07:00:00,33.2,33.7,33.2,33.6,221600
2026-03-26 07:00:00,33.6,33.6,33.0,33.2,298800
2026-03-27 07:00:00,33.2,33.5,33.2,33.4,205700
2026-03-30 07:00:00,33.4,33.4,33.0,33.3,297000
2026-03-31 07:00:00,33.2,33.6,33.2,33.4,292300
2026-04-01 07:00:00,33.4,33.7,33.4,33.5,333400
2026-04-02 07:00:00,33.6,33.6,33.0,33.2,479900
2026-04-03 07:00:00,33.1,33.5,32.9,32.9,460600
2026-04-06 07:00:00,33.1,33.2,33.0,33.0,146600
2026-04-07 07:00:00,33.1,33.3,33.0,33.2,213700
2026-04-08 07:00:00,33.2,33.6,33.1,33.6,331800
2026-04-09 07:00:00,33.6,33.6,33.2,33.3,178700
2026-04-10 07:00:00,33.3,33.5,33.2,33.3,262600
2026-04-13 07:00:00,33.3,33.5,33.2,33.3,251900
2026-04-14 07:00:00,33.3,33.7,33.3,33.5,349500
2026-04-15 07:00:00,33.6,33.7,33.4,33.5,300400
2026-04-16 07:00:00,33.5,33.5,33.4,33.4,163600
2026-04-17 07:00:00,33.5,33.6,33.3,33.4,244800
2026-04-20 07:00:00,33.4,33.7,33.4,33.5,159600
2026-04-21 07:00:00,33.6,33.6,33.3,33.4,182000
2026-04-22 07:00:00,33.5,33.5,33.3,33.5,160500
2026-04-23 07:00:00,33.4,33.6,33.3,33.5,201900
2026-04-24 07:00:00,33.4,33.5,33.0,33.2,602800
2026-04-28 07:00:00,33.3,33.5,33.1,33.3,203400
2026-04-29 07:00:00,33.3,33.4,33.1,33.4,143100
2026-05-04 07:00:00,33.4,33.6,33.2,33.4,355100
2026-05-05 07:00:00,33.4,33.5,33.2,33.3,168900
2026-05-06 07:00:00,33.3,33.6,33.3,33.6,304800
2026-05-07 07:00:00,33.6,33.7,33.5,33.6,235600
2026-05-08 07:00:00,33.7,33.7,33.4,33.5,203700
2026-05-11 07:00:00,33.5,33.7,33.5,33.6,206200
2026-05-12 07:00:00,33.6,33.7,33.5,33.6,192300
2026-05-13 07:00:00,33.6,34.8,33.6,34.7,594500
2026-05-14 07:00:00,34.7,35.2,34.5,34.8,377600
2026-05-15 07:00:00,34.8,35.1,34.2,34.3,305400
2026-05-18 07:00:00,34.5,34.7,33.9,34.6,366300
2026-05-19 07:00:00,34.7,35.8,34.6,34.9,433700
2026-05-20 07:00:00,34.9,35.2,34.1,35.0,451300
2026-05-21 07:00:00,35.0,35.3,34.6,34.7,270500
2026-05-22 07:00:00,34.9,34.9,34.3,34.7,201200
2026-05-25 07:00:00,34.7,34.9,34.4,34.6,198200
2026-05-26 07:00:00,35.0,36.2,34.8,35.4,906700
2026-05-27 07:00:00,35.6,35.6,35.0,35.2,207900
2026-05-28 07:00:00,35.2,35.2,34.7,34.8,259600
2026-05-29 07:00:00,34.8,35.5,34.8,34.8,101600
2026-06-01 07:00:00,35.0,35.2,34.7,34.8,163700
2026-06-02 07:00:00,34.9,34.9,34.4,34.6,276700
2026-06-03 07:00:00,34.6,34.6,34.4,34.6,153500
2026-06-04 07:00:00,34.5,34.8,34.5,34.7,80500
2026-06-05 07:00:00,34.7,34.9,34.6,34.7,95200
2026-06-08 07:00:00,34.6,34.8,34.3,34.6,277500
2026-06-09 07:00:00,34.6,34.6,34.4,34.5,140900
2026-06-10 07:00:00,34.4,34.6,34.3,34.5,108100
2026-06-11 07:00:00,34.5,34.6,34.4,34.6,109600
2026-06-12 07:00:00,34.5,35.1,34.5,34.8,209100
2026-06-15 07:00:00,34.8,35.0,34.6,34.7,200200
2026-06-16 07:00:00,34.8,35.0,34.6,34.8,235200
2026-06-17 07:00:00,34.9,35.3,34.8,35.2,281400
2026-06-18 07:00:00,35.3,35.6,35.3,35.4,358400
2026-06-19 07:00:00,35.4,35.6,35.3,35.4,334100
2026-06-22 07:00:00,35.4,35.6,35.3,35.3,401700
2026-06-23 07:00:00,35.2,35.5,35.1,35.2,161000
2026-06-24 07:00:00,35.2,35.2,35.0,35.1,160300
2026-06-25 07:00:00,35.2,35.3,35.0,35.0,161700
2026-06-26 07:00:00,35.0,35.1,34.8,35.0,155700
2026-06-29 07:00:00,35.1,35.3,34.8,35.1,184800
2026-06-30 07:00:00,35.2,35.3,35.0,35.2,96500
2026-07-01 07:00:00,35.2,35.3,35.0,35.1,121700
2026-07-02 07:00:00,35.1,35.2,35.0,35.2,140900
2026-07-03 07:00:00,35.2,35.2,35.0,35.2,107100
2026-07-06 07:00:00,35.2,35.3,34.9,35.1,198000
2026-07-07 07:00:00,35.0,35.1,34.9,35.0,131200
2026-07-08 07:00:00,35.0,35.1,35.0,35.1,137800
2026-07-09 07:00:00,35.1,35.1,34.9,35.1,130400
2026-07-10 07:00:00,35.1,35.2,34.8,34.9,121700
2026-07-13 07:00:00,34.9,34.9,34.4,34.7,306300
2026-07-14 07:00:00,34.8,34.8,34.6,34.7,150000
2026-07-15 07:00:00,34.8,34.9,34.5,34.6,134600
2026-07-16 07:00:00,34.7,34.7,34.2,34.5,244500
2026-07-17 07:00:00,34.5,34.7,34.3,34.6,136100
2026-07-20 07:00:00,34.7,34.7,34.3,34.4,230800
2026-07-21 07:00:00,34.5,34.5,34.2,34.4,141600
2026-07-22 07:00:00,34.4,34.4,33.8,34.0,306100
2026-07-23 07:00:00,34.0,34.2,33.6,33.9,393000
2026-07-24 07:00:00,34.3,34.3,33.7,33.9,199600
2026-07-27 07:00:00,33.9,34.5,33.8,33.9,333800
2026-07-28 07:00:00,34.1,34.1,33.8,34.1,163400
2026-07-29 07:00:00,34.0,34.1,33.7,33.9,265800
2026-07-30 07:00:00,34.0,34.2,34.0,34.2,148400
2026-07-31 07:00:00,34.3,34.7,34.3,34.4,218600
2026-08-03 07:00:00,34.5,34.7,34.4,34.7,249300
2026-08-04 07:00:00,34.7,34.8,34.5,34.7,137300
2026-08-05 07:00:00,34.7,35.1,34.7,34.9,241600
2026-08-06 07:00:00,34.9,35.0,34.7,34.8,108200
2026-08-07 07:00:00,34.8,35.4,34.7,35.2,470400
